"Date","Simple Date","Outdoor Temperature (°C)","Feels Like (°C)","Dew Point (°C)","Wind Speed (km/hr)","Wind Gust (km/hr)","Max Daily Gust (km/hr)","Wind Direction (°)","Rain Rate (mm/hr)","Event Rain (mm)","Daily Rain (mm)","Weekly Rain (mm)","Monthly Rain (mm)","Yearly Rain (mm)","Humidity (%)","Ultra-Violet Radiation Index","Solar Radiation (W/m^2)","Sensor 1 Temperature (°C)","Sensor 1 Humidity (%)","Sensor 1 Heat Index (°C)","Sensor 1 Dew Point (°C)"
2026-07-31T16:45:00+05:30,2026-07-31 16:45:00,29,33.3,23.7,0,3.5,23.8,94,0,0,0,1.5,11.2,623.1,73,2,212.9,30.4,63,34.3,22.6
2026-07-31T16:40:00+05:30,2026-07-31 16:40:00,28.9,33,23.5,0,0,23.8,102,0,0,0,1.5,11.2,623.1,73,1,187.4,30.4,63,34.3,22.6
2026-07-31T16:35:00+05:30,2026-07-31 16:35:00,29.9,35,24,0.3,3.5,23.8,94,0,0,0,1.5,11.2,623.1,71,2,245.8,30.4,63,34.3,22.6
2026-07-31T16:30:00+05:30,2026-07-31 16:30:00,28.7,32.7,23.4,0,0,23.8,84,0,0,0,1.5,11.2,623.1,73,3,347.9,30.4,63,34.3,22.6
2026-07-31T16:25:00+05:30,2026-07-31 16:25:00,28.7,32.7,23.4,0,0,23.8,101,0,0,0,1.5,11.2,623.1,73,3,311.3,30.4,63,34.3,22.6
2026-07-31T16:20:00+05:30,2026-07-31 16:20:00,28.8,33,23.7,0,0,23.8,73,0,0,0,1.5,11.2,623.1,74,1,175.5,30.4,63,34.3,22.6
2026-07-31T16:15:00+05:30,2026-07-31 16:15:00,28.4,32.1,23.3,0,0,23.8,63,0,0,0,1.5,11.2,623.1,74,3,323.6,30.3,63,34.1,22.4
2026-07-31T16:10:00+05:30,2026-07-31 16:10:00,28.2,31.9,23.4,0,1.8,23.8,73,0,0,0,1.5,11.2,623.1,75,1,202.6,30.4,62,34.1,22.3
2026-07-31T16:05:00+05:30,2026-07-31 16:05:00,28.5,32.3,23.4,0,9.3,23.8,69,0,0,0,1.5,11.2,623.1,74,1,190.1,30.4,62,34.1,22.3
2026-07-31T16:00:00+05:30,2026-07-31 16:00:00,29,32.9,23.2,0,0,23.8,76,0,0,0,1.5,11.2,623.1,71,0,91.1,30.4,62,34.1,22.3
2026-07-31T15:55:00+05:30,2026-07-31 15:55:00,28.9,32.5,22.9,0,11.1,23.8,93,0,0,0,1.5,11.2,623.1,70,0,72.5,30.4,62,34.1,22.3
2026-07-31T15:50:00+05:30,2026-07-31 15:50:00,29.3,32.9,22.7,0,13,23.8,92,0,0,0,1.5,11.2,623.1,68,1,134.9,30.4,62,34.1,22.3
2026-07-31T15:45:00+05:30,2026-07-31 15:45:00,29.6,33.7,23.1,6.4,9.3,23.8,117,0,0,0,1.5,11.2,623.1,68,2,271.7,30.4,62,34.1,22.3
2026-07-31T15:41:00+05:30,2026-07-31 15:41:00,29.4,33.2,22.9,0,9.3,23.8,75,0,0,0,1.5,11.2,623.1,68,2,301.1,30.4,62,34.1,22.3
2026-07-31T15:35:00+05:30,2026-07-31 15:35:00,29.5,33.6,23.2,6.9,11.1,23.8,71,0,0,0,1.5,11.2,623.1,69,2,234.6,30.4,63,34.3,22.6
2026-07-31T15:30:00+05:30,2026-07-31 15:30:00,29.7,33.9,23.2,2.9,5.5,23.8,84,0,0,0,1.5,11.2,623.1,68,2,279.9,30.4,63,34.3,22.6
2026-07-31T15:25:00+05:30,2026-07-31 15:25:00,29.8,34.1,23.2,0.6,9.3,23.8,86,0,0,0,1.5,11.2,623.1,68,2,267.8,30.4,63,34.3,22.6
2026-07-31T15:20:00+05:30,2026-07-31 15:20:00,30.1,34.8,23.5,5.5,13,23.8,86,0,0,0,1.5,11.2,623.1,68,3,319.4,30.4,63,34.3,22.6
2026-07-31T15:15:00+05:30,2026-07-31 15:15:00,29.7,34.1,23.4,5.5,9.3,23.8,85,0,0,0,1.5,11.2,623.1,69,2,276.4,30.3,62,33.8,22.2
2026-07-31T15:10:00+05:30,2026-07-31 15:10:00,29.7,34.1,23.4,0.6,5.5,23.8,108,0,0,0,1.5,11.2,623.1,69,2,217.3,30.3,63,34.1,22.4
2026-07-31T15:05:00+05:30,2026-07-31 15:05:00,29.7,33.9,23.2,0,16.6,23.8,63,0,0,0,1.5,11.2,623.1,68,1,201.9,30.3,63,34.1,22.4
2026-07-31T15:00:00+05:30,2026-07-31 15:00:00,30.5,35.2,23.4,7.2,13,21.9,64,0,0,0,1.5,11.2,623.1,66,3,373,30.3,63,34.1,22.4
2026-07-31T14:55:00+05:30,2026-07-31 14:55:00,30.8,36.2,23.9,8.7,16.6,21.9,133,0,0,0,1.5,11.2,623.1,67,4,445.3,30.2,63,33.9,22.4
2026-07-31T14:50:00+05:30,2026-07-31 14:50:00,31.1,36.4,23.7,0,13,21.9,89,0,0,0,1.5,11.2,623.1,65,6,641.7,30.1,63,33.7,22.3
2026-07-31T14:45:00+05:30,2026-07-31 14:45:00,30.9,35.9,23.5,0.3,11.1,21.9,88,0,0,0,1.5,11.2,623.1,65,6,629.6,30,63,33.4,22.2
2026-07-31T14:40:00+05:30,2026-07-31 14:40:00,30.4,35,23.3,0.3,9.3,21.9,127,0,0,0,1.5,11.2,623.1,66,6,641,30,63,33.4,22.2
2026-07-31T14:36:00+05:30,2026-07-31 14:36:00,30.2,34.6,23.1,9.7,20.1,21.9,77,0,0,0,1.5,11.2,623.1,66,5,515.5,30,63,33.4,22.2
2026-07-31T14:30:00+05:30,2026-07-31 14:30:00,29.9,34.1,23.1,5,11.1,21.9,120,0,0,0,1.5,11.2,623.1,67,6,676.6,30,63,33.4,22.2
2026-07-31T14:25:00+05:30,2026-07-31 14:25:00,30.2,34.6,23.1,0,7.2,20.1,68,0,0,0,1.5,11.2,623.1,66,6,717.7,30,65,33.9,22.7
2026-07-31T14:20:00+05:30,2026-07-31 14:20:00,30.8,36.2,23.9,0.3,7.2,20.1,90,0,0,0,1.5,11.2,623.1,67,3,384.6,30,65,33.9,22.7
2026-07-31T14:15:00+05:30,2026-07-31 14:15:00,30.6,35.8,23.8,0,0,20.1,74,0,0,0,1.5,11.2,623.1,67,5,538.1,29.9,65,33.7,22.6
2026-07-31T14:10:00+05:30,2026-07-31 14:10:00,30.5,35.5,23.7,4.7,9.3,20.1,81,0,0,0,1.5,11.2,623.1,67,7,774.4,29.9,66,33.8,22.8
2026-07-31T14:05:00+05:30,2026-07-31 14:05:00,29.8,34.5,23.7,0,0,20.1,73,0,0,0,1.5,11.2,623.1,70,2,257.4,29.9,65,33.7,22.6
2026-07-31T14:00:00+05:30,2026-07-31 14:00:00,29.4,33.6,23.3,6.1,9.3,20.1,76,0,0,0,1.5,11.2,623.1,70,2,258.1,29.9,65,33.7,22.6
2026-07-31T13:55:00+05:30,2026-07-31 13:55:00,30.4,35.5,23.8,1.8,9.3,20.1,97,0,0,0,1.5,11.2,623.1,68,3,315.4,29.8,65,33.4,22.5
2026-07-31T13:50:00+05:30,2026-07-31 13:50:00,30.2,35.3,23.9,0,7.2,20.1,68,0,0,0,1.5,11.2,623.1,69,8,893.4,29.7,66,33.5,22.7
2026-07-31T13:45:00+05:30,2026-07-31 13:45:00,29.5,34.1,23.7,0,9.3,20.1,93,0,0,0,1.5,11.2,623.1,71,7,781.8,29.7,66,33.5,22.7
2026-07-31T13:40:00+05:30,2026-07-31 13:40:00,30,34.8,23.7,1.4,5.5,20.1,95,0,0,0,1.5,11.2,623.1,69,3,330.8,29.6,67,33.4,22.8
2026-07-31T13:35:00+05:30,2026-07-31 13:35:00,29.9,34.8,23.8,6.1,18.3,20.1,90,0,0,0,1.5,11.2,623.1,70,4,454.2,29.6,68,33.7,23.1
2026-07-31T13:31:00+05:30,2026-07-31 13:31:00,30.1,35.6,24.3,9,11.1,20.1,74,0,0,0,1.5,11.2,623.1,71,8,908,29.5,68,33.4,22.9
2026-07-31T13:25:00+05:30,2026-07-31 13:25:00,30.3,35.7,24.2,5,13,20.1,128,0,0,0,1.5,11.2,623.1,70,7,803.2,29.4,67,33,22.6
2026-07-31T13:20:00+05:30,2026-07-31 13:20:00,29.8,35,24.2,4,5.5,20.1,43,0,0,0,1.5,11.2,623.1,72,8,832.7,29.3,68,32.9,22.7
2026-07-31T13:15:00+05:30,2026-07-31 13:15:00,29.1,33.8,24,2.1,5.5,20.1,112,0,0,0,1.5,11.2,623.1,74,9,943.8,29.2,67,32.7,22.4
2026-07-31T13:10:00+05:30,2026-07-31 13:10:00,29.2,34,24.1,0,0,20.1,103,0,0,0,1.5,11.2,623.1,74,3,328.9,29.2,67,32.7,22.4
2026-07-31T13:05:00+05:30,2026-07-31 13:05:00,29,33.5,23.9,0,3.5,20.1,58,0,0,0,1.5,11.2,623.1,74,1,185.6,29.2,67,32.7,22.4
2026-07-31T13:00:00+05:30,2026-07-31 13:00:00,28.6,32.6,23.5,0,0,20.1,66,0,0,0,1.5,11.2,623.1,74,4,502.3,29.1,67,32.4,22.3
2026-07-31T12:55:00+05:30,2026-07-31 12:55:00,28.2,31.9,23.4,2.1,3.5,20.1,71,0,0,0,1.5,11.2,623.1,75,3,403.4,29.1,68,32.6,22.6
2026-07-31T12:50:00+05:30,2026-07-31 12:50:00,28.6,32.8,23.7,2.1,7.2,20.1,128,0,0,0,1.5,11.2,623.1,75,6,660,29.1,68,32.6,22.6
2026-07-31T12:45:00+05:30,2026-07-31 12:45:00,28.1,31.9,23.7,0,0,20.1,71,0,0,0,1.5,11.2,623.1,77,4,495.4,29.1,68,32.6,22.6
2026-07-31T12:40:00+05:30,2026-07-31 12:40:00,27.5,30.6,23.3,0,7.2,20.1,71,0,0,0,1.5,11.2,623.1,78,5,530.3,29.1,68,32.6,22.6
2026-07-31T12:35:00+05:30,2026-07-31 12:35:00,27.5,30.8,23.5,0,3.5,20.1,135,0,0,0,1.5,11.2,623.1,79,3,319.3,29,68,32.4,22.5
2026-07-31T12:30:00+05:30,2026-07-31 12:30:00,27.1,30,23.4,7.6,11.1,20.1,117,0,0,0,1.5,11.2,623.1,80,2,301,29,68,32.4,22.5
2026-07-31T12:26:00+05:30,2026-07-31 12:26:00,27.6,30.8,23.2,9,14.8,20.1,87,0,0,0,1.5,11.2,623.1,77,1,157.8,29,68,32.4,22.5
2026-07-31T12:20:00+05:30,2026-07-31 12:20:00,28.2,32,23.6,5.5,18.3,20.1,71,0,0,0,1.5,11.2,623.1,76,1,123.6,29,68,32.4,22.5
2026-07-31T12:15:00+05:30,2026-07-31 12:15:00,29.6,35.3,24.7,1.8,11.1,18.3,71,0,0,0,1.5,11.2,623.1,75,1,142.9,28.9,69,32.3,22.6
2026-07-31T12:10:00+05:30,2026-07-31 12:10:00,29.1,33.8,24,0,13,18.3,78,0,0,0,1.5,11.2,623.1,74,2,298.7,28.9,69,32.3,22.6
2026-07-31T12:05:00+05:30,2026-07-31 12:05:00,29.4,34.2,24,5.5,9.3,18.3,78,0,0,0,1.5,11.2,623.1,73,4,425.3,28.8,69,32.1,22.5
2026-07-31T12:00:00+05:30,2026-07-31 12:00:00,29.6,34.6,24,1.1,9.3,18.3,149,0,0,0,1.5,11.2,623.1,72,4,414.9,28.8,69,32.1,22.5
2026-07-31T11:55:00+05:30,2026-07-31 11:55:00,29.1,33.8,24,0,9.3,18.3,69,0,0,0,1.5,11.2,623.1,74,9,994.3,28.8,69,32.1,22.5
2026-07-31T11:50:00+05:30,2026-07-31 11:50:00,28.8,33.2,23.9,0,9.3,18.3,76,0,0,0,1.5,11.2,623.1,75,10,1052.4,28.7,68,31.8,22.2
2026-07-31T11:45:00+05:30,2026-07-31 11:45:00,27.6,30.9,23.4,3.5,13,18.3,93,0,0,0,1.5,11.2,623.1,78,9,1025.1,28.7,68,31.8,22.2
2026-07-31T11:40:00+05:30,2026-07-31 11:40:00,28,31.5,23.4,6.1,9.3,18.3,121,0,0,0,1.5,11.2,623.1,76,1,139.2,28.7,68,31.8,22.2
2026-07-31T11:35:00+05:30,2026-07-31 11:35:00,28.3,31.8,23.2,10.5,14.8,18.3,102,0,0,0,1.5,11.2,623.1,74,1,123.7,28.6,68,31.6,22.1
2026-07-31T11:30:00+05:30,2026-07-31 11:30:00,28.6,32.6,23.5,0,0,18.3,87,0,0,0,1.5,11.2,623.1,74,2,206.5,28.6,68,31.6,22.1
2026-07-31T11:25:00+05:30,2026-07-31 11:25:00,28.7,32.8,23.6,2.9,9.3,18.3,53,0,0,0,1.5,11.2,623.1,74,2,297.8,28.5,68,31.3,22
2026-07-31T11:21:00+05:30,2026-07-31 11:21:00,28.8,33,23.7,0,13,18.3,46,0,0,0,1.5,11.2,623.1,74,3,327.6,28.5,68,31.3,22
2026-07-31T11:15:00+05:30,2026-07-31 11:15:00,28.5,32.3,23.4,1.1,3.5,18.3,76,0,0,0,1.5,11.2,623.1,74,5,571.1,28.4,68,31.1,21.9
2026-07-31T11:10:00+05:30,2026-07-31 11:10:00,28.5,32,22.9,2.1,11.1,18.3,71,0,0,0,1.5,11.2,623.1,72,4,470.7,28.4,68,31.1,21.9
2026-07-31T11:05:00+05:30,2026-07-31 11:05:00,28.6,32.6,23.5,0,7.2,18.3,78,0,0,0,1.5,11.2,623.1,74,5,531.3,28.3,68,30.9,21.8
2026-07-31T11:00:00+05:30,2026-07-31 11:00:00,28.4,32.1,23.3,0.3,13,18.3,106,0,0,0,1.5,11.2,623.1,74,5,514.6,28.2,68,30.8,21.7
2026-07-31T10:55:00+05:30,2026-07-31 10:55:00,28.2,31.7,23.1,0.3,11.1,18.3,87,0,0,0,1.5,11.2,623.1,74,4,456.4,28.2,68,30.8,21.7
2026-07-31T10:50:00+05:30,2026-07-31 10:50:00,28,31.4,23.1,1.4,13,18.3,106,0,0,0,1.5,11.2,623.1,75,4,416.7,28.2,69,30.9,22
2026-07-31T10:45:00+05:30,2026-07-31 10:45:00,28.4,32.1,23.3,10.5,13,18.3,93,0,0,0,1.5,11.2,623.1,74,1,183.2,28.1,69,30.7,21.9
2026-07-31T10:40:00+05:30,2026-07-31 10:40:00,28.5,32.3,23.4,1.4,5.5,18.3,77,0,0,0,1.5,11.2,623.1,74,4,473.7,28.1,69,30.7,21.9
2026-07-31T10:35:00+05:30,2026-07-31 10:35:00,28,31.4,23.1,1.1,13,16.6,80,0,0,0,1.5,11.2,623.1,75,4,475.2,28,70,30.7,22
2026-07-31T10:30:00+05:30,2026-07-31 10:30:00,28.1,31.6,23.3,6.4,13,16.6,107,0,0,0,1.5,11.2,623.1,75,5,599.8,28,70,30.7,22
2026-07-31T10:25:00+05:30,2026-07-31 10:25:00,28.1,31.6,23.3,0,3.5,16.6,63,0,0,0,1.5,11.2,623.1,75,4,484.4,27.9,70,30.4,21.9
2026-07-31T10:20:00+05:30,2026-07-31 10:20:00,28.1,31.6,23.3,0.3,1.8,16.6,112,0,0,0,1.5,11.2,623.1,75,5,592.5,27.9,70,30.4,21.9
2026-07-31T10:15:00+05:30,2026-07-31 10:15:00,27.8,31,23.1,0,11.1,16.6,77,0,0,0,1.5,11.2,623.1,76,4,476.1,27.8,70,30.2,21.8
2026-07-31T10:10:00+05:30,2026-07-31 10:10:00,27.7,30.9,23.1,5,11.1,16.6,126,0,0,0,1.5,11.2,623.1,76,3,344.6,27.8,71,30.4,22
2026-07-31T10:05:00+05:30,2026-07-31 10:05:00,27.7,31,23.3,0,3.5,16.6,77,0,0,0,1.5,11.2,623.1,77,2,263,27.8,71,30.4,22
2026-07-31T10:01:00+05:30,2026-07-31 10:01:00,27.8,31.1,23.4,6.1,14.8,16.6,75,0,0,0,1.5,11.2,623.1,77,1,204.9,27.7,71,30.3,21.9
2026-07-31T09:55:00+05:30,2026-07-31 09:55:00,27.7,31,23.3,2.9,7.2,16.6,105,0,0,0,1.5,11.2,623.1,77,5,525.2,27.7,71,30.3,21.9
2026-07-31T09:50:00+05:30,2026-07-31 09:50:00,27.7,30.9,23.1,0.6,3.5,16.6,105,0,0,0,1.5,11.2,623.1,76,2,280.1,27.6,72,30.2,22.1
2026-07-31T09:45:00+05:30,2026-07-31 09:45:00,27.6,31,23.6,0,5.5,16.6,76,0,0,0,1.5,11.2,623.1,79,4,421.1,27.6,72,30.2,22.1
2026-07-31T09:40:00+05:30,2026-07-31 09:40:00,27.5,30.8,23.5,0,13,16.6,52,0,0,0,1.5,11.2,623.1,79,6,696.8,27.5,72,29.9,22
2026-07-31T09:35:00+05:30,2026-07-31 09:35:00,27,29.7,23.2,0.6,7.2,16.6,99,0,0,0,1.5,11.2,623.1,80,4,467.4,27.5,72,29.9,22
2026-07-31T09:30:00+05:30,2026-07-31 09:30:00,27,29.7,23.2,0.6,11.1,16.6,207,0,0,0,1.5,11.2,623.1,80,4,504.9,27.5,73,30.1,22.2
2026-07-31T09:25:00+05:30,2026-07-31 09:25:00,27.4,30.7,23.8,0,9.3,16.6,85,0,0,0,1.5,11.2,623.1,81,3,349.4,27.4,73,29.8,22.1
2026-07-31T09:20:00+05:30,2026-07-31 09:20:00,26.9,29.7,23.5,0,0,16.6,74,0,0,0,1.5,11.2,623.1,82,2,255.8,27.4,73,29.8,22.1
2026-07-31T09:15:00+05:30,2026-07-31 09:15:00,26.4,27.2,23.1,0,9.3,16.6,98,0,0,0,1.5,11.2,623.1,82,3,345.6,27.3,73,29.6,22
2026-07-31T09:10:00+05:30,2026-07-31 09:10:00,26.6,27.5,23.3,0,5.5,16.6,72,0,0,0,1.5,11.2,623.1,82,2,267.9,27.3,73,29.6,22
2026-07-31T09:05:00+05:30,2026-07-31 09:05:00,26.7,29.4,23.6,0,3.5,16.6,90,0,0,0,1.5,11.2,623.1,83,3,342.8,27.2,73,29.5,21.9
2026-07-31T09:00:00+05:30,2026-07-31 09:00:00,26.4,27.2,23.1,0.3,9.3,16.6,85,0,0,0,1.5,11.2,623.1,82,2,236.3,27.2,73,29.5,21.9
2026-07-31T08:58:00+05:30,2026-07-31 08:58:00,26.4,27.3,23.3,0,9.3,16.6,59,0,0,0,1.5,11.2,623.1,83,2,303.1,27.2,73,29.5,21.9
2026-07-28T16:36:00+05:30,2026-07-28 16:36:00,28.4,32.2,23.5,1.4,11.1,31.4,76,0,0,0,1,10.7,622.6,75,2,222.1,30.2,63,33.9,22.4
2026-07-28T16:30:00+05:30,2026-07-28 16:30:00,27.8,31,23.1,0.3,9.3,31.4,83,0,0,0,1,10.7,622.6,76,1,165.7,30.2,63,33.9,22.4
2026-07-28T16:25:00+05:30,2026-07-28 16:25:00,28.5,32.3,23.4,3.5,7.2,31.4,71,0,0,0,1,10.7,622.6,74,1,133.5,30.2,63,33.9,22.4
2026-07-28T16:20:00+05:30,2026-07-28 16:20:00,28.4,32.2,23.5,6.4,11.1,31.4,91,0,0,0,1,10.7,622.6,75,2,262.8,30.2,63,33.9,22.4
2026-07-28T16:15:00+05:30,2026-07-28 16:15:00,27.8,31,23.1,0,1.8,31.4,75,0,0,0,1,10.7,622.6,76,2,272.5,30.2,62,33.7,22.1
2026-07-28T16:10:00+05:30,2026-07-28 16:10:00,27.8,31.1,23.4,2.9,9.3,31.4,84,0,0,0,1,10.7,622.6,77,1,162,30.3,62,33.8,22.2
2026-07-28T16:05:00+05:30,2026-07-28 16:05:00,28.1,31.3,22.8,4,9.3,31.4,46,0,0,0,1,10.7,622.6,73,0,29.8,30.3,62,33.8,22.2
2026-07-28T16:00:00+05:30,2026-07-28 16:00:00,28.7,32.3,22.9,10.8,14.8,31.4,85,0,0,0,1,10.7,622.6,71,0,100.8,30.3,62,33.8,22.2
2026-07-28T15:55:00+05:30,2026-07-28 15:55:00,29.4,33.4,23.1,10.5,18.3,31.4,84,0,0,0,1,10.7,622.6,69,3,358.3,30.3,62,33.8,22.2
2026-07-28T15:50:00+05:30,2026-07-28 15:50:00,28.5,31.8,22.7,4.7,18.3,31.4,102,0,0,0,1,10.7,622.6,71,1,172.4,30.4,62,34.1,22.3
2026-07-28T15:45:00+05:30,2026-07-28 15:45:00,28.5,32,22.9,2.9,5.5,31.4,337,0,0,0,1,10.7,622.6,72,1,135.9,30.4,62,34.1,22.3
2026-07-28T15:40:00+05:30,2026-07-28 15:40:00,29.1,33.2,23.3,0,11.1,31.4,78,0,0,0,1,10.7,622.6,71,0,59.1,30.4,62,34.1,22.3
2026-07-28T15:35:00+05:30,2026-07-28 15:35:00,29.2,33,22.9,1.1,7.2,31.4,137,0,0,0,1,10.7,622.6,69,4,475.1,30.4,62,34.1,22.3
2026-07-28T15:31:00+05:30,2026-07-28 15:31:00,29.1,33,23.1,6.4,13,31.4,63,0,0,0,1,10.7,622.6,70,1,177.3,30.5,63,34.5,22.7
2026-07-28T15:25:00+05:30,2026-07-28 15:25:00,29.1,33.6,23.8,1.1,18.3,31.4,74,0,0,0,1,10.7,622.6,73,1,154.3,30.5,64,34.7,22.9
2026-07-28T15:20:00+05:30,2026-07-28 15:20:00,29.2,33.6,23.6,5.5,11.1,31.4,113,0,0,0,1,10.7,622.6,72,3,356.4,30.5,64,34.7,22.9
2026-07-28T15:15:00+05:30,2026-07-28 15:15:00,30,35.3,24.2,2.9,18.3,31.4,166,0,0,0,1,10.7,622.6,71,1,189.9,30.5,64,34.7,22.9
2026-07-28T15:10:00+05:30,2026-07-28 15:10:00,29.6,34.6,24,5.5,13,31.4,38,0,0,0,1,10.7,622.6,72,5,546.7,30.4,65,34.7,23.1
2026-07-28T15:05:00+05:30,2026-07-28 15:05:00,29.5,34.7,24.4,6.4,14.8,31.4,98,0,0,0,1,10.7,622.6,74,5,609.2,30.4,65,34.7,23.1
2026-07-28T15:00:00+05:30,2026-07-28 15:00:00,29,33.9,24.3,6.4,16.6,31.4,70,0,0,0,1,10.7,622.6,76,5,606.6,30.4,65,34.7,23.1
2026-07-28T14:55:00+05:30,2026-07-28 14:55:00,28.4,32.7,24.2,11.9,23.8,31.4,120,0,0,0,1,10.7,622.6,78,4,469.9,30.4,65,34.7,23.1
2026-07-28T14:50:00+05:30,2026-07-28 14:50:00,28.2,32.2,23.8,12.2,14.8,31.4,126,0,0,0,1,10.7,622.6,77,2,302.1,30.5,65,35,23.2
2026-07-28T14:45:00+05:30,2026-07-28 14:45:00,28.5,32.8,24.1,6.1,16.6,31.4,54,0,0,0,1,10.7,622.6,77,3,313.1,30.5,66,35.2,23.4
2026-07-28T14:40:00+05:30,2026-07-28 14:40:00,29.1,34.2,24.4,2.1,5.5,31.4,80,0,0,0,1,10.7,622.6,76,1,189.4,30.4,66,35,23.3
2026-07-28T14:35:00+05:30,2026-07-28 14:35:00,28.7,33.6,24.5,0.3,16.6,31.4,65,0,0,0,1,10.7,622.6,78,5,614.9,30.4,67,35.2,23.6
2026-07-28T14:30:00+05:30,2026-07-28 14:30:00,28,32.1,24.2,0,14.8,31.4,99,0,0,0,1,10.7,622.6,80,6,657.3,30.3,67,34.9,23.4
2026-07-28T14:25:00+05:30,2026-07-28 14:25:00,27.9,32.1,24.5,1.1,3.5,31.4,115,0,0,0,1,10.7,622.6,82,6,711.8,30.2,67,34.8,23.4
2026-07-28T14:20:00+05:30,2026-07-28 14:20:00,27.1,30.7,24.6,0,3.5,31.4,58,0,0,0,1,10.7,622.6,86,5,610.9,30.2,66,34.6,23.2
2026-07-28T14:15:00+05:30,2026-07-28 14:15:00,26.3,27.4,24.9,0,3.5,31.4,73,0,0,0,1,10.7,622.6,92,7,732,30.2,65,34.4,22.9
2026-07-28T14:10:00+05:30,2026-07-28 14:10:00,27.5,31.4,24.5,5.5,18.3,31.4,107,0,0,0,1,10.7,622.6,84,1,143.4,30.2,63,33.9,22.4
2026-07-28T14:05:00+05:30,2026-07-28 14:05:00,28.2,32.2,23.8,1.1,11.1,31.4,117,0,0,0,1,10.7,622.6,77,0,99.3,30.2,62,33.7,22.1
2026-07-28T14:00:00+05:30,2026-07-28 14:00:00,28.9,32.9,23.3,1.4,14.8,31.4,163,0,0,0,1,10.7,622.6,72,0,72.7,30.3,62,33.8,22.2
2026-07-28T13:55:00+05:30,2026-07-28 13:55:00,29.6,34.1,23.5,5.5,13,31.4,97,0,0,0,1,10.7,622.6,70,1,127.8,30.2,62,33.7,22.1
2026-07-28T13:50:00+05:30,2026-07-28 13:50:00,29.7,34.1,23.4,0.6,5.5,31.4,94,0,0,0,1,10.7,622.6,69,1,157.6,30.2,62,33.7,22.1
2026-07-28T13:45:00+05:30,2026-07-28 13:45:00,30.4,35,23.3,0,13,31.4,124,0,0,0,1,10.7,622.6,66,2,219.8,30.2,62,33.7,22.1
2026-07-28T13:40:00+05:30,2026-07-28 13:40:00,30.3,34.7,23.2,1.4,14.8,31.4,89,0,0,0,1,10.7,622.6,66,1,202.1,30.1,62,33.4,22
2026-07-28T13:35:00+05:30,2026-07-28 13:35:00,30,34.1,22.9,4.3,11.1,31.4,79,0,0,0,1,10.7,622.6,66,8,840.3,30.1,63,33.7,22.3
2026-07-28T13:30:00+05:30,2026-07-28 13:30:00,30.6,35.5,23.5,8.7,14.8,31.4,109,0,0,0,1,10.7,622.6,66,2,215.2,30,62,33.2,21.9
2026-07-28T13:25:00+05:30,2026-07-28 13:25:00,30.3,34.7,23.2,4,21.9,31.4,63,0,0,0,1,10.7,622.6,66,8,830.2,29.9,63,33.2,22.1
2026-07-28T13:20:00+05:30,2026-07-28 13:20:00,30.1,34.4,23,6.4,14.8,31.4,90,0,0,0,1,10.7,622.6,66,8,876.6,29.9,63,33.2,22.1
2026-07-28T13:15:00+05:30,2026-07-28 13:15:00,29.8,34.3,23.5,3.5,13,31.4,20,0,0,0,1,10.7,622.6,69,8,821.4,29.8,63,33,21.9
2026-07-28T13:10:00+05:30,2026-07-28 13:10:00,30.2,34.8,23.4,3.2,13,31.4,135,0,0,0,1,10.7,622.6,67,8,827.3,29.8,63,33,21.9
2026-07-28T13:06:00+05:30,2026-07-28 13:06:00,29.7,33.9,23.2,6.1,13,31.4,149,0,0,0,1,10.7,622.6,68,8,831.4,29.7,64,33.1,22.2
2026-07-28T13:00:00+05:30,2026-07-28 13:00:00,29.8,34.3,23.5,4.3,18.3,31.4,113,0,0,0,1,10.7,622.6,69,5,551.2,29.6,63,32.7,21.8
2026-07-28T12:55:00+05:30,2026-07-28 12:55:00,29.7,33.9,23.2,13,21.9,31.4,123,0,0,0,1,10.7,622.6,68,8,900.2,29.5,64,32.7,21.9
2026-07-28T12:50:00+05:30,2026-07-28 12:50:00,29.6,33.9,23.3,10.5,18.3,31.4,132,0,0,0,1,10.7,622.6,69,2,258.4,29.5,64,32.7,21.9
2026-07-28T12:45:00+05:30,2026-07-28 12:45:00,29.1,32.8,22.8,6.1,11.1,31.4,82,0,0,0,1,10.7,622.6,69,9,928.7,29.4,64,32.4,21.8
2026-07-28T12:40:00+05:30,2026-07-28 12:40:00,28.9,32.7,23.1,6.1,25.6,31.4,122,0,0,0,1,10.7,622.6,71,2,266.1,29.4,64,32.4,21.8
2026-07-27T16:35:00+05:30,2026-07-27 16:35:00,29.2,33,22.9,6.1,11.1,25.6,105,0,0,0,1,10.7,622.6,69,1,204.9,30.9,59,34.4,21.9
2026-07-27T16:30:00+05:30,2026-07-27 16:30:00,29.5,33.4,23,5.5,20.1,25.6,77,0,0,0,1,10.7,622.6,68,2,225,31,58,34.3,21.7
2026-07-27T16:25:00+05:30,2026-07-27 16:25:00,29.5,33.2,22.7,11.1,16.6,25.6,79,0,0,0,1,10.7,622.6,67,2,232.7,31,59,34.6,22.1
2026-07-27T16:21:00+05:30,2026-07-27 16:21:00,29.5,33.2,22.7,1.8,18.3,25.6,69,0,0,0,1,10.7,622.6,67,2,269,31,59,34.6,22.1
2026-07-27T16:15:00+05:30,2026-07-27 16:15:00,30.1,34.4,23,5,7.2,25.6,68,0,0,0,1,10.7,622.6,66,2,298.3,31,59,34.6,22.1
2026-07-27T16:10:00+05:30,2026-07-27 16:10:00,29.8,33.6,22.7,8.7,14.8,25.6,96,0,0,0,1,10.7,622.6,66,2,287.8,31,59,34.6,22.1
2026-07-27T16:05:00+05:30,2026-07-27 16:05:00,29.9,34.3,23.3,7.6,20.1,25.6,89,0,0,0,1,10.7,622.6,68,3,331.4,31,59,34.6,22.1
2026-07-27T16:00:00+05:30,2026-07-27 16:00:00,29.9,34.1,23.1,5,7.2,25.6,68,0,0,0,1,10.7,622.6,67,3,371.5,31,59,34.6,22.1
2026-07-27T15:55:00+05:30,2026-07-27 15:55:00,30.5,35,23.2,14.8,20.1,25.6,106,0,0,0,1,10.7,622.6,65,3,382.8,31.1,60,35.1,22.4
2026-07-27T15:50:00+05:30,2026-07-27 15:50:00,30.3,34.7,23.2,4,7.2,25.6,68,0,0,0,1,10.7,622.6,66,1,148.6,31.1,60,35.1,22.4
2026-07-27T15:45:00+05:30,2026-07-27 15:45:00,30.3,34.7,23.2,7.9,21.9,25.6,140,0,0,0,1,10.7,622.6,66,4,420,31.1,60,35.1,22.4
2026-07-27T15:40:00+05:30,2026-07-27 15:40:00,30.8,35.6,23.4,8.7,16.6,25.6,97,0,0,0,1,10.7,622.6,65,4,434.1,31.1,61,35.3,22.7
2026-07-27T15:35:00+05:30,2026-07-27 15:35:00,30.1,35.1,23.8,4.7,14.8,25.6,74,0,0,0,1,10.7,622.6,69,2,213.1,31,60,34.8,22.3
2026-07-27T15:30:00+05:30,2026-07-27 15:30:00,30.1,34.8,23.5,4.7,16.6,25.6,62,0,0,0,1,10.7,622.6,68,4,488.1,31,60,34.8,22.3
2026-07-27T15:25:00+05:30,2026-07-27 15:25:00,30.3,35,23.5,5.5,11.1,25.6,88,0,0,0,1,10.7,622.6,67,4,478.5,31,60,34.8,22.3
2026-07-27T15:20:00+05:30,2026-07-27 15:20:00,30.4,35,23.3,5,9.3,25.6,68,0,0,0,1,10.7,622.6,66,5,519.4,30.9,60,34.6,22.2
2026-07-27T15:16:00+05:30,2026-07-27 15:16:00,29.9,34.3,23.3,0,13,25.6,69,0,0,0,1,10.7,622.6,68,5,557.3,30.9,60,34.6,22.2
2026-07-27T15:10:00+05:30,2026-07-27 15:10:00,30.2,35.1,23.6,0.6,9.3,23.8,141,0,0,0,1,10.7,622.6,68,4,455.1,30.9,60,34.6,22.2
2026-07-27T15:05:00+05:30,2026-07-27 15:05:00,29.8,34.3,23.5,3.2,18.3,23.8,96,0,0,0,1,10.7,622.6,69,2,272.1,30.9,60,34.6,22.2
2026-07-27T15:00:00+05:30,2026-07-27 15:00:00,30.2,35.1,23.6,2.9,16.6,23.8,62,0,0,0,1,10.7,622.6,68,3,323.2,30.9,60,34.6,22.2
2026-07-27T14:57:00+05:30,2026-07-27 14:57:00,30.6,35.8,23.8,7.9,18.3,23.8,177,0,0,0,1,10.7,622.6,67,6,673.1,30.9,60,34.6,22.2
2026-07-24T16:46:00+05:30,2026-07-24 16:46:00,30.7,35.2,23.1,0,7.2,21.9,69,0,0,0,0.5,9.7,621.5,64,1,152.4,32.3,57,36.8,22.7
2026-07-24T16:40:00+05:30,2026-07-24 16:40:00,30.8,35.4,23.2,0,3.5,21.9,76,0,0,0,0.5,9.7,621.5,64,1,162.6,32.3,56,36.5,22.3
2026-07-24T16:35:00+05:30,2026-07-24 16:35:00,30.7,35.2,23.1,0,1.8,21.9,74,0,0,0,0.5,9.7,621.5,64,1,177.3,32.3,56,36.5,22.3
2026-07-24T16:30:00+05:30,2026-07-24 16:30:00,30.4,34.5,22.8,1.4,9.3,21.9,128,0,0,0,0.5,9.7,621.5,64,1,196.9,32.3,56,36.5,22.3
2026-07-24T16:25:00+05:30,2026-07-24 16:25:00,30.4,34.7,23.1,2.1,9.3,21.9,79,0,0,0,0.5,9.7,621.5,65,2,210.2,32.4,56,36.8,22.4
2026-07-24T16:20:00+05:30,2026-07-24 16:20:00,30.7,35.2,23.1,3.5,9.3,21.9,100,0,0,0,0.5,9.7,621.5,64,2,231.1,32.4,56,36.8,22.4
2026-07-24T16:15:00+05:30,2026-07-24 16:15:00,30.6,35,23,2.1,9.3,21.9,105,0,0,0,0.5,9.7,621.5,64,2,246.5,32.4,56,36.8,22.4
2026-07-24T16:10:00+05:30,2026-07-24 16:10:00,30.7,35.2,23.1,1.1,9.3,21.9,92,0,0,0,0.5,9.7,621.5,64,2,261.5,32.4,56,36.8,22.4
2026-07-24T16:05:00+05:30,2026-07-24 16:05:00,30.9,35.9,23.5,0,13,21.9,66,0,0,0,0.5,9.7,621.5,65,2,285,32.5,56,37,22.6
2026-07-24T16:00:00+05:30,2026-07-24 16:00:00,31.2,36.1,23.3,0.6,7.2,21.9,78,0,0,0,0.5,9.7,621.5,63,2,302.7,32.5,57,37.3,22.8
2026-07-24T15:55:00+05:30,2026-07-24 15:55:00,30.8,35.6,23.4,4.7,11.1,21.9,72,0,0,0,0.5,9.7,621.5,65,3,310,32.4,57,37.1,22.8
2026-07-24T15:50:00+05:30,2026-07-24 15:50:00,31.1,36.4,23.7,2.1,9.3,21.9,87,0,0,0,0.5,9.7,621.5,65,3,333.4,32.4,57,37.1,22.8
2026-07-24T15:45:00+05:30,2026-07-24 15:45:00,30.5,35,23.2,0,14.8,21.9,68,0,0,0,0.5,9.7,621.5,65,3,354.6,32.4,56,36.8,22.4
2026-07-24T15:41:00+05:30,2026-07-24 15:41:00,31.1,36.1,23.5,0,13,21.9,110,0,0,0,0.5,9.7,621.5,64,3,367.9,32.3,56,36.5,22.3
2026-07-24T15:35:00+05:30,2026-07-24 15:35:00,30.7,35.5,23.4,1.4,9.3,21.9,72,0,0,0,0.5,9.7,621.5,65,3,388.7,32.3,56,36.5,22.3
2026-07-24T15:30:00+05:30,2026-07-24 15:30:00,31.4,36.2,23.2,6.4,9.3,21.9,84,0,0,0,0.5,9.7,621.5,62,4,412.4,32.3,56,36.5,22.3
2026-07-24T15:25:00+05:30,2026-07-24 15:25:00,31.7,36.7,23.3,2.1,13,21.9,108,0,0,0,0.5,9.7,621.5,61,4,427.2,32.2,56,36.4,22.3
2026-07-24T15:20:00+05:30,2026-07-24 15:20:00,31.6,35.9,22.6,0.3,5.5,21.9,58,0,0,0,0.5,9.7,621.5,59,4,443.8,32.2,56,36.4,22.3
2026-07-24T15:15:00+05:30,2026-07-24 15:15:00,31.3,36.3,23.4,2.1,21.9,21.9,71,0,0,0,0.5,9.7,621.5,63,4,465.1,32.2,55,36.1,22
2026-07-24T15:10:00+05:30,2026-07-24 15:10:00,31,35.4,22.8,7.2,13,20.1,125,0,0,0,0.5,9.7,621.5,62,4,485.6,32.2,55,36.1,22
2026-07-24T15:05:00+05:30,2026-07-24 15:05:00,31.5,35.9,22.8,8.7,13,20.1,115,0,0,0,0.5,9.7,621.5,60,4,498.6,32.1,55,35.9,21.9
2026-07-24T15:00:00+05:30,2026-07-24 15:00:00,31.3,35.7,22.8,4.7,16.6,20.1,88,0,0,0,0.5,9.7,621.5,61,5,518,32.1,55,35.9,21.9
2026-07-24T14:55:00+05:30,2026-07-24 14:55:00,32,36.8,23,2.6,13,20.1,74,0,0,0,0.5,9.7,621.5,59,5,526,32,56,35.9,22.1
2026-07-24T14:50:00+05:30,2026-07-24 14:50:00,31.7,35.9,22.4,7.9,13,20.1,130,0,0,0,0.5,9.7,621.5,58,5,546.4,31.9,55,35.4,21.7
2026-07-24T14:45:00+05:30,2026-07-24 14:45:00,31.9,36,22.3,4.7,14.8,20.1,60,0,0,0,0.5,9.7,621.5,57,5,565,31.9,56,35.7,22
2026-07-24T14:40:00+05:30,2026-07-24 14:40:00,32.2,37,22.9,3.5,5.5,20.1,78,0,0,0,0.5,9.7,621.5,58,5,585.9,31.8,56,35.4,21.9
2026-07-24T14:36:00+05:30,2026-07-24 14:36:00,32.3,36.5,22.4,0.6,3.5,20.1,72,0,0,0,0.5,9.7,621.5,56,5,595.2,31.8,56,35.4,21.9
2026-07-24T14:30:00+05:30,2026-07-24 14:30:00,32,35.6,21.8,0.3,5.5,20.1,106,0,0,0,0.5,9.7,621.5,55,6,620.1,31.7,55,35.1,21.6
2026-07-24T14:25:00+05:30,2026-07-24 14:25:00,31.3,34.9,22,0,13,20.1,74,0,0,0,0.5,9.7,621.5,58,6,640.9,31.7,56,35.3,21.8
2026-07-24T14:20:00+05:30,2026-07-24 14:20:00,31.7,36.1,22.7,6.1,9.3,20.1,66,0,0,0,0.5,9.7,621.5,59,6,658.4,31.6,57,35.4,22.1
2026-07-24T14:15:00+05:30,2026-07-24 14:15:00,31.3,35.2,22.3,2.1,20.1,20.1,112,0,0,0,0.5,9.7,621.5,59,6,657.4,31.6,57,35.4,22.1
2026-07-24T14:10:00+05:30,2026-07-24 14:10:00,31.7,36.4,23,4.7,11.1,20.1,91,0,0,0,0.5,9.7,621.5,60,6,681.8,31.6,58,35.6,22.3
2026-07-24T14:05:00+05:30,2026-07-24 14:05:00,31.3,35.7,22.8,1.4,5.5,20.1,60,0,0,0,0.5,9.7,621.5,61,6,689.1,31.5,59,35.7,22.5
2026-07-24T14:00:00+05:30,2026-07-24 14:00:00,31.1,35.9,23.2,0,14.8,20.1,62,0,0,0,0.5,9.7,621.5,63,6,688.7,31.5,59,35.7,22.5
2026-07-24T13:55:00+05:30,2026-07-24 13:55:00,31.4,36.5,23.5,8.7,16.6,20.1,106,0,0,0,0.5,9.7,621.5,63,6,699.1,31.3,59,35.2,22.3
2026-07-24T13:50:00+05:30,2026-07-24 13:50:00,31.1,35.9,23.2,0.3,11.1,20.1,55,0,0,0,0.5,9.7,621.5,63,6,713.5,31.3,59,35.2,22.3
2026-07-24T13:45:00+05:30,2026-07-24 13:45:00,31.4,36.2,23.2,2.9,9.3,20.1,94,0,0,0,0.5,9.7,621.5,62,7,740.7,31.3,60,35.4,22.6
2026-07-24T13:40:00+05:30,2026-07-24 13:40:00,31.3,36.5,23.6,3.2,9.3,20.1,79,0,0,0,0.5,9.7,621.5,64,7,732.8,31.2,59,35.1,22.2
2026-07-24T13:35:00+05:30,2026-07-24 13:35:00,30.9,35.4,23,2.1,18.3,20.1,29,0,0,0,0.5,9.7,621.5,63,7,742.1,31.1,59,34.8,22.1
2026-07-24T13:30:00+05:30,2026-07-24 13:30:00,30.6,35,23,2.9,14.8,20.1,71,0,0,0,0.5,9.7,621.5,64,7,771,31.1,59,34.8,22.1
2026-07-24T13:25:00+05:30,2026-07-24 13:25:00,31,35.1,22.6,2.9,13,20.1,67,0,0,0,0.5,9.7,621.5,61,7,767.4,31.1,60,35.1,22.4
2026-07-24T13:20:00+05:30,2026-07-24 13:20:00,31,35.4,22.8,6.1,14.8,20.1,105,0,0,0,0.5,9.7,621.5,62,7,794.9,31,61,35.1,22.6
2026-07-24T13:16:00+05:30,2026-07-24 13:16:00,31.1,36.7,24,5.8,13,20.1,99,0,0,0,0.5,9.7,621.5,66,1,151.2,30.9,61,34.8,22.5
2026-07-24T13:10:00+05:30,2026-07-24 13:10:00,31.5,37.1,23.8,9,11.1,20.1,197,0,0,0,0.5,9.7,621.5,64,7,819.6,30.8,61,34.6,22.4
2026-07-24T13:05:00+05:30,2026-07-24 13:05:00,31.1,36.7,24,15.4,20.1,20.1,88,0,0,0,0.5,9.7,621.5,66,8,821,30.7,61,34.5,22.3
2026-07-24T13:00:00+05:30,2026-07-24 13:00:00,30.7,35.8,23.6,7.2,11.1,20.1,110,0,0,0,0.5,9.7,621.5,66,8,863.5,30.7,61,34.5,22.3
2026-07-24T12:55:00+05:30,2026-07-24 12:55:00,30.4,34.7,23.1,5,9.3,20.1,89,0,0,0,0.5,9.7,621.5,65,8,892.8,30.6,60,34.1,21.9
2026-07-24T12:50:00+05:30,2026-07-24 12:50:00,30.4,34.7,23.1,5.5,9.3,20.1,75,0,0,0,0.5,9.7,621.5,65,2,294.6,30.6,60,34.1,21.9
2026-07-24T12:45:00+05:30,2026-07-24 12:45:00,30.4,34.7,23.1,8.2,20.1,20.1,100,0,0,0,0.5,9.7,621.5,65,8,845.4,30.5,61,34.1,22.1
2026-07-24T12:40:00+05:30,2026-07-24 12:40:00,30.6,35,23,5.5,11.1,20.1,82,0,0,0,0.5,9.7,621.5,64,8,909.1,30.5,61,34.1,22.1
2026-07-24T12:35:00+05:30,2026-07-24 12:35:00,31.4,36.2,23.2,0,3.5,20.1,103,0,0,0,0.5,9.7,621.5,62,5,566.6,30.4,60,33.6,21.7
2026-07-24T12:30:00+05:30,2026-07-24 12:30:00,30.2,34.6,23.1,9.7,13,20.1,59,0,0,0,0.5,9.7,621.5,66,8,901.5,30.4,60,33.6,21.7
2026-07-24T12:25:00+05:30,2026-07-24 12:25:00,31.3,36.3,23.4,1.1,11.1,20.1,64,0,0,0,0.5,9.7,621.5,63,8,868,30.3,61,33.6,21.9
2026-07-24T12:20:00+05:30,2026-07-24 12:20:00,30.6,35,23,9.3,18.3,20.1,88,0,0,0,0.5,9.7,621.5,64,8,861.5,30.2,61,33.5,21.8
2026-07-24T12:15:00+05:30,2026-07-24 12:15:00,31.1,35.6,23,4,11.1,20.1,80,0,0,0,0.5,9.7,621.5,62,8,889.9,30.2,61,33.5,21.8
2026-07-24T12:11:00+05:30,2026-07-24 12:11:00,31,35.4,22.8,4,9.3,20.1,66,0,0,0,0.5,9.7,621.5,62,8,868,30.1,62,33.4,22
2026-07-24T12:05:00+05:30,2026-07-24 12:05:00,30.8,35.6,23.4,2.6,7.2,20.1,92,0,0,0,0.5,9.7,621.5,65,8,860.6,30,62,33.2,21.9
2026-07-24T12:00:00+05:30,2026-07-24 12:00:00,31.1,36.4,23.7,10.1,16.6,20.1,104,0,0,0,0.5,9.7,621.5,65,8,878.8,29.9,62,33,21.8
2026-07-24T11:55:00+05:30,2026-07-24 11:55:00,30,33.9,22.7,0,7.2,20.1,84,0,0,0,0.5,9.7,621.5,65,5,559.5,29.8,62,32.8,21.7
2026-07-24T11:50:00+05:30,2026-07-24 11:50:00,30.4,34.5,22.8,7.2,11.1,20.1,89,0,0,0,0.5,9.7,621.5,64,8,891.8,29.7,62,32.7,21.7
2026-07-24T11:45:00+05:30,2026-07-24 11:45:00,30.2,34.4,22.9,4,7.2,20.1,117,0,0,0,0.5,9.7,621.5,65,8,857.8,29.6,62,32.5,21.6
2026-07-24T11:40:00+05:30,2026-07-24 11:40:00,30.2,34.1,22.6,1.4,9.3,20.1,98,0,0,0,0.5,9.7,621.5,64,8,854.4,29.5,61,32.1,21.2
2026-07-24T11:35:00+05:30,2026-07-24 11:35:00,30,33.7,22.4,7.2,13,20.1,97,0,0,0,0.5,9.7,621.5,64,8,904.9,29.5,62,32.3,21.4
2026-07-24T11:30:00+05:30,2026-07-24 11:30:00,29.9,33.6,22.6,2.6,11.1,20.1,63,0,0,0,0.5,9.7,621.5,65,8,876.9,29.4,62,32.1,21.3
2026-07-24T11:25:00+05:30,2026-07-24 11:25:00,29.7,33.5,22.7,0.3,9.3,20.1,53,0,0,0,0.5,9.7,621.5,66,3,324.3,29.3,62,31.8,21.2
2026-07-24T11:20:00+05:30,2026-07-24 11:20:00,30.1,34.1,22.8,5,11.1,20.1,81,0,0,0,0.5,9.7,621.5,65,3,322.6,29.2,63,31.9,21.4
2026-07-24T11:15:00+05:30,2026-07-24 11:15:00,30.3,34.3,22.7,0,1.8,20.1,53,0,0,0,0.5,9.7,621.5,64,8,878,29.1,63,31.7,21.3
2026-07-24T11:10:00+05:30,2026-07-24 11:10:00,30.3,34.3,22.7,0,3.5,20.1,94,0,0,0,0.5,9.7,621.5,64,1,171.3,29.1,63,31.7,21.3
2026-07-24T11:06:00+05:30,2026-07-24 11:06:00,30.5,34.7,22.9,3.2,11.1,20.1,74,0,0,0,0.5,9.7,621.5,64,8,881.9,29,63,31.5,21.2
2026-07-24T11:00:00+05:30,2026-07-24 11:00:00,29.3,32.6,22.3,0,7.2,20.1,71,0,0,0,0.5,9.7,621.5,66,8,885.7,28.9,63,31.3,21.1
2026-07-24T10:55:00+05:30,2026-07-24 10:55:00,29.3,32.6,22.3,6.1,11.1,20.1,69,0,0,0,0.5,9.7,621.5,66,8,840.8,28.9,63,31.3,21.1
2026-07-24T10:50:00+05:30,2026-07-24 10:50:00,28.9,32.1,22.4,7.2,14.8,20.1,120,0,0,0,0.5,9.7,621.5,68,7,817.9,28.8,64,31.3,21.3
2026-07-24T10:45:00+05:30,2026-07-24 10:45:00,29,32.5,22.7,11.6,14.8,20.1,69,0,0,0,0.5,9.7,621.5,69,8,824.6,28.8,64,31.3,21.3
2026-07-24T10:40:00+05:30,2026-07-24 10:40:00,29.1,32.8,22.8,2.9,14.8,20.1,80,0,0,0,0.5,9.7,621.5,69,8,853.2,28.7,64,31.2,21.2
2026-07-24T10:35:00+05:30,2026-07-24 10:35:00,28.9,32.3,22.6,7.9,13,20.1,63,0,0,0,0.5,9.7,621.5,69,7,818.9,28.7,64,31.2,21.2
2026-07-24T10:30:00+05:30,2026-07-24 10:30:00,29.4,33.2,22.9,4.7,11.1,20.1,60,0,0,0,0.5,9.7,621.5,68,3,314.5,28.6,64,30.9,21.1
2026-07-24T10:25:00+05:30,2026-07-24 10:25:00,28.8,32.1,22.5,3.5,11.1,20.1,79,0,0,0,0.5,9.7,621.5,69,8,825,28.6,64,30.9,21.1
2026-07-24T10:20:00+05:30,2026-07-24 10:20:00,28.7,31.8,22.2,13,14.8,20.1,100,0,0,0,0.5,9.7,621.5,68,8,835.1,28.5,64,30.8,21
2026-07-24T10:15:00+05:30,2026-07-24 10:15:00,28.9,32.1,22.4,6.4,11.1,20.1,54,0,0,0,0.5,9.7,621.5,68,7,819.8,28.5,64,30.8,21
2026-07-24T10:10:00+05:30,2026-07-24 10:10:00,29,32.2,22.2,13.4,20.1,20.1,60,0,0,0,0.5,9.7,621.5,67,8,821.9,28.4,64,30.6,20.9
2026-07-24T10:05:00+05:30,2026-07-24 10:05:00,28.3,31.2,22.3,2.9,9.3,18.3,87,0,0,0,0.5,9.7,621.5,70,7,757.3,28.4,65,30.7,21.2
2026-07-24T10:00:00+05:30,2026-07-24 10:00:00,28.4,31.4,22.4,4,13,18.3,70,0,0,0,0.5,9.7,621.5,70,7,724.9,28.4,65,30.7,21.2
2026-07-24T09:55:00+05:30,2026-07-24 09:55:00,28.3,31.4,22.5,0,7.2,18.3,117,0,0,0,0.5,9.7,621.5,71,6,715.9,28.3,65,30.5,21.1
2026-07-24T09:50:00+05:30,2026-07-24 09:50:00,28.1,31,22.3,2.1,9.3,18.3,101,0,0,0,0.5,9.7,621.5,71,7,758.1,28.3,65,30.5,21.1
2026-07-24T09:45:00+05:30,2026-07-24 09:45:00,28,30.9,22.5,9.7,18.3,18.3,101,0,0,0,0.5,9.7,621.5,72,7,731.8,28.2,66,30.6,21.3
2026-07-24T09:40:00+05:30,2026-07-24 09:40:00,28.3,31.4,22.5,1.8,7.2,14.8,114,0,0,0,0.5,9.7,621.5,71,1,194.3,28.2,66,30.6,21.3
2026-07-24T09:35:00+05:30,2026-07-24 09:35:00,28.3,31.4,22.5,7.2,9.3,14.8,99,0,0,0,0.5,9.7,621.5,71,6,715.3,28.2,66,30.6,21.3
2026-07-24T09:30:00+05:30,2026-07-24 09:30:00,27.4,29.9,22.3,4,13,14.8,101,0,0,0,0.5,9.7,621.5,74,2,260.5,28.1,66,30.3,21.2
2026-07-24T09:25:00+05:30,2026-07-24 09:25:00,27.1,29.5,22.3,5,9.3,14.8,80,0,0,0,0.5,9.7,621.5,75,5,583.4,28.1,66,30.3,21.2
2026-07-24T09:20:00+05:30,2026-07-24 09:20:00,27.3,29.8,22.4,1.1,9.3,14.8,95,0,0,0,0.5,9.7,621.5,75,1,117.4,28.1,66,30.3,21.2
2026-07-24T09:15:00+05:30,2026-07-24 09:15:00,28,30.9,22.5,0,0,14.8,72,0,0,0,0.5,9.7,621.5,72,1,186.1,28,66,30.2,21.1
2026-07-24T09:10:00+05:30,2026-07-24 09:10:00,27.8,30.6,22.5,0,5.5,14.8,79,0,0,0,0.5,9.7,621.5,73,6,628.5,28,66,30.2,21.1
2026-07-24T09:05:00+05:30,2026-07-24 09:05:00,26.8,28.9,22.2,0,11.1,14.8,72,0,0,0,0.5,9.7,621.5,76,6,651.8,27.9,67,30.1,21.2
2026-07-24T09:00:00+05:30,2026-07-24 09:00:00,27,29.4,22.4,1.4,7.2,14.8,70,0,0,0,0.5,9.7,621.5,76,1,192.7,27.9,66,29.9,20.9
2026-07-24T08:55:00+05:30,2026-07-24 08:55:00,26.9,29.2,22.5,0.3,1.8,14.8,56,0,0,0,0.5,9.7,621.5,77,1,201.7,27.9,66,29.9,20.9
2026-07-24T08:50:00+05:30,2026-07-24 08:50:00,27.1,29.7,22.7,4,7.2,14.8,88,0,0,0,0.5,9.7,621.5,77,1,157.7,27.9,66,29.9,20.9
2026-07-24T08:45:00+05:30,2026-07-24 08:45:00,26.9,29.2,22.5,6.9,13,14.8,110,0,0,0,0.5,9.7,621.5,77,2,207.1,27.8,66,29.8,20.8
2026-07-24T08:41:00+05:30,2026-07-24 08:41:00,26.4,27.1,22.2,4.3,7.2,14.8,112,0,0,0,0.5,9.7,621.5,78,1,149.6,27.8,66,29.8,20.8
2026-07-24T08:35:00+05:30,2026-07-24 08:35:00,26.3,27.1,22.5,2.9,7.2,14.8,83,0,0,0,0.5,9.7,621.5,80,1,151.8,27.8,66,29.8,20.8
2026-07-24T08:30:00+05:30,2026-07-24 08:30:00,26.4,27.2,22.7,1.1,7.2,14.8,54,0,0,0,0.5,9.7,621.5,80,1,135.9,27.8,66,29.8,20.8
2026-07-24T08:25:00+05:30,2026-07-24 08:25:00,26.1,26.8,22.2,0.3,7.2,14.8,59,0,0,0,0.5,9.7,621.5,79,4,440,27.8,66,29.8,20.8
2026-07-24T08:20:00+05:30,2026-07-24 08:20:00,25.8,26.5,22.1,0,14.8,14.8,77,0,0,0,0.5,9.7,621.5,80,4,438.6,27.8,66,29.8,20.8
2026-07-24T08:15:00+05:30,2026-07-24 08:15:00,26.6,27.4,22.4,5.5,9.3,11.1,95,0,0,0,0.5,9.7,621.5,78,1,169.3,27.7,66,29.7,20.8
2026-07-24T08:10:00+05:30,2026-07-24 08:10:00,26.5,27.3,22.6,0.6,7.2,11.1,96,0,0,0,0.5,9.7,621.5,79,3,338.4,27.7,66,29.7,20.8
2026-07-24T08:05:00+05:30,2026-07-24 08:05:00,26.2,27,22.3,0,3.5,11.1,70,0,0,0,0.5,9.7,621.5,79,3,344,27.7,66,29.7,20.8
2026-07-24T08:00:00+05:30,2026-07-24 08:00:00,26,26.7,22.3,2.1,7.2,11.1,94,0,0,0,0.5,9.7,621.5,80,3,328.5,27.7,66,29.7,20.8
2026-07-24T07:55:00+05:30,2026-07-24 07:55:00,26.3,27,22.3,0,0,11.1,86,0,0,0,0.5,9.7,621.5,79,3,309.3,27.7,65,29.6,20.6
2026-07-24T07:50:00+05:30,2026-07-24 07:50:00,26.4,27.2,22.7,0,0,11.1,76,0,0,0,0.5,9.7,621.5,80,2,294.4,27.7,66,29.7,20.8
2026-07-24T07:45:00+05:30,2026-07-24 07:45:00,26.3,27,22.3,0,0,11.1,77,0,0,0,0.5,9.7,621.5,79,2,273.7,27.6,65,29.4,20.4
2026-07-24T07:40:00+05:30,2026-07-24 07:40:00,26.4,27.2,22.7,0,0,11.1,77,0,0,0,0.5,9.7,621.5,80,2,252.6,27.6,65,29.4,20.4
2026-07-24T07:36:00+05:30,2026-07-24 07:36:00,25.8,26.5,22.3,1.4,5.5,11.1,97,0,0,0,0.5,9.7,621.5,81,2,231.6,27.6,65,29.4,20.4
2026-07-24T07:30:00+05:30,2026-07-24 07:30:00,25.7,26.5,22.4,0,0,11.1,70,0,0,0,0.5,9.7,621.5,82,2,213.1,27.6,65,29.4,20.4
2026-07-24T07:25:00+05:30,2026-07-24 07:25:00,25.2,26,22.1,0,5.5,11.1,83,0,0,0,0.5,9.7,621.5,83,1,192.1,27.5,65,29.2,20.3
2026-07-24T07:20:00+05:30,2026-07-24 07:20:00,25.2,25.9,21.9,0,1.8,11.1,73,0,0,0,0.5,9.7,621.5,82,1,172.1,27.5,65,29.2,20.3
2026-07-24T07:15:00+05:30,2026-07-24 07:15:00,25.2,26,22.1,2.9,7.2,11.1,90,0,0,0,0.5,9.7,621.5,83,1,160.7,27.5,65,29.2,20.3
2026-07-24T07:10:00+05:30,2026-07-24 07:10:00,25.1,25.8,21.8,0,1.8,11.1,60,0,0,0,0.5,9.7,621.5,82,1,131.6,27.5,65,29.2,20.3
2026-07-24T07:05:00+05:30,2026-07-24 07:05:00,24.4,25.1,21.5,0,3.5,11.1,74,0,0,0,0.5,9.7,621.5,84,1,117.5,27.4,65,29.1,20.2
2026-07-24T07:00:00+05:30,2026-07-24 07:00:00,24,24.7,21.5,0,5.5,11.1,80,0,0,0,0.5,9.7,621.5,86,1,114.4,27.4,65,29.1,20.2
2026-07-24T06:55:00+05:30,2026-07-24 06:55:00,23.9,24.6,21.4,0,0,11.1,76,0,0,0,0.5,9.7,621.5,86,0,59.7,27.4,65,29.1,20.2
2026-07-24T06:50:00+05:30,2026-07-24 06:50:00,23.8,24.5,21.3,0,5.5,11.1,76,0,0,0,0.5,9.7,621.5,86,0,78.8,27.4,65,29.1,20.2
2026-07-24T06:45:00+05:30,2026-07-24 06:45:00,23.7,24.4,21.2,0,0,11.1,77,0,0,0,0.5,9.7,621.5,86,0,63.2,27.4,64,28.9,19.9
2026-07-24T06:40:00+05:30,2026-07-24 06:40:00,23.6,24.3,21.1,4,7.2,11.1,85,0,0,0,0.5,9.7,621.5,86,0,41.9,27.4,64,28.9,19.9
2026-07-24T06:35:00+05:30,2026-07-24 06:35:00,23.6,24.3,21.1,0,5.5,11.1,90,0,0,0,0.5,9.7,621.5,86,0,31.1,27.4,64,28.9,19.9
2026-07-24T06:31:00+05:30,2026-07-24 06:31:00,23.5,24.2,21,2.9,7.2,11.1,98,0,0,0,0.5,9.7,621.5,86,0,24.3,27.4,64,28.9,19.9
2026-07-24T06:25:00+05:30,2026-07-24 06:25:00,23.5,24.2,21,0,0,11.1,70,0,0,0,0.5,9.7,621.5,86,0,18.8,27.5,64,29.1,20.1
2026-07-24T06:20:00+05:30,2026-07-24 06:20:00,23.5,24.2,21,3.5,5.5,11.1,75,0,0,0,0.5,9.7,621.5,86,0,13.2,27.5,64,29.1,20.1
2026-07-24T06:15:00+05:30,2026-07-24 06:15:00,23.3,23.9,20.8,0,3.5,11.1,76,0,0,0,0.5,9.7,621.5,86,0,10.1,27.5,64,29.1,20.1
2026-07-24T06:10:00+05:30,2026-07-24 06:10:00,23.3,23.9,21,0,1.8,11.1,87,0,0,0,0.5,9.7,621.5,87,0,7.7,27.5,64,29.1,20.1
2026-07-24T06:05:00+05:30,2026-07-24 06:05:00,23.2,23.9,20.9,4.7,5.5,11.1,94,0,0,0,0.5,9.7,621.5,87,0,4.9,27.5,64,29.1,20.1
2026-07-24T06:00:00+05:30,2026-07-24 06:00:00,23.1,23.7,20.8,0,1.8,11.1,72,0,0,0,0.5,9.7,621.5,87,0,2.9,27.5,64,29.1,20.1
2026-07-24T05:55:00+05:30,2026-07-24 05:55:00,23.1,23.7,20.8,4,7.2,11.1,70,0,0,0,0.5,9.7,621.5,87,0,1.5,27.5,64,29.1,20.1
2026-07-24T05:50:00+05:30,2026-07-24 05:50:00,23.1,23.7,20.8,0,3.5,11.1,70,0,0,0,0.5,9.7,621.5,87,0,0.5,27.5,64,29.1,20.1
2026-07-24T05:45:00+05:30,2026-07-24 05:45:00,23.1,23.7,20.8,0,0,11.1,69,0,0,0,0.5,9.7,621.5,87,0,0.1,27.5,64,29.1,20.1
2026-07-24T05:40:00+05:30,2026-07-24 05:40:00,23.1,23.7,20.8,0.3,3.5,11.1,68,0,0,0,0.5,9.7,621.5,87,0,0,27.5,64,29.1,20.1
2026-07-24T05:35:00+05:30,2026-07-24 05:35:00,23,23.6,20.7,1.4,3.5,11.1,75,0,0,0,0.5,9.7,621.5,87,0,0,27.6,64,29.3,20.2
2026-07-24T05:30:00+05:30,2026-07-24 05:30:00,22.9,23.5,20.6,0,3.5,11.1,71,0,0,0,0.5,9.7,621.5,87,0,0,27.6,64,29.3,20.2
2026-07-24T05:25:00+05:30,2026-07-24 05:25:00,23.1,23.7,20.8,0,0,11.1,71,0,0,0,0.5,9.7,621.5,87,0,0,27.6,64,29.3,20.2
2026-07-24T05:20:00+05:30,2026-07-24 05:20:00,23.2,23.8,20.7,0,0,11.1,69,0,0,0,0.5,9.7,621.5,86,0,0,27.6,64,29.3,20.2
2026-07-24T05:15:00+05:30,2026-07-24 05:15:00,23.1,23.7,20.6,0,0,11.1,71,0,0,0,0.5,9.7,621.5,86,0,0,27.7,64,29.4,20.3
2026-07-24T05:11:00+05:30,2026-07-24 05:11:00,23.1,23.7,20.6,0,0,11.1,73,0,0,0,0.5,9.7,621.5,86,0,0,27.7,64,29.4,20.3
2026-07-24T05:05:00+05:30,2026-07-24 05:05:00,23.1,23.7,20.8,0,0,11.1,70,0,0,0,0.5,9.7,621.5,87,0,0,27.7,64,29.4,20.3
2026-07-24T05:00:00+05:30,2026-07-24 05:00:00,23.1,23.7,20.8,0,0,11.1,70,0,0,0,0.5,9.7,621.5,87,0,0,27.7,64,29.4,20.3
2026-07-24T04:55:00+05:30,2026-07-24 04:55:00,23,23.6,20.7,0,0,11.1,80,0,0,0,0.5,9.7,621.5,87,0,0,27.8,63,29.4,20.1
2026-07-24T04:50:00+05:30,2026-07-24 04:50:00,22.9,23.5,20.6,0,0,11.1,69,0,0,0,0.5,9.7,621.5,87,0,0,27.7,63,29.3,20
2026-07-24T04:45:00+05:30,2026-07-24 04:45:00,23,23.6,20.7,0,0,11.1,69,0,0,0,0.5,9.7,621.5,87,0,0,27.8,63,29.4,20.1
2026-07-24T04:40:00+05:30,2026-07-24 04:40:00,23,23.6,20.7,0,0,11.1,71,0,0,0,0.5,9.7,621.5,87,0,0,27.8,63,29.4,20.1
2026-07-24T04:35:00+05:30,2026-07-24 04:35:00,23.1,23.7,20.6,0,0,11.1,65,0,0,0,0.5,9.7,621.5,86,0,0,27.8,63,29.4,20.1
2026-07-24T04:30:00+05:30,2026-07-24 04:30:00,23.1,23.7,20.6,0,0,11.1,68,0,0,0,0.5,9.7,621.5,86,0,0,27.8,63,29.4,20.1
2026-07-24T04:25:00+05:30,2026-07-24 04:25:00,23.2,23.8,20.7,0,0,11.1,71,0,0,0,0.5,9.7,621.5,86,0,0,27.8,63,29.4,20.1
2026-07-24T04:20:00+05:30,2026-07-24 04:20:00,23.3,23.9,20.8,0,0,11.1,72,0,0,0,0.5,9.7,621.5,86,0,0,27.8,63,29.4,20.1
2026-07-24T04:15:00+05:30,2026-07-24 04:15:00,23.4,24,20.7,0,0,11.1,71,0,0,0,0.5,9.7,621.5,85,0,0,27.8,63,29.4,20.1
2026-07-24T04:10:00+05:30,2026-07-24 04:10:00,23.4,24,20.7,0,0,11.1,78,0,0,0,0.5,9.7,621.5,85,0,0,27.8,63,29.4,20.1
2026-07-24T04:06:00+05:30,2026-07-24 04:06:00,23.4,24,20.7,0,3.5,11.1,70,0,0,0,0.5,9.7,621.5,85,0,0,27.9,63,29.6,20.2
2026-07-24T04:00:00+05:30,2026-07-24 04:00:00,23.4,24,20.7,0,0,11.1,70,0,0,0,0.5,9.7,621.5,85,0,0,27.9,63,29.6,20.2
2026-07-24T03:55:00+05:30,2026-07-24 03:55:00,23.4,24,20.7,0,0,11.1,64,0,0,0,0.5,9.7,621.5,85,0,0,27.9,63,29.6,20.2
2026-07-24T03:50:00+05:30,2026-07-24 03:50:00,23.3,23.9,20.6,0,0,11.1,70,0,0,0,0.5,9.7,621.5,85,0,0,27.9,63,29.6,20.2
2026-07-24T03:45:00+05:30,2026-07-24 03:45:00,23.3,23.9,20.6,0,0,11.1,78,0,0,0,0.5,9.7,621.5,85,0,0,27.9,63,29.6,20.2
2026-07-24T03:40:00+05:30,2026-07-24 03:40:00,23.3,23.9,20.6,0,0,11.1,71,0,0,0,0.5,9.7,621.5,85,0,0,27.9,63,29.6,20.2
2026-07-24T03:35:00+05:30,2026-07-24 03:35:00,23.4,24,20.7,0.3,5.5,11.1,85,0,0,0,0.5,9.7,621.5,85,0,0,28,63,29.8,20.3
2026-07-24T03:30:00+05:30,2026-07-24 03:30:00,23.5,24.1,20.8,0,0,11.1,71,0,0,0,0.5,9.7,621.5,85,0,0,27.9,63,29.6,20.2
2026-07-24T03:25:00+05:30,2026-07-24 03:25:00,23.4,24,20.7,0,0,11.1,71,0,0,0,0.5,9.7,621.5,85,0,0,28,63,29.8,20.3
2026-07-24T03:20:00+05:30,2026-07-24 03:20:00,23.5,24.1,20.8,0,3.5,11.1,73,0,0,0,0.5,9.7,621.5,85,0,0,28,63,29.8,20.3
2026-07-24T03:15:00+05:30,2026-07-24 03:15:00,23.4,24,20.7,0,0,11.1,74,0,0,0,0.5,9.7,621.5,85,0,0,28,63,29.8,20.3
2026-07-24T03:10:00+05:30,2026-07-24 03:10:00,23.5,24.1,20.8,1.4,5.5,11.1,71,0,0,0,0.5,9.7,621.5,85,0,0,28,63,29.8,20.3
2026-07-24T03:05:00+05:30,2026-07-24 03:05:00,23.6,24.2,20.7,0,5.5,11.1,85,0,0,0,0.5,9.7,621.5,84,0,0,28,63,29.8,20.3
2026-07-24T03:01:00+05:30,2026-07-24 03:01:00,23.6,24.2,20.9,0,5.5,11.1,70,0,0,0,0.5,9.7,621.5,85,0,0,28,63,29.8,20.3
2026-07-24T02:55:00+05:30,2026-07-24 02:55:00,23.5,24.1,20.8,0,11.1,11.1,70,0,0,0,0.5,9.7,621.5,85,0,0,28.1,63,29.9,20.4
2026-07-24T02:50:00+05:30,2026-07-24 02:50:00,23.5,24.1,20.8,0,9.3,11.1,70,0,0,0,0.5,9.7,621.5,85,0,0,28.1,63,29.9,20.4
2026-07-24T02:45:00+05:30,2026-07-24 02:45:00,23.3,23.9,20.6,0.3,5.5,9.3,73,0,0,0,0.5,9.7,621.5,85,0,0,28.2,63,30.2,20.5
2026-07-24T02:40:00+05:30,2026-07-24 02:40:00,23.2,23.8,20.6,7.9,9.3,9.3,88,0,0,0,0.5,9.7,621.5,85,0,0,28.2,63,30.2,20.5
2026-07-24T02:35:00+05:30,2026-07-24 02:35:00,23.1,23.7,20.6,0,0,5.5,69,0,0,0,0.5,9.7,621.5,86,0,0,28.3,63,30.2,20.6
2026-07-24T02:30:00+05:30,2026-07-24 02:30:00,23,23.6,20.5,2.6,5.5,5.5,96,0,0,0,0.5,9.7,621.5,86,0,0,28.3,63,30.2,20.6
2026-07-24T02:25:00+05:30,2026-07-24 02:25:00,22.8,23.4,20.3,3.5,5.5,5.5,103,0,0,0,0.5,9.7,621.5,86,0,0,28.3,63,30.2,20.6
2026-07-24T02:20:00+05:30,2026-07-24 02:20:00,22.5,23.1,20.4,0,0,0,70,0,0,0,0.5,9.7,621.5,88,0,0,28.4,63,30.4,20.7
2026-07-24T02:15:00+05:30,2026-07-24 02:15:00,22.4,23,20.7,0,0,0,71,0,0,0,0.5,9.7,621.5,90,0,0,28.4,63,30.4,20.7
2026-07-24T02:10:00+05:30,2026-07-24 02:10:00,22.3,22.9,20.6,0,0,0,71,0,0,0,0.5,9.7,621.5,90,0,0,28.5,63,30.6,20.8
2026-07-24T02:05:00+05:30,2026-07-24 02:05:00,22.4,23,20.7,0,0,0,68,0,0,0,0.5,9.7,621.5,90,0,0,28.5,63,30.6,20.8
2026-07-24T02:00:00+05:30,2026-07-24 02:00:00,22.5,23.2,20.8,0,0,0,70,0,0,0,0.5,9.7,621.5,90,0,0,28.5,63,30.6,20.8
2026-07-24T01:55:00+05:30,2026-07-24 01:55:00,22.6,23.3,20.9,0,0,0,68,0,0,0,0.5,9.7,621.5,90,0,0,28.5,63,30.6,20.8
2026-07-24T01:50:00+05:30,2026-07-24 01:50:00,22.6,23.3,20.9,0,0,0,71,0,0,0,0.5,9.7,621.5,90,0,0,28.6,63,30.8,20.8
2026-07-24T01:45:00+05:30,2026-07-24 01:45:00,22.7,23.4,21,0,0,0,71,0,0,0,0.5,9.7,621.5,90,0,0,28.6,63,30.8,20.8
2026-07-24T01:40:00+05:30,2026-07-24 01:40:00,22.6,23.3,20.9,0,0,0,71,0,0,0,0.5,9.7,621.5,90,0,0,28.6,63,30.8,20.8
2026-07-24T01:35:00+05:30,2026-07-24 01:35:00,,,,0,0,0,70,0,0,0,0.5,9.7,621.5,,0,0,28.7,63,31,20.9
2026-07-24T01:30:00+05:30,2026-07-24 01:30:00,,,,0,0,0,71,0,0,0,0.5,9.7,621.5,,0,0,28.7,63,31,20.9
2026-07-24T01:25:00+05:30,2026-07-24 01:25:00,,,,0,0,0,71,0,0,0,0.5,9.7,621.5,,0,0,28.7,63,31,20.9
2026-07-24T01:20:00+05:30,2026-07-24 01:20:00,,,,0,0,0,69,0,0,0,0.5,9.7,621.5,,0,0,28.8,63,31.1,21
2026-07-24T01:15:00+05:30,2026-07-24 01:15:00,,,,0,0,0,71,0,0,0,0.5,9.7,621.5,,0,0,28.8,63,31.1,21
2026-07-24T01:10:00+05:30,2026-07-24 01:10:00,,,,0,0,0,71,0,0,0,0.5,9.7,621.5,,0,0,28.8,63,31.1,21
2026-07-24T01:05:00+05:30,2026-07-24 01:05:00,,,,0,0,0,74,0,0,0,0.5,9.7,621.5,,0,0,28.9,63,31.3,21.1
2026-07-24T01:00:00+05:30,2026-07-24 01:00:00,,,,0,0,0,71,0,0,0,0.5,9.7,621.5,,0,0,28.9,63,31.3,21.1
2026-07-24T00:55:00+05:30,2026-07-24 00:55:00,,,,0,0,0,70,0,0,0,0.5,9.7,621.5,,0,0,28.9,63,31.3,21.1
2026-07-24T00:50:00+05:30,2026-07-24 00:50:00,,,,0,0,0,69,0,0,0,0.5,9.7,621.5,,0,0,28.9,63,31.3,21.1
2026-07-24T00:45:00+05:30,2026-07-24 00:45:00,,,,0,0,0,83,0,0,0,0.5,9.7,621.5,,0,0,29,63,31.5,21.2
2026-07-24T00:40:00+05:30,2026-07-24 00:40:00,,,,0,0,0,72,0,0,0,0.5,9.7,621.5,,0,0,29,63,31.5,21.2
2026-07-24T00:36:00+05:30,2026-07-24 00:36:00,,,,0,0,0,70,0,0,0,0.5,9.7,621.5,,0,0,29,63,31.5,21.2
2026-07-24T00:30:00+05:30,2026-07-24 00:30:00,,,,0,0,0,70,0,0,0,0.5,9.7,621.5,,0,0,29,63,31.5,21.2
2026-07-24T00:25:00+05:30,2026-07-24 00:25:00,,,,0,0,0,76,0,0,0,0.5,9.7,621.5,,0,0,29,64,31.7,21.5
2026-07-24T00:20:00+05:30,2026-07-24 00:20:00,,,,0,0,0,81,0,0,0,0.5,9.7,621.5,,0,0,29.1,64,31.9,21.6
2026-07-24T00:15:00+05:30,2026-07-24 00:15:00,,,,0,0,0,73,0,0,0,0.5,9.7,621.5,,0,0,29.1,64,31.9,21.6
2026-07-24T00:10:00+05:30,2026-07-24 00:10:00,,,,0,0,0,72,0,0,0,0.5,9.7,621.5,,0,0,29.1,64,31.9,21.6
2026-07-24T00:05:00+05:30,2026-07-24 00:05:00,,,,0,0,0,74,0,0,0,0.5,9.7,621.5,,0,0,29.2,64,32.1,21.7
2026-07-24T00:00:00+05:30,2026-07-24 00:00:00,,,,0,0,0,71,0,0,0,0.5,9.7,621.5,,0,0,29.2,64,32.1,21.7
2026-07-23T23:55:00+05:30,2026-07-23 23:55:00,,,,0,0,23.8,71,0,0,0,0.5,9.7,621.5,,0,0,29.2,64,32.1,21.7
2026-07-23T23:50:00+05:30,2026-07-23 23:50:00,,,,0,0,23.8,70,0,0,0,0.5,9.7,621.5,,0,0,29.3,64,32.2,21.7
2026-07-23T23:45:00+05:30,2026-07-23 23:45:00,,,,0,0,23.8,80,0,0,0,0.5,9.7,621.5,,0,0,29.3,64,32.2,21.7
2026-07-23T23:40:00+05:30,2026-07-23 23:40:00,,,,0,1.8,23.8,72,0,0,0,0.5,9.7,621.5,,0,0,29.3,64,32.2,21.7
2026-07-23T23:35:00+05:30,2026-07-23 23:35:00,,,,0,0,23.8,69,0,0,0,0.5,9.7,621.5,,0,0,29.4,64,32.4,21.8
2026-07-23T23:31:00+05:30,2026-07-23 23:31:00,,,,0,0,23.8,83,0,0,0,0.5,9.7,621.5,,0,0,29.4,64,32.4,21.8
2026-07-23T23:25:00+05:30,2026-07-23 23:25:00,,,,2.1,3.5,23.8,106,0,0,0,0.5,9.7,621.5,,0,0,29.4,64,32.4,21.8
2026-07-23T23:20:00+05:30,2026-07-23 23:20:00,,,,0,3.5,23.8,71,0,0,0,0.5,9.7,621.5,,0,0,29.5,64,32.7,21.9
2026-07-23T23:15:00+05:30,2026-07-23 23:15:00,,,,0.3,3.5,23.8,74,0,0,0,0.5,9.7,621.5,,0,0,29.5,64,32.7,21.9
2026-07-23T23:10:00+05:30,2026-07-23 23:10:00,,,,0,0,23.8,74,0,0,0,0.5,9.7,621.5,,0,0,29.5,64,32.7,21.9
2026-07-23T23:05:00+05:30,2026-07-23 23:05:00,,,,0,3.5,23.8,79,0,0,0,0.5,9.7,621.5,,0,0,29.5,64,32.7,21.9
2026-07-23T23:00:00+05:30,2026-07-23 23:00:00,,,,0,0,23.8,70,0,0,0,0.5,9.7,621.5,,0,0,29.6,64,32.9,22.1
2026-07-23T22:55:00+05:30,2026-07-23 22:55:00,,,,0,0,23.8,66,0,0,0,0.5,9.7,621.5,,0,0,29.6,64,32.9,22.1
2026-07-23T22:50:00+05:30,2026-07-23 22:50:00,,,,0,0,23.8,68,0,0,0,0.5,9.7,621.5,,0,0,29.7,64,33.1,22.2
2026-07-23T22:45:00+05:30,2026-07-23 22:45:00,,,,0,1.8,23.8,74,0,0,0,0.5,9.7,621.5,,0,0,29.7,64,33.1,22.2
2026-07-23T22:40:00+05:30,2026-07-23 22:40:00,,,,0,5.5,23.8,70,0,0,0,0.5,9.7,621.5,,0,0,29.7,64,33.1,22.2
2026-07-23T22:35:00+05:30,2026-07-23 22:35:00,,,,0,5.5,23.8,80,0,0,0,0.5,9.7,621.5,,0,0,29.8,64,33.2,22.2
2026-07-23T22:30:00+05:30,2026-07-23 22:30:00,,,,0,0,23.8,75,0,0,0,0.5,9.7,621.5,,0,0,29.8,64,33.2,22.2
2026-07-23T22:26:00+05:30,2026-07-23 22:26:00,,,,0,0,23.8,84,0,0,0,0.5,9.7,621.5,,0,0,29.8,64,33.2,22.2
2026-07-23T22:20:00+05:30,2026-07-23 22:20:00,,,,2.9,5.5,23.8,94,0,0,0,0.5,9.7,621.5,,0,0,29.9,64,33.4,22.3
2026-07-23T22:15:00+05:30,2026-07-23 22:15:00,,,,0,5.5,23.8,89,0,0,0,0.5,9.7,621.5,,0,0,29.9,64,33.4,22.3
2026-07-23T22:10:00+05:30,2026-07-23 22:10:00,,,,0,0,23.8,73,0,0,0,0.5,9.7,621.5,,0,0,29.9,64,33.4,22.3
2026-07-23T22:05:00+05:30,2026-07-23 22:05:00,,,,0,0,23.8,78,0,0,0,0.5,9.7,621.5,,0,0,30,64,33.7,22.4
2026-07-23T22:00:00+05:30,2026-07-23 22:00:00,,,,0,5.5,23.8,79,0,0,0,0.5,9.7,621.5,,0,0,30,63,33.4,22.2
2026-07-23T21:55:00+05:30,2026-07-23 21:55:00,,,,0,3.5,23.8,71,0,0,0,0.5,9.7,621.5,,0,0,30,63,33.4,22.2
2026-07-23T21:50:00+05:30,2026-07-23 21:50:00,,,,0,0,23.8,73,0,0,0,0.5,9.7,621.5,,0,0,30,63,33.4,22.2
2026-07-23T21:45:00+05:30,2026-07-23 21:45:00,,,,1.4,3.5,23.8,87,0,0,0,0.5,9.7,621.5,,0,0,30.1,63,33.7,22.3
2026-07-23T21:40:00+05:30,2026-07-23 21:40:00,,,,0,0,23.8,70,0,0,0,0.5,9.7,621.5,,0,0,30.1,63,33.7,22.3
2026-07-23T21:35:00+05:30,2026-07-23 21:35:00,,,,5.5,5.5,23.8,85,0,0,0,0.5,9.7,621.5,,0,0,30.1,63,33.7,22.3
2026-07-23T21:30:00+05:30,2026-07-23 21:30:00,,,,2.1,3.5,23.8,71,0,0,0,0.5,9.7,621.5,,0,0,30.2,63,33.9,22.4
2026-07-23T21:25:00+05:30,2026-07-23 21:25:00,,,,0,0,23.8,71,0,0,0,0.5,9.7,621.5,,0,0,30.2,63,33.9,22.4
2026-07-23T21:20:00+05:30,2026-07-23 21:20:00,,,,2.9,5.5,23.8,89,0,0,0,0.5,9.7,621.5,,0,0,30.2,63,33.9,22.4
2026-07-23T21:15:00+05:30,2026-07-23 21:15:00,,,,0,7.2,23.8,72,0,0,0,0.5,9.7,621.5,,0,0,30.2,63,33.9,22.4
2026-07-23T21:10:00+05:30,2026-07-23 21:10:00,,,,2.9,3.5,23.8,85,0,0,0,0.5,9.7,621.5,,0,0,30.3,63,34.1,22.4
2026-07-23T21:06:00+05:30,2026-07-23 21:06:00,,,,4.7,9.3,23.8,74,0,0,0,0.5,9.7,621.5,,0,0,30.3,63,34.1,22.4
2026-07-23T21:00:00+05:30,2026-07-23 21:00:00,,,,3.5,7.2,23.8,86,0,0,0,0.5,9.7,621.5,,0,0,30.4,62,34.1,22.3
2026-07-23T20:55:00+05:30,2026-07-23 20:55:00,,,,0,5.5,23.8,94,0,0,0,0.5,9.7,621.5,,0,0,30.4,62,34.1,22.3
2026-07-23T20:50:00+05:30,2026-07-23 20:50:00,,,,0,3.5,23.8,76,0,0,0,0.5,9.7,621.5,,0,0,30.4,62,34.1,22.3
2026-07-23T20:45:00+05:30,2026-07-23 20:45:00,,,,4,13,23.8,82,0,0,0,0.5,9.7,621.5,,0,0,30.5,62,34.3,22.4
2026-07-23T20:40:00+05:30,2026-07-23 20:40:00,,,,0,7.2,23.8,80,0,0,0,0.5,9.7,621.5,,0,0,30.5,62,34.3,22.4
2026-07-23T20:35:00+05:30,2026-07-23 20:35:00,,,,0,1.8,23.8,72,0,0,0,0.5,9.7,621.5,,0,0,30.6,62,34.5,22.5
2026-07-23T20:30:00+05:30,2026-07-23 20:30:00,,,,0.6,3.5,23.8,75,0,0,0,0.5,9.7,621.5,,0,0,30.6,62,34.5,22.5
2026-07-23T20:25:00+05:30,2026-07-23 20:25:00,,,,3.5,9.3,23.8,86,0,0,0,0.5,9.7,621.5,,0,0,30.7,62,34.7,22.6
2026-07-23T20:20:00+05:30,2026-07-23 20:20:00,,,,4,9.3,23.8,100,0,0,0,0.5,9.7,621.5,,0,0,30.7,61,34.5,22.3
2026-07-23T20:15:00+05:30,2026-07-23 20:15:00,,,,3.2,11.1,23.8,77,0,0,0,0.5,9.7,621.5,,0,0,30.7,61,34.5,22.3
2026-07-23T20:10:00+05:30,2026-07-23 20:10:00,,,,4,9.3,23.8,79,0,0,0,0.5,9.7,621.5,,0,0,30.8,61,34.6,22.4
2026-07-23T20:05:00+05:30,2026-07-23 20:05:00,,,,0,5.5,23.8,78,0,0,0,0.5,9.7,621.5,,0,0,30.8,61,34.6,22.4
2026-07-23T20:01:00+05:30,2026-07-23 20:01:00,,,,3.5,7.2,23.8,78,0,0,0,0.5,9.7,621.5,,0,0,30.8,61,34.6,22.4
2026-07-23T19:55:00+05:30,2026-07-23 19:55:00,,,,0,5.5,23.8,76,0,0,0,0.5,9.7,621.5,,0,0,30.9,61,34.8,22.5
2026-07-23T19:50:00+05:30,2026-07-23 19:50:00,,,,2.9,9.3,23.8,81,0,0,0,0.5,9.7,621.5,,0,0,30.9,61,34.8,22.5
2026-07-23T19:45:00+05:30,2026-07-23 19:45:00,,,,3.5,7.2,23.8,74,0,0,0,0.5,9.7,621.5,,0,0,31,61,35.1,22.6
2026-07-23T19:40:00+05:30,2026-07-23 19:40:00,,,,4,5.5,23.8,83,0,0,0,0.5,9.7,621.5,,0,0,31,60,34.8,22.3
2026-07-23T19:35:00+05:30,2026-07-23 19:35:00,,,,6.4,9.3,23.8,107,0,0,0,0.5,9.7,621.5,,0,0,31.1,60,35.1,22.4
2026-07-23T19:30:00+05:30,2026-07-23 19:30:00,,,,0,7.2,23.8,70,0,0,0,0.5,9.7,621.5,,0,0,31.1,60,35.1,22.4
2026-07-23T19:25:00+05:30,2026-07-23 19:25:00,,,,5,7.2,23.8,114,0,0,0,0.5,9.7,621.5,,0,0,31.1,60,35.1,22.4
2026-07-23T19:20:00+05:30,2026-07-23 19:20:00,,,,2.9,5.5,23.8,60,0,0,0,0.5,9.7,621.5,,0,0,31.2,60,35.3,22.5
2026-07-23T19:15:00+05:30,2026-07-23 19:15:00,,,,0,7.2,23.8,69,0,0,0,0.5,9.7,621.5,,0,0,31.2,60,35.3,22.5
2026-07-23T19:10:00+05:30,2026-07-23 19:10:00,,,,4,5.5,23.8,93,0,0,0,0.5,9.7,621.5,,0,0,31.3,60,35.4,22.6
2026-07-23T19:05:00+05:30,2026-07-23 19:05:00,,,,0,13,23.8,78,0,0,0,0.5,9.7,621.5,,0,0,31.3,60,35.4,22.6
2026-07-23T19:00:00+05:30,2026-07-23 19:00:00,,,,2.6,3.5,23.8,56,0,0,0,0.5,9.7,621.5,,0,0,31.4,60,35.7,22.7
2026-07-23T18:56:00+05:30,2026-07-23 18:56:00,,,,0,1.8,23.8,107,0,0,0,0.5,9.7,621.5,,0,0,31.4,60,35.7,22.7
2026-07-23T18:50:00+05:30,2026-07-23 18:50:00,,,,0,7.2,23.8,83,0,0,0,0.5,9.7,621.5,,0,0,31.5,59,35.7,22.5
2026-07-23T18:45:00+05:30,2026-07-23 18:45:00,,,,0,9.3,23.8,73,0,0,0,0.5,9.7,621.5,,0,0,31.5,59,35.7,22.5
2026-07-23T18:40:00+05:30,2026-07-23 18:40:00,,,,2.9,16.6,23.8,64,0,0,0,0.5,9.7,621.5,,0,0.2,31.6,59,35.9,22.6
2026-07-23T18:35:00+05:30,2026-07-23 18:35:00,,,,0,3.5,23.8,70,0,0,0,0.5,9.7,621.5,,0,0.5,31.6,59,35.9,22.6
2026-07-23T18:30:00+05:30,2026-07-23 18:30:00,,,,7.2,11.1,23.8,73,0,0,0,0.5,9.7,621.5,,0,1.9,31.7,59,36.2,22.7
2026-07-23T18:25:00+05:30,2026-07-23 18:25:00,,,,4.7,9.3,23.8,75,0,0,0,0.5,9.7,621.5,,0,4.5,31.8,59,36.3,22.8
2026-07-23T18:20:00+05:30,2026-07-23 18:20:00,,,,3.5,5.5,23.8,68,0,0,0,0.5,9.7,621.5,,0,6.8,31.8,59,36.3,22.8
2026-07-23T18:15:00+05:30,2026-07-23 18:15:00,,,,0,5.5,23.8,74,0,0,0,0.5,9.7,621.5,,0,10.3,31.8,59,36.3,22.8
2026-07-23T18:10:00+05:30,2026-07-23 18:10:00,,,,7.9,13,23.8,85,0,0,0,0.5,9.7,621.5,,0,15,31.9,59,36.5,22.8
2026-07-23T18:05:00+05:30,2026-07-23 18:05:00,,,,3.2,9.3,23.8,91,0,0,0,0.5,9.7,621.5,,0,18.6,32,58,36.5,22.7
2026-07-23T18:00:00+05:30,2026-07-23 18:00:00,,,,3.2,5.5,23.8,89,0,0,0,0.5,9.7,621.5,,0,21.9,32,58,36.5,22.7
2026-07-23T17:55:00+05:30,2026-07-23 17:55:00,,,,0.6,11.1,23.8,93,0,0,0,0.5,9.7,621.5,,0,25.2,32.1,58,36.7,22.8
2026-07-23T17:50:00+05:30,2026-07-23 17:50:00,,,,7.9,13,23.8,130,0,0,0,0.5,9.7,621.5,,0,28.7,32.1,58,36.7,22.8
2026-07-23T17:45:00+05:30,2026-07-23 17:45:00,,,,0,7.2,23.8,71,0,0,0,0.5,9.7,621.5,,0,32.4,32.2,58,37,22.9
2026-07-23T17:40:00+05:30,2026-07-23 17:40:00,,,,3.5,9.3,23.8,97,0,0,0,0.5,9.7,621.5,,0,37.5,32.2,58,37,22.9
2026-07-23T17:35:00+05:30,2026-07-23 17:35:00,,,,0.3,11.1,23.8,71,0,0,0,0.5,9.7,621.5,,0,42,32.3,58,37.1,22.9
2026-07-23T17:30:00+05:30,2026-07-23 17:30:00,,,,5.8,9.3,23.8,31,0,0,0,0.5,9.7,621.5,,0,43.2,32.3,58,37.1,22.9
2026-07-23T17:25:00+05:30,2026-07-23 17:25:00,,,,0,7.2,23.8,92,0,0,0,0.5,9.7,621.5,,0,48.6,32.3,58,37.1,22.9
2026-07-23T17:20:00+05:30,2026-07-23 17:20:00,,,,1.1,11.1,23.8,91,0,0,0,0.5,9.7,621.5,,0,67.3,32.4,58,37.4,23.1
2026-07-23T17:15:00+05:30,2026-07-23 17:15:00,,,,0,9.3,23.8,79,0,0,0,0.5,9.7,621.5,,0,74,32.4,58,37.4,23.1
2026-07-23T17:10:00+05:30,2026-07-23 17:10:00,,,,1.4,5.5,23.8,90,0,0,0,0.5,9.7,621.5,,0,80.9,32.4,58,37.4,23.1
2026-07-23T17:05:00+05:30,2026-07-23 17:05:00,,,,1.4,11.1,23.8,64,0,0,0,0.5,9.7,621.5,,0,95.9,32.4,58,37.4,23.1
2026-07-23T17:00:00+05:30,2026-07-23 17:00:00,,,,2.1,7.2,23.8,121,0,0,0,0.5,9.7,621.5,,0,101.2,32.4,58,37.4,23.1
2026-07-23T16:55:00+05:30,2026-07-23 16:55:00,,,,6.9,14.8,23.8,106,0,0,0,0.5,9.7,621.5,,1,105.3,32.4,59,37.7,23.3
2026-07-23T16:50:00+05:30,2026-07-23 16:50:00,,,,1.1,7.2,23.8,61,0,0,0,0.5,9.7,621.5,,1,112.5,32.4,59,37.7,23.3
2026-07-23T16:45:00+05:30,2026-07-23 16:45:00,,,,7.2,11.1,23.8,98,0,0,0,0.5,9.7,621.5,,1,147.4,32.4,59,37.7,23.3
2026-07-23T16:40:00+05:30,2026-07-23 16:40:00,,,,1.1,11.1,23.8,93,0,0,0,0.5,9.7,621.5,,1,161.6,32.4,58,37.4,23.1
2026-07-23T16:35:00+05:30,2026-07-23 16:35:00,,,,0,11.1,23.8,73,0,0,0,0.5,9.7,621.5,,1,182.2,32.4,58,37.4,23.1
2026-07-23T16:31:00+05:30,2026-07-23 16:31:00,,,,6.1,9.3,23.8,75,0,0,0,0.5,9.7,621.5,,1,201.1,32.4,58,37.4,23.1
2026-07-23T16:25:00+05:30,2026-07-23 16:25:00,,,,2.6,11.1,23.8,77,0,0,0,0.5,9.7,621.5,,2,215.1,32.4,58,37.4,23.1
2026-07-23T16:20:00+05:30,2026-07-23 16:20:00,,,,0,7.2,23.8,67,0,0,0,0.5,9.7,621.5,,2,231.9,32.4,58,37.4,23.1
2026-07-23T16:15:00+05:30,2026-07-23 16:15:00,,,,2.9,7.2,23.8,98,0,0,0,0.5,9.7,621.5,,2,216.7,32.4,58,37.4,23.1
2026-07-23T16:10:00+05:30,2026-07-23 16:10:00,,,,2.9,9.3,23.8,83,0,0,0,0.5,9.7,621.5,,2,237.4,32.4,58,37.4,23.1
2026-07-23T16:05:00+05:30,2026-07-23 16:05:00,,,,5.5,7.2,23.8,72,0,0,0,0.5,9.7,621.5,,2,252.8,32.4,58,37.4,23.1
2026-07-23T16:00:00+05:30,2026-07-23 16:00:00,,,,0,5.5,23.8,49,0,0,0,0.5,9.7,621.5,,2,290.2,32.4,58,37.4,23.1
2026-07-23T15:55:00+05:30,2026-07-23 15:55:00,,,,0.3,5.5,23.8,53,0,0,0,0.5,9.7,621.5,,2,300.9,32.4,58,37.4,23.1
2026-07-23T15:50:00+05:30,2026-07-23 15:50:00,,,,0,9.3,23.8,68,0,0,0,0.5,9.7,621.5,,3,332.3,32.4,57,37.1,22.8
2026-07-23T15:45:00+05:30,2026-07-23 15:45:00,,,,1.4,11.1,23.8,113,0,0,0,0.5,9.7,621.5,,3,358.6,32.4,57,37.1,22.8
2026-07-23T15:40:00+05:30,2026-07-23 15:40:00,,,,7.9,11.1,23.8,65,0,0,0,0.5,9.7,621.5,,3,387.9,32.3,57,36.8,22.7
2026-07-23T15:35:00+05:30,2026-07-23 15:35:00,,,,1.1,9.3,23.8,69,0,0,0,0.5,9.7,621.5,,3,381.5,32.3,57,36.8,22.7
2026-07-23T15:30:00+05:30,2026-07-23 15:30:00,,,,0.3,13,23.8,114,0,0,0,0.5,9.7,621.5,,2,284.4,32.3,57,36.8,22.7
2026-07-23T15:26:00+05:30,2026-07-23 15:26:00,,,,0,20.1,23.8,74,0,0,0,0.5,9.7,621.5,,4,421.7,32.3,57,36.8,22.7
2026-07-23T15:20:00+05:30,2026-07-23 15:20:00,,,,9,11.1,23.8,120,0,0,0,0.5,9.7,621.5,,4,470.9,32.2,57,36.7,22.6
2026-07-23T15:15:00+05:30,2026-07-23 15:15:00,,,,3.2,5.5,23.8,84,0,0,0,0.5,9.7,621.5,,4,443,32.2,57,36.7,22.6
2026-07-23T15:10:00+05:30,2026-07-23 15:10:00,,,,1.4,11.1,23.8,73,0,0,0,0.5,9.7,621.5,,4,475.9,32.2,56,36.4,22.3
2026-07-23T15:05:00+05:30,2026-07-23 15:05:00,,,,0.3,11.1,23.8,43,0,0,0,0.5,9.7,621.5,,4,430.4,32.1,57,36.4,22.5
2026-07-23T15:00:00+05:30,2026-07-23 15:00:00,,,,4.7,9.3,23.8,119,0,0,0,0.5,9.7,621.5,,4,472.3,32.1,56,36.2,22.2
2026-07-23T14:55:00+05:30,2026-07-23 14:55:00,,,,0.3,3.5,23.8,66,0,0,0,0.5,9.7,621.5,,4,488.1,32,56,35.9,22.1
2026-07-23T14:50:00+05:30,2026-07-23 14:50:00,,,,5.5,14.8,23.8,79,0,0,0,0.5,9.7,621.5,,5,559,31.9,56,35.7,22
2026-07-23T14:45:00+05:30,2026-07-23 14:45:00,,,,9,13,23.8,106,0,0,0,0.5,9.7,621.5,,5,578.6,31.9,56,35.7,22
2026-07-23T14:40:00+05:30,2026-07-23 14:40:00,,,,0.3,13,23.8,122,0,0,0,0.5,9.7,621.5,,5,577.2,31.9,55,35.4,21.7
2026-07-23T14:35:00+05:30,2026-07-23 14:35:00,,,,15.4,20.1,23.8,91,0,0,0,0.5,9.7,621.5,,5,597.7,31.9,56,35.7,22
2026-07-23T14:30:00+05:30,2026-07-23 14:30:00,,,,2.9,11.1,23.8,51,0,0,0,0.5,9.7,621.5,,6,630.8,31.9,56,35.7,22
2026-07-23T14:25:00+05:30,2026-07-23 14:25:00,,,,1.1,13,23.8,98,0,0,0,0.5,9.7,621.5,,6,662.9,31.8,56,35.4,21.9
2026-07-23T14:20:00+05:30,2026-07-23 14:20:00,,,,0.6,16.6,23.8,90,0,0,0,0.5,9.7,621.5,,6,648.3,31.8,56,35.4,21.9
2026-07-23T14:15:00+05:30,2026-07-23 14:15:00,,,,5,7.2,23.8,54,0,0,0,0.5,9.7,621.5,,6,666.4,31.7,58,35.9,22.4
2026-07-23T14:10:00+05:30,2026-07-23 14:10:00,,,,0,0,23.8,89,0,0,0,0.5,9.7,621.5,,5,594.3,31.7,58,35.9,22.4
2026-07-23T14:06:00+05:30,2026-07-23 14:06:00,,,,0.3,7.2,23.8,69,0,0,0,0.5,9.7,621.5,,5,603.2,31.7,58,35.9,22.4
2026-07-23T14:00:00+05:30,2026-07-23 14:00:00,,,,3.5,7.2,23.8,73,0,0,0,0.5,9.7,621.5,,6,699.7,31.6,58,35.6,22.3
2026-07-23T13:55:00+05:30,2026-07-23 13:55:00,,,,9.3,13,23.8,99,0,0,0,0.5,9.7,621.5,,7,730.8,31.5,58,35.4,22.2
2026-07-23T13:50:00+05:30,2026-07-23 13:50:00,,,,9.7,13,23.8,145,0,0,0,0.5,9.7,621.5,,2,233.3,31.4,58,35.2,22.1
2026-07-23T13:45:00+05:30,2026-07-23 13:45:00,,,,0,9.3,23.8,67,0,0,0,0.5,9.7,621.5,,6,707.8,31.4,59,35.4,22.4
2026-07-23T13:40:00+05:30,2026-07-23 13:40:00,,,,1.4,3.5,23.8,54,0,0,0,0.5,9.7,621.5,,7,762.7,31.3,58,34.9,22
2026-07-23T13:35:00+05:30,2026-07-23 13:35:00,,,,4,14.8,23.8,123,0,0,0,0.5,9.7,621.5,,7,771.7,31.2,59,35.1,22.2
2026-07-23T13:30:00+05:30,2026-07-23 13:30:00,,,,8.7,14.8,23.8,73,0,0,0,0.5,9.7,621.5,,7,789.5,31.2,59,35.1,22.2
2026-07-23T13:25:00+05:30,2026-07-23 13:25:00,,,,1.4,9.3,23.8,60,0,0,0,0.5,9.7,621.5,,7,738.4,31.1,59,34.8,22.1
2026-07-23T13:20:00+05:30,2026-07-23 13:20:00,,,,0,3.5,23.8,58,0,0,0,0.5,9.7,621.5,,7,756.7,31,59,34.6,22.1
2026-07-23T13:15:00+05:30,2026-07-23 13:15:00,,,,3.5,9.3,23.8,117,0,0,0,0.5,9.7,621.5,,7,790.1,30.9,59,34.4,21.9
2026-07-23T13:10:00+05:30,2026-07-23 13:10:00,31.5,36.2,23,1.4,9.3,23.8,63,0,0,0,0.5,9.7,621.5,61,7,789.8,30.8,59,34.2,21.8
2026-07-23T13:05:00+05:30,2026-07-23 13:05:00,31.4,36,22.9,0.3,13,23.8,106,0,0,0,0.5,9.7,621.5,61,7,817.3,30.7,60,34.3,22.1
2026-07-23T13:01:00+05:30,2026-07-23 13:01:00,31.1,35.6,23,5,9.3,23.8,76,0,0,0,0.5,9.7,621.5,62,7,737.7,30.6,60,34.1,21.9
2026-07-23T12:55:00+05:30,2026-07-23 12:55:00,31.6,36.8,23.4,11.9,14.8,23.8,119,0,0,0,0.5,9.7,621.5,62,7,772.9,30.5,60,33.8,21.8
2026-07-23T12:50:00+05:30,2026-07-23 12:50:00,31.9,36.8,23.1,0,9.3,23.8,71,0,0,0,0.5,9.7,621.5,60,7,762.3,30.4,60,33.6,21.7
2026-07-23T12:45:00+05:30,2026-07-23 12:45:00,30.9,34.6,22.2,6.1,9.3,23.8,104,0,0,0,0.5,9.7,621.5,60,8,821.9,30.4,60,33.6,21.7
2026-07-23T12:40:00+05:30,2026-07-23 12:40:00,30.8,34.9,22.6,2.6,11.1,23.8,92,0,0,0,0.5,9.7,621.5,62,6,616.5,30.3,60,33.4,21.6
2026-07-23T12:35:00+05:30,2026-07-23 12:35:00,31.1,35.3,22.7,1.1,5.5,23.8,83,0,0,0,0.5,9.7,621.5,61,7,776.5,30.2,60,33.3,21.6
2026-07-23T12:30:00+05:30,2026-07-23 12:30:00,30.9,35.1,22.7,3.2,7.2,23.8,74,0,0,0,0.5,9.7,621.5,62,6,636,30.2,61,33.5,21.8
2026-07-23T12:25:00+05:30,2026-07-23 12:25:00,30.9,34.9,22.5,1.4,13,23.8,101,0,0,0,0.5,9.7,621.5,61,8,850.7,30.1,61,33.3,21.7
2026-07-23T12:20:00+05:30,2026-07-23 12:20:00,31,35.1,22.6,3.5,5.5,23.8,60,0,0,0,0.5,9.7,621.5,61,8,872.9,30,61,33.1,21.7
2026-07-23T12:15:00+05:30,2026-07-23 12:15:00,31.1,35.3,22.7,2.1,13,23.8,90,0,0,0,0.5,9.7,621.5,61,6,650.1,30,61,33.1,21.7
2026-07-23T12:10:00+05:30,2026-07-23 12:10:00,31.2,35.3,22.5,7.6,11.1,23.8,80,0,0,0,0.5,9.7,621.5,60,8,887.8,29.9,61,32.8,21.6
2026-07-23T12:05:00+05:30,2026-07-23 12:05:00,30.5,34.3,22.4,0,1.8,23.8,58,0,0,0,0.5,9.7,621.5,62,8,842.8,29.9,62,33,21.8
2026-07-23T12:00:00+05:30,2026-07-23 12:00:00,30.6,34.5,22.5,0,14.8,23.8,79,0,0,0,0.5,9.7,621.5,62,1,169.3,29.8,62,32.8,21.7
2026-07-23T11:56:00+05:30,2026-07-23 11:56:00,,,,1.1,13,23.8,126,0,0,0,0.5,9.7,621.5,,8,918.8,29.8,62,32.8,21.7
2026-07-23T11:50:00+05:30,2026-07-23 11:50:00,31.5,35.9,22.8,1.4,3.5,16.6,94,0,0,0,0.5,9.7,621.5,60,8,864.1,29.7,62,32.7,21.7
2026-07-23T11:45:00+05:30,2026-07-23 11:45:00,31.1,35.3,22.7,0.3,11.1,16.6,104,0,0,0,0.5,9.7,621.5,61,8,845.7,29.6,63,32.7,21.8
2026-07-23T11:40:00+05:30,2026-07-23 11:40:00,30.9,34.6,22.2,8.7,13,16.6,112,0,0,0,0.5,9.7,621.5,60,8,858.8,29.5,62,32.3,21.4
2026-07-23T11:35:00+05:30,2026-07-23 11:35:00,30.7,35,22.9,8.7,9.3,16.6,90,0,0,0,0.5,9.7,621.5,63,8,877.8,29.4,63,32.2,21.6
2026-07-23T11:30:00+05:30,2026-07-23 11:30:00,,,,0.3,9.3,16.6,96,0,0,0,0.5,9.7,621.5,,8,830.4,29.3,63,32,21.5
2026-07-23T11:25:00+05:30,2026-07-23 11:25:00,,,,6.1,11.1,16.6,119,0,0,0,0.5,9.7,621.5,,8,868.6,29.2,63,31.9,21.4
2026-07-23T11:20:00+05:30,2026-07-23 11:20:00,,,,4.7,13,16.6,81,0,0,0,0.5,9.7,621.5,,8,858.2,29.2,63,31.9,21.4
2026-07-23T11:15:00+05:30,2026-07-23 11:15:00,,,,6.9,11.1,16.6,99,0,0,0,0.5,9.7,621.5,,3,399.4,29.1,64,31.9,21.6
2026-07-23T11:10:00+05:30,2026-07-23 11:10:00,,,,1.1,7.2,16.6,82,0,0,0,0.5,9.7,621.5,,7,803.7,29,65,31.8,21.7
2026-07-23T11:05:00+05:30,2026-07-23 11:05:00,,,,1.4,5.5,16.6,101,0,0,0,0.5,9.7,621.5,,8,869.8,28.9,65,31.6,21.6
2026-07-23T11:00:00+05:30,2026-07-23 11:00:00,,,,9.3,14.8,16.6,141,0,0,0,0.5,9.7,621.5,,7,808.6,28.9,65,31.6,21.6
2026-07-23T10:55:00+05:30,2026-07-23 10:55:00,,,,0,3.5,16.6,60,0,0,0,0.5,9.7,621.5,,2,255,28.8,65,31.4,21.6
2026-07-23T10:50:00+05:30,2026-07-23 10:50:00,,,,1.4,16.6,16.6,106,0,0,0,0.5,9.7,621.5,,8,859.3,28.8,65,31.4,21.6
2026-07-23T10:45:00+05:30,2026-07-23 10:45:00,,,,1.4,9.3,16.6,78,0,0,0,0.5,9.7,621.5,,8,824.3,28.7,66,31.4,21.7
2026-07-23T10:40:00+05:30,2026-07-23 10:40:00,,,,0.6,9.3,16.6,116,0,0,0,0.5,9.7,621.5,,7,769.7,28.6,66,31.3,21.6
2026-07-23T10:36:00+05:30,2026-07-23 10:36:00,,,,0,7.2,14.8,69,0,0,0,0.5,9.7,621.5,,6,680.5,28.6,66,31.3,21.6
2026-07-23T10:30:00+05:30,2026-07-23 10:30:00,,,,7.6,9.3,14.8,123,0,0,0,0.5,9.7,621.5,,7,769.9,28.6,66,31.3,21.6
2026-07-23T10:25:00+05:30,2026-07-23 10:25:00,,,,0.3,14.8,14.8,66,0,0,0,0.5,9.7,621.5,,7,748,28.5,66,31.1,21.5
2026-07-23T10:20:00+05:30,2026-07-23 10:20:00,,,,0,11.1,14.8,83,0,0,0,0.5,9.7,621.5,,7,747.8,28.4,67,31,21.7
2026-07-23T10:15:00+05:30,2026-07-23 10:15:00,,,,2.9,7.2,14.8,90,0,0,0,0.5,9.7,621.5,,7,735.7,28.4,67,31,21.7
2026-07-23T10:10:00+05:30,2026-07-23 10:10:00,,,,4,9.3,14.8,106,0,0,0,0.5,9.7,621.5,,6,702.9,28.3,67,30.8,21.6
2026-07-23T10:05:00+05:30,2026-07-23 10:05:00,,,,0,3.5,14.8,92,0,0,0,0.5,9.7,621.5,,7,722.8,28.2,67,30.7,21.5
2026-07-23T10:00:00+05:30,2026-07-23 10:00:00,,,,7.2,9.3,14.8,75,0,0,0,0.5,9.7,621.5,,6,641.5,28.2,67,30.7,21.5
2026-07-23T09:55:00+05:30,2026-07-23 09:55:00,,,,0.6,3.5,14.8,54,0,0,0,0.5,9.7,621.5,,6,689.5,28.1,67,30.5,21.4
2026-07-23T09:50:00+05:30,2026-07-23 09:50:00,,,,5.5,7.2,14.8,77,0,0,0,0.5,9.7,621.5,,6,697.3,28.1,67,30.5,21.4
2026-07-23T09:45:00+05:30,2026-07-23 09:45:00,,,,2.9,11.1,14.8,62,0,0,0,0.5,9.7,621.5,,6,695,28.1,67,30.5,21.4
2026-07-23T09:40:00+05:30,2026-07-23 09:40:00,,,,0,14.8,14.8,61,0,0,0,0.5,9.7,621.5,,6,668.3,28.1,68,30.6,21.6
2026-07-23T09:35:00+05:30,2026-07-23 09:35:00,,,,2.9,11.1,13,72,0,0,0,0.5,9.7,621.5,,6,671.6,28.1,68,30.6,21.6
2026-07-23T09:31:00+05:30,2026-07-23 09:31:00,,,,9,13,13,95,0,0,0,0.5,9.7,621.5,,6,641.7,28,68,30.4,21.6
2026-07-23T09:25:00+05:30,2026-07-23 09:25:00,,,,7.6,9.3,11.1,85,0,0,0,0.5,9.7,621.5,,6,626.9,27.9,68,30.2,21.4
2026-07-23T09:20:00+05:30,2026-07-23 09:20:00,,,,5.5,7.2,11.1,63,0,0,0,0.5,9.7,621.5,,6,640,27.9,68,30.2,21.4
2026-07-23T09:15:00+05:30,2026-07-23 09:15:00,,,,3.2,5.5,11.1,120,0,0,0,0.5,9.7,621.5,,6,617.6,27.9,68,30.2,21.4
2026-07-23T09:10:00+05:30,2026-07-23 09:10:00,,,,0,7.2,11.1,67,0,0,0,0.5,9.7,621.5,,5,589.8,27.9,68,30.2,21.4
2026-07-23T09:05:00+05:30,2026-07-23 09:05:00,,,,4.7,9.3,11.1,102,0,0,0,0.5,9.7,621.5,,5,581.7,27.8,68,30,21.3
2026-07-23T09:00:00+05:30,2026-07-23 09:00:00,,,,0,1.8,11.1,71,0,0,0,0.5,9.7,621.5,,5,568.8,27.8,68,30,21.3
2026-07-23T08:55:00+05:30,2026-07-23 08:55:00,,,,2.6,11.1,11.1,91,0,0,0,0.5,9.7,621.5,,5,551,27.7,68,29.9,21.3
2026-07-23T08:50:00+05:30,2026-07-23 08:50:00,,,,3.2,5.5,11.1,77,0,0,0,0.5,9.7,621.5,,5,532.1,27.7,68,29.9,21.3
2026-07-23T08:45:00+05:30,2026-07-23 08:45:00,,,,0.3,5.5,11.1,154,0,0,0,0.5,9.7,621.5,,5,515.2,27.6,68,29.7,21.2
2026-07-23T08:40:00+05:30,2026-07-23 08:40:00,,,,0,9.3,11.1,84,0,0,0,0.5,9.7,621.5,,4,497.7,27.6,68,29.7,21.2
2026-07-23T08:35:00+05:30,2026-07-23 08:35:00,,,,2.9,5.5,11.1,76,0,0,0,0.5,9.7,621.5,,4,462.3,27.5,67,29.4,20.8
2026-07-23T08:30:00+05:30,2026-07-23 08:30:00,,,,1.8,7.2,11.1,42,0,0,0,0.5,9.7,621.5,,4,462.8,27.5,67,29.4,20.8
2026-07-23T08:26:00+05:30,2026-07-23 08:26:00,,,,0,5.5,11.1,68,0,0,0,0.5,9.7,621.5,,4,450.9,27.5,67,29.4,20.8
2026-07-23T08:20:00+05:30,2026-07-23 08:20:00,,,,1.4,11.1,11.1,173,0,0,0,0.5,9.7,621.5,,4,443.9,27.5,67,29.4,20.8
2026-07-23T08:15:00+05:30,2026-07-23 08:15:00,,,,0.3,9.3,11.1,97,0,0,0,0.5,9.7,621.5,,1,143.6,27.5,67,29.4,20.8
2026-07-23T08:10:00+05:30,2026-07-23 08:10:00,,,,0,7.2,11.1,79,0,0,0,0.5,9.7,621.5,,4,442.4,27.5,67,29.4,20.8
2026-07-23T08:05:00+05:30,2026-07-23 08:05:00,,,,0,9.3,11.1,62,0,0,0,0.5,9.7,621.5,,3,385.2,27.4,67,29.2,20.7
2026-07-23T08:00:00+05:30,2026-07-23 08:00:00,,,,0,3.5,11.1,63,0,0,0,0.5,9.7,621.5,,3,353.7,27.5,67,29.4,20.8
2026-07-23T07:55:00+05:30,2026-07-23 07:55:00,,,,0,1.8,11.1,81,0,0,0,0.5,9.7,621.5,,3,340.7,27.4,67,29.2,20.7
2026-07-23T07:50:00+05:30,2026-07-23 07:50:00,,,,0,0,11.1,133,0,0,0,0.5,9.7,621.5,,3,317.2,27.4,67,29.2,20.7
2026-07-23T07:45:00+05:30,2026-07-23 07:45:00,,,,1.8,5.5,11.1,77,0,0,0,0.5,9.7,621.5,,2,291,27.4,67,29.2,20.7
2026-07-23T07:40:00+05:30,2026-07-23 07:40:00,26.5,27.2,22.1,0,0,11.1,72,0,0,0,0.5,9.7,621.5,77,2,275.4,27.4,67,29.2,20.7
2026-07-23T07:35:00+05:30,2026-07-23 07:35:00,27,29.5,22.6,0,5.5,11.1,71,0,0,0,0.5,9.7,621.5,77,2,260.9,27.3,67,29.1,20.6
2026-07-23T07:30:00+05:30,2026-07-23 07:30:00,26.7,28.8,22.1,0,0,11.1,76,0,0,0,0.5,9.7,621.5,76,2,256.8,27.3,67,29.1,20.6
2026-07-23T07:25:00+05:30,2026-07-23 07:25:00,26.8,29,22.4,1.4,3.5,11.1,68,0,0,0,0.5,9.7,621.5,77,2,234,27.3,67,29.1,20.6
2026-07-23T07:21:00+05:30,2026-07-23 07:21:00,26.4,27.1,22,0,1.8,11.1,88,0,0,0,0.5,9.7,621.5,77,2,208.9,27.3,67,29.1,20.6
2026-07-23T07:15:00+05:30,2026-07-23 07:15:00,26.5,27.2,22.3,0,0,11.1,66,0,0,0,0.5,9.7,621.5,78,1,185,27.2,67,28.9,20.6
2026-07-23T07:10:00+05:30,2026-07-23 07:10:00,,,,0,0,11.1,69,0,0,0,0.5,9.7,621.5,,1,164.9,27.2,67,28.9,20.6
2026-07-23T07:05:00+05:30,2026-07-23 07:05:00,25.6,26.3,21.9,0,3.5,11.1,104,0,0,0,0.5,9.7,621.5,80,1,146.7,27.2,67,28.9,20.6
2026-07-23T07:00:00+05:30,2026-07-23 07:00:00,24.9,25.5,21.4,0,0,11.1,80,0,0,0,0.5,9.7,621.5,81,1,133.4,27.1,67,28.8,20.4
2026-07-23T06:55:00+05:30,2026-07-23 06:55:00,24.4,25.1,21.7,0,0,11.1,85,0,0,0,0.5,9.7,621.5,85,1,113.8,27.1,67,28.8,20.4
2026-07-23T06:50:00+05:30,2026-07-23 06:50:00,24.1,24.8,21.4,0,0,11.1,74,0,0,0,0.5,9.7,621.5,85,0,92.6,27.1,67,28.8,20.4
2026-07-23T06:45:00+05:30,2026-07-23 06:45:00,,,,1.8,3.5,11.1,79,0,0,0,0.5,9.7,621.5,,0,75.6,27.1,67,28.8,20.4
2026-07-23T06:40:00+05:30,2026-07-23 06:40:00,,,,0,0,11.1,70,0,0,0,0.5,9.7,621.5,,0,25.6,27.1,67,28.8,20.4
2026-07-23T06:35:00+05:30,2026-07-23 06:35:00,,,,0,0,11.1,103,0,0,0,0.5,9.7,621.5,,0,23.2,27.1,67,28.8,20.4
2026-07-23T06:30:00+05:30,2026-07-23 06:30:00,,,,0,0,11.1,77,0,0,0,0.5,9.7,621.5,,0,21.7,27.1,67,28.8,20.4
2026-07-23T06:25:00+05:30,2026-07-23 06:25:00,,,,1.1,1.8,11.1,65,0,0,0,0.5,9.7,621.5,,0,19.3,27.2,67,28.9,20.6
2026-07-23T06:20:00+05:30,2026-07-23 06:20:00,,,,0,0,11.1,83,0,0,0,0.5,9.7,621.5,,0,15.2,27.2,67,28.9,20.6
2026-07-23T06:15:00+05:30,2026-07-23 06:15:00,,,,0,0,11.1,67,0,0,0,0.5,9.7,621.5,,0,11.8,27.2,67,28.9,20.6
2026-07-23T06:10:00+05:30,2026-07-23 06:10:00,,,,0,0,11.1,72,0,0,0,0.5,9.7,621.5,,0,8.6,27.2,67,28.9,20.6
2026-07-23T06:05:00+05:30,2026-07-23 06:05:00,,,,0,0,11.1,69,0,0,0,0.5,9.7,621.5,,0,5.4,27.2,67,28.9,20.6
2026-07-23T06:01:00+05:30,2026-07-23 06:01:00,,,,0,0,11.1,73,0,0,0,0.5,9.7,621.5,,0,3.3,27.3,67,29.1,20.6
2026-07-23T05:55:00+05:30,2026-07-23 05:55:00,,,,0,0,11.1,77,0,0,0,0.5,9.7,621.5,,0,1.5,27.3,67,29.1,20.6
2026-07-23T05:50:00+05:30,2026-07-23 05:50:00,,,,0,0,11.1,68,0,0,0,0.5,9.7,621.5,,0,0.5,27.3,67,29.1,20.6
2026-07-23T05:45:00+05:30,2026-07-23 05:45:00,,,,0,0,11.1,64,0,0,0,0.5,9.7,621.5,,0,0.1,27.3,67,29.1,20.6
2026-07-23T05:40:00+05:30,2026-07-23 05:40:00,,,,0,0,11.1,68,0,0,0,0.5,9.7,621.5,,0,0,27.3,67,29.1,20.6
2026-07-23T05:35:00+05:30,2026-07-23 05:35:00,,,,0,0,11.1,69,0,0,0,0.5,9.7,621.5,,0,0,27.4,67,29.2,20.7
2026-07-23T05:30:00+05:30,2026-07-23 05:30:00,,,,0,0,11.1,69,0,0,0,0.5,9.7,621.5,,0,0,27.4,67,29.2,20.7
2026-07-23T05:25:00+05:30,2026-07-23 05:25:00,,,,0,0,11.1,71,0,0,0,0.5,9.7,621.5,,0,0,27.4,67,29.2,20.7
2026-07-23T05:20:00+05:30,2026-07-23 05:20:00,,,,0,0,11.1,64,0,0,0,0.5,9.7,621.5,,0,0,27.4,67,29.2,20.7
2026-07-23T05:15:00+05:30,2026-07-23 05:15:00,,,,0,0,11.1,64,0,0,0,0.5,9.7,621.5,,0,0,27.4,67,29.2,20.7
2026-07-23T05:10:00+05:30,2026-07-23 05:10:00,,,,0,0,11.1,66,0,0,0,0.5,9.7,621.5,,0,0,27.4,67,29.2,20.7
2026-07-23T05:05:00+05:30,2026-07-23 05:05:00,,,,0,0,11.1,69,0,0,0,0.5,9.7,621.5,,0,0,27.4,67,29.2,20.7
2026-07-23T05:00:00+05:30,2026-07-23 05:00:00,,,,0,0,11.1,69,0,0,0,0.5,9.7,621.5,,0,0,27.4,67,29.2,20.7
2026-07-23T04:56:00+05:30,2026-07-23 04:56:00,,,,0,0,11.1,72,0,0,0,0.5,9.7,621.5,,0,0,27.5,67,29.4,20.8
2026-07-23T04:50:00+05:30,2026-07-23 04:50:00,,,,0,0,11.1,72,0,0,0,0.5,9.7,621.5,,0,0,27.5,67,29.4,20.8
2026-07-23T04:45:00+05:30,2026-07-23 04:45:00,,,,0,0,11.1,66,0,0,0,0.5,9.7,621.5,,0,0,27.5,67,29.4,20.8
2026-07-23T04:40:00+05:30,2026-07-23 04:40:00,,,,0,1.8,11.1,70,0,0,0,0.5,9.7,621.5,,0,0,27.5,67,29.4,20.8
2026-07-23T04:35:00+05:30,2026-07-23 04:35:00,,,,0,0,11.1,67,0,0,0,0.5,9.7,621.5,,0,0,27.5,67,29.4,20.8
2026-07-23T04:30:00+05:30,2026-07-23 04:30:00,,,,0,0,11.1,63,0,0,0,0.5,9.7,621.5,,0,0,27.5,67,29.4,20.8
2026-07-23T04:25:00+05:30,2026-07-23 04:25:00,,,,0,0,11.1,74,0,0,0,0.5,9.7,621.5,,0,0,27.5,67,29.4,20.8
2026-07-23T04:20:00+05:30,2026-07-23 04:20:00,,,,0,0,11.1,75,0,0,0,0.5,9.7,621.5,,0,0,27.6,67,29.6,20.9
2026-07-23T04:15:00+05:30,2026-07-23 04:15:00,,,,0,0,11.1,76,0,0,0,0.5,9.7,621.5,,0,0,27.6,67,29.6,20.9
2026-07-23T04:10:00+05:30,2026-07-23 04:10:00,,,,0,0,11.1,66,0,0,0,0.5,9.7,621.5,,0,0,27.6,67,29.6,20.9
2026-07-23T04:05:00+05:30,2026-07-23 04:05:00,,,,0,0,11.1,71,0,0,0,0.5,9.7,621.5,,0,0,27.6,66,29.5,20.7
2026-07-23T04:00:00+05:30,2026-07-23 04:00:00,,,,0,0,11.1,64,0,0,0,0.5,9.7,621.5,,0,0,27.6,66,29.5,20.7
2026-07-23T03:55:00+05:30,2026-07-23 03:55:00,,,,0,0,11.1,69,0,0,0,0.5,9.7,621.5,,0,0,27.6,66,29.5,20.7
2026-07-23T03:51:00+05:30,2026-07-23 03:51:00,,,,0,0,11.1,63,0,0,0,0.5,9.7,621.5,,0,0,27.6,66,29.5,20.7
2026-07-23T03:45:00+05:30,2026-07-23 03:45:00,,,,0,3.5,11.1,71,0,0,0,0.5,9.7,621.5,,0,0,27.7,66,29.7,20.8
2026-07-23T03:40:00+05:30,2026-07-23 03:40:00,,,,0,1.8,11.1,71,0,0,0,0.5,9.7,621.5,,0,0,27.7,66,29.7,20.8
2026-07-23T03:35:00+05:30,2026-07-23 03:35:00,,,,0,0,11.1,69,0,0,0,0.5,9.7,621.5,,0,0,27.7,66,29.7,20.8
2026-07-23T03:30:00+05:30,2026-07-23 03:30:00,,,,0,0,11.1,74,0,0,0,0.5,9.7,621.5,,0,0,27.8,66,29.8,20.8
2026-07-23T03:25:00+05:30,2026-07-23 03:25:00,,,,0,11.1,11.1,76,0,0,0,0.5,9.7,621.5,,0,0,27.8,66,29.8,20.8
2026-07-23T03:20:00+05:30,2026-07-23 03:20:00,23.4,24.1,21.5,0.6,5.5,11.1,77,0,0,0,0.5,9.7,621.5,89,0,0,27.8,66,29.8,20.8
2026-07-23T03:15:00+05:30,2026-07-23 03:15:00,23.5,24.2,21.6,0,11.1,11.1,89,0,0,0,0.5,9.7,621.5,89,0,0,27.8,66,29.8,20.8
2026-07-23T03:10:00+05:30,2026-07-23 03:10:00,23.5,24.2,21.6,0,3.5,9.3,82,0,0,0,0.5,9.7,621.5,89,0,0,27.9,66,29.9,20.9
2026-07-23T03:05:00+05:30,2026-07-23 03:05:00,23.4,24.1,21.5,0,3.5,9.3,70,0,0,0,0.5,9.7,621.5,89,0,0,27.9,66,29.9,20.9
2026-07-23T03:00:00+05:30,2026-07-23 03:00:00,23.3,24,21.5,0,5.5,9.3,83,0,0,0,0.5,9.7,621.5,90,0,0,28,66,30.2,21.1
2026-07-23T02:55:00+05:30,2026-07-23 02:55:00,23.3,24,21.5,0,0,9.3,68,0,0,0,0.5,9.7,621.5,90,0,0,28,66,30.2,21.1
2026-07-23T02:50:00+05:30,2026-07-23 02:50:00,23.3,24,21.5,0,0,9.3,73,0,0,0,0.5,9.7,621.5,90,0,0,28,66,30.2,21.1
2026-07-23T02:45:00+05:30,2026-07-23 02:45:00,23.3,24,21.5,0,0,9.3,66,0,0,0,0.5,9.7,621.5,90,0,0,28,66,30.2,21.1
2026-07-23T02:40:00+05:30,2026-07-23 02:40:00,23.2,24,21.7,0,0,9.3,72,0,0,0,0.5,9.7,621.5,91,0,0,28,66,30.2,21.1
2026-07-23T02:35:00+05:30,2026-07-23 02:35:00,23.3,24,21.5,0,0,9.3,72,0,0,0,0.5,9.7,621.5,90,0,0,28,66,30.2,21.1
2026-07-23T02:31:00+05:30,2026-07-23 02:31:00,23.2,24,21.7,0,0,9.3,68,0,0,0,0.5,9.7,621.5,91,0,0,28.1,67,30.5,21.4
2026-07-23T02:25:00+05:30,2026-07-23 02:25:00,23.2,24,21.7,0,0,9.3,65,0,0,0,0.5,9.7,621.5,91,0,0,28.1,67,30.5,21.4
2026-07-23T02:20:00+05:30,2026-07-23 02:20:00,23.3,24,21.7,0,0,9.3,68,0,0,0,0.5,9.7,621.5,91,0,0,28.1,67,30.5,21.4
2026-07-23T02:15:00+05:30,2026-07-23 02:15:00,23.3,24,21.7,0,0,9.3,78,0,0,0,0.5,9.7,621.5,91,0,0,28.1,67,30.5,21.4
2026-07-23T02:10:00+05:30,2026-07-23 02:10:00,23.3,24,21.7,0,0,9.3,68,0,0,0,0.5,9.7,621.5,91,0,0,28.1,67,30.5,21.4
2026-07-23T02:05:00+05:30,2026-07-23 02:05:00,23.3,24,21.7,0,0,9.3,70,0,0,0,0.5,9.7,621.5,91,0,0,28.2,67,30.7,21.5
2026-07-23T02:00:00+05:30,2026-07-23 02:00:00,23.3,24.1,21.9,0,1.8,9.3,69,0,0,0,0.5,9.7,621.5,92,0,0,28.2,67,30.7,21.5
2026-07-23T01:55:00+05:30,2026-07-23 01:55:00,23.3,24.1,21.9,0,1.8,9.3,71,0,0,0,0.5,9.7,621.5,92,0,0,28.2,67,30.7,21.5
2026-07-23T01:50:00+05:30,2026-07-23 01:50:00,23.4,24.2,21.8,0,0,9.3,72,0,0,0,0.5,9.7,621.5,91,0,0,28.2,67,30.7,21.5
2026-07-23T01:45:00+05:30,2026-07-23 01:45:00,23.4,24.2,21.8,0,5.5,9.3,70,0,0,0,0.5,9.7,621.5,91,0,0,28.2,67,30.7,21.5
2026-07-23T01:40:00+05:30,2026-07-23 01:40:00,23.4,24.2,22,0,3.5,9.3,80,0,0,0,0.5,9.7,621.5,92,0,0,28.3,67,30.8,21.6
2026-07-23T01:35:00+05:30,2026-07-23 01:35:00,23.4,24.2,22,1.1,1.8,9.3,81,0,0,0,0.5,9.7,621.5,92,0,0,28.3,67,30.8,21.6
2026-07-23T01:30:00+05:30,2026-07-23 01:30:00,23.4,24.2,22,0,0,9.3,87,0,0,0,0.5,9.7,621.5,92,0,0,28.3,67,30.8,21.6
2026-07-23T01:26:00+05:30,2026-07-23 01:26:00,23.3,24.1,22.1,0,0,9.3,64,0,0,0,0.5,9.7,621.5,93,0,0,28.3,67,30.8,21.6
2026-07-23T01:20:00+05:30,2026-07-23 01:20:00,23.3,24.1,22.1,0,1.8,9.3,70,0,0,0,0.5,9.7,621.5,93,0,0,28.4,67,31,21.7
2026-07-23T01:15:00+05:30,2026-07-23 01:15:00,23.3,24.1,22.1,0,3.5,9.3,75,0,0,0,0.5,9.7,621.5,93,0,0,28.4,67,31,21.7
2026-07-23T01:10:00+05:30,2026-07-23 01:10:00,23.3,24.1,22.1,0,1.8,9.3,75,0,0,0,0.5,9.7,621.5,93,0,0,28.4,67,31,21.7
2026-07-23T01:05:00+05:30,2026-07-23 01:05:00,23.4,24.2,22.2,0,5.5,9.3,73,0,0,0,0.5,9.7,621.5,93,0,0,28.5,67,31.2,21.8
2026-07-23T01:00:00+05:30,2026-07-23 01:00:00,23.5,24.3,22.3,2.1,3.5,9.3,85,0,0,0,0.5,9.7,621.5,93,0,0,28.5,66,31.1,21.5
2026-07-23T00:55:00+05:30,2026-07-23 00:55:00,23.5,24.3,22.3,0,5.5,7.2,71,0,0,0,0.5,9.7,621.5,93,0,0,28.5,66,31.1,21.5
2026-07-23T00:50:00+05:30,2026-07-23 00:50:00,23.5,24.3,22.3,4.7,5.5,7.2,88,0,0,0,0.5,9.7,621.5,93,0,0,28.6,66,31.3,21.6
2026-07-23T00:45:00+05:30,2026-07-23 00:45:00,23.5,24.3,22.1,0,1.8,7.2,84,0,0,0,0.5,9.7,621.5,92,0,0,28.6,66,31.3,21.6
2026-07-23T00:40:00+05:30,2026-07-23 00:40:00,23.5,24.3,22.1,0,3.5,7.2,75,0,0,0,0.5,9.7,621.5,92,0,0,28.6,66,31.3,21.6
2026-07-23T00:35:00+05:30,2026-07-23 00:35:00,23.6,24.4,22.2,0,0,7.2,73,0,0,0,0.5,9.7,621.5,92,0,0,28.7,66,31.4,21.7
2026-07-23T00:30:00+05:30,2026-07-23 00:30:00,23.6,24.4,22.2,0,0,7.2,69,0,0,0,0.5,9.7,621.5,92,0,0,28.7,67,31.6,22
2026-07-23T00:25:00+05:30,2026-07-23 00:25:00,23.7,24.6,22.3,1.4,5.5,7.2,82,0,0,0,0.5,9.7,621.5,92,0,0,28.7,67,31.6,22
2026-07-23T00:21:00+05:30,2026-07-23 00:21:00,23.7,24.6,22.3,0,1.8,7.2,78,0,0,0,0.5,9.7,621.5,92,0,0,28.8,67,31.7,22
2026-07-23T00:15:00+05:30,2026-07-23 00:15:00,23.7,24.6,22.3,0,5.5,7.2,83,0,0,0,0.5,9.7,621.5,92,0,0,28.8,67,31.7,22
2026-07-23T00:10:00+05:30,2026-07-23 00:10:00,23.7,24.6,22.5,0,5.5,5.5,84,0,0,0,0.5,9.7,621.5,93,0,0,28.8,67,31.7,22
2026-07-23T00:05:00+05:30,2026-07-23 00:05:00,23.7,24.6,22.5,0,0,0,79,0,0,0,0.5,9.7,621.5,93,0,0,28.8,67,31.7,22
2026-07-23T00:00:00+05:30,2026-07-23 00:00:00,23.8,24.6,22.6,0,0,0,69,0,0,0,0.5,9.7,621.5,93,0,0,28.8,67,31.7,22
2026-07-22T23:55:00+05:30,2026-07-22 23:55:00,23.9,24.8,22.7,0,0,25.6,74,0,0,0,0.5,9.7,621.5,93,0,0,28.9,67,31.9,22.1
2026-07-22T23:50:00+05:30,2026-07-22 23:50:00,24,24.9,22.8,0,0,25.6,77,0,0,0,0.5,9.7,621.5,93,0,0,28.8,67,31.7,22
2026-07-22T23:45:00+05:30,2026-07-22 23:45:00,24,24.9,22.8,0,7.2,25.6,70,0,0,0,0.5,9.7,621.5,93,0,0,28.9,66,31.8,21.9
2026-07-22T23:40:00+05:30,2026-07-22 23:40:00,24.1,25,22.9,6.4,7.2,25.6,103,0,0,0,0.5,9.7,621.5,93,0,0,28.9,66,31.8,21.9
2026-07-22T23:35:00+05:30,2026-07-22 23:35:00,24.1,25,22.7,0,9.3,25.6,70,0,0,0,0.5,9.7,621.5,92,0,0,29,66,32,22
2026-07-22T23:30:00+05:30,2026-07-22 23:30:00,24.1,25,22.7,7.2,9.3,25.6,101,0,0,0,0.5,9.7,621.5,92,0,0,29,66,32,22
2026-07-22T23:25:00+05:30,2026-07-22 23:25:00,24.1,25,22.9,6.1,9.3,25.6,77,0,0,0,0.5,9.7,621.5,93,0,0,29,66,32,22
2026-07-22T23:20:00+05:30,2026-07-22 23:20:00,24.2,25.1,22.8,0,9.3,25.6,75,0,0,0,0.5,9.7,621.5,92,0,0,29,66,32,22
2026-07-22T23:16:00+05:30,2026-07-22 23:16:00,24.2,25.1,22.8,1.4,3.5,25.6,76,0,0,0,0.5,9.7,621.5,92,0,0,29.1,66,32.2,22.1
2026-07-22T23:10:00+05:30,2026-07-22 23:10:00,24.3,25.2,22.9,5.5,14.8,25.6,74,0,0,0,0.5,9.7,621.5,92,0,0,29.1,66,32.2,22.1
2026-07-22T23:05:00+05:30,2026-07-22 23:05:00,24.4,25.3,22.8,2.9,13,25.6,79,0,0,0,0.5,9.7,621.5,91,0,0,29.1,66,32.2,22.1
2026-07-22T23:00:00+05:30,2026-07-22 23:00:00,24.4,25.3,22.8,4,11.1,25.6,122,0,0,0,0.5,9.7,621.5,91,0,0,29.2,66,32.4,22.2
2026-07-22T22:55:00+05:30,2026-07-22 22:55:00,24.5,25.4,22.9,0,0,25.6,76,0,0,0,0.5,9.7,621.5,91,0,0,29.2,66,32.4,22.2
2026-07-22T22:50:00+05:30,2026-07-22 22:50:00,24.4,25.3,22.8,0.3,13,25.6,73,0,0,0,0.5,9.7,621.5,91,0,0,29.3,66,32.6,22.3
2026-07-22T22:45:00+05:30,2026-07-22 22:45:00,24.4,25.3,22.8,1.4,9.3,25.6,76,0,0,0,0.5,9.7,621.5,91,0,0,29.3,66,32.6,22.3
2026-07-22T22:40:00+05:30,2026-07-22 22:40:00,24.3,25.2,22.9,6.1,9.3,25.6,111,0,0,0,0.5,9.7,621.5,92,0,0,29.3,66,32.6,22.3
2026-07-22T22:35:00+05:30,2026-07-22 22:35:00,24.3,25.2,22.9,3.5,5.5,25.6,73,0,0,0,0.5,9.7,621.5,92,0,0,29.4,66,32.8,22.3
2026-07-22T22:30:00+05:30,2026-07-22 22:30:00,24.4,25.3,23,0,0,25.6,68,0,0,0,0.5,9.7,621.5,92,0,0,29.4,65,32.6,22.1
2026-07-22T22:25:00+05:30,2026-07-22 22:25:00,24.4,25.3,23,0,0,25.6,74,0,0,0,0.5,9.7,621.5,92,0,0,29.4,65,32.6,22.1
2026-07-22T22:20:00+05:30,2026-07-22 22:20:00,24.5,25.4,22.9,0,0,25.6,72,0,0,0,0.5,9.7,621.5,91,0,0,29.5,65,32.8,22.2
2026-07-22T22:15:00+05:30,2026-07-22 22:15:00,24.5,25.4,22.9,0,0,25.6,77,0,0,0,0.5,9.7,621.5,91,0,0,29.5,65,32.8,22.2
2026-07-22T22:11:00+05:30,2026-07-22 22:11:00,24.6,25.5,23,0,0,25.6,83,0,0,0,0.5,9.7,621.5,91,0,0,29.5,65,32.8,22.2
2026-07-22T22:05:00+05:30,2026-07-22 22:05:00,24.6,25.5,23,1.4,1.8,25.6,98,0,0,0,0.5,9.7,621.5,91,0,0,29.6,65,33.1,22.3
2026-07-22T22:00:00+05:30,2026-07-22 22:00:00,24.6,25.5,23,0,0,25.6,76,0,0,0,0.5,9.7,621.5,91,0,0,29.6,65,33.1,22.3
2026-07-22T21:55:00+05:30,2026-07-22 21:55:00,24.6,25.5,23,0,1.8,25.6,70,0,0,0,0.5,9.7,621.5,91,0,0,29.6,65,33.1,22.3
2026-07-22T21:50:00+05:30,2026-07-22 21:50:00,24.6,25.5,23,0,0,25.6,76,0,0,0,0.5,9.7,621.5,91,0,0,29.7,65,33.3,22.4
2026-07-22T21:45:00+05:30,2026-07-22 21:45:00,24.7,25.6,23.1,0,5.5,25.6,72,0,0,0,0.5,9.7,621.5,91,0,0,29.7,65,33.3,22.4
2026-07-22T21:40:00+05:30,2026-07-22 21:40:00,24.7,25.6,23.1,0,7.2,25.6,73,0,0,0,0.5,9.7,621.5,91,0,0,29.7,65,33.3,22.4
2026-07-22T21:35:00+05:30,2026-07-22 21:35:00,24.7,25.6,23.1,7.2,9.3,25.6,103,0,0,0,0.5,9.7,621.5,91,0,0,29.8,65,33.4,22.5
2026-07-22T21:30:00+05:30,2026-07-22 21:30:00,24.7,25.6,23.1,4.7,5.5,25.6,99,0,0,0,0.5,9.7,621.5,91,0,0,29.8,65,33.4,22.5
2026-07-22T21:25:00+05:30,2026-07-22 21:25:00,24.8,25.7,23.2,4.7,7.2,25.6,96,0,0,0,0.5,9.7,621.5,91,0,0,29.8,65,33.4,22.5
2026-07-22T21:20:00+05:30,2026-07-22 21:20:00,24.8,25.7,23,0,0,25.6,70,0,0,0,0.5,9.7,621.5,90,0,0,29.9,65,33.7,22.6
2026-07-22T21:15:00+05:30,2026-07-22 21:15:00,24.9,25.8,23.3,0,7.2,25.6,70,0,0,0,0.5,9.7,621.5,91,0,0,29.9,65,33.7,22.6
2026-07-22T21:10:00+05:30,2026-07-22 21:10:00,24.9,25.8,23.1,4.7,7.2,25.6,80,0,0,0,0.5,9.7,621.5,90,0,0,29.9,64,33.4,22.3
2026-07-22T21:06:00+05:30,2026-07-22 21:06:00,24.9,25.8,23.1,0,7.2,25.6,74,0,0,0,0.5,9.7,621.5,90,0,0,30,64,33.7,22.4
2026-07-22T21:00:00+05:30,2026-07-22 21:00:00,25,25.9,23.2,6.1,7.2,25.6,107,0,0,0,0.5,9.7,621.5,90,0,0,30,64,33.7,22.4
2026-07-22T20:55:00+05:30,2026-07-22 20:55:00,25.1,26,23.4,0,3.5,25.6,71,0,0,0,0.5,9.7,621.5,90,0,0,30.1,64,33.9,22.6
2026-07-22T20:50:00+05:30,2026-07-22 20:50:00,25.1,26,23.4,0,0,25.6,78,0,0,0,0.5,9.7,621.5,90,0,0,30.1,64,33.9,22.6
2026-07-22T20:45:00+05:30,2026-07-22 20:45:00,25.1,26,23.4,1.4,9.3,25.6,69,0,0,0,0.5,9.7,621.5,90,0,0,30.1,64,33.9,22.6
2026-07-22T20:40:00+05:30,2026-07-22 20:40:00,25.2,26.2,23.5,0,5.5,25.6,89,0,0,0,0.5,9.7,621.5,90,0,0,30.2,64,34.1,22.7
2026-07-22T20:35:00+05:30,2026-07-22 20:35:00,25.2,26.1,23.3,0,3.5,25.6,78,0,0,0,0.5,9.7,621.5,89,0,0,30.2,64,34.1,22.7
2026-07-22T20:30:00+05:30,2026-07-22 20:30:00,25.3,26.2,23.3,0,3.5,25.6,76,0,0,0,0.5,9.7,621.5,89,0,0,30.2,64,34.1,22.7
2026-07-22T20:25:00+05:30,2026-07-22 20:25:00,25.3,26.2,23.3,2.6,5.5,25.6,89,0,0,0,0.5,9.7,621.5,89,0,0,30.3,64,34.3,22.7
2026-07-22T20:20:00+05:30,2026-07-22 20:20:00,25.3,26.2,23.3,0,0,25.6,75,0,0,0,0.5,9.7,621.5,89,0,0,30.3,63,34.1,22.4
2026-07-22T20:15:00+05:30,2026-07-22 20:15:00,25.4,26.3,23.4,0,3.5,25.6,73,0,0,0,0.5,9.7,621.5,89,0,0,30.4,63,34.3,22.6
2026-07-22T20:10:00+05:30,2026-07-22 20:10:00,25.5,26.4,23.4,0,0,25.6,72,0,0,0,0.5,9.7,621.5,88,0,0,30.4,63,34.3,22.6
2026-07-22T20:05:00+05:30,2026-07-22 20:05:00,25.6,26.5,23.5,0,3.5,25.6,70,0,0,0,0.5,9.7,621.5,88,0,0,30.4,63,34.3,22.6
2026-07-22T20:01:00+05:30,2026-07-22 20:01:00,25.5,26.4,23.4,0,0,25.6,69,0,0,0,0.5,9.7,621.5,88,0,0,30.4,63,34.3,22.6
2026-07-22T19:55:00+05:30,2026-07-22 19:55:00,25.6,26.5,23.5,0,5.5,25.6,60,0,0,0,0.5,9.7,621.5,88,0,0,30.5,63,34.5,22.7
2026-07-22T19:50:00+05:30,2026-07-22 19:50:00,25.7,26.6,23.4,0,1.8,25.6,75,0,0,0,0.5,9.7,621.5,87,0,0,30.5,63,34.5,22.7
2026-07-22T19:45:00+05:30,2026-07-22 19:45:00,25.7,26.6,23.4,0,0,25.6,76,0,0,0,0.5,9.7,621.5,87,0,0,30.6,63,34.7,22.7
2026-07-22T19:40:00+05:30,2026-07-22 19:40:00,25.7,26.6,23.4,0,5.5,25.6,106,0,0,0,0.5,9.7,621.5,87,0,0,30.6,62,34.5,22.5
2026-07-22T19:35:00+05:30,2026-07-22 19:35:00,25.9,26.8,23.4,0,3.5,25.6,76,0,0,0,0.5,9.7,621.5,86,0,0,30.6,62,34.5,22.5
2026-07-22T19:30:00+05:30,2026-07-22 19:30:00,25.9,26.8,23.4,3.5,5.5,25.6,85,0,0,0,0.5,9.7,621.5,86,0,0,30.7,62,34.7,22.6
2026-07-22T19:25:00+05:30,2026-07-22 19:25:00,26,26.9,23.3,0,5.5,25.6,74,0,0,0,0.5,9.7,621.5,85,0,0,30.7,62,34.7,22.6
2026-07-22T19:20:00+05:30,2026-07-22 19:20:00,26,26.9,23.3,0,0,25.6,70,0,0,0,0.5,9.7,621.5,85,0,0,30.7,62,34.7,22.6
2026-07-22T19:15:00+05:30,2026-07-22 19:15:00,26.1,27,23.2,0,3.5,25.6,73,0,0,0,0.5,9.7,621.5,84,0,0,30.8,62,34.9,22.6
2026-07-22T19:10:00+05:30,2026-07-22 19:10:00,26.2,27.1,23.3,1.8,5.5,25.6,73,0,0,0,0.5,9.7,621.5,84,0,0,30.8,62,34.9,22.6
2026-07-22T19:05:00+05:30,2026-07-22 19:05:00,26.3,27.2,23.4,0,5.5,25.6,77,0,0,0,0.5,9.7,621.5,84,0,0,30.8,62,34.9,22.6
2026-07-22T19:00:00+05:30,2026-07-22 19:00:00,26.4,27.3,23.3,4,9.3,25.6,122,0,0,0,0.5,9.7,621.5,83,0,0,30.9,62,35.1,22.7
2026-07-22T18:56:00+05:30,2026-07-22 18:56:00,26.4,27.3,23.3,2.1,3.5,25.6,80,0,0,0,0.5,9.7,621.5,83,0,0,31,62,35.3,22.8
2026-07-22T18:50:00+05:30,2026-07-22 18:50:00,26.6,27.5,23.3,7.2,9.3,25.6,76,0,0,0,0.5,9.7,621.5,82,0,0,31,61,35.1,22.6
2026-07-22T18:45:00+05:30,2026-07-22 18:45:00,26.7,29.3,23.4,0,7.2,25.6,71,0,0,0,0.5,9.7,621.5,82,0,0,31.1,61,35.3,22.7
2026-07-22T18:40:00+05:30,2026-07-22 18:40:00,26.8,29.3,23.2,4.7,5.5,25.6,119,0,0,0,0.5,9.7,621.5,81,0,0.2,31.1,61,35.3,22.7
2026-07-22T18:35:00+05:30,2026-07-22 18:35:00,,,,5.5,11.1,25.6,95,0,0,0,0.5,9.7,621.5,,0,0.5,31.2,61,35.6,22.8
2026-07-22T18:30:00+05:30,2026-07-22 18:30:00,,,,0,0,25.6,88,0,0,0,0.5,9.7,621.5,,0,1.2,31.2,61,35.6,22.8
2026-07-22T18:26:00+05:30,2026-07-22 18:26:00,,,,2.9,13,25.6,75,0,0,0,0.5,9.7,621.5,,0,2.4,31.3,61,35.7,22.8
2026-07-22T18:20:00+05:30,2026-07-22 18:20:00,,,,0,11.1,25.6,101,0,0,0,0.5,9.7,621.5,,0,4.8,31.3,61,35.7,22.8
2026-07-22T18:15:00+05:30,2026-07-22 18:15:00,,,,0,9.3,25.6,88,0,0,0,0.5,9.7,621.5,,0,8,31.4,61,35.9,22.9
2026-07-22T18:10:00+05:30,2026-07-22 18:10:00,,,,3.2,7.2,25.6,146,0,0,0,0.5,9.7,621.5,,0,10.2,31.4,61,35.9,22.9
2026-07-22T18:05:00+05:30,2026-07-22 18:05:00,,,,2.1,7.2,25.6,69,0,0,0,0.5,9.7,621.5,,0,12.2,31.5,61,36.2,23.1
2026-07-22T18:00:00+05:30,2026-07-22 18:00:00,,,,0,7.2,25.6,71,0,0,0,0.5,9.7,621.5,,0,15.2,31.5,61,36.2,23.1
2026-07-22T17:55:00+05:30,2026-07-22 17:55:00,,,,4.7,11.1,25.6,107,0,0,0,0.5,9.7,621.5,,0,21.9,31.6,60,36.2,22.9
2026-07-22T17:50:00+05:30,2026-07-22 17:50:00,,,,3.2,7.2,25.6,113,0,0,0,0.5,9.7,621.5,,0,25.5,31.6,60,36.2,22.9
2026-07-22T17:46:00+05:30,2026-07-22 17:46:00,,,,3.5,7.2,25.6,52,0,0,0,0.5,9.7,621.5,,0,31.8,31.7,60,36.4,23
2026-07-22T17:40:00+05:30,2026-07-22 17:40:00,,,,3.5,9.3,25.6,98,0,0,0,0.5,9.7,621.5,,0,40.3,31.7,60,36.4,23
2026-07-22T17:35:00+05:30,2026-07-22 17:35:00,,,,1.8,11.1,25.6,86,0,0,0,0.5,9.7,621.5,,0,48.7,31.8,60,36.6,23.1
2026-07-22T17:30:00+05:30,2026-07-22 17:30:00,,,,5,11.1,25.6,90,0,0,0,0.5,9.7,621.5,,0,48.5,31.8,60,36.6,23.1
2026-07-22T17:25:00+05:30,2026-07-22 17:25:00,,,,1.8,7.2,25.6,123,0,0,0,0.5,9.7,621.5,,0,51.9,31.8,60,36.6,23.1
2026-07-22T17:20:00+05:30,2026-07-22 17:20:00,,,,1.8,7.2,25.6,96,0,0,0,0.5,9.7,621.5,,0,68.7,31.9,60,36.8,23.1
2026-07-22T17:15:00+05:30,2026-07-22 17:15:00,,,,0.3,14.8,25.6,92,0,0,0,0.5,9.7,621.5,,0,72.2,31.9,60,36.8,23.1
2026-07-22T17:10:00+05:30,2026-07-22 17:10:00,,,,9.3,18.3,25.6,167,0,0,0,0.5,9.7,621.5,,0,81,32,60,37.1,23.2
2026-07-22T17:05:00+05:30,2026-07-22 17:05:00,,,,1.4,11.1,25.6,42,0,0,0,0.5,9.7,621.5,,0,96,32,60,37.1,23.2
2026-07-22T17:00:00+05:30,2026-07-22 17:00:00,,,,4,7.2,25.6,62,0,0,0,0.5,9.7,621.5,,0,85,32,60,37.1,23.2
2026-07-22T16:55:00+05:30,2026-07-22 16:55:00,,,,4,5.5,25.6,119,0,0,0,0.5,9.7,621.5,,1,106,32,60,37.1,23.2
2026-07-22T16:50:00+05:30,2026-07-22 16:50:00,,,,0,3.5,25.6,150,0,0,0,0.5,9.7,621.5,,1,129,32,60,37.1,23.2
2026-07-22T16:45:00+05:30,2026-07-22 16:45:00,,,,1.1,5.5,25.6,56,0,0,0,0.5,9.7,621.5,,1,140.8,32,61,37.4,23.5
2026-07-22T16:41:00+05:30,2026-07-22 16:41:00,,,,0,11.1,25.6,72,0,0,0,0.5,9.7,621.5,,1,145.3,32,60,37.1,23.2
2026-07-22T16:35:00+05:30,2026-07-22 16:35:00,,,,0.3,5.5,25.6,83,0,0,0,0.5,9.7,621.5,,1,160.2,32,60,37.1,23.2
2026-07-22T16:30:00+05:30,2026-07-22 16:30:00,,,,0,0,25.6,48,0,0,0,0.5,9.7,621.5,,1,164.3,32,60,37.1,23.2
2026-07-22T16:25:00+05:30,2026-07-22 16:25:00,,,,0.3,1.8,25.6,91,0,0,0,0.5,9.7,621.5,,1,167,32,60,37.1,23.2
2026-07-22T16:20:00+05:30,2026-07-22 16:20:00,,,,0.6,13,25.6,63,0,0,0,0.5,9.7,621.5,,1,185.4,32,60,37.1,23.2
2026-07-22T16:15:00+05:30,2026-07-22 16:15:00,,,,9.3,13,25.6,115,0,0,0,0.5,9.7,621.5,,2,220.4,32,60,37.1,23.2
2026-07-22T16:10:00+05:30,2026-07-22 16:10:00,,,,0.3,14.8,25.6,117,0,0,0,0.5,9.7,621.5,,2,236.2,32,60,37.1,23.2
2026-07-22T16:05:00+05:30,2026-07-22 16:05:00,,,,1.1,9.3,25.6,49,0,0,0,0.5,9.7,621.5,,2,281.4,32,60,37.1,23.2
2026-07-22T16:00:00+05:30,2026-07-22 16:00:00,,,,1.4,5.5,25.6,78,0,0,0,0.5,9.7,621.5,,2,284.1,32,60,37.1,23.2
2026-07-22T15:55:00+05:30,2026-07-22 15:55:00,,,,1.8,9.3,25.6,73,0,0,0,0.5,9.7,621.5,,3,315.2,32,60,37.1,23.2
2026-07-22T15:50:00+05:30,2026-07-22 15:50:00,,,,6.1,11.1,25.6,63,0,0,0,0.5,9.7,621.5,,2,306.2,32,60,37.1,23.2
2026-07-22T15:45:00+05:30,2026-07-22 15:45:00,,,,0,5.5,25.6,86,0,0,0,0.5,9.7,621.5,,2,297.4,31.9,59,36.5,22.8
2026-07-22T15:40:00+05:30,2026-07-22 15:40:00,,,,6.1,9.3,25.6,100,0,0,0,0.5,9.7,621.5,,2,257.2,31.9,59,36.5,22.8
2026-07-22T15:35:00+05:30,2026-07-22 15:35:00,,,,1.4,9.3,25.6,64,0,0,0,0.5,9.7,621.5,,3,365.8,31.9,59,36.5,22.8
2026-07-22T15:30:00+05:30,2026-07-22 15:30:00,,,,0.3,11.1,25.6,73,0,0,0,0.5,9.7,621.5,,3,394.2,31.9,59,36.5,22.8
2026-07-22T15:25:00+05:30,2026-07-22 15:25:00,,,,0,14.8,25.6,69,0,0,0,0.5,9.7,621.5,,3,398.7,31.8,58,36,22.5
2026-07-22T15:21:00+05:30,2026-07-22 15:21:00,,,,0,5.5,25.6,79,0,0,0,0.5,9.7,621.5,,4,446.1,31.8,58,36,22.5
2026-07-22T15:15:00+05:30,2026-07-22 15:15:00,,,,4.7,18.3,25.6,83,0,0,0,0.5,9.7,621.5,,4,440.4,31.8,58,36,22.5
2026-07-22T15:10:00+05:30,2026-07-22 15:10:00,,,,2.1,7.2,25.6,86,0,0,0,0.5,9.7,621.5,,4,470.6,31.7,58,35.9,22.4
2026-07-22T15:05:00+05:30,2026-07-22 15:05:00,,,,4.7,13,25.6,110,0,0,0,0.5,9.7,621.5,,4,483.4,31.7,59,36.2,22.7
2026-07-22T15:00:00+05:30,2026-07-22 15:00:00,,,,1.1,7.2,25.6,89,0,0,0,0.5,9.7,621.5,,4,485.2,31.6,59,35.9,22.6
2026-07-22T14:55:00+05:30,2026-07-22 14:55:00,,,,0,0,25.6,73,0,0,0,0.5,9.7,621.5,,4,490,31.6,59,35.9,22.6
2026-07-22T14:50:00+05:30,2026-07-22 14:50:00,,,,7.2,13,25.6,126,0,0,0,0.5,9.7,621.5,,5,542.4,31.6,59,35.9,22.6
2026-07-22T14:45:00+05:30,2026-07-22 14:45:00,,,,0,9.3,25.6,74,0,0,0,0.5,9.7,621.5,,1,156.7,31.6,59,35.9,22.6
2026-07-22T14:40:00+05:30,2026-07-22 14:40:00,,,,1.4,7.2,25.6,31,0,0,0,0.5,9.7,621.5,,5,517.4,31.6,59,35.9,22.6
2026-07-22T14:35:00+05:30,2026-07-22 14:35:00,,,,5,7.2,25.6,113,0,0,0,0.5,9.7,621.5,,5,526.2,31.5,59,35.7,22.5
2026-07-22T14:30:00+05:30,2026-07-22 14:30:00,,,,2.1,13,25.6,60,0,0,0,0.5,9.7,621.5,,5,572.7,31.5,59,35.7,22.5
2026-07-22T14:25:00+05:30,2026-07-22 14:25:00,,,,2.1,9.3,25.6,63,0,0,0,0.5,9.7,621.5,,5,552,31.4,60,35.7,22.7
2026-07-22T14:20:00+05:30,2026-07-22 14:20:00,,,,0.3,13,25.6,82,0,0,0,0.5,9.7,621.5,,5,603.9,31.3,59,35.2,22.3
2026-07-22T14:16:00+05:30,2026-07-22 14:16:00,,,,0,11.1,25.6,61,0,0,0,0.5,9.7,621.5,,5,606.4,31.3,59,35.2,22.3
2026-07-22T14:10:00+05:30,2026-07-22 14:10:00,,,,0,7.2,25.6,86,0,0,0,0.5,9.7,621.5,,6,627.7,31.2,59,35.1,22.2
2026-07-22T14:05:00+05:30,2026-07-22 14:05:00,,,,0,14.8,25.6,70,0,0,0,0.5,9.7,621.5,,6,624.8,31.1,59,34.8,22.1
2026-07-22T14:00:00+05:30,2026-07-22 14:00:00,,,,0.3,7.2,25.6,129,0,0,0,0.5,9.7,621.5,,6,643.2,31.1,59,34.8,22.1
2026-07-22T13:55:00+05:30,2026-07-22 13:55:00,,,,0,5.5,25.6,68,0,0,0,0.5,9.7,621.5,,6,638.9,31,59,34.6,22.1
2026-07-22T13:50:00+05:30,2026-07-22 13:50:00,,,,2.1,13,25.6,117,0,0,0,0.5,9.7,621.5,,6,685,31,60,34.8,22.3
2026-07-22T13:45:00+05:30,2026-07-22 13:45:00,,,,8.7,18.3,25.6,75,0,0,0,0.5,9.7,621.5,,6,638.6,30.9,60,34.6,22.2
2026-07-22T13:40:00+05:30,2026-07-22 13:40:00,,,,7.9,14.8,25.6,110,0,0,0,0.5,9.7,621.5,,6,645.4,30.9,60,34.6,22.2
2026-07-22T13:35:00+05:30,2026-07-22 13:35:00,,,,4.3,21.9,25.6,97,0,0,0,0.5,9.7,621.5,,6,662.4,30.8,60,34.4,22.1
2026-07-22T13:30:00+05:30,2026-07-22 13:30:00,,,,11.9,16.6,25.6,130,0,0,0,0.5,9.7,621.5,,6,703.3,30.8,60,34.4,22.1
2026-07-22T13:25:00+05:30,2026-07-22 13:25:00,,,,0.3,11.1,25.6,69,0,0,0,0.5,9.7,621.5,,7,728.2,30.8,60,34.4,22.1
2026-07-22T13:20:00+05:30,2026-07-22 13:20:00,,,,1.1,5.5,25.6,64,0,0,0,0.5,9.7,621.5,,7,774.1,30.7,61,34.5,22.3
2026-07-22T13:15:00+05:30,2026-07-22 13:15:00,,,,0,5.5,25.6,56,0,0,0,0.5,9.7,621.5,,7,787.1,30.6,61,34.3,22.2
2026-07-22T13:11:00+05:30,2026-07-22 13:11:00,,,,13.4,18.3,25.6,109,0,0,0,0.5,9.7,621.5,,7,789.9,30.5,61,34.1,22.1
2026-07-22T13:05:00+05:30,2026-07-22 13:05:00,,,,10.5,13,25.6,80,0,0,0,0.5,9.7,621.5,,7,798.1,30.4,61,33.8,22
2026-07-22T13:00:00+05:30,2026-07-22 13:00:00,,,,1.1,11.1,25.6,84,0,0,0,0.5,9.7,621.5,,5,577.2,30.3,61,33.6,21.9
2026-07-22T12:55:00+05:30,2026-07-22 12:55:00,,,,4,11.1,25.6,111,0,0,0,0.5,9.7,621.5,,7,798.1,30.2,61,33.5,21.8
2026-07-22T12:50:00+05:30,2026-07-22 12:50:00,,,,0.3,11.1,25.6,84,0,0,0,0.5,9.7,621.5,,8,832.9,30.2,61,33.5,21.8
2026-07-22T12:45:00+05:30,2026-07-22 12:45:00,,,,0,13,25.6,74,0,0,0,0.5,9.7,621.5,,7,776,30.1,62,33.4,22
2026-07-22T12:40:00+05:30,2026-07-22 12:40:00,,,,2.1,5.5,25.6,101,0,0,0,0.5,9.7,621.5,,7,795.6,30.1,62,33.4,22
2026-07-22T12:35:00+05:30,2026-07-22 12:35:00,,,,1.4,7.2,25.6,43,0,0,0,0.5,9.7,621.5,,1,171.8,30,62,33.2,21.9
2026-07-22T12:30:00+05:30,2026-07-22 12:30:00,,,,7.6,13,25.6,101,0,0,0,0.5,9.7,621.5,,8,853.1,29.9,62,33,21.8
2026-07-22T12:25:00+05:30,2026-07-22 12:25:00,,,,0,7.2,25.6,68,0,0,0,0.5,9.7,621.5,,3,337.8,29.8,62,32.8,21.7
2026-07-22T12:20:00+05:30,2026-07-22 12:20:00,,,,0,14.8,25.6,55,0,0,0,0.5,9.7,621.5,,7,814.3,29.8,62,32.8,21.7
2026-07-22T12:15:00+05:30,2026-07-22 12:15:00,,,,1.4,3.5,25.6,68,0,0,0,0.5,9.7,621.5,,7,816.1,29.7,62,32.7,21.7
2026-07-22T12:10:00+05:30,2026-07-22 12:10:00,,,,3.5,9.3,25.6,148,0,0,0,0.5,9.7,621.5,,8,833.2,29.6,62,32.5,21.6
2026-07-22T12:05:00+05:30,2026-07-22 12:05:00,,,,14.8,16.6,25.6,122,0,0,0,0.5,9.7,621.5,,7,815.7,29.6,63,32.7,21.8
2026-07-22T12:00:00+05:30,2026-07-22 12:00:00,31.2,35.3,22.5,6.4,14.8,25.6,88,0,0,0,0.5,9.7,621.5,60,8,844.1,29.5,63,32.4,21.7
2026-07-22T11:55:00+05:30,2026-07-22 11:55:00,31.1,35.6,23,0,1.8,25.6,130,0,0,0,0.5,9.7,621.5,62,8,837.4,29.4,63,32.2,21.6
2026-07-22T11:50:00+05:30,2026-07-22 11:50:00,31,35.4,22.8,2.1,16.6,25.6,76,0,0,0,0.5,9.7,621.5,62,8,840.7,29.3,63,32,21.5
2026-07-22T11:45:00+05:30,2026-07-22 11:45:00,31.2,35.6,22.8,1.4,5.5,25.6,102,0,0,0,0.5,9.7,621.5,61,8,839.8,29.2,63,31.9,21.4
2026-07-22T11:40:00+05:30,2026-07-22 11:40:00,30.7,34.7,22.6,2.1,5.5,25.6,93,0,0,0,0.5,9.7,621.5,62,8,849.2,29.1,63,31.7,21.3
2026-07-22T11:35:00+05:30,2026-07-22 11:35:00,30,33.7,22.4,4,11.1,25.6,121,0,0,0,0.5,9.7,621.5,64,8,860.9,29.1,64,31.9,21.6
2026-07-22T11:30:00+05:30,2026-07-22 11:30:00,30.5,35,23.2,0.6,13,25.6,71,0,0,0,0.5,9.7,621.5,65,1,186.5,29,64,31.7,21.5
2026-07-22T11:25:00+05:30,2026-07-22 11:25:00,30.6,34.7,22.7,3.5,7.2,25.6,107,0,0,0,0.5,9.7,621.5,63,8,852.3,28.9,64,31.4,21.4
2026-07-22T11:20:00+05:30,2026-07-22 11:20:00,30.5,34.7,22.9,2.6,7.2,25.6,76,0,0,0,0.5,9.7,621.5,64,7,819.8,28.8,64,31.3,21.3
2026-07-22T11:15:00+05:30,2026-07-22 11:15:00,30.2,34.1,22.6,0,7.2,25.6,65,0,0,0,0.5,9.7,621.5,64,7,789.5,28.8,64,31.3,21.3
2026-07-22T11:10:00+05:30,2026-07-22 11:10:00,29.8,33.4,22.5,0,5.5,25.6,47,0,0,0,0.5,9.7,621.5,65,7,797.2,28.7,64,31.2,21.2
2026-07-22T11:05:00+05:30,2026-07-22 11:05:00,29.7,33.3,22.4,2.9,11.1,25.6,19,0,0,0,0.5,9.7,621.5,65,8,822.5,28.6,64,30.9,21.1
2026-07-22T11:00:00+05:30,2026-07-22 11:00:00,29.5,32.8,22.2,1.4,5.5,25.6,56,0,0,0,0.5,9.7,621.5,65,3,361.7,28.6,64,30.9,21.1
2026-07-22T10:55:00+05:30,2026-07-22 10:55:00,29.7,33.5,22.7,9.7,13,25.6,109,0,0,0,0.5,9.7,621.5,66,2,242,28.5,64,30.8,21
2026-07-22T10:50:00+05:30,2026-07-22 10:50:00,29.6,33.5,22.8,0.6,20.1,25.6,34,0,0,0,0.5,9.7,621.5,67,2,224.9,28.5,65,30.9,21.3
2026-07-22T10:45:00+05:30,2026-07-22 10:45:00,29.5,33.2,22.7,6.1,18.3,25.6,85,0,0,0,0.5,9.7,621.5,67,8,822.3,28.4,65,30.7,21.2
2026-07-22T10:40:00+05:30,2026-07-22 10:40:00,29.7,33.7,22.9,0.3,14.8,25.6,108,0,0,0,0.5,9.7,621.5,67,7,799.1,28.3,66,30.7,21.3
2026-07-22T10:35:00+05:30,2026-07-22 10:35:00,29.6,33.5,22.8,6.4,16.6,25.6,81,0,0,0,0.5,9.7,621.5,67,7,795.3,28.2,66,30.6,21.3
2026-07-22T10:30:00+05:30,2026-07-22 10:30:00,28.8,32.1,22.5,6.4,11.1,25.6,80,0,0,0,0.5,9.7,621.5,69,7,778.5,28.2,66,30.6,21.3
2026-07-22T10:25:00+05:30,2026-07-22 10:25:00,29.3,32.9,22.7,0,9.3,25.6,88,0,0,0,0.5,9.7,621.5,68,7,769.8,28.1,66,30.3,21.2
2026-07-22T10:20:00+05:30,2026-07-22 10:20:00,29.4,33.4,23.1,0.3,18.3,25.6,68,0,0,0,0.5,9.7,621.5,69,7,768.9,28.1,67,30.5,21.4
2026-07-22T10:15:00+05:30,2026-07-22 10:15:00,29.5,33.4,23,6.1,9.3,25.6,87,0,0,0,0.5,9.7,621.5,68,7,763.2,28,67,30.3,21.3
2026-07-22T10:10:00+05:30,2026-07-22 10:10:00,28.7,32.3,22.9,2.6,7.2,25.6,84,0,0,0,0.5,9.7,621.5,71,7,763,27.9,67,30.1,21.2
2026-07-22T10:05:00+05:30,2026-07-22 10:05:00,28.8,32.6,23.2,1.1,14.8,25.6,82,0,0,0,0.5,9.7,621.5,72,1,146.3,27.9,66,29.9,20.9
2026-07-22T10:00:00+05:30,2026-07-22 10:00:00,29.2,32.8,22.7,0,5.5,25.6,47,0,0,0,0.5,9.7,621.5,68,6,704,27.8,66,29.8,20.8
2026-07-22T09:55:00+05:30,2026-07-22 09:55:00,28.7,32,22.5,5.5,14.8,25.6,84,0,0,0,0.5,9.7,621.5,69,6,700.6,27.8,66,29.8,20.8
2026-07-22T09:50:00+05:30,2026-07-22 09:50:00,28.6,31.7,22.4,1.8,9.3,20.1,117,0,0,0,0.5,9.7,621.5,69,6,700,27.8,67,29.9,21.1
2026-07-22T09:45:00+05:30,2026-07-22 09:45:00,28.6,31.7,22.4,13.7,20.1,20.1,100,0,0,0,0.5,9.7,621.5,69,6,676.2,27.7,67,29.8,21
2026-07-22T09:41:00+05:30,2026-07-22 09:41:00,28.5,31.7,22.5,1.1,14.8,14.8,88,0,0,0,0.5,9.7,621.5,70,6,634.5,27.6,67,29.6,20.9
2026-07-22T09:35:00+05:30,2026-07-22 09:35:00,28.6,31.9,22.6,4,5.5,14.8,99,0,0,0,0.5,9.7,621.5,70,6,655.2,27.6,67,29.6,20.9
2026-07-22T09:30:00+05:30,2026-07-22 09:30:00,28.2,31.2,22.5,8.2,11.1,14.8,97,0,0,0,0.5,9.7,621.5,71,6,637.4,27.6,68,29.7,21.2
2026-07-22T09:25:00+05:30,2026-07-22 09:25:00,28,30.8,22.2,4,9.3,14.8,66,0,0,0,0.5,9.7,621.5,71,6,628.6,27.5,68,29.5,21.1
2026-07-22T09:20:00+05:30,2026-07-22 09:20:00,28.2,31.4,22.7,7.2,9.3,14.8,95,0,0,0,0.5,9.7,621.5,72,5,607,27.4,68,29.3,20.9
2026-07-22T09:15:00+05:30,2026-07-22 09:15:00,28,30.9,22.5,6.4,14.8,14.8,88,0,0,0,0.5,9.7,621.5,72,5,570.7,27.4,68,29.3,20.9
2026-07-22T09:10:00+05:30,2026-07-22 09:10:00,28,31.1,22.7,0,5.5,14.8,92,0,0,0,0.5,9.7,621.5,73,5,575.7,27.3,68,29.2,20.8
2026-07-22T09:05:00+05:30,2026-07-22 09:05:00,28.1,31.2,22.6,0,1.8,14.8,70,0,0,0,0.5,9.7,621.5,72,5,566,27.3,68,29.2,20.8
2026-07-22T09:00:00+05:30,2026-07-22 09:00:00,28.2,31.4,22.7,0,1.8,14.8,74,0,0,0,0.5,9.7,621.5,72,5,546.5,27.2,68,29.1,20.8
2026-07-22T08:55:00+05:30,2026-07-22 08:55:00,27.5,29.9,22,0,1.8,14.8,78,0,0,0,0.5,9.7,621.5,72,5,528.4,27.2,69,29.2,21
2026-07-22T08:50:00+05:30,2026-07-22 08:50:00,27.6,30.5,22.8,0.3,7.2,14.8,90,0,0,0,0.5,9.7,621.5,75,5,522.5,27.1,69,28.9,20.9
2026-07-22T08:45:00+05:30,2026-07-22 08:45:00,27.4,30.2,22.8,0.6,7.2,14.8,80,0,0,0,0.5,9.7,621.5,76,4,489.5,27.1,69,28.9,20.9
2026-07-22T08:40:00+05:30,2026-07-22 08:40:00,27,29.5,22.6,0.6,3.5,14.8,91,0,0,0,0.5,9.7,621.5,77,4,485.9,27,68,28.7,20.6
2026-07-22T08:36:00+05:30,2026-07-22 08:36:00,27.2,29.8,22.6,0,5.5,14.8,78,0,0,0,0.5,9.7,621.5,76,4,467.1,27,68,28.7,20.6
2026-07-22T08:30:00+05:30,2026-07-22 08:30:00,27.2,29.8,22.6,0,1.8,14.8,82,0,0,0,0.5,9.7,621.5,76,4,444.6,27,68,28.7,20.6
2026-07-22T08:25:00+05:30,2026-07-22 08:25:00,26.6,27.4,22.4,4,5.5,14.8,95,0,0,0,0.5,9.7,621.5,78,4,435.7,26.9,68,28.5,20.4
2026-07-22T08:20:00+05:30,2026-07-22 08:20:00,26.8,29,22.4,0,3.5,14.8,94,0,0,0,0.5,9.7,621.5,77,4,417.2,26.9,68,28.5,20.4
2026-07-22T08:15:00+05:30,2026-07-22 08:15:00,26.6,27.4,22.7,0,13,14.8,57,0,0,0,0.5,9.7,621.5,79,3,394.4,26.9,68,28.5,20.4
2026-07-22T08:10:00+05:30,2026-07-22 08:10:00,27,29.5,22.6,0,0,13,86,0,0,0,0.5,9.7,621.5,77,3,346.4,26.9,68,28.5,20.4
2026-07-22T08:05:00+05:30,2026-07-22 08:05:00,26.6,27.4,22.4,0,0,13,68,0,0,0,0.5,9.7,621.5,78,3,330.2,26.9,68,28.5,20.4
2026-07-22T08:00:00+05:30,2026-07-22 08:00:00,26.2,27,22.3,0,5.5,13,90,0,0,0,0.5,9.7,621.5,79,3,341.4,26.8,68,28.3,20.4
2026-07-22T07:55:00+05:30,2026-07-22 07:55:00,26.1,26.8,22.2,0,11.1,13,73,0,0,0,0.5,9.7,621.5,79,3,321.2,26.8,68,28.3,20.4
2026-07-22T07:50:00+05:30,2026-07-22 07:50:00,25.9,26.6,22,0,0,13,78,0,0,0,0.5,9.7,621.5,79,2,304.3,26.8,68,28.3,20.4
2026-07-22T07:45:00+05:30,2026-07-22 07:45:00,26.2,27,22.3,5,7.2,11.1,77,0,0,0,0.5,9.7,621.5,79,2,285.3,26.8,68,28.3,20.4
2026-07-22T07:40:00+05:30,2026-07-22 07:40:00,25.9,26.6,22.2,0,9.3,11.1,68,0,0,0,0.5,9.7,621.5,80,2,269.3,26.8,68,28.3,20.4
2026-07-22T07:35:00+05:30,2026-07-22 07:35:00,25.9,26.6,22.2,1.1,3.5,11.1,94,0,0,0,0.5,9.7,621.5,80,2,246.1,26.7,68,28.3,20.3
2026-07-22T07:31:00+05:30,2026-07-22 07:31:00,25.7,26.4,22,0,3.5,11.1,69,0,0,0,0.5,9.7,621.5,80,2,229.3,26.7,68,28.3,20.3
2026-07-22T07:25:00+05:30,2026-07-22 07:25:00,25.6,26.3,21.9,0,0,11.1,82,0,0,0,0.5,9.7,621.5,80,2,208.5,26.7,68,28.3,20.3
2026-07-22T07:20:00+05:30,2026-07-22 07:20:00,25.1,25.8,21.8,0,5.5,11.1,85,0,0,0,0.5,9.7,621.5,82,1,187.3,26.6,68,27.1,20.2
2026-07-22T07:15:00+05:30,2026-07-22 07:15:00,25.2,25.9,21.7,0,0,11.1,83,0,0,0,0.5,9.7,621.5,81,1,169.4,26.6,68,27.1,20.2
2026-07-22T07:10:00+05:30,2026-07-22 07:10:00,25.1,25.8,21.6,0.3,1.8,11.1,76,0,0,0,0.5,9.7,621.5,81,1,153.7,26.6,68,27.1,20.2
2026-07-22T07:05:00+05:30,2026-07-22 07:05:00,24.5,25.2,21.4,0,1.8,11.1,93,0,0,0,0.5,9.7,621.5,83,1,135.4,26.5,68,27,20.1
2026-07-22T07:00:00+05:30,2026-07-22 07:00:00,24.1,24.8,21.4,0,1.8,11.1,87,0,0,0,0.5,9.7,621.5,85,1,114,26.5,68,27,20.1
2026-07-22T06:55:00+05:30,2026-07-22 06:55:00,23.9,24.6,21.2,0,0,11.1,69,0,0,0,0.5,9.7,621.5,85,0,102.3,26.5,68,27,20.1
2026-07-22T06:50:00+05:30,2026-07-22 06:50:00,23.4,24.1,21.1,0,1.8,11.1,77,0,0,0,0.5,9.7,621.5,87,0,88,26.5,68,27,20.1
2026-07-22T06:45:00+05:30,2026-07-22 06:45:00,23,23.7,20.9,0,0,11.1,82,0,0,0,0.5,9.7,621.5,88,0,67.2,26.5,68,27,20.1
2026-07-22T06:40:00+05:30,2026-07-22 06:40:00,22.6,23.3,20.9,0,0,11.1,66,0,0,0,0.5,9.7,621.5,90,0,58,26.5,68,27,20.1
2026-07-22T06:35:00+05:30,2026-07-22 06:35:00,22.3,23,20.9,0,0,11.1,75,0,0,0,0.5,9.7,621.5,92,0,45,26.5,68,27,20.1
2026-07-22T06:30:00+05:30,2026-07-22 06:30:00,22.2,22.9,20.9,0,0,11.1,72,0,0,0,0.5,9.7,621.5,92,0,28.9,26.5,68,27,20.1
2026-07-22T06:26:00+05:30,2026-07-22 06:26:00,22.3,22.9,20.7,0,0,11.1,70,0,0,0,0.5,9.7,621.5,91,0,19.3,26.5,67,26.9,19.9
2026-07-22T06:20:00+05:30,2026-07-22 06:20:00,22.3,22.9,20.7,0,0,11.1,65,0,0,0,0.5,9.7,621.5,91,0,16.6,26.5,67,26.9,19.9
2026-07-22T06:15:00+05:30,2026-07-22 06:15:00,22.3,22.9,20.6,0,0,11.1,67,0,0,0,0.5,9.7,621.5,90,0,12.8,26.5,67,26.9,19.9
2026-07-22T06:10:00+05:30,2026-07-22 06:10:00,22.4,23,20.7,0,0,11.1,67,0,0,0,0.5,9.7,621.5,90,0,9.2,26.5,67,26.9,19.9
2026-07-22T06:05:00+05:30,2026-07-22 06:05:00,22.4,23,20.7,0,0,11.1,67,0,0,0,0.5,9.7,621.5,90,0,6.3,26.5,67,26.9,19.9
2026-07-22T06:00:00+05:30,2026-07-22 06:00:00,22.2,22.9,20.5,0,0,11.1,65,0,0,0,0.5,9.7,621.5,90,0,3.3,26.6,67,27.1,19.9
2026-07-22T05:55:00+05:30,2026-07-22 05:55:00,22,22.7,20.6,0,0,11.1,68,0,0,0,0.5,9.7,621.5,92,0,1.4,26.6,67,27.1,19.9
2026-07-22T05:50:00+05:30,2026-07-22 05:50:00,22,22.7,20.6,0,0,11.1,69,0,0,0,0.5,9.7,621.5,92,0,0.6,26.6,67,27.1,19.9
2026-07-22T05:45:00+05:30,2026-07-22 05:45:00,22,22.6,20.5,0,0,11.1,69,0,0,0,0.5,9.7,621.5,91,0,0.1,26.6,67,27.1,19.9
2026-07-22T05:40:00+05:30,2026-07-22 05:40:00,22,22.6,20.5,0,0,11.1,69,0,0,0,0.5,9.7,621.5,91,0,0,26.6,67,27.1,19.9
2026-07-22T05:35:00+05:30,2026-07-22 05:35:00,22,22.7,20.6,0,0,11.1,72,0,0,0,0.5,9.7,621.5,92,0,0,26.7,67,28.2,20.1
2026-07-22T05:30:00+05:30,2026-07-22 05:30:00,22.1,22.8,20.6,0,0,11.1,68,0,0,0,0.5,9.7,621.5,91,0,0,26.7,67,28.2,20.1
2026-07-22T05:25:00+05:30,2026-07-22 05:25:00,22.2,22.9,20.7,0,0,11.1,71,0,0,0,0.5,9.7,621.5,91,0,0,26.7,67,28.2,20.1
2026-07-22T05:21:00+05:30,2026-07-22 05:21:00,22.3,22.9,20.7,0,0,11.1,73,0,0,0,0.5,9.7,621.5,91,0,0,26.7,67,28.2,20.1
2026-07-22T05:15:00+05:30,2026-07-22 05:15:00,22.4,23,20.7,0,0,11.1,68,0,0,0,0.5,9.7,621.5,90,0,0,26.7,67,28.2,20.1
2026-07-22T05:10:00+05:30,2026-07-22 05:10:00,22.4,23,20.7,0,0,11.1,64,0,0,0,0.5,9.7,621.5,90,0,0,26.7,67,28.2,20.1
2026-07-22T05:05:00+05:30,2026-07-22 05:05:00,22.3,22.9,20.6,0,0,11.1,77,0,0,0,0.5,9.7,621.5,90,0,0,26.8,67,28.3,20.1
2026-07-22T05:00:00+05:30,2026-07-22 05:00:00,22.4,23,20.7,0,0,11.1,70,0,0,0,0.5,9.7,621.5,90,0,0,26.8,67,28.3,20.1
2026-07-22T04:55:00+05:30,2026-07-22 04:55:00,22.5,23.1,20.6,0,0,11.1,70,0,0,0,0.5,9.7,621.5,89,0,0,26.8,67,28.3,20.1
2026-07-22T04:50:00+05:30,2026-07-22 04:50:00,22.6,23.3,20.7,0,0,11.1,70,0,0,0,0.5,9.7,621.5,89,0,0,26.8,67,28.3,20.1
2026-07-22T04:45:00+05:30,2026-07-22 04:45:00,22.6,23.3,20.9,0,0,11.1,70,0,0,0,0.5,9.7,621.5,90,0,0,26.8,67,28.3,20.1
2026-07-22T04:40:00+05:30,2026-07-22 04:40:00,22.7,23.4,20.8,0,0,11.1,75,0,0,0,0.5,9.7,621.5,89,0,0,26.8,67,28.3,20.1
2026-07-22T04:35:00+05:30,2026-07-22 04:35:00,22.8,23.4,20.7,0,0,11.1,77,0,0,0,0.5,9.7,621.5,88,0,0,26.8,67,28.3,20.1
2026-07-22T04:30:00+05:30,2026-07-22 04:30:00,22.9,23.5,20.8,0,5.5,11.1,68,0,0,0,0.5,9.7,621.5,88,0,0,26.8,67,28.3,20.1
2026-07-22T04:25:00+05:30,2026-07-22 04:25:00,22.7,23.4,20.8,0,0,11.1,77,0,0,0,0.5,9.7,621.5,89,0,0,26.8,67,28.3,20.1
2026-07-22T04:20:00+05:30,2026-07-22 04:20:00,22.7,23.4,20.8,0,0,11.1,68,0,0,0,0.5,9.7,621.5,89,0,0,26.9,67,28.4,20.2
2026-07-22T04:16:00+05:30,2026-07-22 04:16:00,22.7,23.4,20.8,0,0,11.1,82,0,0,0,0.5,9.7,621.5,89,0,0,26.9,67,28.4,20.2
2026-07-22T04:10:00+05:30,2026-07-22 04:10:00,22.7,23.4,20.8,0,0,11.1,69,0,0,0,0.5,9.7,621.5,89,0,0,26.9,67,28.4,20.2
2026-07-22T04:05:00+05:30,2026-07-22 04:05:00,22.7,23.4,20.8,0.3,1.8,11.1,85,0,0,0,0.5,9.7,621.5,89,0,0,26.9,67,28.4,20.2
2026-07-22T04:00:00+05:30,2026-07-22 04:00:00,22.7,23.4,20.8,0,0,11.1,79,0,0,0,0.5,9.7,621.5,89,0,0,26.9,67,28.4,20.2
2026-07-22T03:55:00+05:30,2026-07-22 03:55:00,22.6,23.3,20.7,0,0,11.1,63,0,0,0,0.5,9.7,621.5,89,0,0,27,67,28.6,20.3
2026-07-22T03:50:00+05:30,2026-07-22 03:50:00,22.5,23.2,20.8,0,0,11.1,70,0,0,0,0.5,9.7,621.5,90,0,0,27,67,28.6,20.3
2026-07-22T03:45:00+05:30,2026-07-22 03:45:00,22.5,23.2,20.8,0,0,11.1,69,0,0,0,0.5,9.7,621.5,90,0,0,27,67,28.6,20.3
2026-07-22T03:40:00+05:30,2026-07-22 03:40:00,22.5,23.2,20.8,0,0,11.1,63,0,0,0,0.5,9.7,621.5,90,0,0,27,67,28.6,20.3
2026-07-22T03:35:00+05:30,2026-07-22 03:35:00,22.5,23.2,20.8,0,0,11.1,71,0,0,0,0.5,9.7,621.5,90,0,0,27,67,28.6,20.3
2026-07-22T03:30:00+05:30,2026-07-22 03:30:00,22.5,23.2,20.8,0,1.8,11.1,63,0,0,0,0.5,9.7,621.5,90,0,0,27.1,67,28.8,20.4
2026-07-22T03:25:00+05:30,2026-07-22 03:25:00,22.6,23.3,20.9,0,0,11.1,71,0,0,0,0.5,9.7,621.5,90,0,0,27.1,67,28.8,20.4
2026-07-22T03:20:00+05:30,2026-07-22 03:20:00,22.7,23.4,21,0,0,11.1,66,0,0,0,0.5,9.7,621.5,90,0,0,27.1,67,28.8,20.4
2026-07-22T03:15:00+05:30,2026-07-22 03:15:00,22.7,23.4,21,0,0,11.1,78,0,0,0,0.5,9.7,621.5,90,0,0,27.1,67,28.8,20.4
2026-07-22T03:10:00+05:30,2026-07-22 03:10:00,22.8,23.5,21,0,0,11.1,69,0,0,0,0.5,9.7,621.5,90,0,0,27.1,67,28.8,20.4
2026-07-22T03:05:00+05:30,2026-07-22 03:05:00,22.8,23.4,20.9,0,0,11.1,72,0,0,0,0.5,9.7,621.5,89,0,0,27.2,67,28.9,20.6
2026-07-22T03:00:00+05:30,2026-07-22 03:00:00,22.9,23.6,21,0,0,11.1,75,0,0,0,0.5,9.7,621.5,89,0,0,27.2,67,28.9,20.6
2026-07-22T02:55:00+05:30,2026-07-22 02:55:00,22.8,23.5,21,0.6,3.5,11.1,89,0,0,0,0.5,9.7,621.5,90,0,0,27.2,67,28.9,20.6
2026-07-22T02:50:00+05:30,2026-07-22 02:50:00,22.9,23.6,21,0,0,11.1,68,0,0,0,0.5,9.7,621.5,89,0,0,27.2,67,28.9,20.6
2026-07-22T02:45:00+05:30,2026-07-22 02:45:00,22.9,23.6,21,0,0,11.1,68,0,0,0,0.5,9.7,621.5,89,0,0,27.2,66,28.9,20.3
2026-07-22T02:40:00+05:30,2026-07-22 02:40:00,23.1,23.8,21.2,1.8,5.5,11.1,67,0,0,0,0.5,9.7,621.5,89,0,0,27.2,66,28.9,20.3
2026-07-22T02:35:00+05:30,2026-07-22 02:35:00,23.1,23.8,21.2,2.9,7.2,11.1,89,0,0,0,0.5,9.7,621.5,89,0,0,27.3,66,28.9,20.3
2026-07-22T02:30:00+05:30,2026-07-22 02:30:00,23.2,23.9,21.1,0,0,11.1,72,0,0,0,0.5,9.7,621.5,88,0,0,27.2,66,28.9,20.3
2026-07-22T02:25:00+05:30,2026-07-22 02:25:00,23.3,23.9,21,6.1,9.3,11.1,92,0,0,0,0.5,9.7,621.5,87,0,0,27.3,66,28.9,20.3
2026-07-22T02:20:00+05:30,2026-07-22 02:20:00,23.3,24,21.2,0,3.5,11.1,82,0,0,0,0.5,9.7,621.5,88,0,0,27.3,66,28.9,20.3
2026-07-22T02:15:00+05:30,2026-07-22 02:15:00,23.3,24,21.2,0.6,3.5,11.1,70,0,0,0,0.5,9.7,621.5,88,0,0,27.3,66,28.9,20.3
2026-07-22T02:10:00+05:30,2026-07-22 02:10:00,23.3,24,21.2,0,5.5,11.1,83,0,0,0,0.5,9.7,621.5,88,0,0,27.4,66,29.1,20.4
2026-07-22T02:05:00+05:30,2026-07-22 02:05:00,23.2,23.9,21.1,0,11.1,11.1,69,0,0,0,0.5,9.7,621.5,88,0,0,27.4,66,29.1,20.4
2026-07-22T02:00:00+05:30,2026-07-22 02:00:00,23.2,23.9,21.1,0,0,11.1,68,0,0,0,0.5,9.7,621.5,88,0,0,27.4,66,29.1,20.4
2026-07-22T01:55:00+05:30,2026-07-22 01:55:00,23.1,23.8,21,0,0,11.1,70,0,0,0,0.5,9.7,621.5,88,0,0,27.4,66,29.1,20.4
2026-07-22T01:51:00+05:30,2026-07-22 01:51:00,23.1,23.8,21,0,0,11.1,84,0,0,0,0.5,9.7,621.5,88,0,0,27.5,66,29.3,20.6
2026-07-22T01:45:00+05:30,2026-07-22 01:45:00,23.1,23.8,21,0.3,3.5,11.1,81,0,0,0,0.5,9.7,621.5,88,0,0,27.5,66,29.3,20.6
2026-07-22T01:40:00+05:30,2026-07-22 01:40:00,23.1,23.8,21,0,0,11.1,81,0,0,0,0.5,9.7,621.5,88,0,0,27.5,66,29.3,20.6
2026-07-22T01:35:00+05:30,2026-07-22 01:35:00,23.1,23.8,21,0,0,11.1,75,0,0,0,0.5,9.7,621.5,88,0,0,27.5,66,29.3,20.6
2026-07-22T01:30:00+05:30,2026-07-22 01:30:00,23,23.7,20.9,0,0,11.1,62,0,0,0,0.5,9.7,621.5,88,0,0,27.5,66,29.3,20.6
2026-07-22T01:25:00+05:30,2026-07-22 01:25:00,23,23.7,20.9,0,0,11.1,72,0,0,0,0.5,9.7,621.5,88,0,0,27.6,66,29.5,20.7
2026-07-22T01:20:00+05:30,2026-07-22 01:20:00,23.1,23.8,21,0,0,11.1,71,0,0,0,0.5,9.7,621.5,88,0,0,27.6,66,29.5,20.7
2026-07-22T01:15:00+05:30,2026-07-22 01:15:00,23.1,23.8,21,0,3.5,11.1,102,0,0,0,0.5,9.7,621.5,88,0,0,27.6,66,29.5,20.7
2026-07-22T01:10:00+05:30,2026-07-22 01:10:00,23.1,23.8,21,0,0,11.1,73,0,0,0,0.5,9.7,621.5,88,0,0,27.6,66,29.5,20.7
2026-07-22T01:05:00+05:30,2026-07-22 01:05:00,23.1,23.8,21,0,0,11.1,74,0,0,0,0.5,9.7,621.5,88,0,0,27.7,66,29.7,20.8
2026-07-22T01:00:00+05:30,2026-07-22 01:00:00,23.2,23.9,21.1,0,0,11.1,73,0,0,0,0.5,9.7,621.5,88,0,0,27.6,66,29.5,20.7
2026-07-22T00:55:00+05:30,2026-07-22 00:55:00,23.1,23.8,21,2.9,7.2,11.1,85,0,0,0,0.5,9.7,621.5,88,0,0,27.7,66,29.7,20.8
2026-07-22T00:50:00+05:30,2026-07-22 00:50:00,23.1,23.8,21.2,0,1.8,11.1,70,0,0,0,0.5,9.7,621.5,89,0,0,27.8,66,29.8,20.8
2026-07-22T00:45:00+05:30,2026-07-22 00:45:00,23,23.7,21.3,0,0,9.3,82,0,0,0,0.5,9.7,621.5,90,0,0,27.8,66,29.8,20.8
2026-07-22T00:40:00+05:30,2026-07-22 00:40:00,23.1,23.8,21.4,0,0,9.3,65,0,0,0,0.5,9.7,621.5,90,0,0,27.8,66,29.8,20.8
2026-07-22T00:35:00+05:30,2026-07-22 00:35:00,23.2,23.9,21.3,4,9.3,9.3,83,0,0,0,0.5,9.7,621.5,89,0,0,27.8,67,29.9,21.1
2026-07-22T00:31:00+05:30,2026-07-22 00:31:00,23.3,24,21.4,0.3,1.8,7.2,100,0,0,0,0.5,9.7,621.5,89,0,0,27.9,67,30.1,21.2
2026-07-22T00:25:00+05:30,2026-07-22 00:25:00,23.2,24,21.5,0,0,7.2,65,0,0,0,0.5,9.7,621.5,90,0,0,27.9,67,30.1,21.2
2026-07-22T00:20:00+05:30,2026-07-22 00:20:00,22.8,23.5,21.2,0,0,0,71,0,0,0,0.5,9.7,621.5,91,0,0,27.9,67,30.1,21.2
2026-07-22T00:15:00+05:30,2026-07-22 00:15:00,22.7,23.4,21.2,0,0,0,73,0,0,0,0.5,9.7,621.5,91,0,0,28,67,30.3,21.3
2026-07-22T00:10:00+05:30,2026-07-22 00:10:00,22.6,23.3,21.2,0,0,0,66,0,0,0,0.5,9.7,621.5,92,0,0,28,67,30.3,21.3
2026-07-22T00:05:00+05:30,2026-07-22 00:05:00,22.4,23.1,21.4,0,0,0,78,0,0,0,0.5,9.7,621.5,94,0,0,28.1,67,30.5,21.4
2026-07-22T00:00:00+05:30,2026-07-22 00:00:00,22.3,23,21.4,0,0,0,73,0,0,0,0.5,9.7,621.5,95,0,0,28.1,67,30.5,21.4
2026-07-21T23:55:00+05:30,2026-07-21 23:55:00,,,,0,0,23.8,71,0,0,0.5,0.5,9.7,621.5,,0,0,28.1,67,30.5,21.4
2026-07-21T23:50:00+05:30,2026-07-21 23:50:00,22.4,23.2,21.9,0,0,23.8,68,0,0,0.5,0.5,9.7,621.5,97,0,0,28.2,67,30.7,21.5
2026-07-21T23:45:00+05:30,2026-07-21 23:45:00,22.4,23.2,21.9,0,0,23.8,66,0,0,0.5,0.5,9.7,621.5,97,0,0,28.2,67,30.7,21.5
2026-07-21T23:40:00+05:30,2026-07-21 23:40:00,22.4,23.2,21.9,0,0,23.8,71,0,0,0.5,0.5,9.7,621.5,97,0,0,28.3,67,30.8,21.6
2026-07-21T23:35:00+05:30,2026-07-21 23:35:00,22.5,23.3,22,0,0,23.8,72,0,0,0.5,0.5,9.7,621.5,97,0,0,28.3,67,30.8,21.6
2026-07-21T23:30:00+05:30,2026-07-21 23:30:00,22.6,23.5,22.1,0,0,23.8,74,0,0,0.5,0.5,9.7,621.5,97,0,0,28.3,67,30.8,21.6
2026-07-21T23:26:00+05:30,2026-07-21 23:26:00,22.6,23.4,21.9,0,0,23.8,68,0,0,0.5,0.5,9.7,621.5,96,0,0,28.3,67,30.8,21.6
2026-07-21T23:20:00+05:30,2026-07-21 23:20:00,22.8,23.6,22.1,0,0,23.8,65,0,0,0.5,0.5,9.7,621.5,96,0,0,28.4,67,31,21.7
2026-07-21T23:15:00+05:30,2026-07-21 23:15:00,22.8,23.6,22.1,0,0,23.8,70,0,0,0.5,0.5,9.7,621.5,96,0,0,28.4,67,31,21.7
2026-07-21T23:10:00+05:30,2026-07-21 23:10:00,22.9,23.7,22.2,0,0,23.8,68,0,0,0.5,0.5,9.7,621.5,96,0,0,28.4,67,31,21.7
2026-07-21T23:05:00+05:30,2026-07-21 23:05:00,22.9,23.7,22,0,0,23.8,68,0,0,0.5,0.5,9.7,621.5,95,0,0,28.5,67,31.2,21.8
2026-07-21T23:00:00+05:30,2026-07-21 23:00:00,23,23.8,22.2,0,0,23.8,72,0,0,0.5,0.5,9.7,621.5,95,0,0,28.5,66,31.1,21.5
2026-07-21T22:55:00+05:30,2026-07-21 22:55:00,23,23.8,22.2,0,0,23.8,70,0,0,0.5,0.5,9.7,621.5,95,0,0,28.5,66,31.1,21.5
2026-07-21T22:50:00+05:30,2026-07-21 22:50:00,23.1,23.9,22.1,0,0,23.8,72,0,0,0.5,0.5,9.7,621.5,94,0,0,28.5,66,31.1,21.5
2026-07-21T22:45:00+05:30,2026-07-21 22:45:00,23.2,24,22,0,0,23.8,70,0,0,0.5,0.5,9.7,621.5,93,0,0,28.6,66,31.3,21.6
2026-07-21T22:40:00+05:30,2026-07-21 22:40:00,23.2,24,22,0,0,23.8,70,0,0,0.5,0.5,9.7,621.5,93,0,0,28.6,66,31.3,21.6
2026-07-21T22:35:00+05:30,2026-07-21 22:35:00,23.3,24.1,22.1,0,0,23.8,72,0,0,0.5,0.5,9.7,621.5,93,0,0,28.7,66,31.4,21.7
2026-07-21T22:30:00+05:30,2026-07-21 22:30:00,23.4,24.2,22.2,0,0,23.8,67,0,0,0.5,0.5,9.7,621.5,93,0,0,28.7,66,31.4,21.7
2026-07-21T22:25:00+05:30,2026-07-21 22:25:00,23.3,24.1,21.9,0,0,23.8,70,0,0,0.5,0.5,9.7,621.5,92,0,0,28.7,66,31.4,21.7
2026-07-21T22:21:00+05:30,2026-07-21 22:21:00,23.5,24.3,22.1,0,0,23.8,70,0,0,0.5,0.5,9.7,621.5,92,0,0,28.8,66,31.6,21.8
2026-07-21T22:15:00+05:30,2026-07-21 22:15:00,23.6,24.4,22.2,0,0,23.8,70,0,0,0.5,0.5,9.7,621.5,92,0,0,28.8,66,31.6,21.8
2026-07-21T22:10:00+05:30,2026-07-21 22:10:00,23.6,24.4,22.2,0,0,23.8,68,0,0,0.5,0.5,9.7,621.5,92,0,0,28.8,66,31.6,21.8
2026-07-21T22:05:00+05:30,2026-07-21 22:05:00,23.7,24.6,22.3,0,0,23.8,68,0,0,0.5,0.5,9.7,621.5,92,0,0,28.8,66,31.6,21.8
2026-07-21T22:00:00+05:30,2026-07-21 22:00:00,23.9,24.7,22.3,0,0,23.8,66,0,0,0.5,0.5,9.7,621.5,91,0,0,28.9,66,31.8,21.9
2026-07-21T21:55:00+05:30,2026-07-21 21:55:00,23.9,24.7,22.5,0,0,23.8,68,0,0,0.5,0.5,9.7,621.5,92,0,0,28.9,66,31.8,21.9
2026-07-21T21:50:00+05:30,2026-07-21 21:50:00,24,24.8,22.4,0,0,23.8,72,0,0,0.5,0.5,9.7,621.5,91,0,0,29,66,32,22
2026-07-21T21:45:00+05:30,2026-07-21 21:45:00,24,24.8,22.4,0,0,23.8,75,0,0,0.5,0.5,9.7,621.5,91,0,0,29,66,32,22
2026-07-21T21:40:00+05:30,2026-07-21 21:40:00,24,24.9,22.6,0,0,23.8,70,0,0,0.5,0.5,9.7,621.5,92,0,0,29,66,32,22
2026-07-21T21:35:00+05:30,2026-07-21 21:35:00,23.9,24.7,22.5,0,0,23.8,68,0,0,0.5,0.5,9.7,621.5,92,0,0,29,66,32,22
2026-07-21T21:30:00+05:30,2026-07-21 21:30:00,24,24.9,22.6,0,0,23.8,75,0,0,0.5,0.5,9.7,621.5,92,0,0,29.1,66,32.2,22.1
2026-07-21T21:25:00+05:30,2026-07-21 21:25:00,24,24.9,22.6,0,0,23.8,74,0,0,0.5,0.5,9.7,621.5,92,0,0,29.1,66,32.2,22.1
2026-07-21T21:20:00+05:30,2026-07-21 21:20:00,24.1,25,22.7,0,0,23.8,74,0,0,0.5,0.5,9.7,621.5,92,0,0,29.1,66,32.2,22.1
2026-07-21T21:15:00+05:30,2026-07-21 21:15:00,24.2,25.1,22.8,0,0,23.8,69,0,0,0.5,0.5,9.7,621.5,92,0,0,29.1,66,32.2,22.1
2026-07-21T21:10:00+05:30,2026-07-21 21:10:00,24.3,25.1,22.7,0,0,23.8,76,0,0,0.5,0.5,9.7,621.5,91,0,0,29.1,66,32.2,22.1
2026-07-21T21:05:00+05:30,2026-07-21 21:05:00,24.3,25.2,22.9,0,0,23.8,70,0,0,0.5,0.5,9.7,621.5,92,0,0,29.2,66,32.4,22.2
2026-07-21T21:01:00+05:30,2026-07-21 21:01:00,24.3,25.1,22.7,0,0,23.8,73,0,0,0.5,0.5,9.7,621.5,91,0,0,29.2,66,32.4,22.2
2026-07-21T20:55:00+05:30,2026-07-21 20:55:00,24.4,25.3,22.8,0,0,23.8,72,0,0,0.5,0.5,9.7,621.5,91,0,0,29.2,65,32.3,21.9
2026-07-21T20:50:00+05:30,2026-07-21 20:50:00,24.4,25.3,22.8,0,0,23.8,69,0,0,0.5,0.5,9.7,621.5,91,0,0,29.3,65,32.4,22
2026-07-21T20:45:00+05:30,2026-07-21 20:45:00,24.4,25.3,22.8,0,0,23.8,88,0,0,0.5,0.5,9.7,621.5,91,0,0,29.3,65,32.4,22
2026-07-21T20:40:00+05:30,2026-07-21 20:40:00,24.4,25.3,22.8,0,0,23.8,96,0,0,0.5,0.5,9.7,621.5,91,0,0,29.3,65,32.4,22
2026-07-21T20:35:00+05:30,2026-07-21 20:35:00,24.4,25.3,22.8,0,0,23.8,68,0,0,0.5,0.5,9.7,621.5,91,0,0,29.4,65,32.6,22.1
2026-07-21T20:30:00+05:30,2026-07-21 20:30:00,24.4,25.3,22.8,0,0,23.8,68,0,0,0.5,0.5,9.7,621.5,91,0,0,29.4,65,32.6,22.1
2026-07-21T20:25:00+05:30,2026-07-21 20:25:00,24.5,25.4,22.7,0,0,23.8,70,0,0,0.5,0.5,9.7,621.5,90,0,0,29.4,65,32.6,22.1
2026-07-21T20:20:00+05:30,2026-07-21 20:20:00,24.6,25.5,22.7,0,0,23.8,69,0,0,0.5,0.5,9.7,621.5,89,0,0,29.5,65,32.8,22.2
2026-07-21T20:15:00+05:30,2026-07-21 20:15:00,24.7,25.6,22.8,0,0,23.8,74,0,0,0.5,0.5,9.7,621.5,89,0,0,29.5,64,32.7,21.9
2026-07-21T20:10:00+05:30,2026-07-21 20:10:00,24.8,25.6,22.8,0,0,23.8,68,0,0,0.5,0.5,9.7,621.5,89,0,0,29.6,64,32.9,22.1
2026-07-21T20:05:00+05:30,2026-07-21 20:05:00,24.8,25.6,22.6,0,0,23.8,70,0,0,0.5,0.5,9.7,621.5,88,0,0,29.6,64,32.9,22.1
2026-07-21T20:00:00+05:30,2026-07-21 20:00:00,24.9,25.7,22.8,0,0,23.8,99,0,0,0.5,0.5,9.7,621.5,88,0,0,29.6,64,32.9,22.1
2026-07-21T19:56:00+05:30,2026-07-21 19:56:00,24.9,25.7,22.8,0.3,7.2,23.8,76,0,0,0.5,0.5,9.7,621.5,88,0,0,29.6,64,32.9,22.1
2026-07-21T19:50:00+05:30,2026-07-21 19:50:00,24.9,25.7,22.8,0,3.5,23.8,92,0,0,0.5,0.5,9.7,621.5,88,0,0,29.7,64,33.1,22.2
2026-07-21T19:45:00+05:30,2026-07-21 19:45:00,24.9,25.7,22.8,1.1,1.8,23.8,89,0,0,0.5,0.5,9.7,621.5,88,0,0,29.7,64,33.1,22.2
2026-07-21T19:40:00+05:30,2026-07-21 19:40:00,25,25.8,22.7,2.6,3.5,23.8,88,0,0,0.5,0.5,9.7,621.5,87,0,0,29.8,64,33.2,22.2
2026-07-21T19:35:00+05:30,2026-07-21 19:35:00,25,25.8,22.7,1.8,7.2,23.8,78,0,0,0.5,0.5,9.7,621.5,87,0,0,29.8,64,33.2,22.2
2026-07-21T19:30:00+05:30,2026-07-21 19:30:00,25.1,25.9,22.8,0,0,23.8,73,0,0,0.5,0.5,9.7,621.5,87,0,0,29.8,63,33,21.9
2026-07-21T19:25:00+05:30,2026-07-21 19:25:00,25.2,26.1,22.9,0,0,23.8,92,0,0,0.5,0.5,9.7,621.5,87,0,0,29.9,63,33.2,22.1
2026-07-21T19:20:00+05:30,2026-07-21 19:20:00,25.4,26.2,22.9,2.9,5.5,23.8,82,0,0,0.5,0.5,9.7,621.5,86,0,0,29.9,63,33.2,22.1
2026-07-21T19:15:00+05:30,2026-07-21 19:15:00,25.6,26.4,22.9,0,0,23.8,75,0,0,0.5,0.5,9.7,621.5,85,0,0,29.9,63,33.2,22.1
2026-07-21T19:10:00+05:30,2026-07-21 19:10:00,25.6,26.4,22.9,0,0,23.8,79,0,0,0.5,0.5,9.7,621.5,85,0,0,30,63,33.4,22.2
2026-07-21T19:05:00+05:30,2026-07-21 19:05:00,25.6,26.4,22.9,0,0,23.8,72,0,0,0.5,0.5,9.7,621.5,85,0,0,30,63,33.4,22.2
2026-07-21T19:00:00+05:30,2026-07-21 19:00:00,25.7,26.5,22.8,0,0,23.8,71,0,0,0.5,0.5,9.7,621.5,84,0,0,30.1,63,33.7,22.3
2026-07-21T18:55:00+05:30,2026-07-21 18:55:00,25.8,26.6,22.9,6.1,9.3,23.8,84,0,0,0.5,0.5,9.7,621.5,84,0,0,30.1,63,33.7,22.3
2026-07-21T18:51:00+05:30,2026-07-21 18:51:00,26,26.8,22.9,0,3.5,23.8,73,0,0,0.5,0.5,9.7,621.5,83,0,0,30.1,63,33.7,22.3
2026-07-21T18:45:00+05:30,2026-07-21 18:45:00,26.1,26.9,22.8,1.1,3.5,23.8,97,0,0,0.5,0.5,9.7,621.5,82,0,0,30.2,62,33.7,22.1
2026-07-21T18:40:00+05:30,2026-07-21 18:40:00,26.2,27,22.9,0,5.5,23.8,74,0,0,0.5,0.5,9.7,621.5,82,0,0.1,30.2,62,33.7,22.1
2026-07-21T18:35:00+05:30,2026-07-21 18:35:00,26.2,27,22.9,0,1.8,23.8,78,0,0,0.5,0.5,9.7,621.5,82,0,0.5,30.3,62,33.8,22.2
2026-07-21T18:30:00+05:30,2026-07-21 18:30:00,26.3,27.1,22.7,0,0,23.8,91,0,0,0.5,0.5,9.7,621.5,81,0,1.1,30.3,62,33.8,22.2
2026-07-21T18:25:00+05:30,2026-07-21 18:25:00,26.4,27.2,22.9,0,9.3,23.8,87,0,0,0.5,0.5,9.7,621.5,81,0,2.3,30.3,62,33.8,22.2
2026-07-21T18:20:00+05:30,2026-07-21 18:20:00,26.6,27.4,22.9,0,0,23.8,84,0,0,0.5,0.5,9.7,621.5,80,0,4.6,30.4,62,34.1,22.3
2026-07-21T18:15:00+05:30,2026-07-21 18:15:00,26.7,29.1,23,0,3.5,23.8,86,0,0,0.5,0.5,9.7,621.5,80,0,6.8,30.4,62,34.1,22.3
2026-07-21T18:10:00+05:30,2026-07-21 18:10:00,26.9,29.4,22.9,0,0,23.8,73,0,0,0.5,0.5,9.7,621.5,79,0,9.9,30.5,62,34.3,22.4
2026-07-21T18:05:00+05:30,2026-07-21 18:05:00,27,29.6,23,1.8,5.5,23.8,117,0,0,0.5,0.5,9.7,621.5,79,0,14.3,30.5,62,34.3,22.4
2026-07-21T18:00:00+05:30,2026-07-21 18:00:00,27,29.6,23,0,13,23.8,78,0,0,0.5,0.5,9.7,621.5,79,0,17.8,30.5,62,34.3,22.4
2026-07-21T17:55:00+05:30,2026-07-21 17:55:00,27.3,30.1,23.1,8.2,11.1,23.8,95,0,0,0.5,0.5,9.7,621.5,78,0,18.3,30.6,62,34.5,22.5
2026-07-21T17:50:00+05:30,2026-07-21 17:50:00,27.3,30.1,23.1,0.3,3.5,23.8,76,0,0,0.5,0.5,9.7,621.5,78,0,24.3,30.6,62,34.5,22.5
2026-07-21T17:45:00+05:30,2026-07-21 17:45:00,27.4,30.4,23.2,0.3,7.2,23.8,108,0,0,0.5,0.5,9.7,621.5,78,0,29.3,30.6,62,34.5,22.5
2026-07-21T17:40:00+05:30,2026-07-21 17:40:00,27.7,31,23.3,3.5,5.5,23.8,90,0,0,0.5,0.5,9.7,621.5,77,0,32,30.6,62,34.5,22.5
2026-07-21T17:35:00+05:30,2026-07-21 17:35:00,27.8,31.1,23.4,0.3,7.2,23.8,118,0,0,0.5,0.5,9.7,621.5,77,0,35.7,30.7,61,34.5,22.3
2026-07-21T17:30:00+05:30,2026-07-21 17:30:00,28.1,31.8,23.5,5.5,7.2,23.8,105,0,0,0.5,0.5,9.7,621.5,76,0,38.9,30.7,61,34.5,22.3
2026-07-21T17:25:00+05:30,2026-07-21 17:25:00,28.1,31.6,23.3,0,7.2,23.8,74,0,0,0.5,0.5,9.7,621.5,75,0,40.9,30.7,61,34.5,22.3
2026-07-21T17:20:00+05:30,2026-07-21 17:20:00,28.4,32.1,23.3,0,0,23.8,75,0,0,0.5,0.5,9.7,621.5,74,0,57.1,30.7,61,34.5,22.3
2026-07-21T17:15:00+05:30,2026-07-21 17:15:00,28.1,31.5,23,6.1,7.2,23.8,110,0,0,0.5,0.5,9.7,621.5,74,0,45.4,30.7,61,34.5,22.3
2026-07-21T17:10:00+05:30,2026-07-21 17:10:00,28.4,32.1,23.3,0.6,1.8,23.8,86,0,0,0.5,0.5,9.7,621.5,74,0,36.9,30.7,61,34.5,22.3
2026-07-21T17:05:00+05:30,2026-07-21 17:05:00,28.7,32.7,23.4,5.8,7.2,23.8,94,0,0,0.5,0.5,9.7,621.5,73,0,59.4,30.8,61,34.6,22.4
2026-07-21T17:00:00+05:30,2026-07-21 17:00:00,29.5,33.9,23.4,0.3,7.2,23.8,80,0,0,0.5,0.5,9.7,621.5,70,0,77.7,30.7,60,34.3,22.1
2026-07-21T16:55:00+05:30,2026-07-21 16:55:00,29.1,33,23.1,0,3.5,23.8,84,0,0,0.5,0.5,9.7,621.5,70,1,106.2,30.7,60,34.3,22.1
2026-07-21T16:50:00+05:30,2026-07-21 16:50:00,28.7,32.1,22.7,0,5.5,23.8,70,0,0,0.5,0.5,9.7,621.5,70,1,124.9,30.8,60,34.4,22.1
2026-07-21T16:45:00+05:30,2026-07-21 16:45:00,28.6,31.9,22.6,0.6,9.3,23.8,52,0,0,0.5,0.5,9.7,621.5,70,0,92.7,30.8,60,34.4,22.1
2026-07-21T16:40:00+05:30,2026-07-21 16:40:00,28.6,31.9,22.6,5.5,13,23.8,114,0,0,0.5,0.5,9.7,621.5,70,0,65.7,30.8,60,34.4,22.1
2026-07-21T16:35:00+05:30,2026-07-21 16:35:00,29.1,32.6,22.6,8.7,9.3,23.8,77,0,0,0.5,0.5,9.7,621.5,68,0,90.3,30.8,59,34.2,21.8
2026-07-21T16:30:00+05:30,2026-07-21 16:30:00,29.4,33.2,22.9,2.9,7.2,23.8,63,0,0,0.5,0.5,9.7,621.5,68,1,121.7,30.8,59,34.2,21.8
2026-07-21T16:26:00+05:30,2026-07-21 16:26:00,29.7,33.5,22.7,3.2,18.3,23.8,80,0,0,0.5,0.5,9.7,621.5,66,1,106.4,30.9,59,34.4,21.9
2026-07-21T16:20:00+05:30,2026-07-21 16:20:00,29.4,33,22.6,2.1,9.3,23.8,117,0,0,0.5,0.5,9.7,621.5,67,2,252.6,30.9,60,34.6,22.2
2026-07-21T16:15:00+05:30,2026-07-21 16:15:00,29.3,32.9,22.7,7.9,16.6,23.8,131,0,0,0.5,0.5,9.7,621.5,68,1,175.2,30.9,60,34.6,22.2
2026-07-21T16:10:00+05:30,2026-07-21 16:10:00,29.5,33.2,22.7,4.7,11.1,23.8,96,0,0,0.5,0.5,9.7,621.5,67,2,238.7,30.9,60,34.6,22.2
2026-07-21T16:05:00+05:30,2026-07-21 16:05:00,29.4,33.2,22.9,5.5,9.3,23.8,87,0,0,0.5,0.5,9.7,621.5,68,1,190.1,30.9,59,34.4,21.9
2026-07-21T16:00:00+05:30,2026-07-21 16:00:00,29.7,33.5,22.7,1.1,5.5,23.8,82,0,0,0.5,0.5,9.7,621.5,66,1,123,30.9,59,34.4,21.9
2026-07-21T15:55:00+05:30,2026-07-21 15:55:00,30.3,34.7,23.2,4,9.3,23.8,79,0,0,0.5,0.5,9.7,621.5,66,2,234,30.9,59,34.4,21.9
2026-07-21T15:50:00+05:30,2026-07-21 15:50:00,30.2,34.1,22.6,14.8,16.6,23.8,93,0,0,0.5,0.5,9.7,621.5,64,3,329.5,30.9,60,34.6,22.2
2026-07-21T15:45:00+05:30,2026-07-21 15:45:00,30,33.9,22.7,0.3,7.2,23.8,86,0,0,0.5,0.5,9.7,621.5,65,3,321.3,30.9,59,34.4,21.9
2026-07-21T15:40:00+05:30,2026-07-21 15:40:00,30.1,34.1,22.8,2.9,7.2,23.8,99,0,0,0.5,0.5,9.7,621.5,65,2,305.1,30.8,59,34.2,21.8
2026-07-21T15:35:00+05:30,2026-07-21 15:35:00,29.7,33.5,22.7,0,9.3,23.8,80,0,0,0.5,0.5,9.7,621.5,66,3,390.7,30.9,59,34.4,21.9
2026-07-21T15:30:00+05:30,2026-07-21 15:30:00,29.7,33.5,22.7,2.6,14.8,23.8,69,0,0,0.5,0.5,9.7,621.5,66,2,210.9,30.8,59,34.2,21.8
2026-07-21T15:25:00+05:30,2026-07-21 15:25:00,30,33.9,22.7,2.6,7.2,23.8,99,0,0,0.5,0.5,9.7,621.5,65,3,389.9,30.8,59,34.2,21.8
2026-07-21T15:21:00+05:30,2026-07-21 15:21:00,30,33.9,22.7,6.1,14.8,23.8,109,0,0,0.5,0.5,9.7,621.5,65,1,153.2,30.8,59,34.2,21.8
2026-07-21T15:15:00+05:30,2026-07-21 15:15:00,30.2,34.1,22.6,3.5,11.1,23.8,91,0,0,0.5,0.5,9.7,621.5,64,1,163.4,30.9,59,34.4,21.9
2026-07-21T15:10:00+05:30,2026-07-21 15:10:00,30.3,34.7,23.2,1.4,7.2,23.8,74,0,0,0.5,0.5,9.7,621.5,66,1,110,30.9,60,34.6,22.2
2026-07-21T15:05:00+05:30,2026-07-21 15:05:00,30.3,34.5,22.9,0,11.1,23.8,74,0,0,0.5,0.5,9.7,621.5,65,1,140.4,30.9,61,34.8,22.5
2026-07-21T15:00:00+05:30,2026-07-21 15:00:00,30.9,35.6,23.3,2.1,11.1,23.8,132,0,0,0.5,0.5,9.7,621.5,64,5,537.6,30.9,61,34.8,22.5
2026-07-21T14:55:00+05:30,2026-07-21 14:55:00,30.4,34.7,23.1,5,9.3,23.8,60,0,0,0.5,0.5,9.7,621.5,65,3,323.2,30.8,61,34.6,22.4
2026-07-21T14:50:00+05:30,2026-07-21 14:50:00,30.6,34.7,22.7,7.6,13,23.8,99,0,0,0.5,0.5,9.7,621.5,63,5,556,30.8,61,34.6,22.4
2026-07-21T14:45:00+05:30,2026-07-21 14:45:00,30.4,34.5,22.8,7.9,13,23.8,43,0,0,0.5,0.5,9.7,621.5,64,4,427.1,30.8,62,34.9,22.6
2026-07-21T14:40:00+05:30,2026-07-21 14:40:00,30.4,35.2,23.6,7.2,20.1,23.8,78,0,0,0.5,0.5,9.7,621.5,67,5,565.4,30.7,62,34.7,22.6
2026-07-21T14:35:00+05:30,2026-07-21 14:35:00,30.5,35.2,23.4,0.3,9.3,23.8,125,0,0,0.5,0.5,9.7,621.5,66,6,626.2,30.6,62,34.5,22.5
2026-07-21T14:30:00+05:30,2026-07-21 14:30:00,30.6,35.2,23.3,14.8,20.1,23.8,112,0,0,0.5,0.5,9.7,621.5,65,6,649,30.6,61,34.3,22.2
2026-07-21T14:25:00+05:30,2026-07-21 14:25:00,30.8,35.4,23.2,3.5,9.3,23.8,50,0,0,0.5,0.5,9.7,621.5,64,4,508.3,30.6,61,34.3,22.2
2026-07-21T14:20:00+05:30,2026-07-21 14:20:00,30.7,35.2,23.1,8.7,16.6,23.8,100,0,0,0.5,0.5,9.7,621.5,64,6,670.6,30.5,61,34.1,22.1
2026-07-21T14:16:00+05:30,2026-07-21 14:16:00,30.4,35.2,23.6,10.5,18.3,23.8,94,0,0,0.5,0.5,9.7,621.5,67,6,621,30.5,61,34.1,22.1
2026-07-21T14:10:00+05:30,2026-07-21 14:10:00,30.8,35.4,23.2,7.2,9.3,23.8,102,0,0,0.5,0.5,9.7,621.5,64,6,649.5,30.4,61,33.8,22
2026-07-21T14:05:00+05:30,2026-07-21 14:05:00,30.4,34.5,22.8,12.2,16.6,23.8,115,0,0,0.5,0.5,9.7,621.5,64,6,636.7,30.3,61,33.6,21.9
2026-07-21T14:00:00+05:30,2026-07-21 14:00:00,30.4,34.7,23.1,0.3,14.8,23.8,49,0,0,0.5,0.5,9.7,621.5,65,5,526.4,30.2,61,33.5,21.8
2026-07-21T13:55:00+05:30,2026-07-21 13:55:00,30.5,34.7,22.9,4,11.1,23.8,90,0,0,0.5,0.5,9.7,621.5,64,5,552.1,30.2,62,33.7,22.1
2026-07-21T13:50:00+05:30,2026-07-21 13:50:00,30.6,35.2,23.3,5.5,14.8,23.8,75,0,0,0.5,0.5,9.7,621.5,65,4,500.1,30.2,62,33.7,22.1
2026-07-21T13:45:00+05:30,2026-07-21 13:45:00,31,36.2,23.6,10.5,13,23.8,126,0,0,0.5,0.5,9.7,621.5,65,5,540,30.1,62,33.4,22
2026-07-21T13:40:00+05:30,2026-07-21 13:40:00,30.5,34.7,22.9,0,18.3,23.8,81,0,0,0.5,0.5,9.7,621.5,64,5,560,30.1,61,33.3,21.7
2026-07-21T13:35:00+05:30,2026-07-21 13:35:00,30.2,34.4,22.9,2.1,7.2,23.8,102,0,0,0.5,0.5,9.7,621.5,65,5,517.8,30.1,61,33.3,21.7
2026-07-21T13:30:00+05:30,2026-07-21 13:30:00,30.6,34.7,22.7,4.7,13,23.8,125,0,0,0.5,0.5,9.7,621.5,63,2,280.7,30,62,33.2,21.9
2026-07-21T13:25:00+05:30,2026-07-21 13:25:00,30.9,35.1,22.7,8.2,16.6,23.8,94,0,0,0.5,0.5,9.7,621.5,62,6,656.9,30,63,33.4,22.2
2026-07-21T13:20:00+05:30,2026-07-21 13:20:00,30.9,35.4,23,15.1,21.9,23.8,103,0,0,0.5,0.5,9.7,621.5,63,7,720.4,29.9,63,33.2,22.1
2026-07-21T13:15:00+05:30,2026-07-21 13:15:00,30.9,35.6,23.3,4,7.2,23.8,76,0,0,0.5,0.5,9.7,621.5,64,6,706.3,29.9,63,33.2,22.1
2026-07-21T13:11:00+05:30,2026-07-21 13:11:00,31.1,36.1,23.5,0,7.2,23.8,126,0,0,0.5,0.5,9.7,621.5,64,6,717.7,29.8,64,33.2,22.2
2026-07-21T13:05:00+05:30,2026-07-21 13:05:00,30.6,35,23,1.1,16.6,23.8,78,0,0,0.5,0.5,9.7,621.5,64,7,811.5,29.7,64,33.1,22.2
2026-07-21T13:00:00+05:30,2026-07-21 13:00:00,30.9,35.4,23,4.7,13,23.8,91,0,0,0.5,0.5,9.7,621.5,63,7,734.6,29.7,65,33.3,22.4
2026-07-21T12:55:00+05:30,2026-07-21 12:55:00,30.8,35.6,23.4,6.4,13,23.8,63,0,0,0.5,0.5,9.7,621.5,65,6,677.5,29.6,65,33.1,22.3
2026-07-21T12:50:00+05:30,2026-07-21 12:50:00,30.1,34.4,23,4.3,11.1,23.8,73,0,0,0.5,0.5,9.7,621.5,66,7,732.5,29.6,65,33.1,22.3
2026-07-21T12:45:00+05:30,2026-07-21 12:45:00,31.4,36.8,23.7,1.4,16.6,23.8,65,0,0,0.5,0.5,9.7,621.5,64,6,691.3,29.5,66,33.1,22.4
2026-07-21T12:40:00+05:30,2026-07-21 12:40:00,31.1,35.9,23.2,9,13,23.8,86,0,0,0.5,0.5,9.7,621.5,63,7,798.5,29.4,66,32.8,22.3
2026-07-21T12:35:00+05:30,2026-07-21 12:35:00,30.4,34.7,23.1,0.3,7.2,23.8,63,0,0,0.5,0.5,9.7,621.5,65,9,928,29.3,67,32.8,22.5
2026-07-21T12:30:00+05:30,2026-07-21 12:30:00,30.4,35,23.3,2.9,9.3,23.8,103,0,0,0.5,0.5,9.7,621.5,66,9,954.5,29.3,67,32.8,22.5
2026-07-21T12:25:00+05:30,2026-07-21 12:25:00,30.2,35.1,23.6,5,16.6,23.8,81,0,0,0.5,0.5,9.7,621.5,68,7,747,29.1,67,32.4,22.3
2026-07-21T12:20:00+05:30,2026-07-21 12:20:00,30.2,35.3,23.9,0.6,9.3,23.8,58,0,0,0.5,0.5,9.7,621.5,69,7,757,29.1,67,32.4,22.3
2026-07-21T12:15:00+05:30,2026-07-21 12:15:00,30.2,35.3,23.9,7.2,16.6,23.8,80,0,0,0.5,0.5,9.7,621.5,69,6,663.7,29.1,67,32.4,22.3
2026-07-21T12:10:00+05:30,2026-07-21 12:10:00,30.3,35.5,23.9,0.3,9.3,23.8,65,0,0,0.5,0.5,9.7,621.5,69,5,544.5,29,67,32.2,22.2
2026-07-21T12:05:00+05:30,2026-07-21 12:05:00,30.4,35.2,23.6,0,14.8,23.8,71,0,0,0.5,0.5,9.7,621.5,67,5,588,29,67,32.2,22.2
2026-07-21T12:00:00+05:30,2026-07-21 12:00:00,30.3,35.2,23.7,1.1,9.3,23.8,86,0,0,0.5,0.5,9.7,621.5,68,7,757.1,28.9,67,31.9,22.1
2026-07-21T11:55:00+05:30,2026-07-21 11:55:00,30.4,35.5,23.8,1.4,11.1,23.8,89,0,0,0.5,0.5,9.7,621.5,68,8,858.3,28.8,67,31.7,22
2026-07-21T11:50:00+05:30,2026-07-21 11:50:00,30,34.6,23.4,0,1.8,23.8,80,0,0,0.5,0.5,9.7,621.5,68,8,845,28.7,67,31.6,22
2026-07-21T11:45:00+05:30,2026-07-21 11:45:00,29.6,33.9,23.3,0,7.2,23.8,66,0,0,0.5,0.5,9.7,621.5,69,6,691.9,28.7,67,31.6,22
2026-07-21T11:40:00+05:30,2026-07-21 11:40:00,30.6,36,24,0,7.2,23.8,14,0,0,0.5,0.5,9.7,621.5,68,6,702.5,28.6,68,31.6,22.1
2026-07-21T11:35:00+05:30,2026-07-21 11:35:00,29.7,34.4,23.6,5.5,7.2,23.8,104,0,0,0.5,0.5,9.7,621.5,70,8,869.1,28.5,68,31.3,22
2026-07-21T11:30:00+05:30,2026-07-21 11:30:00,29.8,34.5,23.7,0,9.3,20.1,89,0,0,0.5,0.5,9.7,621.5,70,8,883.9,28.4,68,31.1,21.9
2026-07-21T11:25:00+05:30,2026-07-21 11:25:00,29.6,34.1,23.5,3.2,5.5,20.1,86,0,0,0.5,0.5,9.7,621.5,70,8,874.1,28.3,68,30.9,21.8
2026-07-21T11:20:00+05:30,2026-07-21 11:20:00,29.3,33.3,23.2,6.1,13,20.1,120,0,0,0.5,0.5,9.7,621.5,70,2,307.1,28.3,68,30.9,21.8
2026-07-21T11:15:00+05:30,2026-07-21 11:15:00,29.3,33.3,23.2,10.5,14.8,20.1,105,0,0,0.5,0.5,9.7,621.5,70,8,887.9,28.2,69,30.9,22
2026-07-21T11:10:00+05:30,2026-07-21 11:10:00,29.2,33.6,23.6,2.1,20.1,20.1,82,0,0,0.5,0.5,9.7,621.5,72,1,173.9,28.2,69,30.9,22
2026-07-21T11:05:00+05:30,2026-07-21 11:05:00,29.6,34.3,23.8,0,13,20.1,70,0,0,0.5,0.5,9.7,621.5,71,6,697.7,28.1,69,30.7,21.9
2026-07-21T11:00:00+05:30,2026-07-21 11:00:00,29.4,33.8,23.6,0,18.3,20.1,70,0,0,0.5,0.5,9.7,621.5,71,3,330.6,28,70,30.7,22
2026-07-21T10:55:00+05:30,2026-07-21 10:55:00,28.6,32.4,23.3,5.5,13,20.1,107,0,0,0.5,0.5,9.7,621.5,73,2,285.7,27.9,70,30.4,21.9
2026-07-21T10:50:00+05:30,2026-07-21 10:50:00,28.6,32.6,23.5,1.4,18.3,20.1,113,0,0,0.5,0.5,9.7,621.5,74,8,911.6,27.9,70,30.4,21.9
2026-07-21T10:46:00+05:30,2026-07-21 10:46:00,28.8,32.8,23.4,9.3,13,20.1,56,0,0,0.5,0.5,9.7,621.5,73,1,181.6,27.8,69,30.1,21.6
2026-07-21T10:40:00+05:30,2026-07-21 10:40:00,28.1,31.5,23,10.1,14.8,20.1,141,0,0,0.5,0.5,9.7,621.5,74,7,809.9,27.8,69,30.1,21.6
2026-07-21T10:35:00+05:30,2026-07-21 10:35:00,28.6,32.4,23.3,8.7,14.8,20.1,68,0,0,0.5,0.5,9.7,621.5,73,2,301.5,27.8,70,30.2,21.8
2026-07-21T10:30:00+05:30,2026-07-21 10:30:00,28.9,33,23.5,7.2,16.6,16.6,96,0,0,0.5,0.5,9.7,621.5,73,8,839,27.7,70,30.1,21.7
2026-07-21T10:25:00+05:30,2026-07-21 10:25:00,28.8,32.6,23.2,9.7,13,16.6,121,0,0,0.5,0.5,9.7,621.5,72,2,263.3,27.7,71,30.3,21.9
2026-07-21T10:20:00+05:30,2026-07-21 10:20:00,28.4,32.1,23.3,3.2,5.5,16.6,105,0,0,0.5,0.5,9.7,621.5,74,8,886.3,27.6,71,30.1,21.9
2026-07-21T10:15:00+05:30,2026-07-21 10:15:00,27.8,31.1,23.4,5,14.8,16.6,112,0,0,0.5,0.5,9.7,621.5,77,8,901,27.5,71,29.8,21.8
2026-07-21T10:10:00+05:30,2026-07-21 10:10:00,28.2,32,23.6,4.7,14.8,16.6,124,0,0,0.5,0.5,9.7,621.5,76,2,254.7,27.5,71,29.8,21.8
2026-07-21T10:05:00+05:30,2026-07-21 10:05:00,27.6,30.9,23.4,0,9.3,16.6,68,0,0,0.5,0.5,9.7,621.5,78,5,566.2,27.5,72,29.9,22
2026-07-21T10:00:00+05:30,2026-07-21 10:00:00,27.6,30.9,23.4,1.4,11.1,16.6,115,0,0.5,0.5,0.5,9.7,621.5,78,2,269.6,27.4,72,29.7,21.9
2026-07-21T09:55:00+05:30,2026-07-21 09:55:00,27.9,31.3,23.3,4,7.2,16.6,97,0,0.5,0.5,0.5,9.7,621.5,76,2,231.9,27.3,72,29.6,21.8
2026-07-21T09:50:00+05:30,2026-07-21 09:50:00,27.4,30.4,23.2,6.9,13,16.6,71,0,0.5,0.5,0.5,9.7,621.5,78,1,174.4,27.3,72,29.6,21.8
2026-07-21T09:45:00+05:30,2026-07-21 09:45:00,27.8,31,23.1,2.9,7.2,16.6,73,0,0.5,0.5,0.5,9.7,621.5,76,5,606.9,27.2,72,29.4,21.7
2026-07-21T09:41:00+05:30,2026-07-21 09:41:00,27.7,31.1,23.5,0,5.5,14.8,72,0,0.5,0.5,0.5,9.7,621.5,78,7,774.5,27.2,72,29.4,21.7
2026-07-21T09:35:00+05:30,2026-07-21 09:35:00,27.5,30.8,23.5,0.6,7.2,14.8,83,0,0.5,0.5,0.5,9.7,621.5,79,6,714.9,27.1,72,29.2,21.6
2026-07-21T09:30:00+05:30,2026-07-21 09:30:00,27.6,30.9,23.4,12.6,14.8,14.8,92,0,0.5,0.5,0.5,9.7,621.5,78,2,218.3,27,72,29,21.5
2026-07-21T09:25:00+05:30,2026-07-21 09:25:00,26.9,29.5,23.1,3.5,11.1,13,118,0,0.5,0.5,0.5,9.7,621.5,80,4,465.3,27,72,29,21.5
2026-07-21T09:20:00+05:30,2026-07-21 09:20:00,26.9,29.5,23.1,0.3,3.5,13,80,0,0.5,0.5,0.5,9.7,621.5,80,1,181.8,27,72,29,21.5
2026-07-21T09:15:00+05:30,2026-07-21 09:15:00,26.9,29.4,22.9,0,5.5,11.1,84,0,0.5,0.5,0.5,9.7,621.5,79,5,595.3,26.9,73,28.9,21.6
2026-07-21T09:10:00+05:30,2026-07-21 09:10:00,26.9,29.5,23.1,0,11.1,11.1,80,3,0.5,0.5,0.5,9.7,621.5,80,2,250,26.9,73,28.9,21.6
2026-07-21T09:05:00+05:30,2026-07-21 09:05:00,26.6,27.4,23.1,1.1,9.3,11.1,79,3,0.5,0.5,0.5,9.7,621.5,81,2,266.2,26.8,73,28.7,21.5
2026-07-21T09:00:00+05:30,2026-07-21 09:00:00,27.1,30,23.4,7.9,11.1,13,107,0,0,0,0,9.1,621,80,2,237.5,26.8,73,28.7,21.5
2026-07-21T08:56:00+05:30,2026-07-21 08:56:00,26.9,29.5,23.1,3.5,11.1,13,50,0,0,0,0,9.1,621,80,5,544,26.8,73,28.7,21.5
2026-07-21T08:50:00+05:30,2026-07-21 08:50:00,26.6,27.4,22.9,7.2,11.1,13,102,0,0,0,0,9.1,621,80,3,379.2,26.7,73,28.6,21.4
2026-07-21T08:45:00+05:30,2026-07-21 08:45:00,26.2,27.1,23.1,5,13,13,110,0,0,0,0,9.1,621,83,5,524.4,26.7,72,28.6,21.2
2026-07-21T08:40:00+05:30,2026-07-21 08:40:00,26.3,27.1,23.2,0.6,7.2,13,101,0,0,0,0,9.1,621,83,4,482.1,26.7,72,28.6,21.2
2026-07-21T08:35:00+05:30,2026-07-21 08:35:00,26,26.8,22.9,0,0,13,95,0,0,0,0,9.1,621,83,4,436.6,26.6,72,27.2,21.1
2026-07-21T08:30:00+05:30,2026-07-21 08:30:00,25.9,26.7,23,2.9,5.5,13,94,0,0,0,0,9.1,621,84,3,394.4,26.6,72,27.2,21.1
2026-07-21T08:25:00+05:30,2026-07-21 08:25:00,25.7,26.6,23,1.1,11.1,13,77,0,0,0,0,9.1,621,85,3,340.5,26.6,73,27.2,21.4
2026-07-21T08:20:00+05:30,2026-07-21 08:20:00,26.2,27.1,23.1,2.9,5.5,13,103,0,0,0,0,9.1,621,83,2,264.3,26.6,73,27.2,21.4
2026-07-21T08:15:00+05:30,2026-07-21 08:15:00,26,26.8,23.1,0,0,13,117,0,0,0,0,9.1,621,84,3,343.4,26.6,73,27.2,21.4
2026-07-21T08:10:00+05:30,2026-07-21 08:10:00,26,26.8,23.1,0,1.8,13,85,0,0,0,0,9.1,621,84,3,359.2,26.5,72,27.1,21.1
2026-07-21T08:05:00+05:30,2026-07-21 08:05:00,25.6,26.4,22.9,0,0,13,83,0,0,0,0,9.1,621,85,2,286.7,26.5,72,27.1,21.1
2026-07-21T08:00:00+05:30,2026-07-21 08:00:00,25.4,26.3,23.1,1.4,7.2,13,76,0,0,0,0,9.1,621,87,2,236.4,26.5,72,27.1,21.1
2026-07-21T07:55:00+05:30,2026-07-21 07:55:00,25.4,26.3,23.1,0,0,13,93,0,0,0,0,9.1,621,87,2,225.3,26.5,72,27.1,21.1
2026-07-21T07:51:00+05:30,2026-07-21 07:51:00,25,25.9,22.9,2.1,7.2,13,107,0,0,0,0,9.1,621,88,2,269.8,26.5,72,27.1,21.1
2026-07-21T07:45:00+05:30,2026-07-21 07:45:00,24.8,25.6,22.6,0,9.3,11.1,81,0,0,0,0,9.1,621,88,2,250.1,26.4,72,26.9,20.9
2026-07-21T07:40:00+05:30,2026-07-21 07:40:00,24.6,25.5,22.7,0,1.8,11.1,75,0,0,0,0,9.1,621,89,1,199,26.4,72,26.9,20.9
2026-07-21T07:35:00+05:30,2026-07-21 07:35:00,24.7,25.6,22.8,2.1,9.3,11.1,50,0,0,0,0,9.1,621,89,1,180.7,26.5,72,27.1,21.1
2026-07-21T07:30:00+05:30,2026-07-21 07:30:00,24.7,25.6,22.8,2.1,9.3,11.1,80,0,0,0,0,9.1,621,89,1,174.5,26.4,72,26.9,20.9
2026-07-21T07:25:00+05:30,2026-07-21 07:25:00,24.6,25.5,22.7,0.3,1.8,11.1,99,0,0,0,0,9.1,621,89,1,159.8,26.4,72,26.9,20.9
2026-07-21T07:20:00+05:30,2026-07-21 07:20:00,24.6,25.5,22.7,0,5.5,11.1,76,0,0,0,0,9.1,621,89,1,149.4,26.4,72,26.9,20.9
2026-07-21T07:15:00+05:30,2026-07-21 07:15:00,24.6,25.5,22.7,0,0,11.1,73,0,0,0,0,9.1,621,89,1,140.7,26.4,72,26.9,20.9
2026-07-21T07:10:00+05:30,2026-07-21 07:10:00,24.4,25.2,22.6,0,0,11.1,9,0,0,0,0,9.1,621,90,1,129.2,26.4,72,26.9,20.9
2026-07-21T07:05:00+05:30,2026-07-21 07:05:00,24.1,24.9,22.4,1.1,3.5,11.1,95,0,0,0,0,9.1,621,90,1,117,26.3,72,26.8,20.8
2026-07-21T07:00:00+05:30,2026-07-21 07:00:00,23.9,24.7,22.3,0,11.1,11.1,104,0,0,0,0,9.1,621,91,0,97.8,26.3,72,26.8,20.8
2026-07-21T06:55:00+05:30,2026-07-21 06:55:00,23.7,24.6,22.3,0,5.5,11.1,71,0,0,0,0,9.1,621,92,0,79,26.3,72,26.8,20.8
2026-07-21T06:50:00+05:30,2026-07-21 06:50:00,23.5,24.3,22.3,0,0,11.1,80,0,0,0,0,9.1,621,93,0,59.2,26.3,72,26.8,20.8
2026-07-21T06:45:00+05:30,2026-07-21 06:45:00,23.3,24.1,22.1,0,0,11.1,74,0,0,0,0,9.1,621,93,0,49.4,26.3,72,26.8,20.8
2026-07-21T06:40:00+05:30,2026-07-21 06:40:00,23.2,24.1,22.2,1.1,3.5,11.1,96,0,0,0,0,9.1,621,94,0,37.8,26.3,72,26.8,20.8
2026-07-21T06:35:00+05:30,2026-07-21 06:35:00,23.1,23.9,22.1,0,0,11.1,72,0,0,0,0,9.1,621,94,0,29.2,26.3,72,26.8,20.8
2026-07-21T06:31:00+05:30,2026-07-21 06:31:00,23.1,23.9,22.1,0,0,11.1,72,0,0,0,0,9.1,621,94,0,24.4,26.3,72,26.8,20.8
2026-07-21T06:25:00+05:30,2026-07-21 06:25:00,23,23.8,22,0,5.5,11.1,70,0,0,0,0,9.1,621,94,0,19.5,26.3,72,26.8,20.8
2026-07-21T06:20:00+05:30,2026-07-21 06:20:00,23,23.8,22,0,0,11.1,92,0,0,0,0,9.1,621,94,0,14.9,26.3,72,26.8,20.8
2026-07-21T06:15:00+05:30,2026-07-21 06:15:00,23,23.8,22,0,0,11.1,68,0,0,0,0,9.1,621,94,0,9.3,26.3,72,26.8,20.8
2026-07-21T06:10:00+05:30,2026-07-21 06:10:00,22.9,23.7,22,0,0,11.1,69,0,0,0,0,9.1,621,95,0,5.5,26.3,72,26.8,20.8
2026-07-21T06:05:00+05:30,2026-07-21 06:05:00,22.8,23.6,21.9,4,5.5,11.1,88,0,0,0,0,9.1,621,95,0,3.6,26.3,72,26.8,20.8
2026-07-21T06:00:00+05:30,2026-07-21 06:00:00,22.8,23.6,21.9,0,0,11.1,73,0,0,0,0,9.1,621,95,0,1.8,26.3,72,26.8,20.8
2026-07-21T05:55:00+05:30,2026-07-21 05:55:00,22.8,23.6,21.9,0,0,11.1,68,0,0,0,0,9.1,621,95,0,1,26.3,72,26.8,20.8
2026-07-21T05:50:00+05:30,2026-07-21 05:50:00,22.8,23.6,21.9,0,0,11.1,71,0,0,0,0,9.1,621,95,0,0.4,26.3,71,26.8,20.6
2026-07-21T05:45:00+05:30,2026-07-21 05:45:00,22.8,23.6,21.9,0,0,11.1,69,0,0,0,0,9.1,621,95,0,0.1,26.3,71,26.8,20.6
2026-07-21T05:40:00+05:30,2026-07-21 05:40:00,22.8,23.6,21.9,0,0,11.1,73,0,0,0,0,9.1,621,95,0,0,26.4,71,26.9,20.7
2026-07-21T05:35:00+05:30,2026-07-21 05:35:00,22.9,23.7,22,2.1,5.5,11.1,78,0,0,0,0,9.1,621,95,0,0,26.4,71,26.9,20.7
2026-07-21T05:30:00+05:30,2026-07-21 05:30:00,23,23.8,22,0,0,11.1,67,0,0,0,0,9.1,621,94,0,0,26.4,71,26.9,20.7
2026-07-21T05:26:00+05:30,2026-07-21 05:26:00,23,23.8,22,0,0,11.1,85,0,0,0,0,9.1,621,94,0,0,26.4,71,26.9,20.7
2026-07-21T05:20:00+05:30,2026-07-21 05:20:00,23,23.8,22,0,0,11.1,83,0,0,0,0,9.1,621,94,0,0,26.4,71,26.9,20.7
2026-07-21T05:15:00+05:30,2026-07-21 05:15:00,23.1,23.9,22.1,0,3.5,11.1,75,0,0,0,0,9.1,621,94,0,0,26.4,71,26.9,20.7
2026-07-21T05:10:00+05:30,2026-07-21 05:10:00,23.1,23.9,21.9,0,7.2,11.1,70,0,0,0,0,9.1,621,93,0,0,26.4,71,26.9,20.7
2026-07-21T05:05:00+05:30,2026-07-21 05:05:00,23.1,23.9,21.9,0,0,11.1,74,0,0,0,0,9.1,621,93,0,0,26.4,71,26.9,20.7
2026-07-21T05:00:00+05:30,2026-07-21 05:00:00,23.1,23.9,21.9,7.9,9.3,11.1,99,0,0,0,0,9.1,621,93,0,0,26.4,70,26.9,20.4
2026-07-21T04:55:00+05:30,2026-07-21 04:55:00,23.1,23.9,21.9,0,0,11.1,74,0,0,0,0,9.1,621,93,0,0,26.4,70,26.9,20.4
2026-07-21T04:50:00+05:30,2026-07-21 04:50:00,23.2,24,21.8,0,0,11.1,68,0,0,0,0,9.1,621,92,0,0,26.4,70,26.9,20.4
2026-07-21T04:45:00+05:30,2026-07-21 04:45:00,23.2,24,21.8,0,0,11.1,70,0,0,0,0,9.1,621,92,0,0,26.4,70,26.9,20.4
2026-07-21T04:40:00+05:30,2026-07-21 04:40:00,23.1,23.9,21.7,5.5,7.2,11.1,95,0,0,0,0,9.1,621,92,0,0,26.4,70,26.9,20.4
2026-07-21T04:35:00+05:30,2026-07-21 04:35:00,23.1,23.9,21.6,0,0,11.1,75,0,0,0,0,9.1,621,91,0,0,26.4,70,26.9,20.4
2026-07-21T04:30:00+05:30,2026-07-21 04:30:00,23.2,24,21.7,0,0,11.1,74,0,0,0,0,9.1,621,91,0,0,26.4,70,26.9,20.4
2026-07-21T04:25:00+05:30,2026-07-21 04:25:00,23.2,24,21.5,0,3.5,11.1,71,0,0,0,0,9.1,621,90,0,0,26.4,70,26.9,20.4
2026-07-21T04:21:00+05:30,2026-07-21 04:21:00,23.2,24,21.5,0,0,11.1,79,0,0,0,0,9.1,621,90,0,0,26.5,70,27.1,20.6
2026-07-21T04:15:00+05:30,2026-07-21 04:15:00,23.1,23.8,21.4,0,3.5,11.1,70,0,0,0,0,9.1,621,90,0,0,26.5,69,27,20.3
2026-07-21T04:10:00+05:30,2026-07-21 04:10:00,23.1,23.8,21.4,0,0,11.1,65,0,0,0,0,9.1,621,90,0,0,26.5,69,27,20.3
2026-07-21T04:05:00+05:30,2026-07-21 04:05:00,23.2,23.9,21.3,0,0,11.1,74,0,0,0,0,9.1,621,89,0,0,26.5,69,27,20.3
2026-07-21T04:00:00+05:30,2026-07-21 04:00:00,23.3,24,21.4,0,1.8,11.1,81,0,0,0,0,9.1,621,89,0,0,26.5,69,27,20.3
2026-07-21T03:55:00+05:30,2026-07-21 03:55:00,23.4,24.1,21.3,0,1.8,11.1,77,0,0,0,0,9.1,621,88,0,0,26.5,69,27,20.3
2026-07-21T03:50:00+05:30,2026-07-21 03:50:00,23.5,24.2,21.4,2.1,5.5,11.1,72,0,0,0,0,9.1,621,88,0,0,26.5,69,27,20.3
2026-07-21T03:45:00+05:30,2026-07-21 03:45:00,23.4,24.1,21.3,8.2,11.1,11.1,78,0,0,0,0,9.1,621,88,0,0,26.5,69,27,20.3
2026-07-21T03:40:00+05:30,2026-07-21 03:40:00,23.4,24.1,21.3,0,0,7.2,75,0,0,0,0,9.1,621,88,0,0,26.6,69,27.1,20.4
2026-07-21T03:35:00+05:30,2026-07-21 03:35:00,23.5,24.2,21.4,0,5.5,7.2,69,0,0,0,0,9.1,621,88,0,0,26.6,69,27.1,20.4
2026-07-21T03:30:00+05:30,2026-07-21 03:30:00,23.5,24.2,21.4,0,0,7.2,70,0,0,0,0,9.1,621,88,0,0,26.6,69,27.1,20.4
2026-07-21T03:25:00+05:30,2026-07-21 03:25:00,23.5,24.2,21.4,0,0,7.2,80,0,0,0,0,9.1,621,88,0,0,26.6,69,27.1,20.4
2026-07-21T03:20:00+05:30,2026-07-21 03:20:00,23.5,24.2,21.4,0,0,7.2,67,0,0,0,0,9.1,621,88,0,0,26.6,69,27.1,20.4
2026-07-21T03:15:00+05:30,2026-07-21 03:15:00,23.5,24.2,21.4,0,0,7.2,69,0,0,0,0,9.1,621,88,0,0,26.6,69,27.1,20.4
2026-07-21T03:10:00+05:30,2026-07-21 03:10:00,23.4,24.1,21.3,0,0,7.2,70,0,0,0,0,9.1,621,88,0,0,26.6,69,27.1,20.4
2026-07-21T03:05:00+05:30,2026-07-21 03:05:00,23.3,24,21.2,0,0,7.2,67,0,0,0,0,9.1,621,88,0,0,26.6,69,27.1,20.4
2026-07-21T03:00:00+05:30,2026-07-21 03:00:00,23.3,24,21.4,0,0,7.2,82,0,0,0,0,9.1,621,89,0,0,26.6,69,27.1,20.4
2026-07-21T02:55:00+05:30,2026-07-21 02:55:00,23.2,23.9,21.3,0,0,7.2,73,0,0,0,0,9.1,621,89,0,0,26.7,69,28.3,20.6
2026-07-21T02:50:00+05:30,2026-07-21 02:50:00,23.1,23.8,21.2,0,0,7.2,89,0,0,0,0,9.1,621,89,0,0,26.7,69,28.3,20.6
2026-07-21T02:45:00+05:30,2026-07-21 02:45:00,23.1,23.8,21.2,0,0,7.2,72,0,0,0,0,9.1,621,89,0,0,26.7,69,28.3,20.6
2026-07-21T02:40:00+05:30,2026-07-21 02:40:00,23.1,23.8,21.2,0,0,7.2,70,0,0,0,0,9.1,621,89,0,0,26.7,69,28.3,20.6
2026-07-21T02:35:00+05:30,2026-07-21 02:35:00,23,23.7,21.1,0,0,7.2,72,0,0,0,0,9.1,621,89,0,0,26.7,69,28.3,20.6
2026-07-21T02:30:00+05:30,2026-07-21 02:30:00,23,23.7,21.1,0,0,7.2,72,0,0,0,0,9.1,621,89,0,0,26.7,69,28.3,20.6
2026-07-21T02:25:00+05:30,2026-07-21 02:25:00,22.9,23.6,21.2,0,0,7.2,72,0,0,0,0,9.1,621,90,0,0,26.7,69,28.3,20.6
2026-07-21T02:20:00+05:30,2026-07-21 02:20:00,22.9,23.6,21.2,0,0,7.2,73,0,0,0,0,9.1,621,90,0,0,26.8,69,28.4,20.6
2026-07-21T02:15:00+05:30,2026-07-21 02:15:00,22.8,23.5,21.2,0,0,7.2,69,0,0,0,0,9.1,621,91,0,0,26.8,69,28.4,20.6
2026-07-21T02:10:00+05:30,2026-07-21 02:10:00,22.8,23.5,21,0,0,7.2,70,0,0,0,0,9.1,621,90,0,0,26.8,69,28.4,20.6
2026-07-21T02:05:00+05:30,2026-07-21 02:05:00,22.8,23.5,21.2,0,0,7.2,68,0,0,0,0,9.1,621,91,0,0,26.8,69,28.4,20.6
2026-07-21T02:00:00+05:30,2026-07-21 02:00:00,22.8,23.5,21,0,0,7.2,70,0,0,0,0,9.1,621,90,0,0,26.8,69,28.4,20.6
2026-07-21T01:56:00+05:30,2026-07-21 01:56:00,23,23.7,21.3,0,0,7.2,73,0,0,0,0,9.1,621,90,0,0,26.8,69,28.4,20.6
2026-07-21T01:50:00+05:30,2026-07-21 01:50:00,23,23.7,21.3,0,0,7.2,60,0,0,0,0,9.1,621,90,0,0,26.8,69,28.4,20.6
2026-07-21T01:45:00+05:30,2026-07-21 01:45:00,23.2,23.9,21.3,0,0,7.2,77,0,0,0,0,9.1,621,89,0,0,26.9,69,28.6,20.7
2026-07-21T01:40:00+05:30,2026-07-21 01:40:00,23.2,23.9,21.3,0,0,7.2,72,0,0,0,0,9.1,621,89,0,0,26.9,69,28.6,20.7
2026-07-21T01:35:00+05:30,2026-07-21 01:35:00,23.2,23.9,21.3,0,0,7.2,72,0,0,0,0,9.1,621,89,0,0,26.9,69,28.6,20.7
2026-07-21T01:30:00+05:30,2026-07-21 01:30:00,23.3,24,21.2,0,0,7.2,81,0,0,0,0,9.1,621,88,0,0,26.9,69,28.6,20.7
2026-07-21T01:25:00+05:30,2026-07-21 01:25:00,23.4,24.1,21.3,0,0,7.2,71,0,0,0,0,9.1,621,88,0,0,26.9,69,28.6,20.7
2026-07-21T01:20:00+05:30,2026-07-21 01:20:00,23.3,24,21.4,0,0,7.2,70,0,0,0,0,9.1,621,89,0,0,26.9,69,28.6,20.7
2026-07-21T01:15:00+05:30,2026-07-21 01:15:00,23.4,24.1,21.3,0,0,7.2,73,0,0,0,0,9.1,621,88,0,0,26.9,69,28.6,20.7
2026-07-21T01:10:00+05:30,2026-07-21 01:10:00,23.4,24.1,21.5,0,0,7.2,89,0,0,0,0,9.1,621,89,0,0,27,69,28.8,20.8
2026-07-21T01:05:00+05:30,2026-07-21 01:05:00,23.4,24.1,21.5,0,0,7.2,69,0,0,0,0,9.1,621,89,0,0,27,69,28.8,20.8
2026-07-21T01:00:00+05:30,2026-07-21 01:00:00,23.3,24,21.4,0.6,5.5,7.2,68,0,0,0,0,9.1,621,89,0,0,27,69,28.8,20.8
2026-07-21T00:55:00+05:30,2026-07-21 00:55:00,23.3,24,21.4,0,0,7.2,78,0,0,0,0,9.1,621,89,0,0,27,69,28.8,20.8
2026-07-21T00:51:00+05:30,2026-07-21 00:51:00,23.3,24,21.4,2.1,7.2,7.2,91,0,0,0,0,9.1,621,89,0,0,27,69,28.8,20.8
2026-07-21T00:45:00+05:30,2026-07-21 00:45:00,23.3,24,21.4,0,0,7.2,73,0,0,0,0,9.1,621,89,0,0,27.1,69,28.9,20.9
2026-07-21T00:40:00+05:30,2026-07-21 00:40:00,23.2,23.9,21.3,0,5.5,5.5,77,0,0,0,0,9.1,621,89,0,0,27.1,69,28.9,20.9
2026-07-21T00:35:00+05:30,2026-07-21 00:35:00,23.2,23.9,21.3,0,0,3.5,71,0,0,0,0,9.1,621,89,0,0,27.1,69,28.9,20.9
2026-07-21T00:30:00+05:30,2026-07-21 00:30:00,23.2,24,21.5,0,0,3.5,77,0,0,0,0,9.1,621,90,0,0,27.1,69,28.9,20.9
2026-07-21T00:25:00+05:30,2026-07-21 00:25:00,23.2,24,21.5,0,0,3.5,64,0,0,0,0,9.1,621,90,0,0,27.1,69,28.9,20.9
2026-07-21T00:20:00+05:30,2026-07-21 00:20:00,23.2,24,21.5,0,0,1.8,72,0,0,0,0,9.1,621,90,0,0,27.1,69,28.9,20.9
2026-07-21T00:15:00+05:30,2026-07-21 00:15:00,23.2,24,21.5,0,0,1.8,76,0,0,0,0,9.1,621,90,0,0,27.1,69,28.9,20.9
2026-07-21T00:10:00+05:30,2026-07-21 00:10:00,23.1,23.9,21.6,0,1.8,1.8,77,0,0,0,0,9.1,621,91,0,0,27.2,69,29.2,21
2026-07-21T00:05:00+05:30,2026-07-21 00:05:00,23.2,24,21.7,0.3,1.8,1.8,80,0,0,0,0,9.1,621,91,0,0,27.2,69,29.2,21
2026-07-21T00:00:00+05:30,2026-07-21 00:00:00,23.2,24,21.5,0,0,0,71,0,0,0,0,9.1,621,90,0,0,27.2,69,29.2,21
2026-07-20T23:55:00+05:30,2026-07-20 23:55:00,23.3,24,21.5,0,0,21.9,70,0,0,0,0,9.1,621,90,0,0,27.2,69,29.2,21
2026-07-20T23:50:00+05:30,2026-07-20 23:50:00,23.3,24,21.5,0.3,3.5,21.9,78,0,0,0,0,9.1,621,90,0,0,27.3,69,29.2,21.1
2026-07-20T23:46:00+05:30,2026-07-20 23:46:00,23.3,24,21.5,0,0,21.9,86,0,0,0,0,9.1,621,90,0,0,27.3,69,29.2,21.1
2026-07-20T23:40:00+05:30,2026-07-20 23:40:00,23.4,24.1,21.5,0,7.2,21.9,76,0,0,0,0,9.1,621,89,0,0,27.3,69,29.2,21.1
2026-07-20T23:35:00+05:30,2026-07-20 23:35:00,23.3,24,21.4,0,5.5,21.9,72,0,0,0,0,9.1,621,89,0,0,27.3,69,29.2,21.1
2026-07-20T23:30:00+05:30,2026-07-20 23:30:00,23.1,23.8,21.2,3.5,5.5,21.9,92,0,0,0,0,9.1,621,89,0,0,27.4,69,29.4,21.2
2026-07-20T23:25:00+05:30,2026-07-20 23:25:00,23,23.7,21.3,0,0,21.9,82,0,0,0,0,9.1,621,90,0,0,27.4,69,29.4,21.2
2026-07-20T23:20:00+05:30,2026-07-20 23:20:00,22.8,23.5,21.4,0,0,21.9,69,0,0,0,0,9.1,621,92,0,0,27.4,69,29.4,21.2
2026-07-20T23:15:00+05:30,2026-07-20 23:15:00,22.8,23.5,21.4,0,0,21.9,81,0,0,0,0,9.1,621,92,0,0,27.5,69,29.6,21.3
2026-07-20T23:10:00+05:30,2026-07-20 23:10:00,22.9,23.6,21.5,0,0,21.9,71,0,0,0,0,9.1,621,92,0,0,27.5,69,29.6,21.3
2026-07-20T23:05:00+05:30,2026-07-20 23:05:00,22.9,23.6,21.5,0,0,21.9,67,0,0,0,0,9.1,621,92,0,0,27.5,69,29.6,21.3
2026-07-20T23:00:00+05:30,2026-07-20 23:00:00,22.9,23.6,21.5,0,0,21.9,73,0,0,0,0,9.1,621,92,0,0,27.5,69,29.6,21.3
2026-07-20T22:55:00+05:30,2026-07-20 22:55:00,22.9,23.7,21.7,0,0,21.9,67,0,0,0,0,9.1,621,93,0,0,27.5,69,29.6,21.3
2026-07-20T22:50:00+05:30,2026-07-20 22:50:00,22.9,23.7,21.7,0,0,21.9,72,0,0,0,0,9.1,621,93,0,0,27.6,69,29.8,21.4
2026-07-20T22:45:00+05:30,2026-07-20 22:45:00,23,23.8,21.8,0,0,21.9,72,0,0,0,0,9.1,621,93,0,0,27.6,69,29.8,21.4
2026-07-20T22:41:00+05:30,2026-07-20 22:41:00,23,23.8,21.8,0,0,21.9,72,0,0,0,0,9.1,621,93,0,0,27.6,69,29.8,21.4
2026-07-20T22:35:00+05:30,2026-07-20 22:35:00,23,23.8,21.8,0,0,21.9,69,0,0,0,0,9.1,621,93,0,0,27.6,69,29.8,21.4
2026-07-20T22:30:00+05:30,2026-07-20 22:30:00,23.1,23.9,21.9,0,0,21.9,73,0,0,0,0,9.1,621,93,0,0,27.7,69,30,21.5
2026-07-20T22:25:00+05:30,2026-07-20 22:25:00,23.2,24,22,0,0,21.9,71,0,0,0,0,9.1,621,93,0,0,27.7,69,30,21.5
2026-07-20T22:20:00+05:30,2026-07-20 22:20:00,23.2,24,22,0,0,21.9,71,0,0,0,0,9.1,621,93,0,0,27.7,69,30,21.5
2026-07-20T22:15:00+05:30,2026-07-20 22:15:00,23.2,24,22,0,0,21.9,78,0,0,0,0,9.1,621,93,0,0,27.7,69,30,21.5
2026-07-20T22:10:00+05:30,2026-07-20 22:10:00,23.4,24.2,22.2,0,0,21.9,72,0,0,0,0,9.1,621,93,0,0,27.8,70,30.2,21.8
2026-07-20T22:05:00+05:30,2026-07-20 22:05:00,23.5,24.3,22.3,0,0,21.9,71,0,0,0,0,9.1,621,93,0,0,27.8,70,30.2,21.8
2026-07-20T22:00:00+05:30,2026-07-20 22:00:00,23.6,24.4,22.2,0,0,21.9,69,0,0,0,0,9.1,621,92,0,0,27.8,69,30.1,21.6
2026-07-20T21:55:00+05:30,2026-07-20 21:55:00,23.8,24.6,22.4,0,0,21.9,70,0,0,0,0,9.1,621,92,0,0,27.9,69,30.3,21.7
2026-07-20T21:50:00+05:30,2026-07-20 21:50:00,23.8,24.6,22.2,0,0,21.9,69,0,0,0,0,9.1,621,91,0,0,27.8,69,30.1,21.6
2026-07-20T21:45:00+05:30,2026-07-20 21:45:00,23.8,24.6,22.4,0,0,21.9,78,0,0,0,0,9.1,621,92,0,0,27.9,69,30.3,21.7
2026-07-20T21:40:00+05:30,2026-07-20 21:40:00,23.7,24.6,22.3,0,0,21.9,72,0,0,0,0,9.1,621,92,0,0,27.9,69,30.3,21.7
2026-07-20T21:36:00+05:30,2026-07-20 21:36:00,23.6,24.5,22.4,0,0,21.9,74,0,0,0,0,9.1,621,93,0,0,27.9,70,30.4,21.9
2026-07-20T21:30:00+05:30,2026-07-20 21:30:00,23.8,24.6,22.4,0,0,21.9,69,0,0,0,0,9.1,621,92,0,0,28,70,30.7,22
2026-07-20T21:25:00+05:30,2026-07-20 21:25:00,23.8,24.6,22.6,0,0,21.9,70,0,0,0,0,9.1,621,93,0,0,28,70,30.7,22
2026-07-20T21:20:00+05:30,2026-07-20 21:20:00,23.8,24.6,22.6,0,0,21.9,70,0,0,0,0,9.1,621,93,0,0,28,69,30.6,21.8
2026-07-20T21:15:00+05:30,2026-07-20 21:15:00,23.9,24.7,22.5,0,0,21.9,72,0,0,0,0,9.1,621,92,0,0,28,69,30.6,21.8
2026-07-20T21:10:00+05:30,2026-07-20 21:10:00,24,24.9,22.6,0,0,21.9,75,0,0,0,0,9.1,621,92,0,0,28,69,30.6,21.8
2026-07-20T21:05:00+05:30,2026-07-20 21:05:00,24,24.9,22.6,0,0,21.9,77,0,0,0,0,9.1,621,92,0,0,28.1,69,30.7,21.9
2026-07-20T21:00:00+05:30,2026-07-20 21:00:00,24,24.9,22.6,0,0,21.9,73,0,0,0,0,9.1,621,92,0,0,28.1,69,30.7,21.9
2026-07-20T20:55:00+05:30,2026-07-20 20:55:00,23.9,24.7,22.5,0,0,21.9,69,0,0,0,0,9.1,621,92,0,0,28.1,69,30.7,21.9
2026-07-20T20:50:00+05:30,2026-07-20 20:50:00,24,24.9,22.6,0,0,21.9,84,0,0,0,0,9.1,621,92,0,0,28.1,69,30.7,21.9
2026-07-20T20:45:00+05:30,2026-07-20 20:45:00,24,24.9,22.6,0,1.8,21.9,71,0,0,0,0,9.1,621,92,0,0,28.1,69,30.7,21.9
2026-07-20T20:40:00+05:30,2026-07-20 20:40:00,24.1,25,22.7,1.1,5.5,21.9,106,0,0,0,0,9.1,621,92,0,0,28.2,69,30.9,22
2026-07-20T20:35:00+05:30,2026-07-20 20:35:00,24,24.9,22.6,0.3,9.3,21.9,54,0,0,0,0,9.1,621,92,0,0,28.2,69,30.9,22
2026-07-20T20:30:00+05:30,2026-07-20 20:30:00,24.1,25,22.7,0,0,21.9,82,0,0,0,0,9.1,621,92,0,0,28.2,69,30.9,22
2026-07-20T20:25:00+05:30,2026-07-20 20:25:00,24.1,25,22.7,0,0,21.9,73,0,0,0,0,9.1,621,92,0,0,28.2,69,30.9,22
2026-07-20T20:20:00+05:30,2026-07-20 20:20:00,24.3,25.1,22.7,0,0,21.9,68,0,0,0,0,9.1,621,91,0,0,28.3,69,31.1,22.1
2026-07-20T20:16:00+05:30,2026-07-20 20:16:00,24.2,25.1,22.7,0,5.5,21.9,87,0,0,0,0,9.1,621,91,0,0,28.3,69,31.1,22.1
2026-07-20T20:10:00+05:30,2026-07-20 20:10:00,24.2,25.1,22.8,0,0,21.9,73,0,0,0,0,9.1,621,92,0,0,28.3,69,31.1,22.1
2026-07-20T20:05:00+05:30,2026-07-20 20:05:00,24.2,25.1,22.8,0,0,21.9,88,0,0,0,0,9.1,621,92,0,0,28.3,69,31.1,22.1
2026-07-20T20:00:00+05:30,2026-07-20 20:00:00,24.2,25.1,22.8,0,11.1,21.9,70,0,0,0,0,9.1,621,92,0,0,28.4,69,31.3,22.2
2026-07-20T19:55:00+05:30,2026-07-20 19:55:00,24.2,25.1,22.8,1.1,7.2,21.9,87,0,0,0,0,9.1,621,92,0,0,28.4,69,31.3,22.2
2026-07-20T19:50:00+05:30,2026-07-20 19:50:00,24.2,25.1,23,0,0,21.9,85,0,0,0,0,9.1,621,93,0,0,28.4,69,31.3,22.2
2026-07-20T19:45:00+05:30,2026-07-20 19:45:00,24.2,25.1,22.8,0.3,1.8,21.9,78,0,0,0,0,9.1,621,92,0,0,28.4,69,31.3,22.2
2026-07-20T19:40:00+05:30,2026-07-20 19:40:00,24.3,25.2,22.9,0,0,21.9,74,0,0,0,0,9.1,621,92,0,0,28.4,69,31.3,22.2
2026-07-20T19:35:00+05:30,2026-07-20 19:35:00,24.3,25.2,22.9,0,5.5,21.9,79,0,0,0,0,9.1,621,92,0,0,28.5,69,31.5,22.2
2026-07-20T19:30:00+05:30,2026-07-20 19:30:00,24.3,25.2,22.9,2.9,5.5,21.9,80,0,0,0,0,9.1,621,92,0,0,28.5,69,31.5,22.2
2026-07-20T19:25:00+05:30,2026-07-20 19:25:00,24.4,25.3,23,5.5,7.2,21.9,83,0,0,0,0,9.1,621,92,0,0,28.5,69,31.5,22.2
2026-07-20T19:20:00+05:30,2026-07-20 19:20:00,24.4,25.3,22.8,0,1.8,21.9,71,0,0,0,0,9.1,621,91,0,0,28.6,69,31.7,22.3
2026-07-20T19:15:00+05:30,2026-07-20 19:15:00,24.5,25.4,22.9,2.1,5.5,21.9,74,0,0,0,0,9.1,621,91,0,0,28.6,69,31.7,22.3
2026-07-20T19:11:00+05:30,2026-07-20 19:11:00,24.5,25.4,22.9,0,1.8,21.9,80,0,0,0,0,9.1,621,91,0,0,28.6,69,31.7,22.3
2026-07-20T19:05:00+05:30,2026-07-20 19:05:00,24.6,25.5,23,1.8,7.2,21.9,77,0,0,0,0,9.1,621,91,0,0,28.6,69,31.7,22.3
2026-07-20T19:00:00+05:30,2026-07-20 19:00:00,24.7,25.6,23.1,0,0,21.9,73,0,0,0,0,9.1,621,91,0,0,28.6,69,31.7,22.3
2026-07-20T18:55:00+05:30,2026-07-20 18:55:00,24.7,25.6,23.1,0,0,21.9,75,0,0,0,0,9.1,621,91,0,0,28.7,69,31.9,22.4
2026-07-20T18:50:00+05:30,2026-07-20 18:50:00,24.7,25.6,23.1,1.8,3.5,21.9,81,0,0,0,0,9.1,621,91,0,0,28.7,69,31.9,22.4
2026-07-20T18:45:00+05:30,2026-07-20 18:45:00,24.8,25.7,23.2,2.9,5.5,21.9,103,0,0,0,0,9.1,621,91,0,0,28.7,69,31.9,22.4
2026-07-20T18:40:00+05:30,2026-07-20 18:40:00,24.8,25.7,23.2,0,11.1,21.9,73,0,0,0,0,9.1,621,91,0,0.1,28.8,69,32.1,22.5
2026-07-20T18:35:00+05:30,2026-07-20 18:35:00,24.8,25.7,23.2,0.6,7.2,21.9,124,0,0,0,0,9.1,621,91,0,0.4,28.8,69,32.1,22.5
2026-07-20T18:30:00+05:30,2026-07-20 18:30:00,24.9,25.8,23.3,2.1,7.2,21.9,121,0,0,0,0,9.1,621,91,0,0.7,28.8,69,32.1,22.5
2026-07-20T18:25:00+05:30,2026-07-20 18:25:00,25,25.9,23.2,0,1.8,21.9,84,0,0,0,0,9.1,621,90,0,1.7,28.9,69,32.3,22.6
2026-07-20T18:20:00+05:30,2026-07-20 18:20:00,25,25.9,23.4,0,3.5,21.9,98,0,0,0,0,9.1,621,91,0,1.9,28.9,69,32.3,22.6
2026-07-20T18:15:00+05:30,2026-07-20 18:15:00,25.2,26.2,23.5,1.4,5.5,21.9,123,0,0,0,0,9.1,621,90,0,2.8,28.9,69,32.3,22.6
2026-07-20T18:10:00+05:30,2026-07-20 18:10:00,25.4,26.3,23.6,0,1.8,21.9,81,0,0,0,0,9.1,621,90,0,5.3,28.9,69,32.3,22.6
2026-07-20T18:06:00+05:30,2026-07-20 18:06:00,25.5,26.4,23.4,0,0,21.9,78,0,0,0,0,9.1,621,88,0,7,28.9,68,32.1,22.4
2026-07-20T18:00:00+05:30,2026-07-20 18:00:00,25.5,26.4,23.4,1.1,13,21.9,70,0,0,0,0,9.1,621,88,0,15.3,28.9,68,32.1,22.4
2026-07-20T17:55:00+05:30,2026-07-20 17:55:00,25.5,26.4,23.4,1.4,5.5,21.9,90,0,0,0,0,9.1,621,88,0,18.8,29,68,32.4,22.5
2026-07-20T17:50:00+05:30,2026-07-20 17:50:00,25.5,26.4,23.5,2.9,5.5,21.9,86,0,0,0,0,9.1,621,89,0,19.3,29,68,32.4,22.5
2026-07-20T17:45:00+05:30,2026-07-20 17:45:00,25.5,26.4,23.5,0,14.8,21.9,75,0,0,0,0,9.1,621,89,0,20.2,29,68,32.4,22.5
2026-07-20T17:40:00+05:30,2026-07-20 17:40:00,25.6,26.5,23.5,1.4,9.3,21.9,74,0,0,0,0,9.1,621,88,0,34.9,29,68,32.4,22.5
2026-07-20T17:35:00+05:30,2026-07-20 17:35:00,25.8,26.7,23.4,0,7.2,21.9,65,0,0,0,0,9.1,621,87,0,41.9,29,68,32.4,22.5
2026-07-20T17:30:00+05:30,2026-07-20 17:30:00,25.8,26.7,23.4,7.2,9.3,21.9,82,0,0,0,0,9.1,621,87,0,42.2,29,68,32.4,22.5
2026-07-20T17:25:00+05:30,2026-07-20 17:25:00,25.9,26.8,23.6,3.5,9.3,21.9,79,0,0,0,0,9.1,621,87,0,49.6,29,68,32.4,22.5
2026-07-20T17:20:00+05:30,2026-07-20 17:20:00,26,26.9,23.5,0.3,13,21.9,61,0,0,0,0,9.1,621,86,0,50.7,29.1,68,32.6,22.6
2026-07-20T17:15:00+05:30,2026-07-20 17:15:00,26,26.9,23.5,0,5.5,21.9,68,0,0,0,0,9.1,621,86,0,48.3,29.1,68,32.6,22.6
2026-07-20T17:10:00+05:30,2026-07-20 17:10:00,26.3,27.2,23.5,1.8,7.2,21.9,118,0,0,0,0,9.1,621,85,0,68.2,29.1,68,32.6,22.6
2026-07-20T17:05:00+05:30,2026-07-20 17:05:00,26.2,27.1,23.5,0,9.3,21.9,88,0,0,0,0,9.1,621,85,0,90.3,29.1,68,32.6,22.6
2026-07-20T17:00:00+05:30,2026-07-20 17:00:00,26.2,27.1,23.5,2.6,7.2,21.9,97,0,0,0,0,9.1,621,85,1,104.2,29.2,68,32.8,22.7
2026-07-20T16:55:00+05:30,2026-07-20 16:55:00,26.3,27.2,23.5,0,5.5,21.9,71,0,0,0,0,9.1,621,85,1,110.4,29.2,67,32.7,22.4
2026-07-20T16:50:00+05:30,2026-07-20 16:50:00,26.2,27.1,23.7,5.5,13,21.9,104,0,0,0,0,9.1,621,86,0,99.2,29.2,67,32.7,22.4
2026-07-20T16:46:00+05:30,2026-07-20 16:46:00,26.4,27.3,23.7,0,7.2,21.9,68,0,0,0,0,9.1,621,85,0,64.5,29.2,67,32.7,22.4
2026-07-20T16:40:00+05:30,2026-07-20 16:40:00,26.5,27.4,23.6,0,5.5,21.9,76,0,0,0,0,9.1,621,84,0,67.6,29.3,67,32.8,22.5
2026-07-20T16:35:00+05:30,2026-07-20 16:35:00,26.5,27.4,23.4,4,9.3,21.9,99,0,0,0,0,9.1,621,83,0,81.3,29.3,67,32.8,22.5
2026-07-20T16:30:00+05:30,2026-07-20 16:30:00,26.9,29.8,23.7,0,3.5,21.9,93,0,0,0,0,9.1,621,83,1,116.8,29.3,67,32.8,22.5
2026-07-20T16:25:00+05:30,2026-07-20 16:25:00,26.8,29.5,23.6,4.7,13,21.9,55,0,0,0,0,9.1,621,83,1,157.8,29.3,67,32.8,22.5
2026-07-20T16:20:00+05:30,2026-07-20 16:20:00,26.8,29.4,23.4,0.6,9.3,21.9,94,0,0,0,0,9.1,621,82,1,169.6,29.3,67,32.8,22.5
2026-07-20T16:15:00+05:30,2026-07-20 16:15:00,26.9,29.7,23.5,8.2,14.8,21.9,108,0,0,0,0,9.1,621,82,1,204.8,29.4,67,33,22.6
2026-07-20T16:10:00+05:30,2026-07-20 16:10:00,27.1,30.2,23.8,2.1,13,21.9,75,0,0,0,0,9.1,621,82,2,216,29.4,67,33,22.6
2026-07-20T16:05:00+05:30,2026-07-20 16:05:00,27.1,30.1,23.6,0.3,11.1,21.9,86,0,0,0,0,9.1,621,81,1,179.2,29.4,67,33,22.6
2026-07-20T16:00:00+05:30,2026-07-20 16:00:00,27.2,30.3,23.7,0.6,7.2,21.9,97,0,0,0,0,9.1,621,81,1,163.4,29.4,67,33,22.6
2026-07-20T15:55:00+05:30,2026-07-20 15:55:00,27.1,30.1,23.6,2.9,18.3,21.9,132,0,0,0,0,9.1,621,81,1,173.9,29.4,67,33,22.6
2026-07-20T15:50:00+05:30,2026-07-20 15:50:00,27.3,30.4,23.5,0,11.1,21.9,72,0,0,0,0,9.1,621,80,2,244.1,29.4,66,32.8,22.3
2026-07-20T15:45:00+05:30,2026-07-20 15:45:00,27.6,31,23.6,0,9.3,21.9,91,0,0,0,0,9.1,621,79,2,263,29.4,66,32.8,22.3
2026-07-20T15:41:00+05:30,2026-07-20 15:41:00,27.6,31,23.6,1.4,5.5,21.9,104,0,0,0,0,9.1,621,79,2,257.4,29.4,66,32.8,22.3
2026-07-20T15:35:00+05:30,2026-07-20 15:35:00,27.4,30.5,23.4,10.1,14.8,21.9,91,0,0,0,0,9.1,621,79,2,299.7,29.4,66,32.8,22.3
2026-07-20T15:30:00+05:30,2026-07-20 15:30:00,27.7,31.1,23.5,2.1,14.8,21.9,70,0,0,0,0,9.1,621,78,2,267.4,29.4,66,32.8,22.3
2026-07-20T15:25:00+05:30,2026-07-20 15:25:00,27.9,31.4,23.5,0,13,21.9,84,0,0,0,0,9.1,621,77,2,236.6,29.4,66,32.8,22.3
2026-07-20T15:20:00+05:30,2026-07-20 15:20:00,28,31.5,23.4,0,11.1,21.9,69,0,0,0,0,9.1,621,76,2,263,29.3,66,32.6,22.3
2026-07-20T15:15:00+05:30,2026-07-20 15:15:00,28,31.4,23.1,6.4,14.8,21.9,104,0,0,0,0,9.1,621,75,1,152,29.3,66,32.6,22.3
2026-07-20T15:10:00+05:30,2026-07-20 15:10:00,28.2,31.9,23.4,0,7.2,21.9,97,0,0,0,0,9.1,621,75,1,144.7,29.3,66,32.6,22.3
2026-07-20T15:05:00+05:30,2026-07-20 15:05:00,28.3,31.8,23.2,1.8,7.2,21.9,79,0,0,0,0,9.1,621,74,1,150.5,29.2,65,32.3,21.9
2026-07-20T15:00:00+05:30,2026-07-20 15:00:00,28.9,32.9,23.3,2.9,5.5,21.9,86,0,0,0,0,9.1,621,72,1,173.5,29.2,65,32.3,21.9
2026-07-20T14:55:00+05:30,2026-07-20 14:55:00,28.7,32.5,23.2,0.3,7.2,21.9,71,0,0,0,0,9.1,621,72,3,341.3,29.2,65,32.3,21.9
2026-07-20T14:50:00+05:30,2026-07-20 14:50:00,28.2,31.5,22.9,1.4,9.3,21.9,63,0,0,0,0,9.1,621,73,4,440.5,29.2,65,32.3,21.9
2026-07-20T14:45:00+05:30,2026-07-20 14:45:00,28.2,31.4,22.7,4.7,7.2,21.9,73,0,0,0,0,9.1,621,72,2,298.2,29.2,65,32.3,21.9
2026-07-20T14:40:00+05:30,2026-07-20 14:40:00,28.2,31.5,22.9,1.1,9.3,21.9,60,0,0,0,0,9.1,621,73,4,488.5,29.2,65,32.3,21.9
2026-07-20T14:36:00+05:30,2026-07-20 14:36:00,28.2,31.4,22.7,2.9,7.2,21.9,114,0,0,0,0,9.1,621,72,3,324.7,29.2,65,32.3,21.9
2026-07-20T14:30:00+05:30,2026-07-20 14:30:00,27.9,30.8,22.6,2.9,11.1,21.9,96,0,0,0,0,9.1,621,73,4,417.6,29.2,66,32.4,22.2
2026-07-20T14:25:00+05:30,2026-07-20 14:25:00,27.9,30.8,22.6,0,3.5,21.9,96,0,0,0,0,9.1,621,73,1,202.9,29.2,66,32.4,22.2
2026-07-20T14:20:00+05:30,2026-07-20 14:20:00,27.7,30.8,22.9,4,13,21.9,91,0,0,0,0,9.1,621,75,1,181.7,29.2,67,32.7,22.4
2026-07-20T14:15:00+05:30,2026-07-20 14:15:00,27.9,31.3,23.3,0.6,5.5,21.9,72,0,0,0,0,9.1,621,76,0,94.2,29.2,67,32.7,22.4
2026-07-20T14:10:00+05:30,2026-07-20 14:10:00,28.3,32,23.4,0.6,9.3,21.9,75,0,0,0,0,9.1,621,75,1,149.2,29.2,67,32.7,22.4
2026-07-20T14:05:00+05:30,2026-07-20 14:05:00,28.9,33.2,23.8,0,3.5,21.9,89,0,0,0,0,9.1,621,74,4,430.4,29.2,67,32.7,22.4
2026-07-20T14:00:00+05:30,2026-07-20 14:00:00,28.5,32.3,23.4,3.5,13,21.9,53,0,0,0,0,9.1,621,74,3,334.3,29.2,67,32.7,22.4
2026-07-20T13:55:00+05:30,2026-07-20 13:55:00,28.7,32.8,23.6,0,7.2,21.9,155,0,0,0,0,9.1,621,74,3,394.6,29.1,67,32.4,22.3
2026-07-20T13:50:00+05:30,2026-07-20 13:50:00,28.6,32.6,23.5,3.5,7.2,21.9,82,0,0,0,0,9.1,621,74,3,356,29.1,67,32.4,22.3
2026-07-20T13:45:00+05:30,2026-07-20 13:45:00,28.6,32.4,23.3,2.9,16.6,21.9,82,0,0,0,0,9.1,621,73,3,392.5,29.1,67,32.4,22.3
2026-07-20T13:40:00+05:30,2026-07-20 13:40:00,28.7,32.8,23.6,2.1,11.1,21.9,72,0,0,0,0,9.1,621,74,3,410.2,29,68,32.4,22.5
2026-07-20T13:35:00+05:30,2026-07-20 13:35:00,28.3,32,23.4,1.4,11.1,21.9,56,0,0,0,0,9.1,621,75,5,514.9,29,68,32.4,22.5
2026-07-20T13:31:00+05:30,2026-07-20 13:31:00,28.1,31.8,23.5,4,16.6,21.9,82,0,0,0,0,9.1,621,76,5,545.6,29,68,32.4,22.5
2026-07-20T13:25:00+05:30,2026-07-20 13:25:00,28.3,32.3,23.8,11.1,16.6,21.9,102,0,0,0,0,9.1,621,77,4,444.4,28.9,68,32.1,22.4
2026-07-20T13:20:00+05:30,2026-07-20 13:20:00,28.5,32.5,23.6,2.1,9.3,21.9,37,0,0,0,0,9.1,621,75,3,340.8,28.9,68,32.1,22.4
2026-07-20T13:15:00+05:30,2026-07-20 13:15:00,28.6,32.4,23.3,13.7,20.1,21.9,121,0,0,0,0,9.1,621,73,4,452.4,28.9,68,32.1,22.4
2026-07-20T13:10:00+05:30,2026-07-20 13:10:00,28.5,32.3,23.4,0,13,21.9,77,0,0,0,0,9.1,621,74,5,585.3,28.8,68,31.9,22.3
2026-07-20T13:05:00+05:30,2026-07-20 13:05:00,28.1,31.6,23.3,0,7.2,21.9,70,0,0,0,0,9.1,621,75,2,301.6,28.8,68,31.9,22.3
2026-07-20T13:00:00+05:30,2026-07-20 13:00:00,28.3,32,23.4,1.1,16.6,21.9,88,0,0,0,0,9.1,621,75,2,235.1,28.8,68,31.9,22.3
2026-07-20T12:55:00+05:30,2026-07-20 12:55:00,28.5,32.5,23.6,0,7.2,21.9,64,0,0,0,0,9.1,621,75,3,326.8,28.8,68,31.9,22.3
2026-07-20T12:50:00+05:30,2026-07-20 12:50:00,28.6,32.8,23.7,2.6,11.1,21.9,64,0,0,0,0,9.1,621,75,4,457.8,28.7,69,31.9,22.4
2026-07-20T12:45:00+05:30,2026-07-20 12:45:00,28.5,32.5,23.6,3.5,5.5,21.9,107,0,0,0,0,9.1,621,75,5,567.2,28.7,69,31.9,22.4
2026-07-20T12:40:00+05:30,2026-07-20 12:40:00,28.3,32,23.4,3.5,7.2,21.9,90,0,0,0,0,9.1,621,75,3,367.5,28.7,69,31.9,22.4
2026-07-20T12:35:00+05:30,2026-07-20 12:35:00,28,31.5,23.4,1.4,7.2,21.9,41,0,0,0,0,9.1,621,76,3,307.9,28.6,69,31.7,22.3
2026-07-20T12:30:00+05:30,2026-07-20 12:30:00,28.1,31.8,23.5,0,5.5,21.9,105,0,0,0,0,9.1,621,76,1,158.9,28.6,69,31.7,22.3
2026-07-20T12:25:00+05:30,2026-07-20 12:25:00,28,31.4,23.1,0,0,21.9,77,0,0,0,0,9.1,621,75,1,169.2,28.6,68,31.6,22.1
2026-07-20T12:20:00+05:30,2026-07-20 12:20:00,28,31.5,23.4,2.9,11.1,21.9,120,0,0,0,0,9.1,621,76,2,282.8,28.6,69,31.7,22.3
2026-07-20T12:15:00+05:30,2026-07-20 12:15:00,28,31.6,23.6,1.1,14.8,21.9,63,0,0,0,0,9.1,621,77,3,345.9,28.6,70,31.9,22.6
2026-07-20T12:11:00+05:30,2026-07-20 12:11:00,28.3,32.1,23.6,9.7,18.3,21.9,135,0,0,0,0,9.1,621,76,2,249.8,28.5,70,31.7,22.5
2026-07-20T12:05:00+05:30,2026-07-20 12:05:00,28.1,31.9,23.7,1.4,18.3,21.9,82,0,0,0,0,9.1,621,77,4,466.9,28.5,70,31.7,22.5
2026-07-20T12:00:00+05:30,2026-07-20 12:00:00,28,31.8,23.8,5,14.8,21.9,86,0,0,0,0,9.1,621,78,4,413.2,28.5,70,31.7,22.5
2026-07-20T11:55:00+05:30,2026-07-20 11:55:00,27.9,31.7,23.9,0,5.5,21.9,71,0,0,0,0,9.1,621,79,1,178.6,28.4,70,31.4,22.4
2026-07-20T11:50:00+05:30,2026-07-20 11:50:00,28,32.1,24.2,2.1,13,21.9,72,0,0,0,0,9.1,621,80,2,235,28.4,70,31.4,22.4
2026-07-20T11:45:00+05:30,2026-07-20 11:45:00,28.5,33.2,24.5,5.5,11.1,21.9,109,0,0,0,0,9.1,621,79,4,473.9,28.3,70,31.2,22.3
2026-07-20T11:40:00+05:30,2026-07-20 11:40:00,27.9,31.5,23.7,8.7,9.3,21.9,83,0,0,0,0,9.1,621,78,2,285.1,28.2,70,31.1,22.2
2026-07-20T11:35:00+05:30,2026-07-20 11:35:00,28.3,32.1,23.6,1.1,3.5,21.9,74,0,0,0,0,9.1,621,76,2,293.7,28.2,70,31.1,22.2
2026-07-20T11:30:00+05:30,2026-07-20 11:30:00,27.9,31.5,23.7,2.6,11.1,21.9,80,0,0,0,0,9.1,621,78,5,538.7,28.1,70,30.9,22.1
2026-07-20T11:25:00+05:30,2026-07-20 11:25:00,27.5,30.5,23.1,0.3,3.5,21.9,51,0,0,0,0,9.1,621,77,5,526.1,28.1,70,30.9,22.1
2026-07-20T11:20:00+05:30,2026-07-20 11:20:00,27.4,30.5,23.4,3.2,14.8,21.9,87,0,0,0,0,9.1,621,79,4,486.2,28.1,70,30.9,22.1
2026-07-20T11:15:00+05:30,2026-07-20 11:15:00,27.3,30.4,23.5,0,1.8,21.9,61,0,0,0,0,9.1,621,80,2,217.1,28,70,30.7,22
2026-07-20T11:10:00+05:30,2026-07-20 11:10:00,27.2,30.2,23.5,1.8,7.2,21.9,79,0,0,0,0,9.1,621,80,0,74.8,27.9,70,30.4,21.9
2026-07-20T11:06:00+05:30,2026-07-20 11:06:00,27.3,30.3,23.3,5,14.8,21.9,67,0,0,0,0,9.1,621,79,1,123.3,27.9,70,30.4,21.9
2026-07-20T11:00:00+05:30,2026-07-20 11:00:00,27.5,30.6,23.3,7.9,11.1,21.9,109,0,0,0,0,9.1,621,78,3,322.3,27.9,70,30.4,21.9
2026-07-20T10:55:00+05:30,2026-07-20 10:55:00,27.9,31.4,23.5,4.7,9.3,21.9,104,0,0,0,0,9.1,621,77,1,167.7,27.8,70,30.2,21.8
2026-07-20T10:50:00+05:30,2026-07-20 10:50:00,27.6,30.8,23.2,1.8,11.1,21.9,66,0,0,0,0,9.1,621,77,6,681.4,27.8,70,30.2,21.8
2026-07-20T10:45:00+05:30,2026-07-20 10:45:00,27.6,30.9,23.4,4.7,13,21.9,85,0,0,0,0,9.1,621,78,2,258.4,27.8,70,30.2,21.8
2026-07-20T10:40:00+05:30,2026-07-20 10:40:00,27.8,31,23.1,4.7,7.2,21.9,102,0,0,0,0,9.1,621,76,2,257.8,27.7,70,30.1,21.7
2026-07-20T10:35:00+05:30,2026-07-20 10:35:00,27.8,31.1,23.4,6.1,13,21.9,80,0,0,0,0,9.1,621,77,5,579.8,27.6,70,29.9,21.6
2026-07-20T10:30:00+05:30,2026-07-20 10:30:00,27.6,30.6,23,2.6,7.2,21.9,93,0,0,0,0,9.1,621,76,4,463.2,27.6,70,29.9,21.6
2026-07-20T10:25:00+05:30,2026-07-20 10:25:00,27.5,30.4,22.9,9.3,11.1,21.9,104,0,0,0,0,9.1,621,76,3,374.5,27.5,71,29.8,21.8
2026-07-20T10:20:00+05:30,2026-07-20 10:20:00,27.7,31,23.3,10.5,14.8,21.9,107,0,0,0,0,9.1,621,77,3,323.1,27.5,71,29.8,21.8
2026-07-20T10:15:00+05:30,2026-07-20 10:15:00,27.5,30.6,23.3,4.7,11.1,21.9,70,0,0,0,0,9.1,621,78,6,655.4,27.5,71,29.8,21.8
2026-07-20T10:10:00+05:30,2026-07-20 10:10:00,27.1,29.7,22.7,4,16.6,21.9,43,0,0,0,0,9.1,621,77,6,623,27.4,71,29.6,21.7
2026-07-20T10:05:00+05:30,2026-07-20 10:05:00,27.4,30.4,23.2,4.7,21.9,21.9,121,0,0,0,0,9.1,621,78,5,526.4,27.4,71,29.6,21.7
2026-07-20T10:01:00+05:30,2026-07-20 10:01:00,27.4,30.4,23.2,2.9,7.2,20.1,122,0,0,0,0,9.1,621,78,5,593.5,27.4,71,29.6,21.7
2026-07-20T09:55:00+05:30,2026-07-20 09:55:00,27.6,31,23.6,2.9,7.2,18.3,76,0,0,0,0,9.1,621,79,4,473.3,27.3,71,29.4,21.6
2026-07-20T09:50:00+05:30,2026-07-20 09:50:00,27.4,30.5,23.4,3.2,13,18.3,80,0,0,0,0,9.1,621,79,5,586.3,27.3,72,29.6,21.8
2026-07-20T09:45:00+05:30,2026-07-20 09:45:00,27.1,30.1,23.6,0.6,9.3,18.3,86,0,0,0,0,9.1,621,81,5,591.7,27.2,72,29.4,21.7
2026-07-20T09:40:00+05:30,2026-07-20 09:40:00,26.9,29.6,23.3,0,11.1,18.3,77,0,0,0,0,9.1,621,81,2,247.4,27.2,72,29.4,21.7
2026-07-20T09:35:00+05:30,2026-07-20 09:35:00,27.1,30,23.4,1.4,16.6,18.3,117,0,0,0,0,9.1,621,80,5,556.9,27.2,72,29.4,21.7
2026-07-20T09:30:00+05:30,2026-07-20 09:30:00,26.9,29.5,23.1,5,11.1,18.3,123,0,0,0,0,9.1,621,80,5,534.3,27.1,72,29.2,21.6
2026-07-20T09:25:00+05:30,2026-07-20 09:25:00,26.8,29.4,23.4,0,13,18.3,72,0,0,0,0,9.1,621,82,5,540.5,27.1,72,29.2,21.6
2026-07-20T09:20:00+05:30,2026-07-20 09:20:00,26.6,27.5,23.3,7.9,13,18.3,111,0,0,0,0,9.1,621,82,4,505.9,27,72,29,21.5
2026-07-20T09:15:00+05:30,2026-07-20 09:15:00,26.4,27.2,23.1,4,13,18.3,50,0,0,0,0,9.1,621,82,4,473.4,27,72,29,21.5
2026-07-20T09:10:00+05:30,2026-07-20 09:10:00,26.5,27.3,23,5.8,13,16.6,78,0,0,0,0,9.1,621,81,4,477.8,27,72,29,21.5
2026-07-20T09:05:00+05:30,2026-07-20 09:05:00,26.4,27.2,23.1,0.3,9.3,16.6,80,0,0,0,0,9.1,621,82,4,453.4,26.9,72,28.8,21.4
2026-07-20T09:00:00+05:30,2026-07-20 09:00:00,26.5,27.3,23,5.5,14.8,16.6,106,0,0,0,0,9.1,621,81,4,435.2,26.9,72,28.8,21.4
2026-07-20T08:56:00+05:30,2026-07-20 08:56:00,26.2,27.1,23.1,0.6,7.2,16.6,62,0,0,0,0,9.1,621,83,4,427.7,26.9,72,28.8,21.4
2026-07-20T08:50:00+05:30,2026-07-20 08:50:00,26.2,27.1,23.3,2.1,14.8,16.6,90,0,0,0,0,9.1,621,84,3,396.4,26.8,72,28.6,21.3
2026-07-20T08:45:00+05:30,2026-07-20 08:45:00,26,26.8,23.1,0.6,9.3,16.6,78,0,0,0,0,9.1,621,84,3,399.3,26.8,72,28.6,21.3
2026-07-20T08:40:00+05:30,2026-07-20 08:40:00,25.8,26.6,23.1,0.3,14.8,16.6,70,0,0,0,0,9.1,621,85,3,395,26.8,72,28.6,21.3
2026-07-20T08:35:00+05:30,2026-07-20 08:35:00,25.7,26.6,23.2,6.9,13,16.6,71,0,0,0,0,9.1,621,86,3,387.1,26.7,72,28.6,21.2
2026-07-20T08:30:00+05:30,2026-07-20 08:30:00,25.5,26.4,23.2,0.6,9.3,16.6,71,0,0,0,0,9.1,621,87,3,380.4,26.7,72,28.6,21.2
2026-07-20T08:25:00+05:30,2026-07-20 08:25:00,25.6,26.5,23.3,3.2,13,16.6,78,0,0,0,0,9.1,621,87,3,378.4,26.7,72,28.6,21.2
2026-07-20T08:20:00+05:30,2026-07-20 08:20:00,25.3,26.1,23,2.9,9.3,16.6,67,0,0,0,0,9.1,621,87,3,363.1,26.7,72,28.6,21.2
2026-07-20T08:15:00+05:30,2026-07-20 08:15:00,25.3,26.2,23.1,1.1,9.3,16.6,92,0,0,0,0,9.1,621,88,3,341.8,26.6,72,27.2,21.1
2026-07-20T08:10:00+05:30,2026-07-20 08:10:00,25,25.9,22.9,7.9,11.1,16.6,87,0,0,0,0,9.1,621,88,3,322.9,26.6,72,27.2,21.1
2026-07-20T08:05:00+05:30,2026-07-20 08:05:00,24.6,25.5,22.9,2.1,11.1,16.6,73,0,0,0,0,9.1,621,90,2,297.2,26.6,72,27.2,21.1
2026-07-20T08:00:00+05:30,2026-07-20 08:00:00,24.6,25.5,22.9,5.8,14.8,16.6,88,0,0,0,0,9.1,621,90,2,274.7,26.6,72,27.2,21.1
2026-07-20T07:55:00+05:30,2026-07-20 07:55:00,24.6,25.5,22.9,6.1,7.2,16.6,93,0,0,0,0,9.1,621,90,2,255.2,26.6,72,27.2,21.1
2026-07-20T07:51:00+05:30,2026-07-20 07:51:00,24.4,25.2,22.6,2.9,7.2,16.6,77,0,0,0,0,9.1,621,90,2,232.9,26.6,72,27.2,21.1
2026-07-20T07:45:00+05:30,2026-07-20 07:45:00,24.1,25,22.5,0.6,5.5,16.6,116,0,0,0,0,9.1,621,91,2,213.9,26.5,72,27.1,21.1
2026-07-20T07:40:00+05:30,2026-07-20 07:40:00,23.7,24.6,22.3,0,11.1,16.6,75,0,0,0,0,9.1,621,92,1,179.1,26.6,72,27.2,21.1
2026-07-20T07:35:00+05:30,2026-07-20 07:35:00,23.7,24.6,22.5,4,11.1,16.6,102,0,0,0,0,9.1,621,93,1,108,26.6,71,27.2,20.9
2026-07-20T07:30:00+05:30,2026-07-20 07:30:00,23.6,24.5,22.4,0,9.3,16.6,63,0,0,0,0,9.1,621,93,0,97.9,26.6,71,27.2,20.9
2026-07-20T07:25:00+05:30,2026-07-20 07:25:00,23.6,24.5,22.4,2.1,14.8,16.6,75,0,0,0,0,9.1,621,93,0,70.8,26.6,71,27.2,20.9
2026-07-20T07:20:00+05:30,2026-07-20 07:20:00,23.5,24.3,22.3,0,5.5,16.6,79,0,0,0,0,9.1,621,93,0,37.7,26.6,71,27.2,20.9
2026-07-20T07:15:00+05:30,2026-07-20 07:15:00,23.6,24.5,22.4,2.6,7.2,16.6,76,0,0,0,0,9.1,621,93,0,32.6,26.5,71,27.1,20.8
2026-07-20T07:10:00+05:30,2026-07-20 07:10:00,24,24.8,22.4,4,9.3,16.6,82,0,0,0,0,9.1,621,91,0,42.7,26.5,71,27.1,20.8
2026-07-20T07:05:00+05:30,2026-07-20 07:05:00,24.1,24.9,22.4,1.8,11.1,16.6,87,0,0,0,0,9.1,621,90,0,42.3,26.6,71,27.2,20.9
2026-07-20T07:00:00+05:30,2026-07-20 07:00:00,24.1,24.9,22.4,0,9.3,16.6,78,0,0,0,0,9.1,621,90,0,47.4,26.6,71,27.2,20.9
2026-07-20T06:55:00+05:30,2026-07-20 06:55:00,24,24.8,22.3,5.5,11.1,16.6,84,0,0,0,0,9.1,621,90,0,70.4,26.5,71,27.1,20.8
2026-07-20T06:50:00+05:30,2026-07-20 06:50:00,23.9,24.7,22.1,3.5,5.5,16.6,87,0,0,0,0,9.1,621,90,0,57.5,26.5,70,27.1,20.6
2026-07-20T06:45:00+05:30,2026-07-20 06:45:00,23.8,24.6,22,0.3,5.5,16.6,80,0,0,0,0,9.1,621,90,0,45.7,26.6,70,27.2,20.7
2026-07-20T06:40:00+05:30,2026-07-20 06:40:00,23.7,24.5,22,4,5.5,16.6,97,0,0,0,0,9.1,621,90,0,41.7,26.6,70,27.2,20.7
2026-07-20T06:35:00+05:30,2026-07-20 06:35:00,23.5,24.3,21.9,0,11.1,16.6,71,0,0,0,0,9.1,621,91,0,34.9,26.6,70,27.2,20.7
2026-07-20T06:31:00+05:30,2026-07-20 06:31:00,23.5,24.3,21.9,0,3.5,16.6,71,0,0,0,0,9.1,621,91,0,28.3,26.6,70,27.2,20.7
2026-07-20T06:25:00+05:30,2026-07-20 06:25:00,23.4,24.2,21.8,0,3.5,16.6,76,0,0,0,0,9.1,621,91,0,21.7,26.5,70,27.1,20.6
2026-07-20T06:20:00+05:30,2026-07-20 06:20:00,23.4,24.2,21.8,0,1.8,16.6,95,0,0,0,0,9.1,621,91,0,15.8,26.5,70,27.1,20.6
2026-07-20T06:15:00+05:30,2026-07-20 06:15:00,23.3,24,21.7,0,0,16.6,69,0,0,0,0,9.1,621,91,0,10.6,26.6,70,27.2,20.7
2026-07-20T06:10:00+05:30,2026-07-20 06:10:00,23.2,24,21.8,0,7.2,16.6,72,0,0,0,0,9.1,621,92,0,6.9,26.6,70,27.2,20.7
2026-07-20T06:05:00+05:30,2026-07-20 06:05:00,23.2,24,21.8,0,0,16.6,67,0,0,0,0,9.1,621,92,0,3.7,26.6,70,27.2,20.7
2026-07-20T06:00:00+05:30,2026-07-20 06:00:00,23.2,24,21.8,0.3,5.5,16.6,80,0,0,0,0,9.1,621,92,0,1.7,26.6,70,27.2,20.7
2026-07-20T05:55:00+05:30,2026-07-20 05:55:00,23.2,24,21.8,0.3,7.2,16.6,88,0,0,0,0,9.1,621,92,0,1,26.6,70,27.2,20.7
2026-07-20T05:50:00+05:30,2026-07-20 05:50:00,23.3,24,21.7,0,0,16.6,66,0,0,0,0,9.1,621,91,0,0.4,26.6,70,27.2,20.7
2026-07-20T05:45:00+05:30,2026-07-20 05:45:00,23.3,24,21.7,0,5.5,16.6,75,0,0,0,0,9.1,621,91,0,0.1,26.6,70,27.2,20.7
2026-07-20T05:40:00+05:30,2026-07-20 05:40:00,23.4,24.2,21.8,0,0,16.6,70,0,0,0,0,9.1,621,91,0,0,26.6,70,27.2,20.7
2026-07-20T05:35:00+05:30,2026-07-20 05:35:00,23.4,24.1,21.7,6.1,9.3,16.6,120,0,0,0,0,9.1,621,90,0,0,26.6,70,27.2,20.7
2026-07-20T05:30:00+05:30,2026-07-20 05:30:00,23.5,24.3,21.8,2.9,7.2,16.6,74,0,0,0,0,9.1,621,90,0,0,26.7,70,28.4,20.8
2026-07-20T05:26:00+05:30,2026-07-20 05:26:00,23.5,24.3,21.8,0,1.8,16.6,75,0,0,0,0,9.1,621,90,0,0,26.7,70,28.4,20.8
2026-07-20T05:20:00+05:30,2026-07-20 05:20:00,23.5,24.3,21.8,0,5.5,16.6,83,0,0,0,0,9.1,621,90,0,0,26.7,70,28.4,20.8
2026-07-20T05:15:00+05:30,2026-07-20 05:15:00,23.6,24.4,21.9,0,7.2,16.6,78,0,0,0,0,9.1,621,90,0,0,26.7,70,28.4,20.8
2026-07-20T05:10:00+05:30,2026-07-20 05:10:00,23.5,24.3,21.8,3.5,5.5,16.6,89,0,0,0,0,9.1,621,90,0,0,26.7,70,28.4,20.8
2026-07-20T05:05:00+05:30,2026-07-20 05:05:00,23.5,24.3,21.9,0,0,16.6,71,0,0,0,0,9.1,621,91,0,0,26.7,70,28.4,20.8
2026-07-20T05:00:00+05:30,2026-07-20 05:00:00,23.5,24.3,21.9,0,0,16.6,83,0,0,0,0,9.1,621,91,0,0,26.7,70,28.4,20.8
2026-07-20T04:55:00+05:30,2026-07-20 04:55:00,23.4,24.2,21.8,0,0,16.6,71,0,0,0,0,9.1,621,91,0,0,26.7,70,28.4,20.8
2026-07-20T04:50:00+05:30,2026-07-20 04:50:00,23.4,24.2,21.8,0,0,16.6,73,0,0,0,0,9.1,621,91,0,0,26.7,70,28.4,20.8
2026-07-20T04:45:00+05:30,2026-07-20 04:45:00,23.4,24.2,21.8,0,0,16.6,73,0,0,0,0,9.1,621,91,0,0,26.7,70,28.4,20.8
2026-07-20T04:40:00+05:30,2026-07-20 04:40:00,23.5,24.3,21.9,0,0,16.6,79,0,0,0,0,9.1,621,91,0,0,26.7,70,28.4,20.8
2026-07-20T04:35:00+05:30,2026-07-20 04:35:00,23.4,24.2,21.8,0,5.5,16.6,77,0,0,0,0,9.1,621,91,0,0,26.7,70,28.4,20.8
2026-07-20T04:30:00+05:30,2026-07-20 04:30:00,23.5,24.3,21.9,0,3.5,16.6,77,0,0,0,0,9.1,621,91,0,0,26.8,70,28.5,20.8
2026-07-20T04:25:00+05:30,2026-07-20 04:25:00,23.4,24.2,21.8,0,3.5,16.6,106,0,0,0,0,9.1,621,91,0,0,26.8,70,28.5,20.8
2026-07-20T04:21:00+05:30,2026-07-20 04:21:00,23.3,24,21.7,0,3.5,16.6,73,0,0,0,0,9.1,621,91,0,0,26.8,70,28.5,20.8
2026-07-20T04:15:00+05:30,2026-07-20 04:15:00,23.3,24.1,21.9,0,0,16.6,71,0,0,0,0,9.1,621,92,0,0,26.8,70,28.5,20.8
2026-07-20T04:10:00+05:30,2026-07-20 04:10:00,23.3,24.1,21.9,0,9.3,16.6,79,0,0,0,0,9.1,621,92,0,0,26.8,70,28.5,20.8
2026-07-20T04:05:00+05:30,2026-07-20 04:05:00,23.4,24.2,22,0,7.2,16.6,66,0,0,0,0,9.1,621,92,0,0,26.8,70,28.5,20.8
2026-07-20T04:00:00+05:30,2026-07-20 04:00:00,23.3,24.1,21.9,0,3.5,16.6,88,0,0,0,0,9.1,621,92,0,0,26.8,69,28.4,20.6
2026-07-20T03:55:00+05:30,2026-07-20 03:55:00,23.4,24.2,22,0,3.5,16.6,71,0,0,0,0,9.1,621,92,0,0,26.8,69,28.4,20.6
2026-07-20T03:50:00+05:30,2026-07-20 03:50:00,23.5,24.3,21.9,1.8,7.2,16.6,76,0,0,0,0,9.1,621,91,0,0,26.8,69,28.4,20.6
2026-07-20T03:45:00+05:30,2026-07-20 03:45:00,23.5,24.3,21.9,1.8,9.3,16.6,80,0,0,0,0,9.1,621,91,0,0,26.8,69,28.4,20.6
2026-07-20T03:40:00+05:30,2026-07-20 03:40:00,23.4,24.2,21.8,0,1.8,16.6,70,0,0,0,0,9.1,621,91,0,0,26.9,69,28.6,20.7
2026-07-20T03:35:00+05:30,2026-07-20 03:35:00,23.5,24.3,21.9,0,7.2,16.6,72,0,0,0,0,9.1,621,91,0,0,26.9,69,28.6,20.7
2026-07-20T03:30:00+05:30,2026-07-20 03:30:00,23.5,24.3,21.9,2.9,9.3,16.6,101,0,0,0,0,9.1,621,91,0,0,26.9,69,28.6,20.7
2026-07-20T03:25:00+05:30,2026-07-20 03:25:00,23.5,24.3,21.9,0,5.5,16.6,84,0,0,0,0,9.1,621,91,0,0,26.9,69,28.6,20.7
2026-07-20T03:20:00+05:30,2026-07-20 03:20:00,23.6,24.4,22.1,0.6,11.1,16.6,99,0,0,0,0,9.1,621,91,0,0,26.9,69,28.6,20.7
2026-07-20T03:15:00+05:30,2026-07-20 03:15:00,23.6,24.4,21.9,2.1,16.6,16.6,105,0,0,0,0,9.1,621,90,0,0,26.9,69,28.6,20.7
2026-07-20T03:10:00+05:30,2026-07-20 03:10:00,23.7,24.5,22,4,9.3,14.8,80,0,0,0,0,9.1,621,90,0,0,26.9,69,28.6,20.7
2026-07-20T03:05:00+05:30,2026-07-20 03:05:00,23.7,24.5,22,7.2,11.1,14.8,95,0,0,0,0,9.1,621,90,0,0,26.9,68,28.5,20.4
2026-07-20T03:00:00+05:30,2026-07-20 03:00:00,23.7,24.5,21.8,4,11.1,14.8,84,0,0,0,0,9.1,621,89,0,0,26.9,68,28.5,20.4
2026-07-20T02:55:00+05:30,2026-07-20 02:55:00,23.7,24.5,21.8,3.5,9.3,14.8,99,0,0,0,0,9.1,621,89,0,0,27,68,28.7,20.6
2026-07-20T02:50:00+05:30,2026-07-20 02:50:00,23.7,24.5,21.8,5.5,14.8,14.8,108,0,0,0,0,9.1,621,89,0,0,27,68,28.7,20.6
2026-07-20T02:45:00+05:30,2026-07-20 02:45:00,23.8,24.5,21.7,0,5.5,13,71,0,0,0,0,9.1,621,88,0,0,27,68,28.7,20.6
2026-07-20T02:40:00+05:30,2026-07-20 02:40:00,23.9,24.6,21.8,1.1,9.3,11.1,75,0,0,0,0,9.1,621,88,0,0,27,68,28.7,20.6
2026-07-20T02:35:00+05:30,2026-07-20 02:35:00,23.9,24.6,21.8,3.2,7.2,11.1,72,0,0,0,0,9.1,621,88,0,0,27,68,28.7,20.6
2026-07-20T02:30:00+05:30,2026-07-20 02:30:00,23.9,24.6,21.8,0.3,1.8,11.1,111,0,0,0,0,9.1,621,88,0,0,27.1,68,28.9,20.7
2026-07-20T02:25:00+05:30,2026-07-20 02:25:00,23.8,24.5,21.5,6.4,9.3,11.1,116,0,0,0,0,9.1,621,87,0,0,27.1,68,28.9,20.7
2026-07-20T02:20:00+05:30,2026-07-20 02:20:00,23.9,24.6,21.6,2.1,5.5,11.1,76,0,0,0,0,9.1,621,87,0,0,27.1,68,28.9,20.7
2026-07-20T02:15:00+05:30,2026-07-20 02:15:00,23.9,24.6,21.6,1.4,11.1,11.1,95,0,0,0,0,9.1,621,87,0,0,27.1,68,28.9,20.7
2026-07-20T02:10:00+05:30,2026-07-20 02:10:00,23.8,24.5,21.5,0.3,11.1,11.1,93,0,0,0,0,9.1,621,87,0,0,27.1,68,28.9,20.7
2026-07-20T02:05:00+05:30,2026-07-20 02:05:00,23.7,24.4,21.4,1.1,7.2,9.3,75,0,0,0,0,9.1,621,87,0,0,27.2,67,28.9,20.6
2026-07-20T02:00:00+05:30,2026-07-20 02:00:00,23.6,24.3,21.5,0.3,1.8,9.3,73,0,0,0,0,9.1,621,88,0,0,27.1,67,28.8,20.4
2026-07-20T01:56:00+05:30,2026-07-20 01:56:00,23.6,24.3,21.5,0,5.5,9.3,71,0,0,0,0,9.1,621,88,0,0,27.2,67,28.9,20.6
2026-07-20T01:50:00+05:30,2026-07-20 01:50:00,23.6,24.3,21.5,0,9.3,9.3,88,0,0,0,0,9.1,621,88,0,0,27.2,67,28.9,20.6
2026-07-20T01:45:00+05:30,2026-07-20 01:45:00,23.6,24.3,21.3,0,7.2,9.3,74,0,0,0,0,9.1,621,87,0,0,27.2,67,28.9,20.6
2026-07-20T01:40:00+05:30,2026-07-20 01:40:00,23.7,24.4,21.4,0,0,9.3,83,0,0,0,0,9.1,621,87,0,0,27.2,67,28.9,20.6
2026-07-20T01:35:00+05:30,2026-07-20 01:35:00,23.7,24.4,21.4,0,1.8,9.3,91,0,0,0,0,9.1,621,87,0,0,27.2,67,28.9,20.6
2026-07-20T01:30:00+05:30,2026-07-20 01:30:00,23.8,24.5,21.5,0,1.8,9.3,76,0,0,0,0,9.1,621,87,0,0,27.2,67,28.9,20.6
2026-07-20T01:25:00+05:30,2026-07-20 01:25:00,23.8,24.5,21.5,0,7.2,9.3,76,0,0,0,0,9.1,621,87,0,0,27.3,67,29.1,20.6
2026-07-20T01:20:00+05:30,2026-07-20 01:20:00,23.8,24.5,21.3,0,3.5,9.3,76,0,0,0,0,9.1,621,86,0,0,27.3,67,29.1,20.6
2026-07-20T01:15:00+05:30,2026-07-20 01:15:00,23.7,24.4,21.4,0,7.2,9.3,75,0,0,0,0,9.1,621,87,0,0,27.3,67,29.1,20.6
2026-07-20T01:10:00+05:30,2026-07-20 01:10:00,23.6,24.3,21.3,0,0,9.3,73,0,0,0,0,9.1,621,87,0,0,27.3,67,29.1,20.6
2026-07-20T01:05:00+05:30,2026-07-20 01:05:00,23.7,24.4,21.4,0,1.8,9.3,69,0,0,0,0,9.1,621,87,0,0,27.3,67,29.1,20.6
2026-07-20T01:00:00+05:30,2026-07-20 01:00:00,23.8,24.5,21.3,0,0,9.3,76,0,0,0,0,9.1,621,86,0,0,27.3,67,29.1,20.6
2026-07-20T00:55:00+05:30,2026-07-20 00:55:00,23.9,24.6,21.4,0,0,9.3,81,0,0,0,0,9.1,621,86,0,0,27.3,67,29.1,20.6
2026-07-20T00:51:00+05:30,2026-07-20 00:51:00,23.9,24.6,21.4,0,7.2,9.3,71,0,0,0,0,9.1,621,86,0,0,27.4,67,29.2,20.7
2026-07-20T00:45:00+05:30,2026-07-20 00:45:00,23.8,24.5,21.3,0,5.5,9.3,73,0,0,0,0,9.1,621,86,0,0,27.4,67,29.2,20.7
2026-07-20T00:40:00+05:30,2026-07-20 00:40:00,23.8,24.5,21.3,0.3,5.5,9.3,82,0,0,0,0,9.1,621,86,0,0,27.4,67,29.2,20.7
2026-07-20T00:35:00+05:30,2026-07-20 00:35:00,23.7,24.4,21.4,0,0,9.3,76,0,0,0,0,9.1,621,87,0,0,27.5,67,29.4,20.8
2026-07-20T00:30:00+05:30,2026-07-20 00:30:00,23.7,24.4,21.4,0,0,9.3,70,0,0,0,0,9.1,621,87,0,0,27.4,67,29.2,20.7
2026-07-20T00:25:00+05:30,2026-07-20 00:25:00,23.8,24.5,21.3,1.8,5.5,9.3,73,0,0,0,0,9.1,621,86,0,0,27.5,67,29.4,20.8
2026-07-20T00:20:00+05:30,2026-07-20 00:20:00,23.9,24.6,21.4,0,7.2,9.3,72,0,0,0,0,9.1,621,86,0,0,27.5,67,29.4,20.8
2026-07-20T00:15:00+05:30,2026-07-20 00:15:00,23.9,24.6,21.4,2.9,3.5,9.3,80,0,0,0,0,9.1,621,86,0,0,27.5,67,29.4,20.8
2026-07-20T00:10:00+05:30,2026-07-20 00:10:00,23.8,24.5,21.3,2.1,7.2,9.3,91,0,0,0,0,9.1,621,86,0,0,27.5,67,29.4,20.8
2026-07-20T00:05:00+05:30,2026-07-20 00:05:00,23.8,24.5,21.3,0.6,9.3,9.3,120,0,0,0,0,9.1,621,86,0,0,27.5,67,29.4,20.8
2026-07-20T00:00:00+05:30,2026-07-20 00:00:00,23.7,24.4,21.4,0,1.8,0,70,0,0,0,0,9.1,621,87,0,0,27.6,67,29.6,20.9
2026-07-19T23:55:00+05:30,2026-07-19 23:55:00,23.7,24.4,21.4,4.7,5.5,25.6,91,0,0,0,0,9.1,621,87,0,0,27.6,67,29.6,20.9
2026-07-19T23:50:00+05:30,2026-07-19 23:50:00,23.6,24.3,21.5,1.1,3.5,25.6,81,0,0,0,0,9.1,621,88,0,0,27.6,67,29.6,20.9
2026-07-19T23:46:00+05:30,2026-07-19 23:46:00,23.6,24.3,21.5,0,0,25.6,83,0,0,0,0,9.1,621,88,0,0,27.6,67,29.6,20.9
2026-07-19T23:40:00+05:30,2026-07-19 23:40:00,23.6,24.3,21.5,0.3,3.5,25.6,82,0,0,0,0,9.1,621,88,0,0,27.6,67,29.6,20.9
2026-07-19T23:35:00+05:30,2026-07-19 23:35:00,23.6,24.4,21.7,1.8,5.5,25.6,101,0,0,0,0,9.1,621,89,0,0,27.7,67,29.8,21
2026-07-19T23:30:00+05:30,2026-07-19 23:30:00,23.6,24.4,21.7,0,1.8,25.6,111,0,0,0,0,9.1,621,89,0,0,27.7,67,29.8,21
2026-07-19T23:25:00+05:30,2026-07-19 23:25:00,23.7,24.5,21.8,0,3.5,25.6,74,0,0,0,0,9.1,621,89,0,0,27.7,67,29.8,21
2026-07-19T23:20:00+05:30,2026-07-19 23:20:00,23.8,24.5,21.9,0,5.5,25.6,87,0,0,0,0,9.1,621,89,0,0,27.8,67,29.9,21.1
2026-07-19T23:15:00+05:30,2026-07-19 23:15:00,23.7,24.4,21.6,0,5.5,25.6,77,0,0,0,0,9.1,621,88,0,0,27.8,67,29.9,21.1
2026-07-19T23:10:00+05:30,2026-07-19 23:10:00,23.7,24.5,21.8,0,3.5,25.6,69,0,0,0,0,9.1,621,89,0,0,27.8,67,29.9,21.1
2026-07-19T23:05:00+05:30,2026-07-19 23:05:00,23.8,24.5,21.9,6.4,9.3,25.6,98,0,0,0,0,9.1,621,89,0,0,27.8,67,29.9,21.1
2026-07-19T23:00:00+05:30,2026-07-19 23:00:00,23.8,24.5,21.9,0,9.3,25.6,89,0,0,0,0,9.1,621,89,0,0,27.9,67,30.1,21.2
2026-07-19T22:55:00+05:30,2026-07-19 22:55:00,23.8,24.5,21.9,0,1.8,25.6,71,0,0,0,0,9.1,621,89,0,0,27.9,67,30.1,21.2
2026-07-19T22:50:00+05:30,2026-07-19 22:50:00,23.9,24.7,22,5.5,11.1,25.6,110,0,0,0,0,9.1,621,89,0,0,27.9,67,30.1,21.2
2026-07-19T22:45:00+05:30,2026-07-19 22:45:00,23.9,24.6,21.8,0,11.1,25.6,78,0,0,0,0,9.1,621,88,0,0,28,67,30.3,21.3
2026-07-19T22:40:00+05:30,2026-07-19 22:40:00,23.9,24.6,21.8,0,9.3,25.6,81,0,0,0,0,9.1,621,88,0,0,28,67,30.3,21.3
2026-07-19T22:35:00+05:30,2026-07-19 22:35:00,23.9,24.6,21.8,0,7.2,25.6,75,0,0,0,0,9.1,621,88,0,0,28,67,30.3,21.3
2026-07-19T22:30:00+05:30,2026-07-19 22:30:00,24,24.8,21.9,0,1.8,25.6,93,0,0,0,0,9.1,621,88,0,0,28.1,67,30.5,21.4
2026-07-19T22:26:00+05:30,2026-07-19 22:26:00,24,24.8,21.9,0,3.5,25.6,80,0,0,0,0,9.1,621,88,0,0,28.1,67,30.5,21.4
2026-07-19T22:20:00+05:30,2026-07-19 22:20:00,24,24.7,21.7,0.3,7.2,25.6,72,0,0,0,0,9.1,621,87,0,0,28.1,67,30.5,21.4
2026-07-19T22:15:00+05:30,2026-07-19 22:15:00,24,24.7,21.7,2.6,9.3,25.6,69,0,0,0,0,9.1,621,87,0,0,28.1,67,30.5,21.4
2026-07-19T22:10:00+05:30,2026-07-19 22:10:00,24,24.8,21.9,1.4,3.5,25.6,98,0,0,0,0,9.1,621,88,0,0,28.2,67,30.7,21.5
2026-07-19T22:05:00+05:30,2026-07-19 22:05:00,23.9,24.6,21.8,0,7.2,25.6,74,0,0,0,0,9.1,621,88,0,0,28.2,67,30.7,21.5
2026-07-19T22:00:00+05:30,2026-07-19 22:00:00,23.9,24.7,22,0.6,3.5,25.6,85,0,0,0,0,9.1,621,89,0,0,28.2,67,30.7,21.5
2026-07-19T21:55:00+05:30,2026-07-19 21:55:00,23.9,24.7,22.1,0,7.2,25.6,79,0,0,0,0,9.1,621,90,0,0,28.3,68,30.9,21.8
2026-07-19T21:50:00+05:30,2026-07-19 21:50:00,23.9,24.7,22.1,0,5.5,25.6,70,0,0,0,0,9.1,621,90,0,0,28.3,68,30.9,21.8
2026-07-19T21:45:00+05:30,2026-07-19 21:45:00,24,24.8,22.3,2.9,5.5,25.6,88,0,0,0,0,9.1,621,90,0,0,28.3,68,30.9,21.8
2026-07-19T21:40:00+05:30,2026-07-19 21:40:00,24.1,24.9,22.4,1.4,5.5,25.6,87,0,0,0,0,9.1,621,90,0,0,28.4,68,31.1,21.9
2026-07-19T21:35:00+05:30,2026-07-19 21:35:00,24.2,25,22.3,0,3.5,25.6,81,0,0,0,0,9.1,621,89,0,0,28.4,68,31.1,21.9
2026-07-19T21:30:00+05:30,2026-07-19 21:30:00,24.1,24.9,22.2,0.3,1.8,25.6,90,0,0,0,0,9.1,621,89,0,0,28.4,68,31.1,21.9
2026-07-19T21:25:00+05:30,2026-07-19 21:25:00,24,24.8,22.4,0,3.5,25.6,71,0,0,0,0,9.1,621,91,0,0,28.4,68,31.1,21.9
2026-07-19T21:21:00+05:30,2026-07-19 21:21:00,24.1,25,22.7,1.1,3.5,25.6,69,0,0,0,0,9.1,621,92,0,0,28.5,68,31.3,22
2026-07-19T21:15:00+05:30,2026-07-19 21:15:00,24.2,25.1,22.7,0,0,25.6,69,0,0,0,0,9.1,621,91,0,0,28.5,68,31.3,22
2026-07-19T21:10:00+05:30,2026-07-19 21:10:00,24.2,25.1,22.8,0,0,25.6,91,0,0,0,0,9.1,621,92,0,0,28.6,68,31.6,22.1
2026-07-19T21:05:00+05:30,2026-07-19 21:05:00,24.2,25.1,22.7,0,3.5,25.6,75,0,0,0,0,9.1,621,91,0,0,28.6,68,31.6,22.1
2026-07-19T21:00:00+05:30,2026-07-19 21:00:00,24.2,25.1,22.7,0,0,25.6,81,0,0,0,0,9.1,621,91,0,0,28.6,68,31.6,22.1
2026-07-19T20:55:00+05:30,2026-07-19 20:55:00,24.4,25.3,22.8,0,0,25.6,72,0,0,0,0,9.1,621,91,0,0,28.6,68,31.6,22.1
2026-07-19T20:50:00+05:30,2026-07-19 20:50:00,24.4,25.3,22.8,0,0,25.6,85,0,0,0,0,9.1,621,91,0,0,28.6,68,31.6,22.1
2026-07-19T20:45:00+05:30,2026-07-19 20:45:00,24.4,25.3,22.8,0,3.5,25.6,75,0,0,0,0,9.1,621,91,0,0,28.7,68,31.8,22.2
2026-07-19T20:40:00+05:30,2026-07-19 20:40:00,24.4,25.3,22.8,0.3,5.5,25.6,69,0,0,0,0,9.1,621,91,0,0,28.7,67,31.6,22
2026-07-19T20:35:00+05:30,2026-07-19 20:35:00,24.4,25.3,22.8,5.5,7.2,25.6,93,0,0,0,0,9.1,621,91,0,0,28.7,67,31.6,22
2026-07-19T20:30:00+05:30,2026-07-19 20:30:00,24.4,25.3,22.8,0,3.5,25.6,68,0,0,0,0,9.1,621,91,0,0,28.8,67,31.7,22
2026-07-19T20:25:00+05:30,2026-07-19 20:25:00,24.4,25.3,22.8,0,0,25.6,80,0,0,0,0,9.1,621,91,0,0,28.8,67,31.7,22
2026-07-19T20:20:00+05:30,2026-07-19 20:20:00,24.5,25.4,22.9,0,0,25.6,73,0,0,0,0,9.1,621,91,0,0,28.8,67,31.7,22
2026-07-19T20:16:00+05:30,2026-07-19 20:16:00,24.5,25.4,22.7,0,3.5,25.6,70,0,0,0,0,9.1,621,90,0,0,28.8,67,31.7,22
2026-07-19T20:10:00+05:30,2026-07-19 20:10:00,24.6,25.5,22.9,0.3,1.8,25.6,78,0,0,0,0,9.1,621,90,0,0,28.8,67,31.7,22
2026-07-19T20:05:00+05:30,2026-07-19 20:05:00,24.6,25.5,22.9,0,0,25.6,80,0,0,0,0,9.1,621,90,0,0,28.8,67,31.7,22
2026-07-19T20:00:00+05:30,2026-07-19 20:00:00,24.6,25.5,22.9,0.3,1.8,25.6,78,0,0,0,0,9.1,621,90,0,0,28.9,67,31.9,22.1
2026-07-19T19:55:00+05:30,2026-07-19 19:55:00,24.7,25.6,23,0,3.5,25.6,74,0,0,0,0,9.1,621,90,0,0,28.9,67,31.9,22.1
2026-07-19T19:50:00+05:30,2026-07-19 19:50:00,24.8,25.7,23,0.3,7.2,25.6,72,0,0,0,0,9.1,621,90,0,0,28.9,67,31.9,22.1
2026-07-19T19:45:00+05:30,2026-07-19 19:45:00,24.8,25.6,22.8,2.1,7.2,25.6,90,0,0,0,0,9.1,621,89,0,0,28.9,67,31.9,22.1
2026-07-19T19:40:00+05:30,2026-07-19 19:40:00,24.9,25.8,22.9,0,3.5,25.6,65,0,0,0,0,9.1,621,89,0,0,29,67,32.2,22.2
2026-07-19T19:35:00+05:30,2026-07-19 19:35:00,25,25.9,23.1,0.3,5.5,25.6,71,0,0,0,0,9.1,621,89,0,0,29,67,32.2,22.2
2026-07-19T19:30:00+05:30,2026-07-19 19:30:00,25.1,26,23,5.5,7.2,25.6,95,0,0,0,0,9.1,621,88,0,0,29,66,32,22
2026-07-19T19:25:00+05:30,2026-07-19 19:25:00,25.2,26.1,23.1,1.4,5.5,25.6,108,0,0,0,0,9.1,621,88,0,0,29.1,66,32.2,22.1
2026-07-19T19:20:00+05:30,2026-07-19 19:20:00,25.2,26.1,23.1,4.3,7.2,25.6,73,0,0,0,0,9.1,621,88,0,0,29.1,66,32.2,22.1
2026-07-19T19:15:00+05:30,2026-07-19 19:15:00,25.3,26.2,23.1,5.8,7.2,25.6,81,0,0,0,0,9.1,621,88,0,0,29.1,66,32.2,22.1
2026-07-19T19:10:00+05:30,2026-07-19 19:10:00,25.4,26.3,23.1,0,9.3,25.6,80,0,0,0,0,9.1,621,87,0,0,29.2,66,32.4,22.2
2026-07-19T19:05:00+05:30,2026-07-19 19:05:00,25.5,26.4,23,0,5.5,25.6,84,0,0,0,0,9.1,621,86,0,0,29.2,66,32.4,22.2
2026-07-19T19:00:00+05:30,2026-07-19 19:00:00,25.6,26.5,23.1,1.4,9.3,25.6,72,0,0,0,0,9.1,621,86,0,0,29.2,66,32.4,22.2
2026-07-19T18:55:00+05:30,2026-07-19 18:55:00,25.7,26.6,23,5,7.2,25.6,87,0,0,0,0,9.1,621,85,0,0,29.2,65,32.3,21.9
2026-07-19T18:50:00+05:30,2026-07-19 18:50:00,25.7,26.6,23,3.2,7.2,25.6,97,0,0,0,0,9.1,621,85,0,0,29.2,65,32.3,21.9
2026-07-19T18:45:00+05:30,2026-07-19 18:45:00,25.9,26.7,23,5.5,9.3,25.6,109,0,0,0,0,9.1,621,84,0,0,29.3,65,32.4,22
2026-07-19T18:40:00+05:30,2026-07-19 18:40:00,25.9,26.7,23,0,5.5,25.6,72,0,0,0,0,9.1,621,84,0,0.1,29.3,65,32.4,22
2026-07-19T18:35:00+05:30,2026-07-19 18:35:00,26.1,26.9,23,4.3,9.3,25.6,133,0,0,0,0,9.1,621,83,0,0.4,29.3,65,32.4,22
2026-07-19T18:30:00+05:30,2026-07-19 18:30:00,26.3,27.1,22.7,0,0,25.6,79,0,0,0,0,9.1,621,81,0,0.9,29.3,65,32.4,22
2026-07-19T18:25:00+05:30,2026-07-19 18:25:00,26.4,27.2,22.9,0,0,25.6,91,0,0,0,0,9.1,621,81,0,1.9,29.4,65,32.6,22.1
2026-07-19T18:20:00+05:30,2026-07-19 18:20:00,26.4,27.2,22.9,4,5.5,25.6,112,0,0,0,0,9.1,621,81,0,2.9,29.4,65,32.6,22.1
2026-07-19T18:15:00+05:30,2026-07-19 18:15:00,26.5,27.3,22.8,0,7.2,25.6,86,0,0,0,0,9.1,621,80,0,5.5,29.4,65,32.6,22.1
2026-07-19T18:10:00+05:30,2026-07-19 18:10:00,26.6,27.4,22.9,0,11.1,25.6,96,0,0,0,0,9.1,621,80,0,7.5,29.4,65,32.6,22.1
2026-07-19T18:05:00+05:30,2026-07-19 18:05:00,26.7,29.1,23,2.1,5.5,25.6,94,0,0,0,0,9.1,621,80,0,11,29.5,65,32.8,22.2
2026-07-19T18:00:00+05:30,2026-07-19 18:00:00,26.9,29.4,22.9,0.3,5.5,25.6,87,0,0,0,0,9.1,621,79,0,15.1,29.5,65,32.8,22.2
2026-07-19T17:55:00+05:30,2026-07-19 17:55:00,27,29.6,22.8,10.8,13,25.6,81,0,0,0,0,9.1,621,78,0,24.9,29.6,65,33.1,22.3
2026-07-19T17:51:00+05:30,2026-07-19 17:51:00,27.1,29.8,22.9,0,9.3,25.6,74,0,0,0,0,9.1,621,78,0,18.9,29.6,65,33.1,22.3
2026-07-19T17:45:00+05:30,2026-07-19 17:45:00,27.2,30,23,3.5,7.2,25.6,101,0,0,0,0,9.1,621,78,0,26.3,29.6,65,33.1,22.3
2026-07-19T17:40:00+05:30,2026-07-19 17:40:00,27.3,30.1,23.1,4.7,11.1,25.6,109,0,0,0,0,9.1,621,78,0,30.1,29.6,65,33.1,22.3
2026-07-19T17:35:00+05:30,2026-07-19 17:35:00,27.4,30.3,23,0,5.5,25.6,79,0,0,0,0,9.1,621,77,0,26.7,29.7,65,33.3,22.4
2026-07-19T17:30:00+05:30,2026-07-19 17:30:00,27.6,30.8,23.2,0.3,5.5,25.6,97,0,0,0,0,9.1,621,77,0,34.8,29.7,65,33.3,22.4
2026-07-19T17:25:00+05:30,2026-07-19 17:25:00,27.9,31.3,23.3,0,5.5,25.6,81,0,0,0,0,9.1,621,76,0,44.1,29.7,65,33.3,22.4
2026-07-19T17:20:00+05:30,2026-07-19 17:20:00,28.1,31.6,23.3,0.6,9.3,25.6,91,0,0,0,0,9.1,621,75,0,48.8,29.7,65,33.3,22.4
2026-07-19T17:15:00+05:30,2026-07-19 17:15:00,28.2,31.9,23.4,0,5.5,25.6,71,0,0,0,0,9.1,621,75,0,43.5,29.7,65,33.3,22.4
2026-07-19T17:10:00+05:30,2026-07-19 17:10:00,28,31.4,23.1,2.1,5.5,25.6,80,0,0,0,0,9.1,621,75,0,91.7,29.7,65,33.3,22.4
2026-07-19T17:05:00+05:30,2026-07-19 17:05:00,27.9,31.1,23,0,0,25.6,90,0,0,0,0,9.1,621,75,0,65.8,29.7,65,33.3,22.4
2026-07-19T17:00:00+05:30,2026-07-19 17:00:00,28.4,32.1,23.3,11.6,14.8,25.6,116,0,0,0,0,9.1,621,74,0,54.1,29.7,65,33.3,22.4
2026-07-19T16:55:00+05:30,2026-07-19 16:55:00,28.6,32.6,23.5,0,11.1,25.6,72,0,0,0,0,9.1,621,74,1,109.9,29.7,65,33.3,22.4
2026-07-19T16:50:00+05:30,2026-07-19 16:50:00,28.6,32.6,23.5,0,7.2,25.6,74,0,0,0,0,9.1,621,74,1,128.5,29.8,65,33.4,22.5
2026-07-19T16:46:00+05:30,2026-07-19 16:46:00,29.4,33.8,23.6,0,5.5,25.6,75,0,0,0,0,9.1,621,71,1,134.1,29.8,65,33.4,22.5
2026-07-19T16:40:00+05:30,2026-07-19 16:40:00,29.1,33.2,23.3,0,5.5,25.6,69,0,0,0,0,9.1,621,71,1,172.4,29.8,65,33.4,22.5
2026-07-19T16:35:00+05:30,2026-07-19 16:35:00,29,32.9,23.2,0,0,25.6,78,0,0,0,0,9.1,621,71,1,183.1,29.8,65,33.4,22.5
2026-07-19T16:30:00+05:30,2026-07-19 16:30:00,28.7,32.5,23.2,7.9,13,25.6,71,0,0,0,0,9.1,621,72,1,182.6,29.8,65,33.4,22.5
2026-07-19T16:25:00+05:30,2026-07-19 16:25:00,28.7,32.7,23.4,0,14.8,25.6,69,0,0,0,0,9.1,621,73,1,135.8,29.8,65,33.4,22.5
2026-07-19T16:20:00+05:30,2026-07-19 16:20:00,29,33.1,23.4,5.5,14.8,25.6,60,0,0,0,0,9.1,621,72,1,110.8,29.8,65,33.4,22.5
2026-07-19T16:15:00+05:30,2026-07-19 16:15:00,29.2,33.6,23.6,0,7.2,25.6,78,0,0,0,0,9.1,621,72,1,131.6,29.8,65,33.4,22.5
2026-07-19T16:10:00+05:30,2026-07-19 16:10:00,28.9,32.7,23.1,0.6,7.2,25.6,54,0,0,0,0,9.1,621,71,1,204.1,29.8,65,33.4,22.5
2026-07-19T16:05:00+05:30,2026-07-19 16:05:00,29.6,34.6,24,0,7.2,25.6,48,0,0,0,0,9.1,621,72,0,102.2,29.8,65,33.4,22.5
2026-07-19T16:00:00+05:30,2026-07-19 16:00:00,29.1,33.6,23.8,0,5.5,25.6,99,0,0,0,0,9.1,621,73,3,345.1,29.8,66,33.6,22.7
2026-07-19T15:55:00+05:30,2026-07-19 15:55:00,29,33.3,23.7,0,7.2,25.6,220,0,0,0,0,9.1,621,73,1,104.6,29.7,66,33.5,22.7
2026-07-19T15:50:00+05:30,2026-07-19 15:50:00,29.4,33.8,23.6,3.5,5.5,25.6,88,0,0,0,0,9.1,621,71,3,369.3,29.7,66,33.5,22.7
2026-07-19T15:45:00+05:30,2026-07-19 15:45:00,28.8,32.8,23.4,0,3.5,25.6,67,0,0,0,0,9.1,621,73,3,359,29.7,66,33.5,22.7
2026-07-19T15:41:00+05:30,2026-07-19 15:41:00,28.5,32.5,23.6,0,3.5,25.6,72,0,0,0,0,9.1,621,75,1,124,29.7,66,33.5,22.7
2026-07-19T15:35:00+05:30,2026-07-19 15:35:00,28.5,32.5,23.6,1.1,5.5,25.6,82,0,0,0,0,9.1,621,75,0,84.6,29.7,66,33.5,22.7
2026-07-19T15:30:00+05:30,2026-07-19 15:30:00,28.7,32.8,23.6,0,7.2,25.6,68,0,0,0,0,9.1,621,74,0,94.1,29.7,66,33.5,22.7
2026-07-19T15:25:00+05:30,2026-07-19 15:25:00,28.7,32.8,23.6,0.6,5.5,25.6,107,0,0,0,0,9.1,621,74,1,198.7,29.7,66,33.5,22.7
2026-07-19T15:20:00+05:30,2026-07-19 15:20:00,29.3,34.2,24.2,1.1,16.6,25.6,74,0,0,0,0,9.1,621,74,1,122.1,29.6,67,33.4,22.8
2026-07-19T15:15:00+05:30,2026-07-19 15:15:00,29.2,34.3,24.3,0,9.3,25.6,34,0,0,0,0,9.1,621,75,4,512.8,29.6,67,33.4,22.8
2026-07-19T15:10:00+05:30,2026-07-19 15:10:00,29.3,34,23.9,3.2,9.3,25.6,123,0,0,0,0,9.1,621,73,3,352.2,29.6,67,33.4,22.8
2026-07-19T15:05:00+05:30,2026-07-19 15:05:00,29.5,34.5,24.1,2.1,5.5,25.6,95,0,0,0,0,9.1,621,73,5,560.2,29.5,67,33.2,22.7
2026-07-19T15:00:00+05:30,2026-07-19 15:00:00,28.9,33.4,24,0,9.3,25.6,73,0,0,0,0,9.1,621,75,5,563.2,29.5,67,33.2,22.7
2026-07-19T14:55:00+05:30,2026-07-19 14:55:00,27.9,31.4,23.5,0.3,7.2,25.6,56,0,0,0,0,9.1,621,77,6,623.5,29.5,66,33.1,22.4
2026-07-19T14:50:00+05:30,2026-07-19 14:50:00,27.6,31,23.6,0.6,7.2,25.6,92,0,0,0,0,9.1,621,79,6,667.2,29.5,66,33.1,22.4
2026-07-19T14:45:00+05:30,2026-07-19 14:45:00,27.5,30.6,23.3,5.5,13,25.6,91,0,0,0,0,9.1,621,78,1,163.8,29.5,66,33.1,22.4
2026-07-19T14:40:00+05:30,2026-07-19 14:40:00,27.8,31.1,23.4,6.1,11.1,25.6,105,0,0,0,0,9.1,621,77,1,141,29.5,66,33.1,22.4
2026-07-19T14:35:00+05:30,2026-07-19 14:35:00,28.2,31.9,23.4,5.5,9.3,25.6,66,0,0,0,0,9.1,621,75,0,88.4,29.6,66,33.3,22.6
2026-07-19T14:30:00+05:30,2026-07-19 14:30:00,28.4,32.2,23.5,2.6,9.3,25.6,49,0,0,0,0,9.1,621,75,7,723.6,29.6,67,33.4,22.8
2026-07-19T14:25:00+05:30,2026-07-19 14:25:00,28.6,32.8,23.7,5,13,25.6,167,0,0,0,0,9.1,621,75,1,179.1,29.5,67,33.2,22.7
2026-07-19T14:21:00+05:30,2026-07-19 14:21:00,29.3,34.2,24.2,2.6,14.8,25.6,79,0,0,0,0,9.1,621,74,1,123.5,29.5,67,33.2,22.7
2026-07-19T14:15:00+05:30,2026-07-19 14:15:00,29.8,34.7,23.9,2.6,9.3,25.6,105,0,0,0,0,9.1,621,71,2,247.3,29.5,67,33.2,22.7
2026-07-19T14:10:00+05:30,2026-07-19 14:10:00,29.2,34,24.1,0,14.8,25.6,69,0,0,0,0,9.1,621,74,7,736,29.4,67,33,22.6
2026-07-19T14:05:00+05:30,2026-07-19 14:05:00,28.8,33,23.7,11.1,13,25.6,87,0,0,0,0,9.1,621,74,6,703.7,29.4,67,33,22.6
2026-07-19T14:00:00+05:30,2026-07-19 14:00:00,28.9,33.2,23.8,3.5,11.1,25.6,77,0,0,0,0,9.1,621,74,1,197.8,29.4,67,33,22.6
2026-07-19T13:55:00+05:30,2026-07-19 13:55:00,28.9,33.4,24,5,16.6,25.6,117,0,0,0,0,9.1,621,75,1,186.8,29.4,68,33.2,22.8
2026-07-19T13:50:00+05:30,2026-07-19 13:50:00,28.9,33.2,23.8,3.5,18.3,25.6,47,0,0,0,0,9.1,621,74,7,722.5,29.3,68,32.9,22.7
2026-07-19T13:45:00+05:30,2026-07-19 13:45:00,29.2,34,24.1,3.2,11.1,25.6,74,0,0,0,0,9.1,621,74,4,421.3,29.3,68,32.9,22.7
2026-07-19T13:40:00+05:30,2026-07-19 13:40:00,29,33.5,23.9,0.3,3.5,25.6,92,0,0,0,0,9.1,621,74,7,789.5,29.2,68,32.8,22.7
2026-07-19T13:35:00+05:30,2026-07-19 13:35:00,28.9,33.4,24,3.5,7.2,25.6,51,0,0,0,0,9.1,621,75,7,766.4,29.2,69,33,22.9
2026-07-19T13:30:00+05:30,2026-07-19 13:30:00,28.9,33.4,24,0.6,7.2,25.6,92,0,0,0,0,9.1,621,75,2,299.8,29.2,69,33,22.9
2026-07-19T13:25:00+05:30,2026-07-19 13:25:00,28.6,33.1,24.2,0,13,25.6,75,0,0,0,0,9.1,621,77,7,775.2,29.1,69,32.8,22.8
2026-07-19T13:20:00+05:30,2026-07-19 13:20:00,27.6,31.3,24,0,1.8,25.6,75,0,0,0,0,9.1,621,81,7,782.4,29.1,70,32.9,23.1
2026-07-19T13:16:00+05:30,2026-07-19 13:16:00,27.4,30.9,24,0.3,5.5,25.6,47,0,0,0,0,9.1,621,82,2,218.3,29.1,70,32.9,23.1
2026-07-19T13:10:00+05:30,2026-07-19 13:10:00,27.5,31.9,25.1,0,0,25.6,71,0,0,0,0,9.1,621,87,8,866.8,29.1,70,32.9,23.1
2026-07-19T13:05:00+05:30,2026-07-19 13:05:00,26.7,29.9,24.4,0,1.8,25.6,82,0,0,0,0,9.1,621,87,8,860,29,70,32.7,22.9
2026-07-19T13:00:00+05:30,2026-07-19 13:00:00,26.6,27.7,25,0,1.8,25.6,77,0,0,0,0,9.1,621,91,3,367.4,29,70,32.7,22.9
2026-07-19T12:55:00+05:30,2026-07-19 12:55:00,26.3,27.3,24.5,0,5.5,25.6,81,0,0,0,0,9.1,621,90,6,686.2,29,69,32.6,22.7
2026-07-19T12:50:00+05:30,2026-07-19 12:50:00,25.7,26.8,24.7,0,11.1,25.6,77,0,0,0,0,9.1,621,94,5,513.1,28.9,69,32.3,22.6
2026-07-19T12:45:00+05:30,2026-07-19 12:45:00,25.4,26.5,24.5,3.2,9.3,25.6,141,0,0,0,0,9.1,621,95,7,724.9,28.9,68,32.1,22.4
2026-07-19T12:40:00+05:30,2026-07-19 12:40:00,24.8,25.8,24.3,0,3.5,25.6,78,0,0,0,0,9.1,621,97,2,298.5,28.9,68,32.1,22.4
2026-07-19T12:35:00+05:30,2026-07-19 12:35:00,25.2,26.2,24,0,5.5,25.6,77,0,0,0,0,9.1,621,93,1,142.1,29,67,32.2,22.2
2026-07-19T12:30:00+05:30,2026-07-19 12:30:00,27.6,31.1,23.8,4.3,9.3,25.6,68,0,0,0,0,9.1,621,80,0,50.9,29,66,32,22
2026-07-19T12:25:00+05:30,2026-07-19 12:25:00,28.4,32.1,23.3,0.3,11.1,25.6,19,0,0,0,0,9.1,621,74,0,54,29,66,32,22
2026-07-19T12:20:00+05:30,2026-07-19 12:20:00,29.2,33.4,23.4,4,7.2,25.6,47,0,0,0,0,9.1,621,71,0,96.3,29,66,32,22
2026-07-19T12:15:00+05:30,2026-07-19 12:15:00,29.3,33.5,23.5,2.1,7.2,25.6,72,0,0,0,0,9.1,621,71,3,311.1,29,66,32,22
2026-07-19T12:11:00+05:30,2026-07-19 12:11:00,29.1,33.2,23.3,2.6,5.5,25.6,108,0,0,0,0,9.1,621,71,9,935.8,28.9,66,31.8,21.9
2026-07-19T12:05:00+05:30,2026-07-19 12:05:00,29.2,33.4,23.4,0.3,3.5,25.6,120,0,0,0,0,9.1,621,71,2,206.2,28.9,66,31.8,21.9
2026-07-19T12:00:00+05:30,2026-07-19 12:00:00,29.6,34.3,23.8,0.3,1.8,25.6,67,0,0,0,0,9.1,621,71,2,216,28.8,66,31.6,21.8
2026-07-19T11:55:00+05:30,2026-07-19 11:55:00,29.3,33.5,23.5,0.3,1.8,25.6,72,0,0,0,0,9.1,621,71,2,252.6,28.8,67,31.7,22
2026-07-19T11:50:00+05:30,2026-07-19 11:50:00,28.8,32.6,23.2,1.1,3.5,25.6,74,0,0,0,0,9.1,621,72,1,197.1,28.8,67,31.7,22
2026-07-19T11:45:00+05:30,2026-07-19 11:45:00,28.9,32.9,23.3,1.4,3.5,25.6,44,0,0,0,0,9.1,621,72,1,185.2,28.7,67,31.6,22
2026-07-19T11:40:00+05:30,2026-07-19 11:40:00,29.1,33.4,23.5,0.3,7.2,25.6,79,0,0,0,0,9.1,621,72,1,111,28.6,67,31.4,21.9
2026-07-19T11:35:00+05:30,2026-07-19 11:35:00,29.3,33.5,23.5,0,7.2,25.6,56,0,0,0,0,9.1,621,71,1,111.7,28.6,67,31.4,21.9
2026-07-19T11:30:00+05:30,2026-07-19 11:30:00,29,32.9,23.2,7.9,9.3,25.6,145,0,0,0,0,9.1,621,71,3,395.5,28.5,67,31.2,21.8
2026-07-19T11:25:00+05:30,2026-07-19 11:25:00,28.7,32.7,23.4,3.2,9.3,25.6,123,0,0,0,0,9.1,621,73,2,236.4,28.5,67,31.2,21.8
2026-07-19T11:20:00+05:30,2026-07-19 11:20:00,28.7,32.7,23.4,4.3,9.3,25.6,93,0,0,0,0,9.1,621,73,3,315.8,28.5,67,31.2,21.8
2026-07-19T11:15:00+05:30,2026-07-19 11:15:00,28.9,33,23.5,4,9.3,25.6,73,0,0,0,0,9.1,621,73,7,820.4,28.4,67,31,21.7
2026-07-19T11:10:00+05:30,2026-07-19 11:10:00,29,33.3,23.7,2.1,14.8,25.6,76,0,0,0,0,9.1,621,73,1,194.5,28.3,67,30.8,21.6
2026-07-19T11:05:00+05:30,2026-07-19 11:05:00,29.1,33.2,23.3,0,14.8,25.6,95,0,0,0,0,9.1,621,71,4,499.8,28.2,67,30.7,21.5
2026-07-19T11:00:00+05:30,2026-07-19 11:00:00,29.2,33.4,23.4,1.4,5.5,25.6,69,0,0,0,0,9.1,621,71,6,635.1,28.2,68,30.8,21.7
2026-07-19T10:55:00+05:30,2026-07-19 10:55:00,29.4,33.8,23.6,3.5,7.2,25.6,73,0,0,0,0,9.1,621,71,4,487.1,28.1,68,30.6,21.6
2026-07-19T10:50:00+05:30,2026-07-19 10:50:00,28.9,32.9,23.3,7.6,16.6,25.6,107,0,0,0,0,9.1,621,72,2,247.4,28,68,30.4,21.6
2026-07-19T10:45:00+05:30,2026-07-19 10:45:00,28.9,32.7,23.1,2.1,7.2,25.6,72,0,0,0,0,9.1,621,71,8,840.2,28,68,30.4,21.6
2026-07-19T10:40:00+05:30,2026-07-19 10:40:00,28.8,32.6,23.2,2.9,11.1,25.6,77,0,0,0,0,9.1,621,72,3,317,27.9,68,30.2,21.4
2026-07-19T10:35:00+05:30,2026-07-19 10:35:00,28.4,31.9,23.1,4,11.1,25.6,94,0,0,0,0,9.1,621,73,8,839.3,27.8,68,30,21.3
2026-07-19T10:30:00+05:30,2026-07-19 10:30:00,28.2,31.7,23.1,5.5,16.6,25.6,115,0,0,0,0,9.1,621,74,7,789,27.8,68,30,21.3
2026-07-19T10:25:00+05:30,2026-07-19 10:25:00,28.4,32.1,23.3,7.9,11.1,25.6,155,0,0,0,0,9.1,621,74,7,775,27.8,68,30,21.3
2026-07-19T10:20:00+05:30,2026-07-19 10:20:00,28,31.2,22.9,0,3.5,25.6,66,0,0,0,0,9.1,621,74,7,755.3,27.7,68,29.9,21.3
2026-07-19T10:15:00+05:30,2026-07-19 10:15:00,27.8,30.9,22.9,0.3,13,25.6,77,0,0,0,0,9.1,621,75,7,770.7,27.7,68,29.9,21.3
2026-07-19T10:10:00+05:30,2026-07-19 10:10:00,27.9,31.1,23,9,11.1,25.6,119,0,0,0,0,9.1,621,75,1,177.8,27.6,68,29.7,21.2
2026-07-19T10:05:00+05:30,2026-07-19 10:05:00,27.5,30.5,23.1,4.7,9.3,25.6,56,0,0,0,0,9.1,621,77,3,317.6,27.6,68,29.7,21.2
2026-07-19T10:00:00+05:30,2026-07-19 10:00:00,27.7,31,23.3,3.2,20.1,25.6,43,0,0,0,0,9.1,621,77,1,176.5,27.6,69,29.8,21.4
2026-07-19T09:55:00+05:30,2026-07-19 09:55:00,28.2,32,23.6,0,13,25.6,71,0,0,0,0,9.1,621,76,5,570.8,27.5,69,29.6,21.3
2026-07-19T09:50:00+05:30,2026-07-19 09:50:00,27.5,30.6,23.3,4.7,7.2,25.6,83,0,0,0,0,9.1,621,78,5,606.5,27.5,68,29.5,21.1
2026-07-19T09:46:00+05:30,2026-07-19 09:46:00,26.8,29.2,22.8,2.6,9.3,25.6,114,0,0,0,0,9.1,621,79,6,688.9,27.4,68,29.3,20.9
2026-07-19T09:40:00+05:30,2026-07-19 09:40:00,26.8,29.3,23,0.3,1.8,25.6,106,0,0,0,0,9.1,621,80,1,111.2,27.4,68,29.3,20.9
2026-07-19T09:35:00+05:30,2026-07-19 09:35:00,26.9,29.4,22.9,3.5,11.1,25.6,92,0,0,0,0,9.1,621,79,1,136.9,27.4,68,29.3,20.9
2026-07-19T09:30:00+05:30,2026-07-19 09:30:00,27.3,30.1,23.1,11.9,14.8,23.8,179,0,0,0,0,9.1,621,78,3,318,27.3,68,29.2,20.8
2026-07-19T09:25:00+05:30,2026-07-19 09:25:00,27.2,29.9,22.8,6.4,13,23.8,49,0,0,0,0,9.1,621,77,7,727.5,27.3,68,29.2,20.8
2026-07-19T09:20:00+05:30,2026-07-19 09:20:00,27.2,29.9,22.8,5.5,18.3,20.1,44,0,0,0,0,9.1,621,77,5,594.4,27.3,69,29.2,21.1
2026-07-19T09:15:00+05:30,2026-07-19 09:15:00,27.4,30.3,23,9.3,16.6,16.6,52,0,0,0,0,9.1,621,77,6,691.1,27.2,68,29.1,20.8
2026-07-19T09:10:00+05:30,2026-07-19 09:10:00,27,29.6,22.8,0,9.3,14.8,72,0,0,0,0,9.1,621,78,6,620.6,27.2,68,29.1,20.8
2026-07-19T09:05:00+05:30,2026-07-19 09:05:00,26.6,27.4,22.9,4,14.8,14.8,60,0,0,0,0,9.1,621,80,5,560.6,27.2,68,29.1,20.8
2026-07-19T09:00:00+05:30,2026-07-19 09:00:00,26.5,27.3,22.8,4,14.8,14.8,83,0,0,0,0,9.1,621,80,5,540.6,27.1,68,28.9,20.7
2026-07-19T08:55:00+05:30,2026-07-19 08:55:00,26.5,27.3,22.8,1.8,7.2,11.1,56,0,0,0,0,9.1,621,80,5,537.1,27.1,68,28.9,20.7
2026-07-19T08:50:00+05:30,2026-07-19 08:50:00,25.8,26.6,22.5,0,0,11.1,77,0,0,0,0,9.1,621,82,5,538.4,27.1,68,28.9,20.7
2026-07-19T08:45:00+05:30,2026-07-19 08:45:00,25.6,26.4,22.5,0,3.5,11.1,81,0,0,0,0,9.1,621,83,1,113,27,68,28.7,20.6
2026-07-19T08:41:00+05:30,2026-07-19 08:41:00,25.5,26.3,22.4,0.3,1.8,11.1,96,0,0,0,0,9.1,621,83,1,167.4,27,68,28.7,20.6
2026-07-19T08:35:00+05:30,2026-07-19 08:35:00,25.4,26.2,22.5,0.3,1.8,11.1,98,0,0,0,0,9.1,621,84,1,157.1,27,68,28.7,20.6
2026-07-19T08:30:00+05:30,2026-07-19 08:30:00,25.2,26,22.3,0,5.5,11.1,73,0,0,0,0,9.1,621,84,1,105,27,68,28.7,20.6
2026-07-19T08:25:00+05:30,2026-07-19 08:25:00,25.2,26,22.3,3.2,7.2,11.1,85,0,0,0,0,9.1,621,84,1,168.4,27,68,28.7,20.6
2026-07-19T08:20:00+05:30,2026-07-19 08:20:00,25.1,25.9,22.4,0,3.5,11.1,78,0,0,0,0,9.1,621,85,0,92.4,27,68,28.7,20.6
2026-07-19T08:15:00+05:30,2026-07-19 08:15:00,25.1,25.9,22.2,4,5.5,11.1,90,0,0,0,0,9.1,621,84,0,73.3,27,68,28.7,20.6
2026-07-19T08:10:00+05:30,2026-07-19 08:10:00,24.9,25.7,22.2,0,0,11.1,73,0,0,0,0,9.1,621,85,1,137.1,27,68,28.7,20.6
2026-07-19T08:05:00+05:30,2026-07-19 08:05:00,24.9,25.7,22.2,0.3,9.3,11.1,93,0,0,0,0,9.1,621,85,1,130.5,27,68,28.7,20.6
2026-07-19T08:00:00+05:30,2026-07-19 08:00:00,25,25.7,22.1,0,0,11.1,76,0,0,0,0,9.1,621,84,1,120.2,27,67,28.6,20.3
2026-07-19T07:55:00+05:30,2026-07-19 07:55:00,24.8,25.5,22.1,0,5.5,11.1,70,0,0,0,0,9.1,621,85,1,104,26.9,67,28.4,20.2
2026-07-19T07:50:00+05:30,2026-07-19 07:50:00,24.7,25.5,22,0,7.2,11.1,68,0,0,0,0,9.1,621,85,0,99.5,26.9,67,28.4,20.2
2026-07-19T07:45:00+05:30,2026-07-19 07:45:00,24.7,25.4,21.8,0,11.1,11.1,81,0,0,0,0,9.1,621,84,1,110.2,26.9,67,28.4,20.2
2026-07-19T07:40:00+05:30,2026-07-19 07:40:00,24.9,25.6,22,0,1.8,11.1,67,0,0,0,0,9.1,621,84,0,63.2,26.9,67,28.4,20.2
2026-07-19T07:36:00+05:30,2026-07-19 07:36:00,25.1,25.8,22,0,0,11.1,75,0,0,0,0,9.1,621,83,0,101.8,26.9,67,28.4,20.2
2026-07-19T07:30:00+05:30,2026-07-19 07:30:00,25,25.7,21.7,0,0,11.1,73,0,0,0,0,9.1,621,82,1,152.1,26.9,67,28.4,20.2
2026-07-19T07:25:00+05:30,2026-07-19 07:25:00,24.5,25.2,21.6,0,1.8,11.1,78,0,0,0,0,9.1,621,84,1,177.9,26.9,67,28.4,20.2
2026-07-19T07:20:00+05:30,2026-07-19 07:20:00,24.3,25,21.6,0,9.3,11.1,128,0,0,0,0,9.1,621,85,0,99.1,26.9,67,28.4,20.2
2026-07-19T07:15:00+05:30,2026-07-19 07:15:00,24.2,24.9,21.5,1.8,5.5,11.1,108,0,0,0,0,9.1,621,85,0,62.1,26.9,67,28.4,20.2
2026-07-19T07:10:00+05:30,2026-07-19 07:10:00,24.2,24.9,21.5,0,7.2,11.1,79,0,0,0,0,9.1,621,85,0,44.5,26.9,67,28.4,20.2
2026-07-19T07:05:00+05:30,2026-07-19 07:05:00,24.2,24.9,21.5,0,0,11.1,69,0,0,0,0,9.1,621,85,0,36,26.9,67,28.4,20.2
2026-07-19T07:00:00+05:30,2026-07-19 07:00:00,24.2,24.9,21.3,0,1.8,11.1,69,0,0,0,0,9.1,621,84,0,30.8,26.9,67,28.4,20.2
2026-07-19T06:55:00+05:30,2026-07-19 06:55:00,24,24.7,21.3,1.4,3.5,11.1,76,0,0,0,0,9.1,621,85,0,21.3,26.9,67,28.4,20.2
2026-07-19T06:50:00+05:30,2026-07-19 06:50:00,24.1,24.8,21.4,0,0,11.1,79,0,0,0,0,9.1,621,85,0,26.7,26.9,67,28.4,20.2
2026-07-19T06:45:00+05:30,2026-07-19 06:45:00,24,24.7,21.3,0,5.5,11.1,89,0,0,0,0,9.1,621,85,0,18,26.9,67,28.4,20.2
2026-07-19T06:40:00+05:30,2026-07-19 06:40:00,23.8,24.5,21.3,0,0,11.1,67,0,0,0,0,9.1,621,86,0,18.5,26.9,67,28.4,20.2
2026-07-19T06:35:00+05:30,2026-07-19 06:35:00,23.7,24.4,21.2,0.6,1.8,11.1,87,0,0,0,0,9.1,621,86,0,16.3,27,67,28.6,20.3
2026-07-19T06:30:00+05:30,2026-07-19 06:30:00,23.6,24.3,21.3,0,0,11.1,71,0,0,0,0,9.1,621,87,0,27.5,26.9,67,28.4,20.2
2026-07-19T06:25:00+05:30,2026-07-19 06:25:00,23.8,24.5,21.3,0,0,11.1,68,0,0,0,0,9.1,621,86,0,15,27,67,28.6,20.3
2026-07-19T06:20:00+05:30,2026-07-19 06:20:00,23.7,24.4,21.2,0,0,11.1,70,0,0,0,0,9.1,621,86,0,11.8,27,67,28.6,20.3
2026-07-19T06:16:00+05:30,2026-07-19 06:16:00,23.6,24.3,21.3,0,0,11.1,85,0,0,0,0,9.1,621,87,0,10.8,27,67,28.6,20.3
2026-07-19T06:10:00+05:30,2026-07-19 06:10:00,23.3,24,21.2,0,0,11.1,77,0,0,0,0,9.1,621,88,0,8.2,27,67,28.6,20.3
2026-07-19T06:05:00+05:30,2026-07-19 06:05:00,23.4,24.1,21.3,0,0,11.1,72,0,0,0,0,9.1,621,88,0,5.1,27.1,67,28.8,20.4
2026-07-19T06:00:00+05:30,2026-07-19 06:00:00,23.5,24.2,21.4,0,0,11.1,79,0,0,0,0,9.1,621,88,0,2.7,27.1,67,28.8,20.4
2026-07-19T05:55:00+05:30,2026-07-19 05:55:00,23.5,24.2,21.4,0,1.8,11.1,70,0,0,0,0,9.1,621,88,0,1.6,27.1,67,28.8,20.4
2026-07-19T05:50:00+05:30,2026-07-19 05:50:00,23.6,24.3,21.3,0,0,11.1,70,0,0,0,0,9.1,621,87,0,0.5,27.1,67,28.8,20.4
2026-07-19T05:45:00+05:30,2026-07-19 05:45:00,23.6,24.3,21.5,0,0,11.1,70,0,0,0,0,9.1,621,88,0,0.1,27.1,67,28.8,20.4
2026-07-19T05:40:00+05:30,2026-07-19 05:40:00,23.6,24.3,21.5,0,0,11.1,74,0,0,0,0,9.1,621,88,0,0,27.1,67,28.8,20.4
2026-07-19T05:35:00+05:30,2026-07-19 05:35:00,23.4,24.1,21.3,0,0,11.1,70,0,0,0,0,9.1,621,88,0,0,27.1,67,28.8,20.4
2026-07-19T05:30:00+05:30,2026-07-19 05:30:00,23.3,24,21.4,0,0,11.1,75,0,0,0,0,9.1,621,89,0,0,27.1,66,28.7,20.2
2026-07-19T05:25:00+05:30,2026-07-19 05:25:00,23.3,24,21.4,0,0,11.1,72,0,0,0,0,9.1,621,89,0,0,27.1,66,28.7,20.2
2026-07-19T05:20:00+05:30,2026-07-19 05:20:00,23.4,24.1,21.3,0,0,11.1,71,0,0,0,0,9.1,621,88,0,0,27.1,66,28.7,20.2
2026-07-19T05:15:00+05:30,2026-07-19 05:15:00,23.5,24.2,21.4,0,0,11.1,96,0,0,0,0,9.1,621,88,0,0,27.2,66,28.9,20.3
2026-07-19T05:11:00+05:30,2026-07-19 05:11:00,23.5,24.2,21.4,0,0,11.1,72,0,0,0,0,9.1,621,88,0,0,27.2,66,28.9,20.3
2026-07-19T05:05:00+05:30,2026-07-19 05:05:00,23.6,24.3,21.5,5,5.5,11.1,99,0,0,0,0,9.1,621,88,0,0,27.1,66,28.7,20.2
2026-07-19T05:00:00+05:30,2026-07-19 05:00:00,23.5,24.2,21.4,0,1.8,11.1,107,0,0,0,0,9.1,621,88,0,0,27.1,66,28.7,20.2
2026-07-19T04:55:00+05:30,2026-07-19 04:55:00,23.4,24.1,21.3,0,5.5,11.1,77,0,0,0,0,9.1,621,88,0,0,27.2,66,28.9,20.3
2026-07-19T04:50:00+05:30,2026-07-19 04:50:00,23.4,24.1,21.3,0.6,1.8,11.1,67,0,0,0,0,9.1,621,88,0,0,27.2,66,28.9,20.3
2026-07-19T04:45:00+05:30,2026-07-19 04:45:00,23.4,24.1,21.5,0,0,11.1,72,0,0,0,0,9.1,621,89,0,0,27.2,66,28.9,20.3
2026-07-19T04:40:00+05:30,2026-07-19 04:40:00,23.3,24,21.4,0,1.8,11.1,69,0,0,0,0,9.1,621,89,0,0,27.2,66,28.9,20.3
2026-07-19T04:35:00+05:30,2026-07-19 04:35:00,23.4,24.1,21.3,0,3.5,11.1,106,0,0,0,0,9.1,621,88,0,0,27.2,66,28.9,20.3
2026-07-19T04:30:00+05:30,2026-07-19 04:30:00,23.4,24.1,21.3,0,1.8,11.1,69,0,0,0,0,9.1,621,88,0,0,27.2,66,28.9,20.3
2026-07-19T04:25:00+05:30,2026-07-19 04:25:00,23.4,24.1,21.3,1.4,7.2,11.1,90,0,0,0,0,9.1,621,88,0,0,27.3,66,28.9,20.3
2026-07-19T04:20:00+05:30,2026-07-19 04:20:00,23.3,24,21.2,0,5.5,11.1,88,0,0,0,0,9.1,621,88,0,0,27.2,66,28.9,20.3
2026-07-19T04:15:00+05:30,2026-07-19 04:15:00,23.2,23.9,21.3,0,0,11.1,71,0,0,0,0,9.1,621,89,0,0,27.3,66,28.9,20.3
2026-07-19T04:10:00+05:30,2026-07-19 04:10:00,23.2,23.9,21.3,0,0,11.1,73,0,0,0,0,9.1,621,89,0,0,27.3,66,28.9,20.3
2026-07-19T04:06:00+05:30,2026-07-19 04:06:00,23.2,23.9,21.3,0,0,11.1,67,0,0,0,0,9.1,621,89,0,0,27.3,66,28.9,20.3
2026-07-19T04:00:00+05:30,2026-07-19 04:00:00,23.3,24,21.2,0,0,11.1,72,0,0,0,0,9.1,621,88,0,0,27.3,66,28.9,20.3
2026-07-19T03:55:00+05:30,2026-07-19 03:55:00,23.4,24.1,21.3,0.3,1.8,11.1,87,0,0,0,0,9.1,621,88,0,0,27.3,66,28.9,20.3
2026-07-19T03:50:00+05:30,2026-07-19 03:50:00,23.5,24.2,21.2,0,0,11.1,72,0,0,0,0,9.1,621,87,0,0,27.3,66,28.9,20.3
2026-07-19T03:45:00+05:30,2026-07-19 03:45:00,23.5,24.2,21.2,0,5.5,11.1,69,0,0,0,0,9.1,621,87,0,0,27.4,65,29.1,20.2
2026-07-19T03:40:00+05:30,2026-07-19 03:40:00,23.6,24.3,21.3,0,0,11.1,73,0,0,0,0,9.1,621,87,0,0,27.4,65,29.1,20.2
2026-07-19T03:35:00+05:30,2026-07-19 03:35:00,23.6,24.3,21.3,3.2,5.5,11.1,122,0,0,0,0,9.1,621,87,0,0,27.4,65,29.1,20.2
2026-07-19T03:30:00+05:30,2026-07-19 03:30:00,23.5,24.2,21.2,0,7.2,11.1,84,0,0,0,0,9.1,621,87,0,0,27.4,65,29.1,20.2
2026-07-19T03:25:00+05:30,2026-07-19 03:25:00,23.6,24.3,21.3,0,0,11.1,77,0,0,0,0,9.1,621,87,0,0,27.4,65,29.1,20.2
2026-07-19T03:20:00+05:30,2026-07-19 03:20:00,23.6,24.3,21.1,0,7.2,11.1,69,0,0,0,0,9.1,621,86,0,0,27.4,65,29.1,20.2
2026-07-19T03:15:00+05:30,2026-07-19 03:15:00,23.7,24.4,21.2,0,0,11.1,71,0,0,0,0,9.1,621,86,0,0,27.4,65,29.1,20.2
2026-07-19T03:10:00+05:30,2026-07-19 03:10:00,23.8,24.5,21.3,0,1.8,11.1,83,0,0,0,0,9.1,621,86,0,0,27.4,65,29.1,20.2
2026-07-19T03:05:00+05:30,2026-07-19 03:05:00,23.9,24.6,21.2,0,3.5,11.1,68,0,0,0,0,9.1,621,85,0,0,27.4,65,29.1,20.2
2026-07-19T03:00:00+05:30,2026-07-19 03:00:00,23.9,24.6,21.2,2.9,7.2,11.1,79,0,0,0,0,9.1,621,85,0,0,27.5,65,29.2,20.3
2026-07-19T02:55:00+05:30,2026-07-19 02:55:00,23.9,24.6,21.2,0.6,1.8,11.1,69,0,0,0,0,9.1,621,85,0,0,27.5,65,29.2,20.3
2026-07-19T02:50:00+05:30,2026-07-19 02:50:00,23.9,24.6,21.2,0,3.5,11.1,69,0,0,0,0,9.1,621,85,0,0,27.5,65,29.2,20.3
2026-07-19T02:45:00+05:30,2026-07-19 02:45:00,23.9,24.6,21.2,0,0,11.1,69,0,0,0,0,9.1,621,85,0,0,27.5,65,29.2,20.3
2026-07-19T02:40:00+05:30,2026-07-19 02:40:00,23.9,24.6,21.2,0,1.8,11.1,70,0,0,0,0,9.1,621,85,0,0,27.5,65,29.2,20.3
2026-07-19T02:35:00+05:30,2026-07-19 02:35:00,23.9,24.6,21.2,0,0,11.1,77,0,0,0,0,9.1,621,85,0,0,27.5,65,29.2,20.3
2026-07-19T02:30:00+05:30,2026-07-19 02:30:00,24.1,24.8,21.2,0,0,11.1,89,0,0,0,0,9.1,621,84,0,0,27.5,65,29.2,20.3
2026-07-19T02:25:00+05:30,2026-07-19 02:25:00,24,24.6,21.1,0,0,11.1,76,0,0,0,0,9.1,621,84,0,0,27.6,65,29.4,20.4
2026-07-19T02:20:00+05:30,2026-07-19 02:20:00,23.9,24.6,21.2,0,0,11.1,78,0,0,0,0,9.1,621,85,0,0,27.6,65,29.4,20.4
2026-07-19T02:15:00+05:30,2026-07-19 02:15:00,23.9,24.6,21.2,0,0,11.1,71,0,0,0,0,9.1,621,85,0,0,27.6,65,29.4,20.4
2026-07-19T02:10:00+05:30,2026-07-19 02:10:00,23.9,24.6,21.2,1.1,7.2,11.1,78,0,0,0,0,9.1,621,85,0,0,27.6,64,29.3,20.2
2026-07-19T02:05:00+05:30,2026-07-19 02:05:00,23.9,24.6,21.2,0,1.8,11.1,69,0,0,0,0,9.1,621,85,0,0,27.6,64,29.3,20.2
2026-07-19T02:00:00+05:30,2026-07-19 02:00:00,24,24.7,21.3,0,0,11.1,92,0,0,0,0,9.1,621,85,0,0,27.6,64,29.3,20.2
2026-07-19T01:55:00+05:30,2026-07-19 01:55:00,24,24.7,21.3,0,0,11.1,71,0,0,0,0,9.1,621,85,0,0,27.7,64,29.4,20.3
2026-07-19T01:50:00+05:30,2026-07-19 01:50:00,23.9,24.6,21.2,0,0,11.1,75,0,0,0,0,9.1,621,85,0,0,27.6,64,29.3,20.2
2026-07-19T01:45:00+05:30,2026-07-19 01:45:00,23.8,24.4,21.1,0.6,1.8,11.1,80,0,0,0,0,9.1,621,85,0,0,27.7,64,29.4,20.3
2026-07-19T01:41:00+05:30,2026-07-19 01:41:00,23.8,24.4,21.1,0,0,11.1,71,0,0,0,0,9.1,621,85,0,0,27.7,64,29.4,20.3
2026-07-19T01:35:00+05:30,2026-07-19 01:35:00,23.6,24.2,20.9,0,3.5,11.1,74,0,0,0,0,9.1,621,85,0,0,27.7,64,29.4,20.3
2026-07-19T01:30:00+05:30,2026-07-19 01:30:00,23.5,24.2,21,0,3.5,11.1,72,0,0,0,0,9.1,621,86,0,0,27.7,64,29.4,20.3
2026-07-19T01:25:00+05:30,2026-07-19 01:25:00,23.6,24.3,21.1,0,0,11.1,78,0,0,0,0,9.1,621,86,0,0,27.7,64,29.4,20.3
2026-07-19T01:20:00+05:30,2026-07-19 01:20:00,23.6,24.3,21.1,0,3.5,11.1,72,0,0,0,0,9.1,621,86,0,0,27.8,64,29.6,20.3
2026-07-19T01:15:00+05:30,2026-07-19 01:15:00,23.6,24.2,20.9,0,3.5,11.1,89,0,0,0,0,9.1,621,85,0,0,27.8,64,29.6,20.3
2026-07-19T01:10:00+05:30,2026-07-19 01:10:00,23.6,24.3,21.1,0,3.5,11.1,73,0,0,0,0,9.1,621,86,0,0,27.8,64,29.6,20.3
2026-07-19T01:05:00+05:30,2026-07-19 01:05:00,23.6,24.3,21.1,0,5.5,11.1,64,0,0,0,0,9.1,621,86,0,0,27.8,64,29.6,20.3
2026-07-19T01:00:00+05:30,2026-07-19 01:00:00,23.7,24.4,21,0,0,11.1,71,0,0,0,0,9.1,621,85,0,0,27.8,64,29.6,20.3
2026-07-19T00:55:00+05:30,2026-07-19 00:55:00,23.7,24.4,21,0,3.5,11.1,72,0,0,0,0,9.1,621,85,0,0,27.9,64,29.7,20.4
2026-07-19T00:50:00+05:30,2026-07-19 00:50:00,23.7,24.4,21,0,0,11.1,82,0,0,0,0,9.1,621,85,0,0,27.9,64,29.7,20.4
2026-07-19T00:45:00+05:30,2026-07-19 00:45:00,23.6,24.3,21.1,0,1.8,11.1,76,0,0,0,0,9.1,621,86,0,0,27.9,64,29.7,20.4
2026-07-19T00:40:00+05:30,2026-07-19 00:40:00,23.7,24.4,21,0,0,11.1,71,0,0,0,0,9.1,621,85,0,0,27.9,64,29.7,20.4
2026-07-19T00:36:00+05:30,2026-07-19 00:36:00,23.7,24.4,21,0,1.8,11.1,72,0,0,0,0,9.1,621,85,0,0,27.9,64,29.7,20.4
2026-07-19T00:30:00+05:30,2026-07-19 00:30:00,23.7,24.4,21,0,0,11.1,76,0,0.5,0,0,9.1,621,85,0,0,28,64,29.9,20.6
2026-07-19T00:25:00+05:30,2026-07-19 00:25:00,23.6,24.2,20.9,0.6,11.1,11.1,74,0,0.5,0,0,9.1,621,85,0,0,28,64,29.9,20.6
2026-07-19T00:20:00+05:30,2026-07-19 00:20:00,23.6,24.2,20.9,0,0,5.5,70,0,0.5,0,0,9.1,621,85,0,0,28,64,29.9,20.6
2026-07-19T00:15:00+05:30,2026-07-19 00:15:00,23.7,24.4,21.2,0,0,5.5,91,0,0.5,0,0,9.1,621,86,0,0,28.1,64,30.1,20.7
2026-07-19T00:10:00+05:30,2026-07-19 00:10:00,23.6,24.3,21.1,0,0,5.5,99,0,0.5,0,0,9.1,621,86,0,0,28.1,64,30.1,20.7
2026-07-19T00:05:00+05:30,2026-07-19 00:05:00,23.6,24.3,21.1,0,5.5,5.5,71,0,0.5,0,0,9.1,621,86,0,0,28.1,64,30.1,20.7
2026-07-19T00:00:00+05:30,2026-07-19 00:00:00,23.7,24.4,21.2,0,3.5,3.5,76,0,0.5,0,0,9.1,621,86,0,0,28.2,64,30.3,20.8
2026-07-18T23:55:00+05:30,2026-07-18 23:55:00,23.6,24.3,21.1,0,5.5,7.2,76,0,0.5,0.5,1,9.1,621,86,0,0,28.2,64,30.3,20.8
2026-07-18T23:50:00+05:30,2026-07-18 23:50:00,23.6,24.3,21.1,0,0,5.5,69,0,0.5,0.5,1,9.1,621,86,0,0,28.2,64,30.3,20.8
2026-07-18T23:45:00+05:30,2026-07-18 23:45:00,23.6,24.3,21.3,0,5.5,5.5,75,0,0.5,0.5,1,9.1,621,87,0,0,28.2,64,30.3,20.8
2026-07-18T23:40:00+05:30,2026-07-18 23:40:00,23.6,24.3,21.3,0,0,3.5,70,3,0.5,0.5,1,9.1,621,87,0,0,28.3,64,30.4,20.8
2026-07-18T23:35:00+05:30,2026-07-18 23:35:00,23.7,24.4,21.4,0,1.8,3.5,71,3,0.5,0.5,1,9.1,621,87,0,0,28.3,64,30.4,20.8
2026-07-18T23:33:00+05:30,2026-07-18 23:33:00,23.7,24.4,21.2,2.6,3.5,3.5,77,3,0.5,0.5,1,9.1,621,86,0,0,28.3,64,30.4,20.8
2026-07-18T23:25:00+05:30,2026-07-18 23:25:00,23.8,24.5,21.3,0,0,29.5,69,0,0,0,0.5,8.6,620.5,86,0,0,28.4,64,30.6,20.9
2026-07-18T23:20:00+05:30,2026-07-18 23:20:00,23.9,24.6,21.4,0,1.8,29.5,70,0,0,0,0.5,8.6,620.5,86,0,0,28.4,64,30.6,20.9
2026-07-18T23:15:00+05:30,2026-07-18 23:15:00,24,24.7,21.3,0,0,29.5,84,0,0,0,0.5,8.6,620.5,85,0,0,28.4,64,30.6,20.9
2026-07-18T23:10:00+05:30,2026-07-18 23:10:00,23.9,24.6,21.4,0,5.5,29.5,79,0,0,0,0.5,8.6,620.5,86,0,0,28.4,64,30.6,20.9
2026-07-18T23:05:00+05:30,2026-07-18 23:05:00,23.8,24.5,21.5,0,0,29.5,67,0,0,0,0.5,8.6,620.5,87,0,0,28.5,64,30.8,21
2026-07-18T23:01:00+05:30,2026-07-18 23:01:00,23.7,24.4,21.4,3.2,5.5,29.5,76,0,0,0,0.5,8.6,620.5,87,0,0,28.5,64,30.8,21
2026-07-18T22:55:00+05:30,2026-07-18 22:55:00,23.8,24.5,21.5,0,5.5,29.5,72,0,0,0,0.5,8.6,620.5,87,0,0,28.5,64,30.8,21
2026-07-18T22:50:00+05:30,2026-07-18 22:50:00,23.8,24.5,21.5,0,3.5,29.5,69,0,0,0,0.5,8.6,620.5,87,0,0,28.5,64,30.8,21
2026-07-18T22:45:00+05:30,2026-07-18 22:45:00,23.9,24.6,21.6,1.4,1.8,29.5,90,0,0,0,0.5,8.6,620.5,87,0,0,28.6,64,30.9,21.1
2026-07-18T22:40:00+05:30,2026-07-18 22:40:00,23.9,24.6,21.6,0,0,29.5,71,0,0,0,0.5,8.6,620.5,87,0,0,28.6,64,30.9,21.1
2026-07-18T22:35:00+05:30,2026-07-18 22:35:00,24,24.7,21.7,0,0,29.5,79,0,0,0,0.5,8.6,620.5,87,0,0,28.6,64,30.9,21.1
2026-07-18T22:30:00+05:30,2026-07-18 22:30:00,24.1,24.8,21.6,0,0,29.5,74,0,0,0,0.5,8.6,620.5,86,0,0,28.7,64,31.2,21.2
2026-07-18T22:25:00+05:30,2026-07-18 22:25:00,24.1,24.8,21.6,1.8,7.2,29.5,94,0,0,0,0.5,8.6,620.5,86,0,0,28.7,64,31.2,21.2
2026-07-18T22:20:00+05:30,2026-07-18 22:20:00,24.1,24.8,21.6,0,3.5,29.5,78,0,0,0,0.5,8.6,620.5,86,0,0,28.7,64,31.2,21.2
2026-07-18T22:15:00+05:30,2026-07-18 22:15:00,24,24.7,21.5,0,0,29.5,77,0,0,0,0.5,8.6,620.5,86,0,0,28.8,64,31.3,21.3
2026-07-18T22:10:00+05:30,2026-07-18 22:10:00,24,24.7,21.7,0,5.5,29.5,70,0,0,0,0.5,8.6,620.5,87,0,0,28.8,64,31.3,21.3
2026-07-18T22:05:00+05:30,2026-07-18 22:05:00,24,24.7,21.7,0,1.8,29.5,83,0,0,0,0.5,8.6,620.5,87,0,0,28.8,64,31.3,21.3
2026-07-18T22:00:00+05:30,2026-07-18 22:00:00,24,24.7,21.7,0,7.2,29.5,74,0,0,0,0.5,8.6,620.5,87,0,0,28.8,64,31.3,21.3
2026-07-18T21:56:00+05:30,2026-07-18 21:56:00,24,24.7,21.7,0,0,29.5,82,0,0,0,0.5,8.6,620.5,87,0,0,28.9,64,31.4,21.4
2026-07-18T21:50:00+05:30,2026-07-18 21:50:00,23.9,24.6,21.8,2.1,7.2,29.5,81,0,0,0,0.5,8.6,620.5,88,0,0,28.9,64,31.4,21.4
2026-07-18T21:45:00+05:30,2026-07-18 21:45:00,23.9,24.6,21.8,0,1.8,29.5,78,0,0,0,0.5,8.6,620.5,88,0,0,29,64,31.7,21.5
2026-07-18T21:40:00+05:30,2026-07-18 21:40:00,23.9,24.7,22,0,0,29.5,83,0,0,0,0.5,8.6,620.5,89,0,0,29,64,31.7,21.5
2026-07-18T21:35:00+05:30,2026-07-18 21:35:00,23.8,24.5,21.9,0,1.8,29.5,72,0,0,0,0.5,8.6,620.5,89,0,0,29,64,31.7,21.5
2026-07-18T21:30:00+05:30,2026-07-18 21:30:00,23.8,24.5,21.9,0,0,29.5,71,0,0,0,0.5,8.6,620.5,89,0,0,29,64,31.7,21.5
2026-07-18T21:25:00+05:30,2026-07-18 21:25:00,24,24.8,22.1,0,0,29.5,86,0,0,0,0.5,8.6,620.5,89,0,0,29.1,64,31.9,21.6
2026-07-18T21:20:00+05:30,2026-07-18 21:20:00,24,24.8,22.1,0,1.8,29.5,70,0,0,0,0.5,8.6,620.5,89,0,0,29.1,64,31.9,21.6
2026-07-18T21:15:00+05:30,2026-07-18 21:15:00,24,24.8,22.1,0,0,29.5,73,0,0,0,0.5,8.6,620.5,89,0,0,29.2,64,32.1,21.7
2026-07-18T21:10:00+05:30,2026-07-18 21:10:00,24,24.8,22.1,0,0,29.5,84,0,0,0,0.5,8.6,620.5,89,0,0,29.2,64,32.1,21.7
2026-07-18T21:05:00+05:30,2026-07-18 21:05:00,24.2,25,22.1,1.4,3.5,29.5,91,0,0,0,0.5,8.6,620.5,88,0,0,29.2,63,31.9,21.4
2026-07-18T21:00:00+05:30,2026-07-18 21:00:00,24.2,25,22.1,0,0,29.5,73,0,0,0,0.5,8.6,620.5,88,0,0,29.3,63,32,21.5
2026-07-18T20:55:00+05:30,2026-07-18 20:55:00,24.2,25,22.1,0,3.5,29.5,72,0,0,0,0.5,8.6,620.5,88,0,0,29.3,63,32,21.5
2026-07-18T20:50:00+05:30,2026-07-18 20:50:00,24.2,25,22.1,0,3.5,29.5,84,0,0,0,0.5,8.6,620.5,88,0,0,29.3,64,32.2,21.7
2026-07-18T20:45:00+05:30,2026-07-18 20:45:00,24.2,25,22.3,2.1,5.5,29.5,75,0,0,0,0.5,8.6,620.5,89,0,0,29.4,63,32.2,21.6
2026-07-18T20:40:00+05:30,2026-07-18 20:40:00,24.4,25.2,22.5,0,5.5,29.5,70,0,0,0,0.5,8.6,620.5,89,0,0,29.4,63,32.2,21.6
2026-07-18T20:36:00+05:30,2026-07-18 20:36:00,24.3,25.1,22.3,0,0,29.5,73,0,0,0,0.5,8.6,620.5,89,0,0,29.4,63,32.2,21.6
2026-07-18T20:30:00+05:30,2026-07-18 20:30:00,24.5,25.3,22.4,0,1.8,29.5,75,0,0,0,0.5,8.6,620.5,88,0,0,29.5,63,32.4,21.7
2026-07-18T20:25:00+05:30,2026-07-18 20:25:00,24.5,25.3,22.4,0,0,29.5,70,0,0,0,0.5,8.6,620.5,88,0,0,29.5,63,32.4,21.7
2026-07-18T20:20:00+05:30,2026-07-18 20:20:00,24.6,25.4,22.5,0,1.8,29.5,75,0,0,0,0.5,8.6,620.5,88,0,0,29.5,63,32.4,21.7
2026-07-18T20:15:00+05:30,2026-07-18 20:15:00,24.6,25.4,22.5,0,0,29.5,71,0,0,0,0.5,8.6,620.5,88,0,0,29.5,63,32.4,21.7
2026-07-18T20:10:00+05:30,2026-07-18 20:10:00,24.7,25.5,22.6,0,0,29.5,70,0,0,0,0.5,8.6,620.5,88,0,0,29.6,63,32.7,21.8
2026-07-18T20:05:00+05:30,2026-07-18 20:05:00,24.7,25.5,22.6,0,0,29.5,72,0,0,0,0.5,8.6,620.5,88,0,0,29.6,63,32.7,21.8
2026-07-18T20:00:00+05:30,2026-07-18 20:00:00,24.8,25.6,22.6,0,0,29.5,72,0,0,0,0.5,8.6,620.5,88,0,0,29.6,63,32.7,21.8
2026-07-18T19:55:00+05:30,2026-07-18 19:55:00,24.7,25.5,22.6,0,0,29.5,71,0,0,0,0.5,8.6,620.5,88,0,0,29.6,63,32.7,21.8
2026-07-18T19:50:00+05:30,2026-07-18 19:50:00,24.8,25.6,22.5,0,0,29.5,72,0,0,0,0.5,8.6,620.5,87,0,0,29.7,63,32.9,21.9
2026-07-18T19:45:00+05:30,2026-07-18 19:45:00,24.8,25.6,22.6,0,5.5,29.5,86,0,0,0,0.5,8.6,620.5,88,0,0,29.7,62,32.7,21.7
2026-07-18T19:40:00+05:30,2026-07-18 19:40:00,24.8,25.6,22.5,4,7.2,29.5,96,0,0,0,0.5,8.6,620.5,87,0,0,29.8,62,32.8,21.7
2026-07-18T19:35:00+05:30,2026-07-18 19:35:00,24.9,25.7,22.6,2.1,3.5,29.5,98,0,0,0,0.5,8.6,620.5,87,0,0,29.8,62,32.8,21.7
2026-07-18T19:31:00+05:30,2026-07-18 19:31:00,25,25.8,22.5,0,5.5,29.5,80,0,0,0,0.5,8.6,620.5,86,0,0,29.8,62,32.8,21.7
2026-07-18T19:25:00+05:30,2026-07-18 19:25:00,25,25.8,22.5,0,0,29.5,72,0,0,0,0.5,8.6,620.5,86,0,0,29.9,62,33,21.8
2026-07-18T19:20:00+05:30,2026-07-18 19:20:00,25.2,26,22.7,0,3.5,29.5,73,0,0,0,0.5,8.6,620.5,86,0,0,29.9,62,33,21.8
2026-07-18T19:15:00+05:30,2026-07-18 19:15:00,25.3,26.1,22.6,0,3.5,29.5,73,0,0,0,0.5,8.6,620.5,85,0,0,29.9,62,33,21.8
2026-07-18T19:10:00+05:30,2026-07-18 19:10:00,25.4,26.2,22.5,1.1,5.5,29.5,84,0,0,0,0.5,8.6,620.5,84,0,0,29.9,62,33,21.8
2026-07-18T19:05:00+05:30,2026-07-18 19:05:00,25.4,26.2,22.5,0,0,29.5,90,0,0,0,0.5,8.6,620.5,84,0,0,30,61,33.1,21.7
2026-07-18T19:00:00+05:30,2026-07-18 19:00:00,25.6,26.4,22.5,1.1,3.5,29.5,90,0,0,0,0.5,8.6,620.5,83,0,0,30,61,33.1,21.7
2026-07-18T18:55:00+05:30,2026-07-18 18:55:00,25.7,26.5,22.6,4,5.5,29.5,106,0,0,0,0.5,8.6,620.5,83,0,0,30,61,33.1,21.7
2026-07-18T18:50:00+05:30,2026-07-18 18:50:00,25.7,26.5,22.6,0,0,29.5,71,0,0,0,0.5,8.6,620.5,83,0,0,30.1,61,33.3,21.7
2026-07-18T18:45:00+05:30,2026-07-18 18:45:00,25.7,26.5,22.4,0,5.5,29.5,71,0,0,0,0.5,8.6,620.5,82,0,0,30.1,61,33.3,21.7
2026-07-18T18:40:00+05:30,2026-07-18 18:40:00,25.8,26.6,22.5,0,7.2,29.5,81,0,0,0,0.5,8.6,620.5,82,0,0.1,30.1,61,33.3,21.7
2026-07-18T18:35:00+05:30,2026-07-18 18:35:00,25.9,26.7,22.6,5.8,7.2,29.5,99,0,0,0,0.5,8.6,620.5,82,0,0.5,30.2,61,33.5,21.8
2026-07-18T18:30:00+05:30,2026-07-18 18:30:00,26.1,26.9,22.6,3.5,5.5,29.5,104,0,0,0,0.5,8.6,620.5,81,0,1.6,30.2,61,33.5,21.8
2026-07-18T18:26:00+05:30,2026-07-18 18:26:00,26.1,26.9,22.6,4,11.1,29.5,72,0,0,0,0.5,8.6,620.5,81,0,3.1,30.3,60,33.4,21.6
2026-07-18T18:20:00+05:30,2026-07-18 18:20:00,26.2,27,22.5,7.6,18.3,29.5,103,0,0,0,0.5,8.6,620.5,80,0,5.3,30.4,60,33.6,21.7
2026-07-18T18:15:00+05:30,2026-07-18 18:15:00,26.3,27.1,22.5,4,11.1,29.5,69,0,0,0,0.5,8.6,620.5,80,0,7.6,30.4,60,33.6,21.7
2026-07-18T18:10:00+05:30,2026-07-18 18:10:00,26.4,27.2,22.7,2.1,9.3,29.5,92,0,0,0,0.5,8.6,620.5,80,0,9.8,30.5,60,33.8,21.8
2026-07-18T18:05:00+05:30,2026-07-18 18:05:00,26.5,27.3,22.6,1.1,9.3,29.5,78,0,0,0,0.5,8.6,620.5,79,0,11.5,30.6,60,34.1,21.9
2026-07-18T18:00:00+05:30,2026-07-18 18:00:00,26.6,27.4,22.4,3.5,13,29.5,107,0,0,0,0.5,8.6,620.5,78,0,15.3,30.7,60,34.3,22.1
2026-07-18T17:55:00+05:30,2026-07-18 17:55:00,26.6,27.4,22.4,0.3,5.5,29.5,63,0,0,0,0.5,8.6,620.5,78,0,16.1,30.7,60,34.3,22.1
2026-07-18T17:50:00+05:30,2026-07-18 17:50:00,26.7,29,22.6,1.1,18.3,29.5,68,0,0,0,0.5,8.6,620.5,78,0,17.1,30.7,60,34.3,22.1
2026-07-18T17:45:00+05:30,2026-07-18 17:45:00,26.8,29.1,22.6,1.1,7.2,29.5,74,0,0,0,0.5,8.6,620.5,78,0,19.2,30.8,60,34.4,22.1
2026-07-18T17:40:00+05:30,2026-07-18 17:40:00,26.9,29.3,22.7,0,7.2,29.5,92,0,0,0,0.5,8.6,620.5,78,0,22.9,30.8,60,34.4,22.1
2026-07-18T17:35:00+05:30,2026-07-18 17:35:00,27.2,29.9,22.8,0,3.5,29.5,67,0,0,0,0.5,8.6,620.5,77,0,25.6,30.9,59,34.4,21.9
2026-07-18T17:30:00+05:30,2026-07-18 17:30:00,27.2,29.9,22.8,0,5.5,29.5,71,0,0,0,0.5,8.6,620.5,77,0,29,30.9,59,34.4,21.9
2026-07-18T17:25:00+05:30,2026-07-18 17:25:00,27.6,30.6,23,5.8,16.6,29.5,150,0,0,0,0.5,8.6,620.5,76,0,34.6,31,59,34.6,22.1
2026-07-18T17:20:00+05:30,2026-07-18 17:20:00,27.7,30.9,23.1,0.3,14.8,29.5,110,0,0,0,0.5,8.6,620.5,76,0,39.8,31,59,34.6,22.1
2026-07-18T17:15:00+05:30,2026-07-18 17:15:00,28,31.2,22.9,3.5,9.3,29.5,64,0,0,0,0.5,8.6,620.5,74,0,53,31,59,34.6,22.1
2026-07-18T17:10:00+05:30,2026-07-18 17:10:00,28.5,32.2,23.2,7.9,9.3,29.5,119,0,0,0,0.5,8.6,620.5,73,0,72,31.1,59,34.8,22.1
2026-07-18T17:05:00+05:30,2026-07-18 17:05:00,28.8,32.4,23,3.5,5.5,29.5,65,0,0,0,0.5,8.6,620.5,71,0,90.7,31.1,59,34.8,22.1
2026-07-18T17:00:00+05:30,2026-07-18 17:00:00,29,32.9,23.2,2.1,11.1,29.5,84,0,0,0,0.5,8.6,620.5,71,0,101.9,31.1,59,34.8,22.1
2026-07-18T16:55:00+05:30,2026-07-18 16:55:00,28.9,32.5,22.9,0,11.1,29.5,89,0,0,0,0.5,8.6,620.5,70,1,114.6,31.1,58,34.6,21.8
2026-07-18T16:50:00+05:30,2026-07-18 16:50:00,29.1,32.8,22.8,1.1,14.8,29.5,72,0,0,0,0.5,8.6,620.5,69,1,127.5,31.1,58,34.6,21.8
2026-07-18T16:45:00+05:30,2026-07-18 16:45:00,29.4,33.2,22.9,5.5,14.8,29.5,90,0,0,0,0.5,8.6,620.5,68,1,138.8,31.1,58,34.6,21.8
2026-07-18T16:40:00+05:30,2026-07-18 16:40:00,29.5,33.2,22.7,1.4,9.3,29.5,93,0,0,0,0.5,8.6,620.5,67,1,153.9,31.2,58,34.8,21.9
2026-07-18T16:35:00+05:30,2026-07-18 16:35:00,29.4,32.8,22.4,6.1,11.1,29.5,118,0,0,0,0.5,8.6,620.5,66,1,169,31.2,58,34.8,21.9
2026-07-18T16:30:00+05:30,2026-07-18 16:30:00,29.3,32.8,22.5,7.2,13,29.5,47,0,0,0,0.5,8.6,620.5,67,1,183.9,31.2,58,34.8,21.9
2026-07-18T16:25:00+05:30,2026-07-18 16:25:00,29.5,33,22.5,2.1,13,29.5,48,0,0,0,0.5,8.6,620.5,66,1,203.5,31.3,58,34.9,22
2026-07-18T16:20:00+05:30,2026-07-18 16:20:00,29.8,33.6,22.7,7.9,13,29.5,90,0,0,0,0.5,8.6,620.5,66,2,217,31.3,58,34.9,22
2026-07-18T16:15:00+05:30,2026-07-18 16:15:00,29.9,33.6,22.6,1.1,13,29.5,62,0,0,0,0.5,8.6,620.5,65,2,231.9,31.3,58,34.9,22
2026-07-18T16:10:00+05:30,2026-07-18 16:10:00,29.7,33.5,22.7,3.5,5.5,29.5,76,0,0,0,0.5,8.6,620.5,66,2,252.8,31.3,58,34.9,22
2026-07-18T16:05:00+05:30,2026-07-18 16:05:00,30.2,34.4,22.9,11.6,14.8,29.5,125,0,0,0,0.5,8.6,620.5,65,2,271.4,31.3,58,34.9,22
2026-07-18T16:01:00+05:30,2026-07-18 16:01:00,29.8,33.6,22.7,2.6,16.6,29.5,53,0,0,0,0.5,8.6,620.5,66,2,293.3,31.2,58,34.8,21.9
2026-07-18T15:55:00+05:30,2026-07-18 15:55:00,30.3,34.5,22.9,0.6,13,29.5,94,0,0,0,0.5,8.6,620.5,65,3,310.2,31.2,58,34.8,21.9
2026-07-18T15:50:00+05:30,2026-07-18 15:50:00,30.1,34.4,23,2.6,9.3,29.5,65,0,0,0,0.5,8.6,620.5,66,3,329.4,31.2,58,34.8,21.9
2026-07-18T15:45:00+05:30,2026-07-18 15:45:00,30.1,33.9,22.5,0,5.5,29.5,170,0,0,0,0.5,8.6,620.5,64,3,342.2,31.2,58,34.8,21.9
2026-07-18T15:40:00+05:30,2026-07-18 15:40:00,30.4,34.3,22.5,0,16.6,29.5,78,0,0,0,0.5,8.6,620.5,63,3,359.7,31.2,58,34.8,21.9
2026-07-18T15:35:00+05:30,2026-07-18 15:35:00,30.4,34,22.3,1.1,9.3,29.5,113,0,0,0,0.5,8.6,620.5,62,3,375.5,31.2,58,34.8,21.9
2026-07-18T15:30:00+05:30,2026-07-18 15:30:00,30.1,33.7,22.3,6.9,11.1,29.5,80,0,0,0,0.5,8.6,620.5,63,3,394.3,31.2,58,34.8,21.9
2026-07-18T15:25:00+05:30,2026-07-18 15:25:00,30.4,34.3,22.5,1.4,13,29.5,90,0,0,0,0.5,8.6,620.5,63,1,142.7,31.2,58,34.8,21.9
2026-07-18T15:20:00+05:30,2026-07-18 15:20:00,30.6,34.7,22.7,0,7.2,29.5,82,0,0,0,0.5,8.6,620.5,63,3,361.9,31.2,58,34.8,21.9
2026-07-18T15:15:00+05:30,2026-07-18 15:15:00,30.8,34.9,22.6,1.8,11.1,29.5,98,0,0,0,0.5,8.6,620.5,62,4,436.6,31.1,58,34.6,21.8
2026-07-18T15:10:00+05:30,2026-07-18 15:10:00,30.2,33.9,22.4,1.8,9.3,29.5,89,0,0,0,0.5,8.6,620.5,63,4,449.5,31.2,58,34.8,21.9
2026-07-18T15:05:00+05:30,2026-07-18 15:05:00,30.9,35.1,22.7,5.5,14.8,29.5,111,0,0,0,0.5,8.6,620.5,62,4,463.1,31.2,59,35.1,22.2
2026-07-18T15:00:00+05:30,2026-07-18 15:00:00,30.8,34.9,22.6,1.4,9.3,29.5,120,0,0,0,0.5,8.6,620.5,62,4,480.1,31.1,59,34.8,22.1
2026-07-18T14:56:00+05:30,2026-07-18 14:56:00,31.5,36.2,23,7.2,11.1,29.5,156,0,0,0,0.5,8.6,620.5,61,4,501.9,31,59,34.6,22.1
2026-07-18T14:50:00+05:30,2026-07-18 14:50:00,30.9,35.4,23,6.4,14.8,29.5,136,0,0,0,0.5,8.6,620.5,63,5,528.2,31,59,34.6,22.1
2026-07-18T14:45:00+05:30,2026-07-18 14:45:00,30.8,34.9,22.6,0,5.5,29.5,64,0,0,0,0.5,8.6,620.5,62,5,529.3,30.9,59,34.4,21.9
2026-07-18T14:40:00+05:30,2026-07-18 14:40:00,30.8,34.9,22.6,2.1,20.1,29.5,47,0,0,0,0.5,8.6,620.5,62,5,518.3,30.9,59,34.4,21.9
2026-07-18T14:35:00+05:30,2026-07-18 14:35:00,31.1,35.1,22.4,0,13,29.5,60,0,0,0,0.5,8.6,620.5,60,2,291,30.9,59,34.4,21.9
2026-07-18T14:30:00+05:30,2026-07-18 14:30:00,31.2,35.1,22.2,1.4,3.5,29.5,125,0,0,0,0.5,8.6,620.5,59,5,614.3,30.8,59,34.2,21.8
2026-07-18T14:25:00+05:30,2026-07-18 14:25:00,30.9,34.6,22.2,0.3,7.2,29.5,75,0,0,0,0.5,8.6,620.5,60,4,482.4,30.7,59,34.1,21.8
2026-07-18T14:20:00+05:30,2026-07-18 14:20:00,30.9,34.9,22.5,1.1,13,29.5,50,0,0,0,0.5,8.6,620.5,61,5,599.5,30.7,59,34.1,21.8
2026-07-18T14:15:00+05:30,2026-07-18 14:15:00,30.9,34.9,22.5,6.1,20.1,29.5,71,0,0,0,0.5,8.6,620.5,61,6,644.7,30.6,59,33.8,21.7
2026-07-18T14:10:00+05:30,2026-07-18 14:10:00,30.8,34.4,22.1,0,20.1,29.5,73,0,0,0,0.5,8.6,620.5,60,6,658.1,30.6,59,33.8,21.7
2026-07-18T14:05:00+05:30,2026-07-18 14:05:00,31,34.8,22.3,5,13,29.5,50,0,0,0,0.5,8.6,620.5,60,6,666.1,30.5,59,33.6,21.6
2026-07-18T14:00:00+05:30,2026-07-18 14:00:00,30.7,34.3,22,6.1,18.3,29.5,118,0,0,0,0.5,8.6,620.5,60,6,676.9,30.5,59,33.6,21.6
2026-07-18T13:55:00+05:30,2026-07-18 13:55:00,30.9,34.6,22.2,7.2,16.6,29.5,84,0,0,0,0.5,8.6,620.5,60,6,684.6,30.5,60,33.8,21.8
2026-07-18T13:51:00+05:30,2026-07-18 13:51:00,31.2,35.3,22.5,7.2,13,29.5,135,0,0,0,0.5,8.6,620.5,60,6,691.7,30.4,60,33.6,21.7
2026-07-18T13:45:00+05:30,2026-07-18 13:45:00,30.7,34.5,22.3,4,14.8,29.5,53,0,0,0,0.5,8.6,620.5,61,6,707.2,30.4,60,33.6,21.7
2026-07-18T13:40:00+05:30,2026-07-18 13:40:00,30.7,34.3,22,7.9,13,29.5,63,0,0,0,0.5,8.6,620.5,60,6,713.7,30.3,61,33.6,21.9
2026-07-18T13:35:00+05:30,2026-07-18 13:35:00,30.8,35.1,22.9,6.4,16.6,29.5,74,0,0,0,0.5,8.6,620.5,63,7,728.7,30.2,61,33.5,21.8
2026-07-18T13:30:00+05:30,2026-07-18 13:30:00,30.9,35.4,23,7.6,16.6,29.5,127,0,0,0,0.5,8.6,620.5,63,7,763.3,30.2,61,33.5,21.8
2026-07-18T13:25:00+05:30,2026-07-18 13:25:00,30.7,35,22.9,2.1,14.8,29.5,82,0,0,0,0.5,8.6,620.5,63,7,740.9,30.1,61,33.3,21.7
2026-07-18T13:20:00+05:30,2026-07-18 13:20:00,30.8,35.4,23.2,5,29.5,29.5,70,0,0,0,0.5,8.6,620.5,64,7,743.2,30,61,33.1,21.7
2026-07-18T13:15:00+05:30,2026-07-18 13:15:00,31.1,35.1,22.4,6.9,13,23.8,61,0,0,0,0.5,8.6,620.5,60,7,780.3,30,61,33.1,21.7
2026-07-18T13:10:00+05:30,2026-07-18 13:10:00,30.8,34.9,22.6,3.2,13,23.8,90,0,0,0,0.5,8.6,620.5,62,7,767.6,29.9,62,33,21.8
2026-07-18T13:05:00+05:30,2026-07-18 13:05:00,30.5,34.3,22.4,6.4,13,23.8,71,0,0,0,0.5,8.6,620.5,62,7,779.5,29.8,62,32.8,21.7
2026-07-18T13:00:00+05:30,2026-07-18 13:00:00,30.5,34.5,22.6,6.1,18.3,23.8,81,0,0,0,0.5,8.6,620.5,63,7,785.9,29.8,62,32.8,21.7
2026-07-18T12:55:00+05:30,2026-07-18 12:55:00,30.6,34.5,22.5,1.4,14.8,23.8,97,0,0,0,0.5,8.6,620.5,62,7,802.5,29.7,62,32.7,21.7
2026-07-18T12:50:00+05:30,2026-07-18 12:50:00,30.7,35,22.9,0.6,13,23.8,82,0,0,0,0.5,8.6,620.5,63,7,816.5,29.6,62,32.5,21.6
2026-07-18T12:45:00+05:30,2026-07-18 12:45:00,30.2,34.1,22.6,10.5,14.8,23.8,121,0,0,0,0.5,8.6,620.5,64,7,789.4,29.5,62,32.3,21.4
2026-07-18T12:40:00+05:30,2026-07-18 12:40:00,30,33.7,22.4,4,23.8,23.8,87,0,0,0,0.5,8.6,620.5,64,7,808.1,29.4,62,32.1,21.3
2026-07-18T12:35:00+05:30,2026-07-18 12:35:00,30.8,34.6,22.4,4.3,16.6,23.8,90,0,0,0,0.5,8.6,620.5,61,7,808.3,29.3,62,31.8,21.2
2026-07-18T12:31:00+05:30,2026-07-18 12:31:00,31,35.1,22.6,2.1,11.1,23.8,60,0,0,0,0.5,8.6,620.5,61,8,852.3,29.3,63,32,21.5
2026-07-18T12:25:00+05:30,2026-07-18 12:25:00,30.7,34.7,22.6,7.9,9.3,23.8,104,0,0,0,0.5,8.6,620.5,62,8,881.1,29.2,63,31.9,21.4
2026-07-18T12:20:00+05:30,2026-07-18 12:20:00,30.4,34.5,22.8,6.1,16.6,23.8,139,0,0,0,0.5,8.6,620.5,64,8,846.1,29.1,63,31.7,21.3
2026-07-18T12:15:00+05:30,2026-07-18 12:15:00,30.4,34,22.3,9,13,23.8,141,0,0,0,0.5,8.6,620.5,62,7,811.3,29,63,31.5,21.2
2026-07-18T12:10:00+05:30,2026-07-18 12:10:00,30,33.4,22.2,8.2,16.6,23.8,89,0,0,0,0.5,8.6,620.5,63,8,831.2,29,63,31.5,21.2
2026-07-18T12:05:00+05:30,2026-07-18 12:05:00,30.5,34,22.1,13.7,21.9,21.9,120,0,0,0,0.5,8.6,620.5,61,8,857.6,28.9,63,31.3,21.1
2026-07-18T12:00:00+05:30,2026-07-18 12:00:00,30,33.4,22.2,0,13,21.9,91,0,0,0,0.5,8.6,620.5,63,8,826.2,28.8,64,31.3,21.3
2026-07-18T11:55:00+05:30,2026-07-18 11:55:00,30.6,34.7,22.7,5.8,14.8,21.9,85,0,0,0,0.5,8.6,620.5,63,8,843.2,28.7,64,31.2,21.2
2026-07-18T11:50:00+05:30,2026-07-18 11:50:00,30.4,34.3,22.5,1.1,5.5,21.9,74,0,0,0,0.5,8.6,620.5,63,8,843.9,28.6,64,30.9,21.1
2026-07-18T11:45:00+05:30,2026-07-18 11:45:00,30.1,33.5,22,11.1,13,21.9,154,0,0,0,0.5,8.6,620.5,62,8,876.3,28.5,64,30.8,21
2026-07-18T11:40:00+05:30,2026-07-18 11:40:00,29.6,32.9,22.1,3.2,3.5,21.9,76,0,0,0,0.5,8.6,620.5,64,8,878.9,28.4,64,30.6,20.9
2026-07-18T11:35:00+05:30,2026-07-18 11:35:00,29.9,33.4,22.3,1.4,11.1,21.9,54,0,0,0,0.5,8.6,620.5,64,3,340.7,28.3,65,30.5,21.1
2026-07-18T11:30:00+05:30,2026-07-18 11:30:00,30,33.7,22.4,3.2,7.2,21.9,153,0,0,0,0.5,8.6,620.5,64,8,826.8,28.2,65,30.4,21
2026-07-18T11:26:00+05:30,2026-07-18 11:26:00,29.7,33.3,22.4,2.9,11.1,21.9,120,0,0,0,0.5,8.6,620.5,65,7,756.6,28.2,65,30.4,21
2026-07-18T11:20:00+05:30,2026-07-18 11:20:00,29.8,33.2,22.2,5.5,7.2,21.9,110,0,0,0,0.5,8.6,620.5,64,7,798.6,28.1,65,30.2,20.9
2026-07-18T11:15:00+05:30,2026-07-18 11:15:00,29.4,32.8,22.4,0,11.1,21.9,65,0,0,0,0.5,8.6,620.5,66,2,268,28,65,30.1,20.8
2026-07-18T11:10:00+05:30,2026-07-18 11:10:00,29.5,33,22.5,6.4,11.1,21.9,31,0,0,0,0.5,8.6,620.5,66,8,861.6,27.9,65,29.8,20.7
2026-07-18T11:05:00+05:30,2026-07-18 11:05:00,29,32.2,22.2,3.5,14.8,21.9,69,0,0,0,0.5,8.6,620.5,67,8,867.9,27.8,65,29.7,20.6
2026-07-18T11:00:00+05:30,2026-07-18 11:00:00,29.5,32.8,22.2,5.8,13,21.9,70,0,0,0,0.5,8.6,620.5,65,7,812.7,27.8,65,29.7,20.6
2026-07-18T10:55:00+05:30,2026-07-18 10:55:00,29,32,22,2.6,16.6,21.9,81,0,0,0,0.5,8.6,620.5,66,8,821.7,27.7,65,29.6,20.6
2026-07-18T10:50:00+05:30,2026-07-18 10:50:00,29.3,32.4,22,6.9,9.3,20.1,95,0,0,0,0.5,8.6,620.5,65,7,742.3,27.6,65,29.4,20.4
2026-07-18T10:45:00+05:30,2026-07-18 10:45:00,29.3,32.4,22,4.7,7.2,20.1,71,0,0,0,0.5,8.6,620.5,65,8,825.8,27.6,65,29.4,20.4
2026-07-18T10:40:00+05:30,2026-07-18 10:40:00,28.5,31.4,22,7.2,20.1,20.1,103,0,0,0,0.5,8.6,620.5,68,7,812.4,27.5,66,29.3,20.6
2026-07-18T10:35:00+05:30,2026-07-18 10:35:00,29,32,22,0,7.2,18.3,70,0,0,0,0.5,8.6,620.5,66,7,793.5,27.4,66,29.1,20.4
2026-07-18T10:30:00+05:30,2026-07-18 10:30:00,28.9,32,22.1,3.2,9.3,18.3,56,0,0,0,0.5,8.6,620.5,67,7,769.5,27.4,66,29.1,20.4
2026-07-18T10:25:00+05:30,2026-07-18 10:25:00,28.3,31.1,22,0.3,7.2,18.3,155,0,0,0,0.5,8.6,620.5,69,7,752.3,27.3,66,28.9,20.3
2026-07-18T10:21:00+05:30,2026-07-18 10:21:00,28.1,30.7,21.9,1.1,9.3,18.3,74,0,0,0,0.5,8.6,620.5,69,7,739.3,27.2,66,28.9,20.3
2026-07-18T10:15:00+05:30,2026-07-18 10:15:00,28.1,30.7,21.9,5.5,9.3,16.6,106,0,0,0,0.5,8.6,620.5,69,7,732.4,27.2,67,28.9,20.6
2026-07-18T10:10:00+05:30,2026-07-18 10:10:00,28,30.8,22.2,2.1,14.8,16.6,88,0,0,0,0.5,8.6,620.5,71,7,728.2,27.2,67,28.9,20.6
2026-07-18T10:05:00+05:30,2026-07-18 10:05:00,28,30.7,22,0,3.5,16.6,66,0,0,0,0.5,8.6,620.5,70,6,689.2,27.1,67,28.8,20.4
2026-07-18T10:00:00+05:30,2026-07-18 10:00:00,27.9,30.6,22.1,8.2,14.8,14.8,108,0,0,0,0.5,8.6,620.5,71,3,383.5,27.1,67,28.8,20.4
2026-07-18T09:55:00+05:30,2026-07-18 09:55:00,27.9,30.6,22.1,6.9,11.1,14.8,86,0,0,0,0.5,8.6,620.5,71,6,705.2,27,67,28.6,20.3
2026-07-18T09:50:00+05:30,2026-07-18 09:50:00,27.9,30.7,22.4,4.7,7.2,14.8,77,0,0,0,0.5,8.6,620.5,72,6,716.2,27,67,28.6,20.3
2026-07-18T09:45:00+05:30,2026-07-18 09:45:00,27.2,29.6,22.2,0,11.1,14.8,85,0,0,0,0.5,8.6,620.5,74,5,583.8,27,67,28.6,20.3
2026-07-18T09:40:00+05:30,2026-07-18 09:40:00,27.2,29.6,22.2,4.7,7.2,14.8,112,0,0,0,0.5,8.6,620.5,74,3,371,27,68,28.7,20.6
2026-07-18T09:35:00+05:30,2026-07-18 09:35:00,26.9,28.9,21.6,8.7,11.1,14.8,101,0,0,0,0.5,8.6,620.5,73,6,618.8,26.9,68,28.5,20.4
2026-07-18T09:30:00+05:30,2026-07-18 09:30:00,26.4,27.1,22,6.4,11.1,14.8,80,0,0,0,0.5,8.6,620.5,77,4,426.6,26.9,68,28.5,20.4
2026-07-18T09:25:00+05:30,2026-07-18 09:25:00,26.7,28.9,22.3,5.5,9.3,14.8,87,0,0,0,0.5,8.6,620.5,77,3,343.9,26.9,68,28.5,20.4
2026-07-18T09:20:00+05:30,2026-07-18 09:20:00,26.9,29.2,22.3,0,3.5,14.8,82,0,0,0,0.5,8.6,620.5,76,3,367.1,26.8,68,28.3,20.4
2026-07-18T09:15:00+05:30,2026-07-18 09:15:00,26.4,27.1,22,2.1,7.2,14.8,71,0,0,0,0.5,8.6,620.5,77,3,365.3,26.8,68,28.3,20.4
2026-07-18T09:10:00+05:30,2026-07-18 09:10:00,26.5,27.2,22.1,6.9,11.1,14.8,121,0,0,0,0.5,8.6,620.5,77,4,509.4,26.8,68,28.3,20.4
2026-07-18T09:05:00+05:30,2026-07-18 09:05:00,26.3,27,22.1,7.2,14.8,14.8,102,0,0,0,0.5,8.6,620.5,78,4,457.5,26.8,68,28.3,20.4
2026-07-18T09:00:00+05:30,2026-07-18 09:00:00,26.1,26.8,22,0,7.2,13,70,0,0,0,0.5,8.6,620.5,78,4,437.3,26.7,68,28.3,20.3
2026-07-18T08:55:00+05:30,2026-07-18 08:55:00,26.1,26.8,22.2,7.9,11.1,13,111,0,0,0,0.5,8.6,620.5,79,4,414.3,26.7,68,28.3,20.3
2026-07-18T08:50:00+05:30,2026-07-18 08:50:00,25.9,26.6,22,4.3,11.1,13,94,0,0,0,0.5,8.6,620.5,79,4,416.5,26.7,68,28.3,20.3
2026-07-18T08:45:00+05:30,2026-07-18 08:45:00,25.8,26.5,22.1,2.9,9.3,13,76,0,0,0,0.5,8.6,620.5,80,4,452.2,26.7,68,28.3,20.3
2026-07-18T08:40:00+05:30,2026-07-18 08:40:00,25.5,26.2,22,0,13,13,87,0,0,0,0.5,8.6,620.5,81,3,394.2,26.7,68,28.3,20.3
2026-07-18T08:35:00+05:30,2026-07-18 08:35:00,25.7,26.4,22,4.3,13,13,125,0,0,0,0.5,8.6,620.5,80,3,349.2,26.6,68,27.1,20.2
2026-07-18T08:30:00+05:30,2026-07-18 08:30:00,25.6,26.3,21.9,6.4,11.1,13,111,0,0,0,0.5,8.6,620.5,80,3,359.8,26.6,67,27.1,19.9
2026-07-18T08:25:00+05:30,2026-07-18 08:25:00,25.7,26.4,22,3.5,9.3,13,71,0,0,0,0.5,8.6,620.5,80,2,279.9,26.6,67,27.1,19.9
2026-07-18T08:20:00+05:30,2026-07-18 08:20:00,25.5,26.2,21.8,1.1,1.8,13,86,0,0,0,0.5,8.6,620.5,80,2,297.6,26.6,67,27.1,19.9
2026-07-18T08:15:00+05:30,2026-07-18 08:15:00,25.6,26.3,21.9,2.9,7.2,13,60,0,0,0,0.5,8.6,620.5,80,3,348.3,26.6,67,27.1,19.9
2026-07-18T08:10:00+05:30,2026-07-18 08:10:00,25.9,26.6,22,2.9,7.2,13,88,0,0,0,0.5,8.6,620.5,79,2,270.9,26.5,67,26.9,19.9
2026-07-18T08:05:00+05:30,2026-07-18 08:05:00,25.5,26.2,21.8,0,1.8,13,84,0,0,0,0.5,8.6,620.5,80,2,276.9,26.5,67,26.9,19.9
2026-07-18T08:00:00+05:30,2026-07-18 08:00:00,25.2,25.9,21.7,0,3.5,13,68,0,0,0,0.5,8.6,620.5,81,2,270.7,26.5,67,26.9,19.9
2026-07-18T07:56:00+05:30,2026-07-18 07:56:00,24.8,25.5,21.5,4,7.2,13,81,0,0,0,0.5,8.6,620.5,82,2,244.9,26.5,67,26.9,19.9
2026-07-18T07:50:00+05:30,2026-07-18 07:50:00,24.7,25.4,21.2,0,1.8,13,69,0,0,0,0.5,8.6,620.5,81,2,228.4,26.5,67,26.9,19.9
2026-07-18T07:45:00+05:30,2026-07-18 07:45:00,24.6,25.3,21.3,0,3.5,13,69,0,0,0,0.5,8.6,620.5,82,1,172.1,26.5,67,26.9,19.9
2026-07-18T07:40:00+05:30,2026-07-18 07:40:00,24.6,25.3,21.3,0.6,7.2,13,86,0,0,0,0.5,8.6,620.5,82,1,193.4,26.5,67,26.9,19.9
2026-07-18T07:35:00+05:30,2026-07-18 07:35:00,24.7,25.4,21.2,0,0,13,78,0,0,0,0.5,8.6,620.5,81,1,171.1,26.5,67,26.9,19.9
2026-07-18T07:30:00+05:30,2026-07-18 07:30:00,24.5,25.1,21.2,0,13,13,235,0,0,0,0.5,8.6,620.5,82,1,141.8,26.4,67,26.8,19.8
2026-07-18T07:25:00+05:30,2026-07-18 07:25:00,24.3,25,21.4,0,3.5,9.3,70,0,0,0,0.5,8.6,620.5,84,1,136.4,26.4,67,26.8,19.8
2026-07-18T07:20:00+05:30,2026-07-18 07:20:00,24.3,24.9,21.2,0,0,9.3,134,0,0,0,0.5,8.6,620.5,83,1,115.7,26.4,67,26.8,19.8
2026-07-18T07:15:00+05:30,2026-07-18 07:15:00,23.8,24.4,20.9,0,0,9.3,146,0,0,0,0.5,8.6,620.5,84,0,99.2,26.4,67,26.8,19.8
2026-07-18T07:10:00+05:30,2026-07-18 07:10:00,24,24.7,21.3,0,7.2,9.3,86,0,0,0,0.5,8.6,620.5,85,0,97.2,26.4,67,26.8,19.8
2026-07-18T07:05:00+05:30,2026-07-18 07:05:00,23.9,24.5,21,0,0,9.3,74,0,0,0,0.5,8.6,620.5,84,0,96.3,26.4,67,26.8,19.8
2026-07-18T07:00:00+05:30,2026-07-18 07:00:00,23.9,24.6,21.2,0,1.8,9.3,89,0,0,0,0.5,8.6,620.5,85,0,86.5,26.4,67,26.8,19.8
2026-07-18T06:55:00+05:30,2026-07-18 06:55:00,23.5,24.2,21,0,7.2,9.3,71,0,0,0,0.5,8.6,620.5,86,0,75,26.4,67,26.8,19.8
2026-07-18T06:51:00+05:30,2026-07-18 06:51:00,23.3,23.9,21,0,0,9.3,75,0,0,0,0.5,8.6,620.5,87,0,66.7,26.3,67,26.7,19.7
2026-07-18T06:45:00+05:30,2026-07-18 06:45:00,23.1,23.8,21,0,1.8,9.3,102,0,0,0,0.5,8.6,620.5,88,0,51.7,26.4,67,26.8,19.8
2026-07-18T06:40:00+05:30,2026-07-18 06:40:00,22.9,23.5,20.8,0,0,9.3,73,0,0,0,0.5,8.6,620.5,88,0,41.6,26.4,67,26.8,19.8
2026-07-18T06:35:00+05:30,2026-07-18 06:35:00,22.7,23.4,20.8,0,0,9.3,83,0,0,0,0.5,8.6,620.5,89,0,33.1,26.4,67,26.8,19.8
2026-07-18T06:30:00+05:30,2026-07-18 06:30:00,22.5,23.2,20.8,1.4,9.3,9.3,76,0,0,0,0.5,8.6,620.5,90,0,25.7,26.4,67,26.8,19.8
2026-07-18T06:25:00+05:30,2026-07-18 06:25:00,22.4,23,20.7,2.1,7.2,9.3,103,0,0,0,0.5,8.6,620.5,90,0,18.6,26.4,67,26.8,19.8
2026-07-18T06:20:00+05:30,2026-07-18 06:20:00,22.4,23.1,20.8,0,0,9.3,69,0,0,0,0.5,8.6,620.5,91,0,14,26.4,67,26.8,19.8
2026-07-18T06:15:00+05:30,2026-07-18 06:15:00,22.4,23.1,20.8,0,3.5,9.3,76,0,0,0,0.5,8.6,620.5,91,0,10.6,26.4,67,26.8,19.8
2026-07-18T06:10:00+05:30,2026-07-18 06:10:00,22.4,23.1,20.8,0,0,9.3,68,0,0,0,0.5,8.6,620.5,91,0,6.8,26.4,67,26.8,19.8
2026-07-18T06:05:00+05:30,2026-07-18 06:05:00,22.5,23.2,20.8,0.6,5.5,9.3,110,0,0,0,0.5,8.6,620.5,90,0,3.8,26.4,67,26.8,19.8
2026-07-18T06:00:00+05:30,2026-07-18 06:00:00,22.4,23,20.7,0,1.8,9.3,73,0,0,0,0.5,8.6,620.5,90,0,2.2,26.4,67,26.8,19.8
2026-07-18T05:55:00+05:30,2026-07-18 05:55:00,22.4,23.1,20.8,2.6,3.5,9.3,105,0,0,0,0.5,8.6,620.5,91,0,1.1,26.4,67,26.8,19.8
2026-07-18T05:50:00+05:30,2026-07-18 05:50:00,22.4,23.1,20.8,4.3,5.5,9.3,93,0,0,0,0.5,8.6,620.5,91,0,0.5,26.5,67,26.9,19.9
2026-07-18T05:46:00+05:30,2026-07-18 05:46:00,22.4,23.1,20.8,0,0,9.3,77,0,0,0,0.5,8.6,620.5,91,0,0.2,26.5,67,26.9,19.9
2026-07-18T05:40:00+05:30,2026-07-18 05:40:00,22.5,23.2,20.8,0,5.5,9.3,82,0,0,0,0.5,8.6,620.5,90,0,0,26.5,67,26.9,19.9
2026-07-18T05:35:00+05:30,2026-07-18 05:35:00,22.4,23.1,20.8,0,0,9.3,75,0,0,0,0.5,8.6,620.5,91,0,0,26.5,67,26.9,19.9
2026-07-18T05:30:00+05:30,2026-07-18 05:30:00,22.5,23.2,21,0,1.8,9.3,71,0,0,0,0.5,8.6,620.5,91,0,0,26.5,67,26.9,19.9
2026-07-18T05:25:00+05:30,2026-07-18 05:25:00,22.5,23.2,20.8,0.3,5.5,9.3,71,0,0,0,0.5,8.6,620.5,90,0,0,26.5,67,26.9,19.9
2026-07-18T05:20:00+05:30,2026-07-18 05:20:00,22.4,23.1,20.8,0,9.3,9.3,66,0,0,0,0.5,8.6,620.5,91,0,0,26.6,67,27.1,19.9
2026-07-18T05:15:00+05:30,2026-07-18 05:15:00,22.4,23.1,20.8,0,0,9.3,67,0,0,0,0.5,8.6,620.5,91,0,0,26.6,67,27.1,19.9
2026-07-18T05:10:00+05:30,2026-07-18 05:10:00,22.4,23.1,20.8,0,1.8,9.3,72,0,0,0,0.5,8.6,620.5,91,0,0,26.6,66,27.1,19.7
2026-07-18T05:05:00+05:30,2026-07-18 05:05:00,22.4,23.1,20.8,0,0,9.3,88,0,0,0,0.5,8.6,620.5,91,0,0,26.6,66,27.1,19.7
2026-07-18T05:00:00+05:30,2026-07-18 05:00:00,22.5,23.2,21,0,5.5,9.3,73,0,0,0,0.5,8.6,620.5,91,0,0,26.6,66,27.1,19.7
2026-07-18T04:55:00+05:30,2026-07-18 04:55:00,22.4,23.1,20.8,1.4,7.2,9.3,71,0,0,0,0.5,8.6,620.5,91,0,0,26.6,66,27.1,19.7
2026-07-18T04:50:00+05:30,2026-07-18 04:50:00,22.4,23.1,20.8,2.9,5.5,9.3,92,0,0,0,0.5,8.6,620.5,91,0,0,26.6,66,27.1,19.7
2026-07-18T04:45:00+05:30,2026-07-18 04:45:00,22.4,23,20.7,0,3.5,9.3,70,0,0,0,0.5,8.6,620.5,90,0,0,26.6,66,27.1,19.7
2026-07-18T04:41:00+05:30,2026-07-18 04:41:00,22.5,23.2,20.8,0,0,9.3,70,0,0,0,0.5,8.6,620.5,90,0,0,26.6,66,27.1,19.7
2026-07-18T04:35:00+05:30,2026-07-18 04:35:00,22.5,23.2,20.8,0,0,9.3,70,0,0,0,0.5,8.6,620.5,90,0,0,26.6,66,27.1,19.7
2026-07-18T04:30:00+05:30,2026-07-18 04:30:00,22.5,23.1,20.6,0,3.5,9.3,77,0,0,0,0.5,8.6,620.5,89,0,0,26.7,66,28.1,19.8
2026-07-18T04:25:00+05:30,2026-07-18 04:25:00,22.5,23.1,20.6,0,1.8,9.3,80,0,0,0,0.5,8.6,620.5,89,0,0,26.7,66,28.1,19.8
2026-07-18T04:20:00+05:30,2026-07-18 04:20:00,22.5,23.1,20.6,0,0,9.3,74,0,0,0,0.5,8.6,620.5,89,0,0,26.7,65,28.1,19.6
2026-07-18T04:15:00+05:30,2026-07-18 04:15:00,22.6,23.3,20.7,0,1.8,9.3,110,0,0,0,0.5,8.6,620.5,89,0,0,26.7,65,28.1,19.6
2026-07-18T04:10:00+05:30,2026-07-18 04:10:00,22.5,23.1,20.6,2.1,3.5,9.3,72,0,0,0,0.5,8.6,620.5,89,0,0,26.8,65,28.1,19.6
2026-07-18T04:05:00+05:30,2026-07-18 04:05:00,22.5,23.1,20.6,0,5.5,9.3,82,0,0,0,0.5,8.6,620.5,89,0,0,26.8,65,28.1,19.6
2026-07-18T04:00:00+05:30,2026-07-18 04:00:00,22.5,23.1,20.4,0,1.8,9.3,69,0,0,0,0.5,8.6,620.5,88,0,0,26.8,65,28.1,19.6
2026-07-18T03:55:00+05:30,2026-07-18 03:55:00,22.5,23.1,20.4,0,5.5,9.3,75,0,0,0,0.5,8.6,620.5,88,0,0,26.8,65,28.1,19.6
2026-07-18T03:50:00+05:30,2026-07-18 03:50:00,22.5,23.1,20.4,0,7.2,9.3,83,0,0,0,0.5,8.6,620.5,88,0,0,26.8,65,28.1,19.6
2026-07-18T03:45:00+05:30,2026-07-18 03:45:00,22.5,23.1,20.4,1.1,7.2,9.3,102,0,0,0,0.5,8.6,620.5,88,0,0,26.8,65,28.1,19.6
2026-07-18T03:40:00+05:30,2026-07-18 03:40:00,22.5,23.1,20.4,0,7.2,9.3,86,0,0,0,0.5,8.6,620.5,88,0,0,26.9,65,28.3,19.7
2026-07-18T03:35:00+05:30,2026-07-18 03:35:00,22.5,23.1,20.4,0,5.5,7.2,91,0,0,0,0.5,8.6,620.5,88,0,0,26.9,65,28.3,19.7
2026-07-18T03:30:00+05:30,2026-07-18 03:30:00,22.5,23.1,20.4,0,0,7.2,72,0,0,0,0.5,8.6,620.5,88,0,0,26.9,65,28.3,19.7
2026-07-18T03:25:00+05:30,2026-07-18 03:25:00,22.4,23,20.3,0,0,7.2,69,0,0,0,0.5,8.6,620.5,88,0,0,27,65,28.4,19.8
2026-07-18T03:20:00+05:30,2026-07-18 03:20:00,22.4,23,20.3,0,1.8,7.2,82,0,0,0,0.5,8.6,620.5,88,0,0,26.9,65,28.3,19.7
2026-07-18T03:15:00+05:30,2026-07-18 03:15:00,22.3,22.9,20.4,0,0,7.2,77,0,0,0,0.5,8.6,620.5,89,0,0,26.9,65,28.3,19.7
2026-07-18T03:10:00+05:30,2026-07-18 03:10:00,22.3,22.9,20.4,0,0,7.2,70,0,0,0,0.5,8.6,620.5,89,0,0,27,65,28.4,19.8
2026-07-18T03:05:00+05:30,2026-07-18 03:05:00,22.3,22.9,20.4,0,0,7.2,74,0,0,0,0.5,8.6,620.5,89,0,0,27,65,28.4,19.8
2026-07-18T03:00:00+05:30,2026-07-18 03:00:00,22.3,22.9,20.4,0,0,7.2,70,0,0,0,0.5,8.6,620.5,89,0,0,27,65,28.4,19.8
2026-07-18T02:55:00+05:30,2026-07-18 02:55:00,22.1,22.7,20.4,0,0,7.2,83,0,0,0,0.5,8.6,620.5,90,0,0,27,65,28.4,19.8
2026-07-18T02:50:00+05:30,2026-07-18 02:50:00,21.9,22.5,20.3,0,0,7.2,77,0,0,0,0.5,8.6,620.5,91,0,0,27,65,28.4,19.8
2026-07-18T02:45:00+05:30,2026-07-18 02:45:00,21.9,22.5,20.3,0,0,7.2,79,0,0,0,0.5,8.6,620.5,91,0,0,27.1,65,28.6,19.9
2026-07-18T02:40:00+05:30,2026-07-18 02:40:00,21.9,22.5,20.3,0,0,7.2,65,0,0,0,0.5,8.6,620.5,91,0,0,27.1,65,28.6,19.9
2026-07-18T02:35:00+05:30,2026-07-18 02:35:00,21.9,22.5,20.3,0,0,7.2,71,0,0,0,0.5,8.6,620.5,91,0,0,27.1,65,28.6,19.9
2026-07-18T02:30:00+05:30,2026-07-18 02:30:00,21.8,22.4,20.2,0,0,7.2,70,0,0,0,0.5,8.6,620.5,91,0,0,27.1,65,28.6,19.9
2026-07-18T02:25:00+05:30,2026-07-18 02:25:00,21.8,22.4,20.2,0,0,7.2,66,0,0,0,0.5,8.6,620.5,91,0,0,27.1,65,28.6,19.9
2026-07-18T02:20:00+05:30,2026-07-18 02:20:00,21.7,22.4,20.4,0,0,7.2,83,0,0,0,0.5,8.6,620.5,92,0,0,27.2,65,28.8,20.1
2026-07-18T02:16:00+05:30,2026-07-18 02:16:00,21.8,22.4,20.4,0,0,7.2,69,0,0,0,0.5,8.6,620.5,92,0,0,27.2,65,28.8,20.1
2026-07-18T02:10:00+05:30,2026-07-18 02:10:00,21.8,22.4,20.2,0,0,7.2,76,0,0,0,0.5,8.6,620.5,91,0,0,27.2,65,28.8,20.1
2026-07-18T02:05:00+05:30,2026-07-18 02:05:00,21.7,22.4,20.4,0,0,7.2,73,0,0,0,0.5,8.6,620.5,92,0,0,27.2,65,28.8,20.1
2026-07-18T02:00:00+05:30,2026-07-18 02:00:00,21.6,22.2,20.3,0,0,7.2,79,0,0,0,0.5,8.6,620.5,92,0,0,27.3,64,28.8,19.8
2026-07-18T01:55:00+05:30,2026-07-18 01:55:00,21.7,22.4,20.5,0,0,7.2,65,0,0,0,0.5,8.6,620.5,93,0,0,27.3,64,28.8,19.8
2026-07-18T01:50:00+05:30,2026-07-18 01:50:00,21.8,22.4,20.4,0,0,7.2,75,0,0,0,0.5,8.6,620.5,92,0,0,27.4,64,28.9,19.9
2026-07-18T01:45:00+05:30,2026-07-18 01:45:00,21.9,22.5,20.3,0,0,7.2,72,0,0,0,0.5,8.6,620.5,91,0,0,27.4,64,28.9,19.9
2026-07-18T01:40:00+05:30,2026-07-18 01:40:00,21.8,22.4,20.2,0,0,7.2,70,0,0,0,0.5,8.6,620.5,91,0,0,27.4,64,28.9,19.9
2026-07-18T01:35:00+05:30,2026-07-18 01:35:00,21.9,22.5,20.3,0,0,7.2,70,0,0,0,0.5,8.6,620.5,91,0,0,27.4,64,28.9,19.9
2026-07-18T01:30:00+05:30,2026-07-18 01:30:00,22,22.6,20.5,0,0,7.2,63,0,0,0,0.5,8.6,620.5,91,0,0,27.5,64,29.1,20.1
2026-07-18T01:25:00+05:30,2026-07-18 01:25:00,22.1,22.8,20.6,0,0,7.2,70,0,0,0,0.5,8.6,620.5,91,0,0,27.5,64,29.1,20.1
2026-07-18T01:20:00+05:30,2026-07-18 01:20:00,22.1,22.7,20.4,0,0,7.2,70,0,0,0,0.5,8.6,620.5,90,0,0,27.5,64,29.1,20.1
2026-07-18T01:15:00+05:30,2026-07-18 01:15:00,22.2,22.9,20.5,0,0,7.2,79,0,0,0,0.5,8.6,620.5,90,0,0,27.5,64,29.1,20.1
2026-07-18T01:11:00+05:30,2026-07-18 01:11:00,22.2,22.9,20.5,0,0,7.2,70,0,0,0,0.5,8.6,620.5,90,0,0,27.5,64,29.1,20.1
2026-07-18T01:05:00+05:30,2026-07-18 01:05:00,22.3,22.9,20.6,0,0,7.2,74,0,0,0,0.5,8.6,620.5,90,0,0,27.5,64,29.1,20.1
2026-07-18T01:00:00+05:30,2026-07-18 01:00:00,22.4,23,20.5,0,0,7.2,69,0,0,0,0.5,8.6,620.5,89,0,0,27.6,64,29.3,20.2
2026-07-18T00:55:00+05:30,2026-07-18 00:55:00,22.5,23.1,20.6,0,0,7.2,79,0,0,0,0.5,8.6,620.5,89,0,0,27.6,64,29.3,20.2
2026-07-18T00:50:00+05:30,2026-07-18 00:50:00,22.5,23.1,20.4,0,0,7.2,74,0,0,0,0.5,8.6,620.5,88,0,0,27.6,64,29.3,20.2
2026-07-18T00:45:00+05:30,2026-07-18 00:45:00,22.4,23,20.5,0,0,7.2,76,0,0,0,0.5,8.6,620.5,89,0,0,27.6,64,29.3,20.2
2026-07-18T00:40:00+05:30,2026-07-18 00:40:00,22.4,23,20.5,0,3.5,7.2,82,0,0,0,0.5,8.6,620.5,89,0,0,27.7,64,29.4,20.3
2026-07-18T00:35:00+05:30,2026-07-18 00:35:00,22.5,23.1,20.6,0,0,0,82,0,0,0,0.5,8.6,620.5,89,0,0,27.7,64,29.4,20.3
2026-07-18T00:30:00+05:30,2026-07-18 00:30:00,22.6,23.2,20.5,0,0,0,86,0,0,0,0.5,8.6,620.5,88,0,0,27.7,64,29.4,20.3
2026-07-18T00:25:00+05:30,2026-07-18 00:25:00,22.5,23.1,20.4,0,0,0,71,0,0,0,0.5,8.6,620.5,88,0,0,27.7,64,29.4,20.3
2026-07-18T00:20:00+05:30,2026-07-18 00:20:00,22.5,23.1,20.6,0,0,0,69,0,0,0,0.5,8.6,620.5,89,0,0,27.8,64,29.6,20.3
2026-07-18T00:15:00+05:30,2026-07-18 00:15:00,22.6,23.3,20.7,0,0,0,75,0,0,0,0.5,8.6,620.5,89,0,0,27.8,64,29.6,20.3
2026-07-18T00:10:00+05:30,2026-07-18 00:10:00,22.9,23.5,20.8,0,0,0,70,0,0,0,0.5,8.6,620.5,88,0,0,27.8,64,29.6,20.3
2026-07-18T00:06:00+05:30,2026-07-18 00:06:00,23.2,23.9,20.9,0,0,0,71,0,0,0,0.5,8.6,620.5,87,0,0,27.9,64,29.7,20.4
2026-07-18T00:00:00+05:30,2026-07-18 00:00:00,23.4,24,20.7,0,5.5,0,72,0,0,0,0.5,8.6,620.5,85,0,0,27.9,64,29.7,20.4
2026-07-17T23:55:00+05:30,2026-07-17 23:55:00,23.3,23.9,20.4,0,5.5,27.7,77,0,0,0,0.5,8.6,620.5,84,0,0,27.9,64,29.7,20.4
2026-07-17T23:50:00+05:30,2026-07-17 23:50:00,23.2,23.9,20.9,0,0,27.7,72,0,0,0,0.5,8.6,620.5,87,0,0,28,64,29.9,20.6
2026-07-17T23:45:00+05:30,2026-07-17 23:45:00,23.4,24,20.7,0,9.3,27.7,76,0,0,0,0.5,8.6,620.5,85,0,0,28,64,29.9,20.6
2026-07-17T23:40:00+05:30,2026-07-17 23:40:00,23,23.6,20.7,0,0,27.7,80,0,0,0,0.5,8.6,620.5,87,0,0,28,64,29.9,20.6
2026-07-17T23:35:00+05:30,2026-07-17 23:35:00,23.1,23.7,20.8,0,0,27.7,70,0,0,0,0.5,8.6,620.5,87,0,0,28,64,29.9,20.6
2026-07-17T23:30:00+05:30,2026-07-17 23:30:00,23.4,24.1,21.1,0,0,27.7,73,0,0,0,0.5,8.6,620.5,87,0,0,28.1,64,30.1,20.7
2026-07-17T23:25:00+05:30,2026-07-17 23:25:00,23.4,24,20.9,0.3,1.8,27.7,77,0,0,0,0.5,8.6,620.5,86,0,0,28.1,64,30.1,20.7
2026-07-17T23:20:00+05:30,2026-07-17 23:20:00,23.3,23.9,20.8,0,3.5,27.7,70,0,0,0,0.5,8.6,620.5,86,0,0,28.1,64,30.1,20.7
2026-07-17T23:15:00+05:30,2026-07-17 23:15:00,23.1,23.8,21.2,0,0,27.7,74,0,0,0,0.5,8.6,620.5,89,0,0,28.2,64,30.3,20.8
2026-07-17T23:10:00+05:30,2026-07-17 23:10:00,23.5,24.2,21.2,0,0,27.7,116,0,0,0,0.5,8.6,620.5,87,0,0,28.3,64,30.4,20.8
2026-07-17T23:05:00+05:30,2026-07-17 23:05:00,23.4,24,20.9,0,0,27.7,78,0,0,0,0.5,8.6,620.5,86,0,0,28.3,64,30.4,20.8
2026-07-17T23:00:00+05:30,2026-07-17 23:00:00,23.1,23.7,20.8,0,1.8,27.7,73,0,0,0,0.5,8.6,620.5,87,0,0,28.3,64,30.4,20.8
2026-07-17T22:55:00+05:30,2026-07-17 22:55:00,23,23.7,21.1,0,0,27.7,76,0,0,0,0.5,8.6,620.5,89,0,0,28.3,64,30.4,20.8
2026-07-17T22:50:00+05:30,2026-07-17 22:50:00,22.9,23.6,21.2,0,0,27.7,73,0,0,0,0.5,8.6,620.5,90,0,0,28.4,64,30.6,20.9
2026-07-17T22:46:00+05:30,2026-07-17 22:46:00,23,23.7,21.3,0,0,27.7,64,0,0,0,0.5,8.6,620.5,90,0,0,28.4,64,30.6,20.9
2026-07-17T22:40:00+05:30,2026-07-17 22:40:00,23,23.7,21.3,0,0,27.7,78,0,0,0,0.5,8.6,620.5,90,0,0,28.5,64,30.8,21
2026-07-17T22:35:00+05:30,2026-07-17 22:35:00,22.9,23.6,21.2,0,0,27.7,74,0,0,0,0.5,8.6,620.5,90,0,0,28.6,64,30.9,21.1
2026-07-17T22:30:00+05:30,2026-07-17 22:30:00,22.9,23.6,21.3,1.4,3.5,27.7,89,0,0,0,0.5,8.6,620.5,91,0,0,28.6,64,30.9,21.1
2026-07-17T22:25:00+05:30,2026-07-17 22:25:00,22.9,23.6,21.3,0,0,27.7,72,0,0,0,0.5,8.6,620.5,91,0,0,28.6,64,30.9,21.1
2026-07-17T22:20:00+05:30,2026-07-17 22:20:00,23,23.7,21.4,0,0,27.7,85,0,0,0,0.5,8.6,620.5,91,0,0,28.7,64,31.2,21.2
2026-07-17T22:15:00+05:30,2026-07-17 22:15:00,22.9,23.6,21.5,0,0,27.7,77,0,0,0,0.5,8.6,620.5,92,0,0,28.7,64,31.2,21.2
2026-07-17T22:10:00+05:30,2026-07-17 22:10:00,22.9,23.6,21.5,0,0,27.7,77,0,0,0,0.5,8.6,620.5,92,0,0,28.7,64,31.2,21.2
2026-07-17T22:05:00+05:30,2026-07-17 22:05:00,23,23.8,21.8,0,0,27.7,71,0,0,0,0.5,8.6,620.5,93,0,0,28.7,64,31.2,21.2
2026-07-17T22:00:00+05:30,2026-07-17 22:00:00,23.2,24,21.8,0,0,27.7,69,0,0,0,0.5,8.6,620.5,92,0,0,28.8,64,31.3,21.3
2026-07-17T21:55:00+05:30,2026-07-17 21:55:00,23.2,24,21.8,0,0,27.7,76,0,0,0,0.5,8.6,620.5,92,0,0,28.8,64,31.3,21.3
2026-07-17T21:50:00+05:30,2026-07-17 21:50:00,23.2,24,21.8,0,0,27.7,74,0,0,0,0.5,8.6,620.5,92,0,0,28.9,64,31.4,21.4
2026-07-17T21:45:00+05:30,2026-07-17 21:45:00,23.1,23.9,21.7,0,0,27.7,70,0,0,0,0.5,8.6,620.5,92,0,0,28.9,64,31.4,21.4
2026-07-17T21:41:00+05:30,2026-07-17 21:41:00,23.2,24,22,0,0,27.7,63,0,0,0,0.5,8.6,620.5,93,0,0,28.9,64,31.4,21.4
2026-07-17T21:35:00+05:30,2026-07-17 21:35:00,23.3,24.1,21.9,0,0,27.7,66,0,0,0,0.5,8.6,620.5,92,0,0,29,64,31.7,21.5
2026-07-17T21:30:00+05:30,2026-07-17 21:30:00,23.3,24.1,21.9,0,0,27.7,72,0,0,0,0.5,8.6,620.5,92,0,0,29,64,31.7,21.5
2026-07-17T21:25:00+05:30,2026-07-17 21:25:00,23.4,24.2,22,0,0,27.7,71,0,0,0,0.5,8.6,620.5,92,0,0,29.1,64,31.9,21.6
2026-07-17T21:20:00+05:30,2026-07-17 21:20:00,23.4,24.2,22,0,0,27.7,72,0,0,0,0.5,8.6,620.5,92,0,0,29.1,64,31.9,21.6
2026-07-17T21:15:00+05:30,2026-07-17 21:15:00,23.6,24.4,22.2,0,0,27.7,71,0,0,0,0.5,8.6,620.5,92,0,0,29.1,64,31.9,21.6
2026-07-17T21:10:00+05:30,2026-07-17 21:10:00,23.5,24.3,22.1,0,0,27.7,70,0,0,0,0.5,8.6,620.5,92,0,0,29.1,64,31.9,21.6
2026-07-17T21:05:00+05:30,2026-07-17 21:05:00,23.6,24.4,22.2,0,0,27.7,99,0,0,0,0.5,8.6,620.5,92,0,0,29.2,64,32.1,21.7
2026-07-17T21:00:00+05:30,2026-07-17 21:00:00,23.6,24.4,22.2,0,0,27.7,81,0,0,0,0.5,8.6,620.5,92,0,0,29.2,64,32.1,21.7
2026-07-17T20:55:00+05:30,2026-07-17 20:55:00,23.7,24.5,22.2,0,0,27.7,80,0,0,0,0.5,8.6,620.5,91,0,0,29.2,64,32.1,21.7
2026-07-17T20:50:00+05:30,2026-07-17 20:50:00,23.7,24.5,22.2,0,0,27.7,71,0,0,0,0.5,8.6,620.5,91,0,0,29.3,63,32,21.5
2026-07-17T20:45:00+05:30,2026-07-17 20:45:00,23.8,24.6,22.2,0,0,27.7,72,0,0,0,0.5,8.6,620.5,91,0,0,29.3,63,32,21.5
2026-07-17T20:40:00+05:30,2026-07-17 20:40:00,23.8,24.6,22.2,0,0,27.7,64,0,0,0,0.5,8.6,620.5,91,0,0,29.4,63,32.2,21.6
2026-07-17T20:36:00+05:30,2026-07-17 20:36:00,23.8,24.6,22.2,0,0,27.7,76,0,0,0,0.5,8.6,620.5,91,0,0,29.4,63,32.2,21.6
2026-07-17T20:30:00+05:30,2026-07-17 20:30:00,23.9,24.7,22.3,0,3.5,27.7,64,0,0,0,0.5,8.6,620.5,91,0,0,29.4,63,32.2,21.6
2026-07-17T20:25:00+05:30,2026-07-17 20:25:00,24,24.8,22.3,0,0,27.7,69,0,0,0,0.5,8.6,620.5,90,0,0,29.4,63,32.2,21.6
2026-07-17T20:20:00+05:30,2026-07-17 20:20:00,24,24.8,22.3,0,0,27.7,71,0,0,0,0.5,8.6,620.5,90,0,0,29.5,63,32.4,21.7
2026-07-17T20:15:00+05:30,2026-07-17 20:15:00,24.1,24.9,22.4,0,0,27.7,96,0,0,0,0.5,8.6,620.5,90,0,0,29.5,63,32.4,21.7
2026-07-17T20:10:00+05:30,2026-07-17 20:10:00,24.1,24.9,22.2,0,3.5,27.7,68,0,0,0,0.5,8.6,620.5,89,0,0,29.5,63,32.4,21.7
2026-07-17T20:05:00+05:30,2026-07-17 20:05:00,24.2,25,22.3,0,0,27.7,84,0,0,0,0.5,8.6,620.5,89,0,0,29.5,62,32.3,21.4
2026-07-17T20:00:00+05:30,2026-07-17 20:00:00,24.2,25,22.3,0,7.2,27.7,80,0,0,0,0.5,8.6,620.5,89,0,0,29.6,62,32.5,21.6
2026-07-17T19:55:00+05:30,2026-07-17 19:55:00,24.4,25.2,22.3,0.3,1.8,27.7,74,0,0,0,0.5,8.6,620.5,88,0,0,29.6,62,32.5,21.6
2026-07-17T19:50:00+05:30,2026-07-17 19:50:00,24.5,25.3,22.4,0,7.2,27.7,72,0,0,0,0.5,8.6,620.5,88,0,0,29.7,62,32.7,21.7
2026-07-17T19:45:00+05:30,2026-07-17 19:45:00,24.6,25.4,22.3,0,0,27.7,80,0,0,0,0.5,8.6,620.5,87,0,0,29.7,62,32.7,21.7
2026-07-17T19:40:00+05:30,2026-07-17 19:40:00,24.6,25.4,22.3,0,0,27.7,75,0,0,0,0.5,8.6,620.5,87,0,0,29.7,62,32.7,21.7
2026-07-17T19:35:00+05:30,2026-07-17 19:35:00,24.6,25.4,22.3,0,0,27.7,76,0,0,0,0.5,8.6,620.5,87,0,0,29.8,62,32.8,21.7
2026-07-17T19:30:00+05:30,2026-07-17 19:30:00,24.7,25.5,22.2,0,1.8,27.7,96,0,0,0,0.5,8.6,620.5,86,0,0,29.8,62,32.8,21.7
2026-07-17T19:25:00+05:30,2026-07-17 19:25:00,24.7,25.5,22.2,0,0,27.7,77,0,0,0,0.5,8.6,620.5,86,0,0,29.9,62,33,21.8
2026-07-17T19:20:00+05:30,2026-07-17 19:20:00,24.9,25.7,22.2,3.5,5.5,27.7,91,0,0,0,0.5,8.6,620.5,85,0,0,29.9,61,32.8,21.6
2026-07-17T19:15:00+05:30,2026-07-17 19:15:00,25,25.8,22.3,0,0,27.7,73,0,0,0,0.5,8.6,620.5,85,0,0,30,61,33.1,21.7
2026-07-17T19:10:00+05:30,2026-07-17 19:10:00,25.1,25.9,22.2,0,3.5,27.7,75,0,0,0,0.5,8.6,620.5,84,0,0,30,61,33.1,21.7
2026-07-17T19:05:00+05:30,2026-07-17 19:05:00,25.3,26.1,22.4,1.1,1.8,27.7,93,0,0,0,0.5,8.6,620.5,84,0,0,30,61,33.1,21.7
2026-07-17T19:00:00+05:30,2026-07-17 19:00:00,25.4,26.2,22.5,0,5.5,27.7,72,0,0,0,0.5,8.6,620.5,84,0,0,30,61,33.1,21.7
2026-07-17T18:55:00+05:30,2026-07-17 18:55:00,25.5,26.3,22.6,0,0,27.7,72,0,0,0,0.5,8.6,620.5,84,0,0,30,61,33.1,21.7
2026-07-17T18:50:00+05:30,2026-07-17 18:50:00,25.6,26.4,22.5,0,1.8,27.7,86,0,0,0,0.5,8.6,620.5,83,0,0,30.1,61,33.3,21.7
2026-07-17T18:45:00+05:30,2026-07-17 18:45:00,25.8,26.6,22.7,0,0,27.7,72,0,0,0,0.5,8.6,620.5,83,0,0.1,30.1,61,33.3,21.7
2026-07-17T18:40:00+05:30,2026-07-17 18:40:00,25.8,26.6,22.5,0,11.1,27.7,86,0,0,0,0.5,8.6,620.5,82,0,0.3,30.2,60,33.3,21.6
2026-07-17T18:35:00+05:30,2026-07-17 18:35:00,26,26.8,22.5,4.7,11.1,27.7,82,0,0,0,0.5,8.6,620.5,81,0,0.8,30.2,60,33.3,21.6
2026-07-17T18:30:00+05:30,2026-07-17 18:30:00,26,26.8,22.5,7.9,13,27.7,90,0,0,0,0.5,8.6,620.5,81,0,1.2,30.2,60,33.3,21.6
2026-07-17T18:25:00+05:30,2026-07-17 18:25:00,26.1,26.9,22.4,0.3,1.8,27.7,73,0,0,0,0.5,8.6,620.5,80,0,2.6,30.3,60,33.4,21.6
2026-07-17T18:20:00+05:30,2026-07-17 18:20:00,26.3,27.1,22.5,0,13,27.7,111,0,0,0,0.5,8.6,620.5,80,0,4.1,30.3,60,33.4,21.6
2026-07-17T18:15:00+05:30,2026-07-17 18:15:00,26.4,27.1,22.4,0,1.8,27.7,82,0,0,0,0.5,8.6,620.5,79,0,4.3,30.3,59,33.2,21.3
2026-07-17T18:11:00+05:30,2026-07-17 18:11:00,26.4,27.1,22.4,0,7.2,27.7,60,0,0,0,0.5,8.6,620.5,79,0,4.8,30.4,59,33.4,21.4
2026-07-17T18:05:00+05:30,2026-07-17 18:05:00,26.6,27.4,22.4,0,1.8,27.7,76,0,0,0,0.5,8.6,620.5,78,0,10.3,30.4,59,33.4,21.4
2026-07-17T18:00:00+05:30,2026-07-17 18:00:00,27,29.4,22.4,2.6,7.2,27.7,91,0,0,0,0.5,8.6,620.5,76,0,16.3,30.4,59,33.4,21.4
2026-07-17T17:55:00+05:30,2026-07-17 17:55:00,27.1,29.4,22.1,0,3.5,27.7,72,0,0,0,0.5,8.6,620.5,74,0,23.6,30.5,58,33.4,21.3
2026-07-17T17:50:00+05:30,2026-07-17 17:50:00,27.1,29.3,21.8,1.4,5.5,27.7,93,0,0,0,0.5,8.6,620.5,73,0,29.9,30.5,58,33.4,21.3
2026-07-17T17:45:00+05:30,2026-07-17 17:45:00,27.3,29.5,21.8,0,3.5,27.7,69,0,0,0,0.5,8.6,620.5,72,0,45.4,30.5,58,33.4,21.3
2026-07-17T17:40:00+05:30,2026-07-17 17:40:00,27.3,29.5,21.8,0,7.2,27.7,71,0,0,0,0.5,8.6,620.5,72,0,24.8,30.6,58,33.6,21.4
2026-07-17T17:35:00+05:30,2026-07-17 17:35:00,27.4,29.7,21.9,6.1,9.3,27.7,91,0,0,0,0.5,8.6,620.5,72,0,41.5,30.6,58,33.6,21.4
2026-07-17T17:30:00+05:30,2026-07-17 17:30:00,27.7,30.1,21.7,4,9.3,27.7,78,0,0,0,0.5,8.6,620.5,70,0,57.5,30.7,58,33.8,21.5
2026-07-17T17:25:00+05:30,2026-07-17 17:25:00,27.5,29.7,21.5,1.1,7.2,27.7,93,0,0,0,0.5,8.6,620.5,70,0,60.8,30.7,58,33.8,21.5
2026-07-17T17:20:00+05:30,2026-07-17 17:20:00,27.6,29.9,21.6,4,13,27.7,86,0,0,0,0.5,8.6,620.5,70,0,65.7,30.7,58,33.8,21.5
2026-07-17T17:15:00+05:30,2026-07-17 17:15:00,27.8,30.2,21.8,1.4,9.3,27.7,60,0,0,0,0.5,8.6,620.5,70,0,65.3,30.8,58,33.9,21.6
2026-07-17T17:10:00+05:30,2026-07-17 17:10:00,27.8,30.2,21.8,0.3,7.2,27.7,85,0,0,0,0.5,8.6,620.5,70,0,65.3,30.9,58,34.1,21.7
2026-07-17T17:06:00+05:30,2026-07-17 17:06:00,28,30.7,22,6.1,7.2,27.7,104,0,0,0,0.5,8.6,620.5,70,0,78.5,30.9,58,34.1,21.7
2026-07-17T17:00:00+05:30,2026-07-17 17:00:00,28.7,32,22.5,10.8,16.6,27.7,107,0,0,0,0.5,8.6,620.5,69,1,120.8,30.9,58,34.1,21.7
2026-07-17T16:55:00+05:30,2026-07-17 16:55:00,29,32.5,22.7,3.5,16.6,27.7,37,0,0,0,0.5,8.6,620.5,69,0,101.3,30.9,58,34.1,21.7
2026-07-17T16:50:00+05:30,2026-07-17 16:50:00,29.2,33,22.9,8.7,14.8,27.7,131,0,0,0,0.5,8.6,620.5,69,1,141.4,31,58,34.3,21.7
2026-07-17T16:45:00+05:30,2026-07-17 16:45:00,29.3,32.9,22.7,1.1,9.3,27.7,70,0,0,0,0.5,8.6,620.5,68,1,182.3,31,58,34.3,21.7
2026-07-17T16:40:00+05:30,2026-07-17 16:40:00,29.3,32.9,22.7,1.1,7.2,27.7,145,0,0,0,0.5,8.6,620.5,68,2,244.8,31,58,34.3,21.7
2026-07-17T16:35:00+05:30,2026-07-17 16:35:00,29.5,33.2,22.7,0,11.1,27.7,101,0,0,0,0.5,8.6,620.5,67,1,135.2,31,58,34.3,21.7
2026-07-17T16:30:00+05:30,2026-07-17 16:30:00,29.3,32.8,22.5,0.3,20.1,27.7,89,0,0,0,0.5,8.6,620.5,67,2,251.3,31.1,57,34.3,21.6
2026-07-17T16:25:00+05:30,2026-07-17 16:25:00,29.8,33.4,22.5,0,13,27.7,74,0,0,0,0.5,8.6,620.5,65,1,135,31.1,58,34.6,21.8
2026-07-17T16:20:00+05:30,2026-07-17 16:20:00,29.9,33.4,22.3,4,9.3,27.7,130,0,0,0,0.5,8.6,620.5,64,1,194.9,31.1,57,34.3,21.6
2026-07-17T16:15:00+05:30,2026-07-17 16:15:00,29.9,33.4,22.3,9.3,11.1,27.7,121,0,0,0,0.5,8.6,620.5,64,2,261.9,31.1,57,34.3,21.6
2026-07-17T16:10:00+05:30,2026-07-17 16:10:00,30.4,34,22.3,4.3,11.1,27.7,83,0,0,0,0.5,8.6,620.5,62,2,268.6,31.1,57,34.3,21.6
2026-07-17T16:05:00+05:30,2026-07-17 16:05:00,30.2,33.9,22.4,0,13,27.7,67,0,0,0,0.5,8.6,620.5,63,2,284,31.1,58,34.6,21.8
2026-07-17T16:01:00+05:30,2026-07-17 16:01:00,30.1,33.9,22.5,3.5,13,27.7,80,0,0,0,0.5,8.6,620.5,64,2,302.9,31.1,58,34.6,21.8
2026-07-17T15:55:00+05:30,2026-07-17 15:55:00,29.9,33.6,22.6,0,13,27.7,99,0,0,0,0.5,8.6,620.5,65,3,314.9,31.1,57,34.3,21.6
2026-07-17T15:50:00+05:30,2026-07-17 15:50:00,30.1,34.1,22.8,5.5,18.3,27.7,125,0,0,0,0.5,8.6,620.5,65,3,322.1,31,57,34.1,21.4
2026-07-17T15:45:00+05:30,2026-07-17 15:45:00,31,35.1,22.6,3.2,11.1,27.7,81,0,0,0,0.5,8.6,620.5,61,3,366.6,31,57,34.1,21.4
2026-07-17T15:40:00+05:30,2026-07-17 15:40:00,30.7,34.3,22,0,5.5,27.7,129,0,0,0,0.5,8.6,620.5,60,4,418.5,31,56,33.9,21.2
2026-07-17T15:35:00+05:30,2026-07-17 15:35:00,30.8,34.4,22.1,1.1,18.3,27.7,88,0,0,0,0.5,8.6,620.5,60,4,427.4,31,57,34.1,21.4
2026-07-17T15:30:00+05:30,2026-07-17 15:30:00,31.3,35.2,22.3,1.1,9.3,27.7,101,0,0,0,0.5,8.6,620.5,59,4,456.6,31,57,34.1,21.4
2026-07-17T15:25:00+05:30,2026-07-17 15:25:00,30.5,34,22.1,6.1,14.8,27.7,114,0,0,0,0.5,8.6,620.5,61,5,530.4,30.9,56,33.7,21.1
2026-07-17T15:20:00+05:30,2026-07-17 15:20:00,30.7,34.5,22.3,0.6,13,27.7,75,0,0,0,0.5,8.6,620.5,61,5,525.1,30.9,57,33.9,21.3
2026-07-17T15:15:00+05:30,2026-07-17 15:15:00,31,34.8,22.3,7.2,20.1,27.7,152,0,0,0,0.5,8.6,620.5,60,5,552.3,30.9,58,34.1,21.7
2026-07-17T15:10:00+05:30,2026-07-17 15:10:00,30.7,34.3,22,2.6,11.1,27.7,119,0,0,0,0.5,8.6,620.5,60,4,508.3,30.9,58,34.1,21.7
2026-07-17T15:05:00+05:30,2026-07-17 15:05:00,30.9,34.4,21.9,1.1,5.5,27.7,76,0,0,0,0.5,8.6,620.5,59,5,516.5,30.8,58,33.9,21.6
2026-07-17T15:00:00+05:30,2026-07-17 15:00:00,30.9,34.6,22.2,4,7.2,27.7,74,0,0,0,0.5,8.6,620.5,60,5,540.9,30.7,58,33.8,21.5
2026-07-17T14:55:00+05:30,2026-07-17 14:55:00,30.8,34.6,22.4,6.1,13,27.7,320,0,0,0,0.5,8.6,620.5,61,5,553.2,30.7,58,33.8,21.5
2026-07-17T14:50:00+05:30,2026-07-17 14:50:00,30.6,34.3,22.2,3.5,14.8,27.7,83,0,0,0,0.5,8.6,620.5,61,5,551.6,30.7,57,33.6,21.2
2026-07-17T14:45:00+05:30,2026-07-17 14:45:00,30.7,34.3,22,7.2,18.3,27.7,71,0,0,0,0.5,8.6,620.5,60,5,587.6,30.6,57,33.4,21.1
2026-07-17T14:41:00+05:30,2026-07-17 14:41:00,30.9,34.4,21.9,14.8,20.1,27.7,118,0,0,0,0.5,8.6,620.5,59,6,638.5,30.6,58,33.6,21.4
2026-07-17T14:35:00+05:30,2026-07-17 14:35:00,31.2,35.3,22.5,1.1,13,27.7,90,0,0,0,0.5,8.6,620.5,60,6,630.7,30.6,58,33.6,21.4
2026-07-17T14:30:00+05:30,2026-07-17 14:30:00,30.9,34.9,22.5,5.5,13,27.7,85,0,0,0,0.5,8.6,620.5,61,6,693.6,30.6,58,33.6,21.4
2026-07-17T14:25:00+05:30,2026-07-17 14:25:00,30.7,34.5,22.3,0,7.2,27.7,70,0,0,0,0.5,8.6,620.5,61,6,693.1,30.5,59,33.6,21.6
2026-07-17T14:20:00+05:30,2026-07-17 14:20:00,30.9,34.6,22.2,12.2,20.1,27.7,119,0,0,0,0.5,8.6,620.5,60,4,416.8,30.5,60,33.8,21.8
2026-07-17T14:15:00+05:30,2026-07-17 14:15:00,30.6,34.3,22.2,7.9,13,27.7,133,0,0,0,0.5,8.6,620.5,61,7,735.3,30.4,59,33.4,21.4
2026-07-17T14:10:00+05:30,2026-07-17 14:10:00,31.4,35.7,22.7,1.4,5.5,27.7,116,0,0,0,0.5,8.6,620.5,60,7,733.8,30.3,60,33.4,21.6
2026-07-17T14:05:00+05:30,2026-07-17 14:05:00,31.2,35.3,22.5,4.7,11.1,27.7,55,0,0,0,0.5,8.6,620.5,60,1,176.2,30.3,60,33.4,21.6
2026-07-17T14:00:00+05:30,2026-07-17 14:00:00,30.9,34.6,22.2,6.4,11.1,27.7,81,0,0,0,0.5,8.6,620.5,60,7,723.6,30.2,60,33.3,21.6
2026-07-17T13:55:00+05:30,2026-07-17 13:55:00,30.8,34.6,22.4,0,7.2,27.7,99,0,0,0,0.5,8.6,620.5,61,6,654.2,30.2,61,33.5,21.8
2026-07-17T13:50:00+05:30,2026-07-17 13:50:00,30.3,34,22.4,2.9,7.2,27.7,89,0,0,0,0.5,8.6,620.5,63,7,724.7,30.1,61,33.3,21.7
2026-07-17T13:45:00+05:30,2026-07-17 13:45:00,30.7,34.7,22.6,10.5,18.3,27.7,117,0,0,0,0.5,8.6,620.5,62,7,760.8,30,61,33.1,21.7
2026-07-17T13:40:00+05:30,2026-07-17 13:40:00,30.4,34.3,22.5,0,7.2,27.7,64,0,0,0,0.5,8.6,620.5,63,7,759.3,30,61,33.1,21.7
2026-07-17T13:36:00+05:30,2026-07-17 13:36:00,30.2,34.1,22.6,2.1,13,27.7,76,0,0,0,0.5,8.6,620.5,64,7,742.8,29.9,62,33,21.8
2026-07-17T13:30:00+05:30,2026-07-17 13:30:00,30.6,35.2,23.3,5.8,21.9,27.7,97,0,0,0,0.5,8.6,620.5,65,4,487.8,29.8,62,32.8,21.7
2026-07-17T13:25:00+05:30,2026-07-17 13:25:00,29.8,33.4,22.5,0.6,7.2,27.7,107,0,0,0,0.5,8.6,620.5,65,5,533.3,29.8,62,32.8,21.7
2026-07-17T13:20:00+05:30,2026-07-17 13:20:00,29.7,33.7,22.9,1.1,20.1,27.7,105,0,0,0,0.5,8.6,620.5,67,2,208.5,29.8,63,33,21.9
2026-07-17T13:15:00+05:30,2026-07-17 13:15:00,29.5,33.2,22.7,5.8,11.1,27.7,42,0,0,0,0.5,8.6,620.5,67,3,372.4,29.7,62,32.7,21.7
2026-07-17T13:10:00+05:30,2026-07-17 13:10:00,29.7,33.7,22.9,0,7.2,27.7,72,0,0,0,0.5,8.6,620.5,67,4,421.8,29.7,63,32.9,21.9
2026-07-17T13:05:00+05:30,2026-07-17 13:05:00,29.7,33.9,23.2,5.8,7.2,27.7,126,0,0,0,0.5,8.6,620.5,68,1,182.5,29.7,64,33.1,22.2
2026-07-17T13:00:00+05:30,2026-07-17 13:00:00,29.7,33.9,23.2,7.2,13,21.9,56,0,0,0,0.5,8.6,620.5,68,1,179.9,29.6,64,32.9,22.1
2026-07-17T12:55:00+05:30,2026-07-17 12:55:00,29.4,33.4,23.1,9.3,14.8,21.9,147,0,0,0,0.5,8.6,620.5,69,3,389.8,29.6,64,32.9,22.1
2026-07-17T12:50:00+05:30,2026-07-17 12:50:00,29.7,34.1,23.4,6.1,13,21.9,81,0,0,0,0.5,8.6,620.5,69,2,242.2,29.6,64,32.9,22.1
2026-07-17T12:45:00+05:30,2026-07-17 12:45:00,30.3,34.5,22.9,5,7.2,21.9,74,0,0,0,0.5,8.6,620.5,65,8,916.6,29.5,65,32.8,22.2
2026-07-17T12:40:00+05:30,2026-07-17 12:40:00,29.8,34.3,23.5,3.2,13,21.9,156,0,0,0,0.5,8.6,620.5,69,8,855.8,29.5,65,32.8,22.2
2026-07-17T12:35:00+05:30,2026-07-17 12:35:00,29.9,34.3,23.3,5.8,11.1,21.9,65,0,0,0,0.5,8.6,620.5,68,8,844.2,29.5,65,32.8,22.2
2026-07-17T12:31:00+05:30,2026-07-17 12:31:00,30.1,34.8,23.5,6.1,11.1,21.9,48,0,0,0,0.5,8.6,620.5,68,8,842.4,29.4,66,32.8,22.3
2026-07-17T12:25:00+05:30,2026-07-17 12:25:00,29.5,33.9,23.4,3.5,7.2,21.9,115,0,0,0,0.5,8.6,620.5,70,8,899.8,29.3,66,32.6,22.3
2026-07-17T12:20:00+05:30,2026-07-17 12:20:00,29.3,33.3,23.2,6.9,13,21.9,92,0,0,0,0.5,8.6,620.5,70,8,902,29.3,66,32.6,22.3
2026-07-17T12:15:00+05:30,2026-07-17 12:15:00,29,32.9,23.2,2.1,14.8,21.9,72,0,0,0,0.5,8.6,620.5,71,9,950.3,29.3,67,32.8,22.5
2026-07-17T12:10:00+05:30,2026-07-17 12:10:00,29,33.3,23.7,5,9.3,21.9,105,0,0,0,0.5,8.6,620.5,73,2,207.4,29.2,67,32.7,22.4
2026-07-17T12:05:00+05:30,2026-07-17 12:05:00,30.1,35.3,24,10.8,13,21.9,154,0,0,0,0.5,8.6,620.5,70,4,466.6,29.2,67,32.7,22.4
2026-07-17T12:00:00+05:30,2026-07-17 12:00:00,29.6,34.3,23.8,4,16.6,21.9,85,0,0,0,0.5,8.6,620.5,71,8,871.6,29.1,67,32.4,22.3
2026-07-17T11:55:00+05:30,2026-07-17 11:55:00,29.9,35,24,0,16.6,21.9,99,0,0,0,0.5,8.6,620.5,71,8,898,29,67,32.2,22.2
2026-07-17T11:50:00+05:30,2026-07-17 11:50:00,29.4,33.8,23.6,0.6,16.6,21.9,88,0,0,0,0.5,8.6,620.5,71,9,954,28.9,66,31.8,21.9
2026-07-17T11:45:00+05:30,2026-07-17 11:45:00,29.5,33.9,23.4,0,11.1,21.9,76,0,0,0,0.5,8.6,620.5,70,8,865.1,28.8,66,31.6,21.8
2026-07-17T11:40:00+05:30,2026-07-17 11:40:00,28.9,32.7,23.1,0,5.5,21.9,171,0,0,0,0.5,8.6,620.5,71,7,759.8,28.7,66,31.4,21.7
2026-07-17T11:35:00+05:30,2026-07-17 11:35:00,29,32.9,23.2,0,9.3,21.9,77,0,0,0,0.5,8.6,620.5,71,1,109.3,28.6,66,31.3,21.6
2026-07-17T11:30:00+05:30,2026-07-17 11:30:00,28.9,32.5,22.9,2.6,13,21.9,38,0,0,0,0.5,8.6,620.5,70,2,211.3,28.6,66,31.3,21.6
2026-07-17T11:25:00+05:30,2026-07-17 11:25:00,29,32.7,23,1.8,20.1,21.9,73,0,0,0,0.5,8.6,620.5,70,7,812.1,28.6,66,31.3,21.6
2026-07-17T11:20:00+05:30,2026-07-17 11:20:00,29.3,33.1,23,1.4,5.5,21.9,64,0,0,0,0.5,8.6,620.5,69,1,164.7,28.5,66,31.1,21.5
2026-07-17T11:15:00+05:30,2026-07-17 11:15:00,29.2,33,22.9,2.1,7.2,21.9,78,0,0,0,0.5,8.6,620.5,69,2,264.5,28.4,66,30.8,21.4
2026-07-17T11:10:00+05:30,2026-07-17 11:10:00,29.3,32.9,22.7,5.5,9.3,21.9,77,0,0,0,0.5,8.6,620.5,68,2,225.4,28.3,67,30.8,21.6
2026-07-17T11:05:00+05:30,2026-07-17 11:05:00,29.2,32.6,22.4,6.1,11.1,21.9,107,0,0,0,0.5,8.6,620.5,67,5,611.4,28.3,67,30.8,21.6
2026-07-17T11:00:00+05:30,2026-07-17 11:00:00,29.6,33.7,23.1,6.1,13,21.9,118,0,0,0,0.5,8.6,620.5,68,8,873.6,28.2,67,30.7,21.5
2026-07-17T10:55:00+05:30,2026-07-17 10:55:00,28.9,32.5,22.9,6.4,14.8,21.9,83,0,0,0,0.5,8.6,620.5,70,4,510.2,28.1,68,30.6,21.6
2026-07-17T10:50:00+05:30,2026-07-17 10:50:00,28.4,31.6,22.6,6.1,11.1,21.9,101,0,0,0,0.5,8.6,620.5,71,7,789.4,28.1,68,30.6,21.6
2026-07-17T10:45:00+05:30,2026-07-17 10:45:00,28.1,31,22.3,6.1,7.2,21.9,90,0,0,0,0.5,8.6,620.5,71,7,800.1,28,68,30.4,21.6
2026-07-17T10:40:00+05:30,2026-07-17 10:40:00,28.2,31.5,22.9,11.1,18.3,21.9,82,0,0,0,0.5,8.6,620.5,73,1,112,28,68,30.4,21.6
2026-07-17T10:35:00+05:30,2026-07-17 10:35:00,28.3,31.5,22.7,0.3,11.1,18.3,23,0,0,0,0.5,8.6,620.5,72,1,185.1,27.9,69,30.3,21.7
2026-07-17T10:30:00+05:30,2026-07-17 10:30:00,28.5,32.2,23.2,1.1,9.3,18.3,72,0,0,0,0.5,8.6,620.5,73,2,228.6,27.9,69,30.3,21.7
2026-07-17T10:25:00+05:30,2026-07-17 10:25:00,28.6,32.2,23.1,2.6,13,18.3,106,0,0,0,0.5,8.6,620.5,72,3,321.7,27.8,69,30.1,21.6
2026-07-17T10:20:00+05:30,2026-07-17 10:20:00,28.5,32.2,23.2,1.1,13,18.3,127,0,0,0,0.5,8.6,620.5,73,7,746.5,27.8,69,30.1,21.6
2026-07-17T10:15:00+05:30,2026-07-17 10:15:00,27.8,31,23.1,6.1,18.3,18.3,75,0,0,0,0.5,8.6,620.5,76,7,742.4,27.7,69,30,21.5
2026-07-17T10:10:00+05:30,2026-07-17 10:10:00,27.7,30.9,23.1,12.2,18.3,18.3,107,0,0,0,0.5,8.6,620.5,76,7,797.1,27.6,70,29.9,21.6
2026-07-17T10:05:00+05:30,2026-07-17 10:05:00,27.7,30.9,23.1,6.4,13,18.3,112,0,0,0,0.5,8.6,620.5,76,7,788.7,27.6,70,29.9,21.6
2026-07-17T10:00:00+05:30,2026-07-17 10:00:00,27.5,30.5,23.1,5.8,11.1,18.3,117,0,0,0,0.5,8.6,620.5,77,7,807.3,27.5,70,29.7,21.5
2026-07-17T09:55:00+05:30,2026-07-17 09:55:00,27.4,30.5,23.4,0,9.3,18.3,79,0,0,0,0.5,8.6,620.5,79,2,265.6,27.5,70,29.7,21.5
2026-07-17T09:50:00+05:30,2026-07-17 09:50:00,27.7,31.3,23.7,9.3,14.8,18.3,52,0,0,0,0.5,8.6,620.5,79,7,788.1,27.4,70,29.6,21.4
2026-07-17T09:45:00+05:30,2026-07-17 09:45:00,27.3,30.3,23.3,4.3,13,18.3,52,0,0,0,0.5,8.6,620.5,79,7,736.5,27.4,70,29.6,21.4
2026-07-17T09:40:00+05:30,2026-07-17 09:40:00,27,29.7,23.2,4,11.1,18.3,101,0,0,0,0.5,8.6,620.5,80,3,381.2,27.3,70,29.3,21.3
2026-07-17T09:35:00+05:30,2026-07-17 09:35:00,26.8,29.3,23,2.1,16.6,18.3,98,0,0,0,0.5,8.6,620.5,80,6,712.1,27.3,70,29.3,21.3
2026-07-17T09:30:00+05:30,2026-07-17 09:30:00,27,29.7,23.2,7.2,9.3,18.3,97,0,0,0,0.5,8.6,620.5,80,6,657.3,27.2,70,29.2,21.3
2026-07-17T09:25:00+05:30,2026-07-17 09:25:00,26.9,29.4,22.9,0.3,3.5,18.3,92,0,0,0,0.5,8.6,620.5,79,3,327.5,27.1,70,29.1,21.2
2026-07-17T09:20:00+05:30,2026-07-17 09:20:00,26.6,27.4,22.9,2.1,5.5,18.3,107,0,0,0,0.5,8.6,620.5,80,6,708.6,27,70,28.8,21.1
2026-07-17T09:15:00+05:30,2026-07-17 09:15:00,26.4,27.2,23.1,2.6,9.3,18.3,69,0,0,0,0.5,8.6,620.5,82,6,633.4,27,70,28.8,21.1
2026-07-17T09:10:00+05:30,2026-07-17 09:10:00,26.6,27.4,22.9,10.5,13,18.3,116,0,0,0,0.5,8.6,620.5,80,4,439,26.9,70,28.7,20.9
2026-07-17T09:05:00+05:30,2026-07-17 09:05:00,26.4,27.2,22.7,11.6,14.8,18.3,96,0,0,0,0.5,8.6,620.5,80,6,659.9,26.9,69,28.6,20.7
2026-07-17T09:01:00+05:30,2026-07-17 09:01:00,26.5,27.3,22.8,4.7,9.3,18.3,89,0,0,0,0.5,8.6,620.5,80,4,475.6,26.8,69,28.4,20.6
2026-07-17T08:55:00+05:30,2026-07-17 08:55:00,26.3,27.1,22.5,2.9,7.2,18.3,73,0,0,0,0.5,8.6,620.5,80,5,589.2,26.8,69,28.4,20.6
2026-07-17T08:50:00+05:30,2026-07-17 08:50:00,26.1,26.9,22.6,0.3,5.5,18.3,69,0,0,0,0.5,8.6,620.5,81,1,154,26.8,69,28.4,20.6
2026-07-17T08:45:00+05:30,2026-07-17 08:45:00,26,26.8,22.5,3.5,9.3,18.3,72,0,0,0,0.5,8.6,620.5,81,1,180.3,26.7,69,28.3,20.6
2026-07-17T08:40:00+05:30,2026-07-17 08:40:00,26.1,26.9,22.6,4.7,16.6,18.3,97,0,0,0,0.5,8.6,620.5,81,2,213.4,26.7,69,28.3,20.6
2026-07-17T08:35:00+05:30,2026-07-17 08:35:00,26.5,27.3,22.8,4.7,7.2,18.3,42,0,0,0,0.5,8.6,620.5,80,2,222.8,26.7,68,28.3,20.3
2026-07-17T08:30:00+05:30,2026-07-17 08:30:00,26.1,26.9,22.4,0.3,9.3,18.3,66,0,0,0,0.5,8.6,620.5,80,4,421.3,26.6,68,27.1,20.2
2026-07-17T08:25:00+05:30,2026-07-17 08:25:00,26,26.7,22.3,5.8,16.6,18.3,105,0,0,0,0.5,8.6,620.5,80,1,153.5,26.6,68,27.1,20.2
2026-07-17T08:20:00+05:30,2026-07-17 08:20:00,26.5,27.2,22.3,1.1,3.5,14.8,63,0,0,0,0.5,8.6,620.5,78,3,387.7,26.6,68,27.1,20.2
2026-07-17T08:15:00+05:30,2026-07-17 08:15:00,26.5,27.2,22.3,0,1.8,14.8,77,0,0,0,0.5,8.6,620.5,78,3,370,26.6,68,27.1,20.2
2026-07-17T08:10:00+05:30,2026-07-17 08:10:00,26.1,26.8,22.2,0,3.5,14.8,73,0,0,0,0.5,8.6,620.5,79,2,206.8,26.6,68,27.1,20.2
2026-07-17T08:05:00+05:30,2026-07-17 08:05:00,25.9,26.6,22,0,0,14.8,88,0,0,0,0.5,8.6,620.5,79,3,334,26.5,68,27,20.1
2026-07-17T08:00:00+05:30,2026-07-17 08:00:00,25.7,26.4,21.8,0,3.5,14.8,80,0,0,0,0.5,8.6,620.5,79,2,306.1,26.5,68,27,20.1
2026-07-17T07:56:00+05:30,2026-07-17 07:56:00,25.5,26.2,21.6,0.3,1.8,14.8,145,0,0,0,0.5,8.6,620.5,79,2,291.9,26.5,68,27,20.1
2026-07-17T07:50:00+05:30,2026-07-17 07:50:00,25.3,26,21.8,0,1.8,14.8,80,0,0,0,0.5,8.6,620.5,81,2,216,26.5,68,27,20.1
2026-07-17T07:45:00+05:30,2026-07-17 07:45:00,25.7,26.4,22,0,1.8,14.8,70,0,0,0,0.5,8.6,620.5,80,0,93.4,26.5,68,27,20.1
2026-07-17T07:40:00+05:30,2026-07-17 07:40:00,25.2,25.9,21.5,0,3.5,14.8,67,0,0,0,0.5,8.6,620.5,80,2,213.8,26.5,68,27,20.1
2026-07-17T07:35:00+05:30,2026-07-17 07:35:00,25.7,26.4,22,2.1,5.5,14.8,107,0,0,0,0.5,8.6,620.5,80,2,224.8,26.4,68,26.8,20
2026-07-17T07:30:00+05:30,2026-07-17 07:30:00,24.9,25.5,21.4,0,0,14.8,70,0,0,0,0.5,8.6,620.5,81,1,202,26.4,68,26.8,20
2026-07-17T07:25:00+05:30,2026-07-17 07:25:00,24.8,25.5,21.5,0,7.2,14.8,72,0,0,0,0.5,8.6,620.5,82,1,184,26.4,68,26.8,20
2026-07-17T07:20:00+05:30,2026-07-17 07:20:00,24.9,25.6,21.6,0,0,14.8,71,0,0,0,0.5,8.6,620.5,82,1,173,26.3,68,26.7,19.9
2026-07-17T07:15:00+05:30,2026-07-17 07:15:00,24.8,25.5,21.5,0,0,14.8,70,0,0,0,0.5,8.6,620.5,82,1,154,26.3,68,26.7,19.9
2026-07-17T07:10:00+05:30,2026-07-17 07:10:00,24.6,25.3,21.5,0,0,14.8,69,0,0,0,0.5,8.6,620.5,83,1,136.6,26.2,68,26.7,19.8
2026-07-17T07:05:00+05:30,2026-07-17 07:05:00,24.3,25,21.4,0,0,14.8,81,0,0,0,0.5,8.6,620.5,84,1,127.7,26.2,68,26.7,19.8
2026-07-17T07:00:00+05:30,2026-07-17 07:00:00,24.1,24.8,21.4,0,0,14.8,113,0,0,0,0.5,8.6,620.5,85,1,109.5,26.2,68,26.7,19.8
2026-07-17T06:55:00+05:30,2026-07-17 06:55:00,23.9,24.6,21.2,0,0,14.8,79,0,0,0,0.5,8.6,620.5,85,0,94,26.1,68,26.6,19.7
2026-07-17T06:51:00+05:30,2026-07-17 06:51:00,23.7,24.4,21.2,0,7.2,14.8,88,0,0,0,0.5,8.6,620.5,86,0,81.6,26.1,68,26.6,19.7
2026-07-17T06:45:00+05:30,2026-07-17 06:45:00,23.4,24,20.9,9.3,9.3,14.8,95,0,0,0,0.5,8.6,620.5,86,0,65,26.1,68,26.6,19.7
2026-07-17T06:40:00+05:30,2026-07-17 06:40:00,23.2,23.9,20.9,0,1.8,14.8,69,0,0,0,0.5,8.6,620.5,87,0,53.5,26.1,68,26.6,19.7
2026-07-17T06:35:00+05:30,2026-07-17 06:35:00,23.2,23.9,20.9,6.4,9.3,14.8,86,0,0,0,0.5,8.6,620.5,87,0,24.6,26.1,67,26.5,19.5
2026-07-17T06:30:00+05:30,2026-07-17 06:30:00,23.3,23.9,20.8,0,9.3,14.8,81,0,0,0,0.5,8.6,620.5,86,0,19.9,26.1,67,26.5,19.5
2026-07-17T06:25:00+05:30,2026-07-17 06:25:00,23.5,24.1,20.8,0,5.5,14.8,86,0,0,0,0.5,8.6,620.5,85,0,14.3,26.1,67,26.5,19.5
2026-07-17T06:20:00+05:30,2026-07-17 06:20:00,23.5,24.1,20.8,0,7.2,14.8,64,0,0,0,0.5,8.6,620.5,85,0,11.3,26.1,67,26.5,19.5
2026-07-17T06:15:00+05:30,2026-07-17 06:15:00,23.5,24.1,20.8,5,7.2,14.8,99,0,0,0,0.5,8.6,620.5,85,0,10.1,26.1,67,26.5,19.5
2026-07-17T06:10:00+05:30,2026-07-17 06:10:00,23.4,24,20.7,2.1,13,13,117,0,0,0,0.5,8.6,620.5,85,0,5,26.1,67,26.5,19.5
2026-07-17T06:05:00+05:30,2026-07-17 06:05:00,23.5,24.1,20.8,0,9.3,11.1,80,0,0,0,0.5,8.6,620.5,85,0,1.5,26.1,67,26.5,19.5
2026-07-17T06:00:00+05:30,2026-07-17 06:00:00,23.5,24.1,20.8,6.1,9.3,11.1,105,0,0,0,0.5,8.6,620.5,85,0,0.8,26.1,67,26.5,19.5
2026-07-17T05:55:00+05:30,2026-07-17 05:55:00,23.5,24.1,20.6,0,11.1,11.1,81,0,0,0,0.5,8.6,620.5,84,0,0.4,26.1,67,26.5,19.5
2026-07-17T05:50:00+05:30,2026-07-17 05:50:00,23.4,24,20.5,5,7.2,11.1,66,0,0,0,0.5,8.6,620.5,84,0,0.3,26.1,67,26.5,19.5
2026-07-17T05:45:00+05:30,2026-07-17 05:45:00,23.3,23.9,20.6,0,0,11.1,81,0,0,0,0.5,8.6,620.5,85,0,0.2,26.2,67,26.7,19.6
2026-07-17T05:40:00+05:30,2026-07-17 05:40:00,23.2,23.8,20.4,0,1.8,11.1,81,0,0,0,0.5,8.6,620.5,84,0,0,26.2,67,26.7,19.6
2026-07-17T05:35:00+05:30,2026-07-17 05:35:00,23,23.6,20.3,0,7.2,11.1,71,0,0,0,0.5,8.6,620.5,85,0,0,26.1,67,26.5,19.5
2026-07-17T05:30:00+05:30,2026-07-17 05:30:00,22.6,23.2,20.3,0,0,11.1,72,0,0,0,0.5,8.6,620.5,87,0,0,26.1,67,26.5,19.5
2026-07-17T05:25:00+05:30,2026-07-17 05:25:00,22.4,23,20.3,0,0,11.1,68,0,0,0,0.5,8.6,620.5,88,0,0,26.2,67,26.7,19.6
2026-07-17T05:20:00+05:30,2026-07-17 05:20:00,22.4,23,20.5,0,0,11.1,95,0,0,0,0.5,8.6,620.5,89,0,0,26.2,67,26.7,19.6
2026-07-17T05:15:00+05:30,2026-07-17 05:15:00,22.4,23,20.3,0,0,11.1,64,0,0,0,0.5,8.6,620.5,88,0,0,26.2,67,26.7,19.6
2026-07-17T05:10:00+05:30,2026-07-17 05:10:00,22.2,22.8,20.1,0,0,11.1,75,0,0,0,0.5,8.6,620.5,88,0,0,26.3,67,26.7,19.7
2026-07-17T05:05:00+05:30,2026-07-17 05:05:00,21.8,22.4,20.1,0,0,11.1,63,0,0,0,0.5,8.6,620.5,90,0,0,26.3,67,26.7,19.7
2026-07-17T05:00:00+05:30,2026-07-17 05:00:00,21.9,22.5,20.2,0,0,11.1,120,0,0,0,0.5,8.6,620.5,90,0,0,26.3,67,26.7,19.7
2026-07-17T04:55:00+05:30,2026-07-17 04:55:00,21.9,22.5,20,0,0,11.1,70,0,0,0,0.5,8.6,620.5,89,0,0,26.3,66,26.7,19.4
2026-07-17T04:50:00+05:30,2026-07-17 04:50:00,21.9,22.5,20.2,0,0,11.1,84,0,0,0,0.5,8.6,620.5,90,0,0,26.3,66,26.7,19.4
2026-07-17T04:45:00+05:30,2026-07-17 04:45:00,21.9,22.5,20.2,0,0,11.1,70,0,0,0,0.5,8.6,620.5,90,0,0,26.4,66,26.8,19.5
2026-07-17T04:40:00+05:30,2026-07-17 04:40:00,22,22.6,20.3,0,0,11.1,68,0,0,0,0.5,8.6,620.5,90,0,0,26.4,66,26.8,19.5
2026-07-17T04:35:00+05:30,2026-07-17 04:35:00,22.1,22.7,20.2,0,0,11.1,154,0,0,0,0.5,8.6,620.5,89,0,0,26.4,66,26.8,19.5
2026-07-17T04:30:00+05:30,2026-07-17 04:30:00,21.8,22.4,20.1,0,3.5,11.1,109,0,0,0,0.5,8.6,620.5,90,0,0,26.4,66,26.8,19.5
2026-07-17T04:26:00+05:30,2026-07-17 04:26:00,21.8,22.4,20.1,0,0,11.1,87,0,0,0,0.5,8.6,620.5,90,0,0,26.5,66,26.9,19.6
2026-07-17T04:20:00+05:30,2026-07-17 04:20:00,21.6,22.2,20.1,0,0,11.1,71,0,0,0,0.5,8.6,620.5,91,0,0,26.5,66,26.9,19.6
2026-07-17T04:15:00+05:30,2026-07-17 04:15:00,21.6,22.2,20.3,0,0,11.1,76,0,0,0,0.5,8.6,620.5,92,0,0,26.5,66,26.9,19.6
2026-07-17T04:10:00+05:30,2026-07-17 04:10:00,21.6,22.2,20.1,0,0,11.1,69,0,0,0,0.5,8.6,620.5,91,0,0,26.5,66,26.9,19.6
2026-07-17T04:05:00+05:30,2026-07-17 04:05:00,21.6,22.2,20.1,0,0,11.1,66,0,0,0,0.5,8.6,620.5,91,0,0,26.6,66,27.1,19.7
2026-07-17T04:00:00+05:30,2026-07-17 04:00:00,21.8,22.4,20.2,0,0,11.1,73,0,0,0,0.5,8.6,620.5,91,0,0,26.6,66,27.1,19.7
2026-07-17T03:55:00+05:30,2026-07-17 03:55:00,21.9,22.5,20.2,0,0,11.1,81,0,0,0,0.5,8.6,620.5,90,0,0,26.6,66,27.1,19.7
2026-07-17T03:50:00+05:30,2026-07-17 03:50:00,22,22.6,20.1,0,0,11.1,66,0,0,0,0.5,8.6,620.5,89,0,0,26.6,66,27.1,19.7
2026-07-17T03:45:00+05:30,2026-07-17 03:45:00,22.2,22.8,20.3,0,0,11.1,85,0,0,0,0.5,8.6,620.5,89,0,0,26.6,66,27.1,19.7
2026-07-17T03:40:00+05:30,2026-07-17 03:40:00,22.4,23,20.3,0,0,11.1,64,0,0,0,0.5,8.6,620.5,88,0,0,26.6,66,27.1,19.7
2026-07-17T03:35:00+05:30,2026-07-17 03:35:00,22.4,23,20.3,0,0,11.1,72,0,0,0,0.5,8.6,620.5,88,0,0,26.7,66,28.1,19.8
2026-07-17T03:30:00+05:30,2026-07-17 03:30:00,22.5,23.1,20.4,0,0,11.1,70,0,0,0,0.5,8.6,620.5,88,0,0,26.7,66,28.1,19.8
2026-07-17T03:25:00+05:30,2026-07-17 03:25:00,22.7,23.3,20.4,0,0,11.1,69,0,0,0,0.5,8.6,620.5,87,0,0,26.7,66,28.1,19.8
2026-07-17T03:21:00+05:30,2026-07-17 03:21:00,22.7,23.3,20.4,0,0,11.1,71,0,0,0,0.5,8.6,620.5,87,0,0,26.7,66,28.1,19.8
2026-07-17T03:15:00+05:30,2026-07-17 03:15:00,22.8,23.4,20.3,0,0,11.1,69,0,0,0,0.5,8.6,620.5,86,0,0,26.7,66,28.1,19.8
2026-07-17T03:10:00+05:30,2026-07-17 03:10:00,22.9,23.5,20.4,0,0,11.1,77,0,0,0,0.5,8.6,620.5,86,0,0,26.7,66,28.1,19.8
2026-07-17T03:05:00+05:30,2026-07-17 03:05:00,23.1,23.7,20.4,0,1.8,11.1,71,0,0,0,0.5,8.6,620.5,85,0,0,26.8,66,28.2,19.9
2026-07-17T03:00:00+05:30,2026-07-17 03:00:00,23,23.5,20.1,0,7.2,11.1,60,0,0,0,0.5,8.6,620.5,84,0,0,26.8,66,28.2,19.9
2026-07-17T02:55:00+05:30,2026-07-17 02:55:00,22.6,23.2,20.3,0,3.5,11.1,76,0,0,0,0.5,8.6,620.5,87,0,0,26.8,66,28.2,19.9
2026-07-17T02:50:00+05:30,2026-07-17 02:50:00,22.6,23.2,20.3,0,0,11.1,65,0,0,0,0.5,8.6,620.5,87,0,0,26.8,66,28.2,19.9
2026-07-17T02:45:00+05:30,2026-07-17 02:45:00,22.5,23.1,20.4,0,0,11.1,69,0,0,0,0.5,8.6,620.5,88,0,0,26.8,66,28.2,19.9
2026-07-17T02:40:00+05:30,2026-07-17 02:40:00,22.7,23.3,20.6,0,0,11.1,73,0,0,0,0.5,8.6,620.5,88,0,0,26.8,66,28.2,19.9
2026-07-17T02:35:00+05:30,2026-07-17 02:35:00,22.7,23.3,20.6,0,0,11.1,71,0,0,0,0.5,8.6,620.5,88,0,0,26.8,66,28.2,19.9
2026-07-17T02:30:00+05:30,2026-07-17 02:30:00,22.9,23.5,20.6,0,0,11.1,65,0,0,0,0.5,8.6,620.5,87,0,0,26.9,66,28.4,20
2026-07-17T02:25:00+05:30,2026-07-17 02:25:00,23,23.6,20.7,0,0,11.1,104,0,0,0,0.5,8.6,620.5,87,0,0,26.9,66,28.4,20
2026-07-17T02:20:00+05:30,2026-07-17 02:20:00,23.1,23.7,20.6,0,0,11.1,45,0,0,0,0.5,8.6,620.5,86,0,0,26.9,66,28.4,20
2026-07-17T02:16:00+05:30,2026-07-17 02:16:00,23.1,23.7,20.6,1.4,9.3,11.1,89,0,0,0,0.5,8.6,620.5,86,0,0,26.9,66,28.4,20
2026-07-17T02:10:00+05:30,2026-07-17 02:10:00,23.1,23.7,20.6,7.9,11.1,11.1,76,0,0,0,0.5,8.6,620.5,86,0,0,26.9,66,28.4,20
2026-07-17T02:05:00+05:30,2026-07-17 02:05:00,23.1,23.7,20.8,0,9.3,11.1,80,0,0,0,0.5,8.6,620.5,87,0,0,27,66,28.6,20.1
2026-07-17T02:00:00+05:30,2026-07-17 02:00:00,23.1,23.7,20.8,2.9,5.5,11.1,75,0,0,0,0.5,8.6,620.5,87,0,0,27,66,28.6,20.1
2026-07-17T01:55:00+05:30,2026-07-17 01:55:00,23,23.7,20.9,1.4,3.5,9.3,71,0,0,0,0.5,8.6,620.5,88,0,0,27,66,28.6,20.1
2026-07-17T01:50:00+05:30,2026-07-17 01:50:00,22.9,23.5,20.6,0,3.5,9.3,92,0,0,0,0.5,8.6,620.5,87,0,0,27.1,66,28.7,20.2
2026-07-17T01:45:00+05:30,2026-07-17 01:45:00,22.9,23.5,20.8,0,0,9.3,79,0,0,0,0.5,8.6,620.5,88,0,0,27.1,66,28.7,20.2
2026-07-17T01:40:00+05:30,2026-07-17 01:40:00,22.9,23.5,20.6,0,1.8,9.3,58,0,0,0,0.5,8.6,620.5,87,0,0,27.1,65,28.6,19.9
2026-07-17T01:35:00+05:30,2026-07-17 01:35:00,22.8,23.4,20.7,0,0,9.3,83,0,0,0,0.5,8.6,620.5,88,0,0,27.1,65,28.6,19.9
2026-07-17T01:30:00+05:30,2026-07-17 01:30:00,22.8,23.4,20.7,0,0,9.3,70,0,0,0,0.5,8.6,620.5,88,0,0,27.2,65,28.8,20.1
2026-07-17T01:25:00+05:30,2026-07-17 01:25:00,22.8,23.4,20.7,1.4,9.3,9.3,74,0,0,0,0.5,8.6,620.5,88,0,0,27.2,65,28.8,20.1
2026-07-17T01:20:00+05:30,2026-07-17 01:20:00,22.8,23.4,20.7,4,5.5,5.5,79,0,0,0,0.5,8.6,620.5,88,0,0,27.2,65,28.8,20.1
2026-07-17T01:15:00+05:30,2026-07-17 01:15:00,22.6,23.2,20.5,0,5.5,5.5,93,0,0,0,0.5,8.6,620.5,88,0,0,27.2,65,28.8,20.1
2026-07-17T01:10:00+05:30,2026-07-17 01:10:00,22.6,23.2,20.5,0,3.5,5.5,72,0,0,0,0.5,8.6,620.5,88,0,0,27.2,65,28.8,20.1
2026-07-17T01:05:00+05:30,2026-07-17 01:05:00,22.6,23.3,20.7,1.1,3.5,5.5,99,0,0,0,0.5,8.6,620.5,89,0,0,27.3,65,28.9,20.1
2026-07-17T01:00:00+05:30,2026-07-17 01:00:00,22.7,23.3,20.6,0,0,5.5,72,0,0,0,0.5,8.6,620.5,88,0,0,27.3,65,28.9,20.1
2026-07-17T00:56:00+05:30,2026-07-17 00:56:00,22.8,23.4,20.7,0,0,5.5,72,0,0,0,0.5,8.6,620.5,88,0,0,27.3,65,28.9,20.1
2026-07-17T00:50:00+05:30,2026-07-17 00:50:00,22.7,23.3,20.6,0,0,0,54,0,0,0,0.5,8.6,620.5,88,0,0,27.3,65,28.9,20.1
2026-07-17T00:45:00+05:30,2026-07-17 00:45:00,22.8,23.4,20.7,0,0,0,73,0,0,0,0.5,8.6,620.5,88,0,0,27.4,65,29.1,20.2
2026-07-17T00:40:00+05:30,2026-07-17 00:40:00,22.8,23.4,20.5,0,0,0,63,0,0,0,0.5,8.6,620.5,87,0,0,27.4,65,29.1,20.2
2026-07-17T00:35:00+05:30,2026-07-17 00:35:00,22.9,23.5,20.6,0,0,0,66,0,0,0,0.5,8.6,620.5,87,0,0,27.4,65,29.1,20.2
2026-07-17T00:30:00+05:30,2026-07-17 00:30:00,22.9,23.5,20.6,0,0,0,72,0,0,0,0.5,8.6,620.5,87,0,0,27.4,65,29.1,20.2
2026-07-17T00:25:00+05:30,2026-07-17 00:25:00,22.8,23.4,20.5,0,0,0,67,0,0,0,0.5,8.6,620.5,87,0,0,27.5,65,29.2,20.3
2026-07-17T00:20:00+05:30,2026-07-17 00:20:00,22.9,23.5,20.6,0,0,0,67,0,0,0,0.5,8.6,620.5,87,0,0,27.5,65,29.2,20.3
2026-07-17T00:15:00+05:30,2026-07-17 00:15:00,23,23.6,20.7,0,0,0,66,0,0,0,0.5,8.6,620.5,87,0,0,27.5,65,29.2,20.3
2026-07-17T00:10:00+05:30,2026-07-17 00:10:00,23.1,23.7,20.8,0,0,0,75,0,0,0,0.5,8.6,620.5,87,0,0,27.5,65,29.2,20.3
2026-07-17T00:05:00+05:30,2026-07-17 00:05:00,23.3,23.9,20.8,0,0,0,74,0,0,0,0.5,8.6,620.5,86,0,0,27.5,65,29.2,20.3
2026-07-17T00:00:00+05:30,2026-07-17 00:00:00,23.3,23.9,20.8,0,0,0,75,0,0,0,0.5,8.6,620.5,86,0,0,27.6,65,29.4,20.4
2026-07-16T23:55:00+05:30,2026-07-16 23:55:00,23.3,23.9,20.8,0,1.8,25.6,134,0,0,0,0.5,8.6,620.5,86,0,0,27.6,65,29.4,20.4
2026-07-16T23:51:00+05:30,2026-07-16 23:51:00,23.3,23.9,20.8,0,0,25.6,71,0,0,0,0.5,8.6,620.5,86,0,0,27.6,65,29.4,20.4
2026-07-16T23:45:00+05:30,2026-07-16 23:45:00,23.3,23.9,20.8,0,5.5,25.6,65,0,0,0,0.5,8.6,620.5,86,0,0,27.6,65,29.4,20.4
2026-07-16T23:40:00+05:30,2026-07-16 23:40:00,23.2,23.8,20.7,0,0,25.6,80,0,0,0,0.5,8.6,620.5,86,0,0,27.7,65,29.6,20.6
2026-07-16T23:35:00+05:30,2026-07-16 23:35:00,23.2,23.9,20.9,0,0,25.6,77,0,0,0,0.5,8.6,620.5,87,0,0,27.7,65,29.6,20.6
2026-07-16T23:30:00+05:30,2026-07-16 23:30:00,23.2,23.9,20.9,0,1.8,25.6,64,0,0,0,0.5,8.6,620.5,87,0,0,27.8,65,29.7,20.6
2026-07-16T23:25:00+05:30,2026-07-16 23:25:00,23.3,23.9,21,0,0,25.6,71,0,0,0,0.5,8.6,620.5,87,0,0,27.8,65,29.7,20.6
2026-07-16T23:20:00+05:30,2026-07-16 23:20:00,23.3,23.9,21,0,7.2,25.6,67,0,0,0,0.5,8.6,620.5,87,0,0,27.8,65,29.7,20.6
2026-07-16T23:15:00+05:30,2026-07-16 23:15:00,23.3,24,21.2,0,0,25.6,64,0,0,0,0.5,8.6,620.5,88,0,0,27.8,65,29.7,20.6
2026-07-16T23:10:00+05:30,2026-07-16 23:10:00,23.3,24,21.2,0,0,25.6,88,0,0,0,0.5,8.6,620.5,88,0,0,27.9,65,29.8,20.7
2026-07-16T23:05:00+05:30,2026-07-16 23:05:00,23.3,24,21.2,0,0,25.6,62,0,0,0,0.5,8.6,620.5,88,0,0,27.9,65,29.8,20.7
2026-07-16T23:00:00+05:30,2026-07-16 23:00:00,23.3,24,21.2,0,0,25.6,75,0,0,0,0.5,8.6,620.5,88,0,0,27.9,65,29.8,20.7
2026-07-16T22:55:00+05:30,2026-07-16 22:55:00,23.4,24.1,21.3,0,0,25.6,59,0,0,0,0.5,8.6,620.5,88,0,0,28,65,30.1,20.8
2026-07-16T22:50:00+05:30,2026-07-16 22:50:00,23.4,24.1,21.3,0,0,25.6,66,0,0,0,0.5,8.6,620.5,88,0,0,28,65,30.1,20.8
2026-07-16T22:45:00+05:30,2026-07-16 22:45:00,23.5,24.2,21.4,0,0,25.6,68,0,0,0,0.5,8.6,620.5,88,0,0,28,65,30.1,20.8
2026-07-16T22:40:00+05:30,2026-07-16 22:40:00,23.5,24.2,21.4,0,0,25.6,73,0,0,0,0.5,8.6,620.5,88,0,0,28,65,30.1,20.8
2026-07-16T22:35:00+05:30,2026-07-16 22:35:00,23.5,24.2,21.4,0,1.8,25.6,74,0,0,0,0.5,8.6,620.5,88,0,0,28.1,65,30.2,20.9
2026-07-16T22:31:00+05:30,2026-07-16 22:31:00,23.5,24.2,21.4,0,0,25.6,79,0,0,0,0.5,8.6,620.5,88,0,0,28.1,65,30.2,20.9
2026-07-16T22:25:00+05:30,2026-07-16 22:25:00,23.5,24.2,21.4,0,0,25.6,70,0,0,0,0.5,8.6,620.5,88,0,0,28.1,65,30.2,20.9
2026-07-16T22:20:00+05:30,2026-07-16 22:20:00,23.5,24.2,21.4,0,3.5,25.6,80,0,0,0,0.5,8.6,620.5,88,0,0,28.2,65,30.4,21
2026-07-16T22:15:00+05:30,2026-07-16 22:15:00,23.5,24.2,21.4,0,0,25.6,73,0,0,0,0.5,8.6,620.5,88,0,0,28.2,65,30.4,21
2026-07-16T22:10:00+05:30,2026-07-16 22:10:00,23.5,24.2,21.4,0,1.8,25.6,69,0,0,0,0.5,8.6,620.5,88,0,0,28.2,65,30.4,21
2026-07-16T22:05:00+05:30,2026-07-16 22:05:00,23.6,24.3,21.5,0,3.5,25.6,78,0,0,0,0.5,8.6,620.5,88,0,0,28.3,65,30.5,21.1
2026-07-16T22:00:00+05:30,2026-07-16 22:00:00,23.6,24.3,21.5,0,1.8,25.6,80,0,0,0,0.5,8.6,620.5,88,0,0,28.3,65,30.5,21.1
2026-07-16T21:55:00+05:30,2026-07-16 21:55:00,23.6,24.4,21.7,0,0,25.6,66,0,0,0,0.5,8.6,620.5,89,0,0,28.3,65,30.5,21.1
2026-07-16T21:50:00+05:30,2026-07-16 21:50:00,23.6,24.4,21.7,0.3,3.5,25.6,78,0,0,0,0.5,8.6,620.5,89,0,0,28.3,65,30.5,21.1
2026-07-16T21:45:00+05:30,2026-07-16 21:45:00,23.5,24.2,21.6,1.8,11.1,25.6,81,0,0,0,0.5,8.6,620.5,89,0,0,28.4,65,30.7,21.2
2026-07-16T21:40:00+05:30,2026-07-16 21:40:00,23.5,24.3,21.8,0,3.5,25.6,60,0,0,0,0.5,8.6,620.5,90,0,0,28.4,65,30.7,21.2
2026-07-16T21:35:00+05:30,2026-07-16 21:35:00,23.6,24.4,21.9,1.4,5.5,25.6,104,0,0,0,0.5,8.6,620.5,90,0,0,28.5,65,30.9,21.3
2026-07-16T21:30:00+05:30,2026-07-16 21:30:00,23.6,24.4,21.7,6.1,7.2,25.6,79,0,0,0,0.5,8.6,620.5,89,0,0,28.5,65,30.9,21.3
2026-07-16T21:26:00+05:30,2026-07-16 21:26:00,23.7,24.5,21.8,0,0,25.6,74,0,0,0,0.5,8.6,620.5,89,0,0,28.6,65,31.1,21.4
2026-07-16T21:20:00+05:30,2026-07-16 21:20:00,23.9,24.6,21.8,0,0,25.6,74,0,0,0,0.5,8.6,620.5,88,0,0,28.6,65,31.1,21.4
2026-07-16T21:15:00+05:30,2026-07-16 21:15:00,23.8,24.5,21.7,0,7.2,25.6,48,0,0,0,0.5,8.6,620.5,88,0,0,28.7,65,31.3,21.5
2026-07-16T21:10:00+05:30,2026-07-16 21:10:00,23.9,24.6,21.8,0,7.2,25.6,79,0,0,0,0.5,8.6,620.5,88,0,0,28.7,65,31.3,21.5
2026-07-16T21:05:00+05:30,2026-07-16 21:05:00,23.9,24.7,22,0,3.5,25.6,75,0,0,0,0.5,8.6,620.5,89,0,0,28.7,65,31.3,21.5
2026-07-16T21:00:00+05:30,2026-07-16 21:00:00,23.9,24.7,22,2.9,7.2,25.6,88,0,0,0,0.5,8.6,620.5,89,0,0,28.8,65,31.4,21.6
2026-07-16T20:55:00+05:30,2026-07-16 20:55:00,23.9,24.7,22,0,1.8,25.6,72,0,0,0,0.5,8.6,620.5,89,0,0,28.8,65,31.4,21.6
2026-07-16T20:50:00+05:30,2026-07-16 20:50:00,23.9,24.7,22,0,0,25.6,74,0,0,0,0.5,8.6,620.5,89,0,0,28.8,65,31.4,21.6
2026-07-16T20:45:00+05:30,2026-07-16 20:45:00,24,24.8,22.1,0,0,25.6,75,0,0,0,0.5,8.6,620.5,89,0,0,28.9,65,31.6,21.6
2026-07-16T20:40:00+05:30,2026-07-16 20:40:00,23.9,24.7,22,0,5.5,25.6,82,0,0,0,0.5,8.6,620.5,89,0,0,28.9,65,31.6,21.6
2026-07-16T20:35:00+05:30,2026-07-16 20:35:00,24,24.8,22.1,0,0,25.6,72,0,0,0,0.5,8.6,620.5,89,0,0,29,65,31.8,21.7
2026-07-16T20:30:00+05:30,2026-07-16 20:30:00,24.1,24.9,22,0,0,25.6,72,0,0,0,0.5,8.6,620.5,88,0,0,29,65,31.8,21.7
2026-07-16T20:25:00+05:30,2026-07-16 20:25:00,24.1,24.9,22,2.6,7.2,25.6,94,0,0,0,0.5,8.6,620.5,88,0,0,29,65,31.8,21.7
2026-07-16T20:21:00+05:30,2026-07-16 20:21:00,24.2,25,22.1,0,7.2,25.6,71,0,0,0,0.5,8.6,620.5,88,0,0,29.1,65,32.1,21.8
2026-07-16T20:15:00+05:30,2026-07-16 20:15:00,24.3,25.1,22.2,0,0,25.6,80,0,0,0,0.5,8.6,620.5,88,0,0,29.1,64,31.9,21.6
2026-07-16T20:10:00+05:30,2026-07-16 20:10:00,24.3,25,22,0,7.2,25.6,77,0,0,0,0.5,8.6,620.5,87,0,0,29.1,64,31.9,21.6
2026-07-16T20:05:00+05:30,2026-07-16 20:05:00,24.4,25.2,22.1,0,1.8,25.6,70,0,0,0,0.5,8.6,620.5,87,0,0,29.2,64,32.1,21.7
2026-07-16T20:00:00+05:30,2026-07-16 20:00:00,24.4,25.2,22.1,0,5.5,25.6,87,0,0,0,0.5,8.6,620.5,87,0,0,29.2,64,32.1,21.7
2026-07-16T19:55:00+05:30,2026-07-16 19:55:00,24.5,25.3,22.2,0,3.5,25.6,81,0,0,0,0.5,8.6,620.5,87,0,0,29.2,64,32.1,21.7
2026-07-16T19:50:00+05:30,2026-07-16 19:50:00,24.6,25.4,22.1,0,0,25.6,86,0,0,0,0.5,8.6,620.5,86,0,0,29.3,64,32.2,21.7
2026-07-16T19:45:00+05:30,2026-07-16 19:45:00,24.6,25.4,22.3,0,7.2,25.6,69,0,0,0,0.5,8.6,620.5,87,0,0,29.3,64,32.2,21.7
2026-07-16T19:40:00+05:30,2026-07-16 19:40:00,24.7,25.5,22.2,0,1.8,25.6,70,0,0,0,0.5,8.6,620.5,86,0,0,29.4,64,32.4,21.8
2026-07-16T19:35:00+05:30,2026-07-16 19:35:00,24.8,25.6,22.3,0,5.5,25.6,59,0,0,0,0.5,8.6,620.5,86,0,0,29.4,64,32.4,21.8
2026-07-16T19:30:00+05:30,2026-07-16 19:30:00,24.8,25.6,22.3,0,7.2,25.6,73,0,0,0,0.5,8.6,620.5,86,0,0,29.4,64,32.4,21.8
2026-07-16T19:25:00+05:30,2026-07-16 19:25:00,25,25.8,22.5,0,3.5,25.6,72,0,0,0,0.5,8.6,620.5,86,0,0,29.5,64,32.7,21.9
2026-07-16T19:20:00+05:30,2026-07-16 19:20:00,25.1,25.9,22.4,0,0,25.6,88,0,0,0,0.5,8.6,620.5,85,0,0,29.5,64,32.7,21.9
2026-07-16T19:15:00+05:30,2026-07-16 19:15:00,25.3,26.1,22.6,0,0,25.6,70,0,0,0,0.5,8.6,620.5,85,0,0,29.6,64,32.9,22.1
2026-07-16T19:10:00+05:30,2026-07-16 19:10:00,25.3,26.1,22.6,0,0,25.6,72,0,0,0,0.5,8.6,620.5,85,0,0,29.6,64,32.9,22.1
2026-07-16T19:05:00+05:30,2026-07-16 19:05:00,25.4,26.2,22.7,1.1,3.5,25.6,96,0,0,0,0.5,8.6,620.5,85,0,0,29.7,64,33.1,22.2
2026-07-16T19:00:00+05:30,2026-07-16 19:00:00,25.4,26.2,22.7,0,9.3,25.6,73,0,0,0,0.5,8.6,620.5,85,0,0,29.7,64,33.1,22.2
2026-07-16T18:55:00+05:30,2026-07-16 18:55:00,25.5,26.3,22.6,0,0,25.6,69,0,0,0,0.5,8.6,620.5,84,0,0,29.7,64,33.1,22.2
2026-07-16T18:50:00+05:30,2026-07-16 18:50:00,25.6,26.4,22.7,0,0,25.6,72,0,0,0,0.5,8.6,620.5,84,0,0,29.8,64,33.2,22.2
2026-07-16T18:45:00+05:30,2026-07-16 18:45:00,25.7,26.5,22.8,3.5,5.5,25.6,104,0,0,0,0.5,8.6,620.5,84,0,0.1,29.8,64,33.2,22.2
2026-07-16T18:40:00+05:30,2026-07-16 18:40:00,25.7,26.5,22.8,0.3,3.5,25.6,93,0,0,0,0.5,8.6,620.5,84,0,0.2,29.9,64,33.4,22.3
2026-07-16T18:35:00+05:30,2026-07-16 18:35:00,25.8,26.6,22.9,0.3,1.8,25.6,66,0,0,0,0.5,8.6,620.5,84,0,0.6,29.9,64,33.4,22.3
2026-07-16T18:30:00+05:30,2026-07-16 18:30:00,25.9,26.7,23,0,5.5,25.6,88,0,0,0,0.5,8.6,620.5,84,0,1.9,30,64,33.7,22.4
2026-07-16T18:25:00+05:30,2026-07-16 18:25:00,26,26.8,22.9,0,3.5,25.6,78,0,0,0,0.5,8.6,620.5,83,0,2.9,30,64,33.7,22.4
2026-07-16T18:20:00+05:30,2026-07-16 18:20:00,26.1,26.9,23,0,1.8,25.6,87,0,0,0,0.5,8.6,620.5,83,0,5.9,30.1,63,33.7,22.3
2026-07-16T18:15:00+05:30,2026-07-16 18:15:00,26.2,27.1,23.1,0,5.5,25.6,69,0,0,0,0.5,8.6,620.5,83,0,10.3,30.1,63,33.7,22.3
2026-07-16T18:10:00+05:30,2026-07-16 18:10:00,26.4,27.2,23.1,2.1,5.5,25.6,84,0,0,0,0.5,8.6,620.5,82,0,13,30.2,63,33.9,22.4
2026-07-16T18:05:00+05:30,2026-07-16 18:05:00,26.5,27.3,23.2,0.3,11.1,25.6,95,0,0,0,0.5,8.6,620.5,82,0,17.3,30.2,63,33.9,22.4
2026-07-16T18:00:00+05:30,2026-07-16 18:00:00,26.7,29.2,23.2,4.3,5.5,25.6,109,0,0,0,0.5,8.6,620.5,81,0,21.1,30.3,63,34.1,22.4
2026-07-16T17:56:00+05:30,2026-07-16 17:56:00,26.8,29.3,23,0,3.5,25.6,81,0,0,0,0.5,8.6,620.5,80,0,24.8,30.3,63,34.1,22.4
2026-07-16T17:50:00+05:30,2026-07-16 17:50:00,27,29.7,23.2,2.1,5.5,25.6,99,0,0,0,0.5,8.6,620.5,80,0,29.9,30.3,63,34.1,22.4
2026-07-16T17:45:00+05:30,2026-07-16 17:45:00,27,29.7,23.2,0,9.3,25.6,87,0,0,0,0.5,8.6,620.5,80,0,35.3,30.4,63,34.3,22.6
2026-07-16T17:40:00+05:30,2026-07-16 17:40:00,27.3,30.3,23.3,0,5.5,25.6,71,0,0,0,0.5,8.6,620.5,79,0,40.4,30.4,63,34.3,22.6
2026-07-16T17:35:00+05:30,2026-07-16 17:35:00,27.5,30.6,23.3,1.1,5.5,25.6,83,0,0,0,0.5,8.6,620.5,78,0,44.7,30.5,63,34.5,22.7
2026-07-16T17:30:00+05:30,2026-07-16 17:30:00,27.8,31.1,23.4,3.5,7.2,25.6,102,0,0,0,0.5,8.6,620.5,77,0,50.3,30.5,63,34.5,22.7
2026-07-16T17:25:00+05:30,2026-07-16 17:25:00,27.9,31.4,23.5,9,11.1,25.6,128,0,0,0,0.5,8.6,620.5,77,0,55.1,30.5,63,34.5,22.7
2026-07-16T17:20:00+05:30,2026-07-16 17:20:00,28.4,32.2,23.5,0.6,7.2,25.6,109,0,0,0,0.5,8.6,620.5,75,0,68.3,30.5,63,34.5,22.7
2026-07-16T17:15:00+05:30,2026-07-16 17:15:00,28.4,32.2,23.5,3.5,11.1,25.6,148,0,0,0,0.5,8.6,620.5,75,0,80.8,30.6,62,34.5,22.5
2026-07-16T17:10:00+05:30,2026-07-16 17:10:00,28.5,32.3,23.4,0,5.5,25.6,75,0,0,0,0.5,8.6,620.5,74,0,90.8,30.6,62,34.5,22.5
2026-07-16T17:05:00+05:30,2026-07-16 17:05:00,28.7,32.8,23.6,0,5.5,25.6,92,0,0,0,0.5,8.6,620.5,74,0,99.4,30.6,62,34.5,22.5
2026-07-16T17:00:00+05:30,2026-07-16 17:00:00,28.7,32.7,23.4,2.1,5.5,25.6,114,0,0,0,0.5,8.6,620.5,73,1,112,30.6,62,34.5,22.5
2026-07-16T16:55:00+05:30,2026-07-16 16:55:00,28.6,32.6,23.5,2.1,14.8,25.6,86,0,0,0,0.5,8.6,620.5,74,1,109.7,30.6,62,34.5,22.5
2026-07-16T16:51:00+05:30,2026-07-16 16:51:00,28.9,33,23.5,4.7,9.3,25.6,97,0,0,0,0.5,8.6,620.5,73,1,131.9,30.6,62,34.5,22.5
2026-07-16T16:48:00+05:30,2026-07-16 16:48:00,28.9,33,23.5,0,9.3,25.6,76,0,0,0,0.5,8.6,620.5,73,1,136.8,30.7,62,34.7,22.6
2026-07-16T16:40:00+05:30,2026-07-16 16:40:00,29,33.1,23.4,6.9,14.8,25.6,76,0,0,0,0.5,8.6,620.5,72,1,150.4,30.7,62,34.7,22.6
2026-07-16T16:35:00+05:30,2026-07-16 16:35:00,29.5,33.9,23.4,9.3,13,25.6,112,0,0,0,0.5,8.6,620.5,70,1,170.6,30.7,62,34.7,22.6
2026-07-16T16:31:00+05:30,2026-07-16 16:31:00,29.2,33.4,23.4,0,13,25.6,85,0,0,0,0.5,8.6,620.5,71,1,177,30.7,62,34.7,22.6
2026-07-16T16:25:00+05:30,2026-07-16 16:25:00,29.5,33.9,23.4,0,13,25.6,89,0,0,0,0.5,8.6,620.5,70,1,187.4,30.7,62,34.7,22.6
2026-07-16T16:21:00+05:30,2026-07-16 16:21:00,29.8,34.3,23.5,2.9,11.1,25.6,114,0,0,0,0.5,8.6,620.5,69,1,198.9,30.7,62,34.7,22.6
2026-07-16T16:15:00+05:30,2026-07-16 16:15:00,29.8,34.3,23.5,0,14.8,25.6,87,0,0,0,0.5,8.6,620.5,69,2,216,30.7,62,34.7,22.6
2026-07-16T16:10:00+05:30,2026-07-16 16:10:00,29.9,34.1,23.1,2.6,7.2,25.6,84,0,0,0,0.5,8.6,620.5,67,2,236.3,30.7,62,34.7,22.6
2026-07-16T16:05:00+05:30,2026-07-16 16:05:00,30.1,34.8,23.5,2.6,11.1,25.6,66,0,0,0,0.5,8.6,620.5,68,2,258.9,30.7,62,34.7,22.6
2026-07-16T16:00:00+05:30,2026-07-16 16:00:00,30.2,34.8,23.4,0,11.1,25.6,93,0,0,0,0.5,8.6,620.5,67,2,265.1,30.7,62,34.7,22.6
2026-07-16T15:55:00+05:30,2026-07-16 15:55:00,29.7,33.9,23.2,4,9.3,25.6,87,0,0,0,0.5,8.6,620.5,68,2,283.5,30.7,62,34.7,22.6
2026-07-16T15:50:00+05:30,2026-07-16 15:50:00,30,34.6,23.4,8.7,13,25.6,88,0,0,0,0.5,8.6,620.5,68,2,298.1,30.6,62,34.5,22.5
2026-07-16T15:45:00+05:30,2026-07-16 15:45:00,30.1,35.1,23.8,8.7,16.6,23.8,82,0,0,0,0.5,8.6,620.5,69,3,325.5,30.6,62,34.5,22.5
2026-07-16T15:40:00+05:30,2026-07-16 15:40:00,30.4,35.5,23.8,2.9,18.3,23.8,113,0,0,0,0.5,8.6,620.5,68,3,339.8,30.6,62,34.5,22.5
2026-07-16T15:35:00+05:30,2026-07-16 15:35:00,30.3,35,23.5,0.6,9.3,23.8,80,0,0,0,0.5,8.6,620.5,67,3,358,30.6,62,34.5,22.5
2026-07-16T15:30:00+05:30,2026-07-16 15:30:00,29.9,34.3,23.3,0.3,11.1,23.8,83,0,0,0,0.5,8.6,620.5,68,3,365.1,30.6,62,34.5,22.5
2026-07-16T15:25:00+05:30,2026-07-16 15:25:00,30.3,35,23.5,0,11.1,23.8,79,0,0,0,0.5,8.6,620.5,67,3,388.2,30.6,62,34.5,22.5
2026-07-16T15:20:00+05:30,2026-07-16 15:20:00,30.8,35.9,23.7,0.3,9.3,23.8,88,0,0,0,0.5,8.6,620.5,66,4,411.3,30.6,62,34.5,22.5
2026-07-16T15:15:00+05:30,2026-07-16 15:15:00,30.4,35,23.3,9.3,14.8,23.8,95,0,0,0,0.5,8.6,620.5,66,3,402.7,30.6,63,34.7,22.7
2026-07-16T15:10:00+05:30,2026-07-16 15:10:00,30.9,36.2,23.8,2.6,16.6,23.8,72,0,0,0,0.5,8.6,620.5,66,4,444.1,30.5,63,34.5,22.7
2026-07-16T15:05:00+05:30,2026-07-16 15:05:00,30.3,35,23.5,4,7.2,23.8,60,0,0,0,0.5,8.6,620.5,67,4,462.7,30.5,63,34.5,22.7
2026-07-16T15:01:00+05:30,2026-07-16 15:01:00,30.1,34.8,23.5,1.4,13,23.8,76,0,0,0,0.5,8.6,620.5,68,4,484.9,30.4,62,34.1,22.3
2026-07-16T14:55:00+05:30,2026-07-16 14:55:00,30.3,35.2,23.7,0.6,9.3,23.8,92,0,0,0,0.5,8.6,620.5,68,4,468.9,30.5,63,34.5,22.7
2026-07-16T14:50:00+05:30,2026-07-16 14:50:00,30.7,36,23.9,7.6,14.8,23.8,106,0,0,0,0.5,8.6,620.5,67,4,487.6,30.4,63,34.3,22.6
2026-07-16T14:45:00+05:30,2026-07-16 14:45:00,30.1,34.8,23.5,1.4,9.3,23.8,70,0,0,0,0.5,8.6,620.5,68,5,536,30.3,63,34.1,22.4
2026-07-16T14:40:00+05:30,2026-07-16 14:40:00,29.8,34.1,23.2,0.3,11.1,23.8,100,0,0,0,0.5,8.6,620.5,68,3,371.6,30.3,63,34.1,22.4
2026-07-16T14:35:00+05:30,2026-07-16 14:35:00,30.3,35,23.5,10.5,16.6,23.8,131,0,0,0,0.5,8.6,620.5,67,5,577.5,30.3,63,34.1,22.4
2026-07-16T14:30:00+05:30,2026-07-16 14:30:00,30.6,35.5,23.5,4.7,18.3,23.8,193,0,0,0,0.5,8.6,620.5,66,5,567,30.3,63,34.1,22.4
2026-07-16T14:25:00+05:30,2026-07-16 14:25:00,30.7,35.5,23.4,7.2,11.1,23.8,114,0,0,0,0.5,8.6,620.5,65,5,559.5,30.2,64,34.1,22.7
2026-07-16T14:20:00+05:30,2026-07-16 14:20:00,30.3,35,23.5,1.4,11.1,23.8,68,0,0,0,0.5,8.6,620.5,67,5,571.9,30.2,64,34.1,22.7
2026-07-16T14:15:00+05:30,2026-07-16 14:15:00,30,34.8,23.7,0.6,5.5,23.8,104,0,0,0,0.5,8.6,620.5,69,2,244.4,30.2,64,34.1,22.7
2026-07-16T14:10:00+05:30,2026-07-16 14:10:00,29.8,34.1,23.2,14.8,21.9,23.8,96,0,0,0,0.5,8.6,620.5,68,6,646.1,30.1,64,33.9,22.6
2026-07-16T14:05:00+05:30,2026-07-16 14:05:00,30,34.8,23.7,2.1,7.2,23.8,93,0,0,0,0.5,8.6,620.5,69,6,624.2,30,65,33.9,22.7
2026-07-16T14:00:00+05:30,2026-07-16 14:00:00,30.1,35.1,23.8,0.3,13,23.8,80,0,0,0,0.5,8.6,620.5,69,6,682.4,30,65,33.9,22.7
2026-07-16T13:56:00+05:30,2026-07-16 13:56:00,30.1,34.8,23.5,6.9,18.3,23.8,119,0,0,0,0.5,8.6,620.5,68,6,677.1,29.9,65,33.7,22.6
2026-07-16T13:50:00+05:30,2026-07-16 13:50:00,30.3,35.5,23.9,11.1,14.8,20.1,99,0,0,0,0.5,8.6,620.5,69,6,693.2,29.9,65,33.7,22.6
2026-07-16T13:45:00+05:30,2026-07-16 13:45:00,30,34.8,23.7,0,11.1,20.1,61,0,0,0,0.5,8.6,620.5,69,6,705.5,29.8,65,33.4,22.5
2026-07-16T13:40:00+05:30,2026-07-16 13:40:00,30.3,35.5,23.9,6.1,7.2,20.1,70,0,0,0,0.5,8.6,620.5,69,6,669.9,29.7,65,33.3,22.4
2026-07-16T13:35:00+05:30,2026-07-16 13:35:00,29.7,34.6,23.9,4,13,20.1,43,0,0,0,0.5,8.6,620.5,71,7,722.8,29.7,65,33.3,22.4
2026-07-16T13:30:00+05:30,2026-07-16 13:30:00,29.5,34.1,23.7,1.4,13,20.1,108,0,0,0,0.5,8.6,620.5,71,6,686.3,29.6,65,33.1,22.3
2026-07-16T13:25:00+05:30,2026-07-16 13:25:00,30.1,35.6,24.3,0.3,13,20.1,74,0,0,0,0.5,8.6,620.5,71,2,274.7,29.6,65,33.1,22.3
2026-07-16T13:20:00+05:30,2026-07-16 13:20:00,29.9,34.3,23.3,0,3.5,20.1,82,0,0,0,0.5,8.6,620.5,68,7,809.9,29.5,65,32.8,22.2
2026-07-16T13:15:00+05:30,2026-07-16 13:15:00,29.7,34.1,23.4,1.4,11.1,20.1,91,0,0,0,0.5,8.6,620.5,69,2,244.4,29.5,65,32.8,22.2
2026-07-16T13:10:00+05:30,2026-07-16 13:10:00,30,34.8,23.7,0,9.3,20.1,55,0,0,0,0.5,8.6,620.5,69,7,788.7,29.4,65,32.6,22.1
2026-07-16T13:05:00+05:30,2026-07-16 13:05:00,30,34.6,23.4,5,7.2,20.1,85,0,0,0,0.5,8.6,620.5,68,7,802.9,29.4,65,32.6,22.1
2026-07-16T13:00:00+05:30,2026-07-16 13:00:00,30,34.6,23.4,8.7,14.8,20.1,83,0,0,0,0.5,8.6,620.5,68,6,656,29.3,65,32.4,22
2026-07-16T12:55:00+05:30,2026-07-16 12:55:00,29.1,33,23.1,0.3,1.8,20.1,71,0,0,0,0.5,8.6,620.5,70,8,848.4,29.2,65,32.3,21.9
2026-07-16T12:51:00+05:30,2026-07-16 12:51:00,29.2,33.2,23.2,12.2,16.6,20.1,26,0,0,0,0.5,8.6,620.5,70,4,453.1,29.1,65,32.1,21.8
2026-07-16T12:45:00+05:30,2026-07-16 12:45:00,29.7,33.9,23.2,0,3.5,20.1,73,0,0,0,0.5,8.6,620.5,68,2,211.4,29.1,65,32.1,21.8
2026-07-16T12:40:00+05:30,2026-07-16 12:40:00,29.5,33.6,23.2,3.2,13,20.1,87,0,0,0,0.5,8.6,620.5,69,6,623,29,65,31.8,21.7
2026-07-16T12:35:00+05:30,2026-07-16 12:35:00,30.5,35.2,23.4,1.4,9.3,20.1,77,0,0,0,0.5,8.6,620.5,66,3,357.5,28.9,65,31.6,21.6
2026-07-16T12:30:00+05:30,2026-07-16 12:30:00,30,34.1,22.9,6.1,11.1,20.1,75,0,0,0,0.5,8.6,620.5,66,8,917.4,28.9,65,31.6,21.6
2026-07-16T12:25:00+05:30,2026-07-16 12:25:00,30.5,34.7,22.9,0,7.2,20.1,63,0,0,0,0.5,8.6,620.5,64,3,354.4,28.7,65,31.3,21.5
2026-07-16T12:20:00+05:30,2026-07-16 12:20:00,29.7,33.3,22.4,1.1,1.8,20.1,74,0,0,0,0.5,8.6,620.5,65,8,902.1,28.7,66,31.4,21.7
2026-07-16T12:15:00+05:30,2026-07-16 12:15:00,29.5,33.2,22.7,0.3,3.5,20.1,114,0,0,0,0.5,8.6,620.5,67,2,300.4,28.6,66,31.3,21.6
2026-07-16T12:10:00+05:30,2026-07-16 12:10:00,29.3,32.9,22.7,2.9,7.2,20.1,124,0,0,0,0.5,8.6,620.5,68,4,511.3,28.5,66,31.1,21.5
2026-07-16T12:05:00+05:30,2026-07-16 12:05:00,29.5,33,22.5,9.3,11.1,20.1,120,0,0,0,0.5,8.6,620.5,66,5,560.9,28.4,66,30.8,21.4
2026-07-16T12:00:00+05:30,2026-07-16 12:00:00,29.9,33.9,22.8,4.7,13,20.1,110,0,0,0,0.5,8.6,620.5,66,2,254.8,28.4,66,30.8,21.4
2026-07-16T11:55:00+05:30,2026-07-16 11:55:00,29.2,32.6,22.4,6.1,9.3,20.1,115,0,0,0,0.5,8.6,620.5,67,5,550.7,28.3,66,30.7,21.3
2026-07-16T11:50:00+05:30,2026-07-16 11:50:00,29.6,33.5,22.8,1.1,11.1,20.1,74,0,0,0,0.5,8.6,620.5,67,7,818.8,28.2,67,30.7,21.5
2026-07-16T11:45:00+05:30,2026-07-16 11:45:00,29.2,32.8,22.7,12.2,20.1,20.1,110,0,0,0,0.5,8.6,620.5,68,8,823.6,28.1,67,30.5,21.4
2026-07-16T11:40:00+05:30,2026-07-16 11:40:00,29.7,33.9,23.2,0,11.1,18.3,93,0,0,0,0.5,8.6,620.5,68,6,670.5,28,68,30.4,21.6
2026-07-16T11:35:00+05:30,2026-07-16 11:35:00,29,32.5,22.7,0,5.5,18.3,78,0,0,0,0.5,8.6,620.5,69,7,776.3,27.9,68,30.2,21.4
2026-07-16T11:30:00+05:30,2026-07-16 11:30:00,28.9,32.7,23.1,7.9,11.1,18.3,105,0,0,0,0.5,8.6,620.5,71,6,689.4,27.8,68,30,21.3
2026-07-16T11:25:00+05:30,2026-07-16 11:25:00,28.4,31.9,23.1,3.5,9.3,18.3,70,0,0,0,0.5,8.6,620.5,73,6,707.4,27.8,69,30.1,21.6
2026-07-16T11:20:00+05:30,2026-07-16 11:20:00,28.3,31.7,23,1.1,9.3,18.3,110,0,0,0,0.5,8.6,620.5,73,5,603,27.7,69,30,21.5
2026-07-16T11:15:00+05:30,2026-07-16 11:15:00,28.3,32,23.4,8.7,14.8,18.3,89,0,0,0,0.5,8.6,620.5,75,6,617.7,27.6,69,29.8,21.4
2026-07-16T11:10:00+05:30,2026-07-16 11:10:00,27.9,31.1,23,8.7,11.1,18.3,123,0,0,0,0.5,8.6,620.5,75,6,638.9,27.6,69,29.8,21.4
2026-07-16T11:05:00+05:30,2026-07-16 11:05:00,27.8,31,23.1,2.9,9.3,18.3,85,0,0,0,0.5,8.6,620.5,76,5,577.8,27.5,68,29.5,21.1
2026-07-16T11:00:00+05:30,2026-07-16 11:00:00,27.4,30.2,22.8,0.3,9.3,18.3,106,0,0,0,0.5,8.6,620.5,76,4,495.9,27.4,68,29.3,20.9
2026-07-16T10:55:00+05:30,2026-07-16 10:55:00,27.4,30.2,22.8,6.1,9.3,18.3,110,0,0,0,0.5,8.6,620.5,76,4,505.6,27.4,68,29.3,20.9
2026-07-16T10:50:00+05:30,2026-07-16 10:50:00,27.3,29.9,22.7,0,13,18.3,93,0,0,0,0.5,8.6,620.5,76,2,292.4,27.4,68,29.3,20.9
2026-07-16T10:45:00+05:30,2026-07-16 10:45:00,27.3,29.8,22.4,5.5,18.3,18.3,110,0,0,0,0.5,8.6,620.5,75,4,475.3,27.3,69,29.2,21.1
2026-07-16T10:40:00+05:30,2026-07-16 10:40:00,27.5,30.3,22.7,3.2,7.2,16.6,84,0,0,0,0.5,8.6,620.5,75,4,484.5,27.2,69,29.2,21
2026-07-16T10:35:00+05:30,2026-07-16 10:35:00,27.5,30.3,22.7,0,9.3,16.6,70,0,0,0,0.5,8.6,620.5,75,4,477.9,27.2,69,29.2,21
2026-07-16T10:30:00+05:30,2026-07-16 10:30:00,27.3,29.8,22.4,0.6,7.2,16.6,71,0,0,0,0.5,8.6,620.5,75,4,440.8,27.1,69,28.9,20.9
2026-07-16T10:26:00+05:30,2026-07-16 10:26:00,27,29.4,22.4,5,11.1,16.6,98,0,0,0,0.5,8.6,620.5,76,4,447.7,27.1,69,28.9,20.9
2026-07-16T10:20:00+05:30,2026-07-16 10:20:00,27.1,29.6,22.5,0,5.5,16.6,72,0,0,0,0.5,8.6,620.5,76,4,427,27,69,28.8,20.8
2026-07-16T10:15:00+05:30,2026-07-16 10:15:00,26.9,29.2,22.3,0,13,16.6,88,0,0,0,0.5,8.6,620.5,76,4,429.8,26.9,69,28.6,20.7
2026-07-16T10:10:00+05:30,2026-07-16 10:10:00,26.7,28.9,22.3,1.1,7.2,16.6,75,0,0,0,0.5,8.6,620.5,77,4,448.3,26.9,69,28.6,20.7
2026-07-16T10:05:00+05:30,2026-07-16 10:05:00,26.8,28.9,22.2,6.1,9.3,16.6,91,0,0,0,0.5,8.6,620.5,76,4,438,26.9,69,28.6,20.7
2026-07-16T10:00:00+05:30,2026-07-16 10:00:00,26.6,27.3,22.2,0,5.5,16.6,83,0,0,0,0.5,8.6,620.5,77,3,401.6,26.8,69,28.4,20.6
2026-07-16T09:55:00+05:30,2026-07-16 09:55:00,26.6,27.3,22.2,4.3,9.3,16.6,125,0,0,0,0.5,8.6,620.5,77,3,390.3,26.8,69,28.4,20.6
2026-07-16T09:50:00+05:30,2026-07-16 09:50:00,26.4,27.1,22,7.2,9.3,16.6,98,0,0,0,0.5,8.6,620.5,77,4,418.6,26.7,69,28.3,20.6
2026-07-16T09:45:00+05:30,2026-07-16 09:45:00,26.2,26.9,22.1,1.4,5.5,16.6,77,0,0,0,0.5,8.6,620.5,78,3,359.5,26.7,69,28.3,20.6
2026-07-16T09:40:00+05:30,2026-07-16 09:40:00,26.2,26.9,21.9,1.1,3.5,16.6,106,0,0,0,0.5,8.6,620.5,77,3,317.3,26.6,69,27.1,20.4
2026-07-16T09:35:00+05:30,2026-07-16 09:35:00,25.9,26.6,21.7,0,5.5,16.6,98,0,0,0,0.5,8.6,620.5,78,2,306.4,26.6,69,27.1,20.4
2026-07-16T09:30:00+05:30,2026-07-16 09:30:00,26,26.7,22.1,0,5.5,16.6,70,0,0,0,0.5,8.6,620.5,79,1,199.6,26.6,69,27.1,20.4
2026-07-16T09:25:00+05:30,2026-07-16 09:25:00,26.3,27,22.1,7.9,13,16.6,68,0,0,0,0.5,8.6,620.5,78,3,382.6,26.5,69,27,20.3
2026-07-16T09:21:00+05:30,2026-07-16 09:21:00,26.1,26.8,22,0.3,7.2,16.6,109,0,0,0,0.5,8.6,620.5,78,4,429.3,26.5,69,27,20.3
2026-07-16T09:15:00+05:30,2026-07-16 09:15:00,25.8,26.4,21.6,1.1,5.5,16.6,152,0,0,0,0.5,8.6,620.5,78,4,463,26.4,69,26.9,20.2
2026-07-16T09:10:00+05:30,2026-07-16 09:10:00,25.9,26.6,21.7,5.5,16.6,16.6,172,0,0,0,0.5,8.6,620.5,78,4,448.4,26.4,69,26.9,20.2
2026-07-16T09:05:00+05:30,2026-07-16 09:05:00,25.5,26.1,21.4,0.3,7.2,16.6,94,0,0,0,0.5,8.6,620.5,78,4,438.2,26.3,68,26.7,19.9
2026-07-16T09:00:00+05:30,2026-07-16 09:00:00,25.9,26.6,21.7,6.9,9.3,16.6,102,0,0,0,0.5,8.6,620.5,78,3,316,26.3,68,26.7,19.9
2026-07-16T08:55:00+05:30,2026-07-16 08:55:00,25.8,26.5,21.9,1.4,7.2,16.6,66,0,0,0,0.5,8.6,620.5,79,4,436.5,26.2,68,26.7,19.8
2026-07-16T08:50:00+05:30,2026-07-16 08:50:00,25.7,26.4,21.6,0,11.1,16.6,111,0,0,0,0.5,8.6,620.5,78,3,387,26.2,68,26.7,19.8
2026-07-16T08:46:00+05:30,2026-07-16 08:46:00,25.4,26,21.5,8.7,16.6,16.6,60,0,0,0,0.5,8.6,620.5,79,3,379.7,26.2,68,26.7,19.8
2026-07-16T08:40:00+05:30,2026-07-16 08:40:00,25.4,26,21.5,4,5.5,14.8,61,0,0,0,0.5,8.6,620.5,79,3,343.1,26.1,68,26.6,19.7
2026-07-16T08:35:00+05:30,2026-07-16 08:35:00,25.2,25.9,21.5,0.3,7.2,14.8,72,0,0,0,0.5,8.6,620.5,80,2,290.2,26.1,68,26.6,19.7
2026-07-16T08:30:00+05:30,2026-07-16 08:30:00,25.5,26.2,21.6,2.6,7.2,14.8,81,0,0,0,0.5,8.6,620.5,79,2,270.8,26.1,68,26.6,19.7
2026-07-16T08:25:00+05:30,2026-07-16 08:25:00,25.1,25.8,21.4,2.1,11.1,14.8,62,0,0,0,0.5,8.6,620.5,80,3,340,26.1,68,26.6,19.7
2026-07-16T08:20:00+05:30,2026-07-16 08:20:00,25,25.6,21.3,2.9,7.2,14.8,94,0,0,0,0.5,8.6,620.5,80,3,312.7,26,68,26.4,19.6
2026-07-16T08:15:00+05:30,2026-07-16 08:15:00,25.5,26.1,21.4,2.9,5.5,14.8,48,0,0,0,0.5,8.6,620.5,78,3,335.4,26,67,26.4,19.4
2026-07-16T08:10:00+05:30,2026-07-16 08:10:00,25.1,25.7,21.2,7.2,9.3,14.8,110,0,0,0,0.5,8.6,620.5,79,3,329.9,26,67,26.4,19.4
2026-07-16T08:05:00+05:30,2026-07-16 08:05:00,24.7,25.3,21,0,11.1,14.8,72,0,0,0,0.5,8.6,620.5,80,2,291.6,26,67,26.4,19.4
2026-07-16T08:00:00+05:30,2026-07-16 08:00:00,24.6,25.2,20.9,4,9.3,14.8,89,0,0,0,0.5,8.6,620.5,80,2,270.1,26,67,26.4,19.4
2026-07-16T07:55:00+05:30,2026-07-16 07:55:00,24.4,25,20.9,5,11.1,14.8,88,0,0,0,0.5,8.6,620.5,81,1,178.9,26,67,26.4,19.4
2026-07-16T07:50:00+05:30,2026-07-16 07:50:00,24.2,24.8,20.5,0,9.3,14.8,97,0,0,0,0.5,8.6,620.5,80,1,164.3,26,67,26.4,19.4
2026-07-16T07:45:00+05:30,2026-07-16 07:45:00,24.2,24.8,20.7,3.5,9.3,14.8,115,0,0,0,0.5,8.6,620.5,81,1,124.1,25.9,67,26.3,19.3
2026-07-16T07:41:00+05:30,2026-07-16 07:41:00,24.2,24.8,20.7,0.3,5.5,14.8,64,0,0,0,0.5,8.6,620.5,81,1,120.8,26,67,26.4,19.4
2026-07-16T07:35:00+05:30,2026-07-16 07:35:00,24.2,24.8,20.7,0,7.2,14.8,71,0,0,0,0.5,8.6,620.5,81,1,124.4,25.9,67,26.3,19.3
2026-07-16T07:30:00+05:30,2026-07-16 07:30:00,24.3,24.9,20.8,0,5.5,14.8,74,0,0,0,0.5,8.6,620.5,81,1,113.9,25.9,67,26.3,19.3
2026-07-16T07:25:00+05:30,2026-07-16 07:25:00,24.3,24.9,20.8,0,3.5,14.8,82,0,0,0,0.5,8.6,620.5,81,1,126.8,25.9,67,26.3,19.3
2026-07-16T07:20:00+05:30,2026-07-16 07:20:00,24.1,24.7,20.6,0,7.2,14.8,96,0,0,0,0.5,8.6,620.5,81,1,125.7,25.9,67,26.3,19.3
2026-07-16T07:15:00+05:30,2026-07-16 07:15:00,24,24.6,20.5,0,7.2,14.8,87,0,0,0,0.5,8.6,620.5,81,1,129.6,25.8,67,26.2,19.2
2026-07-16T07:10:00+05:30,2026-07-16 07:10:00,23.8,24.3,20.3,5.8,9.3,14.8,114,0,0,0,0.5,8.6,620.5,81,1,115.7,25.8,67,26.2,19.2
2026-07-16T07:05:00+05:30,2026-07-16 07:05:00,23.6,24.2,20.4,6.1,9.3,14.8,83,0,0,0,0.5,8.6,620.5,82,0,98.6,25.8,67,26.2,19.2
2026-07-16T07:00:00+05:30,2026-07-16 07:00:00,23.4,23.9,20.1,6.1,7.2,14.8,101,0,0,0,0.5,8.6,620.5,82,0,82.3,25.8,67,26.2,19.2
2026-07-16T06:55:00+05:30,2026-07-16 06:55:00,23.3,23.8,20.2,6.1,7.2,14.8,101,0,0,0,0.5,8.6,620.5,83,0,72.7,25.8,67,26.2,19.2
2026-07-16T06:50:00+05:30,2026-07-16 06:50:00,23.3,23.8,20.2,3.5,5.5,14.8,82,0,0,0,0.5,8.6,620.5,83,0,63.2,25.8,67,26.2,19.2
2026-07-16T06:45:00+05:30,2026-07-16 06:45:00,23.2,23.8,20.2,2.1,3.5,14.8,71,0,0,0,0.5,8.6,620.5,83,0,53.7,25.8,67,26.2,19.2
2026-07-16T06:40:00+05:30,2026-07-16 06:40:00,23,23.5,20.1,4.7,7.2,14.8,95,0,0,0,0.5,8.6,620.5,84,0,45.2,25.8,67,26.2,19.2
2026-07-16T06:36:00+05:30,2026-07-16 06:36:00,23,23.5,20.1,0,3.5,14.8,68,0,0,0,0.5,8.6,620.5,84,0,38,25.8,67,26.2,19.2
2026-07-16T06:30:00+05:30,2026-07-16 06:30:00,23,23.5,20.1,6.4,9.3,14.8,106,0,0,0,0.5,8.6,620.5,84,0,30.5,25.8,67,26.2,19.2
2026-07-16T06:25:00+05:30,2026-07-16 06:25:00,22.9,23.4,20,6.1,7.2,14.8,85,0,0,0,0.5,8.6,620.5,84,0,23.3,25.8,67,26.2,19.2
2026-07-16T06:20:00+05:30,2026-07-16 06:20:00,22.8,23.3,19.9,0,1.8,14.8,70,0,0,0,0.5,8.6,620.5,84,0,17.6,25.8,67,26.2,19.2
2026-07-16T06:15:00+05:30,2026-07-16 06:15:00,22.8,23.3,19.9,0,5.5,14.8,87,0,0,0,0.5,8.6,620.5,84,0,13.2,25.9,67,26.3,19.3
2026-07-16T06:10:00+05:30,2026-07-16 06:10:00,22.8,23.3,19.9,2.1,7.2,14.8,93,0,0,0,0.5,8.6,620.5,84,0,8.8,25.9,67,26.3,19.3
2026-07-16T06:05:00+05:30,2026-07-16 06:05:00,22.7,23.3,20.1,0,5.5,14.8,73,0,0,0,0.5,8.6,620.5,85,0,4.8,25.9,67,26.3,19.3
2026-07-16T06:00:00+05:30,2026-07-16 06:00:00,22.6,23.1,20,1.8,3.5,14.8,63,0,0,0,0.5,8.6,620.5,85,0,2.6,25.9,67,26.3,19.3
2026-07-16T05:55:00+05:30,2026-07-16 05:55:00,22.6,23.1,20,0.3,5.5,14.8,78,0,0,0,0.5,8.6,620.5,85,0,1.6,25.9,67,26.3,19.3
2026-07-16T05:50:00+05:30,2026-07-16 05:50:00,22.7,23.3,20.1,0,3.5,14.8,71,0,0,0,0.5,8.6,620.5,85,0,0.6,25.9,67,26.3,19.3
2026-07-16T05:45:00+05:30,2026-07-16 05:45:00,22.7,23.3,20.1,1.4,3.5,14.8,83,0,0,0,0.5,8.6,620.5,85,0,0.2,25.9,67,26.3,19.3
2026-07-16T05:40:00+05:30,2026-07-16 05:40:00,22.9,23.4,20,0,1.8,14.8,74,0,0,0,0.5,8.6,620.5,84,0,0.1,25.9,67,26.3,19.3
2026-07-16T05:35:00+05:30,2026-07-16 05:35:00,22.9,23.4,20,0,9.3,14.8,105,0,0,0,0.5,8.6,620.5,84,0,0,25.9,67,26.3,19.3
2026-07-16T05:30:00+05:30,2026-07-16 05:30:00,22.9,23.4,20,5.5,11.1,14.8,86,0,0,0,0.5,8.6,620.5,84,0,0,25.9,67,26.3,19.3
2026-07-16T05:25:00+05:30,2026-07-16 05:25:00,22.8,23.3,20.1,7.2,9.3,14.8,105,0,0,0,0.5,8.6,620.5,85,0,0,26,67,26.4,19.4
2026-07-16T05:20:00+05:30,2026-07-16 05:20:00,22.8,23.3,20.1,0,3.5,14.8,62,0,0,0,0.5,8.6,620.5,85,0,0,26,67,26.4,19.4
2026-07-16T05:16:00+05:30,2026-07-16 05:16:00,22.7,23.3,20.1,0.6,3.5,14.8,74,0,0,0,0.5,8.6,620.5,85,0,0,26,67,26.4,19.4
2026-07-16T05:10:00+05:30,2026-07-16 05:10:00,22.6,23.2,20.1,0,0,14.8,77,0,0,0,0.5,8.6,620.5,86,0,0,26,67,26.4,19.4
2026-07-16T05:05:00+05:30,2026-07-16 05:05:00,22.7,23.3,20.1,0.3,3.5,14.8,80,0,0,0,0.5,8.6,620.5,85,0,0,26,67,26.4,19.4
2026-07-16T05:00:00+05:30,2026-07-16 05:00:00,22.7,23.3,20.1,0,7.2,14.8,81,0,0,0,0.5,8.6,620.5,85,0,0,26,67,26.4,19.4
2026-07-16T04:55:00+05:30,2026-07-16 04:55:00,22.7,23.3,20.3,0.6,7.2,14.8,100,0,0,0,0.5,8.6,620.5,86,0,0,26,67,26.4,19.4
2026-07-16T04:50:00+05:30,2026-07-16 04:50:00,22.7,23.3,20.3,0,7.2,14.8,47,0,0,0,0.5,8.6,620.5,86,0,0,26,67,26.4,19.4
2026-07-16T04:45:00+05:30,2026-07-16 04:45:00,22.8,23.3,20.1,0.3,7.2,14.8,69,0,0,0,0.5,8.6,620.5,85,0,0,26.1,67,26.5,19.5
2026-07-16T04:40:00+05:30,2026-07-16 04:40:00,22.8,23.3,20.1,2.1,11.1,14.8,59,0,0,0,0.5,8.6,620.5,85,0,0,26.1,67,26.5,19.5
2026-07-16T04:35:00+05:30,2026-07-16 04:35:00,22.7,23.3,20.1,0,5.5,14.8,68,0,0,0,0.5,8.6,620.5,85,0,0,26.1,67,26.5,19.5
2026-07-16T04:30:00+05:30,2026-07-16 04:30:00,22.7,23.3,20.3,5.5,11.1,14.8,82,0,0,0,0.5,8.6,620.5,86,0,0,26.1,67,26.5,19.5
2026-07-16T04:25:00+05:30,2026-07-16 04:25:00,22.7,23.3,20.3,6.1,9.3,14.8,98,0,0,0,0.5,8.6,620.5,86,0,0,26.1,67,26.5,19.5
2026-07-16T04:20:00+05:30,2026-07-16 04:20:00,22.7,23.3,20.3,3.2,7.2,14.8,82,0,0,0,0.5,8.6,620.5,86,0,0,26.2,67,26.7,19.6
2026-07-16T04:15:00+05:30,2026-07-16 04:15:00,22.6,23.2,20.1,7.9,11.1,14.8,109,0,0,0,0.5,8.6,620.5,86,0,0,26.2,67,26.7,19.6
2026-07-16T04:11:00+05:30,2026-07-16 04:11:00,22.7,23.3,20.3,0.3,7.2,14.8,71,0,0,0,0.5,8.6,620.5,86,0,0,26.2,67,26.7,19.6
2026-07-16T04:05:00+05:30,2026-07-16 04:05:00,22.7,23.3,20.3,4,9.3,14.8,88,0,0,0,0.5,8.6,620.5,86,0,0,26.2,67,26.7,19.6
2026-07-16T04:00:00+05:30,2026-07-16 04:00:00,22.8,23.4,20.3,0,5.5,14.8,93,0,0,0,0.5,8.6,620.5,86,0,0,26.2,67,26.7,19.6
2026-07-16T03:55:00+05:30,2026-07-16 03:55:00,22.8,23.3,20.1,0,9.3,14.8,69,0,0,0,0.5,8.6,620.5,85,0,0,26.2,67,26.7,19.6
2026-07-16T03:50:00+05:30,2026-07-16 03:50:00,22.7,23.3,20.3,0.3,5.5,14.8,64,0,0,0,0.5,8.6,620.5,86,0,0,26.3,67,26.7,19.7
2026-07-16T03:45:00+05:30,2026-07-16 03:45:00,22.7,23.3,20.3,1.8,11.1,14.8,81,0,0,0,0.5,8.6,620.5,86,0,0,26.3,67,26.7,19.7
2026-07-16T03:40:00+05:30,2026-07-16 03:40:00,22.8,23.3,20.1,2.1,7.2,14.8,68,0,0,0,0.5,8.6,620.5,85,0,0,26.3,67,26.7,19.7
2026-07-16T03:35:00+05:30,2026-07-16 03:35:00,22.8,23.4,20.3,0,1.8,14.8,94,0,0,0,0.5,8.6,620.5,86,0,0,26.3,67,26.7,19.7
2026-07-16T03:30:00+05:30,2026-07-16 03:30:00,22.7,23.3,20.3,1.1,3.5,14.8,84,0,0,0,0.5,8.6,620.5,86,0,0,26.4,67,26.8,19.8
2026-07-16T03:25:00+05:30,2026-07-16 03:25:00,22.7,23.3,20.4,0,3.5,14.8,70,0,0,0,0.5,8.6,620.5,87,0,0,26.4,67,26.8,19.8
2026-07-16T03:20:00+05:30,2026-07-16 03:20:00,22.7,23.3,20.3,1.1,7.2,14.8,88,0,0,0,0.5,8.6,620.5,86,0,0,26.4,67,26.8,19.8
2026-07-16T03:15:00+05:30,2026-07-16 03:15:00,22.7,23.3,20.3,0,7.2,14.8,73,0,0,0,0.5,8.6,620.5,86,0,0,26.4,67,26.8,19.8
2026-07-16T03:10:00+05:30,2026-07-16 03:10:00,22.8,23.4,20.5,1.4,3.5,14.8,68,0,0,0,0.5,8.6,620.5,87,0,0,26.5,67,26.9,19.9
2026-07-16T03:06:00+05:30,2026-07-16 03:06:00,22.8,23.4,20.3,1.1,3.5,14.8,72,0,0,0,0.5,8.6,620.5,86,0,0,26.4,67,26.8,19.8
2026-07-16T03:00:00+05:30,2026-07-16 03:00:00,22.9,23.5,20.4,2.9,9.3,14.8,73,0,0,0,0.5,8.6,620.5,86,0,0,26.5,67,26.9,19.9
2026-07-16T02:55:00+05:30,2026-07-16 02:55:00,22.9,23.5,20.4,0,9.3,14.8,74,0,0,0,0.5,8.6,620.5,86,0,0,26.5,67,26.9,19.9
2026-07-16T02:50:00+05:30,2026-07-16 02:50:00,22.8,23.4,20.5,0.3,3.5,14.8,69,0,0,0,0.5,8.6,620.5,87,0,0,26.5,67,26.9,19.9
2026-07-16T02:45:00+05:30,2026-07-16 02:45:00,22.8,23.4,20.5,0,0,14.8,73,0,0,0,0.5,8.6,620.5,87,0,0,26.6,67,27.1,19.9
2026-07-16T02:40:00+05:30,2026-07-16 02:40:00,22.8,23.4,20.5,0,0,14.8,73,0,0,0,0.5,8.6,620.5,87,0,0,26.6,67,27.1,19.9
2026-07-16T02:35:00+05:30,2026-07-16 02:35:00,22.9,23.5,20.6,0.6,1.8,14.8,62,0,0,0,0.5,8.6,620.5,87,0,0,26.6,67,27.1,19.9
2026-07-16T02:30:00+05:30,2026-07-16 02:30:00,22.9,23.5,20.6,6.1,7.2,14.8,86,0,0,0,0.5,8.6,620.5,87,0,0,26.6,67,27.1,19.9
2026-07-16T02:25:00+05:30,2026-07-16 02:25:00,22.8,23.4,20.5,0,5.5,14.8,75,0,0,0,0.5,8.6,620.5,87,0,0,26.6,67,27.1,19.9
2026-07-16T02:20:00+05:30,2026-07-16 02:20:00,22.9,23.5,20.6,2.9,3.5,14.8,87,0,0,0,0.5,8.6,620.5,87,0,0,26.6,67,27.1,19.9
2026-07-16T02:15:00+05:30,2026-07-16 02:15:00,22.9,23.5,20.6,1.4,3.5,14.8,79,0,0,0,0.5,8.6,620.5,87,0,0,26.7,67,28.2,20.1
2026-07-16T02:10:00+05:30,2026-07-16 02:10:00,22.8,23.4,20.5,4.7,7.2,14.8,104,0,0,0,0.5,8.6,620.5,87,0,0,26.7,67,28.2,20.1
2026-07-16T02:05:00+05:30,2026-07-16 02:05:00,22.8,23.4,20.5,0,0,14.8,67,0,0,0,0.5,8.6,620.5,87,0,0,26.7,67,28.2,20.1
2026-07-16T02:00:00+05:30,2026-07-16 02:00:00,22.9,23.5,20.6,0,1.8,14.8,60,0,0,0,0.5,8.6,620.5,87,0,0,26.7,67,28.2,20.1
2026-07-16T01:55:00+05:30,2026-07-16 01:55:00,22.8,23.4,20.7,0,0,14.8,89,0,0,0,0.5,8.6,620.5,88,0,0,26.7,67,28.2,20.1
2026-07-16T01:50:00+05:30,2026-07-16 01:50:00,22.8,23.4,20.7,0.6,5.5,14.8,69,0,0,0,0.5,8.6,620.5,88,0,0,26.7,67,28.2,20.1
2026-07-16T01:45:00+05:30,2026-07-16 01:45:00,23,23.6,20.7,0,0,14.8,65,0,0,0,0.5,8.6,620.5,87,0,0,26.7,66,28.1,19.8
2026-07-16T01:40:00+05:30,2026-07-16 01:40:00,22.9,23.5,20.6,0,0,14.8,78,0,0,0,0.5,8.6,620.5,87,0,0,26.8,66,28.2,19.9
2026-07-16T01:35:00+05:30,2026-07-16 01:35:00,23,23.6,20.7,0,0,14.8,64,0,0,0,0.5,8.6,620.5,87,0,0,26.8,66,28.2,19.9
2026-07-16T01:30:00+05:30,2026-07-16 01:30:00,23.2,23.8,20.7,0,0,14.8,77,0,0,0,0.5,8.6,620.5,86,0,0,26.8,66,28.2,19.9
2026-07-16T01:25:00+05:30,2026-07-16 01:25:00,23.2,23.8,20.7,2.1,5.5,14.8,99,0,0,0,0.5,8.6,620.5,86,0,0,26.8,66,28.2,19.9
2026-07-16T01:20:00+05:30,2026-07-16 01:20:00,23.2,23.8,20.7,0,0,14.8,71,0,0,0,0.5,8.6,620.5,86,0,0,26.8,66,28.2,19.9
2026-07-16T01:15:00+05:30,2026-07-16 01:15:00,23.1,23.7,20.6,0.3,7.2,9.3,85,0,0,0,0.5,8.6,620.5,86,0,0,26.9,66,28.4,20
2026-07-16T01:10:00+05:30,2026-07-16 01:10:00,23.1,23.7,20.6,5.5,7.2,9.3,81,0,0,0,0.5,8.6,620.5,86,0,0,26.9,66,28.4,20
2026-07-16T01:05:00+05:30,2026-07-16 01:05:00,23,23.6,20.7,0,0,9.3,70,0,0,0,0.5,8.6,620.5,87,0,0,26.9,66,28.4,20
2026-07-16T01:00:00+05:30,2026-07-16 01:00:00,23.1,23.7,20.6,0,3.5,9.3,70,0,0,0,0.5,8.6,620.5,86,0,0,26.9,66,28.4,20
2026-07-16T00:55:00+05:30,2026-07-16 00:55:00,23.1,23.7,20.8,0,5.5,9.3,82,0,0,0,0.5,8.6,620.5,87,0,0,26.9,66,28.4,20
2026-07-16T00:50:00+05:30,2026-07-16 00:50:00,23.1,23.7,20.6,0,1.8,9.3,81,0,0,0,0.5,8.6,620.5,86,0,0,27,66,28.6,20.1
2026-07-16T00:45:00+05:30,2026-07-16 00:45:00,23.1,23.7,20.8,0,0,9.3,82,0,0,0,0.5,8.6,620.5,87,0,0,27,66,28.6,20.1
2026-07-16T00:41:00+05:30,2026-07-16 00:41:00,23,23.6,20.7,0,5.5,9.3,97,0,0,0,0.5,8.6,620.5,87,0,0,27.1,66,28.7,20.2
2026-07-16T00:35:00+05:30,2026-07-16 00:35:00,23.1,23.7,20.6,0,1.8,9.3,70,0,0,0,0.5,8.6,620.5,86,0,0,27.1,66,28.7,20.2
2026-07-16T00:30:00+05:30,2026-07-16 00:30:00,23.1,23.7,20.6,0,7.2,9.3,76,0,0,0,0.5,8.6,620.5,86,0,0,27.1,66,28.7,20.2
2026-07-16T00:25:00+05:30,2026-07-16 00:25:00,23.1,23.7,20.6,0,0,9.3,101,0,0,0,0.5,8.6,620.5,86,0,0,27.1,66,28.7,20.2
2026-07-16T00:20:00+05:30,2026-07-16 00:20:00,23.1,23.7,20.6,0,0,9.3,75,0,0,0,0.5,8.6,620.5,86,0,0,27.2,66,28.9,20.3
2026-07-16T00:15:00+05:30,2026-07-16 00:15:00,23.1,23.7,20.6,2.9,5.5,9.3,76,0,0,0,0.5,8.6,620.5,86,0,0,27.2,66,28.9,20.3
2026-07-16T00:10:00+05:30,2026-07-16 00:10:00,23.1,23.7,20.6,0,3.5,9.3,56,0,0,0,0.5,8.6,620.5,86,0,0,27.2,66,28.9,20.3
2026-07-16T00:05:00+05:30,2026-07-16 00:05:00,23.1,23.7,20.6,4,5.5,9.3,101,0,0,0,0.5,8.6,620.5,86,0,0,27.2,66,28.9,20.3
2026-07-16T00:00:00+05:30,2026-07-16 00:00:00,23.1,23.7,20.6,4,9.3,9.3,103,0,0,0,0.5,8.6,620.5,86,0,0,27.2,66,28.9,20.3
2026-07-15T23:55:00+05:30,2026-07-15 23:55:00,23,23.6,20.5,0,3.5,21.9,73,0,0,0,0.5,8.6,620.5,86,0,0,27.2,66,28.9,20.3
2026-07-15T23:50:00+05:30,2026-07-15 23:50:00,23.1,23.7,20.6,0,0,21.9,69,0,0,0,0.5,8.6,620.5,86,0,0,27.2,66,28.9,20.3
2026-07-15T23:45:00+05:30,2026-07-15 23:45:00,23.2,23.8,20.7,0,0,21.9,76,0,0,0,0.5,8.6,620.5,86,0,0,27.2,66,28.9,20.3
2026-07-15T23:40:00+05:30,2026-07-15 23:40:00,23.3,23.9,20.8,0,0,21.9,67,0,0,0,0.5,8.6,620.5,86,0,0,27.3,66,28.9,20.3
2026-07-15T23:36:00+05:30,2026-07-15 23:36:00,23.3,23.9,20.6,2.9,5.5,21.9,73,0,0,0,0.5,8.6,620.5,85,0,0,27.3,66,28.9,20.3
2026-07-15T23:30:00+05:30,2026-07-15 23:30:00,23.3,23.9,20.6,0,0,21.9,96,0,0,0,0.5,8.6,620.5,85,0,0,27.3,66,28.9,20.3
2026-07-15T23:25:00+05:30,2026-07-15 23:25:00,23.2,23.8,20.6,0,3.5,21.9,106,0,0,0,0.5,8.6,620.5,85,0,0,27.4,66,29.1,20.4
2026-07-15T23:20:00+05:30,2026-07-15 23:20:00,23.2,23.8,20.6,0,0,21.9,72,0,0,0,0.5,8.6,620.5,85,0,0,27.4,66,29.1,20.4
2026-07-15T23:15:00+05:30,2026-07-15 23:15:00,23.3,23.9,20.6,0,5.5,21.9,76,0,0,0,0.5,8.6,620.5,85,0,0,27.4,66,29.1,20.4
2026-07-15T23:10:00+05:30,2026-07-15 23:10:00,23.4,24,20.7,0,5.5,21.9,74,0,0,0,0.5,8.6,620.5,85,0,0,27.4,66,29.1,20.4
2026-07-15T23:05:00+05:30,2026-07-15 23:05:00,23.5,24.1,20.8,1.4,3.5,21.9,54,0,0,0,0.5,8.6,620.5,85,0,0,27.5,66,29.3,20.6
2026-07-15T23:00:00+05:30,2026-07-15 23:00:00,23.5,24.1,20.8,0,7.2,21.9,80,0,0,0,0.5,8.6,620.5,85,0,0,27.5,66,29.3,20.6
2026-07-15T22:55:00+05:30,2026-07-15 22:55:00,23.5,24.1,20.6,1.1,7.2,21.9,77,0,0,0,0.5,8.6,620.5,84,0,0,27.5,66,29.3,20.6
2026-07-15T22:50:00+05:30,2026-07-15 22:50:00,23.4,24,20.7,0,3.5,21.9,74,0,0,0,0.5,8.6,620.5,85,0,0,27.6,66,29.5,20.7
2026-07-15T22:45:00+05:30,2026-07-15 22:45:00,23.4,24,20.9,0,1.8,21.9,59,0,0,0,0.5,8.6,620.5,86,0,0,27.6,66,29.5,20.7
2026-07-15T22:40:00+05:30,2026-07-15 22:40:00,23.4,24.1,21.1,0,3.5,21.9,72,0,0,0,0.5,8.6,620.5,87,0,0,27.6,66,29.5,20.7
2026-07-15T22:35:00+05:30,2026-07-15 22:35:00,23.5,24.2,21.2,0,7.2,21.9,75,0,0,0,0.5,8.6,620.5,87,0,0,27.7,66,29.7,20.8
2026-07-15T22:31:00+05:30,2026-07-15 22:31:00,23.5,24.2,21.2,0,3.5,21.9,68,0,0,0,0.5,8.6,620.5,87,0,0,27.7,66,29.7,20.8
2026-07-15T22:25:00+05:30,2026-07-15 22:25:00,23.5,24.2,21.2,0,9.3,21.9,80,0,0,0,0.5,8.6,620.5,87,0,0,27.8,66,29.8,20.8
2026-07-15T22:20:00+05:30,2026-07-15 22:20:00,23.6,24.3,21.3,0.6,7.2,21.9,101,0,0,0,0.5,8.6,620.5,87,0,0,27.8,66,29.8,20.8
2026-07-15T22:15:00+05:30,2026-07-15 22:15:00,23.6,24.3,21.3,0,5.5,21.9,85,0,0,0,0.5,8.6,620.5,87,0,0,27.8,66,29.8,20.8
2026-07-15T22:10:00+05:30,2026-07-15 22:10:00,23.5,24.2,21.2,4,5.5,21.9,81,0,0,0,0.5,8.6,620.5,87,0,0,27.8,67,29.9,21.1
2026-07-15T22:05:00+05:30,2026-07-15 22:05:00,23.5,24.2,21.4,0.3,7.2,21.9,85,0,0,0,0.5,8.6,620.5,88,0,0,27.8,67,29.9,21.1
2026-07-15T22:00:00+05:30,2026-07-15 22:00:00,23.6,24.3,21.5,0.3,5.5,21.9,81,0,0,0,0.5,8.6,620.5,88,0,0,27.9,67,30.1,21.2
2026-07-15T21:55:00+05:30,2026-07-15 21:55:00,23.7,24.4,21.6,4.3,7.2,21.9,93,0,0,0,0.5,8.6,620.5,88,0,0,27.9,67,30.1,21.2
2026-07-15T21:50:00+05:30,2026-07-15 21:50:00,23.8,24.5,21.5,0,9.3,21.9,77,0,0,0,0.5,8.6,620.5,87,0,0,27.9,67,30.1,21.2
2026-07-15T21:45:00+05:30,2026-07-15 21:45:00,23.7,24.4,21.6,0.6,1.8,21.9,95,0,0,0,0.5,8.6,620.5,88,0,0,28,67,30.3,21.3
2026-07-15T21:40:00+05:30,2026-07-15 21:40:00,23.6,24.4,21.7,0,1.8,21.9,67,0,0,0,0.5,8.6,620.5,89,0,0,28,67,30.3,21.3
2026-07-15T21:35:00+05:30,2026-07-15 21:35:00,23.7,24.5,21.8,7.9,11.1,21.9,97,0,0,0,0.5,8.6,620.5,89,0,0,28.1,67,30.5,21.4
2026-07-15T21:30:00+05:30,2026-07-15 21:30:00,23.7,24.5,21.8,6.9,9.3,21.9,98,0,0,0,0.5,8.6,620.5,89,0,0,28.1,67,30.5,21.4
2026-07-15T21:26:00+05:30,2026-07-15 21:26:00,23.7,24.5,21.8,4,7.2,21.9,77,0,0,0,0.5,8.6,620.5,89,0,0,28.1,67,30.5,21.4
2026-07-15T21:20:00+05:30,2026-07-15 21:20:00,23.8,24.5,21.9,0,13,21.9,83,0,0,0,0.5,8.6,620.5,89,0,0,28.2,67,30.7,21.5
2026-07-15T21:15:00+05:30,2026-07-15 21:15:00,23.8,24.5,21.9,0,7.2,21.9,109,0,0,0,0.5,8.6,620.5,89,0,0,28.2,67,30.7,21.5
2026-07-15T21:10:00+05:30,2026-07-15 21:10:00,23.8,24.5,21.9,0,9.3,21.9,80,0,0,0,0.5,8.6,620.5,89,0,0,28.3,67,30.8,21.6
2026-07-15T21:05:00+05:30,2026-07-15 21:05:00,23.9,24.7,22.1,0,5.5,21.9,64,0,0,0,0.5,8.6,620.5,90,0,0,28.3,67,30.8,21.6
2026-07-15T21:00:00+05:30,2026-07-15 21:00:00,23.9,24.7,22,6.4,11.1,21.9,88,0,0,0,0.5,8.6,620.5,89,0,0,28.4,67,31,21.7
2026-07-15T20:55:00+05:30,2026-07-15 20:55:00,23.9,24.7,22.1,0.3,11.1,21.9,84,0,0,0,0.5,8.6,620.5,90,0,0,28.4,67,31,21.7
2026-07-15T20:50:00+05:30,2026-07-15 20:50:00,23.9,24.7,22.1,2.9,3.5,21.9,99,0,0,0,0.5,8.6,620.5,90,0,0,28.4,67,31,21.7
2026-07-15T20:45:00+05:30,2026-07-15 20:45:00,24,24.8,22.3,0,11.1,21.9,78,0,0,0,0.5,8.6,620.5,90,0,0,28.5,67,31.2,21.8
2026-07-15T20:40:00+05:30,2026-07-15 20:40:00,24,24.8,22.3,0.3,5.5,21.9,90,0,0,0,0.5,8.6,620.5,90,0,0,28.5,67,31.2,21.8
2026-07-15T20:35:00+05:30,2026-07-15 20:35:00,24,24.8,22.3,2.1,7.2,21.9,60,0,0,0,0.5,8.6,620.5,90,0,0,28.5,67,31.2,21.8
2026-07-15T20:30:00+05:30,2026-07-15 20:30:00,24.1,24.9,22.4,0,1.8,21.9,72,0,0,0,0.5,8.6,620.5,90,0,0,28.6,67,31.4,21.9
2026-07-15T20:25:00+05:30,2026-07-15 20:25:00,24.2,25.1,22.5,0,1.8,21.9,71,0,0,0,0.5,8.6,620.5,90,0,0,28.6,67,31.4,21.9
2026-07-15T20:20:00+05:30,2026-07-15 20:20:00,24.2,25.1,22.5,0,3.5,21.9,109,0,0,0,0.5,8.6,620.5,90,0,0,28.6,67,31.4,21.9
2026-07-15T20:15:00+05:30,2026-07-15 20:15:00,24.3,25.1,22.5,2.9,5.5,21.9,92,0,0,0,0.5,8.6,620.5,90,0,0,28.7,67,31.6,22
2026-07-15T20:10:00+05:30,2026-07-15 20:10:00,24.3,25.1,22.5,0,5.5,21.9,77,0,0,0,0.5,8.6,620.5,90,0,0,28.7,67,31.6,22
2026-07-15T20:05:00+05:30,2026-07-15 20:05:00,24.4,25.2,22.6,5,7.2,21.9,92,0,0,0,0.5,8.6,620.5,90,0,0,28.8,67,31.7,22
2026-07-15T20:00:00+05:30,2026-07-15 20:00:00,24.5,25.4,22.7,0.3,5.5,21.9,78,0,0,0,0.5,8.6,620.5,90,0,0,28.8,67,31.7,22
2026-07-15T19:55:00+05:30,2026-07-15 19:55:00,24.5,25.4,22.7,0.3,9.3,21.9,76,0,0,0,0.5,8.6,620.5,90,0,0,28.8,67,31.7,22
2026-07-15T19:50:00+05:30,2026-07-15 19:50:00,24.6,25.5,22.9,4.7,9.3,21.9,91,0,0,0,0.5,8.6,620.5,90,0,0,28.9,67,31.9,22.1
2026-07-15T19:45:00+05:30,2026-07-15 19:45:00,24.6,25.5,22.9,0,13,21.9,74,0,0,0,0.5,8.6,620.5,90,0,0,28.9,66,31.8,21.9
2026-07-15T19:40:00+05:30,2026-07-15 19:40:00,24.6,25.5,22.9,1.1,5.5,21.9,93,0,0,0,0.5,8.6,620.5,90,0,0,28.9,66,31.8,21.9
2026-07-15T19:35:00+05:30,2026-07-15 19:35:00,24.7,25.6,23,6.4,9.3,21.9,92,0,0,0,0.5,8.6,620.5,90,0,0,28.9,66,31.8,21.9
2026-07-15T19:30:00+05:30,2026-07-15 19:30:00,24.7,25.6,22.8,0,0,21.9,75,0,0,0,0.5,8.6,620.5,89,0,0,29,66,32,22
2026-07-15T19:25:00+05:30,2026-07-15 19:25:00,24.8,25.6,22.8,7.2,7.2,21.9,107,0,0,0,0.5,8.6,620.5,89,0,0,29,66,32,22
2026-07-15T19:20:00+05:30,2026-07-15 19:20:00,24.9,25.8,22.9,4.7,7.2,21.9,79,0,0,0,0.5,8.6,620.5,89,0,0,29,66,32,22
2026-07-15T19:15:00+05:30,2026-07-15 19:15:00,25,25.9,22.9,2.9,5.5,21.9,86,0,0,0,0.5,8.6,620.5,88,0,0,29.1,66,32.2,22.1
2026-07-15T19:10:00+05:30,2026-07-15 19:10:00,25,25.9,22.9,0,5.5,21.9,66,0,0,0,0.5,8.6,620.5,88,0,0,29.1,65,32.1,21.8
2026-07-15T19:05:00+05:30,2026-07-15 19:05:00,25.1,25.9,22.8,2.1,5.5,21.9,97,0,0,0,0.5,8.6,620.5,87,0,0,29.1,65,32.1,21.8
2026-07-15T19:01:00+05:30,2026-07-15 19:01:00,25.2,26,22.7,6.4,9.3,21.9,96,0,0,0,0.5,8.6,620.5,86,0,0,29.1,65,32.1,21.8
2026-07-15T18:55:00+05:30,2026-07-15 18:55:00,25.2,26,22.7,0,5.5,21.9,70,0,0,0,0.5,8.6,620.5,86,0,0,29.2,65,32.3,21.9
2026-07-15T18:50:00+05:30,2026-07-15 18:50:00,25.3,26.1,22.6,4.7,11.1,21.9,131,0,0,0,0.5,8.6,620.5,85,0,0,29.2,65,32.3,21.9
2026-07-15T18:45:00+05:30,2026-07-15 18:45:00,25.4,26.2,22.7,2.9,5.5,21.9,93,0,0,0,0.5,8.6,620.5,85,0,0,29.2,65,32.3,21.9
2026-07-15T18:40:00+05:30,2026-07-15 18:40:00,25.4,26.2,22.5,0,0,21.9,72,0,0,0,0.5,8.6,620.5,84,0,0.1,29.3,65,32.4,22
2026-07-15T18:35:00+05:30,2026-07-15 18:35:00,25.5,26.3,22.6,1.8,9.3,21.9,71,0,0,0,0.5,8.6,620.5,84,0,0.4,29.3,65,32.4,22
2026-07-15T18:30:00+05:30,2026-07-15 18:30:00,25.7,26.5,22.6,0.3,1.8,21.9,67,0,0,0,0.5,8.6,620.5,83,0,0.9,29.3,64,32.2,21.7
2026-07-15T18:25:00+05:30,2026-07-15 18:25:00,25.8,26.6,22.7,0,5.5,21.9,74,0,0,0,0.5,8.6,620.5,83,0,1.5,29.3,64,32.2,21.7
2026-07-15T18:20:00+05:30,2026-07-15 18:20:00,26,26.8,22.7,4.7,7.2,21.9,93,0,0,0,0.5,8.6,620.5,82,0,3.5,29.4,64,32.4,21.8
2026-07-15T18:15:00+05:30,2026-07-15 18:15:00,26.1,26.9,22.6,1.1,5.5,21.9,105,0,0,0,0.5,8.6,620.5,81,0,6.6,29.4,64,32.4,21.8
2026-07-15T18:10:00+05:30,2026-07-15 18:10:00,26.4,27.2,22.7,4.7,9.3,21.9,88,0,0,0,0.5,8.6,620.5,80,0,9.8,29.4,64,32.4,21.8
2026-07-15T18:05:00+05:30,2026-07-15 18:05:00,26.4,27.2,22.7,4.7,7.2,21.9,91,0,0,0,0.5,8.6,620.5,80,0,14.8,29.4,64,32.4,21.8
2026-07-15T18:00:00+05:30,2026-07-15 18:00:00,26.6,27.4,22.7,6.1,9.3,21.9,91,0,0,0,0.5,8.6,620.5,79,0,21.3,29.5,64,32.7,21.9
2026-07-15T17:56:00+05:30,2026-07-15 17:56:00,26.8,29.1,22.6,4.7,11.1,21.9,95,0,0,0,0.5,8.6,620.5,78,0,27.6,29.5,64,32.7,21.9
2026-07-15T17:50:00+05:30,2026-07-15 17:50:00,26.7,29,22.6,0,0,21.9,69,0,0,0,0.5,8.6,620.5,78,0,36.2,29.5,64,32.7,21.9
2026-07-15T17:45:00+05:30,2026-07-15 17:45:00,26.8,29.1,22.6,0.3,5.5,21.9,70,0,0,0,0.5,8.6,620.5,78,0,44,29.5,64,32.7,21.9
2026-07-15T17:40:00+05:30,2026-07-15 17:40:00,26.9,29.2,22.5,0,7.2,21.9,65,0,0,0,0.5,8.6,620.5,77,0,53.5,29.6,64,32.9,22.1
2026-07-15T17:35:00+05:30,2026-07-15 17:35:00,26.9,29.2,22.5,0,9.3,21.9,88,0,0,0,0.5,8.6,620.5,77,0,56.1,29.6,64,32.9,22.1
2026-07-15T17:30:00+05:30,2026-07-15 17:30:00,27.1,29.7,22.7,0,3.5,21.9,89,0,0,0,0.5,8.6,620.5,77,0,51.8,29.6,64,32.9,22.1
2026-07-15T17:25:00+05:30,2026-07-15 17:25:00,27.1,29.6,22.5,7.6,11.1,21.9,71,0,0,0,0.5,8.6,620.5,76,0,60.5,29.7,64,33.1,22.2
2026-07-15T17:20:00+05:30,2026-07-15 17:20:00,27.5,30.4,22.9,2.9,9.3,21.9,62,0,0,0,0.5,8.6,620.5,76,0,64.8,29.7,64,33.1,22.2
2026-07-15T17:15:00+05:30,2026-07-15 17:15:00,27.8,31,23.1,1.4,5.5,21.9,79,0,0,0,0.5,8.6,620.5,76,0,83.4,29.6,64,32.9,22.1
2026-07-15T17:10:00+05:30,2026-07-15 17:10:00,27.8,31,23.1,4,11.1,21.9,100,0,0,0,0.5,8.6,620.5,76,0,91,29.7,64,33.1,22.2
2026-07-15T17:05:00+05:30,2026-07-15 17:05:00,27.9,31.1,23,0,13,21.9,86,0,0,0,0.5,8.6,620.5,75,1,103.2,29.7,64,33.1,22.2
2026-07-15T17:00:00+05:30,2026-07-15 17:00:00,28.2,31.7,23.1,0,5.5,21.9,72,0,0,0,0.5,8.6,620.5,74,1,131.1,29.7,64,33.1,22.2
2026-07-15T16:55:00+05:30,2026-07-15 16:55:00,28.6,32.6,23.5,3.2,9.3,21.9,117,0,0,0,0.5,8.6,620.5,74,1,152.8,29.7,64,33.1,22.2
2026-07-15T16:51:00+05:30,2026-07-15 16:51:00,28.5,32.3,23.4,0,5.5,21.9,69,0,0,0,0.5,8.6,620.5,74,1,190.5,29.7,64,33.1,22.2
2026-07-15T16:45:00+05:30,2026-07-15 16:45:00,28.3,32,23.4,0.3,11.1,21.9,74,0,0,0,0.5,8.6,620.5,75,1,177,29.7,64,33.1,22.2
2026-07-15T16:40:00+05:30,2026-07-15 16:40:00,28.4,32.2,23.5,0,9.3,21.9,76,0,0,0,0.5,8.6,620.5,75,1,202.2,29.7,64,33.1,22.2
2026-07-15T16:35:00+05:30,2026-07-15 16:35:00,27.9,31.1,23,0,0,21.9,80,0,0,0,0.5,8.6,620.5,75,1,131.6,29.7,64,33.1,22.2
2026-07-15T16:30:00+05:30,2026-07-15 16:30:00,27.8,31,23.1,1.4,5.5,21.9,68,0,0,0,0.5,8.6,620.5,76,1,112.1,29.7,64,33.1,22.2
2026-07-15T16:25:00+05:30,2026-07-15 16:25:00,27.7,30.8,22.9,3.2,5.5,21.9,86,0,0,0,0.5,8.6,620.5,75,1,169,29.7,64,33.1,22.2
2026-07-15T16:20:00+05:30,2026-07-15 16:20:00,27.7,30.9,23.1,0,9.3,21.9,84,0,0,0,0.5,8.6,620.5,76,0,100.6,29.7,64,33.1,22.2
2026-07-15T16:15:00+05:30,2026-07-15 16:15:00,27.7,30.9,23.1,0,7.2,21.9,87,0,0,0,0.5,8.6,620.5,76,1,109.7,29.8,64,33.2,22.2
2026-07-15T16:10:00+05:30,2026-07-15 16:10:00,27.9,31.1,23,9.3,16.6,21.9,79,0,0,0,0.5,8.6,620.5,75,1,110.5,29.8,64,33.2,22.2
2026-07-15T16:05:00+05:30,2026-07-15 16:05:00,27.8,30.9,22.9,2.9,7.2,21.9,108,0,0,0,0.5,8.6,620.5,75,1,115.4,29.8,64,33.2,22.2
2026-07-15T16:00:00+05:30,2026-07-15 16:00:00,28.1,31.6,23.3,0,3.5,21.9,74,0,0,0,0.5,8.6,620.5,75,1,114.1,29.8,64,33.2,22.2
2026-07-15T15:55:00+05:30,2026-07-15 15:55:00,28.4,32.1,23.3,1.4,16.6,21.9,121,0,0,0,0.5,8.6,620.5,74,1,157.6,29.8,64,33.2,22.2
2026-07-15T15:50:00+05:30,2026-07-15 15:50:00,28.2,31.7,23.1,0.3,1.8,21.9,78,0,0,0,0.5,8.6,620.5,74,1,185.4,29.8,64,33.2,22.2
2026-07-15T15:45:00+05:30,2026-07-15 15:45:00,28.6,32.4,23.3,4.3,11.1,21.9,66,0,0,0,0.5,8.6,620.5,73,1,175,29.8,65,33.4,22.5
2026-07-15T15:40:00+05:30,2026-07-15 15:40:00,28.5,32.3,23.4,2.6,18.3,21.9,73,0,0,0,0.5,8.6,620.5,74,2,222.8,29.8,65,33.4,22.5
2026-07-15T15:35:00+05:30,2026-07-15 15:35:00,28.4,32.1,23.3,1.8,7.2,21.9,67,0,0,0,0.5,8.6,620.5,74,2,228.6,29.8,65,33.4,22.5
2026-07-15T15:31:00+05:30,2026-07-15 15:31:00,28.5,32.3,23.4,0,9.3,21.9,79,0,0,0,0.5,8.6,620.5,74,2,208.8,29.8,65,33.4,22.5
2026-07-15T15:25:00+05:30,2026-07-15 15:25:00,28.8,32.8,23.4,2.6,13,21.9,80,0,0,0,0.5,8.6,620.5,73,2,275.5,29.8,65,33.4,22.5
2026-07-15T15:20:00+05:30,2026-07-15 15:20:00,29.2,33.4,23.4,4,9.3,21.9,8,0,0,0,0.5,8.6,620.5,71,3,321.7,29.7,65,33.3,22.4
2026-07-15T15:15:00+05:30,2026-07-15 15:15:00,29.1,33.2,23.3,6.4,14.8,21.9,116,0,0,0,0.5,8.6,620.5,71,3,336.3,29.7,65,33.3,22.4
2026-07-15T15:10:00+05:30,2026-07-15 15:10:00,29.1,33.4,23.5,0,1.8,21.9,101,0,0,0,0.5,8.6,620.5,72,2,302.3,29.7,65,33.3,22.4
2026-07-15T15:05:00+05:30,2026-07-15 15:05:00,28.3,31.7,23,1.1,13,21.9,112,0,0,0,0.5,8.6,620.5,73,4,416.4,29.6,65,33.1,22.3
2026-07-15T15:00:00+05:30,2026-07-15 15:00:00,28.9,32.9,23.3,9.3,11.1,21.9,75,0,0,0,0.5,8.6,620.5,72,2,275.3,29.6,65,33.1,22.3
2026-07-15T14:55:00+05:30,2026-07-15 14:55:00,29,33.1,23.4,1.4,14.8,21.9,70,0,0,0,0.5,8.6,620.5,72,3,341.7,29.6,65,33.1,22.3
2026-07-15T14:50:00+05:30,2026-07-15 14:50:00,29.1,33.6,23.8,6.4,18.3,21.9,98,0,0,0,0.5,8.6,620.5,73,2,267.3,29.6,65,33.1,22.3
2026-07-15T14:45:00+05:30,2026-07-15 14:45:00,29,33.1,23.4,2.1,11.1,21.9,80,0,0,0,0.5,8.6,620.5,72,3,368.8,29.6,64,32.9,22.1
2026-07-15T14:40:00+05:30,2026-07-15 14:40:00,28.4,31.6,22.6,10.5,18.3,21.9,77,0,0,0,0.5,8.6,620.5,71,4,450.6,29.6,64,32.9,22.1
2026-07-15T14:35:00+05:30,2026-07-15 14:35:00,28.9,32.5,22.9,2.9,9.3,21.9,122,0,0,0,0.5,8.6,620.5,70,4,460.6,29.6,65,33.1,22.3
2026-07-15T14:30:00+05:30,2026-07-15 14:30:00,28.9,32.7,23.1,0.3,7.2,21.9,69,0,0,0,0.5,8.6,620.5,71,3,336.2,29.6,65,33.1,22.3
2026-07-15T14:26:00+05:30,2026-07-15 14:26:00,29,32.7,23,0,3.5,21.9,69,0,0,0,0.5,8.6,620.5,70,3,339.1,29.5,65,32.8,22.2
2026-07-15T14:20:00+05:30,2026-07-15 14:20:00,28.4,31.6,22.6,2.9,5.5,21.9,115,0,0,0,0.5,8.6,620.5,71,3,394.4,29.5,65,32.8,22.2
2026-07-15T14:15:00+05:30,2026-07-15 14:15:00,28.7,32.5,23.2,2.1,11.1,21.9,89,0,0,0,0.5,8.6,620.5,72,3,323.4,29.5,65,32.8,22.2
2026-07-15T14:10:00+05:30,2026-07-15 14:10:00,29,33.1,23.4,10.1,18.3,21.9,97,0,0,0,0.5,8.6,620.5,72,3,368.9,29.4,65,32.6,22.1
2026-07-15T14:05:00+05:30,2026-07-15 14:05:00,29,33.1,23.4,0,7.2,21.9,66,0,0,0,0.5,8.6,620.5,72,2,218.3,29.4,65,32.6,22.1
2026-07-15T14:00:00+05:30,2026-07-15 14:00:00,28.4,32.1,23.3,0.3,3.5,21.9,110,0,0,0,0.5,8.6,620.5,74,4,421.4,29.3,65,32.4,22
2026-07-15T13:55:00+05:30,2026-07-15 13:55:00,28.6,32.4,23.3,1.4,7.2,21.9,73,0,0,0,0.5,8.6,620.5,73,1,197.1,29.3,65,32.4,22
2026-07-15T13:50:00+05:30,2026-07-15 13:50:00,28.6,32.2,23.1,0,5.5,21.9,83,0,0,0,0.5,8.6,620.5,72,4,490.2,29.3,65,32.4,22
2026-07-15T13:45:00+05:30,2026-07-15 13:45:00,28.8,32.4,23,6.1,13,21.9,80,0,0,0,0.5,8.6,620.5,71,2,239.4,29.2,65,32.3,21.9
2026-07-15T13:40:00+05:30,2026-07-15 13:40:00,28.7,32.3,22.9,0,3.5,21.9,70,0,0,0,0.5,8.6,620.5,71,3,400,29.2,65,32.3,21.9
2026-07-15T13:35:00+05:30,2026-07-15 13:35:00,28.9,32.5,22.9,1.1,9.3,21.9,69,0,0,0,0.5,8.6,620.5,70,3,315.4,29.2,65,32.3,21.9
2026-07-15T13:30:00+05:30,2026-07-15 13:30:00,29,32.7,23,0,11.1,21.9,84,0,0,0,0.5,8.6,620.5,70,3,334.4,29.2,65,32.3,21.9
2026-07-15T13:25:00+05:30,2026-07-15 13:25:00,28.9,32.3,22.6,2.9,5.5,21.9,53,0,0,0,0.5,8.6,620.5,69,2,287.9,29.1,65,32.1,21.8
2026-07-15T13:21:00+05:30,2026-07-15 13:21:00,28.3,31.5,22.7,6.9,18.3,21.9,111,0,0,0,0.5,8.6,620.5,72,4,432.6,29.1,66,32.2,22.1
2026-07-15T13:15:00+05:30,2026-07-15 13:15:00,28.4,31.7,22.8,9.3,16.6,21.9,160,0,0,0,0.5,8.6,620.5,72,4,432.6,29.1,66,32.2,22.1
2026-07-15T13:10:00+05:30,2026-07-15 13:10:00,28.7,32.5,23.2,3.5,9.3,21.9,108,0,0,0,0.5,8.6,620.5,72,1,184.4,29.1,66,32.2,22.1
2026-07-15T13:05:00+05:30,2026-07-15 13:05:00,29,32.9,23.2,0.3,3.5,21.9,88,0,0,0,0.5,8.6,620.5,71,1,154.8,29.1,66,32.2,22.1
2026-07-15T13:00:00+05:30,2026-07-15 13:00:00,29.3,33.3,23.2,1.4,5.5,21.9,65,0,0,0,0.5,8.6,620.5,70,3,331.6,29,66,32,22
2026-07-15T12:55:00+05:30,2026-07-15 12:55:00,29.1,33.2,23.3,0.3,5.5,21.9,58,0,0,0,0.5,8.6,620.5,71,2,307.5,28.9,66,31.8,21.9
2026-07-15T12:50:00+05:30,2026-07-15 12:50:00,29.2,33.2,23.2,0,9.3,21.9,58,0,0,0,0.5,8.6,620.5,70,4,494.3,28.9,66,31.8,21.9
2026-07-15T12:45:00+05:30,2026-07-15 12:45:00,29.2,33.4,23.4,2.9,13,21.9,120,0,0,0,0.5,8.6,620.5,71,4,498.4,28.9,66,31.8,21.9
2026-07-15T12:40:00+05:30,2026-07-15 12:40:00,29.6,33.9,23.3,0,9.3,21.9,65,0,0,0,0.5,8.6,620.5,69,6,630.2,28.8,66,31.6,21.8
2026-07-15T12:35:00+05:30,2026-07-15 12:35:00,29.3,33.3,23.2,1.1,13,21.9,80,0,0,0,0.5,8.6,620.5,70,6,704.7,28.7,66,31.4,21.7
2026-07-15T12:30:00+05:30,2026-07-15 12:30:00,29.8,34.1,23.2,4.3,16.6,21.9,94,0,0,0,0.5,8.6,620.5,68,6,714.4,28.6,66,31.3,21.6
2026-07-15T12:25:00+05:30,2026-07-15 12:25:00,29.3,32.9,22.7,2.1,9.3,21.9,80,0,0,0,0.5,8.6,620.5,68,7,737,28.6,66,31.3,21.6
2026-07-15T12:20:00+05:30,2026-07-15 12:20:00,28.3,31.4,22.5,0,3.5,21.9,76,0,0,0,0.5,8.6,620.5,71,2,252.1,28.5,67,31.2,21.8
2026-07-15T12:15:00+05:30,2026-07-15 12:15:00,29.4,33.4,23.1,7.9,9.3,21.9,93,0,0,0,0.5,8.6,620.5,69,2,256.4,28.5,67,31.2,21.8
2026-07-15T12:10:00+05:30,2026-07-15 12:10:00,29.1,32.8,22.8,0,5.5,21.9,69,0,0,0,0.5,8.6,620.5,69,2,275.9,28.4,67,31,21.7
2026-07-15T12:05:00+05:30,2026-07-15 12:05:00,29.1,32.8,22.8,9.3,13,21.9,104,0,0,0,0.5,8.6,620.5,69,4,487.4,28.3,67,30.8,21.6
2026-07-15T12:00:00+05:30,2026-07-15 12:00:00,29.2,32.8,22.7,2.1,5.5,21.9,112,0,0,0,0.5,8.6,620.5,68,5,597.4,28.3,67,30.8,21.6
2026-07-15T11:55:00+05:30,2026-07-15 11:55:00,29.5,33.4,23,0,13,21.9,55,0,0,0,0.5,8.6,620.5,68,5,562.1,28.2,67,30.7,21.5
2026-07-15T11:50:00+05:30,2026-07-15 11:50:00,28.8,32.1,22.5,0,0,21.9,71,0,0,0,0.5,8.6,620.5,69,5,608.5,28.1,67,30.5,21.4
2026-07-15T11:46:00+05:30,2026-07-15 11:46:00,28.4,31.4,22.4,2.9,5.5,21.9,106,0,0,0,0.5,8.6,620.5,70,5,587.8,28.1,67,30.5,21.4
2026-07-15T11:40:00+05:30,2026-07-15 11:40:00,28.3,31.4,22.5,2.9,18.3,21.9,48,0,0,0,0.5,8.6,620.5,71,5,604.1,28,68,30.4,21.6
2026-07-15T11:35:00+05:30,2026-07-15 11:35:00,29.2,33.2,23.2,0,5.5,21.9,106,0,0,0,0.5,8.6,620.5,70,5,591.3,28,68,30.4,21.6
2026-07-15T11:30:00+05:30,2026-07-15 11:30:00,28.7,32.3,22.9,4,9.3,21.9,78,0,0,0,0.5,8.6,620.5,71,5,591.8,27.9,68,30.2,21.4
2026-07-15T11:25:00+05:30,2026-07-15 11:25:00,28.5,31.8,22.7,1.4,9.3,21.9,62,0,0,0,0.5,8.6,620.5,71,6,624.4,27.9,68,30.2,21.4
2026-07-15T11:20:00+05:30,2026-07-15 11:20:00,27.8,30.6,22.5,1.1,13,21.9,94,0,0,0,0.5,8.6,620.5,73,5,565.8,27.8,68,30,21.3
2026-07-15T11:15:00+05:30,2026-07-15 11:15:00,27.6,30.4,22.5,0,7.2,21.9,65,0,0,0,0.5,8.6,620.5,74,4,489.7,27.7,68,29.9,21.3
2026-07-15T11:11:00+05:30,2026-07-15 11:11:00,28.3,31.5,22.7,2.6,7.2,21.9,94,0,0,0,0.5,8.6,620.5,72,3,391.8,27.7,68,29.9,21.3
2026-07-15T11:05:00+05:30,2026-07-15 11:05:00,28.3,31.7,23,0,9.3,21.9,72,0,0,0,0.5,8.6,620.5,73,4,478.6,27.6,68,29.7,21.2
2026-07-15T11:00:00+05:30,2026-07-15 11:00:00,28.1,31.2,22.6,4,5.5,21.9,99,0,0,0,0.5,8.6,620.5,72,5,599.5,27.6,68,29.7,21.2
2026-07-15T10:55:00+05:30,2026-07-15 10:55:00,28,31.1,22.7,4.3,11.1,21.9,91,0,0,0,0.5,8.6,620.5,73,5,594.7,27.5,68,29.5,21.1
2026-07-15T10:50:00+05:30,2026-07-15 10:50:00,27.7,30.6,22.7,7.2,9.3,21.9,90,0,0,0,0.5,8.6,620.5,74,5,557.9,27.4,68,29.3,20.9
2026-07-15T10:45:00+05:30,2026-07-15 10:45:00,27.3,29.6,22,0.3,3.5,21.9,64,0,0,0,0.5,8.6,620.5,73,5,609.5,27.4,68,29.3,20.9
2026-07-15T10:40:00+05:30,2026-07-15 10:40:00,27.6,30.2,22.1,8.2,13,21.9,107,0,0,0,0.5,8.6,620.5,72,5,607.8,27.4,69,29.4,21.2
2026-07-15T10:35:00+05:30,2026-07-15 10:35:00,27.3,29.7,22.2,4.3,16.6,21.9,82,0,0,0,0.5,8.6,620.5,74,5,549.2,27.3,69,29.2,21.1
2026-07-15T10:30:00+05:30,2026-07-15 10:30:00,27.6,30.4,22.5,4,9.3,21.9,120,0,0,0,0.5,8.6,620.5,74,3,404.5,27.3,69,29.2,21.1
2026-07-15T10:25:00+05:30,2026-07-15 10:25:00,27.4,29.9,22.3,2.1,7.2,21.9,53,0,0,0,0.5,8.6,620.5,74,5,555,27.3,69,29.2,21.1
2026-07-15T10:20:00+05:30,2026-07-15 10:20:00,27.3,29.8,22.4,6.9,14.8,21.9,110,0,0,0,0.5,8.6,620.5,75,5,542,27.2,69,29.2,21
2026-07-15T10:15:00+05:30,2026-07-15 10:15:00,27.1,29.6,22.5,3.5,14.8,21.9,107,0,0,0,0.5,8.6,620.5,76,3,390.8,27.2,69,29.2,21
2026-07-15T10:10:00+05:30,2026-07-15 10:10:00,26.9,29.2,22.3,6.4,21.9,21.9,96,0,0,0,0.5,8.6,620.5,76,4,482,27.2,70,29.2,21.3
2026-07-15T10:05:00+05:30,2026-07-15 10:05:00,26.6,27.4,22.4,8.2,14.8,20.1,124,0,0,0,0.5,8.6,620.5,78,4,439.1,27.1,70,29.1,21.2
2026-07-15T10:00:00+05:30,2026-07-15 10:00:00,26.5,27.3,22.6,10.1,13,20.1,90,0,0,0,0.5,8.6,620.5,79,3,375.9,27.1,70,29.1,21.2
2026-07-15T09:55:00+05:30,2026-07-15 09:55:00,26.3,27,22.3,7.9,16.6,20.1,80,0,0,0,0.5,8.6,620.5,79,3,321.5,27.1,70,29.1,21.2
2026-07-15T09:51:00+05:30,2026-07-15 09:51:00,26.4,27.2,22.7,7.9,18.3,18.3,82,0,0,0,0.5,8.6,620.5,80,3,321.5,27.1,70,29.1,21.2
2026-07-15T09:45:00+05:30,2026-07-15 09:45:00,26.3,27,22.3,7.2,14.8,18.3,125,0,0,0,0.5,8.6,620.5,79,3,312.7,27.1,70,29.1,21.2
2026-07-15T09:40:00+05:30,2026-07-15 09:40:00,26.5,27.3,22.8,1.4,18.3,18.3,69,0,0,0,0.5,8.6,620.5,80,2,295.2,27,70,28.8,21.1
2026-07-15T09:35:00+05:30,2026-07-15 09:35:00,26.2,27,22.5,0,11.1,14.8,69,0,0,0,0.5,8.6,620.5,80,3,313.7,27,70,28.8,21.1
2026-07-15T09:30:00+05:30,2026-07-15 09:30:00,26.1,26.9,22.8,1.1,13,14.8,92,0,0,0,0.5,8.6,620.5,82,2,297.4,26.9,70,28.7,20.9
2026-07-15T09:25:00+05:30,2026-07-15 09:25:00,26,26.8,22.5,7.6,13,14.8,80,0,0,0,0.5,8.6,620.5,81,2,298.6,27,70,28.8,21.1
2026-07-15T09:20:00+05:30,2026-07-15 09:20:00,26,26.8,22.5,3.2,7.2,14.8,90,0,0,0,0.5,8.6,620.5,81,2,281.1,26.9,70,28.7,20.9
2026-07-15T09:15:00+05:30,2026-07-15 09:15:00,26.2,27,22.7,0.3,9.3,14.8,63,0,0,0,0.5,8.6,620.5,81,2,288.5,26.9,70,28.7,20.9
2026-07-15T09:10:00+05:30,2026-07-15 09:10:00,25.9,26.7,22.6,6.1,9.3,14.8,67,0,0,0,0.5,8.6,620.5,82,2,291.7,26.8,70,28.5,20.8
2026-07-15T09:05:00+05:30,2026-07-15 09:05:00,26,26.8,22.5,1.1,11.1,14.8,97,0,0,0,0.5,8.6,620.5,81,2,283.5,26.8,70,28.5,20.8
2026-07-15T09:00:00+05:30,2026-07-15 09:00:00,25.9,26.7,22.8,0,3.5,14.8,70,0,0,0,0.5,8.6,620.5,83,2,258.4,26.8,70,28.5,20.8
2026-07-15T08:55:00+05:30,2026-07-15 08:55:00,25.5,26.3,22.4,0,3.5,14.8,70,0,0,0,0.5,8.6,620.5,83,2,239,26.8,70,28.5,20.8
2026-07-15T08:50:00+05:30,2026-07-15 08:50:00,25.7,26.5,22.4,8.2,11.1,14.8,85,0,0,0,0.5,8.6,620.5,82,2,234.7,26.8,70,28.5,20.8
2026-07-15T08:46:00+05:30,2026-07-15 08:46:00,25.3,26.1,22.4,0,1.8,14.8,76,0,0,0,0.5,8.6,620.5,84,2,225,26.7,70,28.4,20.8
2026-07-15T08:40:00+05:30,2026-07-15 08:40:00,25.3,26.1,22.4,1.1,9.3,14.8,67,0,0,0,0.5,8.6,620.5,84,2,226.8,26.7,70,28.4,20.8
2026-07-15T08:35:00+05:30,2026-07-15 08:35:00,25.6,26.4,22.5,1.1,9.3,14.8,113,0,0,0,0.5,8.6,620.5,83,2,228.1,26.7,70,28.4,20.8
2026-07-15T08:30:00+05:30,2026-07-15 08:30:00,25.1,25.9,22.4,0,5.5,14.8,69,0,0,0,0.5,8.6,620.5,85,2,213.1,26.7,70,28.4,20.8
2026-07-15T08:25:00+05:30,2026-07-15 08:25:00,25.1,25.9,22.4,0,5.5,14.8,83,0,0,0,0.5,8.6,620.5,85,1,200,26.7,70,28.4,20.8
2026-07-15T08:20:00+05:30,2026-07-15 08:20:00,25.1,25.9,22.2,0,3.5,14.8,79,0,0,0,0.5,8.6,620.5,84,1,186.5,26.7,70,28.4,20.8
2026-07-15T08:15:00+05:30,2026-07-15 08:15:00,25,25.8,22.3,2.9,7.2,14.8,83,0,0,0,0.5,8.6,620.5,85,1,170.7,26.6,70,27.2,20.7
2026-07-15T08:10:00+05:30,2026-07-15 08:10:00,25,25.8,22.3,0.6,7.2,14.8,91,0,0,0,0.5,8.6,620.5,85,1,163.9,26.6,70,27.2,20.7
2026-07-15T08:05:00+05:30,2026-07-15 08:05:00,24.8,25.5,22.1,0,9.3,14.8,98,0,0,0,0.5,8.6,620.5,85,1,159.1,26.6,70,27.2,20.7
2026-07-15T08:00:00+05:30,2026-07-15 08:00:00,24.6,25.4,22.1,5.5,9.3,14.8,97,0,0,0,0.5,8.6,620.5,86,1,152.1,26.6,70,27.2,20.7
2026-07-15T07:55:00+05:30,2026-07-15 07:55:00,24.6,25.4,22.3,0,3.5,14.8,70,0,0,0,0.5,8.6,620.5,87,1,127.3,26.6,70,27.2,20.7
2026-07-15T07:50:00+05:30,2026-07-15 07:50:00,24.5,25.3,22,1.1,11.1,14.8,79,0,0,0,0.5,8.6,620.5,86,1,120.2,26.7,70,28.4,20.8
2026-07-15T07:45:00+05:30,2026-07-15 07:45:00,24.4,25.2,22.1,4,5.5,14.8,86,0,0,0,0.5,8.6,620.5,87,1,117.5,26.6,70,27.2,20.7
2026-07-15T07:41:00+05:30,2026-07-15 07:41:00,24.4,25.2,22.1,0,7.2,14.8,72,0,0,0,0.5,8.6,620.5,87,0,97.3,26.6,70,27.2,20.7
2026-07-15T07:35:00+05:30,2026-07-15 07:35:00,24.3,25.1,22.2,0,0,14.8,76,0,0,0,0.5,8.6,620.5,88,0,74.4,26.6,70,27.2,20.7
2026-07-15T07:30:00+05:30,2026-07-15 07:30:00,24.2,25,22.3,0.3,1.8,14.8,83,0,0,0,0.5,8.6,620.5,89,0,84.4,26.6,70,27.2,20.7
2026-07-15T07:25:00+05:30,2026-07-15 07:25:00,24,24.8,22.1,0,7.2,14.8,75,0,0,0,0.5,8.6,620.5,89,0,78.7,26.6,70,27.2,20.7
2026-07-15T07:20:00+05:30,2026-07-15 07:20:00,24.1,24.9,22.4,1.1,11.1,14.8,88,0,0,0,0.5,8.6,620.5,90,0,68.4,26.6,70,27.2,20.7
2026-07-15T07:15:00+05:30,2026-07-15 07:15:00,24,24.8,22.3,0,0,14.8,94,0,0,0,0.5,8.6,620.5,90,0,53.8,26.6,70,27.2,20.7
2026-07-15T07:10:00+05:30,2026-07-15 07:10:00,24,24.8,22.3,4,5.5,14.8,122,0,0,0,0.5,8.6,620.5,90,0,62,26.6,70,27.2,20.7
2026-07-15T07:05:00+05:30,2026-07-15 07:05:00,24,24.8,22.1,1.4,7.2,14.8,99,0,0,0,0.5,8.6,620.5,89,0,60.5,26.6,69,27.1,20.4
2026-07-15T07:00:00+05:30,2026-07-15 07:00:00,24,24.8,22.1,4,5.5,14.8,83,0,0,0,0.5,8.6,620.5,89,0,51.1,26.6,69,27.1,20.4
2026-07-15T06:55:00+05:30,2026-07-15 06:55:00,23.9,24.7,22,0,11.1,14.8,71,0,0,0,0.5,8.6,620.5,89,0,52.8,26.6,69,27.1,20.4
2026-07-15T06:50:00+05:30,2026-07-15 06:50:00,23.9,24.6,21.8,0,7.2,14.8,80,0,0,0,0.5,8.6,620.5,88,0,47.1,26.6,69,27.1,20.4
2026-07-15T06:45:00+05:30,2026-07-15 06:45:00,23.9,24.6,21.8,7.6,13,14.8,59,0,0,0,0.5,8.6,620.5,88,0,41.4,26.6,69,27.1,20.4
2026-07-15T06:40:00+05:30,2026-07-15 06:40:00,23.8,24.5,21.7,4.3,7.2,14.8,106,0,0,0,0.5,8.6,620.5,88,0,33.3,26.6,69,27.1,20.4
2026-07-15T06:36:00+05:30,2026-07-15 06:36:00,23.8,24.5,21.7,1.1,3.5,14.8,78,0,0,0,0.5,8.6,620.5,88,0,28.6,26.6,69,27.1,20.4
2026-07-15T06:30:00+05:30,2026-07-15 06:30:00,23.7,24.4,21.6,0,7.2,14.8,67,0,0,0,0.5,8.6,620.5,88,0,22.9,26.6,69,27.1,20.4
2026-07-15T06:25:00+05:30,2026-07-15 06:25:00,23.6,24.3,21.5,0,7.2,14.8,78,0,0,0,0.5,8.6,620.5,88,0,17.5,26.6,69,27.1,20.4
2026-07-15T06:20:00+05:30,2026-07-15 06:20:00,23.6,24.3,21.5,1.1,7.2,14.8,103,0,0,0,0.5,8.6,620.5,88,0,13.6,26.6,69,27.1,20.4
2026-07-15T06:15:00+05:30,2026-07-15 06:15:00,23.6,24.3,21.5,0,5.5,14.8,69,0,0,0,0.5,8.6,620.5,88,0,10.5,26.7,69,28.3,20.6
2026-07-15T06:10:00+05:30,2026-07-15 06:10:00,23.6,24.3,21.5,0,1.8,14.8,65,0,0,0,0.5,8.6,620.5,88,0,6.7,26.7,69,28.3,20.6
2026-07-15T06:05:00+05:30,2026-07-15 06:05:00,23.6,24.3,21.5,0.3,1.8,14.8,84,0,0,0,0.5,8.6,620.5,88,0,3.7,26.7,69,28.3,20.6
2026-07-15T06:00:00+05:30,2026-07-15 06:00:00,23.6,24.3,21.5,4.3,7.2,14.8,83,0,0,0,0.5,8.6,620.5,88,0,2.1,26.7,69,28.3,20.6
2026-07-15T05:55:00+05:30,2026-07-15 05:55:00,23.5,24.2,21.6,4,5.5,14.8,84,0,0,0,0.5,8.6,620.5,89,0,0.9,26.7,69,28.3,20.6
2026-07-15T05:50:00+05:30,2026-07-15 05:50:00,23.4,24.1,21.5,0,7.2,14.8,73,0,0,0,0.5,8.6,620.5,89,0,0.4,26.7,69,28.3,20.6
2026-07-15T05:45:00+05:30,2026-07-15 05:45:00,23.3,24,21.4,0,1.8,14.8,68,0,0,0,0.5,8.6,620.5,89,0,0.1,26.7,69,28.3,20.6
2026-07-15T05:40:00+05:30,2026-07-15 05:40:00,23.4,24.1,21.5,0,0,14.8,85,0,0,0,0.5,8.6,620.5,89,0,0,26.7,69,28.3,20.6
2026-07-15T05:35:00+05:30,2026-07-15 05:35:00,23.4,24.1,21.5,0,0,14.8,62,0,0,0,0.5,8.6,620.5,89,0,0,26.8,69,28.4,20.6
2026-07-15T05:30:00+05:30,2026-07-15 05:30:00,23.4,24.1,21.5,0,0,14.8,84,0,0,0,0.5,8.6,620.5,89,0,0,26.7,69,28.3,20.6
2026-07-15T05:25:00+05:30,2026-07-15 05:25:00,23.5,24.2,21.6,2.1,3.5,14.8,77,0,0,0,0.5,8.6,620.5,89,0,0,26.7,69,28.3,20.6
2026-07-15T05:20:00+05:30,2026-07-15 05:20:00,23.5,24.2,21.6,0,0,14.8,67,0,0,0,0.5,8.6,620.5,89,0,0,26.8,69,28.4,20.6
2026-07-15T05:16:00+05:30,2026-07-15 05:16:00,23.5,24.2,21.6,0,7.2,14.8,71,0,0,0,0.5,8.6,620.5,89,0,0,26.8,69,28.4,20.6
2026-07-15T05:10:00+05:30,2026-07-15 05:10:00,23.5,24.2,21.4,4,11.1,14.8,86,0,0,0,0.5,8.6,620.5,88,0,0,26.8,68,28.3,20.4
2026-07-15T05:05:00+05:30,2026-07-15 05:05:00,23.6,24.3,21.5,0.3,5.5,14.8,75,0,0,0,0.5,8.6,620.5,88,0,0,26.8,68,28.3,20.4
2026-07-15T05:00:00+05:30,2026-07-15 05:00:00,23.5,24.2,21.6,2.1,5.5,14.8,59,0,0,0,0.5,8.6,620.5,89,0,0,26.8,68,28.3,20.4
2026-07-15T04:55:00+05:30,2026-07-15 04:55:00,23.5,24.2,21.6,0,1.8,14.8,71,0,0,0,0.5,8.6,620.5,89,0,0,26.8,68,28.3,20.4
2026-07-15T04:50:00+05:30,2026-07-15 04:50:00,23.6,24.3,21.5,4,7.2,14.8,83,0,0,0,0.5,8.6,620.5,88,0,0,26.8,68,28.3,20.4
2026-07-15T04:45:00+05:30,2026-07-15 04:45:00,23.7,24.4,21.6,5.5,9.3,14.8,83,0,0,0,0.5,8.6,620.5,88,0,0,26.8,68,28.3,20.4
2026-07-15T04:40:00+05:30,2026-07-15 04:40:00,23.7,24.4,21.6,2.6,7.2,14.8,68,0,0,0,0.5,8.6,620.5,88,0,0,26.9,68,28.5,20.4
2026-07-15T04:35:00+05:30,2026-07-15 04:35:00,23.6,24.3,21.5,0,13,14.8,70,0,0,0,0.5,8.6,620.5,88,0,0,26.9,68,28.5,20.4
2026-07-15T04:30:00+05:30,2026-07-15 04:30:00,23.6,24.4,21.7,0,0,14.8,72,0,0,0,0.5,8.6,620.5,89,0,0,26.9,68,28.5,20.4
2026-07-15T04:25:00+05:30,2026-07-15 04:25:00,23.6,24.3,21.5,0,9.3,14.8,80,0,0,0,0.5,8.6,620.5,88,0,0,26.9,68,28.5,20.4
2026-07-15T04:20:00+05:30,2026-07-15 04:20:00,23.7,24.5,21.8,1.4,3.5,14.8,84,0,0,0,0.5,8.6,620.5,89,0,0,26.9,68,28.5,20.4
2026-07-15T04:15:00+05:30,2026-07-15 04:15:00,23.7,24.4,21.6,7.9,9.3,14.8,85,0,0,0,0.5,8.6,620.5,88,0,0,26.9,68,28.5,20.4
2026-07-15T04:11:00+05:30,2026-07-15 04:11:00,23.7,24.4,21.6,0,9.3,14.8,82,0,0,0,0.5,8.6,620.5,88,0,0,26.9,68,28.5,20.4
2026-07-15T04:05:00+05:30,2026-07-15 04:05:00,23.7,24.4,21.6,0,11.1,14.8,72,0,0,0,0.5,8.6,620.5,88,0,0,26.9,68,28.5,20.4
2026-07-15T04:00:00+05:30,2026-07-15 04:00:00,23.6,24.4,21.7,0,11.1,14.8,78,0,0,0,0.5,8.6,620.5,89,0,0,27,68,28.7,20.6
2026-07-15T03:55:00+05:30,2026-07-15 03:55:00,23.5,24.2,21.6,1.4,9.3,14.8,88,0,0,0,0.5,8.6,620.5,89,0,0,26.9,68,28.5,20.4
2026-07-15T03:50:00+05:30,2026-07-15 03:50:00,23.5,24.2,21.6,0,7.2,14.8,92,0,0,0,0.5,8.6,620.5,89,0,0,27,68,28.7,20.6
2026-07-15T03:45:00+05:30,2026-07-15 03:45:00,23.6,24.4,21.7,5.5,7.2,14.8,126,0,0,0,0.5,8.6,620.5,89,0,0,27,68,28.7,20.6
2026-07-15T03:40:00+05:30,2026-07-15 03:40:00,23.6,24.4,21.7,1.1,5.5,14.8,65,0,0,0,0.5,8.6,620.5,89,0,0,27,68,28.7,20.6
2026-07-15T03:35:00+05:30,2026-07-15 03:35:00,23.6,24.4,21.7,0,0,14.8,68,0,0,0,0.5,8.6,620.5,89,0,0,27,68,28.7,20.6
2026-07-15T03:30:00+05:30,2026-07-15 03:30:00,23.7,24.4,21.6,0.6,1.8,14.8,74,0,0,0,0.5,8.6,620.5,88,0,0,27,68,28.7,20.6
2026-07-15T03:25:00+05:30,2026-07-15 03:25:00,23.7,24.4,21.6,0,1.8,14.8,66,0,0,0,0.5,8.6,620.5,88,0,0,27,68,28.7,20.6
2026-07-15T03:20:00+05:30,2026-07-15 03:20:00,23.6,24.3,21.5,9.7,11.1,14.8,79,0,0,0,0.5,8.6,620.5,88,0,0,27,67,28.6,20.3
2026-07-15T03:15:00+05:30,2026-07-15 03:15:00,23.6,24.3,21.5,5.5,9.3,14.8,78,0,0,0,0.5,8.6,620.5,88,0,0,27,67,28.6,20.3
2026-07-15T03:10:00+05:30,2026-07-15 03:10:00,23.7,24.4,21.6,6.4,9.3,14.8,90,0,0,0,0.5,8.6,620.5,88,0,0,27,67,28.6,20.3
2026-07-15T03:06:00+05:30,2026-07-15 03:06:00,23.8,24.5,21.7,0,0,14.8,64,0,0,0,0.5,8.6,620.5,88,0,0,27,67,28.6,20.3
2026-07-15T03:00:00+05:30,2026-07-15 03:00:00,23.8,24.5,21.5,0,9.3,14.8,73,0,0,0,0.5,8.6,620.5,87,0,0,27,67,28.6,20.3
2026-07-15T02:55:00+05:30,2026-07-15 02:55:00,24,24.7,21.7,0,7.2,14.8,74,0,0,0,0.5,8.6,620.5,87,0,0,27,67,28.6,20.3
2026-07-15T02:50:00+05:30,2026-07-15 02:50:00,24,24.7,21.5,0,9.3,14.8,69,0,0,0,0.5,8.6,620.5,86,0,0,27.1,67,28.8,20.4
2026-07-15T02:45:00+05:30,2026-07-15 02:45:00,23.9,24.6,21.4,0.3,9.3,14.8,98,0,0,0,0.5,8.6,620.5,86,0,0,27.1,67,28.8,20.4
2026-07-15T02:40:00+05:30,2026-07-15 02:40:00,23.9,24.6,21.4,0,9.3,14.8,82,0,0,0,0.5,8.6,620.5,86,0,0,27.1,67,28.8,20.4
2026-07-15T02:35:00+05:30,2026-07-15 02:35:00,24,24.7,21.5,1.8,11.1,14.8,89,0,0,0,0.5,8.6,620.5,86,0,0,27.1,67,28.8,20.4
2026-07-15T02:30:00+05:30,2026-07-15 02:30:00,24,24.7,21.3,0,3.5,14.8,82,0,0,0,0.5,8.6,620.5,85,0,0,27.1,66,28.7,20.2
2026-07-15T02:25:00+05:30,2026-07-15 02:25:00,24,24.7,21.5,4.7,7.2,14.8,79,0,0,0,0.5,8.6,620.5,86,0,0,27.1,66,28.7,20.2
2026-07-15T02:20:00+05:30,2026-07-15 02:20:00,23.9,24.6,21.4,4,11.1,14.8,95,0,0,0,0.5,8.6,620.5,86,0,0,27.2,66,28.9,20.3
2026-07-15T02:15:00+05:30,2026-07-15 02:15:00,24,24.7,21.3,0,1.8,14.8,75,0,0,0,0.5,8.6,620.5,85,0,0,27.2,66,28.9,20.3
2026-07-15T02:10:00+05:30,2026-07-15 02:10:00,24,24.7,21.3,0,7.2,14.8,70,0,0,0,0.5,8.6,620.5,85,0,0,27.2,66,28.9,20.3
2026-07-15T02:05:00+05:30,2026-07-15 02:05:00,24,24.7,21.3,0.3,7.2,14.8,73,0,0,0,0.5,8.6,620.5,85,0,0,27.2,66,28.9,20.3
2026-07-15T02:01:00+05:30,2026-07-15 02:01:00,24.1,24.8,21.4,0.3,7.2,14.8,69,0,0,0,0.5,8.6,620.5,85,0,0,27.2,66,28.9,20.3
2026-07-15T01:55:00+05:30,2026-07-15 01:55:00,24.1,24.8,21.2,5.5,14.8,14.8,94,0,0,0,0.5,8.6,620.5,84,0,0,27.2,66,28.9,20.3
2026-07-15T01:50:00+05:30,2026-07-15 01:50:00,24,24.7,21.3,7.2,11.1,14.8,110,0,0,0,0.5,8.6,620.5,85,0,0,27.2,66,28.9,20.3
2026-07-15T01:45:00+05:30,2026-07-15 01:45:00,24.1,24.8,21.2,1.4,9.3,14.8,90,0,0,0,0.5,8.6,620.5,84,0,0,27.2,65,28.8,20.1
2026-07-15T01:40:00+05:30,2026-07-15 01:40:00,24.1,24.8,21.2,0,5.5,14.8,73,0,0,0,0.5,8.6,620.5,84,0,0,27.2,65,28.8,20.1
2026-07-15T01:35:00+05:30,2026-07-15 01:35:00,23.9,24.5,21,0,3.5,11.1,88,0,0,0,0.5,8.6,620.5,84,0,0,27.2,65,28.8,20.1
2026-07-15T01:30:00+05:30,2026-07-15 01:30:00,23.9,24.5,21,0,9.3,11.1,64,0,0,0,0.5,8.6,620.5,84,0,0,27.3,65,28.9,20.1
2026-07-15T01:25:00+05:30,2026-07-15 01:25:00,23.8,24.4,20.9,1.4,5.5,11.1,90,0,0,0,0.5,8.6,620.5,84,0,0,27.3,65,28.9,20.1
2026-07-15T01:20:00+05:30,2026-07-15 01:20:00,23.9,24.5,20.8,2.1,9.3,11.1,81,0,0,0,0.5,8.6,620.5,83,0,0,27.3,65,28.9,20.1
2026-07-15T01:15:00+05:30,2026-07-15 01:15:00,23.9,24.5,20.8,2.1,11.1,11.1,112,0,0,0,0.5,8.6,620.5,83,0,0,27.3,65,28.9,20.1
2026-07-15T01:10:00+05:30,2026-07-15 01:10:00,23.9,24.5,20.8,2.9,5.5,11.1,100,0,0,0,0.5,8.6,620.5,83,0,0,27.3,65,28.9,20.1
2026-07-15T01:05:00+05:30,2026-07-15 01:05:00,23.9,24.5,20.8,1.1,7.2,11.1,80,0,0,0,0.5,8.6,620.5,83,0,0,27.3,65,28.9,20.1
2026-07-15T01:00:00+05:30,2026-07-15 01:00:00,23.9,24.5,20.8,2.6,7.2,11.1,72,0,0,0,0.5,8.6,620.5,83,0,0,27.3,65,28.9,20.1
2026-07-15T00:56:00+05:30,2026-07-15 00:56:00,24,24.6,20.9,4,5.5,11.1,85,0,0,0,0.5,8.6,620.5,83,0,0,27.4,65,29.1,20.2
2026-07-15T00:50:00+05:30,2026-07-15 00:50:00,24,24.6,20.7,4.7,7.2,11.1,95,0,0,0,0.5,8.6,620.5,82,0,0,27.4,65,29.1,20.2
2026-07-15T00:45:00+05:30,2026-07-15 00:45:00,24.1,24.7,20.6,4,11.1,11.1,84,0,0,0,0.5,8.6,620.5,81,0,0,27.4,64,28.9,19.9
2026-07-15T00:40:00+05:30,2026-07-15 00:40:00,24.1,24.7,20.6,1.8,5.5,11.1,98,0,0,0,0.5,8.6,620.5,81,0,0,27.5,64,29.1,20.1
2026-07-15T00:35:00+05:30,2026-07-15 00:35:00,24.1,24.7,20.6,4.7,7.2,11.1,88,0,0,0,0.5,8.6,620.5,81,0,0,27.5,64,29.1,20.1
2026-07-15T00:30:00+05:30,2026-07-15 00:30:00,24,24.6,20.5,4.7,11.1,11.1,94,0,0,0,0.5,8.6,620.5,81,0,0,27.5,64,29.1,20.1
2026-07-15T00:25:00+05:30,2026-07-15 00:25:00,24,24.6,20.5,1.8,5.5,9.3,82,0,0,0,0.5,8.6,620.5,81,0,0,27.5,64,29.1,20.1
2026-07-15T00:20:00+05:30,2026-07-15 00:20:00,24,24.6,20.5,0,3.5,9.3,82,0,0,0,0.5,8.6,620.5,81,0,0,27.5,64,29.1,20.1
2026-07-15T00:15:00+05:30,2026-07-15 00:15:00,24,24.6,20.5,0,0,5.5,70,0,0,0,0.5,8.6,620.5,81,0,0,27.6,65,29.4,20.4
2026-07-15T00:10:00+05:30,2026-07-15 00:10:00,23.9,24.5,20.6,0,1.8,5.5,73,0,0,0,0.5,8.6,620.5,82,0,0,27.6,65,29.4,20.4
2026-07-15T00:05:00+05:30,2026-07-15 00:05:00,24,24.6,20.7,0,3.5,5.5,81,0,0,0,0.5,8.6,620.5,82,0,0,27.6,65,29.4,20.4
2026-07-15T00:00:00+05:30,2026-07-15 00:00:00,24,24.6,20.5,0,1.8,0,79,0,0,0,0.5,8.6,620.5,81,0,0,27.6,65,29.4,20.4
2026-07-14T23:55:00+05:30,2026-07-14 23:55:00,23.9,24.5,20.6,0.3,1.8,23.8,98,0,0,0,0.5,8.6,620.5,82,0,0,27.7,65,29.6,20.6
2026-07-14T23:51:00+05:30,2026-07-14 23:51:00,23.9,24.5,20.6,0.3,1.8,23.8,75,0,0,0,0.5,8.6,620.5,82,0,0,27.7,65,29.6,20.6
2026-07-14T23:45:00+05:30,2026-07-14 23:45:00,23.9,24.5,20.6,0,5.5,23.8,74,0,0,0,0.5,8.6,620.5,82,0,0,27.7,65,29.6,20.6
2026-07-14T23:40:00+05:30,2026-07-14 23:40:00,23.9,24.5,20.6,2.6,3.5,23.8,62,0,0,0,0.5,8.6,620.5,82,0,0,27.7,65,29.6,20.6
2026-07-14T23:35:00+05:30,2026-07-14 23:35:00,23.7,24.3,20.7,0.3,1.8,23.8,80,0,0,0,0.5,8.6,620.5,83,0,0,27.8,65,29.7,20.6
2026-07-14T23:30:00+05:30,2026-07-14 23:30:00,23.7,24.3,20.9,0,0,23.8,69,0,0,0,0.5,8.6,620.5,84,0,0,27.8,65,29.7,20.6
2026-07-14T23:25:00+05:30,2026-07-14 23:25:00,23.7,24.3,20.9,0,0,23.8,71,0,0,0,0.5,8.6,620.5,84,0,0,27.8,65,29.7,20.6
2026-07-14T23:20:00+05:30,2026-07-14 23:20:00,23.7,24.3,20.9,0,0,23.8,81,0,0,0,0.5,8.6,620.5,84,0,0,27.8,65,29.7,20.6
2026-07-14T23:15:00+05:30,2026-07-14 23:15:00,23.8,24.4,21.1,0,5.5,23.8,70,0,0,0,0.5,8.6,620.5,85,0,0,27.8,65,29.7,20.6
2026-07-14T23:10:00+05:30,2026-07-14 23:10:00,23.7,24.4,21,0,0,23.8,70,0,0,0,0.5,8.6,620.5,85,0,0,27.9,65,29.8,20.7
2026-07-14T23:05:00+05:30,2026-07-14 23:05:00,23.8,24.4,21.1,0,1.8,23.8,70,0,0,0,0.5,8.6,620.5,85,0,0,27.9,65,29.8,20.7
2026-07-14T23:00:00+05:30,2026-07-14 23:00:00,23.8,24.4,21.1,0,7.2,23.8,71,0,0,0,0.5,8.6,620.5,85,0,0,27.9,65,29.8,20.7
2026-07-14T22:55:00+05:30,2026-07-14 22:55:00,23.8,24.4,21.1,0,1.8,23.8,71,0,0,0,0.5,8.6,620.5,85,0,0,28,65,30.1,20.8
2026-07-14T22:50:00+05:30,2026-07-14 22:50:00,23.8,24.4,21.1,0,7.2,23.8,74,0,0,0,0.5,8.6,620.5,85,0,0,28,65,30.1,20.8
2026-07-14T22:46:00+05:30,2026-07-14 22:46:00,23.9,24.6,21.4,2.9,5.5,23.8,105,0,0,0,0.5,8.6,620.5,86,0,0,28,65,30.1,20.8
2026-07-14T22:40:00+05:30,2026-07-14 22:40:00,24,24.7,21.3,0,5.5,23.8,81,0,0,0,0.5,8.6,620.5,85,0,0,28,65,30.1,20.8
2026-07-14T22:35:00+05:30,2026-07-14 22:35:00,24,24.7,21.3,5.5,11.1,23.8,85,0,0,0,0.5,8.6,620.5,85,0,0,28.1,66,30.3,21.2
2026-07-14T22:30:00+05:30,2026-07-14 22:30:00,24,24.7,21.3,1.4,3.5,23.8,71,0,0,0,0.5,8.6,620.5,85,0,0,28.1,66,30.3,21.2
2026-07-14T22:25:00+05:30,2026-07-14 22:25:00,24,24.7,21.5,0,0,23.8,70,0,0,0,0.5,8.6,620.5,86,0,0,28.1,66,30.3,21.2
2026-07-14T22:20:00+05:30,2026-07-14 22:20:00,24.1,24.8,21.6,0,5.5,23.8,101,0,0,0,0.5,8.6,620.5,86,0,0,28.1,66,30.3,21.2
2026-07-14T22:15:00+05:30,2026-07-14 22:15:00,24,24.7,21.3,1.4,5.5,23.8,60,0,0,0,0.5,8.6,620.5,85,0,0,28.2,66,30.6,21.3
2026-07-14T22:10:00+05:30,2026-07-14 22:10:00,24.1,24.8,21.4,4,5.5,23.8,92,0,0,0,0.5,8.6,620.5,85,0,0,28.2,66,30.6,21.3
2026-07-14T22:05:00+05:30,2026-07-14 22:05:00,24.1,24.8,21.4,1.1,11.1,23.8,76,0,0,0,0.5,8.6,620.5,85,0,0,28.2,66,30.6,21.3
2026-07-14T22:00:00+05:30,2026-07-14 22:00:00,24,24.7,21.5,0,1.8,23.8,73,0,0,0,0.5,8.6,620.5,86,0,0,28.2,66,30.6,21.3
2026-07-14T21:55:00+05:30,2026-07-14 21:55:00,24.1,24.8,21.6,0,3.5,23.8,60,0,0,0,0.5,8.6,620.5,86,0,0,28.3,65,30.5,21.1
2026-07-14T21:50:00+05:30,2026-07-14 21:50:00,24.1,24.8,21.6,2.1,5.5,23.8,99,0,0,0,0.5,8.6,620.5,86,0,0,28.3,65,30.5,21.1
2026-07-14T21:45:00+05:30,2026-07-14 21:45:00,24.1,24.8,21.6,3.5,7.2,23.8,96,0,0,0,0.5,8.6,620.5,86,0,0,28.3,65,30.5,21.1
2026-07-14T21:41:00+05:30,2026-07-14 21:41:00,24.1,24.8,21.6,0,7.2,23.8,77,0,0,0,0.5,8.6,620.5,86,0,0,28.4,65,30.7,21.2
2026-07-14T21:35:00+05:30,2026-07-14 21:35:00,24.2,24.9,21.7,0,3.5,23.8,72,0,0,0,0.5,8.6,620.5,86,0,0,28.4,65,30.7,21.2
2026-07-14T21:30:00+05:30,2026-07-14 21:30:00,24.2,24.9,21.7,0,0,23.8,77,0,0,0,0.5,8.6,620.5,86,0,0,28.4,65,30.7,21.2
2026-07-14T21:25:00+05:30,2026-07-14 21:25:00,24.3,25,21.8,0,3.5,23.8,69,0,0,0,0.5,8.6,620.5,86,0,0,28.5,65,30.9,21.3
2026-07-14T21:20:00+05:30,2026-07-14 21:20:00,24.3,25,21.6,0,1.8,23.8,75,0,0,0,0.5,8.6,620.5,85,0,0,28.5,65,30.9,21.3
2026-07-14T21:15:00+05:30,2026-07-14 21:15:00,24.4,25.1,21.7,2.9,9.3,23.8,93,0,0,0,0.5,8.6,620.5,85,0,0,28.5,65,30.9,21.3
2026-07-14T21:10:00+05:30,2026-07-14 21:10:00,24.4,25.1,21.7,4,9.3,23.8,83,0,0,0,0.5,8.6,620.5,85,0,0,28.6,65,31.1,21.4
2026-07-14T21:05:00+05:30,2026-07-14 21:05:00,24.4,25.1,21.7,2.1,3.5,23.8,93,0,0,0,0.5,8.6,620.5,85,0,0,28.6,65,31.1,21.4
2026-07-14T21:00:00+05:30,2026-07-14 21:00:00,24.5,25.2,21.8,0,3.5,23.8,74,0,0,0,0.5,8.6,620.5,85,0,0,28.6,65,31.1,21.4
2026-07-14T20:55:00+05:30,2026-07-14 20:55:00,24.4,25.1,21.7,0,11.1,23.8,211,0,0,0,0.5,8.6,620.5,85,0,0,28.7,65,31.3,21.5
2026-07-14T20:50:00+05:30,2026-07-14 20:50:00,24.5,25.2,21.8,0.6,3.5,23.8,69,0,0,0,0.5,8.6,620.5,85,0,0,28.7,65,31.3,21.5
2026-07-14T20:45:00+05:30,2026-07-14 20:45:00,24.6,25.3,21.9,0,1.8,23.8,69,0,0,0,0.5,8.6,620.5,85,0,0,28.7,65,31.3,21.5
2026-07-14T20:40:00+05:30,2026-07-14 20:40:00,24.6,25.3,21.7,0.3,14.8,23.8,83,0,0,0,0.5,8.6,620.5,84,0,0,28.8,65,31.4,21.6
2026-07-14T20:36:00+05:30,2026-07-14 20:36:00,24.5,25.2,21.8,0,5.5,23.8,68,0,0,0,0.5,8.6,620.5,85,0,0,28.8,65,31.4,21.6
2026-07-14T20:30:00+05:30,2026-07-14 20:30:00,24.5,25.2,21.8,0.3,5.5,23.8,75,0,0,0,0.5,8.6,620.5,85,0,0,28.8,65,31.4,21.6
2026-07-14T20:25:00+05:30,2026-07-14 20:25:00,24.6,25.3,21.9,0,0,23.8,51,0,0,0,0.5,8.6,620.5,85,0,0,28.9,65,31.6,21.6
2026-07-14T20:20:00+05:30,2026-07-14 20:20:00,24.7,25.5,22,4.7,9.3,23.8,89,0,0,0,0.5,8.6,620.5,85,0,0,28.9,65,31.6,21.6
2026-07-14T20:15:00+05:30,2026-07-14 20:15:00,24.8,25.5,22.1,0,7.2,23.8,71,0,0,0,0.5,8.6,620.5,85,0,0,28.9,65,31.6,21.6
2026-07-14T20:10:00+05:30,2026-07-14 20:10:00,24.7,25.5,22,2.1,3.5,23.8,86,0,0,0,0.5,8.6,620.5,85,0,0,29,65,31.8,21.7
2026-07-14T20:05:00+05:30,2026-07-14 20:05:00,24.8,25.5,22.1,6.4,7.2,23.8,81,0,0,0,0.5,8.6,620.5,85,0,0,29,65,31.8,21.7
2026-07-14T20:00:00+05:30,2026-07-14 20:00:00,24.8,25.5,22.1,4,11.1,23.8,68,0,0,0,0.5,8.6,620.5,85,0,0,29.1,65,32.1,21.8
2026-07-14T19:55:00+05:30,2026-07-14 19:55:00,24.8,25.5,22.1,1.8,7.2,23.8,60,0,0,0,0.5,8.6,620.5,85,0,0,29.1,65,32.1,21.8
2026-07-14T19:50:00+05:30,2026-07-14 19:50:00,24.8,25.5,22.1,1.8,9.3,23.8,86,0,0,0,0.5,8.6,620.5,85,0,0,29.1,65,32.1,21.8
2026-07-14T19:45:00+05:30,2026-07-14 19:45:00,24.9,25.7,22.2,5,7.2,23.8,72,0,0,0,0.5,8.6,620.5,85,0,0,29.2,65,32.3,21.9
2026-07-14T19:40:00+05:30,2026-07-14 19:40:00,25,25.7,22.1,3.2,14.8,23.8,72,0,0,0,0.5,8.6,620.5,84,0,0,29.2,65,32.3,21.9
2026-07-14T19:35:00+05:30,2026-07-14 19:35:00,25,25.7,22.1,5.5,7.2,23.8,104,0,0,0,0.5,8.6,620.5,84,0,0,29.3,65,32.4,22
2026-07-14T19:30:00+05:30,2026-07-14 19:30:00,25,25.8,22.3,0,9.3,23.8,101,0,0,0,0.5,8.6,620.5,85,0,0,29.3,66,32.6,22.3
2026-07-14T19:25:00+05:30,2026-07-14 19:25:00,25.1,25.9,22.4,0,7.2,23.8,82,0,0,0,0.5,8.6,620.5,85,0,0,29.3,66,32.6,22.3
2026-07-14T19:20:00+05:30,2026-07-14 19:20:00,25.1,25.9,22.4,5.8,9.3,23.8,68,0,0,0,0.5,8.6,620.5,85,0,0,29.4,66,32.8,22.3
2026-07-14T19:15:00+05:30,2026-07-14 19:15:00,25.2,26,22.5,5.5,7.2,23.8,117,0,0,0,0.5,8.6,620.5,85,0,0,29.4,66,32.8,22.3
2026-07-14T19:10:00+05:30,2026-07-14 19:10:00,25.3,26.1,22.6,0,9.3,23.8,83,0,0,0,0.5,8.6,620.5,85,0,0,29.4,66,32.8,22.3
2026-07-14T19:05:00+05:30,2026-07-14 19:05:00,25.3,26.1,22.6,2.9,3.5,23.8,84,0,0,0,0.5,8.6,620.5,85,0,0,29.5,66,33.1,22.4
2026-07-14T19:00:00+05:30,2026-07-14 19:00:00,25.3,26.1,22.8,0,5.5,23.8,78,0,0,0,0.5,8.6,620.5,86,0,0,29.5,66,33.1,22.4
2026-07-14T18:55:00+05:30,2026-07-14 18:55:00,25.4,26.2,22.9,0,5.5,23.8,90,0,0,0,0.5,8.6,620.5,86,0,0,29.6,66,33.3,22.6
2026-07-14T18:50:00+05:30,2026-07-14 18:50:00,25.4,26.2,22.9,1.4,11.1,23.8,106,0,0,0,0.5,8.6,620.5,86,0,0,29.6,66,33.3,22.6
2026-07-14T18:45:00+05:30,2026-07-14 18:45:00,25.5,26.4,23,2.9,9.3,23.8,65,0,0,0,0.5,8.6,620.5,86,0,0.1,29.7,66,33.5,22.7
2026-07-14T18:40:00+05:30,2026-07-14 18:40:00,25.5,26.4,23,1.1,3.5,23.8,100,0,0,0,0.5,8.6,620.5,86,0,0.1,29.7,66,33.5,22.7
2026-07-14T18:35:00+05:30,2026-07-14 18:35:00,25.5,26.4,23,2.1,3.5,23.8,98,0,0,0,0.5,8.6,620.5,86,0,0.6,29.7,66,33.5,22.7
2026-07-14T18:30:00+05:30,2026-07-14 18:30:00,25.6,26.5,23.1,1.4,7.2,23.8,81,0,0,0,0.5,8.6,620.5,86,0,1.1,29.8,66,33.6,22.7
2026-07-14T18:26:00+05:30,2026-07-14 18:26:00,25.7,26.6,23,4,7.2,23.8,123,0,0,0,0.5,8.6,620.5,85,0,1.7,29.8,65,33.4,22.5
2026-07-14T18:20:00+05:30,2026-07-14 18:20:00,25.8,26.6,23.1,1.1,3.5,23.8,75,0,0,0,0.5,8.6,620.5,85,0,3.4,29.8,65,33.4,22.5
2026-07-14T18:15:00+05:30,2026-07-14 18:15:00,26,26.8,23.1,0.3,5.5,23.8,96,0,0,0,0.5,8.6,620.5,84,0,6.2,29.9,65,33.7,22.6
2026-07-14T18:10:00+05:30,2026-07-14 18:10:00,26.1,27,23.2,0,5.5,23.8,106,0,0,0,0.5,8.6,620.5,84,0,10,29.9,65,33.7,22.6
2026-07-14T18:05:00+05:30,2026-07-14 18:05:00,26.1,27,23.2,0,7.2,23.8,65,0,0,0,0.5,8.6,620.5,84,0,13.2,29.9,65,33.7,22.6
2026-07-14T18:00:00+05:30,2026-07-14 18:00:00,26.2,27.1,23.1,0,13,23.8,108,0,0,0,0.5,8.6,620.5,83,0,18.2,30,65,33.9,22.7
2026-07-14T17:55:00+05:30,2026-07-14 17:55:00,26.3,27.1,23.2,0.3,7.2,23.8,71,0,0,0,0.5,8.6,620.5,83,0,24.5,30,65,33.9,22.7
2026-07-14T17:50:00+05:30,2026-07-14 17:50:00,26.6,27.5,23.3,1.1,13,23.8,104,0,0,0,0.5,8.6,620.5,82,0,30.2,30.1,65,34.1,22.8
2026-07-14T17:45:00+05:30,2026-07-14 17:45:00,26.7,29.2,23.2,0,5.5,23.8,74,0,0,0,0.5,8.6,620.5,81,0,38.3,30.1,65,34.1,22.8
2026-07-14T17:40:00+05:30,2026-07-14 17:40:00,26.8,29.3,23.2,4.7,5.5,23.8,105,0,0,0,0.5,8.6,620.5,81,0,45.9,30.1,65,34.1,22.8
2026-07-14T17:35:00+05:30,2026-07-14 17:35:00,26.9,29.5,23.1,2.6,5.5,23.8,92,0,0,0,0.5,8.6,620.5,80,0,51.5,30.1,65,34.1,22.8
2026-07-14T17:30:00+05:30,2026-07-14 17:30:00,26.9,29.6,23.3,0,7.2,23.8,97,0,0,0,0.5,8.6,620.5,81,0,57.9,30.1,65,34.1,22.8
2026-07-14T17:25:00+05:30,2026-07-14 17:25:00,27,29.7,23.2,7.2,9.3,23.8,125,0,0,0,0.5,8.6,620.5,80,0,65.4,30.2,65,34.4,22.9
2026-07-14T17:21:00+05:30,2026-07-14 17:21:00,27.1,30,23.4,0,0,23.8,77,0,0,0,0.5,8.6,620.5,80,0,71.5,30.2,65,34.4,22.9
2026-07-14T17:15:00+05:30,2026-07-14 17:15:00,27.1,30,23.4,0.3,13,23.8,74,0,0,0,0.5,8.6,620.5,80,0,80.3,30.2,65,34.4,22.9
2026-07-14T17:10:00+05:30,2026-07-14 17:10:00,27.3,30.4,23.5,1.4,11.1,23.8,77,0,0,0,0.5,8.6,620.5,80,0,90.3,30.3,65,34.5,22.9
2026-07-14T17:05:00+05:30,2026-07-14 17:05:00,27.4,30.6,23.6,0,11.1,23.8,71,0,0,0,0.5,8.6,620.5,80,0,98.1,30.3,65,34.5,22.9
2026-07-14T17:00:00+05:30,2026-07-14 17:00:00,27.4,30.7,23.8,1.8,14.8,23.8,104,0,0,0,0.5,8.6,620.5,81,1,105.2,30.3,65,34.5,22.9
2026-07-14T16:55:00+05:30,2026-07-14 16:55:00,27.8,31.4,23.8,8.7,13,23.8,150,0,0,0,0.5,8.6,620.5,79,1,110.3,30.3,65,34.5,22.9
2026-07-14T16:50:00+05:30,2026-07-14 16:50:00,27.6,31.1,23.8,9.7,13,23.8,95,0,0,0,0.5,8.6,620.5,80,1,119.5,30.4,65,34.7,23.1
2026-07-14T16:45:00+05:30,2026-07-14 16:45:00,27.9,31.7,23.9,12.2,16.6,23.8,111,0,0,0,0.5,8.6,620.5,79,1,126.7,30.4,65,34.7,23.1
2026-07-14T16:40:00+05:30,2026-07-14 16:40:00,28,31.9,24,1.1,7.2,23.8,82,0,0,0,0.5,8.6,620.5,79,1,134.2,30.4,65,34.7,23.1
2026-07-14T16:35:00+05:30,2026-07-14 16:35:00,28.1,32.1,23.9,1.4,13,23.8,92,0,0,0,0.5,8.6,620.5,78,1,148,30.4,65,34.7,23.1
2026-07-14T16:30:00+05:30,2026-07-14 16:30:00,28,31.8,23.8,0,7.2,23.8,94,0,0,0,0.5,8.6,620.5,78,1,151.6,30.4,65,34.7,23.1
2026-07-14T16:25:00+05:30,2026-07-14 16:25:00,28.2,32.2,23.8,1.1,5.5,23.8,111,0,0,0,0.5,8.6,620.5,77,1,165.2,30.4,65,34.7,23.1
2026-07-14T16:20:00+05:30,2026-07-14 16:20:00,28.1,32.1,23.9,6.1,13,23.8,85,0,0,0,0.5,8.6,620.5,78,1,165,30.4,65,34.7,23.1
2026-07-14T16:15:00+05:30,2026-07-14 16:15:00,28,31.8,23.8,6.1,14.8,23.8,52,0,0,0,0.5,8.6,620.5,78,1,173.3,30.4,65,34.7,23.1
2026-07-14T16:10:00+05:30,2026-07-14 16:10:00,28.3,32.5,24.1,3.2,11.1,23.8,53,0,0,0,0.5,8.6,620.5,78,1,184.2,30.5,65,35,23.2
2026-07-14T16:05:00+05:30,2026-07-14 16:05:00,28.3,32.5,24.1,3.2,13,23.8,79,0,0,0,0.5,8.6,620.5,78,1,191.9,30.5,66,35.2,23.4
2026-07-14T16:00:00+05:30,2026-07-14 16:00:00,28.3,32.3,23.8,0.3,7.2,23.8,78,0,0,0,0.5,8.6,620.5,77,1,203.5,30.5,66,35.2,23.4
2026-07-14T15:55:00+05:30,2026-07-14 15:55:00,28.3,32.3,23.8,2.9,13,23.8,110,0,0,0,0.5,8.6,620.5,77,2,213.7,30.5,66,35.2,23.4
2026-07-14T15:50:00+05:30,2026-07-14 15:50:00,28.5,32.8,24.1,5.8,7.2,23.8,104,0,0,0,0.5,8.6,620.5,77,2,220,30.5,66,35.2,23.4
2026-07-14T15:45:00+05:30,2026-07-14 15:45:00,28.4,32.7,24.2,2.1,7.2,23.8,73,0,0,0,0.5,8.6,620.5,78,2,224.8,30.5,66,35.2,23.4
2026-07-14T15:40:00+05:30,2026-07-14 15:40:00,28.7,33.6,24.5,3.5,9.3,23.8,55,0,0,0,0.5,8.6,620.5,78,2,241.4,30.5,66,35.2,23.4
2026-07-14T15:35:00+05:30,2026-07-14 15:35:00,28.7,33.4,24.3,11.1,16.6,23.8,118,0,0,0,0.5,8.6,620.5,77,2,273.9,30.5,66,35.2,23.4
2026-07-14T15:30:00+05:30,2026-07-14 15:30:00,28.7,33.4,24.3,6.1,7.2,23.8,71,0,0,0,0.5,8.6,620.5,77,2,300.5,30.5,66,35.2,23.4
2026-07-14T15:25:00+05:30,2026-07-14 15:25:00,28.9,33.8,24.4,9.7,14.8,23.8,104,0,0,0,0.5,8.6,620.5,77,2,292.6,30.4,66,35,23.3
2026-07-14T15:20:00+05:30,2026-07-14 15:20:00,29.1,34.2,24.4,5.5,11.1,23.8,86,0,0,0,0.5,8.6,620.5,76,3,316.3,30.4,66,35,23.3
2026-07-14T15:15:00+05:30,2026-07-14 15:15:00,29,33.9,24.3,1.8,5.5,23.8,60,0,0,0,0.5,8.6,620.5,76,3,343.8,30.4,66,35,23.3
2026-07-14T15:11:00+05:30,2026-07-14 15:11:00,29,33.9,24.3,4.3,13,23.8,69,0,0,0,0.5,8.6,620.5,76,3,351.8,30.4,66,35,23.3
2026-07-14T15:05:00+05:30,2026-07-14 15:05:00,28.7,33.2,24.1,7.9,11.1,23.8,101,0,0,0,0.5,8.6,620.5,76,3,327.7,30.4,65,34.7,23.1
2026-07-14T15:00:00+05:30,2026-07-14 15:00:00,28.8,33.3,24.1,11.1,16.6,23.8,82,0,0,0,0.5,8.6,620.5,76,3,369.3,30.4,66,35,23.3
2026-07-14T14:55:00+05:30,2026-07-14 14:55:00,28.8,33.5,24.3,8.7,23.8,23.8,69,0,0,0,0.5,8.6,620.5,77,2,247.8,30.4,66,35,23.3
2026-07-14T14:50:00+05:30,2026-07-14 14:50:00,29.4,34.7,24.5,2.1,5.5,20.1,75,0,0,0,0.5,8.6,620.5,75,3,316.3,30.4,66,35,23.3
2026-07-14T14:45:00+05:30,2026-07-14 14:45:00,29.5,35,24.6,6.4,13,20.1,118,0,0,0,0.5,8.6,620.5,75,3,394.9,30.4,66,35,23.3
2026-07-14T14:40:00+05:30,2026-07-14 14:40:00,29,33.9,24.3,0.3,13,20.1,196,0,0,0,0.5,8.6,620.5,76,3,410.4,30.4,66,35,23.3
2026-07-14T14:35:00+05:30,2026-07-14 14:35:00,29.2,34.3,24.3,13.7,18.3,20.1,110,0,0,0,0.5,8.6,620.5,75,4,450.7,30.4,67,35.2,23.6
2026-07-14T14:30:00+05:30,2026-07-14 14:30:00,29.1,34.2,24.4,2.9,5.5,20.1,62,0,0,0,0.5,8.6,620.5,76,4,433,30.4,67,35.2,23.6
2026-07-14T14:25:00+05:30,2026-07-14 14:25:00,28.8,33.5,24.3,0,9.3,20.1,56,0,0,0,0.5,8.6,620.5,77,4,454.5,30.4,67,35.2,23.6
2026-07-14T14:20:00+05:30,2026-07-14 14:20:00,28.9,33.8,24.4,4,11.1,20.1,95,0,0,0,0.5,8.6,620.5,77,4,412.9,30.3,67,34.9,23.4
2026-07-14T14:15:00+05:30,2026-07-14 14:15:00,29.3,34.4,24.4,1.4,9.3,20.1,85,0,0,0,0.5,8.6,620.5,75,4,447.2,30.3,67,34.9,23.4
2026-07-14T14:10:00+05:30,2026-07-14 14:10:00,29.3,34.6,24.6,0.3,7.2,20.1,52,0,0,0,0.5,8.6,620.5,76,4,457.3,30.2,67,34.8,23.4
2026-07-14T14:06:00+05:30,2026-07-14 14:06:00,29.2,34.7,24.8,7.2,14.8,20.1,58,0,0,0,0.5,8.6,620.5,77,4,511.3,30.2,67,34.8,23.4
2026-07-14T14:00:00+05:30,2026-07-14 14:00:00,29.1,34.4,24.7,2.6,18.3,20.1,68,0,0,0,0.5,8.6,620.5,77,4,436,30.2,67,34.8,23.4
2026-07-14T13:55:00+05:30,2026-07-14 13:55:00,28.8,33.5,24.3,3.5,11.1,20.1,82,0,0,0,0.5,8.6,620.5,77,2,295.3,30.2,67,34.8,23.4
2026-07-14T13:50:00+05:30,2026-07-14 13:50:00,29.5,35,24.6,16.3,20.1,20.1,81,0,0,0,0.5,8.6,620.5,75,2,275.5,30.2,67,34.8,23.4
2026-07-14T13:45:00+05:30,2026-07-14 13:45:00,30.1,36.1,24.7,4.3,9.3,20.1,78,0,0,0,0.5,8.6,620.5,73,4,474.7,30.2,67,34.8,23.4
2026-07-14T13:40:00+05:30,2026-07-14 13:40:00,30.2,36.4,24.8,3.5,7.2,18.3,138,0,0,0,0.5,8.6,620.5,73,4,450.2,30.2,67,34.8,23.4
2026-07-14T13:35:00+05:30,2026-07-14 13:35:00,29.7,35.1,24.3,4.7,13,18.3,124,0,0,0,0.5,8.6,620.5,73,5,525.9,30.1,67,34.6,23.3
2026-07-14T13:30:00+05:30,2026-07-14 13:30:00,29.5,34.5,24.1,0,7.2,18.3,98,0,0,0,0.5,8.6,620.5,73,5,536.8,30.1,67,34.6,23.3
2026-07-14T13:25:00+05:30,2026-07-14 13:25:00,29.7,35.1,24.3,7.9,9.3,18.3,103,0,0,0,0.5,8.6,620.5,73,5,526.8,30,67,34.3,23.2
2026-07-14T13:20:00+05:30,2026-07-14 13:20:00,29.9,35.5,24.5,0,5.5,18.3,102,0,0,0,0.5,8.6,620.5,73,4,486.5,30,67,34.3,23.2
2026-07-14T13:15:00+05:30,2026-07-14 13:15:00,29.5,34.7,24.4,3.5,13,18.3,70,0,0,0,0.5,8.6,620.5,74,5,582.8,29.9,67,34.1,23.1
2026-07-14T13:10:00+05:30,2026-07-14 13:10:00,29.6,34.8,24.2,7.2,13,18.3,104,0,0,0,0.5,8.6,620.5,73,5,595,29.9,67,34.1,23.1
2026-07-14T13:05:00+05:30,2026-07-14 13:05:00,30,35.8,24.6,2.1,7.2,18.3,82,0,0,0,0.5,8.6,620.5,73,6,647.3,29.8,67,33.8,23
2026-07-14T13:01:00+05:30,2026-07-14 13:01:00,29.7,35.1,24.3,0,14.8,18.3,85,0,0,0,0.5,8.6,620.5,73,6,622.6,29.7,67,33.7,22.9
2026-07-14T12:55:00+05:30,2026-07-14 12:55:00,30.1,35.8,24.5,1.1,13,18.3,151,0,0,0,0.5,8.6,620.5,72,5,593.8,29.7,67,33.7,22.9
2026-07-14T12:50:00+05:30,2026-07-14 12:50:00,30.1,35.3,24,1.4,5.5,18.3,55,0,0,0,0.5,8.6,620.5,70,5,592.4,29.6,67,33.4,22.8
2026-07-14T12:45:00+05:30,2026-07-14 12:45:00,30,35.3,24.2,7.9,11.1,18.3,122,0,0,0,0.5,8.6,620.5,71,6,631.3,29.5,67,33.2,22.7
2026-07-14T12:40:00+05:30,2026-07-14 12:40:00,29.9,35,24,0.3,7.2,18.3,94,0,0,0,0.5,8.6,620.5,71,6,631.3,29.4,67,33,22.6
2026-07-14T12:35:00+05:30,2026-07-14 12:35:00,29.7,34.4,23.6,0,14.8,18.3,49,0,0,0,0.5,8.6,620.5,70,6,645.4,29.3,67,32.8,22.5
2026-07-14T12:30:00+05:30,2026-07-14 12:30:00,29.7,34.6,23.9,3.2,11.1,18.3,87,0,0,0,0.5,8.6,620.5,71,6,635.4,29.2,67,32.7,22.4
2026-07-14T12:25:00+05:30,2026-07-14 12:25:00,30.2,35.6,24.1,1.8,7.2,18.3,134,0,0,0,0.5,8.6,620.5,70,6,632.2,29.2,68,32.8,22.7
2026-07-14T12:20:00+05:30,2026-07-14 12:20:00,30.2,35.8,24.4,0,18.3,18.3,79,0,0,0,0.5,8.6,620.5,71,6,642.3,29.1,67,32.4,22.3
2026-07-14T12:15:00+05:30,2026-07-14 12:15:00,29.9,34.8,23.8,0,5.5,18.3,70,0,0,0,0.5,8.6,620.5,70,6,682.8,29,68,32.4,22.5
2026-07-14T12:10:00+05:30,2026-07-14 12:10:00,29.2,33.6,23.6,2.9,16.6,18.3,116,0,0,0,0.5,8.6,620.5,72,6,710.5,29,68,32.4,22.5
2026-07-14T12:05:00+05:30,2026-07-14 12:05:00,29.5,34.3,23.9,4.3,11.1,18.3,92,0,0,0,0.5,8.6,620.5,72,3,325.2,28.9,68,32.1,22.4
2026-07-14T12:00:00+05:30,2026-07-14 12:00:00,29.6,34.1,23.5,0.6,7.2,18.3,93,0,0,0,0.5,8.6,620.5,70,6,684.2,28.8,68,31.9,22.3
2026-07-14T11:55:00+05:30,2026-07-14 11:55:00,29,32.9,23.2,9.3,11.1,18.3,73,0,0,0,0.5,8.6,620.5,71,6,716,28.8,68,31.9,22.3
2026-07-14T11:50:00+05:30,2026-07-14 11:50:00,29.3,33.3,23.2,2.1,11.1,18.3,105,0,0,0,0.5,8.6,620.5,70,6,694.3,28.7,69,31.9,22.4
2026-07-14T11:45:00+05:30,2026-07-14 11:45:00,29.4,34,23.8,4,11.1,18.3,100,0,0,0,0.5,8.6,620.5,72,6,684.9,28.6,69,31.7,22.3
2026-07-14T11:41:00+05:30,2026-07-14 11:41:00,29.4,33.8,23.6,0,11.1,18.3,60,0,0,0,0.5,8.6,620.5,71,6,696.4,28.6,69,31.7,22.3
2026-07-14T11:35:00+05:30,2026-07-14 11:35:00,28.4,32.1,23.3,8.2,13,18.3,117,0,0,0,0.5,8.6,620.5,74,2,280.3,28.6,69,31.7,22.3
2026-07-14T11:30:00+05:30,2026-07-14 11:30:00,28.3,31.5,22.7,11.6,14.8,18.3,120,0,0,0,0.5,8.6,620.5,72,7,725.5,28.5,70,31.7,22.5
2026-07-14T11:25:00+05:30,2026-07-14 11:25:00,28.6,32.8,23.7,12.2,13,18.3,96,0,0,0,0.5,8.6,620.5,75,5,553.2,28.5,70,31.7,22.5
2026-07-14T11:20:00+05:30,2026-07-14 11:20:00,28.3,32.1,23.6,0,5.5,18.3,68,0,0,0,0.5,8.6,620.5,76,3,370.3,28.4,70,31.4,22.4
2026-07-14T11:15:00+05:30,2026-07-14 11:15:00,27.9,31.4,23.5,6.4,9.3,18.3,81,0,0,0,0.5,8.6,620.5,77,6,626.6,28.3,70,31.2,22.3
2026-07-14T11:10:00+05:30,2026-07-14 11:10:00,27.7,31,23.3,5,11.1,18.3,138,0,0,0,0.5,8.6,620.5,77,7,760.6,28.3,70,31.2,22.3
2026-07-14T11:05:00+05:30,2026-07-14 11:05:00,27.8,31.3,23.6,7.6,11.1,18.3,73,0,0,0,0.5,8.6,620.5,78,3,403.4,28.3,70,31.2,22.3
2026-07-14T11:00:00+05:30,2026-07-14 11:00:00,27.5,30.6,23.3,3.5,13,18.3,91,0,0,0,0.5,8.6,620.5,78,7,730.8,28.2,70,31.1,22.2
2026-07-14T10:55:00+05:30,2026-07-14 10:55:00,27.6,31,23.6,0,11.1,18.3,75,0,0,0,0.5,8.6,620.5,79,3,323.1,28.2,71,31.2,22.4
2026-07-14T10:50:00+05:30,2026-07-14 10:50:00,27.9,31.5,23.7,8.7,14.8,18.3,123,0,0,0,0.5,8.6,620.5,78,6,622.2,28.2,71,31.2,22.4
2026-07-14T10:45:00+05:30,2026-07-14 10:45:00,27.9,31.7,23.9,1.1,9.3,18.3,65,0,0,0,0.5,8.6,620.5,79,6,639.2,28.1,71,31,22.3
2026-07-14T10:40:00+05:30,2026-07-14 10:40:00,28.1,32.2,24.1,0,11.1,18.3,70,0,0,0,0.5,8.6,620.5,79,6,681.4,28,71,30.8,22.2
2026-07-14T10:36:00+05:30,2026-07-14 10:36:00,28.4,32.6,24,0.3,7.2,18.3,65,0,0,0,0.5,8.6,620.5,77,6,648.9,28,71,30.8,22.2
2026-07-14T10:30:00+05:30,2026-07-14 10:30:00,28.1,32.1,23.9,0,5.5,18.3,54,0,0,0,0.5,8.6,620.5,78,6,625,27.9,71,30.6,22.1
2026-07-14T10:25:00+05:30,2026-07-14 10:25:00,28,31.6,23.6,2.1,9.3,18.3,112,0,0,0,0.5,8.6,620.5,77,3,381.4,27.9,71,30.6,22.1
2026-07-14T10:20:00+05:30,2026-07-14 10:20:00,28.5,32.7,23.8,9,14.8,18.3,108,0,0,0,0.5,8.6,620.5,76,2,282.3,27.8,71,30.4,22
2026-07-14T10:15:00+05:30,2026-07-14 10:15:00,28.4,32.6,24,0,7.2,18.3,73,0,0,0,0.5,8.6,620.5,77,3,313.6,27.8,71,30.4,22
2026-07-14T10:10:00+05:30,2026-07-14 10:10:00,28.1,32.1,23.9,0,11.1,18.3,127,0,0,0,0.5,8.6,620.5,78,4,486.2,27.7,71,30.3,21.9
2026-07-14T10:05:00+05:30,2026-07-14 10:05:00,27.6,30.9,23.4,0,3.5,18.3,90,0,0,0,0.5,8.6,620.5,78,5,576.8,27.6,71,30.1,21.9
2026-07-14T10:00:00+05:30,2026-07-14 10:00:00,27.7,31.3,23.7,5.8,18.3,18.3,107,0,0,0,0.5,8.6,620.5,79,5,591.3,27.6,71,30.1,21.9
2026-07-14T09:55:00+05:30,2026-07-14 09:55:00,27.2,30.2,23.5,0,9.3,16.6,78,0,0,0,0.5,8.6,620.5,80,2,260.7,27.5,71,29.8,21.8
2026-07-14T09:50:00+05:30,2026-07-14 09:50:00,27.4,30.5,23.4,10.8,14.8,16.6,108,0,0,0,0.5,8.6,620.5,79,5,551.5,27.5,71,29.8,21.8
2026-07-14T09:45:00+05:30,2026-07-14 09:45:00,27.1,30,23.4,3.5,5.5,16.6,90,0,0,0,0.5,8.6,620.5,80,4,466.9,27.5,71,29.8,21.8
2026-07-14T09:40:00+05:30,2026-07-14 09:40:00,26.7,29.2,23.2,0.3,11.1,16.6,92,0,0,0,0.5,8.6,620.5,81,4,485.6,27.4,71,29.6,21.7
2026-07-14T09:35:00+05:30,2026-07-14 09:35:00,27,29.7,23.2,8.7,11.1,16.6,101,0,0,0,0.5,8.6,620.5,80,3,394.1,27.3,71,29.4,21.6
2026-07-14T09:31:00+05:30,2026-07-14 09:31:00,27,29.8,23.5,2.1,13,16.6,99,0,0,0,0.5,8.6,620.5,81,4,467.4,27.3,71,29.4,21.6
2026-07-14T09:25:00+05:30,2026-07-14 09:25:00,27,29.7,23.2,0,13,16.6,83,0,0,0,0.5,8.6,620.5,80,4,471,27.2,71,29.3,21.5
2026-07-14T09:20:00+05:30,2026-07-14 09:20:00,26.9,29.4,22.9,0,7.2,16.6,91,0,0,0,0.5,8.6,620.5,79,4,467.5,27.1,71,29.1,21.4
2026-07-14T09:15:00+05:30,2026-07-14 09:15:00,26.8,29.3,23,0,9.3,16.6,140,0,0,0,0.5,8.6,620.5,80,4,444.8,27.1,71,29.1,21.4
2026-07-14T09:10:00+05:30,2026-07-14 09:10:00,26.8,29.3,23,2.1,9.3,16.6,72,0,0,0,0.5,8.6,620.5,80,4,440.2,27.1,71,29.1,21.4
2026-07-14T09:05:00+05:30,2026-07-14 09:05:00,26.6,27.4,22.9,0,3.5,16.6,70,0,0,0,0.5,8.6,620.5,80,4,428.2,27,71,28.9,21.3
2026-07-14T09:00:00+05:30,2026-07-14 09:00:00,26.4,27.2,22.9,0.6,7.2,16.6,128,0,0,0,0.5,8.6,620.5,81,3,406.7,27,71,28.9,21.3
2026-07-14T08:55:00+05:30,2026-07-14 08:55:00,26.7,29.1,23,0,7.2,16.6,52,0,0,0,0.5,8.6,620.5,80,3,407,26.9,71,28.7,21.2
2026-07-14T08:50:00+05:30,2026-07-14 08:50:00,26.4,27.2,22.9,0,9.3,16.6,104,0,0,0,0.5,8.6,620.5,81,3,367.8,26.8,71,28.6,21.1
2026-07-14T08:45:00+05:30,2026-07-14 08:45:00,26.4,27.2,22.7,2.9,5.5,16.6,86,0,0,0,0.5,8.6,620.5,80,3,336.9,26.8,71,28.6,21.1
2026-07-14T08:40:00+05:30,2026-07-14 08:40:00,26.1,26.9,22.8,0,7.2,16.6,124,0,0,0,0.5,8.6,620.5,82,3,345.9,26.8,71,28.6,21.1
2026-07-14T08:35:00+05:30,2026-07-14 08:35:00,26.1,26.9,22.8,1.1,11.1,16.6,84,0,0,0,0.5,8.6,620.5,82,3,313.9,26.8,71,28.6,21.1
2026-07-14T08:30:00+05:30,2026-07-14 08:30:00,25.9,26.7,22.6,0.3,13,16.6,73,0,0,0,0.5,8.6,620.5,82,2,307.6,26.8,71,28.6,21.1
2026-07-14T08:25:00+05:30,2026-07-14 08:25:00,25.7,26.5,22.6,5.5,11.1,16.6,91,0,0,0,0.5,8.6,620.5,83,2,284.3,26.8,71,28.6,21.1
2026-07-14T08:20:00+05:30,2026-07-14 08:20:00,25.7,26.5,22.4,3.5,5.5,16.6,97,0,0,0,0.5,8.6,620.5,82,2,272.4,26.7,71,28.4,21
2026-07-14T08:15:00+05:30,2026-07-14 08:15:00,25.4,26.2,22.5,0,11.1,16.6,70,0,0,0,0.5,8.6,620.5,84,2,264,26.7,71,28.4,21
2026-07-14T08:11:00+05:30,2026-07-14 08:11:00,25.5,26.3,22.6,0,5.5,16.6,73,0,0,0,0.5,8.6,620.5,84,2,248.1,26.7,71,28.4,21
2026-07-14T08:05:00+05:30,2026-07-14 08:05:00,25.3,26,22.2,5.8,11.1,16.6,152,0,0,0,0.5,8.6,620.5,83,2,236.1,26.7,71,28.4,21
2026-07-14T08:00:00+05:30,2026-07-14 08:00:00,25.1,25.9,22.2,5,7.2,16.6,107,0,0,0,0.5,8.6,620.5,84,2,217.2,26.7,71,28.4,21
2026-07-14T07:55:00+05:30,2026-07-14 07:55:00,24.9,25.7,22.2,0.3,14.8,16.6,71,0,0,0,0.5,8.6,620.5,85,2,205.3,26.7,71,28.4,21
2026-07-14T07:50:00+05:30,2026-07-14 07:50:00,24.9,25.6,22,0,9.3,16.6,188,0,0,0,0.5,8.6,620.5,84,1,196.1,26.6,71,27.2,20.9
2026-07-14T07:45:00+05:30,2026-07-14 07:45:00,24.9,25.7,22.4,0.6,7.2,16.6,100,0,0,0,0.5,8.6,620.5,86,1,172.5,26.6,71,27.2,20.9
2026-07-14T07:40:00+05:30,2026-07-14 07:40:00,24.9,25.7,22.2,0,3.5,16.6,75,0,0,0,0.5,8.6,620.5,85,1,161.9,26.6,71,27.2,20.9
2026-07-14T07:35:00+05:30,2026-07-14 07:35:00,24.6,25.4,22.1,0,5.5,16.6,84,0,0,0,0.5,8.6,620.5,86,1,147.1,26.6,71,27.2,20.9
2026-07-14T07:30:00+05:30,2026-07-14 07:30:00,24.6,25.4,22.1,4.7,5.5,16.6,104,0,0,0,0.5,8.6,620.5,86,1,134.3,26.6,71,27.2,20.9
2026-07-14T07:25:00+05:30,2026-07-14 07:25:00,24.3,25.1,22.2,0,7.2,16.6,91,0,0,0,0.5,8.6,620.5,88,1,123.1,26.6,71,27.2,20.9
2026-07-14T07:20:00+05:30,2026-07-14 07:20:00,24.2,25,22.1,1.1,9.3,16.6,88,0,0,0,0.5,8.6,620.5,88,1,117.9,26.5,70,27.1,20.6
2026-07-14T07:15:00+05:30,2026-07-14 07:15:00,24.3,25,22,3.5,7.2,16.6,93,0,0,0,0.5,8.6,620.5,87,1,104.4,26.5,70,27.1,20.6
2026-07-14T07:10:00+05:30,2026-07-14 07:10:00,24,24.8,22.1,0,11.1,16.6,76,0,0,0,0.5,8.6,620.5,89,0,97.8,26.6,70,27.2,20.7
2026-07-14T07:05:00+05:30,2026-07-14 07:05:00,24,24.8,22.1,0,11.1,16.6,78,0,0,0,0.5,8.6,620.5,89,0,88.6,26.6,70,27.2,20.7
2026-07-14T07:00:00+05:30,2026-07-14 07:00:00,23.9,24.7,22,1.4,7.2,16.6,77,0,0,0,0.5,8.6,620.5,89,0,78.8,26.5,70,27.1,20.6
2026-07-14T06:55:00+05:30,2026-07-14 06:55:00,23.8,24.5,21.9,0,9.3,16.6,84,0,0,0,0.5,8.6,620.5,89,0,67.7,26.5,70,27.1,20.6
2026-07-14T06:50:00+05:30,2026-07-14 06:50:00,23.7,24.5,21.8,0,14.8,16.6,79,0,0,0,0.5,8.6,620.5,89,0,53.3,26.5,70,27.1,20.6
2026-07-14T06:45:00+05:30,2026-07-14 06:45:00,23.6,24.4,21.9,1.4,3.5,16.6,61,0,0,0,0.5,8.6,620.5,90,0,44.1,26.5,70,27.1,20.6
2026-07-14T06:40:00+05:30,2026-07-14 06:40:00,23.5,24.3,21.8,9.7,13,16.6,143,0,0,0,0.5,8.6,620.5,90,0,35.8,26.5,70,27.1,20.6
2026-07-14T06:35:00+05:30,2026-07-14 06:35:00,23.5,24.3,21.8,4.7,9.3,16.6,68,0,0,0,0.5,8.6,620.5,90,0,29,26.5,70,27.1,20.6
2026-07-14T06:30:00+05:30,2026-07-14 06:30:00,23.5,24.3,21.8,1.8,11.1,16.6,93,0,0,0,0.5,8.6,620.5,90,0,24.5,26.6,70,27.2,20.7
2026-07-14T06:25:00+05:30,2026-07-14 06:25:00,23.4,24.2,21.8,0,7.2,16.6,70,0,0,0,0.5,8.6,620.5,91,0,19.6,26.6,70,27.2,20.7
2026-07-14T06:20:00+05:30,2026-07-14 06:20:00,23.3,24,21.7,0,0,16.6,81,0,0,0,0.5,8.6,620.5,91,0,14.2,26.6,70,27.2,20.7
2026-07-14T06:15:00+05:30,2026-07-14 06:15:00,23.3,24,21.7,2.9,3.5,16.6,71,0,0,0,0.5,8.6,620.5,91,0,10.1,26.6,70,27.2,20.7
2026-07-14T06:10:00+05:30,2026-07-14 06:10:00,23.4,24.2,21.8,0.3,7.2,16.6,94,0,0,0,0.5,8.6,620.5,91,0,6.1,26.6,70,27.2,20.7
2026-07-14T06:05:00+05:30,2026-07-14 06:05:00,23.3,24,21.7,3.2,7.2,16.6,97,0,0,0,0.5,8.6,620.5,91,0,3.4,26.6,70,27.2,20.7
2026-07-14T06:00:00+05:30,2026-07-14 06:00:00,23.4,24.2,21.8,0,5.5,16.6,71,0,0,0,0.5,8.6,620.5,91,0,2.1,26.6,70,27.2,20.7
2026-07-14T05:55:00+05:30,2026-07-14 05:55:00,23.4,24.1,21.7,5,11.1,16.6,86,0,0,0,0.5,8.6,620.5,90,0,1.1,26.6,70,27.2,20.7
2026-07-14T05:50:00+05:30,2026-07-14 05:50:00,23.4,24.2,21.8,2.1,9.3,16.6,107,0,0,0,0.5,8.6,620.5,91,0,0.5,26.7,70,28.4,20.8
2026-07-14T05:46:00+05:30,2026-07-14 05:46:00,23.4,24.1,21.7,2.1,11.1,16.6,81,0,0,0,0.5,8.6,620.5,90,0,0.2,26.7,70,28.4,20.8
2026-07-14T05:40:00+05:30,2026-07-14 05:40:00,23.4,24.1,21.7,0,5.5,16.6,71,0,0,0,0.5,8.6,620.5,90,0,0,26.7,69,28.3,20.6
2026-07-14T05:35:00+05:30,2026-07-14 05:35:00,23.5,24.2,21.6,4.7,5.5,16.6,74,0,0,0,0.5,8.6,620.5,89,0,0,26.7,69,28.3,20.6
2026-07-14T05:30:00+05:30,2026-07-14 05:30:00,23.5,24.2,21.6,1.8,7.2,16.6,85,0,0,0,0.5,8.6,620.5,89,0,0,26.7,69,28.3,20.6
2026-07-14T05:25:00+05:30,2026-07-14 05:25:00,23.5,24.2,21.6,4.7,11.1,16.6,84,0,0,0,0.5,8.6,620.5,89,0,0,26.7,69,28.3,20.6
2026-07-14T05:20:00+05:30,2026-07-14 05:20:00,23.5,24.2,21.6,0,7.2,16.6,71,0,0,0,0.5,8.6,620.5,89,0,0,26.7,69,28.3,20.6
2026-07-14T05:15:00+05:30,2026-07-14 05:15:00,23.4,24.1,21.5,0,13,16.6,49,0,0,0,0.5,8.6,620.5,89,0,0,26.8,69,28.4,20.6
2026-07-14T05:10:00+05:30,2026-07-14 05:10:00,23.4,24.1,21.5,3.2,13,16.6,86,0,0,0,0.5,8.6,620.5,89,0,0,26.8,69,28.4,20.6
2026-07-14T05:05:00+05:30,2026-07-14 05:05:00,23.4,24.1,21.5,4.7,9.3,16.6,97,0,0,0,0.5,8.6,620.5,89,0,0,26.8,69,28.4,20.6
2026-07-14T05:00:00+05:30,2026-07-14 05:00:00,23.4,24.1,21.5,2.9,9.3,16.6,84,0,0,0,0.5,8.6,620.5,89,0,0,26.8,69,28.4,20.6
2026-07-14T04:55:00+05:30,2026-07-14 04:55:00,23.4,24.1,21.5,1.4,14.8,16.6,76,0,0,0,0.5,8.6,620.5,89,0,0,26.9,69,28.6,20.7
2026-07-14T04:50:00+05:30,2026-07-14 04:50:00,23.3,24,21.4,0.3,14.8,16.6,106,0,0,0,0.5,8.6,620.5,89,0,0,26.8,69,28.4,20.6
2026-07-14T04:45:00+05:30,2026-07-14 04:45:00,23.4,24.1,21.7,1.1,5.5,16.6,97,0,0,0,0.5,8.6,620.5,90,0,0,26.9,69,28.6,20.7
2026-07-14T04:41:00+05:30,2026-07-14 04:41:00,23.4,24.1,21.5,0,13,16.6,91,0,0,0,0.5,8.6,620.5,89,0,0,26.9,69,28.6,20.7
2026-07-14T04:35:00+05:30,2026-07-14 04:35:00,23.4,24.1,21.5,0,5.5,16.6,70,0,0,0,0.5,8.6,620.5,89,0,0,26.9,69,28.6,20.7
2026-07-14T04:30:00+05:30,2026-07-14 04:30:00,23.4,24.1,21.5,2.1,14.8,16.6,154,0,0,0,0.5,8.6,620.5,89,0,0,26.9,69,28.6,20.7
2026-07-14T04:25:00+05:30,2026-07-14 04:25:00,23.4,24.1,21.7,0.3,5.5,16.6,70,0,0,0,0.5,8.6,620.5,90,0,0,26.9,69,28.6,20.7
2026-07-14T04:20:00+05:30,2026-07-14 04:20:00,23.3,24,21.5,0,5.5,16.6,73,0,0,0,0.5,8.6,620.5,90,0,0,26.9,69,28.6,20.7
2026-07-14T04:15:00+05:30,2026-07-14 04:15:00,23.4,24.1,21.7,3.5,7.2,16.6,102,0,0,0,0.5,8.6,620.5,90,0,0,27,69,28.8,20.8
2026-07-14T04:10:00+05:30,2026-07-14 04:10:00,23.4,24.1,21.7,6.1,13,16.6,87,0,0,0,0.5,8.6,620.5,90,0,0,27,69,28.8,20.8
2026-07-14T04:05:00+05:30,2026-07-14 04:05:00,23.4,24.1,21.7,0,3.5,16.6,97,0,0,0,0.5,8.6,620.5,90,0,0,27.1,69,28.9,20.9
2026-07-14T04:00:00+05:30,2026-07-14 04:00:00,23.5,24.3,21.8,6.1,16.6,16.6,94,0,0,0,0.5,8.6,620.5,90,0,0,27.1,69,28.9,20.9
2026-07-14T03:55:00+05:30,2026-07-14 03:55:00,23.5,24.3,21.8,0.3,9.3,13,79,0,0,0,0.5,8.6,620.5,90,0,0,27.1,69,28.9,20.9
2026-07-14T03:50:00+05:30,2026-07-14 03:50:00,23.6,24.4,21.7,6.9,9.3,13,112,0,0,0,0.5,8.6,620.5,89,0,0,27.1,69,28.9,20.9
2026-07-14T03:45:00+05:30,2026-07-14 03:45:00,23.7,24.5,21.8,5.5,13,13,71,0,0,0,0.5,8.6,620.5,89,0,0,27.1,69,28.9,20.9
2026-07-14T03:40:00+05:30,2026-07-14 03:40:00,23.6,24.4,21.9,0.6,9.3,13,70,0,0,0,0.5,8.6,620.5,90,0,0,27.2,69,29.2,21
2026-07-14T03:36:00+05:30,2026-07-14 03:36:00,23.6,24.4,21.9,0,5.5,13,83,0,0,0,0.5,8.6,620.5,90,0,0,27.2,69,29.2,21
2026-07-14T03:30:00+05:30,2026-07-14 03:30:00,23.7,24.5,21.8,0,7.2,13,73,0,0,0,0.5,8.6,620.5,89,0,0,27.2,68,29.1,20.8
2026-07-14T03:25:00+05:30,2026-07-14 03:25:00,23.7,24.5,21.8,0,1.8,13,67,0,0,0,0.5,8.6,620.5,89,0,0,27.2,68,29.1,20.8
2026-07-14T03:20:00+05:30,2026-07-14 03:20:00,23.7,24.5,21.8,4,13,13,109,0,0,0,0.5,8.6,620.5,89,0,0,27.2,68,29.1,20.8
2026-07-14T03:15:00+05:30,2026-07-14 03:15:00,23.8,24.5,21.9,0,0,11.1,68,0,0,0,0.5,8.6,620.5,89,0,0,27.3,68,29.2,20.8
2026-07-14T03:10:00+05:30,2026-07-14 03:10:00,23.8,24.5,21.7,2.9,3.5,11.1,81,0,0,0,0.5,8.6,620.5,88,0,0,27.3,68,29.2,20.8
2026-07-14T03:05:00+05:30,2026-07-14 03:05:00,23.9,24.6,21.8,2.1,9.3,11.1,86,0,0,0,0.5,8.6,620.5,88,0,0,27.3,68,29.2,20.8
2026-07-14T03:00:00+05:30,2026-07-14 03:00:00,23.9,24.6,21.8,2.9,5.5,11.1,101,0,0,0,0.5,8.6,620.5,88,0,0,27.3,68,29.2,20.8
2026-07-14T02:55:00+05:30,2026-07-14 02:55:00,24,24.7,21.7,0,3.5,11.1,88,0,0,0,0.5,8.6,620.5,87,0,0,27.4,68,29.3,20.9
2026-07-14T02:50:00+05:30,2026-07-14 02:50:00,23.9,24.6,21.6,0,7.2,11.1,65,0,0,0,0.5,8.6,620.5,87,0,0,27.4,68,29.3,20.9
2026-07-14T02:45:00+05:30,2026-07-14 02:45:00,23.8,24.5,21.7,0,0,11.1,77,0,0,0,0.5,8.6,620.5,88,0,0,27.4,68,29.3,20.9
2026-07-14T02:40:00+05:30,2026-07-14 02:40:00,23.6,24.3,21.5,0.3,1.8,11.1,76,0,0,0,0.5,8.6,620.5,88,0,0,27.4,68,29.3,20.9
2026-07-14T02:35:00+05:30,2026-07-14 02:35:00,23.5,24.2,21.4,0,0,11.1,73,0,0,0,0.5,8.6,620.5,88,0,0,27.4,68,29.3,20.9
2026-07-14T02:30:00+05:30,2026-07-14 02:30:00,23.5,24.2,21.6,0,0,11.1,70,0,0,0,0.5,8.6,620.5,89,0,0,27.5,68,29.5,21.1
2026-07-14T02:25:00+05:30,2026-07-14 02:25:00,23.4,24.1,21.5,0,0,11.1,72,0,0,0,0.5,8.6,620.5,89,0,0,27.5,68,29.5,21.1
2026-07-14T02:20:00+05:30,2026-07-14 02:20:00,23.5,24.2,21.6,0,0,11.1,70,0,0,0,0.5,8.6,620.5,89,0,0,27.5,68,29.5,21.1
2026-07-14T02:16:00+05:30,2026-07-14 02:16:00,23.7,24.4,21.6,0,0,11.1,74,0,0,0,0.5,8.6,620.5,88,0,0,27.5,68,29.5,21.1
2026-07-14T02:10:00+05:30,2026-07-14 02:10:00,23.8,24.5,21.7,0,0,11.1,71,0,0,0,0.5,8.6,620.5,88,0,0,27.5,68,29.5,21.1
2026-07-14T02:05:00+05:30,2026-07-14 02:05:00,23.8,24.5,21.7,0,0,11.1,74,0,0,0,0.5,8.6,620.5,88,0,0,27.5,68,29.5,21.1
2026-07-14T02:00:00+05:30,2026-07-14 02:00:00,23.9,24.6,21.8,0,1.8,11.1,71,0,0,0,0.5,8.6,620.5,88,0,0,27.5,68,29.5,21.1
2026-07-14T01:55:00+05:30,2026-07-14 01:55:00,23.9,24.6,21.8,0,0,11.1,74,0,0,0,0.5,8.6,620.5,88,0,0,27.6,68,29.7,21.2
2026-07-14T01:50:00+05:30,2026-07-14 01:50:00,23.9,24.7,22,0,0,11.1,65,0,0,0,0.5,8.6,620.5,89,0,0,27.6,68,29.7,21.2
2026-07-14T01:45:00+05:30,2026-07-14 01:45:00,23.9,24.6,21.8,0,0,11.1,71,0,0,0,0.5,8.6,620.5,88,0,0,27.6,68,29.7,21.2
2026-07-14T01:40:00+05:30,2026-07-14 01:40:00,24.1,24.9,22,0,0,11.1,67,0,0,0,0.5,8.6,620.5,88,0,0,27.6,68,29.7,21.2
2026-07-14T01:35:00+05:30,2026-07-14 01:35:00,24,24.8,21.9,0,0,11.1,69,0,0,0,0.5,8.6,620.5,88,0,0,27.6,69,29.8,21.4
2026-07-14T01:30:00+05:30,2026-07-14 01:30:00,23.9,24.7,22,0,0,11.1,73,0,0,0,0.5,8.6,620.5,89,0,0,27.6,69,29.8,21.4
2026-07-14T01:25:00+05:30,2026-07-14 01:25:00,24,24.8,22.1,0,0,11.1,81,0,0,0,0.5,8.6,620.5,89,0,0,27.6,69,29.8,21.4
2026-07-14T01:20:00+05:30,2026-07-14 01:20:00,24,24.8,22.1,0,0,11.1,68,0,0,0,0.5,8.6,620.5,89,0,0,27.6,69,29.8,21.4
2026-07-14T01:15:00+05:30,2026-07-14 01:15:00,23.9,24.7,22.1,0,0,11.1,75,0,0,0,0.5,8.6,620.5,90,0,0,27.6,69,29.8,21.4
2026-07-14T01:11:00+05:30,2026-07-14 01:11:00,24.1,24.9,22.4,0,1.8,11.1,84,0,0,0,0.5,8.6,620.5,90,0,0,27.6,68,29.7,21.2
2026-07-14T01:05:00+05:30,2026-07-14 01:05:00,24.1,24.9,22.2,0,0,11.1,70,0,0,0,0.5,8.6,620.5,89,0,0,27.6,68,29.7,21.2
2026-07-14T01:00:00+05:30,2026-07-14 01:00:00,24.2,25,22.3,0,0,11.1,74,0,0,0,0.5,8.6,620.5,89,0,0,27.7,68,29.9,21.3
2026-07-14T00:55:00+05:30,2026-07-14 00:55:00,24.2,25,22.3,0,7.2,11.1,86,0,0,0,0.5,8.6,620.5,89,0,0,27.7,68,29.9,21.3
2026-07-14T00:50:00+05:30,2026-07-14 00:50:00,24.2,25,22.3,0,3.5,11.1,67,0,0,0,0.5,8.6,620.5,89,0,0,27.7,68,29.9,21.3
2026-07-14T00:45:00+05:30,2026-07-14 00:45:00,24.1,24.9,22.2,0,5.5,11.1,80,0,0,0,0.5,8.6,620.5,89,0,0,27.7,68,29.9,21.3
2026-07-14T00:40:00+05:30,2026-07-14 00:40:00,24.1,24.9,22.2,0,5.5,11.1,87,0,0,0,0.5,8.6,620.5,89,0,0,27.7,68,29.9,21.3
2026-07-14T00:35:00+05:30,2026-07-14 00:35:00,24.2,25,22.3,0,5.5,11.1,74,0,0,0,0.5,8.6,620.5,89,0,0,27.8,68,30,21.3
2026-07-14T00:30:00+05:30,2026-07-14 00:30:00,24.2,25,22.3,0,0,11.1,73,0,0,0,0.5,8.6,620.5,89,0,0,27.8,68,30,21.3
2026-07-14T00:25:00+05:30,2026-07-14 00:25:00,24.3,25.1,22.2,0,1.8,11.1,79,0,0,0,0.5,8.6,620.5,88,0,0,27.8,68,30,21.3
2026-07-14T00:20:00+05:30,2026-07-14 00:20:00,24.3,25.1,22.2,0,1.8,11.1,84,0,0,0,0.5,8.6,620.5,88,0,0,27.8,68,30,21.3
2026-07-14T00:15:00+05:30,2026-07-14 00:15:00,24.3,25.1,22.2,0,7.2,11.1,82,0,0,0,0.5,8.6,620.5,88,0,0,27.8,68,30,21.3
2026-07-14T00:10:00+05:30,2026-07-14 00:10:00,24.3,25.1,22.2,0,11.1,11.1,97,0,0,0,0.5,8.6,620.5,88,0,0,27.8,68,30,21.3
2026-07-14T00:06:00+05:30,2026-07-14 00:06:00,24.3,25.1,22.2,0,3.5,11.1,83,0,0,0,0.5,8.6,620.5,88,0,0,27.9,68,30.2,21.4
2026-07-14T00:00:00+05:30,2026-07-14 00:00:00,24.3,25.1,22.2,1.4,9.3,7.2,93,0,0,0,0.5,8.6,620.5,88,0,0,27.9,68,30.2,21.4
2026-07-13T23:55:00+05:30,2026-07-13 23:55:00,24.3,25.1,22.2,6.1,9.3,23.8,121,0,0,0,0.5,8.6,620.5,88,0,0,27.9,68,30.2,21.4
2026-07-13T23:50:00+05:30,2026-07-13 23:50:00,24.3,25.1,22.2,0,0,23.8,70,0,0,0,0.5,8.6,620.5,88,0,0,27.9,68,30.2,21.4
2026-07-13T23:45:00+05:30,2026-07-13 23:45:00,24.3,25.1,22.2,0,0,23.8,77,0,0,0,0.5,8.6,620.5,88,0,0,27.9,67,30.1,21.2
2026-07-13T23:40:00+05:30,2026-07-13 23:40:00,24.3,25.1,22.2,0,0,23.8,70,0,0,0,0.5,8.6,620.5,88,0,0,27.9,67,30.1,21.2
2026-07-13T23:35:00+05:30,2026-07-13 23:35:00,24.3,25.1,22.2,1.8,5.5,23.8,105,0,0,0,0.5,8.6,620.5,88,0,0,28,67,30.3,21.3
2026-07-13T23:30:00+05:30,2026-07-13 23:30:00,24.2,25,22.1,5.8,7.2,23.8,94,0,0,0,0.5,8.6,620.5,88,0,0,28,67,30.3,21.3
2026-07-13T23:25:00+05:30,2026-07-13 23:25:00,24.2,25,22.1,0,0,23.8,73,0,0,0,0.5,8.6,620.5,88,0,0,28,67,30.3,21.3
2026-07-13T23:20:00+05:30,2026-07-13 23:20:00,24.2,25,22.1,0,0,23.8,72,0,0,0,0.5,8.6,620.5,88,0,0,28,67,30.3,21.3
2026-07-13T23:15:00+05:30,2026-07-13 23:15:00,24.2,25,22.1,0,7.2,23.8,78,0,0,0,0.5,8.6,620.5,88,0,0,28,67,30.3,21.3
2026-07-13T23:10:00+05:30,2026-07-13 23:10:00,24.2,25,22.1,7.2,9.3,23.8,91,0,0,0,0.5,8.6,620.5,88,0,0,28,67,30.3,21.3
2026-07-13T23:05:00+05:30,2026-07-13 23:05:00,24.3,25.1,22.2,0.3,11.1,23.8,97,0,0,0,0.5,8.6,620.5,88,0,0,28,67,30.3,21.3
2026-07-13T23:00:00+05:30,2026-07-13 23:00:00,24.3,25.1,22.2,1.4,9.3,23.8,71,0,0,0,0.5,8.6,620.5,88,0,0,28.1,67,30.5,21.4
2026-07-13T22:55:00+05:30,2026-07-13 22:55:00,24.4,25.2,22.1,0,1.8,23.8,85,0,0,0,0.5,8.6,620.5,87,0,0,28.1,67,30.5,21.4
2026-07-13T22:50:00+05:30,2026-07-13 22:50:00,24.3,25.1,22.2,0,13,23.8,79,0,0,0,0.5,8.6,620.5,88,0,0,28.1,67,30.5,21.4
2026-07-13T22:45:00+05:30,2026-07-13 22:45:00,24.2,25,22.1,0,0,23.8,71,0,0,0,0.5,8.6,620.5,88,0,0,28.2,67,30.7,21.5
2026-07-13T22:40:00+05:30,2026-07-13 22:40:00,24.2,25,22.1,6.9,9.3,23.8,101,0,0,0,0.5,8.6,620.5,88,0,0,28.2,67,30.7,21.5
2026-07-13T22:35:00+05:30,2026-07-13 22:35:00,24.2,25,22.1,0,1.8,23.8,84,0,0,0,0.5,8.6,620.5,88,0,0,28.2,67,30.7,21.5
2026-07-13T22:30:00+05:30,2026-07-13 22:30:00,24.1,24.9,22,0,7.2,23.8,70,0,0,0,0.5,8.6,620.5,88,0,0,28.3,67,30.8,21.6
2026-07-13T22:25:00+05:30,2026-07-13 22:25:00,24.1,24.9,22,0,5.5,23.8,58,0,0,0,0.5,8.6,620.5,88,0,0,28.3,67,30.8,21.6
2026-07-13T22:20:00+05:30,2026-07-13 22:20:00,24,24.8,21.9,0,5.5,23.8,64,0,0,0,0.5,8.6,620.5,88,0,0,28.3,67,30.8,21.6
2026-07-13T22:15:00+05:30,2026-07-13 22:15:00,24,24.8,21.9,4,9.3,23.8,61,0,0,0,0.5,8.6,620.5,88,0,0,28.3,67,30.8,21.6
2026-07-13T22:10:00+05:30,2026-07-13 22:10:00,24.1,24.9,22,0,0,23.8,93,0,0,0,0.5,8.6,620.5,88,0,0,28.4,67,31,21.7
2026-07-13T22:05:00+05:30,2026-07-13 22:05:00,24,24.8,21.9,0,1.8,23.8,75,0,0,0,0.5,8.6,620.5,88,0,0,28.4,67,31,21.7
2026-07-13T22:00:00+05:30,2026-07-13 22:00:00,24.2,25,22.1,0.3,1.8,23.8,83,0,0,0,0.5,8.6,620.5,88,0,0,28.4,67,31,21.7
2026-07-13T21:55:00+05:30,2026-07-13 21:55:00,24.1,24.9,22,0,3.5,23.8,60,0,0,0,0.5,8.6,620.5,88,0,0,28.4,67,31,21.7
2026-07-13T21:50:00+05:30,2026-07-13 21:50:00,24,24.8,22.1,0,0,23.8,77,0,0,0,0.5,8.6,620.5,89,0,0,28.5,67,31.2,21.8
2026-07-13T21:45:00+05:30,2026-07-13 21:45:00,24,24.8,22.1,0,7.2,23.8,77,0,0,0,0.5,8.6,620.5,89,0,0,28.5,67,31.2,21.8
2026-07-13T21:41:00+05:30,2026-07-13 21:41:00,24.1,24.9,22.2,0,0,23.8,72,0,0,0,0.5,8.6,620.5,89,0,0,28.5,67,31.2,21.8
2026-07-13T21:35:00+05:30,2026-07-13 21:35:00,24,24.8,22.1,0,0,23.8,180,0,0,0,0.5,8.6,620.5,89,0,0,28.6,67,31.4,21.9
2026-07-13T21:30:00+05:30,2026-07-13 21:30:00,24,24.8,22.1,0,0,23.8,71,0,0,0,0.5,8.6,620.5,89,0,0,28.6,67,31.4,21.9
2026-07-13T21:25:00+05:30,2026-07-13 21:25:00,24,24.8,22.1,0,5.5,23.8,85,0,0,0,0.5,8.6,620.5,89,0,0,28.6,67,31.4,21.9
2026-07-13T21:20:00+05:30,2026-07-13 21:20:00,24,24.8,22.1,0,3.5,23.8,63,0,0,0,0.5,8.6,620.5,89,0,0,28.7,67,31.6,22
2026-07-13T21:15:00+05:30,2026-07-13 21:15:00,24,24.8,22.3,0,0,23.8,80,0,0,0,0.5,8.6,620.5,90,0,0,28.7,67,31.6,22
2026-07-13T21:10:00+05:30,2026-07-13 21:10:00,24,24.8,22.3,0,0,23.8,48,0,0,0,0.5,8.6,620.5,90,0,0,28.7,67,31.6,22
2026-07-13T21:05:00+05:30,2026-07-13 21:05:00,24.1,24.9,22.4,2.1,3.5,23.8,84,0,0,0,0.5,8.6,620.5,90,0,0,28.7,67,31.6,22
2026-07-13T21:00:00+05:30,2026-07-13 21:00:00,24.2,25.1,22.5,0,1.8,23.8,75,0,0,0,0.5,8.6,620.5,90,0,0,28.8,67,31.7,22
2026-07-13T20:55:00+05:30,2026-07-13 20:55:00,24.2,25,22.3,0.6,1.8,23.8,64,0,0,0,0.5,8.6,620.5,89,0,0,28.8,67,31.7,22
2026-07-13T20:50:00+05:30,2026-07-13 20:50:00,24.2,25,22.3,0,7.2,23.8,75,0,0,0,0.5,8.6,620.5,89,0,0,28.9,67,31.9,22.1
2026-07-13T20:45:00+05:30,2026-07-13 20:45:00,24.3,25.1,22.3,0,5.5,23.8,69,0,0,0,0.5,8.6,620.5,89,0,0,28.9,66,31.8,21.9
2026-07-13T20:40:00+05:30,2026-07-13 20:40:00,24.3,25.1,22.3,2.1,5.5,23.8,108,0,0,0,0.5,8.6,620.5,89,0,0,28.9,66,31.8,21.9
2026-07-13T20:35:00+05:30,2026-07-13 20:35:00,24.3,25.1,22.3,6.4,9.3,23.8,84,0,0,0,0.5,8.6,620.5,89,0,0,29,66,32,22
2026-07-13T20:30:00+05:30,2026-07-13 20:30:00,24.3,25.1,22.3,1.4,7.2,23.8,81,0,0,0,0.5,8.6,620.5,89,0,0,29,66,32,22
2026-07-13T20:25:00+05:30,2026-07-13 20:25:00,24.3,25.1,22.3,0.6,7.2,23.8,73,0,0,0,0.5,8.6,620.5,89,0,0,29,66,32,22
2026-07-13T20:20:00+05:30,2026-07-13 20:20:00,24.3,25.1,22.3,0,1.8,23.8,92,0,0,0,0.5,8.6,620.5,89,0,0,29.1,66,32.2,22.1
2026-07-13T20:15:00+05:30,2026-07-13 20:15:00,24.4,25.2,22.5,0,3.5,23.8,72,0,0,0,0.5,8.6,620.5,89,0,0,29.1,66,32.2,22.1
2026-07-13T20:10:00+05:30,2026-07-13 20:10:00,24.4,25.2,22.6,0,3.5,23.8,75,0,0,0,0.5,8.6,620.5,90,0,0,29.1,66,32.2,22.1
2026-07-13T20:05:00+05:30,2026-07-13 20:05:00,24.5,25.3,22.6,0,0,23.8,72,0,0,0,0.5,8.6,620.5,89,0,0,29.2,66,32.4,22.2
2026-07-13T20:00:00+05:30,2026-07-13 20:00:00,24.6,25.5,22.7,0,0,23.8,71,0,0,0,0.5,8.6,620.5,89,0,0,29.2,66,32.4,22.2
2026-07-13T19:55:00+05:30,2026-07-13 19:55:00,24.7,25.6,22.8,0,1.8,23.8,80,0,0,0,0.5,8.6,620.5,89,0,0,29.2,66,32.4,22.2
2026-07-13T19:50:00+05:30,2026-07-13 19:50:00,24.7,25.5,22.6,0,5.5,23.8,76,0,0,0,0.5,8.6,620.5,88,0,0,29.3,66,32.6,22.3
2026-07-13T19:45:00+05:30,2026-07-13 19:45:00,24.8,25.6,22.6,0,3.5,23.8,77,0,0,0,0.5,8.6,620.5,88,0,0,29.3,66,32.6,22.3
2026-07-13T19:40:00+05:30,2026-07-13 19:40:00,24.9,25.7,22.8,1.1,7.2,23.8,60,0,0,0,0.5,8.6,620.5,88,0,0,29.3,66,32.6,22.3
2026-07-13T19:35:00+05:30,2026-07-13 19:35:00,25,25.9,22.9,1.1,3.5,23.8,71,0,0,0,0.5,8.6,620.5,88,0,0,29.4,66,32.8,22.3
2026-07-13T19:30:00+05:30,2026-07-13 19:30:00,24.9,25.8,22.9,0,1.8,23.8,81,0,0,0,0.5,8.6,620.5,89,0,0,29.4,66,32.8,22.3
2026-07-13T19:25:00+05:30,2026-07-13 19:25:00,25,25.9,23.1,0,7.2,23.8,75,0,0,0,0.5,8.6,620.5,89,0,0,29.5,66,33.1,22.4
2026-07-13T19:20:00+05:30,2026-07-13 19:20:00,25.1,26,23.2,1.1,7.2,23.8,80,0,0,0,0.5,8.6,620.5,89,0,0,29.5,66,33.1,22.4
2026-07-13T19:15:00+05:30,2026-07-13 19:15:00,25.3,26.2,23.1,0,0,23.8,75,0,0,0,0.5,8.6,620.5,88,0,0,29.6,66,33.3,22.6
2026-07-13T19:10:00+05:30,2026-07-13 19:10:00,25.3,26.2,23.1,0.3,5.5,23.8,90,0,0,0,0.5,8.6,620.5,88,0,0,29.6,66,33.3,22.6
2026-07-13T19:05:00+05:30,2026-07-13 19:05:00,25.4,26.3,23.3,0.3,9.3,23.8,62,0,0,0,0.5,8.6,620.5,88,0,0,29.6,66,33.3,22.6
2026-07-13T19:00:00+05:30,2026-07-13 19:00:00,25.4,26.3,23.3,0,3.5,23.8,92,0,0,0,0.5,8.6,620.5,88,0,0,29.6,66,33.3,22.6
2026-07-13T18:55:00+05:30,2026-07-13 18:55:00,25.4,26.3,23.1,0,5.5,23.8,62,0,0,0,0.5,8.6,620.5,87,0,0,29.7,66,33.5,22.7
2026-07-13T18:50:00+05:30,2026-07-13 18:50:00,25.5,26.4,23.2,1.1,5.5,23.8,108,0,0,0,0.5,8.6,620.5,87,0,0,29.7,66,33.5,22.7
2026-07-13T18:45:00+05:30,2026-07-13 18:45:00,25.5,26.4,23.2,0,13,23.8,104,0,0,0,0.5,8.6,620.5,87,0,0.1,29.7,66,33.5,22.7
2026-07-13T18:40:00+05:30,2026-07-13 18:40:00,25.6,26.5,23.1,0,3.5,23.8,83,0,0,0,0.5,8.6,620.5,86,0,0.2,29.7,66,33.5,22.7
2026-07-13T18:35:00+05:30,2026-07-13 18:35:00,25.7,26.6,23.2,1.8,7.2,23.8,47,0,0,0,0.5,8.6,620.5,86,0,0.9,29.8,65,33.4,22.5
2026-07-13T18:30:00+05:30,2026-07-13 18:30:00,25.7,26.6,23.2,0,7.2,23.8,82,0,0,0,0.5,8.6,620.5,86,0,1.9,29.8,65,33.4,22.5
2026-07-13T18:25:00+05:30,2026-07-13 18:25:00,25.9,26.8,23.2,9.7,11.1,23.8,102,0,0,0,0.5,8.6,620.5,85,0,3,29.9,65,33.7,22.6
2026-07-13T18:20:00+05:30,2026-07-13 18:20:00,25.9,26.8,23.2,0.3,5.5,23.8,87,0,0,0,0.5,8.6,620.5,85,0,5.5,29.9,65,33.7,22.6
2026-07-13T18:15:00+05:30,2026-07-13 18:15:00,26.2,27.1,23.3,4.3,5.5,23.8,115,0,0,0,0.5,8.6,620.5,84,0,8.3,29.9,65,33.7,22.6
2026-07-13T18:11:00+05:30,2026-07-13 18:11:00,26.2,27.1,23.3,0,0,23.8,70,0,0,0,0.5,8.6,620.5,84,0,10.7,29.9,65,33.7,22.6
2026-07-13T18:05:00+05:30,2026-07-13 18:05:00,26.2,27.1,23.1,0,0,23.8,80,0,0,0,0.5,8.6,620.5,83,0,14.1,30,65,33.9,22.7
2026-07-13T18:00:00+05:30,2026-07-13 18:00:00,26.3,27.1,23.2,2.9,5.5,23.8,83,0,0,0,0.5,8.6,620.5,83,0,19,30,65,33.9,22.7
2026-07-13T17:55:00+05:30,2026-07-13 17:55:00,26.4,27.3,23.3,0,7.2,23.8,72,0,0,0,0.5,8.6,620.5,83,0,21.4,30,65,33.9,22.7
2026-07-13T17:50:00+05:30,2026-07-13 17:50:00,26.4,27.3,23.3,2.9,7.2,23.8,101,0,0,0,0.5,8.6,620.5,83,0,27.3,30.1,65,34.1,22.8
2026-07-13T17:45:00+05:30,2026-07-13 17:45:00,26.7,29.3,23.4,2.9,9.3,23.8,97,0,0,0,0.5,8.6,620.5,82,0,32.5,30.1,65,34.1,22.8
2026-07-13T17:40:00+05:30,2026-07-13 17:40:00,26.8,29.3,23.2,2.9,7.2,23.8,74,0,0,0,0.5,8.6,620.5,81,0,40.5,30.1,65,34.1,22.8
2026-07-13T17:35:00+05:30,2026-07-13 17:35:00,27,29.8,23.5,0,11.1,23.8,80,0,0,0,0.5,8.6,620.5,81,0,46.6,30.1,65,34.1,22.8
2026-07-13T17:30:00+05:30,2026-07-13 17:30:00,27.4,30.6,23.6,1.4,9.3,23.8,102,0,0,0,0.5,8.6,620.5,80,0,56,30.2,65,34.4,22.9
2026-07-13T17:25:00+05:30,2026-07-13 17:25:00,27.4,30.5,23.4,0,3.5,23.8,78,0,0,0,0.5,8.6,620.5,79,0,71.7,30.2,65,34.4,22.9
2026-07-13T17:20:00+05:30,2026-07-13 17:20:00,27.3,30.3,23.3,0,5.5,23.8,78,0,0,0,0.5,8.6,620.5,79,0,83.4,30.2,65,34.4,22.9
2026-07-13T17:15:00+05:30,2026-07-13 17:15:00,27.7,31.1,23.5,4.3,7.2,23.8,60,0,0,0,0.5,8.6,620.5,78,0,96,30.2,65,34.4,22.9
2026-07-13T17:10:00+05:30,2026-07-13 17:10:00,27.8,31,23.1,9.7,13,23.8,118,0,0,0,0.5,8.6,620.5,76,1,105.5,30.2,65,34.4,22.9
2026-07-13T17:06:00+05:30,2026-07-13 17:06:00,28.1,31.8,23.5,0,0,23.8,145,0,0,0,0.5,8.6,620.5,76,1,112.5,30.2,65,34.4,22.9
2026-07-13T17:00:00+05:30,2026-07-13 17:00:00,28.1,31.8,23.5,0,7.2,23.8,95,0,0,0,0.5,8.6,620.5,76,1,125.1,30.3,65,34.5,22.9
2026-07-13T16:55:00+05:30,2026-07-13 16:55:00,28,31.5,23.4,0,5.5,23.8,85,0,0,0,0.5,8.6,620.5,76,1,124.3,30.3,65,34.5,22.9
2026-07-13T16:50:00+05:30,2026-07-13 16:50:00,27.9,31.4,23.5,2.6,13,23.8,69,0,0,0,0.5,8.6,620.5,77,1,127,30.3,65,34.5,22.9
2026-07-13T16:45:00+05:30,2026-07-13 16:45:00,28,31.5,23.4,1.1,14.8,23.8,84,0,0,0,0.5,8.6,620.5,76,1,140.6,30.3,65,34.5,22.9
2026-07-13T16:40:00+05:30,2026-07-13 16:40:00,28,31.6,23.6,1.8,18.3,23.8,89,0,0,0,0.5,8.6,620.5,77,1,157.4,30.4,65,34.7,23.1
2026-07-13T16:35:00+05:30,2026-07-13 16:35:00,28.4,32.4,23.7,4.7,13,23.8,92,0,0,0,0.5,8.6,620.5,76,1,173.1,30.4,65,34.7,23.1
2026-07-13T16:30:00+05:30,2026-07-13 16:30:00,28.5,32.7,23.8,0,13,23.8,72,0,0,0,0.5,8.6,620.5,76,1,179.2,30.4,65,34.7,23.1
2026-07-13T16:25:00+05:30,2026-07-13 16:25:00,28.8,33.2,23.9,0.3,9.3,23.8,82,0,0,0,0.5,8.6,620.5,75,1,198.4,30.4,65,34.7,23.1
2026-07-13T16:20:00+05:30,2026-07-13 16:20:00,28.9,33.4,24,0.6,5.5,23.8,96,0,0,0,0.5,8.6,620.5,75,2,230.3,30.4,65,34.7,23.1
2026-07-13T16:15:00+05:30,2026-07-13 16:15:00,28.7,33.2,24.1,1.1,5.5,23.8,112,0,0,0,0.5,8.6,620.5,76,2,226.3,30.4,65,34.7,23.1
2026-07-13T16:10:00+05:30,2026-07-13 16:10:00,28.5,32.7,23.8,4,9.3,23.8,49,0,0,0,0.5,8.6,620.5,76,2,234.6,30.4,65,34.7,23.1
2026-07-13T16:05:00+05:30,2026-07-13 16:05:00,28.9,33.4,24,0.3,1.8,23.8,349,0,0,0,0.5,8.6,620.5,75,2,210.4,30.4,65,34.7,23.1
2026-07-13T16:01:00+05:30,2026-07-13 16:01:00,28.8,33.2,23.9,2.1,7.2,23.8,89,0,0,0,0.5,8.6,620.5,75,2,212.7,30.4,65,34.7,23.1
2026-07-13T15:55:00+05:30,2026-07-13 15:55:00,29,33.7,24.1,0,16.6,23.8,70,0,0,0,0.5,8.6,620.5,75,2,283.4,30.4,65,34.7,23.1
2026-07-13T15:50:00+05:30,2026-07-13 15:50:00,28.6,32.9,24,1.4,9.3,23.8,95,0,0,0,0.5,8.6,620.5,76,2,291.7,30.4,65,34.7,23.1
2026-07-13T15:46:00+05:30,2026-07-13 15:46:00,28.9,33.4,24,5,16.6,23.8,73,0,0,0,0.5,8.6,620.5,75,3,313.2,30.4,66,35,23.3
2026-07-13T15:40:00+05:30,2026-07-13 15:40:00,28.7,33,23.8,6.1,14.8,23.8,80,0,0,0,0.5,8.6,620.5,75,3,332,30.4,66,35,23.3
2026-07-13T15:35:00+05:30,2026-07-13 15:35:00,28.5,32.8,24.1,1.1,14.8,23.8,68,0,0,0,0.5,8.6,620.5,77,3,331.2,30.4,66,35,23.3
2026-07-13T15:30:00+05:30,2026-07-13 15:30:00,28.6,32.9,24,7.6,11.1,23.8,135,0,0,0,0.5,8.6,620.5,76,2,222.4,30.4,66,35,23.3
2026-07-13T15:25:00+05:30,2026-07-13 15:25:00,28.9,33.4,24,4,7.2,23.8,64,0,0,0,0.5,8.6,620.5,75,2,218.7,30.4,66,35,23.3
2026-07-13T15:20:00+05:30,2026-07-13 15:20:00,29,33.7,24.1,2.6,7.2,23.8,93,0,0,0,0.5,8.6,620.5,75,4,435.6,30.3,66,34.7,23.2
2026-07-13T15:15:00+05:30,2026-07-13 15:15:00,28.9,33.6,24.2,2.9,5.5,23.8,97,0,0,0,0.5,8.6,620.5,76,4,430.6,30.3,66,34.7,23.2
2026-07-13T15:10:00+05:30,2026-07-13 15:10:00,29.3,34.6,24.6,7.9,14.8,23.8,129,0,0,0,0.5,8.6,620.5,76,4,426.6,30.3,66,34.7,23.2
2026-07-13T15:05:00+05:30,2026-07-13 15:05:00,29.2,34,24.1,0.3,7.2,23.8,46,0,0,0,0.5,8.6,620.5,74,4,448.3,30.3,66,34.7,23.2
2026-07-13T15:00:00+05:30,2026-07-13 15:00:00,29.3,34.4,24.4,0.3,7.2,23.8,107,0,0,0,0.5,8.6,620.5,75,4,425.3,30.3,66,34.7,23.2
2026-07-13T14:55:00+05:30,2026-07-13 14:55:00,29.6,35,24.5,0,9.3,23.8,69,0,0,0,0.5,8.6,620.5,74,2,218.1,30.2,66,34.6,23.2
2026-07-13T14:50:00+05:30,2026-07-13 14:50:00,29.2,34.3,24.3,6.9,14.8,23.8,91,0,0,0,0.5,8.6,620.5,75,4,420.9,30.2,66,34.6,23.2
2026-07-13T14:45:00+05:30,2026-07-13 14:45:00,29.1,34.2,24.4,6.1,11.1,23.8,157,0,0,0,0.5,8.6,620.5,76,4,413.6,30.2,66,34.6,23.2
2026-07-13T14:41:00+05:30,2026-07-13 14:41:00,29.5,34.5,24.1,4.3,5.5,23.8,62,0,0,0,0.5,8.6,620.5,73,2,218.6,30.1,66,34.3,23.1
2026-07-13T14:35:00+05:30,2026-07-13 14:35:00,29.8,35,24.2,0.3,16.6,23.8,54,0,0,0,0.5,8.6,620.5,72,4,491.7,30.1,65,34.1,22.8
2026-07-13T14:30:00+05:30,2026-07-13 14:30:00,29.6,34.6,24,0.3,18.3,23.8,82,0,0,0,0.5,8.6,620.5,72,4,442.6,30,65,33.9,22.7
2026-07-13T14:25:00+05:30,2026-07-13 14:25:00,29.5,34.3,23.9,2.1,14.8,23.8,92,0,0,0,0.5,8.6,620.5,72,2,279.3,30,65,33.9,22.7
2026-07-13T14:20:00+05:30,2026-07-13 14:20:00,29.3,33.8,23.7,3.2,18.3,23.8,89,0,0,0,0.5,8.6,620.5,72,4,431,30,65,33.9,22.7
2026-07-13T14:15:00+05:30,2026-07-13 14:15:00,29.3,33.5,23.5,2.1,11.1,23.8,70,0,0,0,0.5,8.6,620.5,71,5,554.6,29.9,65,33.7,22.6
2026-07-13T14:10:00+05:30,2026-07-13 14:10:00,29.8,34.3,23.5,7.2,14.8,23.8,74,0,0,0,0.5,8.6,620.5,69,5,564.6,29.9,65,33.7,22.6
2026-07-13T14:05:00+05:30,2026-07-13 14:05:00,29.5,33.6,23.2,0,7.2,23.8,69,0,0,0,0.5,8.6,620.5,69,5,565.8,29.8,65,33.4,22.5
2026-07-13T14:00:00+05:30,2026-07-13 14:00:00,30.5,35.5,23.7,3.2,11.1,23.8,90,0,0,0,0.5,8.6,620.5,67,6,642.8,29.8,66,33.6,22.7
2026-07-13T13:55:00+05:30,2026-07-13 13:55:00,30,34.8,23.7,0,9.3,23.8,77,0,0,0,0.5,8.6,620.5,69,6,667.3,29.7,66,33.5,22.7
2026-07-13T13:50:00+05:30,2026-07-13 13:50:00,29.3,33.3,23.2,6.4,13,23.8,72,0,0,0,0.5,8.6,620.5,70,6,676.3,29.7,66,33.5,22.7
2026-07-13T13:45:00+05:30,2026-07-13 13:45:00,29,32.9,23.2,16.3,18.3,23.8,126,0,0,0,0.5,8.6,620.5,71,6,664.9,29.6,66,33.3,22.6
2026-07-13T13:40:00+05:30,2026-07-13 13:40:00,28.9,32.7,23.1,13.4,14.8,23.8,120,0,0,0,0.5,8.6,620.5,71,7,725.1,29.6,67,33.4,22.8
2026-07-13T13:36:00+05:30,2026-07-13 13:36:00,28.9,33,23.5,2.1,13,23.8,73,0,0,0,0.5,8.6,620.5,73,3,362.2,29.6,67,33.4,22.8
2026-07-13T13:30:00+05:30,2026-07-13 13:30:00,29.3,33.8,23.7,16.3,23.8,23.8,80,0,0,0,0.5,8.6,620.5,72,5,536.4,29.6,67,33.4,22.8
2026-07-13T13:25:00+05:30,2026-07-13 13:25:00,28.9,33,23.5,8.7,16.6,21.9,92,0,0,0,0.5,8.6,620.5,73,6,639.2,29.5,67,33.2,22.7
2026-07-13T13:20:00+05:30,2026-07-13 13:20:00,29,33.3,23.7,0.3,18.3,21.9,90,0,0,0,0.5,8.6,620.5,73,3,352.6,29.5,68,33.4,22.9
2026-07-13T13:15:00+05:30,2026-07-13 13:15:00,29.3,34,23.9,14,20.1,21.9,94,0,0,0,0.5,8.6,620.5,73,6,689.9,29.5,68,33.4,22.9
2026-07-13T13:10:00+05:30,2026-07-13 13:10:00,29.3,34.4,24.4,3.2,3.5,21.9,78,0,0,0,0.5,8.6,620.5,75,6,716.1,29.4,68,33.2,22.8
2026-07-13T13:05:00+05:30,2026-07-13 13:05:00,29.3,34.4,24.4,9.7,21.9,21.9,93,0,0,0,0.5,8.6,620.5,75,6,710.4,29.4,68,33.2,22.8
2026-07-13T13:00:00+05:30,2026-07-13 13:00:00,29.2,34,24.1,9,18.3,21.9,93,0,0,0,0.5,8.6,620.5,74,4,510.1,29.3,68,32.9,22.7
2026-07-13T12:55:00+05:30,2026-07-13 12:55:00,29.5,34.5,24.1,6.1,11.1,21.9,42,0,0,0,0.5,8.6,620.5,73,7,719.7,29.3,68,32.9,22.7
2026-07-13T12:50:00+05:30,2026-07-13 12:50:00,29.2,33.6,23.6,1.4,9.3,21.9,167,0,0,0,0.5,8.6,620.5,72,3,359.4,29.3,68,32.9,22.7
2026-07-13T12:45:00+05:30,2026-07-13 12:45:00,29.5,34.3,23.9,7.2,16.6,21.9,141,0,0,0,0.5,8.6,620.5,72,7,781.7,29.2,68,32.8,22.7
2026-07-13T12:40:00+05:30,2026-07-13 12:40:00,29.2,34,24.1,11.1,16.6,21.9,117,0,0,0,0.5,8.6,620.5,74,7,759.2,29.1,69,32.8,22.8
2026-07-13T12:35:00+05:30,2026-07-13 12:35:00,29.3,34,23.9,10.1,13,21.9,112,0,0,0,0.5,8.6,620.5,73,7,755.1,29.1,69,32.8,22.8
2026-07-13T12:31:00+05:30,2026-07-13 12:31:00,29.3,34.2,24.2,9.3,13,21.9,130,0,0,0,0.5,8.6,620.5,74,7,728.1,29,69,32.6,22.7
2026-07-13T12:25:00+05:30,2026-07-13 12:25:00,28.8,33.2,23.9,0,16.6,21.9,87,0,0,0,0.5,8.6,620.5,75,6,715.4,28.9,69,32.3,22.6
2026-07-13T12:20:00+05:30,2026-07-13 12:20:00,29.5,34.7,24.4,0,9.3,21.9,68,0,0,0,0.5,8.6,620.5,74,7,733,28.9,69,32.3,22.6
2026-07-13T12:15:00+05:30,2026-07-13 12:15:00,29.1,34,24.2,4.7,11.1,21.9,89,0,0,0,0.5,8.6,620.5,75,7,786,28.8,69,32.1,22.5
2026-07-13T12:10:00+05:30,2026-07-13 12:10:00,29.1,34,24.2,4,7.2,21.9,113,0,0,0,0.5,8.6,620.5,75,6,711.7,28.8,69,32.1,22.5
2026-07-13T12:05:00+05:30,2026-07-13 12:05:00,29.3,34.2,24.2,1.4,9.3,21.9,117,0,0,0,0.5,8.6,620.5,74,6,713.8,28.7,69,31.9,22.4
2026-07-13T12:00:00+05:30,2026-07-13 12:00:00,28.6,32.8,23.7,0,5.5,21.9,89,0,0,0,0.5,8.6,620.5,75,6,698.6,28.6,69,31.7,22.3
2026-07-13T11:55:00+05:30,2026-07-13 11:55:00,28.4,32.4,23.7,9.7,13,21.9,100,0,0,0,0.5,8.6,620.5,76,6,675.9,28.5,69,31.5,22.2
2026-07-13T11:50:00+05:30,2026-07-13 11:50:00,28.1,31.9,23.7,0.3,13,21.9,88,0,0,0,0.5,8.6,620.5,77,5,591.8,28.5,69,31.5,22.2
2026-07-13T11:45:00+05:30,2026-07-13 11:45:00,28.5,32.5,23.6,7.2,16.6,21.9,105,0,0,0,0.5,8.6,620.5,75,3,334.1,28.4,69,31.3,22.2
2026-07-13T11:40:00+05:30,2026-07-13 11:40:00,28.5,32.5,23.6,3.2,11.1,21.9,88,0,0,0,0.5,8.6,620.5,75,4,416.7,28.4,69,31.3,22.2
2026-07-13T11:35:00+05:30,2026-07-13 11:35:00,28.6,32.8,23.7,0,7.2,21.9,65,0,0,0,0.5,8.6,620.5,75,2,280.6,28.3,69,31.1,22.1
2026-07-13T11:30:00+05:30,2026-07-13 11:30:00,28.9,33,23.5,0,3.5,21.9,63,0,0,0,0.5,8.6,620.5,73,1,159.6,28.3,69,31.1,22.1
2026-07-13T11:26:00+05:30,2026-07-13 11:26:00,29.2,33.6,23.6,0,7.2,21.9,70,0,0,0,0.5,8.6,620.5,72,5,549.2,28.2,69,30.9,22
2026-07-13T11:20:00+05:30,2026-07-13 11:20:00,28.9,32.9,23.3,7.9,14.8,21.9,99,0,0,0,0.5,8.6,620.5,72,7,724.5,28.1,69,30.7,21.9
2026-07-13T11:15:00+05:30,2026-07-13 11:15:00,28.7,32.5,23.2,3.5,9.3,21.9,46,0,0,0,0.5,8.6,620.5,72,6,631.2,28.1,69,30.7,21.9
2026-07-13T11:10:00+05:30,2026-07-13 11:10:00,29.1,33.2,23.3,0,13,21.9,90,0,0,0,0.5,8.6,620.5,71,6,707.7,28,69,30.6,21.8
2026-07-13T11:05:00+05:30,2026-07-13 11:05:00,29.4,33.6,23.3,0,9.3,21.9,56,0,0,0,0.5,8.6,620.5,70,6,655.3,27.9,69,30.3,21.7
2026-07-13T11:00:00+05:30,2026-07-13 11:00:00,28.7,32.3,22.9,0,9.3,21.9,110,0,0,0,0.5,8.6,620.5,71,6,622.1,27.9,69,30.3,21.7
2026-07-13T10:55:00+05:30,2026-07-13 10:55:00,28.8,32.4,23,10.1,14.8,21.9,118,0,0,0,0.5,8.6,620.5,71,6,700.5,27.8,69,30.1,21.6
2026-07-13T10:50:00+05:30,2026-07-13 10:50:00,28.3,31.5,22.7,0,5.5,21.9,72,0,0,0,0.5,8.6,620.5,72,6,631.5,27.8,69,30.1,21.6
2026-07-13T10:45:00+05:30,2026-07-13 10:45:00,28.4,31.9,23.1,2.6,14.8,21.9,83,0,0,0,0.5,8.6,620.5,73,5,599,27.7,69,30,21.5
2026-07-13T10:40:00+05:30,2026-07-13 10:40:00,28,31.2,22.9,2.9,11.1,21.9,84,0,0,0,0.5,8.6,620.5,74,5,547.5,27.7,70,30.1,21.7
2026-07-13T10:35:00+05:30,2026-07-13 10:35:00,28,31.1,22.7,6.9,11.1,21.9,113,0,0,0,0.5,8.6,620.5,73,5,551.8,27.7,70,30.1,21.7
2026-07-13T10:30:00+05:30,2026-07-13 10:30:00,27.7,30.8,22.9,0,9.3,21.9,78,0,0,0,0.5,8.6,620.5,75,5,583.7,27.6,70,29.9,21.6
2026-07-13T10:25:00+05:30,2026-07-13 10:25:00,27.5,30.5,23.1,5.8,13,21.9,98,0,0,0,0.5,8.6,620.5,77,5,534.3,27.6,70,29.9,21.6
2026-07-13T10:20:00+05:30,2026-07-13 10:20:00,27.8,31.1,23.4,11.9,13,21.9,124,0,0,0,0.5,8.6,620.5,77,6,647,27.6,70,29.9,21.6
2026-07-13T10:15:00+05:30,2026-07-13 10:15:00,27.6,30.8,23.2,0,7.2,21.9,76,0,0,0,0.5,8.6,620.5,77,4,480.7,27.5,71,29.8,21.8
2026-07-13T10:10:00+05:30,2026-07-13 10:10:00,26.9,29.4,22.9,0,7.2,21.9,81,0,0,0,0.5,8.6,620.5,79,6,707,27.5,71,29.8,21.8
2026-07-13T10:05:00+05:30,2026-07-13 10:05:00,26.8,29.3,23.2,4.7,7.2,21.9,46,0,0,0,0.5,8.6,620.5,81,1,202.5,27.5,71,29.8,21.8
2026-07-13T10:00:00+05:30,2026-07-13 10:00:00,27.1,29.9,23.1,4.7,14.8,21.9,107,0,0,0,0.5,8.6,620.5,79,1,124.3,27.4,71,29.6,21.7
2026-07-13T09:55:00+05:30,2026-07-13 09:55:00,27.4,30.2,22.8,4,7.2,21.9,93,0,0,0,0.5,8.6,620.5,76,2,264.9,27.4,71,29.6,21.7
2026-07-13T09:50:00+05:30,2026-07-13 09:50:00,27,29.7,23.2,7.9,13,21.9,68,0,0,0,0.5,8.6,620.5,80,6,686.2,27.3,71,29.4,21.6
2026-07-13T09:45:00+05:30,2026-07-13 09:45:00,26.7,29.2,23.2,0,13,16.6,57,0,0,0,0.5,8.6,620.5,81,6,640,27.3,71,29.4,21.6
2026-07-13T09:40:00+05:30,2026-07-13 09:40:00,26,26.8,22.7,1.4,3.5,16.6,104,0,0,0,0.5,8.6,620.5,82,6,646.8,27.3,71,29.4,21.6
2026-07-13T09:35:00+05:30,2026-07-13 09:35:00,25.7,26.5,22.8,1.8,9.3,16.6,76,0,0,0,0.5,8.6,620.5,84,1,181.8,27.3,71,29.4,21.6
2026-07-13T09:30:00+05:30,2026-07-13 09:30:00,26,26.8,22.9,9.7,14.8,16.6,87,0,0,0,0.5,8.6,620.5,83,1,123.3,27.3,71,29.4,21.6
2026-07-13T09:25:00+05:30,2026-07-13 09:25:00,26,26.8,22.9,2.1,5.5,16.6,89,0,0,0,0.5,8.6,620.5,83,1,104,27.2,71,29.3,21.5
2026-07-13T09:20:00+05:30,2026-07-13 09:20:00,26.3,27.1,23,0.3,9.3,16.6,62,0,0,0,0.5,8.6,620.5,82,1,162.3,27.2,71,29.3,21.5
2026-07-13T09:15:00+05:30,2026-07-13 09:15:00,26.2,27,22.9,1.8,9.3,16.6,86,0,0,0,0.5,8.6,620.5,82,1,118,27.2,71,29.3,21.5
2026-07-13T09:10:00+05:30,2026-07-13 09:10:00,26.2,27,22.9,0,11.1,16.6,63,0,0,0,0.5,8.6,620.5,82,1,187.4,27.2,71,29.3,21.5
2026-07-13T09:05:00+05:30,2026-07-13 09:05:00,26.2,27.1,23.1,2.1,13,16.6,82,0,0,0,0.5,8.6,620.5,83,2,215.6,27.2,72,29.4,21.7
2026-07-13T09:01:00+05:30,2026-07-13 09:01:00,26.6,27.4,22.9,5.8,14.8,16.6,170,0,0,0,0.5,8.6,620.5,80,1,190.1,27.1,72,29.2,21.6
2026-07-13T08:55:00+05:30,2026-07-13 08:55:00,26.5,27.3,23.2,2.9,5.5,16.6,85,0,0,0,0.5,8.6,620.5,82,2,240.5,27.1,72,29.2,21.6
2026-07-13T08:50:00+05:30,2026-07-13 08:50:00,26.3,27.1,23.2,0,7.2,16.6,76,0,0,0,0.5,8.6,620.5,83,3,401.4,27,72,29,21.5
2026-07-13T08:45:00+05:30,2026-07-13 08:45:00,26.1,26.9,23,1.1,11.1,16.6,53,0,0,0,0.5,8.6,620.5,83,3,333.2,27,72,29,21.5
2026-07-13T08:40:00+05:30,2026-07-13 08:40:00,26.1,26.9,23,2.9,13,16.6,95,0,0,0,0.5,8.6,620.5,83,2,218.8,27,72,29,21.5
2026-07-13T08:35:00+05:30,2026-07-13 08:35:00,26.2,27,22.9,1.1,1.8,16.6,84,0,0,0,0.5,8.6,620.5,82,3,401.1,26.9,72,28.8,21.4
2026-07-13T08:30:00+05:30,2026-07-13 08:30:00,25.8,26.6,22.9,6.1,16.6,16.6,76,0,0,0,0.5,8.6,620.5,84,2,245.9,26.9,72,28.8,21.4
2026-07-13T08:25:00+05:30,2026-07-13 08:25:00,25.8,26.6,22.9,5,9.3,16.6,64,0,0,0,0.5,8.6,620.5,84,2,278.9,26.9,72,28.8,21.4
2026-07-13T08:20:00+05:30,2026-07-13 08:20:00,25.9,26.7,22.8,2.6,5.5,16.6,71,0,0,0,0.5,8.6,620.5,83,3,333,26.9,72,28.8,21.4
2026-07-13T08:15:00+05:30,2026-07-13 08:15:00,25.5,26.3,22.8,1.1,13,16.6,85,0,0,0,0.5,8.6,620.5,85,2,205.9,26.9,72,28.8,21.4
2026-07-13T08:10:00+05:30,2026-07-13 08:10:00,25.5,26.3,22.8,5.5,9.3,16.6,39,0,0,0,0.5,8.6,620.5,85,3,325.8,26.9,72,28.8,21.4
2026-07-13T08:05:00+05:30,2026-07-13 08:05:00,25.2,26.1,22.9,1.1,9.3,16.6,58,0,0,0,0.5,8.6,620.5,87,2,262.7,26.8,72,28.6,21.3
2026-07-13T08:00:00+05:30,2026-07-13 08:00:00,25,25.8,22.7,9.3,11.1,16.6,128,0,0,0,0.5,8.6,620.5,87,2,253,26.9,72,28.8,21.4
2026-07-13T07:56:00+05:30,2026-07-13 07:56:00,24.7,25.6,22.8,4.7,7.2,16.6,93,0,0,0,0.5,8.6,620.5,89,2,226.6,26.8,72,28.6,21.3
2026-07-13T07:50:00+05:30,2026-07-13 07:50:00,24.6,25.5,22.7,2.1,7.2,16.6,61,0,0,0,0.5,8.6,620.5,89,0,60.6,26.8,72,28.6,21.3
2026-07-13T07:45:00+05:30,2026-07-13 07:45:00,24.6,25.5,22.9,0,1.8,16.6,68,0,0,0,0.5,8.6,620.5,90,1,119.7,26.8,72,28.6,21.3
2026-07-13T07:40:00+05:30,2026-07-13 07:40:00,24.6,25.5,22.9,3.5,14.8,16.6,107,0,0,0,0.5,8.6,620.5,90,0,73.2,26.9,72,28.8,21.4
2026-07-13T07:35:00+05:30,2026-07-13 07:35:00,24.8,25.6,22.8,0,11.1,16.6,73,0,0,0,0.5,8.6,620.5,89,0,72.8,26.8,72,28.6,21.3
2026-07-13T07:30:00+05:30,2026-07-13 07:30:00,24.7,25.5,22.6,11.6,13,16.6,91,0,0,0,0.5,8.6,620.5,88,1,187.3,26.8,72,28.6,21.3
2026-07-13T07:25:00+05:30,2026-07-13 07:25:00,24.4,25.2,22.6,2.1,14.8,16.6,82,0,0,0,0.5,8.6,620.5,90,1,143.4,26.8,72,28.6,21.3
2026-07-13T07:20:00+05:30,2026-07-13 07:20:00,24.3,25.1,22.5,1.4,13,16.6,73,0,0,0,0.5,8.6,620.5,90,1,132.1,26.8,72,28.6,21.3
2026-07-13T07:15:00+05:30,2026-07-13 07:15:00,24.4,25.2,22.6,0.3,14.8,16.6,78,0,0,0,0.5,8.6,620.5,90,0,94.7,26.8,72,28.6,21.3
2026-07-13T07:10:00+05:30,2026-07-13 07:10:00,24.5,25.4,22.7,4,9.3,16.6,93,0,0,0,0.5,8.6,620.5,90,1,110.7,26.8,72,28.6,21.3
2026-07-13T07:05:00+05:30,2026-07-13 07:05:00,24.5,25.4,22.7,0,14.8,16.6,80,0,0,0,0.5,8.6,620.5,90,1,106,26.7,72,28.6,21.2
2026-07-13T07:00:00+05:30,2026-07-13 07:00:00,24.3,25.1,22.5,0,0,16.6,76,0,0,0,0.5,8.6,620.5,90,0,91.8,26.7,71,28.4,21
2026-07-13T06:55:00+05:30,2026-07-13 06:55:00,24.1,25,22.5,0,1.8,16.6,93,0,0,0,0.5,8.6,620.5,91,0,65.4,26.7,71,28.4,21
2026-07-13T06:50:00+05:30,2026-07-13 06:50:00,24,24.8,22.4,4,7.2,14.8,81,0,0,0,0.5,8.6,620.5,91,0,58.4,26.7,71,28.4,21
2026-07-13T06:45:00+05:30,2026-07-13 06:45:00,23.9,24.7,22.5,0,9.3,14.8,79,0,0,0,0.5,8.6,620.5,92,0,40.5,26.7,71,28.4,21
2026-07-13T06:40:00+05:30,2026-07-13 06:40:00,24,24.8,22.4,1.4,7.2,14.8,86,0,0,0,0.5,8.6,620.5,91,0,26.3,26.7,71,28.4,21
2026-07-13T06:36:00+05:30,2026-07-13 06:36:00,24,24.8,22.4,0,7.2,14.8,92,0,0,0,0.5,8.6,620.5,91,0,24.7,26.7,71,28.4,21
2026-07-13T06:30:00+05:30,2026-07-13 06:30:00,24,24.8,22.4,0,3.5,14.8,74,0,0,0,0.5,8.6,620.5,91,0,24.2,26.7,71,28.4,21
2026-07-13T06:25:00+05:30,2026-07-13 06:25:00,24,24.8,22.3,2.1,11.1,14.8,31,0,0,0,0.5,8.6,620.5,90,0,20,26.7,71,28.4,21
2026-07-13T06:20:00+05:30,2026-07-13 06:20:00,24,24.8,22.3,4.7,13,14.8,108,0,0,0,0.5,8.6,620.5,90,0,12.3,26.7,71,28.4,21
2026-07-13T06:15:00+05:30,2026-07-13 06:15:00,24,24.8,22.3,0,13,14.8,81,0,0,0,0.5,8.6,620.5,90,0,10,26.7,71,28.4,21
2026-07-13T06:10:00+05:30,2026-07-13 06:10:00,23.9,24.7,22.1,1.4,1.8,14.8,78,0,0,0,0.5,8.6,620.5,90,0,5.8,26.7,70,28.4,20.8
2026-07-13T06:05:00+05:30,2026-07-13 06:05:00,23.9,24.7,22.1,0,7.2,14.8,69,0,0,0,0.5,8.6,620.5,90,0,3.7,26.8,70,28.5,20.8
2026-07-13T06:00:00+05:30,2026-07-13 06:00:00,23.9,24.7,22,0,5.5,14.8,88,0,0,0,0.5,8.6,620.5,89,0,2.3,26.8,70,28.5,20.8
2026-07-13T05:55:00+05:30,2026-07-13 05:55:00,24,24.8,22.1,0.3,7.2,14.8,80,0,0,0,0.5,8.6,620.5,89,0,0.8,26.8,70,28.5,20.8
2026-07-13T05:50:00+05:30,2026-07-13 05:50:00,23.9,24.7,22,0.3,7.2,14.8,88,0,0,0,0.5,8.6,620.5,89,0,0.4,26.8,70,28.5,20.8
2026-07-13T05:45:00+05:30,2026-07-13 05:45:00,23.9,24.7,22,9.3,14.8,14.8,104,0,0,0,0.5,8.6,620.5,89,0,0.1,26.8,70,28.5,20.8
2026-07-13T05:40:00+05:30,2026-07-13 05:40:00,23.8,24.5,21.9,0,9.3,13,78,0,0,0,0.5,8.6,620.5,89,0,0,26.8,70,28.5,20.8
2026-07-13T05:35:00+05:30,2026-07-13 05:35:00,23.7,24.5,22,0,1.8,13,71,0,0,0,0.5,8.6,620.5,90,0,0,26.8,70,28.5,20.8
2026-07-13T05:31:00+05:30,2026-07-13 05:31:00,23.7,24.5,22,0,5.5,13,109,0,0,0,0.5,8.6,620.5,90,0,0,26.8,70,28.5,20.8
2026-07-13T05:25:00+05:30,2026-07-13 05:25:00,23.7,24.5,22,0,0,13,71,0,0,0,0.5,8.6,620.5,90,0,0,26.8,70,28.5,20.8
2026-07-13T05:20:00+05:30,2026-07-13 05:20:00,23.6,24.4,21.9,0.3,7.2,13,75,0,0,0,0.5,8.6,620.5,90,0,0,26.8,70,28.5,20.8
2026-07-13T05:15:00+05:30,2026-07-13 05:15:00,23.7,24.5,22.2,0,5.5,13,49,0,0,0,0.5,8.6,620.5,91,0,0,26.9,70,28.7,20.9
2026-07-13T05:10:00+05:30,2026-07-13 05:10:00,23.7,24.5,22,0,5.5,13,66,0,0,0,0.5,8.6,620.5,90,0,0,26.9,70,28.7,20.9
2026-07-13T05:05:00+05:30,2026-07-13 05:05:00,23.7,24.5,22,0,5.5,13,83,0,0,0,0.5,8.6,620.5,90,0,0,26.9,70,28.7,20.9
2026-07-13T05:00:00+05:30,2026-07-13 05:00:00,23.8,24.6,22,0,5.5,13,70,0,0,0,0.5,8.6,620.5,90,0,0,26.9,70,28.7,20.9
2026-07-13T04:55:00+05:30,2026-07-13 04:55:00,23.8,24.6,22,0,7.2,13,78,0,0,0,0.5,8.6,620.5,90,0,0,26.9,70,28.7,20.9
2026-07-13T04:50:00+05:30,2026-07-13 04:50:00,23.8,24.5,21.9,1.4,3.5,13,83,0,0,0,0.5,8.6,620.5,89,0,0,26.9,70,28.7,20.9
2026-07-13T04:45:00+05:30,2026-07-13 04:45:00,23.9,24.7,22,0,5.5,13,65,0,0,0,0.5,8.6,620.5,89,0,0,26.9,70,28.7,20.9
2026-07-13T04:40:00+05:30,2026-07-13 04:40:00,23.8,24.5,21.9,0,1.8,13,72,0,0,0,0.5,8.6,620.5,89,0,0,26.9,70,28.7,20.9
2026-07-13T04:35:00+05:30,2026-07-13 04:35:00,24,24.8,22.1,0,1.8,13,67,0,0,0,0.5,8.6,620.5,89,0,0,26.9,69,28.6,20.7
2026-07-13T04:30:00+05:30,2026-07-13 04:30:00,23.9,24.7,22,2.9,11.1,13,79,0,0,0,0.5,8.6,620.5,89,0,0,27,69,28.8,20.8
2026-07-13T04:26:00+05:30,2026-07-13 04:26:00,23.8,24.5,21.9,6.4,7.2,13,90,0,0,0,0.5,8.6,620.5,89,0,0,26.9,69,28.6,20.7
2026-07-13T04:20:00+05:30,2026-07-13 04:20:00,23.9,24.7,22,1.4,11.1,13,73,0,0,0,0.5,8.6,620.5,89,0,0,26.9,69,28.6,20.7
2026-07-13T04:15:00+05:30,2026-07-13 04:15:00,23.9,24.6,21.8,1.4,5.5,13,81,0,0,0,0.5,8.6,620.5,88,0,0,27,69,28.8,20.8
2026-07-13T04:10:00+05:30,2026-07-13 04:10:00,23.9,24.6,21.8,0,11.1,13,74,0,0,0,0.5,8.6,620.5,88,0,0,27,69,28.8,20.8
2026-07-13T04:05:00+05:30,2026-07-13 04:05:00,23.9,24.6,21.8,0,5.5,13,69,0,0,0,0.5,8.6,620.5,88,0,0,27,69,28.8,20.8
2026-07-13T04:00:00+05:30,2026-07-13 04:00:00,24.1,24.9,22,0,7.2,13,77,0,0,0,0.5,8.6,620.5,88,0,0,27,69,28.8,20.8
2026-07-13T03:55:00+05:30,2026-07-13 03:55:00,23.9,24.6,21.8,0,5.5,13,70,0,0,0,0.5,8.6,620.5,88,0,0,27,69,28.8,20.8
2026-07-13T03:50:00+05:30,2026-07-13 03:50:00,23.9,24.6,21.8,1.4,7.2,13,85,0,0,0,0.5,8.6,620.5,88,0,0,27,69,28.8,20.8
2026-07-13T03:45:00+05:30,2026-07-13 03:45:00,23.8,24.5,21.7,5.5,7.2,13,87,0,0,0,0.5,8.6,620.5,88,0,0,27.1,69,28.9,20.9
2026-07-13T03:40:00+05:30,2026-07-13 03:40:00,23.8,24.5,21.7,1.8,7.2,13,77,0,0,0,0.5,8.6,620.5,88,0,0,27.1,69,28.9,20.9
2026-07-13T03:35:00+05:30,2026-07-13 03:35:00,23.8,24.5,21.7,2.9,7.2,13,66,0,0,0,0.5,8.6,620.5,88,0,0,27.1,69,28.9,20.9
2026-07-13T03:30:00+05:30,2026-07-13 03:30:00,23.7,24.4,21.6,5.5,7.2,13,96,0,0,0,0.5,8.6,620.5,88,0,0,27.1,69,28.9,20.9
2026-07-13T03:25:00+05:30,2026-07-13 03:25:00,23.6,24.4,21.7,4,5.5,13,79,0,0,0,0.5,8.6,620.5,89,0,0,27.1,69,28.9,20.9
2026-07-13T03:21:00+05:30,2026-07-13 03:21:00,23.6,24.4,21.7,0,1.8,13,74,0,0,0,0.5,8.6,620.5,89,0,0,27.1,69,28.9,20.9
2026-07-13T03:15:00+05:30,2026-07-13 03:15:00,23.6,24.4,21.7,1.4,3.5,13,72,0,0,0,0.5,8.6,620.5,89,0,0,27.2,68,29.1,20.8
2026-07-13T03:10:00+05:30,2026-07-13 03:10:00,23.7,24.4,21.6,0,3.5,13,69,0,0,0,0.5,8.6,620.5,88,0,0,27.2,68,29.1,20.8
2026-07-13T03:05:00+05:30,2026-07-13 03:05:00,23.7,24.4,21.6,4,7.2,13,79,0,0,0,0.5,8.6,620.5,88,0,0,27.2,68,29.1,20.8
2026-07-13T03:00:00+05:30,2026-07-13 03:00:00,23.7,24.4,21.6,0,0,13,73,0,0,0,0.5,8.6,620.5,88,0,0,27.2,68,29.1,20.8
2026-07-13T02:55:00+05:30,2026-07-13 02:55:00,23.7,24.4,21.6,2.6,7.2,13,84,0,0,0,0.5,8.6,620.5,88,0,0,27.2,68,29.1,20.8
2026-07-13T02:50:00+05:30,2026-07-13 02:50:00,23.8,24.5,21.7,0,0,13,91,0,0,0,0.5,8.6,620.5,88,0,0,27.2,68,29.1,20.8
2026-07-13T02:45:00+05:30,2026-07-13 02:45:00,23.8,24.5,21.5,5.5,7.2,13,95,0,0,0,0.5,8.6,620.5,87,0,0,27.2,68,29.1,20.8
2026-07-13T02:40:00+05:30,2026-07-13 02:40:00,23.8,24.5,21.5,0,3.5,13,76,0,0,0,0.5,8.6,620.5,87,0,0,27.2,68,29.1,20.8
2026-07-13T02:35:00+05:30,2026-07-13 02:35:00,23.7,24.4,21.6,0,1.8,13,74,0,0,0,0.5,8.6,620.5,88,0,0,27.3,68,29.2,20.8
2026-07-13T02:30:00+05:30,2026-07-13 02:30:00,23.7,24.4,21.6,0,3.5,13,75,0,0,0,0.5,8.6,620.5,88,0,0,27.3,68,29.2,20.8
2026-07-13T02:25:00+05:30,2026-07-13 02:25:00,23.7,24.4,21.6,0,0,13,70,0,0,0,0.5,8.6,620.5,88,0,0,27.3,68,29.2,20.8
2026-07-13T02:20:00+05:30,2026-07-13 02:20:00,23.8,24.5,21.7,0,0,13,77,0,0,0,0.5,8.6,620.5,88,0,0,27.3,68,29.2,20.8
2026-07-13T02:16:00+05:30,2026-07-13 02:16:00,23.7,24.4,21.6,1.1,3.5,13,77,0,0,0,0.5,8.6,620.5,88,0,0,27.3,68,29.2,20.8
2026-07-13T02:10:00+05:30,2026-07-13 02:10:00,23.5,24.2,21.4,0,1.8,13,66,0,0,0,0.5,8.6,620.5,88,0,0,27.4,68,29.3,20.9
2026-07-13T02:05:00+05:30,2026-07-13 02:05:00,23.5,24.2,21.6,2.9,5.5,13,74,0,0,0,0.5,8.6,620.5,89,0,0,27.4,68,29.3,20.9
2026-07-13T02:00:00+05:30,2026-07-13 02:00:00,23.6,24.4,21.7,4,7.2,13,89,0,0,0,0.5,8.6,620.5,89,0,0,27.4,68,29.3,20.9
2026-07-13T01:55:00+05:30,2026-07-13 01:55:00,23.6,24.4,21.7,3.2,7.2,13,85,0,0,0,0.5,8.6,620.5,89,0,0,27.5,68,29.5,21.1
2026-07-13T01:50:00+05:30,2026-07-13 01:50:00,23.6,24.4,21.7,0,7.2,13,75,0,0,0,0.5,8.6,620.5,89,0,0,27.5,68,29.5,21.1
2026-07-13T01:45:00+05:30,2026-07-13 01:45:00,23.6,24.4,21.7,1.1,9.3,13,78,0,0,0,0.5,8.6,620.5,89,0,0,27.5,68,29.5,21.1
2026-07-13T01:40:00+05:30,2026-07-13 01:40:00,23.6,24.4,21.7,0,0,13,68,0,0,0,0.5,8.6,620.5,89,0,0,27.5,68,29.5,21.1
2026-07-13T01:35:00+05:30,2026-07-13 01:35:00,23.6,24.4,21.7,0,1.8,13,72,0,0,0,0.5,8.6,620.5,89,0,0,27.5,68,29.5,21.1
2026-07-13T01:30:00+05:30,2026-07-13 01:30:00,23.7,24.5,21.8,0,7.2,13,85,0,0,0,0.5,8.6,620.5,89,0,0,27.6,68,29.7,21.2
2026-07-13T01:25:00+05:30,2026-07-13 01:25:00,23.7,24.5,21.8,0,0,13,70,0,0,0,0.5,8.6,620.5,89,0,0,27.6,68,29.7,21.2
2026-07-13T01:20:00+05:30,2026-07-13 01:20:00,23.7,24.5,21.8,0,5.5,13,76,0,0,0,0.5,8.6,620.5,89,0,0,27.6,68,29.7,21.2
2026-07-13T01:15:00+05:30,2026-07-13 01:15:00,23.6,24.4,21.7,0,3.5,13,70,0,0,0,0.5,8.6,620.5,89,0,0,27.6,68,29.7,21.2
2026-07-13T01:10:00+05:30,2026-07-13 01:10:00,23.6,24.4,21.9,0,0,13,69,0,0,0,0.5,8.6,620.5,90,0,0,27.7,68,29.9,21.3
2026-07-13T01:05:00+05:30,2026-07-13 01:05:00,23.5,24.3,21.8,1.4,3.5,13,91,0,0,0,0.5,8.6,620.5,90,0,0,27.6,68,29.7,21.2
2026-07-13T01:00:00+05:30,2026-07-13 01:00:00,23.7,24.5,22,0,0,13,73,0,0,0,0.5,8.6,620.5,90,0,0,27.7,68,29.9,21.3
2026-07-13T00:56:00+05:30,2026-07-13 00:56:00,23.6,24.4,21.9,0,1.8,13,66,0,0,0,0.5,8.6,620.5,90,0,0,27.7,68,29.9,21.3
2026-07-13T00:50:00+05:30,2026-07-13 00:50:00,23.7,24.5,22,0,0,13,70,0,0,0,0.5,8.6,620.5,90,0,0,27.7,68,29.9,21.3
2026-07-13T00:45:00+05:30,2026-07-13 00:45:00,23.7,24.5,22,0,0,13,74,0,0,0,0.5,8.6,620.5,90,0,0,27.8,68,30,21.3
2026-07-13T00:40:00+05:30,2026-07-13 00:40:00,23.8,24.6,22,0,0,13,71,0,0,0,0.5,8.6,620.5,90,0,0,27.8,68,30,21.3
2026-07-13T00:35:00+05:30,2026-07-13 00:35:00,23.9,24.7,22,0,1.8,13,64,0,0,0,0.5,8.6,620.5,89,0,0,27.8,68,30,21.3
2026-07-13T00:30:00+05:30,2026-07-13 00:30:00,24,24.8,22.1,0,1.8,13,71,0,0,0,0.5,8.6,620.5,89,0,0,27.8,68,30,21.3
2026-07-13T00:25:00+05:30,2026-07-13 00:25:00,24,24.8,22.1,0,3.5,13,80,0,0,0,0.5,8.6,620.5,89,0,0,27.8,68,30,21.3
2026-07-13T00:20:00+05:30,2026-07-13 00:20:00,24,24.8,22.1,1.1,3.5,13,75,0,0,0,0.5,8.6,620.5,89,0,0,27.8,68,30,21.3
2026-07-13T00:15:00+05:30,2026-07-13 00:15:00,23.9,24.7,22.1,0,5.5,7.2,78,0,0,0,0.5,8.6,620.5,90,0,0,27.9,68,30.2,21.4
2026-07-13T00:10:00+05:30,2026-07-13 00:10:00,23.9,24.7,22.1,0,0,7.2,77,0,0,0,0.5,8.6,620.5,90,0,0,27.9,68,30.2,21.4
2026-07-13T00:05:00+05:30,2026-07-13 00:05:00,23.8,24.6,22,0,0,7.2,73,0,0,0,0.5,8.6,620.5,90,0,0,27.9,68,30.2,21.4
2026-07-13T00:00:00+05:30,2026-07-13 00:00:00,23.9,24.7,22.1,2.1,7.2,7.2,102,0,0,0,0.5,8.6,620.5,90,0,0,27.9,68,30.2,21.4
2026-07-12T23:55:00+05:30,2026-07-12 23:55:00,23.9,24.7,22.1,1.1,1.8,18.3,96,0,0,0.5,0.5,8.6,620.5,90,0,0,28,68,30.4,21.6
2026-07-12T23:50:00+05:30,2026-07-12 23:50:00,24,24.8,22.3,0,3.5,18.3,76,0,0,0.5,0.5,8.6,620.5,90,0,0,28,68,30.4,21.6
2026-07-12T23:45:00+05:30,2026-07-12 23:45:00,24,24.8,22.3,6.4,9.3,18.3,75,0,0,0.5,0.5,8.6,620.5,90,0,0,28,68,30.4,21.6
2026-07-12T23:40:00+05:30,2026-07-12 23:40:00,24,24.8,22.3,0,7.2,18.3,84,0,0,0.5,0.5,8.6,620.5,90,0,0,28,68,30.4,21.6
2026-07-12T23:35:00+05:30,2026-07-12 23:35:00,24,24.8,22.3,0,11.1,18.3,80,0,0,0.5,0.5,8.6,620.5,90,0,0,28,68,30.4,21.6
2026-07-12T23:30:00+05:30,2026-07-12 23:30:00,24,24.8,22.3,0,0,18.3,78,0,0,0.5,0.5,8.6,620.5,90,0,0,28.1,68,30.6,21.6
2026-07-12T23:25:00+05:30,2026-07-12 23:25:00,24,24.8,22.3,0.3,5.5,18.3,97,0,0,0.5,0.5,8.6,620.5,90,0,0,28.1,68,30.6,21.6
2026-07-12T23:20:00+05:30,2026-07-12 23:20:00,24.1,24.9,22.4,0,5.5,18.3,82,0,0,0.5,0.5,8.6,620.5,90,0,0,28.1,68,30.6,21.6
2026-07-12T23:15:00+05:30,2026-07-12 23:15:00,24.1,24.9,22.4,0,0,18.3,63,0,0,0.5,0.5,8.6,620.5,90,0,0,28.2,68,30.8,21.7
2026-07-12T23:10:00+05:30,2026-07-12 23:10:00,24.1,24.9,22.4,0,3.5,18.3,74,0,0,0.5,0.5,8.6,620.5,90,0,0,28.2,68,30.8,21.7
2026-07-12T23:05:00+05:30,2026-07-12 23:05:00,24.1,24.9,22.4,4.7,9.3,18.3,96,0,0,0.5,0.5,8.6,620.5,90,0,0,28.2,68,30.8,21.7
2026-07-12T23:00:00+05:30,2026-07-12 23:00:00,24.1,24.9,22.4,0,0,18.3,70,0,0,0.5,0.5,8.6,620.5,90,0,0,28.2,68,30.8,21.7
2026-07-12T22:55:00+05:30,2026-07-12 22:55:00,24.1,24.9,22.4,4.7,7.2,18.3,94,0,0,0.5,0.5,8.6,620.5,90,0,0,28.2,68,30.8,21.7
2026-07-12T22:50:00+05:30,2026-07-12 22:50:00,24.1,24.9,22.4,0.3,7.2,18.3,72,0,0,0.5,0.5,8.6,620.5,90,0,0,28.3,68,30.9,21.8
2026-07-12T22:46:00+05:30,2026-07-12 22:46:00,24.1,24.9,22.4,0.3,3.5,18.3,72,0,0,0.5,0.5,8.6,620.5,90,0,0,28.3,68,30.9,21.8
2026-07-12T22:40:00+05:30,2026-07-12 22:40:00,24.2,25.1,22.5,0,1.8,18.3,65,0,0,0.5,0.5,8.6,620.5,90,0,0,28.3,68,30.9,21.8
2026-07-12T22:35:00+05:30,2026-07-12 22:35:00,24.2,25,22.3,0,0,18.3,72,0,0,0.5,0.5,8.6,620.5,89,0,0,28.3,67,30.8,21.6
2026-07-12T22:30:00+05:30,2026-07-12 22:30:00,24.3,25.1,22.3,1.1,3.5,18.3,85,0,0,0.5,0.5,8.6,620.5,89,0,0,28.3,67,30.8,21.6
2026-07-12T22:25:00+05:30,2026-07-12 22:25:00,24.4,25.2,22.5,1.4,5.5,18.3,54,0,0,0.5,0.5,8.6,620.5,89,0,0,28.4,67,31,21.7
2026-07-12T22:20:00+05:30,2026-07-12 22:20:00,24.3,25.1,22.3,4.3,7.2,18.3,56,0,0,0.5,0.5,8.6,620.5,89,0,0,28.4,67,31,21.7
2026-07-12T22:15:00+05:30,2026-07-12 22:15:00,24.4,25.2,22.3,0,5.5,18.3,79,0,0,0.5,0.5,8.6,620.5,88,0,0,28.4,67,31,21.7
2026-07-12T22:10:00+05:30,2026-07-12 22:10:00,24.4,25.2,22.3,4.7,7.2,18.3,72,0,0,0.5,0.5,8.6,620.5,88,0,0,28.5,67,31.2,21.8
2026-07-12T22:05:00+05:30,2026-07-12 22:05:00,24.5,25.3,22.4,6.4,7.2,18.3,100,0,0,0.5,0.5,8.6,620.5,88,0,0,28.5,67,31.2,21.8
2026-07-12T22:00:00+05:30,2026-07-12 22:00:00,24.4,25.2,22.3,5.8,11.1,18.3,92,0,0,0.5,0.5,8.6,620.5,88,0,0,28.5,67,31.2,21.8
2026-07-12T21:55:00+05:30,2026-07-12 21:55:00,24.4,25.2,22.3,1.4,9.3,18.3,75,0,0,0.5,0.5,8.6,620.5,88,0,0,28.5,67,31.2,21.8
2026-07-12T21:50:00+05:30,2026-07-12 21:50:00,24.4,25.2,22.3,4,5.5,18.3,87,0,0,0.5,0.5,8.6,620.5,88,0,0,28.6,67,31.4,21.9
2026-07-12T21:45:00+05:30,2026-07-12 21:45:00,24.4,25.2,22.3,0,3.5,18.3,94,0,0,0.5,0.5,8.6,620.5,88,0,0,28.6,67,31.4,21.9
2026-07-12T21:41:00+05:30,2026-07-12 21:41:00,24.5,25.3,22.4,3.2,7.2,18.3,98,0,0,0.5,0.5,8.6,620.5,88,0,0,28.6,67,31.4,21.9
2026-07-12T21:35:00+05:30,2026-07-12 21:35:00,24.5,25.3,22.4,0,9.3,18.3,66,0,0,0.5,0.5,8.6,620.5,88,0,0,28.6,67,31.4,21.9
2026-07-12T21:30:00+05:30,2026-07-12 21:30:00,24.5,25.3,22.4,0,9.3,18.3,70,0,0,0.5,0.5,8.6,620.5,88,0,0,28.7,67,31.6,22
2026-07-12T21:25:00+05:30,2026-07-12 21:25:00,24.5,25.3,22.4,4,5.5,18.3,74,0,0,0.5,0.5,8.6,620.5,88,0,0,28.7,67,31.6,22
2026-07-12T21:20:00+05:30,2026-07-12 21:20:00,24.6,25.4,22.3,0,0,18.3,92,0,0,0.5,0.5,8.6,620.5,87,0,0,28.8,67,31.7,22
2026-07-12T21:15:00+05:30,2026-07-12 21:15:00,24.6,25.4,22.3,0.3,9.3,18.3,83,0,0,0.5,0.5,8.6,620.5,87,0,0,28.8,67,31.7,22
2026-07-12T21:10:00+05:30,2026-07-12 21:10:00,24.6,25.4,22.3,0,9.3,18.3,87,0,0,0.5,0.5,8.6,620.5,87,0,0,28.8,67,31.7,22
2026-07-12T21:05:00+05:30,2026-07-12 21:05:00,24.6,25.4,22.3,0.3,3.5,18.3,81,0,0,0.5,0.5,8.6,620.5,87,0,0,28.8,66,31.6,21.8
2026-07-12T21:00:00+05:30,2026-07-12 21:00:00,24.7,25.5,22.4,2.9,7.2,18.3,90,0,0,0.5,0.5,8.6,620.5,87,0,0,28.9,66,31.8,21.9
2026-07-12T20:55:00+05:30,2026-07-12 20:55:00,24.7,25.5,22.4,3.2,9.3,18.3,63,0,0,0.5,0.5,8.6,620.5,87,0,0,28.9,66,31.8,21.9
2026-07-12T20:50:00+05:30,2026-07-12 20:50:00,24.8,25.6,22.5,2.9,5.5,18.3,104,0,0,0.5,0.5,8.6,620.5,87,0,0,29,66,32,22
2026-07-12T20:45:00+05:30,2026-07-12 20:45:00,24.7,25.5,22.4,1.1,9.3,18.3,85,0,0,0.5,0.5,8.6,620.5,87,0,0,29,66,32,22
2026-07-12T20:40:00+05:30,2026-07-12 20:40:00,24.8,25.6,22.5,2.9,7.2,18.3,74,0,0,0.5,0.5,8.6,620.5,87,0,0,29,66,32,22
2026-07-12T20:36:00+05:30,2026-07-12 20:36:00,24.8,25.6,22.5,1.8,7.2,18.3,88,0,0,0.5,0.5,8.6,620.5,87,0,0,29.1,66,32.2,22.1
2026-07-12T20:30:00+05:30,2026-07-12 20:30:00,24.8,25.6,22.5,1.1,11.1,18.3,87,0,0,0.5,0.5,8.6,620.5,87,0,0,29.1,66,32.2,22.1
2026-07-12T20:25:00+05:30,2026-07-12 20:25:00,24.8,25.6,22.5,4.3,7.2,18.3,73,0,0,0.5,0.5,8.6,620.5,87,0,0,29.1,66,32.2,22.1
2026-07-12T20:20:00+05:30,2026-07-12 20:20:00,,,,0,3.5,18.3,86,0,0,0.5,0.5,8.6,620.5,,0,0,29.2,66,32.4,22.2
2026-07-12T20:15:00+05:30,2026-07-12 20:15:00,,,,0,5.5,18.3,69,0,0,0.5,0.5,8.6,620.5,,0,0,29.2,66,32.4,22.2
2026-07-12T20:10:00+05:30,2026-07-12 20:10:00,,,,0,5.5,18.3,68,0,0,0.5,0.5,8.6,620.5,,0,0,29.2,66,32.4,22.2
2026-07-12T20:05:00+05:30,2026-07-12 20:05:00,,,,0.6,3.5,18.3,76,0,0,0.5,0.5,8.6,620.5,,0,0,29.3,66,32.6,22.3
2026-07-12T20:00:00+05:30,2026-07-12 20:00:00,,,,5.5,9.3,18.3,84,0,0,0.5,0.5,8.6,620.5,,0,0,29.3,66,32.6,22.3
2026-07-12T19:55:00+05:30,2026-07-12 19:55:00,,,,0.3,1.8,18.3,91,0,0,0.5,0.5,8.6,620.5,,0,0,29.3,66,32.6,22.3
2026-07-12T19:50:00+05:30,2026-07-12 19:50:00,,,,1.1,3.5,18.3,70,0,0,0.5,0.5,8.6,620.5,,0,0,29.3,66,32.6,22.3
2026-07-12T19:45:00+05:30,2026-07-12 19:45:00,,,,0.3,1.8,18.3,74,0,0,0.5,0.5,8.6,620.5,,0,0,29.4,66,32.8,22.3
2026-07-12T19:40:00+05:30,2026-07-12 19:40:00,,,,0,3.5,18.3,76,0,0,0.5,0.5,8.6,620.5,,0,0,29.5,66,33.1,22.4
2026-07-12T19:35:00+05:30,2026-07-12 19:35:00,,,,6.1,7.2,18.3,85,0,0,0.5,0.5,8.6,620.5,,0,0,29.4,66,32.8,22.3
2026-07-12T19:30:00+05:30,2026-07-12 19:30:00,,,,0.6,7.2,18.3,67,0,0,0.5,0.5,8.6,620.5,,0,0,29.5,66,33.1,22.4
2026-07-12T19:25:00+05:30,2026-07-12 19:25:00,,,,6.1,7.2,18.3,83,0,0,0.5,0.5,8.6,620.5,,0,0,29.5,66,33.1,22.4
2026-07-12T19:20:00+05:30,2026-07-12 19:20:00,,,,9.3,11.1,18.3,75,0,0,0.5,0.5,8.6,620.5,,0,0,29.5,66,33.1,22.4
2026-07-12T19:16:00+05:30,2026-07-12 19:16:00,,,,0.3,13,18.3,100,0,0,0.5,0.5,8.6,620.5,,0,0,29.6,66,33.3,22.6
2026-07-12T19:10:00+05:30,2026-07-12 19:10:00,,,,4.7,7.2,18.3,99,0,0,0.5,0.5,8.6,620.5,,0,0,29.6,66,33.3,22.6
2026-07-12T19:05:00+05:30,2026-07-12 19:05:00,,,,4.7,7.2,18.3,75,0,0,0.5,0.5,8.6,620.5,,0,0,29.7,66,33.5,22.7
2026-07-12T19:00:00+05:30,2026-07-12 19:00:00,,,,7.9,11.1,18.3,101,0,0,0.5,0.5,8.6,620.5,,0,0,29.7,66,33.5,22.7
2026-07-12T18:55:00+05:30,2026-07-12 18:55:00,,,,0,11.1,18.3,85,0,0,0.5,0.5,8.6,620.5,,0,0,29.8,66,33.6,22.7
2026-07-12T18:50:00+05:30,2026-07-12 18:50:00,,,,4.7,7.2,18.3,78,0,0,0.5,0.5,8.6,620.5,,0,0,29.8,65,33.4,22.5
2026-07-12T18:45:00+05:30,2026-07-12 18:45:00,,,,2.1,7.2,18.3,81,0,0,0.5,0.5,8.6,620.5,,0,0.1,29.8,65,33.4,22.5
2026-07-12T18:40:00+05:30,2026-07-12 18:40:00,,,,0,7.2,18.3,75,0,0,0.5,0.5,8.6,620.5,,0,0.2,29.9,65,33.7,22.6
2026-07-12T18:35:00+05:30,2026-07-12 18:35:00,,,,7.2,7.2,18.3,91,0,0,0.5,0.5,8.6,620.5,,0,0.6,29.9,66,33.8,22.8
2026-07-12T18:30:00+05:30,2026-07-12 18:30:00,,,,0,5.5,18.3,79,0,0,0.5,0.5,8.6,620.5,,0,1.2,30,66,34.1,22.9
2026-07-12T18:25:00+05:30,2026-07-12 18:25:00,,,,8.7,11.1,18.3,118,0,0,0.5,0.5,8.6,620.5,,0,1.7,30,66,34.1,22.9
2026-07-12T18:20:00+05:30,2026-07-12 18:20:00,,,,0,1.8,18.3,75,0,0,0.5,0.5,8.6,620.5,,0,4.6,30.1,66,34.3,23.1
2026-07-12T18:15:00+05:30,2026-07-12 18:15:00,,,,1.8,5.5,18.3,101,0,0,0.5,0.5,8.6,620.5,,0,7.3,30.1,66,34.3,23.1
2026-07-12T18:11:00+05:30,2026-07-12 18:11:00,,,,4,7.2,18.3,77,0,0,0.5,0.5,8.6,620.5,,0,11.2,30.1,66,34.3,23.1
2026-07-12T18:05:00+05:30,2026-07-12 18:05:00,,,,0.3,5.5,18.3,80,0,0,0.5,0.5,8.6,620.5,,0,16.6,30.1,66,34.3,23.1
2026-07-12T18:00:00+05:30,2026-07-12 18:00:00,,,,0,3.5,18.3,84,0,0,0.5,0.5,8.6,620.5,,0,24.6,30.2,66,34.6,23.2
2026-07-12T17:55:00+05:30,2026-07-12 17:55:00,,,,0.3,5.5,18.3,75,0,0,0.5,0.5,8.6,620.5,,0,35.9,30.2,66,34.6,23.2
2026-07-12T17:50:00+05:30,2026-07-12 17:50:00,,,,0,11.1,18.3,42,0,0,0.5,0.5,8.6,620.5,,0,44.1,30.2,66,34.6,23.2
2026-07-12T17:45:00+05:30,2026-07-12 17:45:00,,,,6.1,7.2,18.3,89,0,0,0.5,0.5,8.6,620.5,,0,39.7,30.3,66,34.7,23.2
2026-07-12T17:40:00+05:30,2026-07-12 17:40:00,,,,1.1,5.5,18.3,58,0,0,0.5,0.5,8.6,620.5,,0,49.6,30.3,66,34.7,23.2
2026-07-12T17:35:00+05:30,2026-07-12 17:35:00,,,,1.4,5.5,18.3,76,0,0,0.5,0.5,8.6,620.5,,0,50.4,30.3,66,34.7,23.2
2026-07-12T17:30:00+05:30,2026-07-12 17:30:00,,,,1.1,11.1,18.3,66,0,0,0.5,0.5,8.6,620.5,,0,63.8,30.3,66,34.7,23.2
2026-07-12T17:25:00+05:30,2026-07-12 17:25:00,,,,2.1,14.8,18.3,63,0,0,0.5,0.5,8.6,620.5,,0,61.5,30.4,66,35,23.3
2026-07-12T17:20:00+05:30,2026-07-12 17:20:00,,,,0.3,7.2,18.3,82,0,0,0.5,0.5,8.6,620.5,,0,71.4,30.4,66,35,23.3
2026-07-12T17:15:00+05:30,2026-07-12 17:15:00,,,,4.7,13,18.3,89,0,0.5,0.5,0.5,8.6,620.5,,0,66.1,30.4,66,35,23.3
2026-07-12T17:10:00+05:30,2026-07-12 17:10:00,,,,1.8,7.2,18.3,64,0,0.5,0.5,0.5,8.6,620.5,,0,68.6,30.4,66,35,23.3
2026-07-12T17:06:00+05:30,2026-07-12 17:06:00,,,,0.3,1.8,18.3,99,0,0.5,0.5,0.5,8.6,620.5,,0,82.9,30.5,66,35.2,23.4
2026-07-12T17:00:00+05:30,2026-07-12 17:00:00,,,,0,5.5,18.3,70,0,0.5,0.5,0.5,8.6,620.5,,0,82.4,30.4,66,35,23.3
2026-07-12T16:55:00+05:30,2026-07-12 16:55:00,,,,0,0,18.3,102,0,0.5,0.5,0.5,8.6,620.5,,1,109.3,30.5,66,35.2,23.4
2026-07-12T16:50:00+05:30,2026-07-12 16:50:00,,,,0,5.5,18.3,87,0,0.5,0.5,0.5,8.6,620.5,,1,154.6,30.5,66,35.2,23.4
2026-07-12T16:45:00+05:30,2026-07-12 16:45:00,,,,0,11.1,18.3,67,0,0.5,0.5,0.5,8.6,620.5,,0,102.2,30.5,66,35.2,23.4
2026-07-12T16:40:00+05:30,2026-07-12 16:40:00,,,,0.3,5.5,18.3,89,0,0.5,0.5,0.5,8.6,620.5,,1,182.2,30.5,66,35.2,23.4
2026-07-12T16:35:00+05:30,2026-07-12 16:35:00,,,,0,3.5,18.3,77,0,0.5,0.5,0.5,8.6,620.5,,1,161,30.5,66,35.2,23.4
2026-07-12T16:30:00+05:30,2026-07-12 16:30:00,,,,2.1,18.3,18.3,79,0,0.5,0.5,0.5,8.6,620.5,,1,108,30.5,66,35.2,23.4
2026-07-12T16:25:00+05:30,2026-07-12 16:25:00,,,,0,9.3,11.1,102,3,0.5,0.5,0.5,8.6,620.5,,1,158.4,30.5,66,35.2,23.4
2026-07-12T16:20:00+05:30,2026-07-12 16:20:00,,,,0,7.2,9.3,89,3,0.5,0.5,0.5,8.6,620.5,,1,199.2,30.5,66,35.2,23.4
2026-07-12T16:10:00+05:30,2026-07-12 16:10:00,,,,4.7,7.2,25.6,58,0,0,0,0,8.1,620,,3,328.5,30.5,66,35.2,23.4
2026-07-12T16:05:00+05:30,2026-07-12 16:05:00,,,,0,7.2,25.6,92,0,0,0,0,8.1,620,,3,326.7,30.5,66,35.2,23.4
2026-07-12T16:00:00+05:30,2026-07-12 16:00:00,,,,10.8,14.8,25.6,81,0,0,0,0,8.1,620,,2,235.7,30.5,66,35.2,23.4
2026-07-12T15:55:00+05:30,2026-07-12 15:55:00,,,,5.5,9.3,25.6,102,0,0,0,0,8.1,620,,1,168,30.5,66,35.2,23.4
2026-07-12T15:50:00+05:30,2026-07-12 15:50:00,,,,1.1,9.3,25.6,83,0,0,0,0,8.1,620,,2,235.5,30.6,66,35.5,23.5
2026-07-12T15:45:00+05:30,2026-07-12 15:45:00,,,,1.1,9.3,25.6,90,0,0,0,0,8.1,620,,3,357.8,30.5,67,35.5,23.7
2026-07-12T15:40:00+05:30,2026-07-12 15:40:00,,,,0,5.5,25.6,73,0,0,0,0,8.1,620,,3,355.4,30.5,67,35.5,23.7
2026-07-12T15:35:00+05:30,2026-07-12 15:35:00,,,,4.3,9.3,25.6,73,0,0,0,0,8.1,620,,2,302.2,30.5,67,35.5,23.7
2026-07-12T15:30:00+05:30,2026-07-12 15:30:00,,,,0,5.5,25.6,25,0,0,0,0,8.1,620,,3,394.1,30.5,67,35.5,23.7
2026-07-12T15:25:00+05:30,2026-07-12 15:25:00,,,,4.7,13,25.6,105,0,0,0,0,8.1,620,,3,405.6,30.5,67,35.5,23.7
2026-07-12T15:20:00+05:30,2026-07-12 15:20:00,,,,5.5,11.1,25.6,110,0,0,0,0,8.1,620,,4,467.7,30.4,67,35.2,23.6
2026-07-12T15:15:00+05:30,2026-07-12 15:15:00,,,,2.1,9.3,25.6,83,0,0,0,0,8.1,620,,4,439.1,30.4,67,35.2,23.6
2026-07-12T15:10:00+05:30,2026-07-12 15:10:00,,,,9.3,13,25.6,98,0,0,0,0,8.1,620,,4,473.5,30.3,67,34.9,23.4
2026-07-12T15:05:00+05:30,2026-07-12 15:05:00,,,,7.9,13,25.6,133,0,0,0,0,8.1,620,,3,333.1,30.3,67,34.9,23.4
2026-07-12T15:00:00+05:30,2026-07-12 15:00:00,,,,3.5,7.2,25.6,88,0,0,0,0,8.1,620,,4,502.3,30.3,67,34.9,23.4
2026-07-12T14:55:00+05:30,2026-07-12 14:55:00,,,,0,16.6,25.6,108,0,0,0,0,8.1,620,,4,467.8,30.2,67,34.8,23.4
2026-07-12T14:50:00+05:30,2026-07-12 14:50:00,,,,4,9.3,25.6,59,0,0,0,0,8.1,620,,4,455.1,30.2,67,34.8,23.4
2026-07-12T14:45:00+05:30,2026-07-12 14:45:00,,,,9.7,14.8,25.6,106,0,0,0,0,8.1,620,,6,644.3,30.2,68,35.1,23.7
2026-07-12T14:40:00+05:30,2026-07-12 14:40:00,,,,3.2,11.1,25.6,102,0,0,0,0,8.1,620,,3,344.2,30.2,68,35.1,23.7
2026-07-12T14:35:00+05:30,2026-07-12 14:35:00,,,,1.1,18.3,25.6,74,0,0,0,0,8.1,620,,2,206.6,30.2,68,35.1,23.7
2026-07-12T14:30:00+05:30,2026-07-12 14:30:00,,,,2.6,18.3,25.6,112,0,0,0,0,8.1,620,,2,303.8,30.2,68,35.1,23.7
2026-07-12T14:26:00+05:30,2026-07-12 14:26:00,,,,10.5,14.8,25.6,121,0,0,0,0,8.1,620,,2,246.6,30.2,68,35.1,23.7
2026-07-12T14:20:00+05:30,2026-07-12 14:20:00,,,,4.7,9.3,25.6,88,0,0,0,0,8.1,620,,2,272.6,30.2,68,35.1,23.7
2026-07-12T14:15:00+05:30,2026-07-12 14:15:00,,,,4.3,11.1,25.6,121,0,0,0,0,8.1,620,,1,189.9,30.2,68,35.1,23.7
2026-07-12T14:10:00+05:30,2026-07-12 14:10:00,,,,2.1,11.1,25.6,72,0,0,0,0,8.1,620,,2,287.2,30.1,68,34.8,23.6
2026-07-12T14:05:00+05:30,2026-07-12 14:05:00,,,,4,16.6,25.6,39,0,0,0,0,8.1,620,,6,690.8,30.1,68,34.8,23.6
2026-07-12T14:00:00+05:30,2026-07-12 14:00:00,,,,4,11.1,25.6,125,0,0,0,0,8.1,620,,3,406.6,30.1,68,34.8,23.6
2026-07-12T13:55:00+05:30,2026-07-12 13:55:00,,,,1.4,14.8,25.6,86,0,0,0,0,8.1,620,,7,781.1,30,68,34.6,23.4
2026-07-12T13:50:00+05:30,2026-07-12 13:50:00,,,,5.5,9.3,25.6,103,0,0,0,0,8.1,620,,5,609.9,29.9,69,34.6,23.6
2026-07-12T13:45:00+05:30,2026-07-12 13:45:00,,,,4,13,25.6,66,0,0,0,0,8.1,620,,6,693.5,29.9,69,34.6,23.6
2026-07-12T13:40:00+05:30,2026-07-12 13:40:00,,,,6.9,14.8,25.6,117,0,0,0,0,8.1,620,,6,684.9,29.8,69,34.3,23.4
2026-07-12T13:35:00+05:30,2026-07-12 13:35:00,,,,15.4,18.3,25.6,105,0,0,0,0,8.1,620,,7,727.4,29.8,69,34.3,23.4
2026-07-12T13:30:00+05:30,2026-07-12 13:30:00,,,,10.1,23.8,25.6,120,0,0,0,0,8.1,620,,7,801.2,29.8,69,34.3,23.4
2026-07-12T13:25:00+05:30,2026-07-12 13:25:00,,,,3.5,11.1,25.6,120,0,0,0,0,8.1,620,,7,738.7,29.7,69,34.2,23.4
2026-07-12T13:21:00+05:30,2026-07-12 13:21:00,,,,1.4,9.3,25.6,84,0,0,0,0,8.1,620,,7,789.3,29.6,69,33.9,23.3
2026-07-12T13:15:00+05:30,2026-07-12 13:15:00,,,,3.5,7.2,25.6,91,0,0,0,0,8.1,620,,6,636.9,29.6,69,33.9,23.3
2026-07-12T13:10:00+05:30,2026-07-12 13:10:00,,,,3.5,13,25.6,28,0,0,0,0,8.1,620,,3,331.8,29.5,69,33.7,23.2
2026-07-12T13:05:00+05:30,2026-07-12 13:05:00,,,,2.1,11.1,25.6,88,0,0,0,0,8.1,620,,2,275.8,29.5,70,33.8,23.4
2026-07-12T13:00:00+05:30,2026-07-12 13:00:00,,,,1.1,13,18.3,110,0,0,0,0,8.1,620,,9,927.1,29.4,70,33.6,23.3
2026-07-12T12:55:00+05:30,2026-07-12 12:55:00,,,,9,11.1,18.3,73,0,0,0,0,8.1,620,,8,865.7,29.4,70,33.6,23.3
2026-07-12T12:50:00+05:30,2026-07-12 12:50:00,,,,2.9,14.8,18.3,64,0,0,0,0,8.1,620,,8,892.1,29.3,70,33.3,23.2
2026-07-12T12:45:00+05:30,2026-07-12 12:45:00,,,,4.7,9.3,18.3,76,0,0,0,0,8.1,620,,8,895.4,29.2,70,33.2,23.2
2026-07-12T12:40:00+05:30,2026-07-12 12:40:00,,,,6.1,11.1,18.3,101,0,0,0,0,8.1,620,,8,881,29.1,70,32.9,23.1
2026-07-12T12:35:00+05:30,2026-07-12 12:35:00,,,,5.5,11.1,18.3,78,0,0,0,0,8.1,620,,5,556.7,29.1,70,32.9,23.1
2026-07-12T12:30:00+05:30,2026-07-12 12:30:00,,,,1.8,7.2,18.3,67,0,0,0,0,8.1,620,,7,801.8,29.1,70,32.9,23.1
2026-07-12T12:25:00+05:30,2026-07-12 12:25:00,,,,1.8,5.5,18.3,115,0,0,0,0,8.1,620,,4,415.5,29,70,32.7,22.9
2026-07-12T12:20:00+05:30,2026-07-12 12:20:00,,,,10.1,18.3,18.3,112,0,0,0,0,8.1,620,,5,551.8,28.9,71,32.7,23.1
2026-07-12T12:16:00+05:30,2026-07-12 12:16:00,,,,9,13,18.3,149,0,0,0,0,8.1,620,,8,863.4,28.9,71,32.7,23.1
2026-07-12T12:10:00+05:30,2026-07-12 12:10:00,,,,0,7.2,18.3,101,0,0,0,0,8.1,620,,8,864.1,28.8,72,32.6,23.2
2026-07-12T12:05:00+05:30,2026-07-12 12:05:00,,,,8.7,11.1,18.3,121,0,0,0,0,8.1,620,,2,301.6,28.7,72,32.5,23.2
2026-07-12T12:00:00+05:30,2026-07-12 12:00:00,,,,0.3,7.2,18.3,89,0,0,0,0,8.1,620,,8,896.5,28.7,72,32.5,23.2
2026-07-12T11:55:00+05:30,2026-07-12 11:55:00,,,,0,7.2,14.8,95,0,0,0,0,8.1,620,,8,904.3,28.6,72,32.2,23.1
2026-07-12T11:50:00+05:30,2026-07-12 11:50:00,,,,4.3,14.8,14.8,125,0,0,0,0,8.1,620,,2,305.9,28.5,72,32,22.9
2026-07-12T11:45:00+05:30,2026-07-12 11:45:00,,,,0,5.5,14.8,70,0,0,0,0,8.1,620,,4,441.5,28.5,72,32,22.9
2026-07-12T11:40:00+05:30,2026-07-12 11:40:00,,,,0,0,14.8,93,0,0,0,0,8.1,620,,2,290.4,28.4,72,31.7,22.8
2026-07-12T11:35:00+05:30,2026-07-12 11:35:00,,,,2.1,11.1,14.8,78,0,0,0,0,8.1,620,,3,339.4,28.3,73,31.7,22.9
2026-07-12T11:30:00+05:30,2026-07-12 11:30:00,,,,0.3,9.3,14.8,72,0,0,0,0,8.1,620,,9,954.6,28.3,73,31.7,22.9
2026-07-12T11:25:00+05:30,2026-07-12 11:25:00,,,,5,7.2,14.8,100,0,0,0,0,8.1,620,,3,375.7,28.2,73,31.6,22.9
2026-07-12T11:20:00+05:30,2026-07-12 11:20:00,,,,0,3.5,14.8,58,0,0,0,0,8.1,620,,3,399.6,28.1,73,31.3,22.8
2026-07-12T11:15:00+05:30,2026-07-12 11:15:00,,,,0,0,14.8,98,0,0,0,0,8.1,620,,9,935.9,28.1,73,31.3,22.8
2026-07-12T11:10:00+05:30,2026-07-12 11:10:00,,,,1.4,9.3,14.8,88,0,0,0,0,8.1,620,,2,294.9,28.1,73,31.3,22.8
2026-07-12T11:05:00+05:30,2026-07-12 11:05:00,,,,4.7,7.2,14.8,95,0,0,0,0,8.1,620,,2,275.6,28,73,31.1,22.7
2026-07-12T11:00:00+05:30,2026-07-12 11:00:00,,,,4.7,7.2,14.8,111,0,0,0,0,8.1,620,,2,226.5,28,73,31.1,22.7
2026-07-12T10:56:00+05:30,2026-07-12 10:56:00,,,,4.7,7.2,14.8,90,0,0,0,0,8.1,620,,2,253.1,27.9,73,30.8,22.6
2026-07-12T10:50:00+05:30,2026-07-12 10:50:00,,,,6.9,11.1,14.8,71,0,0,0,0,8.1,620,,8,880.7,27.9,73,30.8,22.6
2026-07-12T10:45:00+05:30,2026-07-12 10:45:00,,,,0,1.8,14.8,69,0,0,0,0,8.1,620,,1,185.6,27.9,73,30.8,22.6
2026-07-12T10:40:00+05:30,2026-07-12 10:40:00,,,,0,3.5,14.8,66,0,0,0,0,8.1,620,,2,281.5,27.8,73,30.6,22.5
2026-07-12T10:35:00+05:30,2026-07-12 10:35:00,,,,2.1,5.5,14.8,102,0,0,0,0,8.1,620,,5,517.7,27.8,73,30.6,22.5
2026-07-12T10:30:00+05:30,2026-07-12 10:30:00,,,,0,3.5,14.8,73,0,0,0,0,8.1,620,,7,754.9,27.6,73,30.3,22.3
2026-07-12T10:25:00+05:30,2026-07-12 10:25:00,,,,9.3,11.1,14.8,75,0,0,0,0,8.1,620,,7,757.7,27.6,73,30.3,22.3
2026-07-12T10:20:00+05:30,2026-07-12 10:20:00,,,,2.9,5.5,14.8,129,0,0,0,0,8.1,620,,7,801,27.6,73,30.3,22.3
2026-07-12T10:15:00+05:30,2026-07-12 10:15:00,,,,0,3.5,14.8,101,0,0,0,0,8.1,620,,6,703.4,27.5,73,30.1,22.2
2026-07-12T10:10:00+05:30,2026-07-12 10:10:00,,,,3.5,5.5,14.8,100,0,0,0,0,8.1,620,,6,638.6,27.5,73,30.1,22.2
2026-07-12T10:05:00+05:30,2026-07-12 10:05:00,,,,6.4,9.3,14.8,90,0,0,0,0,8.1,620,,2,286.8,27.5,73,30.1,22.2
2026-07-12T10:00:00+05:30,2026-07-12 10:00:00,,,,0,11.1,14.8,78,0,0,0,0,8.1,620,,2,278.1,27.4,73,29.8,22.1
2026-07-12T09:55:00+05:30,2026-07-12 09:55:00,,,,3.5,7.2,14.8,97,0,0,0,0,8.1,620,,4,423,27.4,73,29.8,22.1
2026-07-12T09:51:00+05:30,2026-07-12 09:51:00,,,,6.1,11.1,14.8,95,0,0,0,0,8.1,620,,5,570.2,27.4,73,29.8,22.1
2026-07-12T09:45:00+05:30,2026-07-12 09:45:00,,,,0,0,14.8,72,0,0,0,0,8.1,620,,5,565.3,27.3,73,29.6,22
2026-07-12T09:40:00+05:30,2026-07-12 09:40:00,,,,0.3,5.5,14.8,85,0,0,0,0,8.1,620,,2,282.3,27.3,73,29.6,22
2026-07-12T09:35:00+05:30,2026-07-12 09:35:00,,,,0,7.2,14.8,71,0,0,0,0,8.1,620,,3,331.6,27.3,73,29.6,22
2026-07-12T09:30:00+05:30,2026-07-12 09:30:00,,,,0,7.2,9.3,71,0,0,0,0,8.1,620,,2,230.8,27.3,73,29.6,22
2026-07-12T09:25:00+05:30,2026-07-12 09:25:00,,,,0,0,9.3,70,0,0,0,0,8.1,620,,1,193.4,27.2,73,29.5,21.9
2026-07-12T09:20:00+05:30,2026-07-12 09:20:00,,,,0.6,1.8,9.3,98,0,0,0,0,8.1,620,,2,223.2,27.2,73,29.5,21.9
2026-07-12T09:15:00+05:30,2026-07-12 09:15:00,,,,0,0,9.3,75,0,0,0,0,8.1,620,,1,171.2,27.2,73,29.5,21.9
2026-07-12T09:10:00+05:30,2026-07-12 09:10:00,,,,0,0,9.3,71,0,0,0,0,8.1,620,,1,113.9,27.2,73,29.5,21.9
2026-07-12T09:05:00+05:30,2026-07-12 09:05:00,,,,0.6,1.8,9.3,68,0,0,0,0,8.1,620,,1,140.2,27.2,73,29.5,21.9
2026-07-12T09:00:00+05:30,2026-07-12 09:00:00,,,,0.6,7.2,9.3,96,0,0,0,0,8.1,620,,1,148.1,27.2,73,29.5,21.9
2026-07-12T08:55:00+05:30,2026-07-12 08:55:00,,,,0,0,9.3,79,0,0,0,0,8.1,620,,1,139,27.1,73,29.3,21.8
2026-07-12T08:50:00+05:30,2026-07-12 08:50:00,,,,0,7.2,9.3,83,0,0,0,0,8.1,620,,1,114.8,27.1,72,29.2,21.6
2026-07-12T08:46:00+05:30,2026-07-12 08:46:00,,,,0,0,9.3,75,0,0,0,0,8.1,620,,1,202.8,27.1,72,29.2,21.6
2026-07-12T08:40:00+05:30,2026-07-12 08:40:00,,,,0,7.2,9.3,90,0,0,0,0,8.1,620,,1,115.9,27.1,72,29.2,21.6
2026-07-12T08:35:00+05:30,2026-07-12 08:35:00,,,,0,7.2,9.3,78,0,0,0,0,8.1,620,,1,107.6,27.1,72,29.2,21.6
2026-07-12T08:30:00+05:30,2026-07-12 08:30:00,,,,0,3.5,9.3,83,0,0,0,0,8.1,620,,1,168.8,27.1,72,29.2,21.6
2026-07-12T08:25:00+05:30,2026-07-12 08:25:00,,,,0,0,9.3,76,0,0,0,0,8.1,620,,2,226.6,27.1,72,29.2,21.6
2026-07-12T08:20:00+05:30,2026-07-12 08:20:00,,,,2.9,9.3,9.3,100,0,0,0,0,8.1,620,,1,138.4,27.1,72,29.2,21.6
2026-07-12T08:15:00+05:30,2026-07-12 08:15:00,,,,1.4,5.5,9.3,77,0,0,0,0,8.1,620,,1,140,27,72,29,21.5
2026-07-12T08:10:00+05:30,2026-07-12 08:10:00,,,,0,3.5,9.3,72,0,0,0,0,8.1,620,,1,119.8,27.1,72,29.2,21.6
2026-07-12T08:05:00+05:30,2026-07-12 08:05:00,,,,0,3.5,9.3,82,0,0,0,0,8.1,620,,0,87.4,27.1,72,29.2,21.6
2026-07-12T08:00:00+05:30,2026-07-12 08:00:00,,,,0,0,9.3,71,0,0,0,0,8.1,620,,0,61.3,27,72,29,21.5
2026-07-12T07:55:00+05:30,2026-07-12 07:55:00,,,,0,5.5,9.3,72,0,0,0,0,8.1,620,,0,85,27.1,72,29.2,21.6
2026-07-12T07:50:00+05:30,2026-07-12 07:50:00,,,,0,3.5,9.3,73,0,0,0,0,8.1,620,,0,93.7,27,72,29,21.5
2026-07-12T07:45:00+05:30,2026-07-12 07:45:00,,,,0,7.2,9.3,76,0,0,0,0,8.1,620,,0,79.1,27,72,29,21.5
2026-07-12T07:41:00+05:30,2026-07-12 07:41:00,,,,0,0,9.3,74,0,0,0,0,8.1,620,,0,68,27,72,29,21.5
2026-07-12T07:35:00+05:30,2026-07-12 07:35:00,,,,0.6,1.8,9.3,70,0,0,0,0,8.1,620,,0,75.1,27,72,29,21.5
2026-07-12T07:30:00+05:30,2026-07-12 07:30:00,,,,0,1.8,9.3,78,0,0,0,0,8.1,620,,0,59,27,72,29,21.5
2026-07-12T07:25:00+05:30,2026-07-12 07:25:00,,,,1.1,3.5,9.3,115,0,0,0,0,8.1,620,,0,47.5,27,72,29,21.5
2026-07-12T07:20:00+05:30,2026-07-12 07:20:00,,,,0,5.5,9.3,71,0,0,0,0,8.1,620,,0,34.9,27,72,29,21.5
2026-07-12T07:15:00+05:30,2026-07-12 07:15:00,,,,0,0,9.3,73,0,0,0,0,8.1,620,,0,41.5,27,72,29,21.5
2026-07-12T07:10:00+05:30,2026-07-12 07:10:00,,,,0,0,9.3,110,0,0,0,0,8.1,620,,0,30.2,27.1,72,29.2,21.6
2026-07-12T07:05:00+05:30,2026-07-12 07:05:00,,,,0,0,9.3,76,0,0,0,0,8.1,620,,0,32.9,27.1,72,29.2,21.6
2026-07-12T07:00:00+05:30,2026-07-12 07:00:00,,,,0,0,9.3,69,0,0,0,0,8.1,620,,0,29.4,27,72,29,21.5
2026-07-12T06:55:00+05:30,2026-07-12 06:55:00,24.6,25.4,22.5,0,1.8,9.3,71,0,0,0,0,8.1,620,88,0,37.7,27,72,29,21.5
2026-07-12T06:50:00+05:30,2026-07-12 06:50:00,24.7,25.5,22.6,0,0,9.3,74,0,0,0,0,8.1,620,88,0,38.6,27,72,29,21.5
2026-07-12T06:45:00+05:30,2026-07-12 06:45:00,24.6,25.4,22.5,0,0,9.3,71,0,0,0,0,8.1,620,88,0,35.1,27.1,72,29.2,21.6
2026-07-12T06:40:00+05:30,2026-07-12 06:40:00,24.5,25.3,22.6,0,0,9.3,69,0,0,0,0,8.1,620,89,0,29.6,27.1,71,29.1,21.4
2026-07-12T06:36:00+05:30,2026-07-12 06:36:00,24.4,25.2,22.5,0,0,9.3,75,0,0,0,0,8.1,620,89,0,23.8,27,71,28.9,21.3
2026-07-12T06:30:00+05:30,2026-07-12 06:30:00,24.3,25.1,22.3,0,0,9.3,61,0,0,0,0,8.1,620,89,0,19.1,27.1,71,29.1,21.4
2026-07-12T06:25:00+05:30,2026-07-12 06:25:00,24.3,25.1,22.5,0,0,9.3,85,0,0,0,0,8.1,620,90,0,14.9,27.1,71,29.1,21.4
2026-07-12T06:20:00+05:30,2026-07-12 06:20:00,24.3,25.1,22.3,0,0,9.3,71,0,0,0,0,8.1,620,89,0,12.8,27.1,71,29.1,21.4
2026-07-12T06:15:00+05:30,2026-07-12 06:15:00,24.3,25.1,22.3,0,0,9.3,67,0,0,0,0,8.1,620,89,0,9.2,27.1,71,29.1,21.4
2026-07-12T06:10:00+05:30,2026-07-12 06:10:00,24.2,25,22.3,0,0,9.3,73,0,0,0,0,8.1,620,89,0,4.8,27.1,71,29.1,21.4
2026-07-12T06:05:00+05:30,2026-07-12 06:05:00,24.3,25.1,22.3,0,1.8,9.3,72,0,0,0,0,8.1,620,89,0,2.8,27.1,71,29.1,21.4
2026-07-12T06:00:00+05:30,2026-07-12 06:00:00,24.3,25.1,22.3,0,0,9.3,80,0,0,0,0,8.1,620,89,0,1.7,27.1,71,29.1,21.4
2026-07-12T05:55:00+05:30,2026-07-12 05:55:00,24.3,25.1,22.3,0,0,9.3,78,0,0,0,0,8.1,620,89,0,0.7,27.1,71,29.1,21.4
2026-07-12T05:50:00+05:30,2026-07-12 05:50:00,24.3,25.1,22.3,0,3.5,9.3,81,0,0,0,0,8.1,620,89,0,0.2,27.1,71,29.1,21.4
2026-07-12T05:45:00+05:30,2026-07-12 05:45:00,24.3,25.1,22.3,0,7.2,9.3,75,0,0,0,0,8.1,620,89,0,0.1,27.1,71,29.1,21.4
2026-07-12T05:40:00+05:30,2026-07-12 05:40:00,24.2,25,22.3,0,1.8,9.3,79,0,0,0,0,8.1,620,89,0,0,27.1,71,29.1,21.4
2026-07-12T05:35:00+05:30,2026-07-12 05:35:00,24.2,25.1,22.5,0,0,9.3,69,0,0,0,0,8.1,620,90,0,0,27.1,71,29.1,21.4
2026-07-12T05:30:00+05:30,2026-07-12 05:30:00,24.2,25,22.3,0,5.5,9.3,69,0,0,0,0,8.1,620,89,0,0,27.2,71,29.3,21.5
2026-07-12T05:25:00+05:30,2026-07-12 05:25:00,24.1,24.9,22.4,0,0,9.3,70,0,0,0,0,8.1,620,90,0,0,27.2,71,29.3,21.5
2026-07-12T05:20:00+05:30,2026-07-12 05:20:00,24.2,25,22.3,0,0,9.3,73,0,0,0,0,8.1,620,89,0,0,27.2,71,29.3,21.5
2026-07-12T05:16:00+05:30,2026-07-12 05:16:00,24.2,25,22.3,0,0,9.3,69,0,0,0,0,8.1,620,89,0,0,27.2,71,29.3,21.5
2026-07-12T05:10:00+05:30,2026-07-12 05:10:00,24.2,25,22.3,0,0,9.3,68,0,0,0,0,8.1,620,89,0,0,27.2,71,29.3,21.5
2026-07-12T05:05:00+05:30,2026-07-12 05:05:00,24.2,25.1,22.5,0,0,9.3,70,0,0,0,0,8.1,620,90,0,0,27.2,71,29.3,21.5
2026-07-12T05:00:00+05:30,2026-07-12 05:00:00,24.3,25.1,22.3,0,0,9.3,68,0,0,0,0,8.1,620,89,0,0,27.2,71,29.3,21.5
2026-07-12T04:55:00+05:30,2026-07-12 04:55:00,24.2,25.1,22.5,0,0,9.3,70,0,0,0,0,8.1,620,90,0,0,27.3,71,29.4,21.6
2026-07-12T04:50:00+05:30,2026-07-12 04:50:00,24.2,25.1,22.5,0,0,9.3,71,0,0,0,0,8.1,620,90,0,0,27.3,71,29.4,21.6
2026-07-12T04:45:00+05:30,2026-07-12 04:45:00,24.2,25.1,22.5,0,5.5,9.3,72,0,0,0,0,8.1,620,90,0,0,27.3,71,29.4,21.6
2026-07-12T04:40:00+05:30,2026-07-12 04:40:00,24.2,25.1,22.5,2.1,5.5,9.3,80,0,0,0,0,8.1,620,90,0,0,27.3,71,29.4,21.6
2026-07-12T04:35:00+05:30,2026-07-12 04:35:00,24.3,25.1,22.5,0,0,9.3,73,0,0,0,0,8.1,620,90,0,0,27.3,71,29.4,21.6
2026-07-12T04:30:00+05:30,2026-07-12 04:30:00,24.3,25.1,22.3,1.8,3.5,9.3,88,0,0,0,0,8.1,620,89,0,0,27.3,71,29.4,21.6
2026-07-12T04:25:00+05:30,2026-07-12 04:25:00,24.3,25.1,22.5,0,0,9.3,79,0,0,0,0,8.1,620,90,0,0,27.3,71,29.4,21.6
2026-07-12T04:20:00+05:30,2026-07-12 04:20:00,24.3,25.1,22.5,0,3.5,9.3,73,0,0,0,0,8.1,620,90,0,0,27.3,71,29.4,21.6
2026-07-12T04:15:00+05:30,2026-07-12 04:15:00,24.3,25.1,22.3,0,0,9.3,71,0,0,0,0,8.1,620,89,0,0,27.4,71,29.6,21.7
2026-07-12T04:11:00+05:30,2026-07-12 04:11:00,24.4,25.2,22.5,0,0,9.3,72,0,0,0,0,8.1,620,89,0,0,27.3,71,29.4,21.6
2026-07-12T04:05:00+05:30,2026-07-12 04:05:00,24.4,25.2,22.5,0,0,9.3,70,0,0,0,0,8.1,620,89,0,0,27.3,71,29.4,21.6
2026-07-12T04:00:00+05:30,2026-07-12 04:00:00,24.4,25.2,22.5,0.3,3.5,9.3,80,0,0,0,0,8.1,620,89,0,0,27.3,71,29.4,21.6
2026-07-12T03:55:00+05:30,2026-07-12 03:55:00,24.4,25.2,22.5,0,0,9.3,72,0,0,0,0,8.1,620,89,0,0,27.4,71,29.6,21.7
2026-07-12T03:50:00+05:30,2026-07-12 03:50:00,24.3,25.1,22.3,0,0,9.3,70,0,0,0,0,8.1,620,89,0,0,27.4,71,29.6,21.7
2026-07-12T03:45:00+05:30,2026-07-12 03:45:00,24.3,25.1,22.3,0,1.8,9.3,80,0,0,0,0,8.1,620,89,0,0,27.4,71,29.6,21.7
2026-07-12T03:40:00+05:30,2026-07-12 03:40:00,24.3,25.1,22.5,0,0,9.3,73,0,0,0,0,8.1,620,90,0,0,27.4,71,29.6,21.7
2026-07-12T03:35:00+05:30,2026-07-12 03:35:00,24.3,25.1,22.5,0,5.5,9.3,68,0,0,0,0,8.1,620,90,0,0,27.4,71,29.6,21.7
2026-07-12T03:30:00+05:30,2026-07-12 03:30:00,24.3,25.1,22.5,2.1,3.5,9.3,85,0,0,0,0,8.1,620,90,0,0,27.4,71,29.6,21.7
2026-07-12T03:25:00+05:30,2026-07-12 03:25:00,24.3,25.1,22.5,0,7.2,9.3,68,0,0,0,0,8.1,620,90,0,0,27.5,71,29.8,21.8
2026-07-12T03:20:00+05:30,2026-07-12 03:20:00,24.2,25.1,22.5,0,5.5,9.3,69,0,0,0,0,8.1,620,90,0,0,27.5,71,29.8,21.8
2026-07-12T03:15:00+05:30,2026-07-12 03:15:00,24.2,25.1,22.5,1.4,5.5,9.3,102,0,0,0,0,8.1,620,90,0,0,27.5,71,29.8,21.8
2026-07-12T03:10:00+05:30,2026-07-12 03:10:00,24.3,25.1,22.5,0,3.5,9.3,91,0,0,0,0,8.1,620,90,0,0,27.5,71,29.8,21.8
2026-07-12T03:06:00+05:30,2026-07-12 03:06:00,24.3,25.1,22.5,0,0,9.3,76,0,0,0,0,8.1,620,90,0,0,27.5,71,29.8,21.8
2026-07-12T03:00:00+05:30,2026-07-12 03:00:00,24.4,25.2,22.5,0,0,9.3,78,0,0,0,0,8.1,620,89,0,0,27.5,71,29.8,21.8
2026-07-12T02:55:00+05:30,2026-07-12 02:55:00,24.3,25.1,22.3,6.1,9.3,9.3,94,0,0,0,0,8.1,620,89,0,0,27.5,71,29.8,21.8
2026-07-12T02:50:00+05:30,2026-07-12 02:50:00,24.3,25.1,22.5,0,0,9.3,70,0,0,0,0,8.1,620,90,0,0,27.6,71,30.1,21.9
2026-07-12T02:45:00+05:30,2026-07-12 02:45:00,24.3,25.1,22.5,0,5.5,9.3,69,0,0,0,0,8.1,620,90,0,0,27.6,71,30.1,21.9
2026-07-12T02:40:00+05:30,2026-07-12 02:40:00,24.3,25.1,22.5,0,0,9.3,92,0,0,0,0,8.1,620,90,0,0,27.6,71,30.1,21.9
2026-07-12T02:35:00+05:30,2026-07-12 02:35:00,24.4,25.2,22.5,1.4,5.5,9.3,74,0,0,0,0,8.1,620,89,0,0,27.6,71,30.1,21.9
2026-07-12T02:30:00+05:30,2026-07-12 02:30:00,24.3,25.1,22.5,0,3.5,9.3,76,0,0,0,0,8.1,620,90,0,0,27.6,71,30.1,21.9
2026-07-12T02:25:00+05:30,2026-07-12 02:25:00,24.3,25.1,22.5,0,3.5,9.3,70,0,0,0,0,8.1,620,90,0,0,27.6,71,30.1,21.9
2026-07-12T02:20:00+05:30,2026-07-12 02:20:00,24.2,25.1,22.5,0,0,9.3,73,0,0,0,0,8.1,620,90,0,0,27.6,71,30.1,21.9
2026-07-12T02:15:00+05:30,2026-07-12 02:15:00,24.2,25.1,22.5,0,0,9.3,79,0,0,0,0,8.1,620,90,0,0,27.6,71,30.1,21.9
2026-07-12T02:10:00+05:30,2026-07-12 02:10:00,24.2,25.1,22.5,0,0,9.3,70,0,0,0,0,8.1,620,90,0,0,27.7,71,30.3,21.9
2026-07-12T02:05:00+05:30,2026-07-12 02:05:00,24.2,25.1,22.7,0,3.5,9.3,77,0,0,0,0,8.1,620,91,0,0,27.7,71,30.3,21.9
2026-07-12T02:00:00+05:30,2026-07-12 02:00:00,24.1,25,22.5,0,0,9.3,78,0,0,0,0,8.1,620,91,0,0,27.7,71,30.3,21.9
2026-07-12T01:55:00+05:30,2026-07-12 01:55:00,24.1,25,22.5,0,0,9.3,68,0,0,0,0,8.1,620,91,0,0,27.7,71,30.3,21.9
2026-07-12T01:50:00+05:30,2026-07-12 01:50:00,24.2,25.1,22.7,0,0,9.3,68,0,0,0,0,8.1,620,91,0,0,27.7,71,30.3,21.9
2026-07-12T01:46:00+05:30,2026-07-12 01:46:00,24.2,25.1,22.7,0,1.8,9.3,59,0,0,0,0,8.1,620,91,0,0,27.7,71,30.3,21.9
2026-07-12T01:40:00+05:30,2026-07-12 01:40:00,24.2,25.1,22.7,0,0,9.3,74,0,0,0,0,8.1,620,91,0,0,27.8,71,30.4,22
2026-07-12T01:35:00+05:30,2026-07-12 01:35:00,24.3,25.1,22.7,0,0,9.3,64,0,0,0,0,8.1,620,91,0,0,27.8,71,30.4,22
2026-07-12T01:30:00+05:30,2026-07-12 01:30:00,24.3,25.1,22.7,0,0,9.3,78,0,0,0,0,8.1,620,91,0,0,27.8,71,30.4,22
2026-07-12T01:25:00+05:30,2026-07-12 01:25:00,24.2,25.1,22.8,0,0,9.3,82,0,0,0,0,8.1,620,92,0,0,27.8,71,30.4,22
2026-07-12T01:20:00+05:30,2026-07-12 01:20:00,24.2,25.1,22.8,0,0,9.3,72,0,0,0,0,8.1,620,92,0,0,27.8,71,30.4,22
2026-07-12T01:15:00+05:30,2026-07-12 01:15:00,24.3,25.2,22.9,0,0,9.3,72,0,0,0,0,8.1,620,92,0,0,27.8,71,30.4,22
2026-07-12T01:10:00+05:30,2026-07-12 01:10:00,24.3,25.2,22.9,0,0,9.3,69,0,0,0,0,8.1,620,92,0,0,27.8,71,30.4,22
2026-07-12T01:05:00+05:30,2026-07-12 01:05:00,24.3,25.2,22.9,0,0,9.3,73,0,0,0,0,8.1,620,92,0,0,27.8,71,30.4,22
2026-07-12T01:00:00+05:30,2026-07-12 01:00:00,24.2,25.1,22.8,0,0,9.3,71,0,0,0,0,8.1,620,92,0,0,27.9,71,30.6,22.1
2026-07-12T00:55:00+05:30,2026-07-12 00:55:00,24.3,25.2,22.9,0,3.5,9.3,76,0,0,0,0,8.1,620,92,0,0,27.9,71,30.6,22.1
2026-07-12T00:50:00+05:30,2026-07-12 00:50:00,24.3,25.2,22.9,0,0,9.3,82,0,0,0,0,8.1,620,92,0,0,27.9,71,30.6,22.1
2026-07-12T00:45:00+05:30,2026-07-12 00:45:00,24.3,25.2,22.9,0,0,9.3,66,0,0,0,0,8.1,620,92,0,0,27.9,71,30.6,22.1
2026-07-12T00:40:00+05:30,2026-07-12 00:40:00,24.4,25.3,23,0,5.5,9.3,105,0,0,0,0,8.1,620,92,0,0,27.9,71,30.6,22.1
2026-07-12T00:35:00+05:30,2026-07-12 00:35:00,24.5,25.4,22.9,0,0,9.3,69,0,0,0,0,8.1,620,91,0,0,27.9,71,30.6,22.1
2026-07-12T00:30:00+05:30,2026-07-12 00:30:00,24.5,25.4,22.9,0.6,9.3,9.3,90,0,0,0,0,8.1,620,91,0,0,27.9,71,30.6,22.1
2026-07-12T00:25:00+05:30,2026-07-12 00:25:00,24.6,25.5,23,2.9,7.2,7.2,71,0,0,0,0,8.1,620,91,0,0,28,71,30.8,22.2
2026-07-12T00:20:00+05:30,2026-07-12 00:20:00,24.6,25.5,22.9,2.9,5.5,7.2,80,0,0,0,0,8.1,620,90,0,0,28,71,30.8,22.2
2026-07-12T00:15:00+05:30,2026-07-12 00:15:00,24.6,25.5,22.9,1.1,3.5,7.2,88,0,0,0,0,8.1,620,90,0,0,28,71,30.8,22.2
2026-07-12T00:10:00+05:30,2026-07-12 00:10:00,24.6,25.5,22.9,0.3,1.8,5.5,80,0,0,0,0,8.1,620,90,0,0,28,71,30.8,22.2
2026-07-12T00:05:00+05:30,2026-07-12 00:05:00,24.6,25.5,23,4.7,5.5,5.5,98,0,0,0,0,8.1,620,91,0,0,28,71,30.8,22.2
2026-07-12T00:00:00+05:30,2026-07-12 00:00:00,24.6,25.5,23,0.3,7.2,3.5,88,0,0,0,0,8.1,620,91,0,0,28,71,30.8,22.2
2026-07-11T23:55:00+05:30,2026-07-11 23:55:00,24.6,25.5,23,0.3,9.3,25.6,78,0,0,0,1.5,8.1,620,91,0,0,28.1,71,31,22.3
2026-07-11T23:50:00+05:30,2026-07-11 23:50:00,24.6,25.5,23,0,0,25.6,84,0,0,0,1.5,8.1,620,91,0,0,28.1,71,31,22.3
2026-07-11T23:45:00+05:30,2026-07-11 23:45:00,24.6,25.5,23,0,1.8,25.6,68,0,0,0,1.5,8.1,620,91,0,0,28.1,71,31,22.3
2026-07-11T23:40:00+05:30,2026-07-11 23:40:00,24.6,25.5,23,1.1,7.2,25.6,72,0,0,0,1.5,8.1,620,91,0,0,28.1,71,31,22.3
2026-07-11T23:35:00+05:30,2026-07-11 23:35:00,24.6,25.5,23,0,5.5,25.6,78,0,0,0,1.5,8.1,620,91,0,0,28.1,71,31,22.3
2026-07-11T23:30:00+05:30,2026-07-11 23:30:00,24.6,25.5,23,0,5.5,25.6,76,0,0,0,1.5,8.1,620,91,0,0,28.2,70,31.1,22.2
2026-07-11T23:25:00+05:30,2026-07-11 23:25:00,24.6,25.5,23,0,1.8,25.6,74,0,0,0,1.5,8.1,620,91,0,0,28.2,70,31.1,22.2
2026-07-11T23:21:00+05:30,2026-07-11 23:21:00,24.6,25.5,23,0,3.5,25.6,71,0,0,0,1.5,8.1,620,91,0,0,28.2,70,31.1,22.2
2026-07-11T23:15:00+05:30,2026-07-11 23:15:00,24.7,25.6,23.1,0,0,25.6,62,0,0,0,1.5,8.1,620,91,0,0,28.2,70,31.1,22.2
2026-07-11T23:10:00+05:30,2026-07-11 23:10:00,24.6,25.5,23,0,1.8,25.6,68,0,0,0,1.5,8.1,620,91,0,0,28.3,70,31.2,22.3
2026-07-11T23:05:00+05:30,2026-07-11 23:05:00,24.6,25.5,23,0,5.5,25.6,72,0,0,0,1.5,8.1,620,91,0,0,28.3,70,31.2,22.3
2026-07-11T23:00:00+05:30,2026-07-11 23:00:00,24.7,25.6,23.1,4,5.5,25.6,85,0,0,0,1.5,8.1,620,91,0,0,28.3,70,31.2,22.3
2026-07-11T22:55:00+05:30,2026-07-11 22:55:00,24.7,25.6,23.1,0,0,25.6,73,0,0,0,1.5,8.1,620,91,0,0,28.3,70,31.2,22.3
2026-07-11T22:50:00+05:30,2026-07-11 22:50:00,24.6,25.5,23,6.1,7.2,25.6,112,0,0,0,1.5,8.1,620,91,0,0,28.3,70,31.2,22.3
2026-07-11T22:45:00+05:30,2026-07-11 22:45:00,24.7,25.6,23.1,0,0,25.6,69,0,0,0,1.5,8.1,620,91,0,0,28.3,70,31.2,22.3
2026-07-11T22:40:00+05:30,2026-07-11 22:40:00,24.7,25.6,23.1,0,0,25.6,71,0,0,0,1.5,8.1,620,91,0,0,28.4,70,31.4,22.4
2026-07-11T22:35:00+05:30,2026-07-11 22:35:00,24.7,25.6,23.1,1.1,5.5,25.6,60,0,0,0,1.5,8.1,620,91,0,0,28.4,70,31.4,22.4
2026-07-11T22:30:00+05:30,2026-07-11 22:30:00,24.8,25.7,23.2,0,0,25.6,64,0,0,0,1.5,8.1,620,91,0,0,28.4,70,31.4,22.4
2026-07-11T22:25:00+05:30,2026-07-11 22:25:00,24.8,25.7,23.2,0,0,25.6,84,0,0,0,1.5,8.1,620,91,0,0,28.5,70,31.7,22.5
2026-07-11T22:20:00+05:30,2026-07-11 22:20:00,24.8,25.7,23.2,2.1,5.5,25.6,98,0,0,0,1.5,8.1,620,91,0,0,28.4,70,31.4,22.4
2026-07-11T22:16:00+05:30,2026-07-11 22:16:00,24.9,25.8,23.3,0,0,25.6,85,0,0,0,1.5,8.1,620,91,0,0,28.5,70,31.7,22.5
2026-07-11T22:10:00+05:30,2026-07-11 22:10:00,25,25.9,23.2,0,0,25.6,71,0,0,0,1.5,8.1,620,90,0,0,28.5,70,31.7,22.5
2026-07-11T22:05:00+05:30,2026-07-11 22:05:00,25,25.9,23.2,0,0,25.6,70,0,0,0,1.5,8.1,620,90,0,0,28.5,70,31.7,22.5
2026-07-11T22:00:00+05:30,2026-07-11 22:00:00,25,25.9,23.4,0,0,25.6,103,0,0,0,1.5,8.1,620,91,0,0,28.5,70,31.7,22.5
2026-07-11T21:55:00+05:30,2026-07-11 21:55:00,24.9,25.8,23.3,0,1.8,25.6,81,0,0,0,1.5,8.1,620,91,0,0,28.5,70,31.7,22.5
2026-07-11T21:50:00+05:30,2026-07-11 21:50:00,24.9,25.8,23.3,2.6,5.5,25.6,72,0,0,0,1.5,8.1,620,91,0,0,28.6,70,31.9,22.6
2026-07-11T21:45:00+05:30,2026-07-11 21:45:00,24.9,25.8,23.3,0.6,3.5,25.6,84,0,0,0,1.5,8.1,620,91,0,0,28.6,70,31.9,22.6
2026-07-11T21:40:00+05:30,2026-07-11 21:40:00,24.9,25.8,23.3,6.1,7.2,25.6,104,0,0,0,1.5,8.1,620,91,0,0,28.6,70,31.9,22.6
2026-07-11T21:35:00+05:30,2026-07-11 21:35:00,25,25.9,23.4,0,0,25.6,127,0,0,0,1.5,8.1,620,91,0,0,28.7,70,32.1,22.7
2026-07-11T21:30:00+05:30,2026-07-11 21:30:00,25,25.9,23.4,0,5.5,25.6,75,0,0,0,1.5,8.1,620,91,0,0,28.7,70,32.1,22.7
2026-07-11T21:25:00+05:30,2026-07-11 21:25:00,25,25.9,23.4,1.8,5.5,25.6,100,0,0,0,1.5,8.1,620,91,0,0,28.7,70,32.1,22.7
2026-07-11T21:20:00+05:30,2026-07-11 21:20:00,25,25.9,23.4,0,7.2,25.6,79,0,0,0,1.5,8.1,620,91,0,0,28.7,70,32.1,22.7
2026-07-11T21:15:00+05:30,2026-07-11 21:15:00,25,25.9,23.4,0,0,25.6,82,0,0,0,1.5,8.1,620,91,0,0,28.8,70,32.2,22.7
2026-07-11T21:11:00+05:30,2026-07-11 21:11:00,25,25.9,23.4,0.3,1.8,25.6,84,0,0,0,1.5,8.1,620,91,0,0,28.8,70,32.2,22.7
2026-07-11T21:05:00+05:30,2026-07-11 21:05:00,25.1,26,23.4,0,0,25.6,75,0,0,0,1.5,8.1,620,90,0,0,28.8,70,32.2,22.7
2026-07-11T21:00:00+05:30,2026-07-11 21:00:00,25,25.9,23.4,0,0,25.6,74,0,0,0,1.5,8.1,620,91,0,0,28.8,70,32.2,22.7
2026-07-11T20:55:00+05:30,2026-07-11 20:55:00,25,25.9,23.4,0,0,25.6,73,0,0,0,1.5,8.1,620,91,0,0,28.8,70,32.2,22.7
2026-07-11T20:50:00+05:30,2026-07-11 20:50:00,25,25.9,23.4,0,3.5,25.6,85,0,0,0,1.5,8.1,620,91,0,0,28.9,70,32.5,22.8
2026-07-11T20:45:00+05:30,2026-07-11 20:45:00,25,25.9,23.4,0,0,25.6,65,0,0,0,1.5,8.1,620,91,0,0,28.9,70,32.5,22.8
2026-07-11T20:40:00+05:30,2026-07-11 20:40:00,25,25.9,23.4,0,5.5,25.6,87,0,0,0,1.5,8.1,620,91,0,0,28.9,70,32.5,22.8
2026-07-11T20:35:00+05:30,2026-07-11 20:35:00,24.9,25.8,23.3,0,0,25.6,70,0,0,0,1.5,8.1,620,91,0,0,28.9,70,32.5,22.8
2026-07-11T20:30:00+05:30,2026-07-11 20:30:00,25,25.9,23.2,0,0,25.6,71,0,0,0,1.5,8.1,620,90,0,0,29,69,32.6,22.7
2026-07-11T20:25:00+05:30,2026-07-11 20:25:00,25,25.9,23.4,0,0,25.6,75,0,0,0,1.5,8.1,620,91,0,0,29,69,32.6,22.7
2026-07-11T20:20:00+05:30,2026-07-11 20:20:00,25,25.9,23.2,0,0,25.6,69,0,0,0,1.5,8.1,620,90,0,0,29,69,32.6,22.7
2026-07-11T20:15:00+05:30,2026-07-11 20:15:00,25,25.9,23.4,0,0,25.6,69,0,0,0,1.5,8.1,620,91,0,0,29,69,32.6,22.7
2026-07-11T20:10:00+05:30,2026-07-11 20:10:00,25.2,26.2,23.5,0.6,3.5,25.6,87,0,0,0,1.5,8.1,620,90,0,0,29.1,69,32.8,22.8
2026-07-11T20:05:00+05:30,2026-07-11 20:05:00,25.2,26.2,23.5,0,0,25.6,69,0,0,0,1.5,8.1,620,90,0,0,29.1,69,32.8,22.8
2026-07-11T20:00:00+05:30,2026-07-11 20:00:00,25.3,26.2,23.5,0,3.5,25.6,77,0,0,0,1.5,8.1,620,90,0,0,29.1,69,32.8,22.8
2026-07-11T19:55:00+05:30,2026-07-11 19:55:00,25.3,26.2,23.5,0,0,25.6,71,0,0,0,1.5,8.1,620,90,0,0,29.2,69,33,22.9
2026-07-11T19:51:00+05:30,2026-07-11 19:51:00,25.2,26.2,23.5,0,0,25.6,84,0,0,0,1.5,8.1,620,90,0,0,29.2,69,33,22.9
2026-07-11T19:45:00+05:30,2026-07-11 19:45:00,25.3,26.2,23.5,0,0,25.6,79,0,0,0,1.5,8.1,620,90,0,0,29.2,69,33,22.9
2026-07-11T19:40:00+05:30,2026-07-11 19:40:00,25.4,26.3,23.6,0,1.8,25.6,70,0,0,0,1.5,8.1,620,90,0,0,29.2,69,33,22.9
2026-07-11T19:35:00+05:30,2026-07-11 19:35:00,25.3,26.2,23.3,0,0,25.6,79,0,0,0,1.5,8.1,620,89,0,0,29.2,69,33,22.9
2026-07-11T19:30:00+05:30,2026-07-11 19:30:00,25.3,26.2,23.5,0,0,25.6,67,0,0,0,1.5,8.1,620,90,0,0,29.3,69,33.2,23
2026-07-11T19:25:00+05:30,2026-07-11 19:25:00,25.4,26.3,23.4,0,1.8,25.6,70,0,0,0,1.5,8.1,620,89,0,0,29.3,69,33.2,23
2026-07-11T19:20:00+05:30,2026-07-11 19:20:00,25.5,26.4,23.5,0,0,25.6,73,0,0,0,1.5,8.1,620,89,0,0,29.3,69,33.2,23
2026-07-11T19:15:00+05:30,2026-07-11 19:15:00,25.5,26.4,23.5,0,0,25.6,78,0,0,0,1.5,8.1,620,89,0,0,29.3,69,33.2,23
2026-07-11T19:10:00+05:30,2026-07-11 19:10:00,25.6,26.6,23.7,0,3.5,25.6,70,0,0,0,1.5,8.1,620,89,0,0,29.4,69,33.4,23.1
2026-07-11T19:05:00+05:30,2026-07-11 19:05:00,25.6,26.5,23.5,9.7,16.6,25.6,110,0,0,0,1.5,8.1,620,88,0,0,29.4,69,33.4,23.1
2026-07-11T19:00:00+05:30,2026-07-11 19:00:00,25.7,26.6,23.6,1.1,5.5,25.6,91,0,0,0,1.5,8.1,620,88,0,0,29.5,68,33.4,22.9
2026-07-11T18:55:00+05:30,2026-07-11 18:55:00,25.8,26.7,23.4,0.3,3.5,25.6,97,0,0,0,1.5,8.1,620,87,0,0,29.5,68,33.4,22.9
2026-07-11T18:50:00+05:30,2026-07-11 18:50:00,25.9,26.8,23.6,2.6,5.5,25.6,96,0,0,0,1.5,8.1,620,87,0,0,29.5,68,33.4,22.9
2026-07-11T18:46:00+05:30,2026-07-11 18:46:00,25.9,26.8,23.4,3.5,7.2,25.6,106,0,0,0,1.5,8.1,620,86,0,0,29.6,68,33.7,23.1
2026-07-11T18:40:00+05:30,2026-07-11 18:40:00,26,26.9,23.5,0,0,25.6,71,0,0,0,1.5,8.1,620,86,0,0.2,29.6,68,33.7,23.1
2026-07-11T18:35:00+05:30,2026-07-11 18:35:00,26.1,27,23.6,0,1.8,25.6,75,0,0,0,1.5,8.1,620,86,0,1.1,29.6,68,33.7,23.1
2026-07-11T18:30:00+05:30,2026-07-11 18:30:00,26.3,27.2,23.5,0,9.3,25.6,76,0,0,0,1.5,8.1,620,85,0,2.1,29.7,68,33.9,23.2
2026-07-11T18:25:00+05:30,2026-07-11 18:25:00,26.3,27.2,23.5,1.1,5.5,25.6,110,0,0,0,1.5,8.1,620,85,0,3.2,29.7,68,33.9,23.2
2026-07-11T18:20:00+05:30,2026-07-11 18:20:00,26.4,27.3,23.7,0,11.1,25.6,70,0,0,0,1.5,8.1,620,85,0,6,29.8,68,34.1,23.2
2026-07-11T18:15:00+05:30,2026-07-11 18:15:00,26.6,27.5,23.9,0,0,25.6,67,0,0,0,1.5,8.1,620,85,0,9.4,29.8,68,34.1,23.2
2026-07-11T18:10:00+05:30,2026-07-11 18:10:00,26.6,27.5,23.7,0,7.2,25.6,100,0,0,0,1.5,8.1,620,84,0,12.8,29.8,68,34.1,23.2
2026-07-11T18:05:00+05:30,2026-07-11 18:05:00,26.7,29.5,23.8,0,5.5,25.6,83,0,0,0,1.5,8.1,620,84,0,16.4,29.8,68,34.1,23.2
2026-07-11T18:00:00+05:30,2026-07-11 18:00:00,26.9,29.8,23.7,0,7.2,25.6,90,0,0,0,1.5,8.1,620,83,0,20.7,29.9,68,34.3,23.3
2026-07-11T17:55:00+05:30,2026-07-11 17:55:00,27,30,23.9,0,5.5,25.6,64,0,0,0,1.5,8.1,620,83,0,24.3,29.9,68,34.3,23.3
2026-07-11T17:50:00+05:30,2026-07-11 17:50:00,27,29.9,23.7,4,9.3,25.6,70,0,0,0,1.5,8.1,620,82,0,28.9,29.9,68,34.3,23.3
2026-07-11T17:45:00+05:30,2026-07-11 17:45:00,27.3,30.6,23.9,6.4,13,25.6,77,0,0,0,1.5,8.1,620,82,0,35.3,30,68,34.6,23.4
2026-07-11T17:41:00+05:30,2026-07-11 17:41:00,27.4,30.7,23.8,1.8,5.5,25.6,112,0,0,0,1.5,8.1,620,81,0,39,30,68,34.6,23.4
2026-07-11T17:35:00+05:30,2026-07-11 17:35:00,27.4,30.7,23.8,1.1,3.5,25.6,78,0,0,0,1.5,8.1,620,81,0,44.5,30.1,68,34.8,23.6
2026-07-11T17:30:00+05:30,2026-07-11 17:30:00,,,,1.4,16.6,25.6,59,0,0,0,1.5,8.1,620,,0,49,30.1,68,34.8,23.6
2026-07-11T17:25:00+05:30,2026-07-11 17:25:00,,,,5.5,13,25.6,56,0,0,0,1.5,8.1,620,,0,51.6,30.2,68,35.1,23.7
2026-07-11T17:20:00+05:30,2026-07-11 17:20:00,,,,6.9,14.8,25.6,124,0,0,0,1.5,8.1,620,,0,67,30.2,68,35.1,23.7
2026-07-11T17:15:00+05:30,2026-07-11 17:15:00,,,,7.6,13,25.6,134,0,0,0,1.5,8.1,620,,0,75.3,30.2,68,35.1,23.7
2026-07-11T17:10:00+05:30,2026-07-11 17:10:00,,,,0.6,1.8,25.6,83,0,0,0,1.5,8.1,620,,0,84.7,30.2,68,35.1,23.7
2026-07-11T17:05:00+05:30,2026-07-11 17:05:00,,,,0,13,25.6,120,0,0,0,1.5,8.1,620,,0,92.9,30.2,68,35.1,23.7
2026-07-11T17:00:00+05:30,2026-07-11 17:00:00,,,,0.3,7.2,25.6,69,0,0,0,1.5,8.1,620,,1,103,30.2,68,35.1,23.7
2026-07-11T16:55:00+05:30,2026-07-11 16:55:00,,,,5.5,9.3,25.6,108,0,0,0,1.5,8.1,620,,1,113.5,30.2,68,35.1,23.7
2026-07-11T16:50:00+05:30,2026-07-11 16:50:00,,,,5.8,9.3,25.6,116,0,0,0,1.5,8.1,620,,1,122.2,30.3,68,35.2,23.7
2026-07-11T16:45:00+05:30,2026-07-11 16:45:00,,,,0.3,16.6,25.6,89,0,0,0,1.5,8.1,620,,1,135,30.3,68,35.2,23.7
2026-07-11T16:40:00+05:30,2026-07-11 16:40:00,,,,2.9,5.5,25.6,58,0,0,0,1.5,8.1,620,,1,152.3,30.3,68,35.2,23.7
2026-07-11T16:35:00+05:30,2026-07-11 16:35:00,,,,0,13,25.6,79,0,0,0,1.5,8.1,620,,1,168.1,30.3,68,35.2,23.7
2026-07-11T16:30:00+05:30,2026-07-11 16:30:00,,,,0.6,13,25.6,115,0,0,0,1.5,8.1,620,,1,183.3,30.3,68,35.2,23.7
2026-07-11T16:25:00+05:30,2026-07-11 16:25:00,,,,0.6,13,25.6,72,0,0,0,1.5,8.1,620,,1,197.7,30.3,68,35.2,23.7
2026-07-11T16:21:00+05:30,2026-07-11 16:21:00,,,,13.4,18.3,25.6,109,0,0,0,1.5,8.1,620,,2,213.8,30.3,69,35.4,23.9
2026-07-11T16:15:00+05:30,2026-07-11 16:15:00,,,,0,13,25.6,191,0,0,0,1.5,8.1,620,,2,213.7,30.3,69,35.4,23.9
2026-07-11T16:10:00+05:30,2026-07-11 16:10:00,,,,4,14.8,25.6,81,0,0,0,1.5,8.1,620,,2,250.8,30.3,69,35.4,23.9
2026-07-11T16:05:00+05:30,2026-07-11 16:05:00,,,,0,13,25.6,72,0,0,0,1.5,8.1,620,,2,267.7,30.3,69,35.4,23.9
2026-07-11T16:00:00+05:30,2026-07-11 16:00:00,,,,4,5.5,25.6,90,0,0,0,1.5,8.1,620,,2,279.2,30.3,69,35.4,23.9
2026-07-11T15:55:00+05:30,2026-07-11 15:55:00,,,,11.1,13,25.6,86,0,0,0,1.5,8.1,620,,2,298,30.3,69,35.4,23.9
2026-07-11T15:50:00+05:30,2026-07-11 15:50:00,,,,1.8,16.6,25.6,115,0,0,0,1.5,8.1,620,,3,318.8,30.3,69,35.4,23.9
2026-07-11T15:45:00+05:30,2026-07-11 15:45:00,,,,0.6,13,25.6,124,0,0,0,1.5,8.1,620,,3,335.9,30.3,69,35.4,23.9
2026-07-11T15:40:00+05:30,2026-07-11 15:40:00,,,,1.1,9.3,25.6,92,0,0,0,1.5,8.1,620,,3,375.3,30.3,69,35.4,23.9
2026-07-11T15:35:00+05:30,2026-07-11 15:35:00,,,,0.3,7.2,25.6,101,0,0,0,1.5,8.1,620,,3,341.6,30.2,69,35.3,23.9
2026-07-11T15:30:00+05:30,2026-07-11 15:30:00,,,,1.4,16.6,25.6,73,0,0,0,1.5,8.1,620,,3,360.1,30.2,69,35.3,23.9
2026-07-11T15:25:00+05:30,2026-07-11 15:25:00,,,,4,7.2,25.6,77,0,0,0,1.5,8.1,620,,4,414.6,30.2,69,35.3,23.9
2026-07-11T15:20:00+05:30,2026-07-11 15:20:00,,,,6.9,7.2,25.6,61,0,0,0,1.5,8.1,620,,4,458.4,30.1,69,35.1,23.8
2026-07-11T15:16:00+05:30,2026-07-11 15:16:00,,,,0.3,25.6,25.6,86,0,0,0,1.5,8.1,620,,4,456.5,30.1,69,35.1,23.8
2026-07-11T15:10:00+05:30,2026-07-11 15:10:00,,,,5,18.3,25.6,78,0,0,0,1.5,8.1,620,,4,467,30.1,70,35.3,24
2026-07-11T15:05:00+05:30,2026-07-11 15:05:00,,,,8.2,16.6,25.6,131,0,0,0,1.5,8.1,620,,4,484.8,30.1,70,35.3,24
2026-07-11T15:00:00+05:30,2026-07-11 15:00:00,,,,3.5,16.6,25.6,67,0,0,0,1.5,8.1,620,,4,505,30.1,70,35.3,24
2026-07-11T14:55:00+05:30,2026-07-11 14:55:00,,,,2.9,14.8,25.6,65,0,0,0,1.5,8.1,620,,5,524.9,30,70,35.1,23.9
2026-07-11T14:50:00+05:30,2026-07-11 14:50:00,,,,0,20.1,25.6,70,0,0,0,1.5,8.1,620,,5,536,30,70,35.1,23.9
2026-07-11T14:45:00+05:30,2026-07-11 14:45:00,,,,2.9,13,21.9,90,0,0,0,1.5,8.1,620,,5,558.7,30,70,35.1,23.9
2026-07-11T14:40:00+05:30,2026-07-11 14:40:00,,,,1.1,11.1,21.9,91,0,0,0,1.5,8.1,620,,4,437,30,70,35.1,23.9
2026-07-11T14:35:00+05:30,2026-07-11 14:35:00,,,,6.4,13,21.9,99,0,0,0,1.5,8.1,620,,4,419.1,29.9,71,35,24.1
2026-07-11T14:30:00+05:30,2026-07-11 14:30:00,,,,4.7,11.1,21.9,51,0,0,0,1.5,8.1,620,,5,614.6,29.9,71,35,24.1
2026-07-11T14:25:00+05:30,2026-07-11 14:25:00,,,,4,13,21.9,73,0,0,0,1.5,8.1,620,,5,604.3,29.8,71,34.7,23.9
2026-07-11T14:20:00+05:30,2026-07-11 14:20:00,,,,0,7.2,21.9,84,0,0,0,1.5,8.1,620,,6,630.4,29.8,71,34.7,23.9
2026-07-11T14:15:00+05:30,2026-07-11 14:15:00,,,,0.3,7.2,21.9,104,0,0,0,1.5,8.1,620,,6,633.8,29.7,71,34.6,23.9
2026-07-11T14:10:00+05:30,2026-07-11 14:10:00,,,,1.4,3.5,21.9,67,0,0,0,1.5,8.1,620,,6,659.5,29.7,72,34.8,24.1
2026-07-11T14:05:00+05:30,2026-07-11 14:05:00,,,,5.8,16.6,21.9,53,0,0,0,1.5,8.1,620,,6,686.5,29.6,72,34.6,24
2026-07-11T14:00:00+05:30,2026-07-11 14:00:00,,,,15.4,20.1,21.9,101,0,0,0,1.5,8.1,620,,7,816.1,29.5,72,34.3,23.9
2026-07-11T13:56:00+05:30,2026-07-11 13:56:00,,,,0,3.5,21.9,69,0,0,0,1.5,8.1,620,,5,515.5,29.5,72,34.3,23.9
2026-07-11T13:50:00+05:30,2026-07-11 13:50:00,,,,2.6,9.3,21.9,91,0,0,0,1.5,8.1,620,,7,723.3,29.4,72,34,23.8
2026-07-11T13:45:00+05:30,2026-07-11 13:45:00,,,,6.4,9.3,21.9,95,0,0,0,1.5,8.1,620,,7,779.9,29.3,72,33.8,23.7
2026-07-11T13:40:00+05:30,2026-07-11 13:40:00,,,,4,7.2,21.9,58,0,0,0,1.5,8.1,620,,1,201.5,29.3,72,33.8,23.7
2026-07-11T13:35:00+05:30,2026-07-11 13:35:00,,,,6.1,14.8,21.9,92,0,0,0,1.5,8.1,620,,7,820.3,29.2,72,33.6,23.7
2026-07-11T13:30:00+05:30,2026-07-11 13:30:00,,,,0.3,16.6,21.9,78,0,0,0,1.5,8.1,620,,3,332,29.1,73,33.6,23.8
2026-07-11T13:25:00+05:30,2026-07-11 13:25:00,,,,0,5.5,21.9,71,0,0,0,1.5,8.1,620,,7,784,29.1,73,33.6,23.8
2026-07-11T13:20:00+05:30,2026-07-11 13:20:00,,,,9.3,13,20.1,110,0,0,0,1.5,8.1,620,,7,766.2,29,73,33.3,23.7
2026-07-11T13:15:00+05:30,2026-07-11 13:15:00,,,,1.1,11.1,20.1,52,0,0,0,1.5,8.1,620,,7,776.7,28.9,73,33.1,23.6
2026-07-11T13:10:00+05:30,2026-07-11 13:10:00,,,,3.2,11.1,20.1,75,0,0,0,1.5,8.1,620,,8,858.8,28.8,73,32.8,23.4
2026-07-11T13:05:00+05:30,2026-07-11 13:05:00,,,,14.3,18.3,20.1,110,0,0,0,1.5,8.1,620,,8,857.7,28.8,73,32.8,23.4
2026-07-11T13:00:00+05:30,2026-07-11 13:00:00,,,,2.9,13,20.1,109,0,0,0,1.5,8.1,620,,4,419,28.8,73,32.8,23.4
2026-07-11T12:55:00+05:30,2026-07-11 12:55:00,,,,0,7.2,20.1,86,0,0,0,1.5,8.1,620,,2,267.5,28.7,73,32.7,23.4
2026-07-11T12:51:00+05:30,2026-07-11 12:51:00,,,,2.6,14.8,20.1,88,0,0,0,1.5,8.1,620,,3,342.9,28.7,74,32.8,23.6
2026-07-11T12:45:00+05:30,2026-07-11 12:45:00,,,,2.1,7.2,20.1,157,0,0,0,1.5,8.1,620,,3,350.9,28.6,74,32.6,23.5
2026-07-11T12:40:00+05:30,2026-07-11 12:40:00,,,,1.4,7.2,20.1,95,0,0,0,1.5,8.1,620,,4,474.9,28.6,74,32.6,23.5
2026-07-11T12:35:00+05:30,2026-07-11 12:35:00,,,,1.1,14.8,20.1,97,0,0,0,1.5,8.1,620,,8,919.6,28.5,74,32.3,23.4
2026-07-11T12:30:00+05:30,2026-07-11 12:30:00,,,,7.9,14.8,20.1,41,0,0,0,1.5,8.1,620,,4,488.1,28.5,75,32.5,23.6
2026-07-11T12:25:00+05:30,2026-07-11 12:25:00,,,,1.1,11.1,20.1,63,0,0,0,1.5,8.1,620,,9,970.9,28.3,75,32,23.4
2026-07-11T12:20:00+05:30,2026-07-11 12:20:00,,,,2.9,5.5,20.1,67,0,0,0,1.5,8.1,620,,6,683,28.3,75,32,23.4
2026-07-11T12:15:00+05:30,2026-07-11 12:15:00,,,,3.5,11.1,20.1,80,0,0,0,1.5,8.1,620,,8,857.9,28.2,75,31.8,23.3
2026-07-11T12:10:00+05:30,2026-07-11 12:10:00,,,,0,7.2,20.1,79,0,0,0,1.5,8.1,620,,8,832.8,28.2,75,31.8,23.3
2026-07-11T12:05:00+05:30,2026-07-11 12:05:00,,,,9.7,18.3,20.1,81,0,0,0,1.5,8.1,620,,8,857.1,28.1,76,31.8,23.4
2026-07-11T12:00:00+05:30,2026-07-11 12:00:00,,,,7.2,11.1,20.1,132,0,0,0,1.5,8.1,620,,3,330.6,28,76,31.5,23.4
2026-07-11T11:55:00+05:30,2026-07-11 11:55:00,,,,4.7,7.2,20.1,59,0,0,0,1.5,8.1,620,,2,284.9,28,76,31.5,23.4
2026-07-11T11:50:00+05:30,2026-07-11 11:50:00,,,,1.4,3.5,20.1,80,0,0,0,1.5,8.1,620,,8,904.1,27.9,76,31.3,23.3
2026-07-11T11:45:00+05:30,2026-07-11 11:45:00,,,,0,7.2,20.1,69,0,0,0,1.5,8.1,620,,8,854.1,27.8,76,31,23.2
2026-07-11T11:40:00+05:30,2026-07-11 11:40:00,,,,1.1,9.3,20.1,97,0,0,0,1.5,8.1,620,,8,854.2,27.8,76,31,23.2
2026-07-11T11:35:00+05:30,2026-07-11 11:35:00,,,,5.8,7.2,20.1,55,0,0,0,1.5,8.1,620,,7,820.7,27.7,76,30.9,23.1
2026-07-11T11:30:00+05:30,2026-07-11 11:30:00,,,,7.6,13,20.1,106,0,0,0,1.5,8.1,620,,7,820.1,27.7,76,30.9,23.1
2026-07-11T11:25:00+05:30,2026-07-11 11:25:00,,,,2.1,13,20.1,99,0,0,0,1.5,8.1,620,,6,710.2,27.7,76,30.9,23.1
2026-07-11T11:20:00+05:30,2026-07-11 11:20:00,,,,2.9,9.3,20.1,84,0,0,0,1.5,8.1,620,,3,327,27.7,76,30.9,23.1
2026-07-11T11:15:00+05:30,2026-07-11 11:15:00,,,,7.2,9.3,20.1,72,0,0,0,1.5,8.1,620,,1,201.3,27.6,76,30.7,23
2026-07-11T11:10:00+05:30,2026-07-11 11:10:00,,,,2.1,9.3,20.1,85,0,0,0,1.5,8.1,620,,1,166,27.6,76,30.7,23
2026-07-11T11:05:00+05:30,2026-07-11 11:05:00,,,,0,11.1,20.1,69,0,0,0,1.5,8.1,620,,1,150.4,27.6,76,30.7,23
2026-07-11T11:00:00+05:30,2026-07-11 11:00:00,,,,0,11.1,20.1,62,0,0,0,1.5,8.1,620,,1,165.1,27.6,76,30.7,23
2026-07-11T10:55:00+05:30,2026-07-11 10:55:00,,,,4.7,9.3,20.1,98,0,0,0,1.5,8.1,620,,2,210.4,27.6,76,30.7,23
2026-07-11T10:50:00+05:30,2026-07-11 10:50:00,,,,8.7,13,20.1,75,0,0,0,1.5,8.1,620,,1,109.2,27.5,76,30.4,22.9
2026-07-11T10:45:00+05:30,2026-07-11 10:45:00,,,,1.1,7.2,20.1,62,0,0,0,1.5,8.1,620,,2,222.6,27.5,76,30.4,22.9
2026-07-11T10:41:00+05:30,2026-07-11 10:41:00,,,,8.2,11.1,20.1,72,0,0,0,1.5,8.1,620,,8,894.5,27.5,76,30.4,22.9
2026-07-11T10:36:00+05:30,2026-07-11 10:36:00,,,,1.1,14.8,20.1,115,0,0,0,1.5,8.1,620,,8,878.3,27.4,76,30.2,22.8
2026-07-11T10:30:00+05:30,2026-07-11 10:30:00,,,,4,11.1,20.1,118,0,0,0,1.5,8.1,620,,8,873,27.4,76,30.2,22.8
2026-07-11T10:25:00+05:30,2026-07-11 10:25:00,,,,0.6,9.3,20.1,72,0,0,0,1.5,8.1,620,,2,270.5,27.4,76,30.2,22.8
2026-07-11T10:20:00+05:30,2026-07-11 10:20:00,,,,6.4,11.1,20.1,114,0,0,0,1.5,8.1,620,,6,632.2,27.4,76,30.2,22.8
2026-07-11T10:16:00+05:30,2026-07-11 10:16:00,,,,0,3.5,20.1,78,0,0,0,1.5,8.1,620,,2,278.7,27.3,76,29.9,22.7
2026-07-11T10:10:00+05:30,2026-07-11 10:10:00,,,,1.4,13,20.1,96,0,0,0,1.5,8.1,620,,3,342.4,27.3,76,29.9,22.7
2026-07-11T10:05:00+05:30,2026-07-11 10:05:00,,,,0,16.6,20.1,69,0,0,0,1.5,8.1,620,,3,310.4,27.2,77,29.9,22.8
2026-07-11T10:00:00+05:30,2026-07-11 10:00:00,,,,0.3,7.2,14.8,93,0,0,0,1.5,8.1,620,,3,388.4,27.2,77,29.9,22.8
2026-07-11T09:55:00+05:30,2026-07-11 09:55:00,,,,5.8,9.3,14.8,73,0,0,0,1.5,8.1,620,,6,707,27.1,77,29.7,22.7
2026-07-11T09:50:00+05:30,2026-07-11 09:50:00,,,,0.6,5.5,14.8,124,0,0,0,1.5,8.1,620,,6,691.7,27.1,77,29.7,22.7
2026-07-11T09:45:00+05:30,2026-07-11 09:45:00,,,,0,5.5,14.8,68,0,0,0,1.5,8.1,620,,6,633.4,27,77,29.4,22.6
2026-07-11T09:40:00+05:30,2026-07-11 09:40:00,,,,0.3,11.1,14.8,104,0,0,0,1.5,8.1,620,,6,624.5,27,77,29.4,22.6
2026-07-11T09:35:00+05:30,2026-07-11 09:35:00,,,,0,3.5,14.8,89,0,0,0,1.5,8.1,620,,5,600.5,27,77,29.4,22.6
2026-07-11T09:30:00+05:30,2026-07-11 09:30:00,,,,2.9,7.2,14.8,80,0,0,0,1.5,8.1,620,,2,247.5,26.9,76,29.2,22.3
2026-07-11T09:25:00+05:30,2026-07-11 09:25:00,,,,2.6,5.5,14.8,71,0,0,0,1.5,8.1,620,,3,310.4,26.9,76,29.2,22.3
2026-07-11T09:20:00+05:30,2026-07-11 09:20:00,,,,2.6,13,14.8,65,0,0,0,1.5,8.1,620,,2,259,26.9,76,29.2,22.3
2026-07-11T09:15:00+05:30,2026-07-11 09:15:00,,,,0,5.5,14.8,85,0,0,0,1.5,8.1,620,,2,224.4,26.9,76,29.2,22.3
2026-07-11T09:11:00+05:30,2026-07-11 09:11:00,,,,0.6,3.5,14.8,96,0,0,0,1.5,8.1,620,,5,537.3,26.9,76,29.2,22.3
2026-07-11T09:05:00+05:30,2026-07-11 09:05:00,,,,0,9.3,14.8,80,0,0,0,1.5,8.1,620,,1,184.6,26.9,76,29.2,22.3
2026-07-11T09:00:00+05:30,2026-07-11 09:00:00,,,,0.6,9.3,14.8,77,0,0,0,1.5,8.1,620,,1,168.6,26.8,76,28.9,22.2
2026-07-11T08:55:00+05:30,2026-07-11 08:55:00,,,,0,11.1,14.8,75,0,0,0,1.5,8.1,620,,4,510.9,26.8,76,28.9,22.2
2026-07-11T08:50:00+05:30,2026-07-11 08:50:00,,,,2.9,11.1,14.8,108,0,0,0,1.5,8.1,620,,2,242.7,26.8,76,28.9,22.2
2026-07-11T08:45:00+05:30,2026-07-11 08:45:00,,,,5.8,9.3,14.8,108,0,0,0,1.5,8.1,620,,2,245.2,26.8,76,28.9,22.2
2026-07-11T08:40:00+05:30,2026-07-11 08:40:00,,,,3.5,7.2,14.8,98,0,0,0,1.5,8.1,620,,1,202.1,26.8,76,28.9,22.2
2026-07-11T08:35:00+05:30,2026-07-11 08:35:00,,,,4,7.2,14.8,111,0,0,0,1.5,8.1,620,,1,200.6,26.8,76,28.9,22.2
2026-07-11T08:30:00+05:30,2026-07-11 08:30:00,,,,0,0,14.8,79,0,0,0,1.5,8.1,620,,1,121.5,26.8,76,28.9,22.2
2026-07-11T08:25:00+05:30,2026-07-11 08:25:00,,,,0,1.8,14.8,96,0,0,0,1.5,8.1,620,,1,150.7,26.8,76,28.9,22.2
2026-07-11T08:20:00+05:30,2026-07-11 08:20:00,,,,0,5.5,14.8,77,0,0,0,1.5,8.1,620,,1,137.9,26.8,76,28.9,22.2
2026-07-11T08:15:00+05:30,2026-07-11 08:15:00,,,,1.1,7.2,14.8,82,0,0,0,1.5,8.1,620,,1,141.8,26.8,76,28.9,22.2
2026-07-11T08:10:00+05:30,2026-07-11 08:10:00,,,,3.5,5.5,14.8,75,0,0,0,1.5,8.1,620,,1,108.8,26.8,76,28.9,22.2
2026-07-11T08:06:00+05:30,2026-07-11 08:06:00,,,,0,1.8,14.8,83,0,0,0,1.5,8.1,620,,1,112.6,26.8,76,28.9,22.2
2026-07-11T08:00:00+05:30,2026-07-11 08:00:00,,,,0,7.2,14.8,69,0,0,0,1.5,8.1,620,,0,86.2,26.8,76,28.9,22.2
2026-07-11T07:55:00+05:30,2026-07-11 07:55:00,,,,4,5.5,14.8,73,0,0,0,1.5,8.1,620,,1,133.6,26.8,76,28.9,22.2
2026-07-11T07:50:00+05:30,2026-07-11 07:50:00,,,,0,0,14.8,80,0,0,0,1.5,8.1,620,,1,102.9,26.7,76,28.8,22.1
2026-07-11T07:45:00+05:30,2026-07-11 07:45:00,,,,0,0,14.8,71,0,0,0,1.5,8.1,620,,1,107,26.7,76,28.8,22.1
2026-07-11T07:40:00+05:30,2026-07-11 07:40:00,,,,0,3.5,14.8,75,0,0,0,1.5,8.1,620,,0,91.7,26.7,76,28.8,22.1
2026-07-11T07:35:00+05:30,2026-07-11 07:35:00,,,,0,0,14.8,70,0,0,0,1.5,8.1,620,,0,85.4,26.7,76,28.8,22.1
2026-07-11T07:30:00+05:30,2026-07-11 07:30:00,,,,1.8,5.5,14.8,50,0,0,0,1.5,8.1,620,,0,75.5,26.7,76,28.8,22.1
2026-07-11T07:25:00+05:30,2026-07-11 07:25:00,,,,0.3,1.8,14.8,90,0,0,0,1.5,8.1,620,,0,71.3,26.7,76,28.8,22.1
2026-07-11T07:20:00+05:30,2026-07-11 07:20:00,,,,2.6,7.2,14.8,83,0,0,0,1.5,8.1,620,,0,62.3,26.7,76,28.8,22.1
2026-07-11T07:15:00+05:30,2026-07-11 07:15:00,24.1,25.1,23.4,1.1,1.8,14.8,73,0,0,0,1.5,8.1,620,96,0,59.9,26.7,76,28.8,22.1
2026-07-11T07:10:00+05:30,2026-07-11 07:10:00,24,25,23.3,1.4,5.5,14.8,97,0,0,0,1.5,8.1,620,96,0,53.9,26.7,76,28.8,22.1
2026-07-11T07:05:00+05:30,2026-07-11 07:05:00,24,25,23.3,0.6,7.2,14.8,71,0,0,0,1.5,8.1,620,96,0,47.3,26.7,76,28.8,22.1
2026-07-11T07:01:00+05:30,2026-07-11 07:01:00,23.9,24.8,23.2,2.6,5.5,14.8,79,0,0,0,1.5,8.1,620,96,0,50.1,26.7,76,28.8,22.1
2026-07-11T06:55:00+05:30,2026-07-11 06:55:00,23.8,24.7,23.3,0,0,14.8,75,0,0,0,1.5,8.1,620,97,0,46.4,26.7,76,28.8,22.1
2026-07-11T06:50:00+05:30,2026-07-11 06:50:00,23.7,24.7,23.2,0.3,9.3,14.8,73,0,0,0,1.5,8.1,620,97,0,40.3,26.7,76,28.8,22.1
2026-07-11T06:45:00+05:30,2026-07-11 06:45:00,23.6,24.6,23.1,2.6,7.2,14.8,78,0,0,0,1.5,8.1,620,97,0,37.7,26.8,76,28.9,22.2
2026-07-11T06:40:00+05:30,2026-07-11 06:40:00,,,,3.5,9.3,14.8,66,0,0,0,1.5,8.1,620,,0,30.9,26.8,76,28.9,22.2
2026-07-11T06:35:00+05:30,2026-07-11 06:35:00,,,,0,3.5,14.8,71,0,0,0,1.5,8.1,620,,0,19.3,26.8,76,28.9,22.2
2026-07-11T06:30:00+05:30,2026-07-11 06:30:00,,,,4.3,5.5,14.8,85,0,0,0,1.5,8.1,620,,0,20.3,26.8,75,28.8,21.9
2026-07-11T06:25:00+05:30,2026-07-11 06:25:00,,,,0,0,14.8,69,0,0,0,1.5,8.1,620,,0,18.8,26.8,75,28.8,21.9
2026-07-11T06:20:00+05:30,2026-07-11 06:20:00,,,,4,7.2,14.8,87,0,0,0,1.5,8.1,620,,0,13,26.8,76,28.9,22.2
2026-07-11T06:15:00+05:30,2026-07-11 06:15:00,,,,0,0,14.8,93,0,0,0,1.5,8.1,620,,0,8,26.8,76,28.9,22.2
2026-07-11T06:10:00+05:30,2026-07-11 06:10:00,,,,0.6,3.5,14.8,79,0,0,0,1.5,8.1,620,,0,5.7,26.8,76,28.9,22.2
2026-07-11T06:05:00+05:30,2026-07-11 06:05:00,,,,2.9,5.5,14.8,84,0,0,0,1.5,8.1,620,,0,3.3,26.8,75,28.8,21.9
2026-07-11T06:00:00+05:30,2026-07-11 06:00:00,,,,1.8,3.5,14.8,91,0,0,0,1.5,8.1,620,,0,1.8,26.8,75,28.8,21.9
2026-07-11T05:55:00+05:30,2026-07-11 05:55:00,,,,5.5,9.3,14.8,73,0,0,0,1.5,8.1,620,,0,1.1,26.8,75,28.8,21.9
2026-07-11T05:50:00+05:30,2026-07-11 05:50:00,,,,0,7.2,14.8,82,0,0,0,1.5,8.1,620,,0,0.7,26.8,75,28.8,21.9
2026-07-11T05:45:00+05:30,2026-07-11 05:45:00,23.5,24.4,23,0,13,14.8,86,0,0,0,1.5,8.1,620,97,0,0.3,26.8,75,28.8,21.9
2026-07-11T05:41:00+05:30,2026-07-11 05:41:00,23.5,24.5,23.2,2.9,7.2,14.8,83,0,0,0,1.5,8.1,620,98,0,0.1,26.8,75,28.8,21.9
2026-07-11T05:35:00+05:30,2026-07-11 05:35:00,,,,0,9.3,14.8,84,0,0,0,1.5,8.1,620,,0,0,26.8,75,28.8,21.9
2026-07-11T05:30:00+05:30,2026-07-11 05:30:00,,,,0,9.3,14.8,64,0,0,0,1.5,8.1,620,,0,0,26.8,75,28.8,21.9
2026-07-11T05:25:00+05:30,2026-07-11 05:25:00,23.5,24.5,23.2,5,7.2,14.8,78,0,0,0,1.5,8.1,620,98,0,0,26.9,75,29.1,22.1
2026-07-11T05:20:00+05:30,2026-07-11 05:20:00,23.5,24.5,23.2,4.7,5.5,14.8,88,0,0,0,1.5,8.1,620,98,0,0,26.9,75,29.1,22.1
2026-07-11T05:15:00+05:30,2026-07-11 05:15:00,23.5,24.5,23.3,4.7,7.2,14.8,71,0,0,0,1.5,8.1,620,99,0,0,26.9,75,29.1,22.1
2026-07-11T05:10:00+05:30,2026-07-11 05:10:00,23.5,24.5,23.3,1.4,9.3,14.8,96,0,0,0,1.5,8.1,620,99,0,0,26.9,75,29.1,22.1
2026-07-11T05:05:00+05:30,2026-07-11 05:05:00,23.5,24.5,23.3,2.1,5.5,14.8,72,0,0,0,1.5,8.1,620,99,0,0,26.9,75,29.1,22.1
2026-07-11T05:00:00+05:30,2026-07-11 05:00:00,23.5,24.5,23.3,0,9.3,14.8,70,0,0,0,1.5,8.1,620,99,0,0,26.9,75,29.1,22.1
2026-07-11T04:55:00+05:30,2026-07-11 04:55:00,23.5,24.5,23.3,4.7,7.2,14.8,71,0,0,0,1.5,8.1,620,99,0,0,26.9,75,29.1,22.1
2026-07-11T04:50:00+05:30,2026-07-11 04:50:00,23.5,24.5,23.3,0.6,1.8,14.8,76,0,0,0,1.5,8.1,620,99,0,0,26.9,75,29.1,22.1
2026-07-11T04:45:00+05:30,2026-07-11 04:45:00,23.4,24.4,23.2,5.5,5.5,14.8,85,0,0,0,1.5,8.1,620,99,0,0,27,75,29.3,22.2
2026-07-11T04:40:00+05:30,2026-07-11 04:40:00,23.4,24.4,23.2,1.8,5.5,14.8,69,0,0,0,1.5,8.1,620,99,0,0,26.9,75,29.1,22.1
2026-07-11T04:36:00+05:30,2026-07-11 04:36:00,23.4,24.4,23.2,5,7.2,14.8,90,0,0,0,1.5,8.1,620,99,0,0,27,75,29.3,22.2
2026-07-11T04:30:00+05:30,2026-07-11 04:30:00,23.4,24.4,23.2,0,0,14.8,74,0,0,0,1.5,8.1,620,99,0,0,27,75,29.3,22.2
2026-07-11T04:25:00+05:30,2026-07-11 04:25:00,23.4,24.4,23.2,0,3.5,14.8,75,0,0,0,1.5,8.1,620,99,0,0,27,75,29.3,22.2
2026-07-11T04:20:00+05:30,2026-07-11 04:20:00,23.4,24.4,23.2,0,5.5,14.8,77,0,0,0,1.5,8.1,620,99,0,0,27,75,29.3,22.2
2026-07-11T04:15:00+05:30,2026-07-11 04:15:00,23.5,24.5,23.3,0,0,14.8,80,0,0,0,1.5,8.1,620,99,0,0,27,75,29.3,22.2
2026-07-11T04:10:00+05:30,2026-07-11 04:10:00,23.4,24.4,23.2,0,0,14.8,71,0,0,0,1.5,8.1,620,99,0,0,27,75,29.3,22.2
2026-07-11T04:05:00+05:30,2026-07-11 04:05:00,23.5,24.5,23.3,2.6,3.5,14.8,60,0,0,0,1.5,8.1,620,99,0,0,27,75,29.3,22.2
2026-07-11T04:00:00+05:30,2026-07-11 04:00:00,23.4,24.4,23.2,2.1,7.2,14.8,102,0,0,0,1.5,8.1,620,99,0,0,27,75,29.3,22.2
2026-07-11T03:55:00+05:30,2026-07-11 03:55:00,,,,0,3.5,14.8,77,0,0,0,1.5,8.1,620,,0,0,27,75,29.3,22.2
2026-07-11T03:50:00+05:30,2026-07-11 03:50:00,,,,1.4,3.5,13,73,0,0,0,1.5,8.1,620,,0,0,27,75,29.3,22.2
2026-07-11T03:45:00+05:30,2026-07-11 03:45:00,,,,2.9,5.5,13,70,0,0,0,1.5,8.1,620,,0,0,27.1,75,29.5,22.3
2026-07-11T03:40:00+05:30,2026-07-11 03:40:00,,,,3.5,5.5,13,90,0,0,0,1.5,8.1,620,,0,0,27.1,75,29.5,22.3
2026-07-11T03:35:00+05:30,2026-07-11 03:35:00,,,,1.1,5.5,13,100,0,0,0,1.5,8.1,620,,0,0,27.1,75,29.5,22.3
2026-07-11T03:31:00+05:30,2026-07-11 03:31:00,,,,3.5,5.5,13,86,0,0,0,1.5,8.1,620,,0,0,27.1,75,29.5,22.3
2026-07-11T03:25:00+05:30,2026-07-11 03:25:00,,,,2.9,3.5,13,74,0,0,0,1.5,8.1,620,,0,0,27.1,75,29.5,22.3
2026-07-11T03:20:00+05:30,2026-07-11 03:20:00,,,,5.8,7.2,13,104,0,0,0,1.5,8.1,620,,0,0,27.1,75,29.5,22.3
2026-07-11T03:15:00+05:30,2026-07-11 03:15:00,,,,1.4,7.2,13,83,0,0,0,1.5,8.1,620,,0,0,27.1,75,29.5,22.3
2026-07-11T03:10:00+05:30,2026-07-11 03:10:00,,,,0,9.3,13,77,0,0,0,1.5,8.1,620,,0,0,27.1,75,29.5,22.3
2026-07-11T03:05:00+05:30,2026-07-11 03:05:00,,,,0,1.8,13,79,0,0,0,1.5,8.1,620,,0,0,27.2,75,29.7,22.4
2026-07-11T03:00:00+05:30,2026-07-11 03:00:00,,,,0.3,1.8,13,71,0,0,0,1.5,8.1,620,,0,0,27.2,75,29.7,22.4
2026-07-11T02:55:00+05:30,2026-07-11 02:55:00,,,,0.3,11.1,13,73,0,0,0,1.5,8.1,620,,0,0,27.2,74,29.6,22.2
2026-07-11T02:50:00+05:30,2026-07-11 02:50:00,,,,0,0,13,74,0,0,0,1.5,8.1,620,,0,0,27.2,74,29.6,22.2
2026-07-11T02:45:00+05:30,2026-07-11 02:45:00,23.3,24.2,23.1,1.8,5.5,13,88,0,0,0,1.5,8.1,620,99,0,0,27.2,74,29.6,22.2
2026-07-11T02:40:00+05:30,2026-07-11 02:40:00,,,,0,5.5,13,72,0,0,0,1.5,8.1,620,,0,0,27.2,74,29.6,22.2
2026-07-11T02:35:00+05:30,2026-07-11 02:35:00,,,,1.1,7.2,13,81,0,0,0,1.5,8.1,620,,0,0,27.3,74,29.7,22.2
2026-07-11T02:30:00+05:30,2026-07-11 02:30:00,,,,6.4,9.3,13,124,0,0,0,1.5,8.1,620,,0,0,27.3,74,29.7,22.2
2026-07-11T02:25:00+05:30,2026-07-11 02:25:00,,,,2.6,7.2,13,102,0,0,0,1.5,8.1,620,,0,0,27.3,74,29.7,22.2
2026-07-11T02:20:00+05:30,2026-07-11 02:20:00,,,,4.7,9.3,13,65,0,0,0,1.5,8.1,620,,0,0,27.3,74,29.7,22.2
2026-07-11T02:15:00+05:30,2026-07-11 02:15:00,,,,0,3.5,13,69,0,0,0,1.5,8.1,620,,0,0,27.3,74,29.7,22.2
2026-07-11T02:10:00+05:30,2026-07-11 02:10:00,,,,0,0,13,56,0,0,0,1.5,8.1,620,,0,0,27.3,74,29.7,22.2
2026-07-11T02:05:00+05:30,2026-07-11 02:05:00,,,,0,0,13,66,0,0,0,1.5,8.1,620,,0,0,27.3,73,29.6,22
2026-07-11T02:00:00+05:30,2026-07-11 02:00:00,,,,0,1.8,13,72,0,0,0,1.5,8.1,620,,0,0,27.3,73,29.6,22
2026-07-11T01:55:00+05:30,2026-07-11 01:55:00,,,,0,3.5,13,90,0,0,0,1.5,8.1,620,,0,0,27.4,73,29.8,22.1
2026-07-11T01:50:00+05:30,2026-07-11 01:50:00,,,,0.3,5.5,13,102,0,0,0,1.5,8.1,620,,0,0,27.3,73,29.6,22
2026-07-11T01:45:00+05:30,2026-07-11 01:45:00,,,,1.1,5.5,13,90,0,0,0,1.5,8.1,620,,0,0,27.4,73,29.8,22.1
2026-07-11T01:40:00+05:30,2026-07-11 01:40:00,,,,0,0,13,73,0,0,0,1.5,8.1,620,,0,0,27.4,73,29.8,22.1
2026-07-11T01:35:00+05:30,2026-07-11 01:35:00,,,,0,7.2,13,85,0,0,0,1.5,8.1,620,,0,0,27.4,73,29.8,22.1
2026-07-11T01:30:00+05:30,2026-07-11 01:30:00,,,,0,7.2,13,68,0,0,0,1.5,8.1,620,,0,0,27.4,73,29.8,22.1
2026-07-11T01:25:00+05:30,2026-07-11 01:25:00,,,,2.9,5.5,13,68,0,0,0,1.5,8.1,620,,0,0,27.4,73,29.8,22.1
2026-07-11T01:20:00+05:30,2026-07-11 01:20:00,,,,3.5,5.5,13,47,0,0,0,1.5,8.1,620,,0,0,27.4,73,29.8,22.1
2026-07-11T01:15:00+05:30,2026-07-11 01:15:00,,,,0,0,13,70,0,0,0,1.5,8.1,620,,0,0,27.4,73,29.8,22.1
2026-07-11T01:10:00+05:30,2026-07-11 01:10:00,,,,1.1,5.5,13,88,0,0,0,1.5,8.1,620,,0,0,27.4,73,29.8,22.1
2026-07-11T01:06:00+05:30,2026-07-11 01:06:00,,,,2.1,9.3,13,101,0,0,0,1.5,8.1,620,,0,0,27.4,73,29.8,22.1
2026-07-11T01:00:00+05:30,2026-07-11 01:00:00,,,,0.6,9.3,13,80,0,0,0,1.5,8.1,620,,0,0,27.4,73,29.8,22.1
2026-07-11T00:55:00+05:30,2026-07-11 00:55:00,,,,0.6,5.5,13,94,0,0,0,1.5,8.1,620,,0,0,27.4,73,29.8,22.1
2026-07-11T00:50:00+05:30,2026-07-11 00:50:00,,,,2.6,3.5,13,99,0,0,0,1.5,8.1,620,,0,0,27.5,73,30.1,22.2
2026-07-11T00:45:00+05:30,2026-07-11 00:45:00,,,,0,3.5,13,74,0,0,0,1.5,8.1,620,,0,0,27.5,73,30.1,22.2
2026-07-11T00:40:00+05:30,2026-07-11 00:40:00,,,,0,5.5,13,87,0,0,0,1.5,8.1,620,,0,0,27.5,73,30.1,22.2
2026-07-11T00:35:00+05:30,2026-07-11 00:35:00,,,,0,11.1,13,81,0,0,0,1.5,8.1,620,,0,0,27.5,73,30.1,22.2
2026-07-11T00:30:00+05:30,2026-07-11 00:30:00,24.2,25.2,23.2,2.9,7.2,13,102,0,0,0,1.5,8.1,620,94,0,0,27.5,73,30.1,22.2
2026-07-11T00:25:00+05:30,2026-07-11 00:25:00,24.2,25.2,23.2,2.1,7.2,13,74,0,0,0,1.5,8.1,620,94,0,0,27.5,73,30.1,22.2
2026-07-11T00:20:00+05:30,2026-07-11 00:20:00,24.2,25.2,23.2,3.5,7.2,13,74,0,0,0,1.5,8.1,620,94,0,0,27.5,73,30.1,22.2
2026-07-11T00:15:00+05:30,2026-07-11 00:15:00,24.2,25.2,23.2,1.8,3.5,13,87,0,0,0,1.5,8.1,620,94,0,0,27.5,73,30.1,22.2
2026-07-11T00:10:00+05:30,2026-07-11 00:10:00,24.2,25.2,23.2,0,0,13,73,0,0,0,1.5,8.1,620,94,0,0,27.5,72,29.9,22
2026-07-11T00:05:00+05:30,2026-07-11 00:05:00,24.3,25.2,23.1,2.1,13,13,78,0,0,0,1.5,8.1,620,93,0,0,27.6,72,30.2,22.1
2026-07-11T00:01:00+05:30,2026-07-11 00:01:00,24.3,25.2,23.1,0.3,9.3,9.3,59,0,0,0,1.5,8.1,620,93,0,0,27.6,72,30.2,22.1
2026-07-10T23:55:00+05:30,2026-07-10 23:55:00,24.3,25.2,23.1,3.5,9.3,23.8,92,0,0,0,1.5,8.1,620,93,0,0,27.6,72,30.2,22.1
2026-07-10T23:50:00+05:30,2026-07-10 23:50:00,24.3,25.2,23.1,2.1,13,23.8,117,0,0,0,1.5,8.1,620,93,0,0,27.6,73,30.3,22.3
2026-07-10T23:45:00+05:30,2026-07-10 23:45:00,24.2,25.2,23.2,0,13,23.8,79,0,0,0,1.5,8.1,620,94,0,0,27.6,73,30.3,22.3
2026-07-10T23:40:00+05:30,2026-07-10 23:40:00,24.2,25.2,23.2,0,7.2,23.8,71,0,0,0,1.5,8.1,620,94,0,0,27.6,72,30.2,22.1
2026-07-10T23:35:00+05:30,2026-07-10 23:35:00,24.1,25.1,23.3,0,5.5,23.8,75,0,0,0,1.5,8.1,620,95,0,0,27.7,72,30.4,22.2
2026-07-10T23:30:00+05:30,2026-07-10 23:30:00,24.1,25.1,23.3,2.1,7.2,23.8,107,0,0,0,1.5,8.1,620,95,0,0,27.7,72,30.4,22.2
2026-07-10T23:25:00+05:30,2026-07-10 23:25:00,24.1,25.1,23.3,3.5,11.1,23.8,112,0,0,0,1.5,8.1,620,95,0,0,27.7,72,30.4,22.2
2026-07-10T23:20:00+05:30,2026-07-10 23:20:00,24.2,25.2,23.4,3.5,7.2,23.8,58,0,0,0,1.5,8.1,620,95,0,0,27.7,72,30.4,22.2
2026-07-10T23:15:00+05:30,2026-07-10 23:15:00,24.3,25.2,23.2,3.2,16.6,23.8,122,0,0,0,1.5,8.1,620,94,0,0,27.8,72,30.5,22.3
2026-07-10T23:10:00+05:30,2026-07-10 23:10:00,24.3,25.2,23.2,4,7.2,23.8,114,0,0,0,1.5,8.1,620,94,0,0,27.8,72,30.5,22.3
2026-07-10T23:05:00+05:30,2026-07-10 23:05:00,24.3,25.2,23.2,0,7.2,23.8,76,0,0,0,1.5,8.1,620,94,0,0,27.8,72,30.5,22.3
2026-07-10T23:00:00+05:30,2026-07-10 23:00:00,24.4,25.3,23.4,0.3,13,23.8,69,0,0,0,1.5,8.1,620,94,0,0,27.8,72,30.5,22.3
2026-07-10T22:56:00+05:30,2026-07-10 22:56:00,24.4,25.3,23.4,6.4,11.1,23.8,77,0,0,0,1.5,8.1,620,94,0,0,27.9,72,30.7,22.4
2026-07-10T22:50:00+05:30,2026-07-10 22:50:00,24.3,25.2,23.2,6.4,13,23.8,138,0,0,0,1.5,8.1,620,94,0,0,27.9,72,30.7,22.4
2026-07-10T22:45:00+05:30,2026-07-10 22:45:00,24.3,25.2,23.2,6.1,9.3,23.8,131,0,0,0,1.5,8.1,620,94,0,0,27.9,72,30.7,22.4
2026-07-10T22:40:00+05:30,2026-07-10 22:40:00,24.3,25.2,23.4,0,5.5,23.8,62,0,0,0,1.5,8.1,620,95,0,0,27.9,72,30.7,22.4
2026-07-10T22:35:00+05:30,2026-07-10 22:35:00,24.3,25.2,23.4,0,7.2,23.8,71,0,0,0,1.5,8.1,620,95,0,0,28,72,30.9,22.4
2026-07-10T22:30:00+05:30,2026-07-10 22:30:00,24.2,25.2,23.4,0,1.8,23.8,66,0,0,0,1.5,8.1,620,95,0,0,28,72,30.9,22.4
2026-07-10T22:25:00+05:30,2026-07-10 22:25:00,24.2,25.2,23.4,4,9.3,23.8,95,0,0,0,1.5,8.1,620,95,0,0,28,72,30.9,22.4
2026-07-10T22:20:00+05:30,2026-07-10 22:20:00,24.2,25.2,23.4,2.1,5.5,23.8,99,0,0,0,1.5,8.1,620,95,0,0,28,72,30.9,22.4
2026-07-10T22:15:00+05:30,2026-07-10 22:15:00,24.2,25.2,23.5,0,1.8,23.8,58,0,0,0,1.5,8.1,620,96,0,0,28,72,30.9,22.4
2026-07-10T22:10:00+05:30,2026-07-10 22:10:00,24.3,25.2,23.4,0,0,23.8,74,0,0,0,1.5,8.1,620,95,0,0,28,72,30.9,22.4
2026-07-10T22:05:00+05:30,2026-07-10 22:05:00,24.4,25.4,23.5,0,5.5,23.8,76,0,0,0,1.5,8.1,620,95,0,0,28,72,30.9,22.4
2026-07-10T22:00:00+05:30,2026-07-10 22:00:00,24.4,25.3,23.4,2.9,9.3,23.8,99,0,0,0,1.5,8.1,620,94,0,0,28,72,30.9,22.4
2026-07-10T21:55:00+05:30,2026-07-10 21:55:00,24.4,25.3,23.4,1.4,5.5,23.8,55,0,0,0,1.5,8.1,620,94,0,0,28.1,72,31.2,22.6
2026-07-10T21:51:00+05:30,2026-07-10 21:51:00,24.4,25.3,23.4,1.1,7.2,23.8,129,0,0,0,1.5,8.1,620,94,0,0,28.1,71,31,22.3
2026-07-10T21:45:00+05:30,2026-07-10 21:45:00,24.4,25.3,23.4,6.9,9.3,23.8,98,0,0,0,1.5,8.1,620,94,0,0,28.1,71,31,22.3
2026-07-10T21:40:00+05:30,2026-07-10 21:40:00,24.3,25.2,23.4,2.6,3.5,23.8,75,0,0,0,1.5,8.1,620,95,0,0,28.2,71,31.2,22.4
2026-07-10T21:35:00+05:30,2026-07-10 21:35:00,24.3,25.2,23.4,1.1,5.5,23.8,78,0,0,0,1.5,8.1,620,95,0,0,28.2,71,31.2,22.4
2026-07-10T21:30:00+05:30,2026-07-10 21:30:00,24.3,25.2,23.4,0.3,1.8,23.8,72,0,0,0,1.5,8.1,620,95,0,0,28.2,71,31.2,22.4
2026-07-10T21:25:00+05:30,2026-07-10 21:25:00,24.5,25.5,23.5,0,0,23.8,70,0,0,0,1.5,8.1,620,94,0,0,28.2,71,31.2,22.4
2026-07-10T21:20:00+05:30,2026-07-10 21:20:00,24.5,25.4,23.3,2.9,5.5,23.8,86,0,0,0,1.5,8.1,620,93,0,0,28.2,71,31.2,22.4
2026-07-10T21:15:00+05:30,2026-07-10 21:15:00,24.6,25.6,23.4,4,7.2,23.8,104,0,0,0,1.5,8.1,620,93,0,0,28.2,71,31.2,22.4
2026-07-10T21:10:00+05:30,2026-07-10 21:10:00,24.6,25.6,23.4,5,5.5,23.8,98,0,0,0,1.5,8.1,620,93,0,0,28.3,71,31.4,22.5
2026-07-10T21:05:00+05:30,2026-07-10 21:05:00,24.7,25.7,23.3,0,0,23.8,98,0,0,0,1.5,8.1,620,92,0,0,28.3,71,31.4,22.5
2026-07-10T21:00:00+05:30,2026-07-10 21:00:00,24.6,25.5,23.2,0,0,23.8,70,0,0,0,1.5,8.1,620,92,0,0,28.3,71,31.4,22.5
2026-07-10T20:55:00+05:30,2026-07-10 20:55:00,24.6,25.6,23.4,1.1,5.5,23.8,79,0,0,0,1.5,8.1,620,93,0,0,28.3,71,31.4,22.5
2026-07-10T20:50:00+05:30,2026-07-10 20:50:00,24.6,25.6,23.4,0,7.2,23.8,67,0,0,0,1.5,8.1,620,93,0,0,28.3,71,31.4,22.5
2026-07-10T20:45:00+05:30,2026-07-10 20:45:00,24.6,25.6,23.4,0,7.2,23.8,91,0,0,0,1.5,8.1,620,93,0,0,28.3,71,31.4,22.5
2026-07-10T20:40:00+05:30,2026-07-10 20:40:00,24.6,25.6,23.4,2.9,9.3,23.8,81,0,0,0,1.5,8.1,620,93,0,0,28.4,71,31.6,22.6
2026-07-10T20:35:00+05:30,2026-07-10 20:35:00,24.5,25.4,23.3,3.5,11.1,23.8,80,0,0,0,1.5,8.1,620,93,0,0,28.4,71,31.6,22.6
2026-07-10T20:30:00+05:30,2026-07-10 20:30:00,24.6,25.5,23.2,10.5,13,23.8,84,0,0,0,1.5,8.1,620,92,0,0,28.4,71,31.6,22.6
2026-07-10T20:25:00+05:30,2026-07-10 20:25:00,24.6,25.5,23.2,0,5.5,23.8,74,0,0,0,1.5,8.1,620,92,0,0,28.5,71,31.8,22.7
2026-07-10T20:20:00+05:30,2026-07-10 20:20:00,24.7,25.7,23.3,1.8,18.3,23.8,76,0,0,0,1.5,8.1,620,92,0,0,28.5,71,31.8,22.7
2026-07-10T20:15:00+05:30,2026-07-10 20:15:00,24.6,25.5,23,4.3,11.1,23.8,93,0,0,0,1.5,8.1,620,91,0,0,28.5,71,31.8,22.7
2026-07-10T20:10:00+05:30,2026-07-10 20:10:00,24.6,25.5,23.2,5,7.2,23.8,70,0,0,0,1.5,8.1,620,92,0,0,28.6,71,32.1,22.8
2026-07-10T20:05:00+05:30,2026-07-10 20:05:00,24.6,25.6,23.4,0.3,5.5,23.8,80,0,0,0,1.5,8.1,620,93,0,0,28.6,71,32.1,22.8
2026-07-10T20:00:00+05:30,2026-07-10 20:00:00,24.6,25.6,23.6,0,5.5,23.8,91,0,0,0,1.5,8.1,620,94,0,0,28.6,71,32.1,22.8
2026-07-10T19:55:00+05:30,2026-07-10 19:55:00,24.7,25.7,23.7,0.6,9.3,23.8,77,0,0,0,1.5,8.1,620,94,0,0,28.7,71,32.3,22.9
2026-07-10T19:50:00+05:30,2026-07-10 19:50:00,25,26,23.8,5.5,9.3,23.8,101,0,0,0,1.5,8.1,620,93,0,0,28.7,71,32.3,22.9
2026-07-10T19:45:00+05:30,2026-07-10 19:45:00,25,26,23.6,2.6,14.8,23.8,107,0,0,0,1.5,8.1,620,92,0,0,28.7,71,32.3,22.9
2026-07-10T19:40:00+05:30,2026-07-10 19:40:00,25,25.9,23.4,2.9,14.8,23.8,101,0,0,0,1.5,8.1,620,91,0,0,28.8,71,32.4,23
2026-07-10T19:35:00+05:30,2026-07-10 19:35:00,25.1,26.1,23.7,0.3,7.2,23.8,91,0,0,0,1.5,8.1,620,92,0,0,28.8,71,32.4,23
2026-07-10T19:30:00+05:30,2026-07-10 19:30:00,25.1,26.1,23.9,4,13,23.8,63,0,0,0,1.5,8.1,620,93,0,0,28.8,71,32.4,23
2026-07-10T19:26:00+05:30,2026-07-10 19:26:00,25.1,26.1,23.7,2.6,14.8,23.8,76,0,0,0,1.5,8.1,620,92,0,0,28.9,71,32.7,23.1
2026-07-10T19:20:00+05:30,2026-07-10 19:20:00,25.1,26.1,23.7,1.1,7.2,23.8,113,0,0,0,1.5,8.1,620,92,0,0,28.9,70,32.5,22.8
2026-07-10T19:15:00+05:30,2026-07-10 19:15:00,25.2,26.2,23.8,7.9,13,23.8,123,0,0,0,1.5,8.1,620,92,0,0,28.9,70,32.5,22.8
2026-07-10T19:10:00+05:30,2026-07-10 19:10:00,25.1,26.1,23.9,1.4,9.3,23.8,96,0,0,0,1.5,8.1,620,93,0,0,29,70,32.7,22.9
2026-07-10T19:05:00+05:30,2026-07-10 19:05:00,25.1,26.1,23.9,4.3,13,23.8,98,0,0,0,1.5,8.1,620,93,0,0,29,70,32.7,22.9
2026-07-10T19:00:00+05:30,2026-07-10 19:00:00,25.1,26.1,23.9,0.3,7.2,23.8,85,0,0,0,1.5,8.1,620,93,0,0,29,70,32.7,22.9
2026-07-10T18:55:00+05:30,2026-07-10 18:55:00,25.2,26.2,23.8,0,7.2,23.8,72,0,0,0,1.5,8.1,620,92,0,0,29.1,70,32.9,23.1
2026-07-10T18:50:00+05:30,2026-07-10 18:50:00,,,,1.4,3.5,23.8,94,0,0,0,1.5,8.1,620,,0,0,29.1,70,32.9,23.1
2026-07-10T18:45:00+05:30,2026-07-10 18:45:00,,,,0,3.5,23.8,72,0,0,0,1.5,8.1,620,,0,0,29.1,70,32.9,23.1
2026-07-10T18:40:00+05:30,2026-07-10 18:40:00,,,,0.3,7.2,23.8,88,0,0,0,1.5,8.1,620,,0,0.1,29.1,70,32.9,23.1
2026-07-10T18:35:00+05:30,2026-07-10 18:35:00,,,,0,9.3,23.8,74,0,0,0,1.5,8.1,620,,0,0.2,29.2,70,33.2,23.2
2026-07-10T18:30:00+05:30,2026-07-10 18:30:00,,,,0,5.5,23.8,71,0,0,0,1.5,8.1,620,,0,0.9,29.2,70,33.2,23.2
2026-07-10T18:25:00+05:30,2026-07-10 18:25:00,,,,0.3,5.5,23.8,72,0,0,0,1.5,8.1,620,,0,1.7,29.2,70,33.2,23.2
2026-07-10T18:21:00+05:30,2026-07-10 18:21:00,,,,0,0,23.8,72,0,0,0,1.5,8.1,620,,0,3.4,29.2,70,33.2,23.2
2026-07-10T18:15:00+05:30,2026-07-10 18:15:00,,,,0.6,5.5,23.8,90,0,0,0,1.5,8.1,620,,0,7.1,29.3,70,33.3,23.2
2026-07-10T18:10:00+05:30,2026-07-10 18:10:00,,,,0,1.8,23.8,71,0,0,0,1.5,8.1,620,,0,11.6,29.3,70,33.3,23.2
2026-07-10T18:05:00+05:30,2026-07-10 18:05:00,,,,0,7.2,23.8,73,0,0,0,1.5,8.1,620,,0,19.6,29.3,70,33.3,23.2
2026-07-10T18:00:00+05:30,2026-07-10 18:00:00,,,,3.5,5.5,23.8,102,0,0,0,1.5,8.1,620,,0,23.9,29.3,70,33.3,23.2
2026-07-10T17:55:00+05:30,2026-07-10 17:55:00,,,,0,7.2,23.8,86,0,0,0,1.5,8.1,620,,0,28.5,29.4,69,33.4,23.1
2026-07-10T17:50:00+05:30,2026-07-10 17:50:00,,,,6.9,13,23.8,67,0,0,0,1.5,8.1,620,,0,33.7,29.4,70,33.6,23.3
2026-07-10T17:45:00+05:30,2026-07-10 17:45:00,,,,0,9.3,23.8,70,0,0,0,1.5,8.1,620,,0,27,29.5,69,33.7,23.2
2026-07-10T17:40:00+05:30,2026-07-10 17:40:00,,,,2.6,5.5,23.8,74,0,0,0,1.5,8.1,620,,0,27.6,29.5,69,33.7,23.2
2026-07-10T17:35:00+05:30,2026-07-10 17:35:00,,,,4.7,9.3,23.8,96,0,0,0,1.5,8.1,620,,0,25.1,29.5,69,33.7,23.2
2026-07-10T17:30:00+05:30,2026-07-10 17:30:00,,,,1.8,14.8,23.8,71,0,0,0,1.5,8.1,620,,0,30.6,29.6,69,33.9,23.3
2026-07-10T17:25:00+05:30,2026-07-10 17:25:00,,,,0.3,1.8,23.8,86,0,0,0,1.5,8.1,620,,0,27.6,29.6,69,33.9,23.3
2026-07-10T17:20:00+05:30,2026-07-10 17:20:00,,,,0,7.2,23.8,73,0,0,0,1.5,8.1,620,,0,24.2,29.6,69,33.9,23.3
2026-07-10T17:16:00+05:30,2026-07-10 17:16:00,,,,0,3.5,23.8,110,0,0,0,1.5,8.1,620,,0,20.2,29.7,69,34.2,23.4
2026-07-10T17:10:00+05:30,2026-07-10 17:10:00,,,,7.9,16.6,23.8,103,0,0,0,1.5,8.1,620,,0,15.1,29.7,69,34.2,23.4
2026-07-10T17:05:00+05:30,2026-07-10 17:05:00,,,,0,5.5,23.8,73,0,0,0,1.5,8.1,620,,0,41.6,29.8,69,34.3,23.4
2026-07-10T17:00:00+05:30,2026-07-10 17:00:00,,,,6.4,13,23.8,108,0,0,0,1.5,8.1,620,,0,81.8,29.8,69,34.3,23.4
2026-07-10T16:55:00+05:30,2026-07-10 16:55:00,,,,0,7.2,23.8,82,0,0,0,1.5,8.1,620,,0,77.8,29.9,69,34.6,23.6
2026-07-10T16:50:00+05:30,2026-07-10 16:50:00,,,,0,9.3,23.8,86,0,0,0,1.5,8.1,620,,0,79.6,29.9,69,34.6,23.6
2026-07-10T16:45:00+05:30,2026-07-10 16:45:00,,,,0.6,7.2,23.8,98,0,0,0,1.5,8.1,620,,0,64.9,30,69,34.8,23.7
2026-07-10T16:40:00+05:30,2026-07-10 16:40:00,,,,1.1,7.2,23.8,90,0,0,0,1.5,8.1,620,,0,71,30,69,34.8,23.7
2026-07-10T16:35:00+05:30,2026-07-10 16:35:00,,,,0,5.5,23.8,75,0,0,0,1.5,8.1,620,,1,105.9,30,69,34.8,23.7
2026-07-10T16:30:00+05:30,2026-07-10 16:30:00,,,,0,16.6,23.8,74,0,0,0,1.5,8.1,620,,1,125.7,30,69,34.8,23.7
2026-07-10T16:25:00+05:30,2026-07-10 16:25:00,,,,2.9,7.2,23.8,85,0,0,0,1.5,8.1,620,,1,189.6,30,69,34.8,23.7
2026-07-10T16:20:00+05:30,2026-07-10 16:20:00,,,,4.7,11.1,23.8,69,0,0,0,1.5,8.1,620,,3,327.5,30,69,34.8,23.7
2026-07-10T16:15:00+05:30,2026-07-10 16:15:00,,,,7.9,13,23.8,92,0,0,0,1.5,8.1,620,,1,195.5,30,69,34.8,23.7
2026-07-10T16:11:00+05:30,2026-07-10 16:11:00,,,,2.1,9.3,23.8,54,0,0,0,1.5,8.1,620,,1,187,30,69,34.8,23.7
2026-07-10T16:05:00+05:30,2026-07-10 16:05:00,,,,0,7.2,23.8,71,0,0,0,1.5,8.1,620,,3,323.1,30,69,34.8,23.7
2026-07-10T16:00:00+05:30,2026-07-10 16:00:00,,,,0.6,7.2,23.8,72,0,0,0,1.5,8.1,620,,1,184.8,30,69,34.8,23.7
2026-07-10T15:55:00+05:30,2026-07-10 15:55:00,,,,4,9.3,23.8,65,0,0,0,1.5,8.1,620,,2,227.3,30,69,34.8,23.7
2026-07-10T15:50:00+05:30,2026-07-10 15:50:00,,,,0.3,9.3,23.8,100,0,0,0,1.5,8.1,620,,1,175.3,30,69,34.8,23.7
2026-07-10T15:45:00+05:30,2026-07-10 15:45:00,,,,0,5.5,23.8,83,0,0,0,1.5,8.1,620,,1,173,29.9,69,34.6,23.6
2026-07-10T15:40:00+05:30,2026-07-10 15:40:00,,,,1.4,14.8,23.8,68,0,0,0,1.5,8.1,620,,4,426.9,29.9,70,34.8,23.8
2026-07-10T15:35:00+05:30,2026-07-10 15:35:00,,,,6.1,9.3,23.8,68,0,0,0,1.5,8.1,620,,2,211.5,29.8,70,34.5,23.7
2026-07-10T15:30:00+05:30,2026-07-10 15:30:00,,,,2.1,14.8,23.8,66,0,0,0,1.5,8.1,620,,4,425.2,29.8,70,34.5,23.7
2026-07-10T15:25:00+05:30,2026-07-10 15:25:00,,,,11.1,16.6,23.8,87,0,0,0,1.5,8.1,620,,5,532.8,29.7,69,34.2,23.4
2026-07-10T15:20:00+05:30,2026-07-10 15:20:00,,,,2.9,13,23.8,85,0,0,0,1.5,8.1,620,,4,500.5,29.7,69,34.2,23.4
2026-07-10T15:15:00+05:30,2026-07-10 15:15:00,,,,5.5,16.6,23.8,132,0,0,0,1.5,8.1,620,,1,189.8,29.7,69,34.2,23.4
2026-07-10T15:10:00+05:30,2026-07-10 15:10:00,,,,9,11.1,23.8,101,0,0,0,1.5,8.1,620,,1,162.8,29.7,69,34.2,23.4
2026-07-10T15:05:00+05:30,2026-07-10 15:05:00,,,,0.6,3.5,23.8,74,0,0,0,1.5,8.1,620,,1,128.3,29.7,68,33.9,23.2
2026-07-10T15:00:00+05:30,2026-07-10 15:00:00,,,,15.4,23.8,23.8,110,0,0,0,1.5,8.1,620,,1,119.6,29.7,67,33.7,22.9
2026-07-10T14:55:00+05:30,2026-07-10 14:55:00,,,,12.6,16.6,23.8,70,0,0,0,1.5,8.1,620,,1,149.4,29.7,67,33.7,22.9
2026-07-10T14:50:00+05:30,2026-07-10 14:50:00,,,,0,16.6,23.8,55,0,0,0,1.5,8.1,620,,2,255.6,29.8,66,33.6,22.7
2026-07-10T14:45:00+05:30,2026-07-10 14:45:00,,,,7.9,13,23.8,78,0,0,0,1.5,8.1,620,,6,617,29.8,66,33.6,22.7
2026-07-10T14:40:00+05:30,2026-07-10 14:40:00,,,,0.6,14.8,23.8,57,0,0,0,1.5,8.1,620,,5,550.8,29.9,66,33.8,22.8
2026-07-10T14:35:00+05:30,2026-07-10 14:35:00,,,,5.8,18.3,23.8,75,0,0,0,1.5,8.1,620,,3,362.4,29.9,66,33.8,22.8
2026-07-10T14:30:00+05:30,2026-07-10 14:30:00,,,,0.6,14.8,23.8,30,0,0,0,1.5,8.1,620,,7,757.4,29.9,67,34.1,23.1
2026-07-10T14:25:00+05:30,2026-07-10 14:25:00,,,,1.1,11.1,23.8,70,0,0,0,1.5,8.1,620,,2,244.8,30,67,34.3,23.2
2026-07-10T14:20:00+05:30,2026-07-10 14:20:00,,,,9.3,18.3,23.8,140,0,0,0,1.5,8.1,620,,3,314.3,30,67,34.3,23.2
2026-07-10T14:15:00+05:30,2026-07-10 14:15:00,,,,10.1,13,23.8,149,0,0,0,1.5,8.1,620,,3,349.9,30,68,34.6,23.4
2026-07-10T14:10:00+05:30,2026-07-10 14:10:00,,,,14.3,23.8,23.8,131,0,0,0,1.5,8.1,620,,1,183.1,30,67,34.3,23.2
2026-07-10T14:05:00+05:30,2026-07-10 14:05:00,,,,0,3.5,20.1,50,0,0,0,1.5,8.1,620,,2,279.7,30,68,34.6,23.4
2026-07-10T14:00:00+05:30,2026-07-10 14:00:00,,,,5.5,13,20.1,68,0,0,0,1.5,8.1,620,,1,201.5,30,68,34.6,23.4
2026-07-10T13:55:00+05:30,2026-07-10 13:55:00,,,,0,5.5,20.1,53,0,0,0,1.5,8.1,620,,2,258.1,29.9,68,34.3,23.3
2026-07-10T13:50:00+05:30,2026-07-10 13:50:00,,,,5.5,7.2,20.1,94,0,0,0,1.5,8.1,620,,2,267.1,29.9,69,34.6,23.6
2026-07-10T13:46:00+05:30,2026-07-10 13:46:00,,,,0,5.5,20.1,63,0,0,0,1.5,8.1,620,,3,343.1,29.9,69,34.6,23.6
2026-07-10T13:40:00+05:30,2026-07-10 13:40:00,,,,0,1.8,20.1,60,0,0,0,1.5,8.1,620,,3,371.5,29.9,69,34.6,23.6
2026-07-10T13:35:00+05:30,2026-07-10 13:35:00,,,,0,11.1,20.1,74,0,0,0,1.5,8.1,620,,3,404.2,29.9,69,34.6,23.6
2026-07-10T13:30:00+05:30,2026-07-10 13:30:00,,,,4,14.8,20.1,95,0,0,0,1.5,8.1,620,,4,505.6,29.8,69,34.3,23.4
2026-07-10T13:25:00+05:30,2026-07-10 13:25:00,,,,0,3.5,20.1,73,0,0,0,1.5,8.1,620,,5,578.9,29.8,69,34.3,23.4
2026-07-10T13:20:00+05:30,2026-07-10 13:20:00,,,,0,5.5,20.1,80,0,0,0,1.5,8.1,620,,2,297.4,29.7,69,34.2,23.4
2026-07-10T13:15:00+05:30,2026-07-10 13:15:00,,,,0.3,11.1,20.1,51,0,0,0,1.5,8.1,620,,2,242.4,29.7,69,34.2,23.4
2026-07-10T13:10:00+05:30,2026-07-10 13:10:00,,,,1.4,5.5,20.1,68,0,0,0,1.5,8.1,620,,9,961.3,29.6,70,34.1,23.6
2026-07-10T13:05:00+05:30,2026-07-10 13:05:00,,,,1.1,13,20.1,106,0,0,0,1.5,8.1,620,,5,594.3,29.6,69,33.9,23.3
2026-07-10T13:00:00+05:30,2026-07-10 13:00:00,,,,0,3.5,20.1,86,0,0,0,1.5,8.1,620,,4,509,29.5,69,33.7,23.2
2026-07-10T12:55:00+05:30,2026-07-10 12:55:00,,,,4,9.3,20.1,116,0,0,0,1.5,8.1,620,,8,863.9,29.5,69,33.7,23.2
2026-07-10T12:50:00+05:30,2026-07-10 12:50:00,,,,0.3,9.3,20.1,46,0,0,0,1.5,8.1,620,,8,848.1,29.5,70,33.8,23.4
2026-07-10T12:45:00+05:30,2026-07-10 12:45:00,,,,2.9,7.2,20.1,89,0,0,0,1.5,8.1,620,,2,209.4,29.5,70,33.8,23.4
2026-07-10T12:40:00+05:30,2026-07-10 12:40:00,,,,11.1,14.8,20.1,112,0,0,0,1.5,8.1,620,,2,245.1,29.5,70,33.8,23.4
2026-07-10T12:35:00+05:30,2026-07-10 12:35:00,,,,7.2,11.1,20.1,67,0,0,0,1.5,8.1,620,,1,191,29.4,70,33.6,23.3
2026-07-10T12:30:00+05:30,2026-07-10 12:30:00,,,,0,5.5,20.1,87,0,0,0,1.5,8.1,620,,3,310.3,29.4,70,33.6,23.3
2026-07-10T12:25:00+05:30,2026-07-10 12:25:00,,,,1.1,7.2,20.1,25,0,0,0,1.5,8.1,620,,2,231.4,29.3,70,33.3,23.2
2026-07-10T12:20:00+05:30,2026-07-10 12:20:00,,,,1.8,14.8,20.1,98,0,0,0,1.5,8.1,620,,4,416.4,29.3,70,33.3,23.2
2026-07-10T12:15:00+05:30,2026-07-10 12:15:00,,,,5.8,11.1,20.1,107,0,0,0,1.5,8.1,620,,4,419.2,29.3,70,33.3,23.2
2026-07-10T12:10:00+05:30,2026-07-10 12:10:00,,,,1.1,7.2,20.1,49,0,0,0,1.5,8.1,620,,9,925.5,29.2,71,33.4,23.4
2026-07-10T12:05:00+05:30,2026-07-10 12:05:00,,,,0,5.5,20.1,95,0,0,0,1.5,8.1,620,,9,958.2,29.2,71,33.4,23.4
2026-07-10T12:00:00+05:30,2026-07-10 12:00:00,,,,0.3,11.1,20.1,83,0,0,0,1.5,8.1,620,,3,340.6,29.1,71,33.2,23.3
2026-07-10T11:55:00+05:30,2026-07-10 11:55:00,,,,0,11.1,20.1,71,0,0,0,1.5,8.1,620,,8,848.1,29,71,32.9,23.2
2026-07-10T11:50:00+05:30,2026-07-10 11:50:00,,,,0,11.1,20.1,75,0,0,0,1.5,8.1,620,,9,923.5,29,71,32.9,23.2
2026-07-10T11:45:00+05:30,2026-07-10 11:45:00,,,,15.1,20.1,20.1,97,0,0,0,1.5,8.1,620,,2,301,29,71,32.9,23.2
2026-07-10T11:40:00+05:30,2026-07-10 11:40:00,,,,0.3,13,20.1,78,0,0,0,1.5,8.1,620,,2,276.2,28.9,71,32.7,23.1
2026-07-10T11:35:00+05:30,2026-07-10 11:35:00,,,,1.4,11.1,20.1,99,0,0,0,1.5,8.1,620,,3,326.6,28.9,72,32.8,23.3
2026-07-10T11:30:00+05:30,2026-07-10 11:30:00,,,,5,20.1,20.1,82,0,0,0,1.5,8.1,620,,3,407.5,28.8,72,32.6,23.2
2026-07-10T11:25:00+05:30,2026-07-10 11:25:00,,,,1.1,11.1,18.3,72,0,0,0,1.5,8.1,620,,3,316.6,28.8,72,32.6,23.2
2026-07-10T11:21:00+05:30,2026-07-10 11:21:00,,,,0.3,9.3,18.3,85,0,0,0,1.5,8.1,620,,2,248.4,28.8,72,32.6,23.2
2026-07-10T11:15:00+05:30,2026-07-10 11:15:00,,,,0.3,13,18.3,112,0,0,0,1.5,8.1,620,,2,219.7,28.7,72,32.5,23.2
2026-07-10T11:10:00+05:30,2026-07-10 11:10:00,,,,3.5,7.2,18.3,108,0,0,0,1.5,8.1,620,,3,327.5,28.7,73,32.7,23.4
2026-07-10T11:05:00+05:30,2026-07-10 11:05:00,,,,0.3,5.5,18.3,80,0,0,0,1.5,8.1,620,,6,625,28.6,73,32.4,23.3
2026-07-10T11:00:00+05:30,2026-07-10 11:00:00,,,,0.3,9.3,18.3,70,0,0,0,1.5,8.1,620,,2,243.1,28.5,73,32.2,23.2
2026-07-10T10:55:00+05:30,2026-07-10 10:55:00,,,,0,9.3,18.3,88,0,0,0,1.5,8.1,620,,2,307.1,28.5,73,32.2,23.2
2026-07-10T10:50:00+05:30,2026-07-10 10:50:00,,,,10.8,14.8,18.3,104,0,0,0,1.5,8.1,620,,7,772.9,28.4,73,31.9,23.1
2026-07-10T10:45:00+05:30,2026-07-10 10:45:00,,,,2.1,7.2,18.3,78,0,0,0,1.5,8.1,620,,2,269.1,28.4,73,31.9,23.1
2026-07-10T10:40:00+05:30,2026-07-10 10:40:00,,,,1.8,9.3,18.3,90,0,0,0,1.5,8.1,620,,7,793.2,28.3,73,31.7,22.9
2026-07-10T10:35:00+05:30,2026-07-10 10:35:00,,,,0,0,18.3,85,0,0,0,1.5,8.1,620,,7,759.5,28.3,73,31.7,22.9
2026-07-10T10:30:00+05:30,2026-07-10 10:30:00,,,,2.1,13,18.3,73,0,0,0,1.5,8.1,620,,7,795.2,28.2,73,31.6,22.9
2026-07-10T10:25:00+05:30,2026-07-10 10:25:00,,,,5.5,13,18.3,126,0,0,0,1.5,8.1,620,,2,254.4,28.2,73,31.6,22.9
2026-07-10T10:20:00+05:30,2026-07-10 10:20:00,,,,0.3,5.5,18.3,108,0,0,0,1.5,8.1,620,,1,158.6,28.2,73,31.6,22.9
2026-07-10T10:16:00+05:30,2026-07-10 10:16:00,,,,2.1,11.1,18.3,103,0,0,0,1.5,8.1,620,,2,268,28.1,73,31.3,22.8
2026-07-10T10:10:00+05:30,2026-07-10 10:10:00,,,,5,14.8,18.3,106,0,0,0,1.5,8.1,620,,2,216.6,28.1,73,31.3,22.8
2026-07-10T10:05:00+05:30,2026-07-10 10:05:00,,,,13.4,16.6,18.3,90,0,0,0,1.5,8.1,620,,4,484.4,28,73,31.1,22.7
2026-07-10T10:00:00+05:30,2026-07-10 10:00:00,,,,0.3,13,18.3,83,0,0,0,1.5,8.1,620,,6,676.6,28,73,31.1,22.7
2026-07-10T09:55:00+05:30,2026-07-10 09:55:00,,,,4.7,14.8,14.8,105,0,0,0,1.5,8.1,620,,5,534.1,28,74,31.2,22.9
2026-07-10T09:50:00+05:30,2026-07-10 09:50:00,,,,0,13,14.8,91,0,0,0,1.5,8.1,620,,2,278.1,28,74,31.2,22.9
2026-07-10T09:45:00+05:30,2026-07-10 09:45:00,,,,6.1,11.1,14.8,84,0,0,0,1.5,8.1,620,,3,321.5,27.9,74,31,22.8
2026-07-10T09:40:00+05:30,2026-07-10 09:40:00,,,,3.2,11.1,14.8,113,0,0,0,1.5,8.1,620,,2,291.9,27.9,74,31,22.8
2026-07-10T09:35:00+05:30,2026-07-10 09:35:00,,,,0,11.1,14.8,67,0,0,0,1.5,8.1,620,,5,519.4,27.9,75,31.1,23.1
2026-07-10T09:30:00+05:30,2026-07-10 09:30:00,,,,0,9.3,14.8,71,0,0,0,1.5,8.1,620,,6,647.8,27.8,75,30.9,22.9
2026-07-10T09:25:00+05:30,2026-07-10 09:25:00,,,,0,11.1,14.8,72,0,0,0,1.5,8.1,620,,6,621,27.8,75,30.9,22.9
2026-07-10T09:20:00+05:30,2026-07-10 09:20:00,,,,1.8,11.1,14.8,67,0,0,0,1.5,8.1,620,,3,356.7,27.7,75,30.8,22.9
2026-07-10T09:15:00+05:30,2026-07-10 09:15:00,,,,2.1,7.2,14.8,73,0,0,0,1.5,8.1,620,,2,296.1,27.6,75,30.5,22.8
2026-07-10T09:11:00+05:30,2026-07-10 09:11:00,,,,1.1,5.5,14.8,108,0,0,0,1.5,8.1,620,,2,244.2,27.6,75,30.5,22.8
2026-07-10T09:05:00+05:30,2026-07-10 09:05:00,,,,2.9,14.8,14.8,83,0,0,0,1.5,8.1,620,,4,494.6,27.5,75,30.3,22.7
2026-07-10T09:00:00+05:30,2026-07-10 09:00:00,,,,5.8,7.2,13,68,0,0,0,1.5,8.1,620,,5,562.8,27.4,75,30.1,22.6
2026-07-10T08:55:00+05:30,2026-07-10 08:55:00,,,,2.9,13,13,113,0,0,0,1.5,8.1,620,,4,503.8,27.4,75,30.1,22.6
2026-07-10T08:50:00+05:30,2026-07-10 08:50:00,,,,6.1,13,13,53,0,0,0,1.5,8.1,620,,4,491.4,27.3,75,29.8,22.4
2026-07-10T08:45:00+05:30,2026-07-10 08:45:00,,,,6.9,11.1,13,70,0,0,0,1.5,8.1,620,,4,482.8,27.3,75,29.8,22.4
2026-07-10T08:40:00+05:30,2026-07-10 08:40:00,,,,0,1.8,13,69,0,0,0,1.5,8.1,620,,4,450.6,27.2,75,29.7,22.4
2026-07-10T08:35:00+05:30,2026-07-10 08:35:00,,,,7.6,13,13,69,0,0,0,1.5,8.1,620,,4,440.1,27.2,75,29.7,22.4
2026-07-10T08:30:00+05:30,2026-07-10 08:30:00,,,,2.1,7.2,13,76,0,0,0,1.5,8.1,620,,4,424.3,27.1,75,29.5,22.3
2026-07-10T08:25:00+05:30,2026-07-10 08:25:00,,,,0,0,13,93,0,0,0,1.5,8.1,620,,1,181,27.1,74,29.4,22.1
2026-07-10T08:20:00+05:30,2026-07-10 08:20:00,,,,2.9,9.3,13,75,0,0,0,1.5,8.1,620,,3,324.8,27,74,29.2,21.9
2026-07-10T08:15:00+05:30,2026-07-10 08:15:00,,,,4,5.5,13,82,0,0,0,1.5,8.1,620,,1,196.1,27,74,29.2,21.9
2026-07-10T08:10:00+05:30,2026-07-10 08:10:00,,,,0,3.5,13,76,0,0,0,1.5,8.1,620,,1,179.7,27,74,29.2,21.9
2026-07-10T08:06:00+05:30,2026-07-10 08:06:00,,,,0.3,7.2,13,90,0,0,0,1.5,8.1,620,,2,276.5,27,74,29.2,21.9
2026-07-10T08:00:00+05:30,2026-07-10 08:00:00,,,,0,3.5,13,59,0,0,0,1.5,8.1,620,,0,98.3,27,74,29.2,21.9
2026-07-10T07:55:00+05:30,2026-07-10 07:55:00,,,,0,7.2,13,82,0,0,0,1.5,8.1,620,,0,89,27,74,29.2,21.9
2026-07-10T07:50:00+05:30,2026-07-10 07:50:00,,,,0.6,3.5,13,85,0,0,0,1.5,8.1,620,,2,244.4,27,74,29.2,21.9
2026-07-10T07:45:00+05:30,2026-07-10 07:45:00,,,,0,5.5,13,78,0,0,0,1.5,8.1,620,,1,140.9,27,74,29.2,21.9
2026-07-10T07:40:00+05:30,2026-07-10 07:40:00,,,,2.6,5.5,13,74,0,0,0,1.5,8.1,620,,0,76,27,74,29.2,21.9
2026-07-10T07:35:00+05:30,2026-07-10 07:35:00,,,,0,3.5,13,69,0,0,0,1.5,8.1,620,,0,65.7,27,74,29.2,21.9
2026-07-10T07:30:00+05:30,2026-07-10 07:30:00,,,,0,3.5,13,71,0,0,0,1.5,8.1,620,,0,76.8,27,74,29.2,21.9
2026-07-10T07:25:00+05:30,2026-07-10 07:25:00,,,,0,0,13,74,0,0,0,1.5,8.1,620,,0,74,27,74,29.2,21.9
2026-07-10T07:20:00+05:30,2026-07-10 07:20:00,,,,0,5.5,13,85,0,0,0,1.5,8.1,620,,0,60.1,27,74,29.2,21.9
2026-07-10T07:15:00+05:30,2026-07-10 07:15:00,,,,0,3.5,13,81,0,0,0,1.5,8.1,620,,0,48.1,27,74,29.2,21.9
2026-07-10T07:10:00+05:30,2026-07-10 07:10:00,,,,0,0,13,66,0,0,0,1.5,8.1,620,,0,39.4,27,74,29.2,21.9
2026-07-10T07:05:00+05:30,2026-07-10 07:05:00,,,,0,1.8,13,87,0,0,0,1.5,8.1,620,,0,38.4,27,74,29.2,21.9
2026-07-10T07:00:00+05:30,2026-07-10 07:00:00,,,,0,0,13,72,0,0,0,1.5,8.1,620,,0,28.3,27,74,29.2,21.9
2026-07-10T06:55:00+05:30,2026-07-10 06:55:00,,,,1.4,5.5,13,82,0,0,0,1.5,8.1,620,,0,25.3,27,74,29.2,21.9
2026-07-10T06:50:00+05:30,2026-07-10 06:50:00,,,,0,1.8,13,65,0,0,0,1.5,8.1,620,,0,31.1,27,74,29.2,21.9
2026-07-10T06:45:00+05:30,2026-07-10 06:45:00,,,,0,0,13,76,0,0,0,1.5,8.1,620,,0,34.3,27,73,29.1,21.7
2026-07-10T06:40:00+05:30,2026-07-10 06:40:00,,,,0,3.5,13,77,0,0,0,1.5,8.1,620,,0,28,27,73,29.1,21.7
2026-07-10T06:35:00+05:30,2026-07-10 06:35:00,,,,0,0,13,73,0,0,0,1.5,8.1,620,,0,29.8,27,73,29.1,21.7
2026-07-10T06:30:00+05:30,2026-07-10 06:30:00,,,,0,1.8,13,70,0,0,0,1.5,8.1,620,,0,31.6,27,73,29.1,21.7
2026-07-10T06:25:00+05:30,2026-07-10 06:25:00,,,,1.4,5.5,13,95,0,0,0,1.5,8.1,620,,0,28,27,73,29.1,21.7
2026-07-10T06:20:00+05:30,2026-07-10 06:20:00,,,,0,0,13,66,0,0,0,1.5,8.1,620,,0,20.6,27,73,29.1,21.7
2026-07-10T06:15:00+05:30,2026-07-10 06:15:00,,,,0,1.8,13,65,0,0,0,1.5,8.1,620,,0,15.3,27,73,29.1,21.7
2026-07-10T06:10:00+05:30,2026-07-10 06:10:00,,,,0,9.3,13,88,0,0,0,1.5,8.1,620,,0,9.9,27,73,29.1,21.7
2026-07-10T06:05:00+05:30,2026-07-10 06:05:00,,,,0.3,5.5,13,62,0,0,0,1.5,8.1,620,,0,5.5,27.1,73,29.3,21.8
2026-07-10T06:00:00+05:30,2026-07-10 06:00:00,,,,0,0,13,67,0,0,0,1.5,8.1,620,,0,2.6,27.1,73,29.3,21.8
2026-07-10T05:55:00+05:30,2026-07-10 05:55:00,,,,0.3,5.5,13,71,0,0,0,1.5,8.1,620,,0,1.4,27.1,73,29.3,21.8
2026-07-10T05:50:00+05:30,2026-07-10 05:50:00,,,,2.1,5.5,13,76,0,0,0,1.5,8.1,620,,0,0.6,27.1,73,29.3,21.8
2026-07-10T05:45:00+05:30,2026-07-10 05:45:00,,,,0.6,7.2,13,84,0,0,0,1.5,8.1,620,,0,0.2,27.1,73,29.3,21.8
2026-07-10T05:41:00+05:30,2026-07-10 05:41:00,,,,1.8,5.5,13,71,0,0,0,1.5,8.1,620,,0,0.1,27.1,73,29.3,21.8
2026-07-10T05:35:00+05:30,2026-07-10 05:35:00,,,,2.1,3.5,13,71,0,0,0,1.5,8.1,620,,0,0,27.2,73,29.5,21.9
2026-07-10T05:30:00+05:30,2026-07-10 05:30:00,,,,2.6,3.5,13,80,0,0,0,1.5,8.1,620,,0,0,27.2,73,29.5,21.9
2026-07-10T05:25:00+05:30,2026-07-10 05:25:00,,,,0,0,13,77,0,0,0,1.5,8.1,620,,0,0,27.2,73,29.5,21.9
2026-07-10T05:20:00+05:30,2026-07-10 05:20:00,,,,0.3,5.5,13,69,0,0,0,1.5,8.1,620,,0,0,27.2,73,29.5,21.9
2026-07-10T05:15:00+05:30,2026-07-10 05:15:00,,,,0,3.5,13,75,0,0,0,1.5,8.1,620,,0,0,27.1,73,29.3,21.8
2026-07-10T05:10:00+05:30,2026-07-10 05:10:00,,,,0,3.5,13,65,0,0,0,1.5,8.1,620,,0,0,27.2,73,29.5,21.9
2026-07-10T05:05:00+05:30,2026-07-10 05:05:00,,,,1.8,5.5,13,88,0,0,0,1.5,8.1,620,,0,0,27.2,73,29.5,21.9
2026-07-10T05:00:00+05:30,2026-07-10 05:00:00,,,,3.5,7.2,13,72,0,0,0,1.5,8.1,620,,0,0,27.2,73,29.5,21.9
2026-07-10T04:55:00+05:30,2026-07-10 04:55:00,,,,1.1,1.8,13,70,0,0,0,1.5,8.1,620,,0,0,27.2,73,29.5,21.9
2026-07-10T04:50:00+05:30,2026-07-10 04:50:00,,,,5.5,7.2,13,84,0,0,0,1.5,8.1,620,,0,0,27.2,73,29.5,21.9
2026-07-10T04:45:00+05:30,2026-07-10 04:45:00,,,,4.3,11.1,11.1,89,0,0,0,1.5,8.1,620,,0,0,27.3,73,29.6,22
2026-07-10T04:40:00+05:30,2026-07-10 04:40:00,,,,2.6,5.5,11.1,103,0,0,0,1.5,8.1,620,,0,0,27.3,73,29.6,22
2026-07-10T04:36:00+05:30,2026-07-10 04:36:00,,,,0,3.5,11.1,91,0,0,0,1.5,8.1,620,,0,0,27.3,73,29.6,22
2026-07-10T04:30:00+05:30,2026-07-10 04:30:00,,,,4.3,7.2,11.1,83,0,0,0,1.5,8.1,620,,0,0,27.3,73,29.6,22
2026-07-10T04:25:00+05:30,2026-07-10 04:25:00,,,,2.9,5.5,11.1,72,0,0,0,1.5,8.1,620,,0,0,27.3,73,29.6,22
2026-07-10T04:20:00+05:30,2026-07-10 04:20:00,,,,1.4,7.2,11.1,106,0,0,0,1.5,8.1,620,,0,0,27.3,73,29.6,22
2026-07-10T04:15:00+05:30,2026-07-10 04:15:00,,,,0,3.5,11.1,74,0,0,0,1.5,8.1,620,,0,0,27.3,73,29.6,22
2026-07-10T04:10:00+05:30,2026-07-10 04:10:00,,,,1.1,5.5,11.1,81,0,0,0,1.5,8.1,620,,0,0,27.4,73,29.8,22.1
2026-07-10T04:05:00+05:30,2026-07-10 04:05:00,,,,6.1,9.3,11.1,118,0,0,0,1.5,8.1,620,,0,0,27.4,73,29.8,22.1
2026-07-10T04:00:00+05:30,2026-07-10 04:00:00,,,,0.3,5.5,11.1,74,0,0,0,1.5,8.1,620,,0,0,27.4,73,29.8,22.1
2026-07-10T03:55:00+05:30,2026-07-10 03:55:00,,,,2.9,3.5,11.1,179,0,0,0,1.5,8.1,620,,0,0,27.5,73,30.1,22.2
2026-07-10T03:50:00+05:30,2026-07-10 03:50:00,,,,4.7,7.2,11.1,79,0,0,0,1.5,8.1,620,,0,0,27.5,73,30.1,22.2
2026-07-10T03:45:00+05:30,2026-07-10 03:45:00,,,,1.8,5.5,11.1,107,0,0,0,1.5,8.1,620,,0,0,27.5,73,30.1,22.2
2026-07-10T03:40:00+05:30,2026-07-10 03:40:00,,,,1.8,7.2,11.1,83,0,0,0,1.5,8.1,620,,0,0,27.5,73,30.1,22.2
2026-07-10T03:35:00+05:30,2026-07-10 03:35:00,,,,2.9,7.2,11.1,70,0,0,0,1.5,8.1,620,,0,0,27.5,72,29.9,22
2026-07-10T03:31:00+05:30,2026-07-10 03:31:00,,,,1.4,7.2,11.1,75,0,0,0,1.5,8.1,620,,0,0,27.5,72,29.9,22
2026-07-10T03:25:00+05:30,2026-07-10 03:25:00,,,,0,3.5,11.1,75,0,0,0,1.5,8.1,620,,0,0,27.5,72,29.9,22
2026-07-10T03:20:00+05:30,2026-07-10 03:20:00,,,,0,0,11.1,85,0,0,0,1.5,8.1,620,,0,0,27.5,72,29.9,22
2026-07-10T03:15:00+05:30,2026-07-10 03:15:00,,,,0,0,11.1,70,0,0,0,1.5,8.1,620,,0,0,27.6,72,30.2,22.1
2026-07-10T03:10:00+05:30,2026-07-10 03:10:00,,,,0,0,11.1,69,0,0,0,1.5,8.1,620,,0,0,27.6,72,30.2,22.1
2026-07-10T03:05:00+05:30,2026-07-10 03:05:00,,,,0,0,11.1,72,0,0,0,1.5,8.1,620,,0,0,27.6,72,30.2,22.1
2026-07-10T03:00:00+05:30,2026-07-10 03:00:00,,,,0,3.5,11.1,79,0,0,0,1.5,8.1,620,,0,0,27.6,72,30.2,22.1
2026-07-10T02:55:00+05:30,2026-07-10 02:55:00,,,,0,0,11.1,72,0,0,0,1.5,8.1,620,,0,0,27.7,72,30.4,22.2
2026-07-10T02:50:00+05:30,2026-07-10 02:50:00,,,,0,0,11.1,99,0,0,0,1.5,8.1,620,,0,0,27.7,72,30.4,22.2
2026-07-10T02:45:00+05:30,2026-07-10 02:45:00,,,,0,7.2,11.1,91,0,0,0,1.5,8.1,620,,0,0,27.7,72,30.4,22.2
2026-07-10T02:40:00+05:30,2026-07-10 02:40:00,,,,0,0,11.1,74,0,0,0,1.5,8.1,620,,0,0,27.7,72,30.4,22.2
2026-07-10T02:35:00+05:30,2026-07-10 02:35:00,,,,0,0,11.1,76,0,0,0,1.5,8.1,620,,0,0,27.8,72,30.5,22.3
2026-07-10T02:30:00+05:30,2026-07-10 02:30:00,,,,0,0,5.5,69,0,0,0,1.5,8.1,620,,0,0,27.8,71,30.4,22
2026-07-10T02:25:00+05:30,2026-07-10 02:25:00,,,,0,0,5.5,68,0,0,0,1.5,8.1,620,,0,0,27.8,71,30.4,22
2026-07-10T02:20:00+05:30,2026-07-10 02:20:00,,,,0,0,5.5,72,0,0,0,1.5,8.1,620,,0,0,27.8,71,30.4,22
2026-07-10T02:15:00+05:30,2026-07-10 02:15:00,,,,0,0,5.5,76,0,0,0,1.5,8.1,620,,0,0,27.8,71,30.4,22
2026-07-10T02:11:00+05:30,2026-07-10 02:11:00,,,,0,0,5.5,72,0,0,0,1.5,8.1,620,,0,0,27.9,71,30.6,22.1
2026-07-10T02:05:00+05:30,2026-07-10 02:05:00,23.4,24.3,22.9,0,0,5.5,70,0,0,0,1.5,8.1,620,97,0,0,27.9,71,30.6,22.1
2026-07-10T02:00:00+05:30,2026-07-10 02:00:00,23.3,24.2,22.8,0,0,5.5,70,0,0,0,1.5,8.1,620,97,0,0,27.9,71,30.6,22.1
2026-07-10T01:55:00+05:30,2026-07-10 01:55:00,23.3,24.2,22.9,0,0,5.5,80,0,0,0,1.5,8.1,620,98,0,0,27.9,71,30.6,22.1
2026-07-10T01:50:00+05:30,2026-07-10 01:50:00,23.3,24.2,22.9,0,0,5.5,70,0,0,0,1.5,8.1,620,98,0,0,27.9,71,30.6,22.1
2026-07-10T01:45:00+05:30,2026-07-10 01:45:00,23.2,24.2,22.9,0,0,5.5,67,0,0,0,1.5,8.1,620,98,0,0,28,71,30.8,22.2
2026-07-10T01:40:00+05:30,2026-07-10 01:40:00,23.3,24.2,23.1,0,0,5.5,71,0,0,0,1.5,8.1,620,99,0,0,28,71,30.8,22.2
2026-07-10T01:35:00+05:30,2026-07-10 01:35:00,23.2,24.2,23.1,0,0,5.5,71,0,0,0,1.5,8.1,620,99,0,0,28,71,30.8,22.2
2026-07-10T01:30:00+05:30,2026-07-10 01:30:00,23.1,24.1,22.9,0,0,5.5,65,0,0,0,1.5,8.1,620,99,0,0,28,71,30.8,22.2
2026-07-10T01:25:00+05:30,2026-07-10 01:25:00,23.3,24.2,23.1,0,0,5.5,61,0,0,0,1.5,8.1,620,99,0,0,28,71,30.8,22.2
2026-07-10T01:20:00+05:30,2026-07-10 01:20:00,23.4,24.4,23.2,0,0,5.5,66,0,0,0,1.5,8.1,620,99,0,0,28,70,30.7,22
2026-07-10T01:15:00+05:30,2026-07-10 01:15:00,23.4,24.4,23.2,0,0,5.5,71,0,0,0,1.5,8.1,620,99,0,0,28.1,70,30.9,22.1
2026-07-10T01:10:00+05:30,2026-07-10 01:10:00,23.4,24.3,23.1,0,0,5.5,65,0,0,0,1.5,8.1,620,98,0,0,28.1,70,30.9,22.1
2026-07-10T01:06:00+05:30,2026-07-10 01:06:00,23.4,24.3,23.1,0,0,5.5,66,0,0,0,1.5,8.1,620,98,0,0,28.1,70,30.9,22.1
2026-07-10T01:00:00+05:30,2026-07-10 01:00:00,23.6,24.6,23.3,0,0,5.5,72,0,0,0,1.5,8.1,620,98,0,0,28.1,70,30.9,22.1
2026-07-10T00:55:00+05:30,2026-07-10 00:55:00,23.5,24.5,23.2,0,0,5.5,69,0,0,0,1.5,8.1,620,98,0,0,28.1,70,30.9,22.1
2026-07-10T00:50:00+05:30,2026-07-10 00:50:00,23.5,24.4,23,0,0,5.5,67,0,0,0,1.5,8.1,620,97,0,0,28.1,70,30.9,22.1
2026-07-10T00:45:00+05:30,2026-07-10 00:45:00,23.5,24.5,23.2,0,0,5.5,67,0,0,0,1.5,8.1,620,98,0,0,28.1,69,30.7,21.9
2026-07-10T00:40:00+05:30,2026-07-10 00:40:00,23.5,24.5,23.2,0,0,5.5,73,0,0,0,1.5,8.1,620,98,0,0,28.1,69,30.7,21.9
2026-07-10T00:35:00+05:30,2026-07-10 00:35:00,23.5,24.5,23.2,0,0,5.5,71,0,0,0,1.5,8.1,620,98,0,0,28.1,69,30.7,21.9
2026-07-10T00:30:00+05:30,2026-07-10 00:30:00,23.4,24.3,23.1,0,0,5.5,70,0,0,0,1.5,8.1,620,98,0,0,28.1,69,30.7,21.9
2026-07-10T00:25:00+05:30,2026-07-10 00:25:00,23.6,24.5,22.9,0,0,5.5,83,0,0,0,1.5,8.1,620,96,0,0,28.1,69,30.7,21.9
2026-07-10T00:20:00+05:30,2026-07-10 00:20:00,23.8,24.7,22.9,0,3.5,5.5,80,0,0,0,1.5,8.1,620,95,0,0,28.2,69,30.9,22
2026-07-10T00:15:00+05:30,2026-07-10 00:15:00,24.2,25.1,23,0,3.5,5.5,80,0,0,0,1.5,8.1,620,93,0,0,28.2,69,30.9,22
2026-07-10T00:10:00+05:30,2026-07-10 00:10:00,24.5,25.4,22.7,0,5.5,5.5,83,0,0,0,1.5,8.1,620,90,0,0,28.2,68,30.8,21.7
2026-07-10T00:05:00+05:30,2026-07-10 00:05:00,24.6,25.5,22.7,2.9,5.5,5.5,89,0,0,0,1.5,8.1,620,89,0,0,28.2,68,30.8,21.7
2026-07-10T00:01:00+05:30,2026-07-10 00:01:00,24.6,25.5,22.7,0.3,1.8,1.8,58,0,0,0,1.5,8.1,620,89,0,0,28.2,68,30.8,21.7
2026-07-09T23:55:00+05:30,2026-07-09 23:55:00,24.5,25.3,22.6,2.1,3.5,20.1,102,0,0,0.5,1.5,8.1,620,89,0,0,28.3,68,30.9,21.8
2026-07-09T23:50:00+05:30,2026-07-09 23:50:00,24.4,25.2,22.6,0.3,1.8,20.1,96,0,0,0.5,1.5,8.1,620,90,0,0,28.3,68,30.9,21.8
2026-07-09T23:45:00+05:30,2026-07-09 23:45:00,24.4,25.2,22.6,0,0,20.1,71,0,0,0.5,1.5,8.1,620,90,0,0,28.3,68,30.9,21.8
2026-07-09T23:40:00+05:30,2026-07-09 23:40:00,24.4,25.2,22.6,0,0,20.1,83,0,0,0.5,1.5,8.1,620,90,0,0,28.3,68,30.9,21.8
2026-07-09T23:35:00+05:30,2026-07-09 23:35:00,24.3,25.1,22.5,0.3,5.5,20.1,96,0,0,0.5,1.5,8.1,620,90,0,0,28.3,68,30.9,21.8
2026-07-09T23:30:00+05:30,2026-07-09 23:30:00,24.2,25.1,22.5,0,0,20.1,89,0,0,0.5,1.5,8.1,620,90,0,0,28.3,68,30.9,21.8
2026-07-09T23:25:00+05:30,2026-07-09 23:25:00,24.2,25.1,22.7,0,3.5,20.1,70,0,0,0.5,1.5,8.1,620,91,0,0,28.4,68,31.1,21.9
2026-07-09T23:20:00+05:30,2026-07-09 23:20:00,24.2,25.1,22.7,3.5,7.2,20.1,113,0,0,0.5,1.5,8.1,620,91,0,0,28.4,68,31.1,21.9
2026-07-09T23:15:00+05:30,2026-07-09 23:15:00,24.3,25.1,22.7,0,3.5,20.1,77,0,0,0.5,1.5,8.1,620,91,0,0,28.4,68,31.1,21.9
2026-07-09T23:10:00+05:30,2026-07-09 23:10:00,24.2,25.1,22.7,0,5.5,20.1,91,0,0,0.5,1.5,8.1,620,91,0,0,28.4,68,31.1,21.9
2026-07-09T23:05:00+05:30,2026-07-09 23:05:00,24.3,25.1,22.7,0,9.3,20.1,89,0,0,0.5,1.5,8.1,620,91,0,0,28.4,68,31.1,21.9
2026-07-09T23:00:00+05:30,2026-07-09 23:00:00,24.3,25.1,22.7,0,0,20.1,65,0,0,0.5,1.5,8.1,620,91,0,0,28.5,68,31.3,22
2026-07-09T22:55:00+05:30,2026-07-09 22:55:00,24.3,25.1,22.7,1.4,7.2,20.1,113,0,0,0.5,1.5,8.1,620,91,0,0,28.5,68,31.3,22
2026-07-09T22:50:00+05:30,2026-07-09 22:50:00,24.3,25.1,22.7,0,3.5,20.1,83,0,0,0.5,1.5,8.1,620,91,0,0,28.5,68,31.3,22
2026-07-09T22:45:00+05:30,2026-07-09 22:45:00,24.4,25.3,22.8,0,0,20.1,73,0,0,0.5,1.5,8.1,620,91,0,0,28.6,68,31.6,22.1
2026-07-09T22:40:00+05:30,2026-07-09 22:40:00,24.4,25.3,22.8,6.4,7.2,20.1,94,0,0,0.5,1.5,8.1,620,91,0,0,28.6,68,31.6,22.1
2026-07-09T22:35:00+05:30,2026-07-09 22:35:00,24.5,25.4,22.9,1.1,11.1,20.1,77,0,0,0.5,1.5,8.1,620,91,0,0,28.6,68,31.6,22.1
2026-07-09T22:30:00+05:30,2026-07-09 22:30:00,24.5,25.4,22.7,0,0,20.1,70,0,0,0.5,1.5,8.1,620,90,0,0,28.6,68,31.6,22.1
2026-07-09T22:25:00+05:30,2026-07-09 22:25:00,24.5,25.4,22.9,6.4,9.3,20.1,72,0,0,0.5,1.5,8.1,620,91,0,0,28.6,68,31.6,22.1
2026-07-09T22:20:00+05:30,2026-07-09 22:20:00,24.5,25.4,22.7,0,5.5,20.1,92,0,0,0.5,1.5,8.1,620,90,0,0,28.7,68,31.8,22.2
2026-07-09T22:15:00+05:30,2026-07-09 22:15:00,24.5,25.4,22.7,0.3,5.5,20.1,69,0,0,0.5,1.5,8.1,620,90,0,0,28.7,68,31.8,22.2
2026-07-09T22:10:00+05:30,2026-07-09 22:10:00,24.5,25.4,22.9,2.9,9.3,20.1,75,0,0,0.5,1.5,8.1,620,91,0,0,28.7,68,31.8,22.2
2026-07-09T22:05:00+05:30,2026-07-09 22:05:00,24.5,25.4,22.9,0,9.3,20.1,76,0,0,0.5,1.5,8.1,620,91,0,0,28.8,68,31.9,22.3
2026-07-09T22:00:00+05:30,2026-07-09 22:00:00,24.6,25.5,23,0,7.2,20.1,78,0,0,0.5,1.5,8.1,620,91,0,0,28.8,68,31.9,22.3
2026-07-09T21:55:00+05:30,2026-07-09 21:55:00,24.6,25.5,23,0,3.5,20.1,97,0,0,0.5,1.5,8.1,620,91,0,0,28.8,68,31.9,22.3
2026-07-09T21:50:00+05:30,2026-07-09 21:50:00,24.6,25.5,23,0,5.5,20.1,82,0,0,0.5,1.5,8.1,620,91,0,0,28.8,68,31.9,22.3
2026-07-09T21:45:00+05:30,2026-07-09 21:45:00,24.7,25.6,23,0,0,20.1,71,0,0,0.5,1.5,8.1,620,90,0,0,28.9,68,32.1,22.4
2026-07-09T21:40:00+05:30,2026-07-09 21:40:00,24.7,25.6,23,0,7.2,20.1,72,0,0,0.5,1.5,8.1,620,90,0,0,28.9,68,32.1,22.4
2026-07-09T21:36:00+05:30,2026-07-09 21:36:00,24.7,25.6,23,0,0,20.1,72,0,0,0.5,1.5,8.1,620,90,0,0,28.9,67,31.9,22.1
2026-07-09T21:30:00+05:30,2026-07-09 21:30:00,,,,0,0,20.1,70,0,0,0.5,1.5,8.1,620,,0,0,28.9,67,31.9,22.1
2026-07-09T21:25:00+05:30,2026-07-09 21:25:00,,,,0,0,20.1,82,0,0,0.5,1.5,8.1,620,,0,0,28.9,67,31.9,22.1
2026-07-09T21:20:00+05:30,2026-07-09 21:20:00,,,,0,5.5,20.1,79,0,0,0.5,1.5,8.1,620,,0,0,29,67,32.2,22.2
2026-07-09T21:15:00+05:30,2026-07-09 21:15:00,,,,0,3.5,20.1,76,0,0,0.5,1.5,8.1,620,,0,0,29,67,32.2,22.2
2026-07-09T21:10:00+05:30,2026-07-09 21:10:00,,,,0,1.8,20.1,72,0,0,0.5,1.5,8.1,620,,0,0,29,67,32.2,22.2
2026-07-09T21:05:00+05:30,2026-07-09 21:05:00,,,,0,11.1,20.1,86,0,0,0.5,1.5,8.1,620,,0,0,29,67,32.2,22.2
2026-07-09T21:00:00+05:30,2026-07-09 21:00:00,,,,0,3.5,20.1,78,0,0,0.5,1.5,8.1,620,,0,0,29.1,67,32.4,22.3
2026-07-09T20:55:00+05:30,2026-07-09 20:55:00,,,,0.3,5.5,20.1,98,0,0,0.5,1.5,8.1,620,,0,0,29.1,67,32.4,22.3
2026-07-09T20:50:00+05:30,2026-07-09 20:50:00,,,,0,5.5,20.1,81,0,0,0.5,1.5,8.1,620,,0,0,29.1,67,32.4,22.3
2026-07-09T20:45:00+05:30,2026-07-09 20:45:00,,,,0,0,20.1,71,0,0,0.5,1.5,8.1,620,,0,0,29.1,67,32.4,22.3
2026-07-09T20:40:00+05:30,2026-07-09 20:40:00,,,,0,9.3,20.1,59,0,0,0.5,1.5,8.1,620,,0,0,29.2,67,32.7,22.4
2026-07-09T20:35:00+05:30,2026-07-09 20:35:00,,,,3.5,7.2,20.1,80,0,0,0.5,1.5,8.1,620,,0,0,29.2,66,32.4,22.2
2026-07-09T20:31:00+05:30,2026-07-09 20:31:00,,,,0,3.5,20.1,68,0,0,0.5,1.5,8.1,620,,0,0,29.3,66,32.6,22.3
2026-07-09T20:25:00+05:30,2026-07-09 20:25:00,,,,1.1,9.3,20.1,81,0,0,0.5,1.5,8.1,620,,0,0,29.3,66,32.6,22.3
2026-07-09T20:20:00+05:30,2026-07-09 20:20:00,,,,0,0,20.1,104,0,0,0.5,1.5,8.1,620,,0,0,29.3,66,32.6,22.3
2026-07-09T20:15:00+05:30,2026-07-09 20:15:00,,,,6.4,11.1,20.1,86,0,0,0.5,1.5,8.1,620,,0,0,29.3,66,32.6,22.3
2026-07-09T20:10:00+05:30,2026-07-09 20:10:00,25.3,26.1,23,2.9,5.5,20.1,81,0,0,0.5,1.5,8.1,620,87,0,0,29.4,66,32.8,22.3
2026-07-09T20:05:00+05:30,2026-07-09 20:05:00,25.2,26.1,23.1,6.1,13,20.1,101,0,0,0.5,1.5,8.1,620,88,0,0,29.4,66,32.8,22.3
2026-07-09T20:00:00+05:30,2026-07-09 20:00:00,25.3,26.2,23.1,0.3,9.3,20.1,81,0,0,0.5,1.5,8.1,620,88,0,0,29.5,66,33.1,22.4
2026-07-09T19:55:00+05:30,2026-07-09 19:55:00,25.3,26.1,23,0,11.1,20.1,126,0,0,0.5,1.5,8.1,620,87,0,0,29.5,66,33.1,22.4
2026-07-09T19:50:00+05:30,2026-07-09 19:50:00,25.4,26.3,23.1,0,3.5,20.1,78,0,0,0.5,1.5,8.1,620,87,0,0,29.5,66,33.1,22.4
2026-07-09T19:45:00+05:30,2026-07-09 19:45:00,25.4,26.3,23.1,0,3.5,20.1,80,0,0,0.5,1.5,8.1,620,87,0,0,29.5,66,33.1,22.4
2026-07-09T19:40:00+05:30,2026-07-09 19:40:00,25.4,26.3,23.1,3.5,5.5,20.1,87,0,0,0.5,1.5,8.1,620,87,0,0,29.6,66,33.3,22.6
2026-07-09T19:35:00+05:30,2026-07-09 19:35:00,,,,1.8,5.5,20.1,91,0,0,0.5,1.5,8.1,620,,0,0,29.6,66,33.3,22.6
2026-07-09T19:30:00+05:30,2026-07-09 19:30:00,,,,0.3,9.3,20.1,122,0,0,0.5,1.5,8.1,620,,0,0,29.6,66,33.3,22.6
2026-07-09T19:26:00+05:30,2026-07-09 19:26:00,25.6,26.5,23.1,1.4,7.2,20.1,78,0,0,0.5,1.5,8.1,620,86,0,0,29.7,66,33.5,22.7
2026-07-09T19:20:00+05:30,2026-07-09 19:20:00,25.6,26.5,23.1,0,0,20.1,78,0,0,0.5,1.5,8.1,620,86,0,0,29.7,66,33.5,22.7
2026-07-09T19:15:00+05:30,2026-07-09 19:15:00,25.6,26.5,23.1,0.3,9.3,20.1,68,0,0,0.5,1.5,8.1,620,86,0,0,29.7,65,33.3,22.4
2026-07-09T19:10:00+05:30,2026-07-09 19:10:00,25.8,26.7,23.3,0,5.5,20.1,68,0,0,0.5,1.5,8.1,620,86,0,0,29.8,65,33.4,22.5
2026-07-09T19:05:00+05:30,2026-07-09 19:05:00,25.9,26.8,23.2,0,5.5,20.1,88,0,0,0.5,1.5,8.1,620,85,0,0,29.8,65,33.4,22.5
2026-07-09T19:00:00+05:30,2026-07-09 19:00:00,25.8,26.6,23.1,0.6,7.2,20.1,101,0,0,0.5,1.5,8.1,620,85,0,0,29.8,65,33.4,22.5
2026-07-09T18:55:00+05:30,2026-07-09 18:55:00,25.8,26.6,23.1,0,5.5,20.1,97,0,0,0.5,1.5,8.1,620,85,0,0,29.8,65,33.4,22.5
2026-07-09T18:50:00+05:30,2026-07-09 18:50:00,25.9,26.8,23.2,2.1,5.5,20.1,87,0,0,0.5,1.5,8.1,620,85,0,0,29.9,65,33.7,22.6
2026-07-09T18:45:00+05:30,2026-07-09 18:45:00,25.9,26.8,23.2,7.2,9.3,20.1,88,0,0,0.5,1.5,8.1,620,85,0,0,29.9,65,33.7,22.6
2026-07-09T18:40:00+05:30,2026-07-09 18:40:00,26,26.8,23.1,5,9.3,20.1,109,0,0,0.5,1.5,8.1,620,84,0,0.1,30,65,33.9,22.7
2026-07-09T18:35:00+05:30,2026-07-09 18:35:00,26,26.9,23.3,6.4,9.3,20.1,67,0,0,0.5,1.5,8.1,620,85,0,0.4,30,65,33.9,22.7
2026-07-09T18:30:00+05:30,2026-07-09 18:30:00,26.1,27,23.4,0,5.5,20.1,70,0,0,0.5,1.5,8.1,620,85,0,0.9,30.1,65,34.1,22.8
2026-07-09T18:25:00+05:30,2026-07-09 18:25:00,26.1,27,23.4,0.3,9.3,20.1,58,0,0,0.5,1.5,8.1,620,85,0,2.1,30.1,65,34.1,22.8
2026-07-09T18:21:00+05:30,2026-07-09 18:21:00,26.2,27.1,23.5,1.4,9.3,20.1,88,0,0,0.5,1.5,8.1,620,85,0,4.7,30.1,65,34.1,22.8
2026-07-09T18:15:00+05:30,2026-07-09 18:15:00,26.2,27.1,23.3,1.4,11.1,20.1,80,0,0,0.5,1.5,8.1,620,84,0,7.9,30.1,65,34.1,22.8
2026-07-09T18:10:00+05:30,2026-07-09 18:10:00,26.4,27.3,23.3,1.4,3.5,20.1,92,0,0,0.5,1.5,8.1,620,83,0,10.1,30.2,65,34.4,22.9
2026-07-09T18:05:00+05:30,2026-07-09 18:05:00,26.4,27.3,23.3,1.1,3.5,20.1,98,0,0,0.5,1.5,8.1,620,83,0,13.7,30.2,65,34.4,22.9
2026-07-09T18:00:00+05:30,2026-07-09 18:00:00,26.5,27.3,23.2,0.3,7.2,20.1,89,0,0,0.5,1.5,8.1,620,82,0,18.4,30.3,65,34.5,22.9
2026-07-09T17:55:00+05:30,2026-07-09 17:55:00,26.7,29.3,23.4,6.9,11.1,20.1,52,0,0,0.5,1.5,8.1,620,82,0,27,30.3,65,34.5,22.9
2026-07-09T17:50:00+05:30,2026-07-09 17:50:00,26.8,29.4,23.4,4.3,9.3,20.1,123,0,0,0.5,1.5,8.1,620,82,0,38.4,30.4,65,34.7,23.1
2026-07-09T17:45:00+05:30,2026-07-09 17:45:00,26.9,29.7,23.5,0.6,5.5,20.1,92,0,0,0.5,1.5,8.1,620,82,0,42.1,30.4,65,34.7,23.1
2026-07-09T17:40:00+05:30,2026-07-09 17:40:00,26.8,29.4,23.4,0,7.2,20.1,92,0,0,0.5,1.5,8.1,620,82,0,40.8,30.4,65,34.7,23.1
2026-07-09T17:35:00+05:30,2026-07-09 17:35:00,26.9,29.7,23.5,0.3,7.2,20.1,50,0,0,0.5,1.5,8.1,620,82,0,43.9,30.5,65,35,23.2
2026-07-09T17:30:00+05:30,2026-07-09 17:30:00,27,29.9,23.7,1.4,14.8,20.1,102,0,0,0.5,1.5,8.1,620,82,0,50.7,30.5,65,35,23.2
2026-07-09T17:25:00+05:30,2026-07-09 17:25:00,27.2,30.3,23.7,4,9.3,20.1,109,0,0,0.5,1.5,8.1,620,81,0,58.4,30.5,65,35,23.2
2026-07-09T17:20:00+05:30,2026-07-09 17:20:00,27.3,30.5,23.7,0,14.8,20.1,79,0,0,0.5,1.5,8.1,620,81,0,66.7,30.6,65,35.2,23.3
2026-07-09T17:15:00+05:30,2026-07-09 17:15:00,27.4,30.6,23.6,0,0,20.1,68,0,0,0.5,1.5,8.1,620,80,0,71.8,30.6,65,35.2,23.3
2026-07-09T17:10:00+05:30,2026-07-09 17:10:00,27.3,30.4,23.5,0.6,11.1,20.1,75,0,0,0.5,1.5,8.1,620,80,0,73.9,30.7,65,35.5,23.4
2026-07-09T17:05:00+05:30,2026-07-09 17:05:00,27.5,31,23.9,1.4,14.8,20.1,92,0,0,0.5,1.5,8.1,620,81,0,76.5,30.7,65,35.5,23.4
2026-07-09T17:00:00+05:30,2026-07-09 17:00:00,27.8,31.4,23.8,4.3,11.1,20.1,96,0,0,0.5,1.5,8.1,620,79,0,75.3,30.7,65,35.5,23.4
2026-07-09T16:55:00+05:30,2026-07-09 16:55:00,27.9,31.7,23.9,2.9,7.2,20.1,97,0,0,0.5,1.5,8.1,620,79,0,95.1,30.7,65,35.5,23.4
2026-07-09T16:50:00+05:30,2026-07-09 16:50:00,27.9,31.5,23.7,1.4,7.2,20.1,109,0,0,0.5,1.5,8.1,620,78,0,99.6,30.8,65,35.6,23.4
2026-07-09T16:45:00+05:30,2026-07-09 16:45:00,27.9,31.7,23.9,0,5.5,20.1,119,0,0,0.5,1.5,8.1,620,79,1,109.7,30.8,65,35.6,23.4
2026-07-09T16:40:00+05:30,2026-07-09 16:40:00,28,31.8,23.8,6.1,13,20.1,81,0,0,0.5,1.5,8.1,620,78,1,115.6,30.8,65,35.6,23.4
2026-07-09T16:35:00+05:30,2026-07-09 16:35:00,27.9,31.5,23.7,0,7.2,20.1,86,0,0,0.5,1.5,8.1,620,78,1,120.7,30.9,64,35.6,23.3
2026-07-09T16:30:00+05:30,2026-07-09 16:30:00,28.5,32.7,23.8,2.1,9.3,20.1,94,0,0,0.5,1.5,8.1,620,76,1,131.3,30.9,65,35.9,23.5
2026-07-09T16:25:00+05:30,2026-07-09 16:25:00,28.5,32.8,24.1,0,9.3,20.1,86,0,0,0.5,1.5,8.1,620,77,1,121.4,30.9,65,35.9,23.5
2026-07-09T16:20:00+05:30,2026-07-09 16:20:00,28.4,32.4,23.7,8.2,13,20.1,124,0,0,0.5,1.5,8.1,620,76,1,191.8,31,65,36.2,23.6
2026-07-09T16:15:00+05:30,2026-07-09 16:15:00,28.8,33.2,23.9,3.5,9.3,20.1,154,0,0,0.5,1.5,8.1,620,75,1,155.8,31,65,36.2,23.6
2026-07-09T16:10:00+05:30,2026-07-09 16:10:00,28.9,33.6,24.2,3.5,9.3,20.1,106,0,0,0.5,1.5,8.1,620,76,1,163.2,31,65,36.2,23.6
2026-07-09T16:05:00+05:30,2026-07-09 16:05:00,28.7,33.2,24.1,1.1,9.3,20.1,67,0,0,0.5,1.5,8.1,620,76,1,186.4,31,65,36.2,23.6
2026-07-09T16:00:00+05:30,2026-07-09 16:00:00,28.8,33.3,24.1,0,7.2,20.1,60,0,0,0.5,1.5,8.1,620,76,1,161.6,31,65,36.2,23.6
2026-07-09T15:56:00+05:30,2026-07-09 15:56:00,29,33.5,23.9,2.9,11.1,20.1,74,0,0,0.5,1.5,8.1,620,74,1,199.2,31,64,35.9,23.4
2026-07-09T15:50:00+05:30,2026-07-09 15:50:00,29.3,34,23.9,0.3,5.5,20.1,83,0,0,0.5,1.5,8.1,620,73,2,264.8,31,65,36.2,23.6
2026-07-09T15:45:00+05:30,2026-07-09 15:45:00,29.7,35.1,24.3,3.5,11.1,20.1,92,0,0,0.5,1.5,8.1,620,73,2,274.2,31,64,35.9,23.4
2026-07-09T15:40:00+05:30,2026-07-09 15:40:00,29.4,34,23.8,1.8,3.5,20.1,103,0,0,0.5,1.5,8.1,620,72,2,298.1,31,64,35.9,23.4
2026-07-09T15:35:00+05:30,2026-07-09 15:35:00,29.1,33.8,24,5,13,20.1,141,0,0,0.5,1.5,8.1,620,74,3,324.2,31,64,35.9,23.4
2026-07-09T15:30:00+05:30,2026-07-09 15:30:00,29.1,33.8,24,1.1,20.1,20.1,55,0,0,0.5,1.5,8.1,620,74,1,188.8,31,64,35.9,23.4
2026-07-09T15:25:00+05:30,2026-07-09 15:25:00,29.2,34,24.1,1.1,14.8,20.1,77,0,0,0.5,1.5,8.1,620,74,2,212.9,31,65,36.2,23.6
2026-07-09T15:20:00+05:30,2026-07-09 15:20:00,29.4,34.2,24,6.1,11.1,20.1,39,0,0,0.5,1.5,8.1,620,73,4,417.4,31,65,36.2,23.6
2026-07-09T15:15:00+05:30,2026-07-09 15:15:00,29.7,35.1,24.3,0.3,7.2,20.1,73,0,0,0.5,1.5,8.1,620,73,3,318.1,31,65,36.2,23.6
2026-07-09T15:10:00+05:30,2026-07-09 15:10:00,29.7,35.3,24.6,0,5.5,20.1,55,0,0,0.5,1.5,8.1,620,74,4,469.2,31,65,36.2,23.6
2026-07-09T15:05:00+05:30,2026-07-09 15:05:00,29.7,35.1,24.3,0,11.1,20.1,82,0,0,0.5,1.5,8.1,620,73,4,491.8,31,65,36.2,23.6
2026-07-09T15:00:00+05:30,2026-07-09 15:00:00,29.5,34.7,24.4,0.3,3.5,20.1,83,0,0,0.5,1.5,8.1,620,74,5,515.4,31,65,36.2,23.6
2026-07-09T14:55:00+05:30,2026-07-09 14:55:00,29.5,34.7,24.4,10.1,13,20.1,111,0,0,0.5,1.5,8.1,620,74,4,422.1,31,64,35.9,23.4
2026-07-09T14:51:00+05:30,2026-07-09 14:51:00,30.2,35.8,24.4,0,5.5,20.1,182,0,0,0.5,1.5,8.1,620,71,2,229.5,30.9,64,35.6,23.3
2026-07-09T14:45:00+05:30,2026-07-09 14:45:00,30.1,35.6,24.3,4.3,7.2,20.1,46,0,0,0.5,1.5,8.1,620,71,5,561.6,30.9,64,35.6,23.3
2026-07-09T14:40:00+05:30,2026-07-09 14:40:00,29.6,34.6,24,2.9,11.1,20.1,52,0,0,0.5,1.5,8.1,620,72,1,190.3,30.9,64,35.6,23.3
2026-07-09T14:35:00+05:30,2026-07-09 14:35:00,29.9,35.2,24.3,6.1,7.2,20.1,72,0,0,0.5,1.5,8.1,620,72,2,224.7,30.9,64,35.6,23.3
2026-07-09T14:30:00+05:30,2026-07-09 14:30:00,29.7,34.8,24.1,6.1,14.8,20.1,69,0,0,0.5,1.5,8.1,620,72,2,213,30.9,64,35.6,23.3
2026-07-09T14:25:00+05:30,2026-07-09 14:25:00,30.5,36.3,24.4,4,7.2,20.1,85,0,0,0.5,1.5,8.1,620,70,5,602.2,30.8,65,35.6,23.4
2026-07-09T14:20:00+05:30,2026-07-09 14:20:00,30.1,35.6,24.3,0.3,7.2,20.1,68,0,0,0.5,1.5,8.1,620,71,5,614.3,30.8,65,35.6,23.4
2026-07-09T14:15:00+05:30,2026-07-09 14:15:00,29.6,34.8,24.2,1.4,14.8,20.1,72,0,0,0.5,1.5,8.1,620,73,5,561.7,30.8,65,35.6,23.4
2026-07-09T14:10:00+05:30,2026-07-09 14:10:00,29.9,35.2,24.3,9,13,20.1,137,0,0,0.5,1.5,8.1,620,72,6,635.8,30.7,65,35.5,23.4
2026-07-09T14:05:00+05:30,2026-07-09 14:05:00,30.3,36,24.4,4.7,11.1,20.1,115,0,0,0.5,1.5,8.1,620,71,2,260.9,30.7,65,35.5,23.4
2026-07-09T14:00:00+05:30,2026-07-09 14:00:00,29.9,35,24,7.9,13,20.1,120,0,0,0.5,1.5,8.1,620,71,6,685.1,30.7,65,35.5,23.4
2026-07-09T13:55:00+05:30,2026-07-09 13:55:00,29.9,35,24,1.4,11.1,20.1,80,0,0,0.5,1.5,8.1,620,71,4,432.6,30.6,65,35.2,23.3
2026-07-09T13:50:00+05:30,2026-07-09 13:50:00,29.9,35.2,24.3,7.9,16.6,20.1,95,0,0,0.5,1.5,8.1,620,72,3,333.6,30.6,65,35.2,23.3
2026-07-09T13:46:00+05:30,2026-07-09 13:46:00,30.2,35.8,24.4,2.1,11.1,20.1,98,0,0,0.5,1.5,8.1,620,71,6,645.1,30.5,65,35,23.2
2026-07-09T13:40:00+05:30,2026-07-09 13:40:00,30.6,36.6,24.5,3.5,13,20.1,44,0,0,0.5,1.5,8.1,620,70,4,442.5,30.4,65,34.7,23.1
2026-07-09T13:35:00+05:30,2026-07-09 13:35:00,30.5,36.3,24.4,5.5,7.2,20.1,107,0,0,0.5,1.5,8.1,620,70,6,650.6,30.3,65,34.5,22.9
2026-07-09T13:30:00+05:30,2026-07-09 13:30:00,30.5,36,24.2,0.6,9.3,20.1,43,0,0,0.5,1.5,8.1,620,69,6,685.1,30.2,65,34.4,22.9
2026-07-09T13:25:00+05:30,2026-07-09 13:25:00,30.1,35.3,24,2.9,14.8,20.1,111,0,0,0.5,1.5,8.1,620,70,7,721,30.2,65,34.4,22.9
2026-07-09T13:20:00+05:30,2026-07-09 13:20:00,29.7,34.4,23.6,13,20.1,20.1,74,0,0,0.5,1.5,8.1,620,70,7,751.4,30.1,66,34.3,23.1
2026-07-09T13:15:00+05:30,2026-07-09 13:15:00,29.8,34.7,23.9,2.1,14.8,20.1,117,0,0,0.5,1.5,8.1,620,71,7,734.7,30.1,66,34.3,23.1
2026-07-09T13:10:00+05:30,2026-07-09 13:10:00,29.8,34.5,23.7,12.2,16.6,20.1,77,0,0,0.5,1.5,8.1,620,70,7,748.3,30,66,34.1,22.9
2026-07-09T13:05:00+05:30,2026-07-09 13:05:00,30.3,35.5,23.9,5.5,9.3,20.1,102,0,0,0.5,1.5,8.1,620,69,3,408.4,29.9,66,33.8,22.8
2026-07-09T13:00:00+05:30,2026-07-09 13:00:00,30.4,35.7,24,7.2,13,20.1,120,0,0,0.5,1.5,8.1,620,69,7,755,29.9,66,33.8,22.8
2026-07-09T12:55:00+05:30,2026-07-09 12:55:00,30.2,35.6,24.1,6.4,14.8,20.1,90,0,0,0.5,1.5,8.1,620,70,7,757.3,29.8,66,33.6,22.7
2026-07-09T12:50:00+05:30,2026-07-09 12:50:00,30.1,35.3,24,1.1,14.8,20.1,74,0,0,0.5,1.5,8.1,620,70,7,751.4,29.7,67,33.7,22.9
2026-07-09T12:45:00+05:30,2026-07-09 12:45:00,30.2,35.8,24.4,0,13,20.1,82,0,0,0.5,1.5,8.1,620,71,7,786.1,29.6,66,33.3,22.6
2026-07-09T12:40:00+05:30,2026-07-09 12:40:00,30.2,35.6,24.1,0,9.3,20.1,86,0,0,0.5,1.5,8.1,620,70,7,789.1,29.6,66,33.3,22.6
2026-07-09T12:35:00+05:30,2026-07-09 12:35:00,29.7,34.1,23.4,2.1,5.5,20.1,91,0,0,0.5,1.5,8.1,620,69,5,541.6,29.5,66,33.1,22.4
2026-07-09T12:30:00+05:30,2026-07-09 12:30:00,29.3,33.3,23.2,3.5,16.6,20.1,58,0,0,0.5,1.5,8.1,620,70,7,789.7,29.5,67,33.2,22.7
2026-07-09T12:26:00+05:30,2026-07-09 12:26:00,29.5,34.1,23.7,2.9,9.3,20.1,106,0,0,0.5,1.5,8.1,620,71,7,781.4,29.5,67,33.2,22.7
2026-07-09T12:20:00+05:30,2026-07-09 12:20:00,29.7,34.6,23.9,7.2,14.8,20.1,70,0,0,0.5,1.5,8.1,620,71,7,813.1,29.4,68,33.2,22.8
2026-07-09T12:15:00+05:30,2026-07-09 12:15:00,30.1,35.6,24.3,4.7,18.3,20.1,81,0,0,0.5,1.5,8.1,620,71,8,912,29.3,68,32.9,22.7
2026-07-09T12:10:00+05:30,2026-07-09 12:10:00,29.5,34.3,23.9,0,9.3,20.1,69,0,0,0.5,1.5,8.1,620,72,7,772.9,29.2,67,32.7,22.4
2026-07-09T12:05:00+05:30,2026-07-09 12:05:00,30,35.3,24.2,2.1,16.6,20.1,82,0,0,0.5,1.5,8.1,620,71,7,792.1,29.2,67,32.7,22.4
2026-07-09T12:00:00+05:30,2026-07-09 12:00:00,29.9,35,24,3.5,14.8,20.1,47,0,0,0.5,1.5,8.1,620,71,7,802.3,29.1,67,32.4,22.3
2026-07-09T11:55:00+05:30,2026-07-09 11:55:00,29.5,34.1,23.7,1.4,9.3,20.1,128,0,0,0.5,1.5,8.1,620,71,7,790,29,67,32.2,22.2
2026-07-09T11:50:00+05:30,2026-07-09 11:50:00,29.5,34.3,23.9,5.8,7.2,20.1,103,0,0,0.5,1.5,8.1,620,72,7,794.7,29,67,32.2,22.2
2026-07-09T11:45:00+05:30,2026-07-09 11:45:00,29.4,33.8,23.6,4.7,14.8,20.1,103,0,0,0.5,1.5,8.1,620,71,7,805.7,28.9,68,32.1,22.4
2026-07-09T11:40:00+05:30,2026-07-09 11:40:00,29.2,33.4,23.4,7.9,13,20.1,79,0,0,0.5,1.5,8.1,620,71,7,809.7,28.9,68,32.1,22.4
2026-07-09T11:35:00+05:30,2026-07-09 11:35:00,29.3,33.8,23.7,11.9,14.8,20.1,95,0,0,0.5,1.5,8.1,620,72,8,836.2,28.8,68,31.9,22.3
2026-07-09T11:30:00+05:30,2026-07-09 11:30:00,29,33.5,23.9,0,11.1,20.1,72,0,0,0.5,1.5,8.1,620,74,7,795.7,28.8,68,31.9,22.3
2026-07-09T11:25:00+05:30,2026-07-09 11:25:00,29.1,33.6,23.8,4.3,9.3,20.1,99,0,0,0.5,1.5,8.1,620,73,7,792.2,28.7,69,31.9,22.4
2026-07-09T11:21:00+05:30,2026-07-09 11:21:00,29.3,34,23.9,10.1,18.3,20.1,51,0,0,0.5,1.5,8.1,620,73,8,855.9,28.6,69,31.7,22.3
2026-07-09T11:15:00+05:30,2026-07-09 11:15:00,28.8,33,23.7,10.8,14.8,20.1,122,0,0,0.5,1.5,8.1,620,74,8,835.5,28.6,69,31.7,22.3
2026-07-09T11:10:00+05:30,2026-07-09 11:10:00,29,33.5,23.9,3.5,7.2,20.1,80,0,0,0.5,1.5,8.1,620,74,7,787.4,28.5,69,31.5,22.2
2026-07-09T11:05:00+05:30,2026-07-09 11:05:00,28.4,32.6,24,0.3,13,20.1,97,0,0,0.5,1.5,8.1,620,77,7,773.3,28.4,69,31.3,22.2
2026-07-09T11:00:00+05:30,2026-07-09 11:00:00,29,33.5,23.9,5,9.3,20.1,100,0,0,0.5,1.5,8.1,620,74,7,725.2,28.4,69,31.3,22.2
2026-07-09T10:55:00+05:30,2026-07-09 10:55:00,28.3,32.1,23.6,2.6,14.8,20.1,83,0,0,0.5,1.5,8.1,620,76,7,778.8,28.3,69,31.1,22.1
2026-07-09T10:50:00+05:30,2026-07-09 10:50:00,28.3,32.1,23.6,0,11.1,20.1,73,0,0,0.5,1.5,8.1,620,76,3,335.8,28.3,70,31.2,22.3
2026-07-09T10:45:00+05:30,2026-07-09 10:45:00,28.5,32.5,23.6,6.4,11.1,20.1,111,0,0,0.5,1.5,8.1,620,75,7,742.2,28.2,70,31.1,22.2
2026-07-09T10:40:00+05:30,2026-07-09 10:40:00,27.7,31.1,23.5,6.4,18.3,20.1,78,0,0,0.5,1.5,8.1,620,78,7,759.7,28.2,70,31.1,22.2
2026-07-09T10:35:00+05:30,2026-07-09 10:35:00,27.6,30.9,23.4,7.2,9.3,20.1,51,0,0,0.5,1.5,8.1,620,78,3,347.6,28.2,70,31.1,22.2
2026-07-09T10:30:00+05:30,2026-07-09 10:30:00,27.7,31.1,23.5,0.3,7.2,20.1,100,0,0,0.5,1.5,8.1,620,78,3,360.1,28.1,70,30.9,22.1
2026-07-09T10:25:00+05:30,2026-07-09 10:25:00,27.4,30.5,23.4,1.8,7.2,20.1,78,0,0,0.5,1.5,8.1,620,79,5,596.1,28.1,70,30.9,22.1
2026-07-09T10:20:00+05:30,2026-07-09 10:20:00,27,29.6,23,0.3,1.8,20.1,108,0,0,0.5,1.5,8.1,620,79,2,303.5,28,70,30.7,22
2026-07-09T10:16:00+05:30,2026-07-09 10:16:00,27,29.6,23,2.9,5.5,20.1,93,0,0,0.5,1.5,8.1,620,79,2,256.5,28,70,30.7,22
2026-07-09T10:10:00+05:30,2026-07-09 10:10:00,26.8,29.2,22.8,6.4,13,20.1,124,0,0,0.5,1.5,8.1,620,79,3,389.8,28,70,30.7,22
2026-07-09T10:05:00+05:30,2026-07-09 10:05:00,26.7,29.1,22.8,3.5,11.1,20.1,83,0,0,0.5,1.5,8.1,620,79,1,180.9,28.1,70,30.9,22.1
2026-07-09T10:00:00+05:30,2026-07-09 10:00:00,27.3,30.4,23.5,5,13,20.1,82,0,0,0.5,1.5,8.1,620,80,1,145.9,28,71,30.8,22.2
2026-07-09T09:55:00+05:30,2026-07-09 09:55:00,27.6,31,23.6,6.1,7.2,20.1,86,0,0,0.5,1.5,8.1,620,79,1,198.1,28,71,30.8,22.2
2026-07-09T09:50:00+05:30,2026-07-09 09:50:00,27.8,31.4,23.8,9,13,20.1,56,0,0,0.5,1.5,8.1,620,79,2,253.9,27.9,71,30.6,22.1
2026-07-09T09:46:00+05:30,2026-07-09 09:46:00,27.5,30.8,23.5,0,9.3,20.1,67,0,0,0.5,1.5,8.1,620,79,6,681.1,27.9,71,30.6,22.1
2026-07-09T09:40:00+05:30,2026-07-09 09:40:00,27.7,31.4,23.9,0.3,11.1,20.1,104,0,0,0.5,1.5,8.1,620,80,6,637.4,27.9,71,30.6,22.1
2026-07-09T09:35:00+05:30,2026-07-09 09:35:00,27.4,30.6,23.6,0,7.2,20.1,74,0,0,0.5,1.5,8.1,620,80,2,229.3,27.8,71,30.4,22
2026-07-09T09:30:00+05:30,2026-07-09 09:30:00,27.5,30.6,23.3,2.9,9.3,20.1,110,0,0,0.5,1.5,8.1,620,78,5,526.1,27.8,71,30.4,22
2026-07-09T09:25:00+05:30,2026-07-09 09:25:00,27.2,30.2,23.5,3.5,11.1,20.1,88,0,0,0.5,1.5,8.1,620,80,5,554.7,27.7,71,30.3,21.9
2026-07-09T09:20:00+05:30,2026-07-09 09:20:00,27.2,30.2,23.5,4.3,7.2,20.1,99,0,0,0.5,1.5,8.1,620,80,5,547.5,27.7,71,30.3,21.9
2026-07-09T09:15:00+05:30,2026-07-09 09:15:00,27.1,30,23.4,2.1,16.6,16.6,72,0,0,0.5,1.5,8.1,620,80,2,206.2,27.7,71,30.3,21.9
2026-07-09T09:11:00+05:30,2026-07-09 09:11:00,27,29.7,23.2,0,9.3,16.6,69,0,0,0.5,1.5,8.1,620,80,2,260.8,27.6,71,30.1,21.9
2026-07-09T09:05:00+05:30,2026-07-09 09:05:00,27.3,30.4,23.5,4.7,14.8,16.6,74,0,0,0.5,1.5,8.1,620,80,5,534.6,27.5,72,29.9,22
2026-07-09T09:00:00+05:30,2026-07-09 09:00:00,26.7,29.3,23.4,0,9.3,16.6,78,0,0,0.5,1.5,8.1,620,82,4,494.6,27.5,72,29.9,22
2026-07-09T08:55:00+05:30,2026-07-09 08:55:00,26.9,29.6,23.3,2.6,16.6,16.6,95,0,0,0.5,1.5,8.1,620,81,4,440.6,27.4,72,29.7,21.9
2026-07-09T08:50:00+05:30,2026-07-09 08:50:00,26.9,29.6,23.3,0,3.5,16.6,100,0,0,0.5,1.5,8.1,620,81,4,455.1,27.4,72,29.7,21.9
2026-07-09T08:45:00+05:30,2026-07-09 08:45:00,27.1,30.1,23.6,3.5,7.2,16.6,109,0,0,0.5,1.5,8.1,620,81,4,420.8,27.3,72,29.6,21.8
2026-07-09T08:40:00+05:30,2026-07-09 08:40:00,26.6,27.5,23.3,7.2,13,16.6,119,0,0,0.5,1.5,8.1,620,82,3,394.4,27.3,72,29.6,21.8
2026-07-09T08:35:00+05:30,2026-07-09 08:35:00,26.8,29.3,23.2,4,9.3,16.6,81,0,0,0.5,1.5,8.1,620,81,3,357.6,27.3,72,29.6,21.8
2026-07-09T08:30:00+05:30,2026-07-09 08:30:00,26.6,27.5,23.3,6.4,11.1,16.6,89,0,0,0.5,1.5,8.1,620,82,3,331.9,27.2,72,29.4,21.7
2026-07-09T08:25:00+05:30,2026-07-09 08:25:00,26.6,27.5,23.3,0,0,16.6,68,0,0,0.5,1.5,8.1,620,82,3,359,27.2,72,29.4,21.7
2026-07-09T08:20:00+05:30,2026-07-09 08:20:00,26.5,27.3,23.2,5,9.3,16.6,124,0,0,0.5,1.5,8.1,620,82,2,210,27.1,72,29.2,21.6
2026-07-09T08:15:00+05:30,2026-07-09 08:15:00,26.2,27.1,23.1,0,13,16.6,72,0,0,0.5,1.5,8.1,620,83,1,174.3,27.1,72,29.2,21.6
2026-07-09T08:10:00+05:30,2026-07-09 08:10:00,26.4,27.3,23.5,0,5.5,16.6,72,0,0,0.5,1.5,8.1,620,84,3,330.8,27.1,71,29.1,21.4
2026-07-09T08:05:00+05:30,2026-07-09 08:05:00,25.9,26.8,23.2,1.4,9.3,16.6,100,0,0,0.5,1.5,8.1,620,85,2,302.8,27.1,71,29.1,21.4
2026-07-09T08:00:00+05:30,2026-07-09 08:00:00,26.1,27,23.2,0,3.5,16.6,69,0,0,0.5,1.5,8.1,620,84,2,279.9,27,71,28.9,21.3
2026-07-09T07:55:00+05:30,2026-07-09 07:55:00,25.9,26.7,23,0,3.5,16.6,73,0,0,0.5,1.5,8.1,620,84,2,257.9,27,71,28.9,21.3
2026-07-09T07:51:00+05:30,2026-07-09 07:51:00,25.6,26.4,22.9,4,5.5,16.6,89,0,0,0.5,1.5,8.1,620,85,2,246.1,27,71,28.9,21.3
2026-07-09T07:45:00+05:30,2026-07-09 07:45:00,25.5,26.4,23,3.5,11.1,16.6,123,0,0,0.5,1.5,8.1,620,86,2,210.2,27,71,28.9,21.3
2026-07-09T07:40:00+05:30,2026-07-09 07:40:00,25.4,26.2,22.9,4.3,7.2,16.6,80,0,0,0.5,1.5,8.1,620,86,1,201.3,27,71,28.9,21.3
2026-07-09T07:35:00+05:30,2026-07-09 07:35:00,25.2,26,22.7,0,0,16.6,78,0,0,0.5,1.5,8.1,620,86,1,180.9,27,71,28.9,21.3
2026-07-09T07:30:00+05:30,2026-07-09 07:30:00,25.2,26,22.7,4.3,9.3,16.6,76,0,0,0.5,1.5,8.1,620,86,1,149.7,27,71,28.9,21.3
2026-07-09T07:25:00+05:30,2026-07-09 07:25:00,25,25.8,22.7,0,5.5,16.6,88,0,0,0.5,1.5,8.1,620,87,1,138.7,26.9,71,28.7,21.2
2026-07-09T07:20:00+05:30,2026-07-09 07:20:00,24.9,25.7,22.6,4.7,9.3,16.6,93,0,0,0.5,1.5,8.1,620,87,1,131.2,26.9,71,28.7,21.2
2026-07-09T07:15:00+05:30,2026-07-09 07:15:00,24.8,25.6,22.6,1.4,5.5,16.6,75,0,0,0.5,1.5,8.1,620,88,1,122.9,26.9,71,28.7,21.2
2026-07-09T07:10:00+05:30,2026-07-09 07:10:00,24.6,25.4,22.5,0.6,5.5,16.6,112,0,0,0.5,1.5,8.1,620,88,1,105,26.9,71,28.7,21.2
2026-07-09T07:05:00+05:30,2026-07-09 07:05:00,24.6,25.4,22.5,0,1.8,16.6,86,0,0,0.5,1.5,8.1,620,88,0,91.3,26.9,71,28.7,21.2
2026-07-09T07:00:00+05:30,2026-07-09 07:00:00,24.5,25.3,22.4,0,3.5,16.6,77,0,0,0.5,1.5,8.1,620,88,0,79.2,26.9,71,28.7,21.2
2026-07-09T06:55:00+05:30,2026-07-09 06:55:00,24.4,25.2,22.3,5.8,7.2,16.6,96,0,0,0.5,1.5,8.1,620,88,0,67.9,26.9,71,28.7,21.2
2026-07-09T06:50:00+05:30,2026-07-09 06:50:00,24.3,25.1,22.3,0,11.1,16.6,70,0,0,0.5,1.5,8.1,620,89,0,56.1,26.9,71,28.7,21.2
2026-07-09T06:46:00+05:30,2026-07-09 06:46:00,24.3,25.1,22.2,2.6,3.5,16.6,115,0,0,0.5,1.5,8.1,620,88,0,52.1,26.9,71,28.7,21.2
2026-07-09T06:40:00+05:30,2026-07-09 06:40:00,24.1,24.9,22.4,0,5.5,16.6,66,0,0,0.5,1.5,8.1,620,90,0,42,26.9,71,28.7,21.2
2026-07-09T06:35:00+05:30,2026-07-09 06:35:00,24.1,24.9,22.4,0,5.5,16.6,79,0,0,0.5,1.5,8.1,620,90,0,35.1,26.9,71,28.7,21.2
2026-07-09T06:30:00+05:30,2026-07-09 06:30:00,24,24.8,22.3,0,3.5,16.6,82,0,0,0.5,1.5,8.1,620,90,0,28.8,26.9,71,28.7,21.2
2026-07-09T06:25:00+05:30,2026-07-09 06:25:00,24,24.8,22.3,0,0,16.6,71,0,0,0.5,1.5,8.1,620,90,0,24.8,26.9,71,28.7,21.2
2026-07-09T06:20:00+05:30,2026-07-09 06:20:00,23.9,24.7,22.1,2.1,3.5,16.6,60,0,0,0.5,1.5,8.1,620,90,0,19.4,26.9,71,28.7,21.2
2026-07-09T06:15:00+05:30,2026-07-09 06:15:00,23.9,24.7,22.1,5.5,7.2,16.6,86,0,0,0.5,1.5,8.1,620,90,0,14.1,26.9,71,28.7,21.2
2026-07-09T06:10:00+05:30,2026-07-09 06:10:00,24,24.8,22.3,1.1,5.5,16.6,74,0,0,0.5,1.5,8.1,620,90,0,9.5,27,71,28.9,21.3
2026-07-09T06:05:00+05:30,2026-07-09 06:05:00,24,24.8,22.3,5,7.2,16.6,120,0,0,0.5,1.5,8.1,620,90,0,5.3,26.9,71,28.7,21.2
2026-07-09T06:00:00+05:30,2026-07-09 06:00:00,24,24.8,22.3,2.6,5.5,16.6,77,0,0,0.5,1.5,8.1,620,90,0,2.5,27,71,28.9,21.3
2026-07-09T05:55:00+05:30,2026-07-09 05:55:00,24,24.8,22.3,4.7,7.2,16.6,106,0,0,0.5,1.5,8.1,620,90,0,1.4,27,71,28.9,21.3
2026-07-09T05:50:00+05:30,2026-07-09 05:50:00,24,24.8,22.4,0.3,5.5,16.6,70,0,0,0.5,1.5,8.1,620,91,0,0.7,27,71,28.9,21.3
2026-07-09T05:45:00+05:30,2026-07-09 05:45:00,24,24.8,22.3,3.2,9.3,16.6,80,0,0,0.5,1.5,8.1,620,90,0,0.2,27,71,28.9,21.3
2026-07-09T05:40:00+05:30,2026-07-09 05:40:00,23.9,24.7,22.3,4,5.5,16.6,48,0,0,0.5,1.5,8.1,620,91,0,0.1,27,71,28.9,21.3
2026-07-09T05:35:00+05:30,2026-07-09 05:35:00,24,24.8,22.4,3.5,7.2,16.6,80,0,0,0.5,1.5,8.1,620,91,0,0,27,71,28.9,21.3
2026-07-09T05:30:00+05:30,2026-07-09 05:30:00,24,24.8,22.3,0.3,9.3,16.6,96,0,0,0.5,1.5,8.1,620,90,0,0,27,71,28.9,21.3
2026-07-09T05:25:00+05:30,2026-07-09 05:25:00,24,24.8,22.4,2.1,5.5,16.6,82,0,0,0.5,1.5,8.1,620,91,0,0,27.1,71,29.1,21.4
2026-07-09T05:20:00+05:30,2026-07-09 05:20:00,24,24.8,22.4,4,9.3,16.6,57,0,0,0.5,1.5,8.1,620,91,0,0,27.1,71,29.1,21.4
2026-07-09T05:15:00+05:30,2026-07-09 05:15:00,23.9,24.7,22.3,4,7.2,16.6,81,0,0,0.5,1.5,8.1,620,91,0,0,27.1,71,29.1,21.4
2026-07-09T05:10:00+05:30,2026-07-09 05:10:00,23.9,24.7,22.3,1.1,3.5,16.6,113,0,0,0.5,1.5,8.1,620,91,0,0,27.1,71,29.1,21.4
2026-07-09T05:05:00+05:30,2026-07-09 05:05:00,23.9,24.7,22.3,3.2,5.5,16.6,114,0,0,0.5,1.5,8.1,620,91,0,0,27.1,71,29.1,21.4
2026-07-09T05:00:00+05:30,2026-07-09 05:00:00,23.8,24.6,22.4,6.1,9.3,16.6,75,0,0,0.5,1.5,8.1,620,92,0,0,27.2,71,29.3,21.5
2026-07-09T04:55:00+05:30,2026-07-09 04:55:00,23.8,24.6,22.4,0.3,7.2,16.6,82,0,0,0.5,1.5,8.1,620,92,0,0,27.2,71,29.3,21.5
2026-07-09T04:50:00+05:30,2026-07-09 04:50:00,23.8,24.6,22.4,1.4,5.5,16.6,78,0,0,0.5,1.5,8.1,620,92,0,0,27.2,71,29.3,21.5
2026-07-09T04:46:00+05:30,2026-07-09 04:46:00,23.9,24.7,22.5,2.1,9.3,16.6,77,0,0,0.5,1.5,8.1,620,92,0,0,27.2,71,29.3,21.5
2026-07-09T04:40:00+05:30,2026-07-09 04:40:00,23.8,24.6,22.4,0,11.1,16.6,82,0,0,0.5,1.5,8.1,620,92,0,0,27.2,71,29.3,21.5
2026-07-09T04:35:00+05:30,2026-07-09 04:35:00,23.8,24.6,22.6,2.1,9.3,16.6,68,0,0,0.5,1.5,8.1,620,93,0,0,27.3,71,29.4,21.6
2026-07-09T04:31:00+05:30,2026-07-09 04:31:00,23.8,24.6,22.6,0,11.1,16.6,80,0,0,0.5,1.5,8.1,620,93,0,0,27.3,71,29.4,21.6
2026-07-09T04:25:00+05:30,2026-07-09 04:25:00,23.9,24.7,22.5,0.3,7.2,16.6,96,0,0,0.5,1.5,8.1,620,92,0,0,27.3,71,29.4,21.6
2026-07-09T04:21:00+05:30,2026-07-09 04:21:00,24,24.9,22.6,1.4,7.2,16.6,77,0,0,0.5,1.5,8.1,620,92,0,0,27.3,71,29.4,21.6
2026-07-09T04:15:00+05:30,2026-07-09 04:15:00,24,24.9,22.6,5,9.3,16.6,81,0,0,0.5,1.5,8.1,620,92,0,0,27.3,71,29.4,21.6
2026-07-09T04:10:00+05:30,2026-07-09 04:10:00,24,24.9,22.6,1.1,3.5,16.6,94,0,0,0.5,1.5,8.1,620,92,0,0,27.3,71,29.4,21.6
2026-07-09T04:05:00+05:30,2026-07-09 04:05:00,24.1,25,22.7,2.1,5.5,16.6,88,0,0,0.5,1.5,8.1,620,92,0,0,27.3,71,29.4,21.6
2026-07-09T04:00:00+05:30,2026-07-09 04:00:00,24,24.8,22.4,0,9.3,16.6,75,0,0,0.5,1.5,8.1,620,91,0,0,27.4,71,29.6,21.7
2026-07-09T03:55:00+05:30,2026-07-09 03:55:00,24.1,25,22.7,2.9,5.5,16.6,89,0,0,0.5,1.5,8.1,620,92,0,0,27.4,71,29.6,21.7
2026-07-09T03:51:00+05:30,2026-07-09 03:51:00,24,24.9,22.6,2.9,13,16.6,88,0,0,0.5,1.5,8.1,620,92,0,0,27.4,71,29.6,21.7
2026-07-09T03:45:00+05:30,2026-07-09 03:45:00,24,24.9,22.8,0,3.5,16.6,79,0,0,0.5,1.5,8.1,620,93,0,0,27.4,71,29.6,21.7
2026-07-09T03:40:00+05:30,2026-07-09 03:40:00,24.1,25,22.9,0.6,1.8,16.6,76,0,0,0.5,1.5,8.1,620,93,0,0,27.4,71,29.6,21.7
2026-07-09T03:35:00+05:30,2026-07-09 03:35:00,24.1,25,22.9,2.9,5.5,16.6,71,0,0,0.5,1.5,8.1,620,93,0,0,27.5,71,29.8,21.8
2026-07-09T03:30:00+05:30,2026-07-09 03:30:00,24.1,25,22.7,9,13,16.6,105,0,0,0.5,1.5,8.1,620,92,0,0,27.5,71,29.8,21.8
2026-07-09T03:25:00+05:30,2026-07-09 03:25:00,24.1,25,22.9,0,1.8,16.6,72,0,0,0.5,1.5,8.1,620,93,0,0,27.5,71,29.8,21.8
2026-07-09T03:20:00+05:30,2026-07-09 03:20:00,24.1,25,22.9,0,0,16.6,74,0,0,0.5,1.5,8.1,620,93,0,0,27.5,71,29.8,21.8
2026-07-09T03:15:00+05:30,2026-07-09 03:15:00,24.1,25,22.7,0,5.5,16.6,66,0,0,0.5,1.5,8.1,620,92,0,0,27.5,71,29.8,21.8
2026-07-09T03:10:00+05:30,2026-07-09 03:10:00,24.1,25,22.9,5.8,7.2,16.6,100,0,0,0.5,1.5,8.1,620,93,0,0,27.5,71,29.8,21.8
2026-07-09T03:05:00+05:30,2026-07-09 03:05:00,24.1,25,22.7,4.3,5.5,16.6,79,0,0,0.5,1.5,8.1,620,92,0,0,27.6,71,30.1,21.9
2026-07-09T03:00:00+05:30,2026-07-09 03:00:00,24,24.9,22.8,1.4,9.3,16.6,122,0,0,0.5,1.5,8.1,620,93,0,0,27.6,71,30.1,21.9
2026-07-09T02:55:00+05:30,2026-07-09 02:55:00,24,24.9,22.8,3.5,13,16.6,89,0,0,0.5,1.5,8.1,620,93,0,0,27.6,71,30.1,21.9
2026-07-09T02:50:00+05:30,2026-07-09 02:50:00,24,24.9,23,2.1,5.5,16.6,91,0,0,0.5,1.5,8.1,620,94,0,0,27.6,71,30.1,21.9
2026-07-09T02:45:00+05:30,2026-07-09 02:45:00,23.9,24.8,22.9,7.6,13,16.6,119,0,0,0.5,1.5,8.1,620,94,0,0,27.6,71,30.1,21.9
2026-07-09T02:40:00+05:30,2026-07-09 02:40:00,23.9,24.8,22.9,0,5.5,16.6,72,0,0,0.5,1.5,8.1,620,94,0,0,27.6,70,29.9,21.6
2026-07-09T02:35:00+05:30,2026-07-09 02:35:00,24,24.9,23,0,5.5,16.6,96,0,0,0.5,1.5,8.1,620,94,0,0,27.7,70,30.1,21.7
2026-07-09T02:31:00+05:30,2026-07-09 02:31:00,24.1,25,22.9,0,9.3,16.6,75,0,0,0.5,1.5,8.1,620,93,0,0,27.7,70,30.1,21.7
2026-07-09T02:25:00+05:30,2026-07-09 02:25:00,24.1,25,22.9,0,16.6,16.6,77,0,0,0.5,1.5,8.1,620,93,0,0,27.7,70,30.1,21.7
2026-07-09T02:20:00+05:30,2026-07-09 02:20:00,24.2,25.1,23,2.9,5.5,13,53,0,0,0.5,1.5,8.1,620,93,0,0,27.7,70,30.1,21.7
2026-07-09T02:15:00+05:30,2026-07-09 02:15:00,24.2,25.1,23,0,7.2,13,74,0,0,0.5,1.5,8.1,620,93,0,0,27.7,70,30.1,21.7
2026-07-09T02:10:00+05:30,2026-07-09 02:10:00,24.3,25.2,22.9,4.3,5.5,13,81,0,0,0.5,1.5,8.1,620,92,0,0,27.8,70,30.2,21.8
2026-07-09T02:05:00+05:30,2026-07-09 02:05:00,24.3,25.2,22.9,0,0,13,69,0,0.5,0.5,1.5,8.1,620,92,0,0,27.8,70,30.2,21.8
2026-07-09T02:00:00+05:30,2026-07-09 02:00:00,24.3,25.2,23.1,0,0,11.1,72,0,0.5,0.5,1.5,8.1,620,93,0,0,27.8,70,30.2,21.8
2026-07-09T01:55:00+05:30,2026-07-09 01:55:00,24.3,25.2,23.1,0,3.5,11.1,102,0,0.5,0.5,1.5,8.1,620,93,0,0,27.8,70,30.2,21.8
2026-07-09T01:50:00+05:30,2026-07-09 01:50:00,24.3,25.2,22.9,2.9,5.5,11.1,80,0,0.5,0.5,1.5,8.1,620,92,0,0,27.8,70,30.2,21.8
2026-07-09T01:45:00+05:30,2026-07-09 01:45:00,24.4,25.3,23,0,1.8,11.1,77,0,0.5,0.5,1.5,8.1,620,92,0,0,27.8,70,30.2,21.8
2026-07-09T01:40:00+05:30,2026-07-09 01:40:00,24.4,25.3,23,0,5.5,11.1,76,0,0.5,0.5,1.5,8.1,620,92,0,0,27.8,70,30.2,21.8
2026-07-09T01:35:00+05:30,2026-07-09 01:35:00,24.4,25.3,23,0,0,11.1,69,0,0.5,0.5,1.5,8.1,620,92,0,0,27.9,70,30.4,21.9
2026-07-09T01:30:00+05:30,2026-07-09 01:30:00,24.4,25.3,23,7.2,9.3,11.1,92,0,0.5,0.5,1.5,8.1,620,92,0,0,27.9,70,30.4,21.9
2026-07-09T01:26:00+05:30,2026-07-09 01:26:00,24.4,25.3,23,0,7.2,11.1,77,0,0.5,0.5,1.5,8.1,620,92,0,0,27.9,70,30.4,21.9
2026-07-09T01:20:00+05:30,2026-07-09 01:20:00,24.5,25.4,23.1,0,0,11.1,79,0,0.5,0.5,1.5,8.1,620,92,0,0,27.9,70,30.4,21.9
2026-07-09T01:15:00+05:30,2026-07-09 01:15:00,24.5,25.4,23.1,0.3,3.5,11.1,80,3,0.5,0.5,1.5,8.1,620,92,0,0,27.9,70,30.4,21.9
2026-07-09T01:12:00+05:30,2026-07-09 01:12:00,24.5,25.4,22.9,0,0,0,72,3,0.5,0.5,1.5,8.1,620,91,0,0,27.9,70,30.4,21.9
2026-07-09T00:55:00+05:30,2026-07-09 00:55:00,24.5,25.4,22.9,0,0,7.2,76,0,0,0,1,7.6,619.5,91,0,0,28,69,30.6,21.8
2026-07-09T00:50:00+05:30,2026-07-09 00:50:00,24.5,25.4,22.9,0,5.5,7.2,87,0,0,0,1,7.6,619.5,91,0,0,28,69,30.6,21.8
2026-07-09T00:45:00+05:30,2026-07-09 00:45:00,24.5,25.4,22.9,0,0,7.2,77,0,0,0,1,7.6,619.5,91,0,0,28,69,30.6,21.8
2026-07-09T00:40:00+05:30,2026-07-09 00:40:00,24.5,25.4,22.9,0,5.5,7.2,69,0,0,0,1,7.6,619.5,91,0,0,28.1,69,30.7,21.9
2026-07-09T00:36:00+05:30,2026-07-09 00:36:00,24.4,25.3,22.8,0.6,7.2,7.2,71,0,0,0,1,7.6,619.5,91,0,0,28.1,69,30.7,21.9
2026-07-09T00:30:00+05:30,2026-07-09 00:30:00,24.4,25.3,23,0,7.2,7.2,77,0,0,0,1,7.6,619.5,92,0,0,28.1,69,30.7,21.9
2026-07-09T00:25:00+05:30,2026-07-09 00:25:00,24.5,25.4,23.1,0,1.8,7.2,82,0,0,0,1,7.6,619.5,92,0,0,28.1,69,30.7,21.9
2026-07-09T00:20:00+05:30,2026-07-09 00:20:00,24.5,25.4,22.9,0,1.8,7.2,57,0,0,0,1,7.6,619.5,91,0,0,28.1,69,30.7,21.9
2026-07-09T00:15:00+05:30,2026-07-09 00:15:00,24.4,25.3,23,0,0,7.2,72,0,0,0,1,7.6,619.5,92,0,0,28.1,69,30.7,21.9
2026-07-09T00:10:00+05:30,2026-07-09 00:10:00,24.4,25.3,23,0,0,7.2,77,0,0,0,1,7.6,619.5,92,0,0,28.2,69,30.9,22
2026-07-09T00:05:00+05:30,2026-07-09 00:05:00,24.3,25.2,22.9,0,5.5,7.2,82,0,0,0,1,7.6,619.5,92,0,0,28.2,69,30.9,22
2026-07-09T00:00:00+05:30,2026-07-09 00:00:00,24.3,25.2,23.1,0,0,0,75,0,0,0,1,7.6,619.5,93,0,0,28.2,69,30.9,22
2026-07-08T23:55:00+05:30,2026-07-08 23:55:00,24.3,25.2,22.9,0,0,21.9,75,0,0,0,1,7.6,619.5,92,0,0,28.2,69,30.9,22
2026-07-08T23:50:00+05:30,2026-07-08 23:50:00,,,,0.6,3.5,21.9,68,0,0,0,1,7.6,619.5,,0,0,28.2,69,30.9,22
2026-07-08T23:45:00+05:30,2026-07-08 23:45:00,,,,0,3.5,21.9,73,0,0,0,1,7.6,619.5,,0,0,28.3,69,31.1,22.1
2026-07-08T23:40:00+05:30,2026-07-08 23:40:00,,,,0,5.5,21.9,72,0,0,0,1,7.6,619.5,,0,0,28.3,69,31.1,22.1
2026-07-08T23:35:00+05:30,2026-07-08 23:35:00,,,,0,1.8,21.9,75,0,0,0,1,7.6,619.5,,0,0,28.3,69,31.1,22.1
2026-07-08T23:30:00+05:30,2026-07-08 23:30:00,,,,0,5.5,21.9,74,0,0,0,1,7.6,619.5,,0,0,28.3,69,31.1,22.1
2026-07-08T23:25:00+05:30,2026-07-08 23:25:00,,,,0,3.5,21.9,83,0,0,0,1,7.6,619.5,,0,0,28.3,69,31.1,22.1
2026-07-08T23:20:00+05:30,2026-07-08 23:20:00,,,,0,0,21.9,84,0,0,0,1,7.6,619.5,,0,0,28.3,69,31.1,22.1
2026-07-08T23:16:00+05:30,2026-07-08 23:16:00,,,,0,5.5,21.9,84,0,0,0,1,7.6,619.5,,0,0,28.4,68,31.1,21.9
2026-07-08T23:10:00+05:30,2026-07-08 23:10:00,,,,6.1,9.3,21.9,118,0,0,0,1,7.6,619.5,,0,0,28.4,68,31.1,21.9
2026-07-08T23:05:00+05:30,2026-07-08 23:05:00,,,,0,7.2,21.9,80,0,0,0,1,7.6,619.5,,0,0,28.4,68,31.1,21.9
2026-07-08T23:00:00+05:30,2026-07-08 23:00:00,,,,0,3.5,21.9,108,0,0,0,1,7.6,619.5,,0,0,28.5,68,31.3,22
2026-07-08T22:55:00+05:30,2026-07-08 22:55:00,,,,1.1,3.5,21.9,111,0,0,0,1,7.6,619.5,,0,0,28.5,68,31.3,22
2026-07-08T22:50:00+05:30,2026-07-08 22:50:00,,,,4.3,7.2,21.9,69,0,0,0,1,7.6,619.5,,0,0,28.5,68,31.3,22
2026-07-08T22:45:00+05:30,2026-07-08 22:45:00,,,,7.2,7.2,21.9,104,0,0,0,1,7.6,619.5,,0,0,28.5,68,31.3,22
2026-07-08T22:40:00+05:30,2026-07-08 22:40:00,,,,0,0,21.9,91,0,0,0,1,7.6,619.5,,0,0,28.5,68,31.3,22
2026-07-08T22:35:00+05:30,2026-07-08 22:35:00,24.9,25.8,23.1,0,3.5,21.9,81,0,0,0,1,7.6,619.5,90,0,0,28.6,68,31.6,22.1
2026-07-08T22:30:00+05:30,2026-07-08 22:30:00,24.9,25.8,23.1,0,5.5,21.9,92,0,0,0,1,7.6,619.5,90,0,0,28.6,68,31.6,22.1
2026-07-08T22:25:00+05:30,2026-07-08 22:25:00,24.8,25.7,23,10.5,13,21.9,110,0,0,0,1,7.6,619.5,90,0,0,28.6,68,31.6,22.1
2026-07-08T22:20:00+05:30,2026-07-08 22:20:00,24.8,25.7,23,0,5.5,21.9,73,0,0,0,1,7.6,619.5,90,0,0,28.6,68,31.6,22.1
2026-07-08T22:15:00+05:30,2026-07-08 22:15:00,24.8,25.7,23,0,5.5,21.9,67,0,0,0,1,7.6,619.5,90,0,0,28.6,67,31.4,21.9
2026-07-08T22:11:00+05:30,2026-07-08 22:11:00,24.8,25.7,23,0,0,21.9,79,0,0,0,1,7.6,619.5,90,0,0,28.6,67,31.4,21.9
2026-07-08T22:05:00+05:30,2026-07-08 22:05:00,24.8,25.7,23,0,3.5,21.9,92,0,0,0,1,7.6,619.5,90,0,0,28.7,67,31.6,22
2026-07-08T22:00:00+05:30,2026-07-08 22:00:00,24.9,25.8,23.1,1.4,5.5,21.9,84,0,0,0,1,7.6,619.5,90,0,0,28.7,67,31.6,22
2026-07-08T21:55:00+05:30,2026-07-08 21:55:00,25,25.9,23.1,0,3.5,21.9,76,0,0,0,1,7.6,619.5,89,0,0,28.7,67,31.6,22
2026-07-08T21:50:00+05:30,2026-07-08 21:50:00,25,25.9,23.1,0,0,21.9,72,0,0,0,1,7.6,619.5,89,0,0,28.7,67,31.6,22
2026-07-08T21:45:00+05:30,2026-07-08 21:45:00,25,25.9,23.1,0,7.2,21.9,81,0,0,0,1,7.6,619.5,89,0,0,28.7,67,31.6,22
2026-07-08T21:40:00+05:30,2026-07-08 21:40:00,25,25.9,23.1,1.4,3.5,21.9,91,0,0,0,1,7.6,619.5,89,0,0,28.8,67,31.7,22
2026-07-08T21:35:00+05:30,2026-07-08 21:35:00,25,25.9,23.1,0,3.5,21.9,92,0,0,0,1,7.6,619.5,89,0,0,28.8,67,31.7,22
2026-07-08T21:30:00+05:30,2026-07-08 21:30:00,25,25.9,23.1,0.3,9.3,21.9,288,0,0,0,1,7.6,619.5,89,0,0,28.8,67,31.7,22
2026-07-08T21:25:00+05:30,2026-07-08 21:25:00,24.9,25.8,22.9,3.2,5.5,21.9,86,0,0,0,1,7.6,619.5,89,0,0,28.9,67,31.9,22.1
2026-07-08T21:20:00+05:30,2026-07-08 21:20:00,24.9,25.8,22.9,6.1,7.2,21.9,96,0,0,0,1,7.6,619.5,89,0,0,28.9,67,31.9,22.1
2026-07-08T21:15:00+05:30,2026-07-08 21:15:00,25,25.9,23.1,0,5.5,21.9,72,0,0,0,1,7.6,619.5,89,0,0,28.9,67,31.9,22.1
2026-07-08T21:10:00+05:30,2026-07-08 21:10:00,24.9,25.8,22.9,0.3,1.8,21.9,56,0,0,0,1,7.6,619.5,89,0,0,28.9,67,31.9,22.1
2026-07-08T21:05:00+05:30,2026-07-08 21:05:00,24.9,25.8,22.9,0,0,21.9,77,0,0,0,1,7.6,619.5,89,0,0,29,67,32.2,22.2
2026-07-08T21:00:00+05:30,2026-07-08 21:00:00,24.9,25.8,22.9,0,0,21.9,75,0,0,0,1,7.6,619.5,89,0,0,29,66,32,22
2026-07-08T20:55:00+05:30,2026-07-08 20:55:00,25,25.9,23.1,0,0,21.9,85,0,0,0,1,7.6,619.5,89,0,0,29,66,32,22
2026-07-08T20:50:00+05:30,2026-07-08 20:50:00,24.9,25.8,22.9,0,0,21.9,74,0,0,0,1,7.6,619.5,89,0,0,29,66,32,22
2026-07-08T20:45:00+05:30,2026-07-08 20:45:00,24.9,25.8,22.9,0,0,21.9,70,0,0,0,1,7.6,619.5,89,0,0,29,66,32,22
2026-07-08T20:40:00+05:30,2026-07-08 20:40:00,25,25.9,23.1,2.1,3.5,21.9,123,0,0,0,1,7.6,619.5,89,0,0,29,66,32,22
2026-07-08T20:36:00+05:30,2026-07-08 20:36:00,25,25.9,23.1,0,0,21.9,78,0,0,0,1,7.6,619.5,89,0,0,29.1,66,32.2,22.1
2026-07-08T20:30:00+05:30,2026-07-08 20:30:00,25.1,26,23,0,0,21.9,70,0,0,0,1,7.6,619.5,88,0,0,29.1,66,32.2,22.1
2026-07-08T20:25:00+05:30,2026-07-08 20:25:00,25.2,26.1,23.1,0,5.5,21.9,93,0,0,0,1,7.6,619.5,88,0,0,29.2,66,32.4,22.2
2026-07-08T20:20:00+05:30,2026-07-08 20:20:00,25.2,26.1,23.1,1.1,9.3,21.9,74,0,0,0,1,7.6,619.5,88,0,0,29.2,66,32.4,22.2
2026-07-08T20:15:00+05:30,2026-07-08 20:15:00,25.2,26.1,23.1,5.5,9.3,21.9,133,0,0,0,1,7.6,619.5,88,0,0,29.3,66,32.6,22.3
2026-07-08T20:10:00+05:30,2026-07-08 20:10:00,25.2,26.1,23.1,0.3,1.8,21.9,93,0,0,0,1,7.6,619.5,88,0,0,29.3,65,32.4,22
2026-07-08T20:05:00+05:30,2026-07-08 20:05:00,25.2,26.1,23.1,3.2,9.3,21.9,83,0,0,0,1,7.6,619.5,88,0,0,29.4,65,32.6,22.1
2026-07-08T20:00:00+05:30,2026-07-08 20:00:00,25.2,26.1,22.9,3.5,5.5,21.9,109,0,0,0,1,7.6,619.5,87,0,0,29.4,65,32.6,22.1
2026-07-08T19:55:00+05:30,2026-07-08 19:55:00,25.3,26.1,23,2.1,7.2,21.9,81,0,0,0,1,7.6,619.5,87,0,0,29.4,65,32.6,22.1
2026-07-08T19:50:00+05:30,2026-07-08 19:50:00,25.3,26.1,23,0.3,1.8,21.9,91,0,0,0,1,7.6,619.5,87,0,0,29.4,65,32.6,22.1
2026-07-08T19:45:00+05:30,2026-07-08 19:45:00,25.3,26.1,23,0.3,3.5,21.9,81,0,0,0,1,7.6,619.5,87,0,0,29.5,65,32.8,22.2
2026-07-08T19:40:00+05:30,2026-07-08 19:40:00,25.4,26.2,22.9,0.3,3.5,21.9,69,0,0,0,1,7.6,619.5,86,0,0,29.5,65,32.8,22.2
2026-07-08T19:35:00+05:30,2026-07-08 19:35:00,25.4,26.2,22.9,0,3.5,21.9,85,0,0,0,1,7.6,619.5,86,0,0,29.6,65,33.1,22.3
2026-07-08T19:31:00+05:30,2026-07-08 19:31:00,25.5,26.4,23,0,5.5,21.9,72,0,0,0,1,7.6,619.5,86,0,0,29.6,65,33.1,22.3
2026-07-08T19:25:00+05:30,2026-07-08 19:25:00,25.6,26.4,22.9,0,7.2,21.9,82,0,0,0,1,7.6,619.5,85,0,0,29.6,64,32.9,22.1
2026-07-08T19:20:00+05:30,2026-07-08 19:20:00,25.6,26.4,22.9,0,0,21.9,78,0,0,0,1,7.6,619.5,85,0,0,29.7,64,33.1,22.2
2026-07-08T19:15:00+05:30,2026-07-08 19:15:00,25.7,26.6,23,0,5.5,21.9,70,0,0,0,1,7.6,619.5,85,0,0,29.7,64,33.1,22.2
2026-07-08T19:10:00+05:30,2026-07-08 19:10:00,25.8,26.6,23.1,0,1.8,21.9,75,0,0,0,1,7.6,619.5,85,0,0,29.7,64,33.1,22.2
2026-07-08T19:05:00+05:30,2026-07-08 19:05:00,25.8,26.6,22.9,0,0,21.9,71,0,0,0,1,7.6,619.5,84,0,0,29.8,64,33.2,22.2
2026-07-08T19:00:00+05:30,2026-07-08 19:00:00,25.9,26.7,23,0,1.8,21.9,101,0,0,0,1,7.6,619.5,84,0,0,29.8,64,33.2,22.2
2026-07-08T18:55:00+05:30,2026-07-08 18:55:00,26,26.8,23.1,0,1.8,21.9,75,0,0,0,1,7.6,619.5,84,0,0,29.8,64,33.2,22.2
2026-07-08T18:50:00+05:30,2026-07-08 18:50:00,25.9,26.7,22.8,0,7.2,21.9,75,0,0,0,1,7.6,619.5,83,0,0,29.9,64,33.4,22.3
2026-07-08T18:45:00+05:30,2026-07-08 18:45:00,26.1,26.9,23,0,5.5,21.9,100,0,0,0,1,7.6,619.5,83,0,0,29.9,64,33.4,22.3
2026-07-08T18:40:00+05:30,2026-07-08 18:40:00,26.2,27.1,23.1,0,0,21.9,82,0,0,0,1,7.6,619.5,83,0,0.1,29.9,64,33.4,22.3
2026-07-08T18:35:00+05:30,2026-07-08 18:35:00,26.2,27,22.9,0,0,21.9,71,0,0,0,1,7.6,619.5,82,0,0.5,30,63,33.4,22.2
2026-07-08T18:30:00+05:30,2026-07-08 18:30:00,26.3,27.1,23,0,0,21.9,83,0,0,0,1,7.6,619.5,82,0,1.4,30,63,33.4,22.2
2026-07-08T18:26:00+05:30,2026-07-08 18:26:00,26.4,27.2,22.9,0,7.2,21.9,86,0,0,0,1,7.6,619.5,81,0,2.6,30.1,63,33.7,22.3
2026-07-08T18:20:00+05:30,2026-07-08 18:20:00,26.5,27.3,23,2.1,5.5,21.9,92,0,0,0,1,7.6,619.5,81,0,5,30.1,63,33.7,22.3
2026-07-08T18:15:00+05:30,2026-07-08 18:15:00,26.6,27.4,22.9,0,0,21.9,80,0,0,0,1,7.6,619.5,80,0,7.1,30.1,63,33.7,22.3
2026-07-08T18:10:00+05:30,2026-07-08 18:10:00,26.6,27.4,22.9,1.4,11.1,21.9,98,0,0,0,1,7.6,619.5,80,0,9.7,30.2,63,33.9,22.4
2026-07-08T18:05:00+05:30,2026-07-08 18:05:00,26.9,29.4,22.9,0.6,7.2,21.9,79,0,0,0,1,7.6,619.5,79,0,12.5,30.2,63,33.9,22.4
2026-07-08T18:00:00+05:30,2026-07-08 18:00:00,26.8,29.2,22.8,3.5,5.5,21.9,97,0,0,0,1,7.6,619.5,79,0,15.5,30.2,63,33.9,22.4
2026-07-08T17:55:00+05:30,2026-07-08 17:55:00,27,29.6,23,1.8,5.5,21.9,110,0,0,0,1,7.6,619.5,79,0,20.3,30.3,63,34.1,22.4
2026-07-08T17:50:00+05:30,2026-07-08 17:50:00,27.1,29.8,22.9,1.4,11.1,21.9,85,0,0,0,1,7.6,619.5,78,0,22.6,30.3,63,34.1,22.4
2026-07-08T17:45:00+05:30,2026-07-08 17:45:00,27.3,30.1,23.1,4,13,21.9,67,0,0,0,1,7.6,619.5,78,0,26.6,30.4,63,34.3,22.6
2026-07-08T17:40:00+05:30,2026-07-08 17:40:00,27.4,30.4,23.2,0,3.5,21.9,88,0,0,0,1,7.6,619.5,78,0,32,30.4,63,34.3,22.6
2026-07-08T17:36:00+05:30,2026-07-08 17:36:00,27.7,31,23.3,0,3.5,21.9,82,0,0,0,1,7.6,619.5,77,0,38.4,30.4,63,34.3,22.6
2026-07-08T17:30:00+05:30,2026-07-08 17:30:00,28.2,32,23.6,8.7,11.1,21.9,105,0,0,0,1,7.6,619.5,76,0,58.1,30.5,63,34.5,22.7
2026-07-08T17:25:00+05:30,2026-07-08 17:25:00,28.4,32.2,23.5,0,9.3,21.9,71,0,0,0,1,7.6,619.5,75,0,68.5,30.5,63,34.5,22.7
2026-07-08T17:20:00+05:30,2026-07-08 17:20:00,28.4,32.4,23.7,0,7.2,21.9,67,0,0,0,1,7.6,619.5,76,0,79.3,30.5,63,34.5,22.7
2026-07-08T17:15:00+05:30,2026-07-08 17:15:00,28.6,32.8,23.7,4,5.5,21.9,73,0,0,0,1,7.6,619.5,75,0,89.1,30.5,63,34.5,22.7
2026-07-08T17:10:00+05:30,2026-07-08 17:10:00,28.7,32.8,23.6,5.5,7.2,21.9,140,0,0,0,1,7.6,619.5,74,0,69.2,30.5,63,34.5,22.7
2026-07-08T17:05:00+05:30,2026-07-08 17:05:00,28.8,32.8,23.4,0,5.5,21.9,85,0,0,0,1,7.6,619.5,73,0,101.7,30.6,63,34.7,22.7
2026-07-08T17:00:00+05:30,2026-07-08 17:00:00,28.6,32.6,23.5,0,7.2,21.9,79,0,0,0,1,7.6,619.5,74,0,95.8,30.6,63,34.7,22.7
2026-07-08T16:55:00+05:30,2026-07-08 16:55:00,28.5,32.3,23.4,0,1.8,21.9,71,0,0,0,1,7.6,619.5,74,0,76.6,30.7,63,35,22.8
2026-07-08T16:50:00+05:30,2026-07-08 16:50:00,28.9,33,23.5,5.5,16.6,21.9,109,0,0,0,1,7.6,619.5,73,1,106.7,30.6,63,34.7,22.7
2026-07-08T16:45:00+05:30,2026-07-08 16:45:00,29.2,33.6,23.6,0.3,7.2,21.9,70,0,0,0,1,7.6,619.5,72,1,124.7,30.7,63,35,22.8
2026-07-08T16:40:00+05:30,2026-07-08 16:40:00,29.1,33.4,23.5,0,11.1,21.9,86,0,0,0,1,7.6,619.5,72,1,188.3,30.7,63,35,22.8
2026-07-08T16:35:00+05:30,2026-07-08 16:35:00,28.9,33,23.5,9.3,14.8,21.9,42,0,0,0,1,7.6,619.5,73,1,191.1,30.7,62,34.7,22.6
2026-07-08T16:31:00+05:30,2026-07-08 16:31:00,29,33.3,23.7,6.4,13,21.9,98,0,0,0,1,7.6,619.5,73,1,179.9,30.7,62,34.7,22.6
2026-07-08T16:25:00+05:30,2026-07-08 16:25:00,29.4,34,23.8,6.1,13,21.9,108,0,0,0,1,7.6,619.5,72,2,205.5,30.7,62,34.7,22.6
2026-07-08T16:20:00+05:30,2026-07-08 16:20:00,29.1,33.2,23.3,3.5,13,21.9,54,0,0,0,1,7.6,619.5,71,2,253.6,30.7,62,34.7,22.6
2026-07-08T16:15:00+05:30,2026-07-08 16:15:00,28.7,32.7,23.4,0.6,16.6,21.9,93,0,0,0,1,7.6,619.5,73,1,123.3,30.7,62,34.7,22.6
2026-07-08T16:10:00+05:30,2026-07-08 16:10:00,28.8,32.6,23.2,4,7.2,21.9,68,0,0,0,1,7.6,619.5,72,2,231.4,30.8,62,34.9,22.6
2026-07-08T16:05:00+05:30,2026-07-08 16:05:00,29.4,33.8,23.6,3.2,13,21.9,89,0,0,0,1,7.6,619.5,71,2,223.7,30.8,63,35.1,22.9
2026-07-08T16:00:00+05:30,2026-07-08 16:00:00,29.3,33.5,23.5,5.5,13,21.9,56,0,0,0,1,7.6,619.5,71,3,343.2,30.8,63,35.1,22.9
2026-07-08T15:55:00+05:30,2026-07-08 15:55:00,28.9,32.9,23.3,3.2,13,21.9,132,0,0,0,1,7.6,619.5,72,2,228,30.8,63,35.1,22.9
2026-07-08T15:50:00+05:30,2026-07-08 15:50:00,29.5,34.1,23.7,1.4,13,21.9,111,0,0,0,1,7.6,619.5,71,3,314.8,30.8,63,35.1,22.9
2026-07-08T15:45:00+05:30,2026-07-08 15:45:00,30,35,23.9,5.5,7.2,21.9,212,0,0,0,1,7.6,619.5,70,3,334.5,30.8,63,35.1,22.9
2026-07-08T15:40:00+05:30,2026-07-08 15:40:00,29.6,34.3,23.8,5.5,9.3,21.9,93,0,0,0,1,7.6,619.5,71,3,349.4,30.8,63,35.1,22.9
2026-07-08T15:35:00+05:30,2026-07-08 15:35:00,30.1,35.1,23.8,7.2,11.1,21.9,73,0,0,0,1,7.6,619.5,69,3,361.8,30.8,63,35.1,22.9
2026-07-08T15:30:00+05:30,2026-07-08 15:30:00,29.8,34.7,23.9,4,16.6,21.9,88,0,0,0,1,7.6,619.5,71,3,389,30.8,63,35.1,22.9
2026-07-08T15:26:00+05:30,2026-07-08 15:26:00,30.1,35.3,24,2.1,18.3,21.9,59,0,0,0,1,7.6,619.5,70,4,419.6,30.8,63,35.1,22.9
2026-07-08T15:20:00+05:30,2026-07-08 15:20:00,30.3,35.2,23.7,6.4,16.6,21.9,115,0,0,0,1,7.6,619.5,68,4,412.9,30.7,63,35,22.8
2026-07-08T15:15:00+05:30,2026-07-08 15:15:00,30.6,35.8,23.8,9.3,14.8,21.9,136,0,0,0,1,7.6,619.5,67,4,427.7,30.7,63,35,22.8
2026-07-08T15:10:00+05:30,2026-07-08 15:10:00,30.6,36,24,3.2,9.3,21.9,94,0,0,0,1,7.6,619.5,68,4,440.2,30.7,63,35,22.8
2026-07-08T15:05:00+05:30,2026-07-08 15:05:00,30.3,35.5,23.9,0.6,7.2,21.9,84,0,0,0,1,7.6,619.5,69,4,468.1,30.6,63,34.7,22.7
2026-07-08T15:00:00+05:30,2026-07-08 15:00:00,30.4,35.5,23.8,0,5.5,21.9,60,0,0,0,1,7.6,619.5,68,4,481.9,30.6,63,34.7,22.7
2026-07-08T14:55:00+05:30,2026-07-08 14:55:00,30.2,35.3,23.9,7.2,13,21.9,144,0,0,0,1,7.6,619.5,69,5,515.3,30.6,63,34.7,22.7
2026-07-08T14:50:00+05:30,2026-07-08 14:50:00,30.4,35.7,24,6.1,14.8,21.9,158,0,0,0,1,7.6,619.5,69,3,382.1,30.5,63,34.5,22.7
2026-07-08T14:45:00+05:30,2026-07-08 14:45:00,30.2,35.1,23.6,4.7,13,21.9,134,0,0,0,1,7.6,619.5,68,5,530.1,30.5,63,34.5,22.7
2026-07-08T14:40:00+05:30,2026-07-08 14:40:00,30.1,35.1,23.8,0.3,11.1,21.9,81,0,0,0,1,7.6,619.5,69,5,547.6,30.5,63,34.5,22.7
2026-07-08T14:35:00+05:30,2026-07-08 14:35:00,29.3,33.5,23.5,1.4,5.5,21.9,93,0,0,0,1,7.6,619.5,71,4,456.6,30.5,63,34.5,22.7
2026-07-08T14:30:00+05:30,2026-07-08 14:30:00,29.7,34.4,23.6,2.1,13,21.9,38,0,0,0,1,7.6,619.5,70,2,259.6,30.5,63,34.5,22.7
2026-07-08T14:25:00+05:30,2026-07-08 14:25:00,30,35,23.9,3.5,13,21.9,66,0,0,0,1,7.6,619.5,70,1,193.6,30.5,63,34.5,22.7
2026-07-08T14:20:00+05:30,2026-07-08 14:20:00,30,34.6,23.4,1.8,14.8,21.9,83,0,0,0,1,7.6,619.5,68,4,429.2,30.5,62,34.3,22.4
2026-07-08T14:15:00+05:30,2026-07-08 14:15:00,30.2,35.1,23.6,2.1,7.2,21.9,95,0,0,0,1,7.6,619.5,68,6,638.2,30.4,62,34.1,22.3
2026-07-08T14:10:00+05:30,2026-07-08 14:10:00,30.3,34.7,23.2,7.2,13,21.9,27,0,0,0,1,7.6,619.5,66,3,326,30.5,63,34.5,22.7
2026-07-08T14:06:00+05:30,2026-07-08 14:06:00,30.6,35.5,23.5,4,13,21.9,79,0,0,0,1,7.6,619.5,66,6,671.2,30.4,64,34.5,22.8
2026-07-08T14:00:00+05:30,2026-07-08 14:00:00,30.2,35.6,24.1,0,13,21.9,106,0,0,0,1,7.6,619.5,70,6,675.3,30.4,64,34.5,22.8
2026-07-08T13:55:00+05:30,2026-07-08 13:55:00,30.4,35.2,23.6,1.8,13,21.9,106,0,0,0,1,7.6,619.5,67,6,677,30.3,64,34.3,22.7
2026-07-08T13:50:00+05:30,2026-07-08 13:50:00,30.5,35.8,23.9,0,11.1,21.9,71,0,0,0,1,7.6,619.5,68,7,756.8,30.3,65,34.5,22.9
2026-07-08T13:45:00+05:30,2026-07-08 13:45:00,30.5,35.8,23.9,6.4,13,21.9,105,0,0,0,1,7.6,619.5,68,2,292,30.2,65,34.4,22.9
2026-07-08T13:40:00+05:30,2026-07-08 13:40:00,31.1,37.3,24.5,1.1,9.3,21.9,75,0,0,0,1,7.6,619.5,68,2,207.2,30.2,65,34.4,22.9
2026-07-08T13:35:00+05:30,2026-07-08 13:35:00,30.6,36.3,24.3,6.1,13,21.9,93,0,0,0,1,7.6,619.5,69,7,747.8,30.1,65,34.1,22.8
2026-07-08T13:30:00+05:30,2026-07-08 13:30:00,30.1,35.1,23.8,4,11.1,21.9,68,0,0,0,1,7.6,619.5,69,6,714.5,30,65,33.9,22.7
2026-07-08T13:25:00+05:30,2026-07-08 13:25:00,30.4,35.7,24,4,5.5,21.9,84,0,0,0,1,7.6,619.5,69,6,715.2,29.9,65,33.7,22.6
2026-07-08T13:20:00+05:30,2026-07-08 13:20:00,29.4,33.8,23.6,3.5,16.6,21.9,73,0,0,0,1,7.6,619.5,71,7,732.2,29.9,65,33.7,22.6
2026-07-08T13:15:00+05:30,2026-07-08 13:15:00,29.4,34,23.8,6.4,7.2,21.9,92,0,0,0,1,7.6,619.5,72,3,349.8,29.9,65,33.7,22.6
2026-07-08T13:10:00+05:30,2026-07-08 13:10:00,30.7,36.6,24.4,0,3.5,21.9,70,0,0,0,1,7.6,619.5,69,1,200.6,29.8,65,33.4,22.5
2026-07-08T13:05:00+05:30,2026-07-08 13:05:00,30.4,35.5,23.8,0,7.2,21.9,95,0,0,0,1,7.6,619.5,68,7,749.3,29.7,65,33.3,22.4
2026-07-08T13:01:00+05:30,2026-07-08 13:01:00,29.9,34.3,23.3,2.1,11.1,21.9,93,0,0,0,1,7.6,619.5,68,7,755.5,29.7,65,33.3,22.4
2026-07-08T12:55:00+05:30,2026-07-08 12:55:00,30.2,35.1,23.6,1.8,7.2,21.9,82,0,0,0,1,7.6,619.5,68,7,769.5,29.6,65,33.1,22.3
2026-07-08T12:50:00+05:30,2026-07-08 12:50:00,30.3,35.5,23.9,2.6,7.2,21.9,90,0,0,0,1,7.6,619.5,69,7,810.5,29.6,66,33.3,22.6
2026-07-08T12:45:00+05:30,2026-07-08 12:45:00,30.3,35.5,23.9,1.8,18.3,21.9,91,0,0,0,1,7.6,619.5,69,8,838.4,29.5,66,33.1,22.4
2026-07-08T12:40:00+05:30,2026-07-08 12:40:00,29.9,34.5,23.6,6.9,13,21.9,78,0,0,0,1,7.6,619.5,69,7,732.7,29.5,66,33.1,22.4
2026-07-08T12:35:00+05:30,2026-07-08 12:35:00,30,35,23.9,7.2,9.3,21.9,63,0,0,0,1,7.6,619.5,70,7,818.1,29.4,66,32.8,22.3
2026-07-08T12:30:00+05:30,2026-07-08 12:30:00,29.7,34.4,23.6,0,3.5,21.9,72,0,0,0,1,7.6,619.5,70,7,808.8,29.4,65,32.6,22.1
2026-07-08T12:25:00+05:30,2026-07-08 12:25:00,29.8,34.1,23.2,2.9,13,21.9,76,0,0,0,1,7.6,619.5,68,8,823.1,29.3,66,32.6,22.3
2026-07-08T12:20:00+05:30,2026-07-08 12:20:00,29.9,34.5,23.6,7.9,18.3,21.9,107,0,0,0,1,7.6,619.5,69,8,823.5,29.3,65,32.4,22
2026-07-08T12:15:00+05:30,2026-07-08 12:15:00,30.2,35.3,23.9,7.2,18.3,21.9,117,0,0,0,1,7.6,619.5,69,8,854.3,29.2,66,32.4,22.2
2026-07-08T12:10:00+05:30,2026-07-08 12:10:00,30,34.8,23.7,5.5,11.1,21.9,109,0,0,0,1,7.6,619.5,69,8,897.3,29.1,66,32.2,22.1
2026-07-08T12:05:00+05:30,2026-07-08 12:05:00,29.9,34.5,23.6,5.5,14.8,21.9,86,0,0,0,1,7.6,619.5,69,8,880.1,29,66,32,22
2026-07-08T12:00:00+05:30,2026-07-08 12:00:00,29.5,33.6,23.2,8.7,11.1,21.9,101,0,0,0,1,7.6,619.5,69,4,462.6,29,66,32,22
2026-07-08T11:56:00+05:30,2026-07-08 11:56:00,29.5,33.6,23.2,6.1,13,21.9,86,0,0,0,1,7.6,619.5,69,7,798.3,28.9,67,31.9,22.1
2026-07-08T11:50:00+05:30,2026-07-08 11:50:00,29.5,34.1,23.7,2.9,20.1,21.9,77,0,0,0,1,7.6,619.5,71,7,792.1,28.8,67,31.7,22
2026-07-08T11:45:00+05:30,2026-07-08 11:45:00,29.6,34.1,23.5,9,16.6,21.9,111,0,0,0,1,7.6,619.5,70,7,789.8,28.8,67,31.7,22
2026-07-08T11:40:00+05:30,2026-07-08 11:40:00,29,32.9,23.2,10.5,14.8,21.9,90,0,0,0,1,7.6,619.5,71,7,789.4,28.7,66,31.4,21.7
2026-07-08T11:35:00+05:30,2026-07-08 11:35:00,28.8,32.4,23,0.6,13,21.9,95,0,0,0,1,7.6,619.5,71,6,623.5,28.7,67,31.6,22
2026-07-08T11:30:00+05:30,2026-07-08 11:30:00,30,34.8,23.7,6.1,16.6,21.9,56,0,0,0,1,7.6,619.5,69,2,229.9,28.6,67,31.4,21.9
2026-07-08T11:25:00+05:30,2026-07-08 11:25:00,30,34.6,23.4,6.1,7.2,21.9,90,0,0,0,1,7.6,619.5,68,8,847,28.5,67,31.2,21.8
2026-07-08T11:20:00+05:30,2026-07-08 11:20:00,29.6,33.9,23.3,2.9,9.3,21.9,81,0,0,0,1,7.6,619.5,69,5,577.4,28.4,67,31,21.7
2026-07-08T11:15:00+05:30,2026-07-08 11:15:00,29.2,33,22.9,6.9,16.6,21.9,145,0,0,0,1,7.6,619.5,69,7,798.9,28.3,67,30.8,21.6
2026-07-08T11:10:00+05:30,2026-07-08 11:10:00,29.3,33.1,23,9.3,16.6,21.9,118,0,0,0,1,7.6,619.5,69,7,798.6,28.3,67,30.8,21.6
2026-07-08T11:05:00+05:30,2026-07-08 11:05:00,29.1,33.2,23.3,0,11.1,21.9,85,0,0,0,1,7.6,619.5,71,8,831.2,28.2,67,30.7,21.5
2026-07-08T11:00:00+05:30,2026-07-08 11:00:00,28.7,32.3,22.9,7.2,13,21.9,127,0,0,0,1,7.6,619.5,71,7,799.1,28.2,67,30.7,21.5
2026-07-08T10:55:00+05:30,2026-07-08 10:55:00,29.2,33,22.9,0,9.3,21.9,49,0,0,0,1,7.6,619.5,69,2,226.5,28.1,68,30.6,21.6
2026-07-08T10:50:00+05:30,2026-07-08 10:50:00,29.1,32.8,22.8,6.4,16.6,21.9,70,0,0,0,1,7.6,619.5,69,7,797.3,28,68,30.4,21.6
2026-07-08T10:45:00+05:30,2026-07-08 10:45:00,29.1,32.8,22.8,2.9,9.3,21.9,92,0,0,0,1,7.6,619.5,69,7,786.4,28,68,30.4,21.6
2026-07-08T10:40:00+05:30,2026-07-08 10:40:00,29,32.7,23,2.6,20.1,21.9,86,0,0,0,1,7.6,619.5,70,4,471.5,27.9,68,30.2,21.4
2026-07-08T10:35:00+05:30,2026-07-08 10:35:00,29,32.7,23,1.1,13,21.9,103,0,0,0,1,7.6,619.5,70,7,788.9,27.8,68,30,21.3
2026-07-08T10:30:00+05:30,2026-07-08 10:30:00,29,32.9,23.2,6.4,11.1,21.9,92,0,0,0,1,7.6,619.5,71,7,764.5,27.8,69,30.1,21.6
2026-07-08T10:25:00+05:30,2026-07-08 10:25:00,29.1,33.2,23.3,0.6,11.1,21.9,84,0,0,0,1,7.6,619.5,71,7,720.8,27.7,69,30,21.5
2026-07-08T10:20:00+05:30,2026-07-08 10:20:00,29.1,33,23.1,1.1,7.2,21.9,109,0,0,0,1,7.6,619.5,70,2,258.8,27.6,69,29.8,21.4
2026-07-08T10:15:00+05:30,2026-07-08 10:15:00,28.7,32.1,22.7,2.9,16.6,21.9,139,0,0,0,1,7.6,619.5,70,6,717.1,27.6,69,29.8,21.4
2026-07-08T10:10:00+05:30,2026-07-08 10:10:00,28.5,32.2,23.2,2.1,7.2,21.9,110,0,0,0,1,7.6,619.5,73,6,689.1,27.5,69,29.6,21.3
2026-07-08T10:05:00+05:30,2026-07-08 10:05:00,28.7,32.5,23.2,5,16.6,21.9,115,0,0,0,1,7.6,619.5,72,6,679.5,27.5,69,29.6,21.3
2026-07-08T10:00:00+05:30,2026-07-08 10:00:00,28.2,31.7,23.1,5.5,9.3,21.9,97,0,0,0,1,7.6,619.5,74,6,654.7,27.4,69,29.4,21.2
2026-07-08T09:55:00+05:30,2026-07-08 09:55:00,28.4,31.7,22.8,9.3,16.6,21.9,112,0,0,0,1,7.6,619.5,72,6,651.5,27.4,69,29.4,21.2
2026-07-08T09:50:00+05:30,2026-07-08 09:50:00,28.2,31.5,22.9,11.6,16.6,21.9,92,0,0,0,1,7.6,619.5,73,6,649.3,27.3,69,29.2,21.1
2026-07-08T09:45:00+05:30,2026-07-08 09:45:00,28,30.9,22.5,12.6,16.6,21.9,82,0,0,0,1,7.6,619.5,72,6,666.8,27.3,70,29.3,21.3
2026-07-08T09:40:00+05:30,2026-07-08 09:40:00,28.3,31.8,23.2,2.1,9.3,18.3,113,0,0,0,1,7.6,619.5,74,1,184.1,27.2,70,29.2,21.3
2026-07-08T09:35:00+05:30,2026-07-08 09:35:00,28.1,31.5,23,1.4,11.1,18.3,87,0,0,0,1,7.6,619.5,74,6,618.5,27.2,70,29.2,21.3
2026-07-08T09:31:00+05:30,2026-07-08 09:31:00,28.3,31.7,23,0,7.2,18.3,152,0,0,0,1,7.6,619.5,73,6,631.2,27.1,70,29.1,21.2
2026-07-08T09:25:00+05:30,2026-07-08 09:25:00,,,,0,11.1,18.3,74,0,0,0,1,7.6,619.5,,1,163.6,27.1,70,29.1,21.2
2026-07-08T09:20:00+05:30,2026-07-08 09:20:00,,,,0,3.5,18.3,88,0,0,0,1,7.6,619.5,,5,559.4,27,70,28.8,21.1
2026-07-08T09:15:00+05:30,2026-07-08 09:15:00,,,,2.9,5.5,18.3,135,0,0,0,1,7.6,619.5,,5,560.1,27,70,28.8,21.1
2026-07-08T09:10:00+05:30,2026-07-08 09:10:00,,,,0,0,18.3,96,0,0,0,1,7.6,619.5,,5,525.8,27,70,28.8,21.1
2026-07-08T09:05:00+05:30,2026-07-08 09:05:00,27.6,30.6,23,4,9.3,18.3,115,0,0,0,1,7.6,619.5,76,2,267.6,26.9,71,28.7,21.2
2026-07-08T09:00:00+05:30,2026-07-08 09:00:00,27.7,30.9,23.1,1.8,7.2,18.3,123,0,0,0,1,7.6,619.5,76,4,490.9,26.8,71,28.6,21.1
2026-07-08T08:55:00+05:30,2026-07-08 08:55:00,27.7,30.8,22.9,0,5.5,18.3,61,0,0,0,1,7.6,619.5,75,1,164.7,26.8,71,28.6,21.1
2026-07-08T08:50:00+05:30,2026-07-08 08:50:00,27.2,29.9,22.8,0.6,7.2,18.3,97,0,0,0,1,7.6,619.5,77,2,222.5,26.7,71,28.4,21
2026-07-08T08:45:00+05:30,2026-07-08 08:45:00,27,29.6,22.8,0,1.8,18.3,79,0,0,0,1,7.6,619.5,78,3,315.4,26.7,71,28.4,21
2026-07-08T08:40:00+05:30,2026-07-08 08:40:00,27.1,29.7,22.7,7.9,13,18.3,110,0,0,0,1,7.6,619.5,77,1,165.9,26.6,71,27.2,20.9
2026-07-08T08:35:00+05:30,2026-07-08 08:35:00,26.9,29.3,22.7,0.3,5.5,18.3,66,0,0,0,1,7.6,619.5,78,2,244.5,26.6,71,27.2,20.9
2026-07-08T08:30:00+05:30,2026-07-08 08:30:00,26.7,29,22.6,2.6,16.6,18.3,72,0,0,0,1,7.6,619.5,78,3,404.8,26.5,71,27.1,20.8
2026-07-08T08:26:00+05:30,2026-07-08 08:26:00,26.7,29.1,22.8,1.8,5.5,14.8,108,0,0,0,1,7.6,619.5,79,3,402.9,26.5,71,27.1,20.8
2026-07-08T08:20:00+05:30,2026-07-08 08:20:00,26.4,27.2,22.9,0.3,5.5,14.8,106,0,0,0,1,7.6,619.5,81,3,363.1,26.4,71,26.9,20.7
2026-07-08T08:15:00+05:30,2026-07-08 08:15:00,26.1,26.9,22.6,0,3.5,14.8,72,0,0,0,1,7.6,619.5,81,3,307.8,26.4,70,26.9,20.4
2026-07-08T08:10:00+05:30,2026-07-08 08:10:00,26,26.8,22.5,0,3.5,14.8,87,0,0,0,1,7.6,619.5,81,3,324.7,26.4,70,26.9,20.4
2026-07-08T08:05:00+05:30,2026-07-08 08:05:00,26,26.8,22.5,1.4,3.5,14.8,112,0,0,0,1,7.6,619.5,81,2,294.5,26.4,70,26.9,20.4
2026-07-08T08:00:00+05:30,2026-07-08 08:00:00,26,26.8,22.7,0.3,5.5,14.8,113,0,0,0,1,7.6,619.5,82,2,303.7,26.4,70,26.9,20.4
2026-07-08T07:55:00+05:30,2026-07-08 07:55:00,25.7,26.5,22.6,0.6,3.5,14.8,48,0,0,0,1,7.6,619.5,83,1,141.3,26.3,70,26.8,20.3
2026-07-08T07:50:00+05:30,2026-07-08 07:50:00,25.7,26.5,22.4,0,5.5,14.8,78,0,0,0,1,7.6,619.5,82,2,276.3,26.3,70,26.8,20.3
2026-07-08T07:45:00+05:30,2026-07-08 07:45:00,25.5,26.2,22.2,0,3.5,14.8,87,0,0,0,1,7.6,619.5,82,2,247.6,26.3,70,26.8,20.3
2026-07-08T07:40:00+05:30,2026-07-08 07:40:00,25.3,26,22.2,0,0,14.8,75,0,0,0,1,7.6,619.5,83,1,167.2,26.2,70,26.7,20.3
2026-07-08T07:35:00+05:30,2026-07-08 07:35:00,25.4,26.2,22.3,0.6,7.2,14.8,78,0,0,0,1,7.6,619.5,83,1,121.2,26.2,70,26.7,20.3
2026-07-08T07:30:00+05:30,2026-07-08 07:30:00,25,25.7,21.9,4.7,5.5,14.8,93,0,0,0,1,7.6,619.5,83,1,173.1,26.2,70,26.7,20.3
2026-07-08T07:25:00+05:30,2026-07-08 07:25:00,25,25.7,21.9,0,0,14.8,81,0,0,0,1,7.6,619.5,83,0,76.6,26.2,70,26.7,20.3
2026-07-08T07:21:00+05:30,2026-07-08 07:21:00,24.9,25.6,21.8,2.1,5.5,14.8,113,0,0,0,1,7.6,619.5,83,0,83.4,26.2,70,26.7,20.3
2026-07-08T07:15:00+05:30,2026-07-08 07:15:00,24.8,25.5,21.9,0,1.8,14.8,77,0,0,0,1,7.6,619.5,84,1,134.9,26.2,70,26.7,20.3
2026-07-08T07:10:00+05:30,2026-07-08 07:10:00,24.5,25.2,21.6,2.9,7.2,14.8,114,0,0,0,1,7.6,619.5,84,1,120.4,26.1,70,26.6,20.2
2026-07-08T07:05:00+05:30,2026-07-08 07:05:00,24.3,25,21.6,0.3,11.1,14.8,78,0,0,0,1,7.6,619.5,85,0,81.5,26.1,70,26.6,20.2
2026-07-08T07:00:00+05:30,2026-07-08 07:00:00,24.2,24.9,21.5,2.1,5.5,14.8,75,0,0,0,1,7.6,619.5,85,0,64.5,26.1,70,26.6,20.2
2026-07-08T06:55:00+05:30,2026-07-08 06:55:00,24.1,24.8,21.6,0,3.5,14.8,76,0,0,0,1,7.6,619.5,86,0,75.7,26.1,70,26.6,20.2
2026-07-08T06:50:00+05:30,2026-07-08 06:50:00,23.9,24.6,21.4,1.4,5.5,14.8,110,0,0,0,1,7.6,619.5,86,0,67.7,26,69,26.4,19.8
2026-07-08T06:45:00+05:30,2026-07-08 06:45:00,23.9,24.6,21.6,0,1.8,14.8,72,0,0,0,1,7.6,619.5,87,0,55.9,26,69,26.4,19.8
2026-07-08T06:40:00+05:30,2026-07-08 06:40:00,23.9,24.6,21.4,0.3,1.8,14.8,89,0,0,0,1,7.6,619.5,86,0,41.1,26.1,69,26.6,19.9
2026-07-08T06:35:00+05:30,2026-07-08 06:35:00,23.7,24.4,21.4,1.1,3.5,14.8,80,0,0,0,1,7.6,619.5,87,0,34.5,26.1,69,26.6,19.9
2026-07-08T06:30:00+05:30,2026-07-08 06:30:00,23.7,24.4,21.4,0,1.8,14.8,81,0,0,0,1,7.6,619.5,87,0,27.8,26.1,69,26.6,19.9
2026-07-08T06:25:00+05:30,2026-07-08 06:25:00,24,24.7,21.3,0,1.8,14.8,85,0,0,0,1,7.6,619.5,85,0,22.5,26.1,69,26.6,19.9
2026-07-08T06:20:00+05:30,2026-07-08 06:20:00,24,24.7,21.3,0,7.2,14.8,72,0,0,0,1,7.6,619.5,85,0,17.7,26.1,69,26.6,19.9
2026-07-08T06:16:00+05:30,2026-07-08 06:16:00,23.5,24.2,21,6.1,7.2,11.1,97,0,0,0,1,7.6,619.5,86,0,14,26.1,69,26.6,19.9
2026-07-08T06:10:00+05:30,2026-07-08 06:10:00,23.4,24.1,21.1,0,0,11.1,78,0,0,0,1,7.6,619.5,87,0,10,26.1,69,26.6,19.9
2026-07-08T06:05:00+05:30,2026-07-08 06:05:00,23.4,24.1,21.3,3.5,7.2,11.1,102,0,0,0,1,7.6,619.5,88,0,6.5,26.2,69,26.7,20.1
2026-07-08T06:00:00+05:30,2026-07-08 06:00:00,23.3,24,21.2,0,0,11.1,70,0,0,0,1,7.6,619.5,88,0,4,26.1,69,26.6,19.9
2026-07-08T05:55:00+05:30,2026-07-08 05:55:00,23.4,24.1,21.3,0.6,5.5,11.1,83,0,0,0,1,7.6,619.5,88,0,2.4,26.2,69,26.7,20.1
2026-07-08T05:50:00+05:30,2026-07-08 05:50:00,23.4,24.1,21.3,0,3.5,11.1,72,0,0,0,1,7.6,619.5,88,0,0.9,26.2,69,26.7,20.1
2026-07-08T05:45:00+05:30,2026-07-08 05:45:00,23.4,24.1,21.3,1.4,9.3,11.1,80,0,0,0,1,7.6,619.5,88,0,0.3,26.2,69,26.7,20.1
2026-07-08T05:40:00+05:30,2026-07-08 05:40:00,23.3,24,21.2,4.3,7.2,11.1,95,0,0,0,1,7.6,619.5,88,0,0.1,26.2,69,26.7,20.1
2026-07-08T05:35:00+05:30,2026-07-08 05:35:00,23.4,24.1,21.3,1.1,7.2,11.1,68,0,0,0,1,7.6,619.5,88,0,0,26.3,69,26.8,20.1
2026-07-08T05:30:00+05:30,2026-07-08 05:30:00,23.5,24.2,21.2,2.9,7.2,11.1,106,0,0,0,1,7.6,619.5,87,0,0,26.3,69,26.8,20.1
2026-07-08T05:25:00+05:30,2026-07-08 05:25:00,23.4,24.1,21.3,0,0,11.1,75,0,0,0,1,7.6,619.5,88,0,0,26.3,69,26.8,20.1
2026-07-08T05:20:00+05:30,2026-07-08 05:20:00,23.3,24,21.4,0,5.5,11.1,81,0,0,0,1,7.6,619.5,89,0,0,26.3,69,26.8,20.1
2026-07-08T05:15:00+05:30,2026-07-08 05:15:00,23.3,24,21.4,0,9.3,11.1,84,0,0,0,1,7.6,619.5,89,0,0,26.3,69,26.8,20.1
2026-07-08T05:10:00+05:30,2026-07-08 05:10:00,23.3,24,21.4,3.2,3.5,11.1,99,0,0,0,1,7.6,619.5,89,0,0,26.3,69,26.8,20.1
2026-07-08T05:05:00+05:30,2026-07-08 05:05:00,23.3,24,21.4,0,3.5,11.1,89,0,0,0,1,7.6,619.5,89,0,0,26.3,69,26.8,20.1
2026-07-08T05:00:00+05:30,2026-07-08 05:00:00,23.3,24,21.4,1.1,5.5,11.1,77,0,0,0,1,7.6,619.5,89,0,0,26.3,69,26.8,20.1
2026-07-08T04:55:00+05:30,2026-07-08 04:55:00,23.3,24,21.2,2.9,5.5,11.1,82,0,0,0,1,7.6,619.5,88,0,0,26.4,69,26.9,20.2
2026-07-08T04:50:00+05:30,2026-07-08 04:50:00,23.4,24.1,21.3,1.8,3.5,11.1,97,0,0,0,1,7.6,619.5,88,0,0,26.4,69,26.9,20.2
2026-07-08T04:45:00+05:30,2026-07-08 04:45:00,23.4,24.1,21.3,1.4,5.5,11.1,99,0,0,0,1,7.6,619.5,88,0,0,26.3,69,26.8,20.1
2026-07-08T04:40:00+05:30,2026-07-08 04:40:00,23.5,24.2,21.4,0,7.2,11.1,109,0,0,0,1,7.6,619.5,88,0,0,26.4,69,26.9,20.2
2026-07-08T04:35:00+05:30,2026-07-08 04:35:00,23.5,24.2,21.4,0,9.3,11.1,80,0,0,0,1,7.6,619.5,88,0,0,26.4,69,26.9,20.2
2026-07-08T04:30:00+05:30,2026-07-08 04:30:00,23.6,24.3,21.5,0.3,9.3,11.1,81,0,0,0,1,7.6,619.5,88,0,0,26.4,69,26.9,20.2
2026-07-08T04:25:00+05:30,2026-07-08 04:25:00,23.6,24.3,21.3,4.3,9.3,11.1,112,0,0,0,1,7.6,619.5,87,0,0,26.4,69,26.9,20.2
2026-07-08T04:20:00+05:30,2026-07-08 04:20:00,23.6,24.3,21.5,1.8,7.2,11.1,75,0,0,0,1,7.6,619.5,88,0,0,26.5,69,27,20.3
2026-07-08T04:15:00+05:30,2026-07-08 04:15:00,23.6,24.3,21.3,0.3,5.5,11.1,112,0,0,0,1,7.6,619.5,87,0,0,26.5,69,27,20.3
2026-07-08T04:10:00+05:30,2026-07-08 04:10:00,23.6,24.3,21.3,0.6,11.1,11.1,76,0,0,0,1,7.6,619.5,87,0,0,26.5,69,27,20.3
2026-07-08T04:05:00+05:30,2026-07-08 04:05:00,23.6,24.3,21.5,6.4,9.3,11.1,72,0,0,0,1,7.6,619.5,88,0,0,26.5,69,27,20.3
2026-07-08T04:00:00+05:30,2026-07-08 04:00:00,23.6,24.3,21.5,5,7.2,11.1,93,0,0,0,1,7.6,619.5,88,0,0,26.5,69,27,20.3
2026-07-08T03:55:00+05:30,2026-07-08 03:55:00,23.6,24.3,21.5,0,0,11.1,84,0,0,0,1,7.6,619.5,88,0,0,26.6,68,27.1,20.2
2026-07-08T03:51:00+05:30,2026-07-08 03:51:00,23.6,24.3,21.5,0,3.5,11.1,75,0,0,0,1,7.6,619.5,88,0,0,26.5,68,27,20.1
2026-07-08T03:45:00+05:30,2026-07-08 03:45:00,23.6,24.3,21.3,0.3,7.2,11.1,89,0,0,0,1,7.6,619.5,87,0,0,26.6,68,27.1,20.2
2026-07-08T03:40:00+05:30,2026-07-08 03:40:00,23.6,24.3,21.3,4.7,7.2,11.1,94,0,0,0,1,7.6,619.5,87,0,0,26.6,68,27.1,20.2
2026-07-08T03:35:00+05:30,2026-07-08 03:35:00,23.6,24.3,21.3,1.8,7.2,11.1,107,0,0,0,1,7.6,619.5,87,0,0,26.6,68,27.1,20.2
2026-07-08T03:30:00+05:30,2026-07-08 03:30:00,23.6,24.3,21.3,0,7.2,11.1,82,0,0,0,1,7.6,619.5,87,0,0,26.6,68,27.1,20.2
2026-07-08T03:25:00+05:30,2026-07-08 03:25:00,23.7,24.4,21.4,0.3,1.8,11.1,81,0,0,0,1,7.6,619.5,87,0,0,26.6,68,27.1,20.2
2026-07-08T03:20:00+05:30,2026-07-08 03:20:00,23.7,24.4,21.4,0,5.5,11.1,72,0,0,0,1,7.6,619.5,87,0,0,26.6,68,27.1,20.2
2026-07-08T03:15:00+05:30,2026-07-08 03:15:00,23.7,24.4,21.4,0,5.5,11.1,103,0,0,0,1,7.6,619.5,87,0,0,26.7,68,28.3,20.3
2026-07-08T03:10:00+05:30,2026-07-08 03:10:00,23.7,24.4,21.4,0,5.5,11.1,75,0,0,0,1,7.6,619.5,87,0,0,26.7,68,28.3,20.3
2026-07-08T03:05:00+05:30,2026-07-08 03:05:00,23.7,24.4,21.4,0,0,11.1,88,0,0,0,1,7.6,619.5,87,0,0,26.7,68,28.3,20.3
2026-07-08T03:00:00+05:30,2026-07-08 03:00:00,23.7,24.4,21.4,0,3.5,11.1,70,0,0,0,1,7.6,619.5,87,0,0,26.7,68,28.3,20.3
2026-07-08T02:55:00+05:30,2026-07-08 02:55:00,23.7,24.4,21.4,0,5.5,11.1,74,0,0,0,1,7.6,619.5,87,0,0,26.7,68,28.3,20.3
2026-07-08T02:50:00+05:30,2026-07-08 02:50:00,23.7,24.4,21.4,0,0,11.1,70,0,0,0,1,7.6,619.5,87,0,0,26.7,68,28.3,20.3
2026-07-08T02:46:00+05:30,2026-07-08 02:46:00,23.8,24.5,21.5,0,5.5,11.1,81,0,0,0,1,7.6,619.5,87,0,0,26.8,68,28.3,20.4
2026-07-08T02:40:00+05:30,2026-07-08 02:40:00,23.8,24.5,21.5,0,0,11.1,68,0,0,0,1,7.6,619.5,87,0,0,26.8,68,28.3,20.4
2026-07-08T02:35:00+05:30,2026-07-08 02:35:00,24,24.7,21.5,0.3,1.8,11.1,71,0,0,0,1,7.6,619.5,86,0,0,26.8,68,28.3,20.4
2026-07-08T02:30:00+05:30,2026-07-08 02:30:00,23.9,24.6,21.4,0,0,11.1,86,0,0,0,1,7.6,619.5,86,0,0,26.8,68,28.3,20.4
2026-07-08T02:25:00+05:30,2026-07-08 02:25:00,24,24.7,21.5,0,0,11.1,82,0,0,0,1,7.6,619.5,86,0,0,26.8,68,28.3,20.4
2026-07-08T02:20:00+05:30,2026-07-08 02:20:00,24,24.7,21.5,0,0,11.1,70,0,0,0,1,7.6,619.5,86,0,0,26.8,68,28.3,20.4
2026-07-08T02:15:00+05:30,2026-07-08 02:15:00,23.9,24.6,21.4,0,1.8,11.1,77,0,0,0,1,7.6,619.5,86,0,0,26.9,68,28.5,20.4
2026-07-08T02:10:00+05:30,2026-07-08 02:10:00,24,24.7,21.5,0,0,11.1,83,0,0,0,1,7.6,619.5,86,0,0,26.9,68,28.5,20.4
2026-07-08T02:05:00+05:30,2026-07-08 02:05:00,24.1,24.8,21.6,0,0,11.1,74,0,0,0,1,7.6,619.5,86,0,0,26.9,68,28.5,20.4
2026-07-08T02:00:00+05:30,2026-07-08 02:00:00,24.2,24.9,21.5,0,0,11.1,91,0,0,0,1,7.6,619.5,85,0,0,26.9,67,28.4,20.2
2026-07-08T01:55:00+05:30,2026-07-08 01:55:00,24.2,24.9,21.5,1.8,5.5,11.1,87,0,0,0,1,7.6,619.5,85,0,0,26.9,67,28.4,20.2
2026-07-08T01:50:00+05:30,2026-07-08 01:50:00,24.3,25,21.6,1.4,7.2,11.1,90,0,0,0,1,7.6,619.5,85,0,0,26.9,67,28.4,20.2
2026-07-08T01:45:00+05:30,2026-07-08 01:45:00,24.2,24.9,21.5,0.3,11.1,11.1,78,0,0,0,1,7.6,619.5,85,0,0,26.9,67,28.4,20.2
2026-07-08T01:41:00+05:30,2026-07-08 01:41:00,24.2,24.9,21.5,0,9.3,9.3,72,0,0,0,1,7.6,619.5,85,0,0,27,67,28.6,20.3
2026-07-08T01:35:00+05:30,2026-07-08 01:35:00,24.2,24.9,21.5,0,0,7.2,80,0,0,0,1,7.6,619.5,85,0,0,26.9,67,28.4,20.2
2026-07-08T01:30:00+05:30,2026-07-08 01:30:00,24.3,25,21.6,0,0,7.2,93,0,0,0,1,7.6,619.5,85,0,0,27,67,28.6,20.3
2026-07-08T01:25:00+05:30,2026-07-08 01:25:00,24.3,25,21.6,0,3.5,7.2,83,0,0,0,1,7.6,619.5,85,0,0,27,67,28.6,20.3
2026-07-08T01:20:00+05:30,2026-07-08 01:20:00,24.3,25,21.6,1.1,1.8,7.2,92,0,0,0,1,7.6,619.5,85,0,0,27,67,28.6,20.3
2026-07-08T01:15:00+05:30,2026-07-08 01:15:00,24.3,25,21.6,0,0,7.2,73,0,0,0,1,7.6,619.5,85,0,0,27,67,28.6,20.3
2026-07-08T01:10:00+05:30,2026-07-08 01:10:00,24.4,25.1,21.5,0,5.5,7.2,80,0,0,0,1,7.6,619.5,84,0,0,27,67,28.6,20.3
2026-07-08T01:05:00+05:30,2026-07-08 01:05:00,24.4,25.1,21.5,0,0,7.2,86,0,0,0,1,7.6,619.5,84,0,0,27,67,28.6,20.3
2026-07-08T01:00:00+05:30,2026-07-08 01:00:00,24.6,25.3,21.7,0,0,7.2,74,0,0,0,1,7.6,619.5,84,0,0,27.1,67,28.8,20.4
2026-07-08T00:55:00+05:30,2026-07-08 00:55:00,24.6,25.3,21.7,0,1.8,7.2,71,0,0,0,1,7.6,619.5,84,0,0,27,67,28.6,20.3
2026-07-08T00:50:00+05:30,2026-07-08 00:50:00,24.6,25.3,21.5,0,3.5,7.2,73,0,0,0,1,7.6,619.5,83,0,0,27.1,67,28.8,20.4
2026-07-08T00:45:00+05:30,2026-07-08 00:45:00,24.6,25.3,21.5,0,5.5,7.2,76,0,0,0,1,7.6,619.5,83,0,0,27.1,67,28.8,20.4
2026-07-08T00:40:00+05:30,2026-07-08 00:40:00,24.7,25.4,21.6,0,1.8,7.2,74,0,0,0,1,7.6,619.5,83,0,0,27.1,67,28.8,20.4
2026-07-08T00:36:00+05:30,2026-07-08 00:36:00,24.6,25.3,21.5,0.6,5.5,5.5,73,0,0,0,1,7.6,619.5,83,0,0,27.1,67,28.8,20.4
2026-07-08T00:30:00+05:30,2026-07-08 00:30:00,24.5,25.2,21.6,0,0,5.5,79,0,0,0,1,7.6,619.5,84,0,0,27.1,67,28.8,20.4
2026-07-08T00:25:00+05:30,2026-07-08 00:25:00,24.5,25.2,21.4,1.4,5.5,5.5,81,0,0,0,1,7.6,619.5,83,0,0,27.1,67,28.8,20.4
2026-07-08T00:20:00+05:30,2026-07-08 00:20:00,24.5,25.2,21.6,0,0,5.5,73,0,0,0,1,7.6,619.5,84,0,0,27.2,67,28.9,20.6
2026-07-08T00:15:00+05:30,2026-07-08 00:15:00,24.5,25.2,21.6,0,1.8,5.5,71,0,0,0,1,7.6,619.5,84,0,0,27.2,67,28.9,20.6
2026-07-08T00:10:00+05:30,2026-07-08 00:10:00,24.4,25.1,21.5,1.8,5.5,5.5,92,0,0,0,1,7.6,619.5,84,0,0,27.2,67,28.9,20.6
2026-07-08T00:05:00+05:30,2026-07-08 00:05:00,24.3,25,21.6,0,0,0,73,0,0,0,1,7.6,619.5,85,0,0,27.2,67,28.9,20.6
2026-07-08T00:00:00+05:30,2026-07-08 00:00:00,24.3,25,21.6,0,3.5,0,82,0,0,0,1,7.6,619.5,85,0,0,27.2,67,28.9,20.6
2026-07-07T23:55:00+05:30,2026-07-07 23:55:00,24.2,24.9,21.5,2.1,3.5,23.8,114,0,0,1,1,7.6,619.5,85,0,0,27.2,67,28.9,20.6
2026-07-07T23:50:00+05:30,2026-07-07 23:50:00,24.3,25,21.6,0,1.8,23.8,77,0,0,1,1,7.6,619.5,85,0,0,27.2,67,28.9,20.6
2026-07-07T23:45:00+05:30,2026-07-07 23:45:00,24.3,25,21.6,0,0,23.8,101,0,0,1,1,7.6,619.5,85,0,0,27.2,67,28.9,20.6
2026-07-07T23:40:00+05:30,2026-07-07 23:40:00,24.4,25.1,21.7,0,3.5,23.8,91,0,0,1,1,7.6,619.5,85,0,0,27.3,67,29.1,20.6
2026-07-07T23:35:00+05:30,2026-07-07 23:35:00,24.5,25.2,21.6,0,1.8,23.8,72,0,0,1,1,7.6,619.5,84,0,0,27.3,67,29.1,20.6
2026-07-07T23:30:00+05:30,2026-07-07 23:30:00,24.5,25.2,21.6,0,1.8,23.8,82,0,0,1,1,7.6,619.5,84,0,0,27.3,67,29.1,20.6
2026-07-07T23:25:00+05:30,2026-07-07 23:25:00,24.5,25.2,21.6,0,1.8,23.8,77,0,0,1,1,7.6,619.5,84,0,0,27.3,67,29.1,20.6
2026-07-07T23:20:00+05:30,2026-07-07 23:20:00,24.5,25.2,21.6,0,0,23.8,87,0,0,1,1,7.6,619.5,84,0,0,27.3,66,28.9,20.3
2026-07-07T23:15:00+05:30,2026-07-07 23:15:00,24.6,25.3,21.7,0,3.5,23.8,69,0,0,1,1,7.6,619.5,84,0,0,27.3,66,28.9,20.3
2026-07-07T23:10:00+05:30,2026-07-07 23:10:00,24.6,25.3,21.7,0,0,23.8,85,0,0,1,1,7.6,619.5,84,0,0,27.3,66,28.9,20.3
2026-07-07T23:05:00+05:30,2026-07-07 23:05:00,24.6,25.3,21.7,0,0,23.8,81,0,0,1,1,7.6,619.5,84,0,0,27.4,66,29.1,20.4
2026-07-07T23:01:00+05:30,2026-07-07 23:01:00,24.5,25.2,21.6,4,9.3,23.8,75,0,0,1,1,7.6,619.5,84,0,0,27.4,66,29.1,20.4
2026-07-07T22:55:00+05:30,2026-07-07 22:55:00,24.6,25.3,21.7,0,0,23.8,80,0,0,1,1,7.6,619.5,84,0,0,27.4,66,29.1,20.4
2026-07-07T22:50:00+05:30,2026-07-07 22:50:00,24.6,25.3,21.5,0,11.1,23.8,76,0,0,1,1,7.6,619.5,83,0,0,27.4,66,29.1,20.4
2026-07-07T22:45:00+05:30,2026-07-07 22:45:00,24.5,25.2,21.4,4,9.3,23.8,89,0,0,1,1,7.6,619.5,83,0,0,27.4,66,29.1,20.4
2026-07-07T22:40:00+05:30,2026-07-07 22:40:00,24.5,25.2,21.6,0.3,5.5,23.8,79,0,0,1,1,7.6,619.5,84,0,0,27.4,66,29.1,20.4
2026-07-07T22:35:00+05:30,2026-07-07 22:35:00,,,,3.5,5.5,23.8,101,0,0,1,1,7.6,619.5,,0,0,27.5,66,29.3,20.6
2026-07-07T22:30:00+05:30,2026-07-07 22:30:00,,,,0,7.2,23.8,72,0,0,1,1,7.6,619.5,,0,0,27.5,66,29.3,20.6
2026-07-07T22:26:00+05:30,2026-07-07 22:26:00,,,,0,0,23.8,75,0,0,1,1,7.6,619.5,,0,0,27.5,66,29.3,20.6
2026-07-07T22:20:00+05:30,2026-07-07 22:20:00,,,,0,0,23.8,82,0,0,1,1,7.6,619.5,,0,0,27.5,66,29.3,20.6
2026-07-07T22:15:00+05:30,2026-07-07 22:15:00,,,,0,7.2,23.8,81,0,0,1,1,7.6,619.5,,0,0,27.5,66,29.3,20.6
2026-07-07T22:10:00+05:30,2026-07-07 22:10:00,24.3,25,21.6,0,0,23.8,72,0,0,1,1,7.6,619.5,85,0,0,27.5,66,29.3,20.6
2026-07-07T22:05:00+05:30,2026-07-07 22:05:00,24.3,25,21.4,0,1.8,23.8,80,0,0,1,1,7.6,619.5,84,0,0,27.5,66,29.3,20.6
2026-07-07T22:00:00+05:30,2026-07-07 22:00:00,24.3,25,21.4,0,7.2,23.8,72,0,0,1,1,7.6,619.5,84,0,0,27.5,66,29.3,20.6
2026-07-07T21:55:00+05:30,2026-07-07 21:55:00,24.4,25.1,21.5,0.6,3.5,23.8,91,0,0,1,1,7.6,619.5,84,0,0,27.6,66,29.5,20.7
2026-07-07T21:50:00+05:30,2026-07-07 21:50:00,24.4,25.1,21.5,0,0,23.8,72,0,0,1,1,7.6,619.5,84,0,0,27.6,66,29.5,20.7
2026-07-07T21:45:00+05:30,2026-07-07 21:45:00,24.4,25.1,21.5,0.3,3.5,23.8,83,0,0,1,1,7.6,619.5,84,0,0,27.6,66,29.5,20.7
2026-07-07T21:40:00+05:30,2026-07-07 21:40:00,24.4,25.1,21.5,0,0,23.8,70,0,0,1,1,7.6,619.5,84,0,0,27.6,66,29.5,20.7
2026-07-07T21:35:00+05:30,2026-07-07 21:35:00,24.3,25,21.6,0,0,23.8,85,0,0,1,1,7.6,619.5,85,0,0,27.7,66,29.7,20.8
2026-07-07T21:30:00+05:30,2026-07-07 21:30:00,24.3,25,21.4,0,0,23.8,66,0,0,1,1,7.6,619.5,84,0,0,27.7,66,29.7,20.8
2026-07-07T21:25:00+05:30,2026-07-07 21:25:00,24.3,25,21.6,0,5.5,23.8,83,0,0,1,1,7.6,619.5,85,0,0,27.7,65,29.6,20.6
2026-07-07T21:21:00+05:30,2026-07-07 21:21:00,24.3,25,21.6,4.7,5.5,23.8,83,0,0,1,1,7.6,619.5,85,0,0,27.7,65,29.6,20.6
2026-07-07T21:15:00+05:30,2026-07-07 21:15:00,24.3,25,21.6,0,0,23.8,74,0,0,1,1,7.6,619.5,85,0,0,27.8,65,29.7,20.6
2026-07-07T21:10:00+05:30,2026-07-07 21:10:00,24.3,25,21.6,0,3.5,23.8,74,0,0,1,1,7.6,619.5,85,0,0,27.7,65,29.6,20.6
2026-07-07T21:05:00+05:30,2026-07-07 21:05:00,24.3,25,21.6,2.9,5.5,23.8,105,0,0,1,1,7.6,619.5,85,0,0,27.8,65,29.7,20.6
2026-07-07T21:00:00+05:30,2026-07-07 21:00:00,24.4,25.1,21.5,1.1,1.8,23.8,74,0,0,1,1,7.6,619.5,84,0,0,27.8,65,29.7,20.6
2026-07-07T20:55:00+05:30,2026-07-07 20:55:00,24.4,25.1,21.5,0,5.5,23.8,73,0,0,1,1,7.6,619.5,84,0,0,27.8,65,29.7,20.6
2026-07-07T20:50:00+05:30,2026-07-07 20:50:00,24.4,25.1,21.5,0,0,23.8,78,0,0,1,1,7.6,619.5,84,0,0,27.8,65,29.7,20.6
2026-07-07T20:45:00+05:30,2026-07-07 20:45:00,24.6,25.3,21.5,0,0,23.8,75,0,0,1,1,7.6,619.5,83,0,0,27.8,65,29.7,20.6
2026-07-07T20:40:00+05:30,2026-07-07 20:40:00,24.7,25.4,21.6,0,0,23.8,70,0,0,1,1,7.6,619.5,83,0,0,27.9,65,29.8,20.7
2026-07-07T20:35:00+05:30,2026-07-07 20:35:00,24.8,25.5,21.5,5.8,9.3,23.8,117,0,0,1,1,7.6,619.5,82,0,0,27.9,65,29.8,20.7
2026-07-07T20:30:00+05:30,2026-07-07 20:30:00,24.6,25.3,21.5,0,0,23.8,78,0,0,1,1,7.6,619.5,83,0,0,28,65,30.1,20.8
2026-07-07T20:25:00+05:30,2026-07-07 20:25:00,24.6,25.3,21.5,0.3,7.2,23.8,79,0,0,1,1,7.6,619.5,83,0,0,28,65,30.1,20.8
2026-07-07T20:20:00+05:30,2026-07-07 20:20:00,24.5,25.2,21.4,0,0,23.8,73,0,0,1,1,7.6,619.5,83,0,0,28,65,30.1,20.8
2026-07-07T20:15:00+05:30,2026-07-07 20:15:00,24.5,25.2,21.6,0,0,23.8,75,0,0,1,1,7.6,619.5,84,0,0,28,65,30.1,20.8
2026-07-07T20:10:00+05:30,2026-07-07 20:10:00,24.5,25.2,21.6,0,0,23.8,78,0,0,1,1,7.6,619.5,84,0,0,28.1,65,30.2,20.9
2026-07-07T20:05:00+05:30,2026-07-07 20:05:00,24.6,25.3,21.7,0,0,23.8,83,0,0,1,1,7.6,619.5,84,0,0,28.1,65,30.2,20.9
2026-07-07T20:00:00+05:30,2026-07-07 20:00:00,24.6,25.3,21.5,1.4,9.3,23.8,75,0,0,1,1,7.6,619.5,83,0,0,28.1,65,30.2,20.9
2026-07-07T19:55:00+05:30,2026-07-07 19:55:00,24.7,25.4,21.6,0,1.8,23.8,79,0,0,1,1,7.6,619.5,83,0,0,28.1,65,30.2,20.9
2026-07-07T19:50:00+05:30,2026-07-07 19:50:00,24.8,25.5,21.7,4.7,7.2,23.8,118,0,0,1,1,7.6,619.5,83,0,0,28.2,65,30.4,21
2026-07-07T19:45:00+05:30,2026-07-07 19:45:00,24.7,25.4,21.6,2.1,5.5,23.8,102,0,0,1,1,7.6,619.5,83,0,0,28.2,65,30.4,21
2026-07-07T19:40:00+05:30,2026-07-07 19:40:00,24.8,25.5,21.7,0,3.5,23.8,75,0,0,1,1,7.6,619.5,83,0,0,28.2,64,30.3,20.8
2026-07-07T19:35:00+05:30,2026-07-07 19:35:00,24.9,25.6,21.6,0.3,3.5,23.8,98,0,0,1,1,7.6,619.5,82,0,0,28.2,64,30.3,20.8
2026-07-07T19:30:00+05:30,2026-07-07 19:30:00,24.9,25.6,21.6,3.5,9.3,23.8,112,0,0,1,1,7.6,619.5,82,0,0,28.3,64,30.4,20.8
2026-07-07T19:25:00+05:30,2026-07-07 19:25:00,25,25.7,21.7,8.7,11.1,23.8,128,0,0,1,1,7.6,619.5,82,0,0,28.3,64,30.4,20.8
2026-07-07T19:20:00+05:30,2026-07-07 19:20:00,25,25.7,21.7,4.7,11.1,23.8,120,0,0,1,1,7.6,619.5,82,0,0,28.4,64,30.6,20.9
2026-07-07T19:15:00+05:30,2026-07-07 19:15:00,25,25.7,21.7,1.8,9.3,23.8,102,0,0,1,1,7.6,619.5,82,0,0,28.4,64,30.6,20.9
2026-07-07T19:10:00+05:30,2026-07-07 19:10:00,25,25.7,21.9,1.4,5.5,23.8,75,0,0,1,1,7.6,619.5,83,0,0,28.4,64,30.6,20.9
2026-07-07T19:05:00+05:30,2026-07-07 19:05:00,25.1,25.8,21.8,3.2,13,23.8,80,0,0,1,1,7.6,619.5,82,0,0,28.4,64,30.6,20.9
2026-07-07T19:00:00+05:30,2026-07-07 19:00:00,25.1,25.8,21.8,2.9,3.5,23.8,82,0,0,1,1,7.6,619.5,82,0,0,28.5,64,30.8,21
2026-07-07T18:56:00+05:30,2026-07-07 18:56:00,25.2,25.9,21.9,3.5,5.5,23.8,94,0,0,1,1,7.6,619.5,82,0,0,28.5,64,30.8,21
2026-07-07T18:50:00+05:30,2026-07-07 18:50:00,25.2,25.9,21.7,4.7,11.1,23.8,71,0,0,1,1,7.6,619.5,81,0,0,28.5,64,30.8,21
2026-07-07T18:45:00+05:30,2026-07-07 18:45:00,25.3,26,21.8,2.9,11.1,23.8,105,0,0,1,1,7.6,619.5,81,0,0,28.5,64,30.8,21
2026-07-07T18:40:00+05:30,2026-07-07 18:40:00,25.4,26.1,21.9,0.6,1.8,23.8,84,0,0,1,1,7.6,619.5,81,0,0.2,28.6,64,30.9,21.1
2026-07-07T18:35:00+05:30,2026-07-07 18:35:00,25.4,26.1,21.9,5.5,11.1,23.8,119,0,0,1,1,7.6,619.5,81,0,0.5,28.6,64,30.9,21.1
2026-07-07T18:30:00+05:30,2026-07-07 18:30:00,25.6,26.3,21.9,4,5.5,23.8,90,0,0,1,1,7.6,619.5,80,0,1.4,28.7,63,31,20.9
2026-07-07T18:25:00+05:30,2026-07-07 18:25:00,25.7,26.4,21.8,4.7,7.2,23.8,80,0,0,1,1,7.6,619.5,79,0,3,28.7,63,31,20.9
2026-07-07T18:20:00+05:30,2026-07-07 18:20:00,25.7,26.4,21.8,5.5,16.6,23.8,49,0,0,1,1,7.6,619.5,79,0,4.5,28.7,63,31,20.9
2026-07-07T18:15:00+05:30,2026-07-07 18:15:00,25.8,26.5,21.9,5,11.1,23.8,87,0,0,1,1,7.6,619.5,79,0,7.4,28.8,63,31.1,21
2026-07-07T18:10:00+05:30,2026-07-07 18:10:00,25.9,26.6,22,8.2,11.1,23.8,84,0,0,1,1,7.6,619.5,79,0,11,28.8,63,31.1,21
2026-07-07T18:05:00+05:30,2026-07-07 18:05:00,26,26.7,21.9,4.7,13,23.8,116,0,0,1,1,7.6,619.5,78,0,13.8,28.8,63,31.1,21
2026-07-07T18:00:00+05:30,2026-07-07 18:00:00,26.1,26.8,22,5.5,11.1,23.8,104,0,0,1,1,7.6,619.5,78,0,17.8,28.9,63,31.3,21.1
2026-07-07T17:55:00+05:30,2026-07-07 17:55:00,26.1,26.8,22,2.9,14.8,23.8,97,0,0,1,1,7.6,619.5,78,0,19.8,28.9,63,31.3,21.1
2026-07-07T17:50:00+05:30,2026-07-07 17:50:00,26.2,26.9,21.9,1.1,5.5,23.8,130,0,0,1,1,7.6,619.5,77,0,21.4,28.9,63,31.3,21.1
2026-07-07T17:45:00+05:30,2026-07-07 17:45:00,26.3,27,21.9,0.3,9.3,23.8,73,0,0,1,1,7.6,619.5,77,0,22.3,29,63,31.5,21.2
2026-07-07T17:40:00+05:30,2026-07-07 17:40:00,26.4,27.1,22,0.3,9.3,23.8,70,0,0,1,1,7.6,619.5,77,0,25.8,29.1,63,31.7,21.3
2026-07-07T17:36:00+05:30,2026-07-07 17:36:00,26.5,27.2,22.1,5.5,14.8,23.8,102,0,0,1,1,7.6,619.5,77,0,30.8,29.1,63,31.7,21.3
2026-07-07T17:30:00+05:30,2026-07-07 17:30:00,26.5,27.2,22.1,0.3,16.6,23.8,123,0,0,1,1,7.6,619.5,77,0,38.1,29.1,63,31.7,21.3
2026-07-07T17:25:00+05:30,2026-07-07 17:25:00,26.6,27.3,22,9.3,13,23.8,102,0,0,1,1,7.6,619.5,76,0,44.7,29.2,63,31.9,21.4
2026-07-07T17:20:00+05:30,2026-07-07 17:20:00,26.8,28.9,22.2,8.2,13,23.8,113,0,0,1,1,7.6,619.5,76,0,36.6,29.2,63,31.9,21.4
2026-07-07T17:15:00+05:30,2026-07-07 17:15:00,26.9,29.2,22.3,0.6,9.3,23.8,78,0,0,1,1,7.6,619.5,76,0,47.8,29.2,63,31.9,21.4
2026-07-07T17:10:00+05:30,2026-07-07 17:10:00,27.1,29.5,22.3,1.4,9.3,23.8,73,0,0,1,1,7.6,619.5,75,0,56.3,29.3,63,32,21.5
2026-07-07T17:05:00+05:30,2026-07-07 17:05:00,27.2,29.6,22.2,1.1,14.8,23.8,107,0,0,1,1,7.6,619.5,74,0,81.8,29.3,63,32,21.5
2026-07-07T17:00:00+05:30,2026-07-07 17:00:00,27.5,30.2,22.4,2.6,13,23.8,97,0,0,1,1,7.6,619.5,74,0,57.6,29.3,63,32,21.5
2026-07-07T16:55:00+05:30,2026-07-07 16:55:00,27.9,30.8,22.6,4.7,11.1,23.8,135,0,0,1,1,7.6,619.5,73,1,103.9,29.3,63,32,21.5
2026-07-07T16:50:00+05:30,2026-07-07 16:50:00,27.7,30.5,22.4,4,5.5,23.8,80,0,0,1,1,7.6,619.5,73,1,124.9,29.4,63,32.2,21.6
2026-07-07T16:45:00+05:30,2026-07-07 16:45:00,27.6,30.4,22.5,0,11.1,23.8,98,0,0,1,1,7.6,619.5,74,1,109.2,29.4,63,32.2,21.6
2026-07-07T16:40:00+05:30,2026-07-07 16:40:00,27.9,30.7,22.4,2.9,11.1,23.8,141,0,0,1,1,7.6,619.5,72,0,88.5,29.4,62,32.1,21.3
2026-07-07T16:35:00+05:30,2026-07-07 16:35:00,28.3,31.4,22.5,7.6,18.3,23.8,52,0,0,1,1,7.6,619.5,71,1,174.8,29.4,62,32.1,21.3
2026-07-07T16:31:00+05:30,2026-07-07 16:31:00,28.1,31,22.3,2.1,11.1,23.8,103,0,0,1,1,7.6,619.5,71,1,176.2,29.4,62,32.1,21.3
2026-07-07T16:25:00+05:30,2026-07-07 16:25:00,28.4,31.4,22.4,8.2,20.1,23.8,105,0,0,1,1,7.6,619.5,70,1,195.8,29.5,62,32.3,21.4
2026-07-07T16:20:00+05:30,2026-07-07 16:20:00,28.4,31.4,22.4,5.5,11.1,21.9,124,0,0,1,1,7.6,619.5,70,2,227.4,29.5,62,32.3,21.4
2026-07-07T16:15:00+05:30,2026-07-07 16:15:00,28.4,31.3,22.1,3.5,11.1,21.9,69,0,0,1,1,7.6,619.5,69,2,243.7,29.5,62,32.3,21.4
2026-07-07T16:10:00+05:30,2026-07-07 16:10:00,28.9,32.5,22.9,6.4,11.1,21.9,129,0,0,1,1,7.6,619.5,70,2,225.2,29.5,62,32.3,21.4
2026-07-07T16:05:00+05:30,2026-07-07 16:05:00,28.6,31.7,22.4,7.9,18.3,21.9,128,0,0,1,1,7.6,619.5,69,1,138.6,29.5,62,32.3,21.4
2026-07-07T16:00:00+05:30,2026-07-07 16:00:00,28.6,31.9,22.6,1.1,9.3,21.9,99,0,0,1,1,7.6,619.5,70,2,279.3,29.5,62,32.3,21.4
2026-07-07T15:55:00+05:30,2026-07-07 15:55:00,28.4,31.4,22.4,10.5,20.1,21.9,124,0,0,1,1,7.6,619.5,70,2,258.9,29.5,62,32.3,21.4
2026-07-07T15:50:00+05:30,2026-07-07 15:50:00,28.9,32.3,22.6,0.6,9.3,21.9,104,0,0,1,1,7.6,619.5,69,2,225.1,29.6,62,32.5,21.6
2026-07-07T15:45:00+05:30,2026-07-07 15:45:00,29.3,32.9,22.7,7.2,14.8,21.9,101,0,0,1,1,7.6,619.5,68,1,183.2,29.6,62,32.5,21.6
2026-07-07T15:40:00+05:30,2026-07-07 15:40:00,29,32.5,22.7,7.2,13,21.9,73,0,0,1,1,7.6,619.5,69,3,352.8,29.5,62,32.3,21.4
2026-07-07T15:35:00+05:30,2026-07-07 15:35:00,28.9,32.3,22.6,0.6,13,21.9,80,0,0,1,1,7.6,619.5,69,2,298.4,29.5,63,32.4,21.7
2026-07-07T15:30:00+05:30,2026-07-07 15:30:00,28.9,32.3,22.6,0,7.2,21.9,100,0,0,1,1,7.6,619.5,69,1,151.3,29.5,63,32.4,21.7
2026-07-07T15:25:00+05:30,2026-07-07 15:25:00,29.3,33.1,23,1.4,7.2,21.9,70,0,0,1,1,7.6,619.5,69,2,205.4,29.5,63,32.4,21.7
2026-07-07T15:20:00+05:30,2026-07-07 15:20:00,28.9,32.3,22.6,7.9,21.9,21.9,214,0,0,1,1,7.6,619.5,69,4,429,29.5,63,32.4,21.7
2026-07-07T15:15:00+05:30,2026-07-07 15:15:00,28.8,32.1,22.5,8.7,16.6,21.9,36,0,0.5,1,1,7.6,619.5,69,4,434.7,29.5,63,32.4,21.7
2026-07-07T15:10:00+05:30,2026-07-07 15:10:00,28.8,32.2,22.7,6.1,20.1,21.9,106,0,0.5,1,1,7.6,619.5,70,4,483.9,29.5,63,32.4,21.7
2026-07-07T15:05:00+05:30,2026-07-07 15:05:00,29.3,33.1,23,6.4,9.3,21.9,37,0,0.5,1,1,7.6,619.5,69,1,176.8,29.4,63,32.2,21.6
2026-07-07T15:00:00+05:30,2026-07-07 15:00:00,29.6,33.7,23.1,2.1,7.2,21.9,63,0,0.5,1,1,7.6,619.5,68,1,190.9,29.4,63,32.2,21.6
2026-07-07T14:55:00+05:30,2026-07-07 14:55:00,29,32.5,22.7,6.4,14.8,21.9,105,0,0.5,1,1,7.6,619.5,69,4,502.5,29.4,63,32.2,21.6
2026-07-07T14:50:00+05:30,2026-07-07 14:50:00,28.9,32.3,22.6,6.4,9.3,21.9,78,0,0.5,1,1,7.6,619.5,69,4,503.3,29.4,63,32.2,21.6
2026-07-07T14:45:00+05:30,2026-07-07 14:45:00,28.9,32.5,22.9,9.3,16.6,21.9,64,0,0.5,1,1,7.6,619.5,70,4,465.8,29.4,64,32.4,21.8
2026-07-07T14:40:00+05:30,2026-07-07 14:40:00,28.9,32.5,22.9,2.6,20.1,21.9,88,0,0.5,1,1,7.6,619.5,70,5,525.7,29.4,64,32.4,21.8
2026-07-07T14:35:00+05:30,2026-07-07 14:35:00,28.7,32.3,22.9,1.4,5.5,21.9,109,0,0.5,1,1,7.6,619.5,71,4,469.1,29.4,64,32.4,21.8
2026-07-07T14:30:00+05:30,2026-07-07 14:30:00,29.3,33.3,23.2,9,16.6,16.6,77,0,0.5,1,1,7.6,619.5,70,1,188,29.3,64,32.2,21.7
2026-07-07T14:25:00+05:30,2026-07-07 14:25:00,28.7,32.3,22.9,0.3,13,13,88,3,0.5,1,1,7.6,619.5,71,5,600.3,29.3,64,32.2,21.7
2026-07-07T14:21:00+05:30,2026-07-07 14:21:00,28.3,31.5,22.7,6.1,13,13,82,3,0.5,1,1,7.6,619.5,72,4,471.9,29.3,64,32.2,21.7
2026-07-07T14:18:00+05:30,2026-07-07 14:18:00,28.6,32.1,22.8,3.5,7.2,7.2,124,3,0.5,1,1,7.6,619.5,71,1,187.4,29.2,64,32.1,21.7
2026-07-07T14:10:00+05:30,2026-07-07 14:10:00,29.6,33.7,23.1,4.3,9.3,29.5,340,0,0,0.5,0.5,7.1,619,68,1,148.7,29.2,64,32.1,21.7
2026-07-07T14:05:00+05:30,2026-07-07 14:05:00,29.5,33.2,22.7,4,11.1,29.5,15,0,0,0.5,0.5,7.1,619,67,6,640.1,29.2,64,32.1,21.7
2026-07-07T14:00:00+05:30,2026-07-07 14:00:00,29.2,33,22.9,1.4,14.8,29.5,132,0,0,0.5,0.5,7.1,619,69,6,672,29.1,64,31.9,21.6
2026-07-07T13:55:00+05:30,2026-07-07 13:55:00,28.9,32.7,23.1,3.5,11.1,29.5,99,0,0,0.5,0.5,7.1,619,71,2,295.7,29.1,64,31.9,21.6
2026-07-07T13:51:00+05:30,2026-07-07 13:51:00,29.4,33.4,23.1,11.6,16.6,29.5,77,0,0,0.5,0.5,7.1,619,69,2,298.4,29,64,31.7,21.5
2026-07-07T13:45:00+05:30,2026-07-07 13:45:00,29.2,33,22.9,8.2,13,29.5,94,0,0,0.5,0.5,7.1,619,69,6,688.8,29,64,31.7,21.5
2026-07-07T13:40:00+05:30,2026-07-07 13:40:00,29.3,32.8,22.5,4,29.5,29.5,78,0,0,0.5,0.5,7.1,619,67,7,753.4,29,65,31.8,21.7
2026-07-07T13:35:00+05:30,2026-07-07 13:35:00,29.6,33.7,23.1,5.5,13,25.6,95,0,0,0.5,0.5,7.1,619,68,7,799.4,28.9,65,31.6,21.6
2026-07-07T13:30:00+05:30,2026-07-07 13:30:00,29.3,32.9,22.7,0,13,25.6,90,0,0,0.5,0.5,7.1,619,68,8,826.2,28.9,65,31.6,21.6
2026-07-07T13:25:00+05:30,2026-07-07 13:25:00,29.4,33,22.6,4.3,14.8,25.6,117,0,0,0.5,0.5,7.1,619,67,7,777.1,28.8,65,31.4,21.6
2026-07-07T13:20:00+05:30,2026-07-07 13:20:00,29.1,32.6,22.6,2.9,21.9,25.6,102,0,0,0.5,0.5,7.1,619,68,2,297.1,28.7,65,31.3,21.5
2026-07-07T13:15:00+05:30,2026-07-07 13:15:00,28.9,32.3,22.6,1.1,13,23.8,78,0,0,0.5,0.5,7.1,619,69,7,789.2,28.7,65,31.3,21.5
2026-07-07T13:10:00+05:30,2026-07-07 13:10:00,29.1,32.8,22.8,5,14.8,23.8,90,0,0,0.5,0.5,7.1,619,69,7,817.2,28.7,65,31.3,21.5
2026-07-07T13:05:00+05:30,2026-07-07 13:05:00,29.5,33.6,23.2,1.8,14.8,23.8,82,0,0,0.5,0.5,7.1,619,69,7,806.2,28.6,66,31.3,21.6
2026-07-07T13:00:00+05:30,2026-07-07 13:00:00,29.4,33.2,22.9,6.4,11.1,23.8,83,0,0,0.5,0.5,7.1,619,68,8,853.9,28.6,66,31.3,21.6
2026-07-07T12:55:00+05:30,2026-07-07 12:55:00,29.4,33.2,22.9,1.1,13,23.8,79,0,0,0.5,0.5,7.1,619,68,7,812.5,28.5,66,31.1,21.5
2026-07-07T12:50:00+05:30,2026-07-07 12:50:00,29.3,33.1,23,0.3,14.8,23.8,68,0,0,0.5,0.5,7.1,619,69,7,789.6,28.5,66,31.1,21.5
2026-07-07T12:45:00+05:30,2026-07-07 12:45:00,29.1,33,23.1,0.3,13,23.8,66,0,0,0.5,0.5,7.1,619,70,7,804.6,28.4,66,30.8,21.4
2026-07-07T12:40:00+05:30,2026-07-07 12:40:00,28.7,32.3,22.9,1.4,7.2,23.8,95,0,0,0.5,0.5,7.1,619,71,2,268.5,28.3,66,30.7,21.3
2026-07-07T12:35:00+05:30,2026-07-07 12:35:00,29,32.7,23,2.1,13,23.8,114,0,0,0.5,0.5,7.1,619,70,5,553.6,28.3,67,30.8,21.6
2026-07-07T12:30:00+05:30,2026-07-07 12:30:00,29.4,33.4,23.1,2.1,9.3,23.8,80,0,0,0.5,0.5,7.1,619,69,8,839.4,28.2,67,30.7,21.5
2026-07-07T12:25:00+05:30,2026-07-07 12:25:00,29.4,33.2,22.9,7.2,11.1,23.8,317,0,0,0.5,0.5,7.1,619,68,8,887.9,28.1,67,30.5,21.4
2026-07-07T12:20:00+05:30,2026-07-07 12:20:00,28.7,32.1,22.7,0,20.1,23.8,138,0,0,0.5,0.5,7.1,619,70,8,876.5,28.1,67,30.5,21.4
2026-07-07T12:15:00+05:30,2026-07-07 12:15:00,28.9,32.7,23.1,5.5,23.8,23.8,114,0,0,0.5,0.5,7.1,619,71,7,815.7,28,68,30.4,21.6
2026-07-07T12:10:00+05:30,2026-07-07 12:10:00,28.6,32.1,22.8,4.7,14.8,23.8,168,0,0,0.5,0.5,7.1,619,71,7,814.6,27.9,68,30.2,21.4
2026-07-07T12:05:00+05:30,2026-07-07 12:05:00,28,31.1,22.7,0,18.3,23.8,125,0,0,0.5,0.5,7.1,619,73,7,786.8,27.9,68,30.2,21.4
2026-07-07T12:00:00+05:30,2026-07-07 12:00:00,28.4,31.7,22.8,7.9,13,23.8,119,0,0,0.5,0.5,7.1,619,72,2,274.8,27.9,68,30.2,21.4
2026-07-07T11:55:00+05:30,2026-07-07 11:55:00,28.3,31.7,23,2.9,21.9,23.8,92,0,0,0.5,0.5,7.1,619,73,4,443.9,27.8,68,30,21.3
2026-07-07T11:50:00+05:30,2026-07-07 11:50:00,28.3,31.5,22.7,0,7.2,23.8,71,0,0,0.5,0.5,7.1,619,72,2,301.8,27.8,68,30,21.3
2026-07-07T11:45:00+05:30,2026-07-07 11:45:00,28.2,31.5,22.9,0,1.8,23.8,86,0,0,0.5,0.5,7.1,619,73,6,687.7,27.8,68,30,21.3
2026-07-07T11:40:00+05:30,2026-07-07 11:40:00,28.3,31.7,23,1.8,18.3,23.8,71,0,0,0.5,0.5,7.1,619,73,2,245.7,27.7,68,29.9,21.3
2026-07-07T11:35:00+05:30,2026-07-07 11:35:00,28.2,31.4,22.7,5,14.8,23.8,82,0,0,0.5,0.5,7.1,619,72,8,843.8,27.6,68,29.7,21.2
2026-07-07T11:30:00+05:30,2026-07-07 11:30:00,28.1,31.2,22.6,4.7,20.1,23.8,135,0,0,0.5,0.5,7.1,619,72,7,820.6,27.6,68,29.7,21.2
2026-07-07T11:26:00+05:30,2026-07-07 11:26:00,27.9,30.8,22.6,5.8,16.6,23.8,28,0,0,0.5,0.5,7.1,619,73,8,874.5,27.5,69,29.6,21.3
2026-07-07T11:20:00+05:30,2026-07-07 11:20:00,27.9,30.8,22.6,5.5,13,23.8,45,0,0,0.5,0.5,7.1,619,73,1,191.8,27.5,69,29.6,21.3
2026-07-07T11:15:00+05:30,2026-07-07 11:15:00,27.6,30.5,22.8,5.8,16.6,23.8,60,0,0,0.5,0.5,7.1,619,75,7,794.6,27.5,69,29.6,21.3
2026-07-07T11:10:00+05:30,2026-07-07 11:10:00,27.6,30.5,22.8,6.1,16.6,23.8,118,0,0,0.5,0.5,7.1,619,75,7,757.1,27.4,69,29.4,21.2
2026-07-07T11:05:00+05:30,2026-07-07 11:05:00,28.2,31.5,22.9,2.1,13,23.8,35,0,0,0.5,0.5,7.1,619,73,1,184.9,27.3,69,29.2,21.1
2026-07-07T11:00:00+05:30,2026-07-07 11:00:00,28.2,31.7,23.1,0.3,7.2,23.8,77,0,0,0.5,0.5,7.1,619,74,2,295.6,27.3,69,29.2,21.1
2026-07-07T10:55:00+05:30,2026-07-07 10:55:00,27.6,30.5,22.8,0.3,13,23.8,62,0,0,0.5,0.5,7.1,619,75,7,813.7,27.2,69,29.2,21
2026-07-07T10:50:00+05:30,2026-07-07 10:50:00,27.2,29.7,22.4,1.4,11.1,23.8,85,0,0,0.5,0.5,7.1,619,75,7,812.9,27.2,69,29.2,21
2026-07-07T10:45:00+05:30,2026-07-07 10:45:00,27,29.4,22.4,1.4,9.3,23.8,65,0,0,0.5,0.5,7.1,619,76,3,315.8,27.2,69,29.2,21
2026-07-07T10:40:00+05:30,2026-07-07 10:40:00,27,29.5,22.6,1.4,9.3,23.8,72,0,0,0.5,0.5,7.1,619,77,2,280.6,27.1,69,28.9,20.9
2026-07-07T10:35:00+05:30,2026-07-07 10:35:00,27.1,29.7,22.7,5.5,20.1,23.8,99,0,0,0.5,0.5,7.1,619,77,2,225.2,27.1,69,28.9,20.9
2026-07-07T10:30:00+05:30,2026-07-07 10:30:00,27,29.4,22.4,15.4,20.1,23.8,118,0,0,0.5,0.5,7.1,619,76,2,300.2,27.1,69,28.9,20.9
2026-07-07T10:25:00+05:30,2026-07-07 10:25:00,26.9,29.1,22.1,8.7,13,23.8,92,0,0,0.5,0.5,7.1,619,75,2,244.1,27.1,69,28.9,20.9
2026-07-07T10:21:00+05:30,2026-07-07 10:21:00,27.2,29.7,22.4,6.4,13,23.8,128,0,0,0.5,0.5,7.1,619,75,1,153.4,27,69,28.8,20.8
2026-07-07T10:15:00+05:30,2026-07-07 10:15:00,27,29.3,22.2,0.3,7.2,23.8,286,0,0,0.5,0.5,7.1,619,75,6,696.9,27,69,28.8,20.8
2026-07-07T10:10:00+05:30,2026-07-07 10:10:00,27.3,29.8,22.4,5.8,11.1,23.8,90,0,0,0.5,0.5,7.1,619,75,1,202.9,27,69,28.8,20.8
2026-07-07T10:05:00+05:30,2026-07-07 10:05:00,27.1,29.6,22.5,2.9,14.8,23.8,71,0,0.5,0.5,0.5,7.1,619,76,6,686.7,26.9,69,28.6,20.7
2026-07-07T10:00:00+05:30,2026-07-07 10:00:00,27.1,29.5,22.3,2.9,11.1,23.8,68,0,0.5,0.5,0.5,7.1,619,75,2,276,26.9,69,28.6,20.7
2026-07-07T09:55:00+05:30,2026-07-07 09:55:00,26.8,28.9,22.2,12.2,20.1,23.8,165,0,0.5,0.5,0.5,7.1,619,76,5,613,26.8,69,28.4,20.6
2026-07-07T09:50:00+05:30,2026-07-07 09:50:00,26.9,29.2,22.3,3.5,5.5,23.8,81,0,0.5,0.5,0.5,7.1,619,76,1,156.9,26.8,69,28.4,20.6
2026-07-07T09:45:00+05:30,2026-07-07 09:45:00,27,29.5,22.6,4.7,7.2,23.8,93,0,0.5,0.5,0.5,7.1,619,77,1,159.3,26.8,69,28.4,20.6
2026-07-07T09:40:00+05:30,2026-07-07 09:40:00,26.8,29,22.4,5.5,18.3,23.8,66,0,0.5,0.5,0.5,7.1,619,77,1,147.3,26.7,69,28.3,20.6
2026-07-07T09:35:00+05:30,2026-07-07 09:35:00,26.9,29.2,22.3,8.2,18.3,23.8,142,0,0.5,0.5,0.5,7.1,619,76,2,208.4,26.7,70,28.4,20.8
2026-07-07T09:30:00+05:30,2026-07-07 09:30:00,26.9,29.2,22.5,3.5,11.1,23.8,95,0,0.5,0.5,0.5,7.1,619,77,2,232.7,26.7,70,28.4,20.8
2026-07-07T09:25:00+05:30,2026-07-07 09:25:00,26.7,28.9,22.3,2.6,9.3,23.8,66,0,0.5,0.5,0.5,7.1,619,77,4,481.3,26.6,70,27.2,20.7
2026-07-07T09:20:00+05:30,2026-07-07 09:20:00,26.5,27.2,22.3,3.2,5.5,14.8,83,0,0.5,0.5,0.5,7.1,619,78,3,402.1,26.6,70,27.2,20.7
2026-07-07T09:16:00+05:30,2026-07-07 09:16:00,26.4,27.1,22.4,2.6,11.1,14.8,76,3,0.5,0.5,0.5,7.1,619,79,1,157.9,26.5,70,27.1,20.6
2026-07-07T09:10:00+05:30,2026-07-07 09:10:00,26.4,27.1,22.2,4.7,9.3,14.8,81,3,0.5,0.5,0.5,7.1,619,78,5,533.2,26.5,70,27.1,20.6
2026-07-07T09:05:00+05:30,2026-07-07 09:05:00,26.2,27,22.3,11.9,14.8,14.8,136,0,0,0,0,6.6,618.5,79,2,230.1,26.5,70,27.1,20.6
2026-07-07T09:04:00+05:30,2026-07-07 09:04:00,26.1,26.9,22.4,2.1,13,14.8,68,0,0,0,0,6.6,618.5,80,2,258.7,26.5,70,27.1,20.6
2026-07-07T08:40:00+05:30,2026-07-07 08:40:00,25.9,26.6,22.2,0.6,5.5,13,79,0,0,0,0,6.6,618.5,80,1,118.5,26.4,70,26.9,20.4
2026-07-07T08:35:00+05:30,2026-07-07 08:35:00,25.8,26.5,22.3,0,7.2,13,73,0,0,0,0,6.6,618.5,81,1,175.2,26.3,70,26.8,20.3
2026-07-07T08:30:00+05:30,2026-07-07 08:30:00,25.9,26.6,22.2,3.2,5.5,13,104,0,0,0,0,6.6,618.5,80,1,128,26.3,70,26.8,20.3
2026-07-07T08:25:00+05:30,2026-07-07 08:25:00,25.8,26.5,22.1,0,0,13,85,0,0,0,0,6.6,618.5,80,2,232.3,26.3,70,26.8,20.3
2026-07-07T08:20:00+05:30,2026-07-07 08:20:00,25.6,26.3,21.9,0,7.2,13,70,0,0,0,0,6.6,618.5,80,1,139.2,26.2,69,26.7,20.1
2026-07-07T08:15:00+05:30,2026-07-07 08:15:00,25.6,26.3,21.9,0.3,1.8,13,100,0,0,0,0,6.6,618.5,80,1,132.6,26.2,69,26.7,20.1
2026-07-07T08:10:00+05:30,2026-07-07 08:10:00,25.5,26.2,22,0,0,13,82,0,0,0,0,6.6,618.5,81,1,147,26.2,69,26.7,20.1
2026-07-07T08:05:00+05:30,2026-07-07 08:05:00,25.3,26,21.8,0,1.8,13,70,0,0,0,0,6.6,618.5,81,1,136.8,26.2,69,26.7,20.1
2026-07-07T08:00:00+05:30,2026-07-07 08:00:00,25.3,26,22,0,1.8,13,87,0,0,0,0,6.6,618.5,82,1,106.2,26.2,69,26.7,20.1
2026-07-07T07:55:00+05:30,2026-07-07 07:55:00,25.1,25.8,21.8,0,5.5,13,88,0,0,0,0,6.6,618.5,82,1,127.8,26.1,69,26.6,19.9
2026-07-07T07:50:00+05:30,2026-07-07 07:50:00,25.1,25.8,21.8,0,3.5,13,58,0,0,0,0,6.6,618.5,82,2,206.6,26.1,69,26.6,19.9
2026-07-07T07:45:00+05:30,2026-07-07 07:45:00,25,25.7,21.7,0,1.8,13,78,0,0,0,0,6.6,618.5,82,1,174,26.1,69,26.6,19.9
2026-07-07T07:40:00+05:30,2026-07-07 07:40:00,25,25.7,21.7,0.3,1.8,13,97,0,0,0,0,6.6,618.5,82,1,190.8,26.1,69,26.6,19.9
2026-07-07T07:35:00+05:30,2026-07-07 07:35:00,24.9,25.6,21.6,3.2,7.2,13,109,0,0,0,0,6.6,618.5,82,1,180.1,26.1,69,26.6,19.9
2026-07-07T07:30:00+05:30,2026-07-07 07:30:00,24.6,25.3,21.7,0,0,13,67,0,0,0,0,6.6,618.5,84,1,171.7,26.1,69,26.6,19.9
2026-07-07T07:25:00+05:30,2026-07-07 07:25:00,24.7,25.4,21.6,0,3.5,13,77,0,0,0,0,6.6,618.5,83,0,64.4,26.1,69,26.6,19.9
2026-07-07T07:20:00+05:30,2026-07-07 07:20:00,24.5,25.2,21.6,0,0,13,94,0,0,0,0,6.6,618.5,84,0,87.4,26.1,69,26.6,19.9
2026-07-07T07:15:00+05:30,2026-07-07 07:15:00,24.4,25.1,21.5,2.9,5.5,13,115,0,0,0,0,6.6,618.5,84,1,105.6,26,69,26.4,19.8
2026-07-07T07:10:00+05:30,2026-07-07 07:10:00,24.4,25.1,21.5,0,0,13,68,0,0,0,0,6.6,618.5,84,1,110.2,26,69,26.4,19.8
2026-07-07T07:05:00+05:30,2026-07-07 07:05:00,24.5,25.2,21.6,0,0,13,78,0,0,0,0,6.6,618.5,84,0,101.4,26,69,26.4,19.8
2026-07-07T07:00:00+05:30,2026-07-07 07:00:00,24.3,25,21.4,0,0,13,68,0,0,0,0,6.6,618.5,84,0,99.8,26,69,26.4,19.8
2026-07-07T06:55:00+05:30,2026-07-07 06:55:00,23.9,24.5,21,0,0,13,65,0,0,0,0,6.6,618.5,84,0,70.6,26,69,26.4,19.8
2026-07-07T06:51:00+05:30,2026-07-07 06:51:00,23.7,24.4,21.2,0,0,13,86,0,0,0,0,6.6,618.5,86,0,48.3,25.9,69,26.3,19.8
2026-07-07T06:45:00+05:30,2026-07-07 06:45:00,23.5,24.2,21.2,0,0,13,81,0,0,0,0,6.6,618.5,87,0,55.5,25.9,68,26.3,19.5
2026-07-07T06:40:00+05:30,2026-07-07 06:40:00,23.4,24.1,21.1,0,0,13,79,0,0,0,0,6.6,618.5,87,0,37,26,68,26.4,19.6
2026-07-07T06:35:00+05:30,2026-07-07 06:35:00,23.3,23.9,21,0,0,13,81,0,0,0,0,6.6,618.5,87,0,29.7,25.9,68,26.3,19.5
2026-07-07T06:30:00+05:30,2026-07-07 06:30:00,23.3,23.9,21,0,0,13,86,0,0,0,0,6.6,618.5,87,0,30.2,26,68,26.4,19.6
2026-07-07T06:25:00+05:30,2026-07-07 06:25:00,23.4,24.1,21.1,0,0,13,80,0,0,0,0,6.6,618.5,87,0,24.3,26,68,26.4,19.6
2026-07-07T06:20:00+05:30,2026-07-07 06:20:00,23.4,24.1,21.1,0,0,13,87,0,0,0,0,6.6,618.5,87,0,19.8,26,68,26.4,19.6
2026-07-07T06:15:00+05:30,2026-07-07 06:15:00,23.4,24,20.9,0,1.8,13,76,0,0,0,0,6.6,618.5,86,0,15,26,68,26.4,19.6
2026-07-07T06:10:00+05:30,2026-07-07 06:10:00,23.4,24,20.9,0,1.8,13,77,0,0,0,0,6.6,618.5,86,0,10.2,26,68,26.4,19.6
2026-07-07T06:05:00+05:30,2026-07-07 06:05:00,23.3,23.9,20.8,0,0,13,72,0,0,0,0,6.6,618.5,86,0,6.4,26,68,26.4,19.6
2026-07-07T06:00:00+05:30,2026-07-07 06:00:00,23.4,24,20.9,0,3.5,13,75,0,0,0,0,6.6,618.5,86,0,3.7,26,68,26.4,19.6
2026-07-07T05:55:00+05:30,2026-07-07 05:55:00,23.2,23.9,20.9,0,0,13,72,0,0,0,0,6.6,618.5,87,0,1.6,26,68,26.4,19.6
2026-07-07T05:50:00+05:30,2026-07-07 05:50:00,23.4,24,20.9,0,0,13,74,0,0,0,0,6.6,618.5,86,0,0.7,26,68,26.4,19.6
2026-07-07T05:46:00+05:30,2026-07-07 05:46:00,23.3,23.9,20.8,0,7.2,13,117,0,0,0,0,6.6,618.5,86,0,0.3,26,68,26.4,19.6
2026-07-07T05:40:00+05:30,2026-07-07 05:40:00,23.4,24.1,21.1,0,0,13,72,0,0,0,0,6.6,618.5,87,0,0.1,26,68,26.4,19.6
2026-07-07T05:35:00+05:30,2026-07-07 05:35:00,23.5,24.2,21,1.1,3.5,13,68,0,0,0,0,6.6,618.5,86,0,0,26.1,68,26.6,19.7
2026-07-07T05:30:00+05:30,2026-07-07 05:30:00,23.5,24.1,20.8,0.6,9.3,13,89,0,0,0,0,6.6,618.5,85,0,0,26.1,68,26.6,19.7
2026-07-07T05:25:00+05:30,2026-07-07 05:25:00,23.3,23.9,20.8,3.5,7.2,13,81,0,0,0,0,6.6,618.5,86,0,0,26.1,68,26.6,19.7
2026-07-07T05:20:00+05:30,2026-07-07 05:20:00,23.3,23.9,21,0,3.5,13,75,0,0,0,0,6.6,618.5,87,0,0,26.1,68,26.6,19.7
2026-07-07T05:15:00+05:30,2026-07-07 05:15:00,23.4,24,20.9,0,5.5,13,91,0,0,0,0,6.6,618.5,86,0,0,26.1,68,26.6,19.7
2026-07-07T05:10:00+05:30,2026-07-07 05:10:00,23.4,24,20.9,0,3.5,13,75,0,0,0,0,6.6,618.5,86,0,0,26.1,68,26.6,19.7
2026-07-07T05:05:00+05:30,2026-07-07 05:05:00,23.4,24,20.9,2.9,3.5,13,68,0,0,0,0,6.6,618.5,86,0,0,26.1,68,26.6,19.7
2026-07-07T05:00:00+05:30,2026-07-07 05:00:00,23.4,24,20.9,0,7.2,13,82,0,0,0,0,6.6,618.5,86,0,0,26.1,68,26.6,19.7
2026-07-07T04:55:00+05:30,2026-07-07 04:55:00,23.3,23.9,20.8,1.4,5.5,13,111,0,0,0,0,6.6,618.5,86,0,0,26.2,68,26.7,19.8
2026-07-07T04:50:00+05:30,2026-07-07 04:50:00,23.5,24.2,21,5.5,7.2,13,91,0,0,0,0,6.6,618.5,86,0,0,26.2,67,26.7,19.6
2026-07-07T04:45:00+05:30,2026-07-07 04:45:00,23.5,24.2,21,3.2,5.5,13,85,0,0,0,0,6.6,618.5,86,0,0,26.2,67,26.7,19.6
2026-07-07T04:41:00+05:30,2026-07-07 04:41:00,23.5,24.2,21,0,5.5,13,77,0,0,0,0,6.6,618.5,86,0,0,26.2,67,26.7,19.6
2026-07-07T04:35:00+05:30,2026-07-07 04:35:00,23.4,24,20.9,0.3,11.1,13,76,0,0,0,0,6.6,618.5,86,0,0,26.2,67,26.7,19.6
2026-07-07T04:30:00+05:30,2026-07-07 04:30:00,23.4,24.1,21.1,4.3,9.3,13,91,0,0,0,0,6.6,618.5,87,0,0,26.3,67,26.7,19.7
2026-07-07T04:25:00+05:30,2026-07-07 04:25:00,23.3,23.9,21,4,7.2,13,96,0,0,0,0,6.6,618.5,87,0,0,26.3,67,26.7,19.7
2026-07-07T04:20:00+05:30,2026-07-07 04:20:00,23.3,23.9,21,0,3.5,13,82,0,0,0,0,6.6,618.5,87,0,0,26.3,67,26.7,19.7
2026-07-07T04:15:00+05:30,2026-07-07 04:15:00,23.5,24.2,21,2.9,5.5,13,90,0,0,0,0,6.6,618.5,86,0,0,26.3,67,26.7,19.7
2026-07-07T04:10:00+05:30,2026-07-07 04:10:00,23.4,24,20.9,3.2,3.5,13,85,0,0,0,0,6.6,618.5,86,0,0,26.3,67,26.7,19.7
2026-07-07T04:05:00+05:30,2026-07-07 04:05:00,23.5,24.2,21,1.8,5.5,13,81,0,0,0,0,6.6,618.5,86,0,0,26.3,67,26.7,19.7
2026-07-07T04:00:00+05:30,2026-07-07 04:00:00,23.5,24.2,21,0,0,13,76,0,0,0,0,6.6,618.5,86,0,0,26.3,67,26.7,19.7
2026-07-07T03:55:00+05:30,2026-07-07 03:55:00,23.6,24.2,20.9,0,0,13,69,0,0,0,0,6.6,618.5,85,0,0,26.3,67,26.7,19.7
2026-07-07T03:50:00+05:30,2026-07-07 03:50:00,23.7,24.4,21,2.9,7.2,13,76,0,0,0,0,6.6,618.5,85,0,0,26.3,67,26.7,19.7
2026-07-07T03:45:00+05:30,2026-07-07 03:45:00,23.7,24.4,21,0,5.5,13,69,0,0,0,0,6.6,618.5,85,0,0,26.3,67,26.7,19.7
2026-07-07T03:40:00+05:30,2026-07-07 03:40:00,23.9,24.5,21,0,0,13,74,0,0,0,0,6.6,618.5,84,0,0,26.3,67,26.7,19.7
2026-07-07T03:36:00+05:30,2026-07-07 03:36:00,24,24.6,21.1,1.4,7.2,13,94,0,0,0,0,6.6,618.5,84,0,0,26.4,67,26.8,19.8
2026-07-07T03:30:00+05:30,2026-07-07 03:30:00,24,24.6,20.9,2.6,13,13,72,0,0,0,0,6.6,618.5,83,0,0,26.4,67,26.8,19.8
2026-07-07T03:25:00+05:30,2026-07-07 03:25:00,23.9,24.5,21,2.9,7.2,13,91,0,0,0,0,6.6,618.5,84,0,0,26.4,66,26.8,19.5
2026-07-07T03:20:00+05:30,2026-07-07 03:20:00,23.9,24.5,21,2.9,9.3,13,88,0,0,0,0,6.6,618.5,84,0,0,26.4,66,26.8,19.5
2026-07-07T03:15:00+05:30,2026-07-07 03:15:00,24,24.6,21.1,0.3,5.5,13,109,0,0,0,0,6.6,618.5,84,0,0,26.4,66,26.8,19.5
2026-07-07T03:10:00+05:30,2026-07-07 03:10:00,24.1,24.7,21,3.5,11.1,13,105,0,0,0,0,6.6,618.5,83,0,0,26.4,66,26.8,19.5
2026-07-07T03:05:00+05:30,2026-07-07 03:05:00,24.1,24.8,21.2,0.6,5.5,13,75,0,0,0,0,6.6,618.5,84,0,0,26.4,66,26.8,19.5
2026-07-07T03:00:00+05:30,2026-07-07 03:00:00,23.9,24.5,21,4.3,9.3,13,94,0,0,0,0,6.6,618.5,84,0,0,26.5,66,26.9,19.6
2026-07-07T02:55:00+05:30,2026-07-07 02:55:00,23.9,24.5,21,0,0,13,73,0,0,0,0,6.6,618.5,84,0,0,26.4,66,26.8,19.5
2026-07-07T02:50:00+05:30,2026-07-07 02:50:00,24,24.6,21.1,0.3,5.5,13,72,0,0,0,0,6.6,618.5,84,0,0,26.5,66,26.9,19.6
2026-07-07T02:45:00+05:30,2026-07-07 02:45:00,24.1,24.7,21,0,3.5,13,77,0,0,0,0,6.6,618.5,83,0,0,26.5,66,26.9,19.6
2026-07-07T02:40:00+05:30,2026-07-07 02:40:00,24.3,24.9,21,3.2,9.3,13,104,0,0,0,0,6.6,618.5,82,0,0,26.5,66,26.9,19.6
2026-07-07T02:35:00+05:30,2026-07-07 02:35:00,24.4,25,21.1,0.3,9.3,13,74,0,0,0,0,6.6,618.5,82,0,0,26.5,66,26.9,19.6
2026-07-07T02:31:00+05:30,2026-07-07 02:31:00,24.2,24.9,21.1,0,3.5,13,62,0,0,0,0,6.6,618.5,83,0,0,26.5,66,26.9,19.6
2026-07-07T02:25:00+05:30,2026-07-07 02:25:00,24.1,24.7,21,3.2,7.2,13,105,0,0,0,0,6.6,618.5,83,0,0,26.5,66,26.9,19.6
2026-07-07T02:20:00+05:30,2026-07-07 02:20:00,24.1,24.7,21,2.6,5.5,13,78,0,0,0,0,6.6,618.5,83,0,0,26.6,66,27.1,19.7
2026-07-07T02:15:00+05:30,2026-07-07 02:15:00,24.2,24.9,21.1,0.3,9.3,13,77,0,0,0,0,6.6,618.5,83,0,0,26.5,65,26.9,19.4
2026-07-07T02:10:00+05:30,2026-07-07 02:10:00,24.2,24.8,20.9,0,5.5,13,77,0,0,0,0,6.6,618.5,82,0,0,26.5,65,26.9,19.4
2026-07-07T02:05:00+05:30,2026-07-07 02:05:00,24.2,24.8,20.9,9.7,13,13,122,0,0,0,0,6.6,618.5,82,0,0,26.6,65,27,19.5
2026-07-07T02:00:00+05:30,2026-07-07 02:00:00,24.3,24.9,21,0.3,11.1,13,76,0,0,0,0,6.6,618.5,82,0,0,26.6,65,27,19.5
2026-07-07T01:55:00+05:30,2026-07-07 01:55:00,24.1,24.7,20.8,3.5,11.1,13,90,0,0,0,0,6.6,618.5,82,0,0,26.6,65,27,19.5
2026-07-07T01:50:00+05:30,2026-07-07 01:50:00,24.1,24.7,20.8,3.2,9.3,13,91,0,0,0,0,6.6,618.5,82,0,0,26.6,65,27,19.5
2026-07-07T01:45:00+05:30,2026-07-07 01:45:00,24.1,24.7,20.8,3.5,11.1,13,73,0,0,0,0,6.6,618.5,82,0,0,26.7,65,28.1,19.6
2026-07-07T01:40:00+05:30,2026-07-07 01:40:00,24.1,24.7,20.8,1.1,5.5,13,80,0,0,0,0,6.6,618.5,82,0,0,26.7,65,28.1,19.6
2026-07-07T01:35:00+05:30,2026-07-07 01:35:00,24,24.6,20.7,4.7,11.1,13,99,0,0,0,0,6.6,618.5,82,0,0,26.7,65,28.1,19.6
2026-07-07T01:30:00+05:30,2026-07-07 01:30:00,23.9,24.5,20.8,1.4,9.3,13,77,0,0,0,0,6.6,618.5,83,0,0,26.7,65,28.1,19.6
2026-07-07T01:25:00+05:30,2026-07-07 01:25:00,23.8,24.4,20.7,0,1.8,9.3,96,0,0,0,0,6.6,618.5,83,0,0,26.7,64,28,19.3
2026-07-07T01:20:00+05:30,2026-07-07 01:20:00,23.9,24.5,20.6,2.6,3.5,9.3,103,0,0,0,0,6.6,618.5,82,0,0,26.8,64,28.1,19.4
2026-07-07T01:15:00+05:30,2026-07-07 01:15:00,23.9,24.5,20.8,0,9.3,9.3,76,0,0,0,0,6.6,618.5,83,0,0,26.8,64,28.1,19.4
2026-07-07T01:11:00+05:30,2026-07-07 01:11:00,23.7,24.3,20.9,3.5,5.5,9.3,122,0,0,0,0,6.6,618.5,84,0,0,26.8,64,28.1,19.4
2026-07-07T01:05:00+05:30,2026-07-07 01:05:00,23.5,24.1,20.6,0,3.5,9.3,88,0,0,0,0,6.6,618.5,84,0,0,26.8,64,28.1,19.4
2026-07-07T01:00:00+05:30,2026-07-07 01:00:00,23.4,24,20.7,0,0,7.2,79,0,0,0,0,6.6,618.5,85,0,0,26.9,64,28.2,19.5
2026-07-07T00:55:00+05:30,2026-07-07 00:55:00,23.5,24.1,20.6,1.1,3.5,7.2,74,0,0,0,0,6.6,618.5,84,0,0,26.9,64,28.2,19.5
2026-07-07T00:50:00+05:30,2026-07-07 00:50:00,23.5,24.1,20.6,0,0,7.2,70,0,0,0,0,6.6,618.5,84,0,0,26.8,64,28.1,19.4
2026-07-07T00:45:00+05:30,2026-07-07 00:45:00,23.4,24,20.5,0,1.8,7.2,78,0,0,0,0,6.6,618.5,84,0,0,26.9,64,28.2,19.5
2026-07-07T00:40:00+05:30,2026-07-07 00:40:00,23.5,24.1,20.6,0,3.5,7.2,73,0,0,0,0,6.6,618.5,84,0,0,26.9,64,28.2,19.5
2026-07-07T00:35:00+05:30,2026-07-07 00:35:00,23.5,24.1,20.4,1.4,3.5,7.2,76,0,0,0,0,6.6,618.5,83,0,0,26.9,64,28.2,19.5
2026-07-07T00:30:00+05:30,2026-07-07 00:30:00,23.6,24.2,20.5,0,5.5,7.2,72,0,0,0,0,6.6,618.5,83,0,0,26.9,64,28.2,19.5
2026-07-07T00:25:00+05:30,2026-07-07 00:25:00,23.7,24.3,20.7,2.1,7.2,7.2,81,0,0,0,0,6.6,618.5,83,0,0,26.9,63,28.2,19.2
2026-07-07T00:20:00+05:30,2026-07-07 00:20:00,23.8,24.4,20.7,2.9,3.5,7.2,88,0,0,0,0,6.6,618.5,83,0,0,26.9,63,28.2,19.2
2026-07-07T00:15:00+05:30,2026-07-07 00:15:00,23.7,24.3,20.5,0,0,7.2,73,0,0,0,0,6.6,618.5,82,0,0,27,63,28.3,19.3
2026-07-07T00:10:00+05:30,2026-07-07 00:10:00,23.7,24.3,20.7,0,0,5.5,73,0,0,0,0,6.6,618.5,83,0,0,27,63,28.3,19.3
2026-07-07T00:06:00+05:30,2026-07-07 00:06:00,23.7,24.3,20.5,4,5.5,5.5,101,0,0,0,0,6.6,618.5,82,0,0,27,63,28.3,19.3
2026-07-07T00:00:00+05:30,2026-07-07 00:00:00,23.8,24.4,20.5,0,3.5,3.5,74,0,0,0,0,6.6,618.5,82,0,0,27,63,28.3,19.3
2026-07-06T23:55:00+05:30,2026-07-06 23:55:00,24,24.6,20.5,0,3.5,31.4,78,0,0,0,0,6.6,618.5,81,0,0,27,63,28.3,19.3
2026-07-06T23:50:00+05:30,2026-07-06 23:50:00,23.9,24.4,20.4,0.3,5.5,31.4,90,0,0,0,0,6.6,618.5,81,0,0,27,63,28.3,19.3
2026-07-06T23:45:00+05:30,2026-07-06 23:45:00,,,,2.9,11.1,31.4,65,0,0,0,0,6.6,618.5,,0,0,27.1,63,28.4,19.4
2026-07-06T23:40:00+05:30,2026-07-06 23:40:00,,,,4,5.5,31.4,91,0,0,0,0,6.6,618.5,,0,0,27.1,63,28.4,19.4
2026-07-06T23:35:00+05:30,2026-07-06 23:35:00,,,,0,3.5,31.4,78,0,0,0,0,6.6,618.5,,0,0,27.2,62,28.6,19.3
2026-07-06T23:30:00+05:30,2026-07-06 23:30:00,,,,0,1.8,31.4,82,0,0,0,0,6.6,618.5,,0,0,27.1,62,28.4,19.2
2026-07-06T23:25:00+05:30,2026-07-06 23:25:00,,,,5.5,5.5,31.4,94,0,0,0,0,6.6,618.5,,0,0,27.2,62,28.6,19.3
2026-07-06T23:20:00+05:30,2026-07-06 23:20:00,,,,0.3,3.5,31.4,87,0,0,0,0,6.6,618.5,,0,0,27.2,62,28.6,19.3
2026-07-06T23:15:00+05:30,2026-07-06 23:15:00,,,,1.4,1.8,31.4,73,0,0,0,0,6.6,618.5,,0,0,27.3,62,28.6,19.3
2026-07-06T23:10:00+05:30,2026-07-06 23:10:00,,,,6.1,11.1,31.4,94,0,0,0,0,6.6,618.5,,0,0,27.3,62,28.6,19.3
2026-07-06T23:05:00+05:30,2026-07-06 23:05:00,,,,0,5.5,31.4,77,0,0,0,0,6.6,618.5,,0,0,27.3,62,28.6,19.3
2026-07-06T23:01:00+05:30,2026-07-06 23:01:00,,,,4,9.3,31.4,102,0,0,0,0,6.6,618.5,,0,0,27.3,62,28.6,19.3
2026-07-06T22:55:00+05:30,2026-07-06 22:55:00,,,,0,1.8,31.4,90,0,0,0,0,6.6,618.5,,0,0,27.3,62,28.6,19.3
2026-07-06T22:50:00+05:30,2026-07-06 22:50:00,,,,5,7.2,31.4,73,0,0,0,0,6.6,618.5,,0,0,27.4,62,28.8,19.4
2026-07-06T22:45:00+05:30,2026-07-06 22:45:00,,,,6.1,7.2,31.4,122,0,0,0,0,6.6,618.5,,0,0,27.4,62,28.8,19.4
2026-07-06T22:40:00+05:30,2026-07-06 22:40:00,,,,1.1,7.2,31.4,87,0,0,0,0,6.6,618.5,,0,0,27.4,62,28.8,19.4
2026-07-06T22:35:00+05:30,2026-07-06 22:35:00,23.9,24.4,20,4.7,7.2,31.4,107,0,0,0,0,6.6,618.5,79,0,0,27.5,62,28.9,19.6
2026-07-06T22:30:00+05:30,2026-07-06 22:30:00,23.9,24.4,20.2,0,0,31.4,74,0,0,0,0,6.6,618.5,80,0,0,27.5,62,28.9,19.6
2026-07-06T22:25:00+05:30,2026-07-06 22:25:00,24,24.5,20.1,0,0,31.4,82,0,0,0,0,6.6,618.5,79,0,0,27.5,62,28.9,19.6
2026-07-06T22:20:00+05:30,2026-07-06 22:20:00,24,24.5,20.1,0,3.5,31.4,73,0,0,0,0,6.6,618.5,79,0,0,27.6,61,29,19.4
2026-07-06T22:15:00+05:30,2026-07-06 22:15:00,24,24.5,20.1,4,5.5,31.4,83,0,0,0,0,6.6,618.5,79,0,0,27.6,61,29,19.4
2026-07-06T22:10:00+05:30,2026-07-06 22:10:00,24.2,24.8,20.3,0,1.8,31.4,73,0,0,0,0,6.6,618.5,79,0,0,27.6,61,29,19.4
2026-07-06T22:05:00+05:30,2026-07-06 22:05:00,24.1,24.6,20.2,0,3.5,31.4,75,0,0,0,0,6.6,618.5,79,0,0,27.6,61,29,19.4
2026-07-06T22:00:00+05:30,2026-07-06 22:00:00,24.2,24.7,20.1,0,3.5,31.4,64,0,0,0,0,6.6,618.5,78,0,0,27.7,61,29.2,19.5
2026-07-06T21:55:00+05:30,2026-07-06 21:55:00,24.3,24.8,20.2,0,5.5,31.4,86,0,0,0,0,6.6,618.5,78,0,0,27.7,61,29.2,19.5
2026-07-06T21:50:00+05:30,2026-07-06 21:50:00,24.4,24.9,20.3,2.9,5.5,31.4,91,0,0,0,0,6.6,618.5,78,0,0,27.7,61,29.2,19.5
2026-07-06T21:45:00+05:30,2026-07-06 21:45:00,,,,1.8,7.2,31.4,83,0,0,0,0,6.6,618.5,,0,0,27.8,61,29.2,19.6
2026-07-06T21:40:00+05:30,2026-07-06 21:40:00,,,,1.8,5.5,31.4,105,0,0,0,0,6.6,618.5,,0,0,27.8,61,29.2,19.6
2026-07-06T21:35:00+05:30,2026-07-06 21:35:00,,,,4,7.2,31.4,95,0,0,0,0,6.6,618.5,,0,0,27.8,61,29.2,19.6
2026-07-06T21:30:00+05:30,2026-07-06 21:30:00,,,,4,5.5,31.4,99,0,0,0,0,6.6,618.5,,0,0,27.9,61,29.4,19.7
2026-07-06T21:25:00+05:30,2026-07-06 21:25:00,,,,6.4,9.3,31.4,95,0,0,0,0,6.6,618.5,,0,0,27.9,61,29.4,19.7
2026-07-06T21:20:00+05:30,2026-07-06 21:20:00,,,,5.8,9.3,31.4,102,0,0,0,0,6.6,618.5,,0,0,28,61,29.6,19.8
2026-07-06T21:15:00+05:30,2026-07-06 21:15:00,,,,0.3,3.5,31.4,125,0,0,0,0,6.6,618.5,,0,0,28,61,29.6,19.8
2026-07-06T21:10:00+05:30,2026-07-06 21:10:00,,,,4,5.5,31.4,84,0,0,0,0,6.6,618.5,,0,0,28,61,29.6,19.8
2026-07-06T21:05:00+05:30,2026-07-06 21:05:00,,,,2.9,3.5,31.4,105,0,0,0,0,6.6,618.5,,0,0,28.1,61,29.7,19.9
2026-07-06T21:00:00+05:30,2026-07-06 21:00:00,,,,1.4,3.5,31.4,75,0,0,0,0,6.6,618.5,,0,0,28.1,61,29.7,19.9
2026-07-06T20:55:00+05:30,2026-07-06 20:55:00,24.8,25.3,20.3,2.9,5.5,31.4,68,0,0,0,0,6.6,618.5,76,0,0,28.2,61,29.9,19.9
2026-07-06T20:50:00+05:30,2026-07-06 20:50:00,24.8,25.3,20.3,1.8,3.5,31.4,80,0,0,0,0,6.6,618.5,76,0,0,28.2,61,29.9,19.9
2026-07-06T20:45:00+05:30,2026-07-06 20:45:00,24.8,25.3,20.3,2.6,3.5,31.4,91,0,0,0,0,6.6,618.5,76,0,0,28.2,61,29.9,19.9
2026-07-06T20:40:00+05:30,2026-07-06 20:40:00,24.8,25.3,20.3,1.1,3.5,31.4,73,0,0,0,0,6.6,618.5,76,0,0,28.2,61,29.9,19.9
2026-07-06T20:36:00+05:30,2026-07-06 20:36:00,24.7,25.3,20.4,2.1,3.5,31.4,78,0,0,0,0,6.6,618.5,77,0,0,28.3,61,30,20
2026-07-06T20:30:00+05:30,2026-07-06 20:30:00,24.7,25.3,20.4,2.1,3.5,31.4,87,0,0,0,0,6.6,618.5,77,0,0,28.3,61,30,20
2026-07-06T20:25:00+05:30,2026-07-06 20:25:00,24.6,25.2,20.5,0,7.2,31.4,71,0,0,0,0,6.6,618.5,78,0,0,28.3,61,30,20
2026-07-06T20:20:00+05:30,2026-07-06 20:20:00,24.7,25.3,20.4,0,1.8,31.4,72,0,0,0,0,6.6,618.5,77,0,0,28.4,61,30.2,20.1
2026-07-06T20:15:00+05:30,2026-07-06 20:15:00,24.6,25.2,20.5,0,0,31.4,76,0,0,0,0,6.6,618.5,78,0,0,28.4,61,30.2,20.1
2026-07-06T20:10:00+05:30,2026-07-06 20:10:00,,,,0,0,31.4,75,0,0,0,0,6.6,618.5,,0,0,28.5,61,30.3,20.2
2026-07-06T20:05:00+05:30,2026-07-06 20:05:00,,,,0,0,31.4,74,0,0,0,0,6.6,618.5,,0,0,28.5,61,30.3,20.2
2026-07-06T20:00:00+05:30,2026-07-06 20:00:00,,,,0,0,31.4,71,0,0,0,0,6.6,618.5,,0,0,28.6,61,30.6,20.3
2026-07-06T19:55:00+05:30,2026-07-06 19:55:00,,,,0,1.8,31.4,76,0,0,0,0,6.6,618.5,,0,0,28.6,61,30.6,20.3
2026-07-06T19:50:00+05:30,2026-07-06 19:50:00,24.8,25.4,20.9,0,0,31.4,83,0,0,0,0,6.6,618.5,79,0,0,28.7,61,30.7,20.4
2026-07-06T19:45:00+05:30,2026-07-06 19:45:00,25,25.6,20.9,0,0,31.4,74,0,0,0,0,6.6,618.5,78,0,0,28.7,61,30.7,20.4
2026-07-06T19:40:00+05:30,2026-07-06 19:40:00,25,25.6,20.7,0,0,31.4,73,0,0,0,0,6.6,618.5,77,0,0,28.7,61,30.7,20.4
2026-07-06T19:35:00+05:30,2026-07-06 19:35:00,25,25.6,20.9,0,0,31.4,79,0,0,0,0,6.6,618.5,78,0,0,28.8,60,30.7,20.2
2026-07-06T19:31:00+05:30,2026-07-06 19:31:00,24.9,25.5,20.8,0,0,31.4,73,0,0,0,0,6.6,618.5,78,0,0,28.8,60,30.7,20.2
2026-07-06T19:25:00+05:30,2026-07-06 19:25:00,25,25.6,20.9,0.3,1.8,31.4,86,0,0,0,0,6.6,618.5,78,0,0,28.8,60,30.7,20.2
2026-07-06T19:20:00+05:30,2026-07-06 19:20:00,25.2,25.8,20.9,0,0,31.4,70,0,0,0,0,6.6,618.5,77,0,0,28.9,60,30.8,20.3
2026-07-06T19:15:00+05:30,2026-07-06 19:15:00,25.2,25.8,20.9,0,0,31.4,72,0,0,0,0,6.6,618.5,77,0,0,28.9,60,30.8,20.3
2026-07-06T19:10:00+05:30,2026-07-06 19:10:00,25.3,25.9,20.9,0,0,31.4,73,0,0,0,0,6.6,618.5,77,0,0,28.9,60,30.8,20.3
2026-07-06T19:05:00+05:30,2026-07-06 19:05:00,25.5,26.1,20.9,0,1.8,31.4,74,0,0,0,0,6.6,618.5,76,0,0,28.9,60,30.8,20.3
2026-07-06T19:00:00+05:30,2026-07-06 19:00:00,25.6,26.2,21.1,0,3.5,31.4,82,0,0,0,0,6.6,618.5,76,0,0,29,60,31.1,20.4
2026-07-06T18:55:00+05:30,2026-07-06 18:55:00,25.7,26.3,20.9,0,0,31.4,77,0,0,0,0,6.6,618.5,75,0,0,29,60,31.1,20.4
2026-07-06T18:50:00+05:30,2026-07-06 18:50:00,25.5,26.1,20.7,0.3,9.3,31.4,85,0,0,0,0,6.6,618.5,75,0,0,29.1,60,31.2,20.6
2026-07-06T18:45:00+05:30,2026-07-06 18:45:00,25.8,26.4,21,0,0,31.4,77,0,0,0,0,6.6,618.5,75,0,0,29.1,60,31.2,20.6
2026-07-06T18:40:00+05:30,2026-07-06 18:40:00,25.9,26.5,21.1,1.8,5.5,31.4,94,0,0,0,0,6.6,618.5,75,0,0.2,29.2,60,31.4,20.7
2026-07-06T18:35:00+05:30,2026-07-06 18:35:00,25.9,26.5,21.1,0,5.5,31.4,88,0,0,0,0,6.6,618.5,75,0,0.7,29.2,59,31.3,20.4
2026-07-06T18:30:00+05:30,2026-07-06 18:30:00,26,26.6,21,0.6,9.3,31.4,71,0,0,0,0,6.6,618.5,74,0,1.8,29.3,59,31.3,20.4
2026-07-06T18:26:00+05:30,2026-07-06 18:26:00,26.1,26.7,21.1,0.3,5.5,31.4,76,0,0,0,0,6.6,618.5,74,0,3.2,29.3,59,31.3,20.4
2026-07-06T18:20:00+05:30,2026-07-06 18:20:00,26.2,26.8,21,3.5,5.5,31.4,69,0,0,0,0,6.6,618.5,73,0,5.6,29.3,59,31.3,20.4
2026-07-06T18:15:00+05:30,2026-07-06 18:15:00,26.4,27,21.1,0,1.8,31.4,98,0,0,0,0,6.6,618.5,73,0,8.5,29.4,59,31.6,20.5
2026-07-06T18:10:00+05:30,2026-07-06 18:10:00,26.5,27.1,21,0,5.5,31.4,63,0,0,0,0,6.6,618.5,72,0,11.9,29.4,59,31.6,20.5
2026-07-06T18:05:00+05:30,2026-07-06 18:05:00,26.7,28.5,21.2,0,5.5,31.4,70,0,0,0,0,6.6,618.5,72,0,13.8,29.5,59,31.7,20.6
2026-07-06T18:00:00+05:30,2026-07-06 18:00:00,26.7,28.5,21.2,0,5.5,31.4,70,0,0,0,0,6.6,618.5,72,0,16.9,29.5,59,31.7,20.6
2026-07-06T17:55:00+05:30,2026-07-06 17:55:00,26.8,28.6,21.1,4,7.2,31.4,113,0,0,0,0,6.6,618.5,71,0,21.9,29.6,59,31.9,20.7
2026-07-06T17:50:00+05:30,2026-07-06 17:50:00,27,28.9,21,3.5,7.2,31.4,75,0,0,0,0,6.6,618.5,70,0,25.1,29.6,59,31.9,20.7
2026-07-06T17:45:00+05:30,2026-07-06 17:45:00,27.1,29,21.2,0,18.3,31.4,73,0,0,0,0,6.6,618.5,70,0,29.3,29.6,58,31.8,20.4
2026-07-06T17:40:00+05:30,2026-07-06 17:40:00,27.3,29.1,20.8,4,9.3,31.4,98,0,0,0,0,6.6,618.5,68,0,32.3,29.7,58,31.9,20.6
2026-07-06T17:35:00+05:30,2026-07-06 17:35:00,27.4,29.4,21.2,2.9,11.1,31.4,93,0,0,0,0,6.6,618.5,69,0,34.5,29.7,58,31.9,20.6
2026-07-06T17:30:00+05:30,2026-07-06 17:30:00,27.7,29.9,21.3,0,5.5,31.4,82,0,0,0,0,6.6,618.5,68,0,38.4,29.8,58,32.1,20.6
2026-07-06T17:25:00+05:30,2026-07-06 17:25:00,28.2,30.5,21.3,2.6,13,31.4,82,0,0,0,0,6.6,618.5,66,0,44.5,29.8,58,32.1,20.6
2026-07-06T17:20:00+05:30,2026-07-06 17:20:00,28.4,30.7,21.2,0,7.2,31.4,104,0,0,0,0,6.6,618.5,65,0,60.8,29.8,58,32.1,20.6
2026-07-06T17:15:00+05:30,2026-07-06 17:15:00,28.6,31,21.1,9.7,13,31.4,77,0,0,0,0,6.6,618.5,64,0,69.6,29.8,58,32.1,20.6
2026-07-06T17:10:00+05:30,2026-07-06 17:10:00,28.8,31.3,21.3,1.4,9.3,31.4,92,0,0,0,0,6.6,618.5,64,0,79.4,29.9,58,32.2,20.7
2026-07-06T17:05:00+05:30,2026-07-06 17:05:00,28.9,31.1,20.9,3.5,7.2,31.4,81,0,0,0,0,6.6,618.5,62,0,89,29.9,58,32.2,20.7
2026-07-06T17:00:00+05:30,2026-07-06 17:00:00,29,31.3,21,0.3,3.5,31.4,79,0,0,0,0,6.6,618.5,62,0,101.8,29.9,58,32.2,20.7
2026-07-06T16:55:00+05:30,2026-07-06 16:55:00,28.8,31,20.8,16.3,18.3,31.4,92,0,0,0,0,6.6,618.5,62,1,117,30,58,32.4,20.8
2026-07-06T16:50:00+05:30,2026-07-06 16:50:00,29.1,31.7,21.3,0,1.8,31.4,75,0,0,0,0,6.6,618.5,63,1,123.3,30,58,32.4,20.8
2026-07-06T16:45:00+05:30,2026-07-06 16:45:00,29.2,31.6,20.9,0.6,11.1,31.4,84,0,0,0,0,6.6,618.5,61,1,144.9,30,58,32.4,20.8
2026-07-06T16:40:00+05:30,2026-07-06 16:40:00,29.3,31.7,21,10.1,11.1,31.4,95,0,0,0,0,6.6,618.5,61,1,152.2,30.1,58,32.7,20.9
2026-07-06T16:35:00+05:30,2026-07-06 16:35:00,29.2,31.7,21.2,0,5.5,31.4,74,0,0,0,0,6.6,618.5,62,1,174.8,30.1,57,32.4,20.6
2026-07-06T16:30:00+05:30,2026-07-06 16:30:00,29.2,31.9,21.4,2.6,14.8,31.4,94,0,0,0,0,6.6,618.5,63,1,189.1,30.1,57,32.4,20.6
2026-07-06T16:25:00+05:30,2026-07-06 16:25:00,29.8,32.6,21.4,0,3.5,31.4,45,0,0,0,0,6.6,618.5,61,1,197.4,30.1,57,32.4,20.6
2026-07-06T16:20:00+05:30,2026-07-06 16:20:00,30.1,33,21.5,0.3,1.8,31.4,119,0,0,0,0,6.6,618.5,60,2,224.9,30.1,57,32.4,20.6
2026-07-06T16:15:00+05:30,2026-07-06 16:15:00,29.5,32.1,21.2,0,11.1,31.4,60,0,0,0,0,6.6,618.5,61,2,234.6,30.1,57,32.4,20.6
2026-07-06T16:10:00+05:30,2026-07-06 16:10:00,29.4,31.9,21.1,6.4,16.6,31.4,114,0,0,0,0,6.6,618.5,61,2,244.3,30.1,57,32.4,20.6
2026-07-06T16:05:00+05:30,2026-07-06 16:05:00,29.3,31.5,20.7,2.1,11.1,31.4,121,0,0,0,0,6.6,618.5,60,2,271.7,30.1,57,32.4,20.6
2026-07-06T16:01:00+05:30,2026-07-06 16:01:00,29.7,32.1,20.8,8.2,13,31.4,130,0,0,0,0,6.6,618.5,59,2,292.2,30.1,58,32.7,20.9
2026-07-06T15:55:00+05:30,2026-07-06 15:55:00,29.7,32.1,20.8,6.1,9.3,31.4,89,0,0,0,0,6.6,618.5,59,3,309.2,30.1,57,32.4,20.6
2026-07-06T15:50:00+05:30,2026-07-06 15:50:00,30,32.6,21.1,0,7.2,31.4,90,0,0,0,0,6.6,618.5,59,3,333.9,30.1,57,32.4,20.6
2026-07-06T15:45:00+05:30,2026-07-06 15:45:00,29.9,32.1,20.4,2.9,7.2,31.4,56,0,0,0,0,6.6,618.5,57,3,347.4,30.1,57,32.4,20.6
2026-07-06T15:40:00+05:30,2026-07-06 15:40:00,29.8,32,20.6,14.8,18.3,31.4,92,0,0,0,0,6.6,618.5,58,3,363.9,30.1,57,32.4,20.6
2026-07-06T15:35:00+05:30,2026-07-06 15:35:00,30.4,33.4,21.5,0,3.5,31.4,88,0,0,0,0,6.6,618.5,59,3,387.8,30.1,57,32.4,20.6
2026-07-06T15:30:00+05:30,2026-07-06 15:30:00,30.3,33.2,21.4,1.1,7.2,31.4,88,0,0,0,0,6.6,618.5,59,3,406.2,30.1,58,32.7,20.9
2026-07-06T15:25:00+05:30,2026-07-06 15:25:00,30.3,33.2,21.4,4,13,31.4,40,0,0,0,0,6.6,618.5,59,4,419.4,30,58,32.4,20.8
2026-07-06T15:20:00+05:30,2026-07-06 15:20:00,30.2,33.3,21.6,2.1,9.3,31.4,84,0,0,0,0,6.6,618.5,60,4,438.8,30,59,32.6,21.1
2026-07-06T15:15:00+05:30,2026-07-06 15:15:00,30.9,34.4,21.9,11.1,14.8,31.4,62,0,0,0,0,6.6,618.5,59,4,470.1,30,59,32.6,21.1
2026-07-06T15:10:00+05:30,2026-07-06 15:10:00,31,34.6,22,0.6,5.5,31.4,100,0,0,0,0,6.6,618.5,59,4,493.4,29.9,59,32.4,21
2026-07-06T15:05:00+05:30,2026-07-06 15:05:00,30.5,33.8,21.8,1.4,7.2,31.4,60,0,0,0,0,6.6,618.5,60,5,532.4,29.8,59,32.2,20.9
2026-07-06T15:00:00+05:30,2026-07-06 15:00:00,30.2,33.5,21.8,1.4,13,31.4,77,0,0,0,0,6.6,618.5,61,4,489.8,29.7,59,32.1,20.8
2026-07-06T14:56:00+05:30,2026-07-06 14:56:00,30.2,33.5,21.8,2.6,13,31.4,78,0,0,0,0,6.6,618.5,61,5,539.9,29.6,59,31.9,20.7
2026-07-06T14:50:00+05:30,2026-07-06 14:50:00,30,32.8,21.4,5.8,14.8,31.4,77,0,0,0,0,6.6,618.5,60,5,553.1,29.5,58,31.6,20.3
2026-07-06T14:45:00+05:30,2026-07-06 14:45:00,29.9,32.6,21.3,4,11.1,31.4,227,0,0,0,0,6.6,618.5,60,5,563.1,29.5,59,31.7,20.6
2026-07-06T14:40:00+05:30,2026-07-06 14:40:00,29.7,31.9,20.6,4.3,9.3,31.4,72,0,0,0,0,6.6,618.5,58,5,578.1,29.5,59,31.7,20.6
2026-07-06T14:35:00+05:30,2026-07-06 14:35:00,29.6,31.8,20.5,8.7,13,31.4,63,0,0,0,0,6.6,618.5,58,5,582.6,29.5,59,31.7,20.6
2026-07-06T14:30:00+05:30,2026-07-06 14:30:00,29.5,32.1,21.2,7.2,21.9,31.4,105,0,0,0,0,6.6,618.5,61,5,613.6,29.5,59,31.7,20.6
2026-07-06T14:25:00+05:30,2026-07-06 14:25:00,30.6,33.8,21.7,7.9,14.8,31.4,114,0,0,0,0,6.6,618.5,59,4,502,29.5,61,32.1,21.2
2026-07-06T14:20:00+05:30,2026-07-06 14:20:00,30.1,33.7,22.3,4.3,9.3,31.4,114,0,0,0,0,6.6,618.5,63,6,668,29.5,61,32.1,21.2
2026-07-06T14:15:00+05:30,2026-07-06 14:15:00,30,33.4,22.2,9,14.8,31.4,168,0,0,0,0,6.6,618.5,63,4,444.7,29.4,61,31.9,21.1
2026-07-06T14:10:00+05:30,2026-07-06 14:10:00,30.6,34.3,22.2,3.5,11.1,31.4,95,0,0,0,0,6.6,618.5,61,7,777.2,29.3,60,31.5,20.7
2026-07-06T14:05:00+05:30,2026-07-06 14:05:00,29.7,32.9,21.9,1.1,13,31.4,66,0,0,0,0,6.6,618.5,63,6,717.5,29.3,60,31.5,20.7
2026-07-06T14:00:00+05:30,2026-07-06 14:00:00,29.8,32.6,21.4,6.4,14.8,31.4,105,0,0,0,0,6.6,618.5,61,6,709.8,29.2,60,31.4,20.7
2026-07-06T13:55:00+05:30,2026-07-06 13:55:00,30,32.8,21.4,5,9.3,31.4,69,0,0,0,0,6.6,618.5,60,6,704.7,29.2,60,31.4,20.7
2026-07-06T13:51:00+05:30,2026-07-06 13:51:00,30,32.6,21.1,1.1,11.1,31.4,74,0,0,0,0,6.6,618.5,59,6,689.4,29.1,60,31.2,20.6
2026-07-06T13:45:00+05:30,2026-07-06 13:45:00,30.1,33,21.5,1.8,13,31.4,68,0,0,0,0,6.6,618.5,60,2,293.2,29.1,60,31.2,20.6
2026-07-06T13:40:00+05:30,2026-07-06 13:40:00,30.1,33.3,21.7,5.5,13,31.4,65,0,0,0,0,6.6,618.5,61,7,732,29.1,61,31.4,20.8
2026-07-06T13:35:00+05:30,2026-07-06 13:35:00,30.1,33.3,21.7,7.9,11.1,31.4,91,0,0,0,0,6.6,618.5,61,7,764.5,29,61,31.2,20.7
2026-07-06T13:30:00+05:30,2026-07-06 13:30:00,30,32.8,21.4,2.1,16.6,31.4,125,0,0,0,0,6.6,618.5,60,7,762.1,29,61,31.2,20.7
2026-07-06T13:25:00+05:30,2026-07-06 13:25:00,30.5,33.8,21.8,6.4,9.3,31.4,80,0,0,0,0,6.6,618.5,60,7,801,28.9,62,31.2,20.9
2026-07-06T13:20:00+05:30,2026-07-06 13:20:00,30.2,33.5,21.8,4.7,13,31.4,115,0,0,0,0,6.6,618.5,61,7,779.4,28.9,63,31.3,21.1
2026-07-06T13:15:00+05:30,2026-07-06 13:15:00,29.7,32.9,21.9,2.6,11.1,31.4,101,0,0,0,0,6.6,618.5,63,8,829,28.8,62,30.9,20.8
2026-07-06T13:10:00+05:30,2026-07-06 13:10:00,30,33.2,21.9,11.1,18.3,31.4,114,0,0,0,0,6.6,618.5,62,8,897,28.8,63,31.1,21
2026-07-06T13:05:00+05:30,2026-07-06 13:05:00,29.8,33.2,22.2,9,16.6,31.4,88,0,0,0,0,6.6,618.5,64,8,869.8,28.7,64,31.2,21.2
2026-07-06T13:00:00+05:30,2026-07-06 13:00:00,30.2,33.9,22.4,4,16.6,31.4,138,0,0,0,0,6.6,618.5,63,8,824.3,28.7,64,31.2,21.2
2026-07-06T12:55:00+05:30,2026-07-06 12:55:00,29.7,32.9,21.9,5.8,7.2,31.4,149,0,0,0,0,6.6,618.5,63,8,821.2,28.6,64,30.9,21.1
2026-07-06T12:50:00+05:30,2026-07-06 12:50:00,29.9,33.4,22.3,2.6,9.3,31.4,68,0,0,0,0,6.6,618.5,64,7,816.7,28.6,65,31.1,21.4
2026-07-06T12:45:00+05:30,2026-07-06 12:45:00,30,34.1,22.9,2.1,16.6,31.4,106,0,0,0,0,6.6,618.5,66,8,843,28.5,65,30.9,21.3
2026-07-06T12:40:00+05:30,2026-07-06 12:40:00,29.9,33.6,22.6,10.5,13,31.4,48,0,0,0,0,6.6,618.5,65,8,862.8,28.4,65,30.7,21.2
2026-07-06T12:35:00+05:30,2026-07-06 12:35:00,29.5,32.8,22.2,0.3,14.8,31.4,72,0,0,0,0,6.6,618.5,65,8,827.4,28.3,65,30.5,21.1
2026-07-06T12:31:00+05:30,2026-07-06 12:31:00,29.9,33.6,22.6,1.4,16.6,31.4,84,0,0,0,0,6.6,618.5,65,8,835.3,28.2,66,30.6,21.3
2026-07-06T12:25:00+05:30,2026-07-06 12:25:00,29.1,32.4,22.3,4.3,7.2,31.4,85,0,0,0,0,6.6,618.5,67,8,849.7,28.2,66,30.6,21.3
2026-07-06T12:20:00+05:30,2026-07-06 12:20:00,29.7,33.7,22.9,7.2,16.6,31.4,147,0,0,0,0,6.6,618.5,67,2,262.6,28.1,66,30.3,21.2
2026-07-06T12:15:00+05:30,2026-07-06 12:15:00,29.5,33.2,22.7,12.2,31.4,31.4,70,0,0,0,0,6.6,618.5,67,9,956.8,28.1,66,30.3,21.2
2026-07-06T12:10:00+05:30,2026-07-06 12:10:00,29.5,33,22.5,3.2,18.3,20.1,84,0,0,0,0,6.6,618.5,66,8,885.8,28,66,30.2,21.1
2026-07-06T12:05:00+05:30,2026-07-06 12:05:00,29.5,33,22.5,1.4,7.2,20.1,114,0,0,0,0,6.6,618.5,66,8,852,27.9,66,29.9,20.9
2026-07-06T12:00:00+05:30,2026-07-06 12:00:00,29.3,32.6,22.3,8.2,13,20.1,31,0,0,0,0,6.6,618.5,66,8,842.4,27.8,67,29.9,21.1
2026-07-06T11:55:00+05:30,2026-07-06 11:55:00,28.8,32.1,22.5,6.4,16.6,20.1,76,0,0,0,0,6.6,618.5,69,8,834.7,27.8,67,29.9,21.1
2026-07-06T11:50:00+05:30,2026-07-06 11:50:00,28.4,31.3,22.1,2.1,11.1,20.1,72,0,0,0,0,6.6,618.5,69,8,897.2,27.7,67,29.8,21
2026-07-06T11:45:00+05:30,2026-07-06 11:45:00,28.2,31.1,22.2,0.3,11.1,20.1,80,0,0,0,0,6.6,618.5,70,2,252.9,27.7,67,29.8,21
2026-07-06T11:40:00+05:30,2026-07-06 11:40:00,28.4,31.3,22.1,5.8,11.1,20.1,142,0,0,0,0,6.6,618.5,69,2,218.2,27.7,67,29.8,21
2026-07-06T11:35:00+05:30,2026-07-06 11:35:00,28.8,31.9,22.3,8.2,14.8,20.1,141,0,0,0,0,6.6,618.5,68,2,275.1,27.6,68,29.7,21.2
2026-07-06T11:30:00+05:30,2026-07-06 11:30:00,28.1,31,22.3,4.7,11.1,20.1,120,0,0,0,0,6.6,618.5,71,8,898.2,27.5,68,29.5,21.1
2026-07-06T11:26:00+05:30,2026-07-06 11:26:00,28.2,31.4,22.7,7.9,20.1,20.1,92,0,0,0,0,6.6,618.5,72,1,186.1,27.5,68,29.5,21.1
2026-07-06T11:20:00+05:30,2026-07-06 11:20:00,28.7,32.3,22.9,1.1,13,18.3,77,0,0,0,0,6.6,618.5,71,1,162,27.5,68,29.5,21.1
2026-07-06T11:15:00+05:30,2026-07-06 11:15:00,28.6,31.9,22.6,6.4,14.8,18.3,98,0,0,0,0,6.6,618.5,70,8,832.4,27.4,68,29.3,20.9
2026-07-06T11:10:00+05:30,2026-07-06 11:10:00,28.6,32.1,22.8,5.5,9.3,18.3,108,0,0,0,0,6.6,618.5,71,8,830.9,27.3,68,29.2,20.8
2026-07-06T11:05:00+05:30,2026-07-06 11:05:00,28.6,32.1,22.8,6.1,11.1,18.3,126,0,0,0,0,6.6,618.5,71,8,839.2,27.2,68,29.1,20.8
2026-07-06T11:00:00+05:30,2026-07-06 11:00:00,28,30.8,22.2,4,11.1,18.3,62,0,0,0,0,6.6,618.5,71,8,840.8,27.2,68,29.1,20.8
2026-07-06T10:55:00+05:30,2026-07-06 10:55:00,27.9,30.7,22.4,1.4,5.5,18.3,105,0,0,0,0,6.6,618.5,72,1,110,27.2,68,29.1,20.8
2026-07-06T10:50:00+05:30,2026-07-06 10:50:00,27.8,30.5,22.3,4.7,7.2,18.3,80,0,0,0,0,6.6,618.5,72,1,182.6,27.2,68,29.1,20.8
2026-07-06T10:45:00+05:30,2026-07-06 10:45:00,27.9,30.6,22.1,10.5,14.8,18.3,104,0,0,0,0,6.6,618.5,71,3,323.9,27.1,68,28.9,20.7
2026-07-06T10:40:00+05:30,2026-07-06 10:40:00,27.9,30.7,22.4,2.9,9.3,18.3,102,0,0,0,0,6.6,618.5,72,7,787.8,27.1,69,28.9,20.9
2026-07-06T10:35:00+05:30,2026-07-06 10:35:00,28.5,31.8,22.7,4.7,9.3,18.3,101,0,0,0,0,6.6,618.5,71,2,219.8,27,69,28.8,20.8
2026-07-06T10:30:00+05:30,2026-07-06 10:30:00,27.9,30.6,22.1,6.1,14.8,18.3,81,0,0,0,0,6.6,618.5,71,6,708.6,26.9,69,28.6,20.7
2026-07-06T10:25:00+05:30,2026-07-06 10:25:00,28,30.9,22.5,3.5,7.2,18.3,142,0,0,0,0,6.6,618.5,72,2,227.3,26.9,69,28.6,20.7
2026-07-06T10:21:00+05:30,2026-07-06 10:21:00,27.8,30.5,22.3,0,9.3,18.3,81,0,0,0,0,6.6,618.5,72,7,748.2,26.9,69,28.6,20.7
2026-07-06T10:15:00+05:30,2026-07-06 10:15:00,27.8,30.5,22.3,9,14.8,18.3,131,0,0,0,0,6.6,618.5,72,7,750.1,26.8,69,28.4,20.6
2026-07-06T10:10:00+05:30,2026-07-06 10:10:00,27.5,29.9,22,0,13,18.3,116,0,0,0,0,6.6,618.5,72,7,762.9,26.7,69,28.3,20.6
2026-07-06T10:05:00+05:30,2026-07-06 10:05:00,27.6,30.3,22.3,4.3,7.2,18.3,59,0,0,0,0,6.6,618.5,73,8,823.2,26.7,69,28.3,20.6
2026-07-06T10:00:00+05:30,2026-07-06 10:00:00,27.8,30.5,22.3,3.5,11.1,18.3,109,0,0,0,0,6.6,618.5,72,1,197.3,26.7,69,28.3,20.6
2026-07-06T09:55:00+05:30,2026-07-06 09:55:00,27.8,30.5,22.3,4.7,11.1,18.3,118,0,0,0,0,6.6,618.5,72,5,577.9,26.6,70,27.2,20.7
2026-07-06T09:50:00+05:30,2026-07-06 09:50:00,27.5,30.2,22.4,3.5,14.8,18.3,150,0,0,0,0,6.6,618.5,74,7,768.3,26.5,70,27.1,20.6
2026-07-06T09:45:00+05:30,2026-07-06 09:45:00,27.5,30.1,22.2,3.5,18.3,18.3,125,0,0,0,0,6.6,618.5,73,7,725.3,26.4,70,26.9,20.4
2026-07-06T09:40:00+05:30,2026-07-06 09:40:00,27.6,30.2,22.1,6.1,9.3,18.3,103,0,0,0,0,6.6,618.5,72,6,691.9,26.4,70,26.9,20.4
2026-07-06T09:35:00+05:30,2026-07-06 09:35:00,27.3,29.6,22,4.7,11.1,18.3,126,0,0,0,0,6.6,618.5,73,6,678.4,26.3,69,26.8,20.1
2026-07-06T09:30:00+05:30,2026-07-06 09:30:00,26.9,29,21.9,3.2,11.1,18.3,100,0,0,0,0,6.6,618.5,74,7,718.3,26.3,69,26.8,20.1
2026-07-06T09:25:00+05:30,2026-07-06 09:25:00,27.4,29.7,21.9,5.5,7.2,18.3,56,0,0,0,0,6.6,618.5,72,1,136.5,26.2,69,26.7,20.1
2026-07-06T09:20:00+05:30,2026-07-06 09:20:00,27.7,30.3,22,2.9,9.3,18.3,100,0,0,0,0,6.6,618.5,71,2,217.3,26.1,70,26.6,20.2
2026-07-06T09:15:00+05:30,2026-07-06 09:15:00,27.7,30.3,22,9.3,18.3,18.3,96,0,0,0,0,6.6,618.5,71,7,730,26,70,26.5,20.1
2026-07-06T09:10:00+05:30,2026-07-06 09:10:00,27.6,30,21.9,0,5.5,14.8,78,0,0,0,0,6.6,618.5,71,6,626.4,25.9,69,26.3,19.8
2026-07-06T09:05:00+05:30,2026-07-06 09:05:00,27.1,29.2,21.6,0,5.5,14.8,63,0,0,0,0,6.6,618.5,72,5,580.4,25.8,69,26.2,19.7
2026-07-06T09:01:00+05:30,2026-07-06 09:01:00,26.9,28.8,21.4,5.5,11.1,14.8,90,0,0,0,0,6.6,618.5,72,5,569.8,25.7,69,26.2,19.6
2026-07-06T08:55:00+05:30,2026-07-06 08:55:00,26.8,28.6,21.1,8.7,13,14.8,123,0,0,0,0,6.6,618.5,71,5,525.5,25.7,69,26.2,19.6
2026-07-06T08:50:00+05:30,2026-07-06 08:50:00,26.8,28.6,21.1,9.3,11.1,14.8,92,0,0,0,0,6.6,618.5,71,5,526.1,25.7,69,26.2,19.6
2026-07-06T08:45:00+05:30,2026-07-06 08:45:00,26.8,28.6,21.1,0.3,5.5,14.8,98,0,0,0,0,6.6,618.5,71,3,368.9,25.7,70,26.2,19.8
2026-07-06T08:40:00+05:30,2026-07-06 08:40:00,27,28.9,21,9.7,13,14.8,111,0,0,0,0,6.6,618.5,70,4,492.4,25.6,70,26.1,19.7
2026-07-06T08:35:00+05:30,2026-07-06 08:35:00,27,29.1,21.7,0.6,1.8,14.8,65,0,0,0,0,6.6,618.5,73,4,466.3,25.6,70,26.1,19.7
2026-07-06T08:30:00+05:30,2026-07-06 08:30:00,26.4,27,21.6,0.3,9.3,14.8,97,0,0,0,0,6.6,618.5,75,4,452.8,25.6,70,26.1,19.7
2026-07-06T08:25:00+05:30,2026-07-06 08:25:00,26.3,26.9,21.7,0,7.2,14.8,76,0,0,0,0,6.6,618.5,76,4,436.2,25.5,70,25.9,19.6
2026-07-06T08:20:00+05:30,2026-07-06 08:20:00,26.1,26.7,21.3,0.3,7.2,14.8,80,0,0,0,0,6.6,618.5,75,4,414.5,25.5,70,25.9,19.6
2026-07-06T08:15:00+05:30,2026-07-06 08:15:00,25.9,26.5,21.3,0,1.8,14.8,64,0,0,0,0,6.6,618.5,76,3,394.2,25.5,70,25.9,19.6
2026-07-06T08:10:00+05:30,2026-07-06 08:10:00,25.9,26.5,21.3,4.3,9.3,14.8,115,0,0,0,0,6.6,618.5,76,3,380.8,25.5,70,25.9,19.6
2026-07-06T08:05:00+05:30,2026-07-06 08:05:00,25.8,26.4,21.2,4.7,9.3,14.8,90,0,0,0,0,6.6,618.5,76,3,360.1,25.4,70,25.8,19.5
2026-07-06T08:00:00+05:30,2026-07-06 08:00:00,25.6,26.2,21.3,0,5.5,14.8,71,0,0,0,0,6.6,618.5,77,3,345.9,25.5,70,25.9,19.6
2026-07-06T07:55:00+05:30,2026-07-06 07:55:00,25.5,26.1,21.4,0,3.5,14.8,79,0,0,0,0,6.6,618.5,78,3,326.5,25.4,70,25.8,19.5
2026-07-06T07:50:00+05:30,2026-07-06 07:50:00,25.2,25.9,21.3,0,1.8,14.8,92,0,0,0,0,6.6,618.5,79,2,305.4,25.4,70,25.8,19.5
2026-07-06T07:45:00+05:30,2026-07-06 07:45:00,25.1,25.7,21,0.6,5.5,14.8,91,0,0,0,0,6.6,618.5,78,2,283.2,25.4,70,25.8,19.5
2026-07-06T07:41:00+05:30,2026-07-06 07:41:00,25,25.6,21.1,2.6,7.2,14.8,107,0,0,0,0,6.6,618.5,79,2,266.7,25.4,70,25.8,19.5
2026-07-06T07:35:00+05:30,2026-07-06 07:35:00,24.9,25.5,21,0.6,11.1,14.8,91,0,0,0,0,6.6,618.5,79,2,250.3,25.3,70,25.7,19.4
2026-07-06T07:30:00+05:30,2026-07-06 07:30:00,25,25.6,21.1,0.3,1.8,14.8,85,0,0,0,0,6.6,618.5,79,2,228.6,25.3,70,25.7,19.4
2026-07-06T07:25:00+05:30,2026-07-06 07:25:00,24.8,25.4,21.1,0.3,5.5,14.8,86,0,0,0,0,6.6,618.5,80,2,208.9,25.3,70,25.7,19.4
2026-07-06T07:20:00+05:30,2026-07-06 07:20:00,24.6,25.2,20.9,0,0,14.8,50,0,0,0,0,6.6,618.5,80,1,194.2,25.3,70,25.7,19.4
2026-07-06T07:15:00+05:30,2026-07-06 07:15:00,24.5,25.1,21.2,0,5.5,14.8,69,0,0,0,0,6.6,618.5,82,1,173.9,25.2,70,25.6,19.3
2026-07-06T07:10:00+05:30,2026-07-06 07:10:00,24.2,24.9,21.1,0,0,14.8,76,0,0,0,0,6.6,618.5,83,1,153.8,25.2,70,25.6,19.3
2026-07-06T07:05:00+05:30,2026-07-06 07:05:00,24.1,24.7,21,0,0,14.8,71,0,0,0,0,6.6,618.5,83,1,137.8,25.1,70,25.5,19.2
2026-07-06T07:00:00+05:30,2026-07-06 07:00:00,23.8,24.4,20.9,0,0,14.8,71,0,0,0,0,6.6,618.5,84,1,119.1,25.1,70,25.5,19.2
2026-07-06T06:55:00+05:30,2026-07-06 06:55:00,23.6,24.2,20.7,1.1,3.5,14.8,78,0,0,0,0,6.6,618.5,84,1,107.2,25.1,70,25.5,19.2
2026-07-06T06:50:00+05:30,2026-07-06 06:50:00,23.2,23.8,20.6,3.5,5.5,14.8,81,0,0,0,0,6.6,618.5,85,0,87.5,25.1,70,25.5,19.2
2026-07-06T06:45:00+05:30,2026-07-06 06:45:00,23.1,23.7,20.4,0,5.5,14.8,93,0,0,0,0,6.6,618.5,85,0,75,25,70,25.4,19.1
2026-07-06T06:40:00+05:30,2026-07-06 06:40:00,23,23.6,20.5,0,0,14.8,69,0,0,0,0,6.6,618.5,86,0,37.5,25,70,25.4,19.1
2026-07-06T06:36:00+05:30,2026-07-06 06:36:00,22.8,23.4,20.3,0.3,3.5,14.8,85,0,0,0,0,6.6,618.5,86,0,53.4,25,70,25.4,19.1
2026-07-06T06:30:00+05:30,2026-07-06 06:30:00,22.6,23.2,20.1,0,3.5,14.8,86,0,0,0,0,6.6,618.5,86,0,34.1,25.1,70,25.5,19.2
2026-07-06T06:25:00+05:30,2026-07-06 06:25:00,22.5,23.1,20.2,0,0,14.8,69,0,0,0,0,6.6,618.5,87,0,25.7,25.1,70,25.5,19.2
2026-07-06T06:20:00+05:30,2026-07-06 06:20:00,22.5,23.1,20.2,0,0,14.8,77,0,0,0,0,6.6,618.5,87,0,20.2,25.1,69,25.5,19
2026-07-06T06:15:00+05:30,2026-07-06 06:15:00,22.4,22.9,19.9,0.6,1.8,14.8,81,0,0,0,0,6.6,618.5,86,0,16.6,25.1,69,25.5,19
2026-07-06T06:10:00+05:30,2026-07-06 06:10:00,22.4,22.9,19.9,0,5.5,14.8,70,0,0,0,0,6.6,618.5,86,0,11.6,25.1,69,25.5,19
2026-07-06T06:05:00+05:30,2026-07-06 06:05:00,22.3,22.8,20,0,0,14.8,72,0,0,0,0,6.6,618.5,87,0,7.4,25.1,69,25.5,19
2026-07-06T06:00:00+05:30,2026-07-06 06:00:00,22.4,22.9,19.9,0,1.8,14.8,74,0,0,0,0,6.6,618.5,86,0,4.5,25.1,69,25.5,19
2026-07-06T05:55:00+05:30,2026-07-06 05:55:00,22.1,22.6,19.8,0,0,14.8,84,0,0,0,0,6.6,618.5,87,0,2.2,25.1,69,25.5,19
2026-07-06T05:50:00+05:30,2026-07-06 05:50:00,21.8,22.3,19.9,0,0,14.8,70,0,0,0,0,6.6,618.5,89,0,1.2,25.1,69,25.5,19
2026-07-06T05:45:00+05:30,2026-07-06 05:45:00,21.7,22.3,19.8,0,0,14.8,75,0,0,0,0,6.6,618.5,89,0,0.5,25.1,69,25.5,19
2026-07-06T05:40:00+05:30,2026-07-06 05:40:00,21.7,22.3,19.8,0,0,14.8,69,0,0,0,0,6.6,618.5,89,0,0.1,25.1,69,25.5,19
2026-07-06T05:35:00+05:30,2026-07-06 05:35:00,21.9,22.5,20,0,0,14.8,69,0,0,0,0,6.6,618.5,89,0,0,25.2,69,25.6,19.1
2026-07-06T05:31:00+05:30,2026-07-06 05:31:00,21.9,22.4,19.8,0,0,14.8,71,0,0,0,0,6.6,618.5,88,0,0,25.2,69,25.6,19.1
2026-07-06T05:25:00+05:30,2026-07-06 05:25:00,21.9,22.4,19.8,0,0,14.8,82,0,0,0,0,6.6,618.5,88,0,0,25.2,69,25.6,19.1
2026-07-06T05:20:00+05:30,2026-07-06 05:20:00,22,22.6,19.9,0,0,14.8,70,0,0,0,0,6.6,618.5,88,0,0,25.2,69,25.6,19.1
2026-07-06T05:15:00+05:30,2026-07-06 05:15:00,22.1,22.6,19.8,0,0,14.8,68,0,0,0,0,6.6,618.5,87,0,0,25.2,69,25.6,19.1
2026-07-06T05:10:00+05:30,2026-07-06 05:10:00,22.3,22.8,20,0,0,14.8,68,0,0,0,0,6.6,618.5,87,0,0,25.2,69,25.6,19.1
2026-07-06T05:05:00+05:30,2026-07-06 05:05:00,22.2,22.8,20,0,0,14.8,70,0,0,0,0,6.6,618.5,87,0,0,25.2,69,25.6,19.1
2026-07-06T05:01:00+05:30,2026-07-06 05:01:00,22,22.6,19.9,0,0,14.8,70,0,0,0,0,6.6,618.5,88,0,0,25.2,69,25.6,19.1
2026-07-06T04:55:00+05:30,2026-07-06 04:55:00,22.2,22.8,20,0,0,14.8,69,0,0,0,0,6.6,618.5,87,0,0,25.2,69,25.6,19.1
2026-07-06T04:50:00+05:30,2026-07-06 04:50:00,22.3,22.8,19.8,0,0,14.8,74,0,0,0,0,6.6,618.5,86,0,0,25.3,69,25.7,19.2
2026-07-06T04:45:00+05:30,2026-07-06 04:45:00,22.2,22.8,20,0,0,14.8,60,0,0,0,0,6.6,618.5,87,0,0,25.3,69,25.7,19.2
2026-07-06T04:40:00+05:30,2026-07-06 04:40:00,22.3,22.8,19.8,0,1.8,14.8,69,0,0,0,0,6.6,618.5,86,0,0,25.3,69,25.7,19.2
2026-07-06T04:35:00+05:30,2026-07-06 04:35:00,22.4,22.9,19.9,0,0,14.8,71,0,0,0,0,6.6,618.5,86,0,0,25.3,69,25.7,19.2
2026-07-06T04:30:00+05:30,2026-07-06 04:30:00,22.4,22.9,19.9,0,1.8,14.8,86,0,0,0,0,6.6,618.5,86,0,0,25.3,69,25.7,19.2
2026-07-06T04:25:00+05:30,2026-07-06 04:25:00,22.6,23.1,20,0,0,14.8,76,0,0,0,0,6.6,618.5,85,0,0,25.3,69,25.7,19.2
2026-07-06T04:20:00+05:30,2026-07-06 04:20:00,22.5,23,19.8,0,0,14.8,69,0,0,0,0,6.6,618.5,85,0,0,25.3,69,25.7,19.2
2026-07-06T04:15:00+05:30,2026-07-06 04:15:00,22.6,23.1,20,2.6,3.5,14.8,97,0,0,0,0,6.6,618.5,85,0,0,25.3,69,25.7,19.2
2026-07-06T04:11:00+05:30,2026-07-06 04:11:00,22.6,23.1,20,0,3.5,14.8,72,0,0,0,0,6.6,618.5,85,0,0,25.4,69,25.8,19.3
2026-07-06T04:05:00+05:30,2026-07-06 04:05:00,22.7,23.2,19.9,0,5.5,14.8,82,0,0,0,0,6.6,618.5,84,0,0,25.4,69,25.8,19.3
2026-07-06T04:00:00+05:30,2026-07-06 04:00:00,22.8,23.3,19.9,0,0,14.8,79,0,0,0,0,6.6,618.5,84,0,0,25.4,69,25.8,19.3
2026-07-06T03:55:00+05:30,2026-07-06 03:55:00,22.9,23.4,20,1.4,7.2,14.8,70,0,0,0,0,6.6,618.5,84,0,0,25.5,69,25.9,19.4
2026-07-06T03:50:00+05:30,2026-07-06 03:50:00,23,23.5,20.1,0,0,14.8,80,0,0,0,0,6.6,618.5,84,0,0,25.4,69,25.8,19.3
2026-07-06T03:45:00+05:30,2026-07-06 03:45:00,23.1,23.6,20.1,0,5.5,14.8,87,0,0,0,0,6.6,618.5,83,0,0,25.5,69,25.9,19.4
2026-07-06T03:40:00+05:30,2026-07-06 03:40:00,22.9,23.4,19.8,0,1.8,14.8,89,0,0,0,0,6.6,618.5,83,0,0,25.5,69,25.9,19.4
2026-07-06T03:35:00+05:30,2026-07-06 03:35:00,22.8,23.3,20.1,0,0,14.8,71,0,0,0,0,6.6,618.5,85,0,0,25.5,69,25.9,19.4
2026-07-06T03:30:00+05:30,2026-07-06 03:30:00,22.8,23.3,20.1,0.3,1.8,14.8,76,0,0,0,0,6.6,618.5,85,0,0,25.5,69,25.9,19.4
2026-07-06T03:25:00+05:30,2026-07-06 03:25:00,22.9,23.5,20.2,2.1,5.5,14.8,91,0,0,0,0,6.6,618.5,85,0,0,25.5,69,25.9,19.4
2026-07-06T03:20:00+05:30,2026-07-06 03:20:00,22.9,23.4,20,0,1.8,14.8,70,0,0,0,0,6.6,618.5,84,0,0,25.6,69,26.1,19.5
2026-07-06T03:15:00+05:30,2026-07-06 03:15:00,,,,0,9.3,14.8,79,0,0,0,0,6.6,618.5,,0,0,25.6,69,26.1,19.5
2026-07-06T03:10:00+05:30,2026-07-06 03:10:00,,,,0,0,14.8,69,0,0,0,0,6.6,618.5,,0,0,25.6,69,26.1,19.5
2026-07-06T03:06:00+05:30,2026-07-06 03:06:00,,,,0,0,14.8,70,0,0,0,0,6.6,618.5,,0,0,25.6,69,26.1,19.5
2026-07-06T03:00:00+05:30,2026-07-06 03:00:00,,,,0,5.5,14.8,73,0,0,0,0,6.6,618.5,,0,0,25.6,69,26.1,19.5
2026-07-06T02:55:00+05:30,2026-07-06 02:55:00,23,23.6,20.3,0,3.5,14.8,74,0,0,0,0,6.6,618.5,85,0,0,25.6,69,26.1,19.5
2026-07-06T02:50:00+05:30,2026-07-06 02:50:00,22.7,23.3,20.4,0,0,14.8,92,0,0,0,0,6.6,618.5,87,0,0,25.6,69,26.1,19.5
2026-07-06T02:45:00+05:30,2026-07-06 02:45:00,22.7,23.3,20.3,0,5.5,14.8,86,0,0,0,0,6.6,618.5,86,0,0,25.7,69,26.2,19.6
2026-07-06T02:40:00+05:30,2026-07-06 02:40:00,22.8,23.4,20.3,0.6,1.8,14.8,101,0,0,0,0,6.6,618.5,86,0,0,25.7,69,26.2,19.6
2026-07-06T02:35:00+05:30,2026-07-06 02:35:00,22.9,23.5,20.4,0,0,14.8,71,0,0,0,0,6.6,618.5,86,0,0,25.7,69,26.2,19.6
2026-07-06T02:30:00+05:30,2026-07-06 02:30:00,22.9,23.5,20.4,0,0,14.8,87,0,0,0,0,6.6,618.5,86,0,0,25.7,69,26.2,19.6
2026-07-06T02:25:00+05:30,2026-07-06 02:25:00,23,23.6,20.5,0,1.8,14.8,76,0,0,0,0,6.6,618.5,86,0,0,25.7,69,26.2,19.6
2026-07-06T02:20:00+05:30,2026-07-06 02:20:00,22.9,23.5,20.4,1.4,5.5,14.8,93,0,0,0,0,6.6,618.5,86,0,0,25.7,69,26.2,19.6
2026-07-06T02:15:00+05:30,2026-07-06 02:15:00,23,23.6,20.5,0,3.5,14.8,72,0,0,0,0,6.6,618.5,86,0,0,25.7,69,26.2,19.6
2026-07-06T02:10:00+05:30,2026-07-06 02:10:00,22.9,23.5,20.4,0,3.5,14.8,77,0,0,0,0,6.6,618.5,86,0,0,25.8,69,26.2,19.7
2026-07-06T02:05:00+05:30,2026-07-06 02:05:00,22.9,23.5,20.6,2.1,3.5,14.8,93,0,0,0,0,6.6,618.5,87,0,0,25.8,69,26.2,19.7
2026-07-06T02:01:00+05:30,2026-07-06 02:01:00,23,23.6,20.5,0,0,14.8,70,0,0,0,0,6.6,618.5,86,0,0,25.8,69,26.2,19.7
2026-07-06T01:55:00+05:30,2026-07-06 01:55:00,23.1,23.7,20.6,0,3.5,14.8,71,0,0,0,0,6.6,618.5,86,0,0,25.8,69,26.2,19.7
2026-07-06T01:50:00+05:30,2026-07-06 01:50:00,23.1,23.7,20.6,0,0,14.8,83,0,0,0,0,6.6,618.5,86,0,0,25.8,69,26.2,19.7
2026-07-06T01:45:00+05:30,2026-07-06 01:45:00,23.2,23.8,20.6,0,0,14.8,78,0,0,0,0,6.6,618.5,85,0,0,25.8,68,26.2,19.4
2026-07-06T01:40:00+05:30,2026-07-06 01:40:00,23.2,23.8,20.6,1.1,5.5,14.8,89,0,0,0,0,6.6,618.5,85,0,0,25.8,69,26.2,19.7
2026-07-06T01:35:00+05:30,2026-07-06 01:35:00,23.3,23.9,20.6,0,7.2,14.8,77,0,0,0,0,6.6,618.5,85,0,0,25.9,68,26.3,19.5
2026-07-06T01:30:00+05:30,2026-07-06 01:30:00,23.3,23.9,20.6,0.3,3.5,14.8,79,0,0,0,0,6.6,618.5,85,0,0,25.9,68,26.3,19.5
2026-07-06T01:25:00+05:30,2026-07-06 01:25:00,23.3,23.9,20.6,0,3.5,14.8,91,0,0,0,0,6.6,618.5,85,0,0,25.9,68,26.3,19.5
2026-07-06T01:20:00+05:30,2026-07-06 01:20:00,23.2,23.8,20.6,5.5,7.2,14.8,97,0,0,0,0,6.6,618.5,85,0,0,26,68,26.4,19.6
2026-07-06T01:15:00+05:30,2026-07-06 01:15:00,23.3,23.9,20.6,1.8,7.2,14.8,94,0,0,0,0,6.6,618.5,85,0,0,26,68,26.4,19.6
2026-07-06T01:10:00+05:30,2026-07-06 01:10:00,23.4,24,20.5,5.5,9.3,14.8,81,0,0,0,0,6.6,618.5,84,0,0,26,68,26.4,19.6
2026-07-06T01:05:00+05:30,2026-07-06 01:05:00,23.4,24,20.5,0.3,14.8,14.8,83,0,0,0,0,6.6,618.5,84,0,0,26,68,26.4,19.6
2026-07-06T01:00:00+05:30,2026-07-06 01:00:00,,,,0,13,13,91,0,0,0,0,6.6,618.5,,0,0,26,68,26.4,19.6
2026-07-06T00:55:00+05:30,2026-07-06 00:55:00,,,,0.3,5.5,11.1,76,0,0,0,0,6.6,618.5,,0,0,26.1,68,26.6,19.7
2026-07-06T00:50:00+05:30,2026-07-06 00:50:00,,,,0,0,7.2,88,0,0,0,0,6.6,618.5,,0,0,26.1,69,26.6,19.9
2026-07-06T00:45:00+05:30,2026-07-06 00:45:00,,,,5.5,7.2,7.2,101,0,0,0,0,6.6,618.5,,0,0,26.1,69,26.6,19.9
2026-07-06T00:41:00+05:30,2026-07-06 00:41:00,,,,0,5.5,5.5,83,0,0,0,0,6.6,618.5,,0,0,26.1,68,26.6,19.7
2026-07-06T00:35:00+05:30,2026-07-06 00:35:00,23,23.6,20.5,0,0,5.5,82,0,0,0,0,6.6,618.5,86,0,0,26.1,68,26.6,19.7
2026-07-06T00:30:00+05:30,2026-07-06 00:30:00,23,23.6,20.5,0,3.5,5.5,83,0,0,0,0,6.6,618.5,86,0,0,26.2,68,26.7,19.8
2026-07-06T00:25:00+05:30,2026-07-06 00:25:00,23,23.6,20.7,0,0,5.5,75,0,0,0,0,6.6,618.5,87,0,0,26.2,68,26.7,19.8
2026-07-06T00:20:00+05:30,2026-07-06 00:20:00,23,23.6,20.7,0,0,5.5,72,0,0,0,0,6.6,618.5,87,0,0,26.2,68,26.7,19.8
2026-07-06T00:15:00+05:30,2026-07-06 00:15:00,23.1,23.7,20.6,0,0,5.5,66,0,0,0,0,6.6,618.5,86,0,0,26.2,68,26.7,19.8
2026-07-06T00:10:00+05:30,2026-07-06 00:10:00,23.1,23.7,20.8,1.1,5.5,5.5,101,0,0,0,0,6.6,618.5,87,0,0,26.2,68,26.7,19.8
2026-07-06T00:05:00+05:30,2026-07-06 00:05:00,23.2,23.9,20.9,0,0,3.5,79,0,0,0,0,6.6,618.5,87,0,0,26.3,68,26.7,19.9
2026-07-06T00:00:00+05:30,2026-07-06 00:00:00,23.1,23.7,20.8,0,0,0,88,0,0,0,0,6.6,618.5,87,0,0,26.3,68,26.7,19.9
2026-07-05T23:55:00+05:30,2026-07-05 23:55:00,23.1,23.7,20.8,0,0,29.5,70,0,0,0,0,6.6,618.5,87,0,0,26.3,68,26.7,19.9
2026-07-05T23:50:00+05:30,2026-07-05 23:50:00,23.2,23.9,20.9,0,0,29.5,72,0,0,0,0,6.6,618.5,87,0,0,26.3,68,26.7,19.9
2026-07-05T23:45:00+05:30,2026-07-05 23:45:00,23.2,23.9,20.9,0,0,29.5,85,0,0,0,0,6.6,618.5,87,0,0,26.3,68,26.7,19.9
2026-07-05T23:40:00+05:30,2026-07-05 23:40:00,23.1,23.7,20.8,0,5.5,29.5,84,0,0,0,0,6.6,618.5,87,0,0,26.3,68,26.7,19.9
2026-07-05T23:36:00+05:30,2026-07-05 23:36:00,23.2,23.9,20.9,0,0,29.5,83,0,0,0,0,6.6,618.5,87,0,0,26.4,68,26.8,20
2026-07-05T23:30:00+05:30,2026-07-05 23:30:00,23.2,23.9,21.1,0,0,29.5,71,0,0,0,0,6.6,618.5,88,0,0,26.4,68,26.8,20
2026-07-05T23:25:00+05:30,2026-07-05 23:25:00,23.2,23.9,20.9,0,0,29.5,77,0,0,0,0,6.6,618.5,87,0,0,26.4,68,26.8,20
2026-07-05T23:20:00+05:30,2026-07-05 23:20:00,23.1,23.8,21,1.1,3.5,29.5,75,0,0,0,0,6.6,618.5,88,0,0,26.4,68,26.8,20
2026-07-05T23:15:00+05:30,2026-07-05 23:15:00,23.1,23.8,21,0,0,29.5,76,0,0,0,0,6.6,618.5,88,0,0,26.4,68,26.8,20
2026-07-05T23:10:00+05:30,2026-07-05 23:10:00,23.1,23.8,21,0,0,29.5,50,0,0,0,0,6.6,618.5,88,0,0,26.4,68,26.8,20
2026-07-05T23:05:00+05:30,2026-07-05 23:05:00,23.2,23.9,21.1,0,0,29.5,70,0,0,0,0,6.6,618.5,88,0,0,26.5,68,27,20.1
2026-07-05T23:00:00+05:30,2026-07-05 23:00:00,23.2,23.9,21.1,6.1,7.2,29.5,128,0,0,0,0,6.6,618.5,88,0,0,26.5,68,27,20.1
2026-07-05T22:55:00+05:30,2026-07-05 22:55:00,23.4,24.1,21.1,0,0,29.5,75,0,0,0,0,6.6,618.5,87,0,0,26.5,68,27,20.1
2026-07-05T22:50:00+05:30,2026-07-05 22:50:00,23.5,24.2,21,0,0,29.5,75,0,0,0,0,6.6,618.5,86,0,0,26.5,68,27,20.1
2026-07-05T22:45:00+05:30,2026-07-05 22:45:00,23.5,24.2,21,0,3.5,29.5,78,0,0,0,0,6.6,618.5,86,0,0,26.5,68,27,20.1
2026-07-05T22:40:00+05:30,2026-07-05 22:40:00,23.6,24.3,21.1,0,1.8,29.5,74,0,0,0,0,6.6,618.5,86,0,0,26.6,67,27.1,19.9
2026-07-05T22:35:00+05:30,2026-07-05 22:35:00,23.7,24.4,21,1.4,7.2,29.5,77,0,0,0,0,6.6,618.5,85,0,0,26.6,67,27.1,19.9
2026-07-05T22:31:00+05:30,2026-07-05 22:31:00,23.9,24.5,21,0,0,29.5,83,0,0,0,0,6.6,618.5,84,0,0,26.6,67,27.1,19.9
2026-07-05T22:25:00+05:30,2026-07-05 22:25:00,24,24.6,21.1,0,0,29.5,74,0,0,0,0,6.6,618.5,84,0,0,26.6,67,27.1,19.9
2026-07-05T22:20:00+05:30,2026-07-05 22:20:00,24,24.6,21.1,1.8,3.5,29.5,81,0,0,0,0,6.6,618.5,84,0,0,26.6,67,27.1,19.9
2026-07-05T22:15:00+05:30,2026-07-05 22:15:00,24,24.6,21.1,0,0,29.5,76,0,0,0,0,6.6,618.5,84,0,0,26.6,67,27.1,19.9
2026-07-05T22:10:00+05:30,2026-07-05 22:10:00,24,24.6,20.9,2.9,5.5,29.5,75,0,0,0,0,6.6,618.5,83,0,0,26.6,67,27.1,19.9
2026-07-05T22:05:00+05:30,2026-07-05 22:05:00,24,24.6,20.9,3.2,5.5,29.5,80,0,0,0,0,6.6,618.5,83,0,0,26.7,67,28.2,20.1
2026-07-05T22:00:00+05:30,2026-07-05 22:00:00,24,24.6,20.9,1.1,1.8,29.5,90,0,0,0,0,6.6,618.5,83,0,0,26.7,67,28.2,20.1
2026-07-05T21:55:00+05:30,2026-07-05 21:55:00,24.1,24.7,21,2.1,3.5,29.5,106,0,0,0,0,6.6,618.5,83,0,0,26.7,67,28.2,20.1
2026-07-05T21:50:00+05:30,2026-07-05 21:50:00,24,24.6,20.7,5.5,7.2,29.5,63,0,0,0,0,6.6,618.5,82,0,0,26.7,67,28.2,20.1
2026-07-05T21:45:00+05:30,2026-07-05 21:45:00,24,24.6,20.9,0,0,29.5,86,0,0,0,0,6.6,618.5,83,0,0,26.8,67,28.3,20.1
2026-07-05T21:40:00+05:30,2026-07-05 21:40:00,24.1,24.7,20.8,1.8,7.2,29.5,92,0,0,0,0,6.6,618.5,82,0,0,26.8,67,28.3,20.1
2026-07-05T21:35:00+05:30,2026-07-05 21:35:00,24.2,24.8,20.9,5.5,7.2,29.5,101,0,0,0,0,6.6,618.5,82,0,0,26.8,67,28.3,20.1
2026-07-05T21:30:00+05:30,2026-07-05 21:30:00,24.3,24.9,21,0,0,29.5,78,0,0,0,0,6.6,618.5,82,0,0,26.8,67,28.3,20.1
2026-07-05T21:25:00+05:30,2026-07-05 21:25:00,24.3,24.9,20.8,3.5,9.3,29.5,74,0,0,0,0,6.6,618.5,81,0,0,26.8,67,28.3,20.1
2026-07-05T21:20:00+05:30,2026-07-05 21:20:00,24.2,24.8,20.9,0,0,29.5,75,0,0,0,0,6.6,618.5,82,0,0,26.8,67,28.3,20.1
2026-07-05T21:15:00+05:30,2026-07-05 21:15:00,24.2,24.9,21.1,0,0,29.5,70,0,0,0,0,6.6,618.5,83,0,0,26.8,67,28.3,20.1
2026-07-05T21:11:00+05:30,2026-07-05 21:11:00,24.1,24.7,21,0,0,29.5,75,0,0,0,0,6.6,618.5,83,0,0,26.9,66,28.4,20
2026-07-05T21:05:00+05:30,2026-07-05 21:05:00,24.1,24.7,21,0,3.5,29.5,60,0,0,0,0,6.6,618.5,83,0,0,26.9,66,28.4,20
2026-07-05T21:00:00+05:30,2026-07-05 21:00:00,24.1,24.7,20.8,1.4,1.8,29.5,78,0,0,0,0,6.6,618.5,82,0,0,26.9,66,28.4,20
2026-07-05T20:55:00+05:30,2026-07-05 20:55:00,24.1,24.7,21,1.4,3.5,29.5,77,0,0,0,0,6.6,618.5,83,0,0,26.9,66,28.4,20
2026-07-05T20:50:00+05:30,2026-07-05 20:50:00,24.1,24.7,21,0.3,7.2,29.5,60,0,0,0,0,6.6,618.5,83,0,0,26.9,66,28.4,20
2026-07-05T20:45:00+05:30,2026-07-05 20:45:00,24.1,24.7,21,0,0,29.5,57,0,0,0,0,6.6,618.5,83,0,0,26.9,66,28.4,20
2026-07-05T20:40:00+05:30,2026-07-05 20:40:00,24.1,24.7,20.8,0,3.5,29.5,75,0,0,0,0,6.6,618.5,82,0,0,27,66,28.6,20.1
2026-07-05T20:35:00+05:30,2026-07-05 20:35:00,24,24.6,20.9,1.4,7.2,29.5,120,0,0,0,0,6.6,618.5,83,0,0,27,66,28.6,20.1
2026-07-05T20:30:00+05:30,2026-07-05 20:30:00,24,24.6,20.7,0,3.5,29.5,66,0,0,0,0,6.6,618.5,82,0,0,27,66,28.6,20.1
2026-07-05T20:25:00+05:30,2026-07-05 20:25:00,24.1,24.7,20.8,4.7,5.5,29.5,99,0,0,0,0,6.6,618.5,82,0,0,27,66,28.6,20.1
2026-07-05T20:20:00+05:30,2026-07-05 20:20:00,24.2,24.8,20.7,0,3.5,29.5,66,0,0,0,0,6.6,618.5,81,0,0,27,66,28.6,20.1
2026-07-05T20:15:00+05:30,2026-07-05 20:15:00,24.2,24.8,20.7,0,0,29.5,78,0,0,0,0,6.6,618.5,81,0,0,27.1,65,28.6,19.9
2026-07-05T20:10:00+05:30,2026-07-05 20:10:00,24.3,24.9,20.8,0,0,29.5,92,0,0,0,0,6.6,618.5,81,0,0,27.1,65,28.6,19.9
2026-07-05T20:06:00+05:30,2026-07-05 20:06:00,24.3,24.9,20.6,5.5,5.5,29.5,107,0,0,0,0,6.6,618.5,80,0,0,27.1,65,28.6,19.9
2026-07-05T20:00:00+05:30,2026-07-05 20:00:00,24.4,25,20.7,0,1.8,29.5,89,0,0,0,0,6.6,618.5,80,0,0,27.1,65,28.6,19.9
2026-07-05T19:55:00+05:30,2026-07-05 19:55:00,24.5,25.1,20.8,1.4,5.5,29.5,67,0,0,0,0,6.6,618.5,80,0,0,27.1,65,28.6,19.9
2026-07-05T19:50:00+05:30,2026-07-05 19:50:00,24.4,25,20.7,0,0,29.5,83,0,0,0,0,6.6,618.5,80,0,0,27.2,65,28.8,20.1
2026-07-05T19:45:00+05:30,2026-07-05 19:45:00,24.4,25,20.7,0,3.5,29.5,71,0,0,0,0,6.6,618.5,80,0,0,27.2,65,28.8,20.1
2026-07-05T19:40:00+05:30,2026-07-05 19:40:00,24.5,25.1,20.6,5,9.3,29.5,98,0,0,0,0,6.6,618.5,79,0,0,27.2,65,28.8,20.1
2026-07-05T19:35:00+05:30,2026-07-05 19:35:00,24.6,25.2,20.7,2.9,3.5,29.5,82,0,0,0,0,6.6,618.5,79,0,0,27.2,65,28.8,20.1
2026-07-05T19:30:00+05:30,2026-07-05 19:30:00,24.7,25.3,20.6,0,3.5,29.5,82,0,0,0,0,6.6,618.5,78,0,0,27.2,65,28.8,20.1
2026-07-05T19:25:00+05:30,2026-07-05 19:25:00,24.8,25.3,20.5,0,7.2,29.5,75,0,0,0,0,6.6,618.5,77,0,0,27.3,65,28.9,20.1
2026-07-05T19:20:00+05:30,2026-07-05 19:20:00,24.8,25.3,20.5,4.7,11.1,29.5,111,0,0,0,0,6.6,618.5,77,0,0,27.3,65,28.9,20.1
2026-07-05T19:15:00+05:30,2026-07-05 19:15:00,24.7,25.3,20.6,3.5,9.3,29.5,84,0,0,0,0,6.6,618.5,78,0,0,27.3,65,28.9,20.1
2026-07-05T19:10:00+05:30,2026-07-05 19:10:00,24.8,25.3,20.7,0,7.2,29.5,71,0,0,0,0,6.6,618.5,78,0,0,27.4,65,29.1,20.2
2026-07-05T19:05:00+05:30,2026-07-05 19:05:00,24.8,25.3,20.7,0,3.5,29.5,70,0,0,0,0,6.6,618.5,78,0,0,27.4,65,29.1,20.2
2026-07-05T19:01:00+05:30,2026-07-05 19:01:00,24.9,25.4,20.6,2.1,5.5,29.5,69,0,0,0,0,6.6,618.5,77,0,0,27.4,65,29.1,20.2
2026-07-05T18:55:00+05:30,2026-07-05 18:55:00,24.9,25.4,20.6,0,7.2,29.5,71,0,0,0,0,6.6,618.5,77,0,0,27.4,64,28.9,19.9
2026-07-05T18:50:00+05:30,2026-07-05 18:50:00,25.1,25.7,20.8,0,0,29.5,72,0,0,0,0,6.6,618.5,77,0,0,27.5,64,29.1,20.1
2026-07-05T18:45:00+05:30,2026-07-05 18:45:00,25.3,25.8,20.7,4,5.5,29.5,112,0,0,0,0,6.6,618.5,76,0,0.1,27.5,64,29.1,20.1
2026-07-05T18:40:00+05:30,2026-07-05 18:40:00,25.4,25.9,20.6,0,18.3,29.5,68,0,0,0,0,6.6,618.5,75,0,0.2,27.5,64,29.1,20.1
2026-07-05T18:35:00+05:30,2026-07-05 18:35:00,25.4,25.9,20.6,7.2,13,29.5,90,0,0,0,0,6.6,618.5,75,0,0.8,27.5,64,29.1,20.1
2026-07-05T18:30:00+05:30,2026-07-05 18:30:00,25.5,26.1,20.7,5.5,11.1,29.5,85,0,0,0,0,6.6,618.5,75,0,2,27.6,64,29.3,20.2
2026-07-05T18:25:00+05:30,2026-07-05 18:25:00,25.6,26.2,20.6,6.4,11.1,29.5,92,0,0,0,0,6.6,618.5,74,0,3.5,27.7,64,29.4,20.3
2026-07-05T18:20:00+05:30,2026-07-05 18:20:00,25.7,26.3,20.7,7.6,14.8,29.5,86,0,0,0,0,6.6,618.5,74,0,5.9,27.7,64,29.4,20.3
2026-07-05T18:15:00+05:30,2026-07-05 18:15:00,25.9,26.4,20.7,4,20.1,29.5,72,0,0,0,0,6.6,618.5,73,0,8.7,27.8,64,29.6,20.3
2026-07-05T18:10:00+05:30,2026-07-05 18:10:00,26,26.5,20.6,0,9.3,29.5,67,0,0,0,0,6.6,618.5,72,0,10.8,27.8,64,29.6,20.3
2026-07-05T18:05:00+05:30,2026-07-05 18:05:00,26.2,26.8,20.8,4.3,7.2,29.5,105,0,0,0,0,6.6,618.5,72,0,14.6,27.9,64,29.7,20.4
2026-07-05T18:00:00+05:30,2026-07-05 18:00:00,26.4,26.9,20.7,6.1,9.3,29.5,96,0,0,0,0,6.6,618.5,71,0,18.2,27.9,64,29.7,20.4
2026-07-05T17:55:00+05:30,2026-07-05 17:55:00,26.5,27.1,20.8,2.9,11.1,29.5,64,0,0,0,0,6.6,618.5,71,0,22,27.9,64,29.7,20.4
2026-07-05T17:50:00+05:30,2026-07-05 17:50:00,26.6,27.2,21.1,1.4,3.5,29.5,100,0,0,0,0,6.6,618.5,72,0,27.2,27.9,64,29.7,20.4
2026-07-05T17:45:00+05:30,2026-07-05 17:45:00,26.7,28.5,21.2,8.7,13,29.5,69,0,0,0,0,6.6,618.5,72,0,30.6,27.9,64,29.7,20.4
2026-07-05T17:40:00+05:30,2026-07-05 17:40:00,26.7,28.5,21.2,2.9,16.6,29.5,108,0,0,0,0,6.6,618.5,72,0,34,28,63,29.8,20.3
2026-07-05T17:35:00+05:30,2026-07-05 17:35:00,26.9,28.7,20.9,0,5.5,29.5,105,0,0,0,0,6.6,618.5,70,0,32.2,28,63,29.8,20.3
2026-07-05T17:30:00+05:30,2026-07-05 17:30:00,27,28.8,20.8,1.1,7.2,29.5,93,0,0,0,0,6.6,618.5,69,0,43.9,28.1,63,29.9,20.4
2026-07-05T17:25:00+05:30,2026-07-05 17:25:00,27.1,29,20.9,3.5,20.1,29.5,125,0,0,0,0,6.6,618.5,69,0,45.1,28.1,64,30.1,20.7
2026-07-05T17:20:00+05:30,2026-07-05 17:20:00,27.2,29.2,21.3,4.7,11.1,29.5,107,0,0,0,0,6.6,618.5,70,0,44.9,28.1,63,29.9,20.4
2026-07-05T17:15:00+05:30,2026-07-05 17:15:00,27.2,29.1,21,1.4,25.6,29.5,56,0,0,0,0,6.6,618.5,69,0,46.7,28.2,63,30.2,20.5
2026-07-05T17:10:00+05:30,2026-07-05 17:10:00,27.5,29.5,21.1,6.1,16.6,29.5,90,0,0,0,0,6.6,618.5,68,0,57.8,28.2,63,30.2,20.5
2026-07-05T17:05:00+05:30,2026-07-05 17:05:00,28,30.4,21.5,9.3,14.8,29.5,116,0,0,0,0,6.6,618.5,68,0,53.9,28.2,63,30.2,20.5
2026-07-05T17:00:00+05:30,2026-07-05 17:00:00,28.1,30.2,20.9,2.9,14.8,29.5,79,0,0,0,0,6.6,618.5,65,1,110.4,28.2,63,30.2,20.5
2026-07-05T16:55:00+05:30,2026-07-05 16:55:00,27.6,29.5,20.7,1.1,14.8,29.5,90,0,0,0,0,6.6,618.5,66,1,122.3,28.2,64,30.3,20.8
2026-07-05T16:50:00+05:30,2026-07-05 16:50:00,27.6,29.7,21.2,7.9,14.8,29.5,70,0,0,0,0,6.6,618.5,68,0,61.4,28.3,64,30.4,20.8
2026-07-05T16:45:00+05:30,2026-07-05 16:45:00,27.6,29.8,21.4,2.9,9.3,29.5,103,0,0,0,0,6.6,618.5,69,0,58.2,28.3,63,30.2,20.6
2026-07-05T16:40:00+05:30,2026-07-05 16:40:00,27.9,30.1,21.2,13,16.6,29.5,84,0,0,0,0,6.6,618.5,67,1,156.6,28.3,63,30.2,20.6
2026-07-05T16:36:00+05:30,2026-07-05 16:36:00,28.3,30.5,21.1,6.1,23.8,29.5,70,0,0,0,0,6.6,618.5,65,0,81.2,28.3,63,30.2,20.6
2026-07-05T16:30:00+05:30,2026-07-05 16:30:00,28,30,20.8,5,9.3,29.5,156,0,0,0,0,6.6,618.5,65,1,198.7,28.4,64,30.6,20.9
2026-07-05T16:25:00+05:30,2026-07-05 16:25:00,28.2,30.4,21,8.7,18.3,25.6,63,0,0,0,0,6.6,618.5,65,2,225.8,28.4,64,30.6,20.9
2026-07-05T16:20:00+05:30,2026-07-05 16:20:00,28.9,31.6,21.6,4.7,16.6,25.6,40,0,0,0,0,6.6,618.5,65,2,231.9,28.4,64,30.6,20.9
2026-07-05T16:15:00+05:30,2026-07-05 16:15:00,29.2,32.5,22.2,2.1,7.2,25.6,108,0,0,0,0,6.6,618.5,66,2,247.8,28.4,64,30.6,20.9
2026-07-05T16:10:00+05:30,2026-07-05 16:10:00,29,31.8,21.7,0.3,7.2,25.6,63,0,0,0,0,6.6,618.5,65,2,289.1,28.4,64,30.6,20.9
2026-07-05T16:05:00+05:30,2026-07-05 16:05:00,28.9,31.5,21.4,5,13,25.6,81,0,0,0,0,6.6,618.5,64,2,300.3,28.3,64,30.4,20.8
2026-07-05T16:00:00+05:30,2026-07-05 16:00:00,28.9,31.6,21.6,2.6,16.6,25.6,66,0,0,0,0,6.6,618.5,65,2,275,28.3,64,30.4,20.8
2026-07-05T15:55:00+05:30,2026-07-05 15:55:00,29,31.5,21.2,4,11.1,25.6,157,0,0,0,0,6.6,618.5,63,3,312.5,28.4,64,30.6,20.9
2026-07-05T15:50:00+05:30,2026-07-05 15:50:00,28.9,31.1,20.9,6.1,13,25.6,106,0,0,0,0,6.6,618.5,62,3,328.5,28.3,64,30.4,20.8
2026-07-05T15:45:00+05:30,2026-07-05 15:45:00,28.9,31.1,20.9,2.9,9.3,25.6,350,0,0,0,0,6.6,618.5,62,3,354.5,28.3,64,30.4,20.8
2026-07-05T15:40:00+05:30,2026-07-05 15:40:00,28.3,30.5,21.1,3.5,9.3,25.6,69,0,0,0,0,6.6,618.5,65,3,395.4,28.3,64,30.4,20.8
2026-07-05T15:35:00+05:30,2026-07-05 15:35:00,28.9,31.5,21.4,14.8,16.6,25.6,130,0,0,0,0,6.6,618.5,64,0,84.3,28.4,65,30.7,21.2
2026-07-05T15:31:00+05:30,2026-07-05 15:31:00,29.1,31.9,21.6,9,20.1,25.6,107,0,0,0,0,6.6,618.5,64,4,447.4,28.4,65,30.7,21.2
2026-07-05T15:25:00+05:30,2026-07-05 15:25:00,29.4,32.4,21.9,9.7,14.8,25.6,168,0,0,0,0,6.6,618.5,64,1,163.2,28.4,65,30.7,21.2
2026-07-05T15:20:00+05:30,2026-07-05 15:20:00,29.4,32.4,21.9,2.1,20.1,25.6,78,0,0,0,0,6.6,618.5,64,1,150.5,28.4,65,30.7,21.2
2026-07-05T15:15:00+05:30,2026-07-05 15:15:00,29.4,32.2,21.6,10.5,20.1,25.6,115,0,0,0,0,6.6,618.5,63,4,478.8,28.3,65,30.5,21.1
2026-07-05T15:11:00+05:30,2026-07-05 15:11:00,29.1,31.7,21.3,5,13,25.6,149,0,0,0,0,6.6,618.5,63,4,494.8,28.3,65,30.5,21.1
2026-07-05T15:05:00+05:30,2026-07-05 15:05:00,29.3,32,21.5,5.5,16.6,25.6,78,0,0,0,0,6.6,618.5,63,5,519.3,28.3,65,30.5,21.1
2026-07-05T15:00:00+05:30,2026-07-05 15:00:00,29.5,32.3,21.4,11.1,18.3,25.6,63,0,0,0,0,6.6,618.5,62,5,522,28.3,65,30.5,21.1
2026-07-05T14:55:00+05:30,2026-07-05 14:55:00,29.7,32.7,21.6,8.2,13,25.6,104,0,0,0,0,6.6,618.5,62,5,543.5,28.2,66,30.6,21.3
2026-07-05T14:50:00+05:30,2026-07-05 14:50:00,29.4,32.4,21.9,0.6,13,25.6,53,0,0,0,0,6.6,618.5,64,5,557.9,28.2,66,30.6,21.3
2026-07-05T14:45:00+05:30,2026-07-05 14:45:00,28.7,31.6,22,7.9,13,25.6,96,0,0,0,0,6.6,618.5,67,5,597.1,28.2,66,30.6,21.3
2026-07-05T14:40:00+05:30,2026-07-05 14:40:00,29,32.4,22.5,0,9.3,25.6,63,0,0,0,0,6.6,618.5,68,6,627.8,28.2,66,30.6,21.3
2026-07-05T14:35:00+05:30,2026-07-05 14:35:00,29.5,32.8,22.2,7.9,18.3,25.6,65,0,0,0,0,6.6,618.5,65,1,191.7,28.2,66,30.6,21.3
2026-07-05T14:30:00+05:30,2026-07-05 14:30:00,29.6,32.7,21.8,2.9,5.5,25.6,110,0,0,0,0,6.6,618.5,63,5,611.8,28.1,66,30.3,21.2
2026-07-05T14:25:00+05:30,2026-07-05 14:25:00,29.8,33,22,4.7,11.1,25.6,80,0,0,0,0,6.6,618.5,63,6,622,28.1,66,30.3,21.2
2026-07-05T14:20:00+05:30,2026-07-05 14:20:00,29.7,32.5,21.4,3.5,11.1,25.6,126,0,0,0,0,6.6,618.5,61,6,642.2,28.1,67,30.5,21.4
2026-07-05T14:15:00+05:30,2026-07-05 14:15:00,29.5,32.5,21.7,0,13,25.6,105,0,0,0,0,6.6,618.5,63,6,654.6,28,67,30.3,21.3
2026-07-05T14:10:00+05:30,2026-07-05 14:10:00,29.5,33,22.5,9.7,16.6,25.6,60,0,0,0,0,6.6,618.5,66,6,669,28,68,30.4,21.6
2026-07-05T14:05:00+05:30,2026-07-05 14:05:00,29.6,33.1,22.3,3.2,14.8,25.6,354,0,0,0,0,6.6,618.5,65,6,684.4,28,68,30.4,21.6
2026-07-05T14:00:00+05:30,2026-07-05 14:00:00,29.4,32.6,22.1,0.3,9.3,25.6,101,0,0,0,0,6.6,618.5,65,6,704.1,28,68,30.4,21.6
2026-07-05T13:55:00+05:30,2026-07-05 13:55:00,29.1,32.2,22.1,4,13,25.6,119,0,0,0,0,6.6,618.5,66,7,723.9,28,68,30.4,21.6
2026-07-05T13:50:00+05:30,2026-07-05 13:50:00,29.6,33.3,22.6,4.7,13,25.6,100,0,0,0,0,6.6,618.5,66,7,731.5,27.9,69,30.3,21.7
2026-07-05T13:45:00+05:30,2026-07-05 13:45:00,29.5,33.2,22.7,9,13,25.6,112,0,0,0,0,6.6,618.5,67,7,733.2,27.9,69,30.3,21.7
2026-07-05T13:40:00+05:30,2026-07-05 13:40:00,29.4,33.2,22.9,5.5,11.1,25.6,98,0,0,0,0,6.6,618.5,68,7,735.4,27.8,69,30.1,21.6
2026-07-05T13:35:00+05:30,2026-07-05 13:35:00,29.4,33.2,22.9,6.4,13,25.6,93,0,0,0,0,6.6,618.5,68,7,778,27.7,69,30,21.5
2026-07-05T13:31:00+05:30,2026-07-05 13:31:00,29.4,33.2,22.9,4.7,9.3,25.6,97,0,0,0,0,6.6,618.5,68,7,759.8,27.6,69,29.8,21.4
2026-07-05T13:25:00+05:30,2026-07-05 13:25:00,29.1,32.6,22.6,5,18.3,25.6,129,0,0,0,0,6.6,618.5,68,2,263.3,27.6,69,29.8,21.4
2026-07-05T13:20:00+05:30,2026-07-05 13:20:00,29.4,33,22.6,0.3,14.8,25.6,105,0,0,0,0,6.6,618.5,67,1,168,27.5,69,29.6,21.3
2026-07-05T13:15:00+05:30,2026-07-05 13:15:00,29.4,32.8,22.4,0,11.1,25.6,85,0,0,0,0,6.6,618.5,66,8,825.4,27.5,69,29.6,21.3
2026-07-05T13:10:00+05:30,2026-07-05 13:10:00,29.3,32.4,22,10.5,16.6,25.6,160,0,0,0,0,6.6,618.5,65,7,791.1,27.5,70,29.7,21.5
2026-07-05T13:05:00+05:30,2026-07-05 13:05:00,29.1,32.2,22.1,2.9,18.3,25.6,63,0,0,0,0,6.6,618.5,66,7,796.7,27.4,70,29.6,21.4
2026-07-05T13:00:00+05:30,2026-07-05 13:00:00,29.3,32.9,22.7,4.7,9.3,25.6,129,0,0,0,0,6.6,618.5,68,8,825.3,27.4,70,29.6,21.4
2026-07-05T12:55:00+05:30,2026-07-05 12:55:00,28.9,32.3,22.6,1.1,16.6,25.6,58,0,0,0,0,6.6,618.5,69,8,849.1,27.3,70,29.3,21.3
2026-07-05T12:50:00+05:30,2026-07-05 12:50:00,29.3,32.8,22.5,2.9,13,25.6,57,0,0,0,0,6.6,618.5,67,1,162.8,27.3,70,29.3,21.3
2026-07-05T12:45:00+05:30,2026-07-05 12:45:00,29.3,32.8,22.5,2.6,14.8,25.6,79,0,0,0,0,6.6,618.5,67,4,512,27.3,71,29.4,21.6
2026-07-05T12:40:00+05:30,2026-07-05 12:40:00,28.9,31.8,21.9,7.6,16.6,25.6,123,0,0,0,0,6.6,618.5,66,8,825.5,27.2,71,29.3,21.5
2026-07-05T12:35:00+05:30,2026-07-05 12:35:00,29,32.4,22.5,6.4,13,25.6,122,0,0,0,0,6.6,618.5,68,4,423.6,27.1,72,29.2,21.6
2026-07-05T12:30:00+05:30,2026-07-05 12:30:00,29.2,33.2,23.2,0.6,20.1,25.6,53,0,0,0,0,6.6,618.5,70,1,152.5,27.1,72,29.2,21.6
2026-07-05T12:26:00+05:30,2026-07-05 12:26:00,29.3,33.1,23,2.6,3.5,25.6,47,0,0,0,0,6.6,618.5,69,8,904.6,27,72,29,21.5
2026-07-05T12:20:00+05:30,2026-07-05 12:20:00,29.1,33,23.1,4.7,16.6,25.6,89,0,0,0,0,6.6,618.5,70,8,843.7,26.9,72,28.8,21.4
2026-07-05T12:15:00+05:30,2026-07-05 12:15:00,29.1,32.6,22.6,10.5,14.8,25.6,114,0,0,0,0,6.6,618.5,68,8,851.5,26.9,72,28.8,21.4
2026-07-05T12:10:00+05:30,2026-07-05 12:10:00,29.1,32.4,22.3,9.3,14.8,25.6,102,0,0,0,0,6.6,618.5,67,8,851.3,26.8,72,28.6,21.3
2026-07-05T12:05:00+05:30,2026-07-05 12:05:00,29.3,32.9,22.7,1.1,7.2,25.6,82,0,0,0,0,6.6,618.5,68,8,879.3,26.7,72,28.6,21.2
2026-07-05T12:00:00+05:30,2026-07-05 12:00:00,29,32.5,22.7,2.1,5.5,25.6,88,0,0,0,0,6.6,618.5,69,8,856.5,26.6,73,27.2,21.4
2026-07-05T11:55:00+05:30,2026-07-05 11:55:00,28.5,32,22.9,4,7.2,25.6,83,0,0,0,0,6.6,618.5,72,8,828.9,26.5,73,27.1,21.3
2026-07-05T11:50:00+05:30,2026-07-05 11:50:00,28.4,31.4,22.4,16.3,23.8,25.6,77,0,0,0,0,6.6,618.5,70,8,857.8,26.4,73,27,21.2
2026-07-05T11:45:00+05:30,2026-07-05 11:45:00,28,30.8,22.2,3.5,13,25.6,94,0,0,0,0,6.6,618.5,71,8,843.2,26.4,73,27,21.2
2026-07-05T11:40:00+05:30,2026-07-05 11:40:00,28.2,31.2,22.5,5.5,18.3,25.6,127,0,0,0,0,6.6,618.5,71,8,860.7,26.3,73,26.9,21.1
2026-07-05T11:35:00+05:30,2026-07-05 11:35:00,28,30.8,22.2,2.1,16.6,25.6,95,0,0,0,0,6.6,618.5,71,8,860.8,26.3,73,26.9,21.1
2026-07-05T11:30:00+05:30,2026-07-05 11:30:00,28.2,31.2,22.5,8.7,14.8,25.6,95,0,0,0,0,6.6,618.5,71,8,874.3,26.2,73,26.8,21
2026-07-05T11:25:00+05:30,2026-07-05 11:25:00,27.9,30.8,22.6,2.6,7.2,25.6,98,0,0,0,0,6.6,618.5,73,8,905.2,26.1,73,26.7,20.9
2026-07-05T11:21:00+05:30,2026-07-05 11:21:00,27.8,30.6,22.5,2.9,9.3,25.6,56,0,0,0,0,6.6,618.5,73,7,814,26.1,73,26.7,20.9
2026-07-05T11:15:00+05:30,2026-07-05 11:15:00,28,31.1,22.7,7.9,11.1,25.6,174,0,0,0,0,6.6,618.5,73,6,672.2,26,73,26.6,20.8
2026-07-05T11:10:00+05:30,2026-07-05 11:10:00,28.1,31.2,22.6,0,13,25.6,82,0,0,0,0,6.6,618.5,72,8,892.4,26,73,26.6,20.8
2026-07-05T11:05:00+05:30,2026-07-05 11:05:00,27.9,30.7,22.4,2.1,13,25.6,150,0,0,0,0,6.6,618.5,72,8,867.4,25.9,74,26.4,20.9
2026-07-05T11:00:00+05:30,2026-07-05 11:00:00,27.7,30.5,22.4,0,11.1,25.6,70,0,0,0,0,6.6,618.5,73,8,825.3,25.9,74,26.4,20.9
2026-07-05T10:55:00+05:30,2026-07-05 10:55:00,27.9,30.7,22.4,7.9,14.8,25.6,105,0,0,0,0,6.6,618.5,72,7,813.7,25.8,74,26.3,20.8
2026-07-05T10:50:00+05:30,2026-07-05 10:50:00,27.8,30.5,22.3,2.9,14.8,25.6,103,0,0,0,0,6.6,618.5,72,8,823.1,25.7,74,26.3,20.7
2026-07-05T10:45:00+05:30,2026-07-05 10:45:00,27.9,30.6,22.1,1.1,7.2,25.6,32,0,0,0,0,6.6,618.5,71,7,791.9,25.7,74,26.3,20.7
2026-07-05T10:40:00+05:30,2026-07-05 10:40:00,27.5,30.1,22.2,1.4,9.3,25.6,357,0,0,0,0,6.6,618.5,73,7,812.7,25.6,74,26.2,20.6
2026-07-05T10:35:00+05:30,2026-07-05 10:35:00,27.3,29.6,22,6.1,18.3,25.6,115,0,0,0,0,6.6,618.5,73,7,760.8,25.6,74,26.2,20.6
2026-07-05T10:30:00+05:30,2026-07-05 10:30:00,27.2,29.5,21.9,4.7,16.6,25.6,143,0,0,0,0,6.6,618.5,73,7,736.8,25.6,74,26.2,20.6
2026-07-05T10:25:00+05:30,2026-07-05 10:25:00,26.9,29.2,22.3,2.1,5.5,25.6,75,0,0,0,0,6.6,618.5,76,5,540.4,25.5,74,26.1,20.5
2026-07-05T10:20:00+05:30,2026-07-05 10:20:00,26.8,28.9,22.2,0.3,20.1,23.8,79,0,0,0,0,6.6,618.5,76,4,454.9,25.5,74,26.1,20.5
2026-07-05T10:15:00+05:30,2026-07-05 10:15:00,27.3,29.7,22.2,5.8,9.3,23.8,178,0,0,0,0,6.6,618.5,74,3,350.9,25.5,74,26.1,20.5
2026-07-05T10:10:00+05:30,2026-07-05 10:10:00,27.4,29.7,21.9,6.1,9.3,23.8,137,0,0,0,0,6.6,618.5,72,4,422.4,25.4,74,25.9,20.4
2026-07-05T10:05:00+05:30,2026-07-05 10:05:00,27.4,29.8,22.1,6.1,9.3,23.8,75,0,0,0,0,6.6,618.5,73,6,711,25.4,74,25.9,20.4
2026-07-05T10:01:00+05:30,2026-07-05 10:01:00,27,29.1,21.7,9.7,14.8,23.8,108,0,0,0,0,6.6,618.5,73,7,777.4,25.4,74,25.9,20.4
2026-07-05T09:55:00+05:30,2026-07-05 09:55:00,27.2,29.5,21.9,1.1,23.8,23.8,65,0,0,0,0,6.6,618.5,73,2,250.4,25.3,74,25.8,20.3
2026-07-05T09:50:00+05:30,2026-07-05 09:50:00,27.1,29.2,21.6,7.9,14.8,21.9,77,0,0,0,0,6.6,618.5,72,7,725.3,25.3,75,25.8,20.5
2026-07-05T09:45:00+05:30,2026-07-05 09:45:00,27.2,29.5,21.9,7.9,14.8,21.9,144,0,0,0,0,6.6,618.5,73,6,631.7,25.3,75,25.8,20.5
2026-07-05T09:40:00+05:30,2026-07-05 09:40:00,27.1,29.2,21.6,2.9,21.9,21.9,102,0,0,0,0,6.6,618.5,72,6,710.5,25.2,75,25.8,20.4
2026-07-05T09:35:00+05:30,2026-07-05 09:35:00,27.1,29.5,22.3,8.2,14.8,18.3,96,0,0,0,0,6.6,618.5,75,6,697,25.2,76,25.8,20.7
2026-07-05T09:30:00+05:30,2026-07-05 09:30:00,27,29.4,22.4,1.8,9.3,18.3,126,0,0,0,0,6.6,618.5,76,6,657,25.2,76,25.8,20.7
2026-07-05T09:25:00+05:30,2026-07-05 09:25:00,26.7,28.8,22.1,1.1,9.3,18.3,80,0,0,0,0,6.6,618.5,76,4,451.4,25.2,76,25.8,20.7
2026-07-05T09:20:00+05:30,2026-07-05 09:20:00,26.6,27.4,22.4,0,5.5,18.3,70,0,0,0,0,6.6,618.5,78,6,633.6,25.1,76,25.7,20.6
2026-07-05T09:15:00+05:30,2026-07-05 09:15:00,26.8,29,22.4,1.4,3.5,18.3,90,0,0,0,0,6.6,618.5,77,1,199.3,25.1,76,25.7,20.6
2026-07-05T09:10:00+05:30,2026-07-05 09:10:00,26.4,27.1,22.2,4.7,9.3,18.3,117,0,0,0,0,6.6,618.5,78,6,642.3,25.1,76,25.7,20.6
2026-07-05T09:05:00+05:30,2026-07-05 09:05:00,26.5,27.3,22.6,5.8,7.2,18.3,107,0,0,0,0,6.6,618.5,79,4,484.6,25,77,25.6,20.7
2026-07-05T09:00:00+05:30,2026-07-05 09:00:00,26.7,28.9,22.3,0,1.8,18.3,59,0,0,0,0,6.6,618.5,77,5,608.2,25,77,25.6,20.7
2026-07-05T08:56:00+05:30,2026-07-05 08:56:00,26.5,27.3,22.6,3.5,7.2,18.3,106,0,0,0,0,6.6,618.5,79,5,580,25,77,25.6,20.7
2026-07-05T08:50:00+05:30,2026-07-05 08:50:00,26.1,26.8,22.2,2.1,7.2,18.3,79,0,0,0,0,6.6,618.5,79,5,568.4,24.9,76,25.4,20.3
2026-07-05T08:45:00+05:30,2026-07-05 08:45:00,26.2,27,22.3,13,18.3,18.3,74,0,0,0,0,6.6,618.5,79,4,495.4,24.9,76,25.4,20.3
2026-07-05T08:40:00+05:30,2026-07-05 08:40:00,25.9,26.6,22.2,0.3,11.1,16.6,72,0,0,0,0,6.6,618.5,80,5,525.8,24.9,76,25.4,20.3
2026-07-05T08:35:00+05:30,2026-07-05 08:35:00,25.8,26.5,22.1,5.5,7.2,16.6,95,0,0,0,0,6.6,618.5,80,5,538.7,24.9,76,25.4,20.3
2026-07-05T08:30:00+05:30,2026-07-05 08:30:00,25.7,26.5,22.4,2.9,11.1,16.6,103,0,0,0,0,6.6,618.5,82,1,139,24.8,76,25.3,20.3
2026-07-05T08:25:00+05:30,2026-07-05 08:25:00,25.3,26,22.2,0,9.3,16.6,61,0,0,0,0,6.6,618.5,83,4,480.8,24.8,76,25.3,20.3
2026-07-05T08:20:00+05:30,2026-07-05 08:20:00,25.1,25.8,21.6,5.5,7.2,16.6,116,0,0,0,0,6.6,618.5,81,1,151.9,24.8,76,25.3,20.3
2026-07-05T08:15:00+05:30,2026-07-05 08:15:00,25.2,25.9,21.9,3.2,7.2,16.6,99,0,0,0,0,6.6,618.5,82,3,351.2,24.8,76,25.3,20.3
2026-07-05T08:10:00+05:30,2026-07-05 08:10:00,25.2,25.9,21.9,4.3,9.3,16.6,134,0,0,0,0,6.6,618.5,82,3,333.8,24.8,76,25.3,20.3
2026-07-05T08:05:00+05:30,2026-07-05 08:05:00,25.1,25.8,21.8,4.3,11.1,16.6,102,0,0,0,0,6.6,618.5,82,3,341.8,24.8,76,25.3,20.3
2026-07-05T08:00:00+05:30,2026-07-05 08:00:00,25.2,25.9,21.7,1.1,11.1,16.6,72,0,0,0,0,6.6,618.5,81,3,360.1,24.7,76,25.2,20.2
2026-07-05T07:55:00+05:30,2026-07-05 07:55:00,25.2,26,22.1,0,5.5,16.6,72,0,0,0,0,6.6,618.5,83,3,352.2,24.7,76,25.2,20.2
2026-07-05T07:51:00+05:30,2026-07-05 07:51:00,25.1,25.8,22,0,7.2,16.6,80,0,0,0,0,6.6,618.5,83,3,331.5,24.7,76,25.2,20.2
2026-07-05T07:45:00+05:30,2026-07-05 07:45:00,24.9,25.6,21.8,0.6,7.2,16.6,75,0,0,0,0,6.6,618.5,83,3,308.7,24.7,76,25.2,20.2
2026-07-05T07:40:00+05:30,2026-07-05 07:40:00,24.9,25.6,21.8,3.2,7.2,16.6,54,0,0,0,0,6.6,618.5,83,2,287.2,24.6,76,25.1,20.1
2026-07-05T07:35:00+05:30,2026-07-05 07:35:00,24.8,25.5,21.7,3.5,5.5,16.6,94,0,0,0,0,6.6,618.5,83,2,265.6,24.6,76,25.1,20.1
2026-07-05T07:30:00+05:30,2026-07-05 07:30:00,24.7,25.4,21.6,0,1.8,16.6,86,0,0,0,0,6.6,618.5,83,2,248.4,24.6,76,25.1,20.1
2026-07-05T07:25:00+05:30,2026-07-05 07:25:00,24.8,25.5,21.5,0,0,16.6,73,0,0,0,0,6.6,618.5,82,2,220.4,24.5,76,25,20
2026-07-05T07:20:00+05:30,2026-07-05 07:20:00,24.9,25.6,21.6,0,1.8,16.6,70,0,0,0,0,6.6,618.5,82,1,196.8,24.5,76,25,20
2026-07-05T07:15:00+05:30,2026-07-05 07:15:00,24.2,24.9,21.1,2.1,3.5,16.6,89,0,0,0,0,6.6,618.5,83,1,192.9,24.5,76,25,20
2026-07-05T07:10:00+05:30,2026-07-05 07:10:00,24,24.7,21.3,0,1.8,16.6,91,0,0,0,0,6.6,618.5,85,1,175.3,24.4,76,24.9,19.9
2026-07-05T07:05:00+05:30,2026-07-05 07:05:00,23.9,24.6,21.2,4,5.5,16.6,72,0,0,0,0,6.6,618.5,85,1,150.3,24.4,76,24.9,19.9
2026-07-05T07:00:00+05:30,2026-07-05 07:00:00,23.8,24.4,21.1,2.6,5.5,16.6,81,0,0,0,0,6.6,618.5,85,1,127.9,24.4,76,24.9,19.9
2026-07-05T06:55:00+05:30,2026-07-05 06:55:00,23.9,24.6,21.4,0,1.8,16.6,69,0,0,0,0,6.6,618.5,86,1,109.1,24.4,76,24.9,19.9
2026-07-05T06:50:00+05:30,2026-07-05 06:50:00,23.5,24.2,21,0,0,16.6,77,0,0,0,0,6.6,618.5,86,0,97,24.3,76,24.7,19.8
2026-07-05T06:45:00+05:30,2026-07-05 06:45:00,23.5,24.2,21,0,5.5,16.6,75,0,0,0,0,6.6,618.5,86,0,82.5,24.3,76,24.7,19.8
2026-07-05T06:40:00+05:30,2026-07-05 06:40:00,23.4,24,20.9,2.1,7.2,16.6,109,0,0,0,0,6.6,618.5,86,0,65.4,24.3,76,24.7,19.8
2026-07-05T06:35:00+05:30,2026-07-05 06:35:00,23.1,23.7,20.8,0,0,16.6,96,0,0,0,0,6.6,618.5,87,0,57.5,24.3,76,24.7,19.8
2026-07-05T06:30:00+05:30,2026-07-05 06:30:00,23,23.6,20.7,0,5.5,16.6,71,0,0,0,0,6.6,618.5,87,0,44.6,24.3,76,24.7,19.8
2026-07-05T06:25:00+05:30,2026-07-05 06:25:00,22.7,23.3,20.6,0,5.5,16.6,99,0,0,0,0,6.6,618.5,88,0,34.1,24.3,76,24.7,19.8
2026-07-05T06:20:00+05:30,2026-07-05 06:20:00,22.5,23.1,20.6,0.3,1.8,16.6,75,0,0,0,0,6.6,618.5,89,0,20.7,24.3,76,24.7,19.8
2026-07-05T06:15:00+05:30,2026-07-05 06:15:00,22.3,22.9,20.6,4.7,7.2,16.6,97,0,0,0,0,6.6,618.5,90,0,16.6,24.3,76,24.7,19.8
2026-07-05T06:10:00+05:30,2026-07-05 06:10:00,22.3,22.9,20.7,0,0,16.6,79,0,0,0,0,6.6,618.5,91,0,12.6,24.3,76,24.7,19.8
2026-07-05T06:05:00+05:30,2026-07-05 06:05:00,22.3,22.9,20.7,0,3.5,16.6,96,0,0,0,0,6.6,618.5,91,0,7.9,24.3,76,24.7,19.8
2026-07-05T06:00:00+05:30,2026-07-05 06:00:00,22.2,22.9,20.7,0,3.5,16.6,87,0,0,0,0,6.6,618.5,91,0,4.2,24.4,76,24.9,19.9
2026-07-05T05:55:00+05:30,2026-07-05 05:55:00,22.2,22.9,20.7,0,1.8,16.6,76,0,0,0,0,6.6,618.5,91,0,2.3,24.4,76,24.9,19.9
2026-07-05T05:50:00+05:30,2026-07-05 05:50:00,22.3,22.9,20.6,0,9.3,16.6,75,0,0,0,0,6.6,618.5,90,0,1,24.3,76,24.7,19.8
2026-07-05T05:45:00+05:30,2026-07-05 05:45:00,22.2,22.9,20.7,0,3.5,16.6,80,0,0,0,0,6.6,618.5,91,0,0.3,24.4,76,24.9,19.9
2026-07-05T05:40:00+05:30,2026-07-05 05:40:00,22.1,22.8,20.7,0,1.8,16.6,70,0,0,0,0,6.6,618.5,92,0,0.1,24.4,76,24.9,19.9
2026-07-05T05:35:00+05:30,2026-07-05 05:35:00,22.3,22.9,20.7,1.1,5.5,16.6,67,0,0,0,0,6.6,618.5,91,0,0,24.4,76,24.9,19.9
2026-07-05T05:30:00+05:30,2026-07-05 05:30:00,22.2,22.9,20.7,0,3.5,16.6,69,0,0,0,0,6.6,618.5,91,0,0,24.4,76,24.9,19.9
2026-07-05T05:26:00+05:30,2026-07-05 05:26:00,22.2,22.9,20.9,0,0,16.6,86,0,0,0,0,6.6,618.5,92,0,0,24.4,76,24.9,19.9
2026-07-05T05:20:00+05:30,2026-07-05 05:20:00,22.1,22.8,20.7,0,1.8,16.6,74,0,0,0,0,6.6,618.5,92,0,0,24.5,76,25,20
2026-07-05T05:15:00+05:30,2026-07-05 05:15:00,22,22.7,20.6,0,3.5,16.6,92,0,0,0,0,6.6,618.5,92,0,0,24.5,77,25,20.2
2026-07-05T05:10:00+05:30,2026-07-05 05:10:00,22,22.7,20.8,0,0,16.6,70,0,0,0,0,6.6,618.5,93,0,0,24.5,77,25,20.2
2026-07-05T05:05:00+05:30,2026-07-05 05:05:00,21.9,22.6,20.7,0,0,16.6,82,0,0,0,0,6.6,618.5,93,0,0,24.5,77,25,20.2
2026-07-05T05:00:00+05:30,2026-07-05 05:00:00,21.8,22.4,20.6,0,0,16.6,64,0,0,0,0,6.6,618.5,93,0,0,24.5,77,25,20.2
2026-07-05T04:55:00+05:30,2026-07-05 04:55:00,22,22.7,20.8,0,0,16.6,87,0,0,0,0,6.6,618.5,93,0,0,24.5,77,25,20.2
2026-07-05T04:50:00+05:30,2026-07-05 04:50:00,22,22.7,20.8,0,0,16.6,87,0,0,0,0,6.6,618.5,93,0,0,24.5,77,25,20.2
2026-07-05T04:45:00+05:30,2026-07-05 04:45:00,22,22.7,20.8,0,0,16.6,71,0,0,0,0,6.6,618.5,93,0,0,24.5,77,25,20.2
2026-07-05T04:40:00+05:30,2026-07-05 04:40:00,22.1,22.8,20.9,0,0,16.6,75,0,0,0,0,6.6,618.5,93,0,0,24.5,77,25,20.2
2026-07-05T04:35:00+05:30,2026-07-05 04:35:00,22.2,22.9,21,0,0,16.6,85,0,0,0,0,6.6,618.5,93,0,0,24.5,77,25,20.2
2026-07-05T04:30:00+05:30,2026-07-05 04:30:00,22.2,22.9,21,0,0,16.6,83,0,0,0,0,6.6,618.5,93,0,0,24.5,77,25,20.2
2026-07-05T04:25:00+05:30,2026-07-05 04:25:00,22.3,22.9,20.7,0,3.5,16.6,97,0,0,0,0,6.6,618.5,91,0,0,24.5,77,25,20.2
2026-07-05T04:21:00+05:30,2026-07-05 04:21:00,22.4,23.1,21,0,0,16.6,72,0,0,0,0,6.6,618.5,92,0,0,24.6,77,25.1,20.3
2026-07-05T04:15:00+05:30,2026-07-05 04:15:00,22.3,23,20.9,0,0,16.6,69,0,0,0,0,6.6,618.5,92,0,0,24.6,77,25.1,20.3
2026-07-05T04:10:00+05:30,2026-07-05 04:10:00,22.2,22.9,21,0,0,16.6,76,0,0,0,0,6.6,618.5,93,0,0,24.6,77,25.1,20.3
2026-07-05T04:05:00+05:30,2026-07-05 04:05:00,22.3,23,20.9,0,1.8,16.6,69,0,0,0,0,6.6,618.5,92,0,0,24.6,77,25.1,20.3
2026-07-05T04:00:00+05:30,2026-07-05 04:00:00,22.2,22.9,21,0,0,16.6,90,0,0,0,0,6.6,618.5,93,0,0,24.6,77,25.1,20.3
2026-07-05T03:55:00+05:30,2026-07-05 03:55:00,22.3,23,21.1,0,0,16.6,51,0,0,0,0,6.6,618.5,93,0,0,24.6,77,25.1,20.3
2026-07-05T03:50:00+05:30,2026-07-05 03:50:00,22.3,23,21.1,0,0,16.6,78,0,0,0,0,6.6,618.5,93,0,0,24.6,77,25.1,20.3
2026-07-05T03:45:00+05:30,2026-07-05 03:45:00,22.3,23,21.1,0,0,16.6,73,0,0,0,0,6.6,618.5,93,0,0,24.6,77,25.1,20.3
2026-07-05T03:40:00+05:30,2026-07-05 03:40:00,22.3,23,21.1,0,5.5,16.6,72,0,0,0,0,6.6,618.5,93,0,0,24.6,77,25.1,20.3
2026-07-05T03:35:00+05:30,2026-07-05 03:35:00,22.3,23,21.1,0,1.8,16.6,92,0,0,0,0,6.6,618.5,93,0,0,24.6,77,25.1,20.3
2026-07-05T03:30:00+05:30,2026-07-05 03:30:00,22.3,23,21.1,0,1.8,16.6,71,0,0,0,0,6.6,618.5,93,0,0,24.7,77,25.3,20.4
2026-07-05T03:25:00+05:30,2026-07-05 03:25:00,22.3,23,21.1,0,0,16.6,76,0,0,0,0,6.6,618.5,93,0,0,24.7,77,25.3,20.4
2026-07-05T03:20:00+05:30,2026-07-05 03:20:00,22.4,23.1,21.2,0,0,16.6,106,0,0,0,0,6.6,618.5,93,0,0,24.7,77,25.3,20.4
2026-07-05T03:16:00+05:30,2026-07-05 03:16:00,22.4,23.1,21.2,1.4,3.5,16.6,82,0,0,0,0,6.6,618.5,93,0,0,24.7,77,25.3,20.4
2026-07-05T03:10:00+05:30,2026-07-05 03:10:00,22.4,23.1,21.4,0,0,16.6,96,0,0,0,0,6.6,618.5,94,0,0,24.7,77,25.3,20.4
2026-07-05T03:05:00+05:30,2026-07-05 03:05:00,22.4,23.1,21.4,0,0,16.6,81,0,0,0,0,6.6,618.5,94,0,0,24.7,77,25.3,20.4
2026-07-05T03:00:00+05:30,2026-07-05 03:00:00,22.4,23.1,21.2,0,0,16.6,79,0,0,0,0,6.6,618.5,93,0,0,24.7,77,25.3,20.4
2026-07-05T02:55:00+05:30,2026-07-05 02:55:00,22.4,23.1,21.4,0,0,16.6,80,0,0,0,0,6.6,618.5,94,0,0,24.7,77,25.3,20.4
2026-07-05T02:51:00+05:30,2026-07-05 02:51:00,22.5,23.2,21.3,0,0,16.6,77,0,0,0,0,6.6,618.5,93,0,0,24.7,77,25.3,20.4
2026-07-05T02:45:00+05:30,2026-07-05 02:45:00,22.4,23.1,21.2,0,3.5,16.6,79,0,0,0,0,6.6,618.5,93,0,0,24.7,77,25.3,20.4
2026-07-05T02:40:00+05:30,2026-07-05 02:40:00,22.4,23.1,21.4,0,0,16.6,70,0,0,0,0,6.6,618.5,94,0,0,24.7,77,25.3,20.4
2026-07-05T02:35:00+05:30,2026-07-05 02:35:00,22.5,23.3,21.5,0,3.5,16.6,70,0,0,0,0,6.6,618.5,94,0,0,24.7,77,25.3,20.4
2026-07-05T02:30:00+05:30,2026-07-05 02:30:00,22.6,23.4,21.4,1.1,3.5,16.6,93,0,0,0,0,6.6,618.5,93,0,0,24.7,77,25.3,20.4
2026-07-05T02:25:00+05:30,2026-07-05 02:25:00,22.6,23.4,21.4,0.3,9.3,16.6,72,0,0,0,0,6.6,618.5,93,0,0,24.7,77,25.3,20.4
2026-07-05T02:20:00+05:30,2026-07-05 02:20:00,22.5,23.3,21.5,2.6,3.5,16.6,82,0,0,0,0,6.6,618.5,94,0,0,24.8,78,25.3,20.7
2026-07-05T02:15:00+05:30,2026-07-05 02:15:00,22.5,23.3,21.5,2.9,3.5,16.6,80,0,0,0,0,6.6,618.5,94,0,0,24.8,78,25.3,20.7
2026-07-05T02:10:00+05:30,2026-07-05 02:10:00,22.5,23.3,21.5,0,9.3,16.6,94,0,0,0,0,6.6,618.5,94,0,0,24.8,78,25.3,20.7
2026-07-05T02:05:00+05:30,2026-07-05 02:05:00,22.5,23.3,21.5,0,7.2,16.6,73,0,0,0,0,6.6,618.5,94,0,0,24.8,78,25.3,20.7
2026-07-05T02:01:00+05:30,2026-07-05 02:01:00,22.5,23.3,21.5,1.4,11.1,16.6,89,0,0,0,0,6.6,618.5,94,0,0,24.8,78,25.3,20.7
2026-07-05T01:55:00+05:30,2026-07-05 01:55:00,22.6,23.4,21.6,3.2,5.5,16.6,77,0,0,0,0,6.6,618.5,94,0,0,24.8,78,25.3,20.7
2026-07-05T01:50:00+05:30,2026-07-05 01:50:00,22.7,23.5,21.5,6.4,11.1,16.6,83,0,0,0,0,6.6,618.5,93,0,0,24.8,78,25.3,20.7
2026-07-05T01:45:00+05:30,2026-07-05 01:45:00,22.6,23.4,21.6,2.9,9.3,16.6,70,0,0,0,0,6.6,618.5,94,0,0,24.8,78,25.3,20.7
2026-07-05T01:40:00+05:30,2026-07-05 01:40:00,22.5,23.3,21.5,4,9.3,16.6,99,0,0,0,0,6.6,618.5,94,0,0,24.8,78,25.3,20.7
2026-07-05T01:35:00+05:30,2026-07-05 01:35:00,22.5,23.3,21.5,0,7.2,16.6,100,0,0,0,0,6.6,618.5,94,0,0,24.8,78,25.3,20.7
2026-07-05T01:30:00+05:30,2026-07-05 01:30:00,22.5,23.3,21.5,3.5,9.3,16.6,85,0,0,0,0,6.6,618.5,94,0,0,24.8,78,25.3,20.7
2026-07-05T01:25:00+05:30,2026-07-05 01:25:00,22.4,23.2,21.5,3.5,7.2,16.6,85,0,0,0,0,6.6,618.5,95,0,0,24.8,78,25.3,20.7
2026-07-05T01:20:00+05:30,2026-07-05 01:20:00,22.4,23.1,21.4,3.2,3.5,16.6,85,0,0,0,0,6.6,618.5,94,0,0,24.8,78,25.3,20.7
2026-07-05T01:15:00+05:30,2026-07-05 01:15:00,22.5,23.3,21.5,0,0,16.6,85,0,0,0,0,6.6,618.5,94,0,0,24.8,78,25.3,20.7
2026-07-05T01:10:00+05:30,2026-07-05 01:10:00,22.6,23.4,21.6,0,5.5,16.6,92,0,0,0,0,6.6,618.5,94,0,0,24.9,78,25.4,20.8
2026-07-05T01:05:00+05:30,2026-07-05 01:05:00,22.6,23.4,21.6,3.5,11.1,14.8,83,0,0,0,0,6.6,618.5,94,0,0,24.9,78,25.4,20.8
2026-07-05T01:00:00+05:30,2026-07-05 01:00:00,22.8,23.5,21.6,1.1,9.3,14.8,74,0,0,0,0,6.6,618.5,93,0,0,24.9,78,25.4,20.8
2026-07-05T00:55:00+05:30,2026-07-05 00:55:00,22.7,23.5,21.5,8.7,11.1,14.8,105,0,0,0,0,6.6,618.5,93,0,0,24.9,78,25.4,20.8
2026-07-05T00:50:00+05:30,2026-07-05 00:50:00,22.6,23.4,21.4,2.6,9.3,14.8,82,0,0,0,0,6.6,618.5,93,0,0,24.9,78,25.4,20.8
2026-07-05T00:45:00+05:30,2026-07-05 00:45:00,22.7,23.5,21.7,3.5,7.2,14.8,97,0,0,0,0,6.6,618.5,94,0,0,25,78,25.6,20.9
2026-07-05T00:41:00+05:30,2026-07-05 00:41:00,22.6,23.4,21.6,7.6,9.3,14.8,103,0,0,0,0,6.6,618.5,94,0,0,25,78,25.6,20.9
2026-07-05T00:35:00+05:30,2026-07-05 00:35:00,22.5,23.3,21.7,4,14.8,14.8,109,0,0,0,0,6.6,618.5,95,0,0,25,78,25.6,20.9
2026-07-05T00:30:00+05:30,2026-07-05 00:30:00,22.4,23.2,21.7,5.8,7.2,9.3,125,0,0,0,0,6.6,618.5,96,0,0,25,79,25.6,21.1
2026-07-05T00:25:00+05:30,2026-07-05 00:25:00,22.2,23.1,21.9,4.3,5.5,7.2,101,0,0,0,0,6.6,618.5,98,0,0,25,79,25.6,21.1
2026-07-05T00:20:00+05:30,2026-07-05 00:20:00,22.2,23.1,21.9,4,7.2,7.2,78,0,0,0,0,6.6,618.5,98,0,0,25,79,25.6,21.1
2026-07-05T00:15:00+05:30,2026-07-05 00:15:00,22.1,23,21.9,4.7,7.2,7.2,103,0,0,0,0,6.6,618.5,99,0,0,25,79,25.6,21.1
2026-07-05T00:10:00+05:30,2026-07-05 00:10:00,22.1,23,21.9,5.5,7.2,7.2,84,0,0,0,0,6.6,618.5,99,0,0,25.1,79,25.7,21.2
2026-07-05T00:05:00+05:30,2026-07-05 00:05:00,22.1,23,21.9,2.6,3.5,3.5,72,0,0,0,0,6.6,618.5,99,0,0,25.1,79,25.7,21.2
2026-07-05T00:00:00+05:30,2026-07-05 00:00:00,22.1,23,21.9,0,3.5,1.8,67,0,0,0,0,6.6,618.5,99,0,0,25.1,79,25.7,21.2
2026-07-04T23:55:00+05:30,2026-07-04 23:55:00,22.1,23,21.9,0,9.3,40.4,72,0,0,0,28.7,6.6,618.5,99,0,0,25.1,79,25.7,21.2
2026-07-04T23:50:00+05:30,2026-07-04 23:50:00,22.2,23.1,22.1,1.4,3.5,40.4,75,0,0,0,28.7,6.6,618.5,99,0,0,25.1,79,25.7,21.2
2026-07-04T23:45:00+05:30,2026-07-04 23:45:00,22.2,23.1,22.1,0,3.5,40.4,76,0,0,0,28.7,6.6,618.5,99,0,0,25.1,79,25.7,21.2
2026-07-04T23:40:00+05:30,2026-07-04 23:40:00,22.2,23.1,22.1,2.9,7.2,40.4,83,0,0,0,28.7,6.6,618.5,99,0,0,25.1,79,25.7,21.2
2026-07-04T23:35:00+05:30,2026-07-04 23:35:00,22.3,23.1,22.1,0,1.8,40.4,71,0,0,0,28.7,6.6,618.5,99,0,0,25.1,79,25.7,21.2
2026-07-04T23:30:00+05:30,2026-07-04 23:30:00,22.4,23.3,22.2,1.4,3.5,40.4,47,0,0,0,28.7,6.6,618.5,99,0,0,25.1,79,25.7,21.2
2026-07-04T23:25:00+05:30,2026-07-04 23:25:00,22.5,23.4,22.3,0,3.5,40.4,79,0,0,0,28.7,6.6,618.5,99,0,0,25.1,79,25.7,21.2
2026-07-04T23:21:00+05:30,2026-07-04 23:21:00,22.4,23.3,22.2,6.4,11.1,40.4,104,0,0,0,28.7,6.6,618.5,99,0,0,25.1,79,25.7,21.2
2026-07-04T23:15:00+05:30,2026-07-04 23:15:00,22.4,23.3,22.2,6.1,13,40.4,93,0,0,0,28.7,6.6,618.5,99,0,0,25.1,79,25.7,21.2
2026-07-04T23:10:00+05:30,2026-07-04 23:10:00,22.4,23.3,22.2,5.5,9.3,40.4,73,0,0,0,28.7,6.6,618.5,99,0,0,25.1,79,25.7,21.2
2026-07-04T23:05:00+05:30,2026-07-04 23:05:00,22.3,23.1,22.1,7.2,9.3,40.4,110,0,0,0,28.7,6.6,618.5,99,0,0,25.1,79,25.7,21.2
2026-07-04T23:00:00+05:30,2026-07-04 23:00:00,22.3,23.1,22.1,4,7.2,40.4,72,0,0,0,28.7,6.6,618.5,99,0,0,25.2,79,25.9,21.3
2026-07-04T22:55:00+05:30,2026-07-04 22:55:00,22.3,23.1,22.1,1.8,7.2,40.4,72,0,0,0,28.7,6.6,618.5,99,0,0,25.2,79,25.9,21.3
2026-07-04T22:50:00+05:30,2026-07-04 22:50:00,22.2,23.1,22.1,1.4,7.2,40.4,78,0,0,0,28.7,6.6,618.5,99,0,0,25.2,79,25.9,21.3
2026-07-04T22:45:00+05:30,2026-07-04 22:45:00,22.2,23.1,22.1,1.8,5.5,40.4,77,0,0,0,28.7,6.6,618.5,99,0,0,25.2,79,25.9,21.3
2026-07-04T22:40:00+05:30,2026-07-04 22:40:00,22.3,23.1,22.1,0.6,5.5,40.4,75,0,0,0,28.7,6.6,618.5,99,0,0,25.2,79,25.9,21.3
2026-07-04T22:35:00+05:30,2026-07-04 22:35:00,22.3,23.1,22.1,0.3,1.8,40.4,79,0,0,0,28.7,6.6,618.5,99,0,0,25.2,79,25.9,21.3
2026-07-04T22:30:00+05:30,2026-07-04 22:30:00,22.3,23.1,22.1,2.1,5.5,40.4,89,0,0,0,28.7,6.6,618.5,99,0,0,25.2,79,25.9,21.3
2026-07-04T22:25:00+05:30,2026-07-04 22:25:00,22.3,23.1,22.1,2.1,9.3,40.4,81,0,0,0,28.7,6.6,618.5,99,0,0,25.2,79,25.9,21.3
2026-07-04T22:20:00+05:30,2026-07-04 22:20:00,22.3,23.1,22.1,7.2,9.3,40.4,80,0,0,0,28.7,6.6,618.5,99,0,0,25.2,79,25.9,21.3
2026-07-04T22:16:00+05:30,2026-07-04 22:16:00,22.3,23.1,22.1,0.3,5.5,40.4,141,0,0,0,28.7,6.6,618.5,99,0,0,25.2,79,25.9,21.3
2026-07-04T22:10:00+05:30,2026-07-04 22:10:00,22.4,23.3,22.2,4,5.5,40.4,111,0,0,0,28.7,6.6,618.5,99,0,0,25.2,79,25.9,21.3
2026-07-04T22:05:00+05:30,2026-07-04 22:05:00,22.4,23.3,22.2,6.1,7.2,40.4,100,0,0,0,28.7,6.6,618.5,99,0,0,25.3,79,25.9,21.4
2026-07-04T22:00:00+05:30,2026-07-04 22:00:00,22.4,23.3,22.2,6.4,11.1,40.4,97,0,0,0,28.7,6.6,618.5,99,0,0,25.3,79,25.9,21.4
2026-07-04T21:55:00+05:30,2026-07-04 21:55:00,22.4,23.3,22.2,10.5,13,40.4,89,0,0,0,28.7,6.6,618.5,99,0,0,25.3,79,25.9,21.4
2026-07-04T21:50:00+05:30,2026-07-04 21:50:00,22.4,23.3,22.2,3.5,7.2,40.4,81,0,0,0,28.7,6.6,618.5,99,0,0,25.3,79,25.9,21.4
2026-07-04T21:45:00+05:30,2026-07-04 21:45:00,22.5,23.4,22.3,2.9,3.5,40.4,84,0,0,0,28.7,6.6,618.5,99,0,0,25.3,79,25.9,21.4
2026-07-04T21:40:00+05:30,2026-07-04 21:40:00,22.4,23.3,22.2,3.5,9.3,40.4,75,0,0,0,28.7,6.6,618.5,99,0,0,25.3,79,25.9,21.4
2026-07-04T21:35:00+05:30,2026-07-04 21:35:00,22.4,23.3,22.2,2.9,5.5,40.4,102,0,0,0,28.7,6.6,618.5,99,0,0,25.3,79,25.9,21.4
2026-07-04T21:30:00+05:30,2026-07-04 21:30:00,22.3,23.1,22.1,0,7.2,40.4,76,0,0,0,28.7,6.6,618.5,99,0,0,25.3,79,25.9,21.4
2026-07-04T21:25:00+05:30,2026-07-04 21:25:00,22.3,23.1,22.1,2.9,5.5,40.4,88,0,0,0,28.7,6.6,618.5,99,0,0,25.3,79,25.9,21.4
2026-07-04T21:20:00+05:30,2026-07-04 21:20:00,22.3,23.1,22.1,1.4,5.5,40.4,71,0,0,0,28.7,6.6,618.5,99,0,0,25.3,79,25.9,21.4
2026-07-04T21:15:00+05:30,2026-07-04 21:15:00,22.4,23.3,22.2,3.5,3.5,40.4,84,0,0,0,28.7,6.6,618.5,99,0,0,25.3,78,25.9,21.2
2026-07-04T21:10:00+05:30,2026-07-04 21:10:00,22.4,23.3,22.2,0.3,5.5,40.4,74,0,0,0,28.7,6.6,618.5,99,0,0,25.3,78,25.9,21.2
2026-07-04T21:05:00+05:30,2026-07-04 21:05:00,22.4,23.3,22.2,1.4,5.5,40.4,72,0,0,0,28.7,6.6,618.5,99,0,0,25.3,78,25.9,21.2
2026-07-04T21:00:00+05:30,2026-07-04 21:00:00,22.4,23.3,22.2,0,3.5,40.4,73,0,0,0,28.7,6.6,618.5,99,0,0,25.3,78,25.9,21.2
2026-07-04T20:55:00+05:30,2026-07-04 20:55:00,22.4,23.3,22.2,6.1,13,40.4,76,0,0,0,28.7,6.6,618.5,99,0,0,25.3,78,25.9,21.2
2026-07-04T20:50:00+05:30,2026-07-04 20:50:00,22.3,23.1,22.1,2.1,7.2,40.4,81,0,0,0,28.7,6.6,618.5,99,0,0,25.3,78,25.9,21.2
2026-07-04T20:45:00+05:30,2026-07-04 20:45:00,22.2,23.1,22.1,6.9,13,40.4,70,0,0,0,28.7,6.6,618.5,99,0,0,25.3,78,25.9,21.2
2026-07-04T20:40:00+05:30,2026-07-04 20:40:00,22.2,23.1,22.1,1.4,11.1,40.4,40,0,0,0,28.7,6.6,618.5,99,0,0,25.4,78,26,21.3
2026-07-04T20:35:00+05:30,2026-07-04 20:35:00,22.2,23.1,22.1,5.5,7.2,40.4,101,0,0,0,28.7,6.6,618.5,99,0,0,25.4,78,26,21.3
2026-07-04T20:30:00+05:30,2026-07-04 20:30:00,22.2,23.1,22.1,2.1,11.1,40.4,95,0,0,0,28.7,6.6,618.5,99,0,0,25.4,78,26,21.3
2026-07-04T20:25:00+05:30,2026-07-04 20:25:00,22.1,23,21.9,2.1,7.2,40.4,110,0,0,0,28.7,6.6,618.5,99,0,0,25.4,78,26,21.3
2026-07-04T20:20:00+05:30,2026-07-04 20:20:00,22,22.8,21.8,6.1,14.8,40.4,82,0,0,0,28.7,6.6,618.5,99,0,0,25.4,78,26,21.3
2026-07-04T20:15:00+05:30,2026-07-04 20:15:00,22,22.8,21.8,4,9.3,40.4,72,0,0,0,28.7,6.6,618.5,99,0,0,25.4,78,26,21.3
2026-07-04T20:10:00+05:30,2026-07-04 20:10:00,22,22.8,21.8,2.6,9.3,40.4,75,0,0,0,28.7,6.6,618.5,99,0,0,25.5,78,26.2,21.4
2026-07-04T20:05:00+05:30,2026-07-04 20:05:00,22,22.8,21.8,0.6,9.3,40.4,71,0,0,0,28.7,6.6,618.5,99,0,0,25.5,78,26.2,21.4
2026-07-04T20:00:00+05:30,2026-07-04 20:00:00,22,22.8,21.8,4.3,9.3,40.4,83,0,0,0,28.7,6.6,618.5,99,0,0,25.5,78,26.2,21.4
2026-07-04T19:55:00+05:30,2026-07-04 19:55:00,21.9,22.7,21.7,5.5,7.2,40.4,73,0,0,0,28.7,6.6,618.5,99,0,0,25.5,79,26.2,21.6
2026-07-04T19:51:00+05:30,2026-07-04 19:51:00,21.9,22.7,21.7,3.5,9.3,40.4,70,0,0,0,28.7,6.6,618.5,99,0,0,25.5,79,26.2,21.6
2026-07-04T19:45:00+05:30,2026-07-04 19:45:00,21.9,22.7,21.7,0,9.3,40.4,69,0,0,0,28.7,6.6,618.5,99,0,0,25.5,79,26.2,21.6
2026-07-04T19:40:00+05:30,2026-07-04 19:40:00,21.9,22.7,21.7,2.9,7.2,40.4,73,0,0,0,28.7,6.6,618.5,99,0,0,25.5,79,26.2,21.6
2026-07-04T19:35:00+05:30,2026-07-04 19:35:00,21.9,22.7,21.7,5,9.3,40.4,79,0,0,0,28.7,6.6,618.5,99,0,0,25.5,79,26.2,21.6
2026-07-04T19:30:00+05:30,2026-07-04 19:30:00,21.9,22.7,21.7,1.8,9.3,40.4,77,0,0,0,28.7,6.6,618.5,99,0,0,25.5,79,26.2,21.6
2026-07-04T19:25:00+05:30,2026-07-04 19:25:00,22,22.8,21.8,0.3,7.2,40.4,112,0,0,0,28.7,6.6,618.5,99,0,0,25.5,78,26.2,21.4
2026-07-04T19:20:00+05:30,2026-07-04 19:20:00,22,22.8,21.8,0.6,7.2,40.4,60,0,0,0,28.7,6.6,618.5,99,0,0,25.5,78,26.2,21.4
2026-07-04T19:15:00+05:30,2026-07-04 19:15:00,21.9,22.7,21.7,4.3,7.2,40.4,78,0,0,0,28.7,6.6,618.5,99,0,0,25.5,78,26.2,21.4
2026-07-04T19:10:00+05:30,2026-07-04 19:10:00,21.9,22.7,21.7,7.9,14.8,40.4,109,0,0,0,28.7,6.6,618.5,99,0,0,25.5,78,26.2,21.4
2026-07-04T19:05:00+05:30,2026-07-04 19:05:00,21.9,22.7,21.7,0.3,21.9,40.4,85,0,0,0,28.7,6.6,618.5,99,0,0,25.6,78,26.3,21.5
2026-07-04T19:00:00+05:30,2026-07-04 19:00:00,21.9,22.7,21.7,0.3,9.3,40.4,81,0,0,0,28.7,6.6,618.5,99,0,0,25.6,78,26.3,21.5
2026-07-04T18:55:00+05:30,2026-07-04 18:55:00,21.9,22.7,21.7,4,20.1,40.4,82,0,0,0,28.7,6.6,618.5,99,0,0,25.6,78,26.3,21.5
2026-07-04T18:50:00+05:30,2026-07-04 18:50:00,21.9,22.7,21.7,0.6,5.5,40.4,60,0,0,0,28.7,6.6,618.5,99,0,0,25.6,78,26.3,21.5
2026-07-04T18:46:00+05:30,2026-07-04 18:46:00,21.9,22.7,21.7,4,14.8,40.4,101,0,0,0,28.7,6.6,618.5,99,0,0,25.7,78,26.4,21.6
2026-07-04T18:40:00+05:30,2026-07-04 18:40:00,21.9,22.7,21.7,4,7.2,40.4,93,0,0,0,28.7,6.6,618.5,99,0,0.1,25.7,78,26.4,21.6
2026-07-04T18:35:00+05:30,2026-07-04 18:35:00,21.9,22.7,21.7,0,7.2,40.4,69,0,0,0,28.7,6.6,618.5,99,0,0.3,25.7,78,26.4,21.6
2026-07-04T18:30:00+05:30,2026-07-04 18:30:00,21.8,22.6,21.6,9.3,11.1,40.4,118,0,0,0,28.7,6.6,618.5,99,0,0.9,25.8,78,26.4,21.7
2026-07-04T18:25:00+05:30,2026-07-04 18:25:00,21.9,22.7,21.7,1.8,13,40.4,137,0,0,0,28.7,6.6,618.5,99,0,1.9,25.8,78,26.4,21.7
2026-07-04T18:20:00+05:30,2026-07-04 18:20:00,22,22.8,21.8,4,13,40.4,116,0,0,0,28.7,6.6,618.5,99,0,7.1,25.8,78,26.4,21.7
2026-07-04T18:15:00+05:30,2026-07-04 18:15:00,22,22.8,21.8,11.9,40.4,40.4,148,0,0,0,28.7,6.6,618.5,99,0,8.8,25.9,78,26.6,21.7
2026-07-04T18:10:00+05:30,2026-07-04 18:10:00,22.2,23.1,22.1,5.8,14.8,31.4,104,0,0,0,28.7,6.6,618.5,99,0,5.8,25.9,78,26.6,21.7
2026-07-04T18:05:00+05:30,2026-07-04 18:05:00,22.4,23.3,22.2,1.1,7.2,31.4,105,0,0,0,28.7,6.6,618.5,99,0,3,26,78,26.7,21.8
2026-07-04T18:00:00+05:30,2026-07-04 18:00:00,22.5,23.4,22.3,2.1,3.5,31.4,79,0,0,0,28.7,6.6,618.5,99,0,2.4,26,78,26.7,21.8
2026-07-04T17:55:00+05:30,2026-07-04 17:55:00,22.5,23.4,22.3,2.9,5.5,31.4,108,0,0,0,28.7,6.6,618.5,99,0,3.7,26,78,26.7,21.8
2026-07-04T17:50:00+05:30,2026-07-04 17:50:00,22.6,23.5,22.4,3.5,3.5,31.4,79,0,0,0,28.7,6.6,618.5,99,0,3.8,26,78,26.7,21.8
2026-07-04T17:45:00+05:30,2026-07-04 17:45:00,22.7,23.6,22.6,0,3.5,31.4,72,0,0,0,28.7,6.6,618.5,99,0,7.7,26,78,26.7,21.8
2026-07-04T17:40:00+05:30,2026-07-04 17:40:00,22.7,23.6,22.6,0,3.5,31.4,68,0,0,0,28.7,6.6,618.5,99,0,23.3,26,78,26.7,21.8
2026-07-04T17:35:00+05:30,2026-07-04 17:35:00,22.6,23.5,22.4,0.3,1.8,31.4,77,0,0,0,28.7,6.6,618.5,99,0,21.5,26,78,26.7,21.8
2026-07-04T17:30:00+05:30,2026-07-04 17:30:00,22.6,23.5,22.4,3.5,7.2,31.4,73,0,0,0,28.7,6.6,618.5,99,0,30.2,26,78,26.7,21.8
2026-07-04T17:26:00+05:30,2026-07-04 17:26:00,22.7,23.6,22.6,0,0,31.4,76,0,0,0,28.7,6.6,618.5,99,0,28.1,26,78,26.7,21.8
2026-07-04T17:20:00+05:30,2026-07-04 17:20:00,22.6,23.5,22.4,0,0,31.4,82,0,0,0,28.7,6.6,618.5,99,0,64.9,26,78,26.7,21.8
2026-07-04T17:15:00+05:30,2026-07-04 17:15:00,22.6,23.5,22.4,1.1,5.5,31.4,95,0,0,0,28.7,6.6,618.5,99,0,51.4,26,78,26.7,21.8
2026-07-04T17:10:00+05:30,2026-07-04 17:10:00,22.6,23.5,22.4,0,5.5,31.4,80,0,0,0,28.7,6.6,618.5,99,0,57.7,25.9,78,26.6,21.7
2026-07-04T17:05:00+05:30,2026-07-04 17:05:00,22.5,23.4,22.3,3.5,9.3,31.4,90,0,0,0,28.7,6.6,618.5,99,0,98.8,26,78,26.7,21.8
2026-07-04T17:00:00+05:30,2026-07-04 17:00:00,22.5,23.4,22.3,2.9,7.2,31.4,84,0,0,0,28.7,6.6,618.5,99,0,98.7,26,78,26.7,21.8
2026-07-04T16:55:00+05:30,2026-07-04 16:55:00,22.4,23.3,22.2,8.7,13,31.4,114,0,0,0,28.7,6.6,618.5,99,0,55.8,26,78,26.7,21.8
2026-07-04T16:50:00+05:30,2026-07-04 16:50:00,22.5,23.4,22.3,2.6,9.3,31.4,110,0,0,0,28.7,6.6,618.5,99,0,48.2,26.1,78,26.8,21.9
2026-07-04T16:45:00+05:30,2026-07-04 16:45:00,22.6,23.5,22.4,6.1,7.2,31.4,134,0,0,0,28.7,6.6,618.5,99,0,32.2,26.1,78,26.8,21.9
2026-07-04T16:40:00+05:30,2026-07-04 16:40:00,22.6,23.5,22.4,1.1,11.1,31.4,90,0,0,0,28.7,6.6,618.5,99,0,35.3,26.1,78,26.8,21.9
2026-07-04T16:35:00+05:30,2026-07-04 16:35:00,22.7,23.6,22.6,7.9,11.1,31.4,108,0,0,0,28.7,6.6,618.5,99,0,37.3,26.1,78,26.8,21.9
2026-07-04T16:30:00+05:30,2026-07-04 16:30:00,22.8,23.7,22.6,2.1,9.3,31.4,112,0,0,0,28.7,6.6,618.5,99,0,58.4,26.2,78,26.9,22.1
2026-07-04T16:25:00+05:30,2026-07-04 16:25:00,22.8,23.7,22.6,3.5,7.2,31.4,118,0,0,0,28.7,6.6,618.5,99,1,149.9,26.2,78,26.9,22.1
2026-07-04T16:21:00+05:30,2026-07-04 16:21:00,22.7,23.6,22.6,2.6,9.3,31.4,92,0,0,0,28.7,6.6,618.5,99,0,93.6,26.2,78,26.9,22.1
2026-07-04T16:15:00+05:30,2026-07-04 16:15:00,22.7,23.6,22.6,4,7.2,31.4,94,0,0,0,28.7,6.6,618.5,99,0,37.9,26.2,78,26.9,22.1
2026-07-04T16:10:00+05:30,2026-07-04 16:10:00,22.7,23.6,22.6,0,5.5,31.4,81,0,0,0,28.7,6.6,618.5,99,0,37.8,26.2,78,26.9,22.1
2026-07-04T16:05:00+05:30,2026-07-04 16:05:00,22.7,23.6,22.6,0,0,31.4,84,0,0,0,28.7,6.6,618.5,99,0,49.2,26.2,78,26.9,22.1
2026-07-04T16:00:00+05:30,2026-07-04 16:00:00,22.7,23.6,22.6,0.3,3.5,31.4,101,0,0,0,28.7,6.6,618.5,99,0,26.7,26.2,78,26.9,22.1
2026-07-04T15:55:00+05:30,2026-07-04 15:55:00,22.7,23.6,22.6,0,0,31.4,75,0,0,0,28.7,6.6,618.5,99,0,50.1,26.2,78,26.9,22.1
2026-07-04T15:50:00+05:30,2026-07-04 15:50:00,22.7,23.6,22.6,0,5.5,31.4,82,0,0,0,28.7,6.6,618.5,99,0,73.1,26.2,77,26.9,21.8
2026-07-04T15:45:00+05:30,2026-07-04 15:45:00,22.7,23.6,22.6,2.9,5.5,31.4,91,0,0,0,28.7,6.6,618.5,99,0,55.1,26.2,77,26.9,21.8
2026-07-04T15:40:00+05:30,2026-07-04 15:40:00,22.5,23.4,22.3,0.3,7.2,31.4,91,0,0,0,28.7,6.6,618.5,99,0,84.4,26.3,77,26.9,21.9
2026-07-04T15:35:00+05:30,2026-07-04 15:35:00,22.5,23.4,22.3,6.1,14.8,31.4,107,0,0,0,28.7,6.6,618.5,99,0,57,26.3,77,26.9,21.9
2026-07-04T15:30:00+05:30,2026-07-04 15:30:00,22.5,23.4,22.3,0,11.1,31.4,88,0,0,0,28.7,6.6,618.5,99,0,35.5,26.3,77,26.9,21.9
2026-07-04T15:25:00+05:30,2026-07-04 15:25:00,22.5,23.4,22.3,2.9,9.3,31.4,69,0,0,0,28.7,6.6,618.5,99,0,48.9,26.3,77,26.9,21.9
2026-07-04T15:20:00+05:30,2026-07-04 15:20:00,22.5,23.4,22.3,0,7.2,31.4,85,0,0,0,28.7,6.6,618.5,99,1,114.2,26.3,77,26.9,21.9
2026-07-04T15:16:00+05:30,2026-07-04 15:16:00,22.4,23.3,22.2,8.7,14.8,31.4,83,0,0,0,28.7,6.6,618.5,99,0,60.2,26.4,77,27.1,22
2026-07-04T15:10:00+05:30,2026-07-04 15:10:00,22.5,23.4,22.3,4.7,13,31.4,69,0,0,0,28.7,6.6,618.5,99,1,116.4,26.4,77,27.1,22
2026-07-04T15:05:00+05:30,2026-07-04 15:05:00,22.5,23.4,22.3,9.7,14.8,31.4,170,0,0,0,28.7,6.6,618.5,99,0,88,26.5,77,27.2,22.1
2026-07-04T15:00:00+05:30,2026-07-04 15:00:00,22.6,23.5,22.4,2.9,21.9,31.4,72,0,0,0,28.7,6.6,618.5,99,0,78.2,26.6,77,27.3,22.2
2026-07-04T14:55:00+05:30,2026-07-04 14:55:00,23,23.9,22.8,5.5,31.4,31.4,109,0,0,0,28.7,6.6,618.5,99,0,66,26.6,78,27.4,22.4
2026-07-04T14:50:00+05:30,2026-07-04 14:50:00,23.6,24.6,23.4,0,9.3,25.6,100,0,0,0,28.7,6.6,618.5,99,0,31.1,26.6,78,27.4,22.4
2026-07-04T14:45:00+05:30,2026-07-04 14:45:00,24.2,25.3,23.9,0,9.3,25.6,65,0,0,0,28.7,6.6,618.5,98,0,62,26.6,77,27.3,22.2
2026-07-04T14:40:00+05:30,2026-07-04 14:40:00,24.7,25.8,24,1.1,11.1,25.6,77,0,0,0,28.7,6.6,618.5,96,0,43.3,26.6,77,27.3,22.2
2026-07-04T14:35:00+05:30,2026-07-04 14:35:00,25.2,26.2,23.6,3.5,18.3,25.6,69,0,0,0,28.7,6.6,618.5,91,0,100.3,26.6,77,27.3,22.2
2026-07-04T14:30:00+05:30,2026-07-04 14:30:00,25.4,26.3,23.6,0,9.3,25.6,83,0,0,0,28.7,6.6,618.5,90,0,83.2,26.6,77,27.3,22.2
2026-07-04T14:25:00+05:30,2026-07-04 14:25:00,25.8,26.7,23.6,3.5,14.8,25.6,70,0,0,0,28.7,6.6,618.5,88,0,90.3,26.6,77,27.3,22.2
2026-07-04T14:20:00+05:30,2026-07-04 14:20:00,25.9,26.8,23.6,2.9,11.1,25.6,82,0,0,0,28.7,6.6,618.5,87,1,195.2,26.6,77,27.3,22.2
2026-07-04T14:15:00+05:30,2026-07-04 14:15:00,25.9,26.8,23.6,6.4,14.8,25.6,100,0,0,0,28.7,6.6,618.5,87,1,191.5,26.6,77,27.3,22.2
2026-07-04T14:10:00+05:30,2026-07-04 14:10:00,26.5,27.4,23.8,0.3,14.8,25.6,92,0,0,0,28.7,6.6,618.5,85,1,189.2,26.6,77,27.3,22.2
2026-07-04T14:05:00+05:30,2026-07-04 14:05:00,26.4,27.3,23.5,0.6,7.2,25.6,67,0,0,0,28.7,6.6,618.5,84,3,379.1,26.5,77,27.2,22.1
2026-07-04T14:00:00+05:30,2026-07-04 14:00:00,26.6,27.5,23.5,5.5,9.3,25.6,96,0,0,0,28.7,6.6,618.5,83,3,336.1,26.5,77,27.2,22.1
2026-07-04T13:55:00+05:30,2026-07-04 13:55:00,26.6,27.5,23.7,1.4,13,25.6,68,0,0,0,28.7,6.6,618.5,84,2,240.4,26.5,77,27.2,22.1
2026-07-04T13:50:00+05:30,2026-07-04 13:50:00,26.4,27.3,23.5,0,1.8,25.6,20,0,0,0,28.7,6.6,618.5,84,3,309.5,26.4,78,27.1,22.2
2026-07-04T13:45:00+05:30,2026-07-04 13:45:00,26.5,27.4,23.4,1.4,11.1,25.6,111,0,0,0,28.7,6.6,618.5,83,1,188,26.4,78,27.1,22.2
2026-07-04T13:40:00+05:30,2026-07-04 13:40:00,27,30.2,24.3,0,9.3,25.6,99,0,0,0,28.7,6.6,618.5,85,2,225.8,26.4,78,27.1,22.2
2026-07-04T13:35:00+05:30,2026-07-04 13:35:00,26.6,27.6,24.1,1.1,16.6,25.6,111,0,0,0,28.7,6.6,618.5,86,5,580.8,26.3,78,27,22.1
2026-07-04T13:30:00+05:30,2026-07-04 13:30:00,26.4,27.3,23.9,1.8,5.5,25.6,119,0,0,0,28.7,6.6,618.5,86,3,388.5,26.3,78,27,22.1
2026-07-04T13:25:00+05:30,2026-07-04 13:25:00,25.2,26.2,23.6,0,9.3,25.6,93,0,0,0,28.7,6.6,618.5,91,10,1037.7,26.2,78,26.9,22.1
2026-07-04T13:20:00+05:30,2026-07-04 13:20:00,24.6,25.6,23.4,14.8,20.1,25.6,83,0,0,0,28.7,6.6,618.5,93,3,359,26.2,77,26.9,21.8
2026-07-04T13:15:00+05:30,2026-07-04 13:15:00,24.8,25.7,23.4,3.2,9.3,25.6,135,0,0,0,28.7,6.6,618.5,92,1,191.7,26.2,77,26.9,21.8
2026-07-04T13:10:00+05:30,2026-07-04 13:10:00,25.7,26.6,23.6,7.9,11.1,25.6,105,0,0,0,28.7,6.6,618.5,88,0,89.9,26.2,78,26.9,22.1
2026-07-04T13:05:00+05:30,2026-07-04 13:05:00,25.8,26.7,23.3,1.4,13,25.6,105,0,0,0,28.7,6.6,618.5,86,2,237.8,26.2,78,26.9,22.1
2026-07-04T13:00:00+05:30,2026-07-04 13:00:00,25.8,26.7,23.4,2.1,11.1,25.6,87,0,0,0,28.7,6.6,618.5,87,1,200.3,26.2,78,26.9,22.1
2026-07-04T12:55:00+05:30,2026-07-04 12:55:00,25.8,26.7,23.6,0,9.3,25.6,90,0,0,0,28.7,6.6,618.5,88,2,244.8,26.2,78,26.9,22.1
2026-07-04T12:51:00+05:30,2026-07-04 12:51:00,26,27,23.9,4,11.1,25.6,54,0,0,0,28.7,6.6,618.5,88,4,439.6,26.1,78,26.8,21.9
2026-07-04T12:45:00+05:30,2026-07-04 12:45:00,26,27,24,0.3,18.3,25.6,104,0,0,0,28.7,6.6,618.5,89,3,408.1,26.1,78,26.8,21.9
2026-07-04T12:40:00+05:30,2026-07-04 12:40:00,25.1,26,23.4,4,7.2,25.6,145,0,0,0,28.7,6.6,618.5,90,6,713.4,26,78,26.7,21.8
2026-07-04T12:35:00+05:30,2026-07-04 12:35:00,24.9,25.8,23.5,7.9,16.6,25.6,82,0,0,0,28.7,6.6,618.5,92,3,378.7,26,78,26.7,21.8
2026-07-04T12:30:00+05:30,2026-07-04 12:30:00,25,26,23.6,12.6,16.6,25.6,125,0,0,0,28.7,6.6,618.5,92,4,414.1,26,78,26.7,21.8
2026-07-04T12:25:00+05:30,2026-07-04 12:25:00,24.6,25.6,23.4,1.1,7.2,25.6,96,0,0,0,28.7,6.6,618.5,93,3,371.2,26,78,26.7,21.8
2026-07-04T12:20:00+05:30,2026-07-04 12:20:00,24.5,25.5,23.5,0,14.8,25.6,90,0,0,0,28.7,6.6,618.5,94,2,294.1,26,78,26.7,21.8
2026-07-04T12:15:00+05:30,2026-07-04 12:15:00,24.3,25.2,23.2,8.7,18.3,25.6,122,0,0,0,28.7,6.6,618.5,94,3,312.1,26,78,26.7,21.8
2026-07-04T12:10:00+05:30,2026-07-04 12:10:00,24.1,25.1,23.3,5.5,9.3,25.6,69,0,0,0,28.7,6.6,618.5,95,3,360.9,26,78,26.7,21.8
2026-07-04T12:05:00+05:30,2026-07-04 12:05:00,23.8,24.7,23.1,3.5,14.8,25.6,76,0,0,0,28.7,6.6,618.5,96,2,229,26,78,26.7,21.8
2026-07-04T12:00:00+05:30,2026-07-04 12:00:00,23.6,24.6,23.1,4.7,11.1,25.6,87,0,0,0,28.7,6.6,618.5,97,2,270.4,26,78,26.7,21.8
2026-07-04T11:55:00+05:30,2026-07-04 11:55:00,23.4,24.3,23.1,0,11.1,25.6,89,0,0,0,28.7,6.6,618.5,98,2,227.7,26,78,26.7,21.8
2026-07-04T11:50:00+05:30,2026-07-04 11:50:00,23.2,24.2,23.1,0,14.8,25.6,83,0,0,0,28.7,6.6,618.5,99,1,194.5,26,78,26.7,21.8
2026-07-04T11:46:00+05:30,2026-07-04 11:46:00,23.2,24.2,23.1,7.2,11.1,25.6,105,0,0,0,28.7,6.6,618.5,99,1,169.2,26,78,26.7,21.8
2026-07-04T11:40:00+05:30,2026-07-04 11:40:00,23.3,24.2,23.1,7.2,18.3,25.6,74,0,0,0,28.7,6.6,618.5,99,1,148.4,26.1,78,26.8,21.9
2026-07-04T11:35:00+05:30,2026-07-04 11:35:00,23.5,24.5,23.3,2.1,14.8,25.6,91,0,0,0,28.7,6.6,618.5,99,1,150,26.1,78,26.8,21.9
2026-07-04T11:30:00+05:30,2026-07-04 11:30:00,24,25,23.5,0,5.5,25.6,70,0,0,0,28.7,6.6,618.5,97,0,72.8,26.1,78,26.8,21.9
2026-07-04T11:25:00+05:30,2026-07-04 11:25:00,24.9,25.9,23.7,3.2,13,25.6,77,0,0,0,28.7,6.6,618.5,93,0,88.5,26.1,78,26.8,21.9
2026-07-04T11:20:00+05:30,2026-07-04 11:20:00,25.3,26.2,23.3,7.2,14.8,25.6,47,0,0,0,28.7,6.6,618.5,89,1,106.3,26,78,26.7,21.8
2026-07-04T11:15:00+05:30,2026-07-04 11:15:00,25.4,26.3,23.3,9.3,25.6,25.6,86,0,0,0,28.7,6.6,618.5,88,2,279.3,26,78,26.7,21.8
2026-07-04T11:10:00+05:30,2026-07-04 11:10:00,25.4,26.3,23.6,1.1,9.3,21.9,100,0,0,0,28.7,6.6,618.5,90,1,197.4,26,78,26.7,21.8
2026-07-04T11:05:00+05:30,2026-07-04 11:05:00,25.4,26.3,23.3,5,11.1,21.9,100,0,0,0,28.7,6.6,618.5,88,2,295.8,26,78,26.7,21.8
2026-07-04T11:00:00+05:30,2026-07-04 11:00:00,25.3,26.2,23.5,4,11.1,21.9,64,0,0,0,28.7,6.6,618.5,90,1,143.9,26,78,26.7,21.8
2026-07-04T10:55:00+05:30,2026-07-04 10:55:00,25.4,26.3,23.4,6.1,11.1,21.9,61,0,0,0,28.7,6.6,618.5,89,2,220.1,26,78,26.7,21.8
2026-07-04T10:50:00+05:30,2026-07-04 10:50:00,25.3,26.2,23.3,7.6,11.1,21.9,78,0,0,0,28.7,6.6,618.5,89,2,232.2,25.9,78,26.6,21.7
2026-07-04T10:45:00+05:30,2026-07-04 10:45:00,25.2,26.1,23.3,11.9,21.9,21.9,124,0,0,0,28.7,6.6,618.5,89,3,380.8,25.9,78,26.6,21.7
2026-07-04T10:41:00+05:30,2026-07-04 10:41:00,25.2,26.2,23.5,0.3,13,21.9,76,0,0,0,28.7,6.6,618.5,90,2,207.6,25.9,78,26.6,21.7
2026-07-04T10:35:00+05:30,2026-07-04 10:35:00,25.2,26.2,23.8,2.9,9.3,21.9,48,0,0,0,28.7,6.6,618.5,92,2,224.4,25.8,78,26.4,21.7
2026-07-04T10:30:00+05:30,2026-07-04 10:30:00,25.1,26.1,23.5,9.3,13,21.9,45,0,0,0,28.7,6.6,618.5,91,3,343.7,25.8,79,26.5,21.8
2026-07-04T10:25:00+05:30,2026-07-04 10:25:00,25.1,26.1,24.1,0.3,7.2,21.9,76,0,0,0,28.7,6.6,618.5,94,3,395,25.7,78,26.4,21.6
2026-07-04T10:20:00+05:30,2026-07-04 10:20:00,24.6,25.6,23.6,2.9,20.1,21.9,58,0,0,0,28.7,6.6,618.5,94,3,360.1,25.7,78,26.4,21.6
2026-07-04T10:15:00+05:30,2026-07-04 10:15:00,24,25,23.5,0,13,21.9,77,0,0,0,28.7,6.6,618.5,97,3,313.8,25.7,78,26.4,21.6
2026-07-04T10:10:00+05:30,2026-07-04 10:10:00,23.5,24.5,23.2,4.7,11.1,21.9,84,0,0,0,28.7,6.6,618.5,98,3,336.5,25.7,78,26.4,21.6
2026-07-04T10:05:00+05:30,2026-07-04 10:05:00,23.1,24.1,22.9,1.4,11.1,21.9,78,0,0,0,28.7,6.6,618.5,99,3,317.4,25.6,78,26.3,21.5
2026-07-04T10:00:00+05:30,2026-07-04 10:00:00,22.8,23.7,22.6,0.3,7.2,21.9,69,0,0,0,28.7,6.6,618.5,99,2,215.3,25.6,78,26.3,21.5
2026-07-04T09:55:00+05:30,2026-07-04 09:55:00,22.6,23.5,22.4,5.5,11.1,21.9,132,0,0,0,28.7,6.6,618.5,99,1,150.4,25.6,78,26.3,21.5
2026-07-04T09:50:00+05:30,2026-07-04 09:50:00,22.4,23.3,22.2,4.7,21.9,21.9,82,0,0,0,28.7,6.6,618.5,99,1,151.7,25.7,78,26.4,21.6
2026-07-04T09:45:00+05:30,2026-07-04 09:45:00,22.2,23.1,22.1,4.7,14.8,21.9,117,0,0,0,28.7,6.6,618.5,99,1,177.2,25.7,78,26.4,21.6
2026-07-04T09:40:00+05:30,2026-07-04 09:40:00,22.1,23,21.9,5,16.6,21.9,73,0,0,0,28.7,6.6,618.5,99,0,72.2,25.7,78,26.4,21.6
2026-07-04T09:36:00+05:30,2026-07-04 09:36:00,22.2,23.1,22.1,7.9,13,21.9,96,0,0,0,28.7,6.6,618.5,99,1,108,25.7,77,26.3,21.4
2026-07-04T09:30:00+05:30,2026-07-04 09:30:00,22.2,23.1,22.1,4,9.3,21.9,111,0,0,0,28.7,6.6,618.5,99,0,58,25.7,77,26.3,21.4
2026-07-04T09:25:00+05:30,2026-07-04 09:25:00,22.3,23.1,22.1,4.7,13,21.9,93,0,0,0,28.7,6.6,618.5,99,0,64.1,25.8,77,26.4,21.4
2026-07-04T09:20:00+05:30,2026-07-04 09:20:00,22.3,23.1,22.1,2.9,7.2,21.9,121,0,0,0,28.7,6.6,618.5,99,0,54.9,25.8,77,26.4,21.4
2026-07-04T09:15:00+05:30,2026-07-04 09:15:00,22.4,23.3,22.2,10.8,14.8,21.9,124,0,0,0,28.7,6.6,618.5,99,0,44.9,25.8,77,26.4,21.4
2026-07-04T09:10:00+05:30,2026-07-04 09:10:00,22.4,23.3,22.2,3.2,9.3,21.9,89,0,0,0,28.7,6.6,618.5,99,0,21.9,25.8,77,26.4,21.4
2026-07-04T09:05:00+05:30,2026-07-04 09:05:00,22.6,23.5,22.4,8.7,11.1,21.9,112,0,0,0,28.7,6.6,618.5,99,0,36.4,25.8,77,26.4,21.4
2026-07-04T09:00:00+05:30,2026-07-04 09:00:00,22.6,23.5,22.4,4.7,7.2,21.9,78,0,0,0,28.7,6.6,618.5,99,0,50.7,25.9,77,26.6,21.6
2026-07-04T08:55:00+05:30,2026-07-04 08:55:00,22.8,23.7,22.6,2.9,7.2,21.9,57,0,0,0,28.7,6.6,618.5,99,0,38.1,25.8,77,26.4,21.4
2026-07-04T08:50:00+05:30,2026-07-04 08:50:00,23,23.9,22.8,0,9.3,21.9,58,0,0,0,28.7,6.6,618.5,99,0,75.5,25.8,77,26.4,21.4
2026-07-04T08:45:00+05:30,2026-07-04 08:45:00,23.1,24.1,22.9,0,7.2,21.9,70,0,0,0,28.7,6.6,618.5,99,0,69.8,25.9,76,26.5,21.3
2026-07-04T08:40:00+05:30,2026-07-04 08:40:00,23.2,24.2,22.9,4,7.2,21.9,77,0,0,0,28.7,6.6,618.5,98,0,73.9,25.8,76,26.4,21.2
2026-07-04T08:35:00+05:30,2026-07-04 08:35:00,23.3,24.2,22.8,0.6,7.2,21.9,70,0,0,0,28.7,6.6,618.5,97,0,54.6,25.9,76,26.5,21.3
2026-07-04T08:31:00+05:30,2026-07-04 08:31:00,23.3,24.2,22.6,0,0,21.9,85,0,0,0,28.7,6.6,618.5,96,0,45.5,25.8,76,26.4,21.2
2026-07-04T08:25:00+05:30,2026-07-04 08:25:00,23.4,24.3,22.7,0,0,21.9,103,0,0,0,28.7,6.6,618.5,96,0,57.4,25.8,76,26.4,21.2
2026-07-04T08:20:00+05:30,2026-07-04 08:20:00,23.3,24.2,22.6,1.1,5.5,21.9,79,0,0,0,28.7,6.6,618.5,96,0,62.6,25.8,76,26.4,21.2
2026-07-04T08:15:00+05:30,2026-07-04 08:15:00,23.3,24.1,22.4,0.6,9.3,21.9,75,0,0,0,28.7,6.6,618.5,95,0,43.2,25.8,76,26.4,21.2
2026-07-04T08:10:00+05:30,2026-07-04 08:10:00,23.3,24.2,22.6,0,3.5,21.9,78,0,0,0,28.7,6.6,618.5,96,0,67.5,25.8,76,26.4,21.2
2026-07-04T08:05:00+05:30,2026-07-04 08:05:00,23.2,24.1,22.7,2.1,9.3,21.9,87,0,0,0,28.7,6.6,618.5,97,1,109.5,25.8,76,26.4,21.2
2026-07-04T08:00:00+05:30,2026-07-04 08:00:00,23.1,24,22.6,4,5.5,21.9,95,0,0,0,28.7,6.6,618.5,97,0,89.3,25.8,76,26.4,21.2
2026-07-04T07:55:00+05:30,2026-07-04 07:55:00,23.1,24,22.6,2.9,5.5,21.9,70,0,0,0,28.7,6.6,618.5,97,0,53.2,25.7,76,26.3,21.2
2026-07-04T07:50:00+05:30,2026-07-04 07:50:00,23,23.9,22.5,1.1,11.1,21.9,62,0,0,0,28.7,6.6,618.5,97,0,49,25.7,76,26.3,21.2
2026-07-04T07:45:00+05:30,2026-07-04 07:45:00,23,23.9,22.5,0,7.2,21.9,72,0,0,0,28.7,6.6,618.5,97,0,44.5,25.8,76,26.4,21.2
2026-07-04T07:40:00+05:30,2026-07-04 07:40:00,22.8,23.6,22.3,0.6,5.5,21.9,94,0,0,0,28.7,6.6,618.5,97,0,36.8,25.8,76,26.4,21.2
2026-07-04T07:35:00+05:30,2026-07-04 07:35:00,22.7,23.6,22.6,3.2,3.5,21.9,83,0,0,0,28.7,6.6,618.5,99,0,36.1,25.8,76,26.4,21.2
2026-07-04T07:30:00+05:30,2026-07-04 07:30:00,22.7,23.6,22.6,5.8,11.1,21.9,75,0,0,0,28.7,6.6,618.5,99,0,31.8,25.8,76,26.4,21.2
2026-07-04T07:25:00+05:30,2026-07-04 07:25:00,22.7,23.6,22.6,0,3.5,21.9,74,0,0,0,28.7,6.6,618.5,99,0,36.4,25.8,76,26.4,21.2
2026-07-04T07:20:00+05:30,2026-07-04 07:20:00,22.6,23.5,22.4,3.2,5.5,21.9,80,0,0,0,28.7,6.6,618.5,99,0,26.5,25.7,76,26.3,21.2
2026-07-04T07:15:00+05:30,2026-07-04 07:15:00,22.5,23.4,22.3,0,5.5,21.9,74,0,0,0,28.7,6.6,618.5,99,0,15.9,25.7,76,26.3,21.2
2026-07-04T07:10:00+05:30,2026-07-04 07:10:00,22.5,23.4,22.3,0,5.5,21.9,68,0,0,0,28.7,6.6,618.5,99,0,20.7,25.7,76,26.3,21.2
2026-07-04T07:05:00+05:30,2026-07-04 07:05:00,22.4,23.3,22.2,0,7.2,21.9,74,0,0,0,28.7,6.6,618.5,99,0,25.3,25.7,76,26.3,21.2
2026-07-04T07:00:00+05:30,2026-07-04 07:00:00,22.4,23.3,22.2,5.5,7.2,21.9,89,0,0,0,28.7,6.6,618.5,99,0,20.5,25.7,76,26.3,21.2
2026-07-04T06:55:00+05:30,2026-07-04 06:55:00,22.3,23.1,22.1,1.1,9.3,21.9,74,0,0,0,28.7,6.6,618.5,99,0,19.6,25.7,76,26.3,21.2
2026-07-04T06:50:00+05:30,2026-07-04 06:50:00,22.3,23.1,22.1,0,3.5,21.9,77,0,0,0,28.7,6.6,618.5,99,0,15.4,25.7,76,26.3,21.2
2026-07-04T06:45:00+05:30,2026-07-04 06:45:00,22.2,23.1,22.1,4.3,11.1,21.9,90,0,0,0,28.7,6.6,618.5,99,0,12.1,25.7,76,26.3,21.2
2026-07-04T06:40:00+05:30,2026-07-04 06:40:00,22.2,23.1,22.1,6.9,7.2,21.9,97,0,0,0,28.7,6.6,618.5,99,0,11.1,25.7,76,26.3,21.2
2026-07-04T06:35:00+05:30,2026-07-04 06:35:00,22.2,23.1,22.1,0,1.8,21.9,116,0,0,0,28.7,6.6,618.5,99,0,7.4,25.8,76,26.4,21.2
2026-07-04T06:30:00+05:30,2026-07-04 06:30:00,22.1,23,21.9,6.9,14.8,21.9,69,0,0,0,28.7,6.6,618.5,99,0,6.2,25.8,76,26.4,21.2
2026-07-04T06:25:00+05:30,2026-07-04 06:25:00,22.1,23,21.9,0.3,11.1,21.9,94,0,0,0,28.7,6.6,618.5,99,0,5.8,25.8,76,26.4,21.2
2026-07-04T06:20:00+05:30,2026-07-04 06:20:00,22.1,23,21.9,1.1,5.5,21.9,79,0,0,0,28.7,6.6,618.5,99,0,5.1,25.8,76,26.4,21.2
2026-07-04T06:15:00+05:30,2026-07-04 06:15:00,22.1,23,21.9,2.9,3.5,21.9,91,0,0,0,28.7,6.6,618.5,99,0,3.9,25.8,76,26.4,21.2
2026-07-04T06:10:00+05:30,2026-07-04 06:10:00,22.1,23,21.9,5.8,16.6,21.9,92,0,0,0,28.7,6.6,618.5,99,0,3.5,25.8,76,26.4,21.2
2026-07-04T06:05:00+05:30,2026-07-04 06:05:00,22,22.8,21.8,4.7,18.3,21.9,69,0,0,0,28.7,6.6,618.5,99,0,2,25.8,76,26.4,21.2
2026-07-04T06:00:00+05:30,2026-07-04 06:00:00,22.1,23,21.9,0,14.8,21.9,90,0,0,0,28.7,6.6,618.5,99,0,1.6,25.9,76,26.5,21.3
2026-07-04T05:55:00+05:30,2026-07-04 05:55:00,22.1,23,21.9,5,7.2,21.9,93,0,0,0,28.7,6.6,618.5,99,0,0.6,25.9,76,26.5,21.3
2026-07-04T05:50:00+05:30,2026-07-04 05:50:00,22.1,23,21.9,4.7,18.3,21.9,83,0,0,0,28.7,6.6,618.5,99,0,0.3,25.9,76,26.5,21.3
2026-07-04T05:45:00+05:30,2026-07-04 05:45:00,22.1,23,21.9,6.1,7.2,21.9,95,0,0,0,28.7,6.6,618.5,99,0,0.1,26,76,26.7,21.4
2026-07-04T05:40:00+05:30,2026-07-04 05:40:00,22.1,23,21.9,1.4,5.5,21.9,68,0,0,0,28.7,6.6,618.5,99,0,0,26,76,26.7,21.4
2026-07-04T05:35:00+05:30,2026-07-04 05:35:00,22.1,23,21.9,8.7,16.6,21.9,101,0,0,0,28.7,6.6,618.5,99,0,0,26,76,26.7,21.4
2026-07-04T05:30:00+05:30,2026-07-04 05:30:00,22.1,23,21.9,5.8,13,21.9,124,0,0,0,28.7,6.6,618.5,99,0,0,26.1,76,26.8,21.6
2026-07-04T05:25:00+05:30,2026-07-04 05:25:00,22.1,23,21.9,9.3,13,21.9,113,0,0,0,28.7,6.6,618.5,99,0,0,26.1,76,26.8,21.6
2026-07-04T05:20:00+05:30,2026-07-04 05:20:00,22.1,23,21.9,2.9,7.2,21.9,93,0,0,0,28.7,6.6,618.5,99,0,0,26.1,76,26.8,21.6
2026-07-04T05:15:00+05:30,2026-07-04 05:15:00,22.1,23,21.9,3.5,7.2,21.9,77,0,0,0,28.7,6.6,618.5,99,0,0,26.2,76,26.9,21.7
2026-07-04T05:10:00+05:30,2026-07-04 05:10:00,22.1,23,21.9,4.7,13,21.9,65,0,0,0,28.7,6.6,618.5,99,0,0,26.2,76,26.9,21.7
2026-07-04T05:05:00+05:30,2026-07-04 05:05:00,22.2,23.1,22.1,5.5,7.2,21.9,93,0,0,0,28.7,6.6,618.5,99,0,0,26.2,75,26.8,21.4
2026-07-04T05:01:00+05:30,2026-07-04 05:01:00,22.2,23.1,22.1,1.4,7.2,21.9,94,0,0,0,28.7,6.6,618.5,99,0,0,26.2,75,26.8,21.4
2026-07-04T04:55:00+05:30,2026-07-04 04:55:00,22.3,23.1,22.1,5.5,7.2,21.9,86,0,0,0,28.7,6.6,618.5,99,0,0,26.3,75,26.9,21.5
2026-07-04T04:50:00+05:30,2026-07-04 04:50:00,22.3,23.1,22.1,5.8,11.1,21.9,106,0,0,0,28.7,6.6,618.5,99,0,0,26.3,75,26.9,21.5
2026-07-04T04:45:00+05:30,2026-07-04 04:45:00,22.3,23.1,22.1,5.5,13,21.9,87,0,0,0,28.7,6.6,618.5,99,0,0,26.3,75,26.9,21.5
2026-07-04T04:40:00+05:30,2026-07-04 04:40:00,22.3,23.1,22.1,1.8,9.3,21.9,52,0,0,0,28.7,6.6,618.5,99,0,0,26.3,75,26.9,21.5
2026-07-04T04:35:00+05:30,2026-07-04 04:35:00,22.3,23.1,22.1,0,0,21.9,104,0,0,0,28.7,6.6,618.5,99,0,0,26.3,75,26.9,21.5
2026-07-04T04:30:00+05:30,2026-07-04 04:30:00,22.3,23.1,22.1,0.6,3.5,21.9,109,0,0,0,28.7,6.6,618.5,99,0,0,26.3,75,26.9,21.5
2026-07-04T04:25:00+05:30,2026-07-04 04:25:00,22.3,23.1,22.1,2.1,3.5,21.9,66,0,0,0,28.7,6.6,618.5,99,0,0,26.3,75,26.9,21.5
2026-07-04T04:20:00+05:30,2026-07-04 04:20:00,22.3,23.1,22.1,5.5,7.2,21.9,82,0,0,0,28.7,6.6,618.5,99,0,0,26.3,75,26.9,21.5
2026-07-04T04:15:00+05:30,2026-07-04 04:15:00,22.4,23.3,22.2,4.7,11.1,21.9,110,0,0,0,28.7,6.6,618.5,99,0,0,26.4,74,27,21.4
2026-07-04T04:10:00+05:30,2026-07-04 04:10:00,22.5,23.4,22.3,5.8,11.1,21.9,89,0,0,0,28.7,6.6,618.5,99,0,0,26.4,74,27,21.4
2026-07-04T04:05:00+05:30,2026-07-04 04:05:00,22.6,23.5,22.4,4,9.3,21.9,97,0,0,0,28.7,6.6,618.5,99,0,0,26.4,74,27,21.4
2026-07-04T04:00:00+05:30,2026-07-04 04:00:00,22.7,23.6,22.6,4.7,11.1,21.9,128,0,0,0,28.7,6.6,618.5,99,0,0,26.4,74,27,21.4
2026-07-04T03:56:00+05:30,2026-07-04 03:56:00,22.8,23.7,22.6,0.3,7.2,21.9,63,0,0,0,28.7,6.6,618.5,99,0,0,26.4,74,27,21.4
2026-07-04T03:50:00+05:30,2026-07-04 03:50:00,22.9,23.8,22.7,0,3.5,21.9,73,0,0,0,28.7,6.6,618.5,99,0,0,26.4,74,27,21.4
2026-07-04T03:45:00+05:30,2026-07-04 03:45:00,22.9,23.8,22.6,0,5.5,21.9,70,0,0,0,28.7,6.6,618.5,98,0,0,26.4,74,27,21.4
2026-07-04T03:40:00+05:30,2026-07-04 03:40:00,22.9,23.8,22.6,1.8,9.3,21.9,55,0,0,0,28.7,6.6,618.5,98,0,0,26.4,74,27,21.4
2026-07-04T03:35:00+05:30,2026-07-04 03:35:00,22.8,23.7,22.4,0,5.5,21.9,81,0,0,0,28.7,6.6,618.5,98,0,0,26.4,74,27,21.4
2026-07-04T03:30:00+05:30,2026-07-04 03:30:00,22.8,23.7,22.6,2.9,7.2,21.9,65,0,0,0,28.7,6.6,618.5,99,0,0,26.4,74,27,21.4
2026-07-04T03:25:00+05:30,2026-07-04 03:25:00,22.7,23.6,22.4,0,7.2,21.9,71,0,0,0,28.7,6.6,618.5,98,0,0,26.4,73,27,21.2
2026-07-04T03:20:00+05:30,2026-07-04 03:20:00,22.8,23.7,22.4,2.6,7.2,21.9,118,0,0,0,28.7,6.6,618.5,98,0,0,26.4,73,27,21.2
2026-07-04T03:15:00+05:30,2026-07-04 03:15:00,22.9,23.8,22.6,0,7.2,21.9,73,0,0,0,28.7,6.6,618.5,98,0,0,26.5,73,27.1,21.3
2026-07-04T03:10:00+05:30,2026-07-04 03:10:00,23,23.9,22.5,6.1,14.8,21.9,117,0,0,0,28.7,6.6,618.5,97,0,0,26.5,73,27.1,21.3
2026-07-04T03:05:00+05:30,2026-07-04 03:05:00,23,23.9,22.3,4.7,7.2,21.9,70,0,0,0,28.7,6.6,618.5,96,0,0,26.5,73,27.1,21.3
2026-07-04T03:00:00+05:30,2026-07-04 03:00:00,23,23.9,22.3,2.1,9.3,21.9,113,0,0,0,28.7,6.6,618.5,96,0,0,26.5,73,27.1,21.3
2026-07-04T02:55:00+05:30,2026-07-04 02:55:00,23,23.9,22.5,8.2,11.1,21.9,86,0,0,0,28.7,6.6,618.5,97,0,0,26.5,73,27.1,21.3
2026-07-04T02:51:00+05:30,2026-07-04 02:51:00,22.9,23.8,22.4,1.8,9.3,21.9,71,0,0,0,28.7,6.6,618.5,97,0,0,26.5,73,27.1,21.3
2026-07-04T02:45:00+05:30,2026-07-04 02:45:00,23,23.9,22.5,2.1,7.2,21.9,79,0,0,0,28.7,6.6,618.5,97,0,0,26.5,73,27.1,21.3
2026-07-04T02:40:00+05:30,2026-07-04 02:40:00,23,23.9,22.5,4,11.1,21.9,75,0,0,0,28.7,6.6,618.5,97,0,0,26.6,73,27.2,21.4
2026-07-04T02:36:00+05:30,2026-07-04 02:36:00,23.1,24,22.6,0,7.2,21.9,65,0,0,0,28.7,6.6,618.5,97,0,0,26.5,73,27.1,21.3
2026-07-04T02:30:00+05:30,2026-07-04 02:30:00,23.2,24.1,22.7,1.1,11.1,21.9,87,0,0,0,28.7,6.6,618.5,97,0,0,26.6,73,27.2,21.4
2026-07-04T02:25:00+05:30,2026-07-04 02:25:00,23.4,24.3,22.5,7.2,11.1,21.9,109,0,0,0,28.7,6.6,618.5,95,0,0,26.6,73,27.2,21.4
2026-07-04T02:20:00+05:30,2026-07-04 02:20:00,23.5,24.4,22.5,11.9,16.6,21.9,86,0,0,0,28.7,6.6,618.5,94,0,0,26.6,73,27.2,21.4
2026-07-04T02:15:00+05:30,2026-07-04 02:15:00,23.4,24.2,22.4,6.4,9.3,21.9,138,0,0,0,28.7,6.6,618.5,94,0,0,26.6,73,27.2,21.4
2026-07-04T02:10:00+05:30,2026-07-04 02:10:00,23.4,24.2,22.4,0,11.1,21.9,71,0,0,0,28.7,6.6,618.5,94,0,0,26.6,73,27.2,21.4
2026-07-04T02:05:00+05:30,2026-07-04 02:05:00,23.4,24.2,22.4,0,11.1,21.9,83,0,0,0,28.7,6.6,618.5,94,0,0,26.6,73,27.2,21.4
2026-07-04T02:00:00+05:30,2026-07-04 02:00:00,23.4,24.2,22.4,5.8,14.8,21.9,84,0,0,0,28.7,6.6,618.5,94,0,0,26.6,73,27.2,21.4
2026-07-04T01:55:00+05:30,2026-07-04 01:55:00,23.3,24.1,22.4,0,1.8,21.9,85,0,0,0,28.7,6.6,618.5,95,0,0,26.6,73,27.2,21.4
2026-07-04T01:50:00+05:30,2026-07-04 01:50:00,23.3,24.1,22.4,3.5,7.2,21.9,84,0,0,0,28.7,6.6,618.5,95,0,0,26.7,73,28.6,21.4
2026-07-04T01:45:00+05:30,2026-07-04 01:45:00,23.3,24.1,22.3,6.4,9.3,21.9,86,0,0,0,28.7,6.6,618.5,94,0,0,26.7,73,28.6,21.4
2026-07-04T01:40:00+05:30,2026-07-04 01:40:00,23.2,24.1,22.4,0.3,11.1,21.9,96,0,0,0,28.7,6.6,618.5,95,0,0,26.7,73,28.6,21.4
2026-07-04T01:35:00+05:30,2026-07-04 01:35:00,23.2,24.1,22.5,6.4,9.3,21.9,100,0,0,0,28.7,6.6,618.5,96,0,0,26.7,73,28.6,21.4
2026-07-04T01:30:00+05:30,2026-07-04 01:30:00,23.2,24.1,22.5,7.2,13,21.9,86,0,0,0,28.7,6.6,618.5,96,0,0,26.7,73,28.6,21.4
2026-07-04T01:25:00+05:30,2026-07-04 01:25:00,23.1,24,22.4,0,16.6,21.9,86,0,0,0,28.7,6.6,618.5,96,0,0,26.7,73,28.6,21.4
2026-07-04T01:20:00+05:30,2026-07-04 01:20:00,23.2,24.1,22.5,0,7.2,21.9,71,0,0,0,28.7,6.6,618.5,96,0,0,26.8,73,28.7,21.5
2026-07-04T01:16:00+05:30,2026-07-04 01:16:00,23,23.9,22.7,2.9,7.2,21.9,86,0,0,0,28.7,6.6,618.5,98,0,0,26.8,73,28.7,21.5
2026-07-04T01:10:00+05:30,2026-07-04 01:10:00,23,23.9,22.5,1.8,7.2,21.9,88,0,0,0,28.7,6.6,618.5,97,0,0,26.8,73,28.7,21.5
2026-07-04T01:05:00+05:30,2026-07-04 01:05:00,23,23.9,22.7,2.9,9.3,21.9,115,0,0,0,28.7,6.6,618.5,98,0,0,26.8,73,28.7,21.5
2026-07-04T01:00:00+05:30,2026-07-04 01:00:00,23,23.9,22.7,4,14.8,21.9,106,0,0,0,28.7,6.6,618.5,98,0,0,26.9,73,28.9,21.6
2026-07-04T00:55:00+05:30,2026-07-04 00:55:00,23,23.9,22.7,6.1,13,21.9,69,0,0,0,28.7,6.6,618.5,98,0,0,26.9,73,28.9,21.6
2026-07-04T00:50:00+05:30,2026-07-04 00:50:00,22.9,23.8,22.6,12.2,21.9,21.9,103,0,0,0,28.7,6.6,618.5,98,0,0,26.9,73,28.9,21.6
2026-07-04T00:45:00+05:30,2026-07-04 00:45:00,22.9,23.8,22.7,9.3,13,14.8,89,0,0,0,28.7,6.6,618.5,99,0,0,27,73,29.1,21.7
2026-07-04T00:40:00+05:30,2026-07-04 00:40:00,22.9,23.8,22.7,0,0,14.8,108,0,0,0,28.7,6.6,618.5,99,0,0,27,72,29,21.5
2026-07-04T00:35:00+05:30,2026-07-04 00:35:00,22.8,23.7,22.6,4.3,5.5,14.8,100,0,0,0,28.7,6.6,618.5,99,0,0,27,72,29,21.5
2026-07-04T00:30:00+05:30,2026-07-04 00:30:00,22.8,23.7,22.6,4,7.2,14.8,77,0,0,0,28.7,6.6,618.5,99,0,0,27.1,72,29.2,21.6
2026-07-04T00:25:00+05:30,2026-07-04 00:25:00,22.8,23.7,22.6,0,7.2,14.8,92,0,0,0,28.7,6.6,618.5,99,0,0,27.1,72,29.2,21.6
2026-07-04T00:20:00+05:30,2026-07-04 00:20:00,22.9,23.8,22.7,1.8,5.5,14.8,99,0,0,0,28.7,6.6,618.5,99,0,0,27,72,29,21.5
2026-07-04T00:15:00+05:30,2026-07-04 00:15:00,23.1,24.1,22.9,4,9.3,14.8,80,0,0,0,28.7,6.6,618.5,99,0,0,27.1,72,29.2,21.6
2026-07-04T00:11:00+05:30,2026-07-04 00:11:00,23.2,24.2,22.9,0.6,5.5,14.8,114,0,0,0,28.7,6.6,618.5,98,0,0,27.1,72,29.2,21.6
2026-07-04T00:05:00+05:30,2026-07-04 00:05:00,23.2,24.1,22.7,1.1,11.1,14.8,112,0,0,0,28.7,6.6,618.5,97,0,0,27.1,72,29.2,21.6
2026-07-04T00:00:00+05:30,2026-07-04 00:00:00,23.2,24.1,22.7,0,5.5,0,75,0,0,0,28.7,6.6,618.5,97,0,0,27.1,72,29.2,21.6
2026-07-03T23:55:00+05:30,2026-07-03 23:55:00,23.3,24.2,22.8,0,3.5,29.5,77,0,0,0,28.7,6.6,618.5,97,0,0,27.1,72,29.2,21.6
2026-07-03T23:50:00+05:30,2026-07-03 23:50:00,23.3,24.2,22.6,4.3,11.1,29.5,110,0,0,0,28.7,6.6,618.5,96,0,0,27.2,71,29.3,21.5
2026-07-03T23:45:00+05:30,2026-07-03 23:45:00,23.3,24.2,22.6,7.2,11.1,29.5,106,0,0,0,28.7,6.6,618.5,96,0,0,27.2,71,29.3,21.5
2026-07-03T23:40:00+05:30,2026-07-03 23:40:00,23.4,24.3,22.7,3.5,7.2,29.5,78,0,0,0,28.7,6.6,618.5,96,0,0,27.2,71,29.3,21.5
2026-07-03T23:35:00+05:30,2026-07-03 23:35:00,23.4,24.3,22.7,0,13,29.5,82,0,0,0,28.7,6.6,618.5,96,0,0,27.2,71,29.3,21.5
2026-07-03T23:30:00+05:30,2026-07-03 23:30:00,23.3,24.2,22.6,0,9.3,29.5,74,0,0,0,28.7,6.6,618.5,96,0,0,27.3,71,29.4,21.6
2026-07-03T23:25:00+05:30,2026-07-03 23:25:00,23.4,24.3,22.7,0,0,29.5,74,0,0,0,28.7,6.6,618.5,96,0,0,27.3,71,29.4,21.6
2026-07-03T23:20:00+05:30,2026-07-03 23:20:00,23.5,24.4,22.8,0,3.5,29.5,70,0,0,0,28.7,6.6,618.5,96,0,0,27.2,71,29.3,21.5
2026-07-03T23:15:00+05:30,2026-07-03 23:15:00,23.5,24.4,22.7,0,7.2,29.5,188,0,0,0,28.7,6.6,618.5,95,0,0,27.2,71,29.3,21.5
2026-07-03T23:10:00+05:30,2026-07-03 23:10:00,23.4,24.3,22.5,8.7,11.1,29.5,86,0,0,0,28.7,6.6,618.5,95,0,0,27.3,71,29.4,21.6
2026-07-03T23:06:00+05:30,2026-07-03 23:06:00,23.4,24.3,22.5,0,0,29.5,78,0,0,0,28.7,6.6,618.5,95,0,0,27.3,71,29.4,21.6
2026-07-03T23:00:00+05:30,2026-07-03 23:00:00,23.5,24.4,22.7,0.3,11.1,29.5,83,0,0,0,28.7,6.6,618.5,95,0,0,27.4,71,29.6,21.7
2026-07-03T22:55:00+05:30,2026-07-03 22:55:00,23.5,24.4,22.7,2.9,11.1,29.5,100,0,0,0,28.7,6.6,618.5,95,0,0,27.4,71,29.6,21.7
2026-07-03T22:50:00+05:30,2026-07-03 22:50:00,23.5,24.4,22.7,2.1,5.5,29.5,95,0,0,0,28.7,6.6,618.5,95,0,0,27.4,71,29.6,21.7
2026-07-03T22:45:00+05:30,2026-07-03 22:45:00,23.4,24.3,22.5,8.2,11.1,29.5,83,0,0,0,28.7,6.6,618.5,95,0,0,27.4,71,29.6,21.7
2026-07-03T22:40:00+05:30,2026-07-03 22:40:00,23.2,24.1,22.5,5.8,9.3,29.5,93,0,0,0,28.7,6.6,618.5,96,0,0,27.5,70,29.7,21.5
2026-07-03T22:35:00+05:30,2026-07-03 22:35:00,23.2,24.1,22.7,2.1,7.2,29.5,73,0,0,0,28.7,6.6,618.5,97,0,0,27.5,70,29.7,21.5
2026-07-03T22:30:00+05:30,2026-07-03 22:30:00,23.2,24.1,22.7,0,7.2,29.5,96,0,0,0,28.7,6.6,618.5,97,0,0,27.5,70,29.7,21.5
2026-07-03T22:25:00+05:30,2026-07-03 22:25:00,23.2,24.1,22.5,0.3,11.1,29.5,70,0,0,0,28.7,6.6,618.5,96,0,0,27.6,70,29.9,21.6
2026-07-03T22:20:00+05:30,2026-07-03 22:20:00,23.2,24.1,22.5,5.5,9.3,29.5,78,0,0,0,28.7,6.6,618.5,96,0,0,27.6,70,29.9,21.6
2026-07-03T22:15:00+05:30,2026-07-03 22:15:00,23.3,24.2,22.6,2.9,9.3,29.5,94,0,0,0,28.7,6.6,618.5,96,0,0,27.6,70,29.9,21.6
2026-07-03T22:10:00+05:30,2026-07-03 22:10:00,23.3,24.2,22.6,0,5.5,29.5,71,0,0,0,28.7,6.6,618.5,96,0,0,27.6,70,29.9,21.6
2026-07-03T22:05:00+05:30,2026-07-03 22:05:00,23.3,24.1,22.4,0,7.2,29.5,81,0,0,0,28.7,6.6,618.5,95,0,0,27.6,70,29.9,21.6
2026-07-03T22:01:00+05:30,2026-07-03 22:01:00,23.2,24.1,22.4,2.9,9.3,29.5,92,0,0,0,28.7,6.6,618.5,95,0,0,27.7,70,30.1,21.7
2026-07-03T21:55:00+05:30,2026-07-03 21:55:00,23.2,24.1,22.5,8.7,11.1,29.5,98,0,0,0,28.7,6.6,618.5,96,0,0,27.7,70,30.1,21.7
2026-07-03T21:50:00+05:30,2026-07-03 21:50:00,23.1,24,22.6,0,9.3,29.5,88,0,0,0,28.7,6.6,618.5,97,0,0,27.7,70,30.1,21.7
2026-07-03T21:45:00+05:30,2026-07-03 21:45:00,23,23.9,22.7,0,0,29.5,84,0,0,0,28.7,6.6,618.5,98,0,0,27.8,70,30.2,21.8
2026-07-03T21:40:00+05:30,2026-07-03 21:40:00,23,23.9,22.7,0,3.5,29.5,81,0,0,0,28.7,6.6,618.5,98,0,0,27.8,70,30.2,21.8
2026-07-03T21:35:00+05:30,2026-07-03 21:35:00,23.1,24,22.6,3.5,11.1,29.5,77,0,0,0,28.7,6.6,618.5,97,0,0,27.8,70,30.2,21.8
2026-07-03T21:30:00+05:30,2026-07-03 21:30:00,23.2,24.1,22.7,0,9.3,29.5,67,0,0,0,28.7,6.6,618.5,97,0,0,27.8,69,30.1,21.6
2026-07-03T21:25:00+05:30,2026-07-03 21:25:00,23.1,24,22.4,4,11.1,29.5,81,0,0,0,28.7,6.6,618.5,96,0,0,27.8,69,30.1,21.6
2026-07-03T21:20:00+05:30,2026-07-03 21:20:00,23.2,24.1,22.7,2.9,9.3,29.5,71,0,0,0,28.7,6.6,618.5,97,0,0,27.9,69,30.3,21.7
2026-07-03T21:15:00+05:30,2026-07-03 21:15:00,23.1,24,22.6,0.3,5.5,29.5,83,0,0,0,28.7,6.6,618.5,97,0,0,27.9,69,30.3,21.7
2026-07-03T21:10:00+05:30,2026-07-03 21:10:00,23.1,24,22.6,0,9.3,29.5,77,0,0,0,28.7,6.6,618.5,97,0,0,27.9,69,30.3,21.7
2026-07-03T21:05:00+05:30,2026-07-03 21:05:00,23,23.9,22.7,0,5.5,29.5,69,0,0,0,28.7,6.6,618.5,98,0,0,28,69,30.6,21.8
2026-07-03T21:00:00+05:30,2026-07-03 21:00:00,22.9,23.8,22.6,0,0,29.5,90,0,0,0,28.7,6.6,618.5,98,0,0,28,69,30.6,21.8
2026-07-03T20:55:00+05:30,2026-07-03 20:55:00,23,23.9,22.7,0,1.8,29.5,73,0,0,0,28.7,6.6,618.5,98,0,0,28,69,30.6,21.8
2026-07-03T20:50:00+05:30,2026-07-03 20:50:00,23,23.9,22.5,2.9,11.1,29.5,84,0,0,0,28.7,6.6,618.5,97,0,0,28.1,69,30.7,21.9
2026-07-03T20:45:00+05:30,2026-07-03 20:45:00,22.9,23.8,22.4,2.9,7.2,29.5,88,0,0,0,28.7,6.6,618.5,97,0,0,28.2,68,30.8,21.7
2026-07-03T20:41:00+05:30,2026-07-03 20:41:00,22.8,23.6,22.3,0,7.2,29.5,79,0,0,0,28.7,6.6,618.5,97,0,0,28.2,68,30.8,21.7
2026-07-03T20:35:00+05:30,2026-07-03 20:35:00,23,23.9,22.7,0,3.5,29.5,92,0,0,0,28.7,6.6,618.5,98,0,0,28.3,68,30.9,21.8
2026-07-03T20:30:00+05:30,2026-07-03 20:30:00,23.4,24.3,22.7,4.3,11.1,29.5,80,0,0,0,28.7,6.6,618.5,96,0,0,28.3,68,30.9,21.8
2026-07-03T20:25:00+05:30,2026-07-03 20:25:00,23.9,24.7,22.5,7.2,13,29.5,79,0,0,0,28.7,6.6,618.5,92,0,0,28.4,68,31.1,21.9
2026-07-03T20:20:00+05:30,2026-07-03 20:20:00,23.9,24.7,22.5,0,3.5,29.5,69,0,0,0,28.7,6.6,618.5,92,0,0,28.4,68,31.1,21.9
2026-07-03T20:15:00+05:30,2026-07-03 20:15:00,23.8,24.6,22.4,5.5,7.2,29.5,86,0,0,0,28.7,6.6,618.5,92,0,0,28.4,68,31.1,21.9
2026-07-03T20:10:00+05:30,2026-07-03 20:10:00,23.6,24.5,22.4,0,1.8,29.5,73,0,0,0,28.7,6.6,618.5,93,0,0,28.4,68,31.1,21.9
2026-07-03T20:05:00+05:30,2026-07-03 20:05:00,23.6,24.5,22.4,0,1.8,29.5,69,0,0,0,28.7,6.6,618.5,93,0,0,28.5,68,31.3,22
2026-07-03T20:00:00+05:30,2026-07-03 20:00:00,23.6,24.5,22.4,7.2,11.1,29.5,85,0,0,0,28.7,6.6,618.5,93,0,0,28.5,67,31.2,21.8
2026-07-03T19:55:00+05:30,2026-07-03 19:55:00,23.6,24.5,22.4,0,0,29.5,75,0,0,0,28.7,6.6,618.5,93,0,0,28.5,67,31.2,21.8
2026-07-03T19:50:00+05:30,2026-07-03 19:50:00,23.6,24.5,22.4,1.1,5.5,29.5,73,0,0,0,28.7,6.6,618.5,93,0,0,28.6,67,31.4,21.9
2026-07-03T19:45:00+05:30,2026-07-03 19:45:00,23.7,24.6,22.5,0,1.8,29.5,75,0,0,0,28.7,6.6,618.5,93,0,0,28.6,67,31.4,21.9
2026-07-03T19:40:00+05:30,2026-07-03 19:40:00,23.7,24.6,22.5,0,0,29.5,83,0,0,0,28.7,6.6,618.5,93,0,0,28.6,67,31.4,21.9
2026-07-03T19:36:00+05:30,2026-07-03 19:36:00,23.7,24.6,22.5,0,7.2,29.5,69,0,0,0,28.7,6.6,618.5,93,0,0,28.6,67,31.4,21.9
2026-07-03T19:30:00+05:30,2026-07-03 19:30:00,23.8,24.6,22.4,2.1,5.5,29.5,106,0,0,0,28.7,6.6,618.5,92,0,0,28.6,67,31.4,21.9
2026-07-03T19:25:00+05:30,2026-07-03 19:25:00,23.8,24.6,22.4,0,5.5,29.5,73,0,0,0,28.7,6.6,618.5,92,0,0,28.7,67,31.6,22
2026-07-03T19:20:00+05:30,2026-07-03 19:20:00,23.9,24.7,22.5,0,0,29.5,87,0,0,0,28.7,6.6,618.5,92,0,0,28.7,67,31.6,22
2026-07-03T19:15:00+05:30,2026-07-03 19:15:00,23.9,24.7,22.5,0,5.5,29.5,87,0,0,0,28.7,6.6,618.5,92,0,0,28.8,67,31.7,22
2026-07-03T19:10:00+05:30,2026-07-03 19:10:00,24,24.8,22.4,0,0,29.5,62,0,0,0,28.7,6.6,618.5,91,0,0,28.8,67,31.7,22
2026-07-03T19:05:00+05:30,2026-07-03 19:05:00,24.2,25.1,22.5,8.7,11.1,29.5,76,0,0,0,28.7,6.6,618.5,90,0,0,28.8,67,31.7,22
2026-07-03T19:00:00+05:30,2026-07-03 19:00:00,24.3,25.1,22.5,0,0,29.5,90,0,0,0,28.7,6.6,618.5,90,0,0,28.9,67,31.9,22.1
2026-07-03T18:55:00+05:30,2026-07-03 18:55:00,24.5,25.4,22.7,1.4,5.5,29.5,85,0,0,0,28.7,6.6,618.5,90,0,0,28.9,67,31.9,22.1
2026-07-03T18:50:00+05:30,2026-07-03 18:50:00,24.4,25.2,22.6,2.6,7.2,29.5,116,0,0,0,28.7,6.6,618.5,90,0,0,28.9,67,31.9,22.1
2026-07-03T18:45:00+05:30,2026-07-03 18:45:00,24.4,25.3,22.8,0,5.5,29.5,69,0,0,0,28.7,6.6,618.5,91,0,0,28.9,66,31.8,21.9
2026-07-03T18:40:00+05:30,2026-07-03 18:40:00,,,,10.1,13,29.5,91,0,0,0,28.7,6.6,618.5,,0,0.1,28.9,66,31.8,21.9
2026-07-03T18:35:00+05:30,2026-07-03 18:35:00,,,,4,5.5,29.5,88,0,0,0,28.7,6.6,618.5,,0,0.4,29,66,32,22
2026-07-03T18:30:00+05:30,2026-07-03 18:30:00,,,,4.7,5.5,29.5,71,0,0,0,28.7,6.6,618.5,,0,0.4,29,66,32,22
2026-07-03T18:25:00+05:30,2026-07-03 18:25:00,25.2,26.1,22.9,0.6,9.3,29.5,91,0,0,0,28.7,6.6,618.5,87,0,0.6,29,66,32,22
2026-07-03T18:20:00+05:30,2026-07-03 18:20:00,25.2,26,22.7,0,5.5,29.5,73,0,0,0,28.7,6.6,618.5,86,0,1.3,29,66,32,22
2026-07-03T18:15:00+05:30,2026-07-03 18:15:00,25.1,25.9,22.6,0,0,29.5,75,0,0,0,28.7,6.6,618.5,86,0,4,29.1,66,32.2,22.1
2026-07-03T18:10:00+05:30,2026-07-03 18:10:00,25.2,26,22.7,1.4,3.5,29.5,85,0,0,0,28.7,6.6,618.5,86,0,4.9,29.1,65,32.1,21.8
2026-07-03T18:05:00+05:30,2026-07-03 18:05:00,25.3,26.1,22.6,6.4,9.3,29.5,110,0,0,0,28.7,6.6,618.5,85,0,9.3,29.1,65,32.1,21.8
2026-07-03T18:00:00+05:30,2026-07-03 18:00:00,25.4,26.2,22.5,0.3,11.1,29.5,87,0,0,0,28.7,6.6,618.5,84,0,15.3,29.2,65,32.3,21.9
2026-07-03T17:55:00+05:30,2026-07-03 17:55:00,25.4,26.2,22.5,7.2,13,29.5,98,0,0,0,28.7,6.6,618.5,84,0,18,29.2,65,32.3,21.9
2026-07-03T17:50:00+05:30,2026-07-03 17:50:00,25.5,26.3,22.4,6.4,11.1,29.5,84,0,0,0,28.7,6.6,618.5,83,0,29.8,29.2,65,32.3,21.9
2026-07-03T17:45:00+05:30,2026-07-03 17:45:00,25.6,26.4,22.7,7.2,9.3,29.5,121,0,0,0,28.7,6.6,618.5,84,0,34,29.3,65,32.4,22
2026-07-03T17:40:00+05:30,2026-07-03 17:40:00,25.6,26.4,22.7,6.9,11.1,29.5,117,0,0,0,28.7,6.6,618.5,84,0,36.6,29.3,65,32.4,22
2026-07-03T17:35:00+05:30,2026-07-03 17:35:00,25.5,26.3,22.6,1.8,9.3,29.5,65,0,0,0,28.7,6.6,618.5,84,0,38.9,29.4,65,32.6,22.1
2026-07-03T17:30:00+05:30,2026-07-03 17:30:00,25.6,26.4,22.7,7.2,16.6,29.5,88,0,0,0,28.7,6.6,618.5,84,0,52.7,29.4,65,32.6,22.1
2026-07-03T17:25:00+05:30,2026-07-03 17:25:00,25.9,26.7,22.8,6.9,9.3,29.5,106,0,0,0,28.7,6.6,618.5,83,0,59.3,29.5,65,32.8,22.2
2026-07-03T17:20:00+05:30,2026-07-03 17:20:00,26,26.8,22.7,11.1,14.8,29.5,127,0,0,0,28.7,6.6,618.5,82,0,76.6,29.5,66,33.1,22.4
2026-07-03T17:15:00+05:30,2026-07-03 17:15:00,26.6,27.4,23.1,2.1,7.2,29.5,81,0,0,0,28.7,6.6,618.5,81,0,66.9,29.5,66,33.1,22.4
2026-07-03T17:11:00+05:30,2026-07-03 17:11:00,27.2,30.2,23.5,5.5,13,29.5,67,0,0,0,28.7,6.6,618.5,80,0,98.4,29.6,66,33.3,22.6
2026-07-03T17:05:00+05:30,2026-07-03 17:05:00,26.7,29.2,23.2,1.4,9.3,29.5,70,0,0,0,28.7,6.6,618.5,81,1,148.4,29.6,66,33.3,22.6
2026-07-03T17:00:00+05:30,2026-07-03 17:00:00,26.1,27,23.2,1.8,5.5,29.5,68,0,0,0,28.7,6.6,618.5,84,1,181.4,29.6,66,33.3,22.6
2026-07-03T16:55:00+05:30,2026-07-03 16:55:00,26.2,27.1,23.3,4,13,29.5,92,0,0,0,28.7,6.6,618.5,84,0,92.1,29.7,65,33.3,22.4
2026-07-03T16:50:00+05:30,2026-07-03 16:50:00,26.4,27.2,23.1,4.3,13,29.5,85,0,0,0,28.7,6.6,618.5,82,1,125.3,29.7,65,33.3,22.4
2026-07-03T16:45:00+05:30,2026-07-03 16:45:00,26.1,27,23.2,2.9,14.8,29.5,144,0,0,0,28.7,6.6,618.5,84,1,160.2,29.7,65,33.3,22.4
2026-07-03T16:40:00+05:30,2026-07-03 16:40:00,26.8,29.5,23.6,6.4,20.1,29.5,86,0,0,0,28.7,6.6,618.5,83,0,84.6,29.8,65,33.4,22.5
2026-07-03T16:35:00+05:30,2026-07-03 16:35:00,27.3,30.5,23.7,2.1,11.1,29.5,89,0,0,0,28.7,6.6,618.5,81,1,178.3,29.8,65,33.4,22.5
2026-07-03T16:30:00+05:30,2026-07-03 16:30:00,27,29.9,23.7,1.1,11.1,29.5,101,0,0,0,28.7,6.6,618.5,82,1,188.6,29.8,65,33.4,22.5
2026-07-03T16:25:00+05:30,2026-07-03 16:25:00,26.8,29.3,23.2,1.4,13,29.5,40,0,0,0,28.7,6.6,618.5,81,1,185.4,29.9,64,33.4,22.3
2026-07-03T16:20:00+05:30,2026-07-03 16:20:00,26.8,29.3,23,2.1,7.2,29.5,84,0,0,0,28.7,6.6,618.5,80,1,166.3,29.9,64,33.4,22.3
2026-07-03T16:15:00+05:30,2026-07-03 16:15:00,26.9,29.4,22.9,3.5,9.3,29.5,68,0,0,0,28.7,6.6,618.5,79,1,144.9,30,64,33.7,22.4
2026-07-03T16:10:00+05:30,2026-07-03 16:10:00,26.8,29.1,22.6,2.9,7.2,29.5,44,0,0,0,28.7,6.6,618.5,78,1,154.3,30.1,64,33.9,22.6
2026-07-03T16:06:00+05:30,2026-07-03 16:06:00,27,29.6,22.8,5.8,11.1,29.5,85,0,0,0,28.7,6.6,618.5,78,0,93.7,30.1,64,33.9,22.6
2026-07-03T16:00:00+05:30,2026-07-03 16:00:00,27.6,31,23.6,9.7,14.8,29.5,68,0,0,0,28.7,6.6,618.5,79,0,88.3,30.2,64,34.1,22.7
2026-07-03T15:55:00+05:30,2026-07-03 15:55:00,28,31.5,23.4,6.1,11.1,29.5,95,0,0,0,28.7,6.6,618.5,76,0,52.2,30.1,64,33.9,22.6
2026-07-03T15:50:00+05:30,2026-07-03 15:50:00,28,31.4,23.1,4,13,29.5,90,0,0,0,28.7,6.6,618.5,75,1,186.8,30.2,64,34.1,22.7
2026-07-03T15:45:00+05:30,2026-07-03 15:45:00,28.6,32.8,23.7,7.9,16.6,29.5,98,0,0,0,28.7,6.6,618.5,75,1,178,30.2,64,34.1,22.7
2026-07-03T15:40:00+05:30,2026-07-03 15:40:00,28.8,33,23.7,2.6,11.1,29.5,92,0,0,0,28.7,6.6,618.5,74,3,312.9,30.1,64,33.9,22.6
2026-07-03T15:35:00+05:30,2026-07-03 15:35:00,28.9,32.9,23.3,5.5,11.1,29.5,106,0,0,0,28.7,6.6,618.5,72,1,202,30.1,63,33.7,22.3
2026-07-03T15:30:00+05:30,2026-07-03 15:30:00,29.1,33.2,23.3,0.3,3.5,29.5,92,0,0,0,28.7,6.6,618.5,71,3,311,30.1,63,33.7,22.3
2026-07-03T15:25:00+05:30,2026-07-03 15:25:00,29,32.7,23,2.1,13,29.5,189,0,0,0,28.7,6.6,618.5,70,2,254.4,30.1,63,33.7,22.3
2026-07-03T15:20:00+05:30,2026-07-03 15:20:00,29.4,33.2,22.9,5.5,13,29.5,83,0,0,0,28.7,6.6,618.5,68,3,323.6,30.1,63,33.7,22.3
2026-07-03T15:15:00+05:30,2026-07-03 15:15:00,29.6,33.9,23.3,5.5,11.1,29.5,134,0,0,0,28.7,6.6,618.5,69,3,383.9,30.1,63,33.7,22.3
2026-07-03T15:10:00+05:30,2026-07-03 15:10:00,29.6,33.7,23.1,0.3,9.3,29.5,113,0,0,0,28.7,6.6,618.5,68,3,348.2,30,63,33.4,22.2
2026-07-03T15:05:00+05:30,2026-07-03 15:05:00,29.8,33.8,23,0.3,14.8,29.5,80,0,0,0,28.7,6.6,618.5,67,3,394.5,30,63,33.4,22.2
2026-07-03T15:01:00+05:30,2026-07-03 15:01:00,29.5,33.2,22.7,0.6,5.5,29.5,76,0,0,0,28.7,6.6,618.5,67,3,312.7,30,64,33.7,22.4
2026-07-03T14:55:00+05:30,2026-07-03 14:55:00,29.5,33.4,23,2.6,5.5,29.5,70,0,0,0,28.7,6.6,618.5,68,5,574.3,30,64,33.7,22.4
2026-07-03T14:50:00+05:30,2026-07-03 14:50:00,29.1,33.2,23.3,2.9,14.8,29.5,26,0,0,0,28.7,6.6,618.5,71,6,620.8,30,64,33.7,22.4
2026-07-03T14:45:00+05:30,2026-07-03 14:45:00,29.5,33.9,23.4,0,9.3,29.5,62,0,0,0,28.7,6.6,618.5,70,1,147.1,30,65,33.9,22.7
2026-07-03T14:40:00+05:30,2026-07-03 14:40:00,29.4,33.6,23.3,1.1,5.5,29.5,64,0,0,0,28.7,6.6,618.5,70,5,609.1,30,65,33.9,22.7
2026-07-03T14:35:00+05:30,2026-07-03 14:35:00,28.5,32.5,23.6,9.3,18.3,29.5,115,0,0,0,28.7,6.6,618.5,75,6,686.1,30,65,33.9,22.7
2026-07-03T14:30:00+05:30,2026-07-03 14:30:00,28.7,32.8,23.6,9.3,14.8,29.5,43,0,0,0,28.7,6.6,618.5,74,1,166.3,30,64,33.7,22.4
2026-07-03T14:25:00+05:30,2026-07-03 14:25:00,29.6,34.3,23.8,3.5,18.3,29.5,84,0,0,0,28.7,6.6,618.5,71,1,120.1,30,64,33.7,22.4
2026-07-03T14:20:00+05:30,2026-07-03 14:20:00,29.6,34.1,23.5,2.1,16.6,29.5,124,0,0,0,28.7,6.6,618.5,70,5,603.9,30,64,33.7,22.4
2026-07-03T14:15:00+05:30,2026-07-03 14:15:00,30.6,35.8,23.8,7.2,13,25.6,75,0,0,0,28.7,6.6,618.5,67,6,685.2,29.9,64,33.4,22.3
2026-07-03T14:10:00+05:30,2026-07-03 14:10:00,30.5,35.8,23.9,1.4,13,25.6,56,0,0,0,28.7,6.6,618.5,68,7,749.8,29.9,64,33.4,22.3
2026-07-03T14:05:00+05:30,2026-07-03 14:05:00,30.2,34.6,23.1,2.1,5.5,25.6,80,0,0,0,28.7,6.6,618.5,66,6,685.7,29.9,64,33.4,22.3
2026-07-03T14:00:00+05:30,2026-07-03 14:00:00,29.8,34.1,23.2,3.5,14.8,25.6,84,0,0,0,28.7,6.6,618.5,68,6,717.4,29.8,63,33,21.9
2026-07-03T13:56:00+05:30,2026-07-03 13:56:00,30.4,34.7,23.1,0.3,9.3,25.6,65,0,0,0,28.7,6.6,618.5,65,7,735,29.8,64,33.2,22.2
2026-07-03T13:50:00+05:30,2026-07-03 13:50:00,30.3,35,23.5,14,18.3,25.6,112,0,0,0,28.7,6.6,618.5,67,6,703.4,29.8,65,33.4,22.5
2026-07-03T13:45:00+05:30,2026-07-03 13:45:00,30,34.8,23.7,4,13,23.8,17,0,0,0,28.7,6.6,618.5,69,7,779.1,29.7,65,33.3,22.4
2026-07-03T13:40:00+05:30,2026-07-03 13:40:00,30.1,35.1,23.8,4,11.1,23.8,81,0,0,0,28.7,6.6,618.5,69,7,755,29.6,65,33.1,22.3
2026-07-03T13:35:00+05:30,2026-07-03 13:35:00,30.4,35.5,23.8,14.8,20.1,23.8,103,0,0,0,28.7,6.6,618.5,68,7,769.9,29.5,66,33.1,22.4
2026-07-03T13:30:00+05:30,2026-07-03 13:30:00,29.7,34.1,23.4,0,9.3,23.8,87,0,0,0,28.7,6.6,618.5,69,7,784.5,29.5,65,32.8,22.2
2026-07-03T13:25:00+05:30,2026-07-03 13:25:00,30,34.8,23.7,7.2,18.3,23.8,85,0,0,0,28.7,6.6,618.5,69,8,837.8,29.4,67,33,22.6
2026-07-03T13:20:00+05:30,2026-07-03 13:20:00,30.2,35.3,23.9,8.7,18.3,23.8,88,0,0,0,28.7,6.6,618.5,69,7,815.5,29.4,67,33,22.6
2026-07-03T13:15:00+05:30,2026-07-03 13:15:00,30.1,35.6,24.3,0,11.1,23.8,70,0,0,0,28.7,6.6,618.5,71,7,799.1,29.3,67,32.8,22.5
2026-07-03T13:10:00+05:30,2026-07-03 13:10:00,29.6,34.6,24,7.9,21.9,23.8,88,0,0,0,28.7,6.6,618.5,72,6,701.9,29.2,67,32.7,22.4
2026-07-03T13:05:00+05:30,2026-07-03 13:05:00,29.5,34.1,23.7,6.1,13,23.8,78,0,0,0,28.7,6.6,618.5,71,8,881.6,29.2,67,32.7,22.4
2026-07-03T13:00:00+05:30,2026-07-03 13:00:00,29.9,35,24,10.5,20.1,23.8,72,0,0,0,28.7,6.6,618.5,71,8,885.2,29.1,68,32.6,22.6
2026-07-03T12:55:00+05:30,2026-07-03 12:55:00,29.2,33.8,23.9,0.3,13,23.8,65,0,0,0,28.7,6.6,618.5,73,8,837.1,29.1,67,32.4,22.3
2026-07-03T12:50:00+05:30,2026-07-03 12:50:00,29.2,33.8,23.9,2.9,5.5,23.8,69,0,0,0,28.7,6.6,618.5,73,7,730.8,29,68,32.4,22.5
2026-07-03T12:45:00+05:30,2026-07-03 12:45:00,29,33.3,23.7,0.6,11.1,23.8,103,0,0,0,28.7,6.6,618.5,73,7,800.8,29,68,32.4,22.5
2026-07-03T12:40:00+05:30,2026-07-03 12:40:00,29.2,33.6,23.6,7.6,11.1,21.9,99,0,0,0,28.7,6.6,618.5,72,3,350.2,28.9,68,32.1,22.4
2026-07-03T12:35:00+05:30,2026-07-03 12:35:00,29.2,33.8,23.9,2.9,9.3,21.9,118,0,0,0,28.7,6.6,618.5,73,8,879.7,28.8,69,32.1,22.5
2026-07-03T12:30:00+05:30,2026-07-03 12:30:00,29.1,33.8,24,1.8,14.8,21.9,67,0,0,0,28.7,6.6,618.5,74,4,499,28.8,69,32.1,22.5
2026-07-03T12:25:00+05:30,2026-07-03 12:25:00,28.8,33,23.7,9,16.6,21.9,103,0,0,0,28.7,6.6,618.5,74,3,347.5,28.7,69,31.9,22.4
2026-07-03T12:20:00+05:30,2026-07-03 12:20:00,28.2,32,23.6,4.3,9.3,21.9,138,0,0,0,28.7,6.6,618.5,76,3,344.2,28.6,70,31.9,22.6
2026-07-03T12:15:00+05:30,2026-07-03 12:15:00,28,31.9,24,4.3,9.3,21.9,89,0,0,0,28.7,6.6,618.5,79,3,333.5,28.6,70,31.9,22.6
2026-07-03T12:10:00+05:30,2026-07-03 12:10:00,27.9,31.5,23.7,0.3,11.1,21.9,50,0,0,0,28.7,6.6,618.5,78,2,206.3,28.6,70,31.9,22.6
2026-07-03T12:05:00+05:30,2026-07-03 12:05:00,28.2,32.2,23.8,0,11.1,21.9,62,0,0,0,28.7,6.6,618.5,77,2,253.1,28.6,70,31.9,22.6
2026-07-03T12:00:00+05:30,2026-07-03 12:00:00,28,31.8,23.8,5.5,11.1,21.9,58,0,0,0,28.7,6.6,618.5,78,5,540,28.5,70,31.7,22.5
2026-07-03T11:55:00+05:30,2026-07-03 11:55:00,27.8,31.3,23.6,0,13,21.9,60,0,0,0,28.7,6.6,618.5,78,3,321.2,28.4,70,31.4,22.4
2026-07-03T11:50:00+05:30,2026-07-03 11:50:00,27.4,30.7,23.8,0.6,11.1,21.9,51,0,0,0,28.7,6.6,618.5,81,3,374.7,28.4,70,31.4,22.4
2026-07-03T11:45:00+05:30,2026-07-03 11:45:00,27.4,30.6,23.6,3.2,5.5,21.9,90,0,0,0,28.7,6.6,618.5,80,4,415.4,28.4,70,31.4,22.4
2026-07-03T11:40:00+05:30,2026-07-03 11:40:00,27.2,30.3,23.7,0.6,7.2,21.9,54,0,0,0,28.7,6.6,618.5,81,2,274.2,28.3,70,31.2,22.3
2026-07-03T11:35:00+05:30,2026-07-03 11:35:00,27.2,30.3,23.7,8.2,13,21.9,100,0,0,0,28.7,6.6,618.5,81,3,308.2,28.3,70,31.2,22.3
2026-07-03T11:31:00+05:30,2026-07-03 11:31:00,26.9,29.6,23.3,4,9.3,21.9,107,0,0,0,28.7,6.6,618.5,81,3,316.6,28.3,70,31.2,22.3
2026-07-03T11:25:00+05:30,2026-07-03 11:25:00,26.8,29.3,23.2,5,11.1,21.9,144,0,0,0,28.7,6.6,618.5,81,9,943.2,28.2,69,30.9,22
2026-07-03T11:20:00+05:30,2026-07-03 11:20:00,27.3,30.1,23.1,5,9.3,21.9,104,0,0,0,28.7,6.6,618.5,78,2,220.7,28.1,69,30.7,21.9
2026-07-03T11:15:00+05:30,2026-07-03 11:15:00,27.9,31.3,23.3,2.9,5.5,21.9,93,0,0,0,28.7,6.6,618.5,76,8,845.4,28,69,30.6,21.8
2026-07-03T11:10:00+05:30,2026-07-03 11:10:00,27.3,30,22.9,6.1,9.3,21.9,68,0,0,0,28.7,6.6,618.5,77,6,628.5,28,68,30.4,21.6
2026-07-03T11:05:00+05:30,2026-07-03 11:05:00,27.3,29.9,22.7,2.6,7.2,21.9,116,0,0,0,28.7,6.6,618.5,76,2,225.7,27.9,68,30.2,21.4
2026-07-03T11:00:00+05:30,2026-07-03 11:00:00,27.1,29.6,22.5,0.3,5.5,21.9,100,0,0,0,28.7,6.6,618.5,76,2,221.3,27.9,68,30.2,21.4
2026-07-03T10:55:00+05:30,2026-07-03 10:55:00,27.1,29.6,22.5,2.1,11.1,21.9,50,0,0,0,28.7,6.6,618.5,76,1,154.4,27.9,68,30.2,21.4
2026-07-03T10:50:00+05:30,2026-07-03 10:50:00,27.5,30.3,22.7,1.8,11.1,21.9,86,0,0,0,28.7,6.6,618.5,75,1,117.7,27.9,68,30.2,21.4
2026-07-03T10:45:00+05:30,2026-07-03 10:45:00,28.2,31.7,23.1,3.2,7.2,21.9,115,0,0,0,28.7,6.6,618.5,74,2,228.8,27.9,69,30.3,21.7
2026-07-03T10:40:00+05:30,2026-07-03 10:40:00,28.2,31.5,22.9,0,1.8,21.9,76,0,0,0,28.7,6.6,618.5,73,2,284.1,27.9,69,30.3,21.7
2026-07-03T10:35:00+05:30,2026-07-03 10:35:00,27.8,30.9,22.9,3.5,7.2,21.9,110,0,0,0,28.7,6.6,618.5,75,8,835.6,27.8,69,30.1,21.6
2026-07-03T10:30:00+05:30,2026-07-03 10:30:00,28.2,31.7,23.1,2.1,9.3,21.9,76,0,0,0,28.7,6.6,618.5,74,1,169,27.8,70,30.2,21.8
2026-07-03T10:26:00+05:30,2026-07-03 10:26:00,27.6,30.6,23,9,16.6,21.9,158,0,0,0,28.7,6.6,618.5,76,8,848.7,27.7,70,30.1,21.7
2026-07-03T10:20:00+05:30,2026-07-03 10:20:00,27.4,30.3,23,4,9.3,21.9,73,0,0,0,28.7,6.6,618.5,77,5,518.7,27.7,70,30.1,21.7
2026-07-03T10:15:00+05:30,2026-07-03 10:15:00,27.6,30.8,23.2,0,11.1,21.9,105,0,0,0,28.7,6.6,618.5,77,2,237.8,27.7,70,30.1,21.7
2026-07-03T10:10:00+05:30,2026-07-03 10:10:00,28,31.4,23.1,3.2,9.3,20.1,105,0,0,0,28.7,6.6,618.5,75,2,272.1,27.6,70,29.9,21.6
2026-07-03T10:05:00+05:30,2026-07-03 10:05:00,28,31.4,23.1,6.1,11.1,20.1,81,0,0,0,28.7,6.6,618.5,75,5,526.1,27.6,71,30.1,21.9
2026-07-03T10:00:00+05:30,2026-07-03 10:00:00,27.2,30,23,0,9.3,20.1,72,0,0,0,28.7,6.6,618.5,78,7,757.1,27.5,71,29.8,21.8
2026-07-03T09:55:00+05:30,2026-07-03 09:55:00,27.3,30.1,23.1,1.1,14.8,20.1,70,0,0,0,28.7,6.6,618.5,78,6,619.7,27.5,70,29.7,21.5
2026-07-03T09:50:00+05:30,2026-07-03 09:50:00,27,29.6,23,0,11.1,20.1,55,0,0,0,28.7,6.6,618.5,79,7,748.1,27.4,71,29.6,21.7
2026-07-03T09:45:00+05:30,2026-07-03 09:45:00,27.4,30.4,23.2,3.5,11.1,20.1,78,0,0,0,28.7,6.6,618.5,78,2,271.4,27.4,71,29.6,21.7
2026-07-03T09:40:00+05:30,2026-07-03 09:40:00,27.2,30,23,7.9,13,20.1,92,0,0,0,28.7,6.6,618.5,78,6,689.8,27.3,71,29.4,21.6
2026-07-03T09:35:00+05:30,2026-07-03 09:35:00,27.2,30.1,23.3,5.5,11.1,20.1,71,0,0,0,28.7,6.6,618.5,79,6,699.4,27.3,71,29.4,21.6
2026-07-03T09:30:00+05:30,2026-07-03 09:30:00,27.2,30,23,4,9.3,20.1,179,0,0,0,28.7,6.6,618.5,78,6,669.4,27.3,71,29.4,21.6
2026-07-03T09:25:00+05:30,2026-07-03 09:25:00,27.2,30,23,3.5,14.8,20.1,92,0,0,0,28.7,6.6,618.5,78,6,666.2,27.2,71,29.3,21.5
2026-07-03T09:21:00+05:30,2026-07-03 09:21:00,26.9,29.3,22.7,0.3,5.5,20.1,79,0,0,0,28.7,6.6,618.5,78,6,652.6,27.2,71,29.3,21.5
2026-07-03T09:15:00+05:30,2026-07-03 09:15:00,26.5,27.3,22.8,1.4,16.6,20.1,78,0,0,0,28.7,6.6,618.5,80,3,392.6,27.2,71,29.3,21.5
2026-07-03T09:13:00+05:30,2026-07-03 09:13:00,26.3,27,22.3,12.2,20.1,20.1,89,0,0,0,28.7,6.6,618.5,79,6,621.8,27.1,72,29.2,21.6
2026-07-03T08:40:00+05:30,2026-07-03 08:40:00,26.4,27.2,22.9,4.7,7.2,20.1,56,0,0,0,28.7,6.6,618.5,81,0,99.9,26.9,72,28.8,21.4
2026-07-03T08:36:00+05:30,2026-07-03 08:36:00,26.3,27.1,23.2,0,3.5,20.1,76,0,0,0,28.7,6.6,618.5,83,1,148.1,26.8,72,28.6,21.3
2026-07-03T08:30:00+05:30,2026-07-03 08:30:00,26.5,27.3,23,6.1,13,20.1,96,0,0,0,28.7,6.6,618.5,81,5,559.5,26.7,72,28.6,21.2
2026-07-03T08:25:00+05:30,2026-07-03 08:25:00,26.4,27.2,23.1,6.4,7.2,20.1,94,0,0,0,28.7,6.6,618.5,82,4,464.4,26.7,72,28.6,21.2
2026-07-03T08:20:00+05:30,2026-07-03 08:20:00,26,26.8,22.7,3.2,20.1,20.1,64,0,0,0,28.7,6.6,618.5,82,1,120.3,26.6,71,27.2,20.9
2026-07-03T08:15:00+05:30,2026-07-03 08:15:00,26.2,27,22.9,7.9,13,14.8,81,0,0,0,28.7,6.6,618.5,82,4,483.1,26.6,71,27.2,20.9
2026-07-03T08:10:00+05:30,2026-07-03 08:10:00,26,26.8,22.9,7.9,13,14.8,94,0,0,0,28.7,6.6,618.5,83,4,425.9,26.6,71,27.2,20.9
2026-07-03T08:05:00+05:30,2026-07-03 08:05:00,25.9,26.7,23,1.1,11.1,14.8,72,0,0,0,28.7,6.6,618.5,84,3,368.6,26.5,71,27.1,20.8
2026-07-03T08:00:00+05:30,2026-07-03 08:00:00,25.4,26.2,22.7,4.7,9.3,14.8,57,0,0,0,28.7,6.6,618.5,85,3,343.4,26.5,71,27.1,20.8
2026-07-03T07:55:00+05:30,2026-07-03 07:55:00,25.6,26.4,22.9,2.9,7.2,14.8,91,0,0,0,28.7,6.6,618.5,85,3,328.1,26.5,71,27.1,20.8
2026-07-03T07:50:00+05:30,2026-07-03 07:50:00,25.6,26.4,22.9,1.8,5.5,13,68,0,0,0,28.7,6.6,618.5,85,2,306.8,26.4,71,26.9,20.7
2026-07-03T07:45:00+05:30,2026-07-03 07:45:00,25.2,26,22.5,0,1.8,13,91,0,0,0,28.7,6.6,618.5,85,2,290.6,26.4,71,26.9,20.7
2026-07-03T07:40:00+05:30,2026-07-03 07:40:00,24.6,25.4,22.3,2.1,9.3,13,105,0,0,0,28.7,6.6,618.5,87,3,308.2,26.4,71,26.9,20.7
2026-07-03T07:35:00+05:30,2026-07-03 07:35:00,24.3,25.1,22.2,8.7,13,13,100,0,0,0,28.7,6.6,618.5,88,0,90.7,26.4,71,26.9,20.7
2026-07-03T07:30:00+05:30,2026-07-03 07:30:00,24.1,24.9,22,0,7.2,13,82,0,0,0,28.7,6.6,618.5,88,0,82.3,26.4,71,26.9,20.7
2026-07-03T07:25:00+05:30,2026-07-03 07:25:00,24.1,24.9,22,2.1,9.3,13,76,0,0,0,28.7,6.6,618.5,88,0,62,26.4,71,26.9,20.7
2026-07-03T07:20:00+05:30,2026-07-03 07:20:00,24.2,25,22.1,2.9,9.3,13,80,0,0,0,28.7,6.6,618.5,88,0,55,26.4,71,26.9,20.7
2026-07-03T07:16:00+05:30,2026-07-03 07:16:00,24.3,25.1,22.2,0.3,7.2,13,81,0,0,0,28.7,6.6,618.5,88,0,51.5,26.5,70,27.1,20.6
2026-07-03T07:10:00+05:30,2026-07-03 07:10:00,24.4,25.2,22.1,0,0,13,63,0,0,0,28.7,6.6,618.5,87,1,116.1,26.4,70,26.9,20.4
2026-07-03T07:05:00+05:30,2026-07-03 07:05:00,24.5,25.3,22.2,4.7,9.3,13,88,0,0,0,28.7,6.6,618.5,87,0,72.6,26.4,70,26.9,20.4
2026-07-03T07:00:00+05:30,2026-07-03 07:00:00,24.6,25.4,22.1,2.1,9.3,13,69,0,0,0,28.7,6.6,618.5,86,0,73,26.4,70,26.9,20.4
2026-07-03T06:55:00+05:30,2026-07-03 06:55:00,24.1,24.9,22,0,3.5,13,77,0,0,0,28.7,6.6,618.5,88,1,146.3,26.4,70,26.9,20.4
2026-07-03T06:50:00+05:30,2026-07-03 06:50:00,23.8,24.5,21.9,0,7.2,13,84,0,0,0,28.7,6.6,618.5,89,0,100.2,26.4,70,26.9,20.4
2026-07-03T06:45:00+05:30,2026-07-03 06:45:00,23.7,24.5,21.8,0,5.5,13,70,0,0,0,28.7,6.6,618.5,89,0,31.4,26.4,70,26.9,20.4
2026-07-03T06:40:00+05:30,2026-07-03 06:40:00,23.8,24.5,21.9,0,0,13,90,0,0,0,28.7,6.6,618.5,89,0,27.9,26.4,70,26.9,20.4
2026-07-03T06:35:00+05:30,2026-07-03 06:35:00,23.7,24.5,21.8,1.4,9.3,13,72,0,0,0,28.7,6.6,618.5,89,0,30.8,26.4,70,26.9,20.4
2026-07-03T06:30:00+05:30,2026-07-03 06:30:00,23.5,24.3,21.8,0.6,3.5,13,74,0,0,0,28.7,6.6,618.5,90,0,42.3,26.4,70,26.9,20.4
2026-07-03T06:25:00+05:30,2026-07-03 06:25:00,23.3,24,21.5,0.3,7.2,13,78,0,0,0,28.7,6.6,618.5,90,0,29.8,26.4,70,26.9,20.4
2026-07-03T06:20:00+05:30,2026-07-03 06:20:00,23.2,24,21.7,2.6,9.3,13,65,0,0,0,28.7,6.6,618.5,91,0,22,26.4,70,26.9,20.4
2026-07-03T06:15:00+05:30,2026-07-03 06:15:00,23.2,24,21.7,3.5,7.2,13,92,0,0,0,28.7,6.6,618.5,91,0,16.3,26.4,70,26.9,20.4
2026-07-03T06:11:00+05:30,2026-07-03 06:11:00,23.2,24,21.7,0,5.5,13,64,0,0,0,28.7,6.6,618.5,91,0,12.9,26.4,70,26.9,20.4
2026-07-03T06:05:00+05:30,2026-07-03 06:05:00,23.2,24,21.5,1.4,5.5,13,78,0,0,0,28.7,6.6,618.5,90,0,8.4,26.4,70,26.9,20.4
2026-07-03T06:00:00+05:30,2026-07-03 06:00:00,23.1,23.9,21.6,1.4,3.5,13,80,0,0,0,28.7,6.6,618.5,91,0,4.7,26.4,70,26.9,20.4
2026-07-03T05:55:00+05:30,2026-07-03 05:55:00,23.1,23.9,21.6,2.1,5.5,13,87,0,0,0,28.7,6.6,618.5,91,0,2.1,26.4,70,26.9,20.4
2026-07-03T05:50:00+05:30,2026-07-03 05:50:00,23.1,23.9,21.6,0,5.5,13,63,0,0,0,28.7,6.6,618.5,91,0,1,26.4,69,26.9,20.2
2026-07-03T05:45:00+05:30,2026-07-03 05:45:00,23.3,24,21.5,0,0,13,65,0,0,0,28.7,6.6,618.5,90,0,0.4,26.5,69,27,20.3
2026-07-03T05:40:00+05:30,2026-07-03 05:40:00,23.2,24,21.5,0,3.5,13,78,0,0,0,28.7,6.6,618.5,90,0,0.1,26.4,69,26.9,20.2
2026-07-03T05:35:00+05:30,2026-07-03 05:35:00,23.3,24,21.5,0,5.5,13,66,0,0,0,28.7,6.6,618.5,90,0,0,26.5,69,27,20.3
2026-07-03T05:30:00+05:30,2026-07-03 05:30:00,23.4,24.1,21.5,0,9.3,13,70,0,0,0,28.7,6.6,618.5,89,0,0,26.5,69,27,20.3
2026-07-03T05:25:00+05:30,2026-07-03 05:25:00,23.3,24,21.5,0.6,3.5,13,87,0,0,0,28.7,6.6,618.5,90,0,0,26.5,69,27,20.3
2026-07-03T05:20:00+05:30,2026-07-03 05:20:00,23.3,24,21.5,2.6,5.5,13,99,0,0,0,28.7,6.6,618.5,90,0,0,26.5,69,27,20.3
2026-07-03T05:15:00+05:30,2026-07-03 05:15:00,23.3,24,21.5,4,5.5,13,98,0,0,0,28.7,6.6,618.5,90,0,0,26.5,69,27,20.3
2026-07-03T05:10:00+05:30,2026-07-03 05:10:00,23.3,24,21.5,0.3,7.2,13,83,0,0,0,28.7,6.6,618.5,90,0,0,26.5,69,27,20.3
2026-07-03T05:06:00+05:30,2026-07-03 05:06:00,23.2,24,21.5,4.3,9.3,13,101,0,0,0,28.7,6.6,618.5,90,0,0,26.6,69,27.1,20.4
2026-07-03T05:00:00+05:30,2026-07-03 05:00:00,23.2,24,21.5,1.1,5.5,13,102,0,0,0,28.7,6.6,618.5,90,0,0,26.6,69,27.1,20.4
2026-07-03T04:55:00+05:30,2026-07-03 04:55:00,23.2,24,21.5,0,7.2,13,71,0,0,0,28.7,6.6,618.5,90,0,0,26.6,69,27.1,20.4
2026-07-03T04:50:00+05:30,2026-07-03 04:50:00,23.2,24,21.5,0,3.5,13,68,0,0,0,28.7,6.6,618.5,90,0,0,26.6,69,27.1,20.4
2026-07-03T04:45:00+05:30,2026-07-03 04:45:00,23.2,24,21.5,2.1,9.3,13,77,0,0,0,28.7,6.6,618.5,90,0,0,26.6,69,27.1,20.4
2026-07-03T04:40:00+05:30,2026-07-03 04:40:00,23.3,24,21.4,0,0,13,62,0,0,0,28.7,6.6,618.5,89,0,0,26.6,69,27.1,20.4
2026-07-03T04:35:00+05:30,2026-07-03 04:35:00,23.3,24,21.4,0,0,13,68,0,0,0,28.7,6.6,618.5,89,0,0,26.6,69,27.1,20.4
2026-07-03T04:30:00+05:30,2026-07-03 04:30:00,23.4,24.1,21.5,0.6,3.5,13,87,0,0,0,28.7,6.6,618.5,89,0,0,26.6,69,27.1,20.4
2026-07-03T04:25:00+05:30,2026-07-03 04:25:00,23.4,24.1,21.5,0,7.2,13,74,0,0,0,28.7,6.6,618.5,89,0,0,26.6,69,27.1,20.4
2026-07-03T04:20:00+05:30,2026-07-03 04:20:00,23.4,24.1,21.5,6.1,7.2,13,99,0,0,0,28.7,6.6,618.5,89,0,0,26.7,69,28.3,20.6
2026-07-03T04:15:00+05:30,2026-07-03 04:15:00,23.4,24.1,21.5,4.7,7.2,13,99,0,0,0,28.7,6.6,618.5,89,0,0,26.7,69,28.3,20.6
2026-07-03T04:10:00+05:30,2026-07-03 04:10:00,23.4,24.1,21.3,3.5,7.2,13,70,0,0,0,28.7,6.6,618.5,88,0,0,26.7,69,28.3,20.6
2026-07-03T04:05:00+05:30,2026-07-03 04:05:00,23.5,24.2,21.6,4.7,9.3,13,87,0,0,0,28.7,6.6,618.5,89,0,0,26.7,69,28.3,20.6
2026-07-03T04:00:00+05:30,2026-07-03 04:00:00,23.5,24.2,21.6,2.9,9.3,13,99,0,0,0,28.7,6.6,618.5,89,0,0,26.7,68,28.3,20.3
2026-07-03T03:55:00+05:30,2026-07-03 03:55:00,23.6,24.3,21.5,4,7.2,13,91,0,0,0,28.7,6.6,618.5,88,0,0,26.7,68,28.3,20.3
2026-07-03T03:50:00+05:30,2026-07-03 03:50:00,23.5,24.2,21.4,0,3.5,13,72,0,0,0,28.7,6.6,618.5,88,0,0,26.8,68,28.3,20.4
2026-07-03T03:46:00+05:30,2026-07-03 03:46:00,23.5,24.2,21.4,2.1,7.2,13,69,0,0,0,28.7,6.6,618.5,88,0,0,26.8,68,28.3,20.4
2026-07-03T03:40:00+05:30,2026-07-03 03:40:00,23.5,24.2,21.4,2.1,5.5,13,68,0,0,0,28.7,6.6,618.5,88,0,0,26.8,68,28.3,20.4
2026-07-03T03:35:00+05:30,2026-07-03 03:35:00,23.5,24.2,21.4,0,5.5,13,64,0,0,0,28.7,6.6,618.5,88,0,0,26.8,68,28.3,20.4
2026-07-03T03:30:00+05:30,2026-07-03 03:30:00,23.4,24.1,21.5,0,3.5,13,67,0,0,0,28.7,6.6,618.5,89,0,0,26.8,68,28.3,20.4
2026-07-03T03:25:00+05:30,2026-07-03 03:25:00,23.4,24.1,21.5,1.1,3.5,13,94,0,0,0,28.7,6.6,618.5,89,0,0,26.8,68,28.3,20.4
2026-07-03T03:20:00+05:30,2026-07-03 03:20:00,23.3,24,21.4,0,0,13,102,0,0,0,28.7,6.6,618.5,89,0,0,26.8,68,28.3,20.4
2026-07-03T03:15:00+05:30,2026-07-03 03:15:00,23.3,24,21.4,0,7.2,13,73,0,0,0,28.7,6.6,618.5,89,0,0,26.9,68,28.5,20.4
2026-07-03T03:10:00+05:30,2026-07-03 03:10:00,23.3,24,21.5,0,3.5,13,72,0,0,0,28.7,6.6,618.5,90,0,0,26.9,68,28.5,20.4
2026-07-03T03:05:00+05:30,2026-07-03 03:05:00,23.3,24,21.5,0,3.5,13,66,0,0,0,28.7,6.6,618.5,90,0,0,26.9,68,28.5,20.4
2026-07-03T03:00:00+05:30,2026-07-03 03:00:00,23.3,24,21.5,0,9.3,13,81,0,0,0,28.7,6.6,618.5,90,0,0,26.9,68,28.5,20.4
2026-07-03T02:55:00+05:30,2026-07-03 02:55:00,23.3,24,21.5,0.3,7.2,13,78,0,0,0,28.7,6.6,618.5,90,0,0,26.9,68,28.5,20.4
2026-07-03T02:50:00+05:30,2026-07-03 02:50:00,23.4,24.1,21.7,1.8,9.3,13,72,0,0,0,28.7,6.6,618.5,90,0,0,26.9,68,28.5,20.4
2026-07-03T02:45:00+05:30,2026-07-03 02:45:00,23.4,24.1,21.7,0,3.5,13,76,0,0,0,28.7,6.6,618.5,90,0,0,26.9,68,28.5,20.4
2026-07-03T02:41:00+05:30,2026-07-03 02:41:00,23.5,24.3,21.8,4.3,11.1,13,79,0,0,0,28.7,6.6,618.5,90,0,0,27,68,28.7,20.6
2026-07-03T02:35:00+05:30,2026-07-03 02:35:00,23.4,24.1,21.7,7.2,11.1,13,115,0,0,0,28.7,6.6,618.5,90,0,0,27,68,28.7,20.6
2026-07-03T02:30:00+05:30,2026-07-03 02:30:00,23.5,24.3,21.8,2.1,9.3,13,87,0,0,0,28.7,6.6,618.5,90,0,0,27,68,28.7,20.6
2026-07-03T02:25:00+05:30,2026-07-03 02:25:00,23.5,24.3,21.8,0.3,3.5,13,75,0,0,0,28.7,6.6,618.5,90,0,0,27,68,28.7,20.6
2026-07-03T02:20:00+05:30,2026-07-03 02:20:00,23.5,24.2,21.6,5,5.5,13,104,0,0,0,28.7,6.6,618.5,89,0,0,27,68,28.7,20.6
2026-07-03T02:15:00+05:30,2026-07-03 02:15:00,23.5,24.2,21.6,3.2,9.3,13,77,0,0,0,28.7,6.6,618.5,89,0,0,27,68,28.7,20.6
2026-07-03T02:10:00+05:30,2026-07-03 02:10:00,23.6,24.4,21.7,2.1,5.5,13,66,0,0,0,28.7,6.6,618.5,89,0,0,27.1,68,28.9,20.7
2026-07-03T02:05:00+05:30,2026-07-03 02:05:00,23.6,24.3,21.5,3.5,7.2,13,59,0,0,0,28.7,6.6,618.5,88,0,0,27.1,67,28.8,20.4
2026-07-03T02:00:00+05:30,2026-07-03 02:00:00,23.5,24.2,21.6,0,7.2,13,68,0,0,0,28.7,6.6,618.5,89,0,0,27.1,67,28.8,20.4
2026-07-03T01:55:00+05:30,2026-07-03 01:55:00,23.5,24.2,21.6,2.9,7.2,13,90,0,0,0,28.7,6.6,618.5,89,0,0,27.1,67,28.8,20.4
2026-07-03T01:50:00+05:30,2026-07-03 01:50:00,23.5,24.2,21.6,2.1,7.2,13,72,0,0,0,28.7,6.6,618.5,89,0,0,27.1,67,28.8,20.4
2026-07-03T01:45:00+05:30,2026-07-03 01:45:00,23.4,24.1,21.5,4.7,9.3,11.1,65,0,0,0,28.7,6.6,618.5,89,0,0,27.2,67,28.9,20.6
2026-07-03T01:40:00+05:30,2026-07-03 01:40:00,23.5,24.2,21.6,0,7.2,11.1,70,0,0,0,28.7,6.6,618.5,89,0,0,27.2,67,28.9,20.6
2026-07-03T01:36:00+05:30,2026-07-03 01:36:00,23.5,24.2,21.6,2.6,7.2,11.1,66,0,0,0,28.7,6.6,618.5,89,0,0,27.2,67,28.9,20.6
2026-07-03T01:30:00+05:30,2026-07-03 01:30:00,23.5,24.2,21.4,7.2,11.1,11.1,111,0,0,0,28.7,6.6,618.5,88,0,0,27.2,67,28.9,20.6
2026-07-03T01:25:00+05:30,2026-07-03 01:25:00,23.5,24.2,21.6,0,0,9.3,82,0,0,0,28.7,6.6,618.5,89,0,0,27.2,67,28.9,20.6
2026-07-03T01:20:00+05:30,2026-07-03 01:20:00,23.5,24.2,21.4,0,5.5,9.3,72,0,0,0,28.7,6.6,618.5,88,0,0,27.3,67,29.1,20.6
2026-07-03T01:15:00+05:30,2026-07-03 01:15:00,23.5,24.2,21.4,4,7.2,9.3,67,0,0,0,28.7,6.6,618.5,88,0,0,27.3,67,29.1,20.6
2026-07-03T01:10:00+05:30,2026-07-03 01:10:00,23.6,24.3,21.5,0,1.8,9.3,69,0,0,0,28.7,6.6,618.5,88,0,0,27.3,67,29.1,20.6
2026-07-03T01:05:00+05:30,2026-07-03 01:05:00,23.7,24.4,21.4,0.6,5.5,9.3,83,0,0,0,28.7,6.6,618.5,87,0,0,27.3,67,29.1,20.6
2026-07-03T01:00:00+05:30,2026-07-03 01:00:00,23.8,24.5,21.5,0,7.2,9.3,73,0,0,0,28.7,6.6,618.5,87,0,0,27.3,67,29.1,20.6
2026-07-03T00:55:00+05:30,2026-07-03 00:55:00,23.7,24.4,21.4,1.8,5.5,9.3,108,0,0,0,28.7,6.6,618.5,87,0,0,27.4,67,29.2,20.7
2026-07-03T00:50:00+05:30,2026-07-03 00:50:00,23.7,24.4,21.4,1.8,7.2,9.3,81,0,0,0,28.7,6.6,618.5,87,0,0,27.4,67,29.2,20.7
2026-07-03T00:45:00+05:30,2026-07-03 00:45:00,23.7,24.4,21.4,2.9,5.5,9.3,66,0,0,0,28.7,6.6,618.5,87,0,0,27.4,67,29.2,20.7
2026-07-03T00:40:00+05:30,2026-07-03 00:40:00,23.8,24.5,21.5,1.1,7.2,9.3,76,0,0,0,28.7,6.6,618.5,87,0,0,27.5,67,29.4,20.8
2026-07-03T00:35:00+05:30,2026-07-03 00:35:00,23.8,24.5,21.5,0,7.2,9.3,77,0,0,0,28.7,6.6,618.5,87,0,0,27.5,67,29.4,20.8
2026-07-03T00:30:00+05:30,2026-07-03 00:30:00,23.7,24.4,21.4,0,0,9.3,72,0,0,0,28.7,6.6,618.5,87,0,0,27.5,67,29.4,20.8
2026-07-03T00:25:00+05:30,2026-07-03 00:25:00,23.7,24.4,21.6,3.5,7.2,7.2,102,0,0,0,28.7,6.6,618.5,88,0,0,27.5,67,29.4,20.8
2026-07-03T00:20:00+05:30,2026-07-03 00:20:00,23.7,24.4,21.6,0,3.5,7.2,81,0,0,0,28.7,6.6,618.5,88,0,0,27.5,67,29.4,20.8
2026-07-03T00:15:00+05:30,2026-07-03 00:15:00,23.7,24.4,21.6,0.3,5.5,7.2,93,0,0,0,28.7,6.6,618.5,88,0,0,27.5,67,29.4,20.8
2026-07-03T00:10:00+05:30,2026-07-03 00:10:00,23.7,24.4,21.6,0,1.8,7.2,74,0,0,0,28.7,6.6,618.5,88,0,0,27.6,67,29.6,20.9
2026-07-03T00:05:00+05:30,2026-07-03 00:05:00,23.7,24.4,21.6,0,0,5.5,60,0,0,0,28.7,6.6,618.5,88,0,0,27.6,66,29.5,20.7
2026-07-03T00:00:00+05:30,2026-07-03 00:00:00,23.8,24.5,21.7,1.1,3.5,1.8,74,0,0,0,28.7,6.6,618.5,88,0,0,27.6,66,29.5,20.7
2026-07-02T23:55:00+05:30,2026-07-02 23:55:00,23.8,24.5,21.7,0,7.2,27.7,67,0,0,0,28.7,6.6,618.5,88,0,0,27.6,66,29.5,20.7
2026-07-02T23:50:00+05:30,2026-07-02 23:50:00,23.9,24.6,21.8,2.1,5.5,27.7,80,0,0,0,28.7,6.6,618.5,88,0,0,27.7,66,29.7,20.8
2026-07-02T23:45:00+05:30,2026-07-02 23:45:00,23.9,24.6,21.8,0,0,27.7,61,0,0,0,28.7,6.6,618.5,88,0,0,27.7,66,29.7,20.8
2026-07-02T23:40:00+05:30,2026-07-02 23:40:00,23.9,24.6,21.8,0,0,27.7,69,0,0,0,28.7,6.6,618.5,88,0,0,27.6,66,29.5,20.7
2026-07-02T23:35:00+05:30,2026-07-02 23:35:00,24,24.7,21.7,0,0,27.7,64,0,0,0,28.7,6.6,618.5,87,0,0,27.7,66,29.7,20.8
2026-07-02T23:30:00+05:30,2026-07-02 23:30:00,24,24.7,21.7,0,7.2,27.7,67,0,0,0,28.7,6.6,618.5,87,0,0,27.7,66,29.7,20.8
2026-07-02T23:25:00+05:30,2026-07-02 23:25:00,24,24.7,21.7,1.1,7.2,27.7,71,0,0,0,28.7,6.6,618.5,87,0,0,27.7,66,29.7,20.8
2026-07-02T23:20:00+05:30,2026-07-02 23:20:00,24,24.7,21.7,1.4,3.5,27.7,64,0,0,0,28.7,6.6,618.5,87,0,0,27.8,66,29.8,20.8
2026-07-02T23:15:00+05:30,2026-07-02 23:15:00,24.1,24.8,21.8,0,0,27.7,77,0,0,0,28.7,6.6,618.5,87,0,0,27.8,66,29.8,20.8
2026-07-02T23:11:00+05:30,2026-07-02 23:11:00,24.1,24.8,21.6,1.4,1.8,27.7,85,0,0,0,28.7,6.6,618.5,86,0,0,27.8,66,29.8,20.8
2026-07-02T23:05:00+05:30,2026-07-02 23:05:00,24.2,24.9,21.7,0,3.5,27.7,73,0,0,0,28.7,6.6,618.5,86,0,0,27.8,66,29.8,20.8
2026-07-02T23:00:00+05:30,2026-07-02 23:00:00,24.3,25,21.8,0,3.5,27.7,72,0,0,0,28.7,6.6,618.5,86,0,0,27.9,66,29.9,20.9
2026-07-02T22:55:00+05:30,2026-07-02 22:55:00,24.3,25,21.6,0.3,1.8,27.7,77,0,0,0,28.7,6.6,618.5,85,0,0,27.9,66,29.9,20.9
2026-07-02T22:50:00+05:30,2026-07-02 22:50:00,24.2,24.9,21.7,0,3.5,27.7,68,0,0,0,28.7,6.6,618.5,86,0,0,27.9,66,29.9,20.9
2026-07-02T22:45:00+05:30,2026-07-02 22:45:00,24,24.7,21.5,4.7,5.5,27.7,91,0,0,0,28.7,6.6,618.5,86,0,0,28,66,30.2,21.1
2026-07-02T22:40:00+05:30,2026-07-02 22:40:00,24,24.7,21.7,0,0,27.7,70,0,0,0,28.7,6.6,618.5,87,0,0,28,66,30.2,21.1
2026-07-02T22:35:00+05:30,2026-07-02 22:35:00,24.1,24.8,21.8,0,0,27.7,71,0,0,0,28.7,6.6,618.5,87,0,0,28,66,30.2,21.1
2026-07-02T22:30:00+05:30,2026-07-02 22:30:00,24,24.7,21.7,0,0,27.7,84,0,0,0,28.7,6.6,618.5,87,0,0,28,66,30.2,21.1
2026-07-02T22:25:00+05:30,2026-07-02 22:25:00,24.1,24.8,21.8,0,0,27.7,73,0,0,0,28.7,6.6,618.5,87,0,0,28,66,30.2,21.1
2026-07-02T22:20:00+05:30,2026-07-02 22:20:00,24,24.7,21.7,0,3.5,27.7,61,0,0,0,28.7,6.6,618.5,87,0,0,28.1,65,30.2,20.9
2026-07-02T22:15:00+05:30,2026-07-02 22:15:00,24.1,24.8,21.8,0,0,27.7,69,0,0,0,28.7,6.6,618.5,87,0,0,28.1,65,30.2,20.9
2026-07-02T22:10:00+05:30,2026-07-02 22:10:00,24.1,24.8,21.6,0,5.5,27.7,64,0,0,0,28.7,6.6,618.5,86,0,0,28.1,65,30.2,20.9
2026-07-02T22:06:00+05:30,2026-07-02 22:06:00,24.2,24.9,21.7,2.9,3.5,27.7,93,0,0,0,28.7,6.6,618.5,86,0,0,28.1,65,30.2,20.9
2026-07-02T22:00:00+05:30,2026-07-02 22:00:00,24.4,25.1,21.7,0.6,5.5,27.7,66,0,0,0,28.7,6.6,618.5,85,0,0,28.2,65,30.4,21
2026-07-02T21:55:00+05:30,2026-07-02 21:55:00,24.4,25.1,21.7,0.3,7.2,27.7,76,0,0,0,28.7,6.6,618.5,85,0,0,28.2,65,30.4,21
2026-07-02T21:50:00+05:30,2026-07-02 21:50:00,24.4,25.1,21.7,0,0,27.7,74,0,0,0,28.7,6.6,618.5,85,0,0,28.2,65,30.4,21
2026-07-02T21:45:00+05:30,2026-07-02 21:45:00,24.5,25.2,21.8,0.3,5.5,27.7,67,0,0,0,28.7,6.6,618.5,85,0,0,28.3,65,30.5,21.1
2026-07-02T21:40:00+05:30,2026-07-02 21:40:00,24.5,25.2,21.6,0,0,27.7,77,0,0,0,28.7,6.6,618.5,84,0,0,28.3,65,30.5,21.1
2026-07-02T21:36:00+05:30,2026-07-02 21:36:00,24.4,25.1,21.5,0,5.5,27.7,67,0,0,0,28.7,6.6,618.5,84,0,0,28.3,65,30.5,21.1
2026-07-02T21:30:00+05:30,2026-07-02 21:30:00,24.1,24.8,21.8,0,0,27.7,71,0,0,0,28.7,6.6,618.5,87,0,0,28.3,65,30.5,21.1
2026-07-02T21:25:00+05:30,2026-07-02 21:25:00,24.1,24.8,21.8,0,0,27.7,64,0,0,0,28.7,6.6,618.5,87,0,0,28.3,66,30.7,21.3
2026-07-02T21:20:00+05:30,2026-07-02 21:20:00,24.1,24.8,21.8,0,0,27.7,74,0,0,0,28.7,6.6,618.5,87,0,0,28.4,65,30.7,21.2
2026-07-02T21:15:00+05:30,2026-07-02 21:15:00,24.2,25,22.1,0,0,27.7,71,0,0,0,28.7,6.6,618.5,88,0,0,28.4,65,30.7,21.2
2026-07-02T21:10:00+05:30,2026-07-02 21:10:00,24.1,24.8,21.8,0,0,27.7,78,0,0,0,28.7,6.6,618.5,87,0,0,28.4,65,30.7,21.2
2026-07-02T21:05:00+05:30,2026-07-02 21:05:00,24.1,24.9,22,0,0,27.7,70,0,0,0,28.7,6.6,618.5,88,0,0,28.5,65,30.9,21.3
2026-07-02T21:01:00+05:30,2026-07-02 21:01:00,24.1,24.9,22,0,0,27.7,70,0,0,0,28.7,6.6,618.5,88,0,0,28.5,65,30.9,21.3
2026-07-02T20:55:00+05:30,2026-07-02 20:55:00,24.1,24.9,22,0,0,27.7,72,0,0,0,28.7,6.6,618.5,88,0,0,28.5,65,30.9,21.3
2026-07-02T20:50:00+05:30,2026-07-02 20:50:00,24.2,25,22.1,0,3.5,27.7,66,0,0,0,28.7,6.6,618.5,88,0,0,28.5,65,30.9,21.3
2026-07-02T20:45:00+05:30,2026-07-02 20:45:00,24.2,25,22.1,0,0,27.7,93,0,0,0,28.7,6.6,618.5,88,0,0,28.5,65,30.9,21.3
2026-07-02T20:40:00+05:30,2026-07-02 20:40:00,24.1,24.9,22,0,0,27.7,66,0,0,0,28.7,6.6,618.5,88,0,0,28.5,65,30.9,21.3
2026-07-02T20:35:00+05:30,2026-07-02 20:35:00,24.2,25,22.1,0,0,27.7,68,0,0,0,28.7,6.6,618.5,88,0,0,28.6,65,31.1,21.4
2026-07-02T20:30:00+05:30,2026-07-02 20:30:00,24.2,25,22.1,0,1.8,27.7,78,0,0,0,28.7,6.6,618.5,88,0,0,28.6,65,31.1,21.4
2026-07-02T20:25:00+05:30,2026-07-02 20:25:00,24.3,25.1,22.2,0,3.5,27.7,86,0,0,0,28.7,6.6,618.5,88,0,0,28.6,65,31.1,21.4
2026-07-02T20:20:00+05:30,2026-07-02 20:20:00,24.3,25,22,0,5.5,27.7,62,0,0,0,28.7,6.6,618.5,87,0,0,28.6,65,31.1,21.4
2026-07-02T20:15:00+05:30,2026-07-02 20:15:00,24.3,25.1,22.2,0,1.8,27.7,75,0,0,0,28.7,6.6,618.5,88,0,0,28.7,65,31.3,21.5
2026-07-02T20:10:00+05:30,2026-07-02 20:10:00,24.3,25.1,22.2,4,5.5,27.7,77,0,0,0,28.7,6.6,618.5,88,0,0,28.7,65,31.3,21.5
2026-07-02T20:05:00+05:30,2026-07-02 20:05:00,24.4,25.2,22.3,4.3,5.5,27.7,82,0,0,0,28.7,6.6,618.5,88,0,0,28.7,64,31.2,21.2
2026-07-02T20:00:00+05:30,2026-07-02 20:00:00,24.4,25.2,22.1,1.1,3.5,27.7,81,0,0,0,28.7,6.6,618.5,87,0,0,28.8,64,31.3,21.3
2026-07-02T19:56:00+05:30,2026-07-02 19:56:00,24.4,25.2,22.3,0,11.1,27.7,75,0,0,0,28.7,6.6,618.5,88,0,0,28.8,64,31.3,21.3
2026-07-02T19:50:00+05:30,2026-07-02 19:50:00,24.5,25.3,22.2,2.6,7.2,27.7,70,0,0,0,28.7,6.6,618.5,87,0,0,28.8,64,31.3,21.3
2026-07-02T19:45:00+05:30,2026-07-02 19:45:00,24.5,25.3,22.2,4.3,7.2,27.7,73,0,0,0,28.7,6.6,618.5,87,0,0,28.8,64,31.3,21.3
2026-07-02T19:40:00+05:30,2026-07-02 19:40:00,24.7,25.5,22.2,4,5.5,27.7,71,0,0,0,28.7,6.6,618.5,86,0,0,28.9,64,31.4,21.4
2026-07-02T19:35:00+05:30,2026-07-02 19:35:00,24.8,25.5,22.1,1.8,7.2,27.7,78,0,0,0,28.7,6.6,618.5,85,0,0,28.9,64,31.4,21.4
2026-07-02T19:30:00+05:30,2026-07-02 19:30:00,24.8,25.5,22.1,4,9.3,27.7,117,0,0,0,28.7,6.6,618.5,85,0,0,28.9,64,31.4,21.4
2026-07-02T19:25:00+05:30,2026-07-02 19:25:00,24.9,25.7,22.2,3.2,9.3,27.7,65,0,0,0,28.7,6.6,618.5,85,0,0,28.9,64,31.4,21.4
2026-07-02T19:20:00+05:30,2026-07-02 19:20:00,24.9,25.6,22,1.4,5.5,27.7,70,0,0,0,28.7,6.6,618.5,84,0,0,29,63,31.5,21.2
2026-07-02T19:15:00+05:30,2026-07-02 19:15:00,24.9,25.6,22,0.6,7.2,27.7,98,0,0,0,28.7,6.6,618.5,84,0,0,29,63,31.5,21.2
2026-07-02T19:10:00+05:30,2026-07-02 19:10:00,25.1,25.9,22.2,2.1,3.5,27.7,70,0,0,0,28.7,6.6,618.5,84,0,0,29,63,31.5,21.2
2026-07-02T19:05:00+05:30,2026-07-02 19:05:00,25.2,26,22.3,0,5.5,27.7,67,0,0,0,28.7,6.6,618.5,84,0,0,29.1,63,31.7,21.3
2026-07-02T19:00:00+05:30,2026-07-02 19:00:00,25.2,26,22.3,1.8,5.5,27.7,87,0,0,0,28.7,6.6,618.5,84,0,0,29.1,63,31.7,21.3
2026-07-02T18:55:00+05:30,2026-07-02 18:55:00,25.4,26.2,22.3,0,3.5,27.7,70,0,0,0,28.7,6.6,618.5,83,0,0,29.1,63,31.7,21.3
2026-07-02T18:50:00+05:30,2026-07-02 18:50:00,25.5,26.3,22.4,1.8,3.5,27.7,63,0,0,0,28.7,6.6,618.5,83,0,0,29.1,63,31.7,21.3
2026-07-02T18:45:00+05:30,2026-07-02 18:45:00,25.6,26.4,22.3,0,0,27.7,71,0,0,0,28.7,6.6,618.5,82,0,0.1,29.1,63,31.7,21.3
2026-07-02T18:40:00+05:30,2026-07-02 18:40:00,25.7,26.5,22.2,0.3,7.2,27.7,83,0,0,0,28.7,6.6,618.5,81,0,0.2,29.1,63,31.7,21.3
2026-07-02T18:35:00+05:30,2026-07-02 18:35:00,25.8,26.5,22.1,3.2,7.2,27.7,73,0,0,0,28.7,6.6,618.5,80,0,0.8,29.2,62,31.7,21.2
2026-07-02T18:30:00+05:30,2026-07-02 18:30:00,25.9,26.6,22.2,2.1,5.5,27.7,81,0,0,0,28.7,6.6,618.5,80,0,1.5,29.2,62,31.7,21.2
2026-07-02T18:25:00+05:30,2026-07-02 18:25:00,26.1,26.8,22.2,12.2,16.6,27.7,109,0,0,0,28.7,6.6,618.5,79,0,2.8,29.2,62,31.7,21.2
2026-07-02T18:20:00+05:30,2026-07-02 18:20:00,26.1,26.8,22.2,7.2,9.3,27.7,108,0,0,0,28.7,6.6,618.5,79,0,5.3,29.2,62,31.7,21.2
2026-07-02T18:15:00+05:30,2026-07-02 18:15:00,26.2,26.9,22.1,5.8,9.3,27.7,93,0,0,0,28.7,6.6,618.5,78,0,7.4,29.3,62,31.8,21.2
2026-07-02T18:10:00+05:30,2026-07-02 18:10:00,26.3,27,22.1,1.4,11.1,27.7,68,0,0,0,28.7,6.6,618.5,78,0,10.5,29.3,61,31.7,20.9
2026-07-02T18:05:00+05:30,2026-07-02 18:05:00,26.5,27.2,21.9,2.6,7.2,27.7,105,0,0,0,28.7,6.6,618.5,76,0,14,29.3,61,31.7,20.9
2026-07-02T18:00:00+05:30,2026-07-02 18:00:00,26.6,27.3,22,2.1,9.3,27.7,65,0,0,0,28.7,6.6,618.5,76,0,18.1,29.4,61,31.9,21.1
2026-07-02T17:55:00+05:30,2026-07-02 17:55:00,26.7,28.7,21.7,6.1,11.1,27.7,137,0,0,0,28.7,6.6,618.5,74,0,22.1,29.4,61,31.9,21.1
2026-07-02T17:50:00+05:30,2026-07-02 17:50:00,26.8,28.9,22,7.9,11.1,27.7,126,0,0,0,28.7,6.6,618.5,75,0,25.4,29.5,61,32.1,21.2
2026-07-02T17:46:00+05:30,2026-07-02 17:46:00,26.8,28.8,21.7,6.4,11.1,27.7,81,0,0,0,28.7,6.6,618.5,74,0,24.6,29.5,61,32.1,21.2
2026-07-02T17:40:00+05:30,2026-07-02 17:40:00,26.8,28.8,21.7,4.7,7.2,27.7,97,0,0,0,28.7,6.6,618.5,74,0,26.4,29.6,61,32.3,21.3
2026-07-02T17:35:00+05:30,2026-07-02 17:35:00,26.8,28.9,22,0,7.2,27.7,60,0,0,0,28.7,6.6,618.5,75,0,32.5,29.6,61,32.3,21.3
2026-07-02T17:30:00+05:30,2026-07-02 17:30:00,26.8,28.9,22,11.6,16.6,27.7,93,0,0,0,28.7,6.6,618.5,75,0,29.5,29.7,61,32.5,21.4
2026-07-02T17:25:00+05:30,2026-07-02 17:25:00,26.9,29.2,22.3,7.6,11.1,27.7,128,0,0,0,28.7,6.6,618.5,76,0,30.4,29.7,61,32.5,21.4
2026-07-02T17:20:00+05:30,2026-07-02 17:20:00,27.1,29.5,22.3,3.5,14.8,27.7,70,0,0,0,28.7,6.6,618.5,75,0,35.9,29.8,61,32.6,21.4
2026-07-02T17:15:00+05:30,2026-07-02 17:15:00,27.4,29.9,22.3,1.4,13,27.7,103,0,0,0,28.7,6.6,618.5,74,0,66.6,29.8,61,32.6,21.4
2026-07-02T17:10:00+05:30,2026-07-02 17:10:00,28,30.8,22.2,6.4,11.1,27.7,114,0,0,0,28.7,6.6,618.5,71,0,51.1,29.8,61,32.6,21.4
2026-07-02T17:05:00+05:30,2026-07-02 17:05:00,28.1,31,22.3,6.1,16.6,27.7,110,0,0,0,28.7,6.6,618.5,71,0,86.9,29.9,61,32.8,21.6
2026-07-02T17:00:00+05:30,2026-07-02 17:00:00,28.1,31,22.3,7.2,16.6,27.7,106,0,0,0,28.7,6.6,618.5,71,0,101.4,29.9,61,32.8,21.6
2026-07-02T16:55:00+05:30,2026-07-02 16:55:00,28.1,31,22.3,7.9,16.6,27.7,107,0,0,0,28.7,6.6,618.5,71,1,111,29.9,61,32.8,21.6
2026-07-02T16:50:00+05:30,2026-07-02 16:50:00,28.7,32.1,22.7,5.5,11.1,27.7,85,0,0,0,28.7,6.6,618.5,70,1,129.1,29.9,61,32.8,21.6
2026-07-02T16:45:00+05:30,2026-07-02 16:45:00,28.8,32.2,22.7,7.2,11.1,27.7,101,0,0,0,28.7,6.6,618.5,70,1,143.3,30,60,32.8,21.4
2026-07-02T16:40:00+05:30,2026-07-02 16:40:00,28.7,32,22.5,5.5,13,27.7,108,0,0,0,28.7,6.6,618.5,69,1,156.1,29.9,60,32.6,21.3
2026-07-02T16:35:00+05:30,2026-07-02 16:35:00,28.9,32.1,22.4,5,13,27.7,67,0,0,0,28.7,6.6,618.5,68,1,171,30,60,32.8,21.4
2026-07-02T16:30:00+05:30,2026-07-02 16:30:00,29,32.4,22.5,4.7,11.1,27.7,101,0,0,0,28.7,6.6,618.5,68,1,189.9,30,60,32.8,21.4
2026-07-02T16:26:00+05:30,2026-07-02 16:26:00,28.7,32,22.5,5.5,16.6,27.7,73,0,0,0,28.7,6.6,618.5,69,1,203.6,30,60,32.8,21.4
2026-07-02T16:20:00+05:30,2026-07-02 16:20:00,28.9,31.8,21.9,7.2,14.8,27.7,60,0,0,0,28.7,6.6,618.5,66,1,200.8,30.1,59,32.8,21.2
2026-07-02T16:15:00+05:30,2026-07-02 16:15:00,28.9,32,22.1,6.4,14.8,27.7,198,0,0,0,28.7,6.6,618.5,67,2,230.7,30.1,59,32.8,21.2
2026-07-02T16:10:00+05:30,2026-07-02 16:10:00,28.9,32,22.1,4.7,13,27.7,103,0,0,0,28.7,6.6,618.5,67,2,268.6,30.2,60,33.3,21.6
2026-07-02T16:05:00+05:30,2026-07-02 16:05:00,29.2,32.6,22.4,9,14.8,27.7,59,0,0,0,28.7,6.6,618.5,67,0,62.1,30.2,60,33.3,21.6
2026-07-02T16:00:00+05:30,2026-07-02 16:00:00,29.2,32.6,22.4,3.5,14.8,27.7,66,0,0,0,28.7,6.6,618.5,67,2,293,30.2,59,33.1,21.3
2026-07-02T15:55:00+05:30,2026-07-02 15:55:00,29.7,33.3,22.4,5.5,11.1,27.7,78,0,0,0,28.7,6.6,618.5,65,3,321.3,30.2,59,33.1,21.3
2026-07-02T15:50:00+05:30,2026-07-02 15:50:00,29.7,32.7,21.6,6.9,11.1,27.7,62,0,0,0,28.7,6.6,618.5,62,3,333.5,30.2,60,33.3,21.6
2026-07-02T15:45:00+05:30,2026-07-02 15:45:00,29.4,32.8,22.4,7.2,11.1,27.7,113,0,0,0,28.7,6.6,618.5,66,3,356.3,30.2,60,33.3,21.6
2026-07-02T15:40:00+05:30,2026-07-02 15:40:00,29.3,32.8,22.5,2.9,14.8,27.7,343,0,0,0,28.7,6.6,618.5,67,3,383.6,30.2,59,33.1,21.3
2026-07-02T15:35:00+05:30,2026-07-02 15:35:00,29.3,32.4,22,6.4,13,27.7,72,0,0,0,28.7,6.6,618.5,65,3,384.8,30.2,59,33.1,21.3
2026-07-02T15:30:00+05:30,2026-07-02 15:30:00,28.9,32,22.1,7.6,9.3,27.7,94,0,0,0,28.7,6.6,618.5,67,4,425.1,30.2,60,33.3,21.6
2026-07-02T15:25:00+05:30,2026-07-02 15:25:00,28.9,32,22.1,1.4,13,27.7,91,0,0,0,28.7,6.6,618.5,67,0,101.3,30.2,60,33.3,21.6
2026-07-02T15:21:00+05:30,2026-07-02 15:21:00,29,32.5,22.7,0,9.3,27.7,93,0,0,0,28.7,6.6,618.5,69,0,74.3,30.3,61,33.6,21.9
2026-07-02T15:15:00+05:30,2026-07-02 15:15:00,29.7,33.7,22.9,4.7,9.3,27.7,192,0,0,0,28.7,6.6,618.5,67,0,74.1,30.3,61,33.6,21.9
2026-07-02T15:10:00+05:30,2026-07-02 15:10:00,29.8,34.1,23.2,0,13,27.7,62,0,0,0,28.7,6.6,618.5,68,1,123.3,30.2,61,33.5,21.8
2026-07-02T15:05:00+05:30,2026-07-02 15:05:00,30.3,34.7,23.2,6.1,16.6,27.7,75,0,0,0,28.7,6.6,618.5,66,5,538.6,30.2,61,33.5,21.8
2026-07-02T15:00:00+05:30,2026-07-02 15:00:00,30.3,34.5,22.9,0,7.2,27.7,81,0,0,0,28.7,6.6,618.5,65,5,520.9,30.1,61,33.3,21.7
2026-07-02T14:55:00+05:30,2026-07-02 14:55:00,30.2,34.1,22.6,8.2,11.1,27.7,102,0,0,0,28.7,6.6,618.5,64,5,529.8,30.1,60,33.1,21.5
2026-07-02T14:50:00+05:30,2026-07-02 14:50:00,30,33.4,22.2,3.2,9.3,27.7,46,0,0,0,28.7,6.6,618.5,63,5,548.4,30,60,32.8,21.4
2026-07-02T14:45:00+05:30,2026-07-02 14:45:00,29.8,33.2,22.2,1.4,7.2,27.7,53,0,0,0,28.7,6.6,618.5,64,5,528.8,30.1,61,33.3,21.7
2026-07-02T14:40:00+05:30,2026-07-02 14:40:00,30.2,34.1,22.6,0.6,5.5,27.7,144,0,0,0,28.7,6.6,618.5,64,5,546.3,30,61,33.1,21.7
2026-07-02T14:35:00+05:30,2026-07-02 14:35:00,29.7,33.3,22.4,0.6,11.1,27.7,103,0,0,0,28.7,6.6,618.5,65,4,439.8,30,61,33.1,21.7
2026-07-02T14:30:00+05:30,2026-07-02 14:30:00,29.6,33.3,22.6,3.5,18.3,27.7,76,0,0,0,28.7,6.6,618.5,66,4,482.7,30,61,33.1,21.7
2026-07-02T14:25:00+05:30,2026-07-02 14:25:00,29.7,33.7,22.9,2.6,16.6,27.7,54,0,0,0,28.7,6.6,618.5,67,5,526.3,30,61,33.1,21.7
2026-07-02T14:20:00+05:30,2026-07-02 14:20:00,29.2,32.8,22.7,1.4,11.1,27.7,135,0,0,0,28.7,6.6,618.5,68,5,592.6,30,61,33.1,21.7
2026-07-02T14:16:00+05:30,2026-07-02 14:16:00,28.8,32.1,22.5,6.1,9.3,27.7,78,0,0,0,28.7,6.6,618.5,69,6,625.3,30,61,33.1,21.7
2026-07-02T14:10:00+05:30,2026-07-02 14:10:00,28.8,32.2,22.7,8.2,16.6,27.7,75,0,0,0,28.7,6.6,618.5,70,1,104.3,30.1,62,33.4,22
2026-07-02T14:05:00+05:30,2026-07-02 14:05:00,28.9,32.3,22.6,1.4,9.3,27.7,81,0,0,0,28.7,6.6,618.5,69,0,81.2,30.1,62,33.4,22
2026-07-02T14:00:00+05:30,2026-07-02 14:00:00,29.3,33.1,23,4.7,11.1,27.7,53,0,0,0,28.7,6.6,618.5,69,0,84.1,30.1,62,33.4,22
2026-07-02T13:55:00+05:30,2026-07-02 13:55:00,30.6,35.8,23.8,4.3,16.6,27.7,343,0,0,0,28.7,6.6,618.5,67,1,102.6,30,62,33.2,21.9
2026-07-02T13:50:00+05:30,2026-07-02 13:50:00,30.5,35,23.2,8.7,13,27.7,103,0,0,0,28.7,6.6,618.5,65,7,742.3,29.9,62,33,21.8
2026-07-02T13:45:00+05:30,2026-07-02 13:45:00,30.8,35.4,23.2,5.5,14.8,27.7,82,0,0,0,28.7,6.6,618.5,64,7,736.6,29.8,62,32.8,21.7
2026-07-02T13:40:00+05:30,2026-07-02 13:40:00,30.4,34.5,22.8,4.7,20.1,27.7,247,0,0,0,28.7,6.6,618.5,64,7,749.3,29.8,63,33,21.9
2026-07-02T13:35:00+05:30,2026-07-02 13:35:00,30.2,34.4,22.9,10.1,14.8,27.7,91,0,0,0,28.7,6.6,618.5,65,7,777.4,29.7,62,32.7,21.7
2026-07-02T13:30:00+05:30,2026-07-02 13:30:00,30.4,34.7,23.1,6.4,20.1,27.7,93,0,0,0,28.7,6.6,618.5,65,7,803.6,29.7,63,32.9,21.9
2026-07-02T13:25:00+05:30,2026-07-02 13:25:00,30.7,35.2,23.1,4.7,7.2,27.7,79,0,0,0,28.7,6.6,618.5,64,7,752.8,29.6,64,32.9,22.1
2026-07-02T13:20:00+05:30,2026-07-02 13:20:00,30.5,35,23.2,0,7.2,27.7,56,0,0,0,28.7,6.6,618.5,65,7,771.1,29.5,64,32.7,21.9
2026-07-02T13:15:00+05:30,2026-07-02 13:15:00,30.4,35.2,23.6,5,11.1,27.7,85,0,0,0,28.7,6.6,618.5,67,7,804.6,29.5,64,32.7,21.9
2026-07-02T13:11:00+05:30,2026-07-02 13:11:00,30,34.1,22.9,1.1,9.3,27.7,76,0,0,0,28.7,6.6,618.5,66,7,820.4,29.4,64,32.4,21.8
2026-07-02T13:05:00+05:30,2026-07-02 13:05:00,30,34.1,22.9,5.5,11.1,27.7,182,0,0,0,28.7,6.6,618.5,66,7,812.9,29.3,64,32.2,21.7
2026-07-02T13:00:00+05:30,2026-07-02 13:00:00,29.7,33.7,22.9,4.7,14.8,27.7,91,0,0,0,28.7,6.6,618.5,67,7,809.9,29.3,65,32.4,22
2026-07-02T12:55:00+05:30,2026-07-02 12:55:00,29.9,34.3,23.3,7.2,16.6,27.7,54,0,0,0,28.7,6.6,618.5,68,7,818.5,29.3,65,32.4,22
2026-07-02T12:50:00+05:30,2026-07-02 12:50:00,29.6,33.9,23.3,1.8,11.1,27.7,64,0,0,0,28.7,6.6,618.5,69,8,844.3,29.2,65,32.3,21.9
2026-07-02T12:45:00+05:30,2026-07-02 12:45:00,29.5,33.6,23.2,2.9,14.8,27.7,58,0,0,0,28.7,6.6,618.5,69,8,831.4,29.2,65,32.3,21.9
2026-07-02T12:40:00+05:30,2026-07-02 12:40:00,29.5,33.9,23.4,5,11.1,27.7,36,0,0,0,28.7,6.6,618.5,70,8,826.5,29.1,66,32.2,22.1
2026-07-02T12:35:00+05:30,2026-07-02 12:35:00,29.5,33.9,23.4,4,11.1,21.9,105,0,0,0,28.7,6.6,618.5,70,7,816.2,29.1,66,32.2,22.1
2026-07-02T12:30:00+05:30,2026-07-02 12:30:00,29.4,33.4,23.1,4.7,9.3,21.9,110,0,0,0,28.7,6.6,618.5,69,8,857.8,29,66,32,22
2026-07-02T12:25:00+05:30,2026-07-02 12:25:00,29.3,33.3,23.2,6.1,21.9,21.9,121,0,0,0,28.7,6.6,618.5,70,8,838.9,29,66,32,22
2026-07-02T12:20:00+05:30,2026-07-02 12:20:00,29.5,33.9,23.4,5.8,11.1,20.1,164,0,0,0,28.7,6.6,618.5,70,8,848.7,29,66,32,22
2026-07-02T12:15:00+05:30,2026-07-02 12:15:00,28.9,32.7,23.1,1.1,7.2,20.1,107,0,0,0,28.7,6.6,618.5,71,8,843,28.9,66,31.8,21.9
2026-07-02T12:10:00+05:30,2026-07-02 12:10:00,28.9,32.7,23.1,2.1,7.2,20.1,82,0,0,0,28.7,6.6,618.5,71,2,247.1,28.9,66,31.8,21.9
2026-07-02T12:05:00+05:30,2026-07-02 12:05:00,29.5,33.9,23.4,4,9.3,20.1,74,0,0,0,28.7,6.6,618.5,70,1,136.7,28.8,66,31.6,21.8
2026-07-02T12:00:00+05:30,2026-07-02 12:00:00,29.8,34.3,23.5,4,13,20.1,42,0,0,0,28.7,6.6,618.5,69,7,766.9,28.7,65,31.3,21.5
2026-07-02T11:55:00+05:30,2026-07-02 11:55:00,29.8,34.1,23.2,4.3,13,20.1,102,0,0,0,28.7,6.6,618.5,68,7,784,28.6,65,31.1,21.4
2026-07-02T11:51:00+05:30,2026-07-02 11:51:00,29.3,32.8,22.5,4,5.5,20.1,52,0,0,0,28.7,6.6,618.5,67,3,345.4,28.6,65,31.1,21.4
2026-07-02T11:45:00+05:30,2026-07-02 11:45:00,29.2,32.8,22.7,4,11.1,20.1,198,0,0,0,28.7,6.6,618.5,68,4,434.9,28.5,65,30.9,21.3
2026-07-02T11:40:00+05:30,2026-07-02 11:40:00,29.3,32.9,22.7,7.6,14.8,20.1,74,0,0,0,28.7,6.6,618.5,68,8,837.6,28.5,66,31.1,21.5
2026-07-02T11:35:00+05:30,2026-07-02 11:35:00,29.5,33.6,23.2,0.3,7.2,20.1,66,0,0,0,28.7,6.6,618.5,69,8,874.9,28.4,66,30.8,21.4
2026-07-02T11:30:00+05:30,2026-07-02 11:30:00,29.7,33.7,22.9,7.6,11.1,20.1,65,0,0,0,28.7,6.6,618.5,67,8,849.5,28.3,66,30.7,21.3
2026-07-02T11:25:00+05:30,2026-07-02 11:25:00,29.3,32.9,22.7,1.8,11.1,20.1,50,0,0,0,28.7,6.6,618.5,68,7,818.6,28.3,66,30.7,21.3
2026-07-02T11:20:00+05:30,2026-07-02 11:20:00,29.1,32.4,22.3,0.6,9.3,20.1,73,0,0,0,28.7,6.6,618.5,67,8,821.4,28.2,65,30.4,21
2026-07-02T11:15:00+05:30,2026-07-02 11:15:00,29.5,33,22.5,5.8,13,20.1,118,0,0,0,28.7,6.6,618.5,66,7,769.2,28.1,66,30.3,21.2
2026-07-02T11:10:00+05:30,2026-07-02 11:10:00,29.5,33.2,22.7,2.1,11.1,20.1,73,0,0,0,28.7,6.6,618.5,67,8,869.1,28.1,66,30.3,21.2
2026-07-02T11:05:00+05:30,2026-07-02 11:05:00,29,32.5,22.7,9.7,14.8,20.1,88,0,0,0,28.7,6.6,618.5,69,8,820.9,28,67,30.3,21.3
2026-07-02T11:00:00+05:30,2026-07-02 11:00:00,29.1,32.6,22.6,0.6,14.8,20.1,98,0,0,0,28.7,6.6,618.5,68,7,814.7,28,67,30.3,21.3
2026-07-02T10:55:00+05:30,2026-07-02 10:55:00,29,32.7,23,7.9,16.6,20.1,101,0,0,0,28.7,6.6,618.5,70,7,776.1,27.9,67,30.1,21.2
2026-07-02T10:50:00+05:30,2026-07-02 10:50:00,28.4,31.4,22.4,5.8,9.3,20.1,64,0,0,0,28.7,6.6,618.5,70,7,802.7,27.8,67,29.9,21.1
2026-07-02T10:46:00+05:30,2026-07-02 10:46:00,28.3,31.2,22.3,11.1,18.3,20.1,51,0,0,0,28.7,6.6,618.5,70,7,749.9,27.8,67,29.9,21.1
2026-07-02T10:40:00+05:30,2026-07-02 10:40:00,28.1,31.2,22.6,0,5.5,20.1,124,0,0,0,28.7,6.6,618.5,72,8,864.6,27.8,67,29.9,21.1
2026-07-02T10:35:00+05:30,2026-07-02 10:35:00,28,30.8,22.2,9,20.1,20.1,38,0,0,0,28.7,6.6,618.5,71,6,670,27.7,67,29.8,21
2026-07-02T10:30:00+05:30,2026-07-02 10:30:00,28.6,32.1,22.8,3.5,18.3,20.1,81,0,0,0,28.7,6.6,618.5,71,1,122.1,27.6,67,29.6,20.9
2026-07-02T10:25:00+05:30,2026-07-02 10:25:00,28,30.8,22.2,0,5.5,20.1,58,0,0,0,28.7,6.6,618.5,71,6,683.8,27.6,67,29.6,20.9
2026-07-02T10:20:00+05:30,2026-07-02 10:20:00,28,30.9,22.5,11.6,18.3,20.1,77,0,0,0,28.7,6.6,618.5,72,7,746,27.6,67,29.6,20.9
2026-07-02T10:15:00+05:30,2026-07-02 10:15:00,28.1,31,22.3,0,16.6,20.1,93,0,0,0,28.7,6.6,618.5,71,3,384.1,27.5,67,29.4,20.8
2026-07-02T10:10:00+05:30,2026-07-02 10:10:00,28.4,31.6,22.6,13,16.6,20.1,107,0,0,0,28.7,6.6,618.5,71,3,351.1,27.5,67,29.4,20.8
2026-07-02T10:05:00+05:30,2026-07-02 10:05:00,28.1,30.9,22.1,5.8,13,20.1,81,0,6.6,0,28.7,6.6,618.5,70,6,717.1,27.5,67,29.4,20.8
2026-07-02T10:00:00+05:30,2026-07-02 10:00:00,28.2,31.2,22.5,6.9,16.6,20.1,63,0,6.6,0,28.7,6.6,618.5,71,6,691.7,27.4,68,29.3,20.9
2026-07-02T09:55:00+05:30,2026-07-02 09:55:00,28,30.8,22.2,13,14.8,20.1,49,0,6.6,0,28.7,6.6,618.5,71,6,692.7,27.4,68,29.3,20.9
2026-07-02T09:50:00+05:30,2026-07-02 09:50:00,27.6,30.3,22.3,0,20.1,20.1,75,0,6.6,0,28.7,6.6,618.5,73,6,684.1,27.3,68,29.2,20.8
2026-07-02T09:45:00+05:30,2026-07-02 09:45:00,27.7,30.5,22.4,7.9,13,20.1,121,0,6.6,0,28.7,6.6,618.5,73,6,670.6,27.3,68,29.2,20.8
2026-07-02T09:40:00+05:30,2026-07-02 09:40:00,27.5,30.1,22.2,5.5,18.3,20.1,74,0,6.6,0,28.7,6.6,618.5,73,6,680.7,27.3,68,29.2,20.8
2026-07-02T09:35:00+05:30,2026-07-02 09:35:00,27.8,30.6,22.5,2.9,16.6,20.1,67,0,6.6,0,28.7,6.6,618.5,73,3,343,27.3,69,29.2,21.1
2026-07-02T09:30:00+05:30,2026-07-02 09:30:00,28,30.9,22.5,9.7,16.6,20.1,104,0,6.6,0,28.7,6.6,618.5,72,6,676.3,27.2,69,29.2,21
2026-07-02T09:25:00+05:30,2026-07-02 09:25:00,27.9,30.8,22.6,6.4,14.8,20.1,70,0,6.6,0,28.7,6.6,618.5,73,5,539.9,27.1,69,28.9,20.9
2026-07-02T09:20:00+05:30,2026-07-02 09:20:00,27.5,30.1,22.2,2.1,5.5,20.1,75,0,6.6,0,28.7,6.6,618.5,73,6,622.2,27.1,69,28.9,20.9
2026-07-02T09:15:00+05:30,2026-07-02 09:15:00,27.2,29.7,22.4,3.2,9.3,20.1,74,0,6.6,0,28.7,6.6,618.5,75,5,589.9,27,69,28.8,20.8
2026-07-02T09:11:00+05:30,2026-07-02 09:11:00,27.1,29.4,22.1,4.3,13,20.1,143,0,6.6,0,28.7,6.6,618.5,74,5,587.9,27,69,28.8,20.8
2026-07-02T09:05:00+05:30,2026-07-02 09:05:00,27,29.4,22.4,8.2,13,20.1,105,0,6.6,0,28.7,6.6,618.5,76,5,567,27,69,28.8,20.8
2026-07-02T09:00:00+05:30,2026-07-02 09:00:00,27.1,29.5,22.3,1.8,9.3,20.1,73,0,6.6,0,28.7,6.6,618.5,75,5,574.1,26.9,69,28.6,20.7
2026-07-02T08:55:00+05:30,2026-07-02 08:55:00,27.1,29.4,22.1,4.7,11.1,20.1,114,0,6.6,0,28.7,6.6,618.5,74,5,539.5,26.9,69,28.6,20.7
2026-07-02T08:50:00+05:30,2026-07-02 08:50:00,26.9,29.2,22.3,6.9,13,20.1,63,0,6.6,0,28.7,6.6,618.5,76,5,519.8,26.9,69,28.6,20.7
2026-07-02T08:45:00+05:30,2026-07-02 08:45:00,26.9,29.1,22.1,4,14.8,20.1,79,0,6.6,0,28.7,6.6,618.5,75,4,512.3,26.9,70,28.7,20.9
2026-07-02T08:40:00+05:30,2026-07-02 08:40:00,26.7,28.8,21.9,6.1,14.8,20.1,93,0,6.6,0,28.7,6.6,618.5,75,4,510.1,26.9,70,28.7,20.9
2026-07-02T08:35:00+05:30,2026-07-02 08:35:00,26.6,27.3,22.2,4,13,20.1,113,0,6.6,0,28.7,6.6,618.5,77,1,195.2,26.9,70,28.7,20.9
2026-07-02T08:30:00+05:30,2026-07-02 08:30:00,26.5,27.2,22.1,0,13,16.6,56,0,6.6,0,28.7,6.6,618.5,77,1,195.2,26.8,71,28.6,21.1
2026-07-02T08:25:00+05:30,2026-07-02 08:25:00,26.3,27.1,22.5,0.3,7.2,16.6,74,0,6.6,0,28.7,6.6,618.5,80,4,450.3,26.8,71,28.6,21.1
2026-07-02T08:20:00+05:30,2026-07-02 08:20:00,26.3,27.1,22.5,0,7.2,16.6,94,0,6.6,0,28.7,6.6,618.5,80,4,439,26.7,72,28.6,21.2
2026-07-02T08:15:00+05:30,2026-07-02 08:15:00,26.2,27,22.7,11.1,13,16.6,118,0,6.6,0,28.7,6.6,618.5,81,3,378.2,26.7,71,28.4,21
2026-07-02T08:10:00+05:30,2026-07-02 08:10:00,25.9,26.7,22.6,1.1,13,16.6,94,0,6.6,0,28.7,6.6,618.5,82,3,349,26.7,71,28.4,21
2026-07-02T08:06:00+05:30,2026-07-02 08:06:00,25.6,26.4,22.5,7.9,14.8,16.6,92,0,6.6,0,28.7,6.6,618.5,83,3,336,26.6,71,27.2,20.9
2026-07-02T08:00:00+05:30,2026-07-02 08:00:00,25.6,26.4,22.7,0,7.2,16.6,44,0,6.6,0,28.7,6.6,618.5,84,2,292,26.6,71,27.2,20.9
2026-07-02T07:55:00+05:30,2026-07-02 07:55:00,25.3,26.1,22.4,0.6,9.3,16.6,70,0,6.6,0,28.7,6.6,618.5,84,3,309.1,26.6,71,27.2,20.9
2026-07-02T07:50:00+05:30,2026-07-02 07:50:00,25.7,26.5,22.6,0,0,16.6,124,0,6.6,0,28.7,6.6,618.5,83,2,298.7,26.6,71,27.2,20.9
2026-07-02T07:45:00+05:30,2026-07-02 07:45:00,25.7,26.5,22.4,1.4,3.5,16.6,84,0,6.6,0,28.7,6.6,618.5,82,2,276.9,26.6,71,27.2,20.9
2026-07-02T07:40:00+05:30,2026-07-02 07:40:00,25.7,26.5,22.6,2.9,9.3,16.6,97,0,6.6,0,28.7,6.6,618.5,83,2,257,26.6,71,27.2,20.9
2026-07-02T07:35:00+05:30,2026-07-02 07:35:00,25.4,26.2,22.3,0,5.5,16.6,144,0,6.6,0,28.7,6.6,618.5,83,2,233.6,26.5,71,27.1,20.8
2026-07-02T07:30:00+05:30,2026-07-02 07:30:00,25.4,26.2,22.5,1.4,13,16.6,77,0,6.6,0,28.7,6.6,618.5,84,1,189.2,26.5,71,27.1,20.8
2026-07-02T07:25:00+05:30,2026-07-02 07:25:00,25.4,26.2,22.3,2.6,7.2,16.6,73,0,6.6,0,28.7,6.6,618.5,83,1,157.8,26.5,71,27.1,20.8
2026-07-02T07:20:00+05:30,2026-07-02 07:20:00,25.2,26,22.1,5,11.1,16.6,102,0,6.6,0,28.7,6.6,618.5,83,1,166,26.5,71,27.1,20.8
2026-07-02T07:15:00+05:30,2026-07-02 07:15:00,25.1,25.9,22.2,0,0,16.6,68,0,6.6,0,28.7,6.6,618.5,84,1,157.2,26.4,71,26.9,20.7
2026-07-02T07:10:00+05:30,2026-07-02 07:10:00,24.8,25.5,22.1,2.9,9.3,16.6,103,0,6.6,0,28.7,6.6,618.5,85,1,148.4,26.4,71,26.9,20.7
2026-07-02T07:05:00+05:30,2026-07-02 07:05:00,24.7,25.5,22.2,0,11.1,16.6,88,0,6.6,0,28.7,6.6,618.5,86,1,120.7,26.4,71,26.9,20.7
2026-07-02T07:00:00+05:30,2026-07-02 07:00:00,24.7,25.5,22,4.3,9.3,16.6,80,0,6.6,0,28.7,6.6,618.5,85,1,121.3,26.4,71,26.9,20.7
2026-07-02T06:55:00+05:30,2026-07-02 06:55:00,24.5,25.3,22,0,5.5,16.6,73,0,6.6,0,28.7,6.6,618.5,86,1,103.7,26.3,70,26.8,20.3
2026-07-02T06:50:00+05:30,2026-07-02 06:50:00,24.2,25,21.9,1.4,7.2,16.6,116,0,6.6,0,28.7,6.6,618.5,87,0,89,26.4,70,26.9,20.4
2026-07-02T06:46:00+05:30,2026-07-02 06:46:00,24,24.8,21.9,0,5.5,16.6,73,0,6.6,0,28.7,6.6,618.5,88,0,72.7,26.3,70,26.8,20.3
2026-07-02T06:40:00+05:30,2026-07-02 06:40:00,23.8,24.5,21.9,0,0,16.6,73,0,6.6,0,28.7,6.6,618.5,89,0,42.2,26.3,70,26.8,20.3
2026-07-02T06:35:00+05:30,2026-07-02 06:35:00,23.6,24.4,21.9,0,5.5,16.6,82,0,6.6,0,28.7,6.6,618.5,90,0,31.8,26.3,70,26.8,20.3
2026-07-02T06:30:00+05:30,2026-07-02 06:30:00,23.6,24.4,21.9,0,5.5,16.6,67,0,6.6,0,28.7,6.6,618.5,90,0,23,26.3,70,26.8,20.3
2026-07-02T06:25:00+05:30,2026-07-02 06:25:00,23.7,24.5,21.8,0,0,16.6,69,0,6.6,0,28.7,6.6,618.5,89,0,20.8,26.3,70,26.8,20.3
2026-07-02T06:20:00+05:30,2026-07-02 06:20:00,23.7,24.4,21.6,0,7.2,16.6,71,0,6.6,0,28.7,6.6,618.5,88,0,15.9,26.3,70,26.8,20.3
2026-07-02T06:15:00+05:30,2026-07-02 06:15:00,23.8,24.5,21.7,6.9,9.3,16.6,90,0,6.6,0,28.7,6.6,618.5,88,0,12.5,26.4,70,26.9,20.4
2026-07-02T06:10:00+05:30,2026-07-02 06:10:00,23.7,24.4,21.6,2.9,7.2,16.6,125,0,6.6,0,28.7,6.6,618.5,88,0,9.4,26.4,70,26.9,20.4
2026-07-02T06:05:00+05:30,2026-07-02 06:05:00,23.8,24.5,21.5,0,3.5,16.6,72,0,6.6,0,28.7,6.6,618.5,87,0,6.2,26.3,70,26.8,20.3
2026-07-02T06:00:00+05:30,2026-07-02 06:00:00,23.7,24.4,21.4,6.4,16.6,16.6,82,0,6.6,0,28.7,6.6,618.5,87,0,3.6,26.3,70,26.8,20.3
2026-07-02T05:55:00+05:30,2026-07-02 05:55:00,23.8,24.5,21.7,0,0,16.6,72,0,6.6,0,28.7,6.6,618.5,88,0,2,26.3,70,26.8,20.3
2026-07-02T05:50:00+05:30,2026-07-02 05:50:00,23.9,24.6,21.6,1.1,13,16.6,111,0,6.6,0,28.7,6.6,618.5,87,0,0.9,26.4,70,26.9,20.4
2026-07-02T05:45:00+05:30,2026-07-02 05:45:00,23.9,24.6,21.6,6.4,7.2,16.6,113,0,6.6,0,28.7,6.6,618.5,87,0,0.4,26.4,70,26.9,20.4
2026-07-02T05:41:00+05:30,2026-07-02 05:41:00,23.9,24.6,21.6,0.3,11.1,16.6,67,0,6.6,0,28.7,6.6,618.5,87,0,0.1,26.4,70,26.9,20.4
2026-07-02T05:35:00+05:30,2026-07-02 05:35:00,24,24.7,21.5,0,9.3,16.6,86,0,6.6,0,28.7,6.6,618.5,86,0,0,26.4,69,26.9,20.2
2026-07-02T05:30:00+05:30,2026-07-02 05:30:00,24,24.7,21.5,0,7.2,16.6,70,0,6.6,0,28.7,6.6,618.5,86,0,0,26.4,69,26.9,20.2
2026-07-02T05:25:00+05:30,2026-07-02 05:25:00,24.1,24.8,21.4,2.6,13,16.6,79,0,6.6,0,28.7,6.6,618.5,85,0,0,26.5,69,27,20.3
2026-07-02T05:20:00+05:30,2026-07-02 05:20:00,24.1,24.8,21.6,0,9.3,16.6,66,0,6.6,0,28.7,6.6,618.5,86,0,0,26.5,69,27,20.3
2026-07-02T05:15:00+05:30,2026-07-02 05:15:00,24,24.7,21.5,6.1,13,16.6,94,0,6.6,0,28.7,6.6,618.5,86,0,0,26.5,69,27,20.3
2026-07-02T05:10:00+05:30,2026-07-02 05:10:00,24,24.7,21.5,1.8,7.2,16.6,87,0,6.6,0,28.7,6.6,618.5,86,0,0,26.5,69,27,20.3
2026-07-02T05:05:00+05:30,2026-07-02 05:05:00,24.1,24.8,21.6,0.3,3.5,16.6,63,0,6.6,0,28.7,6.6,618.5,86,0,0,26.5,69,27,20.3
2026-07-02T05:00:00+05:30,2026-07-02 05:00:00,24.1,24.8,21.6,4,11.1,16.6,67,0,6.6,0,28.7,6.6,618.5,86,0,0,26.5,69,27,20.3
2026-07-02T04:55:00+05:30,2026-07-02 04:55:00,24.2,24.9,21.5,2.9,7.2,16.6,92,0,6.6,0,28.7,6.6,618.5,85,0,0,26.5,69,27,20.3
2026-07-02T04:50:00+05:30,2026-07-02 04:50:00,24.3,25,21.6,0.3,7.2,16.6,72,0,6.6,0,28.7,6.6,618.5,85,0,0,26.5,69,27,20.3
2026-07-02T04:45:00+05:30,2026-07-02 04:45:00,24.2,24.9,21.7,0,0,16.6,81,0,6.6,0,28.7,6.6,618.5,86,0,0,26.5,69,27,20.3
2026-07-02T04:40:00+05:30,2026-07-02 04:40:00,24.1,24.8,21.6,1.4,5.5,16.6,73,0,6.6,0,28.7,6.6,618.5,86,0,0,26.6,69,27.1,20.4
2026-07-02T04:36:00+05:30,2026-07-02 04:36:00,24.2,24.9,21.7,0,0,16.6,82,0,6.6,0,28.7,6.6,618.5,86,0,0,26.6,69,27.1,20.4
2026-07-02T04:30:00+05:30,2026-07-02 04:30:00,24.3,25,21.8,2.1,5.5,16.6,69,0,6.6,0,28.7,6.6,618.5,86,0,0,26.6,69,27.1,20.4
2026-07-02T04:25:00+05:30,2026-07-02 04:25:00,24.3,25,21.8,7.2,11.1,16.6,96,0,6.6,0,28.7,6.6,618.5,86,0,0,26.6,69,27.1,20.4
2026-07-02T04:20:00+05:30,2026-07-02 04:20:00,24.3,25,21.8,1.1,9.3,16.6,68,0,6.6,0,28.7,6.6,618.5,86,0,0,26.6,69,27.1,20.4
2026-07-02T04:15:00+05:30,2026-07-02 04:15:00,24.3,25,21.8,0.3,3.5,16.6,83,0,6.6,0,28.7,6.6,618.5,86,0,0,26.6,69,27.1,20.4
2026-07-02T04:10:00+05:30,2026-07-02 04:10:00,24.3,25,21.6,4.3,9.3,16.6,60,0,6.6,0,28.7,6.6,618.5,85,0,0,26.6,69,27.1,20.4
2026-07-02T04:05:00+05:30,2026-07-02 04:05:00,24.4,25.1,21.7,0,7.2,16.6,78,0,6.6,0,28.7,6.6,618.5,85,0,0,26.6,69,27.1,20.4
2026-07-02T04:00:00+05:30,2026-07-02 04:00:00,24.4,25.1,21.7,2.1,7.2,16.6,81,0,6.6,0,28.7,6.6,618.5,85,0,0,26.6,69,27.1,20.4
2026-07-02T03:55:00+05:30,2026-07-02 03:55:00,24.4,25.1,21.7,0,9.3,16.6,100,0,6.6,0,28.7,6.6,618.5,85,0,0,26.6,69,27.1,20.4
2026-07-02T03:50:00+05:30,2026-07-02 03:50:00,24.5,25.2,21.6,2.1,14.8,16.6,76,0,6.6,0,28.7,6.6,618.5,84,0,0,26.7,69,28.3,20.6
2026-07-02T03:45:00+05:30,2026-07-02 03:45:00,24.5,25.2,21.6,0,11.1,16.6,82,0,6.6,0,28.7,6.6,618.5,84,0,0,26.7,69,28.3,20.6
2026-07-02T03:40:00+05:30,2026-07-02 03:40:00,24.4,25.1,21.7,0,7.2,14.8,71,0,6.6,0,28.7,6.6,618.5,85,0,0,26.7,69,28.3,20.6
2026-07-02T03:35:00+05:30,2026-07-02 03:35:00,24.4,25.1,21.7,0,7.2,14.8,75,0,6.6,0,28.7,6.6,618.5,85,0,0,26.7,69,28.3,20.6
2026-07-02T03:30:00+05:30,2026-07-02 03:30:00,24.4,25.1,21.7,0,11.1,14.8,132,0,6.6,0,28.7,6.6,618.5,85,0,0,26.8,68,28.3,20.4
2026-07-02T03:25:00+05:30,2026-07-02 03:25:00,24.4,25.1,21.7,0,3.5,14.8,80,0,6.6,0,28.7,6.6,618.5,85,0,0,26.8,68,28.3,20.4
2026-07-02T03:20:00+05:30,2026-07-02 03:20:00,24.4,25.1,21.7,0.3,13,14.8,99,0,6.6,0,28.7,6.6,618.5,85,0,0,26.8,68,28.3,20.4
2026-07-02T03:15:00+05:30,2026-07-02 03:15:00,24.5,25.2,21.8,0,7.2,14.8,72,0,6.6,0,28.7,6.6,618.5,85,0,0,26.8,68,28.3,20.4
2026-07-02T03:10:00+05:30,2026-07-02 03:10:00,24.5,25.2,21.6,10.5,13,14.8,97,0,6.6,0,28.7,6.6,618.5,84,0,0,26.8,68,28.3,20.4
2026-07-02T03:05:00+05:30,2026-07-02 03:05:00,24.5,25.2,21.6,0,3.5,14.8,66,0,6.6,0,28.7,6.6,618.5,84,0,0,26.8,68,28.3,20.4
2026-07-02T03:00:00+05:30,2026-07-02 03:00:00,24.4,25.1,21.5,2.1,7.2,14.8,82,0,6.6,0,28.7,6.6,618.5,84,0,0,26.8,68,28.3,20.4
2026-07-02T02:55:00+05:30,2026-07-02 02:55:00,24.4,25.1,21.5,3.2,7.2,14.8,73,0,6.6,0,28.7,6.6,618.5,84,0,0,26.9,68,28.5,20.4
2026-07-02T02:50:00+05:30,2026-07-02 02:50:00,24.4,25.1,21.7,2.1,5.5,14.8,93,0,6.6,0,28.7,6.6,618.5,85,0,0,26.9,68,28.5,20.4
2026-07-02T02:45:00+05:30,2026-07-02 02:45:00,24.5,25.2,21.6,5.5,9.3,14.8,92,0,6.6,0,28.7,6.6,618.5,84,0,0,26.9,68,28.5,20.4
2026-07-02T02:40:00+05:30,2026-07-02 02:40:00,24.5,25.2,21.6,3.5,3.5,14.8,65,0,6.6,0,28.7,6.6,618.5,84,0,0,26.9,68,28.5,20.4
2026-07-02T02:35:00+05:30,2026-07-02 02:35:00,24.6,25.3,21.7,0,0,14.8,66,0,6.6,0,28.7,6.6,618.5,84,0,0,26.9,68,28.5,20.4
2026-07-02T02:30:00+05:30,2026-07-02 02:30:00,24.6,25.3,21.5,3.5,11.1,14.8,76,0,6.6,0,28.7,6.6,618.5,83,0,0,26.9,68,28.5,20.4
2026-07-02T02:25:00+05:30,2026-07-02 02:25:00,24.6,25.3,21.5,2.1,9.3,14.8,66,0,6.6,0,28.7,6.6,618.5,83,0,0,26.9,68,28.5,20.4
2026-07-02T02:20:00+05:30,2026-07-02 02:20:00,24.6,25.3,21.5,0.3,3.5,14.8,85,0,6.6,0,28.7,6.6,618.5,83,0,0,26.9,68,28.5,20.4
2026-07-02T02:15:00+05:30,2026-07-02 02:15:00,24.6,25.3,21.5,0.3,1.8,14.8,61,0,6.6,0,28.7,6.6,618.5,83,0,0,26.9,68,28.5,20.4
2026-07-02T02:11:00+05:30,2026-07-02 02:11:00,24.6,25.3,21.5,2.1,7.2,14.8,64,0,6.6,0,28.7,6.6,618.5,83,0,0,26.9,68,28.5,20.4
2026-07-02T02:05:00+05:30,2026-07-02 02:05:00,24.6,25.3,21.5,2.9,9.3,14.8,75,0,6.6,0,28.7,6.6,618.5,83,0,0,27,68,28.7,20.6
2026-07-02T02:00:00+05:30,2026-07-02 02:00:00,24.6,25.3,21.5,0.3,7.2,14.8,94,0,6.6,0,28.7,6.6,618.5,83,0,0,27,68,28.7,20.6
2026-07-02T01:55:00+05:30,2026-07-02 01:55:00,24.6,25.3,21.5,2.9,5.5,14.8,77,0,6.6,0,28.7,6.6,618.5,83,0,0,27,68,28.7,20.6
2026-07-02T01:50:00+05:30,2026-07-02 01:50:00,24.7,25.4,21.6,1.4,3.5,14.8,86,0,6.6,0,28.7,6.6,618.5,83,0,0,27,68,28.7,20.6
2026-07-02T01:45:00+05:30,2026-07-02 01:45:00,24.7,25.4,21.4,2.9,7.2,14.8,103,0,6.6,0,28.7,6.6,618.5,82,0,0,27,68,28.7,20.6
2026-07-02T01:40:00+05:30,2026-07-02 01:40:00,24.7,25.4,21.6,3.5,11.1,14.8,86,0,6.6,0,28.7,6.6,618.5,83,0,0,27,68,28.7,20.6
2026-07-02T01:35:00+05:30,2026-07-02 01:35:00,24.7,25.4,21.6,2.6,11.1,14.8,68,0,6.6,0,28.7,6.6,618.5,83,0,0,27.1,68,28.9,20.7
2026-07-02T01:30:00+05:30,2026-07-02 01:30:00,24.7,25.4,21.6,5,9.3,13,91,0,6.6,0,28.7,6.6,618.5,83,0,0,27.1,68,28.9,20.7
2026-07-02T01:25:00+05:30,2026-07-02 01:25:00,24.7,25.4,21.6,0,11.1,13,65,0,6.6,0,28.7,6.6,618.5,83,0,0,27.1,68,28.9,20.7
2026-07-02T01:20:00+05:30,2026-07-02 01:20:00,24.6,25.3,21.5,4,7.2,13,94,0,6.6,0,28.7,6.6,618.5,83,0,0,27.1,68,28.9,20.7
2026-07-02T01:15:00+05:30,2026-07-02 01:15:00,24.6,25.3,21.7,0.3,7.2,13,95,0,6.6,0,28.7,6.6,618.5,84,0,0,27.1,68,28.9,20.7
2026-07-02T01:10:00+05:30,2026-07-02 01:10:00,24.6,25.3,21.7,0,0,13,69,0,6.6,0,28.7,6.6,618.5,84,0,0,27.2,68,29.1,20.8
2026-07-02T01:06:00+05:30,2026-07-02 01:06:00,24.6,25.3,21.5,8.2,13,13,81,0,6.6,0,28.7,6.6,618.5,83,0,0,27.2,68,29.1,20.8
2026-07-02T01:00:00+05:30,2026-07-02 01:00:00,24.6,25.3,21.7,3.2,9.3,13,134,0,6.6,0,28.7,6.6,618.5,84,0,0,27.2,68,29.1,20.8
2026-07-02T00:55:00+05:30,2026-07-02 00:55:00,24.6,25.3,21.7,2.1,3.5,13,95,0,6.6,0,28.7,6.6,618.5,84,0,0,27.2,68,29.1,20.8
2026-07-02T00:50:00+05:30,2026-07-02 00:50:00,24.6,25.3,21.7,0,3.5,13,71,0,6.6,0,28.7,6.6,618.5,84,0,0,27.3,68,29.2,20.8
2026-07-02T00:45:00+05:30,2026-07-02 00:45:00,24.6,25.3,21.7,5.5,7.2,13,78,0,6.6,0,28.7,6.6,618.5,84,0,0,27.3,68,29.2,20.8
2026-07-02T00:40:00+05:30,2026-07-02 00:40:00,24.6,25.3,21.7,3.2,7.2,13,81,0,6.6,0,28.7,6.6,618.5,84,0,0,27.3,68,29.2,20.8
2026-07-02T00:35:00+05:30,2026-07-02 00:35:00,24.6,25.3,21.7,3.2,11.1,13,79,0,6.6,0,28.7,6.6,618.5,84,0,0,27.3,68,29.2,20.8
2026-07-02T00:30:00+05:30,2026-07-02 00:30:00,24.6,25.3,21.7,2.1,7.2,13,78,0,6.6,0,28.7,6.6,618.5,84,0,0,27.3,68,29.2,20.8
2026-07-02T00:25:00+05:30,2026-07-02 00:25:00,24.6,25.3,21.9,1.8,5.5,13,72,0,6.6,0,28.7,6.6,618.5,85,0,0,27.3,68,29.2,20.8
2026-07-02T00:20:00+05:30,2026-07-02 00:20:00,24.7,25.4,21.8,4.7,13,13,94,0,6.6,0,28.7,6.6,618.5,84,0,0,27.4,68,29.3,20.9
2026-07-02T00:15:00+05:30,2026-07-02 00:15:00,24.7,25.4,21.8,0,3.5,11.1,70,0,6.6,0,28.7,6.6,618.5,84,0,0,27.4,67,29.2,20.7
2026-07-02T00:10:00+05:30,2026-07-02 00:10:00,24.7,25.4,21.8,3.2,5.5,11.1,60,0,6.6,0,28.7,6.6,618.5,84,0,0,27.4,67,29.2,20.7
2026-07-02T00:05:00+05:30,2026-07-02 00:05:00,24.7,25.4,21.8,4,5.5,11.1,79,0,6.6,0,28.7,6.6,618.5,84,0,0,27.4,67,29.2,20.7
2026-07-02T00:01:00+05:30,2026-07-02 00:01:00,24.7,25.4,21.8,2.1,7.2,7.2,92,0,6.6,0,28.7,6.6,618.5,84,0,0,27.4,67,29.2,20.7
2026-07-01T23:55:00+05:30,2026-07-01 23:55:00,24.7,25.4,21.8,4.7,9.3,34.9,96,0,6.6,6.6,28.7,6.6,618.5,84,0,0,27.4,67,29.2,20.7
2026-07-01T23:50:00+05:30,2026-07-01 23:50:00,24.7,25.4,21.8,0.6,7.2,34.9,103,0,6.6,6.6,28.7,6.6,618.5,84,0,0,27.5,67,29.4,20.8
2026-07-01T23:45:00+05:30,2026-07-01 23:45:00,24.7,25.5,22,1.4,5.5,34.9,72,0,6.6,6.6,28.7,6.6,618.5,85,0,0,27.5,67,29.4,20.8
2026-07-01T23:40:00+05:30,2026-07-01 23:40:00,24.7,25.5,22,2.9,7.2,34.9,95,0,6.6,6.6,28.7,6.6,618.5,85,0,0,27.5,67,29.4,20.8
2026-07-01T23:35:00+05:30,2026-07-01 23:35:00,24.8,25.5,21.9,1.4,3.5,34.9,76,0,6.6,6.6,28.7,6.6,618.5,84,0,0,27.6,67,29.6,20.9
2026-07-01T23:30:00+05:30,2026-07-01 23:30:00,24.8,25.5,21.9,3.5,7.2,34.9,86,0,6.6,6.6,28.7,6.6,618.5,84,0,0,27.5,67,29.4,20.8
2026-07-01T23:25:00+05:30,2026-07-01 23:25:00,24.8,25.5,21.9,7.2,13,34.9,88,0,6.6,6.6,28.7,6.6,618.5,84,0,0,27.6,67,29.6,20.9
2026-07-01T23:20:00+05:30,2026-07-01 23:20:00,24.8,25.5,21.9,0.6,5.5,34.9,65,0,6.6,6.6,28.7,6.6,618.5,84,0,0,27.6,67,29.6,20.9
2026-07-01T23:15:00+05:30,2026-07-01 23:15:00,24.8,25.5,21.9,0,3.5,34.9,86,0,6.6,6.6,28.7,6.6,618.5,84,0,0,27.6,67,29.6,20.9
2026-07-01T23:10:00+05:30,2026-07-01 23:10:00,24.8,25.5,21.9,4,7.2,34.9,95,0,6.6,6.6,28.7,6.6,618.5,84,0,0,27.6,67,29.6,20.9
2026-07-01T23:05:00+05:30,2026-07-01 23:05:00,24.8,25.5,21.9,3.2,5.5,34.9,77,0,6.6,6.6,28.7,6.6,618.5,84,0,0,27.6,67,29.6,20.9
2026-07-01T23:00:00+05:30,2026-07-01 23:00:00,24.8,25.5,21.9,3.5,5.5,34.9,74,0,6.6,6.6,28.7,6.6,618.5,84,0,0,27.7,67,29.8,21
2026-07-01T22:55:00+05:30,2026-07-01 22:55:00,24.8,25.5,21.7,0,9.3,34.9,76,0,6.6,6.6,28.7,6.6,618.5,83,0,0,27.7,67,29.8,21
2026-07-01T22:50:00+05:30,2026-07-01 22:50:00,24.8,25.5,21.7,0,3.5,34.9,63,0,6.6,6.6,28.7,6.6,618.5,83,0,0,27.7,67,29.8,21
2026-07-01T22:45:00+05:30,2026-07-01 22:45:00,24.8,25.5,21.7,1.4,7.2,34.9,85,0,6.6,6.6,28.7,6.6,618.5,83,0,0,27.7,66,29.7,20.8
2026-07-01T22:40:00+05:30,2026-07-01 22:40:00,24.8,25.5,21.9,2.9,9.3,34.9,88,0,6.6,6.6,28.7,6.6,618.5,84,0,0,27.8,66,29.8,20.8
2026-07-01T22:35:00+05:30,2026-07-01 22:35:00,24.8,25.5,21.7,0,5.5,34.9,81,0,6.6,6.6,28.7,6.6,618.5,83,0,0,27.8,66,29.8,20.8
2026-07-01T22:30:00+05:30,2026-07-01 22:30:00,24.8,25.5,21.7,0,11.1,34.9,70,0,6.6,6.6,28.7,6.6,618.5,83,0,0,27.8,66,29.8,20.8
2026-07-01T22:25:00+05:30,2026-07-01 22:25:00,24.9,25.6,21.8,5.5,5.5,34.9,66,0,6.6,6.6,28.7,6.6,618.5,83,0,0,27.8,66,29.8,20.8
2026-07-01T22:20:00+05:30,2026-07-01 22:20:00,24.9,25.6,21.8,0,0,34.9,69,0,6.6,6.6,28.7,6.6,618.5,83,0,0,27.8,66,29.8,20.8
2026-07-01T22:15:00+05:30,2026-07-01 22:15:00,24.9,25.6,21.8,0.3,3.5,34.9,69,0,6.6,6.6,28.7,6.6,618.5,83,0,0,27.8,66,29.8,20.8
2026-07-01T22:10:00+05:30,2026-07-01 22:10:00,24.9,25.6,21.8,0,5.5,34.9,68,0,6.6,6.6,28.7,6.6,618.5,83,0,0,27.8,66,29.8,20.8
2026-07-01T22:05:00+05:30,2026-07-01 22:05:00,24.9,25.6,21.8,0.6,7.2,34.9,77,0,6.6,6.6,28.7,6.6,618.5,83,0,0,27.9,66,29.9,20.9
2026-07-01T22:00:00+05:30,2026-07-01 22:00:00,24.9,25.6,21.8,0,3.5,34.9,81,0,6.6,6.6,28.7,6.6,618.5,83,0,0,27.9,66,29.9,20.9
2026-07-01T21:55:00+05:30,2026-07-01 21:55:00,24.9,25.6,21.8,5.5,9.3,34.9,105,0,6.6,6.6,28.7,6.6,618.5,83,0,0,27.9,66,29.9,20.9
2026-07-01T21:50:00+05:30,2026-07-01 21:50:00,24.9,25.6,21.8,0,3.5,34.9,100,0,6.6,6.6,28.7,6.6,618.5,83,0,0,27.9,66,29.9,20.9
2026-07-01T21:45:00+05:30,2026-07-01 21:45:00,25,25.7,21.9,4,7.2,34.9,78,0,6.6,6.6,28.7,6.6,618.5,83,0,0,27.9,66,29.9,20.9
2026-07-01T21:40:00+05:30,2026-07-01 21:40:00,25,25.7,21.7,7.6,13,34.9,76,0,6.6,6.6,28.7,6.6,618.5,82,0,0,28,66,30.2,21.1
2026-07-01T21:36:00+05:30,2026-07-01 21:36:00,25,25.7,21.7,2.1,7.2,34.9,78,0,6.6,6.6,28.7,6.6,618.5,82,0,0,28,66,30.2,21.1
2026-07-01T21:30:00+05:30,2026-07-01 21:30:00,25,25.7,21.7,4.3,7.2,34.9,78,0,6.6,6.6,28.7,6.6,618.5,82,0,0,28,66,30.2,21.1
2026-07-01T21:25:00+05:30,2026-07-01 21:25:00,25.1,25.8,21.8,1.4,5.5,34.9,68,0,6.6,6.6,28.7,6.6,618.5,82,0,0,28.1,66,30.3,21.2
2026-07-01T21:20:00+05:30,2026-07-01 21:20:00,25.1,25.8,21.8,5.5,13,34.9,95,0,6.6,6.6,28.7,6.6,618.5,82,0,0,28.1,66,30.3,21.2
2026-07-01T21:15:00+05:30,2026-07-01 21:15:00,25.2,25.9,21.7,3.5,9.3,34.9,99,0,6.6,6.6,28.7,6.6,618.5,81,0,0,28.1,66,30.3,21.2
2026-07-01T21:10:00+05:30,2026-07-01 21:10:00,25,25.7,21.7,1.1,7.2,34.9,72,0,6.6,6.6,28.7,6.6,618.5,82,0,0,28.1,66,30.3,21.2
2026-07-01T21:05:00+05:30,2026-07-01 21:05:00,25.1,25.8,21.8,0,0,34.9,71,0,6.6,6.6,28.7,6.6,618.5,82,0,0,28.1,66,30.3,21.2
2026-07-01T21:00:00+05:30,2026-07-01 21:00:00,25.1,25.8,21.8,0,0,34.9,59,0,6.6,6.6,28.7,6.6,618.5,82,0,0,28.2,66,30.6,21.3
2026-07-01T20:55:00+05:30,2026-07-01 20:55:00,25.1,25.8,21.8,0,0,34.9,73,0,6.6,6.6,28.7,6.6,618.5,82,0,0,28.2,66,30.6,21.3
2026-07-01T20:50:00+05:30,2026-07-01 20:50:00,25,25.7,21.9,0,0,34.9,69,0,6.6,6.6,28.7,6.6,618.5,83,0,0,28.2,66,30.6,21.3
2026-07-01T20:45:00+05:30,2026-07-01 20:45:00,25.1,25.8,22,0.3,1.8,34.9,71,0,6.6,6.6,28.7,6.6,618.5,83,0,0,28.2,66,30.6,21.3
2026-07-01T20:40:00+05:30,2026-07-01 20:40:00,25.1,25.8,22,0,5.5,34.9,69,0,6.6,6.6,28.7,6.6,618.5,83,0,0,28.2,66,30.6,21.3
2026-07-01T20:35:00+05:30,2026-07-01 20:35:00,25.2,26,22.1,0,0,34.9,65,0,6.6,6.6,28.7,6.6,618.5,83,0,0,28.3,66,30.7,21.3
2026-07-01T20:31:00+05:30,2026-07-01 20:31:00,25.1,25.8,22,0,1.8,34.9,75,0,6.6,6.6,28.7,6.6,618.5,83,0,0,28.3,66,30.7,21.3
2026-07-01T20:25:00+05:30,2026-07-01 20:25:00,25.1,25.8,22,0,1.8,34.9,68,0,6.6,6.6,28.7,6.6,618.5,83,0,0,28.3,66,30.7,21.3
2026-07-01T20:20:00+05:30,2026-07-01 20:20:00,25,25.7,21.9,0,7.2,34.9,66,0,6.6,6.6,28.7,6.6,618.5,83,0,0,28.3,66,30.7,21.3
2026-07-01T20:15:00+05:30,2026-07-01 20:15:00,25,25.7,21.9,4,5.5,34.9,94,0,6.6,6.6,28.7,6.6,618.5,83,0,0,28.4,66,30.8,21.4
2026-07-01T20:10:00+05:30,2026-07-01 20:10:00,25.2,26,22.1,0,0,34.9,73,0,6.6,6.6,28.7,6.6,618.5,83,0,0,28.4,66,30.8,21.4
2026-07-01T20:05:00+05:30,2026-07-01 20:05:00,25.2,26,22.1,0,1.8,34.9,70,0,6.6,6.6,28.7,6.6,618.5,83,0,0,28.4,66,30.8,21.4
2026-07-01T20:00:00+05:30,2026-07-01 20:00:00,25.2,26,22.1,0,3.5,34.9,70,0,6.6,6.6,28.7,6.6,618.5,83,0,0,28.4,65,30.7,21.2
2026-07-01T19:55:00+05:30,2026-07-01 19:55:00,25.3,26,22,1.1,5.5,34.9,69,0,6.6,6.6,28.7,6.6,618.5,82,0,0,28.4,65,30.7,21.2
2026-07-01T19:50:00+05:30,2026-07-01 19:50:00,25.2,25.9,21.9,3.2,3.5,34.9,90,0,6.6,6.6,28.7,6.6,618.5,82,0,0,28.5,65,30.9,21.3
2026-07-01T19:45:00+05:30,2026-07-01 19:45:00,25.3,26,22,0,7.2,34.9,73,0,6.6,6.6,28.7,6.6,618.5,82,0,0,28.5,65,30.9,21.3
2026-07-01T19:40:00+05:30,2026-07-01 19:40:00,25.4,26.1,22.1,2.1,7.2,34.9,78,0,6.6,6.6,28.7,6.6,618.5,82,0,0,28.5,65,30.9,21.3
2026-07-01T19:35:00+05:30,2026-07-01 19:35:00,25.4,26.1,21.9,1.4,5.5,34.9,67,0,6.6,6.6,28.7,6.6,618.5,81,0,0,28.5,65,30.9,21.3
2026-07-01T19:30:00+05:30,2026-07-01 19:30:00,25.5,26.2,22,0.3,7.2,34.9,70,0,6.6,6.6,28.7,6.6,618.5,81,0,0,28.6,65,31.1,21.4
2026-07-01T19:25:00+05:30,2026-07-01 19:25:00,25.5,26.2,22,0,3.5,34.9,75,0,6.6,6.6,28.7,6.6,618.5,81,0,0,28.6,65,31.1,21.4
2026-07-01T19:20:00+05:30,2026-07-01 19:20:00,25.5,26.2,22,3.5,5.5,34.9,71,0,6.6,6.6,28.7,6.6,618.5,81,0,0,28.6,65,31.1,21.4
2026-07-01T19:15:00+05:30,2026-07-01 19:15:00,25.6,26.3,21.9,0,1.8,34.9,80,0,6.6,6.6,28.7,6.6,618.5,80,0,0,28.6,65,31.1,21.4
2026-07-01T19:10:00+05:30,2026-07-01 19:10:00,25.6,26.3,21.9,2.1,7.2,34.9,66,0,6.6,6.6,28.7,6.6,618.5,80,0,0,28.7,65,31.3,21.5
2026-07-01T19:05:00+05:30,2026-07-01 19:05:00,25.7,26.4,22,0,0,34.9,87,0,6.6,6.6,28.7,6.6,618.5,80,0,0,28.7,65,31.3,21.5
2026-07-01T19:00:00+05:30,2026-07-01 19:00:00,25.8,26.5,22.1,0,3.5,34.9,76,0,6.6,6.6,28.7,6.6,618.5,80,0,0,28.7,65,31.3,21.5
2026-07-01T18:55:00+05:30,2026-07-01 18:55:00,25.8,26.5,22.1,0,0,34.9,72,0,6.6,6.6,28.7,6.6,618.5,80,0,0,28.7,65,31.3,21.5
2026-07-01T18:50:00+05:30,2026-07-01 18:50:00,25.8,26.5,22.1,4.7,9.3,34.9,84,0,6.6,6.6,28.7,6.6,618.5,80,0,0,28.8,65,31.4,21.6
2026-07-01T18:45:00+05:30,2026-07-01 18:45:00,25.9,26.6,22.4,1.8,7.2,34.9,89,0,6.6,6.6,28.7,6.6,618.5,81,0,0,28.8,65,31.4,21.6
2026-07-01T18:40:00+05:30,2026-07-01 18:40:00,26,26.8,22.5,2.1,7.2,34.9,79,0,6.6,6.6,28.7,6.6,618.5,81,0,0.2,28.8,65,31.4,21.6
2026-07-01T18:35:00+05:30,2026-07-01 18:35:00,26,26.7,22.3,2.1,9.3,34.9,73,0,6.6,6.6,28.7,6.6,618.5,80,0,0.5,28.8,65,31.4,21.6
2026-07-01T18:30:00+05:30,2026-07-01 18:30:00,26,26.8,22.5,0,0,34.9,76,0,6.6,6.6,28.7,6.6,618.5,81,0,1.3,28.9,65,31.6,21.6
2026-07-01T18:25:00+05:30,2026-07-01 18:25:00,26.1,26.9,22.4,2.9,9.3,34.9,66,0,6.6,6.6,28.7,6.6,618.5,80,0,2.8,28.9,65,31.6,21.6
2026-07-01T18:20:00+05:30,2026-07-01 18:20:00,26.2,27,22.5,5.8,7.2,34.9,62,0,6.6,6.6,28.7,6.6,618.5,80,0,4.5,28.9,65,31.6,21.6
2026-07-01T18:15:00+05:30,2026-07-01 18:15:00,26.3,27.1,22.5,0,7.2,34.9,84,0,6.6,6.6,28.7,6.6,618.5,80,0,7.1,28.9,65,31.6,21.6
2026-07-01T18:10:00+05:30,2026-07-01 18:10:00,26.3,27.1,22.5,0,0,34.9,67,0,6.6,6.6,28.7,6.6,618.5,80,0,10.6,28.9,65,31.6,21.6
2026-07-01T18:06:00+05:30,2026-07-01 18:06:00,26.4,27.1,22.4,2.1,11.1,34.9,74,0,6.6,6.6,28.7,6.6,618.5,79,0,14.1,28.9,65,31.6,21.6
2026-07-01T18:00:00+05:30,2026-07-01 18:00:00,26.4,27.1,22.4,0,5.5,34.9,76,0,6.6,6.6,28.7,6.6,618.5,79,0,19.5,28.9,65,31.6,21.6
2026-07-01T17:55:00+05:30,2026-07-01 17:55:00,26.4,27.1,22.4,0,9.3,34.9,84,0,6.6,6.6,28.7,6.6,618.5,79,0,23,29,65,31.8,21.7
2026-07-01T17:50:00+05:30,2026-07-01 17:50:00,26.5,27.2,22.3,6.1,9.3,34.9,74,0,6.6,6.6,28.7,6.6,618.5,78,0,28.4,29,65,31.8,21.7
2026-07-01T17:45:00+05:30,2026-07-01 17:45:00,26.5,27.2,22.3,5.5,9.3,34.9,97,0,6.6,6.6,28.7,6.6,618.5,78,0,32.8,29,65,31.8,21.7
2026-07-01T17:40:00+05:30,2026-07-01 17:40:00,26.7,29,22.6,0,11.1,34.9,90,0,6.6,6.6,28.7,6.6,618.5,78,0,39.3,29.1,65,32.1,21.8
2026-07-01T17:35:00+05:30,2026-07-01 17:35:00,26.7,29,22.6,2.1,14.8,34.9,157,0,6.6,6.6,28.7,6.6,618.5,78,0,40.4,29.1,64,31.9,21.6
2026-07-01T17:30:00+05:30,2026-07-01 17:30:00,26.7,29,22.6,8.7,11.1,34.9,56,0,6.6,6.6,28.7,6.6,618.5,78,0,49.8,29.1,64,31.9,21.6
2026-07-01T17:25:00+05:30,2026-07-01 17:25:00,26.8,29.1,22.6,0,7.2,34.9,63,0,6.6,6.6,28.7,6.6,618.5,78,0,55.6,29.1,64,31.9,21.6
2026-07-01T17:20:00+05:30,2026-07-01 17:20:00,26.8,29,22.4,4,13,34.9,93,0,6.6,6.6,28.7,6.6,618.5,77,0,62.1,29.2,64,32.1,21.7
2026-07-01T17:15:00+05:30,2026-07-01 17:15:00,26.9,29.2,22.5,8.2,11.1,34.9,86,0,6.6,6.6,28.7,6.6,618.5,77,0,68.1,29.2,64,32.1,21.7
2026-07-01T17:10:00+05:30,2026-07-01 17:10:00,27,29.4,22.4,6.1,13,34.9,102,0,6.6,6.6,28.7,6.6,618.5,76,0,79.1,29.3,65,32.4,22
2026-07-01T17:05:00+05:30,2026-07-01 17:05:00,27.1,29.7,22.7,0,13,34.9,210,0,6.6,6.6,28.7,6.6,618.5,77,0,91.9,29.3,64,32.2,21.7
2026-07-01T17:01:00+05:30,2026-07-01 17:01:00,27.2,29.9,22.8,4.3,11.1,34.9,73,0,6.6,6.6,28.7,6.6,618.5,77,0,99.5,29.3,64,32.2,21.7
2026-07-01T16:55:00+05:30,2026-07-01 16:55:00,27.3,29.9,22.7,8.2,13,34.9,70,0,6.6,6.6,28.7,6.6,618.5,76,1,106.6,29.3,64,32.2,21.7
2026-07-01T16:50:00+05:30,2026-07-01 16:50:00,27.3,29.9,22.7,5,11.1,34.9,88,0,6.6,6.6,28.7,6.6,618.5,76,1,118,29.3,64,32.2,21.7
2026-07-01T16:45:00+05:30,2026-07-01 16:45:00,27.3,29.9,22.7,4.7,13,34.9,49,0,6.6,6.6,28.7,6.6,618.5,76,1,126.5,29.4,64,32.4,21.8
2026-07-01T16:40:00+05:30,2026-07-01 16:40:00,27.4,30.1,22.6,9,14.8,34.9,85,0,6.6,6.6,28.7,6.6,618.5,75,1,126.2,29.4,64,32.4,21.8
2026-07-01T16:35:00+05:30,2026-07-01 16:35:00,27.6,30.6,23,4.3,11.1,34.9,69,0,6.6,6.6,28.7,6.6,618.5,76,1,145.6,29.4,64,32.4,21.8
2026-07-01T16:30:00+05:30,2026-07-01 16:30:00,27.6,30.5,22.8,0,7.2,34.9,105,0,6.6,6.6,28.7,6.6,618.5,75,1,123.3,29.4,63,32.2,21.6
2026-07-01T16:25:00+05:30,2026-07-01 16:25:00,27.7,30.6,22.7,0,13,34.9,85,0,6.6,6.6,28.7,6.6,618.5,74,1,115.5,29.5,63,32.4,21.7
2026-07-01T16:20:00+05:30,2026-07-01 16:20:00,27.8,30.6,22.5,17.2,21.9,34.9,131,0,6.6,6.6,28.7,6.6,618.5,73,1,147.6,29.5,63,32.4,21.7
2026-07-01T16:15:00+05:30,2026-07-01 16:15:00,27.7,30.6,22.7,6.4,11.1,34.9,163,0,6.6,6.6,28.7,6.6,618.5,74,1,121.2,29.6,63,32.7,21.8
2026-07-01T16:10:00+05:30,2026-07-01 16:10:00,27.9,31,22.8,2.9,11.1,34.9,148,0,6.6,6.6,28.7,6.6,618.5,74,1,143.9,29.6,63,32.7,21.8
2026-07-01T16:05:00+05:30,2026-07-01 16:05:00,27.9,31,22.8,4,11.1,34.9,81,0,6.6,6.6,28.7,6.6,618.5,74,1,153.7,29.6,63,32.7,21.8
2026-07-01T16:00:00+05:30,2026-07-01 16:00:00,28,31.2,22.9,4.7,14.8,34.9,60,0,6.6,6.6,28.7,6.6,618.5,74,1,143.4,29.7,63,32.9,21.9
2026-07-01T15:56:00+05:30,2026-07-01 15:56:00,28.4,31.7,22.8,9.3,13,34.9,113,0,6.6,6.6,28.7,6.6,618.5,72,1,173.9,29.7,63,32.9,21.9
2026-07-01T15:50:00+05:30,2026-07-01 15:50:00,28.3,31.7,23,2.9,11.1,34.9,92,0,6.6,6.6,28.7,6.6,618.5,73,1,184.4,29.7,63,32.9,21.9
2026-07-01T15:45:00+05:30,2026-07-01 15:45:00,28.4,31.9,23.1,5.5,14.8,34.9,84,0,6.6,6.6,28.7,6.6,618.5,73,1,189.3,29.7,63,32.9,21.9
2026-07-01T15:40:00+05:30,2026-07-01 15:40:00,28.9,32.7,23.1,0,11.1,34.9,77,0,6.6,6.6,28.7,6.6,618.5,71,1,156.5,29.7,63,32.9,21.9
2026-07-01T15:35:00+05:30,2026-07-01 15:35:00,29,32.7,23,0,7.2,34.9,73,0,6.6,6.6,28.7,6.6,618.5,70,1,186.1,29.7,63,32.9,21.9
2026-07-01T15:30:00+05:30,2026-07-01 15:30:00,29.3,33.1,23,4.7,20.1,34.9,72,0,6.6,6.6,28.7,6.6,618.5,69,2,230.5,29.6,62,32.5,21.6
2026-07-01T15:25:00+05:30,2026-07-01 15:25:00,29.7,33.7,22.9,6.4,14.8,34.9,111,0,6.6,6.6,28.7,6.6,618.5,67,4,427,29.7,62,32.7,21.7
2026-07-01T15:20:00+05:30,2026-07-01 15:20:00,29.8,33.8,23,9.3,23.8,34.9,104,0,6.6,6.6,28.7,6.6,618.5,67,4,466.7,29.7,62,32.7,21.7
2026-07-01T15:15:00+05:30,2026-07-01 15:15:00,30.1,34.1,22.8,5.5,11.1,34.9,105,0,6.6,6.6,28.7,6.6,618.5,65,4,486.6,29.6,63,32.7,21.8
2026-07-01T15:10:00+05:30,2026-07-01 15:10:00,30.2,34.8,23.4,5.5,16.6,34.9,124,0,6.6,6.6,28.7,6.6,618.5,67,5,525.7,29.6,63,32.7,21.8
2026-07-01T15:05:00+05:30,2026-07-01 15:05:00,30.2,34.6,23.1,9.7,13,34.9,64,0,6.6,6.6,28.7,6.6,618.5,66,5,560.1,29.6,63,32.7,21.8
2026-07-01T15:00:00+05:30,2026-07-01 15:00:00,29.8,33.8,23,6.1,16.6,34.9,49,0,6.6,6.6,28.7,6.6,618.5,67,5,590,29.6,63,32.7,21.8
2026-07-01T14:55:00+05:30,2026-07-01 14:55:00,30.6,35.5,23.5,0,11.1,34.9,82,0,6.6,6.6,28.7,6.6,618.5,66,6,648.8,29.5,64,32.7,21.9
2026-07-01T14:50:00+05:30,2026-07-01 14:50:00,30.3,34.7,23.2,1.4,7.2,34.9,126,0,6.6,6.6,28.7,6.6,618.5,66,6,674.9,29.5,64,32.7,21.9
2026-07-01T14:45:00+05:30,2026-07-01 14:45:00,30.4,34.7,23.1,9.7,20.1,34.9,139,0,6.6,6.6,28.7,6.6,618.5,65,7,722.8,29.4,64,32.4,21.8
2026-07-01T14:40:00+05:30,2026-07-01 14:40:00,29.8,33.8,23,7.9,13,34.9,95,0,6.6,6.6,28.7,6.6,618.5,67,6,665.2,29.3,64,32.2,21.7
2026-07-01T14:36:00+05:30,2026-07-01 14:36:00,29.7,33.7,22.9,10.8,14.8,34.9,113,0,6.6,6.6,28.7,6.6,618.5,67,5,529.8,29.3,64,32.2,21.7
2026-07-01T14:30:00+05:30,2026-07-01 14:30:00,29.6,33.7,23.1,5.8,9.3,34.9,89,0,6.6,6.6,28.7,6.6,618.5,68,7,754.5,29.3,64,32.2,21.7
2026-07-01T14:25:00+05:30,2026-07-01 14:25:00,29.5,33.6,23.2,6.4,13,34.9,153,0,6.6,6.6,28.7,6.6,618.5,69,4,454.7,29.3,65,32.4,22
2026-07-01T14:20:00+05:30,2026-07-01 14:20:00,29.4,33.2,22.9,6.4,11.1,34.9,99,0,6.6,6.6,28.7,6.6,618.5,68,6,656.6,29.2,65,32.3,21.9
2026-07-01T14:15:00+05:30,2026-07-01 14:15:00,29.4,33.4,23.1,5.5,16.6,34.9,101,0,6.6,6.6,28.7,6.6,618.5,69,4,456.4,29.2,66,32.4,22.2
2026-07-01T14:10:00+05:30,2026-07-01 14:10:00,29.3,33.3,23.2,5.5,14.8,34.9,65,0,6.6,6.6,28.7,6.6,618.5,70,5,531.6,29.2,66,32.4,22.2
2026-07-01T14:05:00+05:30,2026-07-01 14:05:00,28.8,32.6,23.2,6.1,11.1,34.9,106,0,6.6,6.6,28.7,6.6,618.5,72,5,524,29.2,66,32.4,22.2
2026-07-01T14:00:00+05:30,2026-07-01 14:00:00,28.8,32.6,23.2,5.5,16.6,34.9,122,0,6.6,6.6,28.7,6.6,618.5,72,2,262.9,29.2,66,32.4,22.2
2026-07-01T13:55:00+05:30,2026-07-01 13:55:00,29.5,34.1,23.7,3.5,9.3,34.9,124,0,6.6,6.6,28.7,6.6,618.5,71,4,465.5,29.2,67,32.7,22.4
2026-07-01T13:50:00+05:30,2026-07-01 13:50:00,29.4,33.8,23.6,4.7,13,34.9,72,0,6.6,6.6,28.7,6.6,618.5,71,7,744.9,29.1,67,32.4,22.3
2026-07-01T13:45:00+05:30,2026-07-01 13:45:00,29.5,34.1,23.7,2.1,16.6,34.9,53,0,6.6,6.6,28.7,6.6,618.5,71,4,499.3,29.1,67,32.4,22.3
2026-07-01T13:40:00+05:30,2026-07-01 13:40:00,29.4,33.8,23.6,1.1,5.5,34.9,123,0,6.6,6.6,28.7,6.6,618.5,71,5,536.5,29,68,32.4,22.5
2026-07-01T13:35:00+05:30,2026-07-01 13:35:00,29,33.3,23.7,4.7,11.1,34.9,66,0,6.6,6.6,28.7,6.6,618.5,73,4,483.1,29,67,32.2,22.2
2026-07-01T13:30:00+05:30,2026-07-01 13:30:00,28.6,32.6,23.5,6.4,13,34.9,86,0,6.6,6.6,28.7,6.6,618.5,74,4,412,29,67,32.2,22.2
2026-07-01T13:25:00+05:30,2026-07-01 13:25:00,28.6,32.6,23.5,9,14.8,34.9,74,0,6.6,6.6,28.7,6.6,618.5,74,3,334.2,29,67,32.2,22.2
2026-07-01T13:20:00+05:30,2026-07-01 13:20:00,28.9,33.2,23.8,2.6,5.5,34.9,150,0,6.6,6.6,28.7,6.6,618.5,74,2,307.3,28.9,67,31.9,22.1
2026-07-01T13:15:00+05:30,2026-07-01 13:15:00,28.8,32.8,23.4,10.8,14.8,34.9,92,0,6.6,6.6,28.7,6.6,618.5,73,4,473.3,28.9,67,31.9,22.1
2026-07-01T13:10:00+05:30,2026-07-01 13:10:00,28.7,32.8,23.6,4.7,16.6,34.9,89,0,6.6,6.6,28.7,6.6,618.5,74,3,380.8,28.9,67,31.9,22.1
2026-07-01T13:05:00+05:30,2026-07-01 13:05:00,28.9,32.9,23.3,8.7,14.8,34.9,119,0,6.6,6.6,28.7,6.6,618.5,72,3,360.8,28.9,67,31.9,22.1
2026-07-01T13:00:00+05:30,2026-07-01 13:00:00,28.8,32.6,23.2,6.4,11.1,34.9,97,0,6.6,6.6,28.7,6.6,618.5,72,3,374.6,28.9,67,31.9,22.1
2026-07-01T12:55:00+05:30,2026-07-01 12:55:00,29,33.1,23.4,5.5,9.3,34.9,101,0,6.6,6.6,28.7,6.6,618.5,72,3,357.9,28.8,67,31.7,22
2026-07-01T12:50:00+05:30,2026-07-01 12:50:00,29.3,33.5,23.5,5.8,11.1,34.9,159,0,6.6,6.6,28.7,6.6,618.5,71,6,649.1,28.8,67,31.7,22
2026-07-01T12:45:00+05:30,2026-07-01 12:45:00,28.8,32.8,23.4,0.6,11.1,34.9,66,0,6.6,6.6,28.7,6.6,618.5,73,4,446.2,28.7,67,31.6,22
2026-07-01T12:40:00+05:30,2026-07-01 12:40:00,29,33.1,23.4,4,9.3,34.9,62,0,6.6,6.6,28.7,6.6,618.5,72,4,450.8,28.7,67,31.6,22
2026-07-01T12:35:00+05:30,2026-07-01 12:35:00,29,32.9,23.2,1.4,13,34.9,88,0,6.6,6.6,28.7,6.6,618.5,71,4,428.8,28.6,67,31.4,21.9
2026-07-01T12:30:00+05:30,2026-07-01 12:30:00,28.7,32.7,23.4,4,13,34.9,140,0,6.6,6.6,28.7,6.6,618.5,73,5,558,28.6,67,31.4,21.9
2026-07-01T12:26:00+05:30,2026-07-01 12:26:00,29.3,33.5,23.5,4.3,13,34.9,83,0,6.6,6.6,28.7,6.6,618.5,71,2,264.7,28.5,67,31.2,21.8
2026-07-01T12:20:00+05:30,2026-07-01 12:20:00,28.7,32.5,23.2,0,11.1,34.9,89,0,6.6,6.6,28.7,6.6,618.5,72,5,555.1,28.5,67,31.2,21.8
2026-07-01T12:15:00+05:30,2026-07-01 12:15:00,28.6,32.1,22.8,11.1,13,34.9,154,0,6.6,6.6,28.7,6.6,618.5,71,3,312.7,28.5,67,31.2,21.8
2026-07-01T12:10:00+05:30,2026-07-01 12:10:00,28.7,32.1,22.7,7.2,13,34.9,120,0,6.6,6.6,28.7,6.6,618.5,70,2,301.4,28.5,68,31.3,22
2026-07-01T12:05:00+05:30,2026-07-01 12:05:00,28.9,32.7,23.1,0,11.1,34.9,77,0,6.6,6.6,28.7,6.6,618.5,71,2,295.9,28.4,67,31,21.7
2026-07-01T12:00:00+05:30,2026-07-01 12:00:00,28.9,32.5,22.9,1.4,11.1,34.9,83,0,6.6,6.6,28.7,6.6,618.5,70,4,469.1,28.4,67,31,21.7
2026-07-01T11:55:00+05:30,2026-07-01 11:55:00,29.3,33.3,23.2,0.3,7.2,34.9,82,0,6.6,6.6,28.7,6.6,618.5,70,4,446.4,28.3,67,30.8,21.6
2026-07-01T11:50:00+05:30,2026-07-01 11:50:00,29.5,33.4,23,6.9,11.1,34.9,111,0,6.6,6.6,28.7,6.6,618.5,68,4,508.6,28.2,67,30.7,21.5
2026-07-01T11:45:00+05:30,2026-07-01 11:45:00,29.5,33.2,22.7,4,9.3,34.9,96,0,6.6,6.6,28.7,6.6,618.5,67,5,611,28.1,67,30.5,21.4
2026-07-01T11:40:00+05:30,2026-07-01 11:40:00,29.3,32.8,22.5,6.4,9.3,34.9,64,3,6.6,6.6,28.7,6.6,618.5,67,6,699.1,28.1,67,30.5,21.4
2026-07-01T11:35:00+05:30,2026-07-01 11:35:00,29.4,32.8,22.4,5.5,11.1,34.9,101,3,6.6,6.6,28.7,6.6,618.5,66,6,657.3,28.1,67,30.5,21.4
2026-07-01T11:30:00+05:30,2026-07-01 11:30:00,29.5,33.2,22.7,0,1.8,34.9,155,0,6.1,6.1,28.2,6.1,618,67,0,67.1,28,67,30.3,21.3
2026-07-01T11:25:00+05:30,2026-07-01 11:25:00,29.3,33.1,23,0,1.8,34.9,330,0,6.1,6.1,28.2,6.1,618,69,0,1,28,68,30.4,21.6
2026-07-01T11:21:00+05:30,2026-07-01 11:21:00,29.3,33.3,23.2,0,0,34.9,113,0,6.1,6.1,28.2,6.1,618,70,0,0,27.9,68,30.2,21.4
2026-07-01T11:15:00+05:30,2026-07-01 11:15:00,29.4,33.4,23.1,0,1.8,34.9,72,1.8,6.1,6.1,28.2,6.1,618,69,0,0,27.9,68,30.2,21.4
2026-07-01T11:10:00+05:30,2026-07-01 11:10:00,,,,0,1.8,34.9,284,4.8,6.1,6.1,28.2,6.1,618,,0,1.6,27.8,69,30.1,21.6
2026-07-01T11:05:00+05:30,2026-07-01 11:05:00,,,,0,0,34.9,116,1.3,5.3,5.3,27.4,5.3,617.2,,0,0.2,27.7,68,29.9,21.3
2026-07-01T11:00:00+05:30,2026-07-01 11:00:00,,,,0,0,34.9,116,6.1,5.3,5.3,27.4,5.3,617.2,,0,0.2,27.7,68,29.9,21.3
2026-07-01T10:55:00+05:30,2026-07-01 10:55:00,,,,0,21.9,34.9,59,7.9,5.1,5.1,27.2,5.1,617,,0,0.2,27.6,68,29.7,21.2
2026-07-01T10:50:00+05:30,2026-07-01 10:50:00,,,,0,0,34.9,171,6.1,4.3,4.3,26.4,4.3,616.2,,0,0.1,27.5,69,29.6,21.3
2026-07-01T10:45:00+05:30,2026-07-01 10:45:00,,,,0,34.9,34.9,135,6.1,3.8,3.8,25.9,3.8,615.7,,,,27.5,69,29.6,21.3
2026-07-01T10:40:00+05:30,2026-07-01 10:40:00,,,,0,0,21.9,113,18,3.3,3.3,25.4,3.3,615.2,,0,0.1,27.5,69,29.6,21.3
2026-07-01T10:35:00+05:30,2026-07-01 10:35:00,,,,0,0,21.9,144,15,2.5,2.5,24.6,2.5,614.4,,0,0.1,27.4,69,29.4,21.2
2026-07-01T10:30:00+05:30,2026-07-01 10:30:00,,,,0,13,21.9,158,1.8,0.3,0.3,22.4,0.3,612.1,,0,32.3,27.4,69,29.4,21.2
2026-07-01T10:25:00+05:30,2026-07-01 10:25:00,,,,3.2,11.1,21.9,76,0,0,0,22.1,0,611.9,,7,803.8,27.3,70,29.3,21.3
2026-07-01T10:20:00+05:30,2026-07-01 10:20:00,,,,3.5,13,21.9,98,0,0,0,22.1,0,611.9,,6,636.9,27.2,70,29.2,21.3
2026-07-01T10:16:00+05:30,2026-07-01 10:16:00,,,,13,21.9,21.9,55,0,0,0,22.1,0,611.9,,7,802.6,27.2,70,29.2,21.3
2026-07-01T10:10:00+05:30,2026-07-01 10:10:00,,,,0,11.1,20.1,45,0,0,0,22.1,0,611.9,,6,620.9,27.2,70,29.2,21.3
2026-07-01T10:05:00+05:30,2026-07-01 10:05:00,,,,0.3,16.6,18.3,101,0,0,0,22.1,0,611.9,,5,612,27.2,70,29.2,21.3
2026-07-01T10:00:00+05:30,2026-07-01 10:00:00,,,,0.6,3.5,18.3,52,0,0,0,22.1,0,611.9,,3,379,27.1,71,29.1,21.4
2026-07-01T09:55:00+05:30,2026-07-01 09:55:00,,,,9,14.8,18.3,63,0,0,0,22.1,0,611.9,,4,423,27.1,71,29.1,21.4
2026-07-01T09:50:00+05:30,2026-07-01 09:50:00,,,,5.5,7.2,18.3,54,0,0,0,22.1,0,611.9,,2,304.6,27,71,28.9,21.3
2026-07-01T09:45:00+05:30,2026-07-01 09:45:00,,,,7.6,14.8,18.3,63,0,0,0,22.1,0,611.9,,4,425.9,27,71,28.9,21.3
2026-07-01T09:40:00+05:30,2026-07-01 09:40:00,,,,0.3,18.3,18.3,56,0,0,0,22.1,0,611.9,,4,413.4,27,71,28.9,21.3
2026-07-01T09:35:00+05:30,2026-07-01 09:35:00,,,,4.7,16.6,16.6,39,0,0,0,22.1,0,611.9,,3,385.6,26.9,72,28.8,21.4
2026-07-01T09:30:00+05:30,2026-07-01 09:30:00,,,,0.6,11.1,13,138,0,0,0,22.1,0,611.9,,3,400.6,26.9,72,28.8,21.4
2026-07-01T09:25:00+05:30,2026-07-01 09:25:00,,,,8.7,9.3,13,63,0,0,0,22.1,0,611.9,,5,583.6,26.8,72,28.6,21.3
2026-07-01T09:20:00+05:30,2026-07-01 09:20:00,,,,2.9,7.2,11.1,55,0,0,0,22.1,0,611.9,,4,424.3,26.8,72,28.6,21.3
2026-07-01T09:15:00+05:30,2026-07-01 09:15:00,,,,2.1,11.1,11.1,75,0,0,0,22.1,0,611.9,,5,526.5,26.7,72,28.6,21.2
2026-07-01T09:10:00+05:30,2026-07-01 09:10:00,,,,7.2,11.1,16.6,51,0,0,0,22.1,0,611.9,,6,712.8,26.6,72,27.2,21.1
2026-07-01T09:05:00+05:30,2026-07-01 09:05:00,,,,1.1,5.5,16.6,50,0,0,0,22.1,0,611.9,,6,700,26.6,72,27.2,21.1
2026-07-01T09:00:00+05:30,2026-07-01 09:00:00,,,,5.5,7.2,16.6,356,0,0,0,22.1,0,611.9,,5,573.8,26.5,72,27.1,21.1
2026-07-01T08:55:00+05:30,2026-07-01 08:55:00,,,,4.7,13,16.6,54,0,0,0,22.1,0,611.9,,5,525.6,26.5,72,27.1,21.1
2026-07-01T08:50:00+05:30,2026-07-01 08:50:00,,,,4.7,7.2,16.6,69,0,0,0,22.1,0,611.9,,2,305,26.5,73,27.1,21.3
2026-07-01T08:45:00+05:30,2026-07-01 08:45:00,,,,4.3,13,16.6,64,0,0,0,22.1,0,611.9,,1,174.8,26.5,73,27.1,21.3
2026-07-01T08:41:00+05:30,2026-07-01 08:41:00,,,,0,5.5,16.6,50,0,0,0,22.1,0,611.9,,1,158.1,26.5,73,27.1,21.3
2026-07-01T08:35:00+05:30,2026-07-01 08:35:00,,,,0,5.5,14.8,53,0,0,0,22.1,0,611.9,,2,217.9,26.4,74,27,21.4
2026-07-01T08:30:00+05:30,2026-07-01 08:30:00,,,,0,5.5,14.8,68,0,0,0,22.1,0,611.9,,4,462.4,26.4,74,27,21.4
2026-07-01T08:25:00+05:30,2026-07-01 08:25:00,,,,1.1,7.2,14.8,65,0,0,0,22.1,0,611.9,,4,424.4,26.4,74,27,21.4
2026-07-01T08:20:00+05:30,2026-07-01 08:20:00,,,,4.7,7.2,14.8,80,0,0,0,22.1,0,611.9,,4,414.4,26.3,74,26.9,21.3
2026-07-01T08:15:00+05:30,2026-07-01 08:15:00,,,,4.7,11.1,14.8,70,0,0,0,22.1,0,611.9,,2,249.4,26.3,74,26.9,21.3
2026-07-01T08:10:00+05:30,2026-07-01 08:10:00,,,,9,14.8,14.8,54,0,0,0,22.1,0,611.9,,4,415,26.2,74,26.8,21.2
2026-07-01T08:05:00+05:30,2026-07-01 08:05:00,,,,4.3,14.8,14.8,143,0,0,0,22.1,0,611.9,,3,355,26.2,74,26.8,21.2
2026-07-01T08:00:00+05:30,2026-07-01 08:00:00,,,,4.7,9.3,14.8,73,0,0,0,22.1,0,611.9,,3,332.3,26.2,74,26.8,21.2
2026-07-01T07:55:00+05:30,2026-07-01 07:55:00,,,,7.6,11.1,14.8,76,0,0,0,22.1,0,611.9,,2,302.3,26.2,74,26.8,21.2
2026-07-01T07:50:00+05:30,2026-07-01 07:50:00,,,,0.3,11.1,14.8,68,0,0,0,22.1,0,611.9,,2,288.2,26.2,74,26.8,21.2
2026-07-01T07:45:00+05:30,2026-07-01 07:45:00,,,,0,7.2,14.8,51,0,0,0,22.1,0,611.9,,2,273.8,26.1,74,26.7,21.1
2026-07-01T07:40:00+05:30,2026-07-01 07:40:00,,,,4.7,11.1,14.8,71,0,0,0,22.1,0,611.9,,2,258.6,26.1,74,26.7,21.1
2026-07-01T07:36:00+05:30,2026-07-01 07:36:00,,,,9.3,13,14.8,25,0,0,0,22.1,0,611.9,,2,236.8,26.1,74,26.7,21.1
2026-07-01T07:30:00+05:30,2026-07-01 07:30:00,,,,0.3,11.1,14.8,51,0,0,0,22.1,0,611.9,,2,215.4,26,74,26.6,21
2026-07-01T07:25:00+05:30,2026-07-01 07:25:00,,,,0,5.5,14.8,49,0,0,0,22.1,0,611.9,,1,196.7,26,74,26.6,21
2026-07-01T07:20:00+05:30,2026-07-01 07:20:00,,,,3.5,7.2,14.8,46,0,0,0,22.1,0,611.9,,1,180.3,26,74,26.6,21
2026-07-01T07:15:00+05:30,2026-07-01 07:15:00,,,,4.7,11.1,14.8,76,0,0,0,22.1,0,611.9,,0,82.2,26,74,26.6,21
2026-07-01T07:10:00+05:30,2026-07-01 07:10:00,,,,7.2,9.3,14.8,83,0,0,0,22.1,0,611.9,,1,158.3,25.9,74,26.4,20.9
2026-07-01T07:05:00+05:30,2026-07-01 07:05:00,,,,0,1.8,14.8,47,0,0,0,22.1,0,611.9,,1,142.4,25.9,74,26.4,20.9
2026-07-01T07:00:00+05:30,2026-07-01 07:00:00,,,,1.1,7.2,14.8,50,0,0,0,22.1,0,611.9,,1,120.7,25.8,74,26.3,20.8
2026-07-01T06:55:00+05:30,2026-07-01 06:55:00,,,,2.6,7.2,14.8,48,0,0,0,22.1,0,611.9,,0,102,25.8,74,26.3,20.8
2026-07-01T06:50:00+05:30,2026-07-01 06:50:00,,,,0,9.3,14.8,65,0,0,0,22.1,0,611.9,,0,87.2,25.8,74,26.3,20.8
2026-07-01T06:45:00+05:30,2026-07-01 06:45:00,,,,3.2,5.5,14.8,75,0,0,0,22.1,0,611.9,,0,65.5,25.8,74,26.3,20.8
2026-07-01T06:40:00+05:30,2026-07-01 06:40:00,,,,1.4,5.5,14.8,62,0,0,0,22.1,0,611.9,,0,51.2,25.8,74,26.3,20.8
2026-07-01T06:35:00+05:30,2026-07-01 06:35:00,,,,2.1,3.5,14.8,67,0,0,0,22.1,0,611.9,,0,31.5,25.8,74,26.3,20.8
2026-07-01T06:30:00+05:30,2026-07-01 06:30:00,,,,4.3,7.2,14.8,53,0,0,0,22.1,0,611.9,,0,28.2,25.8,74,26.3,20.8
2026-07-01T06:25:00+05:30,2026-07-01 06:25:00,,,,4,9.3,14.8,62,0,0,0,22.1,0,611.9,,0,22,25.8,73,26.3,20.6
2026-07-01T06:20:00+05:30,2026-07-01 06:20:00,,,,1.1,9.3,14.8,48,0,0,0,22.1,0,611.9,,0,19.8,25.8,73,26.3,20.6
2026-07-01T06:15:00+05:30,2026-07-01 06:15:00,,,,0,7.2,14.8,44,0,0,0,22.1,0,611.9,,0,15.1,25.8,73,26.3,20.6
2026-07-01T06:10:00+05:30,2026-07-01 06:10:00,,,,2.1,11.1,14.8,48,0,0,0,22.1,0,611.9,,0,11.9,25.8,73,26.3,20.6
2026-07-01T06:05:00+05:30,2026-07-01 06:05:00,,,,0,5.5,14.8,48,0,0,0,22.1,0,611.9,,0,8,25.8,73,26.3,20.6
2026-07-01T06:00:00+05:30,2026-07-01 06:00:00,,,,5.5,9.3,14.8,48,0,0,0,22.1,0,611.9,,0,4.8,25.9,73,26.4,20.7
2026-07-01T05:55:00+05:30,2026-07-01 05:55:00,,,,3.5,9.3,14.8,56,0,0,0,22.1,0,611.9,,0,2.6,25.9,73,26.4,20.7
2026-07-01T05:50:00+05:30,2026-07-01 05:50:00,,,,1.4,7.2,14.8,48,0,0,0,22.1,0,611.9,,0,1.2,25.9,73,26.4,20.7
2026-07-01T05:45:00+05:30,2026-07-01 05:45:00,,,,1.1,5.5,14.8,38,0,0,0,22.1,0,611.9,,0,0.4,25.9,73,26.4,20.7
2026-07-01T05:40:00+05:30,2026-07-01 05:40:00,,,,0.3,7.2,14.8,47,0,0,0,22.1,0,611.9,,0,0.1,25.9,73,26.4,20.7
2026-07-01T05:35:00+05:30,2026-07-01 05:35:00,,,,0,1.8,14.8,44,0,0,0,22.1,0,611.9,,0,0,26,73,26.6,20.8
2026-07-01T05:30:00+05:30,2026-07-01 05:30:00,,,,1.8,7.2,14.8,62,0,0,0,22.1,0,611.9,,0,0,25.9,73,26.4,20.7
2026-07-01T05:25:00+05:30,2026-07-01 05:25:00,,,,0,9.3,14.8,54,0,0,0,22.1,0,611.9,,0,0,25.9,73,26.4,20.7
2026-07-01T05:20:00+05:30,2026-07-01 05:20:00,,,,0,3.5,14.8,50,0,0,0,22.1,0,611.9,,0,0,25.9,73,26.4,20.7
2026-07-01T05:15:00+05:30,2026-07-01 05:15:00,,,,0,5.5,14.8,48,0,0,0,22.1,0,611.9,,0,0,25.9,73,26.4,20.7
2026-07-01T05:11:00+05:30,2026-07-01 05:11:00,,,,0,7.2,14.8,45,0,0,0,22.1,0,611.9,,0,0,26,73,26.6,20.8
2026-07-01T05:05:00+05:30,2026-07-01 05:05:00,,,,0,0,14.8,38,0,0,0,22.1,0,611.9,,0,0,26,73,26.6,20.8
2026-07-01T05:00:00+05:30,2026-07-01 05:00:00,,,,0,1.8,14.8,50,0,0,0,22.1,0,611.9,,0,0,25.9,73,26.4,20.7
2026-07-01T04:55:00+05:30,2026-07-01 04:55:00,,,,0,0,14.8,50,0,0,0,22.1,0,611.9,,0,0,25.9,73,26.4,20.7
2026-07-01T04:50:00+05:30,2026-07-01 04:50:00,,,,1.4,7.2,14.8,56,0,0,0,22.1,0,611.9,,0,0,26,73,26.6,20.8
2026-07-01T04:45:00+05:30,2026-07-01 04:45:00,,,,1.1,5.5,14.8,43,0,0,0,22.1,0,611.9,,0,0,26,73,26.6,20.8
2026-07-01T04:40:00+05:30,2026-07-01 04:40:00,,,,3.2,5.5,14.8,74,0,0,0,22.1,0,611.9,,0,0,26,73,26.6,20.8
2026-07-01T04:35:00+05:30,2026-07-01 04:35:00,,,,4.3,9.3,14.8,36,0,0,0,22.1,0,611.9,,0,0,26,73,26.6,20.8
2026-07-01T04:30:00+05:30,2026-07-01 04:30:00,,,,0,5.5,14.8,79,0,0,0,22.1,0,611.9,,0,0,26,73,26.6,20.8
2026-07-01T04:25:00+05:30,2026-07-01 04:25:00,,,,1.1,5.5,14.8,62,0,0,0,22.1,0,611.9,,0,0,26,73,26.6,20.8
2026-07-01T04:20:00+05:30,2026-07-01 04:20:00,,,,0.3,1.8,14.8,41,0,0,0,22.1,0,611.9,,0,0,26,73,26.6,20.8
2026-07-01T04:15:00+05:30,2026-07-01 04:15:00,,,,0,3.5,14.8,54,0,0,0,22.1,0,611.9,,0,0,26,73,26.6,20.8
2026-07-01T04:10:00+05:30,2026-07-01 04:10:00,,,,1.1,5.5,14.8,65,0,0,0,22.1,0,611.9,,0,0,25.9,73,26.4,20.7
2026-07-01T04:06:00+05:30,2026-07-01 04:06:00,,,,2.1,7.2,14.8,27,0,0,0,22.1,0,611.9,,0,0,26,73,26.6,20.8
2026-07-01T04:00:00+05:30,2026-07-01 04:00:00,,,,3.5,13,14.8,64,0,0,0,22.1,0,611.9,,0,0,26,72,26.6,20.6
2026-07-01T03:55:00+05:30,2026-07-01 03:55:00,,,,1.8,3.5,14.8,56,0,0,0,22.1,0,611.9,,0,0,26,72,26.6,20.6
2026-07-01T03:50:00+05:30,2026-07-01 03:50:00,,,,5.8,9.3,14.8,81,0,0,0,22.1,0,611.9,,0,0,26,72,26.6,20.6
2026-07-01T03:45:00+05:30,2026-07-01 03:45:00,,,,0,1.8,14.8,51,0,0,0,22.1,0,611.9,,0,0,26,72,26.6,20.6
2026-07-01T03:40:00+05:30,2026-07-01 03:40:00,,,,0,3.5,14.8,48,0,0,0,22.1,0,611.9,,0,0,26,72,26.6,20.6
2026-07-01T03:35:00+05:30,2026-07-01 03:35:00,,,,4,9.3,14.8,65,0,0,0,22.1,0,611.9,,0,0,26,72,26.6,20.6
2026-07-01T03:30:00+05:30,2026-07-01 03:30:00,,,,6.1,11.1,14.8,105,0,0,0,22.1,0,611.9,,0,0,26.1,72,26.7,20.7
2026-07-01T03:25:00+05:30,2026-07-01 03:25:00,,,,0.6,9.3,14.8,61,0,0,0,22.1,0,611.9,,0,0,26.1,72,26.7,20.7
2026-07-01T03:20:00+05:30,2026-07-01 03:20:00,,,,0,9.3,14.8,52,0,0,0,22.1,0,611.9,,0,0,26.1,72,26.7,20.7
2026-07-01T03:15:00+05:30,2026-07-01 03:15:00,,,,0,0,14.8,52,0,0,0,22.1,0,611.9,,0,0,26.1,72,26.7,20.7
2026-07-01T03:10:00+05:30,2026-07-01 03:10:00,,,,3.5,3.5,14.8,68,0,0,0,22.1,0,611.9,,0,0,26.1,72,26.7,20.7
2026-07-01T03:05:00+05:30,2026-07-01 03:05:00,,,,0.3,5.5,14.8,53,0,0,0,22.1,0,611.9,,0,0,26.2,72,26.8,20.8
2026-07-01T03:01:00+05:30,2026-07-01 03:01:00,,,,6.1,11.1,14.8,83,0,0,0,22.1,0,611.9,,0,0,26.1,72,26.7,20.7
2026-07-01T02:55:00+05:30,2026-07-01 02:55:00,,,,5.5,5.5,13,45,0,0,0,22.1,0,611.9,,0,0,26.2,72,26.8,20.8
2026-07-01T02:50:00+05:30,2026-07-01 02:50:00,,,,4.7,7.2,13,103,0,0,0,22.1,0,611.9,,0,0,26.2,72,26.8,20.8
2026-07-01T02:45:00+05:30,2026-07-01 02:45:00,,,,0,7.2,13,55,0,0,0,22.1,0,611.9,,0,0,26.2,71,26.8,20.6
2026-07-01T02:40:00+05:30,2026-07-01 02:40:00,,,,0,0,13,56,0,0,0,22.1,0,611.9,,0,0,26.2,71,26.8,20.6
2026-07-01T02:35:00+05:30,2026-07-01 02:35:00,,,,0,3.5,13,58,0,0,0,22.1,0,611.9,,0,0,26.2,71,26.8,20.6
2026-07-01T02:30:00+05:30,2026-07-01 02:30:00,,,,2.9,7.2,13,62,0,0,0,22.1,0,611.9,,0,0,26.2,71,26.8,20.6
2026-07-01T02:25:00+05:30,2026-07-01 02:25:00,,,,3.5,7.2,13,29,0,0,0,22.1,0,611.9,,0,0,26.2,71,26.8,20.6
2026-07-01T02:20:00+05:30,2026-07-01 02:20:00,,,,5.8,9.3,13,46,0,0,0,22.1,0,611.9,,0,0,26.2,71,26.8,20.6
2026-07-01T02:15:00+05:30,2026-07-01 02:15:00,,,,0,5.5,13,51,0,0,0,22.1,0,611.9,,0,0,26.2,71,26.8,20.6
2026-07-01T02:10:00+05:30,2026-07-01 02:10:00,,,,4,7.2,13,58,0,0,0,22.1,0,611.9,,0,0,26.2,71,26.8,20.6
2026-07-01T02:05:00+05:30,2026-07-01 02:05:00,,,,3.5,11.1,13,79,0,0,0,22.1,0,611.9,,0,0,26.2,71,26.8,20.6
2026-07-01T02:00:00+05:30,2026-07-01 02:00:00,,,,5.5,7.2,13,69,0,0,0,22.1,0,611.9,,0,0,26.3,71,26.8,20.6
2026-07-01T01:56:00+05:30,2026-07-01 01:56:00,,,,0,7.2,13,44,0,0,0,22.1,0,611.9,,0,0,26.3,71,26.8,20.6
2026-07-01T01:50:00+05:30,2026-07-01 01:50:00,,,,7.2,11.1,13,88,0,0,0,22.1,0,611.9,,0,0,26.3,71,26.8,20.6
2026-07-01T01:45:00+05:30,2026-07-01 01:45:00,,,,1.4,13,13,82,0,0,0,22.1,0,611.9,,0,0,26.3,71,26.8,20.6
2026-07-01T01:40:00+05:30,2026-07-01 01:40:00,,,,2.6,9.3,13,92,0,0,0,22.1,0,611.9,,0,0,26.3,71,26.8,20.6
2026-07-01T01:35:00+05:30,2026-07-01 01:35:00,,,,0,7.2,13,65,0,0,0,22.1,0,611.9,,0,0,26.4,71,26.9,20.7
2026-07-01T01:30:00+05:30,2026-07-01 01:30:00,,,,0,3.5,13,48,0,0,0,22.1,0,611.9,,0,0,26.4,71,26.9,20.7
2026-07-01T01:25:00+05:30,2026-07-01 01:25:00,,,,0,9.3,13,74,0,0,0,22.1,0,611.9,,0,0,26.4,71,26.9,20.7
2026-07-01T01:20:00+05:30,2026-07-01 01:20:00,,,,3.2,7.2,13,30,0,0,0,22.1,0,611.9,,0,0,26.4,71,26.9,20.7
2026-07-01T01:15:00+05:30,2026-07-01 01:15:00,,,,1.1,3.5,13,60,0,0,0,22.1,0,611.9,,0,0,26.4,71,26.9,20.7
2026-07-01T01:10:00+05:30,2026-07-01 01:10:00,,,,1.1,5.5,13,63,0,0,0,22.1,0,611.9,,0,0,26.4,71,26.9,20.7
2026-07-01T01:05:00+05:30,2026-07-01 01:05:00,,,,5,7.2,13,48,0,0,0,22.1,0,611.9,,0,0,26.4,71,26.9,20.7
2026-07-01T01:00:00+05:30,2026-07-01 01:00:00,,,,2.6,7.2,13,56,0,0,0,22.1,0,611.9,,0,0,26.5,71,27.1,20.8
2026-07-01T00:55:00+05:30,2026-07-01 00:55:00,,,,2.1,7.2,13,51,0,0,0,22.1,0,611.9,,0,0,26.5,71,27.1,20.8
2026-07-01T00:50:00+05:30,2026-07-01 00:50:00,,,,6.1,7.2,13,71,0,0,0,22.1,0,611.9,,0,0,26.5,71,27.1,20.8
2026-07-01T00:45:00+05:30,2026-07-01 00:45:00,,,,0,0,13,54,0,0,0,22.1,0,611.9,,0,0,26.5,71,27.1,20.8
2026-07-01T00:40:00+05:30,2026-07-01 00:40:00,,,,0,11.1,13,53,0,0,0,22.1,0,611.9,,0,0,26.5,71,27.1,20.8
2026-07-01T00:35:00+05:30,2026-07-01 00:35:00,,,,2.9,9.3,9.3,69,0,0,0,22.1,0,611.9,,0,0,26.5,71,27.1,20.8
2026-07-01T00:30:00+05:30,2026-07-01 00:30:00,,,,2.1,5.5,9.3,51,0,0,0,22.1,0,611.9,,0,0,26.5,71,27.1,20.8
2026-07-01T00:25:00+05:30,2026-07-01 00:25:00,,,,0,0,9.3,56,0,0,0,22.1,0,611.9,,0,0,26.5,70,27.1,20.6
2026-07-01T00:20:00+05:30,2026-07-01 00:20:00,,,,0,0,9.3,67,0,0,0,22.1,0,611.9,,0,0,26.5,70,27.1,20.6
2026-07-01T00:15:00+05:30,2026-07-01 00:15:00,,,,1.1,5.5,9.3,65,0,0,0,22.1,0,611.9,,0,0,26.5,70,27.1,20.6
2026-07-01T00:10:00+05:30,2026-07-01 00:10:00,,,,1.8,5.5,7.2,87,0,0,0,22.1,0,611.9,,0,0,26.5,70,27.1,20.6
2026-07-01T00:05:00+05:30,2026-07-01 00:05:00,,,,0,0,3.5,53,0,0,0,22.1,0,611.9,,0,0,26.6,70,27.2,20.7
2026-07-01T00:00:00+05:30,2026-07-01 00:00:00,,,,0,0,0,47,0,0,0,22.1,0,611.9,,0,0,26.6,70,27.2,20.7