"Date","Simple Date","Wind Speed (km/hr)","Wind Gust (km/hr)","Max Daily Gust (km/hr)","Wind Direction (°)","Rain Rate (mm/hr)","Event Rain (mm)","Daily Rain (mm)","Weekly Rain (mm)","Monthly Rain (mm)","Yearly Rain (mm)","Ultra-Violet Radiation Index","Solar Radiation (W/m^2)","Sensor 1 Temperature (°C)","Sensor 1 Humidity (%)","Sensor 1 Heat Index (°C)","Sensor 1 Dew Point (°C)"
2026-06-30T23:55:00+05:30,2026-06-30 23:55:00,0,3.5,27.7,46,0,0,0.5,22.1,69.1,611.9,0,0,26.5,70,27.1,20.6
2026-06-30T23:50:00+05:30,2026-06-30 23:50:00,0.6,3.5,27.7,50,0,0,0.5,22.1,69.1,611.9,0,0,26.6,70,27.2,20.7
2026-06-30T23:45:00+05:30,2026-06-30 23:45:00,0.3,5.5,27.7,58,0,0,0.5,22.1,69.1,611.9,0,0,26.6,70,27.2,20.7
2026-06-30T23:40:00+05:30,2026-06-30 23:40:00,4.7,14.8,27.7,65,0,0,0.5,22.1,69.1,611.9,0,0,26.6,70,27.2,20.7
2026-06-30T23:35:00+05:30,2026-06-30 23:35:00,0,9.3,27.7,63,0,0,0.5,22.1,69.1,611.9,0,0,26.6,70,27.2,20.7
2026-06-30T23:31:00+05:30,2026-06-30 23:31:00,0,0,27.7,55,0,0,0.5,22.1,69.1,611.9,0,0,26.6,70,27.2,20.7
2026-06-30T23:25:00+05:30,2026-06-30 23:25:00,2.9,3.5,27.7,63,0,0,0.5,22.1,69.1,611.9,0,0,26.6,70,27.2,20.7
2026-06-30T23:20:00+05:30,2026-06-30 23:20:00,1.4,5.5,27.7,85,0,0,0.5,22.1,69.1,611.9,0,0,26.7,70,28.4,20.8
2026-06-30T23:15:00+05:30,2026-06-30 23:15:00,0,1.8,27.7,55,0,0,0.5,22.1,69.1,611.9,0,0,26.7,70,28.4,20.8
2026-06-30T23:10:00+05:30,2026-06-30 23:10:00,0,3.5,27.7,50,0,0,0.5,22.1,69.1,611.9,0,0,26.6,70,27.2,20.7
2026-06-30T23:05:00+05:30,2026-06-30 23:05:00,1.1,5.5,27.7,42,0,0,0.5,22.1,69.1,611.9,0,0,26.7,70,28.4,20.8
2026-06-30T23:00:00+05:30,2026-06-30 23:00:00,0,7.2,27.7,54,0,0,0.5,22.1,69.1,611.9,0,0,26.7,70,28.4,20.8
2026-06-30T22:55:00+05:30,2026-06-30 22:55:00,0,7.2,27.7,59,0,0,0.5,22.1,69.1,611.9,0,0,26.7,70,28.4,20.8
2026-06-30T22:50:00+05:30,2026-06-30 22:50:00,0,0,27.7,56,0,0,0.5,22.1,69.1,611.9,0,0,26.7,70,28.4,20.8
2026-06-30T22:45:00+05:30,2026-06-30 22:45:00,0,0,27.7,55,0,0,0.5,22.1,69.1,611.9,0,0,26.7,70,28.4,20.8
2026-06-30T22:40:00+05:30,2026-06-30 22:40:00,6.4,7.2,27.7,48,0,0,0.5,22.1,69.1,611.9,0,0,26.7,70,28.4,20.8
2026-06-30T22:35:00+05:30,2026-06-30 22:35:00,0,0,27.7,61,0,0,0.5,22.1,69.1,611.9,0,0,26.7,70,28.4,20.8
2026-06-30T22:30:00+05:30,2026-06-30 22:30:00,0,3.5,27.7,69,0,0,0.5,22.1,69.1,611.9,0,0,26.7,70,28.4,20.8
2026-06-30T22:26:00+05:30,2026-06-30 22:26:00,1.1,3.5,27.7,63,0,0,0.5,22.1,69.1,611.9,0,0,26.7,69,28.3,20.6
2026-06-30T22:20:00+05:30,2026-06-30 22:20:00,3.2,5.5,27.7,67,0,0,0.5,22.1,69.1,611.9,0,0,26.8,69,28.4,20.6
2026-06-30T22:15:00+05:30,2026-06-30 22:15:00,4,11.1,27.7,64,0,0,0.5,22.1,69.1,611.9,0,0,26.8,69,28.4,20.6
2026-06-30T22:10:00+05:30,2026-06-30 22:10:00,0,7.2,27.7,48,0,0,0.5,22.1,69.1,611.9,0,0,26.8,69,28.4,20.6
2026-06-30T22:05:00+05:30,2026-06-30 22:05:00,6.4,9.3,27.7,43,0,0,0.5,22.1,69.1,611.9,0,0,26.8,69,28.4,20.6
2026-06-30T22:00:00+05:30,2026-06-30 22:00:00,3.5,11.1,27.7,62,0,0,0.5,22.1,69.1,611.9,0,0,26.8,69,28.4,20.6
2026-06-30T21:55:00+05:30,2026-06-30 21:55:00,1.8,9.3,27.7,70,0,0,0.5,22.1,69.1,611.9,0,0,26.9,69,28.6,20.7
2026-06-30T21:50:00+05:30,2026-06-30 21:50:00,0,11.1,27.7,72,0,0,0.5,22.1,69.1,611.9,0,0,26.9,69,28.6,20.7
2026-06-30T21:45:00+05:30,2026-06-30 21:45:00,0,5.5,27.7,60,0,0,0.5,22.1,69.1,611.9,0,0,26.9,69,28.6,20.7
2026-06-30T21:40:00+05:30,2026-06-30 21:40:00,0,7.2,27.7,58,0,0,0.5,22.1,69.1,611.9,0,0,27,69,28.8,20.8
2026-06-30T21:35:00+05:30,2026-06-30 21:35:00,6.1,11.1,27.7,89,0,0,0.5,22.1,69.1,611.9,0,0,27,69,28.8,20.8
2026-06-30T21:30:00+05:30,2026-06-30 21:30:00,2.1,7.2,27.7,52,0,0,0.5,22.1,69.1,611.9,0,0,27,69,28.8,20.8
2026-06-30T21:25:00+05:30,2026-06-30 21:25:00,4.7,9.3,27.7,70,0,0,0.5,22.1,69.1,611.9,0,0,27,68,28.7,20.6
2026-06-30T21:21:00+05:30,2026-06-30 21:21:00,4.3,9.3,27.7,72,0,0,0.5,22.1,69.1,611.9,0,0,27.1,68,28.9,20.7
2026-06-30T21:15:00+05:30,2026-06-30 21:15:00,6.1,9.3,27.7,75,0,0,0.5,22.1,69.1,611.9,0,0,27.1,68,28.9,20.7
2026-06-30T21:10:00+05:30,2026-06-30 21:10:00,1.1,7.2,27.7,63,0,0,0.5,22.1,69.1,611.9,0,0,27.1,68,28.9,20.7
2026-06-30T21:05:00+05:30,2026-06-30 21:05:00,2.1,5.5,27.7,104,0,0,0.5,22.1,69.1,611.9,0,0,27.1,68,28.9,20.7
2026-06-30T21:00:00+05:30,2026-06-30 21:00:00,6.1,11.1,27.7,49,0,0,0.5,22.1,69.1,611.9,0,0,27.1,68,28.9,20.7
2026-06-30T20:55:00+05:30,2026-06-30 20:55:00,11.1,13,27.7,75,0,0,0.5,22.1,69.1,611.9,0,0,27.1,68,28.9,20.7
2026-06-30T20:50:00+05:30,2026-06-30 20:50:00,0,3.5,27.7,49,0,0,0.5,22.1,69.1,611.9,0,0,27.2,68,29.1,20.8
2026-06-30T20:45:00+05:30,2026-06-30 20:45:00,2.1,5.5,27.7,34,0,0,0.5,22.1,69.1,611.9,0,0,27.2,68,29.1,20.8
2026-06-30T20:40:00+05:30,2026-06-30 20:40:00,5.5,14.8,27.7,46,0,0,0.5,22.1,69.1,611.9,0,0,27.2,67,28.9,20.6
2026-06-30T20:35:00+05:30,2026-06-30 20:35:00,1.1,5.5,27.7,74,0,0,0.5,22.1,69.1,611.9,0,0,27.3,67,29.1,20.6
2026-06-30T20:30:00+05:30,2026-06-30 20:30:00,3.5,5.5,27.7,70,0,0,0.5,22.1,69.1,611.9,0,0,27.2,67,28.9,20.6
2026-06-30T20:25:00+05:30,2026-06-30 20:25:00,0.3,9.3,27.7,53,0,0,0.5,22.1,69.1,611.9,0,0,27.3,67,29.1,20.6
2026-06-30T20:20:00+05:30,2026-06-30 20:20:00,6.1,7.2,27.7,53,0,0,0.5,22.1,69.1,611.9,0,0,27.3,67,29.1,20.6
2026-06-30T20:15:00+05:30,2026-06-30 20:15:00,0,9.3,27.7,49,0,0,0.5,22.1,69.1,611.9,0,0,27.3,67,29.1,20.6
2026-06-30T20:10:00+05:30,2026-06-30 20:10:00,1.1,5.5,27.7,56,0,0,0.5,22.1,69.1,611.9,0,0,27.3,67,29.1,20.6
2026-06-30T20:05:00+05:30,2026-06-30 20:05:00,4.3,9.3,27.7,69,0,0,0.5,22.1,69.1,611.9,0,0,27.4,67,29.2,20.7
2026-06-30T20:01:00+05:30,2026-06-30 20:01:00,4.7,13,27.7,64,0,0,0.5,22.1,69.1,611.9,0,0,27.4,67,29.2,20.7
2026-06-30T19:55:00+05:30,2026-06-30 19:55:00,2.9,9.3,27.7,64,0,0,0.5,22.1,69.1,611.9,0,0,27.4,67,29.2,20.7
2026-06-30T19:50:00+05:30,2026-06-30 19:50:00,0.3,3.5,27.7,73,0,0,0.5,22.1,69.1,611.9,0,0,27.5,67,29.4,20.8
2026-06-30T19:45:00+05:30,2026-06-30 19:45:00,0,7.2,27.7,49,0,0,0.5,22.1,69.1,611.9,0,0,27.5,67,29.4,20.8
2026-06-30T19:40:00+05:30,2026-06-30 19:40:00,1.1,11.1,27.7,63,0,0,0.5,22.1,69.1,611.9,0,0,27.5,67,29.4,20.8
2026-06-30T19:35:00+05:30,2026-06-30 19:35:00,1.4,5.5,27.7,50,0,0,0.5,22.1,69.1,611.9,0,0,27.5,67,29.4,20.8
2026-06-30T19:30:00+05:30,2026-06-30 19:30:00,0,7.2,27.7,86,0,0,0.5,22.1,69.1,611.9,0,0,27.5,67,29.4,20.8
2026-06-30T19:25:00+05:30,2026-06-30 19:25:00,0.6,7.2,27.7,57,0,0,0.5,22.1,69.1,611.9,0,0,27.5,67,29.4,20.8
2026-06-30T19:20:00+05:30,2026-06-30 19:20:00,0,11.1,27.7,64,0,0,0.5,22.1,69.1,611.9,0,0,27.6,67,29.6,20.9
2026-06-30T19:15:00+05:30,2026-06-30 19:15:00,1.4,5.5,27.7,50,0,0,0.5,22.1,69.1,611.9,0,0,27.6,67,29.6,20.9
2026-06-30T19:10:00+05:30,2026-06-30 19:10:00,1.4,3.5,27.7,45,0,0,0.5,22.1,69.1,611.9,0,0,27.6,67,29.6,20.9
2026-06-30T19:05:00+05:30,2026-06-30 19:05:00,2.1,5.5,27.7,58,0,0,0.5,22.1,69.1,611.9,0,0,27.6,67,29.6,20.9
2026-06-30T19:00:00+05:30,2026-06-30 19:00:00,1.4,7.2,27.7,73,0,0,0.5,22.1,69.1,611.9,0,0,27.6,67,29.6,20.9
2026-06-30T18:56:00+05:30,2026-06-30 18:56:00,0,5.5,27.7,68,0,0,0.5,22.1,69.1,611.9,0,0,27.7,67,29.8,21
2026-06-30T18:50:00+05:30,2026-06-30 18:50:00,0,7.2,27.7,52,0,0,0.5,22.1,69.1,611.9,0,0,27.7,67,29.8,21
2026-06-30T18:45:00+05:30,2026-06-30 18:45:00,5.5,7.2,27.7,73,0,0,0.5,22.1,69.1,611.9,0,0,27.7,67,29.8,21
2026-06-30T18:40:00+05:30,2026-06-30 18:40:00,3.2,9.3,27.7,67,0,0,0.5,22.1,69.1,611.9,0,0.2,27.7,66,29.7,20.8
2026-06-30T18:35:00+05:30,2026-06-30 18:35:00,1.8,7.2,27.7,41,0,0,0.5,22.1,69.1,611.9,0,0.5,27.8,66,29.8,20.8
2026-06-30T18:30:00+05:30,2026-06-30 18:30:00,0.6,5.5,27.7,89,0,0,0.5,22.1,69.1,611.9,0,1.5,27.8,66,29.8,20.8
2026-06-30T18:25:00+05:30,2026-06-30 18:25:00,3.5,11.1,27.7,58,0,0,0.5,22.1,69.1,611.9,0,3.2,27.8,66,29.8,20.8
2026-06-30T18:20:00+05:30,2026-06-30 18:20:00,3.5,14.8,27.7,76,0,0,0.5,22.1,69.1,611.9,0,5.3,27.8,66,29.8,20.8
2026-06-30T18:15:00+05:30,2026-06-30 18:15:00,1.1,5.5,27.7,82,0,0,0.5,22.1,69.1,611.9,0,8.9,27.9,66,29.9,20.9
2026-06-30T18:10:00+05:30,2026-06-30 18:10:00,2.6,13,27.7,61,0,0,0.5,22.1,69.1,611.9,0,14.2,27.9,66,29.9,20.9
2026-06-30T18:05:00+05:30,2026-06-30 18:05:00,2.9,14.8,27.7,61,0,0,0.5,22.1,69.1,611.9,0,20.1,28,66,30.2,21.1
2026-06-30T18:00:00+05:30,2026-06-30 18:00:00,4.7,11.1,27.7,67,0,0,0.5,22.1,69.1,611.9,0,28.6,28,66,30.2,21.1
2026-06-30T17:55:00+05:30,2026-06-30 17:55:00,1.1,13,27.7,98,0,0,0.5,22.1,69.1,611.9,0,38.3,28,66,30.2,21.1
2026-06-30T17:51:00+05:30,2026-06-30 17:51:00,1.1,14.8,27.7,59,0,0,0.5,22.1,69.1,611.9,0,46.3,28,66,30.2,21.1
2026-06-30T17:45:00+05:30,2026-06-30 17:45:00,3.5,5.5,27.7,64,0,0,0.5,22.1,69.1,611.9,0,52.8,28,66,30.2,21.1
2026-06-30T17:40:00+05:30,2026-06-30 17:40:00,2.9,14.8,27.7,84,0,0,0.5,22.1,69.1,611.9,0,56.7,28.1,66,30.3,21.2
2026-06-30T17:35:00+05:30,2026-06-30 17:35:00,3.5,9.3,27.7,63,0,0,0.5,22.1,69.1,611.9,0,60.3,28.1,66,30.3,21.2
2026-06-30T17:30:00+05:30,2026-06-30 17:30:00,0,11.1,27.7,58,0,0,0.5,22.1,69.1,611.9,0,53.6,28.1,66,30.3,21.2
2026-06-30T17:25:00+05:30,2026-06-30 17:25:00,0,11.1,27.7,92,0,0,0.5,22.1,69.1,611.9,0,58.1,28.2,65,30.4,21
2026-06-30T17:20:00+05:30,2026-06-30 17:20:00,0.6,14.8,27.7,55,0,0,0.5,22.1,69.1,611.9,0,57.5,28.2,66,30.6,21.3
2026-06-30T17:15:00+05:30,2026-06-30 17:15:00,9.7,11.1,27.7,91,0,0,0.5,22.1,69.1,611.9,0,61.5,28.3,66,30.7,21.3
2026-06-30T17:10:00+05:30,2026-06-30 17:10:00,3.2,18.3,27.7,69,0,0,0.5,22.1,69.1,611.9,0,82.9,28.3,66,30.7,21.3
2026-06-30T17:05:00+05:30,2026-06-30 17:05:00,7.2,18.3,27.7,74,0,0,0.5,22.1,69.1,611.9,0,86.5,28.4,66,30.8,21.4
2026-06-30T17:00:00+05:30,2026-06-30 17:00:00,6.1,11.1,27.7,89,0,0,0.5,22.1,69.1,611.9,1,106.3,28.4,66,30.8,21.4
2026-06-30T16:55:00+05:30,2026-06-30 16:55:00,0.3,5.5,27.7,90,0,0,0.5,22.1,69.1,611.9,0,97.7,28.4,67,31,21.7
2026-06-30T16:50:00+05:30,2026-06-30 16:50:00,3.5,16.6,27.7,64,0,0,0.5,22.1,69.1,611.9,1,109.3,28.4,67,31,21.7
2026-06-30T16:45:00+05:30,2026-06-30 16:45:00,3.2,14.8,27.7,58,0,0,0.5,22.1,69.1,611.9,1,144.2,28.5,67,31.2,21.8
2026-06-30T16:40:00+05:30,2026-06-30 16:40:00,6.9,14.8,27.7,48,0,0,0.5,22.1,69.1,611.9,1,158.8,28.5,67,31.2,21.8
2026-06-30T16:35:00+05:30,2026-06-30 16:35:00,2.6,13,27.7,56,0,0,0.5,22.1,69.1,611.9,1,175.8,28.5,67,31.2,21.8
2026-06-30T16:30:00+05:30,2026-06-30 16:30:00,2.1,13,27.7,59,0,0,0.5,22.1,69.1,611.9,1,191.9,28.5,68,31.3,22
2026-06-30T16:25:00+05:30,2026-06-30 16:25:00,5.5,9.3,27.7,99,0,0,0.5,22.1,69.1,611.9,2,218.2,28.5,68,31.3,22
2026-06-30T16:20:00+05:30,2026-06-30 16:20:00,1.1,9.3,27.7,50,0,0,0.5,22.1,69.1,611.9,1,169.8,28.6,67,31.4,21.9
2026-06-30T16:15:00+05:30,2026-06-30 16:15:00,4.3,14.8,27.7,12,0,0,0.5,22.1,69.1,611.9,1,180,28.6,68,31.6,22.1
2026-06-30T16:10:00+05:30,2026-06-30 16:10:00,4.3,13,27.7,121,0,0,0.5,22.1,69.1,611.9,2,294.2,28.7,68,31.8,22.2
2026-06-30T16:05:00+05:30,2026-06-30 16:05:00,13,16.6,27.7,67,0,0,0.5,22.1,69.1,611.9,2,213,28.7,68,31.8,22.2
2026-06-30T16:00:00+05:30,2026-06-30 16:00:00,0.3,9.3,27.7,67,0,0,0.5,22.1,69.1,611.9,3,312.3,28.8,68,31.9,22.3
2026-06-30T15:55:00+05:30,2026-06-30 15:55:00,0.3,14.8,27.7,67,0,0,0.5,22.1,69.1,611.9,3,315.9,28.7,67,31.6,22
2026-06-30T15:50:00+05:30,2026-06-30 15:50:00,2.9,5.5,27.7,57,0,0,0.5,22.1,69.1,611.9,3,330,28.7,67,31.6,22
2026-06-30T15:45:00+05:30,2026-06-30 15:45:00,2.1,16.6,27.7,51,0,0,0.5,22.1,69.1,611.9,3,353.1,28.6,66,31.3,21.6
2026-06-30T15:40:00+05:30,2026-06-30 15:40:00,6.4,9.3,27.7,61,0,0,0.5,22.1,69.1,611.9,3,371,28.6,67,31.4,21.9
2026-06-30T15:35:00+05:30,2026-06-30 15:35:00,7.9,13,27.7,75,0,0,0.5,22.1,69.1,611.9,3,409.8,28.5,67,31.2,21.8
2026-06-30T15:30:00+05:30,2026-06-30 15:30:00,3.5,9.3,27.7,50,0,0,0.5,22.1,69.1,611.9,3,406.4,28.5,68,31.3,22
2026-06-30T15:26:00+05:30,2026-06-30 15:26:00,4.7,7.2,27.7,118,0,0,0.5,22.1,69.1,611.9,4,417.2,28.4,68,31.1,21.9
2026-06-30T15:20:00+05:30,2026-06-30 15:20:00,2.9,13,27.7,63,0,0,0.5,22.1,69.1,611.9,4,435.8,28.4,68,31.1,21.9
2026-06-30T15:15:00+05:30,2026-06-30 15:15:00,3.2,7.2,27.7,75,0,0,0.5,22.1,69.1,611.9,4,458.3,28.3,69,31.1,22.1
2026-06-30T15:10:00+05:30,2026-06-30 15:10:00,3.5,9.3,27.7,64,0,0,0.5,22.1,69.1,611.9,4,471.6,28.3,69,31.1,22.1
2026-06-30T15:05:00+05:30,2026-06-30 15:05:00,4.7,18.3,27.7,83,0,0,0.5,22.1,69.1,611.9,4,492,28.2,69,30.9,22
2026-06-30T15:00:00+05:30,2026-06-30 15:00:00,3.5,11.1,27.7,55,0,0,0.5,22.1,69.1,611.9,5,513.5,28.2,70,31.1,22.2
2026-06-30T14:55:00+05:30,2026-06-30 14:55:00,3.2,21.9,27.7,66,0,0,0.5,22.1,69.1,611.9,5,535.6,28.2,71,31.2,22.4
2026-06-30T14:50:00+05:30,2026-06-30 14:50:00,5.5,7.2,27.7,71,0,0,0.5,22.1,69.1,611.9,5,545,28.2,72,31.4,22.7
2026-06-30T14:45:00+05:30,2026-06-30 14:45:00,3.2,7.2,27.7,51,0,0,0.5,22.1,69.1,611.9,5,601.4,28.2,72,31.4,22.7
2026-06-30T14:40:00+05:30,2026-06-30 14:40:00,9,18.3,27.7,70,0,0,0.5,22.1,69.1,611.9,5,586.2,28.2,73,31.6,22.9
2026-06-30T14:35:00+05:30,2026-06-30 14:35:00,1.4,16.6,27.7,71,0,0,0.5,22.1,69.1,611.9,5,595.6,28.1,74,31.4,23
2026-06-30T14:30:00+05:30,2026-06-30 14:30:00,6.1,16.6,27.7,71,0,0,0.5,22.1,69.1,611.9,6,632.6,28.1,75,31.6,23.3
2026-06-30T14:25:00+05:30,2026-06-30 14:25:00,3.2,18.3,27.7,104,0,0,0.5,22.1,69.1,611.9,6,674.7,28,75,31.3,23.2
2026-06-30T14:21:00+05:30,2026-06-30 14:21:00,2.1,5.5,27.7,62,0,0,0.5,22.1,69.1,611.9,6,696.5,27.9,75,31.1,23.1
2026-06-30T14:15:00+05:30,2026-06-30 14:15:00,1.1,13,27.7,115,0,0,0.5,22.1,69.1,611.9,8,832.3,27.9,74,31,22.8
2026-06-30T14:10:00+05:30,2026-06-30 14:10:00,5.5,21.9,27.7,99,0,0,0.5,22.1,69.1,611.9,1,132.5,27.9,74,31,22.8
2026-06-30T14:05:00+05:30,2026-06-30 14:05:00,4,13,27.7,61,0,0,0.5,22.1,69.1,611.9,7,754.9,27.8,75,30.9,22.9
2026-06-30T14:00:00+05:30,2026-06-30 14:00:00,8.2,14.8,27.7,24,0,0,0.5,22.1,69.1,611.9,6,706.2,27.8,75,30.9,22.9
2026-06-30T13:55:00+05:30,2026-06-30 13:55:00,5,13,27.7,89,0,0,0.5,22.1,69.1,611.9,1,200.5,27.8,75,30.9,22.9
2026-06-30T13:50:00+05:30,2026-06-30 13:50:00,7.2,14.8,27.7,156,0,0,0.5,22.1,69.1,611.9,6,671.8,27.8,75,30.9,22.9
2026-06-30T13:45:00+05:30,2026-06-30 13:45:00,10.5,16.6,27.7,70,0,0.5,0.5,22.1,69.1,611.9,7,790,27.8,76,31,23.2
2026-06-30T13:40:00+05:30,2026-06-30 13:40:00,0,13,27.7,43,0,0.5,0.5,22.1,69.1,611.9,2,279.3,27.8,75,30.9,22.9
2026-06-30T13:35:00+05:30,2026-06-30 13:35:00,0,5.5,27.7,49,0,0.5,0.5,22.1,69.1,611.9,2,270.1,27.8,75,30.9,22.9
2026-06-30T13:30:00+05:30,2026-06-30 13:30:00,0,1.8,27.7,335,0,0.5,0.5,22.1,69.1,611.9,1,128.1,27.8,75,30.9,22.9
2026-06-30T13:25:00+05:30,2026-06-30 13:25:00,1.8,3.5,27.7,67,0,0.5,0.5,22.1,69.1,611.9,7,786.8,27.7,74,30.6,22.7
2026-06-30T13:20:00+05:30,2026-06-30 13:20:00,3.5,18.3,27.7,224,0,0.5,0.5,22.1,69.1,611.9,2,232.8,27.7,74,30.6,22.7
2026-06-30T13:16:00+05:30,2026-06-30 13:16:00,6.1,21.9,27.7,96,0,0.5,0.5,22.1,69.1,611.9,3,397.3,27.6,75,30.5,22.8
2026-06-30T13:10:00+05:30,2026-06-30 13:10:00,7.2,23.8,27.7,54,0,0.5,0.5,22.1,69.1,611.9,6,653.2,27.6,76,30.7,23
2026-06-30T13:05:00+05:30,2026-06-30 13:05:00,0,9.3,27.7,65,0,0.5,0.5,22.1,69.1,611.9,9,988.9,27.5,77,30.5,23.1
2026-06-30T13:00:00+05:30,2026-06-30 13:00:00,3.5,13,27.7,152,0,0.5,0.5,22.1,69.1,611.9,8,858.6,27.4,77,30.3,23
2026-06-30T12:55:00+05:30,2026-06-30 12:55:00,7.2,11.1,27.7,69,0,0.5,0.5,22.1,69.1,611.9,8,866.9,27.4,77,30.3,23
2026-06-30T12:50:00+05:30,2026-06-30 12:50:00,2.1,9.3,27.7,63,0,0.5,0.5,22.1,69.1,611.9,8,876.2,27.3,78,30.2,23.1
2026-06-30T12:45:00+05:30,2026-06-30 12:45:00,2.1,13,27.7,73,1.8,0.5,0.5,22.1,69.1,611.9,8,889.6,27.3,77,30.1,22.9
2026-06-30T12:40:00+05:30,2026-06-30 12:40:00,5.5,9.3,27.7,92,1.8,0.5,0.5,22.1,69.1,611.9,5,601.2,27.4,76,30.2,22.8
2026-06-30T12:35:00+05:30,2026-06-30 12:35:00,4.7,11.1,27.7,55,1.3,0.3,0.3,21.8,68.8,611.6,1,186.4,27.5,75,30.3,22.7
2026-06-30T12:30:00+05:30,2026-06-30 12:30:00,2.9,5.5,27.7,81,0,0,0,21.6,68.6,611.4,0,99.1,27.4,74,29.9,22.3
2026-06-30T12:25:00+05:30,2026-06-30 12:25:00,1.4,14.8,27.7,72,0,0,0,21.6,68.6,611.4,1,128.3,27.4,74,29.9,22.3
2026-06-30T12:20:00+05:30,2026-06-30 12:20:00,4.7,9.3,27.7,81,0,0,0,21.6,68.6,611.4,1,157.6,27.5,74,30.2,22.4
2026-06-30T12:15:00+05:30,2026-06-30 12:15:00,0.6,7.2,27.7,47,0,0,0,21.6,68.6,611.4,4,426.9,27.5,74,30.2,22.4
2026-06-30T12:11:00+05:30,2026-06-30 12:11:00,2.1,9.3,27.7,93,0,0,0,21.6,68.6,611.4,0,83.1,27.4,74,29.9,22.3
2026-06-30T12:05:00+05:30,2026-06-30 12:05:00,6.9,9.3,27.7,76,0,0,0,21.6,68.6,611.4,1,126.4,27.5,74,30.2,22.4
2026-06-30T12:00:00+05:30,2026-06-30 12:00:00,0,7.2,27.7,85,0,0,0,21.6,68.6,611.4,2,231.3,27.5,74,30.2,22.4
2026-06-30T11:55:00+05:30,2026-06-30 11:55:00,7.2,9.3,27.7,57,0,0,0,21.6,68.6,611.4,0,77.3,27.4,74,29.9,22.3
2026-06-30T11:50:00+05:30,2026-06-30 11:50:00,7.2,9.3,27.7,76,0,0,0,21.6,68.6,611.4,1,113.2,27.4,73,29.8,22.1
2026-06-30T11:45:00+05:30,2026-06-30 11:45:00,7.2,13,27.7,44,0,21.6,0,21.6,68.6,611.4,4,483.6,27.4,73,29.8,22.1
2026-06-30T11:40:00+05:30,2026-06-30 11:40:00,7.9,16.6,27.7,43,0,21.6,0,21.6,68.6,611.4,2,293.1,27.3,73,29.6,22
2026-06-30T11:35:00+05:30,2026-06-30 11:35:00,4.7,18.3,27.7,88,0,21.6,0,21.6,68.6,611.4,7,743.9,27.3,73,29.6,22
2026-06-30T11:30:00+05:30,2026-06-30 11:30:00,15.1,23.8,27.7,134,0,21.6,0,21.6,68.6,611.4,8,888.3,27.2,73,29.5,21.9
2026-06-30T11:25:00+05:30,2026-06-30 11:25:00,8.7,11.1,27.7,93,0,21.6,0,21.6,68.6,611.4,8,868.9,27.2,73,29.5,21.9
2026-06-30T11:20:00+05:30,2026-06-30 11:20:00,0,7.2,27.7,85,0,21.6,0,21.6,68.6,611.4,1,130.2,27.1,73,29.3,21.8
2026-06-30T11:15:00+05:30,2026-06-30 11:15:00,2.9,11.1,27.7,244,0,21.6,0,21.6,68.6,611.4,1,166.5,27.1,73,29.3,21.8
2026-06-30T11:10:00+05:30,2026-06-30 11:10:00,7.2,13,27.7,28,0,21.6,0,21.6,68.6,611.4,1,203.9,27.1,73,29.3,21.8
2026-06-30T11:05:00+05:30,2026-06-30 11:05:00,4.3,14.8,27.7,35,0,21.6,0,21.6,68.6,611.4,3,343.8,27,73,29.1,21.7
2026-06-30T11:00:00+05:30,2026-06-30 11:00:00,2.9,13,27.7,18,0,21.6,0,21.6,68.6,611.4,3,385.5,26.9,73,28.9,21.6
2026-06-30T10:55:00+05:30,2026-06-30 10:55:00,2.1,16.6,27.7,79,0,21.6,0,21.6,68.6,611.4,2,245.1,26.8,73,28.7,21.5
2026-06-30T10:50:00+05:30,2026-06-30 10:50:00,7.6,13,27.7,41,0,21.6,0,21.6,68.6,611.4,7,814.3,26.8,73,28.7,21.5
2026-06-30T10:45:00+05:30,2026-06-30 10:45:00,3.5,11.1,27.7,92,0,21.6,0,21.6,68.6,611.4,1,134.5,26.8,73,28.7,21.5
2026-06-30T10:40:00+05:30,2026-06-30 10:40:00,1.4,13,27.7,41,0,21.6,0,21.6,68.6,611.4,1,183.1,26.7,73,28.6,21.4
2026-06-30T10:35:00+05:30,2026-06-30 10:35:00,5.5,13,27.7,51,0,21.6,0,21.6,68.6,611.4,1,175.9,26.7,73,28.6,21.4
2026-06-30T10:30:00+05:30,2026-06-30 10:30:00,1.8,9.3,27.7,32,0,21.6,0,21.6,68.6,611.4,5,588.2,26.7,73,28.6,21.4
2026-06-30T10:25:00+05:30,2026-06-30 10:25:00,4.3,13,23.8,73,0,21.6,0,21.6,68.6,611.4,7,794.3,26.6,74,27.3,21.6
2026-06-30T10:20:00+05:30,2026-06-30 10:20:00,7.9,11.1,23.8,71,0,21.6,0,21.6,68.6,611.4,1,164.9,26.6,74,27.3,21.6
2026-06-30T10:15:00+05:30,2026-06-30 10:15:00,2.9,14.8,23.8,60,0,21.6,0,21.6,68.6,611.4,1,139.7,26.6,74,27.3,21.6
2026-06-30T10:10:00+05:30,2026-06-30 10:10:00,0.3,9.3,23.8,12,0,21.6,0,21.6,68.6,611.4,7,761.2,26.5,74,27.1,21.5
2026-06-30T10:05:00+05:30,2026-06-30 10:05:00,0,9.3,23.8,350,0,21.6,0,21.6,68.6,611.4,8,861.2,26.4,74,27,21.4
2026-06-30T10:00:00+05:30,2026-06-30 10:00:00,6.4,18.3,23.8,31,0,21.6,0,21.6,68.6,611.4,7,736.6,26.4,74,27,21.4
2026-06-30T09:55:00+05:30,2026-06-30 09:55:00,7.6,16.6,23.8,17,0,21.6,0,21.6,68.6,611.4,6,713.3,26.4,74,27,21.4
2026-06-30T09:50:00+05:30,2026-06-30 09:50:00,4.3,13,23.8,78,0,21.6,0,21.6,68.6,611.4,6,704.2,26.3,74,26.9,21.3
2026-06-30T09:46:00+05:30,2026-06-30 09:46:00,11.1,18.3,23.8,81,0,21.6,0,21.6,68.6,611.4,1,167.3,26.3,74,26.9,21.3
2026-06-30T09:43:00+05:30,2026-06-30 09:43:00,9.3,16.6,23.8,77,0,21.6,0,21.6,68.6,611.4,6,704.3,26.2,74,26.8,21.2
2026-06-26T16:46:00+05:30,2026-06-26 16:46:00,5.5,13,25.6,71,0,0,0,4.1,47,589.8,1,107.5,30.5,66,35.2,23.4
2026-06-26T16:40:00+05:30,2026-06-26 16:40:00,0,11.1,25.6,50,0,0,0,4.1,47,589.8,1,153.9,30.4,66,35,23.3
2026-06-26T16:35:00+05:30,2026-06-26 16:35:00,0,7.2,25.6,54,0,0,0,4.1,47,589.8,1,150.2,30.4,66,35,23.3
2026-06-26T16:30:00+05:30,2026-06-26 16:30:00,3.2,5.5,25.6,98,0,0,0,4.1,47,589.8,2,262.9,30.5,66,35.2,23.4
2026-06-26T16:25:00+05:30,2026-06-26 16:25:00,0,0,25.6,56,0,0,0,4.1,47,589.8,1,114.2,30.4,66,35,23.3
2026-06-26T16:20:00+05:30,2026-06-26 16:20:00,4,9.3,25.6,68,0,0,0,4.1,47,589.8,2,229.6,30.4,66,35,23.3
2026-06-26T16:15:00+05:30,2026-06-26 16:15:00,4.7,7.2,25.6,82,0,0,0,4.1,47,589.8,2,254.4,30.4,66,35,23.3
2026-06-26T16:10:00+05:30,2026-06-26 16:10:00,0,11.1,25.6,56,0,0,0,4.1,47,589.8,2,247.1,30.5,66,35.2,23.4
2026-06-26T16:05:00+05:30,2026-06-26 16:05:00,6.9,11.1,25.6,53,0,0,0,4.1,47,589.8,3,336.8,30.4,66,35,23.3
2026-06-26T16:00:00+05:30,2026-06-26 16:00:00,6.4,16.6,25.6,76,0,0,0,4.1,47,589.8,2,232.1,30.4,66,35,23.3
2026-06-26T15:55:00+05:30,2026-06-26 15:55:00,6.4,9.3,25.6,79,0,0,0,4.1,47,589.8,1,144.2,30.4,66,35,23.3
2026-06-26T15:50:00+05:30,2026-06-26 15:50:00,0.3,5.5,25.6,52,0,0,0,4.1,47,589.8,3,354.8,30.4,65,34.7,23.1
2026-06-26T15:45:00+05:30,2026-06-26 15:45:00,0.3,9.3,25.6,57,0,0,0,4.1,47,589.8,3,370.9,30.4,66,35,23.3
2026-06-26T15:40:00+05:30,2026-06-26 15:40:00,0.6,11.1,25.6,49,0,0,0,4.1,47,589.8,4,417.9,30.4,66,35,23.3
2026-06-26T15:35:00+05:30,2026-06-26 15:35:00,1.1,13,25.6,54,0,0,0,4.1,47,589.8,4,447.9,30.4,65,34.7,23.1
2026-06-26T15:30:00+05:30,2026-06-26 15:30:00,7.2,14.8,25.6,55,0,0,0,4.1,47,589.8,1,166.5,30.5,65,35,23.2
2026-06-26T15:25:00+05:30,2026-06-26 15:25:00,11.1,20.1,25.6,89,0,0,0,4.1,47,589.8,1,133.8,30.6,67,35.8,23.8
2026-06-26T15:20:00+05:30,2026-06-26 15:20:00,0.3,16.6,25.6,43,0,0,0,4.1,47,589.8,1,164.5,30.6,68,36,24
2026-06-26T15:15:00+05:30,2026-06-26 15:15:00,2.9,7.2,25.6,33,0,0,0,4.1,47,589.8,2,271.1,30.6,68,36,24
2026-06-26T15:10:00+05:30,2026-06-26 15:10:00,0,13,25.6,74,0,0,0,4.1,47,589.8,4,416.7,30.6,68,36,24
2026-06-26T15:05:00+05:30,2026-06-26 15:05:00,0,7.2,25.6,56,0,0,0,4.1,47,589.8,4,466.4,30.5,68,35.8,23.9
2026-06-26T15:00:00+05:30,2026-06-26 15:00:00,0,0,25.6,55,0,0,0,4.1,47,589.8,5,519.7,30.5,68,35.8,23.9
2026-06-26T14:55:00+05:30,2026-06-26 14:55:00,0.3,5.5,25.6,47,0,0,0,4.1,47,589.8,4,500.7,30.5,68,35.8,23.9
2026-06-26T14:50:00+05:30,2026-06-26 14:50:00,1.1,3.5,25.6,66,0,0,0,4.1,47,589.8,4,441.3,30.4,69,35.7,24.1
2026-06-26T14:45:00+05:30,2026-06-26 14:45:00,2.1,11.1,25.6,55,0,0,0,4.1,47,589.8,5,528.5,30.4,69,35.7,24.1
2026-06-26T14:40:00+05:30,2026-06-26 14:40:00,4.3,11.1,25.6,47,0,0,0,4.1,47,589.8,3,324.6,30.4,69,35.7,24.1
2026-06-26T14:36:00+05:30,2026-06-26 14:36:00,5,9.3,25.6,85,0,0,0,4.1,47,589.8,5,596.2,30.4,69,35.7,24.1
2026-06-26T14:30:00+05:30,2026-06-26 14:30:00,0.6,9.3,25.6,58,0,0,0,4.1,47,589.8,6,628.6,30.4,70,36,24.3
2026-06-26T14:25:00+05:30,2026-06-26 14:25:00,0.3,3.5,25.6,59,0,0,0,4.1,47,589.8,2,224.4,30.3,70,35.7,24.2
2026-06-26T14:20:00+05:30,2026-06-26 14:20:00,4.3,7.2,25.6,43,0,0,0,4.1,47,589.8,6,643.5,30.2,70,35.6,24.1
2026-06-26T14:15:00+05:30,2026-06-26 14:15:00,0,9.3,25.6,52,0,0,0,4.1,47,589.8,6,670.8,30.2,70,35.6,24.1
2026-06-26T14:10:00+05:30,2026-06-26 14:10:00,0,11.1,25.6,52,0,0,0,4.1,47,589.8,1,161.1,30.1,69,35.1,23.8
2026-06-26T14:05:00+05:30,2026-06-26 14:05:00,5.5,9.3,25.6,68,0,0,0,4.1,47,589.8,4,482.5,30.1,68,34.8,23.6
2026-06-26T14:00:00+05:30,2026-06-26 14:00:00,0,13,25.6,50,0,0,0,4.1,47,589.8,3,334.8,30.1,68,34.8,23.6
2026-06-26T13:55:00+05:30,2026-06-26 13:55:00,4.7,11.1,25.6,35,0,0,0,4.1,47,589.8,3,345.3,30.1,68,34.8,23.6
2026-06-26T13:50:00+05:30,2026-06-26 13:50:00,1.1,9.3,25.6,77,0,0,0,4.1,47,589.8,7,789.3,30,69,34.8,23.7
2026-06-26T13:45:00+05:30,2026-06-26 13:45:00,7.9,11.1,25.6,100,0,0,0,4.1,47,589.8,7,782.4,30,69,34.8,23.7
2026-06-26T13:40:00+05:30,2026-06-26 13:40:00,2.1,13,25.6,53,0,0,0,4.1,47,589.8,7,805.3,29.9,69,34.6,23.6
2026-06-26T13:35:00+05:30,2026-06-26 13:35:00,1.4,5.5,25.6,109,0,0,0,4.1,47,589.8,8,825.6,29.9,69,34.6,23.6
2026-06-26T13:31:00+05:30,2026-06-26 13:31:00,5.5,13,25.6,63,0,0,0,4.1,47,589.8,7,788.1,29.9,69,34.6,23.6
2026-06-26T13:25:00+05:30,2026-06-26 13:25:00,6.1,18.3,25.6,70,0,0,0,4.1,47,589.8,7,745.4,29.9,69,34.6,23.6
2026-06-26T13:20:00+05:30,2026-06-26 13:20:00,1.4,11.1,25.6,9,0,0,0,4.1,47,589.8,7,723.9,30,69,34.8,23.7
2026-06-26T13:15:00+05:30,2026-06-26 13:15:00,4.7,11.1,25.6,92,0,0,0,4.1,47,589.8,1,187.1,30,68,34.6,23.4
2026-06-26T13:10:00+05:30,2026-06-26 13:10:00,0.3,20.1,25.6,79,0,0,0,4.1,47,589.8,1,175.3,30,67,34.3,23.2
2026-06-26T13:05:00+05:30,2026-06-26 13:05:00,4,11.1,25.6,79,0,0,0,4.1,47,589.8,1,138.2,30.1,68,34.8,23.6
2026-06-26T13:00:00+05:30,2026-06-26 13:00:00,2.6,9.3,21.9,60,0,0,0,4.1,47,589.8,2,232.3,30.1,68,34.8,23.6
2026-06-26T12:55:00+05:30,2026-06-26 12:55:00,6.1,9.3,21.9,71,0,0,0,4.1,47,589.8,2,271.2,30,68,34.6,23.4
2026-06-26T12:50:00+05:30,2026-06-26 12:50:00,0.3,7.2,21.9,58,0,0,0,4.1,47,589.8,6,693.6,29.9,68,34.3,23.3
2026-06-26T12:45:00+05:30,2026-06-26 12:45:00,0.3,13,21.9,41,0,0,0,4.1,47,589.8,5,553.1,29.9,68,34.3,23.3
2026-06-26T12:40:00+05:30,2026-06-26 12:40:00,13.4,16.6,21.9,68,0,0,0,4.1,47,589.8,6,684.4,29.8,68,34.1,23.2
2026-06-26T12:35:00+05:30,2026-06-26 12:35:00,4.3,11.1,21.9,70,0,0,0,4.1,47,589.8,6,671.3,29.8,68,34.1,23.2
2026-06-26T12:30:00+05:30,2026-06-26 12:30:00,4.7,11.1,21.9,62,0,0,0,4.1,47,589.8,7,729,29.7,68,33.9,23.2
2026-06-26T12:26:00+05:30,2026-06-26 12:26:00,1.4,3.5,21.9,38,0,0,0,4.1,47,589.8,7,735.8,29.6,68,33.7,23.1
2026-06-26T12:20:00+05:30,2026-06-26 12:20:00,0,13,21.9,67,0,0,0,4.1,47,589.8,7,748.8,29.5,68,33.4,22.9
2026-06-26T12:15:00+05:30,2026-06-26 12:15:00,12.2,16.6,21.9,113,0,0,0,4.1,47,589.8,6,685.5,29.5,67,33.2,22.7
2026-06-26T12:10:00+05:30,2026-06-26 12:10:00,2.1,9.3,21.9,58,0,0,0,4.1,47,589.8,2,307.1,29.4,67,33,22.6
2026-06-26T12:05:00+05:30,2026-06-26 12:05:00,0.6,11.1,21.9,49,0,0,0,4.1,47,589.8,3,360.8,29.4,67,33,22.6
2026-06-26T12:00:00+05:30,2026-06-26 12:00:00,5.8,21.9,21.9,28,0,0,0,4.1,47,589.8,7,782.4,29.3,67,32.8,22.5
2026-06-26T11:55:00+05:30,2026-06-26 11:55:00,2.9,11.1,20.1,38,0,0,0,4.1,47,589.8,6,618.5,29.3,66,32.6,22.3
2026-06-26T11:50:00+05:30,2026-06-26 11:50:00,6.9,11.1,20.1,63,0,0,0,4.1,47,589.8,3,360.9,29.3,68,32.9,22.7
2026-06-26T11:45:00+05:30,2026-06-26 11:45:00,5,11.1,20.1,84,0,0,0,4.1,47,589.8,6,638.3,29.3,67,32.8,22.5
2026-06-26T11:40:00+05:30,2026-06-26 11:40:00,6.4,9.3,20.1,83,0,0,0,4.1,47,589.8,3,340.4,29.3,68,32.9,22.7
2026-06-26T11:35:00+05:30,2026-06-26 11:35:00,5,11.1,20.1,46,0,0,0,4.1,47,589.8,7,752.2,29.2,68,32.8,22.7
2026-06-26T11:30:00+05:30,2026-06-26 11:30:00,5.5,11.1,20.1,79,0,0,0,4.1,47,589.8,6,667.5,29.2,68,32.8,22.7
2026-06-26T11:25:00+05:30,2026-06-26 11:25:00,1.1,5.5,20.1,74,0,0,0,4.1,47,589.8,2,248.3,29.1,69,32.8,22.8
2026-06-26T11:21:00+05:30,2026-06-26 11:21:00,0,1.8,20.1,76,0,0,0,4.1,47,589.8,6,619.1,29.1,69,32.8,22.8
2026-06-26T11:15:00+05:30,2026-06-26 11:15:00,0,5.5,20.1,49,0,0,0,4.1,47,589.8,6,627.7,29,69,32.6,22.7
2026-06-26T11:10:00+05:30,2026-06-26 11:10:00,0.6,1.8,20.1,69,0,0,0,4.1,47,589.8,2,213.3,28.9,69,32.3,22.6
2026-06-26T11:05:00+05:30,2026-06-26 11:05:00,5,7.2,20.1,74,0,0,0,4.1,47,589.8,6,668.4,28.9,70,32.5,22.8
2026-06-26T11:00:00+05:30,2026-06-26 11:00:00,0,5.5,20.1,52,0,0,0,4.1,47,589.8,6,688.9,28.8,70,32.2,22.7
2026-06-26T10:55:00+05:30,2026-06-26 10:55:00,0,7.2,20.1,48,0,0,0,4.1,47,589.8,7,725.2,28.8,70,32.2,22.7
2026-06-26T10:50:00+05:30,2026-06-26 10:50:00,6.1,7.2,20.1,25,0,0,0,4.1,47,589.8,6,669.4,28.8,70,32.2,22.7
2026-06-26T10:45:00+05:30,2026-06-26 10:45:00,3.2,13,20.1,65,0,0,0,4.1,47,589.8,6,645.4,28.8,70,32.2,22.7
2026-06-26T10:40:00+05:30,2026-06-26 10:40:00,2.9,5.5,20.1,53,0,0,0,4.1,47,589.8,2,275,28.7,71,32.3,22.9
2026-06-26T10:35:00+05:30,2026-06-26 10:35:00,1.8,11.1,20.1,68,0,0,0,4.1,47,589.8,6,637.5,28.7,71,32.3,22.9
2026-06-26T10:30:00+05:30,2026-06-26 10:30:00,6.9,11.1,20.1,106,0,0,0,4.1,47,589.8,5,539.1,28.6,71,32.1,22.8
2026-06-26T10:25:00+05:30,2026-06-26 10:25:00,4.3,9.3,20.1,75,0,0,0,4.1,47,589.8,3,343.4,28.6,71,32.1,22.8
2026-06-26T10:20:00+05:30,2026-06-26 10:20:00,1.8,7.2,20.1,93,0,0,0,4.1,47,589.8,7,738.5,28.5,71,31.8,22.7
2026-06-26T10:15:00+05:30,2026-06-26 10:15:00,3.5,7.2,20.1,57,0,0,0,4.1,47,589.8,4,487.5,28.4,71,31.6,22.6
2026-06-26T10:10:00+05:30,2026-06-26 10:10:00,6.1,11.1,20.1,89,0,0,0,4.1,47,589.8,1,172.3,28.4,71,31.6,22.6
2026-06-26T10:05:00+05:30,2026-06-26 10:05:00,1.4,7.2,20.1,68,0,0,0,4.1,47,589.8,7,750.8,28.3,71,31.4,22.5
2026-06-26T10:00:00+05:30,2026-06-26 10:00:00,3.2,7.2,20.1,56,0,0,0,4.1,47,589.8,1,156.3,28.2,71,31.2,22.4
2026-06-26T09:55:00+05:30,2026-06-26 09:55:00,7.2,9.3,20.1,60,0,0,0,4.1,47,589.8,5,544.6,28.2,71,31.2,22.4
2026-06-26T09:50:00+05:30,2026-06-26 09:50:00,5.5,9.3,20.1,67,0,0,0,4.1,47,589.8,2,242.6,28.1,71,31,22.3
2026-06-26T09:45:00+05:30,2026-06-26 09:45:00,2.9,5.5,20.1,49,0,0,0,4.1,47,589.8,7,721.8,28,71,30.8,22.2
2026-06-26T09:40:00+05:30,2026-06-26 09:40:00,1.4,3.5,20.1,51,0,0,0,4.1,47,589.8,6,690.6,28,71,30.8,22.2
2026-06-26T09:35:00+05:30,2026-06-26 09:35:00,4,9.3,20.1,74,0,0,0,4.1,47,589.8,7,749.6,27.9,71,30.6,22.1
2026-06-26T09:30:00+05:30,2026-06-26 09:30:00,3.2,7.2,20.1,79,0,0,0,4.1,47,589.8,2,251.3,27.9,71,30.6,22.1
2026-06-26T09:25:00+05:30,2026-06-26 09:25:00,3.5,20.1,20.1,33,0,0,0,4.1,47,589.8,5,565,27.9,71,30.6,22.1
2026-06-26T09:20:00+05:30,2026-06-26 09:20:00,2.6,7.2,18.3,43,0,0,0,4.1,47,589.8,4,425.7,27.8,72,30.5,22.3
2026-06-26T09:15:00+05:30,2026-06-26 09:15:00,4.7,9.3,16.6,64,0,0,0,4.1,47,589.8,3,384,27.8,73,30.6,22.5
2026-06-26T09:11:00+05:30,2026-06-26 09:11:00,0,3.5,16.6,50,0,0,0,4.1,47,589.8,2,233.2,27.7,72,30.4,22.2
2026-06-26T09:05:00+05:30,2026-06-26 09:05:00,0,3.5,16.6,59,0,0,0,4.1,47,589.8,5,516.1,27.6,71,30.1,21.9
2026-06-26T09:00:00+05:30,2026-06-26 09:00:00,7.9,9.3,16.6,85,0,0,0,4.1,47,589.8,1,201.7,27.6,71,30.1,21.9
2026-06-26T08:55:00+05:30,2026-06-26 08:55:00,10.5,16.6,16.6,69,0,0,0,4.1,47,589.8,1,133.2,27.6,71,30.1,21.9
2026-06-26T08:50:00+05:30,2026-06-26 08:50:00,5,9.3,9.3,126,0,0,0,4.1,47,589.8,2,233.8,27.5,71,29.8,21.8
2026-06-26T08:45:00+05:30,2026-06-26 08:45:00,4,7.2,9.3,70,0,0,0,4.1,47,589.8,4,457.9,27.5,71,29.8,21.8
2026-06-26T08:40:00+05:30,2026-06-26 08:40:00,0,0,9.3,64,0,0,0,4.1,47,589.8,1,191.3,27.4,71,29.6,21.7
2026-06-26T08:35:00+05:30,2026-06-26 08:35:00,0.3,5.5,9.3,70,0,0,0,4.1,47,589.8,1,175.3,27.4,71,29.6,21.7
2026-06-26T08:30:00+05:30,2026-06-26 08:30:00,0.3,7.2,9.3,48,0,0,0,4.1,47,589.8,3,361.1,27.3,71,29.4,21.6
2026-06-26T08:25:00+05:30,2026-06-26 08:25:00,1.4,7.2,9.3,41,0,0,0,4.1,47,589.8,3,380,27.3,71,29.4,21.6
2026-06-26T08:20:00+05:30,2026-06-26 08:20:00,0,0,9.3,60,0,0,0,4.1,47,589.8,1,202.2,27.3,71,29.4,21.6
2026-06-26T08:15:00+05:30,2026-06-26 08:15:00,0,5.5,9.3,60,0,0,0,4.1,47,589.8,1,109.2,27.3,70,29.3,21.3
2026-06-26T08:10:00+05:30,2026-06-26 08:10:00,0,7.2,9.3,52,0,0,0,4.1,47,589.8,1,164.6,27.3,70,29.3,21.3
2026-06-26T08:05:00+05:30,2026-06-26 08:05:00,0,1.8,9.3,58,0,0,0,4.1,47,589.8,1,134.5,27.2,70,29.2,21.3
2026-06-26T08:00:00+05:30,2026-06-26 08:00:00,1.8,7.2,9.3,54,0,0,0,4.1,47,589.8,1,148.5,27.2,70,29.2,21.3
2026-06-26T07:55:00+05:30,2026-06-26 07:55:00,6.4,9.3,9.3,58,0,0,0,4.1,47,589.8,0,98.5,27.2,70,29.2,21.3
2026-06-26T07:51:00+05:30,2026-06-26 07:51:00,0,3.5,9.3,50,0,0,0,4.1,47,589.8,0,60.8,27.2,70,29.2,21.3
2026-06-26T07:45:00+05:30,2026-06-26 07:45:00,0,3.5,9.3,53,0,0,0,4.1,47,589.8,0,82.7,27.2,70,29.2,21.3
2026-06-26T07:40:00+05:30,2026-06-26 07:40:00,0.6,7.2,9.3,51,0,0,0,4.1,47,589.8,1,151.6,27.2,70,29.2,21.3
2026-06-26T07:35:00+05:30,2026-06-26 07:35:00,0,0,9.3,52,0,0,0,4.1,47,589.8,0,92.5,27.2,70,29.2,21.3
2026-06-26T07:30:00+05:30,2026-06-26 07:30:00,0,3.5,9.3,55,0,0,0,4.1,47,589.8,0,83.9,27.3,70,29.3,21.3
2026-06-26T07:25:00+05:30,2026-06-26 07:25:00,2.1,3.5,9.3,48,0,0,0,4.1,47,589.8,0,76.3,27.2,70,29.2,21.3
2026-06-26T07:20:00+05:30,2026-06-26 07:20:00,0,3.5,9.3,60,0,0,0,4.1,47,589.8,0,47.1,27.3,69,29.2,21.1
2026-06-26T07:15:00+05:30,2026-06-26 07:15:00,0,3.5,9.3,34,0,0,0,4.1,47,589.8,0,75.5,27.2,69,29.2,21
2026-06-26T07:10:00+05:30,2026-06-26 07:10:00,0,0,9.3,47,0,0,0,4.1,47,589.8,0,79.1,27.2,69,29.2,21
2026-06-26T07:05:00+05:30,2026-06-26 07:05:00,0.3,5.5,9.3,65,0,0,0,4.1,47,589.8,0,63.5,27.2,69,29.2,21
2026-06-26T07:00:00+05:30,2026-06-26 07:00:00,0,0,9.3,63,0,0,0,4.1,47,589.8,0,51.2,27.3,69,29.2,21.1
2026-06-26T06:55:00+05:30,2026-06-26 06:55:00,0,0,9.3,54,0,0,0,4.1,47,589.8,0,46.9,27.2,69,29.2,21
2026-06-26T06:50:00+05:30,2026-06-26 06:50:00,3.5,5.5,9.3,59,0,0,0,4.1,47,589.8,0,46.4,27.2,69,29.2,21
2026-06-26T06:46:00+05:30,2026-06-26 06:46:00,0,1.8,9.3,60,0,0,0,4.1,47,589.8,0,47.9,27.2,69,29.2,21
2026-06-26T06:40:00+05:30,2026-06-26 06:40:00,1.4,1.8,9.3,58,0,0,0,4.1,47,589.8,0,39.2,27.2,69,29.2,21
2026-06-26T06:35:00+05:30,2026-06-26 06:35:00,0,3.5,9.3,70,0,0,0,4.1,47,589.8,0,41.8,27.3,69,29.2,21.1
2026-06-26T06:30:00+05:30,2026-06-26 06:30:00,0,1.8,9.3,43,0,0,0,4.1,47,589.8,0,29.1,27.3,69,29.2,21.1
2026-06-26T06:25:00+05:30,2026-06-26 06:25:00,0,0,9.3,30,0,0,0,4.1,47,589.8,0,24.7,27.3,69,29.2,21.1
2026-06-26T06:20:00+05:30,2026-06-26 06:20:00,1.4,5.5,9.3,50,0,0,0,4.1,47,589.8,0,19.5,27.3,69,29.2,21.1
2026-06-26T06:15:00+05:30,2026-06-26 06:15:00,0,3.5,9.3,37,0,0,0,4.1,47,589.8,0,14.4,27.3,69,29.2,21.1
2026-06-26T06:10:00+05:30,2026-06-26 06:10:00,0,0,9.3,37,0,0,0,4.1,47,589.8,0,10.8,27.3,69,29.2,21.1
2026-06-26T06:05:00+05:30,2026-06-26 06:05:00,0,0,9.3,44,0,0,0,4.1,47,589.8,0,7.1,27.3,69,29.2,21.1
2026-06-26T06:00:00+05:30,2026-06-26 06:00:00,0,0,9.3,39,0,0,0,4.1,47,589.8,0,4,27.3,69,29.2,21.1
2026-06-26T05:55:00+05:30,2026-06-26 05:55:00,0,0,9.3,40,0,0,0,4.1,47,589.8,0,2.4,27.3,69,29.2,21.1
2026-06-26T05:50:00+05:30,2026-06-26 05:50:00,0,0,9.3,40,0,0,0,4.1,47,589.8,0,1.1,27.4,69,29.4,21.2
2026-06-26T05:45:00+05:30,2026-06-26 05:45:00,0,0,9.3,42,0,0,0,4.1,47,589.8,0,0.4,27.4,69,29.4,21.2
2026-06-26T05:41:00+05:30,2026-06-26 05:41:00,0,0,9.3,42,0,0,0,4.1,47,589.8,0,0.2,27.4,69,29.4,21.2
2026-06-26T05:35:00+05:30,2026-06-26 05:35:00,0,0,9.3,42,0,0,0,4.1,47,589.8,0,0,27.4,69,29.4,21.2
2026-06-26T05:30:00+05:30,2026-06-26 05:30:00,0,0,9.3,48,0,0,0,4.1,47,589.8,0,0,27.4,68,29.3,20.9
2026-06-26T05:25:00+05:30,2026-06-26 05:25:00,0,0,9.3,43,0,0,0,4.1,47,589.8,0,0,27.5,68,29.5,21.1
2026-06-26T05:20:00+05:30,2026-06-26 05:20:00,0,0,9.3,42,0,0,0,4.1,47,589.8,0,0,27.4,68,29.3,20.9
2026-06-26T05:15:00+05:30,2026-06-26 05:15:00,0,0,9.3,42,0,0,0,4.1,47,589.8,0,0,27.5,68,29.5,21.1
2026-06-26T05:10:00+05:30,2026-06-26 05:10:00,0,0,9.3,45,0,0,0,4.1,47,589.8,0,0,27.5,68,29.5,21.1
2026-06-26T05:05:00+05:30,2026-06-26 05:05:00,0,0,9.3,62,0,0,0,4.1,47,589.8,0,0,27.4,68,29.3,20.9
2026-06-26T05:00:00+05:30,2026-06-26 05:00:00,0,0,9.3,45,0,0,0,4.1,47,589.8,0,0,27.5,68,29.5,21.1
2026-06-26T04:55:00+05:30,2026-06-26 04:55:00,0,0,9.3,48,0,0,0,4.1,47,589.8,0,0,27.5,68,29.5,21.1
2026-06-26T04:50:00+05:30,2026-06-26 04:50:00,0,0,9.3,45,0,0,0,4.1,47,589.8,0,0,27.5,68,29.5,21.1
2026-06-26T04:45:00+05:30,2026-06-26 04:45:00,0,0,9.3,44,0,0,0,4.1,47,589.8,0,0,27.5,68,29.5,21.1
2026-06-26T04:40:00+05:30,2026-06-26 04:40:00,0,0,9.3,45,0,0,0,4.1,47,589.8,0,0,27.5,68,29.5,21.1
2026-06-26T04:35:00+05:30,2026-06-26 04:35:00,0,0,9.3,45,0,0,0,4.1,47,589.8,0,0,27.5,68,29.5,21.1
2026-06-26T04:30:00+05:30,2026-06-26 04:30:00,0,0,9.3,47,0,0,0,4.1,47,589.8,0,0,27.5,68,29.5,21.1
2026-06-26T04:25:00+05:30,2026-06-26 04:25:00,0,0,9.3,48,0,0,0,4.1,47,589.8,0,0,27.5,68,29.5,21.1
2026-06-26T04:20:00+05:30,2026-06-26 04:20:00,0,0,9.3,48,0,0,0,4.1,47,589.8,0,0,27.5,68,29.5,21.1
2026-06-26T04:15:00+05:30,2026-06-26 04:15:00,0,1.8,9.3,50,0,0,0,4.1,47,589.8,0,0,27.6,68,29.7,21.2
2026-06-26T04:10:00+05:30,2026-06-26 04:10:00,0,0,9.3,49,0,0,0,4.1,47,589.8,0,0,27.6,68,29.7,21.2
2026-06-26T04:05:00+05:30,2026-06-26 04:05:00,0,0,9.3,46,0,0,0,4.1,47,589.8,0,0,27.6,68,29.7,21.2
2026-06-26T04:00:00+05:30,2026-06-26 04:00:00,0,1.8,9.3,50,0,0,0,4.1,47,589.8,0,0,27.6,67,29.6,20.9
2026-06-26T03:55:00+05:30,2026-06-26 03:55:00,0,1.8,9.3,66,0,0,0,4.1,47,589.8,0,0,27.6,67,29.6,20.9
2026-06-26T03:50:00+05:30,2026-06-26 03:50:00,2.6,5.5,9.3,53,0,0,0,4.1,47,589.8,0,0,27.6,67,29.6,20.9
2026-06-26T03:45:00+05:30,2026-06-26 03:45:00,0,3.5,9.3,50,0,0,0,4.1,47,589.8,0,0,27.6,67,29.6,20.9
2026-06-26T03:40:00+05:30,2026-06-26 03:40:00,0,0,9.3,48,0,0,0,4.1,47,589.8,0,0,27.6,67,29.6,20.9
2026-06-26T03:35:00+05:30,2026-06-26 03:35:00,0,5.5,9.3,54,0,0,0,4.1,47,589.8,0,0,27.6,67,29.6,20.9
2026-06-26T03:30:00+05:30,2026-06-26 03:30:00,0,7.2,9.3,55,0,0,0,4.1,47,589.8,0,0,27.7,67,29.8,21
2026-06-26T03:25:00+05:30,2026-06-26 03:25:00,3.5,7.2,9.3,53,0,0,0,4.1,47,589.8,0,0,27.7,67,29.8,21
2026-06-26T03:20:00+05:30,2026-06-26 03:20:00,0,0,9.3,49,0,0,0,4.1,47,589.8,0,0,27.7,67,29.8,21
2026-06-26T03:16:00+05:30,2026-06-26 03:16:00,3.5,5.5,9.3,55,0,0,0,4.1,47,589.8,0,0,27.7,67,29.8,21
2026-06-26T03:10:00+05:30,2026-06-26 03:10:00,0,0,9.3,50,0,0,0,4.1,47,589.8,0,0,27.7,67,29.8,21
2026-06-26T03:05:00+05:30,2026-06-26 03:05:00,1.8,7.2,9.3,50,0,0,0,4.1,47,589.8,0,0,27.8,67,29.9,21.1
2026-06-26T03:00:00+05:30,2026-06-26 03:00:00,0,1.8,7.2,54,0,0,0,4.1,47,589.8,0,0,27.8,67,29.9,21.1
2026-06-26T02:55:00+05:30,2026-06-26 02:55:00,0.6,1.8,7.2,49,0,0,0,4.1,47,589.8,0,0,27.8,67,29.9,21.1
2026-06-26T02:50:00+05:30,2026-06-26 02:50:00,1.8,3.5,7.2,63,0,0,0,4.1,47,589.8,0,0,27.8,67,29.9,21.1
2026-06-26T02:45:00+05:30,2026-06-26 02:45:00,0.3,5.5,7.2,60,0,0,0,4.1,47,589.8,0,0,27.8,67,29.9,21.1
2026-06-26T02:40:00+05:30,2026-06-26 02:40:00,0,5.5,7.2,49,0,0,0,4.1,47,589.8,0,0,27.8,67,29.9,21.1
2026-06-26T02:35:00+05:30,2026-06-26 02:35:00,0,5.5,7.2,46,0,0,0,4.1,47,589.8,0,0,27.8,67,29.9,21.1
2026-06-26T02:30:00+05:30,2026-06-26 02:30:00,0,1.8,7.2,57,0,0,0,4.1,47,589.8,0,0,27.8,67,29.9,21.1
2026-06-26T02:25:00+05:30,2026-06-26 02:25:00,0,5.5,7.2,55,0,0,0,4.1,47,589.8,0,0,27.9,66,29.9,20.9
2026-06-26T02:20:00+05:30,2026-06-26 02:20:00,0,1.8,7.2,53,0,0,0,4.1,47,589.8,0,0,27.9,66,29.9,20.9
2026-06-26T02:15:00+05:30,2026-06-26 02:15:00,0,0,7.2,50,0,0,0,4.1,47,589.8,0,0,27.9,66,29.9,20.9
2026-06-26T02:11:00+05:30,2026-06-26 02:11:00,0,0,7.2,51,0,0,0,4.1,47,589.8,0,0,27.9,66,29.9,20.9
2026-06-26T02:05:00+05:30,2026-06-26 02:05:00,0,1.8,7.2,50,0,0,0,4.1,47,589.8,0,0,27.9,66,29.9,20.9
2026-06-26T02:00:00+05:30,2026-06-26 02:00:00,2.1,3.5,7.2,60,0,0,0,4.1,47,589.8,0,0,28,66,30.2,21.1
2026-06-26T01:55:00+05:30,2026-06-26 01:55:00,0,0,7.2,51,0,0,0,4.1,47,589.8,0,0,28,66,30.2,21.1
2026-06-26T01:50:00+05:30,2026-06-26 01:50:00,0,1.8,7.2,51,0,0,0,4.1,47,589.8,0,0,28,66,30.2,21.1
2026-06-26T01:45:00+05:30,2026-06-26 01:45:00,0,5.5,7.2,48,0,0,0,4.1,47,589.8,0,0,28,66,30.2,21.1
2026-06-26T01:40:00+05:30,2026-06-26 01:40:00,3.5,7.2,7.2,71,0,0,0,4.1,47,589.8,0,0,28,66,30.2,21.1
2026-06-26T01:35:00+05:30,2026-06-26 01:35:00,0,1.8,7.2,50,0,0,0,4.1,47,589.8,0,0,28,66,30.2,21.1
2026-06-26T01:30:00+05:30,2026-06-26 01:30:00,4.7,7.2,7.2,65,0,0,0,4.1,47,589.8,0,0,28.1,66,30.3,21.2
2026-06-26T01:25:00+05:30,2026-06-26 01:25:00,0,0,7.2,51,0,0,0,4.1,47,589.8,0,0,28.1,66,30.3,21.2
2026-06-26T01:20:00+05:30,2026-06-26 01:20:00,0,0,7.2,51,0,0,0,4.1,47,589.8,0,0,28.1,66,30.3,21.2
2026-06-26T01:15:00+05:30,2026-06-26 01:15:00,0,0,7.2,51,0,0,0,4.1,47,589.8,0,0,28.1,66,30.3,21.2
2026-06-26T01:10:00+05:30,2026-06-26 01:10:00,0,0,7.2,53,0,0,0,4.1,47,589.8,0,0,28.1,66,30.3,21.2
2026-06-26T01:06:00+05:30,2026-06-26 01:06:00,0,0,7.2,59,0,0,0,4.1,47,589.8,0,0,28.1,66,30.3,21.2
2026-06-26T01:00:00+05:30,2026-06-26 01:00:00,0,0,7.2,57,0,0,0,4.1,47,589.8,0,0,28.1,66,30.3,21.2
2026-06-26T00:55:00+05:30,2026-06-26 00:55:00,0,0,7.2,50,0,0,0,4.1,47,589.8,0,0,28.2,66,30.6,21.3
2026-06-26T00:50:00+05:30,2026-06-26 00:50:00,0,0,7.2,50,0,0,0,4.1,47,589.8,0,0,28.2,66,30.6,21.3
2026-06-26T00:45:00+05:30,2026-06-26 00:45:00,0,0,7.2,50,0,0,0,4.1,47,589.8,0,0,28.2,66,30.6,21.3
2026-06-26T00:40:00+05:30,2026-06-26 00:40:00,0,5.5,7.2,54,0,0,0,4.1,47,589.8,0,0,28.2,66,30.6,21.3
2026-06-26T00:35:00+05:30,2026-06-26 00:35:00,0.3,3.5,7.2,47,0,0,0,4.1,47,589.8,0,0,28.2,66,30.6,21.3
2026-06-26T00:30:00+05:30,2026-06-26 00:30:00,0,0,7.2,53,0,0,0,4.1,47,589.8,0,0,28.3,66,30.7,21.3
2026-06-26T00:25:00+05:30,2026-06-26 00:25:00,1.8,3.5,7.2,57,0,0,0,4.1,47,589.8,0,0,28.3,66,30.7,21.3
2026-06-26T00:20:00+05:30,2026-06-26 00:20:00,0,3.5,7.2,47,0,0,0,4.1,47,589.8,0,0,28.3,66,30.7,21.3
2026-06-26T00:15:00+05:30,2026-06-26 00:15:00,1.1,1.8,7.2,56,0,0,0,4.1,47,589.8,0,0,28.3,66,30.7,21.3
2026-06-26T00:10:00+05:30,2026-06-26 00:10:00,0.3,1.8,3.5,64,0,0,0,4.1,47,589.8,0,0,28.4,66,30.8,21.4
2026-06-26T00:05:00+05:30,2026-06-26 00:05:00,0,0,3.5,51,0,0,0,4.1,47,589.8,0,0,28.4,66,30.8,21.4
2026-06-26T00:00:00+05:30,2026-06-26 00:00:00,0,0,0,48,0,0,0,4.1,47,589.8,0,0,28.4,66,30.8,21.4
2026-06-25T23:55:00+05:30,2026-06-25 23:55:00,0,1.8,23.8,70,0,0,0,4.1,47,589.8,0,0,28.4,66,30.8,21.4
2026-06-25T23:50:00+05:30,2026-06-25 23:50:00,0,3.5,23.8,52,0,0,0,4.1,47,589.8,0,0,28.5,66,31.1,21.5
2026-06-25T23:46:00+05:30,2026-06-25 23:46:00,0,3.5,23.8,54,0,0,0,4.1,47,589.8,0,0,28.5,66,31.1,21.5
2026-06-25T23:40:00+05:30,2026-06-25 23:40:00,0,5.5,23.8,73,0,0,0,4.1,47,589.8,0,0,28.5,66,31.1,21.5
2026-06-25T23:35:00+05:30,2026-06-25 23:35:00,0.3,7.2,23.8,56,0,0,0,4.1,47,589.8,0,0,28.6,66,31.3,21.6
2026-06-25T23:30:00+05:30,2026-06-25 23:30:00,0,3.5,23.8,60,0,0,0,4.1,47,589.8,0,0,28.6,66,31.3,21.6
2026-06-25T23:25:00+05:30,2026-06-25 23:25:00,3.2,5.5,23.8,72,0,0,0,4.1,47,589.8,0,0,28.7,66,31.4,21.7
2026-06-25T23:20:00+05:30,2026-06-25 23:20:00,0,0,23.8,52,0,0,0,4.1,47,589.8,0,0,28.7,66,31.4,21.7
2026-06-25T23:15:00+05:30,2026-06-25 23:15:00,0,0,23.8,49,0,0,0,4.1,47,589.8,0,0,28.8,66,31.6,21.8
2026-06-25T23:10:00+05:30,2026-06-25 23:10:00,0,0,23.8,50,0,0,0,4.1,47,589.8,0,0,28.8,66,31.6,21.8
2026-06-25T23:05:00+05:30,2026-06-25 23:05:00,0,0,23.8,55,0,0,0,4.1,47,589.8,0,0,28.8,67,31.7,22
2026-06-25T23:00:00+05:30,2026-06-25 23:00:00,0,0,23.8,53,0,0,0,4.1,47,589.8,0,0,28.8,67,31.7,22
2026-06-25T22:55:00+05:30,2026-06-25 22:55:00,0,0,23.8,52,0,0,0,4.1,47,589.8,0,0,28.9,67,31.9,22.1
2026-06-25T22:50:00+05:30,2026-06-25 22:50:00,0,0,23.8,58,0,0,0,4.1,47,589.8,0,0,28.9,67,31.9,22.1
2026-06-25T22:45:00+05:30,2026-06-25 22:45:00,0,0,23.8,54,0,0,0,4.1,47,589.8,0,0,29,67,32.2,22.2
2026-06-25T22:41:00+05:30,2026-06-25 22:41:00,0,0,23.8,61,0,0,0,4.1,47,589.8,0,0,29,67,32.2,22.2
2026-06-25T22:35:00+05:30,2026-06-25 22:35:00,0,0,23.8,49,0,0,0,4.1,47,589.8,0,0,29,67,32.2,22.2
2026-06-25T22:30:00+05:30,2026-06-25 22:30:00,0,0,23.8,49,0,0,0,4.1,47,589.8,0,0,29,67,32.2,22.2
2026-06-25T22:26:00+05:30,2026-06-25 22:26:00,0,0,23.8,48,0,0,0,4.1,47,589.8,0,0,29.1,67,32.4,22.3
2026-06-25T22:20:00+05:30,2026-06-25 22:20:00,0,0,23.8,49,0,0,0,4.1,47,589.8,0,0,29.1,67,32.4,22.3
2026-06-25T22:15:00+05:30,2026-06-25 22:15:00,0,0,23.8,50,0,0,0,4.1,47,589.8,0,0,29.1,67,32.4,22.3
2026-06-25T22:10:00+05:30,2026-06-25 22:10:00,0,0,23.8,48,0,0,0,4.1,47,589.8,0,0,29.2,67,32.7,22.4
2026-06-25T22:05:00+05:30,2026-06-25 22:05:00,0,0,23.8,51,0,0,0,4.1,47,589.8,0,0,29.2,67,32.7,22.4
2026-06-25T22:00:00+05:30,2026-06-25 22:00:00,0,0,23.8,49,0,0,0,4.1,47,589.8,0,0,29.3,67,32.8,22.5
2026-06-25T21:55:00+05:30,2026-06-25 21:55:00,0,0,23.8,48,0,0,0,4.1,47,589.8,0,0,29.3,67,32.8,22.5
2026-06-25T21:50:00+05:30,2026-06-25 21:50:00,0,0,23.8,42,0,0,0,4.1,47,589.8,0,0,29.3,67,32.8,22.5
2026-06-25T21:45:00+05:30,2026-06-25 21:45:00,0,0,23.8,40,0,0,0,4.1,47,589.8,0,0,29.3,67,32.8,22.5
2026-06-25T21:40:00+05:30,2026-06-25 21:40:00,0,0,23.8,54,0,0,0,4.1,47,589.8,0,0,29.3,67,32.8,22.5
2026-06-25T21:35:00+05:30,2026-06-25 21:35:00,0,0,23.8,52,0,0,0,4.1,47,589.8,0,0,29.3,67,32.8,22.5
2026-06-25T21:30:00+05:30,2026-06-25 21:30:00,0,0,23.8,52,0,0,0,4.1,47,589.8,0,0,29.4,67,33,22.6
2026-06-25T21:25:00+05:30,2026-06-25 21:25:00,0,0,23.8,63,0,0,0,4.1,47,589.8,0,0,29.4,67,33,22.6
2026-06-25T21:21:00+05:30,2026-06-25 21:21:00,0,0,23.8,46,0,0,0,4.1,47,589.8,0,0,29.4,67,33,22.6
2026-06-25T21:15:00+05:30,2026-06-25 21:15:00,0,0,23.8,55,0,0,0,4.1,47,589.8,0,0,29.4,67,33,22.6
2026-06-25T21:10:00+05:30,2026-06-25 21:10:00,0,0,23.8,58,0,0,0,4.1,47,589.8,0,0,29.4,67,33,22.6
2026-06-25T21:05:00+05:30,2026-06-25 21:05:00,0,0,23.8,90,0,0,0,4.1,47,589.8,0,0,29.5,67,33.2,22.7
2026-06-25T21:00:00+05:30,2026-06-25 21:00:00,0,0,23.8,52,0,0,0,4.1,47,589.8,0,0,29.5,67,33.2,22.7
2026-06-25T20:55:00+05:30,2026-06-25 20:55:00,0,0,23.8,48,0,0,0,4.1,47,589.8,0,0,29.5,67,33.2,22.7
2026-06-25T20:50:00+05:30,2026-06-25 20:50:00,0,0,23.8,48,0,0,0,4.1,47,589.8,0,0,29.6,67,33.4,22.8
2026-06-25T20:45:00+05:30,2026-06-25 20:45:00,0,1.8,23.8,57,0,0,0,4.1,47,589.8,0,0,29.6,67,33.4,22.8
2026-06-25T20:40:00+05:30,2026-06-25 20:40:00,0,0,23.8,46,0,0,0,4.1,47,589.8,0,0,29.6,67,33.4,22.8
2026-06-25T20:35:00+05:30,2026-06-25 20:35:00,0,0,23.8,48,0,0,0,4.1,47,589.8,0,0,29.6,67,33.4,22.8
2026-06-25T20:30:00+05:30,2026-06-25 20:30:00,0,0,23.8,59,0,0,0,4.1,47,589.8,0,0,29.7,67,33.7,22.9
2026-06-25T20:25:00+05:30,2026-06-25 20:25:00,0,5.5,23.8,48,0,0,0,4.1,47,589.8,0,0,29.7,67,33.7,22.9
2026-06-25T20:20:00+05:30,2026-06-25 20:20:00,1.1,5.5,23.8,84,0,0,0,4.1,47,589.8,0,0,29.7,67,33.7,22.9
2026-06-25T20:16:00+05:30,2026-06-25 20:16:00,0,0,23.8,63,0,0,0,4.1,47,589.8,0,0,29.7,67,33.7,22.9
2026-06-25T20:10:00+05:30,2026-06-25 20:10:00,0,1.8,23.8,40,0,0,0,4.1,47,589.8,0,0,29.7,66,33.5,22.7
2026-06-25T20:05:00+05:30,2026-06-25 20:05:00,0,5.5,23.8,58,0,0,0,4.1,47,589.8,0,0,29.8,66,33.6,22.7
2026-06-25T20:00:00+05:30,2026-06-25 20:00:00,0,3.5,23.8,55,0,0,0,4.1,47,589.8,0,0,29.8,66,33.6,22.7
2026-06-25T19:55:00+05:30,2026-06-25 19:55:00,4,7.2,23.8,55,0,0,0,4.1,47,589.8,0,0,29.9,66,33.8,22.8
2026-06-25T19:50:00+05:30,2026-06-25 19:50:00,0.3,1.8,23.8,58,0,0,0,4.1,47,589.8,0,0,29.9,66,33.8,22.8
2026-06-25T19:45:00+05:30,2026-06-25 19:45:00,3.5,5.5,23.8,90,0,0,0,4.1,47,589.8,0,0,29.9,66,33.8,22.8
2026-06-25T19:40:00+05:30,2026-06-25 19:40:00,2.6,5.5,23.8,90,0,0,0,4.1,47,589.8,0,0,30,66,34.1,22.9
2026-06-25T19:35:00+05:30,2026-06-25 19:35:00,4,7.2,23.8,52,0,0,0,4.1,47,589.8,0,0,30,66,34.1,22.9
2026-06-25T19:30:00+05:30,2026-06-25 19:30:00,0.3,3.5,23.8,43,0,0,0,4.1,47,589.8,0,0,30,66,34.1,22.9
2026-06-25T19:25:00+05:30,2026-06-25 19:25:00,0.3,3.5,23.8,58,0,0,0,4.1,47,589.8,0,0,30.1,66,34.3,23.1
2026-06-25T19:20:00+05:30,2026-06-25 19:20:00,0,0,23.8,34,0,0,0,4.1,47,589.8,0,0,30.1,66,34.3,23.1
2026-06-25T19:15:00+05:30,2026-06-25 19:15:00,2.1,7.2,23.8,60,0,0,0,4.1,47,589.8,0,0,30.1,66,34.3,23.1
2026-06-25T19:10:00+05:30,2026-06-25 19:10:00,1.1,7.2,23.8,51,0,0,0,4.1,47,589.8,0,0,30.2,66,34.6,23.2
2026-06-25T19:05:00+05:30,2026-06-25 19:05:00,0,5.5,23.8,55,0,0,0,4.1,47,589.8,0,0,30.2,66,34.6,23.2
2026-06-25T19:00:00+05:30,2026-06-25 19:00:00,0,0,23.8,68,0,0,0,4.1,47,589.8,0,0,30.2,66,34.6,23.2
2026-06-25T18:56:00+05:30,2026-06-25 18:56:00,2.1,7.2,23.8,48,0,0,0,4.1,47,589.8,0,0,30.2,66,34.6,23.2
2026-06-25T18:50:00+05:30,2026-06-25 18:50:00,0,13,23.8,43,0,0,0,4.1,47,589.8,0,0,30.3,66,34.7,23.2
2026-06-25T18:45:00+05:30,2026-06-25 18:45:00,0,3.5,23.8,41,0,0,0,4.1,47,589.8,0,0,30.3,66,34.7,23.2
2026-06-25T18:40:00+05:30,2026-06-25 18:40:00,0,7.2,23.8,56,0,0,0,4.1,47,589.8,0,0.1,30.3,66,34.7,23.2
2026-06-25T18:35:00+05:30,2026-06-25 18:35:00,0,9.3,23.8,60,0,0,0,4.1,47,589.8,0,0.3,30.3,65,34.5,22.9
2026-06-25T18:30:00+05:30,2026-06-25 18:30:00,2.1,11.1,23.8,43,0,0,0,4.1,47,589.8,0,1.3,30.4,65,34.7,23.1
2026-06-25T18:25:00+05:30,2026-06-25 18:25:00,5.5,7.2,23.8,53,0,0,0,4.1,47,589.8,0,3.4,30.4,65,34.7,23.1
2026-06-25T18:20:00+05:30,2026-06-25 18:20:00,0,3.5,23.8,53,0,0,0,4.1,47,589.8,0,5.6,30.5,65,35,23.2
2026-06-25T18:15:00+05:30,2026-06-25 18:15:00,4,9.3,23.8,47,0,0,0,4.1,47,589.8,0,7.3,30.5,65,35,23.2
2026-06-25T18:10:00+05:30,2026-06-25 18:10:00,2.6,9.3,23.8,72,0,0,0,4.1,47,589.8,0,14.8,30.6,65,35.2,23.3
2026-06-25T18:05:00+05:30,2026-06-25 18:05:00,1.8,11.1,23.8,72,0,0,0,4.1,47,589.8,0,17.9,30.6,65,35.2,23.3
2026-06-25T18:00:00+05:30,2026-06-25 18:00:00,2.6,7.2,23.8,66,0,0,0,4.1,47,589.8,0,21.6,30.7,65,35.5,23.4
2026-06-25T17:55:00+05:30,2026-06-25 17:55:00,5,9.3,23.8,100,0,0,0,4.1,47,589.8,0,27.1,30.7,65,35.5,23.4
2026-06-25T17:51:00+05:30,2026-06-25 17:51:00,4.7,14.8,23.8,52,0,0,0,4.1,47,589.8,0,29.5,30.7,64,35.2,23.1
2026-06-25T17:45:00+05:30,2026-06-25 17:45:00,6.4,11.1,23.8,60,0,0,0,4.1,47,589.8,0,25.4,30.8,64,35.4,23.2
2026-06-25T17:40:00+05:30,2026-06-25 17:40:00,1.4,7.2,23.8,28,0,0,0,4.1,47,589.8,0,26.1,30.8,64,35.4,23.2
2026-06-25T17:35:00+05:30,2026-06-25 17:35:00,2.9,9.3,23.8,51,0,0,0,4.1,47,589.8,0,24.3,30.9,64,35.6,23.3
2026-06-25T17:30:00+05:30,2026-06-25 17:30:00,3.5,7.2,23.8,72,0,0,0,4.1,47,589.8,0,24.3,30.9,64,35.6,23.3
2026-06-25T17:25:00+05:30,2026-06-25 17:25:00,1.1,3.5,23.8,44,0,0,0,4.1,47,589.8,0,25.4,30.9,64,35.6,23.3
2026-06-25T17:20:00+05:30,2026-06-25 17:20:00,0.6,7.2,23.8,43,0,0,0,4.1,47,589.8,0,27.8,31,64,35.9,23.4
2026-06-25T17:15:00+05:30,2026-06-25 17:15:00,2.9,7.2,23.8,90,0,0,0,4.1,47,589.8,0,33.3,31,64,35.9,23.4
2026-06-25T17:10:00+05:30,2026-06-25 17:10:00,9.7,16.6,23.8,70,0,0,0,4.1,47,589.8,0,43.1,31,64,35.9,23.4
2026-06-25T17:05:00+05:30,2026-06-25 17:05:00,0,14.8,23.8,63,0,0,0,4.1,47,589.8,0,60.7,31.1,64,36.2,23.5
2026-06-25T17:00:00+05:30,2026-06-25 17:00:00,2.1,13,23.8,63,0,0,0,4.1,47,589.8,0,79.7,31.1,64,36.2,23.5
2026-06-25T16:55:00+05:30,2026-06-25 16:55:00,10.8,14.8,23.8,82,0,0,0,4.1,47,589.8,0,98.4,31.1,64,36.2,23.5
2026-06-25T16:50:00+05:30,2026-06-25 16:50:00,0.3,7.2,23.8,54,0,0,0,4.1,47,589.8,1,142.2,31.1,64,36.2,23.5
2026-06-25T16:46:00+05:30,2026-06-25 16:46:00,4,7.2,23.8,60,0,0,0,4.1,47,589.8,0,102.3,31.1,63,35.9,23.2
2026-06-25T16:40:00+05:30,2026-06-25 16:40:00,2.9,7.2,23.8,61,0,0,0,4.1,47,589.8,1,192.3,31.1,63,35.9,23.2
2026-06-25T16:35:00+05:30,2026-06-25 16:35:00,2.9,9.3,23.8,58,0,0,0,4.1,47,589.8,1,144.3,31.2,63,36.1,23.3
2026-06-25T16:30:00+05:30,2026-06-25 16:30:00,3.2,7.2,23.8,40,0,0,0,4.1,47,589.8,2,260.3,31.2,63,36.1,23.3
2026-06-25T16:25:00+05:30,2026-06-25 16:25:00,1.4,14.8,23.8,66,0,0,0,4.1,47,589.8,2,219.4,31.2,63,36.1,23.3
2026-06-25T16:20:00+05:30,2026-06-25 16:20:00,1.1,7.2,23.8,60,0,0,0,4.1,47,589.8,2,252.7,31.2,64,36.4,23.6
2026-06-25T16:15:00+05:30,2026-06-25 16:15:00,4.7,13,23.8,46,0,0,0,4.1,47,589.8,2,266,31.3,64,36.6,23.6
2026-06-25T16:10:00+05:30,2026-06-25 16:10:00,1.4,7.2,23.8,74,0,0,0,4.1,47,589.8,2,289.9,31.3,64,36.6,23.6
2026-06-25T16:05:00+05:30,2026-06-25 16:05:00,0.6,7.2,23.8,41,0,0,0,4.1,47,589.8,2,303.8,31.3,64,36.6,23.6
2026-06-25T16:00:00+05:30,2026-06-25 16:00:00,3.2,7.2,23.8,61,0,0,0,4.1,47,589.8,3,332,31.3,64,36.6,23.6
2026-06-25T15:55:00+05:30,2026-06-25 15:55:00,3.2,18.3,23.8,87,0,0,0,4.1,47,589.8,3,366.9,31.3,64,36.6,23.6
2026-06-25T15:50:00+05:30,2026-06-25 15:50:00,1.4,7.2,23.8,37,0,0,0,4.1,47,589.8,3,317.8,31.3,64,36.6,23.6
2026-06-25T15:45:00+05:30,2026-06-25 15:45:00,2.9,11.1,23.8,50,0,0,0,4.1,47,589.8,4,417.1,31.3,64,36.6,23.6
2026-06-25T15:40:00+05:30,2026-06-25 15:40:00,5.5,13,23.8,79,0,0,0,4.1,47,589.8,4,421.5,31.4,64,36.8,23.7
2026-06-25T15:35:00+05:30,2026-06-25 15:35:00,0,3.5,23.8,50,0,0,0,4.1,47,589.8,1,150.8,31.3,64,36.6,23.6
2026-06-25T15:30:00+05:30,2026-06-25 15:30:00,0,5.5,23.8,67,0,0,0,4.1,47,589.8,1,121.5,31.4,64,36.8,23.7
2026-06-25T15:25:00+05:30,2026-06-25 15:25:00,4,5.5,23.8,65,0,0,0,4.1,47,589.8,0,101.9,31.4,64,36.8,23.7
2026-06-25T15:20:00+05:30,2026-06-25 15:20:00,2.9,7.2,23.8,75,0,0,0,4.1,47,589.8,0,91.8,31.4,64,36.8,23.7
2026-06-25T15:15:00+05:30,2026-06-25 15:15:00,4,5.5,23.8,37,0,0,0,4.1,47,589.8,0,91.1,31.5,63,36.8,23.6
2026-06-25T15:10:00+05:30,2026-06-25 15:10:00,0,9.3,23.8,56,0,0,0,4.1,47,589.8,0,80.5,31.5,63,36.8,23.6
2026-06-25T15:05:00+05:30,2026-06-25 15:05:00,4,13,23.8,56,0,0,0,4.1,47,589.8,4,493.2,31.4,64,36.8,23.7
2026-06-25T15:00:00+05:30,2026-06-25 15:00:00,8.2,13,20.1,63,0,0,0,4.1,47,589.8,4,509.5,31.4,64,36.8,23.7
2026-06-25T14:55:00+05:30,2026-06-25 14:55:00,0,5.5,20.1,79,0,0,0,4.1,47,589.8,4,436.3,31.4,64,36.8,23.7
2026-06-25T14:50:00+05:30,2026-06-25 14:50:00,5.8,14.8,20.1,69,0,0,0,4.1,47,589.8,5,559.3,31.3,64,36.6,23.6
2026-06-25T14:45:00+05:30,2026-06-25 14:45:00,1.4,5.5,20.1,99,0,0,0,4.1,47,589.8,6,616.9,31.3,64,36.6,23.6
2026-06-25T14:40:00+05:30,2026-06-25 14:40:00,5.5,13,20.1,75,0,0,0,4.1,47,589.8,1,177.8,31.4,64,36.8,23.7
2026-06-25T14:35:00+05:30,2026-06-25 14:35:00,3.5,7.2,20.1,67,0,0,0,4.1,47,589.8,1,121.5,31.4,64,36.8,23.7
2026-06-25T14:30:00+05:30,2026-06-25 14:30:00,0.6,9.3,20.1,30,0,0,0,4.1,47,589.8,1,109,31.3,64,36.6,23.6
2026-06-25T14:25:00+05:30,2026-06-25 14:25:00,2.1,7.2,20.1,47,0,0,0,4.1,47,589.8,6,687.3,31.3,63,36.3,23.4
2026-06-25T14:21:00+05:30,2026-06-25 14:21:00,1.1,14.8,20.1,65,0,0,0,4.1,47,589.8,1,146.3,31.3,63,36.3,23.4
2026-06-25T14:15:00+05:30,2026-06-25 14:15:00,10.8,14.8,20.1,89,0,0,0,4.1,47,589.8,2,300.1,31.3,62,36,23.1
2026-06-25T14:10:00+05:30,2026-06-25 14:10:00,4,11.1,20.1,90,0,0,0,4.1,47,589.8,6,707.4,31.3,63,36.3,23.4
2026-06-25T14:05:00+05:30,2026-06-25 14:05:00,9,16.6,20.1,111,0,0,0,4.1,47,589.8,6,712.3,31.2,64,36.4,23.6
2026-06-25T14:00:00+05:30,2026-06-25 14:00:00,0.3,3.5,20.1,48,0,0,0,4.1,47,589.8,6,688.4,31.1,64,36.2,23.5
2026-06-25T13:55:00+05:30,2026-06-25 13:55:00,2.6,7.2,20.1,39,0,0,0,4.1,47,589.8,7,726.1,31,64,35.9,23.4
2026-06-25T13:50:00+05:30,2026-06-25 13:50:00,4.7,7.2,20.1,51,0,0,0,4.1,47,589.8,7,771.2,31,65,36.2,23.6
2026-06-25T13:45:00+05:30,2026-06-25 13:45:00,7.9,9.3,20.1,98,0,0,0,4.1,47,589.8,1,138.7,30.9,65,35.9,23.5
2026-06-25T13:40:00+05:30,2026-06-25 13:40:00,0,1.8,20.1,44,0,0,0,4.1,47,589.8,7,781.9,30.8,65,35.6,23.4
2026-06-25T13:35:00+05:30,2026-06-25 13:35:00,0,9.3,20.1,43,0,0,0,4.1,47,589.8,7,754.4,30.8,64,35.4,23.2
2026-06-25T13:30:00+05:30,2026-06-25 13:30:00,5.5,9.3,20.1,79,0,0,0,4.1,47,589.8,7,789.1,30.8,64,35.4,23.2
2026-06-25T13:25:00+05:30,2026-06-25 13:25:00,0,1.8,20.1,56,0,0,0,4.1,47,589.8,0,101.3,30.8,64,35.4,23.2
2026-06-25T13:20:00+05:30,2026-06-25 13:20:00,7.2,16.6,20.1,78,0,0,0,4.1,47,589.8,1,150.3,30.8,64,35.4,23.2
2026-06-25T13:16:00+05:30,2026-06-25 13:16:00,4,7.2,20.1,77,0,0,0,4.1,47,589.8,7,765.6,30.7,64,35.2,23.1
2026-06-25T13:10:00+05:30,2026-06-25 13:10:00,0.3,7.2,20.1,22,0,0,0,4.1,47,589.8,7,803.8,30.6,64,35,23
2026-06-25T13:05:00+05:30,2026-06-25 13:05:00,0,14.8,20.1,252,0,0,0,4.1,47,589.8,8,855.7,30.6,63,34.7,22.7
2026-06-25T13:00:00+05:30,2026-06-25 13:00:00,6.1,13,20.1,40,0,0,0,4.1,47,589.8,1,145.6,30.6,63,34.7,22.7
2026-06-25T12:55:00+05:30,2026-06-25 12:55:00,0,7.2,20.1,56,0,0,0,4.1,47,589.8,1,138,30.6,64,35,23
2026-06-25T12:50:00+05:30,2026-06-25 12:50:00,0.3,13,20.1,51,0,0,0,4.1,47,589.8,1,194.1,30.5,64,34.7,22.9
2026-06-25T12:45:00+05:30,2026-06-25 12:45:00,4.7,13,20.1,59,0,0,0,4.1,47,589.8,8,868,30.4,64,34.5,22.8
2026-06-25T12:40:00+05:30,2026-06-25 12:40:00,7.9,13,20.1,70,0,0,0,4.1,47,589.8,8,849.2,30.3,64,34.3,22.7
2026-06-25T12:35:00+05:30,2026-06-25 12:35:00,6.4,13,20.1,40,0,0,0,4.1,47,589.8,8,909.4,30.3,64,34.3,22.7
2026-06-25T12:30:00+05:30,2026-06-25 12:30:00,10.1,18.3,18.3,65,0,0,0,4.1,47,589.8,8,846.7,30.2,64,34.1,22.7
2026-06-25T12:25:00+05:30,2026-06-25 12:25:00,1.8,5.5,18.3,30,0,0,0,4.1,47,589.8,8,833.4,30.1,64,33.9,22.6
2026-06-25T12:20:00+05:30,2026-06-25 12:20:00,4,9.3,18.3,54,0,0,0,4.1,47,589.8,8,827.7,30,65,33.9,22.7
2026-06-25T12:15:00+05:30,2026-06-25 12:15:00,0,9.3,18.3,47,0,0,0,4.1,47,589.8,8,850.6,29.9,65,33.7,22.6
2026-06-25T12:11:00+05:30,2026-06-25 12:11:00,6.9,9.3,18.3,35,0,0,0,4.1,47,589.8,8,849.2,29.9,65,33.7,22.6
2026-06-25T12:05:00+05:30,2026-06-25 12:05:00,0.6,7.2,18.3,50,0,0,0,4.1,47,589.8,8,862.7,29.8,66,33.6,22.7
2026-06-25T12:00:00+05:30,2026-06-25 12:00:00,0.3,14.8,18.3,67,0,0,0,4.1,47,589.8,8,850,29.7,66,33.5,22.7
2026-06-25T11:55:00+05:30,2026-06-25 11:55:00,1.8,16.6,18.3,51,0,0,0,4.1,47,589.8,8,855.3,29.6,66,33.3,22.6
2026-06-25T11:50:00+05:30,2026-06-25 11:50:00,8.7,11.1,18.3,27,0,0,0,4.1,47,589.8,8,846.8,29.5,67,33.2,22.7
2026-06-25T11:45:00+05:30,2026-06-25 11:45:00,1.1,5.5,18.3,88,0,0,0,4.1,47,589.8,8,851.2,29.4,67,33,22.6
2026-06-25T11:40:00+05:30,2026-06-25 11:40:00,0,13,18.3,47,0,0,0,4.1,47,589.8,8,861.3,29.3,67,32.8,22.5
2026-06-25T11:35:00+05:30,2026-06-25 11:35:00,6.1,9.3,18.3,9,0,0,0,4.1,47,589.8,8,841,29.2,68,32.8,22.7
2026-06-25T11:30:00+05:30,2026-06-25 11:30:00,4,11.1,18.3,84,0,0,0,4.1,47,589.8,8,855.8,29.1,68,32.6,22.6
2026-06-25T11:25:00+05:30,2026-06-25 11:25:00,3.2,11.1,18.3,49,0,0,0,4.1,47,589.8,8,845.6,29.1,68,32.6,22.6
2026-06-25T11:20:00+05:30,2026-06-25 11:20:00,2.1,14.8,18.3,61,0,0,0,4.1,47,589.8,8,851.6,29,68,32.4,22.5
2026-06-25T11:15:00+05:30,2026-06-25 11:15:00,6.9,13,18.3,130,0,0,0,4.1,47,589.8,8,840.7,29,68,32.4,22.5
2026-06-25T11:10:00+05:30,2026-06-25 11:10:00,2.1,9.3,16.6,159,0,0,0,4.1,47,589.8,8,834.6,28.9,68,32.1,22.4
2026-06-25T11:05:00+05:30,2026-06-25 11:05:00,3.2,11.1,16.6,41,0,0,0,4.1,47,589.8,8,836.7,28.8,68,31.9,22.3
2026-06-25T11:00:00+05:30,2026-06-25 11:00:00,4.3,11.1,16.6,82,0,0,0,4.1,47,589.8,8,833.1,28.8,69,32.1,22.5
2026-06-25T10:55:00+05:30,2026-06-25 10:55:00,0.3,14.8,16.6,46,0,0,0,4.1,47,589.8,7,820.5,28.7,69,31.9,22.4
2026-06-25T10:50:00+05:30,2026-06-25 10:50:00,2.9,9.3,16.6,51,0,0,0,4.1,47,589.8,7,816.2,28.6,69,31.7,22.3
2026-06-25T10:45:00+05:30,2026-06-25 10:45:00,4,9.3,16.6,64,0,0,0,4.1,47,589.8,7,807.5,28.5,69,31.5,22.2
2026-06-25T10:40:00+05:30,2026-06-25 10:40:00,3.5,14.8,16.6,75,0,0,0,4.1,47,589.8,2,276.1,28.5,70,31.7,22.5
2026-06-25T10:36:00+05:30,2026-06-25 10:36:00,8.7,13,16.6,72,0,0,0,4.1,47,589.8,7,819.4,28.4,70,31.4,22.4
2026-06-25T10:30:00+05:30,2026-06-25 10:30:00,6.4,14.8,16.6,68,0,0,0,4.1,47,589.8,8,870.7,28.3,70,31.2,22.3
2026-06-25T10:25:00+05:30,2026-06-25 10:25:00,3.5,14.8,16.6,55,0,0,0,4.1,47,589.8,8,862.1,28.3,71,31.4,22.5
2026-06-25T10:20:00+05:30,2026-06-25 10:20:00,7.9,11.1,16.6,66,0,0,0,4.1,47,589.8,9,930.2,28.2,71,31.2,22.4
2026-06-25T10:15:00+05:30,2026-06-25 10:15:00,0,14.8,16.6,49,0,0,0,4.1,47,589.8,7,803.6,28.2,70,31.1,22.2
2026-06-25T10:10:00+05:30,2026-06-25 10:10:00,0,1.8,16.6,53,0,0,0,4.1,47,589.8,7,789.8,28.2,71,31.2,22.4
2026-06-25T10:05:00+05:30,2026-06-25 10:05:00,0.6,7.2,16.6,56,0,0,0,4.1,47,589.8,8,902,28.1,71,31,22.3
2026-06-25T10:00:00+05:30,2026-06-25 10:00:00,6.1,7.2,16.6,77,0,0,0,4.1,47,589.8,9,926.1,28.1,71,31,22.3
2026-06-25T09:55:00+05:30,2026-06-25 09:55:00,1.1,1.8,11.1,58,0,0,0,4.1,47,589.8,2,255.3,28,71,30.8,22.2
2026-06-25T09:50:00+05:30,2026-06-25 09:50:00,1.4,9.3,11.1,66,0,0,0,4.1,47,589.8,7,796.1,28,71,30.8,22.2
2026-06-25T09:45:00+05:30,2026-06-25 09:45:00,0,5.5,11.1,55,0,0,0,4.1,47,589.8,7,794.5,27.9,71,30.6,22.1
2026-06-25T09:40:00+05:30,2026-06-25 09:40:00,3.5,7.2,11.1,50,0,0,0,4.1,47,589.8,1,119.1,27.9,72,30.7,22.4
2026-06-25T09:35:00+05:30,2026-06-25 09:35:00,0,1.8,11.1,50,0,0,0,4.1,47,589.8,1,143.2,27.8,72,30.5,22.3
2026-06-25T09:31:00+05:30,2026-06-25 09:31:00,0,9.3,11.1,66,0,0,0,4.1,47,589.8,1,118.6,27.8,72,30.5,22.3
2026-06-25T09:25:00+05:30,2026-06-25 09:25:00,1.4,3.5,11.1,65,0,0,0,4.1,47,589.8,1,180.6,27.8,73,30.6,22.5
2026-06-25T09:20:00+05:30,2026-06-25 09:20:00,0,7.2,11.1,53,0,0,0,4.1,47,589.8,2,287.1,27.7,73,30.5,22.4
2026-06-25T09:15:00+05:30,2026-06-25 09:15:00,0,9.3,11.1,69,0,0,0,4.1,47,589.8,2,212,27.6,73,30.3,22.3
2026-06-25T09:10:00+05:30,2026-06-25 09:10:00,4,5.5,11.1,43,0,0,0,4.1,47,589.8,6,704.7,27.6,73,30.3,22.3
2026-06-25T09:05:00+05:30,2026-06-25 09:05:00,4,5.5,11.1,63,0,0,0,4.1,47,589.8,0,94.9,27.5,73,30.1,22.2
2026-06-25T09:00:00+05:30,2026-06-25 09:00:00,1.4,3.5,11.1,123,0,0,0,4.1,47,589.8,1,121.1,27.5,73,30.1,22.2
2026-06-25T08:55:00+05:30,2026-06-25 08:55:00,0,0,11.1,50,0,0,0,4.1,47,589.8,2,299.1,27.4,73,29.8,22.1
2026-06-25T08:50:00+05:30,2026-06-25 08:50:00,0,3.5,11.1,70,0,0,0,4.1,47,589.8,0,79.4,27.3,72,29.6,21.8
2026-06-25T08:45:00+05:30,2026-06-25 08:45:00,0,3.5,11.1,50,0,0,0,4.1,47,589.8,5,533.8,27.3,73,29.6,22
2026-06-25T08:40:00+05:30,2026-06-25 08:40:00,0,1.8,11.1,51,0,0,0,4.1,47,589.8,3,313.9,27.3,72,29.6,21.8
2026-06-25T08:35:00+05:30,2026-06-25 08:35:00,2.9,3.5,11.1,49,0,0,0,4.1,47,589.8,4,478.6,27.2,72,29.4,21.7
2026-06-25T08:30:00+05:30,2026-06-25 08:30:00,0.3,5.5,11.1,150,0,0,0,4.1,47,589.8,4,454.1,27.2,73,29.5,21.9
2026-06-25T08:26:00+05:30,2026-06-25 08:26:00,4,7.2,11.1,55,0,0,0,4.1,47,589.8,4,432.7,27.1,72,29.2,21.6
2026-06-25T08:20:00+05:30,2026-06-25 08:20:00,0,3.5,11.1,60,0,0,0,4.1,47,589.8,4,438.9,27.1,72,29.2,21.6
2026-06-25T08:15:00+05:30,2026-06-25 08:15:00,0,5.5,11.1,55,0,0,0,4.1,47,589.8,2,286.2,27.1,72,29.2,21.6
2026-06-25T08:10:00+05:30,2026-06-25 08:10:00,0,3.5,11.1,48,0,0,0,4.1,47,589.8,3,363.9,27,72,29,21.5
2026-06-25T08:05:00+05:30,2026-06-25 08:05:00,0,0,11.1,50,0,0,0,4.1,47,589.8,2,208.7,27,72,29,21.5
2026-06-25T08:00:00+05:30,2026-06-25 08:00:00,0,5.5,11.1,82,0,0,0,4.1,47,589.8,1,128.5,27,71,28.9,21.3
2026-06-25T07:55:00+05:30,2026-06-25 07:55:00,0,0,11.1,50,0,0,0,4.1,47,589.8,1,112.9,27,71,28.9,21.3
2026-06-25T07:50:00+05:30,2026-06-25 07:50:00,0,0,11.1,52,0,0,0,4.1,47,589.8,1,130.2,27,71,28.9,21.3
2026-06-25T07:45:00+05:30,2026-06-25 07:45:00,0,0,11.1,52,0,0,0,4.1,47,589.8,0,94.9,27,71,28.9,21.3
2026-06-25T07:40:00+05:30,2026-06-25 07:40:00,0,0,11.1,60,0,0,0,4.1,47,589.8,0,96.9,27,71,28.9,21.3
2026-06-25T07:35:00+05:30,2026-06-25 07:35:00,0,0,11.1,48,0,0,0,4.1,47,589.8,1,111.9,27,71,28.9,21.3
2026-06-25T07:30:00+05:30,2026-06-25 07:30:00,0,1.8,11.1,62,0,0,0,4.1,47,589.8,0,69.3,27,71,28.9,21.3
2026-06-25T07:25:00+05:30,2026-06-25 07:25:00,0,0,11.1,49,0,0,0,4.1,47,589.8,0,51.3,27,71,28.9,21.3
2026-06-25T07:20:00+05:30,2026-06-25 07:20:00,0,0,11.1,58,0,0,0,4.1,47,589.8,0,43.8,27,71,28.9,21.3
2026-06-25T07:15:00+05:30,2026-06-25 07:15:00,0,0,11.1,52,0,0,0,4.1,47,589.8,0,55.4,27,71,28.9,21.3
2026-06-25T07:10:00+05:30,2026-06-25 07:10:00,0,0,11.1,54,0,0,0,4.1,47,589.8,0,43.4,27,71,28.9,21.3
2026-06-25T07:06:00+05:30,2026-06-25 07:06:00,0,3.5,11.1,51,0,0,0,4.1,47,589.8,0,30.6,26.9,71,28.7,21.2
2026-06-25T07:00:00+05:30,2026-06-25 07:00:00,0,5.5,11.1,56,0,0,0,4.1,47,589.8,0,27.4,27,71,28.9,21.3
2026-06-25T06:55:00+05:30,2026-06-25 06:55:00,0,0,11.1,53,0,0,0,4.1,47,589.8,0,25.4,27,70,28.8,21.1
2026-06-25T06:50:00+05:30,2026-06-25 06:50:00,0,0,11.1,70,0,0,0,4.1,47,589.8,0,25.9,27,70,28.8,21.1
2026-06-25T06:45:00+05:30,2026-06-25 06:45:00,0,0,11.1,65,0,0,0,4.1,47,589.8,0,21.9,27,70,28.8,21.1
2026-06-25T06:40:00+05:30,2026-06-25 06:40:00,0.6,3.5,11.1,47,0,0,0,4.1,47,589.8,0,18.5,27,70,28.8,21.1
2026-06-25T06:35:00+05:30,2026-06-25 06:35:00,0,11.1,11.1,42,0,0,0,4.1,47,589.8,0,12.9,27,70,28.8,21.1
2026-06-25T06:30:00+05:30,2026-06-25 06:30:00,3.5,7.2,11.1,44,0,0,0,4.1,47,589.8,0,9.3,27.1,70,29.1,21.2
2026-06-25T06:25:00+05:30,2026-06-25 06:25:00,0,1.8,11.1,39,0,0,0,4.1,47,589.8,0,9.9,27.1,70,29.1,21.2
2026-06-25T06:20:00+05:30,2026-06-25 06:20:00,2.9,7.2,11.1,51,0,0,0,4.1,47,589.8,0,7.8,27.1,70,29.1,21.2
2026-06-25T06:15:00+05:30,2026-06-25 06:15:00,0.3,1.8,11.1,39,0,0,0,4.1,47,589.8,0,7.4,27.1,70,29.1,21.2
2026-06-25T06:10:00+05:30,2026-06-25 06:10:00,0,1.8,11.1,42,0,0,0,4.1,47,589.8,0,9.9,27.1,70,29.1,21.2
2026-06-25T06:05:00+05:30,2026-06-25 06:05:00,0,0,11.1,43,0,0,0,4.1,47,589.8,0,9.9,27.2,70,29.2,21.3
2026-06-25T06:01:00+05:30,2026-06-25 06:01:00,0,0,11.1,38,0,0,0,4.1,47,589.8,0,8.4,27.2,70,29.2,21.3
2026-06-25T05:55:00+05:30,2026-06-25 05:55:00,0,0,11.1,42,0,0,0,4.1,47,589.8,0,4.8,27.2,70,29.2,21.3
2026-06-25T05:50:00+05:30,2026-06-25 05:50:00,0,0,11.1,42,0,0,0,4.1,47,589.8,0,1.9,27.2,70,29.2,21.3
2026-06-25T05:45:00+05:30,2026-06-25 05:45:00,0,0,11.1,36,0,0,0,4.1,47,589.8,0,0.7,27.2,70,29.2,21.3
2026-06-25T05:40:00+05:30,2026-06-25 05:40:00,0,0,11.1,46,0,0,0,4.1,47,589.8,0,0.2,27.2,69,29.2,21
2026-06-25T05:35:00+05:30,2026-06-25 05:35:00,0,0,11.1,48,0,0,0,4.1,47,589.8,0,0.1,27.2,69,29.2,21
2026-06-25T05:30:00+05:30,2026-06-25 05:30:00,0,0,11.1,48,0,0,0,4.1,47,589.8,0,0,27.2,69,29.2,21
2026-06-25T05:25:00+05:30,2026-06-25 05:25:00,0,1.8,11.1,42,0,0,0,4.1,47,589.8,0,0,27.2,69,29.2,21
2026-06-25T05:20:00+05:30,2026-06-25 05:20:00,0,1.8,11.1,49,0,0,0,4.1,47,589.8,0,0,27.2,69,29.2,21
2026-06-25T05:15:00+05:30,2026-06-25 05:15:00,0.3,1.8,11.1,56,0,0,0,4.1,47,589.8,0,0,27.3,69,29.2,21.1
2026-06-25T05:10:00+05:30,2026-06-25 05:10:00,1.4,3.5,11.1,53,0,0,0,4.1,47,589.8,0,0,27.3,69,29.2,21.1
2026-06-25T05:05:00+05:30,2026-06-25 05:05:00,0,0,11.1,44,0,0,0,4.1,47,589.8,0,0,27.3,69,29.2,21.1
2026-06-25T05:00:00+05:30,2026-06-25 05:00:00,0,0,11.1,48,0,0,0,4.1,47,589.8,0,0,27.3,69,29.2,21.1
2026-06-25T04:56:00+05:30,2026-06-25 04:56:00,0,3.5,11.1,46,0,0,0,4.1,47,589.8,0,0,27.3,69,29.2,21.1
2026-06-25T04:50:00+05:30,2026-06-25 04:50:00,0,0,11.1,48,0,0,0,4.1,47,589.8,0,0,27.3,69,29.2,21.1
2026-06-25T04:45:00+05:30,2026-06-25 04:45:00,0,0,11.1,51,0,0,0,4.1,47,589.8,0,0,27.3,69,29.2,21.1
2026-06-25T04:40:00+05:30,2026-06-25 04:40:00,0,0,11.1,43,0,0,0,4.1,47,589.8,0,0,27.3,69,29.2,21.1
2026-06-25T04:35:00+05:30,2026-06-25 04:35:00,0,0,11.1,48,0,0,0,4.1,47,589.8,0,0,27.3,69,29.2,21.1
2026-06-25T04:30:00+05:30,2026-06-25 04:30:00,0,0,11.1,42,0,0,0,4.1,47,589.8,0,0,27.4,69,29.4,21.2
2026-06-25T04:26:00+05:30,2026-06-25 04:26:00,0,0,11.1,49,0,0,0,4.1,47,589.8,0,0,27.4,69,29.4,21.2
2026-06-25T04:20:00+05:30,2026-06-25 04:20:00,0,0,11.1,48,0,0,0,4.1,47,589.8,0,0,27.4,69,29.4,21.2
2026-06-25T04:15:00+05:30,2026-06-25 04:15:00,0,0,11.1,48,0,0,0,4.1,47,589.8,0,0,27.4,69,29.4,21.2
2026-06-25T04:10:00+05:30,2026-06-25 04:10:00,0,0,11.1,46,0,0,0,4.1,47,589.8,0,0,27.4,69,29.4,21.2
2026-06-25T04:06:00+05:30,2026-06-25 04:06:00,0,0,11.1,47,0,0,0,4.1,47,589.8,0,0,27.4,69,29.4,21.2
2026-06-25T04:00:00+05:30,2026-06-25 04:00:00,0,0,11.1,47,0,0,0,4.1,47,589.8,0,0,27.4,69,29.4,21.2
2026-06-25T03:56:00+05:30,2026-06-25 03:56:00,0,0,11.1,53,0,0,0,4.1,47,589.8,0,0,27.4,69,29.4,21.2
2026-06-25T03:51:00+05:30,2026-06-25 03:51:00,0,0,11.1,49,0,0,0,4.1,47,589.8,0,0,27.5,69,29.6,21.3
2026-06-25T03:46:00+05:30,2026-06-25 03:46:00,0,0,11.1,52,0,0,0,4.1,47,589.8,0,0,27.5,69,29.6,21.3
2026-06-25T03:40:00+05:30,2026-06-25 03:40:00,0,0,11.1,43,0,0,0,4.1,47,589.8,0,0,27.5,69,29.6,21.3
2026-06-25T03:35:00+05:30,2026-06-25 03:35:00,0,0,11.1,49,0,0,0,4.1,47,589.8,0,0,27.5,69,29.6,21.3
2026-06-25T03:30:00+05:30,2026-06-25 03:30:00,0,0,11.1,53,0,0,0,4.1,47,589.8,0,0,27.5,69,29.6,21.3
2026-06-25T03:25:00+05:30,2026-06-25 03:25:00,0.3,3.5,11.1,67,0,0,0,4.1,47,589.8,0,0,27.5,69,29.6,21.3
2026-06-25T03:20:00+05:30,2026-06-25 03:20:00,0,5.5,11.1,51,0,0,0,4.1,47,589.8,0,0,27.5,69,29.6,21.3
2026-06-25T03:15:00+05:30,2026-06-25 03:15:00,0.3,1.8,11.1,53,0,0,0,4.1,47,589.8,0,0,27.5,69,29.6,21.3
2026-06-25T03:10:00+05:30,2026-06-25 03:10:00,0.6,3.5,11.1,62,0,0,0,4.1,47,589.8,0,0,27.6,69,29.8,21.4
2026-06-25T03:05:00+05:30,2026-06-25 03:05:00,0,0,11.1,48,0,0,0,4.1,47,589.8,0,0,27.6,69,29.8,21.4
2026-06-25T03:01:00+05:30,2026-06-25 03:01:00,0,0,11.1,50,0,0,0,4.1,47,589.8,0,0,27.6,69,29.8,21.4
2026-06-25T02:55:00+05:30,2026-06-25 02:55:00,0,3.5,11.1,48,0,0,0,4.1,47,589.8,0,0,27.6,69,29.8,21.4
2026-06-25T02:50:00+05:30,2026-06-25 02:50:00,0,1.8,11.1,60,0,0,0,4.1,47,589.8,0,0,27.6,69,29.8,21.4
2026-06-25T02:45:00+05:30,2026-06-25 02:45:00,0,0,11.1,58,0,0,0,4.1,47,589.8,0,0,27.6,69,29.8,21.4
2026-06-25T02:40:00+05:30,2026-06-25 02:40:00,0,1.8,11.1,51,0,0,0,4.1,47,589.8,0,0,27.7,69,30,21.5
2026-06-25T02:35:00+05:30,2026-06-25 02:35:00,0,1.8,11.1,55,0,0,0,4.1,47,589.8,0,0,27.7,69,30,21.5
2026-06-25T02:30:00+05:30,2026-06-25 02:30:00,0,0,11.1,49,0,0,0,4.1,47,589.8,0,0,27.7,69,30,21.5
2026-06-25T02:25:00+05:30,2026-06-25 02:25:00,0,0,11.1,46,0,0,0,4.1,47,589.8,0,0,27.7,69,30,21.5
2026-06-25T02:20:00+05:30,2026-06-25 02:20:00,0,0,11.1,49,0,0,0,4.1,47,589.8,0,0,27.7,69,30,21.5
2026-06-25T02:15:00+05:30,2026-06-25 02:15:00,0,0,11.1,50,0,0,0,4.1,47,589.8,0,0,27.8,69,30.1,21.6
2026-06-25T02:10:00+05:30,2026-06-25 02:10:00,0,0,11.1,52,0,0,0,4.1,47,589.8,0,0,27.7,69,30,21.5
2026-06-25T02:05:00+05:30,2026-06-25 02:05:00,0,0,11.1,49,0,0,0,4.1,47,589.8,0,0,27.8,68,30,21.3
2026-06-25T02:00:00+05:30,2026-06-25 02:00:00,0,3.5,11.1,52,0,0,0,4.1,47,589.8,0,0,27.8,68,30,21.3
2026-06-25T01:56:00+05:30,2026-06-25 01:56:00,0,0,11.1,49,0,0,0,4.1,47,589.8,0,0,27.8,68,30,21.3
2026-06-25T01:50:00+05:30,2026-06-25 01:50:00,0,0,11.1,60,0,0,0,4.1,47,589.8,0,0,27.8,68,30,21.3
2026-06-25T01:45:00+05:30,2026-06-25 01:45:00,0,3.5,11.1,51,0,0,0,4.1,47,589.8,0,0,27.8,68,30,21.3
2026-06-25T01:40:00+05:30,2026-06-25 01:40:00,0,0,11.1,69,0,0,0,4.1,47,589.8,0,0,27.8,68,30,21.3
2026-06-25T01:35:00+05:30,2026-06-25 01:35:00,0,5.5,11.1,60,0,0,0,4.1,47,589.8,0,0,27.8,68,30,21.3
2026-06-25T01:30:00+05:30,2026-06-25 01:30:00,0,0,11.1,58,0,0,0,4.1,47,589.8,0,0,27.9,68,30.2,21.4
2026-06-25T01:25:00+05:30,2026-06-25 01:25:00,0,1.8,11.1,51,0,0,0,4.1,47,589.8,0,0,27.9,68,30.2,21.4
2026-06-25T01:20:00+05:30,2026-06-25 01:20:00,0,1.8,11.1,48,0,0,0,4.1,47,589.8,0,0,27.9,68,30.2,21.4
2026-06-25T01:15:00+05:30,2026-06-25 01:15:00,0,5.5,11.1,65,0,0,0,4.1,47,589.8,0,0,27.9,68,30.2,21.4
2026-06-25T01:10:00+05:30,2026-06-25 01:10:00,1.4,5.5,11.1,67,0,0,0,4.1,47,589.8,0,0,27.9,68,30.2,21.4
2026-06-25T01:05:00+05:30,2026-06-25 01:05:00,4,5.5,11.1,71,0,0,0,4.1,47,589.8,0,0,27.9,68,30.2,21.4
2026-06-25T01:00:00+05:30,2026-06-25 01:00:00,0,7.2,11.1,50,0,0,0,4.1,47,589.8,0,0,27.9,68,30.2,21.4
2026-06-25T00:55:00+05:30,2026-06-25 00:55:00,0,0,11.1,47,0,0,0,4.1,47,589.8,0,0,28,68,30.4,21.6
2026-06-25T00:51:00+05:30,2026-06-25 00:51:00,0,11.1,11.1,53,0,0,0,4.1,47,589.8,0,0,28,68,30.4,21.6
2026-06-25T00:45:00+05:30,2026-06-25 00:45:00,0,3.5,5.5,51,0,0,0,4.1,47,589.8,0,0,28,68,30.4,21.6
2026-06-25T00:40:00+05:30,2026-06-25 00:40:00,2.1,3.5,5.5,57,0,0,0,4.1,47,589.8,0,0,28,68,30.4,21.6
2026-06-25T00:35:00+05:30,2026-06-25 00:35:00,0,0,5.5,55,0,0,0,4.1,47,589.8,0,0,28.1,68,30.6,21.6
2026-06-25T00:30:00+05:30,2026-06-25 00:30:00,0,0,1.8,46,0,0,0,4.1,47,589.8,0,0,28.1,68,30.6,21.6
2026-06-25T00:25:00+05:30,2026-06-25 00:25:00,0,0,1.8,48,0,0,0,4.1,47,589.8,0,0,28.1,68,30.6,21.6
2026-06-25T00:20:00+05:30,2026-06-25 00:20:00,0,0,1.8,50,0,0,0,4.1,47,589.8,0,0,28.1,68,30.6,21.6
2026-06-25T00:15:00+05:30,2026-06-25 00:15:00,0,0,1.8,53,0,0,0,4.1,47,589.8,0,0,28.1,68,30.6,21.6
2026-06-25T00:10:00+05:30,2026-06-25 00:10:00,0,0,1.8,42,0,0,0,4.1,47,589.8,0,0,28.1,68,30.6,21.6
2026-06-25T00:05:00+05:30,2026-06-25 00:05:00,0,0,0,51,0,0,0,4.1,47,589.8,0,0,28.2,68,30.8,21.7
2026-06-25T00:00:00+05:30,2026-06-25 00:00:00,0,0,0,48,0,0,0,4.1,47,589.8,0,0,28.2,68,30.8,21.7
2026-06-24T23:55:00+05:30,2026-06-24 23:55:00,0,0,20.1,39,0,0,0,4.1,47,589.8,0,0,28.2,68,30.8,21.7
2026-06-24T23:50:00+05:30,2026-06-24 23:50:00,0,1.8,20.1,49,0,0,0,4.1,47,589.8,0,0,28.3,68,30.9,21.8
2026-06-24T23:45:00+05:30,2026-06-24 23:45:00,0,0,20.1,55,0,0,0,4.1,47,589.8,0,0,28.3,68,30.9,21.8
2026-06-24T23:40:00+05:30,2026-06-24 23:40:00,0,0,20.1,76,0,0,0,4.1,47,589.8,0,0,28.3,68,30.9,21.8
2026-06-24T23:35:00+05:30,2026-06-24 23:35:00,0,0,20.1,51,0,0,0,4.1,47,589.8,0,0,28.3,68,30.9,21.8
2026-06-24T23:31:00+05:30,2026-06-24 23:31:00,0,0,20.1,51,0,0,0,4.1,47,589.8,0,0,28.4,68,31.1,21.9
2026-06-24T23:25:00+05:30,2026-06-24 23:25:00,0,0,20.1,50,0,0,0,4.1,47,589.8,0,0,28.4,68,31.1,21.9
2026-06-24T23:20:00+05:30,2026-06-24 23:20:00,0,0,20.1,51,0,0,0,4.1,47,589.8,0,0,28.4,68,31.1,21.9
2026-06-24T23:15:00+05:30,2026-06-24 23:15:00,0,0,20.1,46,0,0,0,4.1,47,589.8,0,0,28.4,68,31.1,21.9
2026-06-24T23:10:00+05:30,2026-06-24 23:10:00,1.4,3.5,20.1,56,0,0,0,4.1,47,589.8,0,0,28.5,68,31.3,22
2026-06-24T23:05:00+05:30,2026-06-24 23:05:00,0,0,20.1,47,0,0,0,4.1,47,589.8,0,0,28.5,68,31.3,22
2026-06-24T23:00:00+05:30,2026-06-24 23:00:00,0,0,20.1,61,0,0,0,4.1,47,589.8,0,0,28.5,68,31.3,22
2026-06-24T22:55:00+05:30,2026-06-24 22:55:00,0,0,20.1,50,0,0,0,4.1,47,589.8,0,0,28.5,68,31.3,22
2026-06-24T22:50:00+05:30,2026-06-24 22:50:00,0,0,20.1,49,0,0,0,4.1,47,589.8,0,0,28.5,68,31.3,22
2026-06-24T22:45:00+05:30,2026-06-24 22:45:00,0,0,20.1,43,0,0,0,4.1,47,589.8,0,0,28.6,68,31.6,22.1
2026-06-24T22:40:00+05:30,2026-06-24 22:40:00,0,3.5,20.1,44,0,0,0,4.1,47,589.8,0,0,28.6,68,31.6,22.1
2026-06-24T22:35:00+05:30,2026-06-24 22:35:00,0,0,20.1,51,0,0,0,4.1,47,589.8,0,0,28.6,68,31.6,22.1
2026-06-24T22:30:00+05:30,2026-06-24 22:30:00,0,0,20.1,65,0,0,0,4.1,47,589.8,0,0,28.6,68,31.6,22.1
2026-06-24T22:26:00+05:30,2026-06-24 22:26:00,0,0,20.1,43,0,0,0,4.1,47,589.8,0,0,28.7,68,31.8,22.2
2026-06-24T22:20:00+05:30,2026-06-24 22:20:00,0,1.8,20.1,56,0,0,0,4.1,47,589.8,0,0,28.7,68,31.8,22.2
2026-06-24T22:15:00+05:30,2026-06-24 22:15:00,0,9.3,20.1,49,0,0,0,4.1,47,589.8,0,0,28.7,68,31.8,22.2
2026-06-24T22:10:00+05:30,2026-06-24 22:10:00,0.3,3.5,20.1,60,0,0,0,4.1,47,589.8,0,0,28.8,68,31.9,22.3
2026-06-24T22:05:00+05:30,2026-06-24 22:05:00,0,0,20.1,55,0,0,0,4.1,47,589.8,0,0,28.8,68,31.9,22.3
2026-06-24T22:00:00+05:30,2026-06-24 22:00:00,0,1.8,20.1,49,0,0,0,4.1,47,589.8,0,0,28.8,68,31.9,22.3
2026-06-24T21:55:00+05:30,2026-06-24 21:55:00,0,5.5,20.1,62,0,0,0,4.1,47,589.8,0,0,28.8,68,31.9,22.3
2026-06-24T21:50:00+05:30,2026-06-24 21:50:00,0,7.2,20.1,94,0,0,0,4.1,47,589.8,0,0,28.8,68,31.9,22.3
2026-06-24T21:45:00+05:30,2026-06-24 21:45:00,0,0,20.1,51,0,0,0,4.1,47,589.8,0,0,28.9,68,32.1,22.4
2026-06-24T21:40:00+05:30,2026-06-24 21:40:00,0,0,20.1,60,0,0,0,4.1,47,589.8,0,0,28.9,68,32.1,22.4
2026-06-24T21:35:00+05:30,2026-06-24 21:35:00,0,0,20.1,67,0,0,0,4.1,47,589.8,0,0,28.9,68,32.1,22.4
2026-06-24T21:30:00+05:30,2026-06-24 21:30:00,0,7.2,20.1,53,0,0,0,4.1,47,589.8,0,0,28.9,68,32.1,22.4
2026-06-24T21:25:00+05:30,2026-06-24 21:25:00,1.8,5.5,20.1,36,0,0,0,4.1,47,589.8,0,0,28.9,68,32.1,22.4
2026-06-24T21:21:00+05:30,2026-06-24 21:21:00,2.9,9.3,20.1,31,0,0,0,4.1,47,589.8,0,0,29,68,32.4,22.5
2026-06-24T21:15:00+05:30,2026-06-24 21:15:00,6.4,9.3,20.1,72,0,0,0,4.1,47,589.8,0,0,29,68,32.4,22.5
2026-06-24T21:10:00+05:30,2026-06-24 21:10:00,0,0,20.1,61,0,0,0,4.1,47,589.8,0,0,29,68,32.4,22.5
2026-06-24T21:05:00+05:30,2026-06-24 21:05:00,1.4,5.5,20.1,65,0,0,0,4.1,47,589.8,0,0,29.1,68,32.6,22.6
2026-06-24T21:00:00+05:30,2026-06-24 21:00:00,0,9.3,20.1,66,0,0,0,4.1,47,589.8,0,0,29.1,67,32.4,22.3
2026-06-24T20:55:00+05:30,2026-06-24 20:55:00,4.7,5.5,20.1,69,0,0,0,4.1,47,589.8,0,0,29.1,67,32.4,22.3
2026-06-24T20:50:00+05:30,2026-06-24 20:50:00,0,0,20.1,59,0,0,0,4.1,47,589.8,0,0,29.2,67,32.7,22.4
2026-06-24T20:45:00+05:30,2026-06-24 20:45:00,0,3.5,20.1,67,0,0,0,4.1,47,589.8,0,0,29.2,67,32.7,22.4
2026-06-24T20:40:00+05:30,2026-06-24 20:40:00,0,5.5,20.1,62,0,0,0,4.1,47,589.8,0,0,29.2,67,32.7,22.4
2026-06-24T20:35:00+05:30,2026-06-24 20:35:00,0,1.8,20.1,55,0,0,0,4.1,47,589.8,0,0,29.2,67,32.7,22.4
2026-06-24T20:30:00+05:30,2026-06-24 20:30:00,0.6,3.5,20.1,60,0,0,0,4.1,47,589.8,0,0,29.3,67,32.8,22.5
2026-06-24T20:25:00+05:30,2026-06-24 20:25:00,0,3.5,20.1,53,0,0,0,4.1,47,589.8,0,0,29.3,67,32.8,22.5
2026-06-24T20:20:00+05:30,2026-06-24 20:20:00,0.3,3.5,20.1,46,0,0,0,4.1,47,589.8,0,0,29.3,67,32.8,22.5
2026-06-24T20:15:00+05:30,2026-06-24 20:15:00,0.3,5.5,20.1,39,0,0,0,4.1,47,589.8,0,0,29.3,67,32.8,22.5
2026-06-24T20:10:00+05:30,2026-06-24 20:10:00,0,0,20.1,44,0,0,0,4.1,47,589.8,0,0,29.3,67,32.8,22.5
2026-06-24T20:05:00+05:30,2026-06-24 20:05:00,0,5.5,20.1,63,0,0,0,4.1,47,589.8,0,0,29.4,67,33,22.6
2026-06-24T20:00:00+05:30,2026-06-24 20:00:00,0,0,20.1,67,0,0,0,4.1,47,589.8,0,0,29.4,67,33,22.6
2026-06-24T19:55:00+05:30,2026-06-24 19:55:00,0,3.5,20.1,49,0,0,0,4.1,47,589.8,0,0,29.4,67,33,22.6
2026-06-24T19:50:00+05:30,2026-06-24 19:50:00,0,5.5,20.1,64,0,0,0,4.1,47,589.8,0,0,29.4,66,32.8,22.3
2026-06-24T19:45:00+05:30,2026-06-24 19:45:00,0,9.3,20.1,62,0,0,0,4.1,47,589.8,0,0,29.4,66,32.8,22.3
2026-06-24T19:40:00+05:30,2026-06-24 19:40:00,0,9.3,20.1,48,0,0,0,4.1,47,589.8,0,0,29.5,66,33.1,22.4
2026-06-24T19:35:00+05:30,2026-06-24 19:35:00,5.5,7.2,20.1,50,0,0,0,4.1,47,589.8,0,0,29.5,66,33.1,22.4
2026-06-24T19:30:00+05:30,2026-06-24 19:30:00,0,7.2,20.1,65,0,0,0,4.1,47,589.8,0,0,29.5,66,33.1,22.4
2026-06-24T19:25:00+05:30,2026-06-24 19:25:00,2.9,3.5,20.1,56,0,0,0,4.1,47,589.8,0,0,29.6,66,33.3,22.6
2026-06-24T19:20:00+05:30,2026-06-24 19:20:00,2.9,9.3,20.1,51,0,0,0,4.1,47,589.8,0,0,29.7,66,33.5,22.7
2026-06-24T19:15:00+05:30,2026-06-24 19:15:00,5.5,9.3,20.1,63,0,0,0,4.1,47,589.8,0,0,29.7,66,33.5,22.7
2026-06-24T19:10:00+05:30,2026-06-24 19:10:00,1.1,5.5,20.1,58,0,0,0,4.1,47,589.8,0,0,29.8,66,33.6,22.7
2026-06-24T19:05:00+05:30,2026-06-24 19:05:00,5.5,7.2,20.1,94,0,0,0,4.1,47,589.8,0,0,29.8,66,33.6,22.7
2026-06-24T19:00:00+05:30,2026-06-24 19:00:00,0.3,11.1,20.1,49,0,0,0,4.1,47,589.8,0,0,29.9,66,33.8,22.8
2026-06-24T18:56:00+05:30,2026-06-24 18:56:00,4.7,9.3,20.1,77,0,0,0,4.1,47,589.8,0,0,30,66,34.1,22.9
2026-06-24T18:50:00+05:30,2026-06-24 18:50:00,0,5.5,20.1,55,0,0,0,4.1,47,589.8,0,0,30,66,34.1,22.9
2026-06-24T18:45:00+05:30,2026-06-24 18:45:00,0.3,7.2,20.1,54,0,0,0,4.1,47,589.8,0,0,30.1,66,34.3,23.1
2026-06-24T18:40:00+05:30,2026-06-24 18:40:00,0.3,16.6,20.1,23,0,0,0,4.1,47,589.8,0,0.1,30.1,65,34.1,22.8
2026-06-24T18:35:00+05:30,2026-06-24 18:35:00,0,3.5,20.1,39,0,0,0,4.1,47,589.8,0,0.3,30.2,66,34.6,23.2
2026-06-24T18:30:00+05:30,2026-06-24 18:30:00,0,3.5,20.1,55,0,0,0,4.1,47,589.8,0,0.7,30.2,66,34.6,23.2
2026-06-24T18:25:00+05:30,2026-06-24 18:25:00,3.2,9.3,20.1,52,0,0,0,4.1,47,589.8,0,2.2,30.3,66,34.7,23.2
2026-06-24T18:20:00+05:30,2026-06-24 18:20:00,0,3.5,20.1,55,0,0,0,4.1,47,589.8,0,6.8,30.3,66,34.7,23.2
2026-06-24T18:15:00+05:30,2026-06-24 18:15:00,6.4,7.2,20.1,76,0,0,0,4.1,47,589.8,0,16.8,30.4,66,35,23.3
2026-06-24T18:10:00+05:30,2026-06-24 18:10:00,0,9.3,20.1,47,0,0,0,4.1,47,589.8,0,21.7,30.4,66,35,23.3
2026-06-24T18:05:00+05:30,2026-06-24 18:05:00,1.8,7.2,20.1,74,0,0,0,4.1,47,589.8,0,23.5,30.5,65,35,23.2
2026-06-24T18:00:00+05:30,2026-06-24 18:00:00,4.7,14.8,20.1,55,0,0,0,4.1,47,589.8,0,30.9,30.5,65,35,23.2
2026-06-24T17:55:00+05:30,2026-06-24 17:55:00,2.1,11.1,20.1,52,0,0,0,4.1,47,589.8,0,36,30.5,65,35,23.2
2026-06-24T17:51:00+05:30,2026-06-24 17:51:00,4.3,7.2,20.1,62,0,0,0,4.1,47,589.8,0,39.4,30.6,65,35.2,23.3
2026-06-24T17:45:00+05:30,2026-06-24 17:45:00,0.6,5.5,20.1,54,0,0,0,4.1,47,589.8,0,37.9,30.6,65,35.2,23.3
2026-06-24T17:40:00+05:30,2026-06-24 17:40:00,5,9.3,20.1,79,0,0,0,4.1,47,589.8,0,40,30.7,65,35.5,23.4
2026-06-24T17:35:00+05:30,2026-06-24 17:35:00,7.6,9.3,20.1,64,0,0,0,4.1,47,589.8,0,45.1,30.7,65,35.5,23.4
2026-06-24T17:30:00+05:30,2026-06-24 17:30:00,0,16.6,20.1,51,0,0,0,4.1,47,589.8,0,59.8,30.8,65,35.6,23.4
2026-06-24T17:25:00+05:30,2026-06-24 17:25:00,10.8,13,20.1,63,0,0,0,4.1,47,589.8,0,73.8,30.8,65,35.6,23.4
2026-06-24T17:20:00+05:30,2026-06-24 17:20:00,0,7.2,20.1,35,0,0,0,4.1,47,589.8,0,80.1,30.9,65,35.9,23.5
2026-06-24T17:15:00+05:30,2026-06-24 17:15:00,3.2,5.5,20.1,68,0,0,0,4.1,47,589.8,0,67.1,30.9,65,35.9,23.5
2026-06-24T17:10:00+05:30,2026-06-24 17:10:00,0,11.1,20.1,51,0,0,0,4.1,47,589.8,0,63.4,30.9,64,35.6,23.3
2026-06-24T17:05:00+05:30,2026-06-24 17:05:00,0,7.2,20.1,49,0,0,0,4.1,47,589.8,0,70.1,30.9,64,35.6,23.3
2026-06-24T17:00:00+05:30,2026-06-24 17:00:00,2.9,16.6,20.1,38,0,0,0,4.1,47,589.8,0,82.8,31,64,35.9,23.4
2026-06-24T16:55:00+05:30,2026-06-24 16:55:00,0,7.2,20.1,51,0,0,0,4.1,47,589.8,0,101.6,31,64,35.9,23.4
2026-06-24T16:50:00+05:30,2026-06-24 16:50:00,1.1,7.2,20.1,54,0,0,0,4.1,47,589.8,1,162.8,31,64,35.9,23.4
2026-06-24T16:45:00+05:30,2026-06-24 16:45:00,1.8,5.5,20.1,60,0,0,0,4.1,47,589.8,1,147.6,31,64,35.9,23.4
2026-06-24T16:40:00+05:30,2026-06-24 16:40:00,0.3,11.1,20.1,49,0,0,0,4.1,47,589.8,1,190.7,31,64,35.9,23.4
2026-06-24T16:35:00+05:30,2026-06-24 16:35:00,1.1,3.5,20.1,36,0,0,0,4.1,47,589.8,1,167.3,31,64,35.9,23.4
2026-06-24T16:30:00+05:30,2026-06-24 16:30:00,0.3,7.2,20.1,58,0,0,0,4.1,47,589.8,1,195.6,31.1,64,36.2,23.5
2026-06-24T16:25:00+05:30,2026-06-24 16:25:00,0.3,9.3,20.1,69,0,0,0,4.1,47,589.8,1,202.9,31.1,64,36.2,23.5
2026-06-24T16:20:00+05:30,2026-06-24 16:20:00,0,9.3,20.1,67,0,0,0,4.1,47,589.8,2,257.2,31.1,64,36.2,23.5
2026-06-24T16:15:00+05:30,2026-06-24 16:15:00,2.9,11.1,20.1,52,0,0,0,4.1,47,589.8,2,215,31.2,64,36.4,23.6
2026-06-24T16:10:00+05:30,2026-06-24 16:10:00,0.3,11.1,20.1,60,0,0,0,4.1,47,589.8,2,220.1,31.3,64,36.6,23.6
2026-06-24T16:05:00+05:30,2026-06-24 16:05:00,4.7,14.8,20.1,58,0,0,0,4.1,47,589.8,2,227.7,31.3,64,36.6,23.6
2026-06-24T16:00:00+05:30,2026-06-24 16:00:00,9.3,14.8,20.1,81,0,0,0,4.1,47,589.8,2,271.9,31.3,64,36.6,23.6
2026-06-24T15:55:00+05:30,2026-06-24 15:55:00,2.1,9.3,20.1,66,0,0,0,4.1,47,589.8,3,325.3,31.3,64,36.6,23.6
2026-06-24T15:50:00+05:30,2026-06-24 15:50:00,0,3.5,20.1,64,0,0,0,4.1,47,589.8,2,296.4,31.3,64,36.6,23.6
2026-06-24T15:45:00+05:30,2026-06-24 15:45:00,6.4,11.1,20.1,69,0,0,0,4.1,47,589.8,3,317.7,31.3,65,36.8,23.9
2026-06-24T15:40:00+05:30,2026-06-24 15:40:00,0,13,20.1,41,0,0,0,4.1,47,589.8,3,338.1,31.3,64,36.6,23.6
2026-06-24T15:35:00+05:30,2026-06-24 15:35:00,1.1,5.5,20.1,41,0,0,0,4.1,47,589.8,3,401.2,31.3,64,36.6,23.6
2026-06-24T15:30:00+05:30,2026-06-24 15:30:00,13.7,16.6,20.1,93,0,0,0,4.1,47,589.8,4,438.9,31.3,64,36.6,23.6
2026-06-24T15:26:00+05:30,2026-06-24 15:26:00,1.4,5.5,20.1,62,0,0,0,4.1,47,589.8,2,211.6,31.3,64,36.6,23.6
2026-06-24T15:20:00+05:30,2026-06-24 15:20:00,5.5,11.1,20.1,111,0,0,0,4.1,47,589.8,1,167.3,31.3,65,36.8,23.9
2026-06-24T15:15:00+05:30,2026-06-24 15:15:00,6.4,9.3,20.1,23,0,0,0,4.1,47,589.8,4,478.9,31.2,64,36.4,23.6
2026-06-24T15:10:00+05:30,2026-06-24 15:10:00,2.6,5.5,20.1,70,0,0,0,4.1,47,589.8,4,483.6,31.2,64,36.4,23.6
2026-06-24T15:05:00+05:30,2026-06-24 15:05:00,0.3,13,20.1,65,0,0,0,4.1,47,589.8,4,481.7,31.1,64,36.2,23.5
2026-06-24T15:00:00+05:30,2026-06-24 15:00:00,1.1,7.2,20.1,72,0,0,0,4.1,47,589.8,4,476.3,31.1,64,36.2,23.5
2026-06-24T14:55:00+05:30,2026-06-24 14:55:00,3.2,9.3,20.1,67,0,0,0,4.1,47,589.8,5,561.5,31,64,35.9,23.4
2026-06-24T14:50:00+05:30,2026-06-24 14:50:00,0.6,1.8,20.1,54,0,0,0,4.1,47,589.8,5,542.4,31,64,35.9,23.4
2026-06-24T14:45:00+05:30,2026-06-24 14:45:00,4.7,14.8,20.1,58,0,0,0,4.1,47,589.8,5,550.7,31,64,35.9,23.4
2026-06-24T14:40:00+05:30,2026-06-24 14:40:00,0,5.5,20.1,80,0,0,0,4.1,47,589.8,5,562.9,30.9,65,35.9,23.5
2026-06-24T14:35:00+05:30,2026-06-24 14:35:00,0,13,20.1,34,0,0,0,4.1,47,589.8,5,567,30.9,64,35.6,23.3
2026-06-24T14:30:00+05:30,2026-06-24 14:30:00,2.1,7.2,20.1,22,0,0,0,4.1,47,589.8,5,601.8,30.8,65,35.6,23.4
2026-06-24T14:25:00+05:30,2026-06-24 14:25:00,0.3,9.3,20.1,68,0,0,0,4.1,47,589.8,5,571.6,30.7,65,35.5,23.4
2026-06-24T14:21:00+05:30,2026-06-24 14:21:00,3.5,7.2,20.1,53,0,0,0,4.1,47,589.8,6,625.2,30.7,65,35.5,23.4
2026-06-24T14:15:00+05:30,2026-06-24 14:15:00,4,7.2,20.1,75,0,0,0,4.1,47,589.8,1,132.2,30.7,64,35.2,23.1
2026-06-24T14:10:00+05:30,2026-06-24 14:10:00,9.3,13,20.1,66,0,0,0,4.1,47,589.8,7,719.3,30.6,64,35,23
2026-06-24T14:05:00+05:30,2026-06-24 14:05:00,0,11.1,20.1,49,0,0,0,4.1,47,589.8,7,721.8,30.5,64,34.7,22.9
2026-06-24T14:00:00+05:30,2026-06-24 14:00:00,4.7,9.3,20.1,45,0,0,0,4.1,47,589.8,6,698.6,30.5,64,34.7,22.9
2026-06-24T13:55:00+05:30,2026-06-24 13:55:00,0.6,11.1,20.1,68,0,0,0,4.1,47,589.8,6,704.5,30.4,65,34.7,23.1
2026-06-24T13:50:00+05:30,2026-06-24 13:50:00,5.5,13,20.1,68,0,0,0,4.1,47,589.8,6,714.8,30.3,65,34.5,22.9
2026-06-24T13:45:00+05:30,2026-06-24 13:45:00,4,9.3,20.1,29,0,0,0,4.1,47,589.8,6,693.7,30.2,65,34.4,22.9
2026-06-24T13:40:00+05:30,2026-06-24 13:40:00,9,11.1,20.1,76,0,0,0,4.1,47,589.8,7,748.2,30.2,66,34.6,23.2
2026-06-24T13:35:00+05:30,2026-06-24 13:35:00,2.1,9.3,20.1,21,0,0,0,4.1,47,589.8,7,721.4,30.1,65,34.1,22.8
2026-06-24T13:30:00+05:30,2026-06-24 13:30:00,6.1,9.3,20.1,74,0,0,0,4.1,47,589.8,6,702.1,30.1,65,34.1,22.8
2026-06-24T13:25:00+05:30,2026-06-24 13:25:00,2.1,13,20.1,81,0,0,0,4.1,47,589.8,5,577.6,30.1,66,34.3,23.1
2026-06-24T13:20:00+05:30,2026-06-24 13:20:00,4.3,13,20.1,67,0,0,0,4.1,47,589.8,3,397.9,30.1,66,34.3,23.1
2026-06-24T13:16:00+05:30,2026-06-24 13:16:00,0,5.5,20.1,56,0,0,0,4.1,47,589.8,3,346.9,30.1,66,34.3,23.1
2026-06-24T13:10:00+05:30,2026-06-24 13:10:00,6.1,16.6,20.1,82,0,0,0,4.1,47,589.8,2,254.6,30.1,67,34.6,23.3
2026-06-24T13:05:00+05:30,2026-06-24 13:05:00,0,5.5,20.1,74,0,0,0,4.1,47,589.8,5,613.3,30,67,34.3,23.2
2026-06-24T13:00:00+05:30,2026-06-24 13:00:00,1.8,9.3,20.1,97,0,0,0,4.1,47,589.8,3,312.3,29.9,67,34.1,23.1
2026-06-24T12:55:00+05:30,2026-06-24 12:55:00,1.4,11.1,20.1,33,0,0,0,4.1,47,589.8,7,743.6,29.8,67,33.8,23
2026-06-24T12:50:00+05:30,2026-06-24 12:50:00,1.4,11.1,20.1,50,0,0,0,4.1,47,589.8,4,450.9,29.8,66,33.6,22.7
2026-06-24T12:45:00+05:30,2026-06-24 12:45:00,0,9.3,20.1,71,0,0,0,4.1,47,589.8,5,562.5,29.7,66,33.5,22.7
2026-06-24T12:40:00+05:30,2026-06-24 12:40:00,0,13,20.1,48,0,0,0,4.1,47,589.8,4,430.5,29.6,66,33.3,22.6
2026-06-24T12:35:00+05:30,2026-06-24 12:35:00,3.5,7.2,20.1,74,0,0,0,4.1,47,589.8,4,505.1,29.6,66,33.3,22.6
2026-06-24T12:30:00+05:30,2026-06-24 12:30:00,0.3,11.1,20.1,52,0,0,0,4.1,47,589.8,9,1009.8,29.5,66,33.1,22.4
2026-06-24T12:25:00+05:30,2026-06-24 12:25:00,0.3,5.5,20.1,58,0,0,0,4.1,47,589.8,5,564.9,29.4,66,32.8,22.3
2026-06-24T12:20:00+05:30,2026-06-24 12:20:00,1.4,5.5,20.1,71,0,0,0,4.1,47,589.8,8,861.4,29.4,66,32.8,22.3
2026-06-24T12:15:00+05:30,2026-06-24 12:15:00,0.3,7.2,20.1,275,0,0,0,4.1,47,589.8,5,594.3,29.3,66,32.6,22.3
2026-06-24T12:11:00+05:30,2026-06-24 12:11:00,7.6,11.1,20.1,58,0,0,0,4.1,47,589.8,7,818,29.3,66,32.6,22.3
2026-06-24T12:05:00+05:30,2026-06-24 12:05:00,9.7,13,20.1,71,0,0,0,4.1,47,589.8,7,764.5,29.2,67,32.7,22.4
2026-06-24T12:00:00+05:30,2026-06-24 12:00:00,1.1,14.8,20.1,31,0,0,0,4.1,47,589.8,4,449,29.1,67,32.4,22.3
2026-06-24T11:55:00+05:30,2026-06-24 11:55:00,0.3,3.5,20.1,58,0,0,0,4.1,47,589.8,8,834.2,29.1,67,32.4,22.3
2026-06-24T11:50:00+05:30,2026-06-24 11:50:00,3.2,11.1,20.1,159,0,0,0,4.1,47,589.8,8,845.2,29,67,32.2,22.2
2026-06-24T11:45:00+05:30,2026-06-24 11:45:00,4.7,13,20.1,83,0,0,0,4.1,47,589.8,6,706.7,29,67,32.2,22.2
2026-06-24T11:40:00+05:30,2026-06-24 11:40:00,2.1,7.2,20.1,89,0,0,0,4.1,47,589.8,7,776.2,28.8,68,31.9,22.3
2026-06-24T11:35:00+05:30,2026-06-24 11:35:00,5.5,9.3,20.1,72,0,0,0,4.1,47,589.8,6,717.8,28.8,68,31.9,22.3
2026-06-24T11:30:00+05:30,2026-06-24 11:30:00,6.1,7.2,20.1,80,0,0,0,4.1,47,589.8,5,529.6,28.7,67,31.6,22
2026-06-24T11:25:00+05:30,2026-06-24 11:25:00,1.1,11.1,20.1,41,0,0,0,4.1,47,589.8,7,724.9,28.7,68,31.8,22.2
2026-06-24T11:20:00+05:30,2026-06-24 11:20:00,1.1,11.1,20.1,28,0,0,0,4.1,47,589.8,5,606.9,28.6,68,31.6,22.1
2026-06-24T11:15:00+05:30,2026-06-24 11:15:00,7.9,14.8,20.1,73,0,0,0,4.1,47,589.8,5,590.6,28.6,68,31.6,22.1
2026-06-24T11:10:00+05:30,2026-06-24 11:10:00,4.7,9.3,20.1,56,0,0,0,4.1,47,589.8,5,581,28.5,68,31.3,22
2026-06-24T11:05:00+05:30,2026-06-24 11:05:00,1.1,11.1,20.1,34,0,0,0,4.1,47,589.8,5,579.2,28.5,68,31.3,22
2026-06-24T11:00:00+05:30,2026-06-24 11:00:00,3.2,14.8,20.1,105,0,0,0,4.1,47,589.8,5,580.4,28.4,68,31.1,21.9
2026-06-24T10:55:00+05:30,2026-06-24 10:55:00,9.7,14.8,20.1,89,0,0,0,4.1,47,589.8,6,616.4,28.3,68,30.9,21.8
2026-06-24T10:50:00+05:30,2026-06-24 10:50:00,4.3,13,20.1,80,0,0,0,4.1,47,589.8,6,660.3,28.2,68,30.8,21.7
2026-06-24T10:45:00+05:30,2026-06-24 10:45:00,11.9,14.8,20.1,89,0,0,0,4.1,47,589.8,9,929.8,28.1,69,30.7,21.9
2026-06-24T10:40:00+05:30,2026-06-24 10:40:00,6.4,9.3,20.1,71,0,0,0,4.1,47,589.8,8,836,28,69,30.6,21.8
2026-06-24T10:35:00+05:30,2026-06-24 10:35:00,7.2,11.1,20.1,103,0,0,0,4.1,47,589.8,7,798.1,27.9,69,30.3,21.7
2026-06-24T10:30:00+05:30,2026-06-24 10:30:00,1.1,3.5,20.1,53,0,0,0,4.1,47,589.8,7,733.5,27.9,68,30.2,21.4
2026-06-24T10:25:00+05:30,2026-06-24 10:25:00,4.7,9.3,20.1,49,0,0,0,4.1,47,589.8,5,609.2,27.9,68,30.2,21.4
2026-06-24T10:20:00+05:30,2026-06-24 10:20:00,2.1,9.3,20.1,53,0,0,0,4.1,47,589.8,5,563.1,27.8,69,30.1,21.6
2026-06-24T10:15:00+05:30,2026-06-24 10:15:00,10.8,16.6,20.1,62,0,0,0,4.1,47,589.8,3,390.3,27.7,69,30,21.5
2026-06-24T10:10:00+05:30,2026-06-24 10:10:00,6.4,14.8,20.1,40,0,0,0,4.1,47,589.8,8,846.5,27.6,69,29.8,21.4
2026-06-24T10:05:00+05:30,2026-06-24 10:05:00,0,7.2,20.1,58,0,0,0,4.1,47,589.8,7,808.2,27.6,69,29.8,21.4
2026-06-24T10:00:00+05:30,2026-06-24 10:00:00,2.9,20.1,20.1,65,0,0,0,4.1,47,589.8,7,812.2,27.5,69,29.6,21.3
2026-06-24T09:55:00+05:30,2026-06-24 09:55:00,8.7,13,13,73,0,0,0,4.1,47,589.8,7,803.5,27.4,70,29.6,21.4
2026-06-24T09:50:00+05:30,2026-06-24 09:50:00,0,13,13,43,0,0,0,4.1,47,589.8,5,557.1,27.4,70,29.6,21.4
2026-06-24T09:46:00+05:30,2026-06-24 09:46:00,1.4,9.3,13,48,0,0,0,4.1,47,589.8,7,766.6,27.3,71,29.4,21.6
2026-06-24T09:40:00+05:30,2026-06-24 09:40:00,0,7.2,13,50,0,0,0,4.1,47,589.8,6,700.4,27.3,71,29.4,21.6
2026-06-24T09:35:00+05:30,2026-06-24 09:35:00,0,3.5,13,53,0,0,0,4.1,47,589.8,6,670.5,27.2,72,29.4,21.7
2026-06-24T09:30:00+05:30,2026-06-24 09:30:00,1.8,3.5,13,60,0,0,0,4.1,47,589.8,6,650.5,27.1,71,29.1,21.4
2026-06-24T09:25:00+05:30,2026-06-24 09:25:00,0,5.5,13,85,0,0,0,4.1,47,589.8,6,636.2,27.1,71,29.1,21.4
2026-06-24T09:20:00+05:30,2026-06-24 09:20:00,3.5,7.2,13,61,0,0,0,4.1,47,589.8,6,632.4,27,71,28.9,21.3
2026-06-24T09:15:00+05:30,2026-06-24 09:15:00,2.1,5.5,13,72,0,0,0,4.1,47,589.8,6,696.7,27,71,28.9,21.3
2026-06-24T09:10:00+05:30,2026-06-24 09:10:00,3.5,5.5,13,56,0,0,0,4.1,47,589.8,6,673.8,27,71,28.9,21.3
2026-06-24T09:05:00+05:30,2026-06-24 09:05:00,0,1.8,13,56,0,0,0,4.1,47,589.8,2,275.9,26.9,71,28.7,21.2
2026-06-24T09:00:00+05:30,2026-06-24 09:00:00,2.9,3.5,13,67,0,0,0,4.1,47,589.8,2,250.3,26.9,71,28.7,21.2
2026-06-24T08:55:00+05:30,2026-06-24 08:55:00,0.3,11.1,13,73,0,0,0,4.1,47,589.8,2,245,26.9,71,28.7,21.2
2026-06-24T08:50:00+05:30,2026-06-24 08:50:00,0,9.3,13,46,0,0,0,4.1,47,589.8,1,172.9,26.9,71,28.7,21.2
2026-06-24T08:45:00+05:30,2026-06-24 08:45:00,0,9.3,13,67,0,0,0,4.1,47,589.8,5,612.3,26.8,72,28.6,21.3
2026-06-24T08:41:00+05:30,2026-06-24 08:41:00,0.3,7.2,13,98,0,0,0,4.1,47,589.8,5,580.7,26.8,72,28.6,21.3
2026-06-24T08:35:00+05:30,2026-06-24 08:35:00,1.4,5.5,13,127,0,0,0,4.1,47,589.8,5,553.5,26.7,72,28.6,21.2
2026-06-24T08:30:00+05:30,2026-06-24 08:30:00,0,9.3,13,71,0,0,0,4.1,47,589.8,4,508.6,26.7,72,28.6,21.2
2026-06-24T08:25:00+05:30,2026-06-24 08:25:00,1.4,1.8,13,85,0,0,0,4.1,47,589.8,4,486.2,26.6,72,27.2,21.1
2026-06-24T08:20:00+05:30,2026-06-24 08:20:00,1.1,11.1,13,56,0,0,0,4.1,47,589.8,2,212.7,26.6,72,27.2,21.1
2026-06-24T08:15:00+05:30,2026-06-24 08:15:00,0.3,9.3,13,43,0,0,0,4.1,47,589.8,2,250,26.6,72,27.2,21.1
2026-06-24T08:10:00+05:30,2026-06-24 08:10:00,0,0,13,74,0,0,0,4.1,47,589.8,1,153.6,26.5,72,27.1,21.1
2026-06-24T08:05:00+05:30,2026-06-24 08:05:00,3.5,9.3,13,49,0,0,0,4.1,47,589.8,3,371.2,26.5,72,27.1,21.1
2026-06-24T08:00:00+05:30,2026-06-24 08:00:00,5.8,9.3,13,74,0,0,0,4.1,47,589.8,2,253.7,26.5,72,27.1,21.1
2026-06-24T07:55:00+05:30,2026-06-24 07:55:00,1.1,1.8,13,85,0,0,0,4.1,47,589.8,3,350.9,26.5,72,27.1,21.1
2026-06-24T07:50:00+05:30,2026-06-24 07:50:00,0,1.8,13,64,0,0,0,4.1,47,589.8,2,217.2,26.5,72,27.1,21.1
2026-06-24T07:45:00+05:30,2026-06-24 07:45:00,0,9.3,13,59,0,0,0,4.1,47,589.8,0,83.7,26.5,72,27.1,21.1
2026-06-24T07:40:00+05:30,2026-06-24 07:40:00,0,0,13,43,0,0,0,4.1,47,589.8,0,90.5,26.5,72,27.1,21.1
2026-06-24T07:36:00+05:30,2026-06-24 07:36:00,10.1,11.1,13,64,0,0,0,4.1,47,589.8,0,96.7,26.5,72,27.1,21.1
2026-06-24T07:30:00+05:30,2026-06-24 07:30:00,0,7.2,13,53,0,0,0,4.1,47,589.8,0,71.3,26.5,72,27.1,21.1
2026-06-24T07:25:00+05:30,2026-06-24 07:25:00,1.1,1.8,13,66,0,0,0,4.1,47,589.8,0,62.9,26.5,72,27.1,21.1
2026-06-24T07:20:00+05:30,2026-06-24 07:20:00,0,5.5,13,53,0,0,0,4.1,47,589.8,0,87.6,26.5,72,27.1,21.1
2026-06-24T07:15:00+05:30,2026-06-24 07:15:00,0.6,3.5,13,73,0,0,0,4.1,47,589.8,2,244.2,26.5,72,27.1,21.1
2026-06-24T07:10:00+05:30,2026-06-24 07:10:00,3.2,5.5,13,52,0,0,0,4.1,47,589.8,1,187.2,26.4,72,26.9,20.9
2026-06-24T07:05:00+05:30,2026-06-24 07:05:00,1.8,1.8,13,67,0,0,0,4.1,47,589.8,1,165,26.4,72,26.9,20.9
2026-06-24T07:00:00+05:30,2026-06-24 07:00:00,0,0,13,56,0,0,0,4.1,47,589.8,1,144.7,26.4,72,26.9,20.9
2026-06-24T06:55:00+05:30,2026-06-24 06:55:00,0.3,3.5,13,46,0,0,0,4.1,47,589.8,1,126.6,26.4,72,26.9,20.9
2026-06-24T06:50:00+05:30,2026-06-24 06:50:00,0,5.5,13,55,0,0,0,4.1,47,589.8,1,106,26.3,72,26.8,20.8
2026-06-24T06:45:00+05:30,2026-06-24 06:45:00,0,0,13,50,0,0,0,4.1,47,589.8,0,91.1,26.3,72,26.8,20.8
2026-06-24T06:41:00+05:30,2026-06-24 06:41:00,0,0,13,51,0,0,0,4.1,47,589.8,0,75.9,26.3,72,26.8,20.8
2026-06-24T06:35:00+05:30,2026-06-24 06:35:00,0,0,13,53,0,0,0,4.1,47,589.8,0,59.1,26.3,72,26.8,20.8
2026-06-24T06:30:00+05:30,2026-06-24 06:30:00,0,1.8,13,48,0,0,0,4.1,47,589.8,0,49.1,26.3,72,26.8,20.8
2026-06-24T06:25:00+05:30,2026-06-24 06:25:00,0,0,13,45,0,0,0,4.1,47,589.8,0,38,26.3,72,26.8,20.8
2026-06-24T06:20:00+05:30,2026-06-24 06:20:00,0,0,13,39,0,0,0,4.1,47,589.8,0,18.4,26.3,72,26.8,20.8
2026-06-24T06:15:00+05:30,2026-06-24 06:15:00,0,0,13,39,0,0,0,4.1,47,589.8,0,14.4,26.4,73,27,21.2
2026-06-24T06:10:00+05:30,2026-06-24 06:10:00,0,0,13,33,0,0,0,4.1,47,589.8,0,12.3,26.4,73,27,21.2
2026-06-24T06:05:00+05:30,2026-06-24 06:05:00,0,0,13,37,0,0,0,4.1,47,589.8,0,8.9,26.4,73,27,21.2
2026-06-24T06:00:00+05:30,2026-06-24 06:00:00,0,0,13,37,0,0,0,4.1,47,589.8,0,5.6,26.4,73,27,21.2
2026-06-24T05:56:00+05:30,2026-06-24 05:56:00,0,0,13,37,0,0,0,4.1,47,589.8,0,3.6,26.4,73,27,21.2
2026-06-24T05:50:00+05:30,2026-06-24 05:50:00,0,0,13,40,0,0,0,4.1,47,589.8,0,1.8,26.4,73,27,21.2
2026-06-24T05:45:00+05:30,2026-06-24 05:45:00,0,0,13,40,0,0,0,4.1,47,589.8,0,0.7,26.4,73,27,21.2
2026-06-24T05:40:00+05:30,2026-06-24 05:40:00,0,0,13,40,0,0,0,4.1,47,589.8,0,0.2,26.4,73,27,21.2
2026-06-24T05:35:00+05:30,2026-06-24 05:35:00,0,0,13,40,0,0,0,4.1,47,589.8,0,0.1,26.4,73,27,21.2
2026-06-24T05:30:00+05:30,2026-06-24 05:30:00,0,0,13,39,0,0,0,4.1,47,589.8,0,0,26.5,73,27.1,21.3
2026-06-24T05:25:00+05:30,2026-06-24 05:25:00,0,0,13,43,0,0,0,4.1,47,589.8,0,0,26.4,73,27,21.2
2026-06-24T05:20:00+05:30,2026-06-24 05:20:00,0,0,13,39,0,0,0,4.1,47,589.8,0,0,26.5,73,27.1,21.3
2026-06-24T05:15:00+05:30,2026-06-24 05:15:00,0,1.8,13,39,0,0,0,4.1,47,589.8,0,0,26.5,73,27.1,21.3
2026-06-24T05:10:00+05:30,2026-06-24 05:10:00,0,0,13,38,0,0,0,4.1,47,589.8,0,0,26.5,73,27.1,21.3
2026-06-24T05:05:00+05:30,2026-06-24 05:05:00,0,0,13,42,0,0,0,4.1,47,589.8,0,0,26.5,73,27.1,21.3
2026-06-24T05:00:00+05:30,2026-06-24 05:00:00,0,0,13,47,0,0,0,4.1,47,589.8,0,0,26.5,73,27.1,21.3
2026-06-24T04:55:00+05:30,2026-06-24 04:55:00,0,0,13,44,0,0,0,4.1,47,589.8,0,0,26.5,73,27.1,21.3
2026-06-24T04:50:00+05:30,2026-06-24 04:50:00,0,0,13,50,0,0,0,4.1,47,589.8,0,0,26.5,72,27.1,21.1
2026-06-24T04:45:00+05:30,2026-06-24 04:45:00,0,0,13,47,0,0,0,4.1,47,589.8,0,0,26.5,72,27.1,21.1
2026-06-24T04:40:00+05:30,2026-06-24 04:40:00,0,0,13,44,0,0,0,4.1,47,589.8,0,0,26.5,72,27.1,21.1
2026-06-24T04:36:00+05:30,2026-06-24 04:36:00,0,0,13,47,0,0,0,4.1,47,589.8,0,0,26.5,72,27.1,21.1
2026-06-24T04:30:00+05:30,2026-06-24 04:30:00,0,0,13,47,0,0,0,4.1,47,589.8,0,0,26.5,72,27.1,21.1
2026-06-24T04:25:00+05:30,2026-06-24 04:25:00,0,0,13,50,0,0,0,4.1,47,589.8,0,0,26.5,72,27.1,21.1
2026-06-24T04:20:00+05:30,2026-06-24 04:20:00,0,3.5,13,50,0,0,0,4.1,47,589.8,0,0,26.5,72,27.1,21.1
2026-06-24T04:15:00+05:30,2026-06-24 04:15:00,0,0,13,53,0,0,0,4.1,47,589.8,0,0,26.5,72,27.1,21.1
2026-06-24T04:10:00+05:30,2026-06-24 04:10:00,0,3.5,13,49,0,0,0,4.1,47,589.8,0,0,26.5,72,27.1,21.1
2026-06-24T04:05:00+05:30,2026-06-24 04:05:00,2.9,5.5,13,72,0,0,0,4.1,47,589.8,0,0,26.5,72,27.1,21.1
2026-06-24T04:00:00+05:30,2026-06-24 04:00:00,0,0,13,48,0,0,0,4.1,47,589.8,0,0,26.5,72,27.1,21.1
2026-06-24T03:55:00+05:30,2026-06-24 03:55:00,1.1,3.5,13,62,0,0,0,4.1,47,589.8,0,0,26.5,72,27.1,21.1
2026-06-24T03:50:00+05:30,2026-06-24 03:50:00,0,1.8,13,48,0,0,0,4.1,47,589.8,0,0,26.5,72,27.1,21.1
2026-06-24T03:45:00+05:30,2026-06-24 03:45:00,0,0,13,46,0,0,0,4.1,47,589.8,0,0,26.5,72,27.1,21.1
2026-06-24T03:40:00+05:30,2026-06-24 03:40:00,0,0,13,51,0,0,0,4.1,47,589.8,0,0,26.5,72,27.1,21.1
2026-06-24T03:35:00+05:30,2026-06-24 03:35:00,0,0,13,49,0,0,0,4.1,47,589.8,0,0,26.5,72,27.1,21.1
2026-06-24T03:31:00+05:30,2026-06-24 03:31:00,0,1.8,13,56,0,0,0,4.1,47,589.8,0,0,26.5,71,27.1,20.8
2026-06-24T03:25:00+05:30,2026-06-24 03:25:00,0,5.5,13,58,0,0,0,4.1,47,589.8,0,0,26.6,71,27.2,20.9
2026-06-24T03:20:00+05:30,2026-06-24 03:20:00,0,0,13,52,0,0,0,4.1,47,589.8,0,0,26.5,71,27.1,20.8
2026-06-24T03:15:00+05:30,2026-06-24 03:15:00,0,5.5,13,52,0,0,0,4.1,47,589.8,0,0,26.5,71,27.1,20.8
2026-06-24T03:10:00+05:30,2026-06-24 03:10:00,2.1,9.3,13,48,0,0,0,4.1,47,589.8,0,0,26.5,71,27.1,20.8
2026-06-24T03:05:00+05:30,2026-06-24 03:05:00,0,1.8,13,51,0,0,0,4.1,47,589.8,0,0,26.5,71,27.1,20.8
2026-06-24T03:00:00+05:30,2026-06-24 03:00:00,0,0,13,67,0,0,0,4.1,47,589.8,0,0,26.5,71,27.1,20.8
2026-06-24T02:55:00+05:30,2026-06-24 02:55:00,1.1,1.8,13,47,0,0,0,4.1,47,589.8,0,0,26.6,71,27.2,20.9
2026-06-24T02:50:00+05:30,2026-06-24 02:50:00,4,5.5,13,54,0,0,0,4.1,47,589.8,0,0,26.6,71,27.2,20.9
2026-06-24T02:45:00+05:30,2026-06-24 02:45:00,0,5.5,13,67,0,0,0,4.1,47,589.8,0,0,26.6,71,27.2,20.9
2026-06-24T02:40:00+05:30,2026-06-24 02:40:00,0,3.5,13,53,0,0,0,4.1,47,589.8,0,0,26.6,71,27.2,20.9
2026-06-24T02:35:00+05:30,2026-06-24 02:35:00,0,0,13,50,0,0,0,4.1,47,589.8,0,0,26.6,71,27.2,20.9
2026-06-24T02:30:00+05:30,2026-06-24 02:30:00,0,3.5,13,53,0,0,0,4.1,47,589.8,0,0,26.6,70,27.2,20.7
2026-06-24T02:26:00+05:30,2026-06-24 02:26:00,1.1,5.5,13,44,0,0,0,4.1,47,589.8,0,0,26.6,70,27.2,20.7
2026-06-24T02:20:00+05:30,2026-06-24 02:20:00,0.3,3.5,13,79,0,0,0,4.1,47,589.8,0,0,26.6,70,27.2,20.7
2026-06-24T02:15:00+05:30,2026-06-24 02:15:00,0,0,13,59,0,0,0,4.1,47,589.8,0,0,26.6,70,27.2,20.7
2026-06-24T02:10:00+05:30,2026-06-24 02:10:00,0,5.5,13,50,0,0,0,4.1,47,589.8,0,0,26.6,70,27.2,20.7
2026-06-24T02:05:00+05:30,2026-06-24 02:05:00,0,0,13,45,0,0,0,4.1,47,589.8,0,0,26.6,70,27.2,20.7
2026-06-24T02:00:00+05:30,2026-06-24 02:00:00,0,0,13,52,0,0,0,4.1,47,589.8,0,0,26.6,70,27.2,20.7
2026-06-24T01:55:00+05:30,2026-06-24 01:55:00,0,1.8,13,50,0,0,0,4.1,47,589.8,0,0,26.6,70,27.2,20.7
2026-06-24T01:50:00+05:30,2026-06-24 01:50:00,2.9,7.2,13,74,0,0,0,4.1,47,589.8,0,0,26.7,70,28.4,20.8
2026-06-24T01:45:00+05:30,2026-06-24 01:45:00,0.3,11.1,13,48,0,0,0,4.1,47,589.8,0,0,26.7,70,28.4,20.8
2026-06-24T01:40:00+05:30,2026-06-24 01:40:00,0.6,3.5,13,39,0,0,0,4.1,47,589.8,0,0,26.7,70,28.4,20.8
2026-06-24T01:35:00+05:30,2026-06-24 01:35:00,1.4,3.5,13,76,0,0,0,4.1,47,589.8,0,0,26.7,70,28.4,20.8
2026-06-24T01:30:00+05:30,2026-06-24 01:30:00,1.1,5.5,9.3,60,0,0,0,4.1,47,589.8,0,0,26.7,70,28.4,20.8
2026-06-24T01:25:00+05:30,2026-06-24 01:25:00,0.3,3.5,9.3,72,0,0,0,4.1,47,589.8,0,0,26.8,70,28.5,20.8
2026-06-24T01:20:00+05:30,2026-06-24 01:20:00,0,0,9.3,55,0,0,0,4.1,47,589.8,0,0,26.8,70,28.5,20.8
2026-06-24T01:15:00+05:30,2026-06-24 01:15:00,0,0,9.3,65,0,0,0,4.1,47,589.8,0,0,26.8,70,28.5,20.8
2026-06-24T01:10:00+05:30,2026-06-24 01:10:00,0.6,5.5,9.3,50,0,0,0,4.1,47,589.8,0,0,26.8,70,28.5,20.8
2026-06-24T01:05:00+05:30,2026-06-24 01:05:00,0,3.5,9.3,46,0,0,0,4.1,47,589.8,0,0,26.8,70,28.5,20.8
2026-06-24T01:00:00+05:30,2026-06-24 01:00:00,0,7.2,9.3,60,0,0,0,4.1,47,589.8,0,0,26.8,70,28.5,20.8
2026-06-24T00:55:00+05:30,2026-06-24 00:55:00,0.3,5.5,9.3,74,0,0,0,4.1,47,589.8,0,0,26.9,70,28.7,20.9
2026-06-24T00:50:00+05:30,2026-06-24 00:50:00,2.6,3.5,9.3,85,0,0,0,4.1,47,589.8,0,0,26.9,70,28.7,20.9
2026-06-24T00:45:00+05:30,2026-06-24 00:45:00,0,3.5,9.3,53,0,0,0,4.1,47,589.8,0,0,26.9,70,28.7,20.9
2026-06-24T00:40:00+05:30,2026-06-24 00:40:00,2.9,7.2,9.3,60,0,0,0,4.1,47,589.8,0,0,26.9,70,28.7,20.9
2026-06-24T00:35:00+05:30,2026-06-24 00:35:00,2.6,5.5,9.3,74,0,0,0,4.1,47,589.8,0,0,26.9,70,28.7,20.9
2026-06-24T00:30:00+05:30,2026-06-24 00:30:00,1.1,7.2,9.3,65,0,0,0,4.1,47,589.8,0,0,26.9,70,28.7,20.9
2026-06-24T00:25:00+05:30,2026-06-24 00:25:00,0,1.8,9.3,58,0,0,0,4.1,47,589.8,0,0,27,70,28.8,21.1
2026-06-24T00:20:00+05:30,2026-06-24 00:20:00,1.4,5.5,9.3,79,0,0,0,4.1,47,589.8,0,0,27,70,28.8,21.1
2026-06-24T00:15:00+05:30,2026-06-24 00:15:00,0,1.8,9.3,60,0,0,0,4.1,47,589.8,0,0,27,71,28.9,21.3
2026-06-24T00:10:00+05:30,2026-06-24 00:10:00,1.4,3.5,7.2,51,0,0,0,4.1,47,589.8,0,0,27,71,28.9,21.3
2026-06-24T00:05:00+05:30,2026-06-24 00:05:00,0,7.2,7.2,53,0,0,0,4.1,47,589.8,0,0,27,71,28.9,21.3
2026-06-24T00:01:00+05:30,2026-06-24 00:01:00,0,0,0,51,0,0,0,4.1,47,589.8,0,0,27,71,28.9,21.3
2026-06-23T23:55:00+05:30,2026-06-23 23:55:00,0,0,18.3,53,0,0,0,4.1,47,589.8,0,0,27.1,71,29.1,21.4
2026-06-23T23:50:00+05:30,2026-06-23 23:50:00,0,0,18.3,55,0,0,0,4.1,47,589.8,0,0,27.1,71,29.1,21.4
2026-06-23T23:45:00+05:30,2026-06-23 23:45:00,0,0,18.3,52,0,0,0,4.1,47,589.8,0,0,27.1,71,29.1,21.4
2026-06-23T23:40:00+05:30,2026-06-23 23:40:00,0,0,18.3,49,0,0,0,4.1,47,589.8,0,0,27.1,71,29.1,21.4
2026-06-23T23:35:00+05:30,2026-06-23 23:35:00,0,1.8,18.3,52,0,0,0,4.1,47,589.8,0,0,27.2,71,29.3,21.5
2026-06-23T23:30:00+05:30,2026-06-23 23:30:00,5.5,9.3,18.3,51,0,0,0,4.1,47,589.8,0,0,27.2,71,29.3,21.5
2026-06-23T23:25:00+05:30,2026-06-23 23:25:00,0.6,5.5,18.3,54,0,0,0,4.1,47,589.8,0,0,27.2,71,29.3,21.5
2026-06-23T23:20:00+05:30,2026-06-23 23:20:00,0.6,3.5,18.3,48,0,0,0,4.1,47,589.8,0,0,27.2,71,29.3,21.5
2026-06-23T23:15:00+05:30,2026-06-23 23:15:00,0,5.5,18.3,63,0,0,0,4.1,47,589.8,0,0,27.2,71,29.3,21.5
2026-06-23T23:10:00+05:30,2026-06-23 23:10:00,0,0,18.3,47,0,0,0,4.1,47,589.8,0,0,27.3,71,29.4,21.6
2026-06-23T23:05:00+05:30,2026-06-23 23:05:00,0,0,18.3,54,0,0,0,4.1,47,589.8,0,0,27.3,71,29.4,21.6
2026-06-23T23:00:00+05:30,2026-06-23 23:00:00,0.6,3.5,18.3,65,0,0,0,4.1,47,589.8,0,0,27.3,71,29.4,21.6
2026-06-23T22:56:00+05:30,2026-06-23 22:56:00,0.3,5.5,18.3,68,0,0,0,4.1,47,589.8,0,0,27.3,71,29.4,21.6
2026-06-23T22:50:00+05:30,2026-06-23 22:50:00,2.1,9.3,18.3,43,0,0,0,4.1,47,589.8,0,0,27.3,71,29.4,21.6
2026-06-23T22:45:00+05:30,2026-06-23 22:45:00,0,1.8,18.3,66,0,0,0,4.1,47,589.8,0,0,27.4,71,29.6,21.7
2026-06-23T22:40:00+05:30,2026-06-23 22:40:00,1.4,7.2,18.3,58,0,0,0,4.1,47,589.8,0,0,27.4,71,29.6,21.7
2026-06-23T22:35:00+05:30,2026-06-23 22:35:00,1.1,3.5,18.3,55,0,0,0,4.1,47,589.8,0,0,27.4,71,29.6,21.7
2026-06-23T22:30:00+05:30,2026-06-23 22:30:00,0,11.1,18.3,75,0,0,0,4.1,47,589.8,0,0,27.5,71,29.8,21.8
2026-06-23T22:25:00+05:30,2026-06-23 22:25:00,1.4,7.2,18.3,56,0,0,0,4.1,47,589.8,0,0,27.4,71,29.6,21.7
2026-06-23T22:20:00+05:30,2026-06-23 22:20:00,0,3.5,18.3,60,0,0,0,4.1,47,589.8,0,0,27.5,71,29.8,21.8
2026-06-23T22:15:00+05:30,2026-06-23 22:15:00,0.6,7.2,18.3,63,0,0,0,4.1,47,589.8,0,0,27.4,71,29.6,21.7
2026-06-23T22:10:00+05:30,2026-06-23 22:10:00,0,3.5,18.3,57,0,0,0,4.1,47,589.8,0,0,27.5,71,29.8,21.8
2026-06-23T22:05:00+05:30,2026-06-23 22:05:00,0,0,18.3,49,0,0,0,4.1,47,589.8,0,0,27.5,71,29.8,21.8
2026-06-23T22:00:00+05:30,2026-06-23 22:00:00,0,1.8,18.3,53,0,0,0,4.1,47,589.8,0,0,27.5,71,29.8,21.8
2026-06-23T21:55:00+05:30,2026-06-23 21:55:00,0,0,18.3,51,0,0,0,4.1,47,589.8,0,0,27.5,71,29.8,21.8
2026-06-23T21:51:00+05:30,2026-06-23 21:51:00,0,0,18.3,50,0,0,0,4.1,47,589.8,0,0,27.5,71,29.8,21.8
2026-06-23T21:45:00+05:30,2026-06-23 21:45:00,0.3,1.8,18.3,58,0,0,0,4.1,47,589.8,0,0,27.6,71,30.1,21.9
2026-06-23T21:40:00+05:30,2026-06-23 21:40:00,0.3,5.5,18.3,50,0,0,0,4.1,47,589.8,0,0,27.6,71,30.1,21.9
2026-06-23T21:35:00+05:30,2026-06-23 21:35:00,0,3.5,18.3,55,0,0,0,4.1,47,589.8,0,0,27.6,71,30.1,21.9
2026-06-23T21:30:00+05:30,2026-06-23 21:30:00,0,3.5,18.3,55,0,0,0,4.1,47,589.8,0,0,27.6,71,30.1,21.9
2026-06-23T21:25:00+05:30,2026-06-23 21:25:00,0,3.5,18.3,44,0,0,0,4.1,47,589.8,0,0,27.7,71,30.3,21.9
2026-06-23T21:21:00+05:30,2026-06-23 21:21:00,3.5,7.2,18.3,60,0,0,0,4.1,47,589.8,0,0,27.7,71,30.3,21.9
2026-06-23T21:15:00+05:30,2026-06-23 21:15:00,0.3,3.5,18.3,62,0,0,0,4.1,47,589.8,0,0,27.7,71,30.3,21.9
2026-06-23T21:10:00+05:30,2026-06-23 21:10:00,0,0,18.3,50,0,0,0,4.1,47,589.8,0,0,27.7,71,30.3,21.9
2026-06-23T21:05:00+05:30,2026-06-23 21:05:00,0,0,18.3,34,0,0,0,4.1,47,589.8,0,0,27.7,71,30.3,21.9
2026-06-23T21:00:00+05:30,2026-06-23 21:00:00,0,0,18.3,53,0,0,0,4.1,47,589.8,0,0,27.7,71,30.3,21.9
2026-06-23T20:55:00+05:30,2026-06-23 20:55:00,0,1.8,18.3,55,0,0,0,4.1,47,589.8,0,0,27.8,71,30.4,22
2026-06-23T20:50:00+05:30,2026-06-23 20:50:00,0,0,18.3,50,0,0,0,4.1,47,589.8,0,0,27.8,71,30.4,22
2026-06-23T20:46:00+05:30,2026-06-23 20:46:00,0,9.3,18.3,53,0,0,0,4.1,47,589.8,0,0,27.8,71,30.4,22
2026-06-23T20:40:00+05:30,2026-06-23 20:40:00,0.3,1.8,18.3,83,0,0,0,4.1,47,589.8,0,0,27.8,71,30.4,22
2026-06-23T20:35:00+05:30,2026-06-23 20:35:00,0,5.5,18.3,56,0,0,0,4.1,47,589.8,0,0,27.9,71,30.6,22.1
2026-06-23T20:30:00+05:30,2026-06-23 20:30:00,0,9.3,18.3,48,0,0,0,4.1,47,589.8,0,0,27.9,71,30.6,22.1
2026-06-23T20:25:00+05:30,2026-06-23 20:25:00,1.1,5.5,18.3,66,0,0,0,4.1,47,589.8,0,0,27.9,71,30.6,22.1
2026-06-23T20:20:00+05:30,2026-06-23 20:20:00,0,1.8,18.3,50,0,0,0,4.1,47,589.8,0,0,28,71,30.8,22.2
2026-06-23T20:15:00+05:30,2026-06-23 20:15:00,0,0,18.3,64,0,0,0,4.1,47,589.8,0,0,28,71,30.8,22.2
2026-06-23T20:10:00+05:30,2026-06-23 20:10:00,0,0,18.3,66,0,0,0,4.1,47,589.8,0,0,28,71,30.8,22.2
2026-06-23T20:05:00+05:30,2026-06-23 20:05:00,0,5.5,18.3,64,0,0,0,4.1,47,589.8,0,0,28,71,30.8,22.2
2026-06-23T20:00:00+05:30,2026-06-23 20:00:00,0,0,18.3,62,0,0,0,4.1,47,589.8,0,0,28.1,71,31,22.3
2026-06-23T19:55:00+05:30,2026-06-23 19:55:00,0,0,18.3,52,0,0,0,4.1,47,589.8,0,0,28.1,71,31,22.3
2026-06-23T19:50:00+05:30,2026-06-23 19:50:00,0,0,18.3,45,0,0,0,4.1,47,589.8,0,0,28.1,71,31,22.3
2026-06-23T19:45:00+05:30,2026-06-23 19:45:00,0,0,18.3,52,0,0,0,4.1,47,589.8,0,0,28.1,71,31,22.3
2026-06-23T19:40:00+05:30,2026-06-23 19:40:00,0,0,18.3,58,0,0,0,4.1,47,589.8,0,0,28.1,71,31,22.3
2026-06-23T19:35:00+05:30,2026-06-23 19:35:00,0,0,18.3,45,0,0,0,4.1,47,589.8,0,0,28.1,71,31,22.3
2026-06-23T19:30:00+05:30,2026-06-23 19:30:00,0,0,18.3,50,0,0,0,4.1,47,589.8,0,0,28.2,71,31.2,22.4
2026-06-23T19:26:00+05:30,2026-06-23 19:26:00,0,0,18.3,53,0,0,0,4.1,47,589.8,0,0,28.2,71,31.2,22.4
2026-06-23T19:20:00+05:30,2026-06-23 19:20:00,0,0,18.3,50,0,0,0,4.1,47,589.8,0,0,28.2,71,31.2,22.4
2026-06-23T19:15:00+05:30,2026-06-23 19:15:00,0,5.5,18.3,49,0,0,0,4.1,47,589.8,0,0,28.2,71,31.2,22.4
2026-06-23T19:10:00+05:30,2026-06-23 19:10:00,0,5.5,18.3,60,0,0,0,4.1,47,589.8,0,0,28.3,71,31.4,22.5
2026-06-23T19:05:00+05:30,2026-06-23 19:05:00,0,5.5,18.3,62,0,0,0,4.1,47,589.8,0,0,28.3,71,31.4,22.5
2026-06-23T19:00:00+05:30,2026-06-23 19:00:00,0,3.5,18.3,55,0,0,0,4.1,47,589.8,0,0,28.3,71,31.4,22.5
2026-06-23T18:55:00+05:30,2026-06-23 18:55:00,1.8,3.5,18.3,72,0,0,0,4.1,47,589.8,0,0,28.3,71,31.4,22.5
2026-06-23T18:50:00+05:30,2026-06-23 18:50:00,0,5.5,18.3,53,0,0,0,4.1,47,589.8,0,0,28.4,71,31.6,22.6
2026-06-23T18:45:00+05:30,2026-06-23 18:45:00,0,0,18.3,52,0,0,0,4.1,47,589.8,0,0,28.4,71,31.6,22.6
2026-06-23T18:40:00+05:30,2026-06-23 18:40:00,0,1.8,18.3,60,0,0,0,4.1,47,589.8,0,0.1,28.4,71,31.6,22.6
2026-06-23T18:35:00+05:30,2026-06-23 18:35:00,0.6,1.8,18.3,58,0,0,0,4.1,47,589.8,0,0.2,28.4,71,31.6,22.6
2026-06-23T18:30:00+05:30,2026-06-23 18:30:00,0,5.5,18.3,54,0,0,0,4.1,47,589.8,0,0.7,28.4,71,31.6,22.6
2026-06-23T18:25:00+05:30,2026-06-23 18:25:00,0,1.8,18.3,52,0,0,0,4.1,47,589.8,0,1.3,28.4,71,31.6,22.6
2026-06-23T18:21:00+05:30,2026-06-23 18:21:00,0,0,18.3,36,0,0,0,4.1,47,589.8,0,2.1,28.5,71,31.8,22.7
2026-06-23T18:15:00+05:30,2026-06-23 18:15:00,0,1.8,18.3,55,0,0,0,4.1,47,589.8,0,3.1,28.5,71,31.8,22.7
2026-06-23T18:10:00+05:30,2026-06-23 18:10:00,0,0,18.3,49,0,0,0,4.1,47,589.8,0,5.5,28.5,70,31.7,22.5
2026-06-23T18:05:00+05:30,2026-06-23 18:05:00,0,5.5,18.3,53,0,0,0,4.1,47,589.8,0,9.3,28.5,70,31.7,22.5
2026-06-23T18:00:00+05:30,2026-06-23 18:00:00,0,9.3,18.3,49,0,0,0,4.1,47,589.8,0,12.9,28.6,71,32.1,22.8
2026-06-23T17:55:00+05:30,2026-06-23 17:55:00,2.1,7.2,18.3,68,0,0,0,4.1,47,589.8,0,17.5,28.7,71,32.3,22.9
2026-06-23T17:50:00+05:30,2026-06-23 17:50:00,0.6,9.3,18.3,60,0,0,0,4.1,47,589.8,0,23.4,28.7,71,32.3,22.9
2026-06-23T17:45:00+05:30,2026-06-23 17:45:00,6.1,7.2,18.3,57,0,0,0,4.1,47,589.8,0,27.6,28.8,71,32.4,23
2026-06-23T17:40:00+05:30,2026-06-23 17:40:00,0,0,18.3,55,0,0,0,4.1,47,589.8,0,30.1,28.8,70,32.2,22.7
2026-06-23T17:35:00+05:30,2026-06-23 17:35:00,0,7.2,18.3,57,0,0,0,4.1,47,589.8,0,37.3,28.8,70,32.2,22.7
2026-06-23T17:30:00+05:30,2026-06-23 17:30:00,0,5.5,18.3,53,0,0,0,4.1,47,589.8,0,32.1,28.8,70,32.2,22.7
2026-06-23T17:25:00+05:30,2026-06-23 17:25:00,2.9,13,18.3,47,0,0,0,4.1,47,589.8,0,47.5,28.8,70,32.2,22.7
2026-06-23T17:20:00+05:30,2026-06-23 17:20:00,0.3,3.5,18.3,101,0,0,0,4.1,47,589.8,0,55.8,28.9,70,32.5,22.8
2026-06-23T17:15:00+05:30,2026-06-23 17:15:00,3.5,9.3,18.3,65,0,0,0,4.1,47,589.8,0,61.6,28.9,70,32.5,22.8
2026-06-23T17:10:00+05:30,2026-06-23 17:10:00,0,0,18.3,59,0,0,0,4.1,47,589.8,0,66.6,28.9,70,32.5,22.8
2026-06-23T17:05:00+05:30,2026-06-23 17:05:00,8.2,11.1,18.3,64,0,0,0,4.1,47,589.8,0,75.3,29,70,32.7,22.9
2026-06-23T17:01:00+05:30,2026-06-23 17:01:00,0,0,18.3,76,0,0,0,4.1,47,589.8,0,84.3,29,70,32.7,22.9
2026-06-23T16:55:00+05:30,2026-06-23 16:55:00,1.4,9.3,18.3,47,0,0,0,4.1,47,589.8,0,96.5,29,69,32.6,22.7
2026-06-23T16:50:00+05:30,2026-06-23 16:50:00,7.2,11.1,18.3,80,0,0,0,4.1,47,589.8,0,91.9,29.1,69,32.8,22.8
2026-06-23T16:45:00+05:30,2026-06-23 16:45:00,1.4,3.5,18.3,60,0,0,0,4.1,47,589.8,0,94.3,29.1,69,32.8,22.8
2026-06-23T16:40:00+05:30,2026-06-23 16:40:00,0,3.5,18.3,73,0,0,0,4.1,47,589.8,1,108.3,29.1,69,32.8,22.8
2026-06-23T16:35:00+05:30,2026-06-23 16:35:00,7.2,9.3,18.3,62,0,0,0,4.1,47,589.8,1,114.6,29.1,69,32.8,22.8
2026-06-23T16:30:00+05:30,2026-06-23 16:30:00,0,7.2,18.3,50,0,0,0,4.1,47,589.8,1,138.7,29.1,69,32.8,22.8
2026-06-23T16:25:00+05:30,2026-06-23 16:25:00,0,0,18.3,51,0,0,0,4.1,47,589.8,1,141.1,29.1,69,32.8,22.8
2026-06-23T16:20:00+05:30,2026-06-23 16:20:00,0,1.8,18.3,53,0,0,0,4.1,47,589.8,1,159.6,29.1,69,32.8,22.8
2026-06-23T16:15:00+05:30,2026-06-23 16:15:00,1.8,7.2,18.3,82,0,4.1,0,4.1,47,589.8,1,171.3,29,69,32.6,22.7
2026-06-23T16:10:00+05:30,2026-06-23 16:10:00,9.3,13,18.3,55,0,4.1,0,4.1,47,589.8,1,175.6,29,69,32.6,22.7
2026-06-23T16:05:00+05:30,2026-06-23 16:05:00,0.3,5.5,18.3,46,0,4.1,0,4.1,47,589.8,1,184.7,29,69,32.6,22.7
2026-06-23T16:00:00+05:30,2026-06-23 16:00:00,7.6,11.1,18.3,76,0,4.1,0,4.1,47,589.8,2,223.8,29,69,32.6,22.7
2026-06-23T15:56:00+05:30,2026-06-23 15:56:00,1.4,1.8,18.3,84,0,4.1,0,4.1,47,589.8,2,260.6,29,69,32.6,22.7
2026-06-23T15:50:00+05:30,2026-06-23 15:50:00,0.3,5.5,18.3,49,0,4.1,0,4.1,47,589.8,2,224.6,29,69,32.6,22.7
2026-06-23T15:45:00+05:30,2026-06-23 15:45:00,6.1,7.2,18.3,71,0,4.1,0,4.1,47,589.8,1,179,29,69,32.6,22.7
2026-06-23T15:40:00+05:30,2026-06-23 15:40:00,4,7.2,18.3,76,0,4.1,0,4.1,47,589.8,2,240,29,69,32.6,22.7
2026-06-23T15:35:00+05:30,2026-06-23 15:35:00,4,11.1,18.3,58,0,4.1,0,4.1,47,589.8,2,245,29,68,32.4,22.5
2026-06-23T15:30:00+05:30,2026-06-23 15:30:00,3.5,18.3,18.3,49,0,4.1,0,4.1,47,589.8,1,194.5,29,69,32.6,22.7
2026-06-23T15:25:00+05:30,2026-06-23 15:25:00,1.4,11.1,18.3,61,0,4.1,0,4.1,47,589.8,2,214.2,29,69,32.6,22.7
2026-06-23T15:20:00+05:30,2026-06-23 15:20:00,1.4,3.5,18.3,77,0,4.1,0,4.1,47,589.8,2,240.1,29,70,32.7,22.9
2026-06-23T15:15:00+05:30,2026-06-23 15:15:00,2.6,11.1,18.3,72,0,4.1,0,4.1,47,589.8,2,243.8,29,70,32.7,22.9
2026-06-23T15:10:00+05:30,2026-06-23 15:10:00,2.9,7.2,18.3,49,0,4.1,0,4.1,47,589.8,2,285.9,28.9,70,32.5,22.8
2026-06-23T15:05:00+05:30,2026-06-23 15:05:00,1.4,5.5,18.3,61,0,4.1,0,4.1,47,589.8,2,253.5,28.9,70,32.5,22.8
2026-06-23T15:00:00+05:30,2026-06-23 15:00:00,1.4,9.3,18.3,49,0,4.1,0,4.1,47,589.8,3,334.5,28.8,69,32.1,22.5
2026-06-23T14:55:00+05:30,2026-06-23 14:55:00,0,3.5,18.3,58,0,4.1,0,4.1,47,589.8,4,441,28.8,69,32.1,22.5
2026-06-23T14:50:00+05:30,2026-06-23 14:50:00,4.7,9.3,18.3,49,0,4.1,0,4.1,47,589.8,2,257.4,28.8,69,32.1,22.5
2026-06-23T14:45:00+05:30,2026-06-23 14:45:00,5.5,18.3,18.3,68,0,4.1,0,4.1,47,589.8,4,434.8,28.7,70,32.1,22.7
2026-06-23T14:40:00+05:30,2026-06-23 14:40:00,5,9.3,16.6,75,0,4.1,0,4.1,47,589.8,3,378.7,28.7,70,32.1,22.7
2026-06-23T14:35:00+05:30,2026-06-23 14:35:00,0,1.8,16.6,40,0,4.1,0,4.1,47,589.8,2,280.6,28.7,70,32.1,22.7
2026-06-23T14:30:00+05:30,2026-06-23 14:30:00,3.2,9.3,16.6,69,0,4.1,0,4.1,47,589.8,3,331.5,28.6,70,31.9,22.6
2026-06-23T14:25:00+05:30,2026-06-23 14:25:00,0,9.3,16.6,65,0,4.1,0,4.1,47,589.8,3,385.3,28.6,70,31.9,22.6
2026-06-23T14:20:00+05:30,2026-06-23 14:20:00,0,3.5,16.6,67,0,4.1,0,4.1,47,589.8,3,346.6,28.6,70,31.9,22.6
2026-06-23T14:15:00+05:30,2026-06-23 14:15:00,2.1,9.3,16.6,65,0,4.1,0,4.1,47,589.8,3,328.6,28.6,70,31.9,22.6
2026-06-23T14:10:00+05:30,2026-06-23 14:10:00,0,7.2,16.6,48,0,4.1,0,4.1,47,589.8,3,329.3,28.6,70,31.9,22.6
2026-06-23T14:05:00+05:30,2026-06-23 14:05:00,0.3,3.5,16.6,70,0,4.1,0,4.1,47,589.8,3,409.6,28.6,70,31.9,22.6
2026-06-23T14:00:00+05:30,2026-06-23 14:00:00,0,7.2,16.6,48,0,4.1,0,4.1,47,589.8,3,369.3,28.6,70,31.9,22.6
2026-06-23T13:55:00+05:30,2026-06-23 13:55:00,2.6,7.2,16.6,74,0,4.1,0,4.1,47,589.8,5,594.4,28.5,71,31.8,22.7
2026-06-23T13:50:00+05:30,2026-06-23 13:50:00,0.3,11.1,16.6,66,0,4.1,0,4.1,47,589.8,4,476.7,28.4,71,31.6,22.6
2026-06-23T13:45:00+05:30,2026-06-23 13:45:00,0.6,5.5,16.6,48,0,4.1,0,4.1,47,589.8,4,440.9,28.4,71,31.6,22.6
2026-06-23T13:40:00+05:30,2026-06-23 13:40:00,0,1.8,16.6,56,0,4.1,0,4.1,47,589.8,3,372.5,28.3,71,31.4,22.5
2026-06-23T13:35:00+05:30,2026-06-23 13:35:00,3.2,5.5,16.6,83,0,4.1,0,4.1,47,589.8,3,350.7,28.2,71,31.2,22.4
2026-06-23T13:31:00+05:30,2026-06-23 13:31:00,4,9.3,16.6,103,0,4.1,0,4.1,47,589.8,3,383.2,28.2,71,31.2,22.4
2026-06-23T13:25:00+05:30,2026-06-23 13:25:00,3.2,13,16.6,72,0,4.1,0,4.1,47,589.8,4,438.2,28.1,71,31,22.3
2026-06-23T13:20:00+05:30,2026-06-23 13:20:00,7.2,13,16.6,85,0,4.1,0,4.1,47,589.8,4,427.7,28.1,71,31,22.3
2026-06-23T13:15:00+05:30,2026-06-23 13:15:00,9.3,13,16.6,65,0,4.1,0,4.1,47,589.8,4,465.8,28,70,30.7,22
2026-06-23T13:10:00+05:30,2026-06-23 13:10:00,2.9,9.3,16.6,66,0,4.1,0,4.1,47,589.8,3,325,28,70,30.7,22
2026-06-23T13:05:00+05:30,2026-06-23 13:05:00,3.5,14.8,16.6,68,0,4.1,0,4.1,47,589.8,1,201.8,28,70,30.7,22
2026-06-23T13:00:00+05:30,2026-06-23 13:00:00,4,7.2,16.6,87,0,4.1,0,4.1,47,589.8,1,170.8,28,70,30.7,22
2026-06-23T12:55:00+05:30,2026-06-23 12:55:00,1.4,5.5,16.6,52,0,4.1,0,4.1,47,589.8,2,217.8,28,70,30.7,22
2026-06-23T12:50:00+05:30,2026-06-23 12:50:00,9.3,11.1,16.6,92,0,4.1,0,4.1,47,589.8,2,289.2,28,71,30.8,22.2
2026-06-23T12:45:00+05:30,2026-06-23 12:45:00,10.8,13,16.6,76,0,4.1,0,4.1,47,589.8,3,377.4,27.9,71,30.6,22.1
2026-06-23T12:40:00+05:30,2026-06-23 12:40:00,3.2,5.5,16.6,53,0,4.1,0,4.1,47,589.8,2,273.8,27.9,71,30.6,22.1
2026-06-23T12:35:00+05:30,2026-06-23 12:35:00,2.1,9.3,16.6,211,0,4.1,0,4.1,47,589.8,3,314.1,27.9,71,30.6,22.1
2026-06-23T12:30:00+05:30,2026-06-23 12:30:00,7.9,9.3,16.6,86,0,4.1,0,4.1,47,589.8,3,371.7,27.9,72,30.7,22.4
2026-06-23T12:26:00+05:30,2026-06-23 12:26:00,1.1,13,16.6,71,0,4.1,0,4.1,47,589.8,2,277.2,27.8,71,30.4,22
2026-06-23T12:20:00+05:30,2026-06-23 12:20:00,7.9,13,16.6,55,0,4.1,0,4.1,47,589.8,3,384.6,27.8,71,30.4,22
2026-06-23T12:15:00+05:30,2026-06-23 12:15:00,0,7.2,16.6,129,0,4.1,0,4.1,47,589.8,3,375.4,27.8,71,30.4,22
2026-06-23T12:10:00+05:30,2026-06-23 12:10:00,0,14.8,16.6,75,0,4.1,0,4.1,47,589.8,3,370.9,27.8,71,30.4,22
2026-06-23T12:05:00+05:30,2026-06-23 12:05:00,4,7.2,16.6,66,0,4.1,0,4.1,47,589.8,4,446.1,27.7,71,30.3,21.9
2026-06-23T12:00:00+05:30,2026-06-23 12:00:00,1.4,5.5,16.6,64,0,4.1,0,4.1,47,589.8,5,606.7,27.6,72,30.2,22.1
2026-06-23T11:55:00+05:30,2026-06-23 11:55:00,3.2,9.3,16.6,49,0,4.1,0,4.1,47,589.8,7,759.5,27.5,71,29.8,21.8
2026-06-23T11:50:00+05:30,2026-06-23 11:50:00,2.9,11.1,16.6,59,0,4.1,0,4.1,47,589.8,6,686.8,27.5,72,29.9,22
2026-06-23T11:45:00+05:30,2026-06-23 11:45:00,5,7.2,16.6,39,0,4.1,0,4.1,47,589.8,6,653.4,27.4,72,29.7,21.9
2026-06-23T11:40:00+05:30,2026-06-23 11:40:00,2.9,3.5,16.6,128,0,4.1,0,4.1,47,589.8,5,576.9,27.4,72,29.7,21.9
2026-06-23T11:35:00+05:30,2026-06-23 11:35:00,0.3,5.5,16.6,77,0,4.1,0,4.1,47,589.8,4,466.8,27.4,72,29.7,21.9
2026-06-23T11:30:00+05:30,2026-06-23 11:30:00,1.4,11.1,16.6,58,0,4.1,0,4.1,47,589.8,4,497.8,27.4,72,29.7,21.9
2026-06-23T11:25:00+05:30,2026-06-23 11:25:00,5.8,13,16.6,70,0,4.1,0,4.1,47,589.8,3,343,27.3,73,29.6,22
2026-06-23T11:21:00+05:30,2026-06-23 11:21:00,1.8,5.5,16.6,59,0,4.1,0,4.1,47,589.8,4,451.2,27.3,73,29.6,22
2026-06-23T11:15:00+05:30,2026-06-23 11:15:00,1.4,3.5,16.6,43,0,4.1,0,4.1,47,589.8,3,381.7,27.3,74,29.7,22.2
2026-06-23T11:10:00+05:30,2026-06-23 11:10:00,4,9.3,16.6,64,0,4.1,0,4.1,47,589.8,4,461.8,27.2,74,29.6,22.2
2026-06-23T11:05:00+05:30,2026-06-23 11:05:00,3.2,5.5,16.6,68,0,4.1,0,4.1,47,589.8,4,420.5,27.1,74,29.4,22.1
2026-06-23T11:00:00+05:30,2026-06-23 11:00:00,4.3,11.1,16.6,81,0,4.1,0,4.1,47,589.8,3,381.6,27.1,75,29.5,22.3
2026-06-23T10:55:00+05:30,2026-06-23 10:55:00,0.3,7.2,16.6,133,0,4.1,0,4.1,47,589.8,3,324.5,27,75,29.3,22.2
2026-06-23T10:50:00+05:30,2026-06-23 10:50:00,0,9.3,16.6,61,0,4.1,0,4.1,47,589.8,3,328.4,27,75,29.3,22.2
2026-06-23T10:45:00+05:30,2026-06-23 10:45:00,0.3,1.8,16.6,49,0,4.1,0,4.1,47,589.8,3,351.7,27,75,29.3,22.2
2026-06-23T10:40:00+05:30,2026-06-23 10:40:00,6.4,9.3,16.6,70,0,4.1,0,4.1,47,589.8,4,430.9,26.9,74,29,21.8
2026-06-23T10:35:00+05:30,2026-06-23 10:35:00,1.4,5.5,16.6,66,0,4.1,0,4.1,47,589.8,2,262.5,26.9,75,29.1,22.1
2026-06-23T10:30:00+05:30,2026-06-23 10:30:00,0.6,9.3,16.6,58,0,4.1,0,4.1,47,589.8,1,134.8,26.9,75,29.1,22.1
2026-06-23T10:25:00+05:30,2026-06-23 10:25:00,9.3,13,13,64,0,4.1,0,4.1,47,589.8,1,158.8,26.8,75,28.8,21.9
2026-06-23T10:20:00+05:30,2026-06-23 10:20:00,0,5.5,13,52,0,4.1,0,4.1,47,589.8,3,324.8,26.8,75,28.8,21.9
2026-06-23T10:16:00+05:30,2026-06-23 10:16:00,0,9.3,13,51,0,4.1,0,4.1,47,589.8,2,251.2,26.7,75,28.8,21.9
2026-06-23T10:10:00+05:30,2026-06-23 10:10:00,0,9.3,13,35,0,4.1,0,4.1,47,589.8,2,304.2,26.7,75,28.8,21.9
2026-06-23T10:05:00+05:30,2026-06-23 10:05:00,2.9,11.1,13,68,0,4.1,0,4.1,47,589.8,4,459.1,26.7,75,28.8,21.9
2026-06-23T10:00:00+05:30,2026-06-23 10:00:00,5,9.3,13,57,0,4.1,0,4.1,47,589.8,3,346.5,26.7,75,28.8,21.9
2026-06-23T09:55:00+05:30,2026-06-23 09:55:00,3.5,5.5,13,63,0,4.1,0,4.1,47,589.8,3,371.8,26.6,75,27.3,21.8
2026-06-23T09:50:00+05:30,2026-06-23 09:50:00,5.5,11.1,13,101,0,4.1,0,4.1,47,589.8,4,416.5,26.6,75,27.3,21.8
2026-06-23T09:45:00+05:30,2026-06-23 09:45:00,0,11.1,13,37,0,4.1,0,4.1,47,589.8,2,302.9,26.5,74,27.1,21.5
2026-06-23T09:40:00+05:30,2026-06-23 09:40:00,0,0,13,54,0,4.1,0,4.1,47,589.8,2,259.1,26.5,74,27.1,21.5
2026-06-23T09:36:00+05:30,2026-06-23 09:36:00,6.1,11.1,13,68,0,4.1,0,4.1,47,589.8,2,243.2,26.5,75,27.2,21.7
2026-06-19T15:55:00+05:30,2026-06-19 15:55:00,0,0,18.3,35,0,4.3,4.3,4.6,42.9,585.7,1,166.3,29.8,66,33.6,22.7
2026-06-19T15:50:00+05:30,2026-06-19 15:50:00,0.3,5.5,18.3,43,0,4.3,4.3,4.6,42.9,585.7,1,175.4,29.7,66,33.5,22.7
2026-06-19T15:45:00+05:30,2026-06-19 15:45:00,9.3,13,18.3,85,0,4.3,4.3,4.6,42.9,585.7,1,181.7,29.8,66,33.6,22.7
2026-06-19T15:40:00+05:30,2026-06-19 15:40:00,5.5,5.5,18.3,75,0,4.3,4.3,4.6,42.9,585.7,1,192.8,29.8,66,33.6,22.7
2026-06-19T15:35:00+05:30,2026-06-19 15:35:00,10.5,13,18.3,76,0,4.3,4.3,4.6,42.9,585.7,2,258.1,29.8,66,33.6,22.7
2026-06-19T15:30:00+05:30,2026-06-19 15:30:00,0.6,7.2,18.3,56,0,4.3,4.3,4.6,42.9,585.7,3,323.4,29.8,66,33.6,22.7
2026-06-19T15:25:00+05:30,2026-06-19 15:25:00,0,9.3,18.3,67,0,4.3,4.3,4.6,42.9,585.7,2,212.5,29.8,66,33.6,22.7
2026-06-19T15:20:00+05:30,2026-06-19 15:20:00,3.5,7.2,18.3,60,0,4.3,4.3,4.6,42.9,585.7,1,191.3,29.8,66,33.6,22.7
2026-06-19T15:15:00+05:30,2026-06-19 15:15:00,0,5.5,18.3,66,0,4.3,4.3,4.6,42.9,585.7,1,153.9,29.8,66,33.6,22.7
2026-06-19T15:10:00+05:30,2026-06-19 15:10:00,0,7.2,18.3,22,0,4.3,4.3,4.6,42.9,585.7,1,115,29.8,66,33.6,22.7
2026-06-19T15:05:00+05:30,2026-06-19 15:05:00,2.9,9.3,18.3,55,0,4.3,4.3,4.6,42.9,585.7,0,94.2,29.8,66,33.6,22.7
2026-06-19T15:00:00+05:30,2026-06-19 15:00:00,0,5.5,18.3,66,0,4.3,4.3,4.6,42.9,585.7,1,111.8,29.8,66,33.6,22.7
2026-06-19T14:55:00+05:30,2026-06-19 14:55:00,0.3,3.5,18.3,55,0,4.3,4.3,4.6,42.9,585.7,1,122.9,29.7,66,33.5,22.7
2026-06-19T14:50:00+05:30,2026-06-19 14:50:00,1.1,7.2,18.3,65,0,4.3,4.3,4.6,42.9,585.7,5,564,29.6,66,33.3,22.6
2026-06-19T14:46:00+05:30,2026-06-19 14:46:00,1.1,5.5,18.3,51,0,4.3,4.3,4.6,42.9,585.7,5,556.3,29.6,66,33.3,22.6
2026-06-19T14:40:00+05:30,2026-06-19 14:40:00,0.3,7.2,18.3,78,0,4.3,4.3,4.6,42.9,585.7,4,487,29.5,66,33.1,22.4
2026-06-19T14:35:00+05:30,2026-06-19 14:35:00,0,7.2,18.3,43,0,4.3,4.3,4.6,42.9,585.7,5,546.2,29.5,66,33.1,22.4
2026-06-19T14:30:00+05:30,2026-06-19 14:30:00,0.3,7.2,18.3,54,0,4.3,4.3,4.6,42.9,585.7,5,592,29.5,66,33.1,22.4
2026-06-19T14:25:00+05:30,2026-06-19 14:25:00,6.1,11.1,18.3,67,0,4.3,4.3,4.6,42.9,585.7,6,648.3,29.4,67,33,22.6
2026-06-19T14:20:00+05:30,2026-06-19 14:20:00,2.1,3.5,18.3,64,0,4.3,4.3,4.6,42.9,585.7,6,668.2,29.4,67,33,22.6
2026-06-19T14:15:00+05:30,2026-06-19 14:15:00,6.1,9.3,18.3,58,0,4.3,4.3,4.6,42.9,585.7,1,193.3,29.4,66,32.8,22.3
2026-06-19T14:10:00+05:30,2026-06-19 14:10:00,1.1,13,18.3,74,0,4.3,4.3,4.6,42.9,585.7,3,321.7,29.3,66,32.6,22.3
2026-06-19T14:05:00+05:30,2026-06-19 14:05:00,2.6,7.2,18.3,75,0,4.3,4.3,4.6,42.9,585.7,5,587.7,29.4,66,32.8,22.3
2026-06-19T14:00:00+05:30,2026-06-19 14:00:00,3.2,7.2,18.3,72,0,4.3,4.3,4.6,42.9,585.7,3,310.1,29.4,67,33,22.6
2026-06-19T13:55:00+05:30,2026-06-19 13:55:00,8.2,13,18.3,60,0,4.3,4.3,4.6,42.9,585.7,3,328.1,29.4,67,33,22.6
2026-06-19T13:50:00+05:30,2026-06-19 13:50:00,2.1,11.1,18.3,43,0,4.3,4.3,4.6,42.9,585.7,3,312,29.4,66,32.8,22.3
2026-06-19T13:45:00+05:30,2026-06-19 13:45:00,2.1,7.2,18.3,81,0,4.3,4.3,4.6,42.9,585.7,3,362.4,29.3,66,32.6,22.3
2026-06-19T13:41:00+05:30,2026-06-19 13:41:00,7.2,13,18.3,82,0,4.3,4.3,4.6,42.9,585.7,3,388.3,29.3,67,32.8,22.5
2026-06-19T13:35:00+05:30,2026-06-19 13:35:00,6.1,9.3,18.3,56,0,4.3,4.3,4.6,42.9,585.7,8,863.9,29.3,66,32.6,22.3
2026-06-19T13:30:00+05:30,2026-06-19 13:30:00,4.7,13,18.3,78,0,4.3,4.3,4.6,42.9,585.7,8,916.3,29.2,66,32.4,22.2
2026-06-19T13:25:00+05:30,2026-06-19 13:25:00,6.1,9.3,18.3,67,0,4.3,4.3,4.6,42.9,585.7,3,325.6,29.2,66,32.4,22.2
2026-06-19T13:20:00+05:30,2026-06-19 13:20:00,0,0,18.3,70,0,4.3,4.3,4.6,42.9,585.7,3,358.4,29.2,65,32.3,21.9
2026-06-19T13:15:00+05:30,2026-06-19 13:15:00,5.5,9.3,18.3,81,0,4.3,4.3,4.6,42.9,585.7,3,402.2,29.2,66,32.4,22.2
2026-06-19T13:10:00+05:30,2026-06-19 13:10:00,5.8,9.3,18.3,77,0,4.3,4.3,4.6,42.9,585.7,6,642.7,29.1,66,32.2,22.1
2026-06-19T13:05:00+05:30,2026-06-19 13:05:00,4.7,9.3,18.3,62,0,4.3,4.3,4.6,42.9,585.7,8,896.3,29,66,32,22
2026-06-19T13:00:00+05:30,2026-06-19 13:00:00,5,7.2,18.3,55,0,4.3,4.3,4.6,42.9,585.7,8,869.5,29,66,32,22
2026-06-19T12:55:00+05:30,2026-06-19 12:55:00,2.1,13,18.3,69,0,4.3,4.3,4.6,42.9,585.7,8,906.8,28.9,67,31.9,22.1
2026-06-19T12:50:00+05:30,2026-06-19 12:50:00,0,13,18.3,68,0,4.3,4.3,4.6,42.9,585.7,8,878.2,28.8,67,31.7,22
2026-06-19T12:45:00+05:30,2026-06-19 12:45:00,0.3,5.5,18.3,48,0,4.3,4.3,4.6,42.9,585.7,9,938.5,28.7,67,31.6,22
2026-06-19T12:40:00+05:30,2026-06-19 12:40:00,1.4,3.5,18.3,6,0,4.3,4.3,4.6,42.9,585.7,8,890,28.7,67,31.6,22
2026-06-19T12:36:00+05:30,2026-06-19 12:36:00,1.1,7.2,18.3,67,0,4.3,4.3,4.6,42.9,585.7,4,460.6,28.6,68,31.6,22.1
2026-06-19T12:30:00+05:30,2026-06-19 12:30:00,0.6,11.1,18.3,58,0,4.3,4.3,4.6,42.9,585.7,8,921.7,28.5,68,31.3,22
2026-06-19T12:25:00+05:30,2026-06-19 12:25:00,6.4,7.2,18.3,94,0,4.3,4.3,4.6,42.9,585.7,3,324.6,28.4,68,31.1,21.9
2026-06-19T12:20:00+05:30,2026-06-19 12:20:00,0,7.2,18.3,51,0,4.3,4.3,4.6,42.9,585.7,4,425.8,28.4,68,31.1,21.9
2026-06-19T12:15:00+05:30,2026-06-19 12:15:00,1.4,11.1,18.3,45,0,4.3,4.3,4.6,42.9,585.7,9,969.7,28.3,68,30.9,21.8
2026-06-19T12:10:00+05:30,2026-06-19 12:10:00,1.4,11.1,18.3,54,0,4.3,4.3,4.6,42.9,585.7,2,277.1,28.2,68,30.8,21.7
2026-06-19T12:05:00+05:30,2026-06-19 12:05:00,4.7,7.2,18.3,99,0,4.3,4.3,4.6,42.9,585.7,6,678.7,28.1,68,30.6,21.6
2026-06-19T12:00:00+05:30,2026-06-19 12:00:00,0,1.8,18.3,55,0,4.3,4.3,4.6,42.9,585.7,4,504,28.1,68,30.6,21.6
2026-06-19T11:55:00+05:30,2026-06-19 11:55:00,1.4,9.3,18.3,51,0,4.3,4.3,4.6,42.9,585.7,3,333.7,28,69,30.6,21.8
2026-06-19T11:50:00+05:30,2026-06-19 11:50:00,4.7,7.2,18.3,75,0,4.3,4.3,4.6,42.9,585.7,7,744.5,27.9,69,30.3,21.7
2026-06-19T11:45:00+05:30,2026-06-19 11:45:00,0,3.5,18.3,52,0,4.3,4.3,4.6,42.9,585.7,6,698.3,27.8,69,30.1,21.6
2026-06-19T11:40:00+05:30,2026-06-19 11:40:00,10.5,18.3,18.3,83,0,4.3,4.3,4.6,42.9,585.7,8,869.1,27.8,69,30.1,21.6
2026-06-19T11:35:00+05:30,2026-06-19 11:35:00,3.5,14.8,16.6,348,0,4.3,4.3,4.6,42.9,585.7,8,846.4,27.7,69,30,21.5
2026-06-19T11:31:00+05:30,2026-06-19 11:31:00,4,5.5,16.6,41,0,4.3,4.3,4.6,42.9,585.7,7,728.2,27.6,69,29.8,21.4
2026-06-19T11:25:00+05:30,2026-06-19 11:25:00,0.3,7.2,16.6,71,0,4.3,4.3,4.6,42.9,585.7,8,920.2,27.5,69,29.6,21.3
2026-06-19T11:20:00+05:30,2026-06-19 11:20:00,0,9.3,16.6,55,0,4.3,4.3,4.6,42.9,585.7,8,853.1,27.4,69,29.4,21.2
2026-06-19T11:15:00+05:30,2026-06-19 11:15:00,0.3,7.2,16.6,55,0,4.3,4.3,4.6,42.9,585.7,8,844.4,27.3,70,29.3,21.3
2026-06-19T11:10:00+05:30,2026-06-19 11:10:00,5.5,7.2,16.6,73,0,4.3,4.3,4.6,42.9,585.7,7,819.1,27.3,70,29.3,21.3
2026-06-19T11:05:00+05:30,2026-06-19 11:05:00,1.1,3.5,16.6,66,0,4.3,4.3,4.6,42.9,585.7,5,614.2,27.2,69,29.2,21
2026-06-19T11:00:00+05:30,2026-06-19 11:00:00,2.6,11.1,16.6,95,0,4.3,4.3,4.6,42.9,585.7,8,826,27.1,69,28.9,20.9
2026-06-19T10:55:00+05:30,2026-06-19 10:55:00,0,9.3,16.6,54,0,4.3,4.3,4.6,42.9,585.7,7,730.2,27.1,69,28.9,20.9
2026-06-19T10:50:00+05:30,2026-06-19 10:50:00,1.4,5.5,16.6,52,0,4.3,4.3,4.6,42.9,585.7,7,801.1,27,70,28.8,21.1
2026-06-19T10:45:00+05:30,2026-06-19 10:45:00,4.7,5.5,16.6,80,0,4.3,4.3,4.6,42.9,585.7,7,807,26.9,70,28.7,20.9
2026-06-19T10:40:00+05:30,2026-06-19 10:40:00,0,5.5,16.6,68,0,4.3,4.3,4.6,42.9,585.7,7,789.9,26.8,70,28.5,20.8
2026-06-19T10:35:00+05:30,2026-06-19 10:35:00,4,9.3,16.6,59,0,4.3,4.3,4.6,42.9,585.7,7,740.4,26.8,70,28.5,20.8
2026-06-19T10:30:00+05:30,2026-06-19 10:30:00,7.6,16.6,16.6,89,0,4.3,4.3,4.6,42.9,585.7,5,574.7,26.8,70,28.5,20.8
2026-06-19T10:25:00+05:30,2026-06-19 10:25:00,0.6,9.3,11.1,63,0,4.3,4.3,4.6,42.9,585.7,6,648.1,26.7,71,28.4,21
2026-06-19T10:20:00+05:30,2026-06-19 10:20:00,1.1,9.3,11.1,18,0,4.3,4.3,4.6,42.9,585.7,7,760.4,26.7,71,28.4,21
2026-06-19T10:15:00+05:30,2026-06-19 10:15:00,2.6,11.1,11.1,63,0,4.3,4.3,4.6,42.9,585.7,7,733.5,26.6,71,27.2,20.9
2026-06-19T10:11:00+05:30,2026-06-19 10:11:00,1.4,7.2,11.1,72,0,4.3,4.3,4.6,42.9,585.7,7,735.3,26.6,71,27.2,20.9
2026-06-19T10:05:00+05:30,2026-06-19 10:05:00,1.8,5.5,11.1,78,0,4.3,4.3,4.6,42.9,585.7,4,511.6,26.6,72,27.2,21.1
2026-06-19T10:00:00+05:30,2026-06-19 10:00:00,0,3.5,11.1,63,0,4.3,4.3,4.6,42.9,585.7,6,689,26.6,72,27.2,21.1
2026-06-19T09:55:00+05:30,2026-06-19 09:55:00,0,0,11.1,40,0,4.3,4.3,4.6,42.9,585.7,6,635.9,26.6,73,27.2,21.4
2026-06-19T09:50:00+05:30,2026-06-19 09:50:00,0,3.5,11.1,53,0,4.3,4.3,4.6,42.9,585.7,3,400.2,26.5,73,27.1,21.3
2026-06-19T09:45:00+05:30,2026-06-19 09:45:00,0.3,5.5,11.1,63,0,4.3,4.3,4.6,42.9,585.7,2,291.6,26.5,73,27.1,21.3
2026-06-19T09:40:00+05:30,2026-06-19 09:40:00,0,1.8,11.1,51,0,4.3,4.3,4.6,42.9,585.7,2,283.5,26.5,74,27.1,21.5
2026-06-19T09:35:00+05:30,2026-06-19 09:35:00,0,0,11.1,51,0,4.3,4.3,4.6,42.9,585.7,3,324.7,26.5,74,27.1,21.5
2026-06-19T09:30:00+05:30,2026-06-19 09:30:00,0,5.5,11.1,54,0,4.3,4.3,4.6,42.9,585.7,2,240.3,26.4,74,27,21.4
2026-06-19T09:25:00+05:30,2026-06-19 09:25:00,0,3.5,11.1,62,0,4.3,4.3,4.6,42.9,585.7,2,205.5,26.4,74,27,21.4
2026-06-19T09:20:00+05:30,2026-06-19 09:20:00,0.3,1.8,11.1,48,0,4.3,4.3,4.6,42.9,585.7,2,206.1,26.4,74,27,21.4
2026-06-19T09:15:00+05:30,2026-06-19 09:15:00,0.3,7.2,11.1,50,0,4.3,4.3,4.6,42.9,585.7,6,699.5,26.3,75,26.9,21.5
2026-06-19T09:10:00+05:30,2026-06-19 09:10:00,0,5.5,11.1,62,0,4.3,4.3,4.6,42.9,585.7,3,312.4,26.2,75,26.8,21.4
2026-06-19T09:06:00+05:30,2026-06-19 09:06:00,0,3.5,11.1,38,0,4.3,4.3,4.6,42.9,585.7,5,523.6,26.2,75,26.8,21.4
2026-06-19T09:00:00+05:30,2026-06-19 09:00:00,0,0,11.1,37,0,4.3,4.3,4.6,42.9,585.7,2,217.8,26.2,75,26.8,21.4
2026-06-19T08:55:00+05:30,2026-06-19 08:55:00,0,0,11.1,59,0,4.3,4.3,4.6,42.9,585.7,2,207.7,26.1,75,26.7,21.3
2026-06-19T08:50:00+05:30,2026-06-19 08:50:00,2.6,5.5,11.1,56,0,4.3,4.3,4.6,42.9,585.7,2,272,26.1,75,26.7,21.3
2026-06-19T08:45:00+05:30,2026-06-19 08:45:00,1.4,7.2,11.1,57,0,4.3,4.3,4.6,42.9,585.7,2,262.8,26,75,26.6,21.2
2026-06-19T08:40:00+05:30,2026-06-19 08:40:00,0,5.5,11.1,54,0,4.3,4.3,4.6,42.9,585.7,2,286.9,26,75,26.6,21.2
2026-06-19T08:35:00+05:30,2026-06-19 08:35:00,0,1.8,11.1,60,0,4.3,4.3,4.6,42.9,585.7,1,157.8,26,75,26.6,21.2
2026-06-19T08:30:00+05:30,2026-06-19 08:30:00,0,0,11.1,48,0,4.3,4.3,4.6,42.9,585.7,1,142.5,25.9,75,26.5,21.1
2026-06-19T08:25:00+05:30,2026-06-19 08:25:00,0.3,3.5,11.1,62,0,4.3,4.3,4.6,42.9,585.7,1,128.3,25.9,75,26.5,21.1
2026-06-19T08:20:00+05:30,2026-06-19 08:20:00,0.3,5.5,11.1,54,0,4.3,4.3,4.6,42.9,585.7,2,306.9,25.9,75,26.5,21.1
2026-06-19T08:15:00+05:30,2026-06-19 08:15:00,0,7.2,11.1,50,0,4.3,4.3,4.6,42.9,585.7,2,258,25.9,75,26.5,21.1
2026-06-19T08:10:00+05:30,2026-06-19 08:10:00,0,0,11.1,71,0,4.3,4.3,4.6,42.9,585.7,2,210.2,25.9,75,26.5,21.1
2026-06-19T08:05:00+05:30,2026-06-19 08:05:00,2.6,5.5,11.1,329,0,4.3,4.3,4.6,42.9,585.7,2,216.3,25.8,75,26.4,21
2026-06-19T08:01:00+05:30,2026-06-19 08:01:00,0,3.5,11.1,56,0,4.3,4.3,4.6,42.9,585.7,1,136.5,25.8,75,26.4,21
2026-06-19T07:55:00+05:30,2026-06-19 07:55:00,0,0,11.1,73,0,4.3,4.3,4.6,42.9,585.7,1,154.9,25.8,75,26.4,21
2026-06-19T07:50:00+05:30,2026-06-19 07:50:00,0,1.8,11.1,53,0,4.3,4.3,4.6,42.9,585.7,1,183.4,25.8,75,26.4,21
2026-06-19T07:45:00+05:30,2026-06-19 07:45:00,1.1,3.5,11.1,71,0,4.3,4.3,4.6,42.9,585.7,2,250.5,25.8,75,26.4,21
2026-06-19T07:40:00+05:30,2026-06-19 07:40:00,1.4,3.5,11.1,67,0,4.3,4.3,4.6,42.9,585.7,2,208.8,25.8,75,26.4,21
2026-06-19T07:35:00+05:30,2026-06-19 07:35:00,0.3,3.5,11.1,58,0,4.3,4.3,4.6,42.9,585.7,1,155.3,25.8,75,26.4,21
2026-06-19T07:30:00+05:30,2026-06-19 07:30:00,0,0,11.1,48,0,4.3,4.3,4.6,42.9,585.7,1,134.5,25.8,75,26.4,21
2026-06-19T07:25:00+05:30,2026-06-19 07:25:00,0,0,11.1,52,0,4.3,4.3,4.6,42.9,585.7,0,95.7,25.8,75,26.4,21
2026-06-19T07:20:00+05:30,2026-06-19 07:20:00,0,0,11.1,47,0,4.3,4.3,4.6,42.9,585.7,0,87.4,25.8,75,26.4,21
2026-06-19T07:15:00+05:30,2026-06-19 07:15:00,0,3.5,11.1,48,0,4.3,4.3,4.6,42.9,585.7,0,74.7,25.8,75,26.4,21
2026-06-19T07:10:00+05:30,2026-06-19 07:10:00,0.3,1.8,11.1,49,0,4.3,4.3,4.6,42.9,585.7,0,70.2,25.8,74,26.3,20.8
2026-06-19T07:05:00+05:30,2026-06-19 07:05:00,0,3.5,11.1,50,0,4.3,4.3,4.6,42.9,585.7,0,67.7,25.8,74,26.3,20.8
2026-06-19T07:00:00+05:30,2026-06-19 07:00:00,0.3,3.5,11.1,55,0,4.3,4.3,4.6,42.9,585.7,0,63.8,25.8,74,26.3,20.8
2026-06-19T06:55:00+05:30,2026-06-19 06:55:00,0,0,11.1,49,0,4.3,4.3,4.6,42.9,585.7,0,58,25.8,74,26.3,20.8
2026-06-19T06:50:00+05:30,2026-06-19 06:50:00,0,0,11.1,47,0,4.3,4.3,4.6,42.9,585.7,0,42.7,25.8,74,26.3,20.8
2026-06-19T06:45:00+05:30,2026-06-19 06:45:00,0,0,11.1,48,0,4.3,4.3,4.6,42.9,585.7,0,45.6,25.8,74,26.3,20.8
2026-06-19T06:41:00+05:30,2026-06-19 06:41:00,0,0,11.1,42,0,4.3,4.3,4.6,42.9,585.7,0,40.6,25.8,74,26.3,20.8
2026-06-19T06:35:00+05:30,2026-06-19 06:35:00,0,0,11.1,48,0,4.3,4.3,4.6,42.9,585.7,0,31.9,25.8,74,26.3,20.8
2026-06-19T06:30:00+05:30,2026-06-19 06:30:00,0,0,11.1,47,0,4.3,4.3,4.6,42.9,585.7,0,30.7,25.8,74,26.3,20.8
2026-06-19T06:25:00+05:30,2026-06-19 06:25:00,0,0,11.1,46,0,4.3,4.3,4.6,42.9,585.7,0,25.7,25.8,74,26.3,20.8
2026-06-19T06:20:00+05:30,2026-06-19 06:20:00,0,0,11.1,48,0,4.3,4.3,4.6,42.9,585.7,0,21.5,25.8,74,26.3,20.8
2026-06-19T06:15:00+05:30,2026-06-19 06:15:00,0,0,11.1,42,0,4.3,4.3,4.6,42.9,585.7,0,17.7,25.9,74,26.4,20.9
2026-06-19T06:10:00+05:30,2026-06-19 06:10:00,0,0,11.1,37,0,4.3,4.3,4.6,42.9,585.7,0,13.1,25.9,74,26.4,20.9
2026-06-19T06:05:00+05:30,2026-06-19 06:05:00,0,0,11.1,24,0,4.3,4.3,4.6,42.9,585.7,0,9.5,25.9,74,26.4,20.9
2026-06-19T06:00:00+05:30,2026-06-19 06:00:00,0,0,11.1,25,0,4.3,4.3,4.6,42.9,585.7,0,6.2,25.9,74,26.4,20.9
2026-06-19T05:55:00+05:30,2026-06-19 05:55:00,0,0,11.1,24,0,4.3,4.3,4.6,42.9,585.7,0,3.7,25.9,74,26.4,20.9
2026-06-19T05:50:00+05:30,2026-06-19 05:50:00,0,0,11.1,30,0,4.3,4.3,4.6,42.9,585.7,0,1.9,25.9,74,26.4,20.9
2026-06-19T05:45:00+05:30,2026-06-19 05:45:00,0,0,11.1,32,0,4.3,4.3,4.6,42.9,585.7,0,0.8,25.9,74,26.4,20.9
2026-06-19T05:40:00+05:30,2026-06-19 05:40:00,0,0,11.1,32,0,4.3,4.3,4.6,42.9,585.7,0,0.2,26,75,26.6,21.2
2026-06-19T05:36:00+05:30,2026-06-19 05:36:00,0,0,11.1,37,0,4.3,4.3,4.6,42.9,585.7,0,0.1,26,75,26.6,21.2
2026-06-19T05:30:00+05:30,2026-06-19 05:30:00,0,0,11.1,40,0,4.3,4.3,4.6,42.9,585.7,0,0,26,74,26.6,21
2026-06-19T05:25:00+05:30,2026-06-19 05:25:00,0,0,11.1,37,0,4.3,4.3,4.6,42.9,585.7,0,0,26,74,26.6,21
2026-06-19T05:20:00+05:30,2026-06-19 05:20:00,0,0,11.1,39,0,4.3,4.3,4.6,42.9,585.7,0,0,26,74,26.6,21
2026-06-19T05:15:00+05:30,2026-06-19 05:15:00,0,0,11.1,38,0,4.3,4.3,4.6,42.9,585.7,0,0,26,74,26.6,21
2026-06-19T05:10:00+05:30,2026-06-19 05:10:00,0,0,11.1,40,0,4.3,4.3,4.6,42.9,585.7,0,0,26,74,26.6,21
2026-06-19T05:05:00+05:30,2026-06-19 05:05:00,0,0,11.1,40,0,4.3,4.3,4.6,42.9,585.7,0,0,26,74,26.6,21
2026-06-19T05:00:00+05:30,2026-06-19 05:00:00,0,0,11.1,39,0,4.3,4.3,4.6,42.9,585.7,0,0,26,74,26.6,21
2026-06-19T04:55:00+05:30,2026-06-19 04:55:00,0,0,11.1,42,0,4.3,4.3,4.6,42.9,585.7,0,0,26,74,26.6,21
2026-06-19T04:50:00+05:30,2026-06-19 04:50:00,0,0,11.1,42,0,4.3,4.3,4.6,42.9,585.7,0,0,26,74,26.6,21
2026-06-19T04:45:00+05:30,2026-06-19 04:45:00,0,0,11.1,40,0,4.3,4.3,4.6,42.9,585.7,0,0,26,74,26.6,21
2026-06-19T04:40:00+05:30,2026-06-19 04:40:00,0,0,11.1,40,0,4.3,4.3,4.6,42.9,585.7,0,0,26,74,26.6,21
2026-06-19T04:35:00+05:30,2026-06-19 04:35:00,0,0,11.1,45,0,4.3,4.3,4.6,42.9,585.7,0,0,26,74,26.6,21
2026-06-19T04:31:00+05:30,2026-06-19 04:31:00,0,0,11.1,44,0,4.3,4.3,4.6,42.9,585.7,0,0,26,74,26.6,21
2026-06-19T04:25:00+05:30,2026-06-19 04:25:00,0,0,11.1,42,0,4.3,4.3,4.6,42.9,585.7,0,0,26,74,26.6,21
2026-06-19T04:20:00+05:30,2026-06-19 04:20:00,0,0,11.1,43,0,4.3,4.3,4.6,42.9,585.7,0,0,26,74,26.6,21
2026-06-19T04:15:00+05:30,2026-06-19 04:15:00,0,0,11.1,42,0,4.3,4.3,4.6,42.9,585.7,0,0,26,74,26.6,21
2026-06-19T04:10:00+05:30,2026-06-19 04:10:00,0,0,11.1,42,0,4.3,4.3,4.6,42.9,585.7,0,0,25.9,74,26.4,20.9
2026-06-19T04:05:00+05:30,2026-06-19 04:05:00,0,0,11.1,43,0,4.3,4.3,4.6,42.9,585.7,0,0,25.9,74,26.4,20.9
2026-06-19T04:00:00+05:30,2026-06-19 04:00:00,0,0,11.1,38,0,4.3,4.3,4.6,42.9,585.7,0,0,25.9,73,26.4,20.7
2026-06-19T03:55:00+05:30,2026-06-19 03:55:00,1.1,5.5,11.1,43,0,4.3,4.3,4.6,42.9,585.7,0,0,26.1,73,26.7,20.9
2026-06-19T03:50:00+05:30,2026-06-19 03:50:00,0,0,11.1,48,1.8,4.3,4.3,4.6,42.9,585.7,0,0,26.1,73,26.7,20.9
2026-06-19T03:45:00+05:30,2026-06-19 03:45:00,0,0,11.1,47,1.8,4.3,4.3,4.6,42.9,585.7,0,0,26.1,73,26.7,20.9
2026-06-19T03:40:00+05:30,2026-06-19 03:40:00,0,0,11.1,50,1.3,4.1,4.1,4.3,42.7,585.5,0,0,26.1,73,26.7,20.9
2026-06-19T03:35:00+05:30,2026-06-19 03:35:00,0,0,11.1,48,3,4.1,4.1,4.3,42.7,585.5,0,0,26.2,73,26.8,21
2026-06-19T03:30:00+05:30,2026-06-19 03:30:00,0,0,11.1,49,4.8,3.8,3.8,4.1,42.4,585.2,0,0,26.2,73,26.8,21
2026-06-19T03:26:00+05:30,2026-06-19 03:26:00,0,0,11.1,46,6.1,3.6,3.6,3.8,42.2,585,0,0,26.2,73,26.8,21
2026-06-19T03:20:00+05:30,2026-06-19 03:20:00,1.1,3.5,11.1,69,7.9,3,3,3.3,41.7,584.5,0,0,26.2,72,26.8,20.8
2026-06-19T03:15:00+05:30,2026-06-19 03:15:00,0,1.8,11.1,47,6.1,2.3,2.3,2.5,40.9,583.7,0,0,26.3,72,26.8,20.8
2026-06-19T03:11:00+05:30,2026-06-19 03:11:00,0,1.8,11.1,49,6.1,1.8,1.8,2,40.4,583.2,0,0,26.3,72,26.8,20.8
2026-06-19T03:05:00+05:30,2026-06-19 03:05:00,0,0,11.1,52,6.1,1.3,1.3,1.5,39.9,582.7,0,0,26.3,72,26.8,20.8
2026-06-19T03:00:00+05:30,2026-06-19 03:00:00,0,0,11.1,48,3,0.5,0.5,0.8,39.1,581.9,0,0,26.3,72,26.8,20.8
2026-06-19T02:55:00+05:30,2026-06-19 02:55:00,0,0,11.1,49,0,0,0,0.3,38.6,581.4,0,0,26.3,72,26.8,20.8
2026-06-19T02:50:00+05:30,2026-06-19 02:50:00,0,0,11.1,47,0,0,0,0.3,38.6,581.4,0,0,26.3,72,26.8,20.8
2026-06-19T02:45:00+05:30,2026-06-19 02:45:00,0,0,11.1,51,0,0,0,0.3,38.6,581.4,0,0,26.3,72,26.8,20.8
2026-06-19T02:40:00+05:30,2026-06-19 02:40:00,0,0,11.1,56,0,0,0,0.3,38.6,581.4,0,0,26.3,72,26.8,20.8
2026-06-19T02:35:00+05:30,2026-06-19 02:35:00,0,0,11.1,65,0,0,0,0.3,38.6,581.4,0,0,26.3,72,26.8,20.8
2026-06-19T02:30:00+05:30,2026-06-19 02:30:00,0,7.2,11.1,58,0,0,0,0.3,38.6,581.4,0,0,26.4,72,26.9,20.9
2026-06-19T02:25:00+05:30,2026-06-19 02:25:00,2.9,3.5,11.1,56,0,0,0,0.3,38.6,581.4,0,0,26.4,72,26.9,20.9
2026-06-19T02:20:00+05:30,2026-06-19 02:20:00,0,0,11.1,70,0,0,0,0.3,38.6,581.4,0,0,26.4,72,26.9,20.9
2026-06-19T02:15:00+05:30,2026-06-19 02:15:00,0,0,11.1,51,0,0,0,0.3,38.6,581.4,0,0,26.4,72,26.9,20.9
2026-06-19T02:10:00+05:30,2026-06-19 02:10:00,0.3,5.5,11.1,99,0,0,0,0.3,38.6,581.4,0,0,26.5,72,27.1,21.1
2026-06-19T02:06:00+05:30,2026-06-19 02:06:00,0.6,3.5,11.1,59,0,0,0,0.3,38.6,581.4,0,0,26.5,72,27.1,21.1
2026-06-19T02:00:00+05:30,2026-06-19 02:00:00,0,3.5,11.1,49,0,0,0,0.3,38.6,581.4,0,0,26.5,72,27.1,21.1
2026-06-19T01:55:00+05:30,2026-06-19 01:55:00,0,0,11.1,53,0,0,0,0.3,38.6,581.4,0,0,26.5,72,27.1,21.1
2026-06-19T01:50:00+05:30,2026-06-19 01:50:00,4.7,5.5,11.1,62,0,0,0,0.3,38.6,581.4,0,0,26.5,72,27.1,21.1
2026-06-19T01:45:00+05:30,2026-06-19 01:45:00,0,0,11.1,42,0,0,0,0.3,38.6,581.4,0,0,26.5,72,27.1,21.1
2026-06-19T01:40:00+05:30,2026-06-19 01:40:00,0,0,11.1,50,0,0,0,0.3,38.6,581.4,0,0,26.5,72,27.1,21.1
2026-06-19T01:35:00+05:30,2026-06-19 01:35:00,0,0,11.1,49,0,0,0,0.3,38.6,581.4,0,0,26.6,72,27.2,21.1
2026-06-19T01:30:00+05:30,2026-06-19 01:30:00,0,0,11.1,48,0,0,0,0.3,38.6,581.4,0,0,26.6,72,27.2,21.1
2026-06-19T01:25:00+05:30,2026-06-19 01:25:00,0,0,11.1,48,0,0,0,0.3,38.6,581.4,0,0,26.6,72,27.2,21.1
2026-06-19T01:20:00+05:30,2026-06-19 01:20:00,0,0,11.1,50,0,0,0,0.3,38.6,581.4,0,0,26.5,72,27.1,21.1
2026-06-19T01:15:00+05:30,2026-06-19 01:15:00,0,0,11.1,49,0,0,0,0.3,38.6,581.4,0,0,26.6,72,27.2,21.1
2026-06-19T01:10:00+05:30,2026-06-19 01:10:00,0,0,11.1,48,0,0,0,0.3,38.6,581.4,0,0,26.6,72,27.2,21.1
2026-06-19T01:05:00+05:30,2026-06-19 01:05:00,0,0,11.1,54,0,0,0,0.3,38.6,581.4,0,0,26.6,72,27.2,21.1
2026-06-19T01:01:00+05:30,2026-06-19 01:01:00,0,0,11.1,53,0,0,0,0.3,38.6,581.4,0,0,26.6,71,27.2,20.9
2026-06-19T00:55:00+05:30,2026-06-19 00:55:00,0,0,11.1,68,0,0,0,0.3,38.6,581.4,0,0,26.6,71,27.2,20.9
2026-06-19T00:50:00+05:30,2026-06-19 00:50:00,0,5.5,11.1,50,0,0,0,0.3,38.6,581.4,0,0,26.6,71,27.2,20.9
2026-06-19T00:45:00+05:30,2026-06-19 00:45:00,0,3.5,11.1,56,0,0,0,0.3,38.6,581.4,0,0,26.6,71,27.2,20.9
2026-06-19T00:40:00+05:30,2026-06-19 00:40:00,0,3.5,11.1,50,0,0,0,0.3,38.6,581.4,0,0,26.6,71,27.2,20.9
2026-06-19T00:35:00+05:30,2026-06-19 00:35:00,3.2,5.5,11.1,55,0,0,0,0.3,38.6,581.4,0,0,26.6,71,27.2,20.9
2026-06-19T00:30:00+05:30,2026-06-19 00:30:00,0,0,11.1,53,0,0,0,0.3,38.6,581.4,0,0,26.7,71,28.4,21
2026-06-19T00:25:00+05:30,2026-06-19 00:25:00,0,5.5,11.1,51,0,0,0,0.3,38.6,581.4,0,0,26.6,71,27.2,20.9
2026-06-19T00:20:00+05:30,2026-06-19 00:20:00,0,3.5,11.1,62,0,0,0,0.3,38.6,581.4,0,0,26.6,71,27.2,20.9
2026-06-19T00:15:00+05:30,2026-06-19 00:15:00,3.2,9.3,11.1,58,0,0.3,0,0.3,38.6,581.4,0,0,26.7,71,28.4,21
2026-06-19T00:10:00+05:30,2026-06-19 00:10:00,0,11.1,11.1,53,0,0.3,0,0.3,38.6,581.4,0,0,26.7,71,28.4,21
2026-06-19T00:05:00+05:30,2026-06-19 00:05:00,0,7.2,7.2,42,0,0.3,0,0.3,38.6,581.4,0,0,26.7,71,28.4,21
2026-06-19T00:00:00+05:30,2026-06-19 00:00:00,1.4,3.5,3.5,61,0,0.3,0,0.3,38.6,581.4,0,0,26.7,71,28.4,21
2026-06-18T23:55:00+05:30,2026-06-18 23:55:00,2.9,5.5,21.9,34,0,0.3,0.3,0.3,38.6,581.4,0,0,26.7,71,28.4,21
2026-06-18T23:50:00+05:30,2026-06-18 23:50:00,0,1.8,21.9,38,0,0.3,0.3,0.3,38.6,581.4,0,0,26.8,71,28.6,21.1
2026-06-18T23:45:00+05:30,2026-06-18 23:45:00,1.1,5.5,21.9,63,0,0.3,0.3,0.3,38.6,581.4,0,0,26.8,71,28.6,21.1
2026-06-18T23:40:00+05:30,2026-06-18 23:40:00,0,1.8,21.9,43,0,0.3,0.3,0.3,38.6,581.4,0,0,26.8,71,28.6,21.1
2026-06-18T23:35:00+05:30,2026-06-18 23:35:00,0,3.5,21.9,47,0,0.3,0.3,0.3,38.6,581.4,0,0,26.8,71,28.6,21.1
2026-06-18T23:30:00+05:30,2026-06-18 23:30:00,1.4,1.8,21.9,41,0,0.3,0.3,0.3,38.6,581.4,0,0,26.8,71,28.6,21.1
2026-06-18T23:25:00+05:30,2026-06-18 23:25:00,0,5.5,21.9,43,0,0.3,0.3,0.3,38.6,581.4,0,0,26.9,71,28.7,21.2
2026-06-18T23:20:00+05:30,2026-06-18 23:20:00,2.1,3.5,21.9,55,0,0.3,0.3,0.3,38.6,581.4,0,0,26.9,71,28.7,21.2
2026-06-18T23:15:00+05:30,2026-06-18 23:15:00,0,0,21.9,49,0,0.3,0.3,0.3,38.6,581.4,0,0,26.9,71,28.7,21.2
2026-06-18T23:10:00+05:30,2026-06-18 23:10:00,0,0,21.9,50,0,0.3,0.3,0.3,38.6,581.4,0,0,26.9,71,28.7,21.2
2026-06-18T23:05:00+05:30,2026-06-18 23:05:00,0,0,21.9,50,0,0.3,0.3,0.3,38.6,581.4,0,0,26.9,71,28.7,21.2
2026-06-18T23:00:00+05:30,2026-06-18 23:00:00,0,0,21.9,51,0,0.3,0.3,0.3,38.6,581.4,0,0,26.9,71,28.7,21.2
2026-06-18T22:55:00+05:30,2026-06-18 22:55:00,0,0,21.9,55,0,0.3,0.3,0.3,38.6,581.4,0,0,26.9,71,28.7,21.2
2026-06-18T22:50:00+05:30,2026-06-18 22:50:00,0,0,21.9,50,0,0.3,0.3,0.3,38.6,581.4,0,0,26.9,71,28.7,21.2
2026-06-18T22:45:00+05:30,2026-06-18 22:45:00,0,0,21.9,52,0,0.3,0.3,0.3,38.6,581.4,0,0,27,71,28.9,21.3
2026-06-18T22:40:00+05:30,2026-06-18 22:40:00,0,0,21.9,52,0,0.3,0.3,0.3,38.6,581.4,0,0,27,71,28.9,21.3
2026-06-18T22:36:00+05:30,2026-06-18 22:36:00,0,0,21.9,42,0,0.3,0.3,0.3,38.6,581.4,0,0,27,71,28.9,21.3
2026-06-18T22:30:00+05:30,2026-06-18 22:30:00,0,0,21.9,51,1.8,0.3,0.3,0.3,38.6,581.4,0,0,27,71,28.9,21.3
2026-06-18T22:25:00+05:30,2026-06-18 22:25:00,0,0,21.9,51,1.8,0.3,0.3,0.3,38.6,581.4,0,0,27,71,28.9,21.3
2026-06-18T22:20:00+05:30,2026-06-18 22:20:00,0,0,21.9,49,0,0,0,0,38.4,581.2,0,0,27,71,28.9,21.3
2026-06-18T22:15:00+05:30,2026-06-18 22:15:00,0,0,21.9,48,0,0,0,0,38.4,581.2,0,0,27.1,71,29.1,21.4
2026-06-18T22:10:00+05:30,2026-06-18 22:10:00,0,0,21.9,47,0,0,0,0,38.4,581.2,0,0,27.1,71,29.1,21.4
2026-06-18T22:05:00+05:30,2026-06-18 22:05:00,0,0,21.9,49,0,0,0,0,38.4,581.2,0,0,27.1,71,29.1,21.4
2026-06-18T22:00:00+05:30,2026-06-18 22:00:00,0,0,21.9,49,0,0,0,0,38.4,581.2,0,0,27.1,71,29.1,21.4
2026-06-18T21:55:00+05:30,2026-06-18 21:55:00,0,0,21.9,53,0,0,0,0,38.4,581.2,0,0,27.1,71,29.1,21.4
2026-06-18T21:50:00+05:30,2026-06-18 21:50:00,0,0,21.9,50,0,0,0,0,38.4,581.2,0,0,27.1,70,29.1,21.2
2026-06-18T21:45:00+05:30,2026-06-18 21:45:00,0,0,21.9,50,0,0,0,0,38.4,581.2,0,0,27.1,70,29.1,21.2
2026-06-18T21:40:00+05:30,2026-06-18 21:40:00,0,0,21.9,57,0,0,0,0,38.4,581.2,0,0,27.2,70,29.2,21.3
2026-06-18T21:35:00+05:30,2026-06-18 21:35:00,0,0,21.9,50,0,0,0,0,38.4,581.2,0,0,27.2,70,29.2,21.3
2026-06-18T21:31:00+05:30,2026-06-18 21:31:00,0,0,21.9,49,0,0,0,0,38.4,581.2,0,0,27.2,70,29.2,21.3
2026-06-18T21:25:00+05:30,2026-06-18 21:25:00,0,0,21.9,49,0,0,0,0,38.4,581.2,0,0,27.2,70,29.2,21.3
2026-06-18T21:20:00+05:30,2026-06-18 21:20:00,0,0,21.9,49,0,0,0,0,38.4,581.2,0,0,27.2,70,29.2,21.3
2026-06-18T21:15:00+05:30,2026-06-18 21:15:00,0,0,21.9,48,0,0,0,0,38.4,581.2,0,0,27.2,70,29.2,21.3
2026-06-18T21:10:00+05:30,2026-06-18 21:10:00,0,0,21.9,46,0,0,0,0,38.4,581.2,0,0,27.3,70,29.3,21.3
2026-06-18T21:05:00+05:30,2026-06-18 21:05:00,0,0,21.9,50,0,0,0,0,38.4,581.2,0,0,27.3,70,29.3,21.3
2026-06-18T21:00:00+05:30,2026-06-18 21:00:00,0,0,21.9,51,0,0,0,0,38.4,581.2,0,0,27.3,70,29.3,21.3
2026-06-18T20:55:00+05:30,2026-06-18 20:55:00,0,0,21.9,49,0,0,0,0,38.4,581.2,0,0,27.3,70,29.3,21.3
2026-06-18T20:50:00+05:30,2026-06-18 20:50:00,0,0,21.9,50,0,0,0,0,38.4,581.2,0,0,27.3,70,29.3,21.3
2026-06-18T20:45:00+05:30,2026-06-18 20:45:00,0,0,21.9,50,0,0,0,0,38.4,581.2,0,0,27.3,70,29.3,21.3
2026-06-18T20:40:00+05:30,2026-06-18 20:40:00,0,0,21.9,48,0,0,0,0,38.4,581.2,0,0,27.4,70,29.6,21.4
2026-06-18T20:35:00+05:30,2026-06-18 20:35:00,0,1.8,21.9,50,0,0,0,0,38.4,581.2,0,0,27.4,70,29.6,21.4
2026-06-18T20:30:00+05:30,2026-06-18 20:30:00,0,0,21.9,58,0,0,0,0,38.4,581.2,0,0,27.4,70,29.6,21.4
2026-06-18T20:26:00+05:30,2026-06-18 20:26:00,0,0,21.9,46,0,0,0,0,38.4,581.2,0,0,27.4,70,29.6,21.4
2026-06-18T20:20:00+05:30,2026-06-18 20:20:00,0,5.5,21.9,50,0,0,0,0,38.4,581.2,0,0,27.4,70,29.6,21.4
2026-06-18T20:15:00+05:30,2026-06-18 20:15:00,0,0,21.9,50,0,0,0,0,38.4,581.2,0,0,27.4,70,29.6,21.4
2026-06-18T20:10:00+05:30,2026-06-18 20:10:00,0,0,21.9,51,0,0,0,0,38.4,581.2,0,0,27.5,70,29.7,21.5
2026-06-18T20:05:00+05:30,2026-06-18 20:05:00,0,1.8,21.9,65,0,0,0,0,38.4,581.2,0,0,27.5,70,29.7,21.5
2026-06-18T20:00:00+05:30,2026-06-18 20:00:00,2.1,3.5,21.9,45,0,0,0,0,38.4,581.2,0,0,27.5,70,29.7,21.5
2026-06-18T19:55:00+05:30,2026-06-18 19:55:00,0.6,7.2,21.9,68,0,0,0,0,38.4,581.2,0,0,27.6,70,29.9,21.6
2026-06-18T19:50:00+05:30,2026-06-18 19:50:00,0,0,21.9,51,0,0,0,0,38.4,581.2,0,0,27.5,70,29.7,21.5
2026-06-18T19:45:00+05:30,2026-06-18 19:45:00,0,3.5,21.9,55,0,0,0,0,38.4,581.2,0,0,27.6,70,29.9,21.6
2026-06-18T19:40:00+05:30,2026-06-18 19:40:00,0,0,21.9,62,0,0,0,0,38.4,581.2,0,0,27.6,70,29.9,21.6
2026-06-18T19:35:00+05:30,2026-06-18 19:35:00,0,3.5,21.9,57,0,0,0,0,38.4,581.2,0,0,27.6,70,29.9,21.6
2026-06-18T19:30:00+05:30,2026-06-18 19:30:00,0,0,21.9,54,0,0,0,0,38.4,581.2,0,0,27.7,70,30.1,21.7
2026-06-18T19:25:00+05:30,2026-06-18 19:25:00,0,0,21.9,51,0,0,0,0,38.4,581.2,0,0,27.7,70,30.1,21.7
2026-06-18T19:20:00+05:30,2026-06-18 19:20:00,0.3,3.5,21.9,50,0,0,0,0,38.4,581.2,0,0,27.7,70,30.1,21.7
2026-06-18T19:15:00+05:30,2026-06-18 19:15:00,2.6,9.3,21.9,72,0,0,0,0,38.4,581.2,0,0,27.7,70,30.1,21.7
2026-06-18T19:10:00+05:30,2026-06-18 19:10:00,0,0,21.9,51,0,0,0,0,38.4,581.2,0,0,27.8,70,30.2,21.8
2026-06-18T19:06:00+05:30,2026-06-18 19:06:00,0.3,1.8,21.9,50,0,0,0,0,38.4,581.2,0,0,27.8,70,30.2,21.8
2026-06-18T19:00:00+05:30,2026-06-18 19:00:00,0,0,21.9,44,0,0,0,0,38.4,581.2,0,0,27.8,70,30.2,21.8
2026-06-18T18:55:00+05:30,2026-06-18 18:55:00,0,0,21.9,62,0,0,0,0,38.4,581.2,0,0,27.9,70,30.4,21.9
2026-06-18T18:50:00+05:30,2026-06-18 18:50:00,0,0,21.9,58,0,0,0,0,38.4,581.2,0,0,27.9,70,30.4,21.9
2026-06-18T18:45:00+05:30,2026-06-18 18:45:00,0,0,21.9,50,0,0,0,0,38.4,581.2,0,0,28,70,30.7,22
2026-06-18T18:40:00+05:30,2026-06-18 18:40:00,0,3.5,21.9,74,0,0,0,0,38.4,581.2,0,0,28,70,30.7,22
2026-06-18T18:35:00+05:30,2026-06-18 18:35:00,0,0,21.9,51,0,0,0,0,38.4,581.2,0,0,28,70,30.7,22
2026-06-18T18:30:00+05:30,2026-06-18 18:30:00,0,0,21.9,44,0,0,0,0,38.4,581.2,0,0.1,28,70,30.7,22
2026-06-18T18:25:00+05:30,2026-06-18 18:25:00,0,0,21.9,50,0,0,0,0,38.4,581.2,0,0.2,28.1,70,30.9,22.1
2026-06-18T18:20:00+05:30,2026-06-18 18:20:00,0,0,21.9,50,0,0,0,0,38.4,581.2,0,0.5,28.1,70,30.9,22.1
2026-06-18T18:15:00+05:30,2026-06-18 18:15:00,0,0,21.9,57,0,0,0,0,38.4,581.2,0,1.3,28.1,70,30.9,22.1
2026-06-18T18:10:00+05:30,2026-06-18 18:10:00,0,0,21.9,50,0,0,0,0,38.4,581.2,0,3.1,28.1,70,30.9,22.1
2026-06-18T18:05:00+05:30,2026-06-18 18:05:00,0,0,21.9,53,0,0,0,0,38.4,581.2,0,2.7,28.1,70,30.9,22.1
2026-06-18T18:01:00+05:30,2026-06-18 18:01:00,0,3.5,21.9,68,0,0,0,0,38.4,581.2,0,3.1,28.1,70,30.9,22.1
2026-06-18T17:55:00+05:30,2026-06-18 17:55:00,0,0,21.9,54,0,0,0,0,38.4,581.2,0,3.5,28.1,70,30.9,22.1
2026-06-18T17:50:00+05:30,2026-06-18 17:50:00,0,0,21.9,35,0,0,0,0,38.4,581.2,0,4.4,28.2,69,30.9,22
2026-06-18T17:45:00+05:30,2026-06-18 17:45:00,0,3.5,21.9,58,0,0,0,0,38.4,581.2,0,5.6,28.2,69,30.9,22
2026-06-18T17:40:00+05:30,2026-06-18 17:40:00,0,7.2,21.9,50,0,0,0,0,38.4,581.2,0,5.8,28.3,69,31.1,22.1
2026-06-18T17:35:00+05:30,2026-06-18 17:35:00,1.1,3.5,21.9,67,0,0,0,0,38.4,581.2,0,4.5,28.3,69,31.1,22.1
2026-06-18T17:30:00+05:30,2026-06-18 17:30:00,0,0,21.9,49,0,0,0,0,38.4,581.2,0,3.4,28.3,68,30.9,21.8
2026-06-18T17:25:00+05:30,2026-06-18 17:25:00,3.5,7.2,21.9,82,0,0,0,0,38.4,581.2,0,4.8,28.3,68,30.9,21.8
2026-06-18T17:20:00+05:30,2026-06-18 17:20:00,0,0,21.9,52,0,0,0,0,38.4,581.2,0,9.2,28.3,68,30.9,21.8
2026-06-18T17:15:00+05:30,2026-06-18 17:15:00,0,3.5,21.9,50,0,0,0,0,38.4,581.2,0,15.6,28.3,68,30.9,21.8
2026-06-18T17:10:00+05:30,2026-06-18 17:10:00,0,0,21.9,57,0,0,0,0,38.4,581.2,0,28.7,28.3,68,30.9,21.8
2026-06-18T17:05:00+05:30,2026-06-18 17:05:00,0,3.5,21.9,49,0,0,0,0,38.4,581.2,0,35.4,28.3,68,30.9,21.8
2026-06-18T17:00:00+05:30,2026-06-18 17:00:00,3.5,7.2,21.9,60,0,0,0,0,38.4,581.2,0,44.9,28.4,68,31.1,21.9
2026-06-18T16:56:00+05:30,2026-06-18 16:56:00,0.6,1.8,21.9,64,0,0,0,0,38.4,581.2,0,54.3,28.4,68,31.1,21.9
2026-06-18T16:50:00+05:30,2026-06-18 16:50:00,0.3,9.3,21.9,45,0,0,0,0,38.4,581.2,0,57.5,28.4,68,31.1,21.9
2026-06-18T16:45:00+05:30,2026-06-18 16:45:00,0,5.5,21.9,55,0,0,0,0,38.4,581.2,0,63.8,28.5,68,31.3,22
2026-06-18T16:40:00+05:30,2026-06-18 16:40:00,0,11.1,21.9,44,0,0,0,0,38.4,581.2,0,49.2,28.5,68,31.3,22
2026-06-18T16:35:00+05:30,2026-06-18 16:35:00,1.1,11.1,21.9,32,0,0,0,0,38.4,581.2,0,73.8,28.5,68,31.3,22
2026-06-18T16:30:00+05:30,2026-06-18 16:30:00,2.6,7.2,21.9,64,0,0,0,0,38.4,581.2,0,98.6,28.5,68,31.3,22
2026-06-18T16:25:00+05:30,2026-06-18 16:25:00,7.2,14.8,21.9,79,0,0,0,0,38.4,581.2,0,94.2,28.6,68,31.6,22.1
2026-06-18T16:20:00+05:30,2026-06-18 16:20:00,1.4,20.1,21.9,101,0,0,0,0,38.4,581.2,0,92.4,28.6,68,31.6,22.1
2026-06-18T16:15:00+05:30,2026-06-18 16:15:00,2.1,5.5,20.1,71,0,0,0,0,38.4,581.2,1,141.5,28.7,68,31.8,22.2
2026-06-18T16:10:00+05:30,2026-06-18 16:10:00,1.4,9.3,20.1,51,0,0,0,0,38.4,581.2,1,126.1,28.7,68,31.8,22.2
2026-06-18T16:05:00+05:30,2026-06-18 16:05:00,0.6,3.5,20.1,69,0,0,0,0,38.4,581.2,0,87.9,28.7,68,31.8,22.2
2026-06-18T16:00:00+05:30,2026-06-18 16:00:00,0,3.5,20.1,51,0,0,0,0,38.4,581.2,1,165.3,28.7,68,31.8,22.2
2026-06-18T15:55:00+05:30,2026-06-18 15:55:00,0,3.5,20.1,48,0,0,0,0,38.4,581.2,2,232.3,28.7,68,31.8,22.2
2026-06-18T15:51:00+05:30,2026-06-18 15:51:00,2.9,9.3,20.1,78,0,0,0,0,38.4,581.2,1,169.5,28.8,68,31.9,22.3
2026-06-18T15:45:00+05:30,2026-06-18 15:45:00,0,7.2,20.1,47,0,0,0,0,38.4,581.2,1,131.6,28.7,68,31.8,22.2
2026-06-18T15:40:00+05:30,2026-06-18 15:40:00,5,9.3,20.1,97,0,0,0,0,38.4,581.2,1,175.6,28.8,68,31.9,22.3
2026-06-18T15:35:00+05:30,2026-06-18 15:35:00,6.1,9.3,20.1,54,0,0,0,0,38.4,581.2,1,163.1,28.7,68,31.8,22.2
2026-06-18T15:30:00+05:30,2026-06-18 15:30:00,0.3,3.5,20.1,56,0,0,0,0,38.4,581.2,0,91.4,28.7,68,31.8,22.2
2026-06-18T15:25:00+05:30,2026-06-18 15:25:00,0,3.5,20.1,76,0,0,0,0,38.4,581.2,0,66.7,28.7,68,31.8,22.2
2026-06-18T15:20:00+05:30,2026-06-18 15:20:00,0.3,7.2,20.1,86,0,0,0,0,38.4,581.2,0,68.8,28.7,68,31.8,22.2
2026-06-18T15:15:00+05:30,2026-06-18 15:15:00,4.3,13,20.1,55,0,0,0,0,38.4,581.2,1,135.3,28.7,68,31.8,22.2
2026-06-18T15:10:00+05:30,2026-06-18 15:10:00,0.6,7.2,20.1,51,0,0,0,0,38.4,581.2,2,299.2,28.7,69,31.9,22.4
2026-06-18T15:05:00+05:30,2026-06-18 15:05:00,8.7,11.1,20.1,54,0,0,0,0,38.4,581.2,2,277,28.7,69,31.9,22.4
2026-06-18T15:00:00+05:30,2026-06-18 15:00:00,2.1,13,20.1,67,0,0,0,0,38.4,581.2,4,485,28.7,69,31.9,22.4
2026-06-18T14:55:00+05:30,2026-06-18 14:55:00,0,1.8,20.1,70,0,0,0,0,38.4,581.2,3,347.9,28.6,69,31.7,22.3
2026-06-18T14:50:00+05:30,2026-06-18 14:50:00,5.8,11.1,20.1,54,0,0,0,0,38.4,581.2,1,199.8,28.6,69,31.7,22.3
2026-06-18T14:45:00+05:30,2026-06-18 14:45:00,4,5.5,20.1,64,0,0,0,0,38.4,581.2,2,266.8,28.6,69,31.7,22.3
2026-06-18T14:40:00+05:30,2026-06-18 14:40:00,4,11.1,20.1,62,0,0,0,0,38.4,581.2,7,819.8,28.6,69,31.7,22.3
2026-06-18T14:35:00+05:30,2026-06-18 14:35:00,0,5.5,20.1,52,0,0,0,0,38.4,581.2,2,269.9,28.6,69,31.7,22.3
2026-06-18T14:31:00+05:30,2026-06-18 14:31:00,0.3,9.3,20.1,73,0,0,0,0,38.4,581.2,3,313,28.6,69,31.7,22.3
2026-06-18T14:25:00+05:30,2026-06-18 14:25:00,6.9,11.1,20.1,69,0,0,0,0,38.4,581.2,1,171.1,28.7,69,31.9,22.4
2026-06-18T14:20:00+05:30,2026-06-18 14:20:00,2.9,11.1,20.1,56,0,0,0,0,38.4,581.2,0,87.1,28.6,69,31.7,22.3
2026-06-18T14:15:00+05:30,2026-06-18 14:15:00,1.1,9.3,20.1,62,0,0,0,0,38.4,581.2,0,79.4,28.7,69,31.9,22.4
2026-06-18T14:10:00+05:30,2026-06-18 14:10:00,4.7,7.2,20.1,46,0,0,0,0,38.4,581.2,1,138.9,28.6,69,31.7,22.3
2026-06-18T14:05:00+05:30,2026-06-18 14:05:00,1.1,3.5,20.1,36,0,0,0,0,38.4,581.2,2,209.9,28.6,69,31.7,22.3
2026-06-18T14:00:00+05:30,2026-06-18 14:00:00,0,3.5,20.1,57,0,0,0,0,38.4,581.2,5,531.9,28.5,69,31.5,22.2
2026-06-18T13:55:00+05:30,2026-06-18 13:55:00,0,0,20.1,82,0,0,0,0,38.4,581.2,1,149.7,28.6,69,31.7,22.3
2026-06-18T13:50:00+05:30,2026-06-18 13:50:00,1.1,7.2,20.1,48,0,0,0,0,38.4,581.2,1,191,28.6,69,31.7,22.3
2026-06-18T13:45:00+05:30,2026-06-18 13:45:00,0.3,11.1,20.1,44,0,0,0,0,38.4,581.2,0,93,28.6,69,31.7,22.3
2026-06-18T13:40:00+05:30,2026-06-18 13:40:00,9.7,14.8,20.1,44,0,0,0,0,38.4,581.2,0,84.6,28.6,69,31.7,22.3
2026-06-18T13:35:00+05:30,2026-06-18 13:35:00,0,5.5,20.1,50,0,0,0,0,38.4,581.2,2,236.6,28.5,69,31.5,22.2
2026-06-18T13:30:00+05:30,2026-06-18 13:30:00,0.3,11.1,20.1,70,0,0,0,0,38.4,581.2,2,215.4,28.5,69,31.5,22.2
2026-06-18T13:26:00+05:30,2026-06-18 13:26:00,1.8,9.3,20.1,49,0,0,0,0,38.4,581.2,3,319.9,28.5,69,31.5,22.2
2026-06-18T13:20:00+05:30,2026-06-18 13:20:00,3.2,11.1,20.1,53,0,0,0,0,38.4,581.2,3,314.5,28.5,69,31.5,22.2
2026-06-18T13:15:00+05:30,2026-06-18 13:15:00,2.9,7.2,20.1,58,0,0,0,0,38.4,581.2,2,246.3,28.5,69,31.5,22.2
2026-06-18T13:10:00+05:30,2026-06-18 13:10:00,0.3,11.1,20.1,45,0,0,0,0,38.4,581.2,2,290.1,28.5,69,31.5,22.2
2026-06-18T13:05:00+05:30,2026-06-18 13:05:00,2.1,7.2,20.1,59,0,0,0,0,38.4,581.2,1,182.5,28.4,69,31.3,22.2
2026-06-18T13:00:00+05:30,2026-06-18 13:00:00,6.9,11.1,20.1,50,0,0,0,0,38.4,581.2,2,206.8,28.4,69,31.3,22.2
2026-06-18T12:55:00+05:30,2026-06-18 12:55:00,3.5,9.3,20.1,36,0,0,0,0,38.4,581.2,1,180.9,28.4,70,31.4,22.4
2026-06-18T12:50:00+05:30,2026-06-18 12:50:00,5.5,9.3,20.1,65,0,0,0,0,38.4,581.2,2,243.8,28.4,69,31.3,22.2
2026-06-18T12:45:00+05:30,2026-06-18 12:45:00,4,11.1,20.1,59,0,0,0,0,38.4,581.2,2,289.4,28.4,69,31.3,22.2
2026-06-18T12:40:00+05:30,2026-06-18 12:40:00,4.7,20.1,20.1,69,0,0,0,0,38.4,581.2,3,408.5,28.3,70,31.2,22.3
2026-06-18T12:35:00+05:30,2026-06-18 12:35:00,2.6,13,20.1,39,0,0,0,0,38.4,581.2,7,788.9,28.3,70,31.2,22.3
2026-06-18T12:30:00+05:30,2026-06-18 12:30:00,6.9,11.1,20.1,54,0,0,0,0,38.4,581.2,6,622.4,28.2,70,31.1,22.2
2026-06-18T12:25:00+05:30,2026-06-18 12:25:00,7.9,11.1,20.1,33,0,0,0,0,38.4,581.2,8,851.4,28.1,70,30.9,22.1
2026-06-18T12:21:00+05:30,2026-06-18 12:21:00,0,14.8,20.1,39,0,0,0,0,38.4,581.2,6,667,28,70,30.7,22
2026-06-18T12:15:00+05:30,2026-06-18 12:15:00,1.4,9.3,20.1,105,0,0,0,0,38.4,581.2,6,656.8,28,70,30.7,22
2026-06-18T12:10:00+05:30,2026-06-18 12:10:00,5.5,11.1,20.1,41,0,0,0,0,38.4,581.2,3,379.9,27.9,70,30.4,21.9
2026-06-18T12:05:00+05:30,2026-06-18 12:05:00,5.8,13,20.1,64,0,0,0,0,38.4,581.2,5,578.5,27.8,70,30.2,21.8
2026-06-18T12:00:00+05:30,2026-06-18 12:00:00,0,14.8,20.1,62,0,0,0,0,38.4,581.2,8,863.3,27.9,70,30.4,21.9
2026-06-18T11:55:00+05:30,2026-06-18 11:55:00,0,3.5,20.1,48,0,0,0,0,38.4,581.2,8,833.1,27.8,70,30.2,21.8
2026-06-18T11:50:00+05:30,2026-06-18 11:50:00,0,9.3,20.1,46,0,0,0,0,38.4,581.2,3,361,27.8,70,30.2,21.8
2026-06-18T11:45:00+05:30,2026-06-18 11:45:00,4,11.1,20.1,59,0,0,0,0,38.4,581.2,3,365.4,27.8,71,30.4,22
2026-06-18T11:40:00+05:30,2026-06-18 11:40:00,0,5.5,20.1,49,0,0,0,0,38.4,581.2,5,579.7,27.7,71,30.3,21.9
2026-06-18T11:35:00+05:30,2026-06-18 11:35:00,2.6,14.8,20.1,74,0,0,0,0,38.4,581.2,4,468.7,27.7,71,30.3,21.9
2026-06-18T11:30:00+05:30,2026-06-18 11:30:00,3.5,7.2,16.6,82,0,0,0,0,38.4,581.2,9,951.6,27.7,71,30.3,21.9
2026-06-18T11:25:00+05:30,2026-06-18 11:25:00,8.7,13,16.6,81,0,0,0,0,38.4,581.2,5,595,27.7,71,30.3,21.9
2026-06-18T11:20:00+05:30,2026-06-18 11:20:00,2.9,13,16.6,51,0,0,0,0,38.4,581.2,8,854,27.7,71,30.3,21.9
2026-06-18T11:16:00+05:30,2026-06-18 11:16:00,0,9.3,16.6,45,0,0,0,0,38.4,581.2,2,300.7,27.8,72,30.5,22.3
2026-06-18T11:10:00+05:30,2026-06-18 11:10:00,2.9,7.2,16.6,62,0,0,0,0,38.4,581.2,2,207.9,27.8,72,30.5,22.3
2026-06-18T11:05:00+05:30,2026-06-18 11:05:00,2.6,9.3,16.6,65,0,0,0,0,38.4,581.2,1,125.2,27.7,73,30.5,22.4
2026-06-18T11:00:00+05:30,2026-06-18 11:00:00,0,1.8,16.6,55,0,0,0,0,38.4,581.2,1,121.1,27.7,73,30.5,22.4
2026-06-18T10:55:00+05:30,2026-06-18 10:55:00,0,5.5,16.6,56,0,0,0,0,38.4,581.2,2,298.3,27.7,73,30.5,22.4
2026-06-18T10:50:00+05:30,2026-06-18 10:50:00,1.1,9.3,16.6,65,0,0,0,0,38.4,581.2,2,272.1,27.6,73,30.3,22.3
2026-06-18T10:45:00+05:30,2026-06-18 10:45:00,7.6,13,16.6,71,0,0,0,0,38.4,581.2,3,365.3,27.6,73,30.3,22.3
2026-06-18T10:40:00+05:30,2026-06-18 10:40:00,0,5.5,16.6,56,0,0,0,0,38.4,581.2,2,213.5,27.6,73,30.3,22.3
2026-06-18T10:35:00+05:30,2026-06-18 10:35:00,0.3,7.2,16.6,60,0,0,0,0,38.4,581.2,1,176,27.6,72,30.2,22.1
2026-06-18T10:30:00+05:30,2026-06-18 10:30:00,0,7.2,16.6,72,0,0,0,0,38.4,581.2,2,217.4,27.6,72,30.2,22.1
2026-06-18T10:25:00+05:30,2026-06-18 10:25:00,1.4,3.5,16.6,136,0,0,0,0,38.4,581.2,2,239,27.5,72,29.9,22
2026-06-18T10:20:00+05:30,2026-06-18 10:20:00,7.2,13,16.6,65,0,0,0,0,38.4,581.2,2,217.5,27.5,72,29.9,22
2026-06-18T10:15:00+05:30,2026-06-18 10:15:00,0,11.1,16.6,23,0,0,0,0,38.4,581.2,2,286,27.5,72,29.9,22
2026-06-18T10:10:00+05:30,2026-06-18 10:10:00,2.9,9.3,16.6,60,0,0,0,0,38.4,581.2,2,291.3,27.5,72,29.9,22
2026-06-18T10:05:00+05:30,2026-06-18 10:05:00,10.8,14.8,16.6,92,0,0,0,0,38.4,581.2,7,808.5,27.5,72,29.9,22
2026-06-18T10:00:00+05:30,2026-06-18 10:00:00,4,11.1,16.6,74,0,0,0,0,38.4,581.2,2,261.7,27.5,72,29.9,22
2026-06-18T09:56:00+05:30,2026-06-18 09:56:00,6.1,9.3,14.8,14,0,0,0,0,38.4,581.2,3,311.4,27.4,72,29.7,21.9
2026-06-18T09:50:00+05:30,2026-06-18 09:50:00,4,7.2,14.8,36,0,0,0,0,38.4,581.2,2,281.8,27.4,72,29.7,21.9
2026-06-18T09:45:00+05:30,2026-06-18 09:45:00,0,1.8,14.8,48,0,0,0,0,38.4,581.2,4,482.1,27.3,72,29.6,21.8
2026-06-18T09:41:00+05:30,2026-06-18 09:41:00,0.3,9.3,14.8,58,0,0,0,0,38.4,581.2,6,659,27.2,72,29.4,21.7
2026-06-18T09:35:00+05:30,2026-06-18 09:35:00,1.4,13,14.8,63,0,0,0,0,38.4,581.2,6,621.1,27.2,72,29.4,21.7
2026-06-18T09:30:00+05:30,2026-06-18 09:30:00,4,7.2,14.8,86,0,0,0,0,38.4,581.2,5,595.8,27.1,71,29.1,21.4
2026-06-18T09:25:00+05:30,2026-06-18 09:25:00,1.4,11.1,14.8,88,0,0,0,0,38.4,581.2,5,551.7,27.2,71,29.3,21.5
2026-06-18T09:20:00+05:30,2026-06-18 09:20:00,0,7.2,14.8,42,0,0,0,0,38.4,581.2,3,410.2,27.1,71,29.1,21.4
2026-06-18T09:15:00+05:30,2026-06-18 09:15:00,0.6,9.3,13,58,0,0,0,0,38.4,581.2,2,280.5,27,71,28.9,21.3
2026-06-18T09:10:00+05:30,2026-06-18 09:10:00,0,3.5,13,81,0,0,0,0,38.4,581.2,4,484.1,27,71,28.9,21.3
2026-06-18T09:05:00+05:30,2026-06-18 09:05:00,1.1,7.2,13,64,0,0,0,0,38.4,581.2,3,316.1,27,71,28.9,21.3
2026-06-18T09:00:00+05:30,2026-06-18 09:00:00,4,7.2,13,63,0,0,0,0,38.4,581.2,2,270.9,26.9,71,28.7,21.2
2026-06-18T08:55:00+05:30,2026-06-18 08:55:00,0.3,3.5,13,48,0,0,0,0,38.4,581.2,3,394.5,26.9,70,28.7,20.9
2026-06-18T08:50:00+05:30,2026-06-18 08:50:00,0,5.5,13,65,0,0,0,0,38.4,581.2,3,350.3,26.8,70,28.5,20.8
2026-06-18T08:45:00+05:30,2026-06-18 08:45:00,0,1.8,13,49,0,0,0,0,38.4,581.2,3,337.9,26.8,71,28.6,21.1
2026-06-18T08:40:00+05:30,2026-06-18 08:40:00,0,7.2,13,60,0,0,0,0,38.4,581.2,2,205.5,26.8,71,28.6,21.1
2026-06-18T08:36:00+05:30,2026-06-18 08:36:00,4,5.5,13,50,0,0,0,0,38.4,581.2,2,292.1,26.7,71,28.4,21
2026-06-18T08:30:00+05:30,2026-06-18 08:30:00,0,1.8,13,68,0,0,0,0,38.4,581.2,2,287,26.7,71,28.4,21
2026-06-18T08:25:00+05:30,2026-06-18 08:25:00,0,7.2,13,51,0,0,0,0,38.4,581.2,2,256.2,26.7,71,28.4,21
2026-06-18T08:20:00+05:30,2026-06-18 08:20:00,0,5.5,13,63,0,0,0,0,38.4,581.2,2,270.4,26.6,71,27.2,20.9
2026-06-18T08:15:00+05:30,2026-06-18 08:15:00,1.1,5.5,13,40,0,0,0,0,38.4,581.2,1,185.8,26.6,71,27.2,20.9
2026-06-18T08:10:00+05:30,2026-06-18 08:10:00,0.6,5.5,13,51,0,0,0,0,38.4,581.2,2,206.7,26.6,71,27.2,20.9
2026-06-18T08:05:00+05:30,2026-06-18 08:05:00,2.1,5.5,13,75,0,0,0,0,38.4,581.2,2,219.7,26.6,71,27.2,20.9
2026-06-18T08:00:00+05:30,2026-06-18 08:00:00,0.3,3.5,13,65,0,0,0,0,38.4,581.2,2,231.4,26.6,71,27.2,20.9
2026-06-18T07:55:00+05:30,2026-06-18 07:55:00,6.1,7.2,13,80,0,0,0,0,38.4,581.2,1,192.5,26.5,70,27.1,20.6
2026-06-18T07:50:00+05:30,2026-06-18 07:50:00,0,3.5,13,82,0,0,0,0,38.4,581.2,1,178.4,26.5,70,27.1,20.6
2026-06-18T07:45:00+05:30,2026-06-18 07:45:00,0,1.8,13,50,0,0,0,0,38.4,581.2,1,157.8,26.6,70,27.2,20.7
2026-06-18T07:40:00+05:30,2026-06-18 07:40:00,5,7.2,13,56,0,0,0,0,38.4,581.2,1,143.8,26.6,71,27.2,20.9
2026-06-18T07:35:00+05:30,2026-06-18 07:35:00,0,0,13,59,0,0,0,0,38.4,581.2,1,123.8,26.6,70,27.2,20.7
2026-06-18T07:31:00+05:30,2026-06-18 07:31:00,1.1,5.5,13,51,0,0,0,0,38.4,581.2,1,106.1,26.5,70,27.1,20.6
2026-06-18T07:25:00+05:30,2026-06-18 07:25:00,0,3.5,13,86,0,0,0,0,38.4,581.2,0,86.1,26.6,71,27.2,20.9
2026-06-18T07:20:00+05:30,2026-06-18 07:20:00,0,0,13,50,0,0,0,0,38.4,581.2,0,73.9,26.6,71,27.2,20.9
2026-06-18T07:15:00+05:30,2026-06-18 07:15:00,0,0,13,50,0,0,0,0,38.4,581.2,0,67.6,26.6,71,27.2,20.9
2026-06-18T07:10:00+05:30,2026-06-18 07:10:00,0,0,13,50,0,0,0,0,38.4,581.2,0,65,26.6,71,27.2,20.9
2026-06-18T07:05:00+05:30,2026-06-18 07:05:00,0,0,13,49,0,0,0,0,38.4,581.2,0,62.6,26.6,71,27.2,20.9
2026-06-18T07:00:00+05:30,2026-06-18 07:00:00,0,0,13,53,0,0,0,0,38.4,581.2,0,58.5,26.6,71,27.2,20.9
2026-06-18T06:55:00+05:30,2026-06-18 06:55:00,0,0,13,45,0,0,0,0,38.4,581.2,0,53.7,26.6,71,27.2,20.9
2026-06-18T06:50:00+05:30,2026-06-18 06:50:00,0,0,13,52,0,0,0,0,38.4,581.2,0,50.1,26.6,71,27.2,20.9
2026-06-18T06:45:00+05:30,2026-06-18 06:45:00,0,0,13,50,0,0,0,0,38.4,581.2,0,45.5,26.6,71,27.2,20.9
2026-06-18T06:40:00+05:30,2026-06-18 06:40:00,0,0,13,48,0,0,0,0,38.4,581.2,0,41.6,26.6,71,27.2,20.9
2026-06-18T06:35:00+05:30,2026-06-18 06:35:00,0,0,13,48,0,0,0,0,38.4,581.2,0,36.7,26.6,71,27.2,20.9
2026-06-18T06:30:00+05:30,2026-06-18 06:30:00,0,0,13,48,0,0,0,0,38.4,581.2,0,32.1,26.6,71,27.2,20.9
2026-06-18T06:25:00+05:30,2026-06-18 06:25:00,0,0,13,48,0,0,0,0,38.4,581.2,0,27.7,26.6,71,27.2,20.9
2026-06-18T06:20:00+05:30,2026-06-18 06:20:00,0,0,13,47,0,0,0,0,38.4,581.2,0,20.7,26.6,71,27.2,20.9
2026-06-18T06:15:00+05:30,2026-06-18 06:15:00,0,0,13,42,0,0,0,0,38.4,581.2,0,14.4,26.6,71,27.2,20.9
2026-06-18T06:11:00+05:30,2026-06-18 06:11:00,0,0,13,38,0,0,0,0,38.4,581.2,0,10.6,26.7,71,28.4,21
2026-06-18T06:05:00+05:30,2026-06-18 06:05:00,0,0,13,38,0,0,0,0,38.4,581.2,0,7.1,26.7,71,28.4,21
2026-06-18T06:00:00+05:30,2026-06-18 06:00:00,0,0,13,42,0,0,0,0,38.4,581.2,0,4,26.6,71,27.2,20.9
2026-06-18T05:55:00+05:30,2026-06-18 05:55:00,0,0,13,39,0,0,0,0,38.4,581.2,0,2,26.6,71,27.2,20.9
2026-06-18T05:50:00+05:30,2026-06-18 05:50:00,0,0,13,39,0,0,0,0,38.4,581.2,0,1,26.6,71,27.2,20.9
2026-06-18T05:45:00+05:30,2026-06-18 05:45:00,0,0,13,42,0,0,0,0,38.4,581.2,0,0.4,26.7,71,28.4,21
2026-06-18T05:40:00+05:30,2026-06-18 05:40:00,0,0,13,50,0,0,0,0,38.4,581.2,0,0.1,26.7,71,28.4,21
2026-06-18T05:35:00+05:30,2026-06-18 05:35:00,0,0,13,41,0,0,0,0,38.4,581.2,0,0,26.7,71,28.4,21
2026-06-18T05:30:00+05:30,2026-06-18 05:30:00,0,0,13,43,0,0,0,0,38.4,581.2,0,0,26.7,71,28.4,21
2026-06-18T05:25:00+05:30,2026-06-18 05:25:00,0,0,13,44,0,0,0,0,38.4,581.2,0,0,26.7,71,28.4,21
2026-06-18T05:20:00+05:30,2026-06-18 05:20:00,0,0,13,48,0,0,0,0,38.4,581.2,0,0,26.7,71,28.4,21
2026-06-18T05:15:00+05:30,2026-06-18 05:15:00,1.8,5.5,13,62,0,0,0,0,38.4,581.2,0,0,26.7,71,28.4,21
2026-06-18T05:10:00+05:30,2026-06-18 05:10:00,0,0,13,46,0,0,0,0,38.4,581.2,0,0,26.7,71,28.4,21
2026-06-18T05:06:00+05:30,2026-06-18 05:06:00,0,3.5,13,56,0,0,0,0,38.4,581.2,0,0,26.7,71,28.4,21
2026-06-18T05:00:00+05:30,2026-06-18 05:00:00,0.3,7.2,13,16,0,0,0,0,38.4,581.2,0,0,26.7,71,28.4,21
2026-06-18T04:55:00+05:30,2026-06-18 04:55:00,2.1,5.5,13,50,0,0,0,0,38.4,581.2,0,0,26.7,71,28.4,21
2026-06-18T04:50:00+05:30,2026-06-18 04:50:00,1.4,7.2,13,35,0,0,0,0,38.4,581.2,0,0,26.7,71,28.4,21
2026-06-18T04:45:00+05:30,2026-06-18 04:45:00,0,5.5,13,62,0,0,0,0,38.4,581.2,0,0,26.8,71,28.6,21.1
2026-06-18T04:40:00+05:30,2026-06-18 04:40:00,0,9.3,13,72,0,0,0,0,38.4,581.2,0,0,26.8,71,28.6,21.1
2026-06-18T04:35:00+05:30,2026-06-18 04:35:00,1.1,7.2,13,33,0,0,0,0,38.4,581.2,0,0,26.8,71,28.6,21.1
2026-06-18T04:30:00+05:30,2026-06-18 04:30:00,5.5,11.1,13,48,0,0,0,0,38.4,581.2,0,0,26.8,71,28.6,21.1
2026-06-18T04:25:00+05:30,2026-06-18 04:25:00,4,7.2,13,81,0,0,0,0,38.4,581.2,0,0,26.8,71,28.6,21.1
2026-06-18T04:20:00+05:30,2026-06-18 04:20:00,8.7,13,13,62,0,0,0,0,38.4,581.2,0,0,26.9,71,28.7,21.2
2026-06-18T04:15:00+05:30,2026-06-18 04:15:00,0,7.2,13,53,0,0,0,0,38.4,581.2,0,0,26.9,71,28.7,21.2
2026-06-18T04:10:00+05:30,2026-06-18 04:10:00,0,0,13,50,0,0,0,0,38.4,581.2,0,0,26.9,71,28.7,21.2
2026-06-18T04:05:00+05:30,2026-06-18 04:05:00,1.1,9.3,13,58,0,0,0,0,38.4,581.2,0,0,26.9,71,28.7,21.2
2026-06-18T04:01:00+05:30,2026-06-18 04:01:00,2.9,13,13,62,0,0,0,0,38.4,581.2,0,0,26.9,71,28.7,21.2
2026-06-18T03:55:00+05:30,2026-06-18 03:55:00,0,9.3,11.1,56,0,0,0,0,38.4,581.2,0,0,26.9,71,28.7,21.2
2026-06-18T03:50:00+05:30,2026-06-18 03:50:00,1.4,5.5,11.1,55,0,0,0,0,38.4,581.2,0,0,27,71,28.9,21.3
2026-06-18T03:45:00+05:30,2026-06-18 03:45:00,0.3,3.5,11.1,60,0,0,0,0,38.4,581.2,0,0,27,71,28.9,21.3
2026-06-18T03:40:00+05:30,2026-06-18 03:40:00,2.6,3.5,11.1,53,0,0,0,0,38.4,581.2,0,0,27,71,28.9,21.3
2026-06-18T03:35:00+05:30,2026-06-18 03:35:00,0.3,1.8,11.1,48,0,0,0,0,38.4,581.2,0,0,27,71,28.9,21.3
2026-06-18T03:30:00+05:30,2026-06-18 03:30:00,4.7,5.5,11.1,48,0,0,0,0,38.4,581.2,0,0,27,71,28.9,21.3
2026-06-18T03:25:00+05:30,2026-06-18 03:25:00,0,3.5,11.1,53,0,0,0,0,38.4,581.2,0,0,27,71,28.9,21.3
2026-06-18T03:20:00+05:30,2026-06-18 03:20:00,0.3,1.8,11.1,74,0,0,0,0,38.4,581.2,0,0,27.1,71,29.1,21.4
2026-06-18T03:15:00+05:30,2026-06-18 03:15:00,3.5,7.2,11.1,65,0,0,0,0,38.4,581.2,0,0,27.1,71,29.1,21.4
2026-06-18T03:10:00+05:30,2026-06-18 03:10:00,0,1.8,11.1,52,0,0,0,0,38.4,581.2,0,0,27.1,71,29.1,21.4
2026-06-18T03:05:00+05:30,2026-06-18 03:05:00,1.1,7.2,11.1,54,0,0,0,0,38.4,581.2,0,0,27.1,71,29.1,21.4
2026-06-18T03:00:00+05:30,2026-06-18 03:00:00,0,1.8,11.1,55,0,0,0,0,38.4,581.2,0,0,27.1,71,29.1,21.4
2026-06-18T02:55:00+05:30,2026-06-18 02:55:00,0.3,7.2,11.1,53,0,0,0,0,38.4,581.2,0,0,27.1,71,29.1,21.4
2026-06-18T02:50:00+05:30,2026-06-18 02:50:00,4,7.2,11.1,72,0,0,0,0,38.4,581.2,0,0,27.1,71,29.1,21.4
2026-06-18T02:45:00+05:30,2026-06-18 02:45:00,0.3,7.2,11.1,51,0,0,0,0,38.4,581.2,0,0,27.2,71,29.3,21.5
2026-06-18T02:40:00+05:30,2026-06-18 02:40:00,2.9,5.5,11.1,66,0,0,0,0,38.4,581.2,0,0,27.2,71,29.3,21.5
2026-06-18T02:35:00+05:30,2026-06-18 02:35:00,0,5.5,11.1,52,0,0,0,0,38.4,581.2,0,0,27.2,71,29.3,21.5
2026-06-18T02:30:00+05:30,2026-06-18 02:30:00,3.2,7.2,11.1,70,0,0,0,0,38.4,581.2,0,0,27.2,71,29.3,21.5
2026-06-18T02:26:00+05:30,2026-06-18 02:26:00,0,3.5,11.1,51,0,0,0,0,38.4,581.2,0,0,27.2,71,29.3,21.5
2026-06-18T02:20:00+05:30,2026-06-18 02:20:00,0,0,11.1,56,0,0,0,0,38.4,581.2,0,0,27.2,71,29.3,21.5
2026-06-18T02:15:00+05:30,2026-06-18 02:15:00,0,1.8,11.1,61,0,0,0,0,38.4,581.2,0,0,27.2,71,29.3,21.5
2026-06-18T02:10:00+05:30,2026-06-18 02:10:00,0,3.5,11.1,53,0,0,0,0,38.4,581.2,0,0,27.2,71,29.3,21.5
2026-06-18T02:05:00+05:30,2026-06-18 02:05:00,0.6,1.8,11.1,54,0,0,0,0,38.4,581.2,0,0,27.2,71,29.3,21.5
2026-06-18T02:00:00+05:30,2026-06-18 02:00:00,0,5.5,11.1,53,0,0,0,0,38.4,581.2,0,0,27.3,71,29.4,21.6
2026-06-18T01:55:00+05:30,2026-06-18 01:55:00,0,11.1,11.1,49,0,0,0,0,38.4,581.2,0,0,27.3,71,29.4,21.6
2026-06-18T01:50:00+05:30,2026-06-18 01:50:00,2.6,7.2,11.1,89,0,0,0,0,38.4,581.2,0,0,27.3,71,29.4,21.6
2026-06-18T01:45:00+05:30,2026-06-18 01:45:00,0,1.8,11.1,56,0,0,0,0,38.4,581.2,0,0,27.3,71,29.4,21.6
2026-06-18T01:40:00+05:30,2026-06-18 01:40:00,0.6,5.5,11.1,47,0,0,0,0,38.4,581.2,0,0,27.3,71,29.4,21.6
2026-06-18T01:35:00+05:30,2026-06-18 01:35:00,1.4,3.5,11.1,59,0,0,0,0,38.4,581.2,0,0,27.3,71,29.4,21.6
2026-06-18T01:30:00+05:30,2026-06-18 01:30:00,0,0,11.1,51,0,0,0,0,38.4,581.2,0,0,27.3,70,29.3,21.3
2026-06-18T01:25:00+05:30,2026-06-18 01:25:00,0.3,1.8,11.1,60,0,0,0,0,38.4,581.2,0,0,27.3,70,29.3,21.3
2026-06-18T01:21:00+05:30,2026-06-18 01:21:00,0,0,11.1,52,0,0,0,0,38.4,581.2,0,0,27.3,70,29.3,21.3
2026-06-18T01:15:00+05:30,2026-06-18 01:15:00,0.6,7.2,11.1,77,0,0,0,0,38.4,581.2,0,0,27.4,70,29.6,21.4
2026-06-18T01:10:00+05:30,2026-06-18 01:10:00,0,3.5,11.1,53,0,0,0,0,38.4,581.2,0,0,27.4,70,29.6,21.4
2026-06-18T01:05:00+05:30,2026-06-18 01:05:00,2.9,7.2,9.3,36,0,0,0,0,38.4,581.2,0,0,27.4,70,29.6,21.4
2026-06-18T01:00:00+05:30,2026-06-18 01:00:00,0,7.2,9.3,63,0,0,0,0,38.4,581.2,0,0,27.4,70,29.6,21.4
2026-06-18T00:55:00+05:30,2026-06-18 00:55:00,4.3,7.2,9.3,62,0,0,0,0,38.4,581.2,0,0,27.5,70,29.7,21.5
2026-06-18T00:50:00+05:30,2026-06-18 00:50:00,0,0,9.3,50,0,0,0,0,38.4,581.2,0,0,27.5,70,29.7,21.5
2026-06-18T00:45:00+05:30,2026-06-18 00:45:00,0.6,7.2,9.3,49,0,0,0,0,38.4,581.2,0,0,27.5,70,29.7,21.5
2026-06-18T00:40:00+05:30,2026-06-18 00:40:00,3.2,5.5,9.3,55,0,0,0,0,38.4,581.2,0,0,27.5,70,29.7,21.5
2026-06-18T00:35:00+05:30,2026-06-18 00:35:00,1.4,7.2,9.3,76,0,0,0,0,38.4,581.2,0,0,27.5,70,29.7,21.5
2026-06-18T00:30:00+05:30,2026-06-18 00:30:00,1.4,9.3,9.3,54,0,0,0,0,38.4,581.2,0,0,27.5,70,29.7,21.5
2026-06-18T00:25:00+05:30,2026-06-18 00:25:00,0,0,5.5,51,0,0,0,0,38.4,581.2,0,0,27.6,69,29.8,21.4
2026-06-18T00:20:00+05:30,2026-06-18 00:20:00,0,0,5.5,50,0,0,0,0,38.4,581.2,0,0,27.6,69,29.8,21.4
2026-06-18T00:15:00+05:30,2026-06-18 00:15:00,0,0,5.5,49,0,0,0,0,38.4,581.2,0,0,27.6,69,29.8,21.4
2026-06-18T00:10:00+05:30,2026-06-18 00:10:00,0,0,5.5,53,0,0,0,0,38.4,581.2,0,0,27.6,69,29.8,21.4
2026-06-18T00:05:00+05:30,2026-06-18 00:05:00,0,5.5,5.5,50,0,0,0,0,38.4,581.2,0,0,27.6,69,29.8,21.4
2026-06-18T00:00:00+05:30,2026-06-18 00:00:00,0,1.8,21.9,53,0,0,0,0,38.4,581.2,0,0,27.6,69,29.8,21.4
2026-06-17T23:55:00+05:30,2026-06-17 23:55:00,0,5.5,21.9,58,0,0,0,0,38.4,581.2,0,0,27.6,69,29.8,21.4
2026-06-17T23:50:00+05:30,2026-06-17 23:50:00,0,0,21.9,50,0,0,0,0,38.4,581.2,0,0,27.7,69,30,21.5
2026-06-17T23:45:00+05:30,2026-06-17 23:45:00,4.3,5.5,21.9,60,0,0,0,0,38.4,581.2,0,0,27.7,69,30,21.5
2026-06-17T23:40:00+05:30,2026-06-17 23:40:00,0,1.8,21.9,52,0,0,0,0,38.4,581.2,0,0,27.7,69,30,21.5
2026-06-17T23:35:00+05:30,2026-06-17 23:35:00,0.3,3.5,21.9,53,0,0,0,0,38.4,581.2,0,0,27.7,69,30,21.5
2026-06-17T23:30:00+05:30,2026-06-17 23:30:00,0,0,21.9,50,0,0,0,0,38.4,581.2,0,0,27.7,69,30,21.5
2026-06-17T23:25:00+05:30,2026-06-17 23:25:00,0,0,21.9,54,0,0,0,0,38.4,581.2,0,0,27.7,69,30,21.5
2026-06-17T23:20:00+05:30,2026-06-17 23:20:00,0,0,21.9,55,0,0,0,0,38.4,581.2,0,0,27.7,69,30,21.5
2026-06-17T23:15:00+05:30,2026-06-17 23:15:00,0,3.5,21.9,57,0,0,0,0,38.4,581.2,0,0,27.7,69,30,21.5
2026-06-17T23:10:00+05:30,2026-06-17 23:10:00,0.3,3.5,21.9,60,0,0,0,0,38.4,581.2,0,0,27.7,69,30,21.5
2026-06-17T23:05:00+05:30,2026-06-17 23:05:00,2.6,3.5,21.9,51,0,0,0,0,38.4,581.2,0,0,27.8,69,30.1,21.6
2026-06-17T23:00:00+05:30,2026-06-17 23:00:00,2.9,7.2,21.9,35,0,0,0,0,38.4,581.2,0,0,27.8,69,30.1,21.6
2026-06-17T22:56:00+05:30,2026-06-17 22:56:00,0,0,21.9,50,0,0,0,0,38.4,581.2,0,0,27.8,69,30.1,21.6
2026-06-17T22:50:00+05:30,2026-06-17 22:50:00,0,5.5,21.9,58,0,0,0,0,38.4,581.2,0,0,27.8,69,30.1,21.6
2026-06-17T22:45:00+05:30,2026-06-17 22:45:00,4,5.5,21.9,75,0,0,0,0,38.4,581.2,0,0,27.8,69,30.1,21.6
2026-06-17T22:40:00+05:30,2026-06-17 22:40:00,0,3.5,21.9,60,0,0,0,0,38.4,581.2,0,0,27.8,69,30.1,21.6
2026-06-17T22:35:00+05:30,2026-06-17 22:35:00,3.5,5.5,21.9,73,0,0,0,0,38.4,581.2,0,0,27.8,69,30.1,21.6
2026-06-17T22:30:00+05:30,2026-06-17 22:30:00,0,3.5,21.9,53,0,0,0,0,38.4,581.2,0,0,27.9,69,30.3,21.7
2026-06-17T22:25:00+05:30,2026-06-17 22:25:00,2.1,5.5,21.9,52,0,0,0,0,38.4,581.2,0,0,27.9,69,30.3,21.7
2026-06-17T22:20:00+05:30,2026-06-17 22:20:00,0,0,21.9,48,0,0,0,0,38.4,581.2,0,0,27.9,69,30.3,21.7
2026-06-17T22:15:00+05:30,2026-06-17 22:15:00,0,3.5,21.9,52,0,0,0,0,38.4,581.2,0,0,27.9,68,30.2,21.4
2026-06-17T22:10:00+05:30,2026-06-17 22:10:00,3.5,9.3,21.9,51,0,0,0,0,38.4,581.2,0,0,27.9,68,30.2,21.4
2026-06-17T22:05:00+05:30,2026-06-17 22:05:00,4.7,5.5,21.9,27,0,0,0,0,38.4,581.2,0,0,27.9,68,30.2,21.4
2026-06-17T22:00:00+05:30,2026-06-17 22:00:00,0.3,1.8,21.9,76,0,0,0,0,38.4,581.2,0,0,28,68,30.4,21.6
2026-06-17T21:55:00+05:30,2026-06-17 21:55:00,0,1.8,21.9,60,0,0,0,0,38.4,581.2,0,0,28,68,30.4,21.6
2026-06-17T21:51:00+05:30,2026-06-17 21:51:00,0,7.2,21.9,50,0,0,0,0,38.4,581.2,0,0,28,68,30.4,21.6
2026-06-17T21:45:00+05:30,2026-06-17 21:45:00,0,0,21.9,51,0,0,0,0,38.4,581.2,0,0,28,68,30.4,21.6
2026-06-17T21:40:00+05:30,2026-06-17 21:40:00,0,0,21.9,49,0,0,0,0,38.4,581.2,0,0,28.1,68,30.6,21.6
2026-06-17T21:35:00+05:30,2026-06-17 21:35:00,0,0,21.9,60,0,0,0,0,38.4,581.2,0,0,28.1,68,30.6,21.6
2026-06-17T21:30:00+05:30,2026-06-17 21:30:00,0,0,21.9,66,0,0,0,0,38.4,581.2,0,0,28.1,68,30.6,21.6
2026-06-17T21:25:00+05:30,2026-06-17 21:25:00,0,0,21.9,54,0,0,0,0,38.4,581.2,0,0,28.2,68,30.8,21.7
2026-06-17T21:20:00+05:30,2026-06-17 21:20:00,0,1.8,21.9,56,0,0,0,0,38.4,581.2,0,0,28.1,68,30.6,21.6
2026-06-17T21:15:00+05:30,2026-06-17 21:15:00,3.5,7.2,21.9,68,0,0,0,0,38.4,581.2,0,0,28.2,68,30.8,21.7
2026-06-17T21:10:00+05:30,2026-06-17 21:10:00,1.4,5.5,21.9,64,0,0,0,0,38.4,581.2,0,0,28.2,68,30.8,21.7
2026-06-17T21:05:00+05:30,2026-06-17 21:05:00,0,0,21.9,47,0,0,0,0,38.4,581.2,0,0,28.2,68,30.8,21.7
2026-06-17T21:00:00+05:30,2026-06-17 21:00:00,3.5,7.2,21.9,60,0,0,0,0,38.4,581.2,0,0,28.2,68,30.8,21.7
2026-06-17T20:55:00+05:30,2026-06-17 20:55:00,0,5.5,21.9,50,0,0,0,0,38.4,581.2,0,0,28.2,68,30.8,21.7
2026-06-17T20:50:00+05:30,2026-06-17 20:50:00,2.6,5.5,21.9,67,0,0,0,0,38.4,581.2,0,0,28.2,68,30.8,21.7
2026-06-17T20:46:00+05:30,2026-06-17 20:46:00,0,7.2,21.9,68,0,0,0,0,38.4,581.2,0,0,28.3,68,30.9,21.8
2026-06-17T20:40:00+05:30,2026-06-17 20:40:00,0,0,21.9,48,0,0,0,0,38.4,581.2,0,0,28.3,68,30.9,21.8
2026-06-17T20:35:00+05:30,2026-06-17 20:35:00,0,0,21.9,49,0,0,0,0,38.4,581.2,0,0,28.3,68,30.9,21.8
2026-06-17T20:30:00+05:30,2026-06-17 20:30:00,0,0,21.9,51,0,0,0,0,38.4,581.2,0,0,28.3,68,30.9,21.8
2026-06-17T20:25:00+05:30,2026-06-17 20:25:00,0,0,21.9,73,0,0,0,0,38.4,581.2,0,0,28.4,68,31.1,21.9
2026-06-17T20:20:00+05:30,2026-06-17 20:20:00,0,5.5,21.9,50,0,0,0,0,38.4,581.2,0,0,28.5,68,31.3,22
2026-06-17T20:15:00+05:30,2026-06-17 20:15:00,0,3.5,21.9,50,0,0,0,0,38.4,581.2,0,0,28.4,68,31.1,21.9
2026-06-17T20:10:00+05:30,2026-06-17 20:10:00,0,1.8,21.9,70,0,0,0,0,38.4,581.2,0,0,28.5,68,31.3,22
2026-06-17T20:05:00+05:30,2026-06-17 20:05:00,3.2,5.5,21.9,59,0,0,0,0,38.4,581.2,0,0,28.5,68,31.3,22
2026-06-17T20:00:00+05:30,2026-06-17 20:00:00,1.1,7.2,21.9,51,0,0,0,0,38.4,581.2,0,0,28.5,68,31.3,22
2026-06-17T19:55:00+05:30,2026-06-17 19:55:00,0,3.5,21.9,51,0,0,0,0,38.4,581.2,0,0,28.5,68,31.3,22
2026-06-17T19:50:00+05:30,2026-06-17 19:50:00,1.4,1.8,21.9,59,0,0,0,0,38.4,581.2,0,0,28.5,68,31.3,22
2026-06-17T19:45:00+05:30,2026-06-17 19:45:00,0,5.5,21.9,60,0,0,0,0,38.4,581.2,0,0,28.6,68,31.6,22.1
2026-06-17T19:41:00+05:30,2026-06-17 19:41:00,1.4,7.2,21.9,34,0,0,0,0,38.4,581.2,0,0,28.6,68,31.6,22.1
2026-06-17T19:35:00+05:30,2026-06-17 19:35:00,4,11.1,21.9,59,0,0,0,0,38.4,581.2,0,0,28.6,68,31.6,22.1
2026-06-17T19:30:00+05:30,2026-06-17 19:30:00,1.4,5.5,21.9,54,0,0,0,0,38.4,581.2,0,0,28.7,68,31.8,22.2
2026-06-17T19:25:00+05:30,2026-06-17 19:25:00,4,7.2,21.9,69,0,0,0,0,38.4,581.2,0,0,28.7,67,31.6,22
2026-06-17T19:20:00+05:30,2026-06-17 19:20:00,1.8,7.2,21.9,107,0,0,0,0,38.4,581.2,0,0,28.7,67,31.6,22
2026-06-17T19:15:00+05:30,2026-06-17 19:15:00,0,11.1,21.9,55,0,0,0,0,38.4,581.2,0,0,28.8,67,31.7,22
2026-06-17T19:10:00+05:30,2026-06-17 19:10:00,4.3,9.3,21.9,70,0,0,0,0,38.4,581.2,0,0,28.9,67,31.9,22.1
2026-06-17T19:05:00+05:30,2026-06-17 19:05:00,0.3,1.8,21.9,69,0,0,0,0,38.4,581.2,0,0,28.9,67,31.9,22.1
2026-06-17T19:00:00+05:30,2026-06-17 19:00:00,1.4,7.2,21.9,50,0,0,0,0,38.4,581.2,0,0,28.9,67,31.9,22.1
2026-06-17T18:55:00+05:30,2026-06-17 18:55:00,0,5.5,21.9,54,0,0,0,0,38.4,581.2,0,0,28.9,67,31.9,22.1
2026-06-17T18:50:00+05:30,2026-06-17 18:50:00,4,9.3,21.9,69,0,0,0,0,38.4,581.2,0,0,29,67,32.2,22.2
2026-06-17T18:45:00+05:30,2026-06-17 18:45:00,0,5.5,21.9,47,0,0,0,0,38.4,581.2,0,0,29,67,32.2,22.2
2026-06-17T18:40:00+05:30,2026-06-17 18:40:00,0.3,7.2,21.9,61,0,0,0,0,38.4,581.2,0,0,29.1,67,32.4,22.3
2026-06-17T18:36:00+05:30,2026-06-17 18:36:00,2.6,9.3,21.9,51,0,0,0,0,38.4,581.2,0,0.1,29.1,67,32.4,22.3
2026-06-17T18:30:00+05:30,2026-06-17 18:30:00,7.9,13,21.9,79,0,0,0,0,38.4,581.2,0,0.4,29.2,67,32.7,22.4
2026-06-17T18:25:00+05:30,2026-06-17 18:25:00,5.8,9.3,21.9,51,0,0,0,0,38.4,581.2,0,1,29.2,67,32.7,22.4
2026-06-17T18:20:00+05:30,2026-06-17 18:20:00,1.4,7.2,21.9,66,0,0,0,0,38.4,581.2,0,2.4,29.3,67,32.8,22.5
2026-06-17T18:15:00+05:30,2026-06-17 18:15:00,0.6,13,21.9,57,0,0,0,0,38.4,581.2,0,3.9,29.3,67,32.8,22.5
2026-06-17T18:10:00+05:30,2026-06-17 18:10:00,0,5.5,21.9,52,0,0,0,0,38.4,581.2,0,6.3,29.4,67,33,22.6
2026-06-17T18:05:00+05:30,2026-06-17 18:05:00,0.6,9.3,21.9,63,0,0,0,0,38.4,581.2,0,10.8,29.4,67,33,22.6
2026-06-17T18:00:00+05:30,2026-06-17 18:00:00,2.1,7.2,21.9,39,0,0,0,0,38.4,581.2,0,15.5,29.5,67,33.2,22.7
2026-06-17T17:55:00+05:30,2026-06-17 17:55:00,1.8,5.5,21.9,29,0,0,0,0,38.4,581.2,0,22.7,29.5,67,33.2,22.7
2026-06-17T17:50:00+05:30,2026-06-17 17:50:00,1.8,3.5,21.9,38,0,0,0,0,38.4,581.2,0,26.4,29.5,67,33.2,22.7
2026-06-17T17:45:00+05:30,2026-06-17 17:45:00,0,0,21.9,60,0,0,0,0,38.4,581.2,0,30.8,29.5,66,33.1,22.4
2026-06-17T17:40:00+05:30,2026-06-17 17:40:00,2.9,5.5,21.9,76,0,0,0,0,38.4,581.2,0,33.9,29.6,66,33.3,22.6
2026-06-17T17:35:00+05:30,2026-06-17 17:35:00,6.4,11.1,21.9,66,0,0,0,0,38.4,581.2,0,38.1,29.7,67,33.7,22.9
2026-06-17T17:30:00+05:30,2026-06-17 17:30:00,0.3,1.8,21.9,32,0,0,0,0,38.4,581.2,0,46.3,29.7,67,33.7,22.9
2026-06-17T17:25:00+05:30,2026-06-17 17:25:00,1.4,3.5,21.9,54,0,0,0,0,38.4,581.2,0,85.4,29.7,67,33.7,22.9
2026-06-17T17:20:00+05:30,2026-06-17 17:20:00,5.5,11.1,21.9,85,0,0,0,0,38.4,581.2,1,103.8,29.8,67,33.8,23
2026-06-17T17:16:00+05:30,2026-06-17 17:16:00,0,5.5,21.9,51,0,0,0,0,38.4,581.2,1,105.5,29.8,67,33.8,23
2026-06-17T17:10:00+05:30,2026-06-17 17:10:00,1.4,5.5,21.9,66,0,0,0,0,38.4,581.2,1,110,29.8,67,33.8,23
2026-06-17T17:05:00+05:30,2026-06-17 17:05:00,0,9.3,21.9,54,0,0,0,0,38.4,581.2,1,103.2,29.8,67,33.8,23
2026-06-17T17:00:00+05:30,2026-06-17 17:00:00,0.3,7.2,21.9,69,0,0,0,0,38.4,581.2,0,81.8,29.9,67,34.1,23.1
2026-06-17T16:55:00+05:30,2026-06-17 16:55:00,1.8,7.2,21.9,97,0,0,0,0,38.4,581.2,0,74.1,30,67,34.3,23.2
2026-06-17T16:50:00+05:30,2026-06-17 16:50:00,1.8,7.2,21.9,35,0,0,0,0,38.4,581.2,1,109.8,30,67,34.3,23.2
2026-06-17T16:45:00+05:30,2026-06-17 16:45:00,0,5.5,21.9,62,0,0,0,0,38.4,581.2,1,103.8,30,67,34.3,23.2
2026-06-17T16:40:00+05:30,2026-06-17 16:40:00,0,5.5,21.9,52,0,0,0,0,38.4,581.2,1,119,30.1,67,34.6,23.3
2026-06-17T16:35:00+05:30,2026-06-17 16:35:00,3.2,9.3,21.9,27,0,0,0,0,38.4,581.2,0,81.6,30.1,67,34.6,23.3
2026-06-17T16:30:00+05:30,2026-06-17 16:30:00,0,7.2,21.9,42,0,0,0,0,38.4,581.2,0,91.1,30.1,67,34.6,23.3
2026-06-17T16:25:00+05:30,2026-06-17 16:25:00,4,9.3,21.9,92,0,0,0,0,38.4,581.2,1,116,30.1,67,34.6,23.3
2026-06-17T16:20:00+05:30,2026-06-17 16:20:00,1.1,9.3,21.9,49,0,0,0,0,38.4,581.2,2,206.7,30.2,67,34.8,23.4
2026-06-17T16:15:00+05:30,2026-06-17 16:15:00,6.4,11.1,21.9,54,0,0,0,0,38.4,581.2,1,193.6,30.2,67,34.8,23.4
2026-06-17T16:11:00+05:30,2026-06-17 16:11:00,0.3,11.1,21.9,63,0,0,0,0,38.4,581.2,1,183.1,30.2,67,34.8,23.4
2026-06-17T16:05:00+05:30,2026-06-17 16:05:00,0,14.8,21.9,50,0,0,0,0,38.4,581.2,1,115.3,30.3,67,34.9,23.4
2026-06-17T16:00:00+05:30,2026-06-17 16:00:00,1.1,5.5,21.9,68,0,0,0,0,38.4,581.2,1,152.4,30.3,67,34.9,23.4
2026-06-17T15:55:00+05:30,2026-06-17 15:55:00,6.9,9.3,21.9,57,0,0,0,0,38.4,581.2,2,244.8,30.3,67,34.9,23.4
2026-06-17T15:50:00+05:30,2026-06-17 15:50:00,0,5.5,21.9,49,0,0,0,0,38.4,581.2,2,268.7,30.3,67,34.9,23.4
2026-06-17T15:45:00+05:30,2026-06-17 15:45:00,2.9,5.5,21.9,94,0,0,0,0,38.4,581.2,3,315,30.3,66,34.7,23.2
2026-06-17T15:40:00+05:30,2026-06-17 15:40:00,5,9.3,21.9,60,0,0,0,0,38.4,581.2,3,352.8,30.3,66,34.7,23.2
2026-06-17T15:35:00+05:30,2026-06-17 15:35:00,8.2,11.1,21.9,103,0,0,0,0,38.4,581.2,1,190.9,30.4,66,35,23.3
2026-06-17T15:30:00+05:30,2026-06-17 15:30:00,8.2,18.3,21.9,77,0,0,0,0,38.4,581.2,3,360.9,30.3,67,34.9,23.4
2026-06-17T15:25:00+05:30,2026-06-17 15:25:00,5,7.2,21.9,74,0,0,0,0,38.4,581.2,3,381.6,30.2,67,34.8,23.4
2026-06-17T15:20:00+05:30,2026-06-17 15:20:00,1.4,5.5,21.9,87,0,0,0,0,38.4,581.2,4,448.6,30.2,66,34.6,23.2
2026-06-17T15:15:00+05:30,2026-06-17 15:15:00,0.3,9.3,21.9,63,0,0,0,0,38.4,581.2,4,446.6,30.2,66,34.6,23.2
2026-06-17T15:10:00+05:30,2026-06-17 15:10:00,0.3,14.8,21.9,48,0,0,0,0,38.4,581.2,4,462.4,30.2,67,34.8,23.4
2026-06-17T15:06:00+05:30,2026-06-17 15:06:00,0.3,7.2,21.9,85,0,0,0,0,38.4,581.2,1,164.3,30.3,67,34.9,23.4
2026-06-17T15:00:00+05:30,2026-06-17 15:00:00,0.3,9.3,21.9,53,0,0,0,0,38.4,581.2,2,225.8,30.3,67,34.9,23.4
2026-06-17T14:55:00+05:30,2026-06-17 14:55:00,3.5,9.3,21.9,52,0,0,0,0,38.4,581.2,3,322.6,30.3,67,34.9,23.4
2026-06-17T14:51:00+05:30,2026-06-17 14:51:00,4,5.5,21.9,13,0,0,0,0,38.4,581.2,2,262.1,30.3,67,34.9,23.4
2026-06-17T14:45:00+05:30,2026-06-17 14:45:00,8.2,14.8,21.9,66,0,0,0,0,38.4,581.2,1,137.7,30.2,66,34.6,23.2
2026-06-17T14:40:00+05:30,2026-06-17 14:40:00,0.3,13,21.9,49,0,0,0,0,38.4,581.2,5,584.2,30.3,66,34.7,23.2
2026-06-17T14:35:00+05:30,2026-06-17 14:35:00,5.8,9.3,21.9,72,0,0,0,0,38.4,581.2,1,181.4,30.2,67,34.8,23.4
2026-06-17T14:30:00+05:30,2026-06-17 14:30:00,3.2,18.3,21.9,49,0,0,0,0,38.4,581.2,5,611.9,30.2,66,34.6,23.2
2026-06-17T14:25:00+05:30,2026-06-17 14:25:00,2.1,5.5,21.9,75,0,0,0,0,38.4,581.2,3,405.7,30.1,66,34.3,23.1
2026-06-17T14:20:00+05:30,2026-06-17 14:20:00,6.1,9.3,21.9,73,0,0,0,0,38.4,581.2,2,219.2,30.1,66,34.3,23.1
2026-06-17T14:15:00+05:30,2026-06-17 14:15:00,4.7,11.1,21.9,43,0,0,0,0,38.4,581.2,6,620.3,30,66,34.1,22.9
2026-06-17T14:10:00+05:30,2026-06-17 14:10:00,1.4,14.8,21.9,45,0,0,0,0,38.4,581.2,6,625.7,30,67,34.3,23.2
2026-06-17T14:05:00+05:30,2026-06-17 14:05:00,2.9,9.3,21.9,106,0,0,0,0,38.4,581.2,2,215.6,30,67,34.3,23.2
2026-06-17T14:00:00+05:30,2026-06-17 14:00:00,1.1,13,21.9,54,0,0,0,0,38.4,581.2,2,209,30,67,34.3,23.2
2026-06-17T13:55:00+05:30,2026-06-17 13:55:00,7.9,11.1,21.9,55,0,0,0,0,38.4,581.2,6,617.9,29.9,68,34.3,23.3
2026-06-17T13:50:00+05:30,2026-06-17 13:50:00,0.3,7.2,21.9,70,0,0,0,0,38.4,581.2,6,649.5,29.8,68,34.1,23.2
2026-06-17T13:46:00+05:30,2026-06-17 13:46:00,0.6,5.5,21.9,63,0,0,0,0,38.4,581.2,2,272.8,29.8,67,33.8,23
2026-06-17T13:40:00+05:30,2026-06-17 13:40:00,0,11.1,21.9,87,0,0,0,0,38.4,581.2,6,660.9,29.7,68,33.9,23.2
2026-06-17T13:35:00+05:30,2026-06-17 13:35:00,4,7.2,21.9,50,0,0,0,0,38.4,581.2,6,713.9,29.7,68,33.9,23.2
2026-06-17T13:30:00+05:30,2026-06-17 13:30:00,6.4,14.8,21.9,54,0,0,0,0,38.4,581.2,6,666,29.6,68,33.7,23.1
2026-06-17T13:25:00+05:30,2026-06-17 13:25:00,6.1,11.1,21.9,76,0,0,0,0,38.4,581.2,6,686.2,29.5,68,33.4,22.9
2026-06-17T13:20:00+05:30,2026-06-17 13:20:00,4.7,16.6,21.9,15,0,0,0,0,38.4,581.2,5,610.3,29.5,68,33.4,22.9
2026-06-17T13:15:00+05:30,2026-06-17 13:15:00,0,5.5,21.9,47,0,0,0,0,38.4,581.2,5,591.8,29.4,68,33.2,22.8
2026-06-17T13:10:00+05:30,2026-06-17 13:10:00,4.7,11.1,21.9,81,0,0,0,0,38.4,581.2,5,553.5,29.4,68,33.2,22.8
2026-06-17T13:05:00+05:30,2026-06-17 13:05:00,3.5,13,21.9,58,0,0,0,0,38.4,581.2,5,594.6,29.3,68,32.9,22.7
2026-06-17T13:00:00+05:30,2026-06-17 13:00:00,1.4,13,21.9,43,0,0,0,0,38.4,581.2,6,652.5,29.3,68,32.9,22.7
2026-06-17T12:55:00+05:30,2026-06-17 12:55:00,8.7,13,21.9,69,0,0,0,0,38.4,581.2,3,320.6,29.2,68,32.8,22.7
2026-06-17T12:50:00+05:30,2026-06-17 12:50:00,4.7,11.1,21.9,50,0,0,0,0,38.4,581.2,6,683,29.2,69,33,22.9
2026-06-17T12:45:00+05:30,2026-06-17 12:45:00,9.7,13,21.9,61,0,0,0,0,38.4,581.2,7,735.7,29.2,69,33,22.9
2026-06-17T12:41:00+05:30,2026-06-17 12:41:00,5.8,13,21.9,65,0,0,0,0,38.4,581.2,6,663.4,29.1,69,32.8,22.8
2026-06-17T12:35:00+05:30,2026-06-17 12:35:00,2.1,14.8,21.9,102,0,0,0,0,38.4,581.2,6,695.7,29.1,69,32.8,22.8
2026-06-17T12:30:00+05:30,2026-06-17 12:30:00,6.9,9.3,21.9,56,0,0,0,0,38.4,581.2,6,712.1,29.1,69,32.8,22.8
2026-06-17T12:25:00+05:30,2026-06-17 12:25:00,6.1,9.3,21.9,67,0,0,0,0,38.4,581.2,2,240.2,29.1,69,32.8,22.8
2026-06-17T12:20:00+05:30,2026-06-17 12:20:00,1.1,3.5,21.9,35,0,0,0,0,38.4,581.2,6,695.8,29.1,69,32.8,22.8
2026-06-17T12:15:00+05:30,2026-06-17 12:15:00,1.8,14.8,21.9,47,0,0,0,0,38.4,581.2,6,695,29,69,32.6,22.7
2026-06-17T12:10:00+05:30,2026-06-17 12:10:00,0,7.2,21.9,51,0,0,0,0,38.4,581.2,6,713.8,28.9,69,32.3,22.6
2026-06-17T12:05:00+05:30,2026-06-17 12:05:00,2.1,9.3,21.9,83,0,0,0,0,38.4,581.2,6,705.3,28.9,69,32.3,22.6
2026-06-17T12:00:00+05:30,2026-06-17 12:00:00,7.6,14.8,21.9,62,0,0,0,0,38.4,581.2,5,527.4,28.8,69,32.1,22.5
2026-06-17T11:55:00+05:30,2026-06-17 11:55:00,3.2,11.1,21.9,55,0,0,0,0,38.4,581.2,7,718.6,28.8,69,32.1,22.5
2026-06-17T11:50:00+05:30,2026-06-17 11:50:00,1.8,16.6,21.9,67,0,0,0,0,38.4,581.2,6,689.3,28.7,69,31.9,22.4
2026-06-17T11:45:00+05:30,2026-06-17 11:45:00,11.1,20.1,21.9,68,0,0,0,0,38.4,581.2,6,694.3,28.7,69,31.9,22.4
2026-06-17T11:40:00+05:30,2026-06-17 11:40:00,0.3,9.3,21.9,70,0,0,0,0,38.4,581.2,2,236.8,28.6,68,31.6,22.1
2026-06-17T11:35:00+05:30,2026-06-17 11:35:00,2.9,13,21.9,81,0,0,0,0,38.4,581.2,2,234.6,28.6,69,31.7,22.3
2026-06-17T11:30:00+05:30,2026-06-17 11:30:00,6.4,9.3,21.9,45,0,0,0,0,38.4,581.2,2,288.5,28.5,69,31.5,22.2
2026-06-17T11:25:00+05:30,2026-06-17 11:25:00,1.4,11.1,21.9,51,0,0,0,0,38.4,581.2,6,634.9,28.5,69,31.5,22.2
2026-06-17T11:20:00+05:30,2026-06-17 11:20:00,4.3,7.2,21.9,99,0,0,0,0,38.4,581.2,6,639.3,28.4,69,31.3,22.2
2026-06-17T11:15:00+05:30,2026-06-17 11:15:00,5.5,13,21.9,72,0,0,0,0,38.4,581.2,5,595.4,28.3,69,31.1,22.1
2026-06-17T11:10:00+05:30,2026-06-17 11:10:00,0,1.8,21.9,49,0,0,0,0,38.4,581.2,5,603.8,28.2,69,30.9,22
2026-06-17T11:05:00+05:30,2026-06-17 11:05:00,0,7.2,21.9,347,0,0,0,0,38.4,581.2,3,343,28.2,68,30.8,21.7
2026-06-17T11:00:00+05:30,2026-06-17 11:00:00,4.7,11.1,21.9,53,0,0,0,0,38.4,581.2,5,593.3,28.1,68,30.6,21.6
2026-06-17T10:55:00+05:30,2026-06-17 10:55:00,0.6,11.1,18.3,58,0,0,0,0,38.4,581.2,6,634.5,28.1,69,30.7,21.9
2026-06-17T10:50:00+05:30,2026-06-17 10:50:00,2.1,13,18.3,114,0,0,0,0,38.4,581.2,5,603.9,28,69,30.6,21.8
2026-06-17T10:45:00+05:30,2026-06-17 10:45:00,4,13,16.6,43,0,0,0,0,38.4,581.2,5,572.9,27.9,69,30.3,21.7
2026-06-17T10:40:00+05:30,2026-06-17 10:40:00,2.9,11.1,16.6,71,0,0,0,0,38.4,581.2,5,540.1,27.9,69,30.3,21.7
2026-06-17T10:35:00+05:30,2026-06-17 10:35:00,3.2,16.6,16.6,48,0,0,0,0,38.4,581.2,5,591.5,27.8,69,30.1,21.6
2026-06-17T10:30:00+05:30,2026-06-17 10:30:00,0,9.3,13,40,0,0,0,0,38.4,581.2,5,600.1,27.8,69,30.1,21.6
2026-06-17T10:25:00+05:30,2026-06-17 10:25:00,6.4,9.3,13,67,0,0,0,0,38.4,581.2,5,581.1,27.7,69,30,21.5
2026-06-17T10:20:00+05:30,2026-06-17 10:20:00,5,7.2,13,71,0,0,0,0,38.4,581.2,6,631.4,27.6,69,29.8,21.4
2026-06-17T10:16:00+05:30,2026-06-17 10:16:00,0.3,3.5,13,46,0,0,0,0,38.4,581.2,5,607.8,27.6,69,29.8,21.4
2026-06-17T10:10:00+05:30,2026-06-17 10:10:00,3.5,7.2,13,71,0,0,0,0,38.4,581.2,5,565.9,27.5,69,29.6,21.3
2026-06-17T10:05:00+05:30,2026-06-17 10:05:00,2.1,13,13,36,0,0,0,0,38.4,581.2,5,569.2,27.4,69,29.4,21.2
2026-06-17T10:00:00+05:30,2026-06-17 10:00:00,4.7,11.1,11.1,67,0,0,0,0,38.4,581.2,5,546,27.4,69,29.4,21.2
2026-06-17T09:55:00+05:30,2026-06-17 09:55:00,0,5.5,11.1,39,0,0,0,0,38.4,581.2,4,509.3,27.3,69,29.2,21.1
2026-06-17T09:50:00+05:30,2026-06-17 09:50:00,2.9,5.5,11.1,51,0,0,0,0,38.4,581.2,4,506.9,27.3,69,29.2,21.1
2026-06-17T09:45:00+05:30,2026-06-17 09:45:00,0,3.5,11.1,50,0,0,0,0,38.4,581.2,4,464.6,27.2,69,29.2,21
2026-06-17T09:40:00+05:30,2026-06-17 09:40:00,1.1,7.2,11.1,77,0,0,0,0,38.4,581.2,4,433.9,27.2,69,29.2,21
2026-06-17T09:35:00+05:30,2026-06-17 09:35:00,0,1.8,11.1,61,0,0,0,0,38.4,581.2,4,436.6,27.1,69,28.9,20.9
2026-06-17T09:30:00+05:30,2026-06-17 09:30:00,0.3,7.2,11.1,67,0,0,0,0,38.4,581.2,4,450.8,27.1,69,28.9,20.9
2026-06-17T09:25:00+05:30,2026-06-17 09:25:00,0,5.5,11.1,77,0,0,0,0,38.4,581.2,4,450.1,27,69,28.8,20.8
2026-06-17T09:20:00+05:30,2026-06-17 09:20:00,0,0,11.1,93,0,0,0,0,38.4,581.2,3,359.6,26.9,69,28.6,20.7
2026-06-17T09:15:00+05:30,2026-06-17 09:15:00,0.3,5.5,11.1,25,0,0,0,0,38.4,581.2,3,340.6,26.9,68,28.5,20.4
2026-06-17T09:11:00+05:30,2026-06-17 09:11:00,0.6,5.5,11.1,50,0,0,0,0,38.4,581.2,3,368.6,26.8,68,28.3,20.4
2026-06-17T09:05:00+05:30,2026-06-17 09:05:00,2.1,5.5,11.1,66,0,0,0,0,38.4,581.2,3,370,26.8,68,28.3,20.4
2026-06-17T09:00:00+05:30,2026-06-17 09:00:00,0,3.5,11.1,51,0,0,0,0,38.4,581.2,3,347.7,26.8,68,28.3,20.4
2026-06-17T08:56:00+05:30,2026-06-17 08:56:00,1.1,5.5,11.1,50,0,0,0,0,38.4,581.2,3,349.9,26.7,68,28.3,20.3
2026-06-17T08:50:00+05:30,2026-06-17 08:50:00,2.9,11.1,11.1,56,0,0,0,0,38.4,581.2,4,418.9,26.7,68,28.3,20.3
2026-06-17T08:45:00+05:30,2026-06-17 08:45:00,0.3,5.5,11.1,54,0,0,0,0,38.4,581.2,3,350.4,26.6,68,27.1,20.2
2026-06-17T08:40:00+05:30,2026-06-17 08:40:00,0,5.5,11.1,52,0,0,0,0,38.4,581.2,3,343.6,26.6,68,27.1,20.2
2026-06-17T08:35:00+05:30,2026-06-17 08:35:00,0,3.5,11.1,46,0,0,0,0,38.4,581.2,2,290.8,26.5,68,27,20.1
2026-06-17T08:30:00+05:30,2026-06-17 08:30:00,0,5.5,11.1,81,0,0,0,0,38.4,581.2,2,215.7,26.5,68,27,20.1
2026-06-17T08:25:00+05:30,2026-06-17 08:25:00,0.6,7.2,11.1,80,0,0,0,0,38.4,581.2,3,344.6,26.5,69,27,20.3
2026-06-17T08:20:00+05:30,2026-06-17 08:20:00,2.6,5.5,11.1,139,0,0,0,0,38.4,581.2,2,291.2,26.4,70,26.9,20.4
2026-06-17T08:15:00+05:30,2026-06-17 08:15:00,6.1,7.2,11.1,53,0,0,0,0,38.4,581.2,2,293.9,26.4,70,26.9,20.4
2026-06-17T08:10:00+05:30,2026-06-17 08:10:00,2.1,7.2,11.1,65,0,0,0,0,38.4,581.2,2,274.2,26.4,70,26.9,20.4
2026-06-17T08:05:00+05:30,2026-06-17 08:05:00,0.3,7.2,11.1,54,0,0,0,0,38.4,581.2,2,254.7,26.4,70,26.9,20.4
2026-06-17T08:00:00+05:30,2026-06-17 08:00:00,0,7.2,11.1,52,0,0,0,0,38.4,581.2,2,232.9,26.4,70,26.9,20.4
2026-06-17T07:55:00+05:30,2026-06-17 07:55:00,0,3.5,11.1,56,0,0,0,0,38.4,581.2,2,216.3,26.4,70,26.9,20.4
2026-06-17T07:51:00+05:30,2026-06-17 07:51:00,0,3.5,11.1,56,0,0,0,0,38.4,581.2,2,216.7,26.4,70,26.9,20.4
2026-06-17T07:45:00+05:30,2026-06-17 07:45:00,0,0,11.1,56,0,0,0,0,38.4,581.2,1,193.2,26.4,70,26.9,20.4
2026-06-17T07:40:00+05:30,2026-06-17 07:40:00,2.9,5.5,11.1,68,0,0,0,0,38.4,581.2,1,167.5,26.3,70,26.8,20.3
2026-06-17T07:35:00+05:30,2026-06-17 07:35:00,0,0,11.1,58,0,0,0,0,38.4,581.2,1,142.8,26.3,70,26.8,20.3
2026-06-17T07:30:00+05:30,2026-06-17 07:30:00,0,1.8,11.1,70,0,0,0,0,38.4,581.2,1,129,26.3,70,26.8,20.3
2026-06-17T07:25:00+05:30,2026-06-17 07:25:00,0,5.5,11.1,77,0,0,0,0,38.4,581.2,1,116.7,26.4,70,26.9,20.4
2026-06-17T07:20:00+05:30,2026-06-17 07:20:00,0,3.5,11.1,53,0,0,0,0,38.4,581.2,1,110.6,26.3,71,26.8,20.6
2026-06-17T07:15:00+05:30,2026-06-17 07:15:00,0,0,11.1,60,0,0,0,0,38.4,581.2,1,105.8,26.3,71,26.8,20.6
2026-06-17T07:10:00+05:30,2026-06-17 07:10:00,0,1.8,11.1,57,0,0,0,0,38.4,581.2,0,101.4,26.3,70,26.8,20.3
2026-06-17T07:05:00+05:30,2026-06-17 07:05:00,1.1,3.5,11.1,45,0,0,0,0,38.4,581.2,0,85.7,26.3,70,26.8,20.3
2026-06-17T07:00:00+05:30,2026-06-17 07:00:00,0.3,1.8,11.1,55,0,0,0,0,38.4,581.2,0,72.9,26.3,70,26.8,20.3
2026-06-17T06:55:00+05:30,2026-06-17 06:55:00,0,0,11.1,50,0,0,0,0,38.4,581.2,0,67.7,26.3,70,26.8,20.3
2026-06-17T06:50:00+05:30,2026-06-17 06:50:00,0,3.5,11.1,41,0,0,0,0,38.4,581.2,0,61.1,26.3,70,26.8,20.3
2026-06-17T06:46:00+05:30,2026-06-17 06:46:00,1.1,3.5,11.1,67,0,0,0,0,38.4,581.2,0,52.8,26.3,71,26.8,20.6
2026-06-17T06:40:00+05:30,2026-06-17 06:40:00,0,0,11.1,48,0,0,0,0,38.4,581.2,0,43.7,26.3,71,26.8,20.6
2026-06-17T06:35:00+05:30,2026-06-17 06:35:00,0,0,11.1,37,0,0,0,0,38.4,581.2,0,35.1,26.3,71,26.8,20.6
2026-06-17T06:30:00+05:30,2026-06-17 06:30:00,0,1.8,11.1,75,0,0,0,0,38.4,581.2,0,25.9,26.3,71,26.8,20.6
2026-06-17T06:25:00+05:30,2026-06-17 06:25:00,0,5.5,11.1,53,0,0,0,0,38.4,581.2,0,20.4,26.3,71,26.8,20.6
2026-06-17T06:20:00+05:30,2026-06-17 06:20:00,2.1,3.5,11.1,48,0,0,0,0,38.4,581.2,0,16.5,26.4,71,26.9,20.7
2026-06-17T06:15:00+05:30,2026-06-17 06:15:00,1.1,3.5,11.1,42,0,0,0,0,38.4,581.2,0,14.1,26.4,71,26.9,20.7
2026-06-17T06:10:00+05:30,2026-06-17 06:10:00,1.1,3.5,11.1,39,0,0,0,0,38.4,581.2,0,11.8,26.4,71,26.9,20.7
2026-06-17T06:05:00+05:30,2026-06-17 06:05:00,0,3.5,11.1,42,0,0,0,0,38.4,581.2,0,8.4,26.4,71,26.9,20.7
2026-06-17T06:00:00+05:30,2026-06-17 06:00:00,0,3.5,11.1,37,0,0,0,0,38.4,581.2,0,4.6,26.4,71,26.9,20.7
2026-06-17T05:55:00+05:30,2026-06-17 05:55:00,1.1,3.5,11.1,40,0,0,0,0,38.4,581.2,0,2.4,26.4,71,26.9,20.7
2026-06-17T05:50:00+05:30,2026-06-17 05:50:00,4.3,9.3,11.1,45,0,0,0,0,38.4,581.2,0,1.1,26.5,71,27.1,20.8
2026-06-17T05:45:00+05:30,2026-06-17 05:45:00,0.3,3.5,11.1,39,0,0,0,0,38.4,581.2,0,0.5,26.5,71,27.1,20.8
2026-06-17T05:40:00+05:30,2026-06-17 05:40:00,0,5.5,11.1,42,0,0,0,0,38.4,581.2,0,0.2,26.5,71,27.1,20.8
2026-06-17T05:35:00+05:30,2026-06-17 05:35:00,5.5,7.2,11.1,48,0,0,0,0,38.4,581.2,0,0,26.5,71,27.1,20.8
2026-06-17T05:30:00+05:30,2026-06-17 05:30:00,0.3,9.3,11.1,49,0,0,0,0,38.4,581.2,0,0,26.5,71,27.1,20.8
2026-06-17T05:26:00+05:30,2026-06-17 05:26:00,0,7.2,11.1,39,0,0,0,0,38.4,581.2,0,0,26.6,71,27.2,20.9
2026-06-17T05:20:00+05:30,2026-06-17 05:20:00,0.6,9.3,11.1,48,0,0,0,0,38.4,581.2,0,0,26.6,71,27.2,20.9
2026-06-17T05:15:00+05:30,2026-06-17 05:15:00,0.6,5.5,11.1,49,0,0,0,0,38.4,581.2,0,0,26.6,71,27.2,20.9
2026-06-17T05:10:00+05:30,2026-06-17 05:10:00,3.2,5.5,11.1,45,0,0,0,0,38.4,581.2,0,0,26.6,71,27.2,20.9
2026-06-17T05:05:00+05:30,2026-06-17 05:05:00,3.5,5.5,11.1,44,0,0,0,0,38.4,581.2,0,0,26.6,71,27.2,20.9
2026-06-17T05:00:00+05:30,2026-06-17 05:00:00,0,3.5,11.1,39,0,0,0,0,38.4,581.2,0,0,26.6,71,27.2,20.9
2026-06-17T04:55:00+05:30,2026-06-17 04:55:00,0,1.8,11.1,40,0,0,0,0,38.4,581.2,0,0,26.7,71,28.4,21
2026-06-17T04:50:00+05:30,2026-06-17 04:50:00,2.9,3.5,11.1,56,0,0,0,0,38.4,581.2,0,0,26.7,71,28.4,21
2026-06-17T04:45:00+05:30,2026-06-17 04:45:00,2.9,3.5,11.1,42,0,0,0,0,38.4,581.2,0,0,26.7,71,28.4,21
2026-06-17T04:40:00+05:30,2026-06-17 04:40:00,0,0,11.1,45,0,0,0,0,38.4,581.2,0,0,26.7,71,28.4,21
2026-06-17T04:35:00+05:30,2026-06-17 04:35:00,0,0,11.1,48,0,0,0,0,38.4,581.2,0,0,26.7,71,28.4,21
2026-06-17T04:30:00+05:30,2026-06-17 04:30:00,0,0,11.1,47,0,0,0,0,38.4,581.2,0,0,26.8,71,28.6,21.1
2026-06-17T04:25:00+05:30,2026-06-17 04:25:00,0,0,11.1,44,0,0,0,0,38.4,581.2,0,0,26.8,72,28.6,21.3
2026-06-17T04:20:00+05:30,2026-06-17 04:20:00,0,0,11.1,71,0,0,0,0,38.4,581.2,0,0,26.8,72,28.6,21.3
2026-06-17T04:15:00+05:30,2026-06-17 04:15:00,0,1.8,11.1,62,0,0,0,0,38.4,581.2,0,0,26.8,72,28.6,21.3
2026-06-17T04:10:00+05:30,2026-06-17 04:10:00,0,1.8,11.1,46,0,0,0,0,38.4,581.2,0,0,26.8,72,28.6,21.3
2026-06-17T04:05:00+05:30,2026-06-17 04:05:00,0,0,11.1,47,0,0,0,0,38.4,581.2,0,0,26.8,72,28.6,21.3
2026-06-17T04:00:00+05:30,2026-06-17 04:00:00,0,0,11.1,51,0,0,0,0,38.4,581.2,0,0,26.9,72,28.8,21.4
2026-06-17T03:55:00+05:30,2026-06-17 03:55:00,1.1,1.8,11.1,92,0,0,0,0,38.4,581.2,0,0,26.9,72,28.8,21.4
2026-06-17T03:50:00+05:30,2026-06-17 03:50:00,0,0,11.1,46,0,0,0,0,38.4,581.2,0,0,26.9,72,28.8,21.4
2026-06-17T03:45:00+05:30,2026-06-17 03:45:00,0,3.5,11.1,76,0,0,0,0,38.4,581.2,0,0,26.9,72,28.8,21.4
2026-06-17T03:40:00+05:30,2026-06-17 03:40:00,0,1.8,11.1,65,0,0,0,0,38.4,581.2,0,0,26.9,72,28.8,21.4
2026-06-17T03:35:00+05:30,2026-06-17 03:35:00,1.1,3.5,11.1,74,0,0,0,0,38.4,581.2,0,0,26.9,72,28.8,21.4
2026-06-17T03:30:00+05:30,2026-06-17 03:30:00,0.3,5.5,11.1,53,0,0,0,0,38.4,581.2,0,0,26.9,72,28.8,21.4
2026-06-17T03:25:00+05:30,2026-06-17 03:25:00,4.7,9.3,11.1,64,0,0,0,0,38.4,581.2,0,0,27,72,29,21.5
2026-06-17T03:20:00+05:30,2026-06-17 03:20:00,0,1.8,11.1,50,0,0,0,0,38.4,581.2,0,0,27,72,29,21.5
2026-06-17T03:15:00+05:30,2026-06-17 03:15:00,0,3.5,11.1,59,0,0,0,0,38.4,581.2,0,0,27,72,29,21.5
2026-06-17T03:10:00+05:30,2026-06-17 03:10:00,0,3.5,11.1,52,0,0,0,0,38.4,581.2,0,0,27,72,29,21.5
2026-06-17T03:05:00+05:30,2026-06-17 03:05:00,4,5.5,11.1,51,0,0,0,0,38.4,581.2,0,0,27,72,29,21.5
2026-06-17T03:01:00+05:30,2026-06-17 03:01:00,5.8,7.2,11.1,50,0,0,0,0,38.4,581.2,0,0,27,72,29,21.5
2026-06-17T02:55:00+05:30,2026-06-17 02:55:00,0.3,3.5,11.1,54,0,0,0,0,38.4,581.2,0,0,27.1,72,29.2,21.6
2026-06-17T02:50:00+05:30,2026-06-17 02:50:00,2.6,5.5,11.1,94,0,0,0,0,38.4,581.2,0,0,27.1,72,29.2,21.6
2026-06-17T02:45:00+05:30,2026-06-17 02:45:00,1.4,7.2,11.1,79,0,0,0,0,38.4,581.2,0,0,27.1,72,29.2,21.6
2026-06-17T02:40:00+05:30,2026-06-17 02:40:00,1.8,5.5,11.1,47,0,0,0,0,38.4,581.2,0,0,27.1,72,29.2,21.6
2026-06-17T02:35:00+05:30,2026-06-17 02:35:00,5.5,9.3,11.1,77,0,0,0,0,38.4,581.2,0,0,27.1,72,29.2,21.6
2026-06-17T02:30:00+05:30,2026-06-17 02:30:00,4.7,11.1,11.1,60,0,0,0,0,38.4,581.2,0,0,27.2,72,29.4,21.7
2026-06-17T02:25:00+05:30,2026-06-17 02:25:00,1.1,5.5,11.1,55,0,0,0,0,38.4,581.2,0,0,27.2,72,29.4,21.7
2026-06-17T02:20:00+05:30,2026-06-17 02:20:00,0,5.5,11.1,53,0,0,0,0,38.4,581.2,0,0,27.2,72,29.4,21.7
2026-06-17T02:15:00+05:30,2026-06-17 02:15:00,0,9.3,9.3,42,0,0,0,0,38.4,581.2,0,0,27.2,72,29.4,21.7
2026-06-17T02:10:00+05:30,2026-06-17 02:10:00,5,7.2,9.3,70,0,0,0,0,38.4,581.2,0,0,27.2,72,29.4,21.7
2026-06-17T02:05:00+05:30,2026-06-17 02:05:00,0,3.5,9.3,66,0,0,0,0,38.4,581.2,0,0,27.2,72,29.4,21.7
2026-06-17T02:00:00+05:30,2026-06-17 02:00:00,0,5.5,9.3,56,0,0,0,0,38.4,581.2,0,0,27.3,72,29.6,21.8
2026-06-17T01:56:00+05:30,2026-06-17 01:56:00,2.9,7.2,7.2,157,0,0,0,0,38.4,581.2,0,0,27.3,72,29.6,21.8
2026-06-17T01:50:00+05:30,2026-06-17 01:50:00,0.3,5.5,5.5,49,0,0,0,0,38.4,581.2,0,0,27.3,72,29.6,21.8
2026-06-17T01:45:00+05:30,2026-06-17 01:45:00,3.5,5.5,5.5,70,0,0,0,0,38.4,581.2,0,0,27.3,72,29.6,21.8
2026-06-17T01:40:00+05:30,2026-06-17 01:40:00,0,0,5.5,46,0,0,0,0,38.4,581.2,0,0,27.4,72,29.7,21.9
2026-06-17T01:35:00+05:30,2026-06-17 01:35:00,0,0,5.5,66,0,0,0,0,38.4,581.2,0,0,27.4,72,29.7,21.9
2026-06-17T01:30:00+05:30,2026-06-17 01:30:00,0,5.5,5.5,54,0,0,0,0,38.4,581.2,0,0,27.4,72,29.7,21.9
2026-06-17T01:25:00+05:30,2026-06-17 01:25:00,0,3.5,5.5,53,0,0,0,0,38.4,581.2,0,0,27.4,72,29.7,21.9
2026-06-17T01:20:00+05:30,2026-06-17 01:20:00,0,0,5.5,53,0,0,0,0,38.4,581.2,0,0,27.5,72,29.9,22
2026-06-17T01:15:00+05:30,2026-06-17 01:15:00,0,0,5.5,56,0,0,0,0,38.4,581.2,0,0,27.5,72,29.9,22
2026-06-17T01:10:00+05:30,2026-06-17 01:10:00,0,0,5.5,59,0,0,0,0,38.4,581.2,0,0,27.5,72,29.9,22
2026-06-17T01:05:00+05:30,2026-06-17 01:05:00,0,0,5.5,50,0,0,0,0,38.4,581.2,0,0,27.5,72,29.9,22
2026-06-17T01:00:00+05:30,2026-06-17 01:00:00,0,0,5.5,50,0,0,0,0,38.4,581.2,0,0,27.5,72,29.9,22
2026-06-17T00:55:00+05:30,2026-06-17 00:55:00,0,0,5.5,50,0,0,0,0,38.4,581.2,0,0,27.5,72,29.9,22
2026-06-17T00:51:00+05:30,2026-06-17 00:51:00,0,0,5.5,52,0,0,0,0,38.4,581.2,0,0,27.6,72,30.2,22.1
2026-06-17T00:45:00+05:30,2026-06-17 00:45:00,0,0,5.5,49,0,0,0,0,38.4,581.2,0,0,27.6,72,30.2,22.1
2026-06-17T00:40:00+05:30,2026-06-17 00:40:00,0,0,5.5,53,0,0,0,0,38.4,581.2,0,0,27.6,72,30.2,22.1
2026-06-17T00:35:00+05:30,2026-06-17 00:35:00,3.2,5.5,5.5,63,0,0,0,0,38.4,581.2,0,0,27.6,72,30.2,22.1
2026-06-17T00:30:00+05:30,2026-06-17 00:30:00,0,3.5,5.5,41,0,0,0,0,38.4,581.2,0,0,27.6,72,30.2,22.1
2026-06-17T00:25:00+05:30,2026-06-17 00:25:00,2.9,3.5,5.5,61,0,0,0,0,38.4,581.2,0,0,27.7,72,30.4,22.2
2026-06-17T00:20:00+05:30,2026-06-17 00:20:00,0,1.8,5.5,50,0,0,0,0,38.4,581.2,0,0,27.7,72,30.4,22.2
2026-06-17T00:15:00+05:30,2026-06-17 00:15:00,0,1.8,5.5,49,0,0,0,0,38.4,581.2,0,0,27.7,72,30.4,22.2
2026-06-17T00:10:00+05:30,2026-06-17 00:10:00,0.6,1.8,5.5,58,0,0,0,0,38.4,581.2,0,0,27.8,72,30.5,22.3
2026-06-17T00:05:00+05:30,2026-06-17 00:05:00,0,0,5.5,76,0,0,0,0,38.4,581.2,0,0,27.8,72,30.5,22.3
2026-06-17T00:00:00+05:30,2026-06-17 00:00:00,0,5.5,5.5,54,0,0,0,0,38.4,581.2,0,0,27.8,72,30.5,22.3
2026-06-16T23:55:00+05:30,2026-06-16 23:55:00,0,7.2,18.3,62,0,0,0,0,38.4,581.2,0,0,27.8,72,30.5,22.3
2026-06-16T23:50:00+05:30,2026-06-16 23:50:00,0,3.5,18.3,47,0,0,0,0,38.4,581.2,0,0,27.9,72,30.7,22.4
2026-06-16T23:46:00+05:30,2026-06-16 23:46:00,0,5.5,18.3,51,0,0,0,0,38.4,581.2,0,0,27.9,72,30.7,22.4
2026-06-16T23:40:00+05:30,2026-06-16 23:40:00,0,0,18.3,92,0,0,0,0,38.4,581.2,0,0,27.9,72,30.7,22.4
2026-06-16T23:35:00+05:30,2026-06-16 23:35:00,0,3.5,18.3,37,0,0,0,0,38.4,581.2,0,0,28,72,30.9,22.4
2026-06-16T23:30:00+05:30,2026-06-16 23:30:00,0,5.5,18.3,57,0,0,0,0,38.4,581.2,0,0,28,72,30.9,22.4
2026-06-16T23:25:00+05:30,2026-06-16 23:25:00,0,3.5,18.3,44,0,0,0,0,38.4,581.2,0,0,28,72,30.9,22.4
2026-06-16T23:20:00+05:30,2026-06-16 23:20:00,0,0,18.3,60,0,0,0,0,38.4,581.2,0,0,28,72,30.9,22.4
2026-06-16T23:15:00+05:30,2026-06-16 23:15:00,0,0,18.3,52,0,0,0,0,38.4,581.2,0,0,28,72,30.9,22.4
2026-06-16T23:10:00+05:30,2026-06-16 23:10:00,0,0,18.3,84,0,0,0,0,38.4,581.2,0,0,28,72,30.9,22.4
2026-06-16T23:05:00+05:30,2026-06-16 23:05:00,0,0,18.3,53,0,0,0,0,38.4,581.2,0,0,28.1,72,31.2,22.6
2026-06-16T23:00:00+05:30,2026-06-16 23:00:00,0,0,18.3,50,0,0,0,0,38.4,581.2,0,0,28.1,72,31.2,22.6
2026-06-16T22:55:00+05:30,2026-06-16 22:55:00,0,0,18.3,51,0,0,0,0,38.4,581.2,0,0,28.1,72,31.2,22.6
2026-06-16T22:50:00+05:30,2026-06-16 22:50:00,0.3,1.8,18.3,51,0,0,0,0,38.4,581.2,0,0,28.1,72,31.2,22.6
2026-06-16T22:45:00+05:30,2026-06-16 22:45:00,0,0,18.3,49,0,0,0,0,38.4,581.2,0,0,28.2,72,31.4,22.7
2026-06-16T22:40:00+05:30,2026-06-16 22:40:00,1.1,3.5,18.3,55,0,0,0,0,38.4,581.2,0,0,28.2,72,31.4,22.7
2026-06-16T22:35:00+05:30,2026-06-16 22:35:00,1.4,5.5,18.3,63,0,0,0,0,38.4,581.2,0,0,28.2,72,31.4,22.7
2026-06-16T22:30:00+05:30,2026-06-16 22:30:00,0,7.2,18.3,44,0,0,0,0,38.4,581.2,0,0,28.2,72,31.4,22.7
2026-06-16T22:26:00+05:30,2026-06-16 22:26:00,0,3.5,18.3,55,0,0,0,0,38.4,581.2,0,0,28.2,72,31.4,22.7
2026-06-16T22:20:00+05:30,2026-06-16 22:20:00,0,0,18.3,47,0,0,0,0,38.4,581.2,0,0,28.3,72,31.5,22.7
2026-06-16T22:15:00+05:30,2026-06-16 22:15:00,0,9.3,18.3,51,0,0,0,0,38.4,581.2,0,0,28.3,72,31.5,22.7
2026-06-16T22:10:00+05:30,2026-06-16 22:10:00,0,5.5,18.3,51,0,0,0,0,38.4,581.2,0,0,28.3,72,31.5,22.7
2026-06-16T22:05:00+05:30,2026-06-16 22:05:00,5.5,9.3,18.3,25,0,0,0,0,38.4,581.2,0,0,28.3,72,31.5,22.7
2026-06-16T22:00:00+05:30,2026-06-16 22:00:00,0.6,5.5,18.3,65,0,0,0,0,38.4,581.2,0,0,28.3,72,31.5,22.7
2026-06-16T21:55:00+05:30,2026-06-16 21:55:00,0.6,3.5,18.3,70,0,0,0,0,38.4,581.2,0,0,28.4,72,31.7,22.8
2026-06-16T21:50:00+05:30,2026-06-16 21:50:00,0,3.5,18.3,56,0,0,0,0,38.4,581.2,0,0,28.4,72,31.7,22.8
2026-06-16T21:45:00+05:30,2026-06-16 21:45:00,3.5,11.1,18.3,74,0,0,0,0,38.4,581.2,0,0,28.4,72,31.7,22.8
2026-06-16T21:40:00+05:30,2026-06-16 21:40:00,0,9.3,18.3,63,0,0,0,0,38.4,581.2,0,0,28.5,72,32,22.9
2026-06-16T21:35:00+05:30,2026-06-16 21:35:00,0.3,7.2,18.3,76,0,0,0,0,38.4,581.2,0,0,28.5,72,32,22.9
2026-06-16T21:30:00+05:30,2026-06-16 21:30:00,0,3.5,18.3,58,0,0,0,0,38.4,581.2,0,0,28.6,72,32.2,23.1
2026-06-16T21:25:00+05:30,2026-06-16 21:25:00,2.9,7.2,18.3,60,0,0,0,0,38.4,581.2,0,0,28.6,72,32.2,23.1
2026-06-16T21:21:00+05:30,2026-06-16 21:21:00,0,1.8,18.3,67,0,0,0,0,38.4,581.2,0,0,28.6,72,32.2,23.1
2026-06-16T21:15:00+05:30,2026-06-16 21:15:00,0,0,18.3,47,0,0,0,0,38.4,581.2,0,0,28.6,71,32.1,22.8
2026-06-16T21:10:00+05:30,2026-06-16 21:10:00,0,1.8,18.3,51,0,0,0,0,38.4,581.2,0,0,28.7,71,32.3,22.9
2026-06-16T21:05:00+05:30,2026-06-16 21:05:00,0,9.3,18.3,45,0,0,0,0,38.4,581.2,0,0,28.7,71,32.3,22.9
2026-06-16T21:00:00+05:30,2026-06-16 21:00:00,3.5,7.2,18.3,86,0,0,0,0,38.4,581.2,0,0,28.7,71,32.3,22.9
2026-06-16T20:55:00+05:30,2026-06-16 20:55:00,0,0,18.3,71,0,0,0,0,38.4,581.2,0,0,28.7,71,32.3,22.9
2026-06-16T20:50:00+05:30,2026-06-16 20:50:00,0,3.5,18.3,46,0,0,0,0,38.4,581.2,0,0,28.8,71,32.4,23
2026-06-16T20:45:00+05:30,2026-06-16 20:45:00,0,5.5,18.3,55,0,0,0,0,38.4,581.2,0,0,28.8,71,32.4,23
2026-06-16T20:40:00+05:30,2026-06-16 20:40:00,0,1.8,18.3,55,0,0,0,0,38.4,581.2,0,0,28.9,71,32.7,23.1
2026-06-16T20:35:00+05:30,2026-06-16 20:35:00,1.1,3.5,18.3,51,0,0,0,0,38.4,581.2,0,0,28.9,71,32.7,23.1
2026-06-16T20:30:00+05:30,2026-06-16 20:30:00,1.1,3.5,18.3,58,0,0,0,0,38.4,581.2,0,0,28.9,71,32.7,23.1
2026-06-16T20:25:00+05:30,2026-06-16 20:25:00,5,7.2,18.3,68,0,0,0,0,38.4,581.2,0,0,29,71,32.9,23.2
2026-06-16T20:20:00+05:30,2026-06-16 20:20:00,1.8,5.5,18.3,63,0,0,0,0,38.4,581.2,0,0,29,71,32.9,23.2
2026-06-16T20:16:00+05:30,2026-06-16 20:16:00,4.7,11.1,18.3,63,0,0,0,0,38.4,581.2,0,0,29,71,32.9,23.2
2026-06-16T20:10:00+05:30,2026-06-16 20:10:00,0,0,18.3,56,0,0,0,0,38.4,581.2,0,0,29.1,71,33.2,23.3
2026-06-16T20:05:00+05:30,2026-06-16 20:05:00,0,0,18.3,49,0,0,0,0,38.4,581.2,0,0,29.1,71,33.2,23.3
2026-06-16T20:00:00+05:30,2026-06-16 20:00:00,0,1.8,18.3,61,0,0,0,0,38.4,581.2,0,0,29.1,71,33.2,23.3
2026-06-16T19:55:00+05:30,2026-06-16 19:55:00,0,0,18.3,48,0,0,0,0,38.4,581.2,0,0,29.1,71,33.2,23.3
2026-06-16T19:50:00+05:30,2026-06-16 19:50:00,4,5.5,18.3,56,0,0,0,0,38.4,581.2,0,0,29.1,71,33.2,23.3
2026-06-16T19:45:00+05:30,2026-06-16 19:45:00,0.6,1.8,18.3,46,0,0,0,0,38.4,581.2,0,0,29.2,71,33.4,23.4
2026-06-16T19:40:00+05:30,2026-06-16 19:40:00,0,1.8,18.3,50,0,0,0,0,38.4,581.2,0,0,29.2,71,33.4,23.4
2026-06-16T19:35:00+05:30,2026-06-16 19:35:00,3.5,5.5,18.3,61,0,0,0,0,38.4,581.2,0,0,29.2,71,33.4,23.4
2026-06-16T19:30:00+05:30,2026-06-16 19:30:00,1.4,7.2,18.3,55,0,0,0,0,38.4,581.2,0,0,29.3,70,33.3,23.2
2026-06-16T19:25:00+05:30,2026-06-16 19:25:00,0,1.8,18.3,54,0,0,0,0,38.4,581.2,0,0,29.3,70,33.3,23.2
2026-06-16T19:20:00+05:30,2026-06-16 19:20:00,0,5.5,18.3,56,0,0,0,0,38.4,581.2,0,0,29.3,70,33.3,23.2
2026-06-16T19:15:00+05:30,2026-06-16 19:15:00,0,5.5,18.3,55,0,0,0,0,38.4,581.2,0,0,29.3,70,33.3,23.2
2026-06-16T19:10:00+05:30,2026-06-16 19:10:00,0,0,18.3,37,0,0,0,0,38.4,581.2,0,0,29.4,70,33.6,23.3
2026-06-16T19:05:00+05:30,2026-06-16 19:05:00,0,1.8,18.3,63,0,0,0,0,38.4,581.2,0,0,29.4,70,33.6,23.3
2026-06-16T19:00:00+05:30,2026-06-16 19:00:00,0,5.5,18.3,56,0,0,0,0,38.4,581.2,0,0,29.5,70,33.8,23.4
2026-06-16T18:55:00+05:30,2026-06-16 18:55:00,4.7,11.1,18.3,77,0,0,0,0,38.4,581.2,0,0,29.5,70,33.8,23.4
2026-06-16T18:50:00+05:30,2026-06-16 18:50:00,1.1,5.5,18.3,77,0,0,0,0,38.4,581.2,0,0,29.6,70,34.1,23.6
2026-06-16T18:45:00+05:30,2026-06-16 18:45:00,0,0,18.3,51,0,0,0,0,38.4,581.2,0,0,29.6,70,34.1,23.6
2026-06-16T18:40:00+05:30,2026-06-16 18:40:00,2.6,5.5,18.3,76,0,0,0,0,38.4,581.2,0,0.1,29.7,70,34.4,23.7
2026-06-16T18:35:00+05:30,2026-06-16 18:35:00,6.1,11.1,18.3,67,0,0,0,0,38.4,581.2,0,0.2,29.7,70,34.4,23.7
2026-06-16T18:30:00+05:30,2026-06-16 18:30:00,3.5,5.5,18.3,66,0,0,0,0,38.4,581.2,0,0.6,29.7,70,34.4,23.7
2026-06-16T18:25:00+05:30,2026-06-16 18:25:00,0.3,5.5,18.3,61,0,0,0,0,38.4,581.2,0,1.3,29.8,70,34.5,23.7
2026-06-16T18:20:00+05:30,2026-06-16 18:20:00,0.3,7.2,18.3,56,0,0,0,0,38.4,581.2,0,2.1,29.8,70,34.5,23.7
2026-06-16T18:15:00+05:30,2026-06-16 18:15:00,0.3,7.2,18.3,20,0,0,0,0,38.4,581.2,0,4.8,29.9,70,34.8,23.8
2026-06-16T18:10:00+05:30,2026-06-16 18:10:00,1.8,5.5,18.3,66,0,0,0,0,38.4,581.2,0,6.8,29.9,69,34.6,23.6
2026-06-16T18:05:00+05:30,2026-06-16 18:05:00,2.1,11.1,18.3,66,0,0,0,0,38.4,581.2,0,8,30,69,34.8,23.7
2026-06-16T18:00:00+05:30,2026-06-16 18:00:00,0,1.8,18.3,49,0,0,0,0,38.4,581.2,0,9.8,30,69,34.8,23.7
2026-06-16T17:55:00+05:30,2026-06-16 17:55:00,1.1,9.3,18.3,65,0,0,0,0,38.4,581.2,0,11.1,30,69,34.8,23.7
2026-06-16T17:51:00+05:30,2026-06-16 17:51:00,0,3.5,18.3,79,0,0,0,0,38.4,581.2,0,11.8,30.1,69,35.1,23.8
2026-06-16T17:45:00+05:30,2026-06-16 17:45:00,2.6,9.3,18.3,71,0,0,0,0,38.4,581.2,0,12.9,30.1,69,35.1,23.8
2026-06-16T17:40:00+05:30,2026-06-16 17:40:00,0,5.5,18.3,52,0,0,0,0,38.4,581.2,0,15,30.1,69,35.1,23.8
2026-06-16T17:35:00+05:30,2026-06-16 17:35:00,0.3,1.8,18.3,69,0,0,0,0,38.4,581.2,0,20.1,30.1,69,35.1,23.8
2026-06-16T17:30:00+05:30,2026-06-16 17:30:00,0,0,18.3,53,0,0,0,0,38.4,581.2,0,24.5,30.2,69,35.3,23.9
2026-06-16T17:25:00+05:30,2026-06-16 17:25:00,0,3.5,18.3,55,0,0,0,0,38.4,581.2,0,33.9,30.2,69,35.3,23.9
2026-06-16T17:20:00+05:30,2026-06-16 17:20:00,4,5.5,18.3,53,0,0,0,0,38.4,581.2,0,39.4,30.2,69,35.3,23.9
2026-06-16T17:15:00+05:30,2026-06-16 17:15:00,1.1,7.2,18.3,69,0,0,0,0,38.4,581.2,0,47.9,30.2,69,35.3,23.9
2026-06-16T17:10:00+05:30,2026-06-16 17:10:00,1.1,3.5,18.3,80,0,0,0,0,38.4,581.2,0,53.7,30.2,69,35.3,23.9
2026-06-16T17:05:00+05:30,2026-06-16 17:05:00,2.6,16.6,18.3,89,0,0,0,0,38.4,581.2,0,53.2,30.3,69,35.4,23.9
2026-06-16T17:00:00+05:30,2026-06-16 17:00:00,4.7,16.6,18.3,64,0,0,0,0,38.4,581.2,0,67.9,30.3,68,35.2,23.7
2026-06-16T16:55:00+05:30,2026-06-16 16:55:00,6.1,13,18.3,55,0,0,0,0,38.4,581.2,0,94.3,30.3,68,35.2,23.7
2026-06-16T16:50:00+05:30,2026-06-16 16:50:00,7.2,11.1,18.3,97,0,0,0,0,38.4,581.2,1,119.4,30.3,69,35.4,23.9
2026-06-16T16:46:00+05:30,2026-06-16 16:46:00,5.8,9.3,18.3,81,0,0,0,0,38.4,581.2,1,121.6,30.4,68,35.5,23.8
2026-06-16T16:40:00+05:30,2026-06-16 16:40:00,0,3.5,18.3,53,0,0,0,0,38.4,581.2,1,158.1,30.4,68,35.5,23.8
2026-06-16T16:35:00+05:30,2026-06-16 16:35:00,2.9,9.3,18.3,72,0,0,0,0,38.4,581.2,1,152.4,30.4,68,35.5,23.8
2026-06-16T16:30:00+05:30,2026-06-16 16:30:00,8.2,11.1,18.3,80,0,0,0,0,38.4,581.2,1,131.6,30.4,68,35.5,23.8
2026-06-16T16:25:00+05:30,2026-06-16 16:25:00,4,13,18.3,27,0,0,0,0,38.4,581.2,1,181,30.5,68,35.8,23.9
2026-06-16T16:20:00+05:30,2026-06-16 16:20:00,7.9,11.1,18.3,74,0,0,0,0,38.4,581.2,1,156.4,30.5,69,36,24.2
2026-06-16T16:15:00+05:30,2026-06-16 16:15:00,3.2,7.2,18.3,34,0,0,0,0,38.4,581.2,1,175.9,30.6,68,36,24
2026-06-16T16:10:00+05:30,2026-06-16 16:10:00,8.2,9.3,18.3,59,0,0,0,0,38.4,581.2,2,244.1,30.6,68,36,24
2026-06-16T16:05:00+05:30,2026-06-16 16:05:00,2.9,5.5,18.3,46,0,0,0,0,38.4,581.2,1,190.5,30.6,68,36,24
2026-06-16T16:00:00+05:30,2026-06-16 16:00:00,5,7.2,18.3,33,0,0,0,0,38.4,581.2,2,274.6,30.6,68,36,24
2026-06-16T15:55:00+05:30,2026-06-16 15:55:00,4,5.5,18.3,95,0,0,0,0,38.4,581.2,2,286.7,30.7,68,36.3,24.1
2026-06-16T15:50:00+05:30,2026-06-16 15:50:00,6.9,9.3,18.3,82,0,0,0,0,38.4,581.2,1,127.3,30.7,68,36.3,24.1
2026-06-16T15:45:00+05:30,2026-06-16 15:45:00,5.5,9.3,18.3,81,0,0,0,0,38.4,581.2,2,305.7,30.7,68,36.3,24.1
2026-06-16T15:41:00+05:30,2026-06-16 15:41:00,5.5,11.1,18.3,71,0,0,0,0,38.4,581.2,1,110.5,30.7,68,36.3,24.1
2026-06-16T15:39:00+05:30,2026-06-16 15:39:00,1.4,5.5,18.3,54,0,0,0,0,38.4,581.2,1,138,30.7,68,36.3,24.1
2026-06-15T10:50:00+05:30,2026-06-15 10:50:00,0,7.2,18.3,51,0,0,0,0,38.4,581.2,2,289.1,27.2,73,29.5,21.9
2026-06-15T10:45:00+05:30,2026-06-15 10:45:00,5.5,7.2,18.3,67,0,0,0,0,38.4,581.2,7,808.2,27.2,73,29.5,21.9
2026-06-15T10:40:00+05:30,2026-06-15 10:40:00,2.1,3.5,18.3,51,0,0,0,0,38.4,581.2,2,258.4,27,73,29.1,21.7
2026-06-15T10:35:00+05:30,2026-06-15 10:35:00,2.1,5.5,18.3,49,0,0,0,0,38.4,581.2,7,801.7,27,73,29.1,21.7
2026-06-15T10:30:00+05:30,2026-06-15 10:30:00,4,13,18.3,49,0,0,0,0,38.4,581.2,7,769,26.9,73,28.9,21.6
2026-06-15T10:25:00+05:30,2026-06-15 10:25:00,4.3,7.2,18.3,72,0,0,0,0,38.4,581.2,7,788.9,26.9,73,28.9,21.6
2026-06-15T10:20:00+05:30,2026-06-15 10:20:00,0.3,7.2,18.3,46,0,0,0,0,38.4,581.2,7,763.7,26.8,73,28.7,21.5
2026-06-15T10:16:00+05:30,2026-06-15 10:16:00,5.8,11.1,18.3,33,0,0,0,0,38.4,581.2,7,748.5,26.7,73,28.6,21.4
2026-06-15T10:10:00+05:30,2026-06-15 10:10:00,0.3,7.2,18.3,66,0,0,0,0,38.4,581.2,6,702.3,26.7,73,28.6,21.4
2026-06-15T10:05:00+05:30,2026-06-15 10:05:00,1.1,11.1,18.3,62,0,0,0,0,38.4,581.2,6,692.2,26.7,73,28.6,21.4
2026-06-15T10:00:00+05:30,2026-06-15 10:00:00,5.5,7.2,16.6,61,0,0,0,0,38.4,581.2,6,664.6,26.6,74,27.3,21.6
2026-06-15T09:55:00+05:30,2026-06-15 09:55:00,3.5,16.6,16.6,81,0,0,0,0,38.4,581.2,6,670.3,26.6,74,27.3,21.6
2026-06-15T09:50:00+05:30,2026-06-15 09:50:00,3.5,9.3,14.8,77,0,0,0,0,38.4,581.2,6,657.6,26.5,74,27.1,21.5
2026-06-15T09:45:00+05:30,2026-06-15 09:45:00,0,9.3,13,53,0,0,0,0,38.4,581.2,6,658.5,26.4,74,27,21.4
2026-06-15T09:41:00+05:30,2026-06-15 09:41:00,3.5,7.2,13,103,0,0,0,0,38.4,581.2,6,620.5,26.4,74,27,21.4
2026-06-15T09:35:00+05:30,2026-06-15 09:35:00,0.3,3.5,13,52,0,0,0,0,38.4,581.2,5,605.2,26.4,74,27,21.4
2026-06-15T09:30:00+05:30,2026-06-15 09:30:00,1.1,5.5,13,131,0,0,0,0,38.4,581.2,5,577,26.3,74,26.9,21.3
2026-06-15T09:25:00+05:30,2026-06-15 09:25:00,0,5.5,13,51,0,0,0,0,38.4,581.2,5,576,26.3,74,26.9,21.3
2026-06-15T09:20:00+05:30,2026-06-15 09:20:00,6.9,9.3,11.1,128,0,0,0,0,38.4,581.2,5,591.3,26.2,74,26.8,21.2
2026-06-15T09:15:00+05:30,2026-06-15 09:15:00,0,3.5,11.1,106,0,0,0,0,38.4,581.2,5,549.7,26.1,74,26.7,21.1
2026-06-15T09:10:00+05:30,2026-06-15 09:10:00,0,7.2,9.3,63,0,0,0,0,38.4,581.2,4,509,26.1,74,26.7,21.1
2026-06-15T09:05:00+05:30,2026-06-15 09:05:00,0,0,9.3,55,0,0,0,0,38.4,581.2,4,502.2,26.1,74,26.7,21.1
2026-06-15T09:00:00+05:30,2026-06-15 09:00:00,0.3,3.5,9.3,45,0,0,0,0,38.4,581.2,4,480,26,74,26.6,21
2026-06-15T08:55:00+05:30,2026-06-15 08:55:00,1.4,1.8,9.3,56,0,0,0,0,38.4,581.2,4,463.5,25.9,74,26.4,20.9
2026-06-15T08:50:00+05:30,2026-06-15 08:50:00,0,3.5,9.3,50,0,0,0,0,38.4,581.2,4,446,25.9,74,26.4,20.9
2026-06-15T08:45:00+05:30,2026-06-15 08:45:00,1.8,5.5,9.3,58,0,0,0,0,38.4,581.2,3,407,25.9,74,26.4,20.9
2026-06-15T08:40:00+05:30,2026-06-15 08:40:00,0.6,3.5,9.3,52,0,0,0,0,38.4,581.2,4,421.4,25.8,74,26.3,20.8
2026-06-15T08:35:00+05:30,2026-06-15 08:35:00,0,0,9.3,39,0,0,0,0,38.4,581.2,3,385.7,25.8,75,26.4,21
2026-06-15T08:30:00+05:30,2026-06-15 08:30:00,0,1.8,9.3,59,0,0,0,0,38.4,581.2,3,393.2,25.8,75,26.4,21
2026-06-15T08:25:00+05:30,2026-06-15 08:25:00,1.8,5.5,9.3,89,0,0,0,0,38.4,581.2,3,365.6,25.7,75,26.3,20.9
2026-06-15T08:20:00+05:30,2026-06-15 08:20:00,0,3.5,9.3,56,0,0,0,0,38.4,581.2,3,353.9,25.7,75,26.3,20.9
2026-06-15T08:15:00+05:30,2026-06-15 08:15:00,0,5.5,9.3,63,0,0,0,0,38.4,581.2,3,344.4,25.6,75,26.2,20.8
2026-06-15T08:10:00+05:30,2026-06-15 08:10:00,3.5,5.5,9.3,52,0,0,0,0,38.4,581.2,2,304.3,25.6,75,26.2,20.8
2026-06-15T08:05:00+05:30,2026-06-15 08:05:00,0,9.3,9.3,59,0,0,0,0,38.4,581.2,2,285.3,25.6,75,26.2,20.8
2026-06-15T08:00:00+05:30,2026-06-15 08:00:00,1.1,5.5,7.2,51,0,0,0,0,38.4,581.2,2,277,25.5,75,26.1,20.7
2026-06-15T07:55:00+05:30,2026-06-15 07:55:00,0,0,7.2,42,0,0,0,0,38.4,581.2,2,261.3,25.5,75,26.1,20.7
2026-06-15T07:50:00+05:30,2026-06-15 07:50:00,0.3,3.5,7.2,67,0,0,0,0,38.4,581.2,2,243.5,25.5,75,26.1,20.7
2026-06-15T07:45:00+05:30,2026-06-15 07:45:00,0,1.8,7.2,71,0,0,0,0,38.4,581.2,2,243.3,25.5,75,26.1,20.7
2026-06-15T07:40:00+05:30,2026-06-15 07:40:00,0,1.8,7.2,101,0,0,0,0,38.4,581.2,2,224.8,25.5,75,26.1,20.7
2026-06-15T07:35:00+05:30,2026-06-15 07:35:00,0.6,3.5,7.2,94,0,0,0,0,38.4,581.2,1,148.9,25.5,75,26.1,20.7
2026-06-15T07:30:00+05:30,2026-06-15 07:30:00,2.1,5.5,7.2,60,0,0,0,0,38.4,581.2,1,185.3,25.4,75,25.9,20.6
2026-06-15T07:25:00+05:30,2026-06-15 07:25:00,0,0,7.2,64,0,0,0,0,38.4,581.2,1,151.7,25.4,75,25.9,20.6
2026-06-15T07:20:00+05:30,2026-06-15 07:20:00,0,3.5,7.2,50,0,0,0,0,38.4,581.2,0,84.6,25.4,75,25.9,20.6
2026-06-15T07:16:00+05:30,2026-06-15 07:16:00,0,0,7.2,73,0,0,0,0,38.4,581.2,1,107.5,25.4,75,25.9,20.6
2026-06-15T07:10:00+05:30,2026-06-15 07:10:00,0,1.8,7.2,92,0,0,0,0,38.4,581.2,0,97.8,25.4,75,25.9,20.6
2026-06-15T07:05:00+05:30,2026-06-15 07:05:00,0,0,7.2,77,0,0,0,0,38.4,581.2,1,108.3,25.4,75,25.9,20.6
2026-06-15T07:00:00+05:30,2026-06-15 07:00:00,0,0,7.2,57,0,0,0,0,38.4,581.2,0,90.1,25.3,75,25.8,20.5
2026-06-15T06:55:00+05:30,2026-06-15 06:55:00,0,0,7.2,50,0,0,0,0,38.4,581.2,0,83.2,25.4,75,25.9,20.6
2026-06-15T06:50:00+05:30,2026-06-15 06:50:00,0,0,7.2,53,0,0,0,0,38.4,581.2,0,74.7,25.4,75,25.9,20.6
2026-06-15T06:45:00+05:30,2026-06-15 06:45:00,0,3.5,7.2,53,0,0,0,0,38.4,581.2,0,58,25.4,75,25.9,20.6
2026-06-15T06:40:00+05:30,2026-06-15 06:40:00,0,0,7.2,66,0,0,0,0,38.4,581.2,0,43,25.3,75,25.8,20.5
2026-06-15T06:35:00+05:30,2026-06-15 06:35:00,0,0,7.2,48,0,0,0,0,38.4,581.2,0,43.3,25.4,75,25.9,20.6
2026-06-15T06:30:00+05:30,2026-06-15 06:30:00,0,0,7.2,47,0,0,0,0,38.4,581.2,0,39,25.4,75,25.9,20.6
2026-06-15T06:25:00+05:30,2026-06-15 06:25:00,0,0,7.2,50,0,0,0,0,38.4,581.2,0,32.8,25.4,75,25.9,20.6
2026-06-15T06:20:00+05:30,2026-06-15 06:20:00,0,0,7.2,50,0,0,0,0,38.4,581.2,0,26.1,25.4,75,25.9,20.6
2026-06-15T06:15:00+05:30,2026-06-15 06:15:00,0,0,7.2,38,0,0,0,0,38.4,581.2,0,20.6,25.4,75,25.9,20.6
2026-06-15T06:11:00+05:30,2026-06-15 06:11:00,0,0,7.2,35,0,0,0,0,38.4,581.2,0,16.8,25.4,75,25.9,20.6
2026-06-15T06:05:00+05:30,2026-06-15 06:05:00,0,0,7.2,36,0,0,0,0,38.4,581.2,0,11.6,25.4,75,25.9,20.6
2026-06-15T06:00:00+05:30,2026-06-15 06:00:00,0,0,7.2,34,0,0,0,0,38.4,581.2,0,6.8,25.4,75,25.9,20.6
2026-06-15T05:55:00+05:30,2026-06-15 05:55:00,0,0,7.2,37,0,0,0,0,38.4,581.2,0,3.5,25.4,75,25.9,20.6
2026-06-15T05:50:00+05:30,2026-06-15 05:50:00,0,0,7.2,37,0,0,0,0,38.4,581.2,0,1.9,25.4,75,25.9,20.6
2026-06-15T05:45:00+05:30,2026-06-15 05:45:00,0,0,7.2,40,0,0,0,0,38.4,581.2,0,0.7,25.4,75,25.9,20.6
2026-06-15T05:40:00+05:30,2026-06-15 05:40:00,0,0,7.2,38,0,0,0,0,38.4,581.2,0,0.2,25.5,75,26.1,20.7
2026-06-15T05:35:00+05:30,2026-06-15 05:35:00,0,0,7.2,43,0,0,0,0,38.4,581.2,0,0.1,25.5,75,26.1,20.7
2026-06-15T05:30:00+05:30,2026-06-15 05:30:00,0,3.5,7.2,44,0,0,0,0,38.4,581.2,0,0,25.5,75,26.1,20.7
2026-06-15T05:25:00+05:30,2026-06-15 05:25:00,0,7.2,7.2,44,0,0,0,0,38.4,581.2,0,0,25.5,75,26.1,20.7
2026-06-15T05:20:00+05:30,2026-06-15 05:20:00,0,0,3.5,42,0,0,0,0,38.4,581.2,0,0,25.5,75,26.1,20.7
2026-06-15T05:15:00+05:30,2026-06-15 05:15:00,0,0,3.5,44,0,0,0,0,38.4,581.2,0,0,25.5,75,26.1,20.7
2026-06-15T05:10:00+05:30,2026-06-15 05:10:00,0,0,3.5,42,0,0,0,0,38.4,581.2,0,0,25.5,75,26.1,20.7
2026-06-15T05:06:00+05:30,2026-06-15 05:06:00,0,0,3.5,44,0,0,0,0,38.4,581.2,0,0,25.5,75,26.1,20.7
2026-06-15T05:00:00+05:30,2026-06-15 05:00:00,0,0,3.5,42,0,0,0,0,38.4,581.2,0,0,25.6,75,26.2,20.8
2026-06-15T04:55:00+05:30,2026-06-15 04:55:00,0,0,3.5,42,0,0,0,0,38.4,581.2,0,0,25.6,75,26.2,20.8
2026-06-15T04:50:00+05:30,2026-06-15 04:50:00,0,0,3.5,50,0,0,0,0,38.4,581.2,0,0,25.6,75,26.2,20.8
2026-06-15T04:45:00+05:30,2026-06-15 04:45:00,0,0,3.5,44,0,0,0,0,38.4,581.2,0,0,25.6,75,26.2,20.8
2026-06-15T04:40:00+05:30,2026-06-15 04:40:00,0,0,3.5,45,0,0,0,0,38.4,581.2,0,0,25.6,75,26.2,20.8
2026-06-15T04:35:00+05:30,2026-06-15 04:35:00,0,0,3.5,44,0,0,0,0,38.4,581.2,0,0,25.6,75,26.2,20.8
2026-06-15T04:30:00+05:30,2026-06-15 04:30:00,0,0,3.5,46,0,0,0,0,38.4,581.2,0,0,25.6,75,26.2,20.8
2026-06-15T04:25:00+05:30,2026-06-15 04:25:00,0,0,3.5,47,0,0,0,0,38.4,581.2,0,0,25.6,75,26.2,20.8
2026-06-15T04:20:00+05:30,2026-06-15 04:20:00,0,0,3.5,48,0,0,0,0,38.4,581.2,0,0,25.6,75,26.2,20.8
2026-06-15T04:15:00+05:30,2026-06-15 04:15:00,0,0,3.5,48,0,0,0,0,38.4,581.2,0,0,25.6,75,26.2,20.8
2026-06-15T04:10:00+05:30,2026-06-15 04:10:00,0,0,3.5,50,0,0,0,0,38.4,581.2,0,0,25.7,75,26.3,20.9
2026-06-15T04:05:00+05:30,2026-06-15 04:05:00,0,0,3.5,47,0,0,0,0,38.4,581.2,0,0,25.7,75,26.3,20.9
2026-06-15T04:00:00+05:30,2026-06-15 04:00:00,0,0,3.5,50,0,0,0,0,38.4,581.2,0,0,25.7,75,26.3,20.9
2026-06-15T03:55:00+05:30,2026-06-15 03:55:00,0,3.5,3.5,50,0,0,0,0,38.4,581.2,0,0,25.7,75,26.3,20.9
2026-06-15T03:50:00+05:30,2026-06-15 03:50:00,0,0,3.5,49,0,0,0,0,38.4,581.2,0,0,25.7,75,26.3,20.9
2026-06-15T03:46:00+05:30,2026-06-15 03:46:00,0,0,3.5,65,0,0,0,0,38.4,581.2,0,0,25.7,75,26.3,20.9
2026-06-15T03:40:00+05:30,2026-06-15 03:40:00,0,0,3.5,49,0,0,0,0,38.4,581.2,0,0,25.7,75,26.3,20.9
2026-06-15T03:35:00+05:30,2026-06-15 03:35:00,0,0,3.5,49,0,0,0,0,38.4,581.2,0,0,25.7,75,26.3,20.9
2026-06-15T03:30:00+05:30,2026-06-15 03:30:00,0,0,3.5,49,0,0,0,0,38.4,581.2,0,0,25.7,75,26.3,20.9
2026-06-15T03:25:00+05:30,2026-06-15 03:25:00,0,0,3.5,50,0,0,0,0,38.4,581.2,0,0,25.7,75,26.3,20.9
2026-06-15T03:20:00+05:30,2026-06-15 03:20:00,0,0,3.5,50,0,0,0,0,38.4,581.2,0,0,25.7,75,26.3,20.9
2026-06-15T03:15:00+05:30,2026-06-15 03:15:00,0,0,3.5,48,0,0,0,0,38.4,581.2,0,0,25.7,74,26.3,20.7
2026-06-15T03:10:00+05:30,2026-06-15 03:10:00,0,0,3.5,50,0,0,0,0,38.4,581.2,0,0,25.7,74,26.3,20.7
2026-06-15T03:05:00+05:30,2026-06-15 03:05:00,0,0,3.5,50,0,0,0,0,38.4,581.2,0,0,25.7,74,26.3,20.7
2026-06-15T03:00:00+05:30,2026-06-15 03:00:00,0,0,3.5,46,0,0,0,0,38.4,581.2,0,0,25.8,74,26.3,20.8
2026-06-15T02:55:00+05:30,2026-06-15 02:55:00,0,0,3.5,49,0,0,0,0,38.4,581.2,0,0,25.8,74,26.3,20.8
2026-06-15T02:50:00+05:30,2026-06-15 02:50:00,0,0,3.5,50,0,0,0,0,38.4,581.2,0,0,25.8,74,26.3,20.8
2026-06-15T02:45:00+05:30,2026-06-15 02:45:00,0,0,3.5,50,0,0,0,0,38.4,581.2,0,0,25.8,74,26.3,20.8
2026-06-15T02:41:00+05:30,2026-06-15 02:41:00,0,0,3.5,49,0,0,0,0,38.4,581.2,0,0,25.8,74,26.3,20.8
2026-06-15T02:35:00+05:30,2026-06-15 02:35:00,0,0,3.5,50,0,0,0,0,38.4,581.2,0,0,25.8,74,26.3,20.8
2026-06-15T02:30:00+05:30,2026-06-15 02:30:00,0,0,3.5,50,0,0,0,0,38.4,581.2,0,0,25.8,74,26.3,20.8
2026-06-15T02:25:00+05:30,2026-06-15 02:25:00,0,0,3.5,50,0,0,0,0,38.4,581.2,0,0,25.8,74,26.3,20.8
2026-06-15T02:20:00+05:30,2026-06-15 02:20:00,0,0,3.5,50,0,0,0,0,38.4,581.2,0,0,25.8,74,26.3,20.8
2026-06-15T02:15:00+05:30,2026-06-15 02:15:00,0,0,3.5,50,0,0,0,0,38.4,581.2,0,0,25.8,74,26.3,20.8
2026-06-15T02:10:00+05:30,2026-06-15 02:10:00,0,0,3.5,53,0,0,0,0,38.4,581.2,0,0,25.8,74,26.3,20.8
2026-06-15T02:05:00+05:30,2026-06-15 02:05:00,0,0,3.5,54,0,0,0,0,38.4,581.2,0,0,25.8,74,26.3,20.8
2026-06-15T02:00:00+05:30,2026-06-15 02:00:00,0,0,3.5,50,0,0,0,0,38.4,581.2,0,0,25.8,74,26.3,20.8
2026-06-15T01:55:00+05:30,2026-06-15 01:55:00,0,0,3.5,51,0,0,0,0,38.4,581.2,0,0,25.9,74,26.4,20.9
2026-06-15T01:51:00+05:30,2026-06-15 01:51:00,0,0,3.5,47,0,0,0,0,38.4,581.2,0,0,25.9,74,26.4,20.9
2026-06-15T01:45:00+05:30,2026-06-15 01:45:00,0,1.8,3.5,51,0,0,0,0,38.4,581.2,0,0,25.9,74,26.4,20.9
2026-06-15T01:40:00+05:30,2026-06-15 01:40:00,0,0,3.5,50,0,0,0,0,38.4,581.2,0,0,25.9,74,26.4,20.9
2026-06-15T01:35:00+05:30,2026-06-15 01:35:00,0,0,3.5,55,0,0,0,0,38.4,581.2,0,0,25.9,74,26.4,20.9
2026-06-15T01:30:00+05:30,2026-06-15 01:30:00,0,0,3.5,52,0,0,0,0,38.4,581.2,0,0,25.9,74,26.4,20.9
2026-06-15T01:25:00+05:30,2026-06-15 01:25:00,0,0,3.5,49,0,0,0,0,38.4,581.2,0,0,25.9,74,26.4,20.9
2026-06-15T01:20:00+05:30,2026-06-15 01:20:00,0,0,3.5,52,0,0,0,0,38.4,581.2,0,0,26,74,26.6,21
2026-06-15T01:15:00+05:30,2026-06-15 01:15:00,0,0,3.5,56,0,0,0,0,38.4,581.2,0,0,26,74,26.6,21
2026-06-15T01:10:00+05:30,2026-06-15 01:10:00,0,0,3.5,50,0,0,0,0,38.4,581.2,0,0,26,74,26.6,21
2026-06-15T01:05:00+05:30,2026-06-15 01:05:00,0,0,3.5,53,0,0,0,0,38.4,581.2,0,0,26,74,26.6,21
2026-06-15T01:00:00+05:30,2026-06-15 01:00:00,0,0,3.5,51,0,0,0,0,38.4,581.2,0,0,26,74,26.6,21
2026-06-15T00:55:00+05:30,2026-06-15 00:55:00,0,0,3.5,52,0,0,0,0,38.4,581.2,0,0,26,74,26.6,21
2026-06-15T00:50:00+05:30,2026-06-15 00:50:00,0,0,3.5,63,0,0,0,0,38.4,581.2,0,0,26,74,26.6,21
2026-06-15T00:45:00+05:30,2026-06-15 00:45:00,1.4,3.5,3.5,96,0,0,0,0,38.4,581.2,0,0,26.1,74,26.7,21.1
2026-06-15T00:40:00+05:30,2026-06-15 00:40:00,0,0,0,46,0,0,0,0,38.4,581.2,0,0,26.1,74,26.7,21.1
2026-06-15T00:35:00+05:30,2026-06-15 00:35:00,0,0,0,45,0,0,0,0,38.4,581.2,0,0,26.1,74,26.7,21.1
2026-06-15T00:30:00+05:30,2026-06-15 00:30:00,0,0,0,48,0,0,0,0,38.4,581.2,0,0,26.2,74,26.8,21.2
2026-06-15T00:25:00+05:30,2026-06-15 00:25:00,0,0,0,51,0,0,0,0,38.4,581.2,0,0,26.2,74,26.8,21.2
2026-06-15T00:20:00+05:30,2026-06-15 00:20:00,0,0,0,48,0,0,0,0,38.4,581.2,0,0,26.2,74,26.8,21.2
2026-06-15T00:15:00+05:30,2026-06-15 00:15:00,0,0,0,50,0,0,0,0,38.4,581.2,0,0,26.2,74,26.8,21.2
2026-06-15T00:10:00+05:30,2026-06-15 00:10:00,0,0,0,48,0,0,0,0,38.4,581.2,0,0,26.2,74,26.8,21.2
2026-06-15T00:05:00+05:30,2026-06-15 00:05:00,0,0,0,49,0,0,0,0,38.4,581.2,0,0,26.3,74,26.9,21.3
2026-06-15T00:00:00+05:30,2026-06-15 00:00:00,0,0,0,47,0,0,0,0,38.4,581.2,0,0,26.3,74,26.9,21.3
2026-06-14T23:55:00+05:30,2026-06-14 23:55:00,0,0,33.2,48,0,0,0,0,38.4,581.2,0,0,26.3,74,26.9,21.3
2026-06-14T23:50:00+05:30,2026-06-14 23:50:00,0,0,33.2,50,0,0,0,0,38.4,581.2,0,0,26.3,74,26.9,21.3
2026-06-14T23:45:00+05:30,2026-06-14 23:45:00,0,0,33.2,50,0,0,0,0,38.4,581.2,0,0,26.3,74,26.9,21.3
2026-06-14T23:40:00+05:30,2026-06-14 23:40:00,0,0,33.2,51,0,0,0,0,38.4,581.2,0,0,26.3,74,26.9,21.3
2026-06-14T23:35:00+05:30,2026-06-14 23:35:00,0,0,33.2,40,0,0,0,0,38.4,581.2,0,0,26.4,74,27,21.4
2026-06-14T23:30:00+05:30,2026-06-14 23:30:00,0,0,33.2,53,0,0,0,0,38.4,581.2,0,0,26.4,74,27,21.4
2026-06-14T23:25:00+05:30,2026-06-14 23:25:00,0,0,33.2,48,0,0,0,0,38.4,581.2,0,0,26.4,74,27,21.4
2026-06-14T23:20:00+05:30,2026-06-14 23:20:00,0,0,33.2,50,0,0,0,0,38.4,581.2,0,0,26.4,74,27,21.4
2026-06-14T23:15:00+05:30,2026-06-14 23:15:00,0,0,33.2,53,0,0,0,0,38.4,581.2,0,0,26.4,74,27,21.4
2026-06-14T23:10:00+05:30,2026-06-14 23:10:00,0,0,33.2,48,0,0,0,0,38.4,581.2,0,0,26.5,74,27.1,21.5
2026-06-14T23:05:00+05:30,2026-06-14 23:05:00,0,0,33.2,51,0,0,0,0,38.4,581.2,0,0,26.5,74,27.1,21.5
2026-06-14T23:00:00+05:30,2026-06-14 23:00:00,0,0,33.2,42,0,0,0,0,38.4,581.2,0,0,26.5,74,27.1,21.5
2026-06-14T22:55:00+05:30,2026-06-14 22:55:00,0,0,33.2,39,0,0,0,0,38.4,581.2,0,0,26.5,73,27.1,21.3
2026-06-14T22:50:00+05:30,2026-06-14 22:50:00,0,0,33.2,51,0,0,0,0,38.4,581.2,0,0,26.6,74,27.3,21.6
2026-06-14T22:45:00+05:30,2026-06-14 22:45:00,0,0,33.2,56,0,0,0,0,38.4,581.2,0,0,26.6,74,27.3,21.6
2026-06-14T22:40:00+05:30,2026-06-14 22:40:00,0,0,33.2,49,0,0,0,0,38.4,581.2,0,0,26.6,74,27.3,21.6
2026-06-14T22:35:00+05:30,2026-06-14 22:35:00,0,0,33.2,53,0,0,0,0,38.4,581.2,0,0,26.6,74,27.3,21.6
2026-06-14T22:30:00+05:30,2026-06-14 22:30:00,0,0,33.2,52,0,0,0,0,38.4,581.2,0,0,26.6,73,27.2,21.4
2026-06-14T22:25:00+05:30,2026-06-14 22:25:00,0,0,33.2,70,0,0,0,0,38.4,581.2,0,0,26.6,73,27.2,21.4
2026-06-14T22:21:00+05:30,2026-06-14 22:21:00,0,0,33.2,50,0,0,0,0,38.4,581.2,0,0,26.7,73,28.6,21.4
2026-06-14T22:15:00+05:30,2026-06-14 22:15:00,0,0,33.2,41,0,0,0,0,38.4,581.2,0,0,26.7,73,28.6,21.4
2026-06-14T22:10:00+05:30,2026-06-14 22:10:00,0,0,33.2,54,0,0,0,0,38.4,581.2,0,0,26.7,73,28.6,21.4
2026-06-14T22:05:00+05:30,2026-06-14 22:05:00,0,0,33.2,50,0,0,0,0,38.4,581.2,0,0,26.7,73,28.6,21.4
2026-06-14T22:00:00+05:30,2026-06-14 22:00:00,0,0,33.2,50,0,0,0,0,38.4,581.2,0,0,26.8,73,28.7,21.5
2026-06-14T21:55:00+05:30,2026-06-14 21:55:00,0,0,33.2,49,0,0,0,0,38.4,581.2,0,0,26.7,73,28.6,21.4
2026-06-14T21:50:00+05:30,2026-06-14 21:50:00,0,0,33.2,49,0,0,0,0,38.4,581.2,0,0,26.8,73,28.7,21.5
2026-06-14T21:45:00+05:30,2026-06-14 21:45:00,0,0,33.2,40,0,0,0,0,38.4,581.2,0,0,26.8,73,28.7,21.5
2026-06-14T21:40:00+05:30,2026-06-14 21:40:00,0,0,33.2,52,0,0,0,0,38.4,581.2,0,0,26.8,73,28.7,21.5
2026-06-14T21:35:00+05:30,2026-06-14 21:35:00,0,0,33.2,55,0,0,0,0,38.4,581.2,0,0,26.9,73,28.9,21.6
2026-06-14T21:30:00+05:30,2026-06-14 21:30:00,0,0,33.2,56,0,0,0,0,38.4,581.2,0,0,26.9,73,28.9,21.6
2026-06-14T21:25:00+05:30,2026-06-14 21:25:00,0,0,33.2,73,0,0,0,0,38.4,581.2,0,0,26.9,73,28.9,21.6
2026-06-14T21:20:00+05:30,2026-06-14 21:20:00,0,0,33.2,56,0,0,0,0,38.4,581.2,0,0,26.9,73,28.9,21.6
2026-06-14T21:16:00+05:30,2026-06-14 21:16:00,0.6,3.5,33.2,53,0,0,0,0,38.4,581.2,0,0,26.9,73,28.9,21.6
2026-06-14T21:10:00+05:30,2026-06-14 21:10:00,0,1.8,33.2,54,0,0,0,0,38.4,581.2,0,0,27,73,29.1,21.7
2026-06-14T21:05:00+05:30,2026-06-14 21:05:00,0,7.2,33.2,54,0,0,0,0,38.4,581.2,0,0,27,73,29.1,21.7
2026-06-14T21:00:00+05:30,2026-06-14 21:00:00,4.3,5.5,33.2,60,0,0,0,0,38.4,581.2,0,0,27,73,29.1,21.7
2026-06-14T20:55:00+05:30,2026-06-14 20:55:00,1.8,3.5,33.2,71,0,0,0,0,38.4,581.2,0,0,27.1,73,29.3,21.8
2026-06-14T20:50:00+05:30,2026-06-14 20:50:00,0,0,33.2,49,0,0,0,0,38.4,581.2,0,0,27.1,73,29.3,21.8
2026-06-14T20:45:00+05:30,2026-06-14 20:45:00,1.1,5.5,33.2,52,0,0,0,0,38.4,581.2,0,0,27.1,73,29.3,21.8
2026-06-14T20:40:00+05:30,2026-06-14 20:40:00,0,1.8,33.2,71,0,0,0,0,38.4,581.2,0,0,27.1,73,29.3,21.8
2026-06-14T20:35:00+05:30,2026-06-14 20:35:00,0,0,33.2,53,0,0,0,0,38.4,581.2,0,0,27.2,73,29.5,21.9
2026-06-14T20:30:00+05:30,2026-06-14 20:30:00,4,7.2,33.2,66,0,0,0,0,38.4,581.2,0,0,27.2,73,29.5,21.9
2026-06-14T20:25:00+05:30,2026-06-14 20:25:00,0,0,33.2,50,0,0,0,0,38.4,581.2,0,0,27.2,73,29.5,21.9
2026-06-14T20:20:00+05:30,2026-06-14 20:20:00,0,0,33.2,50,0,0,0,0,38.4,581.2,0,0,27.3,73,29.6,22
2026-06-14T20:15:00+05:30,2026-06-14 20:15:00,1.4,7.2,33.2,68,0,0,0,0,38.4,581.2,0,0,27.3,73,29.6,22
2026-06-14T20:11:00+05:30,2026-06-14 20:11:00,0,3.5,33.2,63,0,0,0,0,38.4,581.2,0,0,27.3,73,29.6,22
2026-06-14T20:05:00+05:30,2026-06-14 20:05:00,0,0,33.2,68,0,0,0,0,38.4,581.2,0,0,27.3,73,29.6,22
2026-06-14T20:00:00+05:30,2026-06-14 20:00:00,0,0,33.2,57,0,0,0,0,38.4,581.2,0,0,27.4,73,29.8,22.1
2026-06-14T19:55:00+05:30,2026-06-14 19:55:00,0,0,33.2,53,0,0,0,0,38.4,581.2,0,0,27.4,73,29.8,22.1
2026-06-14T19:50:00+05:30,2026-06-14 19:50:00,1.8,3.5,33.2,59,0,0,0,0,38.4,581.2,0,0,27.4,73,29.8,22.1
2026-06-14T19:45:00+05:30,2026-06-14 19:45:00,1.4,5.5,33.2,52,0,0,0,0,38.4,581.2,0,0,27.5,73,30.1,22.2
2026-06-14T19:40:00+05:30,2026-06-14 19:40:00,0,1.8,33.2,55,0,0,0,0,38.4,581.2,0,0,27.4,73,29.8,22.1
2026-06-14T19:35:00+05:30,2026-06-14 19:35:00,0,0,33.2,60,0,0,0,0,38.4,581.2,0,0,27.5,73,30.1,22.2
2026-06-14T19:30:00+05:30,2026-06-14 19:30:00,2.6,5.5,33.2,64,0,0,0,0,38.4,581.2,0,0,27.5,73,30.1,22.2
2026-06-14T19:25:00+05:30,2026-06-14 19:25:00,0,0,33.2,58,0,0,0,0,38.4,581.2,0,0,27.5,73,30.1,22.2
2026-06-14T19:20:00+05:30,2026-06-14 19:20:00,0,0,33.2,64,0,0,0,0,38.4,581.2,0,0,27.5,73,30.1,22.2
2026-06-14T19:15:00+05:30,2026-06-14 19:15:00,0,1.8,33.2,53,0,0,0,0,38.4,581.2,0,0,27.6,73,30.3,22.3
2026-06-14T19:10:00+05:30,2026-06-14 19:10:00,0,0,33.2,63,0,0,0,0,38.4,581.2,0,0,27.6,72,30.2,22.1
2026-06-14T19:05:00+05:30,2026-06-14 19:05:00,2.9,7.2,33.2,54,0,0,0,0,38.4,581.2,0,0,27.6,72,30.2,22.1
2026-06-14T19:00:00+05:30,2026-06-14 19:00:00,2.9,5.5,33.2,46,0,0,0,0,38.4,581.2,0,0,27.6,72,30.2,22.1
2026-06-14T18:55:00+05:30,2026-06-14 18:55:00,0,9.3,33.2,46,0,0,0,0,38.4,581.2,0,0,27.6,72,30.2,22.1
2026-06-14T18:51:00+05:30,2026-06-14 18:51:00,2.1,5.5,33.2,76,0,0,0,0,38.4,581.2,0,0,27.6,72,30.2,22.1
2026-06-14T18:45:00+05:30,2026-06-14 18:45:00,4.7,7.2,33.2,44,0,0,0,0,38.4,581.2,0,0,27.6,72,30.2,22.1
2026-06-14T18:40:00+05:30,2026-06-14 18:40:00,0,1.8,33.2,52,0,0,0,0,38.4,581.2,0,0.1,27.7,72,30.4,22.2
2026-06-14T18:35:00+05:30,2026-06-14 18:35:00,0,5.5,33.2,58,0,0,0,0,38.4,581.2,0,0.3,27.7,72,30.4,22.2
2026-06-14T18:30:00+05:30,2026-06-14 18:30:00,0.3,5.5,33.2,53,0,0,0,0,38.4,581.2,0,0.9,27.7,72,30.4,22.2
2026-06-14T18:25:00+05:30,2026-06-14 18:25:00,4.7,7.2,33.2,35,0,0,0,0,38.4,581.2,0,2.1,27.8,72,30.5,22.3
2026-06-14T18:20:00+05:30,2026-06-14 18:20:00,0.3,13,33.2,57,0,0,0,0,38.4,581.2,0,4.5,27.8,71,30.4,22
2026-06-14T18:15:00+05:30,2026-06-14 18:15:00,4.7,7.2,33.2,62,0,0,0,0,38.4,581.2,0,7,27.9,72,30.7,22.4
2026-06-14T18:10:00+05:30,2026-06-14 18:10:00,0.3,13,33.2,57,0,0,0,0,38.4,581.2,0,10.2,27.9,71,30.6,22.1
2026-06-14T18:05:00+05:30,2026-06-14 18:05:00,2.6,11.1,33.2,45,0,0,0,0,38.4,581.2,0,13.2,27.9,71,30.6,22.1
2026-06-14T18:00:00+05:30,2026-06-14 18:00:00,9.3,16.6,33.2,45,0,0,0,0,38.4,581.2,0,16.4,28,71,30.8,22.2
2026-06-14T17:55:00+05:30,2026-06-14 17:55:00,9.7,14.8,33.2,71,0,0,0,0,38.4,581.2,0,23.3,28.1,71,31,22.3
2026-06-14T17:50:00+05:30,2026-06-14 17:50:00,2.1,9.3,33.2,72,0,0,0,0,38.4,581.2,0,26.7,28.1,71,31,22.3
2026-06-14T17:46:00+05:30,2026-06-14 17:46:00,5.5,18.3,33.2,72,0,0,0,0,38.4,581.2,0,31.6,28.1,71,31,22.3
2026-06-14T17:40:00+05:30,2026-06-14 17:40:00,0.3,5.5,33.2,74,0,0,0,0,38.4,581.2,0,36.5,28.2,72,31.4,22.7
2026-06-14T17:35:00+05:30,2026-06-14 17:35:00,5.8,7.2,33.2,89,0,0,0,0,38.4,581.2,0,40.1,28.3,72,31.5,22.7
2026-06-14T17:30:00+05:30,2026-06-14 17:30:00,0,5.5,33.2,51,0,0,0,0,38.4,581.2,0,48.3,28.3,72,31.5,22.7
2026-06-14T17:25:00+05:30,2026-06-14 17:25:00,1.1,9.3,33.2,51,0,0,0,0,38.4,581.2,0,47.7,28.3,72,31.5,22.7
2026-06-14T17:20:00+05:30,2026-06-14 17:20:00,0,11.1,33.2,42,0,0,0,0,38.4,581.2,0,54.1,28.4,72,31.7,22.8
2026-06-14T17:15:00+05:30,2026-06-14 17:15:00,1.1,13,33.2,53,0,0,0,0,38.4,581.2,0,44.1,28.4,72,31.7,22.8
2026-06-14T17:10:00+05:30,2026-06-14 17:10:00,0.3,11.1,33.2,57,0,0,0,0,38.4,581.2,0,78.7,28.4,72,31.7,22.8
2026-06-14T17:05:00+05:30,2026-06-14 17:05:00,5.5,13,33.2,81,0,0,0,0,38.4,581.2,0,60.4,28.4,72,31.7,22.8
2026-06-14T17:00:00+05:30,2026-06-14 17:00:00,0.6,14.8,33.2,76,0,0,0,0,38.4,581.2,0,81.7,28.4,72,31.7,22.8
2026-06-14T16:55:00+05:30,2026-06-14 16:55:00,11.6,16.6,33.2,47,0,0,0,0,38.4,581.2,0,86.4,28.4,72,31.7,22.8
2026-06-14T16:50:00+05:30,2026-06-14 16:50:00,2.9,7.2,33.2,66,0,0,0,0,38.4,581.2,1,102.8,28.4,72,31.7,22.8
2026-06-14T16:45:00+05:30,2026-06-14 16:45:00,0,7.2,33.2,62,0,0,0,0,38.4,581.2,1,142.7,28.4,72,31.7,22.8
2026-06-14T16:41:00+05:30,2026-06-14 16:41:00,8.2,11.1,33.2,60,0,0,0,0,38.4,581.2,1,148.7,28.5,72,32,22.9
2026-06-14T16:35:00+05:30,2026-06-14 16:35:00,1.4,9.3,33.2,92,0,0,0,0,38.4,581.2,1,163.9,28.5,72,32,22.9
2026-06-14T16:30:00+05:30,2026-06-14 16:30:00,1.1,9.3,33.2,72,0,0,0,0,38.4,581.2,1,184.5,28.5,72,32,22.9
2026-06-14T16:25:00+05:30,2026-06-14 16:25:00,2.9,13,33.2,87,0,0,0,0,38.4,581.2,1,119.2,28.5,72,32,22.9
2026-06-14T16:20:00+05:30,2026-06-14 16:20:00,3.2,5.5,33.2,50,0,0,0,0,38.4,581.2,0,50,28.6,72,32.2,23.1
2026-06-14T16:15:00+05:30,2026-06-14 16:15:00,0.3,7.2,33.2,51,0,0,0,0,38.4,581.2,0,79.3,28.6,72,32.2,23.1
2026-06-14T16:10:00+05:30,2026-06-14 16:10:00,5,7.2,33.2,71,0,0,0,0,38.4,581.2,1,103.1,28.6,72,32.2,23.1
2026-06-14T16:05:00+05:30,2026-06-14 16:05:00,0.6,5.5,33.2,69,0,0,0,0,38.4,581.2,0,74.6,28.6,72,32.2,23.1
2026-06-14T16:00:00+05:30,2026-06-14 16:00:00,0.3,3.5,33.2,62,0,0,0,0,38.4,581.2,0,78,28.6,72,32.2,23.1
2026-06-14T15:55:00+05:30,2026-06-14 15:55:00,4.7,11.1,33.2,67,0,0,0,0,38.4,581.2,1,128.8,28.6,72,32.2,23.1
2026-06-14T15:50:00+05:30,2026-06-14 15:50:00,6.1,7.2,33.2,65,0,0,0,0,38.4,581.2,1,161.2,28.7,72,32.5,23.2
2026-06-14T15:45:00+05:30,2026-06-14 15:45:00,2.1,9.3,33.2,70,0,0,0,0,38.4,581.2,1,125.4,28.7,72,32.5,23.2
2026-06-14T15:40:00+05:30,2026-06-14 15:40:00,0,3.5,33.2,58,0,0,0,0,38.4,581.2,1,123.8,28.7,72,32.5,23.2
2026-06-14T15:35:00+05:30,2026-06-14 15:35:00,0.6,5.5,33.2,51,0,0,0,0,38.4,581.2,1,143.3,28.7,72,32.5,23.2
2026-06-14T15:30:00+05:30,2026-06-14 15:30:00,1.1,11.1,33.2,64,0,0,0,0,38.4,581.2,1,162.5,28.7,72,32.5,23.2
2026-06-14T15:25:00+05:30,2026-06-14 15:25:00,8.7,14.8,33.2,53,0,0,0,0,38.4,581.2,1,134.4,28.7,72,32.5,23.2
2026-06-14T15:20:00+05:30,2026-06-14 15:20:00,1.4,3.5,33.2,129,0,0,0,0,38.4,581.2,4,423.6,28.7,73,32.7,23.4
2026-06-14T15:15:00+05:30,2026-06-14 15:15:00,1.1,5.5,33.2,45,0,0,0,0,38.4,581.2,5,556.5,28.7,73,32.7,23.4
2026-06-14T15:10:00+05:30,2026-06-14 15:10:00,5.8,13,33.2,69,0,0,0,0,38.4,581.2,5,517.2,28.7,73,32.7,23.4
2026-06-14T15:05:00+05:30,2026-06-14 15:05:00,4,7.2,33.2,110,0,0,0,0,38.4,581.2,1,108.2,28.7,73,32.7,23.4
2026-06-14T15:00:00+05:30,2026-06-14 15:00:00,2.1,7.2,33.2,51,0,0,0,0,38.4,581.2,1,140.8,28.7,73,32.7,23.4
2026-06-14T14:55:00+05:30,2026-06-14 14:55:00,6.1,13,33.2,68,0,0,0,0,38.4,581.2,5,561.7,28.6,73,32.4,23.3
2026-06-14T14:50:00+05:30,2026-06-14 14:50:00,11.1,14.8,33.2,73,0,0,0,0,38.4,581.2,6,629.9,28.6,73,32.4,23.3
2026-06-14T14:45:00+05:30,2026-06-14 14:45:00,4,14.8,33.2,56,0,0,0,0,38.4,581.2,6,637.5,28.6,73,32.4,23.3
2026-06-14T14:40:00+05:30,2026-06-14 14:40:00,4,13,33.2,25,0,0,0,0,38.4,581.2,6,648.8,28.5,74,32.3,23.4
2026-06-14T14:35:00+05:30,2026-06-14 14:35:00,4,11.1,33.2,78,0,0,0,0,38.4,581.2,6,636.5,28.5,73,32.2,23.2
2026-06-14T14:30:00+05:30,2026-06-14 14:30:00,4,11.1,33.2,65,0,0,0,0,38.4,581.2,6,698.9,28.5,73,32.2,23.2
2026-06-14T14:25:00+05:30,2026-06-14 14:25:00,4,21.9,33.2,74,0,0,0,0,38.4,581.2,6,663.9,28.4,73,31.9,23.1
2026-06-14T14:20:00+05:30,2026-06-14 14:20:00,7.9,13,33.2,69,0,0,0,0,38.4,581.2,3,310.5,28.4,73,31.9,23.1
2026-06-14T14:16:00+05:30,2026-06-14 14:16:00,12.2,29.5,33.2,30,0,0,0,0,38.4,581.2,2,279.3,28.3,74,31.8,23.2
2026-06-14T14:10:00+05:30,2026-06-14 14:10:00,3.5,11.1,33.2,68,0,0,0,0,38.4,581.2,6,683,28.3,74,31.8,23.2
2026-06-14T14:05:00+05:30,2026-06-14 14:05:00,4.7,7.2,33.2,54,0,0,0,0,38.4,581.2,6,685.1,28.2,74,31.7,23.1
2026-06-14T14:00:00+05:30,2026-06-14 14:00:00,1.8,14.8,33.2,111,0,0,0,0,38.4,581.2,6,710.5,28.1,74,31.4,23
2026-06-14T13:55:00+05:30,2026-06-14 13:55:00,5.5,16.6,33.2,35,0,0,0,0,38.4,581.2,6,714.9,28.1,74,31.4,23
2026-06-14T13:50:00+05:30,2026-06-14 13:50:00,4,7.2,33.2,47,0,0,0,0,38.4,581.2,6,698.9,28,74,31.2,22.9
2026-06-14T13:45:00+05:30,2026-06-14 13:45:00,0.6,11.1,33.2,31,0,0,0,0,38.4,581.2,7,755.4,28,74,31.2,22.9
2026-06-14T13:40:00+05:30,2026-06-14 13:40:00,4.7,9.3,33.2,74,0,0,0,0,38.4,581.2,1,194.6,27.9,74,31,22.8
2026-06-14T13:35:00+05:30,2026-06-14 13:35:00,8.2,11.1,33.2,83,0,0,0,0,38.4,581.2,7,741.9,27.9,74,31,22.8
2026-06-14T13:30:00+05:30,2026-06-14 13:30:00,0,1.8,33.2,34,0,0,0,0,38.4,581.2,7,725,27.8,74,30.7,22.7
2026-06-14T13:25:00+05:30,2026-06-14 13:25:00,0.3,1.8,33.2,78,0,0,0,0,38.4,581.2,7,773.7,27.8,74,30.7,22.7
2026-06-14T13:20:00+05:30,2026-06-14 13:20:00,0.6,1.8,33.2,45,0,0,0,0,38.4,581.2,7,789.4,27.8,74,30.7,22.7
2026-06-14T13:15:00+05:30,2026-06-14 13:15:00,3.5,11.1,33.2,41,0,0,0,0,38.4,581.2,3,363.8,27.7,75,30.8,22.9
2026-06-14T13:11:00+05:30,2026-06-14 13:11:00,0.3,1.8,33.2,58,0,0,0,0,38.4,581.2,2,271.1,27.6,75,30.5,22.8
2026-06-14T13:05:00+05:30,2026-06-14 13:05:00,2.1,5.5,33.2,19,0,0,0,0,38.4,581.2,7,777.1,27.6,76,30.7,23
2026-06-14T13:00:00+05:30,2026-06-14 13:00:00,2.1,5.5,33.2,48,0,0,0,0,38.4,581.2,7,776.3,27.6,76,30.7,23
2026-06-14T12:55:00+05:30,2026-06-14 12:55:00,6.4,11.1,33.2,79,0,0,0,0,38.4,581.2,6,632.1,27.5,76,30.4,22.9
2026-06-14T12:50:00+05:30,2026-06-14 12:50:00,4.7,14.8,33.2,69,0,0,0,0,38.4,581.2,8,850.6,27.4,76,30.2,22.8
2026-06-14T12:45:00+05:30,2026-06-14 12:45:00,2.1,7.2,33.2,69,0,0,0,0,38.4,581.2,7,788,27.4,76,30.2,22.8
2026-06-14T12:40:00+05:30,2026-06-14 12:40:00,6.4,14.8,33.2,126,0,0,0,0,38.4,581.2,7,795.5,27.3,76,29.9,22.7
2026-06-14T12:35:00+05:30,2026-06-14 12:35:00,3.5,11.1,33.2,47,0,0,0,0,38.4,581.2,4,506.5,27.3,76,29.9,22.7
2026-06-14T12:30:00+05:30,2026-06-14 12:30:00,0,14.8,33.2,51,0,0,0,0,38.4,581.2,7,775.2,27.2,76,29.8,22.6
2026-06-14T12:25:00+05:30,2026-06-14 12:25:00,14.3,23.8,27.7,81,0,0,0,0,38.4,581.2,7,753.6,27.1,77,29.7,22.7
2026-06-14T12:20:00+05:30,2026-06-14 12:20:00,5.5,11.1,27.7,79,0,0,0,0,38.4,581.2,7,770.2,27.1,77,29.7,22.7
2026-06-14T12:15:00+05:30,2026-06-14 12:15:00,9,14.8,27.7,70,0,0,0,0,38.4,581.2,8,871.7,27,77,29.4,22.6
2026-06-14T12:10:00+05:30,2026-06-14 12:10:00,2.9,13,20.1,31,0,0,0,0,38.4,581.2,8,833.3,26.9,77,29.2,22.5
2026-06-14T12:06:00+05:30,2026-06-14 12:06:00,0,14.8,20.1,30,0,0,0,0,38.4,581.2,2,234.8,26.8,77,29,22.4
2026-06-14T12:00:00+05:30,2026-06-14 12:00:00,11.1,14.8,20.1,50,0,0,0,0,38.4,581.2,8,902.6,26.8,78,29.1,22.6
2026-06-14T11:55:00+05:30,2026-06-14 11:55:00,6.4,9.3,20.1,49,0,0,0,0,38.4,581.2,8,873,26.7,78,29,22.6
2026-06-14T11:50:00+05:30,2026-06-14 11:50:00,2.9,13,20.1,64,0,0,0,0,38.4,581.2,2,211.3,26.6,78,27.4,22.4
2026-06-14T11:45:00+05:30,2026-06-14 11:45:00,9.7,18.3,20.1,97,0,0,0,0,38.4,581.2,8,888.8,26.6,78,27.4,22.4
2026-06-14T11:40:00+05:30,2026-06-14 11:40:00,3.5,5.5,20.1,68,0,0,0,0,38.4,581.2,8,893.3,26.5,78,27.2,22.3
2026-06-14T11:35:00+05:30,2026-06-14 11:35:00,1.1,3.5,20.1,59,0,0,0,0,38.4,581.2,2,215.7,26.4,78,27.1,22.2
2026-06-14T11:30:00+05:30,2026-06-14 11:30:00,9.7,14.8,20.1,54,0,0,0,0,38.4,581.2,1,147.8,26.4,78,27.1,22.2
2026-06-14T11:25:00+05:30,2026-06-14 11:25:00,8.7,13,20.1,88,0,0,0,0,38.4,581.2,9,982.1,26.3,78,27,22.1
2026-06-14T11:20:00+05:30,2026-06-14 11:20:00,0,9.3,20.1,87,0,0,0,0,38.4,581.2,3,316.8,26.2,78,26.9,22.1
2026-06-14T11:15:00+05:30,2026-06-14 11:15:00,9.3,13,20.1,78,0,0,0,0,38.4,581.2,8,853.8,26.2,78,26.9,22.1
2026-06-14T11:10:00+05:30,2026-06-14 11:10:00,3.5,9.3,20.1,58,0,0,0,0,38.4,581.2,8,840.3,26.2,78,26.9,22.1
2026-06-14T11:05:00+05:30,2026-06-14 11:05:00,0,9.3,20.1,59,0,0,0,0,38.4,581.2,3,378.8,26.1,78,26.8,21.9
2026-06-14T11:01:00+05:30,2026-06-14 11:01:00,2.1,7.2,20.1,67,0,0,0,0,38.4,581.2,8,915,26.1,78,26.8,21.9
2026-06-14T10:55:00+05:30,2026-06-14 10:55:00,0,5.5,20.1,66,0,0,0,0,38.4,581.2,8,919.8,26.1,78,26.8,21.9
2026-06-14T10:50:00+05:30,2026-06-14 10:50:00,5,13,20.1,180,0,0,0,0,38.4,581.2,1,142,26,78,26.7,21.8
2026-06-14T10:45:00+05:30,2026-06-14 10:45:00,0,13,20.1,42,0,0,0,0,38.4,581.2,2,225.1,26,78,26.7,21.8
2026-06-14T10:40:00+05:30,2026-06-14 10:40:00,3.5,11.1,20.1,54,0,0,0,0,38.4,581.2,4,510.1,25.9,78,26.6,21.7
2026-06-14T10:35:00+05:30,2026-06-14 10:35:00,14.8,20.1,20.1,150,0,0,0,0,38.4,581.2,8,891.9,25.9,78,26.6,21.7
2026-06-14T10:30:00+05:30,2026-06-14 10:30:00,0.3,9.3,18.3,57,0,0,0,0,38.4,581.2,7,747.8,25.9,78,26.6,21.7
2026-06-14T10:25:00+05:30,2026-06-14 10:25:00,0,9.3,18.3,68,0,0,0,0,38.4,581.2,8,892.6,25.8,78,26.4,21.7
2026-06-14T10:20:00+05:30,2026-06-14 10:20:00,4.3,13,18.3,73,0,0,0,0,38.4,581.2,2,246.8,25.8,78,26.4,21.7
2026-06-14T10:15:00+05:30,2026-06-14 10:15:00,3.5,11.1,18.3,114,0,0,0,0,38.4,581.2,4,413.9,25.7,78,26.4,21.6
2026-06-14T10:10:00+05:30,2026-06-14 10:10:00,3.5,9.3,18.3,49,0,0,0,0,38.4,581.2,1,185.3,25.7,78,26.4,21.6
2026-06-14T10:05:00+05:30,2026-06-14 10:05:00,1.8,9.3,18.3,41,0,0,0,0,38.4,581.2,7,746.6,25.6,78,26.3,21.5
2026-06-14T10:00:00+05:30,2026-06-14 10:00:00,7.2,11.1,18.3,65,0,0,0,0,38.4,581.2,7,764.5,25.6,79,26.3,21.7
2026-06-14T09:55:00+05:30,2026-06-14 09:55:00,0.3,14.8,18.3,71,0,0,0,0,38.4,581.2,4,506.7,25.6,79,26.3,21.7
2026-06-14T09:50:00+05:30,2026-06-14 09:50:00,0,3.5,18.3,74,0,0,0,0,38.4,581.2,3,339.5,25.5,79,26.2,21.6
2026-06-14T09:45:00+05:30,2026-06-14 09:45:00,3.5,7.2,18.3,88,0,0,0,0,38.4,581.2,1,198.9,25.5,79,26.2,21.6
2026-06-14T09:40:00+05:30,2026-06-14 09:40:00,0.6,3.5,18.3,56,0,0,0,0,38.4,581.2,7,788.9,25.4,79,26.1,21.5
2026-06-14T09:35:00+05:30,2026-06-14 09:35:00,1.1,14.8,18.3,36,0,0,0,0,38.4,581.2,7,743.7,25.4,80,26.1,21.7
2026-06-14T09:30:00+05:30,2026-06-14 09:30:00,10.8,14.8,18.3,90,0,0,0,0,38.4,581.2,1,188.2,25.4,80,26.1,21.7
2026-06-14T09:25:00+05:30,2026-06-14 09:25:00,5.5,7.2,18.3,63,0,0,0,0,38.4,581.2,1,117.8,25.4,80,26.1,21.7
2026-06-14T09:20:00+05:30,2026-06-14 09:20:00,0,3.5,18.3,52,0,0,0,0,38.4,581.2,6,663.5,25.3,80,25.9,21.6
2026-06-14T09:15:00+05:30,2026-06-14 09:15:00,9.3,11.1,18.3,70,0,0,0,0,38.4,581.2,2,210.3,25.3,80,25.9,21.6
2026-06-14T09:10:00+05:30,2026-06-14 09:10:00,7.2,13,18.3,84,0,0,0,0,38.4,581.2,1,191,25.3,80,25.9,21.6
2026-06-14T09:05:00+05:30,2026-06-14 09:05:00,1.1,5.5,18.3,57,0,0,0,0,38.4,581.2,2,282.4,25.2,80,25.9,21.5
2026-06-14T09:00:00+05:30,2026-06-14 09:00:00,5.5,16.6,18.3,91,0,0,0,0,38.4,581.2,1,148.3,25.2,80,25.9,21.5
2026-06-14T08:55:00+05:30,2026-06-14 08:55:00,0.6,9.3,9.3,58,0,0,0,0,38.4,581.2,1,162.1,25.1,80,25.8,21.4
2026-06-14T08:50:00+05:30,2026-06-14 08:50:00,1.1,5.5,7.2,44,0,0,0,0,38.4,581.2,1,187.6,25.1,80,25.8,21.4
2026-06-14T08:45:00+05:30,2026-06-14 08:45:00,1.1,7.2,7.2,55,0,0,0,0,38.4,581.2,2,243.2,25,80,25.7,21.3
2026-06-14T08:40:00+05:30,2026-06-14 08:40:00,0,1.8,7.2,53,0,0,0,0,38.4,581.2,5,598.7,25,80,25.7,21.3
2026-06-14T08:35:00+05:30,2026-06-14 08:35:00,0,1.8,7.2,52,0,0,0,0,38.4,581.2,5,540.2,25,80,25.7,21.3
2026-06-14T08:30:00+05:30,2026-06-14 08:30:00,2.9,5.5,7.2,52,0,0,0,0,38.4,581.2,5,542.9,25,80,25.7,21.3
2026-06-14T08:25:00+05:30,2026-06-14 08:25:00,0,3.5,7.2,55,0,0,0,0,38.4,581.2,4,469.4,25,80,25.7,21.3
2026-06-14T08:24:00+05:30,2026-06-14 08:24:00,1.1,7.2,7.2,53,0,0,0,0,38.4,581.2,3,372.8,25,80,25.7,21.3
2026-06-14T08:15:00+05:30,2026-06-14 08:15:00,0,13,14.8,51,0,0,0,0,38.4,581.2,1,140,24.9,80,25.5,21.2
2026-06-14T08:10:00+05:30,2026-06-14 08:10:00,1.4,7.2,14.8,70,0,0,0,0,38.4,581.2,4,430,24.9,80,25.5,21.2
2026-06-14T08:05:00+05:30,2026-06-14 08:05:00,0,5.5,14.8,92,0,0,0,0,38.4,581.2,4,415.8,24.8,80,25.4,21.1
2026-06-14T08:00:00+05:30,2026-06-14 08:00:00,1.1,3.5,14.8,42,0,0,0,0,38.4,581.2,1,122.3,24.8,80,25.4,21.1
2026-06-14T07:55:00+05:30,2026-06-14 07:55:00,0,7.2,14.8,74,0,0,0,0,38.4,581.2,2,293.6,24.7,80,25.3,21.1
2026-06-14T07:50:00+05:30,2026-06-14 07:50:00,2.1,9.3,14.8,57,0,0,0,0,38.4,581.2,3,317.9,24.7,80,25.3,21.1
2026-06-14T07:45:00+05:30,2026-06-14 07:45:00,4.7,9.3,14.8,58,0,0,0,0,38.4,581.2,0,57.7,24.7,80,25.3,21.1
2026-06-14T07:40:00+05:30,2026-06-14 07:40:00,2.9,5.5,14.8,68,0,0,0,0,38.4,581.2,3,321.5,24.7,79,25.3,20.8
2026-06-14T07:35:00+05:30,2026-06-14 07:35:00,2.6,5.5,14.8,79,0,0,0,0,38.4,581.2,0,82.4,24.7,79,25.3,20.8
2026-06-14T07:30:00+05:30,2026-06-14 07:30:00,0,3.5,14.8,66,0,0,0,0,38.4,581.2,0,52.9,24.7,79,25.3,20.8
2026-06-14T07:25:00+05:30,2026-06-14 07:25:00,3.5,5.5,14.8,47,0,0,0,0,38.4,581.2,0,61.5,24.7,79,25.3,20.8
2026-06-14T07:20:00+05:30,2026-06-14 07:20:00,0,5.5,14.8,53,0,0,0,0,38.4,581.2,1,105.6,24.7,79,25.3,20.8
2026-06-14T07:16:00+05:30,2026-06-14 07:16:00,0,7.2,14.8,54,0,0,0,0,38.4,581.2,0,65.7,24.7,79,25.3,20.8
2026-06-14T07:10:00+05:30,2026-06-14 07:10:00,0,3.5,14.8,67,0,0,0,0,38.4,581.2,0,89,24.7,79,25.3,20.8
2026-06-14T07:05:00+05:30,2026-06-14 07:05:00,4.7,5.5,14.8,68,0,0,0,0,38.4,581.2,0,52.8,24.7,79,25.3,20.8
2026-06-14T07:00:00+05:30,2026-06-14 07:00:00,2.9,7.2,14.8,75,0,0,0,0,38.4,581.2,0,33.2,24.6,79,25.2,20.7
2026-06-14T06:55:00+05:30,2026-06-14 06:55:00,1.8,5.5,14.8,49,0,0,0,0,38.4,581.2,0,80.5,24.6,78,25.2,20.5
2026-06-14T06:50:00+05:30,2026-06-14 06:50:00,0,0,14.8,53,0,0,0,0,38.4,581.2,0,32.6,24.6,78,25.2,20.5
2026-06-14T06:45:00+05:30,2026-06-14 06:45:00,0.6,3.5,14.8,80,0,0,0,0,38.4,581.2,0,27.3,24.6,78,25.2,20.5
2026-06-14T06:40:00+05:30,2026-06-14 06:40:00,0,0,14.8,46,0,0,0,0,38.4,581.2,0,28.5,24.6,78,25.2,20.5
2026-06-14T06:35:00+05:30,2026-06-14 06:35:00,2.1,7.2,14.8,51,0,0,0,0,38.4,581.2,0,13.4,24.6,78,25.2,20.5
2026-06-14T06:30:00+05:30,2026-06-14 06:30:00,5.5,7.2,14.8,80,0,0,0,0,38.4,581.2,0,9.9,24.6,78,25.2,20.5
2026-06-14T06:25:00+05:30,2026-06-14 06:25:00,0,0,14.8,48,0,0,0,0,38.4,581.2,0,16,24.6,78,25.2,20.5
2026-06-14T06:20:00+05:30,2026-06-14 06:20:00,0,1.8,14.8,44,0,0,0,0,38.4,581.2,0,26.4,24.6,78,25.2,20.5
2026-06-14T06:15:00+05:30,2026-06-14 06:15:00,0.6,3.5,14.8,42,0,0,0,0,38.4,581.2,0,21.2,24.6,78,25.2,20.5
2026-06-14T06:11:00+05:30,2026-06-14 06:11:00,0,3.5,14.8,26,0,0,0,0,38.4,581.2,0,15.1,24.6,78,25.2,20.5
2026-06-14T06:05:00+05:30,2026-06-14 06:05:00,1.1,7.2,14.8,16,0,0,0,0,38.4,581.2,0,10.1,24.6,78,25.2,20.5
2026-06-14T06:00:00+05:30,2026-06-14 06:00:00,0.3,1.8,14.8,16,0,0,0,0,38.4,581.2,0,6.3,24.6,78,25.2,20.5
2026-06-14T05:55:00+05:30,2026-06-14 05:55:00,0,0,14.8,17,0,0,0,0,38.4,581.2,0,3.8,24.6,78,25.2,20.5
2026-06-14T05:50:00+05:30,2026-06-14 05:50:00,0,1.8,14.8,17,0,0,0,0,38.4,581.2,0,2.2,24.6,78,25.2,20.5
2026-06-14T05:45:00+05:30,2026-06-14 05:45:00,2.1,7.2,14.8,18,0,0,0,0,38.4,581.2,0,1.1,24.6,78,25.2,20.5
2026-06-14T05:40:00+05:30,2026-06-14 05:40:00,0.3,7.2,14.8,20,0,0,0,0,38.4,581.2,0,0.3,24.6,78,25.2,20.5
2026-06-14T05:35:00+05:30,2026-06-14 05:35:00,0,3.5,14.8,19,0,0,0,0,38.4,581.2,0,0.1,24.6,78,25.2,20.5
2026-06-14T05:30:00+05:30,2026-06-14 05:30:00,0,9.3,14.8,27,0,0,0,0,38.4,581.2,0,0,24.6,78,25.2,20.5
2026-06-14T05:25:00+05:30,2026-06-14 05:25:00,0,0,14.8,22,0,0,0,0,38.4,581.2,0,0,24.6,78,25.2,20.5
2026-06-14T05:20:00+05:30,2026-06-14 05:20:00,0.3,3.5,14.8,31,0,0,0,0,38.4,581.2,0,0,24.6,78,25.2,20.5
2026-06-14T05:15:00+05:30,2026-06-14 05:15:00,0,1.8,14.8,34,0,0,0,0,38.4,581.2,0,0,24.6,78,25.2,20.5
2026-06-14T05:10:00+05:30,2026-06-14 05:10:00,0,0,14.8,34,0,0,0,0,38.4,581.2,0,0,24.6,78,25.2,20.5
2026-06-14T05:05:00+05:30,2026-06-14 05:05:00,0,5.5,14.8,38,0,0,0,0,38.4,581.2,0,0,24.6,78,25.2,20.5
2026-06-14T05:00:00+05:30,2026-06-14 05:00:00,0,3.5,14.8,37,0,0,0,0,38.4,581.2,0,0,24.6,78,25.2,20.5
2026-06-14T04:55:00+05:30,2026-06-14 04:55:00,0,0,14.8,37,0,0,0,0,38.4,581.2,0,0,24.6,78,25.2,20.5
2026-06-14T04:51:00+05:30,2026-06-14 04:51:00,0,1.8,14.8,41,0,0,0,0,38.4,581.2,0,0,24.6,78,25.2,20.5
2026-06-14T04:45:00+05:30,2026-06-14 04:45:00,0.3,7.2,14.8,44,0,0,0,0,38.4,581.2,0,0,24.6,78,25.2,20.5
2026-06-14T04:40:00+05:30,2026-06-14 04:40:00,2.1,3.5,14.8,63,0,0,0,0,38.4,581.2,0,0,24.6,78,25.2,20.5
2026-06-14T04:35:00+05:30,2026-06-14 04:35:00,0,1.8,14.8,48,0,0,0,0,38.4,581.2,0,0,24.6,78,25.2,20.5
2026-06-14T04:30:00+05:30,2026-06-14 04:30:00,0,0,14.8,42,0,0,0,0,38.4,581.2,0,0,24.6,78,25.2,20.5
2026-06-14T04:25:00+05:30,2026-06-14 04:25:00,4.3,5.5,14.8,53,0,0,0,0,38.4,581.2,0,0,24.6,78,25.2,20.5
2026-06-14T04:20:00+05:30,2026-06-14 04:20:00,2.9,9.3,14.8,62,0,0,0,0,38.4,581.2,0,0,24.6,78,25.2,20.5
2026-06-14T04:15:00+05:30,2026-06-14 04:15:00,2.9,3.5,14.8,53,0,0,0,0,38.4,581.2,0,0,24.6,78,25.2,20.5
2026-06-14T04:10:00+05:30,2026-06-14 04:10:00,1.8,3.5,14.8,53,0,0,0,0,38.4,581.2,0,0,24.6,78,25.2,20.5
2026-06-14T04:05:00+05:30,2026-06-14 04:05:00,1.1,13,14.8,43,0,0,0,0,38.4,581.2,0,0,24.6,78,25.2,20.5
2026-06-14T04:00:00+05:30,2026-06-14 04:00:00,5.8,7.2,14.8,47,0,0,0,0,38.4,581.2,0,0,24.6,78,25.2,20.5
2026-06-14T03:55:00+05:30,2026-06-14 03:55:00,0,3.5,14.8,39,0,0,0,0,38.4,581.2,0,0,24.6,78,25.2,20.5
2026-06-14T03:50:00+05:30,2026-06-14 03:50:00,0,5.5,14.8,48,0,0,0,0,38.4,581.2,0,0,24.6,78,25.2,20.5
2026-06-14T03:46:00+05:30,2026-06-14 03:46:00,0.3,11.1,14.8,44,0,0,0,0,38.4,581.2,0,0,24.7,78,25.3,20.6
2026-06-14T03:40:00+05:30,2026-06-14 03:40:00,6.4,11.1,14.8,53,0,0,0,0,38.4,581.2,0,0,24.7,78,25.3,20.6
2026-06-14T03:35:00+05:30,2026-06-14 03:35:00,6.4,9.3,13,45,0,0,0,0,38.4,581.2,0,0,24.7,78,25.3,20.6
2026-06-14T03:30:00+05:30,2026-06-14 03:30:00,1.4,5.5,11.1,56,0,0,0,0,38.4,581.2,0,0,24.7,78,25.3,20.6
2026-06-14T03:25:00+05:30,2026-06-14 03:25:00,0,7.2,11.1,51,0,0,0,0,38.4,581.2,0,0,24.7,78,25.3,20.6
2026-06-14T03:20:00+05:30,2026-06-14 03:20:00,5.5,9.3,11.1,51,0,0,0,0,38.4,581.2,0,0,24.7,78,25.3,20.6
2026-06-14T03:15:00+05:30,2026-06-14 03:15:00,1.4,3.5,11.1,62,0,0,0,0,38.4,581.2,0,0,24.8,78,25.3,20.7
2026-06-14T03:10:00+05:30,2026-06-14 03:10:00,7.6,9.3,11.1,66,0,0,0,0,38.4,581.2,0,0,24.8,78,25.3,20.7
2026-06-14T03:05:00+05:30,2026-06-14 03:05:00,5.5,7.2,11.1,58,0,0,0,0,38.4,581.2,0,0,24.8,78,25.3,20.7
2026-06-14T03:00:00+05:30,2026-06-14 03:00:00,4.7,5.5,11.1,86,0,0,0,0,38.4,581.2,0,0,24.8,77,25.3,20.4
2026-06-14T02:55:00+05:30,2026-06-14 02:55:00,7.9,11.1,11.1,71,0,0,0,0,38.4,581.2,0,0,24.8,77,25.3,20.4
2026-06-14T02:50:00+05:30,2026-06-14 02:50:00,0.3,5.5,9.3,71,0,0,0,0,38.4,581.2,0,0,24.8,77,25.3,20.4
2026-06-14T02:45:00+05:30,2026-06-14 02:45:00,4.3,7.2,9.3,55,0,0,0,0,38.4,581.2,0,0,24.9,77,25.4,20.6
2026-06-14T02:41:00+05:30,2026-06-14 02:41:00,2.1,9.3,9.3,56,0,0,0,0,38.4,581.2,0,0,24.9,77,25.4,20.6
2026-06-14T02:35:00+05:30,2026-06-14 02:35:00,0,0,9.3,49,0,0,0,0,38.4,581.2,0,0,24.9,77,25.4,20.6
2026-06-14T02:30:00+05:30,2026-06-14 02:30:00,0,3.5,9.3,52,0,0,0,0,38.4,581.2,0,0,24.9,77,25.4,20.6
2026-06-14T02:25:00+05:30,2026-06-14 02:25:00,0.3,1.8,9.3,52,0,0,0,0,38.4,581.2,0,0,24.9,77,25.4,20.6
2026-06-14T02:20:00+05:30,2026-06-14 02:20:00,0,0,9.3,48,0,0,0,0,38.4,581.2,0,0,24.9,77,25.4,20.6
2026-06-14T02:15:00+05:30,2026-06-14 02:15:00,0,0,9.3,55,0,0,0,0,38.4,581.2,0,0,24.9,77,25.4,20.6
2026-06-14T02:11:00+05:30,2026-06-14 02:11:00,0,0,9.3,50,0,0,0,0,38.4,581.2,0,0,24.9,77,25.4,20.6
2026-06-14T02:05:00+05:30,2026-06-14 02:05:00,0,0,9.3,50,0,0,0,0,38.4,581.2,0,0,24.9,77,25.4,20.6
2026-06-14T02:00:00+05:30,2026-06-14 02:00:00,0,0,9.3,51,0,0,0,0,38.4,581.2,0,0,24.9,77,25.4,20.6
2026-06-14T01:55:00+05:30,2026-06-14 01:55:00,0.6,1.8,9.3,84,0,0,0,0,38.4,581.2,0,0,24.9,77,25.4,20.6
2026-06-14T01:50:00+05:30,2026-06-14 01:50:00,0,0,9.3,48,0,0,0,0,38.4,581.2,0,0,25,77,25.6,20.7
2026-06-14T01:45:00+05:30,2026-06-14 01:45:00,0,0,9.3,53,0,0,0,0,38.4,581.2,0,0,25,77,25.6,20.7
2026-06-14T01:40:00+05:30,2026-06-14 01:40:00,0,0,9.3,52,0,0,0,0,38.4,581.2,0,0,25,77,25.6,20.7
2026-06-14T01:36:00+05:30,2026-06-14 01:36:00,0,0,9.3,57,0,0,0,0,38.4,581.2,0,0,25,77,25.6,20.7
2026-06-14T01:30:00+05:30,2026-06-14 01:30:00,0,0,9.3,78,0,0,0,0,38.4,581.2,0,0,25,77,25.6,20.7
2026-06-14T01:25:00+05:30,2026-06-14 01:25:00,0,0,9.3,48,0,0,0,0,38.4,581.2,0,0,25,77,25.6,20.7
2026-06-14T01:20:00+05:30,2026-06-14 01:20:00,0,0,9.3,46,0,0,0,0,38.4,581.2,0,0,25,77,25.6,20.7
2026-06-14T01:15:00+05:30,2026-06-14 01:15:00,0,0,9.3,50,0,0,0,0,38.4,581.2,0,0,25,77,25.6,20.7
2026-06-14T01:10:00+05:30,2026-06-14 01:10:00,0,0,9.3,50,0,0,0,0,38.4,581.2,0,0,25,77,25.6,20.7
2026-06-14T01:05:00+05:30,2026-06-14 01:05:00,0,0,9.3,51,0,0,0,0,38.4,581.2,0,0,25,77,25.6,20.7
2026-06-14T01:00:00+05:30,2026-06-14 01:00:00,0,0,9.3,50,0,0,0,0,38.4,581.2,0,0,25.1,77,25.7,20.8
2026-06-14T00:55:00+05:30,2026-06-14 00:55:00,0,0,9.3,51,0,0,0,0,38.4,581.2,0,0,25,77,25.6,20.7
2026-06-14T00:50:00+05:30,2026-06-14 00:50:00,0,0,9.3,52,0,0,0,0,38.4,581.2,0,0,25,77,25.6,20.7
2026-06-14T00:45:00+05:30,2026-06-14 00:45:00,0,0,9.3,50,0,0,0,0,38.4,581.2,0,0,25.1,77,25.7,20.8
2026-06-14T00:40:00+05:30,2026-06-14 00:40:00,0,1.8,9.3,48,0,0,0,0,38.4,581.2,0,0,25.1,77,25.7,20.8
2026-06-14T00:35:00+05:30,2026-06-14 00:35:00,0,0,9.3,51,0,0,0,0,38.4,581.2,0,0,25.1,77,25.7,20.8
2026-06-14T00:31:00+05:30,2026-06-14 00:31:00,1.1,3.5,9.3,53,0,0,0,0,38.4,581.2,0,0,25.1,77,25.7,20.8
2026-06-14T00:25:00+05:30,2026-06-14 00:25:00,0,1.8,9.3,71,0,0,0,0,38.4,581.2,0,0,25.1,77,25.7,20.8
2026-06-14T00:20:00+05:30,2026-06-14 00:20:00,0,7.2,9.3,66,0,0,0,0,38.4,581.2,0,0,25.1,77,25.7,20.8
2026-06-14T00:15:00+05:30,2026-06-14 00:15:00,1.1,3.5,9.3,102,0,0,0,0,38.4,581.2,0,0,25.1,77,25.7,20.8
2026-06-14T00:10:00+05:30,2026-06-14 00:10:00,3.5,7.2,9.3,49,0,0,0,0,38.4,581.2,0,0,25.1,77,25.7,20.8
2026-06-14T00:05:00+05:30,2026-06-14 00:05:00,4.7,5.5,9.3,64,0,0,0,0,38.4,581.2,0,0,25.1,77,25.7,20.8
2026-06-14T00:00:00+05:30,2026-06-14 00:00:00,2.6,9.3,3.5,46,0,0,0,0,38.4,581.2,0,0,25.2,77,25.8,20.9
2026-06-13T23:55:00+05:30,2026-06-13 23:55:00,4.7,13,16.6,49,0,0,2.3,24.4,38.4,581.2,0,0,25.2,77,25.8,20.9
2026-06-13T23:50:00+05:30,2026-06-13 23:50:00,1.4,9.3,16.6,60,0,0,2.3,24.4,38.4,581.2,0,0,25.2,77,25.8,20.9
2026-06-13T23:45:00+05:30,2026-06-13 23:45:00,2.6,5.5,16.6,55,0,0,2.3,24.4,38.4,581.2,0,0,25.2,77,25.8,20.9
2026-06-13T23:40:00+05:30,2026-06-13 23:40:00,1.4,3.5,16.6,66,0,0,2.3,24.4,38.4,581.2,0,0,25.2,77,25.8,20.9
2026-06-13T23:35:00+05:30,2026-06-13 23:35:00,0,7.2,16.6,48,0,0,2.3,24.4,38.4,581.2,0,0,25.2,77,25.8,20.9
2026-06-13T23:30:00+05:30,2026-06-13 23:30:00,4,5.5,16.6,66,0,0,2.3,24.4,38.4,581.2,0,0,25.3,77,25.9,20.9
2026-06-13T23:26:00+05:30,2026-06-13 23:26:00,0,0,16.6,53,0,0,2.3,24.4,38.4,581.2,0,0,25.3,77,25.9,20.9
2026-06-13T23:20:00+05:30,2026-06-13 23:20:00,2.1,7.2,16.6,48,0,0,2.3,24.4,38.4,581.2,0,0,25.3,77,25.9,20.9
2026-06-13T23:15:00+05:30,2026-06-13 23:15:00,0,1.8,16.6,58,0,0,2.3,24.4,38.4,581.2,0,0,25.3,77,25.9,20.9
2026-06-13T23:10:00+05:30,2026-06-13 23:10:00,0,0,16.6,65,0,0,2.3,24.4,38.4,581.2,0,0,25.3,77,25.9,20.9
2026-06-13T23:05:00+05:30,2026-06-13 23:05:00,0,5.5,16.6,50,0,0,2.3,24.4,38.4,581.2,0,0,25.3,77,25.9,20.9
2026-06-13T23:00:00+05:30,2026-06-13 23:00:00,0.3,5.5,16.6,54,0,0,2.3,24.4,38.4,581.2,0,0,25.4,77,26,21.1
2026-06-13T22:55:00+05:30,2026-06-13 22:55:00,0,0,16.6,49,0,0,2.3,24.4,38.4,581.2,0,0,25.4,77,26,21.1
2026-06-13T22:50:00+05:30,2026-06-13 22:50:00,3.2,5.5,16.6,59,0,0,2.3,24.4,38.4,581.2,0,0,25.4,77,26,21.1
2026-06-13T22:45:00+05:30,2026-06-13 22:45:00,0,3.5,16.6,44,0,0,2.3,24.4,38.4,581.2,0,0,25.4,77,26,21.1
2026-06-13T22:40:00+05:30,2026-06-13 22:40:00,0,0,16.6,55,0,0,2.3,24.4,38.4,581.2,0,0,25.4,77,26,21.1
2026-06-13T22:35:00+05:30,2026-06-13 22:35:00,0,0,16.6,58,0,0,2.3,24.4,38.4,581.2,0,0,25.4,77,26,21.1
2026-06-13T22:30:00+05:30,2026-06-13 22:30:00,0,0,16.6,48,0,0,2.3,24.4,38.4,581.2,0,0,25.5,77,26.1,21.2
2026-06-13T22:25:00+05:30,2026-06-13 22:25:00,0,0,16.6,55,0,0,2.3,24.4,38.4,581.2,0,0,25.5,77,26.1,21.2
2026-06-13T22:20:00+05:30,2026-06-13 22:20:00,0,0,16.6,58,0,0,2.3,24.4,38.4,581.2,0,0,25.5,77,26.1,21.2
2026-06-13T22:15:00+05:30,2026-06-13 22:15:00,0,0,16.6,53,0,0,2.3,24.4,38.4,581.2,0,0,25.5,77,26.1,21.2
2026-06-13T22:10:00+05:30,2026-06-13 22:10:00,0,0,16.6,51,0,0,2.3,24.4,38.4,581.2,0,0,25.5,77,26.1,21.2
2026-06-13T22:05:00+05:30,2026-06-13 22:05:00,0,0,16.6,50,0,0,2.3,24.4,38.4,581.2,0,0,25.6,77,26.2,21.3
2026-06-13T22:00:00+05:30,2026-06-13 22:00:00,0,0,16.6,50,0,0,2.3,24.4,38.4,581.2,0,0,25.6,77,26.2,21.3
2026-06-13T21:55:00+05:30,2026-06-13 21:55:00,0,0,16.6,51,0,0,2.3,24.4,38.4,581.2,0,0,25.6,77,26.2,21.3
2026-06-13T21:50:00+05:30,2026-06-13 21:50:00,0,0,16.6,46,0,0,2.3,24.4,38.4,581.2,0,0,25.6,77,26.2,21.3
2026-06-13T21:45:00+05:30,2026-06-13 21:45:00,0,0,16.6,50,0,0,2.3,24.4,38.4,581.2,0,0,25.6,77,26.2,21.3
2026-06-13T21:40:00+05:30,2026-06-13 21:40:00,0,0,16.6,50,0,0,2.3,24.4,38.4,581.2,0,0,25.6,77,26.2,21.3
2026-06-13T21:35:00+05:30,2026-06-13 21:35:00,0,0,16.6,54,0,0,2.3,24.4,38.4,581.2,0,0,25.6,77,26.2,21.3
2026-06-13T21:30:00+05:30,2026-06-13 21:30:00,0,0,16.6,63,0,0,2.3,24.4,38.4,581.2,0,0,25.7,77,26.3,21.4
2026-06-13T21:25:00+05:30,2026-06-13 21:25:00,0,0,16.6,50,0,0,2.3,24.4,38.4,581.2,0,0,25.7,77,26.3,21.4
2026-06-13T21:20:00+05:30,2026-06-13 21:20:00,0,0,16.6,51,0,0,2.3,24.4,38.4,581.2,0,0,25.7,77,26.3,21.4
2026-06-13T21:15:00+05:30,2026-06-13 21:15:00,0,0,16.6,50,0,0,2.3,24.4,38.4,581.2,0,0,25.7,77,26.3,21.4
2026-06-13T21:10:00+05:30,2026-06-13 21:10:00,0,0,16.6,51,0,0,2.3,24.4,38.4,581.2,0,0,25.7,77,26.3,21.4
2026-06-13T21:05:00+05:30,2026-06-13 21:05:00,0,0,16.6,49,0,0,2.3,24.4,38.4,581.2,0,0,25.7,77,26.3,21.4
2026-06-13T21:01:00+05:30,2026-06-13 21:01:00,0,0,16.6,62,0,0,2.3,24.4,38.4,581.2,0,0,25.8,77,26.4,21.4
2026-06-13T20:55:00+05:30,2026-06-13 20:55:00,0,0,16.6,50,0,0,2.3,24.4,38.4,581.2,0,0,25.7,77,26.3,21.4
2026-06-13T20:50:00+05:30,2026-06-13 20:50:00,0,0,16.6,47,0,0,2.3,24.4,38.4,581.2,0,0,25.8,78,26.4,21.7
2026-06-13T20:45:00+05:30,2026-06-13 20:45:00,0,0,16.6,48,0,0,2.3,24.4,38.4,581.2,0,0,25.8,78,26.4,21.7
2026-06-13T20:40:00+05:30,2026-06-13 20:40:00,0,0,16.6,52,0,0,2.3,24.4,38.4,581.2,0,0,25.8,78,26.4,21.7
2026-06-13T20:35:00+05:30,2026-06-13 20:35:00,0,0,16.6,51,0,0,2.3,24.4,38.4,581.2,0,0,25.8,78,26.4,21.7
2026-06-13T20:30:00+05:30,2026-06-13 20:30:00,0,0,16.6,52,0,0,2.3,24.4,38.4,581.2,0,0,25.8,78,26.4,21.7
2026-06-13T20:25:00+05:30,2026-06-13 20:25:00,0,0,16.6,62,0,0,2.3,24.4,38.4,581.2,0,0,25.8,78,26.4,21.7
2026-06-13T20:20:00+05:30,2026-06-13 20:20:00,0,3.5,16.6,43,0,0,2.3,24.4,38.4,581.2,0,0,25.8,78,26.4,21.7
2026-06-13T20:15:00+05:30,2026-06-13 20:15:00,0,0,16.6,48,0,0,2.3,24.4,38.4,581.2,0,0,25.8,78,26.4,21.7
2026-06-13T20:10:00+05:30,2026-06-13 20:10:00,0.3,1.8,16.6,62,0,0,2.3,24.4,38.4,581.2,0,0,25.8,78,26.4,21.7
2026-06-13T20:05:00+05:30,2026-06-13 20:05:00,0,0,16.6,47,0,0,2.3,24.4,38.4,581.2,0,0,25.8,78,26.4,21.7
2026-06-13T20:00:00+05:30,2026-06-13 20:00:00,0.6,9.3,16.6,68,0,0,2.3,24.4,38.4,581.2,0,0,25.9,78,26.6,21.7
2026-06-13T19:56:00+05:30,2026-06-13 19:56:00,0,3.5,16.6,49,0,0,2.3,24.4,38.4,581.2,0,0,25.9,78,26.6,21.7
2026-06-13T19:50:00+05:30,2026-06-13 19:50:00,3.2,9.3,16.6,60,0,0,2.3,24.4,38.4,581.2,0,0,25.9,78,26.6,21.7
2026-06-13T19:45:00+05:30,2026-06-13 19:45:00,2.9,3.5,16.6,70,0,0,2.3,24.4,38.4,581.2,0,0,25.9,78,26.6,21.7
2026-06-13T19:40:00+05:30,2026-06-13 19:40:00,2.1,5.5,16.6,52,0,0,2.3,24.4,38.4,581.2,0,0,25.9,78,26.6,21.7
2026-06-13T19:35:00+05:30,2026-06-13 19:35:00,4,7.2,16.6,10,0,0,2.3,24.4,38.4,581.2,0,0,25.9,78,26.6,21.7
2026-06-13T19:30:00+05:30,2026-06-13 19:30:00,4.3,11.1,16.6,46,0,0,2.3,24.4,38.4,581.2,0,0,26,78,26.7,21.8
2026-06-13T19:25:00+05:30,2026-06-13 19:25:00,1.1,5.5,16.6,73,0,0,2.3,24.4,38.4,581.2,0,0,26,78,26.7,21.8
2026-06-13T19:20:00+05:30,2026-06-13 19:20:00,0,3.5,16.6,56,0,0,2.3,24.4,38.4,581.2,0,0,26,78,26.7,21.8
2026-06-13T19:15:00+05:30,2026-06-13 19:15:00,0.6,1.8,16.6,41,0,0,2.3,24.4,38.4,581.2,0,0,26,78,26.7,21.8
2026-06-13T19:10:00+05:30,2026-06-13 19:10:00,0,3.5,16.6,50,0,0,2.3,24.4,38.4,581.2,0,0,26,78,26.7,21.8
2026-06-13T19:05:00+05:30,2026-06-13 19:05:00,4.7,9.3,16.6,55,0,0,2.3,24.4,38.4,581.2,0,0,26,78,26.7,21.8
2026-06-13T19:00:00+05:30,2026-06-13 19:00:00,5.8,7.2,16.6,64,0,0,2.3,24.4,38.4,581.2,0,0,26,77,26.7,21.7
2026-06-13T18:55:00+05:30,2026-06-13 18:55:00,0,3.5,16.6,64,0,0,2.3,24.4,38.4,581.2,0,0,26,77,26.7,21.7
2026-06-13T18:51:00+05:30,2026-06-13 18:51:00,4.7,11.1,16.6,55,0,0,2.3,24.4,38.4,581.2,0,0,26,77,26.7,21.7
2026-06-13T18:45:00+05:30,2026-06-13 18:45:00,4.3,9.3,16.6,49,0,0,2.3,24.4,38.4,581.2,0,0,26.1,77,26.8,21.8
2026-06-13T18:40:00+05:30,2026-06-13 18:40:00,4,14.8,16.6,68,0,0,2.3,24.4,38.4,581.2,0,0.1,26.1,77,26.8,21.8
2026-06-13T18:35:00+05:30,2026-06-13 18:35:00,4.3,7.2,16.6,67,0,0,2.3,24.4,38.4,581.2,0,0.2,26.2,77,26.9,21.8
2026-06-13T18:30:00+05:30,2026-06-13 18:30:00,5.5,11.1,16.6,71,0,0,2.3,24.4,38.4,581.2,0,0.5,26.2,77,26.9,21.8
2026-06-13T18:25:00+05:30,2026-06-13 18:25:00,4,9.3,16.6,83,0,0,2.3,24.4,38.4,581.2,0,1.3,26.2,77,26.9,21.8
2026-06-13T18:20:00+05:30,2026-06-13 18:20:00,2.6,7.2,16.6,58,0,0,2.3,24.4,38.4,581.2,0,2.5,26.2,77,26.9,21.8
2026-06-13T18:15:00+05:30,2026-06-13 18:15:00,2.9,7.2,16.6,44,0,0,2.3,24.4,38.4,581.2,0,4.2,26.2,77,26.9,21.8
2026-06-13T18:10:00+05:30,2026-06-13 18:10:00,2.1,7.2,13,68,0,0,2.3,24.4,38.4,581.2,0,6.9,26.3,77,26.9,21.9
2026-06-13T18:05:00+05:30,2026-06-13 18:05:00,0,5.5,13,80,0,0,2.3,24.4,38.4,581.2,0,11.2,26.3,77,26.9,21.9
2026-06-13T18:00:00+05:30,2026-06-13 18:00:00,0,0,13,54,0,0,2.3,24.4,38.4,581.2,0,13.3,26.3,77,26.9,21.9
2026-06-13T17:55:00+05:30,2026-06-13 17:55:00,0.3,11.1,13,72,0,0,2.3,24.4,38.4,581.2,0,18.5,26.4,77,27.1,22
2026-06-13T17:50:00+05:30,2026-06-13 17:50:00,0,0,13,58,0,0,2.3,24.4,38.4,581.2,0,19.8,26.4,77,27.1,22
2026-06-13T17:45:00+05:30,2026-06-13 17:45:00,1.8,7.2,13,55,0,0,2.3,24.4,38.4,581.2,0,21.9,26.4,77,27.1,22
2026-06-13T17:40:00+05:30,2026-06-13 17:40:00,1.1,3.5,13,68,0,0,2.3,24.4,38.4,581.2,0,22.9,26.4,77,27.1,22
2026-06-13T17:35:00+05:30,2026-06-13 17:35:00,2.9,7.2,11.1,79,0,0,2.3,24.4,38.4,581.2,0,23.9,26.5,77,27.2,22.1
2026-06-13T17:31:00+05:30,2026-06-13 17:31:00,2.1,7.2,11.1,80,0,0,2.3,24.4,38.4,581.2,0,22.4,26.5,77,27.2,22.1
2026-06-13T17:25:00+05:30,2026-06-13 17:25:00,2.9,9.3,9.3,62,0,0,2.3,24.4,38.4,581.2,0,30.4,26.5,77,27.2,22.1
2026-06-13T17:20:00+05:30,2026-06-13 17:20:00,1.1,7.2,7.2,78,0,0,2.3,24.4,38.4,581.2,0,30,26.6,77,27.3,22.2
2026-06-13T17:10:00+05:30,2026-06-13 17:10:00,4,9.3,25.6,82,0,1,2.3,24.4,38.4,581.2,0,23.9,26.6,76,27.3,22
2026-06-13T17:05:00+05:30,2026-06-13 17:05:00,5.5,9.3,25.6,80,0,1,2.3,24.4,38.4,581.2,0,38.9,26.7,76,28.8,22.1
2026-06-13T17:00:00+05:30,2026-06-13 17:00:00,3.2,7.2,25.6,45,0,1,2.3,24.4,38.4,581.2,0,54.6,26.7,76,28.8,22.1
2026-06-13T16:55:00+05:30,2026-06-13 16:55:00,0,9.3,25.6,49,0,1,2.3,24.4,38.4,581.2,0,51.4,26.7,76,28.8,22.1
2026-06-13T16:50:00+05:30,2026-06-13 16:50:00,0.6,9.3,25.6,56,0,1,2.3,24.4,38.4,581.2,0,52.8,26.7,76,28.8,22.1
2026-06-13T16:45:00+05:30,2026-06-13 16:45:00,1.8,7.2,25.6,60,0,1,2.3,24.4,38.4,581.2,0,48.8,26.8,76,28.9,22.2
2026-06-13T16:40:00+05:30,2026-06-13 16:40:00,3.5,7.2,25.6,65,0,1,2.3,24.4,38.4,581.2,0,48,26.8,76,28.9,22.2
2026-06-13T16:35:00+05:30,2026-06-13 16:35:00,3.2,5.5,25.6,88,3,1,2.3,24.4,38.4,581.2,0,29.5,26.9,75,29.1,22.1
2026-06-13T16:30:00+05:30,2026-06-13 16:30:00,6.4,11.1,25.6,84,6.1,1,2.3,24.4,38.4,581.2,0,32.9,26.9,75,29.1,22.1
2026-06-13T16:25:00+05:30,2026-06-13 16:25:00,0,9.3,25.6,74,3,0.5,1.8,23.9,37.8,580.6,0,56.5,27,74,29.2,21.9
2026-06-13T16:20:00+05:30,2026-06-13 16:20:00,5.8,11.1,25.6,41,0,0,1.3,23.4,37.3,580.1,0,38,27,74,29.2,21.9
2026-06-13T16:15:00+05:30,2026-06-13 16:15:00,4.7,18.3,25.6,93,0,0,1.3,23.4,37.3,580.1,0,24.6,27.1,73,29.3,21.8
2026-06-13T16:10:00+05:30,2026-06-13 16:10:00,3.2,7.2,25.6,43,0,0,1.3,23.4,37.3,580.1,0,68.7,27.1,73,29.3,21.8
2026-06-13T16:06:00+05:30,2026-06-13 16:06:00,4.7,13,25.6,51,0,0,1.3,23.4,37.3,580.1,0,71.1,27.1,73,29.3,21.8
2026-06-13T16:00:00+05:30,2026-06-13 16:00:00,7.2,11.1,25.6,91,0,0,1.3,23.4,37.3,580.1,1,164.9,27.1,73,29.3,21.8
2026-06-13T15:55:00+05:30,2026-06-13 15:55:00,4.3,7.2,25.6,79,0,0,1.3,23.4,37.3,580.1,2,237.7,27,73,29.1,21.7
2026-06-13T15:50:00+05:30,2026-06-13 15:50:00,7.2,16.6,25.6,81,0,0,1.3,23.4,37.3,580.1,3,332,27,73,29.1,21.7
2026-06-13T15:45:00+05:30,2026-06-13 15:45:00,6.1,13,25.6,39,0,0,1.3,23.4,37.3,580.1,3,366.8,27,73,29.1,21.7
2026-06-13T15:40:00+05:30,2026-06-13 15:40:00,3.5,11.1,25.6,124,0,0,1.3,23.4,37.3,580.1,1,176,27,73,29.1,21.7
2026-06-13T15:35:00+05:30,2026-06-13 15:35:00,2.9,5.5,25.6,27,0,0,1.3,23.4,37.3,580.1,1,197.2,27,73,29.1,21.7
2026-06-13T15:30:00+05:30,2026-06-13 15:30:00,2.1,11.1,25.6,61,0,0,1.3,23.4,37.3,580.1,1,172.9,26.9,73,28.9,21.6
2026-06-13T15:25:00+05:30,2026-06-13 15:25:00,6.1,13,25.6,72,0,0,1.3,23.4,37.3,580.1,1,194.4,26.9,73,28.9,21.6
2026-06-13T15:20:00+05:30,2026-06-13 15:20:00,2.9,5.5,25.6,50,0,0,1.3,23.4,37.3,580.1,4,463.4,26.9,74,29,21.8
2026-06-13T15:15:00+05:30,2026-06-13 15:15:00,6.4,11.1,25.6,85,0,0,1.3,23.4,37.3,580.1,1,160.4,26.9,74,29,21.8
2026-06-13T15:10:00+05:30,2026-06-13 15:10:00,11.9,20.1,25.6,74,0,0,1.3,23.4,37.3,580.1,1,180.9,26.8,74,28.8,21.7
2026-06-13T15:05:00+05:30,2026-06-13 15:05:00,2.1,3.5,25.6,65,0,0,1.3,23.4,37.3,580.1,4,443.6,26.8,74,28.8,21.7
2026-06-13T15:01:00+05:30,2026-06-13 15:01:00,1.1,5.5,25.6,67,0,0,1.3,23.4,37.3,580.1,4,486.4,26.8,75,28.8,21.9
2026-06-13T14:55:00+05:30,2026-06-13 14:55:00,0.3,7.2,25.6,58,0,0,1.3,23.4,37.3,580.1,3,399.6,26.7,75,28.8,21.9
2026-06-13T14:50:00+05:30,2026-06-13 14:50:00,3.5,7.2,25.6,27,0,0,1.3,23.4,37.3,580.1,5,541.4,26.7,75,28.8,21.9
2026-06-13T14:45:00+05:30,2026-06-13 14:45:00,5.8,13,25.6,93,0,0,1.3,23.4,37.3,580.1,6,622.6,26.6,75,27.3,21.8
2026-06-13T14:40:00+05:30,2026-06-13 14:40:00,0,5.5,25.6,60,0,0,1.3,23.4,37.3,580.1,6,674.9,26.6,75,27.3,21.8
2026-06-13T14:35:00+05:30,2026-06-13 14:35:00,6.1,11.1,25.6,47,0,0,1.3,23.4,37.3,580.1,2,247.3,26.6,75,27.3,21.8
2026-06-13T14:30:00+05:30,2026-06-13 14:30:00,1.1,11.1,25.6,55,0,0,1.3,23.4,37.3,580.1,6,641.4,26.5,75,27.2,21.7
2026-06-13T14:25:00+05:30,2026-06-13 14:25:00,2.9,11.1,25.6,65,0,0,1.3,23.4,37.3,580.1,6,703.1,26.5,76,27.2,21.9
2026-06-13T14:20:00+05:30,2026-06-13 14:20:00,9.7,16.6,25.6,35,0,0,1.3,23.4,37.3,580.1,2,239.2,26.5,76,27.2,21.9
2026-06-13T14:15:00+05:30,2026-06-13 14:15:00,1.1,3.5,25.6,21,0,0,1.3,23.4,37.3,580.1,6,698.1,26.4,76,27.1,21.8
2026-06-13T14:10:00+05:30,2026-06-13 14:10:00,4.7,7.2,25.6,63,0,0,1.3,23.4,37.3,580.1,7,744.8,26.4,77,27.1,22
2026-06-13T14:05:00+05:30,2026-06-13 14:05:00,7.2,25.6,25.6,65,0,0,1.3,23.4,37.3,580.1,7,783.7,26.4,77,27.1,22
2026-06-13T14:00:00+05:30,2026-06-13 14:00:00,4.7,9.3,25.6,68,0,0,1.3,23.4,37.3,580.1,6,688.8,26.4,77,27.1,22
2026-06-13T13:55:00+05:30,2026-06-13 13:55:00,0,5.5,25.6,67,0,0,1.3,23.4,37.3,580.1,2,271.5,26.3,77,26.9,21.9
2026-06-13T13:50:00+05:30,2026-06-13 13:50:00,4,7.2,25.6,40,0,0,1.3,23.4,37.3,580.1,3,323,26.3,77,26.9,21.9
2026-06-13T13:45:00+05:30,2026-06-13 13:45:00,1.4,9.3,25.6,91,0,0,1.3,23.4,37.3,580.1,2,267.3,26.2,77,26.9,21.8
2026-06-13T13:41:00+05:30,2026-06-13 13:41:00,2.1,7.2,25.6,99,0,0,1.3,23.4,37.3,580.1,2,254.4,26.2,77,26.9,21.8
2026-06-13T13:35:00+05:30,2026-06-13 13:35:00,6.4,9.3,25.6,47,0,0,1.3,23.4,37.3,580.1,2,232.6,26.2,77,26.9,21.8
2026-06-13T13:30:00+05:30,2026-06-13 13:30:00,2.1,13,25.6,5,0,0,1.3,23.4,37.3,580.1,3,339.8,26.2,77,26.9,21.8
2026-06-13T13:25:00+05:30,2026-06-13 13:25:00,6.1,9.3,25.6,160,0,0,1.3,23.4,37.3,580.1,5,565.1,26.1,77,26.8,21.8
2026-06-13T13:20:00+05:30,2026-06-13 13:20:00,5.5,14.8,25.6,81,0,0,1.3,23.4,37.3,580.1,2,210.9,26.1,77,26.8,21.8
2026-06-13T13:15:00+05:30,2026-06-13 13:15:00,1.4,7.2,25.6,51,0,0,1.3,23.4,37.3,580.1,2,242.6,26.1,77,26.8,21.8
2026-06-13T13:10:00+05:30,2026-06-13 13:10:00,2.1,5.5,25.6,98,0,0,1.3,23.4,37.3,580.1,1,123.3,26.1,77,26.8,21.8
2026-06-13T13:05:00+05:30,2026-06-13 13:05:00,1.1,7.2,25.6,49,0,0,1.3,23.4,37.3,580.1,1,165.1,26.1,77,26.8,21.8
2026-06-13T13:00:00+05:30,2026-06-13 13:00:00,3.5,9.3,25.6,42,0,0,1.3,23.4,37.3,580.1,1,146.1,26.1,77,26.8,21.8
2026-06-13T12:55:00+05:30,2026-06-13 12:55:00,0.3,11.1,25.6,49,0,0,1.3,23.4,37.3,580.1,1,157.3,26.1,78,26.8,21.9
2026-06-13T12:51:00+05:30,2026-06-13 12:51:00,0.6,3.5,25.6,42,0,0,1.3,23.4,37.3,580.1,1,154,26.1,78,26.8,21.9
2026-06-13T12:45:00+05:30,2026-06-13 12:45:00,0,7.2,25.6,64,0,0,1.3,23.4,37.3,580.1,1,150.3,26.1,78,26.8,21.9
2026-06-13T12:40:00+05:30,2026-06-13 12:40:00,2.1,7.2,25.6,63,0,0,1.3,23.4,37.3,580.1,3,341.6,26,78,26.7,21.8
2026-06-13T12:35:00+05:30,2026-06-13 12:35:00,0,0,25.6,56,0,0,1.3,23.4,37.3,580.1,2,241.6,26,78,26.7,21.8
2026-06-13T12:30:00+05:30,2026-06-13 12:30:00,0,0,25.6,50,0,0,1.3,23.4,37.3,580.1,1,166.7,26,78,26.7,21.8
2026-06-13T12:25:00+05:30,2026-06-13 12:25:00,0.3,5.5,25.6,233,0,0,1.3,23.4,37.3,580.1,1,137.2,26,79,26.7,22.1
2026-06-13T12:20:00+05:30,2026-06-13 12:20:00,0,13,25.6,56,0,0,1.3,23.4,37.3,580.1,1,110.9,26,79,26.7,22.1
2026-06-13T12:15:00+05:30,2026-06-13 12:15:00,5.8,16.6,25.6,60,0,0,1.3,23.4,37.3,580.1,2,213.4,26,79,26.7,22.1
2026-06-13T12:10:00+05:30,2026-06-13 12:10:00,3.2,9.3,25.6,77,0,0,1.3,23.4,37.3,580.1,3,311.9,25.9,79,26.6,21.9
2026-06-13T12:05:00+05:30,2026-06-13 12:05:00,1.4,3.5,25.6,39,0,0,1.3,23.4,37.3,580.1,5,610.2,25.9,79,26.6,21.9
2026-06-13T12:00:00+05:30,2026-06-13 12:00:00,0,9.3,25.6,47,0,0,1.3,23.4,37.3,580.1,2,294.6,25.9,79,26.6,21.9
2026-06-13T11:55:00+05:30,2026-06-13 11:55:00,5.5,16.6,25.6,83,0,0,1.3,23.4,37.3,580.1,2,284.8,25.9,79,26.6,21.9
2026-06-13T11:50:00+05:30,2026-06-13 11:50:00,7.9,13,25.6,77,0,0,1.3,23.4,37.3,580.1,2,256,26,79,26.7,22.1
2026-06-13T11:46:00+05:30,2026-06-13 11:46:00,0,13,25.6,49,0,0,1.3,23.4,37.3,580.1,2,271,25.9,79,26.6,21.9
2026-06-13T11:40:00+05:30,2026-06-13 11:40:00,8.7,13,23.8,91,0,0,1.3,23.4,37.3,580.1,3,319,26,79,26.7,22.1
2026-06-13T11:35:00+05:30,2026-06-13 11:35:00,1.1,5.5,23.8,71,0,0,1.3,23.4,37.3,580.1,4,411.6,26,79,26.7,22.1
2026-06-13T11:30:00+05:30,2026-06-13 11:30:00,11.9,14.8,23.8,89,0,0,1.3,23.4,37.3,580.1,2,266.5,26,80,26.7,22.3
2026-06-13T11:25:00+05:30,2026-06-13 11:25:00,12.2,14.8,23.8,55,0,0,1.3,23.4,37.3,580.1,2,232.9,26.1,80,26.9,22.4
2026-06-13T11:20:00+05:30,2026-06-13 11:20:00,4.7,14.8,23.8,57,0,0,1.3,23.4,37.3,580.1,4,463.5,26.1,80,26.9,22.4
2026-06-13T11:15:00+05:30,2026-06-13 11:15:00,6.4,16.6,23.8,30,0,0,1.3,23.4,37.3,580.1,0,97.3,26.1,80,26.9,22.4
2026-06-13T11:10:00+05:30,2026-06-13 11:10:00,1.1,13,23.8,81,0,0,1.3,23.4,37.3,580.1,1,120,26.1,80,26.9,22.4
2026-06-13T11:05:00+05:30,2026-06-13 11:05:00,1.8,7.2,23.8,54,0,0,1.3,23.4,37.3,580.1,1,191.9,26,80,26.7,22.3
2026-06-13T11:00:00+05:30,2026-06-13 11:00:00,10.1,13,23.8,78,0,0,1.3,23.4,37.3,580.1,7,816.5,25.9,80,26.6,22.2
2026-06-13T10:56:00+05:30,2026-06-13 10:56:00,4.7,9.3,23.8,64,0,0,1.3,23.4,37.3,580.1,2,302.7,25.9,80,26.6,22.2
2026-06-13T10:50:00+05:30,2026-06-13 10:50:00,5,11.1,23.8,83,0,0,1.3,23.4,37.3,580.1,3,396.9,25.9,80,26.6,22.2
2026-06-13T10:45:00+05:30,2026-06-13 10:45:00,5.8,13,23.8,59,0,0,1.3,23.4,37.3,580.1,4,494.1,25.8,80,26.5,22.1
2026-06-13T10:40:00+05:30,2026-06-13 10:40:00,7.6,16.6,23.8,111,0,0,1.3,23.4,37.3,580.1,2,243.2,25.8,80,26.5,22.1
2026-06-13T10:35:00+05:30,2026-06-13 10:35:00,2.1,14.8,21.9,34,0,0,1.3,23.4,37.3,580.1,1,158.9,25.8,81,26.5,22.3
2026-06-13T10:30:00+05:30,2026-06-13 10:30:00,9.7,14.8,21.9,59,0,0,1.3,23.4,37.3,580.1,5,514.5,25.7,81,26.4,22.2
2026-06-13T10:25:00+05:30,2026-06-13 10:25:00,6.4,11.1,21.9,68,0,0,1.3,23.4,37.3,580.1,3,384.9,25.7,81,26.4,22.2
2026-06-13T10:20:00+05:30,2026-06-13 10:20:00,0,11.1,21.9,35,0,0,1.3,23.4,37.3,580.1,2,260.2,25.6,81,26.3,22.1
2026-06-13T10:15:00+05:30,2026-06-13 10:15:00,0,13,21.9,56,0,0,1.3,23.4,37.3,580.1,3,367.7,25.6,81,26.3,22.1
2026-06-13T10:10:00+05:30,2026-06-13 10:10:00,3.5,21.9,21.9,61,0,0,1.3,23.4,37.3,580.1,4,505.9,25.6,81,26.3,22.1
2026-06-13T10:05:00+05:30,2026-06-13 10:05:00,4,11.1,16.6,66,0,0,1.3,23.4,37.3,580.1,7,788.7,25.5,81,26.2,22
2026-06-13T10:00:00+05:30,2026-06-13 10:00:00,2.6,13,16.6,62,0,0,1.3,23.4,37.3,580.1,4,412.4,25.5,81,26.2,22
2026-06-13T09:55:00+05:30,2026-06-13 09:55:00,2.1,5.5,16.6,68,0,0,1.3,23.4,37.3,580.1,6,671.7,25.4,81,26.1,21.9
2026-06-13T09:51:00+05:30,2026-06-13 09:51:00,0,7.2,16.6,63,0,0,1.3,23.4,37.3,580.1,6,649.8,25.4,81,26.1,21.9
2026-06-13T09:45:00+05:30,2026-06-13 09:45:00,1.1,7.2,16.6,87,0,0,1.3,23.4,37.3,580.1,5,609.6,25.3,81,26,21.8
2026-06-13T09:40:00+05:30,2026-06-13 09:40:00,8.7,9.3,16.6,72,0,0,1.3,23.4,37.3,580.1,5,601.9,25.3,80,25.9,21.6
2026-06-13T09:35:00+05:30,2026-06-13 09:35:00,7.2,13,16.6,81,0,0,1.3,23.4,37.3,580.1,5,608.6,25.2,81,25.9,21.7
2026-06-13T09:30:00+05:30,2026-06-13 09:30:00,5.8,7.2,16.6,49,0,0,1.3,23.4,37.3,580.1,3,395.1,25.2,81,25.9,21.7
2026-06-13T09:25:00+05:30,2026-06-13 09:25:00,5.8,9.3,16.6,55,0,0,1.3,23.4,37.3,580.1,5,559.2,25.2,81,25.9,21.7
2026-06-13T09:20:00+05:30,2026-06-13 09:20:00,2.6,9.3,16.6,84,0,0,1.3,23.4,37.3,580.1,5,606.3,25.1,81,25.8,21.6
2026-06-13T09:15:00+05:30,2026-06-13 09:15:00,4.3,7.2,13,62,0,0,1.3,23.4,37.3,580.1,6,627.6,25.1,81,25.8,21.6
2026-06-13T09:10:00+05:30,2026-06-13 09:10:00,0,1.8,11.1,53,0,0,1.3,23.4,37.3,580.1,5,528.9,25.1,81,25.8,21.6
2026-06-13T09:05:00+05:30,2026-06-13 09:05:00,0,0,11.1,41,0,0,1.3,23.4,37.3,580.1,5,567.6,25,80,25.7,21.3
2026-06-13T09:00:00+05:30,2026-06-13 09:00:00,2.6,11.1,11.1,18,0,0,1.3,23.4,37.3,580.1,1,197.3,25.1,81,25.8,21.6
2026-06-13T08:55:00+05:30,2026-06-13 08:55:00,9.3,11.1,11.1,48,0,0,1.3,23.4,37.3,580.1,4,424.1,25,81,25.7,21.5
2026-06-13T08:53:00+05:30,2026-06-13 08:53:00,0.6,5.5,9.3,51,0,0,1.3,23.4,37.3,580.1,1,201,25,81,25.7,21.5
2026-06-13T08:40:00+05:30,2026-06-13 08:40:00,2.6,3.5,14.8,65,0,15,1.3,23.4,37.3,580.1,3,369.6,24.9,81,25.6,21.4
2026-06-13T08:35:00+05:30,2026-06-13 08:35:00,0,9.3,14.8,36,0,15,1.3,23.4,37.3,580.1,2,222.1,24.9,81,25.6,21.4
2026-06-13T08:30:00+05:30,2026-06-13 08:30:00,9.7,14.8,14.8,86,0,15,1.3,23.4,37.3,580.1,2,214,24.9,81,25.6,21.4
2026-06-13T08:25:00+05:30,2026-06-13 08:25:00,1.8,11.1,14.8,56,0,15,1.3,23.4,37.3,580.1,4,507.9,24.8,81,25.4,21.3
2026-06-13T08:20:00+05:30,2026-06-13 08:20:00,0,5.5,14.8,68,0,15,1.3,23.4,37.3,580.1,4,483.5,24.8,81,25.4,21.3
2026-06-13T08:15:00+05:30,2026-06-13 08:15:00,2.9,7.2,14.8,29,0,15,1.3,23.4,37.3,580.1,4,455,24.8,80,25.4,21.1
2026-06-13T08:10:00+05:30,2026-06-13 08:10:00,5,13,14.8,65,0,15,1.3,23.4,37.3,580.1,4,471.2,24.7,80,25.3,21.1
2026-06-13T08:05:00+05:30,2026-06-13 08:05:00,1.8,13,14.8,48,0,15,1.3,23.4,37.3,580.1,4,430.5,24.7,80,25.3,21.1
2026-06-13T08:00:00+05:30,2026-06-13 08:00:00,0,9.3,14.8,53,0,15,1.3,23.4,37.3,580.1,2,281.9,24.7,80,25.3,21.1
2026-06-13T07:55:00+05:30,2026-06-13 07:55:00,2.1,7.2,14.8,68,0,15,1.3,23.4,37.3,580.1,3,321.2,24.6,80,25.2,20.9
2026-06-13T07:50:00+05:30,2026-06-13 07:50:00,1.4,7.2,14.8,74,0,15,1.3,23.4,37.3,580.1,2,298.5,24.6,80,25.2,20.9
2026-06-13T07:45:00+05:30,2026-06-13 07:45:00,7.6,11.1,14.8,64,0,15,1.3,23.4,37.3,580.1,3,344.4,24.5,80,25.1,20.8
2026-06-13T07:40:00+05:30,2026-06-13 07:40:00,9,13,14.8,29,0,15,1.3,23.4,37.3,580.1,3,345.1,24.5,80,25.1,20.8
2026-06-13T07:35:00+05:30,2026-06-13 07:35:00,3.5,11.1,14.8,79,0,15,1.3,23.4,37.3,580.1,3,310,24.5,80,25.1,20.8
2026-06-13T07:30:00+05:30,2026-06-13 07:30:00,1.1,11.1,14.8,64,0,15,1.3,23.4,37.3,580.1,0,98.8,24.5,80,25.1,20.8
2026-06-13T07:25:00+05:30,2026-06-13 07:25:00,4,9.3,14.8,47,0,15,1.3,23.4,37.3,580.1,1,117.3,24.5,80,25.1,20.8
2026-06-13T07:20:00+05:30,2026-06-13 07:20:00,0,7.2,14.8,58,0,15,1.3,23.4,37.3,580.1,1,188.7,24.5,80,25.1,20.8
2026-06-13T07:15:00+05:30,2026-06-13 07:15:00,0,5.5,14.8,71,0,15,1.3,23.4,37.3,580.1,0,93.6,24.4,80,25,20.7
2026-06-13T07:10:00+05:30,2026-06-13 07:10:00,4.7,13,14.8,58,0,15,1.3,23.4,37.3,580.1,0,83.5,24.5,80,25.1,20.8
2026-06-13T07:05:00+05:30,2026-06-13 07:05:00,0,9.3,14.8,63,0,15,1.3,23.4,37.3,580.1,0,65.2,24.5,80,25.1,20.8
2026-06-13T07:00:00+05:30,2026-06-13 07:00:00,0,7.2,14.8,44,0,15,1.3,23.4,37.3,580.1,0,64.5,24.5,80,25.1,20.8
2026-06-13T06:55:00+05:30,2026-06-13 06:55:00,0,9.3,14.8,301,0,15,1.3,23.4,37.3,580.1,0,63.8,24.5,80,25.1,20.8
2026-06-13T06:50:00+05:30,2026-06-13 06:50:00,0,1.8,14.8,44,0,15,1.3,23.4,37.3,580.1,0,56,24.5,80,25.1,20.8
2026-06-13T06:45:00+05:30,2026-06-13 06:45:00,0,0,14.8,51,0,15,1.3,23.4,37.3,580.1,0,49.7,24.5,80,25.1,20.8
2026-06-13T06:40:00+05:30,2026-06-13 06:40:00,0,0,14.8,50,0,15,1.3,23.4,37.3,580.1,0,45.9,24.5,80,25.1,20.8
2026-06-13T06:35:00+05:30,2026-06-13 06:35:00,0,0,14.8,53,0,15,1.3,23.4,37.3,580.1,0,42,24.5,80,25.1,20.8
2026-06-13T06:30:00+05:30,2026-06-13 06:30:00,0,0,14.8,53,0,15,1.3,23.4,37.3,580.1,0,37.3,24.5,80,25.1,20.8
2026-06-13T06:26:00+05:30,2026-06-13 06:26:00,0,0,14.8,53,0,15,1.3,23.4,37.3,580.1,0,33.4,24.5,80,25.1,20.8
2026-06-13T06:20:00+05:30,2026-06-13 06:20:00,0,1.8,14.8,44,0,15,1.3,23.4,37.3,580.1,0,28.3,24.5,80,25.1,20.8
2026-06-13T06:15:00+05:30,2026-06-13 06:15:00,0,0,14.8,40,0,15,1.3,23.4,37.3,580.1,0,22.4,24.5,80,25.1,20.8
2026-06-13T06:10:00+05:30,2026-06-13 06:10:00,0,1.8,14.8,15,0,15,1.3,23.4,37.3,580.1,0,17.6,24.5,80,25.1,20.8
2026-06-13T06:05:00+05:30,2026-06-13 06:05:00,0,0,14.8,15,0,15,1.3,23.4,37.3,580.1,0,13.4,24.5,80,25.1,20.8
2026-06-13T06:00:00+05:30,2026-06-13 06:00:00,0,0,14.8,15,0,15,1.3,23.4,37.3,580.1,0,7.9,24.5,80,25.1,20.8
2026-06-13T05:56:00+05:30,2026-06-13 05:56:00,0,0,14.8,15,0,15,1.3,23.4,37.3,580.1,0,4.3,24.5,80,25.1,20.8
2026-06-13T05:50:00+05:30,2026-06-13 05:50:00,0,0,14.8,15,0,15,1.3,23.4,37.3,580.1,0,2,24.5,80,25.1,20.8
2026-06-13T05:45:00+05:30,2026-06-13 05:45:00,1.8,5.5,14.8,15,0,15,1.3,23.4,37.3,580.1,0,1.1,24.5,80,25.1,20.8
2026-06-13T05:40:00+05:30,2026-06-13 05:40:00,0,0,14.8,14,0,15,1.3,23.4,37.3,580.1,0,0.3,24.5,80,25.1,20.8
2026-06-13T05:35:00+05:30,2026-06-13 05:35:00,0,0,14.8,14,0,15,1.3,23.4,37.3,580.1,0,0.1,24.5,80,25.1,20.8
2026-06-13T05:30:00+05:30,2026-06-13 05:30:00,0,0,14.8,14,0,15,1.3,23.4,37.3,580.1,0,0,24.5,80,25.1,20.8
2026-06-13T05:25:00+05:30,2026-06-13 05:25:00,0,0,14.8,15,0,15,1.3,23.4,37.3,580.1,0,0,24.5,80,25.1,20.8
2026-06-13T05:21:00+05:30,2026-06-13 05:21:00,0,0,14.8,15,0,15,1.3,23.4,37.3,580.1,0,0,24.5,80,25.1,20.8
2026-06-13T05:15:00+05:30,2026-06-13 05:15:00,0,0,14.8,15,0,15,1.3,23.4,37.3,580.1,0,0,24.5,80,25.1,20.8
2026-06-13T05:10:00+05:30,2026-06-13 05:10:00,0,5.5,14.8,16,0,15,1.3,23.4,37.3,580.1,0,0,24.5,80,25.1,20.8
2026-06-13T05:05:00+05:30,2026-06-13 05:05:00,4,7.2,14.8,18,0,15,1.3,23.4,37.3,580.1,0,0,24.5,80,25.1,20.8
2026-06-13T05:00:00+05:30,2026-06-13 05:00:00,5.8,9.3,14.8,21,0,15,1.3,23.4,37.3,580.1,0,0,24.5,80,25.1,20.8
2026-06-13T04:55:00+05:30,2026-06-13 04:55:00,0,0,14.8,22,0,15,1.3,23.4,37.3,580.1,0,0,24.5,80,25.1,20.8
2026-06-13T04:50:00+05:30,2026-06-13 04:50:00,0,3.5,14.8,24,0,15,1.3,23.4,37.3,580.1,0,0,24.5,80,25.1,20.8
2026-06-13T04:45:00+05:30,2026-06-13 04:45:00,0,7.2,14.8,29,0,15,1.3,23.4,37.3,580.1,0,0,24.5,80,25.1,20.8
2026-06-13T04:40:00+05:30,2026-06-13 04:40:00,0,1.8,14.8,34,0,15,1.3,23.4,37.3,580.1,0,0,24.5,80,25.1,20.8
2026-06-13T04:35:00+05:30,2026-06-13 04:35:00,2.1,5.5,14.8,32,0,15,1.3,23.4,37.3,580.1,0,0,24.5,80,25.1,20.8
2026-06-13T04:30:00+05:30,2026-06-13 04:30:00,4.3,5.5,14.8,39,0,15,1.3,23.4,37.3,580.1,0,0,24.5,80,25.1,20.8
2026-06-13T04:25:00+05:30,2026-06-13 04:25:00,0,5.5,14.8,42,0,15,1.3,23.4,37.3,580.1,0,0,24.5,80,25.1,20.8
2026-06-13T04:20:00+05:30,2026-06-13 04:20:00,1.4,3.5,14.8,40,0,15,1.3,23.4,37.3,580.1,0,0,24.5,80,25.1,20.8
2026-06-13T04:16:00+05:30,2026-06-13 04:16:00,0,9.3,14.8,42,0,15,1.3,23.4,37.3,580.1,0,0,24.5,80,25.1,20.8
2026-06-13T04:10:00+05:30,2026-06-13 04:10:00,0.3,7.2,14.8,38,0,15,1.3,23.4,37.3,580.1,0,0,24.5,80,25.1,20.8
2026-06-13T04:05:00+05:30,2026-06-13 04:05:00,4,5.5,14.8,51,0,15,1.3,23.4,37.3,580.1,0,0,24.5,80,25.1,20.8
2026-06-13T04:00:00+05:30,2026-06-13 04:00:00,3.5,7.2,14.8,35,1.8,15,1.3,23.4,37.3,580.1,0,0,24.5,80,25.1,20.8
2026-06-13T03:55:00+05:30,2026-06-13 03:55:00,0.6,5.5,14.8,42,3,15,1.3,23.4,37.3,580.1,0,0,24.5,80,25.1,20.8
2026-06-13T03:50:00+05:30,2026-06-13 03:50:00,2.9,7.2,14.8,39,1.3,14.7,1,23.1,37.1,579.9,0,0,24.6,79,25.2,20.7
2026-06-13T03:45:00+05:30,2026-06-13 03:45:00,0,3.5,14.8,36,0,14.5,0.8,22.9,36.8,579.6,0,0,24.6,79,25.2,20.7
2026-06-13T03:40:00+05:30,2026-06-13 03:40:00,5.5,9.3,14.8,51,1.8,14.5,0.8,22.9,36.8,579.6,0,0,24.6,79,25.2,20.7
2026-06-13T03:35:00+05:30,2026-06-13 03:35:00,5.8,9.3,14.8,56,1.8,14.5,0.8,22.9,36.8,579.6,0,0,24.6,79,25.2,20.7
2026-06-13T03:30:00+05:30,2026-06-13 03:30:00,0,0,14.8,51,0,14.2,0.5,22.6,36.6,579.4,0,0,24.6,79,25.2,20.7
2026-06-13T03:25:00+05:30,2026-06-13 03:25:00,0.3,5.5,14.8,44,0,14.2,0.5,22.6,36.6,579.4,0,0,24.6,79,25.2,20.7
2026-06-13T03:20:00+05:30,2026-06-13 03:20:00,3.5,13,14.8,39,0,14.2,0.5,22.6,36.6,579.4,0,0,24.7,79,25.3,20.8
2026-06-13T03:15:00+05:30,2026-06-13 03:15:00,4,14.8,14.8,62,3,14.2,0.5,22.6,36.6,579.4,0,0,24.7,78,25.3,20.6
2026-06-13T03:11:00+05:30,2026-06-13 03:11:00,8.7,14.8,14.8,19,3,14.2,0.5,22.6,36.6,579.4,0,0,24.8,78,25.3,20.7
2026-06-13T03:05:00+05:30,2026-06-13 03:05:00,4.7,7.2,11.1,62,0,13.7,0,22.1,36.1,578.9,0,0,24.8,78,25.3,20.7
2026-06-13T03:00:00+05:30,2026-06-13 03:00:00,0,0,11.1,62,0,13.7,0,22.1,36.1,578.9,0,0,24.8,78,25.3,20.7
2026-06-13T02:55:00+05:30,2026-06-13 02:55:00,0,1.8,11.1,71,0,13.7,0,22.1,36.1,578.9,0,0,24.8,78,25.3,20.7
2026-06-13T02:50:00+05:30,2026-06-13 02:50:00,0,5.5,11.1,50,0,13.7,0,22.1,36.1,578.9,0,0,24.8,78,25.3,20.7
2026-06-13T02:45:00+05:30,2026-06-13 02:45:00,0,3.5,11.1,49,0,13.7,0,22.1,36.1,578.9,0,0,24.8,78,25.3,20.7
2026-06-13T02:41:00+05:30,2026-06-13 02:41:00,0,0,11.1,50,0,13.7,0,22.1,36.1,578.9,0,0,24.8,78,25.3,20.7
2026-06-13T02:35:00+05:30,2026-06-13 02:35:00,0,0,11.1,48,0,13.7,0,22.1,36.1,578.9,0,0,24.8,78,25.3,20.7
2026-06-13T02:30:00+05:30,2026-06-13 02:30:00,0,0,11.1,46,0,13.7,0,22.1,36.1,578.9,0,0,24.8,78,25.3,20.7
2026-06-13T02:25:00+05:30,2026-06-13 02:25:00,0,0,11.1,49,0,13.7,0,22.1,36.1,578.9,0,0,24.8,78,25.3,20.7
2026-06-13T02:20:00+05:30,2026-06-13 02:20:00,0,0,11.1,33,0,13.7,0,22.1,36.1,578.9,0,0,24.9,78,25.4,20.8
2026-06-13T02:15:00+05:30,2026-06-13 02:15:00,6.1,7.2,11.1,95,0,13.7,0,22.1,36.1,578.9,0,0,24.9,78,25.4,20.8
2026-06-13T02:10:00+05:30,2026-06-13 02:10:00,1.8,3.5,11.1,45,0,13.7,0,22.1,36.1,578.9,0,0,24.9,78,25.4,20.8
2026-06-13T02:06:00+05:30,2026-06-13 02:06:00,4,5.5,11.1,8,0,13.7,0,22.1,36.1,578.9,0,0,24.9,78,25.4,20.8
2026-06-13T02:00:00+05:30,2026-06-13 02:00:00,6.4,7.2,11.1,121,0,13.7,0,22.1,36.1,578.9,0,0,24.9,78,25.4,20.8
2026-06-13T01:55:00+05:30,2026-06-13 01:55:00,0,0,11.1,79,0,13.7,0,22.1,36.1,578.9,0,0,24.9,78,25.4,20.8
2026-06-13T01:50:00+05:30,2026-06-13 01:50:00,1.1,7.2,11.1,50,0,13.7,0,22.1,36.1,578.9,0,0,24.9,78,25.4,20.8
2026-06-13T01:45:00+05:30,2026-06-13 01:45:00,0,0,11.1,60,0,13.7,0,22.1,36.1,578.9,0,0,24.9,78,25.4,20.8
2026-06-13T01:40:00+05:30,2026-06-13 01:40:00,0,0,11.1,53,0,13.7,0,22.1,36.1,578.9,0,0,24.9,78,25.4,20.8
2026-06-13T01:35:00+05:30,2026-06-13 01:35:00,0,3.5,11.1,48,0,13.7,0,22.1,36.1,578.9,0,0,24.9,78,25.4,20.8
2026-06-13T01:30:00+05:30,2026-06-13 01:30:00,0,1.8,11.1,62,0,13.7,0,22.1,36.1,578.9,0,0,24.9,78,25.4,20.8
2026-06-13T01:25:00+05:30,2026-06-13 01:25:00,0.3,3.5,11.1,50,0,13.7,0,22.1,36.1,578.9,0,0,25,78,25.6,20.9
2026-06-13T01:20:00+05:30,2026-06-13 01:20:00,3.2,7.2,7.2,52,0,13.7,0,22.1,36.1,578.9,0,0,25,78,25.6,20.9
2026-06-13T01:15:00+05:30,2026-06-13 01:15:00,0,1.8,7.2,53,0,13.7,0,22.1,36.1,578.9,0,0,25,78,25.6,20.9
2026-06-13T01:10:00+05:30,2026-06-13 01:10:00,0,0,5.5,55,0,13.7,0,22.1,36.1,578.9,0,0,25,78,25.6,20.9
2026-06-13T01:05:00+05:30,2026-06-13 01:05:00,0,0,5.5,48,0,13.7,0,22.1,36.1,578.9,0,0,25,78,25.6,20.9
2026-06-13T01:01:00+05:30,2026-06-13 01:01:00,0,0,5.5,105,0,13.7,0,22.1,36.1,578.9,0,0,25,78,25.6,20.9
2026-06-13T00:55:00+05:30,2026-06-13 00:55:00,0,0,5.5,49,0,13.7,0,22.1,36.1,578.9,0,0,25,79,25.6,21.1
2026-06-13T00:50:00+05:30,2026-06-13 00:50:00,0,0,5.5,60,0,13.7,0,22.1,36.1,578.9,0,0,25,78,25.6,20.9
2026-06-13T00:45:00+05:30,2026-06-13 00:45:00,0,0,5.5,51,0,13.7,0,22.1,36.1,578.9,0,0,25.1,78,25.7,21
2026-06-13T00:40:00+05:30,2026-06-13 00:40:00,0,0,5.5,49,0,13.7,0,22.1,36.1,578.9,0,0,25.1,78,25.7,21
2026-06-13T00:35:00+05:30,2026-06-13 00:35:00,0,0,5.5,49,0,13.7,0,22.1,36.1,578.9,0,0,25.1,78,25.7,21
2026-06-13T00:30:00+05:30,2026-06-13 00:30:00,0,1.8,5.5,58,0,13.7,0,22.1,36.1,578.9,0,0,25.1,79,25.7,21.2
2026-06-13T00:25:00+05:30,2026-06-13 00:25:00,0,0,5.5,54,0,13.7,0,22.1,36.1,578.9,0,0,25.1,78,25.7,21
2026-06-13T00:20:00+05:30,2026-06-13 00:20:00,0,0,5.5,56,0,13.7,0,22.1,36.1,578.9,0,0,25.1,79,25.7,21.2
2026-06-13T00:15:00+05:30,2026-06-13 00:15:00,0,0,5.5,49,0,13.7,0,22.1,36.1,578.9,0,0,25.1,78,25.7,21
2026-06-13T00:10:00+05:30,2026-06-13 00:10:00,0,0,5.5,53,0,13.7,0,22.1,36.1,578.9,0,0,25.1,79,25.7,21.2
2026-06-13T00:05:00+05:30,2026-06-13 00:05:00,0,5.5,5.5,56,0,13.7,0,22.1,36.1,578.9,0,0,25.1,79,25.7,21.2
2026-06-13T00:00:00+05:30,2026-06-13 00:00:00,0,1.8,0,50,0,13.7,0,22.1,36.1,578.9,0,0,25.1,79,25.7,21.2
2026-06-12T23:55:00+05:30,2026-06-12 23:55:00,0,0,25.6,54,0,13.7,10.4,22.1,36.1,578.9,0,0,25.1,79,25.7,21.2
2026-06-12T23:50:00+05:30,2026-06-12 23:50:00,0,0,25.6,56,0,13.7,10.4,22.1,36.1,578.9,0,0,25.1,79,25.7,21.2
2026-06-12T23:45:00+05:30,2026-06-12 23:45:00,0,3.5,25.6,55,0,13.7,10.4,22.1,36.1,578.9,0,0,25.1,79,25.7,21.2
2026-06-12T23:41:00+05:30,2026-06-12 23:41:00,0,3.5,25.6,54,0,13.7,10.4,22.1,36.1,578.9,0,0,25.1,79,25.7,21.2
2026-06-12T23:35:00+05:30,2026-06-12 23:35:00,1.4,3.5,25.6,54,0,13.7,10.4,22.1,36.1,578.9,0,0,25.1,79,25.7,21.2
2026-06-12T23:30:00+05:30,2026-06-12 23:30:00,0,1.8,25.6,50,0,13.7,10.4,22.1,36.1,578.9,0,0,25.2,79,25.9,21.3
2026-06-12T23:25:00+05:30,2026-06-12 23:25:00,1.8,3.5,25.6,62,0,13.7,10.4,22.1,36.1,578.9,0,0,25.2,79,25.9,21.3
2026-06-12T23:20:00+05:30,2026-06-12 23:20:00,2.9,3.5,25.6,54,0,13.7,10.4,22.1,36.1,578.9,0,0,25.2,79,25.9,21.3
2026-06-12T23:15:00+05:30,2026-06-12 23:15:00,3.5,5.5,25.6,79,0,13.7,10.4,22.1,36.1,578.9,0,0,25.2,79,25.9,21.3
2026-06-12T23:10:00+05:30,2026-06-12 23:10:00,1.1,3.5,25.6,58,0,13.7,10.4,22.1,36.1,578.9,0,0,25.2,79,25.9,21.3
2026-06-12T23:05:00+05:30,2026-06-12 23:05:00,0,3.5,25.6,63,0,13.7,10.4,22.1,36.1,578.9,0,0,25.2,79,25.9,21.3
2026-06-12T23:00:00+05:30,2026-06-12 23:00:00,1.8,3.5,25.6,62,0,13.7,10.4,22.1,36.1,578.9,0,0,25.3,79,25.9,21.4
2026-06-12T22:55:00+05:30,2026-06-12 22:55:00,0,9.3,25.6,55,0,13.7,10.4,22.1,36.1,578.9,0,0,25.3,79,25.9,21.4
2026-06-12T22:50:00+05:30,2026-06-12 22:50:00,1.4,14.8,25.6,50,0,13.7,10.4,22.1,36.1,578.9,0,0,25.3,79,25.9,21.4
2026-06-12T22:45:00+05:30,2026-06-12 22:45:00,0,0,25.6,50,0,13.7,10.4,22.1,36.1,578.9,0,0,25.3,79,25.9,21.4
2026-06-12T22:40:00+05:30,2026-06-12 22:40:00,0.3,1.8,25.6,54,0,13.7,10.4,22.1,36.1,578.9,0,0,25.3,79,25.9,21.4
2026-06-12T22:36:00+05:30,2026-06-12 22:36:00,1.8,5.5,25.6,62,0,13.7,10.4,22.1,36.1,578.9,0,0,25.3,79,25.9,21.4
2026-06-12T22:30:00+05:30,2026-06-12 22:30:00,1.4,5.5,25.6,60,0,13.7,10.4,22.1,36.1,578.9,0,0,25.4,79,26.1,21.5
2026-06-12T22:25:00+05:30,2026-06-12 22:25:00,0,0,25.6,58,0,13.7,10.4,22.1,36.1,578.9,0,0,25.4,79,26.1,21.5
2026-06-12T22:20:00+05:30,2026-06-12 22:20:00,0,1.8,25.6,44,0,13.7,10.4,22.1,36.1,578.9,0,0,25.3,79,25.9,21.4
2026-06-12T22:15:00+05:30,2026-06-12 22:15:00,0.3,1.8,25.6,52,0,13.7,10.4,22.1,36.1,578.9,0,0,25.3,79,25.9,21.4
2026-06-12T22:10:00+05:30,2026-06-12 22:10:00,1.1,5.5,25.6,81,0,13.7,10.4,22.1,36.1,578.9,0,0,25.3,79,25.9,21.4
2026-06-12T22:05:00+05:30,2026-06-12 22:05:00,1.4,3.5,25.6,51,0,13.7,10.4,22.1,36.1,578.9,0,0,25.4,79,26.1,21.5
2026-06-12T22:00:00+05:30,2026-06-12 22:00:00,4,7.2,25.6,64,0,13.7,10.4,22.1,36.1,578.9,0,0,25.4,79,26.1,21.5
2026-06-12T21:55:00+05:30,2026-06-12 21:55:00,2.1,5.5,25.6,52,0,13.7,10.4,22.1,36.1,578.9,0,0,25.4,79,26.1,21.5
2026-06-12T21:50:00+05:30,2026-06-12 21:50:00,2.1,7.2,25.6,44,0,13.7,10.4,22.1,36.1,578.9,0,0,25.4,79,26.1,21.5
2026-06-12T21:45:00+05:30,2026-06-12 21:45:00,1.4,3.5,25.6,51,0,13.7,10.4,22.1,36.1,578.9,0,0,25.4,79,26.1,21.5
2026-06-12T21:40:00+05:30,2026-06-12 21:40:00,0,0,25.6,64,0,13.7,10.4,22.1,36.1,578.9,0,0,25.4,79,26.1,21.5
2026-06-12T21:35:00+05:30,2026-06-12 21:35:00,0,3.5,25.6,65,0,13.7,10.4,22.1,36.1,578.9,0,0,25.4,79,26.1,21.5
2026-06-12T21:30:00+05:30,2026-06-12 21:30:00,0,1.8,25.6,56,0,13.7,10.4,22.1,36.1,578.9,0,0,25.4,79,26.1,21.5
2026-06-12T21:25:00+05:30,2026-06-12 21:25:00,0,0,25.6,54,0,13.7,10.4,22.1,36.1,578.9,0,0,25.4,79,26.1,21.5
2026-06-12T21:20:00+05:30,2026-06-12 21:20:00,0.3,7.2,25.6,56,0,13.7,10.4,22.1,36.1,578.9,0,0,25.4,79,26.1,21.5
2026-06-12T21:16:00+05:30,2026-06-12 21:16:00,0,0,25.6,47,0,13.7,10.4,22.1,36.1,578.9,0,0,25.5,79,26.2,21.6
2026-06-12T21:10:00+05:30,2026-06-12 21:10:00,4.7,7.2,25.6,55,0,13.7,10.4,22.1,36.1,578.9,0,0,25.5,79,26.2,21.6
2026-06-12T21:05:00+05:30,2026-06-12 21:05:00,0.6,5.5,25.6,52,0,13.7,10.4,22.1,36.1,578.9,0,0,25.5,79,26.2,21.6
2026-06-12T21:00:00+05:30,2026-06-12 21:00:00,0,3.5,25.6,34,0,13.7,10.4,22.1,36.1,578.9,0,0,25.5,79,26.2,21.6
2026-06-12T20:55:00+05:30,2026-06-12 20:55:00,0,0,25.6,54,0,13.7,10.4,22.1,36.1,578.9,0,0,25.5,79,26.2,21.6
2026-06-12T20:50:00+05:30,2026-06-12 20:50:00,0,3.5,25.6,59,0,13.7,10.4,22.1,36.1,578.9,0,0,25.6,79,26.3,21.7
2026-06-12T20:45:00+05:30,2026-06-12 20:45:00,1.4,3.5,25.6,69,0,13.7,10.4,22.1,36.1,578.9,0,0,25.6,79,26.3,21.7
2026-06-12T20:40:00+05:30,2026-06-12 20:40:00,2.9,7.2,25.6,66,0,13.7,10.4,22.1,36.1,578.9,0,0,25.6,79,26.3,21.7
2026-06-12T20:35:00+05:30,2026-06-12 20:35:00,0.3,5.5,25.6,48,0,13.7,10.4,22.1,36.1,578.9,0,0,25.6,79,26.3,21.7
2026-06-12T20:30:00+05:30,2026-06-12 20:30:00,0,3.5,25.6,45,0,13.7,10.4,22.1,36.1,578.9,0,0,25.6,79,26.3,21.7
2026-06-12T20:25:00+05:30,2026-06-12 20:25:00,0,0,25.6,63,0,13.7,10.4,22.1,36.1,578.9,0,0,25.6,79,26.3,21.7
2026-06-12T20:20:00+05:30,2026-06-12 20:20:00,6.4,9.3,25.6,55,0,13.7,10.4,22.1,36.1,578.9,0,0,25.7,79,26.4,21.8
2026-06-12T20:15:00+05:30,2026-06-12 20:15:00,0,0,25.6,32,0,13.7,10.4,22.1,36.1,578.9,0,0,25.7,80,26.4,22
2026-06-12T20:10:00+05:30,2026-06-12 20:10:00,0,0,25.6,55,0,13.7,10.4,22.1,36.1,578.9,0,0,25.7,80,26.4,22
2026-06-12T20:05:00+05:30,2026-06-12 20:05:00,0,0,25.6,51,0,13.7,10.4,22.1,36.1,578.9,0,0,25.7,80,26.4,22
2026-06-12T20:00:00+05:30,2026-06-12 20:00:00,0,1.8,25.6,33,0,13.7,10.4,22.1,36.1,578.9,0,0,25.7,79,26.4,21.8
2026-06-12T19:56:00+05:30,2026-06-12 19:56:00,0,0,25.6,83,0,13.7,10.4,22.1,36.1,578.9,0,0,25.7,79,26.4,21.8
2026-06-12T19:50:00+05:30,2026-06-12 19:50:00,0,0,25.6,44,0,13.7,10.4,22.1,36.1,578.9,0,0,25.7,79,26.4,21.8
2026-06-12T19:45:00+05:30,2026-06-12 19:45:00,0,0,25.6,49,0,13.7,10.4,22.1,36.1,578.9,0,0,25.7,79,26.4,21.8
2026-06-12T19:40:00+05:30,2026-06-12 19:40:00,0,0,25.6,48,0,13.7,10.4,22.1,36.1,578.9,0,0,25.7,79,26.4,21.8
2026-06-12T19:35:00+05:30,2026-06-12 19:35:00,0,1.8,25.6,51,0,13.7,10.4,22.1,36.1,578.9,0,0,25.7,79,26.4,21.8
2026-06-12T19:30:00+05:30,2026-06-12 19:30:00,0.3,3.5,25.6,62,0,13.7,10.4,22.1,36.1,578.9,0,0,25.7,79,26.4,21.8
2026-06-12T19:25:00+05:30,2026-06-12 19:25:00,0,0,25.6,46,1.3,13.7,10.4,22.1,36.1,578.9,0,0,25.7,79,26.4,21.8
2026-06-12T19:21:00+05:30,2026-06-12 19:21:00,0,9.3,25.6,47,1.3,13.7,10.4,22.1,36.1,578.9,0,0,25.7,79,26.4,21.8
2026-06-12T19:15:00+05:30,2026-06-12 19:15:00,1.8,9.3,25.6,94,0,13.5,10.2,21.8,35.8,578.6,0,0,25.8,79,26.5,21.8
2026-06-12T19:10:00+05:30,2026-06-12 19:10:00,4,5.5,25.6,57,0,13.5,10.2,21.8,35.8,578.6,0,0,25.8,79,26.5,21.8
2026-06-12T19:05:00+05:30,2026-06-12 19:05:00,1.4,5.5,25.6,70,0,13.5,10.2,21.8,35.8,578.6,0,0,25.8,79,26.5,21.8
2026-06-12T19:00:00+05:30,2026-06-12 19:00:00,0,1.8,25.6,49,0,13.5,10.2,21.8,35.8,578.6,0,0,25.8,79,26.5,21.8
2026-06-12T18:55:00+05:30,2026-06-12 18:55:00,0.3,3.5,25.6,50,0,13.5,10.2,21.8,35.8,578.6,0,0,25.8,79,26.5,21.8
2026-06-12T18:50:00+05:30,2026-06-12 18:50:00,0,7.2,25.6,48,0,13.5,10.2,21.8,35.8,578.6,0,0,25.9,79,26.6,21.9
2026-06-12T18:45:00+05:30,2026-06-12 18:45:00,0,0,25.6,43,1.8,13.5,10.2,21.8,35.8,578.6,0,0,25.8,79,26.5,21.8
2026-06-12T18:40:00+05:30,2026-06-12 18:40:00,1.4,3.5,25.6,58,0,13.2,9.9,21.6,35.6,578.4,0,0,25.8,79,26.5,21.8
2026-06-12T18:35:00+05:30,2026-06-12 18:35:00,0.3,7.2,25.6,81,0,13.2,9.9,21.6,35.6,578.4,0,0,25.9,79,26.6,21.9
2026-06-12T18:30:00+05:30,2026-06-12 18:30:00,0,5.5,25.6,64,0,13.2,9.9,21.6,35.6,578.4,0,0.1,25.9,79,26.6,21.9
2026-06-12T18:25:00+05:30,2026-06-12 18:25:00,0,9.3,25.6,51,0,13.2,9.9,21.6,35.6,578.4,0,0.1,25.9,79,26.6,21.9
2026-06-12T18:20:00+05:30,2026-06-12 18:20:00,5.5,7.2,25.6,58,0,13.2,9.9,21.6,35.6,578.4,0,0.3,25.9,79,26.6,21.9
2026-06-12T18:15:00+05:30,2026-06-12 18:15:00,1.1,5.5,25.6,36,0,13.2,9.9,21.6,35.6,578.4,0,0.6,25.9,79,26.6,21.9
2026-06-12T18:10:00+05:30,2026-06-12 18:10:00,0,1.8,25.6,51,0,13.2,9.9,21.6,35.6,578.4,0,1.1,26,79,26.7,22.1
2026-06-12T18:05:00+05:30,2026-06-12 18:05:00,2.1,3.5,25.6,65,0,13.2,9.9,21.6,35.6,578.4,0,2.2,26,79,26.7,22.1
2026-06-12T18:01:00+05:30,2026-06-12 18:01:00,5,11.1,25.6,80,1.3,13.2,9.9,21.6,35.6,578.4,0,4.3,26,79,26.7,22.1
2026-06-12T17:55:00+05:30,2026-06-12 17:55:00,7.9,11.1,25.6,67,1.3,13.2,9.9,21.6,35.6,578.4,0,5.7,26,79,26.7,22.1
2026-06-12T17:50:00+05:30,2026-06-12 17:50:00,7.2,9.3,25.6,76,0,13,9.7,21.3,35.3,578.1,0,7,26,79,26.7,22.1
2026-06-12T17:45:00+05:30,2026-06-12 17:45:00,0,5.5,25.6,60,0,13,9.7,21.3,35.3,578.1,0,11.2,26,79,26.7,22.1
2026-06-12T17:40:00+05:30,2026-06-12 17:40:00,0,9.3,25.6,51,0,13,9.7,21.3,35.3,578.1,0,13.6,26.1,79,26.8,22.2
2026-06-12T17:35:00+05:30,2026-06-12 17:35:00,3.5,11.1,25.6,66,0,13,9.7,21.3,35.3,578.1,0,15.1,26.1,79,26.8,22.2
2026-06-12T17:30:00+05:30,2026-06-12 17:30:00,0,1.8,25.6,21,1.8,13,9.7,21.3,35.3,578.1,0,16.9,26.1,79,26.8,22.2
2026-06-12T17:25:00+05:30,2026-06-12 17:25:00,0,11.1,25.6,66,3.6,13,9.7,21.3,35.3,578.1,0,19.2,26.1,79,26.8,22.2
2026-06-12T17:20:00+05:30,2026-06-12 17:20:00,0,3.5,25.6,54,3,12.7,9.4,21.1,35.1,577.9,0,25.9,26.1,79,26.8,22.2
2026-06-12T17:15:00+05:30,2026-06-12 17:15:00,0,5.5,25.6,54,1.3,12.4,9.1,20.8,34.8,577.6,0,31.8,26.1,79,26.8,22.2
2026-06-12T17:10:00+05:30,2026-06-12 17:10:00,0,3.5,25.6,63,0,12.2,8.9,20.6,34.5,577.3,0,35,26.2,79,26.9,22.3
2026-06-12T17:05:00+05:30,2026-06-12 17:05:00,2.1,7.2,25.6,48,0,12.2,8.9,20.6,34.5,577.3,0,28.9,26.2,79,26.9,22.3
2026-06-12T17:00:00+05:30,2026-06-12 17:00:00,0,1.8,25.6,46,1.8,12.2,8.9,20.6,34.5,577.3,0,28.8,26.3,79,27,22.3
2026-06-12T16:55:00+05:30,2026-06-12 16:55:00,1.8,9.3,25.6,63,0,11.9,8.6,20.3,34.3,577.1,0,29,26.3,79,27,22.3
2026-06-12T16:50:00+05:30,2026-06-12 16:50:00,5.5,7.2,25.6,63,0,11.9,8.6,20.3,34.3,577.1,0,29,26.3,79,27,22.3
2026-06-12T16:45:00+05:30,2026-06-12 16:45:00,3.5,11.1,25.6,35,0,11.9,8.6,20.3,34.3,577.1,0,29.6,26.4,79,27.2,22.4
2026-06-12T16:40:00+05:30,2026-06-12 16:40:00,2.9,7.2,25.6,66,0,11.9,8.6,20.3,34.3,577.1,0,35.8,26.5,79,27.3,22.6
2026-06-12T16:35:00+05:30,2026-06-12 16:35:00,5.8,9.3,25.6,68,0,11.9,8.6,20.3,34.3,577.1,0,40.5,26.5,79,27.3,22.6
2026-06-12T16:30:00+05:30,2026-06-12 16:30:00,3.5,9.3,25.6,48,1.3,11.9,8.6,20.3,34.3,577.1,0,41.1,26.5,79,27.3,22.6
2026-06-12T16:25:00+05:30,2026-06-12 16:25:00,0,9.3,25.6,53,4.3,11.9,8.6,20.3,34.3,577.1,0,51.1,26.6,79,27.4,22.7
2026-06-12T16:20:00+05:30,2026-06-12 16:20:00,0.6,1.8,25.6,50,3,11.7,8.4,20.1,34,576.8,0,53.2,26.7,79,29.1,22.8
2026-06-12T16:15:00+05:30,2026-06-12 16:15:00,3.2,11.1,25.6,58,1.8,11.2,7.9,19.6,33.5,576.3,0,55.3,26.8,79,29.2,22.8
2026-06-12T16:10:00+05:30,2026-06-12 16:10:00,2.1,9.3,25.6,81,0,10.9,7.6,19.3,33.3,576.1,0,56.1,26.9,80,29.5,23.1
2026-06-12T16:06:00+05:30,2026-06-12 16:06:00,2.6,9.3,25.6,143,0,10.9,7.6,19.3,33.3,576.1,0,54.7,27,80,29.7,23.2
2026-06-12T16:00:00+05:30,2026-06-12 16:00:00,1.4,3.5,25.6,49,0,10.9,7.6,19.3,33.3,576.1,0,41.4,27,81,29.8,23.4
2026-06-12T15:55:00+05:30,2026-06-12 15:55:00,5.5,7.2,25.6,71,0,10.9,7.6,19.3,33.3,576.1,0,47.5,27.1,81,30.1,23.6
2026-06-12T15:50:00+05:30,2026-06-12 15:50:00,0.3,5.5,25.6,51,0,10.9,7.6,19.3,33.3,576.1,1,114.8,27.1,82,30.2,23.8
2026-06-12T15:45:00+05:30,2026-06-12 15:45:00,0,0,25.6,51,0,10.9,7.6,19.3,33.3,576.1,0,88.2,27.1,82,30.2,23.8
2026-06-12T15:40:00+05:30,2026-06-12 15:40:00,0.3,1.8,25.6,61,0,10.9,7.6,19.3,33.3,576.1,0,90.1,27.1,82,30.2,23.8
2026-06-12T15:35:00+05:30,2026-06-12 15:35:00,0,1.8,25.6,68,0,10.9,7.6,19.3,33.3,576.1,0,91.7,27.1,81,30.1,23.6
2026-06-12T15:30:00+05:30,2026-06-12 15:30:00,4.3,9.3,25.6,81,1.3,10.9,7.6,19.3,33.3,576.1,0,37,27.2,81,30.3,23.7
2026-06-12T15:25:00+05:30,2026-06-12 15:25:00,7.2,9.3,25.6,80,4.3,10.9,7.6,19.3,33.3,576.1,0,97.2,27.2,81,30.3,23.7
2026-06-12T15:20:00+05:30,2026-06-12 15:20:00,0,3.5,25.6,55,3,10.7,7.4,19,33,575.8,1,124.5,27.2,81,30.3,23.7
2026-06-12T15:15:00+05:30,2026-06-12 15:15:00,0,3.5,25.6,60,1.3,10.4,7.1,18.8,32.8,575.6,1,143.1,27.2,81,30.3,23.7
2026-06-12T15:10:00+05:30,2026-06-12 15:10:00,4,9.3,25.6,62,0,10.2,6.9,18.5,32.5,575.3,1,134.6,27.2,81,30.3,23.7
2026-06-12T15:05:00+05:30,2026-06-12 15:05:00,1.8,5.5,25.6,73,0,10.2,6.9,18.5,32.5,575.3,1,127.4,27.2,81,30.3,23.7
2026-06-12T15:01:00+05:30,2026-06-12 15:01:00,7.6,14.8,25.6,66,0,10.2,6.9,18.5,32.5,575.3,2,211.5,27.3,81,30.5,23.7
2026-06-12T14:55:00+05:30,2026-06-12 14:55:00,1.8,13,25.6,51,0,10.2,6.9,18.5,32.5,575.3,2,270.4,27.3,82,30.6,23.9
2026-06-12T14:50:00+05:30,2026-06-12 14:50:00,5.5,14.8,25.6,59,0,10.2,6.9,18.5,32.5,575.3,3,340.2,27.3,82,30.6,23.9
2026-06-12T14:46:00+05:30,2026-06-12 14:46:00,0,1.8,25.6,51,0,10.2,6.9,18.5,32.5,575.3,2,210.6,27.3,82,30.6,23.9
2026-06-12T14:40:00+05:30,2026-06-12 14:40:00,2.1,7.2,25.6,54,0,10.2,6.9,18.5,32.5,575.3,1,108.4,27.3,82,30.6,23.9
2026-06-12T14:35:00+05:30,2026-06-12 14:35:00,2.9,5.5,25.6,37,0,10.2,6.9,18.5,32.5,575.3,2,235.4,27.3,82,30.6,23.9
2026-06-12T14:30:00+05:30,2026-06-12 14:30:00,0,1.8,25.6,65,0,10.2,6.9,18.5,32.5,575.3,2,247.3,27.3,83,30.7,24.1
2026-06-12T14:25:00+05:30,2026-06-12 14:25:00,0,0,25.6,55,0,10.2,6.9,18.5,32.5,575.3,1,118.3,27.2,83,30.6,24.1
2026-06-12T14:20:00+05:30,2026-06-12 14:20:00,0,0,25.6,68,0,10.2,6.9,18.5,32.5,575.3,1,181.6,27.2,82,30.4,23.9
2026-06-12T14:15:00+05:30,2026-06-12 14:15:00,0,0,25.6,52,0,10.2,6.9,18.5,32.5,575.3,1,164.8,27.2,82,30.4,23.9
2026-06-12T14:10:00+05:30,2026-06-12 14:10:00,0,0,25.6,51,0,10.2,6.9,18.5,32.5,575.3,1,193.2,27.2,82,30.4,23.9
2026-06-12T14:05:00+05:30,2026-06-12 14:05:00,0,0,25.6,61,0,10.2,6.9,18.5,32.5,575.3,1,148,27.2,81,30.3,23.7
2026-06-12T14:00:00+05:30,2026-06-12 14:00:00,0,0,25.6,59,0,10.2,6.9,18.5,32.5,575.3,2,288.2,27.2,81,30.3,23.7
2026-06-12T13:55:00+05:30,2026-06-12 13:55:00,0,0,25.6,45,1.8,10.2,6.9,18.5,32.5,575.3,3,320.2,27.1,80,30,23.3
2026-06-12T13:50:00+05:30,2026-06-12 13:50:00,0,0,25.6,57,7.9,10.2,6.9,18.5,32.5,575.3,1,148.5,27.2,80,30.2,23.4
2026-06-12T13:45:00+05:30,2026-06-12 13:45:00,0,0,25.6,50,10.9,9.9,6.6,18.3,32.3,575.1,0,68.7,27.2,80,30.2,23.4
2026-06-12T13:40:00+05:30,2026-06-12 13:40:00,0,1.8,25.6,46,4.8,8.9,5.6,17.3,31.2,574,0,48.4,27.1,79,29.9,23.2
2026-06-12T13:35:00+05:30,2026-06-12 13:35:00,0,0,25.6,47,0,8.1,4.8,16.5,30.5,573.3,0,44.6,27.1,79,29.9,23.2
2026-06-12T13:30:00+05:30,2026-06-12 13:30:00,0,1.8,25.6,38,0,8.1,4.8,16.5,30.5,573.3,0,99.3,27.1,79,29.9,23.2
2026-06-12T13:25:00+05:30,2026-06-12 13:25:00,0,0,25.6,41,0,8.1,4.8,16.5,30.5,573.3,0,85.2,27.1,79,29.9,23.2
2026-06-12T13:20:00+05:30,2026-06-12 13:20:00,0,0,25.6,51,0,8.1,4.8,16.5,30.5,573.3,0,73.5,27.1,78,29.8,22.9
2026-06-12T13:15:00+05:30,2026-06-12 13:15:00,0,0,25.6,55,0,8.1,4.8,16.5,30.5,573.3,0,76.2,27.1,78,29.8,22.9
2026-06-12T13:10:00+05:30,2026-06-12 13:10:00,0,0,25.6,26,0,8.1,4.8,16.5,30.5,573.3,1,139.9,27,78,29.6,22.8
2026-06-12T13:05:00+05:30,2026-06-12 13:05:00,0,0,25.6,49,0,8.1,4.8,16.5,30.5,573.3,1,175.6,27,78,29.6,22.8
2026-06-12T13:00:00+05:30,2026-06-12 13:00:00,0,0,25.6,75,0,8.1,4.8,16.5,30.5,573.3,3,373.3,27,79,29.7,23.1
2026-06-12T12:55:00+05:30,2026-06-12 12:55:00,0,5.5,25.6,65,0,8.1,4.8,16.5,30.5,573.3,1,184.9,27,79,29.7,23.1
2026-06-12T12:50:00+05:30,2026-06-12 12:50:00,0,0,25.6,65,0,8.1,4.8,16.5,30.5,573.3,2,247,26.9,79,29.4,22.9
2026-06-12T12:45:00+05:30,2026-06-12 12:45:00,0,0,25.6,36,0,8.1,4.8,16.5,30.5,573.3,2,283.8,26.9,79,29.4,22.9
2026-06-12T12:40:00+05:30,2026-06-12 12:40:00,0,3.5,25.6,50,0,8.1,4.8,16.5,30.5,573.3,2,260.1,26.9,79,29.4,22.9
2026-06-12T12:35:00+05:30,2026-06-12 12:35:00,0,0,25.6,50,0,8.1,4.8,16.5,30.5,573.3,0,94.5,26.9,79,29.4,22.9
2026-06-12T12:30:00+05:30,2026-06-12 12:30:00,0,0,25.6,50,0,8.1,4.8,16.5,30.5,573.3,0,82,26.8,79,29.2,22.8
2026-06-12T12:25:00+05:30,2026-06-12 12:25:00,0,0,25.6,40,0,8.1,4.8,16.5,30.5,573.3,0,62,26.8,79,29.2,22.8
2026-06-12T12:21:00+05:30,2026-06-12 12:21:00,0,0,25.6,60,0,8.1,4.8,16.5,30.5,573.3,1,118.3,26.8,79,29.2,22.8
2026-06-12T12:15:00+05:30,2026-06-12 12:15:00,0,1.8,25.6,50,0,8.1,4.8,16.5,30.5,573.3,1,132.3,26.8,79,29.2,22.8
2026-06-12T12:10:00+05:30,2026-06-12 12:10:00,1.4,3.5,25.6,22,0,8.1,4.8,16.5,30.5,573.3,2,205.7,26.8,79,29.2,22.8
2026-06-12T12:05:00+05:30,2026-06-12 12:05:00,0,1.8,25.6,56,0,8.1,4.8,16.5,30.5,573.3,0,101.9,26.8,79,29.2,22.8
2026-06-12T12:00:00+05:30,2026-06-12 12:00:00,0,7.2,25.6,60,0,8.1,4.8,16.5,30.5,573.3,1,136.1,26.7,79,29.1,22.8
2026-06-12T11:55:00+05:30,2026-06-12 11:55:00,4,5.5,25.6,60,0,8.1,4.8,16.5,30.5,573.3,0,86,26.8,79,29.2,22.8
2026-06-12T11:50:00+05:30,2026-06-12 11:50:00,1.1,3.5,25.6,73,0,8.1,4.8,16.5,30.5,573.3,1,154.8,26.7,79,29.1,22.8
2026-06-12T11:45:00+05:30,2026-06-12 11:45:00,3.2,3.5,25.6,62,0,8.1,4.8,16.5,30.5,573.3,1,115.9,26.7,79,29.1,22.8
2026-06-12T11:40:00+05:30,2026-06-12 11:40:00,2.1,7.2,25.6,60,0,8.1,4.8,16.5,30.5,573.3,1,156.1,26.7,79,29.1,22.8
2026-06-12T11:35:00+05:30,2026-06-12 11:35:00,0,0,25.6,59,0,8.1,4.8,16.5,30.5,573.3,3,350.9,26.6,80,27.4,22.9
2026-06-12T11:30:00+05:30,2026-06-12 11:30:00,0,5.5,25.6,50,0,8.1,4.8,16.5,30.5,573.3,3,354.2,26.6,80,27.4,22.9
2026-06-12T11:25:00+05:30,2026-06-12 11:25:00,0,9.3,25.6,63,0,8.1,4.8,16.5,30.5,573.3,3,326.2,26.5,80,27.3,22.8
2026-06-12T11:20:00+05:30,2026-06-12 11:20:00,1.1,7.2,25.6,49,0,8.1,4.8,16.5,30.5,573.3,2,219.5,26.5,79,27.3,22.6
2026-06-12T11:16:00+05:30,2026-06-12 11:16:00,0,1.8,25.6,72,0,8.1,4.8,16.5,30.5,573.3,1,177.6,26.5,79,27.3,22.6
2026-06-12T11:10:00+05:30,2026-06-12 11:10:00,3.5,7.2,25.6,53,0,8.1,4.8,16.5,30.5,573.3,2,233.2,26.4,79,27.2,22.4
2026-06-12T11:05:00+05:30,2026-06-12 11:05:00,1.4,7.2,25.6,33,0,8.1,4.8,16.5,30.5,573.3,2,229.2,26.4,80,27.2,22.7
2026-06-12T11:00:00+05:30,2026-06-12 11:00:00,0,5.5,25.6,54,0,8.1,4.8,16.5,30.5,573.3,3,308.4,26.4,79,27.2,22.4
2026-06-12T10:55:00+05:30,2026-06-12 10:55:00,1.4,5.5,25.6,50,0,8.1,4.8,16.5,30.5,573.3,2,278.3,26.3,79,27,22.3
2026-06-12T10:50:00+05:30,2026-06-12 10:50:00,0,5.5,25.6,67,0,8.1,4.8,16.5,30.5,573.3,4,415.8,26.3,79,27,22.3
2026-06-12T10:45:00+05:30,2026-06-12 10:45:00,7.9,11.1,25.6,76,0,8.1,4.8,16.5,30.5,573.3,2,242.2,26.3,79,27,22.3
2026-06-12T10:40:00+05:30,2026-06-12 10:40:00,5.8,13,25.6,64,0,8.1,4.8,16.5,30.5,573.3,3,375.6,26.2,79,26.9,22.3
2026-06-12T10:35:00+05:30,2026-06-12 10:35:00,2.1,3.5,25.6,58,0,8.1,4.8,16.5,30.5,573.3,4,424.4,26.2,79,26.9,22.3
2026-06-12T10:30:00+05:30,2026-06-12 10:30:00,6.1,11.1,25.6,72,0,8.1,4.8,16.5,30.5,573.3,1,174.9,26.2,79,26.9,22.3
2026-06-12T10:25:00+05:30,2026-06-12 10:25:00,0,0,25.6,58,0,8.1,4.8,16.5,30.5,573.3,2,207.6,26.2,79,26.9,22.3
2026-06-12T10:20:00+05:30,2026-06-12 10:20:00,4.3,5.5,25.6,63,0,8.1,4.8,16.5,30.5,573.3,1,191.4,26.2,79,26.9,22.3
2026-06-12T10:15:00+05:30,2026-06-12 10:15:00,4.7,9.3,25.6,77,0,8.1,4.8,16.5,30.5,573.3,2,218.8,26.1,79,26.8,22.2
2026-06-12T10:10:00+05:30,2026-06-12 10:10:00,0,1.8,25.6,68,0,8.1,4.8,16.5,30.5,573.3,2,208.1,26.1,79,26.8,22.2
2026-06-12T10:05:00+05:30,2026-06-12 10:05:00,2.6,5.5,25.6,47,0,8.1,4.8,16.5,30.5,573.3,1,127.6,26,79,26.7,22.1
2026-06-12T10:00:00+05:30,2026-06-12 10:00:00,0.3,5.5,25.6,38,0,8.1,4.8,16.5,30.5,573.3,2,244.6,26,79,26.7,22.1
2026-06-12T09:56:00+05:30,2026-06-12 09:56:00,0,5.5,25.6,50,0,8.1,4.8,16.5,30.5,573.3,3,376,25.9,79,26.6,21.9
2026-06-12T09:50:00+05:30,2026-06-12 09:50:00,1.4,3.5,25.6,72,0,8.1,4.8,16.5,30.5,573.3,3,390.1,25.9,79,26.6,21.9
2026-06-12T09:45:00+05:30,2026-06-12 09:45:00,0,5.5,25.6,54,0,8.1,4.8,16.5,30.5,573.3,2,243.8,25.9,79,26.6,21.9
2026-06-12T09:40:00+05:30,2026-06-12 09:40:00,0.6,1.8,25.6,103,0,8.1,4.8,16.5,30.5,573.3,1,121.1,25.9,79,26.6,21.9
2026-06-12T09:35:00+05:30,2026-06-12 09:35:00,0,0,25.6,53,0,8.1,4.8,16.5,30.5,573.3,1,135.3,25.8,79,26.5,21.8
2026-06-12T09:30:00+05:30,2026-06-12 09:30:00,0,0,25.6,44,0,8.1,4.8,16.5,30.5,573.3,1,177.5,25.8,79,26.5,21.8
2026-06-12T09:25:00+05:30,2026-06-12 09:25:00,0,0,25.6,59,0,8.1,4.8,16.5,30.5,573.3,1,132,25.8,79,26.5,21.8
2026-06-12T09:20:00+05:30,2026-06-12 09:20:00,0,0,25.6,48,0,8.1,4.8,16.5,30.5,573.3,5,553.1,25.7,79,26.4,21.8
2026-06-12T09:15:00+05:30,2026-06-12 09:15:00,0,0,25.6,57,0,8.1,4.8,16.5,30.5,573.3,1,162.2,25.7,79,26.4,21.8
2026-06-12T09:10:00+05:30,2026-06-12 09:10:00,0,9.3,25.6,65,0,8.1,4.8,16.5,30.5,573.3,2,277.4,25.6,79,26.3,21.7
2026-06-12T09:05:00+05:30,2026-06-12 09:05:00,2.9,7.2,25.6,72,0,8.1,4.8,16.5,30.5,573.3,2,219.6,25.6,79,26.3,21.7
2026-06-12T09:00:00+05:30,2026-06-12 09:00:00,2.1,9.3,25.6,55,0,8.1,4.8,16.5,30.5,573.3,1,199.3,25.5,79,26.2,21.6
2026-06-12T08:55:00+05:30,2026-06-12 08:55:00,2.1,9.3,25.6,49,0,8.1,4.8,16.5,30.5,573.3,1,177.5,25.5,79,26.2,21.6
2026-06-12T08:51:00+05:30,2026-06-12 08:51:00,0.6,3.5,25.6,58,0,8.1,4.8,16.5,30.5,573.3,2,249,25.5,79,26.2,21.6
2026-06-12T08:45:00+05:30,2026-06-12 08:45:00,5,7.2,25.6,72,0,8.1,4.8,16.5,30.5,573.3,2,253.9,25.4,79,26.1,21.5
2026-06-12T08:40:00+05:30,2026-06-12 08:40:00,0.6,5.5,25.6,69,0,8.1,4.8,16.5,30.5,573.3,2,258.2,25.3,79,25.9,21.4
2026-06-12T08:35:00+05:30,2026-06-12 08:35:00,7.2,11.1,25.6,47,0,8.1,4.8,16.5,30.5,573.3,5,590.9,25.3,79,25.9,21.4
2026-06-12T08:30:00+05:30,2026-06-12 08:30:00,6.1,11.1,25.6,80,0,8.1,4.8,16.5,30.5,573.3,5,591.3,25.3,79,25.9,21.4
2026-06-12T08:25:00+05:30,2026-06-12 08:25:00,4.7,9.3,25.6,59,0,8.1,4.8,16.5,30.5,573.3,2,215.6,25.2,79,25.9,21.3
2026-06-12T08:20:00+05:30,2026-06-12 08:20:00,0.3,9.3,25.6,53,0,8.1,4.8,16.5,30.5,573.3,1,173.9,25.2,79,25.9,21.3
2026-06-12T08:15:00+05:30,2026-06-12 08:15:00,4,7.2,25.6,73,0,8.1,4.8,16.5,30.5,573.3,2,222,25.1,79,25.7,21.2
2026-06-12T08:10:00+05:30,2026-06-12 08:10:00,0.3,7.2,25.6,69,0,8.1,4.8,16.5,30.5,573.3,1,172.2,25.1,79,25.7,21.2
2026-06-12T08:05:00+05:30,2026-06-12 08:05:00,4.7,9.3,25.6,43,0,8.1,4.8,16.5,30.5,573.3,1,142.4,25,78,25.6,20.9
2026-06-12T08:00:00+05:30,2026-06-12 08:00:00,1.8,11.1,25.6,79,0,8.1,4.8,16.5,30.5,573.3,1,153.7,25,78,25.6,20.9
2026-06-12T07:55:00+05:30,2026-06-12 07:55:00,0.3,1.8,25.6,49,0,8.1,4.8,16.5,30.5,573.3,1,123.2,25,78,25.6,20.9
2026-06-12T07:50:00+05:30,2026-06-12 07:50:00,0,0,25.6,25,0,8.1,4.8,16.5,30.5,573.3,1,107.1,25,78,25.6,20.9
2026-06-12T07:46:00+05:30,2026-06-12 07:46:00,3.5,5.5,25.6,67,0,8.1,4.8,16.5,30.5,573.3,0,73,25,78,25.6,20.9
2026-06-12T07:40:00+05:30,2026-06-12 07:40:00,2.1,5.5,25.6,56,0,8.1,4.8,16.5,30.5,573.3,0,83.7,25,78,25.6,20.9
2026-06-12T07:35:00+05:30,2026-06-12 07:35:00,4,5.5,25.6,120,0,8.1,4.8,16.5,30.5,573.3,0,65.4,25,78,25.6,20.9
2026-06-12T07:30:00+05:30,2026-06-12 07:30:00,0,7.2,25.6,100,0,8.1,4.8,16.5,30.5,573.3,0,64.1,25,78,25.6,20.9
2026-06-12T07:25:00+05:30,2026-06-12 07:25:00,3.2,9.3,25.6,80,0,8.1,4.8,16.5,30.5,573.3,0,61.1,25,78,25.6,20.9
2026-06-12T07:20:00+05:30,2026-06-12 07:20:00,0,0,25.6,32,0,8.1,4.8,16.5,30.5,573.3,0,61.7,24.9,78,25.4,20.8
2026-06-12T07:15:00+05:30,2026-06-12 07:15:00,4.3,7.2,25.6,75,0,8.1,4.8,16.5,30.5,573.3,0,80.2,24.9,78,25.4,20.8
2026-06-12T07:10:00+05:30,2026-06-12 07:10:00,4.3,5.5,25.6,105,0,8.1,4.8,16.5,30.5,573.3,0,87.4,24.9,77,25.4,20.6
2026-06-12T07:05:00+05:30,2026-06-12 07:05:00,3.5,7.2,25.6,36,0,8.1,4.8,16.5,30.5,573.3,0,93.7,24.9,77,25.4,20.6
2026-06-12T07:00:00+05:30,2026-06-12 07:00:00,0,3.5,25.6,51,0,8.1,4.8,16.5,30.5,573.3,0,79,24.9,77,25.4,20.6
2026-06-12T06:55:00+05:30,2026-06-12 06:55:00,0,3.5,25.6,48,0,8.1,4.8,16.5,30.5,573.3,0,70.9,24.9,77,25.4,20.6
2026-06-12T06:50:00+05:30,2026-06-12 06:50:00,0,7.2,25.6,54,0,8.1,4.8,16.5,30.5,573.3,0,58.5,24.8,77,25.3,20.4
2026-06-12T06:45:00+05:30,2026-06-12 06:45:00,0,0,25.6,52,0,8.1,4.8,16.5,30.5,573.3,0,49.8,24.8,77,25.3,20.4
2026-06-12T06:41:00+05:30,2026-06-12 06:41:00,0,0,25.6,60,0,8.1,4.8,16.5,30.5,573.3,0,37.5,24.8,77,25.3,20.4
2026-06-12T06:35:00+05:30,2026-06-12 06:35:00,0,0,25.6,48,0,8.1,4.8,16.5,30.5,573.3,0,24.9,24.8,77,25.3,20.4
2026-06-12T06:30:00+05:30,2026-06-12 06:30:00,4,11.1,25.6,45,0,8.1,4.8,16.5,30.5,573.3,0,18.1,24.9,77,25.4,20.6
2026-06-12T06:25:00+05:30,2026-06-12 06:25:00,0,7.2,25.6,31,0,8.1,4.8,16.5,30.5,573.3,0,11.9,24.9,77,25.4,20.6
2026-06-12T06:20:00+05:30,2026-06-12 06:20:00,0,7.2,25.6,35,0,8.1,4.8,16.5,30.5,573.3,0,9.5,24.9,77,25.4,20.6
2026-06-12T06:15:00+05:30,2026-06-12 06:15:00,0,7.2,25.6,37,0,8.1,4.8,16.5,30.5,573.3,0,6.1,24.9,77,25.4,20.6
2026-06-12T06:10:00+05:30,2026-06-12 06:10:00,3.2,5.5,25.6,26,0,8.1,4.8,16.5,30.5,573.3,0,4.5,24.9,77,25.4,20.6
2026-06-12T06:05:00+05:30,2026-06-12 06:05:00,6.4,9.3,25.6,40,0,8.1,4.8,16.5,30.5,573.3,0,2.8,24.9,77,25.4,20.6
2026-06-12T06:00:00+05:30,2026-06-12 06:00:00,0,7.2,25.6,37,0,8.1,4.8,16.5,30.5,573.3,0,1.2,24.9,76,25.4,20.3
2026-06-12T05:55:00+05:30,2026-06-12 05:55:00,0,9.3,25.6,37,0,8.1,4.8,16.5,30.5,573.3,0,0.5,24.9,76,25.4,20.3
2026-06-12T05:50:00+05:30,2026-06-12 05:50:00,5.8,7.2,25.6,50,0,8.1,4.8,16.5,30.5,573.3,0,0.4,25,76,25.6,20.4
2026-06-12T05:45:00+05:30,2026-06-12 05:45:00,0,9.3,25.6,42,0,8.1,4.8,16.5,30.5,573.3,0,0.2,25,76,25.6,20.4
2026-06-12T05:40:00+05:30,2026-06-12 05:40:00,2.1,11.1,25.6,44,0,8.1,4.8,16.5,30.5,573.3,0,0.1,25,76,25.6,20.4
2026-06-12T05:35:00+05:30,2026-06-12 05:35:00,0.6,11.1,25.6,40,0,8.1,4.8,16.5,30.5,573.3,0,0,25.1,76,25.7,20.6
2026-06-12T05:30:00+05:30,2026-06-12 05:30:00,1.4,5.5,25.6,27,0,8.1,4.8,16.5,30.5,573.3,0,0,25.1,76,25.7,20.6
2026-06-12T05:25:00+05:30,2026-06-12 05:25:00,0,5.5,25.6,42,0,8.1,4.8,16.5,30.5,573.3,0,0,25.1,76,25.7,20.6
2026-06-12T05:20:00+05:30,2026-06-12 05:20:00,0,9.3,25.6,45,0,8.1,4.8,16.5,30.5,573.3,0,0,25.1,76,25.7,20.6
2026-06-12T05:15:00+05:30,2026-06-12 05:15:00,0,0,25.6,45,0,8.1,4.8,16.5,30.5,573.3,0,0,25.1,76,25.7,20.6
2026-06-12T05:10:00+05:30,2026-06-12 05:10:00,0,0,25.6,42,0,8.1,4.8,16.5,30.5,573.3,0,0,25.1,76,25.7,20.6
2026-06-12T05:05:00+05:30,2026-06-12 05:05:00,0,5.5,25.6,44,0,8.1,4.8,16.5,30.5,573.3,0,0,25.1,77,25.7,20.8
2026-06-12T05:00:00+05:30,2026-06-12 05:00:00,0,0,25.6,42,0,8.1,4.8,16.5,30.5,573.3,0,0,25.1,77,25.7,20.8
2026-06-12T04:55:00+05:30,2026-06-12 04:55:00,0,3.5,25.6,45,0,8.1,4.8,16.5,30.5,573.3,0,0,25.2,77,25.8,20.9
2026-06-12T04:50:00+05:30,2026-06-12 04:50:00,0,0,25.6,45,0,8.1,4.8,16.5,30.5,573.3,0,0,25.2,77,25.8,20.9
2026-06-12T04:45:00+05:30,2026-06-12 04:45:00,0,7.2,25.6,44,0,8.1,4.8,16.5,30.5,573.3,0,0,25.2,77,25.8,20.9
2026-06-12T04:40:00+05:30,2026-06-12 04:40:00,1.4,7.2,25.6,53,0,8.1,4.8,16.5,30.5,573.3,0,0,25.2,77,25.8,20.9
2026-06-12T04:35:00+05:30,2026-06-12 04:35:00,0,7.2,25.6,48,0,8.1,4.8,16.5,30.5,573.3,0,0,25.2,77,25.8,20.9
2026-06-12T04:31:00+05:30,2026-06-12 04:31:00,0,0,25.6,48,0,8.1,4.8,16.5,30.5,573.3,0,0,25.2,77,25.8,20.9
2026-06-12T04:25:00+05:30,2026-06-12 04:25:00,0,0,25.6,53,0,8.1,4.8,16.5,30.5,573.3,0,0,25.2,77,25.8,20.9
2026-06-12T04:20:00+05:30,2026-06-12 04:20:00,0,5.5,25.6,46,0,8.1,4.8,16.5,30.5,573.3,0,0,25.3,77,25.9,20.9
2026-06-12T04:15:00+05:30,2026-06-12 04:15:00,0,7.2,25.6,46,0,8.1,4.8,16.5,30.5,573.3,0,0,25.3,77,25.9,20.9
2026-06-12T04:10:00+05:30,2026-06-12 04:10:00,0,0,25.6,53,0,8.1,4.8,16.5,30.5,573.3,0,0,25.3,77,25.9,20.9
2026-06-12T04:05:00+05:30,2026-06-12 04:05:00,0,5.5,25.6,46,0,8.1,4.8,16.5,30.5,573.3,0,0,25.3,77,25.9,20.9
2026-06-12T04:00:00+05:30,2026-06-12 04:00:00,0,3.5,25.6,53,0,8.1,4.8,16.5,30.5,573.3,0,0,25.3,77,25.9,20.9
2026-06-12T03:55:00+05:30,2026-06-12 03:55:00,0,1.8,25.6,48,0,8.1,4.8,16.5,30.5,573.3,0,0,25.3,77,25.9,20.9
2026-06-12T03:50:00+05:30,2026-06-12 03:50:00,0,1.8,25.6,51,0,8.1,4.8,16.5,30.5,573.3,0,0,25.3,77,25.9,20.9
2026-06-12T03:45:00+05:30,2026-06-12 03:45:00,0,0,25.6,53,0,8.1,4.8,16.5,30.5,573.3,0,0,25.3,77,25.9,20.9
2026-06-12T03:40:00+05:30,2026-06-12 03:40:00,0,0,25.6,52,0,8.1,4.8,16.5,30.5,573.3,0,0,25.4,77,26,21.1
2026-06-12T03:35:00+05:30,2026-06-12 03:35:00,0,0,25.6,50,0,8.1,4.8,16.5,30.5,573.3,0,0,25.4,77,26,21.1
2026-06-12T03:30:00+05:30,2026-06-12 03:30:00,0,7.2,25.6,73,0,8.1,4.8,16.5,30.5,573.3,0,0,25.4,77,26,21.1
2026-06-12T03:26:00+05:30,2026-06-12 03:26:00,0,3.5,25.6,50,0,8.1,4.8,16.5,30.5,573.3,0,0,25.4,77,26,21.1
2026-06-12T03:20:00+05:30,2026-06-12 03:20:00,0.3,3.5,25.6,54,0,8.1,4.8,16.5,30.5,573.3,0,0,25.5,77,26.1,21.2
2026-06-12T03:15:00+05:30,2026-06-12 03:15:00,0,0,25.6,52,1.3,8.1,4.8,16.5,30.5,573.3,0,0,25.5,77,26.1,21.2
2026-06-12T03:10:00+05:30,2026-06-12 03:10:00,0,7.2,25.6,58,1.3,8.1,4.8,16.5,30.5,573.3,0,0,25.5,77,26.1,21.2
2026-06-12T03:05:00+05:30,2026-06-12 03:05:00,0,0,25.6,53,0,7.9,4.6,16.3,30.2,573,0,0,25.5,77,26.1,21.2
2026-06-12T03:00:00+05:30,2026-06-12 03:00:00,0,0,25.6,47,0,7.9,4.6,16.3,30.2,573,0,0,25.5,77,26.1,21.2
2026-06-12T02:55:00+05:30,2026-06-12 02:55:00,0,0,25.6,53,0,7.9,4.6,16.3,30.2,573,0,0,25.5,77,26.1,21.2
2026-06-12T02:50:00+05:30,2026-06-12 02:50:00,0,0,25.6,64,0,7.9,4.6,16.3,30.2,573,0,0,25.5,77,26.1,21.2
2026-06-12T02:45:00+05:30,2026-06-12 02:45:00,0,0,25.6,51,0,7.9,4.6,16.3,30.2,573,0,0,25.5,77,26.1,21.2
2026-06-12T02:40:00+05:30,2026-06-12 02:40:00,0,0,25.6,44,0,7.9,4.6,16.3,30.2,573,0,0,25.5,77,26.1,21.2
2026-06-12T02:35:00+05:30,2026-06-12 02:35:00,0,0,25.6,51,0,7.9,4.6,16.3,30.2,573,0,0,25.5,77,26.1,21.2
2026-06-12T02:30:00+05:30,2026-06-12 02:30:00,0,0,25.6,53,0,7.9,4.6,16.3,30.2,573,0,0,25.5,77,26.1,21.2
2026-06-12T02:25:00+05:30,2026-06-12 02:25:00,0,0,25.6,58,0,7.9,4.6,16.3,30.2,573,0,0,25.4,77,26,21.1
2026-06-12T02:20:00+05:30,2026-06-12 02:20:00,0,0,25.6,27,0,7.9,4.6,16.3,30.2,573,0,0,25.5,77,26.1,21.2
2026-06-12T02:15:00+05:30,2026-06-12 02:15:00,0,0,25.6,48,3,7.9,4.6,16.3,30.2,573,0,0,25.4,77,26,21.1
2026-06-12T02:10:00+05:30,2026-06-12 02:10:00,0,14.8,25.6,67,7.1,7.6,4.3,16,30,572.8,0,0,25.5,77,26.1,21.2
2026-06-12T02:05:00+05:30,2026-06-12 02:05:00,1.4,5.5,25.6,80,8.9,7.1,3.8,15.5,29.5,572.3,0,0,25.6,77,26.2,21.3
2026-06-12T02:00:00+05:30,2026-06-12 02:00:00,3.5,13,25.6,22,4.8,6.1,2.8,14.5,28.4,571.2,0,0,25.6,77,26.2,21.3
2026-06-12T01:55:00+05:30,2026-06-12 01:55:00,6.9,16.6,25.6,71,4.8,5.6,2.3,14,27.9,570.7,0,0,25.8,77,26.4,21.4
2026-06-12T01:50:00+05:30,2026-06-12 01:50:00,5,18.3,25.6,90,6.1,5.3,2,13.7,27.7,570.5,0,0,25.8,77,26.4,21.4
2026-06-12T01:45:00+05:30,2026-06-12 01:45:00,5,13,20.1,0,4.8,4.6,1.3,13,26.9,569.7,0,0,25.9,77,26.6,21.6
2026-06-12T01:40:00+05:30,2026-06-12 01:40:00,5.8,16.6,20.1,79,6.1,4.3,1,12.7,26.7,569.5,0,0,25.9,77,26.6,21.6
2026-06-12T01:35:00+05:30,2026-06-12 01:35:00,2.9,9.3,20.1,17,0,3.3,0,11.7,25.7,568.5,0,0,25.9,77,26.6,21.6
2026-06-12T01:30:00+05:30,2026-06-12 01:30:00,5.8,9.3,20.1,55,0,3.3,0,11.7,25.7,568.5,0,0,25.9,77,26.6,21.6
2026-06-12T01:25:00+05:30,2026-06-12 01:25:00,14.8,20.1,20.1,56,0,3.3,0,11.7,25.7,568.5,0,0,25.9,77,26.6,21.6
2026-06-12T01:20:00+05:30,2026-06-12 01:20:00,2.1,9.3,11.1,43,0,3.3,0,11.7,25.7,568.5,0,0,26,77,26.7,21.7
2026-06-12T01:15:00+05:30,2026-06-12 01:15:00,0,3.5,11.1,71,0,3.3,0,11.7,25.7,568.5,0,0,26,77,26.7,21.7
2026-06-12T01:10:00+05:30,2026-06-12 01:10:00,3.2,9.3,11.1,47,0,3.3,0,11.7,25.7,568.5,0,0,26,77,26.7,21.7
2026-06-12T01:05:00+05:30,2026-06-12 01:05:00,0.3,7.2,11.1,71,0,3.3,0,11.7,25.7,568.5,0,0,26,77,26.7,21.7
2026-06-12T01:01:00+05:30,2026-06-12 01:01:00,0,0,11.1,77,0,3.3,0,11.7,25.7,568.5,0,0,26,77,26.7,21.7
2026-06-12T00:55:00+05:30,2026-06-12 00:55:00,4,7.2,11.1,92,0,3.3,0,11.7,25.7,568.5,0,0,26,77,26.7,21.7
2026-06-12T00:50:00+05:30,2026-06-12 00:50:00,0,0,11.1,56,0,3.3,0,11.7,25.7,568.5,0,0,26,77,26.7,21.7
2026-06-12T00:45:00+05:30,2026-06-12 00:45:00,1.4,3.5,11.1,81,0,3.3,0,11.7,25.7,568.5,0,0,26,77,26.7,21.7
2026-06-12T00:40:00+05:30,2026-06-12 00:40:00,7.6,11.1,11.1,50,0,3.3,0,11.7,25.7,568.5,0,0,26,77,26.7,21.7
2026-06-12T00:35:00+05:30,2026-06-12 00:35:00,1.4,1.8,9.3,61,0,3.3,0,11.7,25.7,568.5,0,0,26,77,26.7,21.7
2026-06-12T00:30:00+05:30,2026-06-12 00:30:00,1.4,9.3,9.3,67,0,3.3,0,11.7,25.7,568.5,0,0,26,77,26.7,21.7
2026-06-12T00:25:00+05:30,2026-06-12 00:25:00,3.5,9.3,9.3,74,0,3.3,0,11.7,25.7,568.5,0,0,26.1,77,26.8,21.8
2026-06-12T00:20:00+05:30,2026-06-12 00:20:00,1.8,7.2,9.3,60,0,3.3,0,11.7,25.7,568.5,0,0,26.1,77,26.8,21.8
2026-06-12T00:15:00+05:30,2026-06-12 00:15:00,0,0,9.3,59,0,3.3,0,11.7,25.7,568.5,0,0,26.1,77,26.8,21.8
2026-06-12T00:10:00+05:30,2026-06-12 00:10:00,0,3.5,9.3,47,0,3.3,0,11.7,25.7,568.5,0,0,26.1,77,26.8,21.8
2026-06-12T00:05:00+05:30,2026-06-12 00:05:00,0,0,3.5,56,0,3.3,0,11.7,25.7,568.5,0,0,26.1,77,26.8,21.8
2026-06-12T00:00:00+05:30,2026-06-12 00:00:00,0,1.8,1.8,51,0,3.3,0,11.7,25.7,568.5,0,0,26.1,77,26.8,21.8
2026-06-11T23:56:00+05:30,2026-06-11 23:56:00,0,1.8,23.8,50,0,3.3,5.6,11.7,25.7,568.5,0,0,26.1,77,26.8,21.8
2026-06-11T23:50:00+05:30,2026-06-11 23:50:00,4.3,13,23.8,65,0,3.3,5.6,11.7,25.7,568.5,0,0,26.1,77,26.8,21.8
2026-06-11T23:45:00+05:30,2026-06-11 23:45:00,1.8,3.5,23.8,50,0,3.3,5.6,11.7,25.7,568.5,0,0,26.1,77,26.8,21.8
2026-06-11T23:40:00+05:30,2026-06-11 23:40:00,3.2,11.1,23.8,68,0,3.3,5.6,11.7,25.7,568.5,0,0,26.1,77,26.8,21.8
2026-06-11T23:35:00+05:30,2026-06-11 23:35:00,4,5.5,23.8,52,0,3.3,5.6,11.7,25.7,568.5,0,0,26.1,77,26.8,21.8
2026-06-11T23:30:00+05:30,2026-06-11 23:30:00,5.5,11.1,23.8,65,0,3.3,5.6,11.7,25.7,568.5,0,0,26.2,77,26.9,21.8
2026-06-11T23:25:00+05:30,2026-06-11 23:25:00,4,5.5,23.8,71,0,3.3,5.6,11.7,25.7,568.5,0,0,26.2,77,26.9,21.8
2026-06-11T23:20:00+05:30,2026-06-11 23:20:00,2.1,3.5,23.8,62,0,3.3,5.6,11.7,25.7,568.5,0,0,26.2,77,26.9,21.8
2026-06-11T23:15:00+05:30,2026-06-11 23:15:00,0,0,23.8,51,0,3.3,5.6,11.7,25.7,568.5,0,0,26.2,77,26.9,21.8
2026-06-11T23:10:00+05:30,2026-06-11 23:10:00,0,0,23.8,46,0,3.3,5.6,11.7,25.7,568.5,0,0,26.2,77,26.9,21.8
2026-06-11T23:05:00+05:30,2026-06-11 23:05:00,0,0,23.8,50,0,3.3,5.6,11.7,25.7,568.5,0,0,26.2,77,26.9,21.8
2026-06-11T23:00:00+05:30,2026-06-11 23:00:00,0,3.5,23.8,55,0,3.3,5.6,11.7,25.7,568.5,0,0,26.2,77,26.9,21.8
2026-06-11T22:55:00+05:30,2026-06-11 22:55:00,3.5,5.5,23.8,54,0,3.3,5.6,11.7,25.7,568.5,0,0,26.2,77,26.9,21.8
2026-06-11T22:51:00+05:30,2026-06-11 22:51:00,3.2,5.5,23.8,80,0,3.3,5.6,11.7,25.7,568.5,0,0,26.2,77,26.9,21.8
2026-06-11T22:45:00+05:30,2026-06-11 22:45:00,3.5,7.2,23.8,70,0,3.3,5.6,11.7,25.7,568.5,0,0,26.3,77,26.9,21.9
2026-06-11T22:40:00+05:30,2026-06-11 22:40:00,2.6,7.2,23.8,48,0,3.3,5.6,11.7,25.7,568.5,0,0,26.3,77,26.9,21.9
2026-06-11T22:35:00+05:30,2026-06-11 22:35:00,1.4,5.5,23.8,38,0,3.3,5.6,11.7,25.7,568.5,0,0,26.3,77,26.9,21.9
2026-06-11T22:30:00+05:30,2026-06-11 22:30:00,0,5.5,23.8,73,0,3.3,5.6,11.7,25.7,568.5,0,0,26.3,77,26.9,21.9
2026-06-11T22:25:00+05:30,2026-06-11 22:25:00,2.1,11.1,23.8,85,0,3.3,5.6,11.7,25.7,568.5,0,0,26.3,77,26.9,21.9
2026-06-11T22:20:00+05:30,2026-06-11 22:20:00,0,3.5,23.8,54,0,3.3,5.6,11.7,25.7,568.5,0,0,26.3,77,26.9,21.9
2026-06-11T22:15:00+05:30,2026-06-11 22:15:00,2.1,5.5,23.8,55,0,3.3,5.6,11.7,25.7,568.5,0,0,26.3,77,26.9,21.9
2026-06-11T22:10:00+05:30,2026-06-11 22:10:00,0,3.5,23.8,52,0,3.3,5.6,11.7,25.7,568.5,0,0,26.3,77,26.9,21.9
2026-06-11T22:05:00+05:30,2026-06-11 22:05:00,4.7,9.3,23.8,69,0,3.3,5.6,11.7,25.7,568.5,0,0,26.4,77,27.1,22
2026-06-11T22:00:00+05:30,2026-06-11 22:00:00,3.5,9.3,23.8,89,0,3.3,5.6,11.7,25.7,568.5,0,0,26.4,77,27.1,22
2026-06-11T21:55:00+05:30,2026-06-11 21:55:00,1.1,7.2,23.8,66,0,3.3,5.6,11.7,25.7,568.5,0,0,26.4,77,27.1,22
2026-06-11T21:50:00+05:30,2026-06-11 21:50:00,0,11.1,23.8,20,0,3.3,5.6,11.7,25.7,568.5,0,0,26.5,77,27.2,22.1
2026-06-11T21:46:00+05:30,2026-06-11 21:46:00,2.1,9.3,23.8,56,0,3.3,5.6,11.7,25.7,568.5,0,0,26.5,77,27.2,22.1
2026-06-11T21:40:00+05:30,2026-06-11 21:40:00,2.1,3.5,23.8,76,0,3.3,5.6,11.7,25.7,568.5,0,0,26.5,77,27.2,22.1
2026-06-11T21:35:00+05:30,2026-06-11 21:35:00,0,5.5,23.8,62,0,3.3,5.6,11.7,25.7,568.5,0,0,26.6,77,27.3,22.2
2026-06-11T21:30:00+05:30,2026-06-11 21:30:00,0.6,5.5,23.8,69,0,3.3,5.6,11.7,25.7,568.5,0,0,26.6,77,27.3,22.2
2026-06-11T21:25:00+05:30,2026-06-11 21:25:00,0.3,5.5,23.8,74,0,3.3,5.6,11.7,25.7,568.5,0,0,26.6,77,27.3,22.2
2026-06-11T21:20:00+05:30,2026-06-11 21:20:00,0,5.5,23.8,48,0,3.3,5.6,11.7,25.7,568.5,0,0,26.6,77,27.3,22.2
2026-06-11T21:15:00+05:30,2026-06-11 21:15:00,5.5,7.2,23.8,70,0,3.3,5.6,11.7,25.7,568.5,0,0,26.7,77,28.9,22.3
2026-06-11T21:10:00+05:30,2026-06-11 21:10:00,0,5.5,23.8,55,0,3.3,5.6,11.7,25.7,568.5,0,0,26.7,77,28.9,22.3
2026-06-11T21:05:00+05:30,2026-06-11 21:05:00,0,0,23.8,47,0,3.3,5.6,11.7,25.7,568.5,0,0,26.7,77,28.9,22.3
2026-06-11T21:00:00+05:30,2026-06-11 21:00:00,0.3,3.5,23.8,52,0,3.3,5.6,11.7,25.7,568.5,0,0,26.7,77,28.9,22.3
2026-06-11T20:55:00+05:30,2026-06-11 20:55:00,1.1,7.2,23.8,65,0,3.3,5.6,11.7,25.7,568.5,0,0,26.7,77,28.9,22.3
2026-06-11T20:50:00+05:30,2026-06-11 20:50:00,0,1.8,23.8,39,0,3.3,5.6,11.7,25.7,568.5,0,0,26.8,77,29,22.4
2026-06-11T20:45:00+05:30,2026-06-11 20:45:00,0,3.5,23.8,53,1.8,3.3,5.6,11.7,25.7,568.5,0,0,26.8,77,29,22.4
2026-06-11T20:40:00+05:30,2026-06-11 20:40:00,3.5,7.2,23.8,46,1.8,3.3,5.6,11.7,25.7,568.5,0,0,26.8,77,29,22.4
2026-06-11T20:35:00+05:30,2026-06-11 20:35:00,0,0,23.8,53,0,3,5.1,11.4,25.4,568.2,0,0,26.8,77,29,22.4
2026-06-11T20:30:00+05:30,2026-06-11 20:30:00,1.8,5.5,23.8,68,0,3,5.1,11.4,25.4,568.2,0,0,26.9,77,29.2,22.5
2026-06-11T20:25:00+05:30,2026-06-11 20:25:00,0,3.5,23.8,58,0,3,5.1,11.4,25.4,568.2,0,0,26.9,77,29.2,22.5
2026-06-11T20:20:00+05:30,2026-06-11 20:20:00,0,0,23.8,77,0,3,5.1,11.4,25.4,568.2,0,0,26.9,77,29.2,22.5
2026-06-11T20:15:00+05:30,2026-06-11 20:15:00,0,0,23.8,50,0,3,5.1,11.4,25.4,568.2,0,0,26.9,77,29.2,22.5
2026-06-11T20:10:00+05:30,2026-06-11 20:10:00,0,0,23.8,55,0,3,5.1,11.4,25.4,568.2,0,0,26.9,76,29.2,22.3
2026-06-11T20:05:00+05:30,2026-06-11 20:05:00,0,0,23.8,51,0,3,5.1,11.4,25.4,568.2,0,0,26.9,76,29.2,22.3
2026-06-11T20:00:00+05:30,2026-06-11 20:00:00,0,0,23.8,50,0,3,5.1,11.4,25.4,568.2,0,0,27,76,29.4,22.4
2026-06-11T19:55:00+05:30,2026-06-11 19:55:00,0,1.8,23.8,67,0,3,5.1,11.4,25.4,568.2,0,0,27,77,29.4,22.6
2026-06-11T19:50:00+05:30,2026-06-11 19:50:00,0.3,9.3,23.8,46,0,3,5.1,11.4,25.4,568.2,0,0,27.1,77,29.7,22.7
2026-06-11T19:45:00+05:30,2026-06-11 19:45:00,0,0,23.8,55,0,3,5.1,11.4,25.4,568.2,0,0,27.1,77,29.7,22.7
2026-06-11T19:40:00+05:30,2026-06-11 19:40:00,4,5.5,23.8,75,0,3,5.1,11.4,25.4,568.2,0,0,27.1,77,29.7,22.7
2026-06-11T19:35:00+05:30,2026-06-11 19:35:00,0,0,23.8,52,0,3,5.1,11.4,25.4,568.2,0,0,27.1,77,29.7,22.7
2026-06-11T19:30:00+05:30,2026-06-11 19:30:00,0,5.5,23.8,48,0,3,5.1,11.4,25.4,568.2,0,0,27.1,77,29.7,22.7
2026-06-11T19:25:00+05:30,2026-06-11 19:25:00,0,5.5,23.8,56,0,3,5.1,11.4,25.4,568.2,0,0,27.2,77,29.9,22.8
2026-06-11T19:21:00+05:30,2026-06-11 19:21:00,0,0,23.8,60,0,3,5.1,11.4,25.4,568.2,0,0,27.2,77,29.9,22.8
2026-06-11T19:15:00+05:30,2026-06-11 19:15:00,0,0,23.8,50,0,3,5.1,11.4,25.4,568.2,0,0,27.2,77,29.9,22.8
2026-06-11T19:10:00+05:30,2026-06-11 19:10:00,0.6,5.5,23.8,60,1.3,3,5.1,11.4,25.4,568.2,0,0,27.3,77,30.1,22.9
2026-06-11T19:05:00+05:30,2026-06-11 19:05:00,0,3.5,23.8,43,1.3,3,5.1,11.4,25.4,568.2,0,0,27.3,77,30.1,22.9
2026-06-11T19:00:00+05:30,2026-06-11 19:00:00,0,0,23.8,50,0,2.8,5.1,11.2,25.1,567.9,0,0,27.3,77,30.1,22.9
2026-06-11T18:55:00+05:30,2026-06-11 18:55:00,0,3.5,23.8,67,0,2.8,5.1,11.2,25.1,567.9,0,0,27.3,77,30.1,22.9
2026-06-11T18:50:00+05:30,2026-06-11 18:50:00,0,5.5,23.8,59,0,2.8,5.1,11.2,25.1,567.9,0,0,27.3,77,30.1,22.9
2026-06-11T18:45:00+05:30,2026-06-11 18:45:00,0,0,23.8,55,1.8,2.8,5.1,11.2,25.1,567.9,0,0,27.4,77,30.3,23
2026-06-11T18:40:00+05:30,2026-06-11 18:40:00,0,1.8,23.8,56,1.8,2.8,5.1,11.2,25.1,567.9,0,0,27.4,77,30.3,23
2026-06-11T18:35:00+05:30,2026-06-11 18:35:00,4.3,7.2,23.8,73,0,2.5,4.8,10.9,24.9,567.7,0,0,27.5,77,30.5,23.1
2026-06-11T18:30:00+05:30,2026-06-11 18:30:00,3.2,5.5,23.8,73,1.3,2.5,4.8,10.9,24.9,567.7,0,0.1,27.5,77,30.5,23.1
2026-06-11T18:25:00+05:30,2026-06-11 18:25:00,4,13,23.8,47,1.3,2.5,4.8,10.9,24.9,567.7,0,0.3,27.5,77,30.5,23.1
2026-06-11T18:20:00+05:30,2026-06-11 18:20:00,2.1,9.3,23.8,53,0,2.3,4.6,10.7,24.6,567.4,0,1.6,27.6,76,30.7,23
2026-06-11T18:16:00+05:30,2026-06-11 18:16:00,5,9.3,23.8,93,0,2.3,4.6,10.7,24.6,567.4,0,3.1,27.6,76,30.7,23
2026-06-11T18:10:00+05:30,2026-06-11 18:10:00,4.3,9.3,23.8,73,0,2.3,4.6,10.7,24.6,567.4,0,7.6,27.7,76,30.9,23.1
2026-06-11T18:05:00+05:30,2026-06-11 18:05:00,0,3.5,23.8,47,1.8,2.3,4.6,10.7,24.6,567.4,0,7.3,27.7,76,30.9,23.1
2026-06-11T18:00:00+05:30,2026-06-11 18:00:00,0.3,1.8,23.8,39,0,2,4.3,10.4,24.4,567.2,0,6.5,27.7,76,30.9,23.1
2026-06-11T17:55:00+05:30,2026-06-11 17:55:00,6.1,13,23.8,55,0,2,4.3,10.4,24.4,567.2,0,7.5,27.8,76,31,23.2
2026-06-11T17:50:00+05:30,2026-06-11 17:50:00,2.9,5.5,23.8,52,0,2,4.3,10.4,24.4,567.2,0,13.7,27.8,76,31,23.2
2026-06-11T17:45:00+05:30,2026-06-11 17:45:00,0,3.5,23.8,46,1.3,2,4.3,10.4,24.4,567.2,0,24,27.8,76,31,23.2
2026-06-11T17:40:00+05:30,2026-06-11 17:40:00,0,0,23.8,48,6.1,2,4.3,10.4,24.4,567.2,0,24.7,27.8,75,30.9,22.9
2026-06-11T17:35:00+05:30,2026-06-11 17:35:00,0,7.2,23.8,54,10.9,1.8,4.1,10.2,24.1,566.9,0,17.6,27.8,75,30.9,22.9
2026-06-11T17:30:00+05:30,2026-06-11 17:30:00,3.2,16.6,23.8,48,4.8,0.8,3,9.1,23.1,565.9,0,14.5,27.9,75,31.1,23.1
2026-06-11T17:25:00+05:30,2026-06-11 17:25:00,5,11.1,23.8,51,0,0,2.3,8.4,22.4,565.1,0,22.7,28,74,31.2,22.9
2026-06-11T17:20:00+05:30,2026-06-11 17:20:00,0.3,13,23.8,47,0,0,2.3,8.4,22.4,565.1,0,22.7,28,74,31.2,22.9
2026-06-11T17:15:00+05:30,2026-06-11 17:15:00,0,13,23.8,56,0,0,2.3,8.4,22.4,565.1,0,34,28,74,31.2,22.9
2026-06-11T17:10:00+05:30,2026-06-11 17:10:00,4,5.5,23.8,50,0,0,2.3,8.4,22.4,565.1,0,88.3,28,74,31.2,22.9
2026-06-11T17:05:00+05:30,2026-06-11 17:05:00,5,9.3,23.8,28,0,0,2.3,8.4,22.4,565.1,1,178.9,28,74,31.2,22.9
2026-06-11T17:00:00+05:30,2026-06-11 17:00:00,0,5.5,23.8,52,0,0,2.3,8.4,22.4,565.1,1,129.3,28.1,74,31.4,23
2026-06-11T16:56:00+05:30,2026-06-11 16:56:00,1.4,7.2,23.8,61,0,0,2.3,8.4,22.4,565.1,0,99.5,28.1,74,31.4,23
2026-06-11T16:50:00+05:30,2026-06-11 16:50:00,0,0,23.8,53,0,0,2.3,8.4,22.4,565.1,0,90.2,28.1,74,31.4,23
2026-06-11T16:45:00+05:30,2026-06-11 16:45:00,7.2,7.2,23.8,64,0,0,2.3,8.4,22.4,565.1,0,71.7,28.1,74,31.4,23
2026-06-11T16:40:00+05:30,2026-06-11 16:40:00,0,3.5,23.8,53,0,0,2.3,8.4,22.4,565.1,1,159,28.1,74,31.4,23
2026-06-11T16:35:00+05:30,2026-06-11 16:35:00,0,9.3,23.8,44,0,0,2.3,8.4,22.4,565.1,1,105.1,28.1,74,31.4,23
2026-06-11T16:30:00+05:30,2026-06-11 16:30:00,2.9,14.8,23.8,51,0,0,2.3,8.4,22.4,565.1,1,137.7,28.2,74,31.7,23.1
2026-06-11T16:25:00+05:30,2026-06-11 16:25:00,5,11.1,23.8,64,0,0,2.3,8.4,22.4,565.1,2,304.1,28.2,74,31.7,23.1
2026-06-11T16:20:00+05:30,2026-06-11 16:20:00,1.4,7.2,23.8,66,0,0,2.3,8.4,22.4,565.1,2,231.9,28.2,75,31.8,23.3
2026-06-11T15:50:00+05:30,2026-06-11 15:50:00,0,11.1,23.8,56,0,0,2.3,8.4,22.4,565.1,0,87.8,28.3,74,31.8,23.2
2026-06-11T15:45:00+05:30,2026-06-11 15:45:00,0,3.5,23.8,54,0,0,2.3,8.4,22.4,565.1,1,112.5,28.3,75,32,23.4
2026-06-11T15:40:00+05:30,2026-06-11 15:40:00,2.1,11.1,23.8,67,0,0,2.3,8.4,22.4,565.1,0,85.3,28.3,75,32,23.4
2026-06-11T15:35:00+05:30,2026-06-11 15:35:00,0,9.3,23.8,60,0,0,2.3,8.4,22.4,565.1,1,103.1,28.3,75,32,23.4
2026-06-11T15:30:00+05:30,2026-06-11 15:30:00,3.2,9.3,23.8,67,0,0,2.3,8.4,22.4,565.1,1,124.5,28.3,75,32,23.4
2026-06-11T15:25:00+05:30,2026-06-11 15:25:00,0,9.3,23.8,58,0,0,2.3,8.4,22.4,565.1,1,121.3,28.4,75,32.2,23.5
2026-06-11T15:20:00+05:30,2026-06-11 15:20:00,7.9,9.3,23.8,62,0,0,2.3,8.4,22.4,565.1,0,101,28.4,75,32.2,23.5
2026-06-11T15:15:00+05:30,2026-06-11 15:15:00,3.2,11.1,23.8,46,0,0,2.3,8.4,22.4,565.1,0,71.7,28.5,75,32.5,23.6
2026-06-11T15:10:00+05:30,2026-06-11 15:10:00,9,18.3,23.8,66,0,0,2.3,8.4,22.4,565.1,0,31.4,28.6,75,32.8,23.7
2026-06-11T15:05:00+05:30,2026-06-11 15:05:00,4,5.5,23.8,48,0,0,2.3,8.4,22.4,565.1,0,29.2,28.6,75,32.8,23.7
2026-06-11T15:00:00+05:30,2026-06-11 15:00:00,5.5,9.3,23.8,31,0,0,2.3,8.4,22.4,565.1,0,83.4,28.6,75,32.8,23.7
2026-06-11T14:55:00+05:30,2026-06-11 14:55:00,4,11.1,23.8,94,0,0,2.3,8.4,22.4,565.1,0,70.3,28.7,75,33,23.8
2026-06-11T14:50:00+05:30,2026-06-11 14:50:00,3.5,11.1,23.8,62,0,0,2.3,8.4,22.4,565.1,0,68.6,28.7,74,32.8,23.6
2026-06-11T14:45:00+05:30,2026-06-11 14:45:00,5.5,13,23.8,55,0,0,2.3,8.4,22.4,565.1,0,76.6,28.7,74,32.8,23.6
2026-06-11T14:40:00+05:30,2026-06-11 14:40:00,4,18.3,23.8,73,0,0,2.3,8.4,22.4,565.1,1,134.7,28.7,74,32.8,23.6
2026-06-11T14:35:00+05:30,2026-06-11 14:35:00,10.8,18.3,23.8,78,0,0,2.3,8.4,22.4,565.1,1,173.6,28.8,74,32.9,23.7
2026-06-11T14:30:00+05:30,2026-06-11 14:30:00,0,5.5,23.8,76,0,0,2.3,8.4,22.4,565.1,2,251.2,28.8,75,33.2,23.9
2026-06-11T14:25:00+05:30,2026-06-11 14:25:00,2.9,11.1,23.8,229,0,0,2.3,8.4,22.4,565.1,4,425.6,28.8,75,33.2,23.9
2026-06-11T14:20:00+05:30,2026-06-11 14:20:00,12.2,16.6,23.8,82,0,0,2.3,8.4,22.4,565.1,3,373,28.8,74,32.9,23.7
2026-06-11T14:15:00+05:30,2026-06-11 14:15:00,7.9,16.6,23.8,94,0,0,2.3,8.4,22.4,565.1,0,95.2,28.9,75,33.4,24
2026-06-11T14:10:00+05:30,2026-06-11 14:10:00,1.1,3.5,23.8,54,0,0,2.3,8.4,22.4,565.1,1,188,28.9,76,33.6,24.2
2026-06-11T14:06:00+05:30,2026-06-11 14:06:00,4.7,9.3,23.8,43,0,0,2.3,8.4,22.4,565.1,2,229.6,28.9,76,33.6,24.2
2026-06-11T14:00:00+05:30,2026-06-11 14:00:00,3.5,11.1,23.8,68,0,0,2.3,8.4,22.4,565.1,2,271.4,28.8,76,33.3,24.1
2026-06-11T13:55:00+05:30,2026-06-11 13:55:00,1.1,14.8,23.8,58,0,0,2.3,8.4,22.4,565.1,3,382.9,28.8,76,33.3,24.1
2026-06-11T13:50:00+05:30,2026-06-11 13:50:00,9.3,13,23.8,58,0,0,2.3,8.4,22.4,565.1,2,300,28.7,76,33.2,24.1
2026-06-11T13:45:00+05:30,2026-06-11 13:45:00,2.1,11.1,23.8,18,0,0,2.3,8.4,22.4,565.1,2,210.4,28.7,76,33.2,24.1
2026-06-11T13:40:00+05:30,2026-06-11 13:40:00,4.3,14.8,23.8,78,0,0,2.3,8.4,22.4,565.1,1,182.2,28.7,76,33.2,24.1
2026-06-11T13:35:00+05:30,2026-06-11 13:35:00,0,7.2,23.8,53,0,0,2.3,8.4,22.4,565.1,1,200,28.6,76,32.9,23.9
2026-06-11T13:30:00+05:30,2026-06-11 13:30:00,0,13,23.8,52,0,0,2.3,8.4,22.4,565.1,7,800.6,28.6,76,32.9,23.9
2026-06-11T13:25:00+05:30,2026-06-11 13:25:00,6.1,11.1,23.8,60,0,0,2.3,8.4,22.4,565.1,7,760.7,28.5,76,32.7,23.8
2026-06-11T13:20:00+05:30,2026-06-11 13:20:00,5.5,11.1,23.8,39,0,0,2.3,8.4,22.4,565.1,7,784.9,28.4,76,32.4,23.7
2026-06-11T13:15:00+05:30,2026-06-11 13:15:00,2.6,5.5,23.8,51,0,0,2.3,8.4,22.4,565.1,7,814.4,28.4,76,32.4,23.7
2026-06-11T13:10:00+05:30,2026-06-11 13:10:00,1.1,11.1,23.8,55,0,0,2.3,8.4,22.4,565.1,8,838.4,28.3,76,32.2,23.6
2026-06-11T13:05:00+05:30,2026-06-11 13:05:00,4.7,11.1,23.8,80,0,0,2.3,8.4,22.4,565.1,6,677.9,28.3,76,32.2,23.6
2026-06-11T13:01:00+05:30,2026-06-11 13:01:00,0.3,7.2,23.8,117,0,0,2.3,8.4,22.4,565.1,5,563.9,28.2,76,32,23.6
2026-06-11T12:55:00+05:30,2026-06-11 12:55:00,3.5,14.8,23.8,86,0,0,2.3,8.4,22.4,565.1,2,249.6,28.2,76,32,23.6
2026-06-11T12:50:00+05:30,2026-06-11 12:50:00,5.8,9.3,23.8,100,0,0,2.3,8.4,22.4,565.1,9,963.8,28.1,77,31.9,23.7
2026-06-11T12:45:00+05:30,2026-06-11 12:45:00,2.9,7.2,23.8,74,0,0,2.3,8.4,22.4,565.1,3,315.7,28.1,77,31.9,23.7
2026-06-11T12:40:00+05:30,2026-06-11 12:40:00,0,18.3,23.8,53,0,0,2.3,8.4,22.4,565.1,3,330,28,77,31.7,23.6
2026-06-11T12:35:00+05:30,2026-06-11 12:35:00,0,14.8,23.8,51,0,0,2.3,8.4,22.4,565.1,6,648.6,28,77,31.7,23.6
2026-06-11T12:30:00+05:30,2026-06-11 12:30:00,7.9,13,23.8,68,0,0,2.3,8.4,22.4,565.1,5,518.3,28,78,31.8,23.8
2026-06-11T12:25:00+05:30,2026-06-11 12:25:00,8.2,20.1,23.8,61,0,0,2.3,8.4,22.4,565.1,2,269.3,27.9,78,31.6,23.7
2026-06-11T12:20:00+05:30,2026-06-11 12:20:00,1.1,7.2,23.8,67,0,0,2.3,8.4,22.4,565.1,5,612,27.8,78,31.3,23.6
2026-06-11T12:15:00+05:30,2026-06-11 12:15:00,4.7,7.2,23.8,58,0,0,2.3,8.4,22.4,565.1,9,968.3,27.8,78,31.3,23.6
2026-06-11T12:10:00+05:30,2026-06-11 12:10:00,5.8,9.3,23.8,89,0,0,2.3,8.4,22.4,565.1,4,455.7,27.8,78,31.3,23.6
2026-06-11T12:05:00+05:30,2026-06-11 12:05:00,6.4,11.1,23.8,62,0,0,2.3,8.4,22.4,565.1,2,271.6,27.8,77,31.1,23.4
2026-06-11T12:00:00+05:30,2026-06-11 12:00:00,9.7,16.6,23.8,74,0,0,2.3,8.4,22.4,565.1,0,81.8,27.9,77,31.4,23.5
2026-06-11T11:56:00+05:30,2026-06-11 11:56:00,7.9,11.1,21.9,80,0,0,2.3,8.4,22.4,565.1,0,63.6,27.8,77,31.1,23.4
2026-06-11T11:50:00+05:30,2026-06-11 11:50:00,7.9,14.8,21.9,92,0,0,2.3,8.4,22.4,565.1,1,137.6,27.8,78,31.3,23.6
2026-06-11T11:45:00+05:30,2026-06-11 11:45:00,5,9.3,21.9,65,0,0,2.3,8.4,22.4,565.1,9,931.8,27.7,78,31.2,23.5
2026-06-11T11:40:00+05:30,2026-06-11 11:40:00,2.9,16.6,21.9,50,0,0,2.3,8.4,22.4,565.1,8,874.6,27.7,78,31.2,23.5
2026-06-11T11:35:00+05:30,2026-06-11 11:35:00,7.9,11.1,14.8,66,0,0,2.3,8.4,22.4,565.1,2,265.8,27.6,78,30.9,23.4
2026-06-11T11:30:00+05:30,2026-06-11 11:30:00,4,13,14.8,58,0,0,2.3,8.4,22.4,565.1,7,802.4,27.5,78,30.7,23.3
2026-06-11T11:25:00+05:30,2026-06-11 11:25:00,2.6,14.8,14.8,74,0,0,2.3,8.4,22.4,565.1,4,433.1,27.5,78,30.7,23.3
2026-06-11T11:21:00+05:30,2026-06-11 11:21:00,0,7.2,7.2,44,0,0,2.3,8.4,22.4,565.1,7,767.9,27.5,79,30.8,23.5
2026-06-11T11:15:00+05:30,2026-06-11 11:15:00,3.5,13,21.9,38,0,2.3,2.3,8.4,22.4,565.1,6,625.8,27.4,79,30.5,23.4
2026-06-11T11:10:00+05:30,2026-06-11 11:10:00,1.4,9.3,21.9,19,0,2.3,2.3,8.4,22.4,565.1,2,253.1,27.4,79,30.5,23.4
2026-06-11T11:05:00+05:30,2026-06-11 11:05:00,9.7,14.8,21.9,28,0,2.3,2.3,8.4,22.4,565.1,3,331.7,27.3,79,30.3,23.3
2026-06-11T11:01:00+05:30,2026-06-11 11:01:00,4.7,7.2,21.9,54,0,2.3,2.3,8.4,22.4,565.1,7,806.6,27.3,79,30.3,23.3
2026-06-11T10:55:00+05:30,2026-06-11 10:55:00,1.1,20.1,21.9,46,0,2.3,2.3,8.4,22.4,565.1,4,415.4,27.3,79,30.3,23.3
2026-06-11T10:50:00+05:30,2026-06-11 10:50:00,2.9,7.2,21.9,70,0,2.3,2.3,8.4,22.4,565.1,2,277.1,27.3,79,30.3,23.3
2026-06-11T10:45:00+05:30,2026-06-11 10:45:00,0.3,13,21.9,7,0,2.3,2.3,8.4,22.4,565.1,1,128.6,27.3,80,30.4,23.5
2026-06-11T10:40:00+05:30,2026-06-11 10:40:00,8.7,18.3,21.9,68,0,2.3,2.3,8.4,22.4,565.1,1,137.6,27.2,80,30.2,23.4
2026-06-11T10:35:00+05:30,2026-06-11 10:35:00,1.1,3.5,21.9,55,0,2.3,2.3,8.4,22.4,565.1,1,190.1,27.2,80,30.2,23.4
2026-06-11T10:30:00+05:30,2026-06-11 10:30:00,0,1.8,21.9,59,0,2.3,2.3,8.4,22.4,565.1,3,370.8,27.1,80,30,23.3
2026-06-11T10:25:00+05:30,2026-06-11 10:25:00,1.4,3.5,21.9,87,0,2.3,2.3,8.4,22.4,565.1,6,665.7,27.1,80,30,23.3
2026-06-11T10:20:00+05:30,2026-06-11 10:20:00,0.6,9.3,21.9,25,0,2.3,2.3,8.4,22.4,565.1,2,253.6,27,80,29.7,23.2
2026-06-11T10:15:00+05:30,2026-06-11 10:15:00,1.1,3.5,21.9,71,0,2.3,2.3,8.4,22.4,565.1,5,554.9,27,80,29.7,23.2
2026-06-11T10:10:00+05:30,2026-06-11 10:10:00,0.3,7.2,21.9,53,0,2.3,2.3,8.4,22.4,565.1,6,618.7,27,80,29.7,23.2
2026-06-11T10:05:00+05:30,2026-06-11 10:05:00,6.1,16.6,21.9,48,0,2.3,2.3,8.4,22.4,565.1,1,183.5,27,80,29.7,23.2
2026-06-11T10:00:00+05:30,2026-06-11 10:00:00,2.9,9.3,21.9,64,0,2.3,2.3,8.4,22.4,565.1,0,87.7,27,80,29.7,23.2
2026-06-11T09:56:00+05:30,2026-06-11 09:56:00,6.1,11.1,21.9,47,0,2.3,2.3,8.4,22.4,565.1,1,112.1,27,80,29.7,23.2
2026-06-11T09:50:00+05:30,2026-06-11 09:50:00,0.3,13,21.9,49,0,2.3,2.3,8.4,22.4,565.1,1,178.3,26.9,80,29.5,23.1
2026-06-11T09:45:00+05:30,2026-06-11 09:45:00,0,5.5,21.9,54,0,2.3,2.3,8.4,22.4,565.1,2,285.9,26.9,80,29.5,23.1
2026-06-11T09:40:00+05:30,2026-06-11 09:40:00,0,5.5,21.9,51,0,2.3,2.3,8.4,22.4,565.1,6,634.9,26.8,80,29.3,23.1
2026-06-11T09:35:00+05:30,2026-06-11 09:35:00,3.5,9.3,21.9,45,0,2.3,2.3,8.4,22.4,565.1,5,564.2,26.8,80,29.3,23.1
2026-06-11T09:30:00+05:30,2026-06-11 09:30:00,0,11.1,21.9,61,0,2.3,2.3,8.4,22.4,565.1,4,471.1,26.8,80,29.3,23.1
2026-06-11T09:25:00+05:30,2026-06-11 09:25:00,2.9,7.2,21.9,77,0,2.3,2.3,8.4,22.4,565.1,7,761,26.7,80,29.1,23
2026-06-11T09:20:00+05:30,2026-06-11 09:20:00,2.9,7.2,21.9,70,0,2.3,2.3,8.4,22.4,565.1,1,201.4,26.7,80,29.1,23
2026-06-11T09:15:00+05:30,2026-06-11 09:15:00,5,11.1,21.9,81,0,2.3,2.3,8.4,22.4,565.1,2,297.6,26.7,81,29.2,23.2
2026-06-11T09:10:00+05:30,2026-06-11 09:10:00,3.5,11.1,21.9,55,0,2.3,2.3,8.4,22.4,565.1,1,133.8,26.6,81,27.4,23.1
2026-06-11T09:05:00+05:30,2026-06-11 09:05:00,1.4,9.3,21.9,68,0,2.3,2.3,8.4,22.4,565.1,1,105.6,26.6,81,27.4,23.1
2026-06-11T09:00:00+05:30,2026-06-11 09:00:00,2.9,16.6,21.9,66,0,2.3,2.3,8.4,22.4,565.1,1,182.6,26.6,81,27.4,23.1
2026-06-11T08:55:00+05:30,2026-06-11 08:55:00,5.8,14.8,21.9,67,0,2.3,2.3,8.4,22.4,565.1,1,175.8,26.5,81,27.3,22.9
2026-06-11T08:50:00+05:30,2026-06-11 08:50:00,4,7.2,21.9,51,0,2.3,2.3,8.4,22.4,565.1,2,282,26.5,81,27.3,22.9
2026-06-11T08:45:00+05:30,2026-06-11 08:45:00,2.9,5.5,21.9,23,0,2.3,2.3,8.4,22.4,565.1,2,231.4,26.4,81,27.2,22.8
2026-06-11T08:40:00+05:30,2026-06-11 08:40:00,4.3,9.3,21.9,57,0,2.3,2.3,8.4,22.4,565.1,6,632.8,26.4,81,27.2,22.8
2026-06-11T08:36:00+05:30,2026-06-11 08:36:00,6.4,11.1,21.9,60,0,2.3,2.3,8.4,22.4,565.1,1,197.4,26.4,81,27.2,22.8
2026-06-11T08:30:00+05:30,2026-06-11 08:30:00,0,1.8,21.9,50,0,2.3,2.3,8.4,22.4,565.1,1,138.8,26.4,81,27.2,22.8
2026-06-11T08:25:00+05:30,2026-06-11 08:25:00,0,3.5,21.9,73,0,2.3,2.3,8.4,22.4,565.1,1,134.9,26.3,81,27.1,22.7
2026-06-11T08:23:00+05:30,2026-06-11 08:23:00,0,5.5,21.9,53,0,2.3,2.3,8.4,22.4,565.1,1,143.8,26.3,81,27.1,22.7
2026-06-10T21:55:00+05:30,2026-06-10 21:55:00,2.9,7.2,27.7,55,0,0,0,5.8,19.8,562.6,0,0,27,76,29.4,22.4
2026-06-10T21:50:00+05:30,2026-06-10 21:50:00,2.1,7.2,27.7,73,0,0,0,5.8,19.8,562.6,0,0,27,76,29.4,22.4
2026-06-10T21:45:00+05:30,2026-06-10 21:45:00,2.9,7.2,27.7,82,0,0,0,5.8,19.8,562.6,0,0,27,76,29.4,22.4
2026-06-10T21:40:00+05:30,2026-06-10 21:40:00,1.1,7.2,27.7,69,0,0,0,5.8,19.8,562.6,0,0,27,76,29.4,22.4
2026-06-10T21:35:00+05:30,2026-06-10 21:35:00,3.5,7.2,27.7,56,0,0,0,5.8,19.8,562.6,0,0,27,76,29.4,22.4
2026-06-10T21:30:00+05:30,2026-06-10 21:30:00,2.1,3.5,27.7,71,0,0,0,5.8,19.8,562.6,0,0,27,76,29.4,22.4
2026-06-10T21:25:00+05:30,2026-06-10 21:25:00,0,9.3,27.7,53,0,0,0,5.8,19.8,562.6,0,0,27,76,29.4,22.4
2026-06-10T21:20:00+05:30,2026-06-10 21:20:00,9.3,11.1,27.7,61,0,0,0,5.8,19.8,562.6,0,0,27,76,29.4,22.4
2026-06-10T21:16:00+05:30,2026-06-10 21:16:00,10.5,16.6,27.7,68,0,0,0,5.8,19.8,562.6,0,0,27.1,76,29.6,22.5
2026-06-10T21:10:00+05:30,2026-06-10 21:10:00,0.6,11.1,27.7,32,0,0,0,5.8,19.8,562.6,0,0,27.1,76,29.6,22.5
2026-06-10T21:05:00+05:30,2026-06-10 21:05:00,2.6,7.2,27.7,65,0,0,0,5.8,19.8,562.6,0,0,27.1,76,29.6,22.5
2026-06-10T21:00:00+05:30,2026-06-10 21:00:00,4.3,9.3,27.7,57,0,0,0,5.8,19.8,562.6,0,0,27.1,76,29.6,22.5
2026-06-10T20:55:00+05:30,2026-06-10 20:55:00,6.1,9.3,27.7,80,0,0,0,5.8,19.8,562.6,0,0,27.1,75,29.5,22.3
2026-06-10T20:50:00+05:30,2026-06-10 20:50:00,1.1,1.8,27.7,50,0,0,0,5.8,19.8,562.6,0,0,27.1,75,29.5,22.3
2026-06-10T20:45:00+05:30,2026-06-10 20:45:00,0.3,11.1,27.7,56,0,0,0,5.8,19.8,562.6,0,0,27.2,75,29.7,22.4
2026-06-10T20:40:00+05:30,2026-06-10 20:40:00,4.7,13,27.7,53,0,0,0,5.8,19.8,562.6,0,0,27.2,75,29.7,22.4
2026-06-10T20:35:00+05:30,2026-06-10 20:35:00,5,7.2,27.7,63,0,0,0,5.8,19.8,562.6,0,0,27.2,75,29.7,22.4
2026-06-10T20:30:00+05:30,2026-06-10 20:30:00,0,7.2,27.7,68,0,0,0,5.8,19.8,562.6,0,0,27.2,75,29.7,22.4
2026-06-10T20:25:00+05:30,2026-06-10 20:25:00,0,7.2,27.7,48,0,0,0,5.8,19.8,562.6,0,0,27.2,75,29.7,22.4
2026-06-10T20:20:00+05:30,2026-06-10 20:20:00,4.7,7.2,27.7,64,0,0,0,5.8,19.8,562.6,0,0,27.2,75,29.7,22.4
2026-06-10T20:15:00+05:30,2026-06-10 20:15:00,5,7.2,27.7,55,0,0,0,5.8,19.8,562.6,0,0,27.3,75,29.8,22.4
2026-06-10T20:11:00+05:30,2026-06-10 20:11:00,1.1,13,27.7,47,0,0,0,5.8,19.8,562.6,0,0,27.2,75,29.7,22.4
2026-06-10T20:05:00+05:30,2026-06-10 20:05:00,2.9,7.2,27.7,78,0,0,0,5.8,19.8,562.6,0,0,27.3,75,29.8,22.4
2026-06-10T20:00:00+05:30,2026-06-10 20:00:00,0,5.5,27.7,55,0,0,0,5.8,19.8,562.6,0,0,27.3,75,29.8,22.4
2026-06-10T19:55:00+05:30,2026-06-10 19:55:00,0,9.3,27.7,52,0,0,0,5.8,19.8,562.6,0,0,27.3,75,29.8,22.4
2026-06-10T19:50:00+05:30,2026-06-10 19:50:00,9.3,11.1,27.7,72,0,0,0,5.8,19.8,562.6,0,0,27.3,75,29.8,22.4
2026-06-10T19:45:00+05:30,2026-06-10 19:45:00,0.3,14.8,27.7,51,0,0,0,5.8,19.8,562.6,0,0,27.3,75,29.8,22.4
2026-06-10T19:40:00+05:30,2026-06-10 19:40:00,3.5,7.2,27.7,72,0,0,0,5.8,19.8,562.6,0,0,27.4,75,30.1,22.6
2026-06-10T19:35:00+05:30,2026-06-10 19:35:00,4,13,27.7,50,0,0,0,5.8,19.8,562.6,0,0,27.4,75,30.1,22.6
2026-06-10T19:30:00+05:30,2026-06-10 19:30:00,5.5,7.2,27.7,55,0,0,0,5.8,19.8,562.6,0,0,27.4,75,30.1,22.6
2026-06-10T19:25:00+05:30,2026-06-10 19:25:00,0,0,27.7,44,0,0,0,5.8,19.8,562.6,0,0,27.4,75,30.1,22.6
2026-06-10T19:20:00+05:30,2026-06-10 19:20:00,2.9,11.1,27.7,64,0,0,0,5.8,19.8,562.6,0,0,27.5,75,30.3,22.7
2026-06-10T19:15:00+05:30,2026-06-10 19:15:00,0.6,9.3,27.7,80,0,0,0,5.8,19.8,562.6,0,0,27.5,75,30.3,22.7
2026-06-10T19:10:00+05:30,2026-06-10 19:10:00,4.7,11.1,27.7,44,0,0,0,5.8,19.8,562.6,0,0,27.5,75,30.3,22.7
2026-06-10T19:05:00+05:30,2026-06-10 19:05:00,2.6,11.1,27.7,45,0,0,0,5.8,19.8,562.6,0,0,27.5,75,30.3,22.7
2026-06-10T19:00:00+05:30,2026-06-10 19:00:00,3.5,7.2,27.7,59,0,0,0,5.8,19.8,562.6,0,0,27.5,76,30.4,22.9
2026-06-10T18:55:00+05:30,2026-06-10 18:55:00,5.8,9.3,27.7,51,0,0,0,5.8,19.8,562.6,0,0,27.6,75,30.5,22.8
2026-06-10T18:50:00+05:30,2026-06-10 18:50:00,2.1,5.5,27.7,21,0,0,0,5.8,19.8,562.6,0,0,27.6,75,30.5,22.8
2026-06-10T18:45:00+05:30,2026-06-10 18:45:00,6.1,11.1,27.7,60,0,0,0,5.8,19.8,562.6,0,0,27.6,75,30.5,22.8
2026-06-10T18:40:00+05:30,2026-06-10 18:40:00,0.3,7.2,27.7,88,0,0,0,5.8,19.8,562.6,0,0,27.6,75,30.5,22.8
2026-06-10T18:35:00+05:30,2026-06-10 18:35:00,1.4,7.2,27.7,60,0,0,0,5.8,19.8,562.6,0,0.1,27.7,75,30.8,22.9
2026-06-10T18:30:00+05:30,2026-06-10 18:30:00,8.2,18.3,27.7,78,0,0,0,5.8,19.8,562.6,0,0.4,27.7,75,30.8,22.9
2026-06-10T18:25:00+05:30,2026-06-10 18:25:00,1.1,7.2,27.7,64,0,0,0,5.8,19.8,562.6,0,0.8,27.8,75,30.9,22.9
2026-06-10T18:20:00+05:30,2026-06-10 18:20:00,6.4,13,27.7,82,0,0,0,5.8,19.8,562.6,0,1.6,27.8,75,30.9,22.9
2026-06-10T18:15:00+05:30,2026-06-10 18:15:00,5.8,7.2,27.7,60,0,0,0,5.8,19.8,562.6,0,2.8,27.9,75,31.1,23.1
2026-06-10T18:10:00+05:30,2026-06-10 18:10:00,0,7.2,27.7,49,0,0,0,5.8,19.8,562.6,0,4.3,27.9,75,31.1,23.1
2026-06-10T18:05:00+05:30,2026-06-10 18:05:00,2.9,9.3,27.7,54,0,0,0,5.8,19.8,562.6,0,7.4,27.9,75,31.1,23.1
2026-06-10T18:00:00+05:30,2026-06-10 18:00:00,1.4,13,27.7,53,0,0,0,5.8,19.8,562.6,0,11.3,27.9,75,31.1,23.1
2026-06-10T17:55:00+05:30,2026-06-10 17:55:00,4.7,9.3,27.7,78,0,0,0,5.8,19.8,562.6,0,13.9,28,75,31.3,23.2
2026-06-10T17:50:00+05:30,2026-06-10 17:50:00,2.6,9.3,27.7,50,0,0,0,5.8,19.8,562.6,0,16.4,28,75,31.3,23.2
2026-06-10T17:46:00+05:30,2026-06-10 17:46:00,2.9,25.6,27.7,56,0,0,0,5.8,19.8,562.6,0,20.4,28,74,31.2,22.9
2026-06-10T17:40:00+05:30,2026-06-10 17:40:00,5,9.3,27.7,86,0,0,0,5.8,19.8,562.6,0,20.5,28.1,74,31.4,23
2026-06-10T17:35:00+05:30,2026-06-10 17:35:00,0,5.5,27.7,46,0,0,0,5.8,19.8,562.6,0,16.5,28.2,74,31.7,23.1
2026-06-10T17:30:00+05:30,2026-06-10 17:30:00,0,9.3,27.7,62,0,0,0,5.8,19.8,562.6,0,18.8,28.2,74,31.7,23.1
2026-06-10T17:25:00+05:30,2026-06-10 17:25:00,4.7,9.3,27.7,36,0,0,0,5.8,19.8,562.6,0,16.8,28.2,74,31.7,23.1
2026-06-10T17:20:00+05:30,2026-06-10 17:20:00,0,1.8,27.7,53,0,0,0,5.8,19.8,562.6,0,21.9,28.2,74,31.7,23.1
2026-06-10T17:15:00+05:30,2026-06-10 17:15:00,0.6,5.5,27.7,56,0,0,0,5.8,19.8,562.6,0,38.1,28.2,74,31.7,23.1
2026-06-10T17:10:00+05:30,2026-06-10 17:10:00,4,9.3,27.7,60,0,0,0,5.8,19.8,562.6,0,58.3,28.2,74,31.7,23.1
2026-06-10T17:05:00+05:30,2026-06-10 17:05:00,3.5,13,27.7,54,0,0,0,5.8,19.8,562.6,0,66.1,28.3,74,31.8,23.2
2026-06-10T17:00:00+05:30,2026-06-10 17:00:00,10.8,14.8,27.7,68,0,0,0,5.8,19.8,562.6,0,76.2,28.3,74,31.8,23.2
2026-06-10T16:55:00+05:30,2026-06-10 16:55:00,2.1,14.8,27.7,40,0,0,0,5.8,19.8,562.6,0,78.4,28.3,74,31.8,23.2
2026-06-10T16:50:00+05:30,2026-06-10 16:50:00,2.1,13,27.7,63,0,0,0,5.8,19.8,562.6,0,82.2,28.4,74,32.1,23.3
2026-06-10T16:45:00+05:30,2026-06-10 16:45:00,6.1,20.1,27.7,63,0,0,0,5.8,19.8,562.6,1,108,28.4,74,32.1,23.3
2026-06-10T16:41:00+05:30,2026-06-10 16:41:00,6.4,13,27.7,78,0,0,0,5.8,19.8,562.6,1,111.5,28.5,74,32.3,23.4
2026-06-10T16:35:00+05:30,2026-06-10 16:35:00,6.9,14.8,27.7,58,0,0,0,5.8,19.8,562.6,1,107.2,28.5,74,32.3,23.4
2026-06-10T16:30:00+05:30,2026-06-10 16:30:00,4,11.1,27.7,74,0,0,0,5.8,19.8,562.6,1,127,28.5,74,32.3,23.4
2026-06-10T16:25:00+05:30,2026-06-10 16:25:00,7.6,21.9,27.7,64,0,0,0,5.8,19.8,562.6,1,141.4,28.6,74,32.6,23.5
2026-06-10T16:20:00+05:30,2026-06-10 16:20:00,6.9,14.8,27.7,72,0,0,0,5.8,19.8,562.6,1,170.5,28.6,74,32.6,23.5
2026-06-10T16:15:00+05:30,2026-06-10 16:15:00,0.3,11.1,27.7,51,0,0,0,5.8,19.8,562.6,1,165.1,28.6,74,32.6,23.5
2026-06-10T16:10:00+05:30,2026-06-10 16:10:00,0.3,16.6,27.7,101,0,0,0,5.8,19.8,562.6,0,44.1,28.6,73,32.4,23.3
2026-06-10T16:05:00+05:30,2026-06-10 16:05:00,0.6,7.2,27.7,33,0,0,0,5.8,19.8,562.6,0,26.5,28.6,73,32.4,23.3
2026-06-10T16:00:00+05:30,2026-06-10 16:00:00,4,13,27.7,71,0,0,0,5.8,19.8,562.6,0,94.1,28.7,73,32.7,23.4
2026-06-10T15:55:00+05:30,2026-06-10 15:55:00,7.2,23.8,27.7,63,0,0,0,5.8,19.8,562.6,1,153.7,28.7,74,32.8,23.6
2026-06-10T15:50:00+05:30,2026-06-10 15:50:00,0,13,27.7,74,0,0,0,5.8,19.8,562.6,1,138.6,28.7,74,32.8,23.6
2026-06-10T15:45:00+05:30,2026-06-10 15:45:00,4.7,13,27.7,76,0,0,0,5.8,19.8,562.6,0,94.1,28.8,74,32.9,23.7
2026-06-10T15:40:00+05:30,2026-06-10 15:40:00,1.1,13,27.7,53,0,0,0,5.8,19.8,562.6,0,90.7,28.8,74,32.9,23.7
2026-06-10T15:36:00+05:30,2026-06-10 15:36:00,4.3,13,27.7,92,0,0,0,5.8,19.8,562.6,2,287.9,28.8,74,32.9,23.7
2026-06-10T15:30:00+05:30,2026-06-10 15:30:00,2.9,13,27.7,67,0,0,0,5.8,19.8,562.6,2,295,28.9,74,33.2,23.8
2026-06-10T15:25:00+05:30,2026-06-10 15:25:00,7.9,11.1,27.7,65,0,0,0,5.8,19.8,562.6,1,139.5,28.9,74,33.2,23.8
2026-06-10T15:20:00+05:30,2026-06-10 15:20:00,12.2,18.3,27.7,99,0,0,0,5.8,19.8,562.6,1,117,28.9,73,33.1,23.6
2026-06-10T15:15:00+05:30,2026-06-10 15:15:00,0,18.3,27.7,77,0,0,0,5.8,19.8,562.6,0,68.7,29,73,33.3,23.7
2026-06-10T15:10:00+05:30,2026-06-10 15:10:00,4.7,9.3,27.7,44,0,0,0,5.8,19.8,562.6,0,62.1,29,73,33.3,23.7
2026-06-10T15:05:00+05:30,2026-06-10 15:05:00,6.4,9.3,27.7,73,0,0,0,5.8,19.8,562.6,1,187.9,28.9,73,33.1,23.6
2026-06-10T15:00:00+05:30,2026-06-10 15:00:00,4.3,11.1,27.7,10,0,0,0,5.8,19.8,562.6,2,227.7,28.9,73,33.1,23.6
2026-06-10T14:55:00+05:30,2026-06-10 14:55:00,0.3,11.1,27.7,110,0,0,0,5.8,19.8,562.6,3,323.9,28.9,73,33.1,23.6
2026-06-10T14:50:00+05:30,2026-06-10 14:50:00,9.3,14.8,27.7,91,0,0,0,5.8,19.8,562.6,2,229.4,28.9,72,32.8,23.3
2026-06-10T14:45:00+05:30,2026-06-10 14:45:00,7.6,14.8,27.7,99,0,0,0,5.8,19.8,562.6,2,267.8,29,72,33.1,23.4
2026-06-10T14:40:00+05:30,2026-06-10 14:40:00,6.4,11.1,27.7,97,0,0,0,5.8,19.8,562.6,1,119,29,72,33.1,23.4
2026-06-10T14:35:00+05:30,2026-06-10 14:35:00,4.7,11.1,27.7,85,0,0,0,5.8,19.8,562.6,2,296.1,29,72,33.1,23.4
2026-06-10T14:30:00+05:30,2026-06-10 14:30:00,4.3,16.6,27.7,100,0,0,0,5.8,19.8,562.6,1,160.2,29,72,33.1,23.4
2026-06-10T14:25:00+05:30,2026-06-10 14:25:00,11.6,16.6,27.7,88,0,0,0,5.8,19.8,562.6,1,195.3,29.1,72,33.4,23.6
2026-06-10T14:20:00+05:30,2026-06-10 14:20:00,2.9,9.3,27.7,48,0,0,0,5.8,19.8,562.6,6,698.1,29.1,73,33.6,23.8
2026-06-10T14:16:00+05:30,2026-06-10 14:16:00,5.5,9.3,27.7,58,0,0,0,5.8,19.8,562.6,0,79.2,29,73,33.3,23.7
2026-06-10T14:10:00+05:30,2026-06-10 14:10:00,4.7,16.6,27.7,130,0,0,0,5.8,19.8,562.6,5,609.8,29,74,33.5,23.9
2026-06-10T14:05:00+05:30,2026-06-10 14:05:00,1.4,14.8,27.7,66,0,0,0,5.8,19.8,562.6,4,426,28.9,74,33.2,23.8
2026-06-10T14:00:00+05:30,2026-06-10 14:00:00,1.4,7.2,27.7,67,0,0,0,5.8,19.8,562.6,6,649.5,28.9,74,33.2,23.8
2026-06-10T13:55:00+05:30,2026-06-10 13:55:00,0.3,7.2,27.7,66,0,0,0,5.8,19.8,562.6,4,412.6,28.9,74,33.2,23.8
2026-06-10T13:50:00+05:30,2026-06-10 13:50:00,3.5,13,27.7,19,0,0,0,5.8,19.8,562.6,1,115.6,28.9,73,33.1,23.6
2026-06-10T13:45:00+05:30,2026-06-10 13:45:00,6.4,14.8,27.7,65,0,0,0,5.8,19.8,562.6,1,129,28.9,73,33.1,23.6
2026-06-10T13:40:00+05:30,2026-06-10 13:40:00,7.9,16.6,27.7,102,0,0,0,5.8,19.8,562.6,2,230.6,28.9,73,33.1,23.6
2026-06-10T13:35:00+05:30,2026-06-10 13:35:00,3.2,13,27.7,45,0,0,0,5.8,19.8,562.6,1,198.1,28.9,73,33.1,23.6
2026-06-10T13:30:00+05:30,2026-06-10 13:30:00,3.5,9.3,27.7,72,0,0,0,5.8,19.8,562.6,7,748,28.9,73,33.1,23.6
2026-06-10T13:25:00+05:30,2026-06-10 13:25:00,4,20.1,27.7,72,0,0,0,5.8,19.8,562.6,2,285.4,28.9,73,33.1,23.6
2026-06-10T13:20:00+05:30,2026-06-10 13:20:00,2.6,13,27.7,109,0,0,0,5.8,19.8,562.6,2,283,28.9,73,33.1,23.6
2026-06-10T13:15:00+05:30,2026-06-10 13:15:00,6.1,16.6,27.7,19,0,0,0,5.8,19.8,562.6,3,410.1,28.8,73,32.8,23.4
2026-06-10T13:11:00+05:30,2026-06-10 13:11:00,6.1,11.1,27.7,51,0,0,0,5.8,19.8,562.6,8,832.5,28.8,73,32.8,23.4
2026-06-10T13:05:00+05:30,2026-06-10 13:05:00,9.3,18.3,27.7,60,0,0,0,5.8,19.8,562.6,5,565.4,28.7,74,32.8,23.6
2026-06-10T13:00:00+05:30,2026-06-10 13:00:00,1.1,7.2,27.7,69,0,0,0,5.8,19.8,562.6,5,588.2,28.7,74,32.8,23.6
2026-06-10T12:55:00+05:30,2026-06-10 12:55:00,5.5,21.9,27.7,70,0,0,0,5.8,19.8,562.6,4,453.7,28.6,74,32.6,23.5
2026-06-10T12:50:00+05:30,2026-06-10 12:50:00,1.4,11.1,27.7,60,0,0,0,5.8,19.8,562.6,7,793.6,28.6,75,32.8,23.7
2026-06-10T12:45:00+05:30,2026-06-10 12:45:00,4.3,18.3,27.7,56,0,0,0,5.8,19.8,562.6,5,604.1,28.5,75,32.5,23.6
2026-06-10T12:40:00+05:30,2026-06-10 12:40:00,2.9,14.8,27.7,53,0,0,0,5.8,19.8,562.6,7,818.9,28.4,75,32.2,23.5
2026-06-10T12:35:00+05:30,2026-06-10 12:35:00,6.4,18.3,25.6,65,0,0,0,5.8,19.8,562.6,8,850.8,28.4,75,32.2,23.5
2026-06-10T12:30:00+05:30,2026-06-10 12:30:00,9.3,13,25.6,88,0,0,0,5.8,19.8,562.6,6,621.2,28.3,75,32,23.4
2026-06-10T12:25:00+05:30,2026-06-10 12:25:00,1.8,21.9,25.6,28,0,0,0,5.8,19.8,562.6,7,743.4,28.2,75,31.8,23.3
2026-06-10T12:20:00+05:30,2026-06-10 12:20:00,0.3,3.5,25.6,2,0,0,0,5.8,19.8,562.6,7,815.1,28.2,75,31.8,23.3
2026-06-10T12:15:00+05:30,2026-06-10 12:15:00,5,9.3,25.6,79,0,0,0,5.8,19.8,562.6,6,675.6,28.1,75,31.6,23.3
2026-06-10T12:10:00+05:30,2026-06-10 12:10:00,5.5,11.1,25.6,50,0,0,0,5.8,19.8,562.6,3,376.7,28.1,75,31.6,23.3
2026-06-10T12:06:00+05:30,2026-06-10 12:06:00,3.2,14.8,25.6,139,0,0,0,5.8,19.8,562.6,7,779.4,28,75,31.3,23.2
2026-06-10T12:00:00+05:30,2026-06-10 12:00:00,0,9.3,25.6,74,0,0,0,5.8,19.8,562.6,1,187.1,28,75,31.3,23.2
2026-06-10T11:55:00+05:30,2026-06-10 11:55:00,4.3,16.6,25.6,33,0,0,0,5.8,19.8,562.6,1,128.6,27.9,75,31.1,23.1
2026-06-10T11:50:00+05:30,2026-06-10 11:50:00,2.9,13,25.6,56,0,0,0,5.8,19.8,562.6,2,292.5,27.9,76,31.3,23.3
2026-06-10T11:45:00+05:30,2026-06-10 11:45:00,7.2,16.6,20.1,46,0,0,0,5.8,19.8,562.6,3,350,27.8,76,31,23.2
2026-06-10T11:40:00+05:30,2026-06-10 11:40:00,12.2,20.1,20.1,78,0,0,0,5.8,19.8,562.6,7,790.2,27.8,76,31,23.2
2026-06-10T11:35:00+05:30,2026-06-10 11:35:00,6.4,14.8,14.8,86,0,0,0,5.8,19.8,562.6,8,832.5,27.6,77,30.8,23.2
2026-06-10T11:30:00+05:30,2026-06-10 11:30:00,4.7,13,13,74,0,0,0,5.8,19.8,562.6,7,780.2,27.6,77,30.8,23.2
2026-06-10T10:15:00+05:30,2026-06-10 10:15:00,15.4,20.1,21.9,59,0,1.3,0,5.8,19.8,562.6,7,736.4,26.8,79,29.2,22.8
2026-06-10T10:10:00+05:30,2026-06-10 10:10:00,4,11.1,21.9,104,0,1.3,0,5.8,19.8,562.6,7,741,26.8,79,29.2,22.8
2026-06-10T10:06:00+05:30,2026-06-10 10:06:00,6.4,14.8,21.9,67,0,1.3,0,5.8,19.8,562.6,2,247.5,26.8,79,29.2,22.8
2026-06-10T10:00:00+05:30,2026-06-10 10:00:00,5.5,11.1,21.9,73,0,1.3,0,5.8,19.8,562.6,2,249.6,26.7,79,29.1,22.8
2026-06-10T09:55:00+05:30,2026-06-10 09:55:00,7.6,14.8,21.9,71,0,1.3,0,5.8,19.8,562.6,1,156.4,26.7,80,29.1,23
2026-06-10T09:50:00+05:30,2026-06-10 09:50:00,2.1,7.2,21.9,77,0,1.3,0,5.8,19.8,562.6,2,207.3,26.7,80,29.1,23
2026-06-10T09:45:00+05:30,2026-06-10 09:45:00,2.1,9.3,21.9,56,0,1.3,0,5.8,19.8,562.6,3,310.8,26.6,80,27.4,22.9
2026-06-10T09:40:00+05:30,2026-06-10 09:40:00,4.7,11.1,21.9,36,0,1.3,0,5.8,19.8,562.6,6,692.5,26.6,80,27.4,22.9
2026-06-10T09:35:00+05:30,2026-06-10 09:35:00,0.6,9.3,21.9,49,0,1.3,0,5.8,19.8,562.6,6,631.2,26.5,80,27.3,22.8
2026-06-10T09:30:00+05:30,2026-06-10 09:30:00,1.8,7.2,21.9,44,0,1.3,0,5.8,19.8,562.6,6,689.7,26.5,80,27.3,22.8
2026-06-10T09:25:00+05:30,2026-06-10 09:25:00,2.1,11.1,21.9,55,0,1.3,0,5.8,19.8,562.6,6,643.1,26.5,79,27.3,22.6
2026-06-10T09:20:00+05:30,2026-06-10 09:20:00,9,16.6,21.9,79,0,1.3,0,5.8,19.8,562.6,1,153.5,26.5,79,27.3,22.6
2026-06-10T09:15:00+05:30,2026-06-10 09:15:00,0,11.1,21.9,64,0,1.3,0,5.8,19.8,562.6,1,171.6,26.4,79,27.2,22.4
2026-06-10T09:10:00+05:30,2026-06-10 09:10:00,2.9,11.1,21.9,41,0,1.3,0,5.8,19.8,562.6,1,112.5,26.5,79,27.3,22.6
2026-06-10T09:05:00+05:30,2026-06-10 09:05:00,5.8,11.1,21.9,59,0,1.3,0,5.8,19.8,562.6,1,172.2,26.4,79,27.2,22.4
2026-06-10T09:01:00+05:30,2026-06-10 09:01:00,5.8,13,21.9,81,0,1.3,0,5.8,19.8,562.6,0,73.1,26.4,79,27.2,22.4
2026-06-10T08:55:00+05:30,2026-06-10 08:55:00,6.1,11.1,21.9,70,0,1.3,0,5.8,19.8,562.6,1,171.8,26.4,79,27.2,22.4
2026-06-10T08:50:00+05:30,2026-06-10 08:50:00,8.2,13,21.9,55,0,1.3,0,5.8,19.8,562.6,0,98.2,26.4,79,27.2,22.4
2026-06-10T08:45:00+05:30,2026-06-10 08:45:00,0,7.2,21.9,50,0,1.3,0,5.8,19.8,562.6,1,194.3,26.3,79,27,22.3
2026-06-10T08:40:00+05:30,2026-06-10 08:40:00,4,11.1,21.9,37,0,1.3,0,5.8,19.8,562.6,1,197.3,26.3,79,27,22.3
2026-06-10T08:35:00+05:30,2026-06-10 08:35:00,7.2,14.8,21.9,87,0,1.3,0,5.8,19.8,562.6,5,515.7,26.2,80,27,22.5
2026-06-10T08:30:00+05:30,2026-06-10 08:30:00,4.7,14.8,21.9,51,0,1.3,0,5.8,19.8,562.6,4,505,26.2,79,26.9,22.3
2026-06-10T08:25:00+05:30,2026-06-10 08:25:00,4.3,13,21.9,7,0,1.3,0,5.8,19.8,562.6,1,182.7,26.1,80,26.9,22.4
2026-06-10T08:20:00+05:30,2026-06-10 08:20:00,4,11.1,20.1,66,0,1.3,0,5.8,19.8,562.6,1,131.6,26.1,80,26.9,22.4
2026-06-10T08:15:00+05:30,2026-06-10 08:15:00,1.1,7.2,20.1,56,0,1.3,0,5.8,19.8,562.6,4,417.6,26,79,26.7,22.1
2026-06-10T08:10:00+05:30,2026-06-10 08:10:00,6.1,9.3,20.1,54,0,1.3,0,5.8,19.8,562.6,3,315.5,25.9,79,26.6,21.9
2026-06-10T08:05:00+05:30,2026-06-10 08:05:00,11.9,18.3,20.1,74,0,1.3,0,5.8,19.8,562.6,3,385.2,25.9,79,26.6,21.9
2026-06-10T08:00:00+05:30,2026-06-10 08:00:00,10.5,14.8,20.1,81,0,1.3,0,5.8,19.8,562.6,3,347.8,25.8,79,26.5,21.8
2026-06-10T07:55:00+05:30,2026-06-10 07:55:00,1.8,9.3,20.1,38,0,1.3,0,5.8,19.8,562.6,3,350,25.8,79,26.5,21.8
2026-06-10T07:50:00+05:30,2026-06-10 07:50:00,3.5,5.5,20.1,40,0,1.3,0,5.8,19.8,562.6,3,315,25.8,79,26.5,21.8
2026-06-10T07:45:00+05:30,2026-06-10 07:45:00,6.1,7.2,20.1,70,0,1.3,0,5.8,19.8,562.6,1,155.8,25.7,79,26.4,21.8
2026-06-10T07:41:00+05:30,2026-06-10 07:41:00,2.9,11.1,20.1,61,0,1.3,0,5.8,19.8,562.6,1,116,25.7,79,26.4,21.8
2026-06-10T07:35:00+05:30,2026-06-10 07:35:00,1.1,7.2,20.1,56,0,1.3,0,5.8,19.8,562.6,0,77.3,25.7,79,26.4,21.8
2026-06-10T07:30:00+05:30,2026-06-10 07:30:00,1.1,9.3,20.1,46,0,1.3,0,5.8,19.8,562.6,0,80.1,25.7,79,26.4,21.8
2026-06-10T07:25:00+05:30,2026-06-10 07:25:00,8.7,11.1,20.1,93,0,1.3,0,5.8,19.8,562.6,0,62.2,25.7,79,26.4,21.8
2026-06-10T07:20:00+05:30,2026-06-10 07:20:00,4.3,7.2,20.1,66,0,1.3,0,5.8,19.8,562.6,0,50.4,25.7,79,26.4,21.8
2026-06-10T07:15:00+05:30,2026-06-10 07:15:00,4,5.5,20.1,58,0,1.3,0,5.8,19.8,562.6,0,75.7,25.7,79,26.4,21.8
2026-06-10T07:10:00+05:30,2026-06-10 07:10:00,6.4,16.6,20.1,101,0,1.3,0,5.8,19.8,562.6,0,98.7,25.7,79,26.4,21.8
2026-06-10T07:05:00+05:30,2026-06-10 07:05:00,6.9,13,20.1,75,0,1.3,0,5.8,19.8,562.6,0,99.2,25.7,79,26.4,21.8
2026-06-10T07:00:00+05:30,2026-06-10 07:00:00,1.1,11.1,20.1,40,0,1.3,0,5.8,19.8,562.6,0,53.6,25.7,78,26.4,21.6
2026-06-10T06:55:00+05:30,2026-06-10 06:55:00,3.2,14.8,20.1,71,0,1.3,0,5.8,19.8,562.6,0,47.4,25.7,78,26.4,21.6
2026-06-10T06:50:00+05:30,2026-06-10 06:50:00,2.6,11.1,20.1,69,0,1.3,0,5.8,19.8,562.6,0,36.4,25.7,78,26.4,21.6
2026-06-10T06:45:00+05:30,2026-06-10 06:45:00,4.7,9.3,20.1,200,0,1.3,0,5.8,19.8,562.6,0,31.6,25.7,78,26.4,21.6
2026-06-10T06:40:00+05:30,2026-06-10 06:40:00,0,9.3,20.1,200,0,1.3,0,5.8,19.8,562.6,0,26.1,25.7,78,26.4,21.6
2026-06-10T06:36:00+05:30,2026-06-10 06:36:00,6.1,9.3,20.1,200,0,1.3,0,5.8,19.8,562.6,0,29.9,25.7,78,26.4,21.6
2026-06-10T06:30:00+05:30,2026-06-10 06:30:00,4.3,7.2,20.1,200,0,1.3,0,5.8,19.8,562.6,0,30.3,25.7,78,26.4,21.6
2026-06-10T06:25:00+05:30,2026-06-10 06:25:00,0,5.5,20.1,199,0,1.3,0,5.8,19.8,562.6,0,26.1,25.7,78,26.4,21.6
2026-06-10T06:20:00+05:30,2026-06-10 06:20:00,0.3,5.5,20.1,197,0,1.3,0,5.8,19.8,562.6,0,22.9,25.7,78,26.4,21.6
2026-06-10T06:15:00+05:30,2026-06-10 06:15:00,0.6,9.3,20.1,196,0,1.3,0,5.8,19.8,562.6,0,19,25.7,78,26.4,21.6
2026-06-10T06:10:00+05:30,2026-06-10 06:10:00,0,5.5,20.1,195,0,1.3,0,5.8,19.8,562.6,0,12.8,25.7,78,26.4,21.6
2026-06-10T06:05:00+05:30,2026-06-10 06:05:00,0,0,20.1,194,0,1.3,0,5.8,19.8,562.6,0,8.2,25.7,78,26.4,21.6
2026-06-10T06:00:00+05:30,2026-06-10 06:00:00,0,7.2,20.1,195,0,1.3,0,5.8,19.8,562.6,0,6,25.7,78,26.4,21.6
2026-06-10T05:55:00+05:30,2026-06-10 05:55:00,0,0,20.1,195,0,1.3,0,5.8,19.8,562.6,0,2.9,25.7,78,26.4,21.6
2026-06-10T05:50:00+05:30,2026-06-10 05:50:00,2.1,5.5,20.1,195,0,1.3,0,5.8,19.8,562.6,0,1.4,25.8,78,26.4,21.7
2026-06-10T05:45:00+05:30,2026-06-10 05:45:00,0,3.5,20.1,195,0,1.3,0,5.8,19.8,562.6,0,0.6,25.7,78,26.4,21.6
2026-06-10T05:40:00+05:30,2026-06-10 05:40:00,2.9,7.2,20.1,195,0,1.3,0,5.8,19.8,562.6,0,0.3,25.8,78,26.4,21.7
2026-06-10T05:35:00+05:30,2026-06-10 05:35:00,0.6,7.2,20.1,195,0,1.3,0,5.8,19.8,562.6,0,0.1,25.8,78,26.4,21.7
2026-06-10T05:31:00+05:30,2026-06-10 05:31:00,2.9,13,20.1,195,0,1.3,0,5.8,19.8,562.6,0,0,25.8,78,26.4,21.7
2026-06-10T05:25:00+05:30,2026-06-10 05:25:00,5.5,11.1,20.1,195,0,1.3,0,5.8,19.8,562.6,0,0,25.8,78,26.4,21.7
2026-06-10T05:20:00+05:30,2026-06-10 05:20:00,0,0,20.1,196,0,1.3,0,5.8,19.8,562.6,0,0,25.8,78,26.4,21.7
2026-06-10T05:15:00+05:30,2026-06-10 05:15:00,0,0,20.1,37,0,1.3,0,5.8,19.8,562.6,0,0,25.8,78,26.4,21.7
2026-06-10T05:10:00+05:30,2026-06-10 05:10:00,0.6,3.5,20.1,56,0,1.3,0,5.8,19.8,562.6,0,0,25.8,78,26.4,21.7
2026-06-10T05:05:00+05:30,2026-06-10 05:05:00,0,5.5,20.1,55,0,1.3,0,5.8,19.8,562.6,0,0,25.8,78,26.4,21.7
2026-06-10T05:00:00+05:30,2026-06-10 05:00:00,0,11.1,20.1,111,0,1.3,0,5.8,19.8,562.6,0,0,25.8,78,26.4,21.7
2026-06-10T04:55:00+05:30,2026-06-10 04:55:00,0,18.3,20.1,48,0,1.3,0,5.8,19.8,562.6,0,0,25.8,78,26.4,21.7
2026-06-10T04:50:00+05:30,2026-06-10 04:50:00,4,14.8,20.1,44,0,1.3,0,5.8,19.8,562.6,0,0,25.8,78,26.4,21.7
2026-06-10T04:45:00+05:30,2026-06-10 04:45:00,2.6,13,20.1,62,0,1.3,0,5.8,19.8,562.6,0,0,25.8,78,26.4,21.7
2026-06-10T04:40:00+05:30,2026-06-10 04:40:00,1.1,9.3,20.1,46,0,1.3,0,5.8,19.8,562.6,0,0,25.8,78,26.4,21.7
2026-06-10T04:35:00+05:30,2026-06-10 04:35:00,3.5,13,20.1,56,0,1.3,0,5.8,19.8,562.6,0,0,25.8,78,26.4,21.7
2026-06-10T04:30:00+05:30,2026-06-10 04:30:00,0,5.5,20.1,49,0,1.3,0,5.8,19.8,562.6,0,0,25.9,78,26.6,21.7
2026-06-10T04:25:00+05:30,2026-06-10 04:25:00,7.9,9.3,20.1,53,0,1.3,0,5.8,19.8,562.6,0,0,25.9,78,26.6,21.7
2026-06-10T04:20:00+05:30,2026-06-10 04:20:00,4.3,7.2,20.1,62,0,1.3,0,5.8,19.8,562.6,0,0,25.9,78,26.6,21.7
2026-06-10T04:15:00+05:30,2026-06-10 04:15:00,0,5.5,20.1,35,0,1.3,0,5.8,19.8,562.6,0,0,25.9,78,26.6,21.7
2026-06-10T04:10:00+05:30,2026-06-10 04:10:00,0,7.2,20.1,48,0,1.3,0,5.8,19.8,562.6,0,0,25.9,78,26.6,21.7
2026-06-10T04:05:00+05:30,2026-06-10 04:05:00,0,7.2,20.1,56,0,1.3,0,5.8,19.8,562.6,0,0,25.9,78,26.6,21.7
2026-06-10T04:00:00+05:30,2026-06-10 04:00:00,7.9,9.3,20.1,78,0,1.3,0,5.8,19.8,562.6,0,0,25.9,78,26.6,21.7
2026-06-10T03:55:00+05:30,2026-06-10 03:55:00,0,3.5,20.1,53,0,1.3,0,5.8,19.8,562.6,0,0,25.9,78,26.6,21.7
2026-06-10T03:50:00+05:30,2026-06-10 03:50:00,0,3.5,20.1,49,0,1.3,0,5.8,19.8,562.6,0,0,25.9,78,26.6,21.7
2026-06-10T03:45:00+05:30,2026-06-10 03:45:00,5,7.2,20.1,64,0,1.3,0,5.8,19.8,562.6,0,0,25.9,78,26.6,21.7
2026-06-10T03:40:00+05:30,2026-06-10 03:40:00,1.4,5.5,20.1,49,0,1.3,0,5.8,19.8,562.6,0,0,25.9,78,26.6,21.7
2026-06-10T03:35:00+05:30,2026-06-10 03:35:00,0,3.5,20.1,53,0,1.3,0,5.8,19.8,562.6,0,0,25.9,78,26.6,21.7
2026-06-10T03:30:00+05:30,2026-06-10 03:30:00,3.5,11.1,20.1,67,0,1.3,0,5.8,19.8,562.6,0,0,25.9,78,26.6,21.7
2026-06-10T03:25:00+05:30,2026-06-10 03:25:00,1.4,5.5,20.1,48,0,1.3,0,5.8,19.8,562.6,0,0,25.9,78,26.6,21.7
2026-06-10T03:20:00+05:30,2026-06-10 03:20:00,2.1,5.5,20.1,64,0,1.3,0,5.8,19.8,562.6,0,0,25.9,78,26.6,21.7
2026-06-10T03:15:00+05:30,2026-06-10 03:15:00,9.3,11.1,20.1,39,0,1.3,0,5.8,19.8,562.6,0,0,25.9,78,26.6,21.7
2026-06-10T03:10:00+05:30,2026-06-10 03:10:00,5.8,13,20.1,94,0,1.3,0,5.8,19.8,562.6,0,0,25.9,78,26.6,21.7
2026-06-10T03:06:00+05:30,2026-06-10 03:06:00,14.3,20.1,20.1,48,0,1.3,0,5.8,19.8,562.6,0,0,25.9,78,26.6,21.7
2026-06-10T03:00:00+05:30,2026-06-10 03:00:00,4.7,11.1,18.3,47,0,1.3,0,5.8,19.8,562.6,0,0,25.9,78,26.6,21.7
2026-06-10T02:55:00+05:30,2026-06-10 02:55:00,6.4,13,18.3,80,0,1.3,0,5.8,19.8,562.6,0,0,25.9,78,26.6,21.7
2026-06-10T02:50:00+05:30,2026-06-10 02:50:00,4.7,7.2,18.3,77,0,1.3,0,5.8,19.8,562.6,0,0,25.9,78,26.6,21.7
2026-06-10T02:45:00+05:30,2026-06-10 02:45:00,6.4,14.8,18.3,62,0,1.3,0,5.8,19.8,562.6,0,0,25.9,78,26.6,21.7
2026-06-10T02:40:00+05:30,2026-06-10 02:40:00,4.7,9.3,18.3,61,0,1.3,0,5.8,19.8,562.6,0,0,25.9,78,26.6,21.7
2026-06-10T02:35:00+05:30,2026-06-10 02:35:00,2.1,5.5,18.3,28,0,1.3,0,5.8,19.8,562.6,0,0,26,77,26.7,21.7
2026-06-10T02:30:00+05:30,2026-06-10 02:30:00,9.3,13,18.3,70,0,1.3,0,5.8,19.8,562.6,0,0,26,77,26.7,21.7
2026-06-10T02:25:00+05:30,2026-06-10 02:25:00,0,11.1,18.3,59,0,1.3,0,5.8,19.8,562.6,0,0,26,77,26.7,21.7
2026-06-10T02:20:00+05:30,2026-06-10 02:20:00,5.8,11.1,18.3,75,0,1.3,0,5.8,19.8,562.6,0,0,26,77,26.7,21.7
2026-06-10T02:15:00+05:30,2026-06-10 02:15:00,0,7.2,18.3,53,0,1.3,0,5.8,19.8,562.6,0,0,26,77,26.7,21.7
2026-06-10T02:10:00+05:30,2026-06-10 02:10:00,2.1,13,18.3,78,0,1.3,0,5.8,19.8,562.6,0,0,26,77,26.7,21.7
2026-06-10T02:05:00+05:30,2026-06-10 02:05:00,7.9,16.6,18.3,49,0,1.3,0,5.8,19.8,562.6,0,0,26,77,26.7,21.7
2026-06-10T02:01:00+05:30,2026-06-10 02:01:00,5.5,9.3,18.3,57,0,1.3,0,5.8,19.8,562.6,0,0,26,77,26.7,21.7
2026-06-10T01:55:00+05:30,2026-06-10 01:55:00,3.5,13,18.3,63,0,1.3,0,5.8,19.8,562.6,0,0,26.1,77,26.8,21.8
2026-06-10T01:50:00+05:30,2026-06-10 01:50:00,0.6,7.2,18.3,56,0,1.3,0,5.8,19.8,562.6,0,0,26,77,26.7,21.7
2026-06-10T01:45:00+05:30,2026-06-10 01:45:00,0,1.8,18.3,60,0,1.3,0,5.8,19.8,562.6,0,0,26.1,77,26.8,21.8
2026-06-10T01:40:00+05:30,2026-06-10 01:40:00,1.1,11.1,16.6,101,0,1.3,0,5.8,19.8,562.6,0,0,26.1,77,26.8,21.8
2026-06-10T01:35:00+05:30,2026-06-10 01:35:00,0,7.2,16.6,51,0,1.3,0,5.8,19.8,562.6,0,0,26.1,77,26.8,21.8
2026-06-10T01:30:00+05:30,2026-06-10 01:30:00,5.5,13,16.6,45,0,1.3,0,5.8,19.8,562.6,0,0,26.1,77,26.8,21.8
2026-06-10T01:25:00+05:30,2026-06-10 01:25:00,3.5,11.1,16.6,83,0,1.3,0,5.8,19.8,562.6,0,0,26.1,77,26.8,21.8
2026-06-10T01:20:00+05:30,2026-06-10 01:20:00,4.3,5.5,16.6,84,0,1.3,0,5.8,19.8,562.6,0,0,26.2,77,26.9,21.8
2026-06-10T01:15:00+05:30,2026-06-10 01:15:00,1.1,7.2,16.6,60,0,1.3,0,5.8,19.8,562.6,0,0,26.1,77,26.8,21.8
2026-06-10T01:10:00+05:30,2026-06-10 01:10:00,4.7,5.5,16.6,65,0,1.3,0,5.8,19.8,562.6,0,0,26.1,77,26.8,21.8
2026-06-10T01:05:00+05:30,2026-06-10 01:05:00,1.4,5.5,16.6,59,0,1.3,0,5.8,19.8,562.6,0,0,26.1,77,26.8,21.8
2026-06-10T01:00:00+05:30,2026-06-10 01:00:00,5.5,9.3,16.6,46,0,1.3,0,5.8,19.8,562.6,0,0,26.2,76,26.9,21.7
2026-06-10T00:56:00+05:30,2026-06-10 00:56:00,5.8,13,16.6,85,0,1.3,0,5.8,19.8,562.6,0,0,26.2,76,26.9,21.7
2026-06-10T00:50:00+05:30,2026-06-10 00:50:00,4,14.8,16.6,46,0,1.3,0,5.8,19.8,562.6,0,0,26.2,76,26.9,21.7
2026-06-10T00:45:00+05:30,2026-06-10 00:45:00,2.1,5.5,16.6,38,0,1.3,0,5.8,19.8,562.6,0,0,26.2,76,26.9,21.7
2026-06-10T00:40:00+05:30,2026-06-10 00:40:00,2.1,7.2,16.6,90,0,1.3,0,5.8,19.8,562.6,0,0,26.2,76,26.9,21.7
2026-06-10T00:35:00+05:30,2026-06-10 00:35:00,4.3,16.6,16.6,60,0,1.3,0,5.8,19.8,562.6,0,0,26.2,76,26.9,21.7
2026-06-10T00:30:00+05:30,2026-06-10 00:30:00,2.9,13,16.6,44,0,1.3,0,5.8,19.8,562.6,0,0,26.2,76,26.9,21.7
2026-06-10T00:25:00+05:30,2026-06-10 00:25:00,2.1,13,16.6,57,0,1.3,0,5.8,19.8,562.6,0,0,26.3,76,26.9,21.7
2026-06-10T00:20:00+05:30,2026-06-10 00:20:00,4,9.3,13,53,0,1.3,0,5.8,19.8,562.6,0,0,26.2,76,26.9,21.7
2026-06-10T00:15:00+05:30,2026-06-10 00:15:00,0.3,3.5,13,62,0,1.3,0,5.8,19.8,562.6,0,0,26.2,76,26.9,21.7
2026-06-10T00:10:00+05:30,2026-06-10 00:10:00,5.5,7.2,9.3,53,0,1.3,0,5.8,19.8,562.6,0,0,26.3,76,26.9,21.7
2026-06-10T00:05:00+05:30,2026-06-10 00:05:00,0.3,9.3,9.3,49,0,1.3,0,5.8,19.8,562.6,0,0,26.3,76,26.9,21.7
2026-06-10T00:00:00+05:30,2026-06-10 00:00:00,0,5.5,3.5,56,0,1.3,0,5.8,19.8,562.6,0,0,26.3,76,26.9,21.7
2026-06-09T23:55:00+05:30,2026-06-09 23:55:00,5.5,7.2,31.4,68,0,1.3,1.3,5.8,19.8,562.6,0,0,26.2,76,26.9,21.7
2026-06-09T23:50:00+05:30,2026-06-09 23:50:00,6.1,9.3,31.4,64,0,1.3,1.3,5.8,19.8,562.6,0,0,26.2,76,26.9,21.7
2026-06-09T23:45:00+05:30,2026-06-09 23:45:00,4,5.5,31.4,87,0,1.3,1.3,5.8,19.8,562.6,0,0,26.3,76,26.9,21.7
2026-06-09T23:40:00+05:30,2026-06-09 23:40:00,0,13,31.4,67,0,1.3,1.3,5.8,19.8,562.6,0,0,26.3,76,26.9,21.7
2026-06-09T23:36:00+05:30,2026-06-09 23:36:00,0.3,14.8,31.4,66,0,1.3,1.3,5.8,19.8,562.6,0,0,26.3,76,26.9,21.7
2026-06-09T23:30:00+05:30,2026-06-09 23:30:00,0,9.3,31.4,49,0,1.3,1.3,5.8,19.8,562.6,0,0,26.3,76,26.9,21.7
2026-06-09T23:25:00+05:30,2026-06-09 23:25:00,2.9,9.3,31.4,51,0,1.3,1.3,5.8,19.8,562.6,0,0,26.3,76,26.9,21.7
2026-06-09T23:20:00+05:30,2026-06-09 23:20:00,2.1,9.3,31.4,49,0,1.3,1.3,5.8,19.8,562.6,0,0,26.3,75,26.9,21.5
2026-06-09T23:15:00+05:30,2026-06-09 23:15:00,7.6,21.9,31.4,71,0,1.3,1.3,5.8,19.8,562.6,0,0,26.3,75,26.9,21.5
2026-06-09T23:10:00+05:30,2026-06-09 23:10:00,9.3,11.1,31.4,86,0,1.3,1.3,5.8,19.8,562.6,0,0,26.3,75,26.9,21.5
2026-06-09T23:05:00+05:30,2026-06-09 23:05:00,0.3,11.1,31.4,48,0,1.3,1.3,5.8,19.8,562.6,0,0,26.3,75,26.9,21.5
2026-06-09T23:00:00+05:30,2026-06-09 23:00:00,4.7,7.2,31.4,74,0,1.3,1.3,5.8,19.8,562.6,0,0,26.4,75,27.1,21.6
2026-06-09T22:55:00+05:30,2026-06-09 22:55:00,1.4,5.5,31.4,47,0,1.3,1.3,5.8,19.8,562.6,0,0,26.4,75,27.1,21.6
2026-06-09T22:50:00+05:30,2026-06-09 22:50:00,7.2,11.1,31.4,72,0,1.3,1.3,5.8,19.8,562.6,0,0,26.4,75,27.1,21.6
2026-06-09T22:45:00+05:30,2026-06-09 22:45:00,2.9,5.5,31.4,55,0,1.3,1.3,5.8,19.8,562.6,0,0,26.4,75,27.1,21.6
2026-06-09T22:40:00+05:30,2026-06-09 22:40:00,1.1,11.1,31.4,65,0,1.3,1.3,5.8,19.8,562.6,0,0,26.4,75,27.1,21.6
2026-06-09T22:35:00+05:30,2026-06-09 22:35:00,2.6,13,31.4,73,0,1.3,1.3,5.8,19.8,562.6,0,0,26.5,75,27.2,21.7
2026-06-09T22:31:00+05:30,2026-06-09 22:31:00,7.9,9.3,31.4,83,0,1.3,1.3,5.8,19.8,562.6,0,0,26.5,75,27.2,21.7
2026-06-09T22:25:00+05:30,2026-06-09 22:25:00,2.6,7.2,31.4,80,0,1.3,1.3,5.8,19.8,562.6,0,0,26.5,75,27.2,21.7
2026-06-09T22:20:00+05:30,2026-06-09 22:20:00,0,5.5,31.4,79,0,1.3,1.3,5.8,19.8,562.6,0,0,26.5,75,27.2,21.7
2026-06-09T22:15:00+05:30,2026-06-09 22:15:00,4.7,7.2,31.4,69,0,1.3,1.3,5.8,19.8,562.6,0,0,26.5,75,27.2,21.7
2026-06-09T22:10:00+05:30,2026-06-09 22:10:00,2.1,9.3,31.4,49,0,1.3,1.3,5.8,19.8,562.6,0,0,26.5,75,27.2,21.7
2026-06-09T22:05:00+05:30,2026-06-09 22:05:00,1.1,7.2,31.4,53,0,1.3,1.3,5.8,19.8,562.6,0,0,26.5,75,27.2,21.7
2026-06-09T22:00:00+05:30,2026-06-09 22:00:00,0,0,31.4,56,0,1.3,1.3,5.8,19.8,562.6,0,0,26.5,75,27.2,21.7
2026-06-09T21:55:00+05:30,2026-06-09 21:55:00,3.5,7.2,31.4,50,0,1.3,1.3,5.8,19.8,562.6,0,0,26.5,75,27.2,21.7
2026-06-09T21:50:00+05:30,2026-06-09 21:50:00,11.9,13,31.4,75,0,1.3,1.3,5.8,19.8,562.6,0,0,26.5,75,27.2,21.7
2026-06-09T21:45:00+05:30,2026-06-09 21:45:00,1.4,5.5,31.4,53,0,1.3,1.3,5.8,19.8,562.6,0,0,26.6,75,27.3,21.8
2026-06-09T21:40:00+05:30,2026-06-09 21:40:00,2.9,11.1,31.4,70,0,1.3,1.3,5.8,19.8,562.6,0,0,26.6,75,27.3,21.8
2026-06-09T21:35:00+05:30,2026-06-09 21:35:00,6.1,7.2,31.4,78,0,1.3,1.3,5.8,19.8,562.6,0,0,26.6,75,27.3,21.8
2026-06-09T21:30:00+05:30,2026-06-09 21:30:00,2.9,7.2,31.4,58,0,1.3,1.3,5.8,19.8,562.6,0,0,26.6,75,27.3,21.8
2026-06-09T21:26:00+05:30,2026-06-09 21:26:00,3.2,9.3,31.4,65,0,1.3,1.3,5.8,19.8,562.6,0,0,26.6,75,27.3,21.8
2026-06-09T21:20:00+05:30,2026-06-09 21:20:00,0,0,31.4,62,0,1.3,1.3,5.8,19.8,562.6,0,0,26.6,75,27.3,21.8
2026-06-09T21:15:00+05:30,2026-06-09 21:15:00,2.1,11.1,31.4,63,0,1.3,1.3,5.8,19.8,562.6,0,0,26.6,75,27.3,21.8
2026-06-09T21:10:00+05:30,2026-06-09 21:10:00,4.3,7.2,31.4,58,0,1.3,1.3,5.8,19.8,562.6,0,0,26.7,75,28.8,21.9
2026-06-09T21:05:00+05:30,2026-06-09 21:05:00,8.2,9.3,31.4,53,0,1.3,1.3,5.8,19.8,562.6,0,0,26.7,75,28.8,21.9
2026-06-09T21:00:00+05:30,2026-06-09 21:00:00,0,1.8,31.4,57,0,1.3,1.3,5.8,19.8,562.6,0,0,26.7,75,28.8,21.9
2026-06-09T20:55:00+05:30,2026-06-09 20:55:00,1.4,7.2,31.4,69,0,1.3,1.3,5.8,19.8,562.6,0,0,26.7,75,28.8,21.9
2026-06-09T20:50:00+05:30,2026-06-09 20:50:00,2.9,5.5,31.4,95,0,1.3,1.3,5.8,19.8,562.6,0,0,26.7,75,28.8,21.9
2026-06-09T20:45:00+05:30,2026-06-09 20:45:00,0.3,7.2,31.4,67,0,1.3,1.3,5.8,19.8,562.6,0,0,26.8,75,28.8,21.9
2026-06-09T20:40:00+05:30,2026-06-09 20:40:00,7.9,9.3,31.4,54,0,1.3,1.3,5.8,19.8,562.6,0,0,26.8,75,28.8,21.9
2026-06-09T20:35:00+05:30,2026-06-09 20:35:00,1.4,3.5,31.4,58,0,1.3,1.3,5.8,19.8,562.6,0,0,26.8,75,28.8,21.9
2026-06-09T20:30:00+05:30,2026-06-09 20:30:00,6.4,11.1,31.4,53,0,1.3,1.3,5.8,19.8,562.6,0,0,26.8,75,28.8,21.9
2026-06-09T20:25:00+05:30,2026-06-09 20:25:00,0,7.2,31.4,45,0,1.3,1.3,5.8,19.8,562.6,0,0,26.8,75,28.8,21.9
2026-06-09T20:21:00+05:30,2026-06-09 20:21:00,5.5,18.3,31.4,84,0,1.3,1.3,5.8,19.8,562.6,0,0,26.9,75,29.1,22.1
2026-06-09T20:15:00+05:30,2026-06-09 20:15:00,8.2,11.1,31.4,77,0,1.3,1.3,5.8,19.8,562.6,0,0,26.9,75,29.1,22.1
2026-06-09T20:10:00+05:30,2026-06-09 20:10:00,4,11.1,31.4,71,0,1.3,1.3,5.8,19.8,562.6,0,0,27,75,29.3,22.2
2026-06-09T20:05:00+05:30,2026-06-09 20:05:00,3.5,7.2,31.4,73,0,1.3,1.3,5.8,19.8,562.6,0,0,27,75,29.3,22.2
2026-06-09T20:00:00+05:30,2026-06-09 20:00:00,4.7,14.8,31.4,53,0,1.3,1.3,5.8,19.8,562.6,0,0,27,75,29.3,22.2
2026-06-09T19:55:00+05:30,2026-06-09 19:55:00,0,11.1,31.4,60,0,1.3,1.3,5.8,19.8,562.6,0,0,27,75,29.3,22.2
2026-06-09T19:50:00+05:30,2026-06-09 19:50:00,11.1,21.9,31.4,69,0,1.3,1.3,5.8,19.8,562.6,0,0,27.1,75,29.5,22.3
2026-06-09T19:45:00+05:30,2026-06-09 19:45:00,1.8,11.1,31.4,96,0,1.3,1.3,5.8,19.8,562.6,0,0,27.1,75,29.5,22.3
2026-06-09T19:40:00+05:30,2026-06-09 19:40:00,7.6,9.3,31.4,33,0,1.3,1.3,5.8,19.8,562.6,0,0,27.1,75,29.5,22.3
2026-06-09T19:35:00+05:30,2026-06-09 19:35:00,2.1,14.8,31.4,60,0,1.3,1.3,5.8,19.8,562.6,0,0,27.1,75,29.5,22.3
2026-06-09T19:30:00+05:30,2026-06-09 19:30:00,6.9,14.8,31.4,54,0,1.3,1.3,5.8,19.8,562.6,0,0,27.2,75,29.7,22.4
2026-06-09T19:25:00+05:30,2026-06-09 19:25:00,9.7,18.3,31.4,62,0,1.3,1.3,5.8,19.8,562.6,0,0,27.2,75,29.7,22.4
2026-06-09T19:20:00+05:30,2026-06-09 19:20:00,5,7.2,31.4,95,0,1.3,1.3,5.8,19.8,562.6,0,0,27.3,75,29.8,22.4
2026-06-09T19:16:00+05:30,2026-06-09 19:16:00,5.5,7.2,31.4,71,0,1.3,1.3,5.8,19.8,562.6,0,0,27.3,75,29.8,22.4
2026-06-09T19:10:00+05:30,2026-06-09 19:10:00,4,14.8,31.4,85,0,1.3,1.3,5.8,19.8,562.6,0,0,27.3,74,29.7,22.2
2026-06-09T19:05:00+05:30,2026-06-09 19:05:00,4,5.5,31.4,76,0,1.3,1.3,5.8,19.8,562.6,0,0,27.3,74,29.7,22.2
2026-06-09T19:00:00+05:30,2026-06-09 19:00:00,5.5,9.3,31.4,55,0,1.3,1.3,5.8,19.8,562.6,0,0,27.4,74,29.9,22.3
2026-06-09T18:55:00+05:30,2026-06-09 18:55:00,4,11.1,31.4,71,0,1.3,1.3,5.8,19.8,562.6,0,0,27.4,74,29.9,22.3
2026-06-09T18:50:00+05:30,2026-06-09 18:50:00,4,9.3,31.4,60,0,1.3,1.3,5.8,19.8,562.6,0,0,27.4,74,29.9,22.3
2026-06-09T18:45:00+05:30,2026-06-09 18:45:00,1.8,7.2,31.4,44,0,1.3,1.3,5.8,19.8,562.6,0,0,27.4,74,29.9,22.3
2026-06-09T18:40:00+05:30,2026-06-09 18:40:00,10.8,16.6,31.4,102,0,1.3,1.3,5.8,19.8,562.6,0,0,27.5,74,30.2,22.4
2026-06-09T18:35:00+05:30,2026-06-09 18:35:00,6.1,9.3,31.4,65,0,1.3,1.3,5.8,19.8,562.6,0,0.1,27.5,74,30.2,22.4
2026-06-09T18:30:00+05:30,2026-06-09 18:30:00,4,16.6,31.4,72,0,1.3,1.3,5.8,19.8,562.6,0,0.5,27.5,74,30.2,22.4
2026-06-09T18:25:00+05:30,2026-06-09 18:25:00,4,7.2,31.4,61,0,1.3,1.3,5.8,19.8,562.6,0,1.1,27.5,74,30.2,22.4
2026-06-09T18:20:00+05:30,2026-06-09 18:20:00,7.2,9.3,31.4,31,0,1.3,1.3,5.8,19.8,562.6,0,2.3,27.5,74,30.2,22.4
2026-06-09T18:15:00+05:30,2026-06-09 18:15:00,0,9.3,31.4,54,0,1.3,1.3,5.8,19.8,562.6,0,2.9,27.5,74,30.2,22.4
2026-06-09T18:10:00+05:30,2026-06-09 18:10:00,7.9,13,31.4,93,0,1.3,1.3,5.8,19.8,562.6,0,5.3,27.6,74,30.4,22.6
2026-06-09T18:05:00+05:30,2026-06-09 18:05:00,2.9,13,31.4,58,0,1.3,1.3,5.8,19.8,562.6,0,10.1,27.6,74,30.4,22.6
2026-06-09T18:00:00+05:30,2026-06-09 18:00:00,1.8,9.3,31.4,58,0,1.3,1.3,5.8,19.8,562.6,0,14.6,27.6,74,30.4,22.6
2026-06-09T17:55:00+05:30,2026-06-09 17:55:00,6.4,11.1,31.4,56,0,1.3,1.3,5.8,19.8,562.6,0,14.6,27.7,74,30.6,22.7
2026-06-09T17:50:00+05:30,2026-06-09 17:50:00,3.5,9.3,31.4,54,0,1.3,1.3,5.8,19.8,562.6,0,22.7,27.7,74,30.6,22.7
2026-06-09T17:45:00+05:30,2026-06-09 17:45:00,8.7,14.8,31.4,73,0,1.3,1.3,5.8,19.8,562.6,0,25.2,27.7,74,30.6,22.7
2026-06-09T17:40:00+05:30,2026-06-09 17:40:00,2.1,5.5,31.4,51,0,1.3,1.3,5.8,19.8,562.6,0,30.5,27.7,73,30.5,22.4
2026-06-09T17:35:00+05:30,2026-06-09 17:35:00,10.5,21.9,31.4,73,0,1.3,1.3,5.8,19.8,562.6,0,34.4,27.7,73,30.5,22.4
2026-06-09T17:30:00+05:30,2026-06-09 17:30:00,6.4,13,31.4,46,0,1.3,1.3,5.8,19.8,562.6,0,39.4,27.8,73,30.6,22.5
2026-06-09T17:26:00+05:30,2026-06-09 17:26:00,10.5,16.6,31.4,49,0,1.3,1.3,5.8,19.8,562.6,0,45.7,27.8,73,30.6,22.5
2026-06-09T17:20:00+05:30,2026-06-09 17:20:00,6.4,9.3,31.4,109,0,1.3,1.3,5.8,19.8,562.6,0,53.3,27.8,73,30.6,22.5
2026-06-09T17:15:00+05:30,2026-06-09 17:15:00,4.7,9.3,31.4,170,0,1.3,1.3,5.8,19.8,562.6,0,48.3,27.9,73,30.8,22.6
2026-06-09T17:12:00+05:30,2026-06-09 17:12:00,7.2,13,31.4,84,0,1.3,1.3,5.8,19.8,562.6,0,53.5,27.9,73,30.8,22.6
2026-06-09T17:05:00+05:30,2026-06-09 17:05:00,6.9,13,31.4,50,0,1.3,1.3,5.8,19.8,562.6,0,76.2,28,73,31.1,22.7
2026-06-09T17:00:00+05:30,2026-06-09 17:00:00,6.4,11.1,31.4,65,0,1.3,1.3,5.8,19.8,562.6,0,58.2,28,73,31.1,22.7
2026-06-09T16:55:00+05:30,2026-06-09 16:55:00,3.2,9.3,31.4,74,0,1.3,1.3,5.8,19.8,562.6,0,54.7,28,73,31.1,22.7
2026-06-09T16:50:00+05:30,2026-06-09 16:50:00,1.1,18.3,31.4,19,0,1.3,1.3,5.8,19.8,562.6,0,67.4,28.1,73,31.3,22.8
2026-06-09T16:46:00+05:30,2026-06-09 16:46:00,1.4,13,31.4,34,0,1.3,1.3,5.8,19.8,562.6,0,56.9,28.1,73,31.3,22.8
2026-06-09T16:41:00+05:30,2026-06-09 16:41:00,0.3,5.5,31.4,94,0,1.3,1.3,5.8,19.8,562.6,0,58.7,28.1,73,31.3,22.8
2026-06-09T16:35:00+05:30,2026-06-09 16:35:00,11.9,18.3,31.4,58,0,1.3,1.3,5.8,19.8,562.6,0,100.9,28.2,73,31.6,22.9
2026-06-09T16:30:00+05:30,2026-06-09 16:30:00,4,13,31.4,47,0,1.3,1.3,5.8,19.8,562.6,1,127.9,28.2,73,31.6,22.9
2026-06-09T16:25:00+05:30,2026-06-09 16:25:00,11.1,21.9,31.4,96,0,1.3,1.3,5.8,19.8,562.6,1,181.1,28.2,73,31.6,22.9
2026-06-09T16:20:00+05:30,2026-06-09 16:20:00,8.7,27.7,31.4,58,0,1.3,1.3,5.8,19.8,562.6,2,214.3,28.2,73,31.6,22.9
2026-06-09T16:15:00+05:30,2026-06-09 16:15:00,10.8,16.6,31.4,56,0,1.3,1.3,5.8,19.8,562.6,0,102.5,28.2,73,31.6,22.9
2026-06-09T16:10:00+05:30,2026-06-09 16:10:00,2.6,14.8,31.4,55,0,1.3,1.3,5.8,19.8,562.6,2,239.2,28.3,73,31.7,22.9
2026-06-09T16:05:00+05:30,2026-06-09 16:05:00,7.2,11.1,31.4,95,0,1.3,1.3,5.8,19.8,562.6,1,103.3,28.3,73,31.7,22.9
2026-06-09T16:00:00+05:30,2026-06-09 16:00:00,7.9,16.6,31.4,40,0,1.3,1.3,5.8,19.8,562.6,1,153.7,28.3,72,31.5,22.7
2026-06-09T15:56:00+05:30,2026-06-09 15:56:00,1.4,14.8,31.4,60,0,1.3,1.3,5.8,19.8,562.6,0,79.3,28.3,72,31.5,22.7
2026-06-09T15:50:00+05:30,2026-06-09 15:50:00,9,13,31.4,16,0,1.3,1.3,5.8,19.8,562.6,1,106.5,28.3,73,31.7,22.9
2026-06-09T15:45:00+05:30,2026-06-09 15:45:00,4.7,16.6,31.4,23,0,1.3,1.3,5.8,19.8,562.6,3,370.3,28.2,73,31.6,22.9
2026-06-09T15:40:00+05:30,2026-06-09 15:40:00,1.8,7.2,31.4,52,0,1.3,1.3,5.8,19.8,562.6,3,368.8,28.2,73,31.6,22.9
2026-06-09T15:35:00+05:30,2026-06-09 15:35:00,3.5,7.2,31.4,37,0,1.3,1.3,5.8,19.8,562.6,2,262.3,28.1,72,31.2,22.6
2026-06-09T15:30:00+05:30,2026-06-09 15:30:00,11.9,14.8,31.4,84,0,1.3,1.3,5.8,19.8,562.6,1,179.8,28.1,73,31.3,22.8
2026-06-09T15:25:00+05:30,2026-06-09 15:25:00,9.3,11.1,31.4,58,0,1.3,1.3,5.8,19.8,562.6,4,431.8,28.1,73,31.3,22.8
2026-06-09T15:20:00+05:30,2026-06-09 15:20:00,5.5,9.3,31.4,46,0,1.3,1.3,5.8,19.8,562.6,4,434.8,28,73,31.1,22.7
2026-06-09T15:15:00+05:30,2026-06-09 15:15:00,7.9,13,31.4,54,0,1.3,1.3,5.8,19.8,562.6,4,481.3,28,73,31.1,22.7
2026-06-09T15:10:00+05:30,2026-06-09 15:10:00,6.9,16.6,31.4,96,0,1.3,1.3,5.8,19.8,562.6,1,143.3,28,74,31.2,22.9
2026-06-09T15:05:00+05:30,2026-06-09 15:05:00,7.2,16.6,31.4,71,0,1.3,1.3,5.8,19.8,562.6,6,631.7,28,74,31.2,22.9
2026-06-09T15:00:00+05:30,2026-06-09 15:00:00,3.5,20.1,31.4,60,0,1.3,1.3,5.8,19.8,562.6,6,633.2,27.9,74,31,22.8
2026-06-09T14:55:00+05:30,2026-06-09 14:55:00,6.1,11.1,31.4,72,0,1.3,1.3,5.8,19.8,562.6,6,625.9,27.9,74,31,22.8
2026-06-09T14:51:00+05:30,2026-06-09 14:51:00,17.2,29.5,31.4,70,0,1.3,1.3,5.8,19.8,562.6,6,622.4,27.9,74,31,22.8
2026-06-09T14:45:00+05:30,2026-06-09 14:45:00,4,16.6,27.7,27,0,1.3,1.3,5.8,19.8,562.6,6,711.9,27.9,75,31.1,23.1
2026-06-09T14:40:00+05:30,2026-06-09 14:40:00,3.2,14.8,27.7,81,0,1.3,1.3,5.8,19.8,562.6,5,525.9,27.9,74,31,22.8
2026-06-09T14:35:00+05:30,2026-06-09 14:35:00,5,14.8,27.7,63,0,1.3,1.3,5.8,19.8,562.6,7,740.4,27.8,75,30.9,22.9
2026-06-09T14:30:00+05:30,2026-06-09 14:30:00,7.9,14.8,27.7,106,0,1.3,1.3,5.8,19.8,562.6,2,216.3,27.8,75,30.9,22.9
2026-06-09T14:25:00+05:30,2026-06-09 14:25:00,0.6,5.5,27.7,111,0,1.3,1.3,5.8,19.8,562.6,4,478.2,27.8,75,30.9,22.9
2026-06-09T14:20:00+05:30,2026-06-09 14:20:00,2.1,7.2,27.7,31,0,1.3,1.3,5.8,19.8,562.6,1,186.1,27.8,75,30.9,22.9
2026-06-09T14:15:00+05:30,2026-06-09 14:15:00,11.9,20.1,27.7,89,0,1.3,1.3,5.8,19.8,562.6,2,270.1,27.7,76,30.9,23.1
2026-06-09T14:10:00+05:30,2026-06-09 14:10:00,7.2,11.1,27.7,86,0,1.3,1.3,5.8,19.8,562.6,6,648.4,27.8,76,31,23.2
2026-06-09T14:05:00+05:30,2026-06-09 14:05:00,2.1,18.3,27.7,58,0,1.3,1.3,5.8,19.8,562.6,4,482.5,27.7,77,31,23.3
2026-06-09T14:00:00+05:30,2026-06-09 14:00:00,3.5,11.1,27.7,53,0,1.3,1.3,5.8,19.8,562.6,3,385.5,27.6,77,30.8,23.2
2026-06-09T13:55:00+05:30,2026-06-09 13:55:00,2.9,14.8,27.7,31,0,1.3,1.3,5.8,19.8,562.6,7,745.3,27.6,77,30.8,23.2
2026-06-09T13:50:00+05:30,2026-06-09 13:50:00,9,13,27.7,58,0,1.3,1.3,5.8,19.8,562.6,8,893,27.5,78,30.7,23.3
2026-06-09T13:46:00+05:30,2026-06-09 13:46:00,3.5,7.2,27.7,8,0,1.3,1.3,5.8,19.8,562.6,4,422.4,27.5,78,30.7,23.3
2026-06-09T13:40:00+05:30,2026-06-09 13:40:00,8.7,14.8,27.7,80,0,1.3,1.3,5.8,19.8,562.6,3,392.4,27.5,78,30.7,23.3
2026-06-09T13:35:00+05:30,2026-06-09 13:35:00,1.4,7.2,27.7,39,0,1.3,1.3,5.8,19.8,562.6,2,301.7,27.5,78,30.7,23.3
2026-06-09T13:30:00+05:30,2026-06-09 13:30:00,6.4,16.6,27.7,44,0,1.3,1.3,5.8,19.8,562.6,3,391.4,27.5,78,30.7,23.3
2026-06-09T13:25:00+05:30,2026-06-09 13:25:00,3.5,11.1,27.7,30,0,1.3,1.3,5.8,19.8,562.6,3,368.7,27.5,79,30.8,23.5
2026-06-09T13:20:00+05:30,2026-06-09 13:20:00,1.1,13,27.7,85,0,1.3,1.3,5.8,19.8,562.6,3,325.5,27.5,79,30.8,23.5
2026-06-09T13:15:00+05:30,2026-06-09 13:15:00,7.9,13,27.7,82,0,1.3,1.3,5.8,19.8,562.6,3,329.4,27.4,78,30.4,23.2
2026-06-09T13:10:00+05:30,2026-06-09 13:10:00,6.4,11.1,27.7,79,0,1.3,1.3,5.8,19.8,562.6,3,348.6,27.5,79,30.8,23.5
2026-06-09T13:05:00+05:30,2026-06-09 13:05:00,2.9,11.1,27.7,76,0,1.3,1.3,5.8,19.8,562.6,3,383.8,27.4,79,30.5,23.4
2026-06-09T13:00:00+05:30,2026-06-09 13:00:00,4,11.1,27.7,72,0,1.3,1.3,5.8,19.8,562.6,4,426.7,27.4,79,30.5,23.4
2026-06-09T12:55:00+05:30,2026-06-09 12:55:00,5.5,9.3,27.7,55,0,1.3,1.3,5.8,19.8,562.6,4,495.1,27.4,78,30.4,23.2
2026-06-09T12:50:00+05:30,2026-06-09 12:50:00,5.5,9.3,27.7,70,0,1.3,1.3,5.8,19.8,562.6,3,347.7,27.4,78,30.4,23.2
2026-06-09T12:45:00+05:30,2026-06-09 12:45:00,4,13,27.7,81,0,1.3,1.3,5.8,19.8,562.6,4,435.1,27.5,78,30.7,23.3
2026-06-09T12:40:00+05:30,2026-06-09 12:40:00,3.5,11.1,27.7,113,0,1.3,1.3,5.8,19.8,562.6,3,375.6,27.6,78,30.9,23.4
2026-06-09T12:35:00+05:30,2026-06-09 12:35:00,7.2,14.8,27.7,46,0,1.3,1.3,5.8,19.8,562.6,2,283.6,27.7,78,31.2,23.5
2026-06-09T12:30:00+05:30,2026-06-09 12:30:00,4.7,7.2,27.7,27,0,1.3,1.3,5.8,19.8,562.6,2,225,27.7,79,31.3,23.7
2026-06-09T12:26:00+05:30,2026-06-09 12:26:00,3.5,9.3,27.7,39,0,1.3,1.3,5.8,19.8,562.6,2,234.9,27.8,79,31.4,23.8
2026-06-09T12:20:00+05:30,2026-06-09 12:20:00,4.7,7.2,27.7,40,4.8,1.3,1.3,5.8,19.8,562.6,2,288.3,27.8,79,31.4,23.8
2026-06-09T12:15:00+05:30,2026-06-09 12:15:00,3.5,13,27.7,58,7.9,1.3,1.3,5.8,19.8,562.6,3,329.7,27.8,78,31.3,23.6
2026-06-09T12:10:00+05:30,2026-06-09 12:10:00,11.1,16.6,23.8,98,1.8,0.3,0.3,4.8,18.8,561.6,1,158.6,27.8,77,31.1,23.4
2026-06-09T12:05:00+05:30,2026-06-09 12:05:00,7.2,9.3,23.8,98,0,0,0,4.6,18.5,561.3,1,118.1,27.8,77,31.1,23.4
2026-06-09T12:00:00+05:30,2026-06-09 12:00:00,4.3,7.2,23.8,42,0,0,0,4.6,18.5,561.3,2,212.1,27.7,77,31,23.3
2026-06-09T11:55:00+05:30,2026-06-09 11:55:00,4,7.2,23.8,51,0,0,0,4.6,18.5,561.3,2,262.5,27.7,78,31.2,23.5
2026-06-09T11:50:00+05:30,2026-06-09 11:50:00,3.5,5.5,23.8,68,0,0,0,4.6,18.5,561.3,3,368.4,27.6,78,30.9,23.4
2026-06-09T11:45:00+05:30,2026-06-09 11:45:00,11.6,14.8,23.8,107,0,0,0,4.6,18.5,561.3,8,870.1,27.5,78,30.7,23.3
2026-06-09T11:40:00+05:30,2026-06-09 11:40:00,4.7,14.8,23.8,61,0,0,0,4.6,18.5,561.3,8,899,27.5,79,30.8,23.5
2026-06-09T11:35:00+05:30,2026-06-09 11:35:00,5.5,7.2,23.8,53,0,0,0,4.6,18.5,561.3,9,934.3,27.4,79,30.5,23.4
2026-06-09T11:30:00+05:30,2026-06-09 11:30:00,4.3,11.1,23.8,63,0,0,0,4.6,18.5,561.3,1,153.7,27.3,79,30.3,23.3
2026-06-09T11:25:00+05:30,2026-06-09 11:25:00,6.1,18.3,23.8,51,0,0,0,4.6,18.5,561.3,8,843.8,27.2,79,30.1,23.3
2026-06-09T11:21:00+05:30,2026-06-09 11:21:00,0.3,11.1,23.8,52,0,0,0,4.6,18.5,561.3,8,842.5,27.2,79,30.1,23.3
2026-06-09T11:15:00+05:30,2026-06-09 11:15:00,2.9,7.2,23.8,10,0,0,0,4.6,18.5,561.3,8,876.8,27.1,78,29.8,22.9
2026-06-09T11:10:00+05:30,2026-06-09 11:10:00,6.1,11.1,23.8,70,0,0,0,4.6,18.5,561.3,4,460.5,27.2,78,30.1,23.1
2026-06-09T11:05:00+05:30,2026-06-09 11:05:00,14.8,20.1,23.8,116,0,0,0,4.6,18.5,561.3,1,103.5,27.2,77,29.9,22.8
2026-06-09T11:00:00+05:30,2026-06-09 11:00:00,5.8,13,23.8,97,0,0,0,4.6,18.5,561.3,0,95,27.2,77,29.9,22.8
2026-06-09T10:55:00+05:30,2026-06-09 10:55:00,4.7,14.8,23.8,34,0,0,0,4.6,18.5,561.3,1,169.3,27.2,77,29.9,22.8
2026-06-09T10:50:00+05:30,2026-06-09 10:50:00,13.7,16.6,23.8,73,0,0,0,4.6,18.5,561.3,9,943.3,27.1,78,29.8,22.9
2026-06-09T10:45:00+05:30,2026-06-09 10:45:00,10.5,16.6,23.8,133,0,0,0,4.6,18.5,561.3,2,291.6,27,78,29.6,22.8
2026-06-09T10:41:00+05:30,2026-06-09 10:41:00,4,14.8,16.6,56,0,0,0,4.6,18.5,561.3,8,861.3,27,79,29.7,23.1
2026-06-09T09:40:00+05:30,2026-06-09 09:40:00,4.3,11.1,27.7,200,0,0,0,4.6,18.5,561.3,3,315.5,26.5,77,27.2,22.1
2026-06-09T09:35:00+05:30,2026-06-09 09:35:00,11.6,21.9,27.7,80,0,0,0,4.6,18.5,561.3,2,260.9,26.5,77,27.2,22.1
2026-06-09T09:30:00+05:30,2026-06-09 09:30:00,4,9.3,27.7,97,0,0,0,4.6,18.5,561.3,2,239.7,26.5,77,27.2,22.1
2026-06-09T09:25:00+05:30,2026-06-09 09:25:00,0,13,27.7,75,0,0,0,4.6,18.5,561.3,1,201.6,26.5,77,27.2,22.1
2026-06-09T09:20:00+05:30,2026-06-09 09:20:00,6.4,13,21.9,88,0,0,0,4.6,18.5,561.3,2,225,26.4,77,27.1,22
2026-06-09T09:15:00+05:30,2026-06-09 09:15:00,7.9,13,21.9,60,0,0,0,4.6,18.5,561.3,3,322.4,26.4,78,27.1,22.2
2026-06-09T09:10:00+05:30,2026-06-09 09:10:00,2.9,11.1,21.9,84,0,0,0,4.6,18.5,561.3,3,398,26.3,78,27,22.1
2026-06-09T09:05:00+05:30,2026-06-09 09:05:00,6.1,18.3,21.9,68,0,0,0,4.6,18.5,561.3,3,385.3,26.3,78,27,22.1
2026-06-09T09:00:00+05:30,2026-06-09 09:00:00,0,5.5,21.9,49,0,0,0,4.6,18.5,561.3,4,490.8,26.3,78,27,22.1
2026-06-09T08:55:00+05:30,2026-06-09 08:55:00,1.4,5.5,21.9,69,0,0,0,4.6,18.5,561.3,5,516.9,26.2,78,26.9,22.1
2026-06-09T08:50:00+05:30,2026-06-09 08:50:00,9.7,14.8,21.9,79,0,0,0,4.6,18.5,561.3,4,498.8,26.2,78,26.9,22.1
2026-06-09T08:45:00+05:30,2026-06-09 08:45:00,0.6,13,21.9,44,0,0,0,4.6,18.5,561.3,1,102.8,26.2,78,26.9,22.1
2026-06-09T08:40:00+05:30,2026-06-09 08:40:00,0,18.3,21.9,58,0,0,0,4.6,18.5,561.3,5,517.1,26.1,78,26.8,21.9
2026-06-09T08:35:00+05:30,2026-06-09 08:35:00,1.8,13,21.9,63,0,0,0,4.6,18.5,561.3,5,517.9,26.1,79,26.8,22.2
2026-06-09T08:30:00+05:30,2026-06-09 08:30:00,3.5,9.3,21.9,44,0,0,0,4.6,18.5,561.3,1,146,26.1,79,26.8,22.2
2026-06-09T08:25:00+05:30,2026-06-09 08:25:00,9,14.8,21.9,90,0,0,0,4.6,18.5,561.3,1,161.8,26,79,26.7,22.1
2026-06-09T08:20:00+05:30,2026-06-09 08:20:00,0.6,7.2,21.9,29,0,0,0,4.6,18.5,561.3,1,138.2,26,79,26.7,22.1
2026-06-09T08:15:00+05:30,2026-06-09 08:15:00,6.1,11.1,21.9,82,0,0,0,4.6,18.5,561.3,3,335.4,26,79,26.7,22.1
2026-06-09T08:10:00+05:30,2026-06-09 08:10:00,4,13,20.1,60,0,0,0,4.6,18.5,561.3,4,424.9,25.9,79,26.6,21.9
2026-06-09T08:06:00+05:30,2026-06-09 08:06:00,0,11.1,20.1,68,0,0,0,4.6,18.5,561.3,2,210.3,25.8,79,26.5,21.8
2026-06-09T08:00:00+05:30,2026-06-09 08:00:00,6.1,7.2,20.1,60,0,0,0,4.6,18.5,561.3,4,415.1,25.8,79,26.5,21.8
2026-06-09T07:55:00+05:30,2026-06-09 07:55:00,1.4,9.3,20.1,87,0,0,0,4.6,18.5,561.3,1,160.2,25.8,79,26.5,21.8
2026-06-09T07:50:00+05:30,2026-06-09 07:50:00,5.8,14.8,20.1,40,0,0,0,4.6,18.5,561.3,3,360.4,25.7,79,26.4,21.8
2026-06-09T07:45:00+05:30,2026-06-09 07:45:00,3.5,11.1,20.1,81,0,0,0,4.6,18.5,561.3,1,168.3,25.7,79,26.4,21.8
2026-06-09T07:40:00+05:30,2026-06-09 07:40:00,3.5,11.1,20.1,41,0,0,0,4.6,18.5,561.3,3,351.1,25.6,79,26.3,21.7
2026-06-09T07:35:00+05:30,2026-06-09 07:35:00,2.6,13,20.1,20,0,0,0,4.6,18.5,561.3,2,296.7,25.6,79,26.3,21.7
2026-06-09T07:30:00+05:30,2026-06-09 07:30:00,4,5.5,20.1,49,0,0,0,4.6,18.5,561.3,2,269.5,25.5,79,26.2,21.6
2026-06-09T07:25:00+05:30,2026-06-09 07:25:00,3.5,9.3,20.1,83,0,0,0,4.6,18.5,561.3,2,253.2,25.5,79,26.2,21.6
2026-06-09T07:20:00+05:30,2026-06-09 07:20:00,4,9.3,20.1,90,0,0,0,4.6,18.5,561.3,0,71.5,25.5,79,26.2,21.6
2026-06-09T07:15:00+05:30,2026-06-09 07:15:00,4,9.3,20.1,64,0,0,0,4.6,18.5,561.3,0,96.3,25.5,79,26.2,21.6
2026-06-09T07:10:00+05:30,2026-06-09 07:10:00,1.4,3.5,20.1,75,0,0,0,4.6,18.5,561.3,1,198.2,25.5,79,26.2,21.6
2026-06-09T07:05:00+05:30,2026-06-09 07:05:00,4.3,7.2,20.1,80,0,0,0,4.6,18.5,561.3,0,65,25.4,79,26.1,21.5
2026-06-09T07:01:00+05:30,2026-06-09 07:01:00,5.5,11.1,20.1,51,0,0,0,4.6,18.5,561.3,0,53.9,25.4,79,26.1,21.5
2026-06-09T06:55:00+05:30,2026-06-09 06:55:00,7.6,14.8,20.1,72,0,0,0,4.6,18.5,561.3,0,73.7,25.4,79,26.1,21.5
2026-06-09T06:50:00+05:30,2026-06-09 06:50:00,0,7.2,20.1,58,0,0,0,4.6,18.5,561.3,1,136.8,25.4,79,26.1,21.5
2026-06-09T06:45:00+05:30,2026-06-09 06:45:00,0,5.5,20.1,50,0,0,0,4.6,18.5,561.3,1,120.6,25.4,79,26.1,21.5
2026-06-09T06:40:00+05:30,2026-06-09 06:40:00,0,7.2,20.1,183,0,0,0,4.6,18.5,561.3,0,69.4,25.4,79,26.1,21.5
2026-06-09T06:35:00+05:30,2026-06-09 06:35:00,0,7.2,20.1,50,0,0,0,4.6,18.5,561.3,0,42.5,25.4,79,26.1,21.5
2026-06-09T06:30:00+05:30,2026-06-09 06:30:00,0,0,20.1,58,0,0,0,4.6,18.5,561.3,0,35.7,25.4,79,26.1,21.5
2026-06-09T06:25:00+05:30,2026-06-09 06:25:00,0,0,20.1,61,0,0,0,4.6,18.5,561.3,0,39.5,25.4,78,26,21.3
2026-06-09T06:20:00+05:30,2026-06-09 06:20:00,0,5.5,20.1,45,0,0,0,4.6,18.5,561.3,0,26.9,25.4,78,26,21.3
2026-06-09T06:15:00+05:30,2026-06-09 06:15:00,4.7,7.2,20.1,53,0,0,0,4.6,18.5,561.3,0,29.9,25.4,79,26.1,21.5
2026-06-09T06:10:00+05:30,2026-06-09 06:10:00,0,5.5,20.1,39,0,0,0,4.6,18.5,561.3,0,16.1,25.4,79,26.1,21.5
2026-06-09T06:05:00+05:30,2026-06-09 06:05:00,0,5.5,20.1,44,0,0,0,4.6,18.5,561.3,0,8.7,25.3,78,25.9,21.2
2026-06-09T06:01:00+05:30,2026-06-09 06:01:00,0,3.5,20.1,40,0,0,0,4.6,18.5,561.3,0,6.2,25.4,79,26.1,21.5
2026-06-09T05:55:00+05:30,2026-06-09 05:55:00,5.5,7.2,20.1,34,0,0,0,4.6,18.5,561.3,0,3.3,25.4,78,26,21.3
2026-06-09T05:51:00+05:30,2026-06-09 05:51:00,4.7,9.3,20.1,37,0,0,0,4.6,18.5,561.3,0,1.6,25.4,78,26,21.3
2026-06-09T05:45:00+05:30,2026-06-09 05:45:00,6.1,9.3,20.1,44,0,0,0,4.6,18.5,561.3,0,0.8,25.4,78,26,21.3
2026-06-09T05:41:00+05:30,2026-06-09 05:41:00,6.9,11.1,20.1,37,0,0,0,4.6,18.5,561.3,0,0.5,25.4,79,26.1,21.5
2026-06-09T05:35:00+05:30,2026-06-09 05:35:00,3.2,9.3,20.1,42,0,0,0,4.6,18.5,561.3,0,0.1,25.4,79,26.1,21.5
2026-06-09T05:30:00+05:30,2026-06-09 05:30:00,0,3.5,20.1,39,0,0,0,4.6,18.5,561.3,0,0,25.4,78,26,21.3
2026-06-09T05:25:00+05:30,2026-06-09 05:25:00,5.5,9.3,20.1,42,0,0,0,4.6,18.5,561.3,0,0,25.4,78,26,21.3
2026-06-09T05:20:00+05:30,2026-06-09 05:20:00,0,9.3,20.1,44,0,0,0,4.6,18.5,561.3,0,0,25.4,78,26,21.3
2026-06-09T05:15:00+05:30,2026-06-09 05:15:00,3.2,11.1,20.1,39,0,0,0,4.6,18.5,561.3,0,0,25.5,78,26.2,21.4
2026-06-09T05:10:00+05:30,2026-06-09 05:10:00,4,11.1,20.1,37,0,0,0,4.6,18.5,561.3,0,0,25.4,78,26,21.3
2026-06-09T05:05:00+05:30,2026-06-09 05:05:00,2.6,7.2,20.1,42,0,0,0,4.6,18.5,561.3,0,0,25.5,78,26.2,21.4
2026-06-09T05:00:00+05:30,2026-06-09 05:00:00,2.1,11.1,20.1,37,0,0,0,4.6,18.5,561.3,0,0,25.5,78,26.2,21.4
2026-06-09T04:56:00+05:30,2026-06-09 04:56:00,4,7.2,20.1,37,0,0,0,4.6,18.5,561.3,0,0,25.5,78,26.2,21.4
2026-06-09T04:50:00+05:30,2026-06-09 04:50:00,2.9,5.5,20.1,39,0,0,0,4.6,18.5,561.3,0,0,25.5,78,26.2,21.4
2026-06-09T04:45:00+05:30,2026-06-09 04:45:00,0,0,20.1,50,0,0,0,4.6,18.5,561.3,0,0,25.5,78,26.2,21.4
2026-06-09T04:40:00+05:30,2026-06-09 04:40:00,4,5.5,20.1,71,0,0,0,4.6,18.5,561.3,0,0,25.5,79,26.2,21.6
2026-06-09T04:35:00+05:30,2026-06-09 04:35:00,3.5,5.5,20.1,67,0,0,0,4.6,18.5,561.3,0,0,25.5,79,26.2,21.6
2026-06-09T04:30:00+05:30,2026-06-09 04:30:00,0,0,20.1,56,0,0,0,4.6,18.5,561.3,0,0,25.5,79,26.2,21.6
2026-06-09T04:25:00+05:30,2026-06-09 04:25:00,0,0,20.1,51,0,0,0,4.6,18.5,561.3,0,0,25.5,79,26.2,21.6
2026-06-09T04:20:00+05:30,2026-06-09 04:20:00,3.2,3.5,20.1,42,0,0,0,4.6,18.5,561.3,0,0,25.5,79,26.2,21.6
2026-06-09T04:15:00+05:30,2026-06-09 04:15:00,3.5,7.2,20.1,50,0,0,0,4.6,18.5,561.3,0,0,25.5,79,26.2,21.6
2026-06-09T04:10:00+05:30,2026-06-09 04:10:00,4,5.5,20.1,56,0,0,0,4.6,18.5,561.3,0,0,25.5,79,26.2,21.6
2026-06-09T04:05:00+05:30,2026-06-09 04:05:00,4.7,7.2,20.1,70,0,0,0,4.6,18.5,561.3,0,0,25.5,79,26.2,21.6
2026-06-09T04:00:00+05:30,2026-06-09 04:00:00,2.1,11.1,20.1,44,0,0,0,4.6,18.5,561.3,0,0,25.5,79,26.2,21.6
2026-06-09T03:55:00+05:30,2026-06-09 03:55:00,0,0,20.1,51,0,0,0,4.6,18.5,561.3,0,0,25.5,79,26.2,21.6
2026-06-09T03:50:00+05:30,2026-06-09 03:50:00,0.3,11.1,20.1,58,0,0,0,4.6,18.5,561.3,0,0,25.6,79,26.3,21.7
2026-06-09T03:45:00+05:30,2026-06-09 03:45:00,5.5,9.3,20.1,47,0,0,0,4.6,18.5,561.3,0,0,25.6,79,26.3,21.7
2026-06-09T03:40:00+05:30,2026-06-09 03:40:00,9,11.1,20.1,50,0,0,0,4.6,18.5,561.3,0,0,25.6,79,26.3,21.7
2026-06-09T03:35:00+05:30,2026-06-09 03:35:00,4.7,7.2,20.1,80,0,0,0,4.6,18.5,561.3,0,0,25.6,79,26.3,21.7
2026-06-09T03:30:00+05:30,2026-06-09 03:30:00,0,5.5,20.1,78,0,0,0,4.6,18.5,561.3,0,0,25.6,79,26.3,21.7
2026-06-09T03:25:00+05:30,2026-06-09 03:25:00,0.6,3.5,20.1,45,0,0,0,4.6,18.5,561.3,0,0,25.6,79,26.3,21.7
2026-06-09T03:20:00+05:30,2026-06-09 03:20:00,3.2,5.5,20.1,42,0,0,0,4.6,18.5,561.3,0,0,25.6,79,26.3,21.7
2026-06-09T03:15:00+05:30,2026-06-09 03:15:00,2.9,7.2,20.1,41,0,0,0,4.6,18.5,561.3,0,0,25.6,79,26.3,21.7
2026-06-09T03:10:00+05:30,2026-06-09 03:10:00,5,9.3,20.1,48,0,0,0,4.6,18.5,561.3,0,0,25.6,79,26.3,21.7
2026-06-09T03:05:00+05:30,2026-06-09 03:05:00,0,7.2,20.1,46,0,0,0,4.6,18.5,561.3,0,0,25.6,79,26.3,21.7
2026-06-09T03:00:00+05:30,2026-06-09 03:00:00,4,9.3,20.1,43,0,0,0,4.6,18.5,561.3,0,0,25.6,79,26.3,21.7
2026-06-09T02:55:00+05:30,2026-06-09 02:55:00,2.9,9.3,20.1,67,0,0,0,4.6,18.5,561.3,0,0,25.6,79,26.3,21.7
2026-06-09T02:50:00+05:30,2026-06-09 02:50:00,0,3.5,20.1,62,0,0,0,4.6,18.5,561.3,0,0,25.6,79,26.3,21.7
2026-06-09T02:45:00+05:30,2026-06-09 02:45:00,4.7,7.2,20.1,56,0,0,0,4.6,18.5,561.3,0,0,25.6,79,26.3,21.7
2026-06-09T02:40:00+05:30,2026-06-09 02:40:00,5.5,13,20.1,79,0,0,0,4.6,18.5,561.3,0,0,25.6,79,26.3,21.7
2026-06-09T02:35:00+05:30,2026-06-09 02:35:00,4,9.3,20.1,59,0,0,0,4.6,18.5,561.3,0,0,25.6,79,26.3,21.7
2026-06-09T02:31:00+05:30,2026-06-09 02:31:00,6.1,7.2,20.1,134,0,0,0,4.6,18.5,561.3,0,0,25.6,78,26.3,21.5
2026-06-09T02:25:00+05:30,2026-06-09 02:25:00,3.2,9.3,20.1,52,0,0,0,4.6,18.5,561.3,0,0,25.6,78,26.3,21.5
2026-06-09T02:20:00+05:30,2026-06-09 02:20:00,2.9,5.5,20.1,55,0,0,0,4.6,18.5,561.3,0,0,25.6,78,26.3,21.5
2026-06-09T02:15:00+05:30,2026-06-09 02:15:00,0,0,20.1,58,0,0,0,4.6,18.5,561.3,0,0,25.6,78,26.3,21.5
2026-06-09T02:10:00+05:30,2026-06-09 02:10:00,2.1,5.5,20.1,55,0,0,0,4.6,18.5,561.3,0,0,25.6,78,26.3,21.5
2026-06-09T02:05:00+05:30,2026-06-09 02:05:00,3.2,7.2,20.1,62,0,0,0,4.6,18.5,561.3,0,0,25.6,78,26.3,21.5
2026-06-09T02:00:00+05:30,2026-06-09 02:00:00,6.1,9.3,20.1,68,0,0,0,4.6,18.5,561.3,0,0,25.7,78,26.4,21.6
2026-06-09T01:55:00+05:30,2026-06-09 01:55:00,5,7.2,20.1,72,0,0,0,4.6,18.5,561.3,0,0,25.6,78,26.3,21.5
2026-06-09T01:50:00+05:30,2026-06-09 01:50:00,2.9,11.1,20.1,60,0,0,0,4.6,18.5,561.3,0,0,25.7,78,26.4,21.6
2026-06-09T01:45:00+05:30,2026-06-09 01:45:00,2.6,5.5,20.1,76,0,0,0,4.6,18.5,561.3,0,0,25.6,78,26.3,21.5
2026-06-09T01:40:00+05:30,2026-06-09 01:40:00,0,5.5,20.1,58,0,0,0,4.6,18.5,561.3,0,0,25.6,78,26.3,21.5
2026-06-09T01:35:00+05:30,2026-06-09 01:35:00,2.1,13,20.1,75,0,0,0,4.6,18.5,561.3,0,0,25.6,78,26.3,21.5
2026-06-09T01:30:00+05:30,2026-06-09 01:30:00,1.4,13,20.1,67,0,0,0,4.6,18.5,561.3,0,0,25.6,78,26.3,21.5
2026-06-09T01:26:00+05:30,2026-06-09 01:26:00,7.9,14.8,20.1,46,0,0,0,4.6,18.5,561.3,0,0,25.7,78,26.4,21.6
2026-06-09T01:20:00+05:30,2026-06-09 01:20:00,3.5,9.3,20.1,58,0,0,0,4.6,18.5,561.3,0,0,25.7,78,26.4,21.6
2026-06-09T01:15:00+05:30,2026-06-09 01:15:00,6.1,11.1,20.1,65,0,0,0,4.6,18.5,561.3,0,0,25.7,78,26.4,21.6
2026-06-09T01:10:00+05:30,2026-06-09 01:10:00,3.5,5.5,20.1,58,0,0,0,4.6,18.5,561.3,0,0,25.7,78,26.4,21.6
2026-06-09T01:05:00+05:30,2026-06-09 01:05:00,6.1,11.1,20.1,72,0,0,0,4.6,18.5,561.3,0,0,25.7,78,26.4,21.6
2026-06-09T01:00:00+05:30,2026-06-09 01:00:00,0,9.3,20.1,81,0,0,0,4.6,18.5,561.3,0,0,25.7,78,26.4,21.6
2026-06-09T00:55:00+05:30,2026-06-09 00:55:00,0,7.2,20.1,76,0,0,0,4.6,18.5,561.3,0,0,25.7,78,26.4,21.6
2026-06-09T00:50:00+05:30,2026-06-09 00:50:00,4.7,11.1,20.1,56,0,0,0,4.6,18.5,561.3,0,0,25.7,78,26.4,21.6
2026-06-09T00:45:00+05:30,2026-06-09 00:45:00,7.9,9.3,20.1,11,0,0,0,4.6,18.5,561.3,0,0,25.7,78,26.4,21.6
2026-06-09T00:40:00+05:30,2026-06-09 00:40:00,4.3,11.1,20.1,60,0,0,0,4.6,18.5,561.3,0,0,25.7,78,26.4,21.6
2026-06-09T00:35:00+05:30,2026-06-09 00:35:00,0,0,20.1,55,0,0,0,4.6,18.5,561.3,0,0,25.7,78,26.4,21.6
2026-06-09T00:30:00+05:30,2026-06-09 00:30:00,3.5,7.2,20.1,109,0,0,0,4.6,18.5,561.3,0,0,25.7,78,26.4,21.6
2026-06-09T00:25:00+05:30,2026-06-09 00:25:00,5.5,13,20.1,54,0,0,0,4.6,18.5,561.3,0,0,25.8,78,26.4,21.7
2026-06-09T00:21:00+05:30,2026-06-09 00:21:00,5.5,7.2,20.1,77,0,0,0,4.6,18.5,561.3,0,0,25.7,78,26.4,21.6
2026-06-09T00:15:00+05:30,2026-06-09 00:15:00,5.5,7.2,20.1,62,0,0,0,4.6,18.5,561.3,0,0,25.7,78,26.4,21.6
2026-06-09T00:10:00+05:30,2026-06-09 00:10:00,2.1,5.5,20.1,81,0,0,0,4.6,18.5,561.3,0,0,25.8,78,26.4,21.7
2026-06-09T00:05:00+05:30,2026-06-09 00:05:00,6.1,11.1,20.1,33,0,0,0,4.6,18.5,561.3,0,0,25.8,78,26.4,21.7
2026-06-09T00:00:00+05:30,2026-06-09 00:00:00,6.4,9.3,9.3,66,0,0,0,4.6,18.5,561.3,0,0,25.8,78,26.4,21.7
2026-06-08T23:55:00+05:30,2026-06-08 23:55:00,6.4,13,18.3,64,0,0,0.5,4.6,18.5,561.3,0,0,25.8,78,26.4,21.7
2026-06-08T23:50:00+05:30,2026-06-08 23:50:00,3.5,11.1,18.3,69,0,0,0.5,4.6,18.5,561.3,0,0,25.8,78,26.4,21.7
2026-06-08T23:45:00+05:30,2026-06-08 23:45:00,6.4,7.2,18.3,88,0,0,0.5,4.6,18.5,561.3,0,0,25.8,78,26.4,21.7
2026-06-08T23:41:00+05:30,2026-06-08 23:41:00,13,16.6,16.6,51,0,0,0.5,4.6,18.5,561.3,0,0,25.8,78,26.4,21.7
2026-06-08T23:30:00+05:30,2026-06-08 23:30:00,4,13,23.8,84,0,0,0.5,4.6,18.5,561.3,0,0,25.8,78,26.4,21.7
2026-06-08T23:25:00+05:30,2026-06-08 23:25:00,10.1,14.8,23.8,48,0,0,0.5,4.6,18.5,561.3,0,0,25.8,77,26.4,21.4
2026-06-08T23:20:00+05:30,2026-06-08 23:20:00,5.5,16.6,23.8,64,0,0,0.5,4.6,18.5,561.3,0,0,25.8,77,26.4,21.4
2026-06-08T23:15:00+05:30,2026-06-08 23:15:00,3.5,7.2,23.8,118,0,0,0.5,4.6,18.5,561.3,0,0,25.8,77,26.4,21.4
2026-06-08T23:11:00+05:30,2026-06-08 23:11:00,5.8,18.3,23.8,65,0,0,0.5,4.6,18.5,561.3,0,0,25.9,78,26.6,21.7
2026-06-08T23:05:00+05:30,2026-06-08 23:05:00,2.9,14.8,23.8,48,0,0,0.5,4.6,18.5,561.3,0,0,25.9,77,26.6,21.6
2026-06-08T23:00:00+05:30,2026-06-08 23:00:00,4,11.1,23.8,35,0,0,0.5,4.6,18.5,561.3,0,0,25.9,77,26.6,21.6
2026-06-08T22:55:00+05:30,2026-06-08 22:55:00,6.4,14.8,23.8,79,0,0,0.5,4.6,18.5,561.3,0,0,25.9,77,26.6,21.6
2026-06-08T22:50:00+05:30,2026-06-08 22:50:00,6.4,13,23.8,112,0,0,0.5,4.6,18.5,561.3,0,0,25.9,77,26.6,21.6
2026-06-08T22:45:00+05:30,2026-06-08 22:45:00,1.8,16.6,23.8,60,0,0,0.5,4.6,18.5,561.3,0,0,26,77,26.7,21.7
2026-06-08T22:40:00+05:30,2026-06-08 22:40:00,4,9.3,23.8,78,0,0,0.5,4.6,18.5,561.3,0,0,26,77,26.7,21.7
2026-06-08T22:35:00+05:30,2026-06-08 22:35:00,2.1,7.2,23.8,66,0,0,0.5,4.6,18.5,561.3,0,0,26,77,26.7,21.7
2026-06-08T22:30:00+05:30,2026-06-08 22:30:00,6.4,13,23.8,84,0,0,0.5,4.6,18.5,561.3,0,0,26,78,26.7,21.8
2026-06-08T22:26:00+05:30,2026-06-08 22:26:00,5,7.2,23.8,56,0,0,0.5,4.6,18.5,561.3,0,0,26,77,26.7,21.7
2026-06-08T22:20:00+05:30,2026-06-08 22:20:00,4,7.2,23.8,58,0,0,0.5,4.6,18.5,561.3,0,0,26,77,26.7,21.7
2026-06-08T22:15:00+05:30,2026-06-08 22:15:00,1.4,9.3,23.8,73,0,0,0.5,4.6,18.5,561.3,0,0,26,78,26.7,21.8
2026-06-08T22:10:00+05:30,2026-06-08 22:10:00,2.6,7.2,23.8,63,0,0,0.5,4.6,18.5,561.3,0,0,26,77,26.7,21.7
2026-06-08T22:05:00+05:30,2026-06-08 22:05:00,2.9,9.3,23.8,55,0,0,0.5,4.6,18.5,561.3,0,0,26,77,26.7,21.7
2026-06-08T22:00:00+05:30,2026-06-08 22:00:00,7.6,9.3,23.8,68,0,0,0.5,4.6,18.5,561.3,0,0,26,77,26.7,21.7
2026-06-08T21:55:00+05:30,2026-06-08 21:55:00,5.5,7.2,23.8,50,0,0,0.5,4.6,18.5,561.3,0,0,26,77,26.7,21.7
2026-06-08T21:50:00+05:30,2026-06-08 21:50:00,3.5,11.1,23.8,99,0,0,0.5,4.6,18.5,561.3,0,0,26,77,26.7,21.7
2026-06-08T21:45:00+05:30,2026-06-08 21:45:00,2.1,11.1,23.8,72,0,0,0.5,4.6,18.5,561.3,0,0,26,77,26.7,21.7
2026-06-08T21:40:00+05:30,2026-06-08 21:40:00,1.4,9.3,23.8,45,0,0,0.5,4.6,18.5,561.3,0,0,26,77,26.7,21.7
2026-06-08T21:35:00+05:30,2026-06-08 21:35:00,5,7.2,23.8,43,0,0,0.5,4.6,18.5,561.3,0,0,26,77,26.7,21.7
2026-06-08T21:30:00+05:30,2026-06-08 21:30:00,2.9,5.5,23.8,51,0,0,0.5,4.6,18.5,561.3,0,0,26,77,26.7,21.7
2026-06-08T21:25:00+05:30,2026-06-08 21:25:00,0.3,11.1,23.8,45,0,0,0.5,4.6,18.5,561.3,0,0,26.1,77,26.8,21.8
2026-06-08T21:20:00+05:30,2026-06-08 21:20:00,5.5,9.3,23.8,67,0,0,0.5,4.6,18.5,561.3,0,0,26,77,26.7,21.7
2026-06-08T21:15:00+05:30,2026-06-08 21:15:00,7.6,11.1,23.8,66,0,0,0.5,4.6,18.5,561.3,0,0,26.1,77,26.8,21.8
2026-06-08T21:10:00+05:30,2026-06-08 21:10:00,0,5.5,23.8,60,0,0,0.5,4.6,18.5,561.3,0,0,26.1,77,26.8,21.8
2026-06-08T21:05:00+05:30,2026-06-08 21:05:00,8.7,13,23.8,77,0,0,0.5,4.6,18.5,561.3,0,0,26.1,77,26.8,21.8
2026-06-08T21:00:00+05:30,2026-06-08 21:00:00,7.2,11.1,23.8,79,0,0,0.5,4.6,18.5,561.3,0,0,26.1,76,26.8,21.6
2026-06-08T20:55:00+05:30,2026-06-08 20:55:00,7.9,13,23.8,76,0,0,0.5,4.6,18.5,561.3,0,0,26.1,76,26.8,21.6
2026-06-08T20:50:00+05:30,2026-06-08 20:50:00,3.5,5.5,23.8,59,0,0,0.5,4.6,18.5,561.3,0,0,26.1,76,26.8,21.6
2026-06-08T20:45:00+05:30,2026-06-08 20:45:00,2.6,9.3,23.8,66,0,0,0.5,4.6,18.5,561.3,0,0,26.2,76,26.9,21.7
2026-06-08T20:40:00+05:30,2026-06-08 20:40:00,1.8,5.5,23.8,53,0,0,0.5,4.6,18.5,561.3,0,0,26.2,76,26.9,21.7
2026-06-08T20:35:00+05:30,2026-06-08 20:35:00,4.3,11.1,23.8,63,0,0,0.5,4.6,18.5,561.3,0,0,26.2,76,26.9,21.7
2026-06-08T20:30:00+05:30,2026-06-08 20:30:00,3.5,11.1,23.8,70,0,0,0.5,4.6,18.5,561.3,0,0,26.2,76,26.9,21.7
2026-06-08T20:25:00+05:30,2026-06-08 20:25:00,1.8,7.2,23.8,51,0,0,0.5,4.6,18.5,561.3,0,0,26.2,76,26.9,21.7
2026-06-08T20:20:00+05:30,2026-06-08 20:20:00,6.4,7.2,23.8,61,0,0,0.5,4.6,18.5,561.3,0,0,26.2,76,26.9,21.7
2026-06-08T20:15:00+05:30,2026-06-08 20:15:00,4,14.8,23.8,76,0,0,0.5,4.6,18.5,561.3,0,0,26.3,76,26.9,21.7
2026-06-08T20:10:00+05:30,2026-06-08 20:10:00,0,9.3,23.8,53,0,0,0.5,4.6,18.5,561.3,0,0,26.2,76,26.9,21.7
2026-06-08T20:05:00+05:30,2026-06-08 20:05:00,4,7.2,23.8,65,0,0,0.5,4.6,18.5,561.3,0,0,26.3,76,26.9,21.7
2026-06-08T20:01:00+05:30,2026-06-08 20:01:00,4,9.3,23.8,98,0,0,0.5,4.6,18.5,561.3,0,0,26.3,76,26.9,21.7
2026-06-08T19:55:00+05:30,2026-06-08 19:55:00,5,11.1,23.8,58,0,0,0.5,4.6,18.5,561.3,0,0,26.3,76,26.9,21.7
2026-06-08T19:50:00+05:30,2026-06-08 19:50:00,0,0,23.8,63,0,0,0.5,4.6,18.5,561.3,0,0,26.3,76,26.9,21.7
2026-06-08T19:45:00+05:30,2026-06-08 19:45:00,0,5.5,23.8,53,0,0,0.5,4.6,18.5,561.3,0,0,26.3,76,26.9,21.7
2026-06-08T19:40:00+05:30,2026-06-08 19:40:00,3.5,9.3,23.8,66,0,0,0.5,4.6,18.5,561.3,0,0,26.3,76,26.9,21.7
2026-06-08T19:35:00+05:30,2026-06-08 19:35:00,0,5.5,23.8,51,0,0,0.5,4.6,18.5,561.3,0,0,26.3,76,26.9,21.7
2026-06-08T19:30:00+05:30,2026-06-08 19:30:00,4.7,7.2,23.8,86,0,0,0.5,4.6,18.5,561.3,0,0,26.3,76,26.9,21.7
2026-06-08T19:25:00+05:30,2026-06-08 19:25:00,3.5,5.5,23.8,63,0,0,0.5,4.6,18.5,561.3,0,0,26.4,76,27.1,21.8
2026-06-08T19:20:00+05:30,2026-06-08 19:20:00,2.9,5.5,23.8,68,0,0,0.5,4.6,18.5,561.3,0,0,26.4,75,27.1,21.6
2026-06-08T19:15:00+05:30,2026-06-08 19:15:00,3.5,5.5,23.8,76,0,0,0.5,4.6,18.5,561.3,0,0,26.4,75,27.1,21.6
2026-06-08T19:10:00+05:30,2026-06-08 19:10:00,4.7,9.3,23.8,45,0,0,0.5,4.6,18.5,561.3,0,0,26.4,75,27.1,21.6
2026-06-08T19:05:00+05:30,2026-06-08 19:05:00,2.9,7.2,23.8,50,0,0,0.5,4.6,18.5,561.3,0,0,26.4,75,27.1,21.6
2026-06-08T19:00:00+05:30,2026-06-08 19:00:00,1.4,3.5,23.8,68,0,0,0.5,4.6,18.5,561.3,0,0,26.4,75,27.1,21.6
2026-06-08T18:56:00+05:30,2026-06-08 18:56:00,0,3.5,23.8,63,0,0,0.5,4.6,18.5,561.3,0,0,26.4,75,27.1,21.6
2026-06-08T18:50:00+05:30,2026-06-08 18:50:00,0,3.5,23.8,70,0,0,0.5,4.6,18.5,561.3,0,0,26.5,75,27.2,21.7
2026-06-08T18:45:00+05:30,2026-06-08 18:45:00,0.3,7.2,23.8,51,0,0,0.5,4.6,18.5,561.3,0,0,26.5,75,27.2,21.7
2026-06-08T18:40:00+05:30,2026-06-08 18:40:00,6.1,9.3,23.8,44,0,0,0.5,4.6,18.5,561.3,0,0,26.5,75,27.2,21.7
2026-06-08T18:35:00+05:30,2026-06-08 18:35:00,4.7,7.2,23.8,64,0,0,0.5,4.6,18.5,561.3,0,0.1,26.5,75,27.2,21.7
2026-06-08T18:30:00+05:30,2026-06-08 18:30:00,1.1,5.5,23.8,58,0,0,0.5,4.6,18.5,561.3,0,0.4,26.5,75,27.2,21.7
2026-06-08T18:25:00+05:30,2026-06-08 18:25:00,1.1,5.5,23.8,57,0,0,0.5,4.6,18.5,561.3,0,1,26.6,75,27.3,21.8
2026-06-08T18:20:00+05:30,2026-06-08 18:20:00,6.1,7.2,23.8,66,0,0,0.5,4.6,18.5,561.3,0,1.8,26.6,75,27.3,21.8
2026-06-08T18:15:00+05:30,2026-06-08 18:15:00,1.1,9.3,23.8,63,0,0,0.5,4.6,18.5,561.3,0,3.3,26.6,75,27.3,21.8
2026-06-08T18:10:00+05:30,2026-06-08 18:10:00,2.1,7.2,23.8,62,0,0,0.5,4.6,18.5,561.3,0,5.7,26.6,76,27.3,22
2026-06-08T18:05:00+05:30,2026-06-08 18:05:00,1.8,16.6,23.8,52,0,0,0.5,4.6,18.5,561.3,0,8.9,26.7,76,28.8,22.1
2026-06-08T18:00:00+05:30,2026-06-08 18:00:00,4,11.1,23.8,55,0,0,0.5,4.6,18.5,561.3,0,13.4,26.7,76,28.8,22.1
2026-06-08T17:55:00+05:30,2026-06-08 17:55:00,3.2,11.1,23.8,56,0,0,0.5,4.6,18.5,561.3,0,20,26.7,76,28.8,22.1
2026-06-08T17:51:00+05:30,2026-06-08 17:51:00,0,3.5,23.8,80,0,0,0.5,4.6,18.5,561.3,0,20.1,26.8,76,28.9,22.2
2026-06-08T17:45:00+05:30,2026-06-08 17:45:00,4,9.3,23.8,57,0,0,0.5,4.6,18.5,561.3,0,19.7,26.8,76,28.9,22.2
2026-06-08T17:40:00+05:30,2026-06-08 17:40:00,2.1,9.3,23.8,60,0,0,0.5,4.6,18.5,561.3,0,33.8,26.8,76,28.9,22.2
2026-06-08T17:35:00+05:30,2026-06-08 17:35:00,4.7,7.2,23.8,69,0,0,0.5,4.6,18.5,561.3,0,44.7,26.9,76,29.2,22.3
2026-06-08T17:30:00+05:30,2026-06-08 17:30:00,6.4,9.3,23.8,62,0,0,0.5,4.6,18.5,561.3,0,51.2,26.9,77,29.2,22.5
2026-06-08T17:25:00+05:30,2026-06-08 17:25:00,0,1.8,23.8,55,0,0,0.5,4.6,18.5,561.3,0,52.7,26.9,77,29.2,22.5
2026-06-08T17:20:00+05:30,2026-06-08 17:20:00,0,1.8,23.8,45,0,0,0.5,4.6,18.5,561.3,0,58.9,26.9,77,29.2,22.5
2026-06-08T17:15:00+05:30,2026-06-08 17:15:00,3.5,5.5,23.8,54,0,0,0.5,4.6,18.5,561.3,0,62,26.9,77,29.2,22.5
2026-06-08T17:10:00+05:30,2026-06-08 17:10:00,0,0,23.8,53,0,0,0.5,4.6,18.5,561.3,0,72.6,26.9,77,29.2,22.5
2026-06-08T17:05:00+05:30,2026-06-08 17:05:00,5.5,9.3,23.8,74,0,0,0.5,4.6,18.5,561.3,0,87.3,26.9,77,29.2,22.5
2026-06-08T17:00:00+05:30,2026-06-08 17:00:00,4.7,9.3,23.8,60,0,1.8,0.5,4.6,18.5,561.3,0,96.3,26.9,77,29.2,22.5
2026-06-08T16:55:00+05:30,2026-06-08 16:55:00,1.4,3.5,23.8,56,0,1.8,0.5,4.6,18.5,561.3,1,106.3,26.9,77,29.2,22.5
2026-06-08T16:50:00+05:30,2026-06-08 16:50:00,4.7,14.8,23.8,70,0,1.8,0.5,4.6,18.5,561.3,1,106.7,26.9,77,29.2,22.5
2026-06-08T16:45:00+05:30,2026-06-08 16:45:00,2.1,13,23.8,27,0,1.8,0.5,4.6,18.5,561.3,0,96.3,26.9,77,29.2,22.5
2026-06-08T16:40:00+05:30,2026-06-08 16:40:00,7.2,11.1,23.8,75,0,1.8,0.5,4.6,18.5,561.3,0,97.5,27,77,29.4,22.6
2026-06-08T16:35:00+05:30,2026-06-08 16:35:00,0,9.3,23.8,62,0,1.8,0.5,4.6,18.5,561.3,0,97.3,27,77,29.4,22.6
2026-06-08T16:31:00+05:30,2026-06-08 16:31:00,1.8,9.3,23.8,63,0,1.8,0.5,4.6,18.5,561.3,1,108.4,27,77,29.4,22.6
2026-06-08T16:25:00+05:30,2026-06-08 16:25:00,5.5,9.3,23.8,71,0,1.8,0.5,4.6,18.5,561.3,1,106.3,27,77,29.4,22.6
2026-06-08T16:20:00+05:30,2026-06-08 16:20:00,5.8,11.1,23.8,141,0,1.8,0.5,4.6,18.5,561.3,0,86.5,27.1,77,29.7,22.7
2026-06-08T16:15:00+05:30,2026-06-08 16:15:00,4,11.1,23.8,52,0,1.8,0.5,4.6,18.5,561.3,0,47.4,27.1,77,29.7,22.7
2026-06-08T16:10:00+05:30,2026-06-08 16:10:00,1.4,9.3,23.8,47,0,1.8,0.5,4.6,18.5,561.3,0,46.2,27.2,77,29.9,22.8
2026-06-08T16:05:00+05:30,2026-06-08 16:05:00,1.1,3.5,23.8,61,0,1.8,0.5,4.6,18.5,561.3,0,41.3,27.2,77,29.9,22.8
2026-06-08T16:00:00+05:30,2026-06-08 16:00:00,1.4,3.5,23.8,55,0,1.8,0.5,4.6,18.5,561.3,0,57.1,27.2,77,29.9,22.8
2026-06-08T15:55:00+05:30,2026-06-08 15:55:00,1.8,9.3,23.8,95,0,1.8,0.5,4.6,18.5,561.3,0,63.1,27.3,77,30.1,22.9
2026-06-08T15:50:00+05:30,2026-06-08 15:50:00,4,9.3,23.8,56,0,1.8,0.5,4.6,18.5,561.3,0,61.7,27.4,77,30.3,23
2026-06-08T15:45:00+05:30,2026-06-08 15:45:00,10.8,14.8,23.8,69,0,1.8,0.5,4.6,18.5,561.3,1,114,27.5,77,30.5,23.1
2026-06-08T15:40:00+05:30,2026-06-08 15:40:00,7.9,14.8,23.8,87,0,1.8,0.5,4.6,18.5,561.3,0,71.5,27.5,77,30.5,23.1
2026-06-08T15:35:00+05:30,2026-06-08 15:35:00,2.9,7.2,23.8,41,0,1.8,0.5,4.6,18.5,561.3,0,47.2,27.6,77,30.8,23.2
2026-06-08T15:30:00+05:30,2026-06-08 15:30:00,6.1,9.3,23.8,58,1.8,1.8,0.5,4.6,18.5,561.3,0,44.2,27.6,77,30.8,23.2
2026-06-08T15:26:00+05:30,2026-06-08 15:26:00,2.1,5.5,23.8,52,1.8,1.8,0.5,4.6,18.5,561.3,0,54.5,27.7,77,31,23.3
2026-06-08T15:20:00+05:30,2026-06-08 15:20:00,2.6,13,23.8,52,0,1.5,0.3,4.3,18.3,561.1,0,52.2,27.7,77,31,23.3
2026-06-08T15:15:00+05:30,2026-06-08 15:15:00,0.3,5.5,23.8,340,0,1.5,0.3,4.3,18.3,561.1,0,98,27.8,77,31.1,23.4
2026-06-08T15:10:00+05:30,2026-06-08 15:10:00,4,13,23.8,60,0,1.5,0.3,4.3,18.3,561.1,1,121.2,27.8,77,31.1,23.4
2026-06-08T15:05:00+05:30,2026-06-08 15:05:00,3.5,7.2,23.8,53,0,1.5,0.3,4.3,18.3,561.1,1,133.7,27.8,77,31.1,23.4
2026-06-08T15:00:00+05:30,2026-06-08 15:00:00,4,5.5,23.8,32,0,1.5,0.3,4.3,18.3,561.1,1,106.2,27.8,77,31.1,23.4
2026-06-08T14:55:00+05:30,2026-06-08 14:55:00,6.1,9.3,23.8,88,0,1.5,0.3,4.3,18.3,561.1,1,158.9,27.8,76,31,23.2
2026-06-08T14:50:00+05:30,2026-06-08 14:50:00,4.3,18.3,23.8,82,1.3,1.5,0.3,4.3,18.3,561.1,1,202.1,27.8,76,31,23.2
2026-06-08T14:45:00+05:30,2026-06-08 14:45:00,3.5,11.1,23.8,92,1.3,1.5,0.3,4.3,18.3,561.1,4,486.4,27.8,75,30.9,22.9
2026-06-08T14:40:00+05:30,2026-06-08 14:40:00,8.7,13,23.8,79,0,1.3,0,4.1,18,560.8,0,57.3,27.9,74,31,22.8
2026-06-08T14:35:00+05:30,2026-06-08 14:35:00,1.1,7.2,23.8,67,0,1.3,0,4.1,18,560.8,0,54.6,27.8,74,30.7,22.7
2026-06-08T14:30:00+05:30,2026-06-08 14:30:00,6.4,16.6,23.8,42,0,1.3,0,4.1,18,560.8,0,75,27.9,75,31.1,23.1
2026-06-08T14:25:00+05:30,2026-06-08 14:25:00,3.2,9.3,23.8,53,0,1.3,0,4.1,18,560.8,1,156.4,27.9,75,31.1,23.1
2026-06-08T14:21:00+05:30,2026-06-08 14:21:00,0,3.5,23.8,67,0,1.3,0,4.1,18,560.8,1,112.2,27.9,76,31.3,23.3
2026-06-08T14:15:00+05:30,2026-06-08 14:15:00,1.8,5.5,23.8,68,0,1.3,0,4.1,18,560.8,3,382.2,27.8,76,31,23.2
2026-06-08T14:10:00+05:30,2026-06-08 14:10:00,6.4,11.1,23.8,72,0,1.3,0,4.1,18,560.8,2,250.5,27.8,76,31,23.2
2026-06-08T14:05:00+05:30,2026-06-08 14:05:00,2.9,14.8,23.8,105,0,1.3,0,4.1,18,560.8,7,747.7,27.8,76,31,23.2
2026-06-08T14:00:00+05:30,2026-06-08 14:00:00,4,16.6,23.8,47,0,1.3,0,4.1,18,560.8,6,674,27.8,76,31,23.2
2026-06-08T13:55:00+05:30,2026-06-08 13:55:00,5.8,7.2,23.8,65,0,1.3,0,4.1,18,560.8,6,652.3,27.7,77,31,23.3
2026-06-08T13:50:00+05:30,2026-06-08 13:50:00,1.4,9.3,23.8,54,0,1.3,0,4.1,18,560.8,8,870.5,27.7,77,31,23.3
2026-06-08T13:45:00+05:30,2026-06-08 13:45:00,8.7,14.8,23.8,49,0,1.3,0,4.1,18,560.8,6,707.3,27.6,78,30.9,23.4
2026-06-08T13:40:00+05:30,2026-06-08 13:40:00,2.9,9.3,23.8,54,0,1.3,0,4.1,18,560.8,4,438.1,27.6,77,30.8,23.2
2026-06-08T13:35:00+05:30,2026-06-08 13:35:00,1.4,13,23.8,54,0,1.3,0,4.1,18,560.8,2,259.7,27.6,77,30.8,23.2
2026-06-08T13:30:00+05:30,2026-06-08 13:30:00,2.9,5.5,23.8,46,0,1.3,0,4.1,18,560.8,1,202.2,27.6,77,30.8,23.2
2026-06-08T13:25:00+05:30,2026-06-08 13:25:00,0,5.5,23.8,52,0,1.3,0,4.1,18,560.8,2,240.4,27.6,77,30.8,23.2
2026-06-08T13:20:00+05:30,2026-06-08 13:20:00,3.2,13,23.8,43,0,1.3,0,4.1,18,560.8,4,477,27.5,77,30.5,23.1
2026-06-08T13:16:00+05:30,2026-06-08 13:16:00,9.3,16.6,23.8,79,0,1.3,0,4.1,18,560.8,4,488.6,27.5,77,30.5,23.1
2026-06-08T13:10:00+05:30,2026-06-08 13:10:00,6.4,14.8,21.9,51,0,1.3,0,4.1,18,560.8,5,513.6,27.4,77,30.3,23
2026-06-08T13:05:00+05:30,2026-06-08 13:05:00,2.1,11.1,21.9,54,0,1.3,0,4.1,18,560.8,6,617.7,27.4,77,30.3,23
2026-06-08T13:00:00+05:30,2026-06-08 13:00:00,4.7,7.2,21.9,119,0,1.3,0,4.1,18,560.8,5,516.9,27.4,76,30.2,22.8
2026-06-08T12:55:00+05:30,2026-06-08 12:55:00,5,11.1,21.9,63,0,1.3,0,4.1,18,560.8,3,388,27.3,77,30.1,22.9
2026-06-08T12:50:00+05:30,2026-06-08 12:50:00,5.5,11.1,21.9,52,0,1.3,0,4.1,18,560.8,2,270.4,27.3,77,30.1,22.9
2026-06-08T12:45:00+05:30,2026-06-08 12:45:00,3.5,11.1,21.9,41,0,1.3,0,4.1,18,560.8,1,190,27.3,77,30.1,22.9
2026-06-08T12:40:00+05:30,2026-06-08 12:40:00,11.9,14.8,21.9,91,0,1.3,0,4.1,18,560.8,2,215.8,27.3,77,30.1,22.9
2026-06-08T12:35:00+05:30,2026-06-08 12:35:00,2.9,11.1,21.9,31,0,1.3,0,4.1,18,560.8,2,246.9,27.3,77,30.1,22.9
2026-06-08T12:30:00+05:30,2026-06-08 12:30:00,7.2,13,21.9,75,0,1.3,0,4.1,18,560.8,3,393.5,27.3,77,30.1,22.9
2026-06-08T12:25:00+05:30,2026-06-08 12:25:00,4,16.6,21.9,66,0,1.3,0,4.1,18,560.8,5,613.8,27.2,77,29.9,22.8
2026-06-08T12:20:00+05:30,2026-06-08 12:20:00,9,21.9,21.9,72,0,1.3,0,4.1,18,560.8,3,341.6,27.2,77,29.9,22.8
2026-06-08T12:15:00+05:30,2026-06-08 12:15:00,4,20.1,21.9,84,0,1.3,0,4.1,18,560.8,4,453.9,27.2,77,29.9,22.8
2026-06-08T12:11:00+05:30,2026-06-08 12:11:00,3.2,11.1,21.9,69,0,1.3,0,4.1,18,560.8,2,279.8,27.2,77,29.9,22.8
2026-06-08T12:05:00+05:30,2026-06-08 12:05:00,2.9,16.6,21.9,46,0,1.3,0,4.1,18,560.8,2,211.7,27.2,77,29.9,22.8
2026-06-08T12:00:00+05:30,2026-06-08 12:00:00,10.5,14.8,21.9,64,0,1.3,0,4.1,18,560.8,1,150.6,27.2,77,29.9,22.8
2026-06-08T11:55:00+05:30,2026-06-08 11:55:00,6.4,11.1,21.9,53,0,1.3,0,4.1,18,560.8,2,281.1,27.1,77,29.7,22.7
2026-06-08T11:50:00+05:30,2026-06-08 11:50:00,8.2,11.1,21.9,87,0,1.3,0,4.1,18,560.8,4,415.5,27.1,77,29.7,22.7
2026-06-08T11:45:00+05:30,2026-06-08 11:45:00,0.6,7.2,21.9,47,0,1.3,0,4.1,18,560.8,3,338.3,27.1,77,29.7,22.7
2026-06-08T11:40:00+05:30,2026-06-08 11:40:00,6.1,11.1,21.9,66,0,1.3,0,4.1,18,560.8,2,286.9,27.1,76,29.6,22.5
2026-06-08T11:35:00+05:30,2026-06-08 11:35:00,6.4,9.3,21.9,61,0,1.3,0,4.1,18,560.8,4,440.7,27.1,76,29.6,22.5
2026-06-08T11:30:00+05:30,2026-06-08 11:30:00,6.9,11.1,21.9,94,0,1.3,0,4.1,18,560.8,2,279.6,27,77,29.4,22.6
2026-06-08T11:25:00+05:30,2026-06-08 11:25:00,6.1,13,21.9,71,0,1.3,0,4.1,18,560.8,2,220.1,27,77,29.4,22.6
2026-06-08T11:20:00+05:30,2026-06-08 11:20:00,3.5,7.2,21.9,50,0,1.3,0,4.1,18,560.8,2,242.8,27,77,29.4,22.6
2026-06-08T11:15:00+05:30,2026-06-08 11:15:00,6.1,9.3,21.9,47,0,1.3,0,4.1,18,560.8,4,477.8,27,77,29.4,22.6
2026-06-08T11:10:00+05:30,2026-06-08 11:10:00,8.7,13,21.9,142,0,1.3,0,4.1,18,560.8,3,362.6,26.9,77,29.2,22.5
2026-06-08T11:06:00+05:30,2026-06-08 11:06:00,4,11.1,21.9,58,0,1.3,0,4.1,18,560.8,2,258.3,26.9,77,29.2,22.5
2026-06-08T11:00:00+05:30,2026-06-08 11:00:00,4,9.3,21.9,99,0,1.3,0,4.1,18,560.8,3,400.5,26.9,77,29.2,22.5
2026-06-08T10:55:00+05:30,2026-06-08 10:55:00,11.9,16.6,21.9,48,0,1.3,0,4.1,18,560.8,2,296.8,26.9,77,29.2,22.5
2026-06-08T10:51:00+05:30,2026-06-08 10:51:00,2.6,13,21.9,82,0,1.3,0,4.1,18,560.8,4,411.6,26.9,77,29.2,22.5
2026-06-08T10:45:00+05:30,2026-06-08 10:45:00,1.1,9.3,21.9,55,0,1.3,0,4.1,18,560.8,3,367.3,26.8,77,29,22.4
2026-06-08T10:40:00+05:30,2026-06-08 10:40:00,4.7,9.3,21.9,60,0,1.3,0,4.1,18,560.8,3,380.8,26.8,77,29,22.4
2026-06-08T10:35:00+05:30,2026-06-08 10:35:00,5.5,9.3,21.9,73,0,1.3,0,4.1,18,560.8,3,343.7,26.7,77,28.9,22.3
2026-06-08T10:30:00+05:30,2026-06-08 10:30:00,0.3,7.2,21.9,66,0,1.3,0,4.1,18,560.8,3,312.4,26.7,77,28.9,22.3
2026-06-08T10:25:00+05:30,2026-06-08 10:25:00,2.9,7.2,21.9,41,0,1.3,0,4.1,18,560.8,2,267.8,26.6,76,27.3,22
2026-06-08T10:20:00+05:30,2026-06-08 10:20:00,8.7,14.8,21.9,70,0,1.3,0,4.1,18,560.8,3,330.9,26.6,76,27.3,22
2026-06-08T10:15:00+05:30,2026-06-08 10:15:00,6.4,9.3,21.9,73,0,1.3,0,4.1,18,560.8,1,134.9,26.6,76,27.3,22
2026-06-08T10:10:00+05:30,2026-06-08 10:10:00,2.1,9.3,21.9,60,0,1.3,0,4.1,18,560.8,1,132.4,26.6,76,27.3,22
2026-06-08T10:05:00+05:30,2026-06-08 10:05:00,5.8,7.2,21.9,99,0,1.3,0,4.1,18,560.8,1,143.4,26.5,76,27.2,21.9
2026-06-08T10:00:00+05:30,2026-06-08 10:00:00,5,7.2,21.9,78,0,1.3,0,4.1,18,560.8,1,179.8,26.5,77,27.2,22.1
2026-06-08T09:55:00+05:30,2026-06-08 09:55:00,7.6,20.1,21.9,74,0,1.3,0,4.1,18,560.8,1,192.7,26.5,77,27.2,22.1
2026-06-08T09:50:00+05:30,2026-06-08 09:50:00,3.5,13,21.9,79,0,1.3,0,4.1,18,560.8,3,315.8,26.4,77,27.1,22
2026-06-08T09:46:00+05:30,2026-06-08 09:46:00,6.1,11.1,21.9,53,0,1.3,0,4.1,18,560.8,3,330.1,26.5,77,27.2,22.1
2026-06-08T09:40:00+05:30,2026-06-08 09:40:00,8.2,18.3,21.9,92,0,1.3,0,4.1,18,560.8,3,354.9,26.4,77,27.1,22
2026-06-08T09:35:00+05:30,2026-06-08 09:35:00,9,21.9,21.9,42,0,1.3,0,4.1,18,560.8,4,475.5,26.3,78,27,22.1
2026-06-08T09:30:00+05:30,2026-06-08 09:30:00,3.5,5.5,20.1,68,0,1.3,0,4.1,18,560.8,7,785.1,26.2,78,26.9,22.1
2026-06-08T09:25:00+05:30,2026-06-08 09:25:00,6.1,9.3,20.1,8,0,1.3,0,4.1,18,560.8,3,377.5,26.2,78,26.9,22.1
2026-06-08T09:20:00+05:30,2026-06-08 09:20:00,5.8,11.1,20.1,89,0,1.3,0,4.1,18,560.8,5,574,26.1,77,26.8,21.8
2026-06-08T09:15:00+05:30,2026-06-08 09:15:00,10.1,13,20.1,84,0,1.3,0,4.1,18,560.8,3,358.2,26.1,77,26.8,21.8
2026-06-08T09:10:00+05:30,2026-06-08 09:10:00,9.7,20.1,20.1,56,0,1.3,0,4.1,18,560.8,3,336.9,26.1,78,26.8,21.9
2026-06-08T09:05:00+05:30,2026-06-08 09:05:00,4.7,14.8,16.6,77,0,1.3,0,4.1,18,560.8,3,342.2,26,78,26.7,21.8
2026-06-08T09:00:00+05:30,2026-06-08 09:00:00,0.3,16.6,16.6,15,0,1.3,0,4.1,18,560.8,2,232.5,26,78,26.7,21.8
2026-06-08T08:55:00+05:30,2026-06-08 08:55:00,5,9.3,16.6,89,0,1.3,0,4.1,18,560.8,2,223,26,78,26.7,21.8
2026-06-08T08:50:00+05:30,2026-06-08 08:50:00,4,7.2,16.6,47,0,1.3,0,4.1,18,560.8,2,216.1,25.9,78,26.6,21.7
2026-06-08T08:45:00+05:30,2026-06-08 08:45:00,3.5,11.1,16.6,71,0,1.3,0,4.1,18,560.8,2,212.6,25.9,78,26.6,21.7
2026-06-08T08:41:00+05:30,2026-06-08 08:41:00,0,3.5,16.6,50,0,1.3,0,4.1,18,560.8,1,172.3,25.8,78,26.4,21.7
2026-06-08T08:35:00+05:30,2026-06-08 08:35:00,6.1,13,16.6,81,0,1.3,0,4.1,18,560.8,2,221.8,25.8,78,26.4,21.7
2026-06-08T08:30:00+05:30,2026-06-08 08:30:00,3.5,7.2,16.6,34,0,1.3,0,4.1,18,560.8,2,239.3,25.7,78,26.4,21.6
2026-06-08T08:25:00+05:30,2026-06-08 08:25:00,4.7,9.3,16.6,86,0,1.3,0,4.1,18,560.8,2,275.9,25.6,78,26.3,21.5
2026-06-08T08:20:00+05:30,2026-06-08 08:20:00,1.4,5.5,16.6,51,0,1.3,0,4.1,18,560.8,2,245.3,25.6,78,26.3,21.5
2026-06-08T08:15:00+05:30,2026-06-08 08:15:00,7.2,11.1,16.6,51,0,1.3,0,4.1,18,560.8,1,187.8,25.5,78,26.2,21.4
2026-06-08T08:10:00+05:30,2026-06-08 08:10:00,2.1,7.2,16.6,67,0,1.3,0,4.1,18,560.8,1,170.9,25.5,78,26.2,21.4
2026-06-08T08:05:00+05:30,2026-06-08 08:05:00,3.5,9.3,16.6,69,0,1.3,0,4.1,18,560.8,1,154.7,25.5,78,26.2,21.4
2026-06-08T08:00:00+05:30,2026-06-08 08:00:00,4.7,5.5,16.6,27,0,1.3,0,4.1,18,560.8,1,141.5,25.5,78,26.2,21.4
2026-06-08T07:55:00+05:30,2026-06-08 07:55:00,2.6,11.1,16.6,77,0,1.3,0,4.1,18,560.8,1,141.3,25.4,77,26,21.1
2026-06-08T07:50:00+05:30,2026-06-08 07:50:00,3.5,11.1,16.6,47,0,1.3,0,4.1,18,560.8,1,125.2,25.4,77,26,21.1
2026-06-08T07:45:00+05:30,2026-06-08 07:45:00,6.9,11.1,16.6,85,0,1.3,0,4.1,18,560.8,1,118.3,25.4,77,26,21.1
2026-06-08T07:40:00+05:30,2026-06-08 07:40:00,4.3,9.3,16.6,55,0,1.3,0,4.1,18,560.8,1,115.4,25.4,77,26,21.1
2026-06-08T07:35:00+05:30,2026-06-08 07:35:00,4,11.1,16.6,71,0,1.3,0,4.1,18,560.8,1,110.6,25.4,77,26,21.1
2026-06-08T07:30:00+05:30,2026-06-08 07:30:00,2.9,9.3,16.6,49,0,1.3,0,4.1,18,560.8,0,101.4,25.4,77,26,21.1
2026-06-08T07:25:00+05:30,2026-06-08 07:25:00,0,7.2,16.6,50,0,1.3,0,4.1,18,560.8,0,94.8,25.4,77,26,21.1
2026-06-08T07:20:00+05:30,2026-06-08 07:20:00,1.4,5.5,16.6,43,0,1.3,0,4.1,18,560.8,0,54.9,25.4,77,26,21.1
2026-06-08T07:15:00+05:30,2026-06-08 07:15:00,3.5,7.2,16.6,64,0,1.3,0,4.1,18,560.8,0,74.1,25.4,77,26,21.1
2026-06-08T07:10:00+05:30,2026-06-08 07:10:00,0,0,16.6,41,0,1.3,0,4.1,18,560.8,0,74,25.4,77,26,21.1
2026-06-08T07:05:00+05:30,2026-06-08 07:05:00,4,7.2,16.6,55,0,1.3,0,4.1,18,560.8,0,63.9,25.4,77,26,21.1
2026-06-08T07:00:00+05:30,2026-06-08 07:00:00,0,1.8,16.6,56,0,1.3,0,4.1,18,560.8,0,55.9,25.4,77,26,21.1
2026-06-08T06:55:00+05:30,2026-06-08 06:55:00,1.4,3.5,16.6,56,0,1.3,0,4.1,18,560.8,0,52.3,25.4,77,26,21.1
2026-06-08T06:50:00+05:30,2026-06-08 06:50:00,0,3.5,16.6,65,0,1.3,0,4.1,18,560.8,0,43.3,25.4,77,26,21.1
2026-06-08T06:45:00+05:30,2026-06-08 06:45:00,2.1,7.2,16.6,53,0,1.3,0,4.1,18,560.8,0,33.6,25.4,77,26,21.1
2026-06-08T06:40:00+05:30,2026-06-08 06:40:00,3.2,5.5,16.6,44,0,1.3,0,4.1,18,560.8,0,26,25.4,77,26,21.1
2026-06-08T06:35:00+05:30,2026-06-08 06:35:00,4,5.5,16.6,76,0,1.3,0,4.1,18,560.8,0,19.9,25.4,77,26,21.1
2026-06-08T06:30:00+05:30,2026-06-08 06:30:00,2.1,7.2,16.6,48,0,1.3,0,4.1,18,560.8,0,19.2,25.4,77,26,21.1
2026-06-08T06:25:00+05:30,2026-06-08 06:25:00,2.1,9.3,16.6,34,0,1.3,0,4.1,18,560.8,0,20.4,25.4,77,26,21.1
2026-06-08T06:20:00+05:30,2026-06-08 06:20:00,0.3,9.3,16.6,42,0,1.3,0,4.1,18,560.8,0,17.4,25.4,77,26,21.1
2026-06-08T06:16:00+05:30,2026-06-08 06:16:00,0,0,16.6,17,0,1.3,0,4.1,18,560.8,0,15.2,25.4,77,26,21.1
2026-06-08T06:10:00+05:30,2026-06-08 06:10:00,1.4,9.3,16.6,17,0,1.3,0,4.1,18,560.8,0,11.4,25.4,77,26,21.1
2026-06-08T06:05:00+05:30,2026-06-08 06:05:00,2.9,7.2,16.6,17,0,1.3,0,4.1,18,560.8,0,8.1,25.4,77,26,21.1
2026-06-08T06:00:00+05:30,2026-06-08 06:00:00,2.1,5.5,16.6,17,0,1.3,0,4.1,18,560.8,0,5,25.4,77,26,21.1
2026-06-08T05:55:00+05:30,2026-06-08 05:55:00,0,7.2,16.6,18,0,1.3,0,4.1,18,560.8,0,3.7,25.4,77,26,21.1
2026-06-08T05:50:00+05:30,2026-06-08 05:50:00,1.4,7.2,16.6,19,0,1.3,0,4.1,18,560.8,0,2.1,25.4,77,26,21.1
2026-06-08T05:45:00+05:30,2026-06-08 05:45:00,0.3,5.5,16.6,19,0,1.3,0,4.1,18,560.8,0,0.9,25.4,76,25.9,20.8
2026-06-08T05:40:00+05:30,2026-06-08 05:40:00,5,7.2,16.6,28,0,1.3,0,4.1,18,560.8,0,0.3,25.4,76,25.9,20.8
2026-06-08T05:35:00+05:30,2026-06-08 05:35:00,6.4,11.1,16.6,23,0,1.3,0,4.1,18,560.8,0,0,25.4,76,25.9,20.8
2026-06-08T05:30:00+05:30,2026-06-08 05:30:00,0.6,3.5,16.6,25,0,1.3,0,4.1,18,560.8,0,0,25.4,76,25.9,20.8
2026-06-08T05:25:00+05:30,2026-06-08 05:25:00,4.3,9.3,16.6,19,0,1.3,0,4.1,18,560.8,0,0,25.4,76,25.9,20.8
2026-06-08T05:20:00+05:30,2026-06-08 05:20:00,0,3.5,16.6,39,0,1.3,0,4.1,18,560.8,0,0,25.5,76,26.1,20.9
2026-06-08T05:15:00+05:30,2026-06-08 05:15:00,6.4,9.3,16.6,37,0,1.3,0,4.1,18,560.8,0,0,25.5,76,26.1,20.9
2026-06-08T05:11:00+05:30,2026-06-08 05:11:00,5,7.2,16.6,40,0,1.3,0,4.1,18,560.8,0,0,25.5,76,26.1,20.9
2026-06-08T05:05:00+05:30,2026-06-08 05:05:00,0,0,16.6,38,0,1.3,0,4.1,18,560.8,0,0,25.5,76,26.1,20.9
2026-06-08T05:00:00+05:30,2026-06-08 05:00:00,1.8,5.5,16.6,44,0,1.3,0,4.1,18,560.8,0,0,25.5,76,26.1,20.9
2026-06-08T04:55:00+05:30,2026-06-08 04:55:00,0,13,16.6,42,0,1.3,0,4.1,18,560.8,0,0,25.5,76,26.1,20.9
2026-06-08T04:50:00+05:30,2026-06-08 04:50:00,0,3.5,16.6,41,0,1.3,0,4.1,18,560.8,0,0,25.5,76,26.1,20.9
2026-06-08T04:45:00+05:30,2026-06-08 04:45:00,0,0,16.6,39,0,1.3,0,4.1,18,560.8,0,0,25.5,76,26.1,20.9
2026-06-08T04:40:00+05:30,2026-06-08 04:40:00,0,7.2,16.6,27,0,1.3,0,4.1,18,560.8,0,0,25.5,76,26.1,20.9
2026-06-08T04:35:00+05:30,2026-06-08 04:35:00,0,1.8,16.6,38,0,1.3,0,4.1,18,560.8,0,0,25.5,76,26.1,20.9
2026-06-08T04:30:00+05:30,2026-06-08 04:30:00,2.9,5.5,16.6,46,0,1.3,0,4.1,18,560.8,0,0,25.4,76,25.9,20.8
2026-06-08T04:25:00+05:30,2026-06-08 04:25:00,4,11.1,16.6,53,0,1.3,0,4.1,18,560.8,0,0,25.4,76,25.9,20.8
2026-06-08T04:20:00+05:30,2026-06-08 04:20:00,1.8,3.5,16.6,56,0,1.3,0,4.1,18,560.8,0,0,25.5,76,26.1,20.9
2026-06-08T04:15:00+05:30,2026-06-08 04:15:00,2.9,5.5,16.6,62,0,1.3,0,4.1,18,560.8,0,0,25.4,76,25.9,20.8
2026-06-08T04:10:00+05:30,2026-06-08 04:10:00,0.3,1.8,16.6,85,0,1.3,0,4.1,18,560.8,0,0,25.5,75,26.1,20.7
2026-06-08T04:06:00+05:30,2026-06-08 04:06:00,2.9,7.2,16.6,51,0,1.3,0,4.1,18,560.8,0,0,25.4,75,25.9,20.6
2026-06-08T04:00:00+05:30,2026-06-08 04:00:00,0,7.2,16.6,85,0,1.3,0,4.1,18,560.8,0,0,25.5,75,26.1,20.7
2026-06-08T03:55:00+05:30,2026-06-08 03:55:00,0,5.5,16.6,49,0,1.3,0,4.1,18,560.8,0,0,25.5,75,26.1,20.7
2026-06-08T03:50:00+05:30,2026-06-08 03:50:00,0,0,16.6,56,0,1.3,0,4.1,18,560.8,0,0,25.5,75,26.1,20.7
2026-06-08T03:45:00+05:30,2026-06-08 03:45:00,3.5,7.2,16.6,52,0,1.3,0,4.1,18,560.8,0,0,25.5,75,26.1,20.7
2026-06-08T03:40:00+05:30,2026-06-08 03:40:00,1.1,5.5,16.6,53,0,1.3,0,4.1,18,560.8,0,0,25.5,75,26.1,20.7
2026-06-08T03:35:00+05:30,2026-06-08 03:35:00,0.3,5.5,16.6,83,0,1.3,0,4.1,18,560.8,0,0,25.5,75,26.1,20.7
2026-06-08T03:30:00+05:30,2026-06-08 03:30:00,0.3,9.3,16.6,74,0,1.3,0,4.1,18,560.8,0,0,25.5,75,26.1,20.7
2026-06-08T03:25:00+05:30,2026-06-08 03:25:00,2.6,11.1,16.6,44,0,1.3,0,4.1,18,560.8,0,0,25.5,75,26.1,20.7
2026-06-08T03:20:00+05:30,2026-06-08 03:20:00,0,5.5,16.6,53,0,1.3,0,4.1,18,560.8,0,0,25.5,75,26.1,20.7
2026-06-08T03:15:00+05:30,2026-06-08 03:15:00,0.3,5.5,16.6,53,0,1.3,0,4.1,18,560.8,0,0,25.5,75,26.1,20.7
2026-06-08T03:10:00+05:30,2026-06-08 03:10:00,2.1,9.3,16.6,50,0,1.3,0,4.1,18,560.8,0,0,25.5,75,26.1,20.7
2026-06-08T03:05:00+05:30,2026-06-08 03:05:00,2.9,5.5,16.6,48,0,1.3,0,4.1,18,560.8,0,0,25.5,75,26.1,20.7
2026-06-08T03:00:00+05:30,2026-06-08 03:00:00,5,5.5,16.6,63,0,1.3,0,4.1,18,560.8,0,0,25.5,75,26.1,20.7
2026-06-08T02:55:00+05:30,2026-06-08 02:55:00,2.9,11.1,16.6,60,0,1.3,0,4.1,18,560.8,0,0,25.6,75,26.2,20.8
2026-06-08T02:50:00+05:30,2026-06-08 02:50:00,5.5,11.1,11.1,71,0,1.3,0,4.1,18,560.8,0,0,25.6,75,26.2,20.8
2026-06-08T02:45:00+05:30,2026-06-08 02:45:00,0,0,11.1,50,0,1.3,0,4.1,18,560.8,0,0,25.6,75,26.2,20.8
2026-06-08T02:40:00+05:30,2026-06-08 02:40:00,0,0,11.1,43,0,1.3,0,4.1,18,560.8,0,0,25.6,75,26.2,20.8
2026-06-08T02:35:00+05:30,2026-06-08 02:35:00,0,1.8,11.1,55,0,1.3,0,4.1,18,560.8,0,0,25.6,75,26.2,20.8
2026-06-08T02:30:00+05:30,2026-06-08 02:30:00,0,0,11.1,53,0,1.3,0,4.1,18,560.8,0,0,25.6,75,26.2,20.8
2026-06-08T02:25:00+05:30,2026-06-08 02:25:00,0,3.5,11.1,53,0,1.3,0,4.1,18,560.8,0,0,25.6,75,26.2,20.8
2026-06-08T02:20:00+05:30,2026-06-08 02:20:00,4.3,5.5,11.1,29,0,1.3,0,4.1,18,560.8,0,0,25.6,75,26.2,20.8
2026-06-08T02:15:00+05:30,2026-06-08 02:15:00,2.6,7.2,11.1,53,0,1.3,0,4.1,18,560.8,0,0,25.6,75,26.2,20.8
2026-06-08T02:10:00+05:30,2026-06-08 02:10:00,0,0,11.1,44,0,1.3,0,4.1,18,560.8,0,0,25.6,75,26.2,20.8
2026-06-08T02:05:00+05:30,2026-06-08 02:05:00,0,0,11.1,41,0,1.3,0,4.1,18,560.8,0,0,25.6,75,26.2,20.8
2026-06-08T02:00:00+05:30,2026-06-08 02:00:00,0,0,11.1,66,0,1.3,0,4.1,18,560.8,0,0,25.7,75,26.3,20.9
2026-06-08T01:55:00+05:30,2026-06-08 01:55:00,0,5.5,11.1,50,0,1.3,0,4.1,18,560.8,0,0,25.6,75,26.2,20.8
2026-06-08T01:50:00+05:30,2026-06-08 01:50:00,0,1.8,11.1,55,0,1.3,0,4.1,18,560.8,0,0,25.7,75,26.3,20.9
2026-06-08T01:45:00+05:30,2026-06-08 01:45:00,2.1,5.5,11.1,58,0,1.3,0,4.1,18,560.8,0,0,25.7,75,26.3,20.9
2026-06-08T01:41:00+05:30,2026-06-08 01:41:00,0,5.5,11.1,63,0,1.3,0,4.1,18,560.8,0,0,25.7,75,26.3,20.9
2026-06-08T01:35:00+05:30,2026-06-08 01:35:00,3.5,5.5,11.1,62,0,1.3,0,4.1,18,560.8,0,0,25.7,75,26.3,20.9
2026-06-08T01:30:00+05:30,2026-06-08 01:30:00,1.4,9.3,11.1,53,0,1.3,0,4.1,18,560.8,0,0,25.7,75,26.3,20.9
2026-06-08T01:25:00+05:30,2026-06-08 01:25:00,1.8,5.5,11.1,60,0,1.3,0,4.1,18,560.8,0,0,25.7,75,26.3,20.9
2026-06-08T01:20:00+05:30,2026-06-08 01:20:00,0.3,5.5,11.1,52,0,1.3,0,4.1,18,560.8,0,0,25.8,75,26.4,21
2026-06-08T01:15:00+05:30,2026-06-08 01:15:00,0,11.1,11.1,47,0,1.3,0,4.1,18,560.8,0,0,25.8,75,26.4,21
2026-06-08T01:10:00+05:30,2026-06-08 01:10:00,5,7.2,7.2,44,0,1.3,0,4.1,18,560.8,0,0,25.8,75,26.4,21
2026-06-08T01:05:00+05:30,2026-06-08 01:05:00,0,3.5,7.2,60,0,1.3,0,4.1,18,560.8,0,0,25.8,75,26.4,21
2026-06-08T01:00:00+05:30,2026-06-08 01:00:00,2.9,5.5,7.2,46,0,1.3,0,4.1,18,560.8,0,0,25.8,75,26.4,21
2026-06-08T00:55:00+05:30,2026-06-08 00:55:00,4,5.5,7.2,60,0,1.3,0,4.1,18,560.8,0,0,25.8,75,26.4,21
2026-06-08T00:50:00+05:30,2026-06-08 00:50:00,0,5.5,7.2,58,0,1.3,0,4.1,18,560.8,0,0,25.8,75,26.4,21
2026-06-08T00:45:00+05:30,2026-06-08 00:45:00,3.5,7.2,7.2,69,0,1.3,0,4.1,18,560.8,0,0,25.8,75,26.4,21
2026-06-08T00:40:00+05:30,2026-06-08 00:40:00,1.8,3.5,7.2,65,0,1.3,0,4.1,18,560.8,0,0,25.8,75,26.4,21
2026-06-08T00:36:00+05:30,2026-06-08 00:36:00,0,0,7.2,60,0,1.3,0,4.1,18,560.8,0,0,25.8,75,26.4,21
2026-06-08T00:30:00+05:30,2026-06-08 00:30:00,0,0,7.2,55,0,1.3,0,4.1,18,560.8,0,0,25.9,75,26.5,21.1
2026-06-08T00:25:00+05:30,2026-06-08 00:25:00,0,0,7.2,50,0,1.3,0,4.1,18,560.8,0,0,25.9,75,26.5,21.1
2026-06-08T00:20:00+05:30,2026-06-08 00:20:00,0,0,7.2,58,0,1.3,0,4.1,18,560.8,0,0,25.8,75,26.4,21
2026-06-08T00:15:00+05:30,2026-06-08 00:15:00,0,0,7.2,56,0,1.3,0,4.1,18,560.8,0,0,25.8,75,26.4,21
2026-06-08T00:10:00+05:30,2026-06-08 00:10:00,0.6,3.5,7.2,51,0,1.3,0,4.1,18,560.8,0,0,25.9,75,26.5,21.1
2026-06-08T00:05:00+05:30,2026-06-08 00:05:00,1.4,3.5,3.5,63,0,1.3,0,4.1,18,560.8,0,0,25.9,75,26.5,21.1
2026-06-08T00:00:00+05:30,2026-06-08 00:00:00,0,5.5,3.5,51,0,1.3,0,4.1,18,560.8,0,0,25.9,75,26.5,21.1
2026-06-07T23:55:00+05:30,2026-06-07 23:55:00,4.7,7.2,21.9,75,0,1.3,4.1,4.1,18,560.8,0,0,25.9,75,26.5,21.1
2026-06-07T23:50:00+05:30,2026-06-07 23:50:00,0,0,21.9,65,0,1.3,4.1,4.1,18,560.8,0,0,25.9,75,26.5,21.1
2026-06-07T23:45:00+05:30,2026-06-07 23:45:00,2.9,7.2,21.9,56,0,1.3,4.1,4.1,18,560.8,0,0,25.9,75,26.5,21.1
2026-06-07T23:40:00+05:30,2026-06-07 23:40:00,1.1,3.5,21.9,55,0,1.3,4.1,4.1,18,560.8,0,0,25.9,75,26.5,21.1
2026-06-07T23:35:00+05:30,2026-06-07 23:35:00,0,7.2,21.9,52,0,1.3,4.1,4.1,18,560.8,0,0,25.9,75,26.5,21.1
2026-06-07T23:31:00+05:30,2026-06-07 23:31:00,1.4,1.8,21.9,60,0,1.3,4.1,4.1,18,560.8,0,0,26,75,26.6,21.2
2026-06-07T23:25:00+05:30,2026-06-07 23:25:00,2.9,11.1,21.9,74,0,1.3,4.1,4.1,18,560.8,0,0,26,76,26.7,21.4
2026-06-07T23:20:00+05:30,2026-06-07 23:20:00,1.4,5.5,21.9,77,0,1.3,4.1,4.1,18,560.8,0,0,26,76,26.7,21.4
2026-06-07T23:15:00+05:30,2026-06-07 23:15:00,0,0,21.9,56,0,1.3,4.1,4.1,18,560.8,0,0,26,76,26.7,21.4
2026-06-07T23:10:00+05:30,2026-06-07 23:10:00,0,0,21.9,55,0,1.3,4.1,4.1,18,560.8,0,0,26,76,26.7,21.4
2026-06-07T23:05:00+05:30,2026-06-07 23:05:00,0.3,5.5,21.9,49,0,1.3,4.1,4.1,18,560.8,0,0,26,76,26.7,21.4
2026-06-07T23:00:00+05:30,2026-06-07 23:00:00,1.8,5.5,21.9,56,0,1.3,4.1,4.1,18,560.8,0,0,26,76,26.7,21.4
2026-06-07T22:55:00+05:30,2026-06-07 22:55:00,2.1,9.3,21.9,56,0,1.3,4.1,4.1,18,560.8,0,0,26.1,76,26.8,21.6
2026-06-07T22:50:00+05:30,2026-06-07 22:50:00,2.1,7.2,21.9,76,0,1.3,4.1,4.1,18,560.8,0,0,26.1,76,26.8,21.6
2026-06-07T22:45:00+05:30,2026-06-07 22:45:00,0.3,11.1,21.9,54,0,1.3,4.1,4.1,18,560.8,0,0,26.1,76,26.8,21.6
2026-06-07T22:40:00+05:30,2026-06-07 22:40:00,0,3.5,21.9,81,0,1.3,4.1,4.1,18,560.8,0,0,26.1,76,26.8,21.6
2026-06-07T22:35:00+05:30,2026-06-07 22:35:00,0,3.5,21.9,48,0,1.3,4.1,4.1,18,560.8,0,0,26.1,76,26.8,21.6
2026-06-07T22:30:00+05:30,2026-06-07 22:30:00,5.8,11.1,21.9,65,0,1.3,4.1,4.1,18,560.8,0,0,26.1,76,26.8,21.6
2026-06-07T22:25:00+05:30,2026-06-07 22:25:00,2.9,3.5,21.9,80,0,1.3,4.1,4.1,18,560.8,0,0,26.2,76,26.9,21.7
2026-06-07T22:20:00+05:30,2026-06-07 22:20:00,0,0,21.9,47,0,1.3,4.1,4.1,18,560.8,0,0,26.2,76,26.9,21.7
2026-06-07T22:15:00+05:30,2026-06-07 22:15:00,2.6,11.1,21.9,91,0,1.3,4.1,4.1,18,560.8,0,0,26.2,76,26.9,21.7
2026-06-07T22:11:00+05:30,2026-06-07 22:11:00,2.1,9.3,21.9,60,0,1.3,4.1,4.1,18,560.8,0,0,26.2,76,26.9,21.7
2026-06-07T22:05:00+05:30,2026-06-07 22:05:00,0,7.2,21.9,55,0,1.3,4.1,4.1,18,560.8,0,0,26.2,76,26.9,21.7
2026-06-07T22:00:00+05:30,2026-06-07 22:00:00,2.1,7.2,21.9,86,0,1.3,4.1,4.1,18,560.8,0,0,26.2,76,26.9,21.7
2026-06-07T21:55:00+05:30,2026-06-07 21:55:00,0.3,11.1,21.9,63,0,1.3,4.1,4.1,18,560.8,0,0,26.3,76,26.9,21.7
2026-06-07T21:50:00+05:30,2026-06-07 21:50:00,4.7,7.2,21.9,45,0,1.3,4.1,4.1,18,560.8,0,0,26.3,76,26.9,21.7
2026-06-07T21:45:00+05:30,2026-06-07 21:45:00,0,5.5,21.9,57,0,1.3,4.1,4.1,18,560.8,0,0,26.3,76,26.9,21.7
2026-06-07T21:40:00+05:30,2026-06-07 21:40:00,4,5.5,21.9,72,0,1.3,4.1,4.1,18,560.8,0,0,26.3,76,26.9,21.7
2026-06-07T21:35:00+05:30,2026-06-07 21:35:00,3.5,11.1,21.9,48,0,1.3,4.1,4.1,18,560.8,0,0,26.3,76,26.9,21.7
2026-06-07T21:30:00+05:30,2026-06-07 21:30:00,1.4,5.5,21.9,67,0,1.3,4.1,4.1,18,560.8,0,0,26.3,76,26.9,21.7
2026-06-07T21:25:00+05:30,2026-06-07 21:25:00,0,3.5,21.9,86,0,1.3,4.1,4.1,18,560.8,0,0,26.3,76,26.9,21.7
2026-06-07T21:20:00+05:30,2026-06-07 21:20:00,0,0,21.9,70,0,1.3,4.1,4.1,18,560.8,0,0,26.3,76,26.9,21.7
2026-06-07T21:15:00+05:30,2026-06-07 21:15:00,0,0,21.9,58,0,1.3,4.1,4.1,18,560.8,0,0,26.3,76,26.9,21.7
2026-06-07T21:10:00+05:30,2026-06-07 21:10:00,0,0,21.9,46,0,1.3,4.1,4.1,18,560.8,0,0,26.4,76,27.1,21.8
2026-06-07T21:06:00+05:30,2026-06-07 21:06:00,4.7,5.5,21.9,67,0,1.3,4.1,4.1,18,560.8,0,0,26.3,76,26.9,21.7
2026-06-07T21:00:00+05:30,2026-06-07 21:00:00,0,0,21.9,56,0,1.3,4.1,4.1,18,560.8,0,0,26.4,76,27.1,21.8
2026-06-07T20:55:00+05:30,2026-06-07 20:55:00,3.5,7.2,21.9,46,0,1.3,4.1,4.1,18,560.8,0,0,26.4,76,27.1,21.8
2026-06-07T20:50:00+05:30,2026-06-07 20:50:00,1.4,9.3,21.9,70,0,1.3,4.1,4.1,18,560.8,0,0,26.4,76,27.1,21.8
2026-06-07T20:45:00+05:30,2026-06-07 20:45:00,0,5.5,21.9,51,0,1.3,4.1,4.1,18,560.8,0,0,26.4,76,27.1,21.8
2026-06-07T20:40:00+05:30,2026-06-07 20:40:00,1.1,9.3,21.9,67,0,1.3,4.1,4.1,18,560.8,0,0,26.4,76,27.1,21.8
2026-06-07T20:35:00+05:30,2026-06-07 20:35:00,0,1.8,21.9,58,0,1.3,4.1,4.1,18,560.8,0,0,26.4,76,27.1,21.8
2026-06-07T20:30:00+05:30,2026-06-07 20:30:00,3.5,7.2,21.9,48,0,1.3,4.1,4.1,18,560.8,0,0,26.5,76,27.2,21.9
2026-06-07T20:25:00+05:30,2026-06-07 20:25:00,3.2,9.3,21.9,48,0,1.3,4.1,4.1,18,560.8,0,0,26.5,76,27.2,21.9
2026-06-07T20:20:00+05:30,2026-06-07 20:20:00,1.1,7.2,21.9,63,0,1.3,4.1,4.1,18,560.8,0,0,26.5,76,27.2,21.9
2026-06-07T20:15:00+05:30,2026-06-07 20:15:00,0,7.2,21.9,46,0,1.3,4.1,4.1,18,560.8,0,0,26.5,76,27.2,21.9
2026-06-07T20:10:00+05:30,2026-06-07 20:10:00,3.2,5.5,21.9,62,0,1.3,4.1,4.1,18,560.8,0,0,26.5,76,27.2,21.9
2026-06-07T20:05:00+05:30,2026-06-07 20:05:00,4,11.1,21.9,48,0,1.3,4.1,4.1,18,560.8,0,0,26.5,76,27.2,21.9
2026-06-07T20:01:00+05:30,2026-06-07 20:01:00,1.8,3.5,21.9,60,0,1.3,4.1,4.1,18,560.8,0,0,26.5,76,27.2,21.9
2026-06-07T19:55:00+05:30,2026-06-07 19:55:00,2.9,5.5,21.9,54,0,1.3,4.1,4.1,18,560.8,0,0,26.6,76,27.3,22
2026-06-07T19:50:00+05:30,2026-06-07 19:50:00,4.3,7.2,21.9,54,0,1.3,4.1,4.1,18,560.8,0,0,26.6,76,27.3,22
2026-06-07T19:45:00+05:30,2026-06-07 19:45:00,2.1,5.5,21.9,57,0,1.3,4.1,4.1,18,560.8,0,0,26.6,76,27.3,22
2026-06-07T19:40:00+05:30,2026-06-07 19:40:00,3.5,7.2,21.9,45,0,1.3,4.1,4.1,18,560.8,0,0,26.6,76,27.3,22
2026-06-07T19:35:00+05:30,2026-06-07 19:35:00,3.5,7.2,21.9,48,0,1.3,4.1,4.1,18,560.8,0,0,26.6,76,27.3,22
2026-06-07T19:30:00+05:30,2026-06-07 19:30:00,1.4,5.5,21.9,55,0,1.3,4.1,4.1,18,560.8,0,0,26.6,76,27.3,22
2026-06-07T19:25:00+05:30,2026-06-07 19:25:00,4.7,7.2,21.9,76,0,1.3,4.1,4.1,18,560.8,0,0,26.6,76,27.3,22
2026-06-07T19:20:00+05:30,2026-06-07 19:20:00,6.4,9.3,21.9,111,0,1.3,4.1,4.1,18,560.8,0,0,26.6,76,27.3,22
2026-06-07T19:15:00+05:30,2026-06-07 19:15:00,4.3,7.2,21.9,63,0,1.3,4.1,4.1,18,560.8,0,0,26.7,76,28.8,22.1
2026-06-07T19:10:00+05:30,2026-06-07 19:10:00,1.8,13,21.9,74,0,1.3,4.1,4.1,18,560.8,0,0,26.7,76,28.8,22.1
2026-06-07T19:05:00+05:30,2026-06-07 19:05:00,1.4,7.2,21.9,58,0,1.3,4.1,4.1,18,560.8,0,0,26.7,76,28.8,22.1
2026-06-07T19:00:00+05:30,2026-06-07 19:00:00,1.1,11.1,21.9,54,0,1.3,4.1,4.1,18,560.8,0,0,26.7,76,28.8,22.1
2026-06-07T18:55:00+05:30,2026-06-07 18:55:00,3.5,11.1,21.9,57,0,1.3,4.1,4.1,18,560.8,0,0,26.7,76,28.8,22.1
2026-06-07T18:50:00+05:30,2026-06-07 18:50:00,13.7,16.6,21.9,59,0,1.3,4.1,4.1,18,560.8,0,0,26.8,76,28.9,22.2
2026-06-07T18:45:00+05:30,2026-06-07 18:45:00,5.5,11.1,21.9,64,0,1.3,4.1,4.1,18,560.8,0,0,26.9,77,29.2,22.5
2026-06-07T18:41:00+05:30,2026-06-07 18:41:00,2.6,11.1,21.9,49,0,1.3,4.1,4.1,18,560.8,0,0,26.9,77,29.2,22.5
2026-06-07T18:35:00+05:30,2026-06-07 18:35:00,10.5,13,21.9,87,0,1.3,4.1,4.1,18,560.8,0,0.1,27,77,29.4,22.6
2026-06-07T18:30:00+05:30,2026-06-07 18:30:00,3.5,9.3,21.9,70,0,1.3,4.1,4.1,18,560.8,0,0.2,27.1,77,29.7,22.7
2026-06-07T18:25:00+05:30,2026-06-07 18:25:00,4.7,7.2,21.9,49,0,1.3,4.1,4.1,18,560.8,0,0.8,27.2,77,29.9,22.8
2026-06-07T18:20:00+05:30,2026-06-07 18:20:00,6.1,16.6,21.9,91,0,1.3,4.1,4.1,18,560.8,0,1,27.2,77,29.9,22.8
2026-06-07T18:15:00+05:30,2026-06-07 18:15:00,4.7,13,16.6,56,0,1.3,4.1,4.1,18,560.8,0,2.4,27.3,77,30.1,22.9
2026-06-07T18:10:00+05:30,2026-06-07 18:10:00,6.4,14.8,14.8,60,0,1.3,4.1,4.1,18,560.8,0,1.7,27.4,77,30.3,23
2026-06-07T18:05:00+05:30,2026-06-07 18:05:00,5,11.1,14.8,48,0,1.3,4.1,4.1,18,560.8,0,3.7,27.4,77,30.3,23
2026-06-07T18:00:00+05:30,2026-06-07 18:00:00,5.8,11.1,14.8,89,0,1.3,4.1,4.1,18,560.8,0,5.1,27.5,77,30.5,23.1
2026-06-07T17:55:00+05:30,2026-06-07 17:55:00,4.7,9.3,14.8,70,0,1.3,4.1,4.1,18,560.8,0,5.5,27.5,77,30.5,23.1
2026-06-07T17:50:00+05:30,2026-06-07 17:50:00,4.7,9.3,14.8,37,0,1.3,4.1,4.1,18,560.8,0,7,27.6,77,30.8,23.2
2026-06-07T17:45:00+05:30,2026-06-07 17:45:00,1.4,5.5,14.8,65,0,1.3,4.1,4.1,18,560.8,0,14.8,27.6,77,30.8,23.2
2026-06-07T17:40:00+05:30,2026-06-07 17:40:00,3.2,5.5,14.8,46,0,1.3,4.1,4.1,18,560.8,0,16.1,27.7,77,31,23.3
2026-06-07T17:36:00+05:30,2026-06-07 17:36:00,1.8,3.5,14.8,54,0,1.3,4.1,4.1,18,560.8,0,18.7,27.7,77,31,23.3
2026-06-07T17:30:00+05:30,2026-06-07 17:30:00,1.8,3.5,14.8,33,0,1.3,4.1,4.1,18,560.8,0,15.4,27.7,76,30.9,23.1
2026-06-07T17:25:00+05:30,2026-06-07 17:25:00,4,11.1,14.8,78,3,1.3,4.1,4.1,18,560.8,0,13.1,27.7,76,30.9,23.1
2026-06-07T17:20:00+05:30,2026-06-07 17:20:00,2.1,5.5,14.8,73,7.9,1.3,4.1,4.1,18,560.8,0,20.7,27.8,76,31,23.2
2026-06-07T17:15:00+05:30,2026-06-07 17:15:00,4,7.2,14.8,87,4.8,0.8,3.6,3.6,17.5,560.3,0,7.8,27.8,76,31,23.2
2026-06-07T17:10:00+05:30,2026-06-07 17:10:00,2.1,11.1,14.8,50,0,0,2.8,2.8,16.8,559.6,0,14.1,27.8,76,31,23.2
2026-06-07T17:06:00+05:30,2026-06-07 17:06:00,6.9,14.8,14.8,69,0,0,2.8,2.8,16.8,559.6,0,18.2,27.8,76,31,23.2
2026-06-07T08:55:00+05:30,2026-06-07 08:55:00,2.9,5.5,16.6,53,0,4.1,2.8,2.8,16.8,559.6,3,377.7,25.5,82,26.2,22.2
2026-06-07T08:50:00+05:30,2026-06-07 08:50:00,3.5,7.2,16.6,49,0,4.1,2.8,2.8,16.8,559.6,2,217.8,25.5,82,26.2,22.2
2026-06-07T08:45:00+05:30,2026-06-07 08:45:00,7.9,11.1,16.6,78,0,4.1,2.8,2.8,16.8,559.6,1,122.3,25.5,82,26.2,22.2
2026-06-07T08:40:00+05:30,2026-06-07 08:40:00,8.2,11.1,16.6,92,0,4.1,2.8,2.8,16.8,559.6,0,58.1,25.5,82,26.2,22.2
2026-06-07T08:35:00+05:30,2026-06-07 08:35:00,1.4,11.1,16.6,48,0,4.1,2.8,2.8,16.8,559.6,0,81.8,25.5,82,26.2,22.2
2026-06-07T08:31:00+05:30,2026-06-07 08:31:00,3.2,14.8,16.6,49,0,4.1,2.8,2.8,16.8,559.6,2,226.5,25.5,82,26.2,22.2
2026-06-07T08:25:00+05:30,2026-06-07 08:25:00,7.2,11.1,16.6,76,0,4.1,2.8,2.8,16.8,559.6,2,216.4,25.5,82,26.2,22.2
2026-06-07T08:20:00+05:30,2026-06-07 08:20:00,4,7.2,16.6,48,0,4.1,2.8,2.8,16.8,559.6,1,143,25.4,82,26.1,22.1
2026-06-07T08:15:00+05:30,2026-06-07 08:15:00,5,9.3,16.6,71,0,4.1,2.8,2.8,16.8,559.6,1,126.3,25.4,81,26.1,21.9
2026-06-07T08:10:00+05:30,2026-06-07 08:10:00,2.1,5.5,16.6,42,0,4.1,2.8,2.8,16.8,559.6,1,108.6,25.4,81,26.1,21.9
2026-06-07T08:05:00+05:30,2026-06-07 08:05:00,2.9,7.2,16.6,56,0,4.1,2.8,2.8,16.8,559.6,1,163,25.4,81,26.1,21.9
2026-06-07T08:00:00+05:30,2026-06-07 08:00:00,4.7,5.5,16.6,77,0,4.1,2.8,2.8,16.8,559.6,1,150.4,25.4,81,26.1,21.9
2026-06-07T07:55:00+05:30,2026-06-07 07:55:00,2.6,7.2,16.6,60,0,4.1,2.8,2.8,16.8,559.6,1,142.5,25.4,81,26.1,21.9
2026-06-07T07:50:00+05:30,2026-06-07 07:50:00,3.5,7.2,16.6,72,1.8,4.1,2.8,2.8,16.8,559.6,1,109.5,25.4,81,26.1,21.9
2026-06-07T07:45:00+05:30,2026-06-07 07:45:00,3.2,5.5,16.6,72,1.8,4.1,2.8,2.8,16.8,559.6,0,100.9,25.4,81,26.1,21.9
2026-06-07T07:40:00+05:30,2026-06-07 07:40:00,5,7.2,16.6,82,0,3.8,2.5,2.5,16.5,559.3,0,80.3,25.4,81,26.1,21.9
2026-06-07T07:35:00+05:30,2026-06-07 07:35:00,5,5.5,16.6,67,0,3.8,2.5,2.5,16.5,559.3,0,46.3,25.4,81,26.1,21.9
2026-06-07T07:30:00+05:30,2026-06-07 07:30:00,3.5,9.3,16.6,67,0,3.8,2.5,2.5,16.5,559.3,0,63.6,25.4,81,26.1,21.9
2026-06-07T07:26:00+05:30,2026-06-07 07:26:00,2.1,5.5,16.6,51,0,3.8,2.5,2.5,16.5,559.3,0,58.1,25.4,80,26.1,21.7
2026-06-07T07:20:00+05:30,2026-06-07 07:20:00,3.2,5.5,16.6,51,0,3.8,2.5,2.5,16.5,559.3,0,44.4,25.5,80,26.2,21.8
2026-06-07T07:15:00+05:30,2026-06-07 07:15:00,2.6,9.3,16.6,67,0,3.8,2.5,2.5,16.5,559.3,0,50.7,25.5,80,26.2,21.8
2026-06-07T07:10:00+05:30,2026-06-07 07:10:00,2.9,9.3,16.6,49,0,3.8,2.5,2.5,16.5,559.3,0,47.3,25.5,80,26.2,21.8
2026-06-07T07:05:00+05:30,2026-06-07 07:05:00,0.6,3.5,16.6,46,0,3.8,2.5,2.5,16.5,559.3,0,43.3,25.4,80,26.1,21.7
2026-06-07T07:00:00+05:30,2026-06-07 07:00:00,2.1,5.5,16.6,40,0,3.8,2.5,2.5,16.5,559.3,0,22.8,25.4,80,26.1,21.7
2026-06-07T06:55:00+05:30,2026-06-07 06:55:00,2.9,11.1,16.6,63,0,3.8,2.5,2.5,16.5,559.3,0,16.1,25.5,80,26.2,21.8
2026-06-07T06:50:00+05:30,2026-06-07 06:50:00,2.1,5.5,16.6,43,0,3.8,2.5,2.5,16.5,559.3,0,12.8,25.5,80,26.2,21.8
2026-06-07T06:45:00+05:30,2026-06-07 06:45:00,4,5.5,16.6,31,0,3.8,2.5,2.5,16.5,559.3,0,11.3,25.5,80,26.2,21.8
2026-06-07T06:40:00+05:30,2026-06-07 06:40:00,0,0,16.6,23,0,3.8,2.5,2.5,16.5,559.3,0,13,25.5,80,26.2,21.8
2026-06-07T06:35:00+05:30,2026-06-07 06:35:00,1.4,3.5,16.6,22,0,3.8,2.5,2.5,16.5,559.3,0,10.1,25.5,80,26.2,21.8
2026-06-07T06:30:00+05:30,2026-06-07 06:30:00,5.5,7.2,16.6,19,0,3.8,2.5,2.5,16.5,559.3,0,10.1,25.5,80,26.2,21.8
2026-06-07T06:25:00+05:30,2026-06-07 06:25:00,4.3,9.3,16.6,19,0,3.8,2.5,2.5,16.5,559.3,0,11,25.5,80,26.2,21.8
2026-06-07T06:21:00+05:30,2026-06-07 06:21:00,2.1,13,16.6,18,0,3.8,2.5,2.5,16.5,559.3,0,9.5,25.5,80,26.2,21.8
2026-06-07T06:15:00+05:30,2026-06-07 06:15:00,4,11.1,16.6,18,0,3.8,2.5,2.5,16.5,559.3,0,8.9,25.5,80,26.2,21.8
2026-06-07T06:10:00+05:30,2026-06-07 06:10:00,4,9.3,16.6,19,0,3.8,2.5,2.5,16.5,559.3,0,4.7,25.5,80,26.2,21.8
2026-06-07T06:05:00+05:30,2026-06-07 06:05:00,2.1,7.2,16.6,19,0,3.8,2.5,2.5,16.5,559.3,0,3.1,25.5,80,26.2,21.8
2026-06-07T06:00:00+05:30,2026-06-07 06:00:00,2.1,7.2,16.6,18,0,3.8,2.5,2.5,16.5,559.3,0,1.6,25.5,80,26.2,21.8
2026-06-07T05:55:00+05:30,2026-06-07 05:55:00,4.7,11.1,16.6,19,0,3.8,2.5,2.5,16.5,559.3,0,1.6,25.5,80,26.2,21.8
2026-06-07T05:50:00+05:30,2026-06-07 05:50:00,1.1,7.2,16.6,19,0,3.8,2.5,2.5,16.5,559.3,0,1.1,25.5,80,26.2,21.8
2026-06-07T05:45:00+05:30,2026-06-07 05:45:00,6.1,11.1,16.6,19,0,3.8,2.5,2.5,16.5,559.3,0,0.5,25.6,80,26.3,21.9
2026-06-07T05:40:00+05:30,2026-06-07 05:40:00,4.3,5.5,16.6,20,0,3.8,2.5,2.5,16.5,559.3,0,0.1,25.5,80,26.2,21.8
2026-06-07T05:35:00+05:30,2026-06-07 05:35:00,2.1,5.5,16.6,27,0,3.8,2.5,2.5,16.5,559.3,0,0,25.5,80,26.2,21.8
2026-06-07T05:30:00+05:30,2026-06-07 05:30:00,2.9,7.2,16.6,28,0,3.8,2.5,2.5,16.5,559.3,0,0,25.6,81,26.3,22.1
2026-06-07T05:25:00+05:30,2026-06-07 05:25:00,1.8,7.2,16.6,22,0,3.8,2.5,2.5,16.5,559.3,0,0,25.6,80,26.3,21.9
2026-06-07T05:20:00+05:30,2026-06-07 05:20:00,2.6,5.5,16.6,36,0,3.8,2.5,2.5,16.5,559.3,0,0,25.5,81,26.2,22
2026-06-07T05:15:00+05:30,2026-06-07 05:15:00,5.8,9.3,16.6,31,0,3.8,2.5,2.5,16.5,559.3,0,0,25.5,81,26.2,22
2026-06-07T05:10:00+05:30,2026-06-07 05:10:00,4,11.1,16.6,26,1.3,3.8,2.5,2.5,16.5,559.3,0,0,25.6,81,26.3,22.1
2026-06-07T05:05:00+05:30,2026-06-07 05:05:00,3.5,7.2,16.6,41,1.3,3.8,2.5,2.5,16.5,559.3,0,0,25.5,80,26.2,21.8
2026-06-07T05:00:00+05:30,2026-06-07 05:00:00,2.9,7.2,16.6,35,0,3.6,2.3,2.3,16.3,559.1,0,0,25.6,81,26.3,22.1
2026-06-07T04:55:00+05:30,2026-06-07 04:55:00,1.4,11.1,16.6,34,0,3.6,2.3,2.3,16.3,559.1,0,0,25.6,80,26.3,21.9
2026-06-07T04:50:00+05:30,2026-06-07 04:50:00,0.3,13,16.6,46,0,3.6,2.3,2.3,16.3,559.1,0,0,25.6,80,26.3,21.9
2026-06-07T04:45:00+05:30,2026-06-07 04:45:00,4.3,9.3,16.6,42,0,3.6,2.3,2.3,16.3,559.1,0,0,25.6,80,26.3,21.9
2026-06-07T04:40:00+05:30,2026-06-07 04:40:00,4,9.3,16.6,86,0,3.6,2.3,2.3,16.3,559.1,0,0,25.6,80,26.3,21.9
2026-06-07T04:35:00+05:30,2026-06-07 04:35:00,5.8,13,16.6,52,1.8,3.6,2.3,2.3,16.3,559.1,0,0,25.6,80,26.3,21.9
2026-06-07T04:30:00+05:30,2026-06-07 04:30:00,4,14.8,16.6,56,1.8,3.6,2.3,2.3,16.3,559.1,0,0,25.6,80,26.3,21.9
2026-06-07T04:25:00+05:30,2026-06-07 04:25:00,1.8,9.3,16.6,50,0,3.3,2,2,16,558.8,0,0,25.6,80,26.3,21.9
2026-06-07T04:20:00+05:30,2026-06-07 04:20:00,6.1,9.3,16.6,38,0,3.3,2,2,16,558.8,0,0,25.6,80,26.3,21.9
2026-06-07T04:15:00+05:30,2026-06-07 04:15:00,3.5,11.1,16.6,60,0,3.3,2,2,16,558.8,0,0,25.7,80,26.4,22
2026-06-07T04:10:00+05:30,2026-06-07 04:10:00,7.6,11.1,16.6,74,0,3.3,2,2,16,558.8,0,0,25.7,80,26.4,22
2026-06-07T04:05:00+05:30,2026-06-07 04:05:00,7.2,14.8,16.6,85,0,3.3,2,2,16,558.8,0,0,25.8,80,26.5,22.1
2026-06-07T04:00:00+05:30,2026-06-07 04:00:00,6.9,13,16.6,85,0,3.3,2,2,16,558.8,0,0,25.8,80,26.5,22.1
2026-06-07T03:56:00+05:30,2026-06-07 03:56:00,6.1,11.1,16.6,66,0,3.3,2,2,16,558.8,0,0,25.8,80,26.5,22.1
2026-06-07T03:50:00+05:30,2026-06-07 03:50:00,7.9,11.1,16.6,78,0,3.3,2,2,16,558.8,0,0,25.8,80,26.5,22.1
2026-06-07T03:45:00+05:30,2026-06-07 03:45:00,11.9,16.6,16.6,125,1.8,3.3,2,2,16,558.8,0,0,25.8,80,26.5,22.1
2026-06-07T03:40:00+05:30,2026-06-07 03:40:00,1.8,3.5,14.8,47,1.8,3.3,2,2,16,558.8,0,0,25.8,80,26.5,22.1
2026-06-07T03:35:00+05:30,2026-06-07 03:35:00,2.1,3.5,14.8,53,0,3,1.8,1.8,15.7,558.3,0,0,25.8,80,26.5,22.1
2026-06-07T03:30:00+05:30,2026-06-07 03:30:00,2.1,3.5,14.8,73,0,3,1.8,1.8,15.7,558.3,0,0,25.8,79,26.5,21.8
2026-06-07T03:25:00+05:30,2026-06-07 03:25:00,3.5,11.1,14.8,50,0,3,1.8,1.8,15.7,558.3,0,0,25.8,79,26.5,21.8
2026-06-07T03:20:00+05:30,2026-06-07 03:20:00,2.1,13,14.8,62,0,3,1.8,1.8,15.7,558.3,0,0,25.9,79,26.6,21.9
2026-06-07T03:15:00+05:30,2026-06-07 03:15:00,2.1,13,14.8,61,0,3,1.8,1.8,15.7,558.3,0,0,25.9,79,26.6,21.9
2026-06-07T03:10:00+05:30,2026-06-07 03:10:00,1.4,3.5,14.8,62,0,3,1.8,1.8,15.7,558.3,0,0,25.9,79,26.6,21.9
2026-06-07T03:05:00+05:30,2026-06-07 03:05:00,5,7.2,14.8,66,0,3,1.8,1.8,15.7,558.3,0,0,25.9,79,26.6,21.9
2026-06-07T03:00:00+05:30,2026-06-07 03:00:00,3.5,7.2,14.8,66,0,3,1.8,1.8,15.7,558.3,0,0,25.9,79,26.6,21.9
2026-06-07T02:55:00+05:30,2026-06-07 02:55:00,2.1,9.3,14.8,64,0,3,1.8,1.8,15.7,558.3,0,0,25.9,79,26.6,21.9
2026-06-07T02:51:00+05:30,2026-06-07 02:51:00,1.4,7.2,14.8,65,0,3,1.8,1.8,15.7,558.3,0,0,25.9,79,26.6,21.9
2026-06-07T02:45:00+05:30,2026-06-07 02:45:00,2.9,3.5,14.8,60,0,3,1.8,1.8,15.7,558.3,0,0,25.9,79,26.6,21.9
2026-06-07T02:40:00+05:30,2026-06-07 02:40:00,1.8,5.5,14.8,52,0,3,1.8,1.8,15.7,558.3,0,0,25.9,79,26.6,21.9
2026-06-07T02:35:00+05:30,2026-06-07 02:35:00,2.1,3.5,14.8,46,0,3,1.8,1.8,15.7,558.3,0,0,25.9,79,26.6,21.9
2026-06-07T02:30:00+05:30,2026-06-07 02:30:00,2.1,14.8,14.8,92,0,3,1.8,1.8,15.7,558.3,0,0,25.9,79,26.6,21.9
2026-06-07T02:25:00+05:30,2026-06-07 02:25:00,7.2,9.3,14.8,54,0,3,1.8,1.8,15.7,558.3,0,0,26,79,26.7,22.1
2026-06-07T02:20:00+05:30,2026-06-07 02:20:00,3.5,5.5,14.8,62,0,3,1.8,1.8,15.7,558.3,0,0,26,79,26.7,22.1
2026-06-07T02:15:00+05:30,2026-06-07 02:15:00,6.1,9.3,14.8,78,0,3,1.8,1.8,15.7,558.3,0,0,26,79,26.7,22.1
2026-06-07T02:10:00+05:30,2026-06-07 02:10:00,1.8,5.5,14.8,70,0,3,1.8,1.8,15.7,558.3,0,0,26.1,79,26.8,22.2
2026-06-07T02:05:00+05:30,2026-06-07 02:05:00,6.1,7.2,14.8,81,0,3,1.8,1.8,15.7,558.3,0,0,26.1,79,26.8,22.2
2026-06-07T02:00:00+05:30,2026-06-07 02:00:00,4,7.2,14.8,54,0,3,1.8,1.8,15.7,558.3,0,0,26.1,79,26.8,22.2
2026-06-07T01:55:00+05:30,2026-06-07 01:55:00,3.5,5.5,14.8,64,0,3,1.8,1.8,15.7,558.3,0,0,26.1,78,26.8,21.9
2026-06-07T01:50:00+05:30,2026-06-07 01:50:00,1.8,5.5,14.8,63,0,3,1.8,1.8,15.7,558.3,0,0,26.1,78,26.8,21.9
2026-06-07T01:46:00+05:30,2026-06-07 01:46:00,3.2,5.5,14.8,79,0,3,1.8,1.8,15.7,558.3,0,0,26.1,78,26.8,21.9
2026-06-07T01:40:00+05:30,2026-06-07 01:40:00,0.6,9.3,14.8,53,0,3,1.8,1.8,15.7,558.3,0,0,26.1,78,26.8,21.9
2026-06-07T01:35:00+05:30,2026-06-07 01:35:00,2.1,5.5,14.8,79,0,3,1.8,1.8,15.7,558.3,0,0,26.2,78,26.9,22.1
2026-06-07T01:30:00+05:30,2026-06-07 01:30:00,1.4,7.2,14.8,47,0,3,1.8,1.8,15.7,558.3,0,0,26.2,78,26.9,22.1
2026-06-07T01:25:00+05:30,2026-06-07 01:25:00,10.5,13,14.8,79,1.3,3,1.8,1.8,15.7,558.3,0,0,26.2,78,26.9,22.1
2026-06-07T01:20:00+05:30,2026-06-07 01:20:00,8.7,14.8,14.8,70,0,2.8,1.5,1.5,15.5,558.3,0,0,26.3,78,27,22.1
2026-06-07T01:15:00+05:30,2026-06-07 01:15:00,1.4,5.5,13,60,3,2.8,1.5,1.5,15.5,558.3,0,0,26.3,78,27,22.1
2026-06-07T01:10:00+05:30,2026-06-07 01:10:00,4.7,9.3,13,47,4.8,2.8,1.5,1.5,15.5,558.3,0,0,26.3,78,27,22.1
2026-06-07T01:05:00+05:30,2026-06-07 01:05:00,2.6,5.5,13,31,4.8,2.3,1,1,15,557.8,0,0,26.3,78,27,22.1
2026-06-07T01:00:00+05:30,2026-06-07 01:00:00,0.6,3.5,13,33,1.8,1.8,0.5,0.5,14.5,557.3,0,0,26.3,78,27,22.1
2026-06-07T00:55:00+05:30,2026-06-07 00:55:00,7.2,13,13,70,0,1.5,0.3,0.3,14.2,557,0,0,26.4,78,27.1,22.2
2026-06-07T00:50:00+05:30,2026-06-07 00:50:00,4,7.2,11.1,67,0,1.5,0.3,0.3,14.2,557,0,0,26.4,77,27.1,22
2026-06-07T00:45:00+05:30,2026-06-07 00:45:00,3.2,9.3,9.3,28,0,1.5,0.3,0.3,14.2,557,0,0,26.4,77,27.1,22
2026-06-07T00:40:00+05:30,2026-06-07 00:40:00,4,5.5,9.3,56,0,1.5,0.3,0.3,14.2,557,0,0,26.5,77,27.2,22.1
2026-06-07T00:35:00+05:30,2026-06-07 00:35:00,5.5,9.3,9.3,54,0,1.5,0.3,0.3,14.2,557,0,0,26.5,77,27.2,22.1
2026-06-07T00:30:00+05:30,2026-06-07 00:30:00,4,9.3,9.3,97,0,1.5,0.3,0.3,14.2,557,0,0,26.5,77,27.2,22.1
2026-06-07T00:26:00+05:30,2026-06-07 00:26:00,5.5,9.3,9.3,42,0,1.5,0.3,0.3,14.2,557,0,0,26.5,77,27.2,22.1
2026-06-07T00:20:00+05:30,2026-06-07 00:20:00,0,3.5,7.2,63,0,1.5,0.3,0.3,14.2,557,0,0,26.5,77,27.2,22.1
2026-06-07T00:15:00+05:30,2026-06-07 00:15:00,2.1,5.5,7.2,54,0,1.5,0.3,0.3,14.2,557,0,0,26.5,77,27.2,22.1
2026-06-07T00:10:00+05:30,2026-06-07 00:10:00,0,0,5.5,63,0,1.5,0.3,0.3,14.2,557,0,0,26.5,77,27.2,22.1
2026-06-07T00:05:00+05:30,2026-06-07 00:05:00,3.5,5.5,5.5,46,1.3,1.5,0.3,0.3,14.2,557,0,0,26.5,77,27.2,22.1
2026-06-07T00:00:00+05:30,2026-06-07 00:00:00,0.6,5.5,1.8,63,1.8,1.3,0,0,14,556.8,0,0,26.5,77,27.2,22.1
2026-06-06T23:55:00+05:30,2026-06-06 23:55:00,1.8,3.5,25.6,67,4.8,1.3,1.8,14,14,556.8,0,0,26.6,77,27.3,22.2
2026-06-06T23:50:00+05:30,2026-06-06 23:50:00,0.3,5.5,25.6,51,6.1,1,1.5,13.7,13.7,556.5,0,0,26.6,77,27.3,22.2
2026-06-06T23:45:00+05:30,2026-06-06 23:45:00,4,11.1,25.6,34,3,0.5,1,13.2,13.2,556,0,0,26.7,76,28.8,22.1
2026-06-06T23:40:00+05:30,2026-06-06 23:40:00,3.5,9.3,25.6,70,0,0,0.5,12.7,12.7,555.5,0,0,26.7,76,28.8,22.1
2026-06-06T23:35:00+05:30,2026-06-06 23:35:00,5.8,9.3,25.6,48,0,0,0.5,12.7,12.7,555.5,0,0,26.7,76,28.8,22.1
2026-06-06T23:30:00+05:30,2026-06-06 23:30:00,3.2,5.5,25.6,56,0,0,0.5,12.7,12.7,555.5,0,0,26.8,76,28.9,22.2
2026-06-06T23:25:00+05:30,2026-06-06 23:25:00,4.3,7.2,25.6,63,0,0,0.5,12.7,12.7,555.5,0,0,26.8,76,28.9,22.2
2026-06-06T23:21:00+05:30,2026-06-06 23:21:00,2.9,5.5,25.6,51,0,0,0.5,12.7,12.7,555.5,0,0,26.8,76,28.9,22.2
2026-06-06T23:15:00+05:30,2026-06-06 23:15:00,1.8,7.2,25.6,53,0,0,0.5,12.7,12.7,555.5,0,0,26.8,76,28.9,22.2
2026-06-06T23:10:00+05:30,2026-06-06 23:10:00,1.1,5.5,25.6,68,0,0,0.5,12.7,12.7,555.5,0,0,26.8,76,28.9,22.2
2026-06-06T23:05:00+05:30,2026-06-06 23:05:00,6.1,7.2,25.6,69,0,0,0.5,12.7,12.7,555.5,0,0,26.8,76,28.9,22.2
2026-06-06T23:00:00+05:30,2026-06-06 23:00:00,1.8,5.5,25.6,58,0,0,0.5,12.7,12.7,555.5,0,0,26.8,76,28.9,22.2
2026-06-06T22:55:00+05:30,2026-06-06 22:55:00,2.9,3.5,25.6,52,0,0,0.5,12.7,12.7,555.5,0,0,26.9,76,29.2,22.3
2026-06-06T22:50:00+05:30,2026-06-06 22:50:00,1.4,3.5,25.6,52,0,0,0.5,12.7,12.7,555.5,0,0,26.9,76,29.2,22.3
2026-06-06T22:45:00+05:30,2026-06-06 22:45:00,0,3.5,25.6,53,0,0,0.5,12.7,12.7,555.5,0,0,26.8,76,28.9,22.2
2026-06-06T22:40:00+05:30,2026-06-06 22:40:00,0,1.8,25.6,51,0,0,0.5,12.7,12.7,555.5,0,0,26.9,76,29.2,22.3
2026-06-06T22:35:00+05:30,2026-06-06 22:35:00,0,0,25.6,51,0,0,0.5,12.7,12.7,555.5,0,0,26.9,76,29.2,22.3
2026-06-06T22:30:00+05:30,2026-06-06 22:30:00,0.3,3.5,25.6,57,0,0,0.5,12.7,12.7,555.5,0,0,26.9,76,29.2,22.3
2026-06-06T22:25:00+05:30,2026-06-06 22:25:00,0,1.8,25.6,51,0,0,0.5,12.7,12.7,555.5,0,0,26.9,76,29.2,22.3
2026-06-06T22:20:00+05:30,2026-06-06 22:20:00,3.5,5.5,25.6,80,0,0,0.5,12.7,12.7,555.5,0,0,26.9,76,29.2,22.3
2026-06-06T22:16:00+05:30,2026-06-06 22:16:00,2.9,3.5,25.6,51,0,0,0.5,12.7,12.7,555.5,0,0,26.9,76,29.2,22.3
2026-06-06T22:10:00+05:30,2026-06-06 22:10:00,2.1,3.5,25.6,51,0,0,0.5,12.7,12.7,555.5,0,0,26.9,76,29.2,22.3
2026-06-06T22:05:00+05:30,2026-06-06 22:05:00,0.3,7.2,25.6,48,0,0,0.5,12.7,12.7,555.5,0,0,26.9,76,29.2,22.3
2026-06-06T22:00:00+05:30,2026-06-06 22:00:00,2.9,5.5,25.6,37,0,0,0.5,12.7,12.7,555.5,0,0,26.9,76,29.2,22.3
2026-06-06T21:55:00+05:30,2026-06-06 21:55:00,2.9,5.5,25.6,73,0,0,0.5,12.7,12.7,555.5,0,0,27,76,29.4,22.4
2026-06-06T21:50:00+05:30,2026-06-06 21:50:00,2.9,9.3,25.6,59,0,0,0.5,12.7,12.7,555.5,0,0,26.9,76,29.2,22.3
2026-06-06T21:45:00+05:30,2026-06-06 21:45:00,1.4,3.5,25.6,51,0,0,0.5,12.7,12.7,555.5,0,0,27,76,29.4,22.4
2026-06-06T21:40:00+05:30,2026-06-06 21:40:00,4.7,7.2,25.6,49,0,0,0.5,12.7,12.7,555.5,0,0,27,76,29.4,22.4
2026-06-06T21:35:00+05:30,2026-06-06 21:35:00,5.5,14.8,25.6,67,0,0,0.5,12.7,12.7,555.5,0,0,27,76,29.4,22.4
2026-06-06T21:30:00+05:30,2026-06-06 21:30:00,2.9,5.5,25.6,66,0,0.3,0.5,12.7,12.7,555.5,0,0,27,76,29.4,22.4
2026-06-06T21:25:00+05:30,2026-06-06 21:25:00,3.2,7.2,25.6,67,0,0.3,0.5,12.7,12.7,555.5,0,0,27,76,29.4,22.4
2026-06-06T21:20:00+05:30,2026-06-06 21:20:00,0,5.5,25.6,48,0,0.3,0.5,12.7,12.7,555.5,0,0,27.1,76,29.6,22.5
2026-06-06T21:15:00+05:30,2026-06-06 21:15:00,5.5,7.2,25.6,42,0,0.3,0.5,12.7,12.7,555.5,0,0,27.1,76,29.6,22.5
2026-06-06T21:10:00+05:30,2026-06-06 21:10:00,4,7.2,25.6,70,0,0.3,0.5,12.7,12.7,555.5,0,0,27.1,76,29.6,22.5
2026-06-06T21:05:00+05:30,2026-06-06 21:05:00,4,7.2,25.6,47,0,0.3,0.5,12.7,12.7,555.5,0,0,27.1,76,29.6,22.5
2026-06-06T21:00:00+05:30,2026-06-06 21:00:00,4.3,7.2,25.6,35,0,0.3,0.5,12.7,12.7,555.5,0,0,27.1,76,29.6,22.5
2026-06-06T20:55:00+05:30,2026-06-06 20:55:00,2.1,9.3,25.6,64,0,0.3,0.5,12.7,12.7,555.5,0,0,27.1,76,29.6,22.5
2026-06-06T20:50:00+05:30,2026-06-06 20:50:00,3.5,5.5,25.6,55,0,0.3,0.5,12.7,12.7,555.5,0,0,27.2,76,29.8,22.6
2026-06-06T20:45:00+05:30,2026-06-06 20:45:00,3.5,5.5,25.6,68,0,0.3,0.5,12.7,12.7,555.5,0,0,27.2,76,29.8,22.6
2026-06-06T20:40:00+05:30,2026-06-06 20:40:00,4.7,9.3,25.6,56,0,0.3,0.5,12.7,12.7,555.5,0,0,27.2,76,29.8,22.6
2026-06-06T20:35:00+05:30,2026-06-06 20:35:00,3.2,7.2,25.6,50,0,0.3,0.5,12.7,12.7,555.5,0,0,27.2,76,29.8,22.6
2026-06-06T20:30:00+05:30,2026-06-06 20:30:00,2.6,9.3,25.6,56,0,0.3,0.5,12.7,12.7,555.5,0,0,27.2,76,29.8,22.6
2026-06-06T20:25:00+05:30,2026-06-06 20:25:00,1.4,5.5,25.6,55,0,0.3,0.5,12.7,12.7,555.5,0,0,27.3,76,29.9,22.7
2026-06-06T20:20:00+05:30,2026-06-06 20:20:00,2.6,5.5,25.6,74,0,0.3,0.5,12.7,12.7,555.5,0,0,27.3,76,29.9,22.7
2026-06-06T20:15:00+05:30,2026-06-06 20:15:00,6.1,7.2,25.6,68,0,0.3,0.5,12.7,12.7,555.5,0,0,27.4,76,30.2,22.8
2026-06-06T20:10:00+05:30,2026-06-06 20:10:00,7.9,11.1,25.6,45,0,0.3,0.5,12.7,12.7,555.5,0,0,27.4,76,30.2,22.8
2026-06-06T20:06:00+05:30,2026-06-06 20:06:00,13.7,14.8,25.6,70,1.8,0.3,0.5,12.7,12.7,555.5,0,0,27.5,76,30.4,22.9
2026-06-06T20:00:00+05:30,2026-06-06 20:00:00,2.9,9.3,25.6,55,1.8,0.3,0.5,12.7,12.7,555.5,0,0,27.5,76,30.4,22.9
2026-06-06T19:55:00+05:30,2026-06-06 19:55:00,4.3,7.2,25.6,50,0,0,0.3,12.4,12.4,555,0,0,27.5,75,30.3,22.7
2026-06-06T19:50:00+05:30,2026-06-06 19:50:00,2.1,7.2,25.6,51,0,0,0.3,12.4,12.4,555,0,0,27.6,75,30.5,22.8
2026-06-06T19:45:00+05:30,2026-06-06 19:45:00,3.5,7.2,25.6,63,0,0,0.3,12.4,12.4,555,0,0,27.6,75,30.5,22.8
2026-06-06T19:40:00+05:30,2026-06-06 19:40:00,2.9,7.2,25.6,68,0,0,0.3,12.4,12.4,555,0,0,27.6,75,30.5,22.8
2026-06-06T19:35:00+05:30,2026-06-06 19:35:00,1.8,9.3,25.6,59,0,0,0.3,12.4,12.4,555,0,0,27.6,75,30.5,22.8
2026-06-06T19:30:00+05:30,2026-06-06 19:30:00,3.2,11.1,25.6,56,0,0,0.3,12.4,12.4,555,0,0,27.6,75,30.5,22.8
2026-06-06T19:25:00+05:30,2026-06-06 19:25:00,7.2,11.1,25.6,60,0,0,0.3,12.4,12.4,555,0,0,27.7,75,30.8,22.9
2026-06-06T19:20:00+05:30,2026-06-06 19:20:00,1.4,11.1,25.6,52,0,0,0.3,12.4,12.4,555,0,0,27.8,75,30.9,22.9
2026-06-06T19:15:00+05:30,2026-06-06 19:15:00,1.8,3.5,25.6,56,0,0,0.3,12.4,12.4,555,0,0,27.8,74,30.7,22.7
2026-06-06T19:10:00+05:30,2026-06-06 19:10:00,5.5,9.3,25.6,51,0,0,0.3,12.4,12.4,555,0,0,27.8,74,30.7,22.7
2026-06-06T19:05:00+05:30,2026-06-06 19:05:00,6.1,13,25.6,350,0,0,0.3,12.4,12.4,555,0,0,27.8,74,30.7,22.7
2026-06-06T19:00:00+05:30,2026-06-06 19:00:00,4,5.5,25.6,56,0,0,0.3,12.4,12.4,555,0,0,27.8,74,30.7,22.7
2026-06-06T18:55:00+05:30,2026-06-06 18:55:00,2.9,7.2,25.6,49,0,0,0.3,12.4,12.4,555,0,0,27.8,74,30.7,22.7
2026-06-06T18:50:00+05:30,2026-06-06 18:50:00,3.5,5.5,25.6,54,0,0,0.3,12.4,12.4,555,0,0,27.8,74,30.7,22.7
2026-06-06T18:46:00+05:30,2026-06-06 18:46:00,5.5,7.2,25.6,102,0,0,0.3,12.4,12.4,555,0,0,27.8,74,30.7,22.7
2026-06-06T18:40:00+05:30,2026-06-06 18:40:00,10.1,11.1,25.6,72,0,0,0.3,12.4,12.4,555,0,0,27.9,74,31,22.8
2026-06-06T18:35:00+05:30,2026-06-06 18:35:00,2.9,5.5,25.6,46,0,0,0.3,12.4,12.4,555,0,0.1,27.9,73,30.8,22.6
2026-06-06T18:30:00+05:30,2026-06-06 18:30:00,1.4,9.3,25.6,52,0,0,0.3,12.4,12.4,555,0,0.4,27.9,73,30.8,22.6
2026-06-06T18:25:00+05:30,2026-06-06 18:25:00,6.1,7.2,25.6,71,0,0,0.3,12.4,12.4,555,0,0.9,28,73,31.1,22.7
2026-06-06T18:20:00+05:30,2026-06-06 18:20:00,2.6,13,25.6,49,0,0,0.3,12.4,12.4,555,0,2.5,28,73,31.1,22.7
2026-06-06T18:15:00+05:30,2026-06-06 18:15:00,2.6,9.3,25.6,47,0,0,0.3,12.4,12.4,555,0,4.9,28,73,31.1,22.7
2026-06-06T18:10:00+05:30,2026-06-06 18:10:00,3.5,7.2,25.6,71,0,0,0.3,12.4,12.4,555,0,6.8,28,73,31.1,22.7
2026-06-06T18:05:00+05:30,2026-06-06 18:05:00,3.2,13,25.6,59,0,0,0.3,12.4,12.4,555,0,10.9,28.1,73,31.3,22.8
2026-06-06T18:00:00+05:30,2026-06-06 18:00:00,9,18.3,25.6,89,0,0,0.3,12.4,12.4,555,0,16.4,28.1,73,31.3,22.8
2026-06-06T17:55:00+05:30,2026-06-06 17:55:00,4,9.3,25.6,57,0,0,0.3,12.4,12.4,555,0,21.2,28.2,73,31.6,22.9
2026-06-06T17:50:00+05:30,2026-06-06 17:50:00,9.7,14.8,25.6,91,0,0,0.3,12.4,12.4,555,0,23.5,28.2,73,31.6,22.9
2026-06-06T17:45:00+05:30,2026-06-06 17:45:00,9,16.6,25.6,71,0,0,0.3,12.4,12.4,555,0,24.2,28.3,73,31.7,22.9
2026-06-06T17:41:00+05:30,2026-06-06 17:41:00,5.8,13,25.6,91,0,0,0.3,12.4,12.4,555,0,25.8,28.3,73,31.7,22.9
2026-06-06T17:35:00+05:30,2026-06-06 17:35:00,2.1,9.3,25.6,59,0,0,0.3,12.4,12.4,555,0,37.5,28.4,73,31.9,23.1
2026-06-06T17:30:00+05:30,2026-06-06 17:30:00,3.5,5.5,25.6,70,0,0,0.3,12.4,12.4,555,0,33.4,28.4,72,31.7,22.8
2026-06-06T17:25:00+05:30,2026-06-06 17:25:00,2.6,9.3,25.6,62,0,0,0.3,12.4,12.4,555,0,30.3,28.4,72,31.7,22.8
2026-06-06T17:20:00+05:30,2026-06-06 17:20:00,6.1,13,25.6,56,0,0,0.3,12.4,12.4,555,0,32.2,28.5,72,32,22.9
2026-06-06T17:15:00+05:30,2026-06-06 17:15:00,2.9,5.5,25.6,94,0,0,0.3,12.4,12.4,555,0,50.5,28.5,72,32,22.9
2026-06-06T17:10:00+05:30,2026-06-06 17:10:00,8.7,13,25.6,72,0,0,0.3,12.4,12.4,555,0,66.9,28.5,72,32,22.9
2026-06-06T17:05:00+05:30,2026-06-06 17:05:00,0.3,3.5,25.6,53,0,0,0.3,12.4,12.4,555,0,64.3,28.6,72,32.2,23.1
2026-06-06T17:00:00+05:30,2026-06-06 17:00:00,5.5,11.1,25.6,79,0,0,0.3,12.4,12.4,555,0,43.9,28.6,72,32.2,23.1
2026-06-06T16:55:00+05:30,2026-06-06 16:55:00,4,9.3,25.6,51,0,0,0.3,12.4,12.4,555,0,84.3,28.6,72,32.2,23.1
2026-06-06T16:50:00+05:30,2026-06-06 16:50:00,4,13,25.6,70,0,0,0.3,12.4,12.4,555,1,130.6,28.6,72,32.2,23.1
2026-06-06T16:45:00+05:30,2026-06-06 16:45:00,2.6,7.2,25.6,53,0,0,0.3,12.4,12.4,555,0,90.8,28.7,72,32.5,23.2
2026-06-06T16:40:00+05:30,2026-06-06 16:40:00,3.5,13,25.6,85,0,0,0.3,12.4,12.4,555,0,101.3,28.7,72,32.5,23.2
2026-06-06T16:36:00+05:30,2026-06-06 16:36:00,4.3,14.8,25.6,91,0,0,0.3,12.4,12.4,555,0,96.8,28.7,72,32.5,23.2
2026-06-06T16:30:00+05:30,2026-06-06 16:30:00,3.2,9.3,25.6,52,0,0,0.3,12.4,12.4,555,1,105.9,28.7,72,32.5,23.2
2026-06-06T16:25:00+05:30,2026-06-06 16:25:00,8.7,13,25.6,86,0,0,0.3,12.4,12.4,555,0,64.8,28.7,72,32.5,23.2
2026-06-06T16:20:00+05:30,2026-06-06 16:20:00,8.2,11.1,25.6,65,0,0,0.3,12.4,12.4,555,1,106.7,28.8,72,32.6,23.2
2026-06-06T16:15:00+05:30,2026-06-06 16:15:00,4.7,13,25.6,85,0,0,0.3,12.4,12.4,555,1,135.7,28.7,72,32.5,23.2
2026-06-06T16:10:00+05:30,2026-06-06 16:10:00,5.8,11.1,25.6,58,0,0,0.3,12.4,12.4,555,2,289.3,28.8,72,32.6,23.2
2026-06-06T16:05:00+05:30,2026-06-06 16:05:00,3.2,9.3,25.6,58,0,0,0.3,12.4,12.4,555,2,290.9,28.8,71,32.4,23
2026-06-06T16:00:00+05:30,2026-06-06 16:00:00,5.5,13,25.6,61,0,0,0.3,12.4,12.4,555,2,208.6,28.8,71,32.4,23
2026-06-06T15:55:00+05:30,2026-06-06 15:55:00,11.9,16.6,25.6,114,0,0,0.3,12.4,12.4,555,3,373.6,28.8,71,32.4,23
2026-06-06T15:50:00+05:30,2026-06-06 15:50:00,5.5,13,25.6,56,0,0,0.3,12.4,12.4,555,0,89.3,28.9,71,32.7,23.1
2026-06-06T15:45:00+05:30,2026-06-06 15:45:00,5,9.3,25.6,55,0,0,0.3,12.4,12.4,555,1,188.6,28.9,71,32.7,23.1
2026-06-06T15:40:00+05:30,2026-06-06 15:40:00,1.8,7.2,25.6,53,0,0,0.3,12.4,12.4,555,1,113.1,28.9,71,32.7,23.1
2026-06-06T15:35:00+05:30,2026-06-06 15:35:00,7.2,14.8,25.6,51,0,0,0.3,12.4,12.4,555,1,110.2,29,71,32.9,23.2
2026-06-06T15:30:00+05:30,2026-06-06 15:30:00,9.7,14.8,25.6,41,0,0,0.3,12.4,12.4,555,1,148.7,28.9,72,32.8,23.3
2026-06-06T15:25:00+05:30,2026-06-06 15:25:00,4,13,25.6,44,0,0,0.3,12.4,12.4,555,1,187.6,28.9,72,32.8,23.3
2026-06-06T15:20:00+05:30,2026-06-06 15:20:00,4,9.3,25.6,77,0,0,0.3,12.4,12.4,555,4,465.4,28.9,72,32.8,23.3
2026-06-06T15:15:00+05:30,2026-06-06 15:15:00,5,11.1,25.6,74,0,0,0.3,12.4,12.4,555,5,517.3,28.9,71,32.7,23.1
2026-06-06T15:10:00+05:30,2026-06-06 15:10:00,6.1,25.6,25.6,22,0,0,0.3,12.4,12.4,555,4,507.1,28.8,71,32.4,23
2026-06-06T15:05:00+05:30,2026-06-06 15:05:00,9.7,11.1,25.6,107,0,0,0.3,12.4,12.4,555,4,438.8,28.8,71,32.4,23
2026-06-06T15:00:00+05:30,2026-06-06 15:00:00,4,16.6,25.6,47,0,0,0.3,12.4,12.4,555,2,211.6,28.8,72,32.6,23.2
2026-06-06T14:55:00+05:30,2026-06-06 14:55:00,11.6,16.6,25.6,44,0,0,0.3,12.4,12.4,555,5,548,28.8,72,32.6,23.2
2026-06-06T14:50:00+05:30,2026-06-06 14:50:00,4,13,25.6,63,0,0,0.3,12.4,12.4,555,5,536.8,28.7,72,32.5,23.2
2026-06-06T14:45:00+05:30,2026-06-06 14:45:00,7.6,16.6,25.6,40,0,0,0.3,12.4,12.4,555,5,551.4,28.7,72,32.5,23.2
2026-06-06T14:40:00+05:30,2026-06-06 14:40:00,6.4,9.3,25.6,26,0,0,0.3,12.4,12.4,555,5,592.3,28.7,73,32.7,23.4
2026-06-06T14:35:00+05:30,2026-06-06 14:35:00,5,9.3,25.6,38,0,0,0.3,12.4,12.4,555,5,591.8,28.6,73,32.4,23.3
2026-06-06T14:30:00+05:30,2026-06-06 14:30:00,3.5,9.3,25.6,27,0,0,0.3,12.4,12.4,555,6,639.5,28.5,72,32,22.9
2026-06-06T14:25:00+05:30,2026-06-06 14:25:00,4.7,25.6,25.6,53,0,0,0.3,12.4,12.4,555,6,628.7,28.5,72,32,22.9
2026-06-06T14:20:00+05:30,2026-06-06 14:20:00,5.5,7.2,25.6,72,0,0,0.3,12.4,12.4,555,6,644.7,28.4,73,31.9,23.1
2026-06-06T14:15:00+05:30,2026-06-06 14:15:00,6.1,25.6,25.6,81,0,0,0.3,12.4,12.4,555,6,676.2,28.4,72,31.7,22.8
2026-06-06T14:11:00+05:30,2026-06-06 14:11:00,7.6,18.3,23.8,51,0,0,0.3,12.4,12.4,555,4,510.6,28.4,73,31.9,23.1
2026-06-06T14:05:00+05:30,2026-06-06 14:05:00,4.3,23.8,23.8,83,0,0,0.3,12.4,12.4,555,2,212,28.4,73,31.9,23.1
2026-06-06T14:00:00+05:30,2026-06-06 14:00:00,6.9,21.9,23.8,56,0,0,0.3,12.4,12.4,555,7,735.7,28.3,74,31.8,23.2
2026-06-06T13:55:00+05:30,2026-06-06 13:55:00,2.9,9.3,23.8,58,0,0,0.3,12.4,12.4,555,7,770.8,28.2,74,31.7,23.1
2026-06-06T13:50:00+05:30,2026-06-06 13:50:00,2.1,11.1,23.8,90,0,0,0.3,12.4,12.4,555,7,799,28.2,74,31.7,23.1
2026-06-06T13:45:00+05:30,2026-06-06 13:45:00,3.5,7.2,23.8,38,0,0,0.3,12.4,12.4,555,7,800.1,28.1,74,31.4,23
2026-06-06T13:40:00+05:30,2026-06-06 13:40:00,3.5,9.3,23.8,48,0,0,0.3,12.4,12.4,555,7,803.4,28.1,74,31.4,23
2026-06-06T13:35:00+05:30,2026-06-06 13:35:00,7.9,13,23.8,70,0,0,0.3,12.4,12.4,555,3,383,28,74,31.2,22.9
2026-06-06T13:30:00+05:30,2026-06-06 13:30:00,14.3,18.3,23.8,74,0,0,0.3,12.4,12.4,555,8,837.5,27.9,74,31,22.8
2026-06-06T13:25:00+05:30,2026-06-06 13:25:00,0.6,9.3,23.8,51,0,0,0.3,12.4,12.4,555,9,929.1,27.9,74,31,22.8
2026-06-06T13:20:00+05:30,2026-06-06 13:20:00,5.5,11.1,23.8,58,0,0,0.3,12.4,12.4,555,4,457.6,27.8,74,30.7,22.7
2026-06-06T13:15:00+05:30,2026-06-06 13:15:00,3.2,7.2,23.8,59,0,0,0.3,12.4,12.4,555,4,429.2,27.8,74,30.7,22.7
2026-06-06T13:10:00+05:30,2026-06-06 13:10:00,6.1,9.3,23.8,61,0,0,0.3,12.4,12.4,555,2,269,27.7,74,30.6,22.7
2026-06-06T13:06:00+05:30,2026-06-06 13:06:00,5.8,14.8,23.8,65,0,0,0.3,12.4,12.4,555,1,172,27.7,74,30.6,22.7
2026-06-06T13:00:00+05:30,2026-06-06 13:00:00,4,7.2,23.8,67,0,0,0.3,12.4,12.4,555,9,1008.2,27.6,74,30.4,22.6
2026-06-06T12:55:00+05:30,2026-06-06 12:55:00,3.2,13,23.8,77,0,0,0.3,12.4,12.4,555,3,327.8,27.6,75,30.5,22.8
2026-06-06T12:50:00+05:30,2026-06-06 12:50:00,5,11.1,23.8,68,0,0,0.3,12.4,12.4,555,5,537,27.5,75,30.3,22.7
2026-06-06T12:45:00+05:30,2026-06-06 12:45:00,2.1,11.1,23.8,48,0,0,0.3,12.4,12.4,555,4,454.7,27.5,75,30.3,22.7
2026-06-06T12:40:00+05:30,2026-06-06 12:40:00,4.3,9.3,23.8,58,0,0,0.3,12.4,12.4,555,9,1012.3,27.4,76,30.2,22.8
2026-06-06T12:35:00+05:30,2026-06-06 12:35:00,4,9.3,23.8,49,0,0,0.3,12.4,12.4,555,8,886.3,27.4,76,30.2,22.8
2026-06-06T12:30:00+05:30,2026-06-06 12:30:00,4.7,5.5,23.8,28,0,0,0.3,12.4,12.4,555,2,287.7,27.4,76,30.2,22.8
2026-06-06T12:25:00+05:30,2026-06-06 12:25:00,6.9,9.3,23.8,68,0,0,0.3,12.4,12.4,555,8,880.4,27.2,77,29.9,22.8
2026-06-06T12:20:00+05:30,2026-06-06 12:20:00,4,11.1,23.8,48,0,0,0.3,12.4,12.4,555,8,861.9,27.2,77,29.9,22.8
2026-06-06T12:15:00+05:30,2026-06-06 12:15:00,8.7,13,23.8,72,0,0,0.3,12.4,12.4,555,8,862.8,27.1,77,29.7,22.7
2026-06-06T12:10:00+05:30,2026-06-06 12:10:00,6.4,16.6,23.8,85,0,0,0.3,12.4,12.4,555,8,871.3,27,77,29.4,22.6
2026-06-06T12:05:00+05:30,2026-06-06 12:05:00,3.2,7.2,23.8,69,0,0,0.3,12.4,12.4,555,8,887.1,27,77,29.4,22.6
2026-06-06T12:01:00+05:30,2026-06-06 12:01:00,4,11.1,23.8,91,0,0,0.3,12.4,12.4,555,4,422.4,27,77,29.4,22.6
2026-06-06T11:55:00+05:30,2026-06-06 11:55:00,9.3,11.1,23.8,109,0,0,0.3,12.4,12.4,555,2,210.4,27,78,29.6,22.8
2026-06-06T11:50:00+05:30,2026-06-06 11:50:00,9.7,16.6,23.8,60,0,0,0.3,12.4,12.4,555,1,162.6,27,78,29.6,22.8
2026-06-06T11:45:00+05:30,2026-06-06 11:45:00,2.9,7.2,23.8,84,0,0,0.3,12.4,12.4,555,1,115.7,26.9,78,29.3,22.7
2026-06-06T11:40:00+05:30,2026-06-06 11:40:00,11.9,14.8,23.8,56,0,0,0.3,12.4,12.4,555,2,221.8,26.9,78,29.3,22.7
2026-06-06T11:35:00+05:30,2026-06-06 11:35:00,4,7.2,23.8,28,0,0,0.3,12.4,12.4,555,1,146.2,26.9,79,29.4,22.9
2026-06-06T11:30:00+05:30,2026-06-06 11:30:00,1.4,9.3,23.8,46,0,0,0.3,12.4,12.4,555,1,124.8,26.9,79,29.4,22.9
2026-06-06T11:25:00+05:30,2026-06-06 11:25:00,4.3,9.3,23.8,89,0,0,0.3,12.4,12.4,555,1,195.6,26.8,79,29.2,22.8
2026-06-06T11:20:00+05:30,2026-06-06 11:20:00,2.9,14.8,23.8,73,0,0,0.3,12.4,12.4,555,4,469.4,26.8,79,29.2,22.8
2026-06-06T11:15:00+05:30,2026-06-06 11:15:00,2.1,5.5,23.8,55,0,0,0.3,12.4,12.4,555,4,426,26.7,79,29.1,22.8
2026-06-06T11:10:00+05:30,2026-06-06 11:10:00,5.5,9.3,23.8,71,0,0,0.3,12.4,12.4,555,2,223.4,26.7,80,29.1,23
2026-06-06T11:05:00+05:30,2026-06-06 11:05:00,2.9,14.8,23.8,58,0,0,0.3,12.4,12.4,555,3,334.3,26.7,80,29.1,23
2026-06-06T11:00:00+05:30,2026-06-06 11:00:00,9.3,13,23.8,35,0,0,0.3,12.4,12.4,555,2,266.9,26.6,80,27.4,22.9
2026-06-06T10:55:00+05:30,2026-06-06 10:55:00,7.2,9.3,23.8,58,0,0,0.3,12.4,12.4,555,3,337.3,26.6,81,27.4,23.1
2026-06-06T10:50:00+05:30,2026-06-06 10:50:00,5.8,9.3,23.8,121,0,0,0.3,12.4,12.4,555,9,989.3,26.5,81,27.3,22.9
2026-06-06T10:45:00+05:30,2026-06-06 10:45:00,1.4,7.2,23.8,18,0,0,0.3,12.4,12.4,555,3,398.7,26.4,81,27.2,22.8
2026-06-06T10:41:00+05:30,2026-06-06 10:41:00,4,9.3,23.8,50,0,0,0.3,12.4,12.4,555,3,312.3,26.4,81,27.2,22.8
2026-06-06T10:35:00+05:30,2026-06-06 10:35:00,11.9,14.8,23.8,63,0,0,0.3,12.4,12.4,555,5,556,26.3,81,27.1,22.7
2026-06-06T10:30:00+05:30,2026-06-06 10:30:00,1.4,11.1,23.8,46,0,0,0.3,12.4,12.4,555,4,501.3,26.2,81,27,22.7
2026-06-06T10:25:00+05:30,2026-06-06 10:25:00,2.1,7.2,23.8,48,0,0,0.3,12.4,12.4,555,3,338.3,26.2,81,27,22.7
2026-06-06T10:20:00+05:30,2026-06-06 10:20:00,5,11.1,23.8,46,0,0,0.3,12.4,12.4,555,3,347,26.2,81,27,22.7
2026-06-06T10:15:00+05:30,2026-06-06 10:15:00,1.8,7.2,23.8,90,0,0,0.3,12.4,12.4,555,3,364.7,26.1,81,26.9,22.6
2026-06-06T10:10:00+05:30,2026-06-06 10:10:00,6.9,9.3,23.8,46,0,0,0.3,12.4,12.4,555,3,406.6,26.1,81,26.9,22.6
2026-06-06T10:05:00+05:30,2026-06-06 10:05:00,5.5,13,23.8,67,0,0,0.3,12.4,12.4,555,3,335.6,26.1,82,26.9,22.8
2026-06-06T10:00:00+05:30,2026-06-06 10:00:00,3.5,5.5,23.8,68,0,0,0.3,12.4,12.4,555,3,369.3,26,81,26.8,22.5
2026-06-06T09:55:00+05:30,2026-06-06 09:55:00,1.4,7.2,23.8,59,0,0,0.3,12.4,12.4,555,3,338.4,26,81,26.8,22.5
2026-06-06T09:50:00+05:30,2026-06-06 09:50:00,5.5,11.1,23.8,72,0,0,0.3,12.4,12.4,555,4,436.1,25.9,81,26.7,22.4
2026-06-06T09:45:00+05:30,2026-06-06 09:45:00,2.1,11.1,23.8,49,0,0,0.3,12.4,12.4,555,2,295.2,25.9,81,26.7,22.4
2026-06-06T09:40:00+05:30,2026-06-06 09:40:00,3.5,5.5,23.8,76,0,0,0.3,12.4,12.4,555,6,651,25.9,81,26.7,22.4
2026-06-06T09:36:00+05:30,2026-06-06 09:36:00,7.9,13,23.8,64,0,0,0.3,12.4,12.4,555,1,197.2,25.9,81,26.7,22.4
2026-06-06T09:30:00+05:30,2026-06-06 09:30:00,1.8,11.1,23.8,60,0,0,0.3,12.4,12.4,555,0,98.5,25.9,81,26.7,22.4
2026-06-06T09:25:00+05:30,2026-06-06 09:25:00,6.1,7.2,23.8,59,0,0,0.3,12.4,12.4,555,1,150,25.9,81,26.7,22.4
2026-06-06T09:20:00+05:30,2026-06-06 09:20:00,6.1,11.1,21.9,52,0,0,0.3,12.4,12.4,555,1,191.8,25.8,81,26.5,22.3
2026-06-06T09:15:00+05:30,2026-06-06 09:15:00,2.9,11.1,21.9,60,0,0,0.3,12.4,12.4,555,2,236.8,25.8,81,26.5,22.3
2026-06-06T09:10:00+05:30,2026-06-06 09:10:00,4.7,9.3,21.9,28,0,0,0.3,12.4,12.4,555,2,271.1,25.8,81,26.5,22.3
2026-06-06T09:05:00+05:30,2026-06-06 09:05:00,6.4,16.6,21.9,41,0,0,0.3,12.4,12.4,555,2,262.5,25.8,80,26.5,22.1
2026-06-06T09:00:00+05:30,2026-06-06 09:00:00,5.5,9.3,21.9,51,0,0,0.3,12.4,12.4,555,2,233.2,25.8,80,26.5,22.1
2026-06-06T08:55:00+05:30,2026-06-06 08:55:00,4.7,9.3,21.9,55,0,0,0.3,12.4,12.4,555,1,199.6,25.8,80,26.5,22.1
2026-06-06T08:50:00+05:30,2026-06-06 08:50:00,10.5,16.6,21.9,115,0,0,0.3,12.4,12.4,555,1,175.3,25.8,80,26.5,22.1
2026-06-06T08:45:00+05:30,2026-06-06 08:45:00,2.9,9.3,21.9,64,0,0,0.3,12.4,12.4,555,2,211.5,25.8,81,26.5,22.3
2026-06-06T08:40:00+05:30,2026-06-06 08:40:00,2.9,7.2,21.9,40,0,0,0.3,12.4,12.4,555,1,167.8,25.8,81,26.5,22.3
2026-06-06T08:35:00+05:30,2026-06-06 08:35:00,8.7,18.3,21.9,81,0,0,0.3,12.4,12.4,555,1,196.6,25.8,81,26.5,22.3
2026-06-06T08:31:00+05:30,2026-06-06 08:31:00,5.8,14.8,21.9,67,0,0,0.3,12.4,12.4,555,1,163.2,25.7,81,26.4,22.2
2026-06-06T08:25:00+05:30,2026-06-06 08:25:00,7.9,9.3,21.9,56,0,0,0.3,12.4,12.4,555,1,137.3,25.7,81,26.4,22.2
2026-06-06T08:20:00+05:30,2026-06-06 08:20:00,3.5,5.5,21.9,65,0,0,0.3,12.4,12.4,555,0,88.5,25.7,81,26.4,22.2
2026-06-06T08:15:00+05:30,2026-06-06 08:15:00,3.5,9.3,21.9,60,0,0,0.3,12.4,12.4,555,1,152.1,25.6,81,26.3,22.1
2026-06-06T08:10:00+05:30,2026-06-06 08:10:00,2.1,13,21.9,57,0,0,0.3,12.4,12.4,555,1,181.3,25.6,81,26.3,22.1
2026-06-06T08:05:00+05:30,2026-06-06 08:05:00,4.3,9.3,21.9,63,0,0,0.3,12.4,12.4,555,1,180.4,25.6,81,26.3,22.1
2026-06-06T08:00:00+05:30,2026-06-06 08:00:00,4,7.2,21.9,46,0,0,0.3,12.4,12.4,555,1,136.3,25.6,81,26.3,22.1
2026-06-06T07:55:00+05:30,2026-06-06 07:55:00,4.7,7.2,21.9,67,0,0,0.3,12.4,12.4,555,1,152.4,25.6,81,26.3,22.1
2026-06-06T07:50:00+05:30,2026-06-06 07:50:00,1.8,9.3,21.9,68,0,0,0.3,12.4,12.4,555,1,115.8,25.6,81,26.3,22.1
2026-06-06T07:45:00+05:30,2026-06-06 07:45:00,4.7,11.1,21.9,59,0,0,0.3,12.4,12.4,555,1,129.9,25.6,80,26.3,21.9
2026-06-06T07:40:00+05:30,2026-06-06 07:40:00,4.7,9.3,21.9,55,0,0,0.3,12.4,12.4,555,1,116.5,25.6,80,26.3,21.9
2026-06-06T07:35:00+05:30,2026-06-06 07:35:00,2.9,18.3,21.9,37,0,0,0.3,12.4,12.4,555,1,105.2,25.6,80,26.3,21.9
2026-06-06T07:30:00+05:30,2026-06-06 07:30:00,7.2,11.1,21.9,87,0,0,0.3,12.4,12.4,555,0,83.8,25.6,80,26.3,21.9
2026-06-06T07:25:00+05:30,2026-06-06 07:25:00,5,9.3,21.9,39,0,0,0.3,12.4,12.4,555,0,82.2,25.6,80,26.3,21.9
2026-06-06T07:20:00+05:30,2026-06-06 07:20:00,3.2,7.2,21.9,83,0,0,0.3,12.4,12.4,555,0,70,25.6,80,26.3,21.9
2026-06-06T07:15:00+05:30,2026-06-06 07:15:00,3.2,14.8,21.9,55,0,0,0.3,12.4,12.4,555,0,67.7,25.6,79,26.3,21.7
2026-06-06T07:10:00+05:30,2026-06-06 07:10:00,7.2,11.1,21.9,64,0,0,0.3,12.4,12.4,555,0,46.7,25.6,79,26.3,21.7
2026-06-06T07:05:00+05:30,2026-06-06 07:05:00,4.7,7.2,21.9,41,0,0,0.3,12.4,12.4,555,1,135.4,25.6,79,26.3,21.7
2026-06-06T07:00:00+05:30,2026-06-06 07:00:00,5.5,7.2,21.9,61,0,0,0.3,12.4,12.4,555,0,87,25.6,79,26.3,21.7
2026-06-06T06:55:00+05:30,2026-06-06 06:55:00,5.5,13,21.9,81,0,0,0.3,12.4,12.4,555,0,65.9,25.6,79,26.3,21.7
2026-06-06T06:50:00+05:30,2026-06-06 06:50:00,6.1,7.2,21.9,88,0,0,0.3,12.4,12.4,555,0,60.4,25.6,79,26.3,21.7
2026-06-06T06:45:00+05:30,2026-06-06 06:45:00,5.5,7.2,21.9,71,0,0,0.3,12.4,12.4,555,0,46.7,25.6,79,26.3,21.7
2026-06-06T06:40:00+05:30,2026-06-06 06:40:00,6.1,11.1,21.9,60,0,0,0.3,12.4,12.4,555,0,36.6,25.6,79,26.3,21.7
2026-06-06T06:35:00+05:30,2026-06-06 06:35:00,6.1,11.1,21.9,75,0,0,0.3,12.4,12.4,555,0,19.6,25.6,79,26.3,21.7
2026-06-06T06:30:00+05:30,2026-06-06 06:30:00,7.9,9.3,21.9,51,0,0,0.3,12.4,12.4,555,0,33.8,25.6,79,26.3,21.7
2026-06-06T06:25:00+05:30,2026-06-06 06:25:00,4,7.2,21.9,65,0,0,0.3,12.4,12.4,555,0,34.8,25.6,79,26.3,21.7
2026-06-06T06:20:00+05:30,2026-06-06 06:20:00,2.9,9.3,21.9,50,0,0,0.3,12.4,12.4,555,0,26.3,25.5,79,26.2,21.6
2026-06-06T06:15:00+05:30,2026-06-06 06:15:00,4.3,5.5,21.9,35,0,0,0.3,12.4,12.4,555,0,20.6,25.5,79,26.2,21.6
2026-06-06T06:10:00+05:30,2026-06-06 06:10:00,4,11.1,21.9,21,0,0,0.3,12.4,12.4,555,0,15.3,25.6,79,26.3,21.7
2026-06-06T06:06:00+05:30,2026-06-06 06:06:00,3.2,7.2,21.9,18,0,0,0.3,12.4,12.4,555,0,11.7,25.5,79,26.2,21.6
2026-06-06T06:00:00+05:30,2026-06-06 06:00:00,5.5,5.5,21.9,18,0,0,0.3,12.4,12.4,555,0,8.3,25.5,79,26.2,21.6
2026-06-06T05:55:00+05:30,2026-06-06 05:55:00,2.9,5.5,21.9,18,0,0,0.3,12.4,12.4,555,0,5,25.6,79,26.3,21.7
2026-06-06T05:50:00+05:30,2026-06-06 05:50:00,6.1,9.3,21.9,18,0,0,0.3,12.4,12.4,555,0,2.4,25.5,79,26.2,21.6
2026-06-06T05:45:00+05:30,2026-06-06 05:45:00,6.4,13,21.9,18,0,0,0.3,12.4,12.4,555,0,1.6,25.5,79,26.2,21.6
2026-06-06T05:40:00+05:30,2026-06-06 05:40:00,8.2,13,21.9,19,0,0,0.3,12.4,12.4,555,0,0.4,25.6,79,26.3,21.7
2026-06-06T05:35:00+05:30,2026-06-06 05:35:00,4,7.2,21.9,19,0,0,0.3,12.4,12.4,555,0,0.1,25.5,79,26.2,21.6
2026-06-06T05:30:00+05:30,2026-06-06 05:30:00,3.2,7.2,21.9,20,0,0,0.3,12.4,12.4,555,0,0,25.6,79,26.3,21.7
2026-06-06T05:25:00+05:30,2026-06-06 05:25:00,2.6,7.2,21.9,28,0,0,0.3,12.4,12.4,555,0,0,25.5,79,26.2,21.6
2026-06-06T05:20:00+05:30,2026-06-06 05:20:00,9.7,11.1,21.9,35,0,0,0.3,12.4,12.4,555,0,0,25.6,79,26.3,21.7
2026-06-06T05:15:00+05:30,2026-06-06 05:15:00,2.9,13,21.9,28,0,0,0.3,12.4,12.4,555,0,0,25.6,79,26.3,21.7
2026-06-06T05:10:00+05:30,2026-06-06 05:10:00,2.1,5.5,21.9,39,0,0,0.3,12.4,12.4,555,0,0,25.6,79,26.3,21.7
2026-06-06T05:05:00+05:30,2026-06-06 05:05:00,2.1,7.2,21.9,40,0,0,0.3,12.4,12.4,555,0,0,25.5,79,26.2,21.6
2026-06-06T05:00:00+05:30,2026-06-06 05:00:00,4.7,7.2,21.9,21,0,0,0.3,12.4,12.4,555,0,0,25.6,79,26.3,21.7
2026-06-06T04:55:00+05:30,2026-06-06 04:55:00,4.7,11.1,21.9,72,0,0,0.3,12.4,12.4,555,0,0,25.5,79,26.2,21.6
2026-06-06T04:50:00+05:30,2026-06-06 04:50:00,8.7,11.1,21.9,56,0,0,0.3,12.4,12.4,555,0,0,25.5,79,26.2,21.6
2026-06-06T04:46:00+05:30,2026-06-06 04:46:00,5,11.1,21.9,50,0,0,0.3,12.4,12.4,555,0,0,25.5,79,26.2,21.6
2026-06-06T04:40:00+05:30,2026-06-06 04:40:00,6.9,11.1,21.9,50,0,0,0.3,12.4,12.4,555,0,0,25.5,79,26.2,21.6
2026-06-06T04:35:00+05:30,2026-06-06 04:35:00,6.4,11.1,21.9,123,0,0,0.3,12.4,12.4,555,0,0,25.6,79,26.3,21.7
2026-06-06T04:30:00+05:30,2026-06-06 04:30:00,2.1,13,21.9,44,0,0,0.3,12.4,12.4,555,0,0,25.5,79,26.2,21.6
2026-06-06T04:25:00+05:30,2026-06-06 04:25:00,4,11.1,21.9,78,0,0,0.3,12.4,12.4,555,0,0,25.6,79,26.3,21.7
2026-06-06T04:20:00+05:30,2026-06-06 04:20:00,6.4,11.1,21.9,74,0,0,0.3,12.4,12.4,555,0,0,25.6,78,26.3,21.5
2026-06-06T04:15:00+05:30,2026-06-06 04:15:00,4.7,9.3,21.9,97,0,0,0.3,12.4,12.4,555,0,0,25.6,78,26.3,21.5
2026-06-06T04:10:00+05:30,2026-06-06 04:10:00,5.5,9.3,21.9,49,0,0,0.3,12.4,12.4,555,0,0,25.6,78,26.3,21.5
2026-06-06T04:05:00+05:30,2026-06-06 04:05:00,7.2,9.3,21.9,51,0,0,0.3,12.4,12.4,555,0,0,25.6,78,26.3,21.5
2026-06-06T04:00:00+05:30,2026-06-06 04:00:00,6.1,9.3,21.9,77,0,0,0.3,12.4,12.4,555,0,0,25.6,78,26.3,21.5
2026-06-06T03:55:00+05:30,2026-06-06 03:55:00,5,9.3,21.9,48,0,0,0.3,12.4,12.4,555,0,0,25.6,78,26.3,21.5
2026-06-06T03:50:00+05:30,2026-06-06 03:50:00,5,13,21.9,52,0,0,0.3,12.4,12.4,555,0,0,25.6,78,26.3,21.5
2026-06-06T03:45:00+05:30,2026-06-06 03:45:00,5.5,16.6,21.9,71,0,0,0.3,12.4,12.4,555,0,0,25.7,78,26.4,21.6
2026-06-06T03:41:00+05:30,2026-06-06 03:41:00,5.5,7.2,21.9,25,0,0,0.3,12.4,12.4,555,0,0,25.7,78,26.4,21.6
2026-06-06T03:35:00+05:30,2026-06-06 03:35:00,6.4,11.1,21.9,37,0,0,0.3,12.4,12.4,555,0,0,25.7,78,26.4,21.6
2026-06-06T03:30:00+05:30,2026-06-06 03:30:00,2.9,9.3,21.9,44,0,0.3,0.3,12.4,12.4,555,0,0,25.7,78,26.4,21.6
2026-06-06T03:25:00+05:30,2026-06-06 03:25:00,4.3,11.1,21.9,62,0,0.3,0.3,12.4,12.4,555,0,0,25.7,78,26.4,21.6
2026-06-06T03:20:00+05:30,2026-06-06 03:20:00,3.2,5.5,21.9,62,0,0.3,0.3,12.4,12.4,555,0,0,25.8,78,26.4,21.7
2026-06-06T03:15:00+05:30,2026-06-06 03:15:00,2.1,3.5,21.9,44,0,0.3,0.3,12.4,12.4,555,0,0,25.7,78,26.4,21.6
2026-06-06T03:10:00+05:30,2026-06-06 03:10:00,4.3,11.1,21.9,62,0,0.3,0.3,12.4,12.4,555,0,0,25.8,78,26.4,21.7
2026-06-06T03:05:00+05:30,2026-06-06 03:05:00,4,7.2,21.9,72,0,0.3,0.3,12.4,12.4,555,0,0,25.8,78,26.4,21.7
2026-06-06T03:00:00+05:30,2026-06-06 03:00:00,3.5,7.2,21.9,72,0,0.3,0.3,12.4,12.4,555,0,0,25.8,78,26.4,21.7
2026-06-06T02:55:00+05:30,2026-06-06 02:55:00,3.2,14.8,21.9,44,0,0.3,0.3,12.4,12.4,555,0,0,25.8,78,26.4,21.7
2026-06-06T02:50:00+05:30,2026-06-06 02:50:00,2.6,7.2,21.9,64,0,0.3,0.3,12.4,12.4,555,0,0,25.8,78,26.4,21.7
2026-06-06T02:45:00+05:30,2026-06-06 02:45:00,3.5,9.3,21.9,78,0,0.3,0.3,12.4,12.4,555,0,0,25.8,78,26.4,21.7
2026-06-06T02:40:00+05:30,2026-06-06 02:40:00,2.6,9.3,21.9,55,0,0.3,0.3,12.4,12.4,555,0,0,25.8,78,26.4,21.7
2026-06-06T02:36:00+05:30,2026-06-06 02:36:00,4,7.2,21.9,59,1.3,0.3,0.3,12.4,12.4,555,0,0,25.8,78,26.4,21.7
2026-06-06T02:30:00+05:30,2026-06-06 02:30:00,3.5,9.3,21.9,56,1.3,0.3,0.3,12.4,12.4,555,0,0,25.8,78,26.4,21.7
2026-06-06T02:25:00+05:30,2026-06-06 02:25:00,4,7.2,21.9,38,0,0,0,12.2,12.2,555,0,0,25.8,77,26.4,21.4
2026-06-06T02:20:00+05:30,2026-06-06 02:20:00,2.9,9.3,21.9,63,0,0,0,12.2,12.2,555,0,0,25.8,77,26.4,21.4
2026-06-06T02:15:00+05:30,2026-06-06 02:15:00,3.2,7.2,21.9,56,0,0,0,12.2,12.2,555,0,0,25.8,77,26.4,21.4
2026-06-06T02:10:00+05:30,2026-06-06 02:10:00,4.7,9.3,21.9,69,0,0,0,12.2,12.2,555,0,0,25.8,77,26.4,21.4
2026-06-06T02:05:00+05:30,2026-06-06 02:05:00,2.1,9.3,21.9,64,0,0,0,12.2,12.2,555,0,0,25.8,77,26.4,21.4
2026-06-06T02:00:00+05:30,2026-06-06 02:00:00,3.5,13,21.9,51,0,0,0,12.2,12.2,555,0,0,25.8,77,26.4,21.4
2026-06-06T01:55:00+05:30,2026-06-06 01:55:00,5.5,11.1,21.9,67,0,0,0,12.2,12.2,555,0,0,25.8,77,26.4,21.4
2026-06-06T01:50:00+05:30,2026-06-06 01:50:00,2.1,9.3,21.9,56,0,0,0,12.2,12.2,555,0,0,25.8,77,26.4,21.4
2026-06-06T01:45:00+05:30,2026-06-06 01:45:00,7.2,18.3,21.9,67,0,0,0,12.2,12.2,555,0,0,25.8,77,26.4,21.4
2026-06-06T01:40:00+05:30,2026-06-06 01:40:00,10.1,16.6,21.9,87,0,0,0,12.2,12.2,555,0,0,25.8,77,26.4,21.4
2026-06-06T01:35:00+05:30,2026-06-06 01:35:00,1.8,14.8,21.9,53,0,0,0,12.2,12.2,555,0,0,25.8,77,26.4,21.4
2026-06-06T01:30:00+05:30,2026-06-06 01:30:00,3.5,14.8,21.9,62,0,0,0,12.2,12.2,555,0,0,25.8,76,26.4,21.2
2026-06-06T01:25:00+05:30,2026-06-06 01:25:00,5.5,7.2,21.9,98,0,0,0,12.2,12.2,555,0,0,25.8,76,26.4,21.2
2026-06-06T01:20:00+05:30,2026-06-06 01:20:00,2.6,18.3,21.9,73,0,0,0,12.2,12.2,555,0,0,25.8,76,26.4,21.2
2026-06-06T01:15:00+05:30,2026-06-06 01:15:00,4.7,11.1,21.9,57,0,0,0,12.2,12.2,555,0,0,25.8,76,26.4,21.2
2026-06-06T01:10:00+05:30,2026-06-06 01:10:00,6.4,11.1,21.9,53,0,0,0,12.2,12.2,555,0,0,25.8,76,26.4,21.2
2026-06-06T01:05:00+05:30,2026-06-06 01:05:00,11.9,21.9,21.9,70,0,0,0,12.2,12.2,555,0,0,25.9,76,26.5,21.3
2026-06-06T01:00:00+05:30,2026-06-06 01:00:00,3.5,5.5,16.6,68,0,0,0,12.2,12.2,555,0,0,25.9,76,26.5,21.3
2026-06-06T00:55:00+05:30,2026-06-06 00:55:00,5.5,7.2,16.6,81,0,0,0,12.2,12.2,555,0,0,25.9,76,26.5,21.3
2026-06-06T00:50:00+05:30,2026-06-06 00:50:00,6.1,7.2,16.6,55,0,0,0,12.2,12.2,555,0,0,25.9,76,26.5,21.3
2026-06-06T00:45:00+05:30,2026-06-06 00:45:00,4,7.2,16.6,38,0,0,0,12.2,12.2,555,0,0,25.9,76,26.5,21.3
2026-06-06T00:40:00+05:30,2026-06-06 00:40:00,9,16.6,16.6,68,0,0,0,12.2,12.2,555,0,0,25.9,76,26.5,21.3
2026-06-06T00:35:00+05:30,2026-06-06 00:35:00,4,7.2,16.6,68,0,0,0,12.2,12.2,555,0,0,25.9,76,26.5,21.3
2026-06-06T00:30:00+05:30,2026-06-06 00:30:00,6.9,9.3,16.6,22,0,0,0,12.2,12.2,555,0,0,25.9,76,26.5,21.3
2026-06-06T00:25:00+05:30,2026-06-06 00:25:00,2.9,11.1,16.6,53,0,0,0,12.2,12.2,555,0,0,25.9,76,26.5,21.3
2026-06-06T00:20:00+05:30,2026-06-06 00:20:00,2.9,7.2,16.6,59,0,0,0,12.2,12.2,555,0,0,26,76,26.7,21.4
2026-06-06T00:15:00+05:30,2026-06-06 00:15:00,3.5,16.6,16.6,71,0,0,0,12.2,12.2,555,0,0,26,76,26.7,21.4
2026-06-06T00:11:00+05:30,2026-06-06 00:11:00,7.2,9.3,16.6,69,0,0,0,12.2,12.2,555,0,0,26.1,77,26.8,21.8
2026-06-06T00:05:00+05:30,2026-06-06 00:05:00,5.8,14.8,16.6,68,0,0,0,12.2,12.2,555,0,0,26.1,77,26.8,21.8
2026-06-06T00:00:00+05:30,2026-06-06 00:00:00,2.9,11.1,5.5,104,0,0,0,12.2,12.2,555,0,0,26.1,77,26.8,21.8
2026-06-05T23:55:00+05:30,2026-06-05 23:55:00,6.9,9.3,27.7,80,0,0,1.5,12.2,12.2,555,0,0,26.1,77,26.8,21.8
2026-06-05T23:50:00+05:30,2026-06-05 23:50:00,5.5,5.5,27.7,68,0,0,1.5,12.2,12.2,555,0,0,26.1,77,26.8,21.8
2026-06-05T23:45:00+05:30,2026-06-05 23:45:00,9,11.1,27.7,52,0,0,1.5,12.2,12.2,555,0,0,26.1,77,26.8,21.8
2026-06-05T23:40:00+05:30,2026-06-05 23:40:00,4.7,13,27.7,60,0,0,1.5,12.2,12.2,555,0,0,26.1,77,26.8,21.8
2026-06-05T23:35:00+05:30,2026-06-05 23:35:00,8.2,11.1,27.7,115,0,0,1.5,12.2,12.2,555,0,0,26.1,77,26.8,21.8
2026-06-05T23:30:00+05:30,2026-06-05 23:30:00,3.2,13,27.7,27,0,12.2,1.5,12.2,12.2,555,0,0,26.2,77,26.9,21.8
2026-06-05T23:25:00+05:30,2026-06-05 23:25:00,4.7,11.1,27.7,73,0,12.2,1.5,12.2,12.2,555,0,0,26.2,77,26.9,21.8
2026-06-05T23:20:00+05:30,2026-06-05 23:20:00,5.5,9.3,27.7,102,0,12.2,1.5,12.2,12.2,555,0,0,26.2,77,26.9,21.8
2026-06-05T23:15:00+05:30,2026-06-05 23:15:00,6.1,7.2,27.7,124,0,12.2,1.5,12.2,12.2,555,0,0,26.2,77,26.9,21.8
2026-06-05T23:10:00+05:30,2026-06-05 23:10:00,8.7,13,27.7,60,0,12.2,1.5,12.2,12.2,555,0,0,26.2,77,26.9,21.8
2026-06-05T23:06:00+05:30,2026-06-05 23:06:00,4,7.2,27.7,85,0,12.2,1.5,12.2,12.2,555,0,0,26.2,77,26.9,21.8
2026-06-05T23:00:00+05:30,2026-06-05 23:00:00,4.3,7.2,27.7,40,0,12.2,1.5,12.2,12.2,555,0,0,26.2,77,26.9,21.8
2026-06-05T22:55:00+05:30,2026-06-05 22:55:00,3.5,5.5,27.7,66,0,12.2,1.5,12.2,12.2,555,0,0,26.2,77,26.9,21.8
2026-06-05T22:50:00+05:30,2026-06-05 22:50:00,7.6,11.1,27.7,59,0,12.2,1.5,12.2,12.2,555,0,0,26.1,77,26.8,21.8
2026-06-05T22:45:00+05:30,2026-06-05 22:45:00,6.9,11.1,27.7,62,0,12.2,1.5,12.2,12.2,555,0,0,26.2,76,26.9,21.7
2026-06-05T22:40:00+05:30,2026-06-05 22:40:00,2.6,9.3,27.7,67,0,12.2,1.5,12.2,12.2,555,0,0,26.2,76,26.9,21.7
2026-06-05T22:35:00+05:30,2026-06-05 22:35:00,8.2,9.3,27.7,60,0,12.2,1.5,12.2,12.2,555,0,0,26.2,76,26.9,21.7
2026-06-05T22:30:00+05:30,2026-06-05 22:30:00,4.7,5.5,27.7,146,0,12.2,1.5,12.2,12.2,555,0,0,26.2,76,26.9,21.7
2026-06-05T22:25:00+05:30,2026-06-05 22:25:00,2.9,7.2,27.7,346,0,12.2,1.5,12.2,12.2,555,0,0,26.2,76,26.9,21.7
2026-06-05T22:20:00+05:30,2026-06-05 22:20:00,4,9.3,27.7,59,0,12.2,1.5,12.2,12.2,555,0,0,26.2,76,26.9,21.7
2026-06-05T22:15:00+05:30,2026-06-05 22:15:00,5.5,13,27.7,54,0,12.2,1.5,12.2,12.2,555,0,0,26.2,76,26.9,21.7
2026-06-05T22:10:00+05:30,2026-06-05 22:10:00,5.5,7.2,27.7,34,0,12.2,1.5,12.2,12.2,555,0,0,26.2,76,26.9,21.7
2026-06-05T22:05:00+05:30,2026-06-05 22:05:00,2.6,7.2,27.7,23,0,12.2,1.5,12.2,12.2,555,0,0,26.2,76,26.9,21.7
2026-06-05T22:01:00+05:30,2026-06-05 22:01:00,6.1,11.1,27.7,77,0,12.2,1.5,12.2,12.2,555,0,0,26.3,76,26.9,21.7
2026-06-05T21:55:00+05:30,2026-06-05 21:55:00,5.5,7.2,27.7,72,0,12.2,1.5,12.2,12.2,555,0,0,26.3,76,26.9,21.7
2026-06-05T21:50:00+05:30,2026-06-05 21:50:00,6.1,13,27.7,41,0,12.2,1.5,12.2,12.2,555,0,0,26.3,76,26.9,21.7
2026-06-05T21:45:00+05:30,2026-06-05 21:45:00,6.1,13,27.7,72,0,12.2,1.5,12.2,12.2,555,0,0,26.3,76,26.9,21.7
2026-06-05T21:40:00+05:30,2026-06-05 21:40:00,1.8,11.1,27.7,78,0,12.2,1.5,12.2,12.2,555,0,0,26.4,76,27.1,21.8
2026-06-05T21:35:00+05:30,2026-06-05 21:35:00,2.1,7.2,27.7,53,0,12.2,1.5,12.2,12.2,555,0,0,26.4,76,27.1,21.8
2026-06-05T21:30:00+05:30,2026-06-05 21:30:00,4.3,5.5,27.7,67,0,12.2,1.5,12.2,12.2,555,0,0,26.4,76,27.1,21.8
2026-06-05T21:25:00+05:30,2026-06-05 21:25:00,4,7.2,27.7,78,0,12.2,1.5,12.2,12.2,555,0,0,26.4,76,27.1,21.8
2026-06-05T21:20:00+05:30,2026-06-05 21:20:00,7.9,9.3,27.7,71,0,12.2,1.5,12.2,12.2,555,0,0,26.4,76,27.1,21.8
2026-06-05T21:15:00+05:30,2026-06-05 21:15:00,5,9.3,27.7,77,0,12.2,1.5,12.2,12.2,555,0,0,26.4,76,27.1,21.8
2026-06-05T21:10:00+05:30,2026-06-05 21:10:00,6.4,9.3,27.7,51,0,12.2,1.5,12.2,12.2,555,0,0,26.4,76,27.1,21.8
2026-06-05T21:05:00+05:30,2026-06-05 21:05:00,3.5,9.3,27.7,55,0,12.2,1.5,12.2,12.2,555,0,0,26.4,76,27.1,21.8
2026-06-05T21:00:00+05:30,2026-06-05 21:00:00,2.1,9.3,27.7,57,0,12.2,1.5,12.2,12.2,555,0,0,26.5,76,27.2,21.9
2026-06-05T20:55:00+05:30,2026-06-05 20:55:00,3.5,5.5,27.7,76,0,12.2,1.5,12.2,12.2,555,0,0,26.5,76,27.2,21.9
2026-06-05T20:50:00+05:30,2026-06-05 20:50:00,3.5,7.2,27.7,55,0,12.2,1.5,12.2,12.2,555,0,0,26.5,76,27.2,21.9
2026-06-05T20:45:00+05:30,2026-06-05 20:45:00,5.5,13,27.7,39,0,12.2,1.5,12.2,12.2,555,0,0,26.5,76,27.2,21.9
2026-06-05T20:41:00+05:30,2026-06-05 20:41:00,2.9,9.3,27.7,47,0,12.2,1.5,12.2,12.2,555,0,0,26.5,76,27.2,21.9
2026-06-05T20:35:00+05:30,2026-06-05 20:35:00,3.5,9.3,27.7,29,0,12.2,1.5,12.2,12.2,555,0,0,26.5,76,27.2,21.9
2026-06-05T20:30:00+05:30,2026-06-05 20:30:00,1.4,5.5,27.7,47,0,12.2,1.5,12.2,12.2,555,0,0,26.5,76,27.2,21.9
2026-06-05T20:25:00+05:30,2026-06-05 20:25:00,3.5,9.3,27.7,55,0,12.2,1.5,12.2,12.2,555,0,0,26.5,76,27.2,21.9
2026-06-05T20:20:00+05:30,2026-06-05 20:20:00,2.9,7.2,27.7,51,0,12.2,1.5,12.2,12.2,555,0,0,26.5,76,27.2,21.9
2026-06-05T20:15:00+05:30,2026-06-05 20:15:00,2.6,5.5,27.7,31,0,12.2,1.5,12.2,12.2,555,0,0,26.5,76,27.2,21.9
2026-06-05T20:10:00+05:30,2026-06-05 20:10:00,4,7.2,27.7,40,0,12.2,1.5,12.2,12.2,555,0,0,26.5,76,27.2,21.9
2026-06-05T20:05:00+05:30,2026-06-05 20:05:00,6.4,7.2,27.7,52,0,12.2,1.5,12.2,12.2,555,0,0,26.5,76,27.2,21.9
2026-06-05T20:00:00+05:30,2026-06-05 20:00:00,3.2,3.5,27.7,70,0,12.2,1.5,12.2,12.2,555,0,0,26.5,76,27.2,21.9
2026-06-05T19:55:00+05:30,2026-06-05 19:55:00,6.1,11.1,27.7,63,0,12.2,1.5,12.2,12.2,555,0,0,26.5,76,27.2,21.9
2026-06-05T19:50:00+05:30,2026-06-05 19:50:00,2.6,9.3,27.7,38,0,12.2,1.5,12.2,12.2,555,0,0,26.5,76,27.2,21.9
2026-06-05T19:45:00+05:30,2026-06-05 19:45:00,6.4,9.3,27.7,43,0,12.2,1.5,12.2,12.2,555,0,0,26.5,76,27.2,21.9
2026-06-05T19:40:00+05:30,2026-06-05 19:40:00,7.9,13,27.7,72,0,12.2,1.5,12.2,12.2,555,0,0,26.6,76,27.3,22
2026-06-05T19:36:00+05:30,2026-06-05 19:36:00,10.1,14.8,27.7,60,0,12.2,1.5,12.2,12.2,555,0,0,26.6,76,27.3,22
2026-06-05T19:30:00+05:30,2026-06-05 19:30:00,7.2,13,27.7,99,0,12.2,1.5,12.2,12.2,555,0,0,26.6,76,27.3,22
2026-06-05T19:25:00+05:30,2026-06-05 19:25:00,8.7,16.6,27.7,60,0,12.2,1.5,12.2,12.2,555,0,0,26.7,76,28.8,22.1
2026-06-05T19:20:00+05:30,2026-06-05 19:20:00,6.1,13,27.7,65,0,12.2,1.5,12.2,12.2,555,0,0,26.7,75,28.8,21.9
2026-06-05T19:15:00+05:30,2026-06-05 19:15:00,5.8,7.2,27.7,73,0,12.2,1.5,12.2,12.2,555,0,0,26.7,75,28.8,21.9
2026-06-05T19:10:00+05:30,2026-06-05 19:10:00,3.5,5.5,27.7,77,0,12.2,1.5,12.2,12.2,555,0,0,26.8,75,28.8,21.9
2026-06-05T19:05:00+05:30,2026-06-05 19:05:00,9,11.1,27.7,73,0,12.2,1.5,12.2,12.2,555,0,0,26.8,75,28.8,21.9
2026-06-05T19:00:00+05:30,2026-06-05 19:00:00,6.4,9.3,27.7,73,0,12.2,1.5,12.2,12.2,555,0,0,26.8,75,28.8,21.9
2026-06-05T18:55:00+05:30,2026-06-05 18:55:00,3.5,11.1,27.7,55,0,12.2,1.5,12.2,12.2,555,0,0,26.8,75,28.8,21.9
2026-06-05T18:50:00+05:30,2026-06-05 18:50:00,6.1,11.1,27.7,65,0,12.2,1.5,12.2,12.2,555,0,0,26.9,75,29.1,22.1
2026-06-05T18:45:00+05:30,2026-06-05 18:45:00,7.2,9.3,27.7,63,0,12.2,1.5,12.2,12.2,555,0,0,26.9,75,29.1,22.1
2026-06-05T18:40:00+05:30,2026-06-05 18:40:00,4.7,14.8,27.7,73,0,12.2,1.5,12.2,12.2,555,0,0,26.9,74,29,21.8
2026-06-05T18:35:00+05:30,2026-06-05 18:35:00,2.1,7.2,27.7,57,0,12.2,1.5,12.2,12.2,555,0,0.1,26.9,74,29,21.8
2026-06-05T18:31:00+05:30,2026-06-05 18:31:00,7.6,9.3,27.7,50,0,12.2,1.5,12.2,12.2,555,0,0.3,27,74,29.2,21.9
2026-06-05T18:25:00+05:30,2026-06-05 18:25:00,2.1,9.3,27.7,59,0,12.2,1.5,12.2,12.2,555,0,1,27,74,29.2,21.9
2026-06-05T18:20:00+05:30,2026-06-05 18:20:00,3.2,11.1,27.7,66,0,12.2,1.5,12.2,12.2,555,0,2,27,74,29.2,21.9
2026-06-05T18:15:00+05:30,2026-06-05 18:15:00,1.8,9.3,27.7,66,0,12.2,1.5,12.2,12.2,555,0,3.6,27,74,29.2,21.9
2026-06-05T18:10:00+05:30,2026-06-05 18:10:00,3.5,7.2,27.7,61,0,12.2,1.5,12.2,12.2,555,0,4.9,27,74,29.2,21.9
2026-06-05T18:05:00+05:30,2026-06-05 18:05:00,1.8,14.8,27.7,49,0,12.2,1.5,12.2,12.2,555,0,4.9,27.1,74,29.4,22.1
2026-06-05T18:00:00+05:30,2026-06-05 18:00:00,6.1,11.1,27.7,65,0,12.2,1.5,12.2,12.2,555,0,6.8,27.1,74,29.4,22.1
2026-06-05T17:55:00+05:30,2026-06-05 17:55:00,1.8,13,27.7,54,0,12.2,1.5,12.2,12.2,555,0,8.1,27.1,74,29.4,22.1
2026-06-05T17:50:00+05:30,2026-06-05 17:50:00,2.9,9.3,27.7,72,0,12.2,1.5,12.2,12.2,555,0,11.2,27.2,74,29.6,22.2
2026-06-05T17:45:00+05:30,2026-06-05 17:45:00,4,9.3,27.7,54,0,12.2,1.5,12.2,12.2,555,0,14.1,27.2,74,29.6,22.2
2026-06-05T17:40:00+05:30,2026-06-05 17:40:00,7.2,11.1,27.7,53,0,12.2,1.5,12.2,12.2,555,0,19.6,27.2,74,29.6,22.2
2026-06-05T17:35:00+05:30,2026-06-05 17:35:00,3.5,7.2,27.7,60,0,12.2,1.5,12.2,12.2,555,0,17.1,27.2,74,29.6,22.2
2026-06-05T17:30:00+05:30,2026-06-05 17:30:00,3.5,7.2,27.7,68,0,12.2,1.5,12.2,12.2,555,0,22.7,27.3,74,29.7,22.2
2026-06-05T17:25:00+05:30,2026-06-05 17:25:00,1.1,7.2,27.7,50,0,12.2,1.5,12.2,12.2,555,0,38.1,27.3,74,29.7,22.2
2026-06-05T17:20:00+05:30,2026-06-05 17:20:00,1.8,11.1,27.7,47,0,12.2,1.5,12.2,12.2,555,0,46.8,27.4,74,29.9,22.3
2026-06-05T17:15:00+05:30,2026-06-05 17:15:00,11.9,16.6,27.7,61,0,12.2,1.5,12.2,12.2,555,0,46.9,27.4,74,29.9,22.3
2026-06-05T17:10:00+05:30,2026-06-05 17:10:00,14.3,20.1,27.7,90,0,12.2,1.5,12.2,12.2,555,0,48.6,27.5,74,30.2,22.4
2026-06-05T17:05:00+05:30,2026-06-05 17:05:00,6.1,18.3,27.7,354,0,12.2,1.5,12.2,12.2,555,0,48.3,27.6,74,30.4,22.6
2026-06-05T17:00:00+05:30,2026-06-05 17:00:00,4.7,9.3,27.7,59,0,12.2,1.5,12.2,12.2,555,0,37.3,27.7,74,30.6,22.7
2026-06-05T16:55:00+05:30,2026-06-05 16:55:00,9.7,27.7,27.7,10,0,12.2,1.5,12.2,12.2,555,0,66.8,27.7,74,30.6,22.7
2026-06-05T16:50:00+05:30,2026-06-05 16:50:00,8.2,13,27.7,121,0,12.2,1.5,12.2,12.2,555,0,81.8,27.8,74,30.7,22.7
2026-06-05T16:45:00+05:30,2026-06-05 16:45:00,5.5,7.2,27.7,102,0,12.2,1.5,12.2,12.2,555,0,50.4,27.9,74,31,22.8
2026-06-05T16:40:00+05:30,2026-06-05 16:40:00,4,14.8,27.7,55,0,12.2,1.5,12.2,12.2,555,0,39.6,28,74,31.2,22.9
2026-06-05T16:35:00+05:30,2026-06-05 16:35:00,3.2,7.2,27.7,69,0,12.2,1.5,12.2,12.2,555,0,63.7,28,74,31.2,22.9
2026-06-05T16:30:00+05:30,2026-06-05 16:30:00,3.5,9.3,27.7,51,0,12.2,1.5,12.2,12.2,555,1,163,28.1,75,31.6,23.3
2026-06-05T16:25:00+05:30,2026-06-05 16:25:00,2.6,7.2,27.7,54,0,12.2,1.5,12.2,12.2,555,1,126.2,28.1,75,31.6,23.3
2026-06-05T16:20:00+05:30,2026-06-05 16:20:00,2.9,14.8,27.7,80,0,12.2,1.5,12.2,12.2,555,1,125.7,28.1,75,31.6,23.3
2026-06-05T16:15:00+05:30,2026-06-05 16:15:00,4.7,9.3,27.7,70,0,12.2,1.5,12.2,12.2,555,3,327.2,28.2,75,31.8,23.3
2026-06-05T16:10:00+05:30,2026-06-05 16:10:00,2.6,16.6,27.7,55,0,12.2,1.5,12.2,12.2,555,1,172.4,28.2,75,31.8,23.3
2026-06-05T16:06:00+05:30,2026-06-05 16:06:00,10.5,14.8,27.7,70,0,12.2,1.5,12.2,12.2,555,1,177.6,28.2,75,31.8,23.3
2026-06-05T16:00:00+05:30,2026-06-05 16:00:00,5.5,7.2,27.7,55,0,12.2,1.5,12.2,12.2,555,1,154.1,28.2,75,31.8,23.3
2026-06-05T15:55:00+05:30,2026-06-05 15:55:00,6.9,11.1,27.7,77,0,12.2,1.5,12.2,12.2,555,1,129.1,28.2,75,31.8,23.3
2026-06-05T15:50:00+05:30,2026-06-05 15:50:00,4.7,11.1,27.7,65,0,12.2,1.5,12.2,12.2,555,0,56.8,28.3,75,32,23.4
2026-06-05T15:45:00+05:30,2026-06-05 15:45:00,6.4,16.6,27.7,97,0,12.2,1.5,12.2,12.2,555,0,29.1,28.3,75,32,23.4
2026-06-05T15:40:00+05:30,2026-06-05 15:40:00,9.3,14.8,27.7,95,0,12.2,1.5,12.2,12.2,555,0,73,28.4,74,32.1,23.3
2026-06-05T15:35:00+05:30,2026-06-05 15:35:00,6.9,13,27.7,63,0,12.2,1.5,12.2,12.2,555,1,162.1,28.4,73,31.9,23.1
2026-06-05T15:30:00+05:30,2026-06-05 15:30:00,5.8,13,27.7,39,0,12.2,1.5,12.2,12.2,555,1,148.8,28.5,73,32.2,23.2
2026-06-05T15:25:00+05:30,2026-06-05 15:25:00,5,9.3,27.7,70,0,12.2,1.5,12.2,12.2,555,1,157.8,28.6,72,32.2,23.1
2026-06-05T15:20:00+05:30,2026-06-05 15:20:00,8.7,14.8,27.7,77,0,12.2,1.5,12.2,12.2,555,1,187.3,28.6,70,31.9,22.6
2026-06-05T15:15:00+05:30,2026-06-05 15:15:00,7.9,13,27.7,8,0,12.2,1.5,12.2,12.2,555,1,118.5,28.6,71,32.1,22.8
2026-06-05T15:10:00+05:30,2026-06-05 15:10:00,2.9,9.3,27.7,75,0,12.2,1.5,12.2,12.2,555,1,168.7,28.6,71,32.1,22.8
2026-06-05T15:05:00+05:30,2026-06-05 15:05:00,3.5,14.8,27.7,68,0,12.2,1.5,12.2,12.2,555,1,169.6,28.7,70,32.1,22.7
2026-06-05T15:01:00+05:30,2026-06-05 15:01:00,4.7,20.1,27.7,59,0,12.2,1.5,12.2,12.2,555,1,159.8,28.7,70,32.1,22.7
2026-06-05T14:55:00+05:30,2026-06-05 14:55:00,6.9,16.6,27.7,78,0,12.2,1.5,12.2,12.2,555,2,294.6,28.7,72,32.5,23.2
2026-06-05T14:50:00+05:30,2026-06-05 14:50:00,7.2,11.1,27.7,84,0,12.2,1.5,12.2,12.2,555,1,153,28.7,72,32.5,23.2
2026-06-05T14:45:00+05:30,2026-06-05 14:45:00,8.2,21.9,27.7,106,0,12.2,1.5,12.2,12.2,555,4,434.7,28.7,72,32.5,23.2
2026-06-05T14:40:00+05:30,2026-06-05 14:40:00,2.1,18.3,27.7,67,0,12.2,1.5,12.2,12.2,555,6,700.9,28.6,72,32.2,23.1
2026-06-05T14:35:00+05:30,2026-06-05 14:35:00,6.1,16.6,27.7,100,0,12.2,1.5,12.2,12.2,555,7,731.3,28.6,72,32.2,23.1
2026-06-05T14:30:00+05:30,2026-06-05 14:30:00,4,5.5,27.7,52,0,12.2,1.5,12.2,12.2,555,3,316,28.6,73,32.4,23.3
2026-06-05T14:25:00+05:30,2026-06-05 14:25:00,6.4,9.3,27.7,35,0,12.2,1.5,12.2,12.2,555,2,232.6,28.5,73,32.2,23.2
2026-06-05T14:20:00+05:30,2026-06-05 14:20:00,3.5,11.1,27.7,58,0,12.2,1.5,12.2,12.2,555,3,395.1,28.5,73,32.2,23.2
2026-06-05T14:15:00+05:30,2026-06-05 14:15:00,2.1,13,27.7,73,0,12.2,1.5,12.2,12.2,555,3,362.5,28.4,72,31.7,22.8
2026-06-05T14:10:00+05:30,2026-06-05 14:10:00,3.5,18.3,27.7,84,0,12.2,1.5,12.2,12.2,555,2,302,28.4,72,31.7,22.8
2026-06-05T14:05:00+05:30,2026-06-05 14:05:00,7.2,13,27.7,83,0,12.2,1.5,12.2,12.2,555,3,354.5,28.4,73,31.9,23.1
2026-06-05T14:00:00+05:30,2026-06-05 14:00:00,4.7,9.3,27.7,53,0,12.2,1.5,12.2,12.2,555,3,383.9,28.4,73,31.9,23.1
2026-06-05T13:56:00+05:30,2026-06-05 13:56:00,6.1,16.6,27.7,71,0,12.2,1.5,12.2,12.2,555,3,369.3,28.4,74,32.1,23.3
2026-06-05T13:50:00+05:30,2026-06-05 13:50:00,2.9,7.2,27.7,26,0,12.2,1.5,12.2,12.2,555,3,367.1,28.4,74,32.1,23.3
2026-06-05T13:45:00+05:30,2026-06-05 13:45:00,6.1,13,27.7,71,0,12.2,1.5,12.2,12.2,555,3,347.2,28.4,74,32.1,23.3
2026-06-05T13:40:00+05:30,2026-06-05 13:40:00,4,7.2,27.7,50,0,12.2,1.5,12.2,12.2,555,2,253.6,28.4,74,32.1,23.3
2026-06-05T13:35:00+05:30,2026-06-05 13:35:00,3.2,9.3,27.7,73,0,12.2,1.5,12.2,12.2,555,2,249.1,28.4,74,32.1,23.3
2026-06-05T13:30:00+05:30,2026-06-05 13:30:00,1.4,13,27.7,43,0,12.2,1.5,12.2,12.2,555,3,309.1,28.3,74,31.8,23.2
2026-06-05T13:25:00+05:30,2026-06-05 13:25:00,5.8,11.1,27.7,49,0,12.2,1.5,12.2,12.2,555,4,425.6,28.3,74,31.8,23.2
2026-06-05T13:20:00+05:30,2026-06-05 13:20:00,6.9,9.3,27.7,77,0,12.2,1.5,12.2,12.2,555,3,405.6,28.3,74,31.8,23.2
2026-06-05T13:15:00+05:30,2026-06-05 13:15:00,6.9,9.3,27.7,26,0,12.2,1.5,12.2,12.2,555,4,481.4,28.2,74,31.7,23.1
2026-06-05T13:10:00+05:30,2026-06-05 13:10:00,3.5,9.3,27.7,62,0,12.2,1.5,12.2,12.2,555,3,370.8,28.2,74,31.7,23.1
2026-06-05T13:05:00+05:30,2026-06-05 13:05:00,4,11.1,27.7,86,0,12.2,1.5,12.2,12.2,555,3,349.2,28.1,74,31.4,23
2026-06-05T13:00:00+05:30,2026-06-05 13:00:00,1.4,5.5,27.7,49,0,12.2,1.5,12.2,12.2,555,3,394.9,28.1,73,31.3,22.8
2026-06-05T12:55:00+05:30,2026-06-05 12:55:00,5.5,14.8,27.7,53,0,12.2,1.5,12.2,12.2,555,3,378.4,28,73,31.1,22.7
2026-06-05T12:50:00+05:30,2026-06-05 12:50:00,7.9,14.8,27.7,89,0,12.2,1.5,12.2,12.2,555,3,405.4,28.1,73,31.3,22.8
2026-06-05T12:45:00+05:30,2026-06-05 12:45:00,7.2,25.6,27.7,135,0,12.2,1.5,12.2,12.2,555,4,426.6,28.1,74,31.4,23
2026-06-05T12:40:00+05:30,2026-06-05 12:40:00,6.4,11.1,27.7,41,0,12.2,1.5,12.2,12.2,555,4,436.4,28,74,31.2,22.9
2026-06-05T12:36:00+05:30,2026-06-05 12:36:00,5,11.1,27.7,102,0,12.2,1.5,12.2,12.2,555,4,465.5,28,74,31.2,22.9
2026-06-05T12:30:00+05:30,2026-06-05 12:30:00,4.7,18.3,27.7,92,0,12.2,1.5,12.2,12.2,555,7,778.4,27.9,75,31.1,23.1
2026-06-05T12:25:00+05:30,2026-06-05 12:25:00,6.4,13,27.7,101,0,12.2,1.5,12.2,12.2,555,11,1166.7,27.8,75,30.9,22.9
2026-06-05T12:20:00+05:30,2026-06-05 12:20:00,8.7,20.1,27.7,33,0,12.2,1.5,12.2,12.2,555,8,862.9,27.8,75,30.9,22.9
2026-06-05T12:15:00+05:30,2026-06-05 12:15:00,9.3,11.1,27.7,78,0,12.2,1.5,12.2,12.2,555,9,962.8,27.8,75,30.9,22.9
2026-06-05T12:10:00+05:30,2026-06-05 12:10:00,6.9,13,27.7,82,0,12.2,1.5,12.2,12.2,555,4,417.1,27.7,75,30.8,22.9
2026-06-05T12:05:00+05:30,2026-06-05 12:05:00,2.9,23.8,27.7,48,0,12.2,1.5,12.2,12.2,555,7,802.3,27.6,75,30.5,22.8
2026-06-05T12:00:00+05:30,2026-06-05 12:00:00,5.5,13,27.7,76,0,12.2,1.5,12.2,12.2,555,5,515.3,27.6,76,30.7,23
2026-06-05T11:55:00+05:30,2026-06-05 11:55:00,6.1,18.3,27.7,77,0,12.2,1.5,12.2,12.2,555,7,782.5,27.5,76,30.4,22.9
2026-06-05T11:50:00+05:30,2026-06-05 11:50:00,6.9,16.6,27.7,61,0,12.2,1.5,12.2,12.2,555,4,497.6,27.5,76,30.4,22.9
2026-06-05T11:45:00+05:30,2026-06-05 11:45:00,12.2,25.6,27.7,79,0,12.2,1.5,12.2,12.2,555,6,619.9,27.4,77,30.3,23
2026-06-05T11:40:00+05:30,2026-06-05 11:40:00,6.4,9.3,27.7,73,0,12.2,1.5,12.2,12.2,555,7,730.9,27.3,77,30.1,22.9
2026-06-05T11:35:00+05:30,2026-06-05 11:35:00,4.7,21.9,27.7,72,0,12.2,1.5,12.2,12.2,555,10,1056.1,27.2,77,29.9,22.8
2026-06-05T11:31:00+05:30,2026-06-05 11:31:00,2.9,13,27.7,26,0,12.2,1.5,12.2,12.2,555,9,995.3,27.1,78,29.8,22.9
2026-06-05T11:25:00+05:30,2026-06-05 11:25:00,2.1,9.3,27.7,55,0,12.2,1.5,12.2,12.2,555,9,987.8,26.9,78,29.3,22.7
2026-06-05T11:20:00+05:30,2026-06-05 11:20:00,6.9,14.8,27.7,37,0,12.2,1.5,12.2,12.2,555,10,1062.2,26.8,78,29.1,22.6
2026-06-05T11:15:00+05:30,2026-06-05 11:15:00,7.2,13,27.7,73,0,12.2,1.5,12.2,12.2,555,9,975.5,26.8,78,29.1,22.6
2026-06-05T11:10:00+05:30,2026-06-05 11:10:00,5.5,11.1,27.7,55,0,12.2,1.5,12.2,12.2,555,10,1043.8,26.7,78,29,22.6
2026-06-05T11:05:00+05:30,2026-06-05 11:05:00,3.5,9.3,27.7,119,0,12.2,1.5,12.2,12.2,555,9,1002,26.7,78,29,22.6
2026-06-05T11:00:00+05:30,2026-06-05 11:00:00,12.2,18.3,27.7,48,0,12.2,1.5,12.2,12.2,555,8,899.3,26.6,79,27.4,22.7
2026-06-05T10:55:00+05:30,2026-06-05 10:55:00,11.6,14.8,27.7,63,0,12.2,1.5,12.2,12.2,555,3,362.1,26.6,79,27.4,22.7
2026-06-05T10:50:00+05:30,2026-06-05 10:50:00,4.7,16.6,27.7,25,0,12.2,1.5,12.2,12.2,555,3,400.6,26.6,80,27.4,22.9
2026-06-05T10:45:00+05:30,2026-06-05 10:45:00,7.6,11.1,27.7,53,0,12.2,1.5,12.2,12.2,555,2,288.7,26.5,80,27.3,22.8
2026-06-05T10:40:00+05:30,2026-06-05 10:40:00,4.7,11.1,27.7,355,0,12.2,1.5,12.2,12.2,555,4,432.2,26.5,80,27.3,22.8
2026-06-05T10:35:00+05:30,2026-06-05 10:35:00,6.1,20.1,27.7,93,0,12.2,1.5,12.2,12.2,555,4,481.3,26.4,80,27.2,22.7
2026-06-05T10:30:00+05:30,2026-06-05 10:30:00,1.8,18.3,27.7,69,0,12.2,1.5,12.2,12.2,555,7,769.6,26.3,80,27.1,22.6
2026-06-05T10:26:00+05:30,2026-06-05 10:26:00,4.7,9.3,27.7,71,0,12.2,1.5,12.2,12.2,555,7,778.8,26.3,81,27.1,22.7
2026-06-05T10:20:00+05:30,2026-06-05 10:20:00,8.2,11.1,27.7,95,0,12.2,1.5,12.2,12.2,555,8,827.6,26.2,81,27,22.7
2026-06-05T10:15:00+05:30,2026-06-05 10:15:00,7.9,13,21.9,55,0,12.2,1.5,12.2,12.2,555,4,459.3,26.2,81,27,22.7
2026-06-05T10:10:00+05:30,2026-06-05 10:10:00,11.9,13,21.9,63,0,12.2,1.5,12.2,12.2,555,5,581.7,26.1,81,26.9,22.6
2026-06-05T10:05:00+05:30,2026-06-05 10:05:00,6.4,14.8,21.9,58,0,12.2,1.5,12.2,12.2,555,6,668.3,26.1,82,26.9,22.8
2026-06-05T10:00:00+05:30,2026-06-05 10:00:00,11.6,16.6,21.9,86,0,12.2,1.5,12.2,12.2,555,7,790,26,82,26.8,22.7
2026-06-05T09:55:00+05:30,2026-06-05 09:55:00,5.5,14.8,21.9,53,0,12.2,1.5,12.2,12.2,555,7,736.7,26,82,26.8,22.7
2026-06-05T09:50:00+05:30,2026-06-05 09:50:00,7.9,13,21.9,70,0,12.2,1.5,12.2,12.2,555,7,791.4,25.9,82,26.7,22.6
2026-06-05T09:45:00+05:30,2026-06-05 09:45:00,2.9,13,21.9,40,0,12.2,1.5,12.2,12.2,555,7,806.7,25.9,82,26.7,22.6
2026-06-05T09:40:00+05:30,2026-06-05 09:40:00,7.2,14.8,21.9,60,0,12.2,1.5,12.2,12.2,555,8,844.5,25.8,82,26.6,22.4
2026-06-05T09:35:00+05:30,2026-06-05 09:35:00,1.4,7.2,21.9,37,0,12.2,1.5,12.2,12.2,555,7,722,25.7,82,26.5,22.4
2026-06-05T09:30:00+05:30,2026-06-05 09:30:00,0,9.3,21.9,71,0,12.2,1.5,12.2,12.2,555,5,565.5,25.7,82,26.5,22.4
2026-06-05T09:25:00+05:30,2026-06-05 09:25:00,2.9,11.1,21.9,67,0,12.2,1.5,12.2,12.2,555,6,691.8,25.6,81,26.3,22.1
2026-06-05T09:21:00+05:30,2026-06-05 09:21:00,3.2,9.3,21.9,62,0,12.2,1.5,12.2,12.2,555,4,416.6,25.6,81,26.3,22.1
2026-06-05T09:15:00+05:30,2026-06-05 09:15:00,6.1,9.3,21.9,69,0,12.2,1.5,12.2,12.2,555,1,190.1,25.6,81,26.3,22.1
2026-06-05T09:10:00+05:30,2026-06-05 09:10:00,4,16.6,21.9,42,0,12.2,1.5,12.2,12.2,555,1,134.7,25.6,81,26.3,22.1
2026-06-05T09:06:00+05:30,2026-06-05 09:06:00,4.3,16.6,21.9,53,0,12.2,1.5,12.2,12.2,555,1,134.6,25.6,81,26.3,22.1
2026-06-05T09:00:00+05:30,2026-06-05 09:00:00,2.9,9.3,21.9,60,0,12.2,1.5,12.2,12.2,555,1,165.6,25.6,81,26.3,22.1
2026-06-05T08:55:00+05:30,2026-06-05 08:55:00,8.2,13,21.9,47,0,12.2,1.5,12.2,12.2,555,1,130.7,25.6,80,26.3,21.9
2026-06-05T08:50:00+05:30,2026-06-05 08:50:00,16.6,20.1,21.9,75,0,12.2,1.5,12.2,12.2,555,1,178.5,25.6,80,26.3,21.9
2026-06-05T08:45:00+05:30,2026-06-05 08:45:00,5,9.3,21.9,76,0,12.2,1.5,12.2,12.2,555,1,176.1,25.6,80,26.3,21.9
2026-06-05T08:40:00+05:30,2026-06-05 08:40:00,4.7,9.3,21.9,47,0,12.2,1.5,12.2,12.2,555,1,175.3,25.5,80,26.2,21.8
2026-06-05T08:35:00+05:30,2026-06-05 08:35:00,4.7,9.3,21.9,27,0,12.2,1.5,12.2,12.2,555,1,149.6,25.5,80,26.2,21.8
2026-06-05T08:30:00+05:30,2026-06-05 08:30:00,4.7,7.2,21.9,54,0,12.2,1.5,12.2,12.2,555,1,168.8,25.5,80,26.2,21.8
2026-06-05T08:25:00+05:30,2026-06-05 08:25:00,9.7,18.3,21.9,90,0,12.2,1.5,12.2,12.2,555,1,135.8,25.5,80,26.2,21.8
2026-06-05T08:20:00+05:30,2026-06-05 08:20:00,2.9,5.5,21.9,55,0,12.2,1.5,12.2,12.2,555,1,119.4,25.4,80,26.1,21.7
2026-06-05T08:15:00+05:30,2026-06-05 08:15:00,3.2,9.3,21.9,69,0,12.2,1.5,12.2,12.2,555,1,145.1,25.4,80,26.1,21.7
2026-06-05T08:10:00+05:30,2026-06-05 08:10:00,1.1,5.5,21.9,64,0,12.2,1.5,12.2,12.2,555,2,283.3,25.4,80,26.1,21.7
2026-06-05T08:05:00+05:30,2026-06-05 08:05:00,7.2,9.3,21.9,35,0,12.2,1.5,12.2,12.2,555,1,130.5,25.4,80,26.1,21.7
2026-06-05T08:00:00+05:30,2026-06-05 08:00:00,2.6,7.2,21.9,62,0,12.2,1.5,12.2,12.2,555,2,214.8,25.4,80,26.1,21.7
2026-06-05T07:55:00+05:30,2026-06-05 07:55:00,7.9,11.1,21.9,65,0,12.2,1.5,12.2,12.2,555,1,150.5,25.3,80,25.9,21.6
2026-06-05T07:50:00+05:30,2026-06-05 07:50:00,7.6,14.8,21.9,84,0,12.2,1.5,12.2,12.2,555,0,102.1,25.3,80,25.9,21.6
2026-06-05T07:45:00+05:30,2026-06-05 07:45:00,6.4,11.1,21.9,75,0,12.2,1.5,12.2,12.2,555,1,145.4,25.3,80,25.9,21.6
2026-06-05T07:40:00+05:30,2026-06-05 07:40:00,11.9,16.6,21.9,87,0,12.2,1.5,12.2,12.2,555,2,218.7,25.2,80,25.9,21.5
2026-06-05T07:35:00+05:30,2026-06-05 07:35:00,10.5,13,21.9,73,0,12.2,1.5,12.2,12.2,555,3,315.2,25.2,80,25.9,21.5
2026-06-05T07:30:00+05:30,2026-06-05 07:30:00,5.5,13,21.9,46,0,12.2,1.5,12.2,12.2,555,1,124.5,25.2,80,25.9,21.5
2026-06-05T07:25:00+05:30,2026-06-05 07:25:00,1.8,11.1,21.9,70,0,12.2,1.5,12.2,12.2,555,2,249.2,25.2,79,25.9,21.3
2026-06-05T07:20:00+05:30,2026-06-05 07:20:00,1.4,5.5,21.9,51,0,12.2,1.5,12.2,12.2,555,0,60.9,25.2,79,25.9,21.3
2026-06-05T07:15:00+05:30,2026-06-05 07:15:00,0,7.2,21.9,38,0,12.2,1.5,12.2,12.2,555,0,62.1,25.1,79,25.7,21.2
2026-06-05T07:11:00+05:30,2026-06-05 07:11:00,0,0,21.9,64,0,12.2,1.5,12.2,12.2,555,0,40.8,25.1,79,25.7,21.2
2026-06-05T07:05:00+05:30,2026-06-05 07:05:00,1.1,9.3,21.9,45,0,12.2,1.5,12.2,12.2,555,0,33.7,25.1,79,25.7,21.2
2026-06-05T07:00:00+05:30,2026-06-05 07:00:00,4,7.2,21.9,57,0,12.2,1.5,12.2,12.2,555,0,25,25.1,79,25.7,21.2
2026-06-05T06:55:00+05:30,2026-06-05 06:55:00,3.2,3.5,21.9,58,0,12.2,1.5,12.2,12.2,555,0,27.2,25.1,79,25.7,21.2
2026-06-05T06:50:00+05:30,2026-06-05 06:50:00,1.1,3.5,21.9,63,0,12.2,1.5,12.2,12.2,555,0,27.4,25.1,79,25.7,21.2
2026-06-05T06:45:00+05:30,2026-06-05 06:45:00,5,11.1,21.9,65,0,12.2,1.5,12.2,12.2,555,0,40,25,79,25.6,21.1
2026-06-05T06:40:00+05:30,2026-06-05 06:40:00,2.9,9.3,21.9,56,0,12.2,1.5,12.2,12.2,555,0,37.1,25,79,25.6,21.1
2026-06-05T06:35:00+05:30,2026-06-05 06:35:00,3.2,5.5,21.9,56,0,12.2,1.5,12.2,12.2,555,0,28.4,25.1,79,25.7,21.2
2026-06-05T06:30:00+05:30,2026-06-05 06:30:00,3.5,7.2,21.9,48,0,12.2,1.5,12.2,12.2,555,0,28.6,25.1,79,25.7,21.2
2026-06-05T06:25:00+05:30,2026-06-05 06:25:00,3.2,5.5,21.9,62,0,12.2,1.5,12.2,12.2,555,0,25.6,25.1,79,25.7,21.2
2026-06-05T06:20:00+05:30,2026-06-05 06:20:00,1.1,11.1,21.9,44,0,12.2,1.5,12.2,12.2,555,0,22.9,25.1,79,25.7,21.2
2026-06-05T06:15:00+05:30,2026-06-05 06:15:00,4,7.2,21.9,23,0,12.2,1.5,12.2,12.2,555,0,16.8,25,79,25.6,21.1
2026-06-05T06:10:00+05:30,2026-06-05 06:10:00,2.6,7.2,21.9,21,0,12.2,1.5,12.2,12.2,555,0,13.2,25.1,79,25.7,21.2
2026-06-05T06:06:00+05:30,2026-06-05 06:06:00,0,3.5,21.9,19,0,12.2,1.5,12.2,12.2,555,0,12.9,25.1,79,25.7,21.2
2026-06-05T06:00:00+05:30,2026-06-05 06:00:00,1.4,3.5,21.9,21,0,12.2,1.5,12.2,12.2,555,0,7.7,25,79,25.6,21.1
2026-06-05T05:55:00+05:30,2026-06-05 05:55:00,4,11.1,21.9,25,0,12.2,1.5,12.2,12.2,555,0,4.6,25,79,25.6,21.1
2026-06-05T05:50:00+05:30,2026-06-05 05:50:00,10.5,13,21.9,42,0,12.2,1.5,12.2,12.2,555,0,2.5,25.1,79,25.7,21.2
2026-06-05T05:45:00+05:30,2026-06-05 05:45:00,4.7,7.2,21.9,41,0,12.2,1.5,12.2,12.2,555,0,1.3,25,79,25.6,21.1
2026-06-05T05:40:00+05:30,2026-06-05 05:40:00,4,5.5,21.9,37,0,12.2,1.5,12.2,12.2,555,0,0.5,25,79,25.6,21.1
2026-06-05T05:35:00+05:30,2026-06-05 05:35:00,2.9,11.1,21.9,40,0,12.2,1.5,12.2,12.2,555,0,0.1,25.1,79,25.7,21.2
2026-06-05T05:30:00+05:30,2026-06-05 05:30:00,3.5,13,21.9,40,0,12.2,1.5,12.2,12.2,555,0,0,25.1,79,25.7,21.2
2026-06-05T05:25:00+05:30,2026-06-05 05:25:00,4,9.3,21.9,45,0,12.2,1.5,12.2,12.2,555,0,0,25.1,79,25.7,21.2
2026-06-05T05:20:00+05:30,2026-06-05 05:20:00,0,5.5,21.9,39,0,12.2,1.5,12.2,12.2,555,0,0,25.1,79,25.7,21.2
2026-06-05T05:15:00+05:30,2026-06-05 05:15:00,2.9,9.3,21.9,44,0,12.2,1.5,12.2,12.2,555,0,0,25.1,79,25.7,21.2
2026-06-05T05:10:00+05:30,2026-06-05 05:10:00,10.8,14.8,21.9,79,0,12.2,1.5,12.2,12.2,555,0,0,25.1,79,25.7,21.2
2026-06-05T05:05:00+05:30,2026-06-05 05:05:00,3.5,5.5,21.9,32,0,12.2,1.5,12.2,12.2,555,0,0,25.1,79,25.7,21.2
2026-06-05T05:01:00+05:30,2026-06-05 05:01:00,5.5,16.6,21.9,51,0,12.2,1.5,12.2,12.2,555,0,0,25.1,79,25.7,21.2
2026-06-05T04:55:00+05:30,2026-06-05 04:55:00,7.2,13,21.9,87,0,12.2,1.5,12.2,12.2,555,0,0,25.1,79,25.7,21.2
2026-06-05T04:50:00+05:30,2026-06-05 04:50:00,4.3,11.1,21.9,56,0,12.2,1.5,12.2,12.2,555,0,0,25.1,79,25.7,21.2
2026-06-05T04:45:00+05:30,2026-06-05 04:45:00,2.1,14.8,21.9,35,0,12.2,1.5,12.2,12.2,555,0,0,25.2,79,25.9,21.3
2026-06-05T04:40:00+05:30,2026-06-05 04:40:00,5.5,11.1,21.9,45,0,12.2,1.5,12.2,12.2,555,0,0,25.2,79,25.9,21.3
2026-06-05T04:35:00+05:30,2026-06-05 04:35:00,4.7,18.3,21.9,51,0,12.2,1.5,12.2,12.2,555,0,0,25.2,79,25.9,21.3
2026-06-05T04:30:00+05:30,2026-06-05 04:30:00,3.2,11.1,21.9,67,0,12.2,1.5,12.2,12.2,555,0,0,25.3,79,25.9,21.4
2026-06-05T04:25:00+05:30,2026-06-05 04:25:00,4,9.3,21.9,36,0,12.2,1.5,12.2,12.2,555,0,0,25.3,79,25.9,21.4
2026-06-05T04:20:00+05:30,2026-06-05 04:20:00,5.5,13,21.9,48,0,12.2,1.5,12.2,12.2,555,0,0,25.3,79,25.9,21.4
2026-06-05T04:15:00+05:30,2026-06-05 04:15:00,4,18.3,21.9,56,0,12.2,1.5,12.2,12.2,555,0,0,25.3,80,25.9,21.6
2026-06-05T04:10:00+05:30,2026-06-05 04:10:00,3.2,7.2,21.9,80,0,12.2,1.5,12.2,12.2,555,0,0,25.3,80,25.9,21.6
2026-06-05T04:05:00+05:30,2026-06-05 04:05:00,4.7,9.3,21.9,55,0,12.2,1.5,12.2,12.2,555,0,0,25.4,79,26.1,21.5
2026-06-05T04:00:00+05:30,2026-06-05 04:00:00,3.2,11.1,21.9,47,0,12.2,1.5,12.2,12.2,555,0,0,25.3,79,25.9,21.4
2026-06-05T03:55:00+05:30,2026-06-05 03:55:00,4.3,9.3,21.9,71,0,12.2,1.5,12.2,12.2,555,0,0,25.4,79,26.1,21.5
2026-06-05T03:50:00+05:30,2026-06-05 03:50:00,2.9,9.3,21.9,48,0,12.2,1.5,12.2,12.2,555,0,0,25.4,79,26.1,21.5
2026-06-05T03:45:00+05:30,2026-06-05 03:45:00,4,11.1,21.9,78,0,12.2,1.5,12.2,12.2,555,0,0,25.4,79,26.1,21.5
2026-06-05T03:41:00+05:30,2026-06-05 03:41:00,0.6,13,21.9,48,0,12.2,1.5,12.2,12.2,555,0,0,25.4,79,26.1,21.5
2026-06-05T03:35:00+05:30,2026-06-05 03:35:00,9.3,13,21.9,59,0,12.2,1.5,12.2,12.2,555,0,0,25.4,79,26.1,21.5
2026-06-05T03:30:00+05:30,2026-06-05 03:30:00,2.1,3.5,21.9,49,0,12.2,1.5,12.2,12.2,555,0,0,25.4,80,26.1,21.7
2026-06-05T03:25:00+05:30,2026-06-05 03:25:00,8.2,13,21.9,105,0,12.2,1.5,12.2,12.2,555,0,0,25.4,80,26.1,21.7
2026-06-05T03:20:00+05:30,2026-06-05 03:20:00,5.5,9.3,21.9,62,0,12.2,1.5,12.2,12.2,555,0,0,25.4,80,26.1,21.7
2026-06-05T03:15:00+05:30,2026-06-05 03:15:00,5.5,5.5,21.9,64,0,12.2,1.5,12.2,12.2,555,0,0,25.4,80,26.1,21.7
2026-06-05T03:10:00+05:30,2026-06-05 03:10:00,0.6,7.2,21.9,45,0,12.2,1.5,12.2,12.2,555,0,0,25.4,80,26.1,21.7
2026-06-05T03:05:00+05:30,2026-06-05 03:05:00,7.9,11.1,21.9,60,0,12.2,1.5,12.2,12.2,555,0,0,25.4,80,26.1,21.7
2026-06-05T03:00:00+05:30,2026-06-05 03:00:00,2.9,11.1,21.9,46,0,12.2,1.5,12.2,12.2,555,0,0,25.5,80,26.2,21.8
2026-06-05T02:55:00+05:30,2026-06-05 02:55:00,7.2,21.9,21.9,86,0,12.2,1.5,12.2,12.2,555,0,0,25.5,80,26.2,21.8
2026-06-05T02:50:00+05:30,2026-06-05 02:50:00,4,11.1,18.3,101,0,12.2,1.5,12.2,12.2,555,0,0,25.6,80,26.3,21.9
2026-06-05T02:45:00+05:30,2026-06-05 02:45:00,6.4,13,18.3,70,1.8,12.2,1.5,12.2,12.2,555,0,0,25.6,80,26.3,21.9
2026-06-05T02:40:00+05:30,2026-06-05 02:40:00,9.7,18.3,18.3,55,1.8,12.2,1.5,12.2,12.2,555,0,0,25.6,80,26.3,21.9
2026-06-05T02:36:00+05:30,2026-06-05 02:36:00,8.2,18.3,18.3,49,0,11.9,1.3,11.9,11.9,554.5,0,0,25.6,80,26.3,21.9
2026-06-05T02:30:00+05:30,2026-06-05 02:30:00,9.7,18.3,18.3,74,0,11.9,1.3,11.9,11.9,554.5,0,0,25.6,80,26.3,21.9
2026-06-05T02:25:00+05:30,2026-06-05 02:25:00,9.3,14.8,16.6,82,0,11.9,1.3,11.9,11.9,554.5,0,0,25.7,80,26.4,22
2026-06-05T02:20:00+05:30,2026-06-05 02:20:00,7.6,13,16.6,73,0,11.9,1.3,11.9,11.9,554.5,0,0,25.7,80,26.4,22
2026-06-05T02:15:00+05:30,2026-06-05 02:15:00,4,9.3,16.6,72,0,11.9,1.3,11.9,11.9,554.5,0,0,25.7,79,26.4,21.8
2026-06-05T02:10:00+05:30,2026-06-05 02:10:00,3.2,7.2,16.6,69,0,11.9,1.3,11.9,11.9,554.5,0,0,25.7,79,26.4,21.8
2026-06-05T02:05:00+05:30,2026-06-05 02:05:00,2.1,3.5,16.6,46,0,11.9,1.3,11.9,11.9,554.5,0,0,25.7,79,26.4,21.8
2026-06-05T02:00:00+05:30,2026-06-05 02:00:00,4,5.5,16.6,67,0,11.9,1.3,11.9,11.9,554.5,0,0,25.7,80,26.4,22
2026-06-05T01:55:00+05:30,2026-06-05 01:55:00,3.5,13,14.8,66,0,11.9,1.3,11.9,11.9,554.5,0,0,25.8,80,26.5,22.1
2026-06-05T01:50:00+05:30,2026-06-05 01:50:00,4,9.3,14.8,68,0,11.9,1.3,11.9,11.9,554.5,0,0,25.8,79,26.5,21.8
2026-06-05T01:45:00+05:30,2026-06-05 01:45:00,6.1,7.2,14.8,65,0,11.9,1.3,11.9,11.9,554.5,0,0,25.8,79,26.5,21.8
2026-06-05T01:40:00+05:30,2026-06-05 01:40:00,0,3.5,14.8,47,0,11.9,1.3,11.9,11.9,554.5,0,0,25.7,79,26.4,21.8
2026-06-05T01:35:00+05:30,2026-06-05 01:35:00,2.9,5.5,14.8,60,0,11.9,1.3,11.9,11.9,554.5,0,0,25.7,79,26.4,21.8
2026-06-05T01:31:00+05:30,2026-06-05 01:31:00,4.7,5.5,14.8,72,0,11.9,1.3,11.9,11.9,554.5,0,0,25.7,79,26.4,21.8
2026-06-05T01:25:00+05:30,2026-06-05 01:25:00,2.6,5.5,14.8,53,0,11.9,1.3,11.9,11.9,554.5,0,0,25.7,79,26.4,21.8
2026-06-05T01:20:00+05:30,2026-06-05 01:20:00,1.8,7.2,14.8,44,0,11.9,1.3,11.9,11.9,554.5,0,0,25.8,79,26.5,21.8
2026-06-05T01:15:00+05:30,2026-06-05 01:15:00,4.7,9.3,14.8,47,0,11.9,1.3,11.9,11.9,554.5,0,0,25.7,79,26.4,21.8
2026-06-05T01:10:00+05:30,2026-06-05 01:10:00,8.2,11.1,14.8,50,0,11.9,1.3,11.9,11.9,554.5,0,0,25.7,79,26.4,21.8
2026-06-05T01:05:00+05:30,2026-06-05 01:05:00,3.5,9.3,14.8,55,1.3,11.9,1.3,11.9,11.9,554.5,0,0,25.8,79,26.5,21.8
2026-06-05T01:00:00+05:30,2026-06-05 01:00:00,6.4,9.3,14.8,52,0,11.7,1,11.7,11.7,554.5,0,0,25.8,79,26.5,21.8
2026-06-05T00:55:00+05:30,2026-06-05 00:55:00,4,11.1,14.8,55,0,11.7,1,11.7,11.7,554.5,0,0,25.8,79,26.5,21.8
2026-06-05T00:50:00+05:30,2026-06-05 00:50:00,4.3,5.5,13,68,1.8,11.7,1,11.7,11.7,554.5,0,0,25.8,79,26.5,21.8
2026-06-05T00:45:00+05:30,2026-06-05 00:45:00,5.5,11.1,13,85,1.8,11.7,1,11.7,11.7,554.5,0,0,25.8,79,26.5,21.8
2026-06-05T00:40:00+05:30,2026-06-05 00:40:00,3.2,7.2,13,44,0,11.4,0.8,11.4,11.4,554,0,0,25.8,78,26.4,21.7
2026-06-05T00:35:00+05:30,2026-06-05 00:35:00,6.4,11.1,13,91,1.3,11.4,0.8,11.4,11.4,554,0,0,25.9,78,26.6,21.7
2026-06-05T00:30:00+05:30,2026-06-05 00:30:00,5,7.2,13,82,3,11.2,0.5,11.2,11.2,554,0,0,25.9,78,26.6,21.7
2026-06-05T00:25:00+05:30,2026-06-05 00:25:00,2.9,11.1,13,59,3,11.2,0.5,11.2,11.2,554,0,0,25.9,78,26.6,21.7
2026-06-05T00:20:00+05:30,2026-06-05 00:20:00,1.8,9.3,13,60,0,10.7,0,10.7,10.7,553.5,0,0,25.9,78,26.6,21.7
2026-06-05T00:15:00+05:30,2026-06-05 00:15:00,4.7,9.3,13,51,0,10.7,0,10.7,10.7,553.5,0,0,25.9,78,26.6,21.7
2026-06-05T00:10:00+05:30,2026-06-05 00:10:00,4,9.3,11.1,68,0,10.7,0,10.7,10.7,553.5,0,0,25.9,78,26.6,21.7
2026-06-05T00:05:00+05:30,2026-06-05 00:05:00,3.5,5.5,9.3,55,0,10.7,0,10.7,10.7,553.5,0,0,25.9,78,26.6,21.7
2026-06-05T00:00:00+05:30,2026-06-05 00:00:00,3.5,7.2,7.2,110,0,10.7,0,10.7,10.7,553.5,0,0,25.9,78,26.6,21.7
2026-06-04T23:55:00+05:30,2026-06-04 23:55:00,3.2,7.2,25.6,48,0,10.7,3,10.7,10.7,553.5,0,0,26,78,26.7,21.8
2026-06-04T23:50:00+05:30,2026-06-04 23:50:00,11.1,16.6,25.6,41,0,10.7,3,10.7,10.7,553.5,0,0,26,78,26.7,21.8
2026-06-04T23:45:00+05:30,2026-06-04 23:45:00,2.6,7.2,25.6,66,0,10.7,3,10.7,10.7,553.5,0,0,26,77,26.7,21.7
2026-06-04T23:40:00+05:30,2026-06-04 23:40:00,4.3,9.3,25.6,68,0,10.7,3,10.7,10.7,553.5,0,0,26.1,77,26.8,21.8
2026-06-04T23:35:00+05:30,2026-06-04 23:35:00,6.4,13,25.6,101,0,10.7,3,10.7,10.7,553.5,0,0,26.1,78,26.8,21.9
2026-06-04T23:30:00+05:30,2026-06-04 23:30:00,9.7,16.6,25.6,45,0,10.7,3,10.7,10.7,553.5,0,0,26.2,78,26.9,22.1
2026-06-04T23:25:00+05:30,2026-06-04 23:25:00,4.3,16.6,25.6,73,0,10.7,3,10.7,10.7,553.5,0,0,26.2,78,26.9,22.1
2026-06-04T23:20:00+05:30,2026-06-04 23:20:00,10.5,13,25.6,56,0,10.7,3,10.7,10.7,553.5,0,0,26.3,78,27,22.1
2026-06-04T23:15:00+05:30,2026-06-04 23:15:00,9.3,14.8,25.6,66,0,10.7,3,10.7,10.7,553.5,0,0,26.3,78,27,22.1
2026-06-04T23:10:00+05:30,2026-06-04 23:10:00,4,7.2,25.6,54,0,10.7,3,10.7,10.7,553.5,0,0,26.3,78,27,22.1
2026-06-04T23:06:00+05:30,2026-06-04 23:06:00,7.9,9.3,25.6,58,0,10.7,3,10.7,10.7,553.5,0,0,26.3,78,27,22.1
2026-06-04T23:00:00+05:30,2026-06-04 23:00:00,7.2,11.1,25.6,94,0,10.7,3,10.7,10.7,553.5,0,0,26.3,78,27,22.1
2026-06-04T22:55:00+05:30,2026-06-04 22:55:00,3.5,9.3,25.6,60,0,10.7,3,10.7,10.7,553.5,0,0,26.4,78,27.1,22.2
2026-06-04T22:50:00+05:30,2026-06-04 22:50:00,3.5,7.2,25.6,65,0,10.7,3,10.7,10.7,553.5,0,0,26.4,78,27.1,22.2
2026-06-04T22:45:00+05:30,2026-06-04 22:45:00,4,5.5,25.6,78,0,10.7,3,10.7,10.7,553.5,0,0,26.4,78,27.1,22.2
2026-06-04T22:40:00+05:30,2026-06-04 22:40:00,2.6,7.2,25.6,50,0,10.7,3,10.7,10.7,553.5,0,0,26.4,77,27.1,22
2026-06-04T22:35:00+05:30,2026-06-04 22:35:00,3.5,9.3,25.6,63,0,10.7,3,10.7,10.7,553.5,0,0,26.4,77,27.1,22
2026-06-04T22:30:00+05:30,2026-06-04 22:30:00,2.1,3.5,25.6,52,0,10.7,3,10.7,10.7,553.5,0,0,26.4,77,27.1,22
2026-06-04T22:25:00+05:30,2026-06-04 22:25:00,5.5,7.2,25.6,42,0,10.7,3,10.7,10.7,553.5,0,0,26.4,77,27.1,22
2026-06-04T22:20:00+05:30,2026-06-04 22:20:00,2.1,5.5,25.6,54,0,10.7,3,10.7,10.7,553.5,0,0,26.4,77,27.1,22
2026-06-04T22:15:00+05:30,2026-06-04 22:15:00,2.6,7.2,25.6,62,0,10.7,3,10.7,10.7,553.5,0,0,26.4,77,27.1,22
2026-06-04T22:10:00+05:30,2026-06-04 22:10:00,4.7,7.2,25.6,71,0,10.7,3,10.7,10.7,553.5,0,0,26.4,77,27.1,22
2026-06-04T22:05:00+05:30,2026-06-04 22:05:00,3.5,7.2,25.6,70,0,10.7,3,10.7,10.7,553.5,0,0,26.5,77,27.2,22.1
2026-06-04T22:01:00+05:30,2026-06-04 22:01:00,8.7,11.1,25.6,80,1.8,10.7,3,10.7,10.7,553.5,0,0,26.5,77,27.2,22.1
2026-06-04T21:55:00+05:30,2026-06-04 21:55:00,9.7,14.8,25.6,82,1.8,10.7,3,10.7,10.7,553.5,0,0,26.5,77,27.2,22.1
2026-06-04T21:50:00+05:30,2026-06-04 21:50:00,2.9,5.5,25.6,52,0,10.4,2.8,10.4,10.4,553.2,0,0,26.5,77,27.2,22.1
2026-06-04T21:45:00+05:30,2026-06-04 21:45:00,4,7.2,25.6,60,0,10.4,2.8,10.4,10.4,553.2,0,0,26.6,76,27.3,22
2026-06-04T21:40:00+05:30,2026-06-04 21:40:00,1.1,5.5,25.6,42,0,10.4,2.8,10.4,10.4,553.2,0,0,26.6,76,27.3,22
2026-06-04T21:35:00+05:30,2026-06-04 21:35:00,1.8,7.2,25.6,83,0,10.4,2.8,10.4,10.4,553.2,0,0,26.6,76,27.3,22
2026-06-04T21:30:00+05:30,2026-06-04 21:30:00,6.1,14.8,25.6,51,0,10.4,2.8,10.4,10.4,553.2,0,0,26.7,76,28.8,22.1
2026-06-04T21:25:00+05:30,2026-06-04 21:25:00,4,7.2,25.6,71,0,10.4,2.8,10.4,10.4,553.2,0,0,26.7,76,28.8,22.1
2026-06-04T21:20:00+05:30,2026-06-04 21:20:00,5.5,13,25.6,58,0,10.4,2.8,10.4,10.4,553.2,0,0,26.7,76,28.8,22.1
2026-06-04T21:15:00+05:30,2026-06-04 21:15:00,1.8,5.5,25.6,60,0,10.4,2.8,10.4,10.4,553.2,0,0,26.7,76,28.8,22.1
2026-06-04T21:10:00+05:30,2026-06-04 21:10:00,6.4,9.3,25.6,77,0,10.4,2.8,10.4,10.4,553.2,0,0,26.7,76,28.8,22.1
2026-06-04T21:05:00+05:30,2026-06-04 21:05:00,0.6,7.2,25.6,45,0,10.4,2.8,10.4,10.4,553.2,0,0,26.7,76,28.8,22.1
2026-06-04T21:00:00+05:30,2026-06-04 21:00:00,2.9,5.5,25.6,59,0,10.4,2.8,10.4,10.4,553.2,0,0,26.7,76,28.8,22.1
2026-06-04T20:56:00+05:30,2026-06-04 20:56:00,1.4,7.2,25.6,51,0,10.4,2.8,10.4,10.4,553.2,0,0,26.8,76,28.9,22.2
2026-06-04T20:50:00+05:30,2026-06-04 20:50:00,4.7,7.2,25.6,75,0,10.4,2.8,10.4,10.4,553.2,0,0,26.7,76,28.8,22.1
2026-06-04T20:45:00+05:30,2026-06-04 20:45:00,2.9,7.2,25.6,43,0,10.4,2.8,10.4,10.4,553.2,0,0,26.7,76,28.8,22.1
2026-06-04T20:40:00+05:30,2026-06-04 20:40:00,5.8,14.8,25.6,79,0,10.4,2.8,10.4,10.4,553.2,0,0,26.7,76,28.8,22.1
2026-06-04T20:35:00+05:30,2026-06-04 20:35:00,5.5,7.2,25.6,62,0,10.4,2.8,10.4,10.4,553.2,0,0,26.7,76,28.8,22.1
2026-06-04T20:30:00+05:30,2026-06-04 20:30:00,6.9,11.1,25.6,66,0,10.4,2.8,10.4,10.4,553.2,0,0,26.8,76,28.9,22.2
2026-06-04T20:25:00+05:30,2026-06-04 20:25:00,6.9,9.3,25.6,84,0,10.4,2.8,10.4,10.4,553.2,0,0,26.8,76,28.9,22.2
2026-06-04T20:20:00+05:30,2026-06-04 20:20:00,2.9,7.2,25.6,62,0,10.4,2.8,10.4,10.4,553.2,0,0,26.8,76,28.9,22.2
2026-06-04T20:15:00+05:30,2026-06-04 20:15:00,7.2,9.3,25.6,51,0,10.4,2.8,10.4,10.4,553.2,0,0,26.8,76,28.9,22.2
2026-06-04T20:10:00+05:30,2026-06-04 20:10:00,4.7,9.3,25.6,15,0,10.4,2.8,10.4,10.4,553.2,0,0,26.9,76,29.2,22.3
2026-06-04T20:05:00+05:30,2026-06-04 20:05:00,1.8,9.3,25.6,51,0,10.4,2.8,10.4,10.4,553.2,0,0,26.9,76,29.2,22.3
2026-06-04T20:00:00+05:30,2026-06-04 20:00:00,4,7.2,25.6,61,0,10.4,2.8,10.4,10.4,553.2,0,0,26.9,76,29.2,22.3
2026-06-04T19:55:00+05:30,2026-06-04 19:55:00,6.1,11.1,25.6,65,0,10.4,2.8,10.4,10.4,553.2,0,0,27,76,29.4,22.4
2026-06-04T19:50:00+05:30,2026-06-04 19:50:00,2.9,5.5,25.6,71,0,10.4,2.8,10.4,10.4,553.2,0,0,27,76,29.4,22.4
2026-06-04T19:45:00+05:30,2026-06-04 19:45:00,3.2,16.6,25.6,60,0,10.4,2.8,10.4,10.4,553.2,0,0,27,76,29.4,22.4
2026-06-04T19:40:00+05:30,2026-06-04 19:40:00,4,11.1,25.6,86,0,10.4,2.8,10.4,10.4,553.2,0,0,27.1,76,29.6,22.5
2026-06-04T19:36:00+05:30,2026-06-04 19:36:00,6.4,9.3,25.6,50,0,10.4,2.8,10.4,10.4,553.2,0,0,27.1,76,29.6,22.5
2026-06-04T19:30:00+05:30,2026-06-04 19:30:00,2.6,9.3,25.6,66,0,10.4,2.8,10.4,10.4,553.2,0,0,27.1,75,29.5,22.3
2026-06-04T19:25:00+05:30,2026-06-04 19:25:00,4.3,5.5,25.6,47,0,10.4,2.8,10.4,10.4,553.2,0,0,27.1,75,29.5,22.3
2026-06-04T19:20:00+05:30,2026-06-04 19:20:00,2.1,7.2,25.6,52,0,10.4,2.8,10.4,10.4,553.2,0,0,27.1,75,29.5,22.3
2026-06-04T19:15:00+05:30,2026-06-04 19:15:00,3.2,11.1,25.6,76,0,10.4,2.8,10.4,10.4,553.2,0,0,27.1,75,29.5,22.3
2026-06-04T19:10:00+05:30,2026-06-04 19:10:00,4,5.5,25.6,55,0,10.4,2.8,10.4,10.4,553.2,0,0,27.2,75,29.7,22.4
2026-06-04T19:05:00+05:30,2026-06-04 19:05:00,4.7,11.1,25.6,65,0,10.4,2.8,10.4,10.4,553.2,0,0,27.2,75,29.7,22.4
2026-06-04T19:00:00+05:30,2026-06-04 19:00:00,3.2,3.5,25.6,57,1.3,10.4,2.8,10.4,10.4,553.2,0,0,27.2,75,29.7,22.4
2026-06-04T18:55:00+05:30,2026-06-04 18:55:00,7.9,11.1,25.6,27,1.3,10.4,2.8,10.4,10.4,553.2,0,0,27.3,75,29.8,22.4
2026-06-04T18:50:00+05:30,2026-06-04 18:50:00,5.8,11.1,25.6,72,0,10.2,2.5,10.2,10.2,553,0,0,27.3,74,29.7,22.2
2026-06-04T18:45:00+05:30,2026-06-04 18:45:00,3.5,9.3,25.6,56,0,10.2,2.5,10.2,10.2,553,0,0,27.3,74,29.7,22.2
2026-06-04T18:40:00+05:30,2026-06-04 18:40:00,1.8,3.5,25.6,84,0,10.2,2.5,10.2,10.2,553,0,0,27.3,74,29.7,22.2
2026-06-04T18:35:00+05:30,2026-06-04 18:35:00,2.6,7.2,25.6,52,0,10.2,2.5,10.2,10.2,553,0,0,27.3,74,29.7,22.2
2026-06-04T18:31:00+05:30,2026-06-04 18:31:00,3.2,7.2,25.6,61,0,10.2,2.5,10.2,10.2,553,0,0.2,27.4,74,29.9,22.3
2026-06-04T18:25:00+05:30,2026-06-04 18:25:00,3.5,9.3,25.6,51,0,10.2,2.5,10.2,10.2,553,0,0.8,27.4,74,29.9,22.3
2026-06-04T18:20:00+05:30,2026-06-04 18:20:00,3.2,5.5,25.6,66,0,10.2,2.5,10.2,10.2,553,0,1.6,27.4,74,29.9,22.3
2026-06-04T18:15:00+05:30,2026-06-04 18:15:00,5.5,7.2,25.6,96,0,10.2,2.5,10.2,10.2,553,0,3.2,27.4,74,29.9,22.3
2026-06-04T18:10:00+05:30,2026-06-04 18:10:00,6.4,9.3,25.6,58,0,10.2,2.5,10.2,10.2,553,0,5.2,27.5,74,30.2,22.4
2026-06-04T18:05:00+05:30,2026-06-04 18:05:00,3.2,7.2,25.6,46,0,10.2,2.5,10.2,10.2,553,0,8.5,27.5,74,30.2,22.4
2026-06-04T18:00:00+05:30,2026-06-04 18:00:00,9,11.1,25.6,47,0,10.2,2.5,10.2,10.2,553,0,12.5,27.5,74,30.2,22.4
2026-06-04T17:55:00+05:30,2026-06-04 17:55:00,4,13,25.6,68,0,10.2,2.5,10.2,10.2,553,0,15.7,27.5,74,30.2,22.4
2026-06-04T17:50:00+05:30,2026-06-04 17:50:00,4.7,11.1,25.6,53,0,10.2,2.5,10.2,10.2,553,0,20.6,27.5,74,30.2,22.4
2026-06-04T17:45:00+05:30,2026-06-04 17:45:00,1.4,7.2,25.6,50,0,10.2,2.5,10.2,10.2,553,0,26.9,27.5,74,30.2,22.4
2026-06-04T17:40:00+05:30,2026-06-04 17:40:00,4.7,7.2,25.6,45,0,10.2,2.5,10.2,10.2,553,0,29.2,27.5,74,30.2,22.4
2026-06-04T17:35:00+05:30,2026-06-04 17:35:00,3.2,5.5,25.6,44,0,10.2,2.5,10.2,10.2,553,0,31.9,27.6,74,30.4,22.6
2026-06-04T17:30:00+05:30,2026-06-04 17:30:00,6.4,11.1,25.6,96,0,10.2,2.5,10.2,10.2,553,0,33.8,27.6,74,30.4,22.6
2026-06-04T17:26:00+05:30,2026-06-04 17:26:00,5.8,7.2,25.6,75,0,10.2,2.5,10.2,10.2,553,0,37,27.6,74,30.4,22.6
2026-06-04T17:20:00+05:30,2026-06-04 17:20:00,2.9,7.2,25.6,52,0,10.2,2.5,10.2,10.2,553,0,40.7,27.6,74,30.4,22.6
2026-06-04T17:15:00+05:30,2026-06-04 17:15:00,6.1,13,25.6,98,0,10.2,2.5,10.2,10.2,553,0,51.2,27.7,75,30.8,22.9
2026-06-04T17:10:00+05:30,2026-06-04 17:10:00,7.6,9.3,25.6,67,0,10.2,2.5,10.2,10.2,553,0,60.7,27.7,75,30.8,22.9
2026-06-04T17:05:00+05:30,2026-06-04 17:05:00,4.3,7.2,25.6,68,0,10.2,2.5,10.2,10.2,553,0,69.1,27.7,75,30.8,22.9
2026-06-04T17:00:00+05:30,2026-06-04 17:00:00,3.5,5.5,25.6,38,0,10.2,2.5,10.2,10.2,553,0,72.8,27.7,75,30.8,22.9
2026-06-04T16:55:00+05:30,2026-06-04 16:55:00,1.8,11.1,25.6,51,0,10.2,2.5,10.2,10.2,553,0,81.5,27.8,75,30.9,22.9
2026-06-04T16:50:00+05:30,2026-06-04 16:50:00,4.7,7.2,25.6,102,0,10.2,2.5,10.2,10.2,553,1,121.5,27.8,75,30.9,22.9
2026-06-04T16:45:00+05:30,2026-06-04 16:45:00,5,7.2,25.6,73,0,10.2,2.5,10.2,10.2,553,0,96.6,27.9,75,31.1,23.1
2026-06-04T16:40:00+05:30,2026-06-04 16:40:00,2.1,13,25.6,65,1.8,10.2,2.5,10.2,10.2,553,0,66.1,27.9,75,31.1,23.1
2026-06-04T16:35:00+05:30,2026-06-04 16:35:00,4.7,9.3,25.6,57,1.8,10.2,2.5,10.2,10.2,553,0,43.2,28,75,31.3,23.2
2026-06-04T16:30:00+05:30,2026-06-04 16:30:00,4.7,13,25.6,64,0,9.9,2.3,9.9,9.9,552.7,0,33,28.1,74,31.4,23
2026-06-04T16:25:00+05:30,2026-06-04 16:25:00,7.2,13,25.6,95,0,9.9,2.3,9.9,9.9,552.7,0,18.2,28.1,74,31.4,23
2026-06-04T16:20:00+05:30,2026-06-04 16:20:00,3.2,9.3,25.6,50,0,9.9,2.3,9.9,9.9,552.7,0,29.5,28.1,74,31.4,23
2026-06-04T16:15:00+05:30,2026-06-04 16:15:00,10.5,14.8,25.6,75,0,9.9,2.3,9.9,9.9,552.7,0,73.7,28.2,74,31.7,23.1
2026-06-04T16:10:00+05:30,2026-06-04 16:10:00,3.5,9.3,25.6,56,0,9.9,2.3,9.9,9.9,552.7,1,111.1,28.2,74,31.7,23.1
2026-06-04T16:05:00+05:30,2026-06-04 16:05:00,5,7.2,25.6,72,0,9.9,2.3,9.9,9.9,552.7,3,320.3,28.3,74,31.8,23.2
2026-06-04T16:00:00+05:30,2026-06-04 16:00:00,6.1,9.3,25.6,91,0,9.9,2.3,9.9,9.9,552.7,1,190.6,28.3,74,31.8,23.2
2026-06-04T15:55:00+05:30,2026-06-04 15:55:00,7.6,13,25.6,23,0,9.9,2.3,9.9,9.9,552.7,2,214.6,28.4,74,32.1,23.3
2026-06-04T15:50:00+05:30,2026-06-04 15:50:00,4,13,25.6,66,0,9.9,2.3,9.9,9.9,552.7,4,435.3,28.3,74,31.8,23.2
2026-06-04T15:45:00+05:30,2026-06-04 15:45:00,2.1,5.5,25.6,62,0,9.9,2.3,9.9,9.9,552.7,2,228.8,28.3,75,32,23.4
2026-06-04T15:40:00+05:30,2026-06-04 15:40:00,4,11.1,25.6,71,0,9.9,2.3,9.9,9.9,552.7,4,432.1,28.3,75,32,23.4
2026-06-04T15:35:00+05:30,2026-06-04 15:35:00,9.3,13,25.6,128,0,9.9,2.3,9.9,9.9,552.7,1,175.3,28.3,75,32,23.4
2026-06-04T15:30:00+05:30,2026-06-04 15:30:00,2.1,11.1,25.6,91,0,9.9,2.3,9.9,9.9,552.7,1,183.7,28.3,75,32,23.4
2026-06-04T15:25:00+05:30,2026-06-04 15:25:00,8.2,16.6,25.6,125,0,9.9,2.3,9.9,9.9,552.7,2,277.8,28.2,76,32,23.6
2026-06-04T15:20:00+05:30,2026-06-04 15:20:00,7.9,20.1,25.6,71,0,9.9,2.3,9.9,9.9,552.7,4,470.4,28.2,76,32,23.6
2026-06-04T15:15:00+05:30,2026-06-04 15:15:00,2.1,5.5,25.6,92,0,9.9,2.3,9.9,9.9,552.7,5,572.2,28.1,76,31.8,23.4
2026-06-04T15:10:00+05:30,2026-06-04 15:10:00,10.8,18.3,25.6,67,0,9.9,2.3,9.9,9.9,552.7,4,468.1,28.1,76,31.8,23.4
2026-06-04T15:05:00+05:30,2026-06-04 15:05:00,1.8,13,25.6,52,0,9.9,2.3,9.9,9.9,552.7,6,634.5,28.1,76,31.8,23.4
2026-06-04T15:01:00+05:30,2026-06-04 15:01:00,4.3,13,25.6,64,0,9.9,2.3,9.9,9.9,552.7,2,257,28.2,76,32,23.6
2026-06-04T14:55:00+05:30,2026-06-04 14:55:00,5.5,13,25.6,115,0,9.9,2.3,9.9,9.9,552.7,3,360.7,28.2,76,32,23.6
2026-06-04T14:50:00+05:30,2026-06-04 14:50:00,5.8,9.3,25.6,70,0,9.9,2.3,9.9,9.9,552.7,2,215.8,28.3,76,32.2,23.6
2026-06-04T14:45:00+05:30,2026-06-04 14:45:00,4,16.6,25.6,81,1.3,9.9,2.3,9.9,9.9,552.7,1,147.7,28.4,76,32.4,23.7
2026-06-04T14:40:00+05:30,2026-06-04 14:40:00,5.5,11.1,25.6,94,0,9.7,2,9.7,9.7,552.4,1,130.9,28.4,76,32.4,23.7
2026-06-04T14:35:00+05:30,2026-06-04 14:35:00,2.9,7.2,25.6,29,3.6,9.7,2,9.7,9.7,552.4,1,115.2,28.4,76,32.4,23.7
2026-06-04T14:30:00+05:30,2026-06-04 14:30:00,10.1,18.3,25.6,95,3.6,9.7,2,9.7,9.7,552.4,1,183.2,28.5,75,32.5,23.6
2026-06-04T14:25:00+05:30,2026-06-04 14:25:00,6.4,13,25.6,75,0,9.1,1.5,9.1,9.1,551.7,0,95.3,28.5,75,32.5,23.6
2026-06-04T14:20:00+05:30,2026-06-04 14:20:00,5,13,25.6,20,0,9.1,1.5,9.1,9.1,551.7,1,149.3,28.5,75,32.5,23.6
2026-06-04T14:15:00+05:30,2026-06-04 14:15:00,6.4,14.8,25.6,83,0,9.1,1.5,9.1,9.1,551.7,2,234.4,28.5,74,32.3,23.4
2026-06-04T14:10:00+05:30,2026-06-04 14:10:00,4,9.3,25.6,82,0,9.1,1.5,9.1,9.1,551.7,1,153.2,28.5,73,32.2,23.2
2026-06-04T14:05:00+05:30,2026-06-04 14:05:00,3.2,18.3,25.6,22,0,9.1,1.5,9.1,9.1,551.7,0,82,28.5,73,32.2,23.2
2026-06-04T14:00:00+05:30,2026-06-04 14:00:00,13.4,18.3,25.6,86,0,9.1,1.5,9.1,9.1,551.7,2,271.5,28.5,73,32.2,23.2
2026-06-04T13:56:00+05:30,2026-06-04 13:56:00,4.7,7.2,25.6,64,0,9.1,1.5,9.1,9.1,551.7,3,354,28.5,73,32.2,23.2
2026-06-04T13:50:00+05:30,2026-06-04 13:50:00,5.8,13,25.6,104,0,9.1,1.5,9.1,9.1,551.7,7,769.9,28.4,73,31.9,23.1
2026-06-04T13:45:00+05:30,2026-06-04 13:45:00,1.4,11.1,25.6,61,0,9.1,1.5,9.1,9.1,551.7,6,662.5,28.4,73,31.9,23.1
2026-06-04T13:40:00+05:30,2026-06-04 13:40:00,3.2,11.1,25.6,40,0,9.1,1.5,9.1,9.1,551.7,3,330.3,28.3,73,31.7,22.9
2026-06-04T13:35:00+05:30,2026-06-04 13:35:00,1.8,16.6,25.6,40,0,9.1,1.5,9.1,9.1,551.7,2,226.6,28.3,73,31.7,22.9
2026-06-04T13:30:00+05:30,2026-06-04 13:30:00,7.9,13,25.6,63,0,9.1,1.5,9.1,9.1,551.7,5,529.3,28.3,74,31.8,23.2
2026-06-04T13:25:00+05:30,2026-06-04 13:25:00,4.3,16.6,25.6,49,0,9.1,1.5,9.1,9.1,551.7,3,400.6,28.3,74,31.8,23.2
2026-06-04T13:20:00+05:30,2026-06-04 13:20:00,0,18.3,25.6,87,0,9.1,1.5,9.1,9.1,551.7,6,658.6,28.2,74,31.7,23.1
2026-06-04T13:15:00+05:30,2026-06-04 13:15:00,4.7,14.8,25.6,84,0,9.1,1.5,9.1,9.1,551.7,3,361.6,28.2,75,31.8,23.3
2026-06-04T13:10:00+05:30,2026-06-04 13:10:00,5,18.3,25.6,60,0,9.1,1.5,9.1,9.1,551.7,9,928.8,28.1,75,31.6,23.3
2026-06-04T13:05:00+05:30,2026-06-04 13:05:00,11.1,20.1,25.6,78,0,9.1,1.5,9.1,9.1,551.7,3,331.2,28.2,76,32,23.6
2026-06-04T13:00:00+05:30,2026-06-04 13:00:00,2.1,5.5,25.6,52,0,9.1,1.5,9.1,9.1,551.7,7,820.5,28.1,75,31.6,23.3
2026-06-04T12:55:00+05:30,2026-06-04 12:55:00,5.8,25.6,25.6,76,0,9.1,1.5,9.1,9.1,551.7,5,561.8,28.1,76,31.8,23.4
2026-06-04T12:51:00+05:30,2026-06-04 12:51:00,2.9,14.8,25.6,68,0,9.1,1.5,9.1,9.1,551.7,4,460.4,28,76,31.5,23.4
2026-06-04T12:45:00+05:30,2026-06-04 12:45:00,5.8,13,25.6,61,0,9.1,1.5,9.1,9.1,551.7,10,1089.1,28,76,31.5,23.4
2026-06-04T12:40:00+05:30,2026-06-04 12:40:00,1.8,3.5,25.6,51,0,9.1,1.5,9.1,9.1,551.7,4,443.3,28,76,31.5,23.4
2026-06-04T12:35:00+05:30,2026-06-04 12:35:00,7.9,14.8,25.6,56,0,9.1,1.5,9.1,9.1,551.7,4,421.7,28,75,31.3,23.2
2026-06-04T12:30:00+05:30,2026-06-04 12:30:00,3.5,11.1,25.6,47,0,9.1,1.5,9.1,9.1,551.7,1,186.8,28,76,31.5,23.4
2026-06-04T12:25:00+05:30,2026-06-04 12:25:00,2.9,11.1,25.6,49,0,9.1,1.5,9.1,9.1,551.7,1,134.3,27.9,76,31.3,23.3
2026-06-04T12:20:00+05:30,2026-06-04 12:20:00,5.5,16.6,25.6,83,0,9.1,1.5,9.1,9.1,551.7,2,291.3,27.9,76,31.3,23.3
2026-06-04T12:15:00+05:30,2026-06-04 12:15:00,11.1,14.8,25.6,51,0,9.1,1.5,9.1,9.1,551.7,2,236.5,27.9,76,31.3,23.3
2026-06-04T12:10:00+05:30,2026-06-04 12:10:00,7.2,11.1,23.8,90,0,9.1,1.5,9.1,9.1,551.7,2,296.6,27.9,75,31.1,23.1
2026-06-04T12:05:00+05:30,2026-06-04 12:05:00,5.5,18.3,21.9,45,0,9.1,1.5,9.1,9.1,551.7,4,483.5,27.8,75,30.9,22.9
2026-06-04T12:00:00+05:30,2026-06-04 12:00:00,10.5,14.8,21.9,62,0,9.1,1.5,9.1,9.1,551.7,2,296.3,27.8,76,31,23.2
2026-06-04T11:55:00+05:30,2026-06-04 11:55:00,4.3,13,21.9,84,0,9.1,1.5,9.1,9.1,551.7,2,233.9,27.7,76,30.9,23.1
2026-06-04T11:50:00+05:30,2026-06-04 11:50:00,1.8,7.2,21.9,62,0,9.1,1.5,9.1,9.1,551.7,3,357.1,27.6,76,30.7,23
2026-06-04T11:45:00+05:30,2026-06-04 11:45:00,4,14.8,21.9,39,0,9.1,1.5,9.1,9.1,551.7,9,925.5,27.6,76,30.7,23
2026-06-04T11:40:00+05:30,2026-06-04 11:40:00,4,7.2,21.9,111,0,9.1,1.5,9.1,9.1,551.7,4,416.8,27.6,76,30.7,23
2026-06-04T11:35:00+05:30,2026-06-04 11:35:00,4,7.2,21.9,49,0,9.1,1.5,9.1,9.1,551.7,3,340.8,27.5,76,30.4,22.9
2026-06-04T11:31:00+05:30,2026-06-04 11:31:00,8.7,11.1,21.9,106,0,9.1,1.5,9.1,9.1,551.7,8,857.8,27.5,76,30.4,22.9
2026-06-04T11:25:00+05:30,2026-06-04 11:25:00,4.3,7.2,21.9,57,0,9.1,1.5,9.1,9.1,551.7,9,931,27.5,77,30.5,23.1
2026-06-04T11:20:00+05:30,2026-06-04 11:20:00,4.7,9.3,21.9,73,0,9.1,1.5,9.1,9.1,551.7,2,237,27.4,77,30.3,23
2026-06-04T11:15:00+05:30,2026-06-04 11:15:00,4.3,16.6,21.9,88,0,9.1,1.5,9.1,9.1,551.7,6,676.5,27.4,77,30.3,23
2026-06-04T11:10:00+05:30,2026-06-04 11:10:00,7.2,14.8,21.9,78,0,9.1,1.5,9.1,9.1,551.7,7,722.9,27.4,77,30.3,23
2026-06-04T11:05:00+05:30,2026-06-04 11:05:00,5.5,9.3,21.9,48,0,9.1,1.5,9.1,9.1,551.7,1,123.7,27.4,77,30.3,23
2026-06-04T11:00:00+05:30,2026-06-04 11:00:00,7.9,13,21.9,70,0,9.1,1.5,9.1,9.1,551.7,1,188.5,27.3,77,30.1,22.9
2026-06-04T10:55:00+05:30,2026-06-04 10:55:00,5.8,11.1,21.9,35,0,9.1,1.5,9.1,9.1,551.7,1,178.5,27.3,77,30.1,22.9
2026-06-04T10:50:00+05:30,2026-06-04 10:50:00,7.9,9.3,21.9,64,0,9.1,1.5,9.1,9.1,551.7,2,210.5,27.3,78,30.2,23.1
2026-06-04T10:45:00+05:30,2026-06-04 10:45:00,5.5,13,21.9,68,0,9.1,1.5,9.1,9.1,551.7,3,369.4,27.2,78,30.1,23.1
2026-06-04T10:40:00+05:30,2026-06-04 10:40:00,6.4,9.3,21.9,70,0,9.1,1.5,9.1,9.1,551.7,9,960.5,27.2,78,30.1,23.1
2026-06-04T10:35:00+05:30,2026-06-04 10:35:00,4,13,21.9,33,0,9.1,1.5,9.1,9.1,551.7,9,925.4,27.2,78,30.1,23.1
2026-06-04T10:30:00+05:30,2026-06-04 10:30:00,4.7,13,21.9,118,0,9.1,1.5,9.1,9.1,551.7,9,932,27.1,79,29.9,23.2
2026-06-04T10:26:00+05:30,2026-06-04 10:26:00,4.3,11.1,21.9,51,0,9.1,1.5,9.1,9.1,551.7,3,324.1,27.1,79,29.9,23.2
2026-06-04T10:20:00+05:30,2026-06-04 10:20:00,1.8,14.8,21.9,66,0,9.1,1.5,9.1,9.1,551.7,3,397.2,27,79,29.7,23.1
2026-06-04T10:15:00+05:30,2026-06-04 10:15:00,3.5,13,21.9,67,0,9.1,1.5,9.1,9.1,551.7,8,865.4,27,79,29.7,23.1
2026-06-04T10:10:00+05:30,2026-06-04 10:10:00,8.7,16.6,21.9,44,0,9.1,1.5,9.1,9.1,551.7,7,760,26.9,79,29.4,22.9
2026-06-04T10:05:00+05:30,2026-06-04 10:05:00,4.3,14.8,21.9,51,0,9.1,1.5,9.1,9.1,551.7,2,236.6,26.9,79,29.4,22.9
2026-06-04T10:00:00+05:30,2026-06-04 10:00:00,4.3,20.1,21.9,78,0,9.1,1.5,9.1,9.1,551.7,1,182.3,26.9,79,29.4,22.9
2026-06-04T09:55:00+05:30,2026-06-04 09:55:00,2.6,9.3,21.9,59,0,9.1,1.5,9.1,9.1,551.7,4,457.5,26.8,80,29.3,23.1
2026-06-04T09:50:00+05:30,2026-06-04 09:50:00,8.7,16.6,21.9,89,0,9.1,1.5,9.1,9.1,551.7,2,263.3,26.8,80,29.3,23.1
2026-06-04T09:45:00+05:30,2026-06-04 09:45:00,5.8,21.9,21.9,79,0,9.1,1.5,9.1,9.1,551.7,8,852.7,26.8,80,29.3,23.1
2026-06-04T09:40:00+05:30,2026-06-04 09:40:00,15.4,18.3,21.9,75,0,9.1,1.5,9.1,9.1,551.7,6,622.5,26.7,81,29.2,23.2
2026-06-04T09:35:00+05:30,2026-06-04 09:35:00,3.2,3.5,21.9,56,0,9.1,1.5,9.1,9.1,551.7,7,765,26.7,81,29.2,23.2
2026-06-04T09:30:00+05:30,2026-06-04 09:30:00,3.2,13,21.9,77,0,9.1,1.5,9.1,9.1,551.7,6,703.6,26.6,81,27.4,23.1
2026-06-04T09:25:00+05:30,2026-06-04 09:25:00,3.5,7.2,21.9,56,0,9.1,1.5,9.1,9.1,551.7,6,671.9,26.6,81,27.4,23.1
2026-06-04T09:21:00+05:30,2026-06-04 09:21:00,3.5,5.5,21.9,56,0,9.1,1.5,9.1,9.1,551.7,6,632.3,26.5,81,27.3,22.9
2026-06-04T09:15:00+05:30,2026-06-04 09:15:00,4.7,11.1,21.9,47,0,9.1,1.5,9.1,9.1,551.7,6,621.3,26.5,81,27.3,22.9
2026-06-04T09:10:00+05:30,2026-06-04 09:10:00,10.8,13,21.9,51,0,9.1,1.5,9.1,9.1,551.7,6,667.5,26.4,81,27.2,22.8
2026-06-04T09:05:00+05:30,2026-06-04 09:05:00,2.6,13,21.9,181,1.3,9.1,1.5,9.1,9.1,551.7,5,598,26.4,80,27.2,22.7
2026-06-04T09:00:00+05:30,2026-06-04 09:00:00,4.7,7.2,21.9,64,3,9.1,1.5,9.1,9.1,551.7,5,565.7,26.4,80,27.2,22.7
2026-06-04T08:55:00+05:30,2026-06-04 08:55:00,4.7,11.1,21.9,92,7.9,8.9,1.3,8.9,8.9,551.7,0,100.7,26.5,80,27.3,22.8
2026-06-04T08:50:00+05:30,2026-06-04 08:50:00,5.5,16.6,21.9,43,4.8,8.4,0.8,8.4,8.4,551.2,1,130.5,26.5,80,27.3,22.8
2026-06-04T08:45:00+05:30,2026-06-04 08:45:00,10.5,21.9,21.9,88,0,7.6,0,7.6,7.6,550.4,1,130.9,26.4,80,27.2,22.7
2026-06-04T08:40:00+05:30,2026-06-04 08:40:00,2.9,9.3,21.9,45,0,7.6,0,7.6,7.6,550.4,5,563,26.4,80,27.2,22.7
2026-06-04T08:35:00+05:30,2026-06-04 08:35:00,3.5,7.2,21.9,53,0,7.6,0,7.6,7.6,550.4,5,576.4,26.3,80,27.1,22.6
2026-06-04T08:30:00+05:30,2026-06-04 08:30:00,6.4,14.8,21.9,26,0,7.6,0,7.6,7.6,550.4,1,148.3,26.3,79,27,22.3
2026-06-04T08:25:00+05:30,2026-06-04 08:25:00,7.9,18.3,21.9,65,0,7.6,0,7.6,7.6,550.4,5,572.9,26.3,79,27,22.3
2026-06-04T08:20:00+05:30,2026-06-04 08:20:00,10.5,16.6,21.9,95,0,7.6,0,7.6,7.6,550.4,4,511.5,26.3,79,27,22.3
2026-06-04T08:15:00+05:30,2026-06-04 08:15:00,3.5,9.3,21.9,80,0,7.6,0,7.6,7.6,550.4,4,472.8,26.3,79,27,22.3
2026-06-04T08:10:00+05:30,2026-06-04 08:10:00,4.7,14.8,21.9,66,0,7.6,0,7.6,7.6,550.4,1,114.7,26.3,79,27,22.3
2026-06-04T08:05:00+05:30,2026-06-04 08:05:00,4.3,5.5,21.9,62,0,7.6,0,7.6,7.6,550.4,1,147.9,26.3,79,27,22.3
2026-06-04T08:00:00+05:30,2026-06-04 08:00:00,2.9,9.3,21.9,82,0,7.6,0,7.6,7.6,550.4,0,94,26.3,79,27,22.3
2026-06-04T07:55:00+05:30,2026-06-04 07:55:00,4,7.2,21.9,45,0,7.6,0,7.6,7.6,550.4,0,39.9,26.3,79,27,22.3
2026-06-04T07:50:00+05:30,2026-06-04 07:50:00,4.3,5.5,21.9,75,0,7.6,0,7.6,7.6,550.4,1,121.2,26.2,79,26.9,22.3
2026-06-04T07:45:00+05:30,2026-06-04 07:45:00,6.4,7.2,21.9,100,0,7.6,0,7.6,7.6,550.4,1,142.7,26.2,79,26.9,22.3
2026-06-04T07:40:00+05:30,2026-06-04 07:40:00,8.2,11.1,21.9,90,0,7.6,0,7.6,7.6,550.4,1,146.9,26.2,79,26.9,22.3
2026-06-04T07:35:00+05:30,2026-06-04 07:35:00,0,3.5,21.9,62,0,7.6,0,7.6,7.6,550.4,2,287,26.1,79,26.8,22.2
2026-06-04T07:30:00+05:30,2026-06-04 07:30:00,10.5,13,21.9,55,0,7.6,0,7.6,7.6,550.4,2,240.5,26.1,79,26.8,22.2
2026-06-04T07:25:00+05:30,2026-06-04 07:25:00,3.2,14.8,21.9,60,0,7.6,0,7.6,7.6,550.4,2,223,26.1,79,26.8,22.2
2026-06-04T07:20:00+05:30,2026-06-04 07:20:00,3.5,14.8,21.9,68,0,7.6,0,7.6,7.6,550.4,1,200.8,26,79,26.7,22.1
2026-06-04T07:15:00+05:30,2026-06-04 07:15:00,3.5,11.1,21.9,68,0,7.6,0,7.6,7.6,550.4,1,178.4,26,79,26.7,22.1
2026-06-04T07:10:00+05:30,2026-06-04 07:10:00,4,7.2,21.9,53,0,7.6,0,7.6,7.6,550.4,1,162.7,25.9,79,26.6,21.9
2026-06-04T07:05:00+05:30,2026-06-04 07:05:00,7.9,16.6,21.9,92,0,7.6,0,7.6,7.6,550.4,1,141.1,25.9,79,26.6,21.9
2026-06-04T07:00:00+05:30,2026-06-04 07:00:00,6.9,9.3,21.9,90,0,7.6,0,7.6,7.6,550.4,1,113.4,25.9,79,26.6,21.9
2026-06-04T06:56:00+05:30,2026-06-04 06:56:00,2.1,13,21.9,33,0,7.6,0,7.6,7.6,550.4,0,56.9,25.8,79,26.5,21.8
2026-06-04T06:50:00+05:30,2026-06-04 06:50:00,3.5,7.2,21.9,11,0,7.6,0,7.6,7.6,550.4,0,77.9,25.8,79,26.5,21.8
2026-06-04T06:45:00+05:30,2026-06-04 06:45:00,3.5,13,21.9,87,0,7.6,0,7.6,7.6,550.4,0,63.6,25.8,78,26.4,21.7
2026-06-04T06:40:00+05:30,2026-06-04 06:40:00,5,11.1,21.9,70,0,7.6,0,7.6,7.6,550.4,0,23.5,25.8,78,26.4,21.7
2026-06-04T06:35:00+05:30,2026-06-04 06:35:00,6.1,7.2,21.9,42,0,7.6,0,7.6,7.6,550.4,0,18.4,25.8,78,26.4,21.7
2026-06-04T06:30:00+05:30,2026-06-04 06:30:00,3.5,9.3,21.9,64,0,7.6,0,7.6,7.6,550.4,0,20.7,25.8,78,26.4,21.7
2026-06-04T06:25:00+05:30,2026-06-04 06:25:00,3.5,9.3,21.9,76,0,7.6,0,7.6,7.6,550.4,0,33.6,25.8,78,26.4,21.7
2026-06-04T06:20:00+05:30,2026-06-04 06:20:00,2.1,7.2,21.9,50,0,7.6,0,7.6,7.6,550.4,0,47.1,25.8,78,26.4,21.7
2026-06-04T06:15:00+05:30,2026-06-04 06:15:00,7.2,9.3,21.9,27,0,7.6,0,7.6,7.6,550.4,0,18.7,25.8,78,26.4,21.7
2026-06-04T06:10:00+05:30,2026-06-04 06:10:00,7.9,9.3,21.9,17,0,7.6,0,7.6,7.6,550.4,0,13.6,25.9,78,26.6,21.7
2026-06-04T06:05:00+05:30,2026-06-04 06:05:00,4,7.2,21.9,18,0,7.6,0,7.6,7.6,550.4,0,10.7,25.9,78,26.6,21.7
2026-06-04T06:00:00+05:30,2026-06-04 06:00:00,7.2,9.3,21.9,18,0,7.6,0,7.6,7.6,550.4,0,7.6,25.9,78,26.6,21.7
2026-06-04T05:55:00+05:30,2026-06-04 05:55:00,2.9,7.2,21.9,20,0,7.6,0,7.6,7.6,550.4,0,4.4,25.9,78,26.6,21.7
2026-06-04T05:51:00+05:30,2026-06-04 05:51:00,4.3,5.5,21.9,20,0,7.6,0,7.6,7.6,550.4,0,2.4,25.9,78,26.6,21.7
2026-06-04T05:45:00+05:30,2026-06-04 05:45:00,4.3,7.2,21.9,20,0,7.6,0,7.6,7.6,550.4,0,1.3,25.9,78,26.6,21.7
2026-06-04T05:40:00+05:30,2026-06-04 05:40:00,4.7,7.2,21.9,20,0,7.6,0,7.6,7.6,550.4,0,0.5,25.9,78,26.6,21.7
2026-06-04T05:35:00+05:30,2026-06-04 05:35:00,1.1,7.2,21.9,31,0,7.6,0,7.6,7.6,550.4,0,0.1,25.9,78,26.6,21.7
2026-06-04T05:30:00+05:30,2026-06-04 05:30:00,6.4,9.3,21.9,38,0,7.6,0,7.6,7.6,550.4,0,0,25.9,78,26.6,21.7
2026-06-04T05:25:00+05:30,2026-06-04 05:25:00,4,5.5,21.9,37,0,7.6,0,7.6,7.6,550.4,0,0,26,77,26.7,21.7
2026-06-04T05:20:00+05:30,2026-06-04 05:20:00,4.7,9.3,21.9,50,0,7.6,0,7.6,7.6,550.4,0,0,26,77,26.7,21.7
2026-06-04T05:15:00+05:30,2026-06-04 05:15:00,9.7,14.8,21.9,37,0,7.6,0,7.6,7.6,550.4,0,0,26,77,26.7,21.7
2026-06-04T05:10:00+05:30,2026-06-04 05:10:00,5.5,7.2,21.9,56,0,7.6,0,7.6,7.6,550.4,0,0,26,77,26.7,21.7
2026-06-04T05:05:00+05:30,2026-06-04 05:05:00,1.4,5.5,21.9,40,0,7.6,0,7.6,7.6,550.4,0,0,26,77,26.7,21.7
2026-06-04T05:00:00+05:30,2026-06-04 05:00:00,4,7.2,21.9,77,0,7.6,0,7.6,7.6,550.4,0,0,26,77,26.7,21.7
2026-06-04T04:55:00+05:30,2026-06-04 04:55:00,4.3,5.5,21.9,48,0,7.6,0,7.6,7.6,550.4,0,0,26,77,26.7,21.7
2026-06-04T04:50:00+05:30,2026-06-04 04:50:00,3.5,7.2,21.9,44,0,7.6,0,7.6,7.6,550.4,0,0,26,77,26.7,21.7
2026-06-04T04:46:00+05:30,2026-06-04 04:46:00,6.1,7.2,21.9,51,0,7.6,0,7.6,7.6,550.4,0,0,26,77,26.7,21.7
2026-06-04T04:40:00+05:30,2026-06-04 04:40:00,3.5,5.5,21.9,43,0,7.6,0,7.6,7.6,550.4,0,0,26,77,26.7,21.7
2026-06-04T04:35:00+05:30,2026-06-04 04:35:00,2.1,7.2,21.9,63,0,7.6,0,7.6,7.6,550.4,0,0,26,77,26.7,21.7
2026-06-04T04:30:00+05:30,2026-06-04 04:30:00,0,3.5,21.9,62,0,7.6,0,7.6,7.6,550.4,0,0,26,77,26.7,21.7
2026-06-04T04:25:00+05:30,2026-06-04 04:25:00,4.3,7.2,21.9,51,0,7.6,0,7.6,7.6,550.4,0,0,26,77,26.7,21.7
2026-06-04T04:20:00+05:30,2026-06-04 04:20:00,7.6,9.3,21.9,71,0,7.6,0,7.6,7.6,550.4,0,0,26,77,26.7,21.7
2026-06-04T04:15:00+05:30,2026-06-04 04:15:00,4.7,9.3,21.9,71,0,7.6,0,7.6,7.6,550.4,0,0,26,77,26.7,21.7
2026-06-04T04:10:00+05:30,2026-06-04 04:10:00,5.8,7.2,21.9,62,0,7.6,0,7.6,7.6,550.4,0,0,26,77,26.7,21.7
2026-06-04T04:05:00+05:30,2026-06-04 04:05:00,5.5,7.2,21.9,50,0,7.6,0,7.6,7.6,550.4,0,0,26,77,26.7,21.7
2026-06-04T04:00:00+05:30,2026-06-04 04:00:00,5.5,11.1,21.9,46,0,7.6,0,7.6,7.6,550.4,0,0,26,77,26.7,21.7
2026-06-04T03:55:00+05:30,2026-06-04 03:55:00,7.6,9.3,21.9,77,0,7.6,0,7.6,7.6,550.4,0,0,26,77,26.7,21.7
2026-06-04T03:50:00+05:30,2026-06-04 03:50:00,2.9,11.1,21.9,53,0,7.6,0,7.6,7.6,550.4,0,0,26.1,77,26.8,21.8
2026-06-04T03:45:00+05:30,2026-06-04 03:45:00,4.7,9.3,21.9,71,0,7.6,0,7.6,7.6,550.4,0,0,26,77,26.7,21.7
2026-06-04T03:40:00+05:30,2026-06-04 03:40:00,1.8,5.5,21.9,48,0,7.6,0,7.6,7.6,550.4,0,0,26.1,77,26.8,21.8
2026-06-04T03:35:00+05:30,2026-06-04 03:35:00,3.5,5.5,21.9,58,0,7.6,0,7.6,7.6,550.4,0,0,26.1,77,26.8,21.8
2026-06-04T03:30:00+05:30,2026-06-04 03:30:00,5.5,11.1,21.9,92,0,7.6,0,7.6,7.6,550.4,0,0,26.1,77,26.8,21.8
2026-06-04T03:25:00+05:30,2026-06-04 03:25:00,4.7,14.8,21.9,86,0,7.6,0,7.6,7.6,550.4,0,0,26.2,77,26.9,21.8
2026-06-04T03:20:00+05:30,2026-06-04 03:20:00,9.3,16.6,20.1,86,0,7.6,0,7.6,7.6,550.4,0,0,26.2,77,26.9,21.8
2026-06-04T03:15:00+05:30,2026-06-04 03:15:00,0,5.5,20.1,54,0,7.6,0,7.6,7.6,550.4,0,0,26.2,77,26.9,21.8
2026-06-04T03:10:00+05:30,2026-06-04 03:10:00,6.1,7.2,20.1,75,0,7.6,0,7.6,7.6,550.4,0,0,26.2,77,26.9,21.8
2026-06-04T03:05:00+05:30,2026-06-04 03:05:00,4,9.3,20.1,49,0,7.6,0,7.6,7.6,550.4,0,0,26.2,77,26.9,21.8
2026-06-04T03:00:00+05:30,2026-06-04 03:00:00,1.8,7.2,20.1,49,0,7.6,0,7.6,7.6,550.4,0,0,26.2,77,26.9,21.8
2026-06-04T02:55:00+05:30,2026-06-04 02:55:00,1.8,7.2,20.1,61,0,7.6,0,7.6,7.6,550.4,0,0,26.2,77,26.9,21.8
2026-06-04T02:50:00+05:30,2026-06-04 02:50:00,1.4,5.5,20.1,72,0,7.6,0,7.6,7.6,550.4,0,0,26.2,77,26.9,21.8
2026-06-04T02:45:00+05:30,2026-06-04 02:45:00,1.8,5.5,20.1,60,0,7.6,0,7.6,7.6,550.4,0,0,26.2,77,26.9,21.8
2026-06-04T02:40:00+05:30,2026-06-04 02:40:00,0,5.5,20.1,49,0,7.6,0,7.6,7.6,550.4,0,0,26.2,77,26.9,21.8
2026-06-04T02:36:00+05:30,2026-06-04 02:36:00,2.1,7.2,20.1,52,0,7.6,0,7.6,7.6,550.4,0,0,26.2,77,26.9,21.8
2026-06-04T02:30:00+05:30,2026-06-04 02:30:00,4,11.1,20.1,55,0,7.6,0,7.6,7.6,550.4,0,0,26.2,77,26.9,21.8
2026-06-04T02:25:00+05:30,2026-06-04 02:25:00,5,9.3,20.1,84,0,7.6,0,7.6,7.6,550.4,0,0,26.2,77,26.9,21.8
2026-06-04T02:20:00+05:30,2026-06-04 02:20:00,1.8,3.5,20.1,51,0,7.6,0,7.6,7.6,550.4,0,0,26.2,77,26.9,21.8
2026-06-04T02:15:00+05:30,2026-06-04 02:15:00,0.3,5.5,20.1,53,0,7.6,0,7.6,7.6,550.4,0,0,26.2,77,26.9,21.8
2026-06-04T02:10:00+05:30,2026-06-04 02:10:00,3.5,7.2,20.1,45,0,7.6,0,7.6,7.6,550.4,0,0,26.2,77,26.9,21.8
2026-06-04T02:05:00+05:30,2026-06-04 02:05:00,2.9,11.1,20.1,66,0,7.6,0,7.6,7.6,550.4,0,0,26.2,77,26.9,21.8
2026-06-04T02:00:00+05:30,2026-06-04 02:00:00,5,11.1,20.1,82,0,7.6,0,7.6,7.6,550.4,0,0,26.2,77,26.9,21.8
2026-06-04T01:55:00+05:30,2026-06-04 01:55:00,4,13,20.1,51,0,7.6,0,7.6,7.6,550.4,0,0,26.2,77,26.9,21.8
2026-06-04T01:50:00+05:30,2026-06-04 01:50:00,4,9.3,20.1,67,0,7.6,0,7.6,7.6,550.4,0,0,26.3,77,26.9,21.9
2026-06-04T01:45:00+05:30,2026-06-04 01:45:00,5.8,9.3,20.1,49,0,7.6,0,7.6,7.6,550.4,0,0,26.2,77,26.9,21.8
2026-06-04T01:40:00+05:30,2026-06-04 01:40:00,7.2,13,20.1,49,0,7.6,0,7.6,7.6,550.4,0,0,26.3,77,26.9,21.9
2026-06-04T01:35:00+05:30,2026-06-04 01:35:00,4.3,14.8,20.1,89,0,7.6,0,7.6,7.6,550.4,0,0,26.4,77,27.1,22
2026-06-04T01:30:00+05:30,2026-06-04 01:30:00,9.3,11.1,20.1,86,0,7.6,0,7.6,7.6,550.4,0,0,26.4,77,27.1,22
2026-06-04T01:25:00+05:30,2026-06-04 01:25:00,2.6,13,20.1,47,0,7.6,0,7.6,7.6,550.4,0,0,26.4,77,27.1,22
2026-06-04T01:20:00+05:30,2026-06-04 01:20:00,9.3,11.1,20.1,71,0,7.6,0,7.6,7.6,550.4,0,0,26.4,76,27.1,21.8
2026-06-04T01:16:00+05:30,2026-06-04 01:16:00,2.9,5.5,20.1,61,0,7.6,0,7.6,7.6,550.4,0,0,26.5,76,27.2,21.9
2026-06-04T01:10:00+05:30,2026-06-04 01:10:00,6.1,14.8,14.8,102,0,7.6,0,7.6,7.6,550.4,0,0,26.5,76,27.2,21.9
2026-06-04T01:05:00+05:30,2026-06-04 01:05:00,3.5,5.5,14.8,45,0,7.6,0,7.6,7.6,550.4,0,0,26.5,76,27.2,21.9
2026-06-04T01:00:00+05:30,2026-06-04 01:00:00,4.3,9.3,14.8,115,0,7.6,0,7.6,7.6,550.4,0,0,26.5,76,27.2,21.9
2026-06-04T00:55:00+05:30,2026-06-04 00:55:00,3.5,11.1,14.8,50,0,7.6,0,7.6,7.6,550.4,0,0,26.6,76,27.3,22
2026-06-04T00:50:00+05:30,2026-06-04 00:50:00,5.5,11.1,14.8,64,0,7.6,0,7.6,7.6,550.4,0,0,26.6,76,27.3,22
2026-06-04T00:45:00+05:30,2026-06-04 00:45:00,3.2,14.8,14.8,34,0,7.6,0,7.6,7.6,550.4,0,0,26.6,76,27.3,22
2026-06-04T00:40:00+05:30,2026-06-04 00:40:00,5.8,9.3,14.8,69,0,7.6,0,7.6,7.6,550.4,0,0,26.6,76,27.3,22
2026-06-04T00:35:00+05:30,2026-06-04 00:35:00,5.5,9.3,14.8,74,0,7.6,0,7.6,7.6,550.4,0,0,26.7,76,28.8,22.1
2026-06-04T00:30:00+05:30,2026-06-04 00:30:00,0,1.8,14.8,53,0,7.6,0,7.6,7.6,550.4,0,0,26.7,76,28.8,22.1
2026-06-04T00:25:00+05:30,2026-06-04 00:25:00,5.5,9.3,14.8,47,0,7.6,0,7.6,7.6,550.4,0,0,26.6,76,27.3,22
2026-06-04T00:20:00+05:30,2026-06-04 00:20:00,4,5.5,14.8,46,0,7.6,0,7.6,7.6,550.4,0,0,26.7,75,28.8,21.9
2026-06-04T00:15:00+05:30,2026-06-04 00:15:00,2.1,7.2,14.8,57,0,7.6,0,7.6,7.6,550.4,0,0,26.7,75,28.8,21.9
2026-06-04T00:11:00+05:30,2026-06-04 00:11:00,4.3,14.8,14.8,75,0,7.6,0,7.6,7.6,550.4,0,0,26.7,75,28.8,21.9
2026-06-04T00:05:00+05:30,2026-06-04 00:05:00,4,5.5,9.3,54,0,7.6,0,7.6,7.6,550.4,0,0,26.7,75,28.8,21.9
2026-06-04T00:00:00+05:30,2026-06-04 00:00:00,0.3,11.1,3.5,56,0,7.6,0,7.6,7.6,550.4,0,0,26.8,75,28.8,21.9
2026-06-03T23:55:00+05:30,2026-06-03 23:55:00,3.2,3.5,23.8,66,0,7.6,5.3,7.6,7.6,550.4,0,0,26.8,75,28.8,21.9
2026-06-03T23:50:00+05:30,2026-06-03 23:50:00,4,7.2,23.8,51,0,7.6,5.3,7.6,7.6,550.4,0,0,26.8,75,28.8,21.9
2026-06-03T23:45:00+05:30,2026-06-03 23:45:00,2.9,5.5,23.8,52,0,7.6,5.3,7.6,7.6,550.4,0,0,26.8,75,28.8,21.9
2026-06-03T23:40:00+05:30,2026-06-03 23:40:00,2.1,9.3,23.8,57,0,7.6,5.3,7.6,7.6,550.4,0,0,26.8,75,28.8,21.9
2026-06-03T23:35:00+05:30,2026-06-03 23:35:00,1.4,9.3,23.8,50,0,7.6,5.3,7.6,7.6,550.4,0,0,26.8,75,28.8,21.9
2026-06-03T23:30:00+05:30,2026-06-03 23:30:00,4.3,9.3,23.8,87,0,7.6,5.3,7.6,7.6,550.4,0,0,26.8,75,28.8,21.9
2026-06-03T23:25:00+05:30,2026-06-03 23:25:00,6.1,7.2,23.8,71,0,7.6,5.3,7.6,7.6,550.4,0,0,26.8,75,28.8,21.9
2026-06-03T23:20:00+05:30,2026-06-03 23:20:00,7.2,11.1,23.8,70,0,7.6,5.3,7.6,7.6,550.4,0,0,26.9,75,29.1,22.1
2026-06-03T23:15:00+05:30,2026-06-03 23:15:00,1.1,5.5,23.8,51,0,7.6,5.3,7.6,7.6,550.4,0,0,26.9,75,29.1,22.1
2026-06-03T23:10:00+05:30,2026-06-03 23:10:00,3.5,18.3,23.8,64,0,7.6,5.3,7.6,7.6,550.4,0,0,26.9,75,29.1,22.1
2026-06-03T23:06:00+05:30,2026-06-03 23:06:00,4.7,9.3,23.8,67,0,7.6,5.3,7.6,7.6,550.4,0,0,27,75,29.3,22.2
2026-06-03T23:00:00+05:30,2026-06-03 23:00:00,8.7,13,23.8,131,0,7.6,5.3,7.6,7.6,550.4,0,0,27,75,29.3,22.2
2026-06-03T22:55:00+05:30,2026-06-03 22:55:00,10.1,18.3,23.8,69,0,7.6,5.3,7.6,7.6,550.4,0,0,27.1,75,29.5,22.3
2026-06-03T22:50:00+05:30,2026-06-03 22:50:00,9.3,18.3,23.8,82,4.3,7.6,5.3,7.6,7.6,550.4,0,0,27.2,75,29.7,22.4
2026-06-03T22:45:00+05:30,2026-06-03 22:45:00,11.9,14.8,23.8,69,9.7,7.4,5.1,7.4,7.4,550.2,0,0,27.3,75,29.8,22.4
2026-06-03T22:40:00+05:30,2026-06-03 22:40:00,8.2,11.1,23.8,47,11.9,7.1,4.8,7.1,7.1,549.9,0,0,27.3,75,29.8,22.4
2026-06-03T22:35:00+05:30,2026-06-03 22:35:00,2.9,9.3,23.8,48,1.3,5.3,3,5.3,5.3,547.9,0,0,27.4,75,30.1,22.6
2026-06-03T22:30:00+05:30,2026-06-03 22:30:00,4.7,7.2,23.8,71,0,5.1,2.8,5.1,5.1,547.9,0,0,27.4,75,30.1,22.6
2026-06-03T22:25:00+05:30,2026-06-03 22:25:00,1.4,5.5,23.8,55,0,5.1,2.8,5.1,5.1,547.9,0,0,27.4,75,30.1,22.6
2026-06-03T22:20:00+05:30,2026-06-03 22:20:00,0.3,7.2,23.8,47,0,5.1,2.8,5.1,5.1,547.9,0,0,27.4,75,30.1,22.6
2026-06-03T22:15:00+05:30,2026-06-03 22:15:00,2.1,9.3,23.8,50,0,5.1,2.8,5.1,5.1,547.9,0,0,27.4,75,30.1,22.6
2026-06-03T22:10:00+05:30,2026-06-03 22:10:00,4,5.5,23.8,54,0,5.1,2.8,5.1,5.1,547.9,0,0,27.5,75,30.3,22.7
2026-06-03T22:05:00+05:30,2026-06-03 22:05:00,0,7.2,23.8,64,0,5.1,2.8,5.1,5.1,547.9,0,0,27.5,75,30.3,22.7
2026-06-03T22:00:00+05:30,2026-06-03 22:00:00,4.7,7.2,23.8,34,0,5.1,2.8,5.1,5.1,547.9,0,0,27.5,75,30.3,22.7
2026-06-03T21:55:00+05:30,2026-06-03 21:55:00,7.9,9.3,23.8,58,0,5.1,2.8,5.1,5.1,547.9,0,0,27.5,75,30.3,22.7
2026-06-03T21:50:00+05:30,2026-06-03 21:50:00,1.1,7.2,23.8,52,0,5.1,2.8,5.1,5.1,547.9,0,0,27.5,75,30.3,22.7
2026-06-03T21:45:00+05:30,2026-06-03 21:45:00,3.5,5.5,23.8,53,0,5.1,2.8,5.1,5.1,547.9,0,0,27.5,74,30.2,22.4
2026-06-03T21:40:00+05:30,2026-06-03 21:40:00,1.4,5.5,23.8,48,0,5.1,2.8,5.1,5.1,547.9,0,0,27.5,74,30.2,22.4
2026-06-03T21:35:00+05:30,2026-06-03 21:35:00,10.1,14.8,23.8,81,0,5.1,2.8,5.1,5.1,547.9,0,0,27.6,74,30.4,22.6
2026-06-03T21:30:00+05:30,2026-06-03 21:30:00,6.9,9.3,23.8,87,0,5.1,2.8,5.1,5.1,547.9,0,0,27.6,74,30.4,22.6
2026-06-03T21:25:00+05:30,2026-06-03 21:25:00,4.7,7.2,23.8,73,0,5.1,2.8,5.1,5.1,547.9,0,0,27.6,74,30.4,22.6
2026-06-03T21:20:00+05:30,2026-06-03 21:20:00,2.1,3.5,23.8,60,0,5.1,2.8,5.1,5.1,547.9,0,0,27.6,74,30.4,22.6
2026-06-03T21:15:00+05:30,2026-06-03 21:15:00,0,0,23.8,53,0,5.1,2.8,5.1,5.1,547.9,0,0,27.7,74,30.6,22.7
2026-06-03T21:10:00+05:30,2026-06-03 21:10:00,2.1,5.5,23.8,44,0,5.1,2.8,5.1,5.1,547.9,0,0,27.6,74,30.4,22.6
2026-06-03T21:05:00+05:30,2026-06-03 21:05:00,1.1,5.5,23.8,52,0,5.1,2.8,5.1,5.1,547.9,0,0,27.6,74,30.4,22.6
2026-06-03T21:00:00+05:30,2026-06-03 21:00:00,6.1,7.2,23.8,13,0,5.1,2.8,5.1,5.1,547.9,0,0,27.6,74,30.4,22.6
2026-06-03T20:55:00+05:30,2026-06-03 20:55:00,0,11.1,23.8,69,0,5.1,2.8,5.1,5.1,547.9,0,0,27.6,74,30.4,22.6
2026-06-03T20:50:00+05:30,2026-06-03 20:50:00,0,9.3,23.8,52,0,5.1,2.8,5.1,5.1,547.9,0,0,27.7,74,30.6,22.7
2026-06-03T20:45:00+05:30,2026-06-03 20:45:00,1.4,5.5,23.8,59,0,5.1,2.8,5.1,5.1,547.9,0,0,27.7,74,30.6,22.7
2026-06-03T20:41:00+05:30,2026-06-03 20:41:00,1.4,5.5,23.8,51,0,5.1,2.8,5.1,5.1,547.9,0,0,27.7,74,30.6,22.7
2026-06-03T20:35:00+05:30,2026-06-03 20:35:00,1.4,5.5,23.8,55,0,5.1,2.8,5.1,5.1,547.9,0,0,27.8,74,30.7,22.7
2026-06-03T20:30:00+05:30,2026-06-03 20:30:00,2.9,5.5,23.8,67,0,5.1,2.8,5.1,5.1,547.9,0,0,27.8,74,30.7,22.7
2026-06-03T20:25:00+05:30,2026-06-03 20:25:00,1.4,5.5,23.8,73,0,5.1,2.8,5.1,5.1,547.9,0,0,27.8,74,30.7,22.7
2026-06-03T20:20:00+05:30,2026-06-03 20:20:00,0,3.5,23.8,75,0,5.1,2.8,5.1,5.1,547.9,0,0,27.8,74,30.7,22.7
2026-06-03T20:15:00+05:30,2026-06-03 20:15:00,6.1,7.2,23.8,87,0,5.1,2.8,5.1,5.1,547.9,0,0,27.9,74,31,22.8
2026-06-03T20:10:00+05:30,2026-06-03 20:10:00,1.8,5.5,23.8,46,0,5.1,2.8,5.1,5.1,547.9,0,0,27.9,74,31,22.8
2026-06-03T20:05:00+05:30,2026-06-03 20:05:00,5.5,11.1,23.8,95,0,5.1,2.8,5.1,5.1,547.9,0,0,27.9,74,31,22.8
2026-06-03T20:00:00+05:30,2026-06-03 20:00:00,4.7,7.2,23.8,47,0,5.1,2.8,5.1,5.1,547.9,0,0,27.9,74,31,22.8
2026-06-03T19:55:00+05:30,2026-06-03 19:55:00,3.5,5.5,23.8,50,0,5.1,2.8,5.1,5.1,547.9,0,0,27.9,73,30.8,22.6
2026-06-03T19:50:00+05:30,2026-06-03 19:50:00,3.5,9.3,23.8,104,0,5.1,2.8,5.1,5.1,547.9,0,0,28,73,31.1,22.7
2026-06-03T19:45:00+05:30,2026-06-03 19:45:00,6.9,14.8,23.8,51,0,5.1,2.8,5.1,5.1,547.9,0,0,28.1,73,31.3,22.8
2026-06-03T19:40:00+05:30,2026-06-03 19:40:00,2.9,5.5,23.8,66,0,5.1,2.8,5.1,5.1,547.9,0,0,28.1,73,31.3,22.8
2026-06-03T19:36:00+05:30,2026-06-03 19:36:00,7.6,13,23.8,63,0,5.1,2.8,5.1,5.1,547.9,0,0,28.2,73,31.6,22.9
2026-06-03T19:30:00+05:30,2026-06-03 19:30:00,4,16.6,23.8,39,3,5.1,2.8,5.1,5.1,547.9,0,0,28.2,73,31.6,22.9
2026-06-03T19:25:00+05:30,2026-06-03 19:25:00,4.3,9.3,23.8,51,3,5.1,2.8,5.1,5.1,547.9,0,0,28.3,73,31.7,22.9
2026-06-03T19:20:00+05:30,2026-06-03 19:20:00,4,5.5,23.8,54,0,4.6,2.3,4.6,4.6,547.4,0,0,28.4,73,31.9,23.1
2026-06-03T19:15:00+05:30,2026-06-03 19:15:00,1.1,3.5,23.8,55,0,4.6,2.3,4.6,4.6,547.4,0,0,28.4,73,31.9,23.1
2026-06-03T19:10:00+05:30,2026-06-03 19:10:00,0,5.5,23.8,54,0,4.6,2.3,4.6,4.6,547.4,0,0,28.4,73,31.9,23.1
2026-06-03T19:05:00+05:30,2026-06-03 19:05:00,4,7.2,23.8,78,0,4.6,2.3,4.6,4.6,547.4,0,0,28.4,73,31.9,23.1
2026-06-03T19:00:00+05:30,2026-06-03 19:00:00,6.1,9.3,23.8,52,0,4.6,2.3,4.6,4.6,547.4,0,0,28.4,73,31.9,23.1
2026-06-03T18:55:00+05:30,2026-06-03 18:55:00,7.6,9.3,23.8,63,0,4.6,2.3,4.6,4.6,547.4,0,0,28.5,72,32,22.9
2026-06-03T18:50:00+05:30,2026-06-03 18:50:00,1.8,5.5,23.8,53,0,4.6,2.3,4.6,4.6,547.4,0,0,28.5,72,32,22.9
2026-06-03T18:45:00+05:30,2026-06-03 18:45:00,2.9,5.5,23.8,84,3,4.6,2.3,4.6,4.6,547.4,0,0,28.5,72,32,22.9
2026-06-03T18:40:00+05:30,2026-06-03 18:40:00,3.2,9.3,23.8,52,6.1,4.6,2.3,4.6,4.6,547.4,0,0,28.5,72,32,22.9
2026-06-03T18:35:00+05:30,2026-06-03 18:35:00,8.7,14.8,23.8,58,1.3,3.8,1.5,3.8,3.8,546.6,0,0,28.6,72,32.2,23.1
2026-06-03T18:31:00+05:30,2026-06-03 18:31:00,4.7,9.3,23.8,66,0,3.6,1.3,3.6,3.6,546.4,0,0.1,28.6,72,32.2,23.1
2026-06-03T18:25:00+05:30,2026-06-03 18:25:00,4,9.3,23.8,55,0,3.6,1.3,3.6,3.6,546.4,0,0.8,28.6,72,32.2,23.1
2026-06-03T18:20:00+05:30,2026-06-03 18:20:00,1.4,5.5,23.8,46,0,3.6,1.3,3.6,3.6,546.4,0,1.6,28.6,72,32.2,23.1
2026-06-03T18:15:00+05:30,2026-06-03 18:15:00,7.2,9.3,23.8,72,0,3.6,1.3,3.6,3.6,546.4,0,3.1,28.7,72,32.5,23.2
2026-06-03T18:10:00+05:30,2026-06-03 18:10:00,2.6,5.5,23.8,79,0,3.6,1.3,3.6,3.6,546.4,0,3.9,28.7,72,32.5,23.2
2026-06-03T18:05:00+05:30,2026-06-03 18:05:00,3.5,7.2,23.8,59,0,3.6,1.3,3.6,3.6,546.4,0,3.6,28.7,71,32.3,22.9
2026-06-03T18:00:00+05:30,2026-06-03 18:00:00,6.1,16.6,23.8,60,0,3.6,1.3,3.6,3.6,546.4,0,2.9,28.8,71,32.4,23
2026-06-03T17:55:00+05:30,2026-06-03 17:55:00,4.7,11.1,23.8,83,0,3.6,1.3,3.6,3.6,546.4,0,6.6,28.9,71,32.7,23.1
2026-06-03T17:50:00+05:30,2026-06-03 17:50:00,6.9,13,23.8,83,0,3.6,1.3,3.6,3.6,546.4,0,7,28.9,71,32.7,23.1
2026-06-03T17:45:00+05:30,2026-06-03 17:45:00,3.2,11.1,23.8,61,0,3.6,1.3,3.6,3.6,546.4,0,10.1,29,71,32.9,23.2
2026-06-03T17:40:00+05:30,2026-06-03 17:40:00,6.9,9.3,23.8,72,0,3.6,1.3,3.6,3.6,546.4,0,11.3,29,71,32.9,23.2
2026-06-03T17:35:00+05:30,2026-06-03 17:35:00,2.1,11.1,23.8,71,0,3.6,1.3,3.6,3.6,546.4,0,13.6,29.1,71,33.2,23.3
2026-06-03T17:30:00+05:30,2026-06-03 17:30:00,3.5,7.2,23.8,69,1.8,3.6,1.3,3.6,3.6,546.4,0,11.1,29.1,70,32.9,23.1
2026-06-03T17:25:00+05:30,2026-06-03 17:25:00,1.8,7.2,23.8,68,1.8,3.6,1.3,3.6,3.6,546.4,0,7.7,29.1,70,32.9,23.1
2026-06-03T17:20:00+05:30,2026-06-03 17:20:00,2.1,7.2,23.8,49,0,3.3,1,3.3,3.3,546.1,0,5.8,29.2,70,33.2,23.2
2026-06-03T17:15:00+05:30,2026-06-03 17:15:00,4.3,11.1,23.8,93,0,3.3,1,3.3,3.3,546.1,0,15.6,29.2,69,33,22.9
2026-06-03T17:11:00+05:30,2026-06-03 17:11:00,6.9,9.3,23.8,68,0,3.3,1,3.3,3.3,546.1,0,15.5,29.2,69,33,22.9
2026-06-03T17:05:00+05:30,2026-06-03 17:05:00,3.5,20.1,23.8,64,0,3.3,1,3.3,3.3,546.1,0,28.6,29.3,69,33.2,23
2026-06-03T17:00:00+05:30,2026-06-03 17:00:00,9.3,14.8,23.8,65,0,3.3,1,3.3,3.3,546.1,0,73.2,29.3,69,33.2,23
2026-06-03T16:55:00+05:30,2026-06-03 16:55:00,1.8,5.5,23.8,54,0,3.3,1,3.3,3.3,546.1,0,82.7,29.3,69,33.2,23
2026-06-03T16:50:00+05:30,2026-06-03 16:50:00,4.7,9.3,23.8,85,0,3.3,1,3.3,3.3,546.1,1,103.2,29.4,69,33.4,23.1
2026-06-03T16:45:00+05:30,2026-06-03 16:45:00,7.2,13,23.8,110,0,3.3,1,3.3,3.3,546.1,1,127.2,29.4,68,33.2,22.8
2026-06-03T16:40:00+05:30,2026-06-03 16:40:00,3.5,5.5,23.8,74,0,3.3,1,3.3,3.3,546.1,1,149.4,29.4,68,33.2,22.8
2026-06-03T16:35:00+05:30,2026-06-03 16:35:00,2.1,11.1,23.8,48,0,3.3,1,3.3,3.3,546.1,2,216.3,29.4,68,33.2,22.8
2026-06-03T16:30:00+05:30,2026-06-03 16:30:00,5.8,7.2,23.8,130,0,3.3,1,3.3,3.3,546.1,0,63.2,29.5,68,33.4,22.9
2026-06-03T16:25:00+05:30,2026-06-03 16:25:00,3.5,7.2,23.8,47,0,3.3,1,3.3,3.3,546.1,0,44.8,29.5,68,33.4,22.9
2026-06-03T16:20:00+05:30,2026-06-03 16:20:00,4,9.3,23.8,58,0,3.3,1,3.3,3.3,546.1,0,67.3,29.5,68,33.4,22.9
2026-06-03T16:15:00+05:30,2026-06-03 16:15:00,7.9,11.1,23.8,65,0,3.3,1,3.3,3.3,546.1,0,71.7,29.5,68,33.4,22.9
2026-06-03T16:10:00+05:30,2026-06-03 16:10:00,2.9,7.2,23.8,36,0,3.3,1,3.3,3.3,546.1,1,146.8,29.5,68,33.4,22.9
2026-06-03T16:06:00+05:30,2026-06-03 16:06:00,1.4,9.3,23.8,51,0,3.3,1,3.3,3.3,546.1,3,370.7,29.5,68,33.4,22.9
2026-06-03T16:00:00+05:30,2026-06-03 16:00:00,4,9.3,23.8,67,0,3.3,1,3.3,3.3,546.1,1,122.4,29.5,68,33.4,22.9
2026-06-03T15:55:00+05:30,2026-06-03 15:55:00,3.5,13,23.8,54,0,3.3,1,3.3,3.3,546.1,1,120.9,29.5,68,33.4,22.9
2026-06-03T15:50:00+05:30,2026-06-03 15:50:00,5.5,7.2,23.8,62,0,3.3,1,3.3,3.3,546.1,1,130.4,29.5,68,33.4,22.9
2026-06-03T15:45:00+05:30,2026-06-03 15:45:00,3.5,14.8,23.8,69,0,3.3,1,3.3,3.3,546.1,1,192.7,29.5,68,33.4,22.9
2026-06-03T15:40:00+05:30,2026-06-03 15:40:00,5.5,16.6,23.8,43,0,3.3,1,3.3,3.3,546.1,1,157.4,29.5,68,33.4,22.9
2026-06-03T15:35:00+05:30,2026-06-03 15:35:00,5.5,18.3,23.8,41,0,3.3,1,3.3,3.3,546.1,3,328.6,29.5,68,33.4,22.9
2026-06-03T15:30:00+05:30,2026-06-03 15:30:00,2.9,11.1,23.8,124,0,3.3,1,3.3,3.3,546.1,1,181.9,29.5,68,33.4,22.9
2026-06-03T15:25:00+05:30,2026-06-03 15:25:00,6.1,16.6,23.8,93,0,3.3,1,3.3,3.3,546.1,4,458.3,29.5,69,33.7,23.2
2026-06-03T15:20:00+05:30,2026-06-03 15:20:00,5.8,9.3,23.8,105,0,3.3,1,3.3,3.3,546.1,5,543.4,29.4,70,33.6,23.3
2026-06-03T15:15:00+05:30,2026-06-03 15:15:00,5.8,7.2,23.8,62,0,3.3,1,3.3,3.3,546.1,5,529.5,29.4,70,33.6,23.3
2026-06-03T15:10:00+05:30,2026-06-03 15:10:00,6.1,11.1,23.8,61,0,3.3,1,3.3,3.3,546.1,0,83.5,29.4,70,33.6,23.3
2026-06-03T15:05:00+05:30,2026-06-03 15:05:00,4.7,9.3,23.8,68,0,3.3,1,3.3,3.3,546.1,1,178.3,29.4,70,33.6,23.3
2026-06-03T15:01:00+05:30,2026-06-03 15:01:00,6.1,9.3,23.8,45,0,3.3,1,3.3,3.3,546.1,1,114.4,29.4,70,33.6,23.3
2026-06-03T14:55:00+05:30,2026-06-03 14:55:00,3.2,11.1,23.8,76,0,3.3,1,3.3,3.3,546.1,1,166.7,29.3,70,33.3,23.2
2026-06-03T14:50:00+05:30,2026-06-03 14:50:00,5,5.5,23.8,73,0,3.3,1,3.3,3.3,546.1,6,714.9,29.3,70,33.3,23.2
2026-06-03T14:45:00+05:30,2026-06-03 14:45:00,8.7,14.8,23.8,62,0,3.3,1,3.3,3.3,546.1,6,662,29.3,70,33.3,23.2
2026-06-03T14:40:00+05:30,2026-06-03 14:40:00,5,9.3,23.8,114,0,3.3,1,3.3,3.3,546.1,3,396.6,29.2,70,33.2,23.2
2026-06-03T14:35:00+05:30,2026-06-03 14:35:00,6.4,21.9,23.8,71,0,3.3,1,3.3,3.3,546.1,7,729.8,29.2,70,33.2,23.2
2026-06-03T14:30:00+05:30,2026-06-03 14:30:00,7.2,14.8,23.8,68,0,3.3,1,3.3,3.3,546.1,2,241.3,29.2,71,33.4,23.4
2026-06-03T14:25:00+05:30,2026-06-03 14:25:00,5.5,18.3,23.8,79,0,3.3,1,3.3,3.3,546.1,3,332.7,29.2,71,33.4,23.4
2026-06-03T14:20:00+05:30,2026-06-03 14:20:00,6.4,11.1,23.8,47,0,3.3,1,3.3,3.3,546.1,1,184,29.2,71,33.4,23.4
2026-06-03T14:15:00+05:30,2026-06-03 14:15:00,2.1,11.1,23.8,26,0,3.3,1,3.3,3.3,546.1,0,71,29.2,71,33.4,23.4
2026-06-03T14:10:00+05:30,2026-06-03 14:10:00,6.9,13,23.8,110,0,3.3,1,3.3,3.3,546.1,2,216.3,29.2,72,33.6,23.7
2026-06-03T14:05:00+05:30,2026-06-03 14:05:00,4,18.3,23.8,46,0,3.3,1,3.3,3.3,546.1,8,837.5,29.2,71,33.4,23.4
2026-06-03T14:00:00+05:30,2026-06-03 14:00:00,4.7,13,23.8,82,0,3.3,1,3.3,3.3,546.1,8,867.1,29.2,71,33.4,23.4
2026-06-03T13:55:00+05:30,2026-06-03 13:55:00,6.1,14.8,23.8,36,0,3.3,1,3.3,3.3,546.1,7,799.3,29.1,71,33.2,23.3
2026-06-03T13:50:00+05:30,2026-06-03 13:50:00,6.1,9.3,23.8,44,0,3.3,1,3.3,3.3,546.1,3,309.4,29.1,72,33.4,23.6
2026-06-03T13:45:00+05:30,2026-06-03 13:45:00,6.9,11.1,23.8,76,0,3.3,1,3.3,3.3,546.1,3,316.1,29.1,72,33.4,23.6
2026-06-03T13:40:00+05:30,2026-06-03 13:40:00,5.5,13,23.8,84,0,3.3,1,3.3,3.3,546.1,2,294.1,29.1,72,33.4,23.6
2026-06-03T13:35:00+05:30,2026-06-03 13:35:00,6.9,13,23.8,107,0,3.3,1,3.3,3.3,546.1,2,230.6,29.1,72,33.4,23.6
2026-06-03T13:30:00+05:30,2026-06-03 13:30:00,4.7,16.6,23.8,30,0,3.3,1,3.3,3.3,546.1,8,832.5,29.1,73,33.6,23.8
2026-06-03T13:25:00+05:30,2026-06-03 13:25:00,6.1,9.3,23.8,73,0,3.3,1,3.3,3.3,546.1,7,771.5,29.1,73,33.6,23.8
2026-06-03T13:20:00+05:30,2026-06-03 13:20:00,6.4,9.3,23.8,58,0,3.3,1,3.3,3.3,546.1,7,779.8,29,73,33.3,23.7
2026-06-03T13:15:00+05:30,2026-06-03 13:15:00,4.7,7.2,23.8,126,0,3.3,1,3.3,3.3,546.1,7,793.1,29,73,33.3,23.7
2026-06-03T13:10:00+05:30,2026-06-03 13:10:00,11.1,13,23.8,89,0,3.3,1,3.3,3.3,546.1,9,962.1,29.1,73,33.6,23.8
2026-06-03T13:05:00+05:30,2026-06-03 13:05:00,3.5,20.1,23.8,61,1.8,3.3,1,3.3,3.3,546.1,1,168.1,29.1,73,33.6,23.8
2026-06-03T13:00:00+05:30,2026-06-03 13:00:00,3.5,7.2,23.8,253,6.1,3.3,1,3.3,3.3,546.1,0,58.3,29.2,73,33.8,23.9
2026-06-03T12:55:00+05:30,2026-06-03 12:55:00,5,13,23.8,40,3,2.8,0.5,2.8,2.8,545.6,0,38.3,29.2,71,33.4,23.4
2026-06-03T12:50:00+05:30,2026-06-03 12:50:00,1.8,7.2,23.8,48,0,2.3,0,2.3,2.3,545.1,0,78.4,29.2,71,33.4,23.4
2026-06-03T12:45:00+05:30,2026-06-03 12:45:00,8.7,21.9,23.8,78,0,2.3,0,2.3,2.3,545.1,1,124.6,29.2,71,33.4,23.4
2026-06-03T12:40:00+05:30,2026-06-03 12:40:00,7.2,14.8,23.8,127,0,2.3,0,2.3,2.3,545.1,4,418.9,29.2,72,33.6,23.7
2026-06-03T12:36:00+05:30,2026-06-03 12:36:00,4,9.3,23.8,76,0,2.3,0,2.3,2.3,545.1,10,1026.9,29.1,72,33.4,23.6
2026-06-03T12:30:00+05:30,2026-06-03 12:30:00,4.7,11.1,23.8,55,0,2.3,0,2.3,2.3,545.1,10,1031.6,29,72,33.1,23.4
2026-06-03T12:25:00+05:30,2026-06-03 12:25:00,6.4,20.1,23.8,52,0,2.3,0,2.3,2.3,545.1,8,905.6,29,72,33.1,23.4
2026-06-03T12:20:00+05:30,2026-06-03 12:20:00,12.2,18.3,23.8,99,0,2.3,0,2.3,2.3,545.1,8,832.1,28.9,72,32.8,23.3
2026-06-03T12:15:00+05:30,2026-06-03 12:15:00,10.8,13,23.8,70,0,2.3,0,2.3,2.3,545.1,4,485.1,28.9,71,32.7,23.1
2026-06-03T12:10:00+05:30,2026-06-03 12:10:00,6.4,13,23.8,55,0,2.3,0,2.3,2.3,545.1,2,234.3,28.9,71,32.7,23.1
2026-06-03T12:05:00+05:30,2026-06-03 12:05:00,4,11.1,23.8,69,0,2.3,0,2.3,2.3,545.1,2,227.5,28.9,71,32.7,23.1
2026-06-03T12:00:00+05:30,2026-06-03 12:00:00,8.7,14.8,23.8,227,0,2.3,0,2.3,2.3,545.1,2,240.4,28.9,71,32.7,23.1
2026-06-03T11:55:00+05:30,2026-06-03 11:55:00,6.4,9.3,23.8,67,0,2.3,0,2.3,2.3,545.1,2,305,28.8,72,32.6,23.2
2026-06-03T11:50:00+05:30,2026-06-03 11:50:00,7.6,18.3,23.8,80,0,2.3,0,2.3,2.3,545.1,8,861.3,28.7,72,32.5,23.2
2026-06-03T11:45:00+05:30,2026-06-03 11:45:00,5.5,13,23.8,53,0,2.3,0,2.3,2.3,545.1,8,883.5,28.6,72,32.2,23.1
2026-06-03T11:40:00+05:30,2026-06-03 11:40:00,6.4,18.3,23.8,79,0,2.3,0,2.3,2.3,545.1,8,895,28.5,72,32,22.9
2026-06-03T11:35:00+05:30,2026-06-03 11:35:00,6.1,18.3,23.8,75,0,2.3,0,2.3,2.3,545.1,8,894.9,28.5,72,32,22.9
2026-06-03T11:31:00+05:30,2026-06-03 11:31:00,16.3,21.9,23.8,84,0,2.3,0,2.3,2.3,545.1,8,876.8,28.5,71,31.8,22.7
2026-06-03T11:25:00+05:30,2026-06-03 11:25:00,4,23.8,23.8,42,0,2.3,0,2.3,2.3,545.1,2,270.2,28.5,71,31.8,22.7
2026-06-03T11:20:00+05:30,2026-06-03 11:20:00,7.6,18.3,20.1,119,0,2.3,0,2.3,2.3,545.1,2,263.3,28.5,72,32,22.9
2026-06-03T11:15:00+05:30,2026-06-03 11:15:00,3.2,9.3,20.1,38,0,2.3,0,2.3,2.3,545.1,2,213.3,28.5,72,32,22.9
2026-06-03T11:10:00+05:30,2026-06-03 11:10:00,10.5,13,20.1,106,0,2.3,0,2.3,2.3,545.1,2,286.5,28.5,72,32,22.9
2026-06-03T11:05:00+05:30,2026-06-03 11:05:00,7.2,13,20.1,63,0,2.3,0,2.3,2.3,545.1,8,857.5,28.4,72,31.7,22.8
2026-06-03T11:00:00+05:30,2026-06-03 11:00:00,2.6,5.5,20.1,65,0,2.3,0,2.3,2.3,545.1,8,856.1,28.4,72,31.7,22.8
2026-06-03T10:55:00+05:30,2026-06-03 10:55:00,6.4,14.8,20.1,52,0,2.3,0,2.3,2.3,545.1,5,589.2,28.4,72,31.7,22.8
2026-06-03T10:50:00+05:30,2026-06-03 10:50:00,9.7,13,20.1,77,0,2.3,0,2.3,2.3,545.1,1,180.1,28.4,72,31.7,22.8
2026-06-03T10:45:00+05:30,2026-06-03 10:45:00,7.2,9.3,20.1,74,0,2.3,0,2.3,2.3,545.1,2,214.8,28.3,72,31.5,22.7
2026-06-03T10:40:00+05:30,2026-06-03 10:40:00,4.7,16.6,20.1,46,0,2.3,0,2.3,2.3,545.1,3,373.8,28.3,72,31.5,22.7
2026-06-03T10:35:00+05:30,2026-06-03 10:35:00,7.6,16.6,20.1,110,0,2.3,0,2.3,2.3,545.1,3,377,28.2,73,31.6,22.9
2026-06-03T10:30:00+05:30,2026-06-03 10:30:00,7.2,18.3,20.1,70,0,2.3,0,2.3,2.3,545.1,2,215.8,28.2,73,31.6,22.9
2026-06-03T10:26:00+05:30,2026-06-03 10:26:00,6.9,20.1,20.1,136,0,2.3,0,2.3,2.3,545.1,3,397,28.1,73,31.3,22.8
2026-06-03T10:20:00+05:30,2026-06-03 10:20:00,8.2,13,18.3,70,0,2.3,0,2.3,2.3,545.1,8,896.3,28,73,31.1,22.7
2026-06-03T10:15:00+05:30,2026-06-03 10:15:00,2.6,14.8,18.3,30,0,2.3,0,2.3,2.3,545.1,3,312.4,28,73,31.1,22.7
2026-06-03T10:10:00+05:30,2026-06-03 10:10:00,5,11.1,18.3,84,0,2.3,0,2.3,2.3,545.1,7,814,28,72,30.9,22.4
2026-06-03T10:05:00+05:30,2026-06-03 10:05:00,5.8,9.3,18.3,73,0,2.3,0,2.3,2.3,545.1,5,564.6,28,73,31.1,22.7
2026-06-03T10:00:00+05:30,2026-06-03 10:00:00,5,9.3,18.3,112,0,2.3,0,2.3,2.3,545.1,7,731.9,28,73,31.1,22.7
2026-06-03T09:55:00+05:30,2026-06-03 09:55:00,4,5.5,18.3,63,0,2.3,0,2.3,2.3,545.1,3,367.3,27.9,74,31,22.8
2026-06-03T09:50:00+05:30,2026-06-03 09:50:00,7.2,16.6,18.3,43,0,2.3,0,2.3,2.3,545.1,3,309.8,27.9,74,31,22.8
2026-06-03T09:45:00+05:30,2026-06-03 09:45:00,3.2,11.1,18.3,65,0,2.3,0,2.3,2.3,545.1,7,755.7,27.8,75,30.9,22.9
2026-06-03T09:40:00+05:30,2026-06-03 09:40:00,4,18.3,18.3,38,0,2.3,0,2.3,2.3,545.1,6,684.9,27.8,75,30.9,22.9
2026-06-03T09:35:00+05:30,2026-06-03 09:35:00,5.5,11.1,16.6,44,0,2.3,0,2.3,2.3,545.1,7,736.9,27.8,75,30.9,22.9
2026-06-03T09:30:00+05:30,2026-06-03 09:30:00,9.3,11.1,16.6,71,0,2.3,0,2.3,2.3,545.1,6,700.2,27.7,75,30.8,22.9
2026-06-03T09:25:00+05:30,2026-06-03 09:25:00,3.5,7.2,16.6,59,0,2.3,0,2.3,2.3,545.1,6,700.2,27.7,76,30.9,23.1
2026-06-03T09:20:00+05:30,2026-06-03 09:20:00,4,11.1,16.6,82,0,2.3,0,2.3,2.3,545.1,1,189,27.7,75,30.8,22.9
2026-06-03T09:15:00+05:30,2026-06-03 09:15:00,4,7.2,16.6,46,0,2.3,0,2.3,2.3,545.1,4,482,27.6,76,30.7,23
2026-06-03T09:10:00+05:30,2026-06-03 09:10:00,7.2,13,16.6,45,0,2.3,0,2.3,2.3,545.1,6,692.5,27.6,76,30.7,23
2026-06-03T09:06:00+05:30,2026-06-03 09:06:00,6.9,9.3,16.6,58,0,2.3,0,2.3,2.3,545.1,5,517.9,27.6,76,30.7,23
2026-06-03T09:00:00+05:30,2026-06-03 09:00:00,7.9,9.3,16.6,90,0,2.3,0,2.3,2.3,545.1,6,625.3,27.5,76,30.4,22.9
2026-06-03T08:55:00+05:30,2026-06-03 08:55:00,4,5.5,16.6,109,0,2.3,0,2.3,2.3,545.1,4,497.4,27.4,76,30.2,22.8
2026-06-03T08:50:00+05:30,2026-06-03 08:50:00,7.2,7.2,16.6,63,0,2.3,0,2.3,2.3,545.1,2,220.7,27.4,75,30.1,22.6
2026-06-03T08:45:00+05:30,2026-06-03 08:45:00,5,7.2,16.6,71,0,2.3,0,2.3,2.3,545.1,3,401.4,27.4,75,30.1,22.6
2026-06-03T08:40:00+05:30,2026-06-03 08:40:00,6.4,11.1,16.6,43,0,2.3,0,2.3,2.3,545.1,1,103.3,27.3,74,29.7,22.2
2026-06-03T08:35:00+05:30,2026-06-03 08:35:00,1.4,9.3,16.6,52,0,2.3,0,2.3,2.3,545.1,0,96.5,27.3,74,29.7,22.2
2026-06-03T08:30:00+05:30,2026-06-03 08:30:00,3.5,7.2,16.6,69,0,2.3,0,2.3,2.3,545.1,0,78,27.3,74,29.7,22.2
2026-06-03T08:25:00+05:30,2026-06-03 08:25:00,1.8,11.1,16.6,52,0,2.3,0,2.3,2.3,545.1,2,225.9,27.3,73,29.6,22
2026-06-03T08:20:00+05:30,2026-06-03 08:20:00,2.9,13,16.6,44,0,2.3,0,2.3,2.3,545.1,1,164.4,27.3,73,29.6,22
2026-06-03T08:15:00+05:30,2026-06-03 08:15:00,2.1,7.2,16.6,67,0,2.3,0,2.3,2.3,545.1,1,155.3,27.3,73,29.6,22
2026-06-03T08:10:00+05:30,2026-06-03 08:10:00,3.5,7.2,16.6,66,0,2.3,0,2.3,2.3,545.1,0,72.1,27.3,73,29.6,22
2026-06-03T08:05:00+05:30,2026-06-03 08:05:00,4.7,14.8,16.6,72,0,2.3,0,2.3,2.3,545.1,1,105,27.3,73,29.6,22
2026-06-03T08:01:00+05:30,2026-06-03 08:01:00,2.9,9.3,16.6,67,0,2.3,0,2.3,2.3,545.1,3,399.6,27.3,73,29.6,22
2026-06-03T07:55:00+05:30,2026-06-03 07:55:00,7.2,11.1,16.6,84,0,2.3,0,2.3,2.3,545.1,2,212.1,27.3,72,29.6,21.8
2026-06-03T07:50:00+05:30,2026-06-03 07:50:00,8.7,11.1,16.6,69,0,2.3,0,2.3,2.3,545.1,1,146.1,27.3,73,29.6,22
2026-06-03T07:45:00+05:30,2026-06-03 07:45:00,7.2,9.3,16.6,92,0,2.3,0,2.3,2.3,545.1,0,91.2,27.3,72,29.6,21.8
2026-06-03T07:40:00+05:30,2026-06-03 07:40:00,4.7,9.3,16.6,59,0,2.3,0,2.3,2.3,545.1,0,98.5,27.4,72,29.7,21.9
2026-06-03T07:35:00+05:30,2026-06-03 07:35:00,3.5,9.3,16.6,60,0,2.3,0,2.3,2.3,545.1,1,119.7,27.4,72,29.7,21.9
2026-06-03T07:30:00+05:30,2026-06-03 07:30:00,6.1,9.3,16.6,66,0,2.3,0,2.3,2.3,545.1,1,119.5,27.4,72,29.7,21.9
2026-06-03T07:25:00+05:30,2026-06-03 07:25:00,8.7,11.1,16.6,58,0,2.3,0,2.3,2.3,545.1,1,131.5,27.4,72,29.7,21.9
2026-06-03T07:20:00+05:30,2026-06-03 07:20:00,3.5,7.2,16.6,59,0,2.3,0,2.3,2.3,545.1,1,187.5,27.3,72,29.6,21.8
2026-06-03T07:15:00+05:30,2026-06-03 07:15:00,4,7.2,16.6,61,0,2.3,0,2.3,2.3,545.1,2,276.8,27.3,72,29.6,21.8
2026-06-03T07:10:00+05:30,2026-06-03 07:10:00,3.5,7.2,16.6,66,0,2.3,0,2.3,2.3,545.1,2,232.7,27.3,72,29.6,21.8
2026-06-03T07:05:00+05:30,2026-06-03 07:05:00,4.7,7.2,16.6,53,0,2.3,0,2.3,2.3,545.1,1,203.6,27.2,72,29.4,21.7
2026-06-03T07:00:00+05:30,2026-06-03 07:00:00,5,9.3,16.6,12,0,2.3,0,2.3,2.3,545.1,1,194.6,27.2,72,29.4,21.7
2026-06-03T06:56:00+05:30,2026-06-03 06:56:00,2.1,9.3,16.6,68,0,2.3,0,2.3,2.3,545.1,1,144.4,27.2,72,29.4,21.7
2026-06-03T06:50:00+05:30,2026-06-03 06:50:00,2.9,11.1,16.6,65,0,2.3,0,2.3,2.3,545.1,0,80.7,27.1,72,29.2,21.6
2026-06-03T06:45:00+05:30,2026-06-03 06:45:00,5.8,9.3,16.6,54,0,2.3,0,2.3,2.3,545.1,0,58.2,27.1,72,29.2,21.6
2026-06-03T06:40:00+05:30,2026-06-03 06:40:00,4.3,9.3,16.6,77,0,2.3,0,2.3,2.3,545.1,1,116.9,27.1,72,29.2,21.6
2026-06-03T06:35:00+05:30,2026-06-03 06:35:00,4,5.5,16.6,79,0,2.3,0,2.3,2.3,545.1,0,47.1,27.1,72,29.2,21.6
2026-06-03T06:30:00+05:30,2026-06-03 06:30:00,2.6,7.2,16.6,52,0,2.3,0,2.3,2.3,545.1,0,51,27.1,72,29.2,21.6
2026-06-03T06:25:00+05:30,2026-06-03 06:25:00,2.1,9.3,16.6,49,0,2.3,0,2.3,2.3,545.1,0,34.4,27.1,71,29.1,21.4
2026-06-03T06:20:00+05:30,2026-06-03 06:20:00,3.2,7.2,16.6,62,0,2.3,0,2.3,2.3,545.1,0,27.6,27.1,71,29.1,21.4
2026-06-03T06:15:00+05:30,2026-06-03 06:15:00,1.4,9.3,16.6,53,0,2.3,0,2.3,2.3,545.1,0,23.3,27.1,71,29.1,21.4
2026-06-03T06:10:00+05:30,2026-06-03 06:10:00,2.1,5.5,16.6,43,0,2.3,0,2.3,2.3,545.1,0,16.4,27.1,71,29.1,21.4
2026-06-03T06:05:00+05:30,2026-06-03 06:05:00,3.5,7.2,16.6,39,0,2.3,0,2.3,2.3,545.1,0,14,27.1,71,29.1,21.4
2026-06-03T06:00:00+05:30,2026-06-03 06:00:00,5.5,7.2,16.6,26,0,2.3,0,2.3,2.3,545.1,0,7.8,27.1,71,29.1,21.4
2026-06-03T05:55:00+05:30,2026-06-03 05:55:00,4.7,9.3,16.6,18,0,2.3,0,2.3,2.3,545.1,0,4.9,27.1,71,29.1,21.4
2026-06-03T05:50:00+05:30,2026-06-03 05:50:00,1.8,7.2,16.6,39,0,2.3,0,2.3,2.3,545.1,0,3.3,27.1,71,29.1,21.4
2026-06-03T05:45:00+05:30,2026-06-03 05:45:00,5,11.1,16.6,39,0,2.3,0,2.3,2.3,545.1,0,1.7,27.1,71,29.1,21.4
2026-06-03T05:40:00+05:30,2026-06-03 05:40:00,4.7,11.1,16.6,44,0,2.3,0,2.3,2.3,545.1,0,0.5,27.1,71,29.1,21.4
2026-06-03T05:35:00+05:30,2026-06-03 05:35:00,4,5.5,16.6,62,0,2.3,0,2.3,2.3,545.1,0,0.1,27.1,71,29.1,21.4
2026-06-03T05:30:00+05:30,2026-06-03 05:30:00,2.9,11.1,16.6,42,0,2.3,0,2.3,2.3,545.1,0,0,27.1,70,29.1,21.2
2026-06-03T05:25:00+05:30,2026-06-03 05:25:00,1.8,9.3,16.6,48,0,2.3,0,2.3,2.3,545.1,0,0,27.2,70,29.2,21.3
2026-06-03T05:20:00+05:30,2026-06-03 05:20:00,9.3,13,13,94,0,2.3,0,2.3,2.3,545.1,0,0,27.2,70,29.2,21.3
2026-06-03T05:15:00+05:30,2026-06-03 05:15:00,3.5,13,13,88,0,2.3,0,2.3,2.3,545.1,0,0,27.3,70,29.3,21.3
2026-06-03T05:10:00+05:30,2026-06-03 05:10:00,4,7.2,13,71,0,2.3,0,2.3,2.3,545.1,0,0,27.3,70,29.3,21.3
2026-06-03T05:05:00+05:30,2026-06-03 05:05:00,4.7,7.2,13,74,0,2.3,0,2.3,2.3,545.1,0,0,27.3,70,29.3,21.3
2026-06-03T05:00:00+05:30,2026-06-03 05:00:00,6.4,9.3,13,48,0,2.3,0,2.3,2.3,545.1,0,0,27.3,70,29.3,21.3
2026-06-03T04:55:00+05:30,2026-06-03 04:55:00,7.9,9.3,13,44,0,2.3,0,2.3,2.3,545.1,0,0,27.4,70,29.6,21.4
2026-06-03T04:50:00+05:30,2026-06-03 04:50:00,3.2,9.3,13,48,0,2.3,0,2.3,2.3,545.1,0,0,27.4,70,29.6,21.4
2026-06-03T04:45:00+05:30,2026-06-03 04:45:00,1.8,7.2,13,30,0,2.3,0,2.3,2.3,545.1,0,0,27.4,69,29.4,21.2
2026-06-03T04:40:00+05:30,2026-06-03 04:40:00,6.9,9.3,13,55,0,2.3,0,2.3,2.3,545.1,0,0,27.4,69,29.4,21.2
2026-06-03T04:35:00+05:30,2026-06-03 04:35:00,1.8,3.5,13,53,0,2.3,0,2.3,2.3,545.1,0,0,27.4,69,29.4,21.2
2026-06-03T04:31:00+05:30,2026-06-03 04:31:00,5.5,9.3,13,33,0,2.3,0,2.3,2.3,545.1,0,0,27.4,69,29.4,21.2
2026-06-03T04:25:00+05:30,2026-06-03 04:25:00,5.5,7.2,13,65,0,2.3,0,2.3,2.3,545.1,0,0,27.4,69,29.4,21.2
2026-06-03T04:20:00+05:30,2026-06-03 04:20:00,2.6,5.5,13,48,0,2.3,0,2.3,2.3,545.1,0,0,27.4,69,29.4,21.2
2026-06-03T04:15:00+05:30,2026-06-03 04:15:00,1.4,5.5,13,50,0,2.3,0,2.3,2.3,545.1,0,0,27.4,69,29.4,21.2
2026-06-03T04:10:00+05:30,2026-06-03 04:10:00,5.8,11.1,13,67,0,2.3,0,2.3,2.3,545.1,0,0,27.5,69,29.6,21.3
2026-06-03T04:05:00+05:30,2026-06-03 04:05:00,4,7.2,13,55,0,2.3,0,2.3,2.3,545.1,0,0,27.5,69,29.6,21.3
2026-06-03T04:00:00+05:30,2026-06-03 04:00:00,3.5,9.3,13,55,0,2.3,0,2.3,2.3,545.1,0,0,27.5,69,29.6,21.3
2026-06-03T03:55:00+05:30,2026-06-03 03:55:00,2.1,5.5,13,48,0,2.3,0,2.3,2.3,545.1,0,0,27.5,69,29.6,21.3
2026-06-03T03:50:00+05:30,2026-06-03 03:50:00,4,7.2,13,62,0,2.3,0,2.3,2.3,545.1,0,0,27.5,69,29.6,21.3
2026-06-03T03:45:00+05:30,2026-06-03 03:45:00,3.5,5.5,13,50,0,2.3,0,2.3,2.3,545.1,0,0,27.6,69,29.8,21.4
2026-06-03T03:40:00+05:30,2026-06-03 03:40:00,2.1,9.3,13,58,0,2.3,0,2.3,2.3,545.1,0,0,27.6,69,29.8,21.4
2026-06-03T03:35:00+05:30,2026-06-03 03:35:00,2.6,13,13,60,0,2.3,0,2.3,2.3,545.1,0,0,27.6,69,29.8,21.4
2026-06-03T03:30:00+05:30,2026-06-03 03:30:00,3.5,5.5,13,67,0,2.3,0,2.3,2.3,545.1,0,0,27.6,69,29.8,21.4
2026-06-03T03:26:00+05:30,2026-06-03 03:26:00,1.8,5.5,13,58,0,2.3,0,2.3,2.3,545.1,0,0,27.6,69,29.8,21.4
2026-06-03T03:20:00+05:30,2026-06-03 03:20:00,5,11.1,13,49,0,2.3,0,2.3,2.3,545.1,0,0,27.7,69,30,21.5
2026-06-03T03:15:00+05:30,2026-06-03 03:15:00,1.4,1.8,13,60,0,2.3,0,2.3,2.3,545.1,0,0,27.7,69,30,21.5
2026-06-03T03:10:00+05:30,2026-06-03 03:10:00,0,1.8,13,50,0,2.3,0,2.3,2.3,545.1,0,0,27.8,69,30.1,21.6
2026-06-03T03:05:00+05:30,2026-06-03 03:05:00,0,3.5,13,47,0,2.3,0,2.3,2.3,545.1,0,0,27.8,69,30.1,21.6
2026-06-03T03:00:00+05:30,2026-06-03 03:00:00,7.9,13,13,68,0,2.3,0,2.3,2.3,545.1,0,0,27.8,69,30.1,21.6
2026-06-03T02:55:00+05:30,2026-06-03 02:55:00,0.6,5.5,13,51,0,2.3,0,2.3,2.3,545.1,0,0,27.8,69,30.1,21.6
2026-06-03T02:50:00+05:30,2026-06-03 02:50:00,2.1,5.5,13,57,0,2.3,0,2.3,2.3,545.1,0,0,27.8,69,30.1,21.6
2026-06-03T02:45:00+05:30,2026-06-03 02:45:00,3.2,5.5,13,122,0,2.3,0,2.3,2.3,545.1,0,0,27.8,69,30.1,21.6
2026-06-03T02:40:00+05:30,2026-06-03 02:40:00,1.4,7.2,13,51,0,2.3,0,2.3,2.3,545.1,0,0,27.8,69,30.1,21.6
2026-06-03T02:35:00+05:30,2026-06-03 02:35:00,0,1.8,13,48,0,2.3,0,2.3,2.3,545.1,0,0,27.8,69,30.1,21.6
2026-06-03T02:30:00+05:30,2026-06-03 02:30:00,1.8,3.5,13,56,0,2.3,0,2.3,2.3,545.1,0,0,27.9,69,30.3,21.7
2026-06-03T02:25:00+05:30,2026-06-03 02:25:00,1.1,1.8,13,38,0,2.3,0,2.3,2.3,545.1,0,0,27.9,69,30.3,21.7
2026-06-03T02:21:00+05:30,2026-06-03 02:21:00,2.1,5.5,13,72,0,2.3,0,2.3,2.3,545.1,0,0,27.9,69,30.3,21.7
2026-06-03T02:15:00+05:30,2026-06-03 02:15:00,2.1,5.5,13,48,0,2.3,0,2.3,2.3,545.1,0,0,27.9,69,30.3,21.7
2026-06-03T02:10:00+05:30,2026-06-03 02:10:00,4,5.5,13,52,0,2.3,0,2.3,2.3,545.1,0,0,27.9,69,30.3,21.7
2026-06-03T02:05:00+05:30,2026-06-03 02:05:00,1.4,3.5,13,51,0,2.3,0,2.3,2.3,545.1,0,0,28,69,30.6,21.8
2026-06-03T02:00:00+05:30,2026-06-03 02:00:00,3.5,5.5,13,65,0,2.3,0,2.3,2.3,545.1,0,0,28,69,30.6,21.8
2026-06-03T01:55:00+05:30,2026-06-03 01:55:00,0,0,13,49,0,2.3,0,2.3,2.3,545.1,0,0,28,69,30.6,21.8
2026-06-03T01:50:00+05:30,2026-06-03 01:50:00,1.8,5.5,13,63,0,2.3,0,2.3,2.3,545.1,0,0,28,69,30.6,21.8
2026-06-03T01:45:00+05:30,2026-06-03 01:45:00,2.1,3.5,13,60,0,2.3,0,2.3,2.3,545.1,0,0,28.1,69,30.7,21.9
2026-06-03T01:40:00+05:30,2026-06-03 01:40:00,0.6,3.5,13,54,0,2.3,0,2.3,2.3,545.1,0,0,28.1,69,30.7,21.9
2026-06-03T01:35:00+05:30,2026-06-03 01:35:00,3.2,7.2,13,72,0,2.3,0,2.3,2.3,545.1,0,0,28.1,69,30.7,21.9
2026-06-03T01:30:00+05:30,2026-06-03 01:30:00,1.4,3.5,13,66,0,2.3,0,2.3,2.3,545.1,0,0,28.1,69,30.7,21.9
2026-06-03T01:25:00+05:30,2026-06-03 01:25:00,2.1,3.5,13,54,0,2.3,0,2.3,2.3,545.1,0,0,28.2,69,30.9,22
2026-06-03T01:20:00+05:30,2026-06-03 01:20:00,0.6,1.8,13,52,0,2.3,0,2.3,2.3,545.1,0,0,28.2,69,30.9,22
2026-06-03T01:15:00+05:30,2026-06-03 01:15:00,0.3,1.8,13,62,0,2.3,0,2.3,2.3,545.1,0,0,28.2,69,30.9,22
2026-06-03T01:10:00+05:30,2026-06-03 01:10:00,1.8,3.5,13,62,0,2.3,0,2.3,2.3,545.1,0,0,28.2,69,30.9,22
2026-06-03T01:05:00+05:30,2026-06-03 01:05:00,1.1,1.8,13,57,0,2.3,0,2.3,2.3,545.1,0,0,28.2,69,30.9,22
2026-06-03T01:01:00+05:30,2026-06-03 01:01:00,0,1.8,13,49,0,2.3,0,2.3,2.3,545.1,0,0,28.3,69,31.1,22.1
2026-06-03T00:55:00+05:30,2026-06-03 00:55:00,0,1.8,13,48,0,2.3,0,2.3,2.3,545.1,0,0,28.3,69,31.1,22.1
2026-06-03T00:50:00+05:30,2026-06-03 00:50:00,1.4,1.8,13,53,0,2.3,0,2.3,2.3,545.1,0,0,28.3,69,31.1,22.1
2026-06-03T00:45:00+05:30,2026-06-03 00:45:00,2.1,3.5,7.2,68,0,2.3,0,2.3,2.3,545.1,0,0,28.4,69,31.3,22.2
2026-06-03T00:40:00+05:30,2026-06-03 00:40:00,4,7.2,7.2,61,0,2.3,0,2.3,2.3,545.1,0,0,28.4,69,31.3,22.2
2026-06-03T00:35:00+05:30,2026-06-03 00:35:00,3.5,3.5,5.5,68,0,2.3,0,2.3,2.3,545.1,0,0,28.4,69,31.3,22.2
2026-06-03T00:30:00+05:30,2026-06-03 00:30:00,0,0,5.5,49,0,2.3,0,2.3,2.3,545.1,0,0,28.4,69,31.3,22.2
2026-06-03T00:25:00+05:30,2026-06-03 00:25:00,0,0,5.5,50,0,2.3,0,2.3,2.3,545.1,0,0,28.5,69,31.5,22.2
2026-06-03T00:20:00+05:30,2026-06-03 00:20:00,0.3,1.8,5.5,52,0,2.3,0,2.3,2.3,545.1,0,0,28.5,69,31.5,22.2
2026-06-03T00:15:00+05:30,2026-06-03 00:15:00,1.4,3.5,3.5,51,0,2.3,0,2.3,2.3,545.1,0,0,28.5,69,31.5,22.2
2026-06-03T00:10:00+05:30,2026-06-03 00:10:00,0,3.5,3.5,47,0,2.3,0,2.3,2.3,545.1,0,0,28.6,69,31.7,22.3
2026-06-03T00:05:00+05:30,2026-06-03 00:05:00,0,0,0,44,0,2.3,0,2.3,2.3,545.1,0,0,28.6,69,31.7,22.3
2026-06-03T00:00:00+05:30,2026-06-03 00:00:00,0,0,0,50,0,2.3,0,2.3,2.3,545.1,0,0,28.6,69,31.7,22.3
2026-06-02T23:56:00+05:30,2026-06-02 23:56:00,0,0,23.8,49,0,2.3,2.3,2.3,2.3,545.1,0,0,28.6,69,31.7,22.3
2026-06-02T23:50:00+05:30,2026-06-02 23:50:00,0,0,23.8,50,0,2.3,2.3,2.3,2.3,545.1,0,0,28.6,69,31.7,22.3
2026-06-02T23:45:00+05:30,2026-06-02 23:45:00,0.3,3.5,23.8,50,0,2.3,2.3,2.3,2.3,545.1,0,0,28.6,69,31.7,22.3
2026-06-02T23:40:00+05:30,2026-06-02 23:40:00,2.6,5.5,23.8,46,0,2.3,2.3,2.3,2.3,545.1,0,0,28.7,69,31.9,22.4
2026-06-02T23:35:00+05:30,2026-06-02 23:35:00,1.4,3.5,23.8,38,0,2.3,2.3,2.3,2.3,545.1,0,0,28.7,69,31.9,22.4
2026-06-02T23:30:00+05:30,2026-06-02 23:30:00,2.1,3.5,23.8,56,0,2.3,2.3,2.3,2.3,545.1,0,0,28.7,69,31.9,22.4
2026-06-02T23:25:00+05:30,2026-06-02 23:25:00,2.6,5.5,23.8,67,0,2.3,2.3,2.3,2.3,545.1,0,0,28.7,69,31.9,22.4
2026-06-02T23:20:00+05:30,2026-06-02 23:20:00,0,1.8,23.8,49,0,2.3,2.3,2.3,2.3,545.1,0,0,28.8,69,32.1,22.5
2026-06-02T23:15:00+05:30,2026-06-02 23:15:00,1.4,3.5,23.8,53,0,2.3,2.3,2.3,2.3,545.1,0,0,28.8,69,32.1,22.5
2026-06-02T23:10:00+05:30,2026-06-02 23:10:00,4,5.5,23.8,80,0,2.3,2.3,2.3,2.3,545.1,0,0,28.9,69,32.3,22.6
2026-06-02T23:05:00+05:30,2026-06-02 23:05:00,0,0,23.8,48,0,2.3,2.3,2.3,2.3,545.1,0,0,28.9,69,32.3,22.6
2026-06-02T23:00:00+05:30,2026-06-02 23:00:00,0,1.8,23.8,51,0,2.3,2.3,2.3,2.3,545.1,0,0,28.9,68,32.1,22.4
2026-06-02T22:55:00+05:30,2026-06-02 22:55:00,0.6,1.8,23.8,51,0,2.3,2.3,2.3,2.3,545.1,0,0,28.9,68,32.1,22.4
2026-06-02T22:51:00+05:30,2026-06-02 22:51:00,1.8,3.5,23.8,47,0,2.3,2.3,2.3,2.3,545.1,0,0,29,68,32.4,22.5
2026-06-02T22:45:00+05:30,2026-06-02 22:45:00,0,1.8,23.8,50,0,2.3,2.3,2.3,2.3,545.1,0,0,29,68,32.4,22.5
2026-06-02T22:40:00+05:30,2026-06-02 22:40:00,0.3,1.8,23.8,51,1.8,2.3,2.3,2.3,2.3,545.1,0,0,29,68,32.4,22.5
2026-06-02T22:35:00+05:30,2026-06-02 22:35:00,2.1,3.5,23.8,62,1.8,2.3,2.3,2.3,2.3,545.1,0,0,29.1,68,32.6,22.6
2026-06-02T22:30:00+05:30,2026-06-02 22:30:00,1.1,7.2,23.8,45,0,2,2,2,2,544.6,0,0,29.1,68,32.6,22.6
2026-06-02T22:25:00+05:30,2026-06-02 22:25:00,0.3,1.8,23.8,32,0,2,2,2,2,544.6,0,0,29.2,68,32.8,22.7
2026-06-02T22:20:00+05:30,2026-06-02 22:20:00,0,0,23.8,46,0,2,2,2,2,544.6,0,0,29.2,68,32.8,22.7
2026-06-02T22:15:00+05:30,2026-06-02 22:15:00,0,0,23.8,50,0,2,2,2,2,544.6,0,0,29.2,67,32.7,22.4
2026-06-02T22:10:00+05:30,2026-06-02 22:10:00,0,0,23.8,46,0,2,2,2,2,544.6,0,0,29.2,67,32.7,22.4
2026-06-02T22:05:00+05:30,2026-06-02 22:05:00,0,0,23.8,50,0,2,2,2,2,544.6,0,0,29.2,67,32.7,22.4
2026-06-02T22:00:00+05:30,2026-06-02 22:00:00,0,0,23.8,48,0,2,2,2,2,544.6,0,0,29.2,67,32.7,22.4
2026-06-02T21:55:00+05:30,2026-06-02 21:55:00,0.3,1.8,23.8,44,0,2,2,2,2,544.6,0,0,29.3,68,32.9,22.7
2026-06-02T21:50:00+05:30,2026-06-02 21:50:00,0,0,23.8,51,0,2,2,2,2,544.6,0,0,29.3,68,32.9,22.7
2026-06-02T21:45:00+05:30,2026-06-02 21:45:00,0,1.8,23.8,49,0,2,2,2,2,544.6,0,0,29.3,68,32.9,22.7
2026-06-02T21:40:00+05:30,2026-06-02 21:40:00,0.3,1.8,23.8,49,0,2,2,2,2,544.6,0,0,29.3,68,32.9,22.7
2026-06-02T21:35:00+05:30,2026-06-02 21:35:00,0,0,23.8,50,0,2,2,2,2,544.6,0,0,29.4,68,33.2,22.8
2026-06-02T21:30:00+05:30,2026-06-02 21:30:00,1.4,1.8,23.8,52,0,2,2,2,2,544.6,0,0,29.4,68,33.2,22.8
2026-06-02T21:25:00+05:30,2026-06-02 21:25:00,1.8,3.5,23.8,49,0,2,2,2,2,544.6,0,0,29.4,68,33.2,22.8
2026-06-02T21:20:00+05:30,2026-06-02 21:20:00,1.4,1.8,23.8,76,0,2,2,2,2,544.6,0,0,29.5,68,33.4,22.9
2026-06-02T21:15:00+05:30,2026-06-02 21:15:00,0,0,23.8,50,0,2,2,2,2,544.6,0,0,29.5,68,33.4,22.9
2026-06-02T21:10:00+05:30,2026-06-02 21:10:00,0,0,23.8,48,0,2,2,2,2,544.6,0,0,29.5,68,33.4,22.9
2026-06-02T21:05:00+05:30,2026-06-02 21:05:00,0,0,23.8,50,0,2,2,2,2,544.6,0,0,29.6,68,33.7,23.1
2026-06-02T21:00:00+05:30,2026-06-02 21:00:00,0,0,23.8,51,0,2,2,2,2,544.6,0,0,29.6,68,33.7,23.1
2026-06-02T20:55:00+05:30,2026-06-02 20:55:00,0,0,23.8,50,0,2,2,2,2,544.6,0,0,29.6,68,33.7,23.1
2026-06-02T20:50:00+05:30,2026-06-02 20:50:00,0,0,23.8,46,0,2,2,2,2,544.6,0,0,29.7,68,33.9,23.2
2026-06-02T20:45:00+05:30,2026-06-02 20:45:00,0,0,23.8,50,0,2,2,2,2,544.6,0,0,29.7,68,33.9,23.2
2026-06-02T20:41:00+05:30,2026-06-02 20:41:00,0,0,23.8,54,0,2,2,2,2,544.6,0,0,29.7,68,33.9,23.2
2026-06-02T20:35:00+05:30,2026-06-02 20:35:00,0,0,23.8,49,0,2,2,2,2,544.6,0,0,29.8,67,33.8,23
2026-06-02T20:30:00+05:30,2026-06-02 20:30:00,0,0,23.8,54,0,2,2,2,2,544.6,0,0,29.8,67,33.8,23
2026-06-02T20:25:00+05:30,2026-06-02 20:25:00,0,1.8,23.8,52,0,2,2,2,2,544.6,0,0,29.8,67,33.8,23
2026-06-02T20:20:00+05:30,2026-06-02 20:20:00,0,0,23.8,52,0,2,2,2,2,544.6,0,0,29.9,68,34.3,23.3
2026-06-02T20:15:00+05:30,2026-06-02 20:15:00,2.9,3.5,23.8,53,0,2,2,2,2,544.6,0,0,29.9,68,34.3,23.3
2026-06-02T20:10:00+05:30,2026-06-02 20:10:00,2.9,3.5,23.8,55,0,2,2,2,2,544.6,0,0,29.9,68,34.3,23.3
2026-06-02T20:05:00+05:30,2026-06-02 20:05:00,1.8,3.5,23.8,62,0,2,2,2,2,544.6,0,0,29.9,68,34.3,23.3
2026-06-02T20:00:00+05:30,2026-06-02 20:00:00,0,1.8,23.8,52,0,2,2,2,2,544.6,0,0,30,68,34.6,23.4
2026-06-02T19:55:00+05:30,2026-06-02 19:55:00,1.4,1.8,23.8,55,0,2,2,2,2,544.6,0,0,30,68,34.6,23.4
2026-06-02T19:50:00+05:30,2026-06-02 19:50:00,1.4,3.5,23.8,50,0,2,2,2,2,544.6,0,0,30,68,34.6,23.4
2026-06-02T19:45:00+05:30,2026-06-02 19:45:00,0,1.8,23.8,52,0,2,2,2,2,544.6,0,0,30.1,67,34.6,23.3
2026-06-02T19:40:00+05:30,2026-06-02 19:40:00,1.1,1.8,23.8,48,0,2,2,2,2,544.6,0,0,30.1,67,34.6,23.3
2026-06-02T19:35:00+05:30,2026-06-02 19:35:00,1.8,3.5,23.8,56,0,2,2,2,2,544.6,0,0,30.1,67,34.6,23.3
2026-06-02T19:30:00+05:30,2026-06-02 19:30:00,1.8,1.8,23.8,50,0,2,2,2,2,544.6,0,0,30.2,67,34.8,23.4
2026-06-02T19:25:00+05:30,2026-06-02 19:25:00,1.8,3.5,23.8,50,0,2,2,2,2,544.6,0,0,30.2,67,34.8,23.4
2026-06-02T19:21:00+05:30,2026-06-02 19:21:00,1.8,1.8,23.8,48,0,2,2,2,2,544.6,0,0,30.2,67,34.8,23.4
2026-06-02T19:15:00+05:30,2026-06-02 19:15:00,1.8,3.5,23.8,50,0,2,2,2,2,544.6,0,0,30.3,67,34.9,23.4
2026-06-02T19:10:00+05:30,2026-06-02 19:10:00,0,0,23.8,52,0,2,2,2,2,544.6,0,0,30.3,67,34.9,23.4
2026-06-02T19:05:00+05:30,2026-06-02 19:05:00,1.8,1.8,23.8,61,0,2,2,2,2,544.6,0,0,30.3,67,34.9,23.4
2026-06-02T19:00:00+05:30,2026-06-02 19:00:00,0,0,23.8,57,0,2,2,2,2,544.6,0,0,30.4,67,35.2,23.6
2026-06-02T18:55:00+05:30,2026-06-02 18:55:00,0,0,23.8,50,0,2,2,2,2,544.6,0,0,30.4,67,35.2,23.6
2026-06-02T18:50:00+05:30,2026-06-02 18:50:00,0,0,23.8,50,0,2,2,2,2,544.6,0,0,30.4,67,35.2,23.6
2026-06-02T18:45:00+05:30,2026-06-02 18:45:00,0,0,23.8,51,0,2,2,2,2,544.6,0,0,30.4,67,35.2,23.6
2026-06-02T18:40:00+05:30,2026-06-02 18:40:00,0,0,23.8,49,0,2,2,2,2,544.6,0,0,30.5,66,35.2,23.4
2026-06-02T18:35:00+05:30,2026-06-02 18:35:00,1.4,3.5,23.8,53,0,2,2,2,2,544.6,0,0.1,30.5,66,35.2,23.4
2026-06-02T18:30:00+05:30,2026-06-02 18:30:00,0,0,23.8,51,0,2,2,2,2,544.6,0,0.4,30.5,66,35.2,23.4
2026-06-02T18:25:00+05:30,2026-06-02 18:25:00,1.1,1.8,23.8,51,0,2,2,2,2,544.6,0,1.4,30.6,66,35.5,23.5
2026-06-02T18:20:00+05:30,2026-06-02 18:20:00,0,1.8,23.8,54,0,2,2,2,2,544.6,0,3.3,30.6,66,35.5,23.5
2026-06-02T18:16:00+05:30,2026-06-02 18:16:00,0,1.8,23.8,50,0,2,2,2,2,544.6,0,5.4,30.6,66,35.5,23.5
2026-06-02T18:10:00+05:30,2026-06-02 18:10:00,0,1.8,23.8,48,0,2,2,2,2,544.6,0,8,30.6,66,35.5,23.5
2026-06-02T18:05:00+05:30,2026-06-02 18:05:00,0,3.5,23.8,52,0,2,2,2,2,544.6,0,7.1,30.7,66,35.8,23.6
2026-06-02T18:00:00+05:30,2026-06-02 18:00:00,3.5,5.5,23.8,70,0,2,2,2,2,544.6,0,5,30.7,66,35.8,23.6
2026-06-02T17:55:00+05:30,2026-06-02 17:55:00,1.1,3.5,23.8,60,0,2,2,2,2,544.6,0,8.9,30.8,66,35.9,23.7
2026-06-02T17:50:00+05:30,2026-06-02 17:50:00,6.1,7.2,23.8,66,0,2,2,2,2,544.6,0,16,30.8,66,35.9,23.7
2026-06-02T17:45:00+05:30,2026-06-02 17:45:00,2.6,7.2,23.8,55,0,2,2,2,2,544.6,0,27.2,30.9,66,36.2,23.8
2026-06-02T17:40:00+05:30,2026-06-02 17:40:00,5,7.2,23.8,60,0,2,2,2,2,544.6,0,35.8,30.9,66,36.2,23.8
2026-06-02T17:35:00+05:30,2026-06-02 17:35:00,4,7.2,23.8,24,0,2,2,2,2,544.6,0,49.1,30.9,66,36.2,23.8
2026-06-02T17:30:00+05:30,2026-06-02 17:30:00,1.1,7.2,23.8,63,0,2,2,2,2,544.6,0,44.8,31,66,36.4,23.9
2026-06-02T17:25:00+05:30,2026-06-02 17:25:00,1.8,11.1,23.8,54,0,2,2,2,2,544.6,0,66.4,31.1,66,36.7,24
2026-06-02T17:20:00+05:30,2026-06-02 17:20:00,4.7,7.2,23.8,72,0,2,2,2,2,544.6,0,49.4,31.1,67,37,24.2
2026-06-02T17:15:00+05:30,2026-06-02 17:15:00,2.1,5.5,23.8,62,0,2,2,2,2,544.6,0,52,31.1,67,37,24.2
2026-06-02T17:11:00+05:30,2026-06-02 17:11:00,2.1,9.3,23.8,51,0,2,2,2,2,544.6,0,58.7,31.2,67,37.3,24.3
2026-06-02T17:05:00+05:30,2026-06-02 17:05:00,1.8,7.2,23.8,51,0,2,2,2,2,544.6,0,44.7,31.2,67,37.3,24.3
2026-06-02T17:00:00+05:30,2026-06-02 17:00:00,4.3,5.5,23.8,70,0,2,2,2,2,544.6,0,86,31.2,67,37.3,24.3
2026-06-02T16:55:00+05:30,2026-06-02 16:55:00,4,5.5,23.8,60,0,2,2,2,2,544.6,0,55.5,31.2,67,37.3,24.3
2026-06-02T16:50:00+05:30,2026-06-02 16:50:00,4.7,7.2,23.8,71,0,2,2,2,2,544.6,1,105.9,31.3,66,37.1,24.2
2026-06-02T16:45:00+05:30,2026-06-02 16:45:00,5.5,5.5,23.8,69,0,2,2,2,2,544.6,0,89.5,31.3,66,37.1,24.2
2026-06-02T16:40:00+05:30,2026-06-02 16:40:00,2.1,9.3,23.8,70,0,2,2,2,2,544.6,1,127.5,31.4,66,37.4,24.3
2026-06-02T16:35:00+05:30,2026-06-02 16:35:00,4.3,14.8,23.8,58,0,2,2,2,2,544.6,0,46,31.5,66,37.7,24.3
2026-06-02T16:30:00+05:30,2026-06-02 16:30:00,2.1,7.2,23.8,48,0,2,2,2,2,544.6,0,33.5,31.6,67,38.3,24.7
2026-06-02T16:25:00+05:30,2026-06-02 16:25:00,0.3,3.5,23.8,50,0,2,2,2,2,544.6,0,30.1,31.6,65,37.7,24.2
2026-06-02T16:20:00+05:30,2026-06-02 16:20:00,3.5,5.5,23.8,69,11.9,2,2,2,2,544.6,0,37.5,31.6,64,37.3,23.9
2026-06-02T16:15:00+05:30,2026-06-02 16:15:00,3.5,3.5,23.8,76,11.9,2,2,2,2,544.6,0,56.6,31.7,62,37,23.5
2026-06-02T16:10:00+05:30,2026-06-02 16:10:00,1.4,7.2,23.8,81,0,0,0,0,0,542.8,0,22.5,31.8,61,36.8,23.3
2026-06-02T16:05:00+05:30,2026-06-02 16:05:00,5.5,7.2,23.8,89,0,0,0,0,0,542.8,0,32.8,31.8,61,36.8,23.3
2026-06-02T16:00:00+05:30,2026-06-02 16:00:00,3.5,9.3,23.8,47,0,0,0,0,0,542.8,0,73.4,31.8,61,36.8,23.3
2026-06-02T15:55:00+05:30,2026-06-02 15:55:00,3.2,11.1,23.8,65,0,0,0,0,0,542.8,0,47.2,31.8,61,36.8,23.3
2026-06-02T15:50:00+05:30,2026-06-02 15:50:00,4.3,11.1,23.8,85,0,0,0,0,0,542.8,0,89.9,31.8,61,36.8,23.3
2026-06-02T15:45:00+05:30,2026-06-02 15:45:00,5,9.3,23.8,58,0,0,0,0,0,542.8,2,236.5,31.8,62,37.2,23.6
2026-06-02T15:40:00+05:30,2026-06-02 15:40:00,1.8,9.3,23.8,63,0,0,0,0,0,542.8,0,79.2,31.8,61,36.8,23.3
2026-06-02T15:35:00+05:30,2026-06-02 15:35:00,5.5,11.1,23.8,72,0,0,0,0,0,542.8,1,167.5,31.9,61,37.1,23.4
2026-06-02T15:30:00+05:30,2026-06-02 15:30:00,4.7,11.1,23.8,91,0,0,0,0,0,542.8,1,150.9,31.9,61,37.1,23.4
2026-06-02T15:25:00+05:30,2026-06-02 15:25:00,2.9,9.3,23.8,54,0,0,0,0,0,542.8,4,473.2,31.9,61,37.1,23.4
2026-06-02T15:20:00+05:30,2026-06-02 15:20:00,5,11.1,23.8,63,0,0,0,0,0,542.8,2,227,31.8,61,36.8,23.3
2026-06-02T15:15:00+05:30,2026-06-02 15:15:00,2.9,11.1,23.8,60,0,0,0,0,0,542.8,5,544,31.8,61,36.8,23.3
2026-06-02T15:10:00+05:30,2026-06-02 15:10:00,4,9.3,23.8,62,0,0,0,0,0,542.8,3,335.9,31.7,60,36.4,23
2026-06-02T15:05:00+05:30,2026-06-02 15:05:00,5,11.1,23.8,104,0,0,0,0,0,542.8,4,448.4,31.7,61,36.7,23.3
2026-06-02T15:00:00+05:30,2026-06-02 15:00:00,3.2,9.3,23.8,56,0,0,0,0,0,542.8,5,556.2,31.7,61,36.7,23.3
2026-06-02T14:55:00+05:30,2026-06-02 14:55:00,5.5,14.8,23.8,71,0,0,0,0,0,542.8,6,647.6,31.7,61,36.7,23.3
2026-06-02T14:50:00+05:30,2026-06-02 14:50:00,3.2,11.1,23.8,22,0,0,0,0,0,542.8,2,213.3,31.7,61,36.7,23.3
2026-06-02T14:46:00+05:30,2026-06-02 14:46:00,5.5,7.2,23.8,80,0,0,0,0,0,542.8,5,596.8,31.7,60,36.4,23
2026-06-02T14:40:00+05:30,2026-06-02 14:40:00,3.2,7.2,23.8,71,0,0,0,0,0,542.8,5,573.9,31.6,61,36.4,23.2
2026-06-02T14:35:00+05:30,2026-06-02 14:35:00,3.5,5.5,23.8,54,0,0,0,0,0,542.8,5,611.6,31.6,61,36.4,23.2
2026-06-02T14:30:00+05:30,2026-06-02 14:30:00,2.9,9.3,23.8,69,0,0,0,0,0,542.8,6,655.1,31.5,62,36.5,23.3
2026-06-02T14:25:00+05:30,2026-06-02 14:25:00,2.9,11.1,23.8,35,0,0,0,0,0,542.8,6,631.6,31.5,62,36.5,23.3
2026-06-02T14:20:00+05:30,2026-06-02 14:20:00,5.5,14.8,23.8,56,0,0,0,0,0,542.8,6,633,31.4,62,36.2,23.2
2026-06-02T14:15:00+05:30,2026-06-02 14:15:00,6.9,13,23.8,76,0,0,0,0,0,542.8,6,649.7,31.4,62,36.2,23.2
2026-06-02T14:10:00+05:30,2026-06-02 14:10:00,4.7,14.8,23.8,66,0,0,0,0,0,542.8,2,285,31.3,62,36,23.1
2026-06-02T14:05:00+05:30,2026-06-02 14:05:00,6.1,18.3,23.8,49,0,0,0,0,0,542.8,6,708.7,31.2,63,36.1,23.3
2026-06-02T14:00:00+05:30,2026-06-02 14:00:00,4.7,13,23.8,66,0,0,0,0,0,542.8,6,683.4,31.2,63,36.1,23.3
2026-06-02T13:55:00+05:30,2026-06-02 13:55:00,4.7,9.3,23.8,68,0,0,0,0,0,542.8,6,697,31.1,63,35.9,23.2
2026-06-02T13:50:00+05:30,2026-06-02 13:50:00,4.7,13,23.8,49,0,0,0,0,0,542.8,7,768.6,31.1,64,36.2,23.5
2026-06-02T13:45:00+05:30,2026-06-02 13:45:00,4.3,23.8,23.8,63,0,0,0,0,0,542.8,7,730.7,31,64,35.9,23.4
2026-06-02T13:41:00+05:30,2026-06-02 13:41:00,5.5,14.8,16.6,55,0,0,0,0,0,542.8,7,753.7,31,64,35.9,23.4
2026-06-02T13:35:00+05:30,2026-06-02 13:35:00,1.1,13,16.6,64,0,0,0,0,0,542.8,7,734.3,31,64,35.9,23.4
2026-06-02T13:30:00+05:30,2026-06-02 13:30:00,3.5,11.1,16.6,47,0,0,0,0,0,542.8,5,596.4,30.9,64,35.6,23.3
2026-06-02T13:25:00+05:30,2026-06-02 13:25:00,4,9.3,16.6,53,0,0,0,0,0,542.8,7,790,30.8,64,35.4,23.2
2026-06-02T13:20:00+05:30,2026-06-02 13:20:00,3.5,16.6,16.6,48,0,0,0,0,0,542.8,8,843.9,30.8,64,35.4,23.2
2026-06-02T13:15:00+05:30,2026-06-02 13:15:00,0,7.2,16.6,52,0,0,0,0,0,542.8,7,763,30.7,64,35.2,23.1
2026-06-02T13:10:00+05:30,2026-06-02 13:10:00,1.4,3.5,16.6,60,0,0,0,0,0,542.8,1,169.7,30.7,64,35.2,23.1
2026-06-02T13:05:00+05:30,2026-06-02 13:05:00,0.6,3.5,16.6,46,0,0,0,0,0,542.8,1,158.3,30.7,64,35.2,23.1
2026-06-02T13:00:00+05:30,2026-06-02 13:00:00,2.1,3.5,16.6,80,0,0,0,0,0,542.8,2,287.9,30.6,64,35,23
2026-06-02T12:55:00+05:30,2026-06-02 12:55:00,3.5,3.5,16.6,69,0,0,0,0,0,542.8,2,244.3,30.5,63,34.5,22.7
2026-06-02T12:50:00+05:30,2026-06-02 12:50:00,4.3,7.2,16.6,63,0,0,0,0,0,542.8,2,302.8,30.5,63,34.5,22.7
2026-06-02T12:45:00+05:30,2026-06-02 12:45:00,8.2,14.8,16.6,60,0,0,0,0,0,542.8,8,896.7,30.4,64,34.5,22.8
2026-06-02T12:40:00+05:30,2026-06-02 12:40:00,5.8,7.2,16.6,72,0,0,0,0,0,542.8,1,184.8,30.4,64,34.5,22.8
2026-06-02T12:36:00+05:30,2026-06-02 12:36:00,9.7,13,16.6,115,0,0,0,0,0,542.8,8,898.1,30.3,64,34.3,22.7
2026-06-02T12:30:00+05:30,2026-06-02 12:30:00,3.5,13,16.6,56,0,0,0,0,0,542.8,8,890.8,30.3,64,34.3,22.7
2026-06-02T12:25:00+05:30,2026-06-02 12:25:00,1.8,16.6,16.6,54,0,0,0,0,0,542.8,1,151.3,30.2,65,34.4,22.9
2026-06-02T12:20:00+05:30,2026-06-02 12:20:00,2.1,7.2,16.6,54,0,0,0,0,0,542.8,2,244.3,30.2,65,34.4,22.9
2026-06-02T12:15:00+05:30,2026-06-02 12:15:00,2.1,7.2,16.6,92,0,0,0,0,0,542.8,1,204.3,30.1,65,34.1,22.8
2026-06-02T12:10:00+05:30,2026-06-02 12:10:00,9.3,11.1,16.6,70,0,0,0,0,0,542.8,2,245.5,30.1,65,34.1,22.8
2026-06-02T12:05:00+05:30,2026-06-02 12:05:00,4.7,11.1,16.6,51,0,0,0,0,0,542.8,3,333.3,30,65,33.9,22.7
2026-06-02T12:00:00+05:30,2026-06-02 12:00:00,8.2,13,16.6,88,0,0,0,0,0,542.8,6,648.8,30,66,34.1,22.9
2026-06-02T11:55:00+05:30,2026-06-02 11:55:00,5.8,7.2,16.6,62,0,0,0,0,0,542.8,9,1018.3,29.9,66,33.8,22.8
2026-06-02T11:50:00+05:30,2026-06-02 11:50:00,9.3,11.1,16.6,111,0,0,0,0,0,542.8,8,825.2,29.8,65,33.4,22.5
2026-06-02T11:45:00+05:30,2026-06-02 11:45:00,5,9.3,16.6,50,0,0,0,0,0,542.8,5,580.7,29.8,66,33.6,22.7
2026-06-02T11:40:00+05:30,2026-06-02 11:40:00,6.4,9.3,16.6,94,0,0,0,0,0,542.8,3,312.3,29.8,66,33.6,22.7
2026-06-02T11:35:00+05:30,2026-06-02 11:35:00,3.5,11.1,16.6,68,0,0,0,0,0,542.8,2,269.7,29.7,66,33.5,22.7
2026-06-02T11:30:00+05:30,2026-06-02 11:30:00,2.6,5.5,16.6,58,0,0,0,0,0,542.8,5,543.6,29.7,66,33.5,22.7
2026-06-02T11:25:00+05:30,2026-06-02 11:25:00,4.3,7.2,16.6,75,0,0,0,0,0,542.8,9,1011.1,29.6,66,33.3,22.6
2026-06-02T11:20:00+05:30,2026-06-02 11:20:00,2.6,9.3,16.6,65,0,0,0,0,0,542.8,2,298.2,29.6,66,33.3,22.6
2026-06-02T11:16:00+05:30,2026-06-02 11:16:00,7.2,14.8,16.6,69,0,0,0,0,0,542.8,2,263.4,29.5,66,33.1,22.4
2026-06-02T11:10:00+05:30,2026-06-02 11:10:00,6.4,11.1,16.6,65,0,0,0,0,0,542.8,4,418.9,29.4,67,33,22.6
2026-06-02T11:05:00+05:30,2026-06-02 11:05:00,1.8,7.2,16.6,72,0,0,0,0,0,542.8,2,215.1,29.4,67,33,22.6
2026-06-02T11:00:00+05:30,2026-06-02 11:00:00,4.7,13,16.6,79,0,0,0,0,0,542.8,5,552.5,29.3,68,32.9,22.7
2026-06-02T10:55:00+05:30,2026-06-02 10:55:00,3.5,16.6,16.6,53,0,0,0,0,0,542.8,2,299.7,29.3,68,32.9,22.7
2026-06-02T10:50:00+05:30,2026-06-02 10:50:00,2.6,7.2,16.6,56,0,0,0,0,0,542.8,8,864.4,29.2,68,32.8,22.7
2026-06-02T10:45:00+05:30,2026-06-02 10:45:00,4.7,9.3,16.6,73,0,0,0,0,0,542.8,5,596.5,29.2,68,32.8,22.7
2026-06-02T10:40:00+05:30,2026-06-02 10:40:00,2.6,5.5,16.6,46,0,0,0,0,0,542.8,2,219,29.2,68,32.8,22.7
2026-06-02T10:35:00+05:30,2026-06-02 10:35:00,1.8,9.3,16.6,50,0,0,0,0,0,542.8,2,215.5,29.1,68,32.6,22.6
2026-06-02T10:30:00+05:30,2026-06-02 10:30:00,4,7.2,16.6,65,0,0,0,0,0,542.8,2,240.1,29.1,68,32.6,22.6
2026-06-02T10:25:00+05:30,2026-06-02 10:25:00,5,13,16.6,86,0,0,0,0,0,542.8,2,208.7,29.1,68,32.6,22.6
2026-06-02T10:20:00+05:30,2026-06-02 10:20:00,1.4,5.5,16.6,67,0,0,0,0,0,542.8,2,229.3,29,68,32.4,22.5
2026-06-02T10:15:00+05:30,2026-06-02 10:15:00,2.6,5.5,16.6,64,0,0,0,0,0,542.8,2,222.6,29,68,32.4,22.5
2026-06-02T10:11:00+05:30,2026-06-02 10:11:00,4.7,9.3,16.6,55,0,0,0,0,0,542.8,1,115,28.9,68,32.1,22.4
2026-06-02T10:05:00+05:30,2026-06-02 10:05:00,5,7.2,16.6,86,0,0,0,0,0,542.8,1,189.7,28.9,68,32.1,22.4
2026-06-02T10:00:00+05:30,2026-06-02 10:00:00,1.4,11.1,16.6,50,0,0,0,0,0,542.8,1,177.8,28.8,68,31.9,22.3
2026-06-02T09:55:00+05:30,2026-06-02 09:55:00,3.5,7.2,16.6,58,0,0,0,0,0,542.8,8,884.5,28.8,68,31.9,22.3
2026-06-02T09:50:00+05:30,2026-06-02 09:50:00,7.9,11.1,16.6,79,0,0,0,0,0,542.8,7,802.8,28.7,68,31.8,22.2
2026-06-02T09:45:00+05:30,2026-06-02 09:45:00,0.6,16.6,16.6,49,0,0,0,0,0,542.8,3,385.1,28.7,68,31.8,22.2
2026-06-02T09:40:00+05:30,2026-06-02 09:40:00,1.8,5.5,16.6,58,0,0,0,0,0,542.8,7,813.7,28.6,68,31.6,22.1
2026-06-02T09:35:00+05:30,2026-06-02 09:35:00,3.5,5.5,16.6,55,0,0,0,0,0,542.8,4,470.9,28.6,69,31.7,22.3
2026-06-02T09:30:00+05:30,2026-06-02 09:30:00,3.5,5.5,16.6,85,0,0,0,0,0,542.8,3,346.3,28.5,69,31.5,22.2
2026-06-02T09:25:00+05:30,2026-06-02 09:25:00,0.3,1.8,16.6,51,0,0,0,0,0,542.8,1,187.8,28.5,69,31.5,22.2
2026-06-02T09:20:00+05:30,2026-06-02 09:20:00,2.9,9.3,16.6,69,0,0,0,0,0,542.8,2,206.9,28.4,68,31.1,21.9
2026-06-02T09:15:00+05:30,2026-06-02 09:15:00,6.1,9.3,16.6,79,0,0,0,0,0,542.8,7,719.4,28.4,68,31.1,21.9
2026-06-02T09:10:00+05:30,2026-06-02 09:10:00,4.3,11.1,16.6,44,0,0,0,0,0,542.8,6,639.4,28.3,68,30.9,21.8
2026-06-02T09:06:00+05:30,2026-06-02 09:06:00,4.7,9.3,16.6,48,0,0,0,0,0,542.8,5,605.3,28.3,68,30.9,21.8
2026-06-02T09:00:00+05:30,2026-06-02 09:00:00,6.1,7.2,16.6,63,0,0,0,0,0,542.8,5,583.6,28.2,68,30.8,21.7
2026-06-02T08:55:00+05:30,2026-06-02 08:55:00,2.1,7.2,16.6,89,0,0,0,0,0,542.8,5,572.8,28.2,68,30.8,21.7
2026-06-02T08:50:00+05:30,2026-06-02 08:50:00,1.4,3.5,16.6,51,0,0,0,0,0,542.8,5,557.3,28.2,68,30.8,21.7
2026-06-02T08:45:00+05:30,2026-06-02 08:45:00,5.5,9.3,16.6,36,0,0,0,0,0,542.8,5,541.4,28.1,68,30.6,21.6
2026-06-02T08:40:00+05:30,2026-06-02 08:40:00,3.5,9.3,16.6,63,0,0,0,0,0,542.8,3,389.6,28.1,68,30.6,21.6
2026-06-02T08:35:00+05:30,2026-06-02 08:35:00,1.4,5.5,16.6,57,0,0,0,0,0,542.8,4,499.8,28,68,30.4,21.6
2026-06-02T08:30:00+05:30,2026-06-02 08:30:00,7.6,9.3,16.6,86,0,0,0,0,0,542.8,4,488.8,28,68,30.4,21.6
2026-06-02T08:25:00+05:30,2026-06-02 08:25:00,5.5,9.3,16.6,126,0,0,0,0,0,542.8,4,477.5,28,68,30.4,21.6
2026-06-02T08:20:00+05:30,2026-06-02 08:20:00,6.1,9.3,16.6,88,0,0,0,0,0,542.8,4,454.9,27.9,68,30.2,21.4
2026-06-02T08:15:00+05:30,2026-06-02 08:15:00,2.9,7.2,16.6,46,0,0,0,0,0,542.8,4,434.6,27.9,68,30.2,21.4
2026-06-02T08:10:00+05:30,2026-06-02 08:10:00,2.1,5.5,16.6,51,0,0,0,0,0,542.8,4,413,27.8,68,30,21.3
2026-06-02T08:05:00+05:30,2026-06-02 08:05:00,5,9.3,16.6,84,0,0,0,0,0,542.8,3,394.6,27.8,68,30,21.3
2026-06-02T08:00:00+05:30,2026-06-02 08:00:00,2.1,5.5,16.6,50,0,0,0,0,0,542.8,3,381.6,27.8,68,30,21.3
2026-06-02T07:55:00+05:30,2026-06-02 07:55:00,4,5.5,16.6,70,0,0,0,0,0,542.8,3,363.9,27.8,68,30,21.3
2026-06-02T07:50:00+05:30,2026-06-02 07:50:00,4,5.5,16.6,78,0,0,0,0,0,542.8,1,112,27.8,68,30,21.3
2026-06-02T07:45:00+05:30,2026-06-02 07:45:00,2.6,5.5,16.6,97,0,0,0,0,0,542.8,0,92.6,27.7,68,29.9,21.3
2026-06-02T07:40:00+05:30,2026-06-02 07:40:00,2.6,3.5,16.6,68,0,0,0,0,0,542.8,1,149.9,27.7,68,29.9,21.3
2026-06-02T07:35:00+05:30,2026-06-02 07:35:00,0.6,3.5,16.6,54,0,0,0,0,0,542.8,2,304.9,27.7,68,29.9,21.3
2026-06-02T07:30:00+05:30,2026-06-02 07:30:00,1.8,1.8,16.6,44,0,0,0,0,0,542.8,2,243.1,27.7,68,29.9,21.3
2026-06-02T07:25:00+05:30,2026-06-02 07:25:00,1.1,3.5,16.6,48,0,0,0,0,0,542.8,0,74.8,27.7,68,29.9,21.3
2026-06-02T07:20:00+05:30,2026-06-02 07:20:00,2.1,5.5,16.6,58,0,0,0,0,0,542.8,0,75.1,27.7,68,29.9,21.3
2026-06-02T07:15:00+05:30,2026-06-02 07:15:00,1.8,1.8,16.6,55,0,0,0,0,0,542.8,0,73.9,27.7,68,29.9,21.3
2026-06-02T07:10:00+05:30,2026-06-02 07:10:00,1.4,1.8,16.6,51,0,0,0,0,0,542.8,0,55.6,27.7,68,29.9,21.3
2026-06-02T07:05:00+05:30,2026-06-02 07:05:00,1.4,3.5,16.6,49,0,0,0,0,0,542.8,0,56.9,27.6,68,29.7,21.2
2026-06-02T07:00:00+05:30,2026-06-02 07:00:00,1.1,3.5,16.6,48,0,0,0,0,0,542.8,0,44.4,27.6,68,29.7,21.2
2026-06-02T06:55:00+05:30,2026-06-02 06:55:00,2.9,3.5,16.6,62,0,0,0,0,0,542.8,0,43.6,27.6,68,29.7,21.2
2026-06-02T06:50:00+05:30,2026-06-02 06:50:00,2.1,3.5,16.6,83,0,0,0,0,0,542.8,0,45.5,27.6,68,29.7,21.2
2026-06-02T06:45:00+05:30,2026-06-02 06:45:00,2.1,3.5,16.6,51,0,0,0,0,0,542.8,0,59.1,27.5,68,29.5,21.1
2026-06-02T06:41:00+05:30,2026-06-02 06:41:00,3.5,3.5,16.6,72,0,0,0,0,0,542.8,0,79.3,27.6,68,29.7,21.2
2026-06-02T06:35:00+05:30,2026-06-02 06:35:00,1.1,3.5,16.6,39,0,0,0,0,0,542.8,0,66.3,27.5,68,29.5,21.1
2026-06-02T06:30:00+05:30,2026-06-02 06:30:00,3.2,7.2,16.6,60,0,0,0,0,0,542.8,0,54.9,27.5,67,29.4,20.8
2026-06-02T06:25:00+05:30,2026-06-02 06:25:00,2.9,3.5,16.6,53,0,0,0,0,0,542.8,0,43.4,27.6,67,29.6,20.9
2026-06-02T06:20:00+05:30,2026-06-02 06:20:00,2.1,3.5,16.6,44,0,0,0,0,0,542.8,0,34.8,27.6,67,29.6,20.9
2026-06-02T06:15:00+05:30,2026-06-02 06:15:00,1.8,3.5,16.6,39,0,0,0,0,0,542.8,0,16.3,27.6,67,29.6,20.9
2026-06-02T06:10:00+05:30,2026-06-02 06:10:00,0,1.8,16.6,34,0,0,0,0,0,542.8,0,12.6,27.6,67,29.6,20.9
2026-06-02T06:05:00+05:30,2026-06-02 06:05:00,1.4,5.5,16.6,37,0,0,0,0,0,542.8,0,10.4,27.6,67,29.6,20.9
2026-06-02T06:00:00+05:30,2026-06-02 06:00:00,1.8,3.5,16.6,42,0,0,0,0,0,542.8,0,7.7,27.6,67,29.6,20.9
2026-06-02T05:55:00+05:30,2026-06-02 05:55:00,1.8,1.8,16.6,37,0,0,0,0,0,542.8,0,5.1,27.6,67,29.6,20.9
2026-06-02T05:50:00+05:30,2026-06-02 05:50:00,0.3,3.5,16.6,40,0,0,0,0,0,542.8,0,3.2,27.6,67,29.6,20.9
2026-06-02T05:45:00+05:30,2026-06-02 05:45:00,1.8,3.5,16.6,36,0,0,0,0,0,542.8,0,1.5,27.7,67,29.8,21
2026-06-02T05:40:00+05:30,2026-06-02 05:40:00,0,5.5,16.6,42,0,0,0,0,0,542.8,0,0.6,27.6,67,29.6,20.9
2026-06-02T05:36:00+05:30,2026-06-02 05:36:00,0,1.8,16.6,41,0,0,0,0,0,542.8,0,0.2,27.6,67,29.6,20.9
2026-06-02T05:30:00+05:30,2026-06-02 05:30:00,2.9,3.5,16.6,40,0,0,0,0,0,542.8,0,0,27.7,67,29.8,21
2026-06-02T05:25:00+05:30,2026-06-02 05:25:00,1.1,3.5,16.6,42,0,0,0,0,0,542.8,0,0,27.7,67,29.8,21
2026-06-02T05:20:00+05:30,2026-06-02 05:20:00,1.1,3.5,16.6,42,0,0,0,0,0,542.8,0,0,27.7,67,29.8,21
2026-06-02T05:15:00+05:30,2026-06-02 05:15:00,0,5.5,16.6,42,0,0,0,0,0,542.8,0,0,27.7,67,29.8,21
2026-06-02T05:10:00+05:30,2026-06-02 05:10:00,0,1.8,16.6,42,0,0,0,0,0,542.8,0,0,27.7,67,29.8,21
2026-06-02T05:05:00+05:30,2026-06-02 05:05:00,4.7,7.2,16.6,48,0,0,0,0,0,542.8,0,0,27.7,67,29.8,21
2026-06-02T05:00:00+05:30,2026-06-02 05:00:00,1.8,7.2,16.6,50,0,0,0,0,0,542.8,0,0,27.8,67,29.9,21.1
2026-06-02T04:55:00+05:30,2026-06-02 04:55:00,0,1.8,16.6,42,0,0,0,0,0,542.8,0,0,27.8,67,29.9,21.1
2026-06-02T04:50:00+05:30,2026-06-02 04:50:00,1.4,7.2,16.6,45,0,0,0,0,0,542.8,0,0,27.8,67,29.9,21.1
2026-06-02T04:45:00+05:30,2026-06-02 04:45:00,2.1,5.5,16.6,48,0,0,0,0,0,542.8,0,0,27.8,67,29.9,21.1
2026-06-02T04:40:00+05:30,2026-06-02 04:40:00,2.1,3.5,16.6,71,0,0,0,0,0,542.8,0,0,27.8,67,29.9,21.1
2026-06-02T04:35:00+05:30,2026-06-02 04:35:00,0.3,1.8,16.6,48,0,0,0,0,0,542.8,0,0,27.8,67,29.9,21.1
2026-06-02T04:31:00+05:30,2026-06-02 04:31:00,2.1,3.5,16.6,45,0,0,0,0,0,542.8,0,0,27.8,66,29.8,20.8
2026-06-02T04:25:00+05:30,2026-06-02 04:25:00,2.1,3.5,16.6,62,0,0,0,0,0,542.8,0,0,27.8,66,29.8,20.8
2026-06-02T04:20:00+05:30,2026-06-02 04:20:00,2.1,3.5,16.6,62,0,0,0,0,0,542.8,0,0,27.8,66,29.8,20.8
2026-06-02T04:15:00+05:30,2026-06-02 04:15:00,4,5.5,16.6,76,0,0,0,0,0,542.8,0,0,27.8,66,29.8,20.8
2026-06-02T04:10:00+05:30,2026-06-02 04:10:00,4,7.2,16.6,50,0,0,0,0,0,542.8,0,0,27.9,66,29.9,20.9
2026-06-02T04:05:00+05:30,2026-06-02 04:05:00,1.4,5.5,16.6,51,0,0,0,0,0,542.8,0,0,27.9,66,29.9,20.9
2026-06-02T04:00:00+05:30,2026-06-02 04:00:00,2.1,5.5,16.6,50,0,0,0,0,0,542.8,0,0,27.9,66,29.9,20.9
2026-06-02T03:55:00+05:30,2026-06-02 03:55:00,0.6,1.8,16.6,46,0,0,0,0,0,542.8,0,0,27.9,66,29.9,20.9
2026-06-02T03:50:00+05:30,2026-06-02 03:50:00,0.6,5.5,16.6,50,0,0,0,0,0,542.8,0,0,27.9,66,29.9,20.9
2026-06-02T03:45:00+05:30,2026-06-02 03:45:00,4,5.5,16.6,53,0,0,0,0,0,542.8,0,0,27.9,66,29.9,20.9
2026-06-02T03:40:00+05:30,2026-06-02 03:40:00,1.4,5.5,16.6,46,0,0,0,0,0,542.8,0,0,27.9,66,29.9,20.9
2026-06-02T03:35:00+05:30,2026-06-02 03:35:00,0.3,3.5,16.6,45,0,0,0,0,0,542.8,0,0,27.9,66,29.9,20.9
2026-06-02T03:30:00+05:30,2026-06-02 03:30:00,4,5.5,16.6,70,0,0,0,0,0,542.8,0,0,27.9,66,29.9,20.9
2026-06-02T03:25:00+05:30,2026-06-02 03:25:00,1.1,5.5,16.6,51,0,0,0,0,0,542.8,0,0,28,66,30.2,21.1
2026-06-02T03:20:00+05:30,2026-06-02 03:20:00,4.7,7.2,16.6,92,0,0,0,0,0,542.8,0,0,28,66,30.2,21.1
2026-06-02T03:15:00+05:30,2026-06-02 03:15:00,4.3,7.2,16.6,41,0,0,0,0,0,542.8,0,0,28,66,30.2,21.1
2026-06-02T03:11:00+05:30,2026-06-02 03:11:00,2.1,7.2,16.6,69,0,0,0,0,0,542.8,0,0,28.1,66,30.3,21.2
2026-06-02T03:05:00+05:30,2026-06-02 03:05:00,4,5.5,16.6,47,0,0,0,0,0,542.8,0,0,28.1,65,30.2,20.9
2026-06-02T03:00:00+05:30,2026-06-02 03:00:00,2.1,5.5,16.6,39,0,0,0,0,0,542.8,0,0,28.1,65,30.2,20.9
2026-06-02T02:55:00+05:30,2026-06-02 02:55:00,2.6,3.5,16.6,53,0,0,0,0,0,542.8,0,0,28.1,65,30.2,20.9
2026-06-02T02:50:00+05:30,2026-06-02 02:50:00,2.6,3.5,16.6,56,0,0,0,0,0,542.8,0,0,28.1,65,30.2,20.9
2026-06-02T02:45:00+05:30,2026-06-02 02:45:00,4,5.5,16.6,43,0,0,0,0,0,542.8,0,0,28.2,65,30.4,21
2026-06-02T02:40:00+05:30,2026-06-02 02:40:00,2.9,5.5,16.6,56,0,0,0,0,0,542.8,0,0,28.2,65,30.4,21
2026-06-02T02:35:00+05:30,2026-06-02 02:35:00,0,3.5,16.6,55,0,0,0,0,0,542.8,0,0,28.2,65,30.4,21
2026-06-02T02:30:00+05:30,2026-06-02 02:30:00,4,5.5,16.6,60,0,0,0,0,0,542.8,0,0,28.2,65,30.4,21
2026-06-02T02:25:00+05:30,2026-06-02 02:25:00,0,3.5,16.6,50,0,0,0,0,0,542.8,0,0,28.2,65,30.4,21
2026-06-02T02:20:00+05:30,2026-06-02 02:20:00,2.1,3.5,16.6,49,0,0,0,0,0,542.8,0,0,28.2,65,30.4,21
2026-06-02T02:15:00+05:30,2026-06-02 02:15:00,0,3.5,16.6,50,0,0,0,0,0,542.8,0,0,28.2,65,30.4,21
2026-06-02T02:10:00+05:30,2026-06-02 02:10:00,0.3,3.5,16.6,49,0,0,0,0,0,542.8,0,0,28.2,65,30.4,21
2026-06-02T02:06:00+05:30,2026-06-02 02:06:00,4.3,5.5,16.6,55,0,0,0,0,0,542.8,0,0,28.2,65,30.4,21
2026-06-02T02:00:00+05:30,2026-06-02 02:00:00,1.1,3.5,16.6,57,0,0,0,0,0,542.8,0,0,28.2,65,30.4,21
2026-06-02T01:55:00+05:30,2026-06-02 01:55:00,4.3,7.2,16.6,30,0,0,0,0,0,542.8,0,0,28.2,65,30.4,21
2026-06-02T01:50:00+05:30,2026-06-02 01:50:00,2.1,3.5,16.6,48,0,0,0,0,0,542.8,0,0,28.2,65,30.4,21
2026-06-02T01:45:00+05:30,2026-06-02 01:45:00,2.9,7.2,16.6,74,0,0,0,0,0,542.8,0,0,28.2,65,30.4,21
2026-06-02T01:40:00+05:30,2026-06-02 01:40:00,0.3,1.8,16.6,50,0,0,0,0,0,542.8,0,0,28.2,65,30.4,21
2026-06-02T01:35:00+05:30,2026-06-02 01:35:00,0,1.8,16.6,48,0,0,0,0,0,542.8,0,0,28.2,65,30.4,21
2026-06-02T01:30:00+05:30,2026-06-02 01:30:00,4,9.3,16.6,78,0,0,0,0,0,542.8,0,0,28.2,65,30.4,21
2026-06-02T01:25:00+05:30,2026-06-02 01:25:00,0.3,1.8,16.6,46,0,0,0,0,0,542.8,0,0,28.2,65,30.4,21
2026-06-02T01:20:00+05:30,2026-06-02 01:20:00,2.9,5.5,16.6,64,0,0,0,0,0,542.8,0,0,28.2,65,30.4,21
2026-06-02T01:15:00+05:30,2026-06-02 01:15:00,3.5,13,14.8,38,0,0,0,0,0,542.8,0,0,28.4,65,30.7,21.2
2026-06-02T01:10:00+05:30,2026-06-02 01:10:00,1.4,3.5,13,49,0,0,0,0,0,542.8,0,0,28.5,65,30.9,21.3
2026-06-02T01:05:00+05:30,2026-06-02 01:05:00,5.5,7.2,11.1,69,0,0,0,0,0,542.8,0,0,28.6,64,30.9,21.1
2026-06-02T01:01:00+05:30,2026-06-02 01:01:00,1.1,1.8,11.1,56,0,0,0,0,0,542.8,0,0,28.6,65,31.1,21.4
2026-06-02T00:55:00+05:30,2026-06-02 00:55:00,0,1.8,11.1,79,0,0,0,0,0,542.8,0,0,28.7,64,31.2,21.2
2026-06-02T00:50:00+05:30,2026-06-02 00:50:00,3.2,3.5,11.1,64,0,0,0,0,0,542.8,0,0,28.7,64,31.2,21.2
2026-06-02T00:45:00+05:30,2026-06-02 00:45:00,0.3,3.5,11.1,38,0,0,0,0,0,542.8,0,0,28.7,64,31.2,21.2
2026-06-02T00:40:00+05:30,2026-06-02 00:40:00,1.1,3.5,11.1,65,0,0,0,0,0,542.8,0,0,28.7,64,31.2,21.2
2026-06-02T00:35:00+05:30,2026-06-02 00:35:00,0,3.5,11.1,46,0,0,0,0,0,542.8,0,0,28.7,64,31.2,21.2
2026-06-02T00:30:00+05:30,2026-06-02 00:30:00,1.1,5.5,11.1,52,0,0,0,0,0,542.8,0,0,28.7,64,31.2,21.2
2026-06-02T00:25:00+05:30,2026-06-02 00:25:00,4.7,9.3,11.1,50,0,0,0,0,0,542.8,0,0,28.8,64,31.3,21.3
2026-06-02T00:20:00+05:30,2026-06-02 00:20:00,0.3,5.5,11.1,49,0,0,0,0,0,542.8,0,0,28.8,64,31.3,21.3
2026-06-02T00:15:00+05:30,2026-06-02 00:15:00,1.8,7.2,11.1,54,0,0,0,0,0,542.8,0,0,28.8,64,31.3,21.3
2026-06-02T00:10:00+05:30,2026-06-02 00:10:00,1.4,9.3,11.1,58,0,0,0,0,0,542.8,0,0,28.8,64,31.3,21.3
2026-06-02T00:05:00+05:30,2026-06-02 00:05:00,2.1,11.1,11.1,64,0,0,0,0,0,542.8,0,0,28.9,64,31.4,21.4
2026-06-02T00:00:00+05:30,2026-06-02 00:00:00,1.8,5.5,1.8,49,0,0,0,0,0,542.8,0,0,28.9,64,31.4,21.4
2026-06-01T23:55:00+05:30,2026-06-01 23:55:00,1.8,5.5,21.9,37,0,0,0,0,0,542.8,0,0,28.9,64,31.4,21.4
2026-06-01T23:50:00+05:30,2026-06-01 23:50:00,3.2,5.5,21.9,54,0,0,0,0,0,542.8,0,0,28.9,64,31.4,21.4
2026-06-01T23:45:00+05:30,2026-06-01 23:45:00,2.1,3.5,21.9,51,0,0,0,0,0,542.8,0,0,29,64,31.7,21.5
2026-06-01T23:40:00+05:30,2026-06-01 23:40:00,0,7.2,21.9,48,0,0,0,0,0,542.8,0,0,29,64,31.7,21.5
2026-06-01T23:35:00+05:30,2026-06-01 23:35:00,2.1,3.5,21.9,51,0,0,0,0,0,542.8,0,0,29,64,31.7,21.5
2026-06-01T23:30:00+05:30,2026-06-01 23:30:00,1.8,3.5,21.9,61,0,0,0,0,0,542.8,0,0,29,64,31.7,21.5
2026-06-01T23:25:00+05:30,2026-06-01 23:25:00,1.4,3.5,21.9,41,0,0,0,0,0,542.8,0,0,29.1,63,31.7,21.3
2026-06-01T23:20:00+05:30,2026-06-01 23:20:00,1.8,3.5,21.9,50,0,0,0,0,0,542.8,0,0,29.1,63,31.7,21.3
2026-06-01T23:15:00+05:30,2026-06-01 23:15:00,1.8,3.5,21.9,55,0,0,0,0,0,542.8,0,0,29.1,63,31.7,21.3
2026-06-01T23:10:00+05:30,2026-06-01 23:10:00,0.6,7.2,21.9,44,0,0,0,0,0,542.8,0,0,29.2,63,31.9,21.4
2026-06-01T23:05:00+05:30,2026-06-01 23:05:00,2.9,9.3,21.9,62,0,0,0,0,0,542.8,0,0,29.2,63,31.9,21.4
2026-06-01T23:00:00+05:30,2026-06-01 23:00:00,1.4,7.2,21.9,46,0,0,0,0,0,542.8,0,0,29.2,63,31.9,21.4
2026-06-01T22:55:00+05:30,2026-06-01 22:55:00,7.2,13,21.9,72,0,0,0,0,0,542.8,0,0,29.3,63,32,21.5
2026-06-01T22:50:00+05:30,2026-06-01 22:50:00,0.3,1.8,21.9,50,0,0,0,0,0,542.8,0,0,29.3,63,32,21.5
2026-06-01T22:45:00+05:30,2026-06-01 22:45:00,2.9,5.5,21.9,42,0,0,0,0,0,542.8,0,0,29.3,63,32,21.5
2026-06-01T22:40:00+05:30,2026-06-01 22:40:00,1.1,1.8,21.9,52,0,0,0,0,0,542.8,0,0,29.3,63,32,21.5
2026-06-01T22:36:00+05:30,2026-06-01 22:36:00,3.2,7.2,21.9,55,0,0,0,0,0,542.8,0,0,29.4,63,32.2,21.6
2026-06-01T22:30:00+05:30,2026-06-01 22:30:00,2.9,7.2,21.9,74,0,0,0,0,0,542.8,0,0,29.4,63,32.2,21.6
2026-06-01T22:25:00+05:30,2026-06-01 22:25:00,4,5.5,21.9,58,0,0,0,0,0,542.8,0,0,29.4,63,32.2,21.6
2026-06-01T22:20:00+05:30,2026-06-01 22:20:00,3.5,9.3,21.9,65,0,0,0,0,0,542.8,0,0,29.5,63,32.4,21.7
2026-06-01T22:15:00+05:30,2026-06-01 22:15:00,1.8,7.2,21.9,55,0,0,0,0,0,542.8,0,0,29.5,63,32.4,21.7
2026-06-01T22:10:00+05:30,2026-06-01 22:10:00,1.8,5.5,21.9,42,0,0,0,0,0,542.8,0,0,29.6,63,32.7,21.8
2026-06-01T22:05:00+05:30,2026-06-01 22:05:00,3.5,5.5,21.9,60,0,0,0,0,0,542.8,0,0,29.6,63,32.7,21.8
2026-06-01T22:00:00+05:30,2026-06-01 22:00:00,2.6,7.2,21.9,72,0,0,0,0,0,542.8,0,0,29.6,63,32.7,21.8
2026-06-01T21:55:00+05:30,2026-06-01 21:55:00,1.4,3.5,21.9,46,0,0,0,0,0,542.8,0,0,29.7,63,32.9,21.9
2026-06-01T21:50:00+05:30,2026-06-01 21:50:00,5.5,5.5,21.9,72,0,0,0,0,0,542.8,0,0,29.7,63,32.9,21.9
2026-06-01T21:45:00+05:30,2026-06-01 21:45:00,2.1,3.5,21.9,52,0,0,0,0,0,542.8,0,0,29.7,63,32.9,21.9
2026-06-01T21:40:00+05:30,2026-06-01 21:40:00,2.1,7.2,21.9,52,0,0,0,0,0,542.8,0,0,29.8,63,33,21.9
2026-06-01T21:35:00+05:30,2026-06-01 21:35:00,6.1,9.3,21.9,70,0,0,0,0,0,542.8,0,0,29.8,63,33,21.9
2026-06-01T21:31:00+05:30,2026-06-01 21:31:00,5,9.3,21.9,63,0,0,0,0,0,542.8,0,0,29.9,63,33.2,22.1
2026-06-01T21:25:00+05:30,2026-06-01 21:25:00,1.8,7.2,21.9,65,0,0,0,0,0,542.8,0,0,29.9,63,33.2,22.1
2026-06-01T21:20:00+05:30,2026-06-01 21:20:00,2.1,5.5,21.9,51,0,0,0,0,0,542.8,0,0,29.9,63,33.2,22.1
2026-06-01T21:15:00+05:30,2026-06-01 21:15:00,3.5,3.5,21.9,346,0,0,0,0,0,542.8,0,0,30,63,33.4,22.2
2026-06-01T21:10:00+05:30,2026-06-01 21:10:00,2.1,3.5,21.9,50,0,0,0,0,0,542.8,0,0,30.1,63,33.7,22.3
2026-06-01T21:05:00+05:30,2026-06-01 21:05:00,0,1.8,21.9,52,0,0,0,0,0,542.8,0,0,30.1,63,33.7,22.3
2026-06-01T21:00:00+05:30,2026-06-01 21:00:00,0.3,1.8,21.9,62,0,0,0,0,0,542.8,0,0,30.1,63,33.7,22.3
2026-06-01T20:55:00+05:30,2026-06-01 20:55:00,1.4,3.5,21.9,53,0,0,0,0,0,542.8,0,0,30.1,63,33.7,22.3
2026-06-01T20:50:00+05:30,2026-06-01 20:50:00,1.1,1.8,21.9,58,0,0,0,0,0,542.8,0,0,30.2,63,33.9,22.4
2026-06-01T20:45:00+05:30,2026-06-01 20:45:00,1.8,3.5,21.9,63,0,0,0,0,0,542.8,0,0,30.2,63,33.9,22.4
2026-06-01T20:40:00+05:30,2026-06-01 20:40:00,3.5,5.5,21.9,53,0,0,0,0,0,542.8,0,0,30.2,63,33.9,22.4
2026-06-01T20:35:00+05:30,2026-06-01 20:35:00,1.8,5.5,21.9,51,0,0,0,0,0,542.8,0,0,30.3,63,34.1,22.4
2026-06-01T20:30:00+05:30,2026-06-01 20:30:00,0,3.5,21.9,49,0,0,0,0,0,542.8,0,0,30.3,63,34.1,22.4
2026-06-01T20:26:00+05:30,2026-06-01 20:26:00,4,5.5,21.9,46,0,0,0,0,0,542.8,0,0,30.3,63,34.1,22.4
2026-06-01T20:20:00+05:30,2026-06-01 20:20:00,4.7,5.5,21.9,57,0,0,0,0,0,542.8,0,0,30.4,63,34.3,22.6
2026-06-01T20:15:00+05:30,2026-06-01 20:15:00,1.8,3.5,21.9,58,0,0,0,0,0,542.8,0,0,30.4,63,34.3,22.6
2026-06-01T20:10:00+05:30,2026-06-01 20:10:00,1.4,1.8,21.9,49,0,0,0,0,0,542.8,0,0,30.5,63,34.5,22.7
2026-06-01T20:05:00+05:30,2026-06-01 20:05:00,0,1.8,21.9,48,0,0,0,0,0,542.8,0,0,30.5,63,34.5,22.7
2026-06-01T20:00:00+05:30,2026-06-01 20:00:00,1.8,3.5,21.9,49,0,0,0,0,0,542.8,0,0,30.5,63,34.5,22.7
2026-06-01T19:55:00+05:30,2026-06-01 19:55:00,3.5,5.5,21.9,54,0,0,0,0,0,542.8,0,0,30.6,63,34.7,22.7
2026-06-01T19:50:00+05:30,2026-06-01 19:50:00,1.8,3.5,21.9,57,0,0,0,0,0,542.8,0,0,30.6,63,34.7,22.7
2026-06-01T19:45:00+05:30,2026-06-01 19:45:00,2.1,3.5,21.9,50,0,0,0,0,0,542.8,0,0,30.7,63,35,22.8
2026-06-01T19:40:00+05:30,2026-06-01 19:40:00,0.3,7.2,21.9,58,0,0,0,0,0,542.8,0,0,30.7,63,35,22.8
2026-06-01T19:35:00+05:30,2026-06-01 19:35:00,0.3,5.5,21.9,51,0,0,0,0,0,542.8,0,0,30.8,63,35.1,22.9
2026-06-01T19:30:00+05:30,2026-06-01 19:30:00,2.6,7.2,21.9,53,0,0,0,0,0,542.8,0,0,30.8,63,35.1,22.9
2026-06-01T19:25:00+05:30,2026-06-01 19:25:00,5,5.5,21.9,65,0,0,0,0,0,542.8,0,0,30.9,63,35.4,23
2026-06-01T19:20:00+05:30,2026-06-01 19:20:00,1.4,7.2,21.9,63,0,0,0,0,0,542.8,0,0,30.9,63,35.4,23
2026-06-01T19:15:00+05:30,2026-06-01 19:15:00,0.3,5.5,21.9,47,0,0,0,0,0,542.8,0,0,31,63,35.6,23.1
2026-06-01T19:10:00+05:30,2026-06-01 19:10:00,3.5,7.2,21.9,55,0,0,0,0,0,542.8,0,0,31,63,35.6,23.1
2026-06-01T19:05:00+05:30,2026-06-01 19:05:00,1.8,3.5,21.9,50,0,0,0,0,0,542.8,0,0,31.1,63,35.9,23.2
2026-06-01T19:00:00+05:30,2026-06-01 19:00:00,2.6,5.5,21.9,69,0,0,0,0,0,542.8,0,0,31.1,63,35.9,23.2
2026-06-01T18:55:00+05:30,2026-06-01 18:55:00,1.1,3.5,21.9,62,0,0,0,0,0,542.8,0,0,31.2,63,36.1,23.3
2026-06-01T18:50:00+05:30,2026-06-01 18:50:00,1.8,3.5,21.9,53,0,0,0,0,0,542.8,0,0,31.2,62,35.8,23.1
2026-06-01T18:45:00+05:30,2026-06-01 18:45:00,6.1,7.2,21.9,81,0,0,0,0,0,542.8,0,0,31.3,62,36,23.1
2026-06-01T18:40:00+05:30,2026-06-01 18:40:00,0,3.5,21.9,49,0,0,0,0,0,542.8,0,0,31.3,62,36,23.1
2026-06-01T18:35:00+05:30,2026-06-01 18:35:00,2.1,3.5,21.9,64,0,0,0,0,0,542.8,0,0.1,31.4,62,36.2,23.2
2026-06-01T18:30:00+05:30,2026-06-01 18:30:00,6.1,7.2,21.9,69,0,0,0,0,0,542.8,0,0.6,31.4,63,36.5,23.5
2026-06-01T18:25:00+05:30,2026-06-01 18:25:00,4,5.5,21.9,54,0,0,0,0,0,542.8,0,1.5,31.5,63,36.8,23.6
2026-06-01T18:20:00+05:30,2026-06-01 18:20:00,1.8,5.5,21.9,62,0,0,0,0,0,542.8,0,3.2,31.5,63,36.8,23.6
2026-06-01T18:15:00+05:30,2026-06-01 18:15:00,0.6,1.8,21.9,50,0,0,0,0,0,542.8,0,5.4,31.5,63,36.8,23.6
2026-06-01T18:10:00+05:30,2026-06-01 18:10:00,0,3.5,21.9,48,0,0,0,0,0,542.8,0,7.7,31.5,63,36.8,23.6
2026-06-01T18:05:00+05:30,2026-06-01 18:05:00,2.9,9.3,21.9,53,0,0,0,0,0,542.8,0,9.6,31.6,63,37.1,23.7
2026-06-01T18:01:00+05:30,2026-06-01 18:01:00,3.2,7.2,21.9,59,0,0,0,0,0,542.8,0,11.7,31.6,63,37.1,23.7
2026-06-01T17:55:00+05:30,2026-06-01 17:55:00,4,5.5,21.9,51,0,0,0,0,0,542.8,0,16.8,31.6,62,36.8,23.4
2026-06-01T17:50:00+05:30,2026-06-01 17:50:00,3.5,7.2,21.9,67,0,0,0,0,0,542.8,0,21.6,31.7,62,37,23.5
2026-06-01T17:45:00+05:30,2026-06-01 17:45:00,2.1,7.2,21.9,51,0,0,0,0,0,542.8,0,25.2,31.7,63,37.3,23.8
2026-06-01T17:40:00+05:30,2026-06-01 17:40:00,4.7,7.2,21.9,52,0,0,0,0,0,542.8,0,29.5,31.7,63,37.3,23.8
2026-06-01T17:35:00+05:30,2026-06-01 17:35:00,6.1,9.3,21.9,81,0,0,0,0,0,542.8,0,32.8,31.8,63,37.4,23.8
2026-06-01T17:30:00+05:30,2026-06-01 17:30:00,2.9,7.2,21.9,49,0,0,0,0,0,542.8,0,39.9,31.8,63,37.4,23.8
2026-06-01T17:25:00+05:30,2026-06-01 17:25:00,4.7,9.3,21.9,69,0,0,0,0,0,542.8,0,38.3,31.9,63,37.7,23.9
2026-06-01T17:20:00+05:30,2026-06-01 17:20:00,5.8,11.1,21.9,71,0,0,0,0,0,542.8,0,51,31.9,63,37.7,23.9
2026-06-01T17:15:00+05:30,2026-06-01 17:15:00,1.8,7.2,21.9,47,0,0,0,0,0,542.8,0,61.5,32,63,38,24.1
2026-06-01T17:10:00+05:30,2026-06-01 17:10:00,2.9,5.5,21.9,81,0,0,0,0,0,542.8,0,63.9,32,63,38,24.1
2026-06-01T17:05:00+05:30,2026-06-01 17:05:00,6.9,11.1,21.9,68,0,0,0,0,0,542.8,0,92.6,32.1,63,38.3,24.2
2026-06-01T17:00:00+05:30,2026-06-01 17:00:00,7.9,13,21.9,70,0,0,0,0,0,542.8,0,96,32.1,63,38.3,24.2
2026-06-01T16:56:00+05:30,2026-06-01 16:56:00,4.7,9.3,21.9,46,0,0,0,0,0,542.8,0,79.2,32.1,63,38.3,24.2
2026-06-01T16:50:00+05:30,2026-06-01 16:50:00,2.9,7.2,21.9,47,0,0,0,0,0,542.8,1,104.5,32.1,63,38.3,24.2
2026-06-01T16:45:00+05:30,2026-06-01 16:45:00,6.4,9.3,21.9,60,0,0,0,0,0,542.8,1,129.5,32.2,63,38.6,24.3
2026-06-01T16:40:00+05:30,2026-06-01 16:40:00,3.5,5.5,21.9,29,0,0,0,0,0,542.8,1,155.1,32.2,63,38.6,24.3
2026-06-01T16:35:00+05:30,2026-06-01 16:35:00,2.9,5.5,21.9,44,0,0,0,0,0,542.8,0,86.8,32.2,63,38.6,24.3
2026-06-01T16:30:00+05:30,2026-06-01 16:30:00,4.7,9.3,21.9,59,0,0,0,0,0,542.8,1,196.3,32.2,63,38.6,24.3
2026-06-01T16:25:00+05:30,2026-06-01 16:25:00,6.1,14.8,21.9,32,0,0,0,0,0,542.8,0,102.2,32.2,63,38.6,24.3
2026-06-01T16:20:00+05:30,2026-06-01 16:20:00,3.5,7.2,21.9,58,0,0,0,0,0,542.8,0,100.2,32.2,62,38.2,24
2026-06-01T16:15:00+05:30,2026-06-01 16:15:00,9.3,13,21.9,65,0,0,0,0,0,542.8,2,225.5,32.2,63,38.6,24.3
2026-06-01T16:10:00+05:30,2026-06-01 16:10:00,2.9,14.8,21.9,93,0,0,0,0,0,542.8,2,250.5,32.2,62,38.2,24
2026-06-01T16:05:00+05:30,2026-06-01 16:05:00,4.7,11.1,21.9,40,0,0,0,0,0,542.8,2,237.3,32.2,63,38.6,24.3
2026-06-01T16:00:00+05:30,2026-06-01 16:00:00,3.5,13,21.9,39,0,0,0,0,0,542.8,1,102.7,32.1,63,38.3,24.2
2026-06-01T15:55:00+05:30,2026-06-01 15:55:00,4.3,13,21.9,49,0,0,0,0,0,542.8,3,322,32.2,63,38.6,24.3
2026-06-01T15:50:00+05:30,2026-06-01 15:50:00,4.7,7.2,21.9,64,0,0,0,0,0,542.8,1,156.6,32.2,63,38.6,24.3
2026-06-01T15:45:00+05:30,2026-06-01 15:45:00,1.4,20.1,21.9,52,0,0,0,0,0,542.8,1,111.2,32.3,64,39.1,24.6
2026-06-01T15:40:00+05:30,2026-06-01 15:40:00,3.5,11.1,21.9,36,0,0,0,0,0,542.8,1,154.3,32.3,64,39.1,24.6
2026-06-01T15:35:00+05:30,2026-06-01 15:35:00,5.5,7.2,21.9,26,0,0,0,0,0,542.8,1,166.6,32.3,63,38.7,24.3
2026-06-01T15:30:00+05:30,2026-06-01 15:30:00,4,9.3,21.9,77,0,0,0,0,0,542.8,1,186.6,32.3,64,39.1,24.6
2026-06-01T15:25:00+05:30,2026-06-01 15:25:00,6.1,7.2,21.9,79,0,0,0,0,0,542.8,3,364.6,32.2,64,38.9,24.5
2026-06-01T15:20:00+05:30,2026-06-01 15:20:00,2.6,7.2,21.9,55,0,0,0,0,0,542.8,3,388.7,32.2,63,38.6,24.3
2026-06-01T15:15:00+05:30,2026-06-01 15:15:00,8.2,13,21.9,98,0,0,0,0,0,542.8,3,376.9,32.2,63,38.6,24.3
2026-06-01T15:10:00+05:30,2026-06-01 15:10:00,3.2,5.5,21.9,54,0,0,0,0,0,542.8,3,315.4,32.2,63,38.6,24.3
2026-06-01T15:05:00+05:30,2026-06-01 15:05:00,4.3,5.5,21.9,58,0,0,0,0,0,542.8,4,474.1,32.2,63,38.6,24.3
2026-06-01T15:00:00+05:30,2026-06-01 15:00:00,3.5,14.8,21.9,80,0,0,0,0,0,542.8,4,486.8,32.2,63,38.6,24.3
2026-06-01T14:55:00+05:30,2026-06-01 14:55:00,3.2,14.8,21.9,51,0,0,0,0,0,542.8,4,425.9,32.1,62,37.9,23.9
2026-06-01T14:50:00+05:30,2026-06-01 14:50:00,4,13,21.9,63,0,0,0,0,0,542.8,5,525.8,32.1,62,37.9,23.9
2026-06-01T14:45:00+05:30,2026-06-01 14:45:00,3.5,9.3,21.9,47,0,0,0,0,0,542.8,5,532.9,32.1,62,37.9,23.9
2026-06-01T14:40:00+05:30,2026-06-01 14:40:00,2.6,7.2,21.9,70,0,0,0,0,0,542.8,5,585.5,32.1,62,37.9,23.9
2026-06-01T14:35:00+05:30,2026-06-01 14:35:00,3.2,9.3,21.9,58,0,0,0,0,0,542.8,1,139.8,32.1,62,37.9,23.9
2026-06-01T14:31:00+05:30,2026-06-01 14:31:00,3.2,5.5,21.9,62,0,0,0,0,0,542.8,4,454.1,32.1,62,37.9,23.9
2026-06-01T14:25:00+05:30,2026-06-01 14:25:00,6.4,9.3,21.9,54,0,0,0,0,0,542.8,4,454,32.1,62,37.9,23.9
2026-06-01T14:20:00+05:30,2026-06-01 14:20:00,3.5,7.2,21.9,69,0,0,0,0,0,542.8,3,403.5,32.1,62,37.9,23.9
2026-06-01T14:15:00+05:30,2026-06-01 14:15:00,6.4,9.3,21.9,80,0,0,0,0,0,542.8,3,331.5,32.1,62,37.9,23.9
2026-06-01T14:10:00+05:30,2026-06-01 14:10:00,9.3,16.6,21.9,73,0,0,0,0,0,542.8,3,365,32.1,61,37.7,23.6
2026-06-01T14:05:00+05:30,2026-06-01 14:05:00,3.5,13,21.9,7,0,0,0,0,0,542.8,4,490.8,32,62,37.7,23.8
2026-06-01T14:00:00+05:30,2026-06-01 14:00:00,6.4,11.1,21.9,73,0,0,0,0,0,542.8,6,616.9,31.9,63,37.7,23.9
2026-06-01T13:55:00+05:30,2026-06-01 13:55:00,2.1,11.1,21.9,44,0,0,0,0,0,542.8,6,660.1,31.8,63,37.4,23.8
2026-06-01T13:50:00+05:30,2026-06-01 13:50:00,2.1,7.2,21.9,48,0,0,0,0,0,542.8,6,671.7,31.7,63,37.3,23.8
2026-06-01T13:45:00+05:30,2026-06-01 13:45:00,9,13,21.9,66,0,0,0,0,0,542.8,7,733.4,31.6,63,37.1,23.7
2026-06-01T13:40:00+05:30,2026-06-01 13:40:00,5.5,14.8,21.9,46,0,0,0,0,0,542.8,7,742.1,31.6,63,37.1,23.7
2026-06-01T13:35:00+05:30,2026-06-01 13:35:00,2.1,11.1,21.9,60,0,0,0,0,0,542.8,7,732,31.5,64,37.1,23.8
2026-06-01T13:30:00+05:30,2026-06-01 13:30:00,3.2,14.8,21.9,42,0,0,0,0,0,542.8,6,707.4,31.5,64,37.1,23.8
2026-06-01T13:26:00+05:30,2026-06-01 13:26:00,2.9,9.3,21.9,61,0,0,0,0,0,542.8,6,648,31.4,63,36.5,23.5
2026-06-01T13:20:00+05:30,2026-06-01 13:20:00,3.2,13,21.9,72,0,0,0,0,0,542.8,6,713.1,31.3,63,36.3,23.4
2026-06-01T13:15:00+05:30,2026-06-01 13:15:00,7.2,14.8,21.9,110,0,0,0,0,0,542.8,7,745.9,31.3,64,36.6,23.6
2026-06-01T13:10:00+05:30,2026-06-01 13:10:00,5.5,11.1,21.9,66,0,0,0,0,0,542.8,6,676.4,31.2,64,36.4,23.6
2026-06-01T13:05:00+05:30,2026-06-01 13:05:00,11.1,14.8,21.9,72,0,0,0,0,0,542.8,8,887.3,31.2,64,36.4,23.6
2026-06-01T13:00:00+05:30,2026-06-01 13:00:00,1.4,9.3,21.9,89,0,0,0,0,0,542.8,8,835.3,31.1,64,36.2,23.5
2026-06-01T12:55:00+05:30,2026-06-01 12:55:00,4,7.2,21.9,69,0,0,0,0,0,542.8,7,814.2,31.1,64,36.2,23.5
2026-06-01T12:50:00+05:30,2026-06-01 12:50:00,3.5,13,21.9,65,0,0,0,0,0,542.8,8,836.5,31.1,64,36.2,23.5
2026-06-01T12:45:00+05:30,2026-06-01 12:45:00,6.4,14.8,21.9,37,0,0,0,0,0,542.8,8,835.8,31,64,35.9,23.4
2026-06-01T12:40:00+05:30,2026-06-01 12:40:00,2.9,11.1,21.9,51,0,0,0,0,0,542.8,8,830.5,30.9,64,35.6,23.3
2026-06-01T12:35:00+05:30,2026-06-01 12:35:00,2.1,16.6,21.9,42,0,0,0,0,0,542.8,8,829.6,30.9,65,35.9,23.5
2026-06-01T12:30:00+05:30,2026-06-01 12:30:00,9.7,16.6,21.9,72,0,0,0,0,0,542.8,8,825.4,30.8,65,35.6,23.4
2026-06-01T12:25:00+05:30,2026-06-01 12:25:00,4,7.2,21.9,77,0,0,0,0,0,542.8,8,828.8,30.7,65,35.5,23.4
2026-06-01T12:21:00+05:30,2026-06-01 12:21:00,3.5,11.1,21.9,59,0,0,0,0,0,542.8,7,818,30.7,65,35.5,23.4
2026-06-01T12:15:00+05:30,2026-06-01 12:15:00,4.7,20.1,21.9,36,0,0,0,0,0,542.8,8,821,30.6,65,35.2,23.3
2026-06-01T12:10:00+05:30,2026-06-01 12:10:00,7.6,14.8,21.9,73,0,0,0,0,0,542.8,8,824.9,30.6,65,35.2,23.3
2026-06-01T12:05:00+05:30,2026-06-01 12:05:00,3.2,11.1,21.9,66,0,0,0,0,0,542.8,8,831.9,30.5,65,35,23.2
2026-06-01T12:00:00+05:30,2026-06-01 12:00:00,4.7,11.1,21.9,57,0,0,0,0,0,542.8,8,837.9,30.4,66,35,23.3
2026-06-01T11:55:00+05:30,2026-06-01 11:55:00,3.5,7.2,21.9,44,0,0,0,0,0,542.8,8,830.9,30.3,66,34.7,23.2
2026-06-01T11:50:00+05:30,2026-06-01 11:50:00,5.5,11.1,21.9,58,0,0,0,0,0,542.8,7,789.9,30.2,66,34.6,23.2
2026-06-01T11:45:00+05:30,2026-06-01 11:45:00,4.3,18.3,21.9,53,0,0,0,0,0,542.8,7,790.2,30.2,66,34.6,23.2
2026-06-01T11:40:00+05:30,2026-06-01 11:40:00,3.5,5.5,21.9,71,0,0,0,0,0,542.8,8,837.5,30.1,67,34.6,23.3
2026-06-01T11:35:00+05:30,2026-06-01 11:35:00,4.3,7.2,18.3,46,0,0,0,0,0,542.8,8,843.2,30,67,34.3,23.2
2026-06-01T11:30:00+05:30,2026-06-01 11:30:00,6.1,13,18.3,74,0,0,0,0,0,542.8,8,838.8,29.9,67,34.1,23.1
2026-06-01T11:25:00+05:30,2026-06-01 11:25:00,7.9,13,18.3,148,0,0,0,0,0,542.8,8,830.7,29.8,67,33.8,23
2026-06-01T11:21:00+05:30,2026-06-01 11:21:00,9,11.1,18.3,71,0,0,0,0,0,542.8,8,825.4,29.7,67,33.7,22.9
2026-06-01T08:40:00+05:30,2026-06-01 08:40:00,2.9,9.3,13,101,0,0,0,0,0,542.8,4,493,27.7,69,30,21.5
2026-06-01T08:35:00+05:30,2026-06-01 08:35:00,9.3,11.1,11.1,61,0,0,0,0,0,542.8,4,471.9,27.7,69,30,21.5
2026-06-01T08:30:00+05:30,2026-06-01 08:30:00,2.9,7.2,11.1,67,0,0,0,0,0,542.8,4,456.3,27.7,69,30,21.5
2026-06-01T08:25:00+05:30,2026-06-01 08:25:00,4,11.1,11.1,71,0,0,0,0,0,542.8,4,434.3,27.6,69,29.8,21.4
2026-06-01T08:20:00+05:30,2026-06-01 08:20:00,6.1,11.1,11.1,55,0,0,0,0,0,542.8,4,416.3,27.6,69,29.8,21.4
2026-06-01T08:15:00+05:30,2026-06-01 08:15:00,2.9,9.3,11.1,73,0,0,0,0,0,542.8,3,399.8,27.6,69,29.8,21.4
2026-06-01T08:10:00+05:30,2026-06-01 08:10:00,4,11.1,11.1,71,0,0,0,0,0,542.8,3,382.3,27.6,69,29.8,21.4
2026-06-01T08:05:00+05:30,2026-06-01 08:05:00,2.9,5.5,11.1,53,0,0,0,0,0,542.8,3,361.8,27.5,69,29.6,21.3
2026-06-01T08:00:00+05:30,2026-06-01 08:00:00,4,5.5,11.1,52,0,0,0,0,0,542.8,3,345,27.5,69,29.6,21.3
2026-06-01T07:55:00+05:30,2026-06-01 07:55:00,2.1,5.5,11.1,66,0,0,0,0,0,542.8,3,325.6,27.5,69,29.6,21.3
2026-06-01T07:50:00+05:30,2026-06-01 07:50:00,6.1,9.3,11.1,62,0,0,0,0,0,542.8,2,307.1,27.5,69,29.6,21.3
2026-06-01T07:45:00+05:30,2026-06-01 07:45:00,2.9,7.2,11.1,65,0,0,0,0,0,542.8,2,291.2,27.5,69,29.6,21.3
2026-06-01T07:40:00+05:30,2026-06-01 07:40:00,2.1,5.5,11.1,102,0,0,0,0,0,542.8,2,268.3,27.4,69,29.4,21.2
2026-06-01T07:35:00+05:30,2026-06-01 07:35:00,1.4,3.5,11.1,60,0,0,0,0,0,542.8,2,251.4,27.4,69,29.4,21.2
2026-06-01T07:30:00+05:30,2026-06-01 07:30:00,1.1,5.5,11.1,69,0,0,0,0,0,542.8,2,233.3,27.4,69,29.4,21.2
2026-06-01T07:25:00+05:30,2026-06-01 07:25:00,1.1,1.8,11.1,51,0,0,0,0,0,542.8,2,218.8,27.3,69,29.2,21.1
2026-06-01T07:20:00+05:30,2026-06-01 07:20:00,3.2,5.5,11.1,65,0,0,0,0,0,542.8,1,198.3,27.3,69,29.2,21.1
2026-06-01T07:15:00+05:30,2026-06-01 07:15:00,2.6,3.5,11.1,75,0,0,0,0,0,542.8,1,179.3,27.3,69,29.2,21.1
2026-06-01T07:10:00+05:30,2026-06-01 07:10:00,2.6,3.5,11.1,79,0,0,0,0,0,542.8,1,163.8,27.3,69,29.2,21.1
2026-06-01T07:05:00+05:30,2026-06-01 07:05:00,2.9,3.5,11.1,62,0,0,0,0,0,542.8,1,145.1,27.2,69,29.2,21
2026-06-01T07:00:00+05:30,2026-06-01 07:00:00,0,1.8,11.1,54,0,0,0,0,0,542.8,1,128.4,27.2,69,29.2,21
2026-06-01T06:55:00+05:30,2026-06-01 06:55:00,0,1.8,11.1,49,0,0,0,0,0,542.8,1,115.7,27.2,69,29.2,21
2026-06-01T06:50:00+05:30,2026-06-01 06:50:00,1.4,3.5,11.1,41,0,0,0,0,0,542.8,0,98.7,27.2,69,29.2,21
2026-06-01T06:45:00+05:30,2026-06-01 06:45:00,1.8,3.5,11.1,45,0,0,0,0,0,542.8,0,84.3,27.2,69,29.2,21
2026-06-01T06:40:00+05:30,2026-06-01 06:40:00,0.3,3.5,11.1,40,0,0,0,0,0,542.8,0,73.3,27.1,68,28.9,20.7
2026-06-01T06:35:00+05:30,2026-06-01 06:35:00,4.7,7.2,11.1,53,0,0,0,0,0,542.8,0,58.6,27.1,68,28.9,20.7
2026-06-01T06:30:00+05:30,2026-06-01 06:30:00,1.4,1.8,11.1,49,0,0,0,0,0,542.8,0,47,27.1,68,28.9,20.7
2026-06-01T06:26:00+05:30,2026-06-01 06:26:00,1.1,3.5,11.1,41,0,0,0,0,0,542.8,0,38.5,27.2,68,29.1,20.8
2026-06-01T06:20:00+05:30,2026-06-01 06:20:00,1.8,1.8,11.1,48,0,0,0,0,0,542.8,0,28.7,27.2,68,29.1,20.8
2026-06-01T06:15:00+05:30,2026-06-01 06:15:00,0,0,11.1,37,0,0,0,0,0,542.8,0,18.9,27.2,68,29.1,20.8
2026-06-01T06:10:00+05:30,2026-06-01 06:10:00,0,0,11.1,32,0,0,0,0,0,542.8,0,13.2,27.2,68,29.1,20.8
2026-06-01T06:05:00+05:30,2026-06-01 06:05:00,0,1.8,11.1,37,0,0,0,0,0,542.8,0,8.6,27.2,68,29.1,20.8
2026-06-01T06:00:00+05:30,2026-06-01 06:00:00,0,1.8,11.1,36,0,0,0,0,0,542.8,0,5.8,27.2,68,29.1,20.8
2026-06-01T05:55:00+05:30,2026-06-01 05:55:00,0,0,11.1,37,0,0,0,0,0,542.8,0,4,27.2,68,29.1,20.8
2026-06-01T05:50:00+05:30,2026-06-01 05:50:00,0.6,1.8,11.1,34,0,0,0,0,0,542.8,0,2.5,27.2,68,29.1,20.8
2026-06-01T05:45:00+05:30,2026-06-01 05:45:00,0,0,11.1,39,0,0,0,0,0,542.8,0,1.2,27.2,68,29.1,20.8
2026-06-01T05:40:00+05:30,2026-06-01 05:40:00,0,1.8,11.1,40,0,0,0,0,0,542.8,0,0.4,27.2,68,29.1,20.8
2026-06-01T05:35:00+05:30,2026-06-01 05:35:00,0,0,11.1,40,0,0,0,0,0,542.8,0,0.1,27.3,68,29.2,20.8
2026-06-01T05:30:00+05:30,2026-06-01 05:30:00,0,1.8,11.1,40,0,0,0,0,0,542.8,0,0,27.2,68,29.1,20.8
2026-06-01T05:25:00+05:30,2026-06-01 05:25:00,0,1.8,11.1,42,0,0,0,0,0,542.8,0,0,27.3,68,29.2,20.8
2026-06-01T05:21:00+05:30,2026-06-01 05:21:00,0,0,11.1,42,0,0,0,0,0,542.8,0,0,27.3,67,29.1,20.6
2026-06-01T05:15:00+05:30,2026-06-01 05:15:00,0.3,1.8,11.1,42,0,0,0,0,0,542.8,0,0,27.3,67,29.1,20.6
2026-06-01T05:10:00+05:30,2026-06-01 05:10:00,2.1,3.5,11.1,42,0,0,0,0,0,542.8,0,0,27.3,67,29.1,20.6
2026-06-01T05:05:00+05:30,2026-06-01 05:05:00,1.4,3.5,11.1,48,0,0,0,0,0,542.8,0,0,27.3,67,29.1,20.6
2026-06-01T05:00:00+05:30,2026-06-01 05:00:00,0,0,11.1,40,0,0,0,0,0,542.8,0,0,27.4,67,29.2,20.7
2026-06-01T04:55:00+05:30,2026-06-01 04:55:00,1.8,1.8,11.1,44,0,0,0,0,0,542.8,0,0,27.3,67,29.1,20.6
2026-06-01T04:50:00+05:30,2026-06-01 04:50:00,0,1.8,11.1,42,0,0,0,0,0,542.8,0,0,27.3,67,29.1,20.6
2026-06-01T04:45:00+05:30,2026-06-01 04:45:00,0.3,3.5,11.1,45,0,0,0,0,0,542.8,0,0,27.4,67,29.2,20.7
2026-06-01T04:40:00+05:30,2026-06-01 04:40:00,0,3.5,11.1,44,0,0,0,0,0,542.8,0,0,27.4,67,29.2,20.7
2026-06-01T04:35:00+05:30,2026-06-01 04:35:00,0,5.5,11.1,45,0,0,0,0,0,542.8,0,0,27.3,67,29.1,20.6
2026-06-01T04:30:00+05:30,2026-06-01 04:30:00,1.8,5.5,11.1,48,0,0,0,0,0,542.8,0,0,27.4,67,29.2,20.7
2026-06-01T04:25:00+05:30,2026-06-01 04:25:00,0,5.5,11.1,48,0,0,0,0,0,542.8,0,0,27.4,67,29.2,20.7
2026-06-01T04:20:00+05:30,2026-06-01 04:20:00,3.5,7.2,11.1,47,0,0,0,0,0,542.8,0,0,27.4,67,29.2,20.7
2026-06-01T04:16:00+05:30,2026-06-01 04:16:00,4,9.3,11.1,60,0,0,0,0,0,542.8,0,0,27.4,67,29.2,20.7
2026-06-01T04:10:00+05:30,2026-06-01 04:10:00,5,7.2,11.1,62,0,0,0,0,0,542.8,0,0,27.4,67,29.2,20.7
2026-06-01T04:05:00+05:30,2026-06-01 04:05:00,2.1,5.5,11.1,51,0,0,0,0,0,542.8,0,0,27.4,67,29.2,20.7
2026-06-01T04:00:00+05:30,2026-06-01 04:00:00,2.1,3.5,11.1,48,0,0,0,0,0,542.8,0,0,27.5,67,29.4,20.8
2026-06-01T03:55:00+05:30,2026-06-01 03:55:00,1.4,9.3,11.1,50,0,0,0,0,0,542.8,0,0,27.5,67,29.4,20.8
2026-06-01T03:50:00+05:30,2026-06-01 03:50:00,1.8,7.2,11.1,48,0,0,0,0,0,542.8,0,0,27.5,67,29.4,20.8
2026-06-01T03:45:00+05:30,2026-06-01 03:45:00,1.1,1.8,11.1,49,0,0,0,0,0,542.8,0,0,27.5,67,29.4,20.8
2026-06-01T03:40:00+05:30,2026-06-01 03:40:00,2.9,7.2,11.1,51,0,0,0,0,0,542.8,0,0,27.6,67,29.6,20.9
2026-06-01T03:35:00+05:30,2026-06-01 03:35:00,4.3,7.2,11.1,76,0,0,0,0,0,542.8,0,0,27.6,67,29.6,20.9
2026-06-01T03:30:00+05:30,2026-06-01 03:30:00,4,5.5,11.1,54,0,0,0,0,0,542.8,0,0,27.6,67,29.6,20.9
2026-06-01T03:25:00+05:30,2026-06-01 03:25:00,1.8,7.2,11.1,53,0,0,0,0,0,542.8,0,0,27.6,67,29.6,20.9
2026-06-01T03:20:00+05:30,2026-06-01 03:20:00,1.4,3.5,11.1,45,0,0,0,0,0,542.8,0,0,27.6,67,29.6,20.9
2026-06-01T03:15:00+05:30,2026-06-01 03:15:00,1.4,1.8,11.1,49,0,0,0,0,0,542.8,0,0,27.6,67,29.6,20.9
2026-06-01T03:10:00+05:30,2026-06-01 03:10:00,1.1,7.2,11.1,52,0,0,0,0,0,542.8,0,0,27.7,67,29.8,21
2026-06-01T03:05:00+05:30,2026-06-01 03:05:00,0,3.5,11.1,48,0,0,0,0,0,542.8,0,0,27.7,67,29.8,21
2026-06-01T03:00:00+05:30,2026-06-01 03:00:00,3.5,5.5,11.1,68,0,0,0,0,0,542.8,0,0,27.7,67,29.8,21
2026-06-01T02:56:00+05:30,2026-06-01 02:56:00,2.1,9.3,11.1,65,0,0,0,0,0,542.8,0,0,27.7,67,29.8,21
2026-06-01T02:50:00+05:30,2026-06-01 02:50:00,2.9,7.2,11.1,85,0,0,0,0,0,542.8,0,0,27.8,67,29.9,21.1
2026-06-01T02:45:00+05:30,2026-06-01 02:45:00,1.1,5.5,11.1,48,0,0,0,0,0,542.8,0,0,27.8,67,29.9,21.1
2026-06-01T02:40:00+05:30,2026-06-01 02:40:00,1.4,5.5,11.1,44,0,0,0,0,0,542.8,0,0,27.8,67,29.9,21.1
2026-06-01T02:35:00+05:30,2026-06-01 02:35:00,5.5,7.2,11.1,86,0,0,0,0,0,542.8,0,0,27.9,67,30.1,21.2
2026-06-01T02:30:00+05:30,2026-06-01 02:30:00,2.1,9.3,11.1,55,0,0,0,0,0,542.8,0,0,27.9,67,30.1,21.2
2026-06-01T02:25:00+05:30,2026-06-01 02:25:00,3.2,5.5,11.1,54,0,0,0,0,0,542.8,0,0,27.9,68,30.2,21.4
2026-06-01T02:20:00+05:30,2026-06-01 02:20:00,1.4,3.5,11.1,57,0,0,0,0,0,542.8,0,0,27.9,68,30.2,21.4
2026-06-01T02:15:00+05:30,2026-06-01 02:15:00,8.7,11.1,11.1,63,0,0,0,0,0,542.8,0,0,28,68,30.4,21.6
2026-06-01T02:10:00+05:30,2026-06-01 02:10:00,1.1,5.5,9.3,62,0,0,0,0,0,542.8,0,0,28,68,30.4,21.6
2026-06-01T02:05:00+05:30,2026-06-01 02:05:00,1.4,1.8,9.3,48,0,0,0,0,0,542.8,0,0,28,68,30.4,21.6
2026-06-01T02:00:00+05:30,2026-06-01 02:00:00,0,5.5,9.3,49,0,0,0,0,0,542.8,0,0,28,68,30.4,21.6
2026-06-01T01:55:00+05:30,2026-06-01 01:55:00,0,3.5,9.3,51,0,0,0,0,0,542.8,0,0,28,68,30.4,21.6
2026-06-01T01:51:00+05:30,2026-06-01 01:51:00,1.1,5.5,9.3,55,0,0,0,0,0,542.8,0,0,28.1,68,30.6,21.6
2026-06-01T01:45:00+05:30,2026-06-01 01:45:00,4.7,5.5,9.3,64,0,0,0,0,0,542.8,0,0,28.1,68,30.6,21.6
2026-06-01T01:40:00+05:30,2026-06-01 01:40:00,2.9,5.5,9.3,62,0,0,0,0,0,542.8,0,0,28.1,68,30.6,21.6
2026-06-01T01:35:00+05:30,2026-06-01 01:35:00,5,7.2,9.3,58,0,0,0,0,0,542.8,0,0,28.1,68,30.6,21.6
2026-06-01T01:30:00+05:30,2026-06-01 01:30:00,2.1,5.5,9.3,49,0,0,0,0,0,542.8,0,0,28.2,68,30.8,21.7
2026-06-01T01:25:00+05:30,2026-06-01 01:25:00,0,1.8,9.3,49,0,0,0,0,0,542.8,0,0,28.2,68,30.8,21.7
2026-06-01T01:20:00+05:30,2026-06-01 01:20:00,1.8,1.8,9.3,52,0,0,0,0,0,542.8,0,0,28.2,68,30.8,21.7
2026-06-01T01:15:00+05:30,2026-06-01 01:15:00,1.8,3.5,9.3,51,0,0,0,0,0,542.8,0,0,28.3,68,30.9,21.8
2026-06-01T01:10:00+05:30,2026-06-01 01:10:00,4.3,5.5,9.3,112,0,0,0,0,0,542.8,0,0,28.3,68,30.9,21.8
2026-06-01T01:05:00+05:30,2026-06-01 01:05:00,1.8,3.5,9.3,45,0,0,0,0,0,542.8,0,0,28.3,68,30.9,21.8
2026-06-01T01:00:00+05:30,2026-06-01 01:00:00,4,5.5,9.3,45,0,0,0,0,0,542.8,0,0,28.3,68,30.9,21.8
2026-06-01T00:55:00+05:30,2026-06-01 00:55:00,2.6,7.2,9.3,50,0,0,0,0,0,542.8,0,0,28.3,68,30.9,21.8
2026-06-01T00:50:00+05:30,2026-06-01 00:50:00,2.9,3.5,9.3,46,0,0,0,0,0,542.8,0,0,28.4,68,31.1,21.9
2026-06-01T00:46:00+05:30,2026-06-01 00:46:00,1.8,3.5,9.3,53,0,0,0,0,0,542.8,0,0,28.4,68,31.1,21.9
2026-06-01T00:40:00+05:30,2026-06-01 00:40:00,1.8,3.5,9.3,54,0,0,0,0,0,542.8,0,0,28.4,68,31.1,21.9
2026-06-01T00:35:00+05:30,2026-06-01 00:35:00,0.3,1.8,9.3,61,0,0,0,0,0,542.8,0,0,28.5,68,31.3,22
2026-06-01T00:30:00+05:30,2026-06-01 00:30:00,1.8,5.5,9.3,51,0,0,0,0,0,542.8,0,0,28.5,68,31.3,22
2026-06-01T00:25:00+05:30,2026-06-01 00:25:00,0,1.8,5.5,48,0,0,0,0,0,542.8,0,0,28.5,68,31.3,22
2026-06-01T00:20:00+05:30,2026-06-01 00:20:00,0,3.5,5.5,50,0,0,0,0,0,542.8,0,0,28.6,68,31.6,22.1
2026-06-01T00:15:00+05:30,2026-06-01 00:15:00,1.8,3.5,5.5,47,0,0,0,0,0,542.8,0,0,28.6,68,31.6,22.1
2026-06-01T00:10:00+05:30,2026-06-01 00:10:00,0,1.8,3.5,49,0,0,0,0,0,542.8,0,0,28.6,68,31.6,22.1
2026-06-01T00:05:00+05:30,2026-06-01 00:05:00,0,0,3.5,47,0,0,0,0,0,542.8,0,0,28.6,68,31.6,22.1
2026-06-01T00:00:00+05:30,2026-06-01 00:00:00,0,1.8,1.8,53,0,0,0,0,0,542.8,0,0,28.7,68,31.8,22.2