"Date","Simple Date","Outdoor Temperature (°C)","Feels Like (°C)","Dew Point (°C)","Wind Speed (km/hr)","Wind Gust (km/hr)","Max Daily Gust (km/hr)","Wind Direction (°)","Rain Rate (mm/hr)","Event Rain (mm)","Daily Rain (mm)","Weekly Rain (mm)","Monthly Rain (mm)","Yearly Rain (mm)","Humidity (%)","Ultra-Violet Radiation Index","Solar Radiation (W/m^2)","Sensor 1 Temperature (°C)","Sensor 1 Humidity (%)","Sensor 1 Heat Index (°C)","Sensor 1 Dew Point (°C)"
2026-08-31T16:35:00+05:30,2026-08-31 16:35:00,31.6,38,24.5,0,0,0,170,0,0,0,0,3.6,626.6,66,0,0.5,31.6,60,36.2,22.9
2026-08-31T16:30:00+05:30,2026-08-31 16:30:00,31.6,37.7,24.2,0,0,0,170,0,0,0,0,3.6,626.6,65,0,0.3,31.6,60,36.2,22.9
2026-08-31T16:25:00+05:30,2026-08-31 16:25:00,31.7,37.9,24.3,0,0,0,170,0,0,0,0,3.6,626.6,65,0,0.3,31.7,60,36.4,23
2026-08-31T16:20:00+05:30,2026-08-31 16:20:00,31.7,37.9,24.3,0,0,0,170,0,0,0,0,3.6,626.6,65,0,0.3,31.7,60,36.4,23
2026-08-31T16:15:00+05:30,2026-08-31 16:15:00,31.7,37.9,24.3,0,0,0,170,0,0,0,0,3.6,626.6,65,0,0.3,31.7,60,36.4,23
2026-08-31T16:10:00+05:30,2026-08-31 16:10:00,31.7,37.9,24.3,0,0,0,170,0,0,0,0,3.6,626.6,65,0,0.3,31.7,60,36.4,23
2026-08-31T16:05:00+05:30,2026-08-31 16:05:00,31.8,37.8,24.1,0,0,0,170,0,0,0,0,3.6,626.6,64,0,0.3,31.8,60,36.6,23.1
2026-08-31T16:00:00+05:30,2026-08-31 16:00:00,31.9,38.4,24.5,0,0,0,170,0,0,0,0,3.6,626.6,65,0,0.2,31.8,60,36.6,23.1
2026-08-31T15:55:00+05:30,2026-08-31 15:55:00,31.9,38,24.2,0,0,0,170,0,0,0,0,3.6,626.6,64,0,0.2,31.7,60,36.4,23
2026-08-31T15:50:00+05:30,2026-08-31 15:50:00,31.9,38,24.2,0,0,0,170,0,0,0,0,3.6,626.6,64,0,0.2,31.7,60,36.4,23
2026-08-31T15:45:00+05:30,2026-08-31 15:45:00,32,38,24.1,0,0,0,170,0,0,0,0,3.6,626.6,63,0,0.2,31.7,60,36.4,23
2026-08-31T15:40:00+05:30,2026-08-31 15:40:00,32.1,38.3,24.2,0,0,0,170,0,0,0,0,3.6,626.6,63,0,0.2,31.7,60,36.4,23
2026-08-31T15:36:00+05:30,2026-08-31 15:36:00,32.1,38.3,24.2,0,0,0,170,0,0,0,0,3.6,626.6,63,0,0.3,31.7,60,36.4,23
2026-08-31T15:30:00+05:30,2026-08-31 15:30:00,32.1,38.3,24.2,0,0,0,170,0,0,0,0,3.6,626.6,63,0,0.4,31.7,60,36.4,23
2026-08-31T15:25:00+05:30,2026-08-31 15:25:00,32.1,38.3,24.2,0,0,0,170,0,0,0,0,3.6,626.6,63,0,0.6,31.6,60,36.2,22.9
2026-08-31T15:20:00+05:30,2026-08-31 15:20:00,32,38,24.1,0,0,0,170,0,0,0,0,3.6,626.6,63,0,0.7,31.6,60,36.2,22.9
2026-08-31T15:15:00+05:30,2026-08-31 15:15:00,31.9,37.7,23.9,0,0,0,170,0,0,0,0,3.6,626.6,63,0,0.7,31.5,60,35.9,22.8
2026-08-31T15:10:00+05:30,2026-08-31 15:10:00,31.8,37.5,23.8,0,0,0,170,0,0,0,0,3.6,626.6,63,0,0.7,31.4,60,35.7,22.7
2026-08-31T15:05:00+05:30,2026-08-31 15:05:00,31.8,37.2,23.6,0,0,0,170,0,0,0,0,3.6,626.6,62,0,0.6,31.4,60,35.7,22.7
2026-08-31T15:00:00+05:30,2026-08-31 15:00:00,31.9,37.4,23.7,0,0,0,170,0,0,0,0,3.6,626.6,62,0,0.7,31.4,60,35.7,22.7
2026-08-31T14:55:00+05:30,2026-08-31 14:55:00,31.8,37.5,23.8,0,0,0,170,0,0,0,0,3.6,626.6,63,0,0.6,31.3,60,35.4,22.6
2026-08-31T14:50:00+05:30,2026-08-31 14:50:00,31.7,37.3,23.8,0,0,0,170,0,0,0,0,3.6,626.6,63,0,0.7,31.3,60,35.4,22.6
2026-08-31T14:45:00+05:30,2026-08-31 14:45:00,31.6,37.1,23.7,0,0,0,170,0,0,0,0,3.6,626.6,63,0,0.6,31.3,61,35.7,22.8
2026-08-31T14:40:00+05:30,2026-08-31 14:40:00,31.6,37.1,23.7,0,0,0,170,0,0,0,0,3.6,626.6,63,0,0.7,31.2,60,35.3,22.5
2026-08-31T14:35:00+05:30,2026-08-31 14:35:00,31.5,36.8,23.6,0,0,0,170,0,0,0,0,3.6,626.6,63,0,0.6,31.2,61,35.6,22.8
2026-08-31T14:31:00+05:30,2026-08-31 14:31:00,31.4,36.5,23.5,0,0,0,170,0,0,0,0,3.6,626.6,63,0,0.6,31.2,61,35.6,22.8
2026-08-31T14:25:00+05:30,2026-08-31 14:25:00,31.4,36.5,23.5,0,0,0,170,0,0,0,0,3.6,626.6,63,0,0.6,31.2,61,35.6,22.8
2026-08-31T14:20:00+05:30,2026-08-31 14:20:00,31.4,36.5,23.5,0,0,0,170,0,0,0,0,3.6,626.6,63,0,0.5,31.1,62,35.6,22.9
2026-08-31T14:15:00+05:30,2026-08-31 14:15:00,31.4,37.1,24,0,0,0,170,0,0,0,0,3.6,626.6,65,0,0.6,31.1,62,35.6,22.9
2026-08-31T14:10:00+05:30,2026-08-31 14:10:00,31.3,37.1,24.1,0,0,0,170,0,0,0,0,3.6,626.6,66,0,0.6,31,63,35.6,23.1
2026-08-31T14:05:00+05:30,2026-08-31 14:05:00,31.3,37.1,24.1,0,0,0,170,0,0,0,0,3.6,626.6,66,0,0.4,31,63,35.6,23.1
2026-08-31T14:00:00+05:30,2026-08-31 14:00:00,31.2,37,24.1,0,0,0,170,0,0,0,0,3.6,626.6,66,0,0.6,30.9,63,35.4,23
2026-08-31T13:55:00+05:30,2026-08-31 13:55:00,31.1,36.7,24,0,0,0,170,0,0,0,0,3.6,626.6,66,0,0.6,30.8,63,35.1,22.9
2026-08-31T13:50:00+05:30,2026-08-31 13:50:00,30.9,36.4,24,0,0,0,170,0,0,0,0,3.6,626.6,67,0,0.6,30.7,63,35,22.8
2026-08-31T13:45:00+05:30,2026-08-31 13:45:00,30.9,36.4,24,0,0,0,170,0,0,0,0,3.6,626.6,67,0,0.7,30.6,64,35,23
2026-08-31T13:40:00+05:30,2026-08-31 13:40:00,30.9,36.7,24.3,0,0,0,170,0,0,0,0,3.6,626.6,68,0,0.7,30.6,64,35,23
2026-08-31T13:35:00+05:30,2026-08-31 13:35:00,30.8,36.2,23.9,0,0,0,170,0,0,0,0,3.6,626.6,67,0,0.6,30.5,64,34.7,22.9
2026-08-31T13:30:00+05:30,2026-08-31 13:30:00,30.8,36.2,23.9,0,0,0,170,0,0,0,0,3.6,626.6,67,0,0.3,30.4,64,34.5,22.8
2026-08-31T13:26:00+05:30,2026-08-31 13:26:00,30.8,36.2,23.9,0,0,0,170,0,0,0,0,3.6,626.6,67,0,0.4,30.3,64,34.3,22.7
2026-08-31T13:20:00+05:30,2026-08-31 13:20:00,30.8,36.2,23.9,0,0,0,170,0,0,0,0,3.6,626.6,67,0,0.6,30.2,63,33.9,22.4
2026-08-31T13:15:00+05:30,2026-08-31 13:15:00,30.7,36,23.9,0,0,0,170,0,0,0,0,3.6,626.6,67,0,0.6,30.2,64,34.1,22.7
2026-08-31T13:10:00+05:30,2026-08-31 13:10:00,30.6,35.8,23.8,0,0,0,170,0,0,0,0,3.6,626.6,67,0,0.6,30.1,64,33.9,22.6
2026-08-31T13:05:00+05:30,2026-08-31 13:05:00,30.4,35.5,23.8,0,0,0,170,0,0,0,0,3.6,626.6,68,0,0.6,30,64,33.7,22.4
2026-08-31T13:00:00+05:30,2026-08-31 13:00:00,30.3,35.2,23.7,0,0,0,170,0,0,0,0,3.6,626.6,68,0,0.6,30,64,33.7,22.4
2026-08-31T12:55:00+05:30,2026-08-31 12:55:00,30.2,35.3,23.9,0,0,0,170,0,0,0,0,3.6,626.6,69,0,0.6,29.9,65,33.7,22.6
2026-08-31T12:50:00+05:30,2026-08-31 12:50:00,30.1,35.1,23.8,0,0,0,170,0,0,0,0,3.6,626.6,69,0,0.6,29.8,66,33.6,22.7
2026-08-31T12:45:00+05:30,2026-08-31 12:45:00,30,35,23.9,0,0,0,170,0,0,0,0,3.6,626.6,70,0,0.6,29.7,66,33.5,22.7
2026-08-31T12:40:00+05:30,2026-08-31 12:40:00,29.9,34.5,23.6,0,0,0,170,0,0,0,0,3.6,626.6,69,0,0.6,29.6,66,33.3,22.6
2026-08-31T12:35:00+05:30,2026-08-31 12:35:00,29.8,34.5,23.7,0,0,0,170,0,0,0,0,3.6,626.6,70,0,0.6,29.6,66,33.3,22.6
2026-08-31T12:30:00+05:30,2026-08-31 12:30:00,29.8,34.7,23.9,0,0,0,170,0,0,0,0,3.6,626.6,71,0,0.6,29.5,67,33.2,22.7
2026-08-31T12:25:00+05:30,2026-08-31 12:25:00,29.7,34.8,24.1,0,0,0,170,0,0,0,0,3.6,626.6,72,0,0.6,29.4,67,33,22.6
2026-08-31T12:20:00+05:30,2026-08-31 12:20:00,29.7,34.8,24.1,0,0,0,170,0,0,0,0,3.6,626.6,72,0,0.6,29.4,67,33,22.6
2026-08-31T12:15:00+05:30,2026-08-31 12:15:00,29.6,34.8,24.2,0,0,0,170,0,0,0,0,3.6,626.6,73,0,0.2,29.3,68,32.9,22.7
2026-08-31T12:10:00+05:30,2026-08-31 12:10:00,29.6,34.8,24.2,0,0,0,170,0,0,0,0,3.6,626.6,73,0,0.6,29.2,68,32.8,22.7
2026-08-31T12:05:00+05:30,2026-08-31 12:05:00,29.6,34.6,24,0,0,0,170,0,0,0,0,3.6,626.6,72,0,0.3,29.1,68,32.6,22.6
2026-08-31T12:00:00+05:30,2026-08-31 12:00:00,29.5,34.3,23.9,0,0,0,170,0,0,0,0,3.6,626.6,72,0,0.6,29,68,32.4,22.5
2026-08-31T11:55:00+05:30,2026-08-31 11:55:00,29.4,34,23.8,0,0,0,170,0,0,0,0,3.6,626.6,72,0,0.6,28.9,68,32.1,22.4
2026-08-31T11:50:00+05:30,2026-08-31 11:50:00,29.3,33.5,23.5,0,0,0,170,0,0,0,0,3.6,626.6,71,0,0.6,28.8,68,31.9,22.3
2026-08-31T11:45:00+05:30,2026-08-31 11:45:00,29.3,33.8,23.7,0,0,0,170,0,0,0,0,3.6,626.6,72,0,0.6,28.8,68,31.9,22.3
2026-08-31T11:40:00+05:30,2026-08-31 11:40:00,29.1,33.4,23.5,0,0,0,170,0,0,0,0,3.6,626.6,72,0,0.6,28.7,69,31.9,22.4
2026-08-31T11:35:00+05:30,2026-08-31 11:35:00,29,33.1,23.4,0,0,0,170,0,0,0,0,3.6,626.6,72,0,0.5,28.6,69,31.7,22.3
2026-08-31T11:30:00+05:30,2026-08-31 11:30:00,29,33.3,23.7,0,0,0,170,0,0,0,0,3.6,626.6,73,0,0.6,28.6,69,31.7,22.3
2026-08-31T11:25:00+05:30,2026-08-31 11:25:00,28.9,33.2,23.8,0,0,0,170,0,0,0,0,3.6,626.6,74,0,0.6,28.5,69,31.5,22.2
2026-08-31T11:20:00+05:30,2026-08-31 11:20:00,28.8,33,23.7,0,0,0,170,0,0,0,0,3.6,626.6,74,0,0.6,28.4,70,31.4,22.4
2026-08-31T11:15:00+05:30,2026-08-31 11:15:00,28.8,33.2,23.9,0,0,0,170,0,0,0,0,3.6,626.6,75,0,0.4,28.3,70,31.2,22.3
2026-08-31T11:10:00+05:30,2026-08-31 11:10:00,28.7,33,23.8,0,0,0,170,0,0,0,0,3.6,626.6,75,0,0.6,28.2,70,31.1,22.2
2026-08-31T11:05:00+05:30,2026-08-31 11:05:00,28.6,32.8,23.7,0,0,0,170,0,0,0,0,3.6,626.6,75,0,0.5,28.1,71,31,22.3
2026-08-31T11:01:00+05:30,2026-08-31 11:01:00,28.5,32.7,23.8,0,0,0,170,0,0,0,0,3.6,626.6,76,0,0.6,28,71,30.8,22.2
2026-08-31T10:55:00+05:30,2026-08-31 10:55:00,28.4,32.4,23.7,0,0,0,169,0,0,0,0,3.6,626.6,76,0,0.6,27.9,71,30.6,22.1
2026-08-31T10:50:00+05:30,2026-08-31 10:50:00,28.2,32,23.6,0,0,0,170,0,0,0,0,3.6,626.6,76,0,0.6,27.8,71,30.4,22
2026-08-31T10:45:00+05:30,2026-08-31 10:45:00,28.2,32,23.6,0,0,0,170,0,0,0,0,3.6,626.6,76,0,0.7,27.8,71,30.4,22
2026-08-31T10:40:00+05:30,2026-08-31 10:40:00,28.1,31.8,23.5,0,0,0,170,0,0,0,0,3.6,626.6,76,0,0.7,27.7,71,30.3,21.9
2026-08-31T10:35:00+05:30,2026-08-31 10:35:00,28,31.6,23.6,0,0,0,170,0,0,0,0,3.6,626.6,77,0,0.5,27.6,71,30.1,21.9
2026-08-31T10:30:00+05:30,2026-08-31 10:30:00,27.9,31.4,23.5,0,0,0,170,0,0,0,0,3.6,626.6,77,0,0.5,27.5,71,29.8,21.8
2026-08-31T10:25:00+05:30,2026-08-31 10:25:00,27.8,31.1,23.4,0,0,0,170,0,0,0,0,3.6,626.6,77,0,0.4,27.4,71,29.6,21.7
2026-08-31T10:20:00+05:30,2026-08-31 10:20:00,27.8,31.1,23.4,0,0,0,170,0,0,0,0,3.6,626.6,77,0,0.5,27.4,71,29.6,21.7
2026-08-31T10:15:00+05:30,2026-08-31 10:15:00,27.7,31,23.3,0,0,0,170,0,0,0,0,3.6,626.6,77,0,0.5,27.3,72,29.6,21.8
2026-08-31T10:10:00+05:30,2026-08-31 10:10:00,27.6,30.9,23.4,0,0,0,170,0,0,0,0,3.6,626.6,78,0,0.5,27.3,72,29.6,21.8
2026-08-31T10:05:00+05:30,2026-08-31 10:05:00,27.5,30.8,23.5,0,0,0,170,0,0,0,0,3.6,626.6,79,0,0.5,27.2,72,29.4,21.7
2026-08-31T10:00:00+05:30,2026-08-31 10:00:00,27.5,30.8,23.5,0,0,0,170,0,0,0,0,3.6,626.6,79,0,0.5,27.2,72,29.4,21.7
2026-08-31T09:56:00+05:30,2026-08-31 09:56:00,27.4,30.5,23.4,0,0,0,170,0,0,0,0,3.6,626.6,79,0,0.5,27.2,73,29.5,21.9
2026-08-31T09:50:00+05:30,2026-08-31 09:50:00,27.3,30.4,23.5,0,0,0,170,0,0,0,0,3.6,626.6,80,0,0.5,27.1,73,29.3,21.8
2026-08-31T09:45:00+05:30,2026-08-31 09:45:00,27.2,30.2,23.5,0,0,0,169,0,0,0,0,3.6,626.6,80,0,0.5,27,73,29.1,21.7
2026-08-31T09:40:00+05:30,2026-08-31 09:40:00,27.1,30,23.4,0,0,0,169,0,0,0,0,3.6,626.6,80,0,0.7,26.9,73,28.9,21.6
2026-08-31T09:35:00+05:30,2026-08-31 09:35:00,27.1,30,23.4,0,0,0,169,0,0,0,0,3.6,626.6,80,0,0.8,26.9,73,28.9,21.6
2026-08-31T09:30:00+05:30,2026-08-31 09:30:00,27,29.8,23.5,0,0,0,170,0,0,0,0,3.6,626.6,81,0,0.8,26.8,73,28.7,21.5
2026-08-31T09:25:00+05:30,2026-08-31 09:25:00,26.9,29.6,23.3,0,0,0,169,0,0,0,0,3.6,626.6,81,0,0.5,26.8,73,28.7,21.5
2026-08-31T09:20:00+05:30,2026-08-31 09:20:00,26.9,29.6,23.3,0,0,0,169,0,0,0,0,3.6,626.6,81,0,0.7,26.7,73,28.6,21.4
2026-08-31T09:15:00+05:30,2026-08-31 09:15:00,26.8,29.3,23.2,0,0,0,170,0,0,0,0,3.6,626.6,81,0,0.8,26.7,73,28.6,21.4
2026-08-31T09:10:00+05:30,2026-08-31 09:10:00,26.7,29.2,23.2,0,0,0,170,0,0,0,0,3.6,626.6,81,0,0.7,26.6,73,27.2,21.4
2026-08-31T09:05:00+05:30,2026-08-31 09:05:00,26.7,29.2,23.2,0,0,0,169,0,0,0,0,3.6,626.6,81,0,0.4,26.6,73,27.2,21.4
2026-08-31T09:00:00+05:30,2026-08-31 09:00:00,26.6,27.4,23.1,0,0,0,169,0,0,0,0,3.6,626.6,81,0,0.8,26.5,73,27.1,21.3
2026-08-31T08:55:00+05:30,2026-08-31 08:55:00,26.6,27.4,23.1,0,0,0,169,0,0,0,0,3.6,626.6,81,0,0.7,26.5,73,27.1,21.3
2026-08-31T08:51:00+05:30,2026-08-31 08:51:00,26.5,27.3,23,0,0,0,169,0,0,0,0,3.6,626.6,81,0,0.6,26.5,73,27.1,21.3
2026-08-31T08:45:00+05:30,2026-08-31 08:45:00,26.4,27.2,22.9,0,0,0,169,0,0,0,0,3.6,626.6,81,0,0.9,26.4,73,27,21.2
2026-08-31T08:40:00+05:30,2026-08-31 08:40:00,26.4,27.2,22.9,0,0,0,169,0,0,0,0,3.6,626.6,81,0,0.1,26.4,73,27,21.2
2026-08-31T08:35:00+05:30,2026-08-31 08:35:00,26.4,27.2,22.9,0,0,0,169,0,0,0,0,3.6,626.6,81,0,0.1,26.4,73,27,21.2
2026-08-31T08:30:00+05:30,2026-08-31 08:30:00,26.4,27.2,22.9,0,0,0,169,0,0,0,0,3.6,626.6,81,0,0.1,26.4,73,27,21.2
2026-08-31T08:25:00+05:30,2026-08-31 08:25:00,26.4,27.2,22.9,0,0,0,169,0,0,0,0,3.6,626.6,81,0,0.1,26.4,73,27,21.2
2026-08-31T08:20:00+05:30,2026-08-31 08:20:00,26.3,27.1,22.7,0,0,0,169,0,0,0,0,3.6,626.6,81,0,0.1,26.3,73,26.9,21.1
2026-08-31T08:15:00+05:30,2026-08-31 08:15:00,26.3,27.1,22.7,0,0,0,169,0,0,0,0,3.6,626.6,81,0,0.1,26.3,73,26.9,21.1
2026-08-31T08:10:00+05:30,2026-08-31 08:10:00,26.3,27.1,22.7,0,0,0,169,0,0,0,0,3.6,626.6,81,0,0.1,26.3,73,26.9,21.1
2026-08-31T08:05:00+05:30,2026-08-31 08:05:00,26.3,27.1,22.7,0,0,0,169,0,0,0,0,3.6,626.6,81,0,0.1,26.3,73,26.9,21.1
2026-08-31T08:00:00+05:30,2026-08-31 08:00:00,26.3,27.1,22.7,0,0,0,169,0,0,0,0,3.6,626.6,81,0,0.1,26.2,73,26.8,21
2026-08-31T07:55:00+05:30,2026-08-31 07:55:00,26.2,27,22.7,0,0,0,169,0,0,0,0,3.6,626.6,81,0,0.1,26.2,73,26.8,21
2026-08-31T07:50:00+05:30,2026-08-31 07:50:00,26.2,27,22.7,0,0,0,169,0,0,0,0,3.6,626.6,81,0,0.1,26.2,73,26.8,21
2026-08-31T07:46:00+05:30,2026-08-31 07:46:00,26.2,27,22.7,0,0,0,169,0,0,0,0,3.6,626.6,81,0,0.1,26.2,72,26.8,20.8
2026-08-31T07:40:00+05:30,2026-08-31 07:40:00,26.2,27,22.7,0,0,0,169,0,0,0,0,3.6,626.6,81,0,0.1,26.2,72,26.8,20.8
2026-08-31T07:35:00+05:30,2026-08-31 07:35:00,26.2,27,22.7,0,0,0,169,0,0,0,0,3.6,626.6,81,0,0.1,26.2,72,26.8,20.8
2026-08-31T07:30:00+05:30,2026-08-31 07:30:00,26.2,27,22.7,0,0,0,169,0,0,0,0,3.6,626.6,81,0,0.1,26.2,72,26.8,20.8
2026-08-31T07:25:00+05:30,2026-08-31 07:25:00,26.2,27,22.7,0,0,0,169,0,0,0,0,3.6,626.6,81,0,0.1,26.1,72,26.7,20.7
2026-08-31T07:20:00+05:30,2026-08-31 07:20:00,26.2,27,22.7,0,0,0,169,0,0,0,0,3.6,626.6,81,0,0,26.2,72,26.8,20.8
2026-08-31T07:15:00+05:30,2026-08-31 07:15:00,26.2,27,22.7,0,0,0,169,0,0,0,0,3.6,626.6,81,0,0,26.1,72,26.7,20.7
2026-08-31T07:10:00+05:30,2026-08-31 07:10:00,26.2,27,22.7,0,0,0,169,0,0,0,0,3.6,626.6,81,0,0,26.2,72,26.8,20.8
2026-08-31T07:05:00+05:30,2026-08-31 07:05:00,26.2,27,22.7,0,0,0,169,0,0,0,0,3.6,626.6,81,0,0,26.1,72,26.7,20.7
2026-08-31T07:00:00+05:30,2026-08-31 07:00:00,26.2,27,22.7,0,0,0,169,0,0,0,0,3.6,626.6,81,0,0,26.1,72,26.7,20.7
2026-08-31T06:55:00+05:30,2026-08-31 06:55:00,26.2,27,22.5,0,0,0,169,0,0,0,0,3.6,626.6,80,0,0,26.2,72,26.8,20.8
2026-08-31T06:50:00+05:30,2026-08-31 06:50:00,26.2,27,22.5,0,0,0,169,0,0,0,0,3.6,626.6,80,0,0,26.1,72,26.7,20.7
2026-08-31T06:45:00+05:30,2026-08-31 06:45:00,26.2,27,22.5,0,0,0,169,0,0,0,0,3.6,626.6,80,0,0,26.2,72,26.8,20.8
2026-08-31T06:41:00+05:30,2026-08-31 06:41:00,26.2,27,22.5,0,0,0,169,0,0,0,0,3.6,626.6,80,0,0,26.2,72,26.8,20.8
2026-08-31T06:35:00+05:30,2026-08-31 06:35:00,26.2,27,22.5,0,0,0,169,0,0,0,0,3.6,626.6,80,0,0,26.2,72,26.8,20.8
2026-08-31T06:30:00+05:30,2026-08-31 06:30:00,26.2,27,22.5,0,0,0,169,0,0,0,0,3.6,626.6,80,0,0,26.2,72,26.8,20.8
2026-08-31T06:25:00+05:30,2026-08-31 06:25:00,26.2,27,22.5,0,0,0,169,0,0,0,0,3.6,626.6,80,0,0,26.2,72,26.8,20.8
2026-08-31T06:20:00+05:30,2026-08-31 06:20:00,26.2,27,22.5,0,0,0,169,0,0,0,0,3.6,626.6,80,0,0,26.2,72,26.8,20.8
2026-08-31T06:15:00+05:30,2026-08-31 06:15:00,26.2,27,22.5,0,0,0,169,0,0,0,0,3.6,626.6,80,0,0,26.2,72,26.8,20.8
2026-08-31T06:10:00+05:30,2026-08-31 06:10:00,26.2,27,22.5,0,0,0,169,0,0,0,0,3.6,626.6,80,0,0,26.3,72,26.8,20.8
2026-08-31T06:05:00+05:30,2026-08-31 06:05:00,26.3,27.1,22.5,0,0,0,169,0,0,0,0,3.6,626.6,80,0,0,26.2,72,26.8,20.8
2026-08-31T06:00:00+05:30,2026-08-31 06:00:00,26.2,27,22.5,0,0,0,170,0,0,0,0,3.6,626.6,80,0,0,26.2,72,26.8,20.8
2026-08-31T05:55:00+05:30,2026-08-31 05:55:00,26.3,27.1,22.5,0,0,0,169,0,0,0,0,3.6,626.6,80,0,0,26.3,72,26.8,20.8
2026-08-31T05:50:00+05:30,2026-08-31 05:50:00,26.3,27.1,22.5,0,0,0,169,0,0,0,0,3.6,626.6,80,0,0,26.3,72,26.8,20.8
2026-08-31T05:45:00+05:30,2026-08-31 05:45:00,26.3,27.1,22.5,0,0,0,169,0,0,0,0,3.6,626.6,80,0,0,26.3,72,26.8,20.8
2026-08-31T05:40:00+05:30,2026-08-31 05:40:00,26.3,27.1,22.5,0,0,0,170,0,0,0,0,3.6,626.6,80,0,0,26.3,72,26.8,20.8
2026-08-31T05:36:00+05:30,2026-08-31 05:36:00,26.3,27.1,22.5,0,0,0,170,0,0,0,0,3.6,626.6,80,0,0,26.3,72,26.8,20.8
2026-08-31T05:30:00+05:30,2026-08-31 05:30:00,26.3,27.1,22.5,0,0,0,170,0,0,0,0,3.6,626.6,80,0,0,26.3,72,26.8,20.8
2026-08-31T05:25:00+05:30,2026-08-31 05:25:00,26.3,27.1,22.5,0,0,0,170,0,0,0,0,3.6,626.6,80,0,0,26.3,72,26.8,20.8
2026-08-31T05:20:00+05:30,2026-08-31 05:20:00,26.3,27.1,22.5,0,0,0,169,0,0,0,0,3.6,626.6,80,0,0,26.4,72,26.9,20.9
2026-08-31T05:15:00+05:30,2026-08-31 05:15:00,26.3,27.1,22.5,0,0,0,169,0,0,0,0,3.6,626.6,80,0,0,26.4,72,26.9,20.9
2026-08-31T05:10:00+05:30,2026-08-31 05:10:00,26.4,27.2,22.7,0,0,0,169,0,0,0,0,3.6,626.6,80,0,0,26.4,72,26.9,20.9
2026-08-31T05:05:00+05:30,2026-08-31 05:05:00,26.3,27.1,22.5,0,0,0,169,0,0,0,0,3.6,626.6,80,0,0,26.4,72,26.9,20.9
2026-08-31T05:00:00+05:30,2026-08-31 05:00:00,26.4,27.2,22.7,0,0,0,169,0,0,0,0,3.6,626.6,80,0,0,26.4,72,26.9,20.9
2026-08-31T04:55:00+05:30,2026-08-31 04:55:00,26.4,27.2,22.7,0,0,0,169,0,0,0,0,3.6,626.6,80,0,0,26.4,72,26.9,20.9
2026-08-31T04:50:00+05:30,2026-08-31 04:50:00,26.4,27.2,22.7,0,0,0,170,0,0,0,0,3.6,626.6,80,0,0,26.4,72,26.9,20.9
2026-08-31T04:45:00+05:30,2026-08-31 04:45:00,26.4,27.2,22.7,0,0,0,170,0,0,0,0,3.6,626.6,80,0,0,26.4,72,26.9,20.9
2026-08-31T04:40:00+05:30,2026-08-31 04:40:00,26.4,27.2,22.7,0,0,0,169,0,0,0,0,3.6,626.6,80,0,0,26.4,72,26.9,20.9
2026-08-31T04:35:00+05:30,2026-08-31 04:35:00,26.4,27.2,22.7,0,0,0,169,0,0,0,0,3.6,626.6,80,0,0,26.4,72,26.9,20.9
2026-08-31T04:30:00+05:30,2026-08-31 04:30:00,26.4,27.2,22.7,0,0,0,169,0,0,0,0,3.6,626.6,80,0,0,26.4,72,26.9,20.9
2026-08-31T04:25:00+05:30,2026-08-31 04:25:00,26.4,27.2,22.7,0,0,0,169,0,0,0,0,3.6,626.6,80,0,0,26.4,72,26.9,20.9
2026-08-31T04:20:00+05:30,2026-08-31 04:20:00,26.5,27.3,22.8,0,0,0,169,0,0,0,0,3.6,626.6,80,0,0,26.5,72,27.1,21.1
2026-08-31T04:16:00+05:30,2026-08-31 04:16:00,26.5,27.3,22.8,0,0,0,169,0,0,0,0,3.6,626.6,80,0,0,26.5,72,27.1,21.1
2026-08-31T04:10:00+05:30,2026-08-31 04:10:00,26.5,27.3,22.8,0,0,0,169,0,0,0,0,3.6,626.6,80,0,0,26.5,72,27.1,21.1
2026-08-31T04:05:00+05:30,2026-08-31 04:05:00,26.5,27.3,22.8,0,0,0,169,0,0,0,0,3.6,626.6,80,0,0,26.5,72,27.1,21.1
2026-08-31T04:00:00+05:30,2026-08-31 04:00:00,26.5,27.3,22.8,0,0,0,169,0,0,0,0,3.6,626.6,80,0,0,26.5,72,27.1,21.1
2026-08-31T03:55:00+05:30,2026-08-31 03:55:00,26.5,27.3,22.8,0,0,0,169,0,0,0,0,3.6,626.6,80,0,0,26.5,72,27.1,21.1
2026-08-31T03:50:00+05:30,2026-08-31 03:50:00,26.5,27.3,22.8,0,0,0,169,0,0,0,0,3.6,626.6,80,0,0,26.5,72,27.1,21.1
2026-08-31T03:45:00+05:30,2026-08-31 03:45:00,26.5,27.3,22.8,0,0,0,170,0,0,0,0,3.6,626.6,80,0,0,26.5,72,27.1,21.1
2026-08-31T03:40:00+05:30,2026-08-31 03:40:00,26.5,27.3,22.8,0,0,0,170,0,0,0,0,3.6,626.6,80,0,0,26.5,71,27.1,20.8
2026-08-31T03:35:00+05:30,2026-08-31 03:35:00,26.5,27.3,22.8,0,0,0,170,0,0,0,0,3.6,626.6,80,0,0,26.5,71,27.1,20.8
2026-08-31T03:30:00+05:30,2026-08-31 03:30:00,26.5,27.3,22.8,0,0,0,169,0,0,0,0,3.6,626.6,80,0,0,26.5,71,27.1,20.8
2026-08-31T03:25:00+05:30,2026-08-31 03:25:00,26.5,27.3,22.8,0,0,0,170,0,0,0,0,3.6,626.6,80,0,0,26.5,71,27.1,20.8
2026-08-31T03:20:00+05:30,2026-08-31 03:20:00,26.5,27.3,22.8,0,0,0,170,0,0,0,0,3.6,626.6,80,0,0,26.6,71,27.2,20.9
2026-08-31T03:15:00+05:30,2026-08-31 03:15:00,26.6,27.4,22.9,0,0,0,169,0,0,0,0,3.6,626.6,80,0,0,26.6,71,27.2,20.9
2026-08-31T03:11:00+05:30,2026-08-31 03:11:00,26.6,27.4,22.9,0,0,0,169,0,0,0,0,3.6,626.6,80,0,0,26.6,71,27.2,20.9
2026-08-31T03:05:00+05:30,2026-08-31 03:05:00,26.6,27.4,22.7,0,0,0,170,0,0,0,0,3.6,626.6,79,0,0,26.6,71,27.2,20.9
2026-08-31T03:00:00+05:30,2026-08-31 03:00:00,26.6,27.4,22.7,0,0,0,170,0,0,0,0,3.6,626.6,79,0,0,26.6,71,27.2,20.9
2026-08-31T02:55:00+05:30,2026-08-31 02:55:00,26.6,27.4,22.7,0,0,0,170,0,0,0,0,3.6,626.6,79,0,0,26.6,71,27.2,20.9
2026-08-31T02:50:00+05:30,2026-08-31 02:50:00,26.6,27.4,22.7,0,0,0,170,0,0,0,0,3.6,626.6,79,0,0,26.6,71,27.2,20.9
2026-08-31T02:45:00+05:30,2026-08-31 02:45:00,26.6,27.4,22.7,0,0,0,169,0,0,0,0,3.6,626.6,79,0,0,26.6,71,27.2,20.9
2026-08-31T02:40:00+05:30,2026-08-31 02:40:00,26.6,27.4,22.7,0,0,0,169,0,0,0,0,3.6,626.6,79,0,0,26.6,71,27.2,20.9
2026-08-31T02:35:00+05:30,2026-08-31 02:35:00,26.6,27.4,22.7,0,0,0,169,0,0,0,0,3.6,626.6,79,0,0,26.6,71,27.2,20.9
2026-08-31T02:30:00+05:30,2026-08-31 02:30:00,26.6,27.4,22.7,0,0,0,169,0,0,0,0,3.6,626.6,79,0,0,26.7,71,28.4,21
2026-08-31T02:25:00+05:30,2026-08-31 02:25:00,26.7,29.1,22.8,0,0,0,169,0,0,0,0,3.6,626.6,79,0,0,26.7,71,28.4,21
2026-08-31T02:22:00+05:30,2026-08-31 02:22:00,26.7,29.1,22.8,0,0,0,170,0,0,0,0,3.6,626.6,79,0,0,26.7,71,28.4,21
2026-08-31T02:15:00+05:30,2026-08-31 02:15:00,26.7,29.1,22.8,0,0,0,169,0,0,0,0,3.6,626.6,79,0,0,26.7,71,28.4,21
2026-08-31T02:10:00+05:30,2026-08-31 02:10:00,26.7,29.1,22.8,0,0,0,170,0,0,0,0,3.6,626.6,79,0,0,26.7,71,28.4,21
2026-08-31T02:05:00+05:30,2026-08-31 02:05:00,26.7,29.1,22.8,0,0,0,169,0,0,0,0,3.6,626.6,79,0,0,26.7,70,28.4,20.8
2026-08-31T02:00:00+05:30,2026-08-31 02:00:00,26.7,29.1,22.8,0,0,0,170,0,0,0,0,3.6,626.6,79,0,0,26.7,70,28.4,20.8
2026-08-31T01:56:00+05:30,2026-08-31 01:56:00,26.7,29.1,22.8,0,0,0,169,0,0,0,0,3.6,626.6,79,0,0,26.8,70,28.5,20.8
2026-08-31T01:50:00+05:30,2026-08-31 01:50:00,26.7,29,22.6,0,0,0,169,0,0,0,0,3.6,626.6,78,0,0,26.7,70,28.4,20.8
2026-08-31T01:45:00+05:30,2026-08-31 01:45:00,26.7,29,22.6,0,0,0,169,0,0,0,0,3.6,626.6,78,0,0,26.7,70,28.4,20.8
2026-08-31T01:40:00+05:30,2026-08-31 01:40:00,26.8,29.1,22.6,0,0,0,169,0,0,0,0,3.6,626.6,78,0,0,26.8,70,28.5,20.8
2026-08-31T01:35:00+05:30,2026-08-31 01:35:00,26.8,29.1,22.6,0,0,0,169,0,0,0,0,3.6,626.6,78,0,0,26.8,70,28.5,20.8
2026-08-31T01:30:00+05:30,2026-08-31 01:30:00,26.8,29.1,22.6,0,0,0,169,0,0,0,0,3.6,626.6,78,0,0,26.8,70,28.5,20.8
2026-08-31T01:25:00+05:30,2026-08-31 01:25:00,26.8,29.1,22.6,0,0,0,169,0,0,0,0,3.6,626.6,78,0,0,26.8,70,28.5,20.8
2026-08-31T01:20:00+05:30,2026-08-31 01:20:00,26.8,29.1,22.6,0,0,0,169,0,0,0,0,3.6,626.6,78,0,0,26.8,70,28.5,20.8
2026-08-31T01:15:00+05:30,2026-08-31 01:15:00,26.8,29.1,22.6,0,0,0,170,0,0,0,0,3.6,626.6,78,0,0,26.8,70,28.5,20.8
2026-08-31T01:10:00+05:30,2026-08-31 01:10:00,26.8,29.1,22.6,0,0,0,169,0,0,0,0,3.6,626.6,78,0,0,26.8,70,28.5,20.8
2026-08-31T01:05:00+05:30,2026-08-31 01:05:00,26.8,29.1,22.6,0,0,0,170,0,0,0,0,3.6,626.6,78,0,0,26.8,70,28.5,20.8
2026-08-31T01:00:00+05:30,2026-08-31 01:00:00,26.9,29.3,22.7,0,0,0,170,0,0,0,0,3.6,626.6,78,0,0,26.8,70,28.5,20.8
2026-08-31T00:55:00+05:30,2026-08-31 00:55:00,26.9,29.3,22.7,0,0,0,170,0,0,0,0,3.6,626.6,78,0,0,26.9,70,28.7,20.9
2026-08-31T00:50:00+05:30,2026-08-31 00:50:00,26.9,29.3,22.7,0,0,0,170,0,0,0,0,3.6,626.6,78,0,0,26.9,70,28.7,20.9
2026-08-31T00:45:00+05:30,2026-08-31 00:45:00,26.9,29.3,22.7,0,0,0,170,0,0,0,0,3.6,626.6,78,0,0,26.9,70,28.7,20.9
2026-08-31T00:40:00+05:30,2026-08-31 00:40:00,26.9,29.3,22.7,0,0,0,170,0,0,0,0,3.6,626.6,78,0,0,26.9,70,28.7,20.9
2026-08-31T00:36:00+05:30,2026-08-31 00:36:00,26.9,29.3,22.7,0,0,0,170,0,0,0,0,3.6,626.6,78,0,0,26.9,70,28.7,20.9
2026-08-31T00:30:00+05:30,2026-08-31 00:30:00,26.9,29.3,22.7,0,0,0,170,0,0,0,0,3.6,626.6,78,0,0,26.9,70,28.7,20.9
2026-08-31T00:25:00+05:30,2026-08-31 00:25:00,26.9,29.3,22.7,0,0,0,170,0,0,0,0,3.6,626.6,78,0,0,26.9,70,28.7,20.9
2026-08-31T00:20:00+05:30,2026-08-31 00:20:00,26.9,29.3,22.7,0,0,0,170,0,0,0,0,3.6,626.6,78,0,0,26.9,70,28.7,20.9
2026-08-31T00:15:00+05:30,2026-08-31 00:15:00,26.9,29.3,22.7,0,0,0,170,0,0,0,0,3.6,626.6,78,0,0,27,70,28.8,21.1
2026-08-31T00:10:00+05:30,2026-08-31 00:10:00,27,29.6,22.8,0,0,0,170,0,0,0,0,3.6,626.6,78,0,0,27,70,28.8,21.1
2026-08-31T00:05:00+05:30,2026-08-31 00:05:00,27,29.6,22.8,0,0,0,170,0,0,0,0,3.6,626.6,78,0,0,27,70,28.8,21.1
2026-08-31T00:00:00+05:30,2026-08-31 00:00:00,27,29.5,22.6,0,0,0,170,0,0,0,0,3.6,626.6,77,0,0,27,70,28.8,21.1
2026-08-30T23:55:00+05:30,2026-08-30 23:55:00,27,29.5,22.6,0,0,0,170,0,0,0,0,3.6,626.6,77,0,0,27,69,28.8,20.8
2026-08-30T23:50:00+05:30,2026-08-30 23:50:00,27,29.5,22.6,0,0,0,170,0,0,0,0,3.6,626.6,77,0,0,27.1,69,28.9,20.9
2026-08-30T23:45:00+05:30,2026-08-30 23:45:00,27,29.5,22.6,0,0,0,170,0,0,0,0,3.6,626.6,77,0,0,27.1,69,28.9,20.9
2026-08-30T23:40:00+05:30,2026-08-30 23:40:00,27.1,29.7,22.7,0,0,0,170,0,0,0,0,3.6,626.6,77,0,0,27.1,69,28.9,20.9
2026-08-30T23:35:00+05:30,2026-08-30 23:35:00,27.1,29.7,22.7,0,0,0,169,0,0,0,0,3.6,626.6,77,0,0,27.1,69,28.9,20.9
2026-08-30T23:31:00+05:30,2026-08-30 23:31:00,27.1,29.7,22.7,0,0,0,169,0,0,0,0,3.6,626.6,77,0,0,27.2,69,29.2,21
2026-08-30T23:25:00+05:30,2026-08-30 23:25:00,27.1,29.7,22.7,0,0,0,170,0,0,0,0,3.6,626.6,77,0,0,27.1,69,28.9,20.9
2026-08-30T23:20:00+05:30,2026-08-30 23:20:00,27.1,29.7,22.7,0,0,0,170,0,0,0,0,3.6,626.6,77,0,0,27.2,69,29.2,21
2026-08-30T23:15:00+05:30,2026-08-30 23:15:00,27.2,29.9,22.8,0,0,0,169,0,0,0,0,3.6,626.6,77,0,0,27.2,69,29.2,21
2026-08-30T23:10:00+05:30,2026-08-30 23:10:00,27.2,29.9,22.8,0,0,0,170,0,0,0,0,3.6,626.6,77,0,0,27.2,69,29.2,21
2026-08-30T23:05:00+05:30,2026-08-30 23:05:00,27.2,29.9,22.8,0,0,0,170,0,0,0,0,3.6,626.6,77,0,0,27.2,69,29.2,21
2026-08-30T23:00:00+05:30,2026-08-30 23:00:00,27.2,29.8,22.6,0,0,0,170,0,0,0,0,3.6,626.6,76,0,0,27.2,69,29.2,21
2026-08-30T22:55:00+05:30,2026-08-30 22:55:00,27.2,29.8,22.6,0,0,0,170,0,0,0,0,3.6,626.6,76,0,0,27.3,69,29.2,21.1
2026-08-30T22:50:00+05:30,2026-08-30 22:50:00,27.2,29.8,22.6,0,0,0,170,0,0,0,0,3.6,626.6,76,0,0,27.3,69,29.2,21.1
2026-08-30T22:45:00+05:30,2026-08-30 22:45:00,27.2,29.8,22.6,0,0,0,170,0,0,0,0,3.6,626.6,76,0,0,27.3,69,29.2,21.1
2026-08-30T22:40:00+05:30,2026-08-30 22:40:00,27.2,29.8,22.6,0,0,0,170,0,0,0,0,3.6,626.6,76,0,0,27.3,69,29.2,21.1
2026-08-30T22:35:00+05:30,2026-08-30 22:35:00,27.3,29.9,22.7,0,0,0,170,0,0,0,0,3.6,626.6,76,0,0,27.4,69,29.4,21.2
2026-08-30T22:30:00+05:30,2026-08-30 22:30:00,27.3,29.9,22.7,0,0,0,170,0,0,0,0,3.6,626.6,76,0,0,27.4,69,29.4,21.2
2026-08-30T22:26:00+05:30,2026-08-30 22:26:00,27.3,29.9,22.7,0,0,0,170,0,0,0,0,3.6,626.6,76,0,0,27.4,69,29.4,21.2
2026-08-30T22:20:00+05:30,2026-08-30 22:20:00,27.3,29.9,22.7,0,0,0,170,0,0,0,0,3.6,626.6,76,0,0,27.4,69,29.4,21.2
2026-08-30T22:15:00+05:30,2026-08-30 22:15:00,27.4,30.2,22.8,0,0,0,170,0,0,0,0,3.6,626.6,76,0,0,27.5,69,29.6,21.3
2026-08-30T22:10:00+05:30,2026-08-30 22:10:00,27.4,30.2,22.8,0,0,0,170,0,0,0,0,3.6,626.6,76,0,0,27.5,69,29.6,21.3
2026-08-30T22:05:00+05:30,2026-08-30 22:05:00,27.4,30.2,22.8,0,0,0,170,0,0,0,0,3.6,626.6,76,0,0,27.5,69,29.6,21.3
2026-08-30T22:00:00+05:30,2026-08-30 22:00:00,27.5,30.4,22.9,0,0,0,170,0,0,0,0,3.6,626.6,76,0,0,27.5,69,29.6,21.3
2026-08-30T21:55:00+05:30,2026-08-30 21:55:00,27.5,30.4,22.9,0,0,0,170,0,0,0,0,3.6,626.6,76,0,0,27.5,69,29.6,21.3
2026-08-30T21:50:00+05:30,2026-08-30 21:50:00,27.6,30.6,23,0,0,0,170,0,0,0,0,3.6,626.6,76,0,0,27.6,69,29.8,21.4
2026-08-30T21:45:00+05:30,2026-08-30 21:45:00,27.6,30.6,23,0,0,0,170,0,0,0,0,3.6,626.6,76,0,0,27.6,69,29.8,21.4
2026-08-30T21:40:00+05:30,2026-08-30 21:40:00,27.7,30.9,23.1,0,0,0,170,0,0,0,0,3.6,626.6,76,0,0,27.6,69,29.8,21.4
2026-08-30T21:35:00+05:30,2026-08-30 21:35:00,27.7,30.9,23.1,0,0,0,170,0,0,0,0,3.6,626.6,76,0,0,27.7,69,30,21.5
2026-08-30T21:30:00+05:30,2026-08-30 21:30:00,27.7,30.9,23.1,0,0,0,170,0,0,0,0,3.6,626.6,76,0,0,27.7,69,30,21.5
2026-08-30T21:25:00+05:30,2026-08-30 21:25:00,27.7,30.9,23.1,0,0,0,170,0,0,0,0,3.6,626.6,76,0,0,27.7,69,30,21.5
2026-08-30T21:21:00+05:30,2026-08-30 21:21:00,27.8,31,23.1,0,0,0,170,0,0,0,0,3.6,626.6,76,0,0,27.7,69,30,21.5
2026-08-30T21:15:00+05:30,2026-08-30 21:15:00,27.8,31,23.1,0,0,0,170,0,0,0,0,3.6,626.6,76,0,0,27.8,69,30.1,21.6
2026-08-30T21:10:00+05:30,2026-08-30 21:10:00,27.8,31,23.1,0,0,0,170,0,0,0,0,3.6,626.6,76,0,0,27.8,68,30,21.3
2026-08-30T21:05:00+05:30,2026-08-30 21:05:00,27.8,31,23.1,0,0,0,170,0,0,0,0,3.6,626.6,76,0,0,27.8,68,30,21.3
2026-08-30T21:00:00+05:30,2026-08-30 21:00:00,27.9,31.3,23.3,0,0,0,170,0,0,0,0,3.6,626.6,76,0,0,27.8,68,30,21.3
2026-08-30T20:55:00+05:30,2026-08-30 20:55:00,27.9,31.3,23.3,0,0,0,170,0,0,0,0,3.6,626.6,76,0,0,27.9,68,30.2,21.4
2026-08-30T20:50:00+05:30,2026-08-30 20:50:00,27.9,31.3,23.3,0,0,0,170,0,0,0,0,3.6,626.6,76,0,0,27.9,68,30.2,21.4
2026-08-30T20:45:00+05:30,2026-08-30 20:45:00,28,31.5,23.4,0,0,0,170,0,0,0,0,3.6,626.6,76,0,0,28,68,30.4,21.6
2026-08-30T20:40:00+05:30,2026-08-30 20:40:00,28,31.5,23.4,0,0,0,170,0,0,0,0,3.6,626.6,76,0,0,27.9,68,30.2,21.4
2026-08-30T20:35:00+05:30,2026-08-30 20:35:00,28,31.5,23.4,0,0,0,170,0,0,0,0,3.6,626.6,76,0,0,28,68,30.4,21.6
2026-08-30T20:30:00+05:30,2026-08-30 20:30:00,28,31.5,23.4,0,0,0,170,0,0,0,0,3.6,626.6,76,0,0,28,68,30.4,21.6
2026-08-30T20:25:00+05:30,2026-08-30 20:25:00,28.1,31.8,23.5,0,0,0,170,0,0,0,0,3.6,626.6,76,0,0,28,68,30.4,21.6
2026-08-30T20:20:00+05:30,2026-08-30 20:20:00,28.1,31.6,23.3,0,0,0,170,0,0,0,0,3.6,626.6,75,0,0,28.1,68,30.6,21.6
2026-08-30T20:15:00+05:30,2026-08-30 20:15:00,28.1,31.6,23.3,0,0,0,170,0,0,0,0,3.6,626.6,75,0,0,28.1,68,30.6,21.6
2026-08-30T20:10:00+05:30,2026-08-30 20:10:00,28.2,31.9,23.4,0,0,0,170,0,0,0,0,3.6,626.6,75,0,0,28.1,68,30.6,21.6
2026-08-30T20:05:00+05:30,2026-08-30 20:05:00,28.2,31.9,23.4,0,0,0,170,0,0,0,0,3.6,626.6,75,0,0,28.2,68,30.8,21.7
2026-08-30T20:01:00+05:30,2026-08-30 20:01:00,28.2,31.9,23.4,0,0,0,170,0,0,0,0,3.6,626.6,75,0,0,28.2,68,30.8,21.7
2026-08-30T19:55:00+05:30,2026-08-30 19:55:00,28.3,32,23.4,0,0,0,170,0,0,0,0,3.6,626.6,75,0,0,28.2,68,30.8,21.7
2026-08-30T19:50:00+05:30,2026-08-30 19:50:00,28.3,32,23.4,0,0,0,170,0,0,0,0,3.6,626.6,75,0,0,28.3,68,30.9,21.8
2026-08-30T19:45:00+05:30,2026-08-30 19:45:00,28.3,32,23.4,0,0,0,170,0,0,0,0,3.6,626.6,75,0,0,28.3,67,30.8,21.6
2026-08-30T19:40:00+05:30,2026-08-30 19:40:00,28.4,32.2,23.5,0,0,0,170,0,0,0,0,3.6,626.6,75,0,0,28.3,67,30.8,21.6
2026-08-30T19:35:00+05:30,2026-08-30 19:35:00,28.4,32.1,23.3,0,0,0,170,0,0,0,0,3.6,626.6,74,0,0,28.4,67,31,21.7
2026-08-30T19:30:00+05:30,2026-08-30 19:30:00,28.4,32.1,23.3,0,0,0,170,0,0,0,0,3.6,626.6,74,0,0,28.4,67,31,21.7
2026-08-30T19:25:00+05:30,2026-08-30 19:25:00,28.5,32.3,23.4,0,0,0,170,0,0,0,0,3.6,626.6,74,0,0,28.4,67,31,21.7
2026-08-30T19:20:00+05:30,2026-08-30 19:20:00,28.5,32.3,23.4,0,0,0,170,0,0,0,0,3.6,626.6,74,0,0,28.5,67,31.2,21.8
2026-08-30T19:15:00+05:30,2026-08-30 19:15:00,28.6,32.6,23.5,0,0,0,170,0,0,0,0,3.6,626.6,74,0,0,28.5,67,31.2,21.8
2026-08-30T19:10:00+05:30,2026-08-30 19:10:00,28.6,32.6,23.5,0,0,0,170,0,0,0,0,3.6,626.6,74,0,0,28.6,67,31.4,21.9
2026-08-30T19:05:00+05:30,2026-08-30 19:05:00,28.6,32.6,23.5,0,0,0,170,0,0,0,0,3.6,626.6,74,0,0,28.6,67,31.4,21.9
2026-08-30T19:00:00+05:30,2026-08-30 19:00:00,28.7,32.7,23.4,0,0,0,170,0,0,0,0,3.6,626.6,73,0,0,28.6,67,31.4,21.9
2026-08-30T18:56:00+05:30,2026-08-30 18:56:00,28.7,32.7,23.4,0,0,0,170,0,0,0,0,3.6,626.6,73,0,0,28.6,67,31.4,21.9
2026-08-30T18:50:00+05:30,2026-08-30 18:50:00,28.8,32.8,23.4,0,0,0,170,0,0,0,0,3.6,626.6,73,0,0,28.7,66,31.4,21.7
2026-08-30T18:45:00+05:30,2026-08-30 18:45:00,28.8,32.8,23.4,0,0,0,170,0,0,0,0,3.6,626.6,73,0,0,28.7,66,31.4,21.7
2026-08-30T18:40:00+05:30,2026-08-30 18:40:00,28.9,32.9,23.3,0,0,0,170,0,0,0,0,3.6,626.6,72,0,0,28.8,66,31.6,21.8
2026-08-30T18:35:00+05:30,2026-08-30 18:35:00,28.9,32.9,23.3,0,0,0,170,0,0,0,0,3.6,626.6,72,0,0,28.8,66,31.6,21.8
2026-08-30T18:30:00+05:30,2026-08-30 18:30:00,29,33.1,23.4,0,0,0,170,0,0,0,0,3.6,626.6,72,0,0,28.8,66,31.6,21.8
2026-08-30T18:25:00+05:30,2026-08-30 18:25:00,29,33.1,23.4,0,0,0,170,0,0,0,0,3.6,626.6,72,0,0,28.8,66,31.6,21.8
2026-08-30T18:20:00+05:30,2026-08-30 18:20:00,29,33.1,23.4,0,0,0,170,0,0,0,0,3.6,626.6,72,0,0,28.9,66,31.8,21.9
2026-08-30T18:15:00+05:30,2026-08-30 18:15:00,29.1,33.4,23.5,0,0,0,170,0,0,0,0,3.6,626.6,72,0,0,28.9,66,31.8,21.9
2026-08-30T18:10:00+05:30,2026-08-30 18:10:00,29.1,33.4,23.5,0,0,0,170,0,0,0,0,3.6,626.6,72,0,0,29,66,32,22
2026-08-30T18:05:00+05:30,2026-08-30 18:05:00,29.2,33.4,23.4,0,0,0,170,0,0,0,0,3.6,626.6,71,0,0,29,66,32,22
2026-08-30T18:00:00+05:30,2026-08-30 18:00:00,29.2,33.4,23.4,0,0,0,170,0,0,0,0,3.6,626.6,71,0,0,29,66,32,22
2026-08-30T17:55:00+05:30,2026-08-30 17:55:00,29.3,33.5,23.5,0,0,0,170,0,0,0,0,3.6,626.6,71,0,0,29.1,66,32.2,22.1
2026-08-30T17:51:00+05:30,2026-08-30 17:51:00,29.3,33.5,23.5,0,0,0,170,0,0,0,0,3.6,626.6,71,0,0,29.1,66,32.2,22.1
2026-08-30T17:45:00+05:30,2026-08-30 17:45:00,29.3,33.5,23.5,0,0,0,170,0,0,0,0,3.6,626.6,71,0,0,29.2,65,32.3,21.9
2026-08-30T17:40:00+05:30,2026-08-30 17:40:00,29.4,33.8,23.6,0,0,0,170,0,0,0,0,3.6,626.6,71,0,0,29.2,65,32.3,21.9
2026-08-30T17:35:00+05:30,2026-08-30 17:35:00,29.4,33.8,23.6,0,0,0,170,0,0,0,0,3.6,626.6,71,0,0,29.2,65,32.3,21.9
2026-08-30T17:30:00+05:30,2026-08-30 17:30:00,29.4,33.8,23.6,0,0,0,170,0,0,0,0,3.6,626.6,71,0,0,29.2,65,32.3,21.9
2026-08-30T17:25:00+05:30,2026-08-30 17:25:00,29.4,33.8,23.6,0,0,0,170,0,0,0,0,3.6,626.6,71,0,0,29.3,65,32.4,22
2026-08-30T17:20:00+05:30,2026-08-30 17:20:00,29.5,34.1,23.7,0,0,0,170,0,0,0,0,3.6,626.6,71,0,0.1,29.3,65,32.4,22
2026-08-30T17:15:00+05:30,2026-08-30 17:15:00,29.5,34.1,23.7,0,0,0,170,0,0,0,0,3.6,626.6,71,0,0.1,29.3,65,32.4,22
2026-08-30T17:10:00+05:30,2026-08-30 17:10:00,29.5,34.1,23.7,0,0,0,170,0,0,0,0,3.6,626.6,71,0,0.1,29.3,65,32.4,22
2026-08-30T17:05:00+05:30,2026-08-30 17:05:00,29.5,34.1,23.7,0,0,0,170,0,0,0,0,3.6,626.6,71,0,0.1,29.4,65,32.6,22.1
2026-08-30T17:00:00+05:30,2026-08-30 17:00:00,29.5,34.1,23.7,0,0,0,170,0,0,0,0,3.6,626.6,71,0,0.3,29.3,65,32.4,22
2026-08-30T16:55:00+05:30,2026-08-30 16:55:00,29.5,34.1,23.7,0,0,0,170,0,0,0,0,3.6,626.6,71,0,0.5,29.3,65,32.4,22
2026-08-30T16:50:00+05:30,2026-08-30 16:50:00,29.5,34.1,23.7,0,0,0,170,0,0,0,0,3.6,626.6,71,0,0.5,29.4,65,32.6,22.1
2026-08-30T16:45:00+05:30,2026-08-30 16:45:00,29.5,33.9,23.4,0,0,0,170,0,0,0,0,3.6,626.6,70,0,0.4,29.4,65,32.6,22.1
2026-08-30T16:40:00+05:30,2026-08-30 16:40:00,29.5,33.9,23.4,0,0,0,170,0,0,0,0,3.6,626.6,70,0,0.1,29.4,65,32.6,22.1
2026-08-30T16:35:00+05:30,2026-08-30 16:35:00,29.5,33.9,23.4,0,0,0,170,0,0,0,0,3.6,626.6,70,0,0.1,29.4,65,32.6,22.1
2026-08-30T16:31:00+05:30,2026-08-30 16:31:00,29.5,33.9,23.4,0,0,0,170,0,0,0,0,3.6,626.6,70,0,0.1,29.4,65,32.6,22.1
2026-08-30T16:25:00+05:30,2026-08-30 16:25:00,29.5,33.9,23.4,0,0,0,170,0,0,0,0,3.6,626.6,70,0,0.1,29.4,65,32.6,22.1
2026-08-30T16:20:00+05:30,2026-08-30 16:20:00,29.5,33.9,23.4,0,0,0,170,0,0,0,0,3.6,626.6,70,0,0.1,29.4,65,32.6,22.1
2026-08-30T16:15:00+05:30,2026-08-30 16:15:00,29.5,33.9,23.4,0,0,0,170,0,0,0,0,3.6,626.6,70,0,0.1,29.4,65,32.6,22.1
2026-08-30T16:10:00+05:30,2026-08-30 16:10:00,29.5,33.9,23.4,0,0,0,170,0,0,0,0,3.6,626.6,70,0,0.1,29.4,65,32.6,22.1
2026-08-30T16:05:00+05:30,2026-08-30 16:05:00,29.5,33.9,23.4,0,0,0,170,0,0,0,0,3.6,626.6,70,0,0.1,29.5,65,32.8,22.2
2026-08-30T16:00:00+05:30,2026-08-30 16:00:00,29.5,33.6,23.2,0,0,0,170,0,0,0,0,3.6,626.6,69,0,0.1,29.4,65,32.6,22.1
2026-08-30T15:55:00+05:30,2026-08-30 15:55:00,29.5,33.6,23.2,0,0,0,170,0,0,0,0,3.6,626.6,69,0,0.1,29.4,65,32.6,22.1
2026-08-30T15:50:00+05:30,2026-08-30 15:50:00,29.5,33.9,23.4,0,0,0,170,0,0,0,0,3.6,626.6,70,0,0.1,29.4,65,32.6,22.1
2026-08-30T15:45:00+05:30,2026-08-30 15:45:00,29.4,33.6,23.3,0,0,0,170,0,0,0,0,3.6,626.6,70,0,0.1,29.4,65,32.6,22.1
2026-08-30T15:40:00+05:30,2026-08-30 15:40:00,29.4,33.6,23.3,0,0,0,170,0,0,0,0,3.6,626.6,70,0,0.1,29.3,65,32.4,22
2026-08-30T15:35:00+05:30,2026-08-30 15:35:00,29.3,33.5,23.5,0,0,0,170,0,0,0,0,3.6,626.6,71,0,0.2,29.3,66,32.6,22.3
2026-08-30T15:30:00+05:30,2026-08-30 15:30:00,29.3,33.5,23.5,0,0,0,170,0,0,0,0,3.6,626.6,71,0,0.1,29.3,66,32.6,22.3
2026-08-30T15:26:00+05:30,2026-08-30 15:26:00,29.2,33.4,23.4,0,0,0,170,0,0,0,0,3.6,626.6,71,0,0.3,29.2,66,32.4,22.2
2026-08-30T15:20:00+05:30,2026-08-30 15:20:00,29.2,33.4,23.4,0,0,0,170,0,0,0,0,3.6,626.6,71,0,0.2,29.2,66,32.4,22.2
2026-08-30T15:15:00+05:30,2026-08-30 15:15:00,29.1,33.2,23.3,0,0,0,170,0,0,0,0,3.6,626.6,71,0,0.4,29.1,66,32.2,22.1
2026-08-30T15:10:00+05:30,2026-08-30 15:10:00,29.1,33.2,23.3,0,0,0,170,0,0,0,0,3.6,626.6,71,0,0.4,29.1,66,32.2,22.1
2026-08-30T15:05:00+05:30,2026-08-30 15:05:00,29.1,33.2,23.3,0,0,0,170,0,0,0,0,3.6,626.6,71,0,0.4,29.1,66,32.2,22.1
2026-08-30T15:00:00+05:30,2026-08-30 15:00:00,29,33.1,23.4,0,0,0,170,0,0,0,0,3.6,626.6,72,0,0.1,29.1,66,32.2,22.1
2026-08-30T14:55:00+05:30,2026-08-30 14:55:00,29,33.1,23.4,0,0,0,170,0,0,0,0,3.6,626.6,72,0,0.2,29.1,66,32.2,22.1
2026-08-30T14:50:00+05:30,2026-08-30 14:50:00,29,33.1,23.4,0,0,0,170,0,0,0,0,3.6,626.6,72,0,0.1,29.1,67,32.4,22.3
2026-08-30T14:45:00+05:30,2026-08-30 14:45:00,28.9,32.7,23.1,0,0,0,170,0,0,0,0,3.6,626.6,71,0,0.1,29,66,32,22
2026-08-30T14:40:00+05:30,2026-08-30 14:40:00,28.9,32.9,23.3,0,0,0,170,0,0,0,0,3.6,626.6,72,0,0.1,29,67,32.2,22.2
2026-08-30T14:35:00+05:30,2026-08-30 14:35:00,28.8,32.6,23.2,0,0,0,170,0,0,0,0,3.6,626.6,72,0,0.1,28.9,67,31.9,22.1
2026-08-30T14:30:00+05:30,2026-08-30 14:30:00,28.8,32.6,23.2,0,0,0,170,0,0,0,0,3.6,626.6,72,0,0.2,28.9,67,31.9,22.1
2026-08-30T14:25:00+05:30,2026-08-30 14:25:00,28.8,32.6,23.2,0,0,0,170,0,0,0,0,3.6,626.6,72,0,0.1,28.9,67,31.9,22.1
2026-08-30T14:21:00+05:30,2026-08-30 14:21:00,28.7,32.5,23.2,0,0,0,170,0,0,0,0,3.6,626.6,72,0,0.2,28.8,67,31.7,22
2026-08-30T14:15:00+05:30,2026-08-30 14:15:00,28.7,32.5,23.2,0,0,0,170,0,0,0,0,3.6,626.6,72,0,0.1,28.8,67,31.7,22
2026-08-30T14:10:00+05:30,2026-08-30 14:10:00,28.7,32.5,23.2,0,0,0,170,0,0,0,0,3.6,626.6,72,0,0.1,28.8,67,31.7,22
2026-08-30T14:05:00+05:30,2026-08-30 14:05:00,28.6,32.2,23.1,0,0,0,170,0,0,0,0,3.6,626.6,72,0,0.2,28.7,67,31.6,22
2026-08-30T14:00:00+05:30,2026-08-30 14:00:00,28.5,32,22.9,0,0,0,170,0,0,0,0,3.6,626.6,72,0,0.1,28.7,67,31.6,22
2026-08-30T13:55:00+05:30,2026-08-30 13:55:00,28.5,32.2,23.2,0,0,0,170,0,0,0,0,3.6,626.6,73,0,0.2,28.6,67,31.4,21.9
2026-08-30T13:50:00+05:30,2026-08-30 13:50:00,28.4,31.9,23.1,0,0,0,170,0,0,0,0,3.6,626.6,73,0,0.2,28.6,68,31.6,22.1
2026-08-30T13:45:00+05:30,2026-08-30 13:45:00,28.4,32.1,23.3,0,0,0,170,0,0,0,0,3.6,626.6,74,0,0.2,28.5,68,31.3,22
2026-08-30T13:40:00+05:30,2026-08-30 13:40:00,28.3,32,23.4,0,0,0,170,0,0,0,0,3.6,626.6,75,0,0.2,28.5,69,31.5,22.2
2026-08-30T13:35:00+05:30,2026-08-30 13:35:00,28.3,32,23.4,0,0,0,170,0,0,0,0,3.6,626.6,75,0,0.2,28.5,69,31.5,22.2
2026-08-30T13:30:00+05:30,2026-08-30 13:30:00,28.2,31.9,23.4,0,0,0,170,0,0,0,0,3.6,626.6,75,0,0.2,28.4,69,31.3,22.2
2026-08-30T13:25:00+05:30,2026-08-30 13:25:00,28.2,32,23.6,0,0,0,170,0,0,0,0,3.6,626.6,76,0,0.2,28.3,70,31.2,22.3
2026-08-30T13:20:00+05:30,2026-08-30 13:20:00,28.1,31.8,23.5,0,0,0,170,0,0,0,0,3.6,626.6,76,0,0.1,28.3,70,31.2,22.3
2026-08-30T13:16:00+05:30,2026-08-30 13:16:00,28,31.5,23.4,0,0,0,170,0,0,0,0,3.6,626.6,76,0,0.1,28.2,70,31.1,22.2
2026-08-30T13:10:00+05:30,2026-08-30 13:10:00,28,31.5,23.4,0,0,0,170,0,0,0,0,3.6,626.6,76,0,0.1,28.1,70,30.9,22.1
2026-08-30T13:05:00+05:30,2026-08-30 13:05:00,27.9,31.4,23.5,0,0,0,170,0,0,0,0,3.6,626.6,77,0,0.2,28,70,30.7,22
2026-08-30T13:00:00+05:30,2026-08-30 13:00:00,27.9,31.4,23.5,0,0,0,170,0,0,0,0,3.6,626.6,77,0,0.2,28,71,30.8,22.2
2026-08-30T12:55:00+05:30,2026-08-30 12:55:00,27.9,31.4,23.5,0,0,0,170,0,0,0,0,3.6,626.6,77,0,0.2,27.9,71,30.6,22.1
2026-08-30T12:50:00+05:30,2026-08-30 12:50:00,27.8,31.1,23.4,0,0,0,170,0,0,0,0,3.6,626.6,77,0,0.2,27.9,70,30.4,21.9
2026-08-30T12:45:00+05:30,2026-08-30 12:45:00,27.7,31,23.3,0,0,0,170,0,0,0,0,3.6,626.6,77,0,0.2,27.8,71,30.4,22
2026-08-30T12:40:00+05:30,2026-08-30 12:40:00,27.7,30.9,23.1,0,0,0,170,0,0,0,0,3.6,626.6,76,0,0.1,27.8,71,30.4,22
2026-08-30T12:35:00+05:30,2026-08-30 12:35:00,27.6,30.9,23.4,0,0,0,170,0,0,0,0,3.6,626.6,78,0,0.2,27.7,71,30.3,21.9
2026-08-30T12:30:00+05:30,2026-08-30 12:30:00,27.5,30.6,23.3,0,0,0,170,0,0,0,0,3.6,626.6,78,0,0.2,27.7,71,30.3,21.9
2026-08-30T12:25:00+05:30,2026-08-30 12:25:00,27.5,30.6,23.3,0,0,0,170,0,0,0,0,3.6,626.6,78,0,0.2,27.6,72,30.2,22.1
2026-08-30T12:20:00+05:30,2026-08-30 12:20:00,27.4,30.5,23.4,0,0,0,170,0,0,0,0,3.6,626.6,79,0,0.2,27.6,72,30.2,22.1
2026-08-30T12:15:00+05:30,2026-08-30 12:15:00,27.4,30.5,23.4,0,0,0,170,0,0,0,0,3.6,626.6,79,0,0.2,27.5,72,29.9,22
2026-08-30T12:10:00+05:30,2026-08-30 12:10:00,27.3,30.3,23.3,0,0,0,170,0,0,0,0,3.6,626.6,79,0,0.2,27.4,72,29.7,21.9
2026-08-30T12:05:00+05:30,2026-08-30 12:05:00,27.3,30.4,23.5,0,0,0,170,0,0,0,0,3.6,626.6,80,0,0.2,27.4,72,29.7,21.9
2026-08-30T12:00:00+05:30,2026-08-30 12:00:00,27.2,30.2,23.5,0,0,0,170,0,0,0,0,3.6,626.6,80,0,0.2,27.3,73,29.6,22
2026-08-30T11:56:00+05:30,2026-08-30 11:56:00,27.2,30.2,23.5,0,0,0,170,0,0,0,0,3.6,626.6,80,0,0.1,27.2,73,29.5,21.9
2026-08-30T11:50:00+05:30,2026-08-30 11:50:00,27.1,30,23.4,0,0,0,170,0,0,0,0,3.6,626.6,80,0,0.2,27.1,73,29.3,21.8
2026-08-30T11:45:00+05:30,2026-08-30 11:45:00,27.1,30,23.4,0,0,0,170,0,0,0,0,3.6,626.6,80,0,0.2,27.1,73,29.3,21.8
2026-08-30T11:40:00+05:30,2026-08-30 11:40:00,27,29.7,23.2,0,0,0,170,0,0,0,0,3.6,626.6,80,0,0.1,27,73,29.1,21.7
2026-08-30T11:35:00+05:30,2026-08-30 11:35:00,27,29.7,23.2,0,0,0,170,0,0,0,0,3.6,626.6,80,0,0.1,26.9,73,28.9,21.6
2026-08-30T11:30:00+05:30,2026-08-30 11:30:00,26.9,29.5,23.1,0,0,0,169,0,0,0,0,3.6,626.6,80,0,0.1,26.9,73,28.9,21.6
2026-08-30T11:25:00+05:30,2026-08-30 11:25:00,26.9,29.5,23.1,0,0,0,170,0,0,0,0,3.6,626.6,80,0,0.1,26.8,74,28.8,21.7
2026-08-30T11:20:00+05:30,2026-08-30 11:20:00,26.8,29.3,23,0,0,0,170,0,0,0,0,3.6,626.6,80,0,0.2,26.7,74,28.7,21.7
2026-08-30T11:15:00+05:30,2026-08-30 11:15:00,26.7,29.1,23,0,0,0,170,0,0,0,0,3.6,626.6,80,0,0.2,26.6,74,27.3,21.6
2026-08-30T11:10:00+05:30,2026-08-30 11:10:00,26.6,27.4,22.9,0,0,0,170,0,0,0,0,3.6,626.6,80,0,0.2,26.5,73,27.1,21.3
2026-08-30T11:05:00+05:30,2026-08-30 11:05:00,26.6,27.4,22.7,0,0,0,170,0,0,0,0,3.6,626.6,79,0,0.2,26.4,73,27,21.2
2026-08-30T11:00:00+05:30,2026-08-30 11:00:00,26.5,27.3,22.6,0,0,0,170,0,0,0,0,3.6,626.6,79,0,0.2,26.4,73,27,21.2
2026-08-30T10:55:00+05:30,2026-08-30 10:55:00,26.4,27.1,22.4,0,0,0,170,0,0,0,0,3.6,626.6,79,0,0.2,26.3,73,26.9,21.1
2026-08-30T10:51:00+05:30,2026-08-30 10:51:00,26.4,27.1,22.4,0,0,0,170,0,0,0,0,3.6,626.6,79,0,0.1,26.3,74,26.9,21.3
2026-08-30T10:45:00+05:30,2026-08-30 10:45:00,26.3,27.1,22.5,0,0,0,170,0,0,0,0,3.6,626.6,80,0,0.2,26.2,74,26.8,21.2
2026-08-30T10:40:00+05:30,2026-08-30 10:40:00,26.3,27.1,22.5,0,0,0,170,0,0,0,0,3.6,626.6,80,0,0.1,26.2,74,26.8,21.2
2026-08-30T10:35:00+05:30,2026-08-30 10:35:00,26.2,27,22.7,0,0,0,170,0,0,0,0,3.6,626.6,81,0,0.1,26.2,74,26.8,21.2
2026-08-30T10:30:00+05:30,2026-08-30 10:30:00,26.2,27,22.7,0,0,0,170,0,0,0,0,3.6,626.6,81,0,0.2,26.1,74,26.7,21.1
2026-08-30T10:25:00+05:30,2026-08-30 10:25:00,26.2,27,22.9,0,0,0,170,0,0,0,0,3.6,626.6,82,0,0.1,26,75,26.6,21.2
2026-08-30T10:20:00+05:30,2026-08-30 10:20:00,26.1,26.9,22.8,0,0,0,170,0,0,0,0,3.6,626.6,82,0,0.1,26,75,26.6,21.2
2026-08-30T10:15:00+05:30,2026-08-30 10:15:00,26.1,26.9,22.8,0,0,0,170,0,0,0,0,3.6,626.6,82,0,0.1,26,75,26.6,21.2
2026-08-30T10:10:00+05:30,2026-08-30 10:10:00,26,26.8,22.7,0,0,0,170,0,0,0,0,3.6,626.6,82,0,0.1,25.9,75,26.5,21.1
2026-08-30T10:05:00+05:30,2026-08-30 10:05:00,26,26.8,22.7,0,0,0,170,0,0,0,0,3.6,626.6,82,0,0.1,25.9,75,26.5,21.1
2026-08-30T10:00:00+05:30,2026-08-30 10:00:00,26,26.8,22.9,0,0,0,170,0,0,0,0,3.6,626.6,83,0,0.1,25.8,75,26.4,21
2026-08-30T09:55:00+05:30,2026-08-30 09:55:00,25.9,26.7,22.8,0,0,0,170,0,0,0,0,3.6,626.6,83,0,0.1,25.8,75,26.4,21
2026-08-30T09:50:00+05:30,2026-08-30 09:50:00,25.9,26.7,22.8,0,0,0,170,0,0,0,0,3.6,626.6,83,0,0.1,25.8,76,26.4,21.2
2026-08-30T09:46:00+05:30,2026-08-30 09:46:00,25.8,26.6,22.7,0,0,0,170,0,0,0,0,3.6,626.6,83,0,0.1,25.7,76,26.3,21.2
2026-08-30T09:40:00+05:30,2026-08-30 09:40:00,25.8,26.6,22.9,0,0,0,170,0,0,0,0,3.6,626.6,84,0,0.1,25.7,76,26.3,21.2
2026-08-30T09:35:00+05:30,2026-08-30 09:35:00,25.8,26.6,22.9,0,0,0,170,0,0,0,0,3.6,626.6,84,0,0.1,25.6,76,26.2,21.1
2026-08-30T09:30:00+05:30,2026-08-30 09:30:00,25.7,26.5,22.8,0,0,0,170,0,0,0,0,3.6,626.6,84,0,0.1,25.6,76,26.2,21.1
2026-08-30T09:25:00+05:30,2026-08-30 09:25:00,25.7,26.5,22.8,0,0,0,170,0,0,0,0,3.6,626.6,84,0,0.1,25.6,76,26.2,21.1
2026-08-30T09:20:00+05:30,2026-08-30 09:20:00,25.7,26.5,22.8,0,0,0,170,0,0,0,0,3.6,626.6,84,0,0.1,25.5,76,26.1,20.9
2026-08-30T09:15:00+05:30,2026-08-30 09:15:00,25.6,26.4,22.7,0,0,0,170,0,0,0,0,3.6,626.6,84,0,0.1,25.5,76,26.1,20.9
2026-08-30T09:10:00+05:30,2026-08-30 09:10:00,25.6,26.4,22.7,0,0,0,170,0,0,0,0,3.6,626.6,84,0,0.1,25.5,76,26.1,20.9
2026-08-30T09:05:00+05:30,2026-08-30 09:05:00,25.6,26.4,22.7,0,0,0,170,0,0,0,0,3.6,626.6,84,0,0.1,25.4,76,25.9,20.8
2026-08-30T09:00:00+05:30,2026-08-30 09:00:00,25.6,26.4,22.7,0,0,0,170,0,0,0,0,3.6,626.6,84,0,0.1,25.4,76,25.9,20.8
2026-08-30T08:55:00+05:30,2026-08-30 08:55:00,25.5,26.3,22.6,0,0,0,170,0,0,0,0,3.6,626.6,84,0,0.1,25.4,76,25.9,20.8
2026-08-30T08:50:00+05:30,2026-08-30 08:50:00,25.5,26.3,22.6,0,0,0,170,0,0,0,0,3.6,626.6,84,0,0.1,25.3,76,25.8,20.7
2026-08-30T08:45:00+05:30,2026-08-30 08:45:00,25.5,26.3,22.6,0,0,0,170,0,0,0,0,3.6,626.6,84,0,0.1,25.3,76,25.8,20.7
2026-08-30T08:40:00+05:30,2026-08-30 08:40:00,25.5,26.3,22.6,0,0,0,170,0,0,0,0,3.6,626.6,84,0,0.1,25.3,76,25.8,20.7
2026-08-30T08:35:00+05:30,2026-08-30 08:35:00,25.4,26.2,22.5,0,0,0,170,0,0,0,0,3.6,626.6,84,0,0.1,25.2,76,25.8,20.7
2026-08-30T08:30:00+05:30,2026-08-30 08:30:00,25.4,26.2,22.5,0,0,0,170,0,0,0,0,3.6,626.6,84,0,0.1,25.2,76,25.8,20.7
2026-08-30T08:25:00+05:30,2026-08-30 08:25:00,25.4,26.2,22.3,0,0,0,170,0,0,0,0,3.6,626.6,83,0,0.1,25.2,76,25.8,20.7
2026-08-30T08:20:00+05:30,2026-08-30 08:20:00,25.3,26,22.2,0,0,0,170,0,0,0,0,3.6,626.6,83,0,0.1,25.2,75,25.8,20.4
2026-08-30T08:15:00+05:30,2026-08-30 08:15:00,25.3,26,22.2,0,0,0,170,0,0,0,0,3.6,626.6,83,0,0.1,25.1,75,25.6,20.3
2026-08-30T08:10:00+05:30,2026-08-30 08:10:00,25.3,26,22.2,0,0,0,170,0,0,0,0,3.6,626.6,83,0,0.1,25.1,75,25.6,20.3
2026-08-30T08:05:00+05:30,2026-08-30 08:05:00,25.3,26,22.2,0,0,0,170,0,0,0,0,3.6,626.6,83,0,0.1,25.1,75,25.6,20.3
2026-08-30T08:00:00+05:30,2026-08-30 08:00:00,25.2,26,22.1,0,0,0,170,0,0,0,0,3.6,626.6,83,0,0.1,25.1,75,25.6,20.3
2026-08-30T07:55:00+05:30,2026-08-30 07:55:00,25.2,26,22.1,0,0,0,170,0,0,0,0,3.6,626.6,83,0,0.1,25,75,25.5,20.3
2026-08-30T07:50:00+05:30,2026-08-30 07:50:00,25.2,26,22.1,0,0,0,170,0,0,0,0,3.6,626.6,83,0,0.1,25.1,75,25.6,20.3
2026-08-30T07:45:00+05:30,2026-08-30 07:45:00,25.2,25.9,21.9,0,0,0,170,0,0,0,0,3.6,626.6,82,0,0.1,25,75,25.5,20.3
2026-08-30T07:40:00+05:30,2026-08-30 07:40:00,25.2,25.9,21.9,0,0,0,170,0,0,0,0,3.6,626.6,82,0,0.1,25,75,25.5,20.3
2026-08-30T07:35:00+05:30,2026-08-30 07:35:00,25.2,25.9,21.9,0,0,0,170,0,0,0,0,3.6,626.6,82,0,0,25,75,25.5,20.3
2026-08-30T07:30:00+05:30,2026-08-30 07:30:00,25.2,25.9,21.9,0,0,0,170,0,0,0,0,3.6,626.6,82,0,0,25,75,25.5,20.3
2026-08-30T07:25:00+05:30,2026-08-30 07:25:00,25.2,25.9,21.9,0,0,0,170,0,0,0,0,3.6,626.6,82,0,0,25,75,25.5,20.3
2026-08-30T07:21:00+05:30,2026-08-30 07:21:00,25.2,25.9,21.9,0,0,0,170,0,0,0,0,3.6,626.6,82,0,0,25,75,25.5,20.3
2026-08-30T07:15:00+05:30,2026-08-30 07:15:00,25.2,25.9,21.9,0,0,0,170,0,0,0,0,3.6,626.6,82,0,0,25,75,25.5,20.3
2026-08-30T07:10:00+05:30,2026-08-30 07:10:00,25.2,25.9,21.9,0,0,0,170,0,0,0,0,3.6,626.6,82,0,0,25,74,25.5,20.1
2026-08-30T07:05:00+05:30,2026-08-30 07:05:00,25.2,25.9,21.9,0,0,0,170,0,0,0,0,3.6,626.6,82,0,0,25,74,25.5,20.1
2026-08-30T07:00:00+05:30,2026-08-30 07:00:00,25.2,25.9,21.9,0,0,0,170,0,0,0,0,3.6,626.6,82,0,0,25,74,25.5,20.1
2026-08-30T06:55:00+05:30,2026-08-30 06:55:00,25.2,25.9,21.7,0,0,0,170,0,0,0,0,3.6,626.6,81,0,0,25,74,25.5,20.1
2026-08-30T06:50:00+05:30,2026-08-30 06:50:00,25.2,25.9,21.7,0,0,0,170,0,0,0,0,3.6,626.6,81,0,0,24.9,74,25.4,19.9
2026-08-30T06:45:00+05:30,2026-08-30 06:45:00,25.2,25.9,21.7,0,0,0,170,0,0,0,0,3.6,626.6,81,0,0,25,74,25.5,20.1
2026-08-30T06:40:00+05:30,2026-08-30 06:40:00,25.2,25.9,21.7,0,0,0,170,0,0,0,0,3.6,626.6,81,0,0,25,74,25.5,20.1
2026-08-30T06:35:00+05:30,2026-08-30 06:35:00,25.2,25.9,21.7,0,0,0,170,0,0,0,0,3.6,626.6,81,0,0,25,74,25.5,20.1
2026-08-30T06:30:00+05:30,2026-08-30 06:30:00,25.2,25.9,21.7,0,0,0,170,0,0,0,0,3.6,626.6,81,0,0,25,74,25.5,20.1
2026-08-30T06:25:00+05:30,2026-08-30 06:25:00,25.2,25.9,21.7,0,0,0,170,0,0,0,0,3.6,626.6,81,0,0,25,74,25.5,20.1
2026-08-30T06:20:00+05:30,2026-08-30 06:20:00,25.2,25.9,21.7,0,0,0,170,0,0,0,0,3.6,626.6,81,0,0,25,74,25.5,20.1
2026-08-30T06:16:00+05:30,2026-08-30 06:16:00,25.2,25.9,21.7,0,0,0,170,0,0,0,0,3.6,626.6,81,0,0,25,74,25.5,20.1
2026-08-30T06:10:00+05:30,2026-08-30 06:10:00,25.2,25.9,21.7,0,0,0,170,0,0,0,0,3.6,626.6,81,0,0,25,74,25.5,20.1
2026-08-30T06:05:00+05:30,2026-08-30 06:05:00,25.2,25.9,21.7,0,0,0,170,0,0,0,0,3.6,626.6,81,0,0,25,74,25.5,20.1
2026-08-30T06:00:00+05:30,2026-08-30 06:00:00,25.2,25.9,21.7,0,0,0,170,0,0,0,0,3.6,626.6,81,0,0,25,74,25.5,20.1
2026-08-30T05:55:00+05:30,2026-08-30 05:55:00,25.2,25.9,21.7,0,0,0,170,0,0,0,0,3.6,626.6,81,0,0,25,74,25.5,20.1
2026-08-30T05:50:00+05:30,2026-08-30 05:50:00,25.2,25.9,21.7,0,0,0,170,0,0,0,0,3.6,626.6,81,0,0,25.1,74,25.6,20.2
2026-08-30T05:45:00+05:30,2026-08-30 05:45:00,25.2,25.9,21.7,0,0,0,170,0,0,0,0,3.6,626.6,81,0,0,25.1,74,25.6,20.2
2026-08-30T05:40:00+05:30,2026-08-30 05:40:00,25.2,25.9,21.7,0,0,0,170,0,0,0,0,3.6,626.6,81,0,0,25.1,74,25.6,20.2
2026-08-30T05:35:00+05:30,2026-08-30 05:35:00,25.3,26,21.8,0,0,0,170,0,0,0,0,3.6,626.6,81,0,0,25.1,74,25.6,20.2
2026-08-30T05:30:00+05:30,2026-08-30 05:30:00,25.3,26,21.8,0,0,0,170,0,0,0,0,3.6,626.6,81,0,0,25.1,74,25.6,20.2
2026-08-30T05:25:00+05:30,2026-08-30 05:25:00,25.3,26,21.8,0,0,0,170,0,0,0,0,3.6,626.6,81,0,0,25.1,74,25.6,20.2
2026-08-30T05:20:00+05:30,2026-08-30 05:20:00,25.3,26,21.8,0,0,0,170,0,0,0,0,3.6,626.6,81,0,0,25.1,74,25.6,20.2
2026-08-30T05:15:00+05:30,2026-08-30 05:15:00,25.3,26,21.8,0,0,0,170,0,0,0,0,3.6,626.6,81,0,0,25.1,74,25.6,20.2
2026-08-30T05:11:00+05:30,2026-08-30 05:11:00,25.3,26,21.8,0,0,0,170,0,0,0,0,3.6,626.6,81,0,0,25.1,74,25.6,20.2
2026-08-30T05:05:00+05:30,2026-08-30 05:05:00,25.3,26,21.8,0,0,0,170,0,0,0,0,3.6,626.6,81,0,0,25.1,74,25.6,20.2
2026-08-30T05:00:00+05:30,2026-08-30 05:00:00,25.3,26,21.8,0,0,0,170,0,0,0,0,3.6,626.6,81,0,0,25.1,74,25.6,20.2
2026-08-30T04:55:00+05:30,2026-08-30 04:55:00,25.3,26,21.8,0,0,0,170,0,0,0,0,3.6,626.6,81,0,0,25.1,74,25.6,20.2
2026-08-30T04:50:00+05:30,2026-08-30 04:50:00,25.4,26.1,21.9,0,0,0,170,0,0,0,0,3.6,626.6,81,0,0,25.2,74,25.7,20.2
2026-08-30T04:45:00+05:30,2026-08-30 04:45:00,25.4,26.1,21.7,0,0,0,170,0,0,0,0,3.6,626.6,80,0,0,25.1,74,25.6,20.2
2026-08-30T04:40:00+05:30,2026-08-30 04:40:00,25.4,26.1,21.7,0,0,0,170,0,0,0,0,3.6,626.6,80,0,0,25.2,74,25.7,20.2
2026-08-30T04:35:00+05:30,2026-08-30 04:35:00,25.4,26.1,21.7,0,0,0,170,0,0,0,0,3.6,626.6,80,0,0,25.2,74,25.7,20.2
2026-08-30T04:30:00+05:30,2026-08-30 04:30:00,25.4,26.1,21.7,0,0,0,170,0,0,0,0,3.6,626.6,80,0,0,25.2,74,25.7,20.2
2026-08-30T04:25:00+05:30,2026-08-30 04:25:00,25.4,26.1,21.7,0,0,0,170,0,0,0,0,3.6,626.6,80,0,0,25.2,74,25.7,20.2
2026-08-30T04:20:00+05:30,2026-08-30 04:20:00,25.4,26.1,21.7,0,0,0,170,0,0,0,0,3.6,626.6,80,0,0,25.2,73,25.7,20
2026-08-30T04:15:00+05:30,2026-08-30 04:15:00,25.4,26.1,21.7,0,0,0,170,0,0,0,0,3.6,626.6,80,0,0,25.2,73,25.7,20
2026-08-30T04:10:00+05:30,2026-08-30 04:10:00,25.4,26.1,21.7,0,0,0,170,0,0,0,0,3.6,626.6,80,0,0,25.2,73,25.7,20
2026-08-30T04:05:00+05:30,2026-08-30 04:05:00,25.4,26.1,21.7,0,0,0,170,0,0,0,0,3.6,626.6,80,0,0,25.3,73,25.8,20.1
2026-08-30T04:00:00+05:30,2026-08-30 04:00:00,25.4,26.1,21.7,0,0,0,170,0,0,0,0,3.6,626.6,80,0,0,25.3,73,25.8,20.1
2026-08-30T03:55:00+05:30,2026-08-30 03:55:00,25.4,26.1,21.7,0,0,0,170,0,0,0,0,3.6,626.6,80,0,0,25.3,73,25.8,20.1
2026-08-30T03:51:00+05:30,2026-08-30 03:51:00,25.4,26.1,21.7,0,0,0,170,0,0,0,0,3.6,626.6,80,0,0,25.3,73,25.8,20.1
2026-08-30T03:45:00+05:30,2026-08-30 03:45:00,25.4,26.1,21.7,0,0,0,170,0,0,0,0,3.6,626.6,80,0,0,25.3,73,25.8,20.1
2026-08-30T03:40:00+05:30,2026-08-30 03:40:00,25.4,26.1,21.7,0,0,0,170,0,0,0,0,3.6,626.6,80,0,0,25.3,73,25.8,20.1
2026-08-30T03:35:00+05:30,2026-08-30 03:35:00,25.5,26.2,21.8,0,0,0,170,0,0,0,0,3.6,626.6,80,0,0,25.4,73,25.9,20.2
2026-08-30T03:30:00+05:30,2026-08-30 03:30:00,25.5,26.2,21.8,0,0,0,170,0,0,0,0,3.6,626.6,80,0,0,25.4,74,25.9,20.4
2026-08-30T03:25:00+05:30,2026-08-30 03:25:00,25.5,26.2,21.8,0,0,0,170,0,0,0,0,3.6,626.6,80,0,0,25.4,73,25.9,20.2
2026-08-30T03:20:00+05:30,2026-08-30 03:20:00,25.5,26.2,21.8,0,0,0,170,0,0,0,0,3.6,626.6,80,0,0,25.4,74,25.9,20.4
2026-08-30T03:15:00+05:30,2026-08-30 03:15:00,25.5,26.2,21.8,0,0,0,170,0,0,0,0,3.6,626.6,80,0,0,25.4,74,25.9,20.4
2026-08-30T03:10:00+05:30,2026-08-30 03:10:00,25.5,26.2,21.8,0,0,0,170,0,0,0,0,3.6,626.6,80,0,0,25.5,74,26.1,20.5
2026-08-30T03:05:00+05:30,2026-08-30 03:05:00,25.5,26.2,21.8,0,0,0,170,0,0,0,0,3.6,626.6,80,0,0,25.4,74,25.9,20.4
2026-08-30T03:00:00+05:30,2026-08-30 03:00:00,25.5,26.2,21.8,0,0,0,170,0,0,0,0,3.6,626.6,80,0,0,25.5,74,26.1,20.5
2026-08-30T02:55:00+05:30,2026-08-30 02:55:00,25.5,26.2,21.8,0,0,0,170,0,0,0,0,3.6,626.6,80,0,0,25.5,74,26.1,20.5
2026-08-30T02:50:00+05:30,2026-08-30 02:50:00,25.6,26.3,21.9,0,0,0,170,0,0,0,0,3.6,626.6,80,0,0,25.5,74,26.1,20.5
2026-08-30T02:46:00+05:30,2026-08-30 02:46:00,25.6,26.3,21.9,0,0,0,170,0,0,0,0,3.6,626.6,80,0,0,25.5,74,26.1,20.5
2026-08-30T02:40:00+05:30,2026-08-30 02:40:00,25.6,26.3,22.1,0,0,0,170,0,0,0,0,3.6,626.6,81,0,0,25.6,74,26.2,20.6
2026-08-30T02:35:00+05:30,2026-08-30 02:35:00,25.6,26.3,22.1,0,0,0,170,0,0,0,0,3.6,626.6,81,0,0,25.6,74,26.2,20.6
2026-08-30T02:30:00+05:30,2026-08-30 02:30:00,25.6,26.3,22.1,0,0,0,170,0,0,0,0,3.6,626.6,81,0,0,25.6,74,26.2,20.6
2026-08-30T02:25:00+05:30,2026-08-30 02:25:00,25.6,26.3,22.1,0,0,0,170,0,0,0,0,3.6,626.6,81,0,0,25.6,74,26.2,20.6
2026-08-30T02:20:00+05:30,2026-08-30 02:20:00,25.7,26.5,22.2,0,0,0,170,0,0,0,0,3.6,626.6,81,0,0,25.6,74,26.2,20.6
2026-08-30T02:15:00+05:30,2026-08-30 02:15:00,25.7,26.5,22.2,0,0,0,170,0,0,0,0,3.6,626.6,81,0,0,25.7,74,26.3,20.7
2026-08-30T02:10:00+05:30,2026-08-30 02:10:00,25.7,26.5,22.2,0,0,0,170,0,0,0,0,3.6,626.6,81,0,0,25.7,74,26.3,20.7
2026-08-30T02:05:00+05:30,2026-08-30 02:05:00,25.7,26.5,22.2,0,0,0,170,0,0,0,0,3.6,626.6,81,0,0,25.7,74,26.3,20.7
2026-08-30T02:00:00+05:30,2026-08-30 02:00:00,25.7,26.5,22.2,0,0,0,170,0,0,0,0,3.6,626.6,81,0,0,25.7,74,26.3,20.7
2026-08-30T01:55:00+05:30,2026-08-30 01:55:00,25.8,26.5,22.3,0,0,0,170,0,0,0,0,3.6,626.6,81,0,0,25.7,74,26.3,20.7
2026-08-30T01:50:00+05:30,2026-08-30 01:50:00,25.8,26.5,22.3,0,0,0,170,0,0,0,0,3.6,626.6,81,0,0,25.7,74,26.3,20.7
2026-08-30T01:45:00+05:30,2026-08-30 01:45:00,25.8,26.5,22.3,0,0,0,170,0,0,0,0,3.6,626.6,81,0,0,25.8,74,26.3,20.8
2026-08-30T01:41:00+05:30,2026-08-30 01:41:00,25.8,26.5,22.3,0,0,0,170,0,0,0,0,3.6,626.6,81,0,0,25.8,74,26.3,20.8
2026-08-30T01:35:00+05:30,2026-08-30 01:35:00,25.8,26.6,22.5,0,0,0,170,0,0,0,0,3.6,626.6,82,0,0,25.8,75,26.4,21
2026-08-30T01:30:00+05:30,2026-08-30 01:30:00,25.9,26.7,22.6,0,0,0,170,0,0,0,0,3.6,626.6,82,0,0,25.9,75,26.5,21.1
2026-08-30T01:25:00+05:30,2026-08-30 01:25:00,25.9,26.7,22.6,0,0,0,170,0,0,0,0,3.6,626.6,82,0,0,25.8,75,26.4,21
2026-08-30T01:20:00+05:30,2026-08-30 01:20:00,25.9,26.7,22.6,0,0,0,170,0,0,0,0,3.6,626.6,82,0,0,25.9,75,26.5,21.1
2026-08-30T01:15:00+05:30,2026-08-30 01:15:00,25.9,26.7,22.6,0,0,0,170,0,0,0,0,3.6,626.6,82,0,0,25.9,75,26.5,21.1
2026-08-30T01:10:00+05:30,2026-08-30 01:10:00,25.9,26.7,22.6,0,0,0,170,0,0,0,0,3.6,626.6,82,0,0,25.9,75,26.5,21.1
2026-08-30T01:05:00+05:30,2026-08-30 01:05:00,26,26.8,22.7,0,0,0,170,0,0,0,0,3.6,626.6,82,0,0,25.9,75,26.5,21.1
2026-08-30T01:00:00+05:30,2026-08-30 01:00:00,26,26.8,22.7,0,0,0,170,0,0,0,0,3.6,626.6,82,0,0,26,75,26.6,21.2
2026-08-30T00:55:00+05:30,2026-08-30 00:55:00,26,26.8,22.7,0,0,0,170,0,0,0,0,3.6,626.6,82,0,0,26,75,26.6,21.2
2026-08-30T00:50:00+05:30,2026-08-30 00:50:00,26,26.8,22.7,0,0,0,170,0,0,0,0,3.6,626.6,82,0,0,26,75,26.6,21.2
2026-08-30T00:45:00+05:30,2026-08-30 00:45:00,26.1,26.9,22.8,0,0,0,170,0,0,0,0,3.6,626.6,82,0,0,26,75,26.6,21.2
2026-08-30T00:40:00+05:30,2026-08-30 00:40:00,26.1,26.9,22.8,0,0,0,170,0,0,0,0,3.6,626.6,82,0,0,26,75,26.6,21.2
2026-08-30T00:35:00+05:30,2026-08-30 00:35:00,26.1,26.9,22.8,0,0,0,170,0,0,0,0,3.6,626.6,82,0,0,26,75,26.6,21.2
2026-08-30T00:30:00+05:30,2026-08-30 00:30:00,26.1,26.9,22.8,0,0,0,170,0,0,0,0,3.6,626.6,82,0,0,26.1,75,26.7,21.3
2026-08-30T00:25:00+05:30,2026-08-30 00:25:00,26.1,26.9,22.8,0,0,0,170,0,0,0,0,3.6,626.6,82,0,0,26.1,75,26.7,21.3
2026-08-30T00:20:00+05:30,2026-08-30 00:20:00,26.1,26.9,22.8,0,0,0,170,0,0,0,0,3.6,626.6,82,0,0,26.1,75,26.7,21.3
2026-08-30T00:15:00+05:30,2026-08-30 00:15:00,26.1,26.9,22.8,0,0,0,170,0,0,0,0,3.6,626.6,82,0,0,26.1,75,26.7,21.3
2026-08-30T00:10:00+05:30,2026-08-30 00:10:00,26.1,26.9,22.8,0,0,0,170,0,0,0,0,3.6,626.6,82,0,0,26.1,75,26.7,21.3
2026-08-30T00:05:00+05:30,2026-08-30 00:05:00,26.1,26.9,22.8,0,0,0,170,0,0,0,0,3.6,626.6,82,0,0,26.1,75,26.7,21.3
2026-08-30T00:00:00+05:30,2026-08-30 00:00:00,26.1,26.9,22.8,0,0,0,170,0,0,0,0,3.6,626.6,82,0,0,26.1,75,26.7,21.3
2026-08-29T23:55:00+05:30,2026-08-29 23:55:00,26.2,27,22.9,0,0,0,170,0,0,0,0,3.6,626.6,82,0,0,26.2,75,26.8,21.4
2026-08-29T23:50:00+05:30,2026-08-29 23:50:00,26.2,27,22.9,0,0,0,170,0,0,0,0,3.6,626.6,82,0,0,26.1,75,26.7,21.3
2026-08-29T23:45:00+05:30,2026-08-29 23:45:00,26.2,27,22.9,0,0,0,170,0,0,0,0,3.6,626.6,82,0,0,26.2,75,26.8,21.4
2026-08-29T23:40:00+05:30,2026-08-29 23:40:00,26.2,27,22.9,0,0,0,170,0,0,0,0,3.6,626.6,82,0,0,26.2,75,26.8,21.4
2026-08-29T23:35:00+05:30,2026-08-29 23:35:00,26.2,27,22.9,0,0,0,170,0,0,0,0,3.6,626.6,82,0,0,26.2,75,26.8,21.4
2026-08-29T23:30:00+05:30,2026-08-29 23:30:00,26.2,27,22.9,0,0,0,170,0,0,0,0,3.6,626.6,82,0,0,26.2,75,26.8,21.4
2026-08-29T23:25:00+05:30,2026-08-29 23:25:00,26.2,27,22.9,0,0,0,170,0,0,0,0,3.6,626.6,82,0,0,26.3,75,26.9,21.5
2026-08-29T23:20:00+05:30,2026-08-29 23:20:00,26.2,27,22.9,0,0,0,170,0,0,0,0,3.6,626.6,82,0,0,26.3,75,26.9,21.5
2026-08-29T23:16:00+05:30,2026-08-29 23:16:00,26.2,27,22.9,0,0,0,170,0,0,0,0,3.6,626.6,82,0,0,26.3,75,26.9,21.5
2026-08-29T23:10:00+05:30,2026-08-29 23:10:00,26.2,27,22.9,0,0,0,170,0,0,0,0,3.6,626.6,82,0,0,26.3,75,26.9,21.5
2026-08-29T23:05:00+05:30,2026-08-29 23:05:00,26.2,27,22.9,0,0,0,170,0,0,0,0,3.6,626.6,82,0,0,26.3,75,26.9,21.5
2026-08-29T23:00:00+05:30,2026-08-29 23:00:00,26.2,27,22.9,0,0,0,170,0,0,0,0,3.6,626.6,82,0,0,26.3,75,26.9,21.5
2026-08-29T22:55:00+05:30,2026-08-29 22:55:00,26.2,27,22.9,0,0,0,170,0,0,0,0,3.6,626.6,82,0,0,26.3,75,26.9,21.5
2026-08-29T22:50:00+05:30,2026-08-29 22:50:00,26.3,27.1,23,0,0,0,170,0,0,0,0,3.6,626.6,82,0,0,26.4,75,27.1,21.6
2026-08-29T22:45:00+05:30,2026-08-29 22:45:00,26.3,27.1,23,0,0,0,170,0,0,0,0,3.6,626.6,82,0,0,26.4,75,27.1,21.6
2026-08-29T22:40:00+05:30,2026-08-29 22:40:00,26.3,27.1,23.2,0,0,0,170,0,0,0,0,3.6,626.6,83,0,0,26.4,75,27.1,21.6
2026-08-29T22:35:00+05:30,2026-08-29 22:35:00,26.3,27.1,23,0,0,0,170,0,0,0,0,3.6,626.6,82,0,0,26.4,75,27.1,21.6
2026-08-29T22:30:00+05:30,2026-08-29 22:30:00,26.3,27.1,23.2,0,0,0,170,0,0,0,0,3.6,626.6,83,0,0,26.4,75,27.1,21.6
2026-08-29T22:25:00+05:30,2026-08-29 22:25:00,26.3,27.1,23.2,0,0,0,170,0,0,0,0,3.6,626.6,83,0,0,26.4,75,27.1,21.6
2026-08-29T22:20:00+05:30,2026-08-29 22:20:00,26.4,27.3,23.3,0,0,0,170,0,0,0,0,3.6,626.6,83,0,0,26.5,75,27.2,21.7
2026-08-29T22:15:00+05:30,2026-08-29 22:15:00,26.4,27.3,23.3,0,0,0,170,0,0,0,0,3.6,626.6,83,0,0,26.5,75,27.2,21.7
2026-08-29T22:11:00+05:30,2026-08-29 22:11:00,26.4,27.3,23.3,0,0,0,170,0,0,0,0,3.6,626.6,83,0,0,26.5,75,27.2,21.7
2026-08-29T22:05:00+05:30,2026-08-29 22:05:00,26.4,27.3,23.3,0,0,0,170,0,0,0,0,3.6,626.6,83,0,0,26.5,75,27.2,21.7
2026-08-29T22:00:00+05:30,2026-08-29 22:00:00,26.4,27.3,23.3,0,0,0,170,0,0,0,0,3.6,626.6,83,0,0,26.6,75,27.3,21.8
2026-08-29T21:55:00+05:30,2026-08-29 21:55:00,26.5,27.4,23.4,0,0,0,170,0,0,0,0,3.6,626.6,83,0,0,26.6,76,27.3,22
2026-08-29T21:50:00+05:30,2026-08-29 21:50:00,26.5,27.4,23.4,0,0,0,170,0,0,0,0,3.6,626.6,83,0,0,26.6,76,27.3,22
2026-08-29T21:45:00+05:30,2026-08-29 21:45:00,26.5,27.4,23.6,0,0,0,170,0,0,0,0,3.6,626.6,84,0,0,26.6,76,27.3,22
2026-08-29T21:40:00+05:30,2026-08-29 21:40:00,26.5,27.4,23.6,0,0,0,170,0,0,0,0,3.6,626.6,84,0,0,26.6,76,27.3,22
2026-08-29T21:35:00+05:30,2026-08-29 21:35:00,26.5,27.4,23.6,0,0,0,170,0,0,0,0,3.6,626.6,84,0,0,26.6,75,27.3,21.8
2026-08-29T21:30:00+05:30,2026-08-29 21:30:00,26.6,27.5,23.7,0,0,0,170,0,0,0,0,3.6,626.6,84,0,0,26.7,76,28.8,22.1
2026-08-29T21:25:00+05:30,2026-08-29 21:25:00,26.6,27.5,23.5,0,0,0,170,0,0,0,0,3.6,626.6,83,0,0,26.7,75,28.8,21.9
2026-08-29T21:20:00+05:30,2026-08-29 21:20:00,26.6,27.5,23.5,0,0,0,169,0,0,0,0,3.6,626.6,83,0,0,26.7,75,28.8,21.9
2026-08-29T21:15:00+05:30,2026-08-29 21:15:00,26.6,27.5,23.5,0,0,0,170,0,0,0,0,3.6,626.6,83,0,0,26.7,75,28.8,21.9
2026-08-29T21:10:00+05:30,2026-08-29 21:10:00,26.6,27.5,23.5,0,0,0,169,0,0,0,0,3.6,626.6,83,0,0,26.7,75,28.8,21.9
2026-08-29T21:06:00+05:30,2026-08-29 21:06:00,26.6,27.5,23.5,0,0,0,169,0,0,0,0,3.6,626.6,83,0,0,26.7,75,28.8,21.9
2026-08-29T21:00:00+05:30,2026-08-29 21:00:00,26.7,29.4,23.6,0,0,0,169,0,0,0,0,3.6,626.6,83,0,0,26.7,75,28.8,21.9
2026-08-29T20:55:00+05:30,2026-08-29 20:55:00,26.7,29.4,23.6,0,0,0,170,0,0,0,0,3.6,626.6,83,0,0,26.8,75,28.8,21.9
2026-08-29T20:50:00+05:30,2026-08-29 20:50:00,26.7,29.4,23.6,0,0,0,170,0,0,0,0,3.6,626.6,83,0,0,26.8,75,28.8,21.9
2026-08-29T20:45:00+05:30,2026-08-29 20:45:00,26.8,29.5,23.6,0,0,0,170,0,0,0,0,3.6,626.6,83,0,0,26.8,75,28.8,21.9
2026-08-29T20:40:00+05:30,2026-08-29 20:40:00,26.8,29.5,23.6,0,0,0,169,0,0,0,0,3.6,626.6,83,0,0,26.8,75,28.8,21.9
2026-08-29T20:35:00+05:30,2026-08-29 20:35:00,26.8,29.5,23.6,0,0,0,170,0,0,0,0,3.6,626.6,83,0,0,26.8,75,28.8,21.9
2026-08-29T20:30:00+05:30,2026-08-29 20:30:00,26.8,29.5,23.6,0,0,0,169,0,0,0,0,3.6,626.6,83,0,0,26.9,75,29.1,22.1
2026-08-29T20:25:00+05:30,2026-08-29 20:25:00,26.9,29.8,23.7,0,0,0,169,0,0,0,0,3.6,626.6,83,0,0,26.9,75,29.1,22.1
2026-08-29T20:20:00+05:30,2026-08-29 20:20:00,26.9,29.8,23.7,0,0,0,169,0,0,0,0,3.6,626.6,83,0,0,26.9,75,29.1,22.1
2026-08-29T20:15:00+05:30,2026-08-29 20:15:00,26.9,29.8,23.7,0,0,0,169,0,0,0,0,3.6,626.6,83,0,0,26.9,75,29.1,22.1
2026-08-29T20:10:00+05:30,2026-08-29 20:10:00,26.9,29.8,23.7,0,0,0,169,0,0,0,0,3.6,626.6,83,0,0,27,75,29.3,22.2
2026-08-29T20:05:00+05:30,2026-08-29 20:05:00,27,30,23.9,0,0,0,169,0,0,0,0,3.6,626.6,83,0,0,27,75,29.3,22.2
2026-08-29T20:00:00+05:30,2026-08-29 20:00:00,27,30,23.9,0,0,0,170,0,0,0,0,3.6,626.6,83,0,0,27,75,29.3,22.2
2026-08-29T19:55:00+05:30,2026-08-29 19:55:00,27,30,23.9,0,0,0,170,0,0,0,0,3.6,626.6,83,0,0,27,75,29.3,22.2
2026-08-29T19:50:00+05:30,2026-08-29 19:50:00,27,30,23.9,0,0,0,170,0,0,0,0,3.6,626.6,83,0,0,27,75,29.3,22.2
2026-08-29T19:46:00+05:30,2026-08-29 19:46:00,27.1,30.3,24,0,0,0,169,0,0,0,0,3.6,626.6,83,0,0,27.1,75,29.5,22.3
2026-08-29T19:40:00+05:30,2026-08-29 19:40:00,27.1,30.3,24,0,0,0,169,0,0,0,0,3.6,626.6,83,0,0,27.1,75,29.5,22.3
2026-08-29T19:35:00+05:30,2026-08-29 19:35:00,27.1,30.3,24,0,0,0,169,0,0,0,0,3.6,626.6,83,0,0,27.1,75,29.5,22.3
2026-08-29T19:30:00+05:30,2026-08-29 19:30:00,27.2,30.6,24.1,0,0,0,169,0,0,0,0,3.6,626.6,83,0,0,27.1,75,29.5,22.3
2026-08-29T19:25:00+05:30,2026-08-29 19:25:00,27.2,30.6,24.1,0,0,0,169,0,0,0,0,3.6,626.6,83,0,0,27.1,76,29.6,22.5
2026-08-29T19:20:00+05:30,2026-08-29 19:20:00,27.2,30.6,24.1,0,0,0,169,0,0,0,0,3.6,626.6,83,0,0,27.2,75,29.7,22.4
2026-08-29T19:15:00+05:30,2026-08-29 19:15:00,27.2,30.6,24.1,0,0,0,169,0,0,0,0,3.6,626.6,83,0,0,27.2,76,29.8,22.6
2026-08-29T19:10:00+05:30,2026-08-29 19:10:00,27.3,30.7,24.1,0,0,0,169,0,0,0,0,3.6,626.6,83,0,0,27.2,76,29.8,22.6
2026-08-29T19:05:00+05:30,2026-08-29 19:05:00,27.3,30.7,24.1,0,0,0,169,0,0,0,0,3.6,626.6,83,0,0,27.2,76,29.8,22.6
2026-08-29T19:00:00+05:30,2026-08-29 19:00:00,27.4,31,24.2,0,0,0,169,0,0,0,0,3.6,626.6,83,0,0,27.3,76,29.9,22.7
2026-08-29T18:55:00+05:30,2026-08-29 18:55:00,27.4,31,24.2,0,0,0,169,0,0,0,0,3.6,626.6,83,0,0,27.3,76,29.9,22.7
2026-08-29T18:50:00+05:30,2026-08-29 18:50:00,27.4,31,24.2,0,0,0,169,0,0,0,0,3.6,626.6,83,0,0,27.3,76,29.9,22.7
2026-08-29T18:45:00+05:30,2026-08-29 18:45:00,27.5,31.3,24.3,0,0,0,169,0,0,0,0,3.6,626.6,83,0,0,27.4,76,30.2,22.8
2026-08-29T18:41:00+05:30,2026-08-29 18:41:00,27.5,31.3,24.3,0,0,0,169,0,0,0,0,3.6,626.6,83,0,0,27.4,76,30.2,22.8
2026-08-29T18:35:00+05:30,2026-08-29 18:35:00,27.5,31.3,24.3,0,0,0,169,0,0,0,0,3.6,626.6,83,0,0,27.4,76,30.2,22.8
2026-08-29T18:30:00+05:30,2026-08-29 18:30:00,27.6,31.5,24.5,0,0,0,169,0,0,0,0,3.6,626.6,83,0,0,27.4,76,30.2,22.8
2026-08-29T18:25:00+05:30,2026-08-29 18:25:00,27.6,31.5,24.5,0,0,0,169,0,0,0,0,3.6,626.6,83,0,0,27.5,76,30.4,22.9
2026-08-29T18:20:00+05:30,2026-08-29 18:20:00,27.6,31.5,24.5,0,0,0,169,0,0,0,0,3.6,626.6,83,0,0,27.5,76,30.4,22.9
2026-08-29T18:15:00+05:30,2026-08-29 18:15:00,27.6,31.5,24.5,0,0,0,169,0,0,0,0,3.6,626.6,83,0,0,27.5,76,30.4,22.9
2026-08-29T18:10:00+05:30,2026-08-29 18:10:00,27.7,31.8,24.6,0,0,0,169,0,0,0,0,3.6,626.6,83,0,0,27.5,76,30.4,22.9
2026-08-29T18:05:00+05:30,2026-08-29 18:05:00,27.7,31.8,24.6,0,0,0,169,0,0,0,0,3.6,626.6,83,0,0,27.6,76,30.7,23
2026-08-29T18:00:00+05:30,2026-08-29 18:00:00,27.8,32,24.6,0,0,0,169,0,0,0,0,3.6,626.6,83,0,0,27.6,76,30.7,23
2026-08-29T17:55:00+05:30,2026-08-29 17:55:00,27.8,32,24.6,0,0,0,169,0,0,0,0,3.6,626.6,83,0,0,27.6,76,30.7,23
2026-08-29T17:50:00+05:30,2026-08-29 17:50:00,27.8,32,24.6,0,0,0,169,0,0,0,0,3.6,626.6,83,0,0,27.6,76,30.7,23
2026-08-29T17:45:00+05:30,2026-08-29 17:45:00,27.8,32,24.6,0,0,0,169,0,0,0,0,3.6,626.6,83,0,0,27.7,76,30.9,23.1
2026-08-29T17:40:00+05:30,2026-08-29 17:40:00,27.9,32.3,24.7,0,0,0,169,0,0,0,0,3.6,626.6,83,0,0,27.7,76,30.9,23.1
2026-08-29T17:36:00+05:30,2026-08-29 17:36:00,27.9,32.3,24.7,0,0,0,169,0,0,0,0,3.6,626.6,83,0,0,27.7,76,30.9,23.1
2026-08-29T17:30:00+05:30,2026-08-29 17:30:00,27.9,32.4,24.9,0,0,0,169,0,0,0,0,3.6,626.6,84,0,0,27.8,76,31,23.2
2026-08-29T17:25:00+05:30,2026-08-29 17:25:00,27.9,32.4,24.9,0,0,0,169,0,0,0,0,3.6,626.6,84,0,0,27.8,76,31,23.2
2026-08-29T17:20:00+05:30,2026-08-29 17:20:00,28,32.7,25,0,0,0,169,0,0,0,0,3.6,626.6,84,0,0,27.8,76,31,23.2
2026-08-29T17:15:00+05:30,2026-08-29 17:15:00,28,32.7,25,0,0,0,169,0,0,0,0,3.6,626.6,84,0,0,27.8,76,31,23.2
2026-08-29T17:10:00+05:30,2026-08-29 17:10:00,28,32.7,25,0,0,0,169,0,0,0,0,3.6,626.6,84,0,0,27.9,76,31.3,23.3
2026-08-29T17:05:00+05:30,2026-08-29 17:05:00,28.1,33,25.1,0,0,0,169,0,0,0,0,3.6,626.6,84,0,0,27.9,76,31.3,23.3
2026-08-29T17:00:00+05:30,2026-08-29 17:00:00,28.1,33,25.1,0,0,0,169,0,0,0,0,3.6,626.6,84,0,0,27.9,76,31.3,23.3
2026-08-29T16:55:00+05:30,2026-08-29 16:55:00,28.1,33,25.1,0,0,0,169,0,0,0,0,3.6,626.6,84,0,0.1,27.9,76,31.3,23.3
2026-08-29T16:50:00+05:30,2026-08-29 16:50:00,28.1,33,25.1,0,0,0,169,0,0,0,0,3.6,626.6,84,0,0.1,27.9,76,31.3,23.3
2026-08-29T16:45:00+05:30,2026-08-29 16:45:00,28.1,33,25.1,0,0,0,169,0,0,0,0,3.6,626.6,84,0,0.2,28,76,31.5,23.4
2026-08-29T16:40:00+05:30,2026-08-29 16:40:00,28.2,33.4,25.3,0,0,0,170,0,0,0,0,3.6,626.6,84,0,0.1,28,76,31.5,23.4
2026-08-29T16:35:00+05:30,2026-08-29 16:35:00,28.2,33.4,25.3,0,0,0,170,0,0,0,0,3.6,626.6,84,0,0.1,28,76,31.5,23.4
2026-08-29T16:30:00+05:30,2026-08-29 16:30:00,28.2,33.4,25.3,0,0,0,170,0,0,0,0,3.6,626.6,84,0,0.1,28,76,31.5,23.4
2026-08-29T16:25:00+05:30,2026-08-29 16:25:00,28.2,33.2,25.1,0,0,0,170,0,0,0,0,3.6,626.6,83,0,0,28,75,31.3,23.2
2026-08-29T16:20:00+05:30,2026-08-29 16:20:00,28.2,33.2,25.1,0,0,0,170,0,0,0,0,3.6,626.6,83,0,0,28,75,31.3,23.2
2026-08-29T16:15:00+05:30,2026-08-29 16:15:00,28.2,33.2,25.1,0,0,0,170,0,0,0,0,3.6,626.6,83,0,0.1,28.1,75,31.6,23.3
2026-08-29T16:10:00+05:30,2026-08-29 16:10:00,28.2,33.2,25.1,0,0,0,169,0,0,0,0,3.6,626.6,83,0,0.1,28.1,75,31.6,23.3
2026-08-29T16:05:00+05:30,2026-08-29 16:05:00,28.3,33.3,25.1,0,0,0,170,0,0,0,0,3.6,626.6,83,0,0.1,28.1,75,31.6,23.3
2026-08-29T16:00:00+05:30,2026-08-29 16:00:00,28.3,33.3,25.1,0,0,0,170,0,0,0,0,3.6,626.6,83,0,0.1,28.1,75,31.6,23.3
2026-08-29T15:55:00+05:30,2026-08-29 15:55:00,28.3,33.3,25.1,0,0,0,170,0,0,0,0,3.6,626.6,83,0,0.1,28.1,75,31.6,23.3
2026-08-29T15:50:00+05:30,2026-08-29 15:50:00,28.4,33.5,25,0,0,0,170,0,0,0,0,3.6,626.6,82,0,0.1,28.2,75,31.8,23.3
2026-08-29T15:45:00+05:30,2026-08-29 15:45:00,28.4,33.5,25,0,0,0,170,0,0,0,0,3.6,626.6,82,0,0.1,28.2,74,31.7,23.1
2026-08-29T15:40:00+05:30,2026-08-29 15:40:00,28.5,33.8,25.1,0,0,0,170,0,0,0,0,3.6,626.6,82,0,0.1,28.3,74,31.8,23.2
2026-08-29T15:35:00+05:30,2026-08-29 15:35:00,28.5,33.8,25.1,0,0,0,170,0,0,0,0,3.6,626.6,82,0,0.1,28.3,74,31.8,23.2
2026-08-29T15:30:00+05:30,2026-08-29 15:30:00,28.6,34.1,25.2,0,0,0,170,0,0,0,0,3.6,626.6,82,0,0.1,28.4,74,32.1,23.3
2026-08-29T15:25:00+05:30,2026-08-29 15:25:00,28.6,34.1,25.2,0,0,0,170,0,0,0,0,3.6,626.6,82,0,0,28.5,74,32.3,23.4
2026-08-29T15:20:00+05:30,2026-08-29 15:20:00,28.7,34.4,25.3,0,0,0,170,0,0,0,0,3.6,626.6,82,0,0,28.5,74,32.3,23.4
2026-08-29T15:15:00+05:30,2026-08-29 15:15:00,28.7,34.4,25.3,0,0,0,170,0,0,0,0,3.6,626.6,82,0,0,28.6,74,32.6,23.5
2026-08-29T15:11:00+05:30,2026-08-29 15:11:00,28.7,34.2,25.1,0,0,0,170,0,0,0,0,3.6,626.6,81,0,0,28.6,74,32.6,23.5
2026-08-29T15:05:00+05:30,2026-08-29 15:05:00,28.7,34.4,25.3,0,0,0,170,0,0,0,0,3.6,626.6,82,0,0,28.6,74,32.6,23.5
2026-08-29T15:00:00+05:30,2026-08-29 15:00:00,28.7,34.2,25.1,0,0,0,170,0,0,0,0,3.6,626.6,81,0,0,28.6,74,32.6,23.5
2026-08-29T14:55:00+05:30,2026-08-29 14:55:00,28.7,34.2,25.1,0,0,0,170,0,0,0,0,3.6,626.6,81,0,0.1,28.6,74,32.6,23.5
2026-08-29T14:50:00+05:30,2026-08-29 14:50:00,28.6,33.7,24.8,0,0,0,170,0,0,0,0,3.6,626.6,80,0,0,28.6,74,32.6,23.5
2026-08-29T14:45:00+05:30,2026-08-29 14:45:00,28.6,33.7,24.8,0,0,0,170,0,0,0,0,3.6,626.6,80,0,0.1,28.6,74,32.6,23.5
2026-08-29T14:40:00+05:30,2026-08-29 14:40:00,28.6,33.7,24.8,0,0,0,170,0,0,0,0,3.6,626.6,80,0,0.1,28.6,74,32.6,23.5
2026-08-29T14:35:00+05:30,2026-08-29 14:35:00,28.6,33.7,24.8,0,0,0,170,0,0,0,0,3.6,626.6,80,0,0.1,28.5,74,32.3,23.4
2026-08-29T14:30:00+05:30,2026-08-29 14:30:00,28.5,33.2,24.5,0,0,0,170,0,0,0,0,3.6,626.6,79,0,0.2,28.5,74,32.3,23.4
2026-08-29T14:25:00+05:30,2026-08-29 14:25:00,28.5,33.2,24.5,0,0,0,170,0,0,0,0,3.6,626.6,79,0,0.2,28.4,73,31.9,23.1
2026-08-29T14:20:00+05:30,2026-08-29 14:20:00,28.5,33.2,24.5,0,0,0,170,0,0,0,0,3.6,626.6,79,0,0.1,28.4,73,31.9,23.1
2026-08-29T14:15:00+05:30,2026-08-29 14:15:00,28.5,33.2,24.5,0,0,0,170,0,0,0,0,3.6,626.6,79,0,0.1,28.4,73,31.9,23.1
2026-08-29T14:10:00+05:30,2026-08-29 14:10:00,28.4,32.7,24.2,0,0,0,170,0,0,0,0,3.6,626.6,78,0,0.1,28.4,73,31.9,23.1
2026-08-29T14:06:00+05:30,2026-08-29 14:06:00,28.4,32.7,24.2,0,0,0,170,0,0,0,0,3.6,626.6,78,0,0.1,28.3,73,31.7,22.9
2026-08-29T14:00:00+05:30,2026-08-29 14:00:00,28.4,32.7,24.2,0,0,0,170,0,0,0,0,3.6,626.6,78,0,0.2,28.3,73,31.7,22.9
2026-08-29T13:55:00+05:30,2026-08-29 13:55:00,28.4,32.7,24.2,0,0,0,170,0,0,0,0,3.6,626.6,78,0,0.1,28.4,72,31.7,22.8
2026-08-29T13:51:00+05:30,2026-08-29 13:51:00,28.4,32.7,24.2,0,0,0,170,0,0,0,0,3.6,626.6,78,0,0.1,28.4,72,31.7,22.8
2026-08-29T13:45:00+05:30,2026-08-29 13:45:00,28.4,32.9,24.4,0,0,0,170,0,0,0,0,3.6,626.6,79,0,0.1,28.4,72,31.7,22.8
2026-08-29T13:40:00+05:30,2026-08-29 13:40:00,28.3,32.6,24.3,0,0,0,170,0,0,0,0,3.6,626.6,79,0,0.1,28.4,72,31.7,22.8
2026-08-29T13:35:00+05:30,2026-08-29 13:35:00,28.2,32.5,24.2,0,0,0,170,0,0,0,0,3.6,626.6,79,0,0.1,28.4,73,31.9,23.1
2026-08-29T13:30:00+05:30,2026-08-29 13:30:00,28.2,32.5,24.2,0,0,0,170,0,0,0,0,3.6,626.6,79,0,0.2,28.3,73,31.7,22.9
2026-08-29T13:25:00+05:30,2026-08-29 13:25:00,28.2,32.5,24.2,0,0,0,170,0,0,0,0,3.6,626.6,79,0,0.1,28.3,73,31.7,22.9
2026-08-29T13:20:00+05:30,2026-08-29 13:20:00,28.1,32.2,24.1,0,0,0,170,0,0,0,0,3.6,626.6,79,0,0.2,28.2,73,31.6,22.9
2026-08-29T13:15:00+05:30,2026-08-29 13:15:00,28.1,32.4,24.3,0,0,0,170,0,0,0,0,3.6,626.6,80,0,0.2,28.1,73,31.3,22.8
2026-08-29T13:10:00+05:30,2026-08-29 13:10:00,28,32.1,24.2,0,0,0,170,0,0,0,0,3.6,626.6,80,0,0.2,28.1,74,31.4,23
2026-08-29T13:05:00+05:30,2026-08-29 13:05:00,28,31.9,24,0,0,0,170,0,0,0,0,3.6,626.6,79,0,0.2,28,74,31.2,22.9
2026-08-29T13:00:00+05:30,2026-08-29 13:00:00,27.9,31.8,24.1,0,0,0,170,0,0,0,0,3.6,626.6,80,0,0.2,28,74,31.2,22.9
2026-08-29T12:55:00+05:30,2026-08-29 12:55:00,27.9,31.8,24.1,0,0,0,170,0,0,0,0,3.6,626.6,80,0,0.1,27.9,74,31,22.8
2026-08-29T12:50:00+05:30,2026-08-29 12:50:00,27.8,31.6,24,0,0,0,170,0,0,0,0,3.6,626.6,80,0,0.2,27.8,74,30.7,22.7
2026-08-29T12:46:00+05:30,2026-08-29 12:46:00,27.8,31.6,24,0,0,0,170,0,0,0,0,3.6,626.6,80,0,0.1,27.7,74,30.6,22.7
2026-08-29T12:40:00+05:30,2026-08-29 12:40:00,27.7,31.3,23.7,0,0,0,170,0,0,0,0,3.6,626.6,79,0,0.1,27.6,74,30.4,22.6
2026-08-29T12:35:00+05:30,2026-08-29 12:35:00,27.7,31.3,23.7,0,0,0,170,0,0,0,0,3.6,626.6,79,0,0.2,27.6,73,30.3,22.3
2026-08-29T12:30:00+05:30,2026-08-29 12:30:00,27.7,31.3,23.7,0,0,0,170,0,0,0,0,3.6,626.6,79,0,0.1,27.6,73,30.3,22.3
2026-08-29T12:25:00+05:30,2026-08-29 12:25:00,27.7,31.4,23.9,0,0,0,170,0,0,0,0,3.6,626.6,80,0,0.1,27.7,73,30.5,22.4
2026-08-29T12:20:00+05:30,2026-08-29 12:20:00,27.7,31.4,23.9,0,0,0,170,0,0,0,0,3.6,626.6,80,0,0.1,27.6,74,30.4,22.6
2026-08-29T12:15:00+05:30,2026-08-29 12:15:00,27.7,31.4,23.9,0,0,0,170,0,0,0,0,3.6,626.6,80,0,0.1,27.7,74,30.6,22.7
2026-08-29T12:10:00+05:30,2026-08-29 12:10:00,27.7,31.4,23.9,0,0,0,170,0,0,0,0,3.6,626.6,80,0,0.1,27.6,74,30.4,22.6
2026-08-29T12:05:00+05:30,2026-08-29 12:05:00,27.6,31.1,23.8,0,0,0,170,0,0,0,0,3.6,626.6,80,0,0.1,27.5,74,30.2,22.4
2026-08-29T12:00:00+05:30,2026-08-29 12:00:00,27.5,30.9,23.7,0,0,0,170,0,0,0,0,3.6,626.6,80,0,0.2,27.5,74,30.2,22.4
2026-08-29T11:55:00+05:30,2026-08-29 11:55:00,27.4,30.7,23.8,0,0,0,169,0,0,0,0,3.6,626.6,81,0,0.2,27.5,74,30.2,22.4
2026-08-29T11:50:00+05:30,2026-08-29 11:50:00,27.4,30.7,23.8,0,0,0,169,0,0,0,0,3.6,626.6,81,0,0.2,27.4,75,30.1,22.6
2026-08-29T11:45:00+05:30,2026-08-29 11:45:00,27.3,30.5,23.7,0,0,0,169,0,0,0,0,3.6,626.6,81,0,0.2,27.3,75,29.8,22.4
2026-08-29T11:41:00+05:30,2026-08-29 11:41:00,27.2,30.3,23.7,0,0,0,170,0,0,0,0,3.6,626.6,81,0,0.1,27.2,75,29.7,22.4
2026-08-29T11:35:00+05:30,2026-08-29 11:35:00,27.1,30.1,23.6,0,0,0,169,0,0,0,0,3.6,626.6,81,0,0.2,27.1,75,29.5,22.3
2026-08-29T11:30:00+05:30,2026-08-29 11:30:00,27.1,30.1,23.6,0,0,0,169,0,0,0,0,3.6,626.6,81,0,0.1,27,75,29.3,22.2
2026-08-29T11:25:00+05:30,2026-08-29 11:25:00,27,29.8,23.5,0,0,0,170,0,0,0,0,3.6,626.6,81,0,0.2,26.9,75,29.1,22.1
2026-08-29T11:20:00+05:30,2026-08-29 11:20:00,26.9,29.6,23.3,0,0,0,169,0,0,0,0,3.6,626.6,81,0,0.1,26.8,75,28.8,21.9
2026-08-29T11:15:00+05:30,2026-08-29 11:15:00,26.9,29.6,23.3,0,0,0,170,0,0,0,0,3.6,626.6,81,0,0.2,26.8,75,28.8,21.9
2026-08-29T11:10:00+05:30,2026-08-29 11:10:00,26.8,29.3,23.2,0,0,0,169,0,0,0,0,3.6,626.6,81,0,0.1,26.7,75,28.8,21.9
2026-08-29T11:05:00+05:30,2026-08-29 11:05:00,26.8,29.3,23.2,0,0,0,169,0,0,0,0,3.6,626.6,81,0,0.1,26.7,75,28.8,21.9
2026-08-29T11:00:00+05:30,2026-08-29 11:00:00,26.7,29.3,23.4,0,0,0,169,0,0,0,0,3.6,626.6,82,0,0.1,26.6,76,27.3,22
2026-08-29T10:55:00+05:30,2026-08-29 10:55:00,26.7,29.3,23.4,0,0,0,169,0,0,0,0,3.6,626.6,82,0,0.1,26.5,76,27.2,21.9
2026-08-29T10:50:00+05:30,2026-08-29 10:50:00,26.6,27.5,23.5,0,0,0,169,0,0,0,0,3.6,626.6,83,0,0.1,26.5,76,27.2,21.9
2026-08-29T10:45:00+05:30,2026-08-29 10:45:00,26.6,27.5,23.5,0,0,0,169,0,0,0,0,3.6,626.6,83,0,0.1,26.5,76,27.2,21.9
2026-08-29T10:40:00+05:30,2026-08-29 10:40:00,26.5,27.4,23.4,0,0,0,169,0,0,0,0,3.6,626.6,83,0,0.1,26.4,76,27.1,21.8
2026-08-29T10:35:00+05:30,2026-08-29 10:35:00,26.5,27.4,23.4,0,0,0,169,0,0,0,0,3.6,626.6,83,0,0.1,26.4,76,27.1,21.8
2026-08-29T10:30:00+05:30,2026-08-29 10:30:00,26.4,27.3,23.3,0,0,0,169,0,0,0,0,3.6,626.6,83,0,0.2,26.3,76,26.9,21.7
2026-08-29T10:25:00+05:30,2026-08-29 10:25:00,26.4,27.3,23.5,0,0,0,169,0,0,0,0,3.6,626.6,84,0,0.1,26.2,77,26.9,21.8
2026-08-29T10:21:00+05:30,2026-08-29 10:21:00,26.3,27.2,23.4,0,0,0,169,0,0,0,0,3.6,626.6,84,0,0.1,26.2,77,26.9,21.8
2026-08-29T10:15:00+05:30,2026-08-29 10:15:00,26.3,27.2,23.4,0,0,0,169,0,0,0,0,3.6,626.6,84,0,0.1,26.2,77,26.9,21.8
2026-08-29T10:10:00+05:30,2026-08-29 10:10:00,26.3,27.2,23.4,0,0,0,169,0,0,0,0,3.6,626.6,84,0,0.1,26.1,77,26.8,21.8
2026-08-29T10:05:00+05:30,2026-08-29 10:05:00,26.2,27.1,23.5,0,0,0,169,0,0,0,0,3.6,626.6,85,0,0.1,26.1,77,26.8,21.8
2026-08-29T10:00:00+05:30,2026-08-29 10:00:00,26.2,27.1,23.5,0,0,0,169,0,0,0,0,3.6,626.6,85,0,0.1,26.1,77,26.8,21.8
2026-08-29T09:55:00+05:30,2026-08-29 09:55:00,26.2,27.1,23.5,0,0,0,169,0,0,0,0,3.6,626.6,85,0,0.1,26,77,26.7,21.7
2026-08-29T09:50:00+05:30,2026-08-29 09:50:00,26.2,27.1,23.5,0,0,0,169,0,0,0,0,3.6,626.6,85,0,0.1,26,77,26.7,21.7
2026-08-29T09:45:00+05:30,2026-08-29 09:45:00,26.1,27,23.4,0,0,0,169,0,0,0,0,3.6,626.6,85,0,0.1,26,77,26.7,21.7
2026-08-29T09:40:00+05:30,2026-08-29 09:40:00,26.1,27,23.4,0,0,0,169,0,0,0,0,3.6,626.6,85,0,0.1,26,78,26.7,21.8
2026-08-29T09:35:00+05:30,2026-08-29 09:35:00,26.1,27,23.4,0,0,0,169,0,0,0,0,3.6,626.6,85,0,0.1,25.9,78,26.6,21.7
2026-08-29T09:30:00+05:30,2026-08-29 09:30:00,26,26.9,23.5,0,0,0,169,0,0,0,0,3.6,626.6,86,0,0.1,25.9,78,26.6,21.7
2026-08-29T09:25:00+05:30,2026-08-29 09:25:00,26,26.9,23.5,0,0,0,169,0,0,0,0,3.6,626.6,86,0,0.1,25.9,78,26.6,21.7
2026-08-29T09:20:00+05:30,2026-08-29 09:20:00,26,26.9,23.5,0,0,0,169,0,0,0,0,3.6,626.6,86,0,0.1,25.8,78,26.4,21.7
2026-08-29T09:16:00+05:30,2026-08-29 09:16:00,26,26.9,23.5,0,0,0,169,0,0,0,0,3.6,626.6,86,0,0.1,25.8,78,26.4,21.7
2026-08-29T09:10:00+05:30,2026-08-29 09:10:00,25.9,26.8,23.4,0,0,0,170,0,0,0,0,3.6,626.6,86,0,0.1,25.8,78,26.4,21.7
2026-08-29T09:05:00+05:30,2026-08-29 09:05:00,25.9,26.8,23.4,0,0,0,170,0,0,0,0,3.6,626.6,86,0,0.1,25.7,78,26.4,21.6
2026-08-29T09:00:00+05:30,2026-08-29 09:00:00,25.9,26.8,23.4,0,0,0,170,0,0,0,0,3.6,626.6,86,0,0.1,25.7,78,26.4,21.6
2026-08-29T08:55:00+05:30,2026-08-29 08:55:00,25.9,26.8,23.4,0,0,0,170,0,0,0,0,3.6,626.6,86,0,0.1,25.7,78,26.4,21.6
2026-08-29T08:50:00+05:30,2026-08-29 08:50:00,25.8,26.7,23.3,0,0,0,170,0,0,0,0,3.6,626.6,86,0,0.1,25.7,78,26.4,21.6
2026-08-29T08:45:00+05:30,2026-08-29 08:45:00,25.8,26.7,23.3,0,0,0,170,0,0,0,0,3.6,626.6,86,0,0.1,25.6,78,26.3,21.5
2026-08-29T08:40:00+05:30,2026-08-29 08:40:00,25.8,26.7,23.3,0,0,0,170,0,0,0,0,3.6,626.6,86,0,0.1,25.6,78,26.3,21.5
2026-08-29T08:35:00+05:30,2026-08-29 08:35:00,25.7,26.6,23.2,0,0,0,170,0,0,0,0,3.6,626.6,86,0,0.1,25.6,78,26.3,21.5
2026-08-29T08:30:00+05:30,2026-08-29 08:30:00,25.7,26.6,23.2,0,0,0,170,0,0,0,0,3.6,626.6,86,0,0.1,25.5,78,26.2,21.4
2026-08-29T08:25:00+05:30,2026-08-29 08:25:00,25.7,26.6,23.2,0,0,0,170,0,0,0,0,3.6,626.6,86,0,0.1,25.5,78,26.2,21.4
2026-08-29T08:20:00+05:30,2026-08-29 08:20:00,25.7,26.6,23.2,0,0,0,170,0,0,0,0,3.6,626.6,86,0,0.1,25.5,78,26.2,21.4
2026-08-29T08:15:00+05:30,2026-08-29 08:15:00,25.7,26.6,23.2,0,0,0,170,0,0,0,0,3.6,626.6,86,0,0.1,25.5,78,26.2,21.4
2026-08-29T08:11:00+05:30,2026-08-29 08:11:00,25.6,26.4,22.9,0,0,0,170,0,0,0,0,3.6,626.6,85,0,0.1,25.4,78,26,21.3
2026-08-29T08:05:00+05:30,2026-08-29 08:05:00,25.6,26.4,22.9,0,0,0,170,0,0,0,0,3.6,626.6,85,0,0.1,25.4,78,26,21.3
2026-08-29T08:00:00+05:30,2026-08-29 08:00:00,25.6,26.4,22.9,0,0,0,170,0,0,0,0,3.6,626.6,85,0,0.1,25.4,78,26,21.3
2026-08-29T07:55:00+05:30,2026-08-29 07:55:00,25.6,26.4,22.9,0,0,0,170,0,0,0,0,3.6,626.6,85,0,0,25.4,77,26,21.1
2026-08-29T07:50:00+05:30,2026-08-29 07:50:00,25.6,26.4,22.9,0,0,0,170,0,0,0,0,3.6,626.6,85,0,0.1,25.4,77,26,21.1
2026-08-29T07:45:00+05:30,2026-08-29 07:45:00,25.5,26.3,22.8,0,0,0,170,0,0,0,0,3.6,626.6,85,0,0.1,25.3,77,25.9,20.9
2026-08-29T07:40:00+05:30,2026-08-29 07:40:00,25.5,26.3,22.8,0,0,0,170,0,0,0,0,3.6,626.6,85,0,0.1,25.3,77,25.9,20.9
2026-08-29T07:35:00+05:30,2026-08-29 07:35:00,25.5,26.3,22.8,0,0,0,170,0,0,0,0,3.6,626.6,85,0,0.1,25.3,77,25.9,20.9
2026-08-29T07:30:00+05:30,2026-08-29 07:30:00,25.5,26.3,22.8,0,0,0,170,0,0,0,0,3.6,626.6,85,0,0.1,25.3,77,25.9,20.9
2026-08-29T07:25:00+05:30,2026-08-29 07:25:00,25.5,26.3,22.6,0,0,0,170,0,0,0,0,3.6,626.6,84,0,0.1,25.3,77,25.9,20.9
2026-08-29T07:20:00+05:30,2026-08-29 07:20:00,25.5,26.3,22.6,0,0,0,170,0,0,0,0,3.6,626.6,84,0,0.1,25.3,77,25.9,20.9
2026-08-29T07:15:00+05:30,2026-08-29 07:15:00,25.5,26.3,22.6,0,0,0,170,0,0,0,0,3.6,626.6,84,0,0,25.3,77,25.9,20.9
2026-08-29T07:10:00+05:30,2026-08-29 07:10:00,25.5,26.3,22.6,0,0,0,170,0,0,0,0,3.6,626.6,84,0,0,25.2,77,25.8,20.9
2026-08-29T07:06:00+05:30,2026-08-29 07:06:00,25.5,26.3,22.6,0,0,0,170,0,0,0,0,3.6,626.6,84,0,0,25.2,77,25.8,20.9
2026-08-29T07:00:00+05:30,2026-08-29 07:00:00,25.5,26.3,22.6,0,0,0,170,0,0,0,0,3.6,626.6,84,0,0,25.2,77,25.8,20.9
2026-08-29T06:55:00+05:30,2026-08-29 06:55:00,25.5,26.3,22.6,0,0,0,170,0,0,0,0,3.6,626.6,84,0,0,25.3,77,25.9,20.9
2026-08-29T06:50:00+05:30,2026-08-29 06:50:00,25.5,26.3,22.6,0,0,0,170,0,0,0,0,3.6,626.6,84,0,0,25.2,77,25.8,20.9
2026-08-29T06:45:00+05:30,2026-08-29 06:45:00,25.5,26.3,22.6,0,0,0,170,0,0,0,0,3.6,626.6,84,0,0,25.2,77,25.8,20.9
2026-08-29T06:40:00+05:30,2026-08-29 06:40:00,25.5,26.3,22.6,0,0,0,170,0,0,0,0,3.6,626.6,84,0,0,25.2,76,25.8,20.7
2026-08-29T06:35:00+05:30,2026-08-29 06:35:00,25.5,26.3,22.6,0,0,0,170,0,0,0,0,3.6,626.6,84,0,0,25.2,76,25.8,20.7
2026-08-29T06:30:00+05:30,2026-08-29 06:30:00,25.5,26.3,22.6,0,0,0,170,0,0,0,0,3.6,626.6,84,0,0,25.2,76,25.8,20.7
2026-08-29T06:25:00+05:30,2026-08-29 06:25:00,25.5,26.3,22.6,0,0,0,170,0,0,0,0,3.6,626.6,84,0,0,25.2,76,25.8,20.7
2026-08-29T06:20:00+05:30,2026-08-29 06:20:00,25.5,26.3,22.6,0,0,0,170,0,0,0,0,3.6,626.6,84,0,0,25.3,76,25.8,20.7
2026-08-29T06:15:00+05:30,2026-08-29 06:15:00,25.5,26.3,22.6,0,0,0,170,0,0,0,0,3.6,626.6,84,0,0,25.3,76,25.8,20.7
2026-08-29T06:10:00+05:30,2026-08-29 06:10:00,25.5,26.3,22.4,0,0,0,170,0,0,0,0,3.6,626.6,83,0,0,25.3,76,25.8,20.7
2026-08-29T06:05:00+05:30,2026-08-29 06:05:00,25.5,26.3,22.4,0,0,0,170,0,0,0,0,3.6,626.6,83,0,0,25.3,76,25.8,20.7
2026-08-29T06:01:00+05:30,2026-08-29 06:01:00,25.5,26.3,22.4,0,0,0,170,0,0,0,0,3.6,626.6,83,0,0,25.3,76,25.8,20.7
2026-08-29T05:55:00+05:30,2026-08-29 05:55:00,25.5,26.3,22.4,0,0,0,170,0,0,0,0,3.6,626.6,83,0,0,25.3,76,25.8,20.7
2026-08-29T05:50:00+05:30,2026-08-29 05:50:00,25.5,26.3,22.4,0,0,0,170,0,0,0,0,3.6,626.6,83,0,0,25.3,76,25.8,20.7
2026-08-29T05:45:00+05:30,2026-08-29 05:45:00,25.6,26.4,22.5,0,0,0,170,0,0,0,0,3.6,626.6,83,0,0,25.3,76,25.8,20.7
2026-08-29T05:40:00+05:30,2026-08-29 05:40:00,25.6,26.4,22.5,0,0,0,170,0,0,0,0,3.6,626.6,83,0,0,25.3,76,25.8,20.7
2026-08-29T05:35:00+05:30,2026-08-29 05:35:00,25.6,26.4,22.5,0,0,0,170,0,0,0,0,3.6,626.6,83,0,0,25.3,76,25.8,20.7
2026-08-29T05:30:00+05:30,2026-08-29 05:30:00,25.6,26.4,22.5,0,0,0,170,0,0,0,0,3.6,626.6,83,0,0,25.3,76,25.8,20.7
2026-08-29T05:25:00+05:30,2026-08-29 05:25:00,25.6,26.4,22.5,0,0,0,170,0,0,0,0,3.6,626.6,83,0,0,25.3,76,25.8,20.7
2026-08-29T05:20:00+05:30,2026-08-29 05:20:00,25.6,26.4,22.5,0,0,0,170,0,0,0,0,3.6,626.6,83,0,0,25.3,76,25.8,20.7
2026-08-29T05:15:00+05:30,2026-08-29 05:15:00,25.6,26.4,22.5,0,0,0,170,0,0,0,0,3.6,626.6,83,0,0,25.3,76,25.8,20.7
2026-08-29T05:10:00+05:30,2026-08-29 05:10:00,25.6,26.4,22.5,0,0,0,170,0,0,0,0,3.6,626.6,83,0,0,25.3,76,25.8,20.7
2026-08-29T05:05:00+05:30,2026-08-29 05:05:00,25.6,26.4,22.5,0,0,0,170,0,0,0,0,3.6,626.6,83,0,0,25.3,76,25.8,20.7
2026-08-29T05:00:00+05:30,2026-08-29 05:00:00,25.6,26.4,22.5,0,0,0,170,0,0,0,0,3.6,626.6,83,0,0,25.3,76,25.8,20.7
2026-08-29T04:56:00+05:30,2026-08-29 04:56:00,25.6,26.4,22.5,0,0,0,170,0,0,0,0,3.6,626.6,83,0,0,25.4,76,25.9,20.8
2026-08-29T04:50:00+05:30,2026-08-29 04:50:00,25.7,26.5,22.6,0,0,0,170,0,0,0,0,3.6,626.6,83,0,0,25.4,76,25.9,20.8
2026-08-29T04:45:00+05:30,2026-08-29 04:45:00,25.7,26.5,22.6,0,0,0,170,0,0,0,0,3.6,626.6,83,0,0,25.4,76,25.9,20.8
2026-08-29T04:40:00+05:30,2026-08-29 04:40:00,25.7,26.5,22.6,0,0,0,170,0,0,0,0,3.6,626.6,83,0,0,25.4,76,25.9,20.8
2026-08-29T04:35:00+05:30,2026-08-29 04:35:00,25.7,26.5,22.6,0,0,0,170,0,0,0,0,3.6,626.6,83,0,0,25.4,76,25.9,20.8
2026-08-29T04:30:00+05:30,2026-08-29 04:30:00,25.7,26.5,22.6,0,0,0,170,0,0,0,0,3.6,626.6,83,0,0,25.4,76,25.9,20.8
2026-08-29T04:25:00+05:30,2026-08-29 04:25:00,25.7,26.5,22.6,0,0,0,170,0,0,0,0,3.6,626.6,83,0,0,25.4,76,25.9,20.8
2026-08-29T04:20:00+05:30,2026-08-29 04:20:00,25.7,26.5,22.4,0,0,0,170,0,0,0,0,3.6,626.6,82,0,0,25.4,76,25.9,20.8
2026-08-29T04:15:00+05:30,2026-08-29 04:15:00,25.7,26.5,22.4,0,0,0,170,0,0,0,0,3.6,626.6,82,0,0,25.5,76,26.1,20.9
2026-08-29T04:10:00+05:30,2026-08-29 04:10:00,25.7,26.5,22.4,0,0,0,170,0,0,0,0,3.6,626.6,82,0,0,25.5,76,26.1,20.9
2026-08-29T04:05:00+05:30,2026-08-29 04:05:00,25.7,26.5,22.4,0,0,0,170,0,0,0,0,3.6,626.6,82,0,0,25.5,75,26.1,20.7
2026-08-29T04:00:00+05:30,2026-08-29 04:00:00,25.7,26.5,22.4,0,0,0,170,0,0,0,0,3.6,626.6,82,0,0,25.5,75,26.1,20.7
2026-08-29T03:55:00+05:30,2026-08-29 03:55:00,25.7,26.5,22.4,0,0,0,170,0,0,0,0,3.6,626.6,82,0,0,25.5,75,26.1,20.7
2026-08-29T03:51:00+05:30,2026-08-29 03:51:00,25.7,26.5,22.4,0,0,0,170,0,0,0,0,3.6,626.6,82,0,0,25.5,75,26.1,20.7
2026-08-29T03:45:00+05:30,2026-08-29 03:45:00,25.7,26.5,22.4,0,0,0,170,0,0,0,0,3.6,626.6,82,0,0,25.5,75,26.1,20.7
2026-08-29T03:40:00+05:30,2026-08-29 03:40:00,25.7,26.5,22.4,0,0,0,170,0,0,0,0,3.6,626.6,82,0,0,25.5,75,26.1,20.7
2026-08-29T03:35:00+05:30,2026-08-29 03:35:00,25.7,26.5,22.4,0,0,0,170,0,0,0,0,3.6,626.6,82,0,0,25.5,75,26.1,20.7
2026-08-29T03:30:00+05:30,2026-08-29 03:30:00,25.7,26.5,22.4,0,0,0,170,0,0,0,0,3.6,626.6,82,0,0,25.5,75,26.1,20.7
2026-08-29T03:25:00+05:30,2026-08-29 03:25:00,25.7,26.5,22.4,0,0,0,170,0,0,0,0,3.6,626.6,82,0,0,25.5,75,26.1,20.7
2026-08-29T03:20:00+05:30,2026-08-29 03:20:00,25.7,26.5,22.4,0,0,0,170,0,0,0,0,3.6,626.6,82,0,0,25.6,75,26.2,20.8
2026-08-29T03:15:00+05:30,2026-08-29 03:15:00,25.7,26.5,22.4,0,0,0,170,0,0,0,0,3.6,626.6,82,0,0,25.6,75,26.2,20.8
2026-08-29T03:10:00+05:30,2026-08-29 03:10:00,25.7,26.5,22.4,0,0,0,170,0,0,0,0,3.6,626.6,82,0,0,25.6,75,26.2,20.8
2026-08-29T03:05:00+05:30,2026-08-29 03:05:00,25.7,26.5,22.4,0,0,0,170,0,0,0,0,3.6,626.6,82,0,0,25.6,75,26.2,20.8
2026-08-29T03:00:00+05:30,2026-08-29 03:00:00,25.8,26.6,22.5,0,0,0,170,0,0,0,0,3.6,626.6,82,0,0,25.6,75,26.2,20.8
2026-08-29T02:55:00+05:30,2026-08-29 02:55:00,25.7,26.5,22.4,0,0,0,170,0,0,0,0,3.6,626.6,82,0,0,25.6,75,26.2,20.8
2026-08-29T02:50:00+05:30,2026-08-29 02:50:00,25.8,26.6,22.5,0,0,0,170,0,0,0,0,3.6,626.6,82,0,0,25.6,75,26.2,20.8
2026-08-29T02:45:00+05:30,2026-08-29 02:45:00,25.8,26.6,22.5,0,0,0,170,0,0,0,0,3.6,626.6,82,0,0,25.6,75,26.2,20.8
2026-08-29T02:40:00+05:30,2026-08-29 02:40:00,25.8,26.6,22.5,0,0,0,170,0,0,0,0,3.6,626.6,82,0,0,25.6,75,26.2,20.8
2026-08-29T02:35:00+05:30,2026-08-29 02:35:00,25.8,26.6,22.5,0,0,0,170,0,0,0,0,3.6,626.6,82,0,0,25.6,75,26.2,20.8
2026-08-29T02:31:00+05:30,2026-08-29 02:31:00,25.8,26.6,22.5,0,0,0,170,0,0,0,0,3.6,626.6,82,0,0,25.7,75,26.3,20.9
2026-08-29T02:25:00+05:30,2026-08-29 02:25:00,25.8,26.6,22.5,0,0,0,169,0,0,0,0,3.6,626.6,82,0,0,25.7,75,26.3,20.9
2026-08-29T02:20:00+05:30,2026-08-29 02:20:00,25.8,26.6,22.5,0,0,0,169,0,0,0,0,3.6,626.6,82,0,0,25.7,75,26.3,20.9
2026-08-29T02:15:00+05:30,2026-08-29 02:15:00,25.9,26.7,22.6,0,0,0,170,0,0,0,0,3.6,626.6,82,0,0,25.7,75,26.3,20.9
2026-08-29T02:10:00+05:30,2026-08-29 02:10:00,25.9,26.7,22.6,0,0,0,169,0,0,0,0,3.6,626.6,82,0,0,25.7,75,26.3,20.9
2026-08-29T02:05:00+05:30,2026-08-29 02:05:00,25.9,26.7,22.6,0,0,0,170,0,0,0,0,3.6,626.6,82,0,0,25.7,75,26.3,20.9
2026-08-29T02:00:00+05:30,2026-08-29 02:00:00,25.9,26.7,22.6,0,0,0,170,0,0,0,0,3.6,626.6,82,0,0,25.7,75,26.3,20.9
2026-08-29T01:55:00+05:30,2026-08-29 01:55:00,25.9,26.7,22.6,0,0,0,170,0,0,0,0,3.6,626.6,82,0,0,25.7,75,26.3,20.9
2026-08-29T01:50:00+05:30,2026-08-29 01:50:00,25.9,26.7,22.6,0,0,0,170,0,0,0,0,3.6,626.6,82,0,0,25.7,75,26.3,20.9
2026-08-29T01:45:00+05:30,2026-08-29 01:45:00,25.9,26.7,22.6,0,0,0,169,0,0,0,0,3.6,626.6,82,0,0,25.8,75,26.4,21
2026-08-29T01:40:00+05:30,2026-08-29 01:40:00,25.9,26.7,22.6,0,0,0,169,0,0,0,0,3.6,626.6,82,0,0,25.7,75,26.3,20.9
2026-08-29T01:35:00+05:30,2026-08-29 01:35:00,25.9,26.7,22.6,0,0,0,169,0,0,0,0,3.6,626.6,82,0,0,25.8,76,26.4,21.2
2026-08-29T01:30:00+05:30,2026-08-29 01:30:00,26,26.8,22.7,0,0,0,170,0,0,0,0,3.6,626.6,82,0,0,25.8,76,26.4,21.2
2026-08-29T01:26:00+05:30,2026-08-29 01:26:00,26,26.8,22.9,0,0,0,169,0,0,0,0,3.6,626.6,83,0,0,25.8,76,26.4,21.2
2026-08-29T01:20:00+05:30,2026-08-29 01:20:00,26,26.8,22.9,0,0,0,169,0,0,0,0,3.6,626.6,83,0,0,25.8,76,26.4,21.2
2026-08-29T01:15:00+05:30,2026-08-29 01:15:00,26,26.8,22.9,0,0,0,169,0,0,0,0,3.6,626.6,83,0,0,25.8,76,26.4,21.2
2026-08-29T01:10:00+05:30,2026-08-29 01:10:00,26,26.8,22.9,0,0,0,169,0,0,0,0,3.6,626.6,83,0,0,25.9,76,26.5,21.3
2026-08-29T01:05:00+05:30,2026-08-29 01:05:00,26,26.8,22.9,0,0,0,169,0,0,0,0,3.6,626.6,83,0,0,25.8,76,26.4,21.2
2026-08-29T01:00:00+05:30,2026-08-29 01:00:00,26,26.8,22.9,0,0,0,169,0,0,0,0,3.6,626.6,83,0,0,25.9,76,26.5,21.3
2026-08-29T00:55:00+05:30,2026-08-29 00:55:00,26,26.8,22.9,0,0,0,170,0,0,0,0,3.6,626.6,83,0,0,25.9,76,26.5,21.3
2026-08-29T00:50:00+05:30,2026-08-29 00:50:00,26,26.8,22.9,0,0,0,169,0,0,0,0,3.6,626.6,83,0,0,25.9,76,26.5,21.3
2026-08-29T00:45:00+05:30,2026-08-29 00:45:00,26,26.8,22.9,0,0,0,170,0,0,0,0,3.6,626.6,83,0,0,25.9,76,26.5,21.3
2026-08-29T00:40:00+05:30,2026-08-29 00:40:00,26.1,26.9,23,0,0,0,169,0,0,0,0,3.6,626.6,83,0,0,25.9,76,26.5,21.3
2026-08-29T00:35:00+05:30,2026-08-29 00:35:00,26.1,26.9,23,0,0,0,169,0,0,0,0,3.6,626.6,83,0,0,25.9,76,26.5,21.3
2026-08-29T00:30:00+05:30,2026-08-29 00:30:00,26.1,26.9,23,0,0,0,169,0,0,0,0,3.6,626.6,83,0,0,26,76,26.7,21.4
2026-08-29T00:25:00+05:30,2026-08-29 00:25:00,26.1,26.9,23,0,0,0,169,0,0,0,0,3.6,626.6,83,0,0,26,76,26.7,21.4
2026-08-29T00:21:00+05:30,2026-08-29 00:21:00,26.1,26.9,23,0,0,0,169,0,0,0,0,3.6,626.6,83,0,0,26,76,26.7,21.4
2026-08-29T00:15:00+05:30,2026-08-29 00:15:00,26.1,26.9,23,0,0,0,169,0,0,0,0,3.6,626.6,83,0,0,26,76,26.7,21.4
2026-08-29T00:10:00+05:30,2026-08-29 00:10:00,26.1,26.9,23,0,0,0,169,0,0,0,0,3.6,626.6,83,0,0,26,76,26.7,21.4
2026-08-29T00:05:00+05:30,2026-08-29 00:05:00,26.1,26.9,23,0,0,0,169,0,0,0,0,3.6,626.6,83,0,0,26,76,26.7,21.4
2026-08-29T00:00:00+05:30,2026-08-29 00:00:00,26.1,26.9,23,0,0,0,169,0,0,0,0,3.6,626.6,83,0,0,26,76,26.7,21.4
2026-08-28T23:55:00+05:30,2026-08-28 23:55:00,26.1,26.9,23,0,0,0,169,0,0,0,0,3.6,626.6,83,0,0,26.1,76,26.8,21.6
2026-08-28T23:50:00+05:30,2026-08-28 23:50:00,26.2,27.1,23.1,0,0,0,169,0,0,0,0,3.6,626.6,83,0,0,26,76,26.7,21.4
2026-08-28T23:45:00+05:30,2026-08-28 23:45:00,26.2,27.1,23.1,0,0,0,169,0,0,0,0,3.6,626.6,83,0,0,26.1,76,26.8,21.6
2026-08-28T23:40:00+05:30,2026-08-28 23:40:00,26.2,27.1,23.1,0,0,0,169,0,0,0,0,3.6,626.6,83,0,0,26.1,76,26.8,21.6
2026-08-28T23:35:00+05:30,2026-08-28 23:35:00,26.2,27.1,23.1,0,0,0,169,0,0,0,0,3.6,626.6,83,0,0,26.1,76,26.8,21.6
2026-08-28T23:30:00+05:30,2026-08-28 23:30:00,26.2,27.1,23.1,0,0,0,169,0,0,0,0,3.6,626.6,83,0,0,26.1,76,26.8,21.6
2026-08-28T23:25:00+05:30,2026-08-28 23:25:00,26.2,27.1,23.1,0,0,0,169,0,0,0,0,3.6,626.6,83,0,0,26.1,76,26.8,21.6
2026-08-28T23:20:00+05:30,2026-08-28 23:20:00,26.2,27.1,23.1,0,0,0,169,0,0,0,0,3.6,626.6,83,0,0,26.1,76,26.8,21.6
2026-08-28T23:15:00+05:30,2026-08-28 23:15:00,26.2,27.1,23.1,0,0,0,169,0,0,0,0,3.6,626.6,83,0,0,26.1,76,26.8,21.6
2026-08-28T23:10:00+05:30,2026-08-28 23:10:00,26.2,27.1,23.1,0,0,0,169,0,0,0,0,3.6,626.6,83,0,0,26.1,76,26.8,21.6
2026-08-28T23:05:00+05:30,2026-08-28 23:05:00,26.2,27.1,23.1,0,0,0,169,0,0,0,0,3.6,626.6,83,0,0,26.2,76,26.9,21.7
2026-08-28T23:01:00+05:30,2026-08-28 23:01:00,26.3,27.1,23.2,0,0,0,169,0,0,0,0,3.6,626.6,83,0,0,26.2,76,26.9,21.7
2026-08-28T22:55:00+05:30,2026-08-28 22:55:00,26.3,27.1,23.2,0,0,0,169,0,0,0,0,3.6,626.6,83,0,0,26.2,76,26.9,21.7
2026-08-28T22:50:00+05:30,2026-08-28 22:50:00,26.3,27.1,23.2,0,0,0,169,0,0,0,0,3.6,626.6,83,0,0,26.2,76,26.9,21.7
2026-08-28T22:45:00+05:30,2026-08-28 22:45:00,26.3,27.1,23.2,0,0,0,169,0,0,0,0,3.6,626.6,83,0,0,26.2,76,26.9,21.7
2026-08-28T22:40:00+05:30,2026-08-28 22:40:00,26.3,27.1,23.2,0,0,0,169,0,0,0,0,3.6,626.6,83,0,0,26.2,76,26.9,21.7
2026-08-28T22:35:00+05:30,2026-08-28 22:35:00,26.3,27.1,23.2,0,0,0,169,0,0,0,0,3.6,626.6,83,0,0,26.2,76,26.9,21.7
2026-08-28T22:30:00+05:30,2026-08-28 22:30:00,26.3,27.1,23.2,0,0,0,169,0,0,0,0,3.6,626.6,83,0,0,26.3,76,26.9,21.7
2026-08-28T22:25:00+05:30,2026-08-28 22:25:00,26.3,27.1,23.2,0,0,0,169,0,0,0,0,3.6,626.6,83,0,0,26.3,76,26.9,21.7
2026-08-28T22:20:00+05:30,2026-08-28 22:20:00,26.3,27.1,23.2,0,0,0,169,0,0,0,0,3.6,626.6,83,0,0,26.3,76,26.9,21.7
2026-08-28T22:15:00+05:30,2026-08-28 22:15:00,26.4,27.3,23.3,0,0,0,169,0,0,0,0,3.6,626.6,83,0,0,26.3,76,26.9,21.7
2026-08-28T22:10:00+05:30,2026-08-28 22:10:00,26.4,27.3,23.3,0,0,0,169,0,0,0,0,3.6,626.6,83,0,0,26.3,76,26.9,21.7
2026-08-28T22:05:00+05:30,2026-08-28 22:05:00,26.4,27.3,23.3,0,0,0,169,0,0,0,0,3.6,626.6,83,0,0,26.4,76,27.1,21.8
2026-08-28T22:00:00+05:30,2026-08-28 22:00:00,26.4,27.3,23.3,0,0,0,169,0,0,0,0,3.6,626.6,83,0,0,26.3,76,26.9,21.7
2026-08-28T21:55:00+05:30,2026-08-28 21:55:00,26.4,27.3,23.3,0,0,0,169,0,0,0,0,3.6,626.6,83,0,0,26.4,76,27.1,21.8
2026-08-28T21:50:00+05:30,2026-08-28 21:50:00,26.5,27.4,23.4,0,0,0,169,0,0,0,0,3.6,626.6,83,0,0,26.4,76,27.1,21.8
2026-08-28T21:45:00+05:30,2026-08-28 21:45:00,26.5,27.4,23.4,0,0,0,169,0,0,0,0,3.6,626.6,83,0,0,26.4,76,27.1,21.8
2026-08-28T21:40:00+05:30,2026-08-28 21:40:00,26.5,27.4,23.4,0,0,0,169,0,0,0,0,3.6,626.6,83,0,0,26.4,76,27.1,21.8
2026-08-28T21:35:00+05:30,2026-08-28 21:35:00,26.5,27.4,23.4,0,0,0,169,0,0,0,0,3.6,626.6,83,0,0,26.4,76,27.1,21.8
2026-08-28T21:30:00+05:30,2026-08-28 21:30:00,26.6,27.5,23.5,0,0,0,169,0,0,0,0,3.6,626.6,83,0,0,26.5,76,27.2,21.9
2026-08-28T21:25:00+05:30,2026-08-28 21:25:00,26.6,27.5,23.5,0,0,0,169,0,0,0,0,3.6,626.6,83,0,0,26.5,76,27.2,21.9
2026-08-28T21:20:00+05:30,2026-08-28 21:20:00,26.6,27.5,23.5,0,0,0,169,0,0,0,0,3.6,626.6,83,0,0,26.5,76,27.2,21.9
2026-08-28T21:15:00+05:30,2026-08-28 21:15:00,26.6,27.5,23.5,0,0,0,169,0,0,0,0,3.6,626.6,83,0,0,26.5,76,27.2,21.9
2026-08-28T21:10:00+05:30,2026-08-28 21:10:00,26.7,29.4,23.6,0,0,0,169,0,0,0,0,3.6,626.6,83,0,0,26.5,76,27.2,21.9
2026-08-28T21:05:00+05:30,2026-08-28 21:05:00,26.7,29.4,23.6,0,0,0,169,0,0,0,0,3.6,626.6,83,0,0,26.5,76,27.2,21.9
2026-08-28T21:00:00+05:30,2026-08-28 21:00:00,26.7,29.4,23.6,0,0,0,169,0,0,0,0,3.6,626.6,83,0,0,26.5,76,27.2,21.9
2026-08-28T20:55:00+05:30,2026-08-28 20:55:00,26.7,29.4,23.6,0,0,0,169,0,0,0,0,3.6,626.6,83,0,0,26.5,76,27.2,21.9
2026-08-28T20:51:00+05:30,2026-08-28 20:51:00,26.7,29.4,23.6,0,0,0,169,0,0,0,0,3.6,626.6,83,0,0,26.5,76,27.2,21.9
2026-08-28T20:45:00+05:30,2026-08-28 20:45:00,26.7,29.4,23.6,0,0,0,169,0,0,0,0,3.6,626.6,83,0,0,26.6,76,27.3,22
2026-08-28T20:40:00+05:30,2026-08-28 20:40:00,26.8,29.5,23.6,0,0,0,169,0,0,0,0,3.6,626.6,83,0,0,26.6,76,27.3,22
2026-08-28T20:35:00+05:30,2026-08-28 20:35:00,26.8,29.5,23.6,0,0,0,169,0,0,0,0,3.6,626.6,83,0,0,26.6,76,27.3,22
2026-08-28T20:30:00+05:30,2026-08-28 20:30:00,26.8,29.5,23.6,0,0,0,169,0,0,0,0,3.6,626.6,83,0,0,26.6,76,27.3,22
2026-08-28T20:25:00+05:30,2026-08-28 20:25:00,26.8,29.5,23.6,0,0,0,169,0,0,0,0,3.6,626.6,83,0,0,26.7,76,28.8,22.1
2026-08-28T20:20:00+05:30,2026-08-28 20:20:00,26.8,29.5,23.6,0,0,0,169,0,0,0,0,3.6,626.6,83,0,0,26.7,76,28.8,22.1
2026-08-28T20:15:00+05:30,2026-08-28 20:15:00,26.9,29.8,23.7,0,0,0,169,0,0,0,0,3.6,626.6,83,0,0,26.7,76,28.8,22.1
2026-08-28T20:10:00+05:30,2026-08-28 20:10:00,26.9,29.8,23.7,0,0,0,169,0,0,0,0,3.6,626.6,83,0,0,26.7,76,28.8,22.1
2026-08-28T20:05:00+05:30,2026-08-28 20:05:00,26.9,29.8,23.7,0,0,0,169,0,0,0,0,3.6,626.6,83,0,0,26.7,76,28.8,22.1
2026-08-28T20:00:00+05:30,2026-08-28 20:00:00,26.9,29.8,23.7,0,0,0,169,0,0,0,0,3.6,626.6,83,0,0,26.8,76,28.9,22.2
2026-08-28T19:55:00+05:30,2026-08-28 19:55:00,27,30,23.9,0,0,0,169,0,0,0,0,3.6,626.6,83,0,0,26.8,76,28.9,22.2
2026-08-28T19:50:00+05:30,2026-08-28 19:50:00,27,30,23.9,0,0,0,169,0,0,0,0,3.6,626.6,83,0,0,26.8,76,28.9,22.2
2026-08-28T19:46:00+05:30,2026-08-28 19:46:00,27,30,23.9,0,0,0,169,0,0,0,0,3.6,626.6,83,0,0,26.8,76,28.9,22.2
2026-08-28T19:40:00+05:30,2026-08-28 19:40:00,27,30,23.9,0,0,0,169,0,0,0,0,3.6,626.6,83,0,0,26.8,76,28.9,22.2
2026-08-28T19:35:00+05:30,2026-08-28 19:35:00,27.1,30.3,24,0,0,0,169,0,0,0,0,3.6,626.6,83,0,0,26.8,76,28.9,22.2
2026-08-28T19:30:00+05:30,2026-08-28 19:30:00,27.1,30.3,24,0,0,0,169,0,0,0,0,3.6,626.6,83,0,0,26.9,76,29.2,22.3
2026-08-28T19:25:00+05:30,2026-08-28 19:25:00,27.1,30.3,24,0,0,0,169,0,0,0,0,3.6,626.6,83,0,0,26.9,76,29.2,22.3
2026-08-28T19:20:00+05:30,2026-08-28 19:20:00,27.1,30.3,24,0,0,0,169,0,0,0,0,3.6,626.6,83,0,0,26.9,76,29.2,22.3
2026-08-28T19:15:00+05:30,2026-08-28 19:15:00,27.2,30.6,24.1,0,0,0,169,0,0,0,0,3.6,626.6,83,0,0,27,76,29.4,22.4
2026-08-28T19:10:00+05:30,2026-08-28 19:10:00,27.2,30.6,24.1,0,0,0,169,0,0,0,0,3.6,626.6,83,0,0,27,76,29.4,22.4
2026-08-28T19:05:00+05:30,2026-08-28 19:05:00,27.2,30.6,24.1,0,0,0,169,0,0,0,0,3.6,626.6,83,0,0,27,76,29.4,22.4
2026-08-28T19:00:00+05:30,2026-08-28 19:00:00,27.2,30.5,23.9,0,0,0,169,0,0,0,0,3.6,626.6,82,0,0,27,76,29.4,22.4
2026-08-28T18:55:00+05:30,2026-08-28 18:55:00,27.3,30.6,23.9,0,0,0,169,0,0,0,0,3.6,626.6,82,0,0,27.1,76,29.6,22.5
2026-08-28T18:50:00+05:30,2026-08-28 18:50:00,27.3,30.6,23.9,0,0,0,169,0,0,0,0,3.6,626.6,82,0,0,27.1,76,29.6,22.5
2026-08-28T18:45:00+05:30,2026-08-28 18:45:00,27.3,30.6,23.9,0,0,0,169,0,0,0,0,3.6,626.6,82,0,0,27.1,76,29.6,22.5
2026-08-28T18:40:00+05:30,2026-08-28 18:40:00,27.3,30.6,23.9,0,0,0,169,0,0,0,0,3.6,626.6,82,0,0,27.1,76,29.6,22.5
2026-08-28T18:35:00+05:30,2026-08-28 18:35:00,27.4,30.9,24,0,0,0,169,0,0,0,0,3.6,626.6,82,0,0,27.1,76,29.6,22.5
2026-08-28T18:30:00+05:30,2026-08-28 18:30:00,27.4,30.9,24,0,0,0,169,0,0,0,0,3.6,626.6,82,0,0,27.2,76,29.8,22.6
2026-08-28T18:25:00+05:30,2026-08-28 18:25:00,27.4,31,24.2,0,0,0,169,0,0,0,0,3.6,626.6,83,0,0,27.2,76,29.8,22.6
2026-08-28T18:20:00+05:30,2026-08-28 18:20:00,27.4,31,24.2,0,0,0,169,0,0,0,0,3.6,626.6,83,0,0,27.2,76,29.8,22.6
2026-08-28T18:15:00+05:30,2026-08-28 18:15:00,27.5,31.3,24.3,0,0,0,169,0,0,0,0,3.6,626.6,83,0,0,27.2,76,29.8,22.6
2026-08-28T18:10:00+05:30,2026-08-28 18:10:00,27.5,31.3,24.3,0,0,0,169,0,0,0,0,3.6,626.6,83,0,0,27.3,76,29.9,22.7
2026-08-28T18:05:00+05:30,2026-08-28 18:05:00,27.5,31.3,24.3,0,0,0,169,0,0,0,0,3.6,626.6,83,0,0,27.3,76,29.9,22.7
2026-08-28T18:00:00+05:30,2026-08-28 18:00:00,27.6,31.5,24.5,0,0,0,169,0,0,0,0,3.6,626.6,83,0,0,27.3,76,29.9,22.7
2026-08-28T17:55:00+05:30,2026-08-28 17:55:00,27.6,31.5,24.5,0,0,0,169,0,0,0,0,3.6,626.6,83,0,0,27.4,76,30.2,22.8
2026-08-28T17:50:00+05:30,2026-08-28 17:50:00,27.6,31.5,24.5,0,0,0,169,0,0,0,0,3.6,626.6,83,0,0,27.4,76,30.2,22.8
2026-08-28T17:45:00+05:30,2026-08-28 17:45:00,27.6,31.7,24.7,0,0,0,169,0,0,0,0,3.6,626.6,84,0,0,27.4,76,30.2,22.8
2026-08-28T17:40:00+05:30,2026-08-28 17:40:00,27.6,31.7,24.7,0,0,0,169,0,0,0,0,3.6,626.6,84,0,0,27.5,76,30.4,22.9
2026-08-28T17:35:00+05:30,2026-08-28 17:35:00,27.6,31.7,24.7,0,0,0,169,0,0,0,0,3.6,626.6,84,0,0,27.5,76,30.4,22.9
2026-08-28T17:30:00+05:30,2026-08-28 17:30:00,27.6,31.5,24.5,0,0,0,169,0,0,0,0,3.6,626.6,83,0,0,27.5,76,30.4,22.9
2026-08-28T17:25:00+05:30,2026-08-28 17:25:00,27.6,31.7,24.7,0,0,0,169,0,0,0,0,3.6,626.6,84,0,0.1,27.5,76,30.4,22.9
2026-08-28T17:21:00+05:30,2026-08-28 17:21:00,27.6,31.5,24.5,0,0,0,169,0,0,0,0,3.6,626.6,83,0,0.1,27.5,76,30.4,22.9
2026-08-28T17:15:00+05:30,2026-08-28 17:15:00,27.6,31.7,24.7,0,0,0,169,0,0,0,0,3.6,626.6,84,0,0.1,27.5,76,30.4,22.9
2026-08-28T17:10:00+05:30,2026-08-28 17:10:00,27.6,31.5,24.5,0,0,0,169,0,0,0,0,3.6,626.6,83,0,0.3,27.5,76,30.4,22.9
2026-08-28T17:05:00+05:30,2026-08-28 17:05:00,27.6,31.5,24.5,0,0,0,169,0,0,0,0,3.6,626.6,83,0,0.3,27.5,76,30.4,22.9
2026-08-28T17:00:00+05:30,2026-08-28 17:00:00,27.5,31.3,24.3,0,0,0,169,0,0,0,0,3.6,626.6,83,0,0.2,27.5,76,30.4,22.9
2026-08-28T16:55:00+05:30,2026-08-28 16:55:00,27.6,31.5,24.5,0,0,0,169,0,0,0,0,3.6,626.6,83,0,0.2,27.5,76,30.4,22.9
2026-08-28T16:50:00+05:30,2026-08-28 16:50:00,27.6,31.5,24.5,0,0,0,169,0,0,0,0,3.6,626.6,83,0,0.3,27.5,76,30.4,22.9
2026-08-28T16:45:00+05:30,2026-08-28 16:45:00,27.7,31.8,24.6,0,0,0,169,0,0,0,0,3.6,626.6,83,0,0.2,27.5,76,30.4,22.9
2026-08-28T16:40:00+05:30,2026-08-28 16:40:00,27.7,31.8,24.6,0,0,0,169,0,0,0,0,3.6,626.6,83,0,0.2,27.5,75,30.3,22.7
2026-08-28T16:35:00+05:30,2026-08-28 16:35:00,27.7,31.8,24.6,0,0,0,169,0,0,0,0,3.6,626.6,83,0,0.2,27.6,75,30.5,22.8
2026-08-28T16:30:00+05:30,2026-08-28 16:30:00,27.7,31.7,24.4,0,0,0,169,0,0,0,0,3.6,626.6,82,0,0.2,27.6,75,30.5,22.8
2026-08-28T16:25:00+05:30,2026-08-28 16:25:00,27.7,31.7,24.4,0,0,0,169,0,0,0,0,3.6,626.6,82,0,0.2,27.7,75,30.8,22.9
2026-08-28T16:20:00+05:30,2026-08-28 16:20:00,27.8,32,24.6,0,0,0,169,0,0,0,0,3.6,626.6,83,0,0.2,27.8,76,31,23.2
2026-08-28T16:16:00+05:30,2026-08-28 16:16:00,27.8,32,24.6,0,0,0,169,0,0,0,0,3.6,626.6,83,0,0.2,27.8,76,31,23.2
2026-08-28T16:10:00+05:30,2026-08-28 16:10:00,28,32.6,24.8,0,0,0,169,0,0,0,0,3.6,626.6,83,0,0.1,27.9,76,31.3,23.3
2026-08-28T16:05:00+05:30,2026-08-28 16:05:00,28.1,32.9,24.9,0,0,0,169,0,0,0,0,3.6,626.6,83,0,0.1,27.9,76,31.3,23.3
2026-08-28T16:00:00+05:30,2026-08-28 16:00:00,28.2,33.4,25.3,0,0,0,169,0,0,0,0,3.6,626.6,84,0,0.1,28,77,31.7,23.6
2026-08-28T15:55:00+05:30,2026-08-28 15:55:00,28.2,33.4,25.3,0,0,0,169,0,0,0,0,3.6,626.6,84,0,0.1,28,77,31.7,23.6
2026-08-28T15:50:00+05:30,2026-08-28 15:50:00,28.2,33.5,25.5,0,0,0,169,0,0,0,0,3.6,626.6,85,0,0.1,27.9,77,31.4,23.5
2026-08-28T15:45:00+05:30,2026-08-28 15:45:00,28.1,33.2,25.3,0,0,0,169,0,0,0,0,3.6,626.6,85,0,0.2,28,78,31.8,23.8
2026-08-28T15:40:00+05:30,2026-08-28 15:40:00,28,33.1,25.4,0,0,0,169,0,0,0,0,3.6,626.6,86,0,0.4,27.9,77,31.4,23.5
2026-08-28T15:35:00+05:30,2026-08-28 15:35:00,28,33.1,25.4,0,0,0,169,0,0,0,0,3.6,626.6,86,0,0.3,27.9,78,31.6,23.7
2026-08-28T15:30:00+05:30,2026-08-28 15:30:00,28,33.1,25.4,0,0,0,169,0,0,0,0,3.6,626.6,86,0,0.4,27.9,78,31.6,23.7
2026-08-28T15:25:00+05:30,2026-08-28 15:25:00,27.9,32.8,25.3,0,0,0,169,0,0,0,0,3.6,626.6,86,0,0.5,27.8,78,31.3,23.6
2026-08-28T15:20:00+05:30,2026-08-28 15:20:00,27.8,32.5,25.2,0,0,0,169,0,0,0,0,3.6,626.6,86,0,0.9,27.8,78,31.3,23.6
2026-08-28T15:15:00+05:30,2026-08-28 15:15:00,27.8,32.7,25.4,0,0,0,169,0,0,0,0,3.6,626.6,87,0,0.6,27.8,78,31.3,23.6
2026-08-28T15:11:00+05:30,2026-08-28 15:11:00,27.8,32.7,25.4,0,0,0,169,0,0,0,0,3.6,626.6,87,0,0.9,27.7,78,31.2,23.5
2026-08-28T15:05:00+05:30,2026-08-28 15:05:00,27.8,32.9,25.6,0,0,0,169,0,0,0,0,3.6,626.6,88,0,0.9,27.7,78,31.2,23.5
2026-08-28T15:00:00+05:30,2026-08-28 15:00:00,27.7,32.5,25.4,0,0,0,169,0,0,0,0,3.6,626.6,87,0,0.9,27.7,78,31.2,23.5
2026-08-28T14:55:00+05:30,2026-08-28 14:55:00,27.7,32.5,25.4,0,0,0,169,0,0,0,0,3.6,626.6,87,0,0.8,27.7,78,31.2,23.5
2026-08-28T14:50:00+05:30,2026-08-28 14:50:00,27.7,32.3,25.2,0,0,0,169,0,0,0,0,3.6,626.6,86,0,0.4,27.7,78,31.2,23.5
2026-08-28T14:45:00+05:30,2026-08-28 14:45:00,27.7,32.3,25.2,0,0,0,170,0,0,0,0,3.6,626.6,86,0,0.4,27.7,78,31.2,23.5
2026-08-28T14:40:00+05:30,2026-08-28 14:40:00,27.7,32.3,25.2,0,0,0,169,0,0,0,0,3.6,626.6,86,0,0.4,27.7,78,31.2,23.5
2026-08-28T14:35:00+05:30,2026-08-28 14:35:00,27.8,32.5,25.2,0,0,0,170,0,0,0,0,3.6,626.6,86,0,0.4,27.7,78,31.2,23.5
2026-08-28T14:30:00+05:30,2026-08-28 14:30:00,27.8,32.7,25.4,0,0,0,169,0,0,0,0,3.6,626.6,87,0,0.3,27.7,78,31.2,23.5
2026-08-28T14:25:00+05:30,2026-08-28 14:25:00,27.9,33,25.5,0,0,0,170,0,0,0,0,3.6,626.6,87,0,0.4,27.7,78,31.2,23.5
2026-08-28T14:20:00+05:30,2026-08-28 14:20:00,27.8,32.5,25.2,0,0,0,170,0,0,0,0,3.6,626.6,86,0,0.3,27.7,78,31.2,23.5
2026-08-28T14:15:00+05:30,2026-08-28 14:15:00,27.8,32.5,25.2,0,0,0,170,0,0,0,0,3.6,626.6,86,0,0.4,27.7,77,31,23.3
2026-08-28T14:10:00+05:30,2026-08-28 14:10:00,27.8,32.3,25,0,0,0,170,0,0,0,0,3.6,626.6,85,0,0.3,27.7,77,31,23.3
2026-08-28T14:05:00+05:30,2026-08-28 14:05:00,27.8,32.3,25,0,0,0,170,0,0,0,0,3.6,626.6,85,0,0.4,27.7,77,31,23.3
2026-08-28T14:00:00+05:30,2026-08-28 14:00:00,27.8,32.3,25,0,0,0,170,0,0,0,0,3.6,626.6,85,0,0.3,27.7,77,31,23.3
2026-08-28T13:55:00+05:30,2026-08-28 13:55:00,27.8,32.3,25,0,0,0,170,0,0,0,0,3.6,626.6,85,0,0.3,27.7,77,31,23.3
2026-08-28T13:51:00+05:30,2026-08-28 13:51:00,27.7,32.1,25,0,0,0,170,0,0,0,0,3.6,626.6,85,0,0.3,27.7,77,31,23.3
2026-08-28T13:45:00+05:30,2026-08-28 13:45:00,27.7,32.1,25,0,0,0,170,0,0,0,0,3.6,626.6,85,0,0.5,27.7,77,31,23.3
2026-08-28T13:40:00+05:30,2026-08-28 13:40:00,27.7,32.1,25,0,0,0,170,0,0,0,0,3.6,626.6,85,0,0.6,27.7,76,30.9,23.1
2026-08-28T13:35:00+05:30,2026-08-28 13:35:00,27.7,32.1,25,0,0,0,170,0,0,0,0,3.6,626.6,85,0,0.4,27.6,76,30.7,23
2026-08-28T13:30:00+05:30,2026-08-28 13:30:00,27.7,32.1,25,0,0,0,170,0,0,0,0,3.6,626.6,85,0,0.3,27.6,76,30.7,23
2026-08-28T13:25:00+05:30,2026-08-28 13:25:00,27.7,32.1,25,0,0,0,170,0,0,0,0,3.6,626.6,85,0,0.5,27.6,76,30.7,23
2026-08-28T13:20:00+05:30,2026-08-28 13:20:00,27.6,31.8,24.9,0,0,0,170,0,0,0,0,3.6,626.6,85,0,0.6,27.6,76,30.7,23
2026-08-28T13:15:00+05:30,2026-08-28 13:15:00,27.6,31.8,24.9,0,0,0,170,0,0,0,0,3.6,626.6,85,0,0.6,27.5,77,30.5,23.1
2026-08-28T13:10:00+05:30,2026-08-28 13:10:00,27.6,31.8,24.9,0,0,0,170,0,0,0,0,3.6,626.6,85,0,0.5,27.5,77,30.5,23.1
2026-08-28T13:05:00+05:30,2026-08-28 13:05:00,27.6,31.8,24.9,0,0,0,170,0,0,0,0,3.6,626.6,85,0,0.4,27.5,77,30.5,23.1
2026-08-28T13:00:00+05:30,2026-08-28 13:00:00,27.7,32.1,25,0,0,0,170,0,0,0,0,3.6,626.6,85,0,0.4,27.5,77,30.5,23.1
2026-08-28T12:55:00+05:30,2026-08-28 12:55:00,27.7,32.1,25,0,0,0,170,0,0,0,0,3.6,626.6,85,0,0.4,27.5,77,30.5,23.1
2026-08-28T12:50:00+05:30,2026-08-28 12:50:00,27.7,32,24.8,0,0,0,170,0,0,0,0,3.6,626.6,84,0,0.3,27.5,77,30.5,23.1
2026-08-28T12:45:00+05:30,2026-08-28 12:45:00,27.7,32,24.8,0,0,0,170,0,0,0,0,3.6,626.6,84,0,0.2,27.6,76,30.7,23
2026-08-28T12:40:00+05:30,2026-08-28 12:40:00,27.7,32,24.8,0,0,0,170,0,0,0,0,3.6,626.6,84,0,0.3,27.6,76,30.7,23
2026-08-28T12:35:00+05:30,2026-08-28 12:35:00,27.8,32.1,24.8,0,0,0,170,0,0,0,0,3.6,626.6,84,0,0.3,27.6,76,30.7,23
2026-08-28T12:30:00+05:30,2026-08-28 12:30:00,27.8,32.1,24.8,0,0,0,170,0,0,0,0,3.6,626.6,84,0,0.2,27.6,76,30.7,23
2026-08-28T12:25:00+05:30,2026-08-28 12:25:00,27.8,32.1,24.8,0,0,0,170,0,0,0,0,3.6,626.6,84,0,0.2,27.6,76,30.7,23
2026-08-28T12:20:00+05:30,2026-08-28 12:20:00,27.8,32,24.6,0,0,0,170,0,0,0,0,3.6,626.6,83,0,0.3,27.6,75,30.5,22.8
2026-08-28T12:16:00+05:30,2026-08-28 12:16:00,27.9,32.1,24.5,0,0,0,170,0,0,0,0,3.6,626.6,82,0,0.3,27.6,75,30.5,22.8
2026-08-28T12:10:00+05:30,2026-08-28 12:10:00,28,32.3,24.4,0,0,0,170,0,0,0,0,3.6,626.6,81,0,0.3,27.6,74,30.4,22.6
2026-08-28T12:05:00+05:30,2026-08-28 12:05:00,28,32.3,24.4,0,0,0,170,0,0,0,0,3.6,626.6,81,0,0.3,27.7,74,30.6,22.7
2026-08-28T12:00:00+05:30,2026-08-28 12:00:00,28.1,32.4,24.3,0,0,0,170,0,0,0,0,3.6,626.6,80,0,0.2,27.7,74,30.6,22.7
2026-08-28T11:55:00+05:30,2026-08-28 11:55:00,28.1,32.2,24.1,0,0,0,170,0,0,0,0,3.6,626.6,79,0,0.3,27.7,73,30.5,22.4
2026-08-28T11:50:00+05:30,2026-08-28 11:50:00,28,31.9,24,0,0,0,170,0,0,0,0,3.6,626.6,79,0,0.1,27.7,73,30.5,22.4
2026-08-28T11:45:00+05:30,2026-08-28 11:45:00,28,31.9,24,0,0,0,170,0,0,0,0,3.6,626.6,79,0,0.2,27.6,73,30.3,22.3
2026-08-28T11:40:00+05:30,2026-08-28 11:40:00,28,31.9,24,0,0,0,170,0,0,0,0,3.6,626.6,79,0,0.5,27.6,74,30.4,22.6
2026-08-28T11:35:00+05:30,2026-08-28 11:35:00,27.9,31.7,23.9,0,0,0,170,0,0,0,0,3.6,626.6,79,0,0.3,27.5,74,30.2,22.4
2026-08-28T11:30:00+05:30,2026-08-28 11:30:00,27.8,31.6,24,0,0,0,170,0,0,0,0,3.6,626.6,80,0,0.5,27.5,74,30.2,22.4
2026-08-28T11:25:00+05:30,2026-08-28 11:25:00,27.8,31.6,24,0,0,0,170,0,0,0,0,3.6,626.6,80,0,0.5,27.4,74,29.9,22.3
2026-08-28T11:20:00+05:30,2026-08-28 11:20:00,27.7,31.4,23.9,0,0,0,170,0,0,0,0,3.6,626.6,80,0,0.4,27.4,74,29.9,22.3
2026-08-28T11:15:00+05:30,2026-08-28 11:15:00,27.6,31.1,23.8,0,0,0,170,0,0,0,0,3.6,626.6,80,0,0.5,27.3,74,29.7,22.2
2026-08-28T11:11:00+05:30,2026-08-28 11:11:00,27.6,31.1,23.8,0,0,0,170,0,0,0,0,3.6,626.6,80,0,0.3,27.3,74,29.7,22.2
2026-08-28T11:05:00+05:30,2026-08-28 11:05:00,27.5,31,23.9,0,0,0,170,0,0,0,0,3.6,626.6,81,0,0.4,27.2,74,29.6,22.2
2026-08-28T11:00:00+05:30,2026-08-28 11:00:00,27.5,31,23.9,0,0,0,170,0,0,0,0,3.6,626.6,81,0,0.5,27.2,74,29.6,22.2
2026-08-28T10:55:00+05:30,2026-08-28 10:55:00,27.4,30.7,23.8,0,0,0,170,0,0,0,0,3.6,626.6,81,0,0.3,27.2,74,29.6,22.2
2026-08-28T10:50:00+05:30,2026-08-28 10:50:00,27.4,30.7,23.8,0,0,0,170,0,0,0,0,3.6,626.6,81,0,0.6,27.1,74,29.4,22.1
2026-08-28T10:45:00+05:30,2026-08-28 10:45:00,27.3,30.5,23.7,0,0,0,170,0,0,0,0,3.6,626.6,81,0,0.5,27.1,74,29.4,22.1
2026-08-28T10:40:00+05:30,2026-08-28 10:40:00,27.3,30.5,23.7,0,0,0,170,0,0,0,0,3.6,626.6,81,0,0.3,27,74,29.2,21.9
2026-08-28T10:35:00+05:30,2026-08-28 10:35:00,27.3,30.5,23.7,0,0,0,170,0,0,0,0,3.6,626.6,81,0,0.2,27,75,29.3,22.2
2026-08-28T10:30:00+05:30,2026-08-28 10:30:00,27.2,30.3,23.7,0,0,0,170,0,0,0,0,3.6,626.6,81,0,0.3,27,75,29.3,22.2
2026-08-28T10:25:00+05:30,2026-08-28 10:25:00,27.2,30.3,23.7,0,0,0,170,0,0,0,0,3.6,626.6,81,0,0.3,27,75,29.3,22.2
2026-08-28T10:20:00+05:30,2026-08-28 10:20:00,27.1,30.1,23.6,0,0,0,170,0,0,0,0,3.6,626.6,81,0,0.3,26.9,75,29.1,22.1
2026-08-28T10:15:00+05:30,2026-08-28 10:15:00,27.1,30.1,23.6,0,0,0,170,0,0,0,0,3.6,626.6,81,0,0.3,26.9,75,29.1,22.1
2026-08-28T10:10:00+05:30,2026-08-28 10:10:00,27,29.8,23.5,0,0,0,170,0,0,0,0,3.6,626.6,81,0,0.3,26.9,75,29.1,22.1
2026-08-28T10:06:00+05:30,2026-08-28 10:06:00,27,29.8,23.5,0,0,0,170,0,0,0,0,3.6,626.6,81,0,0.4,26.8,75,28.8,21.9
2026-08-28T10:00:00+05:30,2026-08-28 10:00:00,26.9,29.7,23.5,0,0,0,170,0,0,0,0,3.6,626.6,82,0,0.3,26.8,75,28.8,21.9
2026-08-28T09:55:00+05:30,2026-08-28 09:55:00,26.8,29.4,23.4,0,0,0,170,0,0,0,0,3.6,626.6,82,0,0.3,26.7,75,28.8,21.9
2026-08-28T09:50:00+05:30,2026-08-28 09:50:00,26.8,29.4,23.4,0,0,0,170,0,0,0,0,3.6,626.6,82,0,0.3,26.6,75,27.3,21.8
2026-08-28T09:45:00+05:30,2026-08-28 09:45:00,26.7,29.3,23.4,0,0,0,170,0,0,0,0,3.6,626.6,82,0,0.3,26.6,75,27.3,21.8
2026-08-28T09:40:00+05:30,2026-08-28 09:40:00,26.6,27.5,23.3,0,0,0,170,0,0,0,0,3.6,626.6,82,0,0.4,26.5,75,27.2,21.7
2026-08-28T09:35:00+05:30,2026-08-28 09:35:00,26.6,27.5,23.3,0,0,0,170,0,0,0,0,3.6,626.6,82,0,0.6,26.5,75,27.2,21.7
2026-08-28T09:30:00+05:30,2026-08-28 09:30:00,26.5,27.3,23.2,0,0,0,170,0,0,0,0,3.6,626.6,82,0,0.4,26.5,75,27.2,21.7
2026-08-28T09:25:00+05:30,2026-08-28 09:25:00,26.4,27.3,23.3,0,0,0,170,0,0,0,0,3.6,626.6,83,0,0.5,26.5,75,27.2,21.7
2026-08-28T09:20:00+05:30,2026-08-28 09:20:00,26.4,27.3,23.3,0,0,0,170,0,0,0,0,3.6,626.6,83,0,0.4,26.4,76,27.1,21.8
2026-08-28T09:15:00+05:30,2026-08-28 09:15:00,26.4,27.3,23.5,0,0,0,170,0,0,0,0,3.6,626.6,84,0,0.5,26.4,76,27.1,21.8
2026-08-28T09:10:00+05:30,2026-08-28 09:10:00,26.4,27.3,23.5,0,0,0,170,0,0,0,0,3.6,626.6,84,0,0.5,26.3,76,26.9,21.7
2026-08-28T09:05:00+05:30,2026-08-28 09:05:00,26.3,27.2,23.4,0,0,0,170,0,0,0,0,3.6,626.6,84,0,0.3,26.3,76,26.9,21.7
2026-08-28T09:00:00+05:30,2026-08-28 09:00:00,26.3,27.2,23.4,0,0,0,170,0,0,0,0,3.6,626.6,84,0,0.4,26.2,76,26.9,21.7
2026-08-28T08:55:00+05:30,2026-08-28 08:55:00,26.3,27.2,23.4,0,0,0,169,0,0,0,0,3.6,626.6,84,0,0.3,26.2,76,26.9,21.7
2026-08-28T08:50:00+05:30,2026-08-28 08:50:00,26.2,27.1,23.3,0,0,0,169,0,0,0,0,3.6,626.6,84,0,0.3,26.1,76,26.8,21.6
2026-08-28T08:45:00+05:30,2026-08-28 08:45:00,26.2,27.1,23.5,0,0,0,169,0,0,0,0,3.6,626.6,85,0,0.4,26.1,77,26.8,21.8
2026-08-28T08:40:00+05:30,2026-08-28 08:40:00,26.2,27.1,23.5,0,0,0,169,0,0,0,0,3.6,626.6,85,0,0.3,26.1,77,26.8,21.8
2026-08-28T08:35:00+05:30,2026-08-28 08:35:00,26.2,27.1,23.5,0,0,0,170,0,0,0,0,3.6,626.6,85,0,0.1,26.1,77,26.8,21.8
2026-08-28T08:30:00+05:30,2026-08-28 08:30:00,26.1,27,23.4,0,0,0,169,0,0,0,0,3.6,626.6,85,0,0.1,26,77,26.7,21.7
2026-08-28T08:25:00+05:30,2026-08-28 08:25:00,26.1,27,23.4,0,0,0,169,0,0,0,0,3.6,626.6,85,0,0.1,26,77,26.7,21.7
2026-08-28T08:20:00+05:30,2026-08-28 08:20:00,26.1,27,23.4,0,0,0,170,0,0,0,0,3.6,626.6,85,0,0.1,26,77,26.7,21.7
2026-08-28T08:15:00+05:30,2026-08-28 08:15:00,26.1,27,23.4,0,0,0,169,0,0,0,0,3.6,626.6,85,0,0.1,25.9,77,26.6,21.6
2026-08-28T08:10:00+05:30,2026-08-28 08:10:00,26.1,27,23.4,0,0,0,169,0,0,0,0,3.6,626.6,85,0,0.1,25.9,76,26.5,21.3
2026-08-28T08:05:00+05:30,2026-08-28 08:05:00,26,26.9,23.3,0,0,0,169,0,0,0,0,3.6,626.6,85,0,0.1,25.9,76,26.5,21.3
2026-08-28T08:00:00+05:30,2026-08-28 08:00:00,26,26.9,23.3,0,0,0,170,0,0,0,0,3.6,626.6,85,0,0.1,25.9,76,26.5,21.3
2026-08-28T07:55:00+05:30,2026-08-28 07:55:00,26,26.9,23.3,0,0,0,170,0,0,0,0,3.6,626.6,85,0,0.1,25.9,76,26.5,21.3
2026-08-28T07:50:00+05:30,2026-08-28 07:50:00,26,26.9,23.3,0,0,0,170,0,0,0,0,3.6,626.6,85,0,0.1,25.8,76,26.4,21.2
2026-08-28T07:45:00+05:30,2026-08-28 07:45:00,26,26.9,23.3,0,0,0,170,0,0,0,0,3.6,626.6,85,0,0.1,25.8,76,26.4,21.2
2026-08-28T07:41:00+05:30,2026-08-28 07:41:00,26,26.8,23.1,0,0,0,170,0,0,0,0,3.6,626.6,84,0,0.1,25.8,76,26.4,21.2
2026-08-28T07:35:00+05:30,2026-08-28 07:35:00,26,26.8,23.1,0,0,0,170,0,0,0,0,3.6,626.6,84,0,0.1,25.8,76,26.4,21.2
2026-08-28T07:30:00+05:30,2026-08-28 07:30:00,25.9,26.7,23,0,0,0,170,0,0,0,0,3.6,626.6,84,0,0,25.8,76,26.4,21.2
2026-08-28T07:25:00+05:30,2026-08-28 07:25:00,25.9,26.7,23,0,0,0,170,0,0,0,0,3.6,626.6,84,0,0,25.8,76,26.4,21.2
2026-08-28T07:20:00+05:30,2026-08-28 07:20:00,25.9,26.7,23,0,0,0,170,0,0,0,0,3.6,626.6,84,0,0,25.8,76,26.4,21.2
2026-08-28T07:15:00+05:30,2026-08-28 07:15:00,25.9,26.7,23,0,0,0,170,0,0,0,0,3.6,626.6,84,0,0,25.8,76,26.4,21.2
2026-08-28T07:10:00+05:30,2026-08-28 07:10:00,25.9,26.7,23,0,0,0,170,0,0,0,0,3.6,626.6,84,0,0,25.8,76,26.4,21.2
2026-08-28T07:05:00+05:30,2026-08-28 07:05:00,25.9,26.7,23,0,0,0,170,0,0,0,0,3.6,626.6,84,0,0,25.8,76,26.4,21.2
2026-08-28T07:00:00+05:30,2026-08-28 07:00:00,25.9,26.7,23,0,0,0,170,0,0,0,0,3.6,626.6,84,0,0,25.8,76,26.4,21.2
2026-08-28T06:55:00+05:30,2026-08-28 06:55:00,25.9,26.7,23,0,0,0,169,0,0,0,0,3.6,626.6,84,0,0,25.7,76,26.3,21.2
2026-08-28T06:50:00+05:30,2026-08-28 06:50:00,25.9,26.7,23,0,0,0,170,0,0,0,0,3.6,626.6,84,0,0,25.7,76,26.3,21.2
2026-08-28T06:45:00+05:30,2026-08-28 06:45:00,25.9,26.7,23,0,0,0,170,0,0,0,0,3.6,626.6,84,0,0,25.7,76,26.3,21.2
2026-08-28T06:40:00+05:30,2026-08-28 06:40:00,25.9,26.7,23,0,0,0,170,0,0,0,0,3.6,626.6,84,0,0,25.8,76,26.4,21.2
2026-08-28T06:36:00+05:30,2026-08-28 06:36:00,25.9,26.7,23,0,0,0,169,0,0,0,0,3.6,626.6,84,0,0,25.8,76,26.4,21.2
2026-08-28T06:30:00+05:30,2026-08-28 06:30:00,25.9,26.7,23,0,0,0,170,0,0,0,0,3.6,626.6,84,0,0,25.8,76,26.4,21.2
2026-08-28T06:25:00+05:30,2026-08-28 06:25:00,25.9,26.7,23,0,0,0,170,0,0,0,0,3.6,626.6,84,0,0,25.8,76,26.4,21.2
2026-08-28T06:20:00+05:30,2026-08-28 06:20:00,25.9,26.7,23,0,0,0,170,0,0,0,0,3.6,626.6,84,0,0,25.8,76,26.4,21.2
2026-08-28T06:15:00+05:30,2026-08-28 06:15:00,25.9,26.7,23,0,0,0,169,0,0,0,0,3.6,626.6,84,0,0,25.8,76,26.4,21.2
2026-08-28T06:10:00+05:30,2026-08-28 06:10:00,25.9,26.7,23,0,0,0,170,0,0,0,0,3.6,626.6,84,0,0,25.8,76,26.4,21.2
2026-08-28T06:05:00+05:30,2026-08-28 06:05:00,25.9,26.7,23,0,0,0,169,0,0,0,0,3.6,626.6,84,0,0,25.8,75,26.4,21
2026-08-28T06:00:00+05:30,2026-08-28 06:00:00,25.9,26.7,23,0,0,0,170,0,0,0,0,3.6,626.6,84,0,0,25.8,75,26.4,21
2026-08-28T05:55:00+05:30,2026-08-28 05:55:00,25.9,26.7,23,0,0,0,170,0,0,0,0,3.6,626.6,84,0,0,25.8,75,26.4,21
2026-08-28T05:50:00+05:30,2026-08-28 05:50:00,25.9,26.7,22.8,0,0,0,170,0,0,0,0,3.6,626.6,83,0,0,25.8,75,26.4,21
2026-08-28T05:45:00+05:30,2026-08-28 05:45:00,25.9,26.7,22.8,0,0,0,170,0,0,0,0,3.6,626.6,83,0,0,25.8,75,26.4,21
2026-08-28T05:40:00+05:30,2026-08-28 05:40:00,26,26.8,22.9,0,0,0,169,0,0,0,0,3.6,626.6,83,0,0,25.8,75,26.4,21
2026-08-28T05:35:00+05:30,2026-08-28 05:35:00,26,26.8,22.9,0,0,0,170,0,0,0,0,3.6,626.6,83,0,0,25.8,75,26.4,21
2026-08-28T05:31:00+05:30,2026-08-28 05:31:00,26,26.8,22.9,0,0,0,170,0,0,0,0,3.6,626.6,83,0,0,25.8,75,26.4,21
2026-08-28T05:25:00+05:30,2026-08-28 05:25:00,26,26.8,22.9,0,0,0,170,0,0,0,0,3.6,626.6,83,0,0,25.8,75,26.4,21
2026-08-28T05:20:00+05:30,2026-08-28 05:20:00,26,26.8,22.9,0,0,0,170,0,0,0,0,3.6,626.6,83,0,0,25.8,75,26.4,21
2026-08-28T05:15:00+05:30,2026-08-28 05:15:00,26,26.8,22.9,0,0,0,170,0,0,0,0,3.6,626.6,83,0,0,25.8,75,26.4,21
2026-08-28T05:10:00+05:30,2026-08-28 05:10:00,26,26.8,22.9,0,0,0,170,0,0,0,0,3.6,626.6,83,0,0,25.8,75,26.4,21
2026-08-28T05:05:00+05:30,2026-08-28 05:05:00,26,26.8,22.9,0,0,0,170,0,0,0,0,3.6,626.6,83,0,0,25.9,75,26.5,21.1
2026-08-28T05:00:00+05:30,2026-08-28 05:00:00,26,26.8,22.9,0,0,0,169,0,0,0,0,3.6,626.6,83,0,0,25.9,75,26.5,21.1
2026-08-28T04:55:00+05:30,2026-08-28 04:55:00,26.1,26.9,23,0,0,0,170,0,0,0,0,3.6,626.6,83,0,0,25.9,75,26.5,21.1
2026-08-28T04:50:00+05:30,2026-08-28 04:50:00,26.1,26.9,23,0,0,0,170,0,0,0,0,3.6,626.6,83,0,0,25.9,75,26.5,21.1
2026-08-28T04:45:00+05:30,2026-08-28 04:45:00,26.1,26.9,23,0,0,0,170,0,0,0,0,3.6,626.6,83,0,0,25.9,75,26.5,21.1
2026-08-28T04:40:00+05:30,2026-08-28 04:40:00,26.1,26.9,23,0,0,0,170,0,0,0,0,3.6,626.6,83,0,0,25.9,75,26.5,21.1
2026-08-28T04:35:00+05:30,2026-08-28 04:35:00,26.1,26.9,23,0,0,0,170,0,0,0,0,3.6,626.6,83,0,0,25.9,75,26.5,21.1
2026-08-28T04:30:00+05:30,2026-08-28 04:30:00,26.1,26.9,23,0,0,0,170,0,0,0,0,3.6,626.6,83,0,0,25.9,75,26.5,21.1
2026-08-28T04:25:00+05:30,2026-08-28 04:25:00,26.1,26.9,23,0,0,0,170,0,0,0,0,3.6,626.6,83,0,0,25.9,75,26.5,21.1
2026-08-28T04:20:00+05:30,2026-08-28 04:20:00,26.1,26.9,23,0,0,0,170,0,0,0,0,3.6,626.6,83,0,0,25.9,75,26.5,21.1
2026-08-28T04:15:00+05:30,2026-08-28 04:15:00,26.1,26.9,23,0,0,0,170,0,0,0,0,3.6,626.6,83,0,0,25.9,75,26.5,21.1
2026-08-28T04:11:00+05:30,2026-08-28 04:11:00,26.1,26.9,23,0,0,0,170,0,0,0,0,3.6,626.6,83,0,0,25.9,75,26.5,21.1
2026-08-28T04:05:00+05:30,2026-08-28 04:05:00,26.1,26.9,22.8,0,0,0,170,0,0,0,0,3.6,626.6,82,0,0,25.9,75,26.5,21.1
2026-08-28T04:00:00+05:30,2026-08-28 04:00:00,26.1,26.9,22.8,0,0,0,170,0,0,0,0,3.6,626.6,82,0,0,26,75,26.6,21.2
2026-08-28T03:55:00+05:30,2026-08-28 03:55:00,26.1,26.9,22.8,0,0,0,170,0,0,0,0,3.6,626.6,82,0,0,26,75,26.6,21.2
2026-08-28T03:50:00+05:30,2026-08-28 03:50:00,26.1,26.9,22.8,0,0,0,170,0,0,0,0,3.6,626.6,82,0,0,26,75,26.6,21.2
2026-08-28T03:45:00+05:30,2026-08-28 03:45:00,26.1,26.9,22.8,0,0,0,170,0,0,0,0,3.6,626.6,82,0,0,26,74,26.6,21
2026-08-28T03:40:00+05:30,2026-08-28 03:40:00,26.1,26.9,22.8,0,0,0,170,0,0,0,0,3.6,626.6,82,0,0,26,74,26.6,21
2026-08-28T03:35:00+05:30,2026-08-28 03:35:00,26.1,26.9,22.8,0,0,0,170,0,0,0,0,3.6,626.6,82,0,0,26,74,26.6,21
2026-08-28T03:30:00+05:30,2026-08-28 03:30:00,26.2,27,22.9,0,0,0,170,0,0,0,0,3.6,626.6,82,0,0,26.1,74,26.7,21.1
2026-08-28T03:25:00+05:30,2026-08-28 03:25:00,26.2,27,22.9,0,0,0,170,0,0,0,0,3.6,626.6,82,0,0,26,74,26.6,21
2026-08-28T03:20:00+05:30,2026-08-28 03:20:00,26.2,27,22.9,0,0,0,170,0,0,0,0,3.6,626.6,82,0,0,26,74,26.6,21
2026-08-28T03:15:00+05:30,2026-08-28 03:15:00,26.2,27,22.9,0,0,0,170,0,0,0,0,3.6,626.6,82,0,0,26,74,26.6,21
2026-08-28T03:10:00+05:30,2026-08-28 03:10:00,26.2,27,22.9,0,0,0,170,0,0,0,0,3.6,626.6,82,0,0,26.1,74,26.7,21.1
2026-08-28T03:06:00+05:30,2026-08-28 03:06:00,26.2,27,22.9,0,0,0,170,0,0,0,0,3.6,626.6,82,0,0,26.1,74,26.7,21.1
2026-08-28T03:00:00+05:30,2026-08-28 03:00:00,26.2,27,22.9,0,0,0,170,0,0,0,0,3.6,626.6,82,0,0,26.1,74,26.7,21.1
2026-08-28T02:55:00+05:30,2026-08-28 02:55:00,26.2,27,22.9,0,0,0,170,0,0,0,0,3.6,626.6,82,0,0,26.1,74,26.7,21.1
2026-08-28T02:50:00+05:30,2026-08-28 02:50:00,26.2,27,22.9,0,0,0,170,0,0,0,0,3.6,626.6,82,0,0,26.1,74,26.7,21.1
2026-08-28T02:45:00+05:30,2026-08-28 02:45:00,26.2,27,22.9,0,0,0,170,0,0,0,0,3.6,626.6,82,0,0,26.1,74,26.7,21.1
2026-08-28T02:40:00+05:30,2026-08-28 02:40:00,26.2,27,22.9,0,0,0,170,0,0,0,0,3.6,626.6,82,0,0,26.1,74,26.7,21.1
2026-08-28T02:35:00+05:30,2026-08-28 02:35:00,26.2,27,22.9,0,0,0,170,0,0,0,0,3.6,626.6,82,0,0,26.1,74,26.7,21.1
2026-08-28T02:30:00+05:30,2026-08-28 02:30:00,26.3,27.1,23,0,0,0,170,0,0,0,0,3.6,626.6,82,0,0,26.2,74,26.8,21.2
2026-08-28T02:25:00+05:30,2026-08-28 02:25:00,26.3,27.1,23,0,0,0,170,0,0,0,0,3.6,626.6,82,0,0,26.2,74,26.8,21.2
2026-08-28T02:20:00+05:30,2026-08-28 02:20:00,26.3,27.1,23,0,0,0,170,0,0,0,0,3.6,626.6,82,0,0,26.2,74,26.8,21.2
2026-08-28T02:15:00+05:30,2026-08-28 02:15:00,26.3,27.1,23,0,0,0,170,0,0,0,0,3.6,626.6,82,0,0,26.2,74,26.8,21.2
2026-08-28T02:10:00+05:30,2026-08-28 02:10:00,26.3,27.1,23,0,0,0,170,0,0,0,0,3.6,626.6,82,0,0,26.2,74,26.8,21.2
2026-08-28T02:05:00+05:30,2026-08-28 02:05:00,26.3,27.1,23,0,0,0,170,0,0,0,0,3.6,626.6,82,0,0,26.2,74,26.8,21.2
2026-08-28T02:01:00+05:30,2026-08-28 02:01:00,26.3,27.1,23,0,0,0,170,0,0,0,0,3.6,626.6,82,0,0,26.2,74,26.8,21.2
2026-08-28T01:55:00+05:30,2026-08-28 01:55:00,26.3,27.1,23,0,0,0,170,0,0,0,0,3.6,626.6,82,0,0,26.2,74,26.8,21.2
2026-08-28T01:50:00+05:30,2026-08-28 01:50:00,26.3,27.1,23,0,0,0,170,0,0,0,0,3.6,626.6,82,0,0,26.2,74,26.8,21.2
2026-08-28T01:45:00+05:30,2026-08-28 01:45:00,26.3,27.1,23,0,0,0,170,0,0,0,0,3.6,626.6,82,0,0,26.2,74,26.8,21.2
2026-08-28T01:40:00+05:30,2026-08-28 01:40:00,26.3,27.1,23,0,0,0,170,0,0,0,0,3.6,626.6,82,0,0,26.3,74,26.9,21.3
2026-08-28T01:35:00+05:30,2026-08-28 01:35:00,26.3,27.1,23,0,0,0,170,0,0,0,0,3.6,626.6,82,0,0,26.3,74,26.9,21.3
2026-08-28T01:30:00+05:30,2026-08-28 01:30:00,26.3,27.1,23,0,0,0,170,0,0,0,0,3.6,626.6,82,0,0,26.3,74,26.9,21.3
2026-08-28T01:25:00+05:30,2026-08-28 01:25:00,26.3,27.1,23,0,0,0,170,0,0,0,0,3.6,626.6,82,0,0,26.3,74,26.9,21.3
2026-08-28T01:20:00+05:30,2026-08-28 01:20:00,26.4,27.2,23.1,0,0,0,170,0,0,0,0,3.6,626.6,82,0,0,26.3,74,26.9,21.3
2026-08-28T01:15:00+05:30,2026-08-28 01:15:00,26.4,27.2,23.1,0,0,0,170,0,0,0,0,3.6,626.6,82,0,0,26.3,74,26.9,21.3
2026-08-28T01:10:00+05:30,2026-08-28 01:10:00,26.4,27.2,23.1,0,0,0,170,0,0,0,0,3.6,626.6,82,0,0,26.3,74,26.9,21.3
2026-08-28T01:05:00+05:30,2026-08-28 01:05:00,26.4,27.2,23.1,0,0,0,170,0,0,0,0,3.6,626.6,82,0,0,26.4,74,27,21.4
2026-08-28T01:00:00+05:30,2026-08-28 01:00:00,26.4,27.2,23.1,0,0,0,170,0,0,0,0,3.6,626.6,82,0,0,26.4,74,27,21.4
2026-08-28T00:55:00+05:30,2026-08-28 00:55:00,26.4,27.2,23.1,0,0,0,170,0,0,0,0,3.6,626.6,82,0,0,26.4,74,27,21.4
2026-08-28T00:50:00+05:30,2026-08-28 00:50:00,26.5,27.3,23.2,0,0,0,170,0,0,0,0,3.6,626.6,82,0,0,26.4,74,27,21.4
2026-08-28T00:45:00+05:30,2026-08-28 00:45:00,26.5,27.3,23.2,0,0,0,170,0,0,0,0,3.6,626.6,82,0,0,26.4,73,27,21.2
2026-08-28T00:40:00+05:30,2026-08-28 00:40:00,26.5,27.3,23.2,0,0,0,170,0,0,0,0,3.6,626.6,82,0,0,26.4,73,27,21.2
2026-08-28T00:35:00+05:30,2026-08-28 00:35:00,26.5,27.3,23,0,0,0,170,0,0,0,0,3.6,626.6,81,0,0,26.4,73,27,21.2
2026-08-28T00:30:00+05:30,2026-08-28 00:30:00,26.5,27.3,23,0,0,0,170,0,0,0,0,3.6,626.6,81,0,0,26.4,73,27,21.2
2026-08-28T00:25:00+05:30,2026-08-28 00:25:00,26.5,27.3,23,0,0,0,170,0,0,0,0,3.6,626.6,81,0,0,26.4,73,27,21.2
2026-08-28T00:20:00+05:30,2026-08-28 00:20:00,26.5,27.3,23,0,0,0,170,0,0,0,0,3.6,626.6,81,0,0,26.4,73,27,21.2
2026-08-28T00:15:00+05:30,2026-08-28 00:15:00,26.5,27.3,23,0,0,0,170,0,0,0,0,3.6,626.6,81,0,0,26.5,73,27.1,21.3
2026-08-28T00:10:00+05:30,2026-08-28 00:10:00,26.6,27.4,23.1,0,0,0,170,0,0,0,0,3.6,626.6,81,0,0,26.5,73,27.1,21.3
2026-08-28T00:05:00+05:30,2026-08-28 00:05:00,26.6,27.4,23.1,0,0,0,170,0,0,0,0,3.6,626.6,81,0,0,26.5,73,27.1,21.3
2026-08-28T00:00:00+05:30,2026-08-28 00:00:00,26.6,27.4,23.1,0,0,0,170,0,0,0,0,3.6,626.6,81,0,0,26.5,73,27.1,21.3
2026-08-27T23:55:00+05:30,2026-08-27 23:55:00,26.6,27.4,23.1,0,0,0,170,0,0,0,0,3.6,626.6,81,0,0,26.5,73,27.1,21.3
2026-08-27T23:50:00+05:30,2026-08-27 23:50:00,26.6,27.4,22.9,0,0,0,170,0,0,0,0,3.6,626.6,80,0,0,26.5,73,27.1,21.3
2026-08-27T23:45:00+05:30,2026-08-27 23:45:00,26.6,27.4,22.9,0,0,0,170,0,0,0,0,3.6,626.6,80,0,0,26.5,73,27.1,21.3
2026-08-27T23:40:00+05:30,2026-08-27 23:40:00,26.7,29.1,23,0,0,0,170,0,0,0,0,3.6,626.6,80,0,0,26.5,73,27.1,21.3
2026-08-27T23:35:00+05:30,2026-08-27 23:35:00,26.7,29.1,23,0,0,0,170,0,0,0,0,3.6,626.6,80,0,0,26.6,73,27.2,21.4
2026-08-27T23:30:00+05:30,2026-08-27 23:30:00,26.7,29.1,23,0,0,0,170,0,0,0,0,3.6,626.6,80,0,0,26.6,73,27.2,21.4
2026-08-27T23:25:00+05:30,2026-08-27 23:25:00,26.7,29.1,23,0,0,0,170,0,0,0,0,3.6,626.6,80,0,0,26.6,72,27.2,21.1
2026-08-27T23:20:00+05:30,2026-08-27 23:20:00,26.7,29.1,23,0,0,0,170,0,0,0,0,3.6,626.6,80,0,0,26.6,72,27.2,21.1
2026-08-27T23:15:00+05:30,2026-08-27 23:15:00,26.7,29.1,23,0,0,0,170,0,0,0,0,3.6,626.6,80,0,0,26.6,72,27.2,21.1
2026-08-27T23:10:00+05:30,2026-08-27 23:10:00,26.7,29.1,23,0,0,0,170,0,0,0,0,3.6,626.6,80,0,0,26.6,72,27.2,21.1
2026-08-27T23:05:00+05:30,2026-08-27 23:05:00,26.7,29.1,23,0,0,0,170,0,0,0,0,3.6,626.6,80,0,0,26.7,72,28.6,21.2
2026-08-27T23:00:00+05:30,2026-08-27 23:00:00,26.7,29.1,23,0,0,0,170,0,0,0,0,3.6,626.6,80,0,0,26.6,72,27.2,21.1
2026-08-27T22:55:00+05:30,2026-08-27 22:55:00,26.7,29.1,22.8,0,0,0,170,0,0,0,0,3.6,626.6,79,0,0,26.6,72,27.2,21.1
2026-08-27T22:50:00+05:30,2026-08-27 22:50:00,26.8,29.2,22.8,0,0,0,170,0,0,0,0,3.6,626.6,79,0,0,26.7,72,28.6,21.2
2026-08-27T22:45:00+05:30,2026-08-27 22:45:00,26.8,29.2,22.8,0,0,0,170,0,0,0,0,3.6,626.6,79,0,0,26.7,72,28.6,21.2
2026-08-27T22:40:00+05:30,2026-08-27 22:40:00,26.8,29.2,22.8,0,0,0,170,0,0,0,0,3.6,626.6,79,0,0,26.7,72,28.6,21.2
2026-08-27T22:35:00+05:30,2026-08-27 22:35:00,26.8,29.2,22.8,0,0,0,170,0,0,0,0,3.6,626.6,79,0,0,26.7,72,28.6,21.2
2026-08-27T22:30:00+05:30,2026-08-27 22:30:00,26.8,29.2,22.8,0,0,0,170,0,0,0,0,3.6,626.6,79,0,0,26.7,72,28.6,21.2
2026-08-27T22:25:00+05:30,2026-08-27 22:25:00,26.8,29.2,22.8,0,0,0,170,0,0,0,0,3.6,626.6,79,0,0,26.8,72,28.6,21.3
2026-08-27T22:20:00+05:30,2026-08-27 22:20:00,26.8,29.2,22.8,0,0,0,170,0,0,0,0,3.6,626.6,79,0,0,26.7,72,28.6,21.2
2026-08-27T22:15:00+05:30,2026-08-27 22:15:00,26.8,29.2,22.8,0,0,0,170,0,0,0,0,3.6,626.6,79,0,0,26.8,72,28.6,21.3
2026-08-27T22:10:00+05:30,2026-08-27 22:10:00,26.9,29.4,22.9,0,0,0,170,0,0,0,0,3.6,626.6,79,0,0,26.8,72,28.6,21.3
2026-08-27T22:05:00+05:30,2026-08-27 22:05:00,26.9,29.4,22.9,0,0,0,170,0,0,0,0,3.6,626.6,79,0,0,26.8,72,28.6,21.3
2026-08-27T22:00:00+05:30,2026-08-27 22:00:00,26.9,29.4,22.9,0,0,0,170,0,0,0,0,3.6,626.6,79,0,0,26.8,72,28.6,21.3
2026-08-27T21:55:00+05:30,2026-08-27 21:55:00,26.9,29.4,22.9,0,0,0,170,0,0,0,0,3.6,626.6,79,0,0,26.8,72,28.6,21.3
2026-08-27T21:50:00+05:30,2026-08-27 21:50:00,26.9,29.4,22.9,0,0,0,170,0,0,0,0,3.6,626.6,79,0,0,26.9,72,28.8,21.4
2026-08-27T21:45:00+05:30,2026-08-27 21:45:00,27,29.6,23,0,0,0,170,0,0,0,0,3.6,626.6,79,0,0,26.9,72,28.8,21.4
2026-08-27T21:40:00+05:30,2026-08-27 21:40:00,27,29.6,23,0,0,0,170,0,0,0,0,3.6,626.6,79,0,0,26.9,72,28.8,21.4
2026-08-27T21:35:00+05:30,2026-08-27 21:35:00,27,29.6,23,0,0,0,170,0,0,0,0,3.6,626.6,79,0,0,26.9,72,28.8,21.4
2026-08-27T21:30:00+05:30,2026-08-27 21:30:00,27,29.6,23,0,0,0,170,0,0,0,0,3.6,626.6,79,0,0,26.9,72,28.8,21.4
2026-08-27T21:25:00+05:30,2026-08-27 21:25:00,27.1,29.9,23.1,0,0,0,170,0,0,0,0,3.6,626.6,79,0,0,27,72,29,21.5
2026-08-27T21:20:00+05:30,2026-08-27 21:20:00,27.1,29.9,23.1,0,0,0,170,0,0,0,0,3.6,626.6,79,0,0,27,72,29,21.5
2026-08-27T21:15:00+05:30,2026-08-27 21:15:00,27.1,29.9,23.1,0,0,0,170,0,0,0,0,3.6,626.6,79,0,0,27,72,29,21.5
2026-08-27T21:10:00+05:30,2026-08-27 21:10:00,27.1,29.9,23.1,0,0,0,170,0,0,0,0,3.6,626.6,79,0,0,27,72,29,21.5
2026-08-27T21:05:00+05:30,2026-08-27 21:05:00,27.2,30.1,23.3,0,0,0,170,0,0,0,0,3.6,626.6,79,0,0,27.1,72,29.2,21.6
2026-08-27T21:00:00+05:30,2026-08-27 21:00:00,27.2,30.1,23.3,0,0,0,170,0,0,0,0,3.6,626.6,79,0,0,27.1,72,29.2,21.6
2026-08-27T20:55:00+05:30,2026-08-27 20:55:00,27.2,30.1,23.3,0,0,0,170,0,0,0,0,3.6,626.6,79,0,0,27.1,72,29.2,21.6
2026-08-27T20:50:00+05:30,2026-08-27 20:50:00,27.2,30.1,23.3,0,0,0,170,0,0,0,0,3.6,626.6,79,0,0,27.1,72,29.2,21.6
2026-08-27T20:45:00+05:30,2026-08-27 20:45:00,27.3,30.3,23.3,0,0,0,170,0,0,0,0,3.6,626.6,79,0,0,27.1,72,29.2,21.6
2026-08-27T20:40:00+05:30,2026-08-27 20:40:00,27.3,30.3,23.3,0,0,0,170,0,0,0,0,3.6,626.6,79,0,0,27.1,72,29.2,21.6
2026-08-27T20:35:00+05:30,2026-08-27 20:35:00,27.3,30.3,23.3,0,0,0,170,0,0,0,0,3.6,626.6,79,0,0,27.2,72,29.4,21.7
2026-08-27T20:30:00+05:30,2026-08-27 20:30:00,27.3,30.3,23.3,0,0,0,170,0,0,0,0,3.6,626.6,79,0,0,27.2,72,29.4,21.7
2026-08-27T20:25:00+05:30,2026-08-27 20:25:00,27.4,30.4,23.2,0,0,0,170,0,0,0,0,3.6,626.6,78,0,0,27.2,72,29.4,21.7
2026-08-27T20:21:00+05:30,2026-08-27 20:21:00,27.4,30.4,23.2,0,0,0,170,0,0,0,0,3.6,626.6,78,0,0,27.2,72,29.4,21.7
2026-08-27T20:15:00+05:30,2026-08-27 20:15:00,27.4,30.4,23.2,0,0,0,170,0,0,0,0,3.6,626.6,78,0,0,27.2,71,29.3,21.5
2026-08-27T20:10:00+05:30,2026-08-27 20:10:00,27.4,30.4,23.2,0,0,0,170,0,0,0,0,3.6,626.6,78,0,0,27.2,71,29.3,21.5
2026-08-27T20:05:00+05:30,2026-08-27 20:05:00,27.4,30.4,23.2,0,0,0,170,0,0,0,0,3.6,626.6,78,0,0,27.2,71,29.3,21.5
2026-08-27T20:00:00+05:30,2026-08-27 20:00:00,27.5,30.6,23.3,0,0,0,170,0,0,0,0,3.6,626.6,78,0,0,27.2,71,29.3,21.5
2026-08-27T19:55:00+05:30,2026-08-27 19:55:00,27.5,30.6,23.3,0,0,0,170,0,0,0,0,3.6,626.6,78,0,0,27.2,71,29.3,21.5
2026-08-27T19:50:00+05:30,2026-08-27 19:50:00,27.5,30.5,23.1,0,0,0,170,0,0,0,0,3.6,626.6,77,0,0,27.3,71,29.4,21.6
2026-08-27T19:45:00+05:30,2026-08-27 19:45:00,27.6,30.8,23.2,0,0,0,170,0,0,0,0,3.6,626.6,77,0,0,27.3,71,29.4,21.6
2026-08-27T19:40:00+05:30,2026-08-27 19:40:00,27.6,30.8,23.2,0,0,0,170,0,0,0,0,3.6,626.6,77,0,0,27.3,71,29.4,21.6
2026-08-27T19:35:00+05:30,2026-08-27 19:35:00,27.6,30.8,23.2,0,0,0,170,0,0,0,0,3.6,626.6,77,0,0,27.3,71,29.4,21.6
2026-08-27T19:30:00+05:30,2026-08-27 19:30:00,27.6,30.8,23.2,0,0,0,170,0,0,0,0,3.6,626.6,77,0,0,27.3,71,29.4,21.6
2026-08-27T19:25:00+05:30,2026-08-27 19:25:00,27.7,31,23.3,0,0,0,170,0,0,0,0,3.6,626.6,77,0,0,27.4,71,29.6,21.7
2026-08-27T19:20:00+05:30,2026-08-27 19:20:00,27.7,31,23.3,0,0,0,170,0,0,0,0,3.6,626.6,77,0,0,27.4,71,29.6,21.7
2026-08-27T19:15:00+05:30,2026-08-27 19:15:00,27.7,31,23.3,0,0,0,170,0,0,0,0,3.6,626.6,77,0,0,27.4,71,29.6,21.7
2026-08-27T19:10:00+05:30,2026-08-27 19:10:00,27.7,30.9,23.1,0,0,0,170,0,0,0,0,3.6,626.6,76,0,0,27.5,71,29.8,21.8
2026-08-27T19:05:00+05:30,2026-08-27 19:05:00,27.8,31,23.1,0,0,0,170,0,0,0,0,3.6,626.6,76,0,0,27.5,71,29.8,21.8
2026-08-27T19:01:00+05:30,2026-08-27 19:01:00,27.8,31,23.1,0,0,0,170,0,0,0,0,3.6,626.6,76,0,0,27.5,71,29.8,21.8
2026-08-27T18:55:00+05:30,2026-08-27 18:55:00,27.8,31,23.1,0,0,0,170,0,0,0,0,3.6,626.6,76,0,0,27.5,70,29.7,21.5
2026-08-27T18:50:00+05:30,2026-08-27 18:50:00,27.8,31,23.1,0,0,0,170,0,0,0,0,3.6,626.6,76,0,0,27.5,70,29.7,21.5
2026-08-27T18:45:00+05:30,2026-08-27 18:45:00,27.9,31.3,23.3,0,0,0,170,0,0,0,0,3.6,626.6,76,0,0,27.5,70,29.7,21.5
2026-08-27T18:40:00+05:30,2026-08-27 18:40:00,27.9,31.3,23.3,0,0,0,170,0,0,0,0,3.6,626.6,76,0,0,27.6,70,29.9,21.6
2026-08-27T18:35:00+05:30,2026-08-27 18:35:00,27.9,31.3,23.3,0,0,0,170,0,0,0,0,3.6,626.6,76,0,0,27.6,70,29.9,21.6
2026-08-27T18:30:00+05:30,2026-08-27 18:30:00,27.9,31.1,23,0,0,0,170,0,0,0,0,3.6,626.6,75,0,0,27.6,70,29.9,21.6
2026-08-27T18:25:00+05:30,2026-08-27 18:25:00,28,31.4,23.1,0,0,0,170,0,0,0,0,3.6,626.6,75,0,0,27.6,70,29.9,21.6
2026-08-27T18:20:00+05:30,2026-08-27 18:20:00,28,31.4,23.1,0,0,0,170,0,0,0,0,3.6,626.6,75,0,0,27.7,70,30.1,21.7
2026-08-27T18:15:00+05:30,2026-08-27 18:15:00,28,31.4,23.1,0,0,0,170,0,0,0,0,3.6,626.6,75,0,0,27.7,70,30.1,21.7
2026-08-27T18:10:00+05:30,2026-08-27 18:10:00,28,31.4,23.1,0,0,0,170,0,0,0,0,3.6,626.6,75,0,0,27.7,70,30.1,21.7
2026-08-27T18:05:00+05:30,2026-08-27 18:05:00,28.1,31.6,23.3,0,0,0,170,0,0,0,0,3.6,626.6,75,0,0,27.7,70,30.1,21.7
2026-08-27T18:00:00+05:30,2026-08-27 18:00:00,28.1,31.6,23.3,0,0,0,170,0,0,0,0,3.6,626.6,75,0,0,27.8,70,30.2,21.8
2026-08-27T17:56:00+05:30,2026-08-27 17:56:00,28.1,31.6,23.3,0,0,0,170,0,0,0,0,3.6,626.6,75,0,0,27.8,70,30.2,21.8
2026-08-27T17:50:00+05:30,2026-08-27 17:50:00,28.1,31.6,23.3,0,0,0,170,0,0,0,0,3.6,626.6,75,0,0,27.8,70,30.2,21.8
2026-08-27T17:45:00+05:30,2026-08-27 17:45:00,28.2,31.9,23.4,0,0,0,170,0,0,0,0,3.6,626.6,75,0,0,27.8,70,30.2,21.8
2026-08-27T17:40:00+05:30,2026-08-27 17:40:00,28.2,31.9,23.4,0,0,0,170,0,0,0,0,3.6,626.6,75,0,0,27.8,70,30.2,21.8
2026-08-27T17:35:00+05:30,2026-08-27 17:35:00,28.2,31.9,23.4,0,0,0,170,0,0,0,0,3.6,626.6,75,0,0,27.9,70,30.4,21.9
2026-08-27T17:30:00+05:30,2026-08-27 17:30:00,28.2,31.9,23.4,0,0,0,170,0,0,0,0,3.6,626.6,75,0,0,27.8,70,30.2,21.8
2026-08-27T17:25:00+05:30,2026-08-27 17:25:00,28.2,31.9,23.4,0,0,0,170,0,0,0,0,3.6,626.6,75,0,0.1,27.9,70,30.4,21.9
2026-08-27T17:20:00+05:30,2026-08-27 17:20:00,28.2,31.9,23.4,0,0,0,170,0,0,0,0,3.6,626.6,75,0,0.1,27.9,70,30.4,21.9
2026-08-27T17:15:00+05:30,2026-08-27 17:15:00,28.2,31.9,23.4,0,0,0,170,0,0,0,0,3.6,626.6,75,0,0.1,27.9,70,30.4,21.9
2026-08-27T17:10:00+05:30,2026-08-27 17:10:00,28.2,31.9,23.4,0,0,0,170,0,0,0,0,3.6,626.6,75,0,0,27.9,70,30.4,21.9
2026-08-27T17:05:00+05:30,2026-08-27 17:05:00,28.2,31.9,23.4,0,0,0,170,0,0,0,0,3.6,626.6,75,0,0.2,27.9,70,30.4,21.9
2026-08-27T17:00:00+05:30,2026-08-27 17:00:00,28.2,31.9,23.4,0,0,0,170,0,0,0,0,3.6,626.6,75,0,0.3,27.8,70,30.2,21.8
2026-08-27T16:55:00+05:30,2026-08-27 16:55:00,28.2,31.9,23.4,0,0,0,170,0,0,0,0,3.6,626.6,75,0,0.4,27.8,70,30.2,21.8
2026-08-27T16:50:00+05:30,2026-08-27 16:50:00,28.2,31.9,23.4,0,0,0,170,0,0,0,0,3.6,626.6,75,0,0.4,27.8,70,30.2,21.8
2026-08-27T16:45:00+05:30,2026-08-27 16:45:00,28.2,31.9,23.4,0,0,0,170,0,0,0,0,3.6,626.6,75,0,0.1,27.8,70,30.2,21.8
2026-08-27T16:40:00+05:30,2026-08-27 16:40:00,28.2,31.9,23.4,0,0,0,170,0,0,0,0,3.6,626.6,75,0,0.1,27.9,70,30.4,21.9
2026-08-27T16:35:00+05:30,2026-08-27 16:35:00,28.2,31.9,23.4,0,0,0,170,0,0,0,0,3.6,626.6,75,0,0,27.9,70,30.4,21.9
2026-08-27T16:30:00+05:30,2026-08-27 16:30:00,28.2,31.9,23.4,0,0,0,170,0,0,0,0,3.6,626.6,75,0,0.1,27.8,70,30.2,21.8
2026-08-27T16:25:00+05:30,2026-08-27 16:25:00,28.2,31.9,23.4,0,0,0,170,0,0,0,0,3.6,626.6,75,0,0.1,27.8,70,30.2,21.8
2026-08-27T16:20:00+05:30,2026-08-27 16:20:00,28.2,31.9,23.4,0,0,0,170,0,0,0,0,3.6,626.6,75,0,0.1,27.9,70,30.4,21.9
2026-08-27T16:15:00+05:30,2026-08-27 16:15:00,28.2,31.9,23.4,0,0,0,170,0,0,0,0,3.6,626.6,75,0,0.1,27.8,70,30.2,21.8
2026-08-27T16:10:00+05:30,2026-08-27 16:10:00,28.2,31.9,23.4,0,0,0,170,0,0,0,0,3.6,626.6,75,0,0.1,27.9,70,30.4,21.9
2026-08-27T16:05:00+05:30,2026-08-27 16:05:00,28.2,31.9,23.4,0,0,0,170,0,0,0,0,3.6,626.6,75,0,0.1,27.9,70,30.4,21.9
2026-08-27T16:00:00+05:30,2026-08-27 16:00:00,28.2,31.9,23.4,0,0,0,170,0,0,0,0,3.6,626.6,75,0,0.1,27.9,70,30.4,21.9
2026-08-27T15:55:00+05:30,2026-08-27 15:55:00,28.2,31.9,23.4,0,0,0,170,0,0,0,0,3.6,626.6,75,0,0.1,27.9,70,30.4,21.9
2026-08-27T15:50:00+05:30,2026-08-27 15:50:00,28.2,31.9,23.4,0,0,0,169,0,0,0,0,3.6,626.6,75,0,0.1,27.9,70,30.4,21.9
2026-08-27T15:45:00+05:30,2026-08-27 15:45:00,28.1,31.6,23.3,0,0,0,170,0,0,0,0,3.6,626.6,75,0,0.1,27.9,71,30.6,22.1
2026-08-27T15:40:00+05:30,2026-08-27 15:40:00,28.1,31.6,23.3,0,0,0,170,0,0,0,0,3.6,626.6,75,0,0.1,27.9,70,30.4,21.9
2026-08-27T15:35:00+05:30,2026-08-27 15:35:00,28.1,31.6,23.3,0,0,0,170,0,0,0,0,3.6,626.6,75,0,0.2,27.8,71,30.4,22
2026-08-27T15:31:00+05:30,2026-08-27 15:31:00,28,31.4,23.1,0,0,0,170,0,0,0,0,3.6,626.6,75,0,0.4,27.8,71,30.4,22
2026-08-27T15:25:00+05:30,2026-08-27 15:25:00,28,31.4,23.1,0,0,0,170,0,0,0,0,3.6,626.6,75,0,0.4,27.8,71,30.4,22
2026-08-27T15:20:00+05:30,2026-08-27 15:20:00,27.9,31.3,23.3,0,0,0,170,0,0,0,0,3.6,626.6,76,0,0.4,27.7,71,30.3,21.9
2026-08-27T15:15:00+05:30,2026-08-27 15:15:00,27.9,31.3,23.3,0,0,0,170,0,0,0,0,3.6,626.6,76,0,0.1,27.7,71,30.3,21.9
2026-08-27T15:10:00+05:30,2026-08-27 15:10:00,27.9,31.3,23.3,0,0,0,169,0,0,0,0,3.6,626.6,76,0,0.1,27.6,71,30.1,21.9
2026-08-27T15:05:00+05:30,2026-08-27 15:05:00,27.8,31,23.1,0,0,0,170,0,0,0,0,3.6,626.6,76,0,0.4,27.6,71,30.1,21.9
2026-08-27T15:00:00+05:30,2026-08-27 15:00:00,27.8,31.1,23.4,0,0,0,170,0,0,0,0,3.6,626.6,77,0,0.2,27.6,72,30.2,22.1
2026-08-27T14:55:00+05:30,2026-08-27 14:55:00,27.8,31.1,23.4,0,0,0,170,0,0,0,0,3.6,626.6,77,0,0.1,27.6,72,30.2,22.1
2026-08-27T14:50:00+05:30,2026-08-27 14:50:00,27.8,31.1,23.4,0,0,0,170,0,0,0,0,3.6,626.6,77,0,0.1,27.6,72,30.2,22.1
2026-08-27T14:45:00+05:30,2026-08-27 14:45:00,27.7,31,23.3,0,0,0,169,0,0,0,0,3.6,626.6,77,0,0.1,27.5,72,29.9,22
2026-08-27T14:40:00+05:30,2026-08-27 14:40:00,27.7,31,23.3,0,0,0,169,0,0,0,0,3.6,626.6,77,0,0.1,27.5,72,29.9,22
2026-08-27T14:35:00+05:30,2026-08-27 14:35:00,27.7,31.1,23.5,0,0,0,169,0,0,0,0,3.6,626.6,78,0,0.2,27.5,72,29.9,22
2026-08-27T14:30:00+05:30,2026-08-27 14:30:00,27.6,30.9,23.4,0,0,0,169,0,0,0,0,3.6,626.6,78,0,0.2,27.4,72,29.7,21.9
2026-08-27T14:26:00+05:30,2026-08-27 14:26:00,27.6,30.8,23.2,0,0,0,169,0,0,0,0,3.6,626.6,77,0,0.2,27.4,72,29.7,21.9
2026-08-27T14:20:00+05:30,2026-08-27 14:20:00,27.5,30.6,23.3,0,0,0,169,0,0,0,0,3.6,626.6,78,0,0.1,27.4,73,29.8,22.1
2026-08-27T14:15:00+05:30,2026-08-27 14:15:00,27.5,30.6,23.3,0,0,0,169,0,0,0,0,3.6,626.6,78,0,0.1,27.3,73,29.6,22
2026-08-27T14:10:00+05:30,2026-08-27 14:10:00,27.4,30.4,23.2,0,0,0,169,0,0,0,0,3.6,626.6,78,0,0.2,27.3,73,29.6,22
2026-08-27T14:05:00+05:30,2026-08-27 14:05:00,27.4,30.4,23.2,0,0,0,170,0,0,0,0,3.6,626.6,78,0,0.1,27.3,73,29.6,22
2026-08-27T14:00:00+05:30,2026-08-27 14:00:00,27.3,30.4,23.5,0,0,0,169,0,0,0,0,3.6,626.6,80,0,0.1,27.3,74,29.7,22.2
2026-08-27T13:55:00+05:30,2026-08-27 13:55:00,27.3,30.5,23.7,0,0,0,169,0,0,0,0,3.6,626.6,81,0,0.1,27.2,74,29.6,22.2
2026-08-27T13:50:00+05:30,2026-08-27 13:50:00,27.2,30.3,23.7,0,0,0,169,0,0,0,0,3.6,626.6,81,0,0.2,27.2,75,29.7,22.4
2026-08-27T13:45:00+05:30,2026-08-27 13:45:00,27.2,30.3,23.7,0,0,0,169,0,0,0,0,3.6,626.6,81,0,0.2,27.1,75,29.5,22.3
2026-08-27T13:40:00+05:30,2026-08-27 13:40:00,27.1,30.2,23.8,0,0,0,169,0,0,0,0,3.6,626.6,82,0,0.1,27,75,29.3,22.2
2026-08-27T13:35:00+05:30,2026-08-27 13:35:00,27.1,30.2,23.8,0,0,0,169,0,0,0,0,3.6,626.6,82,0,0.2,27,75,29.3,22.2
2026-08-27T13:30:00+05:30,2026-08-27 13:30:00,27,30,23.9,0,0,0,169,0,0,0,0,3.6,626.6,83,0,0.2,27,76,29.4,22.4
2026-08-27T13:25:00+05:30,2026-08-27 13:25:00,27,30,23.9,0,0,0,169,0,0,0,0,3.6,626.6,83,0,0.2,26.9,76,29.2,22.3
2026-08-27T13:21:00+05:30,2026-08-27 13:21:00,27,30,23.9,0,0,0,169,0,0,0,0,3.6,626.6,83,0,0.2,26.9,76,29.2,22.3
2026-08-27T13:15:00+05:30,2026-08-27 13:15:00,26.9,29.9,23.9,0,0,0,169,0,0,0,0,3.6,626.6,84,0,0.1,26.8,77,29,22.4
2026-08-27T13:10:00+05:30,2026-08-27 13:10:00,26.9,29.9,23.9,0,0,0,169,0,0,0,0,3.6,626.6,84,0,0.2,26.7,77,28.9,22.3
2026-08-27T13:05:00+05:30,2026-08-27 13:05:00,26.9,29.9,23.9,0,0,0,169,0,0,0,0,3.6,626.6,84,0,0.2,26.7,77,28.9,22.3
2026-08-27T13:00:00+05:30,2026-08-27 13:00:00,26.8,29.6,23.8,0,0,0,169,0,0,0,0,3.6,626.6,84,0,0.2,26.6,77,27.3,22.2
2026-08-27T12:55:00+05:30,2026-08-27 12:55:00,26.8,29.6,23.8,0,0,0,169,0,0,0,0,3.6,626.6,84,0,0.1,26.6,77,27.3,22.2
2026-08-27T12:50:00+05:30,2026-08-27 12:50:00,26.8,29.6,23.8,0,0,0,169,0,0,0,0,3.6,626.6,84,0,0.1,26.5,77,27.2,22.1
2026-08-27T12:45:00+05:30,2026-08-27 12:45:00,26.7,29.5,24,0,0,0,169,0,0,0,0,3.6,626.6,85,0,0.1,26.5,77,27.2,22.1
2026-08-27T12:40:00+05:30,2026-08-27 12:40:00,26.7,29.5,24,0,0,0,169,0,0,0,0,3.6,626.6,85,0,0.2,26.4,78,27.1,22.2
2026-08-27T12:35:00+05:30,2026-08-27 12:35:00,26.6,27.5,23.7,0,0,0,169,0,0,0,0,3.6,626.6,84,0,0.1,26.4,78,27.1,22.2
2026-08-27T12:30:00+05:30,2026-08-27 12:30:00,26.6,27.5,23.7,0,0,0,169,0,0,0,0,3.6,626.6,84,0,0.2,26.3,77,26.9,21.9
2026-08-27T12:25:00+05:30,2026-08-27 12:25:00,26.6,27.5,23.5,0,0,0,169,0,0,0,0,3.6,626.6,83,0,0.2,26.3,77,26.9,21.9
2026-08-27T12:20:00+05:30,2026-08-27 12:20:00,26.5,27.4,23.4,0,0,0,169,0,0,0,0,3.6,626.6,83,0,0.1,26.3,77,26.9,21.9
2026-08-27T12:15:00+05:30,2026-08-27 12:15:00,26.5,27.4,23.4,0,0,0,169,0,0,0,0,3.6,626.6,83,0,0.1,26.2,77,26.9,21.8
2026-08-27T12:10:00+05:30,2026-08-27 12:10:00,26.5,27.4,23.4,0,0,0,169,0,0,0,0,3.6,626.6,83,0,0.1,26.2,77,26.9,21.8
2026-08-27T12:05:00+05:30,2026-08-27 12:05:00,26.5,27.4,23.4,0,0,0,169,0,0,0,0,3.6,626.6,83,0,0.1,26.2,76,26.9,21.7
2026-08-27T12:01:00+05:30,2026-08-27 12:01:00,26.4,27.3,23.3,0,0,0,169,0,0,0,0,3.6,626.6,83,0,0.1,26.2,76,26.9,21.7
2026-08-27T11:55:00+05:30,2026-08-27 11:55:00,26.4,27.3,23.3,0,0,0,169,0,0,0,0,3.6,626.6,83,0,0.1,26.1,76,26.8,21.6
2026-08-27T11:50:00+05:30,2026-08-27 11:50:00,26.4,27.3,23.3,0,0,0,169,0,0,0,0,3.6,626.6,83,0,0.1,26.1,76,26.8,21.6
2026-08-27T11:45:00+05:30,2026-08-27 11:45:00,26.4,27.3,23.3,0,0,0,169,0,0,0,0,3.6,626.6,83,0,0.1,26.1,76,26.8,21.6
2026-08-27T11:40:00+05:30,2026-08-27 11:40:00,26.3,27.1,23.2,0,0,0,169,0,0,0,0,3.6,626.6,83,0,0.1,26.1,76,26.8,21.6
2026-08-27T11:35:00+05:30,2026-08-27 11:35:00,26.3,27.1,23.2,0,0,0,169,0,0,0,0,3.6,626.6,83,0,0.1,26,76,26.7,21.4
2026-08-27T11:30:00+05:30,2026-08-27 11:30:00,26.3,27.1,23.2,0,0,0,169,0,0,0,0,3.6,626.6,83,0,0.1,26,76,26.7,21.4
2026-08-27T11:25:00+05:30,2026-08-27 11:25:00,26.3,27.1,23.2,0,0,0,169,0,0,0,0,3.6,626.6,83,0,0.1,26,77,26.7,21.7
2026-08-27T11:20:00+05:30,2026-08-27 11:20:00,26.3,27.1,23.2,0,0,0,169,0,0,0,0,3.6,626.6,83,0,0.1,25.9,76,26.5,21.3
2026-08-27T11:15:00+05:30,2026-08-27 11:15:00,26.2,27.1,23.1,0,0,0,169,0,0,0,0,3.6,626.6,83,0,0.1,25.9,76,26.5,21.3
2026-08-27T11:10:00+05:30,2026-08-27 11:10:00,26.2,27.1,23.1,0,0,0,169,0,0,0,0,3.6,626.6,83,0,0.1,25.9,76,26.5,21.3
2026-08-27T11:05:00+05:30,2026-08-27 11:05:00,26.2,27.1,23.1,0,0,0,169,0,0,0,0,3.6,626.6,83,0,0.1,25.9,76,26.5,21.3
2026-08-27T11:00:00+05:30,2026-08-27 11:00:00,26.2,27.1,23.1,0,0,0,169,0,0,0,0,3.6,626.6,83,0,0.1,25.9,76,26.5,21.3
2026-08-27T10:56:00+05:30,2026-08-27 10:56:00,26.1,26.9,23,0,0,0,169,0,0,0,0,3.6,626.6,83,0,0,25.9,76,26.5,21.3
2026-08-27T10:50:00+05:30,2026-08-27 10:50:00,26.1,26.9,23,0,0,0,169,0,0,0,0,3.6,626.6,83,0,0,25.8,76,26.4,21.2
2026-08-27T10:45:00+05:30,2026-08-27 10:45:00,26.1,26.9,23,0,0,0,169,0,0,0,0,3.6,626.6,83,0,0.1,25.8,76,26.4,21.2
2026-08-27T10:40:00+05:30,2026-08-27 10:40:00,26.1,26.9,23,0,0,0,169,0,0,0,0,3.6,626.6,83,0,0.1,25.8,76,26.4,21.2
2026-08-27T10:35:00+05:30,2026-08-27 10:35:00,26.1,26.9,23,0,0,0,169,0,0,0,0,3.6,626.6,83,0,0.1,25.8,77,26.4,21.4
2026-08-27T10:30:00+05:30,2026-08-27 10:30:00,26,26.8,23.1,0,0,0,169,0,0,0,0,3.6,626.6,84,0,0.1,25.8,77,26.4,21.4
2026-08-27T10:25:00+05:30,2026-08-27 10:25:00,26,26.8,23.1,0,0,0,169,0,0,0,0,3.6,626.6,84,0,0.1,25.7,77,26.3,21.4
2026-08-27T10:20:00+05:30,2026-08-27 10:20:00,26,26.8,23.1,0,0,0,169,0,0,0,0,3.6,626.6,84,0,0.1,25.8,77,26.4,21.4
2026-08-27T10:15:00+05:30,2026-08-27 10:15:00,26,26.8,23.1,0,0,0,169,0,0,0,0,3.6,626.6,84,0,0.1,25.8,77,26.4,21.4
2026-08-27T10:10:00+05:30,2026-08-27 10:10:00,26,26.9,23.3,0,0,0,169,0,0,0,0,3.6,626.6,85,0,0.1,25.7,77,26.3,21.4
2026-08-27T10:05:00+05:30,2026-08-27 10:05:00,26,26.9,23.3,0,0,0,169,0,0,0,0,3.6,626.6,85,0,0.1,25.7,77,26.3,21.4
2026-08-27T10:00:00+05:30,2026-08-27 10:00:00,26,26.9,23.3,0,0,0,169,0,0,0,0,3.6,626.6,85,0,0,25.7,78,26.4,21.6
2026-08-27T09:55:00+05:30,2026-08-27 09:55:00,25.9,26.8,23.2,0,0,0,169,0,0,0,0,3.6,626.6,85,0,0.1,25.7,78,26.4,21.6
2026-08-27T09:51:00+05:30,2026-08-27 09:51:00,25.9,26.8,23.2,0,0,0,169,0,0,0,0,3.6,626.6,85,0,0.1,25.6,78,26.3,21.5
2026-08-27T09:45:00+05:30,2026-08-27 09:45:00,25.9,26.8,23.2,0,0,0,169,0,0,0,0,3.6,626.6,85,0,0.1,25.6,78,26.3,21.5
2026-08-27T09:40:00+05:30,2026-08-27 09:40:00,25.8,26.6,23.1,0,0,0,169,0,0,0,0,3.6,626.6,85,0,0.1,25.6,78,26.3,21.5
2026-08-27T09:35:00+05:30,2026-08-27 09:35:00,25.8,26.6,23.1,0,0,0,169,0,0,0,0,3.6,626.6,85,0,0.1,25.5,77,26.1,21.2
2026-08-27T09:30:00+05:30,2026-08-27 09:30:00,25.8,26.6,23.1,0,0,0,169,0,0,0,0,3.6,626.6,85,0,0.1,25.5,77,26.1,21.2
2026-08-27T09:25:00+05:30,2026-08-27 09:25:00,25.7,26.6,23,0,0,0,169,0,0,0,0,3.6,626.6,85,0,0.1,25.5,77,26.1,21.2
2026-08-27T09:20:00+05:30,2026-08-27 09:20:00,25.7,26.6,23,0,0,0,169,0,0,0,0,3.6,626.6,85,0,0.1,25.5,77,26.1,21.2
2026-08-27T09:15:00+05:30,2026-08-27 09:15:00,25.7,26.6,23,0,0,0,169,0,0,0,0,3.6,626.6,85,0,0.1,25.4,77,26,21.1
2026-08-27T09:10:00+05:30,2026-08-27 09:10:00,25.7,26.6,23,0,0,0,169,0,0,0,0,3.6,626.6,85,0,0,25.4,77,26,21.1
2026-08-27T09:05:00+05:30,2026-08-27 09:05:00,25.7,26.6,23,0,0,0,169,0,0,0,0,3.6,626.6,85,0,0,25.4,78,26,21.3
2026-08-27T09:00:00+05:30,2026-08-27 09:00:00,25.7,26.6,23,0,0,0,169,0,0,0,0,3.6,626.6,85,0,0,25.4,78,26,21.3
2026-08-27T08:55:00+05:30,2026-08-27 08:55:00,25.7,26.6,23,0,0,0,169,0,0,0,0,3.6,626.6,85,0,0.1,25.4,77,26,21.1
2026-08-27T08:50:00+05:30,2026-08-27 08:50:00,25.6,26.4,22.9,0,0,0,169,0,0,0,0,3.6,626.6,85,0,0.1,25.4,77,26,21.1
2026-08-27T08:45:00+05:30,2026-08-27 08:45:00,25.6,26.4,22.9,0,0,0,169,0,0,0,0,3.6,626.6,85,0,0.1,25.4,77,26,21.1
2026-08-27T08:40:00+05:30,2026-08-27 08:40:00,25.6,26.4,22.9,0,0,0,169,0,0,0,0,3.6,626.6,85,0,0.1,25.3,77,25.9,20.9
2026-08-27T08:35:00+05:30,2026-08-27 08:35:00,25.6,26.4,22.9,0,0,0,169,0,0,0,0,3.6,626.6,85,0,0.1,25.3,77,25.9,20.9
2026-08-27T08:30:00+05:30,2026-08-27 08:30:00,25.6,26.4,22.9,0,0,0,169,0,0,0,0,3.6,626.6,85,0,0.1,25.3,77,25.9,20.9
2026-08-27T08:25:00+05:30,2026-08-27 08:25:00,25.6,26.4,22.9,0,0,0,169,0,0,0,0,3.6,626.6,85,0,0.1,25.3,77,25.9,20.9
2026-08-27T08:20:00+05:30,2026-08-27 08:20:00,25.5,26.3,22.8,0,0,0,169,0,0,0,0,3.6,626.6,85,0,0.1,25.3,77,25.9,20.9
2026-08-27T08:15:00+05:30,2026-08-27 08:15:00,25.5,26.3,22.8,0,0,0,169,0,0,0,0,3.6,626.6,85,0,0.1,25.3,77,25.9,20.9
2026-08-27T08:10:00+05:30,2026-08-27 08:10:00,25.5,26.3,22.6,0,0,0,169,0,0,0,0,3.6,626.6,84,0,0.1,25.3,77,25.9,20.9
2026-08-27T08:05:00+05:30,2026-08-27 08:05:00,25.5,26.3,22.6,0,0,0,169,0,0,0,0,3.6,626.6,84,0,0.1,25.2,77,25.8,20.9
2026-08-27T08:00:00+05:30,2026-08-27 08:00:00,25.5,26.3,22.6,0,0,0,169,0,0,0,0,3.6,626.6,84,0,0,25.2,77,25.8,20.9
2026-08-27T07:55:00+05:30,2026-08-27 07:55:00,25.5,26.3,22.6,0,0,0,169,0,0,0,0,3.6,626.6,84,0,0,25.2,77,25.8,20.9
2026-08-27T07:50:00+05:30,2026-08-27 07:50:00,25.5,26.3,22.6,0,0,0,169,0,0,0,0,3.6,626.6,84,0,0,25.2,77,25.8,20.9
2026-08-27T07:45:00+05:30,2026-08-27 07:45:00,25.5,26.3,22.6,0,0,0,169,0,0,0,0,3.6,626.6,84,0,0,25.2,77,25.8,20.9
2026-08-27T07:40:00+05:30,2026-08-27 07:40:00,25.5,26.3,22.6,0,0,0,169,0,0,0,0,3.6,626.6,84,0,0,25.2,77,25.8,20.9
2026-08-27T07:35:00+05:30,2026-08-27 07:35:00,25.5,26.3,22.6,0,0,0,169,0,0,0,0,3.6,626.6,84,0,0,25.2,77,25.8,20.9
2026-08-27T07:30:00+05:30,2026-08-27 07:30:00,25.4,26.2,22.5,0,0,0,169,0,0,0,0,3.6,626.6,84,0,0,25.2,77,25.8,20.9
2026-08-27T07:26:00+05:30,2026-08-27 07:26:00,25.4,26.2,22.5,0,0,0,169,0,0,0,0,3.6,626.6,84,0,0,25.2,77,25.8,20.9
2026-08-27T07:20:00+05:30,2026-08-27 07:20:00,25.4,26.2,22.5,0,0,0,169,0,0,0,0,3.6,626.6,84,0,0,25.2,77,25.8,20.9
2026-08-27T07:15:00+05:30,2026-08-27 07:15:00,25.4,26.2,22.5,0,0,0,169,0,0,0,0,3.6,626.6,84,0,0,25.2,77,25.8,20.9
2026-08-27T07:10:00+05:30,2026-08-27 07:10:00,25.4,26.2,22.5,0,0,0,169,0,0,0,0,3.6,626.6,84,0,0,25.2,77,25.8,20.9
2026-08-27T07:05:00+05:30,2026-08-27 07:05:00,25.4,26.2,22.5,0,0,0,169,0,0,0,0,3.6,626.6,84,0,0,25.2,77,25.8,20.9
2026-08-27T07:00:00+05:30,2026-08-27 07:00:00,25.4,26.2,22.5,0,0,0,169,0,0,0,0,3.6,626.6,84,0,0,25.2,76,25.8,20.7
2026-08-27T06:55:00+05:30,2026-08-27 06:55:00,25.3,26.1,22.4,0,0,0,169,0,0,0,0,3.6,626.6,84,0,0,25.2,76,25.8,20.7
2026-08-27T06:50:00+05:30,2026-08-27 06:50:00,25.4,26.2,22.5,0,0,0,169,0,0,0,0,3.6,626.6,84,0,0,25.2,76,25.8,20.7
2026-08-27T06:45:00+05:30,2026-08-27 06:45:00,25.4,26.2,22.5,0,0,0,169,0,0,0,0,3.6,626.6,84,0,0,25.2,76,25.8,20.7
2026-08-27T06:40:00+05:30,2026-08-27 06:40:00,25.4,26.2,22.5,0,0,0,169,0,0,0,0,3.6,626.6,84,0,0,25.2,76,25.8,20.7
2026-08-27T06:35:00+05:30,2026-08-27 06:35:00,25.4,26.2,22.5,0,0,0,169,0,0,0,0,3.6,626.6,84,0,0,25.2,76,25.8,20.7
2026-08-27T06:30:00+05:30,2026-08-27 06:30:00,25.4,26.2,22.5,0,0,0,169,0,0,0,0,3.6,626.6,84,0,0,25.2,76,25.8,20.7
2026-08-27T06:25:00+05:30,2026-08-27 06:25:00,25.4,26.2,22.5,0,0,0,169,0,0,0,0,3.6,626.6,84,0,0,25.2,76,25.8,20.7
2026-08-27T06:21:00+05:30,2026-08-27 06:21:00,25.4,26.2,22.3,0,0,0,169,0,0,0,0,3.6,626.6,83,0,0,25.2,76,25.8,20.7
2026-08-27T06:15:00+05:30,2026-08-27 06:15:00,25.4,26.2,22.3,0,0,0,169,0,0,0,0,3.6,626.6,83,0,0,25.2,76,25.8,20.7
2026-08-27T06:10:00+05:30,2026-08-27 06:10:00,25.5,26.3,22.4,0,0,0,169,0,0,0,0,3.6,626.6,83,0,0,25.2,76,25.8,20.7
2026-08-27T06:05:00+05:30,2026-08-27 06:05:00,25.5,26.3,22.4,0,0,0,169,0,0,0,0,3.6,626.6,83,0,0,25.2,76,25.8,20.7
2026-08-27T06:00:00+05:30,2026-08-27 06:00:00,25.5,26.3,22.4,0,0,0,169,0,0,0,0,3.6,626.6,83,0,0,25.2,76,25.8,20.7
2026-08-27T05:55:00+05:30,2026-08-27 05:55:00,25.5,26.3,22.4,0,0,0,169,0,0,0,0,3.6,626.6,83,0,0,25.2,76,25.8,20.7
2026-08-27T05:50:00+05:30,2026-08-27 05:50:00,25.5,26.3,22.4,0,0,0,169,0,0,0,0,3.6,626.6,83,0,0,25.2,76,25.8,20.7
2026-08-27T05:45:00+05:30,2026-08-27 05:45:00,25.5,26.3,22.4,0,0,0,169,0,0,0,0,3.6,626.6,83,0,0,25.2,76,25.8,20.7
2026-08-27T05:40:00+05:30,2026-08-27 05:40:00,25.5,26.3,22.4,0,0,0,169,0,0,0,0,3.6,626.6,83,0,0,25.3,76,25.8,20.7
2026-08-27T05:35:00+05:30,2026-08-27 05:35:00,25.5,26.3,22.4,0,0,0,169,0,0,0,0,3.6,626.6,83,0,0,25.2,76,25.8,20.7
2026-08-27T05:30:00+05:30,2026-08-27 05:30:00,25.5,26.3,22.4,0,0,0,169,0,0,0,0,3.6,626.6,83,0,0,25.2,76,25.8,20.7
2026-08-27T05:25:00+05:30,2026-08-27 05:25:00,25.5,26.3,22.4,0,0,0,169,0,0,0,0,3.6,626.6,83,0,0,25.2,76,25.8,20.7
2026-08-27T05:20:00+05:30,2026-08-27 05:20:00,25.5,26.3,22.4,0,0,0,169,0,0,0,0,3.6,626.6,83,0,0,25.3,76,25.8,20.7
2026-08-27T05:16:00+05:30,2026-08-27 05:16:00,25.5,26.3,22.4,0,0,0,169,0,0,0,0,3.6,626.6,83,0,0,25.3,76,25.8,20.7
2026-08-27T05:10:00+05:30,2026-08-27 05:10:00,25.5,26.3,22.4,0,0,0,169,0,0,0,0,3.6,626.6,83,0,0,25.3,76,25.8,20.7
2026-08-27T05:05:00+05:30,2026-08-27 05:05:00,25.5,26.3,22.4,0,0,0,169,0,0,0,0,3.6,626.6,83,0,0,25.3,76,25.8,20.7
2026-08-27T05:00:00+05:30,2026-08-27 05:00:00,25.5,26.3,22.4,0,0,0,169,0,0,0,0,3.6,626.6,83,0,0,25.2,76,25.8,20.7
2026-08-27T04:55:00+05:30,2026-08-27 04:55:00,25.5,26.3,22.4,0,0,0,169,0,0,0,0,3.6,626.6,83,0,0,25.2,76,25.8,20.7
2026-08-27T04:50:00+05:30,2026-08-27 04:50:00,25.5,26.3,22.4,0,0,0,169,0,0,0,0,3.6,626.6,83,0,0,25.3,76,25.8,20.7
2026-08-27T04:45:00+05:30,2026-08-27 04:45:00,25.5,26.3,22.4,0,0,0,169,0,0,0,0,3.6,626.6,83,0,0,25.3,76,25.8,20.7
2026-08-27T04:40:00+05:30,2026-08-27 04:40:00,25.5,26.3,22.4,0,0,0,169,0,0,0,0,3.6,626.6,83,0,0,25.3,76,25.8,20.7
2026-08-27T04:35:00+05:30,2026-08-27 04:35:00,25.5,26.3,22.4,0,0,0,169,0,0,0,0,3.6,626.6,83,0,0,25.3,76,25.8,20.7
2026-08-27T04:30:00+05:30,2026-08-27 04:30:00,25.5,26.3,22.4,0,0,0,169,0,0,0,0,3.6,626.6,83,0,0,25.3,76,25.8,20.7
2026-08-27T04:25:00+05:30,2026-08-27 04:25:00,25.6,26.4,22.5,0,0,0,169,0,0,0,0,3.6,626.6,83,0,0,25.3,76,25.8,20.7
2026-08-27T04:20:00+05:30,2026-08-27 04:20:00,25.6,26.4,22.5,0,0,0,169,0,0,0,0,3.6,626.6,83,0,0,25.3,76,25.8,20.7
2026-08-27T04:15:00+05:30,2026-08-27 04:15:00,25.6,26.4,22.5,0,0,0,169,0,0,0,0,3.6,626.6,83,0,0,25.3,76,25.8,20.7
2026-08-27T04:10:00+05:30,2026-08-27 04:10:00,25.6,26.4,22.5,0,0,0,169,0,0,0,0,3.6,626.6,83,0,0,25.3,76,25.8,20.7
2026-08-27T04:05:00+05:30,2026-08-27 04:05:00,25.6,26.4,22.5,0,0,0,169,0,0,0,0,3.6,626.6,83,0,0,25.3,76,25.8,20.7
2026-08-27T04:00:00+05:30,2026-08-27 04:00:00,25.6,26.4,22.5,0,0,0,169,0,0,0,0,3.6,626.6,83,0,0,25.3,76,25.8,20.7
2026-08-27T03:55:00+05:30,2026-08-27 03:55:00,25.6,26.4,22.5,0,0,0,169,0,0,0,0,3.6,626.6,83,0,0,25.3,76,25.8,20.7
2026-08-27T03:50:00+05:30,2026-08-27 03:50:00,25.6,26.4,22.5,0,0,0,169,0,0,0,0,3.6,626.6,83,0,0,25.3,76,25.8,20.7
2026-08-27T03:45:00+05:30,2026-08-27 03:45:00,25.6,26.4,22.5,0,0,0,169,0,0,0,0,3.6,626.6,83,0,0,25.4,76,25.9,20.8
2026-08-27T03:40:00+05:30,2026-08-27 03:40:00,25.6,26.4,22.5,0,0,0,169,0,0,0,0,3.6,626.6,83,0,0,25.4,76,25.9,20.8
2026-08-27T03:35:00+05:30,2026-08-27 03:35:00,25.6,26.4,22.5,0,0,0,169,0,0,0,0,3.6,626.6,83,0,0,25.4,76,25.9,20.8
2026-08-27T03:30:00+05:30,2026-08-27 03:30:00,25.6,26.4,22.5,0,0,0,169,0,0,0,0,3.6,626.6,83,0,0,25.4,76,25.9,20.8
2026-08-27T03:25:00+05:30,2026-08-27 03:25:00,25.6,26.4,22.5,0,0,0,169,0,0,0,0,3.6,626.6,83,0,0,25.4,76,25.9,20.8
2026-08-27T03:20:00+05:30,2026-08-27 03:20:00,25.6,26.4,22.5,0,0,0,169,0,0,0,0,3.6,626.6,83,0,0,25.4,76,25.9,20.8
2026-08-27T03:15:00+05:30,2026-08-27 03:15:00,25.6,26.4,22.5,0,0,0,169,0,0,0,0,3.6,626.6,83,0,0,25.4,76,25.9,20.8
2026-08-27T03:10:00+05:30,2026-08-27 03:10:00,25.6,26.4,22.5,0,0,0,169,0,0,0,0,3.6,626.6,83,0,0,25.4,77,26,21.1
2026-08-27T03:05:00+05:30,2026-08-27 03:05:00,25.6,26.4,22.7,0,0,0,169,0,0,0,0,3.6,626.6,84,0,0,25.5,77,26.1,21.2
2026-08-27T03:00:00+05:30,2026-08-27 03:00:00,25.6,26.4,22.7,0,0,0,169,0,0,0,0,3.6,626.6,84,0,0,25.5,77,26.1,21.2
2026-08-27T02:55:00+05:30,2026-08-27 02:55:00,25.6,26.4,22.7,0,0,0,169,0,0,0,0,3.6,626.6,84,0,0,25.5,77,26.1,21.2
2026-08-27T02:51:00+05:30,2026-08-27 02:51:00,25.7,26.5,22.8,0,0,0,169,0,0,0,0,3.6,626.6,84,0,0,25.5,77,26.1,21.2
2026-08-27T02:45:00+05:30,2026-08-27 02:45:00,25.7,26.5,22.8,0,0,0,169,0,0,0,0,3.6,626.6,84,0,0,25.5,77,26.1,21.2
2026-08-27T02:40:00+05:30,2026-08-27 02:40:00,25.7,26.6,23,0,0,0,169,0,0,0,0,3.6,626.6,85,0,0,25.5,77,26.1,21.2
2026-08-27T02:35:00+05:30,2026-08-27 02:35:00,25.7,26.6,23,0,0,0,169,0,0,0,0,3.6,626.6,85,0,0,25.5,77,26.1,21.2
2026-08-27T02:30:00+05:30,2026-08-27 02:30:00,25.7,26.6,23,0,0,0,169,0,0,0,0,3.6,626.6,85,0,0,25.5,77,26.1,21.2
2026-08-27T02:25:00+05:30,2026-08-27 02:25:00,25.7,26.6,23,0,0,0,169,0,0,0,0,3.6,626.6,85,0,0,25.5,77,26.1,21.2
2026-08-27T02:20:00+05:30,2026-08-27 02:20:00,25.7,26.6,23,0,0,0,169,0,0,0,0,3.6,626.6,85,0,0,25.5,77,26.1,21.2
2026-08-27T02:15:00+05:30,2026-08-27 02:15:00,25.7,26.6,23,0,0,0,169,0,0,0,0,3.6,626.6,85,0,0,25.5,77,26.1,21.2
2026-08-27T02:10:00+05:30,2026-08-27 02:10:00,25.7,26.6,23,0,0,0,169,0,0,0,0,3.6,626.6,85,0,0,25.5,77,26.1,21.2
2026-08-27T02:05:00+05:30,2026-08-27 02:05:00,25.7,26.6,23,0,0,0,169,0,0,0,0,3.6,626.6,85,0,0,25.5,77,26.1,21.2
2026-08-27T02:00:00+05:30,2026-08-27 02:00:00,25.8,26.6,23.1,0,0,0,169,0,0,0,0,3.6,626.6,85,0,0,25.6,77,26.2,21.3
2026-08-27T01:55:00+05:30,2026-08-27 01:55:00,25.8,26.6,23.1,0,0,0,169,0,0,0,0,3.6,626.6,85,0,0,25.6,77,26.2,21.3
2026-08-27T01:50:00+05:30,2026-08-27 01:50:00,25.8,26.6,23.1,0,0,0,169,0,0,0,0,3.6,626.6,85,0,0,25.6,77,26.2,21.3
2026-08-27T01:46:00+05:30,2026-08-27 01:46:00,25.8,26.6,23.1,0,0,0,169,0,0,0,0,3.6,626.6,85,0,0,25.6,77,26.2,21.3
2026-08-27T01:40:00+05:30,2026-08-27 01:40:00,25.8,26.6,23.1,0,0,0,169,0,0,0,0,3.6,626.6,85,0,0,25.6,77,26.2,21.3
2026-08-27T01:35:00+05:30,2026-08-27 01:35:00,25.8,26.6,23.1,0,0,0,169,0,0,0,0,3.6,626.6,85,0,0,25.6,77,26.2,21.3
2026-08-27T01:30:00+05:30,2026-08-27 01:30:00,25.8,26.6,23.1,0,0,0,169,0,0,0,0,3.6,626.6,85,0,0,25.6,77,26.2,21.3
2026-08-27T01:25:00+05:30,2026-08-27 01:25:00,25.8,26.6,23.1,0,0,0,169,0,0,0,0,3.6,626.6,85,0,0,25.7,77,26.3,21.4
2026-08-27T01:20:00+05:30,2026-08-27 01:20:00,25.8,26.6,23.1,0,0,0,169,0,0,0,0,3.6,626.6,85,0,0,25.7,77,26.3,21.4
2026-08-27T01:15:00+05:30,2026-08-27 01:15:00,25.8,26.6,23.1,0,0,0,169,0,0,0,0,3.6,626.6,85,0,0,25.7,77,26.3,21.4
2026-08-27T01:10:00+05:30,2026-08-27 01:10:00,25.9,26.8,23.2,0,0,0,169,0,0,0,0,3.6,626.6,85,0,0,25.7,77,26.3,21.4
2026-08-27T01:05:00+05:30,2026-08-27 01:05:00,25.9,26.8,23.2,0,0,0,169,0,0,0,0,3.6,626.6,85,0,0,25.7,77,26.3,21.4
2026-08-27T01:00:00+05:30,2026-08-27 01:00:00,25.9,26.8,23.2,0,0,0,169,0,0,0,0,3.6,626.6,85,0,0,25.7,77,26.3,21.4
2026-08-27T00:55:00+05:30,2026-08-27 00:55:00,25.9,26.8,23.2,0,0,0,169,0,0,0,0,3.6,626.6,85,0,0,25.7,77,26.3,21.4
2026-08-27T00:50:00+05:30,2026-08-27 00:50:00,25.9,26.8,23.2,0,0,0,169,0,0,0,0,3.6,626.6,85,0,0,25.7,77,26.3,21.4
2026-08-27T00:45:00+05:30,2026-08-27 00:45:00,25.9,26.8,23.2,0,0,0,169,0,0,0,0,3.6,626.6,85,0,0,25.8,77,26.4,21.4
2026-08-27T00:41:00+05:30,2026-08-27 00:41:00,25.9,26.8,23.2,0,0,0,169,0,0,0,0,3.6,626.6,85,0,0,25.8,77,26.4,21.4
2026-08-27T00:35:00+05:30,2026-08-27 00:35:00,25.9,26.8,23.2,0,0,0,169,0,0,0,0,3.6,626.6,85,0,0,25.8,77,26.4,21.4
2026-08-27T00:30:00+05:30,2026-08-27 00:30:00,25.9,26.8,23.2,0,0,0,169,0,0,0,0,3.6,626.6,85,0,0,25.8,77,26.4,21.4
2026-08-27T00:25:00+05:30,2026-08-27 00:25:00,25.9,26.8,23.2,0,0,0,169,0,0,0,0,3.6,626.6,85,0,0,25.8,77,26.4,21.4
2026-08-27T00:20:00+05:30,2026-08-27 00:20:00,25.9,26.8,23.2,0,0,0,169,0,0,0,0,3.6,626.6,85,0,0,25.8,77,26.4,21.4
2026-08-27T00:15:00+05:30,2026-08-27 00:15:00,25.9,26.8,23.2,0,0,0,169,0,0,0,0,3.6,626.6,85,0,0,25.8,77,26.4,21.4
2026-08-27T00:10:00+05:30,2026-08-27 00:10:00,25.9,26.8,23.2,0,0,0,169,0,0,0,0,3.6,626.6,85,0,0,25.8,77,26.4,21.4
2026-08-27T00:05:00+05:30,2026-08-27 00:05:00,25.9,26.8,23.2,0,0,0,169,0,0,0,0,3.6,626.6,85,0,0,25.8,77,26.4,21.4
2026-08-27T00:00:00+05:30,2026-08-27 00:00:00,25.9,26.8,23.2,0,0,0,169,0,0,0,0,3.6,626.6,85,0,0,25.8,77,26.4,21.4
2026-08-26T23:55:00+05:30,2026-08-26 23:55:00,25.9,26.8,23.2,0,0,0,169,0,0,0,0,3.6,626.6,85,0,0,25.8,77,26.4,21.4
2026-08-26T23:50:00+05:30,2026-08-26 23:50:00,25.9,26.8,23.2,0,0,0,169,0,0,0,0,3.6,626.6,85,0,0,25.8,77,26.4,21.4
2026-08-26T23:45:00+05:30,2026-08-26 23:45:00,26,26.9,23.3,0,0,0,169,0,0,0,0,3.6,626.6,85,0,0,25.8,77,26.4,21.4
2026-08-26T23:40:00+05:30,2026-08-26 23:40:00,26,26.9,23.3,0,0,0,169,0,0,0,0,3.6,626.6,85,0,0,25.8,77,26.4,21.4
2026-08-26T23:35:00+05:30,2026-08-26 23:35:00,26,26.9,23.3,0,0,0,169,0,0,0,0,3.6,626.6,85,0,0,25.8,77,26.4,21.4
2026-08-26T23:30:00+05:30,2026-08-26 23:30:00,26,26.9,23.3,0,0,0,169,0,0,0,0,3.6,626.6,85,0,0,25.8,77,26.4,21.4
2026-08-26T23:25:00+05:30,2026-08-26 23:25:00,26,26.9,23.3,0,0,0,169,0,0,0,0,3.6,626.6,85,0,0,25.8,77,26.4,21.4
2026-08-26T23:21:00+05:30,2026-08-26 23:21:00,26,26.9,23.3,0,0,0,169,0,0,0,0,3.6,626.6,85,0,0,25.8,77,26.4,21.4
2026-08-26T23:15:00+05:30,2026-08-26 23:15:00,26,26.9,23.3,0,0,0,169,0,0,0,0,3.6,626.6,85,0,0,25.8,77,26.4,21.4
2026-08-26T23:10:00+05:30,2026-08-26 23:10:00,26,26.9,23.3,0,0,0,169,0,0,0,0,3.6,626.6,85,0,0,25.8,77,26.4,21.4
2026-08-26T23:05:00+05:30,2026-08-26 23:05:00,26,26.9,23.3,0,0,0,169,0,0,0,0,3.6,626.6,85,0,0,25.8,77,26.4,21.4
2026-08-26T23:00:00+05:30,2026-08-26 23:00:00,26.1,27,23.4,0,0,0,169,0,0,0,0,3.6,626.6,85,0,0,25.8,77,26.4,21.4
2026-08-26T22:55:00+05:30,2026-08-26 22:55:00,26.1,27,23.4,0,0,0,169,0,0,0,0,3.6,626.6,85,0,0,25.8,77,26.4,21.4
2026-08-26T22:50:00+05:30,2026-08-26 22:50:00,26.1,27,23.4,0,0,0,169,0,0,0,0,3.6,626.6,85,0,0,25.8,77,26.4,21.4
2026-08-26T22:45:00+05:30,2026-08-26 22:45:00,26.1,27,23.4,0,0,0,169,0,0,0,0,3.6,626.6,85,0,0,25.9,77,26.6,21.6
2026-08-26T22:40:00+05:30,2026-08-26 22:40:00,26.1,27,23.4,0,0,0,169,0,0,0,0,3.6,626.6,85,0,0,25.8,77,26.4,21.4
2026-08-26T22:35:00+05:30,2026-08-26 22:35:00,26.1,27,23.2,0,0,0,169,0,0,0,0,3.6,626.6,84,0,0,25.9,77,26.6,21.6
2026-08-26T22:30:00+05:30,2026-08-26 22:30:00,26.1,27,23.2,0,0,0,169,0,0,0,0,3.6,626.6,84,0,0,25.8,77,26.4,21.4
2026-08-26T22:25:00+05:30,2026-08-26 22:25:00,26.1,27,23.2,0,0,0,169,0,0,0,0,3.6,626.6,84,0,0,25.8,77,26.4,21.4
2026-08-26T22:20:00+05:30,2026-08-26 22:20:00,26.2,27.1,23.3,0,0,0,169,0,0,0,0,3.6,626.6,84,0,0,25.8,77,26.4,21.4
2026-08-26T22:16:00+05:30,2026-08-26 22:16:00,26.2,27.1,23.3,0,0,0,169,0,0,0,0,3.6,626.6,84,0,0,25.9,77,26.6,21.6
2026-08-26T22:10:00+05:30,2026-08-26 22:10:00,26.2,27.1,23.3,0,0,0,169,0,0,0,0,3.6,626.6,84,0,0,25.8,77,26.4,21.4
2026-08-26T22:05:00+05:30,2026-08-26 22:05:00,26.2,27.1,23.3,0,0,0,169,0,0,0,0,3.6,626.6,84,0,0,25.8,77,26.4,21.4
2026-08-26T22:00:00+05:30,2026-08-26 22:00:00,26.2,27.1,23.3,0,0,0,169,0,0,0,0,3.6,626.6,84,0,0,25.8,77,26.4,21.4
2026-08-26T21:55:00+05:30,2026-08-26 21:55:00,26.2,27.1,23.3,0,0,0,169,0,0,0,0,3.6,626.6,84,0,0,25.8,77,26.4,21.4
2026-08-26T21:50:00+05:30,2026-08-26 21:50:00,26.3,27.2,23.4,0,0,0,169,0,0,0,0,3.6,626.6,84,0,0,25.8,77,26.4,21.4
2026-08-26T21:45:00+05:30,2026-08-26 21:45:00,26.3,27.2,23.4,0,0,0,169,0,0,0,0,3.6,626.6,84,0,0,25.9,77,26.6,21.6
2026-08-26T21:40:00+05:30,2026-08-26 21:40:00,26.3,27.2,23.4,0,0,0,169,0,0,0,0,3.6,626.6,84,0,0,25.9,77,26.6,21.6
2026-08-26T21:35:00+05:30,2026-08-26 21:35:00,26.3,27.2,23.4,0,0,0,169,0,0,0,0,3.6,626.6,84,0,0,25.9,77,26.6,21.6
2026-08-26T21:30:00+05:30,2026-08-26 21:30:00,26.3,27.2,23.4,0,0,0,169,0,0,0,0,3.6,626.6,84,0,0,25.9,77,26.6,21.6
2026-08-26T21:25:00+05:30,2026-08-26 21:25:00,26.4,27.3,23.5,0,0,0,169,0,0,0,0,3.6,626.6,84,0,0,25.9,77,26.6,21.6
2026-08-26T21:20:00+05:30,2026-08-26 21:20:00,26.4,27.3,23.5,0,0,0,169,0,0,0,0,3.6,626.6,84,0,0,25.9,77,26.6,21.6
2026-08-26T21:15:00+05:30,2026-08-26 21:15:00,26.4,27.3,23.5,0,0,0,169,0,0,0,0,3.6,626.6,84,0,0,26,77,26.7,21.7
2026-08-26T21:11:00+05:30,2026-08-26 21:11:00,26.4,27.3,23.5,0,0,0,169,0,0,0,0,3.6,626.6,84,0,0,26,77,26.7,21.7
2026-08-26T21:05:00+05:30,2026-08-26 21:05:00,26.4,27.3,23.5,0,0,0,169,0,0,0,0,3.6,626.6,84,0,0,26,77,26.7,21.7
2026-08-26T21:00:00+05:30,2026-08-26 21:00:00,26.4,27.3,23.5,0,0,0,169,0,0,0,0,3.6,626.6,84,0,0,26,77,26.7,21.7
2026-08-26T20:55:00+05:30,2026-08-26 20:55:00,26.5,27.4,23.6,0,0,0,169,0,0,0,0,3.6,626.6,84,0,0,26,77,26.7,21.7
2026-08-26T20:50:00+05:30,2026-08-26 20:50:00,26.5,27.4,23.6,0,0,0,169,0,0,0,0,3.6,626.6,84,0,0,26.1,77,26.8,21.8
2026-08-26T20:45:00+05:30,2026-08-26 20:45:00,26.5,27.4,23.6,0,0,0,169,0,0,0,0,3.6,626.6,84,0,0,26.1,77,26.8,21.8
2026-08-26T20:40:00+05:30,2026-08-26 20:40:00,26.6,27.5,23.7,0,0,0,169,0,0,0,0,3.6,626.6,84,0,0,26.2,77,26.9,21.8
2026-08-26T20:35:00+05:30,2026-08-26 20:35:00,26.6,27.5,23.7,0,0,0,169,0,0,0,0,3.6,626.6,84,0,0,26.2,77,26.9,21.8
2026-08-26T20:30:00+05:30,2026-08-26 20:30:00,26.6,27.5,23.7,0,0,0,169,0,0,0,0,3.6,626.6,84,0,0,26.2,77,26.9,21.8
2026-08-26T20:25:00+05:30,2026-08-26 20:25:00,26.7,29.5,23.8,0,0,0,169,0,0,0,0,3.6,626.6,84,0,0,26.3,77,26.9,21.9
2026-08-26T20:20:00+05:30,2026-08-26 20:20:00,26.7,29.5,23.8,0,0,0,169,0,0,0,0,3.6,626.6,84,0,0,26.3,77,26.9,21.9
2026-08-26T20:15:00+05:30,2026-08-26 20:15:00,26.7,29.5,23.8,0,0,0,169,0,0,0,0,3.6,626.6,84,0,0,26.3,77,26.9,21.9
2026-08-26T20:10:00+05:30,2026-08-26 20:10:00,26.7,29.5,23.8,0,0,0,169,0,0,0,0,3.6,626.6,84,0,0,26.3,77,26.9,21.9
2026-08-26T20:05:00+05:30,2026-08-26 20:05:00,26.7,29.5,23.8,0,0,0,169,0,0,0,0,3.6,626.6,84,0,0,26.4,77,27.1,22
2026-08-26T20:00:00+05:30,2026-08-26 20:00:00,26.8,29.6,23.8,0,0,0,169,0,0,0,0,3.6,626.6,84,0,0,26.4,77,27.1,22
2026-08-26T19:55:00+05:30,2026-08-26 19:55:00,26.8,29.6,23.8,0,0,0,169,0,0,0,0,3.6,626.6,84,0,0,26.5,77,27.2,22.1
2026-08-26T19:50:00+05:30,2026-08-26 19:50:00,26.8,29.6,23.8,0,0,0,169,0,0,0,0,3.6,626.6,84,0,0,26.5,77,27.2,22.1
2026-08-26T19:45:00+05:30,2026-08-26 19:45:00,26.8,29.6,23.8,0,0,0,169,0,0,0,0,3.6,626.6,84,0,0,26.5,77,27.2,22.1
2026-08-26T19:40:00+05:30,2026-08-26 19:40:00,26.8,29.6,23.8,0,0,0,169,0,0,0,0,3.6,626.6,84,0,0,26.5,77,27.2,22.1
2026-08-26T19:35:00+05:30,2026-08-26 19:35:00,26.9,29.9,23.9,0,0,0,169,0,0,0,0,3.6,626.6,84,0,0,26.6,77,27.3,22.2
2026-08-26T19:30:00+05:30,2026-08-26 19:30:00,26.9,29.9,23.9,0,0,0,169,0,0,0,0,3.6,626.6,84,0,0,26.6,77,27.3,22.2
2026-08-26T19:25:00+05:30,2026-08-26 19:25:00,26.9,29.9,23.9,0,0,0,169,0,0,0,0,3.6,626.6,84,0,0,26.6,77,27.3,22.2
2026-08-26T19:20:00+05:30,2026-08-26 19:20:00,26.9,29.9,23.9,0,0,0,169,0,0,0,0,3.6,626.6,84,0,0,26.7,77,28.9,22.3
2026-08-26T19:15:00+05:30,2026-08-26 19:15:00,27,30.1,24.1,0,0,0,169,0,0,0,0,3.6,626.6,84,0,0,26.7,77,28.9,22.3
2026-08-26T19:10:00+05:30,2026-08-26 19:10:00,27,30.1,24.1,0,0,0,169,0,0,0,0,3.6,626.6,84,0,0,26.7,77,28.9,22.3
2026-08-26T19:05:00+05:30,2026-08-26 19:05:00,27,30.1,24.1,0,0,0,169,0,0,0,0,3.6,626.6,84,0,0,26.8,77,29,22.4
2026-08-26T19:01:00+05:30,2026-08-26 19:01:00,27,30.1,24.1,0,0,0,169,0,0,0,0,3.6,626.6,84,0,0,26.8,76,28.9,22.2
2026-08-26T18:55:00+05:30,2026-08-26 18:55:00,27.1,30.4,24.2,0,0,0,169,0,0,0,0,3.6,626.6,84,0,0,26.8,76,28.9,22.2
2026-08-26T18:50:00+05:30,2026-08-26 18:50:00,27.1,30.4,24.2,0,0,0,169,0,0,0,0,3.6,626.6,84,0,0,26.8,76,28.9,22.2
2026-08-26T18:45:00+05:30,2026-08-26 18:45:00,27.1,30.4,24.2,0,0,0,169,0,0,0,0,3.6,626.6,84,0,0,26.9,76,29.2,22.3
2026-08-26T18:40:00+05:30,2026-08-26 18:40:00,27.2,30.7,24.3,0,0,0,169,0,0,0,0,3.6,626.6,84,0,0,26.9,76,29.2,22.3
2026-08-26T18:35:00+05:30,2026-08-26 18:35:00,27.2,30.7,24.3,0,0,0,169,0,0,0,0,3.6,626.6,84,0,0,26.9,76,29.2,22.3
2026-08-26T18:30:00+05:30,2026-08-26 18:30:00,27.2,30.7,24.3,0,0,0,169,0,0,0,0,3.6,626.6,84,0,0,26.9,76,29.2,22.3
2026-08-26T18:25:00+05:30,2026-08-26 18:25:00,27.2,30.7,24.3,0,0,0,169,0,0,0,0,3.6,626.6,84,0,0,26.9,76,29.2,22.3
2026-08-26T18:20:00+05:30,2026-08-26 18:20:00,27.2,30.7,24.3,0,0,0,169,0,0,0,0,3.6,626.6,84,0,0,26.9,76,29.2,22.3
2026-08-26T18:15:00+05:30,2026-08-26 18:15:00,27.3,30.8,24.3,0,0,0,169,0,0,0,0,3.6,626.6,84,0,0,27,76,29.4,22.4
2026-08-26T18:10:00+05:30,2026-08-26 18:10:00,27.3,30.8,24.3,0,0,0,169,0,0,0,0,3.6,626.6,84,0,0,27,76,29.4,22.4
2026-08-26T18:05:00+05:30,2026-08-26 18:05:00,27.3,30.8,24.3,0,0,0,169,0,0,0,0,3.6,626.6,84,0,0,27,76,29.4,22.4
2026-08-26T18:00:00+05:30,2026-08-26 18:00:00,27.3,30.8,24.3,0,0,0,169,0,0,0,0,3.6,626.6,84,0,0,27,76,29.4,22.4
2026-08-26T17:56:00+05:30,2026-08-26 17:56:00,27.3,30.7,24.1,0,0,0,169,0,0,0,0,3.6,626.6,83,0,0,27,76,29.4,22.4
2026-08-26T17:50:00+05:30,2026-08-26 17:50:00,27.4,31,24.2,0,0,0,169,0,0,0,0,3.6,626.6,83,0,0,27,76,29.4,22.4
2026-08-26T17:45:00+05:30,2026-08-26 17:45:00,27.4,31,24.2,0,0,0,169,0,0,0,0,3.6,626.6,83,0,0,27.1,76,29.6,22.5
2026-08-26T17:40:00+05:30,2026-08-26 17:40:00,27.4,31,24.2,0,0,0,169,0,0,0,0,3.6,626.6,83,0,0,27,76,29.4,22.4
2026-08-26T17:35:00+05:30,2026-08-26 17:35:00,27.4,31,24.2,0,0,0,169,0,0,0,0,3.6,626.6,83,0,0,27.1,76,29.6,22.5
2026-08-26T17:30:00+05:30,2026-08-26 17:30:00,27.5,31.3,24.3,0,0,0,169,0,0,0,0,3.6,626.6,83,0,0,27.1,75,29.5,22.3
2026-08-26T17:25:00+05:30,2026-08-26 17:25:00,27.5,31.1,24.1,0,0,0,169,0,0,0,0,3.6,626.6,82,0,0,27.1,75,29.5,22.3
2026-08-26T17:20:00+05:30,2026-08-26 17:20:00,27.5,31.1,24.1,0,0,0,169,0,0,0,0,3.6,626.6,82,0,0,27.1,75,29.5,22.3
2026-08-26T17:15:00+05:30,2026-08-26 17:15:00,27.5,31.1,24.1,0,0,0,169,0,0,0,0,3.6,626.6,82,0,0,27.1,75,29.5,22.3
2026-08-26T17:10:00+05:30,2026-08-26 17:10:00,27.5,31.1,24.1,0,0,0,169,0,0,0,0,3.6,626.6,82,0,0,27.2,75,29.7,22.4
2026-08-26T17:05:00+05:30,2026-08-26 17:05:00,27.5,31,23.9,0,0,0,169,0,0,0,0,3.6,626.6,81,0,0,27.1,75,29.5,22.3
2026-08-26T17:00:00+05:30,2026-08-26 17:00:00,27.6,31.3,24,0,0,0,169,0,0,0,0,3.6,626.6,81,0,0,27.2,75,29.7,22.4
2026-08-26T16:55:00+05:30,2026-08-26 16:55:00,27.6,31.3,24,0,0,0,169,0,0,0,0,3.6,626.6,81,0,0,27.2,75,29.7,22.4
2026-08-26T16:50:00+05:30,2026-08-26 16:50:00,27.6,31.3,24,0,0,0,169,0,0,0,0,3.6,626.6,81,0,0,27.2,75,29.7,22.4
2026-08-26T16:45:00+05:30,2026-08-26 16:45:00,27.6,31.3,24,0,0,0,169,0,0,0,0,3.6,626.6,81,0,0,27.2,75,29.7,22.4
2026-08-26T16:40:00+05:30,2026-08-26 16:40:00,27.6,31.3,24,0,0,0,169,0,0,0,0,3.6,626.6,81,0,0,27.2,75,29.7,22.4
2026-08-26T16:35:00+05:30,2026-08-26 16:35:00,27.6,31.3,24,0,0,0,169,0,0,0,0,3.6,626.6,81,0,0,27.2,75,29.7,22.4
2026-08-26T16:30:00+05:30,2026-08-26 16:30:00,27.7,31.6,24.2,0,0,0,169,0,0,0,0,3.6,626.6,81,0,0,27.2,75,29.7,22.4
2026-08-26T16:25:00+05:30,2026-08-26 16:25:00,27.7,31.6,24.2,0,0,0,169,0,0,0,0,3.6,626.6,81,0,0,27.2,75,29.7,22.4
2026-08-26T16:20:00+05:30,2026-08-26 16:20:00,27.7,31.6,24.2,0,0,0,169,0,0,0,0,3.6,626.6,81,0,0.1,27.2,75,29.7,22.4
2026-08-26T16:15:00+05:30,2026-08-26 16:15:00,27.8,31.6,24,0,0,0,169,0,0,0,0,3.6,626.6,80,0,0.1,27.3,74,29.7,22.2
2026-08-26T16:10:00+05:30,2026-08-26 16:10:00,27.8,31.6,24,0,0,0,169,0,0,0,0,3.6,626.6,80,0,0,27.3,74,29.7,22.2
2026-08-26T16:05:00+05:30,2026-08-26 16:05:00,27.8,31.6,24,0,0,0,169,0,0,0,0,3.6,626.6,80,0,0,27.4,74,29.9,22.3
2026-08-26T16:00:00+05:30,2026-08-26 16:00:00,27.8,31.6,24,0,0,0,169,0,0,0,0,3.6,626.6,80,0,0,27.4,74,29.9,22.3
2026-08-26T15:55:00+05:30,2026-08-26 15:55:00,27.8,31.6,24,0,0,0,169,0,0,0,0,3.6,626.6,80,0,0,27.4,74,29.9,22.3
2026-08-26T15:50:00+05:30,2026-08-26 15:50:00,27.8,31.6,24,0,0,0,169,0,0,0,0,3.6,626.6,80,0,0,27.4,74,29.9,22.3
2026-08-26T15:45:00+05:30,2026-08-26 15:45:00,27.8,31.6,24,0,0,0,169,0,0,0,0,3.6,626.6,80,0,0,27.4,74,29.9,22.3
2026-08-26T15:40:00+05:30,2026-08-26 15:40:00,27.8,31.6,24,0,0,0,169,0,0,0,0,3.6,626.6,80,0,0,27.4,74,29.9,22.3
2026-08-26T15:35:00+05:30,2026-08-26 15:35:00,27.7,31.6,24.2,0,0,0,169,0,0,0,0,3.6,626.6,81,0,0,27.4,74,29.9,22.3
2026-08-26T15:31:00+05:30,2026-08-26 15:31:00,27.7,31.6,24.2,0,0,0,169,0,0,0,0,3.6,626.6,81,0,0.1,27.4,75,30.1,22.6
2026-08-26T15:25:00+05:30,2026-08-26 15:25:00,27.7,31.6,24.2,0,0,0,169,0,0,0,0,3.6,626.6,81,0,0.1,27.4,75,30.1,22.6
2026-08-26T15:20:00+05:30,2026-08-26 15:20:00,27.7,31.7,24.4,0,0,0,169,0,0,0,0,3.6,626.6,82,0,0.1,27.4,75,30.1,22.6
2026-08-26T15:15:00+05:30,2026-08-26 15:15:00,27.7,31.7,24.4,0,0,0,169,0,0,0,0,3.6,626.6,82,0,0.1,27.4,75,30.1,22.6
2026-08-26T15:10:00+05:30,2026-08-26 15:10:00,27.7,31.7,24.4,0,0,0,169,0,0,0,0,3.6,626.6,82,0,0.2,27.4,75,30.1,22.6
2026-08-26T15:05:00+05:30,2026-08-26 15:05:00,27.7,31.7,24.4,0,0,0,169,0,0,0,0,3.6,626.6,82,0,0.3,27.4,75,30.1,22.6
2026-08-26T15:00:00+05:30,2026-08-26 15:00:00,27.7,31.7,24.4,0,0,0,169,0,0,0,0,3.6,626.6,82,0,0.2,27.4,76,30.2,22.8
2026-08-26T14:55:00+05:30,2026-08-26 14:55:00,27.6,31.5,24.5,0,0,0,169,0,0,0,0,3.6,626.6,83,0,0.1,27.3,76,29.9,22.7
2026-08-26T14:50:00+05:30,2026-08-26 14:50:00,27.6,31.5,24.5,0,0,0,169,0,0,0,0,3.6,626.6,83,0,0.1,27.4,76,30.2,22.8
2026-08-26T14:45:00+05:30,2026-08-26 14:45:00,27.6,31.5,24.5,0,0,0,169,0,0,0,0,3.6,626.6,83,0,0.1,27.3,76,29.9,22.7
2026-08-26T14:40:00+05:30,2026-08-26 14:40:00,27.6,31.5,24.5,0,0,0,169,0,0,0,0,3.6,626.6,83,0,0.1,27.3,76,29.9,22.7
2026-08-26T14:35:00+05:30,2026-08-26 14:35:00,27.6,31.5,24.5,0,0,0,169,0,0,0,0,3.6,626.6,83,0,0.2,27.2,76,29.8,22.6
2026-08-26T14:30:00+05:30,2026-08-26 14:30:00,27.6,31.5,24.5,0,0,0,169,0,0,0,0,3.6,626.6,83,0,0.2,27.2,76,29.8,22.6
2026-08-26T14:26:00+05:30,2026-08-26 14:26:00,27.5,31.3,24.3,0,0,0,169,0,0,0,0,3.6,626.6,83,0,0.2,27.2,76,29.8,22.6
2026-08-26T14:20:00+05:30,2026-08-26 14:20:00,27.5,31.3,24.3,0,0,0,169,0,0,0,0,3.6,626.6,83,0,0.1,27.2,76,29.8,22.6
2026-08-26T14:15:00+05:30,2026-08-26 14:15:00,27.5,31.3,24.3,0,0,0,169,0,0,0,0,3.6,626.6,83,0,0.2,27.2,76,29.8,22.6
2026-08-26T14:10:00+05:30,2026-08-26 14:10:00,27.5,31.3,24.3,0,0,0,169,0,0,0,0,3.6,626.6,83,0,0.1,27.2,76,29.8,22.6
2026-08-26T14:05:00+05:30,2026-08-26 14:05:00,27.5,31.3,24.3,0,0,0,169,0,0,0,0,3.6,626.6,83,0,0.1,27.2,76,29.8,22.6
2026-08-26T14:00:00+05:30,2026-08-26 14:00:00,27.5,31.3,24.3,0,0,0,169,0,0,0,0,3.6,626.6,83,0,0.1,27.2,76,29.8,22.6
2026-08-26T13:55:00+05:30,2026-08-26 13:55:00,27.5,31.4,24.5,0,0,0,169,0,0,0,0,3.6,626.6,84,0,0.1,27.1,76,29.6,22.5
2026-08-26T13:50:00+05:30,2026-08-26 13:50:00,27.4,31,24.2,0,0,0,169,0,0,0,0,3.6,626.6,83,0,0.2,27.1,76,29.6,22.5
2026-08-26T13:45:00+05:30,2026-08-26 13:45:00,27.4,31,24.2,0,0,0,169,0,0,0,0,3.6,626.6,83,0,0.2,27,76,29.4,22.4
2026-08-26T13:40:00+05:30,2026-08-26 13:40:00,27.4,31,24.2,0,0,0,169,0,0,0,0,3.6,626.6,83,0,0.2,27,76,29.4,22.4
2026-08-26T13:35:00+05:30,2026-08-26 13:35:00,27.4,30.9,24,0,0,0,169,0,0,0,0,3.6,626.6,82,0,0.2,27,76,29.4,22.4
2026-08-26T13:30:00+05:30,2026-08-26 13:30:00,27.4,30.9,24,0,0,0,169,0,0,0,0,3.6,626.6,82,0,0.1,27,75,29.3,22.2
2026-08-26T13:25:00+05:30,2026-08-26 13:25:00,27.4,30.9,24,0,0,0,169,0,0,0,0,3.6,626.6,82,0,0.1,27.1,75,29.5,22.3
2026-08-26T13:21:00+05:30,2026-08-26 13:21:00,27.4,30.9,24,0,0,0,169,0,0,0,0,3.6,626.6,82,0,0,27.1,75,29.5,22.3
2026-08-26T13:15:00+05:30,2026-08-26 13:15:00,27.4,30.9,24,0,0,0,169,0,0,0,0,3.6,626.6,82,0,0,27.1,76,29.6,22.5
2026-08-26T13:10:00+05:30,2026-08-26 13:10:00,27.4,30.9,24,0,0,0,169,0,0,0,0,3.6,626.6,82,0,0.1,27,76,29.4,22.4
2026-08-26T13:05:00+05:30,2026-08-26 13:05:00,27.3,30.6,23.9,0,0,0,169,0,0,0,0,3.6,626.6,82,0,0.1,27,76,29.4,22.4
2026-08-26T13:00:00+05:30,2026-08-26 13:00:00,27.3,30.6,23.9,0,0,0,169,0,0,0,0,3.6,626.6,82,0,0.2,27,76,29.4,22.4
2026-08-26T12:55:00+05:30,2026-08-26 12:55:00,27.3,30.6,23.9,0,0,0,169,0,0,0,0,3.6,626.6,82,0,0.2,26.9,75,29.1,22.1
2026-08-26T12:50:00+05:30,2026-08-26 12:50:00,27.3,30.6,23.9,0,0,0,169,0,0,0,0,3.6,626.6,82,0,0.2,26.9,75,29.1,22.1
2026-08-26T12:45:00+05:30,2026-08-26 12:45:00,27.2,30.3,23.7,0,0,0,169,0,0,0,0,3.6,626.6,81,0,0.2,26.9,75,29.1,22.1
2026-08-26T12:40:00+05:30,2026-08-26 12:40:00,27.2,30.3,23.7,0,0,0,169,0,0,0,0,3.6,626.6,81,0,0.1,26.8,75,28.8,21.9
2026-08-26T12:35:00+05:30,2026-08-26 12:35:00,27.2,30.3,23.7,0,0,0,169,0,0,0,0,3.6,626.6,81,0,0.1,26.9,75,29.1,22.1
2026-08-26T12:30:00+05:30,2026-08-26 12:30:00,27.2,30.3,23.7,0,0,0,169,0,0,0,0,3.6,626.6,81,0,0.1,26.9,75,29.1,22.1
2026-08-26T12:25:00+05:30,2026-08-26 12:25:00,27.2,30.3,23.7,0,0,0,169,0,0,0,0,3.6,626.6,81,0,0,26.8,75,28.8,21.9
2026-08-26T12:20:00+05:30,2026-08-26 12:20:00,27.1,30.1,23.6,0,0,0,169,0,0,0,0,3.6,626.6,81,0,0.1,26.8,75,28.8,21.9
2026-08-26T12:15:00+05:30,2026-08-26 12:15:00,27.1,30.1,23.6,0,0,0,169,0,0,0,0,3.6,626.6,81,0,0.1,26.8,75,28.8,21.9
2026-08-26T12:10:00+05:30,2026-08-26 12:10:00,27.1,30.1,23.6,0,0,0,169,0,0,0,0,3.6,626.6,81,0,0.1,26.8,75,28.8,21.9
2026-08-26T12:05:00+05:30,2026-08-26 12:05:00,27,29.8,23.5,0,0,0,169,0,0,0,0,3.6,626.6,81,0,0.1,26.7,75,28.8,21.9
2026-08-26T12:01:00+05:30,2026-08-26 12:01:00,27,29.8,23.5,0,0,0,169,0,0,0,0,3.6,626.6,81,0,0.2,26.6,75,27.3,21.8
2026-08-26T11:55:00+05:30,2026-08-26 11:55:00,26.9,29.6,23.3,0,0,0,169,0,0,0,0,3.6,626.6,81,0,0.2,26.6,75,27.3,21.8
2026-08-26T11:50:00+05:30,2026-08-26 11:50:00,26.9,29.7,23.5,0,0,0,169,0,0,0,0,3.6,626.6,82,0,0.2,26.6,75,27.3,21.8
2026-08-26T11:45:00+05:30,2026-08-26 11:45:00,26.9,29.7,23.5,0,0,0,169,0,0,0,0,3.6,626.6,82,0,0.1,26.6,75,27.3,21.8
2026-08-26T11:40:00+05:30,2026-08-26 11:40:00,26.9,29.7,23.5,0,0,0,169,0,0,0,0,3.6,626.6,82,0,0.1,26.6,75,27.3,21.8
2026-08-26T11:35:00+05:30,2026-08-26 11:35:00,26.9,29.7,23.5,0,0,0,169,0,0,0,0,3.6,626.6,82,0,0.1,26.6,75,27.3,21.8
2026-08-26T11:30:00+05:30,2026-08-26 11:30:00,26.8,29.4,23.4,0,0,0,169,0,0,0,0,3.6,626.6,82,0,0.1,26.6,75,27.3,21.8
2026-08-26T11:25:00+05:30,2026-08-26 11:25:00,26.8,29.5,23.6,0,0,0,169,0,0,0,0,3.6,626.6,83,0,0.1,26.5,76,27.2,21.9
2026-08-26T11:20:00+05:30,2026-08-26 11:20:00,26.8,29.5,23.6,0,0,0,169,0,0,0,0,3.6,626.6,83,0,0.1,26.5,76,27.2,21.9
2026-08-26T11:15:00+05:30,2026-08-26 11:15:00,26.8,29.5,23.6,0,0,0,169,0,0,0,0,3.6,626.6,83,0,0.1,26.5,76,27.2,21.9
2026-08-26T11:10:00+05:30,2026-08-26 11:10:00,26.8,29.5,23.6,0,0,0,169,0,0,0,0,3.6,626.6,83,0,0.1,26.5,76,27.2,21.9
2026-08-26T11:05:00+05:30,2026-08-26 11:05:00,26.7,29.4,23.6,0,0,0,169,0,0,0,0,3.6,626.6,83,0,0.1,26.4,76,27.1,21.8
2026-08-26T11:00:00+05:30,2026-08-26 11:00:00,26.7,29.5,23.8,0,0,0,169,0,0,0,0,3.6,626.6,84,0,0.1,26.4,76,27.1,21.8
2026-08-26T10:56:00+05:30,2026-08-26 10:56:00,26.7,29.5,23.8,0,0,0,169,0,0,0,0,3.6,626.6,84,0,0.1,26.4,76,27.1,21.8
2026-08-26T10:50:00+05:30,2026-08-26 10:50:00,26.7,29.5,23.8,0,0,0,169,0,0,0,0,3.6,626.6,84,0,0.1,26.4,76,27.1,21.8
2026-08-26T10:45:00+05:30,2026-08-26 10:45:00,26.6,27.5,23.7,0,0,0,169,0,0,0,0,3.6,626.6,84,0,0.1,26.3,76,26.9,21.7
2026-08-26T10:40:00+05:30,2026-08-26 10:40:00,26.6,27.5,23.7,0,0,0,169,0,0,0,0,3.6,626.6,84,0,0.2,26.3,76,26.9,21.7
2026-08-26T10:35:00+05:30,2026-08-26 10:35:00,26.6,27.5,23.7,0,0,0,169,0,0,0,0,3.6,626.6,84,0,0.1,26.3,76,26.9,21.7
2026-08-26T10:30:00+05:30,2026-08-26 10:30:00,26.6,27.5,23.7,0,0,0,169,0,0,0,0,3.6,626.6,84,0,0.1,26.3,76,26.9,21.7
2026-08-26T10:25:00+05:30,2026-08-26 10:25:00,26.6,27.5,23.7,0,0,0,169,0,0,0,0,3.6,626.6,84,0,0.1,26.3,76,26.9,21.7
2026-08-26T10:20:00+05:30,2026-08-26 10:20:00,26.5,27.4,23.6,0,0,0,169,0,0,0,0,3.6,626.6,84,0,0.1,26.3,77,26.9,21.9
2026-08-26T10:15:00+05:30,2026-08-26 10:15:00,26.5,27.4,23.8,0,0,0,169,0,0,0,0,3.6,626.6,85,0,0.1,26.2,77,26.9,21.8
2026-08-26T10:10:00+05:30,2026-08-26 10:10:00,26.5,27.4,23.6,0,0,0,169,0,0,0,0,3.6,626.6,84,0,0.1,26.2,77,26.9,21.8
2026-08-26T10:05:00+05:30,2026-08-26 10:05:00,26.5,27.4,23.8,0,0,0,169,0,0,0,0,3.6,626.6,85,0,0.1,26.2,76,26.9,21.7
2026-08-26T10:00:00+05:30,2026-08-26 10:00:00,26.5,27.4,23.8,0,0,0,169,0,0,0,0,3.6,626.6,85,0,0.1,26.1,76,26.8,21.6
2026-08-26T09:55:00+05:30,2026-08-26 09:55:00,26.4,27.3,23.5,0,0,0,169,0,0,0,0,3.6,626.6,84,0,0.1,26.1,76,26.8,21.6
2026-08-26T09:51:00+05:30,2026-08-26 09:51:00,26.4,27.3,23.5,0,0,0,169,0,0,0,0,3.6,626.6,84,0,0.1,26.1,76,26.8,21.6
2026-08-26T09:45:00+05:30,2026-08-26 09:45:00,26.4,27.3,23.5,0,0,0,169,0,0,0,0,3.6,626.6,84,0,0.1,26.1,76,26.8,21.6
2026-08-26T09:40:00+05:30,2026-08-26 09:40:00,26.4,27.3,23.5,0,0,0,169,0,0,0,0,3.6,626.6,84,0,0.1,26,76,26.7,21.4
2026-08-26T09:35:00+05:30,2026-08-26 09:35:00,26.3,27.2,23.4,0,0,0,169,0,0,0,0,3.6,626.6,84,0,0.1,26,76,26.7,21.4
2026-08-26T09:30:00+05:30,2026-08-26 09:30:00,26.3,27.2,23.4,0,0,0,169,0,0,0,0,3.6,626.6,84,0,0.1,26,76,26.7,21.4
2026-08-26T09:25:00+05:30,2026-08-26 09:25:00,26.3,27.2,23.4,0,0,0,169,0,0,0,0,3.6,626.6,84,0,0.1,26,76,26.7,21.4
2026-08-26T09:20:00+05:30,2026-08-26 09:20:00,26.3,27.2,23.4,0,0,0,169,0,0,0,0,3.6,626.6,84,0,0.1,26,76,26.7,21.4
2026-08-26T09:15:00+05:30,2026-08-26 09:15:00,26.3,27.2,23.4,0,0,0,169,0,0,0,0,3.6,626.6,84,0,0.1,26,76,26.7,21.4
2026-08-26T09:10:00+05:30,2026-08-26 09:10:00,26.3,27.2,23.4,0,0,0,169,0,0,0,0,3.6,626.6,84,0,0,26,76,26.7,21.4
2026-08-26T09:05:00+05:30,2026-08-26 09:05:00,26.2,27.1,23.3,0,0,0,169,0,0,0,0,3.6,626.6,84,0,0.1,25.9,76,26.5,21.3
2026-08-26T09:00:00+05:30,2026-08-26 09:00:00,26.2,27.1,23.3,0,0,0,169,0,0,0,0,3.6,626.6,84,0,0.1,25.9,76,26.5,21.3
2026-08-26T08:55:00+05:30,2026-08-26 08:55:00,26.2,27.1,23.3,0,0,0,169,0,0,0,0,3.6,626.6,84,0,0,25.9,76,26.5,21.3
2026-08-26T08:50:00+05:30,2026-08-26 08:50:00,26.2,27.1,23.3,0,0,0,169,0,0,0,0,3.6,626.6,84,0,0,25.9,76,26.5,21.3
2026-08-26T08:45:00+05:30,2026-08-26 08:45:00,26.2,27.1,23.3,0,0,0,169,0,0,0,0,3.6,626.6,84,0,0,25.9,76,26.5,21.3
2026-08-26T08:40:00+05:30,2026-08-26 08:40:00,26.2,27.1,23.3,0,0,0,169,0,0,0,0,3.6,626.6,84,0,0,25.9,76,26.5,21.3
2026-08-26T08:35:00+05:30,2026-08-26 08:35:00,26.1,27,23.2,0,0,0,169,0,0,0,0,3.6,626.6,84,0,0,25.9,76,26.5,21.3
2026-08-26T08:30:00+05:30,2026-08-26 08:30:00,26.1,27,23.2,0,0,0,169,0,0,0,0,3.6,626.6,84,0,0.1,25.9,76,26.5,21.3
2026-08-26T08:25:00+05:30,2026-08-26 08:25:00,26.1,27,23.2,0,0,0,169,0,0,0,0,3.6,626.6,84,0,0.1,25.8,76,26.4,21.2
2026-08-26T08:20:00+05:30,2026-08-26 08:20:00,26.1,27,23.2,0,0,0,169,0,0,0,0,3.6,626.6,84,0,0.1,25.8,76,26.4,21.2
2026-08-26T08:15:00+05:30,2026-08-26 08:15:00,26.1,27,23.2,0,0,0,169,0,0,0,0,3.6,626.6,84,0,0.1,25.8,76,26.4,21.2
2026-08-26T08:10:00+05:30,2026-08-26 08:10:00,26.1,27,23.2,0,0,0,169,0,0,0,0,3.6,626.6,84,0,0.1,25.8,76,26.4,21.2
2026-08-26T08:05:00+05:30,2026-08-26 08:05:00,26.1,27,23.2,0,0,0,169,0,0,0,0,3.6,626.6,84,0,0.1,25.8,76,26.4,21.2
2026-08-26T08:00:00+05:30,2026-08-26 08:00:00,26.1,27,23.2,0,0,0,169,0,0,0,0,3.6,626.6,84,0,0.1,25.8,76,26.4,21.2
2026-08-26T07:55:00+05:30,2026-08-26 07:55:00,26.1,27,23.2,0,0,0,169,0,0,0,0,3.6,626.6,84,0,0.1,25.8,76,26.4,21.2
2026-08-26T07:50:00+05:30,2026-08-26 07:50:00,26.1,27,23.2,0,0,0,169,0,0,0,0,3.6,626.6,84,0,0.1,25.8,76,26.4,21.2
2026-08-26T07:45:00+05:30,2026-08-26 07:45:00,26.1,26.9,23,0,0,0,169,0,0,0,0,3.6,626.6,83,0,0.1,25.8,76,26.4,21.2
2026-08-26T07:40:00+05:30,2026-08-26 07:40:00,26.1,27,23.2,0,0,0,169,0,0,0,0,3.6,626.6,84,0,0.1,25.8,76,26.4,21.2
2026-08-26T07:35:00+05:30,2026-08-26 07:35:00,26.1,26.9,23,0,0,0,169,0,0,0,0,3.6,626.6,83,0,0.1,25.8,76,26.4,21.2
2026-08-26T07:30:00+05:30,2026-08-26 07:30:00,26,26.8,22.9,0,0,0,169,0,0,0,0,3.6,626.6,83,0,0.1,25.8,76,26.4,21.2
2026-08-26T07:26:00+05:30,2026-08-26 07:26:00,26,26.8,22.9,0,0,0,169,0,0,0,0,3.6,626.6,83,0,0,25.7,75,26.3,20.9
2026-08-26T07:20:00+05:30,2026-08-26 07:20:00,26,26.8,22.9,0,0,0,169,0,0,0,0,3.6,626.6,83,0,0,25.8,75,26.4,21
2026-08-26T07:15:00+05:30,2026-08-26 07:15:00,26,26.8,22.9,0,0,0,169,0,0,0,0,3.6,626.6,83,0,0,25.7,75,26.3,20.9
2026-08-26T07:10:00+05:30,2026-08-26 07:10:00,26,26.8,22.9,0,0,0,169,0,0,0,0,3.6,626.6,83,0,0,25.7,75,26.3,20.9
2026-08-26T07:05:00+05:30,2026-08-26 07:05:00,26,26.8,22.9,0,0,0,169,0,0,0,0,3.6,626.6,83,0,0,25.7,75,26.3,20.9
2026-08-26T07:00:00+05:30,2026-08-26 07:00:00,26,26.8,22.9,0,0,0,169,0,0,0,0,3.6,626.6,83,0,0,25.7,75,26.3,20.9
2026-08-26T06:55:00+05:30,2026-08-26 06:55:00,26.1,26.9,23,0,0,0,169,0,0,0,0,3.6,626.6,83,0,0,25.7,75,26.3,20.9
2026-08-26T06:50:00+05:30,2026-08-26 06:50:00,26.1,26.9,23,0,0,0,169,0,0,0,0,3.6,626.6,83,0,0,25.7,75,26.3,20.9
2026-08-26T06:45:00+05:30,2026-08-26 06:45:00,26.1,26.9,23,0,0,0,169,0,0,0,0,3.6,626.6,83,0,0,25.8,75,26.4,21
2026-08-26T06:40:00+05:30,2026-08-26 06:40:00,26.1,26.9,23,0,0,0,169,0,0,0,0,3.6,626.6,83,0,0,25.7,75,26.3,20.9
2026-08-26T06:35:00+05:30,2026-08-26 06:35:00,26.1,26.9,23,0,0,0,169,0,0,0,0,3.6,626.6,83,0,0,25.7,75,26.3,20.9
2026-08-26T06:30:00+05:30,2026-08-26 06:30:00,26.1,26.9,23,0,0,0,169,0,0,0,0,3.6,626.6,83,0,0,25.8,75,26.4,21
2026-08-26T06:25:00+05:30,2026-08-26 06:25:00,26.1,26.9,23,0,0,0,169,0,0,0,0,3.6,626.6,83,0,0,25.8,75,26.4,21
2026-08-26T06:21:00+05:30,2026-08-26 06:21:00,26.1,26.9,23,0,0,0,169,0,0,0,0,3.6,626.6,83,0,0,25.8,75,26.4,21
2026-08-26T06:15:00+05:30,2026-08-26 06:15:00,26.1,26.9,23,0,0,0,169,0,0,0,0,3.6,626.6,83,0,0,25.8,75,26.4,21
2026-08-26T06:10:00+05:30,2026-08-26 06:10:00,26.1,26.9,23,0,0,0,169,0,0,0,0,3.6,626.6,83,0,0,25.8,75,26.4,21
2026-08-26T06:05:00+05:30,2026-08-26 06:05:00,26.1,26.9,23,0,0,0,169,0,0,0,0,3.6,626.6,83,0,0,25.8,75,26.4,21
2026-08-26T06:00:00+05:30,2026-08-26 06:00:00,26,26.8,22.9,0,0,0,169,0,0,0,0,3.6,626.6,83,0,0,25.8,75,26.4,21
2026-08-26T05:55:00+05:30,2026-08-26 05:55:00,26.1,26.9,23,0,0,0,169,0,0,0,0,3.6,626.6,83,0,0,25.8,75,26.4,21
2026-08-26T05:50:00+05:30,2026-08-26 05:50:00,26.1,26.9,23,0,0,0,169,0,0,0,0,3.6,626.6,83,0,0,25.9,75,26.5,21.1
2026-08-26T05:45:00+05:30,2026-08-26 05:45:00,26.1,26.9,22.8,0,0,0,169,0,0,0,0,3.6,626.6,82,0,0,25.9,75,26.5,21.1
2026-08-26T05:40:00+05:30,2026-08-26 05:40:00,26.1,26.9,22.8,0,0,0,169,0,0,0,0,3.6,626.6,82,0,0,25.9,75,26.5,21.1
2026-08-26T05:35:00+05:30,2026-08-26 05:35:00,26.1,26.9,22.8,0,0,0,169,0,0,0,0,3.6,626.6,82,0,0,25.9,74,26.4,20.9
2026-08-26T05:30:00+05:30,2026-08-26 05:30:00,26.1,26.9,22.8,0,0,0,169,0,0,0,0,3.6,626.6,82,0,0,25.9,74,26.4,20.9
2026-08-26T05:25:00+05:30,2026-08-26 05:25:00,26.1,26.9,22.8,0,0,0,169,0,0,0,0,3.6,626.6,82,0,0,25.9,74,26.4,20.9
2026-08-26T05:20:00+05:30,2026-08-26 05:20:00,26.1,26.9,22.8,0,0,0,169,0,0,0,0,3.6,626.6,82,0,0,25.9,74,26.4,20.9
2026-08-26T05:16:00+05:30,2026-08-26 05:16:00,26.1,26.9,22.8,0,0,0,169,0,0,0,0,3.6,626.6,82,0,0,25.9,74,26.4,20.9
2026-08-26T05:10:00+05:30,2026-08-26 05:10:00,26.1,26.9,22.8,0,0,0,169,0,0,0,0,3.6,626.6,82,0,0,25.9,74,26.4,20.9
2026-08-26T05:05:00+05:30,2026-08-26 05:05:00,26.2,27,22.9,0,0,0,169,0,0,0,0,3.6,626.6,82,0,0,26,74,26.6,21
2026-08-26T05:00:00+05:30,2026-08-26 05:00:00,26.2,27,22.9,0,0,0,169,0,0,0,0,3.6,626.6,82,0,0,26,74,26.6,21
2026-08-26T04:55:00+05:30,2026-08-26 04:55:00,26.2,27,22.9,0,0,0,169,0,0,0,0,3.6,626.6,82,0,0,25.9,74,26.4,20.9
2026-08-26T04:50:00+05:30,2026-08-26 04:50:00,26.2,27,22.9,0,0,0,169,0,0,0,0,3.6,626.6,82,0,0,26,74,26.6,21
2026-08-26T04:45:00+05:30,2026-08-26 04:45:00,26.3,27.1,23,0,0,0,169,0,0,0,0,3.6,626.6,82,0,0,26,74,26.6,21
2026-08-26T04:40:00+05:30,2026-08-26 04:40:00,26.3,27.1,23,0,0,0,169,0,0,0,0,3.6,626.6,82,0,0,26,74,26.6,21
2026-08-26T04:35:00+05:30,2026-08-26 04:35:00,26.3,27.1,23,0,0,0,169,0,0,0,0,3.6,626.6,82,0,0,26,74,26.6,21
2026-08-26T04:30:00+05:30,2026-08-26 04:30:00,26.3,27.1,23,0,0,0,169,0,0,0,0,3.6,626.6,82,0,0,26,74,26.6,21
2026-08-26T04:25:00+05:30,2026-08-26 04:25:00,26.3,27.1,23,0,0,0,169,0,0,0,0,3.6,626.6,82,0,0,26,74,26.6,21
2026-08-26T04:20:00+05:30,2026-08-26 04:20:00,26.3,27.1,23,0,0,0,169,0,0,0,0,3.6,626.6,82,0,0,26,74,26.6,21
2026-08-26T04:15:00+05:30,2026-08-26 04:15:00,26.4,27.2,22.9,0,0,0,169,0,0,0,0,3.6,626.6,81,0,0,26,74,26.6,21
2026-08-26T04:10:00+05:30,2026-08-26 04:10:00,26.4,27.2,22.9,0,0,0,169,0,0,0,0,3.6,626.6,81,0,0,26,74,26.6,21
2026-08-26T04:05:00+05:30,2026-08-26 04:05:00,26.4,27.2,22.9,0,0,0,169,0,0,0,0,3.6,626.6,81,0,0,26,73,26.6,20.8
2026-08-26T04:00:00+05:30,2026-08-26 04:00:00,26.4,27.2,22.7,0,0,0,169,0,0,0,0,3.6,626.6,80,0,0,26,73,26.6,20.8
2026-08-26T03:56:00+05:30,2026-08-26 03:56:00,26.4,27.2,22.7,0,0,0,169,0,0,0,0,3.6,626.6,80,0,0,26,73,26.6,20.8
2026-08-26T03:50:00+05:30,2026-08-26 03:50:00,26.4,27.2,22.7,0,0,0,169,0,0,0,0,3.6,626.6,80,0,0,26,73,26.6,20.8
2026-08-26T03:45:00+05:30,2026-08-26 03:45:00,26.4,27.2,22.7,0,0,0,169,0,0,0,0,3.6,626.6,80,0,0,26,73,26.6,20.8
2026-08-26T03:40:00+05:30,2026-08-26 03:40:00,26.4,27.2,22.7,0,0,0,169,0,0,0,0,3.6,626.6,80,0,0,26.1,73,26.7,20.9
2026-08-26T03:35:00+05:30,2026-08-26 03:35:00,26.4,27.2,22.7,0,0,0,169,0,0,0,0,3.6,626.6,80,0,0,26,73,26.6,20.8
2026-08-26T03:30:00+05:30,2026-08-26 03:30:00,26.4,27.2,22.7,0,0,0,169,0,0,0,0,3.6,626.6,80,0,0,26.1,73,26.7,20.9
2026-08-26T03:25:00+05:30,2026-08-26 03:25:00,26.4,27.2,22.7,0,0,0,169,0,0,0,0,3.6,626.6,80,0,0,26.1,73,26.7,20.9
2026-08-26T03:20:00+05:30,2026-08-26 03:20:00,26.4,27.1,22.4,0,0,0,169,0,0,0,0,3.6,626.6,79,0,0,26.1,73,26.7,20.9
2026-08-26T03:15:00+05:30,2026-08-26 03:15:00,26.4,27.1,22.4,0,0,0,169,0,0,0,0,3.6,626.6,79,0,0,26.1,72,26.7,20.7
2026-08-26T03:10:00+05:30,2026-08-26 03:10:00,26.4,27.1,22.4,0,0,0,169,0,0,0,0,3.6,626.6,79,0,0,26.1,72,26.7,20.7
2026-08-26T03:05:00+05:30,2026-08-26 03:05:00,26.4,27.1,22.4,0,0,0,169,0,0,0,0,3.6,626.6,79,0,0,26.1,72,26.7,20.7
2026-08-26T03:00:00+05:30,2026-08-26 03:00:00,26.4,27.1,22.4,0,0,0,169,0,0,0,0,3.6,626.6,79,0,0,26.1,72,26.7,20.7
2026-08-26T02:55:00+05:30,2026-08-26 02:55:00,26.4,27.1,22.4,0,0,0,169,0,0,0,0,3.6,626.6,79,0,0,26.2,72,26.8,20.8
2026-08-26T02:51:00+05:30,2026-08-26 02:51:00,26.4,27.1,22.4,0,0,0,169,0,0,0,0,3.6,626.6,79,0,0,26.1,72,26.7,20.7
2026-08-26T02:45:00+05:30,2026-08-26 02:45:00,26.4,27.1,22.4,0,0,0,169,0,0,0,0,3.6,626.6,79,0,0,26.2,72,26.8,20.8
2026-08-26T02:40:00+05:30,2026-08-26 02:40:00,26.4,27.1,22.4,0,0,0,169,0,0,0,0,3.6,626.6,79,0,0,26.2,72,26.8,20.8
2026-08-26T02:35:00+05:30,2026-08-26 02:35:00,26.4,27.1,22.4,0,0,0,169,0,0,0,0,3.6,626.6,79,0,0,26.2,72,26.8,20.8
2026-08-26T02:30:00+05:30,2026-08-26 02:30:00,26.4,27.1,22.4,0,0,0,169,0,0,0,0,3.6,626.6,79,0,0,26.2,72,26.8,20.8
2026-08-26T02:25:00+05:30,2026-08-26 02:25:00,26.5,27.3,22.6,0,0,0,169,0,0,0,0,3.6,626.6,79,0,0,26.2,72,26.8,20.8
2026-08-26T02:20:00+05:30,2026-08-26 02:20:00,26.5,27.3,22.6,0,0,0,169,0,0,0,0,3.6,626.6,79,0,0,26.2,72,26.8,20.8
2026-08-26T02:15:00+05:30,2026-08-26 02:15:00,26.5,27.3,22.6,0,0,0,169,0,0,0,0,3.6,626.6,79,0,0,26.3,72,26.8,20.8
2026-08-26T02:10:00+05:30,2026-08-26 02:10:00,26.5,27.3,22.6,0,0,0,169,0,0,0,0,3.6,626.6,79,0,0,26.3,72,26.8,20.8
2026-08-26T02:05:00+05:30,2026-08-26 02:05:00,26.5,27.3,22.6,0,0,0,169,0,0,0,0,3.6,626.6,79,0,0,26.3,72,26.8,20.8
2026-08-26T02:00:00+05:30,2026-08-26 02:00:00,26.5,27.3,22.6,0,0,0,169,0,0,0,0,3.6,626.6,79,0,0,26.3,72,26.8,20.8
2026-08-26T01:55:00+05:30,2026-08-26 01:55:00,26.5,27.3,22.6,0,0,0,169,0,0,0,0,3.6,626.6,79,0,0,26.3,72,26.8,20.8
2026-08-26T01:50:00+05:30,2026-08-26 01:50:00,26.6,27.4,22.7,0,0,0,169,0,0,0,0,3.6,626.6,79,0,0,26.3,72,26.8,20.8
2026-08-26T01:46:00+05:30,2026-08-26 01:46:00,26.6,27.4,22.7,0,0,0,169,0,0,0,0,3.6,626.6,79,0,0,26.3,72,26.8,20.8
2026-08-26T01:40:00+05:30,2026-08-26 01:40:00,26.6,27.4,22.7,0,0,0,169,0,0,0,0,3.6,626.6,79,0,0,26.3,72,26.8,20.8
2026-08-26T01:35:00+05:30,2026-08-26 01:35:00,26.6,27.4,22.7,0,0,0,169,0,0,0,0,3.6,626.6,79,0,0,26.3,72,26.8,20.8
2026-08-26T01:30:00+05:30,2026-08-26 01:30:00,26.6,27.4,22.7,0,0,0,169,0,0,0,0,3.6,626.6,79,0,0,26.3,72,26.8,20.8
2026-08-26T01:25:00+05:30,2026-08-26 01:25:00,26.6,27.4,22.7,0,0,0,169,0,0,0,0,3.6,626.6,79,0,0,26.4,72,26.9,20.9
2026-08-26T01:20:00+05:30,2026-08-26 01:20:00,26.6,27.4,22.7,0,0,0,169,0,0,0,0,3.6,626.6,79,0,0,26.4,72,26.9,20.9
2026-08-26T01:15:00+05:30,2026-08-26 01:15:00,26.6,27.4,22.7,0,0,0,169,0,0,0,0,3.6,626.6,79,0,0,26.4,72,26.9,20.9
2026-08-26T01:10:00+05:30,2026-08-26 01:10:00,26.6,27.4,22.7,0,0,0,169,0,0,0,0,3.6,626.6,79,0,0,26.4,72,26.9,20.9
2026-08-26T01:05:00+05:30,2026-08-26 01:05:00,26.6,27.4,22.7,0,0,0,169,0,0,0,0,3.6,626.6,79,0,0,26.4,72,26.9,20.9
2026-08-26T01:00:00+05:30,2026-08-26 01:00:00,26.6,27.4,22.7,0,0,0,169,0,0,0,0,3.6,626.6,79,0,0,26.4,72,26.9,20.9
2026-08-26T00:55:00+05:30,2026-08-26 00:55:00,26.6,27.4,22.7,0,0,0,169,0,0,0,0,3.6,626.6,79,0,0,26.4,72,26.9,20.9
2026-08-26T00:50:00+05:30,2026-08-26 00:50:00,26.6,27.4,22.7,0,0,0,169,0,0,0,0,3.6,626.6,79,0,0,26.4,72,26.9,20.9
2026-08-26T00:45:00+05:30,2026-08-26 00:45:00,26.6,27.4,22.7,0,0,0,169,0,0,0,0,3.6,626.6,79,0,0,26.5,72,27.1,21.1
2026-08-26T00:40:00+05:30,2026-08-26 00:40:00,26.7,29.1,22.8,0,0,0,169,0,0,0,0,3.6,626.6,79,0,0,26.5,72,27.1,21.1
2026-08-26T00:35:00+05:30,2026-08-26 00:35:00,26.7,29.1,22.8,0,0,0,169,0,0,0,0,3.6,626.6,79,0,0,26.5,72,27.1,21.1
2026-08-26T00:30:00+05:30,2026-08-26 00:30:00,26.7,29.1,22.8,0,0,0,169,0,0,0,0,3.6,626.6,79,0,0,26.5,72,27.1,21.1
2026-08-26T00:25:00+05:30,2026-08-26 00:25:00,26.7,29.1,22.8,0,0,0,169,0,0,0,0,3.6,626.6,79,0,0,26.6,72,27.2,21.1
2026-08-26T00:20:00+05:30,2026-08-26 00:20:00,26.7,29.1,22.8,0,0,0,169,0,0,0,0,3.6,626.6,79,0,0,26.6,72,27.2,21.1
2026-08-26T00:15:00+05:30,2026-08-26 00:15:00,26.7,29.1,22.8,0,0,0,169,0,0,0,0,3.6,626.6,79,0,0,26.6,72,27.2,21.1
2026-08-26T00:10:00+05:30,2026-08-26 00:10:00,26.7,29.1,23,0,0,0,169,0,0,0,0,3.6,626.6,80,0,0,26.6,72,27.2,21.1
2026-08-26T00:05:00+05:30,2026-08-26 00:05:00,26.7,29.1,23,0,0,0,169,0,0,0,0,3.6,626.6,80,0,0,26.6,72,27.2,21.1
2026-08-26T00:00:00+05:30,2026-08-26 00:00:00,26.8,29.3,23,0,0,0,169,0,0,0,0,3.6,626.6,80,0,0,26.6,72,27.2,21.1
2026-08-25T23:55:00+05:30,2026-08-25 23:55:00,26.8,29.3,23,0,0,0,169,0,0,0,0,3.6,626.6,80,0,0,26.7,72,28.6,21.2
2026-08-25T23:50:00+05:30,2026-08-25 23:50:00,26.8,29.3,23,0,0,0,169,0,0,0,0,3.6,626.6,80,0,0,26.6,72,27.2,21.1
2026-08-25T23:45:00+05:30,2026-08-25 23:45:00,26.8,29.3,23,0,0,0,169,0,0,0,0,3.6,626.6,80,0,0,26.7,72,28.6,21.2
2026-08-25T23:40:00+05:30,2026-08-25 23:40:00,26.8,29.3,23,0,0,0,169,0,0,0,0,3.6,626.6,80,0,0,26.7,72,28.6,21.2
2026-08-25T23:35:00+05:30,2026-08-25 23:35:00,26.9,29.5,23.1,0,0,0,169,0,0,0,0,3.6,626.6,80,0,0,26.7,72,28.6,21.2
2026-08-25T23:30:00+05:30,2026-08-25 23:30:00,26.9,29.5,23.1,0,0,0,169,0,0,0,0,3.6,626.6,80,0,0,26.7,72,28.6,21.2
2026-08-25T23:25:00+05:30,2026-08-25 23:25:00,26.9,29.5,23.1,0,0,0,169,0,0,0,0,3.6,626.6,80,0,0,26.8,72,28.6,21.3
2026-08-25T23:21:00+05:30,2026-08-25 23:21:00,26.9,29.5,23.1,0,0,0,169,0,0,0,0,3.6,626.6,80,0,0,26.8,72,28.6,21.3
2026-08-25T23:15:00+05:30,2026-08-25 23:15:00,26.9,29.5,23.1,0,0,0,169,0,0,0,0,3.6,626.6,80,0,0,26.8,72,28.6,21.3
2026-08-25T23:10:00+05:30,2026-08-25 23:10:00,26.9,29.5,23.1,0,0,0,169,0,0,0,0,3.6,626.6,80,0,0,26.8,72,28.6,21.3
2026-08-25T23:05:00+05:30,2026-08-25 23:05:00,27,29.7,23.2,0,0,0,169,0,0,0,0,3.6,626.6,80,0,0,26.9,72,28.8,21.4
2026-08-25T23:00:00+05:30,2026-08-25 23:00:00,27,29.7,23.2,0,0,0,169,0,0,0,0,3.6,626.6,80,0,0,26.9,72,28.8,21.4
2026-08-25T22:55:00+05:30,2026-08-25 22:55:00,27,29.7,23.2,0,0,0,169,0,0,0,0,3.6,626.6,80,0,0,26.9,72,28.8,21.4
2026-08-25T22:50:00+05:30,2026-08-25 22:50:00,27.1,30,23.4,0,0,0,169,0,0,0,0,3.6,626.6,80,0,0,26.9,72,28.8,21.4
2026-08-25T22:45:00+05:30,2026-08-25 22:45:00,27.1,30,23.4,0,0,0,168,0,0,0,0,3.6,626.6,80,0,0,26.9,72,28.8,21.4
2026-08-25T22:40:00+05:30,2026-08-25 22:40:00,27.1,30,23.4,0,0,0,169,0,0,0,0,3.6,626.6,80,0,0,26.9,72,28.8,21.4
2026-08-25T22:35:00+05:30,2026-08-25 22:35:00,27.1,30,23.4,0,0,0,169,0,0,0,0,3.6,626.6,80,0,0,27,72,29,21.5
2026-08-25T22:30:00+05:30,2026-08-25 22:30:00,27.1,30,23.4,0,0,0,169,0,0,0,0,3.6,626.6,80,0,0,27,73,29.1,21.7
2026-08-25T22:25:00+05:30,2026-08-25 22:25:00,27.1,30.1,23.6,0,0,0,169,0,0,0,0,3.6,626.6,81,0,0,27,73,29.1,21.7
2026-08-25T22:20:00+05:30,2026-08-25 22:20:00,27.1,30.1,23.6,0,0,0,169,0,0,0,0,3.6,626.6,81,0,0,27,73,29.1,21.7
2026-08-25T22:16:00+05:30,2026-08-25 22:16:00,27.2,30.3,23.7,0,0,0,169,0,0,0,0,3.6,626.6,81,0,0,27.1,73,29.3,21.8
2026-08-25T22:10:00+05:30,2026-08-25 22:10:00,27.2,30.3,23.7,0,0,0,168,0,0,0,0,3.6,626.6,81,0,0,27.1,73,29.3,21.8
2026-08-25T22:05:00+05:30,2026-08-25 22:05:00,27.2,30.2,23.5,0,0,0,169,0,0,0,0,3.6,626.6,80,0,0,27.1,73,29.3,21.8
2026-08-25T22:00:00+05:30,2026-08-25 22:00:00,27.2,30.2,23.5,0,0,0,169,0,0,0,0,3.6,626.6,80,0,0,27.1,73,29.3,21.8
2026-08-25T21:55:00+05:30,2026-08-25 21:55:00,27.3,30.4,23.5,0,0,0,168,0,0,0,0,3.6,626.6,80,0,0,27.1,73,29.3,21.8
2026-08-25T21:50:00+05:30,2026-08-25 21:50:00,27.3,30.4,23.5,0,0,0,169,0,0,0,0,3.6,626.6,80,0,0,27.1,73,29.3,21.8
2026-08-25T21:45:00+05:30,2026-08-25 21:45:00,27.3,30.4,23.5,0,0,0,169,0,0,0,0,3.6,626.6,80,0,0,27.1,72,29.2,21.6
2026-08-25T21:40:00+05:30,2026-08-25 21:40:00,27.3,30.4,23.5,0,0,0,169,0,0,0,0,3.6,626.6,80,0,0,27.1,72,29.2,21.6
2026-08-25T21:35:00+05:30,2026-08-25 21:35:00,27.3,30.4,23.5,0,0,0,169,0,0,0,0,3.6,626.6,80,0,0,27.2,72,29.4,21.7
2026-08-25T21:30:00+05:30,2026-08-25 21:30:00,27.3,30.4,23.5,0,0,0,169,0,0,0,0,3.6,626.6,80,0,0,27.2,72,29.4,21.7
2026-08-25T21:25:00+05:30,2026-08-25 21:25:00,27.4,30.6,23.6,0,0,0,169,0,0,0,0,3.6,626.6,80,0,0,27.2,72,29.4,21.7
2026-08-25T21:20:00+05:30,2026-08-25 21:20:00,27.4,30.6,23.6,0,0,0,169,0,0,0,0,3.6,626.6,80,0,0,27.2,72,29.4,21.7
2026-08-25T21:15:00+05:30,2026-08-25 21:15:00,27.4,30.6,23.6,0,0,0,168,0,0,0,0,3.6,626.6,80,0,0,27.3,72,29.6,21.8
2026-08-25T21:11:00+05:30,2026-08-25 21:11:00,27.4,30.6,23.6,0,0,0,169,0,0,0,0,3.6,626.6,80,0,0,27.3,72,29.6,21.8
2026-08-25T21:05:00+05:30,2026-08-25 21:05:00,27.4,30.6,23.6,0,0,0,169,0,0,0,0,3.6,626.6,80,0,0,27.3,72,29.6,21.8
2026-08-25T21:00:00+05:30,2026-08-25 21:00:00,27.5,30.9,23.7,0,0,0,169,0,0,0,0,3.6,626.6,80,0,0,27.3,72,29.6,21.8
2026-08-25T20:55:00+05:30,2026-08-25 20:55:00,27.5,30.9,23.7,0,0,0,169,0,0,0,0,3.6,626.6,80,0,0,27.3,72,29.6,21.8
2026-08-25T20:50:00+05:30,2026-08-25 20:50:00,27.5,30.9,23.7,0,0,0,169,0,0,0,0,3.6,626.6,80,0,0,27.4,72,29.7,21.9
2026-08-25T20:45:00+05:30,2026-08-25 20:45:00,27.5,30.9,23.7,0,0,0,169,0,0,0,0,3.6,626.6,80,0,0,27.4,72,29.7,21.9
2026-08-25T20:40:00+05:30,2026-08-25 20:40:00,27.6,31.1,23.8,0,0,0,169,0,0,0,0,3.6,626.6,80,0,0,27.4,72,29.7,21.9
2026-08-25T20:35:00+05:30,2026-08-25 20:35:00,27.6,31.1,23.8,0,0,0,169,0,0,0,0,3.6,626.6,80,0,0,27.4,72,29.7,21.9
2026-08-25T20:30:00+05:30,2026-08-25 20:30:00,27.6,31.1,23.8,0,0,0,169,0,0,0,0,3.6,626.6,80,0,0,27.5,72,29.9,22
2026-08-25T20:25:00+05:30,2026-08-25 20:25:00,27.6,31.1,23.8,0,0,0,169,0,0,0,0,3.6,626.6,80,0,0,27.5,72,29.9,22
2026-08-25T20:21:00+05:30,2026-08-25 20:21:00,27.7,31.3,23.7,0,0,0,169,0,0,0,0,3.6,626.6,79,0,0,27.5,72,29.9,22
2026-08-25T20:15:00+05:30,2026-08-25 20:15:00,27.7,31.3,23.7,0,0,0,169,0,0,0,0,3.6,626.6,79,0,0,27.5,72,29.9,22
2026-08-25T20:10:00+05:30,2026-08-25 20:10:00,27.8,31.4,23.8,0,0,0,169,0,0,0,0,3.6,626.6,79,0,0,27.5,72,29.9,22
2026-08-25T20:05:00+05:30,2026-08-25 20:05:00,27.8,31.4,23.8,0,0,0,169,0,0,0,0,3.6,626.6,79,0,0,27.6,72,30.2,22.1
2026-08-25T20:00:00+05:30,2026-08-25 20:00:00,27.8,31.4,23.8,0,0,0,169,0,0,0,0,3.6,626.6,79,0,0,27.7,72,30.4,22.2
2026-08-25T19:55:00+05:30,2026-08-25 19:55:00,27.9,31.7,23.9,0,0,0,169,0,0,0,0,3.6,626.6,79,0,0,27.7,72,30.4,22.2
2026-08-25T19:50:00+05:30,2026-08-25 19:50:00,27.9,31.8,24.1,0,0,0,169,0,0,0,0,3.6,626.6,80,0,0,27.8,72,30.5,22.3
2026-08-25T19:45:00+05:30,2026-08-25 19:45:00,28,32.1,24.2,0,0,0,169,0,0,0,0,3.6,626.6,80,0,0,27.8,72,30.5,22.3
2026-08-25T19:40:00+05:30,2026-08-25 19:40:00,28,32.1,24.2,0,0,0,168,0,0,0,0,3.6,626.6,80,0,0,27.9,72,30.7,22.4
2026-08-25T19:35:00+05:30,2026-08-25 19:35:00,28,32.1,24.2,0,0,0,168,0,0,0,0,3.6,626.6,80,0,0,27.9,72,30.7,22.4
2026-08-25T19:30:00+05:30,2026-08-25 19:30:00,28.1,32.5,24.5,0,0,0,169,0,0,0,0,3.6,626.6,81,0,0,28,72,30.9,22.4
2026-08-25T19:25:00+05:30,2026-08-25 19:25:00,28.1,32.5,24.5,0,0,0,169,0,0,0,0,3.6,626.6,81,0,0,28,72,30.9,22.4
2026-08-25T19:20:00+05:30,2026-08-25 19:20:00,28.1,32.5,24.5,0,0,0,169,0,0,0,0,3.6,626.6,81,0,0,28.1,72,31.2,22.6
2026-08-25T19:15:00+05:30,2026-08-25 19:15:00,28.2,32.8,24.6,0,0,0,169,0,0,0,0,3.6,626.6,81,0,0,28.1,72,31.2,22.6
2026-08-25T19:10:00+05:30,2026-08-25 19:10:00,28.2,32.8,24.6,0,0,0,169,0,0,0,0,3.6,626.6,81,0,0,28.2,72,31.4,22.7
2026-08-25T19:05:00+05:30,2026-08-25 19:05:00,28.3,32.8,24.5,0,0,0,169,0,0,0,0,3.6,626.6,80,0,0,28.2,72,31.4,22.7
2026-08-25T19:01:00+05:30,2026-08-25 19:01:00,28.3,32.8,24.5,0,0,0,169,0,0,0,0,3.6,626.6,80,0,0,28.2,72,31.4,22.7
2026-08-25T18:55:00+05:30,2026-08-25 18:55:00,28.4,33.1,24.6,0,0,0,169,0,0,0,0,3.6,626.6,80,0,0,28.3,72,31.5,22.7
2026-08-25T18:50:00+05:30,2026-08-25 18:50:00,28.4,33.1,24.6,0,0,0,169,0,0,0,0,3.6,626.6,80,0,0,28.3,72,31.5,22.7
2026-08-25T18:45:00+05:30,2026-08-25 18:45:00,28.5,33.4,24.7,0,0,0,169,0,0,0,0,3.6,626.6,80,0,0,28.3,71,31.4,22.5
2026-08-25T18:40:00+05:30,2026-08-25 18:40:00,28.5,33.4,24.7,0,0,0,169,0,0,0,0,3.6,626.6,80,0,0,28.4,71,31.6,22.6
2026-08-25T18:35:00+05:30,2026-08-25 18:35:00,28.5,33.4,24.7,0,0,0,169,0,0,0,0,3.6,626.6,80,0,0,28.4,71,31.6,22.6
2026-08-25T18:30:00+05:30,2026-08-25 18:30:00,28.6,33.7,24.8,0,0,0,169,0,0,0,0,3.6,626.6,80,0,0,28.4,71,31.6,22.6
2026-08-25T18:25:00+05:30,2026-08-25 18:25:00,28.6,33.7,24.8,0,0,0,169,0,0,0,0,3.6,626.6,80,0,0,28.5,71,31.8,22.7
2026-08-25T18:20:00+05:30,2026-08-25 18:20:00,28.6,33.7,24.8,0,0,0,169,0,0,0,0,3.6,626.6,80,0,0,28.5,71,31.8,22.7
2026-08-25T18:15:00+05:30,2026-08-25 18:15:00,28.6,33.7,24.8,0,0,0,169,0,0,0,0,3.6,626.6,80,0,0,28.5,71,31.8,22.7
2026-08-25T18:10:00+05:30,2026-08-25 18:10:00,28.7,33.8,24.7,0,0,0,169,0,0,0,0,3.6,626.6,79,0,0,28.6,71,32.1,22.8
2026-08-25T18:05:00+05:30,2026-08-25 18:05:00,28.7,33.8,24.7,0,0,0,169,0,0,0,0,3.6,626.6,79,0,0,28.6,71,32.1,22.8
2026-08-25T18:00:00+05:30,2026-08-25 18:00:00,28.7,33.8,24.7,0,0,0,169,0,0,0,0,3.6,626.6,79,0,0,28.6,71,32.1,22.8
2026-08-25T17:56:00+05:30,2026-08-25 17:56:00,28.7,33.8,24.7,0,0,0,169,0,0,0,0,3.6,626.6,79,0,0,28.7,71,32.3,22.9
2026-08-25T17:50:00+05:30,2026-08-25 17:50:00,28.8,33.9,24.8,0,0,0,169,0,0,0,0,3.6,626.6,79,0,0,28.8,71,32.4,23
2026-08-25T17:45:00+05:30,2026-08-25 17:45:00,28.8,33.9,24.8,0,0,0,169,0,0,0,0,3.6,626.6,79,0,0,28.9,71,32.7,23.1
2026-08-25T17:40:00+05:30,2026-08-25 17:40:00,28.8,34.1,25,0,0,0,169,0,0,0,0,3.6,626.6,80,0,0,28.9,71,32.7,23.1
2026-08-25T17:35:00+05:30,2026-08-25 17:35:00,28.8,34.1,25,0,0,0,169,0,0,0,0,3.6,626.6,80,0,0,28.9,71,32.7,23.1
2026-08-25T17:30:00+05:30,2026-08-25 17:30:00,28.8,34.1,25,0,0,0,169,0,0,0,0,3.6,626.6,80,0,0,29,70,32.7,22.9
2026-08-25T17:25:00+05:30,2026-08-25 17:25:00,28.9,34.4,25.1,0,0,0,169,0,0,0,0,3.6,626.6,80,0,0,29.1,71,33.2,23.3
2026-08-25T17:20:00+05:30,2026-08-25 17:20:00,28.9,34.6,25.3,0,0,0,169,0,0,0,0,3.6,626.6,81,0,0,29.2,71,33.4,23.4
2026-08-25T17:15:00+05:30,2026-08-25 17:15:00,28.8,34.3,25.2,0,0,0,169,0,0,0,0,3.6,626.6,81,0,0,29.2,71,33.4,23.4
2026-08-25T17:10:00+05:30,2026-08-25 17:10:00,28.8,34.3,25.2,0,0,0,169,0,0,0,0,3.6,626.6,81,0,0,29.2,71,33.4,23.4
2026-08-25T17:05:00+05:30,2026-08-25 17:05:00,28.8,34.5,25.4,0,0,0,169,0,0,0,0,3.6,626.6,82,0,0,29.3,71,33.6,23.4
2026-08-25T17:00:00+05:30,2026-08-25 17:00:00,28.8,34.5,25.4,0,0,0,169,0,0,0,0,3.6,626.6,82,0,0,29.3,71,33.6,23.4
2026-08-25T16:55:00+05:30,2026-08-25 16:55:00,28.8,34.5,25.4,0,0,0,169,0,0,0,0,3.6,626.6,82,0,0.1,29.4,70,33.6,23.3
2026-08-25T16:52:00+05:30,2026-08-25 16:52:00,28.9,34.9,25.5,0,0,0,169,0,0,0,0,3.6,626.6,82,0,0.2,29.4,70,33.6,23.3
2026-08-25T16:45:00+05:30,2026-08-25 16:45:00,28.9,34.6,25.3,0,0,0,169,0,0,0,0,3.6,626.6,81,0,0.2,29.4,70,33.6,23.3
2026-08-25T16:40:00+05:30,2026-08-25 16:40:00,29.1,35.1,25.3,0,0,0,169,0,0,0,0,3.6,626.6,80,0,0.2,29.5,69,33.7,23.2
2026-08-25T16:35:00+05:30,2026-08-25 16:35:00,29.4,35.6,25.4,0,0,0,169,0,0,0,0,3.6,626.6,79,0,0.1,29.5,69,33.7,23.2
2026-08-25T16:30:00+05:30,2026-08-25 16:30:00,29.5,35.7,25.2,0,0,0,169,0,0,0,0,3.6,626.6,78,0,0.1,29.6,69,33.9,23.3
2026-08-25T16:25:00+05:30,2026-08-25 16:25:00,29.5,35.4,25,0,0,0,169,0,0,0,0,3.6,626.6,77,0,0.1,29.6,68,33.7,23.1
2026-08-25T16:20:00+05:30,2026-08-25 16:20:00,29.6,35.3,24.7,0,0,0,169,0,0,0,0,3.6,626.6,75,0,0.1,29.6,68,33.7,23.1
2026-08-25T16:15:00+05:30,2026-08-25 16:15:00,29.7,35.5,24.8,0,0,0,169,0,0,0,0,3.6,626.6,75,0,0.1,29.7,68,33.9,23.2
2026-08-25T16:10:00+05:30,2026-08-25 16:10:00,29.7,35.5,24.8,0,0,0,169,0,0,0,0,3.6,626.6,75,0,0.2,29.7,68,33.9,23.2
2026-08-25T16:05:00+05:30,2026-08-25 16:05:00,29.7,35.5,24.8,0,0,0,169,0,0,0,0,3.6,626.6,75,0,0.2,29.7,68,33.9,23.2
2026-08-25T16:00:00+05:30,2026-08-25 16:00:00,29.8,35.7,24.9,0,0,0,169,0,0,0,0,3.6,626.6,75,0,0.2,29.7,68,33.9,23.2
2026-08-25T15:55:00+05:30,2026-08-25 15:55:00,29.8,35.7,24.9,0,0,0,169,0,0,0,0,3.6,626.6,75,0,0.2,29.7,68,33.9,23.2
2026-08-25T15:50:00+05:30,2026-08-25 15:50:00,29.8,35.7,24.9,0,0,0,169,0,0,0,0,3.6,626.6,75,0,0.4,29.7,68,33.9,23.2
2026-08-25T15:45:00+05:30,2026-08-25 15:45:00,29.9,35.7,24.7,0,0,0,169,0,0,0,0,3.6,626.6,74,0,0.4,29.7,68,33.9,23.2
2026-08-25T15:40:00+05:30,2026-08-25 15:40:00,29.9,35.7,24.7,0,0,0,169,0,0,0,0,3.6,626.6,74,0,0.4,29.7,68,33.9,23.2
2026-08-25T15:35:00+05:30,2026-08-25 15:35:00,29.9,35.7,24.7,0,0,0,169,0,0,0,0,3.6,626.6,74,0,0.4,29.7,68,33.9,23.2
2026-08-25T15:31:00+05:30,2026-08-25 15:31:00,30,35.8,24.6,0,0,0,169,0,0,0,0,3.6,626.6,73,0,0.3,29.7,68,33.9,23.2
2026-08-25T15:25:00+05:30,2026-08-25 15:25:00,30.1,36.3,25,0,0,0,169,0,0,0,0,3.6,626.6,74,0,0.5,29.7,68,33.9,23.2
2026-08-25T15:20:00+05:30,2026-08-25 15:20:00,30.1,36.1,24.7,0,0,0,169,0,0,0,0,3.6,626.6,73,0,0.4,29.6,68,33.7,23.1
2026-08-25T15:16:00+05:30,2026-08-25 15:16:00,30.1,36.1,24.7,0,0,0,169,0,0,0,0,3.6,626.6,73,0,0.3,29.6,68,33.7,23.1
2026-08-25T15:10:00+05:30,2026-08-25 15:10:00,30.2,36.4,24.8,0,0,0,169,0,0,0,0,3.6,626.6,73,0,0.3,29.7,67,33.7,22.9
2026-08-25T15:05:00+05:30,2026-08-25 15:05:00,30.2,36.1,24.6,0,0,0,169,0,0,0,0,3.6,626.6,72,0,0.4,29.7,67,33.7,22.9
2026-08-25T15:00:00+05:30,2026-08-25 15:00:00,30.2,36.1,24.6,0,0,0,169,0,0,0,0,3.6,626.6,72,0,0.4,29.7,66,33.5,22.7
2026-08-25T14:55:00+05:30,2026-08-25 14:55:00,30.3,36,24.4,0,0,0,169,0,0,0,0,3.6,626.6,71,0,0.2,29.7,66,33.5,22.7
2026-08-25T14:50:00+05:30,2026-08-25 14:50:00,30.3,35.7,24.2,0,0,0,169,0,0,0,0,3.6,626.6,70,0,0.2,29.8,65,33.4,22.5
2026-08-25T14:45:00+05:30,2026-08-25 14:45:00,30.3,35.7,24.2,0,0,0,169,0,0,0,0,3.6,626.6,70,0,0.3,29.7,66,33.5,22.7
2026-08-25T14:40:00+05:30,2026-08-25 14:40:00,30.3,35.7,24.2,0,0,0,169,0,0,0,0,3.6,626.6,70,0,0.5,29.7,66,33.5,22.7
2026-08-25T14:35:00+05:30,2026-08-25 14:35:00,30.3,35.7,24.2,0,0,0,169,0,0,0,0,3.6,626.6,70,0,0.8,29.7,66,33.5,22.7
2026-08-25T14:30:00+05:30,2026-08-25 14:30:00,30.2,35.8,24.4,0,0,0,170,0,0,0,0,3.6,626.6,71,0,0.5,29.6,67,33.4,22.8
2026-08-25T14:25:00+05:30,2026-08-25 14:25:00,30.2,35.8,24.4,0,0,0,169,0,0,0,0,3.6,626.6,71,0,0.8,29.6,67,33.4,22.8
2026-08-25T14:20:00+05:30,2026-08-25 14:20:00,30.1,35.6,24.3,0,0,0,169,0,0,0,0,3.6,626.6,71,0,0.8,29.5,67,33.2,22.7
2026-08-25T14:15:00+05:30,2026-08-25 14:15:00,30,35.5,24.4,0,0,0,169,0,0,0,0,3.6,626.6,72,0,0.8,29.4,67,33,22.6
2026-08-25T14:10:00+05:30,2026-08-25 14:10:00,29.9,35.2,24.3,0,0,0,169,0,0,0,0,3.6,626.6,72,0,0.7,29.3,67,32.8,22.5
2026-08-25T14:05:00+05:30,2026-08-25 14:05:00,29.8,35,24.2,0,0,0,169,0,0,0,0,3.6,626.6,72,0,0.7,29.3,67,32.8,22.5
2026-08-25T14:00:00+05:30,2026-08-25 14:00:00,29.7,35.1,24.3,0,0,0,169,0,0,0,0,3.6,626.6,73,0,0.4,29.2,68,32.8,22.7
2026-08-25T13:56:00+05:30,2026-08-25 13:56:00,29.7,35.1,24.3,0,0,0,169,0,0,0,0,3.6,626.6,73,0,0.7,29.2,67,32.7,22.4
2026-08-25T13:50:00+05:30,2026-08-25 13:50:00,29.7,34.8,24.1,0,0,0,169,0,0,0,0,3.6,626.6,72,0,0.4,29.2,67,32.7,22.4
2026-08-25T13:45:00+05:30,2026-08-25 13:45:00,29.7,34.8,24.1,0,0,0,170,0,0,0,0,3.6,626.6,72,0,0.3,29.1,67,32.4,22.3
2026-08-25T13:40:00+05:30,2026-08-25 13:40:00,29.6,34.6,24,0,0,0,169,0,0,0,0,3.6,626.6,72,0,0.4,29.1,68,32.6,22.6
2026-08-25T13:35:00+05:30,2026-08-25 13:35:00,29.5,34.3,23.9,0,0,0,169,0,0,0,0,3.6,626.6,72,0,0.8,29,68,32.4,22.5
2026-08-25T13:30:00+05:30,2026-08-25 13:30:00,29.5,34.5,24.1,0,0,0,169,0,0,0,0,3.6,626.6,73,0,0.8,28.9,68,32.1,22.4
2026-08-25T13:25:00+05:30,2026-08-25 13:25:00,29.4,34,23.8,0,0,0,169,0,0,0,0,3.6,626.6,72,0,0.6,28.9,68,32.1,22.4
2026-08-25T13:20:00+05:30,2026-08-25 13:20:00,29.3,33.8,23.7,0,0,0,169,0,0,0,0,3.6,626.6,72,0,0.8,28.8,68,31.9,22.3
2026-08-25T13:15:00+05:30,2026-08-25 13:15:00,29.2,33.6,23.6,0,0,0,169,0,0,0,0,3.6,626.6,72,0,0.6,28.8,68,31.9,22.3
2026-08-25T13:10:00+05:30,2026-08-25 13:10:00,29.2,33.8,23.9,0,0,0,169,0,0,0,0,3.6,626.6,73,0,0.4,28.7,69,31.9,22.4
2026-08-25T13:05:00+05:30,2026-08-25 13:05:00,29.1,33.8,24,0,0,0,169,0,0,0,0,3.6,626.6,74,0,0.3,28.7,69,31.9,22.4
2026-08-25T13:00:00+05:30,2026-08-25 13:00:00,29.1,33.8,24,0,0,0,169,0,0,0,0,3.6,626.6,74,0,0.5,28.6,69,31.7,22.3
2026-08-25T12:55:00+05:30,2026-08-25 12:55:00,29,33.7,24.1,0,0,0,169,0,0,0,0,3.6,626.6,75,0,0.7,28.5,69,31.5,22.2
2026-08-25T12:51:00+05:30,2026-08-25 12:51:00,28.9,33.2,23.8,0,0,0,169,0,0,0,0,3.6,626.6,74,0,0.7,28.5,69,31.5,22.2
2026-08-25T12:45:00+05:30,2026-08-25 12:45:00,28.8,33,23.7,0,0,0,169,0,0,0,0,3.6,626.6,74,0,0.6,28.4,69,31.3,22.2
2026-08-25T12:40:00+05:30,2026-08-25 12:40:00,28.8,33.2,23.9,0,0,0,169,0,0,0,0,3.6,626.6,75,0,0.7,28.3,69,31.1,22.1
2026-08-25T12:35:00+05:30,2026-08-25 12:35:00,28.7,33,23.8,0,0,0,169,0,0,0,0,3.6,626.6,75,0,0.3,28.2,69,30.9,22
2026-08-25T12:30:00+05:30,2026-08-25 12:30:00,28.6,32.8,23.7,0,0,0,169,0,0,0,0,3.6,626.6,75,0,0.7,28.2,69,30.9,22
2026-08-25T12:25:00+05:30,2026-08-25 12:25:00,28.5,32.5,23.6,0,0,0,169,0,0,0,0,3.6,626.6,75,0,0.6,28.2,69,30.9,22
2026-08-25T12:20:00+05:30,2026-08-25 12:20:00,28.5,32.5,23.6,0,0,0,169,0,0,0,0,3.6,626.6,75,0,0.4,28.1,70,30.9,22.1
2026-08-25T12:15:00+05:30,2026-08-25 12:15:00,28.5,32.5,23.6,0,0,0,169,0,0,0,0,3.6,626.6,75,0,0.4,28.1,70,30.9,22.1
2026-08-25T12:10:00+05:30,2026-08-25 12:10:00,28.4,32.2,23.5,0,0,0,169,0,0,0,0,3.6,626.6,75,0,0.3,28,70,30.7,22
2026-08-25T12:05:00+05:30,2026-08-25 12:05:00,28.3,32.1,23.6,0,0,0,169,0,0,0,0,3.6,626.6,76,0,0.3,28,70,30.7,22
2026-08-25T12:00:00+05:30,2026-08-25 12:00:00,28.3,32.1,23.6,0,0,0,169,0,0,0,0,3.6,626.6,76,0,0.4,27.9,71,30.6,22.1
2026-08-25T11:55:00+05:30,2026-08-25 11:55:00,28.2,32,23.6,0,0,0,169,0,0,0,0,3.6,626.6,76,0,0.6,27.9,71,30.6,22.1
2026-08-25T11:50:00+05:30,2026-08-25 11:50:00,28.1,31.8,23.5,0,0,0,169,0,0,0,0,3.6,626.6,76,0,0.4,27.8,71,30.4,22
2026-08-25T11:46:00+05:30,2026-08-25 11:46:00,28.1,31.8,23.5,0,0,0,169,0,0,0,0,3.6,626.6,76,0,0.7,27.8,71,30.4,22
2026-08-25T11:40:00+05:30,2026-08-25 11:40:00,28,31.5,23.4,0,0,0,169,0,0,0,0,3.6,626.6,76,0,0.4,27.7,71,30.3,21.9
2026-08-25T11:35:00+05:30,2026-08-25 11:35:00,28,31.5,23.4,0,0,0,169,0,0,0,0,3.6,626.6,76,0,0.4,27.7,71,30.3,21.9
2026-08-25T11:30:00+05:30,2026-08-25 11:30:00,27.9,31.4,23.5,0,0,0,169,0,0,0,0,3.6,626.6,77,0,0.5,27.6,71,30.1,21.9
2026-08-25T11:25:00+05:30,2026-08-25 11:25:00,27.9,31.4,23.5,0,0,0,169,0,0,0,0,3.6,626.6,77,0,0.4,27.6,71,30.1,21.9
2026-08-25T11:20:00+05:30,2026-08-25 11:20:00,27.8,31.3,23.6,0,0,0,169,0,0,0,0,3.6,626.6,78,0,0.4,27.5,72,29.9,22
2026-08-25T11:15:00+05:30,2026-08-25 11:15:00,27.7,31.1,23.5,0,0,0,169,0,0,0,0,3.6,626.6,78,0,0.4,27.5,72,29.9,22
2026-08-25T11:10:00+05:30,2026-08-25 11:10:00,27.7,31.1,23.5,0,0,0,169,0,0,0,0,3.6,626.6,78,0,0.8,27.4,72,29.7,21.9
2026-08-25T11:05:00+05:30,2026-08-25 11:05:00,27.7,31.3,23.7,0,0,0,169,0,0,0,0,3.6,626.6,79,0,0.5,27.4,72,29.7,21.9
2026-08-25T11:00:00+05:30,2026-08-25 11:00:00,27.6,31,23.6,0,0,0,169,0,0,0,0,3.6,626.6,79,0,0.3,27.4,72,29.7,21.9
2026-08-25T10:55:00+05:30,2026-08-25 10:55:00,27.6,31,23.6,0,0,0,169,0,0,0,0,3.6,626.6,79,0,0.3,27.3,72,29.6,21.8
2026-08-25T10:50:00+05:30,2026-08-25 10:50:00,27.5,30.6,23.3,0,0,0,169,0,0,0,0,3.6,626.6,78,0,0.4,27.3,72,29.6,21.8
2026-08-25T10:45:00+05:30,2026-08-25 10:45:00,27.5,30.6,23.3,0,0,0,169,0,0,0,0,3.6,626.6,78,0,0.3,27.2,72,29.4,21.7
2026-08-25T10:40:00+05:30,2026-08-25 10:40:00,27.5,30.6,23.3,0,0,0,169,0,0,0,0,3.6,626.6,78,0,0.3,27.2,72,29.4,21.7
2026-08-25T10:35:00+05:30,2026-08-25 10:35:00,27.4,30.4,23.2,0,0,0,169,0,0,0,0,3.6,626.6,78,0,0.3,27.1,72,29.2,21.6
2026-08-25T10:30:00+05:30,2026-08-25 10:30:00,27.3,30.3,23.3,0,0,0,169,0,0,0,0,3.6,626.6,79,0,0.5,27.1,72,29.2,21.6
2026-08-25T10:25:00+05:30,2026-08-25 10:25:00,27.3,30.3,23.3,0,0,0,169,0,0,0,0,3.6,626.6,79,0,0.4,27,73,29.1,21.7
2026-08-25T10:20:00+05:30,2026-08-25 10:20:00,27.2,30.2,23.5,0,0,0,169,0,0,0,0,3.6,626.6,80,0,0.4,27,73,29.1,21.7
2026-08-25T10:15:00+05:30,2026-08-25 10:15:00,27.1,30,23.4,0,0,0,169,0,0,0,0,3.6,626.6,80,0,0.7,26.9,73,28.9,21.6
2026-08-25T10:10:00+05:30,2026-08-25 10:10:00,27.1,30,23.4,0,0,0,169,0,0,0,0,3.6,626.6,80,0,0.4,26.8,73,28.7,21.5
2026-08-25T10:05:00+05:30,2026-08-25 10:05:00,27,29.7,23.2,0,0,0,169,0,0,0,0,3.6,626.6,80,0,0.4,26.8,73,28.7,21.5
2026-08-25T10:00:00+05:30,2026-08-25 10:00:00,27,29.7,23.2,0,0,0,169,0,0,0,0,3.6,626.6,80,0,0.4,26.8,73,28.7,21.5
2026-08-25T09:55:00+05:30,2026-08-25 09:55:00,27,29.8,23.5,0,0,0,169,0,0,0,0,3.6,626.6,81,0,0.3,26.8,73,28.7,21.5
2026-08-25T09:50:00+05:30,2026-08-25 09:50:00,27,29.8,23.5,0,0,0,169,0,0,0,0,3.6,626.6,81,0,0.4,26.8,73,28.7,21.5
2026-08-25T09:45:00+05:30,2026-08-25 09:45:00,27,29.8,23.5,0,0,0,169,0,0,0,0,3.6,626.6,81,0,0.3,26.8,73,28.7,21.5
2026-08-25T09:40:00+05:30,2026-08-25 09:40:00,27,29.9,23.7,0,0,0,169,0,0,0,0,3.6,626.6,82,0,0.3,26.8,73,28.7,21.5
2026-08-25T09:35:00+05:30,2026-08-25 09:35:00,26.9,29.7,23.5,0,0,0,169,0,0,0,0,3.6,626.6,82,0,0.4,26.8,73,28.7,21.5
2026-08-25T09:30:00+05:30,2026-08-25 09:30:00,27,29.9,23.7,0,0,0,169,0,0,0,0,3.6,626.6,82,0,0.4,26.8,73,28.7,21.5
2026-08-25T09:25:00+05:30,2026-08-25 09:25:00,26.9,29.6,23.3,0,0,0,169,0,0,0,0,3.6,626.6,81,0,0.2,26.7,73,28.6,21.4
2026-08-25T09:21:00+05:30,2026-08-25 09:21:00,26.9,29.6,23.3,0,0,0,169,0,0,0,0,3.6,626.6,81,0,0.2,26.7,73,28.6,21.4
2026-08-25T09:15:00+05:30,2026-08-25 09:15:00,26.9,29.5,23.1,0,0,0,169,0,0,0,0,3.6,626.6,80,0,0.2,26.7,73,28.6,21.4
2026-08-25T09:10:00+05:30,2026-08-25 09:10:00,26.9,29.5,23.1,0,0,0,169,0,0,0,0,3.6,626.6,80,0,0.2,26.7,73,28.6,21.4
2026-08-25T09:05:00+05:30,2026-08-25 09:05:00,26.9,29.6,23.3,0,0,0,169,0,0,0,0,3.6,626.6,81,0,0.2,26.7,73,28.6,21.4
2026-08-25T09:00:00+05:30,2026-08-25 09:00:00,26.9,29.6,23.3,0,0,0,169,0,0,0,0,3.6,626.6,81,0,0.5,26.7,73,28.6,21.4
2026-08-25T08:55:00+05:30,2026-08-25 08:55:00,26.8,29.3,23.2,0,0,0,169,0,0,0,0,3.6,626.6,81,0,0.2,26.6,73,27.2,21.4
2026-08-25T08:50:00+05:30,2026-08-25 08:50:00,26.8,29.3,23.2,0,0,0,169,0,0,0,0,3.6,626.6,81,0,0.3,26.6,73,27.2,21.4
2026-08-25T08:45:00+05:30,2026-08-25 08:45:00,26.8,29.3,23.2,0,0,0,169,0,0,0,0,3.6,626.6,81,0,0,26.6,73,27.2,21.4
2026-08-25T08:40:00+05:30,2026-08-25 08:40:00,26.7,29.2,23.2,0,0,0,169,0,0,0,0,3.6,626.6,81,0,0.1,26.5,73,27.1,21.3
2026-08-25T08:35:00+05:30,2026-08-25 08:35:00,26.7,29.2,23.2,0,0,0,169,0,0,0,0,3.6,626.6,81,0,0.1,26.5,73,27.1,21.3
2026-08-25T08:30:00+05:30,2026-08-25 08:30:00,26.7,29.2,23.2,0,0,0,169,0,0,0,0,3.6,626.6,81,0,0.1,26.5,73,27.1,21.3
2026-08-25T08:25:00+05:30,2026-08-25 08:25:00,26.6,27.4,23.1,0,0,0,169,0,0,0,0,3.6,626.6,81,0,0.1,26.5,73,27.1,21.3
2026-08-25T08:20:00+05:30,2026-08-25 08:20:00,26.6,27.4,23.1,0,0,0,169,0,0,0,0,3.6,626.6,81,0,0.1,26.4,73,27,21.2
2026-08-25T08:16:00+05:30,2026-08-25 08:16:00,26.6,27.4,23.1,0,0,0,169,0,0,0,0,3.6,626.6,81,0,0.1,26.4,73,27,21.2
2026-08-25T08:10:00+05:30,2026-08-25 08:10:00,26.6,27.4,23.1,0,0,0,169,0,0,0,0,3.6,626.6,81,0,0.1,26.4,73,27,21.2
2026-08-25T08:05:00+05:30,2026-08-25 08:05:00,26.6,27.4,23.1,0,0,0,169,0,0,0,0,3.6,626.6,81,0,0.1,26.4,73,27,21.2
2026-08-25T08:00:00+05:30,2026-08-25 08:00:00,26.6,27.4,23.1,0,0,0,169,0,0,0,0,3.6,626.6,81,0,0.1,26.4,73,27,21.2
2026-08-25T07:55:00+05:30,2026-08-25 07:55:00,26.6,27.4,23.1,0,0,0,169,0,0,0,0,3.6,626.6,81,0,0.1,26.4,73,27,21.2
2026-08-25T07:50:00+05:30,2026-08-25 07:50:00,26.5,27.3,23,0,0,0,169,0,0,0,0,3.6,626.6,81,0,0.1,26.4,73,27,21.2
2026-08-25T07:45:00+05:30,2026-08-25 07:45:00,26.5,27.3,23,0,0,0,169,0,0,0,0,3.6,626.6,81,0,0.1,26.3,73,26.9,21.1
2026-08-25T07:40:00+05:30,2026-08-25 07:40:00,26.5,27.3,23,0,0,0,169,0,0,0,0,3.6,626.6,81,0,0,26.3,73,26.9,21.1
2026-08-25T07:35:00+05:30,2026-08-25 07:35:00,26.5,27.3,23,0,0,0,169,0,0,0,0,3.6,626.6,81,0,0,26.4,73,27,21.2
2026-08-25T07:30:00+05:30,2026-08-25 07:30:00,26.5,27.3,23,0,0,0,169,0,0,0,0,3.6,626.6,81,0,0,26.3,73,26.9,21.1
2026-08-25T07:25:00+05:30,2026-08-25 07:25:00,26.5,27.3,23,0,0,0,169,0,0,0,0,3.6,626.6,81,0,0,26.3,73,26.9,21.1
2026-08-25T07:20:00+05:30,2026-08-25 07:20:00,26.5,27.3,23,0,0,0,169,0,0,0,0,3.6,626.6,81,0,0,26.3,73,26.9,21.1
2026-08-25T07:15:00+05:30,2026-08-25 07:15:00,26.5,27.3,23,0,0,0,169,0,0,0,0,3.6,626.6,81,0,0,26.3,72,26.8,20.8
2026-08-25T07:11:00+05:30,2026-08-25 07:11:00,26.5,27.3,22.8,0,0,0,169,0,0,0,0,3.6,626.6,80,0,0,26.3,72,26.8,20.8
2026-08-25T07:05:00+05:30,2026-08-25 07:05:00,26.5,27.3,22.8,0,0,0,169,0,0,0,0,3.6,626.6,80,0,0,26.3,72,26.8,20.8
2026-08-25T07:00:00+05:30,2026-08-25 07:00:00,26.5,27.3,22.8,0,0,0,169,0,0,0,0,3.6,626.6,80,0,0,26.4,72,26.9,20.9
2026-08-25T06:55:00+05:30,2026-08-25 06:55:00,26.5,27.3,22.8,0,0,0,169,0,0,0,0,3.6,626.6,80,0,0,26.3,72,26.8,20.8
2026-08-25T06:50:00+05:30,2026-08-25 06:50:00,26.5,27.3,22.8,0,0,0,169,0,0,0,0,3.6,626.6,80,0,0,26.3,72,26.8,20.8
2026-08-25T06:45:00+05:30,2026-08-25 06:45:00,26.5,27.3,22.8,0,0,0,169,0,0,0,0,3.6,626.6,80,0,0,26.4,72,26.9,20.9
2026-08-25T06:40:00+05:30,2026-08-25 06:40:00,26.6,27.4,22.9,0,0,0,169,0,0,0,0,3.6,626.6,80,0,0,26.4,72,26.9,20.9
2026-08-25T06:35:00+05:30,2026-08-25 06:35:00,26.6,27.4,22.7,0,0,0,169,0,0,0,0,3.6,626.6,79,0,0,26.4,72,26.9,20.9
2026-08-25T06:30:00+05:30,2026-08-25 06:30:00,26.6,27.4,22.7,0,0,0,169,0,0,0,0,3.6,626.6,79,0,0,26.4,72,26.9,20.9
2026-08-25T06:25:00+05:30,2026-08-25 06:25:00,26.6,27.4,22.7,0,0,0,169,0,0,0,0,3.6,626.6,79,0,0,26.4,71,26.9,20.7
2026-08-25T06:20:00+05:30,2026-08-25 06:20:00,26.6,27.4,22.7,0,0,0,169,0,0,0,0,3.6,626.6,79,0,0,26.4,71,26.9,20.7
2026-08-25T06:15:00+05:30,2026-08-25 06:15:00,26.6,27.4,22.7,0,0,0,169,0,0,0,0,3.6,626.6,79,0,0,26.4,71,26.9,20.7
2026-08-25T06:10:00+05:30,2026-08-25 06:10:00,26.6,27.4,22.7,0,0,0,169,0,0,0,0,3.6,626.6,79,0,0,26.4,71,26.9,20.7
2026-08-25T06:05:00+05:30,2026-08-25 06:05:00,26.6,27.4,22.7,0,0,0,169,0,0,0,0,3.6,626.6,79,0,0,26.4,71,26.9,20.7
2026-08-25T06:00:00+05:30,2026-08-25 06:00:00,26.6,27.4,22.7,0,0,0,169,0,0,0,0,3.6,626.6,79,0,0,26.4,71,26.9,20.7
2026-08-25T05:55:00+05:30,2026-08-25 05:55:00,26.6,27.4,22.4,0,0,0,169,0,0,0,0,3.6,626.6,78,0,0,26.4,71,26.9,20.7
2026-08-25T05:51:00+05:30,2026-08-25 05:51:00,26.7,29,22.6,0,0,0,169,0,0,0,0,3.6,626.6,78,0,0,26.5,71,27.1,20.8
2026-08-25T05:45:00+05:30,2026-08-25 05:45:00,26.7,29,22.6,0,0,0,169,0,0,0,0,3.6,626.6,78,0,0,26.5,71,27.1,20.8
2026-08-25T05:40:00+05:30,2026-08-25 05:40:00,26.7,29,22.6,0,0,0,169,0,0,0,0,3.6,626.6,78,0,0,26.5,71,27.1,20.8
2026-08-25T05:35:00+05:30,2026-08-25 05:35:00,26.7,29,22.6,0,0,0,169,0,0,0,0,3.6,626.6,78,0,0,26.5,71,27.1,20.8
2026-08-25T05:30:00+05:30,2026-08-25 05:30:00,26.7,29,22.6,0,0,0,169,0,0,0,0,3.6,626.6,78,0,0,26.5,71,27.1,20.8
2026-08-25T05:25:00+05:30,2026-08-25 05:25:00,26.7,29,22.6,0,0,0,169,0,0,0,0,3.6,626.6,78,0,0,26.5,71,27.1,20.8
2026-08-25T05:20:00+05:30,2026-08-25 05:20:00,26.8,29.1,22.6,0,0,0,169,0,0,0,0,3.6,626.6,78,0,0,26.5,71,27.1,20.8
2026-08-25T05:15:00+05:30,2026-08-25 05:15:00,26.8,29,22.4,0,0,0,169,0,0,0,0,3.6,626.6,77,0,0,26.5,70,27.1,20.6
2026-08-25T05:10:00+05:30,2026-08-25 05:10:00,26.8,29,22.4,0,0,0,169,0,0,0,0,3.6,626.6,77,0,0,26.6,70,27.2,20.7
2026-08-25T05:05:00+05:30,2026-08-25 05:05:00,26.8,29,22.4,0,0,0,169,0,0,0,0,3.6,626.6,77,0,0,26.5,70,27.1,20.6
2026-08-25T05:00:00+05:30,2026-08-25 05:00:00,26.8,29,22.4,0,0,0,169,0,0,0,0,3.6,626.6,77,0,0,26.6,70,27.2,20.7
2026-08-25T04:55:00+05:30,2026-08-25 04:55:00,26.8,29,22.4,0,0,0,169,0,0,0,0,3.6,626.6,77,0,0,26.6,70,27.2,20.7
2026-08-25T04:50:00+05:30,2026-08-25 04:50:00,26.8,29,22.4,0,0,0,169,0,0,0,0,3.6,626.6,77,0,0,26.6,70,27.2,20.7
2026-08-25T04:46:00+05:30,2026-08-25 04:46:00,26.8,29,22.4,0,0,0,169,0,0,0,0,3.6,626.6,77,0,0,26.6,70,27.2,20.7
2026-08-25T04:40:00+05:30,2026-08-25 04:40:00,26.8,29,22.4,0,0,0,169,0,0,0,0,3.6,626.6,77,0,0,26.6,70,27.2,20.7
2026-08-25T04:35:00+05:30,2026-08-25 04:35:00,26.8,29,22.4,0,0,0,169,0,0,0,0,3.6,626.6,77,0,0,26.6,70,27.2,20.7
2026-08-25T04:30:00+05:30,2026-08-25 04:30:00,26.8,29,22.4,0,0,0,169,0,0,0,0,3.6,626.6,77,0,0,26.7,70,28.4,20.8
2026-08-25T04:25:00+05:30,2026-08-25 04:25:00,26.8,29,22.4,0,0,0,169,0,0,0,0,3.6,626.6,77,0,0,26.6,70,27.2,20.7
2026-08-25T04:20:00+05:30,2026-08-25 04:20:00,26.8,29,22.4,0,0,0,169,0,0,0,0,3.6,626.6,77,0,0,26.7,70,28.4,20.8
2026-08-25T04:15:00+05:30,2026-08-25 04:15:00,26.8,29,22.4,0,0,0,169,0,0,0,0,3.6,626.6,77,0,0,26.7,70,28.4,20.8
2026-08-25T04:10:00+05:30,2026-08-25 04:10:00,26.8,29,22.4,0,0,0,169,0,0,0,0,3.6,626.6,77,0,0,26.7,70,28.4,20.8
2026-08-25T04:05:00+05:30,2026-08-25 04:05:00,26.9,29.2,22.5,0,0,0,169,0,0,0,0,3.6,626.6,77,0,0,26.7,70,28.4,20.8
2026-08-25T04:00:00+05:30,2026-08-25 04:00:00,26.9,29.2,22.5,0,0,0,169,0,0,0,0,3.6,626.6,77,0,0,26.7,70,28.4,20.8
2026-08-25T03:55:00+05:30,2026-08-25 03:55:00,26.9,29.2,22.5,0,0,0,169,0,0,0,0,3.6,626.6,77,0,0,26.7,70,28.4,20.8
2026-08-25T03:50:00+05:30,2026-08-25 03:50:00,26.9,29.2,22.5,0,0,0,169,0,0,0,0,3.6,626.6,77,0,0,26.7,70,28.4,20.8
2026-08-25T03:45:00+05:30,2026-08-25 03:45:00,26.9,29.2,22.5,0,0,0,169,0,0,0,0,3.6,626.6,77,0,0,26.7,70,28.4,20.8
2026-08-25T03:41:00+05:30,2026-08-25 03:41:00,26.9,29.2,22.5,0,0,0,169,0,0,0,0,3.6,626.6,77,0,0,26.7,70,28.4,20.8
2026-08-25T03:35:00+05:30,2026-08-25 03:35:00,26.9,29.2,22.5,0,0,0,169,0,0,0,0,3.6,626.6,77,0,0,26.8,70,28.5,20.8
2026-08-25T03:30:00+05:30,2026-08-25 03:30:00,26.9,29.2,22.5,0,0,0,169,0,0,0,0,3.6,626.6,77,0,0,26.8,70,28.5,20.8
2026-08-25T03:25:00+05:30,2026-08-25 03:25:00,26.9,29.2,22.5,0,0,0,169,0,0,0,0,3.6,626.6,77,0,0,26.8,70,28.5,20.8
2026-08-25T03:20:00+05:30,2026-08-25 03:20:00,26.9,29.2,22.5,0,0,0,169,0,0,0,0,3.6,626.6,77,0,0,26.8,70,28.5,20.8
2026-08-25T03:15:00+05:30,2026-08-25 03:15:00,27,29.5,22.6,0,0,0,169,0,0,0,0,3.6,626.6,77,0,0,26.9,70,28.7,20.9
2026-08-25T03:10:00+05:30,2026-08-25 03:10:00,27,29.5,22.6,0,0,0,169,0,0,0,0,3.6,626.6,77,0,0,26.8,70,28.5,20.8
2026-08-25T03:05:00+05:30,2026-08-25 03:05:00,27,29.5,22.6,0,0,0,169,0,0,0,0,3.6,626.6,77,0,0,26.8,70,28.5,20.8
2026-08-25T03:00:00+05:30,2026-08-25 03:00:00,27,29.5,22.6,0,0,0,169,0,0,0,0,3.6,626.6,77,0,0,26.9,70,28.7,20.9
2026-08-25T02:55:00+05:30,2026-08-25 02:55:00,27,29.6,22.8,0,0,0,169,0,0,0,0,3.6,626.6,78,0,0,26.9,70,28.7,20.9
2026-08-25T02:50:00+05:30,2026-08-25 02:50:00,27,29.6,22.8,0,0,0,169,0,0,0,0,3.6,626.6,78,0,0,26.9,70,28.7,20.9
2026-08-25T02:45:00+05:30,2026-08-25 02:45:00,27,29.6,22.8,0,0,0,169,0,0,0,0,3.6,626.6,78,0,0,26.9,70,28.7,20.9
2026-08-25T02:40:00+05:30,2026-08-25 02:40:00,27.1,29.8,22.9,0,0,0,169,0,0,0,0,3.6,626.6,78,0,0,26.9,70,28.7,20.9
2026-08-25T02:35:00+05:30,2026-08-25 02:35:00,27.1,29.8,22.9,0,0,0,169,0,0,0,0,3.6,626.6,78,0,0,26.9,70,28.7,20.9
2026-08-25T02:30:00+05:30,2026-08-25 02:30:00,27.1,29.8,22.9,0,0,0,169,0,0,0,0,3.6,626.6,78,0,0,27,70,28.8,21.1
2026-08-25T02:25:00+05:30,2026-08-25 02:25:00,27.1,29.8,22.9,0,0,0,169,0,0,0,0,3.6,626.6,78,0,0,27,70,28.8,21.1
2026-08-25T02:21:00+05:30,2026-08-25 02:21:00,27.1,29.8,22.9,0,0,0,169,0,0,0,0,3.6,626.6,78,0,0,27,71,28.9,21.3
2026-08-25T02:15:00+05:30,2026-08-25 02:15:00,27.1,29.8,22.9,0,0,0,169,0,0,0,0,3.6,626.6,78,0,0,27,70,28.8,21.1
2026-08-25T02:10:00+05:30,2026-08-25 02:10:00,27.2,30,23,0,0,0,169,0,0,0,0,3.6,626.6,78,0,0,27,70,28.8,21.1
2026-08-25T02:05:00+05:30,2026-08-25 02:05:00,27.2,30,23,0,0,0,169,0,0,0,0,3.6,626.6,78,0,0,27.1,70,29.1,21.2
2026-08-25T02:00:00+05:30,2026-08-25 02:00:00,27.2,30,23,0,0,0,169,0,0,0,0,3.6,626.6,78,0,0,27,70,28.8,21.1
2026-08-25T01:55:00+05:30,2026-08-25 01:55:00,27.2,30,23,0,0,0,169,0,0,0,0,3.6,626.6,78,0,0,27.1,70,29.1,21.2
2026-08-25T01:50:00+05:30,2026-08-25 01:50:00,27.2,30,23,0,0,0,169,0,0,0,0,3.6,626.6,78,0,0,27.1,70,29.1,21.2
2026-08-25T01:45:00+05:30,2026-08-25 01:45:00,27.2,30,23,0,0,0,169,0,0,0,0,3.6,626.6,78,0,0,27.1,70,29.1,21.2
2026-08-25T01:40:00+05:30,2026-08-25 01:40:00,27.2,30,23,0,0,0,169,0,0,0,0,3.6,626.6,78,0,0,27.1,70,29.1,21.2
2026-08-25T01:35:00+05:30,2026-08-25 01:35:00,27.2,30,23,0,0,0,169,0,0,0,0,3.6,626.6,78,0,0,27.1,71,29.1,21.4
2026-08-25T01:30:00+05:30,2026-08-25 01:30:00,27.2,30,23,0,0,0,169,0,0,0,0,3.6,626.6,78,0,0,27.2,71,29.3,21.5
2026-08-25T01:25:00+05:30,2026-08-25 01:25:00,27.2,30,23,0,0,0,169,0,0,0,0,3.6,626.6,78,0,0,27.2,71,29.3,21.5
2026-08-25T01:20:00+05:30,2026-08-25 01:20:00,27.2,30,23,0,0,0,169,0,0,0,0,3.6,626.6,78,0,0,27.1,71,29.1,21.4
2026-08-25T01:16:00+05:30,2026-08-25 01:16:00,27.2,30,23,0,0,0,169,0,0,0,0,3.6,626.6,78,0,0,27.2,71,29.3,21.5
2026-08-25T01:10:00+05:30,2026-08-25 01:10:00,27.3,30.1,23.1,0,0,0,169,0,0,0,0,3.6,626.6,78,0,0,27.2,71,29.3,21.5
2026-08-25T01:05:00+05:30,2026-08-25 01:05:00,27.3,30.1,23.1,0,0,0,169,0,0,0,0,3.6,626.6,78,0,0,27.2,71,29.3,21.5
2026-08-25T01:00:00+05:30,2026-08-25 01:00:00,27.3,30.1,23.1,0,0,0,169,0,0,0,0,3.6,626.6,78,0,0,27.2,71,29.3,21.5
2026-08-25T00:55:00+05:30,2026-08-25 00:55:00,27.4,30.4,23.2,0,0,0,169,0,0,0,0,3.6,626.6,78,0,0,27.2,71,29.3,21.5
2026-08-25T00:50:00+05:30,2026-08-25 00:50:00,27.4,30.4,23.2,0,0,0,169,0,0,0,0,3.6,626.6,78,0,0,27.3,71,29.4,21.6
2026-08-25T00:45:00+05:30,2026-08-25 00:45:00,27.4,30.4,23.2,0,0,0,169,0,0,0,0,3.6,626.6,78,0,0,27.3,71,29.4,21.6
2026-08-25T00:40:00+05:30,2026-08-25 00:40:00,27.4,30.4,23.2,0,0,0,169,0,0,0,0,3.6,626.6,78,0,0,27.3,71,29.4,21.6
2026-08-25T00:35:00+05:30,2026-08-25 00:35:00,27.4,30.4,23.2,0,0,0,169,0,0,0,0,3.6,626.6,78,0,0,27.3,70,29.3,21.3
2026-08-25T00:30:00+05:30,2026-08-25 00:30:00,27.5,30.6,23.3,0,0,0,169,0,0,0,0,3.6,626.6,78,0,0,27.4,71,29.6,21.7
2026-08-25T00:25:00+05:30,2026-08-25 00:25:00,27.5,30.6,23.3,0,0,0,169,0,0,0,0,3.6,626.6,78,0,0,27.3,71,29.4,21.6
2026-08-25T00:20:00+05:30,2026-08-25 00:20:00,27.5,30.6,23.3,0,0,0,169,0,0,0,0,3.6,626.6,78,0,0,27.4,71,29.6,21.7
2026-08-25T00:15:00+05:30,2026-08-25 00:15:00,27.5,30.6,23.3,0,0,0,169,0,0,0,0,3.6,626.6,78,0,0,27.4,70,29.6,21.4
2026-08-25T00:11:00+05:30,2026-08-25 00:11:00,27.5,30.6,23.3,0,0,0,169,0,0,0,0,3.6,626.6,78,0,0,27.4,70,29.6,21.4
2026-08-25T00:05:00+05:30,2026-08-25 00:05:00,27.5,30.6,23.3,0,0,0,169,0,0,0,0,3.6,626.6,78,0,0,27.4,70,29.6,21.4
2026-08-25T00:00:00+05:30,2026-08-25 00:00:00,27.5,30.6,23.3,0,0,0,169,0,0,0,0,3.6,626.6,78,0,0,27.4,70,29.6,21.4
2026-08-24T23:55:00+05:30,2026-08-24 23:55:00,27.6,30.9,23.4,0,0,0,169,0,0,0,0,3.6,626.6,78,0,0,27.4,70,29.6,21.4
2026-08-24T23:50:00+05:30,2026-08-24 23:50:00,27.6,30.9,23.4,0,0,0,169,0,0,0,0,3.6,626.6,78,0,0,27.5,70,29.7,21.5
2026-08-24T23:45:00+05:30,2026-08-24 23:45:00,27.6,30.9,23.4,0,0,0,169,0,0,0,0,3.6,626.6,78,0,0,27.5,70,29.7,21.5
2026-08-24T23:40:00+05:30,2026-08-24 23:40:00,27.6,30.9,23.4,0,0,0,169,0,0,0,0,3.6,626.6,78,0,0,27.5,70,29.7,21.5
2026-08-24T23:35:00+05:30,2026-08-24 23:35:00,27.6,30.9,23.4,0,0,0,169,0,0,0,0,3.6,626.6,78,0,0,27.5,70,29.7,21.5
2026-08-24T23:30:00+05:30,2026-08-24 23:30:00,27.7,31.1,23.5,0,0,0,169,0,0,0,0,3.6,626.6,78,0,0,27.5,70,29.7,21.5
2026-08-24T23:25:00+05:30,2026-08-24 23:25:00,27.7,31.1,23.5,0,0,0,169,0,0,0,0,3.6,626.6,78,0,0,27.5,70,29.7,21.5
2026-08-24T23:21:00+05:30,2026-08-24 23:21:00,27.7,31.1,23.5,0,0,0,169,0,0,0,0,3.6,626.6,78,0,0,27.5,70,29.7,21.5
2026-08-24T23:15:00+05:30,2026-08-24 23:15:00,27.7,31.1,23.5,0,0,0,169,0,0,0,0,3.6,626.6,78,0,0,27.6,70,29.9,21.6
2026-08-24T23:10:00+05:30,2026-08-24 23:10:00,27.7,31.1,23.5,0,0,0,169,0,0,0,0,3.6,626.6,78,0,0,27.6,70,29.9,21.6
2026-08-24T23:05:00+05:30,2026-08-24 23:05:00,27.8,31.3,23.6,0,0,0,169,0,0,0,0,3.6,626.6,78,0,0,27.6,70,29.9,21.6
2026-08-24T23:00:00+05:30,2026-08-24 23:00:00,27.8,31.3,23.6,0,0,0,169,0,0,0,0,3.6,626.6,78,0,0,27.6,70,29.9,21.6
2026-08-24T22:55:00+05:30,2026-08-24 22:55:00,27.8,31.3,23.6,0,0,0,169,0,0,0,0,3.6,626.6,78,0,0,27.6,70,29.9,21.6
2026-08-24T22:50:00+05:30,2026-08-24 22:50:00,27.8,31.3,23.6,0,0,0,169,0,0,0,0,3.6,626.6,78,0,0,27.6,70,29.9,21.6
2026-08-24T22:45:00+05:30,2026-08-24 22:45:00,27.8,31.3,23.6,0,0,0,169,0,0,0,0,3.6,626.6,78,0,0,27.6,70,29.9,21.6
2026-08-24T22:40:00+05:30,2026-08-24 22:40:00,27.8,31.3,23.6,0,0,0,169,0,0,0,0,3.6,626.6,78,0,0,27.7,70,30.1,21.7
2026-08-24T22:35:00+05:30,2026-08-24 22:35:00,27.9,31.5,23.7,0,0,0,169,0,0,0,0,3.6,626.6,78,0,0,27.7,70,30.1,21.7
2026-08-24T22:30:00+05:30,2026-08-24 22:30:00,27.9,31.5,23.7,0,0,0,169,0,0,0,0,3.6,626.6,78,0,0,27.7,70,30.1,21.7
2026-08-24T22:25:00+05:30,2026-08-24 22:25:00,27.9,31.5,23.7,0,0,0,169,0,0,0,0,3.6,626.6,78,0,0,27.8,70,30.2,21.8
2026-08-24T22:20:00+05:30,2026-08-24 22:20:00,27.9,31.5,23.7,0,0,0,169,0,0,0,0,3.6,626.6,78,0,0,27.8,70,30.2,21.8
2026-08-24T22:16:00+05:30,2026-08-24 22:16:00,28,31.8,23.8,0,0,0,169,0,0,0,0,3.6,626.6,78,0,0,27.8,70,30.2,21.8
2026-08-24T22:10:00+05:30,2026-08-24 22:10:00,28,31.8,23.8,0,0,0,169,0,0,0,0,3.6,626.6,78,0,0,27.8,70,30.2,21.8
2026-08-24T22:05:00+05:30,2026-08-24 22:05:00,28,31.8,23.8,0,0,0,169,0,0,0,0,3.6,626.6,78,0,0,27.9,70,30.4,21.9
2026-08-24T22:00:00+05:30,2026-08-24 22:00:00,28,31.8,23.8,0,0,0,169,0,0,0,0,3.6,626.6,78,0,0,27.9,70,30.4,21.9
2026-08-24T21:55:00+05:30,2026-08-24 21:55:00,28,31.8,23.8,0,0,0,169,0,0,0,0,3.6,626.6,78,0,0,27.9,70,30.4,21.9
2026-08-24T21:50:00+05:30,2026-08-24 21:50:00,28,31.6,23.6,0,0,0,169,0,0,0,0,3.6,626.6,77,0,0,27.9,69,30.3,21.7
2026-08-24T21:45:00+05:30,2026-08-24 21:45:00,28,31.6,23.6,0,0,0,169,0,0,0,0,3.6,626.6,77,0,0,27.9,69,30.3,21.7
2026-08-24T21:40:00+05:30,2026-08-24 21:40:00,28.1,31.9,23.7,0,0,0,169,0,0,0,0,3.6,626.6,77,0,0,28,69,30.6,21.8
2026-08-24T21:35:00+05:30,2026-08-24 21:35:00,28.1,31.9,23.7,0,0,0,169,0,0,0,0,3.6,626.6,77,0,0,27.9,69,30.3,21.7
2026-08-24T21:30:00+05:30,2026-08-24 21:30:00,28.1,31.8,23.5,0,0,0,169,0,0,0,0,3.6,626.6,76,0,0,28,69,30.6,21.8
2026-08-24T21:25:00+05:30,2026-08-24 21:25:00,28.1,31.8,23.5,0,0,0,169,0,0,0,0,3.6,626.6,76,0,0,28,69,30.6,21.8
2026-08-24T21:20:00+05:30,2026-08-24 21:20:00,28.1,31.8,23.5,0,0,0,169,0,0,0,0,3.6,626.6,76,0,0,28,69,30.6,21.8
2026-08-24T21:15:00+05:30,2026-08-24 21:15:00,28.2,32,23.6,0,0,0,169,0,0,0,0,3.6,626.6,76,0,0,28,69,30.6,21.8
2026-08-24T21:10:00+05:30,2026-08-24 21:10:00,28.2,32,23.6,0,0,0,169,0,0,0,0,3.6,626.6,76,0,0,28,69,30.6,21.8
2026-08-24T21:05:00+05:30,2026-08-24 21:05:00,28.2,31.9,23.4,0,0,0,169,0,0,0,0,3.6,626.6,75,0,0,28,68,30.4,21.6
2026-08-24T21:00:00+05:30,2026-08-24 21:00:00,28.2,31.9,23.4,0,0,0,169,0,0,0,0,3.6,626.6,75,0,0,28.1,68,30.6,21.6
2026-08-24T20:56:00+05:30,2026-08-24 20:56:00,28.2,31.9,23.4,0,0,0,169,0,0,0,0,3.6,626.6,75,0,0,28.1,68,30.6,21.6
2026-08-24T20:50:00+05:30,2026-08-24 20:50:00,28.3,32,23.4,0,0,0,169,0,0,0,0,3.6,626.6,75,0,0,28.1,68,30.6,21.6
2026-08-24T20:45:00+05:30,2026-08-24 20:45:00,28.3,32,23.4,0,0,0,169,0,0,0,0,3.6,626.6,75,0,0,28.1,68,30.6,21.6
2026-08-24T20:40:00+05:30,2026-08-24 20:40:00,28.3,32,23.4,0,0,0,169,0,0,0,0,3.6,626.6,75,0,0,28.2,68,30.8,21.7
2026-08-24T20:35:00+05:30,2026-08-24 20:35:00,28.3,32,23.4,0,0,0,169,0,0,0,0,3.6,626.6,75,0,0,28.2,68,30.8,21.7
2026-08-24T20:30:00+05:30,2026-08-24 20:30:00,28.3,32,23.4,0,0,0,169,0,0,0,0,3.6,626.6,75,0,0,28.2,68,30.8,21.7
2026-08-24T20:25:00+05:30,2026-08-24 20:25:00,28.3,32,23.4,0,0,0,169,0,0,0,0,3.6,626.6,75,0,0,28.2,68,30.8,21.7
2026-08-24T20:20:00+05:30,2026-08-24 20:20:00,28.4,32.2,23.5,0,0,0,169,0,0,0,0,3.6,626.6,75,0,0,28.3,68,30.9,21.8
2026-08-24T20:15:00+05:30,2026-08-24 20:15:00,28.4,32.1,23.3,0,0,0,169,0,0,0,0,3.6,626.6,74,0,0,28.3,68,30.9,21.8
2026-08-24T20:10:00+05:30,2026-08-24 20:10:00,28.4,32.1,23.3,0,0,0,169,0,0,0,0,3.6,626.6,74,0,0,28.3,68,30.9,21.8
2026-08-24T20:05:00+05:30,2026-08-24 20:05:00,28.5,32.3,23.4,0,0,0,169,0,0,0,0,3.6,626.6,74,0,0,28.4,68,31.1,21.9
2026-08-24T20:00:00+05:30,2026-08-24 20:00:00,28.5,32.3,23.4,0,0,0,169,0,0,0,0,3.6,626.6,74,0,0,28.4,68,31.1,21.9
2026-08-24T19:55:00+05:30,2026-08-24 19:55:00,28.5,32.3,23.4,0,0,0,169,0,0,0,0,3.6,626.6,74,0,0,28.4,68,31.1,21.9
2026-08-24T19:51:00+05:30,2026-08-24 19:51:00,28.5,32.5,23.6,0,0,0,169,0,0,0,0,3.6,626.6,75,0,0,28.5,68,31.3,22
2026-08-24T19:45:00+05:30,2026-08-24 19:45:00,28.5,32.5,23.6,0,0,0,169,0,0,0,0,3.6,626.6,75,0,0,28.5,68,31.3,22
2026-08-24T19:40:00+05:30,2026-08-24 19:40:00,28.6,32.8,23.7,0,0,0,169,0,0,0,0,3.6,626.6,75,0,0,28.6,68,31.6,22.1
2026-08-24T19:35:00+05:30,2026-08-24 19:35:00,28.6,32.8,23.7,0,0,0,169,0,0,0,0,3.6,626.6,75,0,0,28.6,68,31.6,22.1
2026-08-24T19:30:00+05:30,2026-08-24 19:30:00,28.8,33.2,23.9,0,0,0,169,0,0,0,0,3.6,626.6,75,0,0,28.7,69,31.9,22.4
2026-08-24T19:25:00+05:30,2026-08-24 19:25:00,28.9,33.6,24.2,0,0,0,169,0,0,0,0,3.6,626.6,76,0,0,28.7,68,31.8,22.2
2026-08-24T19:20:00+05:30,2026-08-24 19:20:00,28.9,33.6,24.2,0,0,0,169,0,0,0,0,3.6,626.6,76,0,0,28.8,68,31.9,22.3
2026-08-24T19:15:00+05:30,2026-08-24 19:15:00,28.9,33.6,24.2,0,0,0,169,0,0,0,0,3.6,626.6,76,0,0,28.8,68,31.9,22.3
2026-08-24T19:10:00+05:30,2026-08-24 19:10:00,28.9,33.4,24,0,0,0,169,0,0,0,0,3.6,626.6,75,0,0,28.8,68,31.9,22.3
2026-08-24T19:05:00+05:30,2026-08-24 19:05:00,29,33.7,24.1,0,0,0,169,0,0,0,0,3.6,626.6,75,0,0,28.9,68,32.1,22.4
2026-08-24T19:00:00+05:30,2026-08-24 19:00:00,29,33.7,24.1,0,0,0,169,0,0,0,0,3.6,626.6,75,0,0,28.9,68,32.1,22.4
2026-08-24T18:55:00+05:30,2026-08-24 18:55:00,29,33.7,24.1,0,0,0,169,0,0,0,0,3.6,626.6,75,0,0,28.9,68,32.1,22.4
2026-08-24T18:50:00+05:30,2026-08-24 18:50:00,29,33.7,24.1,0,0,0,169,0,0,0,0,3.6,626.6,75,0,0,28.9,68,32.1,22.4
2026-08-24T18:46:00+05:30,2026-08-24 18:46:00,29.1,34,24.2,0,0,0,169,0,0,0,0,3.6,626.6,75,0,0,28.9,68,32.1,22.4
2026-08-24T18:40:00+05:30,2026-08-24 18:40:00,29.1,34,24.2,0,0,0,169,0,0,0,0,3.6,626.6,75,0,0,29,68,32.4,22.5
2026-08-24T18:35:00+05:30,2026-08-24 18:35:00,29.1,34,24.2,0,0,0,169,0,0,0,0,3.6,626.6,75,0,0,29,68,32.4,22.5
2026-08-24T18:30:00+05:30,2026-08-24 18:30:00,29.2,34.3,24.3,0,0,0,169,0,0,0,0,3.6,626.6,75,0,0,29,68,32.4,22.5
2026-08-24T18:25:00+05:30,2026-08-24 18:25:00,29.2,34,24.1,0,0,0,169,0,0,0,0,3.6,626.6,74,0,0,29.1,68,32.6,22.6
2026-08-24T18:20:00+05:30,2026-08-24 18:20:00,29.3,34.2,24.2,0,0,0,169,0,0,0,0,3.6,626.6,74,0,0,29.1,68,32.6,22.6
2026-08-24T18:15:00+05:30,2026-08-24 18:15:00,29.3,34.2,24.2,0,0,0,169,0,0,0,0,3.6,626.6,74,0,0,29.1,68,32.6,22.6
2026-08-24T18:10:00+05:30,2026-08-24 18:10:00,29.4,34.5,24.3,0,0,0,169,0,0,0,0,3.6,626.6,74,0,0,29.1,68,32.6,22.6
2026-08-24T18:05:00+05:30,2026-08-24 18:05:00,29.5,34.7,24.4,0,0,0,169,0,0,0,0,3.6,626.6,74,0,0,29.1,68,32.6,22.6
2026-08-24T18:00:00+05:30,2026-08-24 18:00:00,29.5,34.7,24.4,0,0,0,169,0,0,0,0,3.6,626.6,74,0,0,29.2,68,32.8,22.7
2026-08-24T17:55:00+05:30,2026-08-24 17:55:00,29.5,34.7,24.4,0,0,0,169,0,0,0,0,3.6,626.6,74,0,0,29.2,68,32.8,22.7
2026-08-24T17:50:00+05:30,2026-08-24 17:50:00,29.6,35,24.5,0,0,0,169,0,0,0,0,3.6,626.6,74,0,0,29.3,68,32.9,22.7
2026-08-24T17:45:00+05:30,2026-08-24 17:45:00,29.6,35,24.5,0,0,0,169,0,0,0,0,3.6,626.6,74,0,0,29.3,68,32.9,22.7
2026-08-24T17:40:00+05:30,2026-08-24 17:40:00,29.6,35,24.5,0,0,0,169,0,0,0,0,3.6,626.6,74,0,0,29.4,68,33.2,22.8
2026-08-24T17:35:00+05:30,2026-08-24 17:35:00,29.7,35.3,24.6,0,0,0,169,0,0,0,0,3.6,626.6,74,0,0,29.4,68,33.2,22.8
2026-08-24T17:30:00+05:30,2026-08-24 17:30:00,29.7,35.3,24.6,0,0,0,169,0,0,0,0,3.6,626.6,74,0,0,29.4,68,33.2,22.8
2026-08-24T17:25:00+05:30,2026-08-24 17:25:00,29.8,35.5,24.6,0,0,0,169,0,0,0,0,3.6,626.6,74,0,0,29.5,68,33.4,22.9
2026-08-24T17:20:00+05:30,2026-08-24 17:20:00,29.8,35.5,24.6,0,0,0,169,0,0,0,0,3.6,626.6,74,0,0.1,29.4,68,33.2,22.8
2026-08-24T17:15:00+05:30,2026-08-24 17:15:00,29.8,35.5,24.6,0,0,0,169,0,0,0,0,3.6,626.6,74,0,0,29.5,68,33.4,22.9
2026-08-24T17:10:00+05:30,2026-08-24 17:10:00,29.8,35.5,24.6,0,0,0,169,0,0,0,0,3.6,626.6,74,0,0,29.5,68,33.4,22.9
2026-08-24T17:05:00+05:30,2026-08-24 17:05:00,29.9,35.7,24.7,0,0,0,169,0,0,0,0,3.6,626.6,74,0,0,29.5,68,33.4,22.9
2026-08-24T17:00:00+05:30,2026-08-24 17:00:00,29.9,35.7,24.7,0,0,0,169,0,0,0,0,3.6,626.6,74,0,0,29.6,68,33.7,23.1
2026-08-24T16:55:00+05:30,2026-08-24 16:55:00,29.8,35.5,24.6,0,0,0,169,0,0,0,0,3.6,626.6,74,0,0.5,29.6,67,33.4,22.8
2026-08-24T16:50:00+05:30,2026-08-24 16:50:00,29.9,35.7,24.7,0,0,0,169,0,0,0,0,3.6,626.6,74,0,0.1,29.6,67,33.4,22.8
2026-08-24T16:45:00+05:30,2026-08-24 16:45:00,29.9,35.7,24.7,0,0,0,169,0,0,0,0,3.6,626.6,74,0,0.1,29.6,67,33.4,22.8
2026-08-24T16:40:00+05:30,2026-08-24 16:40:00,29.9,35.5,24.5,0,0,0,169,0,0,0,0,3.6,626.6,73,0,0.2,29.7,67,33.7,22.9
2026-08-24T16:35:00+05:30,2026-08-24 16:35:00,30,35.8,24.6,0,0,0,169,0,0,0,0,3.6,626.6,73,0,0.3,29.7,67,33.7,22.9
2026-08-24T16:30:00+05:30,2026-08-24 16:30:00,30,35.8,24.6,0,0,0,169,0,0,0,0,3.6,626.6,73,0,0.2,29.8,66,33.6,22.7
2026-08-24T16:25:00+05:30,2026-08-24 16:25:00,30.1,35.8,24.5,0,0,0,169,0,0,0,0,3.6,626.6,72,0,0.3,29.8,66,33.6,22.7
2026-08-24T16:21:00+05:30,2026-08-24 16:21:00,30.2,35.8,24.4,0,0,0,169,0,0,0,0,3.6,626.6,71,0,0.3,29.8,66,33.6,22.7
2026-08-24T16:15:00+05:30,2026-08-24 16:15:00,30.2,35.8,24.4,0,0,0,169,0,0,0,0,3.6,626.6,71,0,0.3,29.8,66,33.6,22.7
2026-08-24T16:10:00+05:30,2026-08-24 16:10:00,30.3,36,24.4,0,0,0,169,0,0,0,0,3.6,626.6,71,0,0.3,29.9,66,33.8,22.8
2026-08-24T16:05:00+05:30,2026-08-24 16:05:00,30.3,36,24.4,0,0,0,169,0,0,0,0,3.6,626.6,71,0,0.3,29.9,66,33.8,22.8
2026-08-24T16:00:00+05:30,2026-08-24 16:00:00,30.3,36,24.4,0,0,0,169,0,0,0,0,3.6,626.6,71,0,0.3,29.9,66,33.8,22.8
2026-08-24T15:55:00+05:30,2026-08-24 15:55:00,30.3,35.7,24.2,0,0,0,169,0,0,0,0,3.6,626.6,70,0,0.3,29.8,66,33.6,22.7
2026-08-24T15:50:00+05:30,2026-08-24 15:50:00,30.3,35.7,24.2,0,0,0,169,0,0,0,0,3.6,626.6,70,0,0.3,29.8,66,33.6,22.7
2026-08-24T15:45:00+05:30,2026-08-24 15:45:00,30.3,35.7,24.2,0,0,0,169,0,0,0,0,3.6,626.6,70,0,0.4,29.8,66,33.6,22.7
2026-08-24T15:40:00+05:30,2026-08-24 15:40:00,30.3,35.7,24.2,0,0,0,169,0,0,0,0,3.6,626.6,70,0,0.4,29.8,66,33.6,22.7
2026-08-24T15:35:00+05:30,2026-08-24 15:35:00,30.3,35.7,24.2,0,0,0,169,0,0,0,0,3.6,626.6,70,0,0.5,29.8,66,33.6,22.7
2026-08-24T15:30:00+05:30,2026-08-24 15:30:00,30.3,35.7,24.2,0,0,0,169,0,0,0,0,3.6,626.6,70,0,0.6,29.8,66,33.6,22.7
2026-08-24T15:25:00+05:30,2026-08-24 15:25:00,30.3,36,24.4,0,0,0,169,0,0,0,0,3.6,626.6,71,0,0.3,29.8,66,33.6,22.7
2026-08-24T15:20:00+05:30,2026-08-24 15:20:00,30.3,36,24.4,0,0,0,169,0,0,0,0,3.6,626.6,71,0,0.7,29.7,66,33.5,22.7
2026-08-24T15:16:00+05:30,2026-08-24 15:16:00,30.2,35.8,24.4,0,0,0,170,0,0,0,0,3.6,626.6,71,0,0.7,29.7,66,33.5,22.7
2026-08-24T15:10:00+05:30,2026-08-24 15:10:00,30.2,35.8,24.4,0,0,0,169,0,0,0,0,3.6,626.6,71,0,0.6,29.6,66,33.3,22.6
2026-08-24T15:05:00+05:30,2026-08-24 15:05:00,30.1,35.6,24.3,0,0,0,169,0,0,0,0,3.6,626.6,71,0,0.8,29.6,66,33.3,22.6
2026-08-24T15:00:00+05:30,2026-08-24 15:00:00,30,35.3,24.2,0,0,0,169,0,0,0,0,3.6,626.6,71,0,0.7,29.5,67,33.2,22.7
2026-08-24T14:55:00+05:30,2026-08-24 14:55:00,29.9,35.2,24.3,0,0,0,169,0,0,0,0,3.6,626.6,72,0,0.8,29.5,67,33.2,22.7
2026-08-24T14:50:00+05:30,2026-08-24 14:50:00,29.8,35,24.2,0,0,0,169,0,0,0,0,3.6,626.6,72,0,0.7,29.4,67,33,22.6
2026-08-24T14:45:00+05:30,2026-08-24 14:45:00,29.7,34.6,23.9,0,0,0,169,0,0,0,0,3.6,626.6,71,0,0.3,29.4,66,32.8,22.3
2026-08-24T14:40:00+05:30,2026-08-24 14:40:00,29.7,34.6,23.9,0,0,0,169,0,0,0,0,3.6,626.6,71,0,0.5,29.4,66,32.8,22.3
2026-08-24T14:35:00+05:30,2026-08-24 14:35:00,29.7,34.8,24.1,0,0,0,169,0,0,0,0,3.6,626.6,72,0,0.7,29.4,67,33,22.6
2026-08-24T14:30:00+05:30,2026-08-24 14:30:00,29.6,34.8,24.2,0,0,0,169,0,0,0,0,3.6,626.6,73,0,0.4,29.3,67,32.8,22.5
2026-08-24T14:25:00+05:30,2026-08-24 14:25:00,29.5,34.3,23.9,0,0,0,169,0,0,0,0,3.6,626.6,72,0,0.7,29.2,67,32.7,22.4
2026-08-24T14:20:00+05:30,2026-08-24 14:20:00,29.3,34,23.9,0,0,0,169,0,0,0,0,3.6,626.6,73,0,0.8,29.2,67,32.7,22.4
2026-08-24T14:15:00+05:30,2026-08-24 14:15:00,29.3,34,23.9,0,0,0,169,0,0,0,0,3.6,626.6,73,0,0.4,29.2,68,32.8,22.7
2026-08-24T14:11:00+05:30,2026-08-24 14:11:00,29.3,34.2,24.2,0,0,0,169,0,0,0,0,3.6,626.6,74,0,0.3,29.2,68,32.8,22.7
2026-08-24T14:05:00+05:30,2026-08-24 14:05:00,29.2,34,24.1,0,0,0,169,0,0,0,0,3.6,626.6,74,0,0.7,29.1,68,32.6,22.6
2026-08-24T14:00:00+05:30,2026-08-24 14:00:00,29.2,34,24.1,0,0,0,169,0,0,0,0,3.6,626.6,74,0,0.8,29.1,68,32.6,22.6
2026-08-24T13:55:00+05:30,2026-08-24 13:55:00,29.2,34,24.1,0,0,0,169,0,0,0,0,3.6,626.6,74,0,0.4,29,68,32.4,22.5
2026-08-24T13:50:00+05:30,2026-08-24 13:50:00,29.2,34,24.1,0,0,0,169,0,0,0,0,3.6,626.6,74,0,0.5,29,68,32.4,22.5
2026-08-24T13:45:00+05:30,2026-08-24 13:45:00,29.2,34,24.1,0,0,0,170,0,0,0,0,3.6,626.6,74,0,0.9,29,68,32.4,22.5
2026-08-24T13:40:00+05:30,2026-08-24 13:40:00,29.2,34.3,24.3,0,0,0,170,0,0,0,0,3.6,626.6,75,0,0.5,29,69,32.6,22.7
2026-08-24T13:35:00+05:30,2026-08-24 13:35:00,29.2,34.3,24.3,0,0,0,170,0,0,0,0,3.6,626.6,75,0,0.4,29,69,32.6,22.7
2026-08-24T13:30:00+05:30,2026-08-24 13:30:00,29.2,34.3,24.3,0,0,0,170,0,0,0,0,3.6,626.6,75,0,0.5,29,69,32.6,22.7
2026-08-24T13:25:00+05:30,2026-08-24 13:25:00,29.1,34,24.2,0,0,0,170,0,0,0,0,3.6,626.6,75,0,0.6,28.9,68,32.1,22.4
2026-08-24T13:20:00+05:30,2026-08-24 13:20:00,29.1,33.8,24,0,0,0,170,0,0,0,0,3.6,626.6,74,0,0.4,28.9,69,32.3,22.6
2026-08-24T13:15:00+05:30,2026-08-24 13:15:00,29.1,33.8,24,0,0,0,170,0,0,0,0,3.6,626.6,74,0,0.5,28.9,69,32.3,22.6
2026-08-24T13:10:00+05:30,2026-08-24 13:10:00,29.1,34,24.2,0,0,0,170,0,0,0,0,3.6,626.6,75,0,0.5,28.8,69,32.1,22.5
2026-08-24T13:05:00+05:30,2026-08-24 13:05:00,29,33.9,24.3,0,0,0,170,0,0,0,0,3.6,626.6,76,0,0.9,28.7,69,31.9,22.4
2026-08-24T13:00:00+05:30,2026-08-24 13:00:00,28.9,33.6,24.2,0,0,0,170,0,0,0,0,3.6,626.6,76,0,0.7,28.7,69,31.9,22.4
2026-08-24T12:55:00+05:30,2026-08-24 12:55:00,28.8,33.3,24.1,0,0,0,170,0,0,0,0,3.6,626.6,76,0,0.9,28.6,69,31.7,22.3
2026-08-24T12:51:00+05:30,2026-08-24 12:51:00,28.8,33.3,24.1,0,0,0,170,0,0,0,0,3.6,626.6,76,0,0.6,28.6,69,31.7,22.3
2026-08-24T12:45:00+05:30,2026-08-24 12:45:00,28.8,33.3,24.1,0,0,0,170,0,0,0,0,3.6,626.6,76,0,0.4,28.6,69,31.7,22.3
2026-08-24T12:40:00+05:30,2026-08-24 12:40:00,28.8,33.3,24.1,0,0,0,170,0,0,0,0,3.6,626.6,76,0,0.4,28.6,70,31.9,22.6
2026-08-24T12:35:00+05:30,2026-08-24 12:35:00,28.7,33.2,24.1,0,0,0,170,0,0,0,0,3.6,626.6,76,0,0.4,28.5,70,31.7,22.5
2026-08-24T12:30:00+05:30,2026-08-24 12:30:00,28.7,33.2,24.1,0,0,0,170,0,0,0,0,3.6,626.6,76,0,0.5,28.5,70,31.7,22.5
2026-08-24T12:25:00+05:30,2026-08-24 12:25:00,28.7,33.2,24.1,0,0,0,170,0,0,0,0,3.6,626.6,76,0,0.4,28.4,70,31.4,22.4
2026-08-24T12:20:00+05:30,2026-08-24 12:20:00,28.6,32.9,24,0,0,0,170,0,0,0,0,3.6,626.6,76,0,0.4,28.3,70,31.2,22.3
2026-08-24T12:15:00+05:30,2026-08-24 12:15:00,28.6,32.9,24,0,0,0,168,0,0,0,0,3.6,626.6,76,0,0.5,28.3,69,31.1,22.1
2026-08-24T12:10:00+05:30,2026-08-24 12:10:00,28.5,32.7,23.8,0,0,0,168,0,0,0,0,3.6,626.6,76,0,0.5,28.3,70,31.2,22.3
2026-08-24T12:05:00+05:30,2026-08-24 12:05:00,28.5,32.7,23.8,0,0,0,168,0,0,0,0,3.6,626.6,76,0,0.5,28.2,70,31.1,22.2
2026-08-24T12:00:00+05:30,2026-08-24 12:00:00,28.4,32.4,23.7,0,0,0,168,0,0,0,0,3.6,626.6,76,0,0.5,28.2,70,31.1,22.2
2026-08-24T11:55:00+05:30,2026-08-24 11:55:00,28.4,32.6,24,0,0,0,168,0,0,0,0,3.6,626.6,77,0,0.5,28.2,70,31.1,22.2
2026-08-24T11:50:00+05:30,2026-08-24 11:50:00,28.3,32.3,23.8,0,0,0,169,0,0,0,0,3.6,626.6,77,0,0.4,28.1,70,30.9,22.1
2026-08-24T11:46:00+05:30,2026-08-24 11:46:00,28.2,32.2,23.8,0,0,0,168,0,0,0,0,3.6,626.6,77,0,0.4,28,70,30.7,22
2026-08-24T11:40:00+05:30,2026-08-24 11:40:00,28.1,31.9,23.7,0,0,0,168,0,0,0,0,3.6,626.6,77,0,0.8,28,70,30.7,22
2026-08-24T11:35:00+05:30,2026-08-24 11:35:00,28,31.6,23.6,0,0,0,168,0,0,0,0,3.6,626.6,77,0,0.5,27.9,70,30.4,21.9
2026-08-24T11:30:00+05:30,2026-08-24 11:30:00,28,31.8,23.8,0,0,0,168,0,0,0,0,3.6,626.6,78,0,0.7,27.8,71,30.4,22
2026-08-24T11:25:00+05:30,2026-08-24 11:25:00,27.9,31.5,23.7,0,0,0,168,0,0,0,0,3.6,626.6,78,0,0.6,27.7,72,30.4,22.2
2026-08-24T11:20:00+05:30,2026-08-24 11:20:00,27.8,31.3,23.6,0,0,0,168,0,0,0,0,3.6,626.6,78,0,0.7,27.6,71,30.1,21.9
2026-08-24T11:15:00+05:30,2026-08-24 11:15:00,27.8,31.3,23.6,0,0,0,168,0,0,0,0,3.6,626.6,78,0,0.7,27.6,70,29.9,21.6
2026-08-24T11:10:00+05:30,2026-08-24 11:10:00,27.8,31.1,23.4,0,0,0,168,0,0,0,0,3.6,626.6,77,0,0.5,27.6,70,29.9,21.6
2026-08-24T11:05:00+05:30,2026-08-24 11:05:00,27.8,31.1,23.4,0,0,0,168,0,0,0,0,3.6,626.6,77,0,0.3,27.6,70,29.9,21.6
2026-08-24T11:00:00+05:30,2026-08-24 11:00:00,27.8,31.1,23.4,0,0,0,168,0,0,0,0,3.6,626.6,77,0,0.2,27.6,70,29.9,21.6
2026-08-24T10:55:00+05:30,2026-08-24 10:55:00,27.8,31.1,23.4,0,0,0,168,0,0,0,0,3.6,626.6,77,0,0.3,27.6,70,29.9,21.6
2026-08-24T10:50:00+05:30,2026-08-24 10:50:00,27.8,31.1,23.4,0,0,0,168,0,0,0,0,3.6,626.6,77,0,0.3,27.6,70,29.9,21.6
2026-08-24T10:45:00+05:30,2026-08-24 10:45:00,27.8,31.1,23.4,0,0,0,168,0,0,0,0,3.6,626.6,77,0,0.4,27.6,70,29.9,21.6
2026-08-24T10:41:00+05:30,2026-08-24 10:41:00,27.8,31.1,23.4,0,0,0,168,0,0,0,0,3.6,626.6,77,0,0.3,27.5,70,29.7,21.5
2026-08-24T10:35:00+05:30,2026-08-24 10:35:00,27.8,31,23.1,0,0,0,168,0,0,0,0,3.6,626.6,76,0,0.2,27.5,70,29.7,21.5
2026-08-24T10:30:00+05:30,2026-08-24 10:30:00,27.7,30.9,23.1,0,0,0,168,0,0,0,0,3.6,626.6,76,0,0.2,27.5,70,29.7,21.5
2026-08-24T10:25:00+05:30,2026-08-24 10:25:00,27.7,30.9,23.1,0,0,0,168,0,0,0,0,3.6,626.6,76,0,0.2,27.4,70,29.6,21.4
2026-08-24T10:20:00+05:30,2026-08-24 10:20:00,27.7,30.9,23.1,0,0,0,168,0,0,0,0,3.6,626.6,76,0,0.4,27.4,70,29.6,21.4
2026-08-24T10:15:00+05:30,2026-08-24 10:15:00,27.6,30.6,23,0,0,0,168,0,0,0,0,3.6,626.6,76,0,0.5,27.4,70,29.6,21.4
2026-08-24T10:10:00+05:30,2026-08-24 10:10:00,27.6,30.8,23.2,0,0,0,168,0,0,0,0,3.6,626.6,77,0,0.4,27.3,70,29.3,21.3
2026-08-24T10:05:00+05:30,2026-08-24 10:05:00,27.5,30.5,23.1,0,0,0,168,0,0,0,0,3.6,626.6,77,0,0.8,27.3,70,29.3,21.3
2026-08-24T10:00:00+05:30,2026-08-24 10:00:00,27.5,30.5,23.1,0,0,0,168,0,0,0,0,3.6,626.6,77,0,0.9,27.2,70,29.2,21.3
2026-08-24T09:55:00+05:30,2026-08-24 09:55:00,27.4,30.3,23,0,0,0,168,0,0,0,0,3.6,626.6,77,0,0.4,27.2,70,29.2,21.3
2026-08-24T09:50:00+05:30,2026-08-24 09:50:00,27.4,30.3,23,0,0,0,168,0,0,0,0,3.6,626.6,77,0,0.4,27.2,70,29.2,21.3
2026-08-24T09:45:00+05:30,2026-08-24 09:45:00,27.3,30,22.9,0,0,0,168,0,0,0,0,3.6,626.6,77,0,0.7,27.1,70,29.1,21.2
2026-08-24T09:40:00+05:30,2026-08-24 09:40:00,27.3,30,22.9,0,0,0,168,0,0,0,0,3.6,626.6,77,0,0.5,27.1,70,29.1,21.2
2026-08-24T09:35:00+05:30,2026-08-24 09:35:00,27.2,29.9,22.8,0,0,0,168,0,0,0,0,3.6,626.6,77,0,0.4,27,70,28.8,21.1
2026-08-24T09:30:00+05:30,2026-08-24 09:30:00,27.2,29.9,22.8,0,0,0,168,0,0,0,0,3.6,626.6,77,0,0.6,27,70,28.8,21.1
2026-08-24T09:25:00+05:30,2026-08-24 09:25:00,27.2,29.9,22.8,0,0,0,168,0,0,0,0,3.6,626.6,77,0,0.3,27,70,28.8,21.1
2026-08-24T09:20:00+05:30,2026-08-24 09:20:00,27.1,29.7,22.7,0,0,0,168,0,0,0,0,3.6,626.6,77,0,0.2,27,70,28.8,21.1
2026-08-24T09:15:00+05:30,2026-08-24 09:15:00,27.1,29.7,22.7,0,0,0,168,0,0,0,0,3.6,626.6,77,0,0.2,27,70,28.8,21.1
2026-08-24T09:10:00+05:30,2026-08-24 09:10:00,27.1,29.8,22.9,0,0,0,168,0,0,0,0,3.6,626.6,78,0,0.2,26.9,71,28.7,21.2
2026-08-24T09:05:00+05:30,2026-08-24 09:05:00,27.1,29.8,22.9,0,0,0,168,0,0,0,0,3.6,626.6,78,0,0.3,26.9,71,28.7,21.2
2026-08-24T09:00:00+05:30,2026-08-24 09:00:00,27,29.6,22.8,0,0,0,168,0,0,0,0,3.6,626.6,78,0,0.3,26.9,71,28.7,21.2
2026-08-24T08:55:00+05:30,2026-08-24 08:55:00,27,29.6,22.8,0,0,0,168,0,0,0,0,3.6,626.6,78,0,0.3,26.9,71,28.7,21.2
2026-08-24T08:50:00+05:30,2026-08-24 08:50:00,26.9,29.3,22.7,0,0,0,168,0,0,0,0,3.6,626.6,78,0,0.8,26.8,71,28.6,21.1
2026-08-24T08:45:00+05:30,2026-08-24 08:45:00,26.9,29.3,22.7,0,0,0,168,0,0,0,0,3.6,626.6,78,0,0.8,26.8,70,28.5,20.8
2026-08-24T08:40:00+05:30,2026-08-24 08:40:00,26.8,29.1,22.6,0,0,0,168,0,0,0,0,3.6,626.6,78,0,0,26.8,71,28.6,21.1
2026-08-24T08:35:00+05:30,2026-08-24 08:35:00,26.8,29.1,22.6,0,0,0,168,0,0,0,0,3.6,626.6,78,0,0.1,26.8,71,28.6,21.1
2026-08-24T08:30:00+05:30,2026-08-24 08:30:00,26.8,29.2,22.8,0,0,0,168,0,0,0,0,3.6,626.6,79,0,0.1,26.7,70,28.4,20.8
2026-08-24T08:25:00+05:30,2026-08-24 08:25:00,26.8,29.2,22.8,0,0,0,168,0,0,0,0,3.6,626.6,79,0,0.1,26.7,71,28.4,21
2026-08-24T08:20:00+05:30,2026-08-24 08:20:00,26.8,29.2,22.8,0,0,0,168,0,0,0,0,3.6,626.6,79,0,0.1,26.7,71,28.4,21
2026-08-24T08:16:00+05:30,2026-08-24 08:16:00,26.7,29.1,22.8,0,0,0,168,0,0,0,0,3.6,626.6,79,0,0.1,26.7,71,28.4,21
2026-08-24T08:10:00+05:30,2026-08-24 08:10:00,26.7,29.1,22.8,0,0,0,168,0,0,0,0,3.6,626.6,79,0,0.1,26.7,70,28.4,20.8
2026-08-24T08:05:00+05:30,2026-08-24 08:05:00,26.7,29.1,22.8,0,0,0,168,0,0,0,0,3.6,626.6,79,0,0.1,26.7,71,28.4,21
2026-08-24T08:00:00+05:30,2026-08-24 08:00:00,26.7,29.1,22.8,0,0,0,168,0,0,0,0,3.6,626.6,79,0,0.1,26.6,70,27.2,20.7
2026-08-24T07:55:00+05:30,2026-08-24 07:55:00,26.7,29.1,22.8,0,0,0,168,0,0,0,0,3.6,626.6,79,0,0.1,26.6,71,27.2,20.9
2026-08-24T07:50:00+05:30,2026-08-24 07:50:00,26.6,27.4,22.7,0,0,0,168,0,0,0,0,3.6,626.6,79,0,0.1,26.6,70,27.2,20.7
2026-08-24T07:45:00+05:30,2026-08-24 07:45:00,26.6,27.4,22.7,0,0,0,168,0,0,0,0,3.6,626.6,79,0,0.1,26.6,70,27.2,20.7
2026-08-24T07:40:00+05:30,2026-08-24 07:40:00,26.6,27.4,22.7,0,0,0,168,0,0,0,0,3.6,626.6,79,0,0.1,26.6,70,27.2,20.7
2026-08-24T07:35:00+05:30,2026-08-24 07:35:00,26.6,27.4,22.7,0,0,0,168,0,0,0,0,3.6,626.6,79,0,0.1,26.5,70,27.1,20.6
2026-08-24T07:30:00+05:30,2026-08-24 07:30:00,26.6,27.4,22.7,0,0,0,168,0,0,0,0,3.6,626.6,79,0,0.1,26.5,70,27.1,20.6
2026-08-24T07:25:00+05:30,2026-08-24 07:25:00,26.6,27.4,22.7,0,0,0,168,0,0,0,0,3.6,626.6,79,0,0.1,26.5,70,27.1,20.6
2026-08-24T07:20:00+05:30,2026-08-24 07:20:00,26.5,27.2,22.3,0,0,0,168,0,0,0,0,3.6,626.6,78,0,0.1,26.5,70,27.1,20.6
2026-08-24T07:15:00+05:30,2026-08-24 07:15:00,26.5,27.2,22.3,0,0,0,168,0,0,0,0,3.6,626.6,78,0,0.1,26.5,70,27.1,20.6
2026-08-24T07:11:00+05:30,2026-08-24 07:11:00,26.5,27.2,22.3,0,0,0,168,0,0,0,0,3.6,626.6,78,0,0.1,26.4,70,26.9,20.4
2026-08-24T07:05:00+05:30,2026-08-24 07:05:00,26.5,27.2,22.3,0,0,0,168,0,0,0,0,3.6,626.6,78,0,0.1,26.4,70,26.9,20.4
2026-08-24T07:00:00+05:30,2026-08-24 07:00:00,26.5,27.2,22.3,0,0,0,168,0,0,0,0,3.6,626.6,78,0,0.1,26.4,70,26.9,20.4
2026-08-24T06:55:00+05:30,2026-08-24 06:55:00,26.5,27.2,22.3,0,0,0,168,0,0,0,0,3.6,626.6,78,0,0,26.4,70,26.9,20.4
2026-08-24T06:50:00+05:30,2026-08-24 06:50:00,26.5,27.2,22.3,0,0,0,168,0,0,0,0,3.6,626.6,78,0,0,26.4,70,26.9,20.4
2026-08-24T06:45:00+05:30,2026-08-24 06:45:00,26.5,27.2,22.3,0,0,0,168,0,0,0,0,3.6,626.6,78,0,0,26.4,70,26.9,20.4
2026-08-24T06:40:00+05:30,2026-08-24 06:40:00,26.6,27.3,22.2,0,0,0,168,0,0,0,0,3.6,626.6,77,0,0,26.5,70,27.1,20.6
2026-08-24T06:35:00+05:30,2026-08-24 06:35:00,26.5,27.2,22.1,0,0,0,168,0,0,0,0,3.6,626.6,77,0,0,26.4,70,26.9,20.4
2026-08-24T06:30:00+05:30,2026-08-24 06:30:00,26.5,27.2,22.1,0,0,0,168,0,0,0,0,3.6,626.6,77,0,0,26.4,70,26.9,20.4
2026-08-24T06:25:00+05:30,2026-08-24 06:25:00,26.5,27.2,22.1,0,0,0,168,0,0,0,0,3.6,626.6,77,0,0,26.5,70,27.1,20.6
2026-08-24T06:20:00+05:30,2026-08-24 06:20:00,26.6,27.3,22.2,0,0,0,168,0,0,0,0,3.6,626.6,77,0,0,26.5,70,27.1,20.6
2026-08-24T06:15:00+05:30,2026-08-24 06:15:00,26.6,27.3,22.2,0,0,0,168,0,0,0,0,3.6,626.6,77,0,0,26.5,70,27.1,20.6
2026-08-24T06:10:00+05:30,2026-08-24 06:10:00,26.6,27.3,22.2,0,0,0,168,0,0,0,0,3.6,626.6,77,0,0,26.5,70,27.1,20.6
2026-08-24T06:06:00+05:30,2026-08-24 06:06:00,26.6,27.3,22.2,0,0,0,168,0,0,0,0,3.6,626.6,77,0,0,26.5,70,27.1,20.6
2026-08-24T06:00:00+05:30,2026-08-24 06:00:00,26.6,27.3,22.2,0,0,0,168,0,0,0,0,3.6,626.6,77,0,0,26.5,70,27.1,20.6
2026-08-24T05:55:00+05:30,2026-08-24 05:55:00,26.6,27.3,22.2,0,0,0,168,0,0,0,0,3.6,626.6,77,0,0,26.5,70,27.1,20.6
2026-08-24T05:50:00+05:30,2026-08-24 05:50:00,26.6,27.3,22.2,0,0,0,168,0,0,0,0,3.6,626.6,77,0,0,26.5,70,27.1,20.6
2026-08-24T05:45:00+05:30,2026-08-24 05:45:00,26.6,27.3,22.2,0,0,0,168,0,0,0,0,3.6,626.6,77,0,0,26.5,69,27,20.3
2026-08-24T05:40:00+05:30,2026-08-24 05:40:00,26.6,27.3,22.2,0,0,0,168,0,0,0,0,3.6,626.6,77,0,0,26.6,69,27.1,20.4
2026-08-24T05:35:00+05:30,2026-08-24 05:35:00,26.7,28.9,22.3,0,0,0,168,0,0,0,0,3.6,626.6,77,0,0,26.6,69,27.1,20.4
2026-08-24T05:30:00+05:30,2026-08-24 05:30:00,26.7,28.9,22.3,0,0,0,168,0,0,0,0,3.6,626.6,77,0,0,26.6,69,27.1,20.4
2026-08-24T05:25:00+05:30,2026-08-24 05:25:00,26.7,28.9,22.3,0,0,0,168,0,0,0,0,3.6,626.6,77,0,0,26.6,69,27.1,20.4
2026-08-24T05:20:00+05:30,2026-08-24 05:20:00,26.7,28.9,22.3,0,0,0,168,0,0,0,0,3.6,626.6,77,0,0,26.6,69,27.1,20.4
2026-08-24T05:15:00+05:30,2026-08-24 05:15:00,26.7,28.9,22.3,0,0,0,168,0,0,0,0,3.6,626.6,77,0,0,26.6,69,27.1,20.4
2026-08-24T05:10:00+05:30,2026-08-24 05:10:00,26.7,28.9,22.3,0,0,0,168,0,0,0,0,3.6,626.6,77,0,0,26.6,69,27.1,20.4
2026-08-24T05:05:00+05:30,2026-08-24 05:05:00,26.7,28.9,22.3,0,0,0,168,0,0,0,0,3.6,626.6,77,0,0,26.6,69,27.1,20.4
2026-08-24T05:00:00+05:30,2026-08-24 05:00:00,26.8,29,22.4,0,0,0,168,0,0,0,0,3.6,626.6,77,0,0,26.6,70,27.2,20.7
2026-08-24T04:55:00+05:30,2026-08-24 04:55:00,26.8,29,22.4,0,0,0,168,0,0,0,0,3.6,626.6,77,0,0,26.7,69,28.3,20.6
2026-08-24T04:50:00+05:30,2026-08-24 04:50:00,26.8,29,22.4,0,0,0,168,0,0,0,0,3.6,626.6,77,0,0,26.7,69,28.3,20.6
2026-08-24T04:46:00+05:30,2026-08-24 04:46:00,26.8,29,22.4,0,0,0,168,0,0,0,0,3.6,626.6,77,0,0,26.7,69,28.3,20.6
2026-08-24T04:40:00+05:30,2026-08-24 04:40:00,26.8,29,22.4,0,0,0,168,0,0,0,0,3.6,626.6,77,0,0,26.7,69,28.3,20.6
2026-08-24T04:35:00+05:30,2026-08-24 04:35:00,26.8,29,22.4,0,0,0,168,0,0,0,0,3.6,626.6,77,0,0,26.7,69,28.3,20.6
2026-08-24T04:30:00+05:30,2026-08-24 04:30:00,26.9,29.2,22.5,0,0,0,168,0,0,0,0,3.6,626.6,77,0,0,26.7,69,28.3,20.6
2026-08-24T04:25:00+05:30,2026-08-24 04:25:00,26.9,29.2,22.5,0,0,0,168,0,0,0,0,3.6,626.6,77,0,0,26.8,69,28.4,20.6
2026-08-24T04:20:00+05:30,2026-08-24 04:20:00,26.9,29.2,22.5,0,0,0,168,0,0,0,0,3.6,626.6,77,0,0,26.8,69,28.4,20.6
2026-08-24T04:15:00+05:30,2026-08-24 04:15:00,26.9,29.2,22.5,0,0,0,168,0,0,0,0,3.6,626.6,77,0,0,26.8,69,28.4,20.6
2026-08-24T04:10:00+05:30,2026-08-24 04:10:00,26.9,29.2,22.5,0,0,0,168,0,0,0,0,3.6,626.6,77,0,0,26.8,69,28.4,20.6
2026-08-24T04:05:00+05:30,2026-08-24 04:05:00,26.9,29.2,22.5,0,0,0,168,0,0,0,0,3.6,626.6,77,0,0,26.8,69,28.4,20.6
2026-08-24T04:00:00+05:30,2026-08-24 04:00:00,26.9,29.2,22.5,0,0,0,168,0,0,0,0,3.6,626.6,77,0,0,26.8,69,28.4,20.6
2026-08-24T03:55:00+05:30,2026-08-24 03:55:00,26.9,29.2,22.5,0,0,0,168,0,0,0,0,3.6,626.6,77,0,0,26.9,69,28.6,20.7
2026-08-24T03:50:00+05:30,2026-08-24 03:50:00,26.9,29.2,22.5,0,0,0,168,0,0,0,0,3.6,626.6,77,0,0,26.9,69,28.6,20.7
2026-08-24T03:45:00+05:30,2026-08-24 03:45:00,27,29.5,22.6,0,0,0,168,0,0,0,0,3.6,626.6,77,0,0,26.9,69,28.6,20.7
2026-08-24T03:41:00+05:30,2026-08-24 03:41:00,27,29.5,22.6,0,0,0,168,0,0,0,0,3.6,626.6,77,0,0,26.9,69,28.6,20.7
2026-08-24T03:35:00+05:30,2026-08-24 03:35:00,27,29.5,22.6,0,0,0,168,0,0,0,0,3.6,626.6,77,0,0,26.9,69,28.6,20.7
2026-08-24T03:30:00+05:30,2026-08-24 03:30:00,27,29.5,22.6,0,0,0,168,0,0,0,0,3.6,626.6,77,0,0,26.9,69,28.6,20.7
2026-08-24T03:25:00+05:30,2026-08-24 03:25:00,27,29.5,22.6,0,0,0,168,0,0,0,0,3.6,626.6,77,0,0,27,69,28.8,20.8
2026-08-24T03:20:00+05:30,2026-08-24 03:20:00,27,29.5,22.6,0,0,0,168,0,0,0,0,3.6,626.6,77,0,0,27,69,28.8,20.8
2026-08-24T03:15:00+05:30,2026-08-24 03:15:00,27,29.5,22.6,0,0,0,168,0,0,0,0,3.6,626.6,77,0,0,27,69,28.8,20.8
2026-08-24T03:10:00+05:30,2026-08-24 03:10:00,27.1,29.7,22.7,0,0,0,168,0,0,0,0,3.6,626.6,77,0,0,27,69,28.8,20.8
2026-08-24T03:05:00+05:30,2026-08-24 03:05:00,27.1,29.7,22.7,0,0,0,168,0,0,0,0,3.6,626.6,77,0,0,27,69,28.8,20.8
2026-08-24T03:00:00+05:30,2026-08-24 03:00:00,27.1,29.6,22.5,0,0,0,168,0,0,0,0,3.6,626.6,76,0,0,27,69,28.8,20.8
2026-08-24T02:55:00+05:30,2026-08-24 02:55:00,27.1,29.6,22.5,0,0,0,168,0,0,0,0,3.6,626.6,76,0,0,27.1,69,28.9,20.9
2026-08-24T02:50:00+05:30,2026-08-24 02:50:00,27.1,29.6,22.5,0,0,0,168,0,0,0,0,3.6,626.6,76,0,0,27.1,69,28.9,20.9
2026-08-24T02:45:00+05:30,2026-08-24 02:45:00,27.2,29.8,22.6,0,0,0,168,0,0,0,0,3.6,626.6,76,0,0,27.1,68,28.9,20.7
2026-08-24T02:40:00+05:30,2026-08-24 02:40:00,27.2,29.8,22.6,0,0,0,168,0,0,0,0,3.6,626.6,76,0,0,27.1,68,28.9,20.7
2026-08-24T02:36:00+05:30,2026-08-24 02:36:00,27.2,29.8,22.6,0,0,0,168,0,0,0,0,3.6,626.6,76,0,0,27.1,68,28.9,20.7
2026-08-24T02:31:00+05:30,2026-08-24 02:31:00,27.2,29.8,22.6,0,0,0,168,0,0,0,0,3.6,626.6,76,0,0,27.1,68,28.9,20.7
2026-08-24T02:25:00+05:30,2026-08-24 02:25:00,27.3,29.9,22.7,0,0,0,168,0,0,0,0,3.6,626.6,76,0,0,27.1,68,28.9,20.7
2026-08-24T02:20:00+05:30,2026-08-24 02:20:00,27.3,29.9,22.7,0,0,0,168,0,0,0,0,3.6,626.6,76,0,0,27.2,68,29.1,20.8
2026-08-24T02:15:00+05:30,2026-08-24 02:15:00,27.3,29.9,22.7,0,0,0,168,0,0,0,0,3.6,626.6,76,0,0,27.1,68,28.9,20.7
2026-08-24T02:10:00+05:30,2026-08-24 02:10:00,27.3,29.9,22.7,0,0,0,168,0,0,0,0,3.6,626.6,76,0,0,27.2,68,29.1,20.8
2026-08-24T02:06:00+05:30,2026-08-24 02:06:00,27.3,29.9,22.7,0,0,0,168,0,0,0,0,3.6,626.6,76,0,0,27.2,68,29.1,20.8
2026-08-24T02:00:00+05:30,2026-08-24 02:00:00,27.3,29.9,22.7,0,0,0,168,0,0,0,0,3.6,626.6,76,0,0,27.2,68,29.1,20.8
2026-08-24T01:55:00+05:30,2026-08-24 01:55:00,27.4,30.2,22.8,0,0,0,168,0,0,0,0,3.6,626.6,76,0,0,27.2,68,29.1,20.8
2026-08-24T01:50:00+05:30,2026-08-24 01:50:00,27.4,30.2,22.8,0,0,0,168,0,0,0,0,3.6,626.6,76,0,0,27.2,68,29.1,20.8
2026-08-24T01:45:00+05:30,2026-08-24 01:45:00,27.4,30.1,22.6,0,0,0,168,0,0,0,0,3.6,626.6,75,0,0,27.3,68,29.2,20.8
2026-08-24T01:40:00+05:30,2026-08-24 01:40:00,27.4,30.1,22.6,0,0,0,168,0,0,0,0,3.6,626.6,75,0,0,27.3,68,29.2,20.8
2026-08-24T01:35:00+05:30,2026-08-24 01:35:00,27.4,30.1,22.6,0,0,0,168,0,0,0,0,3.6,626.6,75,0,0,27.3,68,29.2,20.8
2026-08-24T01:30:00+05:30,2026-08-24 01:30:00,27.5,30.3,22.7,0,0,0,168,0,0,0,0,3.6,626.6,75,0,0,27.3,68,29.2,20.8
2026-08-24T01:25:00+05:30,2026-08-24 01:25:00,27.5,30.3,22.7,0,0,0,168,0,0,0,0,3.6,626.6,75,0,0,27.3,68,29.2,20.8
2026-08-24T01:21:00+05:30,2026-08-24 01:21:00,27.5,30.3,22.7,0,0,0,168,0,0,0,0,3.6,626.6,75,0,0,27.3,68,29.2,20.8
2026-08-24T01:15:00+05:30,2026-08-24 01:15:00,27.5,30.3,22.7,0,0,0,168,0,0,0,0,3.6,626.6,75,0,0,27.4,67,29.2,20.7
2026-08-24T01:10:00+05:30,2026-08-24 01:10:00,27.5,30.3,22.7,0,0,0,168,0,0,0,0,3.6,626.6,75,0,0,27.4,67,29.2,20.7
2026-08-24T01:05:00+05:30,2026-08-24 01:05:00,27.5,30.3,22.7,0,0,0,168,0,0,0,0,3.6,626.6,75,0,0,27.4,67,29.2,20.7
2026-08-24T01:00:00+05:30,2026-08-24 01:00:00,27.5,30.3,22.7,0,0,0,168,0,0,0,0,3.6,626.6,75,0,0,27.4,67,29.2,20.7
2026-08-24T00:55:00+05:30,2026-08-24 00:55:00,27.5,30.3,22.7,0,0,0,168,0,0,0,0,3.6,626.6,75,0,0,27.4,67,29.2,20.7
2026-08-24T00:50:00+05:30,2026-08-24 00:50:00,27.6,30.5,22.8,0,0,0,168,0,0,0,0,3.6,626.6,75,0,0,27.5,67,29.4,20.8
2026-08-24T00:45:00+05:30,2026-08-24 00:45:00,27.6,30.5,22.8,0,0,0,168,0,0,0,0,3.6,626.6,75,0,0,27.5,67,29.4,20.8
2026-08-24T00:40:00+05:30,2026-08-24 00:40:00,27.6,30.4,22.5,0,0,0,168,0,0,0,0,3.6,626.6,74,0,0,27.5,67,29.4,20.8
2026-08-24T00:35:00+05:30,2026-08-24 00:35:00,27.6,30.4,22.5,0,0,0,168,0,0,0,0,3.6,626.6,74,0,0,27.5,67,29.4,20.8
2026-08-24T00:30:00+05:30,2026-08-24 00:30:00,27.6,30.4,22.5,0,0,0,168,0,0,0,0,3.6,626.6,74,0,0,27.5,67,29.4,20.8
2026-08-24T00:25:00+05:30,2026-08-24 00:25:00,27.6,30.4,22.5,0,0,0,168,0,0,0,0,3.6,626.6,74,0,0,27.5,67,29.4,20.8
2026-08-24T00:20:00+05:30,2026-08-24 00:20:00,27.6,30.4,22.5,0,0,0,168,0,0,0,0,3.6,626.6,74,0,0,27.6,67,29.6,20.9
2026-08-24T00:15:00+05:30,2026-08-24 00:15:00,27.6,30.4,22.5,0,0,0,168,0,0,0,0,3.6,626.6,74,0,0,27.6,67,29.6,20.9
2026-08-24T00:10:00+05:30,2026-08-24 00:10:00,27.7,30.6,22.7,0,0,0,168,0,0,0,0,3.6,626.6,74,0,0,27.6,67,29.6,20.9
2026-08-24T00:05:00+05:30,2026-08-24 00:05:00,27.7,30.6,22.7,0,0,0,168,0,0,0,0,3.6,626.6,74,0,0,27.6,67,29.6,20.9
2026-08-24T00:01:00+05:30,2026-08-24 00:01:00,27.7,30.6,22.7,0,0,0,168,0,0,0,0,3.6,626.6,74,0,0,27.6,67,29.6,20.9
2026-08-23T23:55:00+05:30,2026-08-23 23:55:00,27.7,30.6,22.7,0,0,0,168,0,0,0,0,3.6,626.6,74,0,0,27.6,67,29.6,20.9
2026-08-23T23:50:00+05:30,2026-08-23 23:50:00,27.8,30.7,22.7,0,0,0,168,0,0,0,0,3.6,626.6,74,0,0,27.6,66,29.5,20.7
2026-08-23T23:45:00+05:30,2026-08-23 23:45:00,27.8,30.7,22.7,0,0,0,168,0,0,0,0,3.6,626.6,74,0,0,27.7,66,29.7,20.8
2026-08-23T23:40:00+05:30,2026-08-23 23:40:00,27.8,30.7,22.7,0,0,0,168,0,0,0,0,3.6,626.6,74,0,0,27.7,66,29.7,20.8
2026-08-23T23:35:00+05:30,2026-08-23 23:35:00,27.8,30.7,22.7,0,0,0,168,0,0,0,0,3.6,626.6,74,0,0,27.7,66,29.7,20.8
2026-08-23T23:30:00+05:30,2026-08-23 23:30:00,27.9,30.8,22.6,0,0,0,168,0,0,0,0,3.6,626.6,73,0,0,27.8,66,29.8,20.8
2026-08-23T23:25:00+05:30,2026-08-23 23:25:00,27.9,30.8,22.6,0,0,0,168,0,0,0,0,3.6,626.6,73,0,0,27.8,66,29.8,20.8
2026-08-23T23:20:00+05:30,2026-08-23 23:20:00,27.9,30.8,22.6,0,0,0,168,0,0,0,0,3.6,626.6,73,0,0,27.8,66,29.8,20.8
2026-08-23T23:15:00+05:30,2026-08-23 23:15:00,27.9,30.8,22.6,0,0,0,168,0,0,0,0,3.6,626.6,73,0,0,27.8,66,29.8,20.8
2026-08-23T23:10:00+05:30,2026-08-23 23:10:00,27.9,30.8,22.6,0,0,0,168,0,0,0,0,3.6,626.6,73,0,0,27.8,66,29.8,20.8
2026-08-23T23:05:00+05:30,2026-08-23 23:05:00,28,31.1,22.7,0,0,0,168,0,0,0,0,3.6,626.6,73,0,0,27.9,66,29.9,20.9
2026-08-23T23:00:00+05:30,2026-08-23 23:00:00,28,31.1,22.7,0,0,0,168,0,0,0,0,3.6,626.6,73,0,0,27.9,66,29.9,20.9
2026-08-23T22:56:00+05:30,2026-08-23 22:56:00,28,31.1,22.7,0,0,0,168,0,0,0,0,3.6,626.6,73,0,0,27.9,66,29.9,20.9
2026-08-23T22:50:00+05:30,2026-08-23 22:50:00,28,31.1,22.7,0,0,0,168,0,0,0,0,3.6,626.6,73,0,0,28,66,30.2,21.1
2026-08-23T22:45:00+05:30,2026-08-23 22:45:00,28.1,31.3,22.8,0,0,0,168,0,0,0,0,3.6,626.6,73,0,0,28,66,30.2,21.1
2026-08-23T22:40:00+05:30,2026-08-23 22:40:00,28.1,31.3,22.8,0,0,0,168,0,0,0,0,3.6,626.6,73,0,0,28,66,30.2,21.1
2026-08-23T22:35:00+05:30,2026-08-23 22:35:00,28.1,31.3,22.8,0,0,0,168,0,0,0,0,3.6,626.6,73,0,0,28,66,30.2,21.1
2026-08-23T22:30:00+05:30,2026-08-23 22:30:00,28.1,31.3,22.8,0,0,0,168,0,0,0,0,3.6,626.6,73,0,0,28,66,30.2,21.1
2026-08-23T22:25:00+05:30,2026-08-23 22:25:00,28.1,31.3,22.8,0,0,0,168,0,0,0,0,3.6,626.6,73,0,0,28.1,66,30.3,21.2
2026-08-23T22:20:00+05:30,2026-08-23 22:20:00,28.1,31.3,22.8,0,0,0,168,0,0,0,0,3.6,626.6,73,0,0,28.1,66,30.3,21.2
2026-08-23T22:15:00+05:30,2026-08-23 22:15:00,28.2,31.5,22.9,0,0,0,168,0,0,0,0,3.6,626.6,73,0,0,28.1,66,30.3,21.2
2026-08-23T22:10:00+05:30,2026-08-23 22:10:00,28.2,31.5,22.9,0,0,0,168,0,0,0,0,3.6,626.6,73,0,0,28.1,66,30.3,21.2
2026-08-23T22:05:00+05:30,2026-08-23 22:05:00,28.2,31.5,22.9,0,0,0,168,0,0,0,0,3.6,626.6,73,0,0,28.2,66,30.6,21.3
2026-08-23T22:00:00+05:30,2026-08-23 22:00:00,28.2,31.5,22.9,0,0,0,168,0,0,0,0,3.6,626.6,73,0,0,28.2,66,30.6,21.3
2026-08-23T21:55:00+05:30,2026-08-23 21:55:00,28.3,31.7,23,0,0,0,168,0,0,0,0,3.6,626.6,73,0,0,28.2,66,30.6,21.3
2026-08-23T21:51:00+05:30,2026-08-23 21:51:00,28.3,31.7,23,0,0,0,169,0,0,0,0,3.6,626.6,73,0,0,28.2,66,30.6,21.3
2026-08-23T21:45:00+05:30,2026-08-23 21:45:00,28.4,31.9,23.1,0,0,0,168,0,0,0,0,3.6,626.6,73,0,0,28.2,66,30.6,21.3
2026-08-23T21:40:00+05:30,2026-08-23 21:40:00,28.4,31.9,23.1,0,0,0,168,0,0,0,0,3.6,626.6,73,0,0,28.3,66,30.7,21.3
2026-08-23T21:35:00+05:30,2026-08-23 21:35:00,28.4,31.9,23.1,0,0,0,169,0,0,0,0,3.6,626.6,73,0,0,28.3,66,30.7,21.3
2026-08-23T21:30:00+05:30,2026-08-23 21:30:00,28.5,32.2,23.2,0,0,0,169,0,0,0,0,3.6,626.6,73,0,0,28.3,66,30.7,21.3
2026-08-23T21:25:00+05:30,2026-08-23 21:25:00,28.5,32.2,23.2,0,0,0,168,0,0,0,0,3.6,626.6,73,0,0,28.4,66,30.8,21.4
2026-08-23T21:20:00+05:30,2026-08-23 21:20:00,28.5,32.2,23.2,0,0,0,169,0,0,0,0,3.6,626.6,73,0,0,28.4,66,30.8,21.4
2026-08-23T21:15:00+05:30,2026-08-23 21:15:00,28.5,32.2,23.2,0,0,0,169,0,0,0,0,3.6,626.6,73,0,0,28.4,66,30.8,21.4
2026-08-23T21:10:00+05:30,2026-08-23 21:10:00,28.6,32.4,23.3,0,0,0,169,0,0,0,0,3.6,626.6,73,0,0,28.4,66,30.8,21.4
2026-08-23T21:05:00+05:30,2026-08-23 21:05:00,28.6,32.4,23.3,0,0,0,169,0,0,0,0,3.6,626.6,73,0,0,28.5,66,31.1,21.5
2026-08-23T21:00:00+05:30,2026-08-23 21:00:00,28.6,32.4,23.3,0,0,0,169,0,0,0,0,3.6,626.6,73,0,0,28.5,66,31.1,21.5
2026-08-23T20:55:00+05:30,2026-08-23 20:55:00,28.7,32.5,23.2,0,0,0,169,0,0,0,0,3.6,626.6,72,0,0,28.5,66,31.1,21.5
2026-08-23T20:50:00+05:30,2026-08-23 20:50:00,28.7,32.5,23.2,0,0,0,169,0,0,0,0,3.6,626.6,72,0,0,28.5,66,31.1,21.5
2026-08-23T20:45:00+05:30,2026-08-23 20:45:00,28.7,32.5,23.2,0,0,0,169,0,0,0,0,3.6,626.6,72,0,0,28.6,65,31.1,21.4
2026-08-23T20:40:00+05:30,2026-08-23 20:40:00,28.7,32.5,23.2,0,0,0,169,0,0,0,0,3.6,626.6,72,0,0,28.6,65,31.1,21.4
2026-08-23T20:35:00+05:30,2026-08-23 20:35:00,28.8,32.6,23.2,0,0,0,169,0,0,0,0,3.6,626.6,72,0,0,28.6,65,31.1,21.4
2026-08-23T20:31:00+05:30,2026-08-23 20:31:00,28.8,32.6,23.2,0,0,0,169,0,0,0,0,3.6,626.6,72,0,0,28.6,65,31.1,21.4
2026-08-23T20:25:00+05:30,2026-08-23 20:25:00,28.8,32.6,23.2,0,0,0,169,0,0,0,0,3.6,626.6,72,0,0,28.7,65,31.3,21.5
2026-08-23T20:20:00+05:30,2026-08-23 20:20:00,28.8,32.6,23.2,0,0,0,169,0,0,0,0,3.6,626.6,72,0,0,28.7,65,31.3,21.5
2026-08-23T20:15:00+05:30,2026-08-23 20:15:00,28.9,32.9,23.3,0,0,0,169,0,0,0,0,3.6,626.6,72,0,0,28.7,65,31.3,21.5
2026-08-23T20:10:00+05:30,2026-08-23 20:10:00,28.9,32.9,23.3,0,0,0,169,0,0,0,0,3.6,626.6,72,0,0,28.7,65,31.3,21.5
2026-08-23T20:05:00+05:30,2026-08-23 20:05:00,28.9,32.9,23.3,0,0,0,169,0,0,0,0,3.6,626.6,72,0,0,28.7,65,31.3,21.5
2026-08-23T20:00:00+05:30,2026-08-23 20:00:00,28.9,32.9,23.3,0,0,0,169,0,0,0,0,3.6,626.6,72,0,0,28.8,65,31.4,21.6
2026-08-23T19:55:00+05:30,2026-08-23 19:55:00,29,33.1,23.4,0,0,0,169,0,0,0,0,3.6,626.6,72,0,0,28.8,65,31.4,21.6
2026-08-23T19:50:00+05:30,2026-08-23 19:50:00,29,33.1,23.4,0,0,0,169,0,0,0,0,3.6,626.6,72,0,0,28.8,65,31.4,21.6
2026-08-23T19:45:00+05:30,2026-08-23 19:45:00,29,33.1,23.4,0,0,0,169,0,0,0,0,3.6,626.6,72,0,0,28.8,65,31.4,21.6
2026-08-23T19:40:00+05:30,2026-08-23 19:40:00,29.1,33.2,23.3,0,0,0,169,0,0,0,0,3.6,626.6,71,0,0,28.9,65,31.6,21.6
2026-08-23T19:35:00+05:30,2026-08-23 19:35:00,29.1,33.2,23.3,0,0,0,169,0,0,0,0,3.6,626.6,71,0,0,28.9,65,31.6,21.6
2026-08-23T19:30:00+05:30,2026-08-23 19:30:00,29.1,33.2,23.3,0,0,0,169,0,0,0,0,3.6,626.6,71,0,0,29,65,31.8,21.7
2026-08-23T19:26:00+05:30,2026-08-23 19:26:00,29.2,33.4,23.4,0,0,0,169,0,0,0,0,3.6,626.6,71,0,0,29,65,31.8,21.7
2026-08-23T19:20:00+05:30,2026-08-23 19:20:00,29.2,33.4,23.4,0,0,0,169,0,0,0,0,3.6,626.6,71,0,0,29,65,31.8,21.7
2026-08-23T19:15:00+05:30,2026-08-23 19:15:00,29.3,33.5,23.5,0,0,0,169,0,0,0,0,3.6,626.6,71,0,0,29.1,65,32.1,21.8
2026-08-23T19:10:00+05:30,2026-08-23 19:10:00,29.3,33.5,23.5,0,0,0,169,0,0,0,0,3.6,626.6,71,0,0,29.1,65,32.1,21.8
2026-08-23T19:05:00+05:30,2026-08-23 19:05:00,29.3,33.5,23.5,0,0,0,169,0,0,0,0,3.6,626.6,71,0,0,29.1,64,31.9,21.6
2026-08-23T19:00:00+05:30,2026-08-23 19:00:00,29.4,33.8,23.6,0,0,0,169,0,0,0,0,3.6,626.6,71,0,0,29.2,64,32.1,21.7
2026-08-23T18:55:00+05:30,2026-08-23 18:55:00,29.5,34.1,23.7,0,0,0,169,0,0,0,0,3.6,626.6,71,0,0,29.2,64,32.1,21.7
2026-08-23T18:50:00+05:30,2026-08-23 18:50:00,29.5,34.1,23.7,0,0,0,169,0,0,0,0,3.6,626.6,71,0,0,29.3,64,32.2,21.7
2026-08-23T18:45:00+05:30,2026-08-23 18:45:00,29.5,33.9,23.4,0,0,0,169,0,0,0,0,3.6,626.6,70,0,0,29.3,64,32.2,21.7
2026-08-23T18:40:00+05:30,2026-08-23 18:40:00,29.5,33.9,23.4,0,0,0,169,0,0,0,0,3.6,626.6,70,0,0,29.4,64,32.4,21.8
2026-08-23T18:35:00+05:30,2026-08-23 18:35:00,29.6,34.1,23.5,0,0,0,169,0,0,0,0,3.6,626.6,70,0,0,29.4,64,32.4,21.8
2026-08-23T18:30:00+05:30,2026-08-23 18:30:00,29.7,34.4,23.6,0,0,0,169,0,0,0,0,3.6,626.6,70,0,0,29.4,64,32.4,21.8
2026-08-23T18:25:00+05:30,2026-08-23 18:25:00,29.7,34.4,23.6,0,0,0,169,0,0,0,0,3.6,626.6,70,0,0,29.5,64,32.7,21.9
2026-08-23T18:21:00+05:30,2026-08-23 18:21:00,29.8,34.5,23.7,0,0,0,169,0,0,0,0,3.6,626.6,70,0,0,29.6,64,32.9,22.1
2026-08-23T18:15:00+05:30,2026-08-23 18:15:00,29.9,34.8,23.8,0,0,0,169,0,0,0,0,3.6,626.6,70,0,0,29.6,64,32.9,22.1
2026-08-23T18:10:00+05:30,2026-08-23 18:10:00,29.9,34.8,23.8,0,0,0,169,0,0,0,0,3.6,626.6,70,0,0,29.7,64,33.1,22.2
2026-08-23T18:05:00+05:30,2026-08-23 18:05:00,30,35,23.9,0,0,0,169,0,0,0,0,3.6,626.6,70,0,0,29.7,64,33.1,22.2
2026-08-23T18:00:00+05:30,2026-08-23 18:00:00,30,34.8,23.7,0,0,0,169,0,0,0,0,3.6,626.6,69,0,0,29.7,64,33.1,22.2
2026-08-23T17:55:00+05:30,2026-08-23 17:55:00,30.1,35.1,23.8,0,0,0,169,0,0,0,0,3.6,626.6,69,0,0,29.8,64,33.2,22.2
2026-08-23T17:50:00+05:30,2026-08-23 17:50:00,30.1,35.1,23.8,0,0,0,169,0,0,0,0,3.6,626.6,69,0,0,29.8,64,33.2,22.2
2026-08-23T17:45:00+05:30,2026-08-23 17:45:00,30.1,35.1,23.8,0,0,0,169,0,0,0,0,3.6,626.6,69,0,0,29.8,64,33.2,22.2
2026-08-23T17:40:00+05:30,2026-08-23 17:40:00,30.2,35.3,23.9,0,0,0,169,0,0,0,0,3.6,626.6,69,0,0.1,29.8,64,33.2,22.2
2026-08-23T17:35:00+05:30,2026-08-23 17:35:00,30.2,35.3,23.9,0,0,0,169,0,0,0,0,3.6,626.6,69,0,0.1,29.9,64,33.4,22.3
2026-08-23T17:30:00+05:30,2026-08-23 17:30:00,30.2,35.3,23.9,0,0,0,169,0,0,0,0,3.6,626.6,69,0,0.1,29.9,64,33.4,22.3
2026-08-23T17:25:00+05:30,2026-08-23 17:25:00,30.3,35.5,23.9,0,0,0,169,0,0,0,0,3.6,626.6,69,0,0.1,29.9,64,33.4,22.3
2026-08-23T17:20:00+05:30,2026-08-23 17:20:00,30.3,35.5,23.9,0,0,0,169,0,0,0,0,3.6,626.6,69,0,0.2,29.9,63,33.2,22.1
2026-08-23T17:16:00+05:30,2026-08-23 17:16:00,30.3,35.5,23.9,0,0,0,169,0,0,0,0,3.6,626.6,69,0,0.3,30,63,33.4,22.2
2026-08-23T17:10:00+05:30,2026-08-23 17:10:00,30.4,35.5,23.8,0,0,0,169,0,0,0,0,3.6,626.6,68,0,0.5,30,63,33.4,22.2
2026-08-23T17:05:00+05:30,2026-08-23 17:05:00,30.4,35.5,23.8,0,0,0,169,0,0,0,0,3.6,626.6,68,0,0.4,30,63,33.4,22.2
2026-08-23T17:00:00+05:30,2026-08-23 17:00:00,30.4,35.5,23.8,0,0,0,169,0,0,0,0,3.6,626.6,68,0,0.5,30,63,33.4,22.2
2026-08-23T16:55:00+05:30,2026-08-23 16:55:00,30.4,35.5,23.8,0,0,0,169,0,0,0,0,3.6,626.6,68,0,0.7,30,63,33.4,22.2
2026-08-23T16:50:00+05:30,2026-08-23 16:50:00,30.4,35.5,23.8,0,0,0,169,0,0,0,0,3.6,626.6,68,0,0.7,30.1,63,33.7,22.3
2026-08-23T16:45:00+05:30,2026-08-23 16:45:00,30.4,35.2,23.6,0,0,0,169,0,0,0,0,3.6,626.6,67,0,0.1,30.1,63,33.7,22.3
2026-08-23T16:40:00+05:30,2026-08-23 16:40:00,30.4,35.5,23.8,0,0,0,169,0,0,0,0,3.6,626.6,68,0,0,30.1,63,33.7,22.3
2026-08-23T16:35:00+05:30,2026-08-23 16:35:00,30.4,35.5,23.8,0,0,0,169,0,0,0,0,3.6,626.6,68,0,0,30.2,63,33.9,22.4
2026-08-23T16:30:00+05:30,2026-08-23 16:30:00,30.4,35.5,23.8,0,0,0,169,0,0,0,0,3.6,626.6,68,0,0.1,30.2,63,33.9,22.4
2026-08-23T16:25:00+05:30,2026-08-23 16:25:00,30.5,35.8,23.9,0,0,0,169,0,0,0,0,3.6,626.6,68,0,0.1,30.2,63,33.9,22.4
2026-08-23T16:20:00+05:30,2026-08-23 16:20:00,30.5,35.8,23.9,0,0,0,169,0,0,0,0,3.6,626.6,68,0,0.1,30.2,63,33.9,22.4
2026-08-23T16:15:00+05:30,2026-08-23 16:15:00,30.5,35.8,23.9,0,0,0,169,0,0,0,0,3.6,626.6,68,0,0.1,30.2,63,33.9,22.4
2026-08-23T16:10:00+05:30,2026-08-23 16:10:00,30.5,35.8,23.9,0,0,0,169,0,0,0,0,3.6,626.6,68,0,0.1,30.2,63,33.9,22.4
2026-08-23T16:05:00+05:30,2026-08-23 16:05:00,30.5,35.8,23.9,0,0,0,169,0,0,0,0,3.6,626.6,68,0,0.1,30.2,63,33.9,22.4
2026-08-23T16:00:00+05:30,2026-08-23 16:00:00,30.5,35.8,23.9,0,0,0,169,0,0,0,0,3.6,626.6,68,0,0.1,30.2,63,33.9,22.4
2026-08-23T15:55:00+05:30,2026-08-23 15:55:00,30.5,35.8,23.9,0,0,0,169,0,0,0,0,3.6,626.6,68,0,0.1,30.2,64,34.1,22.7
2026-08-23T15:50:00+05:30,2026-08-23 15:50:00,30.5,35.8,23.9,0,0,0,169,0,0,0,0,3.6,626.6,68,0,0.1,30.2,64,34.1,22.7
2026-08-23T15:45:00+05:30,2026-08-23 15:45:00,30.5,35.8,23.9,0,0,0,169,0,0,0,0,3.6,626.6,68,0,0.1,30.3,64,34.3,22.7
2026-08-23T15:40:00+05:30,2026-08-23 15:40:00,30.5,35.8,23.9,0,0,0,169,0,0,0,0,3.6,626.6,68,0,0.1,30.3,64,34.3,22.7
2026-08-23T15:35:00+05:30,2026-08-23 15:35:00,30.5,36,24.2,0,0,0,170,0,0,0,0,3.6,626.6,69,0,0.2,30.3,64,34.3,22.7
2026-08-23T15:30:00+05:30,2026-08-23 15:30:00,30.5,35.8,23.9,0,0,0,169,0,0,0,0,3.6,626.6,68,0,0.3,30.3,64,34.3,22.7
2026-08-23T15:25:00+05:30,2026-08-23 15:25:00,30.5,36,24.2,0,0,0,169,0,0,0,0,3.6,626.6,69,0,0.1,30.4,64,34.5,22.8
2026-08-23T15:20:00+05:30,2026-08-23 15:20:00,30.5,36.3,24.4,0,0,0,169,0,0,0,0,3.6,626.6,70,0,0.2,30.4,64,34.5,22.8
2026-08-23T15:15:00+05:30,2026-08-23 15:15:00,30.4,35.7,24,0,0,0,169,0,0,0,0,3.6,626.6,69,0,0.3,30.3,65,34.5,22.9
2026-08-23T15:10:00+05:30,2026-08-23 15:10:00,30.4,36,24.3,0,0,0,169,0,0,0,0,3.6,626.6,70,0,0.3,30.3,65,34.5,22.9
2026-08-23T15:05:00+05:30,2026-08-23 15:05:00,30.3,35.7,24.2,0,0,0,169,0,0,0,0,3.6,626.6,70,0,0.3,30.3,65,34.5,22.9
2026-08-23T15:00:00+05:30,2026-08-23 15:00:00,30.3,35.7,24.2,0,0,0,169,0,0,0,0,3.6,626.6,70,0,0.3,30.2,65,34.4,22.9
2026-08-23T14:55:00+05:30,2026-08-23 14:55:00,30.2,35.6,24.1,0,0,0,169,0,0,0,0,3.6,626.6,70,0,0.1,30.2,64,34.1,22.7
2026-08-23T14:50:00+05:30,2026-08-23 14:50:00,30.2,35.6,24.1,0,0,0,169,0,0,0,0,3.6,626.6,70,0,0.3,30.2,65,34.4,22.9
2026-08-23T14:45:00+05:30,2026-08-23 14:45:00,30.2,35.6,24.1,0,0,0,169,0,0,0,0,3.6,626.6,70,0,0.2,30.1,64,33.9,22.6
2026-08-23T14:40:00+05:30,2026-08-23 14:40:00,30.1,35.3,24,0,0,0,169,0,0,0,0,3.6,626.6,70,0,0.2,30.1,65,34.1,22.8
2026-08-23T14:35:00+05:30,2026-08-23 14:35:00,30,35.3,24.2,0,0,0,169,0,0,0,0,3.6,626.6,71,0,0.2,30.1,65,34.1,22.8
2026-08-23T14:30:00+05:30,2026-08-23 14:30:00,30,35.3,24.2,0,0,0,169,0,0,0,0,3.6,626.6,71,0,0.2,30.1,65,34.1,22.8
2026-08-23T14:25:00+05:30,2026-08-23 14:25:00,30,35.3,24.2,0,0,0,169,0,0,0,0,3.6,626.6,71,0,0.1,30,65,33.9,22.7
2026-08-23T14:20:00+05:30,2026-08-23 14:20:00,29.9,35.2,24.3,0,0,0,169,0,0,0,0,3.6,626.6,72,0,0.2,30,66,34.1,22.9
2026-08-23T14:15:00+05:30,2026-08-23 14:15:00,29.9,35.2,24.3,0,0,0,169,0,0,0,0,3.6,626.6,72,0,0.2,30,66,34.1,22.9
2026-08-23T14:10:00+05:30,2026-08-23 14:10:00,29.9,35.2,24.3,0,0,0,169,0,0,0,0,3.6,626.6,72,0,0.2,29.9,66,33.8,22.8
2026-08-23T14:05:00+05:30,2026-08-23 14:05:00,29.8,35.2,24.4,0,0,0,168,0,0,0,0,3.6,626.6,73,0,0.2,29.9,67,34.1,23.1
2026-08-23T14:00:00+05:30,2026-08-23 14:00:00,29.8,35.2,24.4,0,0,0,169,0,0,0,0,3.6,626.6,73,0,0.2,29.8,67,33.8,23
2026-08-23T13:55:00+05:30,2026-08-23 13:55:00,29.8,35.2,24.4,0,0,0,169,0,0,0,0,3.6,626.6,73,0,0.1,29.8,67,33.8,23
2026-08-23T13:50:00+05:30,2026-08-23 13:50:00,29.7,35.1,24.3,0,0,0,169,0,0,0,0,3.6,626.6,73,0,0.2,29.7,67,33.7,22.9
2026-08-23T13:46:00+05:30,2026-08-23 13:46:00,29.7,34.8,24.1,0,0,0,169,0,0,0,0,3.6,626.6,72,0,0.2,29.7,67,33.7,22.9
2026-08-23T13:40:00+05:30,2026-08-23 13:40:00,29.6,34.6,24,0,0,0,169,0,0,0,0,3.6,626.6,72,0,0.1,29.7,66,33.5,22.7
2026-08-23T13:35:00+05:30,2026-08-23 13:35:00,29.6,34.8,24.2,0,0,0,169,0,0,0,0,3.6,626.6,73,0,0.1,29.7,66,33.5,22.7
2026-08-23T13:30:00+05:30,2026-08-23 13:30:00,29.5,34.3,23.9,0,0,0,169,0,0,0,0,3.6,626.6,72,0,0.1,29.6,67,33.4,22.8
2026-08-23T13:25:00+05:30,2026-08-23 13:25:00,29.5,34.5,24.1,0,0,0,169,0,0,0,0,3.6,626.6,73,0,0.1,29.6,67,33.4,22.8
2026-08-23T13:20:00+05:30,2026-08-23 13:20:00,29.5,34.5,24.1,0,0,0,169,0,0,0,0,3.6,626.6,73,0,0.1,29.5,67,33.2,22.7
2026-08-23T13:15:00+05:30,2026-08-23 13:15:00,29.4,34.2,24,0,0,0,169,0,0,0,0,3.6,626.6,73,0,0.1,29.5,67,33.2,22.7
2026-08-23T13:10:00+05:30,2026-08-23 13:10:00,29.3,34,23.9,0,0,0,169,0,0,0,0,3.6,626.6,73,0,0.2,29.4,67,33,22.6
2026-08-23T13:05:00+05:30,2026-08-23 13:05:00,29.3,34.2,24.2,0,0,0,168,0,0,0,0,3.6,626.6,74,0,0.1,29.4,67,33,22.6
2026-08-23T13:00:00+05:30,2026-08-23 13:00:00,29.2,34,24.1,0,0,0,169,0,0,0,0,3.6,626.6,74,0,0.2,29.3,68,32.9,22.7
2026-08-23T12:55:00+05:30,2026-08-23 12:55:00,29.2,34,24.1,0,0,0,168,0,0,0,0,3.6,626.6,74,0,0.2,29.2,67,32.7,22.4
2026-08-23T12:50:00+05:30,2026-08-23 12:50:00,29.1,33.8,24,0,0,0,168,0,0,0,0,3.6,626.6,74,0,0.2,29.2,68,32.8,22.7
2026-08-23T12:45:00+05:30,2026-08-23 12:45:00,29.1,33.8,24,0,0,0,169,0,0,0,0,3.6,626.6,74,0,0.2,29.1,68,32.6,22.6
2026-08-23T12:41:00+05:30,2026-08-23 12:41:00,29,33.5,23.9,0,0,0,168,0,0,0,0,3.6,626.6,74,0,0.2,29,68,32.4,22.5
2026-08-23T12:35:00+05:30,2026-08-23 12:35:00,28.9,33.2,23.8,0,0,0,168,0,0,0,0,3.6,626.6,74,0,0.1,29,68,32.4,22.5
2026-08-23T12:30:00+05:30,2026-08-23 12:30:00,28.9,33.4,24,0,0,0,168,0,0,0,0,3.6,626.6,75,0,0.2,28.9,68,32.1,22.4
2026-08-23T12:25:00+05:30,2026-08-23 12:25:00,28.8,33.2,23.9,0,0,0,168,0,0,0,0,3.6,626.6,75,0,0.1,28.9,69,32.3,22.6
2026-08-23T12:20:00+05:30,2026-08-23 12:20:00,28.8,33.2,23.9,0,0,0,168,0,0,0,0,3.6,626.6,75,0,0.2,28.8,69,32.1,22.5
2026-08-23T12:15:00+05:30,2026-08-23 12:15:00,28.7,33,23.8,0,0,0,168,0,0,0,0,3.6,626.6,75,0,0.1,28.7,69,31.9,22.4
2026-08-23T12:10:00+05:30,2026-08-23 12:10:00,28.7,33,23.8,0,0,0,168,0,0,0,0,3.6,626.6,75,0,0.2,28.7,69,31.9,22.4
2026-08-23T12:05:00+05:30,2026-08-23 12:05:00,28.6,32.8,23.7,0,0,0,169,0,0,0,0,3.6,626.6,75,0,0.1,28.6,69,31.7,22.3
2026-08-23T12:00:00+05:30,2026-08-23 12:00:00,28.5,32.5,23.6,0,0,0,168,0,0,0,0,3.6,626.6,75,0,0.1,28.5,69,31.5,22.2
2026-08-23T11:55:00+05:30,2026-08-23 11:55:00,28.5,32.5,23.6,0,0,0,168,0,0,0,0,3.6,626.6,75,0,0.2,28.5,69,31.5,22.2
2026-08-23T11:50:00+05:30,2026-08-23 11:50:00,28.4,32.2,23.5,0,0,0,168,0,0,0,0,3.6,626.6,75,0,0.1,28.4,69,31.3,22.2
2026-08-23T11:45:00+05:30,2026-08-23 11:45:00,28.3,32.1,23.6,0,0,0,168,0,0,0,0,3.6,626.6,76,0,0.1,28.4,69,31.3,22.2
2026-08-23T11:40:00+05:30,2026-08-23 11:40:00,28.3,32.1,23.6,0,0,0,168,0,0,0,0,3.6,626.6,76,0,0.2,28.3,69,31.1,22.1
2026-08-23T11:36:00+05:30,2026-08-23 11:36:00,28.2,32,23.6,0,0,0,168,0,0,0,0,3.6,626.6,76,0,0.1,28.3,69,31.1,22.1
2026-08-23T11:30:00+05:30,2026-08-23 11:30:00,28.2,32,23.6,0,0,0,168,0,0,0,0,3.6,626.6,76,0,0.1,28.2,69,30.9,22
2026-08-23T11:25:00+05:30,2026-08-23 11:25:00,28.1,31.8,23.5,0,0,0,168,0,0,0,0,3.6,626.6,76,0,0.1,28.1,69,30.7,21.9
2026-08-23T11:20:00+05:30,2026-08-23 11:20:00,28.1,31.8,23.5,0,0,0,168,0,0,0,0,3.6,626.6,76,0,0.1,28,69,30.6,21.8
2026-08-23T11:15:00+05:30,2026-08-23 11:15:00,28,31.5,23.4,0,0,0,168,0,0,0,0,3.6,626.6,76,0,0.1,28,70,30.7,22
2026-08-23T11:10:00+05:30,2026-08-23 11:10:00,28,31.6,23.6,0,0,0,168,0,0,0,0,3.6,626.6,77,0,0.1,28,70,30.7,22
2026-08-23T11:05:00+05:30,2026-08-23 11:05:00,27.9,31.4,23.5,0,0,0,168,0,0,0,0,3.6,626.6,77,0,0.1,27.9,70,30.4,21.9
2026-08-23T11:00:00+05:30,2026-08-23 11:00:00,27.9,31.4,23.5,0,0,0,168,0,0,0,0,3.6,626.6,77,0,0.2,27.8,70,30.2,21.8
2026-08-23T10:55:00+05:30,2026-08-23 10:55:00,27.8,31.1,23.4,0,0,0,168,0,0,0,0,3.6,626.6,77,0,0.1,27.8,70,30.2,21.8
2026-08-23T10:50:00+05:30,2026-08-23 10:50:00,27.8,31.1,23.4,0,0,0,168,0,0,0,0,3.6,626.6,77,0,0.2,27.7,70,30.1,21.7
2026-08-23T10:45:00+05:30,2026-08-23 10:45:00,27.8,31.1,23.4,0,0,0,168,0,0,0,0,3.6,626.6,77,0,0.1,27.7,70,30.1,21.7
2026-08-23T10:40:00+05:30,2026-08-23 10:40:00,27.7,31.1,23.5,0,0,0,168,0,0,0,0,3.6,626.6,78,0,0.1,27.7,71,30.3,21.9
2026-08-23T10:35:00+05:30,2026-08-23 10:35:00,27.7,31.1,23.5,0,0,0,168,0,0,0,0,3.6,626.6,78,0,0.1,27.6,71,30.1,21.9
2026-08-23T10:30:00+05:30,2026-08-23 10:30:00,27.6,30.9,23.4,0,0,0,168,0,0,0,0,3.6,626.6,78,0,0.1,27.5,71,29.8,21.8
2026-08-23T10:25:00+05:30,2026-08-23 10:25:00,27.6,30.9,23.4,0,0,0,168,0,0,0,0,3.6,626.6,78,0,0.1,27.4,71,29.6,21.7
2026-08-23T10:20:00+05:30,2026-08-23 10:20:00,27.5,30.6,23.3,0,0,0,168,0,0,0,0,3.6,626.6,78,0,0.1,27.4,71,29.6,21.7
2026-08-23T10:16:00+05:30,2026-08-23 10:16:00,27.5,30.6,23.3,0,0,0,168,0,0,0,0,3.6,626.6,78,0,0.1,27.3,71,29.4,21.6
2026-08-23T10:10:00+05:30,2026-08-23 10:10:00,27.4,30.4,23.2,0,0,0,168,0,0,0,0,3.6,626.6,78,0,0.2,27.3,71,29.4,21.6
2026-08-23T10:05:00+05:30,2026-08-23 10:05:00,27.4,30.4,23.2,0,0,0,168,0,0,0,0,3.6,626.6,78,0,0.1,27.2,71,29.3,21.5
2026-08-23T10:00:00+05:30,2026-08-23 10:00:00,27.4,30.4,23.2,0,0,0,168,0,0,0,0,3.6,626.6,78,0,0.1,27.2,71,29.3,21.5
2026-08-23T09:55:00+05:30,2026-08-23 09:55:00,27.3,30.1,23.1,0,0,0,168,0,0,0,0,3.6,626.6,78,0,0.1,27.1,71,29.1,21.4
2026-08-23T09:50:00+05:30,2026-08-23 09:50:00,27.3,30.1,23.1,0,0,0,168,0,0,0,0,3.6,626.6,78,0,0.1,27,71,28.9,21.3
2026-08-23T09:45:00+05:30,2026-08-23 09:45:00,27.2,30,23,0,0,0,168,0,0,0,0,3.6,626.6,78,0,0.1,27,71,28.9,21.3
2026-08-23T09:40:00+05:30,2026-08-23 09:40:00,27.2,30,23,0,0,0,168,0,0,0,0,3.6,626.6,78,0,0.1,27,71,28.9,21.3
2026-08-23T09:35:00+05:30,2026-08-23 09:35:00,27.2,30,23,0,0,0,168,0,0,0,0,3.6,626.6,78,0,0.1,27,71,28.9,21.3
2026-08-23T09:30:00+05:30,2026-08-23 09:30:00,27.1,29.8,22.9,0,0,0,168,0,0,0,0,3.6,626.6,78,0,0.1,26.9,71,28.7,21.2
2026-08-23T09:25:00+05:30,2026-08-23 09:25:00,27.1,29.9,23.1,0,0,0,168,0,0,0,0,3.6,626.6,79,0,0.1,26.9,71,28.7,21.2
2026-08-23T09:20:00+05:30,2026-08-23 09:20:00,27.1,29.9,23.1,0,0,0,168,0,0,0,0,3.6,626.6,79,0,0.1,26.9,71,28.7,21.2
2026-08-23T09:15:00+05:30,2026-08-23 09:15:00,27,29.6,23,0,0,0,168,0,0,0,0,3.6,626.6,79,0,0.2,26.8,71,28.6,21.1
2026-08-23T09:11:00+05:30,2026-08-23 09:11:00,27,29.6,23,0,0,0,168,0,0,0,0,3.6,626.6,79,0,0.2,26.8,71,28.6,21.1
2026-08-23T09:05:00+05:30,2026-08-23 09:05:00,27,29.6,23,0,0,0,168,0,0,0,0,3.6,626.6,79,0,0.2,26.8,71,28.6,21.1
2026-08-23T09:00:00+05:30,2026-08-23 09:00:00,26.9,29.4,22.9,0,0,0,168,0,0,0,0,3.6,626.6,79,0,0.2,26.7,71,28.4,21
2026-08-23T08:55:00+05:30,2026-08-23 08:55:00,26.9,29.4,22.9,0,0,0,168,0,0,0,0,3.6,626.6,79,0,0.1,26.7,71,28.4,21
2026-08-23T08:50:00+05:30,2026-08-23 08:50:00,26.9,29.4,22.9,0,0,0,168,0,0,0,0,3.6,626.6,79,0,0.1,26.7,71,28.4,21
2026-08-23T08:45:00+05:30,2026-08-23 08:45:00,26.9,29.4,22.9,0,0,0,168,0,0,0,0,3.6,626.6,79,0,0.1,26.7,72,28.6,21.2
2026-08-23T08:40:00+05:30,2026-08-23 08:40:00,26.9,29.5,23.1,0,0,0,168,0,0,0,0,3.6,626.6,80,0,0.1,26.7,72,28.6,21.2
2026-08-23T08:35:00+05:30,2026-08-23 08:35:00,26.8,29.3,23,0,0,0,168,0,0,0,0,3.6,626.6,80,0,0.1,26.7,72,28.6,21.2
2026-08-23T08:30:00+05:30,2026-08-23 08:30:00,26.8,29.3,23,0,0,0,168,0,0,0,0,3.6,626.6,80,0,0.1,26.6,72,27.2,21.1
2026-08-23T08:25:00+05:30,2026-08-23 08:25:00,26.8,29.3,23,0,0,0,168,0,0,0,0,3.6,626.6,80,0,0.1,26.6,72,27.2,21.1
2026-08-23T08:20:00+05:30,2026-08-23 08:20:00,26.8,29.3,23,0,0,0,168,0,0,0,0,3.6,626.6,80,0,0.1,26.6,72,27.2,21.1
2026-08-23T08:15:00+05:30,2026-08-23 08:15:00,26.8,29.3,23,0,0,0,168,0,0,0,0,3.6,626.6,80,0,0.1,26.6,72,27.2,21.1
2026-08-23T08:10:00+05:30,2026-08-23 08:10:00,26.8,29.3,23,0,0,0,168,0,0,0,0,3.6,626.6,80,0,0.1,26.6,72,27.2,21.1
2026-08-23T08:06:00+05:30,2026-08-23 08:06:00,26.8,29.3,23,0,0,0,168,0,0,0,0,3.6,626.6,80,0,0.1,26.6,72,27.2,21.1
2026-08-23T08:00:00+05:30,2026-08-23 08:00:00,26.8,29.3,23,0,0,0,168,0,0,0,0,3.6,626.6,80,0,0.1,26.6,72,27.2,21.1
2026-08-23T07:55:00+05:30,2026-08-23 07:55:00,26.8,29.3,23,0,0,0,168,0,0,0,0,3.6,626.6,80,0,0,26.5,72,27.1,21.1
2026-08-23T07:50:00+05:30,2026-08-23 07:50:00,26.7,29.1,23,0,0,0,168,0,0,0,0,3.6,626.6,80,0,0.1,26.6,72,27.2,21.1
2026-08-23T07:45:00+05:30,2026-08-23 07:45:00,26.7,29.1,23,0,0,0,168,0,0,0,0,3.6,626.6,80,0,0.1,26.5,72,27.1,21.1
2026-08-23T07:40:00+05:30,2026-08-23 07:40:00,26.7,29.1,23,0,0,0,168,0,0,0,0,3.6,626.6,80,0,0.1,26.6,72,27.2,21.1
2026-08-23T07:35:00+05:30,2026-08-23 07:35:00,26.7,29.1,23,0,0,0,168,0,0,0,0,3.6,626.6,80,0,0,26.5,72,27.1,21.1
2026-08-23T07:30:00+05:30,2026-08-23 07:30:00,26.7,29.1,23,0,0,0,168,0,0,0,0,3.6,626.6,80,0,0,26.5,72,27.1,21.1
2026-08-23T07:25:00+05:30,2026-08-23 07:25:00,26.7,29.1,23,0,0,0,168,0,0,0,0,3.6,626.6,80,0,0,26.5,71,27.1,20.8
2026-08-23T07:20:00+05:30,2026-08-23 07:20:00,26.7,29.1,23,0,0,0,168,0,0,0,0,3.6,626.6,80,0,0,26.5,71,27.1,20.8
2026-08-23T07:15:00+05:30,2026-08-23 07:15:00,26.7,29.1,23,0,0,0,168,0,0,0,0,3.6,626.6,80,0,0,26.5,71,27.1,20.8
2026-08-23T07:10:00+05:30,2026-08-23 07:10:00,26.8,29.3,23,0,0,0,168,0,0,0,0,3.6,626.6,80,0,0,26.5,71,27.1,20.8
2026-08-23T07:05:00+05:30,2026-08-23 07:05:00,26.8,29.2,22.8,0,0,0,168,0,0,0,0,3.6,626.6,79,0,0,26.5,71,27.1,20.8
2026-08-23T07:00:00+05:30,2026-08-23 07:00:00,26.8,29.2,22.8,0,0,0,168,0,0,0,0,3.6,626.6,79,0,0,26.5,71,27.1,20.8
2026-08-23T06:55:00+05:30,2026-08-23 06:55:00,26.8,29.2,22.8,0,0,0,168,0,0,0,0,3.6,626.6,79,0,0,26.5,71,27.1,20.8
2026-08-23T06:50:00+05:30,2026-08-23 06:50:00,26.8,29.2,22.8,0,0,0,168,0,0,0,0,3.6,626.6,79,0,0,26.5,71,27.1,20.8
2026-08-23T06:45:00+05:30,2026-08-23 06:45:00,26.8,29.2,22.8,0,0,0,168,0,0,0,0,3.6,626.6,79,0,0,26.5,71,27.1,20.8
2026-08-23T06:40:00+05:30,2026-08-23 06:40:00,26.8,29.2,22.8,0,0,0,168,0,0,0,0,3.6,626.6,79,0,0,26.5,71,27.1,20.8
2026-08-23T06:35:00+05:30,2026-08-23 06:35:00,26.8,29.2,22.8,0,0,0,168,0,0,0,0,3.6,626.6,79,0,0,26.5,71,27.1,20.8
2026-08-23T06:30:00+05:30,2026-08-23 06:30:00,26.8,29.2,22.8,0,0,0,168,0,0,0,0,3.6,626.6,79,0,0,26.5,71,27.1,20.8
2026-08-23T06:25:00+05:30,2026-08-23 06:25:00,26.8,29.2,22.8,0,0,0,168,0,0,0,0,3.6,626.6,79,0,0,26.5,71,27.1,20.8
2026-08-23T06:20:00+05:30,2026-08-23 06:20:00,26.8,29.2,22.8,0,0,0,168,0,0,0,0,3.6,626.6,79,0,0,26.6,71,27.2,20.9
2026-08-23T06:15:00+05:30,2026-08-23 06:15:00,26.8,29.2,22.8,0,0,0,168,0,0,0,0,3.6,626.6,79,0,0,26.6,71,27.2,20.9
2026-08-23T06:10:00+05:30,2026-08-23 06:10:00,26.8,29.2,22.8,0,0,0,167,0,0,0,0,3.6,626.6,79,0,0,26.6,71,27.2,20.9
2026-08-23T06:05:00+05:30,2026-08-23 06:05:00,26.8,29.2,22.8,0,0,0,168,0,0,0,0,3.6,626.6,79,0,0,26.6,71,27.2,20.9
2026-08-23T06:00:00+05:30,2026-08-23 06:00:00,26.8,29.2,22.8,0,0,0,167,0,0,0,0,3.6,626.6,79,0,0,26.6,71,27.2,20.9
2026-08-23T05:55:00+05:30,2026-08-23 05:55:00,26.8,29.2,22.8,0,0,0,167,0,0,0,0,3.6,626.6,79,0,0,26.6,71,27.2,20.9
2026-08-23T05:50:00+05:30,2026-08-23 05:50:00,26.8,29.2,22.8,0,0,0,168,0,0,0,0,3.6,626.6,79,0,0,26.6,71,27.2,20.9
2026-08-23T05:45:00+05:30,2026-08-23 05:45:00,26.8,29.2,22.8,0,0,0,168,0,0,0,0,3.6,626.6,79,0,0,26.6,71,27.2,20.9
2026-08-23T05:41:00+05:30,2026-08-23 05:41:00,26.8,29.2,22.8,0,0,0,168,0,0,0,0,3.6,626.6,79,0,0,26.6,71,27.2,20.9
2026-08-23T05:35:00+05:30,2026-08-23 05:35:00,26.8,29.2,22.8,0,0,0,168,0,0,0,0,3.6,626.6,79,0,0,26.6,71,27.2,20.9
2026-08-23T05:30:00+05:30,2026-08-23 05:30:00,26.8,29.2,22.8,0,0,0,168,0,0,0,0,3.6,626.6,79,0,0,26.6,70,27.2,20.7
2026-08-23T05:25:00+05:30,2026-08-23 05:25:00,26.8,29.2,22.8,0,0,0,167,0,0,0,0,3.6,626.6,79,0,0,26.6,70,27.2,20.7
2026-08-23T05:20:00+05:30,2026-08-23 05:20:00,26.8,29.2,22.8,0,0,0,168,0,0,0,0,3.6,626.6,79,0,0,26.6,70,27.2,20.7
2026-08-23T05:15:00+05:30,2026-08-23 05:15:00,26.8,29.2,22.8,0,0,0,168,0,0,0,0,3.6,626.6,79,0,0,26.7,70,28.4,20.8
2026-08-23T05:10:00+05:30,2026-08-23 05:10:00,26.9,29.4,22.9,0,0,0,167,0,0,0,0,3.6,626.6,79,0,0,26.7,70,28.4,20.8
2026-08-23T05:05:00+05:30,2026-08-23 05:05:00,26.9,29.4,22.9,0,0,0,168,0,0,0,0,3.6,626.6,79,0,0,26.7,70,28.4,20.8
2026-08-23T05:00:00+05:30,2026-08-23 05:00:00,26.9,29.4,22.9,0,0,0,168,0,0,0,0,3.6,626.6,79,0,0,26.7,70,28.4,20.8
2026-08-23T04:55:00+05:30,2026-08-23 04:55:00,26.9,29.4,22.9,0,0,0,168,0,0,0,0,3.6,626.6,79,0,0,26.7,70,28.4,20.8
2026-08-23T04:50:00+05:30,2026-08-23 04:50:00,26.9,29.4,22.9,0,0,0,168,0,0,0,0,3.6,626.6,79,0,0,26.7,70,28.4,20.8
2026-08-23T04:45:00+05:30,2026-08-23 04:45:00,27,29.6,23,0,0,0,168,0,0,0,0,3.6,626.6,79,0,0,26.7,70,28.4,20.8
2026-08-23T04:40:00+05:30,2026-08-23 04:40:00,27,29.6,22.8,0,0,0,168,0,0,0,0,3.6,626.6,78,0,0,26.7,70,28.4,20.8
2026-08-23T04:36:00+05:30,2026-08-23 04:36:00,27,29.6,22.8,0,0,0,168,0,0,0,0,3.6,626.6,78,0,0,26.8,70,28.5,20.8
2026-08-23T04:30:00+05:30,2026-08-23 04:30:00,27,29.6,22.8,0,0,0,168,0,0,0,0,3.6,626.6,78,0,0,26.8,70,28.5,20.8
2026-08-23T04:25:00+05:30,2026-08-23 04:25:00,27,29.6,22.8,0,0,0,168,0,0,0,0,3.6,626.6,78,0,0,26.8,70,28.5,20.8
2026-08-23T04:20:00+05:30,2026-08-23 04:20:00,27,29.6,22.8,0,0,0,168,0,0,0,0,3.6,626.6,78,0,0,26.8,70,28.5,20.8
2026-08-23T04:15:00+05:30,2026-08-23 04:15:00,27,29.6,22.8,0,0,0,168,0,0,0,0,3.6,626.6,78,0,0,26.8,70,28.5,20.8
2026-08-23T04:10:00+05:30,2026-08-23 04:10:00,27,29.6,22.8,0,0,0,168,0,0,0,0,3.6,626.6,78,0,0,26.9,69,28.6,20.7
2026-08-23T04:05:00+05:30,2026-08-23 04:05:00,27,29.6,22.8,0,0,0,168,0,0,0,0,3.6,626.6,78,0,0,26.9,69,28.6,20.7
2026-08-23T04:00:00+05:30,2026-08-23 04:00:00,27,29.6,22.8,0,0,0,168,0,0,0,0,3.6,626.6,78,0,0,26.9,69,28.6,20.7
2026-08-23T03:55:00+05:30,2026-08-23 03:55:00,27.1,29.8,22.9,0,0,0,168,0,0,0,0,3.6,626.6,78,0,0,27,69,28.8,20.8
2026-08-23T03:50:00+05:30,2026-08-23 03:50:00,27.1,29.8,22.9,0,0,0,168,0,0,0,0,3.6,626.6,78,0,0,27,69,28.8,20.8
2026-08-23T03:45:00+05:30,2026-08-23 03:45:00,27.1,29.8,22.9,0,0,0,168,0,0,0,0,3.6,626.6,78,0,0,27,69,28.8,20.8
2026-08-23T03:40:00+05:30,2026-08-23 03:40:00,27.1,29.7,22.7,0,0,0,168,0,0,0,0,3.6,626.6,77,0,0,27,69,28.8,20.8
2026-08-23T03:35:00+05:30,2026-08-23 03:35:00,27.1,29.7,22.7,0,0,0,168,0,0,0,0,3.6,626.6,77,0,0,27,69,28.8,20.8
2026-08-23T03:31:00+05:30,2026-08-23 03:31:00,27.1,29.7,22.7,0,0,0,168,0,0,0,0,3.6,626.6,77,0,0,27.1,69,28.9,20.9
2026-08-23T03:25:00+05:30,2026-08-23 03:25:00,27.1,29.7,22.7,0,0,0,168,0,0,0,0,3.6,626.6,77,0,0,27.1,69,28.9,20.9
2026-08-23T03:20:00+05:30,2026-08-23 03:20:00,27.1,29.7,22.7,0,0,0,168,0,0,0,0,3.6,626.6,77,0,0,27.1,69,28.9,20.9
2026-08-23T03:15:00+05:30,2026-08-23 03:15:00,27.2,29.9,22.8,0,0,0,168,0,0,0,0,3.6,626.6,77,0,0,27.1,68,28.9,20.7
2026-08-23T03:10:00+05:30,2026-08-23 03:10:00,27.2,29.9,22.8,0,0,0,168,0,0,0,0,3.6,626.6,77,0,0,27.1,68,28.9,20.7
2026-08-23T03:05:00+05:30,2026-08-23 03:05:00,27.2,29.9,22.8,0,0,0,168,0,0,0,0,3.6,626.6,77,0,0,27.1,68,28.9,20.7
2026-08-23T03:00:00+05:30,2026-08-23 03:00:00,27.2,29.9,22.8,0,0,0,168,0,0,0,0,3.6,626.6,77,0,0,27.2,68,29.1,20.8
2026-08-23T02:55:00+05:30,2026-08-23 02:55:00,27.2,29.9,22.8,0,0,0,168,0,0,0,0,3.6,626.6,77,0,0,27.2,68,29.1,20.8
2026-08-23T02:50:00+05:30,2026-08-23 02:50:00,27.2,29.9,22.8,0,0,0,168,0,0,0,0,3.6,626.6,77,0,0,27.2,68,29.1,20.8
2026-08-23T02:45:00+05:30,2026-08-23 02:45:00,27.2,29.9,22.8,0,0,0,168,0,0,0,0,3.6,626.6,77,0,0,27.2,68,29.1,20.8
2026-08-23T02:40:00+05:30,2026-08-23 02:40:00,27.2,29.9,22.8,0,0,0,168,0,0,0,0,3.6,626.6,77,0,0,27.2,68,29.1,20.8
2026-08-23T02:35:00+05:30,2026-08-23 02:35:00,27.3,30,22.9,0,0,0,168,0,0,0,0,3.6,626.6,77,0,0,27.3,68,29.2,20.8
2026-08-23T02:30:00+05:30,2026-08-23 02:30:00,27.3,30,22.9,0,0,0,168,0,0,0,0,3.6,626.6,77,0,0,27.3,68,29.2,20.8
2026-08-23T02:25:00+05:30,2026-08-23 02:25:00,27.3,30,22.9,0,0,0,168,0,0,0,0,3.6,626.6,77,0,0,27.3,68,29.2,20.8
2026-08-23T02:20:00+05:30,2026-08-23 02:20:00,27.3,30,22.9,0,0,0,168,0,0,0,0,3.6,626.6,77,0,0,27.3,68,29.2,20.8
2026-08-23T02:15:00+05:30,2026-08-23 02:15:00,27.3,30,22.9,0,0,0,168,0,0,0,0,3.6,626.6,77,0,0,27.3,68,29.2,20.8
2026-08-23T02:11:00+05:30,2026-08-23 02:11:00,27.4,30.3,23,0,0,0,168,0,0,0,0,3.6,626.6,77,0,0,27.3,68,29.2,20.8
2026-08-23T02:05:00+05:30,2026-08-23 02:05:00,27.4,30.2,22.8,0,0,0,168,0,0,0,0,3.6,626.6,76,0,0,27.4,68,29.3,20.9
2026-08-23T02:00:00+05:30,2026-08-23 02:00:00,27.4,30.2,22.8,0,0,0,168,0,0,0,0,3.6,626.6,76,0,0,27.4,68,29.3,20.9
2026-08-23T01:55:00+05:30,2026-08-23 01:55:00,27.4,30.2,22.8,0,0,0,168,0,0,0,0,3.6,626.6,76,0,0,27.4,68,29.3,20.9
2026-08-23T01:50:00+05:30,2026-08-23 01:50:00,27.4,30.2,22.8,0,0,0,168,0,0,0,0,3.6,626.6,76,0,0,27.4,68,29.3,20.9
2026-08-23T01:45:00+05:30,2026-08-23 01:45:00,27.4,30.2,22.8,0,0,0,168,0,0,0,0,3.6,626.6,76,0,0,27.4,68,29.3,20.9
2026-08-23T01:40:00+05:30,2026-08-23 01:40:00,27.5,30.4,22.9,0,0,0,168,0,0,0,0,3.6,626.6,76,0,0,27.5,67,29.4,20.8
2026-08-23T01:35:00+05:30,2026-08-23 01:35:00,27.5,30.4,22.9,0,0,0,168,0,0,0,0,3.6,626.6,76,0,0,27.5,67,29.4,20.8
2026-08-23T01:30:00+05:30,2026-08-23 01:30:00,27.5,30.4,22.9,0,0,0,168,0,0,0,0,3.6,626.6,76,0,0,27.5,67,29.4,20.8
2026-08-23T01:25:00+05:30,2026-08-23 01:25:00,27.5,30.4,22.9,0,0,0,168,0,0,0,0,3.6,626.6,76,0,0,27.5,67,29.4,20.8
2026-08-23T01:20:00+05:30,2026-08-23 01:20:00,27.5,30.4,22.9,0,0,0,168,0,0,0,0,3.6,626.6,76,0,0,27.5,67,29.4,20.8
2026-08-23T01:15:00+05:30,2026-08-23 01:15:00,27.5,30.4,22.9,0,0,0,168,0,0,0,0,3.6,626.6,76,0,0,27.6,67,29.6,20.9
2026-08-23T01:10:00+05:30,2026-08-23 01:10:00,27.6,30.6,23,0,0,0,168,0,0,0,0,3.6,626.6,76,0,0,27.5,67,29.4,20.8
2026-08-23T01:06:00+05:30,2026-08-23 01:06:00,27.6,30.6,23,0,0,0,168,0,0,0,0,3.6,626.6,76,0,0,27.6,67,29.6,20.9
2026-08-23T01:00:00+05:30,2026-08-23 01:00:00,27.6,30.6,23,0,0,0,168,0,0,0,0,3.6,626.6,76,0,0,27.6,67,29.6,20.9
2026-08-23T00:55:00+05:30,2026-08-23 00:55:00,27.6,30.6,23,0,0,0,168,0,0,0,0,3.6,626.6,76,0,0,27.6,67,29.6,20.9
2026-08-23T00:50:00+05:30,2026-08-23 00:50:00,27.6,30.5,22.8,0,0,0,168,0,0,0,0,3.6,626.6,75,0,0,27.6,67,29.6,20.9
2026-08-23T00:45:00+05:30,2026-08-23 00:45:00,27.6,30.5,22.8,0,0,0,168,0,0,0,0,3.6,626.6,75,0,0,27.7,67,29.8,21
2026-08-23T00:40:00+05:30,2026-08-23 00:40:00,27.6,30.5,22.8,0,0,0,168,0,0,0,0,3.6,626.6,75,0,0,27.7,67,29.8,21
2026-08-23T00:35:00+05:30,2026-08-23 00:35:00,27.7,30.8,22.9,0,0,0,168,0,0,0,0,3.6,626.6,75,0,0,27.7,67,29.8,21
2026-08-23T00:30:00+05:30,2026-08-23 00:30:00,27.7,30.8,22.9,0,0,0,168,0,0,0,0,3.6,626.6,75,0,0,27.8,66,29.8,20.8
2026-08-23T00:25:00+05:30,2026-08-23 00:25:00,27.7,30.8,22.9,0,0,0,168,0,0,0,0,3.6,626.6,75,0,0,27.8,66,29.8,20.8
2026-08-23T00:20:00+05:30,2026-08-23 00:20:00,27.7,30.8,22.9,0,0,0,168,0,0,0,0,3.6,626.6,75,0,0,27.8,66,29.8,20.8
2026-08-23T00:15:00+05:30,2026-08-23 00:15:00,27.7,30.8,22.9,0,0,0,168,0,0,0,0,3.6,626.6,75,0,0,27.8,66,29.8,20.8
2026-08-23T00:10:00+05:30,2026-08-23 00:10:00,27.7,30.8,22.9,0,0,0,168,0,0,0,0,3.6,626.6,75,0,0,27.8,66,29.8,20.8
2026-08-23T00:05:00+05:30,2026-08-23 00:05:00,27.8,30.9,22.9,0,0,0,168,0,0,0,0,3.6,626.6,75,0,0,27.8,66,29.8,20.8
2026-08-23T00:01:00+05:30,2026-08-23 00:01:00,27.8,30.9,22.9,0,0,0,168,0,0,0,0,3.6,626.6,75,0,0,27.9,66,29.9,20.9
2026-08-22T23:55:00+05:30,2026-08-22 23:55:00,27.8,30.7,22.7,0,0,0,168,0,0,0,0,3.6,626.6,74,0,0,27.9,66,29.9,20.9
2026-08-22T23:50:00+05:30,2026-08-22 23:50:00,27.8,30.7,22.7,0,0,0,168,0,0,0,0,3.6,626.6,74,0,0,27.9,66,29.9,20.9
2026-08-22T23:45:00+05:30,2026-08-22 23:45:00,27.8,30.7,22.7,0,0,0,168,0,0,0,0,3.6,626.6,74,0,0,27.9,66,29.9,20.9
2026-08-22T23:40:00+05:30,2026-08-22 23:40:00,27.9,31,22.8,0,0,0,168,0,0,0,0,3.6,626.6,74,0,0,28,66,30.2,21.1
2026-08-22T23:35:00+05:30,2026-08-22 23:35:00,27.9,31,22.8,0,0,0,168,0,0,0,0,3.6,626.6,74,0,0,28,66,30.2,21.1
2026-08-22T23:30:00+05:30,2026-08-22 23:30:00,27.9,31,22.8,0,0,0,168,0,0,0,0,3.6,626.6,74,0,0,28,66,30.2,21.1
2026-08-22T23:25:00+05:30,2026-08-22 23:25:00,27.9,31,22.8,0,0,0,168,0,0,0,0,3.6,626.6,74,0,0,28,66,30.2,21.1
2026-08-22T23:20:00+05:30,2026-08-22 23:20:00,27.9,31,22.8,0,0,0,168,0,0,0,0,3.6,626.6,74,0,0,28.1,66,30.3,21.2
2026-08-22T23:15:00+05:30,2026-08-22 23:15:00,27.9,31,22.8,0,0,0,168,0,0,0,0,3.6,626.6,74,0,0,28.1,66,30.3,21.2
2026-08-22T23:10:00+05:30,2026-08-22 23:10:00,28,31.2,22.9,0,0,0,168,0,0,0,0,3.6,626.6,74,0,0,28.1,66,30.3,21.2
2026-08-22T23:05:00+05:30,2026-08-22 23:05:00,28,31.2,22.9,0,0,0,168,0,0,0,0,3.6,626.6,74,0,0,28.1,65,30.2,20.9
2026-08-22T23:00:00+05:30,2026-08-22 23:00:00,28,31.2,22.9,0,0,0,168,0,0,0,0,3.6,626.6,74,0,0,28.1,65,30.2,20.9
2026-08-22T22:55:00+05:30,2026-08-22 22:55:00,28,31.2,22.9,0,0,0,168,0,0,0,0,3.6,626.6,74,0,0,28.2,65,30.4,21
2026-08-22T22:50:00+05:30,2026-08-22 22:50:00,28,31.2,22.9,0,0,0,168,0,0,0,0,3.6,626.6,74,0,0,28.2,65,30.4,21
2026-08-22T22:45:00+05:30,2026-08-22 22:45:00,28,31.2,22.9,0,0,0,168,0,0,0,0,3.6,626.6,74,0,0,28.2,65,30.4,21
2026-08-22T22:40:00+05:30,2026-08-22 22:40:00,28.1,31.5,23,0,0,0,168,0,0,0,0,3.6,626.6,74,0,0,28.2,65,30.4,21
2026-08-22T22:35:00+05:30,2026-08-22 22:35:00,28.1,31.5,23,0,0,0,168,0,0,0,0,3.6,626.6,74,0,0,28.3,65,30.5,21.1
2026-08-22T22:30:00+05:30,2026-08-22 22:30:00,28.1,31.5,23,0,0,0,168,0,0,0,0,3.6,626.6,74,0,0,28.3,65,30.5,21.1
2026-08-22T22:25:00+05:30,2026-08-22 22:25:00,28.1,31.5,23,0,0,0,168,0,0,0,0,3.6,626.6,74,0,0,28.3,65,30.5,21.1
2026-08-22T22:20:00+05:30,2026-08-22 22:20:00,28.1,31.5,23,0,0,0,168,0,0,0,0,3.6,626.6,74,0,0,28.3,65,30.5,21.1
2026-08-22T22:15:00+05:30,2026-08-22 22:15:00,28.1,31.5,23,0,0,0,168,0,0,0,0,3.6,626.6,74,0,0,28.3,65,30.5,21.1
2026-08-22T22:10:00+05:30,2026-08-22 22:10:00,28.2,31.7,23.1,0,0,0,168,0,0,0,0,3.6,626.6,74,0,0,28.4,65,30.7,21.2
2026-08-22T22:05:00+05:30,2026-08-22 22:05:00,28.2,31.7,23.1,0,0,0,168,0,0,0,0,3.6,626.6,74,0,0,28.4,65,30.7,21.2
2026-08-22T22:00:00+05:30,2026-08-22 22:00:00,28.2,31.5,22.9,0,0,0,168,0,0,0,0,3.6,626.6,73,0,0,28.4,65,30.7,21.2
2026-08-22T21:55:00+05:30,2026-08-22 21:55:00,28.3,31.7,23,0,0,0,168,0,0,0,0,3.6,626.6,73,0,0,28.4,65,30.7,21.2
2026-08-22T21:50:00+05:30,2026-08-22 21:50:00,28.3,31.7,23,0,0,0,168,0,0,0,0,3.6,626.6,73,0,0,28.4,65,30.7,21.2
2026-08-22T21:45:00+05:30,2026-08-22 21:45:00,28.3,31.7,23,0,0,0,168,0,0,0,0,3.6,626.6,73,0,0,28.5,65,30.9,21.3
2026-08-22T21:40:00+05:30,2026-08-22 21:40:00,28.4,31.9,23.1,0,0,0,168,0,0,0,0,3.6,626.6,73,0,0,28.5,65,30.9,21.3
2026-08-22T21:36:00+05:30,2026-08-22 21:36:00,28.4,31.9,23.1,0,0,0,168,0,0,0,0,3.6,626.6,73,0,0,28.5,65,30.9,21.3
2026-08-22T21:30:00+05:30,2026-08-22 21:30:00,28.4,31.9,23.1,0,0,0,169,0,0,0,0,3.6,626.6,73,0,0,28.5,65,30.9,21.3
2026-08-22T21:25:00+05:30,2026-08-22 21:25:00,28.4,31.9,23.1,0,0,0,169,0,0,0,0,3.6,626.6,73,0,0,28.5,65,30.9,21.3
2026-08-22T21:20:00+05:30,2026-08-22 21:20:00,28.5,32.2,23.2,0,0,0,169,0,0,0,0,3.6,626.6,73,0,0,28.5,65,30.9,21.3
2026-08-22T21:15:00+05:30,2026-08-22 21:15:00,28.5,32.2,23.2,0,0,0,169,0,0,0,0,3.6,626.6,73,0,0,28.6,64,30.9,21.1
2026-08-22T21:10:00+05:30,2026-08-22 21:10:00,28.5,32.2,23.2,0,0,0,169,0,0,0,0,3.6,626.6,73,0,0,28.6,64,30.9,21.1
2026-08-22T21:05:00+05:30,2026-08-22 21:05:00,28.5,32.2,23.2,0,0,0,169,0,0,0,0,3.6,626.6,73,0,0,28.6,64,30.9,21.1
2026-08-22T21:00:00+05:30,2026-08-22 21:00:00,28.6,32.2,23.1,0,0,0,169,0,0,0,0,3.6,626.6,72,0,0,28.6,64,30.9,21.1
2026-08-22T20:55:00+05:30,2026-08-22 20:55:00,28.6,32.2,23.1,0,0,0,169,0,0,0,0,3.6,626.6,72,0,0,28.6,64,30.9,21.1
2026-08-22T20:50:00+05:30,2026-08-22 20:50:00,28.6,32.2,23.1,0,0,0,169,0,0,0,0,3.6,626.6,72,0,0,28.7,64,31.2,21.2
2026-08-22T20:45:00+05:30,2026-08-22 20:45:00,28.6,32.2,23.1,0,0,0,169,0,0,0,0,3.6,626.6,72,0,0,28.7,64,31.2,21.2
2026-08-22T20:40:00+05:30,2026-08-22 20:40:00,28.7,32.5,23.2,0,0,0,169,0,0,0,0,3.6,626.6,72,0,0,28.7,64,31.2,21.2
2026-08-22T20:35:00+05:30,2026-08-22 20:35:00,28.7,32.5,23.2,0,0,0,169,0,0,0,0,3.6,626.6,72,0,0,28.7,64,31.2,21.2
2026-08-22T20:31:00+05:30,2026-08-22 20:31:00,28.7,32.5,23.2,0,0,0,169,0,0,0,0,3.6,626.6,72,0,0,28.7,64,31.2,21.2
2026-08-22T20:25:00+05:30,2026-08-22 20:25:00,28.7,32.5,23.2,0,0,0,169,0,0,0,0,3.6,626.6,72,0,0,28.8,64,31.3,21.3
2026-08-22T20:20:00+05:30,2026-08-22 20:20:00,28.7,32.3,22.9,0,0,0,169,0,0,0,0,3.6,626.6,71,0,0,28.8,64,31.3,21.3
2026-08-22T20:15:00+05:30,2026-08-22 20:15:00,28.8,32.4,23,0,0,0,169,0,0,0,0,3.6,626.6,71,0,0,28.8,63,31.1,21
2026-08-22T20:10:00+05:30,2026-08-22 20:10:00,28.8,32.4,23,0,0,0,169,0,0,0,0,3.6,626.6,71,0,0,28.9,63,31.3,21.1
2026-08-22T20:05:00+05:30,2026-08-22 20:05:00,28.8,32.4,23,0,0,0,169,0,0,0,0,3.6,626.6,71,0,0,28.9,63,31.3,21.1
2026-08-22T20:00:00+05:30,2026-08-22 20:00:00,28.9,32.7,23.1,0,0,0,169,0,0,0,0,3.6,626.6,71,0,0,28.9,63,31.3,21.1
2026-08-22T19:55:00+05:30,2026-08-22 19:55:00,28.9,32.7,23.1,0,0,0,169,0,0,0,0,3.6,626.6,71,0,0,29,63,31.5,21.2
2026-08-22T19:50:00+05:30,2026-08-22 19:50:00,28.9,32.7,23.1,0,0,0,169,0,0,0,0,3.6,626.6,71,0,0,29,63,31.5,21.2
2026-08-22T19:45:00+05:30,2026-08-22 19:45:00,29,32.9,23.2,0,0,0,169,0,0,0,0,3.6,626.6,71,0,0,29,63,31.5,21.2
2026-08-22T19:40:00+05:30,2026-08-22 19:40:00,29,32.7,23,0,0,0,169,0,0,0,0,3.6,626.6,70,0,0,29,63,31.5,21.2
2026-08-22T19:35:00+05:30,2026-08-22 19:35:00,29.1,33,23.1,0,0,0,169,0,0,0,0,3.6,626.6,70,0,0,29.1,63,31.7,21.3
2026-08-22T19:30:00+05:30,2026-08-22 19:30:00,29.1,33,23.1,0,0,0,169,0,0,0,0,3.6,626.6,70,0,0,29.1,63,31.7,21.3
2026-08-22T19:26:00+05:30,2026-08-22 19:26:00,29.2,33.2,23.2,0,0,0,169,0,0,0,0,3.6,626.6,70,0,0,29.1,63,31.7,21.3
2026-08-22T19:20:00+05:30,2026-08-22 19:20:00,29.2,33.2,23.2,0,0,0,169,0,0,0,0,3.6,626.6,70,0,0,29.1,62,31.6,21.1
2026-08-22T19:15:00+05:30,2026-08-22 19:15:00,29.2,33,22.9,0,0,0,169,0,0,0,0,3.6,626.6,69,0,0,29.2,62,31.7,21.2
2026-08-22T19:10:00+05:30,2026-08-22 19:10:00,29.3,33.1,23,0,0,0,169,0,0,0,0,3.6,626.6,69,0,0,29.2,62,31.7,21.2
2026-08-22T19:05:00+05:30,2026-08-22 19:05:00,29.3,33.1,23,0,0,0,169,0,0,0,0,3.6,626.6,69,0,0,29.2,62,31.7,21.2
2026-08-22T19:00:00+05:30,2026-08-22 19:00:00,29.3,33.1,23,0,0,0,169,0,0,0,0,3.6,626.6,69,0,0,29.2,62,31.7,21.2
2026-08-22T18:55:00+05:30,2026-08-22 18:55:00,29.4,33.4,23.1,0,0,0,169,0,0,0,0,3.6,626.6,69,0,0,29.3,62,31.8,21.2
2026-08-22T18:50:00+05:30,2026-08-22 18:50:00,29.4,33.4,23.1,0,0,0,169,0,0,0,0,3.6,626.6,69,0,0,29.3,62,31.8,21.2
2026-08-22T18:45:00+05:30,2026-08-22 18:45:00,29.5,33.4,23,0,0,0,169,0,0,0,0,3.6,626.6,68,0,0,29.3,62,31.8,21.2
2026-08-22T18:40:00+05:30,2026-08-22 18:40:00,29.5,33.4,23,0,0,0,169,0,0,0,0,3.6,626.6,68,0,0,29.3,62,31.8,21.2
2026-08-22T18:35:00+05:30,2026-08-22 18:35:00,29.5,33.4,23,0,0,0,169,0,0,0,0,3.6,626.6,68,0,0,29.4,62,32.1,21.3
2026-08-22T18:30:00+05:30,2026-08-22 18:30:00,29.6,33.7,23.1,0,0,0,169,0,0,0,0,3.6,626.6,68,0,0,29.5,61,32.1,21.2
2026-08-22T18:25:00+05:30,2026-08-22 18:25:00,29.6,33.7,23.1,0,0,0,169,0,0,0,0,3.6,626.6,68,0,0,29.5,61,32.1,21.2
2026-08-22T18:20:00+05:30,2026-08-22 18:20:00,29.6,33.7,23.1,0,0,0,169,0,0,0,0,3.6,626.6,68,0,0,29.5,61,32.1,21.2
2026-08-22T18:15:00+05:30,2026-08-22 18:15:00,29.7,33.7,22.9,0,0,0,169,0,0,0,0,3.6,626.6,67,0,0,29.6,61,32.3,21.3
2026-08-22T18:10:00+05:30,2026-08-22 18:10:00,29.7,33.7,22.9,0,0,0,169,0,0,0,0,3.6,626.6,67,0,0,29.6,61,32.3,21.3
2026-08-22T18:06:00+05:30,2026-08-22 18:06:00,29.8,33.8,23,0,0,0,169,0,0,0,0,3.6,626.6,67,0,0,29.6,61,32.3,21.3
2026-08-22T18:00:00+05:30,2026-08-22 18:00:00,29.8,33.8,23,0,0,0,169,0,0,0,0,3.6,626.6,67,0,0,29.6,61,32.3,21.3
2026-08-22T17:55:00+05:30,2026-08-22 17:55:00,29.9,34.1,23.1,0,0,0,169,0,0,0,0,3.6,626.6,67,0,0,29.7,61,32.5,21.4
2026-08-22T17:50:00+05:30,2026-08-22 17:50:00,29.9,33.9,22.8,0,0,0,169,0,0,0,0,3.6,626.6,66,0,0,29.7,61,32.5,21.4
2026-08-22T17:45:00+05:30,2026-08-22 17:45:00,30,34.1,22.9,0,0,0,169,0,0,0,0,3.6,626.6,66,0,0,29.7,61,32.5,21.4
2026-08-22T17:40:00+05:30,2026-08-22 17:40:00,30,34.1,22.9,0,0,0,170,0,0,0,0,3.6,626.6,66,0,0,29.8,61,32.6,21.4
2026-08-22T17:35:00+05:30,2026-08-22 17:35:00,30,34.1,22.9,0,0,0,170,0,0,0,0,3.6,626.6,66,0,0,29.8,61,32.6,21.4
2026-08-22T17:30:00+05:30,2026-08-22 17:30:00,30.1,34.4,23,0,0,0,170,0,0,0,0,3.6,626.6,66,0,0.1,29.8,60,32.4,21.2
2026-08-22T17:25:00+05:30,2026-08-22 17:25:00,30.1,34.4,23,0,0,0,170,0,0,0,0,3.6,626.6,66,0,0.1,29.8,60,32.4,21.2
2026-08-22T17:20:00+05:30,2026-08-22 17:20:00,30.1,34.4,23,0,0,0,170,0,0,0,0,3.6,626.6,66,0,0.2,29.9,60,32.6,21.3
2026-08-22T17:15:00+05:30,2026-08-22 17:15:00,30.1,34.4,23,0,0,0,170,0,0,0,0,3.6,626.6,66,0,0.3,29.9,60,32.6,21.3
2026-08-22T17:10:00+05:30,2026-08-22 17:10:00,30.2,34.6,23.1,0,0,0,170,0,0,0,0,3.6,626.6,66,0,0.4,30,60,32.8,21.4
2026-08-22T17:05:00+05:30,2026-08-22 17:05:00,30.2,34.6,23.1,0,0,0,170,0,0,0,0,3.6,626.6,66,0,0.3,30,60,32.8,21.4
2026-08-22T17:01:00+05:30,2026-08-22 17:01:00,30.2,34.6,23.1,0,0,0,170,0,0,0,0,3.6,626.6,66,0,0.4,30,60,32.8,21.4
2026-08-22T16:55:00+05:30,2026-08-22 16:55:00,30.1,34.4,23,0,0,0,170,0,0,0,0,3.6,626.6,66,0,0.5,30,60,32.8,21.4
2026-08-22T16:50:00+05:30,2026-08-22 16:50:00,30.1,34.4,23,0,0,0,170,0,0,0,0,3.6,626.6,66,0,0.7,30,60,32.8,21.4
2026-08-22T16:45:00+05:30,2026-08-22 16:45:00,30.1,34.4,23,0,0,0,170,0,0,0,0,3.6,626.6,66,0,0.4,30,60,32.8,21.4
2026-08-22T16:40:00+05:30,2026-08-22 16:40:00,30.1,34.4,23,0,0,0,170,0,0,0,0,3.6,626.6,66,0,0.1,30,60,32.8,21.4
2026-08-22T16:35:00+05:30,2026-08-22 16:35:00,30.1,34.4,23,0,0,0,170,0,0,0,0,3.6,626.6,66,0,0.1,30,60,32.8,21.4
2026-08-22T16:30:00+05:30,2026-08-22 16:30:00,30.1,34.1,22.8,0,0,0,170,0,0,0,0,3.6,626.6,65,0,0.1,30,60,32.8,21.4
2026-08-22T16:25:00+05:30,2026-08-22 16:25:00,30.1,34.1,22.8,0,0,0,169,0,0,0,0,3.6,626.6,65,0,0.1,30,60,32.8,21.4
2026-08-22T16:20:00+05:30,2026-08-22 16:20:00,30.2,34.4,22.9,0,0,0,170,0,0,0,0,3.6,626.6,65,0,0.1,30,60,32.8,21.4
2026-08-22T16:15:00+05:30,2026-08-22 16:15:00,30.1,34.1,22.8,0,0,0,170,0,0,0,0,3.6,626.6,65,0,0.1,30,60,32.8,21.4
2026-08-22T16:10:00+05:30,2026-08-22 16:10:00,30.1,34.1,22.8,0,0,0,170,0,0,0,0,3.6,626.6,65,0,0.1,30,60,32.8,21.4
2026-08-22T16:05:00+05:30,2026-08-22 16:05:00,30.1,34.1,22.8,0,0,0,170,0,0,0,0,3.6,626.6,65,0,0.1,30,60,32.8,21.4
2026-08-22T16:00:00+05:30,2026-08-22 16:00:00,30.1,34.1,22.8,0,0,0,170,0,0,0,0,3.6,626.6,65,0,0.1,30.1,60,33.1,21.5
2026-08-22T15:56:00+05:30,2026-08-22 15:56:00,30.1,34.1,22.8,0,0,0,170,0,0,0,0,3.6,626.6,65,0,0.1,30.1,60,33.1,21.5
2026-08-22T15:50:00+05:30,2026-08-22 15:50:00,30.1,34.1,22.8,0,0,0,170,0,0,0,0,3.6,626.6,65,0,0.1,30.1,60,33.1,21.5
2026-08-22T15:45:00+05:30,2026-08-22 15:45:00,30.1,34.1,22.8,0,0,0,170,0,0,0,0,3.6,626.6,65,0,0.1,30,60,32.8,21.4
2026-08-22T15:40:00+05:30,2026-08-22 15:40:00,30.1,34.1,22.8,0,0,0,170,0,0,0,0,3.6,626.6,65,0,0.2,30,60,32.8,21.4
2026-08-22T15:35:00+05:30,2026-08-22 15:35:00,30.1,33.9,22.5,0,0,0,170,0,0,0,0,3.6,626.6,64,0,0.2,30,60,32.8,21.4
2026-08-22T15:30:00+05:30,2026-08-22 15:30:00,30,33.7,22.4,0,0,0,170,0,0,0,0,3.6,626.6,64,0,0.3,30,59,32.6,21.1
2026-08-22T15:25:00+05:30,2026-08-22 15:25:00,30,33.7,22.4,0,0,0,170,0,0,0,0,3.6,626.6,64,0,0.3,30,59,32.6,21.1
2026-08-22T15:20:00+05:30,2026-08-22 15:20:00,30,33.7,22.4,0,0,0,169,0,0,0,0,3.6,626.6,64,0,0.2,29.9,60,32.6,21.3
2026-08-22T15:15:00+05:30,2026-08-22 15:15:00,30,33.7,22.4,0,0,0,170,0,0,0,0,3.6,626.6,64,0,0.2,29.9,59,32.4,21
2026-08-22T15:10:00+05:30,2026-08-22 15:10:00,29.9,33.4,22.3,0,0,0,170,0,0,0,0,3.6,626.6,64,0,0.2,29.9,59,32.4,21
2026-08-22T15:05:00+05:30,2026-08-22 15:05:00,29.9,33.4,22.3,0,0,0,170,0,0,0,0,3.6,626.6,64,0,0.1,29.9,59,32.4,21
2026-08-22T15:00:00+05:30,2026-08-22 15:00:00,29.8,33.2,22.2,0,0,0,170,0,0,0,0,3.6,626.6,64,0,0.2,29.8,59,32.2,20.9
2026-08-22T14:55:00+05:30,2026-08-22 14:55:00,29.8,33.2,22.2,0,0,0,170,0,0,0,0,3.6,626.6,64,0,0.2,29.9,59,32.4,21
2026-08-22T14:50:00+05:30,2026-08-22 14:50:00,29.8,33.2,22.2,0,0,0,170,0,0,0,0,3.6,626.6,64,0,0.2,29.8,59,32.2,20.9
2026-08-22T14:45:00+05:30,2026-08-22 14:45:00,29.7,33.1,22.2,0,0,0,170,0,0,0,0,3.6,626.6,64,0,0.2,29.8,59,32.2,20.9
2026-08-22T14:40:00+05:30,2026-08-22 14:40:00,29.7,33.1,22.2,0,0,0,170,0,0,0,0,3.6,626.6,64,0,0.1,29.8,59,32.2,20.9
2026-08-22T14:35:00+05:30,2026-08-22 14:35:00,29.6,32.9,22.1,0,0,0,170,0,0,0,0,3.6,626.6,64,0,0.1,29.7,59,32.1,20.8
2026-08-22T14:30:00+05:30,2026-08-22 14:30:00,29.6,32.9,22.1,0,0,0,170,0,0,0,0,3.6,626.6,64,0,0.1,29.7,59,32.1,20.8
2026-08-22T14:25:00+05:30,2026-08-22 14:25:00,29.5,32.6,22,0,0,0,170,0,0,0,0,3.6,626.6,64,0,0.1,29.6,59,31.9,20.7
2026-08-22T14:20:00+05:30,2026-08-22 14:20:00,29.5,32.6,22,0,0,0,170,0,0,0,0,3.6,626.6,64,0,0.1,29.5,59,31.7,20.6
2026-08-22T14:15:00+05:30,2026-08-22 14:15:00,29.5,32.5,21.7,0,0,0,170,0,0,0,0,3.6,626.6,63,0,0.1,29.5,59,31.7,20.6
2026-08-22T14:10:00+05:30,2026-08-22 14:10:00,29.4,32.6,22.1,0,0,0,170,0,0,0,0,3.6,626.6,65,0,0.1,29.4,60,31.7,20.8
2026-08-22T14:05:00+05:30,2026-08-22 14:05:00,29.4,32.4,21.9,0,0,0,170,0,0,0,0,3.6,626.6,64,0,0.1,29.4,60,31.7,20.8
2026-08-22T14:00:00+05:30,2026-08-22 14:00:00,29.3,32.4,22,0,0,0,170,0,0,0,0,3.6,626.6,65,0,0.2,29.4,60,31.7,20.8
2026-08-22T13:55:00+05:30,2026-08-22 13:55:00,29.3,32.2,21.7,0,0,0,170,0,0,0,0,3.6,626.6,64,0,0.2,29.3,60,31.5,20.7
2026-08-22T13:50:00+05:30,2026-08-22 13:50:00,29.2,32.3,21.9,0,0,0,169,0,0,0,0,3.6,626.6,65,0,0.1,29.2,60,31.4,20.7
2026-08-22T13:46:00+05:30,2026-08-22 13:46:00,29.1,32.1,21.8,0,0,0,170,0,0,0,0,3.6,626.6,65,0,0.1,29.2,60,31.4,20.7
2026-08-22T13:40:00+05:30,2026-08-22 13:40:00,29.1,32.1,21.8,0,0,0,170,0,0,0,0,3.6,626.6,65,0,0.1,29.1,61,31.4,20.8
2026-08-22T13:35:00+05:30,2026-08-22 13:35:00,29,31.8,21.7,0,0,0,170,0,0,0,0,3.6,626.6,65,0,0.1,29.1,61,31.4,20.8
2026-08-22T13:30:00+05:30,2026-08-22 13:30:00,28.9,31.8,21.9,0,0,0,170,0,0,0,0,3.6,626.6,66,0,0.1,29,62,31.3,20.9
2026-08-22T13:25:00+05:30,2026-08-22 13:25:00,28.9,32.1,22.4,0,0,0,170,0,0,0,0,3.6,626.6,68,0,0.1,29,62,31.3,20.9
2026-08-22T13:20:00+05:30,2026-08-22 13:20:00,28.8,31.9,22.3,0,0,0,170,0,0,0,0,3.6,626.6,68,0,0.1,28.9,62,31.2,20.9
2026-08-22T13:15:00+05:30,2026-08-22 13:15:00,28.8,31.9,22.3,0,0,0,170,0,0,0,0,3.6,626.6,68,0,0.1,28.8,63,31.1,21
2026-08-22T13:10:00+05:30,2026-08-22 13:10:00,28.7,31.8,22.2,0,0,0,170,0,0,0,0,3.6,626.6,68,0,0.1,28.8,62,30.9,20.8
2026-08-22T13:05:00+05:30,2026-08-22 13:05:00,28.7,31.6,22,0,0,0,169,0,0,0,0,3.6,626.6,67,0,0.1,28.7,62,30.8,20.7
2026-08-22T13:00:00+05:30,2026-08-22 13:00:00,28.6,31.4,21.9,0,0,0,170,0,0,0,0,3.6,626.6,67,0,0.1,28.6,62,30.7,20.6
2026-08-22T12:55:00+05:30,2026-08-22 12:55:00,28.6,31.4,21.9,0,0,0,170,0,0,0,0,3.6,626.6,67,0,0.1,28.6,62,30.7,20.6
2026-08-22T12:50:00+05:30,2026-08-22 12:50:00,28.6,31.4,21.9,0,0,0,169,0,0,0,0,3.6,626.6,67,0,0.1,28.6,62,30.7,20.6
2026-08-22T12:45:00+05:30,2026-08-22 12:45:00,28.5,31.2,21.8,0,0,0,169,0,0,0,0,3.6,626.6,67,0,0.1,28.5,62,30.5,20.5
2026-08-22T12:40:00+05:30,2026-08-22 12:40:00,28.5,31.2,21.8,0,0,0,169,0,0,0,0,3.6,626.6,67,0,0.1,28.5,62,30.5,20.5
2026-08-22T12:35:00+05:30,2026-08-22 12:35:00,28.4,31,21.7,0,0,0,170,0,0,0,0,3.6,626.6,67,0,0.1,28.4,63,30.4,20.7
2026-08-22T12:30:00+05:30,2026-08-22 12:30:00,28.3,31.1,22,0,0,0,170,0,0,0,0,3.6,626.6,69,0,0.1,28.4,64,30.6,20.9
2026-08-22T12:26:00+05:30,2026-08-22 12:26:00,28.3,31.2,22.3,0,0,0,169,0,0,0,0,3.6,626.6,70,0,0.1,28.3,64,30.4,20.8
2026-08-22T12:20:00+05:30,2026-08-22 12:20:00,28.2,31.1,22.2,0,0,0,169,0,0,0,0,3.6,626.6,70,0,0.1,28.3,64,30.4,20.8
2026-08-22T12:15:00+05:30,2026-08-22 12:15:00,28.2,31.1,22.2,0,0,0,169,0,0,0,0,3.6,626.6,70,0,0.1,28.2,65,30.4,21
2026-08-22T12:10:00+05:30,2026-08-22 12:10:00,28.1,30.9,22.1,0,0,0,169,0,0,0,0,3.6,626.6,70,0,0.1,28.1,65,30.2,20.9
2026-08-22T12:05:00+05:30,2026-08-22 12:05:00,28.1,30.9,22.1,0,0,0,169,0,0,0,0,3.6,626.6,70,0,0.1,28,65,30.1,20.8
2026-08-22T12:00:00+05:30,2026-08-22 12:00:00,28,30.7,22,0,0,0,169,0,0,0,0,3.6,626.6,70,0,0.1,28,65,30.1,20.8
2026-08-22T11:55:00+05:30,2026-08-22 11:55:00,27.9,30.5,21.9,0,0,0,169,0,0,0,0,3.6,626.6,70,0,0.1,27.9,65,29.8,20.7
2026-08-22T11:50:00+05:30,2026-08-22 11:50:00,27.9,30.5,21.9,0,0,0,169,0,0,0,0,3.6,626.6,70,0,0.1,27.8,64,29.6,20.3
2026-08-22T11:45:00+05:30,2026-08-22 11:45:00,27.8,30.2,21.8,0,0,0,169,0,0,0,0,3.6,626.6,70,0,0.1,27.7,64,29.4,20.3
2026-08-22T11:40:00+05:30,2026-08-22 11:40:00,27.7,30,21.5,0,0,0,170,0,0,0,0,3.6,626.6,69,0,0.1,27.7,65,29.6,20.6
2026-08-22T11:35:00+05:30,2026-08-22 11:35:00,27.7,30,21.5,0,0,0,169,0,0,0,0,3.6,626.6,69,0,0.1,27.6,65,29.4,20.4
2026-08-22T11:30:00+05:30,2026-08-22 11:30:00,27.6,30,21.9,0,0,0,169,0,0,0,0,3.6,626.6,71,0,0.1,27.6,65,29.4,20.4
2026-08-22T11:25:00+05:30,2026-08-22 11:25:00,27.6,30,21.9,0,0,0,169,0,0,0,0,3.6,626.6,71,0,0.1,27.5,66,29.3,20.6
2026-08-22T11:21:00+05:30,2026-08-22 11:21:00,27.5,29.9,22,0,0,0,169,0,0,0,0,3.6,626.6,72,0,0.1,27.5,66,29.3,20.6
2026-08-22T11:15:00+05:30,2026-08-22 11:15:00,27.5,29.9,22,0,0,0,169,0,0,0,0,3.6,626.6,72,0,0.1,27.4,66,29.1,20.4
2026-08-22T11:10:00+05:30,2026-08-22 11:10:00,27.5,29.9,22,0,0,0,169,0,0,0,0,3.6,626.6,72,0,0.1,27.4,66,29.1,20.4
2026-08-22T11:05:00+05:30,2026-08-22 11:05:00,27.4,29.6,21.7,0,0,0,169,0,0,0,0,3.6,626.6,71,0,0.1,27.3,66,28.9,20.3
2026-08-22T11:00:00+05:30,2026-08-22 11:00:00,27.3,29.4,21.5,0,0,0,169,0,0,0,0,3.6,626.6,71,0,0.1,27.2,66,28.9,20.3
2026-08-22T10:55:00+05:30,2026-08-22 10:55:00,27.3,29.4,21.5,0,0,0,169,0,0,0,0,3.6,626.6,71,0,0.1,27.1,66,28.7,20.2
2026-08-22T10:50:00+05:30,2026-08-22 10:50:00,27.2,29.2,21.3,0,0,0,169,0,0,0,0,3.6,626.6,70,0,0.1,27,65,28.4,19.8
2026-08-22T10:45:00+05:30,2026-08-22 10:45:00,27.2,29.2,21.3,0,0,0,169,0,0,0,0,3.6,626.6,70,0,0.1,27,65,28.4,19.8
2026-08-22T10:40:00+05:30,2026-08-22 10:40:00,27.1,29,21.2,0,0,0,169,0,0,0,0,3.6,626.6,70,0,0.1,27,66,28.6,20.1
2026-08-22T10:35:00+05:30,2026-08-22 10:35:00,27.1,29.1,21.4,0,0,0,169,0,0,0,0,3.6,626.6,71,0,0.1,26.9,66,28.4,20
2026-08-22T10:30:00+05:30,2026-08-22 10:30:00,27,28.9,21.3,0,0,0,169,0,0,0,0,3.6,626.6,71,0,0.1,26.9,66,28.4,20
2026-08-22T10:25:00+05:30,2026-08-22 10:25:00,27,29,21.5,0,0,0,169,0,0,0,0,3.6,626.6,72,0,0.1,26.8,66,28.2,19.9
2026-08-22T10:20:00+05:30,2026-08-22 10:20:00,26.9,28.8,21.4,0,0,0,169,0,0,0,0,3.6,626.6,72,0,0.1,26.8,67,28.3,20.1
2026-08-22T10:16:00+05:30,2026-08-22 10:16:00,26.9,28.8,21.4,0,0,0,169,0,0,0,0,3.6,626.6,72,0,0.1,26.7,67,28.2,20.1
2026-08-22T10:10:00+05:30,2026-08-22 10:10:00,26.8,28.7,21.5,0,0,0,169,0,0,0,0,3.6,626.6,73,0,0.1,26.7,67,28.2,20.1
2026-08-22T10:05:00+05:30,2026-08-22 10:05:00,26.8,28.7,21.5,0,0,0,169,0,0,0,0,3.6,626.6,73,0,0.1,26.7,67,28.2,20.1
2026-08-22T10:00:00+05:30,2026-08-22 10:00:00,26.7,28.6,21.5,0,0,0,169,0,0,0,0,3.6,626.6,73,0,0.1,26.6,67,27.1,19.9
2026-08-22T09:55:00+05:30,2026-08-22 09:55:00,26.7,28.7,21.7,0,0,0,169,0,0,0,0,3.6,626.6,74,0,0.1,26.6,68,27.1,20.2
2026-08-22T09:50:00+05:30,2026-08-22 09:50:00,26.6,27.3,21.6,0,0,0,169,0,0,0,0,3.6,626.6,74,0,0.1,26.6,68,27.1,20.2
2026-08-22T09:45:00+05:30,2026-08-22 09:45:00,26.6,27.3,21.8,0,0,0,169,0,0,0,0,3.6,626.6,75,0,0.1,26.5,68,27,20.1
2026-08-22T09:40:00+05:30,2026-08-22 09:40:00,26.6,27.3,21.8,0,0,0,169,0,0,0,0,3.6,626.6,75,0,0.1,26.5,68,27,20.1
2026-08-22T09:35:00+05:30,2026-08-22 09:35:00,26.5,27.2,21.7,0,0,0,169,0,0,0,0,3.6,626.6,75,0,0.1,26.4,68,26.8,20
2026-08-22T09:30:00+05:30,2026-08-22 09:30:00,26.5,27.2,21.7,0,0,0,169,0,0,0,0,3.6,626.6,75,0,0.1,26.4,68,26.8,20
2026-08-22T09:25:00+05:30,2026-08-22 09:25:00,26.5,27.2,21.7,0,0,0,169,0,0,0,0,3.6,626.6,75,0,0.1,26.4,68,26.8,20
2026-08-22T09:20:00+05:30,2026-08-22 09:20:00,26.4,27,21.6,0,0,0,169,0,0,0,0,3.6,626.6,75,0,0.1,26.4,69,26.9,20.2
2026-08-22T09:15:00+05:30,2026-08-22 09:15:00,26.4,27.1,21.8,0,0,0,169,0,0,0,0,3.6,626.6,76,0,0.1,26.4,69,26.9,20.2
2026-08-22T09:10:00+05:30,2026-08-22 09:10:00,26.4,27.1,21.8,0,0,0,169,0,0,0,0,3.6,626.6,76,0,0.1,26.4,69,26.9,20.2
2026-08-22T09:05:00+05:30,2026-08-22 09:05:00,26.4,27.1,22,0,0,0,169,0,0,0,0,3.6,626.6,77,0,0.1,26.4,69,26.9,20.2
2026-08-22T09:00:00+05:30,2026-08-22 09:00:00,26.4,27.1,22.2,0,0,0,169,0,0,0,0,3.6,626.6,78,0,0.1,26.4,70,26.9,20.4
2026-08-22T08:55:00+05:30,2026-08-22 08:55:00,26.4,27.1,22.2,0,0,0,168,0,0,0,0,3.6,626.6,78,0,0.1,26.3,70,26.8,20.3
2026-08-22T08:50:00+05:30,2026-08-22 08:50:00,26.3,27,22.1,0,0,0,169,0,0,0,0,3.6,626.6,78,0,0.1,26.3,70,26.8,20.3
2026-08-22T08:45:00+05:30,2026-08-22 08:45:00,26.3,27,22.1,0,0,0,169,0,0,0,0,3.6,626.6,78,0,0.1,26.3,70,26.8,20.3
2026-08-22T08:40:00+05:30,2026-08-22 08:40:00,26.3,27,22.1,0,0,0,168,0,0,0,0,3.6,626.6,78,0,0.1,26.2,70,26.7,20.3
2026-08-22T08:36:00+05:30,2026-08-22 08:36:00,26.2,27,22.3,0,0,0,169,0,0,0,0,3.6,626.6,79,0,0.1,26.2,70,26.7,20.3
2026-08-22T08:30:00+05:30,2026-08-22 08:30:00,26.2,26.9,22.1,0,0,0,169,0,0,0,0,3.6,626.6,78,0,0.1,26.2,70,26.7,20.3
2026-08-22T08:25:00+05:30,2026-08-22 08:25:00,26.1,26.8,22,0,0,0,169,0,0,0,0,3.6,626.6,78,0,0.1,26.1,70,26.6,20.2
2026-08-22T08:20:00+05:30,2026-08-22 08:20:00,26.1,26.8,22,0,0,0,169,0,0,0,0,3.6,626.6,78,0,0.1,26.1,70,26.6,20.2
2026-08-22T08:15:00+05:30,2026-08-22 08:15:00,26.1,26.8,22,0,0,0,169,0,0,0,0,3.6,626.6,78,0,0.1,26.1,70,26.6,20.2
2026-08-22T08:13:00+05:30,2026-08-22 08:13:00,26.1,26.8,22,0,0,0,169,0,0,0,0,3.6,626.6,78,0,0.1,26.1,70,26.6,20.2
2026-08-22T08:05:00+05:30,2026-08-22 08:05:00,26.1,26.8,22,0,0,0,168,0,0,0,0,3.6,626.6,78,0,0.1,26,70,26.5,20.1
2026-08-22T08:00:00+05:30,2026-08-22 08:00:00,26,26.7,21.9,0,0,0,169,0,0,0,0,3.6,626.6,78,0,0.1,26,70,26.5,20.1
2026-08-22T07:55:00+05:30,2026-08-22 07:55:00,26,26.7,21.9,0,0,0,169,0,0,0,0,3.6,626.6,78,0,0.1,26,70,26.5,20.1
2026-08-22T07:50:00+05:30,2026-08-22 07:50:00,26,26.7,21.9,0,0,0,169,0,0,0,0,3.6,626.6,78,0,0.1,26,70,26.5,20.1
2026-08-22T07:45:00+05:30,2026-08-22 07:45:00,26,26.7,21.9,0,0,0,169,0,0,0,0,3.6,626.6,78,0,0.1,26,70,26.5,20.1
2026-08-22T07:40:00+05:30,2026-08-22 07:40:00,25.9,26.6,21.7,0,0,0,169,0,0,0,0,3.6,626.6,78,0,0.1,26,69,26.4,19.8
2026-08-22T07:35:00+05:30,2026-08-22 07:35:00,25.9,26.6,21.7,0,0,0,169,0,0,0,0,3.6,626.6,78,0,0.1,25.9,69,26.3,19.8
2026-08-22T07:30:00+05:30,2026-08-22 07:30:00,25.9,26.6,21.7,0,0,0,169,0,0,0,0,3.6,626.6,78,0,0.1,25.9,69,26.3,19.8
2026-08-22T07:25:00+05:30,2026-08-22 07:25:00,25.9,26.6,21.7,0,0,0,169,0,0,0,0,3.6,626.6,78,0,0,25.9,69,26.3,19.8
2026-08-22T07:20:00+05:30,2026-08-22 07:20:00,25.9,26.6,21.7,0,0,0,169,0,0,0,0,3.6,626.6,78,0,0.1,25.9,69,26.3,19.8
2026-08-22T07:15:00+05:30,2026-08-22 07:15:00,25.9,26.6,21.7,0,0,0,169,0,0,0,0,3.6,626.6,78,0,0,25.9,69,26.3,19.8
2026-08-22T07:10:00+05:30,2026-08-22 07:10:00,25.9,26.6,21.7,0,0,0,169,0,0,0,0,3.6,626.6,78,0,0,25.9,69,26.3,19.8
2026-08-22T07:06:00+05:30,2026-08-22 07:06:00,25.9,26.6,21.7,0,0,0,169,0,0,0,0,3.6,626.6,78,0,0,25.9,69,26.3,19.8
2026-08-22T07:00:00+05:30,2026-08-22 07:00:00,25.9,26.5,21.5,0,0,0,169,0,0,0,0,3.6,626.6,77,0,0,25.9,69,26.3,19.8
2026-08-22T06:55:00+05:30,2026-08-22 06:55:00,25.9,26.5,21.5,0,0,0,169,0,0,0,0,3.6,626.6,77,0,0,25.9,69,26.3,19.8
2026-08-22T06:50:00+05:30,2026-08-22 06:50:00,25.9,26.5,21.5,0,0,0,169,0,0,0,0,3.6,626.6,77,0,0,25.9,69,26.3,19.8
2026-08-22T06:45:00+05:30,2026-08-22 06:45:00,25.9,26.5,21.5,0,0,0,169,0,0,0,0,3.6,626.6,77,0,0,25.9,69,26.3,19.8
2026-08-22T06:40:00+05:30,2026-08-22 06:40:00,25.9,26.5,21.5,0,0,0,169,0,0,0,0,3.6,626.6,77,0,0,25.9,69,26.3,19.8
2026-08-22T06:35:00+05:30,2026-08-22 06:35:00,25.9,26.5,21.3,0,0,0,169,0,0,0,0,3.6,626.6,76,0,0,25.9,68,26.3,19.5
2026-08-22T06:30:00+05:30,2026-08-22 06:30:00,25.9,26.5,21.3,0,0,0,169,0,0,0,0,3.6,626.6,76,0,0,25.9,68,26.3,19.5
2026-08-22T06:25:00+05:30,2026-08-22 06:25:00,25.9,26.5,21.3,0,0,0,169,0,0,0,0,3.6,626.6,76,0,0,25.9,68,26.3,19.5
2026-08-22T06:20:00+05:30,2026-08-22 06:20:00,25.9,26.5,21.3,0,0,0,169,0,0,0,0,3.6,626.6,76,0,0,26,68,26.4,19.6
2026-08-22T06:15:00+05:30,2026-08-22 06:15:00,25.9,26.5,21.3,0,0,0,169,0,0,0,0,3.6,626.6,76,0,0,25.9,68,26.3,19.5
2026-08-22T06:10:00+05:30,2026-08-22 06:10:00,26,26.6,21.4,0,0,0,169,0,0,0,0,3.6,626.6,76,0,0,26,68,26.4,19.6
2026-08-22T06:05:00+05:30,2026-08-22 06:05:00,26,26.6,21.4,0,0,0,169,0,0,0,0,3.6,626.6,76,0,0,26,68,26.4,19.6
2026-08-22T06:00:00+05:30,2026-08-22 06:00:00,26,26.6,21.4,0,0,0,169,0,0,0,0,3.6,626.6,76,0,0,26,68,26.4,19.6
2026-08-22T05:55:00+05:30,2026-08-22 05:55:00,26,26.6,21.2,0,0,0,169,0,0,0,0,3.6,626.6,75,0,0,26,68,26.4,19.6
2026-08-22T05:50:00+05:30,2026-08-22 05:50:00,26,26.6,21.2,0,0,0,169,0,0,0,0,3.6,626.6,75,0,0,26,68,26.4,19.6
2026-08-22T05:45:00+05:30,2026-08-22 05:45:00,26,26.6,21.2,0,0,0,169,0,0,0,0,3.6,626.6,75,0,0,26,68,26.4,19.6
2026-08-22T05:40:00+05:30,2026-08-22 05:40:00,26,26.6,21.2,0,0,0,169,0,0,0,0,3.6,626.6,75,0,0,26,68,26.4,19.6
2026-08-22T05:35:00+05:30,2026-08-22 05:35:00,26,26.6,21.2,0,0,0,169,0,0,0,0,3.6,626.6,75,0,0,26.1,68,26.6,19.7
2026-08-22T05:30:00+05:30,2026-08-22 05:30:00,26,26.6,21.2,0,0,0,169,0,0,0,0,3.6,626.6,75,0,0,26.1,68,26.6,19.7
2026-08-22T05:25:00+05:30,2026-08-22 05:25:00,26,26.6,21.2,0,0,0,169,0,0,0,0,3.6,626.6,75,0,0,26.1,68,26.6,19.7
2026-08-22T05:20:00+05:30,2026-08-22 05:20:00,26,26.6,21.2,0,0,0,169,0,0,0,0,3.6,626.6,75,0,0,26.1,68,26.6,19.7
2026-08-22T05:15:00+05:30,2026-08-22 05:15:00,26,26.6,21.2,0,0,0,169,0,0,0,0,3.6,626.6,75,0,0,26.1,68,26.6,19.7
2026-08-22T05:10:00+05:30,2026-08-22 05:10:00,26,26.6,21.2,0,0,0,169,0,0,0,0,3.6,626.6,75,0,0,26.1,68,26.6,19.7
2026-08-22T05:05:00+05:30,2026-08-22 05:05:00,26,26.6,21.2,0,0,0,169,0,0,0,0,3.6,626.6,75,0,0,26.1,68,26.6,19.7
2026-08-22T05:00:00+05:30,2026-08-22 05:00:00,26,26.6,21.2,0,0,0,169,0,0,0,0,3.6,626.6,75,0,0,26.1,68,26.6,19.7
2026-08-22T04:56:00+05:30,2026-08-22 04:56:00,26.1,26.7,21.3,0,0,0,169,0,0,0,0,3.6,626.6,75,0,0,26.1,68,26.6,19.7
2026-08-22T04:50:00+05:30,2026-08-22 04:50:00,26.1,26.7,21.3,0,0,0,169,0,0,0,0,3.6,626.6,75,0,0,26.1,68,26.6,19.7
2026-08-22T04:45:00+05:30,2026-08-22 04:45:00,26.1,26.7,21.3,0,0,0,169,0,0,0,0,3.6,626.6,75,0,0,26.1,68,26.6,19.7
2026-08-22T04:40:00+05:30,2026-08-22 04:40:00,26.1,26.7,21.3,0,0,0,169,0,0,0,0,3.6,626.6,75,0,0,26.1,68,26.6,19.7
2026-08-22T04:35:00+05:30,2026-08-22 04:35:00,26.1,26.7,21.3,0,0,0,169,0,0,0,0,3.6,626.6,75,0,0,26.2,68,26.7,19.8
2026-08-22T04:30:00+05:30,2026-08-22 04:30:00,26.2,26.9,21.4,0,0,0,169,0,0,0,0,3.6,626.6,75,0,0,26.2,68,26.7,19.8
2026-08-22T04:25:00+05:30,2026-08-22 04:25:00,26.2,26.9,21.4,0,0,0,169,0,0,0,0,3.6,626.6,75,0,0,26.2,68,26.7,19.8
2026-08-22T04:20:00+05:30,2026-08-22 04:20:00,26.2,26.9,21.4,0,0,0,169,0,0,0,0,3.6,626.6,75,0,0,26.2,68,26.7,19.8
2026-08-22T04:15:00+05:30,2026-08-22 04:15:00,26.2,26.9,21.4,0,0,0,169,0,0,0,0,3.6,626.6,75,0,0,26.2,68,26.7,19.8
2026-08-22T04:10:00+05:30,2026-08-22 04:10:00,26.2,26.9,21.4,0,0,0,169,0,0,0,0,3.6,626.6,75,0,0,26.2,68,26.7,19.8
2026-08-22T04:05:00+05:30,2026-08-22 04:05:00,26.2,26.9,21.4,0,0,0,169,0,0,0,0,3.6,626.6,75,0,0,26.2,68,26.7,19.8
2026-08-22T04:00:00+05:30,2026-08-22 04:00:00,26.2,26.9,21.4,0,0,0,169,0,0,0,0,3.6,626.6,75,0,0,26.2,68,26.7,19.8
2026-08-22T03:55:00+05:30,2026-08-22 03:55:00,26.2,26.9,21.4,0,0,0,169,0,0,0,0,3.6,626.6,75,0,0,26.2,68,26.7,19.8
2026-08-22T03:50:00+05:30,2026-08-22 03:50:00,26.2,26.9,21.4,0,0,0,169,0,0,0,0,3.6,626.6,75,0,0,26.2,68,26.7,19.8
2026-08-22T03:45:00+05:30,2026-08-22 03:45:00,26.2,26.9,21.4,0,0,0,169,0,0,0,0,3.6,626.6,75,0,0,26.3,68,26.7,19.9
2026-08-22T03:40:00+05:30,2026-08-22 03:40:00,26.2,26.9,21.4,0,0,0,169,0,0,0,0,3.6,626.6,75,0,0,26.3,68,26.7,19.9
2026-08-22T03:36:00+05:30,2026-08-22 03:36:00,26.2,26.9,21.4,0,0,0,169,0,0,0,0,3.6,626.6,75,0,0,26.3,68,26.7,19.9
2026-08-22T03:30:00+05:30,2026-08-22 03:30:00,26.2,26.9,21.4,0,0,0,169,0,0,0,0,3.6,626.6,75,0,0,26.3,68,26.7,19.9
2026-08-22T03:25:00+05:30,2026-08-22 03:25:00,26.2,26.9,21.4,0,0,0,169,0,0,0,0,3.6,626.6,75,0,0,26.3,68,26.7,19.9
2026-08-22T03:20:00+05:30,2026-08-22 03:20:00,26.3,26.9,21.7,0,0,0,169,0,0,0,0,3.6,626.6,76,0,0,26.3,68,26.7,19.9
2026-08-22T03:15:00+05:30,2026-08-22 03:15:00,26.3,26.9,21.5,0,0,0,169,0,0,0,0,3.6,626.6,75,0,0,26.3,68,26.7,19.9
2026-08-22T03:10:00+05:30,2026-08-22 03:10:00,26.3,26.9,21.5,0,0,0,169,0,0,0,0,3.6,626.6,75,0,0,26.4,68,26.8,20
2026-08-22T03:05:00+05:30,2026-08-22 03:05:00,26.4,27,21.6,0,0,0,169,0,0,0,0,3.6,626.6,75,0,0,26.4,68,26.8,20
2026-08-22T03:00:00+05:30,2026-08-22 03:00:00,26.4,27,21.6,0,0,0,169,0,0,0,0,3.6,626.6,75,0,0,26.4,68,26.8,20
2026-08-22T02:55:00+05:30,2026-08-22 02:55:00,26.4,27,21.6,0,0,0,169,0,0,0,0,3.6,626.6,75,0,0,26.4,67,26.8,19.8
2026-08-22T02:50:00+05:30,2026-08-22 02:50:00,26.4,27,21.6,0,0,0,169,0,0,0,0,3.6,626.6,75,0,0,26.4,67,26.8,19.8
2026-08-22T02:45:00+05:30,2026-08-22 02:45:00,26.4,27,21.6,0,0,0,169,0,0,0,0,3.6,626.6,75,0,0,26.4,67,26.8,19.8
2026-08-22T02:40:00+05:30,2026-08-22 02:40:00,26.4,27,21.6,0,0,0,169,0,0,0,0,3.6,626.6,75,0,0,26.4,67,26.8,19.8
2026-08-22T02:35:00+05:30,2026-08-22 02:35:00,26.4,27,21.6,0,0,0,169,0,0,0,0,3.6,626.6,75,0,0,26.4,67,26.8,19.8
2026-08-22T02:31:00+05:30,2026-08-22 02:31:00,26.4,27,21.6,0,0,0,169,0,0,0,0,3.6,626.6,75,0,0,26.4,67,26.8,19.8
2026-08-22T02:25:00+05:30,2026-08-22 02:25:00,26.5,27.2,21.7,0,0,0,169,0,0,0,0,3.6,626.6,75,0,0,26.5,67,26.9,19.9
2026-08-22T02:20:00+05:30,2026-08-22 02:20:00,26.5,27.2,21.7,0,0,0,169,0,0,0,0,3.6,626.6,75,0,0,26.5,67,26.9,19.9
2026-08-22T02:15:00+05:30,2026-08-22 02:15:00,26.5,27.1,21.5,0,0,0,169,0,0,0,0,3.6,626.6,74,0,0,26.5,67,26.9,19.9
2026-08-22T02:10:00+05:30,2026-08-22 02:10:00,26.5,27.1,21.5,0,0,0,169,0,0,0,0,3.6,626.6,74,0,0,26.5,67,26.9,19.9
2026-08-22T02:05:00+05:30,2026-08-22 02:05:00,26.5,27.1,21.5,0,0,0,169,0,0,0,0,3.6,626.6,74,0,0,26.5,67,26.9,19.9
2026-08-22T02:00:00+05:30,2026-08-22 02:00:00,26.5,27.1,21.5,0,0,0,169,0,0,0,0,3.6,626.6,74,0,0,26.6,67,27.1,19.9
2026-08-22T01:55:00+05:30,2026-08-22 01:55:00,26.5,27.1,21.5,0,0,0,169,0,0,0,0,3.6,626.6,74,0,0,26.6,67,27.1,19.9
2026-08-22T01:50:00+05:30,2026-08-22 01:50:00,26.5,27.1,21.5,0,0,0,169,0,0,0,0,3.6,626.6,74,0,0,26.6,67,27.1,19.9
2026-08-22T01:45:00+05:30,2026-08-22 01:45:00,26.5,27.1,21.5,0,0,0,169,0,0,0,0,3.6,626.6,74,0,0,26.6,67,27.1,19.9
2026-08-22T01:40:00+05:30,2026-08-22 01:40:00,26.6,27.3,21.6,0,0,0,169,0,0,0,0,3.6,626.6,74,0,0,26.6,67,27.1,19.9
2026-08-22T01:35:00+05:30,2026-08-22 01:35:00,26.6,27.3,21.6,0,0,0,169,0,0,0,0,3.6,626.6,74,0,0,26.6,67,27.1,19.9
2026-08-22T01:30:00+05:30,2026-08-22 01:30:00,26.6,27.3,21.6,0,0,0,169,0,0,0,0,3.6,626.6,74,0,0,26.6,67,27.1,19.9
2026-08-22T01:26:00+05:30,2026-08-22 01:26:00,26.6,27.3,21.6,0,0,0,169,0,0,0,0,3.6,626.6,74,0,0,26.6,67,27.1,19.9
2026-08-22T01:20:00+05:30,2026-08-22 01:20:00,26.6,27.3,21.6,0,0,0,169,0,0,0,0,3.6,626.6,74,0,0,26.7,67,28.2,20.1
2026-08-22T01:15:00+05:30,2026-08-22 01:15:00,26.6,27.3,21.6,0,0,0,169,0,0,0,0,3.6,626.6,74,0,0,26.7,67,28.2,20.1
2026-08-22T01:10:00+05:30,2026-08-22 01:10:00,26.7,28.7,21.7,0,0,0,169,0,0,0,0,3.6,626.6,74,0,0,26.7,67,28.2,20.1
2026-08-22T01:05:00+05:30,2026-08-22 01:05:00,26.7,28.7,21.7,0,0,0,169,0,0,0,0,3.6,626.6,74,0,0,26.7,67,28.2,20.1
2026-08-22T01:00:00+05:30,2026-08-22 01:00:00,26.7,28.7,21.7,0,0,0,169,0,0,0,0,3.6,626.6,74,0,0,26.7,67,28.2,20.1
2026-08-22T00:55:00+05:30,2026-08-22 00:55:00,26.7,28.7,21.7,0,0,0,169,0,0,0,0,3.6,626.6,74,0,0,26.8,67,28.3,20.1
2026-08-22T00:50:00+05:30,2026-08-22 00:50:00,26.7,28.7,21.7,0,0,0,169,0,0,0,0,3.6,626.6,74,0,0,26.8,67,28.3,20.1
2026-08-22T00:45:00+05:30,2026-08-22 00:45:00,26.8,28.8,21.7,0,0,0,169,0,0,0,0,3.6,626.6,74,0,0,26.8,66,28.2,19.9
2026-08-22T00:40:00+05:30,2026-08-22 00:40:00,26.8,28.7,21.5,0,0,0,169,0,0,0,0,3.6,626.6,73,0,0,26.8,66,28.2,19.9
2026-08-22T00:35:00+05:30,2026-08-22 00:35:00,26.8,28.7,21.5,0,0,0,169,0,0,0,0,3.6,626.6,73,0,0,26.8,66,28.2,19.9
2026-08-22T00:30:00+05:30,2026-08-22 00:30:00,26.8,28.7,21.5,0,0,0,169,0,0,0,0,3.6,626.6,73,0,0,26.8,66,28.2,19.9
2026-08-22T00:25:00+05:30,2026-08-22 00:25:00,26.9,28.9,21.6,0,0,0,169,0,0,0,0,3.6,626.6,73,0,0,26.9,66,28.4,20
2026-08-22T00:20:00+05:30,2026-08-22 00:20:00,26.9,28.9,21.6,0,0,0,169,0,0,0,0,3.6,626.6,73,0,0,26.9,66,28.4,20
2026-08-22T00:15:00+05:30,2026-08-22 00:15:00,26.9,28.9,21.6,0,0,0,169,0,0,0,0,3.6,626.6,73,0,0,26.9,66,28.4,20
2026-08-22T00:10:00+05:30,2026-08-22 00:10:00,26.9,28.9,21.6,0,0,0,169,0,0,0,0,3.6,626.6,73,0,0,26.9,66,28.4,20
2026-08-22T00:05:00+05:30,2026-08-22 00:05:00,26.9,28.9,21.6,0,0,0,169,0,0,0,0,3.6,626.6,73,0,0,27,66,28.6,20.1
2026-08-22T00:00:00+05:30,2026-08-22 00:00:00,26.9,28.9,21.6,0,0,0,169,0,0,0,0,3.6,626.6,73,0,0,27,66,28.6,20.1
2026-08-21T23:55:00+05:30,2026-08-21 23:55:00,27,29.1,21.7,0,0,0,169,0,0,0,0,3.6,626.6,73,0,0,27,66,28.6,20.1
2026-08-21T23:50:00+05:30,2026-08-21 23:50:00,27,29.1,21.7,0,0,0,169,0,0,0,0,3.6,626.6,73,0,0,27,66,28.6,20.1
2026-08-21T23:45:00+05:30,2026-08-21 23:45:00,27,29.1,21.7,0,0,0,169,0,0,0,0,3.6,626.6,73,0,0,27,66,28.6,20.1
2026-08-21T23:40:00+05:30,2026-08-21 23:40:00,27.1,29.3,21.8,0,0,0,169,0,0,0,0,3.6,626.6,73,0,0,27.1,66,28.7,20.2
2026-08-21T23:35:00+05:30,2026-08-21 23:35:00,27.1,29.3,21.8,0,0,0,169,0,0,0,0,3.6,626.6,73,0,0,27.1,66,28.7,20.2
2026-08-21T23:30:00+05:30,2026-08-21 23:30:00,27.1,29.3,21.8,0,0,0,169,0,0,0,0,3.6,626.6,73,0,0,27.1,66,28.7,20.2
2026-08-21T23:25:00+05:30,2026-08-21 23:25:00,27.1,29.3,21.8,0,0,0,169,0,0,0,0,3.6,626.6,73,0,0,27.1,66,28.7,20.2
2026-08-21T23:20:00+05:30,2026-08-21 23:20:00,27.1,29.3,21.8,0,0,0,169,0,0,0,0,3.6,626.6,73,0,0,27.2,66,28.9,20.3
2026-08-21T23:15:00+05:30,2026-08-21 23:15:00,27.2,29.5,21.9,0,0,0,169,0,0,0,0,3.6,626.6,73,0,0,27.2,66,28.9,20.3
2026-08-21T23:10:00+05:30,2026-08-21 23:10:00,27.2,29.5,21.9,0,0,0,169,0,0,0,0,3.6,626.6,73,0,0,27.2,66,28.9,20.3
2026-08-21T23:05:00+05:30,2026-08-21 23:05:00,27.2,29.5,21.9,0,0,0,169,0,0,0,0,3.6,626.6,73,0,0,27.2,66,28.9,20.3
2026-08-21T23:01:00+05:30,2026-08-21 23:01:00,27.2,29.6,22.2,0,0,0,169,0,0,0,0,3.6,626.6,74,0,0,27.2,67,28.9,20.6
2026-08-21T22:55:00+05:30,2026-08-21 22:55:00,27.2,29.5,21.9,0,0,0,169,0,0,0,0,3.6,626.6,73,0,0,27.3,67,29.1,20.6
2026-08-21T22:50:00+05:30,2026-08-21 22:50:00,27.3,29.6,22,0,0,0,169,0,0,0,0,3.6,626.6,73,0,0,27.3,67,29.1,20.6
2026-08-21T22:45:00+05:30,2026-08-21 22:45:00,27.3,29.7,22.2,0,0,0,169,0,0,0,0,3.6,626.6,74,0,0,27.3,67,29.1,20.6
2026-08-21T22:40:00+05:30,2026-08-21 22:40:00,27.3,29.7,22.2,0,0,0,169,0,0,0,0,3.6,626.6,74,0,0,27.3,67,29.1,20.6
2026-08-21T22:35:00+05:30,2026-08-21 22:35:00,27.3,29.7,22.2,0,0,0,169,0,0,0,0,3.6,626.6,74,0,0,27.4,67,29.2,20.7
2026-08-21T22:30:00+05:30,2026-08-21 22:30:00,27.3,29.7,22.2,0,0,0,169,0,0,0,0,3.6,626.6,74,0,0,27.4,67,29.2,20.7
2026-08-21T22:25:00+05:30,2026-08-21 22:25:00,27.4,29.9,22.3,0,0,0,169,0,0,0,0,3.6,626.6,74,0,0,27.4,67,29.2,20.7
2026-08-21T22:20:00+05:30,2026-08-21 22:20:00,27.4,29.9,22.3,0,0,0,169,0,0,0,0,3.6,626.6,74,0,0,27.4,67,29.2,20.7
2026-08-21T22:15:00+05:30,2026-08-21 22:15:00,27.4,29.9,22.3,0,0,0,169,0,0,0,0,3.6,626.6,74,0,0,27.4,67,29.2,20.7
2026-08-21T22:10:00+05:30,2026-08-21 22:10:00,27.4,29.9,22.3,0,0,0,169,0,0,0,0,3.6,626.6,74,0,0,27.5,67,29.4,20.8
2026-08-21T22:05:00+05:30,2026-08-21 22:05:00,27.4,29.9,22.3,0,0,0,169,0,0,0,0,3.6,626.6,74,0,0,27.5,67,29.4,20.8
2026-08-21T22:00:00+05:30,2026-08-21 22:00:00,27.5,30.2,22.4,0,0,0,169,0,0,0,0,3.6,626.6,74,0,0,27.5,67,29.4,20.8
2026-08-21T21:56:00+05:30,2026-08-21 21:56:00,27.5,30.2,22.4,0,0,0,169,0,0,0,0,3.6,626.6,74,0,0,27.5,67,29.4,20.8
2026-08-21T21:50:00+05:30,2026-08-21 21:50:00,27.5,30.2,22.4,0,0,0,169,0,0,0,0,3.6,626.6,74,0,0,27.5,67,29.4,20.8
2026-08-21T21:45:00+05:30,2026-08-21 21:45:00,27.6,30.4,22.5,0,0,0,169,0,0,0,0,3.6,626.6,74,0,0,27.6,67,29.6,20.9
2026-08-21T21:40:00+05:30,2026-08-21 21:40:00,27.6,30.4,22.5,0,0,0,169,0,0,0,0,3.6,626.6,74,0,0,27.6,67,29.6,20.9
2026-08-21T21:35:00+05:30,2026-08-21 21:35:00,27.6,30.4,22.5,0,0,0,169,0,0,0,0,3.6,626.6,74,0,0,27.6,67,29.6,20.9
2026-08-21T21:30:00+05:30,2026-08-21 21:30:00,27.6,30.4,22.5,0,0,0,169,0,0,0,0,3.6,626.6,74,0,0,27.6,67,29.6,20.9
2026-08-21T21:25:00+05:30,2026-08-21 21:25:00,27.6,30.4,22.5,0,0,0,169,0,0,0,0,3.6,626.6,74,0,0,27.7,67,29.8,21
2026-08-21T21:20:00+05:30,2026-08-21 21:20:00,27.7,30.6,22.7,0,0,0,169,0,0,0,0,3.6,626.6,74,0,0,27.7,67,29.8,21
2026-08-21T21:15:00+05:30,2026-08-21 21:15:00,27.7,30.6,22.7,0,0,0,169,0,0,0,0,3.6,626.6,74,0,0,27.7,67,29.8,21
2026-08-21T21:10:00+05:30,2026-08-21 21:10:00,27.7,30.6,22.7,0,0,0,169,0,0,0,0,3.6,626.6,74,0,0,27.8,67,29.9,21.1
2026-08-21T21:06:00+05:30,2026-08-21 21:06:00,27.7,30.6,22.7,0,0,0,169,0,0,0,0,3.6,626.6,74,0,0,27.8,67,29.9,21.1
2026-08-21T21:00:00+05:30,2026-08-21 21:00:00,27.8,30.7,22.7,0,0,0,169,0,0,0,0,3.6,626.6,74,0,0,27.8,67,29.9,21.1
2026-08-21T20:55:00+05:30,2026-08-21 20:55:00,27.8,30.7,22.7,0,0,0,169,0,0,0,0,3.6,626.6,74,0,0,27.8,67,29.9,21.1
2026-08-21T20:50:00+05:30,2026-08-21 20:50:00,27.9,31,22.8,0,0,0,169,0,0,0,0,3.6,626.6,74,0,0,27.8,67,29.9,21.1
2026-08-21T20:45:00+05:30,2026-08-21 20:45:00,27.9,31,22.8,0,0,0,169,0,0,0,0,3.6,626.6,74,0,0,27.9,67,30.1,21.2
2026-08-21T20:40:00+05:30,2026-08-21 20:40:00,27.9,31,22.8,0,0,0,169,0,0,0,0,3.6,626.6,74,0,0,27.9,67,30.1,21.2
2026-08-21T20:35:00+05:30,2026-08-21 20:35:00,28,31.2,22.9,0,0,0,169,0,0,0,0,3.6,626.6,74,0,0,27.9,67,30.1,21.2
2026-08-21T20:30:00+05:30,2026-08-21 20:30:00,28,31.2,22.9,0,0,0,169,0,0,0,0,3.6,626.6,74,0,0,27.9,67,30.1,21.2
2026-08-21T20:25:00+05:30,2026-08-21 20:25:00,28,31.2,22.9,0,0,0,169,0,0,0,0,3.6,626.6,74,0,0,27.9,67,30.1,21.2
2026-08-21T20:20:00+05:30,2026-08-21 20:20:00,28.1,31.5,23,0,0,0,169,0,0,0,0,3.6,626.6,74,0,0,28,67,30.3,21.3
2026-08-21T20:15:00+05:30,2026-08-21 20:15:00,28.1,31.5,23,0,0,0,169,0,0,0,0,3.6,626.6,74,0,0,28,66,30.2,21.1
2026-08-21T20:10:00+05:30,2026-08-21 20:10:00,28.1,31.3,22.8,0,0,0,169,0,0,0,0,3.6,626.6,73,0,0,28,66,30.2,21.1
2026-08-21T20:05:00+05:30,2026-08-21 20:05:00,28.1,31.3,22.8,0,0,0,169,0,0,0,0,3.6,626.6,73,0,0,28.1,66,30.3,21.2
2026-08-21T20:00:00+05:30,2026-08-21 20:00:00,28.2,31.5,22.9,0,0,0,169,0,0,0,0,3.6,626.6,73,0,0,28.1,66,30.3,21.2
2026-08-21T19:55:00+05:30,2026-08-21 19:55:00,28.2,31.5,22.9,0,0,0,169,0,0,0,0,3.6,626.6,73,0,0,28.1,66,30.3,21.2
2026-08-21T19:50:00+05:30,2026-08-21 19:50:00,28.2,31.5,22.9,0,0,0,169,0,0,0,0,3.6,626.6,73,0,0,28.1,66,30.3,21.2
2026-08-21T19:45:00+05:30,2026-08-21 19:45:00,28.3,31.7,23,0,0,0,169,0,0,0,0,3.6,626.6,73,0,0,28.2,66,30.6,21.3
2026-08-21T19:40:00+05:30,2026-08-21 19:40:00,28.3,31.7,23,0,0,0,169,0,0,0,0,3.6,626.6,73,0,0,28.2,66,30.6,21.3
2026-08-21T19:35:00+05:30,2026-08-21 19:35:00,28.3,31.7,23,0,0,0,169,0,0,0,0,3.6,626.6,73,0,0,28.2,66,30.6,21.3
2026-08-21T19:30:00+05:30,2026-08-21 19:30:00,28.3,31.7,23,0,0,0,169,0,0,0,0,3.6,626.6,73,0,0,28.2,66,30.6,21.3
2026-08-21T19:25:00+05:30,2026-08-21 19:25:00,28.4,31.9,23.1,0,0,0,169,0,0,0,0,3.6,626.6,73,0,0,28.2,66,30.6,21.3
2026-08-21T19:20:00+05:30,2026-08-21 19:20:00,28.4,31.9,23.1,0,0,0,169,0,0,0,0,3.6,626.6,73,0,0,28.3,66,30.7,21.3
2026-08-21T19:15:00+05:30,2026-08-21 19:15:00,28.5,32.2,23.2,0,0,0,169,0,0,0,0,3.6,626.6,73,0,0,28.3,66,30.7,21.3
2026-08-21T19:10:00+05:30,2026-08-21 19:10:00,28.5,32.2,23.2,0,0,0,169,0,0,0,0,3.6,626.6,73,0,0,28.3,66,30.7,21.3
2026-08-21T19:05:00+05:30,2026-08-21 19:05:00,28.5,32.2,23.2,0,0,0,169,0,0,0,0,3.6,626.6,73,0,0,28.3,66,30.7,21.3
2026-08-21T19:00:00+05:30,2026-08-21 19:00:00,28.6,32.4,23.3,0,0,0,169,0,0,0,0,3.6,626.6,73,0,0,28.4,66,30.8,21.4
2026-08-21T18:55:00+05:30,2026-08-21 18:55:00,28.6,32.2,23.1,0,0,0,169,0,0,0,0,3.6,626.6,72,0,0,28.4,66,30.8,21.4
2026-08-21T18:50:00+05:30,2026-08-21 18:50:00,28.6,32.2,23.1,0,0,0,169,0,0,0,0,3.6,626.6,72,0,0,28.4,66,30.8,21.4
2026-08-21T18:45:00+05:30,2026-08-21 18:45:00,28.7,32.5,23.2,0,0,0,169,0,0,0,0,3.6,626.6,72,0,0,28.4,66,30.8,21.4
2026-08-21T18:41:00+05:30,2026-08-21 18:41:00,28.7,32.5,23.2,0,0,0,169,0,0,0,0,3.6,626.6,72,0,0,28.5,65,30.9,21.3
2026-08-21T18:35:00+05:30,2026-08-21 18:35:00,28.7,32.5,23.2,0,0,0,169,0,0,0,0,3.6,626.6,72,0,0,28.5,65,30.9,21.3
2026-08-21T18:30:00+05:30,2026-08-21 18:30:00,28.8,32.4,23,0,0,0,169,0,0,0,0,3.6,626.6,71,0,0,28.5,65,30.9,21.3
2026-08-21T18:25:00+05:30,2026-08-21 18:25:00,28.8,32.4,23,0,0,0,169,0,0,0,0,3.6,626.6,71,0,0,28.5,65,30.9,21.3
2026-08-21T18:20:00+05:30,2026-08-21 18:20:00,28.8,32.4,23,0,0,0,169,0,0,0,0,3.6,626.6,71,0,0,28.5,65,30.9,21.3
2026-08-21T18:15:00+05:30,2026-08-21 18:15:00,28.9,32.7,23.1,0,0,0,169,0,0,0,0,3.6,626.6,71,0,0,28.6,65,31.1,21.4
2026-08-21T18:10:00+05:30,2026-08-21 18:10:00,28.9,32.5,22.9,0,0,0,169,0,0,0,0,3.6,626.6,70,0,0,28.6,65,31.1,21.4
2026-08-21T18:05:00+05:30,2026-08-21 18:05:00,28.9,32.5,22.9,0,0,0,169,0,0,0,0,3.6,626.6,70,0,0,28.6,65,31.1,21.4
2026-08-21T18:00:00+05:30,2026-08-21 18:00:00,28.9,32.5,22.9,0,0,0,169,0,0,0,0,3.6,626.6,70,0,0,28.6,65,31.1,21.4
2026-08-21T17:55:00+05:30,2026-08-21 17:55:00,29,32.7,23,0,0,0,169,0,0,0,0,3.6,626.6,70,0,0,28.6,64,30.9,21.1
2026-08-21T17:50:00+05:30,2026-08-21 17:50:00,29,32.7,23,0,0,0,169,0,0,0,0,3.6,626.6,70,0,0,28.6,64,30.9,21.1
2026-08-21T17:45:00+05:30,2026-08-21 17:45:00,29,32.5,22.7,0,0,0,169,0,0,0,0,3.6,626.6,69,0,0,28.7,64,31.2,21.2
2026-08-21T17:40:00+05:30,2026-08-21 17:40:00,29,32.5,22.7,0,0,0,170,0,0,0,0,3.6,626.6,69,0,0,28.7,64,31.2,21.2
2026-08-21T17:36:00+05:30,2026-08-21 17:36:00,29,32.5,22.7,0,0,0,169,0,0,0,0,3.6,626.6,69,0,0,28.7,64,31.2,21.2
2026-08-21T17:30:00+05:30,2026-08-21 17:30:00,29,32.5,22.7,0,0,0,169,0,0,0,0,3.6,626.6,69,0,0,28.8,64,31.3,21.3
2026-08-21T17:25:00+05:30,2026-08-21 17:25:00,29,32.5,22.7,0,0,0,169,0,0,0,0,3.6,626.6,69,0,0,28.8,64,31.3,21.3
2026-08-21T17:20:00+05:30,2026-08-21 17:20:00,29,32.5,22.7,0,0,0,169,0,0,0,0,3.6,626.6,69,0,0,28.8,64,31.3,21.3
2026-08-21T17:15:00+05:30,2026-08-21 17:15:00,29.1,32.8,22.8,0,0,0,170,0,0,0,0,3.6,626.6,69,0,0.1,28.9,64,31.4,21.4
2026-08-21T17:10:00+05:30,2026-08-21 17:10:00,29.1,32.8,22.8,0,0,0,170,0,0,0,0,3.6,626.6,69,0,0.2,29,64,31.7,21.5
2026-08-21T17:05:00+05:30,2026-08-21 17:05:00,29.1,33,23.1,0,0,0,169,0,0,0,0,3.6,626.6,70,0,0.2,29,64,31.7,21.5
2026-08-21T17:00:00+05:30,2026-08-21 17:00:00,29.2,33,22.9,0,0,0,169,0,0,0,0,3.6,626.6,69,0,0.2,29,64,31.7,21.5
2026-08-21T16:55:00+05:30,2026-08-21 16:55:00,29.2,33.2,23.2,0,0,0,169,0,0,0,0,3.6,626.6,70,0,0.2,29.1,65,32.1,21.8
2026-08-21T16:50:00+05:30,2026-08-21 16:50:00,29.2,33.2,23.2,0,0,0,169,0,0,0,0,3.6,626.6,70,0,0.1,29.1,65,32.1,21.8
2026-08-21T16:45:00+05:30,2026-08-21 16:45:00,29.2,33.2,23.2,0,0,0,169,0,0,0,0,3.6,626.6,70,0,0.2,29.1,65,32.1,21.8
2026-08-21T16:40:00+05:30,2026-08-21 16:40:00,29.3,33.3,23.2,0,0,0,169,0,0,0,0,3.6,626.6,70,0,0.1,29.1,65,32.1,21.8
2026-08-21T16:35:00+05:30,2026-08-21 16:35:00,29.3,33.3,23.2,0,0,0,170,0,0,0,0,3.6,626.6,70,0,0.1,29.2,64,32.1,21.7
2026-08-21T16:31:00+05:30,2026-08-21 16:31:00,29.3,33.5,23.5,0,0,0,170,0,0,0,0,3.6,626.6,71,0,0.1,29.2,64,32.1,21.7
2026-08-21T16:25:00+05:30,2026-08-21 16:25:00,29.4,33.8,23.6,0,0,0,170,0,0,0,0,3.6,626.6,71,0,0.1,29.3,65,32.4,22
2026-08-21T16:20:00+05:30,2026-08-21 16:20:00,29.4,33.8,23.6,0,0,0,169,0,0,0,0,3.6,626.6,71,0,0.2,29.3,65,32.4,22
2026-08-21T16:15:00+05:30,2026-08-21 16:15:00,29.5,34.1,23.7,0,0,0,169,0,0,0,0,3.6,626.6,71,0,0.2,29.4,65,32.6,22.1
2026-08-21T16:10:00+05:30,2026-08-21 16:10:00,29.5,34.1,23.7,0,0,0,170,0,0,0,0,3.6,626.6,71,0,0.3,29.4,65,32.6,22.1
2026-08-21T16:05:00+05:30,2026-08-21 16:05:00,29.5,34.3,23.9,0,0,0,170,0,0,0,0,3.6,626.6,72,0,0.3,29.4,66,32.8,22.3
2026-08-21T16:00:00+05:30,2026-08-21 16:00:00,29.5,34.3,23.9,0,0,0,170,0,0,0,0,3.6,626.6,72,0,0.4,29.5,66,33.1,22.4
2026-08-21T15:55:00+05:30,2026-08-21 15:55:00,29.6,34.6,24,0,0,0,170,0,0,0,0,3.6,626.6,72,0,0.3,29.5,66,33.1,22.4
2026-08-21T15:50:00+05:30,2026-08-21 15:50:00,29.6,34.8,24.2,0,0,0,169,0,0,0,0,3.6,626.6,73,0,0.3,29.5,67,33.2,22.7
2026-08-21T15:45:00+05:30,2026-08-21 15:45:00,29.6,34.8,24.2,0,0,0,169,0,0,0,0,3.6,626.6,73,0,0.4,29.5,67,33.2,22.7
2026-08-21T15:40:00+05:30,2026-08-21 15:40:00,29.5,34.7,24.4,0,0,0,170,0,0,0,0,3.6,626.6,74,0,0.6,29.4,67,33,22.6
2026-08-21T15:35:00+05:30,2026-08-21 15:35:00,29.5,34.7,24.4,0,0,0,170,0,0,0,0,3.6,626.6,74,0,0.7,29.4,67,33,22.6
2026-08-21T15:30:00+05:30,2026-08-21 15:30:00,29.4,34.5,24.3,0,0,0,169,0,0,0,0,3.6,626.6,74,0,0.8,29.3,68,32.9,22.7
2026-08-21T15:25:00+05:30,2026-08-21 15:25:00,29.4,34.7,24.5,0,0,0,170,0,0,0,0,3.6,626.6,75,0,0.8,29.3,68,32.9,22.7
2026-08-21T15:20:00+05:30,2026-08-21 15:20:00,29.3,34.4,24.4,0,0,0,170,0,0,0,0,3.6,626.6,75,0,0.8,29.2,68,32.8,22.7
2026-08-21T15:15:00+05:30,2026-08-21 15:15:00,29.2,34.3,24.3,0,0,0,170,0,0,0,0,3.6,626.6,75,0,0.7,29.2,67,32.7,22.4
2026-08-21T15:11:00+05:30,2026-08-21 15:11:00,29.2,34.3,24.3,0,0,0,169,0,0,0,0,3.6,626.6,75,0,0.6,29.1,67,32.4,22.3
2026-08-21T15:05:00+05:30,2026-08-21 15:05:00,29.2,34.3,24.3,0,0,0,170,0,0,0,0,3.6,626.6,75,0,0.5,29.1,67,32.4,22.3
2026-08-21T15:00:00+05:30,2026-08-21 15:00:00,29.2,34.3,24.3,0,0,0,170,0,0,0,0,3.6,626.6,75,0,0.5,29,68,32.4,22.5
2026-08-21T14:55:00+05:30,2026-08-21 14:55:00,29.2,34.3,24.3,0,0,0,170,0,0,0,0,3.6,626.6,75,0,0.5,29,67,32.2,22.2
2026-08-21T14:50:00+05:30,2026-08-21 14:50:00,29.2,34,24.1,0,0,0,170,0,0,0,0,3.6,626.6,74,0,0.5,29,67,32.2,22.2
2026-08-21T14:45:00+05:30,2026-08-21 14:45:00,29.2,34,24.1,0,0,0,170,0,0,0,0,3.6,626.6,74,0,0.5,29,66,32,22
2026-08-21T14:40:00+05:30,2026-08-21 14:40:00,29.2,34,24.1,0,0,0,170,0,0,0,0,3.6,626.6,74,0,0.3,29.1,65,32.1,21.8
2026-08-21T14:35:00+05:30,2026-08-21 14:35:00,29.2,33.2,23.2,0,0,0,170,0,0,0,0,3.6,626.6,70,0,0.2,29.1,64,31.9,21.6
2026-08-21T14:30:00+05:30,2026-08-21 14:30:00,29.4,33.6,23.3,0,0,0,170,0,0,0,0,3.6,626.6,70,0,0.1,29.1,64,31.9,21.6
2026-08-21T14:25:00+05:30,2026-08-21 14:25:00,29.4,33.4,23.1,0,0,0,170,0,0,0,0,3.6,626.6,69,0,0.1,29.1,64,31.9,21.6
2026-08-21T14:20:00+05:30,2026-08-21 14:20:00,29.4,33.4,23.1,0,0,0,170,0,0,0,0,3.6,626.6,69,0,0.2,29.1,64,31.9,21.6
2026-08-21T14:15:00+05:30,2026-08-21 14:15:00,29.4,33.4,23.1,0,0,0,170,0,0,0,0,3.6,626.6,69,0,0.3,29.1,64,31.9,21.6
2026-08-21T14:10:00+05:30,2026-08-21 14:10:00,29.3,33.1,23,0,0,0,170,0,0,0,0,3.6,626.6,69,0,0.5,29,64,31.7,21.5
2026-08-21T14:06:00+05:30,2026-08-21 14:06:00,29.3,33.1,23,0,0,0,170,0,0,0,0,3.6,626.6,69,0,0.5,29,64,31.7,21.5
2026-08-21T14:00:00+05:30,2026-08-21 14:00:00,29.3,33.1,23,0,0,0,170,0,0,0,0,3.6,626.6,69,0,0.4,29,64,31.7,21.5
2026-08-21T13:55:00+05:30,2026-08-21 13:55:00,29.3,33.1,23,0,0,0,170,0,0,0,0,3.6,626.6,69,0,0.3,28.9,64,31.4,21.4
2026-08-21T13:50:00+05:30,2026-08-21 13:50:00,29.3,33.1,23,0,0,0,170,0,0,0,0,3.6,626.6,69,0,0.3,29,64,31.7,21.5
2026-08-21T13:45:00+05:30,2026-08-21 13:45:00,29.3,32.9,22.7,0,0,0,170,0,0,0,0,3.6,626.6,68,0,0.3,29,64,31.7,21.5
2026-08-21T13:40:00+05:30,2026-08-21 13:40:00,29.5,33.4,23,0,0,0,170,0,0,0,0,3.6,626.6,68,0,0.3,29,64,31.7,21.5
2026-08-21T13:35:00+05:30,2026-08-21 13:35:00,29.5,33.4,23,0,0,0,170,0,0,0,0,3.6,626.6,68,0,0.2,29,63,31.5,21.2
2026-08-21T13:30:00+05:30,2026-08-21 13:30:00,29.5,33.2,22.7,0,0,0,170,0,0,0,0,3.6,626.6,67,0,0.2,29,63,31.5,21.2
2026-08-21T13:25:00+05:30,2026-08-21 13:25:00,29.5,33.4,23,0,0,0,170,0,0,0,0,3.6,626.6,68,0,0.3,29,64,31.7,21.5
2026-08-21T13:20:00+05:30,2026-08-21 13:20:00,29.3,32.9,22.7,0,0,0,170,0,0,0,0,3.6,626.6,68,0,0.5,29,64,31.7,21.5
2026-08-21T13:15:00+05:30,2026-08-21 13:15:00,29.3,33.1,23,0,0,0,170,0,0,0,0,3.6,626.6,69,0,0.8,28.9,65,31.6,21.6
2026-08-21T13:10:00+05:30,2026-08-21 13:10:00,29.2,33.2,23.2,0,0,0,170,0,0,0,0,3.6,626.6,70,0,0.8,28.9,66,31.8,21.9
2026-08-21T13:05:00+05:30,2026-08-21 13:05:00,29.1,33.2,23.3,0,0,0,170,0,0,0,0,3.6,626.6,71,0,0.5,28.8,66,31.6,21.8
2026-08-21T13:01:00+05:30,2026-08-21 13:01:00,29.1,33.2,23.3,0,0,0,170,0,0,0,0,3.6,626.6,71,0,0.5,28.8,66,31.6,21.8
2026-08-21T12:55:00+05:30,2026-08-21 12:55:00,29,32.9,23.2,0,0,0,169,0,0,0,0,3.6,626.6,71,0,0.8,28.7,66,31.4,21.7
2026-08-21T12:50:00+05:30,2026-08-21 12:50:00,28.9,32.7,23.1,0,0,0,169,0,0,0,0,3.6,626.6,71,0,0.5,28.6,66,31.3,21.6
2026-08-21T12:45:00+05:30,2026-08-21 12:45:00,28.9,32.7,23.1,0,0,0,169,0,0,0,0,3.6,626.6,71,0,0.7,28.6,66,31.3,21.6
2026-08-21T12:40:00+05:30,2026-08-21 12:40:00,28.8,32.4,23,0,0,0,169,0,0,0,0,3.6,626.6,71,0,0.4,28.5,66,31.1,21.5
2026-08-21T12:35:00+05:30,2026-08-21 12:35:00,28.8,32.4,23,0,0,0,169,0,0,0,0,3.6,626.6,71,0,0.6,28.5,66,31.1,21.5
2026-08-21T12:30:00+05:30,2026-08-21 12:30:00,28.8,32.2,22.7,0,0,0,169,0,0,0,0,3.6,626.6,70,0,0.6,28.4,66,30.8,21.4
2026-08-21T12:25:00+05:30,2026-08-21 12:25:00,28.8,32.4,23,0,0,0,169,0,0,0,0,3.6,626.6,71,0,0.5,28.4,66,30.8,21.4
2026-08-21T12:20:00+05:30,2026-08-21 12:20:00,28.8,32.4,23,0,0,0,169,0,0,0,0,3.6,626.6,71,0,0.5,28.4,66,30.8,21.4
2026-08-21T12:15:00+05:30,2026-08-21 12:15:00,28.7,32.1,22.7,0,0,0,169,0,0,0,0,3.6,626.6,70,0,0.4,28.3,66,30.7,21.3
2026-08-21T12:10:00+05:30,2026-08-21 12:10:00,28.7,32.3,22.9,0,0,0,169,0,0,0,0,3.6,626.6,71,0,0.4,28.3,65,30.5,21.1
2026-08-21T12:05:00+05:30,2026-08-21 12:05:00,28.7,32.1,22.7,0,0,0,169,0,0,0,0,3.6,626.6,70,0,0.3,28.3,66,30.7,21.3
2026-08-21T12:00:00+05:30,2026-08-21 12:00:00,28.7,32.1,22.7,0,0,0,169,0,0,0,0,3.6,626.6,70,0,0.4,28.2,66,30.6,21.3
2026-08-21T11:55:00+05:30,2026-08-21 11:55:00,28.6,32.1,22.8,0,0,0,169,0,0,0,0,3.6,626.6,71,0,0.8,28.2,67,30.7,21.5
2026-08-21T11:50:00+05:30,2026-08-21 11:50:00,28.6,32.1,22.8,0,0,0,169,0,0,0,0,3.6,626.6,71,0,0.8,28.1,67,30.5,21.4
2026-08-21T11:45:00+05:30,2026-08-21 11:45:00,28.5,31.8,22.7,0,0,0,169,0,0,0,0,3.6,626.6,71,0,0.6,28.1,67,30.5,21.4
2026-08-21T11:40:00+05:30,2026-08-21 11:40:00,28.4,31.6,22.6,0,0,0,169,0,0,0,0,3.6,626.6,71,0,0.7,28,66,30.2,21.1
2026-08-21T11:35:00+05:30,2026-08-21 11:35:00,28.3,31.5,22.7,0,0,0,169,0,0,0,0,3.6,626.6,72,0,0.8,28,67,30.3,21.3
2026-08-21T11:30:00+05:30,2026-08-21 11:30:00,28.3,31.4,22.5,0,0,0,169,0,0,0,0,3.6,626.6,71,0,0.3,27.9,68,30.2,21.4
2026-08-21T11:25:00+05:30,2026-08-21 11:25:00,28.2,31.4,22.7,0,0,0,169,0,0,0,0,3.6,626.6,72,0,0.3,27.9,68,30.2,21.4
2026-08-21T11:20:00+05:30,2026-08-21 11:20:00,28.1,31.3,22.8,0,0,0,169,0,0,0,0,3.6,626.6,73,0,0.7,27.8,68,30,21.3
2026-08-21T11:15:00+05:30,2026-08-21 11:15:00,28,31.1,22.7,0,0,0,169,0,0,0,0,3.6,626.6,73,0,0.7,27.8,69,30.1,21.6
2026-08-21T11:10:00+05:30,2026-08-21 11:10:00,28,31.2,22.9,0,0,0,169,0,0,0,0,3.6,626.6,74,0,0.6,27.7,69,30,21.5
2026-08-21T11:05:00+05:30,2026-08-21 11:05:00,27.9,31.1,23,0,0,0,169,0,0,0,0,3.6,626.6,75,0,0.7,27.6,69,29.8,21.4
2026-08-21T11:00:00+05:30,2026-08-21 11:00:00,27.8,30.9,22.9,0,0,0,169,0,0,0,0,3.6,626.6,75,0,0.8,27.5,69,29.6,21.3
2026-08-21T10:55:00+05:30,2026-08-21 10:55:00,27.8,31,23.1,0,0,0,169,0,0,0,0,3.6,626.6,76,0,0.5,27.5,69,29.6,21.3
2026-08-21T10:50:00+05:30,2026-08-21 10:50:00,27.7,30.8,22.9,0,0,0,169,0,0,0,0,3.6,626.6,75,0,0.4,27.5,69,29.6,21.3
2026-08-21T10:45:00+05:30,2026-08-21 10:45:00,27.7,30.8,22.9,0,0,0,169,0,0,0,0,3.6,626.6,75,0,0.2,27.5,69,29.6,21.3
2026-08-21T10:40:00+05:30,2026-08-21 10:40:00,27.8,30.7,22.7,0,0,0,169,0,0,0,0,3.6,626.6,74,0,0.2,27.5,68,29.5,21.1
2026-08-21T10:36:00+05:30,2026-08-21 10:36:00,27.8,30.7,22.7,0,0,0,169,0,0,0,0,3.6,626.6,74,0,0.2,27.5,68,29.5,21.1
2026-08-21T10:30:00+05:30,2026-08-21 10:30:00,27.8,30.7,22.7,0,0,0,169,0,0,0,0,3.6,626.6,74,0,0.2,27.5,69,29.6,21.3
2026-08-21T10:25:00+05:30,2026-08-21 10:25:00,27.8,30.7,22.7,0,0,0,169,0,0,0,0,3.6,626.6,74,0,0.2,27.4,69,29.4,21.2
2026-08-21T10:20:00+05:30,2026-08-21 10:20:00,27.8,30.9,22.9,0,0,0,169,0,0,0,0,3.6,626.6,75,0,0.4,27.4,70,29.6,21.4
2026-08-21T10:15:00+05:30,2026-08-21 10:15:00,27.7,30.8,22.9,0,0,0,169,0,0,0,0,3.6,626.6,75,0,0.8,27.4,70,29.6,21.4
2026-08-21T10:10:00+05:30,2026-08-21 10:10:00,27.7,30.9,23.1,0,0,0,169,0,0,0,0,3.6,626.6,76,0,0.4,27.3,70,29.3,21.3
2026-08-21T10:05:00+05:30,2026-08-21 10:05:00,27.6,30.8,23.2,0,0,0,169,0,0,0,0,3.6,626.6,77,0,0.8,27.2,70,29.2,21.3
2026-08-21T10:00:00+05:30,2026-08-21 10:00:00,27.5,30.5,23.1,0,0,0,169,0,0,0,0,3.6,626.6,77,0,0.8,27.2,70,29.2,21.3
2026-08-21T09:55:00+05:30,2026-08-21 09:55:00,27.4,30.3,23,0,0,0,169,0,0,0,0,3.6,626.6,77,0,0.8,27.1,70,29.1,21.2
2026-08-21T09:50:00+05:30,2026-08-21 09:50:00,27.3,30,22.9,0,0,0,169,0,0,0,0,3.6,626.6,77,0,0.8,27,70,28.8,21.1
2026-08-21T09:45:00+05:30,2026-08-21 09:45:00,27.2,29.9,22.8,0,0,0,169,0,0,0,0,3.6,626.6,77,0,0.8,27,70,28.8,21.1
2026-08-21T09:40:00+05:30,2026-08-21 09:40:00,27.2,29.9,22.8,0,0,0,169,0,0,0,0,3.6,626.6,77,0,0.8,26.9,70,28.7,20.9
2026-08-21T09:35:00+05:30,2026-08-21 09:35:00,27.1,29.7,22.7,0,0,0,169,0,0,0,0,3.6,626.6,77,0,0.4,26.9,70,28.7,20.9
2026-08-21T09:31:00+05:30,2026-08-21 09:31:00,27,29.5,22.6,0,0,0,169,0,0,0,0,3.6,626.6,77,0,0.4,26.9,70,28.7,20.9
2026-08-21T09:25:00+05:30,2026-08-21 09:25:00,27,29.5,22.6,0,0,0,169,0,0,0,0,3.6,626.6,77,0,0.3,26.9,70,28.7,20.9
2026-08-21T09:20:00+05:30,2026-08-21 09:20:00,27,29.5,22.6,0,0,0,169,0,0,0,0,3.6,626.6,77,0,0.2,26.9,70,28.7,20.9
2026-08-21T09:15:00+05:30,2026-08-21 09:15:00,27,29.6,22.8,0,0,0,169,0,0,0,0,3.6,626.6,78,0,0.2,26.8,71,28.6,21.1
2026-08-21T09:10:00+05:30,2026-08-21 09:10:00,27,29.6,22.8,0,0,0,169,0,0,0,0,3.6,626.6,78,0,0.3,26.8,71,28.6,21.1
2026-08-21T09:05:00+05:30,2026-08-21 09:05:00,26.9,29.3,22.7,0,0,0,169,0,0,0,0,3.6,626.6,78,0,0.3,26.8,71,28.6,21.1
2026-08-21T09:00:00+05:30,2026-08-21 09:00:00,26.8,29.1,22.6,0,0,0,169,0,0,0,0,3.6,626.6,78,0,0.3,26.7,71,28.4,21
2026-08-21T08:55:00+05:30,2026-08-21 08:55:00,26.8,29.1,22.6,0,0,0,169,0,0,0,0,3.6,626.6,78,0,0.4,26.7,70,28.4,20.8
2026-08-21T08:50:00+05:30,2026-08-21 08:50:00,26.7,29,22.6,0,0,0,169,0,0,0,0,3.6,626.6,78,0,0.1,26.7,70,28.4,20.8
2026-08-21T08:45:00+05:30,2026-08-21 08:45:00,26.7,29,22.6,0,0,0,169,0,0,0,0,3.6,626.6,78,0,0.1,26.6,70,27.2,20.7
2026-08-21T08:40:00+05:30,2026-08-21 08:40:00,26.7,29,22.6,0,0,0,169,0,0,0,0,3.6,626.6,78,0,0.1,26.6,70,27.2,20.7
2026-08-21T08:35:00+05:30,2026-08-21 08:35:00,26.6,27.4,22.4,0,0,0,169,0,0,0,0,3.6,626.6,78,0,0.1,26.6,71,27.2,20.9
2026-08-21T08:30:00+05:30,2026-08-21 08:30:00,26.6,27.4,22.4,0,0,0,169,0,0,0,0,3.6,626.6,78,0,0.1,26.6,71,27.2,20.9
2026-08-21T08:26:00+05:30,2026-08-21 08:26:00,26.6,27.4,22.4,0,0,0,169,0,0,0,0,3.6,626.6,78,0,0.1,26.5,71,27.1,20.8
2026-08-21T08:20:00+05:30,2026-08-21 08:20:00,26.5,27.2,22.3,0,0,0,169,0,0,0,0,3.6,626.6,78,0,0.1,26.5,71,27.1,20.8
2026-08-21T08:15:00+05:30,2026-08-21 08:15:00,26.5,27.2,22.3,0,0,0,169,0,0,0,0,3.6,626.6,78,0,0.1,26.5,70,27.1,20.6
2026-08-21T08:10:00+05:30,2026-08-21 08:10:00,26.5,27.2,22.3,0,0,0,169,0,0,0,0,3.6,626.6,78,0,0.1,26.4,70,26.9,20.4
2026-08-21T08:05:00+05:30,2026-08-21 08:05:00,26.5,27.2,22.3,0,0,0,169,0,0,0,0,3.6,626.6,78,0,0.1,26.4,70,26.9,20.4
2026-08-21T08:00:00+05:30,2026-08-21 08:00:00,26.5,27.2,22.3,0,0,0,169,0,0,0,0,3.6,626.6,78,0,0.1,26.4,70,26.9,20.4
2026-08-21T07:55:00+05:30,2026-08-21 07:55:00,26.4,27.1,22.2,0,0,0,169,0,0,0,0,3.6,626.6,78,0,0.1,26.4,70,26.9,20.4
2026-08-21T07:50:00+05:30,2026-08-21 07:50:00,26.4,27.1,22.2,0,0,0,169,0,0,0,0,3.6,626.6,78,0,0,26.4,70,26.9,20.4
2026-08-21T07:45:00+05:30,2026-08-21 07:45:00,26.4,27.1,22.2,0,0,0,169,0,0,0,0,3.6,626.6,78,0,0,26.4,70,26.9,20.4
2026-08-21T07:40:00+05:30,2026-08-21 07:40:00,26.4,27.1,22.2,0,0,0,168,0,0,0,0,3.6,626.6,78,0,0,26.4,70,26.9,20.4
2026-08-21T07:35:00+05:30,2026-08-21 07:35:00,26.4,27.1,22.2,0,0,0,168,0,0,0,0,3.6,626.6,78,0,0,26.3,70,26.8,20.3
2026-08-21T07:30:00+05:30,2026-08-21 07:30:00,26.4,27.1,22.2,0,0,0,168,0,0,0,0,3.6,626.6,78,0,0,26.4,70,26.9,20.4
2026-08-21T07:25:00+05:30,2026-08-21 07:25:00,26.3,27,22.1,0,0,0,168,0,0,0,0,3.6,626.6,78,0,0,26.4,70,26.9,20.4
2026-08-21T07:20:00+05:30,2026-08-21 07:20:00,26.3,27,22.1,0,0,0,168,0,0,0,0,3.6,626.6,78,0,0.1,26.3,70,26.8,20.3
2026-08-21T07:15:00+05:30,2026-08-21 07:15:00,26.3,27,22.1,0,0,0,169,0,0,0,0,3.6,626.6,78,0,0.1,26.3,70,26.8,20.3
2026-08-21T07:10:00+05:30,2026-08-21 07:10:00,26.3,27,22.1,0,0,0,169,0,0,0,0,3.6,626.6,78,0,0,26.3,70,26.8,20.3
2026-08-21T07:06:00+05:30,2026-08-21 07:06:00,26.2,26.9,22.1,0,0,0,169,0,0,0,0,3.6,626.6,78,0,0.1,26.3,70,26.8,20.3
2026-08-21T07:00:00+05:30,2026-08-21 07:00:00,26.2,26.9,22.1,0,0,0,169,0,0,0,0,3.6,626.6,78,0,0.1,26.2,70,26.7,20.3
2026-08-21T06:55:00+05:30,2026-08-21 06:55:00,26.2,26.9,22.1,0,0,0,169,0,0,0,0,3.6,626.6,78,0,0.1,26.2,70,26.7,20.3
2026-08-21T06:50:00+05:30,2026-08-21 06:50:00,26.2,26.9,22.1,0,0,0,169,0,0,0,0,3.6,626.6,78,0,0,26.3,70,26.8,20.3
2026-08-21T06:45:00+05:30,2026-08-21 06:45:00,26.2,26.9,22.1,0,0,0,169,0,0,0,0,3.6,626.6,78,0,0,26.3,70,26.8,20.3
2026-08-21T06:40:00+05:30,2026-08-21 06:40:00,26.2,26.9,22.1,0,0,0,169,0,0,0,0,3.6,626.6,78,0,0,26.3,70,26.8,20.3
2026-08-21T06:35:00+05:30,2026-08-21 06:35:00,26.2,26.9,22.1,0,0,0,169,0,0,0,0,3.6,626.6,78,0,0,26.3,70,26.8,20.3
2026-08-21T06:30:00+05:30,2026-08-21 06:30:00,26.2,26.9,22.1,0,0,0,169,0,0,0,0,3.6,626.6,78,0,0,26.3,70,26.8,20.3
2026-08-21T06:25:00+05:30,2026-08-21 06:25:00,26.2,26.9,22.1,0,0,0,169,0,0,0,0,3.6,626.6,78,0,0,26.3,70,26.8,20.3
2026-08-21T06:20:00+05:30,2026-08-21 06:20:00,26.3,27,22.1,0,0,0,169,0,0,0,0,3.6,626.6,78,0,0,26.3,70,26.8,20.3
2026-08-21T06:15:00+05:30,2026-08-21 06:15:00,26.3,27,22.1,0,0,0,169,0,0,0,0,3.6,626.6,78,0,0,26.3,70,26.8,20.3
2026-08-21T06:10:00+05:30,2026-08-21 06:10:00,26.3,27,22.1,0,0,0,169,0,0,0,0,3.6,626.6,78,0,0,26.3,70,26.8,20.3
2026-08-21T06:05:00+05:30,2026-08-21 06:05:00,26.4,27.1,22.2,0,0,0,169,0,0,0,0,3.6,626.6,78,0,0,26.4,70,26.9,20.4
2026-08-21T06:01:00+05:30,2026-08-21 06:01:00,26.4,27.1,22.2,0,0,0,169,0,0,0,0,3.6,626.6,78,0,0,26.4,70,26.9,20.4
2026-08-21T05:55:00+05:30,2026-08-21 05:55:00,26.4,27.1,22.2,0,0,0,169,0,0,0,0,3.6,626.6,78,0,0,26.4,70,26.9,20.4
2026-08-21T05:50:00+05:30,2026-08-21 05:50:00,26.4,27.1,22.2,0,0,0,169,0,0,0,0,3.6,626.6,78,0,0,26.4,70,26.9,20.4
2026-08-21T05:45:00+05:30,2026-08-21 05:45:00,26.5,27.2,22.3,0,0,0,169,0,0,0,0,3.6,626.6,78,0,0,26.4,70,26.9,20.4
2026-08-21T05:40:00+05:30,2026-08-21 05:40:00,26.5,27.2,22.3,0,0,0,169,0,0,0,0,3.6,626.6,78,0,0,26.4,70,26.9,20.4
2026-08-21T05:35:00+05:30,2026-08-21 05:35:00,26.5,27.2,22.3,0,0,0,169,0,0,0,0,3.6,626.6,78,0,0,26.4,70,26.9,20.4
2026-08-21T05:30:00+05:30,2026-08-21 05:30:00,26.5,27.2,22.3,0,0,0,169,0,0,0,0,3.6,626.6,78,0,0,26.4,70,26.9,20.4
2026-08-21T05:25:00+05:30,2026-08-21 05:25:00,26.5,27.2,22.3,0,0,0,169,0,0,0,0,3.6,626.6,78,0,0,26.5,70,27.1,20.6
2026-08-21T05:20:00+05:30,2026-08-21 05:20:00,26.5,27.2,22.3,0,0,0,169,0,0,0,0,3.6,626.6,78,0,0,26.4,70,26.9,20.4
2026-08-21T05:15:00+05:30,2026-08-21 05:15:00,26.5,27.2,22.3,0,0,0,169,0,0,0,0,3.6,626.6,78,0,0,26.5,70,27.1,20.6
2026-08-21T05:10:00+05:30,2026-08-21 05:10:00,26.5,27.2,22.3,0,0,0,169,0,0,0,0,3.6,626.6,78,0,0,26.4,70,26.9,20.4
2026-08-21T05:05:00+05:30,2026-08-21 05:05:00,26.5,27.2,22.3,0,0,0,169,0,0,0,0,3.6,626.6,78,0,0,26.5,70,27.1,20.6
2026-08-21T05:00:00+05:30,2026-08-21 05:00:00,26.5,27.2,22.3,0,0,0,169,0,0,0,0,3.6,626.6,78,0,0,26.5,70,27.1,20.6
2026-08-21T04:56:00+05:30,2026-08-21 04:56:00,26.5,27.2,22.3,0,0,0,169,0,0,0,0,3.6,626.6,78,0,0,26.5,70,27.1,20.6
2026-08-21T04:50:00+05:30,2026-08-21 04:50:00,26.5,27.2,22.3,0,0,0,169,0,0,0,0,3.6,626.6,78,0,0,26.5,70,27.1,20.6
2026-08-21T04:45:00+05:30,2026-08-21 04:45:00,26.5,27.2,22.3,0,0,0,169,0,0,0,0,3.6,626.6,78,0,0,26.5,70,27.1,20.6
2026-08-21T04:40:00+05:30,2026-08-21 04:40:00,26.5,27.2,22.3,0,0,0,168,0,0,0,0,3.6,626.6,78,0,0,26.5,70,27.1,20.6
2026-08-21T04:35:00+05:30,2026-08-21 04:35:00,26.5,27.2,22.3,0,0,0,169,0,0,0,0,3.6,626.6,78,0,0,26.6,70,27.2,20.7
2026-08-21T04:30:00+05:30,2026-08-21 04:30:00,26.6,27.4,22.4,0,0,0,168,0,0,0,0,3.6,626.6,78,0,0,26.6,70,27.2,20.7
2026-08-21T04:25:00+05:30,2026-08-21 04:25:00,26.6,27.4,22.4,0,0,0,168,0,0,0,0,3.6,626.6,78,0,0,26.6,70,27.2,20.7
2026-08-21T04:20:00+05:30,2026-08-21 04:20:00,26.6,27.4,22.4,0,0,0,169,0,0,0,0,3.6,626.6,78,0,0,26.6,70,27.2,20.7
2026-08-21T04:15:00+05:30,2026-08-21 04:15:00,26.6,27.4,22.4,0,0,0,168,0,0,0,0,3.6,626.6,78,0,0,26.6,70,27.2,20.7
2026-08-21T04:10:00+05:30,2026-08-21 04:10:00,26.6,27.4,22.4,0,0,0,168,0,0,0,0,3.6,626.6,78,0,0,26.6,70,27.2,20.7
2026-08-21T04:05:00+05:30,2026-08-21 04:05:00,26.6,27.4,22.4,0,0,0,169,0,0,0,0,3.6,626.6,78,0,0,26.6,70,27.2,20.7
2026-08-21T04:00:00+05:30,2026-08-21 04:00:00,26.6,27.4,22.4,0,0,0,168,0,0,0,0,3.6,626.6,78,0,0,26.7,70,28.4,20.8
2026-08-21T03:55:00+05:30,2026-08-21 03:55:00,26.7,29,22.6,0,0,0,168,0,0,0,0,3.6,626.6,78,0,0,26.7,70,28.4,20.8
2026-08-21T03:50:00+05:30,2026-08-21 03:50:00,26.7,29,22.6,0,0,0,168,0,0,0,0,3.6,626.6,78,0,0,26.7,70,28.4,20.8
2026-08-21T03:45:00+05:30,2026-08-21 03:45:00,26.7,29,22.6,0,0,0,168,0,0,0,0,3.6,626.6,78,0,0,26.7,70,28.4,20.8
2026-08-21T03:40:00+05:30,2026-08-21 03:40:00,26.7,29,22.6,0,0,0,168,0,0,0,0,3.6,626.6,78,0,0,26.8,70,28.5,20.8
2026-08-21T03:35:00+05:30,2026-08-21 03:35:00,26.7,29,22.6,0,0,0,168,0,0,0,0,3.6,626.6,78,0,0,26.8,70,28.5,20.8
2026-08-21T03:30:00+05:30,2026-08-21 03:30:00,26.7,29,22.6,0,0,0,168,0,0,0,0,3.6,626.6,78,0,0,26.8,70,28.5,20.8
2026-08-21T03:25:00+05:30,2026-08-21 03:25:00,26.7,29,22.6,0,0,0,169,0,0,0,0,3.6,626.6,78,0,0,26.8,70,28.5,20.8
2026-08-21T03:20:00+05:30,2026-08-21 03:20:00,26.7,29,22.6,0,0,0,168,0,0,0,0,3.6,626.6,78,0,0,26.8,70,28.5,20.8
2026-08-21T03:15:00+05:30,2026-08-21 03:15:00,26.8,29,22.4,0,0,0,168,0,0,0,0,3.6,626.6,77,0,0,26.8,70,28.5,20.8
2026-08-21T03:10:00+05:30,2026-08-21 03:10:00,26.8,29,22.4,0,0,0,168,0,0,0,0,3.6,626.6,77,0,0,26.8,70,28.5,20.8
2026-08-21T03:05:00+05:30,2026-08-21 03:05:00,26.8,29,22.4,0,0,0,168,0,0,0,0,3.6,626.6,77,0,0,26.9,70,28.7,20.9
2026-08-21T03:00:00+05:30,2026-08-21 03:00:00,26.8,29,22.4,0,0,0,168,0,0,0,0,3.6,626.6,77,0,0,26.9,70,28.7,20.9
2026-08-21T02:55:00+05:30,2026-08-21 02:55:00,26.9,29.2,22.5,0,0,0,168,0,0,0,0,3.6,626.6,77,0,0,26.9,70,28.7,20.9
2026-08-21T02:50:00+05:30,2026-08-21 02:50:00,26.9,29.2,22.5,0,0,0,168,0,0,0,0,3.6,626.6,77,0,0,26.9,70,28.7,20.9
2026-08-21T02:45:00+05:30,2026-08-21 02:45:00,26.9,29.2,22.5,0,0,0,168,0,0,0,0,3.6,626.6,77,0,0,26.9,70,28.7,20.9
2026-08-21T02:40:00+05:30,2026-08-21 02:40:00,26.9,29.3,22.7,0,0,0,168,0,0,0,0,3.6,626.6,78,0,0,26.9,70,28.7,20.9
2026-08-21T02:35:00+05:30,2026-08-21 02:35:00,26.9,29.3,22.7,0,0,0,169,0,0,0,0,3.6,626.6,78,0,0,26.9,70,28.7,20.9
2026-08-21T02:31:00+05:30,2026-08-21 02:31:00,27,29.6,22.8,0,0,0,168,0,0,0,0,3.6,626.6,78,0,0,26.9,70,28.7,20.9
2026-08-21T02:25:00+05:30,2026-08-21 02:25:00,27,29.6,22.8,0,0,0,168,0,0,0,0,3.6,626.6,78,0,0,26.9,70,28.7,20.9
2026-08-21T02:20:00+05:30,2026-08-21 02:20:00,27,29.6,22.8,0,0,0,168,0,0,0,0,3.6,626.6,78,0,0,26.9,70,28.7,20.9
2026-08-21T02:15:00+05:30,2026-08-21 02:15:00,27,29.6,22.8,0,0,0,168,0,0,0,0,3.6,626.6,78,0,0,27,70,28.8,21.1
2026-08-21T02:10:00+05:30,2026-08-21 02:10:00,27,29.6,22.8,0,0,0,168,0,0,0,0,3.6,626.6,78,0,0,27,70,28.8,21.1
2026-08-21T02:05:00+05:30,2026-08-21 02:05:00,27,29.6,22.8,0,0,0,169,0,0,0,0,3.6,626.6,78,0,0,27,70,28.8,21.1
2026-08-21T02:00:00+05:30,2026-08-21 02:00:00,27,29.6,22.8,0,0,0,169,0,0,0,0,3.6,626.6,78,0,0,27,70,28.8,21.1
2026-08-21T01:55:00+05:30,2026-08-21 01:55:00,27,29.6,22.8,0,0,0,168,0,0,0,0,3.6,626.6,78,0,0,27,70,28.8,21.1
2026-08-21T01:50:00+05:30,2026-08-21 01:50:00,27,29.6,22.8,0,0,0,169,0,0,0,0,3.6,626.6,78,0,0,27,70,28.8,21.1
2026-08-21T01:45:00+05:30,2026-08-21 01:45:00,27.1,29.8,22.9,0,0,0,169,0,0,0,0,3.6,626.6,78,0,0,27,70,28.8,21.1
2026-08-21T01:40:00+05:30,2026-08-21 01:40:00,27.1,29.8,22.9,0,0,0,168,0,0,0,0,3.6,626.6,78,0,0,27,70,28.8,21.1
2026-08-21T01:35:00+05:30,2026-08-21 01:35:00,27.1,29.8,22.9,0,0,0,168,0,0,0,0,3.6,626.6,78,0,0,27.1,70,29.1,21.2
2026-08-21T01:30:00+05:30,2026-08-21 01:30:00,27.1,29.8,22.9,0,0,0,168,0,0,0,0,3.6,626.6,78,0,0,27.1,70,29.1,21.2
2026-08-21T01:26:00+05:30,2026-08-21 01:26:00,27.2,29.9,22.8,0,0,0,169,0,0,0,0,3.6,626.6,77,0,0,27.1,70,29.1,21.2
2026-08-21T01:20:00+05:30,2026-08-21 01:20:00,27.2,29.9,22.8,0,0,0,168,0,0,0,0,3.6,626.6,77,0,0,27.1,70,29.1,21.2
2026-08-21T01:15:00+05:30,2026-08-21 01:15:00,27.2,29.9,22.8,0,0,0,168,0,0,0,0,3.6,626.6,77,0,0,27.2,70,29.2,21.3
2026-08-21T01:10:00+05:30,2026-08-21 01:10:00,27.2,29.9,22.8,0,0,0,168,0,0,0,0,3.6,626.6,77,0,0,27.1,70,29.1,21.2
2026-08-21T01:05:00+05:30,2026-08-21 01:05:00,27.2,29.9,22.8,0,0,0,168,0,0,0,0,3.6,626.6,77,0,0,27.2,70,29.2,21.3
2026-08-21T01:00:00+05:30,2026-08-21 01:00:00,27.2,29.9,22.8,0,0,0,169,0,0,0,0,3.6,626.6,77,0,0,27.2,70,29.2,21.3
2026-08-21T00:55:00+05:30,2026-08-21 00:55:00,27.3,30,22.9,0,0,0,168,0,0,0,0,3.6,626.6,77,0,0,27.2,70,29.2,21.3
2026-08-21T00:50:00+05:30,2026-08-21 00:50:00,27.3,30,22.9,0,0,0,169,0,0,0,0,3.6,626.6,77,0,0,27.2,70,29.2,21.3
2026-08-21T00:45:00+05:30,2026-08-21 00:45:00,27.3,30,22.9,0,0,0,169,0,0,0,0,3.6,626.6,77,0,0,27.2,69,29.2,21
2026-08-21T00:40:00+05:30,2026-08-21 00:40:00,27.3,30,22.9,0,0,0,168,0,0,0,0,3.6,626.6,77,0,0,27.2,69,29.2,21
2026-08-21T00:35:00+05:30,2026-08-21 00:35:00,27.3,30,22.9,0,0,0,169,0,0,0,0,3.6,626.6,77,0,0,27.3,69,29.2,21.1
2026-08-21T00:30:00+05:30,2026-08-21 00:30:00,27.3,30,22.9,0,0,0,168,0,0,0,0,3.6,626.6,77,0,0,27.3,69,29.2,21.1
2026-08-21T00:25:00+05:30,2026-08-21 00:25:00,27.3,30,22.9,0,0,0,168,0,0,0,0,3.6,626.6,77,0,0,27.3,69,29.2,21.1
2026-08-21T00:21:00+05:30,2026-08-21 00:21:00,27.4,30.3,23,0,0,0,168,0,0,0,0,3.6,626.6,77,0,0,27.3,69,29.2,21.1
2026-08-21T00:15:00+05:30,2026-08-21 00:15:00,27.4,30.3,23,0,0,0,168,0,0,0,0,3.6,626.6,77,0,0,27.4,69,29.4,21.2
2026-08-21T00:10:00+05:30,2026-08-21 00:10:00,27.4,30.2,22.8,0,0,0,168,0,0,0,0,3.6,626.6,76,0,0,27.4,69,29.4,21.2
2026-08-21T00:05:00+05:30,2026-08-21 00:05:00,27.4,30.2,22.8,0,0,0,168,0,0,0,0,3.6,626.6,76,0,0,27.4,69,29.4,21.2
2026-08-21T00:00:00+05:30,2026-08-21 00:00:00,27.4,30.2,22.8,0,0,0,168,0,0,0,0,3.6,626.6,76,0,0,27.4,69,29.4,21.2
2026-08-20T23:55:00+05:30,2026-08-20 23:55:00,27.4,30.2,22.8,0,0,18.3,168,0,0,0,0,3.6,626.6,76,0,0,27.4,69,29.4,21.2
2026-08-20T23:50:00+05:30,2026-08-20 23:50:00,27.5,30.4,22.9,0,0,18.3,168,0,0,0,0,3.6,626.6,76,0,0,27.5,69,29.6,21.3
2026-08-20T23:45:00+05:30,2026-08-20 23:45:00,27.5,30.4,22.9,0,0,18.3,168,0,0,0,0,3.6,626.6,76,0,0,27.5,69,29.6,21.3
2026-08-20T23:40:00+05:30,2026-08-20 23:40:00,27.5,30.4,22.9,0,0,18.3,168,0,0,0,0,3.6,626.6,76,0,0,27.5,69,29.6,21.3
2026-08-20T23:35:00+05:30,2026-08-20 23:35:00,27.6,30.6,23,0,0,18.3,168,0,0,0,0,3.6,626.6,76,0,0,27.5,69,29.6,21.3
2026-08-20T23:30:00+05:30,2026-08-20 23:30:00,27.6,30.6,23,0,0,18.3,168,0,0,0,0,3.6,626.6,76,0,0,27.5,69,29.6,21.3
2026-08-20T23:25:00+05:30,2026-08-20 23:25:00,27.6,30.6,23,0,0,18.3,168,0,0,0,0,3.6,626.6,76,0,0,27.6,69,29.8,21.4
2026-08-20T23:20:00+05:30,2026-08-20 23:20:00,27.6,30.6,23,0,0,18.3,168,0,0,0,0,3.6,626.6,76,0,0,27.6,69,29.8,21.4
2026-08-20T23:15:00+05:30,2026-08-20 23:15:00,27.7,30.9,23.1,0,0,18.3,169,0,0,0,0,3.6,626.6,76,0,0,27.6,69,29.8,21.4
2026-08-20T23:10:00+05:30,2026-08-20 23:10:00,27.7,30.9,23.1,0,0,18.3,169,0,0,0,0,3.6,626.6,76,0,0,27.6,69,29.8,21.4
2026-08-20T23:05:00+05:30,2026-08-20 23:05:00,27.7,30.9,23.1,0,0,18.3,169,0,0,0,0,3.6,626.6,76,0,0,27.7,69,30,21.5
2026-08-20T23:01:00+05:30,2026-08-20 23:01:00,27.7,30.9,23.1,0,0,18.3,169,0,0,0,0,3.6,626.6,76,0,0,27.7,69,30,21.5
2026-08-20T22:55:00+05:30,2026-08-20 22:55:00,27.7,30.9,23.1,0,0,18.3,169,0,0,0,0,3.6,626.6,76,0,0,27.7,69,30,21.5
2026-08-20T22:50:00+05:30,2026-08-20 22:50:00,27.7,30.9,23.1,0,0,18.3,169,0,0,0,0,3.6,626.6,76,0,0,27.7,69,30,21.5
2026-08-20T22:45:00+05:30,2026-08-20 22:45:00,27.7,30.9,23.1,0,0,18.3,169,0,0,0,0,3.6,626.6,76,0,0,27.7,69,30,21.5
2026-08-20T22:40:00+05:30,2026-08-20 22:40:00,27.8,31.1,23.4,0,0,18.3,169,0,0,0,0,3.6,626.6,77,0,0,27.8,69,30.1,21.6
2026-08-20T22:35:00+05:30,2026-08-20 22:35:00,27.8,31.1,23.4,0,0,18.3,169,0,0,0,0,3.6,626.6,77,0,0,27.8,69,30.1,21.6
2026-08-20T22:30:00+05:30,2026-08-20 22:30:00,27.8,31,23.1,0,0,18.3,169,0,0,0,0,3.6,626.6,76,0,0,27.8,69,30.1,21.6
2026-08-20T22:25:00+05:30,2026-08-20 22:25:00,27.9,31.3,23.3,0,0,18.3,169,0,0,0,0,3.6,626.6,76,0,0,27.8,69,30.1,21.6
2026-08-20T22:20:00+05:30,2026-08-20 22:20:00,27.9,31.3,23.3,0,0,18.3,169,0,0,0,0,3.6,626.6,76,0,0,27.8,69,30.1,21.6
2026-08-20T22:15:00+05:30,2026-08-20 22:15:00,28,31.6,23.6,0,0,18.3,169,0,0,0,0,3.6,626.6,77,0,0,27.8,69,30.1,21.6
2026-08-20T22:10:00+05:30,2026-08-20 22:10:00,28,31.5,23.4,0,0,18.3,169,0,0,0,0,3.6,626.6,76,0,0,27.9,69,30.3,21.7
2026-08-20T22:05:00+05:30,2026-08-20 22:05:00,28,31.5,23.4,0,0,18.3,169,0,0,0,0,3.6,626.6,76,0,0,27.9,69,30.3,21.7
2026-08-20T22:00:00+05:30,2026-08-20 22:00:00,28,31.5,23.4,0,0,18.3,169,0,0,0,0,3.6,626.6,76,0,0,27.9,69,30.3,21.7
2026-08-20T21:56:00+05:30,2026-08-20 21:56:00,28,31.5,23.4,0,0,18.3,169,0,0,0,0,3.6,626.6,76,0,0,28,69,30.6,21.8
2026-08-20T21:50:00+05:30,2026-08-20 21:50:00,28,31.5,23.4,0,0,18.3,169,0,0,0,0,3.6,626.6,76,0,0,28,69,30.6,21.8
2026-08-20T21:45:00+05:30,2026-08-20 21:45:00,28,31.5,23.4,0,0,18.3,169,0,0,0,0,3.6,626.6,76,0,0,28,69,30.6,21.8
2026-08-20T21:40:00+05:30,2026-08-20 21:40:00,28,31.5,23.4,0,0,18.3,169,0,0,0,0,3.6,626.6,76,0,0,28,69,30.6,21.8
2026-08-20T21:35:00+05:30,2026-08-20 21:35:00,28.1,31.8,23.5,0,0,18.3,169,0,0,0,0,3.6,626.6,76,0,0,28,69,30.6,21.8
2026-08-20T21:30:00+05:30,2026-08-20 21:30:00,28.1,31.8,23.5,0,0,18.3,169,0,0,0,0,3.6,626.6,76,0,0,28,69,30.6,21.8
2026-08-20T21:25:00+05:30,2026-08-20 21:25:00,28.1,31.8,23.5,0,0,18.3,169,0,0,0,0,3.6,626.6,76,0,0,28.1,69,30.7,21.9
2026-08-20T21:20:00+05:30,2026-08-20 21:20:00,28.1,31.8,23.5,0,0,18.3,169,0,0,0,0,3.6,626.6,76,0,0,28.1,69,30.7,21.9
2026-08-20T21:15:00+05:30,2026-08-20 21:15:00,28.1,31.8,23.5,0,0,18.3,169,0,0,0,0,3.6,626.6,76,0,0,28.1,69,30.7,21.9
2026-08-20T21:10:00+05:30,2026-08-20 21:10:00,28.1,31.8,23.5,0,0,18.3,169,0,0,0,0,3.6,626.6,76,0,0,28.1,69,30.7,21.9
2026-08-20T21:05:00+05:30,2026-08-20 21:05:00,28.1,31.8,23.5,0,0,18.3,169,0,0,0,0,3.6,626.6,76,0,0,28.1,69,30.7,21.9
2026-08-20T21:00:00+05:30,2026-08-20 21:00:00,28.1,31.8,23.5,0,0,18.3,169,0,0,0,0,3.6,626.6,76,0,0,28.1,69,30.7,21.9
2026-08-20T20:55:00+05:30,2026-08-20 20:55:00,28.1,31.8,23.5,0,0,18.3,169,0,0,0,0,3.6,626.6,76,0,0,28.2,69,30.9,22
2026-08-20T20:51:00+05:30,2026-08-20 20:51:00,28.2,32,23.6,0,0,18.3,169,0,0,0,0,3.6,626.6,76,0,0,28.2,69,30.9,22
2026-08-20T20:45:00+05:30,2026-08-20 20:45:00,28.2,32,23.6,0,0,18.3,169,0,0,0,0,3.6,626.6,76,0,0,28.2,69,30.9,22
2026-08-20T20:40:00+05:30,2026-08-20 20:40:00,28.3,32.1,23.6,0,0,18.3,169,0,0,0,0,3.6,626.6,76,0,0,28.2,69,30.9,22
2026-08-20T20:35:00+05:30,2026-08-20 20:35:00,28.3,32.1,23.6,0,0,18.3,169,0,0,0,0,3.6,626.6,76,0,0,28.2,69,30.9,22
2026-08-20T20:30:00+05:30,2026-08-20 20:30:00,28.4,32.4,23.7,0,0,18.3,169,0,0,0,0,3.6,626.6,76,0,0,28.3,69,31.1,22.1
2026-08-20T20:25:00+05:30,2026-08-20 20:25:00,28.4,32.4,23.7,0,0,18.3,169,0,0,0,0,3.6,626.6,76,0,0,28.3,69,31.1,22.1
2026-08-20T20:20:00+05:30,2026-08-20 20:20:00,28.4,32.4,23.7,0,0,18.3,169,0,0,0,0,3.6,626.6,76,0,0,28.3,69,31.1,22.1
2026-08-20T20:15:00+05:30,2026-08-20 20:15:00,28.4,32.4,23.7,0,0,18.3,169,0,0,0,0,3.6,626.6,76,0,0,28.3,69,31.1,22.1
2026-08-20T20:10:00+05:30,2026-08-20 20:10:00,28.5,32.7,23.8,0,0,18.3,169,0,0,0,0,3.6,626.6,76,0,0,28.3,69,31.1,22.1
2026-08-20T20:05:00+05:30,2026-08-20 20:05:00,28.5,32.5,23.6,0,0,18.3,169,0,0,0,0,3.6,626.6,75,0,0,28.3,69,31.1,22.1
2026-08-20T20:00:00+05:30,2026-08-20 20:00:00,28.5,32.5,23.6,0,0,18.3,169,0,0,0,0,3.6,626.6,75,0,0,28.3,69,31.1,22.1
2026-08-20T19:55:00+05:30,2026-08-20 19:55:00,28.5,32.5,23.6,0,0,18.3,169,0,0,0,0,3.6,626.6,75,0,0,28.4,69,31.3,22.2
2026-08-20T19:50:00+05:30,2026-08-20 19:50:00,28.6,32.8,23.7,0,0,18.3,169,0,0,0,0,3.6,626.6,75,0,0,28.4,69,31.3,22.2
2026-08-20T19:46:00+05:30,2026-08-20 19:46:00,28.6,32.8,23.7,0,0,18.3,169,0,0,0,0,3.6,626.6,75,0,0,28.4,69,31.3,22.2
2026-08-20T19:40:00+05:30,2026-08-20 19:40:00,28.6,32.8,23.7,0,0,18.3,169,0,0,0,0,3.6,626.6,75,0,0,28.4,68,31.1,21.9
2026-08-20T19:35:00+05:30,2026-08-20 19:35:00,28.7,33,23.8,0,0,18.3,169,0,0,0,0,3.6,626.6,75,0,0,28.4,68,31.1,21.9
2026-08-20T19:30:00+05:30,2026-08-20 19:30:00,28.7,33,23.8,0,0,18.3,169,0,0,0,0,3.6,626.6,75,0,0,28.5,68,31.3,22
2026-08-20T19:25:00+05:30,2026-08-20 19:25:00,28.7,33,23.8,0,0,18.3,169,0,0,0,0,3.6,626.6,75,0,0,28.5,68,31.3,22
2026-08-20T19:20:00+05:30,2026-08-20 19:20:00,28.8,33,23.7,0,0,18.3,169,0,0,0,0,3.6,626.6,74,0,0,28.5,68,31.3,22
2026-08-20T19:15:00+05:30,2026-08-20 19:15:00,28.8,33,23.7,0,0,18.3,169,0,0,0,0,3.6,626.6,74,0,0,28.5,68,31.3,22
2026-08-20T19:10:00+05:30,2026-08-20 19:10:00,28.9,33.2,23.8,0,0,18.3,169,0,0,0,0,3.6,626.6,74,0,0,28.5,68,31.3,22
2026-08-20T19:05:00+05:30,2026-08-20 19:05:00,28.9,33.2,23.8,0,0,18.3,169,0,0,0,0,3.6,626.6,74,0,0,28.6,68,31.6,22.1
2026-08-20T19:00:00+05:30,2026-08-20 19:00:00,28.9,33.2,23.8,0,0,18.3,169,0,0,0,0,3.6,626.6,74,0,0,28.7,68,31.8,22.2
2026-08-20T18:55:00+05:30,2026-08-20 18:55:00,29,33.7,24.1,0,0,18.3,169,0,0,0,0,3.6,626.6,75,0,0,28.7,68,31.8,22.2
2026-08-20T18:50:00+05:30,2026-08-20 18:50:00,29,33.7,24.1,0,0,18.3,169,0,0,0,0,3.6,626.6,75,0,0,28.8,68,31.9,22.3
2026-08-20T18:45:00+05:30,2026-08-20 18:45:00,29.1,34,24.2,0,0,18.3,169,0,0,0,0,3.6,626.6,75,0,0,28.8,68,31.9,22.3
2026-08-20T18:40:00+05:30,2026-08-20 18:40:00,29.1,34,24.2,0,0,18.3,169,0,0,0,0,3.6,626.6,75,0,0,28.9,68,32.1,22.4
2026-08-20T18:35:00+05:30,2026-08-20 18:35:00,29.1,34,24.2,0,0,18.3,169,0,0,0,0,3.6,626.6,75,0,0,28.9,69,32.3,22.6
2026-08-20T18:30:00+05:30,2026-08-20 18:30:00,29.1,34,24.2,0,0,18.3,169,0,0,0,0,3.6,626.6,75,0,0,28.9,69,32.3,22.6
2026-08-20T18:25:00+05:30,2026-08-20 18:25:00,29.2,34.3,24.3,0,0,18.3,169,0,0,0,0,3.6,626.6,75,0,0,28.9,69,32.3,22.6
2026-08-20T18:20:00+05:30,2026-08-20 18:20:00,29.2,34.3,24.3,0,0,18.3,169,0,0,0,0,3.6,626.6,75,0,0,29,69,32.6,22.7
2026-08-20T18:15:00+05:30,2026-08-20 18:15:00,29.2,34.3,24.3,0,0,18.3,169,0,0,0,0,3.6,626.6,75,0,0,29,68,32.4,22.5
2026-08-20T18:10:00+05:30,2026-08-20 18:10:00,29.2,34.3,24.3,0,0,18.3,169,0,0,0,0,3.6,626.6,75,0,0,29,68,32.4,22.5
2026-08-20T18:05:00+05:30,2026-08-20 18:05:00,29.2,34.3,24.3,0,0,18.3,169,0,0,0,0,3.6,626.6,75,0,0,29,68,32.4,22.5
2026-08-20T18:00:00+05:30,2026-08-20 18:00:00,29.3,34.4,24.4,0,0,18.3,169,0,0,0,0,3.6,626.6,75,0,0,29,68,32.4,22.5
2026-08-20T17:55:00+05:30,2026-08-20 17:55:00,29.3,34.4,24.4,0,0,18.3,169,0,0,0,0,3.6,626.6,75,0,0,29,68,32.4,22.5
2026-08-20T17:50:00+05:30,2026-08-20 17:50:00,29.3,34.4,24.4,0,0,18.3,169,0,0,0,0,3.6,626.6,75,0,0,29.1,68,32.6,22.6
2026-08-20T17:45:00+05:30,2026-08-20 17:45:00,29.3,34.2,24.2,0,0,18.3,169,0,0,0,0,3.6,626.6,74,0,0,29.1,68,32.6,22.6
2026-08-20T17:40:00+05:30,2026-08-20 17:40:00,29.3,34.2,24.2,0,0,18.3,169,0,0,0,0,3.6,626.6,74,0,0,29.1,68,32.6,22.6
2026-08-20T17:35:00+05:30,2026-08-20 17:35:00,29.4,34.5,24.3,0,0,18.3,169,0,0,0,0,3.6,626.6,74,0,0,29.1,68,32.6,22.6
2026-08-20T17:30:00+05:30,2026-08-20 17:30:00,29.4,34.5,24.3,0,0,18.3,169,0,0,0,0,3.6,626.6,74,0,0,29.1,68,32.6,22.6
2026-08-20T17:25:00+05:30,2026-08-20 17:25:00,29.4,34.5,24.3,0,0,18.3,169,0,0,0,0,3.6,626.6,74,0,0,29.2,68,32.8,22.7
2026-08-20T17:21:00+05:30,2026-08-20 17:21:00,29.4,34.5,24.3,0,0,18.3,169,0,0,0,0,3.6,626.6,74,0,0,29.2,68,32.8,22.7
2026-08-20T17:15:00+05:30,2026-08-20 17:15:00,29.4,34.5,24.3,0,0,18.3,169,0,0,0,0,3.6,626.6,74,0,0,29.2,68,32.8,22.7
2026-08-20T17:10:00+05:30,2026-08-20 17:10:00,29.4,34.5,24.3,0,0,18.3,169,0,0,0,0,3.6,626.6,74,0,0,29.2,68,32.8,22.7
2026-08-20T17:05:00+05:30,2026-08-20 17:05:00,29.4,34.5,24.3,0,0,18.3,169,0,0,0,0,3.6,626.6,74,0,0,29.3,68,32.9,22.7
2026-08-20T17:00:00+05:30,2026-08-20 17:00:00,29.4,34.5,24.3,0,0,18.3,169,0,0,0,0,3.6,626.6,74,0,0,29.3,68,32.9,22.7
2026-08-20T16:55:00+05:30,2026-08-20 16:55:00,29.4,34.5,24.3,0,0,18.3,169,0,0,0,0,3.6,626.6,74,0,0.1,29.3,68,32.9,22.7
2026-08-20T16:50:00+05:30,2026-08-20 16:50:00,29.4,34.7,24.5,0,0,18.3,169,0,0,0,0,3.6,626.6,75,0,0.1,29.4,68,33.2,22.8
2026-08-20T16:45:00+05:30,2026-08-20 16:45:00,29.4,34.7,24.5,0,0,18.3,169,0,0,0,0,3.6,626.6,75,0,0.1,29.4,68,33.2,22.8
2026-08-20T16:40:00+05:30,2026-08-20 16:40:00,29.4,34.7,24.5,0,0,18.3,169,0,0,0,0,3.6,626.6,75,0,0.3,29.4,68,33.2,22.8
2026-08-20T16:35:00+05:30,2026-08-20 16:35:00,29.4,34.7,24.5,0,0,18.3,169,0,0,0,0,3.6,626.6,75,0,0.2,29.5,68,33.4,22.9
2026-08-20T16:30:00+05:30,2026-08-20 16:30:00,29.4,34.5,24.3,0,0,18.3,169,0,0,0,0,3.6,626.6,74,0,0.2,29.4,68,33.2,22.8
2026-08-20T16:25:00+05:30,2026-08-20 16:25:00,29.4,34.7,24.5,0,0,18.3,169,0,0,0,0,3.6,626.6,75,0,0.3,29.5,68,33.4,22.9
2026-08-20T16:20:00+05:30,2026-08-20 16:20:00,29.4,34.7,24.5,0,0,18.3,169,0,0,0,0,3.6,626.6,75,0,0.4,29.4,68,33.2,22.8
2026-08-20T16:16:00+05:30,2026-08-20 16:16:00,29.4,34.7,24.5,0,0,18.3,169,0,0,0,0,3.6,626.6,75,0,0.4,29.4,68,33.2,22.8
2026-08-20T16:10:00+05:30,2026-08-20 16:10:00,29.4,34.7,24.5,0,0,18.3,169,0,0,0,0,3.6,626.6,75,0,0.4,29.4,68,33.2,22.8
2026-08-20T16:05:00+05:30,2026-08-20 16:05:00,29.3,34.4,24.4,0,0,18.3,169,0,0,0,0,3.6,626.6,75,0,0.3,29.4,68,33.2,22.8
2026-08-20T16:00:00+05:30,2026-08-20 16:00:00,29.4,34.7,24.5,0,0,18.3,169,0,0,0,0,3.6,626.6,75,0,0.3,29.4,68,33.2,22.8
2026-08-20T15:55:00+05:30,2026-08-20 15:55:00,29.4,34.7,24.5,0,0,18.3,169,0,0,0,0,3.6,626.6,75,0,0.4,29.4,68,33.2,22.8
2026-08-20T15:50:00+05:30,2026-08-20 15:50:00,29.5,35,24.6,0,0,18.3,169,0,0,0,0,3.6,626.6,75,0,0.4,29.4,68,33.2,22.8
2026-08-20T15:45:00+05:30,2026-08-20 15:45:00,29.4,34.5,24.3,0,0,18.3,169,0,0,0,0,3.6,626.6,74,0,0.4,29.4,68,33.2,22.8
2026-08-20T15:40:00+05:30,2026-08-20 15:40:00,29.4,34.5,24.3,0,0,18.3,169,0,0,0,0,3.6,626.6,74,0,0.4,29.3,68,32.9,22.7
2026-08-20T15:35:00+05:30,2026-08-20 15:35:00,29.4,34.5,24.3,0,0,18.3,169,0,0,0,0,3.6,626.6,74,0,0.3,29.4,67,33,22.6
2026-08-20T15:30:00+05:30,2026-08-20 15:30:00,29.4,34.2,24,0,0,18.3,169,0,0,0,0,3.6,626.6,73,0,0.5,29.4,67,33,22.6
2026-08-20T15:25:00+05:30,2026-08-20 15:25:00,29.4,34.5,24.3,0,0,18.3,169,0,0,0,0,3.6,626.6,74,0,0.4,29.4,68,33.2,22.8
2026-08-20T15:20:00+05:30,2026-08-20 15:20:00,29.4,34.7,24.5,0,0,18.3,169,0,0,0,0,3.6,626.6,75,0,0.7,29.5,69,33.7,23.2
2026-08-20T15:15:00+05:30,2026-08-20 15:15:00,29.4,34.9,24.7,0,0,18.3,169,0,0,0,0,3.6,626.6,76,0,0.7,29.5,69,33.7,23.2
2026-08-20T15:11:00+05:30,2026-08-20 15:11:00,29.5,35.2,24.8,0,0,18.3,169,0,0,0,0,3.6,626.6,76,0,0.4,29.5,69,33.7,23.2
2026-08-20T15:05:00+05:30,2026-08-20 15:05:00,29.5,35,24.6,0,0,18.3,169,0,0,0,0,3.6,626.6,75,0,0.2,29.5,68,33.4,22.9
2026-08-20T15:00:00+05:30,2026-08-20 15:00:00,29.6,35.3,24.7,0,0,18.3,169,0,0,0,0,3.6,626.6,75,0,0.2,29.5,69,33.7,23.2
2026-08-20T14:55:00+05:30,2026-08-20 14:55:00,29.6,35.3,24.7,0,0,18.3,169,0,0,0,0,3.6,626.6,75,0,0.2,29.5,69,33.7,23.2
2026-08-20T14:50:00+05:30,2026-08-20 14:50:00,29.6,35,24.5,0,0,18.3,169,0,0,0,0,3.6,626.6,74,0,0.2,29.5,69,33.7,23.2
2026-08-20T14:45:00+05:30,2026-08-20 14:45:00,29.6,35,24.5,0,0,18.3,169,0,0,0,0,3.6,626.6,74,0,0.3,29.5,69,33.7,23.2
2026-08-20T14:40:00+05:30,2026-08-20 14:40:00,29.6,35.3,24.7,0,0,18.3,169,0,0,0,0,3.6,626.6,75,0,0.5,29.4,69,33.4,23.1
2026-08-20T14:35:00+05:30,2026-08-20 14:35:00,29.7,35.5,24.8,0,0,18.3,169,0,0,0,0,3.6,626.6,75,0,0.3,29.4,69,33.4,23.1
2026-08-20T14:30:00+05:30,2026-08-20 14:30:00,29.7,35.8,25,0,0,18.3,169,0,0,0,0,3.6,626.6,76,0,0.3,29.4,69,33.4,23.1
2026-08-20T14:25:00+05:30,2026-08-20 14:25:00,29.6,35.5,24.9,0,0,18.3,169,0,0,0,0,3.6,626.6,76,0,0.7,29.3,69,33.2,23
2026-08-20T14:20:00+05:30,2026-08-20 14:20:00,29.5,35,24.6,0,0,18.3,169,0,0,0,0,3.6,626.6,75,0,0.7,29.3,69,33.2,23
2026-08-20T14:15:00+05:30,2026-08-20 14:15:00,29.4,34.7,24.5,0,0,18.3,169,0,0,0,0,3.6,626.6,75,0,0.4,29.2,69,33,22.9
2026-08-20T14:10:00+05:30,2026-08-20 14:10:00,29.4,34.9,24.7,0,0,18.3,169,0,0,0,0,3.6,626.6,76,0,0.4,29.2,70,33.2,23.2
2026-08-20T14:06:00+05:30,2026-08-20 14:06:00,29.4,34.9,24.7,0,0,18.3,169,0,0,0,0,3.6,626.6,76,0,0.4,29.2,70,33.2,23.2
2026-08-20T14:00:00+05:30,2026-08-20 14:00:00,29.3,34.6,24.6,0,0,18.3,169,0,0,0,0,3.6,626.6,76,0,0.3,29.1,70,32.9,23.1
2026-08-20T13:55:00+05:30,2026-08-20 13:55:00,29.3,34.6,24.6,0,0,18.3,169,0,0,0,0,3.6,626.6,76,0,0.4,29.1,70,32.9,23.1
2026-08-20T13:50:00+05:30,2026-08-20 13:50:00,29.3,34.6,24.6,0,0,18.3,169,0,0,0,0,3.6,626.6,76,0,0.4,29,69,32.6,22.7
2026-08-20T13:45:00+05:30,2026-08-20 13:45:00,29.3,34.4,24.4,0,0,18.3,168,0,0,0,0,3.6,626.6,75,0,0.3,29,69,32.6,22.7
2026-08-20T13:40:00+05:30,2026-08-20 13:40:00,29.2,34.3,24.3,0,0,18.3,169,0,0,0,0,3.6,626.6,75,0,0.3,28.9,69,32.3,22.6
2026-08-20T13:35:00+05:30,2026-08-20 13:35:00,29.1,34,24.2,0,0,18.3,169,0,0,0,0,3.6,626.6,75,0,0.3,28.9,69,32.3,22.6
2026-08-20T13:30:00+05:30,2026-08-20 13:30:00,29.1,34,24.2,0,0,18.3,168,0,0,0,0,3.6,626.6,75,0,0.8,28.9,69,32.3,22.6
2026-08-20T13:25:00+05:30,2026-08-20 13:25:00,29,33.7,24.1,0,0,18.3,169,0,0,0,0,3.6,626.6,75,0,0.8,28.8,69,32.1,22.5
2026-08-20T13:20:00+05:30,2026-08-20 13:20:00,29,33.9,24.3,0,0,18.3,169,0,0,0,0,3.6,626.6,76,0,0.5,28.8,70,32.2,22.7
2026-08-20T13:15:00+05:30,2026-08-20 13:15:00,28.9,33.6,24.2,0,0,18.3,169,0,0,0,0,3.6,626.6,76,0,0.5,28.8,70,32.2,22.7
2026-08-20T13:10:00+05:30,2026-08-20 13:10:00,29,33.7,24.1,0,0,18.3,168,0,0,0,0,3.6,626.6,75,0,0.4,28.8,70,32.2,22.7
2026-08-20T13:05:00+05:30,2026-08-20 13:05:00,29,33.9,24.3,0,0,18.3,168,0,0,0,0,3.6,626.6,76,0,0.3,28.8,70,32.2,22.7
2026-08-20T13:00:00+05:30,2026-08-20 13:00:00,29,33.9,24.3,0,0,18.3,168,0,0,0,0,3.6,626.6,76,0,0.3,28.8,70,32.2,22.7
2026-08-20T12:55:00+05:30,2026-08-20 12:55:00,29,33.9,24.3,0,0,18.3,168,0,0,0,0,3.6,626.6,76,0,0.4,28.7,70,32.1,22.7
2026-08-20T12:50:00+05:30,2026-08-20 12:50:00,28.9,33.6,24.2,0,0,18.3,168,0,0,0,0,3.6,626.6,76,0,0.5,28.7,70,32.1,22.7
2026-08-20T12:45:00+05:30,2026-08-20 12:45:00,28.9,33.6,24.2,0,0,18.3,168,0,0,0,0,3.6,626.6,76,0,0.5,28.6,70,31.9,22.6
2026-08-20T12:40:00+05:30,2026-08-20 12:40:00,28.9,33.6,24.2,0,0,18.3,169,0,0,0,0,3.6,626.6,76,0,0.5,28.6,70,31.9,22.6
2026-08-20T12:35:00+05:30,2026-08-20 12:35:00,28.8,33.3,24.1,0,0,18.3,168,0,0,0,0,3.6,626.6,76,0,0.6,28.5,70,31.7,22.5
2026-08-20T12:30:00+05:30,2026-08-20 12:30:00,28.8,33.3,24.1,0,0,18.3,168,0,0,0,0,3.6,626.6,76,0,0.5,28.5,70,31.7,22.5
2026-08-20T12:25:00+05:30,2026-08-20 12:25:00,28.7,33.2,24.1,0,0,18.3,168,0,0,0,0,3.6,626.6,76,0,0.5,28.5,70,31.7,22.5
2026-08-20T12:20:00+05:30,2026-08-20 12:20:00,28.7,33.2,24.1,0,0,18.3,168,0,0,0,0,3.6,626.6,76,0,0.4,28.5,70,31.7,22.5
2026-08-20T12:15:00+05:30,2026-08-20 12:15:00,28.6,32.9,24,0,0,18.3,168,0,0,0,0,3.6,626.6,76,0,0.4,28.5,70,31.7,22.5
2026-08-20T12:10:00+05:30,2026-08-20 12:10:00,28.5,32.7,23.8,0,0,18.3,168,0,0,0,0,3.6,626.6,76,0,0.5,28.5,70,31.7,22.5
2026-08-20T12:05:00+05:30,2026-08-20 12:05:00,28.5,32.8,24.1,0,0,18.3,168,0,0,0,0,3.6,626.6,77,0,0.9,28.4,71,31.6,22.6
2026-08-20T12:00:00+05:30,2026-08-20 12:00:00,28.5,33,24.3,0,0,18.3,168,0,0,0,0,3.6,626.6,78,0,0.4,28.4,71,31.6,22.6
2026-08-20T11:55:00+05:30,2026-08-20 11:55:00,28.4,32.7,24.2,0,0,18.3,168,0,0,0,0,3.6,626.6,78,0,0.5,28.4,71,31.6,22.6
2026-08-20T11:50:00+05:30,2026-08-20 11:50:00,28.4,32.9,24.4,0,0,18.3,168,0,0,0,0,3.6,626.6,79,0,0.4,28.3,71,31.4,22.5
2026-08-20T11:45:00+05:30,2026-08-20 11:45:00,28.3,32.6,24.3,0,0,18.3,168,0,0,0,0,3.6,626.6,79,0,0.5,28.3,72,31.5,22.7
2026-08-20T11:41:00+05:30,2026-08-20 11:41:00,28.4,32.9,24.4,0,0,18.3,168,0,0,0,0,3.6,626.6,79,0,0.5,28.3,72,31.5,22.7
2026-08-20T11:35:00+05:30,2026-08-20 11:35:00,28.3,32.6,24.3,0,0,18.3,168,0,0,0,0,3.6,626.6,79,0,0.4,28.2,72,31.4,22.7
2026-08-20T11:30:00+05:30,2026-08-20 11:30:00,28.3,32.6,24.3,0,0,18.3,168,0,0,0,0,3.6,626.6,79,0,0.4,28.2,71,31.2,22.4
2026-08-20T11:25:00+05:30,2026-08-20 11:25:00,28.2,32.3,24,0,0,18.3,168,0,0,0,0,3.6,626.6,78,0,0.4,28.2,71,31.2,22.4
2026-08-20T11:20:00+05:30,2026-08-20 11:20:00,28.3,32.5,24.1,0,0,18.3,168,0,0,0,0,3.6,626.6,78,0,0.2,28.2,71,31.2,22.4
2026-08-20T11:15:00+05:30,2026-08-20 11:15:00,28.3,32.3,23.8,0,0,18.3,168,0,0,0,0,3.6,626.6,77,0,0.2,28.2,71,31.2,22.4
2026-08-20T11:10:00+05:30,2026-08-20 11:10:00,28.3,32.5,24.1,0,0,18.3,168,0,0,0,0,3.6,626.6,78,0,0.2,28.2,71,31.2,22.4
2026-08-20T11:05:00+05:30,2026-08-20 11:05:00,28.2,32.3,24,0,0,18.3,168,0,0,0,0,3.6,626.6,78,0,0.4,28.1,71,31,22.3
2026-08-20T11:00:00+05:30,2026-08-20 11:00:00,28.2,32.3,24,0,0,18.3,168,0,0,0,0,3.6,626.6,78,0,0.6,28.1,71,31,22.3
2026-08-20T10:55:00+05:30,2026-08-20 10:55:00,28.1,32.1,23.9,0,0,18.3,168,0,0,0,0,3.6,626.6,78,0,0.3,28,71,30.8,22.2
2026-08-20T10:50:00+05:30,2026-08-20 10:50:00,28.1,32.1,23.9,0,0,18.3,168,0,0,0,0,3.6,626.6,78,0,0.3,28,71,30.8,22.2
2026-08-20T10:45:00+05:30,2026-08-20 10:45:00,28.1,32.1,23.9,0,0,18.3,168,0,0,0,0,3.6,626.6,78,0,0.2,28,72,30.9,22.4
2026-08-20T10:40:00+05:30,2026-08-20 10:40:00,28.1,32.2,24.1,0,0,18.3,168,0,0,0,0,3.6,626.6,79,0,0.3,27.9,72,30.7,22.4
2026-08-20T10:36:00+05:30,2026-08-20 10:36:00,28.1,32.1,23.9,0,0,18.3,168,0,0,0,0,3.6,626.6,78,0,0.3,27.9,72,30.7,22.4
2026-08-20T10:30:00+05:30,2026-08-20 10:30:00,28,31.8,23.8,0,0,18.3,168,0,0,0,0,3.6,626.6,78,0,0.3,27.9,72,30.7,22.4
2026-08-20T10:25:00+05:30,2026-08-20 10:25:00,27.9,31.5,23.7,0,0,18.3,168,0,0,0,0,3.6,626.6,78,0,0.6,27.8,72,30.5,22.3
2026-08-20T10:20:00+05:30,2026-08-20 10:20:00,27.9,31.5,23.7,0,0,18.3,168,0,0,0,0,3.6,626.6,78,0,0.6,27.8,72,30.5,22.3
2026-08-20T10:15:00+05:30,2026-08-20 10:15:00,27.9,31.7,23.9,0,0,18.3,168,0,0,0,0,3.6,626.6,79,0,0.4,27.7,72,30.4,22.2
2026-08-20T10:10:00+05:30,2026-08-20 10:10:00,27.8,31.4,23.8,0,0,18.3,168,0,0,0,0,3.6,626.6,79,0,0.8,27.7,72,30.4,22.2
2026-08-20T10:05:00+05:30,2026-08-20 10:05:00,27.7,31.3,23.7,0,0,18.3,168,0,0,0,0,3.6,626.6,79,0,0.5,27.6,72,30.2,22.1
2026-08-20T10:00:00+05:30,2026-08-20 10:00:00,27.7,31.3,23.7,0,0,18.3,168,0,0,0,0,3.6,626.6,79,0,0.5,27.6,72,30.2,22.1
2026-08-20T09:55:00+05:30,2026-08-20 09:55:00,27.7,31.1,23.5,0,0,18.3,168,0,0,0,0,3.6,626.6,78,0,0.4,27.6,72,30.2,22.1
2026-08-20T09:50:00+05:30,2026-08-20 09:50:00,27.6,31,23.6,0,0,18.3,168,0,0,0,0,3.6,626.6,79,0,0.3,27.5,72,29.9,22
2026-08-20T09:45:00+05:30,2026-08-20 09:45:00,27.6,31,23.6,0,0,18.3,168,0,0,0,0,3.6,626.6,79,0,0.5,27.5,72,29.9,22
2026-08-20T09:40:00+05:30,2026-08-20 09:40:00,27.6,31,23.6,0,0,18.3,168,0,0,0,0,3.6,626.6,79,0,0.4,27.5,73,30.1,22.2
2026-08-20T09:35:00+05:30,2026-08-20 09:35:00,27.5,30.9,23.7,0,0,18.3,168,0,0,0,0,3.6,626.6,80,0,0.4,27.4,73,29.8,22.1
2026-08-20T09:31:00+05:30,2026-08-20 09:31:00,27.5,30.9,23.7,0,0,18.3,168,0,0,0,0,3.6,626.6,80,0,0.4,27.4,73,29.8,22.1
2026-08-20T09:25:00+05:30,2026-08-20 09:25:00,27.5,30.9,23.7,0,0,18.3,168,0,0,0,0,3.6,626.6,80,0,0.3,27.3,73,29.6,22
2026-08-20T09:20:00+05:30,2026-08-20 09:20:00,27.4,30.7,23.8,0,0,18.3,168,0,0,0,0,3.6,626.6,81,0,0.3,27.3,73,29.6,22
2026-08-20T09:15:00+05:30,2026-08-20 09:15:00,27.3,30.5,23.7,0,18.3,18.3,168,0,0,0,0,3.6,626.6,81,0,0.3,27.2,73,29.5,21.9
2026-08-20T09:10:00+05:30,2026-08-20 09:10:00,27.3,30.5,23.7,0,0,0,169,0,0,0,0,3.6,626.6,81,0,0.4,27.2,73,29.5,21.9
2026-08-20T09:05:00+05:30,2026-08-20 09:05:00,27.2,30.3,23.7,0,0,0,169,0,0,0,0,3.6,626.6,81,0,0.7,27.1,73,29.3,21.8
2026-08-20T09:00:00+05:30,2026-08-20 09:00:00,27.2,30.3,23.7,0,0,0,169,0,0,0,0,3.6,626.6,81,0,0.4,27.1,72,29.2,21.6
2026-08-20T08:55:00+05:30,2026-08-20 08:55:00,27.2,30.3,23.7,0,0,0,169,0,0,0,0,3.6,626.6,81,0,0.4,27,72,29,21.5
2026-08-20T08:50:00+05:30,2026-08-20 08:50:00,27.1,30.1,23.6,0,0,0,169,0,0,0,0,3.6,626.6,81,0,0.4,27,72,29,21.5
2026-08-20T08:45:00+05:30,2026-08-20 08:45:00,27.1,30.1,23.6,0,0,0,169,0,0,0,0,3.6,626.6,81,0,0.1,27,72,29,21.5
2026-08-20T08:40:00+05:30,2026-08-20 08:40:00,27.1,30.1,23.6,0,0,0,169,0,0,0,0,3.6,626.6,81,0,0.1,27,72,29,21.5
2026-08-20T08:35:00+05:30,2026-08-20 08:35:00,27.1,30.1,23.6,0,0,0,169,0,0,0,0,3.6,626.6,81,0,0.1,27,72,29,21.5
2026-08-20T08:30:00+05:30,2026-08-20 08:30:00,27,29.8,23.5,0,0,0,169,0,0,0,0,3.6,626.6,81,0,0.1,27,72,29,21.5
2026-08-20T08:25:00+05:30,2026-08-20 08:25:00,27,29.8,23.5,0,0,0,169,0,0,0,0,3.6,626.6,81,0,0.1,27,72,29,21.5
2026-08-20T08:20:00+05:30,2026-08-20 08:20:00,27,29.8,23.5,0,0,0,169,0,0,0,0,3.6,626.6,81,0,0.1,26.9,72,28.8,21.4
2026-08-20T08:15:00+05:30,2026-08-20 08:15:00,27,29.8,23.5,0,0,0,169,0,0,0,0,3.6,626.6,81,0,0.1,26.9,72,28.8,21.4
2026-08-20T08:11:00+05:30,2026-08-20 08:11:00,27,29.8,23.5,0,0,0,169,0,0,0,0,3.6,626.6,81,0,0.1,26.9,72,28.8,21.4
2026-08-20T08:05:00+05:30,2026-08-20 08:05:00,27,29.8,23.5,0,0,0,169,0,0,0,0,3.6,626.6,81,0,0.1,26.9,72,28.8,21.4
2026-08-20T08:00:00+05:30,2026-08-20 08:00:00,27,29.8,23.5,0,0,0,169,0,0,0,0,3.6,626.6,81,0,0.1,26.8,72,28.6,21.3
2026-08-20T07:55:00+05:30,2026-08-20 07:55:00,27,29.7,23.2,0,0,0,169,0,0,0,0,3.6,626.6,80,0,0.1,26.8,72,28.6,21.3
2026-08-20T07:50:00+05:30,2026-08-20 07:50:00,27,29.7,23.2,0,0,0,169,0,0,0,0,3.6,626.6,80,0,0.1,26.8,72,28.6,21.3
2026-08-20T07:45:00+05:30,2026-08-20 07:45:00,26.9,29.5,23.1,0,0,0,169,0,0,0,0,3.6,626.6,80,0,0.1,26.8,72,28.6,21.3
2026-08-20T07:40:00+05:30,2026-08-20 07:40:00,26.9,29.5,23.1,0,0,0,169,0,0,0,0,3.6,626.6,80,0,0,26.8,72,28.6,21.3
2026-08-20T07:35:00+05:30,2026-08-20 07:35:00,26.9,29.5,23.1,0,0,0,169,0,0,0,0,3.6,626.6,80,0,0,26.8,72,28.6,21.3
2026-08-20T07:30:00+05:30,2026-08-20 07:30:00,26.9,29.5,23.1,0,0,0,169,0,0,0,0,3.6,626.6,80,0,0.1,26.8,72,28.6,21.3
2026-08-20T07:25:00+05:30,2026-08-20 07:25:00,26.9,29.5,23.1,0,0,0,169,0,0,0,0,3.6,626.6,80,0,0,26.8,72,28.6,21.3
2026-08-20T07:20:00+05:30,2026-08-20 07:20:00,26.9,29.5,23.1,0,0,0,169,0,0,0,0,3.6,626.6,80,0,0,26.8,72,28.6,21.3
2026-08-20T07:15:00+05:30,2026-08-20 07:15:00,26.9,29.5,23.1,0,0,0,169,0,0,0,0,3.6,626.6,80,0,0,26.8,72,28.6,21.3
2026-08-20T07:10:00+05:30,2026-08-20 07:10:00,26.9,29.5,23.1,0,0,0,169,0,0,0,0,3.6,626.6,80,0,0,26.8,72,28.6,21.3
2026-08-20T07:06:00+05:30,2026-08-20 07:06:00,26.9,29.5,23.1,0,0,0,169,0,0,0,0,3.6,626.6,80,0,0,26.8,72,28.6,21.3
2026-08-20T07:00:00+05:30,2026-08-20 07:00:00,26.9,29.5,23.1,0,0,0,169,0,0,0,0,3.6,626.6,80,0,0,26.8,72,28.6,21.3
2026-08-20T06:55:00+05:30,2026-08-20 06:55:00,26.9,29.5,23.1,0,0,0,169,0,0,0,0,3.6,626.6,80,0,0,26.8,72,28.6,21.3
2026-08-20T06:50:00+05:30,2026-08-20 06:50:00,26.9,29.5,23.1,0,0,0,169,0,0,0,0,3.6,626.6,80,0,0,26.9,72,28.8,21.4
2026-08-20T06:45:00+05:30,2026-08-20 06:45:00,26.9,29.5,23.1,0,0,0,169,0,0,0,0,3.6,626.6,80,0,0,26.9,72,28.8,21.4
2026-08-20T06:40:00+05:30,2026-08-20 06:40:00,26.9,29.5,23.1,0,0,0,169,0,0,0,0,3.6,626.6,80,0,0,26.9,72,28.8,21.4
2026-08-20T06:35:00+05:30,2026-08-20 06:35:00,26.9,29.5,23.1,0,0,0,169,0,0,0,0,3.6,626.6,80,0,0,26.9,71,28.7,21.2
2026-08-20T06:30:00+05:30,2026-08-20 06:30:00,26.9,29.5,23.1,0,0,0,169,0,0,0,0,3.6,626.6,80,0,0,26.9,71,28.7,21.2
2026-08-20T06:25:00+05:30,2026-08-20 06:25:00,26.9,29.5,23.1,0,0,0,169,0,0,0,0,3.6,626.6,80,0,0,26.9,71,28.7,21.2
2026-08-20T06:20:00+05:30,2026-08-20 06:20:00,26.9,29.5,23.1,0,0,0,169,0,0,0,0,3.6,626.6,80,0,0,26.9,71,28.7,21.2
2026-08-20T06:15:00+05:30,2026-08-20 06:15:00,26.9,29.5,23.1,0,0,0,169,0,0,0,0,3.6,626.6,80,0,0,26.9,71,28.7,21.2
2026-08-20T06:10:00+05:30,2026-08-20 06:10:00,26.9,29.5,23.1,0,0,0,169,0,0,0,0,3.6,626.6,80,0,0,26.9,71,28.7,21.2
2026-08-20T06:05:00+05:30,2026-08-20 06:05:00,26.9,29.5,23.1,0,0,0,169,0,0,0,0,3.6,626.6,80,0,0,26.9,71,28.7,21.2
2026-08-20T06:01:00+05:30,2026-08-20 06:01:00,26.9,29.5,23.1,0,0,0,169,0,0,0,0,3.6,626.6,80,0,0,26.9,71,28.7,21.2
2026-08-20T05:55:00+05:30,2026-08-20 05:55:00,27,29.6,23,0,0,0,169,0,0,0,0,3.6,626.6,79,0,0,26.9,71,28.7,21.2
2026-08-20T05:50:00+05:30,2026-08-20 05:50:00,27,29.6,23,0,0,0,169,0,0,0,0,3.6,626.6,79,0,0,26.9,71,28.7,21.2
2026-08-20T05:45:00+05:30,2026-08-20 05:45:00,27,29.6,23,0,0,0,169,0,0,0,0,3.6,626.6,79,0,0,26.9,71,28.7,21.2
2026-08-20T05:40:00+05:30,2026-08-20 05:40:00,27,29.6,23,0,0,0,169,0,0,0,0,3.6,626.6,79,0,0,26.9,71,28.7,21.2
2026-08-20T05:35:00+05:30,2026-08-20 05:35:00,27,29.6,23,0,0,0,169,0,0,0,0,3.6,626.6,79,0,0,26.9,71,28.7,21.2
2026-08-20T05:30:00+05:30,2026-08-20 05:30:00,27,29.6,23,0,0,0,169,0,0,0,0,3.6,626.6,79,0,0,26.9,71,28.7,21.2
2026-08-20T05:25:00+05:30,2026-08-20 05:25:00,27,29.6,23,0,0,0,169,0,0,0,0,3.6,626.6,79,0,0,26.9,71,28.7,21.2
2026-08-20T05:20:00+05:30,2026-08-20 05:20:00,27,29.6,23,0,0,0,169,0,0,0,0,3.6,626.6,79,0,0,26.9,71,28.7,21.2
2026-08-20T05:15:00+05:30,2026-08-20 05:15:00,27,29.6,23,0,0,0,169,0,0,0,0,3.6,626.6,79,0,0,27,71,28.9,21.3
2026-08-20T05:10:00+05:30,2026-08-20 05:10:00,27,29.7,23.2,0,0,0,169,0,0,0,0,3.6,626.6,80,0,0,27,71,28.9,21.3
2026-08-20T05:05:00+05:30,2026-08-20 05:05:00,27,29.7,23.2,0,0,0,169,0,0,0,0,3.6,626.6,80,0,0,27,71,28.9,21.3
2026-08-20T05:00:00+05:30,2026-08-20 05:00:00,27.1,30,23.4,0,0,0,169,0,0,0,0,3.6,626.6,80,0,0,27,71,28.9,21.3
2026-08-20T04:55:00+05:30,2026-08-20 04:55:00,27.1,30,23.4,0,0,0,169,0,0,0,0,3.6,626.6,80,0,0,27,71,28.9,21.3
2026-08-20T04:50:00+05:30,2026-08-20 04:50:00,27.1,30,23.4,0,0,0,169,0,0,0,0,3.6,626.6,80,0,0,27.1,71,29.1,21.4
2026-08-20T04:45:00+05:30,2026-08-20 04:45:00,27.1,30,23.4,0,0,0,169,0,0,0,0,3.6,626.6,80,0,0,27,71,28.9,21.3
2026-08-20T04:40:00+05:30,2026-08-20 04:40:00,27.1,30,23.4,0,0,0,169,0,0,0,0,3.6,626.6,80,0,0,27.1,71,29.1,21.4
2026-08-20T04:35:00+05:30,2026-08-20 04:35:00,27.1,29.9,23.1,0,0,0,169,0,0,0,0,3.6,626.6,79,0,0,27.1,71,29.1,21.4
2026-08-20T04:30:00+05:30,2026-08-20 04:30:00,27.1,30,23.4,0,0,0,169,0,0,0,0,3.6,626.6,80,0,0,27.1,71,29.1,21.4
2026-08-20T04:25:00+05:30,2026-08-20 04:25:00,27.1,30,23.4,0,0,0,169,0,0,0,0,3.6,626.6,80,0,0,27.1,71,29.1,21.4
2026-08-20T04:20:00+05:30,2026-08-20 04:20:00,27.2,30.2,23.5,0,0,0,169,0,0,0,0,3.6,626.6,80,0,0,27.1,71,29.1,21.4
2026-08-20T04:15:00+05:30,2026-08-20 04:15:00,27.2,30.2,23.5,0,0,0,169,0,0,0,0,3.6,626.6,80,0,0,27.1,71,29.1,21.4
2026-08-20T04:10:00+05:30,2026-08-20 04:10:00,27.2,30.2,23.5,0,0,0,169,0,0,0,0,3.6,626.6,80,0,0,27.2,71,29.3,21.5
2026-08-20T04:05:00+05:30,2026-08-20 04:05:00,27.2,30.2,23.5,0,0,0,169,0,0,0,0,3.6,626.6,80,0,0,27.2,71,29.3,21.5
2026-08-20T04:00:00+05:30,2026-08-20 04:00:00,27.2,30.2,23.5,0,0,0,169,0,0,0,0,3.6,626.6,80,0,0,27.3,71,29.4,21.6
2026-08-20T03:55:00+05:30,2026-08-20 03:55:00,27.2,30.2,23.5,0,0,0,169,0,0,0,0,3.6,626.6,80,0,0,27.3,71,29.4,21.6
2026-08-20T03:50:00+05:30,2026-08-20 03:50:00,27.3,30.4,23.5,0,0,0,169,0,0,0,0,3.6,626.6,80,0,0,27.3,71,29.4,21.6
2026-08-20T03:45:00+05:30,2026-08-20 03:45:00,27.3,30.4,23.5,0,0,0,169,0,0,0,0,3.6,626.6,80,0,0,27.3,71,29.4,21.6
2026-08-20T03:40:00+05:30,2026-08-20 03:40:00,27.3,30.4,23.5,0,0,0,169,0,0,0,0,3.6,626.6,80,0,0,27.4,71,29.6,21.7
2026-08-20T03:36:00+05:30,2026-08-20 03:36:00,27.3,30.4,23.5,0,0,0,169,0,0,0,0,3.6,626.6,80,0,0,27.4,71,29.6,21.7
2026-08-20T03:30:00+05:30,2026-08-20 03:30:00,27.3,30.4,23.5,0,0,0,169,0,0,0,0,3.6,626.6,80,0,0,27.4,71,29.6,21.7
2026-08-20T03:25:00+05:30,2026-08-20 03:25:00,27.4,30.6,23.6,0,0,0,169,0,0,0,0,3.6,626.6,80,0,0,27.4,71,29.6,21.7
2026-08-20T03:20:00+05:30,2026-08-20 03:20:00,27.4,30.6,23.6,0,0,0,169,0,0,0,0,3.6,626.6,80,0,0,27.4,71,29.6,21.7
2026-08-20T03:15:00+05:30,2026-08-20 03:15:00,27.4,30.6,23.6,0,0,0,169,0,0,0,0,3.6,626.6,80,0,0,27.4,71,29.6,21.7
2026-08-20T03:10:00+05:30,2026-08-20 03:10:00,27.4,30.6,23.6,0,0,0,169,0,0,0,0,3.6,626.6,80,0,0,27.5,71,29.8,21.8
2026-08-20T03:05:00+05:30,2026-08-20 03:05:00,27.4,30.6,23.6,0,0,0,169,0,0,0,0,3.6,626.6,80,0,0,27.5,71,29.8,21.8
2026-08-20T03:00:00+05:30,2026-08-20 03:00:00,27.5,30.9,23.7,0,0,0,169,0,0,0,0,3.6,626.6,80,0,0,27.5,71,29.8,21.8
2026-08-20T02:55:00+05:30,2026-08-20 02:55:00,27.5,30.9,23.7,0,0,0,169,0,0,0,0,3.6,626.6,80,0,0,27.5,71,29.8,21.8
2026-08-20T02:50:00+05:30,2026-08-20 02:50:00,27.5,30.9,23.7,0,0,0,169,0,0,0,0,3.6,626.6,80,0,0,27.5,71,29.8,21.8
2026-08-20T02:45:00+05:30,2026-08-20 02:45:00,27.5,30.9,23.7,0,0,0,169,0,0,0,0,3.6,626.6,80,0,0,27.5,70,29.7,21.5
2026-08-20T02:40:00+05:30,2026-08-20 02:40:00,27.5,30.8,23.5,0,0,0,169,0,0,0,0,3.6,626.6,79,0,0,27.6,70,29.9,21.6
2026-08-20T02:35:00+05:30,2026-08-20 02:35:00,27.5,30.8,23.5,0,0,0,169,0,0,0,0,3.6,626.6,79,0,0,27.5,70,29.7,21.5
2026-08-20T02:31:00+05:30,2026-08-20 02:31:00,27.5,30.8,23.5,0,0,0,169,0,0,0,0,3.6,626.6,79,0,0,27.6,70,29.9,21.6
2026-08-20T02:25:00+05:30,2026-08-20 02:25:00,27.6,31,23.6,0,0,0,169,0,0,0,0,3.6,626.6,79,0,0,27.6,70,29.9,21.6
2026-08-20T02:20:00+05:30,2026-08-20 02:20:00,27.6,31,23.6,0,0,0,169,0,0,0,0,3.6,626.6,79,0,0,27.6,70,29.9,21.6
2026-08-20T02:15:00+05:30,2026-08-20 02:15:00,27.6,31,23.6,0,0,0,169,0,0,0,0,3.6,626.6,79,0,0,27.7,70,30.1,21.7
2026-08-20T02:10:00+05:30,2026-08-20 02:10:00,27.6,31,23.6,0,0,0,169,0,0,0,0,3.6,626.6,79,0,0,27.6,70,29.9,21.6
2026-08-20T02:05:00+05:30,2026-08-20 02:05:00,27.6,31,23.6,0,0,0,169,0,0,0,0,3.6,626.6,79,0,0,27.7,70,30.1,21.7
2026-08-20T02:00:00+05:30,2026-08-20 02:00:00,27.6,31,23.6,0,0,0,169,0,0,0,0,3.6,626.6,79,0,0,27.7,70,30.1,21.7
2026-08-20T01:55:00+05:30,2026-08-20 01:55:00,27.6,31,23.6,0,0,0,169,0,0,0,0,3.6,626.6,79,0,0,27.7,70,30.1,21.7
2026-08-20T01:50:00+05:30,2026-08-20 01:50:00,27.6,31,23.6,0,0,0,169,0,0,0,0,3.6,626.6,79,0,0,27.7,70,30.1,21.7
2026-08-20T01:45:00+05:30,2026-08-20 01:45:00,27.6,31,23.6,0,0,0,169,0,0,0,0,3.6,626.6,79,0,0,27.7,70,30.1,21.7
2026-08-20T01:40:00+05:30,2026-08-20 01:40:00,27.7,31.3,23.7,0,0,0,169,0,0,0,0,3.6,626.6,79,0,0,27.7,70,30.1,21.7
2026-08-20T01:35:00+05:30,2026-08-20 01:35:00,27.7,31.3,23.7,0,0,0,169,0,0,0,0,3.6,626.6,79,0,0,27.8,70,30.2,21.8
2026-08-20T01:30:00+05:30,2026-08-20 01:30:00,27.7,31.3,23.7,0,0,0,169,0,0,0,0,3.6,626.6,79,0,0,27.8,70,30.2,21.8
2026-08-20T01:26:00+05:30,2026-08-20 01:26:00,27.7,31.3,23.7,0,0,0,169,0,0,0,0,3.6,626.6,79,0,0,27.8,70,30.2,21.8
2026-08-20T01:20:00+05:30,2026-08-20 01:20:00,27.8,31.3,23.6,0,0,0,169,0,0,0,0,3.6,626.6,78,0,0,27.8,69,30.1,21.6
2026-08-20T01:15:00+05:30,2026-08-20 01:15:00,27.8,31.3,23.6,0,0,0,169,0,0,0,0,3.6,626.6,78,0,0,27.8,69,30.1,21.6
2026-08-20T01:10:00+05:30,2026-08-20 01:10:00,27.8,31.3,23.6,0,0,0,169,0,0,0,0,3.6,626.6,78,0,0,27.8,69,30.1,21.6
2026-08-20T01:05:00+05:30,2026-08-20 01:05:00,27.8,31.3,23.6,0,0,0,169,0,0,0,0,3.6,626.6,78,0,0,27.8,69,30.1,21.6
2026-08-20T01:00:00+05:30,2026-08-20 01:00:00,27.8,31.1,23.4,0,0,0,169,0,0,0,0,3.6,626.6,77,0,0,27.8,69,30.1,21.6
2026-08-20T00:55:00+05:30,2026-08-20 00:55:00,27.8,31.1,23.4,0,0,0,169,0,0,0,0,3.6,626.6,77,0,0,27.9,69,30.3,21.7
2026-08-20T00:50:00+05:30,2026-08-20 00:50:00,27.8,31.1,23.4,0,0,0,169,0,0,0,0,3.6,626.6,77,0,0,27.9,69,30.3,21.7
2026-08-20T00:45:00+05:30,2026-08-20 00:45:00,27.9,31.4,23.5,0,0,0,169,0,0,0,0,3.6,626.6,77,0,0,27.9,68,30.2,21.4
2026-08-20T00:40:00+05:30,2026-08-20 00:40:00,27.9,31.4,23.5,0,0,0,169,0,0,0,0,3.6,626.6,77,0,0,27.9,68,30.2,21.4
2026-08-20T00:35:00+05:30,2026-08-20 00:35:00,27.9,31.3,23.3,0,0,0,169,0,0,0,0,3.6,626.6,76,0,0,27.9,68,30.2,21.4
2026-08-20T00:30:00+05:30,2026-08-20 00:30:00,27.9,31.3,23.3,0,0,0,169,0,0,0,0,3.6,626.6,76,0,0,28,68,30.4,21.6
2026-08-20T00:25:00+05:30,2026-08-20 00:25:00,28,31.5,23.4,0,0,0,169,0,0,0,0,3.6,626.6,76,0,0,28,68,30.4,21.6
2026-08-20T00:20:00+05:30,2026-08-20 00:20:00,28,31.5,23.4,0,0,0,169,0,0,0,0,3.6,626.6,76,0,0,28,68,30.4,21.6
2026-08-20T00:15:00+05:30,2026-08-20 00:15:00,28,31.5,23.4,0,0,0,169,0,0,0,0,3.6,626.6,76,0,0,28.1,68,30.6,21.6
2026-08-20T00:10:00+05:30,2026-08-20 00:10:00,28,31.5,23.4,0,0,0,169,0,0,0,0,3.6,626.6,76,0,0,28.1,68,30.6,21.6
2026-08-20T00:06:00+05:30,2026-08-20 00:06:00,28.1,31.8,23.5,0,0,0,169,0,0,0,0,3.6,626.6,76,0,0,28.1,68,30.6,21.6
2026-08-20T00:00:00+05:30,2026-08-20 00:00:00,28.1,31.8,23.5,0,0,0,169,0,0,0,0,3.6,626.6,76,0,0,28.1,68,30.6,21.6
2026-08-19T23:55:00+05:30,2026-08-19 23:55:00,28.1,31.8,23.5,0,0,0,169,0,0,0,0,3.6,626.6,76,0,0,28.1,68,30.6,21.6
2026-08-19T23:50:00+05:30,2026-08-19 23:50:00,28.1,31.6,23.3,0,0,0,169,0,0,0,0,3.6,626.6,75,0,0,28.2,68,30.8,21.7
2026-08-19T23:45:00+05:30,2026-08-19 23:45:00,28.2,31.9,23.4,0,0,0,169,0,0,0,0,3.6,626.6,75,0,0,28.2,68,30.8,21.7
2026-08-19T23:40:00+05:30,2026-08-19 23:40:00,28.1,31.6,23.3,0,0,0,169,0,0,0,0,3.6,626.6,75,0,0,28.2,67,30.7,21.5
2026-08-19T23:35:00+05:30,2026-08-19 23:35:00,28.2,31.9,23.4,0,0,0,169,0,0,0,0,3.6,626.6,75,0,0,28.3,67,30.8,21.6
2026-08-19T23:30:00+05:30,2026-08-19 23:30:00,28.2,31.9,23.4,0,0,0,169,0,0,0,0,3.6,626.6,75,0,0,28.3,67,30.8,21.6
2026-08-19T23:25:00+05:30,2026-08-19 23:25:00,28.2,31.9,23.4,0,0,0,169,0,0,0,0,3.6,626.6,75,0,0,28.3,67,30.8,21.6
2026-08-19T23:20:00+05:30,2026-08-19 23:20:00,28.2,31.9,23.4,0,0,0,169,0,0,0,0,3.6,626.6,75,0,0,28.3,67,30.8,21.6
2026-08-19T23:15:00+05:30,2026-08-19 23:15:00,28.3,32,23.4,0,0,0,169,0,0,0,0,3.6,626.6,75,0,0,28.4,68,31.1,21.9
2026-08-19T23:10:00+05:30,2026-08-19 23:10:00,28.3,32,23.4,0,0,0,169,0,0,0,0,3.6,626.6,75,0,0,28.4,68,31.1,21.9
2026-08-19T23:05:00+05:30,2026-08-19 23:05:00,28.3,32.1,23.6,0,0,0,169,0,0,0,0,3.6,626.6,76,0,0,28.4,68,31.1,21.9
2026-08-19T23:01:00+05:30,2026-08-19 23:01:00,28.3,32.1,23.6,0,0,0,169,0,0,0,0,3.6,626.6,76,0,0,28.4,68,31.1,21.9
2026-08-19T22:55:00+05:30,2026-08-19 22:55:00,28.3,32,23.4,0,0,0,169,0,0,0,0,3.6,626.6,75,0,0,28.4,68,31.1,21.9
2026-08-19T22:50:00+05:30,2026-08-19 22:50:00,28.4,32.4,23.7,0,0,0,169,0,0,0,0,3.6,626.6,76,0,0,28.5,68,31.3,22
2026-08-19T22:45:00+05:30,2026-08-19 22:45:00,28.4,32.4,23.7,0,0,0,169,0,0,0,0,3.6,626.6,76,0,0,28.5,68,31.3,22
2026-08-19T22:40:00+05:30,2026-08-19 22:40:00,28.5,32.7,23.8,0,0,0,169,0,0,0,0,3.6,626.6,76,0,0,28.5,68,31.3,22
2026-08-19T22:35:00+05:30,2026-08-19 22:35:00,28.5,32.7,23.8,0,0,0,169,0,0,0,0,3.6,626.6,76,0,0,28.6,68,31.6,22.1
2026-08-19T22:30:00+05:30,2026-08-19 22:30:00,28.5,32.7,23.8,0,0,0,169,0,0,0,0,3.6,626.6,76,0,0,28.6,68,31.6,22.1
2026-08-19T22:25:00+05:30,2026-08-19 22:25:00,28.5,32.7,23.8,0,0,0,169,0,0,0,0,3.6,626.6,76,0,0,28.6,68,31.6,22.1
2026-08-19T22:20:00+05:30,2026-08-19 22:20:00,28.6,32.9,24,0,0,0,169,0,0,0,0,3.6,626.6,76,0,0,28.6,68,31.6,22.1
2026-08-19T22:15:00+05:30,2026-08-19 22:15:00,28.6,32.9,24,0,0,0,169,0,0,0,0,3.6,626.6,76,0,0,28.7,68,31.8,22.2
2026-08-19T22:10:00+05:30,2026-08-19 22:10:00,28.6,32.9,24,0,0,0,169,0,0,0,0,3.6,626.6,76,0,0,28.7,68,31.8,22.2
2026-08-19T22:05:00+05:30,2026-08-19 22:05:00,28.7,33.2,24.1,0,0,0,169,0,0,0,0,3.6,626.6,76,0,0,28.7,68,31.8,22.2
2026-08-19T22:00:00+05:30,2026-08-19 22:00:00,28.7,33.2,24.1,0,0,0,169,0,0,0,0,3.6,626.6,76,0,0,28.7,68,31.8,22.2
2026-08-19T21:56:00+05:30,2026-08-19 21:56:00,28.7,33.2,24.1,0,0,0,169,0,0,0,0,3.6,626.6,76,0,0,28.8,68,31.9,22.3
2026-08-19T21:50:00+05:30,2026-08-19 21:50:00,28.8,33.3,24.1,0,0,0,169,0,0,0,0,3.6,626.6,76,0,0,28.8,68,31.9,22.3
2026-08-19T21:45:00+05:30,2026-08-19 21:45:00,28.8,33.3,24.1,0,0,0,169,0,0,0,0,3.6,626.6,76,0,0,28.8,68,31.9,22.3
2026-08-19T21:40:00+05:30,2026-08-19 21:40:00,28.8,33.3,24.1,0,0,0,169,0,0,0,0,3.6,626.6,76,0,0,28.8,67,31.7,22
2026-08-19T21:35:00+05:30,2026-08-19 21:35:00,28.8,33.3,24.1,0,0,0,169,0,0,0,0,3.6,626.6,76,0,0,28.8,67,31.7,22
2026-08-19T21:30:00+05:30,2026-08-19 21:30:00,28.8,33.3,24.1,0,0,0,169,0,0,0,0,3.6,626.6,76,0,0,28.8,67,31.7,22
2026-08-19T21:25:00+05:30,2026-08-19 21:25:00,28.9,33.6,24.2,0,0,0,169,0,0,0,0,3.6,626.6,76,0,0,28.8,67,31.7,22
2026-08-19T21:20:00+05:30,2026-08-19 21:20:00,28.9,33.6,24.2,0,0,0,169,0,0,0,0,3.6,626.6,76,0,0,28.9,67,31.9,22.1
2026-08-19T21:15:00+05:30,2026-08-19 21:15:00,28.9,33.4,24,0,0,0,169,0,0,0,0,3.6,626.6,75,0,0,28.9,67,31.9,22.1
2026-08-19T21:10:00+05:30,2026-08-19 21:10:00,28.9,33.4,24,0,0,0,169,0,0,0,0,3.6,626.6,75,0,0,28.9,67,31.9,22.1
2026-08-19T21:05:00+05:30,2026-08-19 21:05:00,28.9,33.4,24,0,0,0,169,0,0,0,0,3.6,626.6,75,0,0,28.9,67,31.9,22.1
2026-08-19T21:00:00+05:30,2026-08-19 21:00:00,29,33.5,23.9,0,0,0,169,0,0,0,0,3.6,626.6,74,0,0,29,66,32,22
2026-08-19T20:55:00+05:30,2026-08-19 20:55:00,29,33.5,23.9,0,0,0,169,0,0,0,0,3.6,626.6,74,0,0,29,66,32,22
2026-08-19T20:51:00+05:30,2026-08-19 20:51:00,29,33.5,23.9,0,0,0,169,0,0,0,0,3.6,626.6,74,0,0,29.1,66,32.2,22.1
2026-08-19T20:45:00+05:30,2026-08-19 20:45:00,29.1,33.8,24,0,0,0,169,0,0,0,0,3.6,626.6,74,0,0,29.1,66,32.2,22.1
2026-08-19T20:40:00+05:30,2026-08-19 20:40:00,29.1,33.8,24,0,0,0,169,0,0,0,0,3.6,626.6,74,0,0,29.1,66,32.2,22.1
2026-08-19T20:35:00+05:30,2026-08-19 20:35:00,29.1,33.8,24,0,0,0,169,0,0,0,0,3.6,626.6,74,0,0,29.2,66,32.4,22.2
2026-08-19T20:30:00+05:30,2026-08-19 20:30:00,29.1,33.8,24,0,0,0,169,0,0,0,0,3.6,626.6,74,0,0,29.2,66,32.4,22.2
2026-08-19T20:25:00+05:30,2026-08-19 20:25:00,29.2,34,24.1,0,0,0,169,0,0,0,0,3.6,626.6,74,0,0,29.2,66,32.4,22.2
2026-08-19T20:20:00+05:30,2026-08-19 20:20:00,29.2,34,24.1,0,0,0,169,0,0,0,0,3.6,626.6,74,0,0,29.2,66,32.4,22.2
2026-08-19T20:15:00+05:30,2026-08-19 20:15:00,29.2,33.8,23.9,0,0,0,169,0,0,0,0,3.6,626.6,73,0,0,29.2,66,32.4,22.2
2026-08-19T20:10:00+05:30,2026-08-19 20:10:00,29.3,34,23.9,0,0,0,169,0,0,0,0,3.6,626.6,73,0,0,29.3,66,32.6,22.3
2026-08-19T20:05:00+05:30,2026-08-19 20:05:00,29.3,34,23.9,0,0,0,169,0,0,0,0,3.6,626.6,73,0,0,29.3,65,32.4,22
2026-08-19T20:00:00+05:30,2026-08-19 20:00:00,29.3,34,23.9,0,0,0,169,0,0,0,0,3.6,626.6,73,0,0,29.3,65,32.4,22
2026-08-19T19:55:00+05:30,2026-08-19 19:55:00,29.4,34.2,24,0,0,0,169,0,0,0,0,3.6,626.6,73,0,0,29.4,65,32.6,22.1
2026-08-19T19:50:00+05:30,2026-08-19 19:50:00,29.4,34.2,24,0,0,0,169,0,0,0,0,3.6,626.6,73,0,0,29.4,65,32.6,22.1
2026-08-19T19:45:00+05:30,2026-08-19 19:45:00,29.5,34.3,23.9,0,0,0,169,0,0,0,0,3.6,626.6,72,0,0,29.4,65,32.6,22.1
2026-08-19T19:40:00+05:30,2026-08-19 19:40:00,29.5,34.3,23.9,0,0,0,169,0,0,0,0,3.6,626.6,72,0,0,29.5,65,32.8,22.2
2026-08-19T19:35:00+05:30,2026-08-19 19:35:00,29.6,34.6,24,0,0,0,169,0,0,0,0,3.6,626.6,72,0,0,29.5,65,32.8,22.2
2026-08-19T19:31:00+05:30,2026-08-19 19:31:00,29.6,34.6,24,0,0,0,169,0,0,0,0,3.6,626.6,72,0,0,29.6,65,33.1,22.3
2026-08-19T19:25:00+05:30,2026-08-19 19:25:00,29.6,34.6,24,0,0,0,169,0,0,0,0,3.6,626.6,72,0,0,29.6,65,33.1,22.3
2026-08-19T19:20:00+05:30,2026-08-19 19:20:00,29.7,34.8,24.1,0,0,0,169,0,0,0,0,3.6,626.6,72,0,0,29.6,65,33.1,22.3
2026-08-19T19:15:00+05:30,2026-08-19 19:15:00,29.7,34.8,24.1,0,0,0,169,0,0,0,0,3.6,626.6,72,0,0,29.7,65,33.3,22.4
2026-08-19T19:10:00+05:30,2026-08-19 19:10:00,29.7,34.6,23.9,0,0,0,169,0,0,0,0,3.6,626.6,71,0,0,29.7,65,33.3,22.4
2026-08-19T19:05:00+05:30,2026-08-19 19:05:00,29.8,34.7,23.9,0,0,0,169,0,0,0,0,3.6,626.6,71,0,0,29.7,65,33.3,22.4
2026-08-19T19:00:00+05:30,2026-08-19 19:00:00,29.8,34.7,23.9,0,0,0,169,0,0,0,0,3.6,626.6,71,0,0,29.7,65,33.3,22.4
2026-08-19T18:55:00+05:30,2026-08-19 18:55:00,29.9,35,24,0,0,0,169,0,0,0,0,3.6,626.6,71,0,0,29.8,64,33.2,22.2
2026-08-19T18:50:00+05:30,2026-08-19 18:50:00,29.9,35,24,0,0,0,169,0,0,0,0,3.6,626.6,71,0,0,29.8,64,33.2,22.2
2026-08-19T18:45:00+05:30,2026-08-19 18:45:00,30,35.3,24.2,0,0,0,169,0,0,0,0,3.6,626.6,71,0,0,29.8,64,33.2,22.2
2026-08-19T18:40:00+05:30,2026-08-19 18:40:00,30,35.3,24.2,0,0,0,169,0,0,0,0,3.6,626.6,71,0,0,29.8,64,33.2,22.2
2026-08-19T18:35:00+05:30,2026-08-19 18:35:00,30.1,35.6,24.3,0,0,0,169,0,0,0,0,3.6,626.6,71,0,0,29.9,64,33.4,22.3
2026-08-19T18:30:00+05:30,2026-08-19 18:30:00,30.1,35.6,24.3,0,0,0,169,0,0,0,0,3.6,626.6,71,0,0,29.9,64,33.4,22.3
2026-08-19T18:26:00+05:30,2026-08-19 18:26:00,30.2,35.6,24.1,0,0,0,169,0,0,0,0,3.6,626.6,70,0,0,29.9,64,33.4,22.3
2026-08-19T18:20:00+05:30,2026-08-19 18:20:00,30.2,35.6,24.1,0,0,0,169,0,0,0,0,3.6,626.6,70,0,0,29.9,64,33.4,22.3
2026-08-19T18:15:00+05:30,2026-08-19 18:15:00,30.2,35.6,24.1,0,0,0,169,0,0,0,0,3.6,626.6,70,0,0,29.9,64,33.4,22.3
2026-08-19T18:10:00+05:30,2026-08-19 18:10:00,30.3,35.7,24.2,0,0,0,169,0,0,0,0,3.6,626.6,70,0,0,30,64,33.7,22.4
2026-08-19T18:05:00+05:30,2026-08-19 18:05:00,30.3,35.7,24.2,0,0,0,169,0,0,0,0,3.6,626.6,70,0,0,30,64,33.7,22.4
2026-08-19T18:00:00+05:30,2026-08-19 18:00:00,30.4,36,24.3,0,0,0,170,0,0,0,0,3.6,626.6,70,0,0,30,64,33.7,22.4
2026-08-19T17:55:00+05:30,2026-08-19 17:55:00,30.4,36,24.3,0,0,0,169,0,0,0,0,3.6,626.6,70,0,0,30,64,33.7,22.4
2026-08-19T17:50:00+05:30,2026-08-19 17:50:00,30.4,36,24.3,0,0,0,170,0,0,0,0,3.6,626.6,70,0,0,30.1,64,33.9,22.6
2026-08-19T17:45:00+05:30,2026-08-19 17:45:00,30.5,36.3,24.4,0,0,0,170,0,0,0,0,3.6,626.6,70,0,0,30.2,64,34.1,22.7
2026-08-19T17:40:00+05:30,2026-08-19 17:40:00,30.5,36.3,24.4,0,0,0,170,0,0,0,0,3.6,626.6,70,0,0,30.2,64,34.1,22.7
2026-08-19T17:35:00+05:30,2026-08-19 17:35:00,30.6,36.6,24.5,0,0,0,170,0,0,0,0,3.6,626.6,70,0,0,30.3,64,34.3,22.7
2026-08-19T17:30:00+05:30,2026-08-19 17:30:00,30.6,36.6,24.5,0,0,0,170,0,0,0,0,3.6,626.6,70,0,0,30.3,64,34.3,22.7
2026-08-19T17:25:00+05:30,2026-08-19 17:25:00,30.6,36.6,24.5,0,0,0,170,0,0,0,0,3.6,626.6,70,0,0,30.3,64,34.3,22.7
2026-08-19T17:21:00+05:30,2026-08-19 17:21:00,30.6,36.6,24.5,0,0,0,170,0,0,0,0,3.6,626.6,70,0,0,30.3,64,34.3,22.7
2026-08-19T17:15:00+05:30,2026-08-19 17:15:00,30.7,36.9,24.6,0,0,0,170,0,0,0,0,3.6,626.6,70,0,0.1,30.4,64,34.5,22.8
2026-08-19T17:10:00+05:30,2026-08-19 17:10:00,30.7,36.9,24.6,0,0,0,170,0,0,0,0,3.6,626.6,70,0,0,30.4,64,34.5,22.8
2026-08-19T17:05:00+05:30,2026-08-19 17:05:00,30.7,37.1,24.8,0,0,0,170,0,0,0,0,3.6,626.6,71,0,0,30.4,64,34.5,22.8
2026-08-19T17:00:00+05:30,2026-08-19 17:00:00,30.7,37.1,24.8,0,0,0,170,0,0,0,0,3.6,626.6,71,0,0.1,30.4,64,34.5,22.8
2026-08-19T16:55:00+05:30,2026-08-19 16:55:00,30.7,37.1,24.8,0,0,0,170,0,0,0,0,3.6,626.6,71,0,0.5,30.4,64,34.5,22.8
2026-08-19T16:50:00+05:30,2026-08-19 16:50:00,30.6,36.9,24.7,0,0,0,170,0,0,0,0,3.6,626.6,71,0,0.5,30.5,64,34.7,22.9
2026-08-19T16:45:00+05:30,2026-08-19 16:45:00,30.6,36.9,24.7,0,0,0,170,0,0,0,0,3.6,626.6,71,0,0.3,30.5,64,34.7,22.9
2026-08-19T16:40:00+05:30,2026-08-19 16:40:00,30.6,36.9,24.7,0,0,0,170,0,0,0,0,3.6,626.6,71,0,0.1,30.5,64,34.7,22.9
2026-08-19T16:35:00+05:30,2026-08-19 16:35:00,30.6,36.9,24.7,0,0,0,170,0,0,0,0,3.6,626.6,71,0,0.1,30.5,64,34.7,22.9
2026-08-19T16:30:00+05:30,2026-08-19 16:30:00,30.6,36.9,24.7,0,0,0,170,0,0,0,0,3.6,626.6,71,0,0.3,30.5,64,34.7,22.9
2026-08-19T16:25:00+05:30,2026-08-19 16:25:00,30.6,36.6,24.5,0,0,0,170,0,0,0,0,3.6,626.6,70,0,0.3,30.5,64,34.7,22.9
2026-08-19T16:20:00+05:30,2026-08-19 16:20:00,30.6,36.6,24.5,0,0,0,170,0,0,0,0,3.6,626.6,70,0,0.3,30.5,64,34.7,22.9
2026-08-19T16:15:00+05:30,2026-08-19 16:15:00,30.6,36.6,24.5,0,0,0,170,0,0,0,0,3.6,626.6,70,0,0.3,30.4,64,34.5,22.8
2026-08-19T16:10:00+05:30,2026-08-19 16:10:00,30.6,36.6,24.5,0,0,0,170,0,0,0,0,3.6,626.6,70,0,0.3,30.5,64,34.7,22.9
2026-08-19T16:05:00+05:30,2026-08-19 16:05:00,30.7,36.9,24.6,0,0,0,170,0,0,0,0,3.6,626.6,70,0,0.3,30.4,64,34.5,22.8
2026-08-19T16:00:00+05:30,2026-08-19 16:00:00,30.6,36.6,24.5,0,0,0,170,0,0,0,0,3.6,626.6,70,0,0.3,30.4,64,34.5,22.8
2026-08-19T15:55:00+05:30,2026-08-19 15:55:00,30.6,36.6,24.5,0,0,0,170,0,0,0,0,3.6,626.6,70,0,0.4,30.4,64,34.5,22.8
2026-08-19T15:50:00+05:30,2026-08-19 15:50:00,30.6,36.6,24.5,0,0,0,170,0,0,0,0,3.6,626.6,70,0,0.4,30.4,64,34.5,22.8
2026-08-19T15:45:00+05:30,2026-08-19 15:45:00,30.5,36.6,24.6,0,0,0,170,0,0,0,0,3.6,626.6,71,0,0.4,30.4,64,34.5,22.8
2026-08-19T15:40:00+05:30,2026-08-19 15:40:00,30.5,36.3,24.4,0,0,0,170,0,0,0,0,3.6,626.6,70,0,0.5,30.4,64,34.5,22.8
2026-08-19T15:35:00+05:30,2026-08-19 15:35:00,30.6,36.6,24.5,0,0,0,170,0,0,0,0,3.6,626.6,70,0,0.4,30.4,64,34.5,22.8
2026-08-19T15:30:00+05:30,2026-08-19 15:30:00,30.5,36.3,24.4,0,0,0,170,0,0,0,0,3.6,626.6,70,0,0.2,30.4,64,34.5,22.8
2026-08-19T15:25:00+05:30,2026-08-19 15:25:00,30.5,36.3,24.4,0,0,0,170,0,0,0,0,3.6,626.6,70,0,0.2,30.4,64,34.5,22.8
2026-08-19T15:20:00+05:30,2026-08-19 15:20:00,30.6,36.3,24.3,0,0,0,170,0,0,0,0,3.6,626.6,69,0,0.2,30.4,64,34.5,22.8
2026-08-19T15:15:00+05:30,2026-08-19 15:15:00,30.5,36,24.2,0,0,0,170,0,0,0,0,3.6,626.6,69,0,0.7,30.3,64,34.3,22.7
2026-08-19T15:10:00+05:30,2026-08-19 15:10:00,30.5,36.3,24.4,0,0,0,170,0,0,0,0,3.6,626.6,70,0,0.5,30.3,64,34.3,22.7
2026-08-19T15:05:00+05:30,2026-08-19 15:05:00,30.4,36.3,24.5,0,0,0,170,0,0,0,0,3.6,626.6,71,0,0.6,30.2,64,34.1,22.7
2026-08-19T15:00:00+05:30,2026-08-19 15:00:00,30.2,35.8,24.4,0,0,0,170,0,0,0,0,3.6,626.6,71,0,0.7,30.2,65,34.4,22.9
2026-08-19T14:56:00+05:30,2026-08-19 14:56:00,30.2,35.8,24.4,0,0,0,170,0,0,0,0,3.6,626.6,71,0,0.7,30.1,65,34.1,22.8
2026-08-19T14:50:00+05:30,2026-08-19 14:50:00,30.2,35.8,24.4,0,0,0,170,0,0,0,0,3.6,626.6,71,0,0.8,30.1,64,33.9,22.6
2026-08-19T14:45:00+05:30,2026-08-19 14:45:00,30.2,35.8,24.4,0,0,0,170,0,0,0,0,3.6,626.6,71,0,0.8,30.1,65,34.1,22.8
2026-08-19T14:40:00+05:30,2026-08-19 14:40:00,30.2,35.8,24.4,0,0,0,170,0,0,0,0,3.6,626.6,71,0,0.5,30.1,65,34.1,22.8
2026-08-19T14:35:00+05:30,2026-08-19 14:35:00,30.2,36.1,24.6,0,0,0,170,0,0,0,0,3.6,626.6,72,0,0.5,30.2,65,34.4,22.9
2026-08-19T14:30:00+05:30,2026-08-19 14:30:00,30.2,36.1,24.6,0,0,0,170,0,0,0,0,3.6,626.6,72,0,0.4,30.2,65,34.4,22.9
2026-08-19T14:25:00+05:30,2026-08-19 14:25:00,30.2,36.1,24.6,0,0,0,170,0,0,0,0,3.6,626.6,72,0,0.8,30.2,65,34.4,22.9
2026-08-19T14:20:00+05:30,2026-08-19 14:20:00,30.2,35.8,24.4,0,0,0,170,0,0,0,0,3.6,626.6,71,0,0.5,30.2,65,34.4,22.9
2026-08-19T14:15:00+05:30,2026-08-19 14:15:00,30.2,36.1,24.6,0,0,0,170,0,0,0,0,3.6,626.6,72,0,0.6,30.1,65,34.1,22.8
2026-08-19T14:10:00+05:30,2026-08-19 14:10:00,30.2,35.8,24.4,0,0,0,170,0,0,0,0,3.6,626.6,71,0,0.7,30.1,65,34.1,22.8
2026-08-19T14:05:00+05:30,2026-08-19 14:05:00,30.2,35.8,24.4,0,0,0,170,0,0,0,0,3.6,626.6,71,0,0.9,30.1,65,34.1,22.8
2026-08-19T14:00:00+05:30,2026-08-19 14:00:00,30.1,35.6,24.3,0,0,0,170,0,0,0,0,3.6,626.6,71,0,0.9,30,65,33.9,22.7
2026-08-19T13:55:00+05:30,2026-08-19 13:55:00,30.2,35.8,24.4,0,0,0,170,0,0,0,0,3.6,626.6,71,0,0.6,30.1,65,34.1,22.8
2026-08-19T13:51:00+05:30,2026-08-19 13:51:00,30.2,35.8,24.4,0,0,0,170,0,0,0,0,3.6,626.6,71,0,0.5,30.1,65,34.1,22.8
2026-08-19T13:45:00+05:30,2026-08-19 13:45:00,30.3,36,24.4,0,0,0,170,0,0,0,0,3.6,626.6,71,0,0.4,30.1,65,34.1,22.8
2026-08-19T13:40:00+05:30,2026-08-19 13:40:00,30.3,35.7,24.2,0,0,0,170,0,0,0,0,3.6,626.6,70,0,0.3,30,65,33.9,22.7
2026-08-19T13:35:00+05:30,2026-08-19 13:35:00,30.3,35.7,24.2,0,0,0,170,0,0,0,0,3.6,626.6,70,0,0.3,30,65,33.9,22.7
2026-08-19T13:30:00+05:30,2026-08-19 13:30:00,30.3,35.7,24.2,0,0,0,170,0,0,0,0,3.6,626.6,70,0,0.4,30,65,33.9,22.7
2026-08-19T13:25:00+05:30,2026-08-19 13:25:00,30.2,35.6,24.1,0,0,0,170,0,0,0,0,3.6,626.6,70,0,0.5,29.9,65,33.7,22.6
2026-08-19T13:20:00+05:30,2026-08-19 13:20:00,30.2,35.6,24.1,0,0,0,170,0,0,0,0,3.6,626.6,70,0,0.5,29.9,65,33.7,22.6
2026-08-19T13:15:00+05:30,2026-08-19 13:15:00,30.1,35.6,24.3,0,0,0,170,0,0,0,0,3.6,626.6,71,0,0.8,29.8,65,33.4,22.5
2026-08-19T13:10:00+05:30,2026-08-19 13:10:00,30,35.3,24.2,0,0,0,170,0,0,0,0,3.6,626.6,71,0,0.9,29.7,65,33.3,22.4
2026-08-19T13:05:00+05:30,2026-08-19 13:05:00,29.9,35,24,0,0,0,170,0,0,0,0,3.6,626.6,71,0,0.9,29.7,65,33.3,22.4
2026-08-19T13:00:00+05:30,2026-08-19 13:00:00,29.8,34.7,23.9,0,0,0,169,0,0,0,0,3.6,626.6,71,0,0.8,29.7,65,33.3,22.4
2026-08-19T12:55:00+05:30,2026-08-19 12:55:00,29.8,35,24.2,0,0,0,169,0,0,0,0,3.6,626.6,72,0,0.9,29.6,65,33.1,22.3
2026-08-19T12:50:00+05:30,2026-08-19 12:50:00,29.8,35,24.2,0,0,0,169,0,0,0,0,3.6,626.6,72,0,0.5,29.6,65,33.1,22.3
2026-08-19T12:46:00+05:30,2026-08-19 12:46:00,29.8,35,24.2,0,0,0,170,0,0,0,0,3.6,626.6,72,0,0.5,29.6,66,33.3,22.6
2026-08-19T12:40:00+05:30,2026-08-19 12:40:00,29.8,34.7,23.9,0,0,0,170,0,0,0,0,3.6,626.6,71,0,0.5,29.6,66,33.3,22.6
2026-08-19T12:35:00+05:30,2026-08-19 12:35:00,29.7,34.8,24.1,0,0,0,169,0,0,0,0,3.6,626.6,72,0,0.7,29.5,66,33.1,22.4
2026-08-19T12:30:00+05:30,2026-08-19 12:30:00,29.7,34.8,24.1,0,0,0,170,0,0,0,0,3.6,626.6,72,0,0.4,29.4,66,32.8,22.3
2026-08-19T12:25:00+05:30,2026-08-19 12:25:00,29.6,34.6,24,0,0,0,170,0,0,0,0,3.6,626.6,72,0,0.8,29.4,66,32.8,22.3
2026-08-19T12:20:00+05:30,2026-08-19 12:20:00,29.5,34.3,23.9,0,0,0,169,0,0,0,0,3.6,626.6,72,0,0.7,29.3,65,32.4,22
2026-08-19T12:15:00+05:30,2026-08-19 12:15:00,29.5,34.1,23.7,0,0,0,169,0,0,0,0,3.6,626.6,71,0,0.4,29.3,65,32.4,22
2026-08-19T12:10:00+05:30,2026-08-19 12:10:00,29.5,34.1,23.7,0,0,0,169,0,0,0,0,3.6,626.6,71,0,0.3,29.3,65,32.4,22
2026-08-19T12:05:00+05:30,2026-08-19 12:05:00,29.5,34.1,23.7,0,0,0,169,0,0,0,0,3.6,626.6,71,0,0.3,29.2,65,32.3,21.9
2026-08-19T12:00:00+05:30,2026-08-19 12:00:00,29.5,34.1,23.7,0,0,0,169,0,0,0,0,3.6,626.6,71,0,0.3,29.2,65,32.3,21.9
2026-08-19T11:55:00+05:30,2026-08-19 11:55:00,29.4,33.8,23.6,0,0,0,169,0,0,0,0,3.6,626.6,71,0,0.5,29.2,65,32.3,21.9
2026-08-19T11:50:00+05:30,2026-08-19 11:50:00,29.4,33.6,23.3,0,0,0,169,0,0,0,0,3.6,626.6,70,0,0.5,29.1,65,32.1,21.8
2026-08-19T11:45:00+05:30,2026-08-19 11:45:00,29.3,33.3,23.2,0,0,0,169,0,0,0,0,3.6,626.6,70,0,0.5,29,65,31.8,21.7
2026-08-19T11:40:00+05:30,2026-08-19 11:40:00,29.3,33.3,23.2,0,0,0,169,0,0,0,0,3.6,626.6,70,0,0.9,29,65,31.8,21.7
2026-08-19T11:35:00+05:30,2026-08-19 11:35:00,29.3,33.3,23.2,0,0,0,169,0,0,0,0,3.6,626.6,70,0,0.7,29,65,31.8,21.7
2026-08-19T11:30:00+05:30,2026-08-19 11:30:00,29.2,33.4,23.4,0,0,0,170,0,0,0,0,3.6,626.6,71,0,0.5,28.9,65,31.6,21.6
2026-08-19T11:26:00+05:30,2026-08-19 11:26:00,29.1,33.2,23.3,0,0,0,169,0,0,0,0,3.6,626.6,71,0,0.8,28.8,66,31.6,21.8
2026-08-19T11:20:00+05:30,2026-08-19 11:20:00,29.1,33.2,23.3,0,0,0,169,0,0,0,0,3.6,626.6,71,0,0.4,28.8,66,31.6,21.8
2026-08-19T11:15:00+05:30,2026-08-19 11:15:00,29,33.1,23.4,0,0,0,169,0,0,0,0,3.6,626.6,72,0,0.7,28.7,66,31.4,21.7
2026-08-19T11:10:00+05:30,2026-08-19 11:10:00,28.9,32.9,23.3,0,0,0,169,0,0,0,0,3.6,626.6,72,0,0.6,28.6,66,31.3,21.6
2026-08-19T11:05:00+05:30,2026-08-19 11:05:00,28.9,32.9,23.3,0,0,0,169,0,0,0,0,3.6,626.6,72,0,0.2,28.5,66,31.1,21.5
2026-08-19T11:00:00+05:30,2026-08-19 11:00:00,28.8,32.6,23.2,0,0,0,170,0,0,0,0,3.6,626.6,72,0,0.3,28.5,67,31.2,21.8
2026-08-19T10:55:00+05:30,2026-08-19 10:55:00,28.7,32.7,23.4,0,0,0,169,0,0,0,0,3.6,626.6,73,0,0.7,28.4,67,31,21.7
2026-08-19T10:50:00+05:30,2026-08-19 10:50:00,28.6,32.4,23.3,0,0,0,170,0,0,0,0,3.6,626.6,73,0,0.6,28.3,67,30.8,21.6
2026-08-19T10:45:00+05:30,2026-08-19 10:45:00,28.6,32.4,23.3,0,0,0,169,0,0,0,0,3.6,626.6,73,0,0.7,28.3,67,30.8,21.6
2026-08-19T10:40:00+05:30,2026-08-19 10:40:00,28.5,32.2,23.2,0,0,0,169,0,0,0,0,3.6,626.6,73,0,0.3,28.2,67,30.7,21.5
2026-08-19T10:35:00+05:30,2026-08-19 10:35:00,28.5,32.2,23.2,0,0,0,169,0,0,0,0,3.6,626.6,73,0,0.7,28.2,67,30.7,21.5
2026-08-19T10:30:00+05:30,2026-08-19 10:30:00,28.4,31.9,23.1,0,0,0,169,0,0,0,0,3.6,626.6,73,0,0.4,28.2,67,30.7,21.5
2026-08-19T10:25:00+05:30,2026-08-19 10:25:00,28.3,31.7,23,0,0,0,169,0,0,0,0,3.6,626.6,73,0,0.4,28.1,67,30.5,21.4
2026-08-19T10:21:00+05:30,2026-08-19 10:21:00,28.3,31.7,23,0,0,0,169,0,0,0,0,3.6,626.6,73,0,0.8,28,67,30.3,21.3
2026-08-19T10:15:00+05:30,2026-08-19 10:15:00,28.2,31.5,22.9,0,0,0,169,0,0,0,0,3.6,626.6,73,0,0.8,28,67,30.3,21.3
2026-08-19T10:10:00+05:30,2026-08-19 10:10:00,28.3,31.8,23.2,0,0,0,169,0,0,0,0,3.6,626.6,74,0,0.5,28,67,30.3,21.3
2026-08-19T10:05:00+05:30,2026-08-19 10:05:00,28.2,31.7,23.1,0,0,0,169,0,0,0,0,3.6,626.6,74,0,0.6,27.9,67,30.1,21.2
2026-08-19T10:00:00+05:30,2026-08-19 10:00:00,28.2,31.7,23.1,0,0,0,169,0,0,0,0,3.6,626.6,74,0,0.4,27.9,67,30.1,21.2
2026-08-19T09:55:00+05:30,2026-08-19 09:55:00,28.1,31.5,23,0,0,0,169,0,0,0,0,3.6,626.6,74,0,0.8,27.9,67,30.1,21.2
2026-08-19T09:50:00+05:30,2026-08-19 09:50:00,28,31.2,22.9,0,0,0,169,0,0,0,0,3.6,626.6,74,0,0.8,27.8,67,29.9,21.1
2026-08-19T09:45:00+05:30,2026-08-19 09:45:00,27.9,31,22.8,0,0,0,169,0,0,0,0,3.6,626.6,74,0,0.8,27.8,68,30,21.3
2026-08-19T09:40:00+05:30,2026-08-19 09:40:00,27.8,30.7,22.7,0,0,0,169,0,0,0,0,3.6,626.6,74,0,0.8,27.7,68,29.9,21.3
2026-08-19T09:35:00+05:30,2026-08-19 09:35:00,27.8,30.9,22.9,0,0,0,169,0,0,0,0,3.6,626.6,75,0,0.8,27.6,68,29.7,21.2
2026-08-19T09:30:00+05:30,2026-08-19 09:30:00,27.7,30.8,22.9,0,0,0,169,0,0,0,0,3.6,626.6,75,0,0.9,27.5,68,29.5,21.1
2026-08-19T09:25:00+05:30,2026-08-19 09:25:00,27.6,30.5,22.8,0,0,0,169,0,0,0,0,3.6,626.6,75,0,0.9,27.5,68,29.5,21.1
2026-08-19T09:20:00+05:30,2026-08-19 09:20:00,27.4,30.2,22.8,0,0,0,169,0,0,0,0,3.6,626.6,76,0,0.8,27.4,68,29.3,20.9
2026-08-19T09:16:00+05:30,2026-08-19 09:16:00,27.4,30.2,22.8,0,0,0,169,0,0,0,0,3.6,626.6,76,0,0.9,27.4,68,29.3,20.9
2026-08-19T09:10:00+05:30,2026-08-19 09:10:00,27.3,30,22.9,0,0,0,169,0,0,0,0,3.6,626.6,77,0,0.9,27.3,68,29.2,20.8
2026-08-19T09:05:00+05:30,2026-08-19 09:05:00,27.2,29.9,22.8,0,0,0,169,0,0,0,0,3.6,626.6,77,0,0.2,27.3,68,29.2,20.8
2026-08-19T09:00:00+05:30,2026-08-19 09:00:00,27.2,29.9,22.8,0,0,0,169,0,0,0,0,3.6,626.6,77,0,0.2,27.2,68,29.1,20.8
2026-08-19T08:55:00+05:30,2026-08-19 08:55:00,27.1,29.7,22.7,0,0,0,169,0,0,0,0,3.6,626.6,77,0,0.2,27.2,68,29.1,20.8
2026-08-19T08:50:00+05:30,2026-08-19 08:50:00,27.1,29.6,22.5,0,0,0,169,0,0,0,0,3.6,626.6,76,0,0.2,27.2,68,29.1,20.8
2026-08-19T08:45:00+05:30,2026-08-19 08:45:00,27.1,29.6,22.5,0,0,0,169,0,0,0,0,3.6,626.6,76,0,0.2,27.1,68,28.9,20.7
2026-08-19T08:40:00+05:30,2026-08-19 08:40:00,27,29.4,22.4,0,0,0,169,0,0,0,0,3.6,626.6,76,0,0.2,27,68,28.7,20.6
2026-08-19T08:35:00+05:30,2026-08-19 08:35:00,27,29.4,22.4,0,0,0,169,0,0,0,0,3.6,626.6,76,0,0.2,27,68,28.7,20.6
2026-08-19T08:30:00+05:30,2026-08-19 08:30:00,26.9,29.2,22.3,0,0,0,169,0,0,0,0,3.6,626.6,76,0,0.2,27,68,28.7,20.6
2026-08-19T08:25:00+05:30,2026-08-19 08:25:00,26.9,29.2,22.3,0,0,0,169,0,0,0,0,3.6,626.6,76,0,0.2,27,68,28.7,20.6
2026-08-19T08:20:00+05:30,2026-08-19 08:20:00,26.9,29.2,22.3,0,0,0,169,0,0,0,0,3.6,626.6,76,0,0.1,27,68,28.7,20.6
2026-08-19T08:15:00+05:30,2026-08-19 08:15:00,26.9,29.2,22.3,0,0,0,169,0,0,0,0,3.6,626.6,76,0,0.1,26.9,68,28.5,20.4
2026-08-19T08:11:00+05:30,2026-08-19 08:11:00,26.8,28.9,22.2,0,0,0,169,0,0,0,0,3.6,626.6,76,0,0.1,26.9,68,28.5,20.4
2026-08-19T08:05:00+05:30,2026-08-19 08:05:00,26.8,28.9,22.2,0,0,0,169,0,0,0,0,3.6,626.6,76,0,0.1,26.9,68,28.5,20.4
2026-08-19T08:00:00+05:30,2026-08-19 08:00:00,26.8,28.9,22.2,0,0,0,169,0,0,0,0,3.6,626.6,76,0,0.1,26.9,68,28.5,20.4
2026-08-19T07:55:00+05:30,2026-08-19 07:55:00,26.8,28.9,22.2,0,0,0,169,0,0,0,0,3.6,626.6,76,0,0.1,26.8,68,28.3,20.4
2026-08-19T07:50:00+05:30,2026-08-19 07:50:00,26.8,28.9,22.2,0,0,0,169,0,0,0,0,3.6,626.6,76,0,0.1,26.8,68,28.3,20.4
2026-08-19T07:45:00+05:30,2026-08-19 07:45:00,26.7,28.9,22.3,0,0,0,169,0,0,0,0,3.6,626.6,77,0,0.1,26.8,68,28.3,20.4
2026-08-19T07:40:00+05:30,2026-08-19 07:40:00,26.7,28.9,22.3,0,0,0,169,0,0,0,0,3.6,626.6,77,0,0.1,26.8,68,28.3,20.4
2026-08-19T07:35:00+05:30,2026-08-19 07:35:00,26.7,28.9,22.3,0,0,0,169,0,0,0,0,3.6,626.6,77,0,0.1,26.8,68,28.3,20.4
2026-08-19T07:30:00+05:30,2026-08-19 07:30:00,26.7,28.9,22.3,0,0,0,169,0,0,0,0,3.6,626.6,77,0,0,26.8,68,28.3,20.4
2026-08-19T07:25:00+05:30,2026-08-19 07:25:00,26.6,27.3,22.2,0,0,0,169,0,0,0,0,3.6,626.6,77,0,0.1,26.7,68,28.3,20.3
2026-08-19T07:20:00+05:30,2026-08-19 07:20:00,26.6,27.3,22.2,0,0,0,169,0,0,0,0,3.6,626.6,77,0,0.1,26.7,68,28.3,20.3
2026-08-19T07:15:00+05:30,2026-08-19 07:15:00,26.5,27.2,22.1,0,0,0,169,0,0,0,0,3.6,626.6,77,0,0.1,26.7,68,28.3,20.3
2026-08-19T07:10:00+05:30,2026-08-19 07:10:00,26.5,27.2,22.1,0,0,0,169,0,0,0,0,3.6,626.6,77,0,0.1,26.6,68,27.1,20.2
2026-08-19T07:05:00+05:30,2026-08-19 07:05:00,26.5,27.2,22.1,0,0,0,169,0,0,0,0,3.6,626.6,77,0,0.1,26.6,68,27.1,20.2
2026-08-19T07:00:00+05:30,2026-08-19 07:00:00,26.5,27.2,21.9,0,0,0,169,0,0,0,0,3.6,626.6,76,0,0,26.6,68,27.1,20.2
2026-08-19T06:55:00+05:30,2026-08-19 06:55:00,26.5,27.2,21.9,0,0,0,169,0,0,0,0,3.6,626.6,76,0,0.1,26.6,68,27.1,20.2
2026-08-19T06:51:00+05:30,2026-08-19 06:51:00,26.5,27.2,21.9,0,0,0,169,0,0,0,0,3.6,626.6,76,0,0,26.6,68,27.1,20.2
2026-08-19T06:45:00+05:30,2026-08-19 06:45:00,26.5,27.2,21.9,0,0,0,169,0,0,0,0,3.6,626.6,76,0,0,26.5,68,27,20.1
2026-08-19T06:40:00+05:30,2026-08-19 06:40:00,26.5,27.2,21.9,0,0,0,169,0,0,0,0,3.6,626.6,76,0,0,26.6,68,27.1,20.2
2026-08-19T06:35:00+05:30,2026-08-19 06:35:00,26.5,27.2,21.9,0,0,0,169,0,0,0,0,3.6,626.6,76,0,0,26.6,67,27.1,19.9
2026-08-19T06:30:00+05:30,2026-08-19 06:30:00,26.5,27.2,21.9,0,0,0,169,0,0,0,0,3.6,626.6,76,0,0,26.6,67,27.1,19.9
2026-08-19T06:25:00+05:30,2026-08-19 06:25:00,26.5,27.2,21.9,0,0,0,169,0,0,0,0,3.6,626.6,76,0,0,26.6,67,27.1,19.9
2026-08-19T06:20:00+05:30,2026-08-19 06:20:00,26.5,27.2,21.9,0,0,0,169,0,0,0,0,3.6,626.6,76,0,0,26.6,67,27.1,19.9
2026-08-19T06:15:00+05:30,2026-08-19 06:15:00,26.5,27.2,21.9,0,0,0,169,0,0,0,0,3.6,626.6,76,0,0,26.6,67,27.1,19.9
2026-08-19T06:10:00+05:30,2026-08-19 06:10:00,26.5,27.2,21.9,0,0,0,169,0,0,0,0,3.6,626.6,76,0,0,26.6,67,27.1,19.9
2026-08-19T06:05:00+05:30,2026-08-19 06:05:00,26.5,27.2,21.9,0,0,0,169,0,0,0,0,3.6,626.6,76,0,0,26.7,67,28.2,20.1
2026-08-19T06:00:00+05:30,2026-08-19 06:00:00,26.6,27.3,22,0,0,0,169,0,0,0,0,3.6,626.6,76,0,0,26.7,67,28.2,20.1
2026-08-19T05:55:00+05:30,2026-08-19 05:55:00,26.6,27.3,22,0,0,0,169,0,0,0,0,3.6,626.6,76,0,0,26.7,67,28.2,20.1
2026-08-19T05:50:00+05:30,2026-08-19 05:50:00,26.6,27.3,21.8,0,0,0,169,0,0,0,0,3.6,626.6,75,0,0,26.7,67,28.2,20.1
2026-08-19T05:46:00+05:30,2026-08-19 05:46:00,26.6,27.3,21.8,0,0,0,169,0,0,0,0,3.6,626.6,75,0,0,26.7,67,28.2,20.1
2026-08-19T05:40:00+05:30,2026-08-19 05:40:00,26.6,27.3,21.8,0,0,0,169,0,0,0,0,3.6,626.6,75,0,0,26.7,67,28.2,20.1
2026-08-19T05:35:00+05:30,2026-08-19 05:35:00,26.6,27.3,21.8,0,0,0,169,0,0,0,0,3.6,626.6,75,0,0,26.8,67,28.3,20.1
2026-08-19T05:30:00+05:30,2026-08-19 05:30:00,26.7,28.8,21.9,0,0,0,169,0,0,0,0,3.6,626.6,75,0,0,26.7,67,28.2,20.1
2026-08-19T05:25:00+05:30,2026-08-19 05:25:00,26.7,28.8,21.9,0,0,0,169,0,0,0,0,3.6,626.6,75,0,0,26.8,67,28.3,20.1
2026-08-19T05:20:00+05:30,2026-08-19 05:20:00,26.7,28.8,21.9,0,0,0,169,0,0,0,0,3.6,626.6,75,0,0,26.8,67,28.3,20.1
2026-08-19T05:15:00+05:30,2026-08-19 05:15:00,26.7,28.8,21.9,0,0,0,169,0,0,0,0,3.6,626.6,75,0,0,26.8,66,28.2,19.9
2026-08-19T05:10:00+05:30,2026-08-19 05:10:00,26.7,28.8,21.9,0,0,0,169,0,0,0,0,3.6,626.6,75,0,0,26.8,66,28.2,19.9
2026-08-19T05:05:00+05:30,2026-08-19 05:05:00,26.7,28.7,21.7,0,0,0,169,0,0,0,0,3.6,626.6,74,0,0,26.8,66,28.2,19.9
2026-08-19T05:00:00+05:30,2026-08-19 05:00:00,26.7,28.7,21.7,0,0,0,169,0,0,0,0,3.6,626.6,74,0,0,26.8,66,28.2,19.9
2026-08-19T04:55:00+05:30,2026-08-19 04:55:00,26.8,28.8,21.7,0,0,0,169,0,0,0,0,3.6,626.6,74,0,0,26.9,66,28.4,20
2026-08-19T04:50:00+05:30,2026-08-19 04:50:00,26.8,28.8,21.7,0,0,0,169,0,0,0,0,3.6,626.6,74,0,0,26.8,66,28.2,19.9
2026-08-19T04:45:00+05:30,2026-08-19 04:45:00,26.7,28.7,21.7,0,0,0,169,0,0,0,0,3.6,626.6,74,0,0,26.8,66,28.2,19.9
2026-08-19T04:41:00+05:30,2026-08-19 04:41:00,26.7,28.7,21.7,0,0,0,169,0,0,0,0,3.6,626.6,74,0,0,26.9,66,28.4,20
2026-08-19T04:35:00+05:30,2026-08-19 04:35:00,26.7,28.7,21.7,0,0,0,169,0,0,0,0,3.6,626.6,74,0,0,26.9,66,28.4,20
2026-08-19T04:30:00+05:30,2026-08-19 04:30:00,26.7,28.7,21.7,0,0,0,169,0,0,0,0,3.6,626.6,74,0,0,26.9,66,28.4,20
2026-08-19T04:25:00+05:30,2026-08-19 04:25:00,26.7,28.7,21.7,0,0,0,169,0,0,0,0,3.6,626.6,74,0,0,26.9,66,28.4,20
2026-08-19T04:20:00+05:30,2026-08-19 04:20:00,26.8,28.8,21.7,0,0,0,169,0,0,0,0,3.6,626.6,74,0,0,26.9,66,28.4,20
2026-08-19T04:15:00+05:30,2026-08-19 04:15:00,26.8,28.8,21.7,0,0,0,169,0,0,0,0,3.6,626.6,74,0,0,27,66,28.6,20.1
2026-08-19T04:10:00+05:30,2026-08-19 04:10:00,26.8,28.8,21.7,0,0,0,169,0,0,0,0,3.6,626.6,74,0,0,27,66,28.6,20.1
2026-08-19T04:05:00+05:30,2026-08-19 04:05:00,26.8,28.8,21.7,0,0,0,169,0,0,0,0,3.6,626.6,74,0,0,27,66,28.6,20.1
2026-08-19T04:00:00+05:30,2026-08-19 04:00:00,26.8,28.8,21.7,0,0,0,169,0,0,0,0,3.6,626.6,74,0,0,27,66,28.6,20.1
2026-08-19T03:55:00+05:30,2026-08-19 03:55:00,26.8,28.8,21.7,0,0,0,169,0,0,0,0,3.6,626.6,74,0,0,27,66,28.6,20.1
2026-08-19T03:50:00+05:30,2026-08-19 03:50:00,26.9,29,21.9,0,0,0,169,0,0,0,0,3.6,626.6,74,0,0,27,65,28.4,19.8
2026-08-19T03:45:00+05:30,2026-08-19 03:45:00,26.9,28.9,21.6,0,0,0,169,0,0,0,0,3.6,626.6,73,0,0,27.1,65,28.6,19.9
2026-08-19T03:40:00+05:30,2026-08-19 03:40:00,26.9,28.9,21.6,0,0,0,169,0,0,0,0,3.6,626.6,73,0,0,27.1,65,28.6,19.9
2026-08-19T03:35:00+05:30,2026-08-19 03:35:00,26.9,28.9,21.6,0,0,0,169,0,0,0,0,3.6,626.6,73,0,0,27.1,65,28.6,19.9
2026-08-19T03:30:00+05:30,2026-08-19 03:30:00,26.9,28.9,21.6,0,0,0,169,0,0,0,0,3.6,626.6,73,0,0,27.1,65,28.6,19.9
2026-08-19T03:25:00+05:30,2026-08-19 03:25:00,27,29.1,21.7,0,0,0,169,0,0,0,0,3.6,626.6,73,0,0,27.1,65,28.6,19.9
2026-08-19T03:21:00+05:30,2026-08-19 03:21:00,27,29.1,21.7,0,0,0,169,0,0,0,0,3.6,626.6,73,0,0,27.2,65,28.8,20.1
2026-08-19T03:15:00+05:30,2026-08-19 03:15:00,27,29.1,21.7,0,0,0,169,0,0,0,0,3.6,626.6,73,0,0,27.2,65,28.8,20.1
2026-08-19T03:10:00+05:30,2026-08-19 03:10:00,27,29.1,21.7,0,0,0,169,0,0,0,0,3.6,626.6,73,0,0,27.2,65,28.8,20.1
2026-08-19T03:05:00+05:30,2026-08-19 03:05:00,27,29.1,21.7,0,0,0,169,0,0,0,0,3.6,626.6,73,0,0,27.2,65,28.8,20.1
2026-08-19T03:00:00+05:30,2026-08-19 03:00:00,27,29.1,21.7,0,0,0,169,0,0,0,0,3.6,626.6,73,0,0,27.2,65,28.8,20.1
2026-08-19T02:55:00+05:30,2026-08-19 02:55:00,27,29.1,21.7,0,0,0,169,0,0,0,0,3.6,626.6,73,0,0,27.2,65,28.8,20.1
2026-08-19T02:50:00+05:30,2026-08-19 02:50:00,27,29.1,21.7,0,0,0,169,0,0,0,0,3.6,626.6,73,0,0,27.2,65,28.8,20.1
2026-08-19T02:45:00+05:30,2026-08-19 02:45:00,27.1,29.3,21.8,0,0,0,169,0,0,0,0,3.6,626.6,73,0,0,27.3,65,28.9,20.1
2026-08-19T02:40:00+05:30,2026-08-19 02:40:00,27.1,29.3,21.8,0,0,0,169,0,0,0,0,3.6,626.6,73,0,0,27.3,65,28.9,20.1
2026-08-19T02:35:00+05:30,2026-08-19 02:35:00,27.1,29.3,21.8,0,0,0,169,0,0,0,0,3.6,626.6,73,0,0,27.3,65,28.9,20.1
2026-08-19T02:30:00+05:30,2026-08-19 02:30:00,27.1,29.3,21.8,0,0,0,169,0,0,0,0,3.6,626.6,73,0,0,27.3,65,28.9,20.1
2026-08-19T02:25:00+05:30,2026-08-19 02:25:00,27.2,29.5,21.9,0,0,0,169,0,0,0,0,3.6,626.6,73,0,0,27.4,65,29.1,20.2
2026-08-19T02:20:00+05:30,2026-08-19 02:20:00,27.2,29.5,21.9,0,0,0,169,0,0,0,0,3.6,626.6,73,0,0,27.4,65,29.1,20.2
2026-08-19T02:16:00+05:30,2026-08-19 02:16:00,27.2,29.5,21.9,0,0,0,169,0,0,0,0,3.6,626.6,73,0,0,27.4,65,29.1,20.2
2026-08-19T02:10:00+05:30,2026-08-19 02:10:00,27.3,29.6,22,0,0,0,169,0,0,0,0,3.6,626.6,73,0,0,27.4,65,29.1,20.2
2026-08-19T02:05:00+05:30,2026-08-19 02:05:00,27.3,29.5,21.8,0,0,0,169,0,0,0,0,3.6,626.6,72,0,0,27.5,65,29.2,20.3
2026-08-19T02:00:00+05:30,2026-08-19 02:00:00,27.3,29.5,21.8,0,0,0,169,0,0,0,0,3.6,626.6,72,0,0,27.5,64,29.1,20.1
2026-08-19T01:55:00+05:30,2026-08-19 01:55:00,27.4,29.7,21.9,0,0,0,169,0,0,0,0,3.6,626.6,72,0,0,27.5,64,29.1,20.1
2026-08-19T01:50:00+05:30,2026-08-19 01:50:00,27.4,29.7,21.9,0,0,0,169,0,0,0,0,3.6,626.6,72,0,0,27.5,64,29.1,20.1
2026-08-19T01:45:00+05:30,2026-08-19 01:45:00,27.4,29.7,21.9,0,0,0,169,0,0,0,0,3.6,626.6,72,0,0,27.6,64,29.3,20.2
2026-08-19T01:40:00+05:30,2026-08-19 01:40:00,27.5,29.9,22,0,0,0,169,0,0,0,0,3.6,626.6,72,0,0,27.6,64,29.3,20.2
2026-08-19T01:35:00+05:30,2026-08-19 01:35:00,27.5,29.9,22,0,0,0,169,0,0,0,0,3.6,626.6,72,0,0,27.6,64,29.3,20.2
2026-08-19T01:30:00+05:30,2026-08-19 01:30:00,27.5,29.9,22,0,0,0,169,0,0,0,0,3.6,626.6,72,0,0,27.7,64,29.4,20.3
2026-08-19T01:25:00+05:30,2026-08-19 01:25:00,27.5,29.9,22,0,0,0,169,0,0,0,0,3.6,626.6,72,0,0,27.7,64,29.4,20.3
2026-08-19T01:20:00+05:30,2026-08-19 01:20:00,27.5,29.9,22,0,0,0,169,0,0,0,0,3.6,626.6,72,0,0,27.7,64,29.4,20.3
2026-08-19T01:15:00+05:30,2026-08-19 01:15:00,27.5,29.9,22,0,0,0,169,0,0,0,0,3.6,626.6,72,0,0,27.7,64,29.4,20.3
2026-08-19T01:11:00+05:30,2026-08-19 01:11:00,27.5,29.9,22,0,0,0,169,0,0,0,0,3.6,626.6,72,0,0,27.8,64,29.6,20.3
2026-08-19T01:05:00+05:30,2026-08-19 01:05:00,27.6,30.2,22.1,0,0,0,169,0,0,0,0,3.6,626.6,72,0,0,27.8,64,29.6,20.3
2026-08-19T01:00:00+05:30,2026-08-19 01:00:00,27.6,30.2,22.1,0,0,0,169,0,0,0,0,3.6,626.6,72,0,0,27.8,64,29.6,20.3
2026-08-19T00:55:00+05:30,2026-08-19 00:55:00,27.6,30.2,22.1,0,0,0,169,0,0,0,0,3.6,626.6,72,0,0,27.9,64,29.7,20.4
2026-08-19T00:50:00+05:30,2026-08-19 00:50:00,27.7,30.3,22,0,0,0,169,0,0,0,0,3.6,626.6,71,0,0,27.9,64,29.7,20.4
2026-08-19T00:45:00+05:30,2026-08-19 00:45:00,27.7,30.3,22,0,0,0,169,0,0,0,0,3.6,626.6,71,0,0,27.9,64,29.7,20.4
2026-08-19T00:40:00+05:30,2026-08-19 00:40:00,27.7,30.3,22,0,0,0,169,0,0,0,0,3.6,626.6,71,0,0,27.9,64,29.7,20.4
2026-08-19T00:35:00+05:30,2026-08-19 00:35:00,27.8,30.5,22.3,0,0,0,169,0,0,0,0,3.6,626.6,72,0,0,28,64,29.9,20.6
2026-08-19T00:30:00+05:30,2026-08-19 00:30:00,27.8,30.4,22,0,0,0,169,0,0,0,0,3.6,626.6,71,0,0,28,64,29.9,20.6
2026-08-19T00:25:00+05:30,2026-08-19 00:25:00,27.8,30.5,22.3,0,0,0,169,0,0,0,0,3.6,626.6,72,0,0,28,64,29.9,20.6
2026-08-19T00:20:00+05:30,2026-08-19 00:20:00,27.8,30.5,22.3,0,0,0,169,0,0,0,0,3.6,626.6,72,0,0,28.1,64,30.1,20.7
2026-08-19T00:15:00+05:30,2026-08-19 00:15:00,27.8,30.5,22.3,0,0,0,169,0,0,0,0,3.6,626.6,72,0,0,28.1,64,30.1,20.7
2026-08-19T00:10:00+05:30,2026-08-19 00:10:00,27.8,30.5,22.3,0,0,0,169,0,0,0,0,3.6,626.6,72,0,0,28.1,64,30.1,20.7
2026-08-19T00:06:00+05:30,2026-08-19 00:06:00,27.8,30.5,22.3,0,0,0,169,0,0,0,0,3.6,626.6,72,0,0,28.1,64,30.1,20.7
2026-08-19T00:00:00+05:30,2026-08-19 00:00:00,27.9,30.7,22.4,0,0,0,169,0,0,0,0,3.6,626.6,72,0,0,28.1,64,30.1,20.7
2026-08-18T23:55:00+05:30,2026-08-18 23:55:00,27.9,30.7,22.4,0,0,7.2,169,0,0,0,0,3.6,626.6,72,0,0,28.2,64,30.3,20.8
2026-08-18T23:50:00+05:30,2026-08-18 23:50:00,27.9,30.7,22.4,0,0,7.2,169,0,0,0,0,3.6,626.6,72,0,0,28.2,64,30.3,20.8
2026-08-18T23:45:00+05:30,2026-08-18 23:45:00,27.9,30.7,22.4,0,0,7.2,169,0,0,0,0,3.6,626.6,72,0,0,28.2,64,30.3,20.8
2026-08-18T23:40:00+05:30,2026-08-18 23:40:00,27.9,30.7,22.4,0,0,7.2,169,0,0,0,0,3.6,626.6,72,0,0,28.2,64,30.3,20.8
2026-08-18T23:35:00+05:30,2026-08-18 23:35:00,28,30.9,22.5,0,0,7.2,169,0,0,0,0,3.6,626.6,72,0,0,28.3,64,30.4,20.8
2026-08-18T23:30:00+05:30,2026-08-18 23:30:00,28,30.9,22.5,0,0,7.2,169,0,0,0,0,3.6,626.6,72,0,0,28.4,64,30.6,20.9
2026-08-18T23:25:00+05:30,2026-08-18 23:25:00,28.1,31.2,22.6,0,0,7.2,169,0,0,0,0,3.6,626.6,72,0,0,28.4,64,30.6,20.9
2026-08-18T23:20:00+05:30,2026-08-18 23:20:00,28.2,31.4,22.7,0,0,7.2,169,0,0,0,0,3.6,626.6,72,0,0,28.4,64,30.6,20.9
2026-08-18T23:15:00+05:30,2026-08-18 23:15:00,28.2,31.5,22.9,0,0,7.2,169,0,0,0,0,3.6,626.6,73,0,0,28.5,65,30.9,21.3
2026-08-18T23:10:00+05:30,2026-08-18 23:10:00,28.2,31.5,22.9,0,0,7.2,169,0,0,0,0,3.6,626.6,73,0,0,28.5,65,30.9,21.3
2026-08-18T23:05:00+05:30,2026-08-18 23:05:00,28.3,31.7,23,0,0,7.2,169,0,0,0,0,3.6,626.6,73,0,0,28.6,65,31.1,21.4
2026-08-18T23:01:00+05:30,2026-08-18 23:01:00,28.3,31.7,23,0,0,7.2,169,0,0,0,0,3.6,626.6,73,0,0,28.6,65,31.1,21.4
2026-08-18T22:55:00+05:30,2026-08-18 22:55:00,28.3,31.7,23,0,0,7.2,169,0,0,0,0,3.6,626.6,73,0,0,28.6,65,31.1,21.4
2026-08-18T22:50:00+05:30,2026-08-18 22:50:00,28.3,31.7,23,0,0,7.2,169,0,0,0,0,3.6,626.6,73,0,0,28.7,65,31.3,21.5
2026-08-18T22:45:00+05:30,2026-08-18 22:45:00,28.3,31.7,23,0,0,7.2,169,0,0,0,0,3.6,626.6,73,0,0,28.7,65,31.3,21.5
2026-08-18T22:40:00+05:30,2026-08-18 22:40:00,28.4,31.9,23.1,0,0,7.2,169,0,0,0,0,3.6,626.6,73,0,0,28.7,65,31.3,21.5
2026-08-18T22:35:00+05:30,2026-08-18 22:35:00,28.4,31.9,23.1,0,0,7.2,169,0,0,0,0,3.6,626.6,73,0,0,28.8,65,31.4,21.6
2026-08-18T22:30:00+05:30,2026-08-18 22:30:00,28.5,32.2,23.2,0,0,7.2,169,0,0,0,0,3.6,626.6,73,0,0,28.8,65,31.4,21.6
2026-08-18T22:25:00+05:30,2026-08-18 22:25:00,28.5,32.2,23.2,0,0,7.2,169,0,0,0,0,3.6,626.6,73,0,0,28.8,65,31.4,21.6
2026-08-18T22:20:00+05:30,2026-08-18 22:20:00,28.6,32.4,23.3,0,0,7.2,169,0,0,0,0,3.6,626.6,73,0,0,28.8,65,31.4,21.6
2026-08-18T22:15:00+05:30,2026-08-18 22:15:00,28.6,32.4,23.3,0,0,7.2,170,0,0,0,0,3.6,626.6,73,0,0,28.9,65,31.6,21.6
2026-08-18T22:10:00+05:30,2026-08-18 22:10:00,28.6,32.4,23.3,0,0,7.2,170,0,0,0,0,3.6,626.6,73,0,0,28.9,64,31.4,21.4
2026-08-18T22:05:00+05:30,2026-08-18 22:05:00,28.7,32.7,23.4,0,0,7.2,170,0,0,0,0,3.6,626.6,73,0,0,28.9,64,31.4,21.4
2026-08-18T22:00:00+05:30,2026-08-18 22:00:00,28.7,32.7,23.4,0,0,7.2,170,0,0,0,0,3.6,626.6,73,0,0,29,64,31.7,21.5
2026-08-18T21:55:00+05:30,2026-08-18 21:55:00,28.7,32.7,23.4,0,0,7.2,170,0,0,0,0,3.6,626.6,73,0,0,29,64,31.7,21.5
2026-08-18T21:50:00+05:30,2026-08-18 21:50:00,28.8,32.8,23.4,0,0,7.2,170,0,0,0,0,3.6,626.6,73,0,0,29.1,64,31.9,21.6
2026-08-18T21:45:00+05:30,2026-08-18 21:45:00,28.8,32.8,23.4,0,0,7.2,170,0,0,0,0,3.6,626.6,73,0,0,29.1,64,31.9,21.6
2026-08-18T21:40:00+05:30,2026-08-18 21:40:00,28.9,33,23.5,0,0,7.2,170,0,0,0,0,3.6,626.6,73,0,0,29.1,64,31.9,21.6
2026-08-18T21:35:00+05:30,2026-08-18 21:35:00,28.9,33,23.5,0,0,7.2,170,0,0,0,0,3.6,626.6,73,0,0,29.1,64,31.9,21.6
2026-08-18T21:30:00+05:30,2026-08-18 21:30:00,28.9,32.9,23.3,0,0,7.2,170,0,0,0,0,3.6,626.6,72,0,0,29.2,64,32.1,21.7
2026-08-18T21:25:00+05:30,2026-08-18 21:25:00,29,33.1,23.4,0,0,7.2,170,0,0,0,0,3.6,626.6,72,0,0,29.2,64,32.1,21.7
2026-08-18T21:20:00+05:30,2026-08-18 21:20:00,29,33.1,23.4,0,0,7.2,170,0,0,0,0,3.6,626.6,72,0,0,29.2,64,32.1,21.7
2026-08-18T21:15:00+05:30,2026-08-18 21:15:00,29.1,33.4,23.5,0,0,7.2,170,0,0,0,0,3.6,626.6,72,0,0,29.3,64,32.2,21.7
2026-08-18T21:10:00+05:30,2026-08-18 21:10:00,29.1,33.4,23.5,0,0,7.2,170,0,0,0,0,3.6,626.6,72,0,0,29.3,63,32,21.5
2026-08-18T21:05:00+05:30,2026-08-18 21:05:00,29.2,33.6,23.6,0,0,7.2,170,0,0,0,0,3.6,626.6,72,0,0,29.3,63,32,21.5
2026-08-18T21:00:00+05:30,2026-08-18 21:00:00,29.3,33.5,23.5,0,0,7.2,170,0,0,0,0,3.6,626.6,71,0,0,29.4,63,32.2,21.6
2026-08-18T20:55:00+05:30,2026-08-18 20:55:00,29.3,33.5,23.5,0,0,7.2,170,0,0,0,0,3.6,626.6,71,0,0,29.4,63,32.2,21.6
2026-08-18T20:51:00+05:30,2026-08-18 20:51:00,29.3,33.5,23.5,0,0,7.2,170,0,0,0,0,3.6,626.6,71,0,0,29.4,63,32.2,21.6
2026-08-18T20:45:00+05:30,2026-08-18 20:45:00,29.4,33.8,23.6,0,0,7.2,170,0,0,0,0,3.6,626.6,71,0,0,29.5,63,32.4,21.7
2026-08-18T20:40:00+05:30,2026-08-18 20:40:00,29.4,33.8,23.6,0,0,7.2,170,0,0,0,0,3.6,626.6,71,0,0,29.5,63,32.4,21.7
2026-08-18T20:35:00+05:30,2026-08-18 20:35:00,29.5,33.9,23.4,0,0,7.2,170,0,0,0,0,3.6,626.6,70,0,0,29.5,63,32.4,21.7
2026-08-18T20:30:00+05:30,2026-08-18 20:30:00,29.5,33.9,23.4,0,0,7.2,170,0,0,0,0,3.6,626.6,70,0,0,29.6,63,32.7,21.8
2026-08-18T20:25:00+05:30,2026-08-18 20:25:00,29.5,33.9,23.4,0,0,7.2,170,0,0,0,0,3.6,626.6,70,0,0,29.6,62,32.5,21.6
2026-08-18T20:20:00+05:30,2026-08-18 20:20:00,29.6,34.1,23.5,0,0,7.2,170,0,0,0,0,3.6,626.6,70,0,0,29.6,62,32.5,21.6
2026-08-18T20:15:00+05:30,2026-08-18 20:15:00,29.6,34.1,23.5,0,0,7.2,170,0,0,0,0,3.6,626.6,70,0,0,29.7,62,32.7,21.7
2026-08-18T20:10:00+05:30,2026-08-18 20:10:00,29.7,34.4,23.6,0,0,7.2,170,0,0,0,0,3.6,626.6,70,0,0,29.7,62,32.7,21.7
2026-08-18T20:05:00+05:30,2026-08-18 20:05:00,29.8,34.3,23.5,0,0,7.2,170,0,0,0,0,3.6,626.6,69,0,0,29.8,62,32.8,21.7
2026-08-18T20:00:00+05:30,2026-08-18 20:00:00,29.8,34.3,23.5,0,0,7.2,170,0,0,0,0,3.6,626.6,69,0,0,29.8,62,32.8,21.7
2026-08-18T19:55:00+05:30,2026-08-18 19:55:00,29.9,34.5,23.6,0,0,7.2,170,0,0,0,0,3.6,626.6,69,0,0,29.8,62,32.8,21.7
2026-08-18T19:50:00+05:30,2026-08-18 19:50:00,30,34.8,23.7,0,0,7.2,170,0,0,0,0,3.6,626.6,69,0,0,29.9,62,33,21.8
2026-08-18T19:45:00+05:30,2026-08-18 19:45:00,30,34.6,23.4,0,0,7.2,170,0,0,0,0,3.6,626.6,68,0,0,29.9,61,32.8,21.6
2026-08-18T19:40:00+05:30,2026-08-18 19:40:00,30,34.6,23.4,0,0,7.2,170,0,0,0,0,3.6,626.6,68,0,0,30,61,33.1,21.7
2026-08-18T19:35:00+05:30,2026-08-18 19:35:00,30.1,34.8,23.5,0,0,7.2,170,0,0,0,0,3.6,626.6,68,0,0,30,61,33.1,21.7
2026-08-18T19:31:00+05:30,2026-08-18 19:31:00,30.1,34.6,23.3,0,0,7.2,170,0,0,0,0,3.6,626.6,67,0,0,30,61,33.1,21.7
2026-08-18T19:25:00+05:30,2026-08-18 19:25:00,30.2,34.8,23.4,0,0,7.2,170,0,0,0,0,3.6,626.6,67,0,0,30.1,61,33.3,21.7
2026-08-18T19:20:00+05:30,2026-08-18 19:20:00,30.2,34.8,23.4,0,0,7.2,170,0,0,0,0,3.6,626.6,67,0,0,30.1,61,33.3,21.7
2026-08-18T19:15:00+05:30,2026-08-18 19:15:00,30.3,34.7,23.2,0,0,7.2,170,0,0,0,0,3.6,626.6,66,0,0,30.2,60,33.3,21.6
2026-08-18T19:10:00+05:30,2026-08-18 19:10:00,30.3,34.7,23.2,0,0,7.2,170,0,0,0,0,3.6,626.6,66,0,0,30.2,60,33.3,21.6
2026-08-18T19:05:00+05:30,2026-08-18 19:05:00,30.3,34.5,22.9,0,0,7.2,170,0,0,0,0,3.6,626.6,65,0,0,30.2,60,33.3,21.6
2026-08-18T19:00:00+05:30,2026-08-18 19:00:00,30.4,34.7,23.1,0,0,7.2,170,0,0,0,0,3.6,626.6,65,0,0,30.3,60,33.4,21.6
2026-08-18T18:55:00+05:30,2026-08-18 18:55:00,30.4,34.7,23.1,0,0,7.2,170,0,0,0,0,3.6,626.6,65,0,0,30.3,60,33.4,21.6
2026-08-18T18:50:00+05:30,2026-08-18 18:50:00,30.5,34.7,22.9,0,0,7.2,170,0,0,0,0,3.6,626.6,64,0,0,30.3,59,33.2,21.3
2026-08-18T18:45:00+05:30,2026-08-18 18:45:00,30.6,35,23,0,0,7.2,170,0,0,0,0,3.6,626.6,64,0,0,30.4,59,33.4,21.4
2026-08-18T18:40:00+05:30,2026-08-18 18:40:00,30.6,35,23,0,0,7.2,170,0,0,0,0,3.6,626.6,64,0,0,30.4,59,33.4,21.4
2026-08-18T18:35:00+05:30,2026-08-18 18:35:00,30.7,35.2,23.1,0,0,7.2,170,0,0,0,0,3.6,626.6,64,0,0,30.5,59,33.6,21.6
2026-08-18T18:30:00+05:30,2026-08-18 18:30:00,30.7,35.2,23.1,0,0,7.2,170,0,0,0,0,3.6,626.6,64,0,0,30.5,59,33.6,21.6
2026-08-18T18:26:00+05:30,2026-08-18 18:26:00,30.8,35.4,23.2,0,0,7.2,170,0,0,0,0,3.6,626.6,64,0,0,30.6,59,33.8,21.7
2026-08-18T18:20:00+05:30,2026-08-18 18:20:00,30.8,35.1,22.9,0,0,7.2,170,0,0,0,0,3.6,626.6,63,0,0,30.7,59,34.1,21.8
2026-08-18T18:15:00+05:30,2026-08-18 18:15:00,30.9,35.6,23.3,0,0,7.2,170,0,0,0,0,3.6,626.6,64,0,0,30.7,59,34.1,21.8
2026-08-18T18:10:00+05:30,2026-08-18 18:10:00,30.9,35.6,23.3,0,0,7.2,170,0,0,0,0,3.6,626.6,64,0,0,30.8,59,34.2,21.8
2026-08-18T18:05:00+05:30,2026-08-18 18:05:00,31,35.6,23.1,0,0,7.2,170,0,0,0,0,3.6,626.6,63,0,0,30.8,59,34.2,21.8
2026-08-18T18:00:00+05:30,2026-08-18 18:00:00,31.1,35.9,23.2,0,0,7.2,170,0,0,0,0,3.6,626.6,63,0,0,30.8,59,34.2,21.8
2026-08-18T17:55:00+05:30,2026-08-18 17:55:00,31.1,35.9,23.2,0,0,7.2,170,0,0,0,0,3.6,626.6,63,0,0,30.9,59,34.4,21.9
2026-08-18T17:50:00+05:30,2026-08-18 17:50:00,31.1,35.9,23.2,0,0,7.2,170,0,0,0,0,3.6,626.6,63,0,0,30.9,59,34.4,21.9
2026-08-18T17:45:00+05:30,2026-08-18 17:45:00,31.2,36.1,23.3,0,0,7.2,170,0,0,0,0,3.6,626.6,63,0,0,30.9,59,34.4,21.9
2026-08-18T17:40:00+05:30,2026-08-18 17:40:00,31.2,36.1,23.3,0,0,7.2,170,0,0,0,0,3.6,626.6,63,0,0,31,59,34.6,22.1
2026-08-18T17:35:00+05:30,2026-08-18 17:35:00,31.2,36.1,23.3,0,0,7.2,170,0,0,0,0,3.6,626.6,63,0,0,31,59,34.6,22.1
2026-08-18T17:30:00+05:30,2026-08-18 17:30:00,31.3,36.3,23.4,0,0,7.2,170,0,0,0,0,3.6,626.6,63,0,0,31,59,34.6,22.1
2026-08-18T17:25:00+05:30,2026-08-18 17:25:00,31.3,36,23.1,0,0,7.2,170,0,0,0,0,3.6,626.6,62,0,0.1,31,59,34.6,22.1
2026-08-18T17:20:00+05:30,2026-08-18 17:20:00,31.3,36,23.1,0,0,7.2,170,0,0,0,0,3.6,626.6,62,0,0.1,31.1,59,34.8,22.1
2026-08-18T17:15:00+05:30,2026-08-18 17:15:00,31.4,36.2,23.2,0,0,7.2,170,0,0,0,0,3.6,626.6,62,0,0.4,31.1,58,34.6,21.8
2026-08-18T17:10:00+05:30,2026-08-18 17:10:00,31.4,36.2,23.2,0,0,7.2,170,0,0,0,0,3.6,626.6,62,0,0.2,31.1,59,34.8,22.1
2026-08-18T17:05:00+05:30,2026-08-18 17:05:00,31.4,36.2,23.2,0,0,7.2,170,0,0,0,0,3.6,626.6,62,0,0.1,31.2,59,35.1,22.2
2026-08-18T17:00:00+05:30,2026-08-18 17:00:00,31.4,36.2,23.2,0,0,7.2,170,0,0,0,0,3.6,626.6,62,0,0.2,31.2,59,35.1,22.2
2026-08-18T16:55:00+05:30,2026-08-18 16:55:00,31.4,36.2,23.2,0,0,7.2,170,0,0,0,0,3.6,626.6,62,0,0.2,31.2,59,35.1,22.2
2026-08-18T16:50:00+05:30,2026-08-18 16:50:00,31.4,36.2,23.2,0,0,7.2,170,0,0,0,0,3.6,626.6,62,0,0.1,31.2,59,35.1,22.2
2026-08-18T16:45:00+05:30,2026-08-18 16:45:00,31.4,36.2,23.2,0,0,7.2,170,0,0,0,0,3.6,626.6,62,0,0.1,31.3,59,35.2,22.3
2026-08-18T16:40:00+05:30,2026-08-18 16:40:00,31.4,36.5,23.5,0,0,7.2,170,0,0,0,0,3.6,626.6,63,0,0.1,31.3,59,35.2,22.3
2026-08-18T16:35:00+05:30,2026-08-18 16:35:00,31.4,36.5,23.5,0,0,7.2,170,0,0,0,0,3.6,626.6,63,0,0.2,31.3,59,35.2,22.3
2026-08-18T16:30:00+05:30,2026-08-18 16:30:00,31.5,36.8,23.6,0,0,7.2,170,0,0,0,0,3.6,626.6,63,0,0.2,31.3,59,35.2,22.3
2026-08-18T16:26:00+05:30,2026-08-18 16:26:00,31.5,36.5,23.3,0,0,7.2,170,0,0,0,0,3.6,626.6,62,0,0.2,31.3,58,34.9,22
2026-08-18T14:45:00+05:30,2026-08-18 14:45:00,31.5,37.4,24.1,0,0,7.2,170,0,0,0,0,3.6,626.6,65,0,0.7,31,61,35.1,22.6
2026-08-18T14:40:00+05:30,2026-08-18 14:40:00,31.4,36.8,23.7,0,0,7.2,170,0,0,0,0,3.6,626.6,64,0,0.7,31,61,35.1,22.6
2026-08-18T14:35:00+05:30,2026-08-18 14:35:00,31.4,37.4,24.3,0,0,7.2,170,0,0,0,0,3.6,626.6,66,0,0.3,31,61,35.1,22.6
2026-08-18T14:30:00+05:30,2026-08-18 14:30:00,31.4,37.4,24.3,0,0,7.2,170,0,0,0,0,3.6,626.6,66,0,0.5,31,61,35.1,22.6
2026-08-18T14:25:00+05:30,2026-08-18 14:25:00,31.3,36.8,23.9,0,0,7.2,170,0,0,0,0,3.6,626.6,65,0,0.7,30.9,62,35.1,22.7
2026-08-18T14:20:00+05:30,2026-08-18 14:20:00,31.3,37.1,24.1,0,0,7.2,170,0,0,0,0,3.6,626.6,66,0,0.7,30.9,61,34.8,22.5
2026-08-18T14:16:00+05:30,2026-08-18 14:16:00,31.2,37,24.1,0,0,7.2,170,0,0,0,0,3.6,626.6,66,0,0.7,30.9,62,35.1,22.7
2026-08-18T14:10:00+05:30,2026-08-18 14:10:00,31.2,37.3,24.3,0,0,7.2,170,0,0,0,0,3.6,626.6,67,0,0.8,30.8,62,34.9,22.6
2026-08-18T14:05:00+05:30,2026-08-18 14:05:00,31.1,36.7,24,0,0,7.2,170,0,0,0,0,3.6,626.6,66,0,0.7,30.8,63,35.1,22.9
2026-08-18T14:00:00+05:30,2026-08-18 14:00:00,31,36.4,23.9,0,0,7.2,170,0,0,0,0,3.6,626.6,66,0,0.7,30.8,62,34.9,22.6
2026-08-18T13:55:00+05:30,2026-08-18 13:55:00,31,36.7,24.1,0,0,7.2,170,0,0,0,0,3.6,626.6,67,0,0.6,30.7,62,34.7,22.6
2026-08-18T13:50:00+05:30,2026-08-18 13:50:00,30.9,36.4,24,0,0,7.2,170,0,0,0,0,3.6,626.6,67,0,0.7,30.6,63,34.7,22.7
2026-08-18T13:45:00+05:30,2026-08-18 13:45:00,30.9,36.4,24,0,0,7.2,170,0,0,0,0,3.6,626.6,67,0,0.7,30.5,62,34.3,22.4
2026-08-18T13:40:00+05:30,2026-08-18 13:40:00,30.8,36.2,23.9,0,0,7.2,170,0,0,0,0,3.6,626.6,67,0,0.4,30.5,62,34.3,22.4
2026-08-18T13:35:00+05:30,2026-08-18 13:35:00,30.8,36.2,23.9,0,0,7.2,170,0,0,0,0,3.6,626.6,67,0,0.6,30.4,62,34.1,22.3
2026-08-18T13:30:00+05:30,2026-08-18 13:30:00,30.7,35.8,23.6,0,0,7.2,170,0,0,0,0,3.6,626.6,66,0,0.7,30.3,62,33.8,22.2
2026-08-18T13:25:00+05:30,2026-08-18 13:25:00,30.7,35.8,23.6,0,0,7.2,170,0,0,0,0,3.6,626.6,66,0,0.4,30.2,62,33.7,22.1
2026-08-18T13:21:00+05:30,2026-08-18 13:21:00,30.6,35.5,23.5,0,0,7.2,170,0,0,0,0,3.6,626.6,66,0,0.7,30.2,63,33.9,22.4
2026-08-18T13:15:00+05:30,2026-08-18 13:15:00,30.6,35.2,23.3,0,0,7.2,170,0,0,0,0,3.6,626.6,65,0,0.7,30.1,63,33.7,22.3
2026-08-18T13:11:00+05:30,2026-08-18 13:11:00,30.6,35.8,23.8,0,0,7.2,170,0,0,0,0,3.6,626.6,67,0,0.6,30.1,63,33.7,22.3
2026-08-18T13:05:00+05:30,2026-08-18 13:05:00,30.6,35.8,23.8,0,0,7.2,170,0,0,0,0,3.6,626.6,67,0,0.7,30,63,33.4,22.2
2026-08-18T13:00:00+05:30,2026-08-18 13:00:00,30.5,35.8,23.9,0,0,7.2,170,0,0,0,0,3.6,626.6,68,0,0.7,29.9,64,33.4,22.3
2026-08-18T12:55:00+05:30,2026-08-18 12:55:00,30.4,35.5,23.8,0,0,7.2,170,0,0,0,0,3.6,626.6,68,0,0.7,29.8,64,33.2,22.2
2026-08-18T12:50:00+05:30,2026-08-18 12:50:00,30.3,35.2,23.7,0,0,7.2,170,0,0,0,0,3.6,626.6,68,0,0.7,29.8,65,33.4,22.5
2026-08-18T12:45:00+05:30,2026-08-18 12:45:00,30.2,35.1,23.6,0,0,7.2,170,0,0,0,0,3.6,626.6,68,0,0.7,29.7,65,33.3,22.4
2026-08-18T12:40:00+05:30,2026-08-18 12:40:00,30,35,23.9,0,0,7.2,170,0,0,0,0,3.6,626.6,70,0,0.7,29.6,65,33.1,22.3
2026-08-18T12:35:00+05:30,2026-08-18 12:35:00,29.9,34.8,23.8,0,0,7.2,170,0,0,0,0,3.6,626.6,70,0,0.7,29.5,64,32.7,21.9
2026-08-18T12:30:00+05:30,2026-08-18 12:30:00,29.9,34.5,23.6,0,0,7.2,170,0,0,0,0,3.6,626.6,69,0,0.7,29.5,65,32.8,22.2
2026-08-18T12:25:00+05:30,2026-08-18 12:25:00,29.8,34.3,23.5,0,0,7.2,170,0,0,0,0,3.6,626.6,69,0,0.3,29.4,65,32.6,22.1
2026-08-18T12:20:00+05:30,2026-08-18 12:20:00,29.7,34.4,23.6,0,0,7.2,170,0,0,0,0,3.6,626.6,70,0,0.7,29.3,65,32.4,22
2026-08-18T12:15:00+05:30,2026-08-18 12:15:00,29.7,34.1,23.4,0,0,7.2,170,0,0,0,0,3.6,626.6,69,0,0.7,29.2,65,32.3,21.9
2026-08-18T12:10:00+05:30,2026-08-18 12:10:00,29.6,34.1,23.5,0,0,7.2,170,0,0,0,0,3.6,626.6,70,0,0.7,29.2,65,32.3,21.9
2026-08-18T12:05:00+05:30,2026-08-18 12:05:00,29.6,34.1,23.5,0,0,7.2,170,0,0,0,0,3.6,626.6,70,0,0.7,29.1,66,32.2,22.1
2026-08-18T12:00:00+05:30,2026-08-18 12:00:00,29.4,33.8,23.6,0,0,7.2,170,0,0,0,0,3.6,626.6,71,0,0.7,29,66,32,22
2026-08-18T11:55:00+05:30,2026-08-18 11:55:00,29.3,33.5,23.5,0,0,7.2,170,0,0,0,0,3.6,626.6,71,0,0.7,28.8,66,31.6,21.8
2026-08-18T11:50:00+05:30,2026-08-18 11:50:00,29.3,33.5,23.5,0,0,7.2,170,0,0,0,0,3.6,626.6,71,0,0.7,28.8,67,31.7,22
2026-08-18T11:45:00+05:30,2026-08-18 11:45:00,29.2,33.4,23.4,0,0,7.2,170,0,0,0,0,3.6,626.6,71,0,0.8,28.7,67,31.6,22
2026-08-18T11:40:00+05:30,2026-08-18 11:40:00,29.1,33.2,23.3,0,0,7.2,170,0,0,0,0,3.6,626.6,71,0,0.5,28.6,67,31.4,21.9
2026-08-18T11:35:00+05:30,2026-08-18 11:35:00,29,32.9,23.2,0,0,7.2,170,0,0,0,0,3.6,626.6,71,0,0.8,28.5,66,31.1,21.5
2026-08-18T11:30:00+05:30,2026-08-18 11:30:00,28.9,32.7,23.1,0,0,7.2,170,0,0,0,0,3.6,626.6,71,0,0.7,28.5,66,31.1,21.5
2026-08-18T11:25:00+05:30,2026-08-18 11:25:00,28.8,32.6,23.2,0,0,7.2,170,0,0,0,0,3.6,626.6,72,0,0.7,28.4,67,31,21.7
2026-08-18T11:20:00+05:30,2026-08-18 11:20:00,28.8,32.8,23.4,0,0,7.2,170,0,0,0,0,3.6,626.6,73,0,0.7,28.3,68,30.9,21.8
2026-08-18T11:15:00+05:30,2026-08-18 11:15:00,28.7,32.7,23.4,0,0,7.2,170,0,0,0,0,3.6,626.6,73,0,0.6,28.2,68,30.8,21.7
2026-08-18T11:10:00+05:30,2026-08-18 11:10:00,28.7,32.8,23.6,0,0,7.2,170,0,0,0,0,3.6,626.6,74,0,0.7,28.2,69,30.9,22
2026-08-18T11:05:00+05:30,2026-08-18 11:05:00,28.6,32.6,23.5,0,0,7.2,170,0,0,0,0,3.6,626.6,74,0,0.7,28.1,69,30.7,21.9
2026-08-18T11:00:00+05:30,2026-08-18 11:00:00,28.5,32.3,23.4,0,0,7.2,170,0,0,0,0,3.6,626.6,74,0,0.7,28,69,30.6,21.8
2026-08-18T10:55:00+05:30,2026-08-18 10:55:00,28.4,32.1,23.3,0,0,7.2,170,0,0,0,0,3.6,626.6,74,0,0.8,27.9,69,30.3,21.7
2026-08-18T10:50:00+05:30,2026-08-18 10:50:00,28.3,31.8,23.2,0,0,7.2,170,0,0,0,0,3.6,626.6,74,0,0.8,27.8,69,30.1,21.6
2026-08-18T10:46:00+05:30,2026-08-18 10:46:00,28.2,31.5,22.9,0,0,7.2,170,0,0,0,0,3.6,626.6,73,0,0.8,27.8,69,30.1,21.6
2026-08-18T10:40:00+05:30,2026-08-18 10:40:00,28.1,31.6,23.3,0,0,7.2,170,0,0,0,0,3.6,626.6,75,0,0.8,27.7,70,30.1,21.7
2026-08-18T10:35:00+05:30,2026-08-18 10:35:00,28,31.5,23.4,0,0,7.2,170,0,0,0,0,3.6,626.6,76,0,0.8,27.7,70,30.1,21.7
2026-08-18T10:30:00+05:30,2026-08-18 10:30:00,28,31.5,23.4,0,0,7.2,170,0,0,0,0,3.6,626.6,76,0,0.7,27.6,70,29.9,21.6
2026-08-18T10:25:00+05:30,2026-08-18 10:25:00,27.9,31.3,23.3,0,0,7.2,170,0,0,0,0,3.6,626.6,76,0,0.8,27.5,70,29.7,21.5
2026-08-18T10:20:00+05:30,2026-08-18 10:20:00,27.8,31.1,23.4,0,0,7.2,170,0,0,0,0,3.6,626.6,77,0,0.7,27.5,71,29.8,21.8
2026-08-18T10:15:00+05:30,2026-08-18 10:15:00,27.7,31,23.3,0,0,7.2,170,0,0,0,0,3.6,626.6,77,0,0.8,27.4,71,29.6,21.7
2026-08-18T10:10:00+05:30,2026-08-18 10:10:00,27.6,30.8,23.2,0,0,7.2,170,0,0,0,0,3.6,626.6,77,0,0.6,27.3,71,29.4,21.6
2026-08-18T10:05:00+05:30,2026-08-18 10:05:00,27.6,30.8,23.2,0,0,7.2,170,0,0,0,0,3.6,626.6,77,0,0.5,27.3,71,29.4,21.6
2026-08-18T10:00:00+05:30,2026-08-18 10:00:00,27.5,30.6,23.3,0,0,7.2,170,0,0,0,0,3.6,626.6,78,0,0.7,27.3,72,29.6,21.8
2026-08-18T09:55:00+05:30,2026-08-18 09:55:00,27.5,30.6,23.3,0,0,7.2,170,0,0,0,0,3.6,626.6,78,0,0.6,27.2,72,29.4,21.7
2026-08-18T09:50:00+05:30,2026-08-18 09:50:00,27.4,30.4,23.2,0,0,7.2,170,0,0,0,0,3.6,626.6,78,0,0.7,27.1,72,29.2,21.6
2026-08-18T09:45:00+05:30,2026-08-18 09:45:00,27.3,30.3,23.3,0,0,7.2,170,0,0,0,0,3.6,626.6,79,0,0.8,27.1,72,29.2,21.6
2026-08-18T09:41:00+05:30,2026-08-18 09:41:00,27.3,30.3,23.3,0,0,7.2,170,0,0,0,0,3.6,626.6,79,0,0.9,27,72,29,21.5
2026-08-18T09:35:00+05:30,2026-08-18 09:35:00,27.2,30.1,23.3,0,0,7.2,170,0,0,0,0,3.6,626.6,79,0,0.9,27,72,29,21.5
2026-08-18T09:30:00+05:30,2026-08-18 09:30:00,27.2,30.2,23.5,0,0,7.2,170,0,0,0,0,3.6,626.6,80,0,0.7,27,72,29,21.5
2026-08-18T09:25:00+05:30,2026-08-18 09:25:00,27.1,30,23.4,0,0,7.2,170,0,0,0,0,3.6,626.6,80,0,0.5,26.9,73,28.9,21.6
2026-08-18T09:20:00+05:30,2026-08-18 09:20:00,27,29.8,23.5,0,0,7.2,170,0,0,0,0,3.6,626.6,81,0,0.7,26.9,73,28.9,21.6
2026-08-18T09:15:00+05:30,2026-08-18 09:15:00,27,29.8,23.5,0,0,7.2,170,0,0,0,0,3.6,626.6,81,0,1,26.8,73,28.7,21.5
2026-08-18T09:10:00+05:30,2026-08-18 09:10:00,26.9,29.6,23.3,0,0,7.2,170,0,0,0,0,3.6,626.6,81,0,0.9,26.8,73,28.7,21.5
2026-08-18T09:05:00+05:30,2026-08-18 09:05:00,26.8,29.3,23.2,0,0,7.2,170,0,0,0,0,3.6,626.6,81,0,0.6,26.7,73,28.6,21.4
2026-08-18T09:00:00+05:30,2026-08-18 09:00:00,26.8,29.3,23.2,0,0,7.2,170,0,0,0,0,3.6,626.6,81,0,0.5,26.7,73,28.6,21.4
2026-08-18T08:55:00+05:30,2026-08-18 08:55:00,26.7,29.2,23.2,0,0,7.2,170,0,0,0,0,3.6,626.6,81,0,0.5,26.7,73,28.6,21.4
2026-08-18T08:50:00+05:30,2026-08-18 08:50:00,26.7,29.2,23.2,0,0,7.2,170,0,0,0,0,3.6,626.6,81,0,0.5,26.7,73,28.6,21.4
2026-08-18T08:45:00+05:30,2026-08-18 08:45:00,26.7,29.2,23.2,0,0,7.2,170,0,0,0,0,3.6,626.6,81,0,0.7,26.6,73,27.2,21.4
2026-08-18T08:40:00+05:30,2026-08-18 08:40:00,26.7,29.2,23.2,0,0,0,152,0,0,0,0,3.6,626.6,81,0,0.5,26.6,73,27.2,21.4
2026-08-18T08:36:00+05:30,2026-08-18 08:36:00,26.7,29.2,23.2,0,0,0,152,0,0,0,0,3.6,626.6,81,0,0.5,26.6,73,27.2,21.4
2026-08-18T08:30:00+05:30,2026-08-18 08:30:00,26.7,29.2,23.2,0,0,0,152,0,0,0,0,3.6,626.6,81,0,0.1,26.6,73,27.2,21.4
2026-08-18T08:25:00+05:30,2026-08-18 08:25:00,26.7,29.2,23.2,0,0,0,152,0,0,0,0,3.6,626.6,81,0,0.1,26.6,73,27.2,21.4
2026-08-18T08:20:00+05:30,2026-08-18 08:20:00,26.6,27.4,23.1,0,0,0,152,0,0,0,0,3.6,626.6,81,0,0.1,26.6,73,27.2,21.4
2026-08-18T08:15:00+05:30,2026-08-18 08:15:00,26.6,27.4,23.1,0,0,0,153,0,0,0,0,3.6,626.6,81,0,0.1,26.5,73,27.1,21.3
2026-08-18T08:10:00+05:30,2026-08-18 08:10:00,26.6,27.4,23.1,0,0,0,152,0,0,0,0,3.6,626.6,81,0,0.1,26.6,73,27.2,21.4
2026-08-18T08:05:00+05:30,2026-08-18 08:05:00,26.6,27.4,23.1,0,0,0,152,0,0,0,0,3.6,626.6,81,0,0.1,26.5,73,27.1,21.3
2026-08-18T08:00:00+05:30,2026-08-18 08:00:00,26.6,27.4,23.1,0,0,0,152,0,0,0,0,3.6,626.6,81,0,0,26.5,73,27.1,21.3
2026-08-18T07:55:00+05:30,2026-08-18 07:55:00,26.6,27.4,23.1,0,0,0,152,0,0,0,0,3.6,626.6,81,0,0.1,26.5,73,27.1,21.3
2026-08-18T07:50:00+05:30,2026-08-18 07:50:00,26.5,27.3,23,0,0,0,152,0,0,0,0,3.6,626.6,81,0,0.1,26.5,73,27.1,21.3
2026-08-18T07:45:00+05:30,2026-08-18 07:45:00,26.5,27.3,23,0,0,0,152,0,0,0,0,3.6,626.6,81,0,0.1,26.4,73,27,21.2
2026-08-18T07:40:00+05:30,2026-08-18 07:40:00,26.5,27.3,23,0,0,0,152,0,0,0,0,3.6,626.6,81,0,0.1,26.4,73,27,21.2
2026-08-18T07:35:00+05:30,2026-08-18 07:35:00,26.4,27.2,22.9,0,0,0,152,0,0,0,0,3.6,626.6,81,0,0.1,26.4,73,27,21.2
2026-08-18T07:30:00+05:30,2026-08-18 07:30:00,26.4,27.2,22.9,0,0,0,152,0,0,0,0,3.6,626.6,81,0,0.1,26.4,73,27,21.2
2026-08-18T07:25:00+05:30,2026-08-18 07:25:00,26.4,27.2,22.9,0,0,0,152,0,0,0,0,3.6,626.6,81,0,0.1,26.4,73,27,21.2
2026-08-18T07:20:00+05:30,2026-08-18 07:20:00,26.4,27.2,22.9,0,0,0,152,0,0,0,0,3.6,626.6,81,0,0.1,26.3,72,26.8,20.8
2026-08-18T07:16:00+05:30,2026-08-18 07:16:00,26.4,27.2,22.9,0,0,0,152,0,0,0,0,3.6,626.6,81,0,0.1,26.3,72,26.8,20.8
2026-08-18T07:10:00+05:30,2026-08-18 07:10:00,26.4,27.2,22.9,0,0,0,152,0,0,0,0,3.6,626.6,81,0,0,26.3,72,26.8,20.8
2026-08-18T07:05:00+05:30,2026-08-18 07:05:00,26.4,27.2,22.9,0,0,0,152,0,0,0,0,3.6,626.6,81,0,0.1,26.3,72,26.8,20.8
2026-08-18T07:00:00+05:30,2026-08-18 07:00:00,26.4,27.2,22.9,0,0,0,152,0,0,0,0,3.6,626.6,81,0,0,26.3,72,26.8,20.8
2026-08-18T06:55:00+05:30,2026-08-18 06:55:00,26.3,27.1,22.7,0,0,0,152,0,0,0,0,3.6,626.6,81,0,0,26.3,72,26.8,20.8
2026-08-18T06:50:00+05:30,2026-08-18 06:50:00,26.3,27.1,22.7,0,0,0,152,0,0,0,0,3.6,626.6,81,0,0,26.3,72,26.8,20.8
2026-08-18T06:45:00+05:30,2026-08-18 06:45:00,26.3,27.1,22.7,0,0,0,152,0,0,0,0,3.6,626.6,81,0,0,26.3,72,26.8,20.8
2026-08-18T06:40:00+05:30,2026-08-18 06:40:00,26.3,27.1,22.7,0,0,0,152,0,0,0,0,3.6,626.6,81,0,0,26.3,72,26.8,20.8
2026-08-18T06:35:00+05:30,2026-08-18 06:35:00,26.3,27.1,22.7,0,0,0,152,0,0,0,0,3.6,626.6,81,0,0,26.3,72,26.8,20.8
2026-08-18T06:30:00+05:30,2026-08-18 06:30:00,26.3,27.1,22.7,0,0,0,152,0,0,0,0,3.6,626.6,81,0,0,26.3,72,26.8,20.8
2026-08-18T06:25:00+05:30,2026-08-18 06:25:00,26.2,27,22.7,0,0,0,152,0,0,0,0,3.6,626.6,81,0,0,26.3,72,26.8,20.8
2026-08-18T06:20:00+05:30,2026-08-18 06:20:00,26.3,27.1,22.7,0,0,0,152,0,0,0,0,3.6,626.6,81,0,0,26.4,72,26.9,20.9
2026-08-18T06:15:00+05:30,2026-08-18 06:15:00,26.3,27.1,22.7,0,0,0,152,0,0,0,0,3.6,626.6,81,0,0,26.3,72,26.8,20.8
2026-08-18T06:11:00+05:30,2026-08-18 06:11:00,26.3,27.1,22.7,0,0,0,152,0,0,0,0,3.6,626.6,81,0,0,26.4,72,26.9,20.9
2026-08-18T06:05:00+05:30,2026-08-18 06:05:00,26.3,27.1,22.7,0,0,0,152,0,0,0,0,3.6,626.6,81,0,0,26.4,72,26.9,20.9
2026-08-18T06:00:00+05:30,2026-08-18 06:00:00,26.3,27.1,22.7,0,0,0,152,0,0,0,0,3.6,626.6,81,0,0,26.4,72,26.9,20.9
2026-08-18T05:55:00+05:30,2026-08-18 05:55:00,26.3,27.1,22.7,0,0,0,153,0,0,0,0,3.6,626.6,81,0,0,26.4,72,26.9,20.9
2026-08-18T05:50:00+05:30,2026-08-18 05:50:00,26.3,27.1,22.7,0,0,0,153,0,0,0,0,3.6,626.6,81,0,0,26.4,72,26.9,20.9
2026-08-18T05:45:00+05:30,2026-08-18 05:45:00,26.3,27.1,22.7,0,0,0,152,0,0,0,0,3.6,626.6,81,0,0,26.4,72,26.9,20.9
2026-08-18T05:40:00+05:30,2026-08-18 05:40:00,26.3,27.1,22.7,0,0,0,152,0,0,0,0,3.6,626.6,81,0,0,26.4,72,26.9,20.9
2026-08-18T05:35:00+05:30,2026-08-18 05:35:00,26.3,27.1,22.7,0,0,0,152,0,0,0,0,3.6,626.6,81,0,0,26.4,72,26.9,20.9
2026-08-18T05:30:00+05:30,2026-08-18 05:30:00,26.4,27.2,22.7,0,0,0,152,0,0,0,0,3.6,626.6,80,0,0,26.4,72,26.9,20.9
2026-08-18T05:25:00+05:30,2026-08-18 05:25:00,26.4,27.2,22.7,0,0,0,153,0,0,0,0,3.6,626.6,80,0,0,26.5,72,27.1,21.1
2026-08-18T05:20:00+05:30,2026-08-18 05:20:00,26.4,27.2,22.7,0,0,0,153,0,0,0,0,3.6,626.6,80,0,0,26.5,72,27.1,21.1
2026-08-18T05:15:00+05:30,2026-08-18 05:15:00,26.5,27.3,22.8,0,0,0,153,0,0,0,0,3.6,626.6,80,0,0,26.4,71,26.9,20.7
2026-08-18T05:10:00+05:30,2026-08-18 05:10:00,26.5,27.3,22.8,0,0,0,152,0,0,0,0,3.6,626.6,80,0,0,26.5,71,27.1,20.8
2026-08-18T05:06:00+05:30,2026-08-18 05:06:00,26.5,27.3,22.8,0,0,0,152,0,0,0,0,3.6,626.6,80,0,0,26.5,71,27.1,20.8
2026-08-18T05:00:00+05:30,2026-08-18 05:00:00,26.5,27.3,22.8,0,0,0,152,0,0,0,0,3.6,626.6,80,0,0,26.5,71,27.1,20.8
2026-08-18T04:55:00+05:30,2026-08-18 04:55:00,26.5,27.3,22.8,0,0,0,152,0,0,0,0,3.6,626.6,80,0,0,26.5,71,27.1,20.8
2026-08-18T04:50:00+05:30,2026-08-18 04:50:00,26.5,27.3,22.8,0,0,0,152,0,0,0,0,3.6,626.6,80,0,0,26.5,71,27.1,20.8
2026-08-18T04:45:00+05:30,2026-08-18 04:45:00,26.5,27.3,22.8,0,0,0,152,0,0,0,0,3.6,626.6,80,0,0,26.5,71,27.1,20.8
2026-08-18T04:40:00+05:30,2026-08-18 04:40:00,26.6,27.4,22.7,0,0,0,152,0,0,0,0,3.6,626.6,79,0,0,26.5,71,27.1,20.8
2026-08-18T04:35:00+05:30,2026-08-18 04:35:00,26.6,27.4,22.7,0,0,0,152,0,0,0,0,3.6,626.6,79,0,0,26.5,71,27.1,20.8
2026-08-18T04:30:00+05:30,2026-08-18 04:30:00,26.6,27.4,22.7,0,0,0,153,0,0,0,0,3.6,626.6,79,0,0,26.5,71,27.1,20.8
2026-08-18T04:25:00+05:30,2026-08-18 04:25:00,26.6,27.4,22.7,0,0,0,153,0,0,0,0,3.6,626.6,79,0,0,26.5,71,27.1,20.8
2026-08-18T04:20:00+05:30,2026-08-18 04:20:00,26.6,27.4,22.7,0,0,0,153,0,0,0,0,3.6,626.6,79,0,0,26.5,71,27.1,20.8
2026-08-18T04:15:00+05:30,2026-08-18 04:15:00,26.6,27.4,22.7,0,0,0,152,0,0,0,0,3.6,626.6,79,0,0,26.6,71,27.2,20.9
2026-08-18T04:10:00+05:30,2026-08-18 04:10:00,26.6,27.4,22.7,0,0,0,152,0,0,0,0,3.6,626.6,79,0,0,26.6,71,27.2,20.9
2026-08-18T04:05:00+05:30,2026-08-18 04:05:00,26.6,27.4,22.7,0,0,0,152,0,0,0,0,3.6,626.6,79,0,0,26.6,71,27.2,20.9
2026-08-18T04:00:00+05:30,2026-08-18 04:00:00,26.6,27.4,22.7,0,0,0,152,0,0,0,0,3.6,626.6,79,0,0,26.6,71,27.2,20.9
2026-08-18T03:55:00+05:30,2026-08-18 03:55:00,26.6,27.4,22.7,0,0,0,152,0,0,0,0,3.6,626.6,79,0,0,26.6,71,27.2,20.9
2026-08-18T03:50:00+05:30,2026-08-18 03:50:00,26.6,27.4,22.7,0,0,0,152,0,0,0,0,3.6,626.6,79,0,0,26.6,71,27.2,20.9
2026-08-18T03:45:00+05:30,2026-08-18 03:45:00,26.6,27.4,22.7,0,0,0,152,0,0,0,0,3.6,626.6,79,0,0,26.6,71,27.2,20.9
2026-08-18T03:40:00+05:30,2026-08-18 03:40:00,26.6,27.4,22.7,0,0,0,152,0,0,0,0,3.6,626.6,79,0,0,26.6,71,27.2,20.9
2026-08-18T03:35:00+05:30,2026-08-18 03:35:00,26.6,27.4,22.7,0,0,0,152,0,0,0,0,3.6,626.6,79,0,0,26.6,71,27.2,20.9
2026-08-18T03:30:00+05:30,2026-08-18 03:30:00,26.6,27.4,22.7,0,0,0,152,0,0,0,0,3.6,626.6,79,0,0,26.6,71,27.2,20.9
2026-08-18T03:25:00+05:30,2026-08-18 03:25:00,26.6,27.4,22.7,0,0,0,152,0,0,0,0,3.6,626.6,79,0,0,26.7,70,28.4,20.8
2026-08-18T03:20:00+05:30,2026-08-18 03:20:00,26.6,27.4,22.7,0,0,0,152,0,0,0,0,3.6,626.6,79,0,0,26.7,70,28.4,20.8
2026-08-18T03:15:00+05:30,2026-08-18 03:15:00,26.6,27.4,22.7,0,0,0,152,0,0,0,0,3.6,626.6,79,0,0,26.7,70,28.4,20.8
2026-08-18T03:10:00+05:30,2026-08-18 03:10:00,26.6,27.4,22.7,0,0,0,152,0,0,0,0,3.6,626.6,79,0,0,26.7,70,28.4,20.8
2026-08-18T03:05:00+05:30,2026-08-18 03:05:00,26.6,27.4,22.7,0,0,0,152,0,0,0,0,3.6,626.6,79,0,0,26.7,70,28.4,20.8
2026-08-18T03:00:00+05:30,2026-08-18 03:00:00,26.6,27.4,22.7,0,0,0,152,0,0,0,0,3.6,626.6,79,0,0,26.7,71,28.4,21
2026-08-18T02:55:00+05:30,2026-08-18 02:55:00,26.6,27.4,22.7,0,0,0,152,0,0,0,0,3.6,626.6,79,0,0,26.7,71,28.4,21
2026-08-18T02:50:00+05:30,2026-08-18 02:50:00,26.6,27.4,22.7,0,0,0,152,0,0,0,0,3.6,626.6,79,0,0,26.8,71,28.6,21.1
2026-08-18T02:45:00+05:30,2026-08-18 02:45:00,26.6,27.4,22.7,0,0,0,152,0,0,0,0,3.6,626.6,79,0,0,26.7,71,28.4,21
2026-08-18T02:41:00+05:30,2026-08-18 02:41:00,26.6,27.4,22.7,0,0,0,152,0,0,0,0,3.6,626.6,79,0,0,26.8,71,28.6,21.1
2026-08-18T02:35:00+05:30,2026-08-18 02:35:00,26.6,27.4,22.7,0,0,0,152,0,0,0,0,3.6,626.6,79,0,0,26.8,71,28.6,21.1
2026-08-18T02:30:00+05:30,2026-08-18 02:30:00,26.6,27.4,22.7,0,0,0,152,0,0,0,0,3.6,626.6,79,0,0,26.8,70,28.5,20.8
2026-08-18T02:25:00+05:30,2026-08-18 02:25:00,26.6,27.4,22.7,0,0,0,152,0,0,0,0,3.6,626.6,79,0,0,26.8,70,28.5,20.8
2026-08-18T02:20:00+05:30,2026-08-18 02:20:00,26.7,29.1,22.8,0,0,0,152,0,0,0,0,3.6,626.6,79,0,0,26.8,70,28.5,20.8
2026-08-18T02:15:00+05:30,2026-08-18 02:15:00,26.7,29.1,22.8,0,0,0,152,0,0,0,0,3.6,626.6,79,0,0,26.8,70,28.5,20.8
2026-08-18T02:10:00+05:30,2026-08-18 02:10:00,26.7,29.1,22.8,0,0,0,152,0,0,0,0,3.6,626.6,79,0,0,26.8,70,28.5,20.8
2026-08-18T02:05:00+05:30,2026-08-18 02:05:00,26.7,29,22.6,0,0,0,152,0,0,0,0,3.6,626.6,78,0,0,26.8,70,28.5,20.8
2026-08-18T02:00:00+05:30,2026-08-18 02:00:00,26.7,29,22.6,0,0,0,152,0,0,0,0,3.6,626.6,78,0,0,26.8,70,28.5,20.8
2026-08-18T01:55:00+05:30,2026-08-18 01:55:00,26.7,29,22.6,0,0,0,153,0,0,0,0,3.6,626.6,78,0,0,26.8,70,28.5,20.8
2026-08-18T01:50:00+05:30,2026-08-18 01:50:00,26.7,29,22.6,0,0,0,153,0,0,0,0,3.6,626.6,78,0,0,26.8,70,28.5,20.8
2026-08-18T01:45:00+05:30,2026-08-18 01:45:00,26.7,29,22.6,0,0,0,153,0,0,0,0,3.6,626.6,78,0,0,26.8,70,28.5,20.8
2026-08-18T01:40:00+05:30,2026-08-18 01:40:00,26.7,29,22.6,0,0,0,153,0,0,0,0,3.6,626.6,78,0,0,26.8,70,28.5,20.8
2026-08-18T01:36:00+05:30,2026-08-18 01:36:00,26.7,29,22.6,0,0,0,152,0,0,0,0,3.6,626.6,78,0,0,26.8,70,28.5,20.8
2026-08-18T01:30:00+05:30,2026-08-18 01:30:00,26.7,29,22.6,0,0,0,152,0,0,0,0,3.6,626.6,78,0,0,26.9,70,28.7,20.9
2026-08-18T01:25:00+05:30,2026-08-18 01:25:00,26.7,29,22.6,0,0,0,153,0,0,0,0,3.6,626.6,78,0,0,26.9,70,28.7,20.9
2026-08-18T01:20:00+05:30,2026-08-18 01:20:00,26.7,29,22.6,0,0,0,152,0,0,0,0,3.6,626.6,78,0,0,26.9,70,28.7,20.9
2026-08-18T01:15:00+05:30,2026-08-18 01:15:00,26.7,29,22.6,0,0,0,152,0,0,0,0,3.6,626.6,78,0,0,26.9,70,28.7,20.9
2026-08-18T01:10:00+05:30,2026-08-18 01:10:00,26.7,29,22.6,0,0,0,152,0,0,0,0,3.6,626.6,78,0,0,26.9,70,28.7,20.9
2026-08-18T01:05:00+05:30,2026-08-18 01:05:00,26.7,29,22.6,0,0,0,153,0,0,0,0,3.6,626.6,78,0,0,26.9,70,28.7,20.9
2026-08-18T01:00:00+05:30,2026-08-18 01:00:00,26.7,29,22.6,0,0,0,153,0,0,0,0,3.6,626.6,78,0,0,27,70,28.8,21.1
2026-08-18T00:55:00+05:30,2026-08-18 00:55:00,26.7,29,22.6,0,0,0,152,0,0,0,0,3.6,626.6,78,0,0,27,70,28.8,21.1
2026-08-18T00:50:00+05:30,2026-08-18 00:50:00,26.7,29,22.6,0,0,0,152,0,0,0,0,3.6,626.6,78,0,0,27,70,28.8,21.1
2026-08-18T00:45:00+05:30,2026-08-18 00:45:00,26.7,29,22.6,0,0,0,152,0,0,0,0,3.6,626.6,78,0,0,27,70,28.8,21.1
2026-08-18T00:40:00+05:30,2026-08-18 00:40:00,26.7,29,22.6,0,0,0,152,0,0,0,0,3.6,626.6,78,0,0,27,70,28.8,21.1
2026-08-18T00:35:00+05:30,2026-08-18 00:35:00,26.8,29.1,22.6,0,0,0,153,0,0,0,0,3.6,626.6,78,0,0,27,70,28.8,21.1
2026-08-18T00:31:00+05:30,2026-08-18 00:31:00,26.8,29.1,22.6,0,0,0,153,0,0,0,0,3.6,626.6,78,0,0,27,70,28.8,21.1
2026-08-18T00:25:00+05:30,2026-08-18 00:25:00,26.8,29.1,22.6,0,0,0,152,0,0,0,0,3.6,626.6,78,0,0,27,70,28.8,21.1
2026-08-18T00:20:00+05:30,2026-08-18 00:20:00,26.9,29.3,22.7,0,0,0,152,0,0,0,0,3.6,626.6,78,0,0,27,70,28.8,21.1
2026-08-18T00:15:00+05:30,2026-08-18 00:15:00,26.9,29.3,22.7,0,0,0,152,0,0,0,0,3.6,626.6,78,0,0,27.1,70,29.1,21.2
2026-08-18T00:10:00+05:30,2026-08-18 00:10:00,26.9,29.3,22.7,0,0,0,152,0,0,0,0,3.6,626.6,78,0,0,27.1,70,29.1,21.2
2026-08-18T00:05:00+05:30,2026-08-18 00:05:00,26.9,29.3,22.7,0,0,0,152,0,0,0,0,3.6,626.6,78,0,0,27.1,69,28.9,20.9
2026-08-18T00:00:00+05:30,2026-08-18 00:00:00,26.9,29.3,22.7,0,0,0,152,0,0,0,0,3.6,626.6,78,0,0,27.1,69,28.9,20.9
2026-08-17T23:55:00+05:30,2026-08-17 23:55:00,26.9,29.3,22.7,0,0,1.8,152,0,0,0,0,3.6,626.6,78,0,0,27.1,69,28.9,20.9
2026-08-17T23:50:00+05:30,2026-08-17 23:50:00,26.9,29.3,22.7,0,0,1.8,152,0,0,0,0,3.6,626.6,78,0,0,27.1,69,28.9,20.9
2026-08-17T23:45:00+05:30,2026-08-17 23:45:00,26.9,29.3,22.7,0,0,1.8,152,0,0,0,0,3.6,626.6,78,0,0,27.1,69,28.9,20.9
2026-08-17T23:40:00+05:30,2026-08-17 23:40:00,26.9,29.3,22.7,0,0,1.8,151,0,0,0,0,3.6,626.6,78,0,0,27.2,69,29.2,21
2026-08-17T23:35:00+05:30,2026-08-17 23:35:00,27,29.6,22.8,0,0,1.8,151,0,0,0,0,3.6,626.6,78,0,0,27.2,69,29.2,21
2026-08-17T23:30:00+05:30,2026-08-17 23:30:00,27,29.6,22.8,0,0,1.8,151,0,0,0,0,3.6,626.6,78,0,0,27.2,69,29.2,21
2026-08-17T23:25:00+05:30,2026-08-17 23:25:00,27,29.6,22.8,0,0,1.8,151,0,0,0,0,3.6,626.6,78,0,0,27.2,69,29.2,21
2026-08-17T23:20:00+05:30,2026-08-17 23:20:00,27,29.5,22.6,0,0,1.8,152,0,0,0,0,3.6,626.6,77,0,0,27.2,69,29.2,21
2026-08-17T23:15:00+05:30,2026-08-17 23:15:00,27,29.5,22.6,0,0,1.8,152,0,0,0,0,3.6,626.6,77,0,0,27.2,69,29.2,21
2026-08-17T23:11:00+05:30,2026-08-17 23:11:00,27,29.5,22.6,0,0,1.8,152,0,0,0,0,3.6,626.6,77,0,0,27.2,69,29.2,21
2026-08-17T23:05:00+05:30,2026-08-17 23:05:00,27,29.5,22.6,0,0,1.8,152,0,0,0,0,3.6,626.6,77,0,0,27.3,69,29.2,21.1
2026-08-17T23:00:00+05:30,2026-08-17 23:00:00,27,29.5,22.6,0,0,1.8,153,0,0,0,0,3.6,626.6,77,0,0,27.3,69,29.2,21.1
2026-08-17T22:55:00+05:30,2026-08-17 22:55:00,27,29.5,22.6,0,0,1.8,153,0,0,0,0,3.6,626.6,77,0,0,27.3,69,29.2,21.1
2026-08-17T22:50:00+05:30,2026-08-17 22:50:00,27,29.5,22.6,0,0,1.8,152,0,0,0,0,3.6,626.6,77,0,0,27.3,69,29.2,21.1
2026-08-17T22:45:00+05:30,2026-08-17 22:45:00,27,29.5,22.6,0,0,1.8,152,0,0,0,0,3.6,626.6,77,0,0,27.4,69,29.4,21.2
2026-08-17T22:40:00+05:30,2026-08-17 22:40:00,27,29.5,22.6,0,0,1.8,152,0,0,0,0,3.6,626.6,77,0,0,27.4,69,29.4,21.2
2026-08-17T22:35:00+05:30,2026-08-17 22:35:00,27,29.5,22.6,0,0,1.8,152,0,0,0,0,3.6,626.6,77,0,0,27.4,69,29.4,21.2
2026-08-17T22:30:00+05:30,2026-08-17 22:30:00,27,29.5,22.6,0,0,1.8,151,0,0,0,0,3.6,626.6,77,0,0,27.4,69,29.4,21.2
2026-08-17T22:25:00+05:30,2026-08-17 22:25:00,27,29.5,22.6,0,0,1.8,152,0,0,0,0,3.6,626.6,77,0,0,27.4,69,29.4,21.2
2026-08-17T22:20:00+05:30,2026-08-17 22:20:00,27,29.5,22.6,0,0,1.8,152,0,0,0,0,3.6,626.6,77,0,0,27.5,69,29.6,21.3
2026-08-17T22:15:00+05:30,2026-08-17 22:15:00,27,29.6,22.8,0,0,1.8,152,0,0,0,0,3.6,626.6,78,0,0,27.5,69,29.6,21.3
2026-08-17T22:10:00+05:30,2026-08-17 22:10:00,27,29.6,22.8,0,0,1.8,152,0,0,0,0,3.6,626.6,78,0,0,27.5,69,29.6,21.3
2026-08-17T22:06:00+05:30,2026-08-17 22:06:00,27,29.6,22.8,0,0,1.8,152,0,0,0,0,3.6,626.6,78,0,0,27.5,69,29.6,21.3
2026-08-17T22:00:00+05:30,2026-08-17 22:00:00,27,29.6,22.8,0,0,1.8,152,0,0,0,0,3.6,626.6,78,0,0,27.6,69,29.8,21.4
2026-08-17T21:55:00+05:30,2026-08-17 21:55:00,27.1,29.8,22.9,0,0,1.8,152,0,0,0,0,3.6,626.6,78,0,0,27.6,69,29.8,21.4
2026-08-17T21:50:00+05:30,2026-08-17 21:50:00,27.1,29.8,22.9,0,0,1.8,152,0,0,0,0,3.6,626.6,78,0,0,27.5,69,29.6,21.3
2026-08-17T21:45:00+05:30,2026-08-17 21:45:00,27.1,29.8,22.9,0,0,1.8,152,0,0,0,0,3.6,626.6,78,0,0,27.6,69,29.8,21.4
2026-08-17T21:40:00+05:30,2026-08-17 21:40:00,27.1,29.9,23.1,0,0,1.8,152,0,0,0,0,3.6,626.6,79,0,0,27.6,69,29.8,21.4
2026-08-17T21:35:00+05:30,2026-08-17 21:35:00,27.1,29.8,22.9,0,0,1.8,152,0,0,0,0,3.6,626.6,78,0,0,27.6,69,29.8,21.4
2026-08-17T21:30:00+05:30,2026-08-17 21:30:00,27.1,29.9,23.1,0,0,1.8,152,0,0,0,0,3.6,626.6,79,0,0,27.6,69,29.8,21.4
2026-08-17T21:25:00+05:30,2026-08-17 21:25:00,27.1,29.9,23.1,0,0,1.8,152,0,0,0,0,3.6,626.6,79,0,0,27.6,69,29.8,21.4
2026-08-17T21:20:00+05:30,2026-08-17 21:20:00,27.2,30,23,0,0,1.8,152,0,0,0,0,3.6,626.6,78,0,0,27.7,70,30.1,21.7
2026-08-17T21:15:00+05:30,2026-08-17 21:15:00,27.2,30.1,23.3,0,0,1.8,152,0,0,0,0,3.6,626.6,79,0,0,27.7,70,30.1,21.7
2026-08-17T21:10:00+05:30,2026-08-17 21:10:00,27.2,30.1,23.3,0,0,1.8,152,0,0,0,0,3.6,626.6,79,0,0,27.7,70,30.1,21.7
2026-08-17T21:05:00+05:30,2026-08-17 21:05:00,27.2,30.1,23.3,0,0,1.8,152,0,0,0,0,3.6,626.6,79,0,0,27.7,70,30.1,21.7
2026-08-17T21:01:00+05:30,2026-08-17 21:01:00,27.2,30.1,23.3,0,0,1.8,152,0,0,0,0,3.6,626.6,79,0,0,27.8,70,30.2,21.8
2026-08-17T20:55:00+05:30,2026-08-17 20:55:00,27.2,30.1,23.3,0,0,1.8,152,0,0,0,0,3.6,626.6,79,0,0,27.8,70,30.2,21.8
2026-08-17T20:50:00+05:30,2026-08-17 20:50:00,27.3,30.3,23.3,0,0,1.8,152,0,0,0,0,3.6,626.6,79,0,0,27.8,70,30.2,21.8
2026-08-17T20:45:00+05:30,2026-08-17 20:45:00,27.3,30.3,23.3,0,0,1.8,152,0,0,0,0,3.6,626.6,79,0,0,27.8,69,30.1,21.6
2026-08-17T20:40:00+05:30,2026-08-17 20:40:00,27.3,30.3,23.3,0,0,1.8,151,0,0,0,0,3.6,626.6,79,0,0,27.8,69,30.1,21.6
2026-08-17T20:35:00+05:30,2026-08-17 20:35:00,27.3,30.3,23.3,0,0,1.8,152,0,0,0,0,3.6,626.6,79,0,0,27.9,69,30.3,21.7
2026-08-17T20:30:00+05:30,2026-08-17 20:30:00,27.3,30.3,23.3,0,0,1.8,152,0,0,0,0,3.6,626.6,79,0,0,27.9,70,30.4,21.9
2026-08-17T20:25:00+05:30,2026-08-17 20:25:00,27.3,30.3,23.3,0,0,1.8,151,0,0,0,0,3.6,626.6,79,0,0,27.9,70,30.4,21.9
2026-08-17T20:20:00+05:30,2026-08-17 20:20:00,27.3,30.3,23.3,0,0,1.8,152,0,0,0,0,3.6,626.6,79,0,0,27.9,70,30.4,21.9
2026-08-17T20:15:00+05:30,2026-08-17 20:15:00,27.3,30.3,23.3,0,0,1.8,151,0,0,0,0,3.6,626.6,79,0,0,27.9,69,30.3,21.7
2026-08-17T20:10:00+05:30,2026-08-17 20:10:00,27.4,30.5,23.4,0,0,1.8,151,0,0,0,0,3.6,626.6,79,0,0,27.9,69,30.3,21.7
2026-08-17T20:05:00+05:30,2026-08-17 20:05:00,27.4,30.5,23.4,0,0,1.8,151,0,0,0,0,3.6,626.6,79,0,0,27.9,69,30.3,21.7
2026-08-17T20:00:00+05:30,2026-08-17 20:00:00,27.4,30.5,23.4,0,0,1.8,151,0,0,0,0,3.6,626.6,79,0,0,28,69,30.6,21.8
2026-08-17T19:55:00+05:30,2026-08-17 19:55:00,27.4,30.5,23.4,0,0,1.8,151,0,0,0,0,3.6,626.6,79,0,0,28,69,30.6,21.8
2026-08-17T19:50:00+05:30,2026-08-17 19:50:00,27.5,30.8,23.5,0,0,1.8,151,0,0,0,0,3.6,626.6,79,0,0,28,69,30.6,21.8
2026-08-17T19:45:00+05:30,2026-08-17 19:45:00,27.5,30.6,23.3,0,0,1.8,151,0,0,0,0,3.6,626.6,78,0,0,28,69,30.6,21.8
2026-08-17T19:40:00+05:30,2026-08-17 19:40:00,27.5,30.6,23.3,0,0,1.8,151,0,0,0,0,3.6,626.6,78,0,0,28.1,69,30.7,21.9
2026-08-17T19:35:00+05:30,2026-08-17 19:35:00,27.5,30.6,23.3,0,0,1.8,151,0,0,0,0,3.6,626.6,78,0,0,28.1,69,30.7,21.9
2026-08-17T19:30:00+05:30,2026-08-17 19:30:00,27.6,30.9,23.4,0,0,1.8,150,0,0,0,0,3.6,626.6,78,0,0,28.1,69,30.7,21.9
2026-08-17T19:25:00+05:30,2026-08-17 19:25:00,27.6,30.9,23.4,0,0,1.8,150,0,0,0,0,3.6,626.6,78,0,0,28.2,69,30.9,22
2026-08-17T19:20:00+05:30,2026-08-17 19:20:00,27.7,31.1,23.5,0,0,1.8,150,0,0,0,0,3.6,626.6,78,0,0,28.2,69,30.9,22
2026-08-17T19:15:00+05:30,2026-08-17 19:15:00,27.7,31.1,23.5,0,0,1.8,150,0,0,0,0,3.6,626.6,78,0,0,28.2,69,30.9,22
2026-08-17T19:10:00+05:30,2026-08-17 19:10:00,27.7,31.1,23.5,0,0,1.8,150,0,0,0,0,3.6,626.6,78,0,0,28.2,69,30.9,22
2026-08-17T19:05:00+05:30,2026-08-17 19:05:00,27.7,31.1,23.5,0,0,1.8,150,0,0,0,0,3.6,626.6,78,0,0,28.2,69,30.9,22
2026-08-17T19:00:00+05:30,2026-08-17 19:00:00,27.7,31.1,23.5,0,0,1.8,149,0,0,0,0,3.6,626.6,78,0,0,28.3,69,31.1,22.1
2026-08-17T18:55:00+05:30,2026-08-17 18:55:00,27.7,31.1,23.5,0,0,1.8,149,0,0,0,0,3.6,626.6,78,0,0,28.3,69,31.1,22.1
2026-08-17T18:50:00+05:30,2026-08-17 18:50:00,27.7,31.1,23.5,0,0,1.8,149,0,0,0,0,3.6,626.6,78,0,0,28.3,69,31.1,22.1
2026-08-17T18:45:00+05:30,2026-08-17 18:45:00,27.8,31.3,23.6,0,0,1.8,149,0,0,0,0,3.6,626.6,78,0,0,28.3,69,31.1,22.1
2026-08-17T18:40:00+05:30,2026-08-17 18:40:00,27.8,31.1,23.4,0,0,1.8,149,0,0,0,0,3.6,626.6,77,0,0,28.3,69,31.1,22.1
2026-08-17T18:36:00+05:30,2026-08-17 18:36:00,27.9,31.4,23.5,0,0,1.8,149,0,0,0,0,3.6,626.6,77,0,0,28.4,69,31.3,22.2
2026-08-17T18:30:00+05:30,2026-08-17 18:30:00,27.9,31.4,23.5,0,0,1.8,149,0,0,0,0,3.6,626.6,77,0,0,28.4,69,31.3,22.2
2026-08-17T18:25:00+05:30,2026-08-17 18:25:00,27.9,31.4,23.5,0,0,1.8,149,0,0,0,0,3.6,626.6,77,0,0,28.4,69,31.3,22.2
2026-08-17T18:20:00+05:30,2026-08-17 18:20:00,28,31.6,23.6,0,0,1.8,149,0,0,0,0,3.6,626.6,77,0,0,28.4,69,31.3,22.2
2026-08-17T18:15:00+05:30,2026-08-17 18:15:00,28,31.6,23.6,0,0,1.8,149,0,0,0,0,3.6,626.6,77,0,0,28.4,69,31.3,22.2
2026-08-17T18:10:00+05:30,2026-08-17 18:10:00,28.1,31.9,23.7,0,0,1.8,149,0,0,0,0,3.6,626.6,77,0,0,28.4,68,31.1,21.9
2026-08-17T18:05:00+05:30,2026-08-17 18:05:00,28.1,31.9,23.7,0,0,1.8,149,0,0,0,0,3.6,626.6,77,0,0,28.5,68,31.3,22
2026-08-17T18:00:00+05:30,2026-08-17 18:00:00,28.1,31.9,23.7,0,0,1.8,149,0,0,0,0,3.6,626.6,77,0,0,28.5,68,31.3,22
2026-08-17T17:55:00+05:30,2026-08-17 17:55:00,28.1,31.9,23.7,0,0,1.8,149,0,0,0,0,3.6,626.6,77,0,0,28.5,68,31.3,22
2026-08-17T17:50:00+05:30,2026-08-17 17:50:00,28.1,31.8,23.5,0,0,1.8,149,0,0,0,0,3.6,626.6,76,0,0,28.6,68,31.6,22.1
2026-08-17T17:45:00+05:30,2026-08-17 17:45:00,28.1,31.8,23.5,0,0,1.8,149,0,0,0,0,3.6,626.6,76,0,0,28.6,68,31.6,22.1
2026-08-17T17:40:00+05:30,2026-08-17 17:40:00,28.1,31.8,23.5,0,0,1.8,149,0,0,0,0,3.6,626.6,76,0,0,28.6,68,31.6,22.1
2026-08-17T17:35:00+05:30,2026-08-17 17:35:00,28.1,31.8,23.5,0,0,1.8,149,0,0,0,0,3.6,626.6,76,0,0,28.6,68,31.6,22.1
2026-08-17T17:31:00+05:30,2026-08-17 17:31:00,28.1,31.8,23.5,0,0,1.8,149,0,0,0,0,3.6,626.6,76,0,0,28.6,68,31.6,22.1
2026-08-17T17:25:00+05:30,2026-08-17 17:25:00,28.1,31.8,23.5,0,0,1.8,149,0,0,0,0,3.6,626.6,76,0,0,28.6,68,31.6,22.1
2026-08-17T17:20:00+05:30,2026-08-17 17:20:00,28.1,31.8,23.5,0,0,1.8,149,0,0,0,0,3.6,626.6,76,0,0.4,28.6,68,31.6,22.1
2026-08-17T17:15:00+05:30,2026-08-17 17:15:00,28.1,31.8,23.5,0,0,1.8,149,0,0,0,0,3.6,626.6,76,0,0.1,28.7,68,31.8,22.2
2026-08-17T17:10:00+05:30,2026-08-17 17:10:00,28,31.5,23.4,0,0,1.8,149,0,0,0,0,3.6,626.6,76,0,0,28.7,68,31.8,22.2
2026-08-17T17:05:00+05:30,2026-08-17 17:05:00,28,31.5,23.4,0,0,1.8,149,0,0,0,0,3.6,626.6,76,0,0,28.7,67,31.6,22
2026-08-17T17:00:00+05:30,2026-08-17 17:00:00,28,31.5,23.4,0,0,1.8,149,0,0,0,0,3.6,626.6,76,0,0.1,28.8,68,31.9,22.3
2026-08-17T16:55:00+05:30,2026-08-17 16:55:00,27.9,31.3,23.3,0,0,1.8,149,0,0,0,0,3.6,626.6,76,0,0,28.8,68,31.9,22.3
2026-08-17T16:50:00+05:30,2026-08-17 16:50:00,27.9,31.4,23.5,0,0,1.8,150,0,0,0,0,3.6,626.6,77,0,0,28.9,68,32.1,22.4
2026-08-17T16:45:00+05:30,2026-08-17 16:45:00,27.8,31.3,23.6,0,0,1.8,150,0,0,0,0,3.6,626.6,78,0,0,29,68,32.4,22.5
2026-08-17T16:40:00+05:30,2026-08-17 16:40:00,27.7,31.3,23.7,0,0,1.8,150,0,0,0,0,3.6,626.6,79,0,0,29.1,69,32.8,22.8
2026-08-17T16:35:00+05:30,2026-08-17 16:35:00,27.7,31.4,23.9,0,0,1.8,157,0,0,0,0,3.6,626.6,80,0,0.1,29.2,69,33,22.9
2026-08-17T16:30:00+05:30,2026-08-17 16:30:00,27.7,31.6,24.2,0,0,1.8,157,0,0,0,0,3.6,626.6,81,0,0.1,29.3,69,33.2,23
2026-08-17T16:26:00+05:30,2026-08-17 16:26:00,27.8,31.6,24,0,0,1.8,157,0,0,0,0,3.6,626.6,80,0,0.2,29.3,69,33.2,23
2026-08-17T16:20:00+05:30,2026-08-17 16:20:00,28.3,32.6,24.3,0,0,1.8,157,0,0,0,0,3.6,626.6,79,0,0.1,29.4,69,33.4,23.1
2026-08-17T16:15:00+05:30,2026-08-17 16:15:00,28.6,33.3,24.4,0,0,1.8,157,0,0,0,0,3.6,626.6,78,0,0.1,29.5,69,33.7,23.2
2026-08-17T16:10:00+05:30,2026-08-17 16:10:00,28.7,33.8,24.7,0,0,1.8,157,0,0,0,0,3.6,626.6,79,0,0.2,29.5,69,33.7,23.2
2026-08-17T16:05:00+05:30,2026-08-17 16:05:00,28.8,33.9,24.8,0,0,1.8,157,0,0,0,0,3.6,626.6,79,0,0.3,29.5,69,33.7,23.2
2026-08-17T16:00:00+05:30,2026-08-17 16:00:00,28.8,33.9,24.8,0,0,1.8,157,0,0,0,0,3.6,626.6,79,0,0.4,29.5,69,33.7,23.2
2026-08-17T15:55:00+05:30,2026-08-17 15:55:00,28.8,33.9,24.8,0,0,1.8,157,0,0,0,0,3.6,626.6,79,0,0.3,29.5,69,33.7,23.2
2026-08-17T15:50:00+05:30,2026-08-17 15:50:00,28.8,33.9,24.8,0,0,1.8,157,0,0,0,0,3.6,626.6,79,0,0.5,29.4,69,33.4,23.1
2026-08-17T15:45:00+05:30,2026-08-17 15:45:00,28.8,33.9,24.8,0,0,1.8,157,0,0,0,0,3.6,626.6,79,0,0.3,29.4,69,33.4,23.1
2026-08-17T15:40:00+05:30,2026-08-17 15:40:00,28.8,33.7,24.5,0,0,1.8,157,0,0,0,0,3.6,626.6,78,0,0.6,29.4,69,33.4,23.1
2026-08-17T15:35:00+05:30,2026-08-17 15:35:00,28.7,33.6,24.5,0,0,1.8,157,0,0,0,0,3.6,626.6,78,0,0.6,29.4,69,33.4,23.1
2026-08-17T15:30:00+05:30,2026-08-17 15:30:00,28.7,33.4,24.3,0,0,1.8,157,0,0,0,0,3.6,626.6,77,0,0.5,29.3,69,33.2,23
2026-08-17T15:25:00+05:30,2026-08-17 15:25:00,28.9,33.6,24.2,0,0,1.8,157,0,0,0,0,3.6,626.6,76,0,0.3,29.3,68,32.9,22.7
2026-08-17T15:20:00+05:30,2026-08-17 15:20:00,28.9,33.8,24.4,0,0,1.8,157,0,0,0,0,3.6,626.6,77,0,0.3,29.3,69,33.2,23
2026-08-17T15:15:00+05:30,2026-08-17 15:15:00,28.8,33.5,24.3,0,0,1.8,157,0,0,0,0,3.6,626.6,77,0,0.6,29.3,69,33.2,23
2026-08-17T15:10:00+05:30,2026-08-17 15:10:00,28.8,33.3,24.1,0,0,1.8,157,0,0,0,0,3.6,626.6,76,0,0.6,29.3,69,33.2,23
2026-08-17T15:06:00+05:30,2026-08-17 15:06:00,28.8,33.5,24.3,0,0,1.8,156,0,0,0,0,3.6,626.6,77,0,0.4,29.3,69,33.2,23
2026-08-17T15:00:00+05:30,2026-08-17 15:00:00,28.8,33.7,24.5,0,0,1.8,156,0,0,0,0,3.6,626.6,78,0,0.3,29.3,69,33.2,23
2026-08-17T14:55:00+05:30,2026-08-17 14:55:00,28.8,33.5,24.3,0,0,1.8,156,0,0,0,0,3.6,626.6,77,0,0.5,29.2,69,33,22.9
2026-08-17T14:50:00+05:30,2026-08-17 14:50:00,28.7,33.4,24.3,0,0,1.8,156,0,0,0,0,3.6,626.6,77,0,0.5,29.2,69,33,22.9
2026-08-17T14:45:00+05:30,2026-08-17 14:45:00,28.7,33.4,24.3,0,0,1.8,156,0,0,0,0,3.6,626.6,77,0,0.5,29.2,69,33,22.9
2026-08-17T14:40:00+05:30,2026-08-17 14:40:00,28.7,33.4,24.3,0,0,1.8,156,0,0,0,0,3.6,626.6,77,0,0.6,29.1,69,32.8,22.8
2026-08-17T14:35:00+05:30,2026-08-17 14:35:00,28.7,33.4,24.3,0,0,1.8,156,0,0,0,0,3.6,626.6,77,0,0.6,29.1,69,32.8,22.8
2026-08-17T14:30:00+05:30,2026-08-17 14:30:00,28.7,33.2,24.1,0,0,1.8,156,0,0,0,0,3.6,626.6,76,0,0.3,29.1,69,32.8,22.8
2026-08-17T14:25:00+05:30,2026-08-17 14:25:00,28.7,33.4,24.3,0,0,1.8,157,0,0,0,0,3.6,626.6,77,0,0.7,29.1,69,32.8,22.8
2026-08-17T14:20:00+05:30,2026-08-17 14:20:00,28.7,33.4,24.3,0,0,1.8,158,0,0,0,0,3.6,626.6,77,0,0.9,29,69,32.6,22.7
2026-08-17T14:15:00+05:30,2026-08-17 14:15:00,28.7,33.4,24.3,0,0,1.8,158,0,0,0,0,3.6,626.6,77,0,1.1,29,69,32.6,22.7
2026-08-17T14:10:00+05:30,2026-08-17 14:10:00,28.7,33.4,24.3,0,0,1.8,158,0,0,0,0,3.6,626.6,77,0,0.5,29,69,32.6,22.7
2026-08-17T14:05:00+05:30,2026-08-17 14:05:00,28.6,33.1,24.2,0,0,1.8,157,0,0,0,0,3.6,626.6,77,0,0.5,28.9,69,32.3,22.6
2026-08-17T14:01:00+05:30,2026-08-17 14:01:00,28.6,33.1,24.2,0,0,1.8,157,0,0,0,0,3.6,626.6,77,0,0.8,28.9,69,32.3,22.6
2026-08-17T13:55:00+05:30,2026-08-17 13:55:00,28.5,32.8,24.1,0,0,1.8,157,0,0,0,0,3.6,626.6,77,0,0.8,28.8,69,32.1,22.5
2026-08-17T13:50:00+05:30,2026-08-17 13:50:00,28.5,32.8,24.1,0,0,1.8,157,0,0,0,0,3.6,626.6,77,0,0.6,28.9,70,32.5,22.8
2026-08-17T13:45:00+05:30,2026-08-17 13:45:00,28.6,33.3,24.4,0,0,1.8,157,0,0,0,0,3.6,626.6,78,0,0.5,28.8,70,32.2,22.7
2026-08-17T13:40:00+05:30,2026-08-17 13:40:00,28.6,33.3,24.4,0,0,1.8,157,0,0,0,0,3.6,626.6,78,0,0.5,28.8,70,32.2,22.7
2026-08-17T13:35:00+05:30,2026-08-17 13:35:00,28.6,33.1,24.2,0.3,1.8,1.8,157,0,0,0,0,3.6,626.6,77,0,0.5,28.7,71,32.3,22.9
2026-08-17T13:30:00+05:30,2026-08-17 13:30:00,28.5,33,24.3,0,0,0,157,0,0,0,0,3.6,626.6,78,0,0.6,28.7,71,32.3,22.9
2026-08-17T13:25:00+05:30,2026-08-17 13:25:00,28.5,33,24.3,0,0,0,158,0,0,0,0,3.6,626.6,78,0,0.9,28.6,71,32.1,22.8
2026-08-17T13:20:00+05:30,2026-08-17 13:20:00,28.4,32.7,24.2,0,0,0,158,0,0,0,0,3.6,626.6,78,0,0.6,28.5,71,31.8,22.7
2026-08-17T13:15:00+05:30,2026-08-17 13:15:00,28.3,32.5,24.1,0,0,0,158,0,0,0,0,3.6,626.6,78,0,0.6,28.4,71,31.6,22.6
2026-08-17T13:10:00+05:30,2026-08-17 13:10:00,28.2,32.5,24.2,0,0,0,158,0,0,0,0,3.6,626.6,79,0,0.6,28.3,71,31.4,22.5
2026-08-17T13:05:00+05:30,2026-08-17 13:05:00,28,32.1,24.2,0,0,0,158,0,0,0,0,3.6,626.6,80,0,0.7,28.3,71,31.4,22.5
2026-08-17T13:00:00+05:30,2026-08-17 13:00:00,27.9,31.8,24.1,0,0,0,157,0,0,0,0,3.6,626.6,80,0,1,28.2,71,31.2,22.4
2026-08-17T12:56:00+05:30,2026-08-17 12:56:00,27.9,31.8,24.1,0,0,0,157,0,0,0,0,3.6,626.6,80,0,0.6,28.2,71,31.2,22.4
2026-08-17T12:50:00+05:30,2026-08-17 12:50:00,28,31.9,24,0,0,0,157,0,0,0,0,3.6,626.6,79,0,0.6,28.1,71,31,22.3
2026-08-17T12:45:00+05:30,2026-08-17 12:45:00,28,31.8,23.8,0,0,0,157,0,0,0,0,3.6,626.6,78,0,0.3,28.1,71,31,22.3
2026-08-17T12:40:00+05:30,2026-08-17 12:40:00,28,31.8,23.8,0,0,0,157,0,0,0,0,3.6,626.6,78,0,0.3,28,71,30.8,22.2
2026-08-17T12:35:00+05:30,2026-08-17 12:35:00,28,31.8,23.8,0,0,0,157,0,0,0,0,3.6,626.6,78,0,0.8,28,71,30.8,22.2
2026-08-17T12:30:00+05:30,2026-08-17 12:30:00,27.9,31.7,23.9,0,0,0,157,0,0,0,0,3.6,626.6,79,0,0.6,28,71,30.8,22.2
2026-08-17T12:25:00+05:30,2026-08-17 12:25:00,27.8,31.4,23.8,0,0,0,157,0,0,0,0,3.6,626.6,79,0,1.1,27.9,71,30.6,22.1
2026-08-17T12:20:00+05:30,2026-08-17 12:20:00,27.8,31.4,23.8,0,0,0,157,0,0,0,0,3.6,626.6,79,0,0.8,27.9,71,30.6,22.1
2026-08-17T12:15:00+05:30,2026-08-17 12:15:00,27.8,31.4,23.8,0,0,0,157,0,0,0,0,3.6,626.6,79,0,0.7,27.9,71,30.6,22.1
2026-08-17T12:10:00+05:30,2026-08-17 12:10:00,27.7,31.4,23.9,0,0,0,157,0,0,0,0,3.6,626.6,80,0,0.6,27.9,71,30.6,22.1
2026-08-17T12:05:00+05:30,2026-08-17 12:05:00,27.7,31.4,23.9,0,0,0,157,0,0,0,0,3.6,626.6,80,0,0.5,27.9,71,30.6,22.1
2026-08-17T12:00:00+05:30,2026-08-17 12:00:00,27.7,31.4,23.9,0,0,0,157,0,0,0,0,3.6,626.6,80,0,0.6,27.8,71,30.4,22
2026-08-17T11:55:00+05:30,2026-08-17 11:55:00,27.7,31.4,23.9,0,0,0,157,0,0,0,0,3.6,626.6,80,0,0.5,27.8,71,30.4,22
2026-08-17T11:53:00+05:30,2026-08-17 11:53:00,27.7,31.3,23.7,0,0,0,157,0,0,0,0,3.6,626.6,79,0,0.3,27.8,71,30.4,22
2026-08-17T11:00:00+05:30,2026-08-17 11:00:00,27.3,30.5,23.7,0,0,0,157,0,0,0,0,3.6,626.6,81,0,0.4,27.5,72,29.9,22
2026-08-17T10:55:00+05:30,2026-08-17 10:55:00,27.3,30.5,23.7,0,0,0,157,0,0,0,0,3.6,626.6,81,0,0.5,27.5,72,29.9,22
2026-08-17T10:50:00+05:30,2026-08-17 10:50:00,27.2,30.3,23.7,0,0,0,157,0,0,0,0,3.6,626.6,81,0,0.4,27.5,72,29.9,22
2026-08-17T10:45:00+05:30,2026-08-17 10:45:00,27.2,30.2,23.5,0,0,0,157,0,0,0,0,3.6,626.6,80,0,0.5,27.4,72,29.7,21.9
2026-08-17T10:40:00+05:30,2026-08-17 10:40:00,27.2,30.2,23.5,0,0,0,157,0,0,0,0,3.6,626.6,80,0,0.4,27.4,72,29.7,21.9
2026-08-17T10:35:00+05:30,2026-08-17 10:35:00,27.2,30.2,23.5,0,0,0,157,0,0,0,0,3.6,626.6,80,0,0.4,27.4,72,29.7,21.9
2026-08-17T10:31:00+05:30,2026-08-17 10:31:00,27.2,30.2,23.5,0,0,0,157,0,0,0,0,3.6,626.6,80,0,0.4,27.4,72,29.7,21.9
2026-08-17T10:25:00+05:30,2026-08-17 10:25:00,27.2,30.2,23.5,0,0,0,157,0,0,0,0,3.6,626.6,80,0,0.3,27.4,72,29.7,21.9
2026-08-17T10:20:00+05:30,2026-08-17 10:20:00,27.2,30.3,23.7,0,0,0,157,0,0,0,0,3.6,626.6,81,0,0.4,27.3,72,29.6,21.8
2026-08-17T10:15:00+05:30,2026-08-17 10:15:00,27.3,30.4,23.5,0,0,0,157,0,0,0,0,3.6,626.6,80,0,0.3,27.3,72,29.6,21.8
2026-08-17T10:10:00+05:30,2026-08-17 10:10:00,27.3,30.4,23.5,0,0,0,157,0,0,0,0,3.6,626.6,80,0,0.3,27.3,72,29.6,21.8
2026-08-17T10:05:00+05:30,2026-08-17 10:05:00,27.3,30.4,23.5,0,0,0,157,0,0,0,0,3.6,626.6,80,0,0.3,27.3,72,29.6,21.8
2026-08-17T10:00:00+05:30,2026-08-17 10:00:00,27.3,30.4,23.5,0,0,0,157,0,0,0,0,3.6,626.6,80,0,0.3,27.3,72,29.6,21.8
2026-08-17T09:55:00+05:30,2026-08-17 09:55:00,27.4,30.6,23.6,0,0,0,157,0,0,0,0,3.6,626.6,80,0,0.2,27.3,72,29.6,21.8
2026-08-17T09:50:00+05:30,2026-08-17 09:50:00,27.4,30.6,23.6,0,0,0,157,0,0,0,0,3.6,626.6,80,0,0.4,27.3,72,29.6,21.8
2026-08-17T09:45:00+05:30,2026-08-17 09:45:00,27.3,30.4,23.5,0,0,0,157,0,0,0,0,3.6,626.6,80,0,0.4,27.2,72,29.4,21.7
2026-08-17T09:40:00+05:30,2026-08-17 09:40:00,27.3,30.4,23.5,0,0,0,157,0,0,0,0,3.6,626.6,80,0,1,27.2,72,29.4,21.7
2026-08-17T09:35:00+05:30,2026-08-17 09:35:00,27.2,30.3,23.7,0,0,0,157,0,0,0,0,3.6,626.6,81,0,0.3,27.1,73,29.3,21.8
2026-08-17T09:30:00+05:30,2026-08-17 09:30:00,27.1,30.1,23.6,0,0,0,157,0,0,0,0,3.6,626.6,81,0,0.4,27,72,29,21.5
2026-08-17T09:26:00+05:30,2026-08-17 09:26:00,27,29.8,23.5,0,0,0,157,0,0,0,0,3.6,626.6,81,0,0.4,27,72,29,21.5
2026-08-17T09:20:00+05:30,2026-08-17 09:20:00,26.9,29.6,23.3,0,0,0,157,0,0,0,0,3.6,626.6,81,0,0.8,26.9,72,28.8,21.4
2026-08-17T09:15:00+05:30,2026-08-17 09:15:00,26.9,29.6,23.3,0,0,0,157,0,0,0,0,3.6,626.6,81,0,0.8,26.8,72,28.6,21.3
2026-08-17T09:10:00+05:30,2026-08-17 09:10:00,26.8,29.3,23.2,0,0,0,157,0,0,0,0,3.6,626.6,81,0,0.8,26.8,72,28.6,21.3
2026-08-17T09:05:00+05:30,2026-08-17 09:05:00,26.7,29.3,23.4,0,0,0,157,0,0,0,0,3.6,626.6,82,0,0.6,26.8,72,28.6,21.3
2026-08-17T09:00:00+05:30,2026-08-17 09:00:00,26.7,29.2,23.2,0,0,0,157,0,0,0,0,3.6,626.6,81,0,0.4,26.7,72,28.6,21.2
2026-08-17T08:55:00+05:30,2026-08-17 08:55:00,26.7,29.2,23.2,0,0,0,157,0,0,0,0,3.6,626.6,81,0,0.2,26.7,72,28.6,21.2
2026-08-17T08:50:00+05:30,2026-08-17 08:50:00,26.8,29.3,23,0,0,0,157,0,0,0,0,3.6,626.6,80,0,0.1,26.7,72,28.6,21.2
2026-08-17T08:45:00+05:30,2026-08-17 08:45:00,26.8,29.3,23,0,0,0,157,0,0,0,0,3.6,626.6,80,0,0,26.7,71,28.4,21
2026-08-17T08:40:00+05:30,2026-08-17 08:40:00,26.8,29.3,23,0,0,0,157,0,0,0,0,3.6,626.6,80,0,0,26.7,71,28.4,21
2026-08-17T08:35:00+05:30,2026-08-17 08:35:00,26.7,29.1,23,0,0,0,157,0,0,0,0,3.6,626.6,80,0,0,26.7,71,28.4,21
2026-08-17T08:31:00+05:30,2026-08-17 08:31:00,26.7,29.1,23,0,0,0,157,0,0,0,0,3.6,626.6,80,0,0,26.7,71,28.4,21
2026-08-17T08:25:00+05:30,2026-08-17 08:25:00,26.7,29.1,23,0,0,0,157,0,0,0,0,3.6,626.6,80,0,0,26.7,71,28.4,21
2026-08-17T08:20:00+05:30,2026-08-17 08:20:00,26.7,29.1,23,0,0,0,157,0,0,0,0,3.6,626.6,80,0,0,26.7,71,28.4,21
2026-08-17T08:15:00+05:30,2026-08-17 08:15:00,26.7,29.1,23,0,0,0,157,0,0,0,0,3.6,626.6,80,0,0,26.7,71,28.4,21
2026-08-17T08:10:00+05:30,2026-08-17 08:10:00,26.7,29.1,23,0,0,0,157,0,0,0,0,3.6,626.6,80,0,0,26.7,71,28.4,21
2026-08-17T08:05:00+05:30,2026-08-17 08:05:00,26.7,29.1,23,0,0,0,157,0,0,0,0,3.6,626.6,80,0,0,26.7,71,28.4,21
2026-08-17T08:00:00+05:30,2026-08-17 08:00:00,26.7,29.1,23,0,0,0,157,0,0,0,0,3.6,626.6,80,0,0,26.7,71,28.4,21
2026-08-17T07:55:00+05:30,2026-08-17 07:55:00,26.7,29.1,23,0,0,0,157,0,0,0,0,3.6,626.6,80,0,0,26.7,71,28.4,21
2026-08-17T07:50:00+05:30,2026-08-17 07:50:00,26.7,29.1,23,0,0,0,157,0,0,0,0,3.6,626.6,80,0,0,26.7,71,28.4,21
2026-08-17T07:45:00+05:30,2026-08-17 07:45:00,26.6,27.4,22.9,0,0,0,157,0,0,0,0,3.6,626.6,80,0,0.1,26.6,71,27.2,20.9
2026-08-17T07:40:00+05:30,2026-08-17 07:40:00,26.6,27.4,22.9,0,0,0,157,0,0,0,0,3.6,626.6,80,0,0.1,26.6,71,27.2,20.9
2026-08-17T07:35:00+05:30,2026-08-17 07:35:00,26.6,27.4,22.9,0,0,0,157,0,0,0,0,3.6,626.6,80,0,0.1,26.6,71,27.2,20.9
2026-08-17T07:30:00+05:30,2026-08-17 07:30:00,26.6,27.4,22.9,0,0,0,157,0,0,0,0,3.6,626.6,80,0,0.1,26.6,71,27.2,20.9
2026-08-17T07:26:00+05:30,2026-08-17 07:26:00,26.5,27.3,22.8,0,0,0,157,0,0,0,0,3.6,626.6,80,0,0.1,26.6,71,27.2,20.9
2026-08-17T07:20:00+05:30,2026-08-17 07:20:00,26.5,27.3,22.8,0,0,0,157,0,0,0,0,3.6,626.6,80,0,0.1,26.5,71,27.1,20.8
2026-08-17T07:15:00+05:30,2026-08-17 07:15:00,26.4,27.2,22.7,0,0,0,157,0,0,0,0,3.6,626.6,80,0,0,26.5,71,27.1,20.8
2026-08-17T07:10:00+05:30,2026-08-17 07:10:00,26.4,27.2,22.9,0,0,0,157,0,0,0,0,3.6,626.6,81,0,0,26.5,71,27.1,20.8
2026-08-17T07:05:00+05:30,2026-08-17 07:05:00,26.3,27.1,22.7,0,0,0,157,0,0,0,0,3.6,626.6,81,0,0.1,26.5,71,27.1,20.8
2026-08-17T07:00:00+05:30,2026-08-17 07:00:00,26.3,27.1,22.7,0,0,0,157,0,0,0,0,3.6,626.6,81,0,0.1,26.5,71,27.1,20.8
2026-08-17T06:55:00+05:30,2026-08-17 06:55:00,26.2,27,22.7,0,0,0,157,0,0,0,0,3.6,626.6,81,0,0.1,26.5,71,27.1,20.8
2026-08-17T06:50:00+05:30,2026-08-17 06:50:00,26.2,27,22.7,0,0,0,157,0,0,0,0,3.6,626.6,81,0,0.1,26.5,71,27.1,20.8
2026-08-17T06:45:00+05:30,2026-08-17 06:45:00,26.2,27,22.7,0,0,0,157,0,0,0,0,3.6,626.6,81,0,0,26.5,71,27.1,20.8
2026-08-17T06:40:00+05:30,2026-08-17 06:40:00,26.1,26.9,22.6,0,0,0,157,0,0,0,0,3.6,626.6,81,0,0,26.5,71,27.1,20.8
2026-08-17T06:35:00+05:30,2026-08-17 06:35:00,26,26.8,22.5,0,0,0,157,0,0,0,0,3.6,626.6,81,0,0,26.4,71,26.9,20.7
2026-08-17T06:30:00+05:30,2026-08-17 06:30:00,26,26.8,22.5,0,0,0,157,0,0,0,0,3.6,626.6,81,0,0,26.5,71,27.1,20.8
2026-08-17T06:25:00+05:30,2026-08-17 06:25:00,25.9,26.7,22.6,0,0,0,157,0,0,0,0,3.6,626.6,82,0,0,26.5,71,27.1,20.8
2026-08-17T06:21:00+05:30,2026-08-17 06:21:00,25.9,26.7,22.6,0,0,0,157,0,0,0,0,3.6,626.6,82,0,0,26.5,71,27.1,20.8
2026-08-17T06:15:00+05:30,2026-08-17 06:15:00,25.9,26.7,22.6,0,0,0,157,0,0,0,0,3.6,626.6,82,0,0,26.5,71,27.1,20.8
2026-08-17T06:10:00+05:30,2026-08-17 06:10:00,26,26.8,22.5,0,0,0,157,0,0,0,0,3.6,626.6,81,0,0,26.5,71,27.1,20.8
2026-08-17T06:05:00+05:30,2026-08-17 06:05:00,26,26.8,22.5,0,0,0,157,0,0,0,0,3.6,626.6,81,0,0,26.5,71,27.1,20.8
2026-08-17T06:00:00+05:30,2026-08-17 06:00:00,26,26.8,22.5,0,0,0,157,0,0,0,0,3.6,626.6,81,0,0,26.5,71,27.1,20.8
2026-08-17T05:55:00+05:30,2026-08-17 05:55:00,26.1,26.9,22.6,0,0,0,157,0,0,0,0,3.6,626.6,81,0,0,26.6,71,27.2,20.9
2026-08-17T05:50:00+05:30,2026-08-17 05:50:00,26.1,26.9,22.6,0,0,0,157,0,0,0,0,3.6,626.6,81,0,0,26.6,71,27.2,20.9
2026-08-17T05:45:00+05:30,2026-08-17 05:45:00,26.1,26.9,22.6,0,0,0,157,0,0,0,0,3.6,626.6,81,0,0,26.6,71,27.2,20.9
2026-08-17T05:40:00+05:30,2026-08-17 05:40:00,26.2,27,22.7,0,0,0,157,0,0,0,0,3.6,626.6,81,0,0,26.6,71,27.2,20.9
2026-08-17T05:35:00+05:30,2026-08-17 05:35:00,26.2,27,22.7,0,0,0,157,0,0,0,0,3.6,626.6,81,0,0,26.6,71,27.2,20.9
2026-08-17T05:30:00+05:30,2026-08-17 05:30:00,26.3,27.1,22.5,0,0,0,157,0,0,0,0,3.6,626.6,80,0,0,26.6,71,27.2,20.9
2026-08-17T05:25:00+05:30,2026-08-17 05:25:00,26.2,27,22.7,0,0,0,157,0,0,0,0,3.6,626.6,81,0,0,26.6,71,27.2,20.9
2026-08-17T05:20:00+05:30,2026-08-17 05:20:00,26.2,27,22.7,0,0,0,157,0,0,0,0,3.6,626.6,81,0,0,26.6,71,27.2,20.9
2026-08-17T05:15:00+05:30,2026-08-17 05:15:00,26.3,27.1,22.7,0,0,0,157,0,0,0,0,3.6,626.6,81,0,0,26.6,71,27.2,20.9
2026-08-17T05:10:00+05:30,2026-08-17 05:10:00,26.3,27.1,22.5,0,0,0,157,0,0,0,0,3.6,626.6,80,0,0,26.7,70,28.4,20.8
2026-08-17T05:05:00+05:30,2026-08-17 05:05:00,26.4,27.2,22.7,0,0,0,157,0,0,0,0,3.6,626.6,80,0,0,26.7,70,28.4,20.8
2026-08-17T05:01:00+05:30,2026-08-17 05:01:00,26.4,27.2,22.7,0,0,0,157,0,0,0,0,3.6,626.6,80,0,0,26.7,70,28.4,20.8
2026-08-17T04:55:00+05:30,2026-08-17 04:55:00,26.4,27.2,22.7,0,0,0,157,0,0,0,0,3.6,626.6,80,0,0,26.7,70,28.4,20.8
2026-08-17T04:50:00+05:30,2026-08-17 04:50:00,26.4,27.2,22.7,0,0,0,157,0,0,0,0,3.6,626.6,80,0,0,26.7,70,28.4,20.8
2026-08-17T04:45:00+05:30,2026-08-17 04:45:00,26.4,27.2,22.7,0,0,0,157,0,0,0,0,3.6,626.6,80,0,0,26.7,70,28.4,20.8
2026-08-17T04:40:00+05:30,2026-08-17 04:40:00,26.4,27.2,22.7,0,0,0,157,0,0,0,0,3.6,626.6,80,0,0,26.7,70,28.4,20.8
2026-08-17T04:35:00+05:30,2026-08-17 04:35:00,26.4,27.2,22.7,0,0,0,156,0,0,0,0,3.6,626.6,80,0,0,26.7,70,28.4,20.8
2026-08-17T04:30:00+05:30,2026-08-17 04:30:00,26.4,27.2,22.7,0,0,0,156,0,0,0,0,3.6,626.6,80,0,0,26.7,70,28.4,20.8
2026-08-17T04:25:00+05:30,2026-08-17 04:25:00,26.4,27.2,22.7,0,0,0,156,0,0,0,0,3.6,626.6,80,0,0,26.7,70,28.4,20.8
2026-08-17T04:20:00+05:30,2026-08-17 04:20:00,26.5,27.3,22.8,0,0,0,156,0,0,0,0,3.6,626.6,80,0,0,26.7,70,28.4,20.8
2026-08-17T04:15:00+05:30,2026-08-17 04:15:00,26.4,27.2,22.7,0,0,0,157,0,0,0,0,3.6,626.6,80,0,0,26.7,70,28.4,20.8
2026-08-17T04:10:00+05:30,2026-08-17 04:10:00,26.4,27.2,22.7,0,0,0,157,0,0,0,0,3.6,626.6,80,0,0,26.7,70,28.4,20.8
2026-08-17T04:05:00+05:30,2026-08-17 04:05:00,26.5,27.3,22.8,0,0,0,157,0,0,0,0,3.6,626.6,80,0,0,26.7,70,28.4,20.8
2026-08-17T04:00:00+05:30,2026-08-17 04:00:00,26.5,27.3,22.8,0,0,0,157,0,0,0,0,3.6,626.6,80,0,0,26.8,70,28.5,20.8
2026-08-17T03:56:00+05:30,2026-08-17 03:56:00,26.5,27.3,22.6,0,0,0,157,0,0,0,0,3.6,626.6,79,0,0,26.8,70,28.5,20.8
2026-08-17T03:50:00+05:30,2026-08-17 03:50:00,26.5,27.3,22.6,0,0,0,157,0,0,0,0,3.6,626.6,79,0,0,26.8,70,28.5,20.8
2026-08-17T03:45:00+05:30,2026-08-17 03:45:00,26.5,27.3,22.6,0,0,0,157,0,0,0,0,3.6,626.6,79,0,0,26.8,70,28.5,20.8
2026-08-17T03:40:00+05:30,2026-08-17 03:40:00,26.5,27.3,22.6,0,0,0,157,0,0,0,0,3.6,626.6,79,0,0,26.8,70,28.5,20.8
2026-08-17T03:35:00+05:30,2026-08-17 03:35:00,26.5,27.3,22.6,0,0,0,157,0,0,0,0,3.6,626.6,79,0,0,26.8,69,28.4,20.6
2026-08-17T03:30:00+05:30,2026-08-17 03:30:00,26.5,27.3,22.6,0,0,0,157,0,0,0,0,3.6,626.6,79,0,0,26.8,69,28.4,20.6
2026-08-17T03:25:00+05:30,2026-08-17 03:25:00,26.5,27.3,22.6,0,0,0,157,0,0,0,0,3.6,626.6,79,0,0,26.8,69,28.4,20.6
2026-08-17T03:20:00+05:30,2026-08-17 03:20:00,26.5,27.3,22.6,0,0,0,157,0,0,0,0,3.6,626.6,79,0,0,26.8,69,28.4,20.6
2026-08-17T03:15:00+05:30,2026-08-17 03:15:00,26.5,27.3,22.6,0,0,0,157,0,0,0,0,3.6,626.6,79,0,0,26.8,69,28.4,20.6
2026-08-17T03:10:00+05:30,2026-08-17 03:10:00,26.5,27.3,22.6,0,0,0,157,0,0,0,0,3.6,626.6,79,0,0,26.9,69,28.6,20.7
2026-08-17T03:05:00+05:30,2026-08-17 03:05:00,26.4,27.1,22.4,0,0,0,157,0,0,0,0,3.6,626.6,79,0,0,26.9,69,28.6,20.7
2026-08-17T03:00:00+05:30,2026-08-17 03:00:00,26.5,27.3,22.6,0,0,0,157,0,0,0,0,3.6,626.6,79,0,0,26.9,69,28.6,20.7
2026-08-17T02:55:00+05:30,2026-08-17 02:55:00,26.5,27.3,22.6,0,0,0,157,0,0,0,0,3.6,626.6,79,0,0,26.9,69,28.6,20.7
2026-08-17T02:51:00+05:30,2026-08-17 02:51:00,26.5,27.3,22.6,0,0,0,157,0,0,0,0,3.6,626.6,79,0,0,27,69,28.8,20.8
2026-08-17T02:45:00+05:30,2026-08-17 02:45:00,26.6,27.4,22.4,0,0,0,157,0,0,0,0,3.6,626.6,78,0,0,26.9,69,28.6,20.7
2026-08-17T02:40:00+05:30,2026-08-17 02:40:00,26.6,27.4,22.4,0,0,0,157,0,0,0,0,3.6,626.6,78,0,0,27,69,28.8,20.8
2026-08-17T02:35:00+05:30,2026-08-17 02:35:00,26.6,27.4,22.4,0,0,0,157,0,0,0,0,3.6,626.6,78,0,0,27,69,28.8,20.8
2026-08-17T02:30:00+05:30,2026-08-17 02:30:00,26.6,27.4,22.4,0,0,0,157,0,0,0,0,3.6,626.6,78,0,0,27,69,28.8,20.8
2026-08-17T02:25:00+05:30,2026-08-17 02:25:00,26.6,27.4,22.4,0,0,0,157,0,0,0,0,3.6,626.6,78,0,0,27,68,28.7,20.6
2026-08-17T02:20:00+05:30,2026-08-17 02:20:00,26.7,29,22.6,0,0,0,157,0,0,0,0,3.6,626.6,78,0,0,27,68,28.7,20.6
2026-08-17T02:15:00+05:30,2026-08-17 02:15:00,26.6,27.4,22.4,0,0,0,157,0,0,0,0,3.6,626.6,78,0,0,27,68,28.7,20.6
2026-08-17T02:10:00+05:30,2026-08-17 02:10:00,26.7,29,22.6,0,0,0,157,0,0,0,0,3.6,626.6,78,0,0,27.1,68,28.9,20.7
2026-08-17T02:05:00+05:30,2026-08-17 02:05:00,26.7,29,22.6,0,0,0,157,0,0,0,0,3.6,626.6,78,0,0,27.1,68,28.9,20.7
2026-08-17T02:00:00+05:30,2026-08-17 02:00:00,26.7,28.9,22.3,0,0,0,157,0,0,0,0,3.6,626.6,77,0,0,27.1,68,28.9,20.7
2026-08-17T01:55:00+05:30,2026-08-17 01:55:00,26.7,28.9,22.3,0,0,0,157,0,0,0,0,3.6,626.6,77,0,0,27.1,68,28.9,20.7
2026-08-17T01:50:00+05:30,2026-08-17 01:50:00,26.6,27.4,22.4,0,0,0,157,0,0,0,0,3.6,626.6,78,0,0,27.1,68,28.9,20.7
2026-08-17T01:45:00+05:30,2026-08-17 01:45:00,26.6,27.4,22.4,0,0,0,157,0,0,0,0,3.6,626.6,78,0,0,27.2,68,29.1,20.8
2026-08-17T01:40:00+05:30,2026-08-17 01:40:00,26.7,28.9,22.3,0,0,0,157,0,0,0,0,3.6,626.6,77,0,0,27.2,68,29.1,20.8
2026-08-17T01:35:00+05:30,2026-08-17 01:35:00,26.7,28.9,22.3,0,0,0,157,0,0,0,0,3.6,626.6,77,0,0,27.2,68,29.1,20.8
2026-08-17T01:30:00+05:30,2026-08-17 01:30:00,26.7,28.9,22.3,0,0,0,157,0,0,0,0,3.6,626.6,77,0,0,27.2,68,29.1,20.8
2026-08-17T01:25:00+05:30,2026-08-17 01:25:00,26.7,28.9,22.3,0,0,0,157,0,0,0,0,3.6,626.6,77,0,0,27.2,68,29.1,20.8
2026-08-17T01:20:00+05:30,2026-08-17 01:20:00,26.7,28.9,22.3,0,0,0,157,0,0,0,0,3.6,626.6,77,0,0,27.2,68,29.1,20.8
2026-08-17T01:15:00+05:30,2026-08-17 01:15:00,26.8,29,22.4,0,0,0,157,0,0,0,0,3.6,626.6,77,0,0,27.2,68,29.1,20.8
2026-08-17T01:10:00+05:30,2026-08-17 01:10:00,26.8,29,22.4,0,0,0,156,0,0,0,0,3.6,626.6,77,0,0,27.3,68,29.2,20.8
2026-08-17T01:05:00+05:30,2026-08-17 01:05:00,26.8,29,22.4,0,0,0,156,0,0,0,0,3.6,626.6,77,0,0,27.3,68,29.2,20.8
2026-08-17T01:00:00+05:30,2026-08-17 01:00:00,26.9,29.2,22.5,0,0,0,156,0,0,0,0,3.6,626.6,77,0,0,27.3,67,29.1,20.6
2026-08-17T00:55:00+05:30,2026-08-17 00:55:00,26.9,29.2,22.5,0,0,0,156,0,0,0,0,3.6,626.6,77,0,0,27.3,67,29.1,20.6
2026-08-17T00:50:00+05:30,2026-08-17 00:50:00,27,29.4,22.4,0,0,0,156,0,0,0,0,3.6,626.6,76,0,0,27.3,67,29.1,20.6
2026-08-17T00:45:00+05:30,2026-08-17 00:45:00,27,29.4,22.4,0,0,0,156,0,0,0,0,3.6,626.6,76,0,0,27.3,67,29.1,20.6
2026-08-17T00:40:00+05:30,2026-08-17 00:40:00,27,29.4,22.4,0,0,0,156,0,0,0,0,3.6,626.6,76,0,0,27.3,67,29.1,20.6
2026-08-17T00:35:00+05:30,2026-08-17 00:35:00,27,29.3,22.2,0,0,0,156,0,0,0,0,3.6,626.6,75,0,0,27.3,67,29.1,20.6
2026-08-17T00:30:00+05:30,2026-08-17 00:30:00,27,29.3,22.2,0,0,0,156,0,0,0,0,3.6,626.6,75,0,0,27.4,67,29.2,20.7
2026-08-17T00:26:00+05:30,2026-08-17 00:26:00,27,29.3,22.2,0,0,0,156,0,0,0,0,3.6,626.6,75,0,0,27.4,67,29.2,20.7
2026-08-17T00:20:00+05:30,2026-08-17 00:20:00,27,29.3,22.2,0,0,0,156,0,0,0,0,3.6,626.6,75,0,0,27.4,67,29.2,20.7
2026-08-17T00:15:00+05:30,2026-08-17 00:15:00,27.1,29.4,22.1,0,0,0,156,0,0,0,0,3.6,626.6,74,0,0,27.4,66,29.1,20.4
2026-08-17T00:10:00+05:30,2026-08-17 00:10:00,27.1,29.4,22.1,0,0,0,156,0,0,0,0,3.6,626.6,74,0,0,27.4,66,29.1,20.4
2026-08-17T00:05:00+05:30,2026-08-17 00:05:00,27.1,29.4,22.1,0,0,0,156,0,0,0,0,3.6,626.6,74,0,0,27.4,66,29.1,20.4
2026-08-17T00:00:00+05:30,2026-08-17 00:00:00,27.1,29.4,22.1,0,0,0,157,0,0,0,0,3.6,626.6,74,0,0,27.4,66,29.1,20.4
2026-08-16T23:55:00+05:30,2026-08-16 23:55:00,27.1,29.4,22.1,0,0,0,156,0,0,0,0,3.6,626.6,74,0,0,27.4,66,29.1,20.4
2026-08-16T23:50:00+05:30,2026-08-16 23:50:00,27.1,29.4,22.1,0,0,0,157,0,0,0,0,3.6,626.6,74,0,0,27.5,66,29.3,20.6
2026-08-16T23:45:00+05:30,2026-08-16 23:45:00,27,29.2,22,0,0,0,156,0,0,0,0,3.6,626.6,74,0,0,27.5,66,29.3,20.6
2026-08-16T23:40:00+05:30,2026-08-16 23:40:00,27,29.2,22,0,0,0,156,0,0,0,0,3.6,626.6,74,0,0,27.5,66,29.3,20.6
2026-08-16T23:35:00+05:30,2026-08-16 23:35:00,27,29.3,22.2,0,0,0,156,0,0,0,0,3.6,626.6,75,0,0,27.5,67,29.4,20.8
2026-08-16T23:30:00+05:30,2026-08-16 23:30:00,27,29.3,22.2,0,0,0,156,0,0,0,0,3.6,626.6,75,0,0,27.6,67,29.6,20.9
2026-08-16T23:25:00+05:30,2026-08-16 23:25:00,27.1,29.5,22.3,0,0,0,156,0,0,0,0,3.6,626.6,75,0,0,27.6,67,29.6,20.9
2026-08-16T23:21:00+05:30,2026-08-16 23:21:00,27.1,29.5,22.3,0,0,0,156,0,0,0,0,3.6,626.6,75,0,0,27.6,67,29.6,20.9
2026-08-16T23:15:00+05:30,2026-08-16 23:15:00,27.1,29.5,22.3,0,0,0,156,0,0,0,0,3.6,626.6,75,0,0,27.6,67,29.6,20.9
2026-08-16T23:10:00+05:30,2026-08-16 23:10:00,27.1,29.5,22.3,0,0,0,156,0,0,0,0,3.6,626.6,75,0,0,27.6,67,29.6,20.9
2026-08-16T23:05:00+05:30,2026-08-16 23:05:00,27.1,29.5,22.3,0,0,0,156,0,0,0,0,3.6,626.6,75,0,0,27.7,67,29.8,21
2026-08-16T23:00:00+05:30,2026-08-16 23:00:00,27.1,29.5,22.3,0,0,0,156,0,0,0,0,3.6,626.6,75,0,0,27.7,67,29.8,21
2026-08-16T22:55:00+05:30,2026-08-16 22:55:00,27.1,29.5,22.3,0,0,0,156,0,0,0,0,3.6,626.6,75,0,0,27.8,67,29.9,21.1
2026-08-16T22:50:00+05:30,2026-08-16 22:50:00,27.1,29.5,22.3,0,0,0,156,0,0,0,0,3.6,626.6,75,0,0,27.8,66,29.8,20.8
2026-08-16T22:45:00+05:30,2026-08-16 22:45:00,27.2,29.7,22.4,0,0,0,156,0,0,0,0,3.6,626.6,75,0,0,27.8,67,29.9,21.1
2026-08-16T22:40:00+05:30,2026-08-16 22:40:00,27.2,29.7,22.4,0,0,0,156,0,0,0,0,3.6,626.6,75,0,0,27.8,67,29.9,21.1
2026-08-16T22:35:00+05:30,2026-08-16 22:35:00,27.1,29.5,22.3,0,0,0,156,0,0,0,0,3.6,626.6,75,0,0,27.9,66,29.9,20.9
2026-08-16T22:30:00+05:30,2026-08-16 22:30:00,27.2,29.7,22.4,0,0,0,156,0,0,0,0,3.6,626.6,75,0,0,27.9,67,30.1,21.2
2026-08-16T22:25:00+05:30,2026-08-16 22:25:00,27.2,29.7,22.4,0,0,0,156,0,0,0,0,3.6,626.6,75,0,0,27.9,67,30.1,21.2
2026-08-16T22:20:00+05:30,2026-08-16 22:20:00,27.2,29.7,22.4,0,0,0,156,0,0,0,0,3.6,626.6,75,0,0,28,67,30.3,21.3
2026-08-16T22:16:00+05:30,2026-08-16 22:16:00,27.2,29.7,22.4,0,0,0,156,0,0,0,0,3.6,626.6,75,0,0,28,67,30.3,21.3
2026-08-16T22:10:00+05:30,2026-08-16 22:10:00,27.2,29.8,22.6,0,0,0,156,0,0,0,0,3.6,626.6,76,0,0,28.1,67,30.5,21.4
2026-08-16T22:05:00+05:30,2026-08-16 22:05:00,27.3,29.9,22.7,0,0,0,156,0,0,0,0,3.6,626.6,76,0,0,28.1,67,30.5,21.4
2026-08-16T22:00:00+05:30,2026-08-16 22:00:00,27.3,29.9,22.7,0,0,0,156,0,0,0,0,3.6,626.6,76,0,0,28.2,68,30.8,21.7
2026-08-16T21:55:00+05:30,2026-08-16 21:55:00,27.3,30,22.9,0,0,0,156,0,0,0,0,3.6,626.6,77,0,0,28.2,68,30.8,21.7
2026-08-16T21:50:00+05:30,2026-08-16 21:50:00,27.3,30,22.9,0,0,0,156,0,0,0,0,3.6,626.6,77,0,0,28.2,68,30.8,21.7
2026-08-16T21:45:00+05:30,2026-08-16 21:45:00,27.3,30,22.9,0,0,0,156,0,0,0,0,3.6,626.6,77,0,0,28.2,68,30.8,21.7
2026-08-16T21:40:00+05:30,2026-08-16 21:40:00,27.4,30.4,23.2,0,0,0,156,0,0,0,0,3.6,626.6,78,0,0,28.3,68,30.9,21.8
2026-08-16T21:35:00+05:30,2026-08-16 21:35:00,27.4,30.4,23.2,0,0,0,156,0,0,0,0,3.6,626.6,78,0,0,28.3,68,30.9,21.8
2026-08-16T21:30:00+05:30,2026-08-16 21:30:00,27.5,30.6,23.3,0,0,0,156,0,0,0,0,3.6,626.6,78,0,0,28.4,68,31.1,21.9
2026-08-16T21:25:00+05:30,2026-08-16 21:25:00,27.5,30.6,23.3,0,0,0,156,0,0,0,0,3.6,626.6,78,0,0,28.4,68,31.1,21.9
2026-08-16T21:20:00+05:30,2026-08-16 21:20:00,27.6,30.9,23.4,0,0,0,156,0,0,0,0,3.6,626.6,78,0,0,28.4,68,31.1,21.9
2026-08-16T21:15:00+05:30,2026-08-16 21:15:00,27.6,30.9,23.4,0,0,0,156,0,0,0,0,3.6,626.6,78,0,0,28.5,68,31.3,22
2026-08-16T21:10:00+05:30,2026-08-16 21:10:00,27.6,31,23.6,0,0,0,156,0,0,0,0,3.6,626.6,79,0,0,28.5,68,31.3,22
2026-08-16T21:05:00+05:30,2026-08-16 21:05:00,27.6,31,23.6,0,0,0,156,0,0,0,0,3.6,626.6,79,0,0,28.5,68,31.3,22
2026-08-16T21:00:00+05:30,2026-08-16 21:00:00,27.6,31,23.6,0,0,0,156,0,0,0,0,3.6,626.6,79,0,0,28.5,68,31.3,22
2026-08-16T20:56:00+05:30,2026-08-16 20:56:00,27.6,31,23.6,0,0,0,156,0,0,0,0,3.6,626.6,79,0,0,28.6,68,31.6,22.1
2026-08-16T20:50:00+05:30,2026-08-16 20:50:00,27.7,31.3,23.7,0,0,0,156,0,0,0,0,3.6,626.6,79,0,0,28.6,68,31.6,22.1
2026-08-16T20:45:00+05:30,2026-08-16 20:45:00,27.7,31.3,23.7,0,0,0,156,0,0,0,0,3.6,626.6,79,0,0,28.7,68,31.8,22.2
2026-08-16T20:40:00+05:30,2026-08-16 20:40:00,27.8,31.4,23.8,0,0,0,156,0,0,0,0,3.6,626.6,79,0,0,28.7,68,31.8,22.2
2026-08-16T20:35:00+05:30,2026-08-16 20:35:00,27.8,31.4,23.8,0,0,0,156,0,0,0,0,3.6,626.6,79,0,0,28.7,68,31.8,22.2
2026-08-16T20:30:00+05:30,2026-08-16 20:30:00,27.8,31.4,23.8,0,0,0,156,0,0,0,0,3.6,626.6,79,0,0,28.7,68,31.8,22.2
2026-08-16T20:25:00+05:30,2026-08-16 20:25:00,27.9,31.7,23.9,0,0,0,157,0,0,0,0,3.6,626.6,79,0,0,28.8,68,31.9,22.3
2026-08-16T20:20:00+05:30,2026-08-16 20:20:00,27.9,31.7,23.9,0,0,0,157,0,0,0,0,3.6,626.6,79,0,0,28.8,68,31.9,22.3
2026-08-16T20:15:00+05:30,2026-08-16 20:15:00,27.9,31.7,23.9,0,0,0,157,0,0,0,0,3.6,626.6,79,0,0,28.8,68,31.9,22.3
2026-08-16T20:10:00+05:30,2026-08-16 20:10:00,27.9,31.7,23.9,0,0,0,157,0,0,0,0,3.6,626.6,79,0,0,28.9,68,32.1,22.4
2026-08-16T20:05:00+05:30,2026-08-16 20:05:00,27.9,31.7,23.9,0,0,0,157,0,0,0,0,3.6,626.6,79,0,0,28.9,68,32.1,22.4
2026-08-16T20:00:00+05:30,2026-08-16 20:00:00,28,31.9,24,0,0,0,157,0,0,0,0,3.6,626.6,79,0,0,28.9,68,32.1,22.4
2026-08-16T19:55:00+05:30,2026-08-16 19:55:00,28,31.9,24,0,0,0,157,0,0,0,0,3.6,626.6,79,0,0,29,68,32.4,22.5
2026-08-16T19:51:00+05:30,2026-08-16 19:51:00,28.1,32.2,24.1,0,0,0,157,0,0,0,0,3.6,626.6,79,0,0,29,68,32.4,22.5
2026-08-16T19:45:00+05:30,2026-08-16 19:45:00,28.1,32.2,24.1,0,0,0,157,0,0,0,0,3.6,626.6,79,0,0,29,68,32.4,22.5
2026-08-16T19:40:00+05:30,2026-08-16 19:40:00,28.1,32.1,23.9,0,0,0,157,0,0,0,0,3.6,626.6,78,0,0,29.1,68,32.6,22.6
2026-08-16T19:35:00+05:30,2026-08-16 19:35:00,28.1,32.2,24.1,0,0,0,157,0,0,0,0,3.6,626.6,79,0,0,29.1,68,32.6,22.6
2026-08-16T19:30:00+05:30,2026-08-16 19:30:00,28.1,32.2,24.1,0,0,0,157,0,0,0,0,3.6,626.6,79,0,0,29.1,68,32.6,22.6
2026-08-16T19:25:00+05:30,2026-08-16 19:25:00,28.1,32.1,23.9,0,0,0,158,0,0,0,0,3.6,626.6,78,0,0,29.1,68,32.6,22.6
2026-08-16T19:20:00+05:30,2026-08-16 19:20:00,28.2,32.3,24,0,0,0,158,0,0,0,0,3.6,626.6,78,0,0,29.1,68,32.6,22.6
2026-08-16T19:15:00+05:30,2026-08-16 19:15:00,28.2,32.3,24,0,0,0,157,0,0,0,0,3.6,626.6,78,0,0,29.2,67,32.7,22.4
2026-08-16T19:10:00+05:30,2026-08-16 19:10:00,28.2,32.3,24,0,0,0,157,0,0,0,0,3.6,626.6,78,0,0,29.2,67,32.7,22.4
2026-08-16T19:05:00+05:30,2026-08-16 19:05:00,28.3,32.5,24.1,0,0,0,157,0,0,0,0,3.6,626.6,78,0,0,29.2,67,32.7,22.4
2026-08-16T19:00:00+05:30,2026-08-16 19:00:00,28.4,32.7,24.2,0,0,0,157,0,0,0,0,3.6,626.6,78,0,0,29.3,67,32.8,22.5
2026-08-16T18:55:00+05:30,2026-08-16 18:55:00,28.4,32.7,24.2,0,0,0,157,0,0,0,0,3.6,626.6,78,0,0,29.3,67,32.8,22.5
2026-08-16T18:50:00+05:30,2026-08-16 18:50:00,28.4,32.6,24,0,0,0,157,0,0,0,0,3.6,626.6,77,0,0,29.3,67,32.8,22.5
2026-08-16T18:46:00+05:30,2026-08-16 18:46:00,28.4,32.6,24,0,0,0,157,0,0,0,0,3.6,626.6,77,0,0,29.4,67,33,22.6
2026-08-16T18:40:00+05:30,2026-08-16 18:40:00,28.5,32.8,24.1,0,0,0,157,0,0,0,0,3.6,626.6,77,0,0,29.4,67,33,22.6
2026-08-16T18:35:00+05:30,2026-08-16 18:35:00,28.5,32.8,24.1,0,0,0,157,0,0,0,0,3.6,626.6,77,0,0,29.4,67,33,22.6
2026-08-16T18:30:00+05:30,2026-08-16 18:30:00,28.5,32.8,24.1,0,0,0,157,0,0,0,0,3.6,626.6,77,0,0,29.5,67,33.2,22.7
2026-08-16T18:25:00+05:30,2026-08-16 18:25:00,28.5,32.8,24.1,0,0,0,157,0,0,0,0,3.6,626.6,77,0,0,29.5,67,33.2,22.7
2026-08-16T18:20:00+05:30,2026-08-16 18:20:00,28.5,32.8,24.1,0,0,0,157,0,0,0,0,3.6,626.6,77,0,0,29.5,67,33.2,22.7
2026-08-16T18:15:00+05:30,2026-08-16 18:15:00,28.6,33.1,24.2,0,0,0,157,0,0,0,0,3.6,626.6,77,0,0,29.5,66,33.1,22.4
2026-08-16T18:10:00+05:30,2026-08-16 18:10:00,28.6,33.1,24.2,0,0,0,157,0,0,0,0,3.6,626.6,77,0,0,29.5,66,33.1,22.4
2026-08-16T18:05:00+05:30,2026-08-16 18:05:00,28.6,32.9,24,0,0,0,157,0,0,0,0,3.6,626.6,76,0,0,29.6,66,33.3,22.6
2026-08-16T18:00:00+05:30,2026-08-16 18:00:00,28.6,32.9,24,0,0,0,157,0,0,0,0,3.6,626.6,76,0,0,29.6,66,33.3,22.6
2026-08-16T17:55:00+05:30,2026-08-16 17:55:00,28.6,32.9,24,0,0,0,156,0,0,0,0,3.6,626.6,76,0,0,29.6,66,33.3,22.6
2026-08-16T17:50:00+05:30,2026-08-16 17:50:00,28.7,33.2,24.1,0,0,0,156,0,0,0,0,3.6,626.6,76,0,0,29.7,66,33.5,22.7
2026-08-16T17:45:00+05:30,2026-08-16 17:45:00,28.7,33.2,24.1,0,0,0,156,0,0,0,0,3.6,626.6,76,0,0,29.7,66,33.5,22.7
2026-08-16T17:40:00+05:30,2026-08-16 17:40:00,28.7,33.2,24.1,0,0,0,156,0,0,0,0,3.6,626.6,76,0,0,29.7,66,33.5,22.7
2026-08-16T17:35:00+05:30,2026-08-16 17:35:00,28.7,33.2,24.1,0,0,0,156,0,0,0,0,3.6,626.6,76,0,0,29.8,66,33.6,22.7
2026-08-16T17:30:00+05:30,2026-08-16 17:30:00,28.7,33.2,24.1,0,0,0,156,0,0,0,0,3.6,626.6,76,0,0,29.8,66,33.6,22.7
2026-08-16T17:25:00+05:30,2026-08-16 17:25:00,28.7,33.2,24.1,0,0,0,156,0,0,0,0,3.6,626.6,76,0,0.1,29.8,66,33.6,22.7
2026-08-16T17:20:00+05:30,2026-08-16 17:20:00,28.7,33.2,24.1,0,0,0,156,0,0,0,0,3.6,626.6,76,0,0.3,29.9,66,33.8,22.8
2026-08-16T17:15:00+05:30,2026-08-16 17:15:00,28.7,33.4,24.3,0,0,0,157,0,0,0,0,3.6,626.6,77,0,0.3,29.9,66,33.8,22.8
2026-08-16T17:10:00+05:30,2026-08-16 17:10:00,28.7,33.4,24.3,0,0,0,157,0,0,0,0,3.6,626.6,77,0,0.2,29.9,66,33.8,22.8
2026-08-16T17:05:00+05:30,2026-08-16 17:05:00,28.7,33.4,24.3,0,0,0,157,0,0,0,0,3.6,626.6,77,0,0.1,30,66,34.1,22.9
2026-08-16T17:00:00+05:30,2026-08-16 17:00:00,28.7,33.4,24.3,0,0,0,157,0,0,0,0,3.6,626.6,77,0,0.2,30,66,34.1,22.9
2026-08-16T16:55:00+05:30,2026-08-16 16:55:00,28.7,33.4,24.3,0,0,0,157,0,0,0,0,3.6,626.6,77,0,0.3,30,66,34.1,22.9
2026-08-16T16:50:00+05:30,2026-08-16 16:50:00,28.7,33.4,24.3,0,0,0,157,0,0,0,0,3.6,626.6,77,0,0.3,30,66,34.1,22.9
2026-08-16T16:45:00+05:30,2026-08-16 16:45:00,28.7,33.4,24.3,0,0,0,157,0,0,0,0,3.6,626.6,77,0,0.3,30,66,34.1,22.9
2026-08-16T16:40:00+05:30,2026-08-16 16:40:00,28.7,33.6,24.5,0,0,0,157,0,0,0,0,3.6,626.6,78,0,0.1,30.1,66,34.3,23.1
2026-08-16T16:35:00+05:30,2026-08-16 16:35:00,28.7,33.6,24.5,0,0,0,157,0,0,0,0,3.6,626.6,78,0,0.1,30.1,66,34.3,23.1
2026-08-16T16:30:00+05:30,2026-08-16 16:30:00,28.7,33.6,24.5,0,0,0,157,0,0,0,0,3.6,626.6,78,0,0.1,30,66,34.1,22.9
2026-08-16T16:25:00+05:30,2026-08-16 16:25:00,28.7,33.6,24.5,0,0,0,157,0,0,0,0,3.6,626.6,78,0,0.1,30.1,67,34.6,23.3
2026-08-16T16:21:00+05:30,2026-08-16 16:21:00,28.7,33.6,24.5,0,0,0,157,0,0,0,0,3.6,626.6,78,0,0.1,30,67,34.3,23.2
2026-08-16T16:15:00+05:30,2026-08-16 16:15:00,28.7,33.6,24.5,0,0,0,157,0,0,0,0,3.6,626.6,78,0,0.1,30,66,34.1,22.9
2026-08-16T16:10:00+05:30,2026-08-16 16:10:00,28.7,33.4,24.3,0,0,0,157,0,0,0,0,3.6,626.6,77,0,0.1,30.1,66,34.3,23.1
2026-08-16T16:05:00+05:30,2026-08-16 16:05:00,28.7,33.4,24.3,0,0,0,157,0,0,0,0,3.6,626.6,77,0,0.1,30.1,66,34.3,23.1
2026-08-16T16:00:00+05:30,2026-08-16 16:00:00,28.7,33.4,24.3,0,0,0,157,0,0,0,0,3.6,626.6,77,0,0.1,30.2,66,34.6,23.2
2026-08-16T15:55:00+05:30,2026-08-16 15:55:00,28.7,33.6,24.5,0,0,0,157,0,0,0,0,3.6,626.6,78,0,0.1,30.2,66,34.6,23.2
2026-08-16T15:50:00+05:30,2026-08-16 15:50:00,28.7,33.6,24.5,0,0,0,157,0,0,0,0,3.6,626.6,78,0,0.1,30.2,66,34.6,23.2
2026-08-16T15:45:00+05:30,2026-08-16 15:45:00,28.7,33.6,24.5,0,0,0,157,0,0,0,0,3.6,626.6,78,0,0.1,30.2,66,34.6,23.2
2026-08-16T15:40:00+05:30,2026-08-16 15:40:00,28.7,33.6,24.5,0,0,0,157,0,0,0,0,3.6,626.6,78,0,0.1,30.2,66,34.6,23.2
2026-08-16T15:35:00+05:30,2026-08-16 15:35:00,28.7,33.6,24.5,0,0,0,157,0,0,0,0,3.6,626.6,78,0,0.1,30.3,66,34.7,23.2
2026-08-16T15:30:00+05:30,2026-08-16 15:30:00,28.7,33.6,24.5,0,0,0,157,0,0,0,0,3.6,626.6,78,0,0.1,30.3,66,34.7,23.2
2026-08-16T15:25:00+05:30,2026-08-16 15:25:00,28.7,33.6,24.5,0,0,0,157,0,0,0,0,3.6,626.6,78,0,0.3,30.2,67,34.8,23.4
2026-08-16T15:20:00+05:30,2026-08-16 15:20:00,28.7,33.6,24.5,0,0,0,157,0,0,0,0,3.6,626.6,78,0,0.3,30.2,67,34.8,23.4
2026-08-16T15:16:00+05:30,2026-08-16 15:16:00,28.6,33.3,24.4,0,0,0,157,0,0,0,0,3.6,626.6,78,0,0.3,30.2,67,34.8,23.4
2026-08-16T15:10:00+05:30,2026-08-16 15:10:00,28.6,33.3,24.4,0,0,0,157,0,0,0,0,3.6,626.6,78,0,0.2,30.2,66,34.6,23.2
2026-08-16T15:05:00+05:30,2026-08-16 15:05:00,28.6,33.1,24.2,0,0,0,157,0,0,0,0,3.6,626.6,77,0,0.1,30.2,67,34.8,23.4
2026-08-16T15:00:00+05:30,2026-08-16 15:00:00,28.6,33.1,24.2,0,0,0,157,0,0,0,0,3.6,626.6,77,0,0.1,30.1,66,34.3,23.1
2026-08-16T14:55:00+05:30,2026-08-16 14:55:00,28.6,33.1,24.2,0,0,0,157,0,0,0,0,3.6,626.6,77,0,0.2,30.1,66,34.3,23.1
2026-08-16T14:50:00+05:30,2026-08-16 14:50:00,28.5,32.8,24.1,0,0,0,157,0,0,0,0,3.6,626.6,77,0,0.2,30.1,66,34.3,23.1
2026-08-16T14:45:00+05:30,2026-08-16 14:45:00,28.5,32.8,24.1,0,0,0,157,0,0,0,0,3.6,626.6,77,0,0.1,30.1,66,34.3,23.1
2026-08-16T14:40:00+05:30,2026-08-16 14:40:00,28.5,32.8,24.1,0,0,0,158,0,0,0,0,3.6,626.6,77,0,0.1,30.1,66,34.3,23.1
2026-08-16T14:35:00+05:30,2026-08-16 14:35:00,28.5,32.8,24.1,0,0,0,157,0,0,0,0,3.6,626.6,77,0,0.1,30,66,34.1,22.9
2026-08-16T14:30:00+05:30,2026-08-16 14:30:00,28.5,32.8,24.1,0,0,0,158,0,0,0,0,3.6,626.6,77,0,0.1,30,66,34.1,22.9
2026-08-16T14:25:00+05:30,2026-08-16 14:25:00,28.4,32.6,24,0,0,0,157,0,0,0,0,3.6,626.6,77,0,0.1,30,66,34.1,22.9
2026-08-16T14:20:00+05:30,2026-08-16 14:20:00,28.4,32.6,24,0,0,0,157,0,0,0,0,3.6,626.6,77,0,0.2,30,66,34.1,22.9
2026-08-16T14:15:00+05:30,2026-08-16 14:15:00,28.4,32.6,24,0,0,0,157,0,0,0,0,3.6,626.6,77,0,0.1,30,66,34.1,22.9
2026-08-16T14:11:00+05:30,2026-08-16 14:11:00,28.3,32.3,23.8,0,0,0,157,0,0,0,0,3.6,626.6,77,0,0.1,29.9,66,33.8,22.8
2026-08-16T14:05:00+05:30,2026-08-16 14:05:00,28.3,32.5,24.1,0,0,0,157,0,0,0,0,3.6,626.6,78,0,0.1,29.9,66,33.8,22.8
2026-08-16T14:00:00+05:30,2026-08-16 14:00:00,28.3,32.5,24.1,0,0,0,157,0,0,0,0,3.6,626.6,78,0,0.2,29.9,67,34.1,23.1
2026-08-16T13:55:00+05:30,2026-08-16 13:55:00,28.3,32.5,24.1,0,0,0,157,0,0,0,0,3.6,626.6,78,0,0.1,29.8,67,33.8,23
2026-08-16T13:50:00+05:30,2026-08-16 13:50:00,28.3,32.5,24.1,0,0,0,157,0,0,0,0,3.6,626.6,78,0,0.1,29.8,67,33.8,23
2026-08-16T13:45:00+05:30,2026-08-16 13:45:00,28.3,32.5,24.1,0,0,0,157,0,0,0,0,3.6,626.6,78,0,0.1,29.7,67,33.7,22.9
2026-08-16T13:40:00+05:30,2026-08-16 13:40:00,28.2,32.3,24,0,0,0,157,0,0,0,0,3.6,626.6,78,0,0.1,29.7,67,33.7,22.9
2026-08-16T13:35:00+05:30,2026-08-16 13:35:00,28.2,32.3,24,0,0,0,157,0,0,0,0,3.6,626.6,78,0,0.1,29.7,67,33.7,22.9
2026-08-16T13:30:00+05:30,2026-08-16 13:30:00,28.2,32.3,24,0,0,0,157,0,0,0,0,3.6,626.6,78,0,0.1,29.6,68,33.7,23.1
2026-08-16T13:25:00+05:30,2026-08-16 13:25:00,28.2,32.3,24,0,0,0,157,0,0,0,0,3.6,626.6,78,0,0.1,29.5,68,33.4,22.9
2026-08-16T13:20:00+05:30,2026-08-16 13:20:00,28.1,32.1,23.9,0,0,0,157,0,0,0,0,3.6,626.6,78,0,0.1,29.5,68,33.4,22.9
2026-08-16T13:15:00+05:30,2026-08-16 13:15:00,28.1,32.1,23.9,0,0,0,157,0,0,0,0,3.6,626.6,78,0,0.1,29.4,68,33.2,22.8
2026-08-16T13:10:00+05:30,2026-08-16 13:10:00,28.1,32.1,23.9,0,0,0,157,0,0,0,0,3.6,626.6,78,0,0.1,29.3,68,32.9,22.7
2026-08-16T13:05:00+05:30,2026-08-16 13:05:00,28.1,32.1,23.9,0,0,0,157,0,0,0,0,3.6,626.6,78,0,0.1,29.3,68,32.9,22.7
2026-08-16T13:00:00+05:30,2026-08-16 13:00:00,28.1,32.1,23.9,0,0,0,157,0,0,0,0,3.6,626.6,78,0,0.1,29.3,68,32.9,22.7
2026-08-16T12:55:00+05:30,2026-08-16 12:55:00,28,31.8,23.8,0,0,0,157,0,0,0,0,3.6,626.6,78,0,0.1,29.3,68,32.9,22.7
2026-08-16T12:51:00+05:30,2026-08-16 12:51:00,28,31.8,23.8,0,0,0,157,0,0,0,0,3.6,626.6,78,0,0.1,29.2,68,32.8,22.7
2026-08-16T12:45:00+05:30,2026-08-16 12:45:00,28,31.8,23.8,0,0,0,157,0,0,0,0,3.6,626.6,78,0,0.1,29.2,68,32.8,22.7
2026-08-16T12:40:00+05:30,2026-08-16 12:40:00,28,31.8,23.8,0,0,0,157,0,0,0,0,3.6,626.6,78,0,0.1,29.2,69,33,22.9
2026-08-16T12:35:00+05:30,2026-08-16 12:35:00,27.9,31.5,23.7,0,0,0,157,0,0,0,0,3.6,626.6,78,0,0.1,29.1,69,32.8,22.8
2026-08-16T12:30:00+05:30,2026-08-16 12:30:00,27.9,31.5,23.7,0,0,0,157,0,0,0,0,3.6,626.6,78,0,0.1,29,69,32.6,22.7
2026-08-16T12:25:00+05:30,2026-08-16 12:25:00,27.9,31.5,23.7,0,0,0,157,0,0,0,0,3.6,626.6,78,0,0.1,29,69,32.6,22.7
2026-08-16T12:20:00+05:30,2026-08-16 12:20:00,27.9,31.5,23.7,0,0,0,157,0,0,0,0,3.6,626.6,78,0,0.1,28.9,69,32.3,22.6
2026-08-16T12:15:00+05:30,2026-08-16 12:15:00,27.8,31.3,23.6,0,0,0,157,0,0,0,0,3.6,626.6,78,0,0.1,28.8,69,32.1,22.5
2026-08-16T12:10:00+05:30,2026-08-16 12:10:00,27.8,31.3,23.6,0,0,0,157,0,0,0,0,3.6,626.6,78,0,0.1,28.8,69,32.1,22.5
2026-08-16T12:05:00+05:30,2026-08-16 12:05:00,27.8,31.3,23.6,0,0,0,157,0,0,0,0,3.6,626.6,78,0,0.1,28.7,69,31.9,22.4
2026-08-16T12:00:00+05:30,2026-08-16 12:00:00,27.7,31.1,23.5,0,0,0,157,0,0,0,0,3.6,626.6,78,0,0.1,28.6,69,31.7,22.3
2026-08-16T11:55:00+05:30,2026-08-16 11:55:00,27.7,31.3,23.7,0,0,0,157,0,0,0,0,3.6,626.6,79,0,0.1,28.6,69,31.7,22.3
2026-08-16T11:50:00+05:30,2026-08-16 11:50:00,27.7,31.3,23.7,0,0,0,157,0,0,0,0,3.6,626.6,79,0,0.1,28.5,69,31.5,22.2
2026-08-16T11:45:00+05:30,2026-08-16 11:45:00,27.7,31.3,23.7,0,0,0,157,0,0,0,0,3.6,626.6,79,0,0.1,28.4,70,31.4,22.4
2026-08-16T11:40:00+05:30,2026-08-16 11:40:00,27.6,31,23.6,0,0,0,157,0,0,0,0,3.6,626.6,79,0,0.1,28.4,70,31.4,22.4
2026-08-16T11:35:00+05:30,2026-08-16 11:35:00,27.6,31,23.6,0,0,0,157,0,0,0,0,3.6,626.6,79,0,0.1,28.3,70,31.2,22.3
2026-08-16T11:30:00+05:30,2026-08-16 11:30:00,27.6,31.1,23.8,0,0,0,156,0,0,0,0,3.6,626.6,80,0,0.1,28.2,70,31.1,22.2
2026-08-16T11:25:00+05:30,2026-08-16 11:25:00,27.5,30.9,23.7,0,0,0,157,0,0,0,0,3.6,626.6,80,0,0.1,28.1,71,31,22.3
2026-08-16T11:20:00+05:30,2026-08-16 11:20:00,27.5,30.9,23.7,0,0,0,156,0,0,0,0,3.6,626.6,80,0,0.1,28,71,30.8,22.2
2026-08-16T11:15:00+05:30,2026-08-16 11:15:00,27.5,30.9,23.7,0,0,0,156,0,0,0,0,3.6,626.6,80,0,0.1,28,71,30.8,22.2
2026-08-16T11:10:00+05:30,2026-08-16 11:10:00,27.5,30.9,23.7,0,0,0,156,0,0,0,0,3.6,626.6,80,0,0.1,27.9,71,30.6,22.1
2026-08-16T11:05:00+05:30,2026-08-16 11:05:00,27.4,30.6,23.6,0,0,0,156,0,0,0,0,3.6,626.6,80,0,0.1,27.8,72,30.5,22.3
2026-08-16T11:00:00+05:30,2026-08-16 11:00:00,27.4,30.7,23.8,0,0,0,156,0,0,0,0,3.6,626.6,81,0,0.1,27.7,72,30.4,22.2
2026-08-16T10:55:00+05:30,2026-08-16 10:55:00,27.4,30.7,23.8,0,0,0,156,0,0,0,0,3.6,626.6,81,0,0.1,27.7,72,30.4,22.2
2026-08-16T10:50:00+05:30,2026-08-16 10:50:00,27.4,30.7,23.8,0,0,0,156,0,0,0,0,3.6,626.6,81,0,0.1,27.6,72,30.2,22.1
2026-08-16T10:45:00+05:30,2026-08-16 10:45:00,27.4,30.7,23.8,0,0,0,156,0,0,0,0,3.6,626.6,81,0,0.1,27.6,72,30.2,22.1
2026-08-16T10:41:00+05:30,2026-08-16 10:41:00,27.3,30.5,23.7,0,0,0,156,0,0,0,0,3.6,626.6,81,0,0.1,27.5,73,30.1,22.2
2026-08-16T10:35:00+05:30,2026-08-16 10:35:00,27.3,30.5,23.7,0,0,0,156,0,0,0,0,3.6,626.6,81,0,0.1,27.5,73,30.1,22.2
2026-08-16T10:30:00+05:30,2026-08-16 10:30:00,27.3,30.5,23.7,0,0,0,156,0,0,0,0,3.6,626.6,81,0,0.1,27.4,73,29.8,22.1
2026-08-16T10:25:00+05:30,2026-08-16 10:25:00,27.3,30.5,23.7,0,0,0,156,0,0,0,0,3.6,626.6,81,0,0.1,27.3,73,29.6,22
2026-08-16T10:20:00+05:30,2026-08-16 10:20:00,27.2,30.3,23.7,0,0,0,156,0,0,0,0,3.6,626.6,81,0,0.1,27.3,73,29.6,22
2026-08-16T10:15:00+05:30,2026-08-16 10:15:00,27.2,30.3,23.7,0,0,0,156,0,0,0,0,3.6,626.6,81,0,0.1,27.2,73,29.5,21.9
2026-08-16T10:10:00+05:30,2026-08-16 10:10:00,27.2,30.3,23.7,0,0,0,156,0,0,0,0,3.6,626.6,81,0,0.1,27.2,73,29.5,21.9
2026-08-16T10:05:00+05:30,2026-08-16 10:05:00,27.2,30.3,23.7,0,0,0,156,0,0,0,0,3.6,626.6,81,0,0.1,27.2,73,29.5,21.9
2026-08-16T10:00:00+05:30,2026-08-16 10:00:00,27.2,30.3,23.7,0,0,0,156,0,0,0,0,3.6,626.6,81,0,0.1,27.1,73,29.3,21.8
2026-08-16T09:55:00+05:30,2026-08-16 09:55:00,27.1,30.1,23.6,0,0,0,156,0,0,0,0,3.6,626.6,81,0,0.1,27.1,73,29.3,21.8
2026-08-16T09:50:00+05:30,2026-08-16 09:50:00,27.1,30.2,23.8,0,0,0,156,0,0,0,0,3.6,626.6,82,0,0.1,27,73,29.1,21.7
2026-08-16T09:45:00+05:30,2026-08-16 09:45:00,27.1,30.2,23.8,0,0,0,156,0,0,0,0,3.6,626.6,82,0,0.1,27,73,29.1,21.7
2026-08-16T09:40:00+05:30,2026-08-16 09:40:00,27.1,30.2,23.8,0,0,0,156,0,0,0,0,3.6,626.6,82,0,0.1,27,74,29.2,21.9
2026-08-16T09:36:00+05:30,2026-08-16 09:36:00,27,29.9,23.7,0,0,0,156,0,0,0,0,3.6,626.6,82,0,0.1,26.9,74,29,21.8
2026-08-16T09:30:00+05:30,2026-08-16 09:30:00,27,29.9,23.7,0,0,0,156,0,0,0,0,3.6,626.6,82,0,0.1,26.9,74,29,21.8
2026-08-16T09:25:00+05:30,2026-08-16 09:25:00,27,29.9,23.7,0,0,0,156,0,0,0,0,3.6,626.6,82,0,0.1,26.8,74,28.8,21.7
2026-08-16T09:20:00+05:30,2026-08-16 09:20:00,26.9,29.7,23.5,0,0,0,156,0,0,0,0,3.6,626.6,82,0,0.1,26.8,74,28.8,21.7
2026-08-16T09:15:00+05:30,2026-08-16 09:15:00,26.9,29.7,23.5,0,0,0,156,0,0,0,0,3.6,626.6,82,0,0.1,26.8,74,28.8,21.7
2026-08-16T09:10:00+05:30,2026-08-16 09:10:00,26.9,29.8,23.7,0,0,0,156,0,0,0,0,3.6,626.6,83,0,0.1,26.7,74,28.7,21.7
2026-08-16T09:05:00+05:30,2026-08-16 09:05:00,26.9,29.8,23.7,0,0,0,156,0,0,0,0,3.6,626.6,83,0,0.1,26.6,74,27.3,21.6
2026-08-16T09:00:00+05:30,2026-08-16 09:00:00,26.8,29.5,23.6,0,0,0,156,0,0,0,0,3.6,626.6,83,0,0.1,26.7,74,28.7,21.7
2026-08-16T08:55:00+05:30,2026-08-16 08:55:00,26.8,29.5,23.6,0,0,0,156,0,0,0,0,3.6,626.6,83,0,0.1,26.6,74,27.3,21.6
2026-08-16T08:50:00+05:30,2026-08-16 08:50:00,26.8,29.4,23.4,0,0,0,156,0,0,0,0,3.6,626.6,82,0,0.1,26.6,74,27.3,21.6
2026-08-16T08:45:00+05:30,2026-08-16 08:45:00,26.7,29.3,23.4,0,0,0,156,0,0,0,0,3.6,626.6,82,0,0.1,26.5,74,27.1,21.5
2026-08-16T08:40:00+05:30,2026-08-16 08:40:00,26.7,29.3,23.4,0,0,0,156,0,0,0,0,3.6,626.6,82,0,0.1,26.5,74,27.1,21.5
2026-08-16T08:35:00+05:30,2026-08-16 08:35:00,26.7,29.3,23.4,0,0,0,156,0,0,0,0,3.6,626.6,82,0,0.1,26.5,74,27.1,21.5
2026-08-16T08:31:00+05:30,2026-08-16 08:31:00,26.6,27.5,23.3,0,0,0,156,0,0,0,0,3.6,626.6,82,0,0.1,26.4,73,27,21.2
2026-08-16T08:25:00+05:30,2026-08-16 08:25:00,26.6,27.5,23.3,0,0,0,156,0,0,0,0,3.6,626.6,82,0,0.1,26.4,73,27,21.2
2026-08-16T08:20:00+05:30,2026-08-16 08:20:00,26.6,27.5,23.3,0,0,0,157,0,0,0,0,3.6,626.6,82,0,0.1,26.4,73,27,21.2
2026-08-16T08:15:00+05:30,2026-08-16 08:15:00,26.6,27.5,23.3,0,0,0,157,0,0,0,0,3.6,626.6,82,0,0.1,26.4,73,27,21.2
2026-08-16T08:10:00+05:30,2026-08-16 08:10:00,26.6,27.5,23.3,0,0,0,157,0,0,0,0,3.6,626.6,82,0,0,26.4,73,27,21.2
2026-08-16T08:05:00+05:30,2026-08-16 08:05:00,26.5,27.3,23.2,0,0,0,157,0,0,0,0,3.6,626.6,82,0,0,26.4,73,27,21.2
2026-08-16T08:00:00+05:30,2026-08-16 08:00:00,26.5,27.3,23.2,0,0,0,157,0,0,0,0,3.6,626.6,82,0,0,26.4,73,27,21.2
2026-08-16T07:55:00+05:30,2026-08-16 07:55:00,26.5,27.3,23.2,0,0,0,157,0,0,0,0,3.6,626.6,82,0,0,26.4,73,27,21.2
2026-08-16T07:50:00+05:30,2026-08-16 07:50:00,26.5,27.3,23.2,0,0,0,157,0,0,0,0,3.6,626.6,82,0,0.1,26.4,73,27,21.2
2026-08-16T07:45:00+05:30,2026-08-16 07:45:00,26.5,27.3,23.2,0,0,0,157,0,0,0,0,3.6,626.6,82,0,0,26.4,73,27,21.2
2026-08-16T07:40:00+05:30,2026-08-16 07:40:00,26.4,27.2,23.1,0,0,0,157,0,0,0,0,3.6,626.6,82,0,0.1,26.3,73,26.9,21.1
2026-08-16T07:35:00+05:30,2026-08-16 07:35:00,26.4,27.2,23.1,0,0,0,157,0,0,0,0,3.6,626.6,82,0,0.1,26.3,73,26.9,21.1
2026-08-16T07:30:00+05:30,2026-08-16 07:30:00,26.4,27.2,23.1,0,0,0,157,0,0,0,0,3.6,626.6,82,0,0.1,26.3,73,26.9,21.1
2026-08-16T07:25:00+05:30,2026-08-16 07:25:00,26.4,27.2,23.1,0,0,0,157,0,0,0,0,3.6,626.6,82,0,0,26.3,73,26.9,21.1
2026-08-16T07:20:00+05:30,2026-08-16 07:20:00,26.3,27.1,23,0,0,0,156,0,0,0,0,3.6,626.6,82,0,0,26.3,73,26.9,21.1
2026-08-16T07:15:00+05:30,2026-08-16 07:15:00,26.3,27.1,23,0,0,0,156,0,0,0,0,3.6,626.6,82,0,0,26.3,73,26.9,21.1
2026-08-16T07:11:00+05:30,2026-08-16 07:11:00,26.3,27.1,23,0,0,0,156,0,0,0,0,3.6,626.6,82,0,0,26.3,73,26.9,21.1
2026-08-16T07:05:00+05:30,2026-08-16 07:05:00,26.2,27,22.9,0,0,0,156,0,0,0,0,3.6,626.6,82,0,0,26.3,72,26.8,20.8
2026-08-16T07:00:00+05:30,2026-08-16 07:00:00,26.2,27,22.9,0,0,0,156,0,0,0,0,3.6,626.6,82,0,0,26.3,72,26.8,20.8
2026-08-16T06:55:00+05:30,2026-08-16 06:55:00,26.1,26.9,22.8,0,0,0,156,0,0,0,0,3.6,626.6,82,0,0,26.3,72,26.8,20.8
2026-08-16T06:50:00+05:30,2026-08-16 06:50:00,26.1,26.9,22.8,0,0,0,157,0,0,0,0,3.6,626.6,82,0,0,26.3,72,26.8,20.8
2026-08-16T06:45:00+05:30,2026-08-16 06:45:00,26.1,26.9,22.8,0,0,0,157,0,0,0,0,3.6,626.6,82,0,0,26.3,72,26.8,20.8
2026-08-16T06:40:00+05:30,2026-08-16 06:40:00,26.1,26.9,22.8,0,0,0,157,0,0,0,0,3.6,626.6,82,0,0,26.4,72,26.9,20.9
2026-08-16T06:35:00+05:30,2026-08-16 06:35:00,26.1,26.9,22.8,0,0,0,157,0,0,0,0,3.6,626.6,82,0,0,26.3,72,26.8,20.8
2026-08-16T06:30:00+05:30,2026-08-16 06:30:00,26.1,26.9,22.8,0,0,0,157,0,0,0,0,3.6,626.6,82,0,0,26.3,72,26.8,20.8
2026-08-16T06:25:00+05:30,2026-08-16 06:25:00,26.1,26.9,22.8,0,0,0,157,0,0,0,0,3.6,626.6,82,0,0,26.3,72,26.8,20.8
2026-08-16T06:20:00+05:30,2026-08-16 06:20:00,26.1,26.9,22.8,0,0,0,157,0,0,0,0,3.6,626.6,82,0,0,26.4,72,26.9,20.9
2026-08-16T06:15:00+05:30,2026-08-16 06:15:00,26.1,26.9,22.8,0,0,0,157,0,0,0,0,3.6,626.6,82,0,0,26.3,72,26.8,20.8
2026-08-16T06:10:00+05:30,2026-08-16 06:10:00,26.1,26.9,22.8,0,0,0,157,0,0,0,0,3.6,626.6,82,0,0,26.4,72,26.9,20.9
2026-08-16T06:06:00+05:30,2026-08-16 06:06:00,26.2,27,22.9,0,0,0,157,0,0,0,0,3.6,626.6,82,0,0,26.4,72,26.9,20.9
2026-08-16T06:00:00+05:30,2026-08-16 06:00:00,26.2,27,22.9,0,0,0,156,0,0,0,0,3.6,626.6,82,0,0,26.4,72,26.9,20.9
2026-08-16T05:55:00+05:30,2026-08-16 05:55:00,26.2,27,22.7,0,0,0,156,0,0,0,0,3.6,626.6,81,0,0,26.4,72,26.9,20.9
2026-08-16T05:50:00+05:30,2026-08-16 05:50:00,26.2,27,22.7,0,0,0,157,0,0,0,0,3.6,626.6,81,0,0,26.4,72,26.9,20.9
2026-08-16T05:45:00+05:30,2026-08-16 05:45:00,26.2,27,22.7,0,0,0,157,0,0,0,0,3.6,626.6,81,0,0,26.4,72,26.9,20.9
2026-08-16T05:40:00+05:30,2026-08-16 05:40:00,26.2,27,22.7,0,0,0,157,0,0,0,0,3.6,626.6,81,0,0,26.4,72,26.9,20.9
2026-08-16T05:35:00+05:30,2026-08-16 05:35:00,26.3,27.1,22.7,0,0,0,157,0,0,0,0,3.6,626.6,81,0,0,26.4,72,26.9,20.9
2026-08-16T05:30:00+05:30,2026-08-16 05:30:00,26.3,27.1,22.7,0,0,0,156,0,0,0,0,3.6,626.6,81,0,0,26.4,72,26.9,20.9
2026-08-16T05:25:00+05:30,2026-08-16 05:25:00,26.3,27.1,22.7,0,0,0,157,0,0,0,0,3.6,626.6,81,0,0,26.5,72,27.1,21.1
2026-08-16T05:20:00+05:30,2026-08-16 05:20:00,26.3,27.1,22.7,0,0,0,156,0,0,0,0,3.6,626.6,81,0,0,26.5,72,27.1,21.1
2026-08-16T05:15:00+05:30,2026-08-16 05:15:00,26.4,27.2,22.9,0,0,0,156,0,0,0,0,3.6,626.6,81,0,0,26.5,72,27.1,21.1
2026-08-16T05:10:00+05:30,2026-08-16 05:10:00,26.4,27.2,22.9,0,0,0,157,0,0,0,0,3.6,626.6,81,0,0,26.5,72,27.1,21.1
2026-08-16T05:05:00+05:30,2026-08-16 05:05:00,26.4,27.2,22.9,0,0,0,157,0,0,0,0,3.6,626.6,81,0,0,26.5,72,27.1,21.1
2026-08-16T05:01:00+05:30,2026-08-16 05:01:00,26.4,27.2,22.9,0,0,0,157,0,0,0,0,3.6,626.6,81,0,0,26.5,72,27.1,21.1
2026-08-16T04:55:00+05:30,2026-08-16 04:55:00,26.4,27.2,22.9,0,0,0,157,0,0,0,0,3.6,626.6,81,0,0,26.5,71,27.1,20.8
2026-08-16T04:50:00+05:30,2026-08-16 04:50:00,26.4,27.2,22.9,0,0,0,157,0,0,0,0,3.6,626.6,81,0,0,26.6,71,27.2,20.9
2026-08-16T04:45:00+05:30,2026-08-16 04:45:00,26.4,27.2,22.9,0,0,0,157,0,0,0,0,3.6,626.6,81,0,0,26.5,71,27.1,20.8
2026-08-16T04:40:00+05:30,2026-08-16 04:40:00,26.4,27.2,22.9,0,0,0,157,0,0,0,0,3.6,626.6,81,0,0,26.6,71,27.2,20.9
2026-08-16T04:35:00+05:30,2026-08-16 04:35:00,26.5,27.3,22.8,0,0,0,157,0,0,0,0,3.6,626.6,80,0,0,26.6,71,27.2,20.9
2026-08-16T04:30:00+05:30,2026-08-16 04:30:00,26.5,27.3,22.8,0,0,0,157,0,0,0,0,3.6,626.6,80,0,0,26.6,71,27.2,20.9
2026-08-16T04:25:00+05:30,2026-08-16 04:25:00,26.5,27.3,23,0,0,0,157,0,0,0,0,3.6,626.6,81,0,0,26.6,71,27.2,20.9
2026-08-16T04:20:00+05:30,2026-08-16 04:20:00,26.5,27.3,23,0,0,0,157,0,0,0,0,3.6,626.6,81,0,0,26.6,71,27.2,20.9
2026-08-16T04:15:00+05:30,2026-08-16 04:15:00,26.5,27.3,23,0,0,0,157,0,0,0,0,3.6,626.6,81,0,0,26.6,71,27.2,20.9
2026-08-16T04:10:00+05:30,2026-08-16 04:10:00,26.5,27.3,23,0,0,0,157,0,0,0,0,3.6,626.6,81,0,0,26.7,71,28.4,21
2026-08-16T04:05:00+05:30,2026-08-16 04:05:00,26.5,27.3,23,0,0,0,157,0,0,0,0,3.6,626.6,81,0,0,26.7,71,28.4,21
2026-08-16T04:00:00+05:30,2026-08-16 04:00:00,26.5,27.3,23,0,0,0,157,0,0,0,0,3.6,626.6,81,0,0,26.7,71,28.4,21
2026-08-16T03:55:00+05:30,2026-08-16 03:55:00,26.5,27.3,23,0,0,0,157,0,0,0,0,3.6,626.6,81,0,0,26.7,71,28.4,21
2026-08-16T03:50:00+05:30,2026-08-16 03:50:00,26.5,27.3,22.8,0,0,0,157,0,0,0,0,3.6,626.6,80,0,0,26.7,71,28.4,21
2026-08-16T03:45:00+05:30,2026-08-16 03:45:00,26.6,27.4,22.9,0,0,0,157,0,0,0,0,3.6,626.6,80,0,0,26.7,71,28.4,21
2026-08-16T03:40:00+05:30,2026-08-16 03:40:00,26.6,27.4,22.9,0,0,0,157,0,0,0,0,3.6,626.6,80,0,0,26.7,71,28.4,21
2026-08-16T03:35:00+05:30,2026-08-16 03:35:00,26.6,27.4,22.9,0,0,0,157,0,0,0,0,3.6,626.6,80,0,0,26.7,71,28.4,21
2026-08-16T03:30:00+05:30,2026-08-16 03:30:00,26.5,27.3,22.8,0,0,0,157,0,0,0,0,3.6,626.6,80,0,0,26.8,71,28.6,21.1
2026-08-16T03:25:00+05:30,2026-08-16 03:25:00,26.5,27.3,22.8,0,0,0,157,0,0,0,0,3.6,626.6,80,0,0,26.7,70,28.4,20.8
2026-08-16T03:20:00+05:30,2026-08-16 03:20:00,26.5,27.3,22.8,0,0,0,157,0,0,0,0,3.6,626.6,80,0,0,26.8,70,28.5,20.8
2026-08-16T03:15:00+05:30,2026-08-16 03:15:00,26.5,27.3,22.8,0,0,0,157,0,0,0,0,3.6,626.6,80,0,0,26.8,70,28.5,20.8
2026-08-16T03:10:00+05:30,2026-08-16 03:10:00,26.5,27.3,22.8,0,0,0,157,0,0,0,0,3.6,626.6,80,0,0,26.8,70,28.5,20.8
2026-08-16T03:05:00+05:30,2026-08-16 03:05:00,26.5,27.3,22.8,0,0,0,157,0,0,0,0,3.6,626.6,80,0,0,26.9,70,28.7,20.9
2026-08-16T03:00:00+05:30,2026-08-16 03:00:00,26.5,27.3,22.8,0,0,0,157,0,0,0,0,3.6,626.6,80,0,0,26.8,70,28.5,20.8
2026-08-16T02:55:00+05:30,2026-08-16 02:55:00,26.5,27.3,22.8,0,0,0,157,0,0,0,0,3.6,626.6,80,0,0,26.9,70,28.7,20.9
2026-08-16T02:50:00+05:30,2026-08-16 02:50:00,26.5,27.3,22.8,0,0,0,157,0,0,0,0,3.6,626.6,80,0,0,26.9,70,28.7,20.9
2026-08-16T02:45:00+05:30,2026-08-16 02:45:00,26.5,27.3,22.8,0,0,0,157,0,0,0,0,3.6,626.6,80,0,0,26.9,70,28.7,20.9
2026-08-16T02:40:00+05:30,2026-08-16 02:40:00,26.5,27.3,22.8,0,0,0,157,0,0,0,0,3.6,626.6,80,0,0,26.9,70,28.7,20.9
2026-08-16T02:36:00+05:30,2026-08-16 02:36:00,26.6,27.4,22.9,0,0,0,157,0,0,0,0,3.6,626.6,80,0,0,26.9,70,28.7,20.9
2026-08-16T02:30:00+05:30,2026-08-16 02:30:00,26.5,27.3,22.8,0,0,0,157,0,0,0,0,3.6,626.6,80,0,0,26.9,70,28.7,20.9
2026-08-16T02:25:00+05:30,2026-08-16 02:25:00,26.5,27.3,22.8,0,0,0,157,0,0,0,0,3.6,626.6,80,0,0,26.9,70,28.7,20.9
2026-08-16T02:20:00+05:30,2026-08-16 02:20:00,26.6,27.4,22.9,0,0,0,157,0,0,0,0,3.6,626.6,80,0,0,26.9,70,28.7,20.9
2026-08-16T02:15:00+05:30,2026-08-16 02:15:00,26.6,27.4,22.9,0,0,0,157,0,0,0,0,3.6,626.6,80,0,0,27,70,28.8,21.1
2026-08-16T02:10:00+05:30,2026-08-16 02:10:00,26.6,27.4,22.9,0,0,0,157,0,0,0,0,3.6,626.6,80,0,0,27,70,28.8,21.1
2026-08-16T02:05:00+05:30,2026-08-16 02:05:00,26.6,27.4,22.9,0,0,0,157,0,0,0,0,3.6,626.6,80,0,0,27,70,28.8,21.1
2026-08-16T02:00:00+05:30,2026-08-16 02:00:00,26.6,27.4,22.9,0,0,0,157,0,0,0,0,3.6,626.6,80,0,0,27,70,28.8,21.1
2026-08-16T01:55:00+05:30,2026-08-16 01:55:00,26.6,27.4,22.9,0,0,0,157,0,0,0,0,3.6,626.6,80,0,0,27,70,28.8,21.1
2026-08-16T01:50:00+05:30,2026-08-16 01:50:00,26.6,27.4,22.9,0,0,0,157,0,0,0,0,3.6,626.6,80,0,0,27.1,70,29.1,21.2
2026-08-16T01:45:00+05:30,2026-08-16 01:45:00,26.6,27.4,22.9,0,0,0,157,0,0,0,0,3.6,626.6,80,0,0,27.1,70,29.1,21.2
2026-08-16T01:40:00+05:30,2026-08-16 01:40:00,26.6,27.4,22.9,0,0,0,157,0,0,0,0,3.6,626.6,80,0,0,27.1,70,29.1,21.2
2026-08-16T01:35:00+05:30,2026-08-16 01:35:00,26.6,27.4,22.9,0,0,0,157,0,0,0,0,3.6,626.6,80,0,0,27.1,70,29.1,21.2
2026-08-16T01:31:00+05:30,2026-08-16 01:31:00,26.6,27.4,22.9,0,0,0,157,0,0,0,0,3.6,626.6,80,0,0,27.1,69,28.9,20.9
2026-08-16T01:25:00+05:30,2026-08-16 01:25:00,26.7,29.1,22.8,0,0,0,157,0,0,0,0,3.6,626.6,79,0,0,27.2,69,29.2,21
2026-08-16T01:20:00+05:30,2026-08-16 01:20:00,26.7,29.1,22.8,0,0,0,157,0,0,0,0,3.6,626.6,79,0,0,27.1,69,28.9,20.9
2026-08-16T01:15:00+05:30,2026-08-16 01:15:00,26.7,29.1,22.8,0,0,0,157,0,0,0,0,3.6,626.6,79,0,0,27.2,69,29.2,21
2026-08-16T01:10:00+05:30,2026-08-16 01:10:00,26.7,29.1,22.8,0,0,0,157,0,0,0,0,3.6,626.6,79,0,0,27.2,69,29.2,21
2026-08-16T01:05:00+05:30,2026-08-16 01:05:00,26.7,29.1,22.8,0,0,0,157,0,0,0,0,3.6,626.6,79,0,0,27.2,69,29.2,21
2026-08-16T01:00:00+05:30,2026-08-16 01:00:00,26.8,29.2,22.8,0,0,0,157,0,0,0,0,3.6,626.6,79,0,0,27.2,69,29.2,21
2026-08-16T00:55:00+05:30,2026-08-16 00:55:00,26.8,29.2,22.8,0,0,0,157,0,0,0,0,3.6,626.6,79,0,0,27.3,69,29.2,21.1
2026-08-16T00:50:00+05:30,2026-08-16 00:50:00,26.8,29.2,22.8,0,0,0,157,0,0,0,0,3.6,626.6,79,0,0,27.3,69,29.2,21.1
2026-08-16T00:45:00+05:30,2026-08-16 00:45:00,26.8,29.2,22.8,0,0,0,157,0,0,0,0,3.6,626.6,79,0,0,27.3,69,29.2,21.1
2026-08-16T00:40:00+05:30,2026-08-16 00:40:00,26.8,29.2,22.8,0,0,0,157,0,0,0,0,3.6,626.6,79,0,0,27.4,69,29.4,21.2
2026-08-16T00:35:00+05:30,2026-08-16 00:35:00,26.9,29.4,22.9,0,0,0,157,0,0,0,0,3.6,626.6,79,0,0,27.4,69,29.4,21.2
2026-08-16T00:30:00+05:30,2026-08-16 00:30:00,26.9,29.4,22.9,0,0,0,157,0,0,0,0,3.6,626.6,79,0,0,27.4,69,29.4,21.2
2026-08-16T00:26:00+05:30,2026-08-16 00:26:00,26.9,29.4,22.9,0,0,0,157,0,0,0,0,3.6,626.6,79,0,0,27.4,69,29.4,21.2
2026-08-16T00:20:00+05:30,2026-08-16 00:20:00,26.9,29.4,22.9,0,0,0,157,0,0,0,0,3.6,626.6,79,0,0,27.4,69,29.4,21.2
2026-08-16T00:15:00+05:30,2026-08-16 00:15:00,26.9,29.4,22.9,0,0,0,157,0,0,0,0,3.6,626.6,79,0,0,27.5,69,29.6,21.3
2026-08-16T00:10:00+05:30,2026-08-16 00:10:00,26.9,29.4,22.9,0,0,0,157,0,0,0,0,3.6,626.6,79,0,0,27.5,69,29.6,21.3
2026-08-16T00:05:00+05:30,2026-08-16 00:05:00,27,29.6,23,0,0,0,157,0,0,0,0,3.6,626.6,79,0,0,27.5,69,29.6,21.3
2026-08-16T00:00:00+05:30,2026-08-16 00:00:00,27,29.6,23,0,0,0,157,0,0,0,0,3.6,626.6,79,0,0,27.5,69,29.6,21.3
2026-08-15T23:55:00+05:30,2026-08-15 23:55:00,27,29.6,23,0,0,0,157,0,0,0,1.5,3.6,626.6,79,0,0,27.6,69,29.8,21.4
2026-08-15T23:50:00+05:30,2026-08-15 23:50:00,26.9,29.4,22.9,0,0,0,157,0,0,0,1.5,3.6,626.6,79,0,0,27.6,69,29.8,21.4
2026-08-15T23:45:00+05:30,2026-08-15 23:45:00,26.9,29.4,22.9,0,0,0,157,0,0,0,1.5,3.6,626.6,79,0,0,27.6,69,29.8,21.4
2026-08-15T23:40:00+05:30,2026-08-15 23:40:00,26.9,29.4,22.9,0,0,0,157,0,0,0,1.5,3.6,626.6,79,0,0,27.6,69,29.8,21.4
2026-08-15T23:35:00+05:30,2026-08-15 23:35:00,26.9,29.4,22.9,0,0,0,157,0,0,0,1.5,3.6,626.6,79,0,0,27.6,69,29.8,21.4
2026-08-15T23:30:00+05:30,2026-08-15 23:30:00,26.9,29.4,22.9,0,0,0,157,0,0,0,1.5,3.6,626.6,79,0,0,27.6,69,29.8,21.4
2026-08-15T23:25:00+05:30,2026-08-15 23:25:00,27,29.6,23,0,0,0,157,0,0,0,1.5,3.6,626.6,79,0,0,27.7,69,30,21.5
2026-08-15T23:20:00+05:30,2026-08-15 23:20:00,27,29.6,23,0,0,0,157,0,0,0,1.5,3.6,626.6,79,0,0,27.7,69,30,21.5
2026-08-15T23:15:00+05:30,2026-08-15 23:15:00,27,29.6,23,0,0,0,157,0,0,0,1.5,3.6,626.6,79,0,0,27.7,68,29.9,21.3
2026-08-15T23:10:00+05:30,2026-08-15 23:10:00,27.1,29.9,23.1,0,0,0,157,0,0,0,1.5,3.6,626.6,79,0,0,27.8,68,30,21.3
2026-08-15T23:06:00+05:30,2026-08-15 23:06:00,27.1,29.9,23.1,0,0,0,156,0,0,0,1.5,3.6,626.6,79,0,0,27.8,68,30,21.3
2026-08-15T23:00:00+05:30,2026-08-15 23:00:00,27.2,30.1,23.3,0,0,0,157,0,0,0,1.5,3.6,626.6,79,0,0,27.8,68,30,21.3
2026-08-15T22:55:00+05:30,2026-08-15 22:55:00,27.1,29.9,23.1,0,0,0,156,0,0,0,1.5,3.6,626.6,79,0,0,27.8,68,30,21.3
2026-08-15T22:50:00+05:30,2026-08-15 22:50:00,27.2,30.1,23.3,0,0,0,156,0,0,0,1.5,3.6,626.6,79,0,0,27.9,68,30.2,21.4
2026-08-15T22:45:00+05:30,2026-08-15 22:45:00,27.2,30.1,23.3,0,0,0,156,0,0,0,1.5,3.6,626.6,79,0,0,27.9,68,30.2,21.4
2026-08-15T22:40:00+05:30,2026-08-15 22:40:00,27.2,30.1,23.3,0,0,0,156,0,0,0,1.5,3.6,626.6,79,0,0,27.9,68,30.2,21.4
2026-08-15T22:35:00+05:30,2026-08-15 22:35:00,27.2,30.1,23.3,0,0,0,156,0,0,0,1.5,3.6,626.6,79,0,0,27.9,68,30.2,21.4
2026-08-15T22:30:00+05:30,2026-08-15 22:30:00,27.2,30.1,23.3,0,0,0,157,0,0,0,1.5,3.6,626.6,79,0,0,28,68,30.4,21.6
2026-08-15T22:25:00+05:30,2026-08-15 22:25:00,27.2,30.1,23.3,0,0,0,157,0,0,0,1.5,3.6,626.6,79,0,0,28,68,30.4,21.6
2026-08-15T22:20:00+05:30,2026-08-15 22:20:00,27.3,30.3,23.3,0,0,0,157,0,0,0,1.5,3.6,626.6,79,0,0,28,68,30.4,21.6
2026-08-15T22:15:00+05:30,2026-08-15 22:15:00,27.3,30.3,23.3,0,0,0,157,0,0,0,1.5,3.6,626.6,79,0,0,28,68,30.4,21.6
2026-08-15T22:10:00+05:30,2026-08-15 22:10:00,27.4,30.5,23.4,0,0,0,157,0,0,0,1.5,3.6,626.6,79,0,0,28.1,68,30.6,21.6
2026-08-15T22:05:00+05:30,2026-08-15 22:05:00,27.4,30.5,23.4,0,0,0,157,0,0,0,1.5,3.6,626.6,79,0,0,28.1,68,30.6,21.6
2026-08-15T22:01:00+05:30,2026-08-15 22:01:00,27.4,30.5,23.4,0,0,0,157,0,0,0,1.5,3.6,626.6,79,0,0,28.1,68,30.6,21.6
2026-08-15T21:55:00+05:30,2026-08-15 21:55:00,27.4,30.4,23.2,0,0,0,157,0,0,0,1.5,3.6,626.6,78,0,0,28.1,68,30.6,21.6
2026-08-15T21:50:00+05:30,2026-08-15 21:50:00,27.4,30.4,23.2,0,0,0,157,0,0,0,1.5,3.6,626.6,78,0,0,28.1,68,30.6,21.6
2026-08-15T21:45:00+05:30,2026-08-15 21:45:00,27.4,30.4,23.2,0,0,0,157,0,0,0,1.5,3.6,626.6,78,0,0,28.2,68,30.8,21.7
2026-08-15T21:40:00+05:30,2026-08-15 21:40:00,27.4,30.4,23.2,0,0,0,156,0,0,0,1.5,3.6,626.6,78,0,0,28.2,68,30.8,21.7
2026-08-15T21:35:00+05:30,2026-08-15 21:35:00,27.5,30.6,23.3,0,0,0,157,0,0,0,1.5,3.6,626.6,78,0,0,28.2,68,30.8,21.7
2026-08-15T21:30:00+05:30,2026-08-15 21:30:00,27.5,30.6,23.3,0,0,0,157,0,0,0,1.5,3.6,626.6,78,0,0,28.2,67,30.7,21.5
2026-08-15T21:25:00+05:30,2026-08-15 21:25:00,27.6,30.9,23.4,0,0,0,157,0,0,0,1.5,3.6,626.6,78,0,0,28.2,67,30.7,21.5
2026-08-15T21:20:00+05:30,2026-08-15 21:20:00,27.6,30.8,23.2,0,0,0,157,0,0,0,1.5,3.6,626.6,77,0,0,28.3,67,30.8,21.6
2026-08-15T21:15:00+05:30,2026-08-15 21:15:00,27.6,30.8,23.2,0,0,0,157,0,0,0,1.5,3.6,626.6,77,0,0,28.3,67,30.8,21.6
2026-08-15T21:10:00+05:30,2026-08-15 21:10:00,27.7,31,23.3,0,0,0,157,0,0,0,1.5,3.6,626.6,77,0,0,28.3,67,30.8,21.6
2026-08-15T21:05:00+05:30,2026-08-15 21:05:00,27.7,31,23.3,0,0,0,157,0,0,0,1.5,3.6,626.6,77,0,0,28.3,67,30.8,21.6
2026-08-15T21:00:00+05:30,2026-08-15 21:00:00,27.8,31.1,23.4,0,0,0,157,0,0,0,1.5,3.6,626.6,77,0,0,28.4,67,31,21.7
2026-08-15T20:55:00+05:30,2026-08-15 20:55:00,27.8,31.1,23.4,0,0,0,157,0,0,0,1.5,3.6,626.6,77,0,0,28.4,67,31,21.7
2026-08-15T20:50:00+05:30,2026-08-15 20:50:00,27.8,31,23.1,0,0,0,157,0,0,0,1.5,3.6,626.6,76,0,0,28.4,67,31,21.7
2026-08-15T20:45:00+05:30,2026-08-15 20:45:00,27.9,31.3,23.3,0,0,0,157,0,0,0,1.5,3.6,626.6,76,0,0,28.4,67,31,21.7
2026-08-15T20:40:00+05:30,2026-08-15 20:40:00,27.9,31.3,23.3,0,0,0,157,0,0,0,1.5,3.6,626.6,76,0,0,28.5,67,31.2,21.8
2026-08-15T20:35:00+05:30,2026-08-15 20:35:00,27.9,31.3,23.3,0,0,0,157,0,0,0,1.5,3.6,626.6,76,0,0,28.5,66,31.1,21.5
2026-08-15T20:30:00+05:30,2026-08-15 20:30:00,27.9,31.3,23.3,0,0,0,157,0,0,0,1.5,3.6,626.6,76,0,0,28.5,66,31.1,21.5
2026-08-15T20:25:00+05:30,2026-08-15 20:25:00,27.9,31.3,23.3,0,0,0,157,0,0,0,1.5,3.6,626.6,76,0,0,28.5,66,31.1,21.5
2026-08-15T20:20:00+05:30,2026-08-15 20:20:00,27.9,31.3,23.3,0,0,0,157,0,0,0,1.5,3.6,626.6,76,0,0,28.6,66,31.3,21.6
2026-08-15T20:15:00+05:30,2026-08-15 20:15:00,28,31.5,23.4,0,0,0,157,0,0,0,1.5,3.6,626.6,76,0,0,28.6,66,31.3,21.6
2026-08-15T20:10:00+05:30,2026-08-15 20:10:00,28,31.5,23.4,0,0,0,156,0,0,0,1.5,3.6,626.6,76,0,0,28.6,66,31.3,21.6
2026-08-15T20:05:00+05:30,2026-08-15 20:05:00,28,31.5,23.4,0,0,0,156,0,0,0,1.5,3.6,626.6,76,0,0,28.7,66,31.4,21.7
2026-08-15T20:00:00+05:30,2026-08-15 20:00:00,28,31.5,23.4,0,0,0,156,0,0,0,1.5,3.6,626.6,76,0,0,28.7,66,31.4,21.7
2026-08-15T19:55:00+05:30,2026-08-15 19:55:00,28,31.4,23.1,0,0,0,157,0,0,0,1.5,3.6,626.6,75,0,0,28.7,66,31.4,21.7
2026-08-15T19:50:00+05:30,2026-08-15 19:50:00,28.1,31.6,23.3,0,0,0,157,0,0,0,1.5,3.6,626.6,75,0,0,28.8,66,31.6,21.8
2026-08-15T19:45:00+05:30,2026-08-15 19:45:00,28.1,31.6,23.3,0,0,0,157,0,0,0,1.5,3.6,626.6,75,0,0,28.8,66,31.6,21.8
2026-08-15T19:40:00+05:30,2026-08-15 19:40:00,28.1,31.6,23.3,0,0,0,157,0,0,0,1.5,3.6,626.6,75,0,0,28.8,66,31.6,21.8
2026-08-15T19:36:00+05:30,2026-08-15 19:36:00,28.2,31.9,23.4,0,0,0,157,0,0,0,1.5,3.6,626.6,75,0,0,28.8,66,31.6,21.8
2026-08-15T19:30:00+05:30,2026-08-15 19:30:00,28.2,31.9,23.4,0,0,0,156,0,0,0,1.5,3.6,626.6,75,0,0,28.9,66,31.8,21.9
2026-08-15T19:25:00+05:30,2026-08-15 19:25:00,28.2,31.9,23.4,0,0,0,157,0,0,0,1.5,3.6,626.6,75,0,0,28.9,66,31.8,21.9
2026-08-15T19:20:00+05:30,2026-08-15 19:20:00,28.2,31.9,23.4,0,0,0,157,0,0,0,1.5,3.6,626.6,75,0,0,28.9,66,31.8,21.9
2026-08-15T19:15:00+05:30,2026-08-15 19:15:00,28.3,32,23.4,0,0,0,157,0,0,0,1.5,3.6,626.6,75,0,0,28.9,66,31.8,21.9
2026-08-15T19:10:00+05:30,2026-08-15 19:10:00,28.3,32,23.4,0,0,0,157,0,0,0,1.5,3.6,626.6,75,0,0,29,66,32,22
2026-08-15T19:05:00+05:30,2026-08-15 19:05:00,28.3,32,23.4,0,0,0,157,0,0,0,1.5,3.6,626.6,75,0,0,29,65,31.8,21.7
2026-08-15T19:00:00+05:30,2026-08-15 19:00:00,28.3,31.8,23.2,0,0,0,157,0,0,0,1.5,3.6,626.6,74,0,0,29,65,31.8,21.7
2026-08-15T18:55:00+05:30,2026-08-15 18:55:00,28.3,31.8,23.2,0,0,0,157,0,0,0,1.5,3.6,626.6,74,0,0,29.1,65,32.1,21.8
2026-08-15T18:50:00+05:30,2026-08-15 18:50:00,28.4,32.1,23.3,0,0,0,157,0,0,0,1.5,3.6,626.6,74,0,0,29,65,31.8,21.7
2026-08-15T18:45:00+05:30,2026-08-15 18:45:00,28.4,32.1,23.3,0,0,0,157,0,0,0,1.5,3.6,626.6,74,0,0,29.1,65,32.1,21.8
2026-08-15T18:40:00+05:30,2026-08-15 18:40:00,28.4,32.1,23.3,0,0,0,157,0,0,0,1.5,3.6,626.6,74,0,0,29.1,65,32.1,21.8
2026-08-15T18:35:00+05:30,2026-08-15 18:35:00,28.4,32.1,23.3,0,0,0,157,0,0,0,1.5,3.6,626.6,74,0,0,29.2,65,32.3,21.9
2026-08-15T18:31:00+05:30,2026-08-15 18:31:00,28.5,32.3,23.4,0,0,0,157,0,0,0,1.5,3.6,626.6,74,0,0,29.2,65,32.3,21.9
2026-08-15T18:25:00+05:30,2026-08-15 18:25:00,28.5,32.3,23.4,0,0,0,157,0,0,0,1.5,3.6,626.6,74,0,0,29.2,65,32.3,21.9
2026-08-15T18:20:00+05:30,2026-08-15 18:20:00,28.5,32.3,23.4,0,0,0,157,0,0,0,1.5,3.6,626.6,74,0,0,29.3,65,32.4,22
2026-08-15T18:15:00+05:30,2026-08-15 18:15:00,28.5,32.3,23.4,0,0,0,156,0,0,0,1.5,3.6,626.6,74,0,0,29.4,65,32.6,22.1
2026-08-15T18:10:00+05:30,2026-08-15 18:10:00,28.6,32.6,23.5,0,0,0,156,0,0,0,1.5,3.6,626.6,74,0,0,29.4,65,32.6,22.1
2026-08-15T18:05:00+05:30,2026-08-15 18:05:00,28.6,32.6,23.5,0,0,0,156,0,0,0,1.5,3.6,626.6,74,0,0,29.4,65,32.6,22.1
2026-08-15T18:00:00+05:30,2026-08-15 18:00:00,28.6,32.6,23.5,0,0,0,156,0,0,0,1.5,3.6,626.6,74,0,0,29.5,64,32.7,21.9
2026-08-15T17:55:00+05:30,2026-08-15 17:55:00,28.6,32.6,23.5,0,0,0,156,0,0,0,1.5,3.6,626.6,74,0,0,29.5,64,32.7,21.9
2026-08-15T17:50:00+05:30,2026-08-15 17:50:00,28.6,32.6,23.5,0,0,0,156,0,0,0,1.5,3.6,626.6,74,0,0,29.5,64,32.7,21.9
2026-08-15T17:45:00+05:30,2026-08-15 17:45:00,28.6,32.6,23.5,0,0,0,156,0,0,0,1.5,3.6,626.6,74,0,0,29.6,64,32.9,22.1
2026-08-15T17:40:00+05:30,2026-08-15 17:40:00,28.7,32.8,23.6,0,0,0,156,0,0,0,1.5,3.6,626.6,74,0,0,29.6,65,33.1,22.3
2026-08-15T17:35:00+05:30,2026-08-15 17:35:00,28.7,32.8,23.6,0,0,0,157,0,0,0,1.5,3.6,626.6,74,0,0,29.7,65,33.3,22.4
2026-08-15T17:30:00+05:30,2026-08-15 17:30:00,28.7,32.8,23.6,0,0,0,156,0,0,0,1.5,3.6,626.6,74,0,0,29.7,65,33.3,22.4
2026-08-15T17:26:00+05:30,2026-08-15 17:26:00,28.7,33,23.8,0,0,0,156,0,0,0,1.5,3.6,626.6,75,0,0.1,29.8,65,33.4,22.5
2026-08-15T17:20:00+05:30,2026-08-15 17:20:00,28.7,33,23.8,0,0,0,156,0,0,0,1.5,3.6,626.6,75,0,0,29.9,65,33.7,22.6
2026-08-15T17:15:00+05:30,2026-08-15 17:15:00,28.7,33,23.8,0,0,0,156,0,0,0,1.5,3.6,626.6,75,0,0.1,29.9,65,33.7,22.6
2026-08-15T17:10:00+05:30,2026-08-15 17:10:00,28.7,33,23.8,0,0,0,156,0,0,0,1.5,3.6,626.6,75,0,0.3,29.9,65,33.7,22.6
2026-08-15T17:05:00+05:30,2026-08-15 17:05:00,28.7,33,23.8,0,0,0,157,0,0,0,1.5,3.6,626.6,75,0,0,29.9,65,33.7,22.6
2026-08-15T17:00:00+05:30,2026-08-15 17:00:00,28.7,33,23.8,0,0,0,156,0,0,0,1.5,3.6,626.6,75,0,0.3,29.9,65,33.7,22.6
2026-08-15T16:55:00+05:30,2026-08-15 16:55:00,28.7,33,23.8,0,0,0,157,0,0,0,1.5,3.6,626.6,75,0,0.4,30,65,33.9,22.7
2026-08-15T16:50:00+05:30,2026-08-15 16:50:00,28.7,33,23.8,0,0,0,157,0,0,0,1.5,3.6,626.6,75,0,0.1,30,64,33.7,22.4
2026-08-15T16:45:00+05:30,2026-08-15 16:45:00,28.7,33,23.8,0,0,0,157,0,0,0,1.5,3.6,626.6,75,0,0.1,30.1,64,33.9,22.6
2026-08-15T16:40:00+05:30,2026-08-15 16:40:00,28.7,33,23.8,0,0,0,157,0,0,0,1.5,3.6,626.6,75,0,0,30.1,65,34.1,22.8
2026-08-15T16:35:00+05:30,2026-08-15 16:35:00,28.8,33.2,23.9,0,0,0,157,0,0,0,1.5,3.6,626.6,75,0,0.1,30.1,64,33.9,22.6
2026-08-15T16:30:00+05:30,2026-08-15 16:30:00,28.8,33.2,23.9,0,0,0,156,0,0,0,1.5,3.6,626.6,75,0,0.1,30.2,65,34.4,22.9
2026-08-15T16:25:00+05:30,2026-08-15 16:25:00,28.7,33,23.8,0,0,0,156,0,0,0,1.5,3.6,626.6,75,0,0.1,30.2,65,34.4,22.9
2026-08-15T16:21:00+05:30,2026-08-15 16:21:00,28.7,33,23.8,0,0,0,156,0,0,0,1.5,3.6,626.6,75,0,0.1,30.2,65,34.4,22.9
2026-08-15T16:15:00+05:30,2026-08-15 16:15:00,28.8,33.2,23.9,0,0,0,156,0,0,0,1.5,3.6,626.6,75,0,0.1,30.2,65,34.4,22.9
2026-08-15T16:10:00+05:30,2026-08-15 16:10:00,28.7,33,23.8,0,0,0,156,0,0,0,1.5,3.6,626.6,75,0,0.1,30.2,65,34.4,22.9
2026-08-15T16:05:00+05:30,2026-08-15 16:05:00,28.8,33.2,23.9,0,0,0,156,0,0,0,1.5,3.6,626.6,75,0,0.1,30.2,65,34.4,22.9
2026-08-15T16:00:00+05:30,2026-08-15 16:00:00,28.8,33.3,24.1,0,0,0,156,0,0,0,1.5,3.6,626.6,76,0,0.1,30.2,65,34.4,22.9
2026-08-15T15:55:00+05:30,2026-08-15 15:55:00,28.8,33.3,24.1,0,0,0,156,0,0,0,1.5,3.6,626.6,76,0,0.1,30.2,65,34.4,22.9
2026-08-15T15:50:00+05:30,2026-08-15 15:50:00,28.8,33.3,24.1,0,0,0,156,0,0,0,1.5,3.6,626.6,76,0,0.1,30.3,65,34.5,22.9
2026-08-15T15:45:00+05:30,2026-08-15 15:45:00,28.8,33.3,24.1,0,0,0,156,0,0,0,1.5,3.6,626.6,76,0,0.1,30.3,65,34.5,22.9
2026-08-15T15:40:00+05:30,2026-08-15 15:40:00,28.7,33.2,24.1,0,0,0,156,0,0,0,1.5,3.6,626.6,76,0,0.2,30.3,65,34.5,22.9
2026-08-15T15:35:00+05:30,2026-08-15 15:35:00,28.7,33.2,24.1,0,0,0,156,0,0,0,1.5,3.6,626.6,76,0,0.2,30.2,66,34.6,23.2
2026-08-15T15:30:00+05:30,2026-08-15 15:30:00,28.7,33.2,24.1,0,0,0,156,0,0,0,1.5,3.6,626.6,76,0,0.2,30.2,65,34.4,22.9
2026-08-15T15:25:00+05:30,2026-08-15 15:25:00,28.7,33.2,24.1,0,0,0,156,0,0,0,1.5,3.6,626.6,76,0,0.3,30.2,65,34.4,22.9
2026-08-15T15:20:00+05:30,2026-08-15 15:20:00,28.6,32.9,24,0,0,0,156,0,0,0,1.5,3.6,626.6,76,0,0.3,30.2,65,34.4,22.9
2026-08-15T15:15:00+05:30,2026-08-15 15:15:00,28.6,33.1,24.2,0,0,0,156,0,0,0,1.5,3.6,626.6,77,0,0.3,30.2,65,34.4,22.9
2026-08-15T15:10:00+05:30,2026-08-15 15:10:00,28.6,33.1,24.2,0,0,0,156,0,0,0,1.5,3.6,626.6,77,0,0.3,30.1,66,34.3,23.1
2026-08-15T15:05:00+05:30,2026-08-15 15:05:00,28.6,33.1,24.2,0,0,0,156,0,0,0,1.5,3.6,626.6,77,0,0.1,30.1,66,34.3,23.1
2026-08-15T15:01:00+05:30,2026-08-15 15:01:00,28.6,33.1,24.2,0,0,0,156,0,0,0,1.5,3.6,626.6,77,0,0.1,30.1,66,34.3,23.1
2026-08-15T14:55:00+05:30,2026-08-15 14:55:00,28.5,32.8,24.1,0,0,0,156,0,0,0,1.5,3.6,626.6,77,0,0.2,30.1,66,34.3,23.1
2026-08-15T14:50:00+05:30,2026-08-15 14:50:00,28.5,32.8,24.1,0,0,0,156,0,0,0,1.5,3.6,626.6,77,0,0.2,30.1,66,34.3,23.1
2026-08-15T14:45:00+05:30,2026-08-15 14:45:00,28.5,32.8,24.1,0,0,0,156,0,0,0,1.5,3.6,626.6,77,0,0.1,30.1,66,34.3,23.1
2026-08-15T14:40:00+05:30,2026-08-15 14:40:00,28.5,32.8,24.1,0,0,0,156,0,0,0,1.5,3.6,626.6,77,0,0.1,30.1,66,34.3,23.1
2026-08-15T14:35:00+05:30,2026-08-15 14:35:00,28.4,32.4,23.7,0,0,0,156,0,0,0,1.5,3.6,626.6,76,0,0.1,30.1,66,34.3,23.1
2026-08-15T14:30:00+05:30,2026-08-15 14:30:00,28.4,32.4,23.7,0,0,0,156,0,0,0,1.5,3.6,626.6,76,0,0.1,30,66,34.1,22.9
2026-08-15T14:25:00+05:30,2026-08-15 14:25:00,28.4,32.4,23.7,0,0,0,156,0,0,0,1.5,3.6,626.6,76,0,0.1,30,66,34.1,22.9
2026-08-15T14:20:00+05:30,2026-08-15 14:20:00,28.4,32.6,24,0,0,0,156,0,0,0,1.5,3.6,626.6,77,0,0.1,30,66,34.1,22.9
2026-08-15T14:15:00+05:30,2026-08-15 14:15:00,28.3,32.3,23.8,0,0,0,156,0,0,0,1.5,3.6,626.6,77,0,0.1,29.9,66,33.8,22.8
2026-08-15T14:10:00+05:30,2026-08-15 14:10:00,28.3,32.3,23.8,0,0,0,156,0,0,0,1.5,3.6,626.6,77,0,0.1,29.9,66,33.8,22.8
2026-08-15T14:05:00+05:30,2026-08-15 14:05:00,28.3,32.5,24.1,0,0,0,156,0,0,0,1.5,3.6,626.6,78,0,0.1,29.9,67,34.1,23.1
2026-08-15T14:00:00+05:30,2026-08-15 14:00:00,28.3,32.5,24.1,0,0,0,156,0,0,0,1.5,3.6,626.6,78,0,0.1,29.8,67,33.8,23
2026-08-15T13:56:00+05:30,2026-08-15 13:56:00,28.3,32.5,24.1,0,0,0,156,0,0,0,1.5,3.6,626.6,78,0,0.1,29.8,67,33.8,23
2026-08-15T13:50:00+05:30,2026-08-15 13:50:00,28.2,32.3,24,0,0,0,156,0,0,0,1.5,3.6,626.6,78,0,0.1,29.7,67,33.7,22.9
2026-08-15T13:45:00+05:30,2026-08-15 13:45:00,28.2,32.3,24,0,0,0,156,0,0,0,1.5,3.6,626.6,78,0,0.1,29.6,68,33.7,23.1
2026-08-15T13:40:00+05:30,2026-08-15 13:40:00,28.2,32.3,24,0,0,0,156,0,0,0,1.5,3.6,626.6,78,0,0.1,29.6,68,33.7,23.1
2026-08-15T13:35:00+05:30,2026-08-15 13:35:00,28.2,32.5,24.2,0,0,0,156,0,0,0,1.5,3.6,626.6,79,0,0.1,29.6,68,33.7,23.1
2026-08-15T13:30:00+05:30,2026-08-15 13:30:00,28.1,32.2,24.1,0,0,0,156,0,0,0,1.5,3.6,626.6,79,0,0.1,29.5,68,33.4,22.9
2026-08-15T13:25:00+05:30,2026-08-15 13:25:00,28.1,32.2,24.1,0,0,0,156,0,0,0,1.5,3.6,626.6,79,0,0.1,29.4,69,33.4,23.1
2026-08-15T13:20:00+05:30,2026-08-15 13:20:00,28.1,32.2,24.1,0,0,0,156,0,0,0,1.5,3.6,626.6,79,0,0.2,29.4,69,33.4,23.1
2026-08-15T13:15:00+05:30,2026-08-15 13:15:00,28,31.9,24,0,0,0,156,0,0,0,1.5,3.6,626.6,79,0,0.1,29.3,69,33.2,23
2026-08-15T13:10:00+05:30,2026-08-15 13:10:00,28,31.9,24,0,0,0,156,0,0,0,1.5,3.6,626.6,79,0,0.1,29.2,69,33,22.9
2026-08-15T13:05:00+05:30,2026-08-15 13:05:00,28,31.9,24,0,0,0,156,0,0,0,1.5,3.6,626.6,79,0,0.1,29.1,69,32.8,22.8
2026-08-15T13:00:00+05:30,2026-08-15 13:00:00,28,31.9,24,0,0,0,156,0,0,0,1.5,3.6,626.6,79,0,0.1,29,70,32.7,22.9
2026-08-15T12:55:00+05:30,2026-08-15 12:55:00,27.9,31.7,23.9,0,0,0,156,0,0,0,1.5,3.6,626.6,79,0,0.1,29,70,32.7,22.9
2026-08-15T12:51:00+05:30,2026-08-15 12:51:00,27.9,31.7,23.9,0,0,0,156,0,0,0,1.5,3.6,626.6,79,0,0.1,28.9,69,32.3,22.6
2026-08-15T12:45:00+05:30,2026-08-15 12:45:00,27.9,31.7,23.9,0,0,0,156,0,0,0,1.5,3.6,626.6,79,0,0.1,28.9,70,32.5,22.8
2026-08-15T12:40:00+05:30,2026-08-15 12:40:00,27.8,31.4,23.8,0,0,0,156,0,0,0,1.5,3.6,626.6,79,0,0.1,28.7,70,32.1,22.7
2026-08-15T12:35:00+05:30,2026-08-15 12:35:00,27.8,31.4,23.8,0,0,0,156,0,0,0,1.5,3.6,626.6,79,0,0.2,28.6,70,31.9,22.6
2026-08-15T12:30:00+05:30,2026-08-15 12:30:00,27.8,31.4,23.8,0,0,0,156,0,0,0,1.5,3.6,626.6,79,0,0.1,28.6,70,31.9,22.6
2026-08-15T12:25:00+05:30,2026-08-15 12:25:00,27.7,31.3,23.7,0,0,0,156,0,0,0,1.5,3.6,626.6,79,0,0.2,28.5,70,31.7,22.5
2026-08-15T12:20:00+05:30,2026-08-15 12:20:00,27.7,31.4,23.9,0,0,0,156,0,0,0,1.5,3.6,626.6,80,0,0.2,28.4,70,31.4,22.4
2026-08-15T12:15:00+05:30,2026-08-15 12:15:00,27.7,31.4,23.9,0,0,0,156,0,0,0,1.5,3.6,626.6,80,0,0.1,28.3,71,31.4,22.5
2026-08-15T12:10:00+05:30,2026-08-15 12:10:00,27.7,31.4,23.9,0,0,0,156,0,0,0,1.5,3.6,626.6,80,0,0.1,28.2,71,31.2,22.4
2026-08-15T12:05:00+05:30,2026-08-15 12:05:00,27.6,31.1,23.8,0,0,0,156,0,0,0,1.5,3.6,626.6,80,0,0.1,28.1,71,31,22.3
2026-08-15T12:00:00+05:30,2026-08-15 12:00:00,27.6,31.1,23.8,0,0,0,156,0,0,0,1.5,3.6,626.6,80,0,0.1,28.1,71,31,22.3
2026-08-15T11:55:00+05:30,2026-08-15 11:55:00,27.6,31,23.6,0,0,0,156,0,0,0,1.5,3.6,626.6,79,0,0.1,28,71,30.8,22.2
2026-08-15T11:50:00+05:30,2026-08-15 11:50:00,27.6,31,23.6,0,0,0,156,0,0,0,1.5,3.6,626.6,79,0,0.1,28,71,30.8,22.2
2026-08-15T11:45:00+05:30,2026-08-15 11:45:00,27.6,31,23.6,0,0,0,156,0,0,0,1.5,3.6,626.6,79,0,0,28,71,30.8,22.2
2026-08-15T11:40:00+05:30,2026-08-15 11:40:00,27.5,30.8,23.5,0,0,0,156,0,0,0,1.5,3.6,626.6,79,0,0,27.9,71,30.6,22.1
2026-08-15T11:35:00+05:30,2026-08-15 11:35:00,27.5,30.8,23.5,0,0,0,156,0,0,0,1.5,3.6,626.6,79,0,0.1,27.8,71,30.4,22
2026-08-15T11:31:00+05:30,2026-08-15 11:31:00,27.5,30.8,23.5,0,0,0,156,0,0,0,1.5,3.6,626.6,79,0,0.1,27.8,71,30.4,22
2026-08-15T11:25:00+05:30,2026-08-15 11:25:00,27.5,30.8,23.5,0,0,0,156,0,0,0,1.5,3.6,626.6,79,0,0.1,27.7,72,30.4,22.2
2026-08-15T11:20:00+05:30,2026-08-15 11:20:00,27.5,30.8,23.5,0,0,0,156,0,0,0,1.5,3.6,626.6,79,0,0.1,27.6,72,30.2,22.1
2026-08-15T11:15:00+05:30,2026-08-15 11:15:00,27.4,30.5,23.4,0,0,0,156,0,0,0,1.5,3.6,626.6,79,0,0.1,27.6,72,30.2,22.1
2026-08-15T11:10:00+05:30,2026-08-15 11:10:00,27.4,30.5,23.4,0,0,0,156,0,0,0,1.5,3.6,626.6,79,0,0.1,27.5,72,29.9,22
2026-08-15T11:05:00+05:30,2026-08-15 11:05:00,27.4,30.5,23.4,0,0,0,156,0,0,0,1.5,3.6,626.6,79,0,0.1,27.4,72,29.7,21.9
2026-08-15T11:00:00+05:30,2026-08-15 11:00:00,27.4,30.5,23.4,0,0,0,156,0,0,0,1.5,3.6,626.6,79,0,0.1,27.4,72,29.7,21.9
2026-08-15T10:55:00+05:30,2026-08-15 10:55:00,27.3,30.3,23.3,0,0,0,156,0,0,0,1.5,3.6,626.6,79,0,0.1,27.3,72,29.6,21.8
2026-08-15T10:50:00+05:30,2026-08-15 10:50:00,27.3,30.3,23.3,0,0,0,156,0,0,0,1.5,3.6,626.6,79,0,0.1,27.2,72,29.4,21.7
2026-08-15T10:45:00+05:30,2026-08-15 10:45:00,27.3,30.3,23.3,0,0,0,156,0,0,0,1.5,3.6,626.6,79,0,0.1,27.2,72,29.4,21.7
2026-08-15T10:40:00+05:30,2026-08-15 10:40:00,27.3,30.3,23.3,0,0,0,156,0,0,0,1.5,3.6,626.6,79,0,0.1,27.1,72,29.2,21.6
2026-08-15T10:35:00+05:30,2026-08-15 10:35:00,27.2,30.1,23.3,0,0,0,156,0,0,0,1.5,3.6,626.6,79,0,0.1,27.1,72,29.2,21.6
2026-08-15T10:30:00+05:30,2026-08-15 10:30:00,27.2,30.1,23.3,0,0,0,156,0,0,0,1.5,3.6,626.6,79,0,0.1,27.1,72,29.2,21.6
2026-08-15T10:26:00+05:30,2026-08-15 10:26:00,27.2,30.1,23.3,0,0,0,156,0,0,0,1.5,3.6,626.6,79,0,0.1,27.1,72,29.2,21.6
2026-08-15T10:20:00+05:30,2026-08-15 10:20:00,27.2,30.1,23.3,0,0,0,156,0,0,0,1.5,3.6,626.6,79,0,0.1,27.1,72,29.2,21.6
2026-08-15T10:15:00+05:30,2026-08-15 10:15:00,27.2,30.1,23.3,0,0,0,156,0,0,0,1.5,3.6,626.6,79,0,0.1,27,72,29,21.5
2026-08-15T10:10:00+05:30,2026-08-15 10:10:00,27.2,30.1,23.3,0,0,0,156,0,0,0,1.5,3.6,626.6,79,0,0.1,27,72,29,21.5
2026-08-15T10:05:00+05:30,2026-08-15 10:05:00,27.2,30.1,23.3,0,0,0,156,0,0,0,1.5,3.6,626.6,79,0,0.1,27,72,29,21.5
2026-08-15T10:00:00+05:30,2026-08-15 10:00:00,27.1,29.9,23.1,0,0,0,156,0,0,0,1.5,3.6,626.6,79,0,0.1,26.9,72,28.8,21.4
2026-08-15T09:55:00+05:30,2026-08-15 09:55:00,27.1,29.9,23.1,0,0,0,156,0,0,0,1.5,3.6,626.6,79,0,0.1,26.9,72,28.8,21.4
2026-08-15T09:50:00+05:30,2026-08-15 09:50:00,27.1,29.9,23.1,0,0,0,156,0,0,0,1.5,3.6,626.6,79,0,0.1,26.9,72,28.8,21.4
2026-08-15T09:45:00+05:30,2026-08-15 09:45:00,27.1,29.9,23.1,0,0,0,156,0,0,0,1.5,3.6,626.6,79,0,0.1,26.8,72,28.6,21.3
2026-08-15T09:40:00+05:30,2026-08-15 09:40:00,27.1,29.9,23.1,0,0,0,156,0,0,0,1.5,3.6,626.6,79,0,0.1,26.8,72,28.6,21.3
2026-08-15T09:35:00+05:30,2026-08-15 09:35:00,27,29.6,23,0,0,0,156,0,0,0,1.5,3.6,626.6,79,0,0.1,26.8,72,28.6,21.3
2026-08-15T09:30:00+05:30,2026-08-15 09:30:00,27,29.7,23.2,0,0,0,156,0,0,0,1.5,3.6,626.6,80,0,0.1,26.8,72,28.6,21.3
2026-08-15T09:25:00+05:30,2026-08-15 09:25:00,27,29.7,23.2,0,0,0,156,0,0,0,1.5,3.6,626.6,80,0,0.1,26.7,72,28.6,21.2
2026-08-15T09:21:00+05:30,2026-08-15 09:21:00,27,29.7,23.2,0,0,0,156,0,0,0,1.5,3.6,626.6,80,0,0.1,26.7,73,28.6,21.4
2026-08-15T09:15:00+05:30,2026-08-15 09:15:00,26.9,29.5,23.1,0,0,0,156,0,0,0,1.5,3.6,626.6,80,0,0.1,26.7,73,28.6,21.4
2026-08-15T09:10:00+05:30,2026-08-15 09:10:00,26.9,29.5,23.1,0,0,0,156,0,0,0,1.5,3.6,626.6,80,0,0.2,26.6,73,27.2,21.4
2026-08-15T09:05:00+05:30,2026-08-15 09:05:00,26.9,29.5,23.1,0,0,0,156,0,0,0,1.5,3.6,626.6,80,0,0.2,26.6,73,27.2,21.4
2026-08-15T09:00:00+05:30,2026-08-15 09:00:00,26.9,29.5,23.1,0,0,0,156,0,0,0,1.5,3.6,626.6,80,0,0.1,26.6,73,27.2,21.4
2026-08-15T08:55:00+05:30,2026-08-15 08:55:00,26.8,29.3,23,0,0,0,156,0,0,0,1.5,3.6,626.6,80,0,0.1,26.5,73,27.1,21.3
2026-08-15T08:50:00+05:30,2026-08-15 08:50:00,26.8,29.3,23,0,0,0,156,0,0,0,1.5,3.6,626.6,80,0,0.1,26.5,73,27.1,21.3
2026-08-15T08:45:00+05:30,2026-08-15 08:45:00,26.8,29.3,23,0,0,0,156,0,0,0,1.5,3.6,626.6,80,0,0.1,26.5,73,27.1,21.3
2026-08-15T08:40:00+05:30,2026-08-15 08:40:00,26.7,29.1,23,0,0,0,156,0,0,0,1.5,3.6,626.6,80,0,0.1,26.5,72,27.1,21.1
2026-08-15T08:35:00+05:30,2026-08-15 08:35:00,26.7,29.1,23,0,0,0,156,0,0,0,1.5,3.6,626.6,80,0,0.1,26.4,72,26.9,20.9
2026-08-15T08:30:00+05:30,2026-08-15 08:30:00,26.7,29.1,23,0,0,0,156,0,0,0,1.5,3.6,626.6,80,0,0.1,26.4,72,26.9,20.9
2026-08-15T08:25:00+05:30,2026-08-15 08:25:00,26.7,29.1,23,0,0,0,156,0,0,0,1.5,3.6,626.6,80,0,0.1,26.4,72,26.9,20.9
2026-08-15T08:20:00+05:30,2026-08-15 08:20:00,26.6,27.4,22.9,0,0,0,156,0,0,0,1.5,3.6,626.6,80,0,0.1,26.4,72,26.9,20.9
2026-08-15T08:15:00+05:30,2026-08-15 08:15:00,26.6,27.4,22.9,0,0,0,156,0,0,0,1.5,3.6,626.6,80,0,0,26.4,72,26.9,20.9
2026-08-15T08:10:00+05:30,2026-08-15 08:10:00,26.6,27.4,22.9,0,0,0,156,0,0,0,1.5,3.6,626.6,80,0,0,26.4,72,26.9,20.9
2026-08-15T08:05:00+05:30,2026-08-15 08:05:00,26.6,27.4,22.9,0,0,0,156,0,0,0,1.5,3.6,626.6,80,0,0.1,26.4,72,26.9,20.9
2026-08-15T08:00:00+05:30,2026-08-15 08:00:00,26.6,27.4,22.9,0,0,0,156,0,0,0,1.5,3.6,626.6,80,0,0.1,26.4,72,26.9,20.9
2026-08-15T07:55:00+05:30,2026-08-15 07:55:00,26.6,27.4,22.9,0,0,0,156,0,0,0,1.5,3.6,626.6,80,0,0,26.4,72,26.9,20.9
2026-08-15T07:50:00+05:30,2026-08-15 07:50:00,26.6,27.4,22.9,0,0,0,156,0,0,0,1.5,3.6,626.6,80,0,0.1,26.4,72,26.9,20.9
2026-08-15T07:45:00+05:30,2026-08-15 07:45:00,26.5,27.3,22.8,0,0,0,156,0,0,0,1.5,3.6,626.6,80,0,0.1,26.3,72,26.8,20.8
2026-08-15T07:40:00+05:30,2026-08-15 07:40:00,26.5,27.3,22.8,0,0,0,156,0,0,0,1.5,3.6,626.6,80,0,0.1,26.3,72,26.8,20.8
2026-08-15T07:35:00+05:30,2026-08-15 07:35:00,26.4,27.2,22.7,0,0,0,156,0,0,0,1.5,3.6,626.6,80,0,0.1,26.3,72,26.8,20.8
2026-08-15T07:30:00+05:30,2026-08-15 07:30:00,26.4,27.2,22.7,0,0,0,156,0,0,0,1.5,3.6,626.6,80,0,0,26.3,72,26.8,20.8
2026-08-15T07:25:00+05:30,2026-08-15 07:25:00,26.4,27.2,22.7,0,0,0,156,0,0,0,1.5,3.6,626.6,80,0,0.1,26.3,72,26.8,20.8
2026-08-15T07:20:00+05:30,2026-08-15 07:20:00,26.4,27.2,22.7,0,0,0,156,0,0,0,1.5,3.6,626.6,80,0,0.1,26.2,72,26.8,20.8
2026-08-15T07:15:00+05:30,2026-08-15 07:15:00,26.4,27.2,22.7,0,0,0,156,0,0,0,1.5,3.6,626.6,80,0,0,26.2,72,26.8,20.8
2026-08-15T07:10:00+05:30,2026-08-15 07:10:00,26.3,27.1,22.5,0,0,0,156,0,0,0,1.5,3.6,626.6,80,0,0.1,26.2,72,26.8,20.8
2026-08-15T07:05:00+05:30,2026-08-15 07:05:00,26.3,27.1,22.5,0,0,0,156,0,0,0,1.5,3.6,626.6,80,0,0,26.2,72,26.8,20.8
2026-08-15T07:00:00+05:30,2026-08-15 07:00:00,26.3,27.1,22.5,0,0,0,156,0,0,0,1.5,3.6,626.6,80,0,0,26.2,72,26.8,20.8
2026-08-15T06:56:00+05:30,2026-08-15 06:56:00,26.3,27.1,22.5,0,0,0,156,0,0,0,1.5,3.6,626.6,80,0,0,26.2,72,26.8,20.8
2026-08-15T06:50:00+05:30,2026-08-15 06:50:00,26.2,27,22.5,0,0,0,156,0,0,0,1.5,3.6,626.6,80,0,0,26.2,72,26.8,20.8
2026-08-15T06:45:00+05:30,2026-08-15 06:45:00,26.2,27,22.5,0,0,0,156,0,0,0,1.5,3.6,626.6,80,0,0,26.3,72,26.8,20.8
2026-08-15T06:40:00+05:30,2026-08-15 06:40:00,26.2,27,22.5,0,0,0,156,0,0,0,1.5,3.6,626.6,80,0,0,26.3,72,26.8,20.8
2026-08-15T06:35:00+05:30,2026-08-15 06:35:00,26.2,27,22.5,0,0,0,156,0,0,0,1.5,3.6,626.6,80,0,0,26.3,72,26.8,20.8
2026-08-15T06:30:00+05:30,2026-08-15 06:30:00,26.2,27,22.5,0,0,0,156,0,0,0,1.5,3.6,626.6,80,0,0,26.3,72,26.8,20.8
2026-08-15T06:25:00+05:30,2026-08-15 06:25:00,26.2,27,22.5,0,0,0,156,0,0,0,1.5,3.6,626.6,80,0,0,26.3,72,26.8,20.8
2026-08-15T06:20:00+05:30,2026-08-15 06:20:00,26.2,27,22.5,0,0,0,156,0,0,0,1.5,3.6,626.6,80,0,0,26.3,72,26.8,20.8
2026-08-15T06:15:00+05:30,2026-08-15 06:15:00,26.2,27,22.5,0,0,0,156,0,0,0,1.5,3.6,626.6,80,0,0,26.3,72,26.8,20.8
2026-08-15T06:10:00+05:30,2026-08-15 06:10:00,26.2,27,22.5,0,0,0,156,0,0,0,1.5,3.6,626.6,80,0,0,26.3,72,26.8,20.8
2026-08-15T06:05:00+05:30,2026-08-15 06:05:00,26.3,27.1,22.5,0,0,0,156,0,0,0,1.5,3.6,626.6,80,0,0,26.3,72,26.8,20.8
2026-08-15T06:00:00+05:30,2026-08-15 06:00:00,26.3,27.1,22.5,0,0,0,156,0,0,0,1.5,3.6,626.6,80,0,0,26.3,72,26.8,20.8
2026-08-15T05:55:00+05:30,2026-08-15 05:55:00,26.3,27.1,22.5,0,0,0,156,0,0,0,1.5,3.6,626.6,80,0,0,26.4,72,26.9,20.9
2026-08-15T05:51:00+05:30,2026-08-15 05:51:00,26.3,27.1,22.5,0,0,0,156,0,0,0,1.5,3.6,626.6,80,0,0,26.4,72,26.9,20.9
2026-08-15T05:45:00+05:30,2026-08-15 05:45:00,26.3,27.1,22.5,0,0,0,156,0,0,0,1.5,3.6,626.6,80,0,0,26.4,72,26.9,20.9
2026-08-15T05:40:00+05:30,2026-08-15 05:40:00,26.3,27.1,22.5,0,0,0,156,0,0,0,1.5,3.6,626.6,80,0,0,26.4,72,26.9,20.9
2026-08-15T05:35:00+05:30,2026-08-15 05:35:00,26.4,27.2,22.7,0,0,0,156,0,0,0,1.5,3.6,626.6,80,0,0,26.4,72,26.9,20.9
2026-08-15T05:30:00+05:30,2026-08-15 05:30:00,26.4,27.2,22.7,0,0,0,156,0,0,0,1.5,3.6,626.6,80,0,0,26.4,72,26.9,20.9
2026-08-15T05:25:00+05:30,2026-08-15 05:25:00,26.4,27.2,22.7,0,0,0,156,0,0,0,1.5,3.6,626.6,80,0,0,26.4,72,26.9,20.9
2026-08-15T05:20:00+05:30,2026-08-15 05:20:00,26.4,27.2,22.7,0,0,0,156,0,0,0,1.5,3.6,626.6,80,0,0,26.4,72,26.9,20.9
2026-08-15T05:15:00+05:30,2026-08-15 05:15:00,26.4,27.2,22.7,0,0,0,156,0,0,0,1.5,3.6,626.6,80,0,0,26.5,72,27.1,21.1
2026-08-15T05:10:00+05:30,2026-08-15 05:10:00,26.4,27.2,22.7,0,0,0,156,0,0,0,1.5,3.6,626.6,80,0,0,26.5,72,27.1,21.1
2026-08-15T05:05:00+05:30,2026-08-15 05:05:00,26.4,27.2,22.7,0,0,0,156,0,0,0,1.5,3.6,626.6,80,0,0,26.5,72,27.1,21.1
2026-08-15T05:00:00+05:30,2026-08-15 05:00:00,26.4,27.2,22.7,0,0,0,156,0,0,0,1.5,3.6,626.6,80,0,0,26.5,72,27.1,21.1
2026-08-15T04:55:00+05:30,2026-08-15 04:55:00,26.4,27.2,22.7,0,0,0,156,0,0,0,1.5,3.6,626.6,80,0,0,26.5,72,27.1,21.1
2026-08-15T04:50:00+05:30,2026-08-15 04:50:00,26.4,27.2,22.7,0,0,0,156,0,0,0,1.5,3.6,626.6,80,0,0,26.5,72,27.1,21.1
2026-08-15T04:46:00+05:30,2026-08-15 04:46:00,26.4,27.2,22.7,0,0,0,156,0,0,0,1.5,3.6,626.6,80,0,0,26.5,72,27.1,21.1
2026-08-15T04:40:00+05:30,2026-08-15 04:40:00,26.4,27.2,22.7,0,0,0,156,0,0,0,1.5,3.6,626.6,80,0,0,26.5,72,27.1,21.1
2026-08-15T04:35:00+05:30,2026-08-15 04:35:00,26.5,27.3,22.8,0,0,0,156,0,0,0,1.5,3.6,626.6,80,0,0,26.5,72,27.1,21.1
2026-08-15T04:30:00+05:30,2026-08-15 04:30:00,26.4,27.2,22.7,0,0,0,156,0,0,0,1.5,3.6,626.6,80,0,0,26.6,72,27.2,21.1
2026-08-15T04:25:00+05:30,2026-08-15 04:25:00,26.4,27.2,22.7,0,0,0,156,0,0,0,1.5,3.6,626.6,80,0,0,26.5,72,27.1,21.1
2026-08-15T04:20:00+05:30,2026-08-15 04:20:00,26.4,27.2,22.7,0,0,0,156,0,0,0,1.5,3.6,626.6,80,0,0,26.5,72,27.1,21.1
2026-08-15T04:15:00+05:30,2026-08-15 04:15:00,26.4,27.2,22.7,0,0,0,156,0,0,0,1.5,3.6,626.6,80,0,0,26.6,72,27.2,21.1
2026-08-15T04:10:00+05:30,2026-08-15 04:10:00,26.5,27.3,22.8,0,0,0,156,0,0,0,1.5,3.6,626.6,80,0,0,26.6,72,27.2,21.1
2026-08-15T04:05:00+05:30,2026-08-15 04:05:00,26.5,27.3,22.8,0,0,0,156,0,0,0,1.5,3.6,626.6,80,0,0,26.6,72,27.2,21.1
2026-08-15T04:00:00+05:30,2026-08-15 04:00:00,26.5,27.3,22.8,0,0,0,156,0,0,0,1.5,3.6,626.6,80,0,0,26.6,72,27.2,21.1
2026-08-15T03:55:00+05:30,2026-08-15 03:55:00,26.5,27.3,22.8,0,0,0,156,0,0,0,1.5,3.6,626.6,80,0,0,26.7,72,28.6,21.2
2026-08-15T03:50:00+05:30,2026-08-15 03:50:00,26.4,27.2,22.7,0,0,0,156,0,0,0,1.5,3.6,626.6,80,0,0,26.6,72,27.2,21.1
2026-08-15T03:45:00+05:30,2026-08-15 03:45:00,26.5,27.3,22.8,0,0,0,156,0,0,0,1.5,3.6,626.6,80,0,0,26.7,72,28.6,21.2
2026-08-15T03:40:00+05:30,2026-08-15 03:40:00,26.5,27.3,22.8,0,0,0,156,0,0,0,1.5,3.6,626.6,80,0,0,26.7,72,28.6,21.2
2026-08-15T03:35:00+05:30,2026-08-15 03:35:00,26.5,27.3,22.8,0,0,0,156,0,0,0,1.5,3.6,626.6,80,0,0,26.7,72,28.6,21.2
2026-08-15T03:30:00+05:30,2026-08-15 03:30:00,26.5,27.3,23,0,0,0,156,0,0,0,1.5,3.6,626.6,81,0,0,26.7,72,28.6,21.2
2026-08-15T03:26:00+05:30,2026-08-15 03:26:00,26.4,27.2,22.9,0,0,0,156,0,0,0,1.5,3.6,626.6,81,0,0,26.7,72,28.6,21.2
2026-08-15T03:20:00+05:30,2026-08-15 03:20:00,26.4,27.2,22.9,0,0,0,156,0,0,0,1.5,3.6,626.6,81,0,0,26.7,72,28.6,21.2
2026-08-15T03:15:00+05:30,2026-08-15 03:15:00,26.5,27.3,23,0,0,0,156,0,0,0,1.5,3.6,626.6,81,0,0,26.7,72,28.6,21.2
2026-08-15T03:10:00+05:30,2026-08-15 03:10:00,26.5,27.3,23,0,0,0,156,0,0,0,1.5,3.6,626.6,81,0,0,26.7,72,28.6,21.2
2026-08-15T03:05:00+05:30,2026-08-15 03:05:00,26.6,27.4,23.1,0,0,0,156,0,0,0,1.5,3.6,626.6,81,0,0,26.8,72,28.6,21.3
2026-08-15T03:00:00+05:30,2026-08-15 03:00:00,26.6,27.4,23.1,0,0,0,156,0,0,0,1.5,3.6,626.6,81,0,0,26.8,72,28.6,21.3
2026-08-15T02:55:00+05:30,2026-08-15 02:55:00,26.6,27.4,23.1,0,0,0,156,0,0,0,1.5,3.6,626.6,81,0,0,26.8,72,28.6,21.3
2026-08-15T02:50:00+05:30,2026-08-15 02:50:00,26.6,27.4,23.1,0,0,0,156,0,0,0,1.5,3.6,626.6,81,0,0,26.8,72,28.6,21.3
2026-08-15T02:45:00+05:30,2026-08-15 02:45:00,26.7,29.2,23.2,0,0,0,156,0,0,0,1.5,3.6,626.6,81,0,0,26.8,72,28.6,21.3
2026-08-15T02:40:00+05:30,2026-08-15 02:40:00,26.7,29.2,23.2,0,0,0,156,0,0,0,1.5,3.6,626.6,81,0,0,26.8,72,28.6,21.3
2026-08-15T02:35:00+05:30,2026-08-15 02:35:00,26.8,29.3,23.2,0,0,0,156,0,0,0,1.5,3.6,626.6,81,0,0,26.9,72,28.8,21.4
2026-08-15T02:30:00+05:30,2026-08-15 02:30:00,26.8,29.3,23.2,0,0,0,156,0,0,0,1.5,3.6,626.6,81,0,0,26.9,72,28.8,21.4
2026-08-15T02:25:00+05:30,2026-08-15 02:25:00,26.8,29.3,23.2,0,0,0,156,0,0,0,1.5,3.6,626.6,81,0,0,26.9,72,28.8,21.4
2026-08-15T02:21:00+05:30,2026-08-15 02:21:00,26.8,29.3,23.2,0,0,0,156,0,0,0,1.5,3.6,626.6,81,0,0,26.9,72,28.8,21.4
2026-08-15T02:15:00+05:30,2026-08-15 02:15:00,26.8,29.3,23.2,0,0,0,156,0,0,0,1.5,3.6,626.6,81,0,0,26.9,72,28.8,21.4
2026-08-15T02:10:00+05:30,2026-08-15 02:10:00,26.8,29.3,23.2,0,0,0,156,0,0,0,1.5,3.6,626.6,81,0,0,26.9,72,28.8,21.4
2026-08-15T02:05:00+05:30,2026-08-15 02:05:00,26.9,29.6,23.3,0,0,0,156,0,0,0,1.5,3.6,626.6,81,0,0,26.9,72,28.8,21.4
2026-08-15T02:00:00+05:30,2026-08-15 02:00:00,26.9,29.6,23.3,0,0,0,156,0,0,0,1.5,3.6,626.6,81,0,0,27,72,29,21.5
2026-08-15T01:55:00+05:30,2026-08-15 01:55:00,26.9,29.6,23.3,0,0,0,156,0,0,0,1.5,3.6,626.6,81,0,0,27,72,29,21.5
2026-08-15T01:50:00+05:30,2026-08-15 01:50:00,26.9,29.6,23.3,0,0,0,156,0,0,0,1.5,3.6,626.6,81,0,0,27,72,29,21.5
2026-08-15T01:45:00+05:30,2026-08-15 01:45:00,26.8,29.3,23.2,0,0,0,156,0,0,0,1.5,3.6,626.6,81,0,0,27.1,72,29.2,21.6
2026-08-15T01:40:00+05:30,2026-08-15 01:40:00,26.8,29.4,23.4,0,0,0,156,0,0,0,1.5,3.6,626.6,82,0,0,27.1,72,29.2,21.6
2026-08-15T01:35:00+05:30,2026-08-15 01:35:00,26.8,29.4,23.4,0,0,0,156,0,0,0,1.5,3.6,626.6,82,0,0,27.1,72,29.2,21.6
2026-08-15T01:30:00+05:30,2026-08-15 01:30:00,26.8,29.4,23.4,0,0,0,156,0,0,0,1.5,3.6,626.6,82,0,0,27.1,72,29.2,21.6
2026-08-15T01:25:00+05:30,2026-08-15 01:25:00,26.8,29.4,23.4,0,0,0,156,0,0,0,1.5,3.6,626.6,82,0,0,27.1,72,29.2,21.6
2026-08-15T01:20:00+05:30,2026-08-15 01:20:00,26.8,29.4,23.4,0,0,0,156,0,0,0,1.5,3.6,626.6,82,0,0,27.2,72,29.4,21.7
2026-08-15T01:16:00+05:30,2026-08-15 01:16:00,26.9,29.7,23.5,0,0,0,156,0,0,0,1.5,3.6,626.6,82,0,0,27.2,72,29.4,21.7
2026-08-15T01:10:00+05:30,2026-08-15 01:10:00,26.9,29.6,23.3,0,0,0,156,0,0,0,1.5,3.6,626.6,81,0,0,27.2,71,29.3,21.5
2026-08-15T01:05:00+05:30,2026-08-15 01:05:00,26.9,29.6,23.3,0,0,0,156,0,0,0,1.5,3.6,626.6,81,0,0,27.2,71,29.3,21.5
2026-08-15T01:00:00+05:30,2026-08-15 01:00:00,27,29.8,23.5,0,0,0,156,0,0,0,1.5,3.6,626.6,81,0,0,27.2,71,29.3,21.5
2026-08-15T00:55:00+05:30,2026-08-15 00:55:00,27,29.8,23.5,0,0,0,156,0,0,0,1.5,3.6,626.6,81,0,0,27.2,71,29.3,21.5
2026-08-15T00:50:00+05:30,2026-08-15 00:50:00,27,29.8,23.5,0,0,0,156,0,0,0,1.5,3.6,626.6,81,0,0,27.2,71,29.3,21.5
2026-08-15T00:45:00+05:30,2026-08-15 00:45:00,27,29.8,23.5,0,0,0,156,0,0,0,1.5,3.6,626.6,81,0,0,27.2,71,29.3,21.5
2026-08-15T00:40:00+05:30,2026-08-15 00:40:00,27,29.8,23.5,0,0,0,156,0,0,0,1.5,3.6,626.6,81,0,0,27.3,71,29.4,21.6
2026-08-15T00:35:00+05:30,2026-08-15 00:35:00,27,29.8,23.5,0,0,0,156,0,0,0,1.5,3.6,626.6,81,0,0,27.3,71,29.4,21.6
2026-08-15T00:30:00+05:30,2026-08-15 00:30:00,27.1,30.1,23.6,0,0,0,156,0,0,0,1.5,3.6,626.6,81,0,0,27.3,71,29.4,21.6
2026-08-15T00:25:00+05:30,2026-08-15 00:25:00,27.1,30.1,23.6,0,0,0,156,0,0,0,1.5,3.6,626.6,81,0,0,27.3,71,29.4,21.6
2026-08-15T00:20:00+05:30,2026-08-15 00:20:00,27.1,30.1,23.6,0,0,0,156,0,0,0,1.5,3.6,626.6,81,0,0,27.3,71,29.4,21.6
2026-08-15T00:15:00+05:30,2026-08-15 00:15:00,27.1,30.1,23.6,0,0,0,156,0,0,0,1.5,3.6,626.6,81,0,0,27.3,71,29.4,21.6
2026-08-15T00:11:00+05:30,2026-08-15 00:11:00,27.1,30.1,23.6,0,0,0,156,0,0,0,1.5,3.6,626.6,81,0,0,27.3,71,29.4,21.6
2026-08-15T00:05:00+05:30,2026-08-15 00:05:00,27.1,30.1,23.6,0,0,0,156,0,0,0,1.5,3.6,626.6,81,0,0,27.4,71,29.6,21.7
2026-08-15T00:00:00+05:30,2026-08-15 00:00:00,27.2,30.3,23.7,0,0,0,156,0,0,0,1.5,3.6,626.6,81,0,0,27.4,71,29.6,21.7
2026-08-14T23:55:00+05:30,2026-08-14 23:55:00,27.2,30.2,23.5,0,0,21.9,156,0,0,0,1.5,3.6,626.6,80,0,0,27.5,71,29.8,21.8
2026-08-14T23:50:00+05:30,2026-08-14 23:50:00,27.2,30.2,23.5,0,0,21.9,156,0,0,0,1.5,3.6,626.6,80,0,0,27.5,71,29.8,21.8
2026-08-14T23:45:00+05:30,2026-08-14 23:45:00,27.3,30.5,23.7,0,0,21.9,156,0,0,0,1.5,3.6,626.6,81,0,0,27.5,71,29.8,21.8
2026-08-14T23:40:00+05:30,2026-08-14 23:40:00,27.3,30.5,23.7,0,0,21.9,156,0,0,0,1.5,3.6,626.6,81,0,0,27.6,71,30.1,21.9
2026-08-14T23:35:00+05:30,2026-08-14 23:35:00,27.3,30.5,23.7,0,0,21.9,156,0,0,0,1.5,3.6,626.6,81,0,0,27.6,70,29.9,21.6
2026-08-14T23:30:00+05:30,2026-08-14 23:30:00,27.4,30.6,23.6,0,0,21.9,156,0,0,0,1.5,3.6,626.6,80,0,0,27.6,70,29.9,21.6
2026-08-14T23:25:00+05:30,2026-08-14 23:25:00,27.4,30.6,23.6,0,0,21.9,156,0,0,0,1.5,3.6,626.6,80,0,0,27.6,70,29.9,21.6
2026-08-14T23:20:00+05:30,2026-08-14 23:20:00,27.4,30.5,23.4,0,0,21.9,156,0,0,0,1.5,3.6,626.6,79,0,0,27.7,70,30.1,21.7
2026-08-14T23:15:00+05:30,2026-08-14 23:15:00,27.4,30.5,23.4,0,0,21.9,156,0,0,0,1.5,3.6,626.6,79,0,0,27.7,70,30.1,21.7
2026-08-14T23:10:00+05:30,2026-08-14 23:10:00,27.4,30.5,23.4,0,0,21.9,156,0,0,0,1.5,3.6,626.6,79,0,0,27.7,70,30.1,21.7
2026-08-14T23:06:00+05:30,2026-08-14 23:06:00,27.4,30.5,23.4,0,0,21.9,156,0,0,0,1.5,3.6,626.6,79,0,0,27.8,70,30.2,21.8
2026-08-14T23:00:00+05:30,2026-08-14 23:00:00,27.4,30.5,23.4,0,0,21.9,156,0,0,0,1.5,3.6,626.6,79,0,0,27.8,70,30.2,21.8
2026-08-14T22:55:00+05:30,2026-08-14 22:55:00,27.4,30.5,23.4,0,0,21.9,156,0,0,0,1.5,3.6,626.6,79,0,0,27.8,70,30.2,21.8
2026-08-14T22:50:00+05:30,2026-08-14 22:50:00,27.5,30.8,23.5,0,0,21.9,156,0,0,0,1.5,3.6,626.6,79,0,0,27.8,70,30.2,21.8
2026-08-14T22:45:00+05:30,2026-08-14 22:45:00,27.5,30.8,23.5,0,0,21.9,156,0,0,0,1.5,3.6,626.6,79,0,0,27.8,70,30.2,21.8
2026-08-14T22:40:00+05:30,2026-08-14 22:40:00,27.5,30.8,23.5,0,0,21.9,156,0,0,0,1.5,3.6,626.6,79,0,0,27.9,69,30.3,21.7
2026-08-14T22:35:00+05:30,2026-08-14 22:35:00,27.6,31,23.6,0,0,21.9,156,0,0,0,1.5,3.6,626.6,79,0,0,27.9,69,30.3,21.7
2026-08-14T22:30:00+05:30,2026-08-14 22:30:00,27.6,31,23.6,0,0,21.9,156,0,0,0,1.5,3.6,626.6,79,0,0,27.9,69,30.3,21.7
2026-08-14T22:25:00+05:30,2026-08-14 22:25:00,27.6,31,23.6,0,0,21.9,156,0,0,0,1.5,3.6,626.6,79,0,0,27.9,69,30.3,21.7
2026-08-14T22:20:00+05:30,2026-08-14 22:20:00,27.6,31,23.6,0,0,21.9,156,0,0,0,1.5,3.6,626.6,79,0,0,27.9,69,30.3,21.7
2026-08-14T22:15:00+05:30,2026-08-14 22:15:00,27.6,31,23.6,0,0,21.9,156,0,0,0,1.5,3.6,626.6,79,0,0,28,69,30.6,21.8
2026-08-14T22:10:00+05:30,2026-08-14 22:10:00,27.7,31.3,23.7,0,0,21.9,156,0,0,0,1.5,3.6,626.6,79,0,0,28,69,30.6,21.8
2026-08-14T22:05:00+05:30,2026-08-14 22:05:00,27.7,31.3,23.7,0,0,21.9,156,0,0,0,1.5,3.6,626.6,79,0,0,28,69,30.6,21.8
2026-08-14T22:00:00+05:30,2026-08-14 22:00:00,27.7,31.3,23.7,0,0,21.9,156,0,0,0,1.5,3.6,626.6,79,0,0,28,69,30.6,21.8
2026-08-14T21:55:00+05:30,2026-08-14 21:55:00,27.7,31.1,23.5,0,0,21.9,156,0,0,0,1.5,3.6,626.6,78,0,0,28.1,69,30.7,21.9
2026-08-14T21:50:00+05:30,2026-08-14 21:50:00,27.7,31.1,23.5,0,0,21.9,156,0,0,0,1.5,3.6,626.6,78,0,0,28.1,69,30.7,21.9
2026-08-14T21:46:00+05:30,2026-08-14 21:46:00,27.7,31.1,23.5,0,0,21.9,156,0,0,0,1.5,3.6,626.6,78,0,0,28.1,69,30.7,21.9
2026-08-14T21:40:00+05:30,2026-08-14 21:40:00,27.7,31.1,23.5,0,0,21.9,156,0,0,0,1.5,3.6,626.6,78,0,0,28.1,69,30.7,21.9
2026-08-14T21:35:00+05:30,2026-08-14 21:35:00,27.8,31.3,23.6,0,0,21.9,156,0,0,0,1.5,3.6,626.6,78,0,0,28.2,69,30.9,22
2026-08-14T21:30:00+05:30,2026-08-14 21:30:00,27.8,31.3,23.6,0,0,21.9,156,0,0,0,1.5,3.6,626.6,78,0,0,28.2,69,30.9,22
2026-08-14T21:25:00+05:30,2026-08-14 21:25:00,27.8,31.3,23.6,0,0,21.9,156,0,0,0,1.5,3.6,626.6,78,0,0,28.2,69,30.9,22
2026-08-14T21:20:00+05:30,2026-08-14 21:20:00,27.8,31.3,23.6,0,0,21.9,156,0,0,0,1.5,3.6,626.6,78,0,0,28.3,69,31.1,22.1
2026-08-14T21:15:00+05:30,2026-08-14 21:15:00,27.8,31.3,23.6,0,0,21.9,156,0,0,0,1.5,3.6,626.6,78,0,0,28.3,68,30.9,21.8
2026-08-14T21:10:00+05:30,2026-08-14 21:10:00,27.8,31.3,23.6,0,0,21.9,156,0,0,0,1.5,3.6,626.6,78,0,0,28.3,68,30.9,21.8
2026-08-14T21:05:00+05:30,2026-08-14 21:05:00,27.8,31.3,23.6,0,0,21.9,156,0,0,0,1.5,3.6,626.6,78,0,0,28.4,68,31.1,21.9
2026-08-14T21:00:00+05:30,2026-08-14 21:00:00,27.9,31.5,23.7,0,0,21.9,156,0,0,0,1.5,3.6,626.6,78,0,0,28.4,68,31.1,21.9
2026-08-14T20:55:00+05:30,2026-08-14 20:55:00,27.9,31.5,23.7,0,0,21.9,156,0,0,0,1.5,3.6,626.6,78,0,0,28.4,68,31.1,21.9
2026-08-14T20:50:00+05:30,2026-08-14 20:50:00,27.9,31.5,23.7,0,0,21.9,156,0,0,0,1.5,3.6,626.6,78,0,0,28.5,68,31.3,22
2026-08-14T20:45:00+05:30,2026-08-14 20:45:00,27.9,31.5,23.7,0,0,21.9,156,0,0,0,1.5,3.6,626.6,78,0,0,28.5,68,31.3,22
2026-08-14T20:41:00+05:30,2026-08-14 20:41:00,27.9,31.5,23.7,0,0,21.9,156,0,0,0,1.5,3.6,626.6,78,0,0,28.5,68,31.3,22
2026-08-14T20:35:00+05:30,2026-08-14 20:35:00,27.9,31.5,23.7,0,0,21.9,156,0,0,0,1.5,3.6,626.6,78,0,0,28.5,68,31.3,22
2026-08-14T20:30:00+05:30,2026-08-14 20:30:00,28,31.8,23.8,0,0,21.9,156,0,0,0,1.5,3.6,626.6,78,0,0,28.5,68,31.3,22
2026-08-14T20:25:00+05:30,2026-08-14 20:25:00,28,31.8,23.8,0,0,21.9,156,0,0,0,1.5,3.6,626.6,78,0,0,28.6,68,31.6,22.1
2026-08-14T20:20:00+05:30,2026-08-14 20:20:00,28,31.8,23.8,0,0,21.9,156,0,0,0,1.5,3.6,626.6,78,0,0,28.6,68,31.6,22.1
2026-08-14T20:15:00+05:30,2026-08-14 20:15:00,28,31.8,23.8,0,0,21.9,156,0,0,0,1.5,3.6,626.6,78,0,0,28.6,68,31.6,22.1
2026-08-14T20:10:00+05:30,2026-08-14 20:10:00,28,31.8,23.8,0,0,21.9,156,0,0,0,1.5,3.6,626.6,78,0,0,28.6,68,31.6,22.1
2026-08-14T20:05:00+05:30,2026-08-14 20:05:00,28,31.8,23.8,0,0,21.9,156,0,0,0,1.5,3.6,626.6,78,0,0,28.7,68,31.8,22.2
2026-08-14T20:00:00+05:30,2026-08-14 20:00:00,28.1,32.1,23.9,0,0,21.9,156,0,0,0,1.5,3.6,626.6,78,0,0,28.7,68,31.8,22.2
2026-08-14T19:55:00+05:30,2026-08-14 19:55:00,28.1,32.1,23.9,0,0,21.9,156,0,0,0,1.5,3.6,626.6,78,0,0,28.7,68,31.8,22.2
2026-08-14T19:50:00+05:30,2026-08-14 19:50:00,28.1,32.1,23.9,0,0,21.9,156,0,0,0,1.5,3.6,626.6,78,0,0,28.8,68,31.9,22.3
2026-08-14T19:45:00+05:30,2026-08-14 19:45:00,28.1,32.1,23.9,0,0,21.9,156,0,0,0,1.5,3.6,626.6,78,0,0,28.8,68,31.9,22.3
2026-08-14T19:40:00+05:30,2026-08-14 19:40:00,28.2,32.3,24,0,0,21.9,156,0,0,0,1.5,3.6,626.6,78,0,0,28.8,68,31.9,22.3
2026-08-14T19:36:00+05:30,2026-08-14 19:36:00,28.2,32.3,24,0,0,21.9,156,0,0,0,1.5,3.6,626.6,78,0,0,28.9,68,32.1,22.4
2026-08-14T19:30:00+05:30,2026-08-14 19:30:00,28.2,32.3,24,0,0,21.9,156,0,0,0,1.5,3.6,626.6,78,0,0,28.9,68,32.1,22.4
2026-08-14T19:25:00+05:30,2026-08-14 19:25:00,28.3,32.3,23.8,0,0,21.9,156,0,0,0,1.5,3.6,626.6,77,0,0,28.9,68,32.1,22.4
2026-08-14T19:20:00+05:30,2026-08-14 19:20:00,28.3,32.3,23.8,0,0,21.9,156,0,0,0,1.5,3.6,626.6,77,0,0,28.9,68,32.1,22.4
2026-08-14T19:15:00+05:30,2026-08-14 19:15:00,28.3,32.3,23.8,0,0,21.9,156,0,0,0,1.5,3.6,626.6,77,0,0,29,68,32.4,22.5
2026-08-14T19:10:00+05:30,2026-08-14 19:10:00,28.3,32.3,23.8,0,0,21.9,156,0,0,0,1.5,3.6,626.6,77,0,0,29,67,32.2,22.2
2026-08-14T19:05:00+05:30,2026-08-14 19:05:00,28.4,32.6,24,0,0,21.9,156,0,0,0,1.5,3.6,626.6,77,0,0,29,67,32.2,22.2
2026-08-14T19:00:00+05:30,2026-08-14 19:00:00,28.4,32.6,24,0,0,21.9,156,0,0,0,1.5,3.6,626.6,77,0,0,29,67,32.2,22.2
2026-08-14T18:55:00+05:30,2026-08-14 18:55:00,28.4,32.6,24,0,0,21.9,156,0,0,0,1.5,3.6,626.6,77,0,0,29,67,32.2,22.2
2026-08-14T18:50:00+05:30,2026-08-14 18:50:00,28.5,32.8,24.1,0,0,21.9,156,0,0,0,1.5,3.6,626.6,77,0,0,29.1,67,32.4,22.3
2026-08-14T18:45:00+05:30,2026-08-14 18:45:00,28.5,32.8,24.1,0,0,21.9,156,0,0,0,1.5,3.6,626.6,77,0,0,29.1,67,32.4,22.3
2026-08-14T18:40:00+05:30,2026-08-14 18:40:00,28.5,32.8,24.1,0,0,21.9,156,0,0,0,1.5,3.6,626.6,77,0,0,29.1,67,32.4,22.3
2026-08-14T18:35:00+05:30,2026-08-14 18:35:00,28.6,33.1,24.2,0,0,21.9,156,0,0,0,1.5,3.6,626.6,77,0,0,29.2,67,32.7,22.4
2026-08-14T18:30:00+05:30,2026-08-14 18:30:00,28.6,33.1,24.2,0,0,21.9,156,0,0,0,1.5,3.6,626.6,77,0,0,29.2,67,32.7,22.4
2026-08-14T18:25:00+05:30,2026-08-14 18:25:00,28.6,33.1,24.2,0,0,21.9,156,0,0,0,1.5,3.6,626.6,77,0,0,29.3,67,32.8,22.5
2026-08-14T18:20:00+05:30,2026-08-14 18:20:00,28.6,32.9,24,0,0,21.9,156,0,0,0,1.5,3.6,626.6,76,0,0,29.3,67,32.8,22.5
2026-08-14T18:15:00+05:30,2026-08-14 18:15:00,28.7,33.2,24.1,0,0,21.9,156,0,0,0,1.5,3.6,626.6,76,0,0,29.4,66,32.8,22.3
2026-08-14T18:10:00+05:30,2026-08-14 18:10:00,28.7,33.2,24.1,0,0,21.9,156,0,0,0,1.5,3.6,626.6,76,0,0,29.4,66,32.8,22.3
2026-08-14T18:05:00+05:30,2026-08-14 18:05:00,28.7,33,23.8,0,0,21.9,156,0,0,0,1.5,3.6,626.6,75,0,0,29.4,66,32.8,22.3
2026-08-14T18:00:00+05:30,2026-08-14 18:00:00,28.7,33,23.8,0,0,21.9,156,0,0,0,1.5,3.6,626.6,75,0,0,29.4,66,32.8,22.3
2026-08-14T17:55:00+05:30,2026-08-14 17:55:00,28.7,33,23.8,0,0,21.9,156,0,0,0,1.5,3.6,626.6,75,0,0,29.5,66,33.1,22.4
2026-08-14T17:50:00+05:30,2026-08-14 17:50:00,28.7,33,23.8,0,0,21.9,156,0,0,0,1.5,3.6,626.6,75,0,0,29.5,66,33.1,22.4
2026-08-14T17:45:00+05:30,2026-08-14 17:45:00,28.7,33,23.8,0,0,21.9,156,0,0,0,1.5,3.6,626.6,75,0,0,29.6,66,33.3,22.6
2026-08-14T17:40:00+05:30,2026-08-14 17:40:00,28.7,33,23.8,0,0,21.9,156,0,0,0,1.5,3.6,626.6,75,0,0,29.6,66,33.3,22.6
2026-08-14T17:35:00+05:30,2026-08-14 17:35:00,28.7,33,23.8,0,0,21.9,156,0,0,0,1.5,3.6,626.6,75,0,0,29.6,66,33.3,22.6
2026-08-14T17:30:00+05:30,2026-08-14 17:30:00,28.7,33,23.8,0,0,21.9,156,0,0,0,1.5,3.6,626.6,75,0,0,29.7,66,33.5,22.7
2026-08-14T17:27:00+05:30,2026-08-14 17:27:00,28.8,33.2,23.9,0,0,21.9,156,0,0,0,1.5,3.6,626.6,75,0,0,29.7,66,33.5,22.7
2026-08-14T17:20:00+05:30,2026-08-14 17:20:00,28.7,33.2,24.1,0,0,21.9,149,0,0,0,1.5,3.6,626.6,76,0,0.4,29.7,66,33.5,22.7
2026-08-14T17:15:00+05:30,2026-08-14 17:15:00,28.7,33,23.8,0,0,21.9,149,0,0,0,1.5,3.6,626.6,75,0,0.5,29.7,66,33.5,22.7
2026-08-14T17:11:00+05:30,2026-08-14 17:11:00,28.8,33.2,23.9,0,0,21.9,149,0,0,0,1.5,3.6,626.6,75,0,0.5,29.8,66,33.6,22.7
2026-08-14T17:05:00+05:30,2026-08-14 17:05:00,28.9,33.4,24,0,0,21.9,149,0,0,0,1.5,3.6,626.6,75,0,0.5,29.8,66,33.6,22.7
2026-08-14T17:00:00+05:30,2026-08-14 17:00:00,28.9,33.4,24,0,0,21.9,149,0,0,0,1.5,3.6,626.6,75,0,0.6,29.8,66,33.6,22.7
2026-08-14T16:55:00+05:30,2026-08-14 16:55:00,28.9,33.4,24,0,0,21.9,149,0,0,0,1.5,3.6,626.6,75,0,0.5,29.8,66,33.6,22.7
2026-08-14T16:50:00+05:30,2026-08-14 16:50:00,29,33.7,24.1,0,0,21.9,149,0,0,0,1.5,3.6,626.6,75,0,0.6,29.8,66,33.6,22.7
2026-08-14T16:45:00+05:30,2026-08-14 16:45:00,29,33.7,24.1,0,0,21.9,149,0,0,0,1.5,3.6,626.6,75,0,0.7,29.8,66,33.6,22.7
2026-08-14T16:40:00+05:30,2026-08-14 16:40:00,29,33.5,23.9,0,0,21.9,148,0,0,0,1.5,3.6,626.6,74,0,0.9,29.8,66,33.6,22.7
2026-08-14T16:35:00+05:30,2026-08-14 16:35:00,29,33.5,23.9,0,0,21.9,149,0,0,0,1.5,3.6,626.6,74,0,0.7,29.8,66,33.6,22.7
2026-08-14T16:30:00+05:30,2026-08-14 16:30:00,29,33.7,24.1,0,0,21.9,148,0,0,0,1.5,3.6,626.6,75,0,0.8,29.8,66,33.6,22.7
2026-08-14T16:25:00+05:30,2026-08-14 16:25:00,29.1,34,24.2,0,0,21.9,148,0,0,0,1.5,3.6,626.6,75,0,1,29.9,66,33.8,22.8
2026-08-14T16:20:00+05:30,2026-08-14 16:20:00,29.1,34,24.2,0,0,21.9,149,0,0,0,1.5,3.6,626.6,75,0,0.8,29.9,66,33.8,22.8
2026-08-14T16:15:00+05:30,2026-08-14 16:15:00,29.2,34,24.1,0,0,21.9,148,0,0,0,1.5,3.6,626.6,74,0,0.8,30,66,34.1,22.9
2026-08-14T16:10:00+05:30,2026-08-14 16:10:00,29.3,34.4,24.4,0,0,21.9,149,0,0,0,1.5,3.6,626.6,75,0,0.8,30,66,34.1,22.9
2026-08-14T16:06:00+05:30,2026-08-14 16:06:00,29.3,34.4,24.4,0,0,21.9,149,0,0,0,1.5,3.6,626.6,75,0,1,30,66,34.1,22.9
2026-08-14T16:00:00+05:30,2026-08-14 16:00:00,29.3,34.4,24.4,0,0,21.9,149,0,0,0,1.5,3.6,626.6,75,0,0.6,30,66,34.1,22.9
2026-08-14T15:55:00+05:30,2026-08-14 15:55:00,29.3,34.4,24.4,0,0,21.9,148,0,0,0,1.5,3.6,626.6,75,0,0.8,30,66,34.1,22.9
2026-08-14T15:50:00+05:30,2026-08-14 15:50:00,29.3,34.4,24.4,0,0,21.9,149,0,0,0,1.5,3.6,626.6,75,0,1,30,66,34.1,22.9
2026-08-14T15:45:00+05:30,2026-08-14 15:45:00,29.4,34.7,24.5,0,0,21.9,149,0,0,0,1.5,3.6,626.6,75,0,1,30,66,34.1,22.9
2026-08-14T15:40:00+05:30,2026-08-14 15:40:00,29.4,34.7,24.5,0,0,21.9,148,0,0,0,1.5,3.6,626.6,75,0,1.1,30,66,34.1,22.9
2026-08-14T15:35:00+05:30,2026-08-14 15:35:00,29.5,34.7,24.4,0,0,21.9,148,0,0,0,1.5,3.6,626.6,74,0,1.1,30.1,66,34.3,23.1
2026-08-14T15:30:00+05:30,2026-08-14 15:30:00,29.4,34.2,24,0,0,21.9,148,0,0,0,1.5,3.6,626.6,73,0,1.4,30.1,66,34.3,23.1
2026-08-14T15:25:00+05:30,2026-08-14 15:25:00,29.5,34.5,24.1,0,0,21.9,148,0,0,0,1.5,3.6,626.6,73,0,1.2,30.1,66,34.3,23.1
2026-08-14T15:20:00+05:30,2026-08-14 15:20:00,29.5,34.5,24.1,0,0,21.9,148,0,0,0,1.5,3.6,626.6,73,0,1.2,30.1,66,34.3,23.1
2026-08-14T15:15:00+05:30,2026-08-14 15:15:00,29.5,34.7,24.4,0,0,21.9,149,0,0,0,1.5,3.6,626.6,74,0,1.1,30,66,34.1,22.9
2026-08-14T15:10:00+05:30,2026-08-14 15:10:00,29.5,34.5,24.1,0,0,3.5,148,0,0,0,1.5,3.6,626.6,73,0,1.1,30,66,34.1,22.9
2026-08-14T15:05:00+05:30,2026-08-14 15:05:00,29.5,34.5,24.1,0,0,3.5,148,0,0,0,1.5,3.6,626.6,73,0,1.1,30,65,33.9,22.7
2026-08-14T15:01:00+05:30,2026-08-14 15:01:00,29.5,34.5,24.1,0,0,3.5,148,0,0,0,1.5,3.6,626.6,73,0,1,30,66,34.1,22.9
2026-08-14T14:55:00+05:30,2026-08-14 14:55:00,29.5,34.7,24.4,0,0,3.5,148,0,0,0,1.5,3.6,626.6,74,0,1.2,30,67,34.3,23.2
2026-08-14T14:50:00+05:30,2026-08-14 14:50:00,29.5,35,24.6,0,0,3.5,148,0,0,0,1.5,3.6,626.6,75,0,1.3,30,67,34.3,23.2
2026-08-14T14:45:00+05:30,2026-08-14 14:45:00,29.5,35.2,24.8,0,0,3.5,148,0,0,0,1.5,3.6,626.6,76,0,1.3,30,67,34.3,23.2
2026-08-14T14:40:00+05:30,2026-08-14 14:40:00,29.5,35,24.6,0,0,3.5,147,0,0,0,1.5,3.6,626.6,75,0,1.3,29.9,67,34.1,23.1
2026-08-14T14:35:00+05:30,2026-08-14 14:35:00,29.4,34.7,24.5,0,0,3.5,148,0,0,0,1.5,3.6,626.6,75,0,1.2,29.9,67,34.1,23.1
2026-08-14T14:30:00+05:30,2026-08-14 14:30:00,29.4,34.9,24.7,0,0,3.5,148,0,0,0,1.5,3.6,626.6,76,0,1.2,29.8,68,34.1,23.2
2026-08-14T14:25:00+05:30,2026-08-14 14:25:00,29.4,34.9,24.7,0,0,3.5,148,0,0,0,1.5,3.6,626.6,76,0,0.8,29.8,68,34.1,23.2
2026-08-14T14:20:00+05:30,2026-08-14 14:20:00,29.3,34.6,24.6,0,0,3.5,148,0,0,0,1.5,3.6,626.6,76,0,1.1,29.8,68,34.1,23.2
2026-08-14T14:15:00+05:30,2026-08-14 14:15:00,29.2,34.5,24.5,0,0,1.8,148,0,0,0,1.5,3.6,626.6,76,0,1.1,29.7,68,33.9,23.2
2026-08-14T14:10:00+05:30,2026-08-14 14:10:00,29.2,34.5,24.5,0,0,1.8,148,0,0,0,1.5,3.6,626.6,76,0,1.2,29.7,68,33.9,23.2
2026-08-14T14:05:00+05:30,2026-08-14 14:05:00,29.1,34.4,24.7,0,0,1.8,148,0,0,0,1.5,3.6,626.6,77,0,1.2,29.6,69,33.9,23.3
2026-08-14T14:00:00+05:30,2026-08-14 14:00:00,29.1,34.4,24.7,0,0,1.8,148,0,0,0,1.5,3.6,626.6,77,0,1.2,29.6,69,33.9,23.3
2026-08-14T13:55:00+05:30,2026-08-14 13:55:00,29,34.3,24.8,0,0,1.8,148,0,0,0,1.5,3.6,626.6,78,0,1.1,29.6,69,33.9,23.3
2026-08-14T13:50:00+05:30,2026-08-14 13:50:00,29,34.1,24.5,0,1.8,1.8,148,0,0,0,1.5,3.6,626.6,77,0,0.7,29.5,69,33.7,23.2
2026-08-14T13:45:00+05:30,2026-08-14 13:45:00,29,34.1,24.5,0,0,1.8,148,0,0,0,1.5,3.6,626.6,77,0,1.1,29.5,69,33.7,23.2
2026-08-14T13:41:00+05:30,2026-08-14 13:41:00,28.9,34,24.7,0,0,1.8,148,0,0,0,1.5,3.6,626.6,78,0,1.1,29.4,69,33.4,23.1
2026-08-14T13:35:00+05:30,2026-08-14 13:35:00,28.8,33.7,24.5,0,0,1.8,148,0,0,0,1.5,3.6,626.6,78,0,1,29.4,69,33.4,23.1
2026-08-14T13:30:00+05:30,2026-08-14 13:30:00,28.8,33.5,24.3,0,0,1.8,148,0,0,0,1.5,3.6,626.6,77,0,1.2,29.4,70,33.6,23.3
2026-08-14T13:25:00+05:30,2026-08-14 13:25:00,28.7,33.8,24.7,0,0,1.8,148,0,0,0,1.5,3.6,626.6,79,0,0.9,29.3,70,33.3,23.2
2026-08-14T13:20:00+05:30,2026-08-14 13:20:00,28.7,33.8,24.7,0,0,1.8,148,0,0,0,1.5,3.6,626.6,79,0,0.8,29.3,70,33.3,23.2
2026-08-14T13:15:00+05:30,2026-08-14 13:15:00,28.6,33.7,24.8,0,0,1.8,148,0,0,0,1.5,3.6,626.6,80,0,1,29.3,71,33.6,23.4
2026-08-14T13:10:00+05:30,2026-08-14 13:10:00,28.6,33.7,24.8,0,0,1.8,148,0,0,0,1.5,3.6,626.6,80,0,1,29.2,71,33.4,23.4
2026-08-14T13:05:00+05:30,2026-08-14 13:05:00,28.6,33.7,24.8,0,0,1.8,148,0,0,0,1.5,3.6,626.6,80,0,1,29.1,71,33.2,23.3
2026-08-14T13:00:00+05:30,2026-08-14 13:00:00,28.5,33.4,24.7,0,0,1.8,148,0,0,0,1.5,3.6,626.6,80,0,0.7,29.1,70,32.9,23.1
2026-08-14T12:55:00+05:30,2026-08-14 12:55:00,28.5,33.2,24.5,0,0,1.8,148,0,0,0,1.5,3.6,626.6,79,0,0.8,29,70,32.7,22.9
2026-08-14T12:50:00+05:30,2026-08-14 12:50:00,28.5,33,24.3,0,1.8,1.8,148,0,0,0,1.5,3.6,626.6,78,0,0.9,29,70,32.7,22.9
2026-08-14T12:45:00+05:30,2026-08-14 12:45:00,28.6,33.7,24.8,0,0,0,148,0,0,0,1.5,3.6,626.6,80,0,1,29,71,32.9,23.2
2026-08-14T12:40:00+05:30,2026-08-14 12:40:00,28.6,33.7,24.8,0,0,0,148,0,0,0,1.5,3.6,626.6,80,0,1,29,71,32.9,23.2
2026-08-14T12:36:00+05:30,2026-08-14 12:36:00,28.6,33.7,24.8,0,0,0,148,0,0,0,1.5,3.6,626.6,80,0,0.9,28.9,71,32.7,23.1
2026-08-14T12:30:00+05:30,2026-08-14 12:30:00,28.6,33.3,24.4,0,0,0,148,0,0,0,1.5,3.6,626.6,78,0,0.9,28.9,70,32.5,22.8
2026-08-14T12:25:00+05:30,2026-08-14 12:25:00,28.6,33.1,24.2,0,0,0,148,0,0,0,1.5,3.6,626.6,77,0,0.6,28.9,70,32.5,22.8
2026-08-14T12:20:00+05:30,2026-08-14 12:20:00,28.6,33.1,24.2,0,0,0,148,0,0,0,1.5,3.6,626.6,77,0,0.6,28.9,69,32.3,22.6
2026-08-14T12:15:00+05:30,2026-08-14 12:15:00,28.6,33.3,24.4,0,0,0,148,0,0,0,1.5,3.6,626.6,78,0,0.6,28.8,70,32.2,22.7
2026-08-14T12:10:00+05:30,2026-08-14 12:10:00,28.5,32.8,24.1,0,0,0,148,0,0,0,1.5,3.6,626.6,77,0,0.9,28.8,70,32.2,22.7
2026-08-14T12:05:00+05:30,2026-08-14 12:05:00,28.6,33.1,24.2,0,0,0,148,0,0,0,1.5,3.6,626.6,77,0,1,28.8,70,32.2,22.7
2026-08-14T12:00:00+05:30,2026-08-14 12:00:00,28.5,33,24.3,0,0,0,148,0,0,0,1.5,3.6,626.6,78,0,1,28.7,70,32.1,22.7
2026-08-14T11:55:00+05:30,2026-08-14 11:55:00,28.4,32.7,24.2,0,0,0,148,0,0,0,1.5,3.6,626.6,78,0,0.7,28.7,70,32.1,22.7
2026-08-14T11:50:00+05:30,2026-08-14 11:50:00,28.4,32.9,24.4,0,0,0,148,0,0,0,1.5,3.6,626.6,79,0,1,28.6,71,32.1,22.8
2026-08-14T11:45:00+05:30,2026-08-14 11:45:00,28.3,32.5,24.1,0,0,0,148,0,0,0,1.5,3.6,626.6,78,0,1.1,28.6,71,32.1,22.8
2026-08-14T11:40:00+05:30,2026-08-14 11:40:00,28.3,32.6,24.3,0,0,0,148,0,0,0,1.5,3.6,626.6,79,0,1.1,28.5,71,31.8,22.7
2026-08-14T11:35:00+05:30,2026-08-14 11:35:00,28.2,32.3,24,0,0,0,148,0,0,0,1.5,3.6,626.6,78,0,1.1,28.4,70,31.4,22.4
2026-08-14T11:31:00+05:30,2026-08-14 11:31:00,28.2,32.3,24,0,0,0,148,0,0,0,1.5,3.6,626.6,78,0,0.8,28.4,70,31.4,22.4
2026-08-14T11:25:00+05:30,2026-08-14 11:25:00,28.2,32.3,24,0,0,0,148,0,0,0,1.5,3.6,626.6,78,0,1.2,28.3,71,31.4,22.5
2026-08-14T11:20:00+05:30,2026-08-14 11:20:00,28.2,32.5,24.2,0,0,0,148,0,0,0,1.5,3.6,626.6,79,0,1,28.2,71,31.2,22.4
2026-08-14T11:15:00+05:30,2026-08-14 11:15:00,28.1,32.1,23.9,0,0,0,149,0,0,0,1.5,3.6,626.6,78,0,0.8,28.2,71,31.2,22.4
2026-08-14T11:10:00+05:30,2026-08-14 11:10:00,28,31.9,24,0,0,0,148,0,0,0,1.5,3.6,626.6,79,0,1,28.1,71,31,22.3
2026-08-14T11:05:00+05:30,2026-08-14 11:05:00,28,31.8,23.8,0,0,0,148,0,0,0,1.5,3.6,626.6,78,0,0.8,28.1,71,31,22.3
2026-08-14T11:00:00+05:30,2026-08-14 11:00:00,27.9,31.7,23.9,0,0,0,148,0,0,0,1.5,3.6,626.6,79,0,1,28,71,30.8,22.2
2026-08-14T10:55:00+05:30,2026-08-14 10:55:00,27.9,31.5,23.7,0,0,0,148,0,0,0,1.5,3.6,626.6,78,0,0.8,28,71,30.8,22.2
2026-08-14T10:50:00+05:30,2026-08-14 10:50:00,27.9,31.5,23.7,0,0,0,148,0,0,0,1.5,3.6,626.6,78,0,0.7,27.9,71,30.6,22.1
2026-08-14T10:45:00+05:30,2026-08-14 10:45:00,27.9,31.5,23.7,0,0,0,148,0,0,0,1.5,3.6,626.6,78,0,0.6,27.8,71,30.4,22
2026-08-14T10:40:00+05:30,2026-08-14 10:40:00,27.9,31.5,23.7,0,0,0,148,0,0,0,1.5,3.6,626.6,78,0,0.7,27.8,71,30.4,22
2026-08-14T10:35:00+05:30,2026-08-14 10:35:00,27.8,31.3,23.6,0,0,0,148,0,0,0,1.5,3.6,626.6,78,0,0.8,27.7,71,30.3,21.9
2026-08-14T10:30:00+05:30,2026-08-14 10:30:00,27.8,31.3,23.6,0,0,0,148,0,0,0,1.5,3.6,626.6,78,0,0.8,27.6,71,30.1,21.9
2026-08-14T10:26:00+05:30,2026-08-14 10:26:00,27.8,31.3,23.6,0,0,0,148,0,0,0,1.5,3.6,626.6,78,0,0.8,27.6,71,30.1,21.9
2026-08-14T10:20:00+05:30,2026-08-14 10:20:00,27.7,31.1,23.5,0,0,0,148,0,0,0,1.5,3.6,626.6,78,0,0.8,27.5,72,29.9,22
2026-08-14T10:15:00+05:30,2026-08-14 10:15:00,27.7,31.1,23.5,0,0,0,148,0,1.5,0,1.5,3.6,626.6,78,0,0.4,27.5,72,29.9,22
2026-08-14T10:10:00+05:30,2026-08-14 10:10:00,27.7,31.3,23.7,0,0,0,148,0,1.5,0,1.5,3.6,626.6,79,0,0.6,27.5,72,29.9,22
2026-08-14T10:05:00+05:30,2026-08-14 10:05:00,27.6,31,23.6,0,0,0,148,0,1.5,0,1.5,3.6,626.6,79,0,0.7,27.4,72,29.7,21.9
2026-08-14T10:00:00+05:30,2026-08-14 10:00:00,27.5,30.8,23.5,0,0,0,148,0,1.5,0,1.5,3.6,626.6,79,0,0.9,27.4,72,29.7,21.9
2026-08-14T09:55:00+05:30,2026-08-14 09:55:00,27.4,30.6,23.6,0,0,0,148,0,1.5,0,1.5,3.6,626.6,80,0,0.9,27.3,72,29.6,21.8
2026-08-14T09:50:00+05:30,2026-08-14 09:50:00,27.4,30.6,23.6,0,0,0,148,0,1.5,0,1.5,3.6,626.6,80,0,0.6,27.3,72,29.6,21.8
2026-08-14T09:45:00+05:30,2026-08-14 09:45:00,27.3,30.4,23.5,0,0,0,148,0,1.5,0,1.5,3.6,626.6,80,0,0.4,27.3,72,29.6,21.8
2026-08-14T09:40:00+05:30,2026-08-14 09:40:00,27.3,30.4,23.5,0,0,0,148,0,1.5,0,1.5,3.6,626.6,80,0,0.5,27.3,72,29.6,21.8
2026-08-14T09:35:00+05:30,2026-08-14 09:35:00,27.4,30.5,23.4,0,0,0,148,0,1.5,0,1.5,3.6,626.6,79,0,0.5,27.2,72,29.4,21.7
2026-08-14T09:31:00+05:30,2026-08-14 09:31:00,27.4,30.5,23.4,0,0,0,148,0,1.5,0,1.5,3.6,626.6,79,0,0.4,27.2,72,29.4,21.7
2026-08-14T09:25:00+05:30,2026-08-14 09:25:00,27.4,30.5,23.4,0,0,0,147,0,1.5,0,1.5,3.6,626.6,79,0,0.7,27.1,72,29.2,21.6
2026-08-14T09:21:00+05:30,2026-08-14 09:21:00,27.3,30.4,23.5,0,0,0,148,0,1.5,0,1.5,3.6,626.6,80,0,1.1,27.1,72,29.2,21.6
2026-08-14T09:15:00+05:30,2026-08-14 09:15:00,27.2,30.2,23.5,0,0,0,148,0,1.5,0,1.5,3.6,626.6,80,0,1.1,27.1,72,29.2,21.6
2026-08-14T09:10:00+05:30,2026-08-14 09:10:00,27.1,30,23.4,0,0,0,148,0,1.5,0,1.5,3.6,626.6,80,0,0.7,27.1,72,29.2,21.6
2026-08-14T09:05:00+05:30,2026-08-14 09:05:00,27.1,30,23.4,0,0,0,148,0,1.5,0,1.5,3.6,626.6,80,0,0.5,27,72,29,21.5
2026-08-14T09:00:00+05:30,2026-08-14 09:00:00,27,29.7,23.2,0,0,0,148,0,1.5,0,1.5,3.6,626.6,80,0,0.7,27,72,29,21.5
2026-08-14T08:55:00+05:30,2026-08-14 08:55:00,27,29.6,23,0,0,0,148,0,1.5,0,1.5,3.6,626.6,79,0,0.4,26.9,72,28.8,21.4
2026-08-14T08:50:00+05:30,2026-08-14 08:50:00,27,29.7,23.2,0,0,0,148,0,1.5,0,1.5,3.6,626.6,80,0,0.7,26.9,72,28.8,21.4
2026-08-14T08:45:00+05:30,2026-08-14 08:45:00,27,29.7,23.2,0,0,0,148,0,1.5,0,1.5,3.6,626.6,80,0,1.3,26.8,72,28.6,21.3
2026-08-14T08:40:00+05:30,2026-08-14 08:40:00,26.9,29.5,23.1,0,0,0,148,0,1.5,0,1.5,3.6,626.6,80,0,1.2,26.8,72,28.6,21.3
2026-08-14T08:35:00+05:30,2026-08-14 08:35:00,26.9,29.5,23.1,0,0,0,148,0,1.5,0,1.5,3.6,626.6,80,0,1.2,26.7,72,28.6,21.2
2026-08-14T08:30:00+05:30,2026-08-14 08:30:00,26.8,29.3,23.2,0,0,0,148,0,1.5,0,1.5,3.6,626.6,81,0,1.3,26.7,72,28.6,21.2
2026-08-14T08:25:00+05:30,2026-08-14 08:25:00,26.8,29.3,23,0,0,0,148,0,1.5,0,1.5,3.6,626.6,80,0,0.1,26.7,72,28.6,21.2
2026-08-14T08:20:00+05:30,2026-08-14 08:20:00,26.8,29.3,23.2,0,0,0,148,0,1.5,0,1.5,3.6,626.6,81,0,0.1,26.7,72,28.6,21.2
2026-08-14T08:16:00+05:30,2026-08-14 08:16:00,26.7,29.2,23.2,0,0,0,148,0,1.5,0,1.5,3.6,626.6,81,0,0.1,26.6,72,27.2,21.1
2026-08-14T08:10:00+05:30,2026-08-14 08:10:00,26.7,29.2,23.2,0,0,0,148,0,1.5,0,1.5,3.6,626.6,81,0,0.1,26.6,72,27.2,21.1
2026-08-14T08:05:00+05:30,2026-08-14 08:05:00,26.7,29.2,23.2,0,0,0,148,0,1.5,0,1.5,3.6,626.6,81,0,0.1,26.6,72,27.2,21.1
2026-08-14T08:00:00+05:30,2026-08-14 08:00:00,26.7,29.2,23.2,0,0,0,148,0,1.5,0,1.5,3.6,626.6,81,0,0.1,26.6,72,27.2,21.1
2026-08-14T07:55:00+05:30,2026-08-14 07:55:00,26.6,27.4,23.1,0,0,0,148,0,1.5,0,1.5,3.6,626.6,81,0,0.1,26.5,72,27.1,21.1
2026-08-14T07:50:00+05:30,2026-08-14 07:50:00,26.6,27.4,23.1,0,0,0,148,0,1.5,0,1.5,3.6,626.6,81,0,0.1,26.5,72,27.1,21.1
2026-08-14T07:45:00+05:30,2026-08-14 07:45:00,26.6,27.4,23.1,0,0,0,147,0,1.5,0,1.5,3.6,626.6,81,0,0.1,26.5,72,27.1,21.1
2026-08-14T07:40:00+05:30,2026-08-14 07:40:00,26.6,27.4,23.1,0,0,0,147,0,1.5,0,1.5,3.6,626.6,81,0,0.1,26.5,72,27.1,21.1
2026-08-14T07:35:00+05:30,2026-08-14 07:35:00,26.6,27.4,23.1,0,0,0,147,0,1.5,0,1.5,3.6,626.6,81,0,0.1,26.5,72,27.1,21.1
2026-08-14T07:30:00+05:30,2026-08-14 07:30:00,26.6,27.4,23.1,0,0,0,147,0,1.5,0,1.5,3.6,626.6,81,0,0.1,26.5,72,27.1,21.1
2026-08-14T07:25:00+05:30,2026-08-14 07:25:00,26.6,27.4,23.1,0,0,0,147,0,1.5,0,1.5,3.6,626.6,81,0,0.1,26.5,72,27.1,21.1
2026-08-14T07:20:00+05:30,2026-08-14 07:20:00,26.6,27.4,23.1,0,0,0,147,0,1.5,0,1.5,3.6,626.6,81,0,0.1,26.5,72,27.1,21.1
2026-08-14T07:15:00+05:30,2026-08-14 07:15:00,26.5,27.3,23,0,0,0,147,0,1.5,0,1.5,3.6,626.6,81,0,0,26.5,72,27.1,21.1
2026-08-14T07:10:00+05:30,2026-08-14 07:10:00,26.5,27.3,23,0,0,0,147,0,1.5,0,1.5,3.6,626.6,81,0,0.1,26.5,72,27.1,21.1
2026-08-14T07:05:00+05:30,2026-08-14 07:05:00,26.5,27.3,23,0,0,0,147,0,1.5,0,1.5,3.6,626.6,81,0,0.1,26.5,72,27.1,21.1
2026-08-14T07:00:00+05:30,2026-08-14 07:00:00,26.5,27.3,23,0,0,0,147,0,1.5,0,1.5,3.6,626.6,81,0,0,26.5,72,27.1,21.1
2026-08-14T06:55:00+05:30,2026-08-14 06:55:00,26.5,27.3,22.8,0,0,0,147,0,1.5,0,1.5,3.6,626.6,80,0,0,26.4,72,26.9,20.9
2026-08-14T06:50:00+05:30,2026-08-14 06:50:00,26.5,27.3,22.8,0,0,0,148,0,1.5,0,1.5,3.6,626.6,80,0,0.1,26.5,72,27.1,21.1
2026-08-14T06:45:00+05:30,2026-08-14 06:45:00,26.4,27.2,22.7,0,0,0,147,0,1.5,0,1.5,3.6,626.6,80,0,0,26.4,72,26.9,20.9
2026-08-14T06:40:00+05:30,2026-08-14 06:40:00,26.4,27.2,22.7,0,0,0,148,0,1.5,0,1.5,3.6,626.6,80,0,0,26.4,72,26.9,20.9
2026-08-14T06:35:00+05:30,2026-08-14 06:35:00,26.4,27.2,22.7,0,0,0,148,0,1.5,0,1.5,3.6,626.6,80,0,0,26.4,72,26.9,20.9
2026-08-14T06:30:00+05:30,2026-08-14 06:30:00,26.4,27.2,22.7,0,0,0,148,0,1.5,0,1.5,3.6,626.6,80,0,0,26.4,71,26.9,20.7
2026-08-14T06:25:00+05:30,2026-08-14 06:25:00,26.4,27.2,22.7,0,0,0,148,0,1.5,0,1.5,3.6,626.6,80,0,0,26.4,71,26.9,20.7
2026-08-14T06:20:00+05:30,2026-08-14 06:20:00,26.4,27.2,22.7,0,0,0,148,0,1.5,0,1.5,3.6,626.6,80,0,0,26.5,71,27.1,20.8
2026-08-14T06:15:00+05:30,2026-08-14 06:15:00,26.4,27.2,22.7,0,0,0,148,0,1.5,0,1.5,3.6,626.6,80,0,0,26.5,71,27.1,20.8
2026-08-14T06:10:00+05:30,2026-08-14 06:10:00,26.4,27.2,22.7,0,0,0,148,0,1.5,0,1.5,3.6,626.6,80,0,0,26.5,71,27.1,20.8
2026-08-14T06:05:00+05:30,2026-08-14 06:05:00,26.4,27.2,22.7,0,0,0,148,0,1.5,0,1.5,3.6,626.6,80,0,0,26.5,71,27.1,20.8
2026-08-14T06:00:00+05:30,2026-08-14 06:00:00,26.4,27.2,22.7,0,0,0,148,0,1.5,0,1.5,3.6,626.6,80,0,0,26.5,71,27.1,20.8
2026-08-14T05:55:00+05:30,2026-08-14 05:55:00,26.4,27.2,22.7,0,0,0,148,0,1.5,0,1.5,3.6,626.6,80,0,0,26.5,71,27.1,20.8
2026-08-14T05:51:00+05:30,2026-08-14 05:51:00,26.4,27.2,22.7,0,0,0,148,0,1.5,0,1.5,3.6,626.6,80,0,0,26.5,71,27.1,20.8
2026-08-14T05:45:00+05:30,2026-08-14 05:45:00,26.4,27.2,22.7,0,0,0,148,0,1.5,0,1.5,3.6,626.6,80,0,0,26.5,71,27.1,20.8
2026-08-14T05:40:00+05:30,2026-08-14 05:40:00,26.4,27.2,22.7,0,0,0,148,0,1.5,0,1.5,3.6,626.6,80,0,0,26.5,71,27.1,20.8
2026-08-14T05:35:00+05:30,2026-08-14 05:35:00,26.4,27.2,22.7,0,0,0,148,0,1.5,0,1.5,3.6,626.6,80,0,0,26.5,71,27.1,20.8
2026-08-14T05:30:00+05:30,2026-08-14 05:30:00,26.5,27.3,22.8,0,0,0,148,0,1.5,0,1.5,3.6,626.6,80,0,0,26.5,71,27.1,20.8
2026-08-14T05:25:00+05:30,2026-08-14 05:25:00,26.5,27.3,22.8,0,0,0,148,0,1.5,0,1.5,3.6,626.6,80,0,0,26.5,71,27.1,20.8
2026-08-14T05:20:00+05:30,2026-08-14 05:20:00,26.5,27.3,22.8,0,0,0,148,0,1.5,0,1.5,3.6,626.6,80,0,0,26.6,71,27.2,20.9
2026-08-14T05:15:00+05:30,2026-08-14 05:15:00,26.5,27.3,22.8,0,0,0,148,0,1.5,0,1.5,3.6,626.6,80,0,0,26.6,71,27.2,20.9
2026-08-14T05:10:00+05:30,2026-08-14 05:10:00,26.5,27.3,22.8,0,0,0,148,0,1.5,0,1.5,3.6,626.6,80,0,0,26.6,71,27.2,20.9
2026-08-14T05:05:00+05:30,2026-08-14 05:05:00,26.5,27.3,22.8,0,0,0,148,0,1.5,0,1.5,3.6,626.6,80,0,0,26.6,71,27.2,20.9
2026-08-14T05:00:00+05:30,2026-08-14 05:00:00,26.5,27.3,22.8,0,0,0,148,0,1.5,0,1.5,3.6,626.6,80,0,0,26.6,71,27.2,20.9
2026-08-14T04:55:00+05:30,2026-08-14 04:55:00,26.5,27.3,22.8,0,0,0,148,0,1.5,0,1.5,3.6,626.6,80,0,0,26.6,71,27.2,20.9
2026-08-14T04:50:00+05:30,2026-08-14 04:50:00,26.5,27.3,22.6,0,0,0,148,0,1.5,0,1.5,3.6,626.6,79,0,0,26.6,71,27.2,20.9
2026-08-14T04:46:00+05:30,2026-08-14 04:46:00,26.5,27.3,22.6,0,0,0,148,0,1.5,0,1.5,3.6,626.6,79,0,0,26.6,71,27.2,20.9
2026-08-14T04:40:00+05:30,2026-08-14 04:40:00,26.5,27.3,22.6,0,0,0,148,0,1.5,0,1.5,3.6,626.6,79,0,0,26.6,71,27.2,20.9
2026-08-14T04:35:00+05:30,2026-08-14 04:35:00,26.5,27.3,22.6,0,0,0,148,0,1.5,0,1.5,3.6,626.6,79,0,0,26.7,71,28.4,21
2026-08-14T04:30:00+05:30,2026-08-14 04:30:00,26.5,27.3,22.6,0,0,0,148,0,1.5,0,1.5,3.6,626.6,79,0,0,26.6,71,27.2,20.9
2026-08-14T04:25:00+05:30,2026-08-14 04:25:00,26.5,27.3,22.6,0,0,0,148,0,1.5,0,1.5,3.6,626.6,79,0,0,26.7,70,28.4,20.8
2026-08-14T04:20:00+05:30,2026-08-14 04:20:00,26.5,27.3,22.6,0,0,0,148,0,1.5,0,1.5,3.6,626.6,79,0,0,26.7,70,28.4,20.8
2026-08-14T04:15:00+05:30,2026-08-14 04:15:00,26.5,27.3,22.6,0,0,0,148,0,1.5,0,1.5,3.6,626.6,79,0,0,26.7,70,28.4,20.8
2026-08-14T04:10:00+05:30,2026-08-14 04:10:00,26.5,27.3,22.6,0,0,0,148,0,1.5,0,1.5,3.6,626.6,79,0,0,26.7,70,28.4,20.8
2026-08-14T04:05:00+05:30,2026-08-14 04:05:00,26.5,27.3,22.6,0,0,0,148,0,1.5,0,1.5,3.6,626.6,79,0,0,26.7,70,28.4,20.8
2026-08-14T04:00:00+05:30,2026-08-14 04:00:00,26.5,27.3,22.6,0,0,0,148,0,1.5,0,1.5,3.6,626.6,79,0,0,26.7,70,28.4,20.8
2026-08-14T03:55:00+05:30,2026-08-14 03:55:00,26.5,27.3,22.6,0,0,0,148,0,1.5,0,1.5,3.6,626.6,79,0,0,26.8,70,28.5,20.8
2026-08-14T03:50:00+05:30,2026-08-14 03:50:00,26.5,27.3,22.6,0,0,0,148,0,1.5,0,1.5,3.6,626.6,79,0,0,26.7,70,28.4,20.8
2026-08-14T03:45:00+05:30,2026-08-14 03:45:00,26.6,27.4,22.7,0,0,0,148,0,1.5,0,1.5,3.6,626.6,79,0,0,26.8,70,28.5,20.8
2026-08-14T03:41:00+05:30,2026-08-14 03:41:00,26.5,27.3,22.6,0,0,0,148,0,1.5,0,1.5,3.6,626.6,79,0,0,26.7,70,28.4,20.8
2026-08-14T03:35:00+05:30,2026-08-14 03:35:00,26.6,27.4,22.7,0,0,0,148,0,1.5,0,1.5,3.6,626.6,79,0,0,26.8,70,28.5,20.8
2026-08-14T03:30:00+05:30,2026-08-14 03:30:00,26.6,27.4,22.7,0,0,0,148,0,1.5,0,1.5,3.6,626.6,79,0,0,26.8,70,28.5,20.8
2026-08-14T03:25:00+05:30,2026-08-14 03:25:00,26.6,27.4,22.7,0,0,0,148,0,1.5,0,1.5,3.6,626.6,79,0,0,26.8,70,28.5,20.8
2026-08-14T03:20:00+05:30,2026-08-14 03:20:00,26.6,27.4,22.7,0,0,0,148,0,1.5,0,1.5,3.6,626.6,79,0,0,26.8,70,28.5,20.8
2026-08-14T03:15:00+05:30,2026-08-14 03:15:00,26.6,27.4,22.7,0,0,0,148,0,1.5,0,1.5,3.6,626.6,79,0,0,26.8,70,28.5,20.8
2026-08-14T03:10:00+05:30,2026-08-14 03:10:00,26.6,27.4,22.7,0,0,0,148,0,1.5,0,1.5,3.6,626.6,79,0,0,26.9,70,28.7,20.9
2026-08-14T03:05:00+05:30,2026-08-14 03:05:00,26.7,29,22.6,0,0,0,148,0,1.5,0,1.5,3.6,626.6,78,0,0,26.9,70,28.7,20.9
2026-08-14T03:00:00+05:30,2026-08-14 03:00:00,26.7,29,22.6,0,0,0,148,0,1.5,0,1.5,3.6,626.6,78,0,0,26.9,70,28.7,20.9
2026-08-14T02:55:00+05:30,2026-08-14 02:55:00,26.7,29,22.6,0,0,0,148,0,1.5,0,1.5,3.6,626.6,78,0,0,26.9,70,28.7,20.9
2026-08-14T02:50:00+05:30,2026-08-14 02:50:00,26.7,29,22.6,0,0,0,148,0,1.5,0,1.5,3.6,626.6,78,0,0,26.9,70,28.7,20.9
2026-08-14T02:45:00+05:30,2026-08-14 02:45:00,26.7,29,22.6,0,0,0,148,0,1.5,0,1.5,3.6,626.6,78,0,0,26.9,70,28.7,20.9
2026-08-14T02:40:00+05:30,2026-08-14 02:40:00,26.7,29,22.6,0,0,0,148,0,1.5,0,1.5,3.6,626.6,78,0,0,26.9,70,28.7,20.9
2026-08-14T02:35:00+05:30,2026-08-14 02:35:00,26.7,29,22.6,0,0,0,148,0,1.5,0,1.5,3.6,626.6,78,0,0,26.9,70,28.7,20.9
2026-08-14T02:30:00+05:30,2026-08-14 02:30:00,26.7,29,22.6,0,0,0,148,0,1.5,0,1.5,3.6,626.6,78,0,0,27,70,28.8,21.1
2026-08-14T02:25:00+05:30,2026-08-14 02:25:00,26.7,29,22.6,0,0,0,148,0,1.5,0,1.5,3.6,626.6,78,0,0,27,70,28.8,21.1
2026-08-14T02:21:00+05:30,2026-08-14 02:21:00,26.7,29,22.6,0,0,0,148,0,1.5,0,1.5,3.6,626.6,78,0,0,27,70,28.8,21.1
2026-08-14T02:15:00+05:30,2026-08-14 02:15:00,26.7,29,22.6,0,0,0,148,0,1.5,0,1.5,3.6,626.6,78,0,0,27,70,28.8,21.1
2026-08-14T02:10:00+05:30,2026-08-14 02:10:00,26.7,29,22.6,0,0,0,148,0,1.5,0,1.5,3.6,626.6,78,0,0,27,70,28.8,21.1
2026-08-14T02:05:00+05:30,2026-08-14 02:05:00,26.7,29,22.6,0,0,0,148,0,1.5,0,1.5,3.6,626.6,78,0,0,27,70,28.8,21.1
2026-08-14T02:00:00+05:30,2026-08-14 02:00:00,26.8,29.1,22.6,0,0,0,148,0,1.5,0,1.5,3.6,626.6,78,0,0,27.1,70,29.1,21.2
2026-08-14T01:55:00+05:30,2026-08-14 01:55:00,26.8,29.1,22.6,0,0,0,148,0,1.5,0,1.5,3.6,626.6,78,0,0,27.1,70,29.1,21.2
2026-08-14T01:50:00+05:30,2026-08-14 01:50:00,26.8,29.1,22.6,0,0,0,148,0,1.5,0,1.5,3.6,626.6,78,0,0,27.1,70,29.1,21.2
2026-08-14T01:45:00+05:30,2026-08-14 01:45:00,26.8,29.1,22.6,0,0,0,148,0,1.5,0,1.5,3.6,626.6,78,0,0,27.1,69,28.9,20.9
2026-08-14T01:40:00+05:30,2026-08-14 01:40:00,26.9,29.3,22.7,0,0,0,148,0,1.5,0,1.5,3.6,626.6,78,0,0,27.1,69,28.9,20.9
2026-08-14T01:35:00+05:30,2026-08-14 01:35:00,26.9,29.3,22.7,0,0,0,148,0,1.5,0,1.5,3.6,626.6,78,0,0,27.1,69,28.9,20.9
2026-08-14T01:30:00+05:30,2026-08-14 01:30:00,26.9,29.3,22.7,0,0,0,148,0,1.5,0,1.5,3.6,626.6,78,0,0,27.1,69,28.9,20.9
2026-08-14T01:25:00+05:30,2026-08-14 01:25:00,26.9,29.3,22.7,0,0,0,148,0,1.5,0,1.5,3.6,626.6,78,0,0,27.2,69,29.2,21
2026-08-14T01:20:00+05:30,2026-08-14 01:20:00,26.8,29.1,22.6,0,0,0,148,0,1.5,0,1.5,3.6,626.6,78,0,0,27.2,69,29.2,21
2026-08-14T01:16:00+05:30,2026-08-14 01:16:00,26.8,29.1,22.6,0,0,0,148,0,1.5,0,1.5,3.6,626.6,78,0,0,27.2,69,29.2,21
2026-08-14T01:10:00+05:30,2026-08-14 01:10:00,26.9,29.3,22.7,0,0,0,148,0,1.5,0,1.5,3.6,626.6,78,0,0,27.2,69,29.2,21
2026-08-14T01:05:00+05:30,2026-08-14 01:05:00,26.9,29.3,22.7,0,0,0,148,0,1.5,0,1.5,3.6,626.6,78,0,0,27.3,69,29.2,21.1
2026-08-14T01:00:00+05:30,2026-08-14 01:00:00,26.9,29.3,22.7,0,0,0,148,0,1.5,0,1.5,3.6,626.6,78,0,0,27.3,69,29.2,21.1
2026-08-14T00:55:00+05:30,2026-08-14 00:55:00,26.9,29.3,22.7,0,0,0,148,0,1.5,0,1.5,3.6,626.6,78,0,0,27.3,69,29.2,21.1
2026-08-14T00:50:00+05:30,2026-08-14 00:50:00,27,29.6,22.8,0,0,0,148,0,1.5,0,1.5,3.6,626.6,78,0,0,27.4,69,29.4,21.2
2026-08-14T00:45:00+05:30,2026-08-14 00:45:00,27,29.6,22.8,0,0,0,148,0,1.5,0,1.5,3.6,626.6,78,0,0,27.4,69,29.4,21.2
2026-08-14T00:40:00+05:30,2026-08-14 00:40:00,27,29.6,22.8,0,0,0,148,0,1.5,0,1.5,3.6,626.6,78,0,0,27.4,69,29.4,21.2
2026-08-14T00:35:00+05:30,2026-08-14 00:35:00,27,29.6,22.8,0,0,0,148,0,1.5,0,1.5,3.6,626.6,78,0,0,27.4,69,29.4,21.2
2026-08-14T00:30:00+05:30,2026-08-14 00:30:00,27,29.6,22.8,0,0,0,148,0,1.5,0,1.5,3.6,626.6,78,0,0,27.4,69,29.4,21.2
2026-08-14T00:25:00+05:30,2026-08-14 00:25:00,27,29.6,22.8,0,0,0,148,0,1.5,0,1.5,3.6,626.6,78,0,0,27.4,69,29.4,21.2
2026-08-14T00:20:00+05:30,2026-08-14 00:20:00,27,29.6,23,0,0,0,148,0,1.5,0,1.5,3.6,626.6,79,0,0,27.5,69,29.6,21.3
2026-08-14T00:15:00+05:30,2026-08-14 00:15:00,27,29.6,23,0,0,0,148,0,1.5,0,1.5,3.6,626.6,79,0,0,27.4,69,29.4,21.2
2026-08-14T00:11:00+05:30,2026-08-14 00:11:00,27,29.6,23,0,0,0,148,0,1.5,0,1.5,3.6,626.6,79,0,0,27.5,69,29.6,21.3
2026-08-14T00:05:00+05:30,2026-08-14 00:05:00,27.1,29.8,22.9,0,0,0,148,0,1.5,0,1.5,3.6,626.6,78,0,0,27.5,69,29.6,21.3
2026-08-14T00:00:00+05:30,2026-08-14 00:00:00,27.1,29.8,22.9,0,0,0,148,0,1.5,0,1.5,3.6,626.6,78,0,0,27.5,69,29.6,21.3
2026-08-13T23:55:00+05:30,2026-08-13 23:55:00,27.1,29.9,23.1,0,0,20.1,148,0,1.5,1.5,1.5,3.6,626.6,79,0,0,27.6,69,29.8,21.4
2026-08-13T23:50:00+05:30,2026-08-13 23:50:00,27.1,29.9,23.1,0,0,20.1,148,0,1.5,1.5,1.5,3.6,626.6,79,0,0,27.6,69,29.8,21.4
2026-08-13T23:45:00+05:30,2026-08-13 23:45:00,27.1,29.9,23.1,0,0,20.1,148,0,1.5,1.5,1.5,3.6,626.6,79,0,0,27.6,69,29.8,21.4
2026-08-13T23:40:00+05:30,2026-08-13 23:40:00,27.1,29.9,23.1,0,0,20.1,148,0,1.5,1.5,1.5,3.6,626.6,79,0,0,27.6,69,29.8,21.4
2026-08-13T23:35:00+05:30,2026-08-13 23:35:00,27.1,29.9,23.1,0,0,20.1,148,0,1.5,1.5,1.5,3.6,626.6,79,0,0,27.6,69,29.8,21.4
2026-08-13T23:30:00+05:30,2026-08-13 23:30:00,27.2,30.1,23.3,0,0,20.1,148,0,1.5,1.5,1.5,3.6,626.6,79,0,0,27.7,69,30,21.5
2026-08-13T23:25:00+05:30,2026-08-13 23:25:00,27.2,30.1,23.3,0,0,20.1,148,0,1.5,1.5,1.5,3.6,626.6,79,0,0,27.7,69,30,21.5
2026-08-13T23:20:00+05:30,2026-08-13 23:20:00,27.2,30.1,23.3,0,0,20.1,148,0,1.5,1.5,1.5,3.6,626.6,79,0,0,27.7,69,30,21.5
2026-08-13T23:15:00+05:30,2026-08-13 23:15:00,27.2,30.1,23.3,0,0,20.1,148,0,1.5,1.5,1.5,3.6,626.6,79,0,0,27.7,69,30,21.5
2026-08-13T23:10:00+05:30,2026-08-13 23:10:00,27.2,30.1,23.3,0,0,20.1,148,0,1.5,1.5,1.5,3.6,626.6,79,0,0,27.7,69,30,21.5
2026-08-13T23:05:00+05:30,2026-08-13 23:05:00,27.2,30.1,23.3,0,0,20.1,148,0,1.5,1.5,1.5,3.6,626.6,79,0,0,27.8,69,30.1,21.6
2026-08-13T23:00:00+05:30,2026-08-13 23:00:00,27.2,30.1,23.3,0,0,20.1,148,0,1.5,1.5,1.5,3.6,626.6,79,0,0,27.8,69,30.1,21.6
2026-08-13T22:55:00+05:30,2026-08-13 22:55:00,27.2,30.1,23.3,0,0,20.1,148,0,1.5,1.5,1.5,3.6,626.6,79,0,0,27.8,69,30.1,21.6
2026-08-13T22:50:00+05:30,2026-08-13 22:50:00,27.3,30.3,23.3,0,0,20.1,148,0,1.5,1.5,1.5,3.6,626.6,79,0,0,27.8,69,30.1,21.6
2026-08-13T22:45:00+05:30,2026-08-13 22:45:00,27.3,30.3,23.3,0,0,20.1,148,0,1.5,1.5,1.5,3.6,626.6,79,0,0,27.8,69,30.1,21.6
2026-08-13T22:40:00+05:30,2026-08-13 22:40:00,27.3,30.3,23.3,0,0,20.1,148,0,1.5,1.5,1.5,3.6,626.6,79,0,0,27.8,69,30.1,21.6
2026-08-13T22:35:00+05:30,2026-08-13 22:35:00,27.3,30.3,23.3,0,0,20.1,148,0,1.5,1.5,1.5,3.6,626.6,79,0,0,27.8,69,30.1,21.6
2026-08-13T22:30:00+05:30,2026-08-13 22:30:00,27.3,30.3,23.3,0,0,20.1,148,0,1.5,1.5,1.5,3.6,626.6,79,0,0,27.9,69,30.3,21.7
2026-08-13T22:25:00+05:30,2026-08-13 22:25:00,27.3,30.3,23.3,0,0,20.1,148,0,1.5,1.5,1.5,3.6,626.6,79,0,0,27.9,69,30.3,21.7
2026-08-13T22:20:00+05:30,2026-08-13 22:20:00,27.3,30.3,23.3,0,0,20.1,148,0,1.5,1.5,1.5,3.6,626.6,79,0,0,27.9,69,30.3,21.7
2026-08-13T22:15:00+05:30,2026-08-13 22:15:00,27.3,30.3,23.3,0,0,20.1,148,0,1.5,1.5,1.5,3.6,626.6,79,0,0,27.9,69,30.3,21.7
2026-08-13T22:10:00+05:30,2026-08-13 22:10:00,27.4,30.5,23.4,0,0,20.1,148,0,1.5,1.5,1.5,3.6,626.6,79,0,0,27.9,69,30.3,21.7
2026-08-13T22:05:00+05:30,2026-08-13 22:05:00,27.4,30.5,23.4,0,0,20.1,148,0,1.5,1.5,1.5,3.6,626.6,79,0,0,28,69,30.6,21.8
2026-08-13T22:00:00+05:30,2026-08-13 22:00:00,27.4,30.5,23.4,0,0,20.1,148,0,1.5,1.5,1.5,3.6,626.6,79,0,0,28,69,30.6,21.8
2026-08-13T21:55:00+05:30,2026-08-13 21:55:00,27.4,30.5,23.4,0,0,20.1,148,0,1.5,1.5,1.5,3.6,626.6,79,0,0,28,69,30.6,21.8
2026-08-13T21:50:00+05:30,2026-08-13 21:50:00,27.5,30.8,23.5,0,0,20.1,148,0,1.5,1.5,1.5,3.6,626.6,79,0,0,28,69,30.6,21.8
2026-08-13T21:46:00+05:30,2026-08-13 21:46:00,27.5,30.8,23.5,0,0,20.1,148,0,1.5,1.5,1.5,3.6,626.6,79,0,0,28,69,30.6,21.8
2026-08-13T21:40:00+05:30,2026-08-13 21:40:00,27.5,30.8,23.5,0,0,20.1,148,0,1.5,1.5,1.5,3.6,626.6,79,0,0,28,69,30.6,21.8
2026-08-13T21:35:00+05:30,2026-08-13 21:35:00,27.5,30.8,23.5,0,0,20.1,148,0,1.5,1.5,1.5,3.6,626.6,79,0,0,28.1,69,30.7,21.9
2026-08-13T21:30:00+05:30,2026-08-13 21:30:00,27.5,30.8,23.5,0,0,20.1,148,0,1.5,1.5,1.5,3.6,626.6,79,0,0,28.1,69,30.7,21.9
2026-08-13T21:25:00+05:30,2026-08-13 21:25:00,27.5,30.8,23.5,0,0,20.1,148,0,1.5,1.5,1.5,3.6,626.6,79,0,0,28.1,69,30.7,21.9
2026-08-13T21:20:00+05:30,2026-08-13 21:20:00,27.5,30.8,23.5,0,0,20.1,148,0,1.5,1.5,1.5,3.6,626.6,79,0,0,28.1,69,30.7,21.9
2026-08-13T21:15:00+05:30,2026-08-13 21:15:00,27.5,30.8,23.5,0,0,20.1,148,0,1.5,1.5,1.5,3.6,626.6,79,0,0,28.2,69,30.9,22
2026-08-13T21:10:00+05:30,2026-08-13 21:10:00,27.5,30.8,23.5,0,0,20.1,148,0,1.5,1.5,1.5,3.6,626.6,79,0,0,28.2,69,30.9,22
2026-08-13T21:05:00+05:30,2026-08-13 21:05:00,27.6,31,23.6,0,0,20.1,148,0,1.5,1.5,1.5,3.6,626.6,79,0,0,28.2,69,30.9,22
2026-08-13T21:00:00+05:30,2026-08-13 21:00:00,27.6,31,23.6,0,0,20.1,148,0,1.5,1.5,1.5,3.6,626.6,79,0,0,28.2,69,30.9,22
2026-08-13T20:55:00+05:30,2026-08-13 20:55:00,27.6,31,23.6,0,0,20.1,148,0,1.5,1.5,1.5,3.6,626.6,79,0,0,28.3,69,31.1,22.1
2026-08-13T20:50:00+05:30,2026-08-13 20:50:00,27.6,31,23.6,0,0,20.1,148,0,1.5,1.5,1.5,3.6,626.6,79,0,0,28.3,69,31.1,22.1
2026-08-13T20:45:00+05:30,2026-08-13 20:45:00,27.6,30.9,23.4,0,0,20.1,148,0,1.5,1.5,1.5,3.6,626.6,78,0,0,28.3,69,31.1,22.1
2026-08-13T20:41:00+05:30,2026-08-13 20:41:00,27.6,30.9,23.4,0,0,20.1,148,0,1.5,1.5,1.5,3.6,626.6,78,0,0,28.3,69,31.1,22.1
2026-08-13T20:35:00+05:30,2026-08-13 20:35:00,27.7,31.1,23.5,0,0,20.1,148,0,1.5,1.5,1.5,3.6,626.6,78,0,0,28.4,69,31.3,22.2
2026-08-13T20:30:00+05:30,2026-08-13 20:30:00,27.7,31.3,23.7,0,0,20.1,148,0,1.5,1.5,1.5,3.6,626.6,79,0,0,28.4,69,31.3,22.2
2026-08-13T20:25:00+05:30,2026-08-13 20:25:00,27.7,31.3,23.7,0,0,20.1,148,0,1.5,1.5,1.5,3.6,626.6,79,0,0,28.4,69,31.3,22.2
2026-08-13T20:20:00+05:30,2026-08-13 20:20:00,27.8,31.4,23.8,0,0,20.1,148,0,1.5,1.5,1.5,3.6,626.6,79,0,0,28.5,69,31.5,22.2
2026-08-13T20:15:00+05:30,2026-08-13 20:15:00,27.8,31.4,23.8,0,0,20.1,148,0,1.5,1.5,1.5,3.6,626.6,79,0,0,28.5,68,31.3,22
2026-08-13T20:10:00+05:30,2026-08-13 20:10:00,27.8,31.3,23.6,0,0,20.1,148,0,1.5,1.5,1.5,3.6,626.6,78,0,0,28.5,68,31.3,22
2026-08-13T20:05:00+05:30,2026-08-13 20:05:00,27.8,31.3,23.6,0,0,20.1,148,0,1.5,1.5,1.5,3.6,626.6,78,0,0,28.6,68,31.6,22.1
2026-08-13T20:00:00+05:30,2026-08-13 20:00:00,27.9,31.5,23.7,0,0,20.1,149,0,1.5,1.5,1.5,3.6,626.6,78,0,0,28.6,68,31.6,22.1
2026-08-13T19:55:00+05:30,2026-08-13 19:55:00,27.9,31.5,23.7,0,0,20.1,149,0,1.5,1.5,1.5,3.6,626.6,78,0,0,28.6,68,31.6,22.1
2026-08-13T19:50:00+05:30,2026-08-13 19:50:00,27.9,31.5,23.7,0,0,20.1,149,0,1.5,1.5,1.5,3.6,626.6,78,0,0,28.6,68,31.6,22.1
2026-08-13T19:45:00+05:30,2026-08-13 19:45:00,28,31.8,23.8,0,0,20.1,149,0,1.5,1.5,1.5,3.6,626.6,78,0,0,28.6,68,31.6,22.1
2026-08-13T19:40:00+05:30,2026-08-13 19:40:00,28,31.8,23.8,0,0,20.1,149,0,1.5,1.5,1.5,3.6,626.6,78,0,0,28.7,68,31.8,22.2
2026-08-13T19:36:00+05:30,2026-08-13 19:36:00,28,31.8,23.8,0,0,20.1,149,0,1.5,1.5,1.5,3.6,626.6,78,0,0,28.7,68,31.8,22.2
2026-08-13T19:30:00+05:30,2026-08-13 19:30:00,28,31.8,23.8,0,0,20.1,149,0,1.5,1.5,1.5,3.6,626.6,78,0,0,28.7,68,31.8,22.2
2026-08-13T19:25:00+05:30,2026-08-13 19:25:00,28.1,31.9,23.7,0,0,20.1,149,0,1.5,1.5,1.5,3.6,626.6,77,0,0,28.8,68,31.9,22.3
2026-08-13T19:20:00+05:30,2026-08-13 19:20:00,28.1,31.9,23.7,0,0,20.1,149,0,1.5,1.5,1.5,3.6,626.6,77,0,0,28.8,68,31.9,22.3
2026-08-13T19:15:00+05:30,2026-08-13 19:15:00,28.1,31.9,23.7,0,0,20.1,149,0,1.5,1.5,1.5,3.6,626.6,77,0,0,28.8,68,31.9,22.3
2026-08-13T19:10:00+05:30,2026-08-13 19:10:00,28.1,31.9,23.7,0,0,20.1,149,0,1.5,1.5,1.5,3.6,626.6,77,0,0,28.8,68,31.9,22.3
2026-08-13T19:05:00+05:30,2026-08-13 19:05:00,28.1,31.9,23.7,0,0,20.1,149,0,1.5,1.5,1.5,3.6,626.6,77,0,0,28.9,67,31.9,22.1
2026-08-13T19:00:00+05:30,2026-08-13 19:00:00,28.1,31.9,23.7,0,0,20.1,149,0,1.5,1.5,1.5,3.6,626.6,77,0,0,28.9,67,31.9,22.1
2026-08-13T18:55:00+05:30,2026-08-13 18:55:00,28.2,32.2,23.8,0,0,20.1,149,0,1.5,1.5,1.5,3.6,626.6,77,0,0,28.9,67,31.9,22.1
2026-08-13T18:50:00+05:30,2026-08-13 18:50:00,28.2,32.2,23.8,0,0,20.1,149,0,1.5,1.5,1.5,3.6,626.6,77,0,0,29,67,32.2,22.2
2026-08-13T18:45:00+05:30,2026-08-13 18:45:00,28.2,32,23.6,0,0,20.1,149,0,1.5,1.5,1.5,3.6,626.6,76,0,0,29,67,32.2,22.2
2026-08-13T18:40:00+05:30,2026-08-13 18:40:00,28.2,32,23.6,0,0,20.1,149,0,1.5,1.5,1.5,3.6,626.6,76,0,0,29,67,32.2,22.2
2026-08-13T18:35:00+05:30,2026-08-13 18:35:00,28.3,32.1,23.6,0,0,20.1,149,0,1.5,1.5,1.5,3.6,626.6,76,0,0,29.1,67,32.4,22.3
2026-08-13T18:30:00+05:30,2026-08-13 18:30:00,28.3,32.1,23.6,0,0,20.1,149,0,1.5,1.5,1.5,3.6,626.6,76,0,0,29.1,67,32.4,22.3
2026-08-13T18:25:00+05:30,2026-08-13 18:25:00,28.3,32.3,23.8,0,0,20.1,149,0,1.5,1.5,1.5,3.6,626.6,77,0,0,29.1,67,32.4,22.3
2026-08-13T18:20:00+05:30,2026-08-13 18:20:00,28.3,32.3,23.8,0,0,20.1,149,0,1.5,1.5,1.5,3.6,626.6,77,0,0,29.2,67,32.7,22.4
2026-08-13T18:16:00+05:30,2026-08-13 18:16:00,28.4,32.6,24,0,0,20.1,149,0,1.5,1.5,1.5,3.6,626.6,77,0,0,29.2,67,32.7,22.4
2026-08-13T18:10:00+05:30,2026-08-13 18:10:00,28.4,32.6,24,0,0,20.1,149,0,1.5,1.5,1.5,3.6,626.6,77,0,0,29.2,67,32.7,22.4
2026-08-13T18:05:00+05:30,2026-08-13 18:05:00,28.4,32.6,24,0,0,20.1,149,0,1.5,1.5,1.5,3.6,626.6,77,0,0,29.2,67,32.7,22.4
2026-08-13T18:00:00+05:30,2026-08-13 18:00:00,28.4,32.6,24,0,0,20.1,149,0,1.5,1.5,1.5,3.6,626.6,77,0,0,29.2,67,32.7,22.4
2026-08-13T17:55:00+05:30,2026-08-13 17:55:00,28.4,32.4,23.7,0,0,20.1,149,0,1.5,1.5,1.5,3.6,626.6,76,0,0,29.2,67,32.7,22.4
2026-08-13T17:50:00+05:30,2026-08-13 17:50:00,28.4,32.4,23.7,0,0,20.1,149,0,1.5,1.5,1.5,3.6,626.6,76,0,0,29.3,67,32.8,22.5
2026-08-13T17:45:00+05:30,2026-08-13 17:45:00,28.4,32.4,23.7,0,0,20.1,149,0,1.5,1.5,1.5,3.6,626.6,76,0,0,29.3,67,32.8,22.5
2026-08-13T17:40:00+05:30,2026-08-13 17:40:00,28.5,32.7,23.8,0,0,20.1,149,0,1.5,1.5,1.5,3.6,626.6,76,0,0,29.3,66,32.6,22.3
2026-08-13T17:35:00+05:30,2026-08-13 17:35:00,28.5,32.7,23.8,0,0,20.1,149,0,1.5,1.5,1.5,3.6,626.6,76,0,0.1,29.3,66,32.6,22.3
2026-08-13T17:30:00+05:30,2026-08-13 17:30:00,28.5,32.7,23.8,0,0,20.1,149,0,1.5,1.5,1.5,3.6,626.6,76,0,0.1,29.4,66,32.8,22.3
2026-08-13T17:25:00+05:30,2026-08-13 17:25:00,28.5,32.5,23.6,0,0,20.1,149,0,1.5,1.5,1.5,3.6,626.6,75,0,0,29.4,66,32.8,22.3
2026-08-13T17:20:00+05:30,2026-08-13 17:20:00,28.5,32.5,23.6,0,0,20.1,149,0,1.5,1.5,1.5,3.6,626.6,75,0,0,29.4,66,32.8,22.3
2026-08-13T17:15:00+05:30,2026-08-13 17:15:00,28.5,32.5,23.6,0,0,20.1,149,0,1.5,1.5,1.5,3.6,626.6,75,0,0.1,29.5,66,33.1,22.4
2026-08-13T17:11:00+05:30,2026-08-13 17:11:00,28.6,32.8,23.7,0,0,20.1,149,0,1.5,1.5,1.5,3.6,626.6,75,0,0,29.5,66,33.1,22.4
2026-08-13T17:05:00+05:30,2026-08-13 17:05:00,28.6,32.9,24,0,0,20.1,149,0,1.5,1.5,1.5,3.6,626.6,76,0,0.1,29.5,66,33.1,22.4
2026-08-13T17:00:00+05:30,2026-08-13 17:00:00,28.6,32.9,24,0,0,20.1,149,0,1.5,1.5,1.5,3.6,626.6,76,0,0.1,29.5,66,33.1,22.4
2026-08-13T16:55:00+05:30,2026-08-13 16:55:00,28.6,32.9,24,0,0,20.1,149,0,1.5,1.5,1.5,3.6,626.6,76,0,0.1,29.5,66,33.1,22.4
2026-08-13T16:50:00+05:30,2026-08-13 16:50:00,28.7,33,23.8,0,0,20.1,149,0,1.5,1.5,1.5,3.6,626.6,75,0,0.1,29.5,66,33.1,22.4
2026-08-13T16:45:00+05:30,2026-08-13 16:45:00,28.7,33,23.8,0,0,20.1,149,0,1.5,1.5,1.5,3.6,626.6,75,0,0.1,29.6,66,33.3,22.6
2026-08-13T16:40:00+05:30,2026-08-13 16:40:00,28.7,33,23.8,0,0,20.1,149,0,1.5,1.5,1.5,3.6,626.6,75,0,0.1,29.6,66,33.3,22.6
2026-08-13T16:35:00+05:30,2026-08-13 16:35:00,28.7,33,23.8,0,0,20.1,149,0,1.5,1.5,1.5,3.6,626.6,75,0,0.1,29.6,66,33.3,22.6
2026-08-13T16:30:00+05:30,2026-08-13 16:30:00,28.7,33,23.8,0,0,20.1,149,0,1.5,1.5,1.5,3.6,626.6,75,0,0.3,29.6,66,33.3,22.6
2026-08-13T16:25:00+05:30,2026-08-13 16:25:00,28.7,33,23.8,0,0,20.1,149,0,1.5,1.5,1.5,3.6,626.6,75,0,0.6,29.6,65,33.1,22.3
2026-08-13T16:20:00+05:30,2026-08-13 16:20:00,28.7,32.8,23.6,0,0,20.1,149,0,1.5,1.5,1.5,3.6,626.6,74,0,0.6,29.6,65,33.1,22.3
2026-08-13T16:15:00+05:30,2026-08-13 16:15:00,28.7,32.8,23.6,0,0,20.1,150,0,1.5,1.5,1.5,3.6,626.6,74,0,0.4,29.7,65,33.3,22.4
2026-08-13T16:10:00+05:30,2026-08-13 16:10:00,28.8,32.8,23.4,0,0,20.1,149,0,1.5,1.5,1.5,3.6,626.6,73,0,0.5,29.7,65,33.3,22.4
2026-08-13T16:06:00+05:30,2026-08-13 16:06:00,28.9,33,23.5,0,0,20.1,150,0,1.5,1.5,1.5,3.6,626.6,73,0,0.5,29.7,65,33.3,22.4
2026-08-13T16:00:00+05:30,2026-08-13 16:00:00,28.9,33.2,23.8,0,0,20.1,150,0,1.5,1.5,1.5,3.6,626.6,74,0,0.6,29.7,65,33.3,22.4
2026-08-13T15:55:00+05:30,2026-08-13 15:55:00,28.9,33.2,23.8,0,0,20.1,149,0,1.5,1.5,1.5,3.6,626.6,74,0,0.6,29.7,65,33.3,22.4
2026-08-13T15:50:00+05:30,2026-08-13 15:50:00,28.9,33.4,24,0,0,20.1,149,0,1.5,1.5,1.5,3.6,626.6,75,0,0.6,29.7,66,33.5,22.7
2026-08-13T15:45:00+05:30,2026-08-13 15:45:00,28.9,33.4,24,0,0,20.1,150,0,1.5,1.5,1.5,3.6,626.6,75,0,0.7,29.7,66,33.5,22.7
2026-08-13T15:40:00+05:30,2026-08-13 15:40:00,28.9,33.6,24.2,0,0,20.1,150,0,1.5,1.5,1.5,3.6,626.6,76,0,0.6,29.7,66,33.5,22.7
2026-08-13T15:35:00+05:30,2026-08-13 15:35:00,28.9,33.6,24.2,0,0,20.1,149,0,1.5,1.5,1.5,3.6,626.6,76,0,0.9,29.7,67,33.7,22.9
2026-08-13T15:30:00+05:30,2026-08-13 15:30:00,28.9,33.6,24.2,0,0,20.1,149,0,1.5,1.5,1.5,3.6,626.6,76,0,0.6,29.7,67,33.7,22.9
2026-08-13T15:25:00+05:30,2026-08-13 15:25:00,28.9,33.6,24.2,0,0,20.1,150,0,1.5,1.5,1.5,3.6,626.6,76,0,0.6,29.7,66,33.5,22.7
2026-08-13T15:20:00+05:30,2026-08-13 15:20:00,28.9,33.4,24,0,0,20.1,149,0,1.5,1.5,1.5,3.6,626.6,75,0,0.9,29.7,66,33.5,22.7
2026-08-13T15:15:00+05:30,2026-08-13 15:15:00,28.9,33.4,24,0,0,20.1,149,0,1.5,1.5,1.5,3.6,626.6,75,0,0.7,29.6,66,33.3,22.6
2026-08-13T15:10:00+05:30,2026-08-13 15:10:00,28.8,33.2,23.9,0,0,20.1,149,0,1.5,1.5,1.5,3.6,626.6,75,0,0.8,29.6,66,33.3,22.6
2026-08-13T15:05:00+05:30,2026-08-13 15:05:00,28.8,33.2,23.9,0,0,20.1,149,0,1.5,1.5,1.5,3.6,626.6,75,0,0.8,29.7,66,33.5,22.7
2026-08-13T15:00:00+05:30,2026-08-13 15:00:00,28.8,33.2,23.9,0,0,20.1,149,0,1.5,1.5,1.5,3.6,626.6,75,0,0.9,29.6,66,33.3,22.6
2026-08-13T14:55:00+05:30,2026-08-13 14:55:00,28.8,33.2,23.9,0,0,20.1,149,0,1.5,1.5,1.5,3.6,626.6,75,0,0.7,29.6,66,33.3,22.6
2026-08-13T14:50:00+05:30,2026-08-13 14:50:00,28.8,33.2,23.9,0,0,20.1,150,0,1.5,1.5,1.5,3.6,626.6,75,0,0.8,29.7,67,33.7,22.9
2026-08-13T14:45:00+05:30,2026-08-13 14:45:00,28.8,33.3,24.1,0,0,20.1,149,0,1.5,1.5,1.5,3.6,626.6,76,0,1,29.6,68,33.7,23.1
2026-08-13T14:40:00+05:30,2026-08-13 14:40:00,28.8,33.5,24.3,0,0,20.1,149,0,1.5,1.5,1.5,3.6,626.6,77,0,1,29.6,68,33.7,23.1
2026-08-13T14:35:00+05:30,2026-08-13 14:35:00,28.7,33.6,24.5,0,0,20.1,150,0,1.5,1.5,1.5,3.6,626.6,78,0,1.2,29.6,68,33.7,23.1
2026-08-13T14:30:00+05:30,2026-08-13 14:30:00,28.6,33.3,24.4,0,0,20.1,150,0,1.5,1.5,1.5,3.6,626.6,78,0,1.1,29.6,68,33.7,23.1
2026-08-13T14:25:00+05:30,2026-08-13 14:25:00,28.6,33.3,24.4,0,0,20.1,150,0,1.5,1.5,1.5,3.6,626.6,78,0,1.3,29.5,68,33.4,22.9
2026-08-13T14:20:00+05:30,2026-08-13 14:20:00,28.6,33.1,24.2,0,0,20.1,150,0,1.5,1.5,1.5,3.6,626.6,77,0,0.7,29.5,68,33.4,22.9
2026-08-13T14:15:00+05:30,2026-08-13 14:15:00,28.6,33.1,24.2,0,0,20.1,149,0,1.5,1.5,1.5,3.6,626.6,77,0,0.7,29.5,68,33.4,22.9
2026-08-13T14:10:00+05:30,2026-08-13 14:10:00,28.5,33,24.3,0,0,20.1,150,0,1.5,1.5,1.5,3.6,626.6,78,0,0.8,29.5,68,33.4,22.9
2026-08-13T14:05:00+05:30,2026-08-13 14:05:00,28.4,32.6,24,0,0,20.1,149,0,1.5,1.5,1.5,3.6,626.6,77,0,1.1,29.4,68,33.2,22.8
2026-08-13T14:00:00+05:30,2026-08-13 14:00:00,28.5,33.2,24.5,0,0,20.1,149,0,1.5,1.5,1.5,3.6,626.6,79,0,0.6,29.4,69,33.4,23.1
2026-08-13T13:55:00+05:30,2026-08-13 13:55:00,28.6,33.5,24.6,0,0,20.1,149,0,1.5,1.5,1.5,3.6,626.6,79,0,1,29.4,69,33.4,23.1
2026-08-13T13:50:00+05:30,2026-08-13 13:50:00,28.6,33.3,24.4,0,0,20.1,149,0,1.5,1.5,1.5,3.6,626.6,78,0,0.7,29.3,70,33.3,23.2
2026-08-13T13:45:00+05:30,2026-08-13 13:45:00,28.5,33.2,24.5,0,0,20.1,146,0,1.5,1.5,1.5,3.6,626.6,79,0,5.4,29.2,70,33.2,23.2
2026-08-13T13:41:00+05:30,2026-08-13 13:41:00,28.4,32.9,24.4,0,0,20.1,146,0,1.5,1.5,1.5,3.6,626.6,79,0,7.2,29.2,69,33,22.9
2026-08-13T13:35:00+05:30,2026-08-13 13:35:00,28.2,32.5,24.2,0,0,20.1,154,0,1.5,1.5,1.5,3.6,626.6,79,0,4.3,29.1,69,32.8,22.8
2026-08-13T13:30:00+05:30,2026-08-13 13:30:00,28.1,32.2,24.1,0,0,20.1,158,0,1.5,1.5,1.5,3.6,626.6,79,0,3,29.1,69,32.8,22.8
2026-08-13T13:25:00+05:30,2026-08-13 13:25:00,28,31.9,24,0,0,20.1,157,0,1.5,1.5,1.5,3.6,626.6,79,0,4.7,29,69,32.6,22.7
2026-08-13T13:20:00+05:30,2026-08-13 13:20:00,28.1,32.2,24.1,0,0,20.1,158,0,1.5,1.5,1.5,3.6,626.6,79,0,4.8,29,69,32.6,22.7
2026-08-13T13:15:00+05:30,2026-08-13 13:15:00,28.1,32.2,24.1,0.6,1.8,20.1,162,0,1.5,1.5,1.5,3.6,626.6,79,0,4.2,29,70,32.7,22.9
2026-08-13T13:10:00+05:30,2026-08-13 13:10:00,28.1,32.1,23.9,0,9.3,20.1,157,0,1.5,1.5,1.5,3.6,626.6,78,0,4.7,29,70,32.7,22.9
2026-08-13T13:05:00+05:30,2026-08-13 13:05:00,28,31.9,24,0,0,20.1,168,0,1.5,1.5,1.5,3.6,626.6,79,0,5.9,29,70,32.7,22.9
2026-08-13T13:00:00+05:30,2026-08-13 13:00:00,28,31.8,23.8,0,0,20.1,157,0,1.5,1.5,1.5,3.6,626.6,78,0,4.6,28.9,70,32.5,22.8
2026-08-13T12:55:00+05:30,2026-08-13 12:55:00,28,31.9,24,0,0,20.1,157,0,1.5,1.5,1.5,3.6,626.6,79,0,4.7,28.8,69,32.1,22.5
2026-08-13T12:50:00+05:30,2026-08-13 12:50:00,28,31.8,23.8,0,0,20.1,157,0,1.5,1.5,1.5,3.6,626.6,78,0,4.2,28.8,69,32.1,22.5
2026-08-13T12:45:00+05:30,2026-08-13 12:45:00,27.8,31.3,23.6,0,0,20.1,158,0,1.5,1.5,1.5,3.6,626.6,78,0,4.4,28.8,70,32.2,22.7
2026-08-13T12:40:00+05:30,2026-08-13 12:40:00,27.4,30.7,23.8,0,0,20.1,158,0,1.5,1.5,1.5,3.6,626.6,81,0,5.4,28.7,70,32.1,22.7
2026-08-13T12:36:00+05:30,2026-08-13 12:36:00,27.2,30.6,24.1,0,0,20.1,157,0,1.5,1.5,1.5,3.6,626.6,83,0,5.6,28.6,71,32.1,22.8
2026-08-13T12:30:00+05:30,2026-08-13 12:30:00,26.9,29.9,23.9,0,0,20.1,158,0,1.5,1.5,1.5,3.6,626.6,84,0,6.7,28.6,71,32.1,22.8
2026-08-13T12:25:00+05:30,2026-08-13 12:25:00,26.8,29.6,23.8,0,0,20.1,158,0,1.5,1.5,1.5,3.6,626.6,84,0,5,28.5,71,31.8,22.7
2026-08-13T12:20:00+05:30,2026-08-13 12:20:00,26.6,27.5,23.7,0,0,20.1,158,0,1.5,1.5,1.5,3.6,626.6,84,0,5.2,28.4,71,31.6,22.6
2026-08-13T12:15:00+05:30,2026-08-13 12:15:00,26.5,27.4,23.6,0,0,20.1,158,0,1.5,1.5,1.5,3.6,626.6,84,0,5.5,28.3,71,31.4,22.5
2026-08-13T12:10:00+05:30,2026-08-13 12:10:00,26.2,27.1,23.5,0,3.5,20.1,158,0,1.5,1.5,1.5,3.6,626.6,85,0,5.7,28.2,71,31.2,22.4
2026-08-13T12:05:00+05:30,2026-08-13 12:05:00,25.7,26.6,23.2,0,0,20.1,158,0,1.5,1.5,1.5,3.6,626.6,86,0,4.3,28.2,71,31.2,22.4
2026-08-13T12:00:00+05:30,2026-08-13 12:00:00,25.6,26.5,23.3,0.3,1.8,20.1,157,0,1.5,1.5,1.5,3.6,626.6,87,0,3.4,28.2,71,31.2,22.4
2026-08-13T11:55:00+05:30,2026-08-13 11:55:00,25.4,26.3,23.4,0,0,20.1,162,0,1.5,1.5,1.5,3.6,626.6,89,0,5.2,28.2,71,31.2,22.4
2026-08-13T11:50:00+05:30,2026-08-13 11:50:00,25.5,26.5,23.7,0,0,20.1,158,0,1.5,1.5,1.5,3.6,626.6,90,0,6.1,28.1,72,31.2,22.6
2026-08-13T11:45:00+05:30,2026-08-13 11:45:00,25.7,26.7,24,0,0,20.1,158,0,1.5,1.5,1.5,3.6,626.6,90,0,6.3,28.1,73,31.3,22.8
2026-08-13T11:40:00+05:30,2026-08-13 11:40:00,26.3,27.3,24.5,0,1.8,20.1,158,0,1.5,1.5,1.5,3.6,626.6,90,0,5.8,28.1,73,31.3,22.8
2026-08-13T11:35:00+05:30,2026-08-13 11:35:00,27,30.7,24.8,0,0,20.1,158,0,1.5,1.5,1.5,3.6,626.6,88,0,4.9,28.1,73,31.3,22.8
2026-08-13T11:31:00+05:30,2026-08-13 11:31:00,27.5,31.7,24.9,0,7.2,20.1,79,0,1.5,1.5,1.5,3.6,626.6,86,0,4.9,28,73,31.1,22.7
2026-08-13T11:25:00+05:30,2026-08-13 11:25:00,28.3,33,24.7,0,7.2,20.1,31,8.9,1.5,1.5,1.5,3.6,626.6,81,0,4.6,28,73,31.1,22.7
2026-08-13T11:20:00+05:30,2026-08-13 11:20:00,,,,0,0,20.1,265,8.9,1.5,1.5,1.5,3.6,626.6,,0,1.4,28,73,31.1,22.7
2026-08-13T11:15:00+05:30,2026-08-13 11:15:00,28.2,32.7,24.4,0,0,20.1,112,0,0,0,0,2,625.1,80,0,0.5,27.9,73,30.8,22.6
2026-08-13T11:10:00+05:30,2026-08-13 11:10:00,28.3,32.6,24.3,0,0,20.1,125,0,0,0,0,2,625.1,79,0,0.8,27.9,73,30.8,22.6
2026-08-13T11:05:00+05:30,2026-08-13 11:05:00,28.2,32.7,24.4,0,0,20.1,142,0,0,0,0,2,625.1,80,0,0.4,27.8,73,30.6,22.5
2026-08-13T11:00:00+05:30,2026-08-13 11:00:00,27.9,31.8,24.1,0.3,1.8,20.1,274,0,0,0,0,2,625.1,80,0,2.1,27.7,73,30.5,22.4
2026-08-13T10:55:00+05:30,2026-08-13 10:55:00,27.5,31,23.9,0,1.8,20.1,226,0,0,0,0,2,625.1,81,0,3.1,27.7,72,30.4,22.2
2026-08-13T10:50:00+05:30,2026-08-13 10:50:00,27.8,31.6,24,0.3,1.8,20.1,135,0,0,0,0,2,625.1,80,0,64.7,27.7,72,30.4,22.2
2026-08-13T10:45:00+05:30,2026-08-13 10:45:00,27.4,30.6,23.6,0,9.3,20.1,197,0,0,0,0,2,625.1,80,0,29.2,27.6,72,30.2,22.1
2026-08-13T10:40:00+05:30,2026-08-13 10:40:00,,,,1.4,5.5,20.1,69,0,0,0,0,2,625.1,,1,167.4,27.6,72,30.2,22.1
2026-08-13T10:35:00+05:30,2026-08-13 10:35:00,,,,10.8,14.8,20.1,102,0,0,0,0,2,625.1,,2,276.5,27.5,72,29.9,22
2026-08-13T10:30:00+05:30,2026-08-13 10:30:00,,,,0,13,20.1,72,0,0,0,0,2,625.1,,7,800.8,27.5,72,29.9,22
2026-08-13T10:25:00+05:30,2026-08-13 10:25:00,,,,7.6,11.1,20.1,121,0,0,0,0,2,625.1,,8,875.8,27.5,72,29.9,22
2026-08-13T10:20:00+05:30,2026-08-13 10:20:00,,,,4,13,20.1,135,0,0,0,0,2,625.1,,7,753.9,27.4,72,29.7,21.9
2026-08-13T10:15:00+05:30,2026-08-13 10:15:00,,,,8.7,13,20.1,138,0,0,0,0,2,625.1,,7,791.8,27.3,73,29.6,22
2026-08-13T10:11:00+05:30,2026-08-13 10:11:00,,,,1.4,13,20.1,134,0,0,0,0,2,625.1,,3,344,27.3,73,29.6,22
2026-08-13T10:05:00+05:30,2026-08-13 10:05:00,,,,5,7.2,20.1,120,0,0,0,0,2,625.1,,6,692.4,27.2,73,29.5,21.9
2026-08-13T10:00:00+05:30,2026-08-13 10:00:00,,,,0,7.2,20.1,77,0,0,0,0,2,625.1,,7,772.2,27.2,73,29.5,21.9
2026-08-13T09:55:00+05:30,2026-08-13 09:55:00,,,,0.3,7.2,20.1,97,0,0,0,0,2,625.1,,4,471.4,27.1,73,29.3,21.8
2026-08-13T09:50:00+05:30,2026-08-13 09:50:00,,,,7.2,14.8,20.1,74,0,0,0,0,2,625.1,,5,608.3,27.1,73,29.3,21.8
2026-08-13T09:45:00+05:30,2026-08-13 09:45:00,,,,3.5,9.3,20.1,136,0,0,0,0,2,625.1,,7,748.5,27,73,29.1,21.7
2026-08-13T09:40:00+05:30,2026-08-13 09:40:00,,,,0,9.3,20.1,98,0,0,0,0,2,625.1,,6,696.4,26.9,73,28.9,21.6
2026-08-13T09:35:00+05:30,2026-08-13 09:35:00,,,,3.5,7.2,20.1,87,0,0,0,0,2,625.1,,6,673.8,26.9,73,28.9,21.6
2026-08-13T09:30:00+05:30,2026-08-13 09:30:00,,,,11.1,18.3,20.1,106,0,0,0,0,2,625.1,,6,667.8,26.9,74,29,21.8
2026-08-13T09:25:00+05:30,2026-08-13 09:25:00,,,,8.2,9.3,16.6,124,0,0,0,0,2,625.1,,2,207.6,26.8,74,28.8,21.7
2026-08-13T09:20:00+05:30,2026-08-13 09:20:00,,,,2.9,9.3,16.6,93,0,0,0,0,2,625.1,,5,605,26.8,74,28.8,21.7
2026-08-13T09:15:00+05:30,2026-08-13 09:15:00,,,,2.9,9.3,16.6,62,0,0,0,0,2,625.1,,2,236.8,26.7,74,28.7,21.7
2026-08-13T09:10:00+05:30,2026-08-13 09:10:00,,,,4.3,11.1,16.6,41,0,0,0,0,2,625.1,,5,517.4,26.7,74,28.7,21.7
2026-08-13T09:06:00+05:30,2026-08-13 09:06:00,,,,2.6,9.3,14.8,95,0,0,0,0,2,625.1,,2,208.9,26.7,74,28.7,21.7
2026-08-13T09:00:00+05:30,2026-08-13 09:00:00,,,,6.4,9.3,14.8,74,0,0,0,0,2,625.1,,6,624.2,26.6,74,27.3,21.6
2026-08-13T08:55:00+05:30,2026-08-13 08:55:00,,,,0,3.5,14.8,116,0,0,0,0,2,625.1,,5,531,26.6,74,27.3,21.6
2026-08-13T08:50:00+05:30,2026-08-13 08:50:00,,,,0.6,3.5,14.8,93,0,0,0,0,2,625.1,,5,550.3,26.5,74,27.1,21.5
2026-08-13T08:45:00+05:30,2026-08-13 08:45:00,,,,2.6,5.5,14.8,99,0,0,0,0,2,625.1,,5,522.9,26.5,74,27.1,21.5
2026-08-13T08:40:00+05:30,2026-08-13 08:40:00,,,,0,13,14.8,75,0,0,0,0,2,625.1,,1,176.7,26.5,73,27.1,21.3
2026-08-13T08:35:00+05:30,2026-08-13 08:35:00,,,,0,5.5,14.8,74,0,0,0,0,2,625.1,,3,382.3,26.5,73,27.1,21.3
2026-08-13T08:30:00+05:30,2026-08-13 08:30:00,,,,4,7.2,14.8,99,0,0,0,0,2,625.1,,3,368.5,26.5,74,27.1,21.5
2026-08-13T08:25:00+05:30,2026-08-13 08:25:00,,,,3.2,9.3,14.8,92,0,0,0,0,2,625.1,,1,196.7,26.4,74,27,21.4
2026-08-13T08:20:00+05:30,2026-08-13 08:20:00,,,,0.3,5.5,14.8,69,0,0,0,0,2,625.1,,2,221.6,26.4,74,27,21.4
2026-08-13T08:15:00+05:30,2026-08-13 08:15:00,,,,4,7.2,14.8,86,0,0,0,0,2,625.1,,2,276.3,26.4,74,27,21.4
2026-08-13T08:10:00+05:30,2026-08-13 08:10:00,,,,2.9,7.2,14.8,108,0,0,0,0,2,625.1,,3,379.8,26.4,74,27,21.4
2026-08-13T08:05:00+05:30,2026-08-13 08:05:00,,,,0.3,9.3,14.8,78,0,0,0,0,2,625.1,,2,285.6,26.4,73,27,21.2
2026-08-13T08:01:00+05:30,2026-08-13 08:01:00,,,,0,11.1,14.8,78,0,0,0,0,2,625.1,,0,85.2,26.4,74,27,21.4
2026-08-13T07:55:00+05:30,2026-08-13 07:55:00,,,,0.3,11.1,14.8,77,0,0,0,0,2,625.1,,0,101.5,26.4,74,27,21.4
2026-08-13T07:50:00+05:30,2026-08-13 07:50:00,,,,0,1.8,14.8,48,0,0,0,0,2,625.1,,0,86.3,26.4,74,27,21.4
2026-08-13T07:45:00+05:30,2026-08-13 07:45:00,,,,0,1.8,14.8,76,0,0,0,0,2,625.1,,2,271.1,26.3,74,26.9,21.3
2026-08-13T07:40:00+05:30,2026-08-13 07:40:00,,,,1.1,1.8,14.8,83,0,0,0,0,2,625.1,,1,103.6,26.3,74,26.9,21.3
2026-08-13T07:35:00+05:30,2026-08-13 07:35:00,,,,4,9.3,14.8,89,0,0,0,0,2,625.1,,1,133.3,26.3,74,26.9,21.3
2026-08-13T07:30:00+05:30,2026-08-13 07:30:00,,,,5.8,11.1,14.8,91,0,0,0,0,2,625.1,,2,217.5,26.3,73,26.9,21.1
2026-08-13T07:25:00+05:30,2026-08-13 07:25:00,,,,1.1,7.2,14.8,67,0,0,0,0,2,625.1,,1,190.9,26.3,73,26.9,21.1
2026-08-13T07:20:00+05:30,2026-08-13 07:20:00,,,,0,0,14.8,82,0,0,0,0,2,625.1,,1,198.1,26.2,73,26.8,21
2026-08-13T07:15:00+05:30,2026-08-13 07:15:00,,,,0,5.5,14.8,83,0,0,0,0,2,625.1,,1,175,26.2,73,26.8,21
2026-08-13T07:10:00+05:30,2026-08-13 07:10:00,,,,0.3,5.5,14.8,96,0,0,0,0,2,625.1,,1,118.2,26.2,73,26.8,21
2026-08-13T07:05:00+05:30,2026-08-13 07:05:00,,,,0,9.3,14.8,88,0,0,0,0,2,625.1,,0,93.6,26.2,73,26.8,21
2026-08-13T07:00:00+05:30,2026-08-13 07:00:00,,,,0,5.5,14.8,77,0,0,0,0,2,625.1,,0,86.3,26.2,73,26.8,21
2026-08-13T06:56:00+05:30,2026-08-13 06:56:00,,,,0,0,14.8,69,0,0,0,0,2,625.1,,1,110.1,26.2,73,26.8,21
2026-08-13T06:50:00+05:30,2026-08-13 06:50:00,,,,0,5.5,14.8,71,0,0,0,0,2,625.1,,0,74.4,26.2,73,26.8,21
2026-08-13T06:45:00+05:30,2026-08-13 06:45:00,,,,0,5.5,14.8,75,0,0,0,0,2,625.1,,0,71.4,26.1,73,26.7,20.9
2026-08-13T06:40:00+05:30,2026-08-13 06:40:00,,,,0,5.5,14.8,70,0,0,0,0,2,625.1,,0,55,26.2,73,26.8,21
2026-08-13T06:35:00+05:30,2026-08-13 06:35:00,,,,1.1,7.2,14.8,74,0,0,0,0,2,625.1,,0,43.1,26.2,73,26.8,21
2026-08-13T06:30:00+05:30,2026-08-13 06:30:00,,,,0,1.8,14.8,62,0,0,0,0,2,625.1,,0,30,26.2,73,26.8,21
2026-08-13T06:25:00+05:30,2026-08-13 06:25:00,,,,4,5.5,14.8,112,0,0,0,0,2,625.1,,0,17.1,26.2,73,26.8,21
2026-08-13T06:20:00+05:30,2026-08-13 06:20:00,,,,0,7.2,14.8,62,0,0,0,0,2,625.1,,0,15.3,26.2,73,26.8,21
2026-08-13T06:15:00+05:30,2026-08-13 06:15:00,,,,0,3.5,14.8,62,0,0,0,0,2,625.1,,0,10.8,26.2,73,26.8,21
2026-08-13T06:10:00+05:30,2026-08-13 06:10:00,,,,0,3.5,14.8,62,0,0,0,0,2,625.1,,0,6.1,26.2,73,26.8,21
2026-08-13T06:05:00+05:30,2026-08-13 06:05:00,,,,0,7.2,14.8,88,0,0,0,0,2,625.1,,0,3.5,26.2,73,26.8,21
2026-08-13T06:00:00+05:30,2026-08-13 06:00:00,,,,0,1.8,14.8,62,0,0,0,0,2,625.1,,0,1.4,26.3,72,26.8,20.8
2026-08-13T05:55:00+05:30,2026-08-13 05:55:00,,,,2.9,5.5,14.8,71,0,0,0,0,2,625.1,,0,0.7,26.2,72,26.8,20.8
2026-08-13T05:50:00+05:30,2026-08-13 05:50:00,,,,0,0,14.8,62,0,0,0,0,2,625.1,,0,0.3,26.3,72,26.8,20.8
2026-08-13T05:45:00+05:30,2026-08-13 05:45:00,,,,0,0,14.8,67,0,0,0,0,2,625.1,,0,0.1,26.2,72,26.8,20.8
2026-08-13T05:40:00+05:30,2026-08-13 05:40:00,,,,0,9.3,14.8,62,0,0,0,0,2,625.1,,0,0,26.3,72,26.8,20.8
2026-08-13T05:36:00+05:30,2026-08-13 05:36:00,,,,0,5.5,14.8,74,0,0,0,0,2,625.1,,0,0,26.3,72,26.8,20.8
2026-08-13T05:30:00+05:30,2026-08-13 05:30:00,,,,0.3,5.5,14.8,95,0,0,0,0,2,625.1,,0,0,26.3,72,26.8,20.8
2026-08-13T05:25:00+05:30,2026-08-13 05:25:00,,,,0.6,5.5,14.8,99,0,0,0,0,2,625.1,,0,0,26.3,72,26.8,20.8
2026-08-13T05:20:00+05:30,2026-08-13 05:20:00,,,,0,5.5,14.8,71,0,0,0,0,2,625.1,,0,0,26.3,72,26.8,20.8
2026-08-13T05:15:00+05:30,2026-08-13 05:15:00,,,,1.4,5.5,14.8,62,0,0,0,0,2,625.1,,0,0,26.3,72,26.8,20.8
2026-08-13T05:10:00+05:30,2026-08-13 05:10:00,,,,0,7.2,14.8,71,0,0,0,0,2,625.1,,0,0,26.3,72,26.8,20.8
2026-08-13T05:05:00+05:30,2026-08-13 05:05:00,,,,3.2,7.2,14.8,92,0,0,0,0,2,625.1,,0,0,26.4,72,26.9,20.9
2026-08-13T05:00:00+05:30,2026-08-13 05:00:00,,,,4.7,9.3,14.8,71,0,0,0,0,2,625.1,,0,0,26.3,72,26.8,20.8
2026-08-13T04:55:00+05:30,2026-08-13 04:55:00,,,,0.6,1.8,14.8,85,0,0,0,0,2,625.1,,0,0,26.4,72,26.9,20.9
2026-08-13T04:50:00+05:30,2026-08-13 04:50:00,,,,0,3.5,14.8,72,0,0,0,0,2,625.1,,0,0,26.4,72,26.9,20.9
2026-08-13T04:45:00+05:30,2026-08-13 04:45:00,,,,2.1,7.2,14.8,99,0,0,0,0,2,625.1,,0,0,26.4,72,26.9,20.9
2026-08-13T04:40:00+05:30,2026-08-13 04:40:00,,,,0,0,14.8,69,0,0,0,0,2,625.1,,0,0,26.4,72,26.9,20.9
2026-08-13T04:35:00+05:30,2026-08-13 04:35:00,,,,0.3,1.8,14.8,83,0,0,0,0,2,625.1,,0,0,26.4,72,26.9,20.9
2026-08-13T04:31:00+05:30,2026-08-13 04:31:00,,,,2.1,7.2,14.8,62,0,0,0,0,2,625.1,,0,0,26.4,72,26.9,20.9
2026-08-13T04:25:00+05:30,2026-08-13 04:25:00,,,,0,0,14.8,96,0,0,0,0,2,625.1,,0,0,26.4,72,26.9,20.9
2026-08-13T04:20:00+05:30,2026-08-13 04:20:00,,,,0.3,1.8,14.8,89,0,0,0,0,2,625.1,,0,0,26.4,71,26.9,20.7
2026-08-13T04:15:00+05:30,2026-08-13 04:15:00,,,,2.9,3.5,14.8,121,0,0,0,0,2,625.1,,0,0,26.4,71,26.9,20.7
2026-08-13T04:10:00+05:30,2026-08-13 04:10:00,,,,0,0,14.8,73,0,0,0,0,2,625.1,,0,0,26.5,71,27.1,20.8
2026-08-13T04:05:00+05:30,2026-08-13 04:05:00,,,,2.1,7.2,14.8,103,0,0,0,0,2,625.1,,0,0,26.5,71,27.1,20.8
2026-08-13T04:00:00+05:30,2026-08-13 04:00:00,,,,0,0,14.8,79,0,0,0,0,2,625.1,,0,0,26.5,71,27.1,20.8
2026-08-13T03:55:00+05:30,2026-08-13 03:55:00,,,,0,0,14.8,73,0,0,0,0,2,625.1,,0,0,26.5,71,27.1,20.8
2026-08-13T03:50:00+05:30,2026-08-13 03:50:00,,,,0,5.5,14.8,77,0,0,0,0,2,625.1,,0,0,26.5,71,27.1,20.8
2026-08-13T03:45:00+05:30,2026-08-13 03:45:00,,,,0,7.2,14.8,81,0,0,0,0,2,625.1,,0,0,26.5,71,27.1,20.8
2026-08-13T03:40:00+05:30,2026-08-13 03:40:00,,,,0,0,14.8,80,0,0,0,0,2,625.1,,0,0,26.5,71,27.1,20.8
2026-08-13T03:35:00+05:30,2026-08-13 03:35:00,,,,0,0,14.8,72,0,0,0,0,2,625.1,,0,0,26.5,71,27.1,20.8
2026-08-13T03:30:00+05:30,2026-08-13 03:30:00,,,,0,5.5,14.8,71,0,0,0,0,2,625.1,,0,0,26.5,71,27.1,20.8
2026-08-13T03:26:00+05:30,2026-08-13 03:26:00,,,,0,0,14.8,72,0,0,0,0,2,625.1,,0,0,26.6,71,27.2,20.9
2026-08-13T03:20:00+05:30,2026-08-13 03:20:00,,,,0,3.5,14.8,103,0,0,0,0,2,625.1,,0,0,26.6,71,27.2,20.9
2026-08-13T03:15:00+05:30,2026-08-13 03:15:00,,,,0.3,1.8,14.8,86,0,0,0,0,2,625.1,,0,0,26.6,71,27.2,20.9
2026-08-13T03:10:00+05:30,2026-08-13 03:10:00,,,,0,3.5,14.8,73,0,0,0,0,2,625.1,,0,0,26.6,71,27.2,20.9
2026-08-13T03:05:00+05:30,2026-08-13 03:05:00,,,,0,7.2,14.8,75,0,0,0,0,2,625.1,,0,0,26.6,71,27.2,20.9
2026-08-13T03:00:00+05:30,2026-08-13 03:00:00,,,,0,0,14.8,68,0,0,0,0,2,625.1,,0,0,26.6,71,27.2,20.9
2026-08-13T02:55:00+05:30,2026-08-13 02:55:00,,,,2.1,5.5,14.8,76,0,0,0,0,2,625.1,,0,0,26.7,71,28.4,21
2026-08-13T02:50:00+05:30,2026-08-13 02:50:00,,,,2.1,7.2,14.8,85,0,0,0,0,2,625.1,,0,0,26.7,71,28.4,21
2026-08-13T02:45:00+05:30,2026-08-13 02:45:00,,,,0,5.5,14.8,70,0,0,0,0,2,625.1,,0,0,26.7,71,28.4,21
2026-08-13T02:40:00+05:30,2026-08-13 02:40:00,,,,0.6,9.3,14.8,88,0,0,0,0,2,625.1,,0,0,26.7,71,28.4,21
2026-08-13T02:35:00+05:30,2026-08-13 02:35:00,,,,0,0,14.8,75,0,0,0,0,2,625.1,,0,0,26.7,71,28.4,21
2026-08-13T02:30:00+05:30,2026-08-13 02:30:00,,,,7.6,9.3,14.8,81,0,0,0,0,2,625.1,,0,0,26.7,71,28.4,21
2026-08-13T02:25:00+05:30,2026-08-13 02:25:00,,,,1.1,7.2,14.8,63,0,0,0,0,2,625.1,,0,0,26.7,71,28.4,21
2026-08-13T02:20:00+05:30,2026-08-13 02:20:00,,,,0,7.2,14.8,72,0,0,0,0,2,625.1,,0,0,26.8,71,28.6,21.1
2026-08-13T02:15:00+05:30,2026-08-13 02:15:00,,,,0.3,9.3,14.8,73,0,0,0,0,2,625.1,,0,0,26.8,71,28.6,21.1
2026-08-13T02:10:00+05:30,2026-08-13 02:10:00,,,,0,7.2,14.8,79,0,0,0,0,2,625.1,,0,0,26.8,71,28.6,21.1
2026-08-13T02:06:00+05:30,2026-08-13 02:06:00,,,,0,0,14.8,93,0,0,0,0,2,625.1,,0,0,26.8,71,28.6,21.1
2026-08-13T02:00:00+05:30,2026-08-13 02:00:00,,,,2.1,5.5,14.8,76,0,0,0,0,2,625.1,,0,0,26.8,71,28.6,21.1
2026-08-13T01:55:00+05:30,2026-08-13 01:55:00,,,,0,0,14.8,62,0,0,0,0,2,625.1,,0,0,26.8,71,28.6,21.1
2026-08-13T01:50:00+05:30,2026-08-13 01:50:00,,,,0,0,14.8,75,0,0,0,0,2,625.1,,0,0,26.8,71,28.6,21.1
2026-08-13T01:45:00+05:30,2026-08-13 01:45:00,,,,0,9.3,14.8,80,0,0,0,0,2,625.1,,0,0,26.9,71,28.7,21.2
2026-08-13T01:40:00+05:30,2026-08-13 01:40:00,,,,0,3.5,14.8,87,0,0,0,0,2,625.1,,0,0,26.9,71,28.7,21.2
2026-08-13T01:35:00+05:30,2026-08-13 01:35:00,,,,0,5.5,13,73,0,0,0,0,2,625.1,,0,0,26.9,71,28.7,21.2
2026-08-13T01:30:00+05:30,2026-08-13 01:30:00,,,,5.8,13,13,107,0,0,0,0,2,625.1,,0,0,26.9,71,28.7,21.2
2026-08-13T01:25:00+05:30,2026-08-13 01:25:00,,,,0,5.5,9.3,77,0,0,0,0,2,625.1,,0,0,27,71,28.9,21.3
2026-08-13T01:20:00+05:30,2026-08-13 01:20:00,,,,1.4,5.5,9.3,77,0,0,0,0,2,625.1,,0,0,27,71,28.9,21.3
2026-08-13T01:15:00+05:30,2026-08-13 01:15:00,,,,0,5.5,9.3,108,0,0,0,0,2,625.1,,0,0,27,71,28.9,21.3
2026-08-13T01:10:00+05:30,2026-08-13 01:10:00,,,,0,0,9.3,75,0,0,0,0,2,625.1,,0,0,27,71,28.9,21.3
2026-08-13T01:05:00+05:30,2026-08-13 01:05:00,,,,0.3,1.8,9.3,75,0,0,0,0,2,625.1,,0,0,27,71,28.9,21.3
2026-08-13T01:01:00+05:30,2026-08-13 01:01:00,,,,0,0,9.3,72,0,0,0,0,2,625.1,,0,0,27,71,28.9,21.3
2026-08-13T00:55:00+05:30,2026-08-13 00:55:00,,,,0,0,9.3,73,0,0,0,0,2,625.1,,0,0,27,71,28.9,21.3
2026-08-13T00:50:00+05:30,2026-08-13 00:50:00,,,,0,0,9.3,80,0,0,0,0,2,625.1,,0,0,27,71,28.9,21.3
2026-08-13T00:45:00+05:30,2026-08-13 00:45:00,,,,0,1.8,9.3,70,0,0,0,0,2,625.1,,0,0,27.1,71,29.1,21.4
2026-08-13T00:40:00+05:30,2026-08-13 00:40:00,,,,0,0,9.3,73,0,0,0,0,2,625.1,,0,0,27.1,71,29.1,21.4
2026-08-13T00:35:00+05:30,2026-08-13 00:35:00,,,,5,5.5,9.3,83,0,0,0,0,2,625.1,,0,0,27.1,70,29.1,21.2
2026-08-13T00:30:00+05:30,2026-08-13 00:30:00,,,,0,0,9.3,71,0,0,0,0,2,625.1,,0,0,27.1,71,29.1,21.4
2026-08-13T00:25:00+05:30,2026-08-13 00:25:00,,,,0,5.5,9.3,71,0,0,0,0,2,625.1,,0,0,27.1,71,29.1,21.4
2026-08-13T00:20:00+05:30,2026-08-13 00:20:00,,,,2.9,7.2,9.3,80,0,0,0,0,2,625.1,,0,0,27.2,71,29.3,21.5
2026-08-13T00:15:00+05:30,2026-08-13 00:15:00,,,,0,0,9.3,68,0,0,0,0,2,625.1,,0,0,27.2,71,29.3,21.5
2026-08-13T00:10:00+05:30,2026-08-13 00:10:00,,,,0,0,5.5,84,0,0,0,0,2,625.1,,0,0,27.2,71,29.3,21.5
2026-08-13T00:05:00+05:30,2026-08-13 00:05:00,,,,0,0,5.5,73,0,0,0,0,2,625.1,,0,0,27.2,70,29.2,21.3
2026-08-13T00:00:00+05:30,2026-08-13 00:00:00,,,,2.1,3.5,3.5,78,0,0,0,0,2,625.1,,0,0,27.2,70,29.2,21.3
2026-08-12T23:56:00+05:30,2026-08-12 23:56:00,,,,1.8,3.5,25.6,54,0,0,0,0,2,625.1,,0,0,27.2,70,29.2,21.3
2026-08-12T23:50:00+05:30,2026-08-12 23:50:00,,,,0,0,25.6,85,0,0,0,0,2,625.1,,0,0,27.3,70,29.3,21.3
2026-08-12T23:45:00+05:30,2026-08-12 23:45:00,,,,0,7.2,25.6,80,0,0,0,0,2,625.1,,0,0,27.3,71,29.4,21.6
2026-08-12T23:40:00+05:30,2026-08-12 23:40:00,,,,0,0,25.6,78,0,0,0,0,2,625.1,,0,0,27.3,71,29.4,21.6
2026-08-12T23:35:00+05:30,2026-08-12 23:35:00,,,,0,0,25.6,71,0,0,0,0,2,625.1,,0,0,27.3,71,29.4,21.6
2026-08-12T23:30:00+05:30,2026-08-12 23:30:00,,,,0,5.5,25.6,80,0,0,0,0,2,625.1,,0,0,27.3,71,29.4,21.6
2026-08-12T23:25:00+05:30,2026-08-12 23:25:00,,,,0,0,25.6,90,0,0,0,0,2,625.1,,0,0,27.4,71,29.6,21.7
2026-08-12T23:20:00+05:30,2026-08-12 23:20:00,,,,0,0,25.6,66,0,0,0,0,2,625.1,,0,0,27.4,71,29.6,21.7
2026-08-12T23:15:00+05:30,2026-08-12 23:15:00,,,,0,1.8,25.6,68,0,0,0,0,2,625.1,,0,0,27.4,71,29.6,21.7
2026-08-12T23:10:00+05:30,2026-08-12 23:10:00,,,,1.8,7.2,25.6,81,0,0,0,0,2,625.1,,0,0,27.4,71,29.6,21.7
2026-08-12T23:05:00+05:30,2026-08-12 23:05:00,,,,0,0,25.6,71,0,0,0,0,2,625.1,,0,0,27.4,71,29.6,21.7
2026-08-12T23:00:00+05:30,2026-08-12 23:00:00,,,,0,0,25.6,75,0,0,0,0,2,625.1,,0,0,27.5,71,29.8,21.8
2026-08-12T22:55:00+05:30,2026-08-12 22:55:00,,,,4.3,5.5,25.6,105,0,0,0,0,2,625.1,,0,0,27.5,71,29.8,21.8
2026-08-12T22:50:00+05:30,2026-08-12 22:50:00,,,,0,7.2,25.6,77,0,0,0,0,2,625.1,,0,0,27.5,71,29.8,21.8
2026-08-12T22:45:00+05:30,2026-08-12 22:45:00,,,,0,3.5,25.6,87,0,0,0,0,2,625.1,,0,0,27.6,71,30.1,21.9
2026-08-12T22:40:00+05:30,2026-08-12 22:40:00,,,,0,3.5,25.6,70,0,0,0,0,2,625.1,,0,0,27.6,71,30.1,21.9
2026-08-12T22:35:00+05:30,2026-08-12 22:35:00,,,,0,0,25.6,70,0,0,0,0,2,625.1,,0,0,27.6,71,30.1,21.9
2026-08-12T22:30:00+05:30,2026-08-12 22:30:00,,,,0,0,25.6,75,0,0,0,0,2,625.1,,0,0,27.6,71,30.1,21.9
2026-08-12T22:25:00+05:30,2026-08-12 22:25:00,,,,0,0,25.6,78,0,0,0,0,2,625.1,,0,0,27.6,71,30.1,21.9
2026-08-12T22:20:00+05:30,2026-08-12 22:20:00,,,,0,0,25.6,87,0,0,0,0,2,625.1,,0,0,27.6,71,30.1,21.9
2026-08-12T22:15:00+05:30,2026-08-12 22:15:00,,,,0,0,25.6,72,0,0,0,0,2,625.1,,0,0,27.7,71,30.3,21.9
2026-08-12T22:10:00+05:30,2026-08-12 22:10:00,,,,0,0,25.6,70,0,0,0,0,2,625.1,,0,0,27.7,71,30.3,21.9
2026-08-12T22:05:00+05:30,2026-08-12 22:05:00,,,,0,0,25.6,74,0,0,0,0,2,625.1,,0,0,27.7,71,30.3,21.9
2026-08-12T22:00:00+05:30,2026-08-12 22:00:00,,,,0,0,25.6,70,0,0,0,0,2,625.1,,0,0,27.8,71,30.4,22
2026-08-12T21:55:00+05:30,2026-08-12 21:55:00,,,,0,0,25.6,75,0,0,0,0,2,625.1,,0,0,27.8,71,30.4,22
2026-08-12T21:50:00+05:30,2026-08-12 21:50:00,,,,0,0,25.6,75,0,0,0,0,2,625.1,,0,0,27.8,71,30.4,22
2026-08-12T21:45:00+05:30,2026-08-12 21:45:00,,,,0,0,25.6,74,0,0,0,0,2,625.1,,0,0,27.8,71,30.4,22
2026-08-12T21:40:00+05:30,2026-08-12 21:40:00,,,,0,0,25.6,70,0,0,0,0,2,625.1,,0,0,27.8,71,30.4,22
2026-08-12T21:35:00+05:30,2026-08-12 21:35:00,,,,0,0,25.6,80,0,0,0,0,2,625.1,,0,0,27.9,71,30.6,22.1
2026-08-12T21:31:00+05:30,2026-08-12 21:31:00,,,,0,0,25.6,71,0,0,0,0,2,625.1,,0,0,27.9,71,30.6,22.1
2026-08-12T21:25:00+05:30,2026-08-12 21:25:00,,,,0,0,25.6,70,0,0,0,0,2,625.1,,0,0,27.9,71,30.6,22.1
2026-08-12T21:20:00+05:30,2026-08-12 21:20:00,,,,0,0,25.6,71,0,0,0,0,2,625.1,,0,0,27.9,71,30.6,22.1
2026-08-12T21:15:00+05:30,2026-08-12 21:15:00,,,,0,0,25.6,71,0,0,0,0,2,625.1,,0,0,27.9,71,30.6,22.1
2026-08-12T21:10:00+05:30,2026-08-12 21:10:00,,,,0,0,25.6,80,0,0,0,0,2,625.1,,0,0,28,71,30.8,22.2
2026-08-12T21:05:00+05:30,2026-08-12 21:05:00,,,,0,0,25.6,77,0,0,0,0,2,625.1,,0,0,28,71,30.8,22.2
2026-08-12T21:00:00+05:30,2026-08-12 21:00:00,,,,0,0,25.6,72,0,0,0,0,2,625.1,,0,0,28,71,30.8,22.2
2026-08-12T20:55:00+05:30,2026-08-12 20:55:00,,,,0,0,25.6,92,0,0,0,0,2,625.1,,0,0,28,71,30.8,22.2
2026-08-12T20:50:00+05:30,2026-08-12 20:50:00,,,,1.4,3.5,25.6,78,0,0,0,0,2,625.1,,0,0,28.1,71,31,22.3
2026-08-12T20:45:00+05:30,2026-08-12 20:45:00,,,,0,0,25.6,72,0,0,0,0,2,625.1,,0,0,28.1,71,31,22.3
2026-08-12T20:40:00+05:30,2026-08-12 20:40:00,,,,0,0,25.6,71,0,0,0,0,2,625.1,,0,0,28.1,71,31,22.3
2026-08-12T20:35:00+05:30,2026-08-12 20:35:00,,,,0,0,25.6,69,0,0,0,0,2,625.1,,0,0,28.2,71,31.2,22.4
2026-08-12T20:30:00+05:30,2026-08-12 20:30:00,,,,0,0,25.6,69,0,0,0,0,2,625.1,,0,0,28.2,71,31.2,22.4
2026-08-12T20:26:00+05:30,2026-08-12 20:26:00,,,,0,3.5,25.6,80,0,0,0,0,2,625.1,,0,0,28.2,71,31.2,22.4
2026-08-12T20:20:00+05:30,2026-08-12 20:20:00,,,,0,0,25.6,70,0,0,0,0,2,625.1,,0,0,28.2,71,31.2,22.4
2026-08-12T20:15:00+05:30,2026-08-12 20:15:00,,,,0,5.5,25.6,90,0,0,0,0,2,625.1,,0,0,28.3,71,31.4,22.5
2026-08-12T20:10:00+05:30,2026-08-12 20:10:00,,,,0,1.8,25.6,72,0,0,0,0,2,625.1,,0,0,28.3,71,31.4,22.5
2026-08-12T20:05:00+05:30,2026-08-12 20:05:00,,,,0.6,3.5,25.6,74,0,0,0,0,2,625.1,,0,0,28.3,71,31.4,22.5
2026-08-12T20:00:00+05:30,2026-08-12 20:00:00,,,,0.3,1.8,25.6,76,0,0,0,0,2,625.1,,0,0,28.3,71,31.4,22.5
2026-08-12T19:55:00+05:30,2026-08-12 19:55:00,,,,0,3.5,25.6,71,0,0,0,0,2,625.1,,0,0,28.4,71,31.6,22.6
2026-08-12T19:50:00+05:30,2026-08-12 19:50:00,,,,0,0,25.6,70,0,0,0,0,2,625.1,,0,0,28.4,71,31.6,22.6
2026-08-12T19:45:00+05:30,2026-08-12 19:45:00,,,,0,7.2,25.6,74,0,0,0,0,2,625.1,,0,0,28.4,71,31.6,22.6
2026-08-12T19:40:00+05:30,2026-08-12 19:40:00,,,,0,0,25.6,85,0,0,0,0,2,625.1,,0,0,28.4,71,31.6,22.6
2026-08-12T19:35:00+05:30,2026-08-12 19:35:00,,,,0,3.5,25.6,84,0,0,0,0,2,625.1,,0,0,28.4,70,31.4,22.4
2026-08-12T19:30:00+05:30,2026-08-12 19:30:00,,,,1.1,5.5,25.6,75,0,0,0,0,2,625.1,,0,0,28.5,70,31.7,22.5
2026-08-12T19:25:00+05:30,2026-08-12 19:25:00,,,,0,0,25.6,78,0,0,0,0,2,625.1,,0,0,28.5,70,31.7,22.5
2026-08-12T19:21:00+05:30,2026-08-12 19:21:00,,,,0,0,25.6,94,0,0,0,0,2,625.1,,0,0,28.5,70,31.7,22.5
2026-08-12T19:15:00+05:30,2026-08-12 19:15:00,,,,0,11.1,25.6,69,0,0,0,0,2,625.1,,0,0,28.5,70,31.7,22.5
2026-08-12T19:10:00+05:30,2026-08-12 19:10:00,,,,0,0,25.6,85,0,0,0,0,2,625.1,,0,0,28.6,70,31.9,22.6
2026-08-12T19:05:00+05:30,2026-08-12 19:05:00,,,,0,0,25.6,71,0,0,0,0,2,625.1,,0,0,28.6,70,31.9,22.6
2026-08-12T19:00:00+05:30,2026-08-12 19:00:00,,,,0,0,25.6,81,0,0,0,0,2,625.1,,0,0,28.6,70,31.9,22.6
2026-08-12T18:55:00+05:30,2026-08-12 18:55:00,,,,4.3,11.1,25.6,96,0,0,0,0,2,625.1,,0,0,28.7,70,32.1,22.7
2026-08-12T18:50:00+05:30,2026-08-12 18:50:00,,,,1.1,5.5,25.6,75,0,0,0,0,2,625.1,,0,0,28.7,70,32.1,22.7
2026-08-12T18:45:00+05:30,2026-08-12 18:45:00,,,,5.5,9.3,25.6,80,0,0,0,0,2,625.1,,0,0,28.7,70,32.1,22.7
2026-08-12T18:40:00+05:30,2026-08-12 18:40:00,,,,0,3.5,25.6,69,0,0,0,0,2,625.1,,0,0,28.7,70,32.1,22.7
2026-08-12T18:35:00+05:30,2026-08-12 18:35:00,,,,0,9.3,25.6,71,0,0,0,0,2,625.1,,0,0.1,28.8,70,32.2,22.7
2026-08-12T18:30:00+05:30,2026-08-12 18:30:00,,,,3.5,7.2,25.6,92,0,0,0,0,2,625.1,,0,0.3,28.8,70,32.2,22.7
2026-08-12T18:25:00+05:30,2026-08-12 18:25:00,,,,0,0,25.6,80,0,0,0,0,2,625.1,,0,0.8,28.8,70,32.2,22.7
2026-08-12T18:20:00+05:30,2026-08-12 18:20:00,,,,4,9.3,25.6,108,0,0,0,0,2,625.1,,0,2.5,28.8,70,32.2,22.7
2026-08-12T18:15:00+05:30,2026-08-12 18:15:00,,,,0,0,25.6,101,0,0,0,0,2,625.1,,0,1.9,28.8,69,32.1,22.5
2026-08-12T18:10:00+05:30,2026-08-12 18:10:00,,,,0,1.8,25.6,80,0,0,0,0,2,625.1,,0,1.7,28.9,69,32.3,22.6
2026-08-12T18:05:00+05:30,2026-08-12 18:05:00,,,,0,7.2,25.6,70,0,0,0,0,2,625.1,,0,3.6,28.9,69,32.3,22.6
2026-08-12T18:00:00+05:30,2026-08-12 18:00:00,,,,4,13,25.6,85,0,0,0,0,2,625.1,,0,7.3,28.9,69,32.3,22.6
2026-08-12T17:55:00+05:30,2026-08-12 17:55:00,,,,0,5.5,25.6,88,0,0,0,0,2,625.1,,0,9,28.9,69,32.3,22.6
2026-08-12T17:50:00+05:30,2026-08-12 17:50:00,,,,0,5.5,25.6,71,0,0,0,0,2,625.1,,0,8.8,29,69,32.6,22.7
2026-08-12T17:45:00+05:30,2026-08-12 17:45:00,,,,0,3.5,25.6,84,0,0,0,0,2,625.1,,0,10.9,29,69,32.6,22.7
2026-08-12T17:40:00+05:30,2026-08-12 17:40:00,,,,3.5,9.3,25.6,80,0,0,0,0,2,625.1,,0,14,29,69,32.6,22.7
2026-08-12T17:35:00+05:30,2026-08-12 17:35:00,,,,1.8,7.2,25.6,86,0,0,0,0,2,625.1,,0,17.4,29,69,32.6,22.7
2026-08-12T17:30:00+05:30,2026-08-12 17:30:00,,,,0.3,1.8,25.6,66,0,0,0,0,2,625.1,,0,22.7,29.1,69,32.8,22.8
2026-08-12T17:25:00+05:30,2026-08-12 17:25:00,,,,0.6,9.3,25.6,69,0,0,0,0,2,625.1,,0,27.1,29.1,69,32.8,22.8
2026-08-12T17:20:00+05:30,2026-08-12 17:20:00,,,,5,7.2,25.6,87,0,0,0,0,2,625.1,,0,31.4,29.1,69,32.8,22.8
2026-08-12T17:15:00+05:30,2026-08-12 17:15:00,,,,2.1,13,25.6,79,0,0,0,0,2,625.1,,0,34.2,29.2,69,33,22.9
2026-08-12T17:10:00+05:30,2026-08-12 17:10:00,,,,0,11.1,25.6,77,0,0,0,0,2,625.1,,0,32.5,29.2,69,33,22.9
2026-08-12T17:05:00+05:30,2026-08-12 17:05:00,,,,6.4,11.1,25.6,91,0,0,0,0,2,625.1,,0,45.3,29.2,69,33,22.9
2026-08-12T17:00:00+05:30,2026-08-12 17:00:00,,,,7.9,18.3,25.6,70,0,0,0,0,2,625.1,,0,58.9,29.2,69,33,22.9
2026-08-12T16:56:00+05:30,2026-08-12 16:56:00,,,,1.1,9.3,25.6,75,0,0,0,0,2,625.1,,0,57.9,29.2,69,33,22.9
2026-08-12T16:50:00+05:30,2026-08-12 16:50:00,,,,2.1,5.5,25.6,83,0,0,0,0,2,625.1,,0,100.5,29.2,69,33,22.9
2026-08-12T16:45:00+05:30,2026-08-12 16:45:00,,,,15.4,18.3,25.6,101,0,0,0,0,2,625.1,,1,125.5,29.3,69,33.2,23
2026-08-12T16:40:00+05:30,2026-08-12 16:40:00,,,,2.1,9.3,25.6,60,0,0,0,0,2,625.1,,1,171.8,29.4,69,33.4,23.1
2026-08-12T16:35:00+05:30,2026-08-12 16:35:00,,,,4.3,25.6,25.6,60,0,0,0,0,2,625.1,,1,149.7,29.4,69,33.4,23.1
2026-08-12T16:30:00+05:30,2026-08-12 16:30:00,,,,5,16.6,21.9,56,0,0,0,0,2,625.1,,2,214.4,29.4,69,33.4,23.1
2026-08-12T16:25:00+05:30,2026-08-12 16:25:00,,,,5.5,14.8,21.9,116,0,0,0,0,2,625.1,,2,244.7,29.4,69,33.4,23.1
2026-08-12T16:20:00+05:30,2026-08-12 16:20:00,,,,0,3.5,21.9,73,0,0,0,0,2,625.1,,2,283.3,29.4,69,33.4,23.1
2026-08-12T16:15:00+05:30,2026-08-12 16:15:00,,,,4,14.8,21.9,90,0,0,0,0,2,625.1,,2,273.5,29.4,69,33.4,23.1
2026-08-12T16:10:00+05:30,2026-08-12 16:10:00,,,,7.2,11.1,21.9,90,0,0,0,0,2,625.1,,2,270.4,29.4,69,33.4,23.1
2026-08-12T16:05:00+05:30,2026-08-12 16:05:00,,,,0,11.1,21.9,76,0,0,0,0,2,625.1,,2,237.3,29.4,69,33.4,23.1
2026-08-12T16:00:00+05:30,2026-08-12 16:00:00,,,,4,9.3,21.9,92,0,0,0,0,2,625.1,,2,284.8,29.4,69,33.4,23.1
2026-08-12T15:55:00+05:30,2026-08-12 15:55:00,,,,0.6,18.3,21.9,58,0,0,0,0,2,625.1,,2,292.8,29.4,70,33.6,23.3
2026-08-12T15:51:00+05:30,2026-08-12 15:51:00,,,,0,13,21.9,66,0,0,0,0,2,625.1,,3,337.7,29.4,70,33.6,23.3
2026-08-12T15:45:00+05:30,2026-08-12 15:45:00,,,,1.4,7.2,21.9,102,0,0,0,0,2,625.1,,3,405.4,29.4,70,33.6,23.3
2026-08-12T15:40:00+05:30,2026-08-12 15:40:00,,,,11.9,14.8,21.9,106,0,0,0,0,2,625.1,,4,457.6,29.4,70,33.6,23.3
2026-08-12T15:35:00+05:30,2026-08-12 15:35:00,,,,4.7,7.2,21.9,70,0,0,0,0,2,625.1,,3,405,29.4,70,33.6,23.3
2026-08-12T15:30:00+05:30,2026-08-12 15:30:00,,,,0,7.2,21.9,116,0,0,0,0,2,625.1,,2,240.8,29.4,70,33.6,23.3
2026-08-12T15:25:00+05:30,2026-08-12 15:25:00,,,,7.2,16.6,21.9,63,0,0,0,0,2,625.1,,1,178,29.4,70,33.6,23.3
2026-08-12T15:20:00+05:30,2026-08-12 15:20:00,,,,0.3,7.2,21.9,115,0,0,0,0,2,625.1,,2,219.9,29.4,70,33.6,23.3
2026-08-12T15:15:00+05:30,2026-08-12 15:15:00,,,,0.3,7.2,21.9,77,0,0,0,0,2,625.1,,3,348.3,29.4,70,33.6,23.3
2026-08-12T15:10:00+05:30,2026-08-12 15:10:00,,,,1.4,13,21.9,81,0,0,0,0,2,625.1,,1,202,29.4,70,33.6,23.3
2026-08-12T15:05:00+05:30,2026-08-12 15:05:00,,,,6.4,14.8,21.9,57,0,0,0,0,2,625.1,,2,243.6,29.4,70,33.6,23.3
2026-08-12T15:00:00+05:30,2026-08-12 15:00:00,,,,0.3,9.3,21.9,58,0,0,0,0,2,625.1,,2,241.6,29.4,70,33.6,23.3
2026-08-12T14:55:00+05:30,2026-08-12 14:55:00,,,,1.1,11.1,21.9,82,0,0,0,0,2,625.1,,1,164.9,29.4,70,33.6,23.3
2026-08-12T14:50:00+05:30,2026-08-12 14:50:00,,,,1.1,14.8,21.9,91,0,0,0,0,2,625.1,,1,188.5,29.4,70,33.6,23.3
2026-08-12T14:46:00+05:30,2026-08-12 14:46:00,,,,0,1.8,21.9,92,0,0,0,0,2,625.1,,4,460.9,29.4,70,33.6,23.3
2026-08-12T14:40:00+05:30,2026-08-12 14:40:00,,,,0,9.3,21.9,70,0,0,0,0,2,625.1,,1,203.2,29.4,70,33.6,23.3
2026-08-12T14:35:00+05:30,2026-08-12 14:35:00,,,,6.1,14.8,21.9,41,0,0,0,0,2,625.1,,1,154.6,29.4,70,33.6,23.3
2026-08-12T14:30:00+05:30,2026-08-12 14:30:00,,,,7.2,11.1,21.9,88,0,0,0,0,2,625.1,,2,279.2,29.3,70,33.3,23.2
2026-08-12T14:25:00+05:30,2026-08-12 14:25:00,,,,1.1,20.1,21.9,88,0,0,0,0,2,625.1,,5,568.7,29.3,70,33.3,23.2
2026-08-12T14:20:00+05:30,2026-08-12 14:20:00,,,,4,13,21.9,95,0,0,0,0,2,625.1,,6,625.1,29.3,70,33.3,23.2
2026-08-12T14:15:00+05:30,2026-08-12 14:15:00,,,,0,7.2,21.9,111,0,0,0,0,2,625.1,,1,201.5,29.2,70,33.2,23.2
2026-08-12T14:10:00+05:30,2026-08-12 14:10:00,,,,5,13,21.9,123,0,0,0,0,2,625.1,,2,220.1,29.2,70,33.2,23.2
2026-08-12T14:05:00+05:30,2026-08-12 14:05:00,,,,0,3.5,21.9,63,0,0,0,0,2,625.1,,3,330.7,29.2,70,33.2,23.2
2026-08-12T14:00:00+05:30,2026-08-12 14:00:00,,,,0,5.5,21.9,68,0,0,0,0,2,625.1,,2,252.9,29.2,70,33.2,23.2
2026-08-12T13:55:00+05:30,2026-08-12 13:55:00,,,,0,5.5,21.9,66,0,0,0,0,2,625.1,,1,185.3,29.2,70,33.2,23.2
2026-08-12T13:50:00+05:30,2026-08-12 13:50:00,,,,0,7.2,21.9,69,0,0,0,0,2,625.1,,1,138,29.2,70,33.2,23.2
2026-08-12T13:45:00+05:30,2026-08-12 13:45:00,,,,0,7.2,21.9,77,0,0,0,0,2,625.1,,2,297.9,29.1,71,33.2,23.3
2026-08-12T13:41:00+05:30,2026-08-12 13:41:00,,,,3.2,5.5,21.9,97,0,0,0,0,2,625.1,,1,202.8,29.1,71,33.2,23.3
2026-08-12T13:35:00+05:30,2026-08-12 13:35:00,,,,0.3,7.2,21.9,94,0,0,0,0,2,625.1,,3,336.9,29.1,71,33.2,23.3
2026-08-12T13:30:00+05:30,2026-08-12 13:30:00,,,,2.1,14.8,21.9,91,0,0,0,0,2,625.1,,3,351.1,29,71,32.9,23.2
2026-08-12T13:25:00+05:30,2026-08-12 13:25:00,,,,4,9.3,21.9,55,0,0,0,0,2,625.1,,8,856.2,28.9,71,32.7,23.1
2026-08-12T13:20:00+05:30,2026-08-12 13:20:00,,,,0,13,21.9,88,0,0,0,0,2,625.1,,8,856.5,28.9,71,32.7,23.1
2026-08-12T13:15:00+05:30,2026-08-12 13:15:00,,,,0.3,13,21.9,69,0,0,0,0,2,625.1,,8,906,28.8,71,32.4,23
2026-08-12T13:10:00+05:30,2026-08-12 13:10:00,,,,0,9.3,21.9,84,0,0,0,0,2,625.1,,7,724.3,28.8,71,32.4,23
2026-08-12T13:05:00+05:30,2026-08-12 13:05:00,,,,0,7.2,21.9,112,0,0,0,0,2,625.1,,9,989.5,28.7,71,32.3,22.9
2026-08-12T13:00:00+05:30,2026-08-12 13:00:00,,,,4.3,11.1,21.9,113,0,0,0,0,2,625.1,,6,686.8,28.7,72,32.5,23.2
2026-08-12T12:55:00+05:30,2026-08-12 12:55:00,,,,0.3,5.5,21.9,93,0,0,0,0,2,625.1,,9,983.2,28.6,72,32.2,23.1
2026-08-12T12:50:00+05:30,2026-08-12 12:50:00,,,,1.4,11.1,21.9,64,0,0,0,0,2,625.1,,6,693.4,28.6,72,32.2,23.1
2026-08-12T12:45:00+05:30,2026-08-12 12:45:00,,,,6.1,14.8,21.9,69,0,0,0,0,2,625.1,,8,856.6,28.5,72,32,22.9
2026-08-12T12:40:00+05:30,2026-08-12 12:40:00,,,,0,0,21.9,83,0,0,0,0,2,625.1,,6,664.6,28.5,72,32,22.9
2026-08-12T12:35:00+05:30,2026-08-12 12:35:00,,,,3.2,11.1,21.9,92,0,0,0,0,2,625.1,,5,609.2,28.4,72,31.7,22.8
2026-08-12T12:30:00+05:30,2026-08-12 12:30:00,,,,0,9.3,21.9,51,0,0,0,0,2,625.1,,4,504.8,28.3,73,31.7,22.9
2026-08-12T12:25:00+05:30,2026-08-12 12:25:00,,,,4.3,16.6,21.9,105,0,0,0,0,2,625.1,,5,594,28.3,73,31.7,22.9
2026-08-12T12:20:00+05:30,2026-08-12 12:20:00,,,,3.5,7.2,21.9,87,0,0,0,0,2,625.1,,5,604.3,28.2,73,31.6,22.9
2026-08-12T12:15:00+05:30,2026-08-12 12:15:00,,,,4.3,7.2,21.9,94,0,0,0,0,2,625.1,,5,580.6,28.2,73,31.6,22.9
2026-08-12T12:10:00+05:30,2026-08-12 12:10:00,,,,10.5,14.8,21.9,135,0,0,0,0,2,625.1,,2,230.7,28.2,73,31.6,22.9
2026-08-12T12:05:00+05:30,2026-08-12 12:05:00,,,,0,1.8,21.9,79,0,0,0,0,2,625.1,,1,194,28.1,73,31.3,22.8
2026-08-12T12:00:00+05:30,2026-08-12 12:00:00,,,,5.8,11.1,21.9,124,0,0,0,0,2,625.1,,3,380.5,28.1,73,31.3,22.8
2026-08-12T11:55:00+05:30,2026-08-12 11:55:00,,,,0.3,1.8,21.9,84,0,0,0,0,2,625.1,,4,418.3,28,73,31.1,22.7
2026-08-12T11:50:00+05:30,2026-08-12 11:50:00,,,,2.9,9.3,16.6,82,0,0,0,0,2,625.1,,8,840.6,28,73,31.1,22.7
2026-08-12T11:45:00+05:30,2026-08-12 11:45:00,,,,0,7.2,16.6,65,0,0,0,0,2,625.1,,8,851.3,27.9,74,31,22.8
2026-08-12T11:40:00+05:30,2026-08-12 11:40:00,,,,0,7.2,16.6,64,0,0,0,0,2,625.1,,7,793.9,27.9,74,31,22.8
2026-08-12T11:35:00+05:30,2026-08-12 11:35:00,,,,0.3,1.8,16.6,41,0,0,0,0,2,625.1,,7,809.2,27.8,74,30.7,22.7
2026-08-12T11:30:00+05:30,2026-08-12 11:30:00,,,,3.5,5.5,16.6,37,0,0,0,0,2,625.1,,7,813.6,27.8,74,30.7,22.7
2026-08-12T11:25:00+05:30,2026-08-12 11:25:00,,,,0,5.5,14.8,76,0,0,0,0,2,625.1,,9,981.1,27.7,74,30.6,22.7
2026-08-12T11:20:00+05:30,2026-08-12 11:20:00,,,,0,7.2,14.8,72,0,0,0,0,2,625.1,,2,292.8,27.6,74,30.4,22.6
2026-08-12T11:16:00+05:30,2026-08-12 11:16:00,,,,0.6,1.8,14.8,107,0,0,0,0,2,625.1,,8,887.1,27.6,74,30.4,22.6
2026-08-12T11:10:00+05:30,2026-08-12 11:10:00,,,,7.9,9.3,14.8,112,0,0,0,0,2,625.1,,2,260.8,27.5,74,30.2,22.4
2026-08-12T11:05:00+05:30,2026-08-12 11:05:00,,,,0.6,3.5,14.8,116,0,0,0,0,2,625.1,,1,166.4,27.5,74,30.2,22.4
2026-08-12T11:00:00+05:30,2026-08-12 11:00:00,,,,1.4,3.5,14.8,80,0,0,0,0,2,625.1,,0,94.1,27.5,74,30.2,22.4
2026-08-12T10:55:00+05:30,2026-08-12 10:55:00,,,,0.3,3.5,14.8,103,0,0,0,0,2,625.1,,1,136.5,27.5,74,30.2,22.4
2026-08-12T10:50:00+05:30,2026-08-12 10:50:00,,,,0,9.3,14.8,78,0,0,0,0,2,625.1,,1,106.1,27.5,74,30.2,22.4
2026-08-12T10:45:00+05:30,2026-08-12 10:45:00,,,,0.3,1.8,14.8,102,0,0,0,0,2,625.1,,0,96.1,27.4,74,29.9,22.3
2026-08-12T10:40:00+05:30,2026-08-12 10:40:00,,,,5,11.1,14.8,93,0,0,0,0,2,625.1,,1,120.3,27.4,74,29.9,22.3
2026-08-12T10:35:00+05:30,2026-08-12 10:35:00,,,,0.3,11.1,14.8,102,0,0,0,0,2,625.1,,0,102.5,27.4,74,29.9,22.3
2026-08-12T10:30:00+05:30,2026-08-12 10:30:00,,,,7.2,11.1,14.8,73,0,0,0,0,2,625.1,,1,127,27.4,74,29.9,22.3
2026-08-12T10:25:00+05:30,2026-08-12 10:25:00,,,,4.3,9.3,14.8,114,0,0,0,0,2,625.1,,1,164.4,27.3,74,29.7,22.2
2026-08-12T10:20:00+05:30,2026-08-12 10:20:00,,,,1.4,9.3,14.8,70,0,0,0,0,2,625.1,,2,296.6,27.3,74,29.7,22.2
2026-08-12T10:15:00+05:30,2026-08-12 10:15:00,,,,1.8,5.5,14.8,84,0,0,0,0,2,625.1,,7,813.2,27.2,74,29.6,22.2
2026-08-12T10:11:00+05:30,2026-08-12 10:11:00,,,,1.1,11.1,14.8,44,0,0,0,0,2,625.1,,5,538.1,27.2,74,29.6,22.2
2026-08-12T10:05:00+05:30,2026-08-12 10:05:00,,,,11.1,14.8,14.8,84,0,0,0,0,2,625.1,,7,734,27.2,74,29.6,22.2
2026-08-12T10:00:00+05:30,2026-08-12 10:00:00,,,,0.6,11.1,14.8,84,0,0,0,0,2,625.1,,7,736.3,27.1,75,29.5,22.3
2026-08-12T09:55:00+05:30,2026-08-12 09:55:00,,,,0,7.2,14.8,94,0,0,0,0,2,625.1,,2,267.8,27,75,29.3,22.2
2026-08-12T09:50:00+05:30,2026-08-12 09:50:00,,,,0.6,9.3,14.8,114,0,0,0,0,2,625.1,,6,632.7,27,75,29.3,22.2
2026-08-12T09:45:00+05:30,2026-08-12 09:45:00,,,,4.7,11.1,14.8,72,0,0,0,0,2,625.1,,1,200.2,27,75,29.3,22.2
2026-08-12T09:40:00+05:30,2026-08-12 09:40:00,,,,0,9.3,14.8,73,0,0,0,0,2,625.1,,7,744.5,26.9,74,29,21.8
2026-08-12T09:35:00+05:30,2026-08-12 09:35:00,,,,7.9,11.1,14.8,72,0,0,0,0,2,625.1,,1,161.3,26.9,75,29.1,22.1
2026-08-12T09:30:00+05:30,2026-08-12 09:30:00,,,,2.6,7.2,14.8,81,0,0,0,0,2,625.1,,2,268,26.9,75,29.1,22.1
2026-08-12T09:25:00+05:30,2026-08-12 09:25:00,,,,0,0,14.8,76,0,0,0,0,2,625.1,,6,631.4,26.8,75,28.8,21.9
2026-08-12T09:20:00+05:30,2026-08-12 09:20:00,,,,7.2,11.1,14.8,80,0,0,0,0,2,625.1,,4,417.9,26.7,75,28.8,21.9
2026-08-12T09:15:00+05:30,2026-08-12 09:15:00,,,,0,3.5,14.8,94,0,0,0,0,2,625.1,,4,499.2,26.7,75,28.8,21.9
2026-08-12T09:10:00+05:30,2026-08-12 09:10:00,,,,0.3,9.3,14.8,99,0,0,0,0,2,625.1,,5,584.3,26.6,75,27.3,21.8
2026-08-12T09:06:00+05:30,2026-08-12 09:06:00,,,,0,11.1,14.8,66,0,0,0,0,2,625.1,,1,190.7,26.6,75,27.3,21.8
2026-08-12T09:00:00+05:30,2026-08-12 09:00:00,,,,0.3,1.8,14.8,67,0,0,0,0,2,625.1,,1,190.8,26.5,75,27.2,21.7
2026-08-12T08:55:00+05:30,2026-08-12 08:55:00,,,,4.3,7.2,14.8,96,0,0,0,0,2,625.1,,3,363.2,26.5,75,27.2,21.7
2026-08-12T08:50:00+05:30,2026-08-12 08:50:00,,,,0.3,1.8,14.8,69,0,0,0,0,2,625.1,,4,465.9,26.5,75,27.2,21.7
2026-08-12T08:45:00+05:30,2026-08-12 08:45:00,,,,4.7,9.3,14.8,60,0,0,0,0,2,625.1,,4,440.3,26.4,74,27,21.4
2026-08-12T08:40:00+05:30,2026-08-12 08:40:00,,,,0,1.8,14.8,74,0,0,0,0,2,625.1,,4,444.8,26.4,74,27,21.4
2026-08-12T08:35:00+05:30,2026-08-12 08:35:00,,,,4.3,11.1,14.8,93,0,0,0,0,2,625.1,,4,411.9,26.4,74,27,21.4
2026-08-12T08:30:00+05:30,2026-08-12 08:30:00,,,,0,5.5,14.8,76,0,0,0,0,2,625.1,,2,206.4,26.3,74,26.9,21.3
2026-08-12T08:25:00+05:30,2026-08-12 08:25:00,,,,6.4,9.3,14.8,93,0,0,0,0,2,625.1,,3,398.5,26.3,74,26.9,21.3
2026-08-12T08:20:00+05:30,2026-08-12 08:20:00,,,,0,5.5,14.8,60,0,0,0,0,2,625.1,,3,339.9,26.3,75,26.9,21.5
2026-08-12T08:15:00+05:30,2026-08-12 08:15:00,,,,0,1.8,14.8,64,0,0,0,0,2,625.1,,3,347.1,26.3,74,26.9,21.3
2026-08-12T08:10:00+05:30,2026-08-12 08:10:00,,,,0,9.3,14.8,69,0,0,0,0,2,625.1,,3,315.6,26.2,74,26.8,21.2
2026-08-12T08:05:00+05:30,2026-08-12 08:05:00,,,,1.8,9.3,14.8,105,0,0,0,0,2,625.1,,3,309.4,26.2,74,26.8,21.2
2026-08-12T08:00:00+05:30,2026-08-12 08:00:00,,,,0.3,7.2,14.8,84,0,0,0,0,2,625.1,,2,250.3,26.2,74,26.8,21.2
2026-08-12T07:55:00+05:30,2026-08-12 07:55:00,,,,0,0,14.8,81,0,0,0,0,2,625.1,,2,230.8,26.2,74,26.8,21.2
2026-08-12T07:50:00+05:30,2026-08-12 07:50:00,,,,1.4,9.3,14.8,81,0,0,0,0,2,625.1,,1,182.6,26.2,74,26.8,21.2
2026-08-12T07:46:00+05:30,2026-08-12 07:46:00,,,,0,0,14.8,71,0,0,0,0,2,625.1,,1,134.1,26.2,74,26.8,21.2
2026-08-12T07:40:00+05:30,2026-08-12 07:40:00,,,,0.3,5.5,14.8,94,0,0,0,0,2,625.1,,1,132.2,26.2,74,26.8,21.2
2026-08-12T07:35:00+05:30,2026-08-12 07:35:00,,,,0,5.5,14.8,82,0,0,0,0,2,625.1,,1,104.4,26.1,74,26.7,21.1
2026-08-12T07:30:00+05:30,2026-08-12 07:30:00,,,,0,5.5,14.8,74,0,0,0,0,2,625.1,,0,85.9,26.1,74,26.7,21.1
2026-08-12T07:25:00+05:30,2026-08-12 07:25:00,,,,0,7.2,14.8,92,0,0,0,0,2,625.1,,0,90,26.2,74,26.8,21.2
2026-08-12T07:20:00+05:30,2026-08-12 07:20:00,,,,0,9.3,14.8,86,0,0,0,0,2,625.1,,0,64.7,26.1,74,26.7,21.1
2026-08-12T07:15:00+05:30,2026-08-12 07:15:00,,,,2.1,5.5,14.8,85,0,0,0,0,2,625.1,,0,56.5,26.2,74,26.8,21.2
2026-08-12T07:10:00+05:30,2026-08-12 07:10:00,,,,0,0,14.8,99,0,0,0,0,2,625.1,,0,75,26.2,74,26.8,21.2
2026-08-12T07:05:00+05:30,2026-08-12 07:05:00,,,,1.1,7.2,14.8,86,0,0,0,0,2,625.1,,0,81.3,26.1,74,26.7,21.1
2026-08-12T07:00:00+05:30,2026-08-12 07:00:00,,,,1.1,5.5,14.8,74,0,0,0,0,2,625.1,,0,70.2,26.2,74,26.8,21.2
2026-08-12T06:55:00+05:30,2026-08-12 06:55:00,,,,0,11.1,14.8,70,0,0,0,0,2,625.1,,0,61.3,26.2,74,26.8,21.2
2026-08-12T06:50:00+05:30,2026-08-12 06:50:00,,,,1.8,9.3,14.8,77,0,0,0,0,2,625.1,,0,47.8,26.1,74,26.7,21.1
2026-08-12T06:45:00+05:30,2026-08-12 06:45:00,,,,0,0,14.8,70,0,0,0,0,2,625.1,,0,38.6,26.2,74,26.8,21.2
2026-08-12T06:40:00+05:30,2026-08-12 06:40:00,,,,0,1.8,14.8,74,0,0,0,0,2,625.1,,0,31,26.1,74,26.7,21.1
2026-08-12T06:35:00+05:30,2026-08-12 06:35:00,,,,0,0,14.8,72,0,0,0,0,2,625.1,,0,25.8,26.2,74,26.8,21.2
2026-08-12T06:30:00+05:30,2026-08-12 06:30:00,,,,0,3.5,14.8,67,0,0,0,0,2,625.1,,0,21.1,26.2,74,26.8,21.2
2026-08-12T06:25:00+05:30,2026-08-12 06:25:00,,,,0,5.5,14.8,73,0,0,0,0,2,625.1,,0,14.8,26.2,74,26.8,21.2
2026-08-12T06:20:00+05:30,2026-08-12 06:20:00,,,,0,7.2,14.8,78,0,0,0,0,2,625.1,,0,11.8,26.2,74,26.8,21.2
2026-08-12T06:15:00+05:30,2026-08-12 06:15:00,,,,6.9,9.3,14.8,95,0,0,0,0,2,625.1,,0,5.9,26.2,74,26.8,21.2
2026-08-12T06:10:00+05:30,2026-08-12 06:10:00,,,,0,7.2,14.8,44,0,0,0,0,2,625.1,,0,4.6,26.2,74,26.8,21.2
2026-08-12T06:05:00+05:30,2026-08-12 06:05:00,,,,0.3,1.8,14.8,51,0,0,0,0,2,625.1,,0,2.3,26.2,74,26.8,21.2
2026-08-12T06:00:00+05:30,2026-08-12 06:00:00,,,,0,3.5,14.8,67,0,0,0,0,2,625.1,,0,1.3,26.2,74,26.8,21.2
2026-08-12T05:55:00+05:30,2026-08-12 05:55:00,,,,0,5.5,14.8,71,0,0,0,0,2,625.1,,0,0.6,26.2,74,26.8,21.2
2026-08-12T05:50:00+05:30,2026-08-12 05:50:00,,,,0,7.2,14.8,73,0,0,0,0,2,625.1,,0,0.2,26.2,74,26.8,21.2
2026-08-12T05:45:00+05:30,2026-08-12 05:45:00,,,,2.6,11.1,14.8,74,0,0,0,0,2,625.1,,0,0,26.3,74,26.9,21.3
2026-08-12T05:40:00+05:30,2026-08-12 05:40:00,,,,0,0,14.8,62,0,0,0,0,2,625.1,,0,0,26.3,74,26.9,21.3
2026-08-12T05:35:00+05:30,2026-08-12 05:35:00,,,,4.7,5.5,14.8,81,0,0,0,0,2,625.1,,0,0,26.3,74,26.9,21.3
2026-08-12T05:30:00+05:30,2026-08-12 05:30:00,,,,6.1,7.2,14.8,107,0,0,0,0,2,625.1,,0,0,26.3,74,26.9,21.3
2026-08-12T05:25:00+05:30,2026-08-12 05:25:00,,,,0,9.3,14.8,88,0,0,0,0,2,625.1,,0,0,26.3,74,26.9,21.3
2026-08-12T05:21:00+05:30,2026-08-12 05:21:00,,,,0,0,14.8,66,0,0,0,0,2,625.1,,0,0,26.3,74,26.9,21.3
2026-08-12T05:15:00+05:30,2026-08-12 05:15:00,,,,5.5,9.3,14.8,81,0,0,0,0,2,625.1,,0,0,26.4,74,27,21.4
2026-08-12T05:10:00+05:30,2026-08-12 05:10:00,,,,0,0,14.8,67,0,0,0,0,2,625.1,,0,0,26.4,73,27,21.2
2026-08-12T05:05:00+05:30,2026-08-12 05:05:00,,,,2.1,9.3,14.8,108,0,0,0,0,2,625.1,,0,0,26.4,73,27,21.2
2026-08-12T05:00:00+05:30,2026-08-12 05:00:00,,,,0,5.5,14.8,93,0,0,0,0,2,625.1,,0,0,26.4,73,27,21.2
2026-08-12T04:55:00+05:30,2026-08-12 04:55:00,,,,0,0,14.8,64,0,0,0,0,2,625.1,,0,0,26.4,73,27,21.2
2026-08-12T04:50:00+05:30,2026-08-12 04:50:00,,,,0,0,14.8,75,0,0,0,0,2,625.1,,0,0,26.4,73,27,21.2
2026-08-12T04:45:00+05:30,2026-08-12 04:45:00,,,,0,0,14.8,72,0,0,0,0,2,625.1,,0,0,26.4,73,27,21.2
2026-08-12T04:40:00+05:30,2026-08-12 04:40:00,,,,0,5.5,14.8,67,0,0,0,0,2,625.1,,0,0,26.4,73,27,21.2
2026-08-12T04:35:00+05:30,2026-08-12 04:35:00,,,,0,0,14.8,92,0,0,0,0,2,625.1,,0,0,26.4,73,27,21.2
2026-08-12T04:30:00+05:30,2026-08-12 04:30:00,,,,0,3.5,14.8,69,0,0,0,0,2,625.1,,0,0,26.4,73,27,21.2
2026-08-12T04:25:00+05:30,2026-08-12 04:25:00,,,,0,0,14.8,90,0,0,0,0,2,625.1,,0,0,26.4,73,27,21.2
2026-08-12T04:20:00+05:30,2026-08-12 04:20:00,,,,0,0,14.8,72,0,0,0,0,2,625.1,,0,0,26.5,73,27.1,21.3
2026-08-12T04:16:00+05:30,2026-08-12 04:16:00,,,,0,0,14.8,77,0,0,0,0,2,625.1,,0,0,26.5,73,27.1,21.3
2026-08-12T04:10:00+05:30,2026-08-12 04:10:00,,,,0,11.1,14.8,63,0,0,0,0,2,625.1,,0,0,26.5,73,27.1,21.3
2026-08-12T04:05:00+05:30,2026-08-12 04:05:00,,,,0,0,14.8,71,0,0,0,0,2,625.1,,0,0,26.5,73,27.1,21.3
2026-08-12T04:00:00+05:30,2026-08-12 04:00:00,,,,0,7.2,14.8,71,0,0,0,0,2,625.1,,0,0,26.5,72,27.1,21.1
2026-08-12T03:55:00+05:30,2026-08-12 03:55:00,,,,0,0,14.8,73,0,0,0,0,2,625.1,,0,0,26.5,72,27.1,21.1
2026-08-12T03:50:00+05:30,2026-08-12 03:50:00,,,,0.6,3.5,14.8,65,0,0,0,0,2,625.1,,0,0,26.5,72,27.1,21.1
2026-08-12T03:45:00+05:30,2026-08-12 03:45:00,,,,0,0,14.8,78,0,0,0,0,2,625.1,,0,0,26.5,72,27.1,21.1
2026-08-12T03:40:00+05:30,2026-08-12 03:40:00,,,,0,7.2,14.8,96,0,0,0,0,2,625.1,,0,0,26.5,72,27.1,21.1
2026-08-12T03:35:00+05:30,2026-08-12 03:35:00,,,,1.1,5.5,14.8,95,0,0,0,0,2,625.1,,0,0,26.5,72,27.1,21.1
2026-08-12T03:30:00+05:30,2026-08-12 03:30:00,,,,5.5,7.2,14.8,107,0,0,0,0,2,625.1,,0,0,26.5,72,27.1,21.1
2026-08-12T03:25:00+05:30,2026-08-12 03:25:00,,,,0,0,14.8,71,0,0,0,0,2,625.1,,0,0,26.6,72,27.2,21.1
2026-08-12T03:20:00+05:30,2026-08-12 03:20:00,,,,0.3,1.8,14.8,77,0,0,0,0,2,625.1,,0,0,26.6,72,27.2,21.1
2026-08-12T03:15:00+05:30,2026-08-12 03:15:00,,,,0,3.5,14.8,71,0,0,0,0,2,625.1,,0,0,26.6,72,27.2,21.1
2026-08-12T03:11:00+05:30,2026-08-12 03:11:00,,,,0,5.5,14.8,87,0,0,0,0,2,625.1,,0,0,26.6,72,27.2,21.1
2026-08-12T03:05:00+05:30,2026-08-12 03:05:00,,,,0,11.1,14.8,71,0,0,0,0,2,625.1,,0,0,26.6,72,27.2,21.1
2026-08-12T03:00:00+05:30,2026-08-12 03:00:00,,,,4.3,11.1,14.8,80,0,0,0,0,2,625.1,,0,0,26.7,72,28.6,21.2
2026-08-12T02:55:00+05:30,2026-08-12 02:55:00,,,,0,5.5,14.8,83,0,0,0,0,2,625.1,,0,0,26.7,72,28.6,21.2
2026-08-12T02:50:00+05:30,2026-08-12 02:50:00,,,,0.6,7.2,14.8,89,0,0,0,0,2,625.1,,0,0,26.7,72,28.6,21.2
2026-08-12T02:45:00+05:30,2026-08-12 02:45:00,,,,0.6,5.5,14.8,78,0,0,0,0,2,625.1,,0,0,26.7,72,28.6,21.2
2026-08-12T02:40:00+05:30,2026-08-12 02:40:00,,,,3.5,7.2,14.8,79,0,0,0,0,2,625.1,,0,0,26.7,72,28.6,21.2
2026-08-12T02:35:00+05:30,2026-08-12 02:35:00,,,,0,0,14.8,50,0,0,0,0,2,625.1,,0,0,26.8,72,28.6,21.3
2026-08-12T02:30:00+05:30,2026-08-12 02:30:00,,,,0,0,14.8,68,0,0,0,0,2,625.1,,0,0,26.8,72,28.6,21.3
2026-08-12T02:25:00+05:30,2026-08-12 02:25:00,,,,0,0,14.8,66,0,0,0,0,2,625.1,,0,0,26.8,72,28.6,21.3
2026-08-12T02:20:00+05:30,2026-08-12 02:20:00,,,,0,1.8,14.8,70,0,0,0,0,2,625.1,,0,0,26.8,72,28.6,21.3
2026-08-12T02:15:00+05:30,2026-08-12 02:15:00,,,,0,0,14.8,72,0,0,0,0,2,625.1,,0,0,26.8,72,28.6,21.3
2026-08-12T02:10:00+05:30,2026-08-12 02:10:00,,,,0,0,14.8,71,0,0,0,0,2,625.1,,0,0,26.8,72,28.6,21.3
2026-08-12T02:05:00+05:30,2026-08-12 02:05:00,,,,0,5.5,14.8,73,0,0,0,0,2,625.1,,0,0,26.8,72,28.6,21.3
2026-08-12T02:00:00+05:30,2026-08-12 02:00:00,,,,0,5.5,14.8,86,0,0,0,0,2,625.1,,0,0,26.8,72,28.6,21.3
2026-08-12T01:55:00+05:30,2026-08-12 01:55:00,,,,0,0,14.8,78,0,0,0,0,2,625.1,,0,0,26.9,72,28.8,21.4
2026-08-12T01:50:00+05:30,2026-08-12 01:50:00,,,,0,7.2,14.8,73,0,0,0,0,2,625.1,,0,0,26.9,72,28.8,21.4
2026-08-12T01:45:00+05:30,2026-08-12 01:45:00,,,,0,0,14.8,65,0,0,0,0,2,625.1,,0,0,26.9,72,28.8,21.4
2026-08-12T01:40:00+05:30,2026-08-12 01:40:00,,,,0,3.5,14.8,76,0,0,0,0,2,625.1,,0,0,26.9,72,28.8,21.4
2026-08-12T01:35:00+05:30,2026-08-12 01:35:00,,,,0,7.2,14.8,71,0,0,0,0,2,625.1,,0,0,26.9,72,28.8,21.4
2026-08-12T01:30:00+05:30,2026-08-12 01:30:00,,,,0,9.3,14.8,65,0,0,0,0,2,625.1,,0,0,26.9,72,28.8,21.4
2026-08-12T01:25:00+05:30,2026-08-12 01:25:00,,,,0,3.5,14.8,70,0,0,0,0,2,625.1,,0,0,26.9,72,28.8,21.4
2026-08-12T01:20:00+05:30,2026-08-12 01:20:00,,,,0,3.5,14.8,76,0,0,0,0,2,625.1,,0,0,27,72,29,21.5
2026-08-12T01:15:00+05:30,2026-08-12 01:15:00,,,,0,5.5,14.8,79,0,0,0,0,2,625.1,,0,0,27,72,29,21.5
2026-08-12T01:10:00+05:30,2026-08-12 01:10:00,,,,1.4,9.3,14.8,75,0,0,0,0,2,625.1,,0,0,27,72,29,21.5
2026-08-12T01:05:00+05:30,2026-08-12 01:05:00,,,,0,0,14.8,65,0,0,0,0,2,625.1,,0,0,27,72,29,21.5
2026-08-12T01:00:00+05:30,2026-08-12 01:00:00,,,,0,5.5,14.8,86,0,0,0,0,2,625.1,,0,0,27.1,72,29.2,21.6
2026-08-12T00:55:00+05:30,2026-08-12 00:55:00,,,,0,5.5,14.8,91,0,0,0,0,2,625.1,,0,0,27.1,72,29.2,21.6
2026-08-12T00:50:00+05:30,2026-08-12 00:50:00,,,,0,7.2,14.8,73,0,0,0,0,2,625.1,,0,0,27.1,72,29.2,21.6
2026-08-12T00:46:00+05:30,2026-08-12 00:46:00,,,,0,13,14.8,78,0,0,0,0,2,625.1,,0,0,27.1,72,29.2,21.6
2026-08-12T00:40:00+05:30,2026-08-12 00:40:00,,,,0.6,11.1,14.8,84,0,0,0,0,2,625.1,,0,0,27.2,72,29.4,21.7
2026-08-12T00:35:00+05:30,2026-08-12 00:35:00,,,,0,0,14.8,72,0,0,0,0,2,625.1,,0,0,27.2,72,29.4,21.7
2026-08-12T00:30:00+05:30,2026-08-12 00:30:00,,,,0.6,14.8,14.8,69,0,0,0,0,2,625.1,,0,0,27.2,72,29.4,21.7
2026-08-12T00:25:00+05:30,2026-08-12 00:25:00,,,,0.3,3.5,11.1,79,0,0,0,0,2,625.1,,0,0,27.3,72,29.6,21.8
2026-08-12T00:20:00+05:30,2026-08-12 00:20:00,,,,1.1,5.5,11.1,75,0,0,0,0,2,625.1,,0,0,27.3,72,29.6,21.8
2026-08-12T00:15:00+05:30,2026-08-12 00:15:00,,,,0,3.5,11.1,71,0,0,0,0,2,625.1,,0,0,27.3,72,29.6,21.8
2026-08-12T00:10:00+05:30,2026-08-12 00:10:00,,,,1.4,7.2,11.1,101,0,0,0,0,2,625.1,,0,0,27.3,72,29.6,21.8
2026-08-12T00:05:00+05:30,2026-08-12 00:05:00,,,,0,5.5,7.2,76,0,0,0,0,2,625.1,,0,0,27.4,72,29.7,21.9
2026-08-12T00:00:00+05:30,2026-08-12 00:00:00,,,,1.4,7.2,3.5,51,0,0,0,0,2,625.1,,0,0,27.3,72,29.6,21.8
2026-08-11T23:55:00+05:30,2026-08-11 23:55:00,,,,3.5,5.5,20.1,74,0,0,0,0,2,625.1,,0,0,27.4,72,29.7,21.9
2026-08-11T23:50:00+05:30,2026-08-11 23:50:00,,,,0,7.2,20.1,84,0,0,0,0,2,625.1,,0,0,27.4,72,29.7,21.9
2026-08-11T23:45:00+05:30,2026-08-11 23:45:00,,,,0,0,20.1,74,0,0,0,0,2,625.1,,0,0,27.4,72,29.7,21.9
2026-08-11T23:41:00+05:30,2026-08-11 23:41:00,,,,0,9.3,20.1,71,0,0,0,0,2,625.1,,0,0,27.4,71,29.6,21.7
2026-08-11T23:35:00+05:30,2026-08-11 23:35:00,,,,0,5.5,20.1,77,0,0,0,0,2,625.1,,0,0,27.4,71,29.6,21.7
2026-08-11T23:30:00+05:30,2026-08-11 23:30:00,,,,0,7.2,20.1,73,0,0,0,0,2,625.1,,0,0,27.5,71,29.8,21.8
2026-08-11T23:25:00+05:30,2026-08-11 23:25:00,,,,0,1.8,20.1,71,0,0,0,0,2,625.1,,0,0,27.5,71,29.8,21.8
2026-08-11T23:20:00+05:30,2026-08-11 23:20:00,,,,0,0,20.1,83,0,0,0,0,2,625.1,,0,0,27.5,71,29.8,21.8
2026-08-11T23:15:00+05:30,2026-08-11 23:15:00,,,,7.6,11.1,20.1,103,0,0,0,0,2,625.1,,0,0,27.5,71,29.8,21.8
2026-08-11T23:10:00+05:30,2026-08-11 23:10:00,,,,2.6,3.5,20.1,100,0,0,0,0,2,625.1,,0,0,27.5,71,29.8,21.8
2026-08-11T23:05:00+05:30,2026-08-11 23:05:00,,,,0,0,20.1,76,0,0,0,0,2,625.1,,0,0,27.6,71,30.1,21.9
2026-08-11T23:00:00+05:30,2026-08-11 23:00:00,,,,0,7.2,20.1,76,0,0,0,0,2,625.1,,0,0,27.6,71,30.1,21.9
2026-08-11T22:55:00+05:30,2026-08-11 22:55:00,,,,4.7,7.2,20.1,83,0,0,0,0,2,625.1,,0,0,27.6,71,30.1,21.9
2026-08-11T22:50:00+05:30,2026-08-11 22:50:00,,,,0.3,1.8,20.1,93,0,0,0,0,2,625.1,,0,0,27.6,71,30.1,21.9
2026-08-11T22:45:00+05:30,2026-08-11 22:45:00,,,,0,0,20.1,94,0,0,0,0,2,625.1,,0,0,27.6,71,30.1,21.9
2026-08-11T22:40:00+05:30,2026-08-11 22:40:00,,,,0,3.5,20.1,81,0,0,0,0,2,625.1,,0,0,27.6,71,30.1,21.9
2026-08-11T22:36:00+05:30,2026-08-11 22:36:00,,,,0,0,20.1,74,0,0,0,0,2,625.1,,0,0,27.7,70,30.1,21.7
2026-08-11T22:30:00+05:30,2026-08-11 22:30:00,,,,0,0,20.1,86,0,0,0,0,2,625.1,,0,0,27.7,70,30.1,21.7
2026-08-11T22:25:00+05:30,2026-08-11 22:25:00,,,,0,1.8,20.1,76,0,0,0,0,2,625.1,,0,0,27.7,70,30.1,21.7
2026-08-11T22:20:00+05:30,2026-08-11 22:20:00,,,,0,3.5,20.1,80,0,0,0,0,2,625.1,,0,0,27.8,70,30.2,21.8
2026-08-11T22:15:00+05:30,2026-08-11 22:15:00,,,,0,7.2,20.1,69,0,0,0,0,2,625.1,,0,0,27.8,70,30.2,21.8
2026-08-11T22:10:00+05:30,2026-08-11 22:10:00,,,,0,3.5,20.1,77,0,0,0,0,2,625.1,,0,0,27.8,70,30.2,21.8
2026-08-11T22:05:00+05:30,2026-08-11 22:05:00,,,,0,0,20.1,73,0,0,0,0,2,625.1,,0,0,27.8,70,30.2,21.8
2026-08-11T22:00:00+05:30,2026-08-11 22:00:00,,,,0,1.8,20.1,102,0,0,0,0,2,625.1,,0,0,27.9,70,30.4,21.9
2026-08-11T21:55:00+05:30,2026-08-11 21:55:00,,,,0,0,20.1,75,0,0,0,0,2,625.1,,0,0,27.9,70,30.4,21.9
2026-08-11T21:50:00+05:30,2026-08-11 21:50:00,,,,0,0,20.1,87,0,0,0,0,2,625.1,,0,0,27.9,70,30.4,21.9
2026-08-11T21:45:00+05:30,2026-08-11 21:45:00,,,,0,0,20.1,71,0,0,0,0,2,625.1,,0,0,27.9,70,30.4,21.9
2026-08-11T21:40:00+05:30,2026-08-11 21:40:00,,,,0,0,20.1,78,0,0,0,0,2,625.1,,0,0,28,70,30.7,22
2026-08-11T21:35:00+05:30,2026-08-11 21:35:00,,,,0,0,20.1,77,0,0,0,0,2,625.1,,0,0,28,70,30.7,22
2026-08-11T21:30:00+05:30,2026-08-11 21:30:00,,,,0,5.5,20.1,89,0,0,0,0,2,625.1,,0,0,28,70,30.7,22
2026-08-11T21:25:00+05:30,2026-08-11 21:25:00,,,,2.9,7.2,20.1,67,0,0,0,0,2,625.1,,0,0,28,70,30.7,22
2026-08-11T21:20:00+05:30,2026-08-11 21:20:00,,,,0,5.5,20.1,80,0,0,0,0,2,625.1,,0,0,28.1,70,30.9,22.1
2026-08-11T21:16:00+05:30,2026-08-11 21:16:00,,,,0,0,20.1,73,0,0,0,0,2,625.1,,0,0,28.1,70,30.9,22.1
2026-08-11T21:10:00+05:30,2026-08-11 21:10:00,,,,0,0,20.1,79,0,0,0,0,2,625.1,,0,0,28.1,70,30.9,22.1
2026-08-11T21:05:00+05:30,2026-08-11 21:05:00,,,,0,0,20.1,67,0,0,0,0,2,625.1,,0,0,28.1,70,30.9,22.1
2026-08-11T21:00:00+05:30,2026-08-11 21:00:00,,,,0,0,20.1,77,0,0,0,0,2,625.1,,0,0,28.1,70,30.9,22.1
2026-08-11T20:55:00+05:30,2026-08-11 20:55:00,,,,0,0,20.1,70,0,0,0,0,2,625.1,,0,0,28.1,70,30.9,22.1
2026-08-11T20:50:00+05:30,2026-08-11 20:50:00,,,,0,0,20.1,71,0,0,0,0,2,625.1,,0,0,28.2,70,31.1,22.2
2026-08-11T20:45:00+05:30,2026-08-11 20:45:00,,,,0,0,20.1,68,0,0,0,0,2,625.1,,0,0,28.2,70,31.1,22.2
2026-08-11T20:40:00+05:30,2026-08-11 20:40:00,,,,0,0,20.1,67,0,0,0,0,2,625.1,,0,0,28.3,70,31.2,22.3
2026-08-11T20:35:00+05:30,2026-08-11 20:35:00,,,,0,0,20.1,73,0,0,0,0,2,625.1,,0,0,28.3,70,31.2,22.3
2026-08-11T20:30:00+05:30,2026-08-11 20:30:00,,,,0,0,20.1,78,0,0,0,0,2,625.1,,0,0,28.3,70,31.2,22.3
2026-08-11T20:25:00+05:30,2026-08-11 20:25:00,,,,0,0,20.1,75,0,0,0,0,2,625.1,,0,0,28.3,69,31.1,22.1
2026-08-11T20:20:00+05:30,2026-08-11 20:20:00,,,,0,0,20.1,69,0,0,0,0,2,625.1,,0,0,28.3,70,31.2,22.3
2026-08-11T20:15:00+05:30,2026-08-11 20:15:00,,,,0,0,20.1,74,0,0,0,0,2,625.1,,0,0,28.4,70,31.4,22.4
2026-08-11T20:11:00+05:30,2026-08-11 20:11:00,,,,0,0,20.1,70,0,0,0,0,2,625.1,,0,0,28.4,70,31.4,22.4
2026-08-11T20:05:00+05:30,2026-08-11 20:05:00,,,,0,0,20.1,68,0,0,0,0,2,625.1,,0,0,28.4,69,31.3,22.2
2026-08-11T20:00:00+05:30,2026-08-11 20:00:00,,,,0,0,20.1,70,0,0,0,0,2,625.1,,0,0,28.4,69,31.3,22.2
2026-08-11T19:55:00+05:30,2026-08-11 19:55:00,,,,0,3.5,20.1,70,0,0,0,0,2,625.1,,0,0,28.5,69,31.5,22.2
2026-08-11T19:50:00+05:30,2026-08-11 19:50:00,,,,0,0,20.1,68,0,0,0,0,2,625.1,,0,0,28.5,69,31.5,22.2
2026-08-11T19:45:00+05:30,2026-08-11 19:45:00,,,,0.3,1.8,20.1,77,0,0,0,0,2,625.1,,0,0,28.5,69,31.5,22.2
2026-08-11T19:40:00+05:30,2026-08-11 19:40:00,,,,3.2,9.3,20.1,89,0,0,0,0,2,625.1,,0,0,28.6,69,31.7,22.3
2026-08-11T19:35:00+05:30,2026-08-11 19:35:00,,,,0,0,20.1,92,0,0,0,0,2,625.1,,0,0,28.6,69,31.7,22.3
2026-08-11T19:30:00+05:30,2026-08-11 19:30:00,,,,0,0,20.1,65,0,0,0,0,2,625.1,,0,0,28.7,69,31.9,22.4
2026-08-11T19:25:00+05:30,2026-08-11 19:25:00,,,,0,0,20.1,72,0,0,0,0,2,625.1,,0,0,28.7,69,31.9,22.4
2026-08-11T19:20:00+05:30,2026-08-11 19:20:00,,,,0,0,20.1,73,0,0,0,0,2,625.1,,0,0,28.7,69,31.9,22.4
2026-08-11T19:15:00+05:30,2026-08-11 19:15:00,,,,0,0,20.1,73,0,0,0,0,2,625.1,,0,0,28.7,69,31.9,22.4
2026-08-11T19:10:00+05:30,2026-08-11 19:10:00,,,,0,0,20.1,72,0,0,0,0,2,625.1,,0,0,28.8,69,32.1,22.5
2026-08-11T19:06:00+05:30,2026-08-11 19:06:00,,,,0,0,20.1,68,0,0,0,0,2,625.1,,0,0,28.8,69,32.1,22.5
2026-08-11T19:00:00+05:30,2026-08-11 19:00:00,,,,0,0,20.1,71,0,0,0,0,2,625.1,,0,0,28.8,69,32.1,22.5
2026-08-11T18:55:00+05:30,2026-08-11 18:55:00,,,,0,0,20.1,100,0,0,0,0,2,625.1,,0,0,28.8,69,32.1,22.5
2026-08-11T18:50:00+05:30,2026-08-11 18:50:00,,,,0,0,20.1,70,0,0,0,0,2,625.1,,0,0,28.8,69,32.1,22.5
2026-08-11T18:45:00+05:30,2026-08-11 18:45:00,,,,0,0,20.1,78,0,0,0,0,2,625.1,,0,0,28.9,69,32.3,22.6
2026-08-11T18:40:00+05:30,2026-08-11 18:40:00,,,,0,0,20.1,73,0,0,0,0,2,625.1,,0,0,28.9,69,32.3,22.6
2026-08-11T18:35:00+05:30,2026-08-11 18:35:00,,,,0,0,20.1,71,0,0,0,0,2,625.1,,0,0,28.9,69,32.3,22.6
2026-08-11T18:30:00+05:30,2026-08-11 18:30:00,,,,0,7.2,20.1,95,0,0,0,0,2,625.1,,0,0.1,29,69,32.6,22.7
2026-08-11T18:25:00+05:30,2026-08-11 18:25:00,,,,0,1.8,20.1,77,0,0,0,0,2,625.1,,0,0.3,29,69,32.6,22.7
2026-08-11T18:20:00+05:30,2026-08-11 18:20:00,,,,2.1,7.2,20.1,91,0,0,0,0,2,625.1,,0,0.5,29,69,32.6,22.7
2026-08-11T18:17:00+05:30,2026-08-11 18:17:00,,,,0,0,20.1,73,0,0,0,0,2,625.1,,0,0.7,29.1,69,32.8,22.8
2026-08-11T18:10:00+05:30,2026-08-11 18:10:00,,,,0,0,20.1,72,0,0,0,0,2,625.1,,0,2.1,29.1,69,32.8,22.8
2026-08-11T18:05:00+05:30,2026-08-11 18:05:00,,,,0,0,20.1,73,0,0,0,0,2,625.1,,0,4.8,29.1,69,32.8,22.8
2026-08-11T18:00:00+05:30,2026-08-11 18:00:00,,,,0,3.5,20.1,70,0,0,0,0,2,625.1,,0,6.9,29.1,69,32.8,22.8
2026-08-11T17:55:00+05:30,2026-08-11 17:55:00,,,,2.1,5.5,20.1,87,0,0,0,0,2,625.1,,0,12,29.1,69,32.8,22.8
2026-08-11T17:50:00+05:30,2026-08-11 17:50:00,,,,0,0,20.1,72,0,0,0,0,2,625.1,,0,14.3,29.1,69,32.8,22.8
2026-08-11T17:45:00+05:30,2026-08-11 17:45:00,,,,0,5.5,20.1,74,0,0,0,0,2,625.1,,0,18.3,29.2,69,33,22.9
2026-08-11T17:40:00+05:30,2026-08-11 17:40:00,,,,0,0,20.1,85,0,0,0,0,2,625.1,,0,24.4,29.2,68,32.8,22.7
2026-08-11T17:35:00+05:30,2026-08-11 17:35:00,,,,1.1,1.8,20.1,86,0,0,0,0,2,625.1,,0,27.8,29.2,68,32.8,22.7
2026-08-11T17:30:00+05:30,2026-08-11 17:30:00,,,,0,0,20.1,102,0,0,0,0,2,625.1,,0,27.3,29.3,68,32.9,22.7
2026-08-11T17:25:00+05:30,2026-08-11 17:25:00,,,,0,1.8,20.1,83,0,0,0,0,2,625.1,,0,35.2,29.3,68,32.9,22.7
2026-08-11T17:20:00+05:30,2026-08-11 17:20:00,,,,0,0,20.1,81,0,0,0,0,2,625.1,,0,55.7,29.3,68,32.9,22.7
2026-08-11T17:15:00+05:30,2026-08-11 17:15:00,,,,0,3.5,20.1,83,0,0,0,0,2,625.1,,0,64.4,29.4,68,33.2,22.8
2026-08-11T17:10:00+05:30,2026-08-11 17:10:00,,,,0,1.8,20.1,89,0,0,0,0,2,625.1,,0,62.2,29.4,68,33.2,22.8
2026-08-11T17:05:00+05:30,2026-08-11 17:05:00,,,,0,0,20.1,74,0,0,0,0,2,625.1,,0,77.6,29.4,68,33.2,22.8
2026-08-11T17:00:00+05:30,2026-08-11 17:00:00,,,,0.6,3.5,20.1,79,0,0,0,0,2,625.1,,0,76.5,29.4,68,33.2,22.8
2026-08-11T16:55:00+05:30,2026-08-11 16:55:00,,,,0,3.5,20.1,80,0,0,0,0,2,625.1,,0,57.8,29.4,68,33.2,22.8
2026-08-11T16:50:00+05:30,2026-08-11 16:50:00,,,,0,7.2,20.1,112,0,0,0,0,2,625.1,,0,81.8,29.4,68,33.2,22.8
2026-08-11T16:45:00+05:30,2026-08-11 16:45:00,,,,0,0,20.1,73,0,0,0,0,2,625.1,,1,125.1,29.4,68,33.2,22.8
2026-08-11T16:40:00+05:30,2026-08-11 16:40:00,,,,0,7.2,20.1,55,0,0,0,0,2,625.1,,1,157.8,29.5,68,33.4,22.9
2026-08-11T16:35:00+05:30,2026-08-11 16:35:00,,,,0,7.2,20.1,95,0,0,0,0,2,625.1,,1,177.5,29.5,68,33.4,22.9
2026-08-11T16:30:00+05:30,2026-08-11 16:30:00,,,,0,9.3,20.1,66,0,0,0,0,2,625.1,,1,115.4,29.5,69,33.7,23.2
2026-08-11T16:25:00+05:30,2026-08-11 16:25:00,,,,0,9.3,20.1,72,0,0,0,0,2,625.1,,1,138.9,29.5,69,33.7,23.2
2026-08-11T16:20:00+05:30,2026-08-11 16:20:00,,,,0,7.2,20.1,111,0,0,0,0,2,625.1,,1,176.7,29.5,69,33.7,23.2
2026-08-11T16:15:00+05:30,2026-08-11 16:15:00,,,,0,11.1,20.1,70,0,0,0,0,2,625.1,,1,177.3,29.5,69,33.7,23.2
2026-08-11T16:10:00+05:30,2026-08-11 16:10:00,,,,0,11.1,20.1,76,0,0,0,0,2,625.1,,1,190.3,29.5,69,33.7,23.2
2026-08-11T16:05:00+05:30,2026-08-11 16:05:00,,,,0,5.5,20.1,68,0,0,0,0,2,625.1,,1,135.9,29.5,68,33.4,22.9
2026-08-11T16:00:00+05:30,2026-08-11 16:00:00,,,,1.8,5.5,20.1,86,0,0,0,0,2,625.1,,1,108.4,29.5,68,33.4,22.9
2026-08-11T15:55:00+05:30,2026-08-11 15:55:00,,,,2.1,14.8,20.1,96,0,0,0,0,2,625.1,,1,188.8,29.5,68,33.4,22.9
2026-08-11T15:51:00+05:30,2026-08-11 15:51:00,,,,6.1,7.2,20.1,96,0,0,0,0,2,625.1,,1,191,29.5,68,33.4,22.9
2026-08-11T15:45:00+05:30,2026-08-11 15:45:00,,,,0,13,20.1,73,0,0,0,0,2,625.1,,1,179.8,29.5,68,33.4,22.9
2026-08-11T15:40:00+05:30,2026-08-11 15:40:00,,,,3.5,16.6,20.1,78,0,0,0,0,2,625.1,,1,184.2,29.5,68,33.4,22.9
2026-08-11T15:35:00+05:30,2026-08-11 15:35:00,,,,0,13,20.1,75,0,0,0,0,2,625.1,,1,190.5,29.6,67,33.4,22.8
2026-08-11T15:30:00+05:30,2026-08-11 15:30:00,,,,9.7,13,20.1,121,0,0,0,0,2,625.1,,1,186.9,29.6,67,33.4,22.8
2026-08-11T15:25:00+05:30,2026-08-11 15:25:00,,,,0.6,7.2,20.1,102,0,0,0,0,2,625.1,,1,167.3,29.6,68,33.7,23.1
2026-08-11T15:20:00+05:30,2026-08-11 15:20:00,,,,0,7.2,20.1,69,0,0,0,0,2,625.1,,2,262.7,29.6,68,33.7,23.1
2026-08-11T15:15:00+05:30,2026-08-11 15:15:00,,,,6.4,11.1,20.1,102,0,0,0,0,2,625.1,,2,281.7,29.6,68,33.7,23.1
2026-08-11T15:10:00+05:30,2026-08-11 15:10:00,,,,0.3,7.2,20.1,72,0,0,0,0,2,625.1,,2,257.6,29.6,68,33.7,23.1
2026-08-11T15:05:00+05:30,2026-08-11 15:05:00,,,,0,7.2,20.1,85,0,0,0,0,2,625.1,,5,565,29.5,68,33.4,22.9
2026-08-11T15:00:00+05:30,2026-08-11 15:00:00,,,,3.5,11.1,20.1,97,0,0,0,0,2,625.1,,2,295.7,29.6,68,33.7,23.1
2026-08-11T14:55:00+05:30,2026-08-11 14:55:00,,,,4.7,9.3,20.1,121,0,0,0,0,2,625.1,,1,193.5,29.6,68,33.7,23.1
2026-08-11T14:50:00+05:30,2026-08-11 14:50:00,,,,0.3,5.5,20.1,85,0,0,0,0,2,625.1,,1,109.2,29.6,68,33.7,23.1
2026-08-11T14:46:00+05:30,2026-08-11 14:46:00,,,,0,7.2,20.1,65,0,0,0,0,2,625.1,,1,198.9,29.6,69,33.9,23.3
2026-08-11T14:40:00+05:30,2026-08-11 14:40:00,,,,0.3,9.3,20.1,62,0,0,0,0,2,625.1,,3,318.9,29.6,69,33.9,23.3
2026-08-11T14:35:00+05:30,2026-08-11 14:35:00,,,,0,13,20.1,69,0,0,0,0,2,625.1,,3,389.5,29.6,69,33.9,23.3
2026-08-11T14:30:00+05:30,2026-08-11 14:30:00,,,,0,7.2,20.1,80,0,0,0,0,2,625.1,,1,181,29.6,69,33.9,23.3
2026-08-11T14:25:00+05:30,2026-08-11 14:25:00,,,,0,0,20.1,75,0,0,0,0,2,625.1,,1,172.2,29.6,69,33.9,23.3
2026-08-11T14:20:00+05:30,2026-08-11 14:20:00,,,,0.3,7.2,20.1,78,0,0,0,0,2,625.1,,1,203.9,29.6,69,33.9,23.3
2026-08-11T14:15:00+05:30,2026-08-11 14:15:00,,,,5,9.3,20.1,78,0,0,0,0,2,625.1,,1,127.2,29.7,69,34.2,23.4
2026-08-11T14:10:00+05:30,2026-08-11 14:10:00,,,,0,5.5,20.1,77,0,0,0,0,2,625.1,,0,98.5,29.7,69,34.2,23.4
2026-08-11T14:05:00+05:30,2026-08-11 14:05:00,,,,0,1.8,20.1,92,0,0,0,0,2,625.1,,0,73.1,29.7,69,34.2,23.4
2026-08-11T14:00:00+05:30,2026-08-11 14:00:00,,,,0,14.8,20.1,69,0,0,0,0,2,625.1,,1,193.3,29.6,69,33.9,23.3
2026-08-11T13:55:00+05:30,2026-08-11 13:55:00,,,,7.2,11.1,20.1,80,0,0,0,0,2,625.1,,2,276,29.6,69,33.9,23.3
2026-08-11T13:50:00+05:30,2026-08-11 13:50:00,,,,7.9,11.1,20.1,92,0,0,0,0,2,625.1,,7,788.9,29.5,69,33.7,23.2
2026-08-11T13:45:00+05:30,2026-08-11 13:45:00,,,,2.6,11.1,20.1,104,0,0,0,0,2,625.1,,7,816,29.5,69,33.7,23.2
2026-08-11T13:40:00+05:30,2026-08-11 13:40:00,,,,1.4,3.5,20.1,72,0,0,0,0,2,625.1,,7,782,29.5,69,33.7,23.2
2026-08-11T13:35:00+05:30,2026-08-11 13:35:00,,,,2.9,13,20.1,99,0,0,0,0,2,625.1,,7,808.4,29.4,69,33.4,23.1
2026-08-11T13:30:00+05:30,2026-08-11 13:30:00,,,,0,3.5,20.1,78,0,0,0,0,2,625.1,,7,793.7,29.4,70,33.6,23.3
2026-08-11T13:26:00+05:30,2026-08-11 13:26:00,,,,0,7.2,20.1,49,0,0,0,0,2,625.1,,7,755.5,29.3,69,33.2,23
2026-08-11T13:20:00+05:30,2026-08-11 13:20:00,,,,0,7.2,20.1,72,0,0,0,0,2,625.1,,7,749.7,29.3,69,33.2,23
2026-08-11T13:15:00+05:30,2026-08-11 13:15:00,,,,0,1.8,20.1,171,0,0,0,0,2,625.1,,7,773.7,29.3,69,33.2,23
2026-08-11T13:10:00+05:30,2026-08-11 13:10:00,,,,0,9.3,20.1,47,0,0,0,0,2,625.1,,7,819.8,29.3,69,33.2,23
2026-08-11T13:05:00+05:30,2026-08-11 13:05:00,,,,4,7.2,20.1,172,0,0,0,0,2,625.1,,4,436.4,29.3,69,33.2,23
2026-08-11T13:00:00+05:30,2026-08-11 13:00:00,,,,0,5.5,20.1,77,0,0,0,0,2,625.1,,5,543.7,29.2,69,33,22.9
2026-08-11T12:55:00+05:30,2026-08-11 12:55:00,,,,2.9,7.2,20.1,84,0,0,0,0,2,625.1,,3,337.7,29.2,69,33,22.9
2026-08-11T12:50:00+05:30,2026-08-11 12:50:00,,,,4,13,20.1,125,0,0,0,0,2,625.1,,4,450.1,29.1,70,32.9,23.1
2026-08-11T12:45:00+05:30,2026-08-11 12:45:00,,,,6.1,9.3,20.1,78,0,0,0,0,2,625.1,,3,315.9,29.1,70,32.9,23.1
2026-08-11T12:40:00+05:30,2026-08-11 12:40:00,,,,2.6,7.2,20.1,75,0,0,0,0,2,625.1,,3,381,29,70,32.7,22.9
2026-08-11T12:35:00+05:30,2026-08-11 12:35:00,,,,1.4,13,20.1,61,0,0,0,0,2,625.1,,8,889.8,28.9,70,32.5,22.8
2026-08-11T12:30:00+05:30,2026-08-11 12:30:00,,,,2.1,13,20.1,104,0,0,0,0,2,625.1,,8,890.6,28.9,70,32.5,22.8
2026-08-11T12:25:00+05:30,2026-08-11 12:25:00,,,,5.8,7.2,20.1,71,0,0,0,0,2,625.1,,2,285.9,28.8,70,32.2,22.7
2026-08-11T12:21:00+05:30,2026-08-11 12:21:00,,,,0,16.6,20.1,75,0,0,0,0,2,625.1,,3,312.1,28.8,70,32.2,22.7
2026-08-11T12:15:00+05:30,2026-08-11 12:15:00,,,,2.1,13,20.1,99,0,0,0,0,2,625.1,,8,849.5,28.7,70,32.1,22.7
2026-08-11T12:10:00+05:30,2026-08-11 12:10:00,,,,6.1,9.3,20.1,75,0,0,0,0,2,625.1,,7,809,28.6,70,31.9,22.6
2026-08-11T12:05:00+05:30,2026-08-11 12:05:00,,,,2.9,11.1,20.1,87,0,0,0,0,2,625.1,,3,387.6,28.6,70,31.9,22.6
2026-08-11T12:00:00+05:30,2026-08-11 12:00:00,,,,4.3,13,20.1,104,0,0,0,0,2,625.1,,8,907.6,28.5,71,31.8,22.7
2026-08-11T11:55:00+05:30,2026-08-11 11:55:00,,,,0,9.3,20.1,70,0,0,0,0,2,625.1,,3,316.7,28.4,71,31.6,22.6
2026-08-11T11:50:00+05:30,2026-08-11 11:50:00,,,,0.3,1.8,20.1,80,0,0,0,0,2,625.1,,3,385.6,28.4,71,31.6,22.6
2026-08-11T11:45:00+05:30,2026-08-11 11:45:00,,,,0,3.5,20.1,83,0,0,0,0,2,625.1,,4,424.1,28.3,71,31.4,22.5
2026-08-11T11:40:00+05:30,2026-08-11 11:40:00,,,,7.6,13,20.1,87,0,0,0,0,2,625.1,,3,311.6,28.2,71,31.2,22.4
2026-08-11T11:35:00+05:30,2026-08-11 11:35:00,,,,1.1,9.3,20.1,148,0,0,0,0,2,625.1,,4,424.1,28.1,71,31,22.3
2026-08-11T11:30:00+05:30,2026-08-11 11:30:00,,,,4,7.2,20.1,108,0,0,0,0,2,625.1,,9,966.3,28.1,70,30.9,22.1
2026-08-11T11:25:00+05:30,2026-08-11 11:25:00,,,,0,5.5,20.1,76,0,0,0,0,2,625.1,,8,893.6,28,71,30.8,22.2
2026-08-11T11:20:00+05:30,2026-08-11 11:20:00,,,,0,3.5,20.1,129,0,0,0,0,2,625.1,,6,620.6,27.9,71,30.6,22.1
2026-08-11T11:15:00+05:30,2026-08-11 11:15:00,,,,0,1.8,20.1,81,0,0,0,0,2,625.1,,8,892,27.8,71,30.4,22
2026-08-11T11:10:00+05:30,2026-08-11 11:10:00,,,,4,7.2,20.1,84,0,0,0,0,2,625.1,,8,875.9,27.8,71,30.4,22
2026-08-11T11:05:00+05:30,2026-08-11 11:05:00,,,,9,13,20.1,121,0,0,0,0,2,625.1,,9,945,27.7,71,30.3,21.9
2026-08-11T11:01:00+05:30,2026-08-11 11:01:00,,,,1.1,13,20.1,98,0,0,0,0,2,625.1,,8,866,27.6,71,30.1,21.9
2026-08-11T10:55:00+05:30,2026-08-11 10:55:00,,,,0,11.1,18.3,70,0,0,0,0,2,625.1,,4,456,27.6,72,30.2,22.1
2026-08-11T10:50:00+05:30,2026-08-11 10:50:00,,,,1.4,9.3,18.3,106,0,0,0,0,2,625.1,,8,844.8,27.5,72,29.9,22
2026-08-11T10:45:00+05:30,2026-08-11 10:45:00,,,,0,3.5,18.3,72,0,0,0,0,2,625.1,,7,813.7,27.5,72,29.9,22
2026-08-11T10:40:00+05:30,2026-08-11 10:40:00,,,,0,7.2,18.3,66,0,0,0,0,2,625.1,,8,821.7,27.4,72,29.7,21.9
2026-08-11T10:35:00+05:30,2026-08-11 10:35:00,,,,4.3,9.3,18.3,87,0,0,0,0,2,625.1,,2,272.2,27.3,72,29.6,21.8
2026-08-11T10:30:00+05:30,2026-08-11 10:30:00,,,,0.3,5.5,18.3,74,0,0,0,0,2,625.1,,7,758.5,27.3,73,29.6,22
2026-08-11T10:25:00+05:30,2026-08-11 10:25:00,,,,0,7.2,18.3,66,0,0,0,0,2,625.1,,8,871.8,27.2,73,29.5,21.9
2026-08-11T10:20:00+05:30,2026-08-11 10:20:00,,,,1.4,3.5,18.3,61,0,0,0,0,2,625.1,,9,955.3,27.2,73,29.5,21.9
2026-08-11T10:15:00+05:30,2026-08-11 10:15:00,,,,0,13,18.3,47,0,0,0,0,2,625.1,,2,255.4,27.1,73,29.3,21.8
2026-08-11T10:10:00+05:30,2026-08-11 10:10:00,,,,0,5.5,18.3,70,0,0,0,0,2,625.1,,8,870.4,27,73,29.1,21.7
2026-08-11T10:05:00+05:30,2026-08-11 10:05:00,,,,0.3,1.8,18.3,63,0,0,0,0,2,625.1,,2,282.9,27,73,29.1,21.7
2026-08-11T10:00:00+05:30,2026-08-11 10:00:00,,,,0,11.1,18.3,112,0,0,0,0,2,625.1,,7,790.7,26.9,74,29,21.8
2026-08-11T09:56:00+05:30,2026-08-11 09:56:00,,,,1.1,5.5,18.3,77,0,0,0,0,2,625.1,,7,789.5,26.9,74,29,21.8
2026-08-11T09:50:00+05:30,2026-08-11 09:50:00,,,,2.1,7.2,18.3,77,0,0,0,0,2,625.1,,7,735.4,26.8,74,28.8,21.7
2026-08-11T09:45:00+05:30,2026-08-11 09:45:00,,,,0,5.5,18.3,69,0,0,0,0,2,625.1,,6,707.2,26.7,75,28.8,21.9
2026-08-11T09:40:00+05:30,2026-08-11 09:40:00,,,,0,1.8,18.3,81,0,0,0,0,2,625.1,,6,692.7,26.6,75,27.3,21.8
2026-08-11T09:35:00+05:30,2026-08-11 09:35:00,,,,7.6,9.3,18.3,89,0,0,0,0,2,625.1,,6,682.2,26.6,75,27.3,21.8
2026-08-11T09:30:00+05:30,2026-08-11 09:30:00,,,,0,7.2,18.3,76,0,0,0,0,2,625.1,,6,655.2,26.5,75,27.2,21.7
2026-08-11T09:25:00+05:30,2026-08-11 09:25:00,,,,0,3.5,18.3,130,0,0,0,0,2,625.1,,6,699.1,26.4,75,27.1,21.6
2026-08-11T09:20:00+05:30,2026-08-11 09:20:00,,,,6.1,7.2,18.3,96,0,0,0,0,2,625.1,,7,727,26.4,75,27.1,21.6
2026-08-11T09:15:00+05:30,2026-08-11 09:15:00,,,,1.8,5.5,18.3,68,0,0,0,0,2,625.1,,5,588.4,26.4,75,27.1,21.6
2026-08-11T09:10:00+05:30,2026-08-11 09:10:00,,,,0,1.8,18.3,95,0,0,0,0,2,625.1,,5,598,26.3,75,26.9,21.5
2026-08-11T09:05:00+05:30,2026-08-11 09:05:00,,,,5,5.5,18.3,79,0,0,0,0,2,625.1,,2,249.4,26.2,75,26.8,21.4
2026-08-11T09:00:00+05:30,2026-08-11 09:00:00,,,,1.4,5.5,18.3,150,0,0,0,0,2,625.1,,3,374.1,26.2,76,26.9,21.7
2026-08-11T08:55:00+05:30,2026-08-11 08:55:00,,,,0,5.5,18.3,76,0,0,0,0,2,625.1,,6,644.9,26.1,76,26.8,21.6
2026-08-11T08:51:00+05:30,2026-08-11 08:51:00,,,,0.3,5.5,18.3,232,0,0,0,0,2,625.1,,5,592.3,26,76,26.7,21.4
2026-08-11T08:45:00+05:30,2026-08-11 08:45:00,,,,0,9.3,18.3,74,0,0,0,0,2,625.1,,4,451.4,26,76,26.7,21.4
2026-08-11T08:40:00+05:30,2026-08-11 08:40:00,,,,2.9,9.3,18.3,78,0,0,0,0,2,625.1,,5,584.3,25.9,76,26.5,21.3
2026-08-11T08:35:00+05:30,2026-08-11 08:35:00,,,,4,7.2,18.3,72,0,0,0,0,2,625.1,,4,503.9,25.9,76,26.5,21.3
2026-08-11T08:30:00+05:30,2026-08-11 08:30:00,,,,0,1.8,18.3,72,0,0,0,0,2,625.1,,3,347.1,25.8,76,26.4,21.2
2026-08-11T08:25:00+05:30,2026-08-11 08:25:00,,,,0,14.8,18.3,72,0,0,0,0,2,625.1,,4,465.8,25.8,75,26.4,21
2026-08-11T08:20:00+05:30,2026-08-11 08:20:00,,,,2.9,9.3,18.3,103,0,0,0,0,2,625.1,,1,182,25.7,75,26.3,20.9
2026-08-11T08:15:00+05:30,2026-08-11 08:15:00,,,,2.9,5.5,18.3,76,0,0,0,0,2,625.1,,3,383.3,25.7,75,26.3,20.9
2026-08-11T08:10:00+05:30,2026-08-11 08:10:00,,,,0,0,18.3,75,0,0,0,0,2,625.1,,4,413.9,25.7,75,26.3,20.9
2026-08-11T08:05:00+05:30,2026-08-11 08:05:00,,,,4.3,9.3,18.3,78,0,0,0,0,2,625.1,,1,163.2,25.6,75,26.2,20.8
2026-08-11T08:00:00+05:30,2026-08-11 08:00:00,,,,4.3,18.3,18.3,90,0,0,0,0,2,625.1,,3,356,25.7,75,26.3,20.9
2026-08-11T07:55:00+05:30,2026-08-11 07:55:00,,,,3.5,7.2,9.3,79,0,0,0,0,2,625.1,,3,313.3,25.6,75,26.2,20.8
2026-08-11T07:50:00+05:30,2026-08-11 07:50:00,,,,0,9.3,9.3,82,0,0,0,0,2,625.1,,2,294.5,25.6,75,26.2,20.8
2026-08-11T07:45:00+05:30,2026-08-11 07:45:00,,,,0,0,9.3,69,0,0,0,0,2,625.1,,1,140,25.6,75,26.2,20.8
2026-08-11T07:40:00+05:30,2026-08-11 07:40:00,,,,1.4,5.5,9.3,104,0,0,0,0,2,625.1,,1,160,25.6,75,26.2,20.8
2026-08-11T07:35:00+05:30,2026-08-11 07:35:00,,,,0,0,9.3,72,0,0,0,0,2,625.1,,0,81.8,25.6,75,26.2,20.8
2026-08-11T07:30:00+05:30,2026-08-11 07:30:00,,,,2.9,3.5,9.3,111,0,0,0,0,2,625.1,,2,238.2,25.5,75,26.1,20.7
2026-08-11T07:25:00+05:30,2026-08-11 07:25:00,,,,0,0,9.3,72,0,0,0,0,2,625.1,,1,174.9,25.5,75,26.1,20.7
2026-08-11T07:20:00+05:30,2026-08-11 07:20:00,,,,0,0,9.3,72,0,0,0,0,2,625.1,,0,63.3,25.5,75,26.1,20.7
2026-08-11T07:15:00+05:30,2026-08-11 07:15:00,,,,0,0,9.3,81,0,0,0,0,2,625.1,,0,71.5,25.5,75,26.1,20.7
2026-08-11T07:10:00+05:30,2026-08-11 07:10:00,,,,0,0,9.3,87,0,0,0,0,2,625.1,,0,85.7,25.5,75,26.1,20.7
2026-08-11T07:05:00+05:30,2026-08-11 07:05:00,,,,0,0,9.3,67,0,0,0,0,2,625.1,,1,110.1,25.5,75,26.1,20.7
2026-08-11T07:00:00+05:30,2026-08-11 07:00:00,,,,0,0,9.3,68,0,0,0,0,2,625.1,,0,46.8,25.4,75,25.9,20.6
2026-08-11T06:55:00+05:30,2026-08-11 06:55:00,,,,0,0,9.3,67,0,0,0,0,2,625.1,,0,34.9,25.4,75,25.9,20.6
2026-08-11T06:50:00+05:30,2026-08-11 06:50:00,,,,0,0,9.3,67,0,0,0,0,2,625.1,,0,28,25.4,74,25.9,20.4
2026-08-11T06:45:00+05:30,2026-08-11 06:45:00,,,,0,0,9.3,65,0,0,0,0,2,625.1,,0,31.3,25.4,74,25.9,20.4
2026-08-11T06:40:00+05:30,2026-08-11 06:40:00,,,,0,0,9.3,70,0,0,0,0,2,625.1,,0,24.8,25.5,74,26.1,20.5
2026-08-11T06:35:00+05:30,2026-08-11 06:35:00,,,,0,0,9.3,65,0,0,0,0,2,625.1,,0,15.9,25.4,74,25.9,20.4
2026-08-11T06:30:00+05:30,2026-08-11 06:30:00,,,,0,0,9.3,65,0,0,0,0,2,625.1,,0,18.8,25.4,74,25.9,20.4
2026-08-11T06:26:00+05:30,2026-08-11 06:26:00,,,,0,0,9.3,62,0,0,0,0,2,625.1,,0,23.8,25.5,74,26.1,20.5
2026-08-11T06:20:00+05:30,2026-08-11 06:20:00,,,,0,0,9.3,56,0,0,0,0,2,625.1,,0,15,25.5,74,26.1,20.5
2026-08-11T06:15:00+05:30,2026-08-11 06:15:00,,,,0,0,9.3,62,0,0,0,0,2,625.1,,0,9.1,25.5,74,26.1,20.5
2026-08-11T06:10:00+05:30,2026-08-11 06:10:00,,,,0,0,9.3,60,0,0,0,0,2,625.1,,0,6.1,25.5,74,26.1,20.5
2026-08-11T06:05:00+05:30,2026-08-11 06:05:00,,,,0,0,9.3,62,0,0,0,0,2,625.1,,0,4.4,25.5,74,26.1,20.5
2026-08-11T06:00:00+05:30,2026-08-11 06:00:00,,,,0,0,9.3,62,0,0,0,0,2,625.1,,0,1.9,25.5,74,26.1,20.5
2026-08-11T05:55:00+05:30,2026-08-11 05:55:00,,,,0,0,9.3,62,0,0,0,0,2,625.1,,0,0.7,25.5,74,26.1,20.5
2026-08-11T05:50:00+05:30,2026-08-11 05:50:00,,,,0,0,9.3,56,0,0,0,0,2,625.1,,0,0.3,25.5,74,26.1,20.5
2026-08-11T05:45:00+05:30,2026-08-11 05:45:00,,,,0,0,9.3,66,0,0,0,0,2,625.1,,0,0.1,25.5,74,26.1,20.5
2026-08-11T05:40:00+05:30,2026-08-11 05:40:00,,,,0,0,9.3,65,0,0,0,0,2,625.1,,0,0,25.6,74,26.2,20.6
2026-08-11T05:35:00+05:30,2026-08-11 05:35:00,,,,0,0,9.3,66,0,0,0,0,2,625.1,,0,0,25.5,74,26.1,20.5
2026-08-11T05:30:00+05:30,2026-08-11 05:30:00,,,,0,0,9.3,65,0,0,0,0,2,625.1,,0,0,25.5,74,26.1,20.5
2026-08-11T05:25:00+05:30,2026-08-11 05:25:00,,,,0,0,9.3,72,0,0,0,0,2,625.1,,0,0,25.6,74,26.2,20.6
2026-08-11T05:21:00+05:30,2026-08-11 05:21:00,,,,0,0,9.3,71,0,0,0,0,2,625.1,,0,0,25.6,74,26.2,20.6
2026-08-11T05:15:00+05:30,2026-08-11 05:15:00,,,,0,0,9.3,67,0,0,0,0,2,625.1,,0,0,25.6,74,26.2,20.6
2026-08-11T05:10:00+05:30,2026-08-11 05:10:00,,,,0,0,9.3,67,0,0,0,0,2,625.1,,0,0,25.6,74,26.2,20.6
2026-08-11T05:05:00+05:30,2026-08-11 05:05:00,,,,0,0,9.3,78,0,0,0,0,2,625.1,,0,0,25.6,74,26.2,20.6
2026-08-11T05:00:00+05:30,2026-08-11 05:00:00,,,,0,0,9.3,68,0,0,0,0,2,625.1,,0,0,25.6,74,26.2,20.6
2026-08-11T04:55:00+05:30,2026-08-11 04:55:00,,,,0,0,9.3,67,0,0,0,0,2,625.1,,0,0,25.6,74,26.2,20.6
2026-08-11T04:50:00+05:30,2026-08-11 04:50:00,,,,0,0,9.3,89,0,0,0,0,2,625.1,,0,0,25.7,74,26.3,20.7
2026-08-11T04:45:00+05:30,2026-08-11 04:45:00,,,,0,0,9.3,68,0,0,0,0,2,625.1,,0,0,25.6,74,26.2,20.6
2026-08-11T04:40:00+05:30,2026-08-11 04:40:00,,,,0,0,9.3,72,0,0,0,0,2,625.1,,0,0,25.7,74,26.3,20.7
2026-08-11T04:35:00+05:30,2026-08-11 04:35:00,,,,1.1,3.5,9.3,76,0,0,0,0,2,625.1,,0,0,25.7,74,26.3,20.7
2026-08-11T04:30:00+05:30,2026-08-11 04:30:00,,,,0,0,9.3,68,0,0,0,0,2,625.1,,0,0,25.7,74,26.3,20.7
2026-08-11T04:25:00+05:30,2026-08-11 04:25:00,,,,0,0,9.3,70,0,0,0,0,2,625.1,,0,0,25.7,74,26.3,20.7
2026-08-11T04:20:00+05:30,2026-08-11 04:20:00,,,,0,0,9.3,69,0,0,0,0,2,625.1,,0,0,25.7,74,26.3,20.7
2026-08-11T04:16:00+05:30,2026-08-11 04:16:00,,,,0,0,9.3,84,0,0,0,0,2,625.1,,0,0,25.7,74,26.3,20.7
2026-08-11T04:10:00+05:30,2026-08-11 04:10:00,,,,0,7.2,9.3,88,0,0,0,0,2,625.1,,0,0,25.7,74,26.3,20.7
2026-08-11T04:05:00+05:30,2026-08-11 04:05:00,,,,0.6,1.8,9.3,79,0,0,0,0,2,625.1,,0,0,25.7,74,26.3,20.7
2026-08-11T04:00:00+05:30,2026-08-11 04:00:00,,,,0,0,9.3,71,0,0,0,0,2,625.1,,0,0,25.7,74,26.3,20.7
2026-08-11T03:55:00+05:30,2026-08-11 03:55:00,,,,0,0,9.3,67,0,0,0,0,2,625.1,,0,0,25.7,74,26.3,20.7
2026-08-11T03:50:00+05:30,2026-08-11 03:50:00,,,,0,0,9.3,70,0,0,0,0,2,625.1,,0,0,25.7,74,26.3,20.7
2026-08-11T03:45:00+05:30,2026-08-11 03:45:00,,,,0,0,9.3,71,0,0,0,0,2,625.1,,0,0,25.7,74,26.3,20.7
2026-08-11T03:40:00+05:30,2026-08-11 03:40:00,,,,0,0,9.3,69,0,0,0,0,2,625.1,,0,0,25.7,74,26.3,20.7
2026-08-11T03:35:00+05:30,2026-08-11 03:35:00,,,,0,0,9.3,72,0,0,0,0,2,625.1,,0,0,25.7,74,26.3,20.7
2026-08-11T03:30:00+05:30,2026-08-11 03:30:00,,,,0,0,9.3,67,0,0,0,0,2,625.1,,0,0,25.8,74,26.3,20.8
2026-08-11T03:25:00+05:30,2026-08-11 03:25:00,,,,0,0,9.3,69,0,0,0,0,2,625.1,,0,0,25.7,74,26.3,20.7
2026-08-11T03:20:00+05:30,2026-08-11 03:20:00,,,,0,3.5,9.3,68,0,0,0,0,2,625.1,,0,0,25.8,74,26.3,20.8
2026-08-11T03:15:00+05:30,2026-08-11 03:15:00,,,,0,5.5,9.3,76,0,0,0,0,2,625.1,,0,0,25.8,74,26.3,20.8
2026-08-11T03:10:00+05:30,2026-08-11 03:10:00,,,,0,0,9.3,72,0,0,0,0,2,625.1,,0,0,25.8,73,26.3,20.6
2026-08-11T03:05:00+05:30,2026-08-11 03:05:00,,,,3.2,3.5,9.3,92,0,0,0,0,2,625.1,,0,0,25.8,73,26.3,20.6
2026-08-11T03:00:00+05:30,2026-08-11 03:00:00,,,,0,0,9.3,75,0,0,0,0,2,625.1,,0,0,25.8,73,26.3,20.6
2026-08-11T02:55:00+05:30,2026-08-11 02:55:00,,,,1.4,7.2,9.3,75,0,0,0,0,2,625.1,,0,0,25.8,73,26.3,20.6
2026-08-11T02:50:00+05:30,2026-08-11 02:50:00,,,,0,0,9.3,70,0,0,0,0,2,625.1,,0,0,25.8,73,26.3,20.6
2026-08-11T02:45:00+05:30,2026-08-11 02:45:00,,,,0,0,9.3,70,0,0,0,0,2,625.1,,0,0,25.8,73,26.3,20.6
2026-08-11T02:40:00+05:30,2026-08-11 02:40:00,,,,0,0,9.3,70,0,0,0,0,2,625.1,,0,0,25.9,73,26.4,20.7
2026-08-11T02:35:00+05:30,2026-08-11 02:35:00,,,,0,0,9.3,73,0,0,0,0,2,625.1,,0,0,25.8,73,26.3,20.6
2026-08-11T02:30:00+05:30,2026-08-11 02:30:00,,,,0,0,9.3,71,0,0,0,0,2,625.1,,0,0,25.9,73,26.4,20.7
2026-08-11T02:25:00+05:30,2026-08-11 02:25:00,,,,0,0,9.3,78,0,0,0,0,2,625.1,,0,0,25.9,73,26.4,20.7
2026-08-11T02:20:00+05:30,2026-08-11 02:20:00,,,,1.8,3.5,9.3,92,0,0,0,0,2,625.1,,0,0,25.9,73,26.4,20.7
2026-08-11T02:15:00+05:30,2026-08-11 02:15:00,,,,0,5.5,9.3,70,0,0,0,0,2,625.1,,0,0,25.9,73,26.4,20.7
2026-08-11T02:10:00+05:30,2026-08-11 02:10:00,,,,0,3.5,9.3,79,0,0,0,0,2,625.1,,0,0,25.9,73,26.4,20.7
2026-08-11T02:05:00+05:30,2026-08-11 02:05:00,,,,2.9,5.5,9.3,80,0,0,0,0,2,625.1,,0,0,25.9,73,26.4,20.7
2026-08-11T02:00:00+05:30,2026-08-11 02:00:00,,,,0,0,9.3,72,0,0,0,0,2,625.1,,0,0,25.9,73,26.4,20.7
2026-08-11T01:55:00+05:30,2026-08-11 01:55:00,,,,0,0,9.3,62,0,0,0,0,2,625.1,,0,0,25.9,73,26.4,20.7
2026-08-11T01:51:00+05:30,2026-08-11 01:51:00,,,,0,0,9.3,99,0,0,0,0,2,625.1,,0,0,25.9,73,26.4,20.7
2026-08-11T01:45:00+05:30,2026-08-11 01:45:00,,,,0,1.8,9.3,65,0,0,0,0,2,625.1,,0,0,25.9,73,26.4,20.7
2026-08-11T01:40:00+05:30,2026-08-11 01:40:00,,,,0,0,9.3,76,0,0,0,0,2,625.1,,0,0,26,73,26.6,20.8
2026-08-11T01:35:00+05:30,2026-08-11 01:35:00,,,,0,0,9.3,71,0,0,0,0,2,625.1,,0,0,26,73,26.6,20.8
2026-08-11T01:30:00+05:30,2026-08-11 01:30:00,,,,0.3,7.2,9.3,71,0,0,0,0,2,625.1,,0,0,26,73,26.6,20.8
2026-08-11T01:25:00+05:30,2026-08-11 01:25:00,,,,0,0,9.3,84,0,0,0,0,2,625.1,,0,0,26,73,26.6,20.8
2026-08-11T01:20:00+05:30,2026-08-11 01:20:00,,,,3.5,5.5,9.3,78,0,0,0,0,2,625.1,,0,0,26,73,26.6,20.8
2026-08-11T01:15:00+05:30,2026-08-11 01:15:00,,,,0,0,9.3,72,0,0,0,0,2,625.1,,0,0,26,73,26.6,20.8
2026-08-11T01:10:00+05:30,2026-08-11 01:10:00,,,,0,0,9.3,70,0,0,0,0,2,625.1,,0,0,26,73,26.6,20.8
2026-08-11T01:05:00+05:30,2026-08-11 01:05:00,,,,0,0,9.3,72,0,0,0,0,2,625.1,,0,0,26,73,26.6,20.8
2026-08-11T01:00:00+05:30,2026-08-11 01:00:00,,,,2.1,5.5,9.3,88,0,0,0,0,2,625.1,,0,0,26,73,26.6,20.8
2026-08-11T00:55:00+05:30,2026-08-11 00:55:00,,,,0,0,9.3,103,0,0,0,0,2,625.1,,0,0,26,73,26.6,20.8
2026-08-11T00:50:00+05:30,2026-08-11 00:50:00,,,,0.3,1.8,9.3,81,0,0,0,0,2,625.1,,0,0,26,73,26.6,20.8
2026-08-11T00:46:00+05:30,2026-08-11 00:46:00,,,,0,0,9.3,71,0,0,0,0,2,625.1,,0,0,26,73,26.6,20.8
2026-08-11T00:40:00+05:30,2026-08-11 00:40:00,,,,0,5.5,9.3,70,0,0,0,0,2,625.1,,0,0,26.1,72,26.7,20.7
2026-08-11T00:35:00+05:30,2026-08-11 00:35:00,,,,2.1,3.5,9.3,91,0,0,0,0,2,625.1,,0,0,26.1,72,26.7,20.7
2026-08-11T00:30:00+05:30,2026-08-11 00:30:00,,,,0,3.5,9.3,80,0,0,0,0,2,625.1,,0,0,26.1,72,26.7,20.7
2026-08-11T00:25:00+05:30,2026-08-11 00:25:00,,,,0,5.5,9.3,75,0,0,0,0,2,625.1,,0,0,26.1,72,26.7,20.7
2026-08-11T00:20:00+05:30,2026-08-11 00:20:00,,,,0,0,1.8,83,0,0,0,0,2,625.1,,0,0,26.1,72,26.7,20.7
2026-08-11T00:15:00+05:30,2026-08-11 00:15:00,,,,0,0,1.8,67,0,0,0,0,2,625.1,,0,0,26.1,72,26.7,20.7
2026-08-11T00:10:00+05:30,2026-08-11 00:10:00,,,,0,0,1.8,90,0,0,0,0,2,625.1,,0,0,26.2,72,26.8,20.8
2026-08-11T00:05:00+05:30,2026-08-11 00:05:00,,,,0,1.8,1.8,76,0,0,0,0,2,625.1,,0,0,26.2,72,26.8,20.8
2026-08-11T00:00:00+05:30,2026-08-11 00:00:00,,,,0.3,1.8,1.8,73,0,0,0,0,2,625.1,,0,0,26.2,72,26.8,20.8
2026-08-10T23:55:00+05:30,2026-08-10 23:55:00,,,,0,0,20.1,70,0,0,0,0,2,625.1,,0,0,26.2,72,26.8,20.8
2026-08-10T23:50:00+05:30,2026-08-10 23:50:00,,,,0,0,20.1,77,0,0,0,0,2,625.1,,0,0,26.2,72,26.8,20.8
2026-08-10T23:45:00+05:30,2026-08-10 23:45:00,,,,0,0,20.1,71,0,0,0,0,2,625.1,,0,0,26.3,72,26.8,20.8
2026-08-10T23:41:00+05:30,2026-08-10 23:41:00,,,,0,0,20.1,70,0,0,0,0,2,625.1,,0,0,26.3,72,26.8,20.8
2026-08-10T23:35:00+05:30,2026-08-10 23:35:00,,,,0,0,20.1,74,0,0,0,0,2,625.1,,0,0,26.3,72,26.8,20.8
2026-08-10T23:30:00+05:30,2026-08-10 23:30:00,,,,0,0,20.1,69,0,0,0,0,2,625.1,,0,0,26.3,72,26.8,20.8
2026-08-10T23:25:00+05:30,2026-08-10 23:25:00,,,,0,0,20.1,58,0,0,0,0,2,625.1,,0,0,26.3,72,26.8,20.8
2026-08-10T23:20:00+05:30,2026-08-10 23:20:00,,,,0,5.5,20.1,85,0,0,0,0,2,625.1,,0,0,26.3,72,26.8,20.8
2026-08-10T23:15:00+05:30,2026-08-10 23:15:00,,,,0,0,20.1,63,0,0,0,0,2,625.1,,0,0,26.4,72,26.9,20.9
2026-08-10T23:10:00+05:30,2026-08-10 23:10:00,,,,0,0,20.1,81,0,0,0,0,2,625.1,,0,0,26.4,73,27,21.2
2026-08-10T23:05:00+05:30,2026-08-10 23:05:00,,,,0,0,20.1,59,0,0,0,0,2,625.1,,0,0,26.5,73,27.1,21.3
2026-08-10T23:00:00+05:30,2026-08-10 23:00:00,,,,0,0,20.1,71,0,0,0,0,2,625.1,,0,0,26.5,73,27.1,21.3
2026-08-10T22:55:00+05:30,2026-08-10 22:55:00,,,,0,0,20.1,73,0,0,0,0,2,625.1,,0,0,26.5,73,27.1,21.3
2026-08-10T22:50:00+05:30,2026-08-10 22:50:00,,,,0,0,20.1,71,0,0,0,0,2,625.1,,0,0,26.5,73,27.1,21.3
2026-08-10T22:45:00+05:30,2026-08-10 22:45:00,,,,0,0,20.1,70,0,0,0,0,2,625.1,,0,0,26.6,73,27.2,21.4
2026-08-10T22:40:00+05:30,2026-08-10 22:40:00,,,,0,0,20.1,78,0,0,0,0,2,625.1,,0,0,26.6,73,27.2,21.4
2026-08-10T22:35:00+05:30,2026-08-10 22:35:00,,,,0,0,20.1,73,0,0,0,0,2,625.1,,0,0,26.6,73,27.2,21.4
2026-08-10T22:30:00+05:30,2026-08-10 22:30:00,,,,0,0,20.1,67,0,0,0,0,2,625.1,,0,0,26.6,73,27.2,21.4
2026-08-10T22:25:00+05:30,2026-08-10 22:25:00,,,,0,5.5,20.1,73,0,0,0,0,2,625.1,,0,0,26.7,73,28.6,21.4
2026-08-10T22:21:00+05:30,2026-08-10 22:21:00,,,,0,3.5,20.1,95,0,0,0,0,2,625.1,,0,0,26.7,73,28.6,21.4
2026-08-10T22:15:00+05:30,2026-08-10 22:15:00,,,,0,0,20.1,73,0,0,0,0,2,625.1,,0,0,26.7,73,28.6,21.4
2026-08-10T22:10:00+05:30,2026-08-10 22:10:00,,,,0,0,20.1,71,0,0,0,0,2,625.1,,0,0,26.8,73,28.7,21.5
2026-08-10T22:05:00+05:30,2026-08-10 22:05:00,,,,0,1.8,20.1,83,0,0,0,0,2,625.1,,0,0,26.8,73,28.7,21.5
2026-08-10T22:00:00+05:30,2026-08-10 22:00:00,,,,0,0,20.1,71,0,0,0,0,2,625.1,,0,0,26.8,73,28.7,21.5
2026-08-10T21:55:00+05:30,2026-08-10 21:55:00,,,,0,0,20.1,74,0,0,0,0,2,625.1,,0,0,26.8,73,28.7,21.5
2026-08-10T21:50:00+05:30,2026-08-10 21:50:00,,,,0,1.8,20.1,73,0,0,0,0,2,625.1,,0,0,26.8,73,28.7,21.5
2026-08-10T21:45:00+05:30,2026-08-10 21:45:00,,,,0,0,20.1,76,0,0,0,0,2,625.1,,0,0,26.9,73,28.9,21.6
2026-08-10T21:40:00+05:30,2026-08-10 21:40:00,,,,0,0,20.1,74,0,0,0,0,2,625.1,,0,0,26.9,73,28.9,21.6
2026-08-10T21:35:00+05:30,2026-08-10 21:35:00,,,,0,0,20.1,65,0,0,0,0,2,625.1,,0,0,26.9,73,28.9,21.6
2026-08-10T21:30:00+05:30,2026-08-10 21:30:00,,,,0,0,20.1,66,0,0,0,0,2,625.1,,0,0,26.9,73,28.9,21.6
2026-08-10T21:25:00+05:30,2026-08-10 21:25:00,,,,0,0,20.1,85,0,0,0,0,2,625.1,,0,0,27,73,29.1,21.7
2026-08-10T21:20:00+05:30,2026-08-10 21:20:00,,,,2.1,5.5,20.1,88,0,0,0,0,2,625.1,,0,0,27,73,29.1,21.7
2026-08-10T21:16:00+05:30,2026-08-10 21:16:00,,,,0,0,20.1,71,0,0,0,0,2,625.1,,0,0,27,73,29.1,21.7
2026-08-10T21:10:00+05:30,2026-08-10 21:10:00,,,,0,0,20.1,80,0,0,0,0,2,625.1,,0,0,27,73,29.1,21.7
2026-08-10T21:05:00+05:30,2026-08-10 21:05:00,,,,0,1.8,20.1,72,0,0,0,0,2,625.1,,0,0,27.1,73,29.3,21.8
2026-08-10T21:00:00+05:30,2026-08-10 21:00:00,,,,0,0,20.1,75,0,0,0,0,2,625.1,,0,0,27.1,73,29.3,21.8
2026-08-10T20:55:00+05:30,2026-08-10 20:55:00,,,,0,1.8,20.1,76,0,0,0,0,2,625.1,,0,0,27.2,73,29.5,21.9
2026-08-10T20:50:00+05:30,2026-08-10 20:50:00,23.5,24.3,22.3,0,0,20.1,72,0,0,0,0,2,625.1,93,0,0,27.2,73,29.5,21.9
2026-08-10T20:45:00+05:30,2026-08-10 20:45:00,23.6,24.5,22.4,0,0,20.1,65,0,0,0,0,2,625.1,93,0,0,27.2,73,29.5,21.9
2026-08-10T20:40:00+05:30,2026-08-10 20:40:00,23.7,24.6,22.5,0,0,20.1,70,0,0,0,0,2,625.1,93,0,0,27.2,73,29.5,21.9
2026-08-10T20:35:00+05:30,2026-08-10 20:35:00,23.7,24.6,22.5,0,0,20.1,66,0,0,0,0,2,625.1,93,0,0,27.3,73,29.6,22
2026-08-10T20:30:00+05:30,2026-08-10 20:30:00,,,,0,0,20.1,69,0,0,0,0,2,625.1,,0,0,27.3,73,29.6,22
2026-08-10T20:25:00+05:30,2026-08-10 20:25:00,,,,0,0,20.1,70,0,0,0,0,2,625.1,,0,0,27.3,73,29.6,22
2026-08-10T20:20:00+05:30,2026-08-10 20:20:00,,,,0,0,20.1,67,0,0,0,0,2,625.1,,0,0,27.3,73,29.6,22
2026-08-10T20:15:00+05:30,2026-08-10 20:15:00,,,,0,0,20.1,69,0,0,0,0,2,625.1,,0,0,27.4,73,29.8,22.1
2026-08-10T20:11:00+05:30,2026-08-10 20:11:00,,,,0,0,20.1,69,0,0,0,0,2,625.1,,0,0,27.4,73,29.8,22.1
2026-08-10T20:05:00+05:30,2026-08-10 20:05:00,,,,0,0,20.1,70,0,0,0,0,2,625.1,,0,0,27.4,73,29.8,22.1
2026-08-10T20:00:00+05:30,2026-08-10 20:00:00,,,,0,0,20.1,88,0,0,0,0,2,625.1,,0,0,27.4,73,29.8,22.1
2026-08-10T19:55:00+05:30,2026-08-10 19:55:00,,,,0,0,20.1,73,0,0,0,0,2,625.1,,0,0,27.4,73,29.8,22.1
2026-08-10T19:50:00+05:30,2026-08-10 19:50:00,,,,0,0,20.1,72,0,0,0,0,2,625.1,,0,0,27.4,73,29.8,22.1
2026-08-10T19:45:00+05:30,2026-08-10 19:45:00,,,,3.5,5.5,20.1,80,0,0,0,0,2,625.1,,0,0,27.5,73,30.1,22.2
2026-08-10T19:40:00+05:30,2026-08-10 19:40:00,,,,0,7.2,20.1,75,0,0,0,0,2,625.1,,0,0,27.5,73,30.1,22.2
2026-08-10T19:35:00+05:30,2026-08-10 19:35:00,,,,0,0,20.1,73,0,0,0,0,2,625.1,,0,0,27.5,73,30.1,22.2
2026-08-10T19:30:00+05:30,2026-08-10 19:30:00,,,,0,0,20.1,75,0,0,0,0,2,625.1,,0,0,27.5,73,30.1,22.2
2026-08-10T19:25:00+05:30,2026-08-10 19:25:00,,,,1.1,1.8,20.1,89,0,0,0,0,2,625.1,,0,0,27.6,73,30.3,22.3
2026-08-10T19:20:00+05:30,2026-08-10 19:20:00,,,,0,3.5,20.1,108,0,0,0,0,2,625.1,,0,0,27.6,73,30.3,22.3
2026-08-10T19:15:00+05:30,2026-08-10 19:15:00,,,,0,1.8,20.1,78,0,0,0,0,2,625.1,,0,0,27.6,73,30.3,22.3
2026-08-10T19:10:00+05:30,2026-08-10 19:10:00,,,,0.3,3.5,20.1,86,0,0,0,0,2,625.1,,0,0,27.7,73,30.5,22.4
2026-08-10T19:05:00+05:30,2026-08-10 19:05:00,,,,0,0,20.1,69,0,0,0,0,2,625.1,,0,0,27.7,73,30.5,22.4
2026-08-10T19:00:00+05:30,2026-08-10 19:00:00,,,,0.3,5.5,20.1,86,0,0,0,0,2,625.1,,0,0,27.8,73,30.6,22.5
2026-08-10T18:55:00+05:30,2026-08-10 18:55:00,,,,0,3.5,20.1,74,0,0,0,0,2,625.1,,0,0,27.8,73,30.6,22.5
2026-08-10T18:51:00+05:30,2026-08-10 18:51:00,,,,0,0,20.1,68,0,0,0,0,2,625.1,,0,0,27.8,73,30.6,22.5
2026-08-10T18:45:00+05:30,2026-08-10 18:45:00,,,,0.3,7.2,20.1,79,0,0,0,0,2,625.1,,0,0,27.8,73,30.6,22.5
2026-08-10T18:40:00+05:30,2026-08-10 18:40:00,,,,5.5,11.1,20.1,98,0,0,0,0,2,625.1,,0,0.1,27.8,73,30.6,22.5
2026-08-10T18:35:00+05:30,2026-08-10 18:35:00,,,,0,7.2,20.1,78,0,0,0,0,2,625.1,,0,0.4,27.8,73,30.6,22.5
2026-08-10T18:30:00+05:30,2026-08-10 18:30:00,,,,0,11.1,20.1,96,0,0,0,0,2,625.1,,0,1.1,27.9,73,30.8,22.6
2026-08-10T18:25:00+05:30,2026-08-10 18:25:00,,,,0,5.5,20.1,66,0,0,0,0,2,625.1,,0,2.5,27.9,73,30.8,22.6
2026-08-10T18:20:00+05:30,2026-08-10 18:20:00,,,,2.1,5.5,20.1,86,0,0,0,0,2,625.1,,0,4.8,27.9,72,30.7,22.4
2026-08-10T18:15:00+05:30,2026-08-10 18:15:00,,,,0,5.5,20.1,72,0,0,0,0,2,625.1,,0,8.1,28,72,30.9,22.4
2026-08-10T18:10:00+05:30,2026-08-10 18:10:00,,,,0,7.2,20.1,75,0,0,0,0,2,625.1,,0,12.8,28,72,30.9,22.4
2026-08-10T18:05:00+05:30,2026-08-10 18:05:00,,,,2.9,7.2,20.1,90,0,0,0,0,2,625.1,,0,15.4,28,72,30.9,22.4
2026-08-10T18:00:00+05:30,2026-08-10 18:00:00,,,,0.3,5.5,20.1,87,0,0,0,0,2,625.1,,0,13.1,28,72,30.9,22.4
2026-08-10T17:55:00+05:30,2026-08-10 17:55:00,,,,1.4,7.2,20.1,93,0,0,0,0,2,625.1,,0,13.8,28.1,72,31.2,22.6
2026-08-10T17:50:00+05:30,2026-08-10 17:50:00,,,,0,5.5,20.1,72,0,0,0,0,2,625.1,,0,14.3,28.1,72,31.2,22.6
2026-08-10T17:46:00+05:30,2026-08-10 17:46:00,,,,6.4,7.2,20.1,119,0,0,0,0,2,625.1,,0,14.6,28.2,72,31.4,22.7
2026-08-10T17:40:00+05:30,2026-08-10 17:40:00,,,,2.9,7.2,20.1,86,0,0,0,0,2,625.1,,0,17.7,28.2,72,31.4,22.7
2026-08-10T17:35:00+05:30,2026-08-10 17:35:00,,,,2.6,13,20.1,76,0,0,0,0,2,625.1,,0,25.2,28.2,72,31.4,22.7
2026-08-10T17:30:00+05:30,2026-08-10 17:30:00,,,,4.7,7.2,20.1,90,0,0,0,0,2,625.1,,0,34.7,28.3,72,31.5,22.7
2026-08-10T17:25:00+05:30,2026-08-10 17:25:00,,,,4,7.2,20.1,90,0,0,0,0,2,625.1,,0,37.6,28.3,72,31.5,22.7
2026-08-10T17:20:00+05:30,2026-08-10 17:20:00,,,,0,5.5,20.1,65,0,0,0,0,2,625.1,,0,53.5,28.3,72,31.5,22.7
2026-08-10T17:15:00+05:30,2026-08-10 17:15:00,,,,0,3.5,20.1,80,0,0,0,0,2,625.1,,0,57.1,28.4,72,31.7,22.8
2026-08-10T17:10:00+05:30,2026-08-10 17:10:00,,,,2.9,7.2,20.1,34,0,0,0,0,2,625.1,,0,63,28.4,72,31.7,22.8
2026-08-10T17:05:00+05:30,2026-08-10 17:05:00,,,,0,11.1,20.1,69,0,0,0,0,2,625.1,,0,71.5,28.4,72,31.7,22.8
2026-08-10T17:00:00+05:30,2026-08-10 17:00:00,,,,0.3,3.5,20.1,96,0,0,0,0,2,625.1,,0,82.6,28.4,72,31.7,22.8
2026-08-10T16:57:00+05:30,2026-08-10 16:57:00,,,,5,7.2,20.1,90,0,0,0,0,2,625.1,,0,87.7,28.4,72,31.7,22.8
2026-08-10T16:50:00+05:30,2026-08-10 16:50:00,,,,0,0,20.1,66,0,0,0,0,2,625.1,,1,105.9,28.5,72,32,22.9
2026-08-10T16:45:00+05:30,2026-08-10 16:45:00,,,,0,0,20.1,73,0,0,0,0,2,625.1,,1,105.5,28.4,72,31.7,22.8
2026-08-10T16:41:00+05:30,2026-08-10 16:41:00,,,,0.6,11.1,20.1,70,0,0,0,0,2,625.1,,0,87.5,28.4,72,31.7,22.8
2026-08-10T16:35:00+05:30,2026-08-10 16:35:00,,,,2.6,14.8,20.1,70,0,0,0,0,2,625.1,,0,64.4,28.5,72,32,22.9
2026-08-10T16:30:00+05:30,2026-08-10 16:30:00,,,,0,1.8,20.1,68,0,0,0,0,2,625.1,,0,99.6,28.5,72,32,22.9
2026-08-10T16:25:00+05:30,2026-08-10 16:25:00,,,,0,3.5,20.1,70,0,0,0,0,2,625.1,,1,150.1,28.4,72,31.7,22.8
2026-08-10T16:20:00+05:30,2026-08-10 16:20:00,,,,0,0,20.1,87,0,0,0,0,2,625.1,,1,203.6,28.4,72,31.7,22.8
2026-08-10T16:15:00+05:30,2026-08-10 16:15:00,,,,0,5.5,20.1,90,0,0,0,0,2,625.1,,1,152.8,28.4,72,31.7,22.8
2026-08-10T16:10:00+05:30,2026-08-10 16:10:00,,,,0,7.2,20.1,105,0,0,0,0,2,625.1,,1,146.1,28.4,72,31.7,22.8
2026-08-10T16:05:00+05:30,2026-08-10 16:05:00,,,,0,0,20.1,74,0,0,0,0,2,625.1,,0,99.2,28.4,72,31.7,22.8
2026-08-10T16:00:00+05:30,2026-08-10 16:00:00,,,,4.7,11.1,20.1,102,0,0,0,0,2,625.1,,1,169.7,28.4,72,31.7,22.8
2026-08-10T15:55:00+05:30,2026-08-10 15:55:00,,,,5.5,7.2,20.1,71,0,0,0,0,2,625.1,,1,131.1,28.4,73,31.9,23.1
2026-08-10T15:50:00+05:30,2026-08-10 15:50:00,,,,2.6,5.5,20.1,72,0,0,0,0,2,625.1,,1,137.6,28.4,72,31.7,22.8
2026-08-10T15:45:00+05:30,2026-08-10 15:45:00,,,,0,1.8,20.1,68,0,0,0,0,2,625.1,,1,173.4,28.4,72,31.7,22.8
2026-08-10T15:40:00+05:30,2026-08-10 15:40:00,,,,0.3,3.5,20.1,90,0,0,0,0,2,625.1,,1,156.6,28.4,73,31.9,23.1
2026-08-10T15:36:00+05:30,2026-08-10 15:36:00,,,,0,5.5,20.1,71,0,0,0,0,2,625.1,,1,179.2,28.4,73,31.9,23.1
2026-08-10T15:30:00+05:30,2026-08-10 15:30:00,,,,0.6,1.8,20.1,72,0,0,0,0,2,625.1,,1,204.1,28.4,73,31.9,23.1
2026-08-10T15:25:00+05:30,2026-08-10 15:25:00,,,,0,0,20.1,72,0,0,0,0,2,625.1,,1,176.8,28.5,73,32.2,23.2
2026-08-10T15:20:00+05:30,2026-08-10 15:20:00,,,,0.6,1.8,20.1,69,0,0,0,0,2,625.1,,2,214.2,28.5,72,32,22.9
2026-08-10T15:15:00+05:30,2026-08-10 15:15:00,,,,0,0,20.1,65,0,0,0,0,2,625.1,,1,164.4,28.4,72,31.7,22.8
2026-08-10T15:10:00+05:30,2026-08-10 15:10:00,,,,0,0,20.1,155,0,0,0,0,2,625.1,,1,172.1,28.4,72,31.7,22.8
2026-08-10T15:05:00+05:30,2026-08-10 15:05:00,,,,0,0,20.1,71,0,0,0,0,2,625.1,,1,197.2,28.4,72,31.7,22.8
2026-08-10T15:00:00+05:30,2026-08-10 15:00:00,,,,0,1.8,20.1,14,0,0,0,0,2,625.1,,4,503.6,28.3,72,31.5,22.7
2026-08-10T14:55:00+05:30,2026-08-10 14:55:00,,,,0,0,20.1,82,0,0,0,0,2,625.1,,2,219.5,28.3,72,31.5,22.7
2026-08-10T14:50:00+05:30,2026-08-10 14:50:00,,,,1.8,11.1,20.1,33,0,0,0,0,2,625.1,,2,286.5,28.2,73,31.6,22.9
2026-08-10T14:45:00+05:30,2026-08-10 14:45:00,,,,0,3.5,20.1,55,0,0,0,0,2,625.1,,3,406.5,28.2,73,31.6,22.9
2026-08-10T14:40:00+05:30,2026-08-10 14:40:00,,,,0,3.5,20.1,112,0,0,0,0,2,625.1,,2,301,28.2,73,31.6,22.9
2026-08-10T14:35:00+05:30,2026-08-10 14:35:00,,,,1.4,3.5,20.1,86,0,0,0,0,2,625.1,,1,150.5,28.2,73,31.6,22.9
2026-08-10T14:30:00+05:30,2026-08-10 14:30:00,,,,0,5.5,20.1,69,0,0,0,0,2,625.1,,1,159.9,28.2,73,31.6,22.9
2026-08-10T14:25:00+05:30,2026-08-10 14:25:00,,,,0.3,14.8,20.1,75,0,0,0,0,2,625.1,,1,130.2,28.2,73,31.6,22.9
2026-08-10T14:20:00+05:30,2026-08-10 14:20:00,,,,9,13,20.1,73,0,0,0,0,2,625.1,,1,190.9,28.2,73,31.6,22.9
2026-08-10T14:16:00+05:30,2026-08-10 14:16:00,,,,0,9.3,20.1,79,0,0,0,0,2,625.1,,1,167.3,28.2,73,31.6,22.9
2026-08-10T14:10:00+05:30,2026-08-10 14:10:00,,,,1.8,5.5,20.1,71,0,0,0,0,2,625.1,,2,281.3,28.2,73,31.6,22.9
2026-08-10T14:05:00+05:30,2026-08-10 14:05:00,,,,0,1.8,20.1,71,0,0,0,0,2,625.1,,2,262.9,28.2,73,31.6,22.9
2026-08-10T14:00:00+05:30,2026-08-10 14:00:00,,,,1.4,7.2,20.1,73,0,0,0,0,2,625.1,,1,168.2,28.2,73,31.6,22.9
2026-08-10T13:55:00+05:30,2026-08-10 13:55:00,,,,0.3,5.5,20.1,69,0,0,0,0,2,625.1,,1,198.7,28.2,73,31.6,22.9
2026-08-10T13:50:00+05:30,2026-08-10 13:50:00,,,,5.5,7.2,20.1,85,0,0,0,0,2,625.1,,2,256.9,28.2,74,31.7,23.1
2026-08-10T13:45:00+05:30,2026-08-10 13:45:00,,,,0,1.8,20.1,69,0,0,0,0,2,625.1,,3,350.7,28.1,74,31.4,23
2026-08-10T13:40:00+05:30,2026-08-10 13:40:00,,,,1.4,7.2,20.1,109,0,0,0,0,2,625.1,,7,788.8,28,74,31.2,22.9
2026-08-10T13:35:00+05:30,2026-08-10 13:35:00,,,,0.6,7.2,20.1,83,0,0,0,0,2,625.1,,1,122.8,28,74,31.2,22.9
2026-08-10T13:30:00+05:30,2026-08-10 13:30:00,,,,0,0,20.1,77,0,0,0,0,2,625.1,,4,435.7,28,74,31.2,22.9
2026-08-10T13:25:00+05:30,2026-08-10 13:25:00,,,,0,3.5,20.1,81,0,0,0,0,2,625.1,,1,176.3,28,74,31.2,22.9
2026-08-10T13:20:00+05:30,2026-08-10 13:20:00,,,,0,0,20.1,88,0,0,0,0,2,625.1,,2,275.7,28,74,31.2,22.9
2026-08-10T13:15:00+05:30,2026-08-10 13:15:00,,,,0,3.5,20.1,89,0,0,0,0,2,625.1,,2,211.4,27.9,74,31,22.8
2026-08-10T13:11:00+05:30,2026-08-10 13:11:00,,,,0,5.5,20.1,73,0,0,0,0,2,625.1,,4,422.4,27.9,74,31,22.8
2026-08-10T13:05:00+05:30,2026-08-10 13:05:00,,,,0,5.5,20.1,95,0,0,0,0,2,625.1,,3,315.8,27.9,74,31,22.8
2026-08-10T13:00:00+05:30,2026-08-10 13:00:00,,,,3.5,7.2,20.1,125,0,0,0,0,2,625.1,,1,202.7,27.8,74,30.7,22.7
2026-08-10T12:55:00+05:30,2026-08-10 12:55:00,,,,0,5.5,20.1,82,0,0,0,0,2,625.1,,1,111.5,27.8,74,30.7,22.7
2026-08-10T12:50:00+05:30,2026-08-10 12:50:00,,,,2.9,18.3,20.1,97,0,0,0,0,2,625.1,,1,185.9,27.8,75,30.9,22.9
2026-08-10T12:45:00+05:30,2026-08-10 12:45:00,,,,2.6,11.1,20.1,65,0,0,0,0,2,625.1,,3,370.4,27.8,75,30.9,22.9
2026-08-10T12:40:00+05:30,2026-08-10 12:40:00,,,,7.2,16.6,20.1,199,0,0,0,0,2,625.1,,3,378.4,27.7,75,30.8,22.9
2026-08-10T12:35:00+05:30,2026-08-10 12:35:00,,,,0,7.2,20.1,200,0,0,0,0,2,625.1,,5,612.4,27.7,75,30.8,22.9
2026-08-10T12:30:00+05:30,2026-08-10 12:30:00,,,,0,5.5,20.1,200,0,0,0,0,2,625.1,,3,356.7,27.6,75,30.5,22.8
2026-08-10T12:25:00+05:30,2026-08-10 12:25:00,,,,0,5.5,20.1,185,0,0,0,0,2,625.1,,6,618,27.5,75,30.3,22.7
2026-08-10T12:20:00+05:30,2026-08-10 12:20:00,,,,0,7.2,20.1,194,0,0,0,0,2,625.1,,3,340,27.5,76,30.4,22.9
2026-08-10T12:15:00+05:30,2026-08-10 12:15:00,,,,3.5,14.8,20.1,190,0,0,0,0,2,625.1,,6,645.1,27.4,76,30.2,22.8
2026-08-10T12:10:00+05:30,2026-08-10 12:10:00,,,,0,5.5,20.1,201,0,0,0,0,2,625.1,,7,763,27.3,76,29.9,22.7
2026-08-10T12:06:00+05:30,2026-08-10 12:06:00,,,,6.4,14.8,20.1,199,0,0,0,0,2,625.1,,9,934.9,27.3,76,29.9,22.7
2026-08-10T12:00:00+05:30,2026-08-10 12:00:00,,,,2.6,13,20.1,58,0,0,0,0,2,625.1,,3,380.2,27.3,76,29.9,22.7
2026-08-10T11:55:00+05:30,2026-08-10 11:55:00,,,,4.7,14.8,20.1,113,0,0,0,0,2,625.1,,4,417.4,27.2,76,29.8,22.6
2026-08-10T11:50:00+05:30,2026-08-10 11:50:00,,,,2.9,7.2,20.1,108,0,0,0,0,2,625.1,,4,423.3,27.2,77,29.9,22.8
2026-08-10T11:45:00+05:30,2026-08-10 11:45:00,,,,4,9.3,20.1,81,0,0,0,0,2,625.1,,3,363.2,27.1,77,29.7,22.7
2026-08-10T11:40:00+05:30,2026-08-10 11:40:00,,,,5,7.2,16.6,101,0,0,0,0,2,625.1,,3,354.5,27.1,77,29.7,22.7
2026-08-10T11:35:00+05:30,2026-08-10 11:35:00,,,,9.3,13,16.6,69,0,0,0,0,2,625.1,,3,352.5,27.1,77,29.7,22.7
2026-08-10T11:30:00+05:30,2026-08-10 11:30:00,,,,0,3.5,16.6,95,0,0,0,0,2,625.1,,2,211.7,27,77,29.4,22.6
2026-08-10T11:25:00+05:30,2026-08-10 11:25:00,,,,3.5,11.1,16.6,50,0,0,0,0,2,625.1,,1,196.3,27,77,29.4,22.6
2026-08-10T11:20:00+05:30,2026-08-10 11:20:00,,,,6.1,11.1,16.6,83,0,0,0,0,2,625.1,,4,443.4,26.9,77,29.2,22.5
2026-08-10T11:15:00+05:30,2026-08-10 11:15:00,,,,2.1,11.1,16.6,88,0,0,0,0,2,625.1,,3,374,26.9,77,29.2,22.5
2026-08-10T11:10:00+05:30,2026-08-10 11:10:00,,,,4.7,9.3,16.6,74,0,0,0,0,2,625.1,,1,202.6,26.9,77,29.2,22.5
2026-08-10T11:05:00+05:30,2026-08-10 11:05:00,,,,9.3,13,16.6,141,0,0,0,0,2,625.1,,2,266,26.8,77,29,22.4
2026-08-10T11:00:00+05:30,2026-08-10 11:00:00,,,,4.3,9.3,16.6,77,0,0,0,0,2,625.1,,4,447.2,26.8,77,29,22.4
2026-08-10T10:55:00+05:30,2026-08-10 10:55:00,,,,0,7.2,16.6,87,0,0,0,0,2,625.1,,4,466.4,26.8,77,29,22.4
2026-08-10T10:50:00+05:30,2026-08-10 10:50:00,,,,0.6,7.2,16.6,74,0,0,0,0,2,625.1,,6,684.5,26.7,76,28.8,22.1
2026-08-10T10:45:00+05:30,2026-08-10 10:45:00,,,,2.1,7.2,16.6,107,0,0,0,0,2,625.1,,2,224.1,26.7,76,28.8,22.1
2026-08-10T10:40:00+05:30,2026-08-10 10:40:00,,,,11.1,16.6,16.6,104,0,0,0,0,2,625.1,,5,540.8,26.6,76,27.3,22
2026-08-10T10:35:00+05:30,2026-08-10 10:35:00,,,,1.4,11.1,14.8,70,0,0,0,0,2,625.1,,2,219.7,26.6,77,27.3,22.2
2026-08-10T10:30:00+05:30,2026-08-10 10:30:00,,,,0,11.1,14.8,53,0,0,0,0,2,625.1,,1,167.6,26.5,77,27.2,22.1
2026-08-10T10:25:00+05:30,2026-08-10 10:25:00,,,,0,7.2,14.8,68,0,0,0,0,2,625.1,,1,185.4,26.5,77,27.2,22.1
2026-08-10T10:20:00+05:30,2026-08-10 10:20:00,,,,7.9,9.3,14.8,112,0,0,0,0,2,625.1,,2,283,26.4,77,27.1,22
2026-08-10T10:15:00+05:30,2026-08-10 10:15:00,,,,0.3,1.8,14.8,99,0,0,0,0,2,625.1,,2,243.9,26.4,77,27.1,22
2026-08-10T10:10:00+05:30,2026-08-10 10:10:00,,,,3.5,7.2,14.8,96,0,0,0,0,2,625.1,,3,341.2,26.3,77,26.9,21.9
2026-08-10T10:05:00+05:30,2026-08-10 10:05:00,,,,2.9,9.3,14.8,115,0,0,0,0,2,625.1,,3,316.4,26.3,78,27,22.1
2026-08-10T10:00:00+05:30,2026-08-10 10:00:00,,,,0,9.3,14.8,75,0,0,0,0,2,625.1,,5,611.7,26.2,78,26.9,22.1
2026-08-10T09:55:00+05:30,2026-08-10 09:55:00,,,,0.6,11.1,14.8,111,0,0,0,0,2,625.1,,2,241.5,26.2,78,26.9,22.1
2026-08-10T09:50:00+05:30,2026-08-10 09:50:00,,,,0.6,3.5,13,94,0,0,0,0,2,625.1,,4,512,26.1,78,26.8,21.9
2026-08-10T09:45:00+05:30,2026-08-10 09:45:00,,,,0,0,13,90,0,0,0,0,2,625.1,,1,178.7,26,78,26.7,21.8
2026-08-10T09:41:00+05:30,2026-08-10 09:41:00,,,,0,0,13,77,0,0,0,0,2,625.1,,2,238.4,26,78,26.7,21.8
2026-08-10T09:35:00+05:30,2026-08-10 09:35:00,,,,0,3.5,13,93,0,0,0,0,2,625.1,,3,394.9,25.9,78,26.6,21.7
2026-08-10T09:30:00+05:30,2026-08-10 09:30:00,,,,0,0,13,81,0,0,0,0,2,625.1,,4,464.5,25.8,78,26.4,21.7
2026-08-10T09:25:00+05:30,2026-08-10 09:25:00,,,,3.5,5.5,13,85,0,0,0,0,2,625.1,,2,269,25.8,78,26.4,21.7
2026-08-10T09:20:00+05:30,2026-08-10 09:20:00,,,,0,0,13,90,0,0,0,0,2,625.1,,5,516.8,25.7,78,26.4,21.6
2026-08-10T09:15:00+05:30,2026-08-10 09:15:00,,,,0,1.8,13,77,0,0,0,0,2,625.1,,2,225.7,25.7,78,26.4,21.6
2026-08-10T09:10:00+05:30,2026-08-10 09:10:00,,,,0,1.8,13,70,0,0,0,0,2,625.1,,1,191.6,25.6,78,26.3,21.5
2026-08-10T09:05:00+05:30,2026-08-10 09:05:00,,,,4.3,5.5,13,88,0,0,0,0,2,625.1,,1,200,25.6,78,26.3,21.5
2026-08-10T09:00:00+05:30,2026-08-10 09:00:00,,,,0,0,13,72,0,0,0,0,2,625.1,,2,205.8,25.5,79,26.2,21.6
2026-08-10T08:55:00+05:30,2026-08-10 08:55:00,,,,0.3,1.8,13,101,0,0,0,0,2,625.1,,1,157.6,25.5,79,26.2,21.6
2026-08-10T08:50:00+05:30,2026-08-10 08:50:00,,,,1.1,3.5,13,76,0,0,0,0,2,625.1,,2,221.5,25.5,79,26.2,21.6
2026-08-10T08:45:00+05:30,2026-08-10 08:45:00,,,,2.1,5.5,13,111,0,0,0,0,2,625.1,,3,344.2,25.4,78,26,21.3
2026-08-10T08:40:00+05:30,2026-08-10 08:40:00,,,,0,3.5,13,70,0,0,0,0,2,625.1,,1,192.6,25.4,79,26.1,21.5
2026-08-10T08:36:00+05:30,2026-08-10 08:36:00,,,,0,0,13,81,0,0,0,0,2,625.1,,1,110.9,25.4,78,26,21.3
2026-08-10T08:30:00+05:30,2026-08-10 08:30:00,,,,0,0,13,82,0,0,0,0,2,625.1,,1,134.5,25.4,78,26,21.3
2026-08-10T08:25:00+05:30,2026-08-10 08:25:00,,,,0,0,13,72,0,0,0,0,2,625.1,,1,148.6,25.4,78,26,21.3
2026-08-10T08:20:00+05:30,2026-08-10 08:20:00,,,,0,0,13,75,0,0,0,0,2,625.1,,1,129.9,25.4,78,26,21.3
2026-08-10T08:15:00+05:30,2026-08-10 08:15:00,,,,0,0,13,73,0,0,0,0,2,625.1,,1,137.9,25.4,78,26,21.3
2026-08-10T08:10:00+05:30,2026-08-10 08:10:00,,,,0,0,13,84,0,0,0,0,2,625.1,,1,126.3,25.3,78,25.9,21.2
2026-08-10T08:05:00+05:30,2026-08-10 08:05:00,,,,0,5.5,13,85,0,0,0,0,2,625.1,,1,145,25.3,78,25.9,21.2
2026-08-10T08:00:00+05:30,2026-08-10 08:00:00,,,,0,3.5,13,74,0,0,0,0,2,625.1,,1,159.7,25.3,78,25.9,21.2
2026-08-10T07:55:00+05:30,2026-08-10 07:55:00,,,,0,1.8,13,70,0,0,0,0,2,625.1,,1,124.6,25.3,78,25.9,21.2
2026-08-10T07:50:00+05:30,2026-08-10 07:50:00,,,,0,0,13,74,0,0,0,0,2,625.1,,1,123.3,25.3,78,25.9,21.2
2026-08-10T07:45:00+05:30,2026-08-10 07:45:00,,,,0,3.5,13,83,0,0,0,0,2,625.1,,1,124.4,25.3,78,25.9,21.2
2026-08-10T07:40:00+05:30,2026-08-10 07:40:00,,,,0,0,13,71,0,0,0,0,2,625.1,,0,97.8,25.3,78,25.9,21.2
2026-08-10T07:35:00+05:30,2026-08-10 07:35:00,,,,0,3.5,13,90,0,0,0,0,2,625.1,,0,79.9,25.3,78,25.9,21.2
2026-08-10T07:31:00+05:30,2026-08-10 07:31:00,,,,2.1,3.5,13,83,0,0,0,0,2,625.1,,0,76.7,25.3,78,25.9,21.2
2026-08-10T07:25:00+05:30,2026-08-10 07:25:00,,,,0,3.5,13,75,0,0,0,0,2,625.1,,0,74.6,25.3,78,25.9,21.2
2026-08-10T07:20:00+05:30,2026-08-10 07:20:00,,,,0,5.5,13,74,0,0,0,0,2,625.1,,0,71.1,25.3,78,25.9,21.2
2026-08-10T07:15:00+05:30,2026-08-10 07:15:00,,,,0,3.5,13,66,0,0,0,0,2,625.1,,0,61.2,25.3,78,25.9,21.2
2026-08-10T07:10:00+05:30,2026-08-10 07:10:00,,,,5.8,9.3,13,55,0,0,0,0,2,625.1,,0,44.6,25.3,78,25.9,21.2
2026-08-10T07:05:00+05:30,2026-08-10 07:05:00,,,,2.6,9.3,13,109,0,0,0,0,2,625.1,,0,24,25.3,78,25.9,21.2
2026-08-10T07:00:00+05:30,2026-08-10 07:00:00,,,,0,1.8,13,65,0,0,0,0,2,625.1,,0,24.1,25.3,78,25.9,21.2
2026-08-10T06:55:00+05:30,2026-08-10 06:55:00,,,,1.1,7.2,13,56,0,0,0,0,2,625.1,,0,15.2,25.3,78,25.9,21.2
2026-08-10T06:50:00+05:30,2026-08-10 06:50:00,,,,0,5.5,13,80,0,0,0,0,2,625.1,,0,13.6,25.3,78,25.9,21.2
2026-08-10T06:45:00+05:30,2026-08-10 06:45:00,,,,0,5.5,13,76,0,0,0,0,2,625.1,,0,11.8,25.3,78,25.9,21.2
2026-08-10T06:40:00+05:30,2026-08-10 06:40:00,,,,1.1,3.5,13,85,0,0,0,0,2,625.1,,0,7.9,25.3,78,25.9,21.2
2026-08-10T06:35:00+05:30,2026-08-10 06:35:00,,,,0,5.5,13,77,0,0,0,0,2,625.1,,0,10.9,25.3,78,25.9,21.2
2026-08-10T06:30:00+05:30,2026-08-10 06:30:00,,,,0,0,13,63,0,0,0,0,2,625.1,,0,13.9,25.2,78,25.8,21.1
2026-08-10T06:25:00+05:30,2026-08-10 06:25:00,,,,0,0,13,79,0,0,0,0,2,625.1,,0,8.7,25.3,78,25.9,21.2
2026-08-10T06:20:00+05:30,2026-08-10 06:20:00,,,,0,0,13,68,0,0,0,0,2,625.1,,0,7.6,25.3,78,25.9,21.2
2026-08-10T06:15:00+05:30,2026-08-10 06:15:00,,,,0,0,13,72,0,0,0,0,2,625.1,,0,7.1,25.3,78,25.9,21.2
2026-08-10T06:11:00+05:30,2026-08-10 06:11:00,,,,0,0,13,70,0,0,0,0,2,625.1,,0,5.4,25.3,78,25.9,21.2
2026-08-10T06:05:00+05:30,2026-08-10 06:05:00,,,,0.6,3.5,13,78,0,0,0,0,2,625.1,,0,2.8,25.3,78,25.9,21.2
2026-08-10T06:00:00+05:30,2026-08-10 06:00:00,,,,0,0,13,70,0,0,0,0,2,625.1,,0,1.5,25.3,78,25.9,21.2
2026-08-10T05:55:00+05:30,2026-08-10 05:55:00,,,,0,5.5,13,84,0,0,0,0,2,625.1,,0,0.9,25.3,78,25.9,21.2
2026-08-10T05:50:00+05:30,2026-08-10 05:50:00,,,,0,0,13,71,0,0,0,0,2,625.1,,0,0.3,25.3,78,25.9,21.2
2026-08-10T05:45:00+05:30,2026-08-10 05:45:00,,,,0,0,13,62,0,0,0,0,2,625.1,,0,0.1,25.3,78,25.9,21.2
2026-08-10T05:40:00+05:30,2026-08-10 05:40:00,,,,0,3.5,13,79,0,0,0,0,2,625.1,,0,0,25.3,78,25.9,21.2
2026-08-10T05:35:00+05:30,2026-08-10 05:35:00,,,,0,0,13,71,0,0,0,0,2,625.1,,0,0,25.3,78,25.9,21.2
2026-08-10T05:30:00+05:30,2026-08-10 05:30:00,,,,0,0,13,82,0,0,0,0,2,625.1,,0,0,25.3,78,25.9,21.2
2026-08-10T05:25:00+05:30,2026-08-10 05:25:00,,,,0,3.5,13,66,0,0,0,0,2,625.1,,0,0,25.3,78,25.9,21.2
2026-08-10T05:20:00+05:30,2026-08-10 05:20:00,,,,0,1.8,13,64,0,0,0,0,2,625.1,,0,0,25.3,78,25.9,21.2
2026-08-10T05:15:00+05:30,2026-08-10 05:15:00,,,,0,0,13,63,0,0,0,0,2,625.1,,0,0,25.3,78,25.9,21.2
2026-08-10T05:10:00+05:30,2026-08-10 05:10:00,,,,7.2,9.3,13,111,0,0,0,0,2,625.1,,0,0,25.3,78,25.9,21.2
2026-08-10T05:06:00+05:30,2026-08-10 05:06:00,,,,0,0,13,82,0,0,0,0,2,625.1,,0,0,25.3,78,25.9,21.2
2026-08-10T05:00:00+05:30,2026-08-10 05:00:00,,,,3.5,9.3,13,68,0,0,0,0,2,625.1,,0,0,25.3,78,25.9,21.2
2026-08-10T04:55:00+05:30,2026-08-10 04:55:00,,,,0,13,13,74,0,0,0,0,2,625.1,,0,0,25.3,78,25.9,21.2
2026-08-10T04:50:00+05:30,2026-08-10 04:50:00,,,,0,3.5,13,88,0,0,0,0,2,625.1,,0,0,25.3,78,25.9,21.2
2026-08-10T04:45:00+05:30,2026-08-10 04:45:00,,,,0,0,13,76,0,0,0,0,2,625.1,,0,0,25.4,78,26,21.3
2026-08-10T04:40:00+05:30,2026-08-10 04:40:00,,,,0.6,3.5,13,97,0,0,0,0,2,625.1,,0,0,25.4,77,26,21.1
2026-08-10T04:35:00+05:30,2026-08-10 04:35:00,,,,0,0,13,73,0,0,0,0,2,625.1,,0,0,25.4,77,26,21.1
2026-08-10T04:30:00+05:30,2026-08-10 04:30:00,,,,1.8,5.5,13,73,0,0,0,0,2,625.1,,0,0,25.4,77,26,21.1
2026-08-10T04:25:00+05:30,2026-08-10 04:25:00,,,,0.3,3.5,13,97,0,0,0,0,2,625.1,,0,0,25.4,77,26,21.1
2026-08-10T04:20:00+05:30,2026-08-10 04:20:00,,,,0,7.2,13,88,0,0,0,0,2,625.1,,0,0,25.4,77,26,21.1
2026-08-10T04:15:00+05:30,2026-08-10 04:15:00,,,,0,0,13,79,0,0,0,0,2,625.1,,0,0,25.4,77,26,21.1
2026-08-10T04:10:00+05:30,2026-08-10 04:10:00,,,,0.3,1.8,13,82,0,0,0,0,2,625.1,,0,0,25.4,77,26,21.1
2026-08-10T04:05:00+05:30,2026-08-10 04:05:00,,,,0,0,13,86,0,0,0,0,2,625.1,,0,0,25.4,77,26,21.1
2026-08-10T04:01:00+05:30,2026-08-10 04:01:00,,,,6.4,9.3,13,117,0,0,0,0,2,625.1,,0,0,25.4,77,26,21.1
2026-08-10T03:55:00+05:30,2026-08-10 03:55:00,,,,0,0,13,74,0,0,0,0,2,625.1,,0,0,25.4,77,26,21.1
2026-08-10T03:50:00+05:30,2026-08-10 03:50:00,,,,2.1,5.5,13,81,0,0,0,0,2,625.1,,0,0,25.4,77,26,21.1
2026-08-10T03:45:00+05:30,2026-08-10 03:45:00,,,,0,0,13,78,0,0,0,0,2,625.1,,0,0,25.5,77,26.1,21.2
2026-08-10T03:40:00+05:30,2026-08-10 03:40:00,,,,0,0,13,84,0,0,0,0,2,625.1,,0,0,25.4,77,26,21.1
2026-08-10T03:35:00+05:30,2026-08-10 03:35:00,,,,0,3.5,13,70,0,0,0,0,2,625.1,,0,0,25.5,77,26.1,21.2
2026-08-10T03:30:00+05:30,2026-08-10 03:30:00,,,,0,5.5,13,76,0,0,0,0,2,625.1,,0,0,25.5,77,26.1,21.2
2026-08-10T03:25:00+05:30,2026-08-10 03:25:00,,,,2.1,5.5,13,78,0,0,0,0,2,625.1,,0,0,25.5,77,26.1,21.2
2026-08-10T03:20:00+05:30,2026-08-10 03:20:00,,,,2.1,5.5,13,78,0,0,0,0,2,625.1,,0,0,25.5,77,26.1,21.2
2026-08-10T03:15:00+05:30,2026-08-10 03:15:00,,,,0,0,13,90,0,0,0,0,2,625.1,,0,0,25.5,77,26.1,21.2
2026-08-10T03:10:00+05:30,2026-08-10 03:10:00,,,,0,0,13,70,0,0,0,0,2,625.1,,0,0,25.5,77,26.1,21.2
2026-08-10T03:05:00+05:30,2026-08-10 03:05:00,,,,0.6,7.2,13,78,0,0,0,0,2,625.1,,0,0,25.5,77,26.1,21.2
2026-08-10T03:00:00+05:30,2026-08-10 03:00:00,,,,0,0,13,71,0,0,0,0,2,625.1,,0,0,25.5,77,26.1,21.2
2026-08-10T02:55:00+05:30,2026-08-10 02:55:00,,,,0,0,13,70,0,0,0,0,2,625.1,,0,0,25.6,77,26.2,21.3
2026-08-10T02:50:00+05:30,2026-08-10 02:50:00,,,,0,0,13,74,0,0,0,0,2,625.1,,0,0,25.5,77,26.1,21.2
2026-08-10T02:45:00+05:30,2026-08-10 02:45:00,,,,0,0,13,104,0,0,0,0,2,625.1,,0,0,25.6,77,26.2,21.3
2026-08-10T02:40:00+05:30,2026-08-10 02:40:00,,,,0,0,13,79,0,0,0,0,2,625.1,,0,0,25.6,77,26.2,21.3
2026-08-10T02:35:00+05:30,2026-08-10 02:35:00,,,,0,0,13,70,0,0,0,0,2,625.1,,0,0,25.6,77,26.2,21.3
2026-08-10T02:30:00+05:30,2026-08-10 02:30:00,,,,0,9.3,13,94,0,0,0,0,2,625.1,,0,0,25.6,77,26.2,21.3
2026-08-10T02:25:00+05:30,2026-08-10 02:25:00,,,,0,1.8,13,69,0,0,0,0,2,625.1,,0,0,25.6,77,26.2,21.3
2026-08-10T02:20:00+05:30,2026-08-10 02:20:00,,,,0,0,13,76,0,0,0,0,2,625.1,,0,0,25.6,77,26.2,21.3
2026-08-10T02:15:00+05:30,2026-08-10 02:15:00,,,,0,0,13,62,0,0,0,0,2,625.1,,0,0,25.7,77,26.3,21.4
2026-08-10T02:10:00+05:30,2026-08-10 02:10:00,,,,0,1.8,13,81,0,0,0,0,2,625.1,,0,0,25.6,77,26.2,21.3
2026-08-10T02:05:00+05:30,2026-08-10 02:05:00,,,,0,0,13,71,0,0,0,0,2,625.1,,0,0,25.7,77,26.3,21.4
2026-08-10T02:00:00+05:30,2026-08-10 02:00:00,,,,0,0,13,78,0,0,0,0,2,625.1,,0,0,25.7,77,26.3,21.4
2026-08-10T01:55:00+05:30,2026-08-10 01:55:00,,,,0,5.5,13,77,0,0,0,0,2,625.1,,0,0,25.6,77,26.2,21.3
2026-08-10T01:50:00+05:30,2026-08-10 01:50:00,,,,0,1.8,13,66,0,0,0,0,2,625.1,,0,0,25.7,77,26.3,21.4
2026-08-10T01:45:00+05:30,2026-08-10 01:45:00,,,,0,3.5,13,72,0,0,0,0,2,625.1,,0,0,25.7,77,26.3,21.4
2026-08-10T01:40:00+05:30,2026-08-10 01:40:00,,,,0,0,13,95,0,0,0,0,2,625.1,,0,0,25.7,77,26.3,21.4
2026-08-10T01:36:00+05:30,2026-08-10 01:36:00,,,,0,7.2,13,88,0,0,0,0,2,625.1,,0,0,25.7,77,26.3,21.4
2026-08-10T01:30:00+05:30,2026-08-10 01:30:00,,,,0,3.5,13,94,0,0,0,0,2,625.1,,0,0,25.7,77,26.3,21.4
2026-08-10T01:25:00+05:30,2026-08-10 01:25:00,,,,0,3.5,13,83,0,0,0,0,2,625.1,,0,0,25.7,77,26.3,21.4
2026-08-10T01:20:00+05:30,2026-08-10 01:20:00,,,,0,0,13,94,0,0,0,0,2,625.1,,0,0,25.7,77,26.3,21.4
2026-08-10T01:15:00+05:30,2026-08-10 01:15:00,,,,0,0,13,104,0,0,0,0,2,625.1,,0,0,25.7,77,26.3,21.4
2026-08-10T01:10:00+05:30,2026-08-10 01:10:00,,,,3.5,7.2,13,59,0,0,0,0,2,625.1,,0,0,25.8,77,26.4,21.4
2026-08-10T01:05:00+05:30,2026-08-10 01:05:00,,,,0,7.2,13,81,0,0,0,0,2,625.1,,0,0,25.8,77,26.4,21.4
2026-08-10T01:00:00+05:30,2026-08-10 01:00:00,,,,1.4,9.3,13,76,0,0,0,0,2,625.1,,0,0,25.8,77,26.4,21.4
2026-08-10T00:55:00+05:30,2026-08-10 00:55:00,,,,4,7.2,13,106,0,0,0,0,2,625.1,,0,0,25.8,77,26.4,21.4
2026-08-10T00:50:00+05:30,2026-08-10 00:50:00,,,,7.2,11.1,13,106,0,0,0,0,2,625.1,,0,0,25.8,77,26.4,21.4
2026-08-10T00:45:00+05:30,2026-08-10 00:45:00,,,,0.3,13,13,72,0,0,0,0,2,625.1,,0,0,25.8,77,26.4,21.4
2026-08-10T00:40:00+05:30,2026-08-10 00:40:00,,,,2.1,13,13,73,0,0,0,0,2,625.1,,0,0,25.8,77,26.4,21.4
2026-08-10T00:35:00+05:30,2026-08-10 00:35:00,,,,0,7.2,11.1,69,0,0,0,0,2,625.1,,0,0,25.9,77,26.6,21.6
2026-08-10T00:31:00+05:30,2026-08-10 00:31:00,,,,0,7.2,11.1,82,0,0,0,0,2,625.1,,0,0,25.9,77,26.6,21.6
2026-08-10T00:25:00+05:30,2026-08-10 00:25:00,,,,0,3.5,11.1,85,0,0,0,0,2,625.1,,0,0,25.9,77,26.6,21.6
2026-08-10T00:20:00+05:30,2026-08-10 00:20:00,,,,0,5.5,11.1,74,0,0,0,0,2,625.1,,0,0,25.9,77,26.6,21.6
2026-08-10T00:15:00+05:30,2026-08-10 00:15:00,,,,0,7.2,9.3,77,0,0,0,0,2,625.1,,0,0,25.9,77,26.6,21.6
2026-08-10T00:10:00+05:30,2026-08-10 00:10:00,,,,0,0,9.3,82,0,0,0,0,2,625.1,,0,0,25.9,77,26.6,21.6
2026-08-10T00:05:00+05:30,2026-08-10 00:05:00,,,,0,1.8,9.3,65,0,0,0,0,2,625.1,,0,0,26,77,26.7,21.7
2026-08-10T00:00:00+05:30,2026-08-10 00:00:00,,,,0,7.2,0,76,0,0,0,0,2,625.1,,0,0,26,77,26.7,21.7
2026-08-09T23:55:00+05:30,2026-08-09 23:55:00,,,,0,1.8,23.8,65,0,0,0,0,2,625.1,,0,0,26,77,26.7,21.7
2026-08-09T23:50:00+05:30,2026-08-09 23:50:00,,,,0,7.2,23.8,81,0,0,0,0,2,625.1,,0,0,26,77,26.7,21.7
2026-08-09T23:45:00+05:30,2026-08-09 23:45:00,,,,0,0,23.8,77,0,0,0,0,2,625.1,,0,0,26,77,26.7,21.7
2026-08-09T23:40:00+05:30,2026-08-09 23:40:00,,,,0,0,23.8,71,0,0,0,0,2,625.1,,0,0,26,77,26.7,21.7
2026-08-09T23:35:00+05:30,2026-08-09 23:35:00,,,,0,0,23.8,72,0,0,0,0,2,625.1,,0,0,26,77,26.7,21.7
2026-08-09T23:30:00+05:30,2026-08-09 23:30:00,,,,0,0,23.8,70,0,0,0,0,2,625.1,,0,0,26.1,77,26.8,21.8
2026-08-09T23:26:00+05:30,2026-08-09 23:26:00,,,,0,0,23.8,89,0,0,0,0,2,625.1,,0,0,26.1,77,26.8,21.8
2026-08-09T23:20:00+05:30,2026-08-09 23:20:00,,,,0,1.8,23.8,73,0,0,0,0,2,625.1,,0,0,26.1,77,26.8,21.8
2026-08-09T23:15:00+05:30,2026-08-09 23:15:00,,,,0,0,23.8,66,0,0,0,0,2,625.1,,0,0,26.1,77,26.8,21.8
2026-08-09T23:10:00+05:30,2026-08-09 23:10:00,,,,0,0,23.8,70,0,0,0,0,2,625.1,,0,0,26.1,77,26.8,21.8
2026-08-09T23:05:00+05:30,2026-08-09 23:05:00,,,,0,0,23.8,68,0,0,0,0,2,625.1,,0,0,26.1,77,26.8,21.8
2026-08-09T23:00:00+05:30,2026-08-09 23:00:00,,,,0,0,23.8,79,0,0,0,0,2,625.1,,0,0,26.2,77,26.9,21.8
2026-08-09T22:55:00+05:30,2026-08-09 22:55:00,,,,0,0,23.8,81,0,0,0,0,2,625.1,,0,0,26.1,77,26.8,21.8
2026-08-09T22:50:00+05:30,2026-08-09 22:50:00,,,,0,0,23.8,77,0,0,0,0,2,625.1,,0,0,26.2,77,26.9,21.8
2026-08-09T22:45:00+05:30,2026-08-09 22:45:00,,,,0,0,23.8,88,0,0,0,0,2,625.1,,0,0,26.2,77,26.9,21.8
2026-08-09T22:40:00+05:30,2026-08-09 22:40:00,,,,0,0,23.8,85,0,0,0,0,2,625.1,,0,0,26.2,77,26.9,21.8
2026-08-09T22:35:00+05:30,2026-08-09 22:35:00,,,,0,5.5,23.8,78,0,0,0,0,2,625.1,,0,0,26.2,77,26.9,21.8
2026-08-09T22:30:00+05:30,2026-08-09 22:30:00,,,,0,0,23.8,86,0,0,0,0,2,625.1,,0,0,26.3,77,26.9,21.9
2026-08-09T22:25:00+05:30,2026-08-09 22:25:00,,,,0,1.8,23.8,74,0,0,0,0,2,625.1,,0,0,26.3,77,26.9,21.9
2026-08-09T22:20:00+05:30,2026-08-09 22:20:00,,,,0.6,7.2,23.8,100,0,0,0,0,2,625.1,,0,0,26.3,76,26.9,21.7
2026-08-09T22:15:00+05:30,2026-08-09 22:15:00,,,,0,0,23.8,73,0,0,0,0,2,625.1,,0,0,26.3,76,26.9,21.7
2026-08-09T22:10:00+05:30,2026-08-09 22:10:00,,,,0,3.5,23.8,73,0,0,0,0,2,625.1,,0,0,26.3,76,26.9,21.7
2026-08-09T22:06:00+05:30,2026-08-09 22:06:00,,,,1.1,5.5,23.8,70,0,0,0,0,2,625.1,,0,0,26.3,76,26.9,21.7
2026-08-09T22:00:00+05:30,2026-08-09 22:00:00,,,,0,0,23.8,79,0,0,0,0,2,625.1,,0,0,26.4,76,27.1,21.8
2026-08-09T21:55:00+05:30,2026-08-09 21:55:00,,,,10.1,13,23.8,84,0,0,0,0,2,625.1,,0,0,26.4,76,27.1,21.8
2026-08-09T21:50:00+05:30,2026-08-09 21:50:00,,,,1.8,7.2,23.8,82,0,0,0,0,2,625.1,,0,0,26.4,76,27.1,21.8
2026-08-09T21:45:00+05:30,2026-08-09 21:45:00,,,,0,9.3,23.8,67,0,0,0,0,2,625.1,,0,0,26.4,76,27.1,21.8
2026-08-09T21:40:00+05:30,2026-08-09 21:40:00,,,,0,0,23.8,75,0,0,0,0,2,625.1,,0,0,26.4,76,27.1,21.8
2026-08-09T21:35:00+05:30,2026-08-09 21:35:00,,,,0,3.5,23.8,110,0,0,0,0,2,625.1,,0,0,26.4,76,27.1,21.8
2026-08-09T21:30:00+05:30,2026-08-09 21:30:00,,,,0,0,23.8,78,0,0,0,0,2,625.1,,0,0,26.4,76,27.1,21.8
2026-08-09T21:25:00+05:30,2026-08-09 21:25:00,,,,0,0,23.8,67,0,0,0,0,2,625.1,,0,0,26.5,76,27.2,21.9
2026-08-09T21:20:00+05:30,2026-08-09 21:20:00,,,,0,0,23.8,75,0,0,0,0,2,625.1,,0,0,26.5,76,27.2,21.9
2026-08-09T21:15:00+05:30,2026-08-09 21:15:00,,,,0,0,23.8,79,0,0,0,0,2,625.1,,0,0,26.5,76,27.2,21.9
2026-08-09T21:10:00+05:30,2026-08-09 21:10:00,,,,0,0,23.8,60,0,0,0,0,2,625.1,,0,0,26.5,76,27.2,21.9
2026-08-09T21:05:00+05:30,2026-08-09 21:05:00,,,,0,0,23.8,71,0,0,0,0,2,625.1,,0,0,26.5,76,27.2,21.9
2026-08-09T21:01:00+05:30,2026-08-09 21:01:00,,,,0,0,23.8,73,0,0,0,0,2,625.1,,0,0,26.5,76,27.2,21.9
2026-08-09T20:55:00+05:30,2026-08-09 20:55:00,,,,0,0,23.8,80,0,0,0,0,2,625.1,,0,0,26.5,76,27.2,21.9
2026-08-09T20:50:00+05:30,2026-08-09 20:50:00,,,,0,0,23.8,73,0,0,0,0,2,625.1,,0,0,26.6,76,27.3,22
2026-08-09T20:45:00+05:30,2026-08-09 20:45:00,,,,0,0,23.8,110,0,0,0,0,2,625.1,,0,0,26.6,76,27.3,22
2026-08-09T20:40:00+05:30,2026-08-09 20:40:00,,,,0,0,23.8,81,0,0,0,0,2,625.1,,0,0,26.6,76,27.3,22
2026-08-09T20:35:00+05:30,2026-08-09 20:35:00,,,,0.3,1.8,23.8,69,0,0,0,0,2,625.1,,0,0,26.6,76,27.3,22
2026-08-09T20:30:00+05:30,2026-08-09 20:30:00,,,,0,3.5,23.8,74,0,0,0,0,2,625.1,,0,0,26.6,76,27.3,22
2026-08-09T20:25:00+05:30,2026-08-09 20:25:00,,,,0,0,23.8,72,0,0,0,0,2,625.1,,0,0,26.7,76,28.8,22.1
2026-08-09T20:20:00+05:30,2026-08-09 20:20:00,,,,0,0,23.8,84,0,0,0,0,2,625.1,,0,0,26.7,76,28.8,22.1
2026-08-09T20:15:00+05:30,2026-08-09 20:15:00,,,,0,7.2,23.8,92,0,0,0,0,2,625.1,,0,0,26.7,76,28.8,22.1
2026-08-09T20:10:00+05:30,2026-08-09 20:10:00,,,,0,0,23.8,72,0,0,0,0,2,625.1,,0,0,26.7,76,28.8,22.1
2026-08-09T20:05:00+05:30,2026-08-09 20:05:00,,,,0,0,23.8,75,0,0,0,0,2,625.1,,0,0,26.8,76,28.9,22.2
2026-08-09T20:00:00+05:30,2026-08-09 20:00:00,,,,0,0,23.8,93,0,0,0,0,2,625.1,,0,0,26.8,76,28.9,22.2
2026-08-09T19:56:00+05:30,2026-08-09 19:56:00,,,,0,0,23.8,70,0,0,0,0,2,625.1,,0,0,26.8,76,28.9,22.2
2026-08-09T19:50:00+05:30,2026-08-09 19:50:00,,,,0,5.5,23.8,77,0,0,0,0,2,625.1,,0,0,26.8,76,28.9,22.2
2026-08-09T19:45:00+05:30,2026-08-09 19:45:00,,,,0,0,23.8,73,0,0,0,0,2,625.1,,0,0,26.8,76,28.9,22.2
2026-08-09T19:40:00+05:30,2026-08-09 19:40:00,,,,0,7.2,23.8,79,0,0,0,0,2,625.1,,0,0,26.8,76,28.9,22.2
2026-08-09T19:35:00+05:30,2026-08-09 19:35:00,,,,0,9.3,23.8,100,0,0,0,0,2,625.1,,0,0,26.8,76,28.9,22.2
2026-08-09T19:30:00+05:30,2026-08-09 19:30:00,,,,0,3.5,23.8,74,0,0,0,0,2,625.1,,0,0,26.9,76,29.2,22.3
2026-08-09T19:25:00+05:30,2026-08-09 19:25:00,,,,0,0,23.8,63,0,0,0,0,2,625.1,,0,0,26.9,76,29.2,22.3
2026-08-09T19:20:00+05:30,2026-08-09 19:20:00,,,,0,7.2,23.8,67,0,0,0,0,2,625.1,,0,0,26.9,76,29.2,22.3
2026-08-09T19:15:00+05:30,2026-08-09 19:15:00,,,,0,0,23.8,70,0,0,0,0,2,625.1,,0,0,26.9,75,29.1,22.1
2026-08-09T19:10:00+05:30,2026-08-09 19:10:00,,,,0,0,23.8,73,0,0,0,0,2,625.1,,0,0,26.9,75,29.1,22.1
2026-08-09T19:05:00+05:30,2026-08-09 19:05:00,,,,0,7.2,23.8,89,0,0,0,0,2,625.1,,0,0,26.9,75,29.1,22.1
2026-08-09T19:00:00+05:30,2026-08-09 19:00:00,,,,0,0,23.8,73,0,0,0,0,2,625.1,,0,0,26.9,75,29.1,22.1
2026-08-09T18:55:00+05:30,2026-08-09 18:55:00,,,,2.9,3.5,23.8,77,0,0,0,0,2,625.1,,0,0,27,75,29.3,22.2
2026-08-09T18:51:00+05:30,2026-08-09 18:51:00,,,,0,0,23.8,80,0,0,0,0,2,625.1,,0,0,27,75,29.3,22.2
2026-08-09T18:45:00+05:30,2026-08-09 18:45:00,,,,0,5.5,23.8,74,0,0,0,0,2,625.1,,0,0,27,75,29.3,22.2
2026-08-09T18:40:00+05:30,2026-08-09 18:40:00,,,,2.1,3.5,23.8,78,0,0,0,0,2,625.1,,0,0.1,27,75,29.3,22.2
2026-08-09T18:35:00+05:30,2026-08-09 18:35:00,,,,0,0,23.8,75,0,0,0,0,2,625.1,,0,0.2,27,75,29.3,22.2
2026-08-09T18:30:00+05:30,2026-08-09 18:30:00,,,,0,0,23.8,67,0,0,0,0,2,625.1,,0,0.6,27.1,75,29.5,22.3
2026-08-09T18:25:00+05:30,2026-08-09 18:25:00,,,,0,7.2,23.8,71,0,0,0,0,2,625.1,,0,1.1,27.1,75,29.5,22.3
2026-08-09T18:20:00+05:30,2026-08-09 18:20:00,,,,0.3,3.5,23.8,68,0,0,0,0,2,625.1,,0,2.6,27.1,75,29.5,22.3
2026-08-09T18:15:00+05:30,2026-08-09 18:15:00,,,,0,3.5,23.8,92,0,0,0,0,2,625.1,,0,6.8,27.1,75,29.5,22.3
2026-08-09T18:10:00+05:30,2026-08-09 18:10:00,,,,3.5,7.2,23.8,87,0,0,0,0,2,625.1,,0,10.5,27.1,75,29.5,22.3
2026-08-09T18:05:00+05:30,2026-08-09 18:05:00,,,,0,0,23.8,74,0,0,0,0,2,625.1,,0,15.1,27.1,75,29.5,22.3
2026-08-09T18:00:00+05:30,2026-08-09 18:00:00,,,,0,5.5,23.8,90,0,0,0,0,2,625.1,,0,19.6,27.1,75,29.5,22.3
2026-08-09T17:55:00+05:30,2026-08-09 17:55:00,,,,2.1,3.5,23.8,105,0,0,0,0,2,625.1,,0,26.4,27.1,75,29.5,22.3
2026-08-09T17:50:00+05:30,2026-08-09 17:50:00,,,,0,3.5,23.8,89,0,0,0,0,2,625.1,,0,46.6,27.1,75,29.5,22.3
2026-08-09T17:46:00+05:30,2026-08-09 17:46:00,,,,0,7.2,23.8,64,0,0,0,0,2,625.1,,0,57.3,27.1,75,29.5,22.3
2026-08-09T17:40:00+05:30,2026-08-09 17:40:00,,,,4.7,7.2,23.8,89,0,0,0,0,2,625.1,,0,38.4,27.1,75,29.5,22.3
2026-08-09T17:35:00+05:30,2026-08-09 17:35:00,,,,0,3.5,23.8,62,0,0,0,0,2,625.1,,0,35.9,27.2,75,29.7,22.4
2026-08-09T17:30:00+05:30,2026-08-09 17:30:00,,,,6.4,9.3,23.8,108,0,0,0,0,2,625.1,,0,18.7,27.1,75,29.5,22.3
2026-08-09T17:25:00+05:30,2026-08-09 17:25:00,,,,0,0,23.8,75,0,0,0,0,2,625.1,,0,32.3,27.2,75,29.7,22.4
2026-08-09T17:20:00+05:30,2026-08-09 17:20:00,,,,1.8,9.3,23.8,82,0,0,0,0,2,625.1,,0,92.5,27.1,75,29.5,22.3
2026-08-09T17:15:00+05:30,2026-08-09 17:15:00,,,,2.1,13,23.8,70,0,0,0,0,2,625.1,,1,108.3,27.2,75,29.7,22.4
2026-08-09T17:10:00+05:30,2026-08-09 17:10:00,,,,0,3.5,23.8,68,0,0,0,0,2,625.1,,1,120.2,27.2,75,29.7,22.4
2026-08-09T17:05:00+05:30,2026-08-09 17:05:00,,,,0.3,18.3,23.8,74,0,0,0,0,2,625.1,,1,125.2,27.2,75,29.7,22.4
2026-08-09T17:00:00+05:30,2026-08-09 17:00:00,,,,0.3,9.3,23.8,99,0,0,0,0,2,625.1,,1,154.9,27.2,75,29.7,22.4
2026-08-09T16:55:00+05:30,2026-08-09 16:55:00,,,,1.1,7.2,23.8,77,0,0,0,0,2,625.1,,1,160.3,27.2,75,29.7,22.4
2026-08-09T16:50:00+05:30,2026-08-09 16:50:00,,,,0.3,1.8,23.8,83,0,0,0,0,2,625.1,,1,111.8,27.3,75,29.8,22.4
2026-08-09T16:45:00+05:30,2026-08-09 16:45:00,,,,2.6,5.5,23.8,85,0,0,0,0,2,625.1,,0,90.4,27.2,75,29.7,22.4
2026-08-09T16:40:00+05:30,2026-08-09 16:40:00,,,,6.4,9.3,23.8,84,0,0,0,0,2,625.1,,0,82.3,27.2,75,29.7,22.4
2026-08-09T16:35:00+05:30,2026-08-09 16:35:00,,,,0,13,23.8,88,0,0,0,0,2,625.1,,2,241.9,27.2,75,29.7,22.4
2026-08-09T16:30:00+05:30,2026-08-09 16:30:00,,,,5.5,14.8,23.8,104,0,0,0,0,2,625.1,,2,262.7,27.3,75,29.8,22.4
2026-08-09T16:26:00+05:30,2026-08-09 16:26:00,,,,0,5.5,23.8,77,0,0,0,0,2,625.1,,1,155.5,27.3,75,29.8,22.4
2026-08-09T16:20:00+05:30,2026-08-09 16:20:00,,,,9.3,14.8,23.8,132,0,0,0,0,2,625.1,,0,89,27.3,75,29.8,22.4
2026-08-09T16:15:00+05:30,2026-08-09 16:15:00,,,,0,5.5,23.8,65,0,0,0,0,2,625.1,,0,87.9,27.3,75,29.8,22.4
2026-08-09T16:10:00+05:30,2026-08-09 16:10:00,,,,6.9,9.3,23.8,99,0,0,0,0,2,625.1,,0,77.3,27.3,75,29.8,22.4
2026-08-09T16:05:00+05:30,2026-08-09 16:05:00,,,,3.5,16.6,23.8,78,0,0,0,0,2,625.1,,1,117.6,27.3,75,29.8,22.4
2026-08-09T16:00:00+05:30,2026-08-09 16:00:00,,,,2.6,5.5,23.8,112,0,0,0,0,2,625.1,,1,165.3,27.4,75,30.1,22.6
2026-08-09T15:55:00+05:30,2026-08-09 15:55:00,,,,11.1,18.3,23.8,165,0,0,0,0,2,625.1,,1,145.5,27.4,76,30.2,22.8
2026-08-09T15:50:00+05:30,2026-08-09 15:50:00,,,,4.7,7.2,23.8,94,0,0,0,0,2,625.1,,1,144.6,27.4,76,30.2,22.8
2026-08-09T15:45:00+05:30,2026-08-09 15:45:00,,,,0.6,11.1,23.8,117,0,0,0,0,2,625.1,,2,208,27.3,76,29.9,22.7
2026-08-09T15:40:00+05:30,2026-08-09 15:40:00,,,,0,5.5,23.8,78,0,0,0,0,2,625.1,,4,442.6,27.3,76,29.9,22.7
2026-08-09T15:35:00+05:30,2026-08-09 15:35:00,,,,2.6,18.3,23.8,66,0,0,0,0,2,625.1,,4,436.5,27.3,76,29.9,22.7
2026-08-09T15:30:00+05:30,2026-08-09 15:30:00,,,,0,5.5,23.8,78,0,0,0,0,2,625.1,,4,468.7,27.3,76,29.9,22.7
2026-08-09T15:25:00+05:30,2026-08-09 15:25:00,,,,1.4,5.5,23.8,94,0,0,0,0,2,625.1,,3,341.1,27.3,76,29.9,22.7
2026-08-09T15:21:00+05:30,2026-08-09 15:21:00,,,,4,13,20.1,79,0,0,0,0,2,625.1,,2,220.9,27.3,77,30.1,22.9
2026-08-09T15:15:00+05:30,2026-08-09 15:15:00,,,,5,9.3,20.1,117,0,0,0,0,2,625.1,,4,453.2,27.2,77,29.9,22.8
2026-08-09T15:10:00+05:30,2026-08-09 15:10:00,,,,0.6,16.6,20.1,91,0,0,0,0,2,625.1,,5,563.2,27.2,77,29.9,22.8
2026-08-09T15:05:00+05:30,2026-08-09 15:05:00,,,,6.1,16.6,20.1,73,0,0,0,0,2,625.1,,6,617,27.2,77,29.9,22.8
2026-08-09T15:00:00+05:30,2026-08-09 15:00:00,,,,1.4,7.2,18.3,105,0,0,0,0,2,625.1,,2,208.1,27.1,77,29.7,22.7
2026-08-09T14:55:00+05:30,2026-08-09 14:55:00,,,,0,3.5,18.3,83,0,0,0,0,2,625.1,,3,334.2,27.1,77,29.7,22.7
2026-08-09T14:50:00+05:30,2026-08-09 14:50:00,,,,1.1,9.3,18.3,110,0,0,0,0,2,625.1,,2,257.4,27.1,77,29.7,22.7
2026-08-09T14:45:00+05:30,2026-08-09 14:45:00,,,,0,5.5,18.3,77,0,0,0,0,2,625.1,,2,210.8,27.1,77,29.7,22.7
2026-08-09T14:40:00+05:30,2026-08-09 14:40:00,,,,0.3,13,18.3,88,0,0,0,0,2,625.1,,5,530.4,27,77,29.4,22.6
2026-08-09T14:35:00+05:30,2026-08-09 14:35:00,,,,0,3.5,18.3,78,0,0,0,0,2,625.1,,2,254.5,27,78,29.6,22.8
2026-08-09T14:30:00+05:30,2026-08-09 14:30:00,,,,0,0,18.3,65,0,0,0,0,2,625.1,,5,533.5,27,78,29.6,22.8
2026-08-09T14:25:00+05:30,2026-08-09 14:25:00,,,,0,11.1,18.3,63,0,0,0,0,2,625.1,,2,251.8,27,78,29.6,22.8
2026-08-09T14:20:00+05:30,2026-08-09 14:20:00,,,,1.4,5.5,18.3,58,0,0,0,0,2,625.1,,1,124.4,26.9,78,29.3,22.7
2026-08-09T14:16:00+05:30,2026-08-09 14:16:00,,,,0,7.2,18.3,75,0,0,0,0,2,625.1,,3,311.6,26.9,79,29.4,22.9
2026-08-09T14:10:00+05:30,2026-08-09 14:10:00,,,,0,0,18.3,80,0,0,0,0,2,625.1,,3,348,26.8,79,29.2,22.8
2026-08-09T14:05:00+05:30,2026-08-09 14:05:00,,,,0.3,9.3,18.3,79,0,0,0,0,2,625.1,,5,528.8,26.8,78,29.1,22.6
2026-08-09T14:00:00+05:30,2026-08-09 14:00:00,,,,0,9.3,18.3,70,0,0,0,0,2,625.1,,4,449.4,26.7,78,29,22.6
2026-08-09T13:55:00+05:30,2026-08-09 13:55:00,,,,0,0,18.3,84,0,0,0,0,2,625.1,,7,772,26.7,78,29,22.6
2026-08-09T13:50:00+05:30,2026-08-09 13:50:00,,,,0.6,11.1,18.3,93,0,0,0,0,2,625.1,,3,394.6,26.7,78,29,22.6
2026-08-09T13:45:00+05:30,2026-08-09 13:45:00,,,,9.3,18.3,18.3,116,0,0,0,0,2,625.1,,1,139.9,26.8,78,29.1,22.6
2026-08-09T13:40:00+05:30,2026-08-09 13:40:00,,,,1.8,11.1,18.3,93,0,0,0,0,2,625.1,,1,147.2,26.8,78,29.1,22.6
2026-08-09T13:35:00+05:30,2026-08-09 13:35:00,,,,9.3,14.8,18.3,142,0,0,0,0,2,625.1,,1,125.3,26.8,78,29.1,22.6
2026-08-09T13:30:00+05:30,2026-08-09 13:30:00,,,,0.6,7.2,18.3,90,0,0,0,0,2,625.1,,1,182.3,26.8,78,29.1,22.6
2026-08-09T13:25:00+05:30,2026-08-09 13:25:00,,,,0,13,18.3,101,0,0,0,0,2,625.1,,3,394.7,26.7,78,29,22.6
2026-08-09T13:20:00+05:30,2026-08-09 13:20:00,,,,4,11.1,18.3,52,0,0,0,0,2,625.1,,4,475,26.7,78,29,22.6
2026-08-09T13:15:00+05:30,2026-08-09 13:15:00,,,,0,9.3,18.3,80,0,0,0,0,2,625.1,,2,253.8,26.7,78,29,22.6
2026-08-09T13:10:00+05:30,2026-08-09 13:10:00,,,,0.3,5.5,18.3,109,0,0,0,0,2,625.1,,1,200.8,26.7,78,29,22.6
2026-08-09T13:05:00+05:30,2026-08-09 13:05:00,,,,0,0,18.3,95,0,0,0,0,2,625.1,,1,150.9,26.7,78,29,22.6
2026-08-09T13:00:00+05:30,2026-08-09 13:00:00,,,,0,0,18.3,69,0,0,0,0,2,625.1,,2,266.1,26.6,78,27.4,22.4
2026-08-09T12:55:00+05:30,2026-08-09 12:55:00,,,,0,9.3,18.3,71,0,0,0,0,2,625.1,,3,331.1,26.6,79,27.4,22.7
2026-08-09T12:50:00+05:30,2026-08-09 12:50:00,,,,0,1.8,18.3,81,0,0,0,0,2,625.1,,1,185.3,26.6,79,27.4,22.7
2026-08-09T12:45:00+05:30,2026-08-09 12:45:00,,,,0,3.5,18.3,60,0,0,0,0,2,625.1,,2,242.8,26.6,79,27.4,22.7
2026-08-09T12:40:00+05:30,2026-08-09 12:40:00,,,,0,0,18.3,63,0,0,0,0,2,625.1,,4,492.4,26.6,79,27.4,22.7
2026-08-09T12:35:00+05:30,2026-08-09 12:35:00,,,,0,3.5,18.3,79,0,0,0,0,2,625.1,,4,463.1,26.6,79,27.4,22.7
2026-08-09T12:30:00+05:30,2026-08-09 12:30:00,,,,0,0,18.3,76,0,0,0,0,2,625.1,,3,388.7,26.6,79,27.4,22.7
2026-08-09T12:25:00+05:30,2026-08-09 12:25:00,,,,0,0,18.3,84,0,0,0,0,2,625.1,,1,141.4,26.6,79,27.4,22.7
2026-08-09T12:20:00+05:30,2026-08-09 12:20:00,,,,4.3,13,18.3,84,0,0,0,0,2,625.1,,0,37.1,26.6,79,27.4,22.7
2026-08-09T12:15:00+05:30,2026-08-09 12:15:00,,,,5.5,16.6,18.3,63,0,0,0,0,2,625.1,,0,72,26.6,79,27.4,22.7
2026-08-09T12:10:00+05:30,2026-08-09 12:10:00,,,,1.1,14.8,18.3,79,0,0,0,0,2,625.1,,0,95.4,26.5,79,27.3,22.6
2026-08-09T12:05:00+05:30,2026-08-09 12:05:00,,,,2.1,5.5,18.3,76,0,0,0,0,2,625.1,,2,225.6,26.5,79,27.3,22.6
2026-08-09T12:00:00+05:30,2026-08-09 12:00:00,,,,0,9.3,18.3,70,0,0,0,0,2,625.1,,2,232.6,26.4,79,27.2,22.4
2026-08-09T11:55:00+05:30,2026-08-09 11:55:00,,,,11.1,18.3,18.3,103,0,0,0,0,2,625.1,,3,374,26.4,79,27.2,22.4
2026-08-09T11:51:00+05:30,2026-08-09 11:51:00,,,,2.9,16.6,18.3,62,0,0,0,0,2,625.1,,8,866.4,26.3,79,27,22.3
2026-08-09T11:45:00+05:30,2026-08-09 11:45:00,,,,3.2,13,18.3,114,0,0,0,0,2,625.1,,8,876.8,26.3,80,27.1,22.6
2026-08-09T11:40:00+05:30,2026-08-09 11:40:00,,,,0.3,9.3,18.3,76,0,0,0,0,2,625.1,,8,853.1,26.2,80,27,22.5
2026-08-09T11:35:00+05:30,2026-08-09 11:35:00,,,,2.1,7.2,18.3,91,0,0,0,0,2,625.1,,2,234.3,26.2,80,27,22.5
2026-08-09T11:30:00+05:30,2026-08-09 11:30:00,,,,0,11.1,18.3,65,0,0,0,0,2,625.1,,1,112.3,26.1,80,26.9,22.4
2026-08-09T11:25:00+05:30,2026-08-09 11:25:00,,,,0,7.2,18.3,68,0,0,0,0,2,625.1,,1,110.7,26.2,80,27,22.5
2026-08-09T11:20:00+05:30,2026-08-09 11:20:00,,,,3.5,9.3,18.3,63,0,0,0,0,2,625.1,,1,146.4,26.1,80,26.9,22.4
2026-08-09T11:15:00+05:30,2026-08-09 11:15:00,,,,0,9.3,18.3,82,0,0,0,0,2,625.1,,1,140.7,26.1,80,26.9,22.4
2026-08-09T11:10:00+05:30,2026-08-09 11:10:00,,,,7.6,9.3,18.3,116,0,0,0,0,2,625.1,,3,341.6,26,80,26.7,22.3
2026-08-09T11:05:00+05:30,2026-08-09 11:05:00,,,,0.3,7.2,18.3,63,0,0,0,0,2,625.1,,7,789.5,25.9,80,26.6,22.2
2026-08-09T11:00:00+05:30,2026-08-09 11:00:00,,,,0,7.2,18.3,86,0,0,0,0,2,625.1,,7,722.6,25.9,80,26.6,22.2
2026-08-09T10:55:00+05:30,2026-08-09 10:55:00,,,,2.9,13,18.3,73,0,0,0,0,2,625.1,,3,409.8,25.8,80,26.5,22.1
2026-08-09T10:50:00+05:30,2026-08-09 10:50:00,,,,1.8,13,18.3,76,0,0,0,0,2,625.1,,5,579.4,25.8,80,26.5,22.1
2026-08-09T10:46:00+05:30,2026-08-09 10:46:00,,,,2.9,9.3,18.3,205,0,0,0,0,2,625.1,,3,401,25.7,80,26.4,22
2026-08-09T10:40:00+05:30,2026-08-09 10:40:00,,,,4,7.2,18.3,49,0,0,0,0,2,625.1,,9,934.9,25.6,80,26.3,21.9
2026-08-09T10:35:00+05:30,2026-08-09 10:35:00,,,,0,1.8,18.3,71,0,0,0,0,2,625.1,,8,883.5,25.6,80,26.3,21.9
2026-08-09T10:30:00+05:30,2026-08-09 10:30:00,,,,1.4,5.5,18.3,103,0,0,0,0,2,625.1,,1,161.8,25.5,80,26.2,21.8
2026-08-09T10:25:00+05:30,2026-08-09 10:25:00,,,,1.1,13,18.3,51,0,0,0,0,2,625.1,,2,231.5,25.5,80,26.2,21.8
2026-08-09T10:20:00+05:30,2026-08-09 10:20:00,,,,0,0,18.3,133,0,0,0,0,2,625.1,,2,242,25.5,80,26.2,21.8
2026-08-09T10:15:00+05:30,2026-08-09 10:15:00,,,,0,1.8,18.3,79,0,0,0,0,2,625.1,,2,210.5,25.4,80,26.1,21.7
2026-08-09T10:10:00+05:30,2026-08-09 10:10:00,,,,0,7.2,18.3,70,0,0,0,0,2,625.1,,1,187,25.4,80,26.1,21.7
2026-08-09T10:05:00+05:30,2026-08-09 10:05:00,,,,0,7.2,18.3,79,0,0,0,0,2,625.1,,7,804.2,25.4,80,26.1,21.7
2026-08-09T10:00:00+05:30,2026-08-09 10:00:00,,,,1.1,3.5,18.3,115,0,0,0,0,2,625.1,,5,527.1,25.3,80,25.9,21.6
2026-08-09T09:55:00+05:30,2026-08-09 09:55:00,,,,0.3,5.5,18.3,172,0,0,0,0,2,625.1,,4,431.8,25.3,80,25.9,21.6
2026-08-09T09:50:00+05:30,2026-08-09 09:50:00,,,,0,0,18.3,85,0,0,0,0,2,625.1,,2,255.2,25.3,80,25.9,21.6
2026-08-09T09:45:00+05:30,2026-08-09 09:45:00,,,,0,7.2,18.3,77,0,0,0,0,2,625.1,,2,282.9,25.2,80,25.9,21.5
2026-08-09T09:41:00+05:30,2026-08-09 09:41:00,,,,0,7.2,18.3,71,0,0,0,0,2,625.1,,2,283.1,25.2,80,25.9,21.5
2026-08-09T09:35:00+05:30,2026-08-09 09:35:00,,,,0,9.3,18.3,85,0,0,0,0,2,625.1,,2,268,25.2,80,25.9,21.5
2026-08-09T09:30:00+05:30,2026-08-09 09:30:00,,,,0,0,18.3,92,0,0,0,0,2,625.1,,2,251.2,25.2,80,25.9,21.5
2026-08-09T09:25:00+05:30,2026-08-09 09:25:00,,,,0,5.5,18.3,70,0,0,0,0,2,625.1,,1,197.8,25.2,80,25.9,21.5
2026-08-09T09:20:00+05:30,2026-08-09 09:20:00,,,,0,7.2,18.3,111,0,0,0,0,2,625.1,,1,154.9,25.2,80,25.9,21.5
2026-08-09T09:15:00+05:30,2026-08-09 09:15:00,,,,0,1.8,18.3,73,0,0,0,0,2,625.1,,1,152.3,25.1,80,25.8,21.4
2026-08-09T09:10:00+05:30,2026-08-09 09:10:00,,,,0,5.5,18.3,77,0,0,0,0,2,625.1,,1,197.3,25.1,80,25.8,21.4
2026-08-09T09:05:00+05:30,2026-08-09 09:05:00,,,,0,5.5,18.3,70,0,0,0,0,2,625.1,,1,160.4,25.1,79,25.7,21.2
2026-08-09T09:00:00+05:30,2026-08-09 09:00:00,,,,0,5.5,18.3,81,0,0,0,0,2,625.1,,1,182.7,25.1,79,25.7,21.2
2026-08-09T08:55:00+05:30,2026-08-09 08:55:00,,,,0,0,18.3,74,0,0,0,0,2,625.1,,1,134.7,25.1,79,25.7,21.2
2026-08-09T08:50:00+05:30,2026-08-09 08:50:00,,,,0,3.5,18.3,75,0,0,0,0,2,625.1,,1,124.4,25.1,79,25.7,21.2
2026-08-09T08:45:00+05:30,2026-08-09 08:45:00,,,,0,0,18.3,75,0,0,0,0,2,625.1,,1,197.2,25.1,79,25.7,21.2
2026-08-09T08:40:00+05:30,2026-08-09 08:40:00,,,,0,0,18.3,68,0,0,0,0,2,625.1,,1,120.3,25.1,79,25.7,21.2
2026-08-09T08:35:00+05:30,2026-08-09 08:35:00,,,,0,0,18.3,72,0,0,0,0,2,625.1,,1,111.3,25,79,25.6,21.1
2026-08-09T08:30:00+05:30,2026-08-09 08:30:00,,,,0,0,18.3,70,0,0,0,0,2,625.1,,0,67.3,25,79,25.6,21.1
2026-08-09T08:25:00+05:30,2026-08-09 08:25:00,,,,0,0,18.3,73,0,0,0,0,2,625.1,,0,64.6,25.1,79,25.7,21.2
2026-08-09T08:21:00+05:30,2026-08-09 08:21:00,,,,0,0,18.3,70,0,0,0,0,2,625.1,,0,74.1,25,79,25.6,21.1
2026-08-09T08:15:00+05:30,2026-08-09 08:15:00,,,,0,0,18.3,75,0,0,0,0,2,625.1,,0,57.9,25,79,25.6,21.1
2026-08-09T08:10:00+05:30,2026-08-09 08:10:00,,,,0,3.5,18.3,69,0,0,0,0,2,625.1,,0,61.7,25,79,25.6,21.1
2026-08-09T08:05:00+05:30,2026-08-09 08:05:00,,,,0,0,18.3,75,0,0,0,0,2,625.1,,0,65.2,25,79,25.6,21.1
2026-08-09T08:00:00+05:30,2026-08-09 08:00:00,,,,0,0,18.3,70,0,0,0,0,2,625.1,,0,62.8,25,79,25.6,21.1
2026-08-09T07:55:00+05:30,2026-08-09 07:55:00,,,,0,0,18.3,72,0,0,0,0,2,625.1,,0,37.6,25,79,25.6,21.1
2026-08-09T07:50:00+05:30,2026-08-09 07:50:00,,,,0,0,18.3,75,0,0,0,0,2,625.1,,0,31.8,25,79,25.6,21.1
2026-08-09T07:45:00+05:30,2026-08-09 07:45:00,,,,0,0,18.3,70,0,0,0,0,2,625.1,,0,30.8,25,79,25.6,21.1
2026-08-09T07:40:00+05:30,2026-08-09 07:40:00,,,,1.1,5.5,18.3,79,0,0,0,0,2,625.1,,0,22.6,25,79,25.6,21.1
2026-08-09T07:35:00+05:30,2026-08-09 07:35:00,,,,0,1.8,18.3,78,0,0,0,0,2,625.1,,0,29,25,79,25.6,21.1
2026-08-09T07:30:00+05:30,2026-08-09 07:30:00,,,,1.4,3.5,18.3,87,0,0,0,0,2,625.1,,0,34.3,25,79,25.6,21.1
2026-08-09T07:25:00+05:30,2026-08-09 07:25:00,,,,0,5.5,18.3,68,0,0,0,0,2,625.1,,0,26.2,25,79,25.6,21.1
2026-08-09T07:20:00+05:30,2026-08-09 07:20:00,,,,0,1.8,18.3,85,0,0,0,0,2,625.1,,0,30.2,25,79,25.6,21.1
2026-08-09T07:16:00+05:30,2026-08-09 07:16:00,,,,0,0,18.3,92,0,0,0,0,2,625.1,,0,37.4,25,79,25.6,21.1
2026-08-09T07:10:00+05:30,2026-08-09 07:10:00,,,,0.3,1.8,18.3,76,0,0,0,0,2,625.1,,0,53.3,25,79,25.6,21.1
2026-08-09T07:05:00+05:30,2026-08-09 07:05:00,,,,0,0,18.3,78,0,0,0,0,2,625.1,,0,28.7,25,79,25.6,21.1
2026-08-09T07:00:00+05:30,2026-08-09 07:00:00,,,,1.1,5.5,18.3,89,0,0,0,0,2,625.1,,0,22,25,79,25.6,21.1
2026-08-09T06:55:00+05:30,2026-08-09 06:55:00,,,,0,0,18.3,71,0,0,0,0,2,625.1,,0,22.2,25,78,25.6,20.9
2026-08-09T06:50:00+05:30,2026-08-09 06:50:00,,,,3.5,7.2,18.3,78,0,0,0,0,2,625.1,,0,11.8,25,78,25.6,20.9
2026-08-09T06:45:00+05:30,2026-08-09 06:45:00,,,,0,5.5,18.3,56,0,0,0,0,2,625.1,,0,9.6,25,78,25.6,20.9
2026-08-09T06:40:00+05:30,2026-08-09 06:40:00,,,,0.6,1.8,18.3,56,0,0,0,0,2,625.1,,0,7.7,25,78,25.6,20.9
2026-08-09T06:35:00+05:30,2026-08-09 06:35:00,,,,4.7,9.3,18.3,92,0,0,0,0,2,625.1,,0,5.1,25,78,25.6,20.9
2026-08-09T06:30:00+05:30,2026-08-09 06:30:00,,,,0,0,18.3,62,0,0,0,0,2,625.1,,0,6.7,25,78,25.6,20.9
2026-08-09T06:25:00+05:30,2026-08-09 06:25:00,,,,0,7.2,18.3,71,0,0,0,0,2,625.1,,0,6.8,25,78,25.6,20.9
2026-08-09T06:20:00+05:30,2026-08-09 06:20:00,,,,0,0,18.3,88,0,0,0,0,2,625.1,,0,6.2,25,78,25.6,20.9
2026-08-09T06:15:00+05:30,2026-08-09 06:15:00,,,,1.4,7.2,18.3,62,0,0,0,0,2,625.1,,0,6.3,25,78,25.6,20.9
2026-08-09T06:11:00+05:30,2026-08-09 06:11:00,,,,0,7.2,18.3,71,0,0,0,0,2,625.1,,0,3.4,25,78,25.6,20.9
2026-08-09T06:05:00+05:30,2026-08-09 06:05:00,,,,1.1,3.5,18.3,96,0,0,0,0,2,625.1,,0,1.5,25,78,25.6,20.9
2026-08-09T06:00:00+05:30,2026-08-09 06:00:00,,,,0,0,18.3,80,0,0,0,0,2,625.1,,0,0.5,25,78,25.6,20.9
2026-08-09T05:55:00+05:30,2026-08-09 05:55:00,,,,0,0,18.3,62,0,0,0,0,2,625.1,,0,0.4,25.1,78,25.7,21
2026-08-09T05:50:00+05:30,2026-08-09 05:50:00,,,,0,9.3,18.3,48,0,0,0,0,2,625.1,,0,0.2,25.1,78,25.7,21
2026-08-09T05:45:00+05:30,2026-08-09 05:45:00,,,,0,7.2,18.3,56,0,0,0,0,2,625.1,,0,0.1,25.1,78,25.7,21
2026-08-09T05:40:00+05:30,2026-08-09 05:40:00,,,,0,5.5,18.3,74,0,0,0,0,2,625.1,,0,0,25.1,78,25.7,21
2026-08-09T05:35:00+05:30,2026-08-09 05:35:00,,,,0,11.1,18.3,71,0,0,0,0,2,625.1,,0,0,25.1,78,25.7,21
2026-08-09T05:30:00+05:30,2026-08-09 05:30:00,,,,4,9.3,18.3,60,0,0,0,0,2,625.1,,0,0,25.1,79,25.7,21.2
2026-08-09T05:25:00+05:30,2026-08-09 05:25:00,,,,0,5.5,18.3,62,0,0,0,0,2,625.1,,0,0,25.1,79,25.7,21.2
2026-08-09T05:20:00+05:30,2026-08-09 05:20:00,,,,0,7.2,18.3,76,0,0,0,0,2,625.1,,0,0,25.1,78,25.7,21
2026-08-09T05:15:00+05:30,2026-08-09 05:15:00,,,,0.3,3.5,18.3,95,0,0,0,0,2,625.1,,0,0,25.1,78,25.7,21
2026-08-09T05:10:00+05:30,2026-08-09 05:10:00,,,,0,0,18.3,62,0,0,0,0,2,625.1,,0,0,25.1,78,25.7,21
2026-08-09T05:05:00+05:30,2026-08-09 05:05:00,,,,0,9.3,18.3,65,0,0,0,0,2,625.1,,0,0,25.1,78,25.7,21
2026-08-09T05:00:00+05:30,2026-08-09 05:00:00,,,,0,0,18.3,113,0,0,0,0,2,625.1,,0,0,25.1,78,25.7,21
2026-08-09T04:55:00+05:30,2026-08-09 04:55:00,,,,0,7.2,18.3,72,0,0,0,0,2,625.1,,0,0,25.1,78,25.7,21
2026-08-09T04:50:00+05:30,2026-08-09 04:50:00,,,,2.6,5.5,18.3,72,0,0,0,0,2,625.1,,0,0,25.1,78,25.7,21
2026-08-09T04:45:00+05:30,2026-08-09 04:45:00,,,,0,5.5,18.3,84,0,0,0,0,2,625.1,,0,0,25.1,78,25.7,21
2026-08-09T04:40:00+05:30,2026-08-09 04:40:00,,,,0,3.5,18.3,66,0,0,0,0,2,625.1,,0,0,25.1,78,25.7,21
2026-08-09T04:35:00+05:30,2026-08-09 04:35:00,,,,2.9,9.3,18.3,85,0,0,0,0,2,625.1,,0,0,25.1,78,25.7,21
2026-08-09T04:30:00+05:30,2026-08-09 04:30:00,,,,0,5.5,18.3,82,0,0,0,0,2,625.1,,0,0,25.1,78,25.7,21
2026-08-09T04:25:00+05:30,2026-08-09 04:25:00,,,,0,3.5,18.3,80,0,0,0,0,2,625.1,,0,0,25.1,78,25.7,21
2026-08-09T04:20:00+05:30,2026-08-09 04:20:00,,,,2.9,3.5,18.3,73,0,0,0,0,2,625.1,,0,0,25.1,78,25.7,21
2026-08-09T04:15:00+05:30,2026-08-09 04:15:00,,,,0,0,18.3,80,0,0,0,0,2,625.1,,0,0,25.1,78,25.7,21
2026-08-09T04:10:00+05:30,2026-08-09 04:10:00,,,,0,3.5,18.3,96,0,0,0,0,2,625.1,,0,0,25.1,78,25.7,21
2026-08-09T04:05:00+05:30,2026-08-09 04:05:00,,,,0,0,18.3,69,0,0,0,0,2,625.1,,0,0,25.1,78,25.7,21
2026-08-09T04:00:00+05:30,2026-08-09 04:00:00,,,,0,3.5,18.3,107,0,0,0,0,2,625.1,,0,0,25.1,78,25.7,21
2026-08-09T03:55:00+05:30,2026-08-09 03:55:00,,,,0,7.2,18.3,67,0,0,0,0,2,625.1,,0,0,25.1,78,25.7,21
2026-08-09T03:50:00+05:30,2026-08-09 03:50:00,,,,2.1,13,18.3,113,0,0,0,0,2,625.1,,0,0,25.1,78,25.7,21
2026-08-09T03:46:00+05:30,2026-08-09 03:46:00,,,,0,3.5,18.3,85,0,0,0,0,2,625.1,,0,0,25.1,78,25.7,21
2026-08-09T03:40:00+05:30,2026-08-09 03:40:00,,,,4.3,7.2,18.3,99,0,0,0,0,2,625.1,,0,0,25.1,78,25.7,21
2026-08-09T03:35:00+05:30,2026-08-09 03:35:00,,,,0,0,18.3,69,0,0,0,0,2,625.1,,0,0,25.1,78,25.7,21
2026-08-09T03:30:00+05:30,2026-08-09 03:30:00,,,,0,1.8,18.3,79,0,0,0,0,2,625.1,,0,0,25.1,78,25.7,21
2026-08-09T03:25:00+05:30,2026-08-09 03:25:00,,,,1.8,9.3,18.3,106,0,0,0,0,2,625.1,,0,0,25.1,78,25.7,21
2026-08-09T03:20:00+05:30,2026-08-09 03:20:00,,,,0,3.5,18.3,82,0,0,0,0,2,625.1,,0,0,25.1,78,25.7,21
2026-08-09T03:15:00+05:30,2026-08-09 03:15:00,,,,0,5.5,18.3,72,0,0,0,0,2,625.1,,0,0,25.1,78,25.7,21
2026-08-09T03:10:00+05:30,2026-08-09 03:10:00,,,,4.7,9.3,18.3,107,0,0,0,0,2,625.1,,0,0,25.1,78,25.7,21
2026-08-09T03:05:00+05:30,2026-08-09 03:05:00,,,,0.3,5.5,18.3,103,0,0,0,0,2,625.1,,0,0,25.1,78,25.7,21
2026-08-09T03:00:00+05:30,2026-08-09 03:00:00,,,,0,0,18.3,86,0,0,0,0,2,625.1,,0,0,25.1,78,25.7,21
2026-08-09T02:55:00+05:30,2026-08-09 02:55:00,,,,2.6,5.5,18.3,72,0,0,0,0,2,625.1,,0,0,25.1,77,25.7,20.8
2026-08-09T02:50:00+05:30,2026-08-09 02:50:00,,,,0.3,7.2,18.3,83,0,0,0,0,2,625.1,,0,0,25.1,77,25.7,20.8
2026-08-09T02:45:00+05:30,2026-08-09 02:45:00,,,,2.1,7.2,18.3,93,0,0,0,0,2,625.1,,0,0,25.2,77,25.8,20.9
2026-08-09T02:41:00+05:30,2026-08-09 02:41:00,,,,0.6,11.1,18.3,66,0,0,0,0,2,625.1,,0,0,25.2,77,25.8,20.9
2026-08-09T02:35:00+05:30,2026-08-09 02:35:00,,,,0,5.5,18.3,66,0,0,0,0,2,625.1,,0,0,25.2,77,25.8,20.9
2026-08-09T02:30:00+05:30,2026-08-09 02:30:00,,,,0,9.3,18.3,135,0,0,0,0,2,625.1,,0,0,25.2,77,25.8,20.9
2026-08-09T02:25:00+05:30,2026-08-09 02:25:00,,,,0,0,18.3,69,0,0,0,0,2,625.1,,0,0,25.2,77,25.8,20.9
2026-08-09T02:20:00+05:30,2026-08-09 02:20:00,,,,0,11.1,18.3,77,0,0,0,0,2,625.1,,0,0,25.2,77,25.8,20.9
2026-08-09T02:15:00+05:30,2026-08-09 02:15:00,,,,0,1.8,18.3,71,0,0,0,0,2,625.1,,0,0,25.2,77,25.8,20.9
2026-08-09T02:10:00+05:30,2026-08-09 02:10:00,,,,0,5.5,18.3,73,0,0,0,0,2,625.1,,0,0,25.2,77,25.8,20.9
2026-08-09T02:05:00+05:30,2026-08-09 02:05:00,,,,2.9,5.5,18.3,78,0,0,0,0,2,625.1,,0,0,25.2,77,25.8,20.9
2026-08-09T02:00:00+05:30,2026-08-09 02:00:00,,,,2.9,7.2,18.3,84,0,0,0,0,2,625.1,,0,0,25.2,77,25.8,20.9
2026-08-09T01:55:00+05:30,2026-08-09 01:55:00,,,,0,0,18.3,80,0,0,0,0,2,625.1,,0,0,25.2,77,25.8,20.9
2026-08-09T01:50:00+05:30,2026-08-09 01:50:00,,,,3.5,7.2,18.3,91,0,0,0,0,2,625.1,,0,0,25.2,77,25.8,20.9
2026-08-09T01:45:00+05:30,2026-08-09 01:45:00,,,,0.3,7.2,18.3,92,0,0,0,0,2,625.1,,0,0,25.2,77,25.8,20.9
2026-08-09T01:40:00+05:30,2026-08-09 01:40:00,,,,0.6,7.2,18.3,73,0,0,0,0,2,625.1,,0,0,25.2,77,25.8,20.9
2026-08-09T01:36:00+05:30,2026-08-09 01:36:00,,,,6.4,11.1,18.3,72,0,0,0,0,2,625.1,,0,0,25.3,77,25.9,20.9
2026-08-09T01:30:00+05:30,2026-08-09 01:30:00,,,,0,9.3,18.3,85,0,0,0,0,2,625.1,,0,0,25.3,77,25.9,20.9
2026-08-09T01:25:00+05:30,2026-08-09 01:25:00,,,,4,13,18.3,105,0,0,0,0,2,625.1,,0,0,25.3,77,25.9,20.9
2026-08-09T01:20:00+05:30,2026-08-09 01:20:00,,,,0,7.2,18.3,81,0,0,0,0,2,625.1,,0,0,25.3,77,25.9,20.9
2026-08-09T01:15:00+05:30,2026-08-09 01:15:00,,,,1.1,11.1,18.3,74,0,0,0,0,2,625.1,,0,0,25.3,77,25.9,20.9
2026-08-09T01:10:00+05:30,2026-08-09 01:10:00,,,,0,3.5,18.3,79,0,0,0,0,2,625.1,,0,0,25.3,77,25.9,20.9
2026-08-09T01:05:00+05:30,2026-08-09 01:05:00,,,,0,1.8,18.3,72,0,0,0,0,2,625.1,,0,0,25.3,77,25.9,20.9
2026-08-09T01:00:00+05:30,2026-08-09 01:00:00,,,,7.6,11.1,18.3,113,0,0,0,0,2,625.1,,0,0,25.3,77,25.9,20.9
2026-08-09T00:55:00+05:30,2026-08-09 00:55:00,,,,0,7.2,18.3,83,0,0,0,0,2,625.1,,0,0,25.3,77,25.9,20.9
2026-08-09T00:50:00+05:30,2026-08-09 00:50:00,,,,0,5.5,18.3,72,0,0,0,0,2,625.1,,0,0,25.3,77,25.9,20.9
2026-08-09T00:45:00+05:30,2026-08-09 00:45:00,,,,0,11.1,18.3,82,0,0,0,0,2,625.1,,0,0,25.3,77,25.9,20.9
2026-08-09T00:40:00+05:30,2026-08-09 00:40:00,,,,0.3,13,18.3,88,0,0,0,0,2,625.1,,0,0,25.3,77,25.9,20.9
2026-08-09T00:35:00+05:30,2026-08-09 00:35:00,,,,0,0,13,72,0,0,0,0,2,625.1,,0,0,25.3,77,25.9,20.9
2026-08-09T00:30:00+05:30,2026-08-09 00:30:00,,,,5.8,11.1,13,60,0,0,0,0,2,625.1,,0,0,25.3,77,25.9,20.9
2026-08-09T00:25:00+05:30,2026-08-09 00:25:00,,,,7.2,11.1,13,55,0,0,0,0,2,625.1,,0,0,25.3,77,25.9,20.9
2026-08-09T00:20:00+05:30,2026-08-09 00:20:00,,,,1.4,3.5,13,100,0,0,0,0,2,625.1,,0,0,25.3,77,25.9,20.9
2026-08-09T00:16:00+05:30,2026-08-09 00:16:00,,,,7.6,11.1,13,97,0,0,0,0,2,625.1,,0,0,25.4,77,26,21.1
2026-08-09T00:10:00+05:30,2026-08-09 00:10:00,,,,1.1,5.5,5.5,79,0,0,0,0,2,625.1,,0,0,25.4,77,26,21.1
2026-08-09T00:05:00+05:30,2026-08-09 00:05:00,,,,0,5.5,5.5,76,0,0,0,0,2,625.1,,0,0,25.4,77,26,21.1
2026-08-09T00:00:00+05:30,2026-08-09 00:00:00,,,,0,5.5,3.5,72,0,0,0,0,2,625.1,,0,0,25.4,77,26,21.1
2026-08-08T23:55:00+05:30,2026-08-08 23:55:00,,,,6.1,7.2,29.5,83,0,0,0,2,2,625.1,,0,0,25.4,77,26,21.1
2026-08-08T23:50:00+05:30,2026-08-08 23:50:00,,,,6.1,14.8,29.5,132,0,0,0,2,2,625.1,,0,0,25.4,77,26,21.1
2026-08-08T23:45:00+05:30,2026-08-08 23:45:00,,,,6.4,18.3,29.5,101,0,0,0,2,2,625.1,,0,0,25.4,77,26,21.1
2026-08-08T23:40:00+05:30,2026-08-08 23:40:00,,,,8.2,11.1,29.5,112,0,0,0,2,2,625.1,,0,0,25.5,77,26.1,21.2
2026-08-08T23:35:00+05:30,2026-08-08 23:35:00,,,,4.7,9.3,29.5,111,0,0,0,2,2,625.1,,0,0,25.5,77,26.1,21.2
2026-08-08T23:30:00+05:30,2026-08-08 23:30:00,,,,0,9.3,29.5,93,0,0,0,2,2,625.1,,0,0,25.5,77,26.1,21.2
2026-08-08T23:25:00+05:30,2026-08-08 23:25:00,,,,0,5.5,29.5,68,0,0,0,2,2,625.1,,0,0,25.5,77,26.1,21.2
2026-08-08T23:20:00+05:30,2026-08-08 23:20:00,,,,4.7,9.3,29.5,70,0,0,0,2,2,625.1,,0,0,25.5,77,26.1,21.2
2026-08-08T23:15:00+05:30,2026-08-08 23:15:00,,,,0,7.2,29.5,93,0,0,0,2,2,625.1,,0,0,25.5,77,26.1,21.2
2026-08-08T23:11:00+05:30,2026-08-08 23:11:00,,,,6.9,18.3,29.5,82,0,0,0,2,2,625.1,,0,0,25.5,77,26.1,21.2
2026-08-08T23:05:00+05:30,2026-08-08 23:05:00,,,,0,9.3,29.5,87,0,0,0,2,2,625.1,,0,0,25.5,77,26.1,21.2
2026-08-08T23:00:00+05:30,2026-08-08 23:00:00,,,,0,5.5,29.5,87,0,0,0,2,2,625.1,,0,0,25.6,77,26.2,21.3
2026-08-08T22:55:00+05:30,2026-08-08 22:55:00,,,,0,7.2,29.5,71,0,0,0,2,2,625.1,,0,0,25.6,77,26.2,21.3
2026-08-08T22:50:00+05:30,2026-08-08 22:50:00,,,,0,3.5,29.5,95,0,0,0,2,2,625.1,,0,0,25.6,77,26.2,21.3
2026-08-08T22:45:00+05:30,2026-08-08 22:45:00,,,,0,3.5,29.5,78,0,0,0,2,2,625.1,,0,0,25.6,77,26.2,21.3
2026-08-08T22:40:00+05:30,2026-08-08 22:40:00,,,,0,5.5,29.5,91,0,0,0,2,2,625.1,,0,0,25.6,77,26.2,21.3
2026-08-08T22:35:00+05:30,2026-08-08 22:35:00,,,,0.3,11.1,29.5,77,0,0,0,2,2,625.1,,0,0,25.6,77,26.2,21.3
2026-08-08T22:30:00+05:30,2026-08-08 22:30:00,,,,6.9,11.1,29.5,105,0,0,0,2,2,625.1,,0,0,25.7,77,26.3,21.4
2026-08-08T22:25:00+05:30,2026-08-08 22:25:00,,,,11.9,14.8,29.5,78,0,0,0,2,2,625.1,,0,0,25.7,77,26.3,21.4
2026-08-08T22:20:00+05:30,2026-08-08 22:20:00,,,,0,7.2,29.5,103,0,0,0,2,2,625.1,,0,0,25.7,77,26.3,21.4
2026-08-08T22:15:00+05:30,2026-08-08 22:15:00,,,,7.6,11.1,29.5,93,0,0,0,2,2,625.1,,0,0,25.8,77,26.4,21.4
2026-08-08T22:10:00+05:30,2026-08-08 22:10:00,,,,0,11.1,29.5,75,0,0,0,2,2,625.1,,0,0,25.8,77,26.4,21.4
2026-08-08T22:06:00+05:30,2026-08-08 22:06:00,,,,3.5,7.2,29.5,103,0,0,0,2,2,625.1,,0,0,25.8,77,26.4,21.4
2026-08-08T22:00:00+05:30,2026-08-08 22:00:00,,,,0,7.2,29.5,80,0,0,0,2,2,625.1,,0,0,25.8,77,26.4,21.4
2026-08-08T21:55:00+05:30,2026-08-08 21:55:00,,,,1.4,5.5,29.5,73,0,0,0,2,2,625.1,,0,0,25.8,77,26.4,21.4
2026-08-08T21:50:00+05:30,2026-08-08 21:50:00,,,,0,0,29.5,71,0,0,0,2,2,625.1,,0,0,25.8,77,26.4,21.4
2026-08-08T21:45:00+05:30,2026-08-08 21:45:00,,,,0,0,29.5,72,0,0,0,2,2,625.1,,0,0,25.8,77,26.4,21.4
2026-08-08T21:40:00+05:30,2026-08-08 21:40:00,,,,4,7.2,29.5,81,0,0,0,2,2,625.1,,0,0,25.8,77,26.4,21.4
2026-08-08T21:35:00+05:30,2026-08-08 21:35:00,,,,0,0,29.5,70,0,0,0,2,2,625.1,,0,0,25.8,77,26.4,21.4
2026-08-08T21:30:00+05:30,2026-08-08 21:30:00,,,,0,0,29.5,76,0,0,0,2,2,625.1,,0,0,25.8,77,26.4,21.4
2026-08-08T21:25:00+05:30,2026-08-08 21:25:00,,,,0,0,29.5,77,0,0,0,2,2,625.1,,0,0,25.9,77,26.6,21.6
2026-08-08T21:20:00+05:30,2026-08-08 21:20:00,,,,0,0,29.5,71,0,0,0,2,2,625.1,,0,0,25.9,77,26.6,21.6
2026-08-08T21:15:00+05:30,2026-08-08 21:15:00,,,,0,0,29.5,108,0,0,0,2,2,625.1,,0,0,25.9,77,26.6,21.6
2026-08-08T21:10:00+05:30,2026-08-08 21:10:00,,,,0,0,29.5,73,0,0,0,2,2,625.1,,0,0,25.9,77,26.6,21.6
2026-08-08T21:05:00+05:30,2026-08-08 21:05:00,,,,0,0,29.5,74,0,0,0,2,2,625.1,,0,0,25.9,76,26.5,21.3
2026-08-08T21:00:00+05:30,2026-08-08 21:00:00,,,,0,0,29.5,67,0,0,0,2,2,625.1,,0,0,25.9,76,26.5,21.3
2026-08-08T20:55:00+05:30,2026-08-08 20:55:00,,,,0,7.2,29.5,84,0,0,0,2,2,625.1,,0,0,25.9,77,26.6,21.6
2026-08-08T20:50:00+05:30,2026-08-08 20:50:00,,,,7.6,18.3,29.5,90,0,0,0,2,2,625.1,,0,0,25.9,77,26.6,21.6
2026-08-08T20:45:00+05:30,2026-08-08 20:45:00,,,,0,3.5,29.5,74,0,0,0,2,2,625.1,,0,0,26,77,26.7,21.7
2026-08-08T20:40:00+05:30,2026-08-08 20:40:00,,,,3.5,13,29.5,103,0,0,0,2,2,625.1,,0,0,26,77,26.7,21.7
2026-08-08T20:35:00+05:30,2026-08-08 20:35:00,,,,0,7.2,29.5,79,0,0,0,2,2,625.1,,0,0,26,77,26.7,21.7
2026-08-08T20:30:00+05:30,2026-08-08 20:30:00,,,,7.6,11.1,29.5,85,0,0,0,2,2,625.1,,0,0,26.1,77,26.8,21.8
2026-08-08T20:25:00+05:30,2026-08-08 20:25:00,,,,2.1,20.1,29.5,71,0,0,0,2,2,625.1,,0,0,26.1,77,26.8,21.8
2026-08-08T20:20:00+05:30,2026-08-08 20:20:00,,,,3.2,9.3,29.5,79,0,0,0,2,2,625.1,,0,0,26.1,77,26.8,21.8
2026-08-08T20:15:00+05:30,2026-08-08 20:15:00,,,,0,5.5,29.5,72,0,0,0,2,2,625.1,,0,0,26.1,77,26.8,21.8
2026-08-08T20:10:00+05:30,2026-08-08 20:10:00,,,,2.6,5.5,29.5,81,0,0,0,2,2,625.1,,0,0,26.2,77,26.9,21.8
2026-08-08T20:05:00+05:30,2026-08-08 20:05:00,,,,0,3.5,29.5,78,0,0,0,2,2,625.1,,0,0,26.2,77,26.9,21.8
2026-08-08T20:00:00+05:30,2026-08-08 20:00:00,,,,0,0,29.5,79,0,0,0,2,2,625.1,,0,0,26.2,77,26.9,21.8
2026-08-08T19:55:00+05:30,2026-08-08 19:55:00,,,,3.2,7.2,29.5,74,0,0,0,2,2,625.1,,0,0,26.2,77,26.9,21.8
2026-08-08T19:50:00+05:30,2026-08-08 19:50:00,,,,0,0,29.5,79,0,0,0,2,2,625.1,,0,0,26.2,77,26.9,21.8
2026-08-08T19:45:00+05:30,2026-08-08 19:45:00,,,,0.3,5.5,29.5,115,0,0,0,2,2,625.1,,0,0,26.3,77,26.9,21.9
2026-08-08T19:41:00+05:30,2026-08-08 19:41:00,,,,0,0,29.5,72,0,0,0,2,2,625.1,,0,0,26.3,77,26.9,21.9
2026-08-08T19:35:00+05:30,2026-08-08 19:35:00,,,,0,0,29.5,88,0,0,0,2,2,625.1,,0,0,26.3,77,26.9,21.9
2026-08-08T19:30:00+05:30,2026-08-08 19:30:00,,,,3.2,7.2,29.5,79,0,0,0,2,2,625.1,,0,0,26.3,77,26.9,21.9
2026-08-08T19:25:00+05:30,2026-08-08 19:25:00,,,,0,0,29.5,76,0,0,0,2,2,625.1,,0,0,26.3,77,26.9,21.9
2026-08-08T19:20:00+05:30,2026-08-08 19:20:00,,,,0,0,29.5,74,0,0,0,2,2,625.1,,0,0,26.3,77,26.9,21.9
2026-08-08T19:15:00+05:30,2026-08-08 19:15:00,,,,0,0,29.5,74,0,0,0,2,2,625.1,,0,0,26.3,77,26.9,21.9
2026-08-08T19:10:00+05:30,2026-08-08 19:10:00,,,,0,5.5,29.5,75,0,0,0,2,2,625.1,,0,0,26.4,77,27.1,22
2026-08-08T19:05:00+05:30,2026-08-08 19:05:00,,,,0,0,29.5,72,0,0,0,2,2,625.1,,0,0,26.3,77,26.9,21.9
2026-08-08T19:00:00+05:30,2026-08-08 19:00:00,,,,0,0,29.5,83,0,0,0,2,2,625.1,,0,0,26.4,77,27.1,22
2026-08-08T18:55:00+05:30,2026-08-08 18:55:00,,,,0,0,29.5,58,0,0,0,2,2,625.1,,0,0,26.4,77,27.1,22
2026-08-08T18:50:00+05:30,2026-08-08 18:50:00,,,,0,3.5,29.5,80,0,0,0,2,2,625.1,,0,0,26.4,77,27.1,22
2026-08-08T18:45:00+05:30,2026-08-08 18:45:00,,,,0,0,29.5,79,0,0,0,2,2,625.1,,0,0,26.4,77,27.1,22
2026-08-08T18:40:00+05:30,2026-08-08 18:40:00,,,,0,1.8,29.5,77,0,0,0,2,2,625.1,,0,0,26.4,77,27.1,22
2026-08-08T18:36:00+05:30,2026-08-08 18:36:00,,,,0,0,29.5,70,0,0,0,2,2,625.1,,0,0.1,26.4,77,27.1,22
2026-08-08T18:30:00+05:30,2026-08-08 18:30:00,,,,0,0,29.5,70,0,0,0,2,2,625.1,,0,0.2,26.4,77,27.1,22
2026-08-08T18:25:00+05:30,2026-08-08 18:25:00,,,,0,0,29.5,85,0,0,0,2,2,625.1,,0,0.8,26.5,76,27.2,21.9
2026-08-08T18:20:00+05:30,2026-08-08 18:20:00,,,,0,5.5,29.5,68,0,0,0,2,2,625.1,,0,1.6,26.5,76,27.2,21.9
2026-08-08T18:15:00+05:30,2026-08-08 18:15:00,,,,0,5.5,29.5,70,0,0,0,2,2,625.1,,0,4.4,26.5,76,27.2,21.9
2026-08-08T18:10:00+05:30,2026-08-08 18:10:00,,,,0,3.5,29.5,72,0,0,0,2,2,625.1,,0,9.2,26.5,76,27.2,21.9
2026-08-08T18:05:00+05:30,2026-08-08 18:05:00,,,,0,1.8,29.5,71,0,0,0,2,2,625.1,,0,15.9,26.5,76,27.2,21.9
2026-08-08T18:00:00+05:30,2026-08-08 18:00:00,,,,6.1,7.2,29.5,72,0,0,0,2,2,625.1,,0,23,26.5,76,27.2,21.9
2026-08-08T17:55:00+05:30,2026-08-08 17:55:00,,,,0,0,29.5,69,0,0,0,2,2,625.1,,0,30.9,26.5,76,27.2,21.9
2026-08-08T17:50:00+05:30,2026-08-08 17:50:00,,,,0,3.5,29.5,83,0,0,0,2,2,625.1,,0,14,26.6,76,27.3,22
2026-08-08T17:45:00+05:30,2026-08-08 17:45:00,,,,0,5.5,29.5,79,0,0,0,2,2,625.1,,0,21,26.6,76,27.3,22
2026-08-08T17:40:00+05:30,2026-08-08 17:40:00,,,,0,3.5,29.5,67,0,0,0,2,2,625.1,,0,20.1,26.6,75,27.3,21.8
2026-08-08T17:35:00+05:30,2026-08-08 17:35:00,,,,2.1,11.1,29.5,77,0,0,0,2,2,625.1,,0,17,26.6,75,27.3,21.8
2026-08-08T17:31:00+05:30,2026-08-08 17:31:00,,,,0,1.8,29.5,71,0,0,0,2,2,625.1,,0,15.9,26.6,75,27.3,21.8
2026-08-08T17:25:00+05:30,2026-08-08 17:25:00,,,,1.1,13,29.5,98,0,0,0,2,2,625.1,,0,20.3,26.6,75,27.3,21.8
2026-08-08T17:20:00+05:30,2026-08-08 17:20:00,,,,0,11.1,29.5,72,0,0,0,2,2,625.1,,0,20.2,26.6,75,27.3,21.8
2026-08-08T17:15:00+05:30,2026-08-08 17:15:00,,,,3.2,9.3,29.5,125,0,0,0,2,2,625.1,,0,42,26.7,75,28.8,21.9
2026-08-08T17:10:00+05:30,2026-08-08 17:10:00,,,,5.5,11.1,29.5,104,0,0,0,2,2,625.1,,0,63.4,26.7,75,28.8,21.9
2026-08-08T17:05:00+05:30,2026-08-08 17:05:00,,,,8.7,11.1,29.5,113,0,0,0,2,2,625.1,,0,69.2,26.7,75,28.8,21.9
2026-08-08T17:00:00+05:30,2026-08-08 17:00:00,,,,0,5.5,29.5,82,0,0,0,2,2,625.1,,0,74,26.8,75,28.8,21.9
2026-08-08T16:55:00+05:30,2026-08-08 16:55:00,,,,7.9,14.8,29.5,83,0,0,0,2,2,625.1,,1,107.7,26.8,75,28.8,21.9
2026-08-08T16:50:00+05:30,2026-08-08 16:50:00,,,,10.5,23.8,29.5,85,0,0,0,2,2,625.1,,0,86.4,26.8,75,28.8,21.9
2026-08-08T16:45:00+05:30,2026-08-08 16:45:00,,,,1.4,7.2,29.5,58,0,0,0,2,2,625.1,,0,20.3,26.8,75,28.8,21.9
2026-08-08T16:40:00+05:30,2026-08-08 16:40:00,,,,3.5,11.1,29.5,95,0,0,0,2,2,625.1,,0,34.8,26.8,75,28.8,21.9
2026-08-08T16:35:00+05:30,2026-08-08 16:35:00,,,,0,9.3,29.5,65,0,0,0,2,2,625.1,,0,79.7,26.8,75,28.8,21.9
2026-08-08T16:30:00+05:30,2026-08-08 16:30:00,,,,0,9.3,29.5,73,0,0,0,2,2,625.1,,1,154.6,26.8,75,28.8,21.9
2026-08-08T16:25:00+05:30,2026-08-08 16:25:00,,,,1.8,11.1,29.5,180,0,0,0,2,2,625.1,,0,95.9,26.8,75,28.8,21.9
2026-08-08T16:20:00+05:30,2026-08-08 16:20:00,,,,1.1,11.1,29.5,74,0,0,0,2,2,625.1,,0,74.3,26.8,75,28.8,21.9
2026-08-08T16:15:00+05:30,2026-08-08 16:15:00,,,,13.4,18.3,29.5,72,0,0,0,2,2,625.1,,0,55,26.8,75,28.8,21.9
2026-08-08T16:11:00+05:30,2026-08-08 16:11:00,,,,5.8,11.1,29.5,72,0,0,0,2,2,625.1,,0,28.1,26.9,75,29.1,22.1
2026-08-08T16:05:00+05:30,2026-08-08 16:05:00,,,,0,11.1,29.5,66,0,0,0,2,2,625.1,,0,40,26.9,75,29.1,22.1
2026-08-08T16:00:00+05:30,2026-08-08 16:00:00,,,,0,11.1,29.5,71,0,0,0,2,2,625.1,,0,73.7,26.9,75,29.1,22.1
2026-08-08T15:55:00+05:30,2026-08-08 15:55:00,,,,2.9,5.5,29.5,117,0,0,0,2,2,625.1,,0,96.3,26.9,75,29.1,22.1
2026-08-08T15:50:00+05:30,2026-08-08 15:50:00,,,,4.3,16.6,29.5,80,0,0,0,2,2,625.1,,1,145.2,26.9,75,29.1,22.1
2026-08-08T15:45:00+05:30,2026-08-08 15:45:00,,,,1.1,7.2,29.5,95,0,0,0,2,2,625.1,,1,146.8,26.8,75,28.8,21.9
2026-08-08T15:40:00+05:30,2026-08-08 15:40:00,,,,2.1,18.3,29.5,89,0,0,0,2,2,625.1,,5,525.3,26.8,76,28.9,22.2
2026-08-08T15:35:00+05:30,2026-08-08 15:35:00,,,,4,9.3,29.5,189,0,0,0,2,2,625.1,,4,426.8,26.8,76,28.9,22.2
2026-08-08T15:30:00+05:30,2026-08-08 15:30:00,,,,3.5,11.1,29.5,98,0,0,0,2,2,625.1,,5,533.4,26.8,76,28.9,22.2
2026-08-08T15:25:00+05:30,2026-08-08 15:25:00,,,,0,7.2,29.5,74,0,0,0,2,2,625.1,,4,471.5,26.8,76,28.9,22.2
2026-08-08T15:20:00+05:30,2026-08-08 15:20:00,,,,0,9.3,29.5,83,0,0,0,2,2,625.1,,1,194.9,26.8,76,28.9,22.2
2026-08-08T15:15:00+05:30,2026-08-08 15:15:00,,,,6.4,9.3,29.5,99,0,0,0,2,2,625.1,,2,250.1,26.8,76,28.9,22.2
2026-08-08T15:10:00+05:30,2026-08-08 15:10:00,,,,4.3,14.8,29.5,43,0,0,0,2,2,625.1,,6,640.6,26.7,77,28.9,22.3
2026-08-08T15:06:00+05:30,2026-08-08 15:06:00,,,,1.1,7.2,29.5,71,0,0,0,2,2,625.1,,3,308.3,26.7,77,28.9,22.3
2026-08-08T15:00:00+05:30,2026-08-08 15:00:00,,,,0.6,9.3,29.5,91,0,0,0,2,2,625.1,,2,279.3,26.7,77,28.9,22.3
2026-08-08T14:55:00+05:30,2026-08-08 14:55:00,,,,2.9,11.1,29.5,70,0,0,0,2,2,625.1,,1,145.7,26.7,77,28.9,22.3
2026-08-08T14:50:00+05:30,2026-08-08 14:50:00,,,,3.2,7.2,29.5,81,0,0,0,2,2,625.1,,1,203.1,26.7,77,28.9,22.3
2026-08-08T14:45:00+05:30,2026-08-08 14:45:00,,,,6.4,7.2,29.5,48,0,0,0,2,2,625.1,,2,222.2,26.7,77,28.9,22.3
2026-08-08T14:40:00+05:30,2026-08-08 14:40:00,,,,7.9,14.8,29.5,33,0,0,0,2,2,625.1,,2,301.2,26.7,78,29,22.6
2026-08-08T14:35:00+05:30,2026-08-08 14:35:00,,,,2.1,13,29.5,98,0,0,0,2,2,625.1,,2,277.8,26.7,78,29,22.6
2026-08-08T14:30:00+05:30,2026-08-08 14:30:00,,,,5.5,11.1,29.5,32,0,0,0,2,2,625.1,,0,98.2,26.7,78,29,22.6
2026-08-08T14:25:00+05:30,2026-08-08 14:25:00,,,,0,7.2,29.5,72,0,0,0,2,2,625.1,,1,122.4,26.6,78,27.4,22.4
2026-08-08T14:20:00+05:30,2026-08-08 14:20:00,,,,5.8,13,29.5,172,0,0,0,2,2,625.1,,1,188.3,26.6,78,27.4,22.4
2026-08-08T14:15:00+05:30,2026-08-08 14:15:00,,,,1.4,13,29.5,49,0,0,0,2,2,625.1,,1,105.7,26.6,78,27.4,22.4
2026-08-08T14:10:00+05:30,2026-08-08 14:10:00,,,,0,13,29.5,58,0,0,0,2,2,625.1,,2,215.6,26.6,78,27.4,22.4
2026-08-08T14:05:00+05:30,2026-08-08 14:05:00,,,,11.6,25.6,29.5,140,0,0,0,2,2,625.1,,2,272.4,26.6,78,27.4,22.4
2026-08-08T14:01:00+05:30,2026-08-08 14:01:00,,,,13,21.9,25.6,87,0,0,0,2,2,625.1,,3,356.8,26.6,78,27.4,22.4
2026-08-08T13:55:00+05:30,2026-08-08 13:55:00,,,,2.6,13,25.6,171,0,0,0,2,2,625.1,,9,978.6,26.5,78,27.2,22.3
2026-08-08T13:50:00+05:30,2026-08-08 13:50:00,,,,7.2,13,25.6,133,0,0,0,2,2,625.1,,3,335.1,26.5,79,27.3,22.6
2026-08-08T13:45:00+05:30,2026-08-08 13:45:00,,,,3.5,14.8,25.6,81,0,0,0,2,2,625.1,,7,726.6,26.5,79,27.3,22.6
2026-08-08T13:40:00+05:30,2026-08-08 13:40:00,,,,0,11.1,25.6,83,0,0,0,2,2,625.1,,6,639.6,26.4,79,27.2,22.4
2026-08-08T13:35:00+05:30,2026-08-08 13:35:00,,,,3.5,9.3,25.6,80,0,0,0,2,2,625.1,,6,628,26.4,80,27.2,22.7
2026-08-08T13:30:00+05:30,2026-08-08 13:30:00,,,,7.9,18.3,25.6,87,0,0,0,2,2,625.1,,10,1079.6,26.4,80,27.2,22.7
2026-08-08T13:25:00+05:30,2026-08-08 13:25:00,,,,5,11.1,25.6,100,0,0,0,2,2,625.1,,4,480.5,26.3,80,27.1,22.6
2026-08-08T13:20:00+05:30,2026-08-08 13:20:00,,,,2.6,14.8,25.6,77,0,0,0,2,2,625.1,,9,1021.9,26.3,80,27.1,22.6
2026-08-08T13:15:00+05:30,2026-08-08 13:15:00,,,,2.9,20.1,25.6,59,0,0,0,2,2,625.1,,9,1014.4,26.3,80,27.1,22.6
2026-08-08T13:10:00+05:30,2026-08-08 13:10:00,,,,13.7,18.3,25.6,117,0,0,0,2,2,625.1,,4,442.6,26.2,79,26.9,22.3
2026-08-08T13:05:00+05:30,2026-08-08 13:05:00,,,,5.5,14.8,25.6,133,0,0,0,2,2,625.1,,2,250.1,26.3,80,27.1,22.6
2026-08-08T13:00:00+05:30,2026-08-08 13:00:00,,,,4,14.8,25.6,124,0,0,0,2,2,625.1,,2,271.8,26.2,80,27,22.5
2026-08-08T12:56:00+05:30,2026-08-08 12:56:00,,,,7.9,20.1,25.6,122,0,0,0,2,2,625.1,,3,329.9,26.2,80,27,22.5
2026-08-08T12:50:00+05:30,2026-08-08 12:50:00,,,,9.7,16.6,25.6,139,0,0,0,2,2,625.1,,2,250.6,26.2,80,27,22.5
2026-08-08T12:45:00+05:30,2026-08-08 12:45:00,,,,11.9,18.3,25.6,128,0,0,0,2,2,625.1,,10,1041.5,26.1,80,26.9,22.4
2026-08-08T12:40:00+05:30,2026-08-08 12:40:00,,,,7.9,14.8,25.6,92,0,0,0,2,2,625.1,,3,395.7,26,80,26.7,22.3
2026-08-08T12:35:00+05:30,2026-08-08 12:35:00,,,,0,14.8,25.6,65,0,0,0,2,2,625.1,,8,823.2,26,80,26.7,22.3
2026-08-08T12:30:00+05:30,2026-08-08 12:30:00,,,,2.9,9.3,25.6,78,0,0,0,2,2,625.1,,4,465.3,26,79,26.7,22.1
2026-08-08T12:25:00+05:30,2026-08-08 12:25:00,,,,0,5.5,25.6,71,0,0,0,2,2,625.1,,2,211.4,25.9,79,26.6,21.9
2026-08-08T12:20:00+05:30,2026-08-08 12:20:00,,,,3.5,11.1,25.6,123,0,0,0,2,2,625.1,,1,136.7,25.9,79,26.6,21.9
2026-08-08T12:15:00+05:30,2026-08-08 12:15:00,,,,6.4,16.6,25.6,89,0,0,0,2,2,625.1,,1,122.4,25.9,80,26.6,22.2
2026-08-08T12:10:00+05:30,2026-08-08 12:10:00,,,,0,11.1,21.9,73,0,0,0,2,2,625.1,,8,856.3,25.8,80,26.5,22.1
2026-08-08T12:05:00+05:30,2026-08-08 12:05:00,,,,0.3,13,21.9,76,0,0,0,2,2,625.1,,3,410.1,25.8,80,26.5,22.1
2026-08-08T12:00:00+05:30,2026-08-08 12:00:00,,,,0.3,13,21.9,63,0,0,0,2,2,625.1,,3,351.7,25.7,80,26.4,22
2026-08-08T11:55:00+05:30,2026-08-08 11:55:00,,,,0.3,13,21.9,51,0,0,0,2,2,625.1,,10,1093,25.7,80,26.4,22
2026-08-08T11:50:00+05:30,2026-08-08 11:50:00,,,,0.6,13,21.9,59,0,0,0,2,2,625.1,,2,221.8,25.6,80,26.3,21.9
2026-08-08T11:45:00+05:30,2026-08-08 11:45:00,,,,1.8,11.1,21.9,120,0,0,0,2,2,625.1,,1,166.4,25.6,80,26.3,21.9
2026-08-08T11:40:00+05:30,2026-08-08 11:40:00,,,,0,9.3,21.9,78,0,0,0,2,2,625.1,,4,449.7,25.6,79,26.3,21.7
2026-08-08T11:36:00+05:30,2026-08-08 11:36:00,,,,0.3,5.5,21.9,109,0,0,0,2,2,625.1,,8,844.5,25.5,79,26.2,21.6
2026-08-08T11:30:00+05:30,2026-08-08 11:30:00,,,,1.1,7.2,21.9,89,0,0,0,2,2,625.1,,3,308.7,25.5,79,26.2,21.6
2026-08-08T11:25:00+05:30,2026-08-08 11:25:00,,,,2.6,9.3,21.9,122,0,0,0,2,2,625.1,,3,350.7,25.4,80,26.1,21.7
2026-08-08T11:20:00+05:30,2026-08-08 11:20:00,,,,2.6,9.3,21.9,86,0,0,0,2,2,625.1,,2,273.9,25.4,80,26.1,21.7
2026-08-08T11:15:00+05:30,2026-08-08 11:15:00,,,,0,1.8,21.9,73,0,0,0,2,2,625.1,,2,258.1,25.4,80,26.1,21.7
2026-08-08T11:10:00+05:30,2026-08-08 11:10:00,,,,0,7.2,21.9,88,0,0,0,2,2,625.1,,2,253.2,25.3,80,25.9,21.6
2026-08-08T11:05:00+05:30,2026-08-08 11:05:00,,,,0,7.2,21.9,65,0,0,0,2,2,625.1,,2,217.8,25.3,80,25.9,21.6
2026-08-08T11:00:00+05:30,2026-08-08 11:00:00,,,,1.4,7.2,21.9,61,0,0,0,2,2,625.1,,2,276.6,25.2,80,25.9,21.5
2026-08-08T10:55:00+05:30,2026-08-08 10:55:00,,,,0.3,7.2,21.9,79,0,0,0,2,2,625.1,,1,136.6,25.2,80,25.9,21.5
2026-08-08T10:50:00+05:30,2026-08-08 10:50:00,,,,4.3,9.3,21.9,88,0,0,0,2,2,625.1,,2,250.5,25.2,81,25.9,21.7
2026-08-08T10:45:00+05:30,2026-08-08 10:45:00,,,,0,7.2,21.9,73,0,0,0,2,2,625.1,,5,572.8,25.1,81,25.8,21.6
2026-08-08T10:40:00+05:30,2026-08-08 10:40:00,,,,4.7,14.8,21.9,92,0,0,0,2,2,625.1,,3,328,25.1,81,25.8,21.6
2026-08-08T10:35:00+05:30,2026-08-08 10:35:00,,,,4.7,9.3,21.9,95,0,0,0,2,2,625.1,,4,416,25,81,25.7,21.5
2026-08-08T10:31:00+05:30,2026-08-08 10:31:00,,,,6.1,13,21.9,118,0,0,0,2,2,625.1,,2,287.3,25,81,25.7,21.5
2026-08-08T10:25:00+05:30,2026-08-08 10:25:00,,,,0,1.8,21.9,82,0,0,0,2,2,625.1,,4,437.7,25,81,25.7,21.5
2026-08-08T10:20:00+05:30,2026-08-08 10:20:00,,,,6.1,9.3,21.9,144,0,0,0,2,2,625.1,,1,203.7,24.9,81,25.6,21.4
2026-08-08T10:15:00+05:30,2026-08-08 10:15:00,,,,0.3,9.3,21.9,76,0,0,0,2,2,625.1,,1,165.2,24.9,81,25.6,21.4
2026-08-08T10:10:00+05:30,2026-08-08 10:10:00,,,,0,7.2,21.9,98,0,0,0,2,2,625.1,,2,225.1,24.9,81,25.6,21.4
2026-08-08T10:05:00+05:30,2026-08-08 10:05:00,,,,0,0,21.9,86,0,0,0,2,2,625.1,,2,269.6,24.9,81,25.6,21.4
2026-08-08T10:00:00+05:30,2026-08-08 10:00:00,,,,0,7.2,21.9,98,0,0,0,2,2,625.1,,2,275.4,24.8,81,25.4,21.3
2026-08-08T09:55:00+05:30,2026-08-08 09:55:00,,,,5,11.1,21.9,74,0,0,0,2,2,625.1,,2,289.2,24.8,81,25.4,21.3
2026-08-08T09:50:00+05:30,2026-08-08 09:50:00,,,,1.1,9.3,21.9,79,0,0,0,2,2,625.1,,8,878.1,24.8,81,25.4,21.3
2026-08-08T09:45:00+05:30,2026-08-08 09:45:00,,,,0.6,5.5,21.9,69,0,0,0,2,2,625.1,,2,258.2,24.8,81,25.4,21.3
2026-08-08T09:40:00+05:30,2026-08-08 09:40:00,,,,0.3,5.5,21.9,80,0,0,0,2,2,625.1,,2,231.7,24.8,80,25.4,21.1
2026-08-08T09:35:00+05:30,2026-08-08 09:35:00,,,,11.1,14.8,21.9,58,0,0,0,2,2,625.1,,1,177.5,24.8,81,25.4,21.3
2026-08-08T09:30:00+05:30,2026-08-08 09:30:00,,,,1.1,9.3,21.9,70,0,0,0,2,2,625.1,,1,137.8,24.7,81,25.4,21.2
2026-08-08T09:26:00+05:30,2026-08-08 09:26:00,,,,4.3,7.2,21.9,110,0,0,0,2,2,625.1,,1,124.2,24.7,81,25.4,21.2
2026-08-08T09:20:00+05:30,2026-08-08 09:20:00,,,,0,9.3,21.9,72,0,0,0,2,2,625.1,,1,108.3,24.7,81,25.4,21.2
2026-08-08T09:15:00+05:30,2026-08-08 09:15:00,,,,0,1.8,21.9,63,0,0,0,2,2,625.1,,1,148.3,24.7,81,25.4,21.2
2026-08-08T09:10:00+05:30,2026-08-08 09:10:00,,,,2.6,5.5,21.9,76,0,0,0,2,2,625.1,,1,135.3,24.7,81,25.4,21.2
2026-08-08T09:05:00+05:30,2026-08-08 09:05:00,,,,0.3,3.5,21.9,105,0,0,0,2,2,625.1,,1,116.6,24.7,81,25.4,21.2
2026-08-08T09:00:00+05:30,2026-08-08 09:00:00,,,,2.9,9.3,21.9,91,0,0,0,2,2,625.1,,1,143.7,24.6,81,25.2,21.1
2026-08-08T08:55:00+05:30,2026-08-08 08:55:00,,,,0,7.2,21.9,82,0,0,0,2,2,625.1,,1,113.8,24.7,81,25.4,21.2
2026-08-08T08:50:00+05:30,2026-08-08 08:50:00,,,,0,0,21.9,93,0,0,0,2,2,625.1,,1,118,24.7,81,25.4,21.2
2026-08-08T08:45:00+05:30,2026-08-08 08:45:00,,,,6.1,9.3,21.9,90,0,0,0,2,2,625.1,,1,136.6,24.6,81,25.2,21.1
2026-08-08T08:40:00+05:30,2026-08-08 08:40:00,,,,0,7.2,21.9,74,0,0,0,2,2,625.1,,1,122.8,24.6,80,25.2,20.9
2026-08-08T08:35:00+05:30,2026-08-08 08:35:00,,,,0,1.8,21.9,96,0,0,0,2,2,625.1,,1,105.8,24.6,80,25.2,20.9
2026-08-08T08:30:00+05:30,2026-08-08 08:30:00,,,,3.5,16.6,21.9,89,0,0,0,2,2,625.1,,0,81.1,24.6,80,25.2,20.9
2026-08-08T08:25:00+05:30,2026-08-08 08:25:00,,,,0,0,21.9,85,0,0,0,2,2,625.1,,0,96.1,24.6,80,25.2,20.9
2026-08-08T08:20:00+05:30,2026-08-08 08:20:00,,,,0,0,21.9,78,0,0,0,2,2,625.1,,1,105.3,24.6,80,25.2,20.9
2026-08-08T08:15:00+05:30,2026-08-08 08:15:00,,,,0,0,21.9,70,0,0,0,2,2,625.1,,0,86.4,24.6,80,25.2,20.9
2026-08-08T08:10:00+05:30,2026-08-08 08:10:00,,,,0,0,21.9,81,0,0,0,2,2,625.1,,1,122.3,24.6,80,25.2,20.9
2026-08-08T08:06:00+05:30,2026-08-08 08:06:00,,,,1.4,9.3,21.9,98,0,0,0,2,2,625.1,,0,89.8,24.6,79,25.2,20.7
2026-08-08T08:00:00+05:30,2026-08-08 08:00:00,,,,0,3.5,21.9,86,0,0,0,2,2,625.1,,0,40.2,24.6,79,25.2,20.7
2026-08-08T07:55:00+05:30,2026-08-08 07:55:00,,,,4.7,11.1,21.9,84,0,0,0,2,2,625.1,,0,41.5,24.6,79,25.2,20.7
2026-08-08T07:50:00+05:30,2026-08-08 07:50:00,,,,0,0,21.9,71,0,0,0,2,2,625.1,,0,38.8,24.6,79,25.2,20.7
2026-08-08T07:45:00+05:30,2026-08-08 07:45:00,,,,0,13,21.9,97,0,0,0,2,2,625.1,,0,24.1,24.6,79,25.2,20.7
2026-08-08T07:40:00+05:30,2026-08-08 07:40:00,,,,1.4,14.8,21.9,92,0,0,0,2,2,625.1,,0,34,24.6,79,25.2,20.7
2026-08-08T07:35:00+05:30,2026-08-08 07:35:00,,,,0,0,21.9,67,0,0,0,2,2,625.1,,0,39,24.6,79,25.2,20.7
2026-08-08T07:30:00+05:30,2026-08-08 07:30:00,,,,0,7.2,21.9,77,0,0,0,2,2,625.1,,0,32.5,24.6,79,25.2,20.7
2026-08-08T07:25:00+05:30,2026-08-08 07:25:00,,,,2.1,13,21.9,81,0,0,0,2,2,625.1,,0,20.3,24.6,79,25.2,20.7
2026-08-08T07:20:00+05:30,2026-08-08 07:20:00,,,,0,9.3,21.9,88,0,0,0,2,2,625.1,,0,13,24.6,79,25.2,20.7
2026-08-08T07:15:00+05:30,2026-08-08 07:15:00,,,,0,9.3,21.9,68,0,0,0,2,2,625.1,,0,15.7,24.6,79,25.2,20.7
2026-08-08T07:10:00+05:30,2026-08-08 07:10:00,,,,0,7.2,21.9,42,0,0,0,2,2,625.1,,0,17.1,24.6,79,25.2,20.7
2026-08-08T07:05:00+05:30,2026-08-08 07:05:00,,,,0,9.3,21.9,67,0,0,0,2,2,625.1,,0,29.7,24.6,79,25.2,20.7
2026-08-08T07:01:00+05:30,2026-08-08 07:01:00,,,,0,0,21.9,73,0,0,0,2,2,625.1,,0,25.2,24.7,79,25.3,20.8
2026-08-08T06:55:00+05:30,2026-08-08 06:55:00,,,,0,0,21.9,62,0,0,0,2,2,625.1,,0,17.6,24.6,79,25.2,20.7
2026-08-08T06:50:00+05:30,2026-08-08 06:50:00,,,,0.3,5.5,21.9,73,0,0,0,2,2,625.1,,0,18.9,24.6,79,25.2,20.7
2026-08-08T06:45:00+05:30,2026-08-08 06:45:00,,,,0,9.3,21.9,94,0,0,0,2,2,625.1,,0,20.7,24.7,79,25.3,20.8
2026-08-08T06:40:00+05:30,2026-08-08 06:40:00,,,,0,3.5,21.9,69,0,0,0,2,2,625.1,,0,21.5,24.6,79,25.2,20.7
2026-08-08T06:35:00+05:30,2026-08-08 06:35:00,,,,5.5,11.1,21.9,91,0,0,0,2,2,625.1,,0,19.1,24.7,79,25.3,20.8
2026-08-08T06:30:00+05:30,2026-08-08 06:30:00,,,,0,3.5,21.9,72,0,0,0,2,2,625.1,,0,18.2,24.7,79,25.3,20.8
2026-08-08T06:25:00+05:30,2026-08-08 06:25:00,,,,5.5,9.3,21.9,121,0,0,0,2,2,625.1,,0,14.7,24.7,79,25.3,20.8
2026-08-08T06:20:00+05:30,2026-08-08 06:20:00,,,,0,0,21.9,71,0,0,0,2,2,625.1,,0,12.9,24.7,79,25.3,20.8
2026-08-08T06:15:00+05:30,2026-08-08 06:15:00,,,,0.3,3.5,21.9,71,0,0,0,2,2,625.1,,0,10.1,24.7,79,25.3,20.8
2026-08-08T06:10:00+05:30,2026-08-08 06:10:00,,,,0,0,21.9,56,0,0,0,2,2,625.1,,0,6.3,24.7,79,25.3,20.8
2026-08-08T06:05:00+05:30,2026-08-08 06:05:00,,,,0,0,21.9,89,0,0,0,2,2,625.1,,0,2.1,24.7,79,25.3,20.8
2026-08-08T06:00:00+05:30,2026-08-08 06:00:00,,,,0,7.2,21.9,71,0,0,0,2,2,625.1,,0,1.3,24.7,79,25.3,20.8
2026-08-08T05:56:00+05:30,2026-08-08 05:56:00,,,,0,7.2,21.9,78,0,0,0,2,2,625.1,,0,0.5,24.7,79,25.3,20.8
2026-08-08T05:50:00+05:30,2026-08-08 05:50:00,,,,2.1,5.5,21.9,78,0,0,0,2,2,625.1,,0,0.2,24.7,79,25.3,20.8
2026-08-08T05:45:00+05:30,2026-08-08 05:45:00,,,,0,3.5,21.9,71,0,0,0,2,2,625.1,,0,0,24.7,79,25.3,20.8
2026-08-08T05:40:00+05:30,2026-08-08 05:40:00,,,,0,0,21.9,88,0,0,0,2,2,625.1,,0,0,24.7,79,25.3,20.8
2026-08-08T05:35:00+05:30,2026-08-08 05:35:00,,,,0,0,21.9,71,0,0,0,2,2,625.1,,0,0,24.7,79,25.3,20.8
2026-08-08T05:30:00+05:30,2026-08-08 05:30:00,,,,0,0,21.9,71,0,0,0,2,2,625.1,,0,0,24.7,79,25.3,20.8
2026-08-08T05:25:00+05:30,2026-08-08 05:25:00,,,,0,5.5,21.9,71,0,0,0,2,2,625.1,,0,0,24.7,79,25.3,20.8
2026-08-08T05:20:00+05:30,2026-08-08 05:20:00,,,,0,0,21.9,77,0,0,0,2,2,625.1,,0,0,24.7,79,25.3,20.8
2026-08-08T05:15:00+05:30,2026-08-08 05:15:00,,,,0,0,21.9,88,0,0,0,2,2,625.1,,0,0,24.7,79,25.3,20.8
2026-08-08T05:10:00+05:30,2026-08-08 05:10:00,,,,0,7.2,21.9,71,0,0,0,2,2,625.1,,0,0,24.7,79,25.3,20.8
2026-08-08T05:05:00+05:30,2026-08-08 05:05:00,,,,0,0,21.9,71,0,0,0,2,2,625.1,,0,0,24.7,79,25.3,20.8
2026-08-08T05:00:00+05:30,2026-08-08 05:00:00,,,,0,1.8,21.9,67,0,0,0,2,2,625.1,,0,0,24.7,79,25.3,20.8
2026-08-08T04:55:00+05:30,2026-08-08 04:55:00,,,,0,0,21.9,62,0,0,0,2,2,625.1,,0,0,24.8,79,25.4,20.9
2026-08-08T04:51:00+05:30,2026-08-08 04:51:00,,,,0,9.3,21.9,64,0,0,0,2,2,625.1,,0,0,24.7,79,25.3,20.8
2026-08-08T04:45:00+05:30,2026-08-08 04:45:00,,,,0,3.5,21.9,65,0,0,0,2,2,625.1,,0,0,24.8,79,25.4,20.9
2026-08-08T04:40:00+05:30,2026-08-08 04:40:00,,,,0,3.5,21.9,106,0,0,0,2,2,625.1,,0,0,24.7,79,25.3,20.8
2026-08-08T04:35:00+05:30,2026-08-08 04:35:00,,,,0,9.3,21.9,80,0,0,0,2,2,625.1,,0,0,24.8,79,25.4,20.9
2026-08-08T04:30:00+05:30,2026-08-08 04:30:00,,,,0,3.5,21.9,106,0,0,0,2,2,625.1,,0,0,24.7,79,25.3,20.8
2026-08-08T04:25:00+05:30,2026-08-08 04:25:00,,,,0.3,3.5,21.9,60,0,0,0,2,2,625.1,,0,0,24.8,79,25.4,20.9
2026-08-08T04:20:00+05:30,2026-08-08 04:20:00,,,,5.5,9.3,21.9,105,0,0,0,2,2,625.1,,0,0,24.8,79,25.4,20.9
2026-08-08T04:15:00+05:30,2026-08-08 04:15:00,,,,0,7.2,21.9,75,0,0,0,2,2,625.1,,0,0,24.8,79,25.4,20.9
2026-08-08T04:10:00+05:30,2026-08-08 04:10:00,,,,1.1,7.2,21.9,83,0,0,0,2,2,625.1,,0,0,24.8,79,25.4,20.9
2026-08-08T04:05:00+05:30,2026-08-08 04:05:00,,,,0,0,21.9,70,0,0,0,2,2,625.1,,0,0,24.8,79,25.4,20.9
2026-08-08T04:00:00+05:30,2026-08-08 04:00:00,,,,0,0,21.9,84,0,0,0,2,2,625.1,,0,0,24.8,79,25.4,20.9
2026-08-08T03:55:00+05:30,2026-08-08 03:55:00,,,,0,0,21.9,74,0,0,0,2,2,625.1,,0,0,24.8,79,25.4,20.9
2026-08-08T03:50:00+05:30,2026-08-08 03:50:00,,,,1.4,7.2,21.9,82,0,0,0,2,2,625.1,,0,0,24.8,79,25.4,20.9
2026-08-08T03:45:00+05:30,2026-08-08 03:45:00,,,,1.8,7.2,21.9,79,0,0,0,2,2,625.1,,0,0,24.8,79,25.4,20.9
2026-08-08T03:40:00+05:30,2026-08-08 03:40:00,,,,1.4,7.2,21.9,85,0,0,0,2,2,625.1,,0,0,24.8,79,25.4,20.9
2026-08-08T03:35:00+05:30,2026-08-08 03:35:00,,,,0,3.5,21.9,80,0,0,0,2,2,625.1,,0,0,24.8,79,25.4,20.9
2026-08-08T03:31:00+05:30,2026-08-08 03:31:00,,,,4.7,13,21.9,84,0,0,0,2,2,625.1,,0,0,24.8,79,25.4,20.9
2026-08-08T03:25:00+05:30,2026-08-08 03:25:00,,,,5.5,14.8,21.9,96,0,0,0,2,2,625.1,,0,0,24.8,79,25.4,20.9
2026-08-08T03:20:00+05:30,2026-08-08 03:20:00,,,,0,9.3,21.9,96,0,0,0,2,2,625.1,,0,0,24.8,79,25.4,20.9
2026-08-08T03:15:00+05:30,2026-08-08 03:15:00,,,,0,5.5,21.9,69,0,0,0,2,2,625.1,,0,0,24.8,79,25.4,20.9
2026-08-08T03:10:00+05:30,2026-08-08 03:10:00,,,,0,9.3,21.9,73,0,0,0,2,2,625.1,,0,0,24.8,79,25.4,20.9
2026-08-08T03:05:00+05:30,2026-08-08 03:05:00,,,,4,7.2,21.9,97,0,0,0,2,2,625.1,,0,0,24.8,79,25.4,20.9
2026-08-08T03:00:00+05:30,2026-08-08 03:00:00,,,,0,5.5,21.9,73,0,0,0,2,2,625.1,,0,0,24.8,79,25.4,20.9
2026-08-08T02:55:00+05:30,2026-08-08 02:55:00,,,,1.8,7.2,21.9,78,0,0,0,2,2,625.1,,0,0,24.8,79,25.4,20.9
2026-08-08T02:50:00+05:30,2026-08-08 02:50:00,,,,2.1,9.3,21.9,86,0,0,0,2,2,625.1,,0,0,24.8,79,25.4,20.9
2026-08-08T02:45:00+05:30,2026-08-08 02:45:00,,,,5.5,9.3,21.9,102,0,0,0,2,2,625.1,,0,0,24.8,79,25.4,20.9
2026-08-08T02:40:00+05:30,2026-08-08 02:40:00,,,,3.5,13,21.9,86,0,0,0,2,2,625.1,,0,0,24.9,79,25.5,21
2026-08-08T02:35:00+05:30,2026-08-08 02:35:00,,,,1.1,7.2,21.9,65,0,0,0,2,2,625.1,,0,0,24.8,79,25.4,20.9
2026-08-08T02:30:00+05:30,2026-08-08 02:30:00,,,,0.3,7.2,21.9,114,0,0,0,2,2,625.1,,0,0,24.9,79,25.5,21
2026-08-08T02:26:00+05:30,2026-08-08 02:26:00,,,,0,0,21.9,85,0,0,0,2,2,625.1,,0,0,24.9,79,25.5,21
2026-08-08T02:20:00+05:30,2026-08-08 02:20:00,,,,4.3,7.2,21.9,98,0,0,0,2,2,625.1,,0,0,24.9,78,25.4,20.8
2026-08-08T02:15:00+05:30,2026-08-08 02:15:00,,,,1.8,7.2,21.9,78,0,0,0,2,2,625.1,,0,0,24.9,78,25.4,20.8
2026-08-08T02:10:00+05:30,2026-08-08 02:10:00,,,,8.7,20.1,21.9,112,0,0,0,2,2,625.1,,0,0,24.9,78,25.4,20.8
2026-08-08T02:05:00+05:30,2026-08-08 02:05:00,,,,1.8,7.2,21.9,84,0,0,0,2,2,625.1,,0,0,24.9,78,25.4,20.8
2026-08-08T02:00:00+05:30,2026-08-08 02:00:00,,,,0,9.3,21.9,76,0,0,0,2,2,625.1,,0,0,24.9,78,25.4,20.8
2026-08-08T01:55:00+05:30,2026-08-08 01:55:00,,,,3.5,16.6,21.9,89,0,0,0,2,2,625.1,,0,0,25,78,25.6,20.9
2026-08-08T01:50:00+05:30,2026-08-08 01:50:00,,,,7.9,14.8,21.9,109,0,0,0,2,2,625.1,,0,0,25,78,25.6,20.9
2026-08-08T01:45:00+05:30,2026-08-08 01:45:00,,,,6.1,13,21.9,85,0,0,0,2,2,625.1,,0,0,24.9,78,25.4,20.8
2026-08-08T01:40:00+05:30,2026-08-08 01:40:00,,,,5.5,11.1,21.9,51,0,0,0,2,2,625.1,,0,0,25,78,25.6,20.9
2026-08-08T01:35:00+05:30,2026-08-08 01:35:00,,,,4.3,9.3,21.9,63,0,0,0,2,2,625.1,,0,0,25,78,25.6,20.9
2026-08-08T01:30:00+05:30,2026-08-08 01:30:00,,,,4,18.3,21.9,71,0,0,0,2,2,625.1,,0,0,25,78,25.6,20.9
2026-08-08T01:25:00+05:30,2026-08-08 01:25:00,,,,0,9.3,21.9,70,0,0,0,2,2,625.1,,0,0,25,78,25.6,20.9
2026-08-08T01:21:00+05:30,2026-08-08 01:21:00,,,,0,7.2,16.6,88,0,0,0,2,2,625.1,,0,0,25,78,25.6,20.9
2026-08-08T01:15:00+05:30,2026-08-08 01:15:00,,,,0,9.3,16.6,102,0,0,0,2,2,625.1,,0,0,25,78,25.6,20.9
2026-08-08T01:10:00+05:30,2026-08-08 01:10:00,,,,6.1,11.1,16.6,100,0,0,0,2,2,625.1,,0,0,25,78,25.6,20.9
2026-08-08T01:05:00+05:30,2026-08-08 01:05:00,,,,8.7,14.8,16.6,113,0,0,0,2,2,625.1,,0,0,25,78,25.6,20.9
2026-08-08T01:00:00+05:30,2026-08-08 01:00:00,,,,9,16.6,16.6,109,0,0,0,2,2,625.1,,0,0,25,78,25.6,20.9
2026-08-08T00:55:00+05:30,2026-08-08 00:55:00,,,,0,5.5,16.6,66,0,0,0,2,2,625.1,,0,0,25,78,25.6,20.9
2026-08-08T00:50:00+05:30,2026-08-08 00:50:00,,,,5.8,13,16.6,78,0,0,0,2,2,625.1,,0,0,25,78,25.6,20.9
2026-08-08T00:45:00+05:30,2026-08-08 00:45:00,,,,1.1,9.3,13,68,0,0,0,2,2,625.1,,0,0,25,78,25.6,20.9
2026-08-08T00:40:00+05:30,2026-08-08 00:40:00,,,,0,9.3,13,92,0,0,0,2,2,625.1,,0,0,25,78,25.6,20.9
2026-08-08T00:35:00+05:30,2026-08-08 00:35:00,,,,4.3,11.1,13,82,0,0,0,2,2,625.1,,0,0,25.1,78,25.7,21
2026-08-08T00:30:00+05:30,2026-08-08 00:30:00,,,,1.4,11.1,13,90,0,0,0,2,2,625.1,,0,0,25.1,78,25.7,21
2026-08-08T00:25:00+05:30,2026-08-08 00:25:00,,,,4.3,7.2,13,124,0,0,0,2,2,625.1,,0,0,25.1,78,25.7,21
2026-08-08T00:20:00+05:30,2026-08-08 00:20:00,,,,3.5,13,13,118,0,0,0,2,2,625.1,,0,0,25.1,78,25.7,21
2026-08-08T00:15:00+05:30,2026-08-08 00:15:00,,,,0,11.1,11.1,85,0,0,0,2,2,625.1,,0,0,25.1,78,25.7,21
2026-08-08T00:10:00+05:30,2026-08-08 00:10:00,,,,0,0,11.1,79,0,0,0,2,2,625.1,,0,0,25.1,78,25.7,21
2026-08-08T00:05:00+05:30,2026-08-08 00:05:00,,,,0,0,11.1,86,0,0,0,2,2,625.1,,0,0,25.1,78,25.7,21
2026-08-08T00:00:00+05:30,2026-08-08 00:00:00,,,,6.1,9.3,25.6,80,0,0,1,2,2,625.1,,0,0,25.2,78,25.8,21.1
2026-08-07T23:55:00+05:30,2026-08-07 23:55:00,,,,0,0,25.6,73,0,0,1,2,2,625.1,,0,0,25.1,78,25.7,21
2026-08-07T23:50:00+05:30,2026-08-07 23:50:00,,,,12.2,16.6,25.6,117,0,0,1,2,2,625.1,,0,0,25.1,78,25.7,21
2026-08-07T23:45:00+05:30,2026-08-07 23:45:00,,,,6.9,9.3,25.6,111,0,0,1,2,2,625.1,,0,0,25.2,78,25.8,21.1
2026-08-07T23:40:00+05:30,2026-08-07 23:40:00,,,,1.8,5.5,25.6,84,0,0,1,2,2,625.1,,0,0,25.2,78,25.8,21.1
2026-08-07T23:35:00+05:30,2026-08-07 23:35:00,,,,0,3.5,25.6,78,0,0,1,2,2,625.1,,0,0,25.2,78,25.8,21.1
2026-08-07T23:30:00+05:30,2026-08-07 23:30:00,,,,5,7.2,25.6,108,0,0,1,2,2,625.1,,0,0,25.2,78,25.8,21.1
2026-08-07T23:25:00+05:30,2026-08-07 23:25:00,,,,4,11.1,25.6,93,0,0,1,2,2,625.1,,0,0,25.2,78,25.8,21.1
2026-08-07T23:20:00+05:30,2026-08-07 23:20:00,,,,0,0,25.6,82,0,0,1,2,2,625.1,,0,0,25.2,78,25.8,21.1
2026-08-07T23:15:00+05:30,2026-08-07 23:15:00,,,,0,5.5,25.6,81,0,0,1,2,2,625.1,,0,0,25.3,78,25.9,21.2
2026-08-07T23:10:00+05:30,2026-08-07 23:10:00,,,,7.9,20.1,25.6,95,0,0,1,2,2,625.1,,0,0,25.3,78,25.9,21.2
2026-08-07T23:05:00+05:30,2026-08-07 23:05:00,,,,0,7.2,25.6,122,0,0,1,2,2,625.1,,0,0,25.3,77,25.9,20.9
2026-08-07T23:00:00+05:30,2026-08-07 23:00:00,,,,0.3,3.5,25.6,116,0,0,1,2,2,625.1,,0,0,25.3,77,25.9,20.9
2026-08-07T22:56:00+05:30,2026-08-07 22:56:00,,,,0,0,25.6,78,0,0,1,2,2,625.1,,0,0,25.3,77,25.9,20.9
2026-08-07T22:50:00+05:30,2026-08-07 22:50:00,22.7,23.6,22.4,0,0,25.6,72,0,0,1,2,2,625.1,98,0,0,25.3,77,25.9,20.9
2026-08-07T22:45:00+05:30,2026-08-07 22:45:00,22.8,23.7,22.4,0,5.5,25.6,68,0,0,1,2,2,625.1,98,0,0,25.3,77,25.9,20.9
2026-08-07T22:40:00+05:30,2026-08-07 22:40:00,22.8,23.6,22.3,0,0,25.6,76,0,0,1,2,2,625.1,97,0,0,25.3,77,25.9,20.9
2026-08-07T22:35:00+05:30,2026-08-07 22:35:00,22.8,23.6,22.3,0,0,25.6,69,0,0,1,2,2,625.1,97,0,0,25.4,77,26,21.1
2026-08-07T22:30:00+05:30,2026-08-07 22:30:00,23.1,24,22.6,0,0,25.6,75,0,0,1,2,2,625.1,97,0,0,25.3,76,25.8,20.7
2026-08-07T22:25:00+05:30,2026-08-07 22:25:00,23.2,24.1,22.4,0,0,25.6,53,0,0,1,2,2,625.1,95,0,0,25.4,76,25.9,20.8
2026-08-07T22:20:00+05:30,2026-08-07 22:20:00,23.3,24.1,22.3,0,3.5,25.6,74,0,0,1,2,2,625.1,94,0,0,25.3,76,25.8,20.7
2026-08-07T22:15:00+05:30,2026-08-07 22:15:00,23.6,24.4,22.2,0,0,25.6,71,0,0,1,2,2,625.1,92,0,0,25.4,76,25.9,20.8
2026-08-07T22:10:00+05:30,2026-08-07 22:10:00,23.9,24.7,22.3,0,0,25.6,72,0,0,1,2,2,625.1,91,0,0,25.4,76,25.9,20.8
2026-08-07T22:05:00+05:30,2026-08-07 22:05:00,23.9,24.7,22,3.5,5.5,25.6,100,0,0,1,2,2,625.1,89,0,0,25.4,76,25.9,20.8
2026-08-07T22:00:00+05:30,2026-08-07 22:00:00,24,24.8,22.1,0,0,25.6,72,0,0,1,2,2,625.1,89,0,0,25.4,76,25.9,20.8
2026-08-07T21:55:00+05:30,2026-08-07 21:55:00,24,24.8,21.9,0,3.5,25.6,66,0,0,1,2,2,625.1,88,0,0,25.4,75,25.9,20.6
2026-08-07T21:51:00+05:30,2026-08-07 21:51:00,24.1,24.9,22,0,5.5,25.6,74,0,0,1,2,2,625.1,88,0,0,25.4,75,25.9,20.6
2026-08-07T21:45:00+05:30,2026-08-07 21:45:00,24.1,24.8,21.8,0.3,5.5,25.6,82,0,0,1,2,2,625.1,87,0,0,25.4,75,25.9,20.6
2026-08-07T21:40:00+05:30,2026-08-07 21:40:00,24.1,24.8,21.8,0.3,1.8,25.6,72,0,0,1,2,2,625.1,87,0,0,25.5,75,26.1,20.7
2026-08-07T21:35:00+05:30,2026-08-07 21:35:00,24.1,24.8,21.8,0,5.5,25.6,82,0,0,1,2,2,625.1,87,0,0,25.4,75,25.9,20.6
2026-08-07T21:30:00+05:30,2026-08-07 21:30:00,24,24.7,21.7,0,0,25.6,83,0,0,1,2,2,625.1,87,0,0,25.5,75,26.1,20.7
2026-08-07T21:25:00+05:30,2026-08-07 21:25:00,24,24.7,21.7,0,0,25.6,77,0,0,1,2,2,625.1,87,0,0,25.5,75,26.1,20.7
2026-08-07T21:20:00+05:30,2026-08-07 21:20:00,24,24.7,21.7,0,0,25.6,71,0,0,1,2,2,625.1,87,0,0,25.4,75,25.9,20.6
2026-08-07T21:15:00+05:30,2026-08-07 21:15:00,24,24.7,21.7,2.9,5.5,25.6,70,0,0,1,2,2,625.1,87,0,0,25.5,75,26.1,20.7
2026-08-07T21:10:00+05:30,2026-08-07 21:10:00,24,24.7,21.7,0,1.8,25.6,68,0,0,1,2,2,625.1,87,0,0,25.5,75,26.1,20.7
2026-08-07T21:05:00+05:30,2026-08-07 21:05:00,24,24.7,21.7,0,1.8,25.6,111,0,0,1,2,2,625.1,87,0,0,25.5,75,26.1,20.7
2026-08-07T21:00:00+05:30,2026-08-07 21:00:00,24,24.7,21.7,0,0,25.6,72,0,0,1,2,2,625.1,87,0,0,25.5,75,26.1,20.7
2026-08-07T20:55:00+05:30,2026-08-07 20:55:00,24,24.7,21.7,2.6,5.5,25.6,104,0,0,1,2,2,625.1,87,0,0,25.5,75,26.1,20.7
2026-08-07T20:50:00+05:30,2026-08-07 20:50:00,24,24.7,21.7,0,3.5,25.6,74,0,0,1,2,2,625.1,87,0,0,25.5,75,26.1,20.7
2026-08-07T20:46:00+05:30,2026-08-07 20:46:00,23.9,24.6,21.6,4,5.5,25.6,113,0,0,1,2,2,625.1,87,0,0,25.5,75,26.1,20.7
2026-08-07T20:40:00+05:30,2026-08-07 20:40:00,23.9,24.6,21.6,0,0,25.6,72,0,0,1,2,2,625.1,87,0,0,25.5,75,26.1,20.7
2026-08-07T20:35:00+05:30,2026-08-07 20:35:00,23.8,24.5,21.5,0,5.5,25.6,72,0,0,1,2,2,625.1,87,0,0,25.5,75,26.1,20.7
2026-08-07T20:30:00+05:30,2026-08-07 20:30:00,23.8,24.5,21.5,0.3,5.5,25.6,74,0,0,1,2,2,625.1,87,0,0,25.5,75,26.1,20.7
2026-08-07T20:25:00+05:30,2026-08-07 20:25:00,23.9,24.6,21.8,0,0,25.6,73,0,0,1,2,2,625.1,88,0,0,25.5,75,26.1,20.7
2026-08-07T20:20:00+05:30,2026-08-07 20:20:00,23.9,24.6,21.6,0,0,25.6,86,0,0,1,2,2,625.1,87,0,0,25.5,75,26.1,20.7
2026-08-07T20:15:00+05:30,2026-08-07 20:15:00,23.9,24.6,21.6,1.4,5.5,25.6,100,0,0,1,2,2,625.1,87,0,0,25.6,75,26.2,20.8
2026-08-07T20:10:00+05:30,2026-08-07 20:10:00,24,24.7,21.7,0,9.3,25.6,71,0,0,1,2,2,625.1,87,0,0,25.6,75,26.2,20.8
2026-08-07T20:05:00+05:30,2026-08-07 20:05:00,24.1,24.8,21.6,0,9.3,25.6,96,0,0,1,2,2,625.1,86,0,0,25.6,75,26.2,20.8
2026-08-07T20:00:00+05:30,2026-08-07 20:00:00,24.1,24.8,21.6,3.5,14.8,25.6,67,0,0,1,2,2,625.1,86,0,0,25.6,75,26.2,20.8
2026-08-07T19:55:00+05:30,2026-08-07 19:55:00,24.1,24.8,21.6,0,13,25.6,78,0,0,1,2,2,625.1,86,0,0,25.6,75,26.2,20.8
2026-08-07T19:50:00+05:30,2026-08-07 19:50:00,24.1,24.8,21.6,1.4,11.1,25.6,98,0,0,1,2,2,625.1,86,0,0,25.7,75,26.3,20.9
2026-08-07T19:45:00+05:30,2026-08-07 19:45:00,24.1,24.8,21.6,0.3,7.2,25.6,92,0,0,1,2,2,625.1,86,0,0,25.7,75,26.3,20.9
2026-08-07T19:40:00+05:30,2026-08-07 19:40:00,24.1,24.8,21.4,5.8,13,25.6,92,0,0,1,2,2,625.1,85,0,0,25.7,75,26.3,20.9
2026-08-07T19:35:00+05:30,2026-08-07 19:35:00,24,24.7,21.5,0,3.5,25.6,85,0,0,1,2,2,625.1,86,0,0,25.8,75,26.4,21
2026-08-07T19:30:00+05:30,2026-08-07 19:30:00,24,24.7,21.5,0.3,11.1,25.6,97,0,0,1,2,2,625.1,86,0,0,25.8,75,26.4,21
2026-08-07T19:26:00+05:30,2026-08-07 19:26:00,24.1,24.8,21.6,0,5.5,25.6,78,0,0,1,2,2,625.1,86,0,0,25.8,75,26.4,21
2026-08-07T19:20:00+05:30,2026-08-07 19:20:00,24.1,24.8,21.4,2.6,7.2,25.6,102,0,0,1,2,2,625.1,85,0,0,25.9,75,26.5,21.1
2026-08-07T19:15:00+05:30,2026-08-07 19:15:00,24.1,24.8,21.4,4,11.1,25.6,103,0,0,1,2,2,625.1,85,0,0,25.9,75,26.5,21.1
2026-08-07T19:10:00+05:30,2026-08-07 19:10:00,24.2,24.9,21.5,0.6,3.5,25.6,83,0,0,1,2,2,625.1,85,0,0,25.9,75,26.5,21.1
2026-08-07T19:05:00+05:30,2026-08-07 19:05:00,24.2,24.9,21.5,0.3,5.5,25.6,72,0,0,1,2,2,625.1,85,0,0,25.9,75,26.5,21.1
2026-08-07T19:00:00+05:30,2026-08-07 19:00:00,24.3,25,21.6,1.8,5.5,25.6,92,0,0,1,2,2,625.1,85,0,0,26,75,26.6,21.2
2026-08-07T18:55:00+05:30,2026-08-07 18:55:00,24.4,25.1,21.7,0,0,25.6,70,0,0,1,2,2,625.1,85,0,0,26,75,26.6,21.2
2026-08-07T18:50:00+05:30,2026-08-07 18:50:00,24.5,25.2,21.6,0,0,25.6,72,0,0,1,2,2,625.1,84,0,0,26,75,26.6,21.2
2026-08-07T18:45:00+05:30,2026-08-07 18:45:00,24.5,25.2,21.8,0,0,25.6,109,0,0,1,2,2,625.1,85,0,0,26,75,26.6,21.2
2026-08-07T18:40:00+05:30,2026-08-07 18:40:00,24.5,25.2,21.8,0,0,25.6,80,0,0,1,2,2,625.1,85,0,0.1,26,75,26.6,21.2
2026-08-07T18:35:00+05:30,2026-08-07 18:35:00,24.5,25.3,22,0,0,25.6,73,0,0,1,2,2,625.1,86,0,0.2,26,75,26.6,21.2
2026-08-07T18:30:00+05:30,2026-08-07 18:30:00,24.6,25.4,22.1,0,0,25.6,96,0,0,1,2,2,625.1,86,0,0.6,26,75,26.6,21.2
2026-08-07T18:25:00+05:30,2026-08-07 18:25:00,24.8,25.5,22.1,0,1.8,25.6,78,0,0,1,2,2,625.1,85,0,1.4,26,75,26.6,21.2
2026-08-07T18:21:00+05:30,2026-08-07 18:21:00,24.8,25.5,21.9,0,5.5,25.6,76,0,0,1,2,2,625.1,84,0,2.7,26.1,75,26.7,21.3
2026-08-07T18:15:00+05:30,2026-08-07 18:15:00,24.8,25.5,21.9,0,0,25.6,52,0,0,1,2,2,625.1,84,0,5.4,26.1,75,26.7,21.3
2026-08-07T18:10:00+05:30,2026-08-07 18:10:00,24.8,25.5,21.9,0.3,5.5,25.6,105,0,0,1,2,2,625.1,84,0,7.4,26.1,75,26.7,21.3
2026-08-07T18:05:00+05:30,2026-08-07 18:05:00,24.9,25.7,22.2,0,5.5,25.6,81,0,0,1,2,2,625.1,85,0,12,26.1,75,26.7,21.3
2026-08-07T18:00:00+05:30,2026-08-07 18:00:00,25,25.8,22.3,0,1.8,25.6,70,0,0,1,2,2,625.1,85,0,16.4,26.1,75,26.7,21.3
2026-08-07T17:55:00+05:30,2026-08-07 17:55:00,25.1,25.9,22.2,0,5.5,25.6,63,0,0,1,2,2,625.1,84,0,28.8,26.1,75,26.7,21.3
2026-08-07T17:50:00+05:30,2026-08-07 17:50:00,25.3,26,22.2,0,3.5,25.6,64,0,0,1,2,2,625.1,83,0,41.8,26.2,75,26.8,21.4
2026-08-07T17:45:00+05:30,2026-08-07 17:45:00,25.4,26.2,22.3,0.3,3.5,25.6,54,0,0,1,2,2,625.1,83,0,49.8,26.2,76,26.9,21.7
2026-08-07T17:40:00+05:30,2026-08-07 17:40:00,25.5,26.2,22.2,1.8,7.2,25.6,65,0,0,1,2,2,625.1,82,0,62.5,26.2,76,26.9,21.7
2026-08-07T17:35:00+05:30,2026-08-07 17:35:00,25.7,26.5,22.6,0,0,25.6,90,0,0,1,2,2,625.1,83,0,69.2,26.2,76,26.9,21.7
2026-08-07T17:30:00+05:30,2026-08-07 17:30:00,25.7,26.5,22.4,3.5,9.3,25.6,92,0,0,1,2,2,625.1,82,0,82.1,26.2,76,26.9,21.7
2026-08-07T17:25:00+05:30,2026-08-07 17:25:00,25.7,26.5,22.4,0.3,7.2,25.6,133,0,0,1,2,2,625.1,82,0,99.9,26.3,76,26.9,21.7
2026-08-07T17:20:00+05:30,2026-08-07 17:20:00,25.6,26.4,22.5,2.6,7.2,25.6,47,0,0,1,2,2,625.1,83,1,113.7,26.3,76,26.9,21.7
2026-08-07T17:16:00+05:30,2026-08-07 17:16:00,25.4,26.2,22.5,0,5.5,25.6,48,0,0,1,2,2,625.1,84,0,96.3,26.3,76,26.9,21.7
2026-08-07T17:10:00+05:30,2026-08-07 17:10:00,25.4,26.2,22.5,0,9.3,25.6,83,0,0,1,2,2,625.1,84,0,79.3,26.4,76,27.1,21.8
2026-08-07T17:05:00+05:30,2026-08-07 17:05:00,25.4,26.2,22.7,5.5,9.3,25.6,60,0,0,1,2,2,625.1,85,0,89.7,26.4,76,27.1,21.8
2026-08-07T17:00:00+05:30,2026-08-07 17:00:00,25.5,26.3,22.8,1.8,3.5,25.6,85,0,0,1,2,2,625.1,85,0,99.3,26.5,76,27.2,21.9
2026-08-07T16:55:00+05:30,2026-08-07 16:55:00,25.5,26.3,22.8,0.6,11.1,25.6,100,0,0,1,2,2,625.1,85,1,124.6,26.5,76,27.2,21.9
2026-08-07T16:50:00+05:30,2026-08-07 16:50:00,25.7,26.6,23,7.9,25.6,25.6,77,0,0,1,2,2,625.1,85,1,180.3,26.6,76,27.3,22
2026-08-07T16:45:00+05:30,2026-08-07 16:45:00,25.7,26.6,23,0,0,21.9,27,0,0,1,2,2,625.1,85,2,209.6,26.6,76,27.3,22
2026-08-07T16:40:00+05:30,2026-08-07 16:40:00,25.7,26.6,23.2,0,0,21.9,82,0,0,1,2,2,625.1,86,1,192.6,26.6,76,27.3,22
2026-08-07T16:35:00+05:30,2026-08-07 16:35:00,25.4,26.2,22.9,2.1,11.1,21.9,84,0,0,1,2,2,625.1,86,1,204.7,26.6,76,27.3,22
2026-08-07T16:30:00+05:30,2026-08-07 16:30:00,25.1,25.9,22.8,0,9.3,21.9,85,0,0,1,2,2,625.1,87,2,211.8,26.5,76,27.2,21.9
2026-08-07T16:25:00+05:30,2026-08-07 16:25:00,25.2,26.1,22.9,0.3,9.3,21.9,94,0,0,1,2,2,625.1,87,0,85.7,26.5,76,27.2,21.9
2026-08-07T16:20:00+05:30,2026-08-07 16:20:00,25.2,26,22.7,4.3,9.3,21.9,110,0,0,1,2,2,625.1,86,0,60.9,26.5,76,27.2,21.9
2026-08-07T16:15:00+05:30,2026-08-07 16:15:00,25.3,26.1,23,4.7,7.2,21.9,141,0,0,1,2,2,625.1,87,1,144.1,26.5,76,27.2,21.9
2026-08-07T16:11:00+05:30,2026-08-07 16:11:00,25.4,26.3,23.1,1.4,7.2,21.9,80,0,0,1,2,2,625.1,87,0,59,26.5,76,27.2,21.9
2026-08-07T16:05:00+05:30,2026-08-07 16:05:00,25.5,26.4,23,0,9.3,21.9,104,0,0,1,2,2,625.1,86,0,68.7,26.5,76,27.2,21.9
2026-08-07T16:00:00+05:30,2026-08-07 16:00:00,25.6,26.4,22.9,6.4,11.1,21.9,94,0,0,1,2,2,625.1,85,0,94.2,26.5,76,27.2,21.9
2026-08-07T15:55:00+05:30,2026-08-07 15:55:00,25.8,26.6,23.1,0.3,16.6,21.9,99,0,0,1,2,2,625.1,85,1,136.7,26.5,77,27.2,22.1
2026-08-07T15:50:00+05:30,2026-08-07 15:50:00,25.8,26.6,23.1,5.5,14.8,21.9,128,0,0,1,2,2,625.1,85,2,210.1,26.5,77,27.2,22.1
2026-08-07T15:45:00+05:30,2026-08-07 15:45:00,25.6,26.5,23.1,1.4,16.6,21.9,68,0,0,1,2,2,625.1,86,2,227.2,26.4,77,27.1,22
2026-08-07T15:43:00+05:30,2026-08-07 15:43:00,25.6,26.5,23.1,3.5,9.3,21.9,67,0,0,1,2,2,625.1,86,1,116.2,26.4,77,27.1,22
2026-08-07T15:35:00+05:30,2026-08-07 15:35:00,25.6,26.5,23.1,0,9.3,21.9,38,0,0,1,2,2,625.1,86,1,144.5,26.4,77,27.1,22
2026-08-07T15:30:00+05:30,2026-08-07 15:30:00,25.5,26.4,23,0,9.3,21.9,82,0,0,1,2,2,625.1,86,0,96.7,26.4,77,27.1,22
2026-08-07T15:25:00+05:30,2026-08-07 15:25:00,25.6,26.4,22.9,0.3,7.2,21.9,63,0,0,1,2,2,625.1,85,0,92.8,26.4,77,27.1,22
2026-08-07T15:20:00+05:30,2026-08-07 15:20:00,25.7,26.6,23.2,0,7.2,21.9,79,0,0,1,2,2,625.1,86,0,81.2,26.5,77,27.2,22.1
2026-08-07T15:15:00+05:30,2026-08-07 15:15:00,26,26.8,23.1,4.7,7.2,21.9,99,0,0,1,2,2,625.1,84,0,78.6,26.5,77,27.2,22.1
2026-08-07T15:10:00+05:30,2026-08-07 15:10:00,26.4,27.3,23.3,9.3,13,21.9,143,0,0,1,2,2,625.1,83,1,197,26.5,78,27.2,22.3
2026-08-07T15:05:00+05:30,2026-08-07 15:05:00,26.5,27.4,23.4,2.9,13,21.9,127,0,0,1,2,2,625.1,83,2,301.3,26.5,78,27.2,22.3
2026-08-07T15:00:00+05:30,2026-08-07 15:00:00,26.1,27,23.4,0.3,5.5,21.9,61,0,0,1,2,2,625.1,85,5,558.3,26.5,78,27.2,22.3
2026-08-07T14:55:00+05:30,2026-08-07 14:55:00,25.7,26.6,23.2,4,9.3,21.9,58,0,0,1,2,2,625.1,86,2,281.8,26.5,78,27.2,22.3
2026-08-07T14:50:00+05:30,2026-08-07 14:50:00,25.6,26.5,23.5,6.4,14.8,21.9,117,0,0,1,2,2,625.1,88,1,148,26.5,79,27.3,22.6
2026-08-07T14:46:00+05:30,2026-08-07 14:46:00,25.4,26.3,23.3,8.2,18.3,21.9,110,0,0,1,2,2,625.1,88,1,182.9,26.5,79,27.3,22.6
2026-08-07T14:40:00+05:30,2026-08-07 14:40:00,25.4,26.4,23.8,9.3,14.8,21.9,120,0,0,1,2,2,625.1,91,2,227.7,26.5,79,27.3,22.6
2026-08-07T14:35:00+05:30,2026-08-07 14:35:00,25.1,26.1,23.7,5.5,13,21.9,104,0,0,1,2,2,625.1,92,3,395.3,26.5,79,27.3,22.6
2026-08-07T14:30:00+05:30,2026-08-07 14:30:00,25.5,26.5,23.7,1.8,5.5,21.9,103,0,0,1,2,2,625.1,90,1,103.6,26.5,79,27.3,22.6
2026-08-07T14:25:00+05:30,2026-08-07 14:25:00,25.6,26.6,23.8,0,9.3,21.9,89,0,0.5,1,2,2,625.1,90,1,111.8,26.4,79,27.2,22.4
2026-08-07T14:20:00+05:30,2026-08-07 14:20:00,25.7,26.6,23.6,8.7,18.3,21.9,119,0,0.5,1,2,2,625.1,88,1,187.3,26.4,79,27.2,22.4
2026-08-07T14:15:00+05:30,2026-08-07 14:15:00,25.5,26.5,23.7,5.8,11.1,21.9,65,0,0.5,1,2,2,625.1,90,2,233.4,26.4,79,27.2,22.4
2026-08-07T14:10:00+05:30,2026-08-07 14:10:00,25.5,26.5,23.7,3.2,11.1,21.9,66,0,0.5,1,2,2,625.1,90,2,252.1,26.4,79,27.2,22.4
2026-08-07T14:05:00+05:30,2026-08-07 14:05:00,25.2,26.2,23.6,2.1,9.3,21.9,63,0,0.5,1,2,2,625.1,91,2,291.6,26.3,79,27,22.3
2026-08-07T14:00:00+05:30,2026-08-07 14:00:00,24.9,25.8,23.3,13.4,16.6,21.9,44,0,0.5,1,2,2,625.1,91,2,247.9,26.3,79,27,22.3
2026-08-07T13:55:00+05:30,2026-08-07 13:55:00,25,25.9,23.2,12.2,21.9,21.9,101,0,0.5,1,2,2,625.1,90,1,197.4,26.3,79,27,22.3
2026-08-07T13:50:00+05:30,2026-08-07 13:50:00,25.6,26.6,23.8,2.6,21.9,21.9,90,0,0.5,1,2,2,625.1,90,1,175.4,26.3,79,27,22.3
2026-08-07T13:45:00+05:30,2026-08-07 13:45:00,25.6,26.6,23.7,7.9,13,21.9,117,0,0.5,1,2,2,625.1,89,2,223.8,26.3,79,27,22.3
2026-08-07T13:41:00+05:30,2026-08-07 13:41:00,25.3,26.2,23.5,11.1,16.6,21.9,86,0,0.5,1,2,2,625.1,90,3,313.6,26.3,79,27,22.3
2026-08-07T13:35:00+05:30,2026-08-07 13:35:00,25.6,26.5,23.5,6.4,14.8,18.3,80,3,0.5,1,2,2,625.1,88,1,178.2,26.3,78,27,22.1
2026-08-07T13:30:00+05:30,2026-08-07 13:30:00,26.1,27,23.6,4.7,11.1,13,102,3,0.5,1,2,2,625.1,86,1,128.8,26.3,79,27,22.3
2026-08-07T13:20:00+05:30,2026-08-07 13:20:00,27.2,30.5,23.9,4.7,11.1,31.4,84,0,0,0.5,1.5,1.5,624.6,82,3,315.9,26.2,79,26.9,22.3
2026-08-07T13:15:00+05:30,2026-08-07 13:15:00,27.5,31,23.9,7.2,21.9,31.4,103,0,0,0.5,1.5,1.5,624.6,81,3,350.9,26.2,79,26.9,22.3
2026-08-07T13:10:00+05:30,2026-08-07 13:10:00,27.3,30.5,23.7,3.2,13,31.4,80,0,0,0.5,1.5,1.5,624.6,81,5,518,26.1,79,26.8,22.2
2026-08-07T13:05:00+05:30,2026-08-07 13:05:00,27.3,30.5,23.7,7.9,11.1,31.4,94,0,0,0.5,1.5,1.5,624.6,81,10,1067.1,26,79,26.7,22.1
2026-08-07T13:00:00+05:30,2026-08-07 13:00:00,26.9,29.8,23.7,0.3,14.8,31.4,107,0,0,0.5,1.5,1.5,624.6,83,5,565.2,26,79,26.7,22.1
2026-08-07T12:55:00+05:30,2026-08-07 12:55:00,26.7,29.5,24,0,13,31.4,6,0,0,0.5,1.5,1.5,624.6,85,3,356.3,25.9,79,26.6,21.9
2026-08-07T12:50:00+05:30,2026-08-07 12:50:00,26.6,27.5,23.9,4.7,20.1,31.4,112,0,0,0.5,1.5,1.5,624.6,85,4,439.2,25.9,79,26.6,21.9
2026-08-07T12:45:00+05:30,2026-08-07 12:45:00,26.5,27.4,23.8,0.6,14.8,31.4,120,0,0,0.5,1.5,1.5,624.6,85,5,546.2,25.9,79,26.6,21.9
2026-08-07T12:40:00+05:30,2026-08-07 12:40:00,26.2,27.1,23.7,2.6,13,31.4,86,0,0,0.5,1.5,1.5,624.6,86,9,935.4,25.9,79,26.6,21.9
2026-08-07T12:35:00+05:30,2026-08-07 12:35:00,26.1,27,23.6,5.5,11.1,31.4,115,0,0,0.5,1.5,1.5,624.6,86,3,353,25.9,79,26.6,21.9
2026-08-07T12:30:00+05:30,2026-08-07 12:30:00,25.6,26.5,23.3,3.2,16.6,31.4,67,0,0,0.5,1.5,1.5,624.6,87,5,536.5,25.8,79,26.5,21.8
2026-08-07T12:25:00+05:30,2026-08-07 12:25:00,25.2,26.1,23.3,2.6,11.1,31.4,63,0,0,0.5,1.5,1.5,624.6,89,3,345.9,25.8,79,26.5,21.8
2026-08-07T12:20:00+05:30,2026-08-07 12:20:00,25.2,26.1,23.1,8.7,13,31.4,110,0,0,0.5,1.5,1.5,624.6,88,1,171.8,25.7,79,26.4,21.8
2026-08-07T12:15:00+05:30,2026-08-07 12:15:00,25.2,26.1,23.1,2.9,13,31.4,74,0,0,0.5,1.5,1.5,624.6,88,2,214.8,25.7,79,26.4,21.8
2026-08-07T12:10:00+05:30,2026-08-07 12:10:00,25.2,26.1,23.1,7.2,11.1,31.4,84,0,0,0.5,1.5,1.5,624.6,88,1,140.4,25.7,79,26.4,21.8
2026-08-07T12:06:00+05:30,2026-08-07 12:06:00,25.3,26.2,23.1,2.9,9.3,31.4,88,0,0,0.5,1.5,1.5,624.6,88,2,207.3,25.7,79,26.4,21.8
2026-08-07T12:00:00+05:30,2026-08-07 12:00:00,25.3,26.2,23.1,6.1,9.3,31.4,74,0,0,0.5,1.5,1.5,624.6,88,2,232.8,25.7,79,26.4,21.8
2026-08-07T11:55:00+05:30,2026-08-07 11:55:00,25.3,26.2,23.1,6.4,11.1,31.4,77,0,0,0.5,1.5,1.5,624.6,88,2,242.7,25.6,79,26.3,21.7
2026-08-07T11:50:00+05:30,2026-08-07 11:50:00,25.3,26.2,23.1,0,5.5,31.4,99,0,0,0.5,1.5,1.5,624.6,88,2,227.6,25.6,80,26.3,21.9
2026-08-07T11:45:00+05:30,2026-08-07 11:45:00,25.2,26.1,23.3,4.7,18.3,31.4,102,0,0,0.5,1.5,1.5,624.6,89,2,275,25.6,80,26.3,21.9
2026-08-07T11:40:00+05:30,2026-08-07 11:40:00,25.2,26.1,23.3,1.1,11.1,31.4,162,0,0,0.5,1.5,1.5,624.6,89,2,249,25.6,80,26.3,21.9
2026-08-07T11:35:00+05:30,2026-08-07 11:35:00,25,25.9,23.1,5.5,13,31.4,119,0,0,0.5,1.5,1.5,624.6,89,2,304.5,25.6,80,26.3,21.9
2026-08-07T11:30:00+05:30,2026-08-07 11:30:00,25.1,26,23,15.4,23.8,31.4,78,0,0,0.5,1.5,1.5,624.6,88,2,226.5,25.5,80,26.2,21.8
2026-08-07T11:25:00+05:30,2026-08-07 11:25:00,25.1,26,23.2,4,14.8,31.4,58,0,0,0.5,1.5,1.5,624.6,89,2,285.7,25.5,81,26.2,22
2026-08-07T11:20:00+05:30,2026-08-07 11:20:00,25.1,26,23.4,8.2,14.8,31.4,82,0,0,0.5,1.5,1.5,624.6,90,2,245.9,25.5,81,26.2,22
2026-08-07T11:15:00+05:30,2026-08-07 11:15:00,25.1,26,23.4,13,18.3,31.4,119,0,0,0.5,1.5,1.5,624.6,90,3,335.6,25.5,81,26.2,22
2026-08-07T11:10:00+05:30,2026-08-07 11:10:00,25,25.9,23.2,8.7,11.1,31.4,102,0,0,0.5,1.5,1.5,624.6,90,3,346.2,25.4,81,26.1,21.9
2026-08-07T11:05:00+05:30,2026-08-07 11:05:00,24.4,25.3,23,4.7,13,31.4,84,0,0,0.5,1.5,1.5,624.6,92,4,495.7,25.3,81,26,21.8
2026-08-07T11:01:00+05:30,2026-08-07 11:01:00,24.2,25.1,23,4.7,7.2,31.4,66,0,0,0.5,1.5,1.5,624.6,93,2,218.7,25.3,81,26,21.8
2026-08-07T10:55:00+05:30,2026-08-07 10:55:00,24,24.9,23,6.9,14.8,31.4,70,0,0,0.5,1.5,1.5,624.6,94,1,186.9,25.3,81,26,21.8
2026-08-07T10:50:00+05:30,2026-08-07 10:50:00,23.7,24.6,22.9,4.3,14.8,31.4,109,0,0,0.5,1.5,1.5,624.6,95,1,198.6,25.3,81,26,21.8
2026-08-07T10:45:00+05:30,2026-08-07 10:45:00,23.5,24.4,23,0,9.3,31.4,106,0,0,0.5,1.5,1.5,624.6,97,2,226.3,25.3,81,26,21.8
2026-08-07T10:40:00+05:30,2026-08-07 10:40:00,23.5,24.4,22.8,10.1,14.8,31.4,100,0,0,0.5,1.5,1.5,624.6,96,1,204.9,25.2,80,25.9,21.5
2026-08-07T10:35:00+05:30,2026-08-07 10:35:00,24,24.9,23.1,1.8,16.6,31.4,109,0,0,0.5,1.5,1.5,624.6,95,0,78.9,25.2,80,25.9,21.5
2026-08-07T10:30:00+05:30,2026-08-07 10:30:00,24.2,25.1,22.8,2.6,13,31.4,98,0,0,0.5,1.5,1.5,624.6,92,1,130.3,25.2,80,25.9,21.5
2026-08-07T10:25:00+05:30,2026-08-07 10:25:00,24.2,25.1,22.8,5,13,31.4,101,0,0.5,0.5,1.5,1.5,624.6,92,1,134.1,25.2,80,25.9,21.5
2026-08-07T10:20:00+05:30,2026-08-07 10:20:00,24.3,25.1,22.7,6.1,14.8,20.1,83,0,0.5,0.5,1.5,1.5,624.6,91,1,114.2,25.2,80,25.9,21.5
2026-08-07T10:15:00+05:30,2026-08-07 10:15:00,24.3,25.1,22.7,9.7,13,20.1,141,0,0.5,0.5,1.5,1.5,624.6,91,1,161,25.2,80,25.9,21.5
2026-08-07T10:10:00+05:30,2026-08-07 10:10:00,24.2,25.1,22.7,5,20.1,20.1,89,0,0.5,0.5,1.5,1.5,624.6,91,2,221.3,25.2,80,25.9,21.5
2026-08-07T10:05:00+05:30,2026-08-07 10:05:00,24.3,25.1,22.7,5.8,11.1,18.3,119,0,0.5,0.5,1.5,1.5,624.6,91,1,129.6,25.1,80,25.8,21.4
2026-08-07T10:00:00+05:30,2026-08-07 10:00:00,24.3,25.1,22.7,10.5,18.3,18.3,119,0,0.5,0.5,1.5,1.5,624.6,91,1,199.3,25.1,81,25.8,21.6
2026-08-07T09:56:00+05:30,2026-08-07 09:56:00,24.2,25.1,22.8,6.1,11.1,18.3,41,0,0.5,0.5,1.5,1.5,624.6,92,2,251.4,25,81,25.7,21.5
2026-08-07T09:50:00+05:30,2026-08-07 09:50:00,23.8,24.6,22.6,3.2,11.1,18.3,134,0,0.5,0.5,1.5,1.5,624.6,93,2,286.1,25,80,25.7,21.3
2026-08-07T09:45:00+05:30,2026-08-07 09:45:00,23.7,24.6,22.7,7.9,13,18.3,152,0,0.5,0.5,1.5,1.5,624.6,94,0,102.2,24.9,80,25.5,21.2
2026-08-07T09:40:00+05:30,2026-08-07 09:40:00,23.7,24.6,22.5,6.1,9.3,18.3,70,0,0.5,0.5,1.5,1.5,624.6,93,0,63.3,24.9,80,25.5,21.2
2026-08-07T09:35:00+05:30,2026-08-07 09:35:00,23.8,24.6,22.4,4,13,18.3,128,3,0.5,0.5,1.5,1.5,624.6,92,0,32.5,24.9,80,25.5,21.2
2026-08-07T09:30:00+05:30,2026-08-07 09:30:00,23.9,24.7,22.5,6.4,14.8,14.8,117,3,0.5,0.5,1.5,1.5,624.6,92,0,24,24.8,80,25.4,21.1
2026-08-07T09:25:00+05:30,2026-08-07 09:25:00,24.2,25.1,22.7,4.3,16.6,31.4,71,0,0,0,1,1,624.1,91,0,39.9,24.8,80,25.4,21.1
2026-08-07T09:20:00+05:30,2026-08-07 09:20:00,24.1,25,22.5,1.4,9.3,31.4,93,0,0,0,1,1,624.1,91,2,280,24.8,80,25.4,21.1
2026-08-07T09:15:00+05:30,2026-08-07 09:15:00,24.1,25,22.5,0,9.3,31.4,71,0,0,0,1,1,624.1,91,1,132.8,24.7,80,25.3,21.1
2026-08-07T09:10:00+05:30,2026-08-07 09:10:00,24.1,24.9,22.4,1.4,5.5,31.4,83,0,0,0,1,1,624.1,90,1,131.7,24.7,80,25.3,21.1
2026-08-07T09:05:00+05:30,2026-08-07 09:05:00,24,24.8,22.3,11.9,20.1,31.4,118,0,0,0,1,1,624.1,90,1,123,24.7,80,25.3,21.1
2026-08-07T09:00:00+05:30,2026-08-07 09:00:00,23.8,24.6,22.2,4.7,9.3,31.4,30,0,0,0,1,1,624.1,91,1,133.1,24.7,80,25.3,21.1
2026-08-07T08:55:00+05:30,2026-08-07 08:55:00,23.7,24.5,22.2,3.2,11.1,31.4,90,0,0,0,1,1,624.1,91,1,120.8,24.6,80,25.2,20.9
2026-08-07T08:50:00+05:30,2026-08-07 08:50:00,23.6,24.4,22.1,1.8,7.2,31.4,80,0,0,0,1,1,624.1,91,0,57.6,24.6,80,25.2,20.9
2026-08-07T08:45:00+05:30,2026-08-07 08:45:00,23.7,24.6,22.3,3.2,7.2,31.4,90,0,0,0,1,1,624.1,92,0,55.2,24.6,79,25.2,20.7
2026-08-07T08:40:00+05:30,2026-08-07 08:40:00,23.7,24.5,22.2,6.1,13,31.4,96,0,0,0,1,1,624.1,91,0,60.8,24.6,79,25.2,20.7
2026-08-07T08:35:00+05:30,2026-08-07 08:35:00,23.7,24.5,22.2,5.5,21.9,31.4,81,0,0,0,1,1,624.1,91,0,34.7,24.6,79,25.2,20.7
2026-08-07T08:30:00+05:30,2026-08-07 08:30:00,23.8,24.6,22,9.3,23.8,31.4,78,0,0,0,1,1,624.1,90,0,42.5,24.6,79,25.2,20.7
2026-08-07T08:25:00+05:30,2026-08-07 08:25:00,23.8,24.6,22,5.5,11.1,31.4,84,0,0,0,1,1,624.1,90,0,57.1,24.6,79,25.2,20.7
2026-08-07T08:20:00+05:30,2026-08-07 08:20:00,23.8,24.6,22,0.3,16.6,31.4,84,0,0,0,1,1,624.1,90,0,76,24.5,79,25.1,20.6
2026-08-07T08:15:00+05:30,2026-08-07 08:15:00,23.9,24.7,22.1,0.6,9.3,31.4,105,0,0,0,1,1,624.1,90,0,71.4,24.5,79,25.1,20.6
2026-08-07T08:11:00+05:30,2026-08-07 08:11:00,23.8,24.6,22,8.7,20.1,31.4,87,0,0,0,1,1,624.1,90,1,139.4,24.6,80,25.2,20.9
2026-08-07T08:05:00+05:30,2026-08-07 08:05:00,23.6,24.4,22.1,3.5,9.3,31.4,112,0,0,0,1,1,624.1,91,1,104.7,24.6,80,25.2,20.9
2026-08-07T08:00:00+05:30,2026-08-07 08:00:00,23.5,24.3,22.1,5.5,13,31.4,102,0,0,0,1,1,624.1,92,0,59.8,24.6,80,25.2,20.9
2026-08-07T07:55:00+05:30,2026-08-07 07:55:00,23.5,24.3,22.1,1.1,7.2,31.4,147,0,0,0,1,1,624.1,92,0,34.7,24.6,80,25.2,20.9
2026-08-07T07:50:00+05:30,2026-08-07 07:50:00,23.5,24.3,22.1,0.3,9.3,31.4,95,0,0,0,1,1,624.1,92,0,29,24.5,80,25.1,20.8
2026-08-07T07:45:00+05:30,2026-08-07 07:45:00,23.5,24.3,22.1,4,11.1,31.4,72,0,0,0,1,1,624.1,92,0,24.3,24.5,80,25.1,20.8
2026-08-07T07:40:00+05:30,2026-08-07 07:40:00,23.5,24.3,22.1,8.2,16.6,31.4,111,0,0,0,1,1,624.1,92,0,26.9,24.6,80,25.2,20.9
2026-08-07T07:35:00+05:30,2026-08-07 07:35:00,23.4,24.2,22.2,0.6,7.2,31.4,102,0,0,0,1,1,624.1,93,0,52.3,24.6,80,25.2,20.9
2026-08-07T07:30:00+05:30,2026-08-07 07:30:00,23.4,24.2,22.2,7.2,13,31.4,100,0,0,0,1,1,624.1,93,0,26.3,24.6,80,25.2,20.9
2026-08-07T07:25:00+05:30,2026-08-07 07:25:00,23.5,24.3,22.3,6.9,14.8,31.4,170,0,0,0,1,1,624.1,93,0,33.2,24.6,80,25.2,20.9
2026-08-07T07:20:00+05:30,2026-08-07 07:20:00,23.5,24.3,22.3,0.6,11.1,31.4,70,0,0,0,1,1,624.1,93,0,27.9,24.6,80,25.2,20.9
2026-08-07T07:15:00+05:30,2026-08-07 07:15:00,23.5,24.3,22.3,2.9,9.3,31.4,62,0,0,0,1,1,624.1,93,0,32.9,24.5,80,25.1,20.8
2026-08-07T07:10:00+05:30,2026-08-07 07:10:00,23.5,24.3,22.3,3.5,9.3,31.4,84,0,0,0,1,1,624.1,93,0,59.8,24.5,80,25.1,20.8
2026-08-07T07:06:00+05:30,2026-08-07 07:06:00,23.4,24.2,22.2,9.7,16.6,31.4,112,0,0,0,1,1,624.1,93,0,60.5,24.5,80,25.1,20.8
2026-08-07T07:00:00+05:30,2026-08-07 07:00:00,23.4,24.2,22.2,4.3,14.8,31.4,67,0,0,0,1,1,624.1,93,0,60.5,24.5,80,25.1,20.8
2026-08-07T06:55:00+05:30,2026-08-07 06:55:00,23.4,24.2,22.2,16.3,31.4,31.4,78,0,0,0,1,1,624.1,93,0,47,24.5,80,25.1,20.8
2026-08-07T06:50:00+05:30,2026-08-07 06:50:00,23.3,24.1,22.1,1.1,14.8,23.8,60,0,0,0,1,1,624.1,93,0,29.7,24.5,80,25.1,20.8
2026-08-07T06:45:00+05:30,2026-08-07 06:45:00,23.3,24.1,22.3,0.3,11.1,23.8,94,0,0,0,1,1,624.1,94,0,22.2,24.5,80,25.1,20.8
2026-08-07T06:40:00+05:30,2026-08-07 06:40:00,23.3,24.1,22.1,0,11.1,23.8,78,0,0,0,1,1,624.1,93,0,20.2,24.5,80,25.1,20.8
2026-08-07T06:35:00+05:30,2026-08-07 06:35:00,23.3,24.1,22.1,15.8,21.9,23.8,76,0,0,0,1,1,624.1,93,0,6.4,24.5,80,25.1,20.8
2026-08-07T06:30:00+05:30,2026-08-07 06:30:00,23.3,24.1,22.1,6.9,14.8,23.8,103,0,0,0,1,1,624.1,93,0,10.5,24.5,80,25.1,20.8
2026-08-07T06:25:00+05:30,2026-08-07 06:25:00,23.2,24.1,22.2,6.4,13,23.8,93,0,0,0,1,1,624.1,94,0,7.3,24.5,80,25.1,20.8
2026-08-07T06:20:00+05:30,2026-08-07 06:20:00,23.2,24.1,22.2,4.7,13,23.8,93,0,0,0,1,1,624.1,94,0,5.2,24.5,80,25.1,20.8
2026-08-07T06:15:00+05:30,2026-08-07 06:15:00,23.2,24,22,10.8,18.3,23.8,67,0,0,0,1,1,624.1,93,0,6,24.6,80,25.2,20.9
2026-08-07T06:10:00+05:30,2026-08-07 06:10:00,23.2,24,22,16.3,18.3,23.8,115,0,0,0,1,1,624.1,93,0,4.6,24.5,79,25.1,20.6
2026-08-07T06:05:00+05:30,2026-08-07 06:05:00,23.1,23.9,22.1,2.1,16.6,23.8,79,0,0,0,1,1,624.1,94,0,2.6,24.6,79,25.2,20.7
2026-08-07T06:01:00+05:30,2026-08-07 06:01:00,23.1,23.9,22.1,9.3,16.6,23.8,110,0,0,0,1,1,624.1,94,0,1.6,24.6,79,25.2,20.7
2026-08-07T05:55:00+05:30,2026-08-07 05:55:00,23.2,24.1,22.2,1.4,9.3,23.8,132,0,0,0,1,1,624.1,94,0,0.6,24.6,79,25.2,20.7
2026-08-07T05:50:00+05:30,2026-08-07 05:50:00,23.2,24.1,22.2,4.7,9.3,23.8,128,0,0,0,1,1,624.1,94,0,0.2,24.6,79,25.2,20.7
2026-08-07T05:45:00+05:30,2026-08-07 05:45:00,23.2,24.1,22.2,0.3,3.5,23.8,106,0,0,0,1,1,624.1,94,0,0,24.6,79,25.2,20.7
2026-08-07T05:40:00+05:30,2026-08-07 05:40:00,23.3,24.1,22.1,2.6,11.1,23.8,78,0,0,0,1,1,624.1,93,0,0,24.6,79,25.2,20.7
2026-08-07T05:35:00+05:30,2026-08-07 05:35:00,23.2,24,22,0,5.5,21.9,80,0,0,0,1,1,624.1,93,0,0,24.6,79,25.2,20.7
2026-08-07T05:30:00+05:30,2026-08-07 05:30:00,23.2,24,22,1.4,5.5,21.9,117,0,0,0,1,1,624.1,93,0,0,24.6,79,25.2,20.7
2026-08-07T05:25:00+05:30,2026-08-07 05:25:00,23.2,24,22,0.6,11.1,21.9,70,0,0,0,1,1,624.1,93,0,0,24.6,79,25.2,20.7
2026-08-07T05:20:00+05:30,2026-08-07 05:20:00,23.3,24.1,22.1,3.2,7.2,21.9,81,0,0,0,1,1,624.1,93,0,0,24.6,79,25.2,20.7
2026-08-07T05:15:00+05:30,2026-08-07 05:15:00,23.3,24.1,22.1,6.9,14.8,21.9,74,0,0,0,1,1,624.1,93,0,0,24.6,79,25.2,20.7
2026-08-07T05:10:00+05:30,2026-08-07 05:10:00,23.3,24.1,22.1,4.7,16.6,21.9,72,0,0,0,1,1,624.1,93,0,0,24.6,79,25.2,20.7
2026-08-07T05:05:00+05:30,2026-08-07 05:05:00,23.3,24.1,22.1,4.7,11.1,21.9,69,0,0,0,1,1,624.1,93,0,0,24.6,79,25.2,20.7
2026-08-07T05:00:00+05:30,2026-08-07 05:00:00,23.2,24.1,22.2,4.3,9.3,21.9,110,0,0,0,1,1,624.1,94,0,0,24.6,79,25.2,20.7
2026-08-07T04:55:00+05:30,2026-08-07 04:55:00,23.2,24.1,22.2,9.7,11.1,21.9,94,0,0,0,1,1,624.1,94,0,0,24.6,79,25.2,20.7
2026-08-07T04:50:00+05:30,2026-08-07 04:50:00,23.3,24.1,22.3,9.3,13,21.9,111,0,0,0,1,1,624.1,94,0,0,24.7,79,25.3,20.8
2026-08-07T04:45:00+05:30,2026-08-07 04:45:00,23.3,24.1,22.1,1.1,11.1,21.9,92,0,0,0,1,1,624.1,93,0,0,24.7,79,25.3,20.8
2026-08-07T04:41:00+05:30,2026-08-07 04:41:00,23.3,24.1,22.1,5.5,18.3,21.9,104,0,0,0,1,1,624.1,93,0,0,24.7,79,25.3,20.8
2026-08-07T04:35:00+05:30,2026-08-07 04:35:00,23.3,24.1,22.1,2.9,21.9,21.9,85,0,0,0,1,1,624.1,93,0,0,24.6,79,25.2,20.7
2026-08-07T04:30:00+05:30,2026-08-07 04:30:00,23.2,24.1,22.2,7.6,16.6,21.9,119,0,0,0,1,1,624.1,94,0,0,24.7,80,25.3,21.1
2026-08-07T04:25:00+05:30,2026-08-07 04:25:00,23.1,23.9,22.1,5.5,7.2,21.9,105,0,0,0,1,1,624.1,94,0,0,24.7,80,25.3,21.1
2026-08-07T04:20:00+05:30,2026-08-07 04:20:00,23.1,24,22.3,7.6,20.1,21.9,47,0,0,0,1,1,624.1,95,0,0,24.7,80,25.3,21.1
2026-08-07T04:15:00+05:30,2026-08-07 04:15:00,23,23.9,22.3,11.1,20.1,21.9,95,0,0,0,1,1,624.1,96,0,0,24.7,80,25.3,21.1
2026-08-07T04:10:00+05:30,2026-08-07 04:10:00,22.9,23.8,22.4,5.8,18.3,21.9,39,0,0,0,1,1,624.1,97,0,0,24.7,80,25.3,21.1
2026-08-07T04:05:00+05:30,2026-08-07 04:05:00,22.9,23.8,22.4,0,9.3,21.9,69,0,0,0,1,1,624.1,97,0,0,24.7,79,25.3,20.8
2026-08-07T04:00:00+05:30,2026-08-07 04:00:00,23,23.9,22.3,0,5.5,21.9,74,0,0,0,1,1,624.1,96,0,0,24.8,79,25.4,20.9
2026-08-07T03:55:00+05:30,2026-08-07 03:55:00,23.2,24.1,22.4,8.2,9.3,21.9,120,0,0,0,1,1,624.1,95,0,0,24.7,79,25.3,20.8
2026-08-07T03:50:00+05:30,2026-08-07 03:50:00,23.3,24.1,22.4,8.2,13,21.9,107,0,0,0,1,1,624.1,95,0,0,24.7,79,25.3,20.8
2026-08-07T03:45:00+05:30,2026-08-07 03:45:00,23.4,24.2,22.4,4.7,9.3,21.9,94,0,0,0,1,1,624.1,94,0,0,24.7,79,25.3,20.8
2026-08-07T03:40:00+05:30,2026-08-07 03:40:00,23.4,24.2,22.2,5,11.1,21.9,116,0,0,0,1,1,624.1,93,0,0,24.7,79,25.3,20.8
2026-08-07T03:36:00+05:30,2026-08-07 03:36:00,23.5,24.3,22.3,2.6,7.2,21.9,37,0,0,0,1,1,624.1,93,0,0,24.7,79,25.3,20.8
2026-08-07T03:30:00+05:30,2026-08-07 03:30:00,23.4,24.2,22.2,6.9,16.6,21.9,135,0,0,0,1,1,624.1,93,0,0,24.8,79,25.4,20.9
2026-08-07T03:25:00+05:30,2026-08-07 03:25:00,23.4,24.2,22.2,6.1,14.8,21.9,80,0,0,0,1,1,624.1,93,0,0,24.7,79,25.3,20.8
2026-08-07T03:20:00+05:30,2026-08-07 03:20:00,23.4,24.2,22.4,1.4,7.2,21.9,73,0,0,0,1,1,624.1,94,0,0,24.7,79,25.3,20.8
2026-08-07T03:15:00+05:30,2026-08-07 03:15:00,23.4,24.2,22.4,6.1,11.1,21.9,74,0,0,0,1,1,624.1,94,0,0,24.8,79,25.4,20.9
2026-08-07T03:10:00+05:30,2026-08-07 03:10:00,23.5,24.4,22.5,2.1,11.1,21.9,141,0,0,0,1,1,624.1,94,0,0,24.8,79,25.4,20.9
2026-08-07T03:05:00+05:30,2026-08-07 03:05:00,23.4,24.2,22.2,10.5,16.6,21.9,76,0,0,0,1,1,624.1,93,0,0,24.8,79,25.4,20.9
2026-08-07T03:00:00+05:30,2026-08-07 03:00:00,23.4,24.2,22.4,5.5,7.2,21.9,83,0,0,0,1,1,624.1,94,0,0,24.8,79,25.4,20.9
2026-08-07T02:55:00+05:30,2026-08-07 02:55:00,23.4,24.2,22.2,6.1,16.6,21.9,94,0,0,0,1,1,624.1,93,0,0,24.8,79,25.4,20.9
2026-08-07T02:50:00+05:30,2026-08-07 02:50:00,23.4,24.2,22.2,6.4,16.6,21.9,107,0,0,0,1,1,624.1,93,0,0,24.7,79,25.3,20.8
2026-08-07T02:45:00+05:30,2026-08-07 02:45:00,23.5,24.3,22.3,2.1,14.8,21.9,99,0,0,0,1,1,624.1,93,0,0,24.8,79,25.4,20.9
2026-08-07T02:40:00+05:30,2026-08-07 02:40:00,23.5,24.3,22.3,2.1,5.5,21.9,78,0,0,0,1,1,624.1,93,0,0,24.8,79,25.4,20.9
2026-08-07T02:35:00+05:30,2026-08-07 02:35:00,23.5,24.3,22.1,5.5,14.8,21.9,52,0,0,0,1,1,624.1,92,0,0,24.8,79,25.4,20.9
2026-08-07T02:31:00+05:30,2026-08-07 02:31:00,23.5,24.3,22.1,2.1,13,21.9,98,0,0,0,1,1,624.1,92,0,0,24.8,79,25.4,20.9
2026-08-07T02:25:00+05:30,2026-08-07 02:25:00,23.5,24.3,22.3,2.1,11.1,21.9,80,0,0,0,1,1,624.1,93,0,0,24.8,79,25.4,20.9
2026-08-07T02:20:00+05:30,2026-08-07 02:20:00,23.6,24.4,22.2,6.4,20.1,21.9,106,0,0,0,1,1,624.1,92,0,0,24.8,79,25.4,20.9
2026-08-07T02:15:00+05:30,2026-08-07 02:15:00,23.5,24.3,22.1,8.7,11.1,21.9,113,0,0,0,1,1,624.1,92,0,0,24.8,79,25.4,20.9
2026-08-07T02:10:00+05:30,2026-08-07 02:10:00,23.4,24.2,22.2,2.1,13,21.9,97,0,0,0,1,1,624.1,93,0,0,24.8,79,25.4,20.9
2026-08-07T02:05:00+05:30,2026-08-07 02:05:00,23.4,24.2,22.2,4.7,13,21.9,85,0,0,0,1,1,624.1,93,0,0,24.8,79,25.4,20.9
2026-08-07T02:00:00+05:30,2026-08-07 02:00:00,23.3,24.1,22.3,8.7,11.1,21.9,66,0,0,0,1,1,624.1,94,0,0,24.8,79,25.4,20.9
2026-08-07T01:55:00+05:30,2026-08-07 01:55:00,23.2,24.1,22.2,2.9,9.3,21.9,84,0,0,0,1,1,624.1,94,0,0,24.8,79,25.4,20.9
2026-08-07T01:50:00+05:30,2026-08-07 01:50:00,23.2,24.1,22.2,7.6,11.1,21.9,89,0,0,0,1,1,624.1,94,0,0,24.8,78,25.3,20.7
2026-08-07T01:45:00+05:30,2026-08-07 01:45:00,23.2,24.1,22.2,4.7,21.9,21.9,75,0,0,0,1,1,624.1,94,0,0,24.8,78,25.3,20.7
2026-08-07T01:40:00+05:30,2026-08-07 01:40:00,23.2,24.1,22.2,11.6,13,20.1,109,0,0,0,1,1,624.1,94,0,0,24.8,78,25.3,20.7
2026-08-07T01:35:00+05:30,2026-08-07 01:35:00,23.1,23.9,22.1,8.7,18.3,20.1,106,0,0,0,1,1,624.1,94,0,0,24.8,78,25.3,20.7
2026-08-07T01:30:00+05:30,2026-08-07 01:30:00,22.9,23.7,22,6.4,18.3,20.1,132,0,0,0,1,1,624.1,95,0,0,24.8,78,25.3,20.7
2026-08-07T01:25:00+05:30,2026-08-07 01:25:00,22.8,23.6,22.1,7.9,11.1,20.1,112,0,0,0,1,1,624.1,96,0,0,24.8,78,25.3,20.7
2026-08-07T01:20:00+05:30,2026-08-07 01:20:00,22.8,23.6,22.1,0,13,20.1,347,0,0,0,1,1,624.1,96,0,0,24.8,78,25.3,20.7
2026-08-07T01:15:00+05:30,2026-08-07 01:15:00,22.9,23.7,22,9.3,13,20.1,95,0,0,0,1,1,624.1,95,0,0,24.8,78,25.3,20.7
2026-08-07T01:10:00+05:30,2026-08-07 01:10:00,23,23.8,22,7.2,14.8,20.1,85,0,0,0,1,1,624.1,94,0,0,24.9,78,25.4,20.8
2026-08-07T01:05:00+05:30,2026-08-07 01:05:00,22.9,23.7,21.9,13.4,14.8,20.1,140,0,0,0,1,1,624.1,94,0,0,24.9,78,25.4,20.8
2026-08-07T01:00:00+05:30,2026-08-07 01:00:00,23.1,23.9,21.9,6.4,13,20.1,119,0,0,0,1,1,624.1,93,0,0,24.9,77,25.4,20.6
2026-08-07T00:55:00+05:30,2026-08-07 00:55:00,23.2,24,21.8,4.7,7.2,20.1,105,0,0,0,1,1,624.1,92,0,0,24.9,77,25.4,20.6
2026-08-07T00:50:00+05:30,2026-08-07 00:50:00,23.1,23.9,21.7,5.8,14.8,20.1,96,0,0,0,1,1,624.1,92,0,0,24.9,77,25.4,20.6
2026-08-07T00:45:00+05:30,2026-08-07 00:45:00,23.2,24,21.8,2.6,7.2,20.1,89,0,0,0,1,1,624.1,92,0,0,24.9,77,25.4,20.6
2026-08-07T00:40:00+05:30,2026-08-07 00:40:00,23.1,23.9,21.7,7.9,14.8,20.1,103,0,0,0,1,1,624.1,92,0,0,24.9,77,25.4,20.6
2026-08-07T00:35:00+05:30,2026-08-07 00:35:00,23.1,23.9,21.7,6.1,11.1,20.1,89,0,0,0,1,1,624.1,92,0,0,24.9,77,25.4,20.6
2026-08-07T00:30:00+05:30,2026-08-07 00:30:00,23.1,23.9,21.7,4,9.3,20.1,65,0,0,0,1,1,624.1,92,0,0,24.9,77,25.4,20.6
2026-08-07T00:25:00+05:30,2026-08-07 00:25:00,23.1,23.9,21.7,3.2,11.1,20.1,75,0,0,0,1,1,624.1,92,0,0,24.9,77,25.4,20.6
2026-08-07T00:20:00+05:30,2026-08-07 00:20:00,23.1,23.9,21.7,3.2,13,20.1,108,0,0,0,1,1,624.1,92,0,0,24.9,77,25.4,20.6
2026-08-07T00:15:00+05:30,2026-08-07 00:15:00,23.1,23.9,21.7,7.6,13,20.1,85,0,0,0,1,1,624.1,92,0,0,24.9,77,25.4,20.6
2026-08-07T00:10:00+05:30,2026-08-07 00:10:00,23.1,23.9,21.7,5.5,13,20.1,76,0,0,0,1,1,624.1,92,0,0,25,77,25.6,20.7
2026-08-07T00:06:00+05:30,2026-08-07 00:06:00,23.2,24,21.8,4.7,16.6,20.1,100,0,0,0,1,1,624.1,92,0,0,25,77,25.6,20.7
2026-08-07T00:00:00+05:30,2026-08-07 00:00:00,23.2,24,21.7,13.7,20.1,20.1,75,0,0,0,1,1,624.1,91,0,0,25,77,25.6,20.7
2026-08-06T23:55:00+05:30,2026-08-06 23:55:00,23.3,24,21.7,6.1,13,27.7,118,0,0,0,1,1,624.1,91,0,0,25,77,25.6,20.7
2026-08-06T23:50:00+05:30,2026-08-06 23:50:00,23.4,24.2,21.8,4.7,13,27.7,68,0,0,0,1,1,624.1,91,0,0,25.1,77,25.7,20.8
2026-08-06T23:45:00+05:30,2026-08-06 23:45:00,23.4,24.1,21.7,9.7,16.6,27.7,100,0,0,0,1,1,624.1,90,0,0,25.1,77,25.7,20.8
2026-08-06T23:40:00+05:30,2026-08-06 23:40:00,23.4,24.2,21.8,0.3,9.3,27.7,66,0,0,0,1,1,624.1,91,0,0,25.1,77,25.7,20.8
2026-08-06T23:35:00+05:30,2026-08-06 23:35:00,23.5,24.3,21.8,5,13,27.7,92,0,0,0,1,1,624.1,90,0,0,25.1,77,25.7,20.8
2026-08-06T23:30:00+05:30,2026-08-06 23:30:00,23.5,24.3,21.9,5.5,14.8,27.7,95,0,0,0,1,1,624.1,91,0,0,25.1,77,25.7,20.8
2026-08-06T23:25:00+05:30,2026-08-06 23:25:00,23.5,24.3,21.9,7.2,13,27.7,116,0,0,0,1,1,624.1,91,0,0,25.1,77,25.7,20.8
2026-08-06T23:20:00+05:30,2026-08-06 23:20:00,23.5,24.3,21.9,6.4,11.1,27.7,136,0,0,0,1,1,624.1,91,0,0,25.2,77,25.8,20.9
2026-08-06T23:15:00+05:30,2026-08-06 23:15:00,23.6,24.4,22.1,5,13,27.7,99,0,0,0,1,1,624.1,91,0,0,25.2,77,25.8,20.9
2026-08-06T23:10:00+05:30,2026-08-06 23:10:00,23.7,24.5,22.2,9.7,16.6,27.7,104,0,0,0,1,1,624.1,91,0,0,25.2,77,25.8,20.9
2026-08-06T23:05:00+05:30,2026-08-06 23:05:00,23.7,24.5,22,6.4,9.3,27.7,126,0,0,0,1,1,624.1,90,0,0,25.2,77,25.8,20.9
2026-08-06T23:01:00+05:30,2026-08-06 23:01:00,23.8,24.6,22,6.4,11.1,27.7,83,0,0,0,1,1,624.1,90,0,0,25.2,77,25.8,20.9
2026-08-06T22:55:00+05:30,2026-08-06 22:55:00,23.7,24.5,22,7.2,16.6,27.7,109,0,0,0,1,1,624.1,90,0,0,25.2,77,25.8,20.9
2026-08-06T22:50:00+05:30,2026-08-06 22:50:00,23.7,24.5,22,9.7,14.8,27.7,85,0,0,0,1,1,624.1,90,0,0,25.3,77,25.9,20.9
2026-08-06T22:45:00+05:30,2026-08-06 22:45:00,23.7,24.5,22,7.2,13,27.7,66,0,0,0,1,1,624.1,90,0,0,25.3,77,25.9,20.9
2026-08-06T22:40:00+05:30,2026-08-06 22:40:00,23.7,24.5,22.2,0,5.5,27.7,84,0,0,0,1,1,624.1,91,0,0,25.3,77,25.9,20.9
2026-08-06T22:35:00+05:30,2026-08-06 22:35:00,23.7,24.5,22.2,1.1,5.5,27.7,86,0,0,0,1,1,624.1,91,0,0,25.3,77,25.9,20.9
2026-08-06T22:30:00+05:30,2026-08-06 22:30:00,23.7,24.5,22,10.1,21.9,27.7,66,0,0,0,1,1,624.1,90,0,0,25.3,77,25.9,20.9
2026-08-06T22:25:00+05:30,2026-08-06 22:25:00,23.8,24.6,22.2,0.3,5.5,27.7,95,0,0,0,1,1,624.1,91,0,0,25.3,77,25.9,20.9
2026-08-06T22:20:00+05:30,2026-08-06 22:20:00,23.8,24.6,22.2,0.3,14.8,27.7,83,0,0,0,1,1,624.1,91,0,0,25.3,77,25.9,20.9
2026-08-06T22:15:00+05:30,2026-08-06 22:15:00,23.8,24.6,22.2,0,7.2,27.7,73,0,0,0,1,1,624.1,91,0,0,25.3,77,25.9,20.9
2026-08-06T22:10:00+05:30,2026-08-06 22:10:00,23.8,24.6,22.2,7.2,14.8,27.7,89,0,0,0,1,1,624.1,91,0,0,25.4,77,26,21.1
2026-08-06T22:05:00+05:30,2026-08-06 22:05:00,23.8,24.6,22,8.2,16.6,27.7,120,0,0,0,1,1,624.1,90,0,0,25.4,77,26,21.1
2026-08-06T22:00:00+05:30,2026-08-06 22:00:00,23.8,24.6,22,11.9,16.6,27.7,124,0,0,0,1,1,624.1,90,0,0,25.4,77,26,21.1
2026-08-06T21:56:00+05:30,2026-08-06 21:56:00,23.7,24.5,22.2,5.5,11.1,27.7,70,0,0,0,1,1,624.1,91,0,0,25.4,77,26,21.1
2026-08-06T21:50:00+05:30,2026-08-06 21:50:00,23.8,24.6,22.2,6.1,11.1,27.7,95,0,0,0,1,1,624.1,91,0,0,25.4,77,26,21.1
2026-08-06T21:45:00+05:30,2026-08-06 21:45:00,23.7,24.5,22.2,1.8,9.3,27.7,71,0,0,0,1,1,624.1,91,0,0,25.4,77,26,21.1
2026-08-06T21:40:00+05:30,2026-08-06 21:40:00,23.8,24.6,22.2,6.4,9.3,27.7,95,0,0,0,1,1,624.1,91,0,0,25.4,77,26,21.1
2026-08-06T21:35:00+05:30,2026-08-06 21:35:00,23.8,24.6,22.2,4.7,13,27.7,94,0,0,0,1,1,624.1,91,0,0,25.4,77,26,21.1
2026-08-06T21:30:00+05:30,2026-08-06 21:30:00,23.8,24.6,22.2,3.2,7.2,27.7,83,0,0,0,1,1,624.1,91,0,0,25.5,77,26.1,21.2
2026-08-06T21:25:00+05:30,2026-08-06 21:25:00,23.8,24.6,22.2,4.7,14.8,27.7,87,0,0,0,1,1,624.1,91,0,0,25.5,77,26.1,21.2
2026-08-06T21:20:00+05:30,2026-08-06 21:20:00,23.8,24.6,22.2,3.2,9.3,27.7,91,0,0,0,1,1,624.1,91,0,0,25.5,77,26.1,21.2
2026-08-06T21:15:00+05:30,2026-08-06 21:15:00,23.7,24.5,22.2,10.1,13,27.7,112,0,0,0,1,1,624.1,91,0,0,25.5,77,26.1,21.2
2026-08-06T21:10:00+05:30,2026-08-06 21:10:00,23.7,24.6,22.3,6.1,13,27.7,84,0,0,0,1,1,624.1,92,0,0,25.5,77,26.1,21.2
2026-08-06T21:05:00+05:30,2026-08-06 21:05:00,23.7,24.6,22.3,6.9,21.9,27.7,88,0,0,0,1,1,624.1,92,0,0,25.6,77,26.2,21.3
2026-08-06T21:00:00+05:30,2026-08-06 21:00:00,23.7,24.6,22.3,2.1,9.3,27.7,81,0,0,0,1,1,624.1,92,0,0,25.5,77,26.1,21.2
2026-08-06T20:55:00+05:30,2026-08-06 20:55:00,23.6,24.5,22.4,6.1,7.2,27.7,85,0,0,0,1,1,624.1,93,0,0,25.6,77,26.2,21.3
2026-08-06T20:50:00+05:30,2026-08-06 20:50:00,23.7,24.6,22.5,2.6,7.2,27.7,83,0,0,0,1,1,624.1,93,0,0,25.6,77,26.2,21.3
2026-08-06T20:45:00+05:30,2026-08-06 20:45:00,23.8,24.6,22.4,5.5,11.1,27.7,88,0,0,0,1,1,624.1,92,0,0,25.6,77,26.2,21.3
2026-08-06T20:40:00+05:30,2026-08-06 20:40:00,23.9,24.7,22.3,9.7,16.6,27.7,80,0,0,0,1,1,624.1,91,0,0,25.7,77,26.3,21.4
2026-08-06T20:35:00+05:30,2026-08-06 20:35:00,23.9,24.7,22.3,7.2,11.1,27.7,93,0,0,0,1,1,624.1,91,0,0,25.7,77,26.3,21.4
2026-08-06T20:30:00+05:30,2026-08-06 20:30:00,23.9,24.7,22.3,2.1,13,27.7,88,0,0,0,1,1,624.1,91,0,0,25.7,77,26.3,21.4
2026-08-06T20:25:00+05:30,2026-08-06 20:25:00,23.9,24.7,22.3,5.5,11.1,27.7,85,0,0,0,1,1,624.1,91,0,0,25.8,77,26.4,21.4
2026-08-06T20:20:00+05:30,2026-08-06 20:20:00,23.9,24.7,22.3,5.5,7.2,27.7,94,0,0,0,1,1,624.1,91,0,0,25.8,77,26.4,21.4
2026-08-06T20:15:00+05:30,2026-08-06 20:15:00,23.9,24.7,22.3,3.5,7.2,27.7,90,0,0,0,1,1,624.1,91,0,0,25.8,77,26.4,21.4
2026-08-06T20:10:00+05:30,2026-08-06 20:10:00,23.9,24.7,22.3,0,11.1,27.7,90,0,0,0,1,1,624.1,91,0,0,25.8,77,26.4,21.4
2026-08-06T20:05:00+05:30,2026-08-06 20:05:00,23.9,24.7,22.5,6.4,11.1,27.7,108,0,0,0,1,1,624.1,92,0,0,25.8,77,26.4,21.4
2026-08-06T20:00:00+05:30,2026-08-06 20:00:00,23.9,24.7,22.5,12.2,27.7,27.7,121,0,0,0,1,1,624.1,92,0,0,25.8,77,26.4,21.4
2026-08-06T19:55:00+05:30,2026-08-06 19:55:00,23.9,24.7,22.5,4.7,7.2,25.6,100,0,0,0,1,1,624.1,92,0,0,25.9,77,26.6,21.6
2026-08-06T19:50:00+05:30,2026-08-06 19:50:00,23.9,24.7,22.5,0.3,9.3,25.6,128,0,0,0,1,1,624.1,92,0,0,25.9,77,26.6,21.6
2026-08-06T19:45:00+05:30,2026-08-06 19:45:00,23.9,24.7,22.5,4,11.1,25.6,72,0,0,0,1,1,624.1,92,0,0,25.9,77,26.6,21.6
2026-08-06T19:40:00+05:30,2026-08-06 19:40:00,23.9,24.7,22.5,4.7,13,25.6,73,0,0,0,1,1,624.1,92,0,0,25.9,77,26.6,21.6
2026-08-06T19:35:00+05:30,2026-08-06 19:35:00,24,24.9,22.6,4.3,7.2,25.6,36,0,0,0,1,1,624.1,92,0,0,25.9,77,26.6,21.6
2026-08-06T19:31:00+05:30,2026-08-06 19:31:00,24,24.9,22.6,4.3,11.1,25.6,72,0,0,0,1,1,624.1,92,0,0,26,77,26.7,21.7
2026-08-06T19:25:00+05:30,2026-08-06 19:25:00,24,24.9,22.6,4.3,9.3,25.6,79,0,0,0,1,1,624.1,92,0,0,26,77,26.7,21.7
2026-08-06T19:20:00+05:30,2026-08-06 19:20:00,24.1,25,22.7,0.6,9.3,25.6,71,0,0,0,1,1,624.1,92,0,0,26,77,26.7,21.7
2026-08-06T19:15:00+05:30,2026-08-06 19:15:00,24.1,25,22.5,2.9,13,25.6,82,0,0,0,1,1,624.1,91,0,0,26.1,77,26.8,21.8
2026-08-06T19:10:00+05:30,2026-08-06 19:10:00,24.2,25.1,22.7,2.9,7.2,25.6,107,0,0,0,1,1,624.1,91,0,0,26.1,77,26.8,21.8
2026-08-06T19:05:00+05:30,2026-08-06 19:05:00,24.3,25.1,22.5,12.2,14.8,25.6,123,0,0,0,1,1,624.1,90,0,0,26.1,77,26.8,21.8
2026-08-06T19:00:00+05:30,2026-08-06 19:00:00,24.4,25.2,22.5,6.4,13,25.6,88,0,0,0,1,1,624.1,89,0,0,26.1,77,26.8,21.8
2026-08-06T18:55:00+05:30,2026-08-06 18:55:00,24.4,25.2,22.5,6.1,11.1,25.6,93,0,0,0,1,1,624.1,89,0,0,26.1,77,26.8,21.8
2026-08-06T18:50:00+05:30,2026-08-06 18:50:00,24.4,25.2,22.6,3.5,7.2,25.6,98,0,0,0,1,1,624.1,90,0,0,26.2,77,26.9,21.8
2026-08-06T18:45:00+05:30,2026-08-06 18:45:00,24.3,25.1,22.5,10.5,13,25.6,86,0,0,0,1,1,624.1,90,0,0,26.2,77,26.9,21.8
2026-08-06T18:40:00+05:30,2026-08-06 18:40:00,24.4,25.2,22.6,1.1,11.1,25.6,71,0,0,0,1,1,624.1,90,0,0,26.2,77,26.9,21.8
2026-08-06T18:35:00+05:30,2026-08-06 18:35:00,24.4,25.2,22.6,0.3,5.5,25.6,121,0,0,0,1,1,624.1,90,0,0.2,26.2,77,26.9,21.8
2026-08-06T18:30:00+05:30,2026-08-06 18:30:00,24.5,25.4,22.7,1.8,11.1,25.6,79,0,0,0,1,1,624.1,90,0,0.8,26.3,77,26.9,21.9
2026-08-06T18:26:00+05:30,2026-08-06 18:26:00,24.6,25.5,22.9,7.6,11.1,25.6,87,0,0,0,1,1,624.1,90,0,1.5,26.3,77,26.9,21.9
2026-08-06T18:20:00+05:30,2026-08-06 18:20:00,24.6,25.5,22.9,1.1,9.3,25.6,67,0,0,0,1,1,624.1,90,0,2.5,26.3,77,26.9,21.9
2026-08-06T18:15:00+05:30,2026-08-06 18:15:00,24.7,25.6,22.8,4,11.1,25.6,148,0,0,0,1,1,624.1,89,0,5.5,26.3,77,26.9,21.9
2026-08-06T18:10:00+05:30,2026-08-06 18:10:00,24.7,25.6,22.8,4,9.3,25.6,93,0,0,0,1,1,624.1,89,0,12.6,26.4,76,27.1,21.8
2026-08-06T18:05:00+05:30,2026-08-06 18:05:00,24.8,25.6,22.8,7.9,16.6,25.6,118,0,0,0,1,1,624.1,89,0,18.4,26.4,76,27.1,21.8
2026-08-06T18:00:00+05:30,2026-08-06 18:00:00,24.8,25.6,22.6,0.3,13,25.6,98,0,0,0,1,1,624.1,88,0,10.3,26.4,76,27.1,21.8
2026-08-06T17:55:00+05:30,2026-08-06 17:55:00,24.8,25.6,22.6,6.4,9.3,25.6,90,0,0,0,1,1,624.1,88,0,19.2,26.5,76,27.2,21.9
2026-08-06T17:50:00+05:30,2026-08-06 17:50:00,24.9,25.7,22.8,3.5,7.2,25.6,74,0,0,0,1,1,624.1,88,0,29,26.5,76,27.2,21.9
2026-08-06T17:45:00+05:30,2026-08-06 17:45:00,25,25.9,22.9,1.1,5.5,25.6,98,0,0,0,1,1,624.1,88,0,28.8,26.6,76,27.3,22
2026-08-06T17:40:00+05:30,2026-08-06 17:40:00,25.3,26.1,23,7.9,23.8,25.6,79,0,0,0,1,1,624.1,87,0,45.1,26.6,76,27.3,22
2026-08-06T17:35:00+05:30,2026-08-06 17:35:00,25.4,26.2,22.9,1.4,5.5,25.6,95,0,0,0,1,1,624.1,86,0,59.4,26.6,76,27.3,22
2026-08-06T17:30:00+05:30,2026-08-06 17:30:00,25.4,26.2,22.9,4,9.3,25.6,63,0,0,0,1,1,624.1,86,0,71.6,26.7,76,28.8,22.1
2026-08-06T17:25:00+05:30,2026-08-06 17:25:00,25.4,26.2,22.9,7.2,11.1,25.6,110,0,0,0,1,1,624.1,86,0,60,26.6,76,27.3,22
2026-08-06T17:21:00+05:30,2026-08-06 17:21:00,25.6,26.5,23.1,0.3,3.5,25.6,93,0,0,0,1,1,624.1,86,0,54.9,26.7,76,28.8,22.1
2026-08-06T17:15:00+05:30,2026-08-06 17:15:00,25.6,26.4,22.9,4.3,13,25.6,81,0,0,0,1,1,624.1,85,0,76.3,26.7,76,28.8,22.1
2026-08-06T17:10:00+05:30,2026-08-06 17:10:00,25.4,26.2,22.9,4,13,25.6,83,0,0,0,1,1,624.1,86,0,68.1,26.8,76,28.9,22.2
2026-08-06T17:05:00+05:30,2026-08-06 17:05:00,25.5,26.4,23,4.7,7.2,25.6,102,0,0,0,1,1,624.1,86,0,74.1,26.8,76,28.9,22.2
2026-08-06T17:00:00+05:30,2026-08-06 17:00:00,25.7,26.6,23.2,0,7.2,25.6,99,0,0,0,1,1,624.1,86,0,54.6,26.8,76,28.9,22.2
2026-08-06T16:55:00+05:30,2026-08-06 16:55:00,25.8,26.6,23.1,7.6,18.3,25.6,59,0,0,0,1,1,624.1,85,0,52.9,26.9,77,29.2,22.5
2026-08-06T16:50:00+05:30,2026-08-06 16:50:00,26.4,27.3,23.5,1.4,13,25.6,78,0,0,0,1,1,624.1,84,0,93.9,26.9,77,29.2,22.5
2026-08-06T16:45:00+05:30,2026-08-06 16:45:00,26.7,29.3,23.4,1.1,18.3,25.6,75,0,0,0,1,1,624.1,82,1,184,27,77,29.4,22.6
2026-08-06T16:40:00+05:30,2026-08-06 16:40:00,26.6,27.5,23.3,2.1,20.1,25.6,83,0,0,0,1,1,624.1,82,2,231.1,27,77,29.4,22.6
2026-08-06T16:35:00+05:30,2026-08-06 16:35:00,26.9,29.8,23.7,0.3,25.6,25.6,101,0,0,0,1,1,624.1,83,2,258,27,77,29.4,22.6
2026-08-06T16:30:00+05:30,2026-08-06 16:30:00,26.6,27.5,23.7,0,3.5,25.6,65,0,0,0,1,1,624.1,84,2,298.7,27,77,29.4,22.6
2026-08-06T16:25:00+05:30,2026-08-06 16:25:00,26.5,27.4,23.4,8.7,13,25.6,113,0,0,0,1,1,624.1,83,1,155.6,27,77,29.4,22.6
2026-08-06T16:20:00+05:30,2026-08-06 16:20:00,26.3,27.1,23.2,10.8,14.8,25.6,123,0,0,0,1,1,624.1,83,3,329.8,27,77,29.4,22.6
2026-08-06T16:16:00+05:30,2026-08-06 16:16:00,26,26.9,23.5,7.2,13,25.6,147,0,0,0,1,1,624.1,86,2,292.1,27,77,29.4,22.6
2026-08-06T16:10:00+05:30,2026-08-06 16:10:00,26.2,27.1,23.5,3.5,9.3,25.6,82,0,0,0,1,1,624.1,85,1,151.2,27,77,29.4,22.6
2026-08-06T16:05:00+05:30,2026-08-06 16:05:00,26.2,27.1,23.5,5,13,25.6,124,0,0,0,1,1,624.1,85,1,182.1,27.1,77,29.7,22.7
2026-08-06T16:00:00+05:30,2026-08-06 16:00:00,26.2,27.1,23.5,0,11.1,25.6,96,0,0,0,1,1,624.1,85,2,233.5,27.1,77,29.7,22.7
2026-08-06T15:55:00+05:30,2026-08-06 15:55:00,25.6,26.5,23.3,1.8,9.3,25.6,50,0,0,0,1,1,624.1,87,4,468,27.1,77,29.7,22.7
2026-08-06T15:50:00+05:30,2026-08-06 15:50:00,25.8,26.7,23.3,5.8,14.8,25.6,107,0,0,0,1,1,624.1,86,1,159.3,27.2,78,30.1,23.1
2026-08-06T15:45:00+05:30,2026-08-06 15:45:00,26.1,27,23.6,3.2,18.3,25.6,91,0,0,0,1,1,624.1,86,1,160,27.2,78,30.1,23.1
2026-08-06T15:40:00+05:30,2026-08-06 15:40:00,26.2,27.2,23.9,3.5,11.1,21.9,95,0,0,0,1,1,624.1,87,1,194.3,27.2,78,30.1,23.1
2026-08-06T15:35:00+05:30,2026-08-06 15:35:00,25.8,26.7,23.6,1.4,7.2,21.9,85,0,0,0,1,1,624.1,88,3,309.1,27.2,79,30.1,23.3
2026-08-06T15:30:00+05:30,2026-08-06 15:30:00,25.7,26.7,24,0.3,9.3,21.9,112,0,0,0,1,1,624.1,90,2,292.2,27.2,79,30.1,23.3
2026-08-06T15:25:00+05:30,2026-08-06 15:25:00,25.7,26.7,23.8,4.7,13,21.9,83,0,0,0,1,1,624.1,89,1,150.4,27.2,79,30.1,23.3
2026-08-06T15:20:00+05:30,2026-08-06 15:20:00,25.8,26.7,23.8,6.1,14.8,21.9,89,0,0,0,1,1,624.1,89,1,168.4,27.2,79,30.1,23.3
2026-08-06T15:15:00+05:30,2026-08-06 15:15:00,25.9,26.9,24.3,1.4,5.5,21.9,125,0,0,0,1,1,624.1,91,2,276.5,27.2,79,30.1,23.3
2026-08-06T15:11:00+05:30,2026-08-06 15:11:00,26.2,27.2,24.1,7.2,20.1,21.9,116,0,0,0,1,1,624.1,88,2,274.1,27.2,79,30.1,23.3
2026-08-06T15:05:00+05:30,2026-08-06 15:05:00,26.5,27.5,24,7.6,11.1,21.9,87,0,0,0,1,1,624.1,86,1,118.6,27.2,79,30.1,23.3
2026-08-06T15:00:00+05:30,2026-08-06 15:00:00,27.2,30.8,24.5,4.7,16.6,21.9,68,0,0,0,1,1,624.1,85,2,233.1,27.2,79,30.1,23.3
2026-08-06T14:55:00+05:30,2026-08-06 14:55:00,26.9,30.1,24.3,0,0,21.9,69,0,0,0,1,1,624.1,86,6,625.8,27.1,79,29.9,23.2
2026-08-06T14:50:00+05:30,2026-08-06 14:50:00,26.4,27.4,24,2.9,13,21.9,112,0,0,0,1,1,624.1,87,6,715.4,27.1,79,29.9,23.2
2026-08-06T14:45:00+05:30,2026-08-06 14:45:00,25.9,26.9,23.9,3.5,14.8,21.9,76,0,0,0,1,1,624.1,89,2,300.9,27.1,79,29.9,23.2
2026-08-06T14:40:00+05:30,2026-08-06 14:40:00,26.1,27.1,24.2,0,11.1,21.9,69,0,0,0,1,1,624.1,89,1,189.9,27.1,79,29.9,23.2
2026-08-06T14:35:00+05:30,2026-08-06 14:35:00,26.4,27.4,24,1.4,20.1,21.9,101,0,0,0,1,1,624.1,87,1,139.3,27.1,80,30,23.3
2026-08-06T14:30:00+05:30,2026-08-06 14:30:00,27.6,31.8,24.9,1.4,3.5,21.9,120,0,0,0,1,1,624.1,85,2,220.6,27.1,80,30,23.3
2026-08-06T14:25:00+05:30,2026-08-06 14:25:00,27.6,31.7,24.7,2.1,7.2,21.9,57,0,0,0,1,1,624.1,84,7,746,27,80,29.7,23.2
2026-08-06T14:20:00+05:30,2026-08-06 14:20:00,27,30.6,24.6,3.5,11.1,21.9,68,0,0,0,1,1,624.1,87,7,810.1,27,80,29.7,23.2
2026-08-06T14:15:00+05:30,2026-08-06 14:15:00,26.3,27.3,24.1,6.4,11.1,21.9,72,0,0,0,1,1,624.1,88,8,866,27,80,29.7,23.2
2026-08-06T14:10:00+05:30,2026-08-06 14:10:00,27.1,30.7,24.6,0,11.1,21.9,87,0,0,0,1,1,624.1,86,2,218,26.9,80,29.5,23.1
2026-08-06T14:06:00+05:30,2026-08-06 14:06:00,27.5,31.3,24.3,6.9,13,21.9,135,0,0,0,1,1,624.1,83,2,265.5,26.9,80,29.5,23.1
2026-08-06T14:00:00+05:30,2026-08-06 14:00:00,28,32.6,24.8,2.9,14.8,21.9,100,0,0,0,1,1,624.1,83,5,544.5,26.8,81,29.3,23.2
2026-08-06T13:55:00+05:30,2026-08-06 13:55:00,27.7,31.8,24.6,2.1,13,21.9,78,0,0,0,1,1,624.1,83,9,979.5,26.7,81,29.2,23.2
2026-08-06T13:50:00+05:30,2026-08-06 13:50:00,27.5,31.3,24.3,5.5,13,21.9,115,0,0,0,1,1,624.1,83,8,891,26.6,81,27.4,23.1
2026-08-06T13:45:00+05:30,2026-08-06 13:45:00,27,30.4,24.5,0.3,13,21.9,74,0,0,0,1,1,624.1,86,8,864.6,26.6,81,27.4,23.1
2026-08-06T13:40:00+05:30,2026-08-06 13:40:00,26.2,27.2,23.9,3.5,9.3,21.9,70,0,0,0,1,1,624.1,87,8,887.8,26.5,81,27.3,22.9
2026-08-06T13:35:00+05:30,2026-08-06 13:35:00,26.7,29.7,24.2,2.9,13,21.9,112,0,0,0,1,1,624.1,86,2,219.8,26.5,81,27.3,22.9
2026-08-06T13:30:00+05:30,2026-08-06 13:30:00,27.2,30.7,24.3,6.4,11.1,18.3,79,0,0,0,1,1,624.1,84,2,287.2,26.5,81,27.3,22.9
2026-08-06T13:25:00+05:30,2026-08-06 13:25:00,27.2,30.7,24.3,0.3,9.3,18.3,120,0,0,0,1,1,624.1,84,9,934.1,26.5,82,27.3,23.2
2026-08-06T13:20:00+05:30,2026-08-06 13:20:00,26.7,29.9,24.4,0,9.3,18.3,92,0,0,0,1,1,624.1,87,2,287.4,26.4,82,27.2,23.1
2026-08-06T13:15:00+05:30,2026-08-06 13:15:00,26.7,29.9,24.4,10.5,13,18.3,130,0,0,0,1,1,624.1,87,8,914.8,26.4,83,27.3,23.3
2026-08-06T13:10:00+05:30,2026-08-06 13:10:00,27,30.4,24.5,11.9,16.6,18.3,122,0,0,0,1,1,624.1,86,5,522.8,26.4,83,27.3,23.3
2026-08-06T13:05:00+05:30,2026-08-06 13:05:00,26.8,30.5,25,4.7,9.3,18.3,120,0,0,0,1,1,624.1,90,9,966.2,26.3,83,27.1,23.2
2026-08-06T13:00:00+05:30,2026-08-06 13:00:00,26.6,27.7,25,0,13,18.3,75,0,0,0,1,1,624.1,91,5,548.9,26.3,83,27.1,23.2
2026-08-06T12:55:00+05:30,2026-08-06 12:55:00,26.1,27.2,24.7,8.2,14.8,16.6,104,0,0,0,1,1,624.1,92,9,934.6,26.3,83,27.1,23.2
2026-08-06T12:50:00+05:30,2026-08-06 12:50:00,25.4,26.5,24.7,0,9.3,16.6,72,0,0,0,1,1,624.1,96,9,936,26.2,83,27.1,23.1
2026-08-06T12:46:00+05:30,2026-08-06 12:46:00,24.8,25.8,24.3,5.5,11.1,16.6,70,0,0,0,1,1,624.1,97,8,916.8,26.2,83,27.1,23.1
2026-08-06T12:40:00+05:30,2026-08-06 12:40:00,24.7,25.8,24.6,0,0,16.6,88,0,0,0,1,1,624.1,99,2,222,26.1,83,26.9,23
2026-08-06T12:35:00+05:30,2026-08-06 12:35:00,24.4,25.5,24.2,0,5.5,16.6,87,0,0,0,1,1,624.1,99,2,300,26.1,83,26.9,23
2026-08-06T12:30:00+05:30,2026-08-06 12:30:00,24.1,25.2,23.9,3.5,7.2,16.6,12,0,0,0,1,1,624.1,99,1,200.9,26.1,83,26.9,23
2026-08-06T12:25:00+05:30,2026-08-06 12:25:00,24.1,25.2,23.9,0,0,16.6,62,0,0,0,1,1,624.1,99,2,228,26.1,83,26.9,23
2026-08-06T12:20:00+05:30,2026-08-06 12:20:00,24,25,23.8,0,0,16.6,67,0,0,0,1,1,624.1,99,1,110.2,26.1,83,26.9,23
2026-08-06T12:15:00+05:30,2026-08-06 12:15:00,23.8,24.8,23.6,0,1.8,16.6,105,0,0,0,1,1,624.1,99,0,57.7,26.1,83,26.9,23
2026-08-06T12:10:00+05:30,2026-08-06 12:10:00,23.8,24.8,23.6,0,7.2,16.6,72,0,0,0,1,1,624.1,99,0,87.5,26.1,83,26.9,23
2026-08-06T12:05:00+05:30,2026-08-06 12:05:00,23.9,24.9,23.7,3.2,9.3,16.6,74,0,0,0,1,1,624.1,99,0,93.8,26.1,83,26.9,23
2026-08-06T12:00:00+05:30,2026-08-06 12:00:00,23.9,24.9,23.7,2.9,5.5,16.6,70,0,0,0,1,1,624.1,99,1,190.2,26.1,83,26.9,23
2026-08-06T11:55:00+05:30,2026-08-06 11:55:00,23.5,24.5,23.3,0,0,16.6,69,0,0,0,1,1,624.1,99,2,303.1,26.1,83,26.9,23
2026-08-06T11:50:00+05:30,2026-08-06 11:50:00,23.9,24.9,23.7,4,5.5,16.6,349,0,0,0,1,1,624.1,99,0,51.5,26.1,83,26.9,23
2026-08-06T11:45:00+05:30,2026-08-06 11:45:00,24.6,25.7,24.4,0,0,16.6,82,0,0,0,1,1,624.1,99,0,26.2,26.1,83,26.9,23
2026-08-06T11:41:00+05:30,2026-08-06 11:41:00,24.5,25.6,24.3,0,0,16.6,72,0,0,0,1,1,624.1,99,0,49,26.1,83,26.9,23
2026-08-06T11:35:00+05:30,2026-08-06 11:35:00,24.6,25.7,24.4,0,0,16.6,90,0,0,0,1,1,624.1,99,0,94.3,26.1,83,26.9,23
2026-08-06T11:30:00+05:30,2026-08-06 11:30:00,24.2,25.3,24.1,0,0,16.6,87,0,0,0,1,1,624.1,99,4,464.9,26,83,26.8,22.9
2026-08-06T11:25:00+05:30,2026-08-06 11:25:00,24,25,23.8,0,0,16.6,75,0,0,0,1,1,624.1,99,3,371,26,83,26.8,22.9
2026-08-06T11:20:00+05:30,2026-08-06 11:20:00,23.7,24.7,23.6,3.5,7.2,16.6,72,0,0,0,1,1,624.1,99,2,302.1,26,83,26.8,22.9
2026-08-06T11:15:00+05:30,2026-08-06 11:15:00,23.7,24.7,23.6,0,0,16.6,85,0,0,0,1,1,624.1,99,1,174,25.9,83,26.7,22.8
2026-08-06T11:10:00+05:30,2026-08-06 11:10:00,23.5,24.5,23.3,0,0,16.6,77,0,0,0,1,1,624.1,99,1,152.3,25.9,83,26.7,22.8
2026-08-06T11:05:00+05:30,2026-08-06 11:05:00,23.5,24.5,23.3,0,0,16.6,73,0,0,0,1,1,624.1,99,1,105.3,25.9,83,26.7,22.8
2026-08-06T11:00:00+05:30,2026-08-06 11:00:00,23.5,24.5,23.3,0,0,16.6,70,0,0,0,1,1,624.1,99,0,64.3,25.9,83,26.7,22.8
2026-08-06T10:55:00+05:30,2026-08-06 10:55:00,23.6,24.6,23.4,0,0,16.6,65,0,0,0,1,1,624.1,99,0,79.1,25.9,82,26.7,22.6
2026-08-06T10:50:00+05:30,2026-08-06 10:50:00,23.5,24.5,23.3,1.1,9.3,16.6,103,0,0,0,1,1,624.1,99,1,180.8,25.8,82,26.6,22.4
2026-08-06T10:45:00+05:30,2026-08-06 10:45:00,23.8,24.8,23.6,0,5.5,16.6,67,0,0,0,1,1,624.1,99,0,23.6,25.8,83,26.6,22.7
2026-08-06T10:40:00+05:30,2026-08-06 10:40:00,24.2,25.3,24.1,0,0,16.6,67,0,0,0,1,1,624.1,99,0,32.7,25.8,83,26.6,22.7
2026-08-06T10:36:00+05:30,2026-08-06 10:36:00,24.2,25.3,24.1,0,0,16.6,74,0,0,0,1,1,624.1,99,0,58.3,25.7,83,26.5,22.6
2026-08-06T10:30:00+05:30,2026-08-06 10:30:00,24,25,23.7,0,0,16.6,78,0,0,0,1,1,624.1,98,2,209.6,25.7,83,26.5,22.6
2026-08-06T10:25:00+05:30,2026-08-06 10:25:00,24,25,23.8,0.6,1.8,16.6,105,0,0,0,1,1,624.1,99,2,245.9,25.6,83,26.4,22.5
2026-08-06T10:20:00+05:30,2026-08-06 10:20:00,23.7,24.7,23.6,0,5.5,16.6,72,0,0,0,1,1,624.1,99,2,270.1,25.6,83,26.4,22.5
2026-08-06T10:15:00+05:30,2026-08-06 10:15:00,23.5,24.5,23.3,2.1,9.3,16.6,70,0,0,0,1,1,624.1,99,1,180.6,25.6,83,26.4,22.5
2026-08-06T10:10:00+05:30,2026-08-06 10:10:00,23.6,24.6,23.4,3.5,5.5,16.6,60,0,0,0,1,1,624.1,99,1,154.9,25.5,82,26.2,22.2
2026-08-06T10:05:00+05:30,2026-08-06 10:05:00,23.5,24.5,23.3,7.2,11.1,16.6,155,0,0,0,1,1,624.1,99,0,95.3,25.5,83,26.3,22.4
2026-08-06T10:00:00+05:30,2026-08-06 10:00:00,23.7,24.7,23.6,0,3.5,16.6,86,0,0,0,1,1,624.1,99,0,37.7,25.5,83,26.3,22.4
2026-08-06T09:55:00+05:30,2026-08-06 09:55:00,23.8,24.8,23.6,0.6,7.2,16.6,117,0,0,0,1,1,624.1,99,1,105,25.4,83,26.2,22.3
2026-08-06T09:50:00+05:30,2026-08-06 09:50:00,23.7,24.7,23.6,6.4,9.3,16.6,103,0,0,0,1,1,624.1,99,1,140,25.4,82,26.1,22.1
2026-08-06T09:45:00+05:30,2026-08-06 09:45:00,23.7,24.7,23.6,4,9.3,16.6,63,0,0,0,1,1,624.1,99,1,200.1,25.4,82,26.1,22.1
2026-08-06T09:40:00+05:30,2026-08-06 09:40:00,23.8,24.8,23.6,0,9.3,16.6,72,0,0,0,1,1,624.1,99,1,123.1,25.3,82,26,22
2026-08-06T09:35:00+05:30,2026-08-06 09:35:00,23.5,24.5,23.3,4,14.8,16.6,82,0,0,0,1,1,624.1,99,2,293.6,25.3,82,26,22
2026-08-06T09:30:00+05:30,2026-08-06 09:30:00,23.4,24.4,23.2,0,9.3,16.6,88,0,0,0,1,1,624.1,99,2,237,25.3,82,26,22
2026-08-06T09:25:00+05:30,2026-08-06 09:25:00,23.4,24.4,23.2,0,0,16.6,70,0,0,0,1,1,624.1,99,1,205,25.3,81,26,21.8
2026-08-06T09:20:00+05:30,2026-08-06 09:20:00,23.2,24.2,23.1,0,0,16.6,74,0,0,0,1,1,624.1,99,1,119.9,25.2,81,25.9,21.7
2026-08-06T09:15:00+05:30,2026-08-06 09:15:00,23.2,24.2,23.1,0,0,16.6,77,0,0,0,1,1,624.1,99,1,134,25.2,81,25.9,21.7
2026-08-06T09:10:00+05:30,2026-08-06 09:10:00,23.1,24.1,22.9,0,0,16.6,85,0,0,0,1,1,624.1,99,1,109.2,25.1,80,25.8,21.4
2026-08-06T09:05:00+05:30,2026-08-06 09:05:00,23,23.9,22.8,2.1,5.5,16.6,82,0,0,0,1,1,624.1,99,0,87.7,25.1,80,25.8,21.4
2026-08-06T09:00:00+05:30,2026-08-06 09:00:00,22.9,23.8,22.7,0.3,13,16.6,72,0,0,0,1,1,624.1,99,1,127.3,25.1,80,25.8,21.4
2026-08-06T08:55:00+05:30,2026-08-06 08:55:00,22.9,23.8,22.7,0,0,16.6,70,0,0,0,1,1,624.1,99,1,149.8,25.1,80,25.8,21.4
2026-08-06T08:50:00+05:30,2026-08-06 08:50:00,22.9,23.8,22.7,0.3,7.2,16.6,78,0,0,0,1,1,624.1,99,1,143.7,25.1,80,25.8,21.4
2026-08-06T08:45:00+05:30,2026-08-06 08:45:00,22.8,23.7,22.6,0,0,16.6,73,0,0,0,1,1,624.1,99,1,143.6,25,80,25.7,21.3
2026-08-06T08:40:00+05:30,2026-08-06 08:40:00,22.8,23.7,22.6,0,0,16.6,70,0,0,0,1,1,624.1,99,0,98.9,25.1,80,25.8,21.4
2026-08-06T08:35:00+05:30,2026-08-06 08:35:00,22.8,23.7,22.6,2.9,9.3,16.6,75,0,0,0,1,1,624.1,99,0,54.2,25.1,80,25.8,21.4
2026-08-06T08:30:00+05:30,2026-08-06 08:30:00,22.9,23.8,22.7,0,3.5,14.8,44,0,0,0,1,1,624.1,99,0,32.4,25.1,80,25.8,21.4
2026-08-06T08:25:00+05:30,2026-08-06 08:25:00,23.1,24.1,22.9,3.5,9.3,14.8,89,0,0,0,1,1,624.1,99,0,25.4,25.1,79,25.7,21.2
2026-08-06T08:20:00+05:30,2026-08-06 08:20:00,23.3,24.2,22.9,4.7,7.2,14.8,97,0,0,0,1,1,624.1,98,0,36.5,25.1,79,25.7,21.2
2026-08-06T08:15:00+05:30,2026-08-06 08:15:00,23.4,24.3,23.1,2.6,5.5,14.8,82,0,0,0,1,1,624.1,98,0,68.4,25.1,79,25.7,21.2
2026-08-06T08:11:00+05:30,2026-08-06 08:11:00,23.5,24.4,23,2.6,7.2,14.8,117,0,0,0,1,1,624.1,97,0,52.2,25.1,79,25.7,21.2
2026-08-06T08:05:00+05:30,2026-08-06 08:05:00,23.7,24.7,23,1.8,9.3,14.8,102,0,0,0,1,1,624.1,96,0,36.6,25.1,79,25.7,21.2
2026-08-06T08:00:00+05:30,2026-08-06 08:00:00,23.9,24.8,23,0,0,14.8,72,0,0,0,1,1,624.1,95,0,25,25,79,25.6,21.1
2026-08-06T07:55:00+05:30,2026-08-06 07:55:00,23.9,24.8,22.9,1.1,3.5,14.8,92,0,0,0,1,1,624.1,94,0,32.2,25,79,25.6,21.1
2026-08-06T07:50:00+05:30,2026-08-06 07:50:00,24,24.9,23,0,14.8,14.8,85,0,0,0,1,1,624.1,94,0,20.9,25,79,25.6,21.1
2026-08-06T07:45:00+05:30,2026-08-06 07:45:00,24.2,25.1,23,4,11.1,14.8,84,0,0,0,1,1,624.1,93,0,38,25,79,25.6,21.1
2026-08-06T07:40:00+05:30,2026-08-06 07:40:00,24.2,25.1,23,0,0,14.8,82,0,0,0,1,1,624.1,93,0,56.3,25,79,25.6,21.1
2026-08-06T07:35:00+05:30,2026-08-06 07:35:00,24.1,25,22.9,2.6,7.2,14.8,121,0,0,0,1,1,624.1,93,1,114,25,79,25.6,21.1
2026-08-06T07:30:00+05:30,2026-08-06 07:30:00,24,24.9,22.8,4,9.3,14.8,94,0,0,0,1,1,624.1,93,0,90.6,25,78,25.6,20.9
2026-08-06T07:25:00+05:30,2026-08-06 07:25:00,24,24.9,22.8,0,1.8,14.8,84,0,0,0,1,1,624.1,93,0,73.6,25,78,25.6,20.9
2026-08-06T07:20:00+05:30,2026-08-06 07:20:00,23.9,24.8,22.7,0,5.5,14.8,70,0,0,0,1,1,624.1,93,0,81.8,25,78,25.6,20.9
2026-08-06T07:15:00+05:30,2026-08-06 07:15:00,23.7,24.6,22.7,0,3.5,14.8,87,0,0,0,1,1,624.1,94,0,75.1,25,78,25.6,20.9
2026-08-06T07:10:00+05:30,2026-08-06 07:10:00,23.6,24.5,22.6,0,5.5,14.8,70,0,0,0,1,1,624.1,94,0,51.5,25,78,25.6,20.9
2026-08-06T07:06:00+05:30,2026-08-06 07:06:00,23.6,24.5,22.6,0,0,14.8,76,0,0,0,1,1,624.1,94,0,45.7,25,78,25.6,20.9
2026-08-06T07:00:00+05:30,2026-08-06 07:00:00,23.6,24.5,22.6,0,0,14.8,71,0,0,0,1,1,624.1,94,0,30.5,25,78,25.6,20.9
2026-08-06T06:55:00+05:30,2026-08-06 06:55:00,23.6,24.5,22.4,1.1,7.2,14.8,76,0,0,0,1,1,624.1,93,0,28.8,25,78,25.6,20.9
2026-08-06T06:50:00+05:30,2026-08-06 06:50:00,23.6,24.5,22.4,0,3.5,14.8,73,0,0,0,1,1,624.1,93,0,28,25,78,25.6,20.9
2026-08-06T06:45:00+05:30,2026-08-06 06:45:00,23.5,24.3,22.3,1.4,3.5,14.8,88,0,0,0,1,1,624.1,93,0,21.2,25,78,25.6,20.9
2026-08-06T06:40:00+05:30,2026-08-06 06:40:00,23.5,24.3,22.3,0,0,14.8,62,0,0,0,1,1,624.1,93,0,13.2,25,78,25.6,20.9
2026-08-06T06:35:00+05:30,2026-08-06 06:35:00,23.4,24.2,22.2,0,5.5,14.8,73,0,0,0,1,1,624.1,93,0,11.6,24.9,78,25.4,20.8
2026-08-06T06:30:00+05:30,2026-08-06 06:30:00,23.4,24.2,22.2,0,0,14.8,70,0,0,0,1,1,624.1,93,0,12.4,25,78,25.6,20.9
2026-08-06T06:25:00+05:30,2026-08-06 06:25:00,23.5,24.3,22.3,0,1.8,14.8,69,0,0,0,1,1,624.1,93,0,10.7,25,78,25.6,20.9
2026-08-06T06:20:00+05:30,2026-08-06 06:20:00,23.4,24.2,22.2,5.8,9.3,14.8,79,0,0,0,1,1,624.1,93,0,9.5,25,78,25.6,20.9
2026-08-06T06:15:00+05:30,2026-08-06 06:15:00,23.4,24.2,22.2,0,1.8,14.8,72,0,0,0,1,1,624.1,93,0,5.9,25,78,25.6,20.9
2026-08-06T06:10:00+05:30,2026-08-06 06:10:00,23.3,24.1,22.3,0,0,14.8,69,0,0,0,1,1,624.1,94,0,4,24.9,77,25.4,20.6
2026-08-06T06:05:00+05:30,2026-08-06 06:05:00,23.3,24.1,22.3,3.5,3.5,14.8,88,0,0,0,1,1,624.1,94,0,2.2,25,77,25.6,20.7
2026-08-06T06:01:00+05:30,2026-08-06 06:01:00,23.3,24.1,22.3,0.6,7.2,14.8,79,0,0,0,1,1,624.1,94,0,0.7,25,77,25.6,20.7
2026-08-06T05:55:00+05:30,2026-08-06 05:55:00,23.4,24.2,22.4,0,1.8,14.8,87,0,0,0,1,1,624.1,94,0,0.5,25,77,25.6,20.7
2026-08-06T05:50:00+05:30,2026-08-06 05:50:00,23.3,24.1,22.3,0,0,14.8,82,0,0,0,1,1,624.1,94,0,0.2,25,77,25.6,20.7
2026-08-06T05:45:00+05:30,2026-08-06 05:45:00,23.4,24.2,22.2,0,0,14.8,71,0,0,0,1,1,624.1,93,0,0.1,25,77,25.6,20.7
2026-08-06T05:40:00+05:30,2026-08-06 05:40:00,23.4,24.2,22.2,2.9,9.3,14.8,74,0,0,0,1,1,624.1,93,0,0,25,77,25.6,20.7
2026-08-06T05:35:00+05:30,2026-08-06 05:35:00,23.5,24.3,22.3,2.9,9.3,14.8,88,0,0,0,1,1,624.1,93,0,0,25,77,25.6,20.7
2026-08-06T05:30:00+05:30,2026-08-06 05:30:00,23.3,24.1,22.1,4.7,7.2,14.8,108,0,0,0,1,1,624.1,93,0,0,25,77,25.6,20.7
2026-08-06T05:25:00+05:30,2026-08-06 05:25:00,23.3,24.1,22.3,1.8,3.5,14.8,76,0,0,0,1,1,624.1,94,0,0,25,77,25.6,20.7
2026-08-06T05:20:00+05:30,2026-08-06 05:20:00,23.3,24.1,22.3,4.7,13,14.8,81,0,0,0,1,1,624.1,94,0,0,25,77,25.6,20.7
2026-08-06T05:15:00+05:30,2026-08-06 05:15:00,,,,0,0,14.8,85,0,0,0,1,1,624.1,,0,0,25,77,25.6,20.7
2026-08-06T05:10:00+05:30,2026-08-06 05:10:00,,,,0.6,9.3,14.8,65,0,0,0,1,1,624.1,,0,0,25.1,77,25.7,20.8
2026-08-06T05:05:00+05:30,2026-08-06 05:05:00,,,,0,0,14.8,69,0,0,0,1,1,624.1,,0,0,25.1,77,25.7,20.8
2026-08-06T05:00:00+05:30,2026-08-06 05:00:00,,,,0,5.5,14.8,71,0,0,0,1,1,624.1,,0,0,25.1,77,25.7,20.8
2026-08-06T04:55:00+05:30,2026-08-06 04:55:00,,,,3.2,5.5,14.8,67,0,0,0,1,1,624.1,,0,0,25.1,77,25.7,20.8
2026-08-06T04:50:00+05:30,2026-08-06 04:50:00,,,,0,7.2,14.8,77,0,0,0,1,1,624.1,,0,0,25,77,25.6,20.7
2026-08-06T04:45:00+05:30,2026-08-06 04:45:00,,,,0,5.5,14.8,94,0,0,0,1,1,624.1,,0,0,25.1,77,25.7,20.8
2026-08-06T04:41:00+05:30,2026-08-06 04:41:00,,,,2.9,13,14.8,83,0,0,0,1,1,624.1,,0,0,25.1,77,25.7,20.8
2026-08-06T04:35:00+05:30,2026-08-06 04:35:00,,,,0,3.5,14.8,60,0,0,0,1,1,624.1,,0,0,25.1,77,25.7,20.8
2026-08-06T04:30:00+05:30,2026-08-06 04:30:00,,,,1.1,5.5,14.8,75,0,0,0,1,1,624.1,,0,0,25.1,77,25.7,20.8
2026-08-06T04:25:00+05:30,2026-08-06 04:25:00,,,,1.8,9.3,14.8,85,0,0,0,1,1,624.1,,0,0,25.1,77,25.7,20.8
2026-08-06T04:20:00+05:30,2026-08-06 04:20:00,,,,5.5,9.3,14.8,64,0,0,0,1,1,624.1,,0,0,25.1,77,25.7,20.8
2026-08-06T04:15:00+05:30,2026-08-06 04:15:00,,,,4,7.2,14.8,72,0,0,0,1,1,624.1,,0,0,25.1,76,25.7,20.6
2026-08-06T04:10:00+05:30,2026-08-06 04:10:00,,,,0,3.5,14.8,73,0,0,0,1,1,624.1,,0,0,25.1,76,25.7,20.6
2026-08-06T04:05:00+05:30,2026-08-06 04:05:00,,,,0.3,9.3,14.8,87,0,0,0,1,1,624.1,,0,0,25.1,76,25.7,20.6
2026-08-06T04:00:00+05:30,2026-08-06 04:00:00,,,,0,0,14.8,73,0,0,0,1,1,624.1,,0,0,25.1,76,25.7,20.6
2026-08-06T03:55:00+05:30,2026-08-06 03:55:00,,,,3.5,5.5,14.8,93,0,0,0,1,1,624.1,,0,0,25.1,76,25.7,20.6
2026-08-06T03:50:00+05:30,2026-08-06 03:50:00,,,,0,5.5,14.8,82,0,0,0,1,1,624.1,,0,0,25.1,76,25.7,20.6
2026-08-06T03:45:00+05:30,2026-08-06 03:45:00,,,,0,1.8,14.8,87,0,0,0,1,1,624.1,,0,0,25.2,76,25.8,20.7
2026-08-06T03:40:00+05:30,2026-08-06 03:40:00,,,,0,0,14.8,69,0,0,0,1,1,624.1,,0,0,25.1,76,25.7,20.6
2026-08-06T03:36:00+05:30,2026-08-06 03:36:00,,,,0,0,14.8,74,0,0,0,1,1,624.1,,0,0,25.1,76,25.7,20.6
2026-08-06T03:30:00+05:30,2026-08-06 03:30:00,,,,0,0,14.8,72,0,0,0,1,1,624.1,,0,0,25.2,76,25.8,20.7
2026-08-06T03:25:00+05:30,2026-08-06 03:25:00,,,,0,1.8,14.8,84,0,0,0,1,1,624.1,,0,0,25.1,76,25.7,20.6
2026-08-06T03:20:00+05:30,2026-08-06 03:20:00,,,,0,0,14.8,68,0,0,0,1,1,624.1,,0,0,25.2,76,25.8,20.7
2026-08-06T03:15:00+05:30,2026-08-06 03:15:00,,,,0,0,14.8,70,0,0,0,1,1,624.1,,0,0,25.2,76,25.8,20.7
2026-08-06T03:10:00+05:30,2026-08-06 03:10:00,22.9,23.7,21.9,0,0,14.8,72,0,0,0,1,1,624.1,94,0,0,25.1,76,25.7,20.6
2026-08-06T03:05:00+05:30,2026-08-06 03:05:00,,,,0,0,14.8,53,0,0,0,1,1,624.1,,0,0,25.1,76,25.7,20.6
2026-08-06T03:00:00+05:30,2026-08-06 03:00:00,,,,0,0,14.8,72,0,0,0,1,1,624.1,,0,0,25.2,75,25.8,20.4
2026-08-06T02:55:00+05:30,2026-08-06 02:55:00,,,,0,0,14.8,66,0,0,0,1,1,624.1,,0,0,25.2,75,25.8,20.4
2026-08-06T02:50:00+05:30,2026-08-06 02:50:00,,,,0,0,14.8,71,0,0,0,1,1,624.1,,0,0,25.2,75,25.8,20.4
2026-08-06T02:45:00+05:30,2026-08-06 02:45:00,,,,1.4,1.8,14.8,97,0,0,0,1,1,624.1,,0,0,25.2,75,25.8,20.4
2026-08-06T02:40:00+05:30,2026-08-06 02:40:00,,,,0,0,14.8,65,0,0,0,1,1,624.1,,0,0,25.2,75,25.8,20.4
2026-08-06T02:35:00+05:30,2026-08-06 02:35:00,,,,0,0,14.8,70,0,0,0,1,1,624.1,,0,0,25.2,75,25.8,20.4
2026-08-06T02:31:00+05:30,2026-08-06 02:31:00,,,,0,1.8,14.8,63,0,0,0,1,1,624.1,,0,0,25.2,75,25.8,20.4
2026-08-06T02:25:00+05:30,2026-08-06 02:25:00,,,,0.3,1.8,14.8,72,0,0,0,1,1,624.1,,0,0,25.2,75,25.8,20.4
2026-08-06T02:20:00+05:30,2026-08-06 02:20:00,,,,0,0,14.8,70,0,0,0,1,1,624.1,,0,0,25.2,75,25.8,20.4
2026-08-06T02:15:00+05:30,2026-08-06 02:15:00,,,,0,0,14.8,70,0,0,0,1,1,624.1,,0,0,25.2,75,25.8,20.4
2026-08-06T02:10:00+05:30,2026-08-06 02:10:00,,,,2.1,7.2,14.8,75,0,0,0,1,1,624.1,,0,0,25.2,75,25.8,20.4
2026-08-06T02:05:00+05:30,2026-08-06 02:05:00,,,,0,0,14.8,72,0,0,0,1,1,624.1,,0,0,25.2,74,25.7,20.2
2026-08-06T02:00:00+05:30,2026-08-06 02:00:00,,,,0,0,14.8,70,0,0,0,1,1,624.1,,0,0,25.2,74,25.7,20.2
2026-08-06T01:55:00+05:30,2026-08-06 01:55:00,,,,1.1,1.8,14.8,72,0,0,0,1,1,624.1,,0,0,25.2,74,25.7,20.2
2026-08-06T01:50:00+05:30,2026-08-06 01:50:00,,,,0,0,14.8,81,0,0,0,1,1,624.1,,0,0,25.3,74,25.8,20.3
2026-08-06T01:45:00+05:30,2026-08-06 01:45:00,,,,0,3.5,14.8,76,0,0,0,1,1,624.1,,0,0,25.3,74,25.8,20.3
2026-08-06T01:40:00+05:30,2026-08-06 01:40:00,,,,0,0,14.8,69,0,0,0,1,1,624.1,,0,0,25.3,74,25.8,20.3
2026-08-06T01:35:00+05:30,2026-08-06 01:35:00,,,,0,0,14.8,72,0,0,0,1,1,624.1,,0,0,25.3,74,25.8,20.3
2026-08-06T01:30:00+05:30,2026-08-06 01:30:00,23.4,24.1,21.5,0,0,14.8,77,0,0,0,1,1,624.1,89,0,0,25.3,74,25.8,20.3
2026-08-06T01:25:00+05:30,2026-08-06 01:25:00,23.5,24.2,21.4,0,0,14.8,72,0,0,0,1,1,624.1,88,0,0,25.3,74,25.8,20.3
2026-08-06T01:20:00+05:30,2026-08-06 01:20:00,23.4,24.1,21.5,1.1,7.2,14.8,100,0,0,0,1,1,624.1,89,0,0,25.3,74,25.8,20.3
2026-08-06T01:15:00+05:30,2026-08-06 01:15:00,23.2,24,21.5,0,0,14.8,70,0,0,0,1,1,624.1,90,0,0,25.3,74,25.8,20.3
2026-08-06T01:10:00+05:30,2026-08-06 01:10:00,23.1,23.8,21.4,5.5,7.2,14.8,97,0,0,0,1,1,624.1,90,0,0,25.3,74,25.8,20.3
2026-08-06T01:05:00+05:30,2026-08-06 01:05:00,23.1,23.8,21.4,1.4,7.2,14.8,87,0,0,0,1,1,624.1,90,0,0,25.3,74,25.8,20.3
2026-08-06T01:00:00+05:30,2026-08-06 01:00:00,23.1,23.8,21.4,0,5.5,14.8,64,0,0,0,1,1,624.1,90,0,0,25.3,74,25.8,20.3
2026-08-06T00:55:00+05:30,2026-08-06 00:55:00,23,23.7,21.3,2.6,3.5,14.8,76,0,0,0,1,1,624.1,90,0,0,25.4,74,25.9,20.4
2026-08-06T00:50:00+05:30,2026-08-06 00:50:00,23,23.7,21.3,6.4,9.3,14.8,84,0,0,0,1,1,624.1,90,0,0,25.4,74,25.9,20.4
2026-08-06T00:45:00+05:30,2026-08-06 00:45:00,22.9,23.6,21.3,2.1,3.5,14.8,98,0,0,0,1,1,624.1,91,0,0,25.4,74,25.9,20.4
2026-08-06T00:40:00+05:30,2026-08-06 00:40:00,22.9,23.6,21.3,0,0,14.8,71,0,0,0,1,1,624.1,91,0,0,25.4,74,25.9,20.4
2026-08-06T00:35:00+05:30,2026-08-06 00:35:00,23,23.7,21.4,0,0,14.8,71,0,0,0,1,1,624.1,91,0,0,25.4,74,25.9,20.4
2026-08-06T00:30:00+05:30,2026-08-06 00:30:00,23,23.7,21.3,0,1.8,14.8,65,0,0,0,1,1,624.1,90,0,0,25.4,74,25.9,20.4
2026-08-06T00:25:00+05:30,2026-08-06 00:25:00,23.2,24,21.5,0,0,14.8,71,0,0,0,1,1,624.1,90,0,0,25.4,74,25.9,20.4
2026-08-06T00:20:00+05:30,2026-08-06 00:20:00,23.3,24,21.4,0,0,14.8,69,0,0,0,1,1,624.1,89,0,0,25.4,74,25.9,20.4
2026-08-06T00:15:00+05:30,2026-08-06 00:15:00,23.4,24.1,21.3,5,5.5,14.8,110,0,0,0,1,1,624.1,88,0,0,25.4,74,25.9,20.4
2026-08-06T00:10:00+05:30,2026-08-06 00:10:00,23.5,24.2,21.4,0,1.8,14.8,57,0,0,0,1,1,624.1,88,0,0,25.5,74,26.1,20.5
2026-08-06T00:06:00+05:30,2026-08-06 00:06:00,23.6,24.3,21.3,0,9.3,14.8,69,0,0,0,1,1,624.1,87,0,0,25.5,73,26,20.3
2026-08-06T00:00:00+05:30,2026-08-06 00:00:00,23.6,24.3,21.3,5.8,9.3,9.3,94,0,0,0,1,1,624.1,87,0,0,25.5,74,26.1,20.5
2026-08-05T23:55:00+05:30,2026-08-05 23:55:00,23.6,24.3,21.3,0,5.5,16.6,76,0,0,0.5,1,1,624.1,87,0,0,25.5,74,26.1,20.5
2026-08-05T23:50:00+05:30,2026-08-05 23:50:00,23.6,24.3,21.3,0,11.1,16.6,74,0,0,0.5,1,1,624.1,87,0,0,25.6,73,26.1,20.4
2026-08-05T23:45:00+05:30,2026-08-05 23:45:00,23.5,24.2,21.2,6.4,9.3,16.6,97,0,0,0.5,1,1,624.1,87,0,0,25.5,74,26.1,20.5
2026-08-05T23:40:00+05:30,2026-08-05 23:40:00,23.5,24.2,21.2,0,3.5,16.6,81,0,0,0.5,1,1,624.1,87,0,0,25.6,74,26.2,20.6
2026-08-05T23:35:00+05:30,2026-08-05 23:35:00,23.5,24.2,21.4,0,5.5,16.6,77,0,0,0.5,1,1,624.1,88,0,0,25.6,74,26.2,20.6
2026-08-05T23:30:00+05:30,2026-08-05 23:30:00,23.4,24.1,21.3,2.6,5.5,16.6,78,0,0,0.5,1,1,624.1,88,0,0,25.6,74,26.2,20.6
2026-08-05T23:25:00+05:30,2026-08-05 23:25:00,23.3,24,21.4,2.9,5.5,16.6,87,0,0,0.5,1,1,624.1,89,0,0,25.6,74,26.2,20.6
2026-08-05T23:20:00+05:30,2026-08-05 23:20:00,23.2,23.9,21.3,0,0,16.6,76,0,0,0.5,1,1,624.1,89,0,0,25.6,74,26.2,20.6
2026-08-05T23:15:00+05:30,2026-08-05 23:15:00,23.3,24,21.4,0,0,16.6,80,0,0,0.5,1,1,624.1,89,0,0,25.6,73,26.1,20.4
2026-08-05T23:10:00+05:30,2026-08-05 23:10:00,23.3,24,21.4,0,3.5,16.6,100,0,0,0.5,1,1,624.1,89,0,0,25.6,73,26.1,20.4
2026-08-05T23:05:00+05:30,2026-08-05 23:05:00,23.3,24,21.4,0.3,3.5,16.6,63,0,0,0.5,1,1,624.1,89,0,0,25.7,73,26.3,20.5
2026-08-05T23:01:00+05:30,2026-08-05 23:01:00,23.4,24.1,21.3,0,0,16.6,77,0,0,0.5,1,1,624.1,88,0,0,25.7,73,26.3,20.5
2026-08-05T22:55:00+05:30,2026-08-05 22:55:00,23.4,24.1,21.3,0,0,16.6,99,0,0,0.5,1,1,624.1,88,0,0,25.7,73,26.3,20.5
2026-08-05T22:50:00+05:30,2026-08-05 22:50:00,23.6,24.3,21.5,0,0,16.6,74,0,0,0.5,1,1,624.1,88,0,0,25.7,73,26.3,20.5
2026-08-05T22:45:00+05:30,2026-08-05 22:45:00,23.6,24.3,21.3,0.3,5.5,16.6,66,0,0,0.5,1,1,624.1,87,0,0,25.7,73,26.3,20.5
2026-08-05T22:40:00+05:30,2026-08-05 22:40:00,23.6,24.3,21.3,0,7.2,16.6,74,0,0,0.5,1,1,624.1,87,0,0,25.8,73,26.3,20.6
2026-08-05T22:35:00+05:30,2026-08-05 22:35:00,23.6,24.3,21.5,0,3.5,16.6,82,0,0,0.5,1,1,624.1,88,0,0,25.8,73,26.3,20.6
2026-08-05T22:30:00+05:30,2026-08-05 22:30:00,23.6,24.3,21.5,2.9,5.5,16.6,93,0,0,0.5,1,1,624.1,88,0,0,25.8,73,26.3,20.6
2026-08-05T22:25:00+05:30,2026-08-05 22:25:00,23.6,24.3,21.5,0,0,16.6,85,0,0,0.5,1,1,624.1,88,0,0,25.8,73,26.3,20.6
2026-08-05T22:20:00+05:30,2026-08-05 22:20:00,23.6,24.3,21.5,0,0,16.6,76,0,0,0.5,1,1,624.1,88,0,0,25.8,73,26.3,20.6
2026-08-05T22:15:00+05:30,2026-08-05 22:15:00,23.6,24.3,21.5,0,5.5,16.6,72,0,0,0.5,1,1,624.1,88,0,0,25.8,73,26.3,20.6
2026-08-05T22:10:00+05:30,2026-08-05 22:10:00,23.6,24.3,21.5,0,0,16.6,77,0,0,0.5,1,1,624.1,88,0,0,25.8,73,26.3,20.6
2026-08-05T22:05:00+05:30,2026-08-05 22:05:00,23.6,24.3,21.5,2.9,3.5,16.6,105,0,0,0.5,1,1,624.1,88,0,0,25.9,73,26.4,20.7
2026-08-05T22:00:00+05:30,2026-08-05 22:00:00,23.8,24.5,21.5,0,0,16.6,94,0,0,0.5,1,1,624.1,87,0,0,25.8,73,26.3,20.6
2026-08-05T21:56:00+05:30,2026-08-05 21:56:00,23.9,24.6,21.6,0,5.5,16.6,90,0,0,0.5,1,1,624.1,87,0,0,25.9,73,26.4,20.7
2026-08-05T21:50:00+05:30,2026-08-05 21:50:00,23.9,24.6,21.6,0,0,16.6,77,0,0,0.5,1,1,624.1,87,0,0,25.9,73,26.4,20.7
2026-08-05T21:45:00+05:30,2026-08-05 21:45:00,23.9,24.6,21.4,0,0,16.6,75,0,0,0.5,1,1,624.1,86,0,0,25.9,73,26.4,20.7
2026-08-05T21:40:00+05:30,2026-08-05 21:40:00,24,24.7,21.5,7.9,9.3,16.6,73,0,0,0.5,1,1,624.1,86,0,0,25.9,73,26.4,20.7
2026-08-05T21:35:00+05:30,2026-08-05 21:35:00,23.8,24.5,21.5,0.3,3.5,16.6,94,0,0,0.5,1,1,624.1,87,0,0,26,73,26.6,20.8
2026-08-05T21:30:00+05:30,2026-08-05 21:30:00,23.8,24.5,21.5,0,0,16.6,72,0,0,0.5,1,1,624.1,87,0,0,26,73,26.6,20.8
2026-08-05T21:25:00+05:30,2026-08-05 21:25:00,23.7,24.4,21.4,0,0,16.6,94,0,0,0.5,1,1,624.1,87,0,0,26,73,26.6,20.8
2026-08-05T21:20:00+05:30,2026-08-05 21:20:00,23.7,24.4,21.4,0,0,16.6,70,0,0,0.5,1,1,624.1,87,0,0,26,73,26.6,20.8
2026-08-05T21:15:00+05:30,2026-08-05 21:15:00,23.6,24.3,21.3,0,0,16.6,73,0,0,0.5,1,1,624.1,87,0,0,26,73,26.6,20.8
2026-08-05T21:10:00+05:30,2026-08-05 21:10:00,23.6,24.3,21.3,0,9.3,16.6,77,0,0,0.5,1,1,624.1,87,0,0,26.1,73,26.7,20.9
2026-08-05T21:05:00+05:30,2026-08-05 21:05:00,23.6,24.3,21.3,0,7.2,16.6,70,0,0,0.5,1,1,624.1,87,0,0,26.1,72,26.7,20.7
2026-08-05T21:00:00+05:30,2026-08-05 21:00:00,23.7,24.4,21.4,0,3.5,16.6,70,0,0,0.5,1,1,624.1,87,0,0,26.1,72,26.7,20.7
2026-08-05T20:55:00+05:30,2026-08-05 20:55:00,23.8,24.5,21.3,0,0,16.6,70,0,0,0.5,1,1,624.1,86,0,0,26.1,72,26.7,20.7
2026-08-05T20:50:00+05:30,2026-08-05 20:50:00,23.9,24.6,21.2,0,0,16.6,77,0,0,0.5,1,1,624.1,85,0,0,26.1,72,26.7,20.7
2026-08-05T20:45:00+05:30,2026-08-05 20:45:00,24,24.6,21.1,1.8,7.2,16.6,91,0,0,0.5,1,1,624.1,84,0,0,26.1,72,26.7,20.7
2026-08-05T20:40:00+05:30,2026-08-05 20:40:00,23.8,24.4,21.1,0,0,16.6,81,0,0,0.5,1,1,624.1,85,0,0,26.2,72,26.8,20.8
2026-08-05T20:36:00+05:30,2026-08-05 20:36:00,23.7,24.4,21.2,0,0,16.6,78,0,0,0.5,1,1,624.1,86,0,0,26.2,72,26.8,20.8
2026-08-05T20:30:00+05:30,2026-08-05 20:30:00,23.6,24.3,21.3,0,0,16.6,75,0,0,0.5,1,1,624.1,87,0,0,26.2,72,26.8,20.8
2026-08-05T20:25:00+05:30,2026-08-05 20:25:00,23.7,24.4,21.4,0,5.5,16.6,80,0,0,0.5,1,1,624.1,87,0,0,26.2,72,26.8,20.8
2026-08-05T20:20:00+05:30,2026-08-05 20:20:00,23.8,24.5,21.3,0,0,16.6,70,0,0,0.5,1,1,624.1,86,0,0,26.2,72,26.8,20.8
2026-08-05T20:15:00+05:30,2026-08-05 20:15:00,23.7,24.4,21.2,0,0,16.6,80,0,0,0.5,1,1,624.1,86,0,0,26.3,72,26.8,20.8
2026-08-05T20:10:00+05:30,2026-08-05 20:10:00,23.6,24.3,21.1,0,0,16.6,115,0,0,0.5,1,1,624.1,86,0,0,26.3,72,26.8,20.8
2026-08-05T20:05:00+05:30,2026-08-05 20:05:00,23.8,24.5,21.3,0,0,16.6,76,0,0,0.5,1,1,624.1,86,0,0,26.3,72,26.8,20.8
2026-08-05T20:00:00+05:30,2026-08-05 20:00:00,24,24.7,21.5,0,0,16.6,77,0,0,0.5,1,1,624.1,86,0,0,26.3,72,26.8,20.8
2026-08-05T19:55:00+05:30,2026-08-05 19:55:00,24.1,24.8,21.4,0,0,16.6,62,0,0,0.5,1,1,624.1,85,0,0,26.3,72,26.8,20.8
2026-08-05T19:50:00+05:30,2026-08-05 19:50:00,24.2,24.9,21.3,0,0,16.6,67,0,0,0.5,1,1,624.1,84,0,0,26.4,72,26.9,20.9
2026-08-05T19:45:00+05:30,2026-08-05 19:45:00,24.3,24.9,21.2,0,0,16.6,79,0,0,0.5,1,1,624.1,83,0,0,26.4,72,26.9,20.9
2026-08-05T19:40:00+05:30,2026-08-05 19:40:00,24.4,25.1,21.3,0,0,16.6,72,0,0,0.5,1,1,624.1,83,0,0,26.4,72,26.9,20.9
2026-08-05T19:35:00+05:30,2026-08-05 19:35:00,24.3,24.9,21.2,0,0,16.6,79,0,0,0.5,1,1,624.1,83,0,0,26.5,72,27.1,21.1
2026-08-05T19:31:00+05:30,2026-08-05 19:31:00,24.3,25,21.4,0,0,16.6,123,0,0,0.5,1,1,624.1,84,0,0,26.5,72,27.1,21.1
2026-08-05T19:25:00+05:30,2026-08-05 19:25:00,24.3,24.9,21.2,5,9.3,16.6,95,0,0,0.5,1,1,624.1,83,0,0,26.6,72,27.2,21.1
2026-08-05T19:20:00+05:30,2026-08-05 19:20:00,24.3,25,21.6,0.3,5.5,16.6,101,0,0,0.5,1,1,624.1,85,0,0,26.6,73,27.2,21.4
2026-08-05T19:15:00+05:30,2026-08-05 19:15:00,24.4,25.1,21.7,0.3,5.5,16.6,84,0,0,0.5,1,1,624.1,85,0,0,26.6,72,27.2,21.1
2026-08-05T19:10:00+05:30,2026-08-05 19:10:00,24.6,25.3,21.9,2.6,3.5,16.6,98,0,0,0.5,1,1,624.1,85,0,0,26.6,72,27.2,21.1
2026-08-05T19:05:00+05:30,2026-08-05 19:05:00,24.7,25.4,21.6,2.1,11.1,16.6,75,0,0,0.5,1,1,624.1,83,0,0,26.6,73,27.2,21.4
2026-08-05T19:00:00+05:30,2026-08-05 19:00:00,24.7,25.4,21.8,0,7.2,16.6,77,0,0,0.5,1,1,624.1,84,0,0,26.7,73,28.6,21.4
2026-08-05T18:55:00+05:30,2026-08-05 18:55:00,24.6,25.4,22.1,0,0,16.6,81,0,0,0.5,1,1,624.1,86,0,0,26.7,73,28.6,21.4
2026-08-05T18:50:00+05:30,2026-08-05 18:50:00,24.6,25.3,21.9,0.3,1.8,16.6,94,0,0,0.5,1,1,624.1,85,0,0,26.7,73,28.6,21.4
2026-08-05T18:45:00+05:30,2026-08-05 18:45:00,24.7,25.5,22,0,0,16.6,71,0,0,0.5,1,1,624.1,85,0,0,26.8,73,28.7,21.5
2026-08-05T18:40:00+05:30,2026-08-05 18:40:00,24.7,25.5,22,0,0,16.6,93,0,0,0.5,1,1,624.1,85,0,0.1,26.8,72,28.6,21.3
2026-08-05T18:35:00+05:30,2026-08-05 18:35:00,24.8,25.5,21.9,1.4,5.5,16.6,94,0,0,0.5,1,1,624.1,84,0,0.3,26.8,72,28.6,21.3
2026-08-05T18:30:00+05:30,2026-08-05 18:30:00,25,25.7,22.1,0.3,1.8,16.6,73,0,0,0.5,1,1,624.1,84,0,0.8,26.9,72,28.8,21.4
2026-08-05T18:26:00+05:30,2026-08-05 18:26:00,25,25.7,22.1,0,0,16.6,76,0,0,0.5,1,1,624.1,84,0,1.4,26.9,72,28.8,21.4
2026-08-05T18:20:00+05:30,2026-08-05 18:20:00,25.2,26,22.3,0,0,16.6,70,0,0,0.5,1,1,624.1,84,0,3.1,26.9,72,28.8,21.4
2026-08-05T18:15:00+05:30,2026-08-05 18:15:00,25.3,26,22.2,0,0,16.6,90,0,0,0.5,1,1,624.1,83,0,5.8,26.9,72,28.8,21.4
2026-08-05T18:10:00+05:30,2026-08-05 18:10:00,25.4,26.2,22.3,0,0,16.6,79,0,0,0.5,1,1,624.1,83,0,9.7,26.9,72,28.8,21.4
2026-08-05T18:05:00+05:30,2026-08-05 18:05:00,25.5,26.2,22.2,0,0,16.6,92,0,0,0.5,1,1,624.1,82,0,13,26.9,72,28.8,21.4
2026-08-05T18:00:00+05:30,2026-08-05 18:00:00,25.7,26.5,22.2,0,0,16.6,73,0,0,0.5,1,1,624.1,81,0,17.9,27,72,29,21.5
2026-08-05T17:55:00+05:30,2026-08-05 17:55:00,25.9,26.6,22.4,0,0,16.6,76,0,0,0.5,1,1,624.1,81,0,23.3,27,72,29,21.5
2026-08-05T17:50:00+05:30,2026-08-05 17:50:00,26,26.7,22.3,0,0,16.6,71,0,0,0.5,1,1,624.1,80,0,27.6,27,72,29,21.5
2026-08-05T17:45:00+05:30,2026-08-05 17:45:00,26.1,26.9,22.4,0,0,16.6,71,0,0,0.5,1,1,624.1,80,0,33.2,27,72,29,21.5
2026-08-05T17:40:00+05:30,2026-08-05 17:40:00,26.2,27,22.3,0,0,16.6,82,0,0,0.5,1,1,624.1,79,0,39.3,27,72,29,21.5
2026-08-05T17:35:00+05:30,2026-08-05 17:35:00,26.3,27,22.3,0,3.5,16.6,91,0,0,0.5,1,1,624.1,79,0,44.7,27,72,29,21.5
2026-08-05T17:30:00+05:30,2026-08-05 17:30:00,26.4,27.1,22.2,0,11.1,16.6,96,0,0,0.5,1,1,624.1,78,0,51,27.1,72,29.2,21.6
2026-08-05T17:25:00+05:30,2026-08-05 17:25:00,26.5,27.2,22.1,0,0,16.6,70,0,0,0.5,1,1,624.1,77,0,57.8,27.1,71,29.1,21.4
2026-08-05T17:20:00+05:30,2026-08-05 17:20:00,26.6,27.3,22.2,6.1,7.2,16.6,93,0,0,0.5,1,1,624.1,77,0,63.9,27.1,71,29.1,21.4
2026-08-05T17:15:00+05:30,2026-08-05 17:15:00,26.7,28.8,22.1,0.3,7.2,16.6,65,0,0,0.5,1,1,624.1,76,0,71.9,27.1,71,29.1,21.4
2026-08-05T17:10:00+05:30,2026-08-05 17:10:00,26.9,29.2,22.3,0,13,16.6,91,0,0,0.5,1,1,624.1,76,0,80.1,27.2,71,29.3,21.5
2026-08-05T17:05:00+05:30,2026-08-05 17:05:00,27.2,29.7,22.4,0,1.8,16.6,75,0,0,0.5,1,1,624.1,75,0,89.1,27.2,71,29.3,21.5
2026-08-05T17:00:00+05:30,2026-08-05 17:00:00,27.2,29.6,22.2,4.7,7.2,16.6,107,0,0,0.5,1,1,624.1,74,0,96.2,27.2,71,29.3,21.5
2026-08-05T16:55:00+05:30,2026-08-05 16:55:00,27.2,29.5,21.9,0.6,7.2,16.6,88,0,0,0.5,1,1,624.1,73,1,108.7,27.3,71,29.4,21.6
2026-08-05T16:50:00+05:30,2026-08-05 16:50:00,27.4,29.9,22.3,0,7.2,16.6,79,0,0,0.5,1,1,624.1,74,1,118.7,27.3,71,29.4,21.6
2026-08-05T16:45:00+05:30,2026-08-05 16:45:00,27.5,30.1,22.2,0,5.5,16.6,72,0,0,0.5,1,1,624.1,73,1,132.1,27.3,71,29.4,21.6
2026-08-05T16:40:00+05:30,2026-08-05 16:40:00,27.5,30.2,22.4,0,7.2,16.6,87,0,0,0.5,1,1,624.1,74,1,144.7,27.4,71,29.6,21.7
2026-08-05T16:35:00+05:30,2026-08-05 16:35:00,27.8,30.6,22.5,0,1.8,16.6,63,0,0,0.5,1,1,624.1,73,1,148.7,27.4,71,29.6,21.7
2026-08-05T16:30:00+05:30,2026-08-05 16:30:00,27.8,30.6,22.5,0,5.5,16.6,81,0,0,0.5,1,1,624.1,73,1,170.1,27.4,71,29.6,21.7
2026-08-05T16:25:00+05:30,2026-08-05 16:25:00,28,30.9,22.5,5.5,7.2,16.6,98,0,0,0.5,1,1,624.1,72,1,183,27.4,71,29.6,21.7
2026-08-05T16:20:00+05:30,2026-08-05 16:20:00,27.8,30.7,22.7,1.1,3.5,16.6,142,0,0,0.5,1,1,624.1,74,2,205.9,27.3,71,29.4,21.6
2026-08-05T16:15:00+05:30,2026-08-05 16:15:00,28,31.2,22.9,0.6,7.2,16.6,103,0,0,0.5,1,1,624.1,74,2,220.4,27.3,72,29.6,21.8
2026-08-05T16:10:00+05:30,2026-08-05 16:10:00,28.2,31.5,22.9,0,1.8,16.6,54,0,0,0.5,1,1,624.1,73,2,231.1,27.3,72,29.6,21.8
2026-08-05T16:05:00+05:30,2026-08-05 16:05:00,28.5,32.2,23.2,4,5.5,16.6,92,0,0,0.5,1,1,624.1,73,2,250,27.3,72,29.6,21.8
2026-08-05T16:01:00+05:30,2026-08-05 16:01:00,28.3,31.8,23.2,0,0,16.6,63,0,0,0.5,1,1,624.1,74,2,272.6,27.3,72,29.6,21.8
2026-08-05T15:55:00+05:30,2026-08-05 15:55:00,28.5,32,22.9,1.4,3.5,16.6,72,0,0,0.5,1,1,624.1,72,2,282.1,27.3,72,29.6,21.8
2026-08-05T15:50:00+05:30,2026-08-05 15:50:00,28.5,32.2,23.2,0,0,16.6,67,0,0,0.5,1,1,624.1,73,3,310.1,27.3,72,29.6,21.8
2026-08-05T15:45:00+05:30,2026-08-05 15:45:00,28.2,31.7,23.1,0,1.8,16.6,72,0,0,0.5,1,1,624.1,74,3,313.6,27.3,72,29.6,21.8
2026-08-05T15:40:00+05:30,2026-08-05 15:40:00,28.1,31.3,22.8,1.4,5.5,16.6,106,0,0,0.5,1,1,624.1,73,3,324.8,27.2,73,29.5,21.9
2026-08-05T15:35:00+05:30,2026-08-05 15:35:00,27.9,31.1,23,0,1.8,16.6,79,0,0,0.5,1,1,624.1,75,3,367.9,27.2,75,29.7,22.4
2026-08-05T15:30:00+05:30,2026-08-05 15:30:00,27.9,31,22.8,0.3,3.5,16.6,74,0,0,0.5,1,1,624.1,74,3,366.7,27.2,75,29.7,22.4
2026-08-05T15:25:00+05:30,2026-08-05 15:25:00,28,31.4,23.1,4.3,9.3,16.6,124,0,0,0.5,1,1,624.1,75,3,350.5,27.2,76,29.8,22.6
2026-08-05T15:20:00+05:30,2026-08-05 15:20:00,27.8,31.4,23.8,0,3.5,16.6,79,0,0,0.5,1,1,624.1,79,3,339.8,27.1,76,29.6,22.5
2026-08-05T15:15:00+05:30,2026-08-05 15:15:00,27.8,31.3,23.6,0.6,7.2,16.6,70,0,0,0.5,1,1,624.1,78,3,333.4,27.1,76,29.6,22.5
2026-08-05T15:10:00+05:30,2026-08-05 15:10:00,27.3,30.5,23.7,0,5.5,16.6,80,0,0,0.5,1,1,624.1,81,3,356.8,27,75,29.3,22.2
2026-08-05T15:05:00+05:30,2026-08-05 15:05:00,27.4,30.6,23.6,6.1,9.3,16.6,123,0,0,0.5,1,1,624.1,80,3,360,27,75,29.3,22.2
2026-08-05T15:00:00+05:30,2026-08-05 15:00:00,27,29.8,23.5,0.6,11.1,16.6,59,0,0,0.5,1,1,624.1,81,3,345.3,27,75,29.3,22.2
2026-08-05T14:56:00+05:30,2026-08-05 14:56:00,27.3,30.3,23.3,9.3,11.1,16.6,142,0,0,0.5,1,1,624.1,79,3,359.2,27,75,29.3,22.2
2026-08-05T14:50:00+05:30,2026-08-05 14:50:00,27.4,30.6,23.6,0,5.5,16.6,93,0,0,0.5,1,1,624.1,80,3,360,27,75,29.3,22.2
2026-08-05T14:45:00+05:30,2026-08-05 14:45:00,27.3,30.4,23.5,0,14.8,16.6,71,0,0,0.5,1,1,624.1,80,3,340.3,26.9,75,29.1,22.1
2026-08-05T14:40:00+05:30,2026-08-05 14:40:00,27.4,30.5,23.4,1.4,14.8,16.6,114,0,0,0.5,1,1,624.1,79,3,329.9,26.9,75,29.1,22.1
2026-08-05T14:35:00+05:30,2026-08-05 14:35:00,27.5,30.5,23.1,0,0,16.6,67,0,0,0.5,1,1,624.1,77,3,313.3,26.9,75,29.1,22.1
2026-08-05T14:30:00+05:30,2026-08-05 14:30:00,27.7,31.3,23.7,0,0,16.6,122,0,0,0.5,1,1,624.1,79,3,313.9,26.9,75,29.1,22.1
2026-08-05T14:25:00+05:30,2026-08-05 14:25:00,27.4,30.6,23.6,0,0,16.6,69,0,0,0.5,1,1,624.1,80,3,308.1,26.9,75,29.1,22.1
2026-08-05T14:20:00+05:30,2026-08-05 14:20:00,27.4,30.4,23.2,0.3,1.8,16.6,89,0,0,0.5,1,1,624.1,78,2,301.4,26.8,75,28.8,21.9
2026-08-05T14:15:00+05:30,2026-08-05 14:15:00,27.4,30.4,23.2,0,0,16.6,92,0,0,0.5,1,1,624.1,78,2,298.9,26.8,75,28.8,21.9
2026-08-05T14:10:00+05:30,2026-08-05 14:10:00,27.3,30.1,23.1,0,3.5,16.6,84,0,0,0.5,1,1,624.1,78,2,303.6,26.8,75,28.8,21.9
2026-08-05T14:05:00+05:30,2026-08-05 14:05:00,27.4,30.5,23.4,0,7.2,16.6,80,0,0,0.5,1,1,624.1,79,3,308.2,26.7,75,28.8,21.9
2026-08-05T14:00:00+05:30,2026-08-05 14:00:00,27.3,30.4,23.5,0,5.5,16.6,82,0,0,0.5,1,1,624.1,80,2,301.6,26.7,75,28.8,21.9
2026-08-05T13:55:00+05:30,2026-08-05 13:55:00,27.1,30,23.4,1.1,9.3,16.6,90,0,0,0.5,1,1,624.1,80,2,297.2,26.6,75,27.3,21.8
2026-08-05T13:51:00+05:30,2026-08-05 13:51:00,26.9,29.4,22.9,6.1,7.2,16.6,72,0,0,0.5,1,1,624.1,79,2,295.8,26.6,75,27.3,21.8
2026-08-05T13:45:00+05:30,2026-08-05 13:45:00,27.2,30,23,5.5,9.3,16.6,84,0,0,0.5,1,1,624.1,78,2,291.3,26.6,75,27.3,21.8
2026-08-05T13:40:00+05:30,2026-08-05 13:40:00,27.1,29.7,22.7,0,9.3,16.6,38,0,0,0.5,1,1,624.1,77,2,298.6,26.6,75,27.3,21.8
2026-08-05T13:35:00+05:30,2026-08-05 13:35:00,26.9,29.3,22.7,0,7.2,16.6,73,0,0,0.5,1,1,624.1,78,2,297.9,26.6,74,27.3,21.6
2026-08-05T13:30:00+05:30,2026-08-05 13:30:00,27.1,29.5,22.3,6.4,9.3,16.6,109,0,0,0.5,1,1,624.1,75,2,298.4,26.6,75,27.3,21.8
2026-08-05T13:25:00+05:30,2026-08-05 13:25:00,27.3,29.9,22.7,0,5.5,16.6,65,0,0,0.5,1,1,624.1,76,2,305.6,26.6,74,27.3,21.6
2026-08-05T13:20:00+05:30,2026-08-05 13:20:00,27,29.3,22.2,2.1,13,16.6,87,0,0,0.5,1,1,624.1,75,3,315.4,26.6,74,27.3,21.6
2026-08-05T13:15:00+05:30,2026-08-05 13:15:00,27.2,29.8,22.6,0,5.5,16.6,63,0,0,0.5,1,1,624.1,76,3,330.3,26.5,75,27.2,21.7
2026-08-05T13:10:00+05:30,2026-08-05 13:10:00,27.3,30.1,23.1,0,0,16.6,70,0,0,0.5,1,1,624.1,78,3,360.9,26.5,75,27.2,21.7
2026-08-05T13:05:00+05:30,2026-08-05 13:05:00,27.3,29.9,22.7,0,0,16.6,71,0,0,0.5,1,1,624.1,76,3,375.7,26.4,75,27.1,21.6
2026-08-05T13:00:00+05:30,2026-08-05 13:00:00,27.3,30,22.9,0.3,1.8,16.6,71,0,0,0.5,1,1,624.1,77,3,357.7,26.4,75,27.1,21.6
2026-08-05T12:55:00+05:30,2026-08-05 12:55:00,27.3,30,22.9,2.1,5.5,16.6,65,0,0,0.5,1,1,624.1,77,3,346.3,26.4,75,27.1,21.6
2026-08-05T12:50:00+05:30,2026-08-05 12:50:00,27.1,29.9,23.1,0,0,16.6,70,0,0,0.5,1,1,624.1,79,3,348.4,26.4,75,27.1,21.6
2026-08-05T12:45:00+05:30,2026-08-05 12:45:00,27.3,30,22.9,0,1.8,16.6,107,0,0,0.5,1,1,624.1,77,1,198.3,26.4,75,27.1,21.6
2026-08-05T12:40:00+05:30,2026-08-05 12:40:00,27.4,30.2,22.8,1.8,5.5,16.6,73,0,0,0.5,1,1,624.1,76,3,366.5,26.4,75,27.1,21.6
2026-08-05T12:35:00+05:30,2026-08-05 12:35:00,26.9,29.3,22.7,0,3.5,16.6,56,0,0,0.5,1,1,624.1,78,4,413.5,26.3,74,26.9,21.3
2026-08-05T12:31:00+05:30,2026-08-05 12:31:00,27,29.6,22.8,0,5.5,16.6,68,0,0,0.5,1,1,624.1,78,3,369,26.3,74,26.9,21.3
2026-08-05T12:25:00+05:30,2026-08-05 12:25:00,27,29.6,22.8,0,0,16.6,79,0,0,0.5,1,1,624.1,78,3,363.1,26.2,74,26.8,21.2
2026-08-05T12:20:00+05:30,2026-08-05 12:20:00,26.6,27.3,22.2,1.1,1.8,16.6,89,0,0,0.5,1,1,624.1,77,3,346.9,26.2,74,26.8,21.2
2026-08-05T12:15:00+05:30,2026-08-05 12:15:00,26.7,28.8,22.1,10.5,14.8,16.6,106,0,0,0.5,1,1,624.1,76,3,326.1,26.2,75,26.8,21.4
2026-08-05T12:10:00+05:30,2026-08-05 12:10:00,26.7,29.1,22.8,0.3,1.8,16.6,71,0,0,0.5,1,1,624.1,79,2,288.1,26.2,75,26.8,21.4
2026-08-05T12:05:00+05:30,2026-08-05 12:05:00,26.6,27.3,22.2,1.4,5.5,16.6,87,0,0,0.5,1,1,624.1,77,2,272.8,26.1,75,26.7,21.3
2026-08-05T12:00:00+05:30,2026-08-05 12:00:00,26.9,29.3,22.7,0,5.5,16.6,77,0,0,0.5,1,1,624.1,78,3,308,26.1,75,26.7,21.3
2026-08-05T11:55:00+05:30,2026-08-05 11:55:00,26.7,29,22.6,0,0,16.6,81,0,0,0.5,1,1,624.1,78,2,307.1,26.1,76,26.8,21.6
2026-08-05T11:50:00+05:30,2026-08-05 11:50:00,26.8,29.2,22.8,0,0,16.6,68,0,0,0.5,1,1,624.1,79,2,269.1,26.1,76,26.8,21.6
2026-08-05T11:45:00+05:30,2026-08-05 11:45:00,26.7,28.9,22.3,0,0,16.6,53,0,0,0.5,1,1,624.1,77,3,362,26.1,76,26.8,21.6
2026-08-05T11:40:00+05:30,2026-08-05 11:40:00,26.7,29,22.6,0,11.1,16.6,88,0,0,0.5,1,1,624.1,78,2,276.1,26,76,26.7,21.4
2026-08-05T11:35:00+05:30,2026-08-05 11:35:00,26.7,29.1,22.8,0,3.5,16.6,71,0,0,0.5,1,1,624.1,79,3,360.5,26,76,26.7,21.4
2026-08-05T11:30:00+05:30,2026-08-05 11:30:00,26.6,27.4,22.9,0,11.1,16.6,104,0,0,0.5,1,1,624.1,80,3,315.5,26,76,26.7,21.4
2026-08-05T11:26:00+05:30,2026-08-05 11:26:00,26.7,29.1,22.8,0.3,5.5,16.6,66,0,0,0.5,1,1,624.1,79,3,325.9,25.9,77,26.6,21.6
2026-08-05T11:20:00+05:30,2026-08-05 11:20:00,26.6,27.4,22.9,0,11.1,16.6,74,0,0,0.5,1,1,624.1,80,4,438.2,25.9,76,26.5,21.3
2026-08-05T11:15:00+05:30,2026-08-05 11:15:00,26.4,27.1,22.4,0,5.5,16.6,33,0,0,0.5,1,1,624.1,79,3,394.5,25.8,77,26.4,21.4
2026-08-05T11:10:00+05:30,2026-08-05 11:10:00,26.4,27.1,22.4,7.2,14.8,16.6,85,0,0,0.5,1,1,624.1,79,3,386.8,25.8,77,26.4,21.4
2026-08-05T11:05:00+05:30,2026-08-05 11:05:00,26.4,27.2,22.7,2.1,11.1,16.6,105,0,0,0.5,1,1,624.1,80,3,383.9,25.8,77,26.4,21.4
2026-08-05T11:00:00+05:30,2026-08-05 11:00:00,26.1,26.9,22.8,4.7,11.1,16.6,92,0,0,0.5,1,1,624.1,82,3,387.2,25.8,78,26.4,21.7
2026-08-05T10:55:00+05:30,2026-08-05 10:55:00,26.4,27.2,23.1,6.1,16.6,16.6,74,0,0,0.5,1,1,624.1,82,3,345.5,25.7,78,26.4,21.6
2026-08-05T10:50:00+05:30,2026-08-05 10:50:00,26.4,27.2,23.1,0,14.8,16.6,82,0,0,0.5,1,1,624.1,82,3,335.6,25.7,78,26.4,21.6
2026-08-05T10:45:00+05:30,2026-08-05 10:45:00,26.5,27.3,23,5.5,9.3,16.6,41,0,0,0.5,1,1,624.1,81,5,542.5,25.7,78,26.4,21.6
2026-08-05T10:40:00+05:30,2026-08-05 10:40:00,26.3,27.1,22.7,0,16.6,16.6,76,0,0,0.5,1,1,624.1,81,6,659,25.6,79,26.3,21.7
2026-08-05T10:35:00+05:30,2026-08-05 10:35:00,26.4,27.2,22.9,2.9,9.3,16.6,130,0,0,0.5,1,1,624.1,81,5,568.4,25.6,80,26.3,21.9
2026-08-05T10:30:00+05:30,2026-08-05 10:30:00,26.3,27.1,23,0,1.8,16.6,72,0,0,0.5,1,1,624.1,82,3,384.8,25.5,80,26.2,21.8
2026-08-05T10:25:00+05:30,2026-08-05 10:25:00,26.1,26.9,22.8,4.7,13,16.6,111,0,0,0.5,1,1,624.1,82,4,467.5,25.5,80,26.2,21.8
2026-08-05T10:21:00+05:30,2026-08-05 10:21:00,26.3,27.1,23,5.5,16.6,16.6,114,0,0,0.5,1,1,624.1,82,3,350.9,25.4,80,26.1,21.7
2026-08-05T10:15:00+05:30,2026-08-05 10:15:00,26,26.8,22.9,10.1,14.8,16.6,113,0,0,0.5,1,1,624.1,83,4,470.8,25.4,81,26.1,21.9
2026-08-05T10:10:00+05:30,2026-08-05 10:10:00,26,26.8,23.1,2.9,9.3,16.6,81,0,0,0.5,1,1,624.1,84,4,484.3,25.4,82,26.1,22.1
2026-08-05T10:05:00+05:30,2026-08-05 10:05:00,25.8,26.6,23.1,4.7,16.6,16.6,96,0,0,0.5,1,1,624.1,85,3,409.9,25.3,82,26,22
2026-08-05T10:00:00+05:30,2026-08-05 10:00:00,25.6,26.5,23.3,4,7.2,14.8,84,0,0,0.5,1,1,624.1,87,4,426.8,25.3,83,26.1,22.2
2026-08-05T09:55:00+05:30,2026-08-05 09:55:00,25.6,26.6,23.7,2.9,11.1,14.8,71,0,0,0.5,1,1,624.1,89,3,385.5,25.2,83,25.9,22.1
2026-08-05T09:50:00+05:30,2026-08-05 09:50:00,25.3,26.2,23.7,0,0,14.8,85,0,0,0.5,1,1,624.1,91,3,365,25.1,83,25.8,22
2026-08-05T09:45:00+05:30,2026-08-05 09:45:00,25.2,26.2,23.5,0.3,1.8,14.8,108,0,0,0.5,1,1,624.1,90,2,303.3,25.1,83,25.8,22
2026-08-05T09:40:00+05:30,2026-08-05 09:40:00,25.2,26.2,23.5,0,9.3,14.8,86,0,0,0.5,1,1,624.1,90,2,295.4,25.1,83,25.8,22
2026-08-05T09:35:00+05:30,2026-08-05 09:35:00,25,26,24,0,1.8,14.8,83,0,0,0.5,1,1,624.1,94,4,477.2,25,83,25.7,21.9
2026-08-05T09:30:00+05:30,2026-08-05 09:30:00,24.7,25.8,24,0,11.1,14.8,72,0,0,0.5,1,1,624.1,96,5,526.3,25,83,25.7,21.9
2026-08-05T09:25:00+05:30,2026-08-05 09:25:00,24.1,25.1,23.8,0,1.8,14.8,84,0,0,0.5,1,1,624.1,98,4,478.8,24.9,83,25.6,21.8
2026-08-05T09:20:00+05:30,2026-08-05 09:20:00,23.4,24.4,23.2,0,7.2,14.8,72,0,0,0.5,1,1,624.1,99,4,507.2,24.9,83,25.6,21.8
2026-08-05T09:15:00+05:30,2026-08-05 09:15:00,23.2,24.2,23.1,0,5.5,14.8,87,0,0,0.5,1,1,624.1,99,2,224.2,24.9,82,25.6,21.6
2026-08-05T09:10:00+05:30,2026-08-05 09:10:00,23.1,24.1,22.9,0,0,14.8,73,0,0,0.5,1,1,624.1,99,1,124.4,24.9,82,25.6,21.6
2026-08-05T09:05:00+05:30,2026-08-05 09:05:00,23,23.9,22.8,4,7.2,14.8,96,0,0,0.5,1,1,624.1,99,0,75.1,24.8,83,25.5,21.7
2026-08-05T09:00:00+05:30,2026-08-05 09:00:00,23.2,24.2,23.1,1.4,5.5,14.8,114,0,0,0.5,1,1,624.1,99,0,38.4,24.8,82,25.4,21.5
2026-08-05T08:55:00+05:30,2026-08-05 08:55:00,23.3,24.2,23.1,0,3.5,14.8,84,0,0,0.5,1,1,624.1,99,0,44.2,24.7,82,25.4,21.4
2026-08-05T08:50:00+05:30,2026-08-05 08:50:00,23.5,24.5,23.3,0,0,14.8,82,0,0,0.5,1,1,624.1,99,0,38.8,24.7,82,25.4,21.4
2026-08-05T08:45:00+05:30,2026-08-05 08:45:00,23.4,24.4,23.2,5.8,7.2,14.8,127,0,0,0.5,1,1,624.1,99,1,118.9,24.7,82,25.4,21.4
2026-08-05T08:40:00+05:30,2026-08-05 08:40:00,23.3,24.2,23.1,0,7.2,14.8,81,0,0,0.5,1,1,624.1,99,1,170.6,24.6,82,25.3,21.3
2026-08-05T08:35:00+05:30,2026-08-05 08:35:00,23.2,24.2,23.1,0,1.8,14.8,72,0,0,0.5,1,1,624.1,99,1,172.9,24.7,82,25.4,21.4
2026-08-05T08:30:00+05:30,2026-08-05 08:30:00,23,23.9,22.8,0,5.5,14.8,79,0,0,0.5,1,1,624.1,99,1,132.2,24.6,82,25.3,21.3
2026-08-05T08:25:00+05:30,2026-08-05 08:25:00,23,23.9,22.8,0.3,3.5,14.8,76,0,0,0.5,1,1,624.1,99,1,121.6,24.7,81,25.4,21.2
2026-08-05T08:20:00+05:30,2026-08-05 08:20:00,22.9,23.8,22.7,0,0,14.8,82,0,0,0.5,1,1,624.1,99,0,90.1,24.6,81,25.2,21.1
2026-08-05T08:15:00+05:30,2026-08-05 08:15:00,22.8,23.7,22.6,0,0,14.8,110,0,0,0.5,1,1,624.1,99,1,110.5,24.6,81,25.2,21.1
2026-08-05T08:10:00+05:30,2026-08-05 08:10:00,22.8,23.7,22.6,0,0,14.8,76,0,0,0.5,1,1,624.1,99,1,140.2,24.6,81,25.2,21.1
2026-08-05T08:05:00+05:30,2026-08-05 08:05:00,22.9,23.8,22.7,0,9.3,14.8,80,0,0,0.5,1,1,624.1,99,1,112.5,24.6,81,25.2,21.1
2026-08-05T08:00:00+05:30,2026-08-05 08:00:00,23.1,24,22.8,0,7.2,14.8,76,0,0,0.5,1,1,624.1,98,0,53.5,24.6,80,25.2,20.9
2026-08-05T07:56:00+05:30,2026-08-05 07:56:00,23.4,24.3,22.7,0,7.2,14.8,62,0,0,0.5,1,1,624.1,96,0,43.4,24.6,80,25.2,20.9
2026-08-05T07:50:00+05:30,2026-08-05 07:50:00,23.6,24.5,22.8,0,0,14.8,87,0,0,0.5,1,1,624.1,95,0,55.2,24.6,80,25.2,20.9
2026-08-05T07:45:00+05:30,2026-08-05 07:45:00,23.5,24.4,22.5,0,0,14.8,65,0,0,0.5,1,1,624.1,94,0,44.5,24.6,80,25.2,20.9
2026-08-05T07:40:00+05:30,2026-08-05 07:40:00,23.5,24.4,22.5,0,0,14.8,85,0,0,0.5,1,1,624.1,94,0,43.8,24.6,80,25.2,20.9
2026-08-05T07:35:00+05:30,2026-08-05 07:35:00,23.5,24.4,22.5,0,1.8,14.8,78,0,0,0.5,1,1,624.1,94,0,43.5,24.5,80,25.1,20.8
2026-08-05T07:30:00+05:30,2026-08-05 07:30:00,23.5,24.3,22.3,0,0,14.8,76,0,0,0.5,1,1,624.1,93,0,49.1,24.5,80,25.1,20.8
2026-08-05T07:25:00+05:30,2026-08-05 07:25:00,23.6,24.5,22.4,0,5.5,14.8,81,0,0,0.5,1,1,624.1,93,0,26.3,24.5,80,25.1,20.8
2026-08-05T07:20:00+05:30,2026-08-05 07:20:00,23.6,24.4,22.2,0,0,14.8,74,0,0,0.5,1,1,624.1,92,0,29.6,24.5,80,25.1,20.8
2026-08-05T07:15:00+05:30,2026-08-05 07:15:00,23.6,24.4,22.2,0,7.2,14.8,94,0,0,0.5,1,1,624.1,92,0,47.6,24.5,80,25.1,20.8
2026-08-05T07:10:00+05:30,2026-08-05 07:10:00,23.5,24.3,22.1,0,5.5,14.8,97,0,0,0.5,1,1,624.1,92,0,56.4,24.5,80,25.1,20.8
2026-08-05T07:05:00+05:30,2026-08-05 07:05:00,23.5,24.3,22.1,0,5.5,14.8,76,0,0,0.5,1,1,624.1,92,0,45,24.5,80,25.1,20.8
2026-08-05T07:00:00+05:30,2026-08-05 07:00:00,23.4,24.2,22.2,0,0,14.8,92,0,0,0.5,1,1,624.1,93,0,50.4,24.5,80,25.1,20.8
2026-08-05T06:55:00+05:30,2026-08-05 06:55:00,23.3,24.1,22.1,1.1,3.5,14.8,95,0,0,0.5,1,1,624.1,93,0,28.3,24.5,80,25.1,20.8
2026-08-05T06:51:00+05:30,2026-08-05 06:51:00,23.3,24.1,22.1,0,5.5,14.8,81,0,0,0.5,1,1,624.1,93,0,18.7,24.5,80,25.1,20.8
2026-08-05T06:45:00+05:30,2026-08-05 06:45:00,23.3,24.1,22.1,0,0,14.8,92,0,0,0.5,1,1,624.1,93,0,14.2,24.5,80,25.1,20.8
2026-08-05T06:40:00+05:30,2026-08-05 06:40:00,23.3,24.1,22.1,0,0,14.8,76,0,0,0.5,1,1,624.1,93,0,22.9,24.5,80,25.1,20.8
2026-08-05T06:35:00+05:30,2026-08-05 06:35:00,23.3,24.1,21.9,0,0,14.8,93,0,0,0.5,1,1,624.1,92,0,12.4,24.5,80,25.1,20.8
2026-08-05T06:30:00+05:30,2026-08-05 06:30:00,23.2,24,21.8,0,0,14.8,102,0,0,0.5,1,1,624.1,92,0,7.7,24.5,80,25.1,20.8
2026-08-05T06:25:00+05:30,2026-08-05 06:25:00,23.2,24,21.8,0,1.8,14.8,71,0,0,0.5,1,1,624.1,92,0,7,24.5,80,25.1,20.8
2026-08-05T06:20:00+05:30,2026-08-05 06:20:00,23.3,24.1,21.9,0,0,14.8,72,0,0,0.5,1,1,624.1,92,0,4.3,24.5,80,25.1,20.8
2026-08-05T06:15:00+05:30,2026-08-05 06:15:00,23.3,24.1,21.9,0,7.2,14.8,91,0,0,0.5,1,1,624.1,92,0,3.5,24.5,80,25.1,20.8
2026-08-05T06:10:00+05:30,2026-08-05 06:10:00,23.2,24,21.8,10.5,14.8,14.8,97,0,0,0.5,1,1,624.1,92,0,2,24.5,80,25.1,20.8
2026-08-05T06:05:00+05:30,2026-08-05 06:05:00,23.2,24,21.8,5.5,7.2,11.1,91,0,0,0.5,1,1,624.1,92,0,0.9,24.6,80,25.2,20.9
2026-08-05T06:00:00+05:30,2026-08-05 06:00:00,23.2,24,22,0,1.8,11.1,99,0,0,0.5,1,1,624.1,93,0,0.5,24.6,80,25.2,20.9
2026-08-05T05:55:00+05:30,2026-08-05 05:55:00,23.3,24.1,22.1,0.6,1.8,11.1,85,0,0,0.5,1,1,624.1,93,0,0.2,24.6,80,25.2,20.9
2026-08-05T05:50:00+05:30,2026-08-05 05:50:00,23.3,24.1,21.9,0,1.8,11.1,97,0,0,0.5,1,1,624.1,92,0,0.1,24.6,80,25.2,20.9
2026-08-05T05:46:00+05:30,2026-08-05 05:46:00,23.3,24.1,21.9,0,1.8,11.1,98,0,0,0.5,1,1,624.1,92,0,0,24.6,80,25.2,20.9
2026-08-05T05:40:00+05:30,2026-08-05 05:40:00,23.2,24,21.8,0.3,7.2,11.1,116,0,0,0.5,1,1,624.1,92,0,0,24.6,80,25.2,20.9
2026-08-05T05:35:00+05:30,2026-08-05 05:35:00,23.2,24,22,1.1,3.5,11.1,92,0,0,0.5,1,1,624.1,93,0,0,24.6,80,25.2,20.9
2026-08-05T05:30:00+05:30,2026-08-05 05:30:00,23.2,24,22,0.6,5.5,11.1,81,0,0.5,0.5,1,1,624.1,93,0,0,24.6,80,25.2,20.9
2026-08-05T05:25:00+05:30,2026-08-05 05:25:00,23.2,24,22,0.3,5.5,11.1,89,0,0.5,0.5,1,1,624.1,93,0,0,24.6,80,25.2,20.9
2026-08-05T05:20:00+05:30,2026-08-05 05:20:00,23.3,24.1,22.1,0,0,11.1,85,0,0.5,0.5,1,1,624.1,93,0,0,24.6,80,25.2,20.9
2026-08-05T05:15:00+05:30,2026-08-05 05:15:00,23.3,24.1,21.9,3.5,7.2,11.1,115,0,0.5,0.5,1,1,624.1,92,0,0,24.6,80,25.2,20.9
2026-08-05T05:10:00+05:30,2026-08-05 05:10:00,23.3,24.1,21.9,0,11.1,11.1,70,0,0.5,0.5,1,1,624.1,92,0,0,24.6,80,25.2,20.9
2026-08-05T05:05:00+05:30,2026-08-05 05:05:00,23.3,24.1,22.1,0,0,9.3,76,0,0.5,0.5,1,1,624.1,93,0,0,24.6,80,25.2,20.9
2026-08-05T05:00:00+05:30,2026-08-05 05:00:00,23.2,24,22,0,3.5,9.3,70,0,0.5,0.5,1,1,624.1,93,0,0,24.6,81,25.2,21.1
2026-08-05T04:55:00+05:30,2026-08-05 04:55:00,23.3,24.1,22.1,0,0,9.3,70,0,0.5,0.5,1,1,624.1,93,0,0,24.6,81,25.2,21.1
2026-08-05T04:50:00+05:30,2026-08-05 04:50:00,23,23.8,22,0,7.2,7.2,89,0,0.5,0.5,1,1,624.1,94,0,0,24.7,81,25.4,21.2
2026-08-05T04:45:00+05:30,2026-08-05 04:45:00,23,23.8,22,0,1.8,5.5,71,0,0.5,0.5,1,1,624.1,94,0,0,24.7,81,25.4,21.2
2026-08-05T04:40:00+05:30,2026-08-05 04:40:00,22.9,23.7,22,0,5.5,5.5,77,3,0.5,0.5,1,1,624.1,95,0,0,24.7,81,25.4,21.2
2026-08-05T04:35:00+05:30,2026-08-05 04:35:00,23,23.9,22.3,0,1.8,1.8,69,3,0.5,0.5,1,1,624.1,96,0,0,24.7,81,25.4,21.2
2026-08-05T04:33:00+05:30,2026-08-05 04:33:00,22.9,23.7,22.2,0,0,0,74,3,0.5,0.5,1,1,624.1,96,0,0,24.7,81,25.4,21.2
2026-08-05T04:25:00+05:30,2026-08-05 04:25:00,22.9,23.8,22.4,6.4,9.3,14.8,114,0,0,0,0.5,0.5,623.6,97,0,0,24.7,81,25.4,21.2
2026-08-05T04:20:00+05:30,2026-08-05 04:20:00,22.9,23.8,22.4,0,0,14.8,72,0,0,0,0.5,0.5,623.6,97,0,0,24.7,81,25.4,21.2
2026-08-05T04:15:00+05:30,2026-08-05 04:15:00,22.9,23.8,22.4,6.4,7.2,14.8,88,0,0,0,0.5,0.5,623.6,97,0,0,24.7,81,25.4,21.2
2026-08-05T04:10:00+05:30,2026-08-05 04:10:00,22.9,23.8,22.4,2.1,5.5,14.8,92,0,0,0,0.5,0.5,623.6,97,0,0,24.7,81,25.4,21.2
2026-08-05T04:05:00+05:30,2026-08-05 04:05:00,22.9,23.8,22.4,0,7.2,14.8,87,0,0,0,0.5,0.5,623.6,97,0,0,24.7,81,25.4,21.2
2026-08-05T04:00:00+05:30,2026-08-05 04:00:00,22.8,23.7,22.4,0,0,14.8,80,0,0,0,0.5,0.5,623.6,98,0,0,24.7,81,25.4,21.2
2026-08-05T03:55:00+05:30,2026-08-05 03:55:00,22.8,23.7,22.4,0,0,14.8,73,0,0,0,0.5,0.5,623.6,98,0,0,24.7,81,25.4,21.2
2026-08-05T03:50:00+05:30,2026-08-05 03:50:00,22.8,23.7,22.4,0,5.5,14.8,83,0,0,0,0.5,0.5,623.6,98,0,0,24.7,81,25.4,21.2
2026-08-05T03:45:00+05:30,2026-08-05 03:45:00,22.9,23.8,22.6,0,0,14.8,73,0,0,0,0.5,0.5,623.6,98,0,0,24.7,81,25.4,21.2
2026-08-05T03:40:00+05:30,2026-08-05 03:40:00,23.1,24,22.6,0,0,14.8,70,0,0,0,0.5,0.5,623.6,97,0,0,24.7,81,25.4,21.2
2026-08-05T03:36:00+05:30,2026-08-05 03:36:00,23.1,24,22.4,2.9,5.5,14.8,69,0,0,0,0.5,0.5,623.6,96,0,0,24.7,81,25.4,21.2
2026-08-05T03:30:00+05:30,2026-08-05 03:30:00,23.2,24.1,22.5,0,1.8,14.8,72,0,0,0,0.5,0.5,623.6,96,0,0,24.7,81,25.4,21.2
2026-08-05T03:25:00+05:30,2026-08-05 03:25:00,23.2,24.1,22.4,0,3.5,14.8,73,0,0,0,0.5,0.5,623.6,95,0,0,24.7,81,25.4,21.2
2026-08-05T03:20:00+05:30,2026-08-05 03:20:00,23.2,24.1,22.4,4,5.5,14.8,79,0,0,0,0.5,0.5,623.6,95,0,0,24.7,81,25.4,21.2
2026-08-05T03:15:00+05:30,2026-08-05 03:15:00,23.3,24.1,22.4,0,3.5,14.8,74,0,0,0,0.5,0.5,623.6,95,0,0,24.7,81,25.4,21.2
2026-08-05T03:10:00+05:30,2026-08-05 03:10:00,23.4,24.3,22.5,1.1,5.5,14.8,68,0,0,0,0.5,0.5,623.6,95,0,0,24.7,81,25.4,21.2
2026-08-05T03:05:00+05:30,2026-08-05 03:05:00,23.4,24.2,22.4,0,0,14.8,79,0,0,0,0.5,0.5,623.6,94,0,0,24.7,81,25.4,21.2
2026-08-05T03:00:00+05:30,2026-08-05 03:00:00,23.4,24.2,22.4,4,11.1,14.8,101,0,0,0,0.5,0.5,623.6,94,0,0,24.7,81,25.4,21.2
2026-08-05T02:55:00+05:30,2026-08-05 02:55:00,23.4,24.2,22.4,0.3,3.5,14.8,75,0,0,0,0.5,0.5,623.6,94,0,0,24.7,81,25.4,21.2
2026-08-05T02:50:00+05:30,2026-08-05 02:50:00,23.3,24.1,22.4,0,7.2,14.8,69,0,0,0,0.5,0.5,623.6,95,0,0,24.8,81,25.4,21.3
2026-08-05T02:45:00+05:30,2026-08-05 02:45:00,23.3,24.1,22.4,0,5.5,14.8,80,0,0,0,0.5,0.5,623.6,95,0,0,24.8,81,25.4,21.3
2026-08-05T02:40:00+05:30,2026-08-05 02:40:00,23.3,24.1,22.4,0,3.5,14.8,78,0,0,0,0.5,0.5,623.6,95,0,0,24.7,81,25.4,21.2
2026-08-05T02:35:00+05:30,2026-08-05 02:35:00,23.3,24.2,22.6,0.3,5.5,14.8,73,0,0,0,0.5,0.5,623.6,96,0,0,24.8,81,25.4,21.3
2026-08-05T02:31:00+05:30,2026-08-05 02:31:00,23.2,24.1,22.5,0,0,14.8,74,0,0,0,0.5,0.5,623.6,96,0,0,24.8,81,25.4,21.3
2026-08-05T02:25:00+05:30,2026-08-05 02:25:00,23.2,24.1,22.5,2.1,9.3,13,78,0,0,0,0.5,0.5,623.6,96,0,0,24.8,81,25.4,21.3
2026-08-05T02:20:00+05:30,2026-08-05 02:20:00,23.2,24.1,22.5,5,5.5,13,82,0,0,0,0.5,0.5,623.6,96,0,0,24.8,81,25.4,21.3
2026-08-05T02:15:00+05:30,2026-08-05 02:15:00,23.2,24.1,22.7,4.3,7.2,13,113,0,0,0,0.5,0.5,623.6,97,0,0,24.8,81,25.4,21.3
2026-08-05T02:10:00+05:30,2026-08-05 02:10:00,23.2,24.1,22.7,6.9,11.1,13,61,0,0,0,0.5,0.5,623.6,97,0,0,24.8,81,25.4,21.3
2026-08-05T02:06:00+05:30,2026-08-05 02:06:00,23.1,24,22.6,7.9,13,13,127,0,0,0,0.5,0.5,623.6,97,0,0,24.8,81,25.4,21.3
2026-08-05T02:01:00+05:30,2026-08-05 02:01:00,23.1,24,22.8,1.8,7.2,13,58,0,0,0,0.5,0.5,623.6,98,0,0,24.8,81,25.4,21.3
2026-08-05T01:55:00+05:30,2026-08-05 01:55:00,23,23.9,22.7,5.5,7.2,13,117,0,0,0,0.5,0.5,623.6,98,0,0,24.8,81,25.4,21.3
2026-08-05T01:50:00+05:30,2026-08-05 01:50:00,23,23.9,22.8,0.6,3.5,13,74,0,0,0,0.5,0.5,623.6,99,0,0,24.8,81,25.4,21.3
2026-08-05T01:45:00+05:30,2026-08-05 01:45:00,23,23.9,22.8,0.3,13,13,75,0,0,0,0.5,0.5,623.6,99,0,0,24.8,81,25.4,21.3
2026-08-05T01:41:00+05:30,2026-08-05 01:41:00,23,23.9,22.8,0,0,11.1,77,0,0,0,0.5,0.5,623.6,99,0,0,24.8,81,25.4,21.3
2026-08-05T01:35:00+05:30,2026-08-05 01:35:00,23,23.9,22.7,0,5.5,11.1,71,0,0,0,0.5,0.5,623.6,98,0,0,24.8,81,25.4,21.3
2026-08-05T01:30:00+05:30,2026-08-05 01:30:00,23.1,24,22.8,2.6,5.5,11.1,77,0,0,0,0.5,0.5,623.6,98,0,0,24.9,81,25.6,21.4
2026-08-05T01:25:00+05:30,2026-08-05 01:25:00,23,23.9,22.7,6.1,11.1,11.1,104,0,0,0,0.5,0.5,623.6,98,0,0,24.9,81,25.6,21.4
2026-08-05T01:20:00+05:30,2026-08-05 01:20:00,23.1,24,22.8,0,3.5,9.3,82,0,0,0,0.5,0.5,623.6,98,0,0,24.9,80,25.5,21.2
2026-08-05T01:15:00+05:30,2026-08-05 01:15:00,23.1,24,22.8,0,0,9.3,97,0,0,0,0.5,0.5,623.6,98,0,0,24.9,80,25.5,21.2
2026-08-05T01:11:00+05:30,2026-08-05 01:11:00,23.1,24,22.6,0,3.5,9.3,77,0,0,0,0.5,0.5,623.6,97,0,0,24.9,80,25.5,21.2
2026-08-05T01:05:00+05:30,2026-08-05 01:05:00,23.1,24,22.6,0.3,9.3,9.3,84,0,0,0,0.5,0.5,623.6,97,0,0,24.9,80,25.5,21.2
2026-08-05T01:00:00+05:30,2026-08-05 01:00:00,23.1,24,22.6,0,7.2,9.3,76,0,0,0,0.5,0.5,623.6,97,0,0,24.9,80,25.5,21.2
2026-08-05T00:55:00+05:30,2026-08-05 00:55:00,23.1,24,22.6,0,3.5,9.3,73,0,0,0,0.5,0.5,623.6,97,0,0,24.9,80,25.5,21.2
2026-08-05T00:50:00+05:30,2026-08-05 00:50:00,23.1,24,22.6,0,7.2,9.3,84,0,0,0,0.5,0.5,623.6,97,0,0,24.9,80,25.5,21.2
2026-08-05T00:45:00+05:30,2026-08-05 00:45:00,23.1,24,22.6,0,0,9.3,86,0,0,0,0.5,0.5,623.6,97,0,0,24.9,80,25.5,21.2
2026-08-05T00:40:00+05:30,2026-08-05 00:40:00,23.1,24,22.4,0,5.5,9.3,101,0,0,0,0.5,0.5,623.6,96,0,0,24.9,80,25.5,21.2
2026-08-05T00:36:00+05:30,2026-08-05 00:36:00,23.1,24,22.4,0,7.2,9.3,68,0,0,0,0.5,0.5,623.6,96,0,0,24.9,80,25.5,21.2
2026-08-05T00:30:00+05:30,2026-08-05 00:30:00,23.2,24.1,22.5,0,0,9.3,74,0,0,0,0.5,0.5,623.6,96,0,0,24.9,80,25.5,21.2
2026-08-05T00:25:00+05:30,2026-08-05 00:25:00,23.3,24.1,22.4,0,0,9.3,100,0,0,0,0.5,0.5,623.6,95,0,0,24.9,80,25.5,21.2
2026-08-05T00:20:00+05:30,2026-08-05 00:20:00,23.3,24.1,22.4,1.4,5.5,9.3,80,0,0,0,0.5,0.5,623.6,95,0,0,24.9,80,25.5,21.2
2026-08-05T00:15:00+05:30,2026-08-05 00:15:00,23.3,24.1,22.4,0,0,9.3,73,0,0,0,0.5,0.5,623.6,95,0,0,24.9,80,25.5,21.2
2026-08-05T00:10:00+05:30,2026-08-05 00:10:00,23.3,24.1,22.4,4,7.2,9.3,89,0,0,0,0.5,0.5,623.6,95,0,0,24.9,80,25.5,21.2
2026-08-05T00:05:00+05:30,2026-08-05 00:05:00,23.3,24.1,22.3,0,5.5,7.2,73,0,0,0,0.5,0.5,623.6,94,0,0,24.9,80,25.5,21.2
2026-08-05T00:00:00+05:30,2026-08-05 00:00:00,23.4,24.2,22.4,2.9,9.3,7.2,67,0,0,0,0.5,0.5,623.6,94,0,0,24.9,80,25.5,21.2
2026-08-04T23:55:00+05:30,2026-08-04 23:55:00,23.4,24.2,22.2,0,1.8,25.6,73,0,0,0,0.5,0.5,623.6,93,0,0,24.9,80,25.5,21.2
2026-08-04T23:50:00+05:30,2026-08-04 23:50:00,23.5,24.3,22.3,2.1,9.3,25.6,92,0,0,0,0.5,0.5,623.6,93,0,0,24.9,80,25.5,21.2
2026-08-04T23:45:00+05:30,2026-08-04 23:45:00,23.5,24.3,22.3,0,3.5,25.6,104,0,0,0,0.5,0.5,623.6,93,0,0,24.9,80,25.5,21.2
2026-08-04T23:40:00+05:30,2026-08-04 23:40:00,23.5,24.3,22.1,5,7.2,25.6,99,0,0,0,0.5,0.5,623.6,92,0,0,24.9,80,25.5,21.2
2026-08-04T23:35:00+05:30,2026-08-04 23:35:00,23.5,24.3,22.1,0,0,25.6,71,0,0,0,0.5,0.5,623.6,92,0,0,25,80,25.7,21.3
2026-08-04T23:31:00+05:30,2026-08-04 23:31:00,23.4,24.2,22.2,2.1,5.5,25.6,81,0,0,0,0.5,0.5,623.6,93,0,0,25,80,25.7,21.3
2026-08-04T23:25:00+05:30,2026-08-04 23:25:00,23.4,24.2,22.2,0.3,7.2,25.6,75,0,0,0,0.5,0.5,623.6,93,0,0,25,80,25.7,21.3
2026-08-04T23:20:00+05:30,2026-08-04 23:20:00,23.4,24.2,22.2,0,0,25.6,70,0,0,0,0.5,0.5,623.6,93,0,0,25,80,25.7,21.3
2026-08-04T23:15:00+05:30,2026-08-04 23:15:00,23.4,24.2,22.2,0,0,25.6,74,0,0,0,0.5,0.5,623.6,93,0,0,24.9,80,25.5,21.2
2026-08-04T23:10:00+05:30,2026-08-04 23:10:00,23.4,24.2,22.2,0,0,25.6,73,0,0,0,0.5,0.5,623.6,93,0,0,25,80,25.7,21.3
2026-08-04T23:05:00+05:30,2026-08-04 23:05:00,23.4,24.2,22.2,1.1,3.5,25.6,88,0,0,0,0.5,0.5,623.6,93,0,0,25,80,25.7,21.3
2026-08-04T23:00:00+05:30,2026-08-04 23:00:00,23.3,24.1,22.3,0,1.8,25.6,119,0,0,0,0.5,0.5,623.6,94,0,0,25.1,80,25.8,21.4
2026-08-04T22:55:00+05:30,2026-08-04 22:55:00,23.1,24,22.3,0,0,25.6,79,0,0,0,0.5,0.5,623.6,95,0,0,25.1,80,25.8,21.4
2026-08-04T22:50:00+05:30,2026-08-04 22:50:00,23.1,24,22.4,0,0,25.6,73,0,0,0,0.5,0.5,623.6,96,0,0,25.1,80,25.8,21.4
2026-08-04T22:45:00+05:30,2026-08-04 22:45:00,23,23.9,22.3,0.6,3.5,25.6,109,0,0,0,0.5,0.5,623.6,96,0,0,25.1,80,25.8,21.4
2026-08-04T22:40:00+05:30,2026-08-04 22:40:00,23,23.9,22.5,0,1.8,25.6,73,0,0,0,0.5,0.5,623.6,97,0,0,25.1,80,25.8,21.4
2026-08-04T22:35:00+05:30,2026-08-04 22:35:00,23,23.9,22.5,0,1.8,25.6,63,0,0,0,0.5,0.5,623.6,97,0,0,25.1,80,25.8,21.4
2026-08-04T22:30:00+05:30,2026-08-04 22:30:00,23,23.9,22.5,0,3.5,25.6,70,0,0,0,0.5,0.5,623.6,97,0,0,25.1,80,25.8,21.4
2026-08-04T22:25:00+05:30,2026-08-04 22:25:00,23,23.9,22.5,0,1.8,25.6,72,0,0,0,0.5,0.5,623.6,97,0,0,25.1,80,25.8,21.4
2026-08-04T22:20:00+05:30,2026-08-04 22:20:00,23,23.9,22.5,4,5.5,25.6,83,0,0,0,0.5,0.5,623.6,97,0,0,25.1,80,25.8,21.4
2026-08-04T22:15:00+05:30,2026-08-04 22:15:00,23,23.9,22.5,0,0,25.6,77,0,0,0,0.5,0.5,623.6,97,0,0,25.1,80,25.8,21.4
2026-08-04T22:10:00+05:30,2026-08-04 22:10:00,23,23.9,22.7,0,0,25.6,77,0,0,0,0.5,0.5,623.6,98,0,0,25.2,80,25.9,21.5
2026-08-04T22:05:00+05:30,2026-08-04 22:05:00,23,23.9,22.7,0,0,25.6,73,0,0,0,0.5,0.5,623.6,98,0,0,25.1,80,25.8,21.4
2026-08-04T22:00:00+05:30,2026-08-04 22:00:00,23,23.9,22.7,0,0,25.6,75,0,0,0,0.5,0.5,623.6,98,0,0,25.2,80,25.9,21.5
2026-08-04T21:55:00+05:30,2026-08-04 21:55:00,23,23.9,22.5,5.5,7.2,25.6,103,0,0,0,0.5,0.5,623.6,97,0,0,25.2,80,25.9,21.5
2026-08-04T21:50:00+05:30,2026-08-04 21:50:00,23,23.9,22.7,0,7.2,25.6,67,0,0,0,0.5,0.5,623.6,98,0,0,25.2,80,25.9,21.5
2026-08-04T21:45:00+05:30,2026-08-04 21:45:00,23,23.9,22.7,0,0,25.6,92,0,0,0,0.5,0.5,623.6,98,0,0,25.2,80,25.9,21.5
2026-08-04T21:40:00+05:30,2026-08-04 21:40:00,23.1,24,22.6,0,0,25.6,75,0,0,0,0.5,0.5,623.6,97,0,0,25.2,80,25.9,21.5
2026-08-04T21:35:00+05:30,2026-08-04 21:35:00,23.1,24,22.6,0,0,25.6,79,0,0,0,0.5,0.5,623.6,97,0,0,25.2,80,25.9,21.5
2026-08-04T21:30:00+05:30,2026-08-04 21:30:00,23,23.9,22.7,0,3.5,25.6,82,0,0,0,0.5,0.5,623.6,98,0,0,25.2,80,25.9,21.5
2026-08-04T21:25:00+05:30,2026-08-04 21:25:00,23,23.9,22.7,0,3.5,25.6,74,0,0,0,0.5,0.5,623.6,98,0,0,25.2,80,25.9,21.5
2026-08-04T21:20:00+05:30,2026-08-04 21:20:00,23,23.9,22.7,0,0,25.6,87,0,0,0,0.5,0.5,623.6,98,0,0,25.2,80,25.9,21.5
2026-08-04T21:15:00+05:30,2026-08-04 21:15:00,23,23.9,22.7,1.4,3.5,25.6,77,0,0,0,0.5,0.5,623.6,98,0,0,25.3,80,25.9,21.6
2026-08-04T21:10:00+05:30,2026-08-04 21:10:00,23,23.9,22.7,0,0,25.6,77,0,0,0,0.5,0.5,623.6,98,0,0,25.3,80,25.9,21.6
2026-08-04T21:06:00+05:30,2026-08-04 21:06:00,23,23.9,22.7,0,0,25.6,83,0,0,0,0.5,0.5,623.6,98,0,0,25.3,80,25.9,21.6
2026-08-04T21:00:00+05:30,2026-08-04 21:00:00,23,23.9,22.7,2.9,5.5,25.6,80,0,0,0,0.5,0.5,623.6,98,0,0,25.3,80,25.9,21.6
2026-08-04T20:55:00+05:30,2026-08-04 20:55:00,23,23.9,22.7,2.9,5.5,25.6,88,0,0,0,0.5,0.5,623.6,98,0,0,25.3,80,25.9,21.6
2026-08-04T20:50:00+05:30,2026-08-04 20:50:00,23.1,24,22.6,0,1.8,25.6,75,0,0,0,0.5,0.5,623.6,97,0,0,25.3,80,25.9,21.6
2026-08-04T20:45:00+05:30,2026-08-04 20:45:00,23.1,24,22.6,0,5.5,25.6,75,0,0,0,0.5,0.5,623.6,97,0,0,25.3,80,25.9,21.6
2026-08-04T20:40:00+05:30,2026-08-04 20:40:00,23,23.9,22.5,1.1,9.3,25.6,87,0,0,0,0.5,0.5,623.6,97,0,0,25.3,80,25.9,21.6
2026-08-04T20:35:00+05:30,2026-08-04 20:35:00,23,23.9,22.5,0,5.5,25.6,98,0,0,0,0.5,0.5,623.6,97,0,0,25.4,80,26.1,21.7
2026-08-04T20:30:00+05:30,2026-08-04 20:30:00,23.1,24,22.6,0.3,11.1,25.6,89,0,0,0,0.5,0.5,623.6,97,0,0,25.4,80,26.1,21.7
2026-08-04T20:25:00+05:30,2026-08-04 20:25:00,23.1,24,22.6,0,0,25.6,102,0,0,0,0.5,0.5,623.6,97,0,0,25.4,80,26.1,21.7
2026-08-04T20:20:00+05:30,2026-08-04 20:20:00,23.1,24,22.6,0,7.2,25.6,90,0,0,0,0.5,0.5,623.6,97,0,0,25.4,80,26.1,21.7
2026-08-04T20:15:00+05:30,2026-08-04 20:15:00,23.2,24.1,22.7,0,0,25.6,87,0,0,0,0.5,0.5,623.6,97,0,0,25.4,80,26.1,21.7
2026-08-04T20:10:00+05:30,2026-08-04 20:10:00,23.2,24.1,22.5,3.5,7.2,25.6,90,0,0,0,0.5,0.5,623.6,96,0,0,25.4,80,26.1,21.7
2026-08-04T20:05:00+05:30,2026-08-04 20:05:00,23.2,24.1,22.7,3.5,5.5,25.6,81,0,0,0,0.5,0.5,623.6,97,0,0,25.5,80,26.2,21.8
2026-08-04T20:01:00+05:30,2026-08-04 20:01:00,23.2,24.1,22.5,4.7,7.2,25.6,83,0,0,0,0.5,0.5,623.6,96,0,0,25.5,80,26.2,21.8
2026-08-04T19:55:00+05:30,2026-08-04 19:55:00,23.2,24.1,22.7,1.8,5.5,25.6,80,0,0,0,0.5,0.5,623.6,97,0,0,25.5,80,26.2,21.8
2026-08-04T19:50:00+05:30,2026-08-04 19:50:00,23.2,24.1,22.5,2.9,5.5,25.6,103,0,0,0,0.5,0.5,623.6,96,0,0,25.5,80,26.2,21.8
2026-08-04T19:45:00+05:30,2026-08-04 19:45:00,23.2,24.1,22.5,1.4,3.5,25.6,84,0,0,0,0.5,0.5,623.6,96,0,0,25.5,80,26.2,21.8
2026-08-04T19:40:00+05:30,2026-08-04 19:40:00,23.2,24.1,22.5,1.8,3.5,25.6,72,0,0,0,0.5,0.5,623.6,96,0,0,25.5,80,26.2,21.8
2026-08-04T19:35:00+05:30,2026-08-04 19:35:00,23.2,24.1,22.5,1.4,3.5,25.6,81,0,0,0,0.5,0.5,623.6,96,0,0,25.5,80,26.2,21.8
2026-08-04T19:30:00+05:30,2026-08-04 19:30:00,23.2,24.1,22.5,3.2,5.5,25.6,90,0,0,0,0.5,0.5,623.6,96,0,0,25.5,80,26.2,21.8
2026-08-04T19:25:00+05:30,2026-08-04 19:25:00,23.3,24.2,22.6,1.4,3.5,25.6,72,0,0,0,0.5,0.5,623.6,96,0,0,25.6,80,26.3,21.9
2026-08-04T19:20:00+05:30,2026-08-04 19:20:00,23.4,24.3,22.5,2.1,7.2,25.6,73,0,0,0,0.5,0.5,623.6,95,0,0,25.6,80,26.3,21.9
2026-08-04T19:15:00+05:30,2026-08-04 19:15:00,23.4,24.3,22.5,1.8,3.5,25.6,83,0,0,0,0.5,0.5,623.6,95,0,0,25.6,79,26.3,21.7
2026-08-04T19:10:00+05:30,2026-08-04 19:10:00,23.5,24.4,22.5,2.6,7.2,25.6,74,0,0,0,0.5,0.5,623.6,94,0,0,25.6,80,26.3,21.9
2026-08-04T19:05:00+05:30,2026-08-04 19:05:00,23.5,24.4,22.5,3.5,7.2,25.6,100,0,0,0,0.5,0.5,623.6,94,0,0,25.6,80,26.3,21.9
2026-08-04T19:00:00+05:30,2026-08-04 19:00:00,23.5,24.4,22.5,4,5.5,25.6,87,0,0,0,0.5,0.5,623.6,94,0,0,25.7,80,26.4,22
2026-08-04T18:56:00+05:30,2026-08-04 18:56:00,23.5,24.4,22.5,2.9,7.2,25.6,139,0,0,0,0.5,0.5,623.6,94,0,0,25.7,80,26.4,22
2026-08-04T18:50:00+05:30,2026-08-04 18:50:00,23.4,24.3,22.5,1.8,3.5,25.6,71,0,0,0,0.5,0.5,623.6,95,0,0,25.7,80,26.4,22
2026-08-04T18:45:00+05:30,2026-08-04 18:45:00,23.4,24.3,22.5,0,5.5,25.6,89,0,0,0,0.5,0.5,623.6,95,0,0,25.7,80,26.4,22
2026-08-04T18:40:00+05:30,2026-08-04 18:40:00,23.5,24.4,22.8,0,0,25.6,74,0,0,0,0.5,0.5,623.6,96,0,0,25.7,80,26.4,22
2026-08-04T18:35:00+05:30,2026-08-04 18:35:00,23.5,24.4,22.7,5,5.5,25.6,68,0,0,0,0.5,0.5,623.6,95,0,0,25.7,80,26.4,22
2026-08-04T18:30:00+05:30,2026-08-04 18:30:00,23.5,24.4,22.7,1.1,5.5,25.6,72,0,0,0,0.5,0.5,623.6,95,0,0.3,25.8,80,26.5,22.1
2026-08-04T18:25:00+05:30,2026-08-04 18:25:00,23.5,24.4,22.7,0,5.5,25.6,68,0,0,0,0.5,0.5,623.6,95,0,1,25.8,80,26.5,22.1
2026-08-04T18:20:00+05:30,2026-08-04 18:20:00,23.6,24.5,22.8,1.8,3.5,25.6,69,0,0,0,0.5,0.5,623.6,95,0,1.3,25.8,80,26.5,22.1
2026-08-04T18:15:00+05:30,2026-08-04 18:15:00,23.5,24.4,22.7,0,3.5,25.6,80,0,0,0,0.5,0.5,623.6,95,0,2.7,25.8,80,26.5,22.1
2026-08-04T18:10:00+05:30,2026-08-04 18:10:00,23.5,24.4,22.8,1.1,3.5,25.6,70,0,0,0,0.5,0.5,623.6,96,0,4.5,25.8,80,26.5,22.1
2026-08-04T18:05:00+05:30,2026-08-04 18:05:00,23.5,24.4,22.8,0,0,25.6,72,0,0,0,0.5,0.5,623.6,96,0,9.8,25.8,80,26.5,22.1
2026-08-04T18:00:00+05:30,2026-08-04 18:00:00,23.5,24.4,22.8,0,0,25.6,78,0,0,0,0.5,0.5,623.6,96,0,14.2,25.8,80,26.5,22.1
2026-08-04T17:55:00+05:30,2026-08-04 17:55:00,23.6,24.5,22.9,0,0,25.6,80,0,0,0,0.5,0.5,623.6,96,0,20.2,25.9,80,26.6,22.2
2026-08-04T17:50:00+05:30,2026-08-04 17:50:00,23.7,24.7,23,0,0,25.6,72,0,0,0,0.5,0.5,623.6,96,0,25.9,25.9,80,26.6,22.2
2026-08-04T17:45:00+05:30,2026-08-04 17:45:00,23.7,24.6,22.9,0,0,25.6,66,0,0,0,0.5,0.5,623.6,95,0,32.2,25.9,80,26.6,22.2
2026-08-04T17:40:00+05:30,2026-08-04 17:40:00,23.8,24.7,22.9,0,5.5,25.6,71,0,0,0,0.5,0.5,623.6,95,0,30,25.9,80,26.6,22.2
2026-08-04T17:36:00+05:30,2026-08-04 17:36:00,23.9,24.8,23,0,5.5,25.6,73,0,0,0,0.5,0.5,623.6,95,0,24.1,25.9,80,26.6,22.2
2026-08-04T17:30:00+05:30,2026-08-04 17:30:00,24.3,25.2,23.1,0,5.5,25.6,72,0,0,0,0.5,0.5,623.6,93,0,11.7,26,80,26.7,22.3
2026-08-04T17:25:00+05:30,2026-08-04 17:25:00,24.5,25.4,22.7,3.5,7.2,25.6,87,0,0,0,0.5,0.5,623.6,90,0,21.8,26,80,26.7,22.3
2026-08-04T17:20:00+05:30,2026-08-04 17:20:00,24.5,25.4,22.7,0,7.2,25.6,83,0,0,0,0.5,0.5,623.6,90,0,53.1,26,80,26.7,22.3
2026-08-04T17:15:00+05:30,2026-08-04 17:15:00,24.6,25.5,23,0,0,25.6,88,0,0,0,0.5,0.5,623.6,91,0,59.9,26,80,26.7,22.3
2026-08-04T17:10:00+05:30,2026-08-04 17:10:00,24.6,25.5,22.9,1.8,7.2,25.6,121,0,0,0,0.5,0.5,623.6,90,0,52.1,26,80,26.7,22.3
2026-08-04T17:05:00+05:30,2026-08-04 17:05:00,24.6,25.5,23,0,0,25.6,71,0,0,0,0.5,0.5,623.6,91,0,45.4,26,80,26.7,22.3
2026-08-04T17:00:00+05:30,2026-08-04 17:00:00,24.6,25.5,22.9,0,0,25.6,81,0,0,0,0.5,0.5,623.6,90,0,47.5,26.1,80,26.9,22.4
2026-08-04T16:55:00+05:30,2026-08-04 16:55:00,24.7,25.6,23,0,5.5,25.6,72,0,0,0,0.5,0.5,623.6,90,0,37.6,26.1,80,26.9,22.4
2026-08-04T16:50:00+05:30,2026-08-04 16:50:00,24.8,25.7,23,0,0,25.6,70,0,0,0,0.5,0.5,623.6,90,0,44.4,26.1,80,26.9,22.4
2026-08-04T16:45:00+05:30,2026-08-04 16:45:00,24.8,25.7,23.2,0,0,25.6,69,0,0,0,0.5,0.5,623.6,91,0,60.2,26.1,80,26.9,22.4
2026-08-04T16:40:00+05:30,2026-08-04 16:40:00,24.8,25.7,23.2,0,0,25.6,69,0,0,0,0.5,0.5,623.6,91,1,103.3,26.1,80,26.9,22.4
2026-08-04T16:35:00+05:30,2026-08-04 16:35:00,24.8,25.6,22.8,1.4,5.5,25.6,74,0,0,0,0.5,0.5,623.6,89,0,89.7,26.2,80,27,22.5
2026-08-04T16:31:00+05:30,2026-08-04 16:31:00,24.9,25.8,22.9,0,1.8,25.6,72,0,0,0,0.5,0.5,623.6,89,0,100.7,26.1,80,26.9,22.4
2026-08-04T16:25:00+05:30,2026-08-04 16:25:00,25,25.9,23.4,3.5,9.3,25.6,66,0,0,0,0.5,0.5,623.6,91,1,118.2,26.1,80,26.9,22.4
2026-08-04T16:20:00+05:30,2026-08-04 16:20:00,25.1,26.1,23.5,0,0,25.6,85,0,0,0,0.5,0.5,623.6,91,1,142.5,26.1,80,26.9,22.4
2026-08-04T16:15:00+05:30,2026-08-04 16:15:00,25,25.9,23.2,0,5.5,25.6,85,0,0,0,0.5,0.5,623.6,90,1,129.7,26.1,80,26.9,22.4
2026-08-04T16:10:00+05:30,2026-08-04 16:10:00,25,25.9,23.4,0,0,25.6,84,0,0,0,0.5,0.5,623.6,91,1,117.5,26.1,80,26.9,22.4
2026-08-04T16:05:00+05:30,2026-08-04 16:05:00,24.9,25.8,23.3,0,0,25.6,70,0,0,0,0.5,0.5,623.6,91,1,135.7,26.1,80,26.9,22.4
2026-08-04T16:00:00+05:30,2026-08-04 16:00:00,24.9,25.8,23.3,0.3,5.5,25.6,74,0,0,0,0.5,0.5,623.6,91,1,145.9,26.1,80,26.9,22.4
2026-08-04T15:55:00+05:30,2026-08-04 15:55:00,24.9,25.8,23.3,0,5.5,25.6,76,0,0,0,0.5,0.5,623.6,91,1,151.8,26.2,81,27,22.7
2026-08-04T15:50:00+05:30,2026-08-04 15:50:00,25,25.9,23.2,0,7.2,25.6,82,0,0,0,0.5,0.5,623.6,90,1,159.5,26.2,81,27,22.7
2026-08-04T15:45:00+05:30,2026-08-04 15:45:00,25.1,26.1,23.5,1.1,7.2,25.6,73,0,0,0,0.5,0.5,623.6,91,1,160.8,26.1,81,26.9,22.6
2026-08-04T15:40:00+05:30,2026-08-04 15:40:00,25.4,26.3,23.6,2.9,7.2,25.6,99,0,0,0,0.5,0.5,623.6,90,1,152.6,26.1,81,26.9,22.6
2026-08-04T15:35:00+05:30,2026-08-04 15:35:00,25.3,26.2,23.7,0,0,25.6,81,0,0,0,0.5,0.5,623.6,91,1,195.6,26.1,81,26.9,22.6
2026-08-04T15:30:00+05:30,2026-08-04 15:30:00,25.4,26.4,23.8,0,7.2,25.6,73,0,0,0,0.5,0.5,623.6,91,2,232.2,26.1,81,26.9,22.6
2026-08-04T15:26:00+05:30,2026-08-04 15:26:00,25.4,26.4,23.8,0,13,25.6,70,0,0,0,0.5,0.5,623.6,91,2,232,26.1,81,26.9,22.6
2026-08-04T15:20:00+05:30,2026-08-04 15:20:00,25.1,26.1,23.7,0,5.5,25.6,71,0,0,0,0.5,0.5,623.6,92,2,254,26.1,81,26.9,22.6
2026-08-04T15:15:00+05:30,2026-08-04 15:15:00,25.3,26.2,23.3,1.4,5.5,25.6,53,0,0,0,0.5,0.5,623.6,89,2,225.5,26.1,82,26.9,22.8
2026-08-04T15:10:00+05:30,2026-08-04 15:10:00,25.3,26.2,23.5,0,3.5,25.6,67,0,0,0,0.5,0.5,623.6,90,3,359.2,26,82,26.8,22.7
2026-08-04T15:05:00+05:30,2026-08-04 15:05:00,25.2,26.2,23.6,0,3.5,25.6,73,0,0,0,0.5,0.5,623.6,91,3,342.2,26,82,26.8,22.7
2026-08-04T15:00:00+05:30,2026-08-04 15:00:00,25.2,26.2,24,0,0,25.6,96,0,0,0,0.5,0.5,623.6,93,2,290.7,26,82,26.8,22.7
2026-08-04T14:55:00+05:30,2026-08-04 14:55:00,25.2,26.3,24.2,0,0,25.6,93,0,0,0,0.5,0.5,623.6,94,2,268.5,26,81,26.8,22.5
2026-08-04T14:50:00+05:30,2026-08-04 14:50:00,25,26,24,0,5.5,25.6,63,0,0,0,0.5,0.5,623.6,94,2,273.6,25.9,81,26.7,22.4
2026-08-04T14:45:00+05:30,2026-08-04 14:45:00,24.8,25.7,23.6,2.9,5.5,25.6,87,0,0,0,0.5,0.5,623.6,93,2,262.3,25.9,81,26.7,22.4
2026-08-04T14:40:00+05:30,2026-08-04 14:40:00,24.7,25.7,23.7,0,0,25.6,78,0,0,0,0.5,0.5,623.6,94,2,253.2,25.9,81,26.7,22.4
2026-08-04T14:35:00+05:30,2026-08-04 14:35:00,24.7,25.7,23.5,0,0,25.6,97,0,0,0,0.5,0.5,623.6,93,2,232.8,25.9,81,26.7,22.4
2026-08-04T14:30:00+05:30,2026-08-04 14:30:00,24.6,25.6,23.6,0,5.5,25.6,71,0,0,0,0.5,0.5,623.6,94,2,239.3,25.8,81,26.5,22.3
2026-08-04T14:25:00+05:30,2026-08-04 14:25:00,24.5,25.4,23.3,0,7.2,25.6,79,0,0,0,0.5,0.5,623.6,93,1,199.7,25.8,81,26.5,22.3
2026-08-04T14:20:00+05:30,2026-08-04 14:20:00,24.4,25.3,23.2,0,5.5,25.6,86,0,0,0,0.5,0.5,623.6,93,2,205.5,25.8,81,26.5,22.3
2026-08-04T14:15:00+05:30,2026-08-04 14:15:00,24.4,25.4,23.5,0,5.5,25.6,70,0,0,0,0.5,0.5,623.6,95,2,241.7,25.8,81,26.5,22.3
2026-08-04T14:10:00+05:30,2026-08-04 14:10:00,24.6,25.6,23.4,0,7.2,25.6,84,0,0,0,0.5,0.5,623.6,93,2,244.5,25.8,81,26.5,22.3
2026-08-04T14:05:00+05:30,2026-08-04 14:05:00,24.9,25.8,23.5,0,0,25.6,82,0,0,0,0.5,0.5,623.6,92,2,236.4,25.8,81,26.5,22.3
2026-08-04T14:00:00+05:30,2026-08-04 14:00:00,24.9,25.8,23.3,0,0,25.6,77,0,0,0,0.5,0.5,623.6,91,2,226.5,25.8,81,26.5,22.3
2026-08-04T13:55:00+05:30,2026-08-04 13:55:00,24.7,25.6,23.1,6.4,9.3,25.6,96,0,0,0,0.5,0.5,623.6,91,2,252.4,25.8,82,26.6,22.4
2026-08-04T13:50:00+05:30,2026-08-04 13:50:00,24.6,25.6,23.4,0,1.8,25.6,93,0,0,0,0.5,0.5,623.6,93,2,239.8,25.7,82,26.5,22.4
2026-08-04T13:45:00+05:30,2026-08-04 13:45:00,24.5,25.5,23.5,0,3.5,25.6,91,0,0,0,0.5,0.5,623.6,94,2,236.8,25.8,82,26.6,22.4
2026-08-04T13:40:00+05:30,2026-08-04 13:40:00,24.5,25.5,23.5,0,7.2,25.6,71,0,0,0,0.5,0.5,623.6,94,2,256.4,25.7,82,26.5,22.4
2026-08-04T13:35:00+05:30,2026-08-04 13:35:00,24.5,25.5,23.5,6.1,13,25.6,89,0,0,0,0.5,0.5,623.6,94,1,175.9,25.7,82,26.5,22.4
2026-08-04T13:30:00+05:30,2026-08-04 13:30:00,24.3,25.3,23.6,0,3.5,25.6,73,0,0,0,0.5,0.5,623.6,96,2,250.6,25.7,82,26.5,22.4
2026-08-04T13:25:00+05:30,2026-08-04 13:25:00,24.3,25.3,23.8,2.1,9.3,25.6,83,0,0,0,0.5,0.5,623.6,97,2,243,25.7,82,26.5,22.4
2026-08-04T13:20:00+05:30,2026-08-04 13:20:00,24,25,23.7,0,0,25.6,73,0,0,0,0.5,0.5,623.6,98,2,225.6,25.7,82,26.5,22.4
2026-08-04T13:15:00+05:30,2026-08-04 13:15:00,24,25,23.8,0,1.8,25.6,105,0,0,0,0.5,0.5,623.6,99,2,219.6,25.7,82,26.5,22.4
2026-08-04T13:11:00+05:30,2026-08-04 13:11:00,23.8,24.8,23.6,0,0,25.6,70,0,0,0,0.5,0.5,623.6,99,1,177.5,25.7,82,26.5,22.4
2026-08-04T13:05:00+05:30,2026-08-04 13:05:00,23.8,24.8,23.6,0,1.8,25.6,74,0,0,0,0.5,0.5,623.6,99,2,205.5,25.7,82,26.5,22.4
2026-08-04T13:00:00+05:30,2026-08-04 13:00:00,23.7,24.7,23.6,0,5.5,25.6,90,0,0,0,0.5,0.5,623.6,99,1,204.4,25.7,82,26.5,22.4
2026-08-04T12:55:00+05:30,2026-08-04 12:55:00,23.7,24.7,23.6,0,3.5,25.6,93,0,0,0,0.5,0.5,623.6,99,2,215.3,25.8,82,26.6,22.4
2026-08-04T12:50:00+05:30,2026-08-04 12:50:00,23.9,24.9,23.6,0.3,5.5,25.6,89,0,0,0,0.5,0.5,623.6,98,2,239.6,25.7,82,26.5,22.4
2026-08-04T12:45:00+05:30,2026-08-04 12:45:00,23.9,24.9,23.4,0,7.2,25.6,77,0,0,0,0.5,0.5,623.6,97,2,244.9,25.8,82,26.6,22.4
2026-08-04T12:40:00+05:30,2026-08-04 12:40:00,24.2,25.2,23.4,7.2,9.3,25.6,108,0,0,0,0.5,0.5,623.6,95,1,181.4,25.8,82,26.6,22.4
2026-08-04T12:35:00+05:30,2026-08-04 12:35:00,24.2,25.2,23.5,4,5.5,25.6,82,0,0,0,0.5,0.5,623.6,96,1,166.5,25.8,81,26.5,22.3
2026-08-04T12:31:00+05:30,2026-08-04 12:31:00,24.2,25.2,23.5,0,0,25.6,66,0,0,0,0.5,0.5,623.6,96,1,164,25.8,81,26.5,22.3
2026-08-04T12:25:00+05:30,2026-08-04 12:25:00,24.3,25.2,23.4,0,0,25.6,75,0,0,0,0.5,0.5,623.6,95,1,127.8,25.7,81,26.4,22.2
2026-08-04T12:20:00+05:30,2026-08-04 12:20:00,24.6,25.6,23.6,0,3.5,25.6,85,0,0,0,0.5,0.5,623.6,94,1,144.5,25.7,81,26.4,22.2
2026-08-04T12:15:00+05:30,2026-08-04 12:15:00,24.6,25.6,23.4,1.1,3.5,25.6,84,0,0,0,0.5,0.5,623.6,93,1,164,25.7,81,26.4,22.2
2026-08-04T12:10:00+05:30,2026-08-04 12:10:00,24.5,25.4,23.3,1.4,7.2,25.6,71,0,0,0,0.5,0.5,623.6,93,1,189.3,25.7,81,26.4,22.2
2026-08-04T12:05:00+05:30,2026-08-04 12:05:00,24.4,25.3,23.2,0,3.5,25.6,90,0,0,0,0.5,0.5,623.6,93,1,153.8,25.7,81,26.4,22.2
2026-08-04T12:00:00+05:30,2026-08-04 12:00:00,24.5,25.4,23.1,1.1,11.1,25.6,104,0,0,0,0.5,0.5,623.6,92,1,122.4,25.7,81,26.4,22.2
2026-08-04T11:55:00+05:30,2026-08-04 11:55:00,24.8,25.7,23.2,0.3,20.1,25.6,91,0,0,0,0.5,0.5,623.6,91,0,75.1,25.7,81,26.4,22.2
2026-08-04T11:50:00+05:30,2026-08-04 11:50:00,25.3,26.2,23.3,0,1.8,25.6,100,0,0,0,0.5,0.5,623.6,89,0,75.4,25.7,81,26.4,22.2
2026-08-04T11:45:00+05:30,2026-08-04 11:45:00,25.5,26.4,23.5,0,1.8,25.6,76,0,0,0,0.5,0.5,623.6,89,1,110.7,25.7,81,26.4,22.2
2026-08-04T11:40:00+05:30,2026-08-04 11:40:00,25.9,26.8,23.6,1.4,13,25.6,77,0,0,0,0.5,0.5,623.6,87,0,86.4,25.6,81,26.3,22.1
2026-08-04T11:35:00+05:30,2026-08-04 11:35:00,26.2,27.1,23.7,0.3,9.3,25.6,93,0,0,0,0.5,0.5,623.6,86,1,183.6,25.6,81,26.3,22.1
2026-08-04T11:30:00+05:30,2026-08-04 11:30:00,26.3,27.2,23.5,2.9,5.5,25.6,80,0,0,0,0.5,0.5,623.6,85,2,277,25.5,81,26.2,22
2026-08-04T11:26:00+05:30,2026-08-04 11:26:00,26.5,27.4,23.6,0,7.2,25.6,102,0,0,0,0.5,0.5,623.6,84,2,274,25.5,81,26.2,22
2026-08-04T11:20:00+05:30,2026-08-04 11:20:00,26.5,27.4,23.6,1.1,5.5,25.6,116,0,0,0,0.5,0.5,623.6,84,2,305.1,25.5,81,26.2,22
2026-08-04T11:15:00+05:30,2026-08-04 11:15:00,26.5,27.4,23.4,8.7,13,25.6,112,0,0,0,0.5,0.5,623.6,83,4,465.2,25.4,81,26.1,21.9
2026-08-04T11:10:00+05:30,2026-08-04 11:10:00,26.5,27.4,23.8,0,3.5,25.6,73,0,0,0,0.5,0.5,623.6,85,2,287.4,25.4,81,26.1,21.9
2026-08-04T11:05:00+05:30,2026-08-04 11:05:00,26.5,27.4,23.6,0.3,5.5,25.6,78,0,0,0,0.5,0.5,623.6,84,3,380.3,25.4,81,26.1,21.9
2026-08-04T11:00:00+05:30,2026-08-04 11:00:00,26.6,27.5,23.7,2.9,7.2,25.6,58,0,0,0,0.5,0.5,623.6,84,3,345.4,25.3,81,26,21.8
2026-08-04T10:55:00+05:30,2026-08-04 10:55:00,26.6,27.5,23.7,7.6,25.6,25.6,67,0,0,0,0.5,0.5,623.6,84,4,457.5,25.2,81,25.9,21.7
2026-08-04T10:50:00+05:30,2026-08-04 10:50:00,26.1,27,23.4,1.1,7.2,18.3,81,0,0,0,0.5,0.5,623.6,85,7,737,25.2,81,25.9,21.7
2026-08-04T10:45:00+05:30,2026-08-04 10:45:00,25.8,26.6,23.1,4,11.1,18.3,80,0,0,0,0.5,0.5,623.6,85,4,457.9,25.2,81,25.9,21.7
2026-08-04T10:40:00+05:30,2026-08-04 10:40:00,25.7,26.6,23.2,5.8,14.8,18.3,124,0,0,0,0.5,0.5,623.6,86,2,295.1,25.2,81,25.9,21.7
2026-08-04T10:35:00+05:30,2026-08-04 10:35:00,25.6,26.5,23.3,4,11.1,18.3,84,0,0,0,0.5,0.5,623.6,87,2,231.9,25.1,82,25.8,21.8
2026-08-04T10:30:00+05:30,2026-08-04 10:30:00,25.6,26.5,23.3,0.3,7.2,14.8,76,0,0,0,0.5,0.5,623.6,87,3,323.6,25.1,82,25.8,21.8
2026-08-04T10:25:00+05:30,2026-08-04 10:25:00,25.4,26.3,23.1,5,9.3,14.8,112,0,0,0,0.5,0.5,623.6,87,3,318.6,25.1,82,25.8,21.8
2026-08-04T10:21:00+05:30,2026-08-04 10:21:00,25.3,26.2,23.1,5,11.1,14.8,75,0,0,0,0.5,0.5,623.6,88,2,294.4,25.1,82,25.8,21.8
2026-08-04T10:15:00+05:30,2026-08-04 10:15:00,25.1,26,23,3.2,9.3,14.8,114,0,0,0,0.5,0.5,623.6,88,2,257.2,25,82,25.7,21.7
2026-08-04T10:10:00+05:30,2026-08-04 10:10:00,25.1,26,23.2,2.1,5.5,14.8,117,0,0,0,0.5,0.5,623.6,89,2,255.3,25,82,25.7,21.7
2026-08-04T10:05:00+05:30,2026-08-04 10:05:00,25,25.9,23.4,2.6,9.3,14.8,79,0,0,0,0.5,0.5,623.6,91,2,216.8,25,82,25.7,21.7
2026-08-04T10:00:00+05:30,2026-08-04 10:00:00,25,25.9,23.2,4,11.1,14.8,104,0,0,0,0.5,0.5,623.6,90,1,162.8,25,82,25.7,21.7
2026-08-04T09:55:00+05:30,2026-08-04 09:55:00,25,25.9,23.2,5.5,7.2,14.8,72,0,0,0,0.5,0.5,623.6,90,2,212,24.9,82,25.6,21.6
2026-08-04T09:50:00+05:30,2026-08-04 09:50:00,25,25.9,23.2,3.5,9.3,14.8,21,0,0,0,0.5,0.5,623.6,90,2,305.1,24.8,82,25.4,21.5
2026-08-04T09:45:00+05:30,2026-08-04 09:45:00,24.8,25.7,23,9.7,14.8,14.8,118,0,0,0,0.5,0.5,623.6,90,2,269.6,24.8,82,25.4,21.5
2026-08-04T09:40:00+05:30,2026-08-04 09:40:00,24.5,25.4,23.1,0,9.3,14.8,73,0,0,0,0.5,0.5,623.6,92,2,225,24.8,82,25.4,21.5
2026-08-04T09:35:00+05:30,2026-08-04 09:35:00,24.3,25.2,22.9,3.2,11.1,14.8,110,0,0,0,0.5,0.5,623.6,92,1,183,24.7,82,25.4,21.4
2026-08-04T09:30:00+05:30,2026-08-04 09:30:00,24.3,25.2,22.9,1.4,3.5,14.8,77,0,0,0,0.5,0.5,623.6,92,1,119.9,24.7,82,25.4,21.4
2026-08-04T09:25:00+05:30,2026-08-04 09:25:00,24.2,25.1,23,0.6,14.8,14.8,79,0,0,0,0.5,0.5,623.6,93,1,114.1,24.7,83,25.4,21.6
2026-08-04T09:20:00+05:30,2026-08-04 09:20:00,24.1,25,23.1,0.6,3.5,14.8,89,0,0,0,0.5,0.5,623.6,94,1,141.9,24.7,83,25.4,21.6
2026-08-04T09:15:00+05:30,2026-08-04 09:15:00,24,24.9,23.1,0,0,14.8,82,0,0,0,0.5,0.5,623.6,95,1,128.7,24.6,82,25.3,21.3
2026-08-04T09:10:00+05:30,2026-08-04 09:10:00,23.7,24.7,23,0,0,14.8,71,0,0,0,0.5,0.5,623.6,96,1,123.4,24.6,82,25.3,21.3
2026-08-04T09:05:00+05:30,2026-08-04 09:05:00,23.5,24.4,23,0,0,14.8,72,0,0,0,0.5,0.5,623.6,97,1,111.8,24.6,82,25.3,21.3
2026-08-04T09:01:00+05:30,2026-08-04 09:01:00,23.4,24.3,23.1,0,0,14.8,50,0,0,0,0.5,0.5,623.6,98,1,128.7,24.6,82,25.3,21.3
2026-08-04T08:55:00+05:30,2026-08-04 08:55:00,23.2,24.2,22.9,0,3.5,14.8,89,0,0,0,0.5,0.5,623.6,98,1,112.8,24.5,82,25.2,21.2
2026-08-04T08:50:00+05:30,2026-08-04 08:50:00,23.2,24.2,22.9,0,3.5,14.8,76,0,0,0,0.5,0.5,623.6,98,1,103.7,24.5,82,25.2,21.2
2026-08-04T08:45:00+05:30,2026-08-04 08:45:00,23.3,24.2,22.8,0,3.5,14.8,84,0,0,0,0.5,0.5,623.6,97,0,41,24.5,82,25.2,21.2
2026-08-04T08:40:00+05:30,2026-08-04 08:40:00,23.4,24.3,22.7,1.4,3.5,14.8,82,0,0,0,0.5,0.5,623.6,96,0,36.8,24.5,82,25.2,21.2
2026-08-04T08:35:00+05:30,2026-08-04 08:35:00,23.4,24.3,22.9,0,0,14.8,82,0,0,0,0.5,0.5,623.6,97,0,43.4,24.5,82,25.2,21.2
2026-08-04T08:30:00+05:30,2026-08-04 08:30:00,23.4,24.3,22.7,0,3.5,14.8,85,0,0,0,0.5,0.5,623.6,96,0,55.8,24.5,82,25.2,21.2
2026-08-04T08:25:00+05:30,2026-08-04 08:25:00,23.3,24.2,22.8,0,1.8,14.8,83,0,0,0,0.5,0.5,623.6,97,0,59.2,24.5,82,25.2,21.2
2026-08-04T08:20:00+05:30,2026-08-04 08:20:00,23.3,24.2,22.6,6.9,11.1,14.8,103,0,0,0,0.5,0.5,623.6,96,0,47.9,24.5,82,25.2,21.2
2026-08-04T08:15:00+05:30,2026-08-04 08:15:00,23.3,24.2,22.8,4.7,7.2,14.8,101,0,0,0,0.5,0.5,623.6,97,0,40.7,24.5,82,25.2,21.2
2026-08-04T08:10:00+05:30,2026-08-04 08:10:00,23.3,24.2,22.6,0.3,3.5,14.8,98,0,0,0,0.5,0.5,623.6,96,0,46.4,24.5,82,25.2,21.2
2026-08-04T08:05:00+05:30,2026-08-04 08:05:00,23.4,24.3,22.7,2.1,3.5,14.8,86,0,0,0,0.5,0.5,623.6,96,0,47.4,24.5,81,25.1,21
2026-08-04T08:00:00+05:30,2026-08-04 08:00:00,23.3,24.2,22.6,0,0,14.8,72,0,0,0,0.5,0.5,623.6,96,0,57,24.5,81,25.1,21
2026-08-04T07:56:00+05:30,2026-08-04 07:56:00,23.2,24.1,22.5,0,0,14.8,69,0,0,0,0.5,0.5,623.6,96,0,52.3,24.4,81,25,20.9
2026-08-04T07:50:00+05:30,2026-08-04 07:50:00,23.2,24.1,22.5,0,5.5,14.8,76,0,0,0,0.5,0.5,623.6,96,0,35.4,24.4,81,25,20.9
2026-08-04T07:45:00+05:30,2026-08-04 07:45:00,23.2,24.1,22.5,0,0,14.8,76,0,0,0,0.5,0.5,623.6,96,0,20.5,24.4,81,25,20.9
2026-08-04T07:40:00+05:30,2026-08-04 07:40:00,23.3,24.2,22.6,1.8,3.5,14.8,50,0,0,0,0.5,0.5,623.6,96,0,22.5,24.4,81,25,20.9
2026-08-04T07:35:00+05:30,2026-08-04 07:35:00,23.2,24.1,22.5,0,3.5,14.8,91,0,0,0,0.5,0.5,623.6,96,0,40.6,24.4,81,25,20.9
2026-08-04T07:30:00+05:30,2026-08-04 07:30:00,23.3,24.2,22.6,0,0,14.8,72,0,0,0,0.5,0.5,623.6,96,0,37.8,24.4,81,25,20.9
2026-08-04T07:25:00+05:30,2026-08-04 07:25:00,23.3,24.1,22.4,0,0,14.8,98,0,0,0,0.5,0.5,623.6,95,0,17.6,24.4,81,25,20.9
2026-08-04T07:20:00+05:30,2026-08-04 07:20:00,23.2,24.1,22.4,0,1.8,14.8,53,0,0,0,0.5,0.5,623.6,95,0,33.3,24.4,81,25,20.9
2026-08-04T07:15:00+05:30,2026-08-04 07:15:00,23.2,24.1,22.4,0,0,14.8,74,0,0,0,0.5,0.5,623.6,95,0,29.5,24.4,81,25,20.9
2026-08-04T07:10:00+05:30,2026-08-04 07:10:00,23.2,24.1,22.4,0,3.5,14.8,101,0,0,0,0.5,0.5,623.6,95,0,28.8,24.4,81,25,20.9
2026-08-04T07:05:00+05:30,2026-08-04 07:05:00,23.1,24,22.3,0,11.1,14.8,80,0,0,0,0.5,0.5,623.6,95,0,28.9,24.4,81,25,20.9
2026-08-04T07:00:00+05:30,2026-08-04 07:00:00,23.1,24,22.4,0,0,14.8,62,0,0,0,0.5,0.5,623.6,96,0,13.3,24.4,81,25,20.9
2026-08-04T06:55:00+05:30,2026-08-04 06:55:00,23.1,24,22.3,0,11.1,14.8,62,0,0,0,0.5,0.5,623.6,95,0,20,24.4,81,25,20.9
2026-08-04T06:51:00+05:30,2026-08-04 06:51:00,23.1,24,22.3,0,0,14.8,86,0,0,0,0.5,0.5,623.6,95,0,10.3,24.4,81,25,20.9
2026-08-04T06:45:00+05:30,2026-08-04 06:45:00,23.1,24,22.4,0,0,14.8,106,0,0,0,0.5,0.5,623.6,96,0,7.2,24.4,81,25,20.9
2026-08-04T06:40:00+05:30,2026-08-04 06:40:00,,,,2.1,7.2,14.8,14,0,0,0,0.5,0.5,623.6,,0,5.6,24.4,81,25,20.9
2026-08-04T06:35:00+05:30,2026-08-04 06:35:00,,,,0,9.3,14.8,15,0,0,0,0.5,0.5,623.6,,0,4.8,24.4,81,25,20.9
2026-08-04T06:30:00+05:30,2026-08-04 06:30:00,,,,0,5.5,14.8,15,0,0,0,0.5,0.5,623.6,,0,4.9,24.4,81,25,20.9
2026-08-04T06:25:00+05:30,2026-08-04 06:25:00,,,,6.9,9.3,14.8,15,0,0,0,0.5,0.5,623.6,,0,5.5,24.4,81,25,20.9
2026-08-04T06:20:00+05:30,2026-08-04 06:20:00,,,,6.9,9.3,14.8,16,0,0,0,0.5,0.5,623.6,,0,5.2,24.4,81,25,20.9
2026-08-04T06:15:00+05:30,2026-08-04 06:15:00,,,,1.4,7.2,14.8,17,0,0,0,0.5,0.5,623.6,,0,4.2,24.4,81,25,20.9
2026-08-04T06:10:00+05:30,2026-08-04 06:10:00,,,,0,5.5,14.8,18,0,0,0,0.5,0.5,623.6,,0,3,24.4,81,25,20.9
2026-08-04T06:05:00+05:30,2026-08-04 06:05:00,,,,0,5.5,14.8,19,0,0,0,0.5,0.5,623.6,,0,1.3,24.4,81,25,20.9
2026-08-04T06:00:00+05:30,2026-08-04 06:00:00,,,,0,1.8,14.8,24,0,0,0,0.5,0.5,623.6,,0,0.9,24.4,81,25,20.9
2026-08-04T05:55:00+05:30,2026-08-04 05:55:00,,,,0,3.5,14.8,27,0,0,0,0.5,0.5,623.6,,0,0.4,24.4,81,25,20.9
2026-08-04T05:50:00+05:30,2026-08-04 05:50:00,,,,0,5.5,14.8,34,0,0,0,0.5,0.5,623.6,,0,0.1,24.4,81,25,20.9
2026-08-04T05:46:00+05:30,2026-08-04 05:46:00,,,,3.5,5.5,14.8,37,0,0,0,0.5,0.5,623.6,,0,0,24.4,81,25,20.9
2026-08-04T05:40:00+05:30,2026-08-04 05:40:00,,,,0,5.5,14.8,35,0,0,0,0.5,0.5,623.6,,0,0,24.4,81,25,20.9
2026-08-04T05:35:00+05:30,2026-08-04 05:35:00,,,,2.6,5.5,14.8,40,0,0,0,0.5,0.5,623.6,,0,0,24.4,81,25,20.9
2026-08-04T05:30:00+05:30,2026-08-04 05:30:00,,,,0,0,14.8,50,0,0,0,0.5,0.5,623.6,,0,0,24.4,81,25,20.9
2026-08-04T05:25:00+05:30,2026-08-04 05:25:00,,,,0,5.5,14.8,44,0,0,0,0.5,0.5,623.6,,0,0,24.4,81,25,20.9
2026-08-04T05:20:00+05:30,2026-08-04 05:20:00,,,,2.1,5.5,14.8,50,0,0,0,0.5,0.5,623.6,,0,0,24.4,81,25,20.9
2026-08-04T05:15:00+05:30,2026-08-04 05:15:00,,,,0,5.5,14.8,44,0,0,0,0.5,0.5,623.6,,0,0,24.4,81,25,20.9
2026-08-04T05:10:00+05:30,2026-08-04 05:10:00,,,,0,1.8,14.8,62,0,0,0,0.5,0.5,623.6,,0,0,24.4,81,25,20.9
2026-08-04T05:05:00+05:30,2026-08-04 05:05:00,,,,0,1.8,14.8,56,0,0,0,0.5,0.5,623.6,,0,0,24.4,81,25,20.9
2026-08-04T05:00:00+05:30,2026-08-04 05:00:00,,,,0,7.2,14.8,79,0,0,0,0.5,0.5,623.6,,0,0,24.4,81,25,20.9
2026-08-04T04:55:00+05:30,2026-08-04 04:55:00,,,,0,5.5,14.8,42,0,0,0,0.5,0.5,623.6,,0,0,24.4,81,25,20.9
2026-08-04T04:50:00+05:30,2026-08-04 04:50:00,,,,0,7.2,14.8,54,0,0,0,0.5,0.5,623.6,,0,0,24.4,81,25,20.9
2026-08-04T04:45:00+05:30,2026-08-04 04:45:00,,,,1.1,5.5,14.8,94,0,0,0,0.5,0.5,623.6,,0,0,24.4,81,25,20.9
2026-08-04T04:40:00+05:30,2026-08-04 04:40:00,,,,2.9,11.1,14.8,97,0,0,0,0.5,0.5,623.6,,0,0,24.5,81,25.1,21
2026-08-04T04:35:00+05:30,2026-08-04 04:35:00,,,,0,7.2,14.8,86,0,0,0,0.5,0.5,623.6,,0,0,24.5,81,25.1,21
2026-08-04T04:30:00+05:30,2026-08-04 04:30:00,,,,0,0,13,74,0,0,0,0.5,0.5,623.6,,0,0,24.5,81,25.1,21
2026-08-04T04:26:00+05:30,2026-08-04 04:26:00,,,,0,0,13,62,0,0,0,0.5,0.5,623.6,,0,0,24.5,81,25.1,21
2026-08-04T04:20:00+05:30,2026-08-04 04:20:00,,,,0.6,5.5,11.1,102,0,0,0,0.5,0.5,623.6,,0,0,24.5,81,25.1,21
2026-08-04T04:15:00+05:30,2026-08-04 04:15:00,,,,0,1.8,9.3,62,0,0,0,0.5,0.5,623.6,,0,0,24.4,81,25,20.9
2026-08-04T04:10:00+05:30,2026-08-04 04:10:00,,,,0,5.5,9.3,56,0,0,0,0.5,0.5,623.6,,0,0,24.4,81,25,20.9
2026-08-04T04:05:00+05:30,2026-08-04 04:05:00,,,,0,0,9.3,105,0,0,0,0.5,0.5,623.6,,0,0,24.4,81,25,20.9
2026-08-04T04:00:00+05:30,2026-08-04 04:00:00,,,,0,3.5,9.3,62,0,0,0,0.5,0.5,623.6,,0,0,24.5,81,25.1,21
2026-08-04T03:55:00+05:30,2026-08-04 03:55:00,,,,0,0,9.3,62,0,0,0,0.5,0.5,623.6,,0,0,24.5,81,25.1,21
2026-08-04T03:50:00+05:30,2026-08-04 03:50:00,,,,0,0,9.3,67,0,0,0,0.5,0.5,623.6,,0,0,24.5,81,25.1,21
2026-08-04T03:45:00+05:30,2026-08-04 03:45:00,,,,0,5.5,9.3,67,0,0,0,0.5,0.5,623.6,,0,0,24.5,81,25.1,21
2026-08-04T03:40:00+05:30,2026-08-04 03:40:00,,,,0,5.5,9.3,67,0,0,0,0.5,0.5,623.6,,0,0,24.5,81,25.1,21
2026-08-04T03:35:00+05:30,2026-08-04 03:35:00,,,,0,7.2,9.3,95,0,0,0,0.5,0.5,623.6,,0,0,24.5,81,25.1,21
2026-08-04T03:30:00+05:30,2026-08-04 03:30:00,,,,5.8,7.2,9.3,83,0,0,0,0.5,0.5,623.6,,0,0,24.5,81,25.1,21
2026-08-04T03:25:00+05:30,2026-08-04 03:25:00,,,,5.5,9.3,9.3,90,0,0,0,0.5,0.5,623.6,,0,0,24.5,81,25.1,21
2026-08-04T03:21:00+05:30,2026-08-04 03:21:00,,,,0,7.2,9.3,77,0,0,0,0.5,0.5,623.6,,0,0,24.5,81,25.1,21
2026-08-04T03:15:00+05:30,2026-08-04 03:15:00,,,,1.1,7.2,9.3,71,0,0,0,0.5,0.5,623.6,,0,0,24.5,81,25.1,21
2026-08-04T03:10:00+05:30,2026-08-04 03:10:00,,,,0,1.8,9.3,76,0,0,0,0.5,0.5,623.6,,0,0,24.5,81,25.1,21
2026-08-04T03:05:00+05:30,2026-08-04 03:05:00,,,,0,0,9.3,76,0,0,0,0.5,0.5,623.6,,0,0,24.5,81,25.1,21
2026-08-04T03:00:00+05:30,2026-08-04 03:00:00,,,,0,0,9.3,67,0,0,0,0.5,0.5,623.6,,0,0,24.5,81,25.1,21
2026-08-04T02:55:00+05:30,2026-08-04 02:55:00,,,,1.4,1.8,9.3,75,0,0,0,0.5,0.5,623.6,,0,0,24.5,81,25.1,21
2026-08-04T02:50:00+05:30,2026-08-04 02:50:00,,,,0,0,9.3,76,0,0,0,0.5,0.5,623.6,,0,0,24.5,81,25.1,21
2026-08-04T02:45:00+05:30,2026-08-04 02:45:00,,,,0,3.5,9.3,69,0,0,0,0.5,0.5,623.6,,0,0,24.5,81,25.1,21
2026-08-04T02:40:00+05:30,2026-08-04 02:40:00,,,,0,0,9.3,67,0,0,0,0.5,0.5,623.6,,0,0,24.5,81,25.1,21
2026-08-04T02:35:00+05:30,2026-08-04 02:35:00,,,,0,0,9.3,67,0,0,0,0.5,0.5,623.6,,0,0,24.5,81,25.1,21
2026-08-04T02:30:00+05:30,2026-08-04 02:30:00,,,,0,0,9.3,67,0,0,0,0.5,0.5,623.6,,0,0,24.5,81,25.1,21
2026-08-04T02:25:00+05:30,2026-08-04 02:25:00,,,,0,0,9.3,71,0,0,0,0.5,0.5,623.6,,0,0,24.5,81,25.1,21
2026-08-04T02:20:00+05:30,2026-08-04 02:20:00,,,,0,5.5,9.3,86,0,0,0,0.5,0.5,623.6,,0,0,24.5,81,25.1,21
2026-08-04T02:16:00+05:30,2026-08-04 02:16:00,,,,0,0,9.3,68,0,0,0,0.5,0.5,623.6,,0,0,24.5,81,25.1,21
2026-08-04T02:10:00+05:30,2026-08-04 02:10:00,,,,0,1.8,9.3,64,0,0,0,0.5,0.5,623.6,,0,0,24.5,81,25.1,21
2026-08-04T02:05:00+05:30,2026-08-04 02:05:00,,,,0,0,9.3,74,0,0,0,0.5,0.5,623.6,,0,0,24.5,81,25.1,21
2026-08-04T02:00:00+05:30,2026-08-04 02:00:00,,,,0,0,9.3,79,0,0,0,0.5,0.5,623.6,,0,0,24.5,81,25.1,21
2026-08-04T01:55:00+05:30,2026-08-04 01:55:00,,,,0,3.5,9.3,75,0,0,0,0.5,0.5,623.6,,0,0,24.5,81,25.1,21
2026-08-04T01:50:00+05:30,2026-08-04 01:50:00,,,,0,0,9.3,81,0,0,0,0.5,0.5,623.6,,0,0,24.4,81,25,20.9
2026-08-04T01:45:00+05:30,2026-08-04 01:45:00,,,,0,7.2,9.3,74,0,0,0,0.5,0.5,623.6,,0,0,24.5,81,25.1,21
2026-08-04T01:40:00+05:30,2026-08-04 01:40:00,,,,0,5.5,9.3,70,0,0,0,0.5,0.5,623.6,,0,0,24.5,80,25.1,20.8
2026-08-04T01:35:00+05:30,2026-08-04 01:35:00,,,,0,3.5,9.3,71,0,0,0,0.5,0.5,623.6,,0,0,24.5,80,25.1,20.8
2026-08-04T01:30:00+05:30,2026-08-04 01:30:00,,,,0,0,9.3,79,0,0,0,0.5,0.5,623.6,,0,0,24.5,80,25.1,20.8
2026-08-04T01:25:00+05:30,2026-08-04 01:25:00,,,,0,5.5,9.3,73,0,0,0,0.5,0.5,623.6,,0,0,24.5,80,25.1,20.8
2026-08-04T01:20:00+05:30,2026-08-04 01:20:00,,,,0,0,9.3,77,0,0,0,0.5,0.5,623.6,,0,0,24.5,80,25.1,20.8
2026-08-04T01:15:00+05:30,2026-08-04 01:15:00,,,,0.6,1.8,9.3,95,0,0,0,0.5,0.5,623.6,,0,0,24.5,80,25.1,20.8
2026-08-04T01:10:00+05:30,2026-08-04 01:10:00,,,,0,0,9.3,72,0,0,0,0.5,0.5,623.6,,0,0,24.5,80,25.1,20.8
2026-08-04T01:05:00+05:30,2026-08-04 01:05:00,,,,0,0,9.3,93,0,0,0,0.5,0.5,623.6,,0,0,24.5,80,25.1,20.8
2026-08-04T01:00:00+05:30,2026-08-04 01:00:00,,,,6.4,9.3,9.3,86,0,0,0,0.5,0.5,623.6,,0,0,24.5,80,25.1,20.8
2026-08-04T00:55:00+05:30,2026-08-04 00:55:00,,,,0,0,7.2,81,0,0,0,0.5,0.5,623.6,,0,0,24.5,80,25.1,20.8
2026-08-04T00:50:00+05:30,2026-08-04 00:50:00,,,,0,0,7.2,78,0,0,0,0.5,0.5,623.6,,0,0,24.5,80,25.1,20.8
2026-08-04T00:45:00+05:30,2026-08-04 00:45:00,,,,0,0,7.2,72,0,0,0,0.5,0.5,623.6,,0,0,24.5,80,25.1,20.8
2026-08-04T00:40:00+05:30,2026-08-04 00:40:00,,,,0,0,7.2,69,0,0,0,0.5,0.5,623.6,,0,0,24.5,80,25.1,20.8
2026-08-04T00:35:00+05:30,2026-08-04 00:35:00,,,,4.7,5.5,5.5,67,0,0,0,0.5,0.5,623.6,,0,0,24.5,80,25.1,20.8
2026-08-04T00:30:00+05:30,2026-08-04 00:30:00,,,,0,0,5.5,70,0,0,0,0.5,0.5,623.6,,0,0,24.5,80,25.1,20.8
2026-08-04T00:25:00+05:30,2026-08-04 00:25:00,,,,0,0,5.5,72,0,0,0,0.5,0.5,623.6,,0,0,24.5,80,25.1,20.8
2026-08-04T00:20:00+05:30,2026-08-04 00:20:00,,,,0,0,5.5,68,0,0,0,0.5,0.5,623.6,,0,0,24.5,80,25.1,20.8
2026-08-04T00:15:00+05:30,2026-08-04 00:15:00,,,,4.7,5.5,5.5,104,0,0,0,0.5,0.5,623.6,,0,0,24.5,80,25.1,20.8
2026-08-04T00:10:00+05:30,2026-08-04 00:10:00,,,,0,1.8,5.5,95,0,0,0,0.5,0.5,623.6,,0,0,24.5,80,25.1,20.8
2026-08-04T00:05:00+05:30,2026-08-04 00:05:00,,,,0,0,1.8,75,0,0,0,0.5,0.5,623.6,,0,0,24.5,80,25.1,20.8
2026-08-04T00:00:00+05:30,2026-08-04 00:00:00,,,,0,0,0,68,0,0,0,0.5,0.5,623.6,,0,0,24.5,80,25.1,20.8
2026-08-03T23:55:00+05:30,2026-08-03 23:55:00,,,,3.5,5.5,18.3,94,0,0,0,0.5,0.5,623.6,,0,0,24.5,80,25.1,20.8
2026-08-03T23:51:00+05:30,2026-08-03 23:51:00,,,,0,0,18.3,73,0,0,0,0.5,0.5,623.6,,0,0,24.5,80,25.1,20.8
2026-08-03T23:45:00+05:30,2026-08-03 23:45:00,,,,0,0,18.3,72,0,0,0,0.5,0.5,623.6,,0,0,24.5,80,25.1,20.8
2026-08-03T23:40:00+05:30,2026-08-03 23:40:00,,,,0,0,18.3,73,0,0,0,0.5,0.5,623.6,,0,0,24.5,80,25.1,20.8
2026-08-03T23:35:00+05:30,2026-08-03 23:35:00,,,,0,0,18.3,73,0,0,0,0.5,0.5,623.6,,0,0,24.5,80,25.1,20.8
2026-08-03T23:30:00+05:30,2026-08-03 23:30:00,,,,0,5.5,18.3,70,0,0,0,0.5,0.5,623.6,,0,0,24.5,80,25.1,20.8
2026-08-03T23:25:00+05:30,2026-08-03 23:25:00,,,,0,0,18.3,83,0,0,0,0.5,0.5,623.6,,0,0,24.6,80,25.2,20.9
2026-08-03T23:20:00+05:30,2026-08-03 23:20:00,,,,0,9.3,18.3,68,0,0,0,0.5,0.5,623.6,,0,0,24.6,80,25.2,20.9
2026-08-03T23:15:00+05:30,2026-08-03 23:15:00,,,,0,0,18.3,77,0,0,0,0.5,0.5,623.6,,0,0,24.5,80,25.1,20.8
2026-08-03T23:10:00+05:30,2026-08-03 23:10:00,,,,0,0,18.3,71,0,0,0,0.5,0.5,623.6,,0,0,24.6,80,25.2,20.9
2026-08-03T23:05:00+05:30,2026-08-03 23:05:00,,,,0,0,18.3,77,0,0,0,0.5,0.5,623.6,,0,0,24.6,80,25.2,20.9
2026-08-03T23:00:00+05:30,2026-08-03 23:00:00,,,,0,0,18.3,57,0,0,0,0.5,0.5,623.6,,0,0,24.6,80,25.2,20.9
2026-08-03T22:55:00+05:30,2026-08-03 22:55:00,,,,0,1.8,18.3,69,0,0,0,0.5,0.5,623.6,,0,0,24.6,80,25.2,20.9
2026-08-03T22:50:00+05:30,2026-08-03 22:50:00,,,,0,0,18.3,71,0,0,0,0.5,0.5,623.6,,0,0,24.5,80,25.1,20.8
2026-08-03T22:46:00+05:30,2026-08-03 22:46:00,,,,0,0,18.3,71,0,0,0,0.5,0.5,623.6,,0,0,24.6,80,25.2,20.9
2026-08-03T22:40:00+05:30,2026-08-03 22:40:00,,,,0,0,18.3,74,0,0,0,0.5,0.5,623.6,,0,0,24.6,80,25.2,20.9
2026-08-03T22:35:00+05:30,2026-08-03 22:35:00,,,,0,0,18.3,97,0,0,0,0.5,0.5,623.6,,0,0,24.6,80,25.2,20.9
2026-08-03T22:30:00+05:30,2026-08-03 22:30:00,,,,0,0,18.3,72,0,0,0,0.5,0.5,623.6,,0,0,24.6,80,25.2,20.9
2026-08-03T22:25:00+05:30,2026-08-03 22:25:00,,,,0.3,1.8,18.3,76,0,0,0,0.5,0.5,623.6,,0,0,24.6,80,25.2,20.9
2026-08-03T22:20:00+05:30,2026-08-03 22:20:00,,,,0,0,18.3,76,0,0,0,0.5,0.5,623.6,,0,0,24.6,80,25.2,20.9
2026-08-03T22:15:00+05:30,2026-08-03 22:15:00,,,,0,0,18.3,71,0,0,0,0.5,0.5,623.6,,0,0,24.6,80,25.2,20.9
2026-08-03T22:10:00+05:30,2026-08-03 22:10:00,,,,0,7.2,18.3,91,0,0,0,0.5,0.5,623.6,,0,0,24.6,80,25.2,20.9
2026-08-03T22:05:00+05:30,2026-08-03 22:05:00,,,,0,5.5,18.3,83,0,0,0,0.5,0.5,623.6,,0,0,24.6,80,25.2,20.9
2026-08-03T22:00:00+05:30,2026-08-03 22:00:00,,,,1.1,5.5,18.3,101,0,0,0,0.5,0.5,623.6,,0,0,24.6,80,25.2,20.9
2026-08-03T21:55:00+05:30,2026-08-03 21:55:00,,,,0,7.2,18.3,74,0,0,0,0.5,0.5,623.6,,0,0,24.6,80,25.2,20.9
2026-08-03T21:50:00+05:30,2026-08-03 21:50:00,,,,0,5.5,18.3,102,0,0,0,0.5,0.5,623.6,,0,0,24.6,80,25.2,20.9
2026-08-03T21:45:00+05:30,2026-08-03 21:45:00,,,,1.4,5.5,18.3,84,0,0,0,0.5,0.5,623.6,,0,0,24.6,80,25.2,20.9
2026-08-03T21:41:00+05:30,2026-08-03 21:41:00,,,,0,5.5,18.3,82,0,0,0,0.5,0.5,623.6,,0,0,24.6,80,25.2,20.9
2026-08-03T21:35:00+05:30,2026-08-03 21:35:00,,,,2.9,7.2,18.3,101,0,0,0,0.5,0.5,623.6,,0,0,24.6,80,25.2,20.9
2026-08-03T21:30:00+05:30,2026-08-03 21:30:00,,,,0.3,3.5,18.3,92,0,0,0,0.5,0.5,623.6,,0,0,24.7,80,25.3,21.1
2026-08-03T21:25:00+05:30,2026-08-03 21:25:00,,,,0,0,18.3,81,0,0,0,0.5,0.5,623.6,,0,0,24.7,80,25.3,21.1
2026-08-03T21:20:00+05:30,2026-08-03 21:20:00,,,,0,5.5,18.3,70,0,0,0,0.5,0.5,623.6,,0,0,24.7,80,25.3,21.1
2026-08-03T21:15:00+05:30,2026-08-03 21:15:00,,,,0,0,18.3,71,0,0,0,0.5,0.5,623.6,,0,0,24.7,80,25.3,21.1
2026-08-03T21:10:00+05:30,2026-08-03 21:10:00,,,,0,0,18.3,69,0,0,0,0.5,0.5,623.6,,0,0,24.7,80,25.3,21.1
2026-08-03T21:05:00+05:30,2026-08-03 21:05:00,,,,0,1.8,18.3,72,0,0,0,0.5,0.5,623.6,,0,0,24.7,80,25.3,21.1
2026-08-03T21:00:00+05:30,2026-08-03 21:00:00,,,,0,0,18.3,70,0,0,0,0.5,0.5,623.6,,0,0,24.7,80,25.3,21.1
2026-08-03T20:55:00+05:30,2026-08-03 20:55:00,,,,0,0,18.3,71,0,0,0,0.5,0.5,623.6,,0,0,24.7,80,25.3,21.1
2026-08-03T20:50:00+05:30,2026-08-03 20:50:00,,,,0,0,18.3,71,0,0,0,0.5,0.5,623.6,,0,0,24.7,80,25.3,21.1
2026-08-03T20:45:00+05:30,2026-08-03 20:45:00,,,,0,0,18.3,66,0,0,0,0.5,0.5,623.6,,0,0,24.7,80,25.3,21.1
2026-08-03T20:40:00+05:30,2026-08-03 20:40:00,,,,0,0,18.3,89,0,0,0,0.5,0.5,623.6,,0,0,24.7,80,25.3,21.1
2026-08-03T20:35:00+05:30,2026-08-03 20:35:00,,,,0,0,18.3,80,0,0,0,0.5,0.5,623.6,,0,0,24.7,80,25.3,21.1
2026-08-03T20:30:00+05:30,2026-08-03 20:30:00,,,,0,0,18.3,75,0,0,0,0.5,0.5,623.6,,0,0,24.8,80,25.4,21.1
2026-08-03T20:25:00+05:30,2026-08-03 20:25:00,,,,0,0,18.3,79,0,0,0,0.5,0.5,623.6,,0,0,24.8,80,25.4,21.1
2026-08-03T20:21:00+05:30,2026-08-03 20:21:00,,,,0,3.5,18.3,86,0,0,0,0.5,0.5,623.6,,0,0,24.8,80,25.4,21.1
2026-08-03T20:15:00+05:30,2026-08-03 20:15:00,,,,0,3.5,18.3,65,0,0,0,0.5,0.5,623.6,,0,0,24.8,80,25.4,21.1
2026-08-03T20:10:00+05:30,2026-08-03 20:10:00,,,,2.1,5.5,18.3,75,0,0,0,0.5,0.5,623.6,,0,0,24.8,80,25.4,21.1
2026-08-03T20:05:00+05:30,2026-08-03 20:05:00,,,,0,0,18.3,73,0,0,0,0.5,0.5,623.6,,0,0,24.8,80,25.4,21.1
2026-08-03T20:00:00+05:30,2026-08-03 20:00:00,,,,0,0,18.3,95,0,0,0,0.5,0.5,623.6,,0,0,24.8,80,25.4,21.1
2026-08-03T19:55:00+05:30,2026-08-03 19:55:00,,,,0,0,18.3,78,0,0,0,0.5,0.5,623.6,,0,0,24.8,80,25.4,21.1
2026-08-03T19:50:00+05:30,2026-08-03 19:50:00,,,,0,0,18.3,72,0,0,0,0.5,0.5,623.6,,0,0,24.8,80,25.4,21.1
2026-08-03T19:45:00+05:30,2026-08-03 19:45:00,,,,0,0,18.3,73,0,0,0,0.5,0.5,623.6,,0,0,24.8,80,25.4,21.1
2026-08-03T19:40:00+05:30,2026-08-03 19:40:00,,,,0,0,18.3,80,0,0,0,0.5,0.5,623.6,,0,0,24.8,80,25.4,21.1
2026-08-03T19:35:00+05:30,2026-08-03 19:35:00,,,,0,0,18.3,74,0,0,0,0.5,0.5,623.6,,0,0,24.8,80,25.4,21.1
2026-08-03T19:30:00+05:30,2026-08-03 19:30:00,,,,0,0,18.3,76,0,0,0,0.5,0.5,623.6,,0,0,24.9,80,25.5,21.2
2026-08-03T19:25:00+05:30,2026-08-03 19:25:00,,,,0,0,18.3,71,0,0,0,0.5,0.5,623.6,,0,0,24.9,80,25.5,21.2
2026-08-03T19:20:00+05:30,2026-08-03 19:20:00,,,,0,0,18.3,92,0,0,0,0.5,0.5,623.6,,0,0,24.9,80,25.5,21.2
2026-08-03T19:16:00+05:30,2026-08-03 19:16:00,,,,0,0,18.3,75,0,0,0,0.5,0.5,623.6,,0,0,24.9,80,25.5,21.2
2026-08-03T19:10:00+05:30,2026-08-03 19:10:00,,,,0,0,18.3,82,0,0,0,0.5,0.5,623.6,,0,0,24.9,80,25.5,21.2
2026-08-03T19:05:00+05:30,2026-08-03 19:05:00,,,,0,0,18.3,78,0,0,0,0.5,0.5,623.6,,0,0,24.9,80,25.5,21.2
2026-08-03T19:00:00+05:30,2026-08-03 19:00:00,,,,0,0,18.3,72,0,0,0,0.5,0.5,623.6,,0,0,24.9,80,25.5,21.2
2026-08-03T18:55:00+05:30,2026-08-03 18:55:00,,,,0,0,18.3,71,0,0,0,0.5,0.5,623.6,,0,0,24.9,80,25.5,21.2
2026-08-03T18:50:00+05:30,2026-08-03 18:50:00,,,,0,0,18.3,69,0,0,0,0.5,0.5,623.6,,0,0,25,80,25.7,21.3
2026-08-03T18:45:00+05:30,2026-08-03 18:45:00,,,,0,0,18.3,70,0,0,0,0.5,0.5,623.6,,0,0,25,81,25.7,21.5
2026-08-03T18:40:00+05:30,2026-08-03 18:40:00,,,,0,0,18.3,76,0,0,0,0.5,0.5,623.6,,0,0,25,81,25.7,21.5
2026-08-03T18:35:00+05:30,2026-08-03 18:35:00,,,,0,0,18.3,84,0,0,0,0.5,0.5,623.6,,0,0.1,24.9,81,25.6,21.4
2026-08-03T18:30:00+05:30,2026-08-03 18:30:00,,,,0,0,18.3,77,0,0,0,0.5,0.5,623.6,,0,0.3,25,81,25.7,21.5
2026-08-03T18:25:00+05:30,2026-08-03 18:25:00,,,,0,0,18.3,73,0,0,0,0.5,0.5,623.6,,0,0.7,25,81,25.7,21.5
2026-08-03T18:20:00+05:30,2026-08-03 18:20:00,,,,0,0,18.3,72,0,0,0,0.5,0.5,623.6,,0,1.1,25,81,25.7,21.5
2026-08-03T18:15:00+05:30,2026-08-03 18:15:00,,,,0,0,18.3,68,0,0,0,0.5,0.5,623.6,,0,2.4,25,81,25.7,21.5
2026-08-03T18:11:00+05:30,2026-08-03 18:11:00,,,,0,0,18.3,71,0,0,0,0.5,0.5,623.6,,0,3.4,25,81,25.7,21.5
2026-08-03T18:05:00+05:30,2026-08-03 18:05:00,,,,0,0,18.3,69,0,0,0,0.5,0.5,623.6,,0,5.2,25,81,25.7,21.5
2026-08-03T18:00:00+05:30,2026-08-03 18:00:00,,,,0,0,18.3,71,0,0,0,0.5,0.5,623.6,,0,5.9,25,81,25.7,21.5
2026-08-03T17:55:00+05:30,2026-08-03 17:55:00,,,,0,0,18.3,71,0,0,0,0.5,0.5,623.6,,0,6.8,25.1,81,25.8,21.6
2026-08-03T17:50:00+05:30,2026-08-03 17:50:00,,,,0,0,18.3,69,0,0,0,0.5,0.5,623.6,,0,8,25,81,25.7,21.5
2026-08-03T17:45:00+05:30,2026-08-03 17:45:00,,,,0,0,18.3,71,0,0,0,0.5,0.5,623.6,,0,9.8,25.1,81,25.8,21.6
2026-08-03T17:40:00+05:30,2026-08-03 17:40:00,,,,0,0,18.3,70,0,0,0,0.5,0.5,623.6,,0,12.7,25.1,81,25.8,21.6
2026-08-03T17:35:00+05:30,2026-08-03 17:35:00,,,,0,0,18.3,72,0,0,0,0.5,0.5,623.6,,0,15.4,25.1,81,25.8,21.6
2026-08-03T17:30:00+05:30,2026-08-03 17:30:00,,,,0,0,18.3,71,0,0,0,0.5,0.5,623.6,,0,17.4,25.1,81,25.8,21.6
2026-08-03T17:25:00+05:30,2026-08-03 17:25:00,,,,0,0,18.3,70,0,0,0,0.5,0.5,623.6,,0,20.9,25.1,81,25.8,21.6
2026-08-03T17:20:00+05:30,2026-08-03 17:20:00,,,,0,0,18.3,70,0,0,0,0.5,0.5,623.6,,0,23.7,25.1,81,25.8,21.6
2026-08-03T17:15:00+05:30,2026-08-03 17:15:00,,,,0,0,18.3,70,0,0,0,0.5,0.5,623.6,,0,25.9,25.1,81,25.8,21.6
2026-08-03T17:10:00+05:30,2026-08-03 17:10:00,,,,0,0,18.3,59,0,0,0,0.5,0.5,623.6,,0,27.7,25.1,81,25.8,21.6
2026-08-03T17:05:00+05:30,2026-08-03 17:05:00,,,,0,0,18.3,77,0,0,0,0.5,0.5,623.6,,0,27.5,25.2,81,25.9,21.7
2026-08-03T17:00:00+05:30,2026-08-03 17:00:00,,,,0,0,18.3,71,0,0,0,0.5,0.5,623.6,,0,26.8,25.2,82,25.9,21.9
2026-08-03T16:55:00+05:30,2026-08-03 16:55:00,,,,0,0,18.3,67,0,0,0,0.5,0.5,623.6,,0,25.5,25.2,82,25.9,21.9
2026-08-03T16:50:00+05:30,2026-08-03 16:50:00,,,,0,0,18.3,71,0,0,0,0.5,0.5,623.6,,0,28.1,25.1,82,25.8,21.8
2026-08-03T16:45:00+05:30,2026-08-03 16:45:00,,,,0,0,18.3,89,0,0,0,0.5,0.5,623.6,,0,32,25.1,82,25.8,21.8
2026-08-03T16:40:00+05:30,2026-08-03 16:40:00,,,,0,0,18.3,70,0,0,0,0.5,0.5,623.6,,0,39.8,25.2,82,25.9,21.9
2026-08-03T16:35:00+05:30,2026-08-03 16:35:00,,,,0,0,18.3,64,0,0,0,0.5,0.5,623.6,,0,41.5,25.2,82,25.9,21.9
2026-08-03T16:30:00+05:30,2026-08-03 16:30:00,,,,0,0,18.3,72,0,0,0,0.5,0.5,623.6,,0,45.1,25.2,82,25.9,21.9
2026-08-03T16:25:00+05:30,2026-08-03 16:25:00,,,,0,9.3,18.3,72,0,0,0,0.5,0.5,623.6,,0,66.8,25.2,82,25.9,21.9
2026-08-03T16:20:00+05:30,2026-08-03 16:20:00,,,,0,0,18.3,75,0,0,0,0.5,0.5,623.6,,0,95.9,25.2,82,25.9,21.9
2026-08-03T16:15:00+05:30,2026-08-03 16:15:00,,,,0,0,18.3,82,0,0,0,0.5,0.5,623.6,,1,118.9,25.2,82,25.9,21.9
2026-08-03T16:10:00+05:30,2026-08-03 16:10:00,,,,0,0,18.3,76,0,0,0,0.5,0.5,623.6,,1,122.8,25.2,82,25.9,21.9
2026-08-03T16:05:00+05:30,2026-08-03 16:05:00,,,,0,3.5,18.3,71,0,0,0,0.5,0.5,623.6,,1,127.3,25.1,82,25.8,21.8
2026-08-03T16:00:00+05:30,2026-08-03 16:00:00,,,,0,0,18.3,85,0,0,0,0.5,0.5,623.6,,1,132,25.1,82,25.8,21.8
2026-08-03T15:55:00+05:30,2026-08-03 15:55:00,,,,0,3.5,18.3,93,0,0,0,0.5,0.5,623.6,,1,136.9,25.2,82,25.9,21.9
2026-08-03T15:50:00+05:30,2026-08-03 15:50:00,,,,0.3,1.8,18.3,90,0,0,0,0.5,0.5,623.6,,1,121.5,25.2,82,25.9,21.9
2026-08-03T15:46:00+05:30,2026-08-03 15:46:00,,,,0,0,18.3,86,0,0,0,0.5,0.5,623.6,,0,87.7,25.2,82,25.9,21.9
2026-08-03T15:40:00+05:30,2026-08-03 15:40:00,,,,0,0,18.3,72,0,0,0,0.5,0.5,623.6,,0,70.4,25.1,82,25.8,21.8
2026-08-03T15:35:00+05:30,2026-08-03 15:35:00,,,,0,5.5,18.3,103,0,0,0,0.5,0.5,623.6,,0,91,25.1,82,25.8,21.8
2026-08-03T15:30:00+05:30,2026-08-03 15:30:00,,,,4,7.2,18.3,82,0,0,0,0.5,0.5,623.6,,1,120.9,25.1,82,25.8,21.8
2026-08-03T15:25:00+05:30,2026-08-03 15:25:00,,,,0,0,18.3,71,0,0,0,0.5,0.5,623.6,,1,151.7,25.1,82,25.8,21.8
2026-08-03T15:20:00+05:30,2026-08-03 15:20:00,,,,0.6,5.5,18.3,78,0,0,0,0.5,0.5,623.6,,1,157.5,25.1,82,25.8,21.8
2026-08-03T15:15:00+05:30,2026-08-03 15:15:00,,,,0,0,18.3,69,0,0,0,0.5,0.5,623.6,,1,154.3,25.1,82,25.8,21.8
2026-08-03T15:10:00+05:30,2026-08-03 15:10:00,,,,3.5,9.3,18.3,90,0,0,0,0.5,0.5,623.6,,1,175.8,25.1,82,25.8,21.8
2026-08-03T15:05:00+05:30,2026-08-03 15:05:00,,,,0,7.2,18.3,78,0,0,0,0.5,0.5,623.6,,1,176.9,25.1,82,25.8,21.8
2026-08-03T15:00:00+05:30,2026-08-03 15:00:00,,,,0,5.5,18.3,75,0,0,0,0.5,0.5,623.6,,1,178.9,25,82,25.7,21.7
2026-08-03T14:55:00+05:30,2026-08-03 14:55:00,,,,0,0,18.3,75,0,0,0,0.5,0.5,623.6,,1,185.7,25,82,25.7,21.7
2026-08-03T14:50:00+05:30,2026-08-03 14:50:00,,,,0,0,18.3,84,0,0,0,0.5,0.5,623.6,,1,191,25,82,25.7,21.7
2026-08-03T14:45:00+05:30,2026-08-03 14:45:00,,,,0,5.5,18.3,76,0,0,0,0.5,0.5,623.6,,2,220.4,25,82,25.7,21.7
2026-08-03T14:41:00+05:30,2026-08-03 14:41:00,,,,6.4,9.3,18.3,78,0,0,0,0.5,0.5,623.6,,2,230.2,25,82,25.7,21.7
2026-08-03T14:35:00+05:30,2026-08-03 14:35:00,,,,0,5.5,18.3,85,0,0,0,0.5,0.5,623.6,,1,163.5,25,82,25.7,21.7
2026-08-03T14:30:00+05:30,2026-08-03 14:30:00,,,,0,7.2,18.3,70,0,0,0,0.5,0.5,623.6,,2,243.1,25,82,25.7,21.7
2026-08-03T14:25:00+05:30,2026-08-03 14:25:00,,,,0,3.5,18.3,56,0,0,0,0.5,0.5,623.6,,1,198.8,25,83,25.7,21.9
2026-08-03T14:20:00+05:30,2026-08-03 14:20:00,,,,0,7.2,18.3,110,0,0,0,0.5,0.5,623.6,,2,206,24.9,83,25.6,21.8
2026-08-03T14:15:00+05:30,2026-08-03 14:15:00,,,,4,7.2,18.3,87,0,0,0,0.5,0.5,623.6,,2,266.7,24.9,83,25.6,21.8
2026-08-03T14:10:00+05:30,2026-08-03 14:10:00,,,,1.8,7.2,18.3,96,0,0,0,0.5,0.5,623.6,,2,241.3,24.9,83,25.6,21.8
2026-08-03T14:05:00+05:30,2026-08-03 14:05:00,,,,0,0,18.3,116,0,0,0,0.5,0.5,623.6,,2,239.2,24.9,83,25.6,21.8
2026-08-03T14:00:00+05:30,2026-08-03 14:00:00,,,,1.1,1.8,18.3,92,0,0,0,0.5,0.5,623.6,,2,238.8,24.9,83,25.6,21.8
2026-08-03T13:55:00+05:30,2026-08-03 13:55:00,,,,0,0,18.3,90,0,0,0,0.5,0.5,623.6,,1,197.9,24.9,83,25.6,21.8
2026-08-03T13:50:00+05:30,2026-08-03 13:50:00,,,,0,0,18.3,77,0,0,0,0.5,0.5,623.6,,1,186.4,24.9,82,25.6,21.6
2026-08-03T13:45:00+05:30,2026-08-03 13:45:00,,,,0,0,18.3,76,0,0,0,0.5,0.5,623.6,,1,178.4,24.9,82,25.6,21.6
2026-08-03T13:40:00+05:30,2026-08-03 13:40:00,,,,0,0,18.3,93,0,0,0,0.5,0.5,623.6,,1,162.3,24.8,82,25.4,21.5
2026-08-03T13:36:00+05:30,2026-08-03 13:36:00,,,,0,0,18.3,87,0,0,0,0.5,0.5,623.6,,1,142.1,24.8,82,25.4,21.5
2026-08-03T13:30:00+05:30,2026-08-03 13:30:00,,,,0,0,18.3,75,0,0,0,0.5,0.5,623.6,,1,107.7,24.9,82,25.6,21.6
2026-08-03T13:25:00+05:30,2026-08-03 13:25:00,,,,0,0,18.3,81,0,0,0,0.5,0.5,623.6,,0,79.4,24.9,82,25.6,21.6
2026-08-03T13:20:00+05:30,2026-08-03 13:20:00,,,,4,5.5,18.3,86,0,0,0,0.5,0.5,623.6,,0,90.3,24.9,82,25.6,21.6
2026-08-03T13:15:00+05:30,2026-08-03 13:15:00,,,,0,3.5,18.3,65,0,0,0,0.5,0.5,623.6,,0,79.2,24.9,82,25.6,21.6
2026-08-03T13:13:00+05:30,2026-08-03 13:13:00,,,,2.1,3.5,18.3,75,0,0,0,0.5,0.5,623.6,,0,77.4,24.9,82,25.6,21.6