"Date","Simple Date","Outdoor Temperature (°C)","Feels Like (°C)","Dew Point (°C)","Wind Speed (km/hr)","Wind Gust (km/hr)","Max Daily Gust (km/hr)","Wind Direction (°)","Rain Rate (mm/hr)","Event Rain (mm)","Daily Rain (mm)","Weekly Rain (mm)","Monthly Rain (mm)","Yearly Rain (mm)","Humidity (%)","Ultra-Violet Radiation Index","Solar Radiation (W/m^2)","Sensor 4 Temperature (°C)","Sensor 4 Humidity (%)","Sensor 4 Heat Index (°C)","Outdoor Battery","Avg Wind Direction (10 mins) (°)","Avg Wind Speed (10 mins) (km/hr)","Sensor 4 Battery","CO2 battery","Sensor 4 Dew Point (°C)"
2026-09-21T11:50:00+05:30,2026-09-21 11:50:00,28,32.6,24.8,3.5,11.1,21.9,240,0,0,1,55.4,75.7,1333.9,83,9,945.6,26.7,82,29.3,1,282,2.1,1,1,23.4
2026-09-21T11:45:00+05:30,2026-09-21 11:45:00,27.3,30.9,24.5,4,9.3,21.9,274,0,0,1,55.4,75.7,1333.9,85,8,863.9,26.7,82,29.3,1,282,2.9,1,1,23.4
2026-09-21T11:40:00+05:30,2026-09-21 11:40:00,26.1,27.1,24.3,0.3,7.2,21.9,203,0,0,1,55.4,75.7,1333.9,90,7,754.6,26.6,81,27.4,1,287,4,1,1,23.1
2026-09-21T11:35:00+05:30,2026-09-21 11:35:00,26.2,27.2,24.3,9.3,13,21.9,287,0,0,1,55.4,75.7,1333.9,89,1,137.7,26.7,81,29.2,1,287,5.8,1,1,23.2
2026-09-21T11:30:00+05:30,2026-09-21 11:30:00,27.8,31.8,24.4,12.2,21.9,21.9,266,0,0,1,55.4,75.7,1333.9,82,1,117.3,26.6,81,27.4,1,272,6.4,1,1,23.1
2026-09-21T11:25:00+05:30,2026-09-21 11:25:00,27.9,31.8,24.1,6.1,11.1,20.1,318,0,0,1,55.4,75.7,1333.9,80,2,228.1,26.6,81,27.4,1,272,6.9,1,1,23.1
2026-09-21T11:22:00+05:30,2026-09-21 11:22:00,27.7,31.6,24.2,9.3,14.8,20.1,272,0,0,1,55.4,75.7,1333.9,81,11,1157.2,26.6,81,27.4,1,272,7.2,1,1,23.1
2026-09-21T11:16:00+05:30,2026-09-21 11:16:00,27.7,31.6,24.2,4.3,9.3,20.1,281,0,0,1,55.4,75.7,1333.9,81,6,658.5,26.5,81,27.3,1,321,4.3,1,1,22.9
2026-09-21T11:10:00+05:30,2026-09-21 11:10:00,27.9,31.8,24.1,6.9,13,20.1,323,0,0,1,55.4,75.7,1333.9,80,4,418.6,26.4,82,27.2,1,281,5,1,1,23.1
2026-09-21T11:05:00+05:30,2026-09-21 11:05:00,27.6,31.1,23.8,1.8,5.5,20.1,322,0,0,1,55.4,75.7,1333.9,80,4,488.4,26.4,82,27.2,1,293,4,1,1,23.1
2026-09-21T11:00:00+05:30,2026-09-21 11:00:00,27.8,31.3,23.6,12.2,16.6,18.3,253,0,0,1,55.4,75.7,1333.9,78,3,343.8,26.4,82,27.2,1,288,5.5,1,1,23.1
2026-09-21T10:55:00+05:30,2026-09-21 10:55:00,27.7,31.4,23.9,2.9,16.6,18.3,291,0,0,1,55.4,75.7,1333.9,80,4,459.7,26.3,82,27.1,1,291,6.4,1,1,22.9
2026-09-21T10:50:00+05:30,2026-09-21 10:50:00,28.3,32.5,24.1,1.8,3.5,18.3,292,0,0,1,55.4,75.7,1333.9,78,6,668.3,26.3,83,27.1,1,287,4.3,1,1,23.2
2026-09-21T10:45:00+05:30,2026-09-21 10:45:00,28.2,32.5,24.2,8.7,9.3,18.3,294,0,0,1,55.4,75.7,1333.9,79,8,832.2,26.2,83,27.1,1,287,4,1,1,23.1
2026-09-21T10:40:00+05:30,2026-09-21 10:40:00,27.4,31,24.2,0.6,5.5,18.3,280,0,0,1,55.4,75.7,1333.9,83,8,835.7,26,83,26.8,1,283,6.1,1,1,22.9
2026-09-21T10:38:00+05:30,2026-09-21 10:38:00,27.5,31.1,24.1,0.6,18.3,18.3,225,0,0,1,55.4,75.7,1333.9,82,6,620.1,26,83,26.8,1,283,11.1,1,1,22.9
2026-09-21T08:42:00+05:30,2026-09-21 08:42:00,24.1,25.1,23.4,0.3,1.8,11.1,290,0,26.7,1,55.4,75.7,1333.9,96,1,117.8,25.6,84,26.4,1,317,0.3,1,1,22.7
2026-09-21T08:35:00+05:30,2026-09-21 08:35:00,24,25,23.7,0,0,11.1,305,0,26.7,1,55.4,75.7,1333.9,98,1,200.3,25.5,84,26.3,1,310,0,1,1,22.6
2026-09-21T08:30:00+05:30,2026-09-21 08:30:00,23.9,24.9,23.6,0,0,11.1,302,0,26.7,1,55.4,75.7,1333.9,98,1,157.4,25.5,84,26.3,1,317,0,1,1,22.6
2026-09-21T08:25:00+05:30,2026-09-21 08:25:00,23.8,24.8,23.6,0,0,11.1,325,0,26.7,1,55.4,75.7,1333.9,99,1,145.7,25.4,84,26.2,1,325,0,1,1,22.5
2026-09-21T08:20:00+05:30,2026-09-21 08:20:00,23.7,24.7,23.6,0,0,11.1,330,0,26.7,1,55.4,75.7,1333.9,99,1,141,25.4,84,26.2,1,330,0,1,1,22.5
2026-09-21T08:18:00+05:30,2026-09-21 08:18:00,23.8,24.8,23.6,0,0,11.1,349,0,26.7,1,55.4,75.7,1333.9,99,0,100.9,25.4,84,26.2,1,331,0,1,1,22.5
2026-09-21T08:10:00+05:30,2026-09-21 08:10:00,23.9,24.9,23.7,0,0,11.1,336,0,26.7,1,55.4,75.7,1333.9,99,0,90.7,25.3,84,26.1,1,336,0,1,1,22.4
2026-09-21T08:05:00+05:30,2026-09-21 08:05:00,23.7,24.7,23.6,0,0,11.1,334,0,26.7,1,55.4,75.7,1333.9,99,0,76.5,25.3,84,26.1,1,308,0,1,1,22.4
2026-09-21T08:01:00+05:30,2026-09-21 08:01:00,23.6,24.6,23.4,0,0,11.1,338,0,26.7,1,55.4,75.7,1333.9,99,0,97.3,25.3,83,26.1,1,308,0,1,1,22.2
2026-09-21T07:55:00+05:30,2026-09-21 07:55:00,23.5,24.5,23.3,0,0,11.1,313,0,26.7,1,55.4,75.7,1333.9,99,0,86,25.3,83,26.1,1,342,0,1,1,22.2
2026-09-21T07:50:00+05:30,2026-09-21 07:50:00,23.5,24.5,23.3,0,0,11.1,358,0,26.7,1,55.4,75.7,1333.9,99,0,86.2,25.3,83,26.1,1,333,0,1,1,22.2
2026-09-21T07:45:00+05:30,2026-09-21 07:45:00,23.3,24.2,23.1,0,5.5,11.1,331,0,26.7,1,55.4,75.7,1333.9,99,0,72.5,25.3,83,26.1,1,299,1.8,1,1,22.2
2026-09-21T07:40:00+05:30,2026-09-21 07:40:00,23.2,24.2,23.1,0.3,11.1,11.1,322,1.8,26.7,1,55.4,75.7,1333.9,99,0,61.4,25.3,83,26.1,1,286,0.3,1,1,22.2
2026-09-21T07:35:00+05:30,2026-09-21 07:35:00,23.2,24.2,23.1,0,3.5,7.2,327,3,26.7,1,55.4,75.7,1333.9,99,0,19.6,25.3,83,26.1,1,318,0,1,1,22.2
2026-09-21T07:30:00+05:30,2026-09-21 07:30:00,23.1,24.1,22.9,3.5,7.2,7.2,223,1.2,26.4,0.7,55.1,75.4,1333.6,99,0,20.6,25.3,83,26.1,1,281,0,1,1,22.2
2026-09-21T07:25:00+05:30,2026-09-21 07:25:00,23.2,24.2,23.1,0,0,7.2,277,0,26.2,0.5,54.9,75.2,1333.4,99,0,36.1,25.3,83,26.1,1,338,0,1,1,22.2
2026-09-21T07:20:00+05:30,2026-09-21 07:20:00,23.1,24.1,22.9,0,5.5,7.2,298,0,26.2,0.5,54.9,75.2,1333.4,99,0,66,25.3,83,26.1,1,324,0,1,1,22.2
2026-09-21T07:15:00+05:30,2026-09-21 07:15:00,23,23.9,22.8,0,0,3.5,323,0,26.2,0.5,54.9,75.2,1333.4,99,0,84.8,25.3,83,26.1,1,325,0,1,1,22.2
2026-09-21T07:10:00+05:30,2026-09-21 07:10:00,23.1,24.1,22.9,0,0,3.5,317,0,26.2,0.5,54.9,75.2,1333.4,99,0,71.7,25.3,83,26.1,1,334,0,1,1,22.2
2026-09-21T07:05:00+05:30,2026-09-21 07:05:00,23,23.9,22.8,0,0,3.5,333,0,26.2,0.5,54.9,75.2,1333.4,99,0,43.8,25.2,83,25.9,1,333,0,1,1,22.1
2026-09-21T07:00:00+05:30,2026-09-21 07:00:00,23,23.9,22.8,0,0,3.5,336,0,26.2,0.5,54.9,75.2,1333.4,99,0,20.8,25.2,83,25.9,1,330,0,1,1,22.1
2026-09-21T06:55:00+05:30,2026-09-21 06:55:00,23,23.9,22.8,0,0,3.5,336,0,26.2,0.5,54.9,75.2,1333.4,99,0,35.4,25.2,83,25.9,1,330,0,1,1,22.1
2026-09-21T06:50:00+05:30,2026-09-21 06:50:00,22.9,23.8,22.7,0,0,3.5,326,0,26.2,0.5,54.9,75.2,1333.4,99,0,29,25.2,83,25.9,1,334,0,1,1,22.1
2026-09-21T06:45:00+05:30,2026-09-21 06:45:00,22.8,23.7,22.6,0,0,3.5,340,0,26.2,0.5,54.9,75.2,1333.4,99,0,32.9,25.2,83,25.9,1,340,0,1,1,22.1
2026-09-21T06:40:00+05:30,2026-09-21 06:40:00,22.8,23.7,22.6,0,0,3.5,334,0,26.2,0.5,54.9,75.2,1333.4,99,0,36.1,25.2,83,25.9,1,334,0,1,1,22.1
2026-09-21T06:35:00+05:30,2026-09-21 06:35:00,22.8,23.7,22.6,0,0,3.5,334,0,26.2,0.5,54.9,75.2,1333.4,99,0,19.8,25.2,83,25.9,1,334,0,1,1,22.1
2026-09-21T06:30:00+05:30,2026-09-21 06:30:00,22.8,23.7,22.6,0,0,3.5,333,0,26.2,0.5,54.9,75.2,1333.4,99,0,11.8,25.2,83,25.9,1,333,0,1,1,22.1
2026-09-21T06:25:00+05:30,2026-09-21 06:25:00,22.7,23.6,22.6,0,0,3.5,332,0,26.2,0.5,54.9,75.2,1333.4,99,0,21.7,25.2,83,25.9,1,332,0,1,1,22.1
2026-09-21T06:20:00+05:30,2026-09-21 06:20:00,22.7,23.6,22.6,0,0,3.5,324,0,26.2,0.5,54.9,75.2,1333.4,99,0,14.8,25.2,83,25.9,1,333,0,1,1,22.1
2026-09-21T06:15:00+05:30,2026-09-21 06:15:00,22.6,23.5,22.4,0,0,3.5,335,0,26.2,0.5,54.9,75.2,1333.4,99,0,5.5,25.2,83,25.9,1,330,0,1,1,22.1
2026-09-21T06:10:00+05:30,2026-09-21 06:10:00,22.6,23.5,22.4,0,0,3.5,321,0,26.2,0.5,54.9,75.2,1333.4,99,0,5.1,25.2,83,25.9,1,321,0,1,1,22.1
2026-09-21T06:05:00+05:30,2026-09-21 06:05:00,22.6,23.5,22.4,0,0,3.5,330,0,26.2,0.5,54.9,75.2,1333.4,99,0,3.3,25.2,83,25.9,1,325,0,1,1,22.1
2026-09-21T06:00:00+05:30,2026-09-21 06:00:00,22.6,23.5,22.4,0,0,3.5,330,0,26.2,0.5,54.9,75.2,1333.4,99,0,1.2,25.2,83,25.9,1,330,0,1,1,22.1
2026-09-21T05:55:00+05:30,2026-09-21 05:55:00,22.5,23.4,22.3,0,0,3.5,324,0,26.2,0.5,54.9,75.2,1333.4,99,0,0.7,25.2,83,25.9,1,335,0,1,1,22.1
2026-09-21T05:50:00+05:30,2026-09-21 05:50:00,22.5,23.4,22.3,0,0,3.5,344,0,26.2,0.5,54.9,75.2,1333.4,99,0,0.2,25.2,83,25.9,1,339,0,1,1,22.1
2026-09-21T05:45:00+05:30,2026-09-21 05:45:00,22.5,23.4,22.3,0,0,3.5,339,0,26.2,0.5,54.9,75.2,1333.4,99,0,0,25.2,83,25.9,1,347,0,1,1,22.1
2026-09-21T05:40:00+05:30,2026-09-21 05:40:00,22.5,23.4,22.3,0,0,3.5,331,0,26.2,0.5,54.9,75.2,1333.4,99,0,0,25.2,83,25.9,1,330,0,1,1,22.1
2026-09-21T05:35:00+05:30,2026-09-21 05:35:00,22.5,23.4,22.3,0,0,3.5,330,0,26.2,0.5,54.9,75.2,1333.4,99,0,0,25.2,83,25.9,1,330,0,1,1,22.1
2026-09-21T05:30:00+05:30,2026-09-21 05:30:00,22.4,23.3,22.2,0,0,3.5,335,0,26.2,0.5,54.9,75.2,1333.4,99,0,0,25.2,83,25.9,1,335,0,1,1,22.1
2026-09-21T05:25:00+05:30,2026-09-21 05:25:00,22.4,23.3,22.2,0,0,3.5,191,0,26.2,0.5,54.9,75.2,1333.4,99,0,0,25.2,83,25.9,1,323,0,1,1,22.1
2026-09-21T05:20:00+05:30,2026-09-21 05:20:00,22.5,23.4,22.3,0,0,3.5,310,0,26.2,0.5,54.9,75.2,1333.4,99,0,0,25.3,83,26.1,1,332,0,1,1,22.2
2026-09-21T05:15:00+05:30,2026-09-21 05:15:00,22.5,23.4,22.3,0,0,3.5,347,0,26.2,0.5,54.9,75.2,1333.4,99,0,0,25.2,83,25.9,1,323,0,1,1,22.1
2026-09-21T05:10:00+05:30,2026-09-21 05:10:00,22.5,23.4,22.3,2.1,3.5,3.5,176,0,26.2,0.5,54.9,75.2,1333.4,99,0,0,25.3,83,26.1,1,319,0,1,1,22.2
2026-09-21T05:05:00+05:30,2026-09-21 05:05:00,22.5,23.4,22.3,0,0,3.5,319,0,26.2,0.5,54.9,75.2,1333.4,99,0,0,25.3,83,26.1,1,336,0,1,1,22.2
2026-09-21T05:00:00+05:30,2026-09-21 05:00:00,22.4,23.3,22.2,0,0,3.5,333,0,26.2,0.5,54.9,75.2,1333.4,99,0,0,25.3,83,26.1,1,319,0,1,1,22.2
2026-09-21T04:55:00+05:30,2026-09-21 04:55:00,22.4,23.3,22.2,0,0,3.5,316,0,26.2,0.5,54.9,75.2,1333.4,99,0,0,25.3,83,26.1,1,323,0,1,1,22.2
2026-09-21T04:50:00+05:30,2026-09-21 04:50:00,22.4,23.3,22.2,0,0,3.5,334,0,26.2,0.5,54.9,75.2,1333.4,99,0,0,25.3,83,26.1,1,334,0,1,1,22.2
2026-09-21T04:45:00+05:30,2026-09-21 04:45:00,22.4,23.3,22.2,0,0,3.5,325,0,26.2,0.5,54.9,75.2,1333.4,99,0,0,25.3,83,26.1,1,325,0,1,1,22.2
2026-09-21T04:40:00+05:30,2026-09-21 04:40:00,22.4,23.3,22.2,0,0,3.5,330,0,26.2,0.5,54.9,75.2,1333.4,99,0,0,25.3,83,26.1,1,326,0,1,1,22.2
2026-09-21T04:35:00+05:30,2026-09-21 04:35:00,22.5,23.4,22.3,0,0,3.5,323,0,26.2,0.5,54.9,75.2,1333.4,99,0,0,25.3,83,26.1,1,323,0,1,1,22.2
2026-09-21T04:30:00+05:30,2026-09-21 04:30:00,22.5,23.4,22.3,0,0,3.5,321,0,26.2,0.5,54.9,75.2,1333.4,99,0,0,25.3,83,26.1,1,323,0,1,1,22.2
2026-09-21T04:25:00+05:30,2026-09-21 04:25:00,22.4,23.3,22.2,0,0,3.5,322,0,26.2,0.5,54.9,75.2,1333.4,99,0,0,25.3,83,26.1,1,332,0,1,1,22.2
2026-09-21T04:20:00+05:30,2026-09-21 04:20:00,22.4,23.3,22.2,0,0,3.5,333,0,26.2,0.5,54.9,75.2,1333.4,99,0,0,25.3,83,26.1,1,333,0,1,1,22.2
2026-09-21T04:15:00+05:30,2026-09-21 04:15:00,22.4,23.3,22.2,0,0,3.5,327,0,26.2,0.5,54.9,75.2,1333.4,99,0,0,25.4,83,26.2,1,327,0,1,1,22.3
2026-09-21T04:10:00+05:30,2026-09-21 04:10:00,22.4,23.3,22.2,0,0,3.5,331,0,26.2,0.5,54.9,75.2,1333.4,99,0,0,25.3,83,26.1,1,331,0,1,1,22.2
2026-09-21T04:05:00+05:30,2026-09-21 04:05:00,22.5,23.4,22.3,0,0,3.5,331,0,26.2,0.5,54.9,75.2,1333.4,99,0,0,25.3,83,26.1,1,331,0,1,1,22.2
2026-09-21T04:00:00+05:30,2026-09-21 04:00:00,22.5,23.4,22.3,0,0,3.5,335,0,26.2,0.5,54.9,75.2,1333.4,99,0,0,25.4,83,26.2,1,329,0,1,1,22.3
2026-09-21T03:55:00+05:30,2026-09-21 03:55:00,22.6,23.5,22.4,0,0,3.5,331,0,26.2,0.5,54.9,75.2,1333.4,99,0,0,25.4,83,26.2,1,324,0,1,1,22.3
2026-09-21T03:50:00+05:30,2026-09-21 03:50:00,22.6,23.5,22.4,0,0,3.5,330,0,26.2,0.5,54.9,75.2,1333.4,99,0,0,25.4,83,26.2,1,331,0,1,1,22.3
2026-09-21T03:45:00+05:30,2026-09-21 03:45:00,22.7,23.6,22.6,0,0,3.5,328,0,26.2,0.5,54.9,75.2,1333.4,99,0,0,25.4,82,26.1,1,326,0,1,1,22.1
2026-09-21T03:40:00+05:30,2026-09-21 03:40:00,22.7,23.6,22.6,0,0,3.5,323,1.8,26.2,0.5,54.9,75.2,1333.4,99,0,0,25.4,82,26.1,1,323,0,1,1,22.1
2026-09-21T03:35:00+05:30,2026-09-21 03:35:00,22.7,23.6,22.6,0,0,3.5,323,1.8,26.2,0.5,54.9,75.2,1333.4,99,0,0,25.4,83,26.2,1,321,0,1,1,22.3
2026-09-21T03:30:00+05:30,2026-09-21 03:30:00,22.7,23.6,22.6,0,0,3.5,318,1.2,25.9,0.2,54.6,74.9,1333.1,99,0,0,25.4,82,26.1,1,320,0,1,1,22.1
2026-09-21T03:25:00+05:30,2026-09-21 03:25:00,22.6,23.5,22.4,0,0,3.5,315,1.2,25.9,0.2,54.6,74.9,1333.1,99,0,0,25.4,82,26.1,1,330,0,1,1,22.1
2026-09-21T03:20:00+05:30,2026-09-21 03:20:00,22.6,23.5,22.4,0,0,3.5,328,0,25.7,0,54.4,74.7,1332.9,99,0,0,25.4,82,26.1,1,330,0,1,1,22.1
2026-09-21T03:15:00+05:30,2026-09-21 03:15:00,22.6,23.5,22.4,0,0,3.5,330,0,25.7,0,54.4,74.7,1332.9,99,0,0,25.4,82,26.1,1,330,0,1,1,22.1
2026-09-21T03:10:00+05:30,2026-09-21 03:10:00,22.6,23.5,22.4,0,0,3.5,338,0,25.7,0,54.4,74.7,1332.9,99,0,0,25.4,82,26.1,1,338,0,1,1,22.1
2026-09-21T03:05:00+05:30,2026-09-21 03:05:00,22.6,23.5,22.4,0,0,3.5,338,0,25.7,0,54.4,74.7,1332.9,99,0,0,25.4,82,26.1,1,338,0,1,1,22.1
2026-09-21T03:00:00+05:30,2026-09-21 03:00:00,22.6,23.5,22.4,0,0,3.5,338,0,25.7,0,54.4,74.7,1332.9,99,0,0,25.4,82,26.1,1,338,0,1,1,22.1
2026-09-21T02:55:00+05:30,2026-09-21 02:55:00,22.6,23.5,22.4,0,0,3.5,338,0,25.7,0,54.4,74.7,1332.9,99,0,0,25.4,82,26.1,1,338,0,1,1,22.1
2026-09-21T02:50:00+05:30,2026-09-21 02:50:00,22.6,23.5,22.4,0,0,3.5,338,0,25.7,0,54.4,74.7,1332.9,99,0,0,25.4,82,26.1,1,338,0,1,1,22.1
2026-09-21T02:45:00+05:30,2026-09-21 02:45:00,22.6,23.5,22.4,0,0,3.5,338,0,25.7,0,54.4,74.7,1332.9,99,0,0,25.4,82,26.1,1,338,0,1,1,22.1
2026-09-21T02:40:00+05:30,2026-09-21 02:40:00,22.6,23.5,22.4,0,0,3.5,338,0,25.7,0,54.4,74.7,1332.9,99,0,0,25.4,82,26.1,1,339,0,1,1,22.1
2026-09-21T02:35:00+05:30,2026-09-21 02:35:00,22.6,23.5,22.4,0,0,3.5,348,0,25.7,0,54.4,74.7,1332.9,99,0,0,25.4,82,26.1,1,326,0,1,1,22.1
2026-09-21T02:30:00+05:30,2026-09-21 02:30:00,22.6,23.5,22.4,0,0,3.5,320,0,25.7,0,54.4,74.7,1332.9,99,0,0,25.4,82,26.1,1,324,0,1,1,22.1
2026-09-21T02:25:00+05:30,2026-09-21 02:25:00,22.7,23.6,22.6,0,0,3.5,318,0,25.7,0,54.4,74.7,1332.9,99,0,0,25.4,82,26.1,1,324,0,1,1,22.1
2026-09-21T02:20:00+05:30,2026-09-21 02:20:00,22.7,23.6,22.6,0,0,3.5,315,0,25.7,0,54.4,74.7,1332.9,99,0,0,25.4,82,26.1,1,319,0,1,1,22.1
2026-09-21T02:15:00+05:30,2026-09-21 02:15:00,22.7,23.6,22.6,0,0,3.5,325,0,25.7,0,54.4,74.7,1332.9,99,0,0,25.4,82,26.1,1,322,0,1,1,22.1
2026-09-21T02:10:00+05:30,2026-09-21 02:10:00,22.7,23.6,22.6,0,0,3.5,328,0,25.7,0,54.4,74.7,1332.9,99,0,0,25.4,82,26.1,1,328,0,1,1,22.1
2026-09-21T02:05:00+05:30,2026-09-21 02:05:00,22.7,23.6,22.6,0,0,3.5,330,0,25.7,0,54.4,74.7,1332.9,99,0,0,25.4,82,26.1,1,330,0,1,1,22.1
2026-09-21T02:00:00+05:30,2026-09-21 02:00:00,22.7,23.6,22.6,0,0,3.5,330,0,25.7,0,54.4,74.7,1332.9,99,0,0,25.4,82,26.1,1,330,0,1,1,22.1
2026-09-21T01:55:00+05:30,2026-09-21 01:55:00,22.6,23.5,22.4,0,0,3.5,337,0,25.7,0,54.4,74.7,1332.9,99,0,0,25.4,82,26.1,1,333,0,1,1,22.1
2026-09-21T01:50:00+05:30,2026-09-21 01:50:00,22.6,23.5,22.4,0,0,3.5,324,0,25.7,0,54.4,74.7,1332.9,99,0,0,25.4,82,26.1,1,324,0,1,1,22.1
2026-09-21T01:45:00+05:30,2026-09-21 01:45:00,22.6,23.5,22.4,0,0,3.5,330,0,25.7,0,54.4,74.7,1332.9,99,0,0,25.4,82,26.1,1,330,0,1,1,22.1
2026-09-21T01:40:00+05:30,2026-09-21 01:40:00,22.6,23.5,22.4,0,0,3.5,330,0,25.7,0,54.4,74.7,1332.9,99,0,0,25.4,82,26.1,1,327,0,1,1,22.1
2026-09-21T01:35:00+05:30,2026-09-21 01:35:00,22.6,23.5,22.4,0,0,3.5,329,0,25.7,0,54.4,74.7,1332.9,99,0,0,25.5,82,26.2,1,326,0,1,1,22.2
2026-09-21T01:30:00+05:30,2026-09-21 01:30:00,22.6,23.5,22.4,0,0,3.5,316,0,25.7,0,54.4,74.7,1332.9,99,0,0,25.5,82,26.2,1,325,0,1,1,22.2
2026-09-21T01:25:00+05:30,2026-09-21 01:25:00,22.6,23.5,22.4,0,0,3.5,350,0,25.7,0,54.4,74.7,1332.9,99,0,0,25.5,82,26.2,1,315,0,1,1,22.2
2026-09-21T01:20:00+05:30,2026-09-21 01:20:00,22.6,23.5,22.4,0,1.8,3.5,329,0,25.7,0,54.4,74.7,1332.9,99,0,0,25.5,82,26.2,1,323,0,1,1,22.2
2026-09-21T01:15:00+05:30,2026-09-21 01:15:00,22.7,23.6,22.6,0,0,3.5,340,0,25.7,0,54.4,74.7,1332.9,99,0,0,25.5,82,26.2,1,331,0,1,1,22.2
2026-09-21T01:10:00+05:30,2026-09-21 01:10:00,22.7,23.6,22.6,0,0,0,331,0,25.7,0,54.4,74.7,1332.9,99,0,0,25.5,82,26.2,1,339,0,1,1,22.2
2026-09-21T01:05:00+05:30,2026-09-21 01:05:00,22.7,23.6,22.6,0,0,0,320,0,25.7,0,54.4,74.7,1332.9,99,0,0,25.5,82,26.2,1,337,0,1,1,22.2
2026-09-21T01:00:00+05:30,2026-09-21 01:00:00,22.7,23.6,22.6,0,0,0,334,0,25.7,0,54.4,74.7,1332.9,99,0,0,25.5,82,26.2,1,333,0,1,1,22.2
2026-09-21T00:55:00+05:30,2026-09-21 00:55:00,22.7,23.6,22.6,0,0,0,333,0,25.7,0,54.4,74.7,1332.9,99,0,0,25.5,82,26.2,1,333,0,1,1,22.2
2026-09-21T00:50:00+05:30,2026-09-21 00:50:00,22.7,23.6,22.6,0,0,0,334,0,25.7,0,54.4,74.7,1332.9,99,0,0,25.5,82,26.2,1,334,0,1,1,22.2
2026-09-21T00:45:00+05:30,2026-09-21 00:45:00,22.7,23.6,22.6,0,0,0,331,0,25.7,0,54.4,74.7,1332.9,99,0,0,25.5,82,26.2,1,331,0,1,1,22.2
2026-09-21T00:40:00+05:30,2026-09-21 00:40:00,22.7,23.6,22.6,0,0,0,331,0,25.7,0,54.4,74.7,1332.9,99,0,0,25.5,82,26.2,1,331,0,1,1,22.2
2026-09-21T00:35:00+05:30,2026-09-21 00:35:00,22.7,23.6,22.6,0,0,0,331,0,25.7,0,54.4,74.7,1332.9,99,0,0,25.5,82,26.2,1,331,0,1,1,22.2
2026-09-21T00:30:00+05:30,2026-09-21 00:30:00,22.7,23.6,22.6,0,0,0,331,0,25.7,0,54.4,74.7,1332.9,99,0,0,25.5,82,26.2,1,331,0,1,1,22.2
2026-09-21T00:25:00+05:30,2026-09-21 00:25:00,22.7,23.6,22.6,0,0,0,331,0,25.7,0,54.4,74.7,1332.9,99,0,0,25.5,82,26.2,1,330,0,1,1,22.2
2026-09-21T00:20:00+05:30,2026-09-21 00:20:00,22.7,23.6,22.6,0,0,0,332,0,25.7,0,54.4,74.7,1332.9,99,0,0,25.5,82,26.2,1,332,0,1,1,22.2
2026-09-21T00:15:00+05:30,2026-09-21 00:15:00,22.7,23.6,22.6,0,0,0,332,0,25.7,0,54.4,74.7,1332.9,99,0,0,25.6,82,26.4,1,332,0,1,1,22.3
2026-09-21T00:10:00+05:30,2026-09-21 00:10:00,22.8,23.7,22.6,0,0,0,334,0,25.7,0,54.4,74.7,1332.9,99,0,0,25.5,82,26.2,1,324,0,1,1,22.2
2026-09-21T00:05:00+05:30,2026-09-21 00:05:00,22.8,23.7,22.6,0,0,0,324,0,25.7,0,54.4,74.7,1332.9,99,0,0,25.5,82,26.2,1,324,0,1,1,22.2
2026-09-21T00:00:00+05:30,2026-09-21 00:00:00,22.8,23.7,22.6,0,0,0,321,0,25.7,0,54.4,74.7,1332.9,99,0,0,25.5,82,26.2,1,326,0,1,1,22.2
2026-09-20T23:55:00+05:30,2026-09-20 23:55:00,22.7,23.6,22.6,0,0,20.1,331,0,25.7,54.4,54.4,74.7,1332.9,99,0,0,25.5,82,26.2,1,322,0,1,1,22.2
2026-09-20T23:50:00+05:30,2026-09-20 23:50:00,22.8,23.7,22.6,1.4,1.8,20.1,266,0,25.7,54.4,54.4,74.7,1332.9,99,0,0,25.5,82,26.2,1,324,0,1,1,22.2
2026-09-20T23:45:00+05:30,2026-09-20 23:45:00,22.7,23.6,22.6,0,0,20.1,332,0,25.7,54.4,54.4,74.7,1332.9,99,0,0,25.5,82,26.2,1,327,0,1,1,22.2
2026-09-20T23:40:00+05:30,2026-09-20 23:40:00,22.7,23.6,22.6,0,0,20.1,327,0,25.7,54.4,54.4,74.7,1332.9,99,0,0,25.6,82,26.4,1,315,0,1,1,22.3
2026-09-20T23:35:00+05:30,2026-09-20 23:35:00,22.8,23.7,22.6,0,3.5,20.1,323,0,25.7,54.4,54.4,74.7,1332.9,99,0,0,25.6,82,26.4,1,317,0,1,1,22.3
2026-09-20T23:30:00+05:30,2026-09-20 23:30:00,22.8,23.7,22.6,0,0,20.1,326,0,25.7,54.4,54.4,74.7,1332.9,99,0,0,25.6,82,26.4,1,326,0,1,1,22.3
2026-09-20T23:25:00+05:30,2026-09-20 23:25:00,22.8,23.7,22.6,0,0,20.1,326,0,25.7,54.4,54.4,74.7,1332.9,99,0,0,25.6,82,26.4,1,326,0,1,1,22.3
2026-09-20T23:20:00+05:30,2026-09-20 23:20:00,22.8,23.7,22.6,0,0,20.1,321,0,25.7,54.4,54.4,74.7,1332.9,99,0,0,25.6,82,26.4,1,323,0,1,1,22.3
2026-09-20T23:15:00+05:30,2026-09-20 23:15:00,22.8,23.7,22.6,0,0,20.1,331,0,25.7,54.4,54.4,74.7,1332.9,99,0,0,25.6,82,26.4,1,331,0,1,1,22.3
2026-09-20T23:10:00+05:30,2026-09-20 23:10:00,22.8,23.7,22.6,0,0,20.1,332,1.8,25.7,54.4,54.4,74.7,1332.9,99,0,0,25.6,82,26.4,1,325,0,1,1,22.3
2026-09-20T23:05:00+05:30,2026-09-20 23:05:00,22.9,23.8,22.7,0,0,20.1,332,1.8,25.7,54.4,54.4,74.7,1332.9,99,0,0,25.6,82,26.4,1,332,0,1,1,22.3
2026-09-20T23:00:00+05:30,2026-09-20 23:00:00,22.9,23.8,22.7,0,0,20.1,335,0,25.4,54.1,54.1,74.4,1332.6,99,0,0,25.6,82,26.4,1,332,0,1,1,22.3
2026-09-20T22:55:00+05:30,2026-09-20 22:55:00,22.8,23.7,22.6,0,0,20.1,337,0,25.4,54.1,54.1,74.4,1332.6,99,0,0,25.6,82,26.4,1,329,0,1,1,22.3
2026-09-20T22:50:00+05:30,2026-09-20 22:50:00,22.8,23.7,22.6,0,0,20.1,338,0,25.4,54.1,54.1,74.4,1332.6,99,0,0,25.6,82,26.4,1,329,0,1,1,22.3
2026-09-20T22:45:00+05:30,2026-09-20 22:45:00,22.8,23.7,22.6,0,0,20.1,330,0,25.4,54.1,54.1,74.4,1332.6,99,0,0,25.6,82,26.4,1,328,0,1,1,22.3
2026-09-20T22:40:00+05:30,2026-09-20 22:40:00,22.9,23.8,22.7,0,0,20.1,328,0,25.4,54.1,54.1,74.4,1332.6,99,0,0,25.6,82,26.4,1,328,0,1,1,22.3
2026-09-20T22:35:00+05:30,2026-09-20 22:35:00,22.8,23.7,22.6,0,0,20.1,332,0,25.4,54.1,54.1,74.4,1332.6,99,0,0,25.6,82,26.4,1,332,0,1,1,22.3
2026-09-20T22:30:00+05:30,2026-09-20 22:30:00,22.7,23.6,22.6,0,0,20.1,330,0,25.4,54.1,54.1,74.4,1332.6,99,0,0,25.6,82,26.4,1,334,0,1,1,22.3
2026-09-20T22:25:00+05:30,2026-09-20 22:25:00,22.7,23.6,22.6,0,0,20.1,345,0,25.4,54.1,54.1,74.4,1332.6,99,0,0,25.6,82,26.4,1,336,0,1,1,22.3
2026-09-20T22:20:00+05:30,2026-09-20 22:20:00,22.8,23.7,22.6,0,0,20.1,340,0,25.4,54.1,54.1,74.4,1332.6,99,0,0,25.6,82,26.4,1,336,0,1,1,22.3
2026-09-20T22:15:00+05:30,2026-09-20 22:15:00,22.8,23.7,22.6,0,0,20.1,350,0,25.4,54.1,54.1,74.4,1332.6,99,0,0,25.6,82,26.4,1,313,0,1,1,22.3
2026-09-20T22:10:00+05:30,2026-09-20 22:10:00,22.8,23.7,22.6,0,0,20.1,316,0,25.4,54.1,54.1,74.4,1332.6,99,0,0,25.6,82,26.4,1,319,0,1,1,22.3
2026-09-20T22:05:00+05:30,2026-09-20 22:05:00,22.8,23.7,22.6,0,0,20.1,328,0,25.4,54.1,54.1,74.4,1332.6,99,0,0,25.7,82,26.5,1,7,0,1,1,22.4
2026-09-20T22:00:00+05:30,2026-09-20 22:00:00,22.9,23.8,22.7,0,0,20.1,334,0,25.4,54.1,54.1,74.4,1332.6,99,0,0,25.6,82,26.4,1,334,0,1,1,22.3
2026-09-20T21:55:00+05:30,2026-09-20 21:55:00,22.9,23.8,22.7,0,0,20.1,222,0,25.4,54.1,54.1,74.4,1332.6,99,0,0,25.6,82,26.4,1,309,0,1,1,22.3
2026-09-20T21:50:00+05:30,2026-09-20 21:50:00,22.9,23.8,22.6,0,0,20.1,315,0,25.4,54.1,54.1,74.4,1332.6,98,0,0,25.7,82,26.5,1,315,0,1,1,22.4
2026-09-20T21:45:00+05:30,2026-09-20 21:45:00,22.9,23.8,22.7,0,0,20.1,309,0,25.4,54.1,54.1,74.4,1332.6,99,0,0,25.7,82,26.5,1,323,0,1,1,22.4
2026-09-20T21:40:00+05:30,2026-09-20 21:40:00,22.9,23.8,22.6,0,0,20.1,281,0,25.4,54.1,54.1,74.4,1332.6,98,0,0,25.7,82,26.5,1,325,0,1,1,22.4
2026-09-20T21:35:00+05:30,2026-09-20 21:35:00,22.9,23.8,22.6,4,7.2,20.1,269,0,25.4,54.1,54.1,74.4,1332.6,98,0,0,25.7,82,26.5,1,278,1.4,1,1,22.4
2026-09-20T21:30:00+05:30,2026-09-20 21:30:00,22.9,23.8,22.7,0,5.5,20.1,311,0,25.4,54.1,54.1,74.4,1332.6,99,0,0,25.7,82,26.5,1,288,2.6,1,1,22.4
2026-09-20T21:25:00+05:30,2026-09-20 21:25:00,22.9,23.8,22.7,2.6,3.5,20.1,297,0,25.4,54.1,54.1,74.4,1332.6,99,0,0,25.7,82,26.5,1,288,1.8,1,1,22.4
2026-09-20T21:20:00+05:30,2026-09-20 21:20:00,22.9,23.8,22.7,1.8,7.2,20.1,226,0,25.4,54.1,54.1,74.4,1332.6,99,0,0,25.7,82,26.5,1,302,0,1,1,22.4
2026-09-20T21:15:00+05:30,2026-09-20 21:15:00,22.9,23.8,22.7,0,1.8,20.1,289,0,25.4,54.1,54.1,74.4,1332.6,99,0,0,25.8,82,26.6,1,309,0,1,1,22.4
2026-09-20T21:10:00+05:30,2026-09-20 21:10:00,22.9,23.8,22.7,0,3.5,20.1,314,0,25.4,54.1,54.1,74.4,1332.6,99,0,0,25.8,82,26.6,1,317,0,1,1,22.4
2026-09-20T21:05:00+05:30,2026-09-20 21:05:00,22.9,23.8,22.7,0,0,20.1,313,0,25.4,54.1,54.1,74.4,1332.6,99,0,0,25.8,82,26.6,1,313,0,1,1,22.4
2026-09-20T21:00:00+05:30,2026-09-20 21:00:00,22.9,23.8,22.7,0,0,20.1,315,1.8,25.4,54.1,54.1,74.4,1332.6,99,0,0,25.8,82,26.6,1,336,0,1,1,22.4
2026-09-20T20:55:00+05:30,2026-09-20 20:55:00,22.9,23.8,22.7,0,0,20.1,339,1.8,25.4,54.1,54.1,74.4,1332.6,99,0,0,25.8,82,26.6,1,329,0,1,1,22.4
2026-09-20T20:50:00+05:30,2026-09-20 20:50:00,22.9,23.8,22.7,0,0,20.1,335,1.2,25.1,53.8,53.8,74.1,1332.3,99,0,0,25.8,82,26.6,1,301,0,1,1,22.4
2026-09-20T20:45:00+05:30,2026-09-20 20:45:00,22.9,23.8,22.7,0,0,20.1,310,4.2,25.1,53.8,53.8,74.1,1332.3,99,0,0,25.8,82,26.6,1,306,0,1,1,22.4
2026-09-20T20:40:00+05:30,2026-09-20 20:40:00,22.9,23.8,22.7,0,0,20.1,321,6,24.9,53.6,53.6,73.9,1332.1,99,0,0,25.8,82,26.6,1,332,0,1,1,22.4
2026-09-20T20:35:00+05:30,2026-09-20 20:35:00,22.9,23.8,22.7,0,5.5,20.1,32,3,24.1,52.8,52.8,73.1,1331.3,99,0,0,25.8,82,26.6,1,310,0,1,1,22.4
2026-09-20T20:30:00+05:30,2026-09-20 20:30:00,22.9,23.8,22.7,0,1.8,20.1,310,3,23.9,52.6,52.6,72.9,1331.1,99,0,0,25.8,82,26.6,1,282,0.3,1,1,22.4
2026-09-20T20:25:00+05:30,2026-09-20 20:25:00,22.9,23.8,22.7,2.1,5.5,20.1,257,3,23.6,52.3,52.3,72.6,1330.8,99,0,0,25.8,82,26.6,1,280,0,1,1,22.4
2026-09-20T20:20:00+05:30,2026-09-20 20:20:00,23,23.9,22.8,1.1,3.5,20.1,327,3,23.4,52.1,52.1,72.4,1330.6,99,0,0,25.9,82,26.7,1,301,0,1,1,22.6
2026-09-20T20:15:00+05:30,2026-09-20 20:15:00,23,23.9,22.8,1.4,3.5,20.1,348,0,22.9,51.6,51.6,71.9,1330.1,99,0,0,25.8,82,26.6,1,301,0,1,1,22.4
2026-09-20T20:10:00+05:30,2026-09-20 20:10:00,23,23.9,22.8,1.1,3.5,20.1,214,0,22.9,51.6,51.6,71.9,1330.1,99,0,0,25.9,82,26.7,1,325,0,1,1,22.6
2026-09-20T20:05:00+05:30,2026-09-20 20:05:00,23,23.9,22.8,0,0,20.1,313,0,22.9,51.6,51.6,71.9,1330.1,99,0,0,25.9,82,26.7,1,328,0,1,1,22.6
2026-09-20T20:00:00+05:30,2026-09-20 20:00:00,23,23.9,22.8,0,0,20.1,332,0,22.9,51.6,51.6,71.9,1330.1,99,0,0,25.9,82,26.7,1,332,0,1,1,22.6
2026-09-20T19:55:00+05:30,2026-09-20 19:55:00,23,23.9,22.8,0,0,20.1,332,0,22.9,51.6,51.6,71.9,1330.1,99,0,0,25.9,82,26.7,1,326,0,1,1,22.6
2026-09-20T19:50:00+05:30,2026-09-20 19:50:00,23,23.9,22.8,0,0,20.1,341,0,22.9,51.6,51.6,71.9,1330.1,99,0,0,25.9,82,26.7,1,323,0,1,1,22.6
2026-09-20T19:45:00+05:30,2026-09-20 19:45:00,23,23.9,22.8,0,0,20.1,318,0,22.9,51.6,51.6,71.9,1330.1,99,0,0,25.9,82,26.7,1,322,0,1,1,22.6
2026-09-20T19:40:00+05:30,2026-09-20 19:40:00,22.9,23.8,22.7,0,0,20.1,320,0,22.9,51.6,51.6,71.9,1330.1,99,0,0,25.9,82,26.7,1,331,0,1,1,22.6
2026-09-20T19:35:00+05:30,2026-09-20 19:35:00,22.9,23.8,22.7,0,0,20.1,336,0,22.9,51.6,51.6,71.9,1330.1,99,0,0,25.9,82,26.7,1,336,0,1,1,22.6
2026-09-20T19:30:00+05:30,2026-09-20 19:30:00,22.9,23.8,22.7,0,0,20.1,332,0,22.9,51.6,51.6,71.9,1330.1,99,0,0,25.9,82,26.7,1,332,0,1,1,22.6
2026-09-20T19:25:00+05:30,2026-09-20 19:25:00,22.9,23.8,22.7,0,0,20.1,333,0,22.9,51.6,51.6,71.9,1330.1,99,0,0,25.9,82,26.7,1,337,0,1,1,22.6
2026-09-20T19:20:00+05:30,2026-09-20 19:20:00,22.9,23.8,22.7,0,0,20.1,342,0,22.9,51.6,51.6,71.9,1330.1,99,0,0,25.9,82,26.7,1,334,0,1,1,22.6
2026-09-20T19:15:00+05:30,2026-09-20 19:15:00,22.9,23.8,22.7,0,0,20.1,334,0,22.9,51.6,51.6,71.9,1330.1,99,0,0,26,82,26.8,1,328,0,1,1,22.7
2026-09-20T19:10:00+05:30,2026-09-20 19:10:00,22.9,23.8,22.7,0,0,20.1,333,0,22.9,51.6,51.6,71.9,1330.1,99,0,0,26,82,26.8,1,333,0,1,1,22.7
2026-09-20T19:05:00+05:30,2026-09-20 19:05:00,22.8,23.7,22.6,0,0,20.1,330,0,22.9,51.6,51.6,71.9,1330.1,99,0,0,26,82,26.8,1,330,0,1,1,22.7
2026-09-20T19:00:00+05:30,2026-09-20 19:00:00,22.8,23.7,22.6,0,0,20.1,330,0,22.9,51.6,51.6,71.9,1330.1,99,0,0,26,82,26.8,1,329,0,1,1,22.7
2026-09-20T18:55:00+05:30,2026-09-20 18:55:00,22.8,23.7,22.6,0,0,20.1,329,1.8,22.9,51.6,51.6,71.9,1330.1,99,0,0,26,82,26.8,1,329,0,1,1,22.7
2026-09-20T18:50:00+05:30,2026-09-20 18:50:00,22.9,23.8,22.7,0,0,20.1,330,1.8,22.9,51.6,51.6,71.9,1330.1,99,0,0,26,82,26.8,1,324,0,1,1,22.7
2026-09-20T18:45:00+05:30,2026-09-20 18:45:00,23,23.9,22.8,0,0,20.1,324,0,22.6,51.3,51.3,71.6,1329.8,99,0,0,26,82,26.8,1,317,0,1,1,22.7
2026-09-20T18:40:00+05:30,2026-09-20 18:40:00,23.1,24.1,22.9,0,0,20.1,317,1.2,22.6,51.3,51.3,71.6,1329.8,99,0,0,26,82,26.8,1,325,0,1,1,22.7
2026-09-20T18:35:00+05:30,2026-09-20 18:35:00,23,23.9,22.8,0,0,20.1,325,4.8,22.6,51.3,51.3,71.6,1329.8,99,0,0,26,82,26.8,1,325,0,1,1,22.7
2026-09-20T18:30:00+05:30,2026-09-20 18:30:00,23.1,24.1,22.9,0,0,20.1,326,3,22.1,50.8,50.8,71.1,1329.3,99,0,0,26,82,26.8,1,325,0,1,1,22.7
2026-09-20T18:25:00+05:30,2026-09-20 18:25:00,23.1,24.1,22.9,0,0,20.1,329,1.2,21.8,50.5,50.5,70.8,1329,99,0,0,26,82,26.8,1,329,0,1,1,22.7
2026-09-20T18:20:00+05:30,2026-09-20 18:20:00,23.1,24.1,22.9,0,0,20.1,327,0,21.6,50.3,50.3,70.6,1328.8,99,0,0,26,82,26.8,1,327,0,1,1,22.7
2026-09-20T18:15:00+05:30,2026-09-20 18:15:00,23.1,24.1,22.9,0,0,20.1,327,0,21.6,50.3,50.3,70.6,1328.8,99,0,0.1,26.1,82,26.9,1,327,0,1,1,22.8
2026-09-20T18:10:00+05:30,2026-09-20 18:10:00,23.2,24.2,23.1,0,0,20.1,327,0,21.6,50.3,50.3,70.6,1328.8,99,0,0.1,26.1,82,26.9,1,331,0,1,1,22.8
2026-09-20T18:05:00+05:30,2026-09-20 18:05:00,23.2,24.2,23.1,0,0,20.1,327,0,21.6,50.3,50.3,70.6,1328.8,99,0,0.1,26.1,82,26.9,1,322,0,1,1,22.8
2026-09-20T18:00:00+05:30,2026-09-20 18:00:00,23.2,24.2,23.1,0,0,20.1,327,0,21.6,50.3,50.3,70.6,1328.8,99,0,0.6,26.1,82,26.9,1,321,0,1,1,22.8
2026-09-20T17:55:00+05:30,2026-09-20 17:55:00,23.2,24.2,23.1,0,0,20.1,322,0,21.6,50.3,50.3,70.6,1328.8,99,0,2.8,26.1,82,26.9,1,330,0,1,1,22.8
2026-09-20T17:50:00+05:30,2026-09-20 17:50:00,23.2,24.2,23.1,0,0,20.1,328,0,21.6,50.3,50.3,70.6,1328.8,99,0,5,26.1,82,26.9,1,308,0,1,1,22.8
2026-09-20T17:45:00+05:30,2026-09-20 17:45:00,23.2,24.2,23.1,0,3.5,20.1,315,0,21.6,50.3,50.3,70.6,1328.8,99,0,5.4,26.1,82,26.9,1,309,0,1,1,22.8
2026-09-20T17:40:00+05:30,2026-09-20 17:40:00,23.3,24.2,23.1,0,0,20.1,319,0,21.6,50.3,50.3,70.6,1328.8,99,0,4.4,26.1,82,26.9,1,314,0,1,1,22.8
2026-09-20T17:35:00+05:30,2026-09-20 17:35:00,23.3,24.2,23.1,0,0,20.1,315,0,21.6,50.3,50.3,70.6,1328.8,99,0,3.8,26.2,82,27.1,1,316,0,1,1,22.9
2026-09-20T17:30:00+05:30,2026-09-20 17:30:00,23.3,24.2,23.1,0,0,20.1,349,1.8,21.6,50.3,50.3,70.6,1328.8,99,0,7,26.1,82,26.9,1,349,0,1,1,22.8
2026-09-20T17:25:00+05:30,2026-09-20 17:25:00,23.3,24.2,23.1,0,0,20.1,303,1.8,21.6,50.3,50.3,70.6,1328.8,99,0,12.1,26.1,81,26.9,1,334,0,1,1,22.6
2026-09-20T17:20:00+05:30,2026-09-20 17:20:00,23.4,24.4,23.2,0,0,20.1,320,1.2,21.3,50,50,70.3,1328.5,99,0,14.3,26.1,81,26.9,1,332,0,1,1,22.6
2026-09-20T17:15:00+05:30,2026-09-20 17:15:00,23.4,24.4,23.2,0,0,20.1,353,1.2,21.3,50,50,70.3,1328.5,99,0,12.2,26.1,81,26.9,1,340,0,1,1,22.6
2026-09-20T17:10:00+05:30,2026-09-20 17:10:00,23.4,24.4,23.2,0,0,20.1,335,0,21.1,49.8,49.8,70.1,1328.3,99,0,19.4,26.1,81,26.9,1,335,0,1,1,22.6
2026-09-20T17:05:00+05:30,2026-09-20 17:05:00,23.6,24.6,23.4,0,0,20.1,340,0,21.1,49.8,49.8,70.1,1328.3,99,0,28.4,26.2,81,27,1,341,0,1,1,22.7
2026-09-20T17:00:00+05:30,2026-09-20 17:00:00,23.6,24.6,23.4,0,0,20.1,339,0,21.1,49.8,49.8,70.1,1328.3,99,0,51.2,26.1,81,26.9,1,339,0,1,1,22.6
2026-09-20T16:55:00+05:30,2026-09-20 16:55:00,23.4,24.4,23.2,0,0,20.1,340,0,21.1,49.8,49.8,70.1,1328.3,99,0,50.9,26.2,81,27,1,340,0,1,1,22.7
2026-09-20T16:50:00+05:30,2026-09-20 16:50:00,23.2,24.2,23.1,0,0,20.1,338,0,21.1,49.8,49.8,70.1,1328.3,99,0,51.9,26.2,81,27,1,344,0,1,1,22.7
2026-09-20T16:45:00+05:30,2026-09-20 16:45:00,23.2,24.2,23.1,0,0,20.1,344,0,21.1,49.8,49.8,70.1,1328.3,99,0,47.9,26.1,81,26.9,1,344,0,1,1,22.6
2026-09-20T16:40:00+05:30,2026-09-20 16:40:00,23.3,24.2,23.1,0,0,20.1,338,1.8,21.1,49.8,49.8,70.1,1328.3,99,0,41,26.2,81,27,1,338,0,1,1,22.7
2026-09-20T16:35:00+05:30,2026-09-20 16:35:00,23.3,24.2,23.1,0,0,20.1,339,4.8,21.1,49.8,49.8,70.1,1328.3,99,0,38.4,26.2,81,27,1,340,0,1,1,22.7
2026-09-20T16:30:00+05:30,2026-09-20 16:30:00,23.5,24.5,23.3,0,0,20.1,343,10.2,20.8,49.5,49.5,69.8,1328,99,0,30,26.2,81,27,1,322,0,1,1,22.7
2026-09-20T16:25:00+05:30,2026-09-20 16:25:00,23.5,24.5,23.3,0,0,20.1,321,18.6,20.1,48.8,48.8,69.1,1327.3,99,0,12.5,26.2,81,27,1,329,0,1,1,22.7
2026-09-20T16:20:00+05:30,2026-09-20 16:20:00,23.4,24.4,23.2,0,0,20.1,329,16.8,18.8,47.5,47.5,67.8,1326,99,0,8.3,26.2,81,27,1,332,0,1,1,22.7
2026-09-20T16:15:00+05:30,2026-09-20 16:15:00,23.5,24.5,23.3,0.3,1.8,20.1,322,15,17,45.7,45.7,66,1324.2,99,0,8.7,26.2,81,27,1,322,0,1,1,22.7
2026-09-20T16:10:00+05:30,2026-09-20 16:10:00,23.5,24.5,23.3,0,0,20.1,329,24,15.7,44.4,44.4,64.7,1322.9,99,0,8.1,26.2,81,27,1,329,0,1,1,22.7
2026-09-20T16:05:00+05:30,2026-09-20 16:05:00,23.7,24.7,23.4,5.5,7.2,20.1,318,12,13.2,41.9,41.9,62.2,1320.4,98,0,14.7,26.3,81,27.1,1,318,0,1,1,22.7
2026-09-20T16:00:00+05:30,2026-09-20 16:00:00,23.7,24.7,23.2,2.9,7.2,20.1,269,1.2,11.4,40.1,40.1,60.4,1318.6,97,0,18.7,26.3,81,27.1,1,345,0,1,1,22.7
2026-09-20T15:55:00+05:30,2026-09-20 15:55:00,23.8,24.7,23.1,0.6,3.5,20.1,325,0,11.2,39.9,39.9,60.2,1318.4,96,0,23.6,26.3,81,27.1,1,321,0.6,1,1,22.7
2026-09-20T15:50:00+05:30,2026-09-20 15:50:00,23.7,24.7,23,0,5.5,20.1,310,0,11.2,39.9,39.9,60.2,1318.4,96,0,45.4,26.3,81,27.1,1,286,1.1,1,1,22.7
2026-09-20T15:45:00+05:30,2026-09-20 15:45:00,23.8,24.7,23.3,0.6,3.5,20.1,292,0,11.2,39.9,39.9,60.2,1318.4,97,0,81.8,26.3,81,27.1,1,283,1.4,1,1,22.7
2026-09-20T15:40:00+05:30,2026-09-20 15:40:00,23.7,24.7,23.2,0,5.5,20.1,279,1.8,11.2,39.9,39.9,60.2,1318.4,97,0,54.5,26.3,81,27.1,1,279,2.1,1,1,22.7
2026-09-20T15:35:00+05:30,2026-09-20 15:35:00,23.8,24.7,23.3,2.9,14.8,20.1,326,1.8,11.2,39.9,39.9,60.2,1318.4,97,0,54.4,26.3,81,27.1,1,326,1.4,1,1,22.7
2026-09-20T15:30:00+05:30,2026-09-20 15:30:00,23.8,24.8,23.4,0.6,13,20.1,322,0,10.9,39.6,39.6,59.9,1318.1,98,0,38.9,26.4,81,27.2,1,303,1.1,1,1,22.8
2026-09-20T15:25:00+05:30,2026-09-20 15:25:00,23.9,24.9,23.6,0,0,20.1,346,0,10.9,39.6,39.6,59.9,1318.1,98,0,48.3,26.4,81,27.2,1,294,0.3,1,1,22.8
2026-09-20T15:20:00+05:30,2026-09-20 15:20:00,24,25,23.7,1.4,5.5,20.1,241,0,10.9,39.6,39.6,59.9,1318.1,98,0,54.7,26.4,81,27.2,1,293,0.3,1,1,22.8
2026-09-20T15:15:00+05:30,2026-09-20 15:15:00,23.9,24.9,23.6,0.3,3.5,20.1,272,0,10.9,39.6,39.6,59.9,1318.1,98,1,126.8,26.4,81,27.2,1,313,0,1,1,22.8
2026-09-20T15:10:00+05:30,2026-09-20 15:10:00,24.1,25.2,23.9,0,0,20.1,313,3,10.9,39.6,39.6,59.9,1318.1,99,0,54.9,26.4,81,27.2,1,317,0,1,1,22.8
2026-09-20T15:05:00+05:30,2026-09-20 15:05:00,24,25,23.8,0,0,20.1,309,3,10.7,39.4,39.4,59.7,1317.9,99,0,73.3,26.4,81,27.2,1,313,0,1,1,22.8
2026-09-20T15:00:00+05:30,2026-09-20 15:00:00,23.9,24.9,23.6,1.1,3.5,20.1,309,3,10.4,39.1,39.1,59.4,1317.6,98,1,106,26.4,81,27.2,1,313,0.3,1,1,22.8
2026-09-20T14:55:00+05:30,2026-09-20 14:55:00,23.9,24.9,23.6,0.3,5.5,20.1,313,0,9.9,38.6,38.6,58.9,1317.1,98,0,57.2,26.4,81,27.2,1,291,0.3,1,1,22.8
2026-09-20T14:50:00+05:30,2026-09-20 14:50:00,24,25,23.7,0,0,20.1,317,0,9.9,38.6,38.6,58.9,1317.1,98,0,97.4,26.4,81,27.2,1,303,0,1,1,22.8
2026-09-20T14:45:00+05:30,2026-09-20 14:45:00,24,25,23.7,0,0,20.1,296,4.8,9.9,38.6,38.6,58.9,1317.1,98,0,85.7,26.5,81,27.3,1,318,0,1,1,22.9
2026-09-20T14:40:00+05:30,2026-09-20 14:40:00,24,25,23.7,0,0,20.1,277,4.8,9.7,38.4,38.4,58.7,1316.9,98,0,85.8,26.4,81,27.2,1,311,0,1,1,22.8
2026-09-20T14:35:00+05:30,2026-09-20 14:35:00,24,25,23.5,0,1.8,20.1,305,1.2,9.1,37.8,37.8,58.1,1316.3,97,0,89.7,26.5,81,27.3,1,299,0.3,1,1,22.9
2026-09-20T14:30:00+05:30,2026-09-20 14:30:00,24,25,23.5,1.1,3.5,20.1,302,0,8.9,37.6,37.6,57.9,1316.1,97,0,97.1,26.5,81,27.3,1,293,1.1,1,1,22.9
2026-09-20T14:25:00+05:30,2026-09-20 14:25:00,24.2,25.2,23.7,0.3,5.5,20.1,313,0,8.9,37.6,37.6,57.9,1316.1,97,0,56,26.5,81,27.3,1,317,1.4,1,1,22.9
2026-09-20T14:20:00+05:30,2026-09-20 14:20:00,24.2,25.2,23.5,1.4,5.5,20.1,299,1.8,8.9,37.6,37.6,57.9,1316.1,96,0,59.3,26.5,81,27.3,1,286,1.8,1,1,22.9
2026-09-20T14:15:00+05:30,2026-09-20 14:15:00,24.3,25.3,23.6,1.8,14.8,20.1,249,3,8.9,37.6,37.6,57.9,1316.1,96,1,163.6,26.5,81,27.3,1,283,1.8,1,1,22.9
2026-09-20T14:10:00+05:30,2026-09-20 14:10:00,24.3,25.3,23.6,0,0,20.1,322,3,8.6,37.3,37.3,57.6,1315.8,96,2,224.7,26.5,81,27.3,1,303,4.7,1,1,22.9
2026-09-20T14:05:00+05:30,2026-09-20 14:05:00,24.4,25.4,23.5,9.3,14.8,20.1,293,1.8,8.4,37.1,37.1,57.4,1315.6,95,1,198.8,26.6,81,27.4,1,290,3.2,1,1,23.1
2026-09-20T14:00:00+05:30,2026-09-20 14:00:00,24.4,25.4,23.5,4,11.1,20.1,317,1.2,8.1,36.8,36.8,57.1,1315.3,95,1,159.4,26.6,80,27.4,1,325,0,1,1,22.9
2026-09-20T13:55:00+05:30,2026-09-20 13:55:00,24.7,25.8,24,1.1,3.5,20.1,290,4.2,8.1,36.8,36.8,57.1,1315.3,96,1,132.6,26.6,80,27.4,1,336,0,1,1,22.9
2026-09-20T13:50:00+05:30,2026-09-20 13:50:00,24.9,25.9,23.9,1.1,3.5,20.1,328,6,7.6,36.3,36.3,56.6,1314.8,94,0,44.1,26.6,80,27.4,1,298,0,1,1,22.9
2026-09-20T13:45:00+05:30,2026-09-20 13:45:00,25.2,26.2,23.8,0,0,20.1,319,4.2,7.1,35.8,35.8,56.1,1314.3,92,0,36.4,26.6,80,27.4,1,315,0,1,1,22.9
2026-09-20T13:40:00+05:30,2026-09-20 13:40:00,25.4,26.3,23.6,0,1.8,20.1,329,1.2,6.6,35.3,35.3,55.6,1313.8,90,0,91.7,26.7,80,29.1,1,280,0.6,1,1,23
2026-09-20T13:35:00+05:30,2026-09-20 13:35:00,25.6,26.6,23.7,2.6,11.1,20.1,278,0,6.4,35.1,35.1,55.4,1313.6,89,1,142.5,26.7,80,29.1,1,280,1.4,1,1,23
2026-09-20T13:30:00+05:30,2026-09-20 13:30:00,26,27,23.9,2.6,13,20.1,283,0,6.4,35.1,35.1,55.4,1313.6,88,0,84.6,26.7,80,29.1,1,249,1.4,1,1,23
2026-09-20T13:25:00+05:30,2026-09-20 13:25:00,26.1,27,23.8,2.9,7.2,20.1,311,0,6.4,35.1,35.1,55.4,1313.6,87,1,141.3,26.7,81,29.2,1,300,2.6,1,1,23.2
2026-09-20T13:20:00+05:30,2026-09-20 13:20:00,26.4,27.4,24.2,0.3,3.5,20.1,281,0,6.4,35.1,35.1,55.4,1313.6,88,2,282.8,26.7,81,29.2,1,289,1.1,1,1,23.2
2026-09-20T13:15:00+05:30,2026-09-20 13:15:00,26.4,27.4,24.2,1.8,3.5,20.1,291,0,6.4,35.1,35.1,55.4,1313.6,88,3,350.2,26.6,81,27.4,1,289,1.8,1,1,23.1
2026-09-20T13:10:00+05:30,2026-09-20 13:10:00,26.1,27,23.8,0,7.2,20.1,217,0,6.4,35.1,35.1,55.4,1313.6,87,2,295,26.6,81,27.4,1,290,2.1,1,1,23.1
2026-09-20T13:05:00+05:30,2026-09-20 13:05:00,26.1,27,23.6,6.4,9.3,20.1,266,0,6.4,35.1,35.1,55.4,1313.6,86,4,436.8,26.6,81,27.4,1,299,2.9,1,1,23.1
2026-09-20T13:00:00+05:30,2026-09-20 13:00:00,25.5,26.5,23.7,0,11.1,20.1,306,0,6.4,35.1,35.1,55.4,1313.6,90,4,456.1,26.6,81,27.4,1,312,4,1,1,23.1
2026-09-20T12:55:00+05:30,2026-09-20 12:55:00,25.4,26.3,23.4,5.8,9.3,20.1,289,0,6.4,35.1,35.1,55.4,1313.6,89,1,166.2,26.6,81,27.4,1,296,4,1,1,23.1
2026-09-20T12:50:00+05:30,2026-09-20 12:50:00,25.6,26.6,23.8,3.5,9.3,20.1,299,0,6.4,35.1,35.1,55.4,1313.6,90,2,212.9,26.6,81,27.4,1,290,4,1,1,23.1
2026-09-20T12:45:00+05:30,2026-09-20 12:45:00,25.8,26.8,24,0.6,3.5,20.1,282,0,6.4,35.1,35.1,55.4,1313.6,90,1,174,26.6,81,27.4,1,290,6.1,1,1,23.1
2026-09-20T12:40:00+05:30,2026-09-20 12:40:00,25.7,26.7,23.8,2.9,11.1,20.1,296,0,6.4,35.1,35.1,55.4,1313.6,89,3,312.7,26.6,81,27.4,1,292,6.9,1,1,23.1
2026-09-20T12:35:00+05:30,2026-09-20 12:35:00,25.6,26.6,23.8,1.8,9.3,20.1,113,0,6.4,35.1,35.1,55.4,1313.6,90,5,534.1,26.6,81,27.4,1,288,4,1,1,23.1
2026-09-20T12:30:00+05:30,2026-09-20 12:30:00,25.6,26.6,24.2,1.4,5.5,20.1,295,0,6.4,35.1,35.1,55.4,1313.6,92,4,453.8,26.5,81,27.3,1,288,2.9,1,1,22.9
2026-09-20T12:25:00+05:30,2026-09-20 12:25:00,25.1,26.1,23.5,7.2,11.1,20.1,297,0,6.4,35.1,35.1,55.4,1313.6,91,4,430.9,26.5,81,27.3,1,297,4,1,1,22.9
2026-09-20T12:20:00+05:30,2026-09-20 12:20:00,25,26,23.8,4,5.5,13,296,0,6.4,35.1,35.1,55.4,1313.6,93,2,222.5,26.5,81,27.3,1,296,4,1,1,22.9
2026-09-20T12:15:00+05:30,2026-09-20 12:15:00,25,26,23.6,5,13,13,289,0,6.4,35.1,35.1,55.4,1313.6,92,2,206.8,26.5,81,27.3,1,300,1.1,1,1,22.9
2026-09-20T12:10:00+05:30,2026-09-20 12:10:00,24.6,25.6,23.6,0,0,13,317,0,6.4,35.1,35.1,55.4,1313.6,94,2,273.5,26.4,81,27.2,1,309,2.9,1,1,22.8
2026-09-20T12:05:00+05:30,2026-09-20 12:05:00,24.4,25.4,23.7,2.1,5.5,13,270,0,6.4,35.1,35.1,55.4,1313.6,96,4,447.6,26.4,81,27.2,1,309,2.9,1,1,22.8
2026-09-20T12:00:00+05:30,2026-09-20 12:00:00,23.9,24.9,23.4,4.3,13,13,315,1.8,6.4,35.1,35.1,55.4,1313.6,97,3,400.3,26.4,81,27.2,1,307,1.1,1,1,22.8
2026-09-20T11:55:00+05:30,2026-09-20 11:55:00,23.8,24.8,23.6,0,0,11.1,321,1.8,6.4,35.1,35.1,55.4,1313.6,99,2,258.2,26.4,81,27.2,1,322,0,1,1,22.8
2026-09-20T11:50:00+05:30,2026-09-20 11:50:00,23.8,24.8,23.6,0,0,11.1,322,3,6.1,34.8,34.8,55.1,1313.3,99,2,212.1,26.4,81,27.2,1,315,0,1,1,22.8
2026-09-20T11:45:00+05:30,2026-09-20 11:45:00,23.8,24.8,23.6,0,5.5,11.1,354,3,5.8,34.5,34.5,54.8,1313,99,1,129.9,26.4,81,27.2,1,314,0,1,1,22.8
2026-09-20T11:40:00+05:30,2026-09-20 11:40:00,23.8,24.8,23.6,0,5.5,11.1,329,6,5.6,34.3,34.3,54.6,1312.8,99,1,137.7,26.4,81,27.2,1,321,1.4,1,1,22.8
2026-09-20T11:35:00+05:30,2026-09-20 11:35:00,23.8,24.8,23.6,1.8,3.5,11.1,316,9,5.3,34,34,54.3,1312.5,99,1,153.7,26.4,81,27.2,1,308,2.1,1,1,22.8
2026-09-20T11:30:00+05:30,2026-09-20 11:30:00,23.7,24.7,23.4,0,3.5,11.1,315,10.8,4.3,33,33,53.3,1311.5,98,1,166.1,26.4,81,27.2,1,114,0,1,1,22.8
2026-09-20T11:25:00+05:30,2026-09-20 11:25:00,24.2,25.3,23.9,0,0,7.2,345,13.8,3.6,32.3,32.3,52.6,1310.8,98,1,113.8,26.5,81,27.3,1,312,0,1,1,22.9
2026-09-20T11:20:00+05:30,2026-09-20 11:20:00,24.5,25.5,24,0,1.8,7.2,315,6,2,30.7,30.7,51,1309.2,97,1,120.4,26.5,81,27.3,1,314,0,1,1,22.9
2026-09-20T11:15:00+05:30,2026-09-20 11:15:00,24.7,25.8,24.2,0,0,7.2,331,1.8,1.3,30,30,50.3,1308.5,97,1,117.9,26.5,81,27.3,1,329,0,1,1,22.9
2026-09-20T11:10:00+05:30,2026-09-20 11:10:00,25,26.1,24.5,0,0,7.2,310,0,1,29.7,29.7,50,1308.2,97,2,214.3,26.5,81,27.3,1,326,0,1,1,22.9
2026-09-20T11:05:00+05:30,2026-09-20 11:05:00,24.4,25.4,24.1,0,0,7.2,326,0,1,29.7,29.7,50,1308.2,98,2,282.6,26.4,81,27.2,1,327,0,1,1,22.8
2026-09-20T11:00:00+05:30,2026-09-20 11:00:00,24.2,25.3,23.9,0,1.8,7.2,332,1.2,1,29.7,29.7,50,1308.2,98,2,233.6,26.4,81,27.2,1,332,0,1,1,22.8
2026-09-20T10:55:00+05:30,2026-09-20 10:55:00,24,25,23.5,0,3.5,7.2,353,1.2,1,29.7,29.7,50,1308.2,97,1,176.9,26.4,81,27.2,1,303,1.1,1,1,22.8
2026-09-20T10:50:00+05:30,2026-09-20 10:50:00,24.2,25.2,23.5,1.1,5.5,7.2,313,0,0.8,29.5,29.5,49.8,1308,96,1,146.5,26.4,81,27.2,1,313,0,1,1,22.8
2026-09-20T10:45:00+05:30,2026-09-20 10:45:00,24.3,25.3,23.8,0,0,7.2,313,1.8,0.8,29.5,29.5,49.8,1308,97,1,124.2,26.4,81,27.2,1,320,0,1,1,22.8
2026-09-20T10:40:00+05:30,2026-09-20 10:40:00,24,25,23.5,0,7.2,7.2,267,1.8,0.8,29.5,29.5,49.8,1308,97,1,105.6,26.4,81,27.2,1,335,0,1,1,22.8
2026-09-20T10:35:00+05:30,2026-09-20 10:35:00,24.3,25.3,23.8,0,0,5.5,316,1.2,0.5,29.2,29.2,49.5,1307.7,97,0,86.8,26.4,81,27.2,1,308,0,1,1,22.8
2026-09-20T10:30:00+05:30,2026-09-20 10:30:00,24.1,25.1,23.3,0.3,1.8,5.5,286,1.2,0.5,29.2,29.2,49.5,1307.7,95,0,77,26.4,81,27.2,1,303,0,1,1,22.8
2026-09-20T10:25:00+05:30,2026-09-20 10:25:00,24.6,25.7,24.1,0,1.8,5.5,327,0,0.3,29,29,49.3,1307.5,97,0,83.7,26.4,81,27.2,1,309,0,1,1,22.8
2026-09-20T10:20:00+05:30,2026-09-20 10:20:00,24.7,25.8,24.2,0,0,5.5,316,0,0.3,29,29,49.3,1307.5,97,1,194.8,26.4,81,27.2,1,316,0,1,1,22.8
2026-09-20T10:15:00+05:30,2026-09-20 10:15:00,24.5,25.6,24.2,0,1.8,5.5,4,0,0.3,29,29,49.3,1307.5,98,2,238.1,26.4,81,27.2,1,331,0,1,1,22.8
2026-09-20T10:10:00+05:30,2026-09-20 10:10:00,24.3,25.3,23.9,0,0,5.5,315,0,0.3,29,29,49.3,1307.5,98,1,169.6,26.4,81,27.2,1,322,0,1,1,22.8
2026-09-20T10:05:00+05:30,2026-09-20 10:05:00,24.4,25.4,23.9,0,3.5,3.5,317,0,0.3,29,29,49.3,1307.5,97,0,98.8,26.4,81,27.2,1,317,0,1,1,22.8
2026-09-20T10:00:00+05:30,2026-09-20 10:00:00,24.4,25.4,24.1,0,0,1.8,316,0,0.3,29,29,49.3,1307.5,98,1,163.2,26.4,81,27.2,1,316,0,1,1,22.8
2026-09-20T09:55:00+05:30,2026-09-20 09:55:00,24.4,25.4,24.1,0,0,1.8,310,0,0.3,29,29,49.3,1307.5,98,1,130,26.4,81,27.2,1,313,0,1,1,22.8
2026-09-20T09:50:00+05:30,2026-09-20 09:50:00,24.4,25.4,24.1,0,0,1.8,311,0,0.3,29,29,49.3,1307.5,98,2,219.8,26.4,81,27.2,1,315,0,1,1,22.8
2026-09-20T09:45:00+05:30,2026-09-20 09:45:00,23.6,24.6,23.3,0,0,1.8,321,0,0.3,29,29,49.3,1307.5,98,2,260.7,26.3,81,27.1,1,319,0,1,1,22.7
2026-09-20T09:40:00+05:30,2026-09-20 09:40:00,23.7,24.7,23.6,0,0,1.8,246,0,0.3,29,29,49.3,1307.5,99,1,189.4,26.3,81,27.1,1,326,0,1,1,22.7
2026-09-20T09:35:00+05:30,2026-09-20 09:35:00,23.9,24.9,23.7,0,0,1.8,327,0,0.3,29,29,49.3,1307.5,99,2,262.9,26.3,81,27.1,1,326,0,1,1,22.7
2026-09-20T09:30:00+05:30,2026-09-20 09:30:00,23.6,24.6,23.4,0,0,1.8,316,0,0.3,29,29,49.3,1307.5,99,1,103.6,26.3,81,27.1,1,316,0,1,1,22.7
2026-09-20T09:25:00+05:30,2026-09-20 09:25:00,23.9,24.9,23.7,0,0,0,298,0,0.3,29,29,49.3,1307.5,99,2,239.9,26.3,81,27.1,1,337,0,1,1,22.7
2026-09-20T09:20:00+05:30,2026-09-20 09:20:00,23.6,24.6,23.4,0,0,0,354,0,0.3,29,29,49.3,1307.5,99,2,252.4,26.3,81,27.1,1,333,0,1,1,22.7
2026-09-20T09:15:00+05:30,2026-09-20 09:15:00,23.9,24.9,23.7,0,0,0,311,0,0.3,29,29,49.3,1307.5,99,2,234.4,26.2,81,27,1,333,0,1,1,22.7
2026-09-20T09:10:00+05:30,2026-09-20 09:10:00,23.8,24.8,23.6,0,0,0,330,0,0.3,29,29,49.3,1307.5,99,2,215.1,26.2,81,27,1,327,0,1,1,22.7
2026-09-20T09:05:00+05:30,2026-09-20 09:05:00,23.4,24.4,23.2,0,0,0,321,1.8,0.3,29,29,49.3,1307.5,99,1,192.2,26.2,81,27,1,327,0,1,1,22.7
2026-09-20T09:00:00+05:30,2026-09-20 09:00:00,23.1,24.1,22.9,0,0,0,320,1.8,0.3,29,29,49.3,1307.5,99,1,167.2,26.2,81,27,1,331,0,1,1,22.7
2026-09-20T08:55:00+05:30,2026-09-20 08:55:00,23.3,24.2,23.1,0,0,0,333,0,0,28.7,28.7,49,1307.2,99,1,161.3,26.1,81,26.9,1,325,0,1,1,22.6
2026-09-20T08:50:00+05:30,2026-09-20 08:50:00,23.3,24.2,23.1,0,0,0,338,0,0,28.7,28.7,49,1307.2,99,1,144.1,26.2,81,27,1,338,0,1,1,22.7
2026-09-20T08:45:00+05:30,2026-09-20 08:45:00,23.3,24.2,23.1,0,0,0,333,0,0,28.7,28.7,49,1307.2,99,1,129,26.1,81,26.9,1,336,0,1,1,22.6
2026-09-20T08:42:00+05:30,2026-09-20 08:42:00,23.2,24.2,23.1,0,0,0,335,0,0,28.7,28.7,49,1307.2,99,1,114.9,26.1,81,26.9,1,336,0,1,1,22.6
2026-09-20T08:30:00+05:30,2026-09-20 08:30:00,23.1,24.1,22.9,0,0,0,332,0,1.8,28.5,28.5,48.8,1307,99,0,55.1,26.1,81,26.9,1,325,0,1,1,22.6
2026-09-20T08:25:00+05:30,2026-09-20 08:25:00,23.2,24.2,23.1,0,0,0,318,0,1.8,28.5,28.5,48.8,1307,99,0,87.3,26.1,81,26.9,1,318,0,1,1,22.6
2026-09-20T08:20:00+05:30,2026-09-20 08:20:00,23,23.9,22.8,0,0,0,327,0,1.8,28.5,28.5,48.8,1307,99,0,78,26.1,81,26.9,1,327,0,1,1,22.6
2026-09-20T08:15:00+05:30,2026-09-20 08:15:00,22.9,23.8,22.7,0,0,0,326,1.8,1.8,28.5,28.5,48.8,1307,99,0,60.8,26.1,81,26.9,1,326,0,1,1,22.6
2026-09-20T08:10:00+05:30,2026-09-20 08:10:00,22.8,23.7,22.6,0,0,0,323,3,1.8,28.5,28.5,48.8,1307,99,0,48.9,26.1,81,26.9,1,332,0,1,1,22.6
2026-09-20T08:05:00+05:30,2026-09-20 08:05:00,22.7,23.6,22.6,0,0,0,328,3,1.5,28.2,28.2,48.5,1306.7,99,0,41.9,26.1,81,26.9,1,324,0,1,1,22.6
2026-09-20T08:00:00+05:30,2026-09-20 08:00:00,22.8,23.7,22.6,0,0,0,320,3,1,27.7,27.7,48,1306.2,99,0,33.2,26.1,81,26.9,1,318,0,1,1,22.6
2026-09-20T07:55:00+05:30,2026-09-20 07:55:00,22.8,23.7,22.6,0,0,0,320,4.8,0.8,27.5,27.5,47.8,1306,99,0,26.9,26.1,81,26.9,1,315,0,1,1,22.6
2026-09-20T07:52:00+05:30,2026-09-20 07:52:00,22.9,23.8,22.7,0,0,0,313,3,0.5,27.2,27.2,47.5,1305.7,99,0,25.2,26.1,81,26.9,1,332,0,1,1,22.6
2026-09-20T07:30:00+05:30,2026-09-20 07:30:00,22.8,23.7,22.6,0,0,9.3,335,55.2,26.7,27.2,27.2,47.5,1305.7,99,0,23.2,26.2,81,27,1,309,0,1,1,22.7
2026-09-20T07:25:00+05:30,2026-09-20 07:25:00,22.9,23.8,22.7,0,0,9.3,311,50.4,22.6,23.1,23.1,43.4,1301.6,99,0,20.5,26.2,81,27,1,317,0,1,1,22.7
2026-09-20T07:20:00+05:30,2026-09-20 07:20:00,22.9,23.8,22.7,0,0,9.3,316,16.8,16.3,16.8,16.8,37.1,1295.3,99,0,16.3,26.2,81,27,1,314,0,1,1,22.7
2026-09-20T07:15:00+05:30,2026-09-20 07:15:00,23,23.9,22.8,0,0,9.3,306,3,14,14.5,14.5,34.8,1293,99,0,9.8,26.2,81,27,1,318,0,1,1,22.7
2026-09-20T07:10:00+05:30,2026-09-20 07:10:00,23.1,24.1,22.9,0,0,9.3,322,0,13.5,14,14,34.3,1292.5,99,0,6.7,26.2,81,27,1,327,0,1,1,22.7
2026-09-20T07:05:00+05:30,2026-09-20 07:05:00,23.1,24.1,22.9,0,0,9.3,317,1.8,13.5,14,14,34.3,1292.5,99,0,23.4,26.2,80,27,1,328,0,1,1,22.5
2026-09-20T07:00:00+05:30,2026-09-20 07:00:00,23,23.9,22.8,0,0,9.3,329,3,13.5,14,14,34.3,1292.5,99,0,29,26.2,80,27,1,329,0,1,1,22.5
2026-09-20T06:55:00+05:30,2026-09-20 06:55:00,23,23.9,22.8,0,0,9.3,329,1.2,13.2,13.7,13.7,34,1292.2,99,0,32.7,26.1,80,26.9,1,329,0,1,1,22.4
2026-09-20T06:50:00+05:30,2026-09-20 06:50:00,22.9,23.8,22.7,0,0,9.3,329,1.8,13,13.5,13.5,33.8,1292,99,0,30.2,26.2,80,27,1,329,0,1,1,22.5
2026-09-20T06:45:00+05:30,2026-09-20 06:45:00,22.8,23.7,22.6,0,0,9.3,323,6.6,13,13.5,13.5,33.8,1292,99,0,33.5,26.2,80,27,1,329,0,1,1,22.5
2026-09-20T06:40:00+05:30,2026-09-20 06:40:00,22.9,23.8,22.7,0,0,9.3,333,13.8,12.7,13.2,13.2,33.5,1291.7,99,0,28.9,26.2,80,27,1,329,0,1,1,22.5
2026-09-20T06:35:00+05:30,2026-09-20 06:35:00,22.8,23.7,22.6,0,0,9.3,335,7.8,11.7,12.2,12.2,32.5,1290.7,99,0,16.4,26.2,80,27,1,329,0,1,1,22.5
2026-09-20T06:30:00+05:30,2026-09-20 06:30:00,22.8,23.7,22.6,0,0,9.3,322,0,10.4,10.9,10.9,31.2,1289.4,99,0,17.7,26.1,80,26.9,1,322,0,1,1,22.4
2026-09-20T06:25:00+05:30,2026-09-20 06:25:00,22.7,23.6,22.6,0,0,9.3,331,0,10.4,10.9,10.9,31.2,1289.4,99,0,11,26.2,80,27,1,330,0,1,1,22.5
2026-09-20T06:20:00+05:30,2026-09-20 06:20:00,22.7,23.6,22.6,0,0,9.3,331,0,10.4,10.9,10.9,31.2,1289.4,99,0,9.1,26.2,80,27,1,321,0,1,1,22.5
2026-09-20T06:15:00+05:30,2026-09-20 06:15:00,22.7,23.6,22.6,0,0,9.3,321,0,10.4,10.9,10.9,31.2,1289.4,99,0,12.1,26.2,80,27,1,321,0,1,1,22.5
2026-09-20T06:10:00+05:30,2026-09-20 06:10:00,22.7,23.6,22.6,0,0,9.3,320,0,10.4,10.9,10.9,31.2,1289.4,99,0,5.4,26.2,80,27,1,320,0,1,1,22.5
2026-09-20T06:05:00+05:30,2026-09-20 06:05:00,22.6,23.5,22.4,0,0,9.3,320,0,10.4,10.9,10.9,31.2,1289.4,99,0,4.4,26.2,80,27,1,330,0,1,1,22.5
2026-09-20T06:00:00+05:30,2026-09-20 06:00:00,22.6,23.5,22.4,0,0,9.3,332,0,10.4,10.9,10.9,31.2,1289.4,99,0,2.8,26.2,80,27,1,330,0,1,1,22.5
2026-09-20T05:55:00+05:30,2026-09-20 05:55:00,22.6,23.5,22.4,0,0,9.3,330,0,10.4,10.9,10.9,31.2,1289.4,99,0,1.4,26.2,80,27,1,330,0,1,1,22.5
2026-09-20T05:50:00+05:30,2026-09-20 05:50:00,22.7,23.6,22.6,0,0,9.3,322,0,10.4,10.9,10.9,31.2,1289.4,99,0,0.6,26.2,80,27,1,332,0,1,1,22.5
2026-09-20T05:45:00+05:30,2026-09-20 05:45:00,22.7,23.6,22.6,0,0,9.3,332,0,10.4,10.9,10.9,31.2,1289.4,99,0,0.2,26.2,80,27,1,332,0,1,1,22.5
2026-09-20T05:40:00+05:30,2026-09-20 05:40:00,22.6,23.5,22.4,0,0,9.3,332,0,10.4,10.9,10.9,31.2,1289.4,99,0,0,26.3,80,27.1,1,332,0,1,1,22.6
2026-09-20T05:35:00+05:30,2026-09-20 05:35:00,22.7,23.6,22.6,0,0,9.3,332,0,10.4,10.9,10.9,31.2,1289.4,99,0,0,26.3,80,27.1,1,332,0,1,1,22.6
2026-09-20T05:30:00+05:30,2026-09-20 05:30:00,22.6,23.5,22.4,0,0,9.3,332,0,10.4,10.9,10.9,31.2,1289.4,99,0,0,26.3,80,27.1,1,332,0,1,1,22.6
2026-09-20T05:25:00+05:30,2026-09-20 05:25:00,22.7,23.6,22.6,0,0,9.3,332,0,10.4,10.9,10.9,31.2,1289.4,99,0,0,26.3,80,27.1,1,332,0,1,1,22.6
2026-09-20T05:20:00+05:30,2026-09-20 05:20:00,22.8,23.7,22.6,0,0,9.3,332,0,10.4,10.9,10.9,31.2,1289.4,99,0,0,26.3,80,27.1,1,332,0,1,1,22.6
2026-09-20T05:15:00+05:30,2026-09-20 05:15:00,22.8,23.7,22.6,0,0,9.3,332,0,10.4,10.9,10.9,31.2,1289.4,99,0,0,26.3,80,27.1,1,332,0,1,1,22.6
2026-09-20T05:10:00+05:30,2026-09-20 05:10:00,22.8,23.7,22.6,0,0,9.3,337,0,10.4,10.9,10.9,31.2,1289.4,99,0,0,26.3,80,27.1,1,337,0,1,1,22.6
2026-09-20T05:05:00+05:30,2026-09-20 05:05:00,22.8,23.7,22.6,0,0,9.3,337,0,10.4,10.9,10.9,31.2,1289.4,99,0,0,26.3,80,27.1,1,337,0,1,1,22.6
2026-09-20T05:00:00+05:30,2026-09-20 05:00:00,22.7,23.6,22.6,0,0,9.3,344,0,10.4,10.9,10.9,31.2,1289.4,99,0,0,26.3,80,27.1,1,337,0,1,1,22.6
2026-09-20T04:55:00+05:30,2026-09-20 04:55:00,22.8,23.7,22.6,0,0,9.3,337,12,10.4,10.9,10.9,31.2,1289.4,99,0,0,26.3,80,27.1,1,337,0,1,1,22.6
2026-09-20T04:50:00+05:30,2026-09-20 04:50:00,22.8,23.7,22.6,0,0,9.3,351,34.8,10.4,10.9,10.9,31.2,1289.4,99,0,0,26.3,80,27.1,1,307,0,1,1,22.6
2026-09-20T04:45:00+05:30,2026-09-20 04:45:00,22.9,23.8,22.7,0,0,9.3,220,37.8,7.6,8.1,8.1,28.4,1286.6,99,0,0,26.3,80,27.1,1,308,0,1,1,22.6
2026-09-20T04:40:00+05:30,2026-09-20 04:40:00,23,23.9,22.8,1.1,9.3,9.3,283,15.6,3.6,4.1,4.1,24.4,1282.6,99,0,0,26.3,80,27.1,1,331,0,1,1,22.6
2026-09-20T04:35:00+05:30,2026-09-20 04:35:00,23.1,24.1,22.9,0,0,7.2,334,0,1,1.5,1.5,21.8,1280,99,0,0,26.4,80,27.2,1,334,0,1,1,22.7
2026-09-20T04:30:00+05:30,2026-09-20 04:30:00,23.2,24.2,23.1,0,0,7.2,328,0,1,1.5,1.5,21.8,1280,99,0,0,26.3,80,27.1,1,327,0,1,1,22.6
2026-09-20T04:25:00+05:30,2026-09-20 04:25:00,23.2,24.2,23.1,0,0,7.2,328,0,1,1.5,1.5,21.8,1280,99,0,0,26.4,80,27.2,1,328,0,1,1,22.7
2026-09-20T04:20:00+05:30,2026-09-20 04:20:00,23.3,24.2,23.1,0,0,7.2,327,3,1,1.5,1.5,21.8,1280,99,0,0,26.4,80,27.2,1,327,0,1,1,22.7
2026-09-20T04:15:00+05:30,2026-09-20 04:15:00,23.2,24.2,23.1,0,0,7.2,327,3,1,1.5,1.5,21.8,1280,99,0,0,26.4,80,27.2,1,327,0,1,1,22.7
2026-09-20T04:10:00+05:30,2026-09-20 04:10:00,23.2,24.2,23.1,0,0,7.2,328,0,0.5,1,1,21.3,1279.5,99,0,0,26.4,80,27.2,1,319,0,1,1,22.7
2026-09-20T04:05:00+05:30,2026-09-20 04:05:00,23.2,24.2,23.1,0,0,7.2,327,0,0.5,1,1,21.3,1279.5,99,0,0,26.4,80,27.2,1,325,0,1,1,22.7
2026-09-20T04:00:00+05:30,2026-09-20 04:00:00,23.2,24.2,23.1,0,0,7.2,330,0,0.5,1,1,21.3,1279.5,99,0,0,26.4,80,27.2,1,317,0,1,1,22.7
2026-09-20T03:55:00+05:30,2026-09-20 03:55:00,23.2,24.2,23.1,0,0,7.2,325,0,0.5,1,1,21.3,1279.5,99,0,0,26.4,80,27.2,1,318,0,1,1,22.7
2026-09-20T03:50:00+05:30,2026-09-20 03:50:00,23.2,24.2,23.1,0,0,7.2,321,0,0.5,1,1,21.3,1279.5,99,0,0,26.4,80,27.2,1,325,0,1,1,22.7
2026-09-20T03:45:00+05:30,2026-09-20 03:45:00,23.2,24.2,23.1,0,0,7.2,340,0,0.5,1,1,21.3,1279.5,99,0,0,26.4,80,27.2,1,334,0,1,1,22.7
2026-09-20T03:40:00+05:30,2026-09-20 03:40:00,23.2,24.2,23.1,0,5.5,7.2,301,3,0.5,1,1,21.3,1279.5,99,0,0,26.4,80,27.2,1,333,0,1,1,22.7
2026-09-20T03:35:00+05:30,2026-09-20 03:35:00,23.1,24.1,22.9,0,0,7.2,324,1.8,0.3,0.8,0.8,21.1,1279.3,99,0,0,26.4,80,27.2,1,333,0,1,1,22.7
2026-09-20T03:30:00+05:30,2026-09-20 03:30:00,23,23.9,22.8,0,0,7.2,339,0,0,0.5,0.5,20.8,1279,99,0,0,26.4,80,27.2,1,335,0,1,1,22.7
2026-09-20T03:25:00+05:30,2026-09-20 03:25:00,23.1,24.1,22.9,0,0,7.2,339,0,0,0.5,0.5,20.8,1279,99,0,0,26.4,80,27.2,1,339,0,1,1,22.7
2026-09-20T03:20:00+05:30,2026-09-20 03:20:00,23.1,24.1,22.9,0,0,7.2,340,0,0,0.5,0.5,20.8,1279,99,0,0,26.4,80,27.2,1,321,0,1,1,22.7
2026-09-20T03:15:00+05:30,2026-09-20 03:15:00,23.1,24.1,22.9,0,0,7.2,321,0,0.5,0.5,0.5,20.8,1279,99,0,0,26.4,80,27.2,1,321,0,1,1,22.7
2026-09-20T03:10:00+05:30,2026-09-20 03:10:00,23,23.9,22.8,0,0,7.2,322,0,0.5,0.5,0.5,20.8,1279,99,0,0,26.5,80,27.3,1,322,0,1,1,22.8
2026-09-20T03:05:00+05:30,2026-09-20 03:05:00,23.1,24.1,22.9,0,0,7.2,321,0,0.5,0.5,0.5,20.8,1279,99,0,0,26.5,80,27.3,1,348,0,1,1,22.8
2026-09-20T03:00:00+05:30,2026-09-20 03:00:00,23.1,24.1,22.9,0,0,7.2,345,0,0.5,0.5,0.5,20.8,1279,99,0,0,26.5,80,27.3,1,348,0,1,1,22.8
2026-09-20T02:55:00+05:30,2026-09-20 02:55:00,23.1,24.1,22.9,0,0,7.2,350,0,0.5,0.5,0.5,20.8,1279,99,0,0,26.5,80,27.3,1,346,0,1,1,22.8
2026-09-20T02:50:00+05:30,2026-09-20 02:50:00,23.1,24.1,22.9,0,0,7.2,344,0,0.5,0.5,0.5,20.8,1279,99,0,0,26.5,80,27.3,1,329,0,1,1,22.8
2026-09-20T02:45:00+05:30,2026-09-20 02:45:00,23.1,24.1,22.9,0,0,7.2,329,0,0.5,0.5,0.5,20.8,1279,99,0,0,26.5,80,27.3,1,329,0,1,1,22.8
2026-09-20T02:40:00+05:30,2026-09-20 02:40:00,23.2,24.2,23.1,0,0,7.2,329,0,0.5,0.5,0.5,20.8,1279,99,0,0,26.5,80,27.3,1,329,0,1,1,22.8
2026-09-20T02:35:00+05:30,2026-09-20 02:35:00,23.3,24.2,23.1,0,0,7.2,329,0,0.5,0.5,0.5,20.8,1279,99,0,0,26.5,80,27.3,1,333,0,1,1,22.8
2026-09-20T02:30:00+05:30,2026-09-20 02:30:00,23.2,24.2,23.1,0,0,7.2,338,0,0.5,0.5,0.5,20.8,1279,99,0,0,26.5,79,27.3,1,338,0,1,1,22.6
2026-09-20T02:25:00+05:30,2026-09-20 02:25:00,23.3,24.2,23.1,0,0,7.2,339,0,0.5,0.5,0.5,20.8,1279,99,0,0,26.5,79,27.3,1,339,0,1,1,22.6
2026-09-20T02:20:00+05:30,2026-09-20 02:20:00,23.3,24.2,23.1,0,0,7.2,339,0,0.5,0.5,0.5,20.8,1279,99,0,0,26.5,79,27.3,1,339,0,1,1,22.6
2026-09-20T02:15:00+05:30,2026-09-20 02:15:00,23.3,24.2,23.1,0,0,7.2,338,1.2,0.5,0.5,0.5,20.8,1279,99,0,0,26.5,79,27.3,1,332,0,1,1,22.6
2026-09-20T02:10:00+05:30,2026-09-20 02:10:00,23.3,24.2,23.1,0,0,7.2,332,1.2,0.5,0.5,0.5,20.8,1279,99,0,0,26.5,79,27.3,1,324,0,1,1,22.6
2026-09-20T02:05:00+05:30,2026-09-20 02:05:00,23.3,24.2,23.1,0,0,7.2,333,0,0.3,0.3,0.3,20.6,1278.8,99,0,0,26.5,79,27.3,1,324,0,1,1,22.6
2026-09-20T02:00:00+05:30,2026-09-20 02:00:00,23.3,24.2,23.1,0,0,7.2,318,0,0.3,0.3,0.3,20.6,1278.8,99,0,0,26.5,79,27.3,1,319,0,1,1,22.6
2026-09-20T01:55:00+05:30,2026-09-20 01:55:00,23.3,24.2,23.1,0,0,7.2,341,0,0.3,0.3,0.3,20.6,1278.8,99,0,0,26.5,79,27.3,1,320,0,1,1,22.6
2026-09-20T01:54:00+05:30,2026-09-20 01:54:00,23.3,24.2,23.1,0,0,7.2,341,0,0.3,0.3,0.3,20.6,1278.8,99,0,0,26.5,79,27.3,1,320,0,1,1,22.6
2026-09-20T01:40:00+05:30,2026-09-20 01:40:00,23.2,24.2,23.1,0,0,7.2,338,0,0.3,0.3,0.3,20.6,1278.8,99,0,0,26.6,79,27.4,1,344,0,1,1,22.7
2026-09-20T01:35:00+05:30,2026-09-20 01:35:00,23.2,24.2,23.1,0,0,7.2,349,0,0.3,0.3,0.3,20.6,1278.8,99,0,0,26.6,79,27.4,1,348,0,1,1,22.7
2026-09-20T01:30:00+05:30,2026-09-20 01:30:00,23.2,24.2,23.1,0,0,7.2,343,0,0.3,0.3,0.3,20.6,1278.8,99,0,0,26.6,79,27.4,1,350,0,1,1,22.7
2026-09-20T01:25:00+05:30,2026-09-20 01:25:00,23.2,24.2,23.1,0,0,7.2,344,0,0.3,0.3,0.3,20.6,1278.8,99,0,0,26.6,79,27.4,1,349,0,1,1,22.7
2026-09-20T01:20:00+05:30,2026-09-20 01:20:00,23.2,24.2,23.1,0,0,7.2,346,0,0.3,0.3,0.3,20.6,1278.8,99,0,0,26.6,79,27.4,1,349,0,1,1,22.7
2026-09-20T01:15:00+05:30,2026-09-20 01:15:00,23.3,24.2,23.1,0,0,7.2,356,0,0.3,0.3,0.3,20.6,1278.8,99,0,0,26.6,79,27.4,1,356,0,1,1,22.7
2026-09-20T01:10:00+05:30,2026-09-20 01:10:00,23.3,24.2,22.9,0,0,7.2,352,0,0.3,0.3,0.3,20.6,1278.8,98,0,0,26.6,79,27.4,1,354,0,1,1,22.7
2026-09-20T01:05:00+05:30,2026-09-20 01:05:00,23.3,24.2,22.9,0,0,7.2,354,0,0.3,0.3,0.3,20.6,1278.8,98,0,0,26.6,79,27.4,1,354,0,1,1,22.7
2026-09-20T01:00:00+05:30,2026-09-20 01:00:00,23.4,24.3,23.1,0,0,7.2,352,0,0.3,0.3,0.3,20.6,1278.8,98,0,0,26.6,79,27.4,1,352,0,1,1,22.7
2026-09-20T00:55:00+05:30,2026-09-20 00:55:00,23.5,24.4,23,0,0,7.2,352,0,0.3,0.3,0.3,20.6,1278.8,97,0,0,26.6,79,27.4,1,352,0,1,1,22.7
2026-09-20T00:50:00+05:30,2026-09-20 00:50:00,23.6,24.6,23.1,0,0,7.2,352,0,0.3,0.3,0.3,20.6,1278.8,97,0,0,26.6,79,27.4,1,320,0,1,1,22.7
2026-09-20T00:45:00+05:30,2026-09-20 00:45:00,23.7,24.7,23.2,0,0,7.2,323,1.8,0.3,0.3,0.3,20.6,1278.8,97,0,0,26.6,79,27.4,1,320,0,1,1,22.7
2026-09-20T00:40:00+05:30,2026-09-20 00:40:00,23.8,24.7,23.3,0.6,1.8,7.2,65,1.8,0.3,0.3,0.3,20.6,1278.8,97,0,0,26.6,79,27.4,1,326,0,1,1,22.7
2026-09-20T00:35:00+05:30,2026-09-20 00:35:00,23.8,24.7,23.3,0,0,7.2,333,0,0,0,0,20.3,1278.5,97,0,0,26.7,79,29.1,1,307,0,1,1,22.8
2026-09-20T00:30:00+05:30,2026-09-20 00:30:00,23.9,24.9,23.4,0,0,7.2,308,0,0,0,0,20.3,1278.5,97,0,0,26.7,79,29.1,1,306,0,1,1,22.8
2026-09-20T00:25:00+05:30,2026-09-20 00:25:00,23.9,24.8,23.2,5,7.2,7.2,287,0,0,0,0,20.3,1278.5,96,0,0,26.7,79,29.1,1,297,0,1,1,22.8
2026-09-20T00:20:00+05:30,2026-09-20 00:20:00,23.8,24.7,23.3,0,0,0,340,0,0,0,0,20.3,1278.5,97,0,0,26.7,79,29.1,1,340,0,1,1,22.8
2026-09-20T00:15:00+05:30,2026-09-20 00:15:00,23.7,24.7,23.2,0,0,0,340,0,0,0,0,20.3,1278.5,97,0,0,26.7,79,29.1,1,340,0,1,1,22.8
2026-09-20T00:10:00+05:30,2026-09-20 00:10:00,23.7,24.7,23.2,0,0,0,342,0,0,0,0,20.3,1278.5,97,0,0,26.7,79,29.1,1,346,0,1,1,22.8
2026-09-20T00:05:00+05:30,2026-09-20 00:05:00,23.7,24.7,23.2,0,0,0,342,0,0,0,0,20.3,1278.5,97,0,0,26.7,79,29.1,1,347,0,1,1,22.8
2026-09-20T00:00:00+05:30,2026-09-20 00:00:00,23.7,24.7,23,0,0,0,352,0,0,0,0,20.3,1278.5,96,0,0,26.7,79,29.1,1,338,0,1,1,22.8
2026-09-19T23:55:00+05:30,2026-09-19 23:55:00,23.8,24.7,23.1,0,0,20.1,316,0,0,2.8,20,20.3,1278.5,96,0,0,26.7,79,29.1,1,334,0,1,1,22.8
2026-09-19T23:50:00+05:30,2026-09-19 23:50:00,23.8,24.7,23.1,0,0,20.1,334,0,0,2.8,20,20.3,1278.5,96,0,0,26.7,79,29.1,1,334,0,1,1,22.8
2026-09-19T23:45:00+05:30,2026-09-19 23:45:00,23.8,24.7,23.1,0,0,20.1,333,0,0,2.8,20,20.3,1278.5,96,0,0,26.8,79,29.2,1,333,0,1,1,22.8
2026-09-19T23:40:00+05:30,2026-09-19 23:40:00,23.8,24.7,23.1,0,0,20.1,344,0,0,2.8,20,20.3,1278.5,96,0,0,26.7,79,29.1,1,344,0,1,1,22.8
2026-09-19T23:35:00+05:30,2026-09-19 23:35:00,23.8,24.7,23.1,0,0,20.1,332,0,0,2.8,20,20.3,1278.5,96,0,0,26.8,79,29.2,1,332,0,1,1,22.8
2026-09-19T23:30:00+05:30,2026-09-19 23:30:00,23.9,24.8,23.2,0,0,20.1,332,0,0,2.8,20,20.3,1278.5,96,0,0,26.8,79,29.2,1,332,0,1,1,22.8
2026-09-19T23:25:00+05:30,2026-09-19 23:25:00,24,25,23.3,0,0,20.1,332,0,0,2.8,20,20.3,1278.5,96,0,0,26.8,79,29.2,1,332,0,1,1,22.8
2026-09-19T23:20:00+05:30,2026-09-19 23:20:00,24,25,23.3,0,0,20.1,327,0,0,2.8,20,20.3,1278.5,96,0,0,26.8,79,29.2,1,335,0,1,1,22.8
2026-09-19T23:15:00+05:30,2026-09-19 23:15:00,24,24.9,23.1,0,0,20.1,332,0,0,2.8,20,20.3,1278.5,95,0,0,26.8,79,29.2,1,335,0,1,1,22.8
2026-09-19T23:10:00+05:30,2026-09-19 23:10:00,24.1,25.1,23.3,0,0,20.1,327,0,0,2.8,20,20.3,1278.5,95,0,0,26.8,79,29.2,1,327,0,1,1,22.8
2026-09-19T23:05:00+05:30,2026-09-19 23:05:00,24.1,25.1,23.3,0,0,20.1,336,0,0,2.8,20,20.3,1278.5,95,0,0,26.8,79,29.2,1,336,0,1,1,22.8
2026-09-19T23:00:00+05:30,2026-09-19 23:00:00,24.1,25.1,23.3,0,0,20.1,333,0,0,2.8,20,20.3,1278.5,95,0,0,26.8,79,29.2,1,333,0,1,1,22.8
2026-09-19T22:55:00+05:30,2026-09-19 22:55:00,24.1,25,23.1,0,0,20.1,332,0,0,2.8,20,20.3,1278.5,94,0,0,26.8,78,29.1,1,332,0,1,1,22.6
2026-09-19T22:50:00+05:30,2026-09-19 22:50:00,24.2,25.2,23.2,0,0,20.1,332,0,0,2.8,20,20.3,1278.5,94,0,0,26.8,78,29.1,1,332,0,1,1,22.6
2026-09-19T22:45:00+05:30,2026-09-19 22:45:00,24.3,25.2,23.2,0,0,20.1,332,0,0,2.8,20,20.3,1278.5,94,0,0,26.8,78,29.1,1,332,0,1,1,22.6
2026-09-19T22:40:00+05:30,2026-09-19 22:40:00,24.4,25.3,23.4,0,0,20.1,331,0,0,2.8,20,20.3,1278.5,94,0,0,26.8,78,29.1,1,331,0,1,1,22.6
2026-09-19T22:35:00+05:30,2026-09-19 22:35:00,24.5,25.5,23.5,0,0,20.1,324,0,0,2.8,20,20.3,1278.5,94,0,0,26.9,78,29.3,1,324,0,1,1,22.7
2026-09-19T22:30:00+05:30,2026-09-19 22:30:00,24.4,25.3,23.2,0,0,20.1,333,0,0,2.8,20,20.3,1278.5,93,0,0,26.9,78,29.3,1,333,0,1,1,22.7
2026-09-19T22:25:00+05:30,2026-09-19 22:25:00,24.5,25.4,23.3,0,0,20.1,333,0,0,2.8,20,20.3,1278.5,93,0,0,26.9,78,29.3,1,333,0,1,1,22.7
2026-09-19T22:20:00+05:30,2026-09-19 22:20:00,24.5,25.4,23.3,0,0,20.1,325,0,0,2.8,20,20.3,1278.5,93,0,0,26.8,78,29.1,1,325,0,1,1,22.6
2026-09-19T22:15:00+05:30,2026-09-19 22:15:00,24.5,25.4,23.3,0,0,20.1,327,0,0,2.8,20,20.3,1278.5,93,0,0,26.9,78,29.3,1,327,0,1,1,22.7
2026-09-19T22:10:00+05:30,2026-09-19 22:10:00,24.5,25.4,23.1,0,0,20.1,325,0,0,2.8,20,20.3,1278.5,92,0,0,26.9,78,29.3,1,330,0,1,1,22.7
2026-09-19T22:05:00+05:30,2026-09-19 22:05:00,24.5,25.4,23.3,0,0,20.1,325,0,0,2.8,20,20.3,1278.5,93,0,0,26.9,78,29.3,1,336,0,1,1,22.7
2026-09-19T22:00:00+05:30,2026-09-19 22:00:00,24.5,25.4,23.3,0,0,20.1,336,0,0,2.8,20,20.3,1278.5,93,0,0,26.9,78,29.3,1,328,0,1,1,22.7
2026-09-19T21:55:00+05:30,2026-09-19 21:55:00,24.5,25.4,23.3,0,0,20.1,326,0,0,2.8,20,20.3,1278.5,93,0,0,26.9,78,29.3,1,326,0,1,1,22.7
2026-09-19T21:50:00+05:30,2026-09-19 21:50:00,24.5,25.4,23.3,0,0,20.1,328,0,0,2.8,20,20.3,1278.5,93,0,0,26.9,78,29.3,1,328,0,1,1,22.7
2026-09-19T21:45:00+05:30,2026-09-19 21:45:00,24.6,25.5,23.2,0,0,20.1,328,0,0,2.8,20,20.3,1278.5,92,0,0,26.9,78,29.3,1,328,0,1,1,22.7
2026-09-19T21:40:00+05:30,2026-09-19 21:40:00,24.6,25.5,23.2,0,0,20.1,328,0,0,2.8,20,20.3,1278.5,92,0,0,26.9,78,29.3,1,336,0,1,1,22.7
2026-09-19T21:35:00+05:30,2026-09-19 21:35:00,24.7,25.7,23.3,0,0,20.1,327,0,0,2.8,20,20.3,1278.5,92,0,0,26.9,78,29.3,1,336,0,1,1,22.7
2026-09-19T21:30:00+05:30,2026-09-19 21:30:00,24.6,25.5,23.2,0,0,20.1,347,0,0,2.8,20,20.3,1278.5,92,0,0,26.9,78,29.3,1,347,0,1,1,22.7
2026-09-19T21:25:00+05:30,2026-09-19 21:25:00,24.6,25.5,23.2,0,0,20.1,341,0,0,2.8,20,20.3,1278.5,92,0,0,26.9,78,29.3,1,341,0,1,1,22.7
2026-09-19T21:20:00+05:30,2026-09-19 21:20:00,24.7,25.6,23.1,0,0,20.1,341,0,0,2.8,20,20.3,1278.5,91,0,0,26.9,78,29.3,1,347,0,1,1,22.7
2026-09-19T21:15:00+05:30,2026-09-19 21:15:00,24.8,25.7,23.2,0,0,20.1,342,0,0,2.8,20,20.3,1278.5,91,0,0,26.9,78,29.3,1,327,0,1,1,22.7
2026-09-19T21:10:00+05:30,2026-09-19 21:10:00,24.9,25.8,23.3,0,0,20.1,327,0,0,2.8,20,20.3,1278.5,91,0,0,27,78,29.6,1,327,0,1,1,22.8
2026-09-19T21:05:00+05:30,2026-09-19 21:05:00,25,25.9,23.4,0,0,20.1,325,0,0,2.8,20,20.3,1278.5,91,0,0,27,78,29.6,1,325,0,1,1,22.8
2026-09-19T21:00:00+05:30,2026-09-19 21:00:00,25,25.9,23.2,0,0,20.1,323,0,0,2.8,20,20.3,1278.5,90,0,0,27,78,29.6,1,342,0,1,1,22.8
2026-09-19T20:55:00+05:30,2026-09-19 20:55:00,25,25.9,23.2,0,0,20.1,342,0,0,2.8,20,20.3,1278.5,90,0,0,27,78,29.6,1,309,0,1,1,22.8
2026-09-19T20:50:00+05:30,2026-09-19 20:50:00,25.1,26,23.4,0,0,20.1,312,0,0,2.8,20,20.3,1278.5,90,0,0,27,78,29.6,1,303,0,1,1,22.8
2026-09-19T20:45:00+05:30,2026-09-19 20:45:00,25.1,26,23.2,0,0,20.1,309,0,0,2.8,20,20.3,1278.5,89,0,0,27,78,29.6,1,313,0,1,1,22.8
2026-09-19T20:40:00+05:30,2026-09-19 20:40:00,25.1,26,23.4,0,0,20.1,313,0,0,2.8,20,20.3,1278.5,90,0,0,27,78,29.6,1,305,0,1,1,22.8
2026-09-19T20:35:00+05:30,2026-09-19 20:35:00,25,25.9,23.2,0,1.8,20.1,312,0,0,2.8,20,20.3,1278.5,90,0,0,27,78,29.6,1,269,0,1,1,22.8
2026-09-19T20:30:00+05:30,2026-09-19 20:30:00,25,25.9,23.4,0,0,20.1,334,0,0,2.8,20,20.3,1278.5,91,0,0,27,78,29.6,1,275,0,1,1,22.8
2026-09-19T20:25:00+05:30,2026-09-19 20:25:00,25,25.9,23.4,0,0,20.1,275,0,0,2.8,20,20.3,1278.5,91,0,0,27,78,29.6,1,275,0,1,1,22.8
2026-09-19T20:20:00+05:30,2026-09-19 20:20:00,25,25.9,23.4,0,0,20.1,274,0,0,2.8,20,20.3,1278.5,91,0,0,27,78,29.6,1,274,0,1,1,22.8
2026-09-19T20:15:00+05:30,2026-09-19 20:15:00,25,25.9,23.4,0,0,20.1,274,0,0,2.8,20,20.3,1278.5,91,0,0,27,78,29.6,1,338,0,1,1,22.8
2026-09-19T20:10:00+05:30,2026-09-19 20:10:00,24.9,25.8,23.3,0,0,20.1,80,0,0,2.8,20,20.3,1278.5,91,0,0,27,78,29.6,1,345,0,1,1,22.8
2026-09-19T20:05:00+05:30,2026-09-19 20:05:00,24.9,25.8,23.3,0,0,20.1,336,0,0,2.8,20,20.3,1278.5,91,0,0,27,78,29.6,1,336,0,1,1,22.8
2026-09-19T20:00:00+05:30,2026-09-19 20:00:00,24.9,25.8,23.3,0,0,20.1,338,0,0,2.8,20,20.3,1278.5,91,0,0,27,78,29.6,1,332,0,1,1,22.8
2026-09-19T19:55:00+05:30,2026-09-19 19:55:00,24.9,25.8,23.3,0,0,20.1,333,0,0,2.8,20,20.3,1278.5,91,0,0,27.1,78,29.8,1,332,0,1,1,22.9
2026-09-19T19:50:00+05:30,2026-09-19 19:50:00,25,25.9,23.4,0,0,20.1,315,0,0,2.8,20,20.3,1278.5,91,0,0,27.1,78,29.8,1,345,0,1,1,22.9
2026-09-19T19:45:00+05:30,2026-09-19 19:45:00,25,25.9,23.2,0,0,20.1,345,0,0,2.8,20,20.3,1278.5,90,0,0,27.1,78,29.8,1,261,0,1,1,22.9
2026-09-19T19:40:00+05:30,2026-09-19 19:40:00,24.9,25.8,23.3,0,0,20.1,297,0,0,2.8,20,20.3,1278.5,91,0,0,27.1,78,29.8,1,297,0,1,1,22.9
2026-09-19T19:35:00+05:30,2026-09-19 19:35:00,25,25.9,23.2,0,0,20.1,4,0,0,2.8,20,20.3,1278.5,90,0,0,27.1,77,29.7,1,293,0,1,1,22.7
2026-09-19T19:30:00+05:30,2026-09-19 19:30:00,24.8,25.7,23.2,0,0,20.1,299,0,0,2.8,20,20.3,1278.5,91,0,0,27.2,77,29.9,1,313,0,1,1,22.8
2026-09-19T19:25:00+05:30,2026-09-19 19:25:00,24.9,25.8,23.3,0,0,20.1,321,0,0,2.8,20,20.3,1278.5,91,0,0,27.1,77,29.7,1,321,0,1,1,22.7
2026-09-19T19:20:00+05:30,2026-09-19 19:20:00,24.9,25.8,23.3,0,0,20.1,320,0,0,2.8,20,20.3,1278.5,91,0,0,27.2,77,29.9,1,338,0,1,1,22.8
2026-09-19T19:15:00+05:30,2026-09-19 19:15:00,24.9,25.8,23.3,0,0,20.1,338,0,0,2.8,20,20.3,1278.5,91,0,0,27.2,77,29.9,1,338,0,1,1,22.8
2026-09-19T19:10:00+05:30,2026-09-19 19:10:00,25,25.9,23.4,0,0,20.1,339,0,0,2.8,20,20.3,1278.5,91,0,0,27.2,77,29.9,1,339,0,1,1,22.8
2026-09-19T19:05:00+05:30,2026-09-19 19:05:00,25,25.9,23.2,0,0,20.1,331,0,0,2.8,20,20.3,1278.5,90,0,0,27.2,77,29.9,1,317,0,1,1,22.8
2026-09-19T19:00:00+05:30,2026-09-19 19:00:00,25.1,26,23.4,0,0,20.1,317,0,0,2.8,20,20.3,1278.5,90,0,0,27.3,77,30.1,1,312,0,1,1,22.9
2026-09-19T18:55:00+05:30,2026-09-19 18:55:00,25.1,26,23.4,0,3.5,20.1,286,0,0,2.8,20,20.3,1278.5,90,0,0,27.3,77,30.1,1,294,0,1,1,22.9
2026-09-19T18:50:00+05:30,2026-09-19 18:50:00,25.1,26,23.4,0,0,20.1,308,0,0,2.8,20,20.3,1278.5,90,0,0,27.3,77,30.1,1,301,0,1,1,22.9
2026-09-19T18:45:00+05:30,2026-09-19 18:45:00,25.2,26.2,23.5,0.6,5.5,20.1,297,0,0,2.8,20,20.3,1278.5,90,0,0,27.3,77,30.1,1,130,0,1,1,22.9
2026-09-19T18:40:00+05:30,2026-09-19 18:40:00,25.2,26.2,23.5,0,0,20.1,130,0,0,2.8,20,20.3,1278.5,90,0,0,27.3,77,30.1,1,130,0,1,1,22.9
2026-09-19T18:35:00+05:30,2026-09-19 18:35:00,25.2,26.2,23.5,0,0,20.1,131,0,0,2.8,20,20.3,1278.5,90,0,0,27.3,77,30.1,1,131,0,1,1,22.9
2026-09-19T18:30:00+05:30,2026-09-19 18:30:00,25.2,26.2,23.5,0,0,20.1,131,0,0,2.8,20,20.3,1278.5,90,0,0,27.3,77,30.1,1,131,0,1,1,22.9
2026-09-19T18:25:00+05:30,2026-09-19 18:25:00,25.3,26.2,23.3,0.3,1.8,20.1,208,0,0,2.8,20,20.3,1278.5,89,0,0,27.4,77,30.3,1,310,0,1,1,23
2026-09-19T18:20:00+05:30,2026-09-19 18:20:00,25.3,26.2,23.3,0,1.8,20.1,312,0,0,2.8,20,20.3,1278.5,89,0,0,27.4,77,30.3,1,290,0.3,1,1,23
2026-09-19T18:15:00+05:30,2026-09-19 18:15:00,25.4,26.3,23.3,2.1,7.2,20.1,283,0,0,2.8,20,20.3,1278.5,88,0,0.1,27.4,77,30.3,1,290,0.3,1,1,23
2026-09-19T18:10:00+05:30,2026-09-19 18:10:00,25.5,26.4,23.4,0,0,20.1,288,0,0,2.8,20,20.3,1278.5,88,0,0.3,27.4,77,30.3,1,293,0,1,1,23
2026-09-19T18:05:00+05:30,2026-09-19 18:05:00,25.5,26.4,23.4,0,3.5,20.1,285,0,0,2.8,20,20.3,1278.5,88,0,0.7,27.5,77,30.5,1,304,0,1,1,23.1
2026-09-19T18:00:00+05:30,2026-09-19 18:00:00,25.6,26.5,23.5,0,1.8,20.1,304,0,0,2.8,20,20.3,1278.5,88,0,1.5,27.5,77,30.5,1,282,0.3,1,1,23.1
2026-09-19T17:55:00+05:30,2026-09-19 17:55:00,25.7,26.6,23.4,0,0,20.1,287,0,0,2.8,20,20.3,1278.5,87,0,2,27.5,76,30.4,1,282,0,1,1,22.9
2026-09-19T17:50:00+05:30,2026-09-19 17:50:00,25.7,26.6,23.4,0.3,1.8,20.1,288,0,0,2.8,20,20.3,1278.5,87,0,2.9,27.5,76,30.4,1,282,0.6,1,1,22.9
2026-09-19T17:45:00+05:30,2026-09-19 17:45:00,25.8,26.7,23.3,0.3,5.5,20.1,266,0,0,2.8,20,20.3,1278.5,86,0,4.1,27.6,76,30.7,1,277,2.9,1,1,23
2026-09-19T17:40:00+05:30,2026-09-19 17:40:00,25.9,26.8,23.2,10.5,13,20.1,281,0,0,2.8,20,20.3,1278.5,85,0,5.9,27.6,76,30.7,1,303,3.5,1,1,23
2026-09-19T17:35:00+05:30,2026-09-19 17:35:00,26.1,27,23.2,4,13,20.1,300,0,0,2.8,20,20.3,1278.5,84,0,8.4,27.7,76,30.9,1,294,3.5,1,1,23.1
2026-09-19T17:30:00+05:30,2026-09-19 17:30:00,26.2,27.1,23.1,0.6,9.3,20.1,285,0,0,2.8,20,20.3,1278.5,83,0,11.1,27.7,76,30.9,1,263,3.5,1,1,23.1
2026-09-19T17:25:00+05:30,2026-09-19 17:25:00,26.7,29.3,23.4,6.9,13,20.1,215,0,0,2.8,20,20.3,1278.5,82,0,11.4,27.8,76,31,1,287,2.1,1,1,23.2
2026-09-19T17:20:00+05:30,2026-09-19 17:20:00,27,30.1,24.1,0,3.5,20.1,287,0,0,2.8,20,20.3,1278.5,84,0,11.3,27.8,76,31,1,282,1.4,1,1,23.2
2026-09-19T17:15:00+05:30,2026-09-19 17:15:00,27.1,30.3,24,1.4,3.5,20.1,290,0,0,2.8,20,20.3,1278.5,83,0,10.8,27.8,76,31,1,282,2.9,1,1,23.2
2026-09-19T17:10:00+05:30,2026-09-19 17:10:00,27.3,30.6,23.9,5.5,7.2,20.1,321,0,0,2.8,20,20.3,1278.5,82,0,27.8,27.8,76,31,1,287,0,1,1,23.2
2026-09-19T17:05:00+05:30,2026-09-19 17:05:00,27.4,30.9,24,0,0,20.1,282,0,0,2.8,20,20.3,1278.5,82,0,36.8,27.9,76,31.3,1,281,0.3,1,1,23.3
2026-09-19T17:00:00+05:30,2026-09-19 17:00:00,27.4,30.9,24,1.8,11.1,20.1,279,0,0,2.8,20,20.3,1278.5,82,0,46.7,27.9,76,31.3,1,279,2.1,1,1,23.3
2026-09-19T16:55:00+05:30,2026-09-19 16:55:00,27.4,30.7,23.8,1.1,11.1,20.1,261,0,0,2.8,20,20.3,1278.5,81,0,53.4,27.9,76,31.3,1,261,2.9,1,1,23.3
2026-09-19T16:50:00+05:30,2026-09-19 16:50:00,27.6,31.3,24,5.5,13,20.1,252,0,0,2.8,20,20.3,1278.5,81,0,62.7,27.9,76,31.3,1,292,2.6,1,1,23.3
2026-09-19T16:45:00+05:30,2026-09-19 16:45:00,27.8,31.4,23.8,4.3,5.5,20.1,307,0,0,2.8,20,20.3,1278.5,79,0,74,27.9,76,31.3,1,295,2.6,1,1,23.3
2026-09-19T16:40:00+05:30,2026-09-19 16:40:00,27.7,31.3,23.7,2.6,3.5,20.1,240,0,0,2.8,20,20.3,1278.5,79,0,87.5,28,76,31.5,1,287,2.6,1,1,23.4
2026-09-19T16:35:00+05:30,2026-09-19 16:35:00,27.8,31.4,23.8,0,0,20.1,305,0,0,2.8,20,20.3,1278.5,79,1,106.2,28,76,31.5,1,287,3.5,1,1,23.4
2026-09-19T16:30:00+05:30,2026-09-19 16:30:00,28,32.1,24.2,3.5,13,20.1,278,0,0,2.8,20,20.3,1278.5,80,1,123,28,76,31.5,1,314,3.2,1,1,23.4
2026-09-19T16:25:00+05:30,2026-09-19 16:25:00,28.1,32.2,24.1,5.8,7.2,20.1,276,0,0,2.8,20,20.3,1278.5,79,1,146.4,28,76,31.5,1,290,2.1,1,1,23.4
2026-09-19T16:20:00+05:30,2026-09-19 16:20:00,27.9,31.7,23.9,1.8,7.2,20.1,290,0,0,2.8,20,20.3,1278.5,79,1,153.3,28,76,31.5,1,345,2.9,1,1,23.4
2026-09-19T16:15:00+05:30,2026-09-19 16:15:00,27.9,31.7,23.9,1.1,13,20.1,265,0,0,2.8,20,20.3,1278.5,79,1,141.7,28.1,76,31.8,1,287,4,1,1,23.4
2026-09-19T16:10:00+05:30,2026-09-19 16:10:00,27.7,31.4,23.9,0.3,9.3,20.1,284,0,0,2.8,20,20.3,1278.5,80,1,140,28.1,76,31.8,1,284,4.7,1,1,23.4
2026-09-19T16:05:00+05:30,2026-09-19 16:05:00,27.8,31.4,23.8,1.8,5.5,20.1,306,0,0,2.8,20,20.3,1278.5,79,1,133.5,28.1,76,31.8,1,291,6.1,1,1,23.4
2026-09-19T16:00:00+05:30,2026-09-19 16:00:00,28,31.8,23.8,5.8,13,20.1,297,0,0,2.8,20,20.3,1278.5,78,1,143,28.1,76,31.8,1,294,6.1,1,1,23.4
2026-09-19T15:55:00+05:30,2026-09-19 15:55:00,28.1,32.1,23.9,6.1,14.8,20.1,276,0,0,2.8,20,20.3,1278.5,78,1,152.3,28.2,76,32,1,276,6.1,1,1,23.6
2026-09-19T15:50:00+05:30,2026-09-19 15:50:00,29.3,34.6,24.6,10.8,20.1,20.1,26,0,0,2.8,20,20.3,1278.5,76,1,136.6,28.2,77,32.2,1,288,3.5,1,1,23.8
2026-09-19T15:45:00+05:30,2026-09-19 15:45:00,28.9,33.8,24.4,0,3.5,16.6,321,0,0,2.8,20,20.3,1278.5,77,2,225.3,28.2,77,32.2,1,283,6.4,1,1,23.8
2026-09-19T15:40:00+05:30,2026-09-19 15:40:00,28.5,33.2,24.5,7.2,16.6,16.6,298,0,0,2.8,20,20.3,1278.5,79,3,340.1,28.2,77,32.2,1,280,6.4,1,1,23.8
2026-09-19T15:35:00+05:30,2026-09-19 15:35:00,28.6,33.1,24.2,6.4,11.1,14.8,274,0,0,2.8,20,20.3,1278.5,77,2,217.6,28.1,77,31.9,1,283,4.3,1,1,23.7
2026-09-19T15:30:00+05:30,2026-09-19 15:30:00,28.9,33.8,24.4,7.9,13,14.8,285,0,0,2.8,20,20.3,1278.5,77,1,188.7,28.1,77,31.9,1,285,4.3,1,1,23.7
2026-09-19T15:25:00+05:30,2026-09-19 15:25:00,29.1,34.2,24.4,8.7,13,14.8,300,0,0,2.8,20,20.3,1278.5,76,2,261.6,28.1,77,31.9,1,293,5.8,1,1,23.7
2026-09-19T15:21:00+05:30,2026-09-19 15:21:00,29.3,34.6,24.6,1.1,5.5,14.8,354,0,0,2.8,20,20.3,1278.5,76,2,282.6,28.1,77,31.9,1,256,10.5,1,1,23.7
2026-09-19T15:19:00+05:30,2026-09-19 15:19:00,29.5,35.2,24.8,2.9,14.8,14.8,288,0,0,2.8,20,20.3,1278.5,76,2,234.9,28.1,77,31.9,1,256,10.5,1,1,23.7
2026-09-19T14:05:00+05:30,2026-09-19 14:05:00,28.3,33.2,24.9,2.1,7.2,11.1,312,0,0,2.8,20,20.3,1278.5,82,4,500.7,27.9,77,31.4,1,303,1.4,1,1,23.5
2026-09-19T14:00:00+05:30,2026-09-19 14:00:00,28.9,34.9,25.5,2.9,9.3,9.3,275,0,0,2.8,20,20.3,1278.5,82,1,194.5,27.8,77,31.1,1,243,0.6,1,1,23.4
2026-09-19T13:55:00+05:30,2026-09-19 13:55:00,28.3,33.5,25.3,0,1.8,1.8,33,0,0,2.8,20,20.3,1278.5,84,4,415,27.8,76,31,1,243,0.6,1,1,23.2
2026-09-19T13:50:00+05:30,2026-09-19 13:50:00,27.6,31.5,24.5,6.4,9.3,27.7,288,0,2.8,2.8,20,20.3,1278.5,83,6,652.1,27.8,76,31,1,307,1.4,1,1,23.2
2026-09-19T13:45:00+05:30,2026-09-19 13:45:00,27.1,30.5,24.4,2.1,5.5,27.7,286,0,2.8,2.8,20,20.3,1278.5,85,6,655.6,27.8,76,31,1,286,0,1,1,23.2
2026-09-19T13:40:00+05:30,2026-09-19 13:40:00,25.9,26.8,23.6,0,0,27.7,286,0,2.8,2.8,20,20.3,1278.5,87,6,711.7,27.7,76,30.9,1,286,0,1,1,23.1
2026-09-19T13:35:00+05:30,2026-09-19 13:35:00,25.2,26.2,23.8,0,0,27.7,285,0,2.8,2.8,20,20.3,1278.5,92,7,768.4,27.7,76,30.9,1,294,0,1,1,23.1
2026-09-19T13:30:00+05:30,2026-09-19 13:30:00,24.2,25.2,23.4,0,3.5,27.7,296,0,2.8,2.8,20,20.3,1278.5,95,7,789.5,27.7,76,30.9,1,327,0,1,1,23.1
2026-09-19T13:25:00+05:30,2026-09-19 13:25:00,24.1,25.1,23.3,0,0,27.7,336,1.8,2.8,2.8,20,20.3,1278.5,95,5,534.5,27.8,75,30.9,1,337,0,1,1,22.9
2026-09-19T13:20:00+05:30,2026-09-19 13:20:00,23.6,24.5,22.8,0,0,27.7,307,4.8,2.8,2.8,20,20.3,1278.5,95,2,214,27.9,75,31.1,1,302,4.7,1,1,23.1
2026-09-19T13:15:00+05:30,2026-09-19 13:15:00,23.7,24.6,22.7,3.5,11.1,27.7,274,9,2.5,2.5,19.7,20,1278.2,94,1,168.3,28,75,31.3,1,266,7.2,1,1,23.2
2026-09-19T13:10:00+05:30,2026-09-19 13:10:00,24.2,25.1,22.8,8.7,18.3,27.7,300,12,2,2,19.2,19.5,1277.7,92,1,119.7,28.1,75,31.6,1,337,8.7,1,1,23.3
2026-09-19T13:05:00+05:30,2026-09-19 13:05:00,25.9,26.8,23.6,5,13,27.7,294,1.8,0.3,0.3,17.5,17.8,1276,87,1,104.5,28.2,75,31.8,1,242,11.6,1,1,23.3
2026-09-19T13:00:00+05:30,2026-09-19 13:00:00,28.2,32.2,23.8,15.1,25.6,27.7,285,0,0,0,17.2,17.5,1275.7,77,1,118.5,28.3,75,32,1,289,7.6,1,1,23.4
2026-09-19T12:55:00+05:30,2026-09-19 12:55:00,30.8,36.2,23.9,4.3,18.3,21.9,1,0,0,0,17.2,17.5,1275.7,67,3,339.9,28.2,75,31.8,1,308,5.5,1,1,23.3
2026-09-19T12:50:00+05:30,2026-09-19 12:50:00,30.7,35.5,23.4,5.8,9.3,21.9,274,0,0,0,17.2,17.5,1275.7,65,8,880.9,28.2,76,32,1,330,4.7,1,1,23.6
2026-09-19T12:45:00+05:30,2026-09-19 12:45:00,29.8,34.3,23.5,4.7,7.2,21.9,272,0,0,0,17.2,17.5,1275.7,69,8,881.3,28.2,76,32,1,272,5,1,1,23.6
2026-09-19T12:40:00+05:30,2026-09-19 12:40:00,29.9,34.3,23.3,17.2,21.9,21.9,282,0,0,0,17.2,17.5,1275.7,68,1,193,28.1,76,31.8,1,282,5,1,1,23.4
2026-09-19T12:35:00+05:30,2026-09-19 12:35:00,30.6,36.6,24.5,1.1,7.2,18.3,283,0,0,0,17.2,17.5,1275.7,70,1,172,28.1,76,31.8,1,283,5,1,1,23.4
2026-09-19T12:30:00+05:30,2026-09-19 12:30:00,31,37.3,24.6,7.2,16.6,18.3,281,0,0,0,17.2,17.5,1275.7,69,2,262.2,28.1,76,31.8,1,278,4.7,1,1,23.4
2026-09-19T12:25:00+05:30,2026-09-19 12:25:00,30.8,36.2,23.9,1.4,13,13,221,0,0,0,17.2,17.5,1275.7,67,9,950.1,28.1,76,31.8,1,299,3.5,1,1,23.4
2026-09-19T12:20:00+05:30,2026-09-19 12:20:00,30.8,36.4,24.2,2.1,13,13,346,0,0,0,17.2,17.5,1275.7,68,8,858.7,28,77,31.7,1,291,4,1,1,23.6
2026-09-19T12:15:00+05:30,2026-09-19 12:15:00,30,34.8,23.7,2.9,7.2,13,293,0,0,0,17.2,17.5,1275.7,69,8,906.1,28,77,31.7,1,288,6.1,1,1,23.6
2026-09-19T12:10:00+05:30,2026-09-19 12:10:00,29.9,35,24,2.1,9.3,11.1,284,0,0,0,17.2,17.5,1275.7,71,8,919.6,27.9,77,31.4,1,284,9.7,1,1,23.5
2026-09-19T12:05:00+05:30,2026-09-19 12:05:00,30,34.8,23.7,0,5.5,14.8,296,0,0,0,17.2,17.5,1275.7,69,2,235.3,27.9,77,31.4,1,296,4,1,1,23.5
2026-09-19T12:00:00+05:30,2026-09-19 12:00:00,29.9,34.8,23.8,8.7,9.3,14.8,278,0,0,0,17.2,17.5,1275.7,70,8,841.1,27.8,77,31.1,1,301,4,1,1,23.4
2026-09-19T11:55:00+05:30,2026-09-19 11:55:00,30.3,35.7,24.2,4.3,7.2,14.8,301,0,0,0,17.2,17.5,1275.7,70,1,165.8,27.8,78,31.3,1,275,3.5,1,1,23.6
2026-09-19T11:50:00+05:30,2026-09-19 11:50:00,30.7,36.6,24.4,3.5,3.5,14.8,271,0,0,0,17.2,17.5,1275.7,69,8,916,27.7,78,31.2,1,295,1.1,1,1,23.5
2026-09-19T11:45:00+05:30,2026-09-19 11:45:00,31.4,38,24.8,0,3.5,14.8,294,0,0,0,17.2,17.5,1275.7,68,1,192.9,27.6,78,30.9,1,295,0.6,1,1,23.4
2026-09-19T11:40:00+05:30,2026-09-19 11:40:00,30.7,37.1,24.8,0,1.8,14.8,294,0,0,0,17.2,17.5,1275.7,71,8,875.5,27.6,78,30.9,1,294,1.1,1,1,23.4
2026-09-19T11:35:00+05:30,2026-09-19 11:35:00,30,35.5,24.4,0.3,3.5,14.8,297,0,0,0,17.2,17.5,1275.7,72,8,882.2,27.5,78,30.7,1,294,2.9,1,1,23.3
2026-09-19T11:30:00+05:30,2026-09-19 11:30:00,29.7,34.8,24.1,2.9,13,14.8,289,0,0,0,17.2,17.5,1275.7,72,8,830.9,27.4,78,30.4,1,289,2.9,1,1,23.2
2026-09-19T11:25:00+05:30,2026-09-19 11:25:00,30.1,35.8,24.5,0,5.5,14.8,300,0,0,0,17.2,17.5,1275.7,72,4,467.3,27.4,78,30.4,1,293,1.4,1,1,23.2
2026-09-19T11:20:00+05:30,2026-09-19 11:20:00,29.2,34,24.1,1.1,1.8,14.8,299,0,0,0,17.2,17.5,1275.7,74,8,895,27.3,78,30.2,1,298,2.6,1,1,23.1
2026-09-19T11:15:00+05:30,2026-09-19 11:15:00,29.3,34.2,24.2,9.3,14.8,14.8,289,0,0,0,17.2,17.5,1275.7,74,7,768.1,27.2,79,30.1,1,287,3.5,1,1,23.3
2026-09-19T11:10:00+05:30,2026-09-19 11:10:00,28.5,32.7,23.8,5,11.1,13,310,0,0,0,17.2,17.5,1275.7,76,9,935.4,27.2,79,30.1,1,287,3.5,1,1,23.3
2026-09-19T11:05:00+05:30,2026-09-19 11:05:00,28.4,32.7,24.2,2.1,7.2,13,284,0,0,0,17.2,17.5,1275.7,78,4,481.8,27.1,79,29.9,1,237,4,1,1,23.2
2026-09-19T11:00:00+05:30,2026-09-19 11:00:00,28.1,32.1,23.9,7.9,13,13,267,0,0,0,17.2,17.5,1275.7,78,5,565.7,27,79,29.7,1,286,3.5,1,1,23.1
2026-09-19T10:55:00+05:30,2026-09-19 10:55:00,28.1,32.2,24.1,2.1,9.3,13,272,0,0,0,17.2,17.5,1275.7,79,6,653.5,27,79,29.7,1,281,5.5,1,1,23.1
2026-09-19T10:50:00+05:30,2026-09-19 10:50:00,28,31.8,23.8,5.8,11.1,13,276,0,0,0,17.2,17.5,1275.7,78,2,277.6,26.9,79,29.4,1,276,5.5,1,1,22.9
2026-09-19T10:45:00+05:30,2026-09-19 10:45:00,28.6,32.9,24,6.4,7.2,11.1,299,0,0,0,17.2,17.5,1275.7,76,5,594.4,26.9,79,29.4,1,287,3.5,1,1,22.9
2026-09-19T10:40:00+05:30,2026-09-19 10:40:00,28.2,32.3,24,1.1,1.8,11.1,288,0,0,0,17.2,17.5,1275.7,78,5,550.2,26.9,79,29.4,1,284,1.8,1,1,22.9
2026-09-19T10:35:00+05:30,2026-09-19 10:35:00,28.4,32.6,24,6.4,9.3,11.1,275,0,0,0,17.2,17.5,1275.7,77,3,357.5,26.8,79,29.2,1,284,1.8,1,1,22.8
2026-09-19T10:30:00+05:30,2026-09-19 10:30:00,28.4,32.6,24,0.3,1.8,11.1,292,0,0,0,17.2,17.5,1275.7,77,3,336.6,26.8,79,29.2,1,292,0.3,1,1,22.8
2026-09-19T10:25:00+05:30,2026-09-19 10:25:00,28.7,33.4,24.3,4,9.3,11.1,330,0,0,0,17.2,17.5,1275.7,77,3,397.3,26.7,79,29.1,1,235,0,1,1,22.8
2026-09-19T10:20:00+05:30,2026-09-19 10:20:00,28,31.9,24,0,0,11.1,236,0,0,0,17.2,17.5,1275.7,79,3,332.5,26.6,79,27.4,1,236,0,1,1,22.7
2026-09-19T10:15:00+05:30,2026-09-19 10:15:00,27.6,31.1,23.8,1.8,5.5,11.1,313,0,0,0,17.2,17.5,1275.7,80,2,284.4,26.6,79,27.4,1,282,2.1,1,1,22.7
2026-09-19T10:10:00+05:30,2026-09-19 10:10:00,27.3,30.6,23.9,2.1,7.2,11.1,274,0,0,0,17.2,17.5,1275.7,82,2,304.5,26.6,79,27.4,1,291,4,1,1,22.7
2026-09-19T10:05:00+05:30,2026-09-19 10:05:00,27.2,30.3,23.7,8.2,9.3,11.1,279,0,0,0,17.2,17.5,1275.7,81,2,304,26.6,79,27.4,1,282,3.5,1,1,22.7
2026-09-19T10:00:00+05:30,2026-09-19 10:00:00,27.4,30.7,23.8,2.1,5.5,11.1,303,0,0,0,17.2,17.5,1275.7,81,0,88.3,26.6,79,27.4,1,291,1.8,1,1,22.7
2026-09-19T09:55:00+05:30,2026-09-19 09:55:00,27.8,31.6,24,0.3,9.3,11.1,285,0,0,0,17.2,17.5,1275.7,80,1,186.3,26.5,80,27.3,1,285,1.4,1,1,22.8
2026-09-19T09:50:00+05:30,2026-09-19 09:50:00,27.8,31.7,24.2,0,0,11.1,277,0,0,0,17.2,17.5,1275.7,81,1,174.6,26.5,80,27.3,1,277,2.1,1,1,22.8
2026-09-19T09:45:00+05:30,2026-09-19 09:45:00,27.5,30.9,23.7,7.6,11.1,11.1,281,0,0,0,17.2,17.5,1275.7,80,7,758.7,26.4,79,27.2,1,280,0.6,1,1,22.4
2026-09-19T09:40:00+05:30,2026-09-19 09:40:00,27.4,30.7,23.8,0,5.5,11.1,284,0,0,0,17.2,17.5,1275.7,81,1,163.6,26.4,80,27.2,1,284,2.1,1,1,22.7
2026-09-19T09:35:00+05:30,2026-09-19 09:35:00,27.2,30.3,23.7,0.3,11.1,11.1,238,0,0,0,17.2,17.5,1275.7,81,2,253.3,26.4,80,27.2,1,278,2.1,1,1,22.7
2026-09-19T09:30:00+05:30,2026-09-19 09:30:00,27.7,31.4,23.9,7.2,9.3,9.3,305,0,0,0,17.2,17.5,1275.7,80,1,154,26.3,80,27.1,1,279,1.4,1,1,22.6
2026-09-19T09:25:00+05:30,2026-09-19 09:25:00,27.7,31.4,23.9,0.3,3.5,9.3,216,0,0,0,17.2,17.5,1275.7,80,1,190.6,26.3,80,27.1,1,279,0,1,1,22.6
2026-09-19T09:22:00+05:30,2026-09-19 09:22:00,27.9,31.7,23.9,4,5.5,9.3,285,0,0,0,17.2,17.5,1275.7,79,6,671.8,26.3,80,27.1,1,272,0,1,1,22.6
2026-09-19T09:10:00+05:30,2026-09-19 09:10:00,27.7,31.4,23.9,0,0,13,272,0,1.3,0,17.2,17.5,1275.7,80,1,105,26.2,80,27,1,272,0.3,1,1,22.5
2026-09-19T09:05:00+05:30,2026-09-19 09:05:00,27.2,30.3,23.7,1.8,3.5,13,271,0,1.3,0,17.2,17.5,1275.7,81,3,314.6,26.2,80,27,1,271,2.6,1,1,22.5
2026-09-19T09:00:00+05:30,2026-09-19 09:00:00,27.1,30.2,23.8,5.8,7.2,13,301,0,1.3,0,17.2,17.5,1275.7,82,1,154,26.2,80,27,1,289,1.4,1,1,22.5
2026-09-19T08:55:00+05:30,2026-09-19 08:55:00,27.6,31.3,24,3.2,3.5,13,216,0,1.3,0,17.2,17.5,1275.7,81,1,153.9,26.1,80,26.9,1,281,0,1,1,22.4
2026-09-19T08:50:00+05:30,2026-09-19 08:50:00,27.5,30.9,23.7,0,0,13,281,0,1.3,0,17.2,17.5,1275.7,80,1,143.6,26.1,80,26.9,1,281,0,1,1,22.4
2026-09-19T08:45:00+05:30,2026-09-19 08:45:00,28,31.8,23.8,5,7.2,13,298,0,1.3,0,17.2,17.5,1275.7,78,1,199,26,80,26.7,1,322,0,1,1,22.3
2026-09-19T08:40:00+05:30,2026-09-19 08:40:00,27.2,30.5,23.9,0,0,13,322,0,1.3,0,17.2,17.5,1275.7,82,1,176,26,80,26.7,1,322,0,1,1,22.3
2026-09-19T08:35:00+05:30,2026-09-19 08:35:00,26.7,29.4,23.6,0,0,13,322,0,1.3,0,17.2,17.5,1275.7,83,1,171.3,26,80,26.7,1,322,0,1,1,22.3
2026-09-19T08:30:00+05:30,2026-09-19 08:30:00,26.5,27.4,23.6,0,0,13,327,0,1.3,0,17.2,17.5,1275.7,84,1,143.9,26,80,26.7,1,327,0,1,1,22.3
2026-09-19T08:25:00+05:30,2026-09-19 08:25:00,26,26.8,23.1,0,1.8,13,327,0,1.3,0,17.2,17.5,1275.7,84,3,405.1,25.9,80,26.6,1,327,0,1,1,22.2
2026-09-19T08:20:00+05:30,2026-09-19 08:20:00,25.8,26.7,23.3,0,9.3,13,283,0,1.3,0,17.2,17.5,1275.7,86,1,173.5,25.9,80,26.6,1,332,0,1,1,22.2
2026-09-19T08:15:00+05:30,2026-09-19 08:15:00,26,26.9,23.5,0,1.8,1.8,332,0,1.3,0,17.2,17.5,1275.7,86,2,225.5,25.9,80,26.6,1,332,0,1,1,22.2
2026-09-19T08:10:00+05:30,2026-09-19 08:10:00,25.9,26.8,23.4,0,0,1.8,333,0,1.3,0,17.2,17.5,1275.7,86,2,297,25.9,80,26.6,1,332,0,1,1,22.2
2026-09-19T08:05:00+05:30,2026-09-19 08:05:00,25.7,26.6,23.4,0,0,0,335,0,1.3,0,17.2,17.5,1275.7,87,1,141.2,25.9,80,26.6,1,339,0,1,1,22.2
2026-09-19T08:00:00+05:30,2026-09-19 08:00:00,25.6,26.5,23.5,0,0,0,330,0,1.3,0,17.2,17.5,1275.7,88,1,141.8,25.8,80,26.5,1,347,0,1,1,22.1
2026-09-19T07:55:00+05:30,2026-09-19 07:55:00,25.5,26.4,23.2,0,0,0,347,0,1.3,0,17.2,17.5,1275.7,87,0,81.5,25.8,80,26.5,1,347,0,1,1,22.1
2026-09-19T07:50:00+05:30,2026-09-19 07:50:00,25.2,26.1,23.1,0,0,0,347,0,1.3,0,17.2,17.5,1275.7,88,1,123,25.8,80,26.5,1,347,0,1,1,22.1
2026-09-19T07:45:00+05:30,2026-09-19 07:45:00,24.8,25.7,23.2,0,0,0,320,0,1.3,0,17.2,17.5,1275.7,91,1,157.7,25.8,80,26.5,1,340,0,1,1,22.1
2026-09-19T07:41:00+05:30,2026-09-19 07:41:00,24.7,25.6,23.1,0,0,0,340,0,1.3,0,17.2,17.5,1275.7,91,0,86,25.8,80,26.5,1,340,0,1,1,22.1
2026-09-19T07:35:00+05:30,2026-09-19 07:35:00,24.3,25.2,23.1,0,0,0,350,0,1.3,0,17.2,17.5,1275.7,93,1,128.8,25.8,80,26.5,1,334,0,1,1,22.1
2026-09-19T07:30:00+05:30,2026-09-19 07:30:00,24.1,25,23.1,0,0,0,332,0,1.3,0,17.2,17.5,1275.7,94,1,107.4,25.8,80,26.5,1,332,0,1,1,22.1
2026-09-19T07:25:00+05:30,2026-09-19 07:25:00,24,24.9,23.1,0,0,0,333,0,1.3,0,17.2,17.5,1275.7,95,0,72,25.8,80,26.5,1,333,0,1,1,22.1
2026-09-19T07:20:00+05:30,2026-09-19 07:20:00,23.7,24.6,22.9,0,0,0,330,0,1.3,0,17.2,17.5,1275.7,95,0,55.4,25.8,80,26.5,1,341,0,1,1,22.1
2026-09-19T07:15:00+05:30,2026-09-19 07:15:00,23.6,24.5,22.9,0,0,0,345,0,1.3,0,17.2,17.5,1275.7,96,0,77.4,25.7,80,26.4,1,343,0,1,1,22
2026-09-19T07:10:00+05:30,2026-09-19 07:10:00,23.4,24.3,22.9,0,0,0,335,0,1.3,0,17.2,17.5,1275.7,97,0,74.7,25.7,80,26.4,1,335,0,1,1,22
2026-09-19T07:05:00+05:30,2026-09-19 07:05:00,23.2,24.1,22.7,0,0,0,335,0,1.3,0,17.2,17.5,1275.7,97,0,53.4,25.7,80,26.4,1,335,0,1,1,22
2026-09-19T07:00:00+05:30,2026-09-19 07:00:00,23.1,24,22.8,0,0,0,337,0,1.3,0,17.2,17.5,1275.7,98,0,42.7,25.7,80,26.4,1,330,0,1,1,22
2026-09-19T06:55:00+05:30,2026-09-19 06:55:00,23.1,24,22.8,0,0,0,330,0,1.3,0,17.2,17.5,1275.7,98,0,37.8,25.7,80,26.4,1,330,0,1,1,22
2026-09-19T06:50:00+05:30,2026-09-19 06:50:00,22.9,23.8,22.6,0,0,0,337,0,1.3,0,17.2,17.5,1275.7,98,0,30.4,25.7,80,26.4,1,337,0,1,1,22
2026-09-19T06:45:00+05:30,2026-09-19 06:45:00,22.9,23.8,22.6,0,0,0,337,0,1.3,0,17.2,17.5,1275.7,98,0,22.9,25.7,80,26.4,1,342,0,1,1,22
2026-09-19T06:40:00+05:30,2026-09-19 06:40:00,22.8,23.7,22.4,0,0,0,342,0,1.3,0,17.2,17.5,1275.7,98,0,32,25.7,80,26.4,1,346,0,1,1,22
2026-09-19T06:35:00+05:30,2026-09-19 06:35:00,22.7,23.6,22.4,0,0,0,355,0,1.3,0,17.2,17.5,1275.7,98,0,15.2,25.7,80,26.4,1,345,0,1,1,22
2026-09-19T06:30:00+05:30,2026-09-19 06:30:00,22.6,23.5,22.4,0,0,0,352,0,1.3,0,17.2,17.5,1275.7,99,0,20.1,25.7,80,26.4,1,343,0,1,1,22
2026-09-19T06:25:00+05:30,2026-09-19 06:25:00,22.7,23.6,22.6,0,0,0,340,0,1.3,0,17.2,17.5,1275.7,99,0,11.7,25.7,80,26.4,1,344,0,1,1,22
2026-09-19T06:20:00+05:30,2026-09-19 06:20:00,22.6,23.5,22.4,0,0,0,344,0,1.3,0,17.2,17.5,1275.7,99,0,4.9,25.7,80,26.4,1,344,0,1,1,22
2026-09-19T06:15:00+05:30,2026-09-19 06:15:00,22.6,23.5,22.4,0,0,0,341,0,1.3,0,17.2,17.5,1275.7,99,0,7.1,25.7,80,26.4,1,340,0,1,1,22
2026-09-19T06:10:00+05:30,2026-09-19 06:10:00,22.5,23.4,22.3,0,0,0,345,0,1.3,0,17.2,17.5,1275.7,99,0,7.1,25.7,80,26.4,1,9,0,1,1,22
2026-09-19T06:05:00+05:30,2026-09-19 06:05:00,22.5,23.4,22.3,0,0,0,345,0,1.3,0,17.2,17.5,1275.7,99,0,3.6,25.7,80,26.4,1,346,0,1,1,22
2026-09-19T06:00:00+05:30,2026-09-19 06:00:00,22.5,23.4,22.3,0,0,0,337,0,1.3,0,17.2,17.5,1275.7,99,0,1.3,25.7,80,26.4,1,337,0,1,1,22
2026-09-19T05:56:00+05:30,2026-09-19 05:56:00,22.5,23.4,22.3,0,0,0,341,0,1.3,0,17.2,17.5,1275.7,99,0,1.4,25.7,80,26.4,1,342,0,1,1,22
2026-09-19T05:50:00+05:30,2026-09-19 05:50:00,22.5,23.4,22.3,0,0,0,341,0,1.3,0,17.2,17.5,1275.7,99,0,0.3,25.7,80,26.4,1,341,0,1,1,22
2026-09-19T05:45:00+05:30,2026-09-19 05:45:00,22.5,23.4,22.3,0,0,0,342,0,1.3,0,17.2,17.5,1275.7,99,0,0.1,25.7,80,26.4,1,342,0,1,1,22
2026-09-19T05:40:00+05:30,2026-09-19 05:40:00,22.4,23.3,22.2,0,0,0,345,0,1.3,0,17.2,17.5,1275.7,99,0,0,25.7,80,26.4,1,350,0,1,1,22
2026-09-19T05:35:00+05:30,2026-09-19 05:35:00,22.4,23.3,22.2,0,0,0,359,0,1.3,0,17.2,17.5,1275.7,99,0,0,25.7,80,26.4,1,356,0,1,1,22
2026-09-19T05:30:00+05:30,2026-09-19 05:30:00,22.3,23.1,22.1,0,0,0,356,0,1.3,0,17.2,17.5,1275.7,99,0,0,25.7,80,26.4,1,356,0,1,1,22
2026-09-19T05:26:00+05:30,2026-09-19 05:26:00,22.3,23.1,22.1,0,0,0,356,0,1.3,0,17.2,17.5,1275.7,99,0,0,25.8,80,26.5,1,356,0,1,1,22.1
2026-09-19T05:20:00+05:30,2026-09-19 05:20:00,22.3,23.1,22.1,0,0,0,356,0,1.3,0,17.2,17.5,1275.7,99,0,0,25.8,79,26.5,1,356,0,1,1,21.8
2026-09-19T05:15:00+05:30,2026-09-19 05:15:00,22.3,23.1,22.1,0,0,0,356,0,1.3,0,17.2,17.5,1275.7,99,0,0,25.8,80,26.5,1,356,0,1,1,22.1
2026-09-19T05:10:00+05:30,2026-09-19 05:10:00,22.3,23.1,22.1,0,0,0,356,0,1.3,0,17.2,17.5,1275.7,99,0,0,25.8,80,26.5,1,356,0,1,1,22.1
2026-09-19T05:05:00+05:30,2026-09-19 05:05:00,22.2,23.1,22.1,0,0,0,1,0,1.3,0,17.2,17.5,1275.7,99,0,0,25.7,79,26.4,1,348,0,1,1,21.8
2026-09-19T05:00:00+05:30,2026-09-19 05:00:00,22.3,23.1,22.1,0,0,0,348,0,1.3,0,17.2,17.5,1275.7,99,0,0,25.8,79,26.5,1,348,0,1,1,21.8
2026-09-19T04:55:00+05:30,2026-09-19 04:55:00,22.2,23.1,22.1,0,0,0,1,0,1.3,0,17.2,17.5,1275.7,99,0,0,25.7,79,26.4,1,341,0,1,1,21.8
2026-09-19T04:50:00+05:30,2026-09-19 04:50:00,22.2,23.1,22.1,0,0,0,345,0,1.3,0,17.2,17.5,1275.7,99,0,0,25.8,79,26.5,1,345,0,1,1,21.8
2026-09-19T04:45:00+05:30,2026-09-19 04:45:00,22.1,23,21.9,0,0,0,345,0,1.3,0,17.2,17.5,1275.7,99,0,0,25.8,79,26.5,1,345,0,1,1,21.8
2026-09-19T04:40:00+05:30,2026-09-19 04:40:00,22.1,23,21.9,0,0,0,345,0,1.3,0,17.2,17.5,1275.7,99,0,0,25.8,79,26.5,1,345,0,1,1,21.8
2026-09-19T04:35:00+05:30,2026-09-19 04:35:00,22,22.8,21.8,0,0,0,345,0,1.3,0,17.2,17.5,1275.7,99,0,0,25.8,80,26.5,1,345,0,1,1,22.1
2026-09-19T04:30:00+05:30,2026-09-19 04:30:00,22,22.8,21.8,0,0,0,345,0,1.3,0,17.2,17.5,1275.7,99,0,0,25.8,79,26.5,1,345,0,1,1,21.8
2026-09-19T04:25:00+05:30,2026-09-19 04:25:00,22,22.8,21.8,0,0,0,345,0,1.3,0,17.2,17.5,1275.7,99,0,0,25.8,80,26.5,1,345,0,1,1,22.1
2026-09-19T04:20:00+05:30,2026-09-19 04:20:00,22,22.8,21.8,0,0,0,345,0,1.3,0,17.2,17.5,1275.7,99,0,0,25.8,79,26.5,1,345,0,1,1,21.8
2026-09-19T04:15:00+05:30,2026-09-19 04:15:00,21.9,22.7,21.7,0,0,0,345,0,1.3,0,17.2,17.5,1275.7,99,0,0,25.8,80,26.5,1,345,0,1,1,22.1
2026-09-19T04:10:00+05:30,2026-09-19 04:10:00,21.9,22.7,21.7,0,0,0,345,0,1.3,0,17.2,17.5,1275.7,99,0,0,25.8,79,26.5,1,345,0,1,1,21.8
2026-09-19T04:05:00+05:30,2026-09-19 04:05:00,21.9,22.7,21.7,0,0,0,345,0,1.3,0,17.2,17.5,1275.7,99,0,0,25.8,79,26.5,1,345,0,1,1,21.8
2026-09-19T04:00:00+05:30,2026-09-19 04:00:00,22,22.8,21.8,0,0,0,346,0,1.3,0,17.2,17.5,1275.7,99,0,0,25.8,79,26.5,1,346,0,1,1,21.8
2026-09-19T03:55:00+05:30,2026-09-19 03:55:00,22,22.8,21.8,0,0,0,346,0,1.3,0,17.2,17.5,1275.7,99,0,0,25.8,79,26.5,1,346,0,1,1,21.8
2026-09-19T03:50:00+05:30,2026-09-19 03:50:00,21.9,22.7,21.7,0,0,0,346,0,1.3,0,17.2,17.5,1275.7,99,0,0,25.8,80,26.5,1,346,0,1,1,22.1
2026-09-19T03:47:00+05:30,2026-09-19 03:47:00,21.9,22.7,21.7,0,0,0,346,0,1.3,0,17.2,17.5,1275.7,99,0,0,25.8,79,26.5,1,346,0,1,1,21.8
2026-09-19T03:40:00+05:30,2026-09-19 03:40:00,21.9,22.7,21.7,0,0,0,346,0,1.3,0,17.2,17.5,1275.7,99,0,0,25.8,79,26.5,1,346,0,1,1,21.8
2026-09-19T03:35:00+05:30,2026-09-19 03:35:00,21.8,22.6,21.6,0,0,0,346,0,1.3,0,17.2,17.5,1275.7,99,0,0,25.8,79,26.5,1,346,0,1,1,21.8
2026-09-19T03:30:00+05:30,2026-09-19 03:30:00,21.8,22.6,21.6,0,0,0,346,0,1.3,0,17.2,17.5,1275.7,99,0,0,25.8,80,26.5,1,346,0,1,1,22.1
2026-09-19T03:25:00+05:30,2026-09-19 03:25:00,21.9,22.7,21.7,0,0,0,346,0,1.3,0,17.2,17.5,1275.7,99,0,0,25.9,80,26.6,1,359,0,1,1,22.2
2026-09-19T03:21:00+05:30,2026-09-19 03:21:00,21.8,22.6,21.6,0,0,0,359,0,1.3,0,17.2,17.5,1275.7,99,0,0,25.8,80,26.5,1,359,0,1,1,22.1
2026-09-19T03:15:00+05:30,2026-09-19 03:15:00,21.8,22.6,21.6,0,0,0,359,0,1.3,0,17.2,17.5,1275.7,99,0,0,25.9,80,26.6,1,359,0,1,1,22.2
2026-09-19T03:10:00+05:30,2026-09-19 03:10:00,21.8,22.6,21.6,0,0,0,359,0,1.3,0,17.2,17.5,1275.7,99,0,0,25.9,80,26.6,1,359,0,1,1,22.2
2026-09-19T03:05:00+05:30,2026-09-19 03:05:00,21.8,22.6,21.6,0,0,0,359,0,1.3,0,17.2,17.5,1275.7,99,0,0,25.9,80,26.6,1,359,0,1,1,22.2
2026-09-19T03:00:00+05:30,2026-09-19 03:00:00,21.9,22.7,21.7,0,0,0,1,0,1.3,0,17.2,17.5,1275.7,99,0,0,25.9,80,26.6,1,1,0,1,1,22.2
2026-09-19T02:57:00+05:30,2026-09-19 02:57:00,21.9,22.7,21.7,0,0,0,1,0,1.3,0,17.2,17.5,1275.7,99,0,0,25.9,80,26.6,1,1,0,1,1,22.2
2026-09-19T02:45:00+05:30,2026-09-19 02:45:00,21.9,22.7,21.7,0,0,0,342,0,1.3,0,17.2,17.5,1275.7,99,0,0,25.9,80,26.6,1,342,0,1,1,22.2
2026-09-19T02:40:00+05:30,2026-09-19 02:40:00,21.9,22.7,21.7,0,0,0,342,0,1.3,0,17.2,17.5,1275.7,99,0,0,26,80,26.7,1,342,0,1,1,22.3
2026-09-19T02:35:00+05:30,2026-09-19 02:35:00,22,22.8,21.8,0,0,0,342,0,1.3,0,17.2,17.5,1275.7,99,0,0,26,80,26.7,1,342,0,1,1,22.3
2026-09-19T02:30:00+05:30,2026-09-19 02:30:00,22,22.8,21.8,0,0,0,342,0,1.3,0,17.2,17.5,1275.7,99,0,0,26,80,26.7,1,342,0,1,1,22.3
2026-09-19T02:25:00+05:30,2026-09-19 02:25:00,22,22.8,21.8,0,0,0,342,0,1.3,0,17.2,17.5,1275.7,99,0,0,26,80,26.7,1,342,0,1,1,22.3
2026-09-19T02:20:00+05:30,2026-09-19 02:20:00,22.1,23,21.9,0,0,0,342,0,1.3,0,17.2,17.5,1275.7,99,0,0,26,80,26.7,1,342,0,1,1,22.3
2026-09-19T02:15:00+05:30,2026-09-19 02:15:00,22.1,23,21.9,0,0,0,343,0,1.3,0,17.2,17.5,1275.7,99,0,0,26,80,26.7,1,343,0,1,1,22.3
2026-09-19T02:10:00+05:30,2026-09-19 02:10:00,22.1,23,21.9,0,0,0,346,0,1.3,0,17.2,17.5,1275.7,99,0,0,26,80,26.7,1,346,0,1,1,22.3
2026-09-19T02:05:00+05:30,2026-09-19 02:05:00,22.1,23,21.9,0,0,0,352,0,1.3,0,17.2,17.5,1275.7,99,0,0,26,80,26.7,1,352,0,1,1,22.3
2026-09-19T02:00:00+05:30,2026-09-19 02:00:00,22.1,23,21.9,0,0,0,352,0,1.3,0,17.2,17.5,1275.7,99,0,0,26,80,26.7,1,352,0,1,1,22.3
2026-09-19T01:56:00+05:30,2026-09-19 01:56:00,22.1,23,21.9,0,0,0,352,0,1.3,0,17.2,17.5,1275.7,99,0,0,26,80,26.7,1,352,0,1,1,22.3
2026-09-19T01:50:00+05:30,2026-09-19 01:50:00,22.2,23.1,22.1,0,0,0,352,0,1.3,0,17.2,17.5,1275.7,99,0,0,26.1,80,26.9,1,352,0,1,1,22.4
2026-09-19T01:45:00+05:30,2026-09-19 01:45:00,22.2,23.1,22.1,0,0,0,356,0,1.3,0,17.2,17.5,1275.7,99,0,0,26.1,80,26.9,1,356,0,1,1,22.4
2026-09-19T01:40:00+05:30,2026-09-19 01:40:00,22.2,23.1,22.1,0,0,0,356,0,1.3,0,17.2,17.5,1275.7,99,0,0,26.1,80,26.9,1,356,0,1,1,22.4
2026-09-19T01:35:00+05:30,2026-09-19 01:35:00,22.2,23.1,22.1,0,0,0,356,0,1.3,0,17.2,17.5,1275.7,99,0,0,26.1,80,26.9,1,356,0,1,1,22.4
2026-09-19T01:30:00+05:30,2026-09-19 01:30:00,22.2,23.1,22.1,0,0,0,356,0,1.3,0,17.2,17.5,1275.7,99,0,0,26.1,80,26.9,1,356,0,1,1,22.4
2026-09-19T01:25:00+05:30,2026-09-19 01:25:00,22.3,23.1,22.1,0,0,0,356,0,1.3,0,17.2,17.5,1275.7,99,0,0,26.1,80,26.9,1,356,0,1,1,22.4
2026-09-19T01:20:00+05:30,2026-09-19 01:20:00,22.3,23.1,22.1,0,0,0,356,0,1.3,0,17.2,17.5,1275.7,99,0,0,26.1,80,26.9,1,356,0,1,1,22.4
2026-09-19T01:15:00+05:30,2026-09-19 01:15:00,22.3,23.1,22.1,0,0,0,356,0,1.3,0,17.2,17.5,1275.7,99,0,0,26.2,80,27,1,356,0,1,1,22.5
2026-09-19T01:10:00+05:30,2026-09-19 01:10:00,22.4,23.3,22.2,0,0,0,356,0,1.3,0,17.2,17.5,1275.7,99,0,0,26.2,80,27,1,356,0,1,1,22.5
2026-09-19T01:05:00+05:30,2026-09-19 01:05:00,22.3,23.1,22.1,0,0,0,2,0,1.3,0,17.2,17.5,1275.7,99,0,0,26.2,80,27,1,1,0,1,1,22.5
2026-09-19T01:01:00+05:30,2026-09-19 01:01:00,22.4,23.3,22.2,0,0,0,2,0,1.3,0,17.2,17.5,1275.7,99,0,0,26.2,80,27,1,1,0,1,1,22.5
2026-09-19T00:58:00+05:30,2026-09-19 00:58:00,22.4,23.3,22.2,0,0,0,2,0,1.3,0,17.2,17.5,1275.7,99,0,0,26.2,80,27,1,2,0,1,1,22.5
2026-09-19T00:45:00+05:30,2026-09-19 00:45:00,22.5,23.4,22.3,0,0,0,356,0,1.3,0,17.2,17.5,1275.7,99,0,0,26.2,80,27,1,347,0,1,1,22.5
2026-09-19T00:40:00+05:30,2026-09-19 00:40:00,22.5,23.4,22.3,0,0,0,347,0,1.3,0,17.2,17.5,1275.7,99,0,0,26.3,80,27.1,1,338,0,1,1,22.6
2026-09-19T00:35:00+05:30,2026-09-19 00:35:00,22.6,23.5,22.4,0,0,0,343,0,1.3,0,17.2,17.5,1275.7,99,0,0,26.3,80,27.1,1,338,0,1,1,22.6
2026-09-19T00:30:00+05:30,2026-09-19 00:30:00,22.6,23.5,22.4,0,0,0,331,0,1.3,0,17.2,17.5,1275.7,99,0,0,26.3,80,27.1,1,331,0,1,1,22.6
2026-09-19T00:25:00+05:30,2026-09-19 00:25:00,22.6,23.5,22.4,0,0,0,315,0,1.3,0,17.2,17.5,1275.7,99,0,0,26.3,80,27.1,1,344,0,1,1,22.6
2026-09-19T00:20:00+05:30,2026-09-19 00:20:00,22.7,23.6,22.6,0,0,0,349,0,1.3,0,17.2,17.5,1275.7,99,0,0,26.3,80,27.1,1,349,0,1,1,22.6
2026-09-19T00:16:00+05:30,2026-09-19 00:16:00,22.7,23.6,22.6,0,0,0,339,0,1.3,0,17.2,17.5,1275.7,99,0,0,26.3,80,27.1,1,346,0,1,1,22.6
2026-09-19T00:10:00+05:30,2026-09-19 00:10:00,22.7,23.6,22.6,0,0,0,354,0,1.3,0,17.2,17.5,1275.7,99,0,0,26.3,80,27.1,1,8,0,1,1,22.6
2026-09-19T00:05:00+05:30,2026-09-19 00:05:00,22.7,23.6,22.6,0,0,0,350,0,1.3,0,17.2,17.5,1275.7,99,0,0,26.3,80,27.1,1,350,0,1,1,22.6
2026-09-19T00:00:00+05:30,2026-09-19 00:00:00,22.8,23.7,22.6,0,0,0,350,0,1.3,0,17.2,17.5,1275.7,99,0,0,26.3,80,27.1,1,350,0,1,1,22.6
2026-09-18T23:55:00+05:30,2026-09-18 23:55:00,22.9,23.8,22.7,0,0,18.3,350,0,1.3,1.6,17.2,17.5,1275.7,99,0,0,26.4,80,27.2,1,350,0,1,1,22.7
2026-09-18T23:50:00+05:30,2026-09-18 23:50:00,23,23.9,22.8,0,0,18.3,350,0,1.3,1.6,17.2,17.5,1275.7,99,0,0,26.4,80,27.2,1,344,0,1,1,22.7
2026-09-18T23:45:00+05:30,2026-09-18 23:45:00,22.9,23.8,22.7,0,0,18.3,320,0,1.3,1.6,17.2,17.5,1275.7,99,0,0,26.4,80,27.2,1,343,0,1,1,22.7
2026-09-18T23:40:00+05:30,2026-09-18 23:40:00,22.9,23.8,22.7,0,0,18.3,344,0,1.3,1.6,17.2,17.5,1275.7,99,0,0,26.4,80,27.2,1,344,0,1,1,22.7
2026-09-18T23:35:00+05:30,2026-09-18 23:35:00,23,23.9,22.8,0,0,18.3,343,0,1.3,1.6,17.2,17.5,1275.7,99,0,0,26.4,80,27.2,1,343,0,1,1,22.7
2026-09-18T23:30:00+05:30,2026-09-18 23:30:00,23.1,24.1,22.9,0,0,18.3,343,0,1.3,1.6,17.2,17.5,1275.7,99,0,0,26.4,80,27.2,1,331,0,1,1,22.7
2026-09-18T23:25:00+05:30,2026-09-18 23:25:00,23.1,24.1,22.9,0,0,18.3,331,0,1.3,1.6,17.2,17.5,1275.7,99,0,0,26.5,80,27.3,1,331,0,1,1,22.8
2026-09-18T23:20:00+05:30,2026-09-18 23:20:00,23.2,24.2,23.1,0,0,18.3,332,0,1.3,1.6,17.2,17.5,1275.7,99,0,0,26.5,80,27.3,1,311,0,1,1,22.8
2026-09-18T23:15:00+05:30,2026-09-18 23:15:00,23.3,24.2,23.1,0,0,18.3,310,0,1.3,1.6,17.2,17.5,1275.7,99,0,0,26.5,80,27.3,1,310,0,1,1,22.8
2026-09-18T23:10:00+05:30,2026-09-18 23:10:00,23.4,24.4,23.2,0,0,18.3,311,0,1.3,1.6,17.2,17.5,1275.7,99,0,0,26.5,80,27.3,1,331,0,1,1,22.8
2026-09-18T23:05:00+05:30,2026-09-18 23:05:00,23.4,24.4,23.2,0,0,18.3,331,0,1.3,1.6,17.2,17.5,1275.7,99,0,0,26.5,80,27.3,1,337,0,1,1,22.8
2026-09-18T23:00:00+05:30,2026-09-18 23:00:00,23.4,24.3,23.1,0,0,18.3,340,0,1.3,1.6,17.2,17.5,1275.7,98,0,0,26.5,80,27.3,1,334,0,1,1,22.8
2026-09-18T22:55:00+05:30,2026-09-18 22:55:00,23.5,24.5,23.2,0,0,18.3,316,0,1.3,1.6,17.2,17.5,1275.7,98,0,0,26.5,80,27.3,1,317,0,1,1,22.8
2026-09-18T22:50:00+05:30,2026-09-18 22:50:00,23.5,24.5,23.2,0,0,18.3,335,0,1.3,1.6,17.2,17.5,1275.7,98,0,0,26.5,79,27.3,1,6,0,1,1,22.6
2026-09-18T22:45:00+05:30,2026-09-18 22:45:00,23.4,24.3,23.1,0,0,18.3,346,0,1.3,1.6,17.2,17.5,1275.7,98,0,0,26.5,79,27.3,1,336,0,1,1,22.6
2026-09-18T22:40:00+05:30,2026-09-18 22:40:00,23.4,24.3,23.1,0,0,18.3,335,0,1.3,1.6,17.2,17.5,1275.7,98,0,0,26.5,79,27.3,1,335,0,1,1,22.6
2026-09-18T22:35:00+05:30,2026-09-18 22:35:00,23.4,24.3,23.1,0,0,18.3,335,0,1.3,1.6,17.2,17.5,1275.7,98,0,0,26.6,79,27.4,1,335,0,1,1,22.7
2026-09-18T22:30:00+05:30,2026-09-18 22:30:00,23.6,24.6,23.3,0,0,18.3,335,0,1.3,1.6,17.2,17.5,1275.7,98,0,0,26.6,79,27.4,1,352,0,1,1,22.7
2026-09-18T22:25:00+05:30,2026-09-18 22:25:00,23.6,24.6,23.3,0,0,18.3,352,0,1.3,1.6,17.2,17.5,1275.7,98,0,0,26.6,79,27.4,1,352,0,1,1,22.7
2026-09-18T22:20:00+05:30,2026-09-18 22:20:00,23.6,24.6,23.3,0,0,18.3,356,0,1.3,1.6,17.2,17.5,1275.7,98,0,0,26.6,79,27.4,1,356,0,1,1,22.7
2026-09-18T22:15:00+05:30,2026-09-18 22:15:00,23.6,24.6,23.3,0,0,18.3,356,0,1.3,1.6,17.2,17.5,1275.7,98,0,0,26.6,79,27.4,1,327,0,1,1,22.7
2026-09-18T22:10:00+05:30,2026-09-18 22:10:00,23.6,24.6,23.3,0,0,18.3,327,0,1.3,1.6,17.2,17.5,1275.7,98,0,0,26.6,79,27.4,1,332,0,1,1,22.7
2026-09-18T22:05:00+05:30,2026-09-18 22:05:00,23.6,24.6,23.3,0,0,18.3,327,0,1.3,1.6,17.2,17.5,1275.7,98,0,0,26.6,79,27.4,1,332,0,1,1,22.7
2026-09-18T22:00:00+05:30,2026-09-18 22:00:00,23.6,24.6,23.4,0,0,18.3,329,0,1.3,1.6,17.2,17.5,1275.7,99,0,0,26.6,79,27.4,1,329,0,1,1,22.7
2026-09-18T21:55:00+05:30,2026-09-18 21:55:00,23.5,24.5,23.3,0,0,18.3,329,0,1.3,1.6,17.2,17.5,1275.7,99,0,0,26.6,79,27.4,1,329,0,1,1,22.7
2026-09-18T21:50:00+05:30,2026-09-18 21:50:00,23.5,24.5,23.3,0,0,18.3,329,0,1.3,1.6,17.2,17.5,1275.7,99,0,0,26.6,79,27.4,1,329,0,1,1,22.7
2026-09-18T21:45:00+05:30,2026-09-18 21:45:00,23.5,24.5,23.2,0,0,18.3,329,0,1.3,1.6,17.2,17.5,1275.7,98,0,0,26.6,79,27.4,1,329,0,1,1,22.7
2026-09-18T21:40:00+05:30,2026-09-18 21:40:00,23.5,24.5,23.3,0,0,18.3,329,0,1.3,1.6,17.2,17.5,1275.7,99,0,0,26.6,79,27.4,1,339,0,1,1,22.7
2026-09-18T21:35:00+05:30,2026-09-18 21:35:00,23.5,24.5,23.2,0,0,18.3,340,0,1.3,1.6,17.2,17.5,1275.7,98,0,0,26.6,79,27.4,1,340,0,1,1,22.7
2026-09-18T21:30:00+05:30,2026-09-18 21:30:00,23.5,24.5,23.2,0,0,18.3,342,0,1.3,1.6,17.2,17.5,1275.7,98,0,0,26.6,79,27.4,1,351,0,1,1,22.7
2026-09-18T21:25:00+05:30,2026-09-18 21:25:00,23.5,24.5,23.2,0,0,18.3,351,0,1.3,1.6,17.2,17.5,1275.7,98,0,0,26.7,79,29.1,1,351,0,1,1,22.8
2026-09-18T21:20:00+05:30,2026-09-18 21:20:00,23.5,24.5,23.2,0,0,18.3,352,0,1.3,1.6,17.2,17.5,1275.7,98,0,0,26.7,79,29.1,1,322,0,1,1,22.8
2026-09-18T21:16:00+05:30,2026-09-18 21:16:00,23.5,24.5,23.2,0,0,18.3,331,0,1.3,1.6,17.2,17.5,1275.7,98,0,0,26.7,79,29.1,1,322,0,1,1,22.8
2026-09-18T21:10:00+05:30,2026-09-18 21:10:00,23.6,24.6,23.3,0,0,18.3,318,0,1.3,1.6,17.2,17.5,1275.7,98,0,0,26.7,79,29.1,1,318,0,1,1,22.8
2026-09-18T21:07:00+05:30,2026-09-18 21:07:00,23.5,24.5,23.2,0,0,18.3,318,0,1.3,1.6,17.2,17.5,1275.7,98,0,0,26.7,79,29.1,1,318,0,1,1,22.8
2026-09-18T21:00:00+05:30,2026-09-18 21:00:00,23.6,24.6,23.3,0,0,18.3,318,0,1.3,1.6,17.2,17.5,1275.7,98,0,0,26.7,79,29.1,1,318,0,1,1,22.8
2026-09-18T20:55:00+05:30,2026-09-18 20:55:00,23.7,24.7,23.4,0,0,18.3,318,0,1.3,1.6,17.2,17.5,1275.7,98,0,0,26.8,79,29.2,1,318,0,1,1,22.8
2026-09-18T20:50:00+05:30,2026-09-18 20:50:00,23.7,24.7,23.2,0,0,18.3,318,0,1.3,1.6,17.2,17.5,1275.7,97,0,0,26.8,79,29.2,1,318,0,1,1,22.8
2026-09-18T20:45:00+05:30,2026-09-18 20:45:00,23.8,24.7,23.3,0,0,18.3,318,0,1.3,1.6,17.2,17.5,1275.7,97,0,0,26.8,79,29.2,1,318,0,1,1,22.8
2026-09-18T20:40:00+05:30,2026-09-18 20:40:00,23.9,24.8,23.2,0,0,18.3,318,0,1.3,1.6,17.2,17.5,1275.7,96,0,0,26.8,79,29.2,1,318,0,1,1,22.8
2026-09-18T20:35:00+05:30,2026-09-18 20:35:00,23.9,24.8,23.2,0,0,18.3,318,0,1.3,1.6,17.2,17.5,1275.7,96,0,0,26.8,79,29.2,1,318,0,1,1,22.8
2026-09-18T20:30:00+05:30,2026-09-18 20:30:00,24,25,23.3,0,0,18.3,318,0,1.3,1.6,17.2,17.5,1275.7,96,0,0,26.8,79,29.2,1,318,0,1,1,22.8
2026-09-18T20:25:00+05:30,2026-09-18 20:25:00,24.1,25.1,23.4,0,0,18.3,318,0,1.3,1.6,17.2,17.5,1275.7,96,0,0,26.9,79,29.4,1,318,0,1,1,22.9
2026-09-18T20:20:00+05:30,2026-09-18 20:20:00,24,25,23.3,0,0,18.3,322,0,1.3,1.6,17.2,17.5,1275.7,96,0,0,26.9,79,29.4,1,322,0,1,1,22.9
2026-09-18T20:15:00+05:30,2026-09-18 20:15:00,24,24.9,23.1,0,0,18.3,322,0,1.3,1.6,17.2,17.5,1275.7,95,0,0,26.9,79,29.4,1,322,0,1,1,22.9
2026-09-18T20:10:00+05:30,2026-09-18 20:10:00,24.1,25.1,23.3,0,0,18.3,322,0,1.3,1.6,17.2,17.5,1275.7,95,0,0,26.9,79,29.4,1,322,0,1,1,22.9
2026-09-18T20:05:00+05:30,2026-09-18 20:05:00,24.1,25.1,23.3,0,0,18.3,322,0,1.3,1.6,17.2,17.5,1275.7,95,0,0,26.9,79,29.4,1,322,0,1,1,22.9
2026-09-18T20:00:00+05:30,2026-09-18 20:00:00,24.2,25.2,23.4,0,0,18.3,322,0,1.3,1.6,17.2,17.5,1275.7,95,0,0,26.9,79,29.4,1,322,0,1,1,22.9
2026-09-18T19:55:00+05:30,2026-09-18 19:55:00,24.3,25.2,23.4,0,0,18.3,322,0,1.3,1.6,17.2,17.5,1275.7,95,0,0,26.9,79,29.4,1,322,0,1,1,22.9
2026-09-18T19:50:00+05:30,2026-09-18 19:50:00,24.4,25.3,23.4,0,0,18.3,322,0,1.3,1.6,17.2,17.5,1275.7,94,0,0,26.9,79,29.4,1,322,0,1,1,22.9
2026-09-18T19:45:00+05:30,2026-09-18 19:45:00,24.4,25.3,23.4,0,0,18.3,322,0,1.3,1.6,17.2,17.5,1275.7,94,0,0,27,79,29.7,1,322,0,1,1,23.1
2026-09-18T19:40:00+05:30,2026-09-18 19:40:00,24.5,25.5,23.5,0,0,18.3,321,0,1.3,1.6,17.2,17.5,1275.7,94,0,0,27,79,29.7,1,321,0,1,1,23.1
2026-09-18T19:35:00+05:30,2026-09-18 19:35:00,24.4,25.3,23.4,0,0,18.3,321,0,1.3,1.6,17.2,17.5,1275.7,94,0,0,27,78,29.6,1,321,0,1,1,22.8
2026-09-18T19:30:00+05:30,2026-09-18 19:30:00,24.6,25.6,23.4,0,0,18.3,321,0,1.3,1.6,17.2,17.5,1275.7,93,0,0,27,78,29.6,1,321,0,1,1,22.8
2026-09-18T19:25:00+05:30,2026-09-18 19:25:00,24.7,25.7,23.5,0,0,18.3,321,0,1.3,1.6,17.2,17.5,1275.7,93,0,0,27,78,29.6,1,321,0,1,1,22.8
2026-09-18T19:20:00+05:30,2026-09-18 19:20:00,24.8,25.7,23.4,0,0,18.3,321,0,1.3,1.6,17.2,17.5,1275.7,92,0,0,27,78,29.6,1,321,0,1,1,22.8
2026-09-18T19:15:00+05:30,2026-09-18 19:15:00,24.9,25.9,23.7,0,0,18.3,321,0,1.3,1.6,17.2,17.5,1275.7,93,0,0,27,78,29.6,1,321,0,1,1,22.8
2026-09-18T19:10:00+05:30,2026-09-18 19:10:00,24.9,25.8,23.5,0,0,18.3,321,0,1.3,1.6,17.2,17.5,1275.7,92,0,0,27.1,78,29.8,1,321,0,1,1,22.9
2026-09-18T19:05:00+05:30,2026-09-18 19:05:00,25,26,23.6,0,0,18.3,321,0,1.3,1.6,17.2,17.5,1275.7,92,0,0,27.1,78,29.8,1,321,0,1,1,22.9
2026-09-18T19:00:00+05:30,2026-09-18 19:00:00,25.1,26.1,23.7,0,0,18.3,320,0,1.3,1.6,17.2,17.5,1275.7,92,0,0,27.1,78,29.8,1,320,0,1,1,22.9
2026-09-18T18:55:00+05:30,2026-09-18 18:55:00,25.1,26.1,23.7,0,0,18.3,320,0,1.3,1.6,17.2,17.5,1275.7,92,0,0,27.1,78,29.8,1,320,0,1,1,22.9
2026-09-18T18:50:00+05:30,2026-09-18 18:50:00,25.1,26.1,23.5,0,0,18.3,320,0,1.3,1.6,17.2,17.5,1275.7,91,0,0,27.1,78,29.8,1,313,0,1,1,22.9
2026-09-18T18:45:00+05:30,2026-09-18 18:45:00,25.2,26.2,23.6,0,0,18.3,313,0,1.3,1.6,17.2,17.5,1275.7,91,0,0,27.1,78,29.8,1,313,0,1,1,22.9
2026-09-18T18:40:00+05:30,2026-09-18 18:40:00,25.2,26.2,23.6,0,0,18.3,312,0,1.3,1.6,17.2,17.5,1275.7,91,0,0,27.1,78,29.8,1,312,0,1,1,22.9
2026-09-18T18:35:00+05:30,2026-09-18 18:35:00,25.3,26.2,23.5,0,0,18.3,313,0,1.3,1.6,17.2,17.5,1275.7,90,0,0,27.1,78,29.8,1,312,0,1,1,22.9
2026-09-18T18:30:00+05:30,2026-09-18 18:30:00,25.4,26.3,23.6,0,0,18.3,312,0,1.3,1.6,17.2,17.5,1275.7,90,0,0,27.1,78,29.8,1,312,0,1,1,22.9
2026-09-18T18:25:00+05:30,2026-09-18 18:25:00,25.5,26.4,23.5,0,0,18.3,311,0,1.3,1.6,17.2,17.5,1275.7,89,0,0,27.2,78,30.1,1,311,0,1,1,23.1
2026-09-18T18:23:00+05:30,2026-09-18 18:23:00,25.5,26.5,23.7,0,0,18.3,311,0,1.3,1.6,17.2,17.5,1275.7,90,0,0,27.2,78,30.1,1,311,0,1,1,23.1
2026-09-18T18:15:00+05:30,2026-09-18 18:15:00,25.6,26.5,23.5,0,0,18.3,309,0,1.3,1.6,17.2,17.5,1275.7,88,0,0.2,27.2,78,30.1,1,308,0,1,1,23.1
2026-09-18T18:10:00+05:30,2026-09-18 18:10:00,25.7,26.6,23.6,3.5,3.5,18.3,299,0,1.3,1.6,17.2,17.5,1275.7,88,0,2,27.2,78,30.1,1,299,0,1,1,23.1
2026-09-18T18:05:00+05:30,2026-09-18 18:05:00,25.8,26.7,23.4,0.3,1.8,18.3,307,0,1.3,1.6,17.2,17.5,1275.7,87,0,6,27.3,78,30.2,1,314,0,1,1,23.1
2026-09-18T18:00:00+05:30,2026-09-18 18:00:00,25.9,26.8,23.6,0,0,18.3,314,0,1.3,1.6,17.2,17.5,1275.7,87,0,11.6,27.2,78,30.1,1,314,0,1,1,23.1
2026-09-18T17:55:00+05:30,2026-09-18 17:55:00,25.9,26.8,23.6,0,0,18.3,322,0,1.3,1.6,17.2,17.5,1275.7,87,0,15.8,27.3,78,30.2,1,291,0,1,1,23.1
2026-09-18T17:50:00+05:30,2026-09-18 17:50:00,26,26.9,23.5,0,3.5,18.3,290,0,1.3,1.6,17.2,17.5,1275.7,86,0,22.5,27.3,78,30.2,1,286,0.3,1,1,23.1
2026-09-18T17:45:00+05:30,2026-09-18 17:45:00,26,26.9,23.7,0,1.8,18.3,278,0,1.3,1.6,17.2,17.5,1275.7,87,0,30,27.3,78,30.2,1,286,0.3,1,1,23.1
2026-09-18T17:40:00+05:30,2026-09-18 17:40:00,26.1,27,23.6,4.7,7.2,18.3,285,0,1.3,1.6,17.2,17.5,1275.7,86,0,38.9,27.3,78,30.2,1,291,0,1,1,23.1
2026-09-18T17:35:00+05:30,2026-09-18 17:35:00,26.2,27.2,23.9,0,1.8,18.3,284,0,1.3,1.6,17.2,17.5,1275.7,87,0,42.6,27.3,78,30.2,1,284,0,1,1,23.1
2026-09-18T17:31:00+05:30,2026-09-18 17:31:00,26.2,27.1,23.7,0,5.5,18.3,291,0,1.3,1.6,17.2,17.5,1275.7,86,0,56,27.3,78,30.2,1,291,1.4,1,1,23.1
2026-09-18T17:25:00+05:30,2026-09-18 17:25:00,26.3,27.2,23.5,0,5.5,18.3,322,0,1.3,1.6,17.2,17.5,1275.7,85,0,85.7,27.3,78,30.2,1,151,0.6,1,1,23.1
2026-09-18T17:20:00+05:30,2026-09-18 17:20:00,26.5,27.4,23.8,0,0,18.3,190,0,1.3,1.6,17.2,17.5,1275.7,85,0,97.9,27.3,78,30.2,1,151,0,1,1,23.1
2026-09-18T17:15:00+05:30,2026-09-18 17:15:00,26.3,27.2,23.5,4,5.5,18.3,122,0,1.3,1.6,17.2,17.5,1275.7,85,1,106.1,27.3,78,30.2,1,315,0,1,1,23.1
2026-09-18T17:10:00+05:30,2026-09-18 17:10:00,26.3,27.2,23.5,0,3.5,18.3,314,0,1.3,1.6,17.2,17.5,1275.7,85,0,93.7,27.3,78,30.2,1,286,1.8,1,1,23.1
2026-09-18T17:05:00+05:30,2026-09-18 17:05:00,26.4,27.3,23.9,1.4,5.5,18.3,277,0,1.3,1.6,17.2,17.5,1275.7,86,0,86.6,27.3,78,30.2,1,294,3.5,1,1,23.1
2026-09-18T17:00:00+05:30,2026-09-18 17:00:00,26.5,27.4,23.6,1.1,9.3,18.3,313,0,1.3,1.6,17.2,17.5,1275.7,84,0,74.5,27.3,79,30.3,1,288,3.5,1,1,23.3
2026-09-18T16:55:00+05:30,2026-09-18 16:55:00,26,26.9,23.5,0.6,9.3,18.3,293,0,1.3,1.6,17.2,17.5,1275.7,86,1,113,27.3,79,30.3,1,307,3.2,1,1,23.3
2026-09-18T16:50:00+05:30,2026-09-18 16:50:00,26.1,27,23.6,6.1,9.3,18.3,271,0,1.3,1.6,17.2,17.5,1275.7,86,0,87.8,27.3,79,30.3,1,271,1.4,1,1,23.3
2026-09-18T16:45:00+05:30,2026-09-18 16:45:00,26.2,27.2,23.9,1.4,5.5,18.3,291,0,1.3,1.6,17.2,17.5,1275.7,87,0,76.5,27.3,79,30.3,1,314,0.3,1,1,23.3
2026-09-18T16:40:00+05:30,2026-09-18 16:40:00,26.2,27.2,23.9,0.3,9.3,18.3,291,0,1.3,1.6,17.2,17.5,1275.7,87,0,92.3,27.3,79,30.3,1,309,0,1,1,23.3
2026-09-18T16:35:00+05:30,2026-09-18 16:35:00,26.3,27.3,24.1,0,0,18.3,314,0,1.3,1.6,17.2,17.5,1275.7,88,0,55.2,27.3,79,30.3,1,308,0.3,1,1,23.3
2026-09-18T16:30:00+05:30,2026-09-18 16:30:00,26.1,27,23.8,0.3,3.5,18.3,309,0,1.3,1.6,17.2,17.5,1275.7,87,0,83,27.3,79,30.3,1,311,1.8,1,1,23.3
2026-09-18T16:25:00+05:30,2026-09-18 16:25:00,26.1,27.1,24,0,0,18.3,311,0,1.3,1.6,17.2,17.5,1275.7,88,0,97.2,27.2,79,30.1,1,311,2.9,1,1,23.3
2026-09-18T16:20:00+05:30,2026-09-18 16:20:00,26,27,23.9,0.3,5.5,18.3,282,0,1.3,1.6,17.2,17.5,1275.7,88,1,103,27.2,79,30.1,1,287,2.9,1,1,23.3
2026-09-18T16:15:00+05:30,2026-09-18 16:15:00,26.1,27,23.8,2.9,11.1,18.3,281,0,1.3,1.6,17.2,17.5,1275.7,87,0,99.7,27.2,79,30.1,1,284,2.9,1,1,23.3
2026-09-18T16:10:00+05:30,2026-09-18 16:10:00,26.2,27.1,23.7,10.5,14.8,18.3,312,0,1.3,1.6,17.2,17.5,1275.7,86,1,126.6,27.3,79,30.3,1,286,6.1,1,1,23.3
2026-09-18T16:05:00+05:30,2026-09-18 16:05:00,26.7,29.5,23.8,2.6,13,18.3,293,0,1.3,1.6,17.2,17.5,1275.7,84,1,122.6,27.3,80,30.4,1,299,4,1,1,23.5
2026-09-18T16:00:00+05:30,2026-09-18 16:00:00,26.7,29.5,24,5.8,11.1,18.3,278,0,1.3,1.6,17.2,17.5,1275.7,85,2,241.1,27.3,80,30.4,1,288,3.5,1,1,23.5
2026-09-18T15:55:00+05:30,2026-09-18 15:55:00,26.4,27.3,23.9,1.4,7.2,18.3,263,0,1.3,1.6,17.2,17.5,1275.7,86,2,226.9,27.3,80,30.4,1,293,0.6,1,1,23.5
2026-09-18T15:50:00+05:30,2026-09-18 15:50:00,26.4,27.4,24.4,0,1.8,18.3,313,0,1.3,1.6,17.2,17.5,1275.7,89,2,233.1,27.3,80,30.4,1,206,0.6,1,1,23.5
2026-09-18T15:45:00+05:30,2026-09-18 15:45:00,26,27,24.4,1.4,7.2,18.3,208,0,1.3,1.6,17.2,17.5,1275.7,91,2,208.4,27.3,81,30.5,1,280,2.1,1,1,23.7
2026-09-18T15:40:00+05:30,2026-09-18 15:40:00,26,27,24.4,0,5.5,18.3,331,0,1.3,1.6,17.2,17.5,1275.7,91,1,138.4,27.3,81,30.5,1,291,2.6,1,1,23.7
2026-09-18T15:35:00+05:30,2026-09-18 15:35:00,25.8,26.8,24.4,1.8,11.1,18.3,289,0,1.3,1.6,17.2,17.5,1275.7,92,1,179.2,27.4,81,30.7,1,289,2.6,1,1,23.8
2026-09-18T15:30:00+05:30,2026-09-18 15:30:00,25.7,26.8,24.3,0,5.5,18.3,327,0,1.3,1.6,17.2,17.5,1275.7,92,2,226.2,27.4,81,30.7,1,291,2.9,1,1,23.8
2026-09-18T15:25:00+05:30,2026-09-18 15:25:00,25.9,27,24.7,3.5,5.5,18.3,300,1.8,1.3,1.6,17.2,17.5,1275.7,93,1,168.4,27.5,81,31,1,283,1.4,1,1,23.9
2026-09-18T15:20:00+05:30,2026-09-18 15:20:00,25.8,26.8,24.6,0.6,3.5,18.3,299,1.8,1.3,1.6,17.2,17.5,1275.7,93,2,247.6,27.5,80,30.9,1,291,1.1,1,1,23.7
2026-09-18T15:15:00+05:30,2026-09-18 15:15:00,25.7,26.8,24.5,6.1,7.2,18.3,254,0,1,1.3,16.9,17.2,1275.4,93,2,246.6,27.5,80,30.9,1,289,1.4,1,1,23.7
2026-09-18T15:10:00+05:30,2026-09-18 15:10:00,25.5,26.6,24.5,2.1,7.2,18.3,311,0,1,1.3,16.9,17.2,1275.4,94,2,224,27.6,79,31,1,296,2.9,1,1,23.6
2026-09-18T15:05:00+05:30,2026-09-18 15:05:00,25.2,26.3,24.4,0,7.2,18.3,311,0,1,1.3,16.9,17.2,1275.4,95,1,193.6,27.7,78,31.2,1,307,2.1,1,1,23.5
2026-09-18T15:00:00+05:30,2026-09-18 15:00:00,25.3,26.3,24.1,0.3,3.5,18.3,307,0,1,1.3,16.9,17.2,1275.4,93,1,188.8,27.7,77,31,1,307,0.3,1,1,23.3
2026-09-18T14:55:00+05:30,2026-09-18 14:55:00,25.1,26.1,23.9,1.1,3.5,18.3,303,1.2,1,1.3,16.9,17.2,1275.4,93,1,158.3,27.8,77,31.1,1,336,0.3,1,1,23.4
2026-09-18T14:50:00+05:30,2026-09-18 14:50:00,25.3,26.3,23.9,2.1,3.5,18.3,267,3,1,1.3,16.9,17.2,1275.4,92,1,119.2,27.8,77,31.1,1,282,2.1,1,1,23.4
2026-09-18T14:45:00+05:30,2026-09-18 14:45:00,25.6,26.6,24,2.1,5.5,18.3,0,3,0.8,1.1,16.7,17,1275.2,91,1,113.1,27.8,77,31.1,1,0,1.8,1,1,23.4
2026-09-18T14:40:00+05:30,2026-09-18 14:40:00,26.4,27.4,24.4,0,1.8,18.3,279,3,0.5,0.8,16.4,16.7,1274.9,89,1,121.9,27.9,76,31.3,1,288,0,1,1,23.3
2026-09-18T14:35:00+05:30,2026-09-18 14:35:00,26.7,29.7,24.2,0,9.3,18.3,284,1.8,0.3,0.6,16.2,16.5,1274.7,86,1,131.5,28.1,77,31.9,1,282,1.4,1,1,23.7
2026-09-18T14:30:00+05:30,2026-09-18 14:30:00,27.3,31.1,24.7,0.6,3.5,18.3,242,0,0,0.3,15.9,16.2,1274.4,86,1,134.1,28.1,76,31.8,1,285,2.6,1,1,23.4
2026-09-18T14:25:00+05:30,2026-09-18 14:25:00,27.9,32.1,24.5,3.5,7.2,18.3,84,0,0,0.3,15.9,16.2,1274.4,82,1,114.9,28.2,76,32,1,275,2.6,1,1,23.6
2026-09-18T14:20:00+05:30,2026-09-18 14:20:00,27.5,31.3,24.3,0,1.8,18.3,288,0,0,0.3,15.9,16.2,1274.4,83,1,130.5,28.2,76,32,1,297,5.5,1,1,23.6
2026-09-18T14:15:00+05:30,2026-09-18 14:15:00,28,32.4,24.6,9,13,18.3,305,0,0,0.3,15.9,16.2,1274.4,82,1,162.5,28.3,76,32.2,1,275,7.2,1,1,23.6
2026-09-18T14:10:00+05:30,2026-09-18 14:10:00,27.8,31.6,24,9,13,18.3,276,0,0,0.3,15.9,16.2,1274.4,80,6,679.5,28.3,75,32,1,276,7.9,1,1,23.4
2026-09-18T14:05:00+05:30,2026-09-18 14:05:00,28,32.3,24.4,6.4,16.6,18.3,301,0,0,0.3,15.9,16.2,1274.4,81,2,206.9,28.2,75,31.8,1,294,7.2,1,1,23.3
2026-09-18T14:00:00+05:30,2026-09-18 14:00:00,28.1,32.2,24.1,1.8,9.3,18.3,238,0,0,0.3,15.9,16.2,1274.4,79,3,402.6,28.3,75,32,1,285,5.5,1,1,23.4
2026-09-18T13:55:00+05:30,2026-09-18 13:55:00,28.2,32.2,23.8,0.3,1.8,18.3,317,0,0,0.3,15.9,16.2,1274.4,77,1,196.1,28.3,74,31.8,1,285,3.5,1,1,23.2
2026-09-18T13:50:00+05:30,2026-09-18 13:50:00,28.4,32.6,24,7.2,9.3,18.3,290,0,0,0.3,15.9,16.2,1274.4,77,1,186.5,28.4,75,32.2,1,297,3.5,1,1,23.5
2026-09-18T13:45:00+05:30,2026-09-18 13:45:00,28.7,33.2,24.1,3.5,11.1,18.3,333,0,0,0.3,15.9,16.2,1274.4,76,3,327.4,28.4,75,32.2,1,299,3.5,1,1,23.5
2026-09-18T13:40:00+05:30,2026-09-18 13:40:00,28.4,32.9,24.4,3.2,11.1,18.3,266,0,0,0.3,15.9,16.2,1274.4,79,7,749,28.4,75,32.2,1,300,4.3,1,1,23.5
2026-09-18T13:35:00+05:30,2026-09-18 13:35:00,27.8,31.7,24.2,5.5,7.2,18.3,303,0,0,0.3,15.9,16.2,1274.4,81,6,643.4,28.3,74,31.8,1,303,4.7,1,1,23.2
2026-09-18T13:30:00+05:30,2026-09-18 13:30:00,28.4,32.7,24.2,10.8,14.8,18.3,289,0,0,0.3,15.9,16.2,1274.4,78,2,286.4,28.3,74,31.8,1,289,4.7,1,1,23.2
2026-09-18T13:25:00+05:30,2026-09-18 13:25:00,28.9,33.2,23.8,2.9,9.3,18.3,288,0,0,0.3,15.9,16.2,1274.4,74,2,273.8,28.3,73,31.7,1,291,5.5,1,1,22.9
2026-09-18T13:20:00+05:30,2026-09-18 13:20:00,29.2,33.8,23.9,9.7,18.3,18.3,292,0,0,0.3,15.9,16.2,1274.4,73,1,185.9,28.4,73,31.9,1,292,4.7,1,1,23.1
2026-09-18T13:15:00+05:30,2026-09-18 13:15:00,29.9,35,24,6.1,11.1,18.3,309,0,0,0.3,15.9,16.2,1274.4,71,1,198.6,28.4,73,31.9,1,279,4,1,1,23.1
2026-09-18T13:10:00+05:30,2026-09-18 13:10:00,29.8,34.5,23.7,1.4,7.2,18.3,305,0,0,0.3,15.9,16.2,1274.4,70,5,515.5,28.4,73,31.9,1,276,2.9,1,1,23.1
2026-09-18T13:05:00+05:30,2026-09-18 13:05:00,30.1,35.1,23.8,6.1,14.8,18.3,276,0,0,0.3,15.9,16.2,1274.4,69,7,768.9,28.4,73,31.9,1,276,4.3,1,1,23.1
2026-09-18T13:00:00+05:30,2026-09-18 13:00:00,30.2,35.6,24.1,7.2,14.8,18.3,284,0,0,0.3,15.9,16.2,1274.4,70,7,817.9,28.3,73,31.7,1,279,4,1,1,22.9
2026-09-18T12:55:00+05:30,2026-09-18 12:55:00,29.9,35,24,2.9,9.3,18.3,273,0,0,0.3,15.9,16.2,1274.4,71,7,720,28.3,73,31.7,1,279,5.8,1,1,22.9
2026-09-18T12:50:00+05:30,2026-09-18 12:50:00,29.7,34.8,24.1,6.4,13,18.3,239,0,0,0.3,15.9,16.2,1274.4,72,4,497.2,28.2,74,31.7,1,291,4.3,1,1,23.1
2026-09-18T12:45:00+05:30,2026-09-18 12:45:00,30,34.8,23.7,0.3,3.5,16.6,38,0,0,0.3,15.9,16.2,1274.4,69,6,696,28.2,74,31.7,1,333,2.9,1,1,23.1
2026-09-18T12:40:00+05:30,2026-09-18 12:40:00,29.8,34.7,23.9,2.9,5.5,16.6,330,0,0,0.3,15.9,16.2,1274.4,71,9,924.5,28.1,74,31.4,1,317,1.4,1,1,23
2026-09-18T12:35:00+05:30,2026-09-18 12:35:00,29.4,34,23.8,1.4,5.5,16.6,312,0,0,0.3,15.9,16.2,1274.4,72,2,261.7,28.1,74,31.4,1,357,1.1,1,1,23
2026-09-18T12:30:00+05:30,2026-09-18 12:30:00,29,33.7,24.1,0,3.5,16.6,6,0,0,0.3,15.9,16.2,1274.4,75,5,595.3,28,74,31.2,1,297,4,1,1,22.9
2026-09-18T12:26:00+05:30,2026-09-18 12:26:00,28.7,33,23.8,0.3,13,16.6,312,0,0,0.3,15.9,16.2,1274.4,75,4,419.7,28.1,74,31.4,1,290,4.7,1,1,23
2026-09-18T12:20:00+05:30,2026-09-18 12:20:00,28.9,32.9,23.3,2.9,7.2,16.6,332,0,0,0.3,15.9,16.2,1274.4,72,3,374.6,28,74,31.2,1,332,4,1,1,22.9
2026-09-18T12:15:00+05:30,2026-09-18 12:15:00,28.7,32.8,23.6,3.5,9.3,16.6,211,0,0,0.3,15.9,16.2,1274.4,74,2,224.3,28,74,31.2,1,307,4.7,1,1,22.9
2026-09-18T12:10:00+05:30,2026-09-18 12:10:00,28.7,32.7,23.4,6.4,11.1,16.6,267,0,0,0.3,15.9,16.2,1274.4,73,2,210.8,28,74,31.2,1,267,4.7,1,1,22.9
2026-09-18T12:05:00+05:30,2026-09-18 12:05:00,29.1,33.6,23.8,9.3,14.8,16.6,289,0,0,0.3,15.9,16.2,1274.4,73,3,309.9,28,74,31.2,1,309,4.7,1,1,22.9
2026-09-18T12:01:00+05:30,2026-09-18 12:01:00,28.8,33,23.7,4.7,9.3,16.6,284,0,0,0.3,15.9,16.2,1274.4,74,3,328.4,28,74,31.2,1,303,4.7,1,1,22.9
2026-09-18T11:55:00+05:30,2026-09-18 11:55:00,29.2,33.6,23.6,1.8,7.2,16.6,303,0,0,0.3,15.9,16.2,1274.4,72,3,347.5,27.9,74,31,1,272,3.2,1,1,22.8
2026-09-18T11:50:00+05:30,2026-09-18 11:50:00,29,33.3,23.7,5.5,11.1,16.6,272,0,0,0.3,15.9,16.2,1274.4,73,2,257.1,27.9,74,31,1,292,4.3,1,1,22.8
2026-09-18T11:45:00+05:30,2026-09-18 11:45:00,29.9,35,24,2.1,11.1,16.6,224,0,0,0.3,15.9,16.2,1274.4,71,2,300.3,27.9,75,31.1,1,287,2.1,1,1,23.1
2026-09-18T11:40:00+05:30,2026-09-18 11:40:00,29.9,34.8,23.8,1.1,11.1,16.6,330,0,0,0.3,15.9,16.2,1274.4,70,2,284.3,27.9,75,31.1,1,296,1.4,1,1,23.1
2026-09-18T11:35:00+05:30,2026-09-18 11:35:00,29.8,34.5,23.7,4.7,7.2,16.6,298,0,0,0.3,15.9,16.2,1274.4,70,3,311.6,27.8,75,30.9,1,299,3.5,1,1,22.9
2026-09-18T11:30:00+05:30,2026-09-18 11:30:00,29,33.3,23.7,3.5,9.3,16.6,355,0,0,0.3,15.9,16.2,1274.4,73,5,527.4,27.8,75,30.9,1,288,6.4,1,1,22.9
2026-09-18T11:25:00+05:30,2026-09-18 11:25:00,28.3,32,23.4,8.2,11.1,16.6,247,0,0,0.3,15.9,16.2,1274.4,75,5,590.6,27.7,75,30.8,1,293,6.4,1,1,22.9
2026-09-18T11:20:00+05:30,2026-09-18 11:20:00,28.1,31.8,23.5,4,11.1,16.6,316,0,0,0.3,15.9,16.2,1274.4,76,1,194.6,27.7,75,30.8,1,267,6.4,1,1,22.9
2026-09-18T11:15:00+05:30,2026-09-18 11:15:00,28.6,32.6,23.5,11.9,16.6,16.6,265,0,0,0.3,15.9,16.2,1274.4,74,2,270.8,27.7,74,30.6,1,265,7.6,1,1,22.7
2026-09-18T11:10:00+05:30,2026-09-18 11:10:00,28.9,33.2,23.8,6.9,14.8,16.6,247,0,0,0.3,15.9,16.2,1274.4,74,6,693.1,27.6,76,30.7,1,274,3.2,1,1,23
2026-09-18T11:05:00+05:30,2026-09-18 11:05:00,29,33.5,23.9,4.7,7.2,16.6,347,0,0,0.3,15.9,16.2,1274.4,74,9,982.9,27.5,77,30.5,1,350,1.4,1,1,23.1
2026-09-18T11:00:00+05:30,2026-09-18 11:00:00,29.4,34.2,24,0,1.8,16.6,309,0,0,0.3,15.9,16.2,1274.4,73,2,242.9,27.4,77,30.3,1,308,1.8,1,1,23
2026-09-18T10:55:00+05:30,2026-09-18 10:55:00,29.3,34.2,24.2,7.2,11.1,16.6,230,0,0,0.3,15.9,16.2,1274.4,74,7,739.9,27.3,77,30.1,1,308,4.3,1,1,22.9
2026-09-18T10:50:00+05:30,2026-09-18 10:50:00,28.3,32.1,23.6,4,9.3,16.6,284,0,0,0.3,15.9,16.2,1274.4,76,8,922.5,27.2,78,30.1,1,301,5,1,1,23.1
2026-09-18T10:45:00+05:30,2026-09-18 10:45:00,28.6,32.9,24,7.9,11.1,16.6,305,0,0,0.3,15.9,16.2,1274.4,76,2,226.3,27.1,78,29.8,1,299,3.5,1,1,22.9
2026-09-18T10:40:00+05:30,2026-09-18 10:40:00,28.1,31.6,23.3,1.4,9.3,16.6,345,0,0,0.3,15.9,16.2,1274.4,75,1,179.9,27,78,29.6,1,293,4,1,1,22.8
2026-09-18T10:35:00+05:30,2026-09-18 10:35:00,28.5,32.5,23.6,10.5,13,16.6,288,0,0,0.3,15.9,16.2,1274.4,75,7,775.3,26.8,79,29.2,1,267,2.9,1,1,22.8
2026-09-18T10:30:00+05:30,2026-09-18 10:30:00,27.9,31.5,23.7,2.6,9.3,16.6,281,0,0,0.3,15.9,16.2,1274.4,78,7,762.3,26.7,79,29.1,1,272,3.2,1,1,22.8
2026-09-18T10:25:00+05:30,2026-09-18 10:25:00,27,29.8,23.5,1.4,9.3,16.6,315,0,0,0.3,15.9,16.2,1274.4,81,7,795.4,26.6,79,27.4,1,263,3.2,1,1,22.7
2026-09-18T10:20:00+05:30,2026-09-18 10:20:00,27.3,30.5,23.7,6.9,11.1,11.1,297,0,0,0.3,15.9,16.2,1274.4,81,1,105.5,26.6,80,27.4,1,316,0,1,1,22.9
2026-09-18T10:15:00+05:30,2026-09-18 10:15:00,27.5,31.1,24.1,0,1.8,1.8,264,0,0,0.3,15.9,16.2,1274.4,82,1,151.3,26.6,80,27.4,1,290,0,1,1,22.9
2026-09-18T10:10:00+05:30,2026-09-18 10:10:00,27,30,23.9,0,0,1.8,290,0,0,0.3,15.9,16.2,1274.4,83,3,317,26.6,81,27.4,1,300,0,1,1,23.1
2026-09-18T10:05:00+05:30,2026-09-18 10:05:00,27,30,23.9,0,0,1.8,307,0,0,0.3,15.9,16.2,1274.4,83,3,308.6,26.6,81,27.4,1,307,0,1,1,23.1
2026-09-18T10:00:00+05:30,2026-09-18 10:00:00,27.6,31.7,24.7,0,0,1.8,183,0,0,0.3,15.9,16.2,1274.4,84,1,192.3,26.6,81,27.4,1,250,0,1,1,23.1
2026-09-18T09:55:00+05:30,2026-09-18 09:55:00,27.5,31.3,24.3,0,0,1.8,249,0,0,0.3,15.9,16.2,1274.4,83,2,260.1,26.6,81,27.4,1,215,0,1,1,23.1
2026-09-18T09:50:00+05:30,2026-09-18 09:50:00,27.3,30.7,24.1,0,1.8,1.8,253,0,0,0.3,15.9,16.2,1274.4,83,3,361.6,26.6,81,27.4,1,292,0,1,1,23.1
2026-09-18T09:45:00+05:30,2026-09-18 09:45:00,26.8,29.7,24,0,0,0,226,0,0,0.3,15.9,16.2,1274.4,85,8,875.1,26.5,81,27.3,1,296,0,1,1,22.9
2026-09-18T09:40:00+05:30,2026-09-18 09:40:00,25.9,26.8,23.7,0,0,0,296,0,0,0.3,15.9,16.2,1274.4,88,7,813.6,26.4,81,27.2,1,293,0,1,1,22.8
2026-09-18T09:35:00+05:30,2026-09-18 09:35:00,25.7,26.7,23.8,0,0,0,282,0,0,0.3,15.9,16.2,1274.4,89,2,222.9,26.3,81,27.1,1,319,0,1,1,22.7
2026-09-18T09:30:00+05:30,2026-09-18 09:30:00,25.4,26.3,23.4,0,0,0,294,0,0,0.3,15.9,16.2,1274.4,89,3,359.9,26.3,81,27.1,1,305,0,1,1,22.7
2026-09-18T09:25:00+05:30,2026-09-18 09:25:00,25.1,26.1,23.5,0,0,0,307,0,0,0.3,15.9,16.2,1274.4,91,2,210.4,26.3,81,27.1,1,331,0,1,1,22.7
2026-09-18T09:20:00+05:30,2026-09-18 09:20:00,25.1,26.1,23.7,0,0,0,327,0,0,0.3,15.9,16.2,1274.4,92,1,173.7,26.3,81,27.1,1,335,0,1,1,22.7
2026-09-18T09:15:00+05:30,2026-09-18 09:15:00,24.9,25.8,23.5,0,0,0,342,0,0,0.3,15.9,16.2,1274.4,92,1,116.1,26.3,81,27.1,1,315,0,1,1,22.7
2026-09-18T09:10:00+05:30,2026-09-18 09:10:00,25.1,26.1,23.7,0,0,0,327,0,0,0.3,15.9,16.2,1274.4,92,1,146.9,26.3,81,27.1,1,322,0,1,1,22.7
2026-09-18T09:05:00+05:30,2026-09-18 09:05:00,25.2,26.2,23.8,0,0,0,312,0,0,0.3,15.9,16.2,1274.4,92,1,157.3,26.3,81,27.1,1,312,0,1,1,22.7
2026-09-18T09:00:00+05:30,2026-09-18 09:00:00,25.5,26.5,23.9,0,0,0,318,0,0,0.3,15.9,16.2,1274.4,91,0,55.1,26.3,81,27.1,1,317,0,1,1,22.7
2026-09-18T08:59:00+05:30,2026-09-18 08:59:00,25.5,26.5,23.9,0,0,0,317,0,0,0.3,15.9,16.2,1274.4,91,0,59.9,26.3,81,27.1,1,317,0,1,1,22.7
2026-09-18T08:45:00+05:30,2026-09-18 08:45:00,25.6,26.5,23.5,0,0,0,320,0,0.3,0.3,15.9,16.2,1274.4,88,1,175.2,26.2,81,27,1,324,0,1,1,22.7
2026-09-18T08:41:00+05:30,2026-09-18 08:41:00,25,25.9,23.2,0,0,0,319,0,0.3,0.3,15.9,16.2,1274.4,90,5,542.2,26.2,81,27,1,319,0,1,1,22.7
2026-09-18T08:35:00+05:30,2026-09-18 08:35:00,24.5,25.5,23.6,0,0,0,317,0,0.3,0.3,15.9,16.2,1274.4,95,2,269.7,26.2,81,27,1,315,0,1,1,22.7
2026-09-18T08:30:00+05:30,2026-09-18 08:30:00,24.2,25.2,23.2,0,0,0,297,0,0.3,0.3,15.9,16.2,1274.4,94,2,307.8,26.2,81,27,1,338,0,1,1,22.7
2026-09-18T08:25:00+05:30,2026-09-18 08:25:00,24,24.9,23.1,0,0,0,336,0,0.3,0.3,15.9,16.2,1274.4,95,2,274,26.2,81,27,1,306,0,1,1,22.7
2026-09-18T08:20:00+05:30,2026-09-18 08:20:00,23.9,24.8,23,0,0,0,310,0,0.3,0.3,15.9,16.2,1274.4,95,1,117.1,26.2,81,27,1,306,0,1,1,22.7
2026-09-18T08:15:00+05:30,2026-09-18 08:15:00,23.9,24.8,23.2,0,0,0,324,0,0.3,0.3,15.9,16.2,1274.4,96,1,103.9,26.2,80,27,1,308,0,1,1,22.5
2026-09-18T08:10:00+05:30,2026-09-18 08:10:00,23.8,24.7,23.1,0,0,0,352,0,0.3,0.3,15.9,16.2,1274.4,96,2,220.6,26.3,80,27.1,1,310,0,1,1,22.6
2026-09-18T08:05:00+05:30,2026-09-18 08:05:00,23.8,24.7,23.1,0,0,0,286,0,0.3,0.3,15.9,16.2,1274.4,96,1,106.4,26.3,79,27,1,340,0,1,1,22.3
2026-09-18T08:00:00+05:30,2026-09-18 08:00:00,23.8,24.7,22.9,0,0,0,358,1.8,0.3,0.3,15.9,16.2,1274.4,95,0,79.3,26.3,79,27,1,308,0,1,1,22.3
2026-09-18T07:55:00+05:30,2026-09-18 07:55:00,24.2,25.2,23.2,0,0,0,316,0,0,0,15.6,15.9,1274.1,94,0,88.4,26.3,79,27,1,308,0,1,1,22.3
2026-09-18T07:50:00+05:30,2026-09-18 07:50:00,24.5,25.4,23.3,0,0,0,305,0,0,0,15.6,15.9,1274.1,93,0,96.6,26.3,79,27,1,200,0,1,1,22.3
2026-09-18T07:45:00+05:30,2026-09-18 07:45:00,24.7,25.7,23.3,0,0,0,303,0,0,0,15.6,15.9,1274.1,92,0,96.4,26.3,79,27,1,303,0,1,1,22.3
2026-09-18T07:40:00+05:30,2026-09-18 07:40:00,24.8,25.7,23.2,0,0,0,306,0,0,0,15.6,15.9,1274.1,91,0,79,26.3,79,27,1,319,0,1,1,22.3
2026-09-18T07:35:00+05:30,2026-09-18 07:35:00,24.7,25.7,23.3,0,0,0,319,0,0,0,15.6,15.9,1274.1,92,0,88,26.2,79,26.9,1,319,0,1,1,22.3
2026-09-18T07:30:00+05:30,2026-09-18 07:30:00,24.6,25.5,23.2,0,0,0,316,0,0,0,15.6,15.9,1274.1,92,0,67.4,26.2,79,26.9,1,316,0,1,1,22.3
2026-09-18T07:25:00+05:30,2026-09-18 07:25:00,24.5,25.4,23.1,0,0,0,316,0,0,0,15.6,15.9,1274.1,92,0,66.3,26.2,79,26.9,1,316,0,1,1,22.3
2026-09-18T07:20:00+05:30,2026-09-18 07:20:00,24.4,25.3,23,0,0,0,316,0,0,0,15.6,15.9,1274.1,92,0,99.8,26.2,79,26.9,1,316,0,1,1,22.3
2026-09-18T07:15:00+05:30,2026-09-18 07:15:00,24.1,25,22.9,0,0,0,316,0,0,0,15.6,15.9,1274.1,93,0,68.2,26.2,79,26.9,1,316,0,1,1,22.3
2026-09-18T07:10:00+05:30,2026-09-18 07:10:00,24,24.9,22.8,0,0,0,316,0,0,0,15.6,15.9,1274.1,93,0,62.1,26.2,79,26.9,1,316,0,1,1,22.3
2026-09-18T07:05:00+05:30,2026-09-18 07:05:00,23.8,24.7,22.8,0,0,0,316,0,0,0,15.6,15.9,1274.1,94,0,33.8,26.2,79,26.9,1,316,0,1,1,22.3
2026-09-18T07:00:00+05:30,2026-09-18 07:00:00,23.7,24.6,22.9,0,0,0,316,0,0,0,15.6,15.9,1274.1,95,0,39.6,26.1,79,26.8,1,316,0,1,1,22.2
2026-09-18T06:55:00+05:30,2026-09-18 06:55:00,23.6,24.5,22.8,0,0,0,316,0,0,0,15.6,15.9,1274.1,95,0,43.6,26.1,79,26.8,1,316,0,1,1,22.2
2026-09-18T06:50:00+05:30,2026-09-18 06:50:00,23.5,24.4,22.7,0,0,0,316,0,0,0,15.6,15.9,1274.1,95,0,42.9,26.2,79,26.9,1,316,0,1,1,22.3
2026-09-18T06:45:00+05:30,2026-09-18 06:45:00,23.3,24.1,22.4,0,0,0,316,0,0,0,15.6,15.9,1274.1,95,0,27.1,26.1,79,26.8,1,316,0,1,1,22.2
2026-09-18T06:40:00+05:30,2026-09-18 06:40:00,23.3,24.2,22.6,0,0,0,316,0,0,0,15.6,15.9,1274.1,96,0,30.7,26.1,79,26.8,1,316,0,1,1,22.2
2026-09-18T06:35:00+05:30,2026-09-18 06:35:00,23.1,24,22.4,0,0,0,316,0,0,0,15.6,15.9,1274.1,96,0,33.6,26.1,79,26.8,1,316,0,1,1,22.2
2026-09-18T06:30:00+05:30,2026-09-18 06:30:00,23.1,24,22.6,0,0,0,316,0,0,0,15.6,15.9,1274.1,97,0,29.5,26.1,79,26.8,1,316,0,1,1,22.2
2026-09-18T06:25:00+05:30,2026-09-18 06:25:00,23.1,24,22.6,0,0,0,315,0,0,0,15.6,15.9,1274.1,97,0,19.5,26.1,79,26.8,1,315,0,1,1,22.2
2026-09-18T06:20:00+05:30,2026-09-18 06:20:00,23,23.9,22.5,0,0,0,314,0,0,0,15.6,15.9,1274.1,97,0,12.6,26.1,79,26.8,1,314,0,1,1,22.2
2026-09-18T06:15:00+05:30,2026-09-18 06:15:00,23,23.9,22.5,0,0,0,314,0,0,0,15.6,15.9,1274.1,97,0,9.1,26.1,79,26.8,1,314,0,1,1,22.2
2026-09-18T06:10:00+05:30,2026-09-18 06:10:00,22.9,23.8,22.4,0,0,0,314,0,0,0,15.6,15.9,1274.1,97,0,5.8,26.2,79,26.9,1,314,0,1,1,22.3
2026-09-18T06:05:00+05:30,2026-09-18 06:05:00,22.9,23.8,22.4,0,0,0,314,0,0,0,15.6,15.9,1274.1,97,0,2.5,26.1,79,26.8,1,314,0,1,1,22.2
2026-09-18T06:00:00+05:30,2026-09-18 06:00:00,22.9,23.8,22.4,0,0,0,314,0,0,0,15.6,15.9,1274.1,97,0,2.1,26.2,79,26.9,1,314,0,1,1,22.3
2026-09-18T05:55:00+05:30,2026-09-18 05:55:00,23,23.9,22.5,0,0,0,314,0,0,0,15.6,15.9,1274.1,97,0,1.1,26.1,79,26.8,1,314,0,1,1,22.2
2026-09-18T05:50:00+05:30,2026-09-18 05:50:00,23,23.9,22.5,0,0,0,314,0,0,0,15.6,15.9,1274.1,97,0,0.4,26.1,79,26.8,1,314,0,1,1,22.2
2026-09-18T05:45:00+05:30,2026-09-18 05:45:00,22.9,23.7,22.2,0,0,0,314,0,0,0,15.6,15.9,1274.1,96,0,0.1,26.2,79,26.9,1,314,0,1,1,22.3
2026-09-18T05:40:00+05:30,2026-09-18 05:40:00,22.9,23.7,22.2,0,0,0,314,0,0,0,15.6,15.9,1274.1,96,0,0,26.2,79,26.9,1,314,0,1,1,22.3
2026-09-18T05:35:00+05:30,2026-09-18 05:35:00,22.9,23.8,22.4,0,0,0,314,0,0,0,15.6,15.9,1274.1,97,0,0,26.2,79,26.9,1,314,0,1,1,22.3
2026-09-18T05:30:00+05:30,2026-09-18 05:30:00,22.9,23.8,22.4,0,0,0,314,0,0,0,15.6,15.9,1274.1,97,0,0,26.2,79,26.9,1,314,0,1,1,22.3
2026-09-18T05:25:00+05:30,2026-09-18 05:25:00,22.9,23.8,22.4,0,0,0,314,0,0,0,15.6,15.9,1274.1,97,0,0,26.2,79,26.9,1,314,0,1,1,22.3
2026-09-18T05:20:00+05:30,2026-09-18 05:20:00,23,23.9,22.5,0,0,0,314,0,0,0,15.6,15.9,1274.1,97,0,0,26.2,79,26.9,1,314,0,1,1,22.3
2026-09-18T05:15:00+05:30,2026-09-18 05:15:00,23,23.9,22.5,0,0,0,314,0,0,0,15.6,15.9,1274.1,97,0,0,26.2,79,26.9,1,314,0,1,1,22.3
2026-09-18T05:10:00+05:30,2026-09-18 05:10:00,23,23.9,22.5,0,0,0,314,0,0,0,15.6,15.9,1274.1,97,0,0,26.2,79,26.9,1,314,0,1,1,22.3
2026-09-18T05:05:00+05:30,2026-09-18 05:05:00,22.9,23.8,22.4,0,0,0,314,0,0,0,15.6,15.9,1274.1,97,0,0,26.2,79,26.9,1,314,0,1,1,22.3
2026-09-18T05:00:00+05:30,2026-09-18 05:00:00,22.9,23.8,22.4,0,0,0,314,0,0,0,15.6,15.9,1274.1,97,0,0,26.2,79,26.9,1,314,0,1,1,22.3
2026-09-18T04:55:00+05:30,2026-09-18 04:55:00,22.9,23.8,22.4,0,0,0,314,0,0,0,15.6,15.9,1274.1,97,0,0,26.2,79,26.9,1,314,0,1,1,22.3
2026-09-18T04:50:00+05:30,2026-09-18 04:50:00,22.9,23.8,22.4,0,0,0,314,0,0,0,15.6,15.9,1274.1,97,0,0,26.2,79,26.9,1,314,0,1,1,22.3
2026-09-18T04:45:00+05:30,2026-09-18 04:45:00,22.9,23.8,22.4,0,0,0,314,0,0,0,15.6,15.9,1274.1,97,0,0,26.2,79,26.9,1,314,0,1,1,22.3
2026-09-18T04:40:00+05:30,2026-09-18 04:40:00,22.9,23.8,22.4,0,0,0,314,0,0,0,15.6,15.9,1274.1,97,0,0,26.2,79,26.9,1,314,0,1,1,22.3
2026-09-18T04:35:00+05:30,2026-09-18 04:35:00,22.9,23.8,22.4,0,0,0,314,0,0,0,15.6,15.9,1274.1,97,0,0,26.2,79,26.9,1,314,0,1,1,22.3
2026-09-18T04:30:00+05:30,2026-09-18 04:30:00,22.9,23.8,22.4,0,0,0,314,0,0,0,15.6,15.9,1274.1,97,0,0,26.2,79,26.9,1,314,0,1,1,22.3
2026-09-18T04:25:00+05:30,2026-09-18 04:25:00,22.8,23.6,22.3,0,0,0,314,0,0,0,15.6,15.9,1274.1,97,0,0,26.2,79,26.9,1,314,0,1,1,22.3
2026-09-18T04:20:00+05:30,2026-09-18 04:20:00,22.9,23.8,22.6,0,0,0,314,0,0,0,15.6,15.9,1274.1,98,0,0,26.2,79,26.9,1,314,0,1,1,22.3
2026-09-18T04:15:00+05:30,2026-09-18 04:15:00,22.7,23.6,22.4,0,0,0,314,0,0,0,15.6,15.9,1274.1,98,0,0,26.2,79,26.9,1,314,0,1,1,22.3
2026-09-18T04:10:00+05:30,2026-09-18 04:10:00,22.7,23.6,22.4,0,0,0,314,0,0,0,15.6,15.9,1274.1,98,0,0,26.2,79,26.9,1,314,0,1,1,22.3
2026-09-18T04:05:00+05:30,2026-09-18 04:05:00,22.7,23.6,22.4,0,0,0,314,0,0,0,15.6,15.9,1274.1,98,0,0,26.2,79,26.9,1,314,0,1,1,22.3
2026-09-18T04:00:00+05:30,2026-09-18 04:00:00,22.7,23.6,22.4,0,0,0,314,0,0,0,15.6,15.9,1274.1,98,0,0,26.2,79,26.9,1,314,0,1,1,22.3
2026-09-18T03:55:00+05:30,2026-09-18 03:55:00,22.7,23.6,22.6,0,0,0,314,0,0,0,15.6,15.9,1274.1,99,0,0,26.2,79,26.9,1,314,0,1,1,22.3
2026-09-18T03:50:00+05:30,2026-09-18 03:50:00,22.7,23.6,22.4,0,0,0,314,0,0,0,15.6,15.9,1274.1,98,0,0,26.2,79,26.9,1,314,0,1,1,22.3
2026-09-18T03:45:00+05:30,2026-09-18 03:45:00,22.7,23.6,22.6,0,0,0,314,0,0,0,15.6,15.9,1274.1,99,0,0,26.2,79,26.9,1,314,0,1,1,22.3
2026-09-18T03:40:00+05:30,2026-09-18 03:40:00,22.7,23.6,22.4,0,0,0,314,0,0,0,15.6,15.9,1274.1,98,0,0,26.2,79,26.9,1,314,0,1,1,22.3
2026-09-18T03:35:00+05:30,2026-09-18 03:35:00,22.6,23.5,22.3,0,0,0,314,0,0,0,15.6,15.9,1274.1,98,0,0,26.2,79,26.9,1,314,0,1,1,22.3
2026-09-18T03:30:00+05:30,2026-09-18 03:30:00,22.6,23.5,22.3,0,0,0,314,0,0,0,15.6,15.9,1274.1,98,0,0,26.3,79,27,1,314,0,1,1,22.3
2026-09-18T03:25:00+05:30,2026-09-18 03:25:00,22.7,23.6,22.6,0,0,0,314,0,0,0,15.6,15.9,1274.1,99,0,0,26.2,79,26.9,1,314,0,1,1,22.3
2026-09-18T03:20:00+05:30,2026-09-18 03:20:00,22.7,23.6,22.4,0,0,0,315,0,0,0,15.6,15.9,1274.1,98,0,0,26.2,79,26.9,1,315,0,1,1,22.3
2026-09-18T03:15:00+05:30,2026-09-18 03:15:00,22.7,23.6,22.4,0,0,0,315,0,0,0,15.6,15.9,1274.1,98,0,0,26.3,79,27,1,315,0,1,1,22.3
2026-09-18T03:10:00+05:30,2026-09-18 03:10:00,22.7,23.6,22.4,0,0,0,315,0,0,0,15.6,15.9,1274.1,98,0,0,26.3,79,27,1,315,0,1,1,22.3
2026-09-18T03:05:00+05:30,2026-09-18 03:05:00,22.7,23.6,22.4,0,0,0,315,0,0,0,15.6,15.9,1274.1,98,0,0,26.3,79,27,1,315,0,1,1,22.3
2026-09-18T03:00:00+05:30,2026-09-18 03:00:00,22.8,23.7,22.4,0,0,0,315,0,0,0,15.6,15.9,1274.1,98,0,0,26.3,79,27,1,315,0,1,1,22.3
2026-09-18T02:55:00+05:30,2026-09-18 02:55:00,22.8,23.7,22.4,0,0,0,315,0,0,0,15.6,15.9,1274.1,98,0,0,26.3,79,27,1,315,0,1,1,22.3
2026-09-18T02:50:00+05:30,2026-09-18 02:50:00,22.7,23.6,22.4,0,0,0,315,0,0,0,15.6,15.9,1274.1,98,0,0,26.3,79,27,1,315,0,1,1,22.3
2026-09-18T02:45:00+05:30,2026-09-18 02:45:00,22.7,23.6,22.4,0,0,0,315,0,0,0,15.6,15.9,1274.1,98,0,0,26.3,79,27,1,315,0,1,1,22.3
2026-09-18T02:40:00+05:30,2026-09-18 02:40:00,22.7,23.6,22.4,0,0,0,315,0,0,0,15.6,15.9,1274.1,98,0,0,26.3,79,27,1,315,0,1,1,22.3
2026-09-18T02:35:00+05:30,2026-09-18 02:35:00,22.8,23.7,22.4,0,0,0,315,0,0,0,15.6,15.9,1274.1,98,0,0,26.3,79,27,1,315,0,1,1,22.3
2026-09-18T02:30:00+05:30,2026-09-18 02:30:00,22.8,23.7,22.4,0,0,0,315,0,0,0,15.6,15.9,1274.1,98,0,0,26.3,79,27,1,315,0,1,1,22.3
2026-09-18T02:25:00+05:30,2026-09-18 02:25:00,22.8,23.7,22.4,0,0,0,315,0,0,0,15.6,15.9,1274.1,98,0,0,26.3,79,27,1,315,0,1,1,22.3
2026-09-18T02:22:00+05:30,2026-09-18 02:22:00,22.8,23.7,22.4,0,0,0,315,0,0,0,15.6,15.9,1274.1,98,0,0,26.3,79,27,1,315,0,1,1,22.3
2026-09-18T02:10:00+05:30,2026-09-18 02:10:00,22.9,23.8,22.6,0,0,0,315,0,0,0,15.6,15.9,1274.1,98,0,0,26.3,79,27,1,315,0,1,1,22.3
2026-09-18T02:05:00+05:30,2026-09-18 02:05:00,22.9,23.8,22.6,0,0,0,315,0,0,0,15.6,15.9,1274.1,98,0,0,26.3,79,27,1,315,0,1,1,22.3
2026-09-18T02:00:00+05:30,2026-09-18 02:00:00,22.9,23.8,22.6,0,0,0,315,0,0,0,15.6,15.9,1274.1,98,0,0,26.3,79,27,1,315,0,1,1,22.3
2026-09-18T01:55:00+05:30,2026-09-18 01:55:00,22.9,23.8,22.6,0,0,0,315,0,0,0,15.6,15.9,1274.1,98,0,0,26.3,79,27,1,315,0,1,1,22.3
2026-09-18T01:50:00+05:30,2026-09-18 01:50:00,22.9,23.8,22.4,0,0,0,315,0,0,0,15.6,15.9,1274.1,97,0,0,26.3,79,27,1,315,0,1,1,22.3
2026-09-18T01:45:00+05:30,2026-09-18 01:45:00,22.9,23.8,22.4,0,0,0,315,0,0,0,15.6,15.9,1274.1,97,0,0,26.3,79,27,1,315,0,1,1,22.3
2026-09-18T01:40:00+05:30,2026-09-18 01:40:00,23,23.9,22.5,0,0,0,315,0,0,0,15.6,15.9,1274.1,97,0,0,26.4,79,27.2,1,315,0,1,1,22.4
2026-09-18T01:35:00+05:30,2026-09-18 01:35:00,22.9,23.8,22.4,0,0,0,315,0,0,0,15.6,15.9,1274.1,97,0,0,26.4,79,27.2,1,315,0,1,1,22.4
2026-09-18T01:30:00+05:30,2026-09-18 01:30:00,23,23.9,22.5,0,0,0,315,0,0,0,15.6,15.9,1274.1,97,0,0,26.4,79,27.2,1,315,0,1,1,22.4
2026-09-18T01:25:00+05:30,2026-09-18 01:25:00,23,23.9,22.5,0,0,0,315,0,0,0,15.6,15.9,1274.1,97,0,0,26.4,79,27.2,1,315,0,1,1,22.4
2026-09-18T01:20:00+05:30,2026-09-18 01:20:00,23.1,24,22.6,0,0,0,315,0,0,0,15.6,15.9,1274.1,97,0,0,26.4,79,27.2,1,315,0,1,1,22.4
2026-09-18T01:15:00+05:30,2026-09-18 01:15:00,23.1,24,22.6,0,0,0,315,0,0,0,15.6,15.9,1274.1,97,0,0,26.4,79,27.2,1,315,0,1,1,22.4
2026-09-18T01:10:00+05:30,2026-09-18 01:10:00,23.2,24.1,22.7,0,0,0,316,0,0,0,15.6,15.9,1274.1,97,0,0,26.4,79,27.2,1,315,0,1,1,22.4
2026-09-18T01:05:00+05:30,2026-09-18 01:05:00,23.2,24.1,22.7,0,0,0,315,0,0,0,15.6,15.9,1274.1,97,0,0,26.4,79,27.2,1,315,0,1,1,22.4
2026-09-18T01:00:00+05:30,2026-09-18 01:00:00,23.2,24.1,22.7,0,0,0,316,0,0,0,15.6,15.9,1274.1,97,0,0,26.4,79,27.2,1,316,0,1,1,22.4
2026-09-18T00:55:00+05:30,2026-09-18 00:55:00,23.2,24.1,22.5,0,0,0,316,0,0,0,15.6,15.9,1274.1,96,0,0,26.5,79,27.3,1,316,0,1,1,22.6
2026-09-18T00:50:00+05:30,2026-09-18 00:50:00,23.2,24.1,22.5,0,0,0,316,0,0,0,15.6,15.9,1274.1,96,0,0,26.5,79,27.3,1,316,0,1,1,22.6
2026-09-18T00:45:00+05:30,2026-09-18 00:45:00,23.2,24.1,22.5,0,0,0,315,0,0,0,15.6,15.9,1274.1,96,0,0,26.5,79,27.3,1,316,0,1,1,22.6
2026-09-18T00:40:00+05:30,2026-09-18 00:40:00,23.3,24.2,22.6,0,0,0,316,0,0,0,15.6,15.9,1274.1,96,0,0,26.5,79,27.3,1,316,0,1,1,22.6
2026-09-18T00:35:00+05:30,2026-09-18 00:35:00,23.2,24.1,22.5,0,0,0,316,0,0,0,15.6,15.9,1274.1,96,0,0,26.5,79,27.3,1,315,0,1,1,22.6
2026-09-18T00:30:00+05:30,2026-09-18 00:30:00,23.3,24.2,22.6,0,0,0,316,0,0,0,15.6,15.9,1274.1,96,0,0,26.5,79,27.3,1,316,0,1,1,22.6
2026-09-18T00:25:00+05:30,2026-09-18 00:25:00,23.3,24.2,22.6,0,0,0,316,0,0,0,15.6,15.9,1274.1,96,0,0,26.5,79,27.3,1,316,0,1,1,22.6
2026-09-18T00:20:00+05:30,2026-09-18 00:20:00,23.3,24.2,22.6,0,0,0,316,0,0,0,15.6,15.9,1274.1,96,0,0,26.5,79,27.3,1,316,0,1,1,22.6
2026-09-18T00:15:00+05:30,2026-09-18 00:15:00,23.3,24.1,22.4,0,0,0,316,0,0,0,15.6,15.9,1274.1,95,0,0,26.5,79,27.3,1,316,0,1,1,22.6
2026-09-18T00:10:00+05:30,2026-09-18 00:10:00,23.3,24.2,22.6,0,0,0,316,0,0,0,15.6,15.9,1274.1,96,0,0,26.5,79,27.3,1,316,0,1,1,22.6
2026-09-18T00:05:00+05:30,2026-09-18 00:05:00,23.3,24.1,22.4,0,0,0,316,0,0,0,15.6,15.9,1274.1,95,0,0,26.6,79,27.4,1,315,0,1,1,22.7
2026-09-18T00:00:00+05:30,2026-09-18 00:00:00,23.3,24.1,22.4,0,0,0,316,0,0,0,15.6,15.9,1274.1,95,0,0,26.6,79,27.4,1,316,0,1,1,22.7
2026-09-17T23:55:00+05:30,2026-09-17 23:55:00,23.3,24.1,22.4,0,0,0,316,0,0,0.5,15.6,15.9,1274.1,95,0,0,26.6,79,27.4,1,316,0,1,1,22.7
2026-09-17T23:50:00+05:30,2026-09-17 23:50:00,23.4,24.3,22.7,0,0,0,316,0,0,0.5,15.6,15.9,1274.1,96,0,0,26.5,79,27.3,1,316,0,1,1,22.6
2026-09-17T23:45:00+05:30,2026-09-17 23:45:00,23.4,24.3,22.7,0,0,0,316,0,0,0.5,15.6,15.9,1274.1,96,0,0,26.6,79,27.4,1,316,0,1,1,22.7
2026-09-17T23:35:00+05:30,2026-09-17 23:35:00,23.5,24.4,22.8,0,0,20.1,316,0,0,0.5,15.6,15.9,1274.1,96,0,0,26.6,79,27.4,1,316,0,1,1,22.7
2026-09-17T23:30:00+05:30,2026-09-17 23:30:00,23.5,24.4,22.8,0,0,20.1,316,0,0,0.5,15.6,15.9,1274.1,96,0,0,26.6,79,27.4,1,316,0,1,1,22.7
2026-09-17T23:25:00+05:30,2026-09-17 23:25:00,23.5,24.4,22.8,0,0,20.1,316,0,0,0.5,15.6,15.9,1274.1,96,0,0,26.6,79,27.4,1,316,0,1,1,22.7
2026-09-17T23:20:00+05:30,2026-09-17 23:20:00,23.5,24.4,22.8,0,0,20.1,316,0,0,0.5,15.6,15.9,1274.1,96,0,0,26.6,79,27.4,1,316,0,1,1,22.7
2026-09-17T23:15:00+05:30,2026-09-17 23:15:00,23.6,24.5,22.9,0,0,20.1,315,0,0,0.5,15.6,15.9,1274.1,96,0,0,26.6,79,27.4,1,316,0,1,1,22.7
2026-09-17T23:10:00+05:30,2026-09-17 23:10:00,23.6,24.5,22.9,0,0,20.1,315,0,0,0.5,15.6,15.9,1274.1,96,0,0,26.6,79,27.4,1,315,0,1,1,22.7
2026-09-17T23:05:00+05:30,2026-09-17 23:05:00,23.7,24.7,23,0,0,20.1,315,0,0,0.5,15.6,15.9,1274.1,96,0,0,26.6,79,27.4,1,315,0,1,1,22.7
2026-09-17T23:00:00+05:30,2026-09-17 23:00:00,23.7,24.7,23,0,0,20.1,315,0,0,0.5,15.6,15.9,1274.1,96,0,0,26.6,79,27.4,1,315,0,1,1,22.7
2026-09-17T22:55:00+05:30,2026-09-17 22:55:00,23.7,24.7,23,0,0,20.1,315,0,0,0.5,15.6,15.9,1274.1,96,0,0,26.7,79,29.1,1,315,0,1,1,22.8
2026-09-17T22:50:00+05:30,2026-09-17 22:50:00,23.7,24.6,22.9,0,0,20.1,315,0,0,0.5,15.6,15.9,1274.1,95,0,0,26.7,79,29.1,1,315,0,1,1,22.8
2026-09-17T22:45:00+05:30,2026-09-17 22:45:00,23.6,24.5,22.8,0,0,20.1,315,0,0,0.5,15.6,15.9,1274.1,95,0,0,26.7,79,29.1,1,315,0,1,1,22.8
2026-09-17T22:40:00+05:30,2026-09-17 22:40:00,23.6,24.5,22.8,0,0,20.1,315,0,0,0.5,15.6,15.9,1274.1,95,0,0,26.7,79,29.1,1,315,0,1,1,22.8
2026-09-17T22:35:00+05:30,2026-09-17 22:35:00,23.7,24.6,22.9,0,0,20.1,315,0,0,0.5,15.6,15.9,1274.1,95,0,0,26.7,78,29,1,315,0,1,1,22.6
2026-09-17T22:30:00+05:30,2026-09-17 22:30:00,23.7,24.6,22.9,0,0,20.1,315,0,0,0.5,15.6,15.9,1274.1,95,0,0,26.7,78,29,1,315,0,1,1,22.6
2026-09-17T22:25:00+05:30,2026-09-17 22:25:00,23.6,24.5,22.9,0,0,20.1,315,0,0,0.5,15.6,15.9,1274.1,96,0,0,26.7,78,29,1,315,0,1,1,22.6
2026-09-17T22:20:00+05:30,2026-09-17 22:20:00,23.6,24.5,22.9,0,0,20.1,315,0,0,0.5,15.6,15.9,1274.1,96,0,0,26.7,78,29,1,315,0,1,1,22.6
2026-09-17T22:15:00+05:30,2026-09-17 22:15:00,23.6,24.5,22.9,0,0,20.1,315,0,0,0.5,15.6,15.9,1274.1,96,0,0,26.7,78,29,1,315,0,1,1,22.6
2026-09-17T22:10:00+05:30,2026-09-17 22:10:00,23.7,24.7,23,0,0,20.1,315,0,0,0.5,15.6,15.9,1274.1,96,0,0,26.7,78,29,1,315,0,1,1,22.6
2026-09-17T22:05:00+05:30,2026-09-17 22:05:00,23.7,24.7,23,0,0,20.1,315,0,0,0.5,15.6,15.9,1274.1,96,0,0,26.7,78,29,1,315,0,1,1,22.6
2026-09-17T22:00:00+05:30,2026-09-17 22:00:00,23.7,24.6,22.9,0,0,20.1,315,0,0,0.5,15.6,15.9,1274.1,95,0,0,26.8,78,29.1,1,315,0,1,1,22.6
2026-09-17T21:55:00+05:30,2026-09-17 21:55:00,23.8,24.7,22.9,0,0,20.1,315,0,0,0.5,15.6,15.9,1274.1,95,0,0,26.8,78,29.1,1,315,0,1,1,22.6
2026-09-17T21:50:00+05:30,2026-09-17 21:50:00,23.9,24.8,23,0,0,20.1,315,0,0,0.5,15.6,15.9,1274.1,95,0,0,26.8,78,29.1,1,315,0,1,1,22.6
2026-09-17T21:45:00+05:30,2026-09-17 21:45:00,23.9,24.8,23,0,0,20.1,315,0,0,0.5,15.6,15.9,1274.1,95,0,0,26.8,78,29.1,1,315,0,1,1,22.6
2026-09-17T21:40:00+05:30,2026-09-17 21:40:00,24,24.9,23.1,0,0,20.1,315,0,0,0.5,15.6,15.9,1274.1,95,0,0,26.8,78,29.1,1,315,0,1,1,22.6
2026-09-17T21:35:00+05:30,2026-09-17 21:35:00,24,24.9,23,0,0,20.1,315,0,0,0.5,15.6,15.9,1274.1,94,0,0,26.8,78,29.1,1,315,0,1,1,22.6
2026-09-17T21:30:00+05:30,2026-09-17 21:30:00,24.1,25,23.1,0,0,20.1,315,0,0,0.5,15.6,15.9,1274.1,94,0,0,26.8,78,29.1,1,315,0,1,1,22.6
2026-09-17T21:25:00+05:30,2026-09-17 21:25:00,24.1,25,22.9,0,0,20.1,315,0,0,0.5,15.6,15.9,1274.1,93,0,0,26.9,78,29.3,1,315,0,1,1,22.7
2026-09-17T21:20:00+05:30,2026-09-17 21:20:00,24.1,25,22.9,0,0,20.1,315,0,0,0.5,15.6,15.9,1274.1,93,0,0,26.9,78,29.3,1,315,0,1,1,22.7
2026-09-17T21:15:00+05:30,2026-09-17 21:15:00,24.2,25.1,23,0,0,20.1,315,0,0,0.5,15.6,15.9,1274.1,93,0,0,26.9,78,29.3,1,315,0,1,1,22.7
2026-09-17T21:10:00+05:30,2026-09-17 21:10:00,24.2,25.1,23,0,0,20.1,315,0,0,0.5,15.6,15.9,1274.1,93,0,0,26.9,78,29.3,1,308,0,1,1,22.7
2026-09-17T21:05:00+05:30,2026-09-17 21:05:00,24.3,25.2,22.9,0,0,20.1,315,0,0,0.5,15.6,15.9,1274.1,92,0,0,26.9,78,29.3,1,308,0,1,1,22.7
2026-09-17T21:00:00+05:30,2026-09-17 21:00:00,24.3,25.2,22.9,0,3.5,20.1,299,0,0,0.5,15.6,15.9,1274.1,92,0,0,26.9,78,29.3,1,298,0,1,1,22.7
2026-09-17T20:55:00+05:30,2026-09-17 20:55:00,24.4,25.3,23,0,0,20.1,313,0,0,0.5,15.6,15.9,1274.1,92,0,0,27,78,29.6,1,310,0,1,1,22.8
2026-09-17T20:50:00+05:30,2026-09-17 20:50:00,24.5,25.4,23.1,0,0,20.1,313,0,0,0.5,15.6,15.9,1274.1,92,0,0,27,78,29.6,1,301,0,1,1,22.8
2026-09-17T20:45:00+05:30,2026-09-17 20:45:00,24.7,25.6,23.1,0,0,20.1,299,0,0,0.5,15.6,15.9,1274.1,91,0,0,27,78,29.6,1,325,0,1,1,22.8
2026-09-17T20:40:00+05:30,2026-09-17 20:40:00,24.7,25.6,23.1,0,0,20.1,323,0,0,0.5,15.6,15.9,1274.1,91,0,0,27,78,29.6,1,315,0,1,1,22.8
2026-09-17T20:35:00+05:30,2026-09-17 20:35:00,24.8,25.7,23.2,0,0,20.1,338,0,0,0.5,15.6,15.9,1274.1,91,0,0,27,78,29.6,1,339,0,1,1,22.8
2026-09-17T20:30:00+05:30,2026-09-17 20:30:00,24.9,25.8,23.3,0,1.8,20.1,314,0,0,0.5,15.6,15.9,1274.1,91,0,0,27,78,29.6,1,309,0,1,1,22.8
2026-09-17T20:25:00+05:30,2026-09-17 20:25:00,24.9,25.8,23.3,0,0,20.1,303,0,0,0.5,15.6,15.9,1274.1,91,0,0,27,78,29.6,1,305,0,1,1,22.8
2026-09-17T20:20:00+05:30,2026-09-17 20:20:00,24.9,25.8,23.1,0,0,20.1,313,0,0,0.5,15.6,15.9,1274.1,90,0,0,27,78,29.6,1,339,0,1,1,22.8
2026-09-17T20:15:00+05:30,2026-09-17 20:15:00,24.9,25.8,23.1,0,0,20.1,312,0,0,0.5,15.6,15.9,1274.1,90,0,0,27,78,29.6,1,303,0.3,1,1,22.8
2026-09-17T20:10:00+05:30,2026-09-17 20:10:00,24.8,25.7,23,1.1,1.8,20.1,302,0,0,0.5,15.6,15.9,1274.1,90,0,0,27.1,78,29.8,1,303,0,1,1,22.9
2026-09-17T20:05:00+05:30,2026-09-17 20:05:00,24.8,25.7,23.2,2.1,3.5,20.1,231,0,0,0.5,15.6,15.9,1274.1,91,0,0,27.1,78,29.8,1,296,0,1,1,22.9
2026-09-17T20:00:00+05:30,2026-09-17 20:00:00,24.8,25.7,23.2,0,0,20.1,279,0,0,0.5,15.6,15.9,1274.1,91,0,0,27.1,78,29.8,1,303,0.3,1,1,22.9
2026-09-17T19:55:00+05:30,2026-09-17 19:55:00,24.8,25.7,23.2,0,1.8,20.1,302,0,0,0.5,15.6,15.9,1274.1,91,0,0,27.1,78,29.8,1,302,0.3,1,1,22.9
2026-09-17T19:50:00+05:30,2026-09-17 19:50:00,24.8,25.7,23.4,0.6,3.5,20.1,290,0,0,0.5,15.6,15.9,1274.1,92,0,0,27.1,78,29.8,1,350,0,1,1,22.9
2026-09-17T19:45:00+05:30,2026-09-17 19:45:00,24.7,25.7,23.3,0,0,20.1,341,0,0,0.5,15.6,15.9,1274.1,92,0,0,27.1,78,29.8,1,337,0,1,1,22.9
2026-09-17T19:40:00+05:30,2026-09-17 19:40:00,24.8,25.7,23.4,0,0,20.1,336,0,0,0.5,15.6,15.9,1274.1,92,0,0,27.2,78,30.1,1,297,0,1,1,23.1
2026-09-17T19:35:00+05:30,2026-09-17 19:35:00,24.9,25.8,23.3,0,0,20.1,297,0,0,0.5,15.6,15.9,1274.1,91,0,0,27.2,78,30.1,1,297,0,1,1,23.1
2026-09-17T19:30:00+05:30,2026-09-17 19:30:00,24.8,25.7,23.2,0,0,20.1,296,0,0,0.5,15.6,15.9,1274.1,91,0,0,27.2,78,30.1,1,141,0,1,1,23.1
2026-09-17T19:25:00+05:30,2026-09-17 19:25:00,24.9,25.8,23.3,0,0,20.1,141,0,0,0.5,15.6,15.9,1274.1,91,0,0,27.2,78,30.1,1,304,0,1,1,23.1
2026-09-17T19:20:00+05:30,2026-09-17 19:20:00,24.9,25.8,23.1,0,0,20.1,304,0,0,0.5,15.6,15.9,1274.1,90,0,0,27.2,78,30.1,1,304,0,1,1,23.1
2026-09-17T19:15:00+05:30,2026-09-17 19:15:00,25,25.9,23.4,0,0,20.1,302,0,0,0.5,15.6,15.9,1274.1,91,0,0,27.3,78,30.2,1,302,0,1,1,23.1
2026-09-17T19:10:00+05:30,2026-09-17 19:10:00,24.9,25.8,23.3,0,0,20.1,290,0,0,0.5,15.6,15.9,1274.1,91,0,0,27.2,78,30.1,1,311,0,1,1,23.1
2026-09-17T19:05:00+05:30,2026-09-17 19:05:00,24.9,25.8,23.5,0,0,20.1,291,0,0,0.5,15.6,15.9,1274.1,92,0,0,27.3,78,30.2,1,320,0,1,1,23.1
2026-09-17T19:00:00+05:30,2026-09-17 19:00:00,24.7,25.7,23.3,0,0,20.1,37,0,0,0.5,15.6,15.9,1274.1,92,0,0,27.3,78,30.2,1,333,0,1,1,23.1
2026-09-17T18:55:00+05:30,2026-09-17 18:55:00,24.8,25.7,23.6,0,0,20.1,329,0,0,0.5,15.6,15.9,1274.1,93,0,0,27.4,78,30.4,1,324,0,1,1,23.2
2026-09-17T18:50:00+05:30,2026-09-17 18:50:00,24.8,25.7,23.6,0,1.8,20.1,329,0,0,0.5,15.6,15.9,1274.1,93,0,0,27.4,78,30.4,1,324,0,1,1,23.2
2026-09-17T18:45:00+05:30,2026-09-17 18:45:00,24.7,25.7,23.5,0,0,20.1,332,0,0,0.5,15.6,15.9,1274.1,93,0,0,27.4,78,30.4,1,332,0,1,1,23.2
2026-09-17T18:40:00+05:30,2026-09-17 18:40:00,24.7,25.7,23.5,0,0,20.1,333,0,0,0.5,15.6,15.9,1274.1,93,0,0,27.4,78,30.4,1,353,0,1,1,23.2
2026-09-17T18:35:00+05:30,2026-09-17 18:35:00,24.7,25.7,23.5,0,0,20.1,345,0,0,0.5,15.6,15.9,1274.1,93,0,0,27.4,78,30.4,1,345,0,1,1,23.2
2026-09-17T18:30:00+05:30,2026-09-17 18:30:00,24.8,25.7,23.6,0,0,20.1,346,0,0,0.5,15.6,15.9,1274.1,93,0,0,27.5,78,30.7,1,347,0,1,1,23.3
2026-09-17T18:25:00+05:30,2026-09-17 18:25:00,24.8,25.7,23.6,0,0,20.1,346,0,0,0.5,15.6,15.9,1274.1,93,0,0,27.5,78,30.7,1,346,0,1,1,23.3
2026-09-17T18:20:00+05:30,2026-09-17 18:20:00,25,26,23.6,0,0,20.1,346,0,0,0.5,15.6,15.9,1274.1,92,0,0.1,27.5,78,30.7,1,346,0,1,1,23.3
2026-09-17T18:15:00+05:30,2026-09-17 18:15:00,25,26,23.6,0,0,20.1,275,0,0,0.5,15.6,15.9,1274.1,92,0,0.4,27.5,78,30.7,1,332,0,1,1,23.3
2026-09-17T18:10:00+05:30,2026-09-17 18:10:00,25.1,26.1,23.7,0,0,20.1,339,0,0,0.5,15.6,15.9,1274.1,92,0,1,27.6,78,30.9,1,339,0,1,1,23.4
2026-09-17T18:05:00+05:30,2026-09-17 18:05:00,25.3,26.2,23.7,0,0,20.1,338,0,0,0.5,15.6,15.9,1274.1,91,0,2,27.6,78,30.9,1,323,0,1,1,23.4
2026-09-17T18:00:00+05:30,2026-09-17 18:00:00,25.6,26.6,24,0,0,20.1,323,0,0,0.5,15.6,15.9,1274.1,91,0,4,27.6,77,30.8,1,324,0,1,1,23.2
2026-09-17T17:55:00+05:30,2026-09-17 17:55:00,25.7,26.7,23.8,0,0,20.1,307,0,0,0.5,15.6,15.9,1274.1,89,0,6.5,27.7,77,31,1,327,0,1,1,23.3
2026-09-17T17:50:00+05:30,2026-09-17 17:50:00,25.8,26.7,23.8,0,0,20.1,327,0,0,0.5,15.6,15.9,1274.1,89,0,8.7,27.7,77,31,1,327,0,1,1,23.3
2026-09-17T17:45:00+05:30,2026-09-17 17:45:00,26,27,23.9,0,0,20.1,328,0,0,0.5,15.6,15.9,1274.1,88,0,11.9,27.7,77,31,1,328,0,1,1,23.3
2026-09-17T17:40:00+05:30,2026-09-17 17:40:00,26.3,27.3,24.1,0,0,20.1,328,0,0,0.5,15.6,15.9,1274.1,88,0,15.7,27.8,77,31.1,1,328,0,1,1,23.4
2026-09-17T17:35:00+05:30,2026-09-17 17:35:00,26.6,27.6,24.1,0,0,20.1,327,0,0,0.5,15.6,15.9,1274.1,86,0,22.5,27.8,77,31.1,1,342,0,1,1,23.4
2026-09-17T17:30:00+05:30,2026-09-17 17:30:00,26.7,29.5,24,0,0,20.1,351,0,0,0.5,15.6,15.9,1274.1,85,0,32.5,27.8,77,31.1,1,351,0,1,1,23.4
2026-09-17T17:25:00+05:30,2026-09-17 17:25:00,26.8,29.7,24,0,0,20.1,305,0,0,0.5,15.6,15.9,1274.1,85,0,41,27.8,77,31.1,1,299,0,1,1,23.4
2026-09-17T17:20:00+05:30,2026-09-17 17:20:00,26.8,29.7,24,0,1.8,20.1,297,0,0,0.5,15.6,15.9,1274.1,85,0,38.5,27.8,77,31.1,1,297,0,1,1,23.4
2026-09-17T17:15:00+05:30,2026-09-17 17:15:00,26.8,29.7,24,0,0,20.1,313,0,0,0.5,15.6,15.9,1274.1,85,0,45.4,27.8,77,31.1,1,339,0.6,1,1,23.4
2026-09-17T17:10:00+05:30,2026-09-17 17:10:00,26.7,29.5,24,0.6,1.8,20.1,330,0,0,0.5,15.6,15.9,1274.1,85,0,65.9,27.8,78,31.3,1,339,0.6,1,1,23.6
2026-09-17T17:05:00+05:30,2026-09-17 17:05:00,26.8,29.7,24,0,5.5,20.1,262,0,0,0.5,15.6,15.9,1274.1,85,0,42.7,27.8,78,31.3,1,11,0,1,1,23.6
2026-09-17T17:00:00+05:30,2026-09-17 17:00:00,26.3,27.2,23.9,0,1.8,20.1,19,0,0,0.5,15.6,15.9,1274.1,87,0,51.7,27.7,78,31.2,1,275,0.6,1,1,23.5
2026-09-17T16:55:00+05:30,2026-09-17 16:55:00,26.4,27.4,24,2.1,3.5,20.1,268,0,0,0.5,15.6,15.9,1274.1,87,0,54.3,27.7,78,31.2,1,276,1.4,1,1,23.5
2026-09-17T16:50:00+05:30,2026-09-17 16:50:00,27.2,30.7,24.3,0,3.5,20.1,285,0,0,0.5,15.6,15.9,1274.1,84,0,59.9,27.7,78,31.2,1,285,1.1,1,1,23.5
2026-09-17T16:45:00+05:30,2026-09-17 16:45:00,27,30.1,24.1,1.4,3.5,20.1,293,0,0,0.5,15.6,15.9,1274.1,84,1,138.2,27.8,78,31.3,1,284,1.4,1,1,23.6
2026-09-17T16:40:00+05:30,2026-09-17 16:40:00,26.6,27.5,23.9,0.3,7.2,20.1,298,0,0,0.5,15.6,15.9,1274.1,85,0,98.9,27.7,78,31.2,1,271,2.9,1,1,23.5
2026-09-17T16:35:00+05:30,2026-09-17 16:35:00,26.5,27.4,23.8,1.8,3.5,20.1,262,0,0,0.5,15.6,15.9,1274.1,85,0,99,27.7,78,31.2,1,271,4.3,1,1,23.5
2026-09-17T16:30:00+05:30,2026-09-17 16:30:00,26.6,27.6,24.1,5.8,9.3,20.1,279,0,0,0.5,15.6,15.9,1274.1,86,0,102.2,27.7,78,31.2,1,293,4.7,1,1,23.5
2026-09-17T16:25:00+05:30,2026-09-17 16:25:00,26.8,29.7,24,5.5,9.3,20.1,289,0,0,0.5,15.6,15.9,1274.1,85,0,101.4,27.7,78,31.2,1,299,3.5,1,1,23.5
2026-09-17T16:20:00+05:30,2026-09-17 16:20:00,27,30.1,24.1,1.4,7.2,20.1,279,0,0,0.5,15.6,15.9,1274.1,84,1,117.5,27.7,78,31.2,1,279,5.5,1,1,23.5
2026-09-17T16:15:00+05:30,2026-09-17 16:15:00,26.5,27.5,24,3.5,11.1,20.1,252,0,0,0.5,15.6,15.9,1274.1,86,1,168.5,27.6,78,30.9,1,275,5.5,1,1,23.4
2026-09-17T16:10:00+05:30,2026-09-17 16:10:00,26.7,29.5,24,5.5,9.3,20.1,277,0,0,0.5,15.6,15.9,1274.1,85,1,174.6,27.7,78,31.2,1,277,4.3,1,1,23.5
2026-09-17T16:06:00+05:30,2026-09-17 16:06:00,26.6,27.5,23.9,6.1,7.2,20.1,270,0,0,0.5,15.6,15.9,1274.1,85,1,144.7,27.6,78,30.9,1,283,2.9,1,1,23.4
2026-09-17T16:00:00+05:30,2026-09-17 16:00:00,26.4,27.3,23.9,1.1,5.5,20.1,311,0,0,0.5,15.6,15.9,1274.1,86,1,168.9,27.6,78,30.9,1,287,1.8,1,1,23.4
2026-09-17T15:55:00+05:30,2026-09-17 15:55:00,26.4,27.3,23.9,3.5,5.5,20.1,294,0,0,0.5,15.6,15.9,1274.1,86,1,148,27.6,78,30.9,1,290,1.1,1,1,23.4
2026-09-17T15:50:00+05:30,2026-09-17 15:50:00,26.4,27.4,24,1.4,3.5,20.1,317,0,0,0.5,15.6,15.9,1274.1,87,1,130.4,27.6,77,30.8,1,290,0.6,1,1,23.2
2026-09-17T15:47:00+05:30,2026-09-17 15:47:00,26.6,27.5,23.9,4.3,7.2,20.1,282,0,0,0.5,15.6,15.9,1274.1,85,1,124.6,27.6,78,30.9,1,291,0.3,1,1,23.4
2026-09-17T15:40:00+05:30,2026-09-17 15:40:00,26.5,27.5,24,0,3.5,20.1,291,0,0,0.5,15.6,15.9,1274.1,86,1,114.2,27.7,77,31,1,292,0.3,1,1,23.3
2026-09-17T15:35:00+05:30,2026-09-17 15:35:00,26.5,27.5,24,0,1.8,20.1,298,0,0,0.5,15.6,15.9,1274.1,86,1,112.8,27.7,77,31,1,298,0,1,1,23.3
2026-09-17T15:30:00+05:30,2026-09-17 15:30:00,26.5,27.4,23.8,0,3.5,20.1,297,0,0,0.5,15.6,15.9,1274.1,85,1,122.6,27.7,77,31,1,288,0,1,1,23.3
2026-09-17T15:25:00+05:30,2026-09-17 15:25:00,26.2,27.2,23.9,0,0,20.1,297,0,0,0.5,15.6,15.9,1274.1,87,1,136.7,27.7,77,31,1,211,0,1,1,23.3
2026-09-17T15:20:00+05:30,2026-09-17 15:20:00,26.2,27.1,23.7,0,0,20.1,211,0,0,0.5,15.6,15.9,1274.1,86,1,152,27.8,77,31.1,1,210,0,1,1,23.4
2026-09-17T15:19:00+05:30,2026-09-17 15:19:00,26.2,27.1,23.7,0,0,20.1,210,0,0,0.5,15.6,15.9,1274.1,86,1,161.6,27.8,77,31.1,1,0,0,1,1,23.4
2026-09-17T15:10:00+05:30,2026-09-17 15:10:00,26.1,27,23.6,0,3.5,20.1,0,0,0,0.5,15.6,15.9,1274.1,86,1,205.2,27.9,76,31.3,1,0,1.1,1,1,23.3
2026-09-17T15:05:00+05:30,2026-09-17 15:05:00,26,26.9,23.7,2.6,7.2,20.1,306,0,0,0.5,15.6,15.9,1274.1,87,1,193.9,28,76,31.5,1,306,3.5,1,1,23.4
2026-09-17T15:00:00+05:30,2026-09-17 15:00:00,26.4,27.3,23.7,4.7,9.3,20.1,290,0,0,0.5,15.6,15.9,1274.1,85,1,182.3,28.1,76,31.8,1,274,4,1,1,23.4
2026-09-17T14:55:00+05:30,2026-09-17 14:55:00,27.2,30.6,24.1,4,7.2,20.1,243,0,0,0.5,15.6,15.9,1274.1,83,1,176.6,28.2,75,31.8,1,292,3.2,1,1,23.3
2026-09-17T14:50:00+05:30,2026-09-17 14:50:00,27.2,30.5,23.9,3.5,11.1,20.1,229,0,0,0.5,15.6,15.9,1274.1,82,1,173.3,28.3,75,32,1,305,4,1,1,23.4
2026-09-17T14:45:00+05:30,2026-09-17 14:45:00,27.1,30.3,24,5,13,20.1,245,0,0,0.5,15.6,15.9,1274.1,83,1,187.9,28.4,75,32.2,1,270,5,1,1,23.5
2026-09-17T14:40:00+05:30,2026-09-17 14:40:00,27.5,31.3,24.3,3.2,13,20.1,10,0,0,0.5,15.6,15.9,1274.1,83,1,176.2,28.5,75,32.5,1,283,5.5,1,1,23.6
2026-09-17T14:35:00+05:30,2026-09-17 14:35:00,27.9,32,24.3,9,13,20.1,241,0,0,0.5,15.6,15.9,1274.1,81,2,298.7,28.5,74,32.3,1,241,5.5,1,1,23.4
2026-09-17T14:30:00+05:30,2026-09-17 14:30:00,28.5,33,24.3,6.1,13,16.6,291,0,0,0.5,15.6,15.9,1274.1,78,2,247.8,28.6,74,32.6,1,291,5.5,1,1,23.5
2026-09-17T14:25:00+05:30,2026-09-17 14:25:00,28.7,33.4,24.3,8.2,11.1,16.6,287,0,0,0.5,15.6,15.9,1274.1,77,2,276,28.6,73,32.4,1,289,5.5,1,1,23.3
2026-09-17T14:20:00+05:30,2026-09-17 14:20:00,29,33.9,24.3,5,14.8,16.6,7,0,0,0.5,15.6,15.9,1274.1,76,2,249.4,28.7,73,32.7,1,287,5,1,1,23.4
2026-09-17T14:15:00+05:30,2026-09-17 14:15:00,28.9,33.2,23.8,1.8,9.3,16.6,280,0,0,0.5,15.6,15.9,1274.1,74,2,257.1,28.7,73,32.7,1,283,3.2,1,1,23.4
2026-09-17T14:10:00+05:30,2026-09-17 14:10:00,29.7,34.8,24.1,6.1,7.2,16.6,278,0,0,0.5,15.6,15.9,1274.1,72,1,182.5,28.8,72,32.6,1,284,3.2,1,1,23.2
2026-09-17T14:05:00+05:30,2026-09-17 14:05:00,30,35.3,24.2,1.8,5.5,16.6,333,0,0,0.5,15.6,15.9,1274.1,71,1,136.5,28.9,72,32.8,1,313,2.9,1,1,23.3
2026-09-17T14:00:00+05:30,2026-09-17 14:00:00,31.2,37,24.1,0.3,3.5,16.6,325,0,0,0.5,15.6,15.9,1274.1,66,1,175.6,29,72,33.1,1,321,2.1,1,1,23.4
2026-09-17T13:55:00+05:30,2026-09-17 13:55:00,31.2,37,24.1,5.5,7.2,16.6,209,0,0,0.5,15.6,15.9,1274.1,66,5,544.4,28.8,71,32.4,1,281,5,1,1,23
2026-09-17T13:50:00+05:30,2026-09-17 13:50:00,30.2,35.1,23.6,11.1,16.6,16.6,272,0,0,0.5,15.6,15.9,1274.1,68,5,592.8,28.7,72,32.5,1,286,6.1,1,1,23.2
2026-09-17T13:45:00+05:30,2026-09-17 13:45:00,29.5,33.9,23.4,6.4,11.1,16.6,281,0,0,0.5,15.6,15.9,1274.1,70,7,730.4,28.7,73,32.7,1,285,5.8,1,1,23.4
2026-09-17T13:40:00+05:30,2026-09-17 13:40:00,29.4,33.8,23.6,9.3,11.1,16.6,299,0,0,0.5,15.6,15.9,1274.1,71,4,449.8,28.7,73,32.7,1,290,5.5,1,1,23.4
2026-09-17T13:35:00+05:30,2026-09-17 13:35:00,29.9,35,24,11.9,16.6,16.6,271,0,0,0.5,15.6,15.9,1274.1,71,5,532.5,28.6,74,32.6,1,289,1.4,1,1,23.5
2026-09-17T13:30:00+05:30,2026-09-17 13:30:00,30.4,35.5,23.8,3.2,3.5,16.6,296,0,0,0.5,15.6,15.9,1274.1,68,6,710.5,28.6,74,32.6,1,294,1.4,1,1,23.5
2026-09-17T13:25:00+05:30,2026-09-17 13:25:00,30,35.3,24.2,0,5.5,16.6,305,0,0,0.5,15.6,15.9,1274.1,71,2,234.2,28.5,74,32.3,1,284,2.1,1,1,23.4
2026-09-17T13:20:00+05:30,2026-09-17 13:20:00,30.5,36,24.2,2.1,5.5,16.6,230,0,0,0.5,15.6,15.9,1274.1,69,2,252.7,28.6,74,32.6,1,284,2.1,1,1,23.5
2026-09-17T13:15:00+05:30,2026-09-17 13:15:00,30.5,36.6,24.6,2.1,7.2,16.6,273,0,0,0.5,15.6,15.9,1274.1,71,7,755.1,28.4,74,32.1,1,273,3.5,1,1,23.3
2026-09-17T13:10:00+05:30,2026-09-17 13:10:00,30.1,35.6,24.3,7.9,11.1,16.6,258,0,0,0.5,15.6,15.9,1274.1,71,7,784.7,28.3,75,32,1,258,2.9,1,1,23.4
2026-09-17T13:07:00+05:30,2026-09-17 13:07:00,30.1,36.1,24.7,3.5,9.3,16.6,345,0,0,0.5,15.6,15.9,1274.1,73,7,791.9,28.3,76,32.2,1,327,2.6,1,1,23.6
2026-09-17T13:00:00+05:30,2026-09-17 13:00:00,29.9,35.2,24.3,2.1,7.2,16.6,6,0,0,0.5,15.6,15.9,1274.1,72,5,548.3,28.1,76,31.8,1,6,1.8,1,1,23.4
2026-09-17T12:55:00+05:30,2026-09-17 12:55:00,29.8,35,24.2,1.1,5.5,16.6,326,0,0,0.5,15.6,15.9,1274.1,72,4,448.8,28.1,76,31.8,1,326,1.8,1,1,23.4
2026-09-17T12:50:00+05:30,2026-09-17 12:50:00,30.2,35.6,24.1,3.5,7.2,16.6,317,0,0,0.5,15.6,15.9,1274.1,70,3,369.9,28,77,31.7,1,252,2.1,1,1,23.6
2026-09-17T12:45:00+05:30,2026-09-17 12:45:00,29.2,33.8,23.9,2.9,7.2,16.6,272,0,0,0.5,15.6,15.9,1274.1,73,6,682.3,27.8,76,31,1,278,5.5,1,1,23.2
2026-09-17T12:35:00+05:30,2026-09-17 12:35:00,28.4,32.6,24,11.1,13,16.6,293,0,0,0.5,15.6,15.9,1274.1,77,3,374.3,27.7,77,31,1,323,4,1,1,23.3
2026-09-17T12:30:00+05:30,2026-09-17 12:30:00,28.3,32.5,24.1,5.5,11.1,16.6,292,0,0,0.5,15.6,15.9,1274.1,78,3,405.8,27.6,77,30.8,1,292,5.5,1,1,23.2
2026-09-17T12:25:00+05:30,2026-09-17 12:25:00,28,31.8,23.8,7.2,13,16.6,270,0,0,0.5,15.6,15.9,1274.1,78,3,395,27.6,77,30.8,1,293,5.8,1,1,23.2
2026-09-17T12:21:00+05:30,2026-09-17 12:21:00,28.2,32.3,24,4.3,13,16.6,286,0,0,0.5,15.6,15.9,1274.1,78,4,427.7,27.6,77,30.8,1,286,4.7,1,1,23.2
2026-09-17T12:15:00+05:30,2026-09-17 12:15:00,27.8,31.6,24,0.3,9.3,16.6,285,0,0,0.5,15.6,15.9,1274.1,80,2,291.9,27.6,77,30.8,1,331,4,1,1,23.2
2026-09-17T12:10:00+05:30,2026-09-17 12:10:00,28.1,32.1,23.9,3.5,5.5,16.6,338,0,0,0.5,15.6,15.9,1274.1,78,2,227.8,27.6,77,30.8,1,281,2.1,1,1,23.2
2026-09-17T12:05:00+05:30,2026-09-17 12:05:00,28.2,32.3,24,9,14.8,16.6,208,0,0,0.5,15.6,15.9,1274.1,78,3,338.8,27.6,77,30.8,1,286,2.1,1,1,23.2
2026-09-17T12:00:00+05:30,2026-09-17 12:00:00,28.1,32.4,24.3,0,5.5,16.6,295,0,0,0.5,15.6,15.9,1274.1,80,2,251.7,27.6,77,30.8,1,295,2.6,1,1,23.2
2026-09-17T11:55:00+05:30,2026-09-17 11:55:00,28.4,32.7,24.2,2.6,7.2,16.6,338,0,0,0.5,15.6,15.9,1274.1,78,1,198.5,27.6,77,30.8,1,311,2.1,1,1,23.2
2026-09-17T11:50:00+05:30,2026-09-17 11:50:00,28.6,33.3,24.4,2.1,14.8,16.6,352,0,0,0.5,15.6,15.9,1274.1,78,2,295.8,27.6,78,30.9,1,275,2.1,1,1,23.4
2026-09-17T11:45:00+05:30,2026-09-17 11:45:00,28,31.9,24,1.4,3.5,16.6,327,0,0,0.5,15.6,15.9,1274.1,79,3,351.9,27.5,78,30.7,1,275,7.2,1,1,23.3
2026-09-17T11:40:00+05:30,2026-09-17 11:40:00,28.3,32.6,24.3,6.4,13,16.6,277,0,0,0.5,15.6,15.9,1274.1,79,4,447.2,27.5,78,30.7,1,287,4.7,1,1,23.3
2026-09-17T11:35:00+05:30,2026-09-17 11:35:00,27.9,31.8,24.1,6.1,11.1,14.8,272,0,0,0.5,15.6,15.9,1274.1,80,5,611.3,27.3,78,30.2,1,287,3.5,1,1,23.1
2026-09-17T11:30:00+05:30,2026-09-17 11:30:00,27.8,31.7,24.2,4.7,11.1,14.8,235,0,0,0.5,15.6,15.9,1274.1,81,2,259.7,27.3,78,30.2,1,276,2.6,1,1,23.1
2026-09-17T11:25:00+05:30,2026-09-17 11:25:00,27.7,31.4,23.9,2.6,9.3,14.8,308,0,0,0.5,15.6,15.9,1274.1,80,1,179.7,27.3,78,30.2,1,302,2.6,1,1,23.1
2026-09-17T11:20:00+05:30,2026-09-17 11:20:00,27.6,31.1,23.8,0,7.2,14.8,290,0,0,0.5,15.6,15.9,1274.1,80,1,177.4,27.3,78,30.2,1,280,4,1,1,23.1
2026-09-17T11:15:00+05:30,2026-09-17 11:15:00,27.6,31.1,23.8,3.5,11.1,14.8,310,0,0,0.5,15.6,15.9,1274.1,80,2,260.3,27.2,78,30.1,1,281,4,1,1,23.1
2026-09-17T11:10:00+05:30,2026-09-17 11:10:00,27.6,31.1,23.8,6.4,9.3,14.8,266,0,0,0.5,15.6,15.9,1274.1,80,2,280.7,27.2,78,30.1,1,281,6.1,1,1,23.1
2026-09-17T11:05:00+05:30,2026-09-17 11:05:00,27.5,30.9,23.7,6.4,11.1,14.8,274,0,0,0.5,15.6,15.9,1274.1,80,2,239.6,27.2,78,30.1,1,284,4.7,1,1,23.1
2026-09-17T11:00:00+05:30,2026-09-17 11:00:00,27.6,31.1,23.8,2.9,13,13,268,0,0,0.5,15.6,15.9,1274.1,80,1,202.9,27.2,78,30.1,1,288,4.7,1,1,23.1
2026-09-17T10:55:00+05:30,2026-09-17 10:55:00,27.7,31.3,23.7,6.1,9.3,13,274,0,0,0.5,15.6,15.9,1274.1,79,1,200.5,27.2,78,30.1,1,294,1.8,1,1,23.1
2026-09-17T10:50:00+05:30,2026-09-17 10:50:00,28.1,32.2,24.1,1.8,3.5,11.1,234,0,0,0.5,15.6,15.9,1274.1,79,2,220.4,27.1,78,29.8,1,307,1.4,1,1,22.9
2026-09-17T10:45:00+05:30,2026-09-17 10:45:00,28,31.8,23.8,1.4,3.5,11.1,263,0,0,0.5,15.6,15.9,1274.1,78,2,264.9,27.1,79,29.9,1,312,2.1,1,1,23.2
2026-09-17T10:40:00+05:30,2026-09-17 10:40:00,27.6,31.1,23.8,2.1,7.2,11.1,307,0,0,0.5,15.6,15.9,1274.1,80,2,282.9,27,78,29.6,1,290,2.9,1,1,22.8
2026-09-17T10:35:00+05:30,2026-09-17 10:35:00,27.7,31.4,23.9,4.7,9.3,11.1,291,0,0,0.5,15.6,15.9,1274.1,80,3,320.7,27,79,29.7,1,290,2.9,1,1,23.1
2026-09-17T10:30:00+05:30,2026-09-17 10:30:00,27.6,31.1,23.8,4,9.3,11.1,278,0,0,0.5,15.6,15.9,1274.1,80,3,321.6,26.9,79,29.4,1,290,2.9,1,1,22.9
2026-09-17T10:25:00+05:30,2026-09-17 10:25:00,27.4,30.6,23.6,1.4,5.5,9.3,296,0,0,0.5,15.6,15.9,1274.1,80,2,243.7,26.9,79,29.4,1,291,1.4,1,1,22.9
2026-09-17T10:20:00+05:30,2026-09-17 10:20:00,27.4,30.7,23.8,0,1.8,9.3,188,0,0,0.5,15.6,15.9,1274.1,81,2,304.8,26.9,79,29.4,1,287,1.4,1,1,22.9
2026-09-17T10:15:00+05:30,2026-09-17 10:15:00,27.1,30.2,23.8,0,0,9.3,294,0,0,0.5,15.6,15.9,1274.1,82,2,213.1,26.9,79,29.4,1,287,2.9,1,1,22.9
2026-09-17T10:11:00+05:30,2026-09-17 10:11:00,27,29.9,23.7,0,1.8,9.3,279,0,0,0.5,15.6,15.9,1274.1,82,1,169,26.9,79,29.4,1,286,2.6,1,1,22.9
2026-09-17T10:05:00+05:30,2026-09-17 10:05:00,27.2,30.6,24.1,1.8,3.5,7.2,332,0,0,0.5,15.6,15.9,1274.1,83,1,174.9,26.9,80,29.5,1,296,1.8,1,1,23.1
2026-09-17T10:00:00+05:30,2026-09-17 10:00:00,27.3,30.7,24.1,1.1,7.2,7.2,323,0,0,0.5,15.6,15.9,1274.1,83,1,200.5,26.9,80,29.5,1,294,1.1,1,1,23.1
2026-09-17T09:57:00+05:30,2026-09-17 09:57:00,27,30.1,24.1,1.8,5.5,7.2,293,0,0,0.5,15.6,15.9,1274.1,84,2,265.7,26.9,80,29.5,1,286,0,1,1,23.1
2026-09-17T09:45:00+05:30,2026-09-17 09:45:00,27,30.2,24.3,0,7.2,7.2,299,0,0,0.5,15.6,15.9,1274.1,85,2,237.6,26.8,80,29.3,1,305,0,1,1,23.1
2026-09-17T09:40:00+05:30,2026-09-17 09:40:00,26.9,30.3,24.5,0,0,7.2,318,0,0,0.5,15.6,15.9,1274.1,87,2,247.2,26.7,80,29.1,1,309,0,1,1,23
2026-09-17T09:35:00+05:30,2026-09-17 09:35:00,26.6,27.5,23.7,2.9,7.2,7.2,317,0,0,0.5,15.6,15.9,1274.1,84,2,228.6,26.7,81,29.2,1,311,0,1,1,23.2
2026-09-17T09:31:00+05:30,2026-09-17 09:31:00,26.8,29.8,24.2,0,0,1.8,280,0,0,0.5,15.6,15.9,1274.1,86,2,207.7,26.7,80,29.1,1,311,0,1,1,23
2026-09-17T09:25:00+05:30,2026-09-17 09:25:00,26.8,29.8,24.2,0,0,1.8,304,0,0.5,0.5,15.6,15.9,1274.1,86,1,179.5,26.7,80,29.1,1,319,0,1,1,23
2026-09-17T09:20:00+05:30,2026-09-17 09:20:00,26.4,27.3,23.9,0,0,1.8,319,0,0.5,0.5,15.6,15.9,1274.1,86,1,168.9,26.7,80,29.1,1,313,0,1,1,23
2026-09-17T09:15:00+05:30,2026-09-17 09:15:00,26.1,27,23.8,0,0,1.8,313,0,0.5,0.5,15.6,15.9,1274.1,87,1,142.6,26.6,80,27.4,1,306,0,1,1,22.9
2026-09-17T09:10:00+05:30,2026-09-17 09:10:00,26.1,27,23.8,0,0,1.8,305,0,0.5,0.5,15.6,15.9,1274.1,87,1,104.5,26.6,80,27.4,1,305,0,1,1,22.9
2026-09-17T09:05:00+05:30,2026-09-17 09:05:00,26.3,27.2,23.7,0,0,1.8,312,0,0.5,0.5,15.6,15.9,1274.1,86,1,149.1,26.6,80,27.4,1,324,0,1,1,22.9
2026-09-17T09:00:00+05:30,2026-09-17 09:00:00,26.3,27.2,23.9,0,0,1.8,326,0,0.5,0.5,15.6,15.9,1274.1,87,1,163.4,26.6,80,27.4,1,342,0,1,1,22.9
2026-09-17T08:55:00+05:30,2026-09-17 08:55:00,26.1,27,23.8,0,0,1.8,342,0,0.5,0.5,15.6,15.9,1274.1,87,1,160.1,26.5,80,27.3,1,343,0,1,1,22.8
2026-09-17T08:50:00+05:30,2026-09-17 08:50:00,26,26.9,23.7,0,0,1.8,350,0,0.5,0.5,15.6,15.9,1274.1,87,1,157.6,26.5,81,27.3,1,324,0,1,1,22.9
2026-09-17T08:45:00+05:30,2026-09-17 08:45:00,25.9,26.8,23.7,0,0,1.8,332,0,0.5,0.5,15.6,15.9,1274.1,88,1,158.6,26.4,80,27.2,1,324,0,1,1,22.7
2026-09-17T08:40:00+05:30,2026-09-17 08:40:00,26,27,24,0,0,1.8,299,0,0.5,0.5,15.6,15.9,1274.1,89,1,169.6,26.4,80,27.2,1,319,0,1,1,22.7
2026-09-17T08:35:00+05:30,2026-09-17 08:35:00,26,27,24.2,0,0,1.8,319,0,0.5,0.5,15.6,15.9,1274.1,90,1,177.1,26.4,81,27.2,1,293,0,1,1,22.8
2026-09-17T08:30:00+05:30,2026-09-17 08:30:00,26,27,24.2,0,0,1.8,293,0,0.5,0.5,15.6,15.9,1274.1,90,1,177.1,26.4,80,27.2,1,6,0,1,1,22.7
2026-09-17T08:25:00+05:30,2026-09-17 08:25:00,25.7,26.7,24.1,0,0,1.8,6,0,0.5,0.5,15.6,15.9,1274.1,91,1,181.6,26.3,80,27.1,1,6,0,1,1,22.6
2026-09-17T08:20:00+05:30,2026-09-17 08:20:00,25.1,26.1,23.5,0,0,1.8,6,0,0.5,0.5,15.6,15.9,1274.1,91,1,187.4,26.2,80,27,1,6,0,1,1,22.5
2026-09-17T08:15:00+05:30,2026-09-17 08:15:00,25,26,23.6,1.4,1.8,1.8,6,0,0.5,0.5,15.6,15.9,1274.1,92,2,207.1,26.2,80,27,1,359,0,1,1,22.5
2026-09-17T08:10:00+05:30,2026-09-17 08:10:00,24.8,25.7,23.4,0,0,0,2,0,0.5,0.5,15.6,15.9,1274.1,92,1,156.3,26.2,80,27,1,356,0,1,1,22.5
2026-09-17T08:05:00+05:30,2026-09-17 08:05:00,24.7,25.7,23.9,0,0,0,350,0,0.5,0.5,15.6,15.9,1274.1,95,1,190.8,26.1,80,26.9,1,334,0,1,1,22.4
2026-09-17T08:00:00+05:30,2026-09-17 08:00:00,24.7,25.8,24,0,0,0,334,0,0.5,0.5,15.6,15.9,1274.1,96,1,183.6,26.1,80,26.9,1,334,0,1,1,22.4
2026-09-17T07:55:00+05:30,2026-09-17 07:55:00,24.4,25.4,23.9,0,0,0,334,0,0.5,0.5,15.6,15.9,1274.1,97,1,144,26.1,80,26.9,1,322,0,1,1,22.4
2026-09-17T07:50:00+05:30,2026-09-17 07:50:00,24.1,25.1,23.6,0,0,0,322,0,0.5,0.5,15.6,15.9,1274.1,97,1,122.9,26,79,26.7,1,314,0,1,1,22.1
2026-09-17T07:45:00+05:30,2026-09-17 07:45:00,23.9,24.9,23.4,0,0,0,320,0,0.5,0.5,15.6,15.9,1274.1,97,1,105.6,26.1,79,26.8,1,314,0,1,1,22.2
2026-09-17T07:40:00+05:30,2026-09-17 07:40:00,23.9,24.9,23.4,0,0,0,314,1.2,0.5,0.5,15.6,15.9,1274.1,97,0,88,26.1,79,26.8,1,348,0,1,1,22.2
2026-09-17T07:35:00+05:30,2026-09-17 07:35:00,23.7,24.7,23.2,0,0,0,3,1.2,0.5,0.5,15.6,15.9,1274.1,97,0,73.4,26,79,26.7,1,344,0,1,1,22.1
2026-09-17T07:30:00+05:30,2026-09-17 07:30:00,23.6,24.6,23.1,0,0,0,339,1.8,0.3,0.3,15.4,15.7,1273.9,97,0,58,26,79,26.7,1,339,0,1,1,22.1
2026-09-17T07:25:00+05:30,2026-09-17 07:25:00,23.6,24.6,23.1,0,0,0,339,1.8,0.3,0.3,15.4,15.7,1273.9,97,0,46.3,26,79,26.7,1,333,0,1,1,22.1
2026-09-17T07:20:00+05:30,2026-09-17 07:20:00,23.5,24.4,23,0,0,0,339,0,0,0,15.1,15.4,1273.6,97,0,41.1,26,79,26.7,1,333,0,1,1,22.1
2026-09-17T07:15:00+05:30,2026-09-17 07:15:00,23.5,24.4,23,0,0,0,326,0,0,0,15.1,15.4,1273.6,97,0,35.3,26,79,26.7,1,326,0,1,1,22.1
2026-09-17T07:10:00+05:30,2026-09-17 07:10:00,23.3,24.2,22.8,0,0,0,318,0,0,0,15.1,15.4,1273.6,97,0,34.9,26,79,26.7,1,352,0,1,1,22.1
2026-09-17T07:05:00+05:30,2026-09-17 07:05:00,23.2,24.2,22.9,0,0,0,343,0,0,0,15.1,15.4,1273.6,98,0,33.8,26,79,26.7,1,336,0,1,1,22.1
2026-09-17T07:00:00+05:30,2026-09-17 07:00:00,23.2,24.2,22.9,0,0,0,326,0,0,0,15.1,15.4,1273.6,98,0,31.5,26,79,26.7,1,336,0,1,1,22.1
2026-09-17T06:55:00+05:30,2026-09-17 06:55:00,23.1,24,22.8,0,0,0,349,0,0,0,15.1,15.4,1273.6,98,0,29.1,26,79,26.7,1,340,0,1,1,22.1
2026-09-17T06:50:00+05:30,2026-09-17 06:50:00,23,23.9,22.8,0,0,0,315,0,0,0,15.1,15.4,1273.6,99,0,28.5,26,79,26.7,1,337,0,1,1,22.1
2026-09-17T06:45:00+05:30,2026-09-17 06:45:00,22.9,23.8,22.7,0,0,0,336,0,0,0,15.1,15.4,1273.6,99,0,25.7,26,79,26.7,1,336,0,1,1,22.1
2026-09-17T06:40:00+05:30,2026-09-17 06:40:00,22.9,23.8,22.7,0,0,0,332,0,0,0,15.1,15.4,1273.6,99,0,23.2,26,79,26.7,1,340,0,1,1,22.1
2026-09-17T06:35:00+05:30,2026-09-17 06:35:00,22.9,23.8,22.7,0,0,0,340,0,0,0,15.1,15.4,1273.6,99,0,19.3,26,79,26.7,1,340,0,1,1,22.1
2026-09-17T06:30:00+05:30,2026-09-17 06:30:00,22.8,23.7,22.6,0,0,0,339,0,0,0,15.1,15.4,1273.6,99,0,15.3,26,79,26.7,1,339,0,1,1,22.1
2026-09-17T06:25:00+05:30,2026-09-17 06:25:00,22.8,23.7,22.6,0,0,0,338,0,0,0,15.1,15.4,1273.6,99,0,10,26,79,26.7,1,338,0,1,1,22.1
2026-09-17T06:20:00+05:30,2026-09-17 06:20:00,22.7,23.6,22.6,0,0,0,344,0,0,0,15.1,15.4,1273.6,99,0,6.3,26,79,26.7,1,344,0,1,1,22.1
2026-09-17T06:15:00+05:30,2026-09-17 06:15:00,22.7,23.6,22.6,0,0,0,338,0,0,0,15.1,15.4,1273.6,99,0,5.2,26,79,26.7,1,341,0,1,1,22.1
2026-09-17T06:10:00+05:30,2026-09-17 06:10:00,22.7,23.6,22.6,0,0,0,346,0,0,0,15.1,15.4,1273.6,99,0,4.7,26,79,26.7,1,340,0,1,1,22.1
2026-09-17T06:05:00+05:30,2026-09-17 06:05:00,22.7,23.6,22.6,0,0,0,320,0,0,0,15.1,15.4,1273.6,99,0,2.5,26,79,26.7,1,334,0,1,1,22.1
2026-09-17T06:00:00+05:30,2026-09-17 06:00:00,22.7,23.6,22.6,0,0,0,326,0,0,0,15.1,15.4,1273.6,99,0,1.4,26,79,26.7,1,326,0,1,1,22.1
2026-09-17T05:55:00+05:30,2026-09-17 05:55:00,22.7,23.6,22.6,0,0,0,325,0,0,0,15.1,15.4,1273.6,99,0,0.7,26.1,79,26.8,1,326,0,1,1,22.2
2026-09-17T05:50:00+05:30,2026-09-17 05:50:00,22.7,23.6,22.6,0,0,0,326,0,0,0,15.1,15.4,1273.6,99,0,0.3,26.1,79,26.8,1,326,0,1,1,22.2
2026-09-17T05:45:00+05:30,2026-09-17 05:45:00,22.6,23.5,22.4,0,0,0,328,0,0,0,15.1,15.4,1273.6,99,0,0.1,26.1,79,26.8,1,328,0,1,1,22.2
2026-09-17T05:40:00+05:30,2026-09-17 05:40:00,22.7,23.6,22.6,0,0,0,327,0,0,0,15.1,15.4,1273.6,99,0,0,26.1,79,26.8,1,327,0,1,1,22.2
2026-09-17T05:35:00+05:30,2026-09-17 05:35:00,22.7,23.6,22.6,0,0,0,320,0,0,0,15.1,15.4,1273.6,99,0,0,26.1,79,26.8,1,320,0,1,1,22.2
2026-09-17T05:30:00+05:30,2026-09-17 05:30:00,22.7,23.6,22.6,0,0,0,319,0,0,0,15.1,15.4,1273.6,99,0,0,26.1,79,26.8,1,326,0,1,1,22.2
2026-09-17T05:25:00+05:30,2026-09-17 05:25:00,22.6,23.5,22.4,0,0,0,331,0,0,0,15.1,15.4,1273.6,99,0,0,26.1,79,26.8,1,349,0,1,1,22.2
2026-09-17T05:20:00+05:30,2026-09-17 05:20:00,22.6,23.5,22.4,0,0,0,347,0,0,0,15.1,15.4,1273.6,99,0,0,26.2,79,26.9,1,349,0,1,1,22.3
2026-09-17T05:15:00+05:30,2026-09-17 05:15:00,22.7,23.6,22.6,0,0,0,347,0,0,0,15.1,15.4,1273.6,99,0,0,26.1,79,26.8,1,354,0,1,1,22.2
2026-09-17T05:10:00+05:30,2026-09-17 05:10:00,22.7,23.6,22.6,0,0,0,346,0,0,0,15.1,15.4,1273.6,99,0,0,26.2,79,26.9,1,338,0,1,1,22.3
2026-09-17T05:05:00+05:30,2026-09-17 05:05:00,22.7,23.6,22.6,0,0,0,338,0,0,0,15.1,15.4,1273.6,99,0,0,26.1,79,26.8,1,338,0,1,1,22.2
2026-09-17T05:00:00+05:30,2026-09-17 05:00:00,22.7,23.6,22.6,0,0,0,341,0,0,0,15.1,15.4,1273.6,99,0,0,26.2,79,26.9,1,342,0,1,1,22.3
2026-09-17T04:55:00+05:30,2026-09-17 04:55:00,22.7,23.6,22.6,0,0,0,345,0,0,0,15.1,15.4,1273.6,99,0,0,26.2,79,26.9,1,338,0,1,1,22.3
2026-09-17T04:50:00+05:30,2026-09-17 04:50:00,22.7,23.6,22.6,0,0,0,330,0,0,0,15.1,15.4,1273.6,99,0,0,26.2,79,26.9,1,330,0,1,1,22.3
2026-09-17T04:45:00+05:30,2026-09-17 04:45:00,22.7,23.6,22.6,0,0,0,338,0,0,0,15.1,15.4,1273.6,99,0,0,26.2,79,26.9,1,339,0,1,1,22.3
2026-09-17T04:40:00+05:30,2026-09-17 04:40:00,22.7,23.6,22.6,0,0,0,336,0,0,0,15.1,15.4,1273.6,99,0,0,26.2,79,26.9,1,336,0,1,1,22.3
2026-09-17T04:35:00+05:30,2026-09-17 04:35:00,22.8,23.7,22.6,0,0,0,336,0,0,0,15.1,15.4,1273.6,99,0,0,26.2,79,26.9,1,336,0,1,1,22.3
2026-09-17T04:30:00+05:30,2026-09-17 04:30:00,22.8,23.7,22.6,0,0,0,336,0,0,0,15.1,15.4,1273.6,99,0,0,26.2,79,26.9,1,343,0,1,1,22.3
2026-09-17T04:25:00+05:30,2026-09-17 04:25:00,22.8,23.7,22.6,0,0,0,336,0,0,0,15.1,15.4,1273.6,99,0,0,26.2,79,26.9,1,343,0,1,1,22.3
2026-09-17T04:20:00+05:30,2026-09-17 04:20:00,22.8,23.7,22.6,0,0,0,347,0,0,0,15.1,15.4,1273.6,99,0,0,26.2,79,26.9,1,354,0,1,1,22.3
2026-09-17T04:15:00+05:30,2026-09-17 04:15:00,22.8,23.7,22.6,0,0,0,345,0,0,0,15.1,15.4,1273.6,99,0,0,26.2,79,26.9,1,348,0,1,1,22.3
2026-09-17T04:10:00+05:30,2026-09-17 04:10:00,22.8,23.7,22.6,0,0,0,358,0,0,0,15.1,15.4,1273.6,99,0,0,26.3,79,27,1,344,0,1,1,22.3
2026-09-17T04:05:00+05:30,2026-09-17 04:05:00,22.8,23.7,22.6,0,0,0,344,0,0,0,15.1,15.4,1273.6,99,0,0,26.2,79,26.9,1,345,0,1,1,22.3
2026-09-17T04:00:00+05:30,2026-09-17 04:00:00,22.8,23.7,22.6,0,0,0,341,0,0,0,15.1,15.4,1273.6,99,0,0,26.2,79,26.9,1,341,0,1,1,22.3
2026-09-17T03:55:00+05:30,2026-09-17 03:55:00,22.9,23.8,22.7,0,0,0,341,0,0,0,15.1,15.4,1273.6,99,0,0,26.3,79,27,1,341,0,1,1,22.3
2026-09-17T03:50:00+05:30,2026-09-17 03:50:00,22.8,23.7,22.6,0,0,0,340,0,0,0,15.1,15.4,1273.6,99,0,0,26.3,79,27,1,340,0,1,1,22.3
2026-09-17T03:45:00+05:30,2026-09-17 03:45:00,22.9,23.8,22.7,0,0,0,340,0,0,0,15.1,15.4,1273.6,99,0,0,26.3,79,27,1,340,0,1,1,22.3
2026-09-17T03:40:00+05:30,2026-09-17 03:40:00,22.9,23.8,22.7,0,0,0,341,0,0,0,15.1,15.4,1273.6,99,0,0,26.3,79,27,1,341,0,1,1,22.3
2026-09-17T03:35:00+05:30,2026-09-17 03:35:00,22.9,23.8,22.7,0,0,0,341,0,0,0,15.1,15.4,1273.6,99,0,0,26.3,79,27,1,341,0,1,1,22.3
2026-09-17T03:30:00+05:30,2026-09-17 03:30:00,22.9,23.8,22.7,0,0,0,341,0,0,0,15.1,15.4,1273.6,99,0,0,26.3,79,27,1,341,0,1,1,22.3
2026-09-17T03:25:00+05:30,2026-09-17 03:25:00,22.9,23.8,22.7,0,0,0,342,0,0,0,15.1,15.4,1273.6,99,0,0,26.3,79,27,1,342,0,1,1,22.3
2026-09-17T03:20:00+05:30,2026-09-17 03:20:00,22.9,23.8,22.7,0,0,0,344,0,0,0,15.1,15.4,1273.6,99,0,0,26.3,79,27,1,344,0,1,1,22.3
2026-09-17T03:15:00+05:30,2026-09-17 03:15:00,23,23.9,22.8,0,0,0,344,0,0,0,15.1,15.4,1273.6,99,0,0,26.3,79,27,1,344,0,1,1,22.3
2026-09-17T03:10:00+05:30,2026-09-17 03:10:00,22.9,23.8,22.7,0,0,0,345,0,0,0,15.1,15.4,1273.6,99,0,0,26.4,79,27.2,1,339,0,1,1,22.4
2026-09-17T03:05:00+05:30,2026-09-17 03:05:00,22.9,23.8,22.7,0,0,0,345,0,0,0,15.1,15.4,1273.6,99,0,0,26.4,79,27.2,1,334,0,1,1,22.4
2026-09-17T03:00:00+05:30,2026-09-17 03:00:00,22.9,23.8,22.7,0,0,0,339,0,0,0,15.1,15.4,1273.6,99,0,0,26.4,79,27.2,1,330,0,1,1,22.4
2026-09-17T02:55:00+05:30,2026-09-17 02:55:00,22.9,23.8,22.7,0,0,0,339,0,0,0,15.1,15.4,1273.6,99,0,0,26.4,79,27.2,1,339,0,1,1,22.4
2026-09-17T02:50:00+05:30,2026-09-17 02:50:00,22.9,23.8,22.7,0,0,0,339,0,0,0,15.1,15.4,1273.6,99,0,0,26.4,79,27.2,1,339,0,1,1,22.4
2026-09-17T02:45:00+05:30,2026-09-17 02:45:00,23,23.9,22.8,0,0,0,333,0,0,0,15.1,15.4,1273.6,99,0,0,26.4,79,27.2,1,333,0,1,1,22.4
2026-09-17T02:40:00+05:30,2026-09-17 02:40:00,22.9,23.8,22.7,0,0,0,333,0,0,0,15.1,15.4,1273.6,99,0,0,26.4,78,27.1,1,353,0,1,1,22.2
2026-09-17T02:35:00+05:30,2026-09-17 02:35:00,22.9,23.8,22.7,0,0,0,345,0,0,0,15.1,15.4,1273.6,99,0,0,26.4,78,27.1,1,347,0,1,1,22.2
2026-09-17T02:30:00+05:30,2026-09-17 02:30:00,22.9,23.8,22.7,0,0,0,354,0,0,0,15.1,15.4,1273.6,99,0,0,26.4,78,27.1,1,339,0,1,1,22.2
2026-09-17T02:25:00+05:30,2026-09-17 02:25:00,22.9,23.8,22.7,0,0,0,335,0,0,0,15.1,15.4,1273.6,99,0,0,26.4,79,27.2,1,335,0,1,1,22.4
2026-09-17T02:20:00+05:30,2026-09-17 02:20:00,22.9,23.8,22.7,0,0,0,343,0,0,0,15.1,15.4,1273.6,99,0,0,26.5,78,27.2,1,343,0,1,1,22.3
2026-09-17T02:15:00+05:30,2026-09-17 02:15:00,23,23.9,22.8,0,0,0,343,0,0,0,15.1,15.4,1273.6,99,0,0,26.5,78,27.2,1,341,0,1,1,22.3
2026-09-17T02:10:00+05:30,2026-09-17 02:10:00,23,23.9,22.8,0,0,0,341,0,0,0,15.1,15.4,1273.6,99,0,0,26.5,78,27.2,1,338,0,1,1,22.3
2026-09-17T02:05:00+05:30,2026-09-17 02:05:00,23,23.9,22.8,0,0,0,342,0,0,0,15.1,15.4,1273.6,99,0,0,26.5,78,27.2,1,333,0,1,1,22.3
2026-09-17T02:00:00+05:30,2026-09-17 02:00:00,23,23.9,22.8,0,0,0,341,0,0,0,15.1,15.4,1273.6,99,0,0,26.5,78,27.2,1,350,0,1,1,22.3
2026-09-17T01:55:00+05:30,2026-09-17 01:55:00,23,23.9,22.8,0,0,0,341,0,0,0,15.1,15.4,1273.6,99,0,0,26.5,78,27.2,1,350,0,1,1,22.3
2026-09-17T01:50:00+05:30,2026-09-17 01:50:00,23,23.9,22.8,0,0,0,350,0,0,0,15.1,15.4,1273.6,99,0,0,26.6,78,27.4,1,350,0,1,1,22.4
2026-09-17T01:45:00+05:30,2026-09-17 01:45:00,23.1,24.1,22.9,0,0,0,17,0,0,0,15.1,15.4,1273.6,99,0,0,26.6,78,27.4,1,352,0,1,1,22.4
2026-09-17T01:40:00+05:30,2026-09-17 01:40:00,23.1,24.1,22.9,0,0,0,347,0,0,0,15.1,15.4,1273.6,99,0,0,26.6,78,27.4,1,2,0,1,1,22.4
2026-09-17T01:35:00+05:30,2026-09-17 01:35:00,23.1,24.1,22.9,0,0,0,346,0,0,0,15.1,15.4,1273.6,99,0,0,26.6,78,27.4,1,354,0,1,1,22.4
2026-09-17T01:32:00+05:30,2026-09-17 01:32:00,23.1,24.1,22.9,0,0,0,350,0,0,0,15.1,15.4,1273.6,99,0,0,26.6,78,27.4,1,354,0,1,1,22.4
2026-09-17T01:20:00+05:30,2026-09-17 01:20:00,23.1,24.1,22.9,0,0,0,345,0,0,0,15.1,15.4,1273.6,99,0,0,26.7,78,29,1,345,0,1,1,22.6
2026-09-17T01:15:00+05:30,2026-09-17 01:15:00,23.1,24,22.8,0,0,0,345,0,0,0,15.1,15.4,1273.6,98,0,0,26.6,78,27.4,1,345,0,1,1,22.4
2026-09-17T01:10:00+05:30,2026-09-17 01:10:00,23.1,24,22.8,0,0,0,345,0,0,0,15.1,15.4,1273.6,98,0,0,26.7,78,29,1,341,0,1,1,22.6
2026-09-17T01:05:00+05:30,2026-09-17 01:05:00,23.1,24,22.8,0,0,0,345,0,0,0,15.1,15.4,1273.6,98,0,0,26.7,78,29,1,345,0,1,1,22.6
2026-09-17T01:00:00+05:30,2026-09-17 01:00:00,23.1,24,22.8,0,0,0,349,0,0,0,15.1,15.4,1273.6,98,0,0,26.7,78,29,1,349,0,1,1,22.6
2026-09-17T00:55:00+05:30,2026-09-17 00:55:00,23.1,24,22.8,0,0,0,349,0,0,0,15.1,15.4,1273.6,98,0,0,26.7,78,29,1,351,0,1,1,22.6
2026-09-17T00:50:00+05:30,2026-09-17 00:50:00,23.1,24,22.8,0,0,0,351,0,0,0,15.1,15.4,1273.6,98,0,0,26.7,78,29,1,340,0,1,1,22.6
2026-09-17T00:45:00+05:30,2026-09-17 00:45:00,23.1,24,22.8,0,0,0,330,0,0,0,15.1,15.4,1273.6,98,0,0,26.7,78,29,1,349,0,1,1,22.6
2026-09-17T00:40:00+05:30,2026-09-17 00:40:00,23.1,24,22.8,0,0,0,353,0,0,0,15.1,15.4,1273.6,98,0,0,26.7,78,29,1,349,0,1,1,22.6
2026-09-17T00:35:00+05:30,2026-09-17 00:35:00,23.1,24,22.8,0,0,0,342,0,0,0,15.1,15.4,1273.6,98,0,0,26.7,78,29,1,342,0,1,1,22.6
2026-09-17T00:30:00+05:30,2026-09-17 00:30:00,23.1,24,22.8,0,0,0,342,0,0,0,15.1,15.4,1273.6,98,0,0,26.7,78,29,1,342,0,1,1,22.6
2026-09-17T00:25:00+05:30,2026-09-17 00:25:00,23.2,24.2,22.9,0,0,0,344,0,0,0,15.1,15.4,1273.6,98,0,0,26.7,78,29,1,344,0,1,1,22.6
2026-09-17T00:20:00+05:30,2026-09-17 00:20:00,23.2,24.2,22.9,0,0,0,350,0,0,0,15.1,15.4,1273.6,98,0,0,26.7,78,29,1,347,0,1,1,22.6
2026-09-17T00:15:00+05:30,2026-09-17 00:15:00,23.3,24.2,22.9,0,0,0,336,0,0,0,15.1,15.4,1273.6,98,0,0,26.7,78,29,1,337,0,1,1,22.6
2026-09-17T00:10:00+05:30,2026-09-17 00:10:00,23.3,24.2,22.9,0,0,0,337,0,0,0,15.1,15.4,1273.6,98,0,0,26.7,78,29,1,346,0,1,1,22.6
2026-09-17T00:05:00+05:30,2026-09-17 00:05:00,23.2,24.2,22.9,0,0,0,21,0,0,0,15.1,15.4,1273.6,98,0,0,26.7,78,29,1,354,0,1,1,22.6
2026-09-17T00:00:00+05:30,2026-09-17 00:00:00,23.2,24.2,22.9,0,0,0,355,0,0,0,15.1,15.4,1273.6,98,0,0,26.7,78,29,1,348,0,1,1,22.6
2026-09-16T23:55:00+05:30,2026-09-16 23:55:00,23.3,24.2,22.9,0,0,0,339,0,0,0.8,15.1,15.4,1273.6,98,0,0,26.7,78,29,1,339,0,1,1,22.6
2026-09-16T23:50:00+05:30,2026-09-16 23:50:00,23.3,24.2,22.9,0,0,0,329,0,0,0.8,15.1,15.4,1273.6,98,0,0,26.7,78,29,1,329,0,1,1,22.6
2026-09-16T23:45:00+05:30,2026-09-16 23:45:00,23.3,24.2,22.9,0,0,0,327,0,0,0.8,15.1,15.4,1273.6,98,0,0,26.7,78,29,1,332,0,1,1,22.6
2026-09-16T23:40:00+05:30,2026-09-16 23:40:00,23.3,24.2,22.9,0,0,0,330,0,0,0.8,15.1,15.4,1273.6,98,0,0,26.6,78,27.4,1,338,0,1,1,22.4
2026-09-16T23:35:00+05:30,2026-09-16 23:35:00,23.4,24.3,23.1,0,0,0,338,0,0,0.8,15.1,15.4,1273.6,98,0,0,26.7,78,29,1,339,0,1,1,22.6
2026-09-16T23:30:00+05:30,2026-09-16 23:30:00,23.4,24.3,23.1,0,0,0,337,0,0,0.8,15.1,15.4,1273.6,98,0,0,26.7,78,29,1,337,0,1,1,22.6
2026-09-16T23:25:00+05:30,2026-09-16 23:25:00,23.3,24.2,22.9,0,0,0,334,0,0,0.8,15.1,15.4,1273.6,98,0,0,26.7,78,29,1,342,0,1,1,22.6
2026-09-16T23:22:00+05:30,2026-09-16 23:22:00,23.3,24.2,22.9,0,0,0,345,0,0,0.8,15.1,15.4,1273.6,98,0,0,26.7,78,29,1,345,0,1,1,22.6
2026-09-16T23:10:00+05:30,2026-09-16 23:10:00,23.4,24.3,22.9,0,0,21.9,338,0,0,0.8,15.1,15.4,1273.6,97,0,0,26.7,78,29,1,338,0,1,1,22.6
2026-09-16T23:05:00+05:30,2026-09-16 23:05:00,23.4,24.3,22.9,0,0,21.9,338,0,0,0.8,15.1,15.4,1273.6,97,0,0,26.7,78,29,1,338,0,1,1,22.6
2026-09-16T23:00:00+05:30,2026-09-16 23:00:00,23.6,24.6,23.3,0,0,21.9,338,0,0,0.8,15.1,15.4,1273.6,98,0,0,26.7,78,29,1,338,0,1,1,22.6
2026-09-16T22:55:00+05:30,2026-09-16 22:55:00,23.4,24.3,23.1,0,0,21.9,338,0,0,0.8,15.1,15.4,1273.6,98,0,0,26.7,78,29,1,338,0,1,1,22.6
2026-09-16T22:50:00+05:30,2026-09-16 22:50:00,23.4,24.3,23.1,0,0,21.9,338,0,0,0.8,15.1,15.4,1273.6,98,0,0,26.7,78,29,1,338,0,1,1,22.6
2026-09-16T22:45:00+05:30,2026-09-16 22:45:00,23.4,24.3,22.9,0,0,21.9,338,0,0,0.8,15.1,15.4,1273.6,97,0,0,26.7,78,29,1,338,0,1,1,22.6
2026-09-16T22:40:00+05:30,2026-09-16 22:40:00,23.4,24.3,22.9,0,0,21.9,338,0,0,0.8,15.1,15.4,1273.6,97,0,0,26.8,78,29.1,1,338,0,1,1,22.6
2026-09-16T22:35:00+05:30,2026-09-16 22:35:00,23.4,24.3,23.1,0,0,21.9,338,0,0,0.8,15.1,15.4,1273.6,98,0,0,26.8,78,29.1,1,338,0,1,1,22.6
2026-09-16T22:30:00+05:30,2026-09-16 22:30:00,23.4,24.3,22.9,0,0,21.9,329,0,0,0.8,15.1,15.4,1273.6,97,0,0,26.8,78,29.1,1,329,0,1,1,22.6
2026-09-16T22:25:00+05:30,2026-09-16 22:25:00,23.5,24.5,23.2,0,0,21.9,336,0,0,0.8,15.1,15.4,1273.6,98,0,0,26.8,78,29.1,1,336,0,1,1,22.6
2026-09-16T22:20:00+05:30,2026-09-16 22:20:00,23.5,24.5,23.2,0,0,21.9,336,0,0,0.8,15.1,15.4,1273.6,98,0,0,26.8,78,29.1,1,336,0,1,1,22.6
2026-09-16T22:15:00+05:30,2026-09-16 22:15:00,23.5,24.4,23,0,0,21.9,340,0,0,0.8,15.1,15.4,1273.6,97,0,0,26.8,77,29,1,340,0,1,1,22.4
2026-09-16T22:10:00+05:30,2026-09-16 22:10:00,23.4,24.3,22.9,0,0,21.9,345,0,0,0.8,15.1,15.4,1273.6,97,0,0,26.8,77,29,1,332,0,1,1,22.4
2026-09-16T22:05:00+05:30,2026-09-16 22:05:00,23.5,24.4,23,0,0,21.9,332,0,0,0.8,15.1,15.4,1273.6,97,0,0,26.8,77,29,1,332,0,1,1,22.4
2026-09-16T22:00:00+05:30,2026-09-16 22:00:00,23.4,24.3,22.9,0,0,21.9,332,0,0,0.8,15.1,15.4,1273.6,97,0,0,26.8,77,29,1,328,0,1,1,22.4
2026-09-16T21:55:00+05:30,2026-09-16 21:55:00,23.5,24.4,23,0,0,21.9,330,0,0,0.8,15.1,15.4,1273.6,97,0,0,26.8,77,29,1,330,0,1,1,22.4
2026-09-16T21:50:00+05:30,2026-09-16 21:50:00,23.5,24.4,23,0,0,21.9,330,0,0,0.8,15.1,15.4,1273.6,97,0,0,26.9,77,29.2,1,330,0,1,1,22.5
2026-09-16T21:45:00+05:30,2026-09-16 21:45:00,23.6,24.6,23.1,0,0,21.9,329,0,0,0.8,15.1,15.4,1273.6,97,0,0,26.9,77,29.2,1,329,0,1,1,22.5
2026-09-16T21:40:00+05:30,2026-09-16 21:40:00,23.6,24.6,23.1,0,0,21.9,328,0,0,0.8,15.1,15.4,1273.6,97,0,0,26.9,77,29.2,1,328,0,1,1,22.5
2026-09-16T21:35:00+05:30,2026-09-16 21:35:00,23.6,24.6,23.1,0,0,21.9,330,0,0,0.8,15.1,15.4,1273.6,97,0,0,26.9,77,29.2,1,330,0,1,1,22.5
2026-09-16T21:30:00+05:30,2026-09-16 21:30:00,23.7,24.7,23.2,0,0,21.9,309,0,0,0.8,15.1,15.4,1273.6,97,0,0,26.9,77,29.2,1,339,0,1,1,22.5
2026-09-16T21:25:00+05:30,2026-09-16 21:25:00,23.7,24.7,23.2,0,0,21.9,339,0,0,0.8,15.1,15.4,1273.6,97,0,0,26.9,77,29.2,1,339,0,1,1,22.5
2026-09-16T21:20:00+05:30,2026-09-16 21:20:00,23.6,24.6,23.1,0,0,21.9,338,0,0,0.8,15.1,15.4,1273.6,97,0,0,26.9,77,29.2,1,336,0,1,1,22.5
2026-09-16T21:15:00+05:30,2026-09-16 21:15:00,23.7,24.7,23,0,0,21.9,333,0,0,0.8,15.1,15.4,1273.6,96,0,0,26.9,77,29.2,1,333,0,1,1,22.5
2026-09-16T21:10:00+05:30,2026-09-16 21:10:00,23.7,24.7,23,0,0,21.9,327,0,0,0.8,15.1,15.4,1273.6,96,0,0,27,77,29.4,1,324,0,1,1,22.6
2026-09-16T21:05:00+05:30,2026-09-16 21:05:00,23.7,24.7,23,0,0,21.9,325,0,0,0.8,15.1,15.4,1273.6,96,0,0,27,77,29.4,1,325,0,1,1,22.6
2026-09-16T21:00:00+05:30,2026-09-16 21:00:00,23.8,24.7,23.1,0,0,21.9,328,0,0,0.8,15.1,15.4,1273.6,96,0,0,27,77,29.4,1,346,0,1,1,22.6
2026-09-16T20:55:00+05:30,2026-09-16 20:55:00,23.8,24.7,23.1,0,0,21.9,346,0,0,0.8,15.1,15.4,1273.6,96,0,0,27,77,29.4,1,346,0,1,1,22.6
2026-09-16T20:50:00+05:30,2026-09-16 20:50:00,23.9,24.8,23.2,0,0,21.9,327,0,0,0.8,15.1,15.4,1273.6,96,0,0,27,77,29.4,1,321,0,1,1,22.6
2026-09-16T20:45:00+05:30,2026-09-16 20:45:00,23.9,24.8,23,0,0,21.9,326,0,0,0.8,15.1,15.4,1273.6,95,0,0,27,77,29.4,1,321,0,1,1,22.6
2026-09-16T20:40:00+05:30,2026-09-16 20:40:00,24,25,23.3,0,0,21.9,323,0,0,0.8,15.1,15.4,1273.6,96,0,0,27,77,29.4,1,348,0,1,1,22.6
2026-09-16T20:35:00+05:30,2026-09-16 20:35:00,24.1,25.1,23.3,0,0,21.9,350,0,0,0.8,15.1,15.4,1273.6,95,0,0,27,76,29.4,1,350,0,1,1,22.4
2026-09-16T20:30:00+05:30,2026-09-16 20:30:00,24.1,25,23.1,0,0,21.9,341,0,0,0.8,15.1,15.4,1273.6,94,0,0,27.1,76,29.6,1,349,0,1,1,22.5
2026-09-16T20:25:00+05:30,2026-09-16 20:25:00,24.2,25.2,23.2,0,0,21.9,348,0,0,0.8,15.1,15.4,1273.6,94,0,0,27.1,76,29.6,1,319,0,1,1,22.5
2026-09-16T20:20:00+05:30,2026-09-16 20:20:00,24.3,25.2,23.1,0,0,21.9,310,0,0,0.8,15.1,15.4,1273.6,93,0,0,27.1,76,29.6,1,310,0,1,1,22.5
2026-09-16T20:15:00+05:30,2026-09-16 20:15:00,24.3,25.2,22.9,0,0,21.9,317,0,0,0.8,15.1,15.4,1273.6,92,0,0,27.1,76,29.6,1,317,0,1,1,22.5
2026-09-16T20:10:00+05:30,2026-09-16 20:10:00,24.4,25.3,22.8,0,0,21.9,317,0,0,0.8,15.1,15.4,1273.6,91,0,0,27.1,76,29.6,1,317,0,1,1,22.5
2026-09-16T20:05:00+05:30,2026-09-16 20:05:00,24.4,25.2,22.6,0,0,21.9,317,0,0,0.8,15.1,15.4,1273.6,90,0,0,27.1,76,29.6,1,317,0,1,1,22.5
2026-09-16T20:00:00+05:30,2026-09-16 20:00:00,24.4,25.3,22.8,0,0,21.9,326,0,0,0.8,15.1,15.4,1273.6,91,0,0,27.1,76,29.6,1,326,0,1,1,22.5
2026-09-16T19:55:00+05:30,2026-09-16 19:55:00,24.5,25.4,22.7,0,0,21.9,326,0,0,0.8,15.1,15.4,1273.6,90,0,0,27.2,76,29.8,1,326,0,1,1,22.6
2026-09-16T19:50:00+05:30,2026-09-16 19:50:00,24.4,25.2,22.3,0,0,21.9,326,0,0,0.8,15.1,15.4,1273.6,88,0,0,27.2,76,29.8,1,326,0,1,1,22.6
2026-09-16T19:45:00+05:30,2026-09-16 19:45:00,24.5,25.3,22.6,0,0,21.9,326,0,0,0.8,15.1,15.4,1273.6,89,0,0,27.2,76,29.8,1,326,0,1,1,22.6
2026-09-16T19:40:00+05:30,2026-09-16 19:40:00,24.6,25.4,22.5,0,0,21.9,325,0,0,0.8,15.1,15.4,1273.6,88,0,0,27.2,76,29.8,1,325,0,1,1,22.6
2026-09-16T19:35:00+05:30,2026-09-16 19:35:00,24.7,25.5,22.6,0,0,21.9,325,0,0,0.8,15.1,15.4,1273.6,88,0,0,27.2,76,29.8,1,325,0,1,1,22.6
2026-09-16T19:30:00+05:30,2026-09-16 19:30:00,24.6,25.4,22.5,0,0,21.9,325,0,0,0.8,15.1,15.4,1273.6,88,0,0,27.3,76,29.9,1,326,0,1,1,22.7
2026-09-16T19:25:00+05:30,2026-09-16 19:25:00,24.7,25.5,22.6,0,0,21.9,325,0,0,0.8,15.1,15.4,1273.6,88,0,0,27.3,76,29.9,1,325,0,1,1,22.7
2026-09-16T19:20:00+05:30,2026-09-16 19:20:00,24.6,25.4,22.5,0,0,21.9,325,0,0,0.8,15.1,15.4,1273.6,88,0,0,27.3,76,29.9,1,325,0,1,1,22.7
2026-09-16T19:15:00+05:30,2026-09-16 19:15:00,24.7,25.5,22.4,0,0,21.9,325,0,0,0.8,15.1,15.4,1273.6,87,0,0,27.3,76,29.9,1,325,0,1,1,22.7
2026-09-16T19:10:00+05:30,2026-09-16 19:10:00,24.7,25.5,22.6,0,0,21.9,325,0,0,0.8,15.1,15.4,1273.6,88,0,0,27.3,76,29.9,1,325,0,1,1,22.7
2026-09-16T19:05:00+05:30,2026-09-16 19:05:00,24.8,25.6,22.8,0,0,21.9,325,0,0,0.8,15.1,15.4,1273.6,89,0,0,27.4,76,30.2,1,325,0,1,1,22.8
2026-09-16T19:00:00+05:30,2026-09-16 19:00:00,24.8,25.6,22.6,0,0,21.9,325,0,0,0.8,15.1,15.4,1273.6,88,0,0,27.4,76,30.2,1,325,0,1,1,22.8
2026-09-16T18:55:00+05:30,2026-09-16 18:55:00,25,25.9,22.9,0,0,21.9,325,0,0,0.8,15.1,15.4,1273.6,88,0,0,27.4,76,30.2,1,325,0,1,1,22.8
2026-09-16T18:50:00+05:30,2026-09-16 18:50:00,25.1,25.9,22.8,0,0,21.9,328,0,0,0.8,15.1,15.4,1273.6,87,0,0,27.4,76,30.2,1,319,0,1,1,22.8
2026-09-16T18:45:00+05:30,2026-09-16 18:45:00,25.1,25.9,22.8,0,0,21.9,274,0,0,0.8,15.1,15.4,1273.6,87,0,0,27.5,76,30.4,1,319,0,1,1,22.9
2026-09-16T18:40:00+05:30,2026-09-16 18:40:00,25.2,26.1,23.1,0,0,21.9,319,0,0,0.8,15.1,15.4,1273.6,88,0,0,27.5,76,30.4,1,320,0,1,1,22.9
2026-09-16T18:35:00+05:30,2026-09-16 18:35:00,25.3,26.1,23,0,0,21.9,313,0,0,0.8,15.1,15.4,1273.6,87,0,0,27.5,76,30.4,1,289,0,1,1,22.9
2026-09-16T18:30:00+05:30,2026-09-16 18:30:00,25.4,26.3,23.1,0,0,21.9,289,0,0,0.8,15.1,15.4,1273.6,87,0,0,27.5,76,30.4,1,289,0,1,1,22.9
2026-09-16T18:25:00+05:30,2026-09-16 18:25:00,25.4,26.3,23.1,0,0,21.9,288,0,0,0.8,15.1,15.4,1273.6,87,0,0,27.5,76,30.4,1,288,0,1,1,22.9
2026-09-16T18:20:00+05:30,2026-09-16 18:20:00,25.6,26.5,23.1,0,0,21.9,288,0,0,0.8,15.1,15.4,1273.6,86,0,0.1,27.6,76,30.7,1,288,0,1,1,23
2026-09-16T18:15:00+05:30,2026-09-16 18:15:00,25.6,26.4,22.9,0,0,21.9,287,0,0,0.8,15.1,15.4,1273.6,85,0,0.2,27.6,76,30.7,1,287,0,1,1,23
2026-09-16T18:10:00+05:30,2026-09-16 18:10:00,25.7,26.6,23,0,1.8,21.9,281,0,0,0.8,15.1,15.4,1273.6,85,0,0.6,27.6,76,30.7,1,296,0,1,1,23
2026-09-16T18:05:00+05:30,2026-09-16 18:05:00,25.7,26.6,23,0,0,21.9,295,0,0,0.8,15.1,15.4,1273.6,85,0,1.5,27.7,76,30.9,1,295,0.3,1,1,23.1
2026-09-16T18:00:00+05:30,2026-09-16 18:00:00,25.7,26.5,22.8,2.1,5.5,21.9,291,0,0,0.8,15.1,15.4,1273.6,84,0,3.9,27.6,76,30.7,1,289,1.1,1,1,23
2026-09-16T17:55:00+05:30,2026-09-16 17:55:00,25.8,26.6,23.1,0,0,21.9,284,0,0,0.8,15.1,15.4,1273.6,85,0,6.1,27.7,76,30.9,1,282,0,1,1,23.1
2026-09-16T17:50:00+05:30,2026-09-16 17:50:00,25.8,26.7,23.3,0,3.5,21.9,285,0,0,0.8,15.1,15.4,1273.6,86,0,8.3,27.7,76,30.9,1,314,0,1,1,23.1
2026-09-16T17:45:00+05:30,2026-09-16 17:45:00,25.8,26.7,23.3,0,0,21.9,322,0,0,0.8,15.1,15.4,1273.6,86,0,11.2,27.8,76,31,1,314,1.4,1,1,23.2
2026-09-16T17:40:00+05:30,2026-09-16 17:40:00,25.7,26.6,23.2,0.3,5.5,21.9,288,0,0,0.8,15.1,15.4,1273.6,86,0,13.9,27.8,76,31,1,288,3.5,1,1,23.2
2026-09-16T17:35:00+05:30,2026-09-16 17:35:00,25.8,26.6,23.1,1.1,5.5,21.9,327,0,0,0.8,15.1,15.4,1273.6,85,0,17.3,27.8,76,31,1,281,1.1,1,1,23.2
2026-09-16T17:30:00+05:30,2026-09-16 17:30:00,26.2,27.1,23.5,1.1,3.5,21.9,334,0,0,0.8,15.1,15.4,1273.6,85,0,22.2,27.8,76,31,1,280,0.3,1,1,23.2
2026-09-16T17:25:00+05:30,2026-09-16 17:25:00,26.2,27.1,23.3,2.6,3.5,21.9,286,0,0,0.8,15.1,15.4,1273.6,84,0,26.4,27.9,76,31.3,1,278,1.8,1,1,23.3
2026-09-16T17:20:00+05:30,2026-09-16 17:20:00,26.3,27.2,23.4,5.5,7.2,21.9,287,0,0,0.8,15.1,15.4,1273.6,84,0,26.8,27.9,76,31.3,1,278,1.8,1,1,23.3
2026-09-16T17:15:00+05:30,2026-09-16 17:15:00,26.4,27.3,23.5,0.6,1.8,21.9,253,0,0,0.8,15.1,15.4,1273.6,84,0,33.5,27.9,76,31.3,1,275,1.1,1,1,23.3
2026-09-16T17:10:00+05:30,2026-09-16 17:10:00,26.3,27.2,23.4,0,3.5,21.9,266,0,0,0.8,15.1,15.4,1273.6,84,0,36.6,27.9,75,31.1,1,283,2.1,1,1,23.1
2026-09-16T17:05:00+05:30,2026-09-16 17:05:00,26.3,27.2,23.4,1.4,3.5,21.9,286,0,0,0.8,15.1,15.4,1273.6,84,0,43.2,28,75,31.3,1,288,2.6,1,1,23.2
2026-09-16T17:00:00+05:30,2026-09-16 17:00:00,26.4,27.3,23.3,4.7,11.1,21.9,280,0,0,0.8,15.1,15.4,1273.6,83,0,47.6,28,76,31.5,1,289,2.9,1,1,23.4
2026-09-16T16:55:00+05:30,2026-09-16 16:55:00,26.3,27.2,23.4,4,5.5,21.9,291,0,0,0.8,15.1,15.4,1273.6,84,0,52.6,28.1,75,31.6,1,286,2.9,1,1,23.3
2026-09-16T16:50:00+05:30,2026-09-16 16:50:00,26.3,27.2,23.5,4.7,7.2,21.9,279,0,0,0.8,15.1,15.4,1273.6,85,0,55.1,28.1,75,31.6,1,286,3.2,1,1,23.3
2026-09-16T16:45:00+05:30,2026-09-16 16:45:00,26.4,27.3,23.5,6.9,9.3,21.9,282,0,0,0.8,15.1,15.4,1273.6,84,0,63.2,28.2,76,32,1,301,2.9,1,1,23.6
2026-09-16T16:40:00+05:30,2026-09-16 16:40:00,26.6,27.5,23.7,9.7,13,21.9,294,0,0,0.8,15.1,15.4,1273.6,84,0,69.2,28.2,76,32,1,303,3.5,1,1,23.6
2026-09-16T16:35:00+05:30,2026-09-16 16:35:00,26.7,29.4,23.6,4,9.3,21.9,274,0,0,0.8,15.1,15.4,1273.6,83,0,78.5,28.2,76,32,1,294,2.9,1,1,23.6
2026-09-16T16:30:00+05:30,2026-09-16 16:30:00,26.8,29.6,23.8,0.6,3.5,21.9,300,0,0,0.8,15.1,15.4,1273.6,84,0,93.3,28.2,76,32,1,301,2.9,1,1,23.6
2026-09-16T16:25:00+05:30,2026-09-16 16:25:00,26.9,29.8,23.7,2.9,5.5,21.9,288,0,0,0.8,15.1,15.4,1273.6,83,0,87.6,28.2,76,32,1,307,2.9,1,1,23.6
2026-09-16T16:20:00+05:30,2026-09-16 16:20:00,27,30,23.9,8.7,11.1,21.9,284,0,0,0.8,15.1,15.4,1273.6,83,0,68.1,28.3,76,32.2,1,284,3.5,1,1,23.6
2026-09-16T16:15:00+05:30,2026-09-16 16:15:00,26.9,29.9,23.9,2.9,11.1,21.9,270,0,0,0.8,15.1,15.4,1273.6,84,1,121.3,28.3,76,32.2,1,310,6.4,1,1,23.6
2026-09-16T16:10:00+05:30,2026-09-16 16:10:00,27,30,23.9,5,13,21.9,269,0,0,0.8,15.1,15.4,1273.6,83,1,121.5,28.3,76,32.2,1,276,7.9,1,1,23.6
2026-09-16T16:05:00+05:30,2026-09-16 16:05:00,27.3,30.6,23.9,13.7,21.9,21.9,283,0,0,0.8,15.1,15.4,1273.6,82,1,121.9,28.3,76,32.2,1,277,6.1,1,1,23.6
2026-09-16T16:00:00+05:30,2026-09-16 16:00:00,27.9,31.8,24.1,7.6,11.1,20.1,273,0,0,0.8,15.1,15.4,1273.6,80,1,180.4,28.3,76,32.2,1,273,6.1,1,1,23.6
2026-09-16T15:55:00+05:30,2026-09-16 15:55:00,27.9,32,24.3,9.7,13,20.1,275,0,0,0.8,15.1,15.4,1273.6,81,1,203.5,28.3,76,32.2,1,301,6.1,1,1,23.6
2026-09-16T15:50:00+05:30,2026-09-16 15:50:00,28.1,32.2,24.1,8.7,9.3,20.1,290,0,0,0.8,15.1,15.4,1273.6,79,2,214.4,28.3,76,32.2,1,264,3.5,1,1,23.6
2026-09-16T15:45:00+05:30,2026-09-16 15:45:00,28.1,32.4,24.3,4.3,9.3,20.1,310,0,0,0.8,15.1,15.4,1273.6,80,1,134.4,28.3,76,32.2,1,273,4,1,1,23.6
2026-09-16T15:40:00+05:30,2026-09-16 15:40:00,28,32.1,24.2,3.5,9.3,20.1,277,0,0,0.8,15.1,15.4,1273.6,80,1,202.1,28.3,75,32,1,277,4,1,1,23.4
2026-09-16T15:35:00+05:30,2026-09-16 15:35:00,28.8,33.7,24.5,4,13,20.1,296,0,0,0.8,15.1,15.4,1273.6,78,1,181.3,28.4,75,32.2,1,305,2.1,1,1,23.5
2026-09-16T15:30:00+05:30,2026-09-16 15:30:00,28.7,33.4,24.3,1.4,5.5,20.1,307,0,0,0.8,15.1,15.4,1273.6,77,2,213,28.4,75,32.2,1,299,4.3,1,1,23.5
2026-09-16T15:25:00+05:30,2026-09-16 15:25:00,28.3,32.5,24.1,8.7,11.1,20.1,305,0,0,0.8,15.1,15.4,1273.6,78,2,254.3,28.4,75,32.2,1,296,6.1,1,1,23.5
2026-09-16T15:20:00+05:30,2026-09-16 15:20:00,28.6,33.3,24.4,0.3,7.2,20.1,305,0,0,0.8,15.1,15.4,1273.6,78,2,299.5,28.4,75,32.2,1,280,4.7,1,1,23.5
2026-09-16T15:19:00+05:30,2026-09-16 15:19:00,28.6,33.3,24.4,4,7.2,20.1,305,0,0,0.8,15.1,15.4,1273.6,78,3,312.8,28.4,75,32.2,1,280,6.1,1,1,23.5
2026-09-16T15:05:00+05:30,2026-09-16 15:05:00,29.4,34.9,24.7,13.4,14.8,20.1,337,0,0,0.8,15.1,15.4,1273.6,76,3,331.9,28.4,75,32.2,1,267,2.9,1,1,23.5
2026-09-16T15:00:00+05:30,2026-09-16 15:00:00,29.2,34.3,24.3,3.5,5.5,20.1,273,0,0,0.8,15.1,15.4,1273.6,75,4,483.3,28.4,75,32.2,1,279,2.9,1,1,23.5
2026-09-16T14:55:00+05:30,2026-09-16 14:55:00,28.5,33,24.3,2.1,9.3,20.1,310,0,0,0.8,15.1,15.4,1273.6,78,3,318.8,28.4,75,32.2,1,279,3.5,1,1,23.5
2026-09-16T14:51:00+05:30,2026-09-16 14:51:00,28.8,33.5,24.3,3.5,5.5,20.1,285,0,0,0.8,15.1,15.4,1273.6,77,1,200.3,28.4,75,32.2,1,305,2.1,1,1,23.5
2026-09-16T14:40:00+05:30,2026-09-16 14:40:00,28.6,33.1,24.2,1.8,1.8,20.1,306,0,0,0.8,15.1,15.4,1273.6,77,2,242.7,28.5,75,32.5,1,306,3.2,1,1,23.6
2026-09-16T14:35:00+05:30,2026-09-16 14:35:00,28.4,32.7,24.2,6.4,9.3,20.1,286,0,0,0.8,15.1,15.4,1273.6,78,2,260.1,28.5,75,32.5,1,279,6.4,1,1,23.6
2026-09-16T14:30:00+05:30,2026-09-16 14:30:00,29,33.9,24.3,8.2,16.6,20.1,277,0,0,0.8,15.1,15.4,1273.6,76,3,338.9,28.5,75,32.5,1,278,7.2,1,1,23.6
2026-09-16T14:25:00+05:30,2026-09-16 14:25:00,28.5,32.8,24.1,5.8,11.1,20.1,272,0,0,0.8,15.1,15.4,1273.6,77,5,562.6,28.5,75,32.5,1,281,9.7,1,1,23.6
2026-09-16T14:20:00+05:30,2026-09-16 14:20:00,28.7,33.2,24.1,12.2,20.1,20.1,287,0,0,0.8,15.1,15.4,1273.6,76,5,571.7,28.5,75,32.5,1,258,6.4,1,1,23.6
2026-09-16T14:15:00+05:30,2026-09-16 14:15:00,29.6,35.5,24.9,2.6,5.5,18.3,280,0,0,0.8,15.1,15.4,1273.6,76,5,554.5,28.4,75,32.2,1,259,4.3,1,1,23.5
2026-09-16T14:10:00+05:30,2026-09-16 14:10:00,29.1,33.8,24,5.5,9.3,18.3,284,0,0,0.8,15.1,15.4,1273.6,74,5,612.5,28.3,74,31.8,1,307,7.2,1,1,23.2
2026-09-16T14:05:00+05:30,2026-09-16 14:05:00,28.7,33.2,24.1,3.5,14.8,18.3,312,0,0,0.8,15.1,15.4,1273.6,76,4,413.3,28.3,74,31.8,1,288,7.9,1,1,23.2
2026-09-16T14:00:00+05:30,2026-09-16 14:00:00,29.4,34.2,24,10.8,16.6,18.3,288,0,0,0.8,15.1,15.4,1273.6,73,2,250,28.3,75,32,1,288,5.5,1,1,23.4
2026-09-16T13:50:00+05:30,2026-09-16 13:50:00,29.1,34,24.2,3.2,3.5,18.3,309,0,0,0.8,15.1,15.4,1273.6,75,5,598,28.2,76,32,1,284,5,1,1,23.6
2026-09-16T13:45:00+05:30,2026-09-16 13:45:00,28.7,33.4,24.3,12.2,18.3,18.3,279,0,0,0.8,15.1,15.4,1273.6,77,5,577.7,28.2,76,32,1,313,6.1,1,1,23.6
2026-09-16T13:40:00+05:30,2026-09-16 13:40:00,29.1,34.4,24.7,3.5,13,18.3,277,0,0,0.8,15.1,15.4,1273.6,77,6,658.5,28.2,75,31.8,1,285,4,1,1,23.3
2026-09-16T13:36:00+05:30,2026-09-16 13:36:00,28.8,33.3,24.1,6.1,9.3,18.3,307,0,0,0.8,15.1,15.4,1273.6,76,3,405.3,28.2,75,31.8,1,285,4.7,1,1,23.3
2026-09-16T13:30:00+05:30,2026-09-16 13:30:00,28,31.8,23.8,4,9.3,18.3,291,0,0,0.8,15.1,15.4,1273.6,78,5,524,28.2,75,31.8,1,291,5,1,1,23.3
2026-09-16T13:25:00+05:30,2026-09-16 13:25:00,28.2,32.2,23.8,8.2,11.1,18.3,282,0,0,0.8,15.1,15.4,1273.6,77,0,83.5,28.2,75,31.8,1,288,5.5,1,1,23.3
2026-09-16T13:20:00+05:30,2026-09-16 13:20:00,29.2,34.3,24.3,7.9,11.1,18.3,292,0,0,0.8,15.1,15.4,1273.6,75,0,85.1,28.3,75,32,1,236,2.6,1,1,23.4
2026-09-16T13:16:00+05:30,2026-09-16 13:16:00,30.5,36.8,24.9,0,7.2,18.3,288,0,0,0.8,15.1,15.4,1273.6,72,1,112.1,28.3,75,32,1,239,0,1,1,23.4
2026-09-16T13:10:00+05:30,2026-09-16 13:10:00,30.5,36.6,24.6,0,0,18.3,239,0,0,0.8,15.1,15.4,1273.6,71,2,229.8,28.4,74,32.1,1,239,2.6,1,1,23.3
2026-09-16T13:05:00+05:30,2026-09-16 13:05:00,30.2,35.6,24.1,0,7.2,18.3,298,0,0,0.8,15.1,15.4,1273.6,70,1,186.2,28.4,75,32.2,1,263,1.4,1,1,23.5
2026-09-16T13:00:00+05:30,2026-09-16 13:00:00,31,37,24.4,1.4,3.5,18.3,262,0,0,0.8,15.1,15.4,1273.6,68,7,795.4,28.4,75,32.2,1,263,0.6,1,1,23.5
2026-09-16T12:55:00+05:30,2026-09-16 12:55:00,30.2,36.1,24.6,0,1.8,18.3,262,0,0,0.8,15.1,15.4,1273.6,72,2,267.3,28.4,75,32.2,1,289,1.4,1,1,23.5
2026-09-16T12:50:00+05:30,2026-09-16 12:50:00,30,35.3,24.2,2.6,9.3,18.3,285,0,0,0.8,15.1,15.4,1273.6,71,3,316,28.4,75,32.2,1,285,2.6,1,1,23.5
2026-09-16T12:45:00+05:30,2026-09-16 12:45:00,29.7,34.8,24.1,3.5,11.1,18.3,281,0,0,0.8,15.1,15.4,1273.6,72,7,767.6,28.3,75,32,1,286,3.5,1,1,23.4
2026-09-16T12:40:00+05:30,2026-09-16 12:40:00,29.8,35,24.2,1.4,5.5,18.3,285,0,0,0.8,15.1,15.4,1273.6,72,3,328.5,28.2,75,31.8,1,280,2.9,1,1,23.3
2026-09-16T12:35:00+05:30,2026-09-16 12:35:00,30.1,35.8,24.5,2.9,7.2,18.3,312,0,0,0.8,15.1,15.4,1273.6,72,2,270.5,28.2,75,31.8,1,314,2.1,1,1,23.3
2026-09-16T12:30:00+05:30,2026-09-16 12:30:00,29.8,34.7,23.9,2.9,3.5,18.3,303,0,0,0.8,15.1,15.4,1273.6,71,5,536.6,28.1,76,31.8,1,286,2.6,1,1,23.4
2026-09-16T12:25:00+05:30,2026-09-16 12:25:00,29,33.1,23.4,3.5,7.2,18.3,286,0,0,0.8,15.1,15.4,1273.6,72,8,888.2,28.1,76,31.8,1,287,3.2,1,1,23.4
2026-09-16T12:20:00+05:30,2026-09-16 12:20:00,28.8,33.2,23.9,1.8,1.8,18.3,313,0,0,0.8,15.1,15.4,1273.6,75,2,283,28.1,76,31.8,1,290,3.5,1,1,23.4
2026-09-16T12:15:00+05:30,2026-09-16 12:15:00,29.2,34,24.1,1.1,7.2,18.3,283,0,0,0.8,15.1,15.4,1273.6,74,2,248.4,28.1,76,31.8,1,291,4,1,1,23.4
2026-09-16T12:10:00+05:30,2026-09-16 12:10:00,29.1,33.6,23.8,3.5,7.2,18.3,293,0,0,0.8,15.1,15.4,1273.6,73,2,259.5,28,77,31.7,1,291,3.2,1,1,23.6
2026-09-16T12:05:00+05:30,2026-09-16 12:05:00,29.4,34.2,24,3.5,9.3,18.3,300,0,0,0.8,15.1,15.4,1273.6,73,6,690.7,27.9,77,31.4,1,282,2.9,1,1,23.5
2026-09-16T12:00:00+05:30,2026-09-16 12:00:00,28.5,32.7,23.8,0,3.5,18.3,282,0,0,0.8,15.1,15.4,1273.6,76,5,581.7,27.9,77,31.4,1,282,2.9,1,1,23.5
2026-09-16T11:55:00+05:30,2026-09-16 11:55:00,28.3,32.3,23.8,2.9,9.3,18.3,274,0,0,0.8,15.1,15.4,1273.6,77,4,490.2,27.8,77,31.1,1,280,4,1,1,23.4
2026-09-16T11:50:00+05:30,2026-09-16 11:50:00,28.4,32.7,24.2,5.5,13,18.3,230,0,0,0.8,15.1,15.4,1273.6,78,2,303.9,27.7,77,31,1,230,4,1,1,23.3
2026-09-16T11:46:00+05:30,2026-09-16 11:46:00,28.8,33.2,23.9,0,5.5,18.3,311,0,0,0.8,15.1,15.4,1273.6,75,2,238.9,27.7,77,31,1,286,1.1,1,1,23.3
2026-09-16T11:40:00+05:30,2026-09-16 11:40:00,28.8,33.3,24.1,0.6,3.5,18.3,286,0,0,0.8,15.1,15.4,1273.6,76,2,299.1,27.6,76,30.7,1,286,1.1,1,1,23
2026-09-16T11:35:00+05:30,2026-09-16 11:35:00,28.4,32.4,23.7,6.1,7.2,18.3,286,0,0,0.8,15.1,15.4,1273.6,76,3,370.1,27.6,76,30.7,1,306,1.8,1,1,23
2026-09-16T11:30:00+05:30,2026-09-16 11:30:00,28.4,32.4,23.7,0,0,18.3,306,0,0,0.8,15.1,15.4,1273.6,76,3,338.1,27.6,76,30.7,1,324,2.1,1,1,23
2026-09-16T11:25:00+05:30,2026-09-16 11:25:00,28.4,32.2,23.5,5.5,9.3,18.3,325,0,0,0.8,15.1,15.4,1273.6,75,2,234.3,27.5,76,30.4,1,278,2.6,1,1,22.9
2026-09-16T11:20:00+05:30,2026-09-16 11:20:00,28.9,33.2,23.8,2.9,7.2,18.3,315,0,0,0.8,15.1,15.4,1273.6,74,2,242.3,27.5,76,30.4,1,286,1.1,1,1,22.9
2026-09-16T11:15:00+05:30,2026-09-16 11:15:00,28.7,32.8,23.6,0,0,18.3,285,0,0,0.8,15.1,15.4,1273.6,74,2,304.6,27.5,76,30.4,1,291,1.1,1,1,22.9
2026-09-16T11:10:00+05:30,2026-09-16 11:10:00,28.7,32.8,23.6,0,11.1,18.3,308,0,0,0.8,15.1,15.4,1273.6,74,2,229.9,27.4,76,30.2,1,241,2.1,1,1,22.8
2026-09-16T11:06:00+05:30,2026-09-16 11:06:00,28.8,32.8,23.4,1.1,1.8,18.3,242,0,0,0.8,15.1,15.4,1273.6,73,2,242.8,27.4,77,30.3,1,277,4,1,1,23
2026-09-16T11:00:00+05:30,2026-09-16 11:00:00,28.8,33,23.7,6.9,13,18.3,277,0,0,0.8,15.1,15.4,1273.6,74,7,820.1,27.3,77,30.1,1,320,4,1,1,22.9
2026-09-16T10:55:00+05:30,2026-09-16 10:55:00,29,33.3,23.7,1.1,9.3,18.3,275,0,0,0.8,15.1,15.4,1273.6,73,2,269.6,27.2,77,29.9,1,276,4.3,1,1,22.8
2026-09-16T10:50:00+05:30,2026-09-16 10:50:00,28.5,32,22.9,6.1,13,18.3,273,0,0,0.8,15.1,15.4,1273.6,72,7,804,27.1,77,29.7,1,285,5.8,1,1,22.7
2026-09-16T10:45:00+05:30,2026-09-16 10:45:00,28.5,32.2,23.2,0,13,18.3,283,0,0,0.8,15.1,15.4,1273.6,73,4,493.1,27.1,77,29.7,1,283,6.1,1,1,22.7
2026-09-16T10:40:00+05:30,2026-09-16 10:40:00,28.3,31.5,22.7,4,7.2,18.3,291,0,0,0.8,15.1,15.4,1273.6,72,7,731.8,27,77,29.4,1,274,4,1,1,22.6
2026-09-16T10:35:00+05:30,2026-09-16 10:35:00,28.5,32.3,23.4,15.8,18.3,18.3,274,0,0,0.8,15.1,15.4,1273.6,74,7,741.1,27,79,29.7,1,274,3.5,1,1,23.1
2026-09-16T10:30:00+05:30,2026-09-16 10:30:00,27.6,30.9,23.4,1.4,3.5,14.8,319,0,0,0.8,15.1,15.4,1273.6,78,2,236.3,26.9,79,29.4,1,284,4,1,1,22.9
2026-09-16T10:25:00+05:30,2026-09-16 10:25:00,28.2,32,23.6,11.6,14.8,14.8,284,0,0,0.8,15.1,15.4,1273.6,76,2,228.7,26.9,79,29.4,1,269,1.8,1,1,22.9
2026-09-16T10:20:00+05:30,2026-09-16 10:20:00,28,31.6,23.6,1.1,5.5,7.2,269,0,0,0.8,15.1,15.4,1273.6,77,6,682.8,26.8,80,29.3,1,273,1.4,1,1,23.1
2026-09-16T10:15:00+05:30,2026-09-16 10:15:00,27.3,30.4,23.5,0,3.5,5.5,264,0,0,0.8,15.1,15.4,1273.6,80,6,645.5,26.8,80,29.3,1,290,1.1,1,1,23.1
2026-09-16T10:10:00+05:30,2026-09-16 10:10:00,27.2,30.6,24.1,0,1.8,5.5,293,0,0,0.8,15.1,15.4,1273.6,83,1,190.8,26.8,80,29.3,1,282,0,1,1,23.1
2026-09-16T10:05:00+05:30,2026-09-16 10:05:00,28,32.3,24.4,0,0,5.5,282,0,0,0.8,15.1,15.4,1273.6,81,1,151.1,26.8,80,29.3,1,282,0,1,1,23.1
2026-09-16T10:00:00+05:30,2026-09-16 10:00:00,28.3,33,24.7,0,0,5.5,281,0,0,0.8,15.1,15.4,1273.6,81,2,221.8,26.8,80,29.3,1,282,0,1,1,23.1
2026-09-16T09:55:00+05:30,2026-09-16 09:55:00,27.9,31.5,23.7,0,1.8,5.5,282,0,0,0.8,15.1,15.4,1273.6,78,2,237.6,26.8,81,29.3,1,305,0,1,1,23.2
2026-09-16T09:50:00+05:30,2026-09-16 09:50:00,28.3,33,24.7,0.3,1.8,5.5,305,0,0,0.8,15.1,15.4,1273.6,81,4,510.7,26.7,81,29.2,1,305,0,1,1,23.2
2026-09-16T09:45:00+05:30,2026-09-16 09:45:00,28,32.3,24.4,0,0,5.5,305,0,0,0.8,15.1,15.4,1273.6,81,2,307.1,26.7,81,29.2,1,305,0,1,1,23.2
2026-09-16T09:40:00+05:30,2026-09-16 09:40:00,28.4,32.7,24.2,1.8,1.8,5.5,306,0,0,0.8,15.1,15.4,1273.6,78,3,381.4,26.6,81,27.4,1,305,0,1,1,23.1
2026-09-16T09:38:00+05:30,2026-09-16 09:38:00,28.2,32.7,24.4,0,1.8,5.5,305,0,0,0.8,15.1,15.4,1273.6,80,3,385.4,26.6,81,27.4,1,305,0,1,1,23.1
2026-09-16T09:30:00+05:30,2026-09-16 09:30:00,27.4,31,24.2,0,1.8,5.5,303,0,0,0.8,15.1,15.4,1273.6,83,3,377.8,26.6,81,27.4,1,334,0,1,1,23.1
2026-09-16T09:26:00+05:30,2026-09-16 09:26:00,27.7,32,24.8,0,0,1.8,333,0,0,0.8,15.1,15.4,1273.6,84,4,490.2,26.5,81,27.3,1,333,0,1,1,22.9
2026-09-16T09:20:00+05:30,2026-09-16 09:20:00,26.7,29.7,24.2,0,0,1.8,333,0,0,0.8,15.1,15.4,1273.6,86,3,316,26.5,81,27.3,1,334,0,1,1,22.9
2026-09-16T09:15:00+05:30,2026-09-16 09:15:00,26.9,29.8,23.7,1.8,1.8,1.8,333,0,0,0.8,15.1,15.4,1273.6,83,2,306.6,26.4,81,27.2,1,333,0,1,1,22.8
2026-09-16T09:11:00+05:30,2026-09-16 09:11:00,26.9,29.9,24.1,0,0,1.8,334,0,0,0.8,15.1,15.4,1273.6,85,2,274.7,26.4,81,27.2,1,334,0,1,1,22.8
2026-09-16T09:00:00+05:30,2026-09-16 09:00:00,26.2,27.1,23.7,0,1.8,3.5,334,0,3.8,0.8,15.1,15.4,1273.6,86,2,271.1,26.3,81,27.1,1,332,0,1,1,22.7
2026-09-16T08:55:00+05:30,2026-09-16 08:55:00,25.9,26.9,23.9,0,0,3.5,332,0,3.8,0.8,15.1,15.4,1273.6,89,2,208.6,26.2,81,27,1,332,0,1,1,22.7
2026-09-16T08:51:00+05:30,2026-09-16 08:51:00,25.9,26.9,24.1,0,0,3.5,332,0,3.8,0.8,15.1,15.4,1273.6,90,1,205,26.2,81,27,1,332,0,1,1,22.7
2026-09-16T08:46:00+05:30,2026-09-16 08:46:00,25.3,26.2,23.5,0,0,3.5,332,0,3.8,0.8,15.1,15.4,1273.6,90,1,192.9,26.2,81,27,1,332,0,1,1,22.7
2026-09-16T08:40:00+05:30,2026-09-16 08:40:00,25,25.9,23.4,0,0,3.5,332,0,3.8,0.8,15.1,15.4,1273.6,91,1,189.2,26.2,81,27,1,332,0,1,1,22.7
2026-09-16T08:35:00+05:30,2026-09-16 08:35:00,24.9,25.8,23.3,0,0,3.5,332,0,3.8,0.8,15.1,15.4,1273.6,91,1,171.8,26.1,81,26.9,1,345,0,1,1,22.6
2026-09-16T08:30:00+05:30,2026-09-16 08:30:00,24.5,25.4,23.3,0,0,3.5,345,0,3.8,0.8,15.1,15.4,1273.6,93,1,164.1,26.1,81,26.9,1,345,0,1,1,22.6
2026-09-16T08:25:00+05:30,2026-09-16 08:25:00,24.1,25.1,23.4,0,0,3.5,10,0,3.8,0.8,15.1,15.4,1273.6,96,1,176.4,26,81,26.8,1,349,0,1,1,22.5
2026-09-16T08:20:00+05:30,2026-09-16 08:20:00,23.8,24.8,23.4,0,0,3.5,349,0,3.8,0.8,15.1,15.4,1273.6,98,1,168.4,26,81,26.8,1,350,0,1,1,22.5
2026-09-16T08:15:00+05:30,2026-09-16 08:15:00,23.7,24.7,23.6,0,0,3.5,349,0,3.8,0.8,15.1,15.4,1273.6,99,1,158,26,81,26.8,1,350,0,1,1,22.5
2026-09-16T08:10:00+05:30,2026-09-16 08:10:00,23.3,24.2,23.1,0,0,3.5,359,0,3.8,0.8,15.1,15.4,1273.6,99,1,152.4,25.9,81,26.7,1,359,0,1,1,22.4
2026-09-16T08:05:00+05:30,2026-09-16 08:05:00,23.3,24.2,23.1,0,0,3.5,359,0,3.8,0.8,15.1,15.4,1273.6,99,1,131.3,25.8,81,26.5,1,359,0,1,1,22.3
2026-09-16T08:00:00+05:30,2026-09-16 08:00:00,23.2,24.2,23.1,0,0,3.5,348,0,3.8,0.8,15.1,15.4,1273.6,99,1,115.2,25.8,80,26.5,1,10,0,1,1,22.1
2026-09-16T07:55:00+05:30,2026-09-16 07:55:00,23,23.9,22.8,0,0,3.5,10,0,3.8,0.8,15.1,15.4,1273.6,99,0,97.5,25.8,80,26.5,1,10,0,1,1,22.1
2026-09-16T07:50:00+05:30,2026-09-16 07:50:00,23.1,24.1,22.9,0,0,3.5,347,0,3.8,0.8,15.1,15.4,1273.6,99,0,78,25.8,80,26.5,1,4,0,1,1,22.1
2026-09-16T07:45:00+05:30,2026-09-16 07:45:00,22.9,23.8,22.7,0,0,3.5,7,0,3.8,0.8,15.1,15.4,1273.6,99,0,84.2,25.7,80,26.4,1,7,0,1,1,22
2026-09-16T07:40:00+05:30,2026-09-16 07:40:00,22.6,23.5,22.4,0,0,3.5,5,0,3.8,0.8,15.1,15.4,1273.6,99,0,87.8,25.7,80,26.4,1,345,0,1,1,22
2026-09-16T07:35:00+05:30,2026-09-16 07:35:00,22.5,23.4,22.3,0,0,3.5,340,0,3.8,0.8,15.1,15.4,1273.6,99,0,89,25.7,80,26.4,1,319,0,1,1,22
2026-09-16T07:30:00+05:30,2026-09-16 07:30:00,22.4,23.3,22.2,0,0,3.5,319,0,3.8,0.8,15.1,15.4,1273.6,99,0,84.6,25.7,80,26.4,1,319,0,1,1,22
2026-09-16T07:25:00+05:30,2026-09-16 07:25:00,22.6,23.5,22.4,0,0,3.5,319,0,3.8,0.8,15.1,15.4,1273.6,99,0,76.8,25.7,80,26.4,1,319,0,1,1,22
2026-09-16T07:20:00+05:30,2026-09-16 07:20:00,22.6,23.5,22.4,0,0,3.5,319,0,3.8,0.8,15.1,15.4,1273.6,99,0,68.9,25.7,80,26.4,1,316,0,1,1,22
2026-09-16T07:15:00+05:30,2026-09-16 07:15:00,22.5,23.4,22.3,0,0,3.5,316,0,3.8,0.8,15.1,15.4,1273.6,99,0,59.2,25.7,80,26.4,1,316,0,1,1,22
2026-09-16T07:10:00+05:30,2026-09-16 07:10:00,22.4,23.3,22.2,0,0,3.5,316,0,3.8,0.8,15.1,15.4,1273.6,99,0,53.3,25.7,80,26.4,1,316,0,1,1,22
2026-09-16T07:05:00+05:30,2026-09-16 07:05:00,22.2,23.1,22.1,0,0,3.5,311,0,3.8,0.8,15.1,15.4,1273.6,99,0,48,25.7,80,26.4,1,311,0,1,1,22
2026-09-16T07:00:00+05:30,2026-09-16 07:00:00,22.1,23,21.9,0,0,3.5,321,0,3.8,0.8,15.1,15.4,1273.6,99,0,43.4,25.7,79,26.4,1,355,0,1,1,21.8
2026-09-16T06:55:00+05:30,2026-09-16 06:55:00,22.1,23,21.9,0,0,3.5,346,0,3.8,0.8,15.1,15.4,1273.6,99,0,39.1,25.7,79,26.4,1,346,0,1,1,21.8
2026-09-16T06:50:00+05:30,2026-09-16 06:50:00,22.1,23,21.9,0,0,3.5,346,0,3.8,0.8,15.1,15.4,1273.6,99,0,34.2,25.7,80,26.4,1,347,0,1,1,22
2026-09-16T06:45:00+05:30,2026-09-16 06:45:00,22,22.8,21.8,0,0,3.5,346,0,3.8,0.8,15.1,15.4,1273.6,99,0,29.1,25.7,79,26.4,1,346,0,1,1,21.8
2026-09-16T06:40:00+05:30,2026-09-16 06:40:00,21.9,22.7,21.7,0,0,3.5,346,0,3.8,0.8,15.1,15.4,1273.6,99,0,24.3,25.7,79,26.4,1,345,0,1,1,21.8
2026-09-16T06:35:00+05:30,2026-09-16 06:35:00,21.8,22.6,21.6,0,0,3.5,345,0,3.8,0.8,15.1,15.4,1273.6,99,0,18.4,25.7,79,26.4,1,345,0,1,1,21.8
2026-09-16T06:30:00+05:30,2026-09-16 06:30:00,21.8,22.6,21.6,0,0,3.5,343,0,3.8,0.8,15.1,15.4,1273.6,99,0,13.7,25.7,79,26.4,1,342,0,1,1,21.8
2026-09-16T06:25:00+05:30,2026-09-16 06:25:00,21.9,22.7,21.7,0,0,3.5,338,0,3.8,0.8,15.1,15.4,1273.6,99,0,10.2,25.7,79,26.4,1,338,0,1,1,21.8
2026-09-16T06:20:00+05:30,2026-09-16 06:20:00,21.9,22.7,21.7,0,0,3.5,338,0,3.8,0.8,15.1,15.4,1273.6,99,0,8,25.7,79,26.4,1,338,0,1,1,21.8
2026-09-16T06:15:00+05:30,2026-09-16 06:15:00,21.9,22.7,21.7,0,0,3.5,338,0,3.8,0.8,15.1,15.4,1273.6,99,0,6.5,25.7,79,26.4,1,338,0,1,1,21.8
2026-09-16T06:10:00+05:30,2026-09-16 06:10:00,21.9,22.7,21.7,0,0,3.5,338,0,3.8,0.8,15.1,15.4,1273.6,99,0,5,25.7,79,26.4,1,338,0,1,1,21.8
2026-09-16T06:05:00+05:30,2026-09-16 06:05:00,21.8,22.6,21.6,0,0,3.5,338,0,3.8,0.8,15.1,15.4,1273.6,99,0,3,25.7,79,26.4,1,338,0,1,1,21.8
2026-09-16T06:00:00+05:30,2026-09-16 06:00:00,21.8,22.6,21.6,0,0,3.5,338,0,3.8,0.8,15.1,15.4,1273.6,99,0,1.5,25.7,79,26.4,1,338,0,1,1,21.8
2026-09-16T05:55:00+05:30,2026-09-16 05:55:00,21.8,22.6,21.6,0,0,3.5,338,0,3.8,0.8,15.1,15.4,1273.6,99,0,0.7,25.7,79,26.4,1,338,0,1,1,21.8
2026-09-16T05:50:00+05:30,2026-09-16 05:50:00,21.8,22.6,21.6,0,0,3.5,338,0,3.8,0.8,15.1,15.4,1273.6,99,0,0.3,25.7,79,26.4,1,342,0,1,1,21.8
2026-09-16T05:45:00+05:30,2026-09-16 05:45:00,21.8,22.6,21.6,0,1.8,3.5,338,0,3.8,0.8,15.1,15.4,1273.6,99,0,0.1,25.8,79,26.5,1,1,0,1,1,21.8
2026-09-16T05:40:00+05:30,2026-09-16 05:40:00,21.9,22.7,21.7,0,0,0,351,0,3.8,0.8,15.1,15.4,1273.6,99,0,0,25.8,79,26.5,1,335,0,1,1,21.8
2026-09-16T05:35:00+05:30,2026-09-16 05:35:00,21.9,22.7,21.7,0,0,0,335,0,3.8,0.8,15.1,15.4,1273.6,99,0,0,25.8,79,26.5,1,335,0,1,1,21.8
2026-09-16T05:30:00+05:30,2026-09-16 05:30:00,22,22.8,21.8,0,0,0,335,0,3.8,0.8,15.1,15.4,1273.6,99,0,0,25.8,79,26.5,1,335,0,1,1,21.8
2026-09-16T05:25:00+05:30,2026-09-16 05:25:00,21.9,22.7,21.7,0,0,0,330,0,3.8,0.8,15.1,15.4,1273.6,99,0,0,25.8,79,26.5,1,331,0,1,1,21.8
2026-09-16T05:20:00+05:30,2026-09-16 05:20:00,21.9,22.7,21.7,0,0,0,329,0,3.8,0.8,15.1,15.4,1273.6,99,0,0,25.8,79,26.5,1,329,0,1,1,21.8
2026-09-16T05:15:00+05:30,2026-09-16 05:15:00,21.9,22.7,21.7,0,0,0,329,0,3.8,0.8,15.1,15.4,1273.6,99,0,0,25.8,79,26.5,1,344,0,1,1,21.8
2026-09-16T05:10:00+05:30,2026-09-16 05:10:00,22,22.8,21.8,0,0,0,344,0,3.8,0.8,15.1,15.4,1273.6,99,0,0,25.8,79,26.5,1,344,0,1,1,21.8
2026-09-16T05:05:00+05:30,2026-09-16 05:05:00,21.9,22.7,21.7,0,0,0,345,0,3.8,0.8,15.1,15.4,1273.6,99,0,0,25.8,79,26.5,1,345,0,1,1,21.8
2026-09-16T05:00:00+05:30,2026-09-16 05:00:00,21.8,22.6,21.6,0,0,0,344,0,3.8,0.8,15.1,15.4,1273.6,99,0,0,25.8,79,26.5,1,340,0,1,1,21.8
2026-09-16T04:55:00+05:30,2026-09-16 04:55:00,21.8,22.6,21.6,0,0,0,344,0,3.8,0.8,15.1,15.4,1273.6,99,0,0,25.8,79,26.5,1,340,0,1,1,21.8
2026-09-16T04:50:00+05:30,2026-09-16 04:50:00,21.9,22.7,21.7,0,0,0,345,0,3.8,0.8,15.1,15.4,1273.6,99,0,0,25.8,79,26.5,1,345,0,1,1,21.8
2026-09-16T04:45:00+05:30,2026-09-16 04:45:00,21.8,22.6,21.6,0,0,0,345,0,3.8,0.8,15.1,15.4,1273.6,99,0,0,25.9,79,26.6,1,345,0,1,1,21.9
2026-09-16T04:40:00+05:30,2026-09-16 04:40:00,21.8,22.6,21.6,0,0,0,345,0,3.8,0.8,15.1,15.4,1273.6,99,0,0,25.8,79,26.5,1,345,0,1,1,21.8
2026-09-16T04:35:00+05:30,2026-09-16 04:35:00,21.7,22.5,21.6,0,0,0,347,0,3.8,0.8,15.1,15.4,1273.6,99,0,0,25.9,79,26.6,1,341,0,1,1,21.9
2026-09-16T04:30:00+05:30,2026-09-16 04:30:00,21.7,22.5,21.6,0,0,0,342,0,3.8,0.8,15.1,15.4,1273.6,99,0,0,25.9,79,26.6,1,342,0,1,1,21.9
2026-09-16T04:25:00+05:30,2026-09-16 04:25:00,21.7,22.5,21.6,0,0,0,344,0,3.8,0.8,15.1,15.4,1273.6,99,0,0,25.9,79,26.6,1,344,0,1,1,21.9
2026-09-16T04:20:00+05:30,2026-09-16 04:20:00,21.8,22.6,21.6,0,0,0,341,0,3.8,0.8,15.1,15.4,1273.6,99,0,0,25.9,79,26.6,1,3,0,1,1,21.9
2026-09-16T04:15:00+05:30,2026-09-16 04:15:00,21.8,22.6,21.6,0,0,0,3,0,3.8,0.8,15.1,15.4,1273.6,99,0,0,25.9,79,26.6,1,3,0,1,1,21.9
2026-09-16T04:10:00+05:30,2026-09-16 04:10:00,21.8,22.6,21.6,0,0,0,3,0,3.8,0.8,15.1,15.4,1273.6,99,0,0,25.9,79,26.6,1,319,0,1,1,21.9
2026-09-16T04:05:00+05:30,2026-09-16 04:05:00,21.8,22.6,21.6,0,0,0,319,0,3.8,0.8,15.1,15.4,1273.6,99,0,0,25.9,79,26.6,1,319,0,1,1,21.9
2026-09-16T04:00:00+05:30,2026-09-16 04:00:00,21.8,22.6,21.6,0,0,0,319,0,3.8,0.8,15.1,15.4,1273.6,99,0,0,25.9,79,26.6,1,342,0,1,1,21.9
2026-09-16T03:55:00+05:30,2026-09-16 03:55:00,21.8,22.6,21.6,0,0,0,342,0,3.8,0.8,15.1,15.4,1273.6,99,0,0,25.9,79,26.6,1,342,0,1,1,21.9
2026-09-16T03:50:00+05:30,2026-09-16 03:50:00,21.8,22.6,21.6,0,0,0,336,0,3.8,0.8,15.1,15.4,1273.6,99,0,0,25.9,79,26.6,1,336,0,1,1,21.9
2026-09-16T03:45:00+05:30,2026-09-16 03:45:00,21.8,22.6,21.6,0,0,0,336,0,3.8,0.8,15.1,15.4,1273.6,99,0,0,25.9,79,26.6,1,336,0,1,1,21.9
2026-09-16T03:40:00+05:30,2026-09-16 03:40:00,21.8,22.6,21.6,0,0,0,336,0,3.8,0.8,15.1,15.4,1273.6,99,0,0,26,79,26.7,1,336,0,1,1,22.1
2026-09-16T03:35:00+05:30,2026-09-16 03:35:00,21.8,22.6,21.6,0,0,0,336,0,3.8,0.8,15.1,15.4,1273.6,99,0,0,25.9,79,26.6,1,336,0,1,1,21.9
2026-09-16T03:30:00+05:30,2026-09-16 03:30:00,21.8,22.6,21.6,0,0,0,336,0,3.8,0.8,15.1,15.4,1273.6,99,0,0,26,79,26.7,1,336,0,1,1,22.1
2026-09-16T03:25:00+05:30,2026-09-16 03:25:00,21.8,22.6,21.6,0,0,0,336,0,3.8,0.8,15.1,15.4,1273.6,99,0,0,26,79,26.7,1,336,0,1,1,22.1
2026-09-16T03:20:00+05:30,2026-09-16 03:20:00,21.8,22.6,21.6,0,0,0,336,0,3.8,0.8,15.1,15.4,1273.6,99,0,0,26,79,26.7,1,336,0,1,1,22.1
2026-09-16T03:15:00+05:30,2026-09-16 03:15:00,21.8,22.6,21.6,0,0,0,336,0,3.8,0.8,15.1,15.4,1273.6,99,0,0,26,79,26.7,1,336,0,1,1,22.1
2026-09-16T03:10:00+05:30,2026-09-16 03:10:00,21.8,22.6,21.6,0,0,0,336,0,3.8,0.8,15.1,15.4,1273.6,99,0,0,26,79,26.7,1,337,0,1,1,22.1
2026-09-16T03:05:00+05:30,2026-09-16 03:05:00,21.8,22.6,21.6,0,0,0,337,0,3.8,0.8,15.1,15.4,1273.6,99,0,0,26,79,26.7,1,337,0,1,1,22.1
2026-09-16T03:00:00+05:30,2026-09-16 03:00:00,21.7,22.5,21.6,0,0,0,337,1.2,3.8,0.8,15.1,15.4,1273.6,99,0,0,26,79,26.7,1,337,0,1,1,22.1
2026-09-16T02:55:00+05:30,2026-09-16 02:55:00,21.8,22.6,21.6,0,0,0,337,1.2,3.8,0.8,15.1,15.4,1273.6,99,0,0,26,79,26.7,1,337,0,1,1,22.1
2026-09-16T02:50:00+05:30,2026-09-16 02:50:00,21.8,22.6,21.6,0,0,0,337,0,3.6,0.6,14.9,15.2,1273.4,99,0,0,26,79,26.7,1,337,0,1,1,22.1
2026-09-16T02:45:00+05:30,2026-09-16 02:45:00,21.8,22.6,21.6,0,0,0,337,0,3.6,0.6,14.9,15.2,1273.4,99,0,0,26,79,26.7,1,337,0,1,1,22.1
2026-09-16T02:40:00+05:30,2026-09-16 02:40:00,21.8,22.6,21.6,0,0,0,337,0,3.6,0.6,14.9,15.2,1273.4,99,0,0,26.1,79,26.8,1,337,0,1,1,22.2
2026-09-16T02:35:00+05:30,2026-09-16 02:35:00,21.8,22.6,21.6,0,0,0,337,0,3.6,0.6,14.9,15.2,1273.4,99,0,0,26.1,79,26.8,1,337,0,1,1,22.2
2026-09-16T02:30:00+05:30,2026-09-16 02:30:00,21.8,22.6,21.6,0,0,0,337,0,3.6,0.6,14.9,15.2,1273.4,99,0,0,26.1,79,26.8,1,337,0,1,1,22.2
2026-09-16T02:25:00+05:30,2026-09-16 02:25:00,21.9,22.7,21.7,0,0,0,337,0,3.6,0.6,14.9,15.2,1273.4,99,0,0,26.1,79,26.8,1,337,0,1,1,22.2
2026-09-16T02:20:00+05:30,2026-09-16 02:20:00,21.9,22.7,21.7,0,0,0,337,0,3.6,0.6,14.9,15.2,1273.4,99,0,0,26.1,79,26.8,1,337,0,1,1,22.2
2026-09-16T02:15:00+05:30,2026-09-16 02:15:00,21.8,22.6,21.6,0,0,0,338,0,3.6,0.6,14.9,15.2,1273.4,99,0,0,26.2,79,26.9,1,337,0,1,1,22.3
2026-09-16T02:10:00+05:30,2026-09-16 02:10:00,21.7,22.5,21.6,0,0,0,338,0,3.6,0.6,14.9,15.2,1273.4,99,0,0,26.2,79,26.9,1,338,0,1,1,22.3
2026-09-16T02:05:00+05:30,2026-09-16 02:05:00,21.8,22.6,21.6,0,0,0,338,0,3.6,0.6,14.9,15.2,1273.4,99,0,0,26.2,79,26.9,1,338,0,1,1,22.3
2026-09-16T02:00:00+05:30,2026-09-16 02:00:00,21.9,22.7,21.7,0,0,0,338,0,3.6,0.6,14.9,15.2,1273.4,99,0,0,26.2,79,26.9,1,338,0,1,1,22.3
2026-09-16T01:55:00+05:30,2026-09-16 01:55:00,21.8,22.6,21.6,0,0,0,338,0,3.6,0.6,14.9,15.2,1273.4,99,0,0,26.2,79,26.9,1,338,0,1,1,22.3
2026-09-16T01:50:00+05:30,2026-09-16 01:50:00,21.8,22.6,21.6,0,0,0,338,0,3.6,0.6,14.9,15.2,1273.4,99,0,0,26.2,80,27,1,338,0,1,1,22.5
2026-09-16T01:45:00+05:30,2026-09-16 01:45:00,21.9,22.7,21.7,0,0,0,338,0,3.6,0.6,14.9,15.2,1273.4,99,0,0,26.2,80,27,1,338,0,1,1,22.5
2026-09-16T01:40:00+05:30,2026-09-16 01:40:00,21.9,22.7,21.7,0,0,0,338,0,3.6,0.6,14.9,15.2,1273.4,99,0,0,26.2,80,27,1,338,0,1,1,22.5
2026-09-16T01:35:00+05:30,2026-09-16 01:35:00,22,22.8,21.8,0,0,0,338,0,3.6,0.6,14.9,15.2,1273.4,99,0,0,26.2,80,27,1,338,0,1,1,22.5
2026-09-16T01:30:00+05:30,2026-09-16 01:30:00,22,22.8,21.8,0,0,0,338,0,3.6,0.6,14.9,15.2,1273.4,99,0,0,26.3,80,27.1,1,339,0,1,1,22.6
2026-09-16T01:25:00+05:30,2026-09-16 01:25:00,22.1,23,21.9,0,0,0,331,0,3.6,0.6,14.9,15.2,1273.4,99,0,0,26.3,80,27.1,1,331,0,1,1,22.6
2026-09-16T01:20:00+05:30,2026-09-16 01:20:00,22.1,23,21.9,0,0,0,331,0,3.6,0.6,14.9,15.2,1273.4,99,0,0,26.3,80,27.1,1,331,0,1,1,22.6
2026-09-16T01:15:00+05:30,2026-09-16 01:15:00,22.1,23,21.9,0,0,0,337,0,3.6,0.6,14.9,15.2,1273.4,99,0,0,26.3,80,27.1,1,337,0,1,1,22.6
2026-09-16T01:10:00+05:30,2026-09-16 01:10:00,22.1,23,21.9,0,0,0,337,0,3.6,0.6,14.9,15.2,1273.4,99,0,0,26.3,80,27.1,1,337,0,1,1,22.6
2026-09-16T01:05:00+05:30,2026-09-16 01:05:00,22.2,23.1,22.1,0,0,0,337,0,3.6,0.6,14.9,15.2,1273.4,99,0,0,26.4,80,27.2,1,337,0,1,1,22.7
2026-09-16T01:00:00+05:30,2026-09-16 01:00:00,22.2,23.1,22.1,0,0,0,337,0,3.6,0.6,14.9,15.2,1273.4,99,0,0,26.3,80,27.1,1,336,0,1,1,22.6
2026-09-16T00:55:00+05:30,2026-09-16 00:55:00,22.3,23.1,22.1,0,0,0,337,0,3.6,0.6,14.9,15.2,1273.4,99,0,0,26.4,80,27.2,1,337,0,1,1,22.7
2026-09-16T00:50:00+05:30,2026-09-16 00:50:00,22.3,23.1,22.1,0,0,0,337,0,3.6,0.6,14.9,15.2,1273.4,99,0,0,26.4,80,27.2,1,337,0,1,1,22.7
2026-09-16T00:45:00+05:30,2026-09-16 00:45:00,22.4,23.3,22.2,0,0,0,329,0,3.6,0.6,14.9,15.2,1273.4,99,0,0,26.4,80,27.2,1,349,0,1,1,22.7
2026-09-16T00:40:00+05:30,2026-09-16 00:40:00,22.3,23.1,22.1,0,0,0,349,1.8,3.6,0.6,14.9,15.2,1273.4,99,0,0,26.4,80,27.2,1,349,0,1,1,22.7
2026-09-16T00:35:00+05:30,2026-09-16 00:35:00,22.3,23.1,22.1,0,0,0,349,1.8,3.6,0.6,14.9,15.2,1273.4,99,0,0,26.4,80,27.2,1,349,0,1,1,22.7
2026-09-16T00:30:00+05:30,2026-09-16 00:30:00,22.3,23.1,22.1,0,0,0,342,0,3.3,0.3,14.6,14.9,1273.1,99,0,0,26.4,80,27.2,1,335,0,1,1,22.7
2026-09-16T00:25:00+05:30,2026-09-16 00:25:00,22.4,23.3,22.2,0,0,0,332,0,3.3,0.3,14.6,14.9,1273.1,99,0,0,26.5,80,27.3,1,335,0,1,1,22.8
2026-09-16T00:20:00+05:30,2026-09-16 00:20:00,22.5,23.4,22.3,0,0,0,344,0,3.3,0.3,14.6,14.9,1273.1,99,0,0,26.4,80,27.2,1,344,0,1,1,22.7
2026-09-16T00:15:00+05:30,2026-09-16 00:15:00,22.5,23.4,22.3,0,0,0,335,0,3.3,0.3,14.6,14.9,1273.1,99,0,0,26.5,80,27.3,1,341,0,1,1,22.8
2026-09-16T00:10:00+05:30,2026-09-16 00:10:00,22.5,23.4,22.3,0,0,0,337,1.8,3.3,0.3,14.6,14.9,1273.1,99,0,0,26.5,80,27.3,1,343,0,1,1,22.8
2026-09-16T00:05:00+05:30,2026-09-16 00:05:00,22.6,23.5,22.4,0,0,0,341,1.8,3.3,0.3,14.6,14.9,1273.1,99,0,0,26.5,80,27.3,1,341,0,1,1,22.8
2026-09-16T00:00:00+05:30,2026-09-16 00:00:00,22.7,23.6,22.6,0,0,0,341,0,3,0,14.3,14.6,1272.8,99,0,0,26.5,80,27.3,1,341,0,1,1,22.8
2026-09-15T23:55:00+05:30,2026-09-15 23:55:00,22.6,23.5,22.4,0,0,13,341,1.2,3,3.3,14.3,14.6,1272.8,99,0,0,26.5,80,27.3,1,334,0,1,1,22.8
2026-09-15T23:50:00+05:30,2026-09-15 23:50:00,22.9,23.8,22.7,0,0,13,330,1.2,3,3.3,14.3,14.6,1272.8,99,0,0,26.5,80,27.3,1,328,0,1,1,22.8
2026-09-15T23:45:00+05:30,2026-09-15 23:45:00,22.9,23.8,22.7,0,0,13,337,0,2.8,3.1,14.1,14.4,1272.6,99,0,0,26.6,80,27.4,1,337,0,1,1,22.9
2026-09-15T23:40:00+05:30,2026-09-15 23:40:00,22.9,23.8,22.7,0,0,13,337,1.8,2.8,3.1,14.1,14.4,1272.6,99,0,0,26.6,80,27.4,1,337,0,1,1,22.9
2026-09-15T23:35:00+05:30,2026-09-15 23:35:00,22.9,23.8,22.7,0,0,13,338,1.8,2.8,3.1,14.1,14.4,1272.6,99,0,0,26.6,80,27.4,1,330,0,1,1,22.9
2026-09-15T23:30:00+05:30,2026-09-15 23:30:00,22.9,23.8,22.7,0,0,13,327,1.2,2.5,2.8,13.8,14.1,1272.3,99,0,0,26.6,80,27.4,1,327,0,1,1,22.9
2026-09-15T23:25:00+05:30,2026-09-15 23:25:00,23,23.9,22.8,0,0,13,329,1.8,2.3,2.6,13.6,13.9,1272.1,99,0,0,26.6,80,27.4,1,330,0,1,1,22.9
2026-09-15T23:20:00+05:30,2026-09-15 23:20:00,23.1,24.1,22.9,0,0,13,332,3,2.3,2.6,13.6,13.9,1272.1,99,0,0,26.6,80,27.4,1,332,0,1,1,22.9
2026-09-15T23:15:00+05:30,2026-09-15 23:15:00,23.2,24.2,23.1,0,0,13,333,1.8,1.8,2.1,13.1,13.4,1271.6,99,0,0,26.6,80,27.4,1,333,0,1,1,22.9
2026-09-15T23:10:00+05:30,2026-09-15 23:10:00,23.2,24.2,23.1,0,0,13,337,1.2,1.5,1.8,12.8,13.1,1271.3,99,0,0,26.6,80,27.4,1,337,0,1,1,22.9
2026-09-15T23:05:00+05:30,2026-09-15 23:05:00,23.2,24.2,23.1,0,0,13,339,1.2,1.5,1.8,12.8,13.1,1271.3,99,0,0,26.6,80,27.4,1,339,0,1,1,22.9
2026-09-15T23:00:00+05:30,2026-09-15 23:00:00,23.2,24.2,23.1,0,0,13,356,0,1.3,1.6,12.6,12.9,1271.1,99,0,0,26.6,80,27.4,1,355,0,1,1,22.9
2026-09-15T22:55:00+05:30,2026-09-15 22:55:00,23.2,24.2,23.1,0,0,13,355,0,1.3,1.6,12.6,12.9,1271.1,99,0,0,26.7,80,29.1,1,355,0,1,1,23
2026-09-15T22:50:00+05:30,2026-09-15 22:50:00,23.4,24.4,23.2,0,0,13,356,0,1.3,1.6,12.6,12.9,1271.1,99,0,0,26.7,80,29.1,1,335,0,1,1,23
2026-09-15T22:45:00+05:30,2026-09-15 22:45:00,23.5,24.5,23.3,0,0,13,335,0,1.3,1.6,12.6,12.9,1271.1,99,0,0,26.7,80,29.1,1,335,0,1,1,23
2026-09-15T22:40:00+05:30,2026-09-15 22:40:00,23.5,24.5,23.3,0,0,13,335,0,1.3,1.6,12.6,12.9,1271.1,99,0,0,26.7,80,29.1,1,335,0,1,1,23
2026-09-15T22:35:00+05:30,2026-09-15 22:35:00,23.5,24.5,23.3,0,0,13,335,0,1.3,1.6,12.6,12.9,1271.1,99,0,0,26.7,80,29.1,1,335,0,1,1,23
2026-09-15T22:30:00+05:30,2026-09-15 22:30:00,23.5,24.5,23.3,0,0,13,335,0,1.3,1.6,12.6,12.9,1271.1,99,0,0,26.7,80,29.1,1,338,0,1,1,23
2026-09-15T22:25:00+05:30,2026-09-15 22:25:00,23.6,24.6,23.4,0,0,13,335,0,1.3,1.6,12.6,12.9,1271.1,99,0,0,26.7,80,29.1,1,335,0,1,1,23
2026-09-15T22:20:00+05:30,2026-09-15 22:20:00,23.6,24.6,23.4,0,0,13,344,0,1.3,1.6,12.6,12.9,1271.1,99,0,0,26.7,80,29.1,1,344,0,1,1,23
2026-09-15T22:15:00+05:30,2026-09-15 22:15:00,23.6,24.6,23.4,0,0,13,344,0,1.3,1.6,12.6,12.9,1271.1,99,0,0,26.7,80,29.1,1,344,0,1,1,23
2026-09-15T22:10:00+05:30,2026-09-15 22:10:00,23.6,24.6,23.4,0,0,13,344,0,1.3,1.6,12.6,12.9,1271.1,99,0,0,26.7,80,29.1,1,347,0,1,1,23
2026-09-15T22:05:00+05:30,2026-09-15 22:05:00,23.6,24.6,23.4,0,0,13,352,0,1.3,1.6,12.6,12.9,1271.1,99,0,0,26.7,80,29.1,1,323,0,1,1,23
2026-09-15T22:00:00+05:30,2026-09-15 22:00:00,23.6,24.6,23.4,0,0,13,323,0,1.3,1.6,12.6,12.9,1271.1,99,0,0,26.8,80,29.3,1,323,0,1,1,23.1
2026-09-15T21:55:00+05:30,2026-09-15 21:55:00,23.6,24.6,23.4,0,0,13,323,0,1.3,1.6,12.6,12.9,1271.1,99,0,0,26.7,80,29.1,1,323,0,1,1,23
2026-09-15T21:50:00+05:30,2026-09-15 21:50:00,23.7,24.7,23.6,0,0,13,323,0,1.3,1.6,12.6,12.9,1271.1,99,0,0,26.8,80,29.3,1,323,0,1,1,23.1
2026-09-15T21:45:00+05:30,2026-09-15 21:45:00,23.7,24.7,23.6,0,0,13,320,0,1.3,1.6,12.6,12.9,1271.1,99,0,0,26.8,80,29.3,1,9,0,1,1,23.1
2026-09-15T21:40:00+05:30,2026-09-15 21:40:00,23.7,24.7,23.6,0,0,13,10,0,1.3,1.6,12.6,12.9,1271.1,99,0,0,26.8,80,29.3,1,10,0,1,1,23.1
2026-09-15T21:35:00+05:30,2026-09-15 21:35:00,23.6,24.6,23.4,0,0,13,12,0,1.3,1.6,12.6,12.9,1271.1,99,0,0,26.8,80,29.3,1,335,0,1,1,23.1
2026-09-15T21:30:00+05:30,2026-09-15 21:30:00,23.5,24.5,23.3,0,0,13,335,0,1.3,1.6,12.6,12.9,1271.1,99,0,0,26.8,80,29.3,1,335,0,1,1,23.1
2026-09-15T21:25:00+05:30,2026-09-15 21:25:00,23.7,24.7,23.6,0,0,13,327,0,1.3,1.6,12.6,12.9,1271.1,99,0,0,26.8,80,29.3,1,327,0,1,1,23.1
2026-09-15T21:20:00+05:30,2026-09-15 21:20:00,23.7,24.7,23.6,0,0,13,328,0,1.3,1.6,12.6,12.9,1271.1,99,0,0,26.8,80,29.3,1,328,0,1,1,23.1
2026-09-15T21:15:00+05:30,2026-09-15 21:15:00,23.8,24.8,23.6,0,0,13,324,0,1.3,1.6,12.6,12.9,1271.1,99,0,0,26.8,80,29.3,1,324,0,1,1,23.1
2026-09-15T21:10:00+05:30,2026-09-15 21:10:00,23.8,24.8,23.6,0,0,13,320,0,1.3,1.6,12.6,12.9,1271.1,99,0,0,26.9,80,29.5,1,2,0,1,1,23.1
2026-09-15T21:05:00+05:30,2026-09-15 21:05:00,23.8,24.8,23.6,0,0,13,2,0,1.3,1.6,12.6,12.9,1271.1,99,0,0,26.9,80,29.5,1,2,0,1,1,23.1
2026-09-15T21:00:00+05:30,2026-09-15 21:00:00,23.8,24.8,23.6,0,0,13,2,0,1.3,1.6,12.6,12.9,1271.1,99,0,0,26.9,80,29.5,1,2,0,1,1,23.1
2026-09-15T20:55:00+05:30,2026-09-15 20:55:00,23.8,24.8,23.6,0,0,13,2,0,1.3,1.6,12.6,12.9,1271.1,99,0,0,26.9,79,29.4,1,2,0,1,1,22.9
2026-09-15T20:50:00+05:30,2026-09-15 20:50:00,23.8,24.8,23.6,0,0,13,3,0,1.3,1.6,12.6,12.9,1271.1,99,0,0,26.9,79,29.4,1,3,0,1,1,22.9
2026-09-15T20:45:00+05:30,2026-09-15 20:45:00,23.8,24.8,23.6,0,0,13,3,0,1.3,1.6,12.6,12.9,1271.1,99,0,0,26.9,79,29.4,1,3,0,1,1,22.9
2026-09-15T20:40:00+05:30,2026-09-15 20:40:00,23.8,24.8,23.6,0,0,13,3,0,1.3,1.6,12.6,12.9,1271.1,99,0,0,26.9,79,29.4,1,3,0,1,1,22.9
2026-09-15T20:35:00+05:30,2026-09-15 20:35:00,23.9,24.9,23.7,0,0,13,3,0,1.3,1.6,12.6,12.9,1271.1,99,0,0,26.9,79,29.4,1,3,0,1,1,22.9
2026-09-15T20:30:00+05:30,2026-09-15 20:30:00,23.9,24.9,23.7,0,0,13,3,0,1.3,1.6,12.6,12.9,1271.1,99,0,0,26.9,79,29.4,1,3,0,1,1,22.9
2026-09-15T20:25:00+05:30,2026-09-15 20:25:00,23.9,24.9,23.6,0,0,13,2,0,1.3,1.6,12.6,12.9,1271.1,98,0,0,27,80,29.7,1,2,0,1,1,23.2
2026-09-15T20:20:00+05:30,2026-09-15 20:20:00,23.8,24.8,23.4,0,0,13,3,0,1.3,1.6,12.6,12.9,1271.1,98,0,0,27,79,29.7,1,2,0,1,1,23.1
2026-09-15T20:15:00+05:30,2026-09-15 20:15:00,23.9,24.9,23.6,0,0,13,3,0,1.3,1.6,12.6,12.9,1271.1,98,0,0,27,79,29.7,1,3,0,1,1,23.1
2026-09-15T20:10:00+05:30,2026-09-15 20:10:00,23.9,24.9,23.6,0,0,13,352,0,1.3,1.6,12.6,12.9,1271.1,98,0,0,27,80,29.7,1,336,0,1,1,23.2
2026-09-15T20:05:00+05:30,2026-09-15 20:05:00,24,25,23.7,0,0,13,338,0,1.3,1.6,12.6,12.9,1271.1,98,0,0,27,80,29.7,1,339,0,1,1,23.2
2026-09-15T20:00:00+05:30,2026-09-15 20:00:00,24,25,23.7,0,0,13,310,0,1.3,1.6,12.6,12.9,1271.1,98,0,0,27,80,29.7,1,313,0,1,1,23.2
2026-09-15T19:55:00+05:30,2026-09-15 19:55:00,24,25,23.7,0,3.5,13,322,0,1.3,1.6,12.6,12.9,1271.1,98,0,0,27.1,79,29.9,1,295,0,1,1,23.2
2026-09-15T19:50:00+05:30,2026-09-15 19:50:00,24,25,23.8,0,1.8,13,318,0,1.3,1.6,12.6,12.9,1271.1,99,0,0,27.1,79,29.9,1,326,0,1,1,23.2
2026-09-15T19:45:00+05:30,2026-09-15 19:45:00,23.8,24.8,23.6,0,0,13,326,0,1.3,1.6,12.6,12.9,1271.1,99,0,0,27.1,79,29.9,1,326,0,1,1,23.2
2026-09-15T19:40:00+05:30,2026-09-15 19:40:00,23.9,24.9,23.7,0,0,13,335,0,1.3,1.6,12.6,12.9,1271.1,99,0,0,27.1,79,29.9,1,335,0,1,1,23.2
2026-09-15T19:35:00+05:30,2026-09-15 19:35:00,23.9,24.9,23.7,0,0,13,333,0,1.3,1.6,12.6,12.9,1271.1,99,0,0,27.1,79,29.9,1,333,0,1,1,23.2
2026-09-15T19:30:00+05:30,2026-09-15 19:30:00,23.9,24.9,23.7,0,0,13,334,0,1.3,1.6,12.6,12.9,1271.1,99,0,0,27.1,79,29.9,1,335,0,1,1,23.2
2026-09-15T19:25:00+05:30,2026-09-15 19:25:00,23.9,24.9,23.7,0,0,13,334,0,1.3,1.6,12.6,12.9,1271.1,99,0,0,27.1,80,30,1,335,0,1,1,23.3
2026-09-15T19:20:00+05:30,2026-09-15 19:20:00,24.1,25.2,23.9,0,0,13,338,0,1.3,1.6,12.6,12.9,1271.1,99,0,0,27.2,80,30.2,1,320,0,1,1,23.4
2026-09-15T19:15:00+05:30,2026-09-15 19:15:00,24.2,25.3,24.1,0,0,13,322,0,1.3,1.6,12.6,12.9,1271.1,99,0,0,27.2,80,30.2,1,316,0,1,1,23.4
2026-09-15T19:10:00+05:30,2026-09-15 19:10:00,24.2,25.3,24.1,2.1,3.5,13,317,0,1.3,1.6,12.6,12.9,1271.1,99,0,0,27.2,80,30.2,1,335,0,1,1,23.4
2026-09-15T19:05:00+05:30,2026-09-15 19:05:00,24.2,25.3,24.1,0,0,13,344,0,1.3,1.6,12.6,12.9,1271.1,99,0,0,27.2,80,30.2,1,344,0,1,1,23.4
2026-09-15T19:00:00+05:30,2026-09-15 19:00:00,24.2,25.3,24.1,0,0,13,344,0,1.3,1.6,12.6,12.9,1271.1,99,0,0,27.2,80,30.2,1,346,0,1,1,23.4
2026-09-15T18:55:00+05:30,2026-09-15 18:55:00,24.3,25.3,24.1,0,0,13,345,0,1.3,1.6,12.6,12.9,1271.1,99,0,0,27.2,80,30.2,1,324,0,1,1,23.4
2026-09-15T18:50:00+05:30,2026-09-15 18:50:00,24.4,25.5,24.2,0,0,13,330,0,1.3,1.6,12.6,12.9,1271.1,99,0,0,27.3,80,30.4,1,324,0,1,1,23.5
2026-09-15T18:45:00+05:30,2026-09-15 18:45:00,24.4,25.5,24.2,0,0,13,330,0,1.3,1.6,12.6,12.9,1271.1,99,0,0,27.3,80,30.4,1,325,0,1,1,23.5
2026-09-15T18:40:00+05:30,2026-09-15 18:40:00,24.5,25.6,24.2,0,0,13,320,0,1.3,1.6,12.6,12.9,1271.1,98,0,0,27.3,79,30.3,1,320,0,1,1,23.3
2026-09-15T18:35:00+05:30,2026-09-15 18:35:00,24.5,25.6,24.2,0,0,13,321,0,1.3,1.6,12.6,12.9,1271.1,98,0,0,27.3,79,30.3,1,315,0,1,1,23.3
2026-09-15T18:30:00+05:30,2026-09-15 18:30:00,24.6,25.7,24.3,0,0,13,317,0,1.3,1.6,12.6,12.9,1271.1,98,0,0,27.3,79,30.3,1,317,0,1,1,23.3
2026-09-15T18:25:00+05:30,2026-09-15 18:25:00,24.6,25.7,24.3,0,0,13,320,0,1.3,1.6,12.6,12.9,1271.1,98,0,0,27.3,79,30.3,1,317,0,1,1,23.3
2026-09-15T18:20:00+05:30,2026-09-15 18:20:00,24.6,25.7,24.3,0,0,13,329,0,1.3,1.6,12.6,12.9,1271.1,98,0,0.1,27.4,79,30.5,1,317,0,1,1,23.4
2026-09-15T18:15:00+05:30,2026-09-15 18:15:00,24.5,25.6,24.2,0,0,13,314,0,1.3,1.6,12.6,12.9,1271.1,98,0,0.3,27.4,79,30.5,1,319,0,1,1,23.4
2026-09-15T18:10:00+05:30,2026-09-15 18:10:00,24.5,25.6,24.2,3.5,3.5,13,302,0,1.3,1.6,12.6,12.9,1271.1,98,0,0.6,27.4,79,30.5,1,329,0,1,1,23.4
2026-09-15T18:05:00+05:30,2026-09-15 18:05:00,24.6,25.7,24.3,0,0,13,329,0,1.3,1.6,12.6,12.9,1271.1,98,0,1.3,27.4,79,30.5,1,329,0,1,1,23.4
2026-09-15T18:00:00+05:30,2026-09-15 18:00:00,24.7,25.8,24.4,0,0,13,317,0,1.3,1.6,12.6,12.9,1271.1,98,0,1.5,27.4,79,30.5,1,328,0,1,1,23.4
2026-09-15T17:55:00+05:30,2026-09-15 17:55:00,24.7,25.8,24.4,0,0,13,336,0,1.3,1.6,12.6,12.9,1271.1,98,0,3.8,27.4,79,30.5,1,329,0,1,1,23.4
2026-09-15T17:50:00+05:30,2026-09-15 17:50:00,24.7,25.8,24.4,0,0,13,324,0,1.3,1.6,12.6,12.9,1271.1,98,0,6.6,27.5,79,30.8,1,328,0,1,1,23.5
2026-09-15T17:45:00+05:30,2026-09-15 17:45:00,24.8,25.9,24.4,0,1.8,13,330,0,1.3,1.6,12.6,12.9,1271.1,98,0,5.8,27.5,79,30.8,1,313,0,1,1,23.5
2026-09-15T17:40:00+05:30,2026-09-15 17:40:00,24.8,25.9,24.4,0,1.8,13,310,0,1.3,1.6,12.6,12.9,1271.1,98,0,11.4,27.5,79,30.8,1,319,0,1,1,23.5
2026-09-15T17:35:00+05:30,2026-09-15 17:35:00,24.8,25.9,24.4,0,1.8,13,277,0,1.3,1.6,12.6,12.9,1271.1,98,0,16.7,27.5,79,30.8,1,323,0,1,1,23.5
2026-09-15T17:30:00+05:30,2026-09-15 17:30:00,24.8,25.9,24.4,0,1.8,13,326,1.8,1.3,1.6,12.6,12.9,1271.1,98,0,19,27.5,79,30.8,1,326,0,1,1,23.5
2026-09-15T17:25:00+05:30,2026-09-15 17:25:00,24.8,25.8,24.3,3.2,3.5,13,295,1.8,1.3,1.6,12.6,12.9,1271.1,97,0,20.2,27.5,79,30.8,1,306,0,1,1,23.5
2026-09-15T17:20:00+05:30,2026-09-15 17:20:00,24.8,25.8,24.3,0,7.2,13,293,0,1,1.3,12.3,12.6,1270.8,97,0,26.9,27.6,79,31,1,321,0,1,1,23.6
2026-09-15T17:15:00+05:30,2026-09-15 17:15:00,24.8,25.9,24.4,0,0,13,323,0,1,1.3,12.3,12.6,1270.8,98,0,27.5,27.6,79,31,1,327,0.3,1,1,23.6
2026-09-15T17:10:00+05:30,2026-09-15 17:10:00,24.9,26,24.4,0.3,3.5,13,349,0,1,1.3,12.3,12.6,1270.8,97,0,31.9,27.6,79,31,1,323,0,1,1,23.6
2026-09-15T17:05:00+05:30,2026-09-15 17:05:00,25,26.1,24.5,0,0,13,326,0,1,1.3,12.3,12.6,1270.8,97,0,33.6,27.6,79,31,1,316,0,1,1,23.6
2026-09-15T17:00:00+05:30,2026-09-15 17:00:00,24.9,26,24.5,2.6,5.5,13,273,0,1,1.3,12.3,12.6,1270.8,98,0,32.3,27.7,79,31.3,1,288,0.6,1,1,23.7
2026-09-15T16:55:00+05:30,2026-09-15 16:55:00,24.9,26,24.5,0,3.5,13,304,0,1,1.3,12.3,12.6,1270.8,98,0,30,27.7,79,31.3,1,304,1.1,1,1,23.7
2026-09-15T16:50:00+05:30,2026-09-15 16:50:00,24.9,26,24.4,1.1,1.8,13,314,0,1,1.3,12.3,12.6,1270.8,97,0,29.7,27.7,79,31.3,1,303,0.6,1,1,23.7
2026-09-15T16:45:00+05:30,2026-09-15 16:45:00,24.9,26,24.4,0,7.2,13,284,0,1,1.3,12.3,12.6,1270.8,97,0,27.7,27.7,79,31.3,1,296,1.4,1,1,23.7
2026-09-15T16:41:00+05:30,2026-09-15 16:41:00,24.9,26,24.4,0,0,13,324,0,1,1.3,12.3,12.6,1270.8,97,0,24.7,27.7,79,31.3,1,319,0.6,1,1,23.7
2026-09-15T16:35:00+05:30,2026-09-15 16:35:00,25,26.1,24.5,1.1,1.8,13,319,0,1,1.3,12.3,12.6,1270.8,97,0,23.1,27.8,79,31.4,1,326,0.6,1,1,23.8
2026-09-15T16:30:00+05:30,2026-09-15 16:30:00,25,26.1,24.3,0,0,13,318,1.2,1,1.3,12.3,12.6,1270.8,96,0,15.6,27.8,79,31.4,1,276,0.3,1,1,23.8
2026-09-15T16:25:00+05:30,2026-09-15 16:25:00,25.3,26.4,24.6,0,0,13,256,4.2,1,1.3,12.3,12.6,1270.8,96,0,18.7,27.8,79,31.4,1,292,0,1,1,23.8
2026-09-15T16:20:00+05:30,2026-09-15 16:20:00,25.4,26.5,24.5,2.1,5.5,13,301,3,0.8,1.1,12.1,12.4,1270.6,95,0,17.1,27.8,78,31.3,1,339,1.4,1,1,23.6
2026-09-15T16:15:00+05:30,2026-09-15 16:15:00,25.4,26.4,24.3,1.4,5.5,13,318,0,0.3,0.6,11.6,11.9,1270.1,94,0,20.3,27.9,78,31.6,1,316,2.1,1,1,23.7
2026-09-15T16:10:00+05:30,2026-09-15 16:10:00,25.6,26.7,24.6,0.3,5.5,13,307,0,0.3,0.6,11.6,11.9,1270.1,94,0,22.4,27.9,78,31.6,1,296,1.8,1,1,23.7
2026-09-15T16:05:00+05:30,2026-09-15 16:05:00,25.6,26.7,24.6,7.2,11.1,13,303,0,0.3,0.6,11.6,11.9,1270.1,94,0,15.8,27.9,78,31.6,1,331,0,1,1,23.7
2026-09-15T16:00:00+05:30,2026-09-15 16:00:00,25.6,26.7,24.6,3.2,7.2,13,280,0,0.3,0.6,11.6,11.9,1270.1,94,0,14.4,28,77,31.7,1,308,0,1,1,23.6
2026-09-15T15:55:00+05:30,2026-09-15 15:55:00,25.5,26.5,24.3,0,0,13,307,0,0.3,0.6,11.6,11.9,1270.1,93,0,30.6,28,77,31.7,1,347,0,1,1,23.6
2026-09-15T15:50:00+05:30,2026-09-15 15:50:00,25.3,26.3,24.2,0,0,13,341,0,0.3,0.6,11.6,11.9,1270.1,94,0,38.8,28,77,31.7,1,0,0,1,1,23.6
2026-09-15T15:45:00+05:30,2026-09-15 15:45:00,25.3,26.3,24.1,0,0,13,355,0,0.3,0.6,11.6,11.9,1270.1,93,0,53.5,28,77,31.7,1,5,0,1,1,23.6
2026-09-15T15:40:00+05:30,2026-09-15 15:40:00,25.3,26.3,23.9,0,3.5,13,32,0,0.3,0.6,11.6,11.9,1270.1,92,0,74.7,28.1,77,31.9,1,12,0,1,1,23.7
2026-09-15T15:35:00+05:30,2026-09-15 15:35:00,25.5,26.5,24.1,0,1.8,13,12,1.8,0.3,0.6,11.6,11.9,1270.1,92,1,121.3,28.1,77,31.9,1,12,0,1,1,23.7
2026-09-15T15:30:00+05:30,2026-09-15 15:30:00,25.6,26.6,24.2,0,0,13,20,0,0,0.3,11.3,11.6,1269.8,92,1,125.2,28.1,77,31.9,1,26,0,1,1,23.7
2026-09-15T15:25:00+05:30,2026-09-15 15:25:00,25.7,26.7,24.1,0,0,13,20,0,0,0.3,11.3,11.6,1269.8,91,0,86.3,28.2,77,32.2,1,20,0.6,1,1,23.8
2026-09-15T15:20:00+05:30,2026-09-15 15:20:00,26,27,24.2,0,1.8,13,359,0,0,0.3,11.3,11.6,1269.8,90,0,73.3,28.3,76,32.2,1,19,1.1,1,1,23.6
2026-09-15T15:15:00+05:30,2026-09-15 15:15:00,26.5,27.5,24.5,0,5.5,13,7,0,0,0.3,11.3,11.6,1269.8,89,0,64.9,28.4,76,32.4,1,303,1.1,1,1,23.7
2026-09-15T15:10:00+05:30,2026-09-15 15:10:00,27.4,31.4,24.8,1.8,3.5,13,315,0,0,0.3,11.3,11.6,1269.8,86,0,83.7,28.4,76,32.4,1,303,0,1,1,23.7
2026-09-15T15:05:00+05:30,2026-09-15 15:05:00,27.6,32,25,0,0,13,303,0,0,0.3,11.3,11.6,1269.8,86,0,101.3,28.4,76,32.4,1,303,0,1,1,23.7
2026-09-15T15:00:00+05:30,2026-09-15 15:00:00,27.7,31.8,24.6,0,1.8,13,300,0,0,0.3,11.3,11.6,1269.8,83,1,133.9,28.4,76,32.4,1,300,0,1,1,23.7
2026-09-15T14:55:00+05:30,2026-09-15 14:55:00,28,32.4,24.6,0,0,13,297,0,0,0.3,11.3,11.6,1269.8,82,1,134.4,28.5,75,32.5,1,297,0,1,1,23.6
2026-09-15T14:50:00+05:30,2026-09-15 14:50:00,27.8,32,24.6,0,3.5,13,297,0,0,0.3,11.3,11.6,1269.8,83,1,112.6,28.5,75,32.5,1,297,2.1,1,1,23.6
2026-09-15T14:46:00+05:30,2026-09-15 14:46:00,27.6,31.4,24.3,2.1,3.5,13,297,0,0,0.3,11.3,11.6,1269.8,82,0,99.5,28.5,75,32.5,1,290,2.6,1,1,23.6
2026-09-15T14:40:00+05:30,2026-09-15 14:40:00,28.1,32.5,24.5,2.9,9.3,13,278,0,0,0.3,11.3,11.6,1269.8,81,0,64.6,28.5,75,32.5,1,299,0,1,1,23.6
2026-09-15T14:35:00+05:30,2026-09-15 14:35:00,28.2,33,24.8,0,0,13,299,0,0,0.3,11.3,11.6,1269.8,82,1,123.6,28.6,75,32.8,1,299,0,1,1,23.7
2026-09-15T14:30:00+05:30,2026-09-15 14:30:00,28.1,32.2,24.1,1.1,3.5,13,299,0,0,0.3,11.3,11.6,1269.8,79,1,185.5,28.5,75,32.5,1,299,0,1,1,23.6
2026-09-15T14:25:00+05:30,2026-09-15 14:25:00,28.1,32.7,24.7,0,0,13,299,0,0,0.3,11.3,11.6,1269.8,82,1,169,28.6,74,32.6,1,299,0,1,1,23.5
2026-09-15T14:20:00+05:30,2026-09-15 14:20:00,28.2,32.3,24,8.7,9.3,13,299,0,0,0.3,11.3,11.6,1269.8,78,1,147.4,28.6,74,32.6,1,275,2.9,1,1,23.5
2026-09-15T14:15:00+05:30,2026-09-15 14:15:00,28.1,31.9,23.7,5,5.5,13,275,0,0,0.3,11.3,11.6,1269.8,77,1,111.5,28.7,74,32.8,1,273,3.5,1,1,23.6
2026-09-15T14:12:00+05:30,2026-09-15 14:12:00,28.2,32.2,23.8,6.1,9.3,13,272,0,0,0.3,11.3,11.6,1269.8,77,0,102,28.7,74,32.8,1,297,2.1,1,1,23.6
2026-09-15T14:05:00+05:30,2026-09-15 14:05:00,28.3,32.3,23.8,5.5,5.5,18.3,280,0,0,0.3,11.3,11.6,1269.8,77,0,97.4,28.8,74,32.9,1,283,4,1,1,23.7
2026-09-15T14:00:00+05:30,2026-09-15 14:00:00,28.4,32.6,24,7.6,11.1,18.3,279,0,0,0.3,11.3,11.6,1269.8,77,1,109.4,28.8,74,32.9,1,282,4.7,1,1,23.7
2026-09-15T13:55:00+05:30,2026-09-15 13:55:00,28.4,32.4,23.7,2.9,11.1,18.3,238,0,0,0.3,11.3,11.6,1269.8,76,1,128.8,28.9,74,33.2,1,294,4.7,1,1,23.8
2026-09-15T13:50:00+05:30,2026-09-15 13:50:00,28.9,33.4,24,4.7,7.2,18.3,294,0,0,0.3,11.3,11.6,1269.8,75,1,155.3,28.9,74,33.2,1,282,5,1,1,23.8
2026-09-15T13:45:00+05:30,2026-09-15 13:45:00,28.9,33.4,24,2.9,9.3,18.3,267,0,0,0.3,11.3,11.6,1269.8,75,2,206.4,29,74,33.5,1,309,5.5,1,1,23.9
2026-09-15T13:40:00+05:30,2026-09-15 13:40:00,29.6,35,24.5,9,13,18.3,292,0,0,0.3,11.3,11.6,1269.8,74,2,245.8,28.9,74,33.2,1,309,4,1,1,23.8
2026-09-15T13:35:00+05:30,2026-09-15 13:35:00,29.6,34.3,23.8,13.7,16.6,18.3,275,0,0,0.3,11.3,11.6,1269.8,71,4,430.1,29,74,33.5,1,273,5.5,1,1,23.9
2026-09-15T13:31:00+05:30,2026-09-15 13:31:00,29.1,34.2,24.4,3.5,13,18.3,310,0,0,0.3,11.3,11.6,1269.8,76,5,524.7,28.9,74,33.2,1,286,5.5,1,1,23.8
2026-09-15T13:25:00+05:30,2026-09-15 13:25:00,29.6,35,24.5,6.4,11.1,18.3,311,0,0,0.3,11.3,11.6,1269.8,74,3,349.6,28.9,75,33.4,1,289,4.7,1,1,24
2026-09-15T13:20:00+05:30,2026-09-15 13:20:00,29.5,34.7,24.4,2.1,14.8,18.3,241,0,0,0.3,11.3,11.6,1269.8,74,5,532.1,28.8,75,33.2,1,271,6.1,1,1,23.9
2026-09-15T13:15:00+05:30,2026-09-15 13:15:00,29.1,34.2,24.4,6.9,11.1,18.3,264,0,0,0.3,11.3,11.6,1269.8,76,4,499.2,28.8,74,32.9,1,277,4.7,1,1,23.7
2026-09-15T13:10:00+05:30,2026-09-15 13:10:00,29.3,34.2,24.2,4.7,9.3,18.3,257,0,0,0.3,11.3,11.6,1269.8,74,4,500.3,28.8,74,32.9,1,283,4.3,1,1,23.7
2026-09-15T13:05:00+05:30,2026-09-15 13:05:00,28.8,33.3,24.1,6.4,14.8,18.3,283,0,0,0.3,11.3,11.6,1269.8,76,3,363.1,28.8,74,32.9,1,300,4.7,1,1,23.7
2026-09-15T13:00:00+05:30,2026-09-15 13:00:00,28.6,32.8,23.7,5.5,7.2,18.3,290,0,0,0.3,11.3,11.6,1269.8,75,2,265.9,28.8,74,32.9,1,293,6.1,1,1,23.7
2026-09-15T12:56:00+05:30,2026-09-15 12:56:00,28.6,32.9,24,7.2,14.8,18.3,282,0,0,0.3,11.3,11.6,1269.8,76,2,236.5,28.8,74,32.9,1,326,7.2,1,1,23.7
2026-09-15T12:50:00+05:30,2026-09-15 12:50:00,29,33.9,24.3,1.1,18.3,18.3,303,0,0,0.3,11.3,11.6,1269.8,76,3,356.6,28.8,74,32.9,1,258,4.7,1,1,23.7
2026-09-15T12:45:00+05:30,2026-09-15 12:45:00,29.4,34.2,24,1.4,13,16.6,270,0,0,0.3,11.3,11.6,1269.8,73,3,317.8,28.8,75,33.2,1,282,4,1,1,23.9
2026-09-15T12:40:00+05:30,2026-09-15 12:40:00,30.4,36.3,24.5,6.9,11.1,14.8,278,0,0,0.3,11.3,11.6,1269.8,71,6,629.2,28.7,74,32.8,1,265,3.5,1,1,23.6
2026-09-15T12:35:00+05:30,2026-09-15 12:35:00,29.7,34.8,24.1,2.1,5.5,14.8,281,0,0,0.3,11.3,11.6,1269.8,72,5,606,28.7,74,32.8,1,281,2.6,1,1,23.6
2026-09-15T12:30:00+05:30,2026-09-15 12:30:00,29.7,34.8,24.1,2.9,13,14.8,282,0,0,0.3,11.3,11.6,1269.8,72,3,376.6,28.6,74,32.6,1,286,2.9,1,1,23.5
2026-09-15T12:25:00+05:30,2026-09-15 12:25:00,30.4,36,24.3,4.7,11.1,14.8,325,0,0,0.3,11.3,11.6,1269.8,70,3,373.4,28.6,75,32.8,1,286,4,1,1,23.7
2026-09-15T12:20:00+05:30,2026-09-15 12:20:00,29.9,35,24,1.1,5.5,14.8,328,0,0,0.3,11.3,11.6,1269.8,71,3,363.6,28.6,75,32.8,1,277,2.9,1,1,23.7
2026-09-15T12:15:00+05:30,2026-09-15 12:15:00,30.2,35.6,24.1,4.3,11.1,14.8,258,0,0,0.3,11.3,11.6,1269.8,70,6,672.6,28.5,75,32.5,1,43,3.2,1,1,23.6
2026-09-15T12:10:00+05:30,2026-09-15 12:10:00,29.9,34.5,23.6,2.1,11.1,14.8,22,0,0,0.3,11.3,11.6,1269.8,69,6,657.2,28.4,75,32.2,1,283,4.7,1,1,23.5
2026-09-15T12:05:00+05:30,2026-09-15 12:05:00,29.6,34.1,23.5,9.7,13,14.8,313,0,0,0.3,11.3,11.6,1269.8,70,8,838.3,28.4,75,32.2,1,284,6.1,1,1,23.5
2026-09-15T12:00:00+05:30,2026-09-15 12:00:00,29.2,33.8,23.9,3.5,11.1,14.8,289,0,0,0.3,11.3,11.6,1269.8,73,7,775.4,28.3,76,32.2,1,277,6.1,1,1,23.6
2026-09-15T11:55:00+05:30,2026-09-15 11:55:00,29.4,34.5,24.3,4,9.3,14.8,277,0,0,0.3,11.3,11.6,1269.8,74,3,386.5,28.2,76,32,1,283,4.3,1,1,23.6
2026-09-15T11:50:00+05:30,2026-09-15 11:50:00,29.6,35,24.5,0,14.8,14.8,289,0,0,0.3,11.3,11.6,1269.8,74,7,731.1,28.2,76,32,1,295,4,1,1,23.6
2026-09-15T11:45:00+05:30,2026-09-15 11:45:00,29.3,34.4,24.4,0,5.5,13,322,0,0,0.3,11.3,11.6,1269.8,75,5,519.8,28.1,76,31.8,1,280,4,1,1,23.4
2026-09-15T11:40:00+05:30,2026-09-15 11:40:00,30.3,36,24.4,6.9,13,13,269,0,0,0.3,11.3,11.6,1269.8,71,2,294.5,28.1,77,31.9,1,277,1.8,1,1,23.7
2026-09-15T11:35:00+05:30,2026-09-15 11:35:00,30.1,35.6,24.3,1.1,1.8,7.2,311,0,0,0.3,11.3,11.6,1269.8,71,8,910.7,28,77,31.7,1,284,1.4,1,1,23.6
2026-09-15T11:30:00+05:30,2026-09-15 11:30:00,29.6,34.3,23.8,2.1,7.2,7.2,277,0,0,0.3,11.3,11.6,1269.8,71,8,863.1,27.8,77,31.1,1,287,0.3,1,1,23.4
2026-09-15T11:25:00+05:30,2026-09-15 11:25:00,29.6,35.3,24.7,2.9,5.5,7.2,285,0,0,0.3,11.3,11.6,1269.8,75,5,578.4,27.8,77,31.1,1,296,1.8,1,1,23.4
2026-09-15T11:20:00+05:30,2026-09-15 11:20:00,29.1,33.8,24,1.8,3.5,7.2,295,0,0,0.3,11.3,11.6,1269.8,74,3,389.7,27.7,78,31.2,1,296,0.6,1,1,23.5
2026-09-15T11:16:00+05:30,2026-09-15 11:16:00,29.6,34.8,24.2,0,0,5.5,293,0,0,0.3,11.3,11.6,1269.8,73,4,410.5,27.7,78,31.2,1,293,0,1,1,23.5
2026-09-15T11:10:00+05:30,2026-09-15 11:10:00,29.6,34.8,24.2,0,1.8,5.5,288,0,0,0.3,11.3,11.6,1269.8,73,4,437.1,27.6,78,30.9,1,291,0.6,1,1,23.4
2026-09-15T11:05:00+05:30,2026-09-15 11:05:00,29.4,34.2,24,0,1.8,5.5,298,0,0,0.3,11.3,11.6,1269.8,73,5,576.3,27.5,78,30.7,1,298,1.1,1,1,23.3
2026-09-15T11:00:00+05:30,2026-09-15 11:00:00,30,35.8,24.6,0.3,1.8,3.5,296,0,0,0.3,11.3,11.6,1269.8,73,5,515.1,27.4,78,30.4,1,348,0,1,1,23.2
2026-09-15T10:58:00+05:30,2026-09-15 10:58:00,30.1,35.8,24.5,2.9,3.5,3.5,296,0,0,0.3,11.3,11.6,1269.8,72,5,522.1,27.4,78,30.4,1,348,0,1,1,23.2
2026-09-15T10:37:00+05:30,2026-09-15 10:37:00,28.2,32.3,24,0,3.5,3.5,335,0,0,0.3,11.3,11.6,1269.8,78,5,547.1,27.1,78,29.8,1,309,0.3,1,1,22.9
2026-09-15T10:33:00+05:30,2026-09-15 10:33:00,28,31.8,23.8,0.3,1.8,3.5,308,0,0,0.3,11.3,11.6,1269.8,78,4,495.3,27.1,78,29.8,1,308,0,1,1,22.9
2026-09-15T10:25:00+05:30,2026-09-15 10:25:00,27.8,31.4,23.8,0,0,3.5,308,0,0,0.3,11.3,11.6,1269.8,79,2,298,27,78,29.6,1,308,0,1,1,22.8
2026-09-15T10:20:00+05:30,2026-09-15 10:20:00,28.1,32.4,24.3,0,0,3.5,308,0,0,0.3,11.3,11.6,1269.8,80,2,293.1,27,79,29.7,1,308,0,1,1,23.1
2026-09-15T10:15:00+05:30,2026-09-15 10:15:00,27.4,30.5,23.4,0,0,3.5,308,0,0,0.3,11.3,11.6,1269.8,79,2,278.7,27,79,29.7,1,308,0,1,1,23.1
2026-09-15T10:10:00+05:30,2026-09-15 10:10:00,27.5,30.8,23.5,0.3,1.8,3.5,308,0,0,0.3,11.3,11.6,1269.8,79,3,308.3,27,79,29.7,1,308,0,1,1,23.1
2026-09-15T10:05:00+05:30,2026-09-15 10:05:00,27.5,31.3,24.3,0,0,3.5,308,0,0.3,0.3,11.3,11.6,1269.8,83,3,311.8,27,79,29.7,1,308,0,1,1,23.1
2026-09-15T10:00:00+05:30,2026-09-15 10:00:00,26.8,29.4,23.4,0,0,3.5,308,0,0.3,0.3,11.3,11.6,1269.8,82,2,273.7,26.9,79,29.4,1,308,0,1,1,22.9
2026-09-15T09:56:00+05:30,2026-09-15 09:56:00,27.1,30.2,23.8,0,0,3.5,309,0,0.3,0.3,11.3,11.6,1269.8,82,2,266.6,26.9,79,29.4,1,309,0,1,1,22.9
2026-09-15T09:50:00+05:30,2026-09-15 09:50:00,26.8,29.7,24,0,0,3.5,308,0,0.3,0.3,11.3,11.6,1269.8,85,2,265.6,26.9,79,29.4,1,308,0,1,1,22.9
2026-09-15T09:45:00+05:30,2026-09-15 09:45:00,26.2,27.1,23.3,0,0,3.5,308,0,0.3,0.3,11.3,11.6,1269.8,84,2,248.9,26.9,79,29.4,1,320,0,1,1,22.9
2026-09-15T09:40:00+05:30,2026-09-15 09:40:00,26.1,27,23.4,0,0,3.5,320,0,0.3,0.3,11.3,11.6,1269.8,85,2,236.7,26.8,79,29.2,1,320,0,1,1,22.8
2026-09-15T09:39:00+05:30,2026-09-15 09:39:00,26.1,27,23.4,0,0,3.5,320,0,0.3,0.3,11.3,11.6,1269.8,85,2,233.9,26.8,79,29.2,1,320,0,1,1,22.8
2026-09-15T09:31:00+05:30,2026-09-15 09:31:00,26.4,27.3,23.9,0,0,3.5,320,0,0.3,0.3,11.3,11.6,1269.8,86,1,200.6,26.7,79,29.1,1,321,0,1,1,22.8
2026-09-15T09:29:00+05:30,2026-09-15 09:29:00,26.3,27.2,23.7,0,0,3.5,322,0,0.3,0.3,11.3,11.6,1269.8,86,1,193.6,26.7,79,29.1,1,322,0,1,1,22.8
2026-09-15T09:20:00+05:30,2026-09-15 09:20:00,26.1,27.1,24,0,0,3.5,320,0,0.3,0.3,11.3,11.6,1269.8,88,1,183.1,26.6,79,27.4,1,338,0,1,1,22.7
2026-09-15T09:17:00+05:30,2026-09-15 09:17:00,25.9,26.9,23.9,0,1.8,3.5,320,0,0.3,0.3,11.3,11.6,1269.8,89,1,185.7,26.6,79,27.4,1,339,0,1,1,22.7
2026-09-15T09:05:00+05:30,2026-09-15 09:05:00,25.2,26.2,23.5,0,0,3.5,334,0,0.3,0.3,11.3,11.6,1269.8,90,1,195.2,26.5,79,27.3,1,343,0,1,1,22.6
2026-09-15T09:00:00+05:30,2026-09-15 09:00:00,25,25.9,23.1,0,0,3.5,348,0,0.3,0.3,11.3,11.6,1269.8,89,1,185.4,26.5,80,27.3,1,348,0,1,1,22.8
2026-09-15T08:57:00+05:30,2026-09-15 08:57:00,24.9,25.8,23.1,0,0,3.5,343,0,0.3,0.3,11.3,11.6,1269.8,90,1,175.3,26.5,80,27.3,1,324,0,1,1,22.8
2026-09-15T08:50:00+05:30,2026-09-15 08:50:00,24.5,25.4,23.3,0,0,3.5,318,0,0.3,0.3,11.3,11.6,1269.8,93,1,180.7,26.5,80,27.3,1,326,0,1,1,22.8
2026-09-15T08:47:00+05:30,2026-09-15 08:47:00,24.2,25.2,23.2,1.1,1.8,3.5,320,1.8,0.3,0.3,11.3,11.6,1269.8,94,1,178.9,26.4,80,27.2,1,326,0,1,1,22.7
2026-09-15T08:30:00+05:30,2026-09-15 08:30:00,23.7,24.7,23.6,1.4,3.5,3.5,300,0,0,0,11,11.3,1269.5,99,1,153.3,26.4,80,27.2,1,327,0,1,1,22.7
2026-09-15T08:25:00+05:30,2026-09-15 08:25:00,23.4,24.4,23.2,0,0,3.5,323,0,0,0,11,11.3,1269.5,99,1,139.6,26.3,80,27.1,1,336,0,1,1,22.6
2026-09-15T08:20:00+05:30,2026-09-15 08:20:00,23.3,24.2,23.1,0,0,3.5,336,0,0,0,11,11.3,1269.5,99,1,111.2,26.3,80,27.1,1,336,0,1,1,22.6
2026-09-15T08:15:00+05:30,2026-09-15 08:15:00,23.1,24.1,22.9,0,0,3.5,336,0,0,0,11,11.3,1269.5,99,0,100.3,26.3,80,27.1,1,336,0,1,1,22.6
2026-09-15T08:10:00+05:30,2026-09-15 08:10:00,23.3,24.2,23.1,0,0,3.5,336,0,0,0,11,11.3,1269.5,99,0,91.5,26.3,80,27.1,1,336,0,1,1,22.6
2026-09-15T08:05:00+05:30,2026-09-15 08:05:00,23.1,24.1,22.9,0,0,3.5,336,0,0,0,11,11.3,1269.5,99,0,82.8,26.2,79,26.9,1,336,0,1,1,22.3
2026-09-15T08:00:00+05:30,2026-09-15 08:00:00,23.1,24.1,22.9,0,0,3.5,355,0,0,0,11,11.3,1269.5,99,0,76.7,26.2,79,26.9,1,339,0,1,1,22.3
2026-09-15T07:55:00+05:30,2026-09-15 07:55:00,22.9,23.8,22.7,0,1.8,3.5,347,0,0,0,11,11.3,1269.5,99,0,67.9,26.2,79,26.9,1,341,0,1,1,22.3
2026-09-15T07:50:00+05:30,2026-09-15 07:50:00,22.9,23.8,22.7,0,0,3.5,340,0,0,0,11,11.3,1269.5,99,0,57.4,26.2,79,26.9,1,342,0,1,1,22.3
2026-09-15T07:45:00+05:30,2026-09-15 07:45:00,22.8,23.7,22.6,0,0,3.5,343,0,0,0,11,11.3,1269.5,99,0,46.2,26.3,79,27,1,343,0,1,1,22.3
2026-09-15T07:40:00+05:30,2026-09-15 07:40:00,22.8,23.7,22.6,0,0,3.5,319,0,0,0,11,11.3,1269.5,99,0,38.4,26.2,79,26.9,1,337,0,1,1,22.3
2026-09-15T07:35:00+05:30,2026-09-15 07:35:00,22.8,23.7,22.6,0,0,3.5,342,0,0,0,11,11.3,1269.5,99,0,35.7,26.2,79,26.9,1,336,0,1,1,22.3
2026-09-15T07:30:00+05:30,2026-09-15 07:30:00,22.8,23.7,22.6,0,0,3.5,338,0,0,0,11,11.3,1269.5,99,0,33.6,26.2,79,26.9,1,338,0,1,1,22.3
2026-09-15T07:25:00+05:30,2026-09-15 07:25:00,22.8,23.7,22.6,0,0,3.5,303,0,0,0,11,11.3,1269.5,99,0,31.6,26.2,79,26.9,1,343,0,1,1,22.3
2026-09-15T07:20:00+05:30,2026-09-15 07:20:00,22.8,23.7,22.6,0,0,3.5,348,0,0,0,11,11.3,1269.5,99,0,28.5,26.2,79,26.9,1,356,0,1,1,22.3
2026-09-15T07:15:00+05:30,2026-09-15 07:15:00,22.8,23.7,22.6,0,0,3.5,352,0,0,0,11,11.3,1269.5,99,0,24.8,26.3,79,27,1,352,0,1,1,22.3
2026-09-15T07:10:00+05:30,2026-09-15 07:10:00,22.7,23.6,22.6,0,0,3.5,354,0,0,0,11,11.3,1269.5,99,0,22.3,26.2,79,26.9,1,354,0,1,1,22.3
2026-09-15T07:05:00+05:30,2026-09-15 07:05:00,22.7,23.6,22.6,0,0,3.5,355,0,0,0,11,11.3,1269.5,99,0,21.2,26.3,79,27,1,355,0,1,1,22.3
2026-09-15T07:00:00+05:30,2026-09-15 07:00:00,22.7,23.6,22.6,0,0,3.5,3,0,0,0,11,11.3,1269.5,99,0,21.4,26.3,79,27,1,352,0,1,1,22.3
2026-09-15T06:55:00+05:30,2026-09-15 06:55:00,22.8,23.7,22.6,0,0,3.5,349,0,0,0,11,11.3,1269.5,99,0,22.6,26.2,79,26.9,1,346,0,1,1,22.3
2026-09-15T06:50:00+05:30,2026-09-15 06:50:00,22.7,23.6,22.6,0,0,3.5,346,0,0,0,11,11.3,1269.5,99,0,21.9,26.3,79,27,1,346,0,1,1,22.3
2026-09-15T06:45:00+05:30,2026-09-15 06:45:00,22.7,23.6,22.6,0,0,3.5,345,0,0,0,11,11.3,1269.5,99,0,19.4,26.3,79,27,1,351,0,1,1,22.3
2026-09-15T06:40:00+05:30,2026-09-15 06:40:00,22.7,23.6,22.6,0,0,3.5,333,0,0,0,11,11.3,1269.5,99,0,14.6,26.3,79,27,1,332,0,1,1,22.3
2026-09-15T06:35:00+05:30,2026-09-15 06:35:00,22.7,23.6,22.6,0,0,3.5,332,0,0,0,11,11.3,1269.5,99,0,13.1,26.3,79,27,1,332,0,1,1,22.3
2026-09-15T06:30:00+05:30,2026-09-15 06:30:00,22.7,23.6,22.6,0,0,3.5,331,0,0,0,11,11.3,1269.5,99,0,11.4,26.3,79,27,1,331,0,1,1,22.3
2026-09-15T06:25:00+05:30,2026-09-15 06:25:00,22.7,23.6,22.6,0,0,3.5,331,0,0,0,11,11.3,1269.5,99,0,10.9,26.3,79,27,1,331,0,1,1,22.3
2026-09-15T06:20:00+05:30,2026-09-15 06:20:00,22.6,23.5,22.4,0,0,3.5,331,0,0,0,11,11.3,1269.5,99,0,10,26.3,79,27,1,349,0,1,1,22.3
2026-09-15T06:15:00+05:30,2026-09-15 06:15:00,22.7,23.6,22.6,0,0,3.5,341,0,0,0,11,11.3,1269.5,99,0,7.9,26.3,79,27,1,349,0,1,1,22.3
2026-09-15T06:10:00+05:30,2026-09-15 06:10:00,22.6,23.5,22.4,0,0,3.5,348,0,0,0,11,11.3,1269.5,99,0,5.3,26.4,79,27.2,1,357,0,1,1,22.4
2026-09-15T06:05:00+05:30,2026-09-15 06:05:00,22.7,23.6,22.6,0,0,3.5,352,0,0,0,11,11.3,1269.5,99,0,2.8,26.4,79,27.2,1,340,0,1,1,22.4
2026-09-15T06:00:00+05:30,2026-09-15 06:00:00,22.8,23.7,22.6,0,0,3.5,349,0,0,0,11,11.3,1269.5,99,0,1.4,26.3,79,27,1,332,0,1,1,22.3
2026-09-15T05:55:00+05:30,2026-09-15 05:55:00,22.9,23.8,22.7,0,0,3.5,332,0,0,0,11,11.3,1269.5,99,0,0.7,26.4,79,27.2,1,340,0,1,1,22.4
2026-09-15T05:50:00+05:30,2026-09-15 05:50:00,22.8,23.7,22.6,0,0,3.5,340,0,0,0,11,11.3,1269.5,99,0,0.2,26.4,79,27.2,1,343,0,1,1,22.4
2026-09-15T05:45:00+05:30,2026-09-15 05:45:00,22.8,23.7,22.6,0,0,3.5,347,0,0,0,11,11.3,1269.5,99,0,0.1,26.4,79,27.2,1,340,0,1,1,22.4
2026-09-15T05:40:00+05:30,2026-09-15 05:40:00,22.8,23.7,22.6,0,0,3.5,340,0,0,0,11,11.3,1269.5,99,0,0,26.4,79,27.2,1,340,0,1,1,22.4
2026-09-15T05:35:00+05:30,2026-09-15 05:35:00,22.8,23.7,22.6,0,0,3.5,331,0,0,0,11,11.3,1269.5,99,0,0,26.4,79,27.2,1,339,0,1,1,22.4
2026-09-15T05:30:00+05:30,2026-09-15 05:30:00,22.8,23.7,22.6,0,0,3.5,342,0,0,0,11,11.3,1269.5,99,0,0,26.4,79,27.2,1,337,0,1,1,22.4
2026-09-15T05:25:00+05:30,2026-09-15 05:25:00,22.8,23.7,22.6,0,0,3.5,329,0,0,0,11,11.3,1269.5,99,0,0,26.4,79,27.2,1,337,0,1,1,22.4
2026-09-15T05:20:00+05:30,2026-09-15 05:20:00,22.8,23.7,22.6,0,0,3.5,340,0,0,0,11,11.3,1269.5,99,0,0,26.4,79,27.2,1,341,0,1,1,22.4
2026-09-15T05:15:00+05:30,2026-09-15 05:15:00,22.8,23.7,22.6,0,0,3.5,339,0,0,0,11,11.3,1269.5,99,0,0,26.4,79,27.2,1,339,0,1,1,22.4
2026-09-15T05:10:00+05:30,2026-09-15 05:10:00,22.9,23.8,22.7,0,0,3.5,339,0,0,0,11,11.3,1269.5,99,0,0,26.4,79,27.2,1,339,0,1,1,22.4
2026-09-15T05:05:00+05:30,2026-09-15 05:05:00,22.9,23.8,22.7,0,0,3.5,339,0,0,0,11,11.3,1269.5,99,0,0,26.4,79,27.2,1,340,0,1,1,22.4
2026-09-15T05:00:00+05:30,2026-09-15 05:00:00,22.9,23.8,22.7,0,0,3.5,339,0,0,0,11,11.3,1269.5,99,0,0,26.4,79,27.2,1,339,0,1,1,22.4
2026-09-15T04:55:00+05:30,2026-09-15 04:55:00,22.9,23.8,22.7,0,0,3.5,340,0,0,0,11,11.3,1269.5,99,0,0,26.4,79,27.2,1,340,0,1,1,22.4
2026-09-15T04:50:00+05:30,2026-09-15 04:50:00,22.9,23.8,22.7,0,0,3.5,336,0,0,0,11,11.3,1269.5,99,0,0,26.4,79,27.2,1,340,0,1,1,22.4
2026-09-15T04:45:00+05:30,2026-09-15 04:45:00,22.9,23.8,22.7,0,0,3.5,345,0,0,0,11,11.3,1269.5,99,0,0,26.4,79,27.2,1,336,0,1,1,22.4
2026-09-15T04:40:00+05:30,2026-09-15 04:40:00,22.9,23.8,22.7,0,0,3.5,336,0,0,0,11,11.3,1269.5,99,0,0,26.4,79,27.2,1,336,0,1,1,22.4
2026-09-15T04:35:00+05:30,2026-09-15 04:35:00,22.8,23.7,22.6,0,0,3.5,337,0,0,0,11,11.3,1269.5,99,0,0,26.5,79,27.3,1,337,0,1,1,22.6
2026-09-15T04:30:00+05:30,2026-09-15 04:30:00,22.9,23.8,22.7,0,0,3.5,337,0,0,0,11,11.3,1269.5,99,0,0,26.5,79,27.3,1,339,0,1,1,22.6
2026-09-15T04:25:00+05:30,2026-09-15 04:25:00,22.9,23.8,22.7,0,0,3.5,339,0,0,0,11,11.3,1269.5,99,0,0,26.5,79,27.3,1,335,0,1,1,22.6
2026-09-15T04:20:00+05:30,2026-09-15 04:20:00,22.9,23.8,22.7,0,0,3.5,335,0,0,0,11,11.3,1269.5,99,0,0,26.5,79,27.3,1,337,0,1,1,22.6
2026-09-15T04:15:00+05:30,2026-09-15 04:15:00,22.9,23.8,22.7,0,0,3.5,333,0,0,0,11,11.3,1269.5,99,0,0,26.5,79,27.3,1,336,0,1,1,22.6
2026-09-15T04:10:00+05:30,2026-09-15 04:10:00,22.9,23.8,22.7,0,0,3.5,344,0,0,0,11,11.3,1269.5,99,0,0,26.5,79,27.3,1,340,0,1,1,22.6
2026-09-15T04:05:00+05:30,2026-09-15 04:05:00,22.9,23.8,22.7,0,0,3.5,337,0,0,0,11,11.3,1269.5,99,0,0,26.5,79,27.3,1,337,0,1,1,22.6
2026-09-15T04:00:00+05:30,2026-09-15 04:00:00,22.9,23.8,22.7,0,0,3.5,337,0,0,0,11,11.3,1269.5,99,0,0,26.5,79,27.3,1,337,0,1,1,22.6
2026-09-15T03:55:00+05:30,2026-09-15 03:55:00,22.9,23.8,22.7,0,0,3.5,337,0,0,0,11,11.3,1269.5,99,0,0,26.5,79,27.3,1,337,0,1,1,22.6
2026-09-15T03:50:00+05:30,2026-09-15 03:50:00,22.9,23.8,22.7,0,0,3.5,337,0,0,0,11,11.3,1269.5,99,0,0,26.5,79,27.3,1,340,0,1,1,22.6
2026-09-15T03:45:00+05:30,2026-09-15 03:45:00,22.8,23.7,22.6,0,0,3.5,337,0,0,0,11,11.3,1269.5,99,0,0,26.5,79,27.3,1,337,0,1,1,22.6
2026-09-15T03:40:00+05:30,2026-09-15 03:40:00,22.9,23.8,22.7,0,0,3.5,345,0,0,0,11,11.3,1269.5,99,0,0,26.5,79,27.3,1,328,0,1,1,22.6
2026-09-15T03:35:00+05:30,2026-09-15 03:35:00,22.9,23.8,22.7,0,0,3.5,328,0,0,0,11,11.3,1269.5,99,0,0,26.5,79,27.3,1,328,0,1,1,22.6
2026-09-15T03:30:00+05:30,2026-09-15 03:30:00,22.9,23.8,22.7,0,0,3.5,328,0,0,0,11,11.3,1269.5,99,0,0,26.5,79,27.3,1,328,0,1,1,22.6
2026-09-15T03:25:00+05:30,2026-09-15 03:25:00,22.8,23.7,22.6,0,0,3.5,330,0,0,0,11,11.3,1269.5,99,0,0,26.5,79,27.3,1,330,0,1,1,22.6
2026-09-15T03:20:00+05:30,2026-09-15 03:20:00,22.7,23.6,22.6,0,0,3.5,331,0,0,0,11,11.3,1269.5,99,0,0,26.5,79,27.3,1,331,0,1,1,22.6
2026-09-15T03:15:00+05:30,2026-09-15 03:15:00,22.8,23.7,22.6,0,0,3.5,331,0,0,0,11,11.3,1269.5,99,0,0,26.5,79,27.3,1,331,0,1,1,22.6
2026-09-15T03:10:00+05:30,2026-09-15 03:10:00,22.7,23.6,22.6,0,0,3.5,331,0,0,0,11,11.3,1269.5,99,0,0,26.5,79,27.3,1,326,0,1,1,22.6
2026-09-15T03:05:00+05:30,2026-09-15 03:05:00,22.7,23.6,22.6,0,0,3.5,325,0,0,0,11,11.3,1269.5,99,0,0,26.5,79,27.3,1,321,0,1,1,22.6
2026-09-15T03:00:00+05:30,2026-09-15 03:00:00,22.9,23.8,22.7,1.1,3.5,3.5,301,0,0,0,11,11.3,1269.5,99,0,0,26.5,79,27.3,1,330,0,1,1,22.6
2026-09-15T02:55:00+05:30,2026-09-15 02:55:00,22.8,23.7,22.6,0,0,1.8,330,0,0,0,11,11.3,1269.5,99,0,0,26.6,79,27.4,1,330,0,1,1,22.7
2026-09-15T02:50:00+05:30,2026-09-15 02:50:00,22.8,23.7,22.6,0,0,1.8,330,0,0,0,11,11.3,1269.5,99,0,0,26.6,79,27.4,1,330,0,1,1,22.7
2026-09-15T02:45:00+05:30,2026-09-15 02:45:00,22.9,23.8,22.7,0,0,1.8,330,0,0,0,11,11.3,1269.5,99,0,0,26.6,79,27.4,1,330,0,1,1,22.7
2026-09-15T02:40:00+05:30,2026-09-15 02:40:00,22.9,23.8,22.7,0,0,1.8,330,0,0,0,11,11.3,1269.5,99,0,0,26.6,79,27.4,1,330,0,1,1,22.7
2026-09-15T02:35:00+05:30,2026-09-15 02:35:00,22.8,23.7,22.6,0,0,1.8,331,0,0,0,11,11.3,1269.5,99,0,0,26.6,78,27.4,1,331,0,1,1,22.4
2026-09-15T02:30:00+05:30,2026-09-15 02:30:00,22.9,23.8,22.7,0,0,1.8,331,0,0,0,11,11.3,1269.5,99,0,0,26.6,78,27.4,1,331,0,1,1,22.4
2026-09-15T02:25:00+05:30,2026-09-15 02:25:00,22.9,23.8,22.7,0,0,1.8,331,0,0,0,11,11.3,1269.5,99,0,0,26.7,78,29,1,331,0,1,1,22.6
2026-09-15T02:20:00+05:30,2026-09-15 02:20:00,23,23.9,22.8,0,0,1.8,331,0,0,0,11,11.3,1269.5,99,0,0,26.6,78,27.4,1,331,0,1,1,22.4
2026-09-15T02:15:00+05:30,2026-09-15 02:15:00,22.9,23.8,22.7,0,0,1.8,333,0,0,0,11,11.3,1269.5,99,0,0,26.6,78,27.4,1,339,0,1,1,22.4
2026-09-15T02:10:00+05:30,2026-09-15 02:10:00,22.9,23.8,22.7,0,0,1.8,333,0,0,0,11,11.3,1269.5,99,0,0,26.6,78,27.4,1,339,0,1,1,22.4
2026-09-15T02:05:00+05:30,2026-09-15 02:05:00,22.9,23.8,22.7,0,0,1.8,345,0,0,0,11,11.3,1269.5,99,0,0,26.7,78,29,1,345,0,1,1,22.6
2026-09-15T02:00:00+05:30,2026-09-15 02:00:00,22.9,23.8,22.7,0,0,1.8,337,0,0,0,11,11.3,1269.5,99,0,0,26.7,78,29,1,337,0,1,1,22.6
2026-09-15T01:55:00+05:30,2026-09-15 01:55:00,22.9,23.8,22.7,0,0,1.8,337,0,0,0,11,11.3,1269.5,99,0,0,26.7,78,29,1,337,0,1,1,22.6
2026-09-15T01:50:00+05:30,2026-09-15 01:50:00,23,23.9,22.8,0,0,1.8,337,0,0,0,11,11.3,1269.5,99,0,0,26.7,78,29,1,337,0,1,1,22.6
2026-09-15T01:45:00+05:30,2026-09-15 01:45:00,23,23.9,22.8,0,0,1.8,337,0,0,0,11,11.3,1269.5,99,0,0,26.7,78,29,1,337,0,1,1,22.6
2026-09-15T01:40:00+05:30,2026-09-15 01:40:00,23.1,24.1,22.9,0,0,1.8,338,0,0,0,11,11.3,1269.5,99,0,0,26.7,78,29,1,338,0,1,1,22.6
2026-09-15T01:35:00+05:30,2026-09-15 01:35:00,23.1,24.1,22.9,0,0,1.8,330,0,0,0,11,11.3,1269.5,99,0,0,26.7,78,29,1,330,0,1,1,22.6
2026-09-15T01:30:00+05:30,2026-09-15 01:30:00,23.1,24.1,22.9,0,0,1.8,330,0,0,0,11,11.3,1269.5,99,0,0,26.7,78,29,1,330,0,1,1,22.6
2026-09-15T01:25:00+05:30,2026-09-15 01:25:00,23,23.9,22.8,0,0,1.8,330,0,0,0,11,11.3,1269.5,99,0,0,26.8,78,29.1,1,330,0,1,1,22.6
2026-09-15T01:20:00+05:30,2026-09-15 01:20:00,23.1,24.1,22.9,0,0,1.8,332,0,0,0,11,11.3,1269.5,99,0,0,26.8,78,29.1,1,338,0,1,1,22.6
2026-09-15T01:15:00+05:30,2026-09-15 01:15:00,23.1,24.1,22.9,0,0,1.8,332,0,0,0,11,11.3,1269.5,99,0,0,26.8,78,29.1,1,338,0,1,1,22.6
2026-09-15T01:10:00+05:30,2026-09-15 01:10:00,23.1,24.1,22.9,0,0,1.8,342,0,0,0,11,11.3,1269.5,99,0,0,26.8,78,29.1,1,342,0,1,1,22.6
2026-09-15T01:05:00+05:30,2026-09-15 01:05:00,23.2,24.2,23.1,0,0,1.8,342,0,0,0,11,11.3,1269.5,99,0,0,26.8,78,29.1,1,342,0,1,1,22.6
2026-09-15T01:00:00+05:30,2026-09-15 01:00:00,23.2,24.2,23.1,0,0,1.8,327,0,0,0,11,11.3,1269.5,99,0,0,26.8,78,29.1,1,327,0,1,1,22.6
2026-09-15T00:55:00+05:30,2026-09-15 00:55:00,23.2,24.2,23.1,0,0,1.8,338,0,0,0,11,11.3,1269.5,99,0,0,26.8,78,29.1,1,338,0,1,1,22.6
2026-09-15T00:50:00+05:30,2026-09-15 00:50:00,23.1,24.1,22.9,0,0,0,359,0,0,0,11,11.3,1269.5,99,0,0,26.8,78,29.1,1,338,0,1,1,22.6
2026-09-15T00:45:00+05:30,2026-09-15 00:45:00,23.1,24.1,22.9,0,0,0,333,0,0,0,11,11.3,1269.5,99,0,0,26.9,78,29.3,1,333,0,1,1,22.7
2026-09-15T00:40:00+05:30,2026-09-15 00:40:00,23.2,24.2,23.1,0,0,0,328,0,0,0,11,11.3,1269.5,99,0,0,26.9,78,29.3,1,333,0,1,1,22.7
2026-09-15T00:35:00+05:30,2026-09-15 00:35:00,23.2,24.2,23.1,0,0,0,328,0,0,0,11,11.3,1269.5,99,0,0,26.9,78,29.3,1,333,0,1,1,22.7
2026-09-15T00:30:00+05:30,2026-09-15 00:30:00,23.2,24.2,23.1,0,0,0,341,0,0,0,11,11.3,1269.5,99,0,0,26.9,78,29.3,1,333,0,1,1,22.7
2026-09-15T00:25:00+05:30,2026-09-15 00:25:00,23.3,24.2,23.1,0,0,0,333,0,0,0,11,11.3,1269.5,99,0,0,26.9,78,29.3,1,326,0,1,1,22.7
2026-09-15T00:20:00+05:30,2026-09-15 00:20:00,23.4,24.4,23.2,0,0,0,333,0,0,0,11,11.3,1269.5,99,0,0,26.9,78,29.3,1,333,0,1,1,22.7
2026-09-15T00:15:00+05:30,2026-09-15 00:15:00,23.3,24.2,23.1,0,0,0,336,0,0,0,11,11.3,1269.5,99,0,0,26.9,78,29.3,1,336,0,1,1,22.7
2026-09-15T00:10:00+05:30,2026-09-15 00:10:00,23.4,24.4,23.2,0,0,0,334,0,0,0,11,11.3,1269.5,99,0,0,26.9,78,29.3,1,334,0,1,1,22.7
2026-09-15T00:05:00+05:30,2026-09-15 00:05:00,23.4,24.4,23.2,0,0,0,340,0,0,0,11,11.3,1269.5,99,0,0,26.9,78,29.3,1,340,0,1,1,22.7
2026-09-15T00:00:00+05:30,2026-09-15 00:00:00,23.4,24.4,23.2,0,0,0,341,0,0,0,11,11.3,1269.5,99,0,0,27,78,29.6,1,334,0,1,1,22.8
2026-09-14T23:55:00+05:30,2026-09-14 23:55:00,23.5,24.5,23.3,0,0,3.5,338,0,0,4.6,11,11.3,1269.5,99,0,0,27,78,29.6,1,332,0,1,1,22.8
2026-09-14T23:50:00+05:30,2026-09-14 23:50:00,23.5,24.5,23.3,0,0,3.5,327,0,0,4.6,11,11.3,1269.5,99,0,0,27,78,29.6,1,328,0,1,1,22.8
2026-09-14T23:45:00+05:30,2026-09-14 23:45:00,23.6,24.6,23.4,0,0,3.5,332,0,0,4.6,11,11.3,1269.5,99,0,0,27,78,29.6,1,326,0,1,1,22.8
2026-09-14T23:40:00+05:30,2026-09-14 23:40:00,23.5,24.5,23.3,0,1.8,3.5,322,0,0,4.6,11,11.3,1269.5,99,0,0,27,78,29.6,1,313,0,1,1,22.8
2026-09-14T23:35:00+05:30,2026-09-14 23:35:00,23.6,24.6,23.4,0,0,3.5,313,0,0,4.6,11,11.3,1269.5,99,0,0,27,78,29.6,1,322,0,1,1,22.8
2026-09-14T23:30:00+05:30,2026-09-14 23:30:00,23.5,24.5,23.3,0,0,3.5,322,0,0,4.6,11,11.3,1269.5,99,0,0,27,78,29.6,1,327,0,1,1,22.8
2026-09-14T23:25:00+05:30,2026-09-14 23:25:00,23.4,24.4,23.2,0,0,3.5,336,0,0,4.6,11,11.3,1269.5,99,0,0,27,78,29.6,1,342,0,1,1,22.8
2026-09-14T23:20:00+05:30,2026-09-14 23:20:00,23.5,24.5,23.3,0,0,3.5,343,0,0,4.6,11,11.3,1269.5,99,0,0,27,78,29.6,1,334,0,1,1,22.8
2026-09-14T23:15:00+05:30,2026-09-14 23:15:00,23.5,24.5,23.3,0,0,3.5,319,0,0,4.6,11,11.3,1269.5,99,0,0,27,78,29.6,1,327,0,1,1,22.8
2026-09-14T23:10:00+05:30,2026-09-14 23:10:00,23.5,24.5,23.3,0,0,3.5,329,0,0,4.6,11,11.3,1269.5,99,0,0,27,78,29.6,1,320,0,1,1,22.8
2026-09-14T23:05:00+05:30,2026-09-14 23:05:00,23.5,24.5,23.3,0.6,1.8,3.5,323,0,0,4.6,11,11.3,1269.5,99,0,0,27.1,78,29.8,1,315,0,1,1,22.9
2026-09-14T23:00:00+05:30,2026-09-14 23:00:00,23.5,24.5,23.3,1.8,3.5,3.5,329,0,0,4.6,11,11.3,1269.5,99,0,0,27.1,78,29.8,1,317,0,1,1,22.9
2026-09-14T22:55:00+05:30,2026-09-14 22:55:00,23.5,24.5,23.3,0,0,3.5,325,0,0,4.6,11,11.3,1269.5,99,0,0,27.1,78,29.8,1,326,0,1,1,22.9
2026-09-14T22:50:00+05:30,2026-09-14 22:50:00,23.5,24.5,23.3,0,0,3.5,327,0,0,4.6,11,11.3,1269.5,99,0,0,27.1,78,29.8,1,321,0,1,1,22.9
2026-09-14T22:45:00+05:30,2026-09-14 22:45:00,23.5,24.5,23.3,0,0,3.5,314,0,0,4.6,11,11.3,1269.5,99,0,0,27.1,78,29.8,1,329,0,1,1,22.9
2026-09-14T22:40:00+05:30,2026-09-14 22:40:00,23.5,24.5,23.3,2.1,3.5,3.5,308,0,0,4.6,11,11.3,1269.5,99,0,0,27.1,78,29.8,1,308,0,1,1,22.9
2026-09-14T22:35:00+05:30,2026-09-14 22:35:00,23.5,24.5,23.3,0.3,1.8,3.5,296,0,0,4.6,11,11.3,1269.5,99,0,0,27.1,78,29.8,1,321,0,1,1,22.9
2026-09-14T22:30:00+05:30,2026-09-14 22:30:00,23.5,24.5,23.3,0,0,3.5,313,0,0,4.6,11,11.3,1269.5,99,0,0,27.1,78,29.8,1,321,0,1,1,22.9
2026-09-14T22:25:00+05:30,2026-09-14 22:25:00,23.5,24.5,23.3,2.6,3.5,3.5,325,0,0,4.6,11,11.3,1269.5,99,0,0,27.1,78,29.8,1,325,0,1,1,22.9
2026-09-14T22:20:00+05:30,2026-09-14 22:20:00,23.5,24.5,23.3,0,0,0,329,0,0,4.6,11,11.3,1269.5,99,0,0,27.2,78,30.1,1,329,0,1,1,23.1
2026-09-14T22:15:00+05:30,2026-09-14 22:15:00,23.5,24.5,23.3,0,0,0,329,0,0,4.6,11,11.3,1269.5,99,0,0,27.2,78,30.1,1,329,0,1,1,23.1
2026-09-14T22:05:00+05:30,2026-09-14 22:05:00,23.6,24.6,23.4,0,0,14.8,332,0,4.6,4.6,11,11.3,1269.5,99,0,0,27.2,77,29.9,1,333,0,1,1,22.8
2026-09-14T22:00:00+05:30,2026-09-14 22:00:00,23.5,24.5,23.3,0,0,14.8,340,0,4.6,4.6,11,11.3,1269.5,99,0,0,27.2,77,29.9,1,340,0,1,1,22.8
2026-09-14T21:55:00+05:30,2026-09-14 21:55:00,23.5,24.5,23.3,0,0,14.8,342,0,4.6,4.6,11,11.3,1269.5,99,0,0,27.2,77,29.9,1,342,0,1,1,22.8
2026-09-14T21:50:00+05:30,2026-09-14 21:50:00,23.4,24.4,23.2,0,0,14.8,342,0,4.6,4.6,11,11.3,1269.5,99,0,0,27.2,77,29.9,1,342,0,1,1,22.8
2026-09-14T21:45:00+05:30,2026-09-14 21:45:00,23.4,24.4,23.2,0,0,14.8,347,0,4.6,4.6,11,11.3,1269.5,99,0,0,27.2,77,29.9,1,347,0,1,1,22.8
2026-09-14T21:40:00+05:30,2026-09-14 21:40:00,23.3,24.2,23.1,0,0,14.8,347,0,4.6,4.6,11,11.3,1269.5,99,0,0,27.2,77,29.9,1,347,0,1,1,22.8
2026-09-14T21:35:00+05:30,2026-09-14 21:35:00,23.3,24.2,23.1,0,0,14.8,347,0,4.6,4.6,11,11.3,1269.5,99,0,0,27.2,77,29.9,1,333,0,1,1,22.8
2026-09-14T21:30:00+05:30,2026-09-14 21:30:00,23.4,24.4,23.2,0,0,14.8,333,0,4.6,4.6,11,11.3,1269.5,99,0,0,27.2,77,29.9,1,341,0,1,1,22.8
2026-09-14T21:25:00+05:30,2026-09-14 21:25:00,23.4,24.4,23.2,0,0,14.8,333,0,4.6,4.6,11,11.3,1269.5,99,0,0,27.3,77,30.1,1,341,0,1,1,22.9
2026-09-14T21:20:00+05:30,2026-09-14 21:20:00,23.4,24.4,23.2,0,0,14.8,341,0,4.6,4.6,11,11.3,1269.5,99,0,0,27.2,77,29.9,1,340,0,1,1,22.8
2026-09-14T21:15:00+05:30,2026-09-14 21:15:00,23.4,24.4,23.2,0,0,14.8,344,0,4.6,4.6,11,11.3,1269.5,99,0,0,27.3,77,30.1,1,346,0,1,1,22.9
2026-09-14T21:10:00+05:30,2026-09-14 21:10:00,23.4,24.4,23.2,0,0,14.8,325,0,4.6,4.6,11,11.3,1269.5,99,0,0,27.3,77,30.1,1,322,0,1,1,22.9
2026-09-14T21:05:00+05:30,2026-09-14 21:05:00,23.3,24.2,23.1,0,0,14.8,314,0,4.6,4.6,11,11.3,1269.5,99,0,0,27.3,77,30.1,1,325,0,1,1,22.9
2026-09-14T21:00:00+05:30,2026-09-14 21:00:00,23.3,24.2,23.1,0,1.8,14.8,336,0,4.6,4.6,11,11.3,1269.5,99,0,0,27.3,77,30.1,1,333,0,1,1,22.9
2026-09-14T20:55:00+05:30,2026-09-14 20:55:00,23.4,24.4,23.2,0,0,14.8,314,0,4.6,4.6,11,11.3,1269.5,99,0,0,27.3,77,30.1,1,314,0,1,1,22.9
2026-09-14T20:50:00+05:30,2026-09-14 20:50:00,23.4,24.4,23.2,0,0,14.8,319,0,4.6,4.6,11,11.3,1269.5,99,0,0,27.3,77,30.1,1,312,0,1,1,22.9
2026-09-14T20:45:00+05:30,2026-09-14 20:45:00,23.4,24.4,23.2,0,1.8,14.8,323,0,4.6,4.6,11,11.3,1269.5,99,0,0,27.4,77,30.3,1,323,0,1,1,23
2026-09-14T20:40:00+05:30,2026-09-14 20:40:00,23.5,24.5,23.3,0,0,14.8,329,0,4.6,4.6,11,11.3,1269.5,99,0,0,27.4,77,30.3,1,329,0,1,1,23
2026-09-14T20:35:00+05:30,2026-09-14 20:35:00,23.4,24.4,23.2,0,0,14.8,331,0,4.6,4.6,11,11.3,1269.5,99,0,0,27.4,77,30.3,1,331,0,1,1,23
2026-09-14T20:30:00+05:30,2026-09-14 20:30:00,23.5,24.5,23.3,0,0,14.8,331,0,4.6,4.6,11,11.3,1269.5,99,0,0,27.4,77,30.3,1,331,0,1,1,23
2026-09-14T20:25:00+05:30,2026-09-14 20:25:00,23.6,24.6,23.4,0,0,14.8,331,0,4.6,4.6,11,11.3,1269.5,99,0,0,27.4,77,30.3,1,331,0,1,1,23
2026-09-14T20:20:00+05:30,2026-09-14 20:20:00,23.8,24.8,23.6,0,0,14.8,334,0,4.6,4.6,11,11.3,1269.5,99,0,0,27.4,77,30.3,1,335,0,1,1,23
2026-09-14T20:15:00+05:30,2026-09-14 20:15:00,23.6,24.6,23.4,0,0,14.8,335,0,4.6,4.6,11,11.3,1269.5,99,0,0,27.4,77,30.3,1,344,0,1,1,23
2026-09-14T20:10:00+05:30,2026-09-14 20:10:00,23.6,24.6,23.4,0,0,14.8,308,0,4.6,4.6,11,11.3,1269.5,99,0,0,27.4,77,30.3,1,308,0,1,1,23
2026-09-14T20:05:00+05:30,2026-09-14 20:05:00,23.5,24.5,23.3,0,0,14.8,330,0,4.6,4.6,11,11.3,1269.5,99,0,0,27.5,77,30.5,1,326,0,1,1,23.1
2026-09-14T20:00:00+05:30,2026-09-14 20:00:00,23.5,24.5,23.3,0,0,14.8,315,1.8,4.6,4.6,11,11.3,1269.5,99,0,0,27.4,77,30.3,1,334,0,1,1,23
2026-09-14T19:55:00+05:30,2026-09-14 19:55:00,23.4,24.3,23.1,0,0,14.8,327,1.8,4.6,4.6,11,11.3,1269.5,98,0,0,27.5,77,30.5,1,330,0,1,1,23.1
2026-09-14T19:50:00+05:30,2026-09-14 19:50:00,23.7,24.7,23.4,0,0,14.8,336,0,4.3,4.3,10.7,11,1269.2,98,0,0,27.5,77,30.5,1,315,0,1,1,23.1
2026-09-14T19:45:00+05:30,2026-09-14 19:45:00,23.7,24.7,23.4,0,0,14.8,314,1.2,4.3,4.3,10.7,11,1269.2,98,0,0,27.5,77,30.5,1,311,0,1,1,23.1
2026-09-14T19:40:00+05:30,2026-09-14 19:40:00,23.7,24.7,23.4,0,0,14.8,349,3,4.3,4.3,10.7,11,1269.2,98,0,0,27.5,77,30.5,1,310,0,1,1,23.1
2026-09-14T19:35:00+05:30,2026-09-14 19:35:00,23.9,24.9,23.6,0,0,14.8,306,6.6,4.1,4.1,10.5,10.8,1269,98,0,0,27.5,77,30.5,1,323,0,1,1,23.1
2026-09-14T19:30:00+05:30,2026-09-14 19:30:00,24,25,23.5,0.3,1.8,14.8,318,15,3.8,3.8,10.2,10.5,1268.7,97,0,0,27.5,76,30.4,1,326,0,1,1,22.9
2026-09-14T19:25:00+05:30,2026-09-14 19:25:00,24.1,25.1,23.4,0,1.8,14.8,338,12,2.5,2.5,8.9,9.2,1267.4,96,0,0,27.6,76,30.7,1,336,0,1,1,23
2026-09-14T19:20:00+05:30,2026-09-14 19:20:00,24.3,25.2,23.4,0,0,14.8,336,6,1,1,7.4,7.7,1265.9,95,0,0,27.6,76,30.7,1,344,0,1,1,23
2026-09-14T19:15:00+05:30,2026-09-14 19:15:00,24.5,25.5,23.5,0,0,14.8,339,1.8,0.3,0.3,6.7,7,1265.2,94,0,0,27.6,76,30.7,1,347,0,1,1,23
2026-09-14T19:10:00+05:30,2026-09-14 19:10:00,24.6,25.5,23.2,0,1.8,14.8,343,0,0,0,6.4,6.7,1264.9,92,0,0,27.6,76,30.7,1,343,0,1,1,23
2026-09-14T19:05:00+05:30,2026-09-14 19:05:00,24.7,25.7,23.3,0,1.8,14.8,323,0,0,0,6.4,6.7,1264.9,92,0,0,27.6,76,30.7,1,312,0.3,1,1,23
2026-09-14T19:00:00+05:30,2026-09-14 19:00:00,24.8,25.7,23.2,2.9,7.2,14.8,289,0,0,0,6.4,6.7,1264.9,91,0,0,27.6,76,30.7,1,296,0.6,1,1,23
2026-09-14T18:55:00+05:30,2026-09-14 18:55:00,24.8,25.7,23.2,2.9,3.5,14.8,343,0,0,0,6.4,6.7,1264.9,91,0,0,27.7,76,30.9,1,343,0,1,1,23.1
2026-09-14T18:50:00+05:30,2026-09-14 18:50:00,24.7,25.6,23.1,0,0,14.8,332,0,0,0,6.4,6.7,1264.9,91,0,0,27.7,76,30.9,1,340,0,1,1,23.1
2026-09-14T18:45:00+05:30,2026-09-14 18:45:00,24.7,25.6,23.1,0,0,14.8,326,0,0,0,6.4,6.7,1264.9,91,0,0,27.7,76,30.9,1,334,0,1,1,23.1
2026-09-14T18:40:00+05:30,2026-09-14 18:40:00,24.6,25.5,23.2,5,9.3,14.8,233,0,0,0,6.4,6.7,1264.9,92,0,0,27.7,76,30.9,1,331,0,1,1,23.1
2026-09-14T18:35:00+05:30,2026-09-14 18:35:00,24.7,25.7,23.3,0,0,14.8,349,0,0,0,6.4,6.7,1264.9,92,0,0,27.8,76,31,1,325,0,1,1,23.2
2026-09-14T18:30:00+05:30,2026-09-14 18:30:00,24.6,25.5,23.2,0,1.8,14.8,335,0,0,0,6.4,6.7,1264.9,92,0,0,27.8,76,31,1,317,0,1,1,23.2
2026-09-14T18:25:00+05:30,2026-09-14 18:25:00,24.5,25.4,23.3,0,0,14.8,325,0,0,0,6.4,6.7,1264.9,93,0,0,27.8,76,31,1,333,0,1,1,23.2
2026-09-14T18:20:00+05:30,2026-09-14 18:20:00,24.4,25.3,23.2,0,0,14.8,28,0,0,0,6.4,6.7,1264.9,93,0,0,27.8,76,31,1,353,0,1,1,23.2
2026-09-14T18:15:00+05:30,2026-09-14 18:15:00,24.4,25.3,23.2,0,0,14.8,143,0,0,0,6.4,6.7,1264.9,93,0,0.1,27.9,76,31.3,1,0,0,1,1,23.3
2026-09-14T18:10:00+05:30,2026-09-14 18:10:00,24.4,25.3,23.2,0,1.8,14.8,297,0,0,0,6.4,6.7,1264.9,93,0,0.5,27.9,76,31.3,1,344,1.4,1,1,23.3
2026-09-14T18:05:00+05:30,2026-09-14 18:05:00,24.5,25.4,23.3,0.3,3.5,14.8,258,0,0,0,6.4,6.7,1264.9,93,0,0.9,28,76,31.5,1,288,1.4,1,1,23.4
2026-09-14T18:00:00+05:30,2026-09-14 18:00:00,24.7,25.7,23.3,4,5.5,14.8,269,0,0,0,6.4,6.7,1264.9,92,0,1.9,28,77,31.7,1,307,1.1,1,1,23.6
2026-09-14T17:55:00+05:30,2026-09-14 17:55:00,24.9,25.8,23.5,0.3,5.5,14.8,295,0,0,0,6.4,6.7,1264.9,92,0,3.2,28,77,31.7,1,301,1.1,1,1,23.6
2026-09-14T17:50:00+05:30,2026-09-14 17:50:00,25,25.9,23.4,2.1,3.5,14.8,284,0,0,0,6.4,6.7,1264.9,91,0,4.5,28.1,77,31.9,1,310,0.6,1,1,23.7
2026-09-14T17:45:00+05:30,2026-09-14 17:45:00,25.1,26,23.4,0,0,14.8,340,0,0,0,6.4,6.7,1264.9,90,0,7.6,28.1,77,31.9,1,336,2.1,1,1,23.7
2026-09-14T17:40:00+05:30,2026-09-14 17:40:00,25.2,26.1,23.3,5,9.3,14.8,349,0,0,0,6.4,6.7,1264.9,89,0,12.4,28.2,77,32.2,1,273,6.1,1,1,23.8
2026-09-14T17:35:00+05:30,2026-09-14 17:35:00,25.4,26.3,23.4,3.5,14.8,14.8,276,0,0,0,6.4,6.7,1264.9,89,0,17.4,28.2,77,32.2,1,277,5.8,1,1,23.8
2026-09-14T17:30:00+05:30,2026-09-14 17:30:00,25.7,26.7,23.8,5.5,14.8,14.8,297,0,0,0,6.4,6.7,1264.9,89,0,19.6,28.3,77,32.3,1,277,4.3,1,1,23.8
2026-09-14T17:25:00+05:30,2026-09-14 17:25:00,25.8,26.7,23.8,5.8,9.3,13,277,0,0,0,6.4,6.7,1264.9,89,0,20.9,28.3,78,32.4,1,284,4.7,1,1,24.1
2026-09-14T17:20:00+05:30,2026-09-14 17:20:00,26.3,27.3,24.1,7.6,11.1,13,330,0,0,0,6.4,6.7,1264.9,88,0,26.4,28.3,78,32.4,1,290,5.5,1,1,24.1
2026-09-14T17:15:00+05:30,2026-09-14 17:15:00,26.6,27.6,24.5,7.2,13,13,295,0,0,0,6.4,6.7,1264.9,88,0,31.1,28.4,78,32.7,1,284,5.5,1,1,24.2
2026-09-14T17:10:00+05:30,2026-09-14 17:10:00,27,30.6,24.6,5.8,11.1,11.1,323,0,0,0,6.4,6.7,1264.9,87,0,29.3,28.4,79,32.9,1,284,4.3,1,1,24.4
2026-09-14T17:05:00+05:30,2026-09-14 17:05:00,27,30.6,24.6,5,9.3,9.3,279,0,0,0,6.4,6.7,1264.9,87,0,24.6,28.4,79,32.9,1,285,4.7,1,1,24.4
2026-09-14T17:00:00+05:30,2026-09-14 17:00:00,27.3,31.5,25.1,7.6,9.3,9.3,290,0,0,0,6.4,6.7,1264.9,88,0,24.3,28.4,79,32.9,1,294,1.1,1,1,24.4
2026-09-14T16:55:00+05:30,2026-09-14 16:55:00,27.7,32.7,25.5,0,0,9.3,293,0,0,0,6.4,6.7,1264.9,88,0,38.8,28.5,79,33.2,1,287,0,1,1,24.5
2026-09-14T16:50:00+05:30,2026-09-14 16:50:00,27.8,32.7,25.4,0,0,9.3,282,0,0,0,6.4,6.7,1264.9,87,0,57.2,28.5,79,33.2,1,281,0,1,1,24.5
2026-09-14T16:45:00+05:30,2026-09-14 16:45:00,27.7,32.7,25.5,0,0,9.3,280,0,0,0,6.4,6.7,1264.9,88,0,65.6,28.5,79,33.2,1,280,0,1,1,24.5
2026-09-14T16:40:00+05:30,2026-09-14 16:40:00,27.6,32.4,25.4,0,0,9.3,279,0,0,0,6.4,6.7,1264.9,88,0,69.3,28.5,78,33,1,279,2.1,1,1,24.3
2026-09-14T16:35:00+05:30,2026-09-14 16:35:00,27.6,32.2,25.2,2.1,3.5,9.3,276,0,0,0,6.4,6.7,1264.9,87,0,77.5,28.5,78,33,1,280,3.5,1,1,24.3
2026-09-14T16:30:00+05:30,2026-09-14 16:30:00,27.8,32.5,25.2,2.9,5.5,9.3,275,0,0,0,6.4,6.7,1264.9,86,0,85.7,28.6,78,33.3,1,285,3.5,1,1,24.4
2026-09-14T16:25:00+05:30,2026-09-14 16:25:00,28,32.7,25,3.5,7.2,9.3,281,0,0,0,6.4,6.7,1264.9,84,0,93.7,28.6,78,33.3,1,286,3.5,1,1,24.4
2026-09-14T16:20:00+05:30,2026-09-14 16:20:00,28.2,33.5,25.5,0,3.5,7.2,286,0,0,0,6.4,6.7,1264.9,85,1,114.5,28.6,78,33.3,1,290,2.9,1,1,24.4
2026-09-14T16:15:00+05:30,2026-09-14 16:15:00,28.4,33.6,25.2,1.8,5.5,5.5,295,0,0,0,6.4,6.7,1264.9,83,1,134.8,28.6,78,33.3,1,295,1.8,1,1,24.4
2026-09-14T16:12:00+05:30,2026-09-14 16:12:00,28.6,34.1,25.2,3.5,5.5,5.5,297,0,0,0,6.4,6.7,1264.9,82,1,140.9,28.6,78,33.3,1,294,0,1,1,24.4
2026-09-14T16:08:00+05:30,2026-09-14 16:08:00,28.9,35.1,25.7,0,1.8,1.8,286,0,0,0,6.4,6.7,1264.9,83,1,149.1,28.7,78,33.6,1,286,0,1,1,24.5
2026-09-14T16:00:00+05:30,2026-09-14 16:00:00,28.6,34.5,25.6,0,0,0,286,0,0,0,6.4,6.7,1264.9,84,1,158.2,28.7,77,33.4,1,286,0,1,1,24.3
2026-09-14T09:05:00+05:30,2026-09-14 09:05:00,27.3,31.1,24.7,1.8,3.5,3.5,13,0,0,0,6.4,6.7,1264.9,86,3,350.9,26.9,79,29.4,1,320,0,1,1,22.9
2026-09-14T09:00:00+05:30,2026-09-14 09:00:00,26.6,27.6,24.5,0,0,3.5,320,0,0,0,6.4,6.7,1264.9,88,4,443,26.9,79,29.4,1,320,0,1,1,22.9
2026-09-14T08:55:00+05:30,2026-09-14 08:55:00,26.1,27.1,24.2,0,0,3.5,320,0,0,0,6.4,6.7,1264.9,89,2,286.1,26.9,79,29.4,1,320,0,1,1,22.9
2026-09-14T08:50:00+05:30,2026-09-14 08:50:00,25.5,26.5,24.1,0,0,3.5,320,0,0,0,6.4,6.7,1264.9,92,2,240.2,26.8,79,29.2,1,320,0,1,1,22.8
2026-09-14T08:45:00+05:30,2026-09-14 08:45:00,25.2,26.2,24,0,0,3.5,320,0,0,0,6.4,6.7,1264.9,93,2,226.3,26.8,79,29.2,1,320,0,1,1,22.8
2026-09-14T08:40:00+05:30,2026-09-14 08:40:00,24.9,25.9,23.9,0,0,3.5,339,0,0,0,6.4,6.7,1264.9,94,3,350.6,26.8,79,29.2,1,321,0,1,1,22.8
2026-09-14T08:35:00+05:30,2026-09-14 08:35:00,24.3,25.3,23.6,0,0,3.5,314,0,0,0,6.4,6.7,1264.9,96,2,269.5,26.8,78,29.1,1,307,0,1,1,22.6
2026-09-14T08:30:00+05:30,2026-09-14 08:30:00,24.1,25.1,23.4,0,1.8,3.5,315,0,0,0,6.4,6.7,1264.9,96,1,166.5,26.7,78,29,1,316,0,1,1,22.6
2026-09-14T08:25:00+05:30,2026-09-14 08:25:00,24.2,25.2,23.5,0,0,3.5,303,0,0,0,6.4,6.7,1264.9,96,1,138.7,26.7,78,29,1,319,0,1,1,22.6
2026-09-14T08:20:00+05:30,2026-09-14 08:20:00,24.1,25.1,23.4,0,0,3.5,318,0,0,0,6.4,6.7,1264.9,96,1,117.3,26.7,78,29,1,318,0,1,1,22.6
2026-09-14T08:15:00+05:30,2026-09-14 08:15:00,24.2,25.2,23.7,0,0,3.5,307,0,0,0,6.4,6.7,1264.9,97,1,112.1,26.6,77,27.3,1,317,0,1,1,22.2
2026-09-14T08:10:00+05:30,2026-09-14 08:10:00,23.9,24.9,23.6,0,0,3.5,317,0,0,0,6.4,6.7,1264.9,98,1,124.3,26.7,77,28.9,1,317,0,1,1,22.3
2026-09-14T08:05:00+05:30,2026-09-14 08:05:00,23.7,24.7,23.6,0,0,3.5,319,0,0,0,6.4,6.7,1264.9,99,0,96.4,26.6,77,27.3,1,321,0,1,1,22.2
2026-09-14T08:00:00+05:30,2026-09-14 08:00:00,23.9,24.9,23.6,0,0,0,324,0,0,0,6.4,6.7,1264.9,98,0,102.5,26.6,77,27.3,1,318,0,1,1,22.2
2026-09-14T07:55:00+05:30,2026-09-14 07:55:00,23.8,24.8,23.6,0,0,0,306,0,0,0,6.4,6.7,1264.9,99,1,139.9,26.6,77,27.3,1,309,0,1,1,22.2
2026-09-14T07:50:00+05:30,2026-09-14 07:50:00,23.5,24.5,23.3,0,0,0,307,0,0,0,6.4,6.7,1264.9,99,1,175.7,26.6,77,27.3,1,311,0,1,1,22.2
2026-09-14T07:45:00+05:30,2026-09-14 07:45:00,23.3,24.2,23.1,0,0,0,307,0,0,0,6.4,6.7,1264.9,99,1,127.1,26.6,77,27.3,1,307,0,1,1,22.2
2026-09-14T07:40:00+05:30,2026-09-14 07:40:00,23.3,24.2,23.1,0,0,0,310,0,0,0,6.4,6.7,1264.9,99,0,96.7,26.6,77,27.3,1,329,0,1,1,22.2
2026-09-14T07:35:00+05:30,2026-09-14 07:35:00,23.3,24.2,23.1,0,0,0,350,0,0,0,6.4,6.7,1264.9,99,0,87.3,26.6,77,27.3,1,329,0,1,1,22.2
2026-09-14T07:30:00+05:30,2026-09-14 07:30:00,23,23.9,22.8,0,0,0,326,0,0,0,6.4,6.7,1264.9,99,0,95.5,26.6,77,27.3,1,339,0,1,1,22.2
2026-09-14T07:25:00+05:30,2026-09-14 07:25:00,22.9,23.8,22.7,0,0,0,340,0,0,0,6.4,6.7,1264.9,99,0,85.5,26.6,77,27.3,1,341,0,1,1,22.2
2026-09-14T07:20:00+05:30,2026-09-14 07:20:00,22.9,23.8,22.7,0,0,0,314,0,0,0,6.4,6.7,1264.9,99,0,74.9,26.5,77,27.2,1,314,0,1,1,22.1
2026-09-14T07:15:00+05:30,2026-09-14 07:15:00,22.9,23.8,22.7,0,0,0,314,0,0,0,6.4,6.7,1264.9,99,0,67.6,26.5,77,27.2,1,314,0,1,1,22.1
2026-09-14T07:10:00+05:30,2026-09-14 07:10:00,22.8,23.7,22.6,0,0,0,314,0,0,0,6.4,6.7,1264.9,99,0,59.6,26.5,77,27.2,1,314,0,1,1,22.1
2026-09-14T07:05:00+05:30,2026-09-14 07:05:00,22.6,23.5,22.4,0,0,0,314,0,0,0,6.4,6.7,1264.9,99,0,55.6,26.5,77,27.2,1,314,0,1,1,22.1
2026-09-14T07:00:00+05:30,2026-09-14 07:00:00,22.6,23.5,22.4,0,0,0,319,0,0,0,6.4,6.7,1264.9,99,0,51.1,26.5,77,27.2,1,319,0,1,1,22.1
2026-09-14T06:55:00+05:30,2026-09-14 06:55:00,22.5,23.4,22.3,0,0,0,319,0,0,0,6.4,6.7,1264.9,99,0,47.4,26.5,77,27.2,1,319,0,1,1,22.1
2026-09-14T06:50:00+05:30,2026-09-14 06:50:00,22.6,23.5,22.4,0,0,0,319,0,0,0,6.4,6.7,1264.9,99,0,39.3,26.5,77,27.2,1,322,0,1,1,22.1
2026-09-14T06:45:00+05:30,2026-09-14 06:45:00,22.5,23.4,22.3,0,0,0,319,0,0,0,6.4,6.7,1264.9,99,0,32.3,26.5,77,27.2,1,330,0,1,1,22.1
2026-09-14T06:40:00+05:30,2026-09-14 06:40:00,22.5,23.4,22.3,0,0,0,330,0,0,0,6.4,6.7,1264.9,99,0,29.2,26.5,77,27.2,1,330,0,1,1,22.1
2026-09-14T06:35:00+05:30,2026-09-14 06:35:00,22.4,23.3,22.2,0,0,0,336,0,0,0,6.4,6.7,1264.9,99,0,25,26.6,77,27.3,1,336,0,1,1,22.2
2026-09-14T06:30:00+05:30,2026-09-14 06:30:00,22.4,23.3,22.2,0,0,0,335,0,0,0,6.4,6.7,1264.9,99,0,20.4,26.6,77,27.3,1,335,0,1,1,22.2
2026-09-14T06:25:00+05:30,2026-09-14 06:25:00,22.4,23.3,22.2,0,0,0,335,0,0,0,6.4,6.7,1264.9,99,0,16.6,26.6,77,27.3,1,334,0,1,1,22.2
2026-09-14T06:20:00+05:30,2026-09-14 06:20:00,22.4,23.3,22.2,0,0,0,334,0,0,0,6.4,6.7,1264.9,99,0,13.1,26.6,77,27.3,1,334,0,1,1,22.2
2026-09-14T06:15:00+05:30,2026-09-14 06:15:00,22.3,23.1,22.1,0,0,0,334,0,0,0,6.4,6.7,1264.9,99,0,9.9,26.6,77,27.3,1,334,0,1,1,22.2
2026-09-14T06:10:00+05:30,2026-09-14 06:10:00,22.3,23.1,22.1,0,0,0,334,0,0,0,6.4,6.7,1264.9,99,0,7.1,26.6,77,27.3,1,334,0,1,1,22.2
2026-09-14T06:05:00+05:30,2026-09-14 06:05:00,22.3,23.1,22.1,0,0,0,334,0,0,0,6.4,6.7,1264.9,99,0,4.7,26.7,77,28.9,1,334,0,1,1,22.3
2026-09-14T06:00:00+05:30,2026-09-14 06:00:00,22.3,23.1,22.1,0,0,0,334,0,0,0,6.4,6.7,1264.9,99,0,2.5,26.7,77,28.9,1,334,0,1,1,22.3
2026-09-14T05:55:00+05:30,2026-09-14 05:55:00,22.4,23.3,22.2,0,0,0,334,0,0,0,6.4,6.7,1264.9,99,0,1.4,26.7,77,28.9,1,334,0,1,1,22.3
2026-09-14T05:50:00+05:30,2026-09-14 05:50:00,22.4,23.3,22.2,0,0,0,334,0,0,0,6.4,6.7,1264.9,99,0,0.4,26.7,77,28.9,1,334,0,1,1,22.3
2026-09-14T05:45:00+05:30,2026-09-14 05:45:00,22.5,23.4,22.3,0,0,0,334,0,0,0,6.4,6.7,1264.9,99,0,0.1,26.7,77,28.9,1,334,0,1,1,22.3
2026-09-14T05:40:00+05:30,2026-09-14 05:40:00,22.5,23.4,22.3,0,0,0,334,0,0,0,6.4,6.7,1264.9,99,0,0,26.7,77,28.9,1,334,0,1,1,22.3
2026-09-14T05:35:00+05:30,2026-09-14 05:35:00,22.6,23.5,22.4,0,0,0,337,0,0,0,6.4,6.7,1264.9,99,0,0,26.7,77,28.9,1,337,0,1,1,22.3
2026-09-14T05:30:00+05:30,2026-09-14 05:30:00,22.7,23.6,22.6,0,0,0,338,0,0,0,6.4,6.7,1264.9,99,0,0,26.8,77,29,1,338,0,1,1,22.4
2026-09-14T05:25:00+05:30,2026-09-14 05:25:00,22.6,23.5,22.4,0,0,0,340,0,0,0,6.4,6.7,1264.9,99,0,0,26.8,77,29,1,340,0,1,1,22.4
2026-09-14T05:20:00+05:30,2026-09-14 05:20:00,22.7,23.6,22.6,0,0,0,341,0,0,0,6.4,6.7,1264.9,99,0,0,26.7,77,28.9,1,341,0,1,1,22.3
2026-09-14T05:15:00+05:30,2026-09-14 05:15:00,22.7,23.6,22.6,0,0,0,343,0,0,0,6.4,6.7,1264.9,99,0,0,26.8,77,29,1,343,0,1,1,22.4
2026-09-14T05:10:00+05:30,2026-09-14 05:10:00,22.8,23.7,22.6,0,0,0,345,0,0,0,6.4,6.7,1264.9,99,0,0,26.8,77,29,1,339,0,1,1,22.4
2026-09-14T05:05:00+05:30,2026-09-14 05:05:00,22.7,23.6,22.6,0,0,0,344,0,0,0,6.4,6.7,1264.9,99,0,0,26.8,77,29,1,340,0,1,1,22.4
2026-09-14T05:00:00+05:30,2026-09-14 05:00:00,22.7,23.6,22.6,0,0,0,334,0,0,0,6.4,6.7,1264.9,99,0,0,26.8,77,29,1,334,0,1,1,22.4
2026-09-14T04:55:00+05:30,2026-09-14 04:55:00,22.7,23.6,22.6,0,0,0,336,0,0,0,6.4,6.7,1264.9,99,0,0,26.8,77,29,1,336,0,1,1,22.4
2026-09-14T04:50:00+05:30,2026-09-14 04:50:00,22.7,23.6,22.6,0,0,0,340,0,0,0,6.4,6.7,1264.9,99,0,0,26.8,77,29,1,340,0,1,1,22.4
2026-09-14T04:45:00+05:30,2026-09-14 04:45:00,22.8,23.7,22.6,0,0,0,340,0,0,0,6.4,6.7,1264.9,99,0,0,26.8,77,29,1,340,0,1,1,22.4
2026-09-14T04:40:00+05:30,2026-09-14 04:40:00,22.8,23.7,22.6,0,0,0,338,0,0,0,6.4,6.7,1264.9,99,0,0,26.8,77,29,1,338,0,1,1,22.4
2026-09-14T04:35:00+05:30,2026-09-14 04:35:00,22.8,23.7,22.6,0,0,0,338,0,0,0,6.4,6.7,1264.9,99,0,0,26.9,77,29.2,1,338,0,1,1,22.5
2026-09-14T04:30:00+05:30,2026-09-14 04:30:00,22.9,23.8,22.7,0,0,0,338,0,0,0,6.4,6.7,1264.9,99,0,0,26.8,77,29,1,344,0,1,1,22.4
2026-09-14T04:25:00+05:30,2026-09-14 04:25:00,22.9,23.8,22.7,0,0,0,346,0,0,0,6.4,6.7,1264.9,99,0,0,26.9,76,29.2,1,334,0,1,1,22.3
2026-09-14T04:20:00+05:30,2026-09-14 04:20:00,23,23.9,22.8,0,0,0,334,0,0,0,6.4,6.7,1264.9,99,0,0,26.9,76,29.2,1,334,0,1,1,22.3
2026-09-14T04:15:00+05:30,2026-09-14 04:15:00,23,23.9,22.8,0,0,0,334,0,0,0,6.4,6.7,1264.9,99,0,0,26.9,76,29.2,1,334,0,1,1,22.3
2026-09-14T04:10:00+05:30,2026-09-14 04:10:00,23,23.9,22.8,0,0,0,334,0,0,0,6.4,6.7,1264.9,99,0,0,26.9,76,29.2,1,334,0,1,1,22.3
2026-09-14T04:05:00+05:30,2026-09-14 04:05:00,22.9,23.8,22.7,0,0,0,334,0,0,0,6.4,6.7,1264.9,99,0,0,26.9,76,29.2,1,334,0,1,1,22.3
2026-09-14T04:00:00+05:30,2026-09-14 04:00:00,22.9,23.8,22.7,0,0,0,334,0,0,0,6.4,6.7,1264.9,99,0,0,26.9,76,29.2,1,334,0,1,1,22.3
2026-09-14T03:55:00+05:30,2026-09-14 03:55:00,22.9,23.8,22.7,0,0,0,334,0,0,0,6.4,6.7,1264.9,99,0,0,27,76,29.4,1,334,0,1,1,22.4
2026-09-14T03:50:00+05:30,2026-09-14 03:50:00,22.9,23.8,22.7,0,0,0,334,0,0,0,6.4,6.7,1264.9,99,0,0,26.9,76,29.2,1,334,0,1,1,22.3
2026-09-14T03:45:00+05:30,2026-09-14 03:45:00,22.9,23.8,22.7,0,0,0,334,0,0,0,6.4,6.7,1264.9,99,0,0,27,76,29.4,1,334,0,1,1,22.4
2026-09-14T03:40:00+05:30,2026-09-14 03:40:00,23,23.9,22.8,0,0,0,334,0,0,0,6.4,6.7,1264.9,99,0,0,27,76,29.4,1,334,0,1,1,22.4
2026-09-14T03:35:00+05:30,2026-09-14 03:35:00,23,23.9,22.8,0,0,0,334,0,0,0,6.4,6.7,1264.9,99,0,0,27,76,29.4,1,334,0,1,1,22.4
2026-09-14T03:30:00+05:30,2026-09-14 03:30:00,23.1,24.1,22.9,0,0,0,334,0,0,0,6.4,6.7,1264.9,99,0,0,27,76,29.4,1,334,0,1,1,22.4
2026-09-14T03:25:00+05:30,2026-09-14 03:25:00,23.1,24.1,22.9,0,0,0,334,0,0,0,6.4,6.7,1264.9,99,0,0,27,76,29.4,1,334,0,1,1,22.4
2026-09-14T03:20:00+05:30,2026-09-14 03:20:00,23.2,24.2,23.1,0,0,0,334,0,0,0,6.4,6.7,1264.9,99,0,0,27,76,29.4,1,334,0,1,1,22.4
2026-09-14T03:15:00+05:30,2026-09-14 03:15:00,23.2,24.2,23.1,0,0,0,334,0,0,0,6.4,6.7,1264.9,99,0,0,27,76,29.4,1,334,0,1,1,22.4
2026-09-14T03:10:00+05:30,2026-09-14 03:10:00,23.2,24.2,23.1,0,0,0,334,0,0,0,6.4,6.7,1264.9,99,0,0,27,76,29.4,1,334,0,1,1,22.4
2026-09-14T03:05:00+05:30,2026-09-14 03:05:00,23.2,24.2,23.1,0,0,0,334,0,0,0,6.4,6.7,1264.9,99,0,0,27,76,29.4,1,334,0,1,1,22.4
2026-09-14T03:00:00+05:30,2026-09-14 03:00:00,23.2,24.2,23.1,0,0,0,334,0,0,0,6.4,6.7,1264.9,99,0,0,27,76,29.4,1,334,0,1,1,22.4
2026-09-14T02:55:00+05:30,2026-09-14 02:55:00,23.2,24.2,23.1,0,0,0,334,0,0,0,6.4,6.7,1264.9,99,0,0,27,76,29.4,1,334,0,1,1,22.4
2026-09-14T02:50:00+05:30,2026-09-14 02:50:00,23.2,24.2,23.1,0,0,0,334,0,0,0,6.4,6.7,1264.9,99,0,0,27,76,29.4,1,334,0,1,1,22.4
2026-09-14T02:45:00+05:30,2026-09-14 02:45:00,23.2,24.2,23.1,0,0,0,335,0,0,0,6.4,6.7,1264.9,99,0,0,27,76,29.4,1,335,0,1,1,22.4
2026-09-14T02:40:00+05:30,2026-09-14 02:40:00,23.2,24.2,23.1,0,0,0,335,0,0,0,6.4,6.7,1264.9,99,0,0,27,76,29.4,1,335,0,1,1,22.4
2026-09-14T02:35:00+05:30,2026-09-14 02:35:00,23.2,24.2,23.1,0,0,0,335,0,0,0,6.4,6.7,1264.9,99,0,0,27,76,29.4,1,335,0,1,1,22.4
2026-09-14T02:30:00+05:30,2026-09-14 02:30:00,23.2,24.2,23.1,0,0,0,335,0,0,0,6.4,6.7,1264.9,99,0,0,27,76,29.4,1,335,0,1,1,22.4
2026-09-14T02:25:00+05:30,2026-09-14 02:25:00,23.1,24.1,22.9,0,0,0,335,0,0,0,6.4,6.7,1264.9,99,0,0,27.1,76,29.6,1,335,0,1,1,22.5
2026-09-14T02:20:00+05:30,2026-09-14 02:20:00,23.1,24.1,22.9,0,0,0,335,0,0,0,6.4,6.7,1264.9,99,0,0,27,76,29.4,1,335,0,1,1,22.4
2026-09-14T02:15:00+05:30,2026-09-14 02:15:00,23.1,24.1,22.9,0,0,0,335,0,0,0,6.4,6.7,1264.9,99,0,0,27.1,76,29.6,1,335,0,1,1,22.5
2026-09-14T02:10:00+05:30,2026-09-14 02:10:00,23.1,24.1,22.9,0,0,0,335,0,0,0,6.4,6.7,1264.9,99,0,0,27.1,76,29.6,1,335,0,1,1,22.5
2026-09-14T02:05:00+05:30,2026-09-14 02:05:00,23.2,24.2,23.1,0,0,0,335,0,0,0,6.4,6.7,1264.9,99,0,0,27.1,76,29.6,1,335,0,1,1,22.5
2026-09-14T02:00:00+05:30,2026-09-14 02:00:00,23.2,24.2,23.1,0,0,0,335,0,0,0,6.4,6.7,1264.9,99,0,0,27.1,76,29.6,1,335,0,1,1,22.5
2026-09-14T01:55:00+05:30,2026-09-14 01:55:00,23.2,24.2,23.1,0,0,0,335,0,0,0,6.4,6.7,1264.9,99,0,0,27.1,76,29.6,1,335,0,1,1,22.5
2026-09-14T01:50:00+05:30,2026-09-14 01:50:00,23.1,24.1,22.9,0,0,0,335,0,0,0,6.4,6.7,1264.9,99,0,0,27.1,76,29.6,1,335,0,1,1,22.5
2026-09-14T01:45:00+05:30,2026-09-14 01:45:00,23.1,24.1,22.9,0,0,0,335,0,0,0,6.4,6.7,1264.9,99,0,0,27.1,76,29.6,1,335,0,1,1,22.5
2026-09-14T01:40:00+05:30,2026-09-14 01:40:00,23.1,24.1,22.9,0,0,0,335,0,0,0,6.4,6.7,1264.9,99,0,0,27.1,76,29.6,1,335,0,1,1,22.5
2026-09-14T01:35:00+05:30,2026-09-14 01:35:00,23.1,24.1,22.9,0,0,0,335,0,0,0,6.4,6.7,1264.9,99,0,0,27.1,76,29.6,1,335,0,1,1,22.5
2026-09-14T01:30:00+05:30,2026-09-14 01:30:00,23.1,24.1,22.9,0,0,0,335,0,0,0,6.4,6.7,1264.9,99,0,0,27.1,75,29.5,1,335,0,1,1,22.3
2026-09-14T01:25:00+05:30,2026-09-14 01:25:00,23.1,24.1,22.9,0,0,0,335,0,0,0,6.4,6.7,1264.9,99,0,0,27.1,75,29.5,1,335,0,1,1,22.3
2026-09-14T01:20:00+05:30,2026-09-14 01:20:00,23.1,24.1,22.9,0,0,0,336,0,0,0,6.4,6.7,1264.9,99,0,0,27.1,75,29.5,1,336,0,1,1,22.3
2026-09-14T01:15:00+05:30,2026-09-14 01:15:00,23.1,24.1,22.9,0,0,0,336,0,0,0,6.4,6.7,1264.9,99,0,0,27.1,75,29.5,1,336,0,1,1,22.3
2026-09-14T01:10:00+05:30,2026-09-14 01:10:00,23,23.9,22.8,0,0,0,336,0,0,0,6.4,6.7,1264.9,99,0,0,27.1,75,29.5,1,336,0,1,1,22.3
2026-09-14T01:05:00+05:30,2026-09-14 01:05:00,23,23.9,22.8,0,0,0,336,0,0,0,6.4,6.7,1264.9,99,0,0,27.1,75,29.5,1,336,0,1,1,22.3
2026-09-14T01:00:00+05:30,2026-09-14 01:00:00,23,23.9,22.8,0,0,0,336,0,0,0,6.4,6.7,1264.9,99,0,0,27.2,75,29.7,1,336,0,1,1,22.4
2026-09-14T00:55:00+05:30,2026-09-14 00:55:00,23,23.9,22.8,0,0,0,336,0,0,0,6.4,6.7,1264.9,99,0,0,27.1,75,29.5,1,336,0,1,1,22.3
2026-09-14T00:50:00+05:30,2026-09-14 00:50:00,23,23.9,22.8,0,0,0,336,0,0,0,6.4,6.7,1264.9,99,0,0,27.1,75,29.5,1,336,0,1,1,22.3
2026-09-14T00:45:00+05:30,2026-09-14 00:45:00,23,23.9,22.8,0,0,0,336,0,0,0,6.4,6.7,1264.9,99,0,0,27.2,75,29.7,1,336,0,1,1,22.4
2026-09-14T00:40:00+05:30,2026-09-14 00:40:00,23.1,24.1,22.9,0,0,0,336,0,0,0,6.4,6.7,1264.9,99,0,0,27.1,75,29.5,1,336,0,1,1,22.3
2026-09-14T00:35:00+05:30,2026-09-14 00:35:00,23,23.9,22.8,0,0,0,336,0,0,0,6.4,6.7,1264.9,99,0,0,27.2,75,29.7,1,336,0,1,1,22.4
2026-09-14T00:30:00+05:30,2026-09-14 00:30:00,22.9,23.8,22.7,0,0,0,336,0,0,0,6.4,6.7,1264.9,99,0,0,27.2,75,29.7,1,336,0,1,1,22.4
2026-09-14T00:25:00+05:30,2026-09-14 00:25:00,22.9,23.8,22.7,0,0,0,336,0,0,0,6.4,6.7,1264.9,99,0,0,27.2,75,29.7,1,336,0,1,1,22.4
2026-09-14T00:20:00+05:30,2026-09-14 00:20:00,22.9,23.8,22.7,0,0,0,336,0,0,0,6.4,6.7,1264.9,99,0,0,27.2,75,29.7,1,336,0,1,1,22.4
2026-09-14T00:15:00+05:30,2026-09-14 00:15:00,22.9,23.8,22.7,0,0,0,336,0,0,0,6.4,6.7,1264.9,99,0,0,27.2,75,29.7,1,336,0,1,1,22.4
2026-09-14T00:13:00+05:30,2026-09-14 00:13:00,22.9,23.8,22.7,0,0,0,336,0,0,0,6.4,6.7,1264.9,99,0,0,27.2,75,29.7,1,336,0,1,1,22.4
2026-09-14T00:05:00+05:30,2026-09-14 00:05:00,22.9,23.8,22.7,0,0,0,335,0,6.4,0,6.4,6.7,1264.9,99,0,0,27.2,75,29.7,1,335,0,1,1,22.4
2026-09-14T00:00:00+05:30,2026-09-14 00:00:00,22.8,23.7,22.6,0,0,0,335,0,6.4,0,6.4,6.7,1264.9,99,0,0,27.2,75,29.7,1,335,0,1,1,22.4
2026-09-13T23:55:00+05:30,2026-09-13 23:55:00,22.8,23.7,22.6,0,0,21.9,335,0,6.4,6.4,6.4,6.7,1264.9,99,0,0,27.2,75,29.7,1,359,0,1,1,22.4
2026-09-13T23:50:00+05:30,2026-09-13 23:50:00,22.8,23.7,22.6,0,0,21.9,359,0,6.4,6.4,6.4,6.7,1264.9,99,0,0,27.2,75,29.7,1,359,0,1,1,22.4
2026-09-13T23:45:00+05:30,2026-09-13 23:45:00,22.8,23.7,22.6,0,0,21.9,359,0,6.4,6.4,6.4,6.7,1264.9,99,0,0,27.2,75,29.7,1,359,0,1,1,22.4
2026-09-13T23:40:00+05:30,2026-09-13 23:40:00,22.8,23.7,22.6,0,0,21.9,359,0,6.4,6.4,6.4,6.7,1264.9,99,0,0,27.3,75,29.8,1,359,0,1,1,22.4
2026-09-13T23:35:00+05:30,2026-09-13 23:35:00,22.8,23.7,22.6,0,0,21.9,359,1.8,6.4,6.4,6.4,6.7,1264.9,99,0,0,27.3,75,29.8,1,323,0,1,1,22.4
2026-09-13T23:30:00+05:30,2026-09-13 23:30:00,22.8,23.7,22.6,0,0,21.9,323,1.8,6.4,6.4,6.4,6.7,1264.9,99,0,0,27.3,75,29.8,1,323,0,1,1,22.4
2026-09-13T23:25:00+05:30,2026-09-13 23:25:00,22.8,23.7,22.6,0,0,21.9,323,0,6.1,6.1,6.1,6.4,1264.6,99,0,0,27.3,75,29.8,1,323,0,1,1,22.4
2026-09-13T23:20:00+05:30,2026-09-13 23:20:00,22.9,23.8,22.7,0,0,21.9,323,0,6.1,6.1,6.1,6.4,1264.6,99,0,0,27.3,75,29.8,1,323,0,1,1,22.4
2026-09-13T23:15:00+05:30,2026-09-13 23:15:00,22.8,23.7,22.6,0,0,21.9,323,0,6.1,6.1,6.1,6.4,1264.6,99,0,0,27.3,75,29.8,1,323,0,1,1,22.4
2026-09-13T23:10:00+05:30,2026-09-13 23:10:00,22.8,23.7,22.6,0,0,21.9,323,0,6.1,6.1,6.1,6.4,1264.6,99,0,0,27.3,75,29.8,1,323,0,1,1,22.4
2026-09-13T23:05:00+05:30,2026-09-13 23:05:00,22.8,23.7,22.6,0,0,21.9,323,0,6.1,6.1,6.1,6.4,1264.6,99,0,0,27.3,75,29.8,1,323,0,1,1,22.4
2026-09-13T23:00:00+05:30,2026-09-13 23:00:00,22.9,23.8,22.7,0,0,21.9,323,0,6.1,6.1,6.1,6.4,1264.6,99,0,0,27.3,75,29.8,1,323,0,1,1,22.4
2026-09-13T22:55:00+05:30,2026-09-13 22:55:00,22.8,23.7,22.6,0,0,21.9,323,0,6.1,6.1,6.1,6.4,1264.6,99,0,0,27.3,74,29.7,1,323,0,1,1,22.2
2026-09-13T22:50:00+05:30,2026-09-13 22:50:00,22.7,23.6,22.6,0,0,21.9,323,0,6.1,6.1,6.1,6.4,1264.6,99,0,0,27.3,74,29.7,1,323,0,1,1,22.2
2026-09-13T22:45:00+05:30,2026-09-13 22:45:00,22.7,23.6,22.6,0,0,21.9,323,0,6.1,6.1,6.1,6.4,1264.6,99,0,0,27.4,74,29.9,1,323,0,1,1,22.3
2026-09-13T22:40:00+05:30,2026-09-13 22:40:00,22.7,23.6,22.6,0,0,21.9,323,0,6.1,6.1,6.1,6.4,1264.6,99,0,0,27.3,74,29.7,1,323,0,1,1,22.2
2026-09-13T22:35:00+05:30,2026-09-13 22:35:00,22.8,23.7,22.6,0,0,21.9,323,0,6.1,6.1,6.1,6.4,1264.6,99,0,0,27.4,74,29.9,1,323,0,1,1,22.3
2026-09-13T22:30:00+05:30,2026-09-13 22:30:00,22.7,23.6,22.6,0,0,21.9,323,0,6.1,6.1,6.1,6.4,1264.6,99,0,0,27.4,74,29.9,1,323,0,1,1,22.3
2026-09-13T22:25:00+05:30,2026-09-13 22:25:00,22.7,23.6,22.6,0,0,21.9,323,0,6.1,6.1,6.1,6.4,1264.6,99,0,0,27.4,74,29.9,1,323,0,1,1,22.3
2026-09-13T22:20:00+05:30,2026-09-13 22:20:00,22.7,23.6,22.6,0,0,21.9,323,0,6.1,6.1,6.1,6.4,1264.6,99,0,0,27.4,74,29.9,1,323,0,1,1,22.3
2026-09-13T22:15:00+05:30,2026-09-13 22:15:00,22.7,23.6,22.6,0,0,21.9,323,0,6.1,6.1,6.1,6.4,1264.6,99,0,0,27.4,74,29.9,1,323,0,1,1,22.3
2026-09-13T22:10:00+05:30,2026-09-13 22:10:00,22.8,23.7,22.6,0,0,21.9,323,0,6.1,6.1,6.1,6.4,1264.6,99,0,0,27.4,74,29.9,1,323,0,1,1,22.3
2026-09-13T22:05:00+05:30,2026-09-13 22:05:00,22.8,23.7,22.6,0,0,21.9,323,0,6.1,6.1,6.1,6.4,1264.6,99,0,0,27.4,74,29.9,1,323,0,1,1,22.3
2026-09-13T22:00:00+05:30,2026-09-13 22:00:00,22.7,23.6,22.6,0,0,21.9,323,0,6.1,6.1,6.1,6.4,1264.6,99,0,0,27.4,74,29.9,1,323,0,1,1,22.3
2026-09-13T21:55:00+05:30,2026-09-13 21:55:00,22.7,23.6,22.6,0,0,21.9,323,0,6.1,6.1,6.1,6.4,1264.6,99,0,0,27.4,74,29.9,1,323,0,1,1,22.3
2026-09-13T21:50:00+05:30,2026-09-13 21:50:00,22.8,23.7,22.6,0,0,21.9,323,0,6.1,6.1,6.1,6.4,1264.6,99,0,0,27.4,74,29.9,1,323,0,1,1,22.3
2026-09-13T21:45:00+05:30,2026-09-13 21:45:00,22.7,23.6,22.6,0,0,21.9,323,0,6.1,6.1,6.1,6.4,1264.6,99,0,0,27.4,74,29.9,1,323,0,1,1,22.3
2026-09-13T21:40:00+05:30,2026-09-13 21:40:00,22.7,23.6,22.6,0,0,21.9,323,0,6.1,6.1,6.1,6.4,1264.6,99,0,0,27.5,74,30.2,1,323,0,1,1,22.4
2026-09-13T21:35:00+05:30,2026-09-13 21:35:00,22.7,23.6,22.6,0,0,21.9,323,0,6.1,6.1,6.1,6.4,1264.6,99,0,0,27.5,74,30.2,1,323,0,1,1,22.4
2026-09-13T21:30:00+05:30,2026-09-13 21:30:00,22.6,23.5,22.4,0,0,21.9,348,0,6.1,6.1,6.1,6.4,1264.6,99,0,0,27.5,74,30.2,1,348,0,1,1,22.4
2026-09-13T21:25:00+05:30,2026-09-13 21:25:00,22.7,23.6,22.6,0,0,21.9,349,0,6.1,6.1,6.1,6.4,1264.6,99,0,0,27.5,74,30.2,1,338,0,1,1,22.4
2026-09-13T21:20:00+05:30,2026-09-13 21:20:00,22.8,23.7,22.6,0,0,21.9,334,0,6.1,6.1,6.1,6.4,1264.6,99,0,0,27.5,74,30.2,1,334,0,1,1,22.4
2026-09-13T21:15:00+05:30,2026-09-13 21:15:00,22.9,23.8,22.7,0,0,21.9,338,0,6.1,6.1,6.1,6.4,1264.6,99,0,0,27.5,74,30.2,1,338,0,1,1,22.4
2026-09-13T21:10:00+05:30,2026-09-13 21:10:00,22.7,23.6,22.6,0,0,21.9,338,0,6.1,6.1,6.1,6.4,1264.6,99,0,0,27.5,74,30.2,1,338,0,1,1,22.4
2026-09-13T21:05:00+05:30,2026-09-13 21:05:00,22.7,23.6,22.6,0,0,21.9,338,0,6.1,6.1,6.1,6.4,1264.6,99,0,0,27.5,74,30.2,1,338,0,1,1,22.4
2026-09-13T21:00:00+05:30,2026-09-13 21:00:00,22.6,23.5,22.4,0,0,21.9,338,0,6.1,6.1,6.1,6.4,1264.6,99,0,0,27.6,74,30.4,1,338,0,1,1,22.6
2026-09-13T20:55:00+05:30,2026-09-13 20:55:00,22.6,23.5,22.4,0,0,21.9,338,0,6.1,6.1,6.1,6.4,1264.6,99,0,0,27.6,74,30.4,1,338,0,1,1,22.6
2026-09-13T20:50:00+05:30,2026-09-13 20:50:00,22.7,23.6,22.6,0,0,21.9,338,0,6.1,6.1,6.1,6.4,1264.6,99,0,0,27.6,74,30.4,1,338,0,1,1,22.6
2026-09-13T20:45:00+05:30,2026-09-13 20:45:00,22.6,23.5,22.4,0,0,21.9,332,0,6.1,6.1,6.1,6.4,1264.6,99,0,0,27.6,74,30.4,1,337,0,1,1,22.6
2026-09-13T20:40:00+05:30,2026-09-13 20:40:00,22.5,23.4,22.3,0,0,21.9,330,0,6.1,6.1,6.1,6.4,1264.6,99,0,0,27.6,74,30.4,1,338,0,1,1,22.6
2026-09-13T20:35:00+05:30,2026-09-13 20:35:00,22.6,23.5,22.4,0,0,21.9,346,0,6.1,6.1,6.1,6.4,1264.6,99,0,0,27.6,74,30.4,1,342,0,1,1,22.6
2026-09-13T20:30:00+05:30,2026-09-13 20:30:00,22.9,23.8,22.7,0,0,21.9,323,0,6.1,6.1,6.1,6.4,1264.6,99,0,0,27.6,74,30.4,1,321,0,1,1,22.6
2026-09-13T20:25:00+05:30,2026-09-13 20:25:00,22.6,23.5,22.4,0,0,21.9,321,0,6.1,6.1,6.1,6.4,1264.6,99,0,0,27.7,74,30.6,1,321,0,1,1,22.7
2026-09-13T20:20:00+05:30,2026-09-13 20:20:00,22.5,23.4,22.3,0,0,21.9,326,0,6.1,6.1,6.1,6.4,1264.6,99,0,0,27.7,74,30.6,1,326,0,1,1,22.7
2026-09-13T20:15:00+05:30,2026-09-13 20:15:00,22.5,23.4,22.3,0,0,21.9,325,0,6.1,6.1,6.1,6.4,1264.6,99,0,0,27.7,74,30.6,1,327,0,1,1,22.7
2026-09-13T20:10:00+05:30,2026-09-13 20:10:00,22.5,23.4,22.3,0,0,21.9,327,0,6.1,6.1,6.1,6.4,1264.6,99,0,0,27.8,74,30.7,1,336,0,1,1,22.7
2026-09-13T20:05:00+05:30,2026-09-13 20:05:00,22.5,23.4,22.2,0,0,21.9,337,0,6.1,6.1,6.1,6.4,1264.6,98,0,0,27.8,74,30.7,1,337,0,1,1,22.7
2026-09-13T20:00:00+05:30,2026-09-13 20:00:00,22.7,23.6,22.4,0,0,21.9,313,0,6.1,6.1,6.1,6.4,1264.6,98,0,0,27.8,74,30.7,1,322,0,1,1,22.7
2026-09-13T19:55:00+05:30,2026-09-13 19:55:00,22.6,23.5,22.3,0,0,21.9,345,0,6.1,6.1,6.1,6.4,1264.6,98,0,0,27.8,74,30.7,1,335,0,1,1,22.7
2026-09-13T19:50:00+05:30,2026-09-13 19:50:00,22.4,23.2,22.1,0,0,21.9,340,0,6.1,6.1,6.1,6.4,1264.6,98,0,0,27.8,74,30.7,1,342,0,1,1,22.7
2026-09-13T19:45:00+05:30,2026-09-13 19:45:00,22.4,23.2,22.1,0,0,21.9,344,0,6.1,6.1,6.1,6.4,1264.6,98,0,0,27.8,74,30.7,1,17,0,1,1,22.7
2026-09-13T19:40:00+05:30,2026-09-13 19:40:00,22.6,23.5,22.3,0,0,21.9,354,0,6.1,6.1,6.1,6.4,1264.6,98,0,0,27.9,74,31,1,344,0,1,1,22.8
2026-09-13T19:35:00+05:30,2026-09-13 19:35:00,22.5,23.4,22.2,1.4,3.5,21.9,355,0,6.1,6.1,6.1,6.4,1264.6,98,0,0,27.9,74,31,1,1,0.3,1,1,22.8
2026-09-13T19:30:00+05:30,2026-09-13 19:30:00,22.4,23.2,21.9,0,5.5,21.9,6,0,6.1,6.1,6.1,6.4,1264.6,97,0,0,28,74,31.2,1,31,1.1,1,1,22.9
2026-09-13T19:25:00+05:30,2026-09-13 19:25:00,22.6,23.5,22.1,0.6,3.5,21.9,82,0,6.1,6.1,6.1,6.4,1264.6,97,0,0,28,74,31.2,1,31,1.4,1,1,22.9
2026-09-13T19:20:00+05:30,2026-09-13 19:20:00,22.6,23.5,22.1,0,3.5,21.9,62,0,6.1,6.1,6.1,6.4,1264.6,97,0,0,28.1,74,31.4,1,359,2.1,1,1,23
2026-09-13T19:15:00+05:30,2026-09-13 19:15:00,22.8,23.6,22.3,4.3,7.2,21.9,208,0,6.1,6.1,6.1,6.4,1264.6,97,0,0,28.1,74,31.4,1,359,2.6,1,1,23
2026-09-13T19:10:00+05:30,2026-09-13 19:10:00,22.9,23.8,22.6,4.3,7.2,21.9,86,0,6.1,6.1,6.1,6.4,1264.6,98,0,0,28.2,74,31.7,1,337,2.9,1,1,23.1
2026-09-13T19:05:00+05:30,2026-09-13 19:05:00,23.1,24,22.8,2.6,5.5,21.9,66,1.8,6.1,6.1,6.1,6.4,1264.6,98,0,0,28.2,74,31.7,1,349,2.9,1,1,23.1
2026-09-13T19:00:00+05:30,2026-09-13 19:00:00,23.3,24.2,22.9,3.5,7.2,21.9,13,1.2,5.8,5.8,5.8,6.1,1264.3,98,0,0,28.3,74,31.8,1,8,1.1,1,1,23.2
2026-09-13T18:55:00+05:30,2026-09-13 18:55:00,23.9,24.9,23.7,1.8,1.8,21.9,335,4.2,5.8,5.8,5.8,6.1,1264.3,99,0,0,28.3,74,31.8,1,70,1.1,1,1,23.2
2026-09-13T18:50:00+05:30,2026-09-13 18:50:00,23.9,24.9,23.6,3.2,5.5,21.9,32,10.8,5.6,5.6,5.6,5.9,1264.1,98,0,0,28.3,74,31.8,1,54,1.4,1,1,23.2
2026-09-13T18:45:00+05:30,2026-09-13 18:45:00,24.2,25.3,23.9,4,5.5,21.9,37,10.8,5.1,5.1,5.1,5.4,1263.6,98,0,0,28.3,74,31.8,1,331,0,1,1,23.2
2026-09-13T18:40:00+05:30,2026-09-13 18:40:00,24.5,25.6,24.2,0,0,21.9,340,4.8,3.6,3.6,3.6,3.9,1262.1,98,0,0,28.4,74,32.1,1,346,0,1,1,23.3
2026-09-13T18:35:00+05:30,2026-09-13 18:35:00,24.5,25.6,24.2,0,0,21.9,354,3,3,3,3,3.3,1261.5,98,0,0,28.4,74,32.1,1,346,0,1,1,23.3
2026-09-13T18:30:00+05:30,2026-09-13 18:30:00,24.6,25.7,24.3,0,0,21.9,337,3,2.8,2.8,2.8,3.1,1261.3,98,0,0,28.4,73,31.9,1,339,0,1,1,23.1
2026-09-13T18:25:00+05:30,2026-09-13 18:25:00,24.8,25.8,24.3,0,0,21.9,340,3,2.5,2.5,2.5,2.8,1261,97,0,0,28.4,73,31.9,1,339,0,1,1,23.1
2026-09-13T18:20:00+05:30,2026-09-13 18:20:00,24.8,25.8,24.3,0,0,21.9,337,4.8,2.3,2.3,2.3,2.6,1260.8,97,0,0,28.4,73,31.9,1,337,0,1,1,23.1
2026-09-13T18:15:00+05:30,2026-09-13 18:15:00,24.9,25.9,24.2,0,0,21.9,322,4.2,2,2,2,2.3,1260.5,96,0,0,28.4,73,31.9,1,328,0,1,1,23.1
2026-09-13T18:10:00+05:30,2026-09-13 18:10:00,25.1,26.2,24.3,0,0,21.9,342,4.2,1.5,1.5,1.5,1.8,1260,95,0,0,28.5,73,32.2,1,324,0,1,1,23.2
2026-09-13T18:05:00+05:30,2026-09-13 18:05:00,25.1,26.1,24.1,0,0,21.9,327,4.8,1.3,1.3,1.3,1.6,1259.8,94,0,0.1,28.5,72,32,1,327,0,1,1,22.9
2026-09-13T18:00:00+05:30,2026-09-13 18:00:00,25.2,26.2,24,0,0,21.9,327,1.8,0.8,0.8,0.8,1.1,1259.3,93,0,0.1,28.5,72,32,1,326,0,1,1,22.9
2026-09-13T17:55:00+05:30,2026-09-13 17:55:00,25.5,26.5,24.1,0,0,21.9,326,0,0.5,0.5,0.5,0.8,1259,92,0,0.1,28.5,72,32,1,326,0,1,1,22.9
2026-09-13T17:50:00+05:30,2026-09-13 17:50:00,25.7,26.7,24,0,0,21.9,329,1.2,0.5,0.5,0.5,0.8,1259,90,0,0.1,28.5,72,32,1,317,0,1,1,22.9
2026-09-13T17:45:00+05:30,2026-09-13 17:45:00,26,27,24,0,0,21.9,288,1.8,0.3,0.3,0.3,0.6,1258.8,89,0,0.3,28.6,72,32.2,1,313,0.3,1,1,23.1
2026-09-13T17:40:00+05:30,2026-09-13 17:40:00,26.5,27.5,24.2,1.4,1.8,21.9,308,1.8,0.3,0.3,0.3,0.6,1258.8,87,0,0.7,28.6,71,32.1,1,267,0.3,1,1,22.8
2026-09-13T17:35:00+05:30,2026-09-13 17:35:00,26.7,29.5,23.8,1.1,3.5,21.9,259,0,0,0,0,0.3,1258.5,84,0,0.5,28.6,71,32.1,1,295,0.3,1,1,22.8
2026-09-13T17:30:00+05:30,2026-09-13 17:30:00,26.8,29.4,23.4,2.1,3.5,21.9,340,0,0,0,0,0.3,1258.5,82,0,0.9,28.7,71,32.3,1,302,1.1,1,1,22.9
2026-09-13T17:25:00+05:30,2026-09-13 17:25:00,26.9,29.7,23.5,0,3.5,21.9,319,0,0,0,0,0.3,1258.5,82,0,1.6,28.7,71,32.3,1,280,1.4,1,1,22.9
2026-09-13T17:20:00+05:30,2026-09-13 17:20:00,27,29.8,23.5,3.5,7.2,21.9,262,0,0,0,0,0.3,1258.5,81,0,2.1,28.7,71,32.3,1,283,1.1,1,1,22.9
2026-09-13T17:15:00+05:30,2026-09-13 17:15:00,26.9,29.7,23.5,1.4,5.5,21.9,335,0,0,0,0,0.3,1258.5,82,0,2.8,28.7,71,32.3,1,293,1.4,1,1,22.9
2026-09-13T17:10:00+05:30,2026-09-13 17:10:00,26.9,29.7,23.5,4,13,21.9,303,0,0,0,0,0.3,1258.5,82,0,5.2,28.8,71,32.4,1,283,4.7,1,1,23
2026-09-13T17:05:00+05:30,2026-09-13 17:05:00,26.8,29.4,23.4,4.7,7.2,21.9,289,0,0,0,0,0.3,1258.5,82,0,6.7,28.8,71,32.4,1,283,4.7,1,1,23
2026-09-13T17:00:00+05:30,2026-09-13 17:00:00,27,29.8,23.5,0,11.1,21.9,228,0,0,0,0,0.3,1258.5,81,0,5.6,28.8,71,32.4,1,285,4,1,1,23
2026-09-13T16:55:00+05:30,2026-09-13 16:55:00,27,29.8,23.5,7.9,13,21.9,279,0,0,0,0,0.3,1258.5,81,0,8.3,28.9,71,32.7,1,279,4,1,1,23.1
2026-09-13T16:50:00+05:30,2026-09-13 16:50:00,27.1,30.1,23.6,6.1,9.3,21.9,262,0,0,0,0,0.3,1258.5,81,0,12.4,28.9,71,32.7,1,262,4,1,1,23.1
2026-09-13T16:45:00+05:30,2026-09-13 16:45:00,27.2,30.2,23.5,3.5,5.5,21.9,311,0,0,0,0,0.3,1258.5,80,0,18.3,29,71,32.9,1,311,3.5,1,1,23.2
2026-09-13T16:40:00+05:30,2026-09-13 16:40:00,27.2,30.2,23.5,1.4,3.5,21.9,243,0,0,0,0,0.3,1258.5,80,0,27.2,29,71,32.9,1,286,4.3,1,1,23.2
2026-09-13T16:35:00+05:30,2026-09-13 16:35:00,27.2,30.2,23.5,2.6,9.3,21.9,255,0,0,0,0,0.3,1258.5,80,0,27.2,29.1,71,33.2,1,274,6.1,1,1,23.3
2026-09-13T16:30:00+05:30,2026-09-13 16:30:00,27.3,30.4,23.5,9.7,13,21.9,260,0,0,0,0,0.3,1258.5,80,0,29.8,29.1,71,33.2,1,270,4.3,1,1,23.3
2026-09-13T16:25:00+05:30,2026-09-13 16:25:00,27.3,30.4,23.5,2.9,5.5,21.9,278,0,0,0,0,0.3,1258.5,80,0,33.2,29.1,71,33.2,1,278,3.2,1,1,23.3
2026-09-13T16:20:00+05:30,2026-09-13 16:20:00,27.8,31.6,24,8.7,13,21.9,317,0,0,0,0,0.3,1258.5,80,0,48.3,29.2,70,33.2,1,333,3.5,1,1,23.2
2026-09-13T16:15:00+05:30,2026-09-13 16:15:00,27.7,31.4,23.9,5.5,7.2,21.9,272,0,0,0,0,0.3,1258.5,80,0,63.1,29.3,70,33.3,1,291,4,1,1,23.2
2026-09-13T16:10:00+05:30,2026-09-13 16:10:00,27.5,30.9,23.7,3.2,7.2,21.9,259,0,0,0,0,0.3,1258.5,80,0,62.7,29.3,70,33.3,1,259,5,1,1,23.2
2026-09-13T16:05:00+05:30,2026-09-13 16:05:00,27.7,31.3,23.7,11.6,14.8,21.9,273,0,0,0,0,0.3,1258.5,79,0,52.8,29.4,70,33.6,1,279,6.1,1,1,23.3
2026-09-13T16:00:00+05:30,2026-09-13 16:00:00,27.8,31.6,24,9.7,14.8,21.9,270,0,0,0,0,0.3,1258.5,80,0,58.9,29.4,70,33.6,1,289,6.1,1,1,23.3
2026-09-13T15:55:00+05:30,2026-09-13 15:55:00,28,31.8,23.8,3.5,11.1,21.9,178,0,0,0,0,0.3,1258.5,78,0,48.8,29.5,70,33.8,1,294,7.9,1,1,23.4
2026-09-13T15:50:00+05:30,2026-09-13 15:50:00,28.2,32.3,24,12.2,16.6,21.9,283,0,0,0,0,0.3,1258.5,78,0,75.5,29.5,70,33.8,1,283,5.5,1,1,23.4
2026-09-13T15:45:00+05:30,2026-09-13 15:45:00,28.7,33.2,24.1,1.4,16.6,21.9,310,0,0,0,0,0.3,1258.5,76,1,109.3,29.6,70,34.1,1,286,5,1,1,23.6
2026-09-13T15:40:00+05:30,2026-09-13 15:40:00,28.8,33.3,24.1,9.3,13,21.9,329,0,0,0,0,0.3,1258.5,76,1,154.8,29.6,70,34.1,1,284,6.4,1,1,23.6
2026-09-13T15:35:00+05:30,2026-09-13 15:35:00,28.8,33.3,24.1,1.4,13,21.9,296,0,0,0,0,0.3,1258.5,76,1,172,29.6,70,34.1,1,279,6.4,1,1,23.6
2026-09-13T15:30:00+05:30,2026-09-13 15:30:00,29.5,34.7,24.4,5,13,21.9,272,0,0,0,0,0.3,1258.5,74,1,202.5,29.6,70,34.1,1,276,3.2,1,1,23.6
2026-09-13T15:25:00+05:30,2026-09-13 15:25:00,29.8,35.2,24.4,0.3,9.3,21.9,326,0,0,0,0,0.3,1258.5,73,2,253.7,29.6,70,34.1,1,335,3.5,1,1,23.6
2026-09-13T15:20:00+05:30,2026-09-13 15:20:00,29.5,34.3,23.9,6.1,7.2,21.9,291,0,0,0,0,0.3,1258.5,72,5,521.9,29.6,70,34.1,1,285,6.1,1,1,23.6
2026-09-13T15:15:00+05:30,2026-09-13 15:15:00,28.9,33.2,23.8,6.1,16.6,21.9,283,0,0,0,0,0.3,1258.5,74,2,289.1,29.6,70,34.1,1,284,8.2,1,1,23.6
2026-09-13T15:10:00+05:30,2026-09-13 15:10:00,28.9,33.2,23.8,9,13,21.9,275,0,0,0,0,0.3,1258.5,74,3,384.1,29.6,69,33.9,1,275,7.2,1,1,23.3
2026-09-13T15:05:00+05:30,2026-09-13 15:05:00,28.6,32.6,23.5,3.5,14.8,21.9,224,0,0,0,0,0.3,1258.5,74,2,263.8,29.6,70,34.1,1,271,5.5,1,1,23.6
2026-09-13T15:00:00+05:30,2026-09-13 15:00:00,28.4,32.2,23.5,6.1,7.2,21.9,317,0,0,0,0,0.3,1258.5,75,2,210,29.6,69,33.9,1,317,6.4,1,1,23.3
2026-09-13T14:55:00+05:30,2026-09-13 14:55:00,28.8,33.3,24.1,7.6,14.8,21.9,316,0,0,0,0,0.3,1258.5,76,1,170.9,29.6,69,33.9,1,306,7.6,1,1,23.3
2026-09-13T14:50:00+05:30,2026-09-13 14:50:00,28.9,33.2,23.8,3.5,5.5,21.9,297,0,0,0,0,0.3,1258.5,74,2,284,29.7,69,34.2,1,92,7.9,1,1,23.4
2026-09-13T14:45:00+05:30,2026-09-13 14:45:00,28.9,33.4,24,11.1,14.8,21.9,286,0,0,0,0,0.3,1258.5,75,3,367.3,29.7,69,34.2,1,286,9.7,1,1,23.4
2026-09-13T14:40:00+05:30,2026-09-13 14:40:00,28.9,33.4,24,9.7,14.8,21.9,277,0,0,0,0,0.3,1258.5,75,4,512.1,29.6,69,33.9,1,284,9.7,1,1,23.3
2026-09-13T14:35:00+05:30,2026-09-13 14:35:00,29.3,34.4,24.4,16.6,21.9,21.9,282,0,0,0,0,0.3,1258.5,75,4,459,29.6,69,33.9,1,278,7.9,1,1,23.3
2026-09-13T14:30:00+05:30,2026-09-13 14:30:00,29.6,34.3,23.8,9.7,14.8,20.1,292,0,0,0,0,0.3,1258.5,71,2,249.6,29.6,69,33.9,1,286,6.9,1,1,23.3
2026-09-13T14:25:00+05:30,2026-09-13 14:25:00,29.7,34.6,23.9,5.8,16.6,20.1,281,0,0,0,0,0.3,1258.5,71,3,398.6,29.6,69,33.9,1,286,5,1,1,23.3
2026-09-13T14:20:00+05:30,2026-09-13 14:20:00,30.8,36.4,24.2,4,11.1,20.1,290,0,0,0,0,0.3,1258.5,68,3,330.8,29.6,69,33.9,1,294,4.3,1,1,23.3
2026-09-13T14:15:00+05:30,2026-09-13 14:15:00,30.9,36.7,24.3,0.3,14.8,20.1,306,0,0,0,0,0.3,1258.5,68,4,481.3,29.5,69,33.7,1,306,4.7,1,1,23.2
2026-09-13T14:10:00+05:30,2026-09-13 14:10:00,30.1,35.1,23.8,4.7,7.2,20.1,282,0,0,0,0,0.3,1258.5,69,6,688.4,29.5,69,33.7,1,220,4.7,1,1,23.2
2026-09-13T14:05:00+05:30,2026-09-13 14:05:00,29.8,34.7,23.9,0.3,11.1,20.1,336,0,0,0,0,0.3,1258.5,71,3,317.4,29.4,69,33.4,1,330,5.5,1,1,23.1
2026-09-13T14:00:00+05:30,2026-09-13 14:00:00,29.7,34.4,23.6,9,13,20.1,300,0,0,0,0,0.3,1258.5,70,4,492.9,29.4,69,33.4,1,274,4.7,1,1,23.1
2026-09-13T13:55:00+05:30,2026-09-13 13:55:00,29.1,33.2,23.3,7.9,11.1,20.1,283,0,0,0,0,0.3,1258.5,71,2,302.6,29.4,69,33.4,1,283,5.5,1,1,23.1
2026-09-13T13:50:00+05:30,2026-09-13 13:50:00,29.1,33.4,23.5,7.6,14.8,20.1,275,0,0,0,0,0.3,1258.5,72,2,230.6,29.5,69,33.7,1,294,6.1,1,1,23.2
2026-09-13T13:45:00+05:30,2026-09-13 13:45:00,29,33.1,23.4,6.1,9.3,20.1,267,0,0,0,0,0.3,1258.5,72,1,194.4,29.5,69,33.7,1,295,5.8,1,1,23.2
2026-09-13T13:40:00+05:30,2026-09-13 13:40:00,29.1,33.4,23.5,3.5,13,20.1,277,0,0,0,0,0.3,1258.5,72,1,150,29.5,69,33.7,1,241,6.1,1,1,23.2
2026-09-13T13:35:00+05:30,2026-09-13 13:35:00,29.1,33.4,23.5,7.6,13,20.1,273,0,0,0,0,0.3,1258.5,72,1,179.7,29.5,69,33.7,1,279,6.1,1,1,23.2
2026-09-13T13:30:00+05:30,2026-09-13 13:30:00,29.2,33.2,23.2,1.8,9.3,20.1,275,0,0,0,0,0.3,1258.5,70,1,182.1,29.5,69,33.7,1,278,8.7,1,1,23.2
2026-09-13T13:25:00+05:30,2026-09-13 13:25:00,29.6,33.7,23.1,7.9,13,20.1,251,0,0,0,0,0.3,1258.5,68,3,408.5,29.5,69,33.7,1,278,6.9,1,1,23.2
2026-09-13T13:20:00+05:30,2026-09-13 13:20:00,30.9,36.2,23.8,5.8,11.1,20.1,307,0,0,0,0,0.3,1258.5,66,2,303.3,29.5,69,33.7,1,307,2.9,1,1,23.2
2026-09-13T13:15:00+05:30,2026-09-13 13:15:00,30.7,35.8,23.6,2.9,7.2,20.1,52,0,0,0,0,0.3,1258.5,66,3,317.3,29.5,69,33.7,1,269,4,1,1,23.2
2026-09-13T13:10:00+05:30,2026-09-13 13:10:00,30.7,36,23.9,4.7,13,20.1,220,0,0,0,0,0.3,1258.5,67,7,808.1,29.4,69,33.4,1,296,2.6,1,1,23.1
2026-09-13T13:05:00+05:30,2026-09-13 13:05:00,31.5,36.8,23.6,1.1,5.5,20.1,287,0,0,0,0,0.3,1258.5,63,3,364.9,29.4,70,33.6,1,312,2.1,1,1,23.3
2026-09-13T13:00:00+05:30,2026-09-13 13:00:00,30.4,35,23.3,1.1,5.5,20.1,315,0,0,0,0,0.3,1258.5,66,7,782.9,29.3,70,33.3,1,303,4.7,1,1,23.2
2026-09-13T12:55:00+05:30,2026-09-13 12:55:00,30.5,35,23.2,7.6,13,20.1,284,0,0,0,0,0.3,1258.5,65,7,782.2,29.2,70,33.2,1,286,4.7,1,1,23.2
2026-09-13T12:50:00+05:30,2026-09-13 12:50:00,30.4,34.7,23.1,5.5,9.3,20.1,294,0,0,0,0,0.3,1258.5,65,7,751.1,29.1,70,32.9,1,294,4.7,1,1,23.1
2026-09-13T12:45:00+05:30,2026-09-13 12:45:00,30,33.9,22.7,5,7.2,20.1,305,0,0,0,0,0.3,1258.5,65,7,783.3,29.1,70,32.9,1,294,5,1,1,23.1
2026-09-13T12:40:00+05:30,2026-09-13 12:40:00,29.8,34.3,23.5,6.4,13,20.1,292,0,0,0,0,0.3,1258.5,69,7,788.8,29,70,32.7,1,320,4.7,1,1,22.9
2026-09-13T12:35:00+05:30,2026-09-13 12:35:00,30,34.8,23.7,3.5,7.2,20.1,325,0,0,0,0,0.3,1258.5,69,7,777.9,29,70,32.7,1,325,4,1,1,22.9
2026-09-13T12:30:00+05:30,2026-09-13 12:30:00,29.7,34.4,23.6,2.1,14.8,20.1,312,0,0,0,0,0.3,1258.5,70,7,759.6,28.9,70,32.5,1,272,4,1,1,22.8
2026-09-13T12:25:00+05:30,2026-09-13 12:25:00,29.5,33.6,23.2,4,7.2,20.1,327,0,0,0,0,0.3,1258.5,69,7,762.2,28.8,70,32.2,1,278,4.7,1,1,22.7
2026-09-13T12:20:00+05:30,2026-09-13 12:20:00,28.5,32,22.9,5.5,11.1,20.1,258,0,0,0,0,0.3,1258.5,72,6,689.5,28.8,70,32.2,1,265,5.8,1,1,22.7
2026-09-13T12:15:00+05:30,2026-09-13 12:15:00,28.7,32.5,23.2,1.1,5.5,20.1,279,0,0,0,0,0.3,1258.5,72,2,235.4,28.8,70,32.2,1,271,4.7,1,1,22.7
2026-09-13T12:10:00+05:30,2026-09-13 12:10:00,28.7,32.5,23.2,4.7,9.3,20.1,276,0,0,0,0,0.3,1258.5,72,2,302.1,28.8,70,32.2,1,276,6.4,1,1,22.7
2026-09-13T12:05:00+05:30,2026-09-13 12:05:00,28.7,32.3,22.9,1.4,11.1,20.1,335,0,0,0,0,0.3,1258.5,71,2,280.4,28.8,70,32.2,1,278,8.7,1,1,22.7
2026-09-13T12:00:00+05:30,2026-09-13 12:00:00,28.6,32.2,23.1,7.6,11.1,20.1,330,0,0,0,0,0.3,1258.5,72,3,309.4,28.8,70,32.2,1,283,7.6,1,1,22.7
2026-09-13T11:55:00+05:30,2026-09-13 11:55:00,29.5,33.4,23,10.5,18.3,20.1,292,0,0,0,0,0.3,1258.5,68,4,412.8,28.8,71,32.4,1,280,4,1,1,23
2026-09-13T11:50:00+05:30,2026-09-13 11:50:00,29.6,33.9,23.3,4.3,9.3,20.1,315,0,0,0,0,0.3,1258.5,69,3,309.4,28.8,71,32.4,1,282,5,1,1,23
2026-09-13T11:45:00+05:30,2026-09-13 11:45:00,28.8,32.4,23,5,9.3,20.1,293,0,0,0,0,0.3,1258.5,71,6,700.8,28.7,71,32.3,1,289,5.8,1,1,22.9
2026-09-13T11:40:00+05:30,2026-09-13 11:40:00,28.6,32.2,23.1,1.8,14.8,20.1,288,0,0,0,0,0.3,1258.5,72,3,320.5,28.7,71,32.3,1,291,6.9,1,1,22.9
2026-09-13T11:35:00+05:30,2026-09-13 11:35:00,28.9,32.9,23.3,7.9,14.8,20.1,309,0,0,0,0,0.3,1258.5,72,2,264.2,28.7,71,32.3,1,291,6.1,1,1,22.9
2026-09-13T11:30:00+05:30,2026-09-13 11:30:00,29.1,33,23.1,9.3,11.1,20.1,276,0,0,0,0,0.3,1258.5,70,5,575.8,28.6,71,32.1,1,272,6.4,1,1,22.8
2026-09-13T11:25:00+05:30,2026-09-13 11:25:00,28.4,31.7,22.8,13.7,20.1,20.1,245,0,0,0,0,0.3,1258.5,72,7,764.1,28.5,71,31.8,1,303,6.9,1,1,22.7
2026-09-13T11:20:00+05:30,2026-09-13 11:20:00,28.7,32.5,23.2,8.7,13,18.3,245,0,0,0,0,0.3,1258.5,72,2,235.1,28.5,72,32,1,303,6.4,1,1,22.9
2026-09-13T11:15:00+05:30,2026-09-13 11:15:00,29,32.9,23.2,8.7,11.1,18.3,312,0,0,0,0,0.3,1258.5,71,2,228.6,28.5,72,32,1,305,4.7,1,1,22.9
2026-09-13T11:10:00+05:30,2026-09-13 11:10:00,30.3,34.7,23.2,4,5.5,18.3,274,0,0,0,0,0.3,1258.5,66,8,870.3,28.4,72,31.7,1,309,2.1,1,1,22.8
2026-09-13T11:05:00+05:30,2026-09-13 11:05:00,29.9,34.1,23.1,0,5.5,18.3,270,0,0,0,0,0.3,1258.5,67,7,759.5,28.3,72,31.5,1,303,5.8,1,1,22.7
2026-09-13T11:00:00+05:30,2026-09-13 11:00:00,28.9,32.7,23.1,7.2,11.1,18.3,317,0,0,0,0,0.3,1258.5,71,7,769.2,28.2,73,31.6,1,325,4,1,1,22.9
2026-09-13T10:55:00+05:30,2026-09-13 10:55:00,29.6,34.3,23.8,3.5,7.2,18.3,307,0,0,0,0,0.3,1258.5,71,6,677.9,28.2,73,31.6,1,275,2.1,1,1,22.9
2026-09-13T10:50:00+05:30,2026-09-13 10:50:00,28.9,33.4,24,1.4,13,18.3,279,0,0,0,0,0.3,1258.5,75,6,714.6,28.1,73,31.3,1,279,2.1,1,1,22.8
2026-09-13T10:45:00+05:30,2026-09-13 10:45:00,28.3,31.8,23.2,0.3,13,18.3,341,0,0,0,0,0.3,1258.5,74,3,314.4,28.1,73,31.3,1,285,3.5,1,1,22.8
2026-09-13T10:40:00+05:30,2026-09-13 10:40:00,28.3,31.8,23.2,2.1,5.5,18.3,342,0,0,0,0,0.3,1258.5,74,7,750.6,28.1,73,31.3,1,286,2.6,1,1,22.8
2026-09-13T10:35:00+05:30,2026-09-13 10:35:00,28.1,31.8,23.5,1.1,5.5,18.3,301,0,0,0,0,0.3,1258.5,76,2,282.5,28,73,31.1,1,271,2.1,1,1,22.7
2026-09-13T10:30:00+05:30,2026-09-13 10:30:00,28.2,32.2,23.8,2.1,3.5,18.3,289,0,0,0,0,0.3,1258.5,77,2,297.9,28,73,31.1,1,290,2.1,1,1,22.7
2026-09-13T10:25:00+05:30,2026-09-13 10:25:00,27.7,31.1,23.5,0.3,9.3,18.3,293,0,0,0,0,0.3,1258.5,78,4,431.9,28,73,31.1,1,293,2.1,1,1,22.7
2026-09-13T10:20:00+05:30,2026-09-13 10:20:00,27.3,30.3,23.3,1.1,5.5,18.3,221,0,0,0,0,0.3,1258.5,79,2,222.5,27.9,73,30.8,1,288,2.1,1,1,22.6
2026-09-13T10:15:00+05:30,2026-09-13 10:15:00,27.6,30.9,23.4,6.1,7.2,18.3,317,0,0,0,0,0.3,1258.5,78,1,119.1,27.9,73,30.8,1,317,3.2,1,1,22.6
2026-09-13T10:10:00+05:30,2026-09-13 10:10:00,27.2,30.1,23.3,5.5,7.2,18.3,309,0,0,0,0,0.3,1258.5,79,1,178.5,27.9,73,30.8,1,291,4,1,1,22.6
2026-09-13T10:05:00+05:30,2026-09-13 10:05:00,28.2,32,23.6,9.3,13,18.3,286,0,0,0,0,0.3,1258.5,76,2,243.8,27.9,74,31,1,306,2.1,1,1,22.8
2026-09-13T10:00:00+05:30,2026-09-13 10:00:00,27.7,31.1,23.5,0.6,5.5,18.3,331,0,0,0,0,0.3,1258.5,78,3,369.5,27.9,74,31,1,289,1.4,1,1,22.8
2026-09-13T09:55:00+05:30,2026-09-13 09:55:00,27.6,30.9,23.4,1.1,9.3,18.3,211,0,0,0,0,0.3,1258.5,78,2,230.1,27.8,74,30.7,1,289,2.6,1,1,22.7
2026-09-13T09:50:00+05:30,2026-09-13 09:50:00,27.3,30.1,23.1,0,7.2,18.3,316,0,0,0,0,0.3,1258.5,78,1,178.3,27.8,74,30.7,1,279,5.5,1,1,22.7
2026-09-13T09:45:00+05:30,2026-09-13 09:45:00,27.8,31.3,23.6,9.3,18.3,18.3,258,0,0,0,0,0.3,1258.5,78,3,332,27.8,74,30.7,1,287,3.5,1,1,22.7
2026-09-13T09:40:00+05:30,2026-09-13 09:40:00,27.5,30.6,23.3,3.5,13,14.8,292,0,0,0,0,0.3,1258.5,78,6,673.8,27.7,74,30.6,1,283,2.9,1,1,22.7
2026-09-13T09:35:00+05:30,2026-09-13 09:35:00,27.2,30.1,23.3,2.1,5.5,14.8,264,0,0,0,0,0.3,1258.5,79,2,253.5,27.7,74,30.6,1,316,2.1,1,1,22.7
2026-09-13T09:30:00+05:30,2026-09-13 09:30:00,27.2,30.2,23.5,4.3,7.2,14.8,229,0,0,0,0,0.3,1258.5,80,2,222.1,27.7,74,30.6,1,313,1.1,1,1,22.7
2026-09-13T09:25:00+05:30,2026-09-13 09:25:00,27.2,30.2,23.5,3.2,3.5,14.8,245,0,0,0,0,0.3,1258.5,80,1,184.6,27.7,74,30.6,1,317,0,1,1,22.7
2026-09-13T09:20:00+05:30,2026-09-13 09:20:00,27,29.8,23.5,0,0,14.8,307,0,0,0,0,0.3,1258.5,81,1,140.3,27.6,74,30.4,1,307,0.3,1,1,22.6
2026-09-13T09:15:00+05:30,2026-09-13 09:15:00,26.9,29.6,23.3,0,3.5,14.8,298,0,0,0,0,0.3,1258.5,81,1,130.9,27.6,74,30.4,1,293,1.8,1,1,22.6
2026-09-13T09:10:00+05:30,2026-09-13 09:10:00,26.7,29.3,23.4,0,3.5,14.8,303,0,0,0,0,0.3,1258.5,82,1,137.9,27.6,74,30.4,1,296,2.6,1,1,22.6
2026-09-13T09:05:00+05:30,2026-09-13 09:05:00,26.9,29.6,23.3,5.5,13,14.8,281,0,0,0,0,0.3,1258.5,81,0,88.2,27.6,74,30.4,1,294,2.6,1,1,22.6
2026-09-13T09:00:00+05:30,2026-09-13 09:00:00,27.7,31.3,23.7,2.1,5.5,9.3,272,0,0,0,0,0.3,1258.5,79,0,80.1,27.6,74,30.4,1,307,2.1,1,1,22.6
2026-09-13T08:55:00+05:30,2026-09-13 08:55:00,27.5,30.6,23.3,0,0,9.3,315,0,0,0,0,0.3,1258.5,78,1,151.1,27.6,74,30.4,1,307,2.1,1,1,22.6
2026-09-13T08:50:00+05:30,2026-09-13 08:50:00,27.6,30.9,23.4,4,9.3,9.3,333,0,0,0,0,0.3,1258.5,78,3,341.3,27.5,75,30.3,1,318,1.1,1,1,22.7
2026-09-13T08:45:00+05:30,2026-09-13 08:45:00,27.9,31.4,23.5,0,0,7.2,277,0,0,0,0,0.3,1258.5,77,4,426.8,27.5,75,30.3,1,284,0,1,1,22.7
2026-09-13T08:40:00+05:30,2026-09-13 08:40:00,27.3,30.4,23.5,0,1.8,7.2,295,0,0,0,0,0.3,1258.5,80,3,391.6,27.5,75,30.3,1,282,0,1,1,22.7
2026-09-13T08:35:00+05:30,2026-09-13 08:35:00,26.8,29.4,23.4,1.4,1.8,7.2,300,0,0,0,0,0.3,1258.5,82,3,365.3,27.4,75,30.1,1,282,0,1,1,22.6
2026-09-13T08:30:00+05:30,2026-09-13 08:30:00,26.4,27.3,23.3,0,1.8,7.2,264,0,0,0,0,0.3,1258.5,83,1,154.4,27.4,75,30.1,1,357,0,1,1,22.6
2026-09-13T08:25:00+05:30,2026-09-13 08:25:00,26.3,27.2,23.5,0,1.8,7.2,358,0,0,0,0,0.3,1258.5,85,1,129.7,27.4,75,30.1,1,333,0,1,1,22.6
2026-09-13T08:20:00+05:30,2026-09-13 08:20:00,26.4,27.3,23.5,0,0,7.2,329,0,0,0,0,0.3,1258.5,84,1,107.5,27.4,75,30.1,1,339,0,1,1,22.6
2026-09-13T08:15:00+05:30,2026-09-13 08:15:00,26.5,27.4,23.4,0,0,7.2,343,0,0,0,0,0.3,1258.5,83,0,81.2,27.4,75,30.1,1,343,0,1,1,22.6
2026-09-13T08:10:00+05:30,2026-09-13 08:10:00,26.4,27.3,23.5,0,0,7.2,347,0,0,0,0,0.3,1258.5,84,0,70.8,27.4,75,30.1,1,346,0,1,1,22.6
2026-09-13T08:05:00+05:30,2026-09-13 08:05:00,26.3,27.2,23.4,0,0,7.2,346,0,0,0,0,0.3,1258.5,84,1,120.2,27.4,75,30.1,1,331,0,1,1,22.6
2026-09-13T08:00:00+05:30,2026-09-13 08:00:00,26.2,27.1,23.3,0,1.8,7.2,331,0,0,0,0,0.3,1258.5,84,1,111.1,27.3,75,29.8,1,323,0.3,1,1,22.4
2026-09-13T07:55:00+05:30,2026-09-13 07:55:00,25.8,26.7,23.3,1.4,5.5,7.2,323,0,0,0,0,0.3,1258.5,86,1,157.5,27.3,75,29.8,1,323,0.3,1,1,22.4
2026-09-13T07:50:00+05:30,2026-09-13 07:50:00,25.9,26.8,23.4,1.4,3.5,7.2,297,0,0,0,0,0.3,1258.5,86,1,112.3,27.3,75,29.8,1,325,0,1,1,22.4
2026-09-13T07:45:00+05:30,2026-09-13 07:45:00,25.8,26.7,23.3,0,0,7.2,326,0,0,0,0,0.3,1258.5,86,1,112.5,27.3,75,29.8,1,326,0,1,1,22.4
2026-09-13T07:40:00+05:30,2026-09-13 07:40:00,25.7,26.6,23.4,0,0,7.2,325,0,0,0,0,0.3,1258.5,87,1,113.3,27.3,75,29.8,1,327,0,1,1,22.4
2026-09-13T07:35:00+05:30,2026-09-13 07:35:00,25.4,26.3,23.1,0,0,7.2,329,0,0,0,0,0.3,1258.5,87,0,87.1,27.3,75,29.8,1,332,0,1,1,22.4
2026-09-13T07:30:00+05:30,2026-09-13 07:30:00,25.4,26.3,23.1,0,0,7.2,303,0,0,0,0,0.3,1258.5,87,0,67.9,27.3,75,29.8,1,328,0,1,1,22.4
2026-09-13T07:25:00+05:30,2026-09-13 07:25:00,25.1,26,23.2,1.1,5.5,7.2,328,0,0,0,0,0.3,1258.5,89,0,63.4,27.2,75,29.7,1,322,0,1,1,22.4
2026-09-13T07:20:00+05:30,2026-09-13 07:20:00,25.1,26,23.4,0,0,7.2,334,0,0,0,0,0.3,1258.5,90,0,59.8,27.2,75,29.7,1,326,0,1,1,22.4
2026-09-13T07:15:00+05:30,2026-09-13 07:15:00,24.9,25.8,23.3,0,0,7.2,317,0,0,0,0,0.3,1258.5,91,0,83.5,27.2,75,29.7,1,326,0,1,1,22.4
2026-09-13T07:10:00+05:30,2026-09-13 07:10:00,24.6,25.6,23.4,0,0,7.2,327,0,0,0,0,0.3,1258.5,93,0,86.3,27.2,75,29.7,1,327,0,1,1,22.4
2026-09-13T07:05:00+05:30,2026-09-13 07:05:00,24.3,25.2,23.1,0,0,7.2,334,0,0,0,0,0.3,1258.5,93,0,81.3,27.2,75,29.7,1,352,0,1,1,22.4
2026-09-13T07:00:00+05:30,2026-09-13 07:00:00,24.1,25,23.1,0,0,7.2,329,0,0,0,0,0.3,1258.5,94,0,65.2,27.2,75,29.7,1,329,0,1,1,22.4
2026-09-13T06:55:00+05:30,2026-09-13 06:55:00,24,24.9,23,0,0,7.2,329,0,0,0,0,0.3,1258.5,94,0,43.9,27.2,75,29.7,1,323,0,1,1,22.4
2026-09-13T06:50:00+05:30,2026-09-13 06:50:00,23.9,24.8,23,0,0,7.2,339,0,0,0,0,0.3,1258.5,95,0,41.8,27.2,75,29.7,1,323,0,1,1,22.4
2026-09-13T06:45:00+05:30,2026-09-13 06:45:00,23.8,24.7,22.9,0,0,7.2,333,0,0,0,0,0.3,1258.5,95,0,44.3,27.2,75,29.7,1,333,0,1,1,22.4
2026-09-13T06:40:00+05:30,2026-09-13 06:40:00,23.8,24.7,22.9,0,0,7.2,334,0,0,0,0,0.3,1258.5,95,0,33,27.2,75,29.7,1,334,0,1,1,22.4
2026-09-13T06:35:00+05:30,2026-09-13 06:35:00,23.7,24.6,22.9,0,0,7.2,333,0,0,0,0,0.3,1258.5,95,0,27.9,27.2,74,29.6,1,333,0,1,1,22.2
2026-09-13T06:30:00+05:30,2026-09-13 06:30:00,23.7,24.7,23,0,0,7.2,332,0,0,0,0,0.3,1258.5,96,0,19.3,27.2,75,29.7,1,332,0,1,1,22.4
2026-09-13T06:25:00+05:30,2026-09-13 06:25:00,23.6,24.5,22.9,0,0,7.2,332,0,0,0,0,0.3,1258.5,96,0,14.1,27.2,74,29.6,1,332,0,1,1,22.2
2026-09-13T06:20:00+05:30,2026-09-13 06:20:00,23.6,24.5,22.9,0,0,7.2,332,0,0,0,0,0.3,1258.5,96,0,11.6,27.2,74,29.6,1,332,0,1,1,22.2
2026-09-13T06:15:00+05:30,2026-09-13 06:15:00,23.5,24.4,22.8,0,0,7.2,332,0,0,0,0,0.3,1258.5,96,0,8.6,27.2,74,29.6,1,351,0,1,1,22.2
2026-09-13T06:14:00+05:30,2026-09-13 06:14:00,23.5,24.4,22.8,0,0,7.2,353,0,0,0,0,0.3,1258.5,96,0,8.2,27.2,74,29.6,1,331,0,1,1,22.2
2026-09-13T06:00:00+05:30,2026-09-13 06:00:00,23.4,24.3,22.7,0,0,7.2,351,0,0,0,0,0.3,1258.5,96,0,2,27.2,74,29.6,1,351,0,1,1,22.2
2026-09-13T05:55:00+05:30,2026-09-13 05:55:00,23.3,24.2,22.6,0,0,7.2,351,0,0,0,0,0.3,1258.5,96,0,1,27.3,74,29.7,1,351,0,1,1,22.2
2026-09-13T05:50:00+05:30,2026-09-13 05:50:00,23.3,24.2,22.8,0,0,7.2,351,0,0,0,0,0.3,1258.5,97,0,0.2,27.3,74,29.7,1,351,0,1,1,22.2
2026-09-13T05:45:00+05:30,2026-09-13 05:45:00,23.3,24.2,22.8,0,0,7.2,351,0,0,0,0,0.3,1258.5,97,0,0.1,27.3,74,29.7,1,351,0,1,1,22.2
2026-09-13T05:40:00+05:30,2026-09-13 05:40:00,23.3,24.2,22.8,0,0,7.2,351,0,0,0,0,0.3,1258.5,97,0,0,27.3,74,29.7,1,351,0,1,1,22.2
2026-09-13T05:35:00+05:30,2026-09-13 05:35:00,23.3,24.2,22.8,0,0,7.2,351,0,0,0,0,0.3,1258.5,97,0,0,27.3,74,29.7,1,351,0,1,1,22.2
2026-09-13T05:30:00+05:30,2026-09-13 05:30:00,23.3,24.2,22.8,0,0,7.2,353,0,0,0,0,0.3,1258.5,97,0,0,27.3,74,29.7,1,319,0,1,1,22.2
2026-09-13T05:25:00+05:30,2026-09-13 05:25:00,23.3,24.2,22.8,0,0,7.2,319,0,0,0,0,0.3,1258.5,97,0,0,27.3,74,29.7,1,319,0,1,1,22.2
2026-09-13T05:20:00+05:30,2026-09-13 05:20:00,23.3,24.2,22.8,0,0,7.2,325,0,0,0,0,0.3,1258.5,97,0,0,27.3,74,29.7,1,355,0,1,1,22.2
2026-09-13T05:15:00+05:30,2026-09-13 05:15:00,23.2,24.1,22.7,0,0,7.2,355,0,0,0,0,0.3,1258.5,97,0,0,27.3,74,29.7,1,356,0,1,1,22.2
2026-09-13T05:10:00+05:30,2026-09-13 05:10:00,23.2,24.1,22.7,0,0,7.2,346,0,0,0,0,0.3,1258.5,97,0,0,27.3,74,29.7,1,346,0,1,1,22.2
2026-09-13T05:05:00+05:30,2026-09-13 05:05:00,23.3,24.2,22.8,0,0,7.2,11,0,0,0,0,0.3,1258.5,97,0,0,27.3,74,29.7,1,344,0,1,1,22.2
2026-09-13T05:00:00+05:30,2026-09-13 05:00:00,23.3,24.2,22.9,0,0,7.2,344,0,0,0,0,0.3,1258.5,98,0,0,27.3,74,29.7,1,345,0,1,1,22.2
2026-09-13T04:55:00+05:30,2026-09-13 04:55:00,23.3,24.2,22.8,0,0,7.2,344,0,0,0,0,0.3,1258.5,97,0,0,27.4,74,29.9,1,344,0,1,1,22.3
2026-09-13T04:50:00+05:30,2026-09-13 04:50:00,23.2,24.1,22.7,0,0,7.2,344,0,0,0,0,0.3,1258.5,97,0,0,27.3,74,29.7,1,344,0,1,1,22.2
2026-09-13T04:45:00+05:30,2026-09-13 04:45:00,23.3,24.2,22.8,0,1.8,7.2,344,0,0,0,0,0.3,1258.5,97,0,0,27.4,74,29.9,1,344,0,1,1,22.3
2026-09-13T04:40:00+05:30,2026-09-13 04:40:00,23.3,24.2,22.8,0,0,7.2,330,0,0,0,0,0.3,1258.5,97,0,0,27.4,74,29.9,1,330,0,1,1,22.3
2026-09-13T04:35:00+05:30,2026-09-13 04:35:00,23.4,24.3,22.9,0,0,7.2,300,0,0,0,0,0.3,1258.5,97,0,0,27.4,74,29.9,1,336,0,1,1,22.3
2026-09-13T04:30:00+05:30,2026-09-13 04:30:00,23.4,24.3,22.7,0,0,7.2,336,0,0,0,0,0.3,1258.5,96,0,0,27.4,74,29.9,1,336,0,1,1,22.3
2026-09-13T04:25:00+05:30,2026-09-13 04:25:00,23.4,24.3,22.7,0,0,7.2,337,0,0,0,0,0.3,1258.5,96,0,0,27.4,74,29.9,1,337,0,1,1,22.3
2026-09-13T04:20:00+05:30,2026-09-13 04:20:00,23.5,24.4,22.8,0,0,7.2,337,0,0,0,0,0.3,1258.5,96,0,0,27.4,74,29.9,1,329,0,1,1,22.3
2026-09-13T04:15:00+05:30,2026-09-13 04:15:00,23.6,24.5,22.9,0,0,7.2,322,0,0,0,0,0.3,1258.5,96,0,0,27.4,74,29.9,1,322,0,1,1,22.3
2026-09-13T04:10:00+05:30,2026-09-13 04:10:00,23.7,24.7,23,0,0,7.2,309,0,0,0,0,0.3,1258.5,96,0,0,27.4,74,29.9,1,342,0,1,1,22.3
2026-09-13T04:05:00+05:30,2026-09-13 04:05:00,23.7,24.6,22.9,0,0,7.2,344,0,0,0,0,0.3,1258.5,95,0,0,27.4,74,29.9,1,342,0,1,1,22.3
2026-09-13T04:00:00+05:30,2026-09-13 04:00:00,23.8,24.7,22.9,0,0,7.2,348,0,0,0,0,0.3,1258.5,95,0,0,27.5,74,30.2,1,348,0,1,1,22.4
2026-09-13T03:55:00+05:30,2026-09-13 03:55:00,23.8,24.7,22.9,0,0,7.2,348,0,0,0,0,0.3,1258.5,95,0,0,27.5,74,30.2,1,348,0,1,1,22.4
2026-09-13T03:50:00+05:30,2026-09-13 03:50:00,23.8,24.7,22.9,0,0,7.2,348,0,0,0,0,0.3,1258.5,95,0,0,27.5,74,30.2,1,348,0,1,1,22.4
2026-09-13T03:45:00+05:30,2026-09-13 03:45:00,23.9,24.8,22.9,0,0,7.2,348,0,0,0,0,0.3,1258.5,94,0,0,27.5,74,30.2,1,348,0,1,1,22.4
2026-09-13T03:40:00+05:30,2026-09-13 03:40:00,24,24.9,23,0,0,7.2,348,0,0,0,0,0.3,1258.5,94,0,0,27.5,74,30.2,1,348,0,1,1,22.4
2026-09-13T03:35:00+05:30,2026-09-13 03:35:00,24.1,25,23.1,0,0,7.2,348,0,0,0,0,0.3,1258.5,94,0,0,27.5,74,30.2,1,348,0,1,1,22.4
2026-09-13T03:30:00+05:30,2026-09-13 03:30:00,24.1,25,23.1,0,0,7.2,348,0,0,0,0,0.3,1258.5,94,0,0,27.5,73,30.1,1,348,0,1,1,22.2
2026-09-13T03:25:00+05:30,2026-09-13 03:25:00,24.1,25,22.9,0,0,7.2,348,0,0,0,0,0.3,1258.5,93,0,0,27.5,73,30.1,1,348,0,1,1,22.2
2026-09-13T03:20:00+05:30,2026-09-13 03:20:00,24.2,25.1,23,0,0,7.2,348,0,0,0,0,0.3,1258.5,93,0,0,27.5,73,30.1,1,348,0,1,1,22.2
2026-09-13T03:15:00+05:30,2026-09-13 03:15:00,24.2,25.1,23,0,0,7.2,348,0,0,0,0,0.3,1258.5,93,0,0,27.5,73,30.1,1,348,0,1,1,22.2
2026-09-13T03:10:00+05:30,2026-09-13 03:10:00,24.2,25.1,23,0,0,7.2,348,0,0,0,0,0.3,1258.5,93,0,0,27.5,73,30.1,1,348,0,1,1,22.2
2026-09-13T03:05:00+05:30,2026-09-13 03:05:00,24.3,25.2,22.9,0,0,7.2,348,0,0,0,0,0.3,1258.5,92,0,0,27.5,73,30.1,1,348,0,1,1,22.2
2026-09-13T03:00:00+05:30,2026-09-13 03:00:00,24.3,25.2,22.9,0,0,7.2,348,0,0,0,0,0.3,1258.5,92,0,0,27.5,73,30.1,1,348,0,1,1,22.2
2026-09-13T02:55:00+05:30,2026-09-13 02:55:00,24.3,25.1,22.7,0,0,7.2,323,0,0,0,0,0.3,1258.5,91,0,0,27.5,73,30.1,1,323,0,1,1,22.2
2026-09-13T02:50:00+05:30,2026-09-13 02:50:00,24.3,25.1,22.7,0,0,7.2,324,0,0,0,0,0.3,1258.5,91,0,0,27.5,73,30.1,1,324,0,1,1,22.2
2026-09-13T02:45:00+05:30,2026-09-13 02:45:00,24.4,25.3,22.8,0,0,7.2,323,0,0,0,0,0.3,1258.5,91,0,0,27.5,73,30.1,1,323,0,1,1,22.2
2026-09-13T02:40:00+05:30,2026-09-13 02:40:00,24.4,25.2,22.6,0,0,7.2,321,0,0,0,0,0.3,1258.5,90,0,0,27.5,73,30.1,1,327,0,1,1,22.2
2026-09-13T02:35:00+05:30,2026-09-13 02:35:00,24.4,25.2,22.6,0,0,7.2,332,0,0,0,0,0.3,1258.5,90,0,0,27.6,73,30.3,1,327,0,1,1,22.3
2026-09-13T02:30:00+05:30,2026-09-13 02:30:00,24.5,25.4,22.7,0,0,7.2,319,0,0,0,0,0.3,1258.5,90,0,0,27.6,73,30.3,1,310,0,1,1,22.3
2026-09-13T02:25:00+05:30,2026-09-13 02:25:00,24.4,25.2,22.6,0,0,7.2,316,0,0,0,0,0.3,1258.5,90,0,0,27.6,73,30.3,1,308,0,1,1,22.3
2026-09-13T02:20:00+05:30,2026-09-13 02:20:00,24.3,25.1,22.7,0,0,7.2,316,0,0,0,0,0.3,1258.5,91,0,0,27.6,73,30.3,1,343,0,1,1,22.3
2026-09-13T02:15:00+05:30,2026-09-13 02:15:00,24.3,25.1,22.7,0,0,7.2,316,0,0,0,0,0.3,1258.5,91,0,0,27.6,73,30.3,1,316,0,1,1,22.3
2026-09-13T02:10:00+05:30,2026-09-13 02:10:00,24.4,25.3,22.8,0,0,7.2,314,0,0,0,0,0.3,1258.5,91,0,0,27.6,73,30.3,1,314,0,1,1,22.3
2026-09-13T02:05:00+05:30,2026-09-13 02:05:00,24.4,25.3,22.8,0,0,7.2,314,0,0,0,0,0.3,1258.5,91,0,0,27.6,73,30.3,1,314,0,1,1,22.3
2026-09-13T02:00:00+05:30,2026-09-13 02:00:00,24.3,25.1,22.7,0,0,7.2,314,0,0,0,0,0.3,1258.5,91,0,0,27.6,73,30.3,1,314,0,1,1,22.3
2026-09-13T01:55:00+05:30,2026-09-13 01:55:00,24.2,25.1,22.7,0,0,7.2,347,0,0,0,0,0.3,1258.5,91,0,0,27.6,73,30.3,1,338,0,1,1,22.3
2026-09-13T01:50:00+05:30,2026-09-13 01:50:00,24.3,25.1,22.7,0,0,7.2,334,0,0,0,0,0.3,1258.5,91,0,0,27.6,73,30.3,1,341,0,1,1,22.3
2026-09-13T01:45:00+05:30,2026-09-13 01:45:00,24.4,25.3,22.8,0,1.8,7.2,350,0,0,0,0,0.3,1258.5,91,0,0,27.6,73,30.3,1,319,0,1,1,22.3
2026-09-13T01:40:00+05:30,2026-09-13 01:40:00,24.4,25.3,22.8,0,0,7.2,331,0,0,0,0,0.3,1258.5,91,0,0,27.6,73,30.3,1,307,0.3,1,1,22.3
2026-09-13T01:35:00+05:30,2026-09-13 01:35:00,24.4,25.3,22.8,1.4,3.5,7.2,331,0,0,0,0,0.3,1258.5,91,0,0,27.7,73,30.5,1,331,0,1,1,22.4
2026-09-13T01:30:00+05:30,2026-09-13 01:30:00,24.4,25.3,22.8,0,0,7.2,328,0,0,0,0,0.3,1258.5,91,0,0,27.6,73,30.3,1,328,0,1,1,22.3
2026-09-13T01:25:00+05:30,2026-09-13 01:25:00,24.4,25.3,22.8,0,0,7.2,321,0,0,0,0,0.3,1258.5,91,0,0,27.7,73,30.5,1,313,0,1,1,22.4
2026-09-13T01:20:00+05:30,2026-09-13 01:20:00,24.5,25.4,22.9,0,3.5,7.2,306,0,0,0,0,0.3,1258.5,91,0,0,27.7,73,30.5,1,300,0.6,1,1,22.4
2026-09-13T01:15:00+05:30,2026-09-13 01:15:00,24.4,25.3,22.8,0,3.5,7.2,306,0,0,0,0,0.3,1258.5,91,0,0,27.7,73,30.5,1,306,1.4,1,1,22.4
2026-09-13T01:10:00+05:30,2026-09-13 01:10:00,24.4,25.3,22.8,0,0,7.2,235,0,0,0,0,0.3,1258.5,91,0,0,27.7,73,30.5,1,307,2.1,1,1,22.4
2026-09-13T01:05:00+05:30,2026-09-13 01:05:00,24.5,25.4,22.9,1.8,5.5,7.2,260,0,0,0,0,0.3,1258.5,91,0,0,27.7,73,30.5,1,307,1.4,1,1,22.4
2026-09-13T01:00:00+05:30,2026-09-13 01:00:00,24.7,25.6,23,0,0,7.2,309,0,0,0,0,0.3,1258.5,90,0,0,27.7,73,30.5,1,307,0.3,1,1,22.4
2026-09-13T00:55:00+05:30,2026-09-13 00:55:00,24.7,25.6,23,0.6,1.8,7.2,333,0,0,0,0,0.3,1258.5,90,0,0,27.7,73,30.5,1,314,0.3,1,1,22.4
2026-09-13T00:50:00+05:30,2026-09-13 00:50:00,24.7,25.6,23,0.6,1.8,7.2,305,0,0,0,0,0.3,1258.5,90,0,0,27.7,73,30.5,1,315,0.3,1,1,22.4
2026-09-13T00:45:00+05:30,2026-09-13 00:45:00,24.7,25.6,23,0,3.5,7.2,319,0,0,0,0,0.3,1258.5,90,0,0,27.7,73,30.5,1,318,0,1,1,22.4
2026-09-13T00:40:00+05:30,2026-09-13 00:40:00,24.9,25.8,22.9,2.9,5.5,7.2,321,0,0,0,0,0.3,1258.5,89,0,0,27.7,73,30.5,1,313,0,1,1,22.4
2026-09-13T00:35:00+05:30,2026-09-13 00:35:00,24.9,25.8,22.9,0,0,7.2,319,0,0,0,0,0.3,1258.5,89,0,0,27.8,73,30.6,1,305,0,1,1,22.5
2026-09-13T00:30:00+05:30,2026-09-13 00:30:00,24.8,25.6,22.8,0,7.2,7.2,262,0,0,0,0,0.3,1258.5,89,0,0,27.8,73,30.6,1,332,0,1,1,22.5
2026-09-13T00:25:00+05:30,2026-09-13 00:25:00,24.8,25.6,22.8,0,1.8,7.2,296,0,0,0,0,0.3,1258.5,89,0,0,27.8,73,30.6,1,332,1.4,1,1,22.5
2026-09-13T00:20:00+05:30,2026-09-13 00:20:00,24.8,25.6,22.8,5.5,7.2,7.2,301,0,0,0,0,0.3,1258.5,89,0,0,27.8,73,30.6,1,309,1.4,1,1,22.5
2026-09-13T00:15:00+05:30,2026-09-13 00:15:00,24.9,25.7,22.8,3.5,7.2,7.2,293,0,0,0,0,0.3,1258.5,88,0,0,27.8,73,30.6,1,293,0.3,1,1,22.5
2026-09-13T00:10:00+05:30,2026-09-13 00:10:00,24.9,25.7,22.8,2.6,5.5,5.5,288,0,0,0,0,0.3,1258.5,88,0,0,27.8,73,30.6,1,323,0.3,1,1,22.5
2026-09-13T00:05:00+05:30,2026-09-13 00:05:00,25,25.9,22.9,0,0,5.5,329,0,0,0,0,0.3,1258.5,88,0,0,27.8,73,30.6,1,323,0.3,1,1,22.5
2026-09-13T00:00:00+05:30,2026-09-13 00:00:00,25.1,26,23,0,3.5,0,296,0,0,0,0,0.3,1258.5,88,0,0,27.9,73,30.8,1,305,0,1,1,22.6
2026-09-12T23:55:00+05:30,2026-09-12 23:55:00,25.1,26,23,0,0,23.8,308,0,0,0,0,0.3,1258.5,88,0,0,27.9,73,30.8,1,301,0,1,1,22.6
2026-09-12T23:50:00+05:30,2026-09-12 23:50:00,25.1,26,23,0,3.5,23.8,302,0,0,0,0,0.3,1258.5,88,0,0,27.9,73,30.8,1,293,0.3,1,1,22.6
2026-09-12T23:45:00+05:30,2026-09-12 23:45:00,25.1,26,23,1.1,3.5,23.8,218,0,0,0,0,0.3,1258.5,88,0,0,27.9,73,30.8,1,292,1.1,1,1,22.6
2026-09-12T23:40:00+05:30,2026-09-12 23:40:00,25.2,26.1,23.1,7.2,9.3,23.8,287,0,0,0,0,0.3,1258.5,88,0,0,27.9,73,30.8,1,298,0.3,1,1,22.6
2026-09-12T23:35:00+05:30,2026-09-12 23:35:00,25.2,26.1,23.1,0,0,23.8,305,0,0,0,0,0.3,1258.5,88,0,0,27.9,73,30.8,1,309,0.3,1,1,22.6
2026-09-12T23:30:00+05:30,2026-09-12 23:30:00,25.3,26.2,23.1,0.3,7.2,23.8,290,0,0,0,0,0.3,1258.5,88,0,0,27.9,73,30.8,1,282,0.3,1,1,22.6
2026-09-12T23:25:00+05:30,2026-09-12 23:25:00,25.4,26.3,23.3,0,1.8,23.8,282,0,0,0,0,0.3,1258.5,88,0,0,28,73,31.1,1,241,1.4,1,1,22.7
2026-09-12T23:20:00+05:30,2026-09-12 23:20:00,25.5,26.4,23.2,4.7,7.2,23.8,272,0,0,0,0,0.3,1258.5,87,0,0,28,73,31.1,1,292,2.6,1,1,22.7
2026-09-12T23:15:00+05:30,2026-09-12 23:15:00,25.5,26.4,23.2,4,5.5,23.8,295,0,0,0,0,0.3,1258.5,87,0,0,28,73,31.1,1,295,2.6,1,1,22.7
2026-09-12T23:10:00+05:30,2026-09-12 23:10:00,25.5,26.4,23.2,3.5,5.5,23.8,291,0,0,0,0,0.3,1258.5,87,0,0,28,73,31.1,1,295,2.1,1,1,22.7
2026-09-12T23:05:00+05:30,2026-09-12 23:05:00,25.5,26.4,23.4,1.8,7.2,23.8,291,0,0,0,0,0.3,1258.5,88,0,0,28,73,31.1,1,321,1.8,1,1,22.7
2026-09-12T23:00:00+05:30,2026-09-12 23:00:00,25.6,26.5,23.5,2.9,3.5,23.8,317,0,0,0,0,0.3,1258.5,88,0,0,28,73,31.1,1,321,1.4,1,1,22.7
2026-09-12T22:55:00+05:30,2026-09-12 22:55:00,25.6,26.5,23.3,0.6,3.5,23.8,318,0,0,0,0,0.3,1258.5,87,0,0,28,74,31.2,1,307,1.4,1,1,22.9
2026-09-12T22:50:00+05:30,2026-09-12 22:50:00,25.6,26.5,23.3,1.8,3.5,23.8,298,0,0,0,0,0.3,1258.5,87,0,0,28,73,31.1,1,305,0.3,1,1,22.7
2026-09-12T22:45:00+05:30,2026-09-12 22:45:00,25.7,26.6,23.4,1.4,1.8,23.8,306,0,0,0,0,0.3,1258.5,87,0,0,28.1,74,31.4,1,308,0,1,1,23
2026-09-12T22:40:00+05:30,2026-09-12 22:40:00,25.8,26.7,23.4,0,1.8,23.8,325,0,0,0,0,0.3,1258.5,87,0,0,28.1,73,31.3,1,307,0,1,1,22.8
2026-09-12T22:35:00+05:30,2026-09-12 22:35:00,25.8,26.7,23.4,0,0,23.8,301,0,0,0,0,0.3,1258.5,87,0,0,28.1,74,31.4,1,307,0,1,1,23
2026-09-12T22:30:00+05:30,2026-09-12 22:30:00,25.8,26.7,23.4,0,0,23.8,308,0,0,0,0,0.3,1258.5,87,0,0,28.1,74,31.4,1,289,1.4,1,1,23
2026-09-12T22:25:00+05:30,2026-09-12 22:25:00,25.8,26.7,23.4,2.1,3.5,23.8,303,0,0,0,0,0.3,1258.5,87,0,0,28.1,74,31.4,1,296,1.4,1,1,23
2026-09-12T22:20:00+05:30,2026-09-12 22:20:00,25.7,26.6,23.4,1.4,3.5,23.8,305,0,0,0,0,0.3,1258.5,87,0,0,28.1,74,31.4,1,316,0.6,1,1,23
2026-09-12T22:15:00+05:30,2026-09-12 22:15:00,25.7,26.6,23.4,0,7.2,23.8,317,0,0,0,0,0.3,1258.5,87,0,0,28.1,74,31.4,1,292,0,1,1,23
2026-09-12T22:10:00+05:30,2026-09-12 22:10:00,25.8,26.7,23.6,0,0,23.8,284,0,0,0,0,0.3,1258.5,88,0,0,28.1,74,31.4,1,284,0,1,1,23
2026-09-12T22:05:00+05:30,2026-09-12 22:05:00,25.8,26.7,23.6,1.4,1.8,23.8,253,0,0,0,0,0.3,1258.5,88,0,0,28.1,74,31.4,1,315,0,1,1,23
2026-09-12T22:00:00+05:30,2026-09-12 22:00:00,25.8,26.7,23.6,1.4,3.5,23.8,150,0,0,0,0,0.3,1258.5,88,0,0,28.2,74,31.7,1,315,0,1,1,23.1
2026-09-12T21:55:00+05:30,2026-09-12 21:55:00,25.7,26.7,23.8,0,0,23.8,309,0,0,0,0,0.3,1258.5,89,0,0,28.2,74,31.7,1,307,0,1,1,23.1
2026-09-12T21:50:00+05:30,2026-09-12 21:50:00,25.7,26.7,23.8,1.8,1.8,23.8,284,0,0,0,0,0.3,1258.5,89,0,0,28.2,74,31.7,1,322,0,1,1,23.1
2026-09-12T21:45:00+05:30,2026-09-12 21:45:00,25.7,26.7,23.8,0,0,23.8,326,0,0,0,0,0.3,1258.5,89,0,0,28.2,74,31.7,1,319,0,1,1,23.1
2026-09-12T21:40:00+05:30,2026-09-12 21:40:00,25.7,26.7,23.8,0,0,23.8,313,0,0,0,0,0.3,1258.5,89,0,0,28.2,74,31.7,1,313,0,1,1,23.1
2026-09-12T21:35:00+05:30,2026-09-12 21:35:00,25.6,26.6,23.7,0,1.8,23.8,331,0,0,0,0,0.3,1258.5,89,0,0,28.2,74,31.7,1,322,0,1,1,23.1
2026-09-12T21:30:00+05:30,2026-09-12 21:30:00,25.6,26.6,23.8,1.8,1.8,23.8,330,0,0,0,0,0.3,1258.5,90,0,0,28.2,74,31.7,1,313,0,1,1,23.1
2026-09-12T21:25:00+05:30,2026-09-12 21:25:00,25.5,26.5,23.7,0,0,23.8,328,0,0,0,0,0.3,1258.5,90,0,0,28.3,74,31.8,1,338,0,1,1,23.2
2026-09-12T21:20:00+05:30,2026-09-12 21:20:00,25.5,26.5,23.9,0,0,23.8,338,0,0,0,0,0.3,1258.5,91,0,0,28.3,74,31.8,1,338,0,1,1,23.2
2026-09-12T21:15:00+05:30,2026-09-12 21:15:00,25.6,26.6,23.8,0,0,23.8,338,0,0,0,0,0.3,1258.5,90,0,0,28.3,74,31.8,1,338,0,1,1,23.2
2026-09-12T21:10:00+05:30,2026-09-12 21:10:00,25.7,26.7,24,0,0,23.8,337,0,0,0,0,0.3,1258.5,90,0,0,28.3,74,31.8,1,337,0,1,1,23.2
2026-09-12T21:05:00+05:30,2026-09-12 21:05:00,25.6,26.6,24,0,0,23.8,318,0,0,0,0,0.3,1258.5,91,0,0,28.3,74,31.8,1,330,0,1,1,23.2
2026-09-12T21:00:00+05:30,2026-09-12 21:00:00,25.6,26.6,24,0,0,23.8,335,0,0,0,0,0.3,1258.5,91,0,0,28.3,74,31.8,1,334,0,1,1,23.2
2026-09-12T20:55:00+05:30,2026-09-12 20:55:00,25.7,26.7,24.1,0,0,23.8,334,0,0,0,0,0.3,1258.5,91,0,0,28.3,74,31.8,1,334,0,1,1,23.2
2026-09-12T20:50:00+05:30,2026-09-12 20:50:00,25.7,26.7,24.1,0,1.8,23.8,337,0,0,0,0,0.3,1258.5,91,0,0,28.3,74,31.8,1,338,0,1,1,23.2
2026-09-12T20:45:00+05:30,2026-09-12 20:45:00,25.8,26.8,24,0,0,23.8,332,0,0,0,0,0.3,1258.5,90,0,0,28.4,74,32.1,1,331,0,1,1,23.3
2026-09-12T20:40:00+05:30,2026-09-12 20:40:00,25.9,26.9,24.1,0,3.5,23.8,310,0,0,0,0,0.3,1258.5,90,0,0,28.3,73,31.7,1,320,0,1,1,22.9
2026-09-12T20:35:00+05:30,2026-09-12 20:35:00,26,27,24.2,0,3.5,23.8,312,0,0,0,0,0.3,1258.5,90,0,0,28.4,73,31.9,1,320,0,1,1,23.1
2026-09-12T20:30:00+05:30,2026-09-12 20:30:00,25.9,26.9,24.1,1.4,1.8,23.8,291,0,0,0,0,0.3,1258.5,90,0,0,28.4,73,31.9,1,291,0.3,1,1,23.1
2026-09-12T20:25:00+05:30,2026-09-12 20:25:00,26,27,24,2.9,5.5,23.8,294,0,0,0,0,0.3,1258.5,89,0,0,28.4,73,31.9,1,294,1.4,1,1,23.1
2026-09-12T20:20:00+05:30,2026-09-12 20:20:00,26,27,24.2,2.6,3.5,23.8,300,0,0,0,0,0.3,1258.5,90,0,0,28.4,73,31.9,1,316,1.4,1,1,23.1
2026-09-12T20:15:00+05:30,2026-09-12 20:15:00,26,27,24.2,0.3,3.5,23.8,315,0,0,0,0,0.3,1258.5,90,0,0,28.4,73,31.9,1,314,0.3,1,1,23.1
2026-09-12T20:10:00+05:30,2026-09-12 20:10:00,26,27,24.2,2.9,5.5,23.8,311,0,0,0,0,0.3,1258.5,90,0,0,28.4,73,31.9,1,343,0,1,1,23.1
2026-09-12T20:05:00+05:30,2026-09-12 20:05:00,26,27,24.2,0,0,23.8,317,0,0,0,0,0.3,1258.5,90,0,0,28.4,73,31.9,1,344,0,1,1,23.1
2026-09-12T20:00:00+05:30,2026-09-12 20:00:00,26,27,24.2,0,1.8,23.8,344,0,0,0,0,0.3,1258.5,90,0,0,28.4,73,31.9,1,319,0,1,1,23.1
2026-09-12T19:55:00+05:30,2026-09-12 19:55:00,26,27,24.2,2.1,3.5,23.8,275,0,0,0,0,0.3,1258.5,90,0,0,28.4,73,31.9,1,275,2.1,1,1,23.1
2026-09-12T19:50:00+05:30,2026-09-12 19:50:00,25.9,26.9,24.1,3.2,5.5,23.8,329,0,0,0,0,0.3,1258.5,90,0,0,28.5,73,32.2,1,287,3.2,1,1,23.2
2026-09-12T19:45:00+05:30,2026-09-12 19:45:00,25.8,26.8,24.2,0,5.5,23.8,252,0,0,0,0,0.3,1258.5,91,0,0,28.4,73,31.9,1,354,0,1,1,23.1
2026-09-12T19:40:00+05:30,2026-09-12 19:40:00,25.5,26.5,24.3,0,0,23.8,311,0,0,0,0,0.3,1258.5,93,0,0,28.5,73,32.2,1,354,0,1,1,23.2
2026-09-12T19:35:00+05:30,2026-09-12 19:35:00,25.4,26.4,24.2,0,0,23.8,354,0,0,0,0,0.3,1258.5,93,0,0,28.5,73,32.2,1,354,0,1,1,23.2
2026-09-12T19:30:00+05:30,2026-09-12 19:30:00,25.4,26.4,24.2,0,0,23.8,354,0,0,0,0,0.3,1258.5,93,0,0,28.5,73,32.2,1,354,0,1,1,23.2
2026-09-12T19:25:00+05:30,2026-09-12 19:25:00,25.3,26.3,24.1,0,0,23.8,355,0,0,0,0,0.3,1258.5,93,0,0,28.5,73,32.2,1,355,0,1,1,23.2
2026-09-12T19:20:00+05:30,2026-09-12 19:20:00,25.2,26.2,24,0,0,23.8,355,0,0,0,0,0.3,1258.5,93,0,0,28.5,72,32,1,355,0,1,1,22.9
2026-09-12T19:15:00+05:30,2026-09-12 19:15:00,25.1,26.1,23.9,0,0,23.8,355,0,0,0,0,0.3,1258.5,93,0,0,28.5,72,32,1,355,0,1,1,22.9
2026-09-12T19:10:00+05:30,2026-09-12 19:10:00,25.1,26.1,24.1,0,0,23.8,355,0,0,0,0,0.3,1258.5,94,0,0,28.5,72,32,1,355,0,1,1,22.9
2026-09-12T19:05:00+05:30,2026-09-12 19:05:00,25,26,24,0,1.8,23.8,355,0,0,0,0,0.3,1258.5,94,0,0,28.5,72,32,1,349,0,1,1,22.9
2026-09-12T19:00:00+05:30,2026-09-12 19:00:00,25,26,23.8,2.1,3.5,23.8,23,0,0,0,0,0.3,1258.5,93,0,0,28.6,72,32.2,1,346,0,1,1,23.1
2026-09-12T18:55:00+05:30,2026-09-12 18:55:00,25,26,23.8,0,0,23.8,341,0,0,0,0,0.3,1258.5,93,0,0,28.6,72,32.2,1,341,0,1,1,23.1
2026-09-12T18:50:00+05:30,2026-09-12 18:50:00,25,26,23.8,0,0,23.8,7,0,0,0,0,0.3,1258.5,93,0,0,28.6,72,32.2,1,344,0,1,1,23.1
2026-09-12T18:45:00+05:30,2026-09-12 18:45:00,25,26,23.8,0,0,23.8,348,0,0,0,0,0.3,1258.5,93,0,0,28.6,72,32.2,1,354,0,1,1,23.1
2026-09-12T18:40:00+05:30,2026-09-12 18:40:00,25,26,23.8,0,0,23.8,348,0,0,0,0,0.3,1258.5,93,0,0,28.7,72,32.5,1,354,0,1,1,23.2
2026-09-12T18:35:00+05:30,2026-09-12 18:35:00,24.9,25.8,23.5,0.3,1.8,23.8,2,0,0,0,0,0.3,1258.5,92,0,0,28.7,72,32.5,1,340,0,1,1,23.2
2026-09-12T18:30:00+05:30,2026-09-12 18:30:00,24.9,25.8,23.5,0,0,23.8,345,0,0,0,0,0.3,1258.5,92,0,0,28.7,71,32.3,1,347,0,1,1,22.9
2026-09-12T18:25:00+05:30,2026-09-12 18:25:00,24.9,25.8,23.5,0,0,23.8,353,0,0,0,0,0.3,1258.5,92,0,0,28.8,71,32.4,1,337,0,1,1,23
2026-09-12T18:20:00+05:30,2026-09-12 18:20:00,25,26,23.6,0,0,23.8,353,0,0,0,0,0.3,1258.5,92,0,0.1,28.8,71,32.4,1,357,0,1,1,23
2026-09-12T18:15:00+05:30,2026-09-12 18:15:00,25,26,23.6,0,0,23.8,350,0,0,0,0,0.3,1258.5,92,0,0.3,28.8,71,32.4,1,350,0,1,1,23
2026-09-12T18:10:00+05:30,2026-09-12 18:10:00,25.1,26.1,23.5,0,0,23.8,350,0,0,0,0,0.3,1258.5,91,0,1.1,28.9,71,32.7,1,351,0,1,1,23.1
2026-09-12T18:05:00+05:30,2026-09-12 18:05:00,25.2,26.2,23.5,0,0,23.8,351,0,0,0,0,0.3,1258.5,90,0,3.8,28.9,71,32.7,1,351,0,1,1,23.1
2026-09-12T18:00:00+05:30,2026-09-12 18:00:00,25.3,26.2,23.7,0,0,23.8,350,0,0,0,0,0.3,1258.5,91,0,7.2,28.9,71,32.7,1,350,0,1,1,23.1
2026-09-12T17:55:00+05:30,2026-09-12 17:55:00,25.3,26.3,23.9,0,0,23.8,351,0,0,0,0,0.3,1258.5,92,0,12.1,29,70,32.7,1,351,0,1,1,22.9
2026-09-12T17:50:00+05:30,2026-09-12 17:50:00,25.3,26.2,23.7,0,0,23.8,351,0,0,0,0,0.3,1258.5,91,0,17.8,29,70,32.7,1,351,0,1,1,22.9
2026-09-12T17:45:00+05:30,2026-09-12 17:45:00,25.3,26.2,23.7,0.3,1.8,23.8,352,0,0,0,0,0.3,1258.5,91,0,21.1,29,70,32.7,1,351,0,1,1,22.9
2026-09-12T17:40:00+05:30,2026-09-12 17:40:00,25.3,26.2,23.5,0,0,23.8,351,0,0,0,0,0.3,1258.5,90,0,22.8,29,70,32.7,1,351,0,1,1,22.9
2026-09-12T17:35:00+05:30,2026-09-12 17:35:00,25.4,26.3,23.6,0,0,23.8,351,0,0,0,0,0.3,1258.5,90,0,19.9,29.1,70,32.9,1,351,0,1,1,23.1
2026-09-12T17:30:00+05:30,2026-09-12 17:30:00,25.4,26.4,23.8,0,0,23.8,351,0,0,0,0,0.3,1258.5,91,0,18.4,29.1,70,32.9,1,351,0,1,1,23.1
2026-09-12T17:25:00+05:30,2026-09-12 17:25:00,25.3,26.2,23.5,0,0,23.8,329,0,0,0,0,0.3,1258.5,90,0,17.1,29.2,70,33.2,1,329,0,1,1,23.2
2026-09-12T17:20:00+05:30,2026-09-12 17:20:00,25.1,26.1,23.5,0,1.8,23.8,335,0,0,0,0,0.3,1258.5,91,0,13.9,29.2,69,33,1,338,0,1,1,22.9
2026-09-12T17:15:00+05:30,2026-09-12 17:15:00,24.8,25.7,23.4,0,0,23.8,323,0,0,0,0,0.3,1258.5,92,0,9.8,29.3,69,33.2,1,338,0,1,1,23
2026-09-12T17:10:00+05:30,2026-09-12 17:10:00,24.8,25.7,23.4,0,0,23.8,331,0,0,0,0,0.3,1258.5,92,0,8.4,29.3,69,33.2,1,10,0,1,1,23
2026-09-12T17:05:00+05:30,2026-09-12 17:05:00,24.8,25.7,23.2,1.1,3.5,23.8,6,0,0,0,0,0.3,1258.5,91,0,9.8,29.4,69,33.4,1,10,1.4,1,1,23.1
2026-09-12T17:00:00+05:30,2026-09-12 17:00:00,24.9,25.8,23.1,3.5,5.5,23.8,356,0,0,0,0,0.3,1258.5,90,0,10.4,29.5,68,33.4,1,3,1.4,1,1,22.9
2026-09-12T16:55:00+05:30,2026-09-12 16:55:00,25.3,26.2,23.3,1.8,5.5,23.8,22,0,0,0,0,0.3,1258.5,89,0,9.6,29.5,68,33.4,1,43,1.1,1,1,22.9
2026-09-12T16:50:00+05:30,2026-09-12 16:50:00,25.4,26.3,23.1,1.1,5.5,23.8,27,0,0,0,0,0.3,1258.5,87,0,13.5,29.6,68,33.7,1,27,1.4,1,1,23.1
2026-09-12T16:45:00+05:30,2026-09-12 16:45:00,26,26.8,23.1,0,5.5,23.8,3,0,0,0,0,0.3,1258.5,84,0,9.7,29.7,68,33.9,1,14,2.1,1,1,23.2
2026-09-12T16:40:00+05:30,2026-09-12 16:40:00,26.7,29.3,23.4,0,0,23.8,339,0,0,0,0,0.3,1258.5,82,0,7.8,29.8,67,33.8,1,339,1.1,1,1,23
2026-09-12T16:35:00+05:30,2026-09-12 16:35:00,27.4,30.4,23.2,0.3,3.5,23.8,352,0,0,0,0,0.3,1258.5,78,0,4.8,29.9,67,34.1,1,5,1.1,1,1,23.1
2026-09-12T16:30:00+05:30,2026-09-12 16:30:00,27.8,31,23.1,1.1,3.5,23.8,335,0,0,0,0,0.3,1258.5,76,0,5.6,30,67,34.3,1,2,1.4,1,1,23.2
2026-09-12T16:25:00+05:30,2026-09-12 16:25:00,28.6,32.4,23.3,0.3,7.2,23.8,23,0,0,0,0,0.3,1258.5,73,0,5,30.1,68,34.8,1,200,0.3,1,1,23.6
2026-09-12T16:20:00+05:30,2026-09-12 16:20:00,29,33.5,23.9,0,0,23.8,15,0,0,0,0,0.3,1258.5,74,0,7.4,30.2,68,35.1,1,354,0,1,1,23.7
2026-09-12T16:15:00+05:30,2026-09-12 16:15:00,29.4,34.2,24,0.3,1.8,23.8,286,0,0,0,0,0.3,1258.5,73,0,17.8,30.3,67,34.9,1,286,2.9,1,1,23.4
2026-09-12T16:10:00+05:30,2026-09-12 16:10:00,29.4,34.2,24,3.2,7.2,23.8,1,0,0,0,0,0.3,1258.5,73,0,37.4,30.3,67,34.9,1,289,2.9,1,1,23.4
2026-09-12T16:05:00+05:30,2026-09-12 16:05:00,29.8,35,24.2,0.3,3.5,23.8,297,0,0,0,0,0.3,1258.5,72,0,86.6,30.4,67,35.2,1,274,3.2,1,1,23.6
2026-09-12T16:00:00+05:30,2026-09-12 16:00:00,29.5,34.5,24.1,2.1,20.1,23.8,306,0,0,0,0,0.3,1258.5,73,1,136.8,30.5,67,35.5,1,277,6.4,1,1,23.7
2026-09-12T15:55:00+05:30,2026-09-12 15:55:00,29.7,34.8,24.1,4.3,11.1,23.8,253,0,0,0,0,0.3,1258.5,72,1,138.5,30.5,67,35.5,1,288,6.4,1,1,23.7
2026-09-12T15:50:00+05:30,2026-09-12 15:50:00,30.1,35.6,24.3,3.5,11.1,23.8,263,0,0,0,0,0.3,1258.5,71,1,169.8,30.6,67,35.8,1,272,4,1,1,23.8
2026-09-12T15:45:00+05:30,2026-09-12 15:45:00,30.9,37.6,25,9.3,21.9,23.8,267,0,0,0,0,0.3,1258.5,71,1,168.4,30.7,67,36.1,1,270,3.5,1,1,23.9
2026-09-12T15:40:00+05:30,2026-09-12 15:40:00,31,37.3,24.6,0.6,3.5,21.9,143,0,0,0,0,0.3,1258.5,69,3,362.7,30.6,67,35.8,1,277,4.3,1,1,23.8
2026-09-12T15:35:00+05:30,2026-09-12 15:35:00,31.4,37.7,24.5,6.9,16.6,21.9,322,0,0,0,0,0.3,1258.5,67,2,214.6,30.7,67,36.1,1,322,4.7,1,1,23.9
2026-09-12T15:30:00+05:30,2026-09-12 15:30:00,31.3,37.7,24.6,2.9,9.3,21.9,259,0,0,0,0,0.3,1258.5,68,2,266.4,30.7,67,36.1,1,272,6.1,1,1,23.9
2026-09-12T15:25:00+05:30,2026-09-12 15:25:00,32.3,39.4,24.8,6.1,11.1,21.9,128,0,0,0,0,0.3,1258.5,65,4,452.3,30.7,67,36.1,1,288,6.4,1,1,23.9
2026-09-12T15:20:00+05:30,2026-09-12 15:20:00,31.8,38.4,24.6,15.4,20.1,21.9,293,0,0,0,0,0.3,1258.5,66,4,482,30.7,67,36.1,1,288,6.4,1,1,23.9
2026-09-12T15:15:00+05:30,2026-09-12 15:15:00,32.2,38.9,24.5,3.5,13,21.9,315,0,0,0,0,0.3,1258.5,64,4,473.3,30.6,67,35.8,1,286,6.1,1,1,23.8
2026-09-12T15:10:00+05:30,2026-09-12 15:10:00,32,38.7,24.6,8.7,18.3,21.9,247,0,0,0,0,0.3,1258.5,65,4,483.1,30.6,67,35.8,1,262,7.2,1,1,23.8
2026-09-12T15:05:00+05:30,2026-09-12 15:05:00,31.4,37.4,24.3,3.2,13,21.9,232,0,0,0,0,0.3,1258.5,66,3,325.3,30.6,67,35.8,1,272,7.9,1,1,23.8
2026-09-12T15:00:00+05:30,2026-09-12 15:00:00,31.6,38,24.5,13.4,16.6,21.9,275,0,0,0,0,0.3,1258.5,66,5,525.3,30.6,66,35.5,1,312,8.7,1,1,23.5
2026-09-12T14:55:00+05:30,2026-09-12 14:55:00,31.7,38.3,24.6,7.6,20.1,21.9,321,0,0,0,0,0.3,1258.5,66,4,511.4,30.6,67,35.8,1,290,5.5,1,1,23.8
2026-09-12T14:50:00+05:30,2026-09-12 14:50:00,33.3,40.6,24.7,1.4,11.1,21.9,287,0,0,0,0,0.3,1258.5,61,5,582.9,30.6,67,35.8,1,295,4,1,1,23.8
2026-09-12T14:45:00+05:30,2026-09-12 14:45:00,31.9,37.7,23.9,4,9.3,21.9,169,0,0,0,0,0.3,1258.5,63,5,547,30.5,67,35.5,1,308,4,1,1,23.7
2026-09-12T14:40:00+05:30,2026-09-12 14:40:00,32.9,40,24.6,14,18.3,21.9,276,0,0,0,0,0.3,1258.5,62,5,563.8,30.5,67,35.5,1,301,4.3,1,1,23.7
2026-09-12T14:35:00+05:30,2026-09-12 14:35:00,32.1,38.6,24.4,5.5,11.1,21.9,295,0,0,0,0,0.3,1258.5,64,5,556.7,30.4,67,35.2,1,301,6.1,1,1,23.6
2026-09-12T14:30:00+05:30,2026-09-12 14:30:00,32,38.3,24.3,0,11.1,21.9,308,0,0,0,0,0.3,1258.5,64,5,560.1,30.4,67,35.2,1,277,5.8,1,1,23.6
2026-09-12T14:25:00+05:30,2026-09-12 14:25:00,32.6,39.6,24.6,4.3,5.5,21.9,272,0,0,0,0,0.3,1258.5,63,5,589.1,30.4,66,35,1,292,5.5,1,1,23.3
2026-09-12T14:20:00+05:30,2026-09-12 14:20:00,32.2,38.9,24.5,3.2,7.2,21.9,315,0,0,0,0,0.3,1258.5,64,6,633.3,30.3,66,34.7,1,313,4.7,1,1,23.2
2026-09-12T14:15:00+05:30,2026-09-12 14:15:00,32.2,38.2,24,4.7,7.2,21.9,260,0,0,0,0,0.3,1258.5,62,6,619.6,30.3,66,34.7,1,277,6.1,1,1,23.2
2026-09-12T14:10:00+05:30,2026-09-12 14:10:00,32.1,37.6,23.6,10.8,13,21.9,276,0,0,0,0,0.3,1258.5,61,6,631.1,30.2,66,34.6,1,271,7.6,1,1,23.2
2026-09-12T14:05:00+05:30,2026-09-12 14:05:00,32,37.7,23.8,1.8,9.3,21.9,289,0,0,0,0,0.3,1258.5,62,6,669.7,30.2,66,34.6,1,273,7.6,1,1,23.2
2026-09-12T14:00:00+05:30,2026-09-12 14:00:00,32.2,38.2,24,1.8,20.1,21.9,319,0,0,0,0,0.3,1258.5,62,6,706.6,30.2,66,34.6,1,275,2.9,1,1,23.2
2026-09-12T13:55:00+05:30,2026-09-12 13:55:00,32.9,39.2,24.1,4.7,16.6,21.9,133,0,0,0,0,0.3,1258.5,60,2,304.4,30.2,66,34.6,1,346,2.9,1,1,23.2
2026-09-12T13:50:00+05:30,2026-09-12 13:50:00,32.7,38.1,23.4,1.1,5.5,21.9,253,0,0,0,0,0.3,1258.5,58,1,185.8,30.1,66,34.3,1,282,6.1,1,1,23.1
2026-09-12T13:45:00+05:30,2026-09-12 13:45:00,32.2,37.6,23.5,13.4,16.6,21.9,280,0,0,0,0,0.3,1258.5,60,6,672.7,30.1,67,34.6,1,286,4.3,1,1,23.3
2026-09-12T13:40:00+05:30,2026-09-12 13:40:00,33.1,38.7,23.4,4.3,7.2,20.1,269,0,0,0,0,0.3,1258.5,57,6,662.9,30.1,67,34.6,1,322,4,1,1,23.3
2026-09-12T13:35:00+05:30,2026-09-12 13:35:00,32.3,37.4,23.2,2.9,9.3,20.1,318,0,0,0,0,0.3,1258.5,59,6,676.5,30,67,34.3,1,291,5,1,1,23.2
2026-09-12T13:30:00+05:30,2026-09-12 13:30:00,32.2,37.6,23.5,8.7,16.6,20.1,273,0,0,0,0,0.3,1258.5,60,6,684.9,30,67,34.3,1,296,6.4,1,1,23.2
2026-09-12T13:25:00+05:30,2026-09-12 13:25:00,31.6,36.8,23.4,2.1,13,20.1,223,0,0,0,0,0.3,1258.5,62,6,696.4,29.9,67,34.1,1,292,8.2,1,1,23.1
2026-09-12T13:20:00+05:30,2026-09-12 13:20:00,31,35.9,23.4,3.5,13,20.1,325,0,0,0,0,0.3,1258.5,64,7,730,29.9,67,34.1,1,287,6.1,1,1,23.1
2026-09-12T13:15:00+05:30,2026-09-12 13:15:00,31.8,36.9,23.3,5,9.3,20.1,299,0,0,0,0,0.3,1258.5,61,1,138.7,29.8,67,33.8,1,299,6.1,1,1,23
2026-09-12T13:10:00+05:30,2026-09-12 13:10:00,31.2,35.9,23.1,6.1,9.3,20.1,192,0,0,0,0,0.3,1258.5,62,7,746.2,29.8,67,33.8,1,290,6.1,1,1,23
2026-09-12T13:05:00+05:30,2026-09-12 13:05:00,31.8,36.3,22.8,5.8,9.3,20.1,311,0,0,0,0,0.3,1258.5,59,7,774.2,29.8,67,33.8,1,307,5.5,1,1,23
2026-09-12T13:00:00+05:30,2026-09-12 13:00:00,31.8,36.6,23,1.1,11.1,20.1,309,0,0,0,0,0.3,1258.5,60,7,750.3,29.8,68,34.1,1,309,5.5,1,1,23.2
2026-09-12T12:55:00+05:30,2026-09-12 12:55:00,30.9,35.4,23,3.5,9.3,20.1,174,0,0,0,0,0.3,1258.5,63,7,783,29.7,68,33.9,1,272,3.5,1,1,23.2
2026-09-12T12:50:00+05:30,2026-09-12 12:50:00,32.5,38.3,23.7,0,1.8,20.1,305,0,0,0,0,0.3,1258.5,60,1,131.3,29.7,68,33.9,1,287,2.6,1,1,23.2
2026-09-12T12:45:00+05:30,2026-09-12 12:45:00,31.8,36.6,23,6.4,11.1,20.1,294,0,0,0,0,0.3,1258.5,60,7,788.2,29.7,68,33.9,1,294,3.5,1,1,23.2
2026-09-12T12:40:00+05:30,2026-09-12 12:40:00,31.7,36.7,23.3,8.7,13,20.1,310,0,0,0,0,0.3,1258.5,61,7,780,29.6,68,33.7,1,281,4.7,1,1,23.1
2026-09-12T12:35:00+05:30,2026-09-12 12:35:00,31.7,37,23.5,7.9,13,20.1,291,0,0,0,0,0.3,1258.5,62,8,839.9,29.6,68,33.7,1,285,3.2,1,1,23.1
2026-09-12T12:30:00+05:30,2026-09-12 12:30:00,32.2,37.9,23.7,3.2,7.2,20.1,324,0,0,0,0,0.3,1258.5,61,2,227.2,29.5,68,33.4,1,324,1.8,1,1,22.9
2026-09-12T12:25:00+05:30,2026-09-12 12:25:00,32.2,37.6,23.5,0,3.5,20.1,320,0,0,0,0,0.3,1258.5,60,8,833.4,29.4,68,33.2,1,326,1.8,1,1,22.8
2026-09-12T12:20:00+05:30,2026-09-12 12:20:00,31.5,36.8,23.6,2.9,3.5,20.1,333,0,0,0,0,0.3,1258.5,63,2,255.3,29.4,69,33.4,1,327,2.9,1,1,23.1
2026-09-12T12:15:00+05:30,2026-09-12 12:15:00,31.5,36.8,23.6,13.4,18.3,20.1,256,0,0,0,0,0.3,1258.5,63,7,800,29.4,69,33.4,1,256,2.1,1,1,23.1
2026-09-12T12:10:00+05:30,2026-09-12 12:10:00,31.3,36.3,23.4,0,3.5,20.1,353,0,0,0,0,0.3,1258.5,63,7,769.3,29.3,69,33.2,1,331,4,1,1,23
2026-09-12T12:05:00+05:30,2026-09-12 12:05:00,30.7,35.2,23.1,4,13,20.1,359,0,0,0,0,0.3,1258.5,64,7,795.3,29.2,69,33,1,297,5.5,1,1,22.9
2026-09-12T12:00:00+05:30,2026-09-12 12:00:00,30.3,35,23.5,0,7.2,20.1,344,0,0,0,0,0.3,1258.5,67,7,808.1,29.2,69,33,1,268,6.4,1,1,22.9
2026-09-12T11:55:00+05:30,2026-09-12 11:55:00,30.4,35.2,23.6,9.3,18.3,20.1,276,0,0,0,0,0.3,1258.5,67,6,647,29.1,69,32.8,1,277,4,1,1,22.8
2026-09-12T11:50:00+05:30,2026-09-12 11:50:00,30.9,35.9,23.5,2.9,11.1,16.6,304,0,0,0,0,0.3,1258.5,65,8,898.3,29.1,69,32.8,1,311,4,1,1,22.8
2026-09-12T11:45:00+05:30,2026-09-12 11:45:00,30.2,34.1,22.6,0,11.1,16.6,283,0,0,0,0,0.3,1258.5,64,8,887.2,29,69,32.6,1,267,5.5,1,1,22.7
2026-09-12T11:40:00+05:30,2026-09-12 11:40:00,30.3,35,23.5,14,16.6,16.6,273,0,0,0,0,0.3,1258.5,67,4,438.4,29,69,32.6,1,273,5.5,1,1,22.7
2026-09-12T11:35:00+05:30,2026-09-12 11:35:00,30.7,35.5,23.4,8.7,11.1,16.6,335,0,0,0,0,0.3,1258.5,65,8,843.1,28.9,69,32.3,1,257,2.6,1,1,22.6
2026-09-12T11:30:00+05:30,2026-09-12 11:30:00,30.8,35.9,23.7,8.7,11.1,16.6,278,0,0,0,0,0.3,1258.5,66,1,151.7,28.8,69,32.1,1,289,1.8,1,1,22.5
2026-09-12T11:25:00+05:30,2026-09-12 11:25:00,29.8,34.5,23.7,1.8,7.2,16.6,86,0,0,0,0,0.3,1258.5,70,7,793.4,28.8,70,32.2,1,294,6.4,1,1,22.7
2026-09-12T11:20:00+05:30,2026-09-12 11:20:00,28.9,32.7,23.1,6.4,13,16.6,277,0,0,0,0,0.3,1258.5,71,8,844.5,28.7,70,32.1,1,277,7.2,1,1,22.7
2026-09-12T11:15:00+05:30,2026-09-12 11:15:00,29.6,34.3,23.8,4,14.8,16.6,257,0,0,0,0,0.3,1258.5,71,7,794.1,28.7,70,32.1,1,294,3.5,1,1,22.7
2026-09-12T11:10:00+05:30,2026-09-12 11:10:00,30.9,35.9,23.5,6.4,9.3,14.8,290,0,0,0,0,0.3,1258.5,65,2,218.4,28.7,70,32.1,1,309,2.9,1,1,22.7
2026-09-12T11:05:00+05:30,2026-09-12 11:05:00,30.3,35,23.5,9.3,14.8,14.8,297,0,0,0,0,0.3,1258.5,67,7,731.3,28.6,70,31.9,1,286,1.4,1,1,22.6
2026-09-12T11:00:00+05:30,2026-09-12 11:00:00,30.5,35.5,23.7,2.1,5.5,14.8,290,0,0,0,0,0.3,1258.5,67,3,400.6,28.6,70,31.9,1,299,1.4,1,1,22.6
2026-09-12T10:55:00+05:30,2026-09-12 10:55:00,30.3,35.2,23.7,0.3,9.3,14.8,300,0,0,0,0,0.3,1258.5,68,2,271,28.5,70,31.7,1,267,5.5,1,1,22.5
2026-09-12T10:50:00+05:30,2026-09-12 10:50:00,29.9,34.1,23.1,1.4,9.3,14.8,264,0,0,0,0,0.3,1258.5,67,2,224.1,28.5,70,31.7,1,282,6.1,1,1,22.5
2026-09-12T10:45:00+05:30,2026-09-12 10:45:00,29.5,33.4,23,1.4,13,14.8,277,0,0,0,0,0.3,1258.5,68,8,879.1,28.4,70,31.4,1,282,4.7,1,1,22.4
2026-09-12T10:40:00+05:30,2026-09-12 10:40:00,31.2,36.7,23.8,8.2,11.1,14.8,288,0,0,0,0,0.3,1258.5,65,8,917.9,28.3,70,31.2,1,288,1.1,1,1,22.3
2026-09-12T10:35:00+05:30,2026-09-12 10:35:00,31.3,37.1,24.1,1.1,5.5,14.8,8,0,0,0,0,0.3,1258.5,66,2,244.5,28.3,70,31.2,1,320,1.1,1,1,22.3
2026-09-12T10:30:00+05:30,2026-09-12 10:30:00,30.5,35.2,23.4,2.6,7.2,14.8,99,0,0,0,0,0.3,1258.5,66,7,798.1,28.2,71,31.2,1,285,2.6,1,1,22.4
2026-09-12T10:25:00+05:30,2026-09-12 10:25:00,29.8,34.1,23.2,1.4,11.1,14.8,183,0,0,0,0,0.3,1258.5,68,2,260.2,28.1,71,31,1,285,3.2,1,1,22.3
2026-09-12T10:20:00+05:30,2026-09-12 10:20:00,30.4,35,23.3,0.6,3.5,14.8,325,0,0,0,0,0.3,1258.5,66,3,381.1,28,71,30.8,1,328,1.1,1,1,22.2
2026-09-12T10:15:00+05:30,2026-09-12 10:15:00,29.7,33.5,22.7,0.3,3.5,14.8,11,0,0,0,0,0.3,1258.5,66,2,233.2,28,71,30.8,1,283,4,1,1,22.2
2026-09-12T10:10:00+05:30,2026-09-12 10:10:00,29.4,33.2,22.9,6.4,14.8,14.8,320,0,0,0,0,0.3,1258.5,68,6,693.6,27.9,71,30.6,1,287,4.7,1,1,22.1
2026-09-12T10:05:00+05:30,2026-09-12 10:05:00,29.1,32.6,22.6,7.2,13,13,284,0,0,0,0,0.3,1258.5,68,6,664.6,27.8,71,30.4,1,293,3.2,1,1,22
2026-09-12T10:00:00+05:30,2026-09-12 10:00:00,29.7,34.1,23.4,5.5,11.1,11.1,297,0,0,0,0,0.3,1258.5,69,1,162.3,27.8,71,30.4,1,270,3.5,1,1,22
2026-09-12T09:55:00+05:30,2026-09-12 09:55:00,29.9,34.5,23.6,2.1,7.2,11.1,262,0,0,0,0,0.3,1258.5,69,3,349,27.7,71,30.3,1,308,2.1,1,1,21.9
2026-09-12T09:50:00+05:30,2026-09-12 09:50:00,30.2,34.8,23.4,2.6,5.5,11.1,295,0,0,0,0,0.3,1258.5,67,6,628.4,27.7,71,30.3,1,303,1.8,1,1,21.9
2026-09-12T09:45:00+05:30,2026-09-12 09:45:00,29.5,33.6,23.2,1.8,11.1,11.1,281,0,0,0,0,0.3,1258.5,69,6,645.7,27.6,72,30.2,1,254,2.1,1,1,22.1
2026-09-12T09:40:00+05:30,2026-09-12 09:40:00,29.6,33.9,23.3,1.4,5.5,11.1,223,0,0,0,0,0.3,1258.5,69,5,600.9,27.5,72,29.9,1,288,2.6,1,1,22
2026-09-12T09:35:00+05:30,2026-09-12 09:35:00,28.9,32.5,22.9,7.2,9.3,11.1,286,0,0,0,0,0.3,1258.5,70,5,578.1,27.5,72,29.9,1,306,4.3,1,1,22
2026-09-12T09:30:00+05:30,2026-09-12 09:30:00,28.6,32.1,22.8,7.9,9.3,11.1,296,0,0,0,0,0.3,1258.5,71,5,575.7,27.4,72,29.7,1,299,5,1,1,21.9
2026-09-12T09:25:00+05:30,2026-09-12 09:25:00,28.2,31.4,22.7,5.5,9.3,11.1,274,0,0,0,0,0.3,1258.5,72,5,547.4,27.4,72,29.7,1,279,5.5,1,1,21.9
2026-09-12T09:20:00+05:30,2026-09-12 09:20:00,28.8,32.4,23,4.7,7.2,11.1,282,0,0,0,0,0.3,1258.5,71,4,466.9,27.3,72,29.6,1,288,0.6,1,1,21.8
2026-09-12T09:15:00+05:30,2026-09-12 09:15:00,29.4,33.6,23.3,0,1.8,5.5,288,0,0,0,0,0.3,1258.5,70,4,492.8,27.3,72,29.6,1,328,0,1,1,21.8
2026-09-12T09:10:00+05:30,2026-09-12 09:10:00,29.6,34.1,23.5,0,1.8,5.5,327,0,0,0,0,0.3,1258.5,70,4,492,27.2,72,29.4,1,358,0,1,1,21.7
2026-09-12T09:05:00+05:30,2026-09-12 09:05:00,29.4,33.6,23.3,0,0,5.5,241,0,0,0,0,0.3,1258.5,70,4,476.3,27.1,72,29.2,1,241,0,1,1,21.6
2026-09-12T09:00:00+05:30,2026-09-12 09:00:00,29.5,33.6,23.2,0,0,5.5,161,0,0,0,0,0.3,1258.5,69,4,456.1,27.1,72,29.2,1,325,0,1,1,21.6
2026-09-12T08:55:00+05:30,2026-09-12 08:55:00,28.8,32.2,22.7,0,0,5.5,305,0,0,0,0,0.3,1258.5,70,4,436.2,27,72,29,1,327,0,1,1,21.5
2026-09-12T08:50:00+05:30,2026-09-12 08:50:00,29.2,33.2,23.2,1.1,1.8,3.5,344,0,0,0,0,0.3,1258.5,70,4,419.2,27,72,29,1,344,0,1,1,21.5
2026-09-12T08:45:00+05:30,2026-09-12 08:45:00,28.3,31.5,22.7,0,0,3.5,358,0,0,0,0,0.3,1258.5,72,3,408.3,26.9,72,28.8,1,353,0,1,1,21.4
2026-09-12T08:40:00+05:30,2026-09-12 08:40:00,28.1,31.2,22.6,0,0,3.5,346,0,0,0,0,0.3,1258.5,72,3,388.1,26.9,72,28.8,1,175,0,1,1,21.4
2026-09-12T08:35:00+05:30,2026-09-12 08:35:00,28.1,31.5,23,0,1.8,3.5,190,0,0,0,0,0.3,1258.5,74,3,372.2,26.9,72,28.8,1,326,0,1,1,21.4
2026-09-12T08:30:00+05:30,2026-09-12 08:30:00,28,31.2,22.9,0,1.8,3.5,327,0,0,0,0,0.3,1258.5,74,3,355.1,26.8,72,28.6,1,327,0,1,1,21.3
2026-09-12T08:25:00+05:30,2026-09-12 08:25:00,27.8,30.9,22.9,0,0,3.5,331,0,0,0,0,0.3,1258.5,75,3,343,26.8,72,28.6,1,299,0,1,1,21.3
2026-09-12T08:20:00+05:30,2026-09-12 08:20:00,27.7,30.9,23.1,0,0,1.8,299,0,0,0,0,0.3,1258.5,76,3,314.1,26.8,72,28.6,1,299,0,1,1,21.3
2026-09-12T08:15:00+05:30,2026-09-12 08:15:00,26.6,27.3,22.2,0,0,1.8,300,0,0,0,0,0.3,1258.5,77,3,335.5,26.7,72,28.6,1,300,0,1,1,21.2
2026-09-12T08:10:00+05:30,2026-09-12 08:10:00,25.7,26.5,22.4,0,0,1.8,297,0,0,0,0,0.3,1258.5,82,3,314,26.7,72,28.6,1,292,0,1,1,21.2
2026-09-12T08:05:00+05:30,2026-09-12 08:05:00,25.2,26,22.3,0,0,1.8,300,0,0,0,0,0.3,1258.5,84,1,200.8,26.7,72,28.6,1,292,0,1,1,21.2
2026-09-12T08:00:00+05:30,2026-09-12 08:00:00,24.9,25.6,21.8,0,0,1.8,276,0,0,0,0,0.3,1258.5,83,0,59.9,26.7,72,28.6,1,313,0,1,1,21.2
2026-09-12T07:55:00+05:30,2026-09-12 07:55:00,24.7,25.4,21.8,0,1.8,1.8,136,0,0,0,0,0.3,1258.5,84,0,54.9,26.6,72,27.2,1,313,0,1,1,21.1
2026-09-12T07:50:00+05:30,2026-09-12 07:50:00,24.4,25.1,21.7,0,0,0,312,0,0,0,0,0.3,1258.5,85,0,59.8,26.6,72,27.2,1,347,0,1,1,21.1
2026-09-12T07:45:00+05:30,2026-09-12 07:45:00,24.1,24.8,21.8,0,0,0,309,0,0,0,0,0.3,1258.5,87,0,53.9,26.6,72,27.2,1,309,0,1,1,21.1
2026-09-12T07:40:00+05:30,2026-09-12 07:40:00,23.8,24.5,21.7,0,0,0,307,0,0,0,0,0.3,1258.5,88,0,50.7,26.6,72,27.2,1,319,0,1,1,21.1
2026-09-12T07:35:00+05:30,2026-09-12 07:35:00,23.5,24.3,21.8,0,0,0,319,0,0,0,0,0.3,1258.5,90,0,47.3,26.6,72,27.2,1,316,0,1,1,21.1
2026-09-12T07:30:00+05:30,2026-09-12 07:30:00,23.2,24,21.8,0,0,0,287,0,0,0,0,0.3,1258.5,92,0,46,26.5,72,27.1,1,316,0,1,1,21.1
2026-09-12T07:25:00+05:30,2026-09-12 07:25:00,23,23.8,22,0,0,0,320,0,0,0,0,0.3,1258.5,94,0,45.6,26.5,72,27.1,1,320,0,1,1,21.1
2026-09-12T07:20:00+05:30,2026-09-12 07:20:00,22.7,23.5,21.9,0,0,0,320,0,0,0,0,0.3,1258.5,95,0,43.1,26.5,72,27.1,1,333,0,1,1,21.1
2026-09-12T07:15:00+05:30,2026-09-12 07:15:00,22.4,23.2,21.7,0,0,0,334,0,0,0,0,0.3,1258.5,96,0,40.8,26.5,72,27.1,1,334,0,1,1,21.1
2026-09-12T07:10:00+05:30,2026-09-12 07:10:00,22.2,23,21.6,0,0,0,351,0,0,0,0,0.3,1258.5,96,0,40.5,26.5,72,27.1,1,326,0,1,1,21.1
2026-09-12T07:05:00+05:30,2026-09-12 07:05:00,22,22.8,21.5,0,0,0,325,0,0,0,0,0.3,1258.5,97,0,37.8,26.5,72,27.1,1,323,0,1,1,21.1
2026-09-12T07:00:00+05:30,2026-09-12 07:00:00,21.7,22.5,21.4,0,0,0,332,0,0,0,0,0.3,1258.5,98,0,38.6,26.5,72,27.1,1,329,0,1,1,21.1
2026-09-12T06:55:00+05:30,2026-09-12 06:55:00,21.6,22.4,21.3,0,0,0,332,0,0,0,0,0.3,1258.5,98,0,33.6,26.5,72,27.1,1,325,0,1,1,21.1
2026-09-12T06:50:00+05:30,2026-09-12 06:50:00,21.5,22.3,21.2,0,0,0,320,0,0,0,0,0.3,1258.5,98,0,31.9,26.6,72,27.2,1,349,0,1,1,21.1
2026-09-12T06:45:00+05:30,2026-09-12 06:45:00,21.4,22.2,21.2,0,0,0,349,0,0,0,0,0.3,1258.5,99,0,29.1,26.6,72,27.2,1,349,0,1,1,21.1
2026-09-12T06:40:00+05:30,2026-09-12 06:40:00,21.3,22,21.1,0,0,0,349,0,0,0,0,0.3,1258.5,99,0,26.6,26.6,72,27.2,1,349,0,1,1,21.1
2026-09-12T06:35:00+05:30,2026-09-12 06:35:00,21.2,22,21.1,0,0,0,355,0,0,0,0,0.3,1258.5,99,0,24.1,26.6,72,27.2,1,355,0,1,1,21.1
2026-09-12T06:30:00+05:30,2026-09-12 06:30:00,21.1,21.9,20.9,0,0,0,354,0,0,0,0,0.3,1258.5,99,0,21.4,26.6,72,27.2,1,355,0,1,1,21.1
2026-09-12T06:25:00+05:30,2026-09-12 06:25:00,21.1,21.9,20.9,0,0,0,346,0,0,0,0,0.3,1258.5,99,0,18.3,26.6,72,27.2,1,346,0,1,1,21.1
2026-09-12T06:20:00+05:30,2026-09-12 06:20:00,21,21.7,20.8,0,0,0,347,0,0,0,0,0.3,1258.5,99,0,15.1,26.6,72,27.2,1,345,0,1,1,21.1
2026-09-12T06:15:00+05:30,2026-09-12 06:15:00,21,21.7,20.8,0,0,0,349,0,0,0,0,0.3,1258.5,99,0,12,26.6,72,27.2,1,327,0,1,1,21.1
2026-09-12T06:10:00+05:30,2026-09-12 06:10:00,21,21.7,20.8,0,0,0,326,0,0,0,0,0.3,1258.5,99,0,9,26.6,72,27.2,1,330,0,1,1,21.1
2026-09-12T06:05:00+05:30,2026-09-12 06:05:00,21,21.7,20.8,0,0,0,330,0,0,0,0,0.3,1258.5,99,0,5.8,26.6,72,27.2,1,336,0,1,1,21.1
2026-09-12T06:00:00+05:30,2026-09-12 06:00:00,21,21.7,20.8,0,0,0,338,0,0,0,0,0.3,1258.5,99,0,3.1,26.7,72,28.6,1,338,0,1,1,21.2
2026-09-12T05:55:00+05:30,2026-09-12 05:55:00,21,21.7,20.8,0,0,0,338,0,0,0,0,0.3,1258.5,99,0,1.5,26.7,72,28.6,1,338,0,1,1,21.2
2026-09-12T05:50:00+05:30,2026-09-12 05:50:00,21.1,21.9,20.9,0,0,0,337,0,0,0,0,0.3,1258.5,99,0,0.5,26.7,72,28.6,1,337,0,1,1,21.2
2026-09-12T05:45:00+05:30,2026-09-12 05:45:00,21.1,21.9,20.9,0,0,0,337,0,0,0,0,0.3,1258.5,99,0,0.1,26.7,72,28.6,1,337,0,1,1,21.2
2026-09-12T05:40:00+05:30,2026-09-12 05:40:00,21.2,22,21.1,0,0,0,337,0,0,0,0,0.3,1258.5,99,0,0,26.7,72,28.6,1,337,0,1,1,21.2
2026-09-12T05:35:00+05:30,2026-09-12 05:35:00,21.2,22,21.1,0,0,0,335,0,0,0,0,0.3,1258.5,99,0,0,26.7,72,28.6,1,331,0,1,1,21.2
2026-09-12T05:30:00+05:30,2026-09-12 05:30:00,21.2,22,21.1,0,0,0,324,0,0,0,0,0.3,1258.5,99,0,0,26.8,72,28.6,1,323,0,1,1,21.3
2026-09-12T05:25:00+05:30,2026-09-12 05:25:00,21.2,22,21.1,0,0,0,331,0,0,0,0,0.3,1258.5,99,0,0,26.8,72,28.6,1,338,0,1,1,21.3
2026-09-12T05:20:00+05:30,2026-09-12 05:20:00,21.2,22,21.1,0,0,0,331,0,0,0,0,0.3,1258.5,99,0,0,26.8,72,28.6,1,338,0,1,1,21.3
2026-09-12T05:15:00+05:30,2026-09-12 05:15:00,21.2,22,21.1,0,0,0,345,0,0,0,0,0.3,1258.5,99,0,0,26.8,72,28.6,1,350,0,1,1,21.3
2026-09-12T05:10:00+05:30,2026-09-12 05:10:00,21.2,22,21.1,0,0,0,345,0,0,0,0,0.3,1258.5,99,0,0,26.8,72,28.6,1,340,0,1,1,21.3
2026-09-12T05:05:00+05:30,2026-09-12 05:05:00,21.2,22,21.1,0,0,0,334,0,0,0,0,0.3,1258.5,99,0,0,26.8,72,28.6,1,338,0,1,1,21.3
2026-09-12T05:00:00+05:30,2026-09-12 05:00:00,21.3,22,21.1,0,0,0,334,0,0,0,0,0.3,1258.5,99,0,0,26.8,72,28.6,1,334,0,1,1,21.3
2026-09-12T04:55:00+05:30,2026-09-12 04:55:00,21.3,22,21.1,0,0,0,342,0,0,0,0,0.3,1258.5,99,0,0,26.8,72,28.6,1,339,0,1,1,21.3
2026-09-12T04:50:00+05:30,2026-09-12 04:50:00,21.3,22,21.1,0,0,0,332,0,0,0,0,0.3,1258.5,99,0,0,26.9,72,28.8,1,340,0,1,1,21.4
2026-09-12T04:45:00+05:30,2026-09-12 04:45:00,21.3,22,21.1,0,0,0,341,0,0,0,0,0.3,1258.5,99,0,0,26.9,72,28.8,1,341,0,1,1,21.4
2026-09-12T04:40:00+05:30,2026-09-12 04:40:00,21.3,22,21.1,0,0,0,332,0,0,0,0,0.3,1258.5,99,0,0,26.9,72,28.8,1,348,0,1,1,21.4
2026-09-12T04:35:00+05:30,2026-09-12 04:35:00,21.4,22.2,21.2,0,0,0,349,0,0,0,0,0.3,1258.5,99,0,0,26.9,72,28.8,1,348,0,1,1,21.4
2026-09-12T04:30:00+05:30,2026-09-12 04:30:00,21.4,22.2,21.2,0,0,0,328,0,0,0,0,0.3,1258.5,99,0,0,26.9,72,28.8,1,348,0,1,1,21.4
2026-09-12T04:25:00+05:30,2026-09-12 04:25:00,21.4,22.2,21.2,0,0,0,347,0,0,0,0,0.3,1258.5,99,0,0,26.9,72,28.8,1,349,0,1,1,21.4
2026-09-12T04:20:00+05:30,2026-09-12 04:20:00,21.3,22,21.1,0,0,0,345,0,0,0,0,0.3,1258.5,99,0,0,27,72,29,1,338,0,1,1,21.5
2026-09-12T04:15:00+05:30,2026-09-12 04:15:00,21.4,22.2,21.2,0,0,0,334,0,0,0,0,0.3,1258.5,99,0,0,27,72,29,1,334,0,1,1,21.5
2026-09-12T04:10:00+05:30,2026-09-12 04:10:00,21.4,22.2,21.2,0,0,0,338,0,0,0,0,0.3,1258.5,99,0,0,27,72,29,1,340,0,1,1,21.5
2026-09-12T04:05:00+05:30,2026-09-12 04:05:00,21.5,22.3,21.3,0,0,0,341,0,0,0,0,0.3,1258.5,99,0,0,27,72,29,1,335,0,1,1,21.5
2026-09-12T04:00:00+05:30,2026-09-12 04:00:00,21.5,22.3,21.3,0,0,0,331,0,0,0,0,0.3,1258.5,99,0,0,27,72,29,1,331,0,1,1,21.5
2026-09-12T03:55:00+05:30,2026-09-12 03:55:00,21.5,22.3,21.3,0,0,0,336,0,0,0,0,0.3,1258.5,99,0,0,27,72,29,1,336,0,1,1,21.5
2026-09-12T03:50:00+05:30,2026-09-12 03:50:00,21.5,22.3,21.3,0,0,0,332,0,0,0,0,0.3,1258.5,99,0,0,27.1,72,29.2,1,345,0,1,1,21.6
2026-09-12T03:45:00+05:30,2026-09-12 03:45:00,21.5,22.3,21.3,0,0,0,345,0,0,0,0,0.3,1258.5,99,0,0,27.1,72,29.2,1,337,0,1,1,21.6
2026-09-12T03:40:00+05:30,2026-09-12 03:40:00,21.6,22.4,21.4,0,0,0,337,0,0,0,0,0.3,1258.5,99,0,0,27.1,72,29.2,1,337,0,1,1,21.6
2026-09-12T03:35:00+05:30,2026-09-12 03:35:00,21.6,22.4,21.4,0,0,0,322,0,0,0,0,0.3,1258.5,99,0,0,27.1,72,29.2,1,347,0,1,1,21.6
2026-09-12T03:30:00+05:30,2026-09-12 03:30:00,21.6,22.4,21.4,0,0,0,343,0,0,0,0,0.3,1258.5,99,0,0,27.1,72,29.2,1,343,0,1,1,21.6
2026-09-12T03:25:00+05:30,2026-09-12 03:25:00,21.6,22.4,21.4,0,0,0,343,0,0,0,0,0.3,1258.5,99,0,0,27.1,72,29.2,1,325,0,1,1,21.6
2026-09-12T03:20:00+05:30,2026-09-12 03:20:00,21.7,22.5,21.6,0,0,0,325,0,0,0,0,0.3,1258.5,99,0,0,27.1,72,29.2,1,346,0,1,1,21.6
2026-09-12T03:15:00+05:30,2026-09-12 03:15:00,21.7,22.5,21.6,0,0,0,346,0,0,0,0,0.3,1258.5,99,0,0,27.2,72,29.4,1,346,0,1,1,21.7
2026-09-12T03:10:00+05:30,2026-09-12 03:10:00,21.7,22.5,21.6,0,0,0,347,0,0,0,0,0.3,1258.5,99,0,0,27.2,72,29.4,1,348,0,1,1,21.7
2026-09-12T03:05:00+05:30,2026-09-12 03:05:00,21.7,22.5,21.6,0,0,0,346,0,0,0,0,0.3,1258.5,99,0,0,27.2,72,29.4,1,346,0,1,1,21.7
2026-09-12T03:00:00+05:30,2026-09-12 03:00:00,21.7,22.5,21.6,0,0,0,346,0,0,0,0,0.3,1258.5,99,0,0,27.2,72,29.4,1,346,0,1,1,21.7
2026-09-12T02:55:00+05:30,2026-09-12 02:55:00,21.8,22.6,21.6,0,0,0,347,0,0,0,0,0.3,1258.5,99,0,0,27.2,72,29.4,1,347,0,1,1,21.7
2026-09-12T02:50:00+05:30,2026-09-12 02:50:00,21.8,22.6,21.6,0,0,0,342,0,0,0,0,0.3,1258.5,99,0,0,27.2,72,29.4,1,327,0,1,1,21.7
2026-09-12T02:45:00+05:30,2026-09-12 02:45:00,21.8,22.6,21.6,0,0,0,327,0,0,0,0,0.3,1258.5,99,0,0,27.3,72,29.6,1,327,0,1,1,21.8
2026-09-12T02:40:00+05:30,2026-09-12 02:40:00,21.8,22.6,21.6,0,0,0,328,0,0,0,0,0.3,1258.5,99,0,0,27.3,72,29.6,1,334,0,1,1,21.8
2026-09-12T02:35:00+05:30,2026-09-12 02:35:00,21.8,22.6,21.6,0,0,0,334,0,0,0,0,0.3,1258.5,99,0,0,27.3,72,29.6,1,338,0,1,1,21.8
2026-09-12T02:30:00+05:30,2026-09-12 02:30:00,21.9,22.7,21.7,0,0,0,10,0,0,0,0,0.3,1258.5,99,0,0,27.3,72,29.6,1,333,0,1,1,21.8
2026-09-12T02:25:00+05:30,2026-09-12 02:25:00,21.9,22.7,21.7,0,0,0,333,0,0,0,0,0.3,1258.5,99,0,0,27.3,72,29.6,1,353,0,1,1,21.8
2026-09-12T02:20:00+05:30,2026-09-12 02:20:00,22,22.8,21.7,0,0,0,353,0,0,0,0,0.3,1258.5,98,0,0,27.3,72,29.6,1,353,0,1,1,21.8
2026-09-12T02:15:00+05:30,2026-09-12 02:15:00,21.9,22.7,21.6,0,0,0,354,0,0,0,0,0.3,1258.5,98,0,0,27.4,72,29.7,1,354,0,1,1,21.9
2026-09-12T02:10:00+05:30,2026-09-12 02:10:00,21.9,22.7,21.6,0,0,0,347,0,0,0,0,0.3,1258.5,98,0,0,27.4,72,29.7,1,347,0,1,1,21.9
2026-09-12T02:05:00+05:30,2026-09-12 02:05:00,22,22.8,21.7,0,0,0,347,0,0,0,0,0.3,1258.5,98,0,0,27.4,72,29.7,1,347,0,1,1,21.9
2026-09-12T02:00:00+05:30,2026-09-12 02:00:00,22.1,22.9,21.8,0,0,0,347,0,0,0,0,0.3,1258.5,98,0,0,27.4,72,29.7,1,347,0,1,1,21.9
2026-09-12T01:55:00+05:30,2026-09-12 01:55:00,22.1,22.9,21.8,0,0,0,344,0,0,0,0,0.3,1258.5,98,0,0,27.4,71,29.6,1,344,0,1,1,21.7
2026-09-12T01:50:00+05:30,2026-09-12 01:50:00,22.1,22.9,21.8,0,0,0,346,0,0,0,0,0.3,1258.5,98,0,0,27.4,71,29.6,1,346,0,1,1,21.7
2026-09-12T01:45:00+05:30,2026-09-12 01:45:00,22.1,22.9,21.8,0,0,0,348,0,0,0,0,0.3,1258.5,98,0,0,27.5,71,29.8,1,348,0,1,1,21.8
2026-09-12T01:40:00+05:30,2026-09-12 01:40:00,22.2,23.1,21.9,0,0,0,348,0,0,0,0,0.3,1258.5,98,0,0,27.5,71,29.8,1,342,0,1,1,21.8
2026-09-12T01:35:00+05:30,2026-09-12 01:35:00,22.2,23.1,21.9,0,0,0,349,0,0,0,0,0.3,1258.5,98,0,0,27.5,71,29.8,1,346,0,1,1,21.8
2026-09-12T01:30:00+05:30,2026-09-12 01:30:00,22.2,23.1,21.9,0,0,0,346,0,0,0,0,0.3,1258.5,98,0,0,27.5,71,29.8,1,346,0,1,1,21.8
2026-09-12T01:25:00+05:30,2026-09-12 01:25:00,22.2,23.1,21.9,0,0,0,338,0,0,0,0,0.3,1258.5,98,0,0,27.5,71,29.8,1,338,0,1,1,21.8
2026-09-12T01:20:00+05:30,2026-09-12 01:20:00,22.3,23.1,21.9,0,0,0,338,0,0,0,0,0.3,1258.5,98,0,0,27.5,71,29.8,1,338,0,1,1,21.8
2026-09-12T01:15:00+05:30,2026-09-12 01:15:00,22.3,23.1,21.9,0,0,0,338,0,0,0,0,0.3,1258.5,98,0,0,27.5,71,29.8,1,338,0,1,1,21.8
2026-09-12T01:10:00+05:30,2026-09-12 01:10:00,22.3,23.1,21.9,0,0,0,341,0,0,0,0,0.3,1258.5,98,0,0,27.6,71,30.1,1,341,0,1,1,21.9
2026-09-12T01:05:00+05:30,2026-09-12 01:05:00,22.3,23.1,21.9,0,0,0,340,0,0,0,0,0.3,1258.5,98,0,0,27.6,71,30.1,1,338,0,1,1,21.9
2026-09-12T01:00:00+05:30,2026-09-12 01:00:00,22.3,23.1,21.9,0,0,0,6,0,0,0,0,0.3,1258.5,98,0,0,27.6,71,30.1,1,336,0,1,1,21.9
2026-09-12T00:55:00+05:30,2026-09-12 00:55:00,22.3,23.1,21.9,0,0,0,336,0,0,0,0,0.3,1258.5,98,0,0,27.6,71,30.1,1,336,0,1,1,21.9
2026-09-12T00:50:00+05:30,2026-09-12 00:50:00,22.4,23.2,22.1,0,0,0,336,0,0,0,0,0.3,1258.5,98,0,0,27.6,71,30.1,1,336,0,1,1,21.9
2026-09-12T00:45:00+05:30,2026-09-12 00:45:00,22.4,23.2,22.1,0,0,0,336,0,0,0,0,0.3,1258.5,98,0,0,27.7,71,30.3,1,336,0,1,1,21.9
2026-09-12T00:40:00+05:30,2026-09-12 00:40:00,22.4,23.2,21.9,0,0,0,335,0,0,0,0,0.3,1258.5,97,0,0,27.6,71,30.1,1,335,0,1,1,21.9
2026-09-12T00:35:00+05:30,2026-09-12 00:35:00,22.5,23.3,22,0,0,0,335,0,0,0,0,0.3,1258.5,97,0,0,27.7,71,30.3,1,335,0,1,1,21.9
2026-09-12T00:30:00+05:30,2026-09-12 00:30:00,22.5,23.3,22,0,0,0,337,0,0,0,0,0.3,1258.5,97,0,0,27.7,71,30.3,1,337,0,1,1,21.9
2026-09-12T00:25:00+05:30,2026-09-12 00:25:00,22.5,23.3,22,0,0,0,4,0,0,0,0,0.3,1258.5,97,0,0,27.7,71,30.3,1,341,0,1,1,21.9
2026-09-12T00:20:00+05:30,2026-09-12 00:20:00,22.6,23.5,22.1,0,0,0,350,0,0,0,0,0.3,1258.5,97,0,0,27.7,71,30.3,1,341,0,1,1,21.9
2026-09-12T00:15:00+05:30,2026-09-12 00:15:00,22.6,23.5,22.1,0,0,0,333,0,0,0,0,0.3,1258.5,97,0,0,27.7,71,30.3,1,333,0,1,1,21.9
2026-09-12T00:10:00+05:30,2026-09-12 00:10:00,22.7,23.6,22.2,0,0,0,333,0,0,0,0,0.3,1258.5,97,0,0,27.8,71,30.4,1,333,0,1,1,22
2026-09-12T00:05:00+05:30,2026-09-12 00:05:00,22.7,23.6,22.2,0,0,0,333,0,0,0,0,0.3,1258.5,97,0,0,27.8,71,30.4,1,333,0,1,1,22
2026-09-12T00:00:00+05:30,2026-09-12 00:00:00,22.8,23.6,22.3,0,0,0,333,0,0,0,0,0.3,1258.5,97,0,0,27.8,71,30.4,1,333,0,1,1,22
2026-09-11T23:55:00+05:30,2026-09-11 23:55:00,22.8,23.6,22.3,0,0,0,333,0,0,0,0,0.3,1258.5,97,0,0,27.8,71,30.4,1,333,0,1,1,22
2026-09-11T23:50:00+05:30,2026-09-11 23:50:00,22.9,23.7,22.2,0,0,0,333,0,0,0,0,0.3,1258.5,96,0,0,27.8,71,30.4,1,333,0,1,1,22
2026-09-11T23:45:00+05:30,2026-09-11 23:45:00,22.9,23.7,22.2,0,0,0,333,0,0,0,0,0.3,1258.5,96,0,0,27.8,71,30.4,1,333,0,1,1,22
2026-09-11T23:40:00+05:30,2026-09-11 23:40:00,23,23.9,22.3,0,0,0,333,0,0,0,0,0.3,1258.5,96,0,0,27.8,71,30.4,1,333,0,1,1,22
2026-09-11T23:35:00+05:30,2026-09-11 23:35:00,23,23.9,22.3,0,0,0,333,0,0,0,0,0.3,1258.5,96,0,0,27.9,71,30.6,1,333,0,1,1,22.1
2026-09-11T23:30:00+05:30,2026-09-11 23:30:00,23,23.9,22.3,0,0,0,334,0,0,0,0,0.3,1258.5,96,0,0,27.9,71,30.6,1,335,0,1,1,22.1
2026-09-11T23:25:00+05:30,2026-09-11 23:25:00,23.1,24,22.4,0,0,0,334,0,0,0,0,0.3,1258.5,96,0,0,27.9,71,30.6,1,353,0,1,1,22.1
2026-09-11T23:23:00+05:30,2026-09-11 23:23:00,23.1,24,22.4,0,0,0,333,0,0,0,0,0.3,1258.5,96,0,0,27.9,71,30.6,1,353,0,1,1,22.1
2026-09-11T23:10:00+05:30,2026-09-11 23:10:00,23.2,24.1,22.4,0,0,14.8,334,0,0,0,0,0.3,1258.5,95,0,0,28,70,30.7,1,333,0,1,1,22
2026-09-11T23:05:00+05:30,2026-09-11 23:05:00,23.2,24.1,22.4,0,0,14.8,335,0,0,0,0,0.3,1258.5,95,0,0,28,70,30.7,1,335,0,1,1,22
2026-09-11T23:00:00+05:30,2026-09-11 23:00:00,23.2,24.1,22.4,0,0,14.8,335,0,0,0,0,0.3,1258.5,95,0,0,28,70,30.7,1,349,0,1,1,22
2026-09-11T22:55:00+05:30,2026-09-11 22:55:00,23.2,24.1,22.4,0,0,14.8,351,0,0,0,0,0.3,1258.5,95,0,0,28,70,30.7,1,351,0,1,1,22
2026-09-11T22:50:00+05:30,2026-09-11 22:50:00,23.3,24.1,22.4,0,0,14.8,352,0,0,0,0,0.3,1258.5,95,0,0,28,70,30.7,1,352,0,1,1,22
2026-09-11T22:45:00+05:30,2026-09-11 22:45:00,23.3,24.1,22.4,0,0,14.8,14,0,0,0,0,0.3,1258.5,95,0,0,28,70,30.7,1,348,0,1,1,22
2026-09-11T22:40:00+05:30,2026-09-11 22:40:00,23.4,24.2,22.4,0,0,14.8,347,0,0,0,0,0.3,1258.5,94,0,0,28.1,70,30.9,1,342,0,1,1,22.1
2026-09-11T22:35:00+05:30,2026-09-11 22:35:00,23.4,24.2,22.4,0,0,14.8,333,0,0,0,0,0.3,1258.5,94,0,0,28.1,70,30.9,1,342,0,1,1,22.1
2026-09-11T22:30:00+05:30,2026-09-11 22:30:00,23.4,24.2,22.4,0,0,14.8,338,0,0,0,0,0.3,1258.5,94,0,0,28.1,70,30.9,1,337,0,1,1,22.1
2026-09-11T22:25:00+05:30,2026-09-11 22:25:00,23.5,24.4,22.5,0,0,14.8,343,0,0,0,0,0.3,1258.5,94,0,0,28.1,70,30.9,1,352,0,1,1,22.1
2026-09-11T22:20:00+05:30,2026-09-11 22:20:00,23.6,24.5,22.6,0,0,14.8,351,0,0,0,0,0.3,1258.5,94,0,0,28.1,70,30.9,1,343,0,1,1,22.1
2026-09-11T22:15:00+05:30,2026-09-11 22:15:00,23.6,24.5,22.6,0,0,14.8,341,0,0,0,0,0.3,1258.5,94,0,0,28.1,70,30.9,1,349,0,1,1,22.1
2026-09-11T22:10:00+05:30,2026-09-11 22:10:00,23.7,24.6,22.5,0,0,14.8,327,0,0,0,0,0.3,1258.5,93,0,0,28.2,70,31.1,1,354,0,1,1,22.2
2026-09-11T22:05:00+05:30,2026-09-11 22:05:00,23.8,24.6,22.6,0,0,14.8,5,0,0,0,0,0.3,1258.5,93,0,0,28.2,70,31.1,1,311,0,1,1,22.2
2026-09-11T22:00:00+05:30,2026-09-11 22:00:00,23.7,24.6,22.5,0,0,14.8,311,0,0,0,0,0.3,1258.5,93,0,0,28.2,70,31.1,1,354,0,1,1,22.2
2026-09-11T21:55:00+05:30,2026-09-11 21:55:00,23.8,24.6,22.6,0,0,14.8,354,0,0,0,0,0.3,1258.5,93,0,0,28.2,70,31.1,1,348,0,1,1,22.2
2026-09-11T21:50:00+05:30,2026-09-11 21:50:00,23.8,24.6,22.4,0,0,14.8,348,0,0,0,0,0.3,1258.5,92,0,0,28.2,70,31.1,1,335,0,1,1,22.2
2026-09-11T21:45:00+05:30,2026-09-11 21:45:00,23.9,24.7,22.5,0,0,14.8,343,0,0,0,0,0.3,1258.5,92,0,0,28.3,70,31.2,1,328,0,1,1,22.3
2026-09-11T21:40:00+05:30,2026-09-11 21:40:00,23.9,24.7,22.5,0,0,14.8,328,0,0,0,0,0.3,1258.5,92,0,0,28.3,70,31.2,1,328,0,1,1,22.3
2026-09-11T21:35:00+05:30,2026-09-11 21:35:00,24,24.9,22.6,0,0,14.8,328,0,0,0,0,0.3,1258.5,92,0,0,28.3,69,31.1,1,328,0,1,1,22.1
2026-09-11T21:30:00+05:30,2026-09-11 21:30:00,24.1,25,22.5,0,0,14.8,328,0,0,0,0,0.3,1258.5,91,0,0,28.3,69,31.1,1,328,0,1,1,22.1
2026-09-11T21:25:00+05:30,2026-09-11 21:25:00,24.1,25,22.5,0,0,14.8,327,0,0,0,0,0.3,1258.5,91,0,0,28.4,69,31.3,1,327,0,1,1,22.2
2026-09-11T21:20:00+05:30,2026-09-11 21:20:00,24.1,25,22.5,0,0,14.8,328,0,0,0,0,0.3,1258.5,91,0,0,28.4,69,31.3,1,328,0,1,1,22.2
2026-09-11T21:15:00+05:30,2026-09-11 21:15:00,24.1,25,22.7,0,0,14.8,327,0,0,0,0,0.3,1258.5,92,0,0,28.4,69,31.3,1,327,0,1,1,22.2
2026-09-11T21:10:00+05:30,2026-09-11 21:10:00,24.2,25.1,22.7,0,0,14.8,327,0,0,0,0,0.3,1258.5,91,0,0,28.4,69,31.3,1,327,0,1,1,22.2
2026-09-11T21:05:00+05:30,2026-09-11 21:05:00,24.2,25.1,22.7,0,0,14.8,327,0,0,0,0,0.3,1258.5,91,0,0,28.4,69,31.3,1,327,0,1,1,22.2
2026-09-11T21:00:00+05:30,2026-09-11 21:00:00,24.2,25.1,22.5,0,0,14.8,327,0,0,0,0,0.3,1258.5,90,0,0,28.5,69,31.5,1,327,0,1,1,22.2
2026-09-11T20:55:00+05:30,2026-09-11 20:55:00,24.3,25.1,22.5,0,0,14.8,327,0,0,0,0,0.3,1258.5,90,0,0,28.5,69,31.5,1,327,0,1,1,22.2
2026-09-11T20:50:00+05:30,2026-09-11 20:50:00,24.4,25.2,22.6,0,0,14.8,327,0,0,0,0,0.3,1258.5,90,0,0,28.5,69,31.5,1,327,0,1,1,22.2
2026-09-11T20:45:00+05:30,2026-09-11 20:45:00,24.5,25.4,22.7,0,0,14.8,327,0,0,0,0,0.3,1258.5,90,0,0,28.5,69,31.5,1,327,0,1,1,22.2
2026-09-11T20:40:00+05:30,2026-09-11 20:40:00,24.4,25.2,22.5,0,0,14.8,327,0,0,0,0,0.3,1258.5,89,0,0,28.5,69,31.5,1,327,0,1,1,22.2
2026-09-11T20:35:00+05:30,2026-09-11 20:35:00,24.6,25.5,22.7,0,0,14.8,327,0,0,0,0,0.3,1258.5,89,0,0,28.6,69,31.7,1,327,0,1,1,22.3
2026-09-11T20:30:00+05:30,2026-09-11 20:30:00,24.8,25.6,22.8,0,0,14.8,327,0,0,0,0,0.3,1258.5,89,0,0,28.6,69,31.7,1,302,0,1,1,22.3
2026-09-11T20:25:00+05:30,2026-09-11 20:25:00,24.9,25.7,22.6,0,0,14.8,302,0,0,0,0,0.3,1258.5,87,0,0,28.6,69,31.7,1,302,0,1,1,22.3
2026-09-11T20:20:00+05:30,2026-09-11 20:20:00,25,25.8,22.7,0,0,14.8,302,0,0,0,0,0.3,1258.5,87,0,0,28.6,68,31.6,1,302,0,1,1,22.1
2026-09-11T20:15:00+05:30,2026-09-11 20:15:00,25,25.8,22.7,0,0,14.8,302,0,0,0,0,0.3,1258.5,87,0,0,28.7,68,31.8,1,302,0,1,1,22.2
2026-09-11T20:10:00+05:30,2026-09-11 20:10:00,25.2,26,22.7,0,0,14.8,302,0,0,0,0,0.3,1258.5,86,0,0,28.7,68,31.8,1,302,0,1,1,22.2
2026-09-11T20:05:00+05:30,2026-09-11 20:05:00,25.3,26.1,22.8,0,0,14.8,302,0,0,0,0,0.3,1258.5,86,0,0,28.7,68,31.8,1,302,0,1,1,22.2
2026-09-11T20:00:00+05:30,2026-09-11 20:00:00,25.4,26.2,22.7,0,0,14.8,301,0,0,0,0,0.3,1258.5,85,0,0,28.7,68,31.8,1,302,0,1,1,22.2
2026-09-11T19:55:00+05:30,2026-09-11 19:55:00,25.7,26.5,22.8,0,0,14.8,301,0,0,0,0,0.3,1258.5,84,0,0,28.8,68,31.9,1,301,0,1,1,22.3
2026-09-11T19:50:00+05:30,2026-09-11 19:50:00,25.8,26.6,22.5,0,0,14.8,301,0,0,0,0,0.3,1258.5,82,0,0,28.8,68,31.9,1,300,0,1,1,22.3
2026-09-11T19:45:00+05:30,2026-09-11 19:45:00,26.1,26.9,22.6,0,0,14.8,300,0,0,0,0,0.3,1258.5,81,0,0,28.8,68,31.9,1,300,0,1,1,22.3
2026-09-11T19:40:00+05:30,2026-09-11 19:40:00,26.1,26.9,22.6,0,0,14.8,300,0,0,0,0,0.3,1258.5,81,0,0,28.9,68,32.1,1,300,0,1,1,22.4
2026-09-11T19:35:00+05:30,2026-09-11 19:35:00,26.2,27,22.7,0,0,14.8,299,0,0,0,0,0.3,1258.5,81,0,0,28.9,68,32.1,1,299,0,1,1,22.4
2026-09-11T19:30:00+05:30,2026-09-11 19:30:00,26.3,27.1,22.5,0,0,14.8,298,0,0,0,0,0.3,1258.5,80,0,0,28.9,68,32.1,1,298,0,1,1,22.4
2026-09-11T19:25:00+05:30,2026-09-11 19:25:00,26.3,27,22.3,0,0,14.8,298,0,0,0,0,0.3,1258.5,79,0,0,29,68,32.4,1,303,0.3,1,1,22.5
2026-09-11T19:20:00+05:30,2026-09-11 19:20:00,26.4,27.1,22.4,3.2,3.5,14.8,301,0,0,0,0,0.3,1258.5,79,0,0,29,67,32.2,1,305,0.3,1,1,22.2
2026-09-11T19:15:00+05:30,2026-09-11 19:15:00,26.4,27.1,22.4,1.4,3.5,14.8,3,0,0,0,0,0.3,1258.5,79,0,0,29,67,32.2,1,305,0,1,1,22.2
2026-09-11T19:10:00+05:30,2026-09-11 19:10:00,26.5,27.3,22.6,3.5,5.5,14.8,304,0,0,0,0,0.3,1258.5,79,0,0,29,67,32.2,1,302,1.8,1,1,22.2
2026-09-11T19:05:00+05:30,2026-09-11 19:05:00,26.6,27.4,22.4,1.4,3.5,14.8,305,0,0,0,0,0.3,1258.5,78,0,0,29.1,67,32.4,1,306,1.4,1,1,22.3
2026-09-11T19:00:00+05:30,2026-09-11 19:00:00,26.5,27.3,22.6,1.1,3.5,14.8,291,0,0,0,0,0.3,1258.5,79,0,0,29.1,67,32.4,1,300,0,1,1,22.3
2026-09-11T18:55:00+05:30,2026-09-11 18:55:00,26.8,29.1,22.6,0,0,14.8,305,0,0,0,0,0.3,1258.5,78,0,0,29.1,67,32.4,1,304,0,1,1,22.3
2026-09-11T18:50:00+05:30,2026-09-11 18:50:00,26.8,29,22.4,1.1,1.8,14.8,300,0,0,0,0,0.3,1258.5,77,0,0,29.2,67,32.7,1,305,0,1,1,22.4
2026-09-11T18:45:00+05:30,2026-09-11 18:45:00,26.8,29.1,22.6,0,0,14.8,308,0,0,0,0,0.3,1258.5,78,0,0,29.2,67,32.7,1,305,0,1,1,22.4
2026-09-11T18:40:00+05:30,2026-09-11 18:40:00,27.1,29.7,22.7,0,0,14.8,290,0,0,0,0,0.3,1258.5,77,0,0,29.2,67,32.7,1,222,0,1,1,22.4
2026-09-11T18:35:00+05:30,2026-09-11 18:35:00,27.2,29.9,22.8,0,0,14.8,351,0,0,0,0,0.3,1258.5,77,0,0,29.3,67,32.8,1,222,0,1,1,22.5
2026-09-11T18:30:00+05:30,2026-09-11 18:30:00,27.4,30.2,22.8,0,1.8,14.8,222,0,0,0,0,0.3,1258.5,76,0,0,29.3,67,32.8,1,285,0,1,1,22.5
2026-09-11T18:25:00+05:30,2026-09-11 18:25:00,27.4,30.2,22.8,1.8,7.2,14.8,286,0,0,0,0,0.3,1258.5,76,0,0.1,29.4,67,33,1,286,1.4,1,1,22.6
2026-09-11T18:20:00+05:30,2026-09-11 18:20:00,27.5,30.3,22.7,4,9.3,14.8,254,0,0,0,0,0.3,1258.5,75,0,0.2,29.4,67,33,1,278,0,1,1,22.6
2026-09-11T18:15:00+05:30,2026-09-11 18:15:00,27.8,30.9,22.9,0,0,14.8,331,0,0,0,0,0.3,1258.5,75,0,0.7,29.5,67,33.2,1,308,0.3,1,1,22.7
2026-09-11T18:10:00+05:30,2026-09-11 18:10:00,27.9,31.1,23,0,0,14.8,308,0,0,0,0,0.3,1258.5,75,0,2,29.5,67,33.2,1,293,0.6,1,1,22.7
2026-09-11T18:05:00+05:30,2026-09-11 18:05:00,28.1,31.5,23,1.1,5.5,14.8,300,0,0,0,0,0.3,1258.5,74,0,4.3,29.6,66,33.3,1,277,0,1,1,22.6
2026-09-11T18:00:00+05:30,2026-09-11 18:00:00,28.4,31.9,23.1,0,3.5,14.8,347,0,0,0,0,0.3,1258.5,73,0,7.7,29.6,66,33.3,1,305,1.1,1,1,22.6
2026-09-11T17:55:00+05:30,2026-09-11 17:55:00,28.5,32.2,23.2,1.8,9.3,14.8,318,0,0,0,0,0.3,1258.5,73,0,10.8,29.7,66,33.5,1,313,0,1,1,22.7
2026-09-11T17:50:00+05:30,2026-09-11 17:50:00,28.8,32.8,23.4,0,0,14.8,318,0,0,0,0,0.3,1258.5,73,0,16.4,29.7,66,33.5,1,287,0,1,1,22.7
2026-09-11T17:45:00+05:30,2026-09-11 17:45:00,28.8,32.8,23.4,0,5.5,14.8,335,0,0,0,0,0.3,1258.5,73,0,17.5,29.8,66,33.6,1,284,0,1,1,22.7
2026-09-11T17:40:00+05:30,2026-09-11 17:40:00,29,33.1,23.4,0,1.8,14.8,295,0,0,0,0,0.3,1258.5,72,0,26.5,29.8,66,33.6,1,291,0.3,1,1,22.7
2026-09-11T17:35:00+05:30,2026-09-11 17:35:00,29.4,33.6,23.3,0.3,1.8,14.8,25,0,0,0,0,0.3,1258.5,70,0,33.4,29.8,66,33.6,1,289,1.8,1,1,22.7
2026-09-11T17:30:00+05:30,2026-09-11 17:30:00,29.1,33.4,23.5,2.6,5.5,14.8,305,0,0,0,0,0.3,1258.5,72,0,38.2,29.9,66,33.8,1,288,2.9,1,1,22.8
2026-09-11T17:25:00+05:30,2026-09-11 17:25:00,29.7,34.4,23.6,1.4,7.2,7.2,216,0,0,0,0,0.3,1258.5,70,0,58.5,29.9,66,33.8,1,318,1.4,1,1,22.8
2026-09-11T17:24:00+05:30,2026-09-11 17:24:00,29.7,34.1,23.4,2.9,7.2,7.2,250,0,0,0,0,0.3,1258.5,69,0,68,29.9,66,33.8,1,318,0.3,1,1,22.8
2026-09-11T09:00:00+05:30,2026-09-11 09:00:00,29.5,33.4,23,0.6,5.5,5.5,305,0,0,0,0,0.3,1258.5,68,4,470.8,26.8,71,28.6,1,305,0,1,1,21.1
2026-09-11T08:55:00+05:30,2026-09-11 08:55:00,28.5,31.5,22.2,0,0,5.5,301,0,0,0,0,0.3,1258.5,69,4,444.6,26.7,71,28.4,1,301,0,1,1,21
2026-09-11T08:50:00+05:30,2026-09-11 08:50:00,28.7,31.8,22.2,0,0,3.5,334,0,0,0,0,0.3,1258.5,68,4,412.7,26.7,71,28.4,1,334,0,1,1,21
2026-09-11T08:45:00+05:30,2026-09-11 08:45:00,28.3,30.9,21.8,0,0,3.5,334,0,0,0,0,0.3,1258.5,68,3,407.4,26.6,71,27.2,1,307,0,1,1,20.9
2026-09-11T08:40:00+05:30,2026-09-11 08:40:00,27.6,30,21.9,0,0,3.5,307,0,0,0,0,0.3,1258.5,71,3,383.1,26.6,71,27.2,1,307,0,1,1,20.9
2026-09-11T08:35:00+05:30,2026-09-11 08:35:00,28,30.8,22.2,0.6,1.8,3.5,305,0,0,0,0,0.3,1258.5,71,3,369.6,26.5,71,27.1,1,309,0,1,1,20.8
2026-09-11T08:31:00+05:30,2026-09-11 08:31:00,27.8,30.4,22,0,0,3.5,316,0,0,0,0,0.3,1258.5,71,3,355.7,26.5,72,27.1,1,315,0,1,1,21.1
2026-09-11T08:25:00+05:30,2026-09-11 08:25:00,26.6,27.2,21.4,0,1.8,3.5,315,0,0,0,0,0.3,1258.5,73,3,338.1,26.4,72,26.9,1,0,0,1,1,20.9
2026-09-11T08:20:00+05:30,2026-09-11 08:20:00,27.2,29.4,21.7,0.6,1.8,3.5,2,0,0,0,0,0.3,1258.5,72,3,315.3,26.4,72,26.9,1,359,0,1,1,20.9
2026-09-11T08:15:00+05:30,2026-09-11 08:15:00,26.3,26.9,21,0.6,1.8,3.5,359,0,0,0,0,0.3,1258.5,73,2,292.3,26.3,71,26.8,1,352,0,1,1,20.6
2026-09-11T08:10:00+05:30,2026-09-11 08:10:00,25.6,26.3,21.5,0,0,3.5,353,0,0,0,0,0.3,1258.5,78,3,317,26.3,71,26.8,1,353,0,1,1,20.6
2026-09-11T08:05:00+05:30,2026-09-11 08:05:00,24.8,25.4,21.1,0,0,3.5,353,0,0,0,0,0.3,1258.5,80,2,306.7,26.2,71,26.8,1,353,0,1,1,20.6
2026-09-11T08:00:00+05:30,2026-09-11 08:00:00,24.5,25.1,21.2,0,0,3.5,353,0,0,0,0,0.3,1258.5,82,0,86.2,26.2,71,26.8,1,353,0,1,1,20.6
2026-09-11T07:55:00+05:30,2026-09-11 07:55:00,24,24.6,20.9,0,0,3.5,353,0,0,0,0,0.3,1258.5,83,0,74.6,26.2,71,26.8,1,353,0,1,1,20.6
2026-09-11T07:50:00+05:30,2026-09-11 07:50:00,23.6,24.2,20.9,0,0,3.5,344,0,0,0,0,0.3,1258.5,85,0,72.6,26.2,71,26.8,1,344,0,1,1,20.6
2026-09-11T07:45:00+05:30,2026-09-11 07:45:00,23.3,23.9,21,0,0,3.5,344,0,0,0,0,0.3,1258.5,87,0,67.2,26.1,71,26.6,1,344,0,1,1,20.4
2026-09-11T07:40:00+05:30,2026-09-11 07:40:00,23.1,23.7,20.8,0,0,3.5,343,0,0,0,0,0.3,1258.5,87,0,67.5,26.1,71,26.6,1,342,0,1,1,20.4
2026-09-11T07:35:00+05:30,2026-09-11 07:35:00,23,23.7,20.9,0,0,3.5,339,0,0,0,0,0.3,1258.5,88,0,66.1,26.1,71,26.6,1,347,0,1,1,20.4
2026-09-11T07:30:00+05:30,2026-09-11 07:30:00,22.7,23.3,20.6,0,0,3.5,352,0,0,0,0,0.3,1258.5,88,0,69,26.1,71,26.6,1,352,0,1,1,20.4
2026-09-11T07:25:00+05:30,2026-09-11 07:25:00,22.4,23,20.7,0,0,3.5,347,0,0,0,0,0.3,1258.5,90,0,83.3,26,71,26.5,1,347,0,1,1,20.3
2026-09-11T07:20:00+05:30,2026-09-11 07:20:00,21.9,22.5,20.3,0,0,3.5,348,0,0,0,0,0.3,1258.5,91,0,73.2,26,71,26.5,1,349,0,1,1,20.3
2026-09-11T07:15:00+05:30,2026-09-11 07:15:00,21.8,22.4,20.4,0,0,3.5,348,0,0,0,0,0.3,1258.5,92,0,59.7,26,71,26.5,1,348,0,1,1,20.3
2026-09-11T07:10:00+05:30,2026-09-11 07:10:00,21.6,22.2,20.3,0,0,3.5,348,0,0,0,0,0.3,1258.5,92,0,53.5,26,71,26.5,1,353,0,1,1,20.3
2026-09-11T07:05:00+05:30,2026-09-11 07:05:00,21.5,22.1,20.3,0,0,3.5,352,0,0,0,0,0.3,1258.5,93,0,49.4,26,71,26.5,1,339,0,1,1,20.3
2026-09-11T07:00:00+05:30,2026-09-11 07:00:00,21.1,21.7,20.1,0,0,3.5,339,0,0,0,0,0.3,1258.5,94,0,52.9,26,71,26.5,1,339,0,1,1,20.3
2026-09-11T06:55:00+05:30,2026-09-11 06:55:00,20.8,21.4,19.9,0,0,3.5,339,0,0,0,0,0.3,1258.5,95,0,65.5,26,71,26.5,1,339,0,1,1,20.3
2026-09-11T06:50:00+05:30,2026-09-11 06:50:00,20.6,21.2,19.8,0,0,3.5,339,0,0,0,0,0.3,1258.5,95,0,41.6,26,71,26.5,1,340,0,1,1,20.3
2026-09-11T06:45:00+05:30,2026-09-11 06:45:00,20.4,21,19.7,0,0,3.5,320,0,0,0,0,0.3,1258.5,96,0,37.9,26,71,26.5,1,356,0,1,1,20.3
2026-09-11T06:40:00+05:30,2026-09-11 06:40:00,20.3,20.9,19.6,0,0,3.5,356,0,0,0,0,0.3,1258.5,96,0,27.3,26,71,26.5,1,349,0,1,1,20.3
2026-09-11T06:35:00+05:30,2026-09-11 06:35:00,20.2,20.8,19.6,0,0,3.5,319,0,0,0,0,0.3,1258.5,96,0,23.1,26,71,26.5,1,341,0,1,1,20.3
2026-09-11T06:30:00+05:30,2026-09-11 06:30:00,20.1,20.7,19.5,0,0,3.5,344,0,0,0,0,0.3,1258.5,96,0,19.3,26,71,26.5,1,344,0,1,1,20.3
2026-09-11T06:25:00+05:30,2026-09-11 06:25:00,20.1,20.7,19.6,0,0,3.5,357,0,0,0,0,0.3,1258.5,97,0,16.4,26,71,26.5,1,352,0,1,1,20.3
2026-09-11T06:20:00+05:30,2026-09-11 06:20:00,20.1,20.7,19.6,0,0,3.5,343,0,0,0,0,0.3,1258.5,97,0,13,26.1,71,26.6,1,344,0,1,1,20.4
2026-09-11T06:15:00+05:30,2026-09-11 06:15:00,20.1,20.7,19.6,0,0,3.5,351,0,0,0,0,0.3,1258.5,97,0,9.2,26.1,71,26.6,1,335,0,1,1,20.4
2026-09-11T06:10:00+05:30,2026-09-11 06:10:00,20.1,20.7,19.6,0,0,3.5,335,0,0,0,0,0.3,1258.5,97,0,6.7,26.1,71,26.6,1,335,0,1,1,20.4
2026-09-11T06:05:00+05:30,2026-09-11 06:05:00,20,20,19.5,0,0,3.5,328,0,0,0,0,0.3,1258.5,97,0,4.5,26.1,71,26.6,1,328,0,1,1,20.4
2026-09-11T06:00:00+05:30,2026-09-11 06:00:00,20,20,19.5,0,0,3.5,353,0,0,0,0,0.3,1258.5,97,0,2.2,26.1,71,26.6,1,327,0,1,1,20.4
2026-09-11T05:55:00+05:30,2026-09-11 05:55:00,20,20,19.5,0,0,3.5,331,0,0,0,0,0.3,1258.5,97,0,1,26.2,71,26.8,1,349,0,1,1,20.6
2026-09-11T05:50:00+05:30,2026-09-11 05:50:00,20,20,19.5,0,0,3.5,350,0,0,0,0,0.3,1258.5,97,0,0.3,26.2,71,26.8,1,329,0,1,1,20.6
2026-09-11T05:45:00+05:30,2026-09-11 05:45:00,20,20,19.5,0,0,3.5,338,0,0,0,0,0.3,1258.5,97,0,0.1,26.2,71,26.8,1,338,0,1,1,20.6
2026-09-11T05:40:00+05:30,2026-09-11 05:40:00,20,20,19.5,0,0,3.5,29,0,0,0,0,0.3,1258.5,97,0,0,26.2,71,26.8,1,342,0,1,1,20.6
2026-09-11T05:35:00+05:30,2026-09-11 05:35:00,20,20,19.5,0,0,3.5,342,0,0,0,0,0.3,1258.5,97,0,0,26.2,71,26.8,1,342,0,1,1,20.6
2026-09-11T05:30:00+05:30,2026-09-11 05:30:00,20,20,19.5,0,0,3.5,347,0,0,0,0,0.3,1258.5,97,0,0,26.2,71,26.8,1,334,0,1,1,20.6
2026-09-11T05:25:00+05:30,2026-09-11 05:25:00,20.1,20.7,19.6,0,0,3.5,334,0,0,0,0,0.3,1258.5,97,0,0,26.2,71,26.8,1,334,0,1,1,20.6
2026-09-11T05:20:00+05:30,2026-09-11 05:20:00,20.1,20.7,19.6,0,0,3.5,11,0,0,0,0,0.3,1258.5,97,0,0,26.3,71,26.8,1,336,0,1,1,20.6
2026-09-11T05:15:00+05:30,2026-09-11 05:15:00,20.1,20.7,19.6,0,0,3.5,327,0,0,0,0,0.3,1258.5,97,0,0,26.3,71,26.8,1,353,0,1,1,20.6
2026-09-11T05:10:00+05:30,2026-09-11 05:10:00,20.1,20.7,19.6,0,0,3.5,353,0,0,0,0,0.3,1258.5,97,0,0,26.3,71,26.8,1,353,0,1,1,20.6
2026-09-11T05:05:00+05:30,2026-09-11 05:05:00,20.2,20.8,19.7,0,0,3.5,353,0,0,0,0,0.3,1258.5,97,0,0,26.3,71,26.8,1,353,0,1,1,20.6
2026-09-11T05:00:00+05:30,2026-09-11 05:00:00,20.2,20.8,19.7,0,0,3.5,355,0,0,0,0,0.3,1258.5,97,0,0,26.3,71,26.8,1,355,0,1,1,20.6
2026-09-11T04:55:00+05:30,2026-09-11 04:55:00,20.2,20.8,19.7,0,0,3.5,356,0,0,0,0,0.3,1258.5,97,0,0,26.4,71,26.9,1,356,0,1,1,20.7
2026-09-11T04:50:00+05:30,2026-09-11 04:50:00,20.2,20.8,19.7,0,0,3.5,356,0,0,0,0,0.3,1258.5,97,0,0,26.4,71,26.9,1,356,0,1,1,20.7
2026-09-11T04:45:00+05:30,2026-09-11 04:45:00,20.2,20.8,19.7,0,0,3.5,9,0,0,0,0,0.3,1258.5,97,0,0,26.4,71,26.9,1,351,0,1,1,20.7
2026-09-11T04:40:00+05:30,2026-09-11 04:40:00,20.2,20.8,19.7,0,0,0,17,0,0,0,0,0.3,1258.5,97,0,0,26.4,71,26.9,1,346,0,1,1,20.7
2026-09-11T04:35:00+05:30,2026-09-11 04:35:00,20.2,20.8,19.7,0,0,0,349,0,0,0,0,0.3,1258.5,97,0,0,26.4,71,26.9,1,340,0,1,1,20.7
2026-09-11T04:30:00+05:30,2026-09-11 04:30:00,20.3,20.9,19.8,0,0,0,13,0,0,0,0,0.3,1258.5,97,0,0,26.5,71,27.1,1,331,0,1,1,20.8
2026-09-11T04:25:00+05:30,2026-09-11 04:25:00,20.3,20.9,19.8,0,0,0,331,0,0,0,0,0.3,1258.5,97,0,0,26.5,71,27.1,1,343,0,1,1,20.8
2026-09-11T04:20:00+05:30,2026-09-11 04:20:00,20.3,20.9,19.8,0,0,0,343,0,0,0,0,0.3,1258.5,97,0,0,26.5,71,27.1,1,343,0,1,1,20.8
2026-09-11T04:15:00+05:30,2026-09-11 04:15:00,20.3,20.9,19.8,0,0,0,343,0,0,0,0,0.3,1258.5,97,0,0,26.5,71,27.1,1,343,0,1,1,20.8
2026-09-11T04:10:00+05:30,2026-09-11 04:10:00,20.3,20.9,19.8,0,0,0,342,0,0,0,0,0.3,1258.5,97,0,0,26.5,71,27.1,1,340,0,1,1,20.8
2026-09-11T04:05:00+05:30,2026-09-11 04:05:00,20.4,21,19.9,0,0,0,8,0,0,0,0,0.3,1258.5,97,0,0,26.6,71,27.2,1,326,0,1,1,20.9
2026-09-11T04:00:00+05:30,2026-09-11 04:00:00,20.4,21,19.9,0,0,0,10,0,0,0,0,0.3,1258.5,97,0,0,26.6,71,27.2,1,334,0,1,1,20.9
2026-09-11T03:55:00+05:30,2026-09-11 03:55:00,20.4,21,19.9,0,0,0,336,0,0,0,0,0.3,1258.5,97,0,0,26.6,71,27.2,1,336,0,1,1,20.9
2026-09-11T03:50:00+05:30,2026-09-11 03:50:00,20.4,21,19.9,0,0,0,355,0,0,0,0,0.3,1258.5,97,0,0,26.6,71,27.2,1,324,0,1,1,20.9
2026-09-11T03:45:00+05:30,2026-09-11 03:45:00,20.5,21.2,20.2,0,0,0,333,0,0,0,0,0.3,1258.5,98,0,0,26.6,71,27.2,1,331,0,1,1,20.9
2026-09-11T03:40:00+05:30,2026-09-11 03:40:00,20.5,21.1,20,0,0,0,333,0,0,0,0,0.3,1258.5,97,0,0,26.6,71,27.2,1,333,0,1,1,20.9
2026-09-11T03:35:00+05:30,2026-09-11 03:35:00,20.5,21.1,20,0,0,0,333,0,0,0,0,0.3,1258.5,97,0,0,26.7,71,28.4,1,333,0,1,1,21
2026-09-11T03:30:00+05:30,2026-09-11 03:30:00,20.5,21.1,20,0,0,0,341,0,0,0,0,0.3,1258.5,97,0,0,26.7,71,28.4,1,356,0,1,1,21
2026-09-11T03:25:00+05:30,2026-09-11 03:25:00,20.6,21.3,20.1,0,0,0,338,0,0,0,0,0.3,1258.5,97,0,0,26.7,71,28.4,1,338,0,1,1,21
2026-09-11T03:20:00+05:30,2026-09-11 03:20:00,20.6,21.3,20.3,0,0,0,337,0,0,0,0,0.3,1258.5,98,0,0,26.7,72,28.6,1,337,0,1,1,21.2
2026-09-11T03:15:00+05:30,2026-09-11 03:15:00,20.6,21.3,20.1,0,0,0,337,0,0,0,0,0.3,1258.5,97,0,0,26.7,72,28.6,1,342,0,1,1,21.2
2026-09-11T03:10:00+05:30,2026-09-11 03:10:00,20.7,21.4,20.2,0,0,0,11,0,0,0,0,0.3,1258.5,97,0,0,26.8,72,28.6,1,351,0,1,1,21.3
2026-09-11T03:05:00+05:30,2026-09-11 03:05:00,20.8,21.4,20.3,0,0,0,0,0,0,0,0,0.3,1258.5,97,0,0,26.8,72,28.6,1,352,0,1,1,21.3
2026-09-11T03:00:00+05:30,2026-09-11 03:00:00,20.7,21.4,20.2,0,0,0,352,0,0,0,0,0.3,1258.5,97,0,0,26.8,72,28.6,1,352,0,1,1,21.3
2026-09-11T02:55:00+05:30,2026-09-11 02:55:00,20.8,21.4,20.3,0,0,0,352,0,0,0,0,0.3,1258.5,97,0,0,26.8,72,28.6,1,352,0,1,1,21.3
2026-09-11T02:50:00+05:30,2026-09-11 02:50:00,20.8,21.4,20.3,0,0,0,334,0,0,0,0,0.3,1258.5,97,0,0,26.9,72,28.8,1,334,0,1,1,21.4
2026-09-11T02:45:00+05:30,2026-09-11 02:45:00,20.9,21.6,20.4,0,0,0,342,0,0,0,0,0.3,1258.5,97,0,0,26.8,72,28.6,1,342,0,1,1,21.3
2026-09-11T02:40:00+05:30,2026-09-11 02:40:00,20.9,21.6,20.4,0,0,0,346,0,0,0,0,0.3,1258.5,97,0,0,26.9,72,28.8,1,343,0,1,1,21.4
2026-09-11T02:35:00+05:30,2026-09-11 02:35:00,20.9,21.6,20.4,0,0,0,352,0,0,0,0,0.3,1258.5,97,0,0,26.9,72,28.8,1,352,0,1,1,21.4
2026-09-11T02:30:00+05:30,2026-09-11 02:30:00,21,21.7,20.5,0,0,0,352,0,0,0,0,0.3,1258.5,97,0,0,26.9,72,28.8,1,353,0,1,1,21.4
2026-09-11T02:25:00+05:30,2026-09-11 02:25:00,21,21.7,20.5,0,0,0,22,0,0,0,0,0.3,1258.5,97,0,0,26.9,72,28.8,1,345,0,1,1,21.4
2026-09-11T02:20:00+05:30,2026-09-11 02:20:00,21,21.7,20.5,0,0,0,345,0,0,0,0,0.3,1258.5,97,0,0,27,72,29,1,342,0,1,1,21.5
2026-09-11T02:15:00+05:30,2026-09-11 02:15:00,21.1,21.8,20.6,0,0,0,336,0,0,0,0,0.3,1258.5,97,0,0,27,72,29,1,336,0,1,1,21.5
2026-09-11T02:10:00+05:30,2026-09-11 02:10:00,21.1,21.8,20.6,0,0,0,340,0,0,0,0,0.3,1258.5,97,0,0,27,72,29,1,340,0,1,1,21.5
2026-09-11T02:05:00+05:30,2026-09-11 02:05:00,21.1,21.8,20.6,0,0,0,337,0,0,0,0,0.3,1258.5,97,0,0,27,72,29,1,337,0,1,1,21.5
2026-09-11T02:00:00+05:30,2026-09-11 02:00:00,21.2,21.9,20.7,0,0,0,337,0,0,0,0,0.3,1258.5,97,0,0,27.1,72,29.2,1,337,0,1,1,21.6
2026-09-11T01:55:00+05:30,2026-09-11 01:55:00,21.3,22,20.8,0,0,0,338,0,0,0,0,0.3,1258.5,97,0,0,27.1,72,29.2,1,338,0,1,1,21.6
2026-09-11T01:50:00+05:30,2026-09-11 01:50:00,21.3,22,20.8,0,0,0,339,0,0,0,0,0.3,1258.5,97,0,0,27.1,72,29.2,1,343,0,1,1,21.6
2026-09-11T01:45:00+05:30,2026-09-11 01:45:00,21.4,22.1,20.9,0,0,0,351,0,0,0,0,0.3,1258.5,97,0,0,27.1,72,29.2,1,351,0,1,1,21.6
2026-09-11T01:40:00+05:30,2026-09-11 01:40:00,21.4,22.1,20.9,0,0,0,28,0,0,0,0,0.3,1258.5,97,0,0,27.1,72,29.2,1,326,0,1,1,21.6
2026-09-11T01:35:00+05:30,2026-09-11 01:35:00,21.6,22.4,21.1,0,0,0,325,0,0,0,0,0.3,1258.5,97,0,0,27.2,72,29.4,1,344,0,1,1,21.7
2026-09-11T01:30:00+05:30,2026-09-11 01:30:00,21.5,22.2,21,0,0,0,344,0,0,0,0,0.3,1258.5,97,0,0,27.2,72,29.4,1,344,0,1,1,21.7
2026-09-11T01:25:00+05:30,2026-09-11 01:25:00,21.6,22.4,21.1,0,0,0,346,0,0,0,0,0.3,1258.5,97,0,0,27.2,72,29.4,1,12,0,1,1,21.7
2026-09-11T01:20:00+05:30,2026-09-11 01:20:00,21.6,22.4,21.1,0,0,0,12,0,0,0,0,0.3,1258.5,97,0,0,27.2,72,29.4,1,12,0,1,1,21.7
2026-09-11T01:15:00+05:30,2026-09-11 01:15:00,21.6,22.4,21.1,0,0,0,39,0,0,0,0,0.3,1258.5,97,0,0,27.2,72,29.4,1,338,0,1,1,21.7
2026-09-11T01:10:00+05:30,2026-09-11 01:10:00,21.7,22.5,21.2,0,0,0,340,0,0,0,0,0.3,1258.5,97,0,0,27.2,72,29.4,1,348,0,1,1,21.7
2026-09-11T01:05:00+05:30,2026-09-11 01:05:00,21.7,22.5,21.2,0,0,0,345,0,0,0,0,0.3,1258.5,97,0,0,27.3,72,29.6,1,348,0,1,1,21.8
2026-09-11T01:00:00+05:30,2026-09-11 01:00:00,21.7,22.5,21.2,0,0,0,3,0,0,0,0,0.3,1258.5,97,0,0,27.3,72,29.6,1,356,0,1,1,21.8
2026-09-11T00:55:00+05:30,2026-09-11 00:55:00,21.8,22.5,21.3,0,0,0,330,0,0,0,0,0.3,1258.5,97,0,0,27.3,72,29.6,1,348,0,1,1,21.8
2026-09-11T00:50:00+05:30,2026-09-11 00:50:00,21.9,22.7,21.4,0,0,0,356,0,0,0,0,0.3,1258.5,97,0,0,27.3,72,29.6,1,342,0,1,1,21.8
2026-09-11T00:45:00+05:30,2026-09-11 00:45:00,21.9,22.7,21.4,0,0,0,343,0,0,0,0,0.3,1258.5,97,0,0,27.4,72,29.7,1,350,0,1,1,21.9
2026-09-11T00:40:00+05:30,2026-09-11 00:40:00,22,22.8,21.5,0,0,0,7,0,0,0,0,0.3,1258.5,97,0,0,27.4,72,29.7,1,344,0,1,1,21.9
2026-09-11T00:35:00+05:30,2026-09-11 00:35:00,22,22.8,21.5,0,0,0,344,0,0,0,0,0.3,1258.5,97,0,0,27.4,72,29.7,1,344,0,1,1,21.9
2026-09-11T00:30:00+05:30,2026-09-11 00:30:00,22.1,22.9,21.6,0,0,0,344,0,0,0,0,0.3,1258.5,97,0,0,27.5,72,29.9,1,344,0,1,1,22
2026-09-11T00:25:00+05:30,2026-09-11 00:25:00,22.2,23,21.7,0,0,0,337,0,0,0,0,0.3,1258.5,97,0,0,27.4,72,29.7,1,352,0,1,1,21.9
2026-09-11T00:20:00+05:30,2026-09-11 00:20:00,22.2,23,21.7,0,0,0,352,0,0,0,0,0.3,1258.5,97,0,0,27.5,72,29.9,1,357,0,1,1,22
2026-09-11T00:15:00+05:30,2026-09-11 00:15:00,22.3,23.1,21.6,0,0,0,349,0,0,0,0,0.3,1258.5,96,0,0,27.5,72,29.9,1,357,0,1,1,22
2026-09-11T00:10:00+05:30,2026-09-11 00:10:00,22.4,23.2,21.7,0,0,0,355,0,0,0,0,0.3,1258.5,96,0,0,27.5,72,29.9,1,4,0,1,1,22
2026-09-11T00:05:00+05:30,2026-09-11 00:05:00,22.5,23.3,21.8,0,0,0,358,0,0,0,0,0.3,1258.5,96,0,0,27.5,72,29.9,1,358,0,1,1,22
2026-09-11T00:00:00+05:30,2026-09-11 00:00:00,22.6,23.4,21.9,0,0,0,359,0,0,0,0,0.3,1258.5,96,0,0,27.5,72,29.9,1,309,0,1,1,22
2026-09-10T23:55:00+05:30,2026-09-10 23:55:00,22.7,23.6,22,0,0,23.8,316,0,0,0,0,0.3,1258.5,96,0,0,27.5,72,29.9,1,328,0,1,1,22
2026-09-10T23:50:00+05:30,2026-09-10 23:50:00,22.6,23.4,21.9,0,0,23.8,15,0,0,0,0,0.3,1258.5,96,0,0,27.6,72,30.2,1,7,0,1,1,22.1
2026-09-10T23:45:00+05:30,2026-09-10 23:45:00,22.7,23.6,22,0,0,23.8,3,0,0,0,0,0.3,1258.5,96,0,0,27.6,72,30.2,1,3,0,1,1,22.1
2026-09-10T23:40:00+05:30,2026-09-10 23:40:00,22.7,23.6,22,0,0,23.8,5,0,0,0,0,0.3,1258.5,96,0,0,27.6,72,30.2,1,5,0,1,1,22.1
2026-09-10T23:35:00+05:30,2026-09-10 23:35:00,22.8,23.6,22.1,0,0,23.8,11,0,0,0,0,0.3,1258.5,96,0,0,27.6,72,30.2,1,345,0,1,1,22.1
2026-09-10T23:30:00+05:30,2026-09-10 23:30:00,22.8,23.6,22.1,0,0,23.8,346,0,0,0,0,0.3,1258.5,96,0,0,27.6,72,30.2,1,346,0,1,1,22.1
2026-09-10T23:25:00+05:30,2026-09-10 23:25:00,22.9,23.7,22.2,0,0,23.8,346,0,0,0,0,0.3,1258.5,96,0,0,27.7,72,30.4,1,345,0,1,1,22.2
2026-09-10T23:20:00+05:30,2026-09-10 23:20:00,22.9,23.7,22,0,0,23.8,346,0,0,0,0,0.3,1258.5,95,0,0,27.7,72,30.4,1,345,0,1,1,22.2
2026-09-10T23:15:00+05:30,2026-09-10 23:15:00,23,23.8,22.2,0,0,23.8,346,0,0,0,0,0.3,1258.5,95,0,0,27.7,72,30.4,1,337,0,1,1,22.2
2026-09-10T23:10:00+05:30,2026-09-10 23:10:00,23.1,24,22.3,0,0,23.8,337,0,0,0,0,0.3,1258.5,95,0,0,27.7,72,30.4,1,2,0,1,1,22.2
2026-09-10T23:05:00+05:30,2026-09-10 23:05:00,23.1,24,22.3,0,0,23.8,11,0,0,0,0,0.3,1258.5,95,0,0,27.7,72,30.4,1,0,0,1,1,22.2
2026-09-10T23:00:00+05:30,2026-09-10 23:00:00,23.1,24,22.3,0,0,23.8,350,0,0,0,0,0.3,1258.5,95,0,0,27.8,72,30.5,1,351,0,1,1,22.3
2026-09-10T22:55:00+05:30,2026-09-10 22:55:00,23.1,24,22.3,0,0,23.8,309,0,0,0,0,0.3,1258.5,95,0,0,27.8,72,30.5,1,2,0,1,1,22.3
2026-09-10T22:50:00+05:30,2026-09-10 22:50:00,23.1,24,22.3,0,0,23.8,353,0,0,0,0,0.3,1258.5,95,0,0,27.8,72,30.5,1,353,0,1,1,22.3
2026-09-10T22:45:00+05:30,2026-09-10 22:45:00,23.2,24.1,22.4,0,0,23.8,9,0,0,0,0,0.3,1258.5,95,0,0,27.8,72,30.5,1,349,0,1,1,22.3
2026-09-10T22:40:00+05:30,2026-09-10 22:40:00,23.2,24.1,22.4,0,0,23.8,345,0,0,0,0,0.3,1258.5,95,0,0,27.8,72,30.5,1,357,0,1,1,22.3
2026-09-10T22:35:00+05:30,2026-09-10 22:35:00,23.3,24.1,22.4,0,0,23.8,2,0,0,0,0,0.3,1258.5,95,0,0,27.8,72,30.5,1,353,0,1,1,22.3
2026-09-10T22:30:00+05:30,2026-09-10 22:30:00,23.3,24.1,22.4,0,0,23.8,2,0,0,0,0,0.3,1258.5,95,0,0,27.9,72,30.7,1,354,0,1,1,22.4
2026-09-10T22:25:00+05:30,2026-09-10 22:25:00,23.3,24.1,22.3,0,0,23.8,354,0,0,0,0,0.3,1258.5,94,0,0,27.9,72,30.7,1,321,0,1,1,22.4
2026-09-10T22:20:00+05:30,2026-09-10 22:20:00,23.3,24.1,22.3,0,0,23.8,321,0,0,0,0,0.3,1258.5,94,0,0,27.9,72,30.7,1,321,0,1,1,22.4
2026-09-10T22:15:00+05:30,2026-09-10 22:15:00,23.3,24.1,22.3,0,0,23.8,321,0,0,0,0,0.3,1258.5,94,0,0,27.9,71,30.6,1,321,0,1,1,22.1
2026-09-10T22:10:00+05:30,2026-09-10 22:10:00,23.3,24.1,22.3,0,0,23.8,321,0,0,0,0,0.3,1258.5,94,0,0,27.9,71,30.6,1,321,0,1,1,22.1
2026-09-10T22:05:00+05:30,2026-09-10 22:05:00,23.4,24.2,22.4,0,0,23.8,321,0,0,0,0,0.3,1258.5,94,0,0,28,71,30.8,1,321,0,1,1,22.2
2026-09-10T22:00:00+05:30,2026-09-10 22:00:00,23.5,24.4,22.5,0,0,23.8,321,0,0,0,0,0.3,1258.5,94,0,0,28,71,30.8,1,321,0,1,1,22.2
2026-09-10T21:55:00+05:30,2026-09-10 21:55:00,23.6,24.5,22.6,0,0,23.8,321,0,0,0,0,0.3,1258.5,94,0,0,28,71,30.8,1,321,0,1,1,22.2
2026-09-10T21:50:00+05:30,2026-09-10 21:50:00,23.6,24.5,22.6,0,0,23.8,321,0,0,0,0,0.3,1258.5,94,0,0,28,71,30.8,1,321,0,1,1,22.2
2026-09-10T21:45:00+05:30,2026-09-10 21:45:00,23.6,24.5,22.6,0,0,23.8,321,0,0,0,0,0.3,1258.5,94,0,0,28,71,30.8,1,321,0,1,1,22.2
2026-09-10T21:40:00+05:30,2026-09-10 21:40:00,23.6,24.5,22.4,0,0,23.8,321,0,0,0,0,0.3,1258.5,93,0,0,28,71,30.8,1,321,0,1,1,22.2
2026-09-10T21:35:00+05:30,2026-09-10 21:35:00,23.7,24.6,22.5,0,0,23.8,321,0,0,0,0,0.3,1258.5,93,0,0,28.1,71,31,1,321,0,1,1,22.3
2026-09-10T21:30:00+05:30,2026-09-10 21:30:00,23.8,24.6,22.6,0,0,23.8,321,0,0,0,0,0.3,1258.5,93,0,0,28.1,71,31,1,321,0,1,1,22.3
2026-09-10T21:25:00+05:30,2026-09-10 21:25:00,24,24.9,22.6,0,0,23.8,321,0,0,0,0,0.3,1258.5,92,0,0,28.1,71,31,1,320,0,1,1,22.3
2026-09-10T21:20:00+05:30,2026-09-10 21:20:00,24.1,25,22.7,0,0,23.8,320,0,0,0,0,0.3,1258.5,92,0,0,28.1,71,31,1,320,0,1,1,22.3
2026-09-10T21:15:00+05:30,2026-09-10 21:15:00,24.1,25,22.7,0,0,23.8,320,0,0,0,0,0.3,1258.5,92,0,0,28.2,71,31.2,1,320,0,1,1,22.4
2026-09-10T21:10:00+05:30,2026-09-10 21:10:00,24.2,25.1,22.7,0,0,23.8,320,0,0,0,0,0.3,1258.5,91,0,0,28.2,71,31.2,1,320,0,1,1,22.4
2026-09-10T21:05:00+05:30,2026-09-10 21:05:00,24.3,25.1,22.7,0,0,23.8,320,0,0,0,0,0.3,1258.5,91,0,0,28.2,71,31.2,1,320,0,1,1,22.4
2026-09-10T21:00:00+05:30,2026-09-10 21:00:00,24.3,25.1,22.7,0,0,23.8,320,0,0,0,0,0.3,1258.5,91,0,0,28.2,71,31.2,1,320,0,1,1,22.4
2026-09-10T20:55:00+05:30,2026-09-10 20:55:00,24.3,25.1,22.7,0,0,23.8,320,0,0,0,0,0.3,1258.5,91,0,0,28.2,71,31.2,1,320,0,1,1,22.4
2026-09-10T20:50:00+05:30,2026-09-10 20:50:00,24.3,25.1,22.7,0,0,23.8,320,0,0,0,0,0.3,1258.5,91,0,0,28.2,70,31.1,1,320,0,1,1,22.2
2026-09-10T20:45:00+05:30,2026-09-10 20:45:00,24.4,25.3,22.8,0,0,23.8,320,0,0,0,0,0.3,1258.5,91,0,0,28.3,70,31.2,1,320,0,1,1,22.3
2026-09-10T20:40:00+05:30,2026-09-10 20:40:00,24.4,25.3,22.8,0,0,23.8,320,0,0,0,0,0.3,1258.5,91,0,0,28.3,70,31.2,1,320,0,1,1,22.3
2026-09-10T20:35:00+05:30,2026-09-10 20:35:00,24.5,25.4,22.7,0,0,23.8,320,0,0,0,0,0.3,1258.5,90,0,0,28.3,70,31.2,1,320,0,1,1,22.3
2026-09-10T20:30:00+05:30,2026-09-10 20:30:00,24.5,25.4,22.7,0,0,23.8,320,0,0,0,0,0.3,1258.5,90,0,0,28.3,70,31.2,1,320,0,1,1,22.3
2026-09-10T20:25:00+05:30,2026-09-10 20:25:00,24.6,25.5,22.9,0,0,23.8,320,0,0,0,0,0.3,1258.5,90,0,0,28.4,70,31.4,1,320,0,1,1,22.4
2026-09-10T20:20:00+05:30,2026-09-10 20:20:00,24.6,25.5,22.9,0,0,23.8,313,0,0,0,0,0.3,1258.5,90,0,0,28.4,70,31.4,1,313,0,1,1,22.4
2026-09-10T20:15:00+05:30,2026-09-10 20:15:00,24.6,25.5,22.9,0,0,23.8,313,0,0,0,0,0.3,1258.5,90,0,0,28.4,70,31.4,1,313,0,1,1,22.4
2026-09-10T20:10:00+05:30,2026-09-10 20:10:00,24.8,25.6,22.8,0,0,23.8,313,0,0,0,0,0.3,1258.5,89,0,0,28.4,70,31.4,1,313,0,1,1,22.4
2026-09-10T20:05:00+05:30,2026-09-10 20:05:00,24.8,25.6,22.8,0,0,23.8,313,0,0,0,0,0.3,1258.5,89,0,0,28.4,69,31.3,1,313,0,1,1,22.2
2026-09-10T20:00:00+05:30,2026-09-10 20:00:00,25,25.9,22.9,0,0,23.8,313,0,0,0,0,0.3,1258.5,88,0,0,28.4,69,31.3,1,313,0,1,1,22.2
2026-09-10T19:55:00+05:30,2026-09-10 19:55:00,25.2,26.1,23.1,0,0,23.8,313,0,0,0,0,0.3,1258.5,88,0,0,28.5,69,31.5,1,313,0,1,1,22.2
2026-09-10T19:50:00+05:30,2026-09-10 19:50:00,25.2,26.1,22.9,0,0,23.8,313,0,0,0,0,0.3,1258.5,87,0,0,28.5,69,31.5,1,313,0,1,1,22.2
2026-09-10T19:45:00+05:30,2026-09-10 19:45:00,25.2,26.1,22.9,0,0,23.8,313,0,0,0,0,0.3,1258.5,87,0,0,28.5,69,31.5,1,313,0,1,1,22.2
2026-09-10T19:40:00+05:30,2026-09-10 19:40:00,25.3,26.1,23,0,0,23.8,313,0,0,0,0,0.3,1258.5,87,0,0,28.5,69,31.5,1,313,0,1,1,22.2
2026-09-10T19:35:00+05:30,2026-09-10 19:35:00,25.4,26.3,23.1,0,0,23.8,313,0,0,0,0,0.3,1258.5,87,0,0,28.5,69,31.5,1,313,0,1,1,22.2
2026-09-10T19:30:00+05:30,2026-09-10 19:30:00,25.3,26.1,23,0,0,23.8,313,0,0,0,0,0.3,1258.5,87,0,0,28.6,69,31.7,1,329,0,1,1,22.3
2026-09-10T19:25:00+05:30,2026-09-10 19:25:00,25.4,26.2,22.9,0,0,23.8,329,0,0,0,0,0.3,1258.5,86,0,0,28.6,69,31.7,1,329,0,1,1,22.3
2026-09-10T19:20:00+05:30,2026-09-10 19:20:00,25.5,26.4,23,0,0,23.8,329,0,0,0,0,0.3,1258.5,86,0,0,28.6,68,31.6,1,329,0,1,1,22.1
2026-09-10T19:15:00+05:30,2026-09-10 19:15:00,25.4,26.2,22.9,0,0,23.8,329,0,0,0,0,0.3,1258.5,86,0,0,28.6,68,31.6,1,329,0,1,1,22.1
2026-09-10T19:10:00+05:30,2026-09-10 19:10:00,25.4,26.2,22.9,0,0,23.8,329,0,0,0,0,0.3,1258.5,86,0,0,28.7,68,31.8,1,329,0,1,1,22.2
2026-09-10T19:05:00+05:30,2026-09-10 19:05:00,25.5,26.3,22.8,0,0,23.8,329,0,0,0,0,0.3,1258.5,85,0,0,28.7,68,31.8,1,329,0,1,1,22.2
2026-09-10T19:00:00+05:30,2026-09-10 19:00:00,25.6,26.4,22.7,0,0,23.8,329,0,0,0,0,0.3,1258.5,84,0,0,28.7,68,31.8,1,329,0,1,1,22.2
2026-09-10T18:55:00+05:30,2026-09-10 18:55:00,25.6,26.4,22.7,0,0,23.8,320,0,0,0,0,0.3,1258.5,84,0,0,28.7,68,31.8,1,320,0,1,1,22.2
2026-09-10T18:50:00+05:30,2026-09-10 18:50:00,25.7,26.5,22.6,0,3.5,23.8,320,0,0,0,0,0.3,1258.5,83,0,0,28.8,68,31.9,1,288,0,1,1,22.3
2026-09-10T18:45:00+05:30,2026-09-10 18:45:00,25.9,26.7,22.6,0,0,23.8,288,0,0,0,0,0.3,1258.5,82,0,0,28.8,68,31.9,1,288,0,1,1,22.3
2026-09-10T18:40:00+05:30,2026-09-10 18:40:00,26,26.8,22.5,0,1.8,23.8,288,0,0,0,0,0.3,1258.5,81,0,0,28.8,68,31.9,1,280,1.1,1,1,22.3
2026-09-10T18:35:00+05:30,2026-09-10 18:35:00,26,26.8,22.5,1.4,3.5,23.8,273,0,0,0,0,0.3,1258.5,81,0,0,28.9,67,31.9,1,287,1.4,1,1,22.1
2026-09-10T18:30:00+05:30,2026-09-10 18:30:00,26,26.8,22.5,0,0,23.8,295,0,0,0,0,0.3,1258.5,81,0,0,28.9,67,31.9,1,303,0,1,1,22.1
2026-09-10T18:25:00+05:30,2026-09-10 18:25:00,26,26.8,22.5,0,0,23.8,312,0,0,0,0,0.3,1258.5,81,0,0.1,28.9,67,31.9,1,312,0,1,1,22.1
2026-09-10T18:20:00+05:30,2026-09-10 18:20:00,26.1,26.9,22.4,0,0,23.8,311,0,0,0,0,0.3,1258.5,80,0,0.3,29,67,32.2,1,288,0,1,1,22.2
2026-09-10T18:15:00+05:30,2026-09-10 18:15:00,26.3,27,22.3,0,0,23.8,288,0,0,0,0,0.3,1258.5,79,0,1,29.1,67,32.4,1,288,0,1,1,22.3
2026-09-10T18:10:00+05:30,2026-09-10 18:10:00,26.4,27.1,22.2,1.1,3.5,23.8,288,0,0,0,0,0.3,1258.5,78,0,2,29.1,67,32.4,1,283,0.3,1,1,22.3
2026-09-10T18:05:00+05:30,2026-09-10 18:05:00,26.5,27.3,22.6,0,3.5,23.8,284,0,0,0,0,0.3,1258.5,79,0,3.5,29.1,67,32.4,1,280,1.1,1,1,22.3
2026-09-10T18:00:00+05:30,2026-09-10 18:00:00,26.6,27.4,22.4,1.8,5.5,23.8,284,0,0,0,0,0.3,1258.5,78,0,6.1,29.2,67,32.7,1,278,1.1,1,1,22.4
2026-09-10T17:55:00+05:30,2026-09-10 17:55:00,26.8,29,22.4,0,0,23.8,273,0,0,0,0,0.3,1258.5,77,0,9,29.2,67,32.7,1,273,2.9,1,1,22.4
2026-09-10T17:50:00+05:30,2026-09-10 17:50:00,26.8,29,22.4,4.3,7.2,23.8,278,0,0,0,0,0.3,1258.5,77,0,12.7,29.3,67,32.8,1,278,4,1,1,22.5
2026-09-10T17:45:00+05:30,2026-09-10 17:45:00,26.9,29.2,22.5,0,7.2,23.8,245,0,0,0,0,0.3,1258.5,77,0,15.8,29.4,67,33,1,245,4.7,1,1,22.6
2026-09-10T17:40:00+05:30,2026-09-10 17:40:00,26.9,29.2,22.3,2.1,11.1,23.8,299,0,0,0,0,0.3,1258.5,76,0,18.8,29.4,67,33,1,290,6.4,1,1,22.6
2026-09-10T17:35:00+05:30,2026-09-10 17:35:00,27.1,29.6,22.5,9.7,11.1,23.8,319,0,0,0,0,0.3,1258.5,76,0,21.8,29.5,67,33.2,1,283,4.7,1,1,22.7
2026-09-10T17:30:00+05:30,2026-09-10 17:30:00,27.5,30.3,22.7,11.1,14.8,23.8,301,0,0,0,0,0.3,1258.5,75,0,25.8,29.5,67,33.2,1,281,4,1,1,22.7
2026-09-10T17:25:00+05:30,2026-09-10 17:25:00,27.4,30.2,22.8,3.5,11.1,23.8,290,0,0,0,0,0.3,1258.5,76,0,31.7,29.6,67,33.4,1,281,4.7,1,1,22.8
2026-09-10T17:20:00+05:30,2026-09-10 17:20:00,27.6,30.6,23,4.7,11.1,23.8,330,0,0,0,0,0.3,1258.5,76,0,43.2,29.6,66,33.3,1,268,6.9,1,1,22.6
2026-09-10T17:15:00+05:30,2026-09-10 17:15:00,27.6,30.6,23,6.1,18.3,23.8,252,0,0,0,0,0.3,1258.5,76,0,52.7,29.7,66,33.5,1,271,6.9,1,1,22.7
2026-09-10T17:10:00+05:30,2026-09-10 17:10:00,28,31.2,22.9,4.7,13,23.8,307,0,0,0,0,0.3,1258.5,74,0,55.5,29.8,66,33.6,1,284,6.4,1,1,22.7
2026-09-10T17:05:00+05:30,2026-09-10 17:05:00,28.1,31.5,23,10.1,16.6,23.8,277,0,0,0,0,0.3,1258.5,74,0,64.5,29.8,67,33.8,1,284,7.2,1,1,23
2026-09-10T17:00:00+05:30,2026-09-10 17:00:00,28.3,31.8,23.2,0.3,11.1,23.8,320,0,0,0,0,0.3,1258.5,74,0,82.6,29.9,67,34.1,1,320,5.5,1,1,23.1
2026-09-10T16:55:00+05:30,2026-09-10 16:55:00,28.6,32.6,23.5,2.9,5.5,23.8,254,0,0,0,0,0.3,1258.5,74,0,91.3,29.9,67,34.1,1,268,5.5,1,1,23.1
2026-09-10T16:50:00+05:30,2026-09-10 16:50:00,28.7,33,23.8,6.1,11.1,23.8,305,0,0,0,0,0.3,1258.5,75,1,109.6,30,66,34.1,1,277,5.5,1,1,22.9
2026-09-10T16:45:00+05:30,2026-09-10 16:45:00,29.3,34.2,24.2,2.6,13,23.8,284,0,0,0,0,0.3,1258.5,74,0,100.5,30,66,34.1,1,271,4.7,1,1,22.9
2026-09-10T16:40:00+05:30,2026-09-10 16:40:00,28.9,33.2,23.8,6.1,14.8,23.8,292,0,0,0,0,0.3,1258.5,74,1,142.4,30,66,34.1,1,254,6.4,1,1,22.9
2026-09-10T16:35:00+05:30,2026-09-10 16:35:00,29.5,34.3,23.9,14.3,18.3,23.8,283,0,0,0,0,0.3,1258.5,72,1,103.4,30,66,34.1,1,268,7.2,1,1,22.9
2026-09-10T16:30:00+05:30,2026-09-10 16:30:00,29.7,33.9,23.2,4,7.2,23.8,308,0,0,0,0,0.3,1258.5,68,1,201.7,30,65,33.9,1,280,6.1,1,1,22.7
2026-09-10T16:25:00+05:30,2026-09-10 16:25:00,29.7,33.7,22.9,9.7,13,23.8,305,0,0,0,0,0.3,1258.5,67,1,126.5,29.9,65,33.7,1,280,7.2,1,1,22.6
2026-09-10T16:20:00+05:30,2026-09-10 16:20:00,30.3,34.5,22.9,9.7,16.6,23.8,285,0,0,0,0,0.3,1258.5,65,2,216.3,29.9,65,33.7,1,293,7.9,1,1,22.6
2026-09-10T16:15:00+05:30,2026-09-10 16:15:00,30,33.9,22.7,6.4,16.6,23.8,252,0,0,0,0,0.3,1258.5,65,2,216.3,29.9,65,33.7,1,293,8.2,1,1,22.6
2026-09-10T16:10:00+05:30,2026-09-10 16:10:00,30.3,34.5,22.9,11.9,18.3,23.8,301,0,0,0,0,0.3,1258.5,65,2,230.2,29.8,65,33.4,1,289,6.4,1,1,22.5
2026-09-10T16:05:00+05:30,2026-09-10 16:05:00,30.9,35.6,23.3,1.8,13,23.8,51,0,0,0,0,0.3,1258.5,64,2,228.4,29.8,64,33.2,1,280,5.5,1,1,22.2
2026-09-10T16:00:00+05:30,2026-09-10 16:00:00,30,33.9,22.7,5.5,13,23.8,272,0,0,0,0,0.3,1258.5,65,2,275.1,29.8,64,33.2,1,278,6.1,1,1,22.2
2026-09-10T15:55:00+05:30,2026-09-10 15:55:00,30.5,35,23.2,11.9,18.3,23.8,285,0,0,0,0,0.3,1258.5,65,2,261,29.8,64,33.2,1,285,6.1,1,1,22.2
2026-09-10T15:50:00+05:30,2026-09-10 15:50:00,30.8,35.4,23.2,5.8,13,23.8,259,0,0,0,0,0.3,1258.5,64,2,240.2,29.8,65,33.4,1,283,6.1,1,1,22.5
2026-09-10T15:45:00+05:30,2026-09-10 15:45:00,30.6,35,23,6.4,11.1,23.8,289,0,0,0,0,0.3,1258.5,64,3,325.5,29.8,65,33.4,1,286,5.8,1,1,22.5
2026-09-10T15:40:00+05:30,2026-09-10 15:40:00,30.6,35,23,3.5,14.8,23.8,290,0,0,0,0,0.3,1258.5,64,2,245,29.8,65,33.4,1,280,5.8,1,1,22.5
2026-09-10T15:35:00+05:30,2026-09-10 15:35:00,30.5,34.7,22.9,7.9,13,23.8,317,0,0,0,0,0.3,1258.5,64,3,344.3,29.8,65,33.4,1,270,6.4,1,1,22.5
2026-09-10T15:30:00+05:30,2026-09-10 15:30:00,30.7,35.2,23.1,0.3,13,23.8,57,0,0,0,0,0.3,1258.5,64,3,365.9,29.8,65,33.4,1,283,5.5,1,1,22.5
2026-09-10T15:25:00+05:30,2026-09-10 15:25:00,31.1,35.9,23.2,5.5,16.6,23.8,237,0,0,0,0,0.3,1258.5,63,3,353.7,29.8,65,33.4,1,266,7.2,1,1,22.5
2026-09-10T15:20:00+05:30,2026-09-10 15:20:00,30.5,34.7,22.9,0.6,7.2,23.8,283,0,0,0,0,0.3,1258.5,64,3,377.9,29.8,64,33.2,1,283,7.2,1,1,22.2
2026-09-10T15:15:00+05:30,2026-09-10 15:15:00,30.1,33.9,22.5,2.9,11.1,23.8,332,0,0,0,0,0.3,1258.5,64,3,370.4,29.8,64,33.2,1,288,6.9,1,1,22.2
2026-09-10T15:10:00+05:30,2026-09-10 15:10:00,30.6,35,23,7.9,11.1,23.8,287,0,0,0,0,0.3,1258.5,64,3,367.3,29.8,64,33.2,1,287,6.9,1,1,22.2
2026-09-10T15:05:00+05:30,2026-09-10 15:05:00,30.6,34.5,22.5,7.9,16.6,23.8,294,0,0,0,0,0.3,1258.5,62,3,406.4,29.8,65,33.4,1,285,6.4,1,1,22.5
2026-09-10T15:00:00+05:30,2026-09-10 15:00:00,30.6,35,23,4,11.1,23.8,335,0,0,0,0,0.3,1258.5,64,3,392.9,29.8,65,33.4,1,281,5.5,1,1,22.5
2026-09-10T14:55:00+05:30,2026-09-10 14:55:00,30.9,35.4,23,2.1,9.3,23.8,105,0,0,0,0,0.3,1258.5,63,3,363.2,29.8,66,33.6,1,263,5.5,1,1,22.7
2026-09-10T14:50:00+05:30,2026-09-10 14:50:00,30.6,35,23,3.2,7.2,23.8,262,0,0,0,0,0.3,1258.5,64,3,377.6,29.7,66,33.5,1,271,4,1,1,22.7
2026-09-10T14:45:00+05:30,2026-09-10 14:45:00,30.5,34.7,22.9,0,9.3,23.8,263,0,0,0,0,0.3,1258.5,64,3,370,29.7,66,33.5,1,283,5.5,1,1,22.7
2026-09-10T14:40:00+05:30,2026-09-10 14:40:00,30.5,35.2,23.4,3.5,18.3,23.8,303,0,0,0,0,0.3,1258.5,66,3,330.4,29.7,66,33.5,1,277,8.7,1,1,22.7
2026-09-10T14:35:00+05:30,2026-09-10 14:35:00,30.4,35,23.3,2.9,9.3,23.8,319,0,0,0,0,0.3,1258.5,66,4,505.9,29.7,66,33.5,1,313,6.1,1,1,22.7
2026-09-10T14:30:00+05:30,2026-09-10 14:30:00,31.3,36.5,23.6,1.8,11.1,23.8,316,0,0,0,0,0.3,1258.5,64,4,498.3,29.7,66,33.5,1,281,3.5,1,1,22.7
2026-09-10T14:25:00+05:30,2026-09-10 14:25:00,31.1,36.1,23.5,7.6,16.6,23.8,358,0,0,0,0,0.3,1258.5,64,5,548.4,29.7,66,33.5,1,290,4.3,1,1,22.7
2026-09-10T14:20:00+05:30,2026-09-10 14:20:00,30.8,35.4,23.2,9.7,11.1,23.8,328,0,0,0,0,0.3,1258.5,64,4,417.7,29.7,67,33.7,1,288,7.2,1,1,22.9
2026-09-10T14:15:00+05:30,2026-09-10 14:15:00,29.8,34.1,23.2,9.3,16.6,23.8,284,0,0,0,0,0.3,1258.5,68,5,602.1,29.6,67,33.4,1,285,9.3,1,1,22.8
2026-09-10T14:10:00+05:30,2026-09-10 14:10:00,30.1,34.8,23.5,8.7,14.8,23.8,276,0,0,0,0,0.3,1258.5,68,2,247.7,29.7,67,33.7,1,285,4.7,1,1,22.9
2026-09-10T14:05:00+05:30,2026-09-10 14:05:00,31.4,36.8,23.7,7.2,11.1,23.8,264,0,0,0,0,0.3,1258.5,64,5,553.2,29.7,67,33.7,1,284,4,1,1,22.9
2026-09-10T14:00:00+05:30,2026-09-10 14:00:00,30.6,35.2,23.3,1.1,9.3,23.8,275,0,0,0,0,0.3,1258.5,65,5,585.6,29.6,68,33.7,1,282,6.4,1,1,23.1
2026-09-10T13:55:00+05:30,2026-09-10 13:55:00,30.2,35.1,23.6,3.2,14.8,23.8,8,0,0,0,0,0.3,1258.5,68,2,251.2,29.6,68,33.7,1,256,6.4,1,1,23.1
2026-09-10T13:50:00+05:30,2026-09-10 13:50:00,30.3,35.2,23.7,3.5,9.3,23.8,291,0,0,0,0,0.3,1258.5,68,5,612,29.6,67,33.4,1,329,6.1,1,1,22.8
2026-09-10T13:45:00+05:30,2026-09-10 13:45:00,30,34.3,23.2,10.1,16.6,23.8,272,0,0,0,0,0.3,1258.5,67,4,446.5,29.6,68,33.7,1,276,7.6,1,1,23.1
2026-09-10T13:40:00+05:30,2026-09-10 13:40:00,29.8,34.5,23.7,7.2,11.1,23.8,277,0,0,0,0,0.3,1258.5,70,7,733.9,29.5,68,33.4,1,285,7.2,1,1,22.9
2026-09-10T13:35:00+05:30,2026-09-10 13:35:00,29.9,35,24,9.3,16.6,23.8,261,0,0,0,0,0.3,1258.5,71,2,300.5,29.5,68,33.4,1,276,5.8,1,1,22.9
2026-09-10T13:30:00+05:30,2026-09-10 13:30:00,30.4,35.5,23.8,3.5,7.2,23.8,324,0,0,0,0,0.3,1258.5,68,5,603.1,29.5,68,33.4,1,285,5.8,1,1,22.9
2026-09-10T13:25:00+05:30,2026-09-10 13:25:00,29.7,34.1,23.4,0,9.3,23.8,329,0,0,0,0,0.3,1258.5,69,5,596.8,29.5,68,33.4,1,278,7.9,1,1,22.9
2026-09-10T13:20:00+05:30,2026-09-10 13:20:00,30.6,35.8,23.8,10.5,16.6,23.8,284,0,0,0,0,0.3,1258.5,67,6,620.8,29.4,68,33.2,1,288,6.4,1,1,22.8
2026-09-10T13:15:00+05:30,2026-09-10 13:15:00,29.9,34.5,23.6,2.9,7.2,23.8,296,0,0,0,0,0.3,1258.5,69,6,622.8,29.4,68,33.2,1,270,5.5,1,1,22.8
2026-09-10T13:10:00+05:30,2026-09-10 13:10:00,30.8,36.7,24.4,4,9.3,23.8,234,0,0,0,0,0.3,1258.5,69,6,638.8,29.4,69,33.4,1,284,5.5,1,1,23.1
2026-09-10T13:05:00+05:30,2026-09-10 13:05:00,30.5,36,24.2,6.9,13,23.8,289,0,0,0,0,0.3,1258.5,69,3,381.8,29.3,69,33.2,1,289,3.5,1,1,23
2026-09-10T13:00:00+05:30,2026-09-10 13:00:00,30.1,35.3,24,2.6,13,23.8,289,0,0,0,0,0.3,1258.5,70,4,512.9,29.3,69,33.2,1,283,2.6,1,1,23
2026-09-10T12:55:00+05:30,2026-09-10 12:55:00,29.9,34.5,23.6,3.5,9.3,23.8,296,0,0,0,0,0.3,1258.5,69,5,599.4,29.3,69,33.2,1,268,3.5,1,1,23
2026-09-10T12:50:00+05:30,2026-09-10 12:50:00,29.4,33.6,23.3,9.3,14.8,23.8,281,0,0,0,0,0.3,1258.5,70,6,660.2,29.2,69,33,1,283,6.1,1,1,22.9
2026-09-10T12:45:00+05:30,2026-09-10 12:45:00,29.4,33.8,23.6,2.1,14.8,23.8,276,0,0,0,0,0.3,1258.5,71,5,564.7,29.3,69,33.2,1,285,7.9,1,1,23
2026-09-10T12:40:00+05:30,2026-09-10 12:40:00,29.4,33.6,23.3,9.7,14.8,23.8,261,0,0,0,0,0.3,1258.5,70,6,625.3,29.3,68,32.9,1,285,8.7,1,1,22.7
2026-09-10T12:35:00+05:30,2026-09-10 12:35:00,30,34.8,23.7,14.8,23.8,23.8,243,0,0,0,0,0.3,1258.5,69,3,328.5,29.3,69,33.2,1,278,6.1,1,1,23
2026-09-10T12:30:00+05:30,2026-09-10 12:30:00,30.2,35.3,23.9,5.5,9.3,20.1,297,0,0,0,0,0.3,1258.5,69,6,653.9,29.3,69,33.2,1,286,4.7,1,1,23
2026-09-10T12:25:00+05:30,2026-09-10 12:25:00,30,35,23.9,6.4,13,20.1,298,0,0,0,0,0.3,1258.5,70,6,698.5,29.2,69,33,1,284,2.9,1,1,22.9
2026-09-10T12:20:00+05:30,2026-09-10 12:20:00,30.3,35.2,23.7,0.3,5.5,20.1,285,0,0,0,0,0.3,1258.5,68,2,274.4,29.2,69,33,1,329,3.5,1,1,22.9
2026-09-10T12:15:00+05:30,2026-09-10 12:15:00,29.9,34.8,23.8,7.2,9.3,20.1,329,0,0,0,0,0.3,1258.5,70,6,716.9,29.2,69,33,1,307,4.7,1,1,22.9
2026-09-10T12:10:00+05:30,2026-09-10 12:10:00,29.7,33.9,23.2,9,13,20.1,286,0,0,0,0,0.3,1258.5,68,8,852.8,29.1,69,32.8,1,284,6.1,1,1,22.8
2026-09-10T12:05:00+05:30,2026-09-10 12:05:00,29.8,34.5,23.7,0.3,14.8,20.1,299,0,0,0,0,0.3,1258.5,70,1,186.2,29.1,69,32.8,1,274,6.9,1,1,22.8
2026-09-10T12:00:00+05:30,2026-09-10 12:00:00,30.1,34.6,23.3,6.4,9.3,20.1,274,0,0,0,0,0.3,1258.5,67,8,825.8,29,69,32.6,1,277,4,1,1,22.7
2026-09-10T11:55:00+05:30,2026-09-10 11:55:00,29.7,34.1,23.4,3.5,9.3,20.1,286,0,0,0,0,0.3,1258.5,69,7,754.6,28.9,69,32.3,1,279,5.5,1,1,22.6
2026-09-10T11:50:00+05:30,2026-09-10 11:50:00,29.6,33.9,23.3,7.2,13,20.1,285,0,0,0,0,0.3,1258.5,69,7,763.2,28.8,69,32.1,1,285,7.9,1,1,22.5
2026-09-10T11:45:00+05:30,2026-09-10 11:45:00,28.9,32.7,23.1,10.8,14.8,20.1,274,0,0,0,0,0.3,1258.5,71,8,852.7,28.8,69,32.1,1,284,7.9,1,1,22.5
2026-09-10T11:40:00+05:30,2026-09-10 11:40:00,28.9,32.7,23.1,7.2,13,20.1,222,0,0,0,0,0.3,1258.5,71,2,247,28.8,69,32.1,1,284,6.1,1,1,22.5
2026-09-10T11:35:00+05:30,2026-09-10 11:35:00,29.9,34.5,23.6,6.1,14.8,20.1,306,0,0,0,0,0.3,1258.5,69,3,387.1,28.7,69,31.9,1,278,4,1,1,22.4
2026-09-10T11:30:00+05:30,2026-09-10 11:30:00,30.4,35,23.3,5.5,7.2,20.1,220,0,0,0,0,0.3,1258.5,66,5,560.2,28.7,69,31.9,1,296,2.1,1,1,22.4
2026-09-10T11:25:00+05:30,2026-09-10 11:25:00,29.9,34.3,23.3,0,5.5,20.1,180,0,0,0,0,0.3,1258.5,68,9,927,28.6,68,31.6,1,299,2.1,1,1,22.1
2026-09-10T11:20:00+05:30,2026-09-10 11:20:00,29.8,33.8,23,0,11.1,20.1,303,0,0,0,0,0.3,1258.5,67,1,205,28.6,69,31.7,1,267,6.1,1,1,22.3
2026-09-10T11:15:00+05:30,2026-09-10 11:15:00,29.8,33.6,22.7,3.5,5.5,20.1,268,0,0,0,0,0.3,1258.5,66,7,778,28.5,69,31.5,1,268,4.3,1,1,22.2
2026-09-10T11:10:00+05:30,2026-09-10 11:10:00,30.3,34.7,23.2,1.8,7.2,20.1,275,0,0,0,0,0.3,1258.5,66,7,725.5,28.4,69,31.3,1,284,3.5,1,1,22.2
2026-09-10T11:05:00+05:30,2026-09-10 11:05:00,29.6,33.5,22.8,0.3,7.2,20.1,352,0,0,0,0,0.3,1258.5,67,7,802.6,28.3,69,31.1,1,287,5.8,1,1,22.1
2026-09-10T11:00:00+05:30,2026-09-10 11:00:00,29.4,33.2,22.9,7.2,9.3,20.1,288,0,0,0,0,0.3,1258.5,68,6,709.3,28.2,69,30.9,1,268,5.8,1,1,22
2026-09-10T10:55:00+05:30,2026-09-10 10:55:00,29.2,32.6,22.4,0.3,11.1,20.1,331,0,0,0,0,0.3,1258.5,67,7,748.9,28.1,69,30.7,1,274,6.9,1,1,21.9
2026-09-10T10:50:00+05:30,2026-09-10 10:50:00,29.3,32.8,22.5,7.2,13,20.1,274,0,0,0,0,0.3,1258.5,67,2,278.7,27.9,69,30.3,1,241,4,1,1,21.7
2026-09-10T10:45:00+05:30,2026-09-10 10:45:00,29.5,33.2,22.7,3.5,9.3,20.1,282,0,0,0,0,0.3,1258.5,67,2,212.6,27.9,70,30.4,1,300,2.6,1,1,21.9
2026-09-10T10:40:00+05:30,2026-09-10 10:40:00,29.7,33.7,22.9,0,9.3,20.1,300,0,0,0,0,0.3,1258.5,67,3,398.4,27.8,69,30.1,1,292,3.5,1,1,21.6
2026-09-10T10:35:00+05:30,2026-09-10 10:35:00,28.8,32.1,22.5,0.3,7.2,20.1,340,0,0,0,0,0.3,1258.5,69,7,784.4,27.7,69,30,1,337,5.5,1,1,21.5
2026-09-10T10:30:00+05:30,2026-09-10 10:30:00,28.5,31.5,22.2,5.8,9.3,20.1,324,0,0,0,0,0.3,1258.5,69,6,659.1,27.6,70,29.9,1,277,4.3,1,1,21.6
2026-09-10T10:26:00+05:30,2026-09-10 10:26:00,28.2,31.4,22.7,2.1,7.2,20.1,346,0,0,0,0,0.3,1258.5,72,6,715.3,27.6,70,29.9,1,277,4.3,1,1,21.6
2026-09-10T10:20:00+05:30,2026-09-10 10:20:00,28,30.9,22.5,11.1,16.6,16.6,251,0,0,0,0,0.3,1258.5,72,4,503.8,27.5,72,29.9,1,301,4.7,1,1,22
2026-09-10T10:15:00+05:30,2026-09-10 10:15:00,27.5,30.3,22.7,1.1,5.5,14.8,275,0,0,0,0,0.3,1258.5,75,7,727.7,27.5,72,29.9,1,275,5,1,1,22
2026-09-10T10:10:00+05:30,2026-09-10 10:10:00,27.3,29.9,22.7,4.7,14.8,14.8,286,0,0,0,0,0.3,1258.5,76,7,725.1,27.5,72,29.9,1,286,4.3,1,1,22
2026-09-10T10:05:00+05:30,2026-09-10 10:05:00,27.7,30.8,22.9,9.3,13,14.8,241,0,0,0,0,0.3,1258.5,75,2,218.3,27.5,72,29.9,1,277,4,1,1,22
2026-09-10T10:00:00+05:30,2026-09-10 10:00:00,27.7,30.8,22.9,9,11.1,14.8,341,0,0,0,0,0.3,1258.5,75,2,298.7,27.5,72,29.9,1,331,4,1,1,22
2026-09-10T09:55:00+05:30,2026-09-10 09:55:00,27.8,30.7,22.7,1.1,9.3,14.8,284,0,0,0,0,0.3,1258.5,74,2,290.7,27.5,72,29.9,1,284,4.3,1,1,22
2026-09-10T09:50:00+05:30,2026-09-10 09:50:00,27.4,30.1,22.6,5.5,7.2,14.8,310,0,0,0,0,0.3,1258.5,75,4,455.1,27.5,72,29.9,1,289,4.3,1,1,22
2026-09-10T09:45:00+05:30,2026-09-10 09:45:00,27.7,30.8,22.9,9.7,14.8,14.8,293,0,0,0,0,0.3,1258.5,75,3,339.5,27.4,72,29.7,1,286,3.2,1,1,21.9
2026-09-10T09:40:00+05:30,2026-09-10 09:40:00,27.6,30.5,22.8,3.5,9.3,14.8,238,0,0,0,0,0.3,1258.5,75,3,322.2,27.4,72,29.7,1,285,3.5,1,1,21.9
2026-09-10T09:35:00+05:30,2026-09-10 09:35:00,27.4,29.9,22.3,0.3,7.2,14.8,329,0,0,0,0,0.3,1258.5,74,2,217.2,27.3,71,29.4,1,280,4.3,1,1,21.6
2026-09-10T09:30:00+05:30,2026-09-10 09:30:00,27.5,30.2,22.4,0,9.3,13,280,0,0,0,0,0.3,1258.5,74,1,192.1,27.3,71,29.4,1,285,4.3,1,1,21.6
2026-09-10T09:25:00+05:30,2026-09-10 09:25:00,28,30.9,22.5,11.1,13,13,285,0,0,0,0,0.3,1258.5,72,2,235.2,27.2,71,29.3,1,287,4.3,1,1,21.5
2026-09-10T09:20:00+05:30,2026-09-10 09:20:00,27.8,30.5,22.3,2.9,11.1,13,289,0,0,0,0,0.3,1258.5,72,3,336.6,27.1,70,29.1,1,317,1.8,1,1,21.2
2026-09-10T09:15:00+05:30,2026-09-10 09:15:00,28,30.7,22,1.8,1.8,7.2,309,0,0,0,0,0.3,1258.5,70,2,247,27.1,70,29.1,1,340,1.8,1,1,21.2
2026-09-10T09:10:00+05:30,2026-09-10 09:10:00,27.7,30.3,22,2.6,7.2,7.2,342,0,0,0,0,0.3,1258.5,71,2,230.9,27,70,28.8,1,282,2.9,1,1,21.1
2026-09-10T09:05:00+05:30,2026-09-10 09:05:00,27.4,29.6,21.7,3.2,7.2,7.2,317,0,0,0,0,0.3,1258.5,71,4,489.2,27,69,28.8,1,286,2.6,1,1,20.8
2026-09-10T09:00:00+05:30,2026-09-10 09:00:00,27.3,29.5,21.8,1.1,5.5,7.2,277,0,0,0,0,0.3,1258.5,72,2,244.7,27,70,28.8,1,279,1.1,1,1,21.1
2026-09-10T08:55:00+05:30,2026-09-10 08:55:00,27.9,30.5,21.9,2.9,5.5,5.5,280,0,0,0,0,0.3,1258.5,70,2,223.9,27,70,28.8,1,287,0,1,1,21.1
2026-09-10T08:50:00+05:30,2026-09-10 08:50:00,27.8,30.2,21.8,0,1.8,5.5,287,0,0,0,0,0.3,1258.5,70,1,162.3,26.9,70,28.7,1,305,0,1,1,20.9
2026-09-10T08:45:00+05:30,2026-09-10 08:45:00,27.7,29.9,21.3,2.9,5.5,5.5,292,0,0,0,0,0.3,1258.5,68,2,247.8,26.9,70,28.7,1,292,0,1,1,20.9
2026-09-10T08:40:00+05:30,2026-09-10 08:40:00,28.2,30.8,21.7,2.9,3.5,3.5,294,0,0,0,0,0.3,1258.5,68,1,187.3,26.8,70,28.5,1,294,0,1,1,20.8
2026-09-10T08:35:00+05:30,2026-09-10 08:35:00,27.9,30.3,21.7,0,0,3.5,294,0,0,0,0,0.3,1258.5,69,3,330.4,26.8,71,28.6,1,294,0,1,1,21.1
2026-09-10T08:30:00+05:30,2026-09-10 08:30:00,27.3,29.3,21.3,0,0,3.5,294,0,0,0,0,0.3,1258.5,70,2,305.8,26.7,71,28.4,1,48,0,1,1,21
2026-09-10T08:25:00+05:30,2026-09-10 08:25:00,27.6,29.9,21.6,0,0,3.5,49,0,0,0,0,0.3,1258.5,70,2,303.3,26.7,71,28.4,1,337,0,1,1,21
2026-09-10T08:20:00+05:30,2026-09-10 08:20:00,27.7,29.9,21.3,0,1.8,3.5,338,0,0,0,0,0.3,1258.5,68,3,351.7,26.7,71,28.4,1,338,0,1,1,21
2026-09-10T08:15:00+05:30,2026-09-10 08:15:00,27.2,29.2,21.3,1.1,3.5,3.5,338,0,0,0,0,0.3,1258.5,70,2,305.1,26.6,71,27.2,1,338,0,1,1,20.9
2026-09-10T08:10:00+05:30,2026-09-10 08:10:00,26.3,26.9,21,0,0,0,338,0,0,0,0,0.3,1258.5,73,2,276.9,26.6,71,27.2,1,338,0,1,1,20.9
2026-09-10T08:05:00+05:30,2026-09-10 08:05:00,25.3,25.8,20.5,0,0,0,338,0,0,0,0,0.3,1258.5,75,1,153.2,26.6,71,27.2,1,338,0,1,1,20.9
2026-09-10T08:00:00+05:30,2026-09-10 08:00:00,24.8,25.3,20.3,0,0,0,338,0,0,0,0,0.3,1258.5,76,0,85,26.6,71,27.2,1,338,0,1,1,20.9
2026-09-10T07:55:00+05:30,2026-09-10 07:55:00,24.6,25.1,20.3,0,0,0,338,0,0,0,0,0.3,1258.5,77,0,67.3,26.6,71,27.2,1,338,0,1,1,20.9
2026-09-10T07:50:00+05:30,2026-09-10 07:50:00,24.5,25.1,21,0,0,0,338,0,0,0,0,0.3,1258.5,81,0,66.5,26.5,71,27.1,1,338,0,1,1,20.8
2026-09-10T07:45:00+05:30,2026-09-10 07:45:00,24.3,24.9,21,0,0,0,338,0,0,0,0,0.3,1258.5,82,0,69.3,26.5,71,27.1,1,338,0,1,1,20.8
2026-09-10T07:40:00+05:30,2026-09-10 07:40:00,23.9,24.4,20.2,0,0,0,338,0,0,0,0,0.3,1258.5,80,0,69.2,26.5,71,27.1,1,338,0,1,1,20.8
2026-09-10T07:35:00+05:30,2026-09-10 07:35:00,23.5,24,20,0,0,0,338,0,0,0,0,0.3,1258.5,81,0,67.9,26.5,71,27.1,1,338,0,1,1,20.8
2026-09-10T07:30:00+05:30,2026-09-10 07:30:00,23.2,23.8,20.7,0,0,0,338,0,0,0,0,0.3,1258.5,86,0,68,26.5,71,27.1,1,338,0,1,1,20.8
2026-09-10T07:25:00+05:30,2026-09-10 07:25:00,23,23.7,20.9,0,0,0,338,0,0,0,0,0.3,1258.5,88,0,64.4,26.5,71,27.1,1,338,0,1,1,20.8
2026-09-10T07:20:00+05:30,2026-09-10 07:20:00,22.9,23.6,21,0,0,0,338,0,0,0,0,0.3,1258.5,89,0,57.8,26.5,71,27.1,1,338,0,1,1,20.8
2026-09-10T07:15:00+05:30,2026-09-10 07:15:00,22.7,23.4,20.8,0,0,0,338,0,0,0,0,0.3,1258.5,89,0,60.2,26.4,71,26.9,1,338,0,1,1,20.7
2026-09-10T07:12:00+05:30,2026-09-10 07:12:00,22.5,23.1,20.6,0,0,0,338,0,0,0,0,0.3,1258.5,89,0,62,26.5,71,27.1,1,338,0,1,1,20.8
2026-09-10T07:00:00+05:30,2026-09-10 07:00:00,21.8,22.4,20.2,0,0,1.8,338,0,0,0,0,0.3,1258.5,91,0,52.9,26.5,71,27.1,1,357,0,1,1,20.8
2026-09-10T06:55:00+05:30,2026-09-10 06:55:00,21.8,22.4,20.4,0,0,1.8,355,0,0,0,0,0.3,1258.5,92,0,50.1,26.4,71,26.9,1,352,0,1,1,20.7
2026-09-10T06:50:00+05:30,2026-09-10 06:50:00,21.7,22.4,20.5,0,0,1.8,355,0,0,0,0,0.3,1258.5,93,0,44,26.4,71,26.9,1,353,0,1,1,20.7
2026-09-10T06:45:00+05:30,2026-09-10 06:45:00,21.6,22.3,20.6,0,0,1.8,353,0,0,0,0,0.3,1258.5,94,0,42,26.5,71,27.1,1,353,0,1,1,20.8
2026-09-10T06:40:00+05:30,2026-09-10 06:40:00,21.4,22,20.4,0,0,1.8,348,0,0,0,0,0.3,1258.5,94,0,27.1,26.5,71,27.1,1,329,0,1,1,20.8
2026-09-10T06:35:00+05:30,2026-09-10 06:35:00,21.2,21.9,20.4,0,0,1.8,328,0,0,0,0,0.3,1258.5,95,0,22.3,26.5,71,27.1,1,328,0,1,1,20.8
2026-09-10T06:30:00+05:30,2026-09-10 06:30:00,21.1,21.8,20.3,0,0,1.8,328,0,0,0,0,0.3,1258.5,95,0,20.8,26.5,71,27.1,1,328,0,1,1,20.8
2026-09-10T06:25:00+05:30,2026-09-10 06:25:00,20.9,21.5,20.2,0,0,1.8,337,0,0,0,0,0.3,1258.5,96,0,19,26.5,71,27.1,1,337,0,1,1,20.8
2026-09-10T06:20:00+05:30,2026-09-10 06:20:00,20.9,21.5,20.2,0,0,1.8,336,0,0,0,0,0.3,1258.5,96,0,17.9,26.5,71,27.1,1,336,0,1,1,20.8
2026-09-10T06:15:00+05:30,2026-09-10 06:15:00,20.9,21.5,20.2,0,0,1.8,336,0,0,0,0,0.3,1258.5,96,0,12.2,26.5,71,27.1,1,336,0,1,1,20.8
2026-09-10T06:10:00+05:30,2026-09-10 06:10:00,20.8,21.4,20.1,0,0,1.8,335,0,0,0,0,0.3,1258.5,96,0,7.7,26.5,71,27.1,1,343,0,1,1,20.8
2026-09-10T06:05:00+05:30,2026-09-10 06:05:00,20.8,21.4,19.9,0,0,1.8,348,0,0,0,0,0.3,1258.5,95,0,4.3,26.5,71,27.1,1,321,0,1,1,20.8
2026-09-10T06:00:00+05:30,2026-09-10 06:00:00,20.7,21.4,20.1,0,0,1.8,354,0,0,0,0,0.3,1258.5,96,0,2.4,26.5,71,27.1,1,349,0,1,1,20.8
2026-09-10T05:55:00+05:30,2026-09-10 05:55:00,20.8,21.4,20.1,0,0,1.8,359,0,0,0,0,0.3,1258.5,96,0,1.2,26.6,71,27.2,1,334,0,1,1,20.9
2026-09-10T05:50:00+05:30,2026-09-10 05:50:00,20.8,21.4,20.3,0,0,1.8,333,0,0,0,0,0.3,1258.5,97,0,0.4,26.6,71,27.2,1,341,0,1,1,20.9
2026-09-10T05:45:00+05:30,2026-09-10 05:45:00,20.8,21.4,20.3,0,0,1.8,348,0,0,0,0,0.3,1258.5,97,0,0.1,26.6,71,27.2,1,324,0,1,1,20.9
2026-09-10T05:40:00+05:30,2026-09-10 05:40:00,20.7,21.4,20.2,0,0,1.8,357,0,0,0,0,0.3,1258.5,97,0,0,26.6,71,27.2,1,342,0,1,1,20.9
2026-09-10T05:35:00+05:30,2026-09-10 05:35:00,20.8,21.5,20.4,0,0,1.8,342,0,0,0,0,0.3,1258.5,98,0,0,26.6,71,27.2,1,342,0,1,1,20.9
2026-09-10T05:30:00+05:30,2026-09-10 05:30:00,20.7,21.4,20.4,0,0,1.8,350,0,0,0,0,0.3,1258.5,98,0,0,26.6,71,27.2,1,350,0,1,1,20.9
2026-09-10T05:25:00+05:30,2026-09-10 05:25:00,20.7,21.4,20.4,0,0,1.8,344,0,0,0,0,0.3,1258.5,98,0,0,26.6,71,27.2,1,351,0,1,1,20.9
2026-09-10T05:20:00+05:30,2026-09-10 05:20:00,20.8,21.5,20.4,0,0,1.8,354,0,0,0,0,0.3,1258.5,98,0,0,26.7,71,28.4,1,2,0,1,1,21
2026-09-10T05:15:00+05:30,2026-09-10 05:15:00,20.7,21.4,20.4,0,0,1.8,334,0,0,0,0,0.3,1258.5,98,0,0,26.7,71,28.4,1,325,0,1,1,21
2026-09-10T05:10:00+05:30,2026-09-10 05:10:00,20.8,21.5,20.4,0,0,1.8,325,0,0,0,0,0.3,1258.5,98,0,0,26.7,71,28.4,1,349,0,1,1,21
2026-09-10T05:05:00+05:30,2026-09-10 05:05:00,20.8,21.5,20.4,0,0,1.8,349,0,0,0,0,0.3,1258.5,98,0,0,26.7,71,28.4,1,349,0,1,1,21
2026-09-10T05:00:00+05:30,2026-09-10 05:00:00,20.8,21.5,20.4,0,0,1.8,350,0,0,0,0,0.3,1258.5,98,0,0,26.7,71,28.4,1,350,0,1,1,21
2026-09-10T04:55:00+05:30,2026-09-10 04:55:00,20.8,21.5,20.4,0,0,1.8,329,0,0,0,0,0.3,1258.5,98,0,0,26.7,71,28.4,1,359,0,1,1,21
2026-09-10T04:50:00+05:30,2026-09-10 04:50:00,20.9,21.6,20.6,0,0,1.8,0,0,0,0,0,0.3,1258.5,98,0,0,26.7,71,28.4,1,345,0,1,1,21
2026-09-10T04:45:00+05:30,2026-09-10 04:45:00,20.8,21.5,20.4,0,0,1.8,345,0,0,0,0,0.3,1258.5,98,0,0,26.8,71,28.6,1,347,0,1,1,21.1
2026-09-10T04:40:00+05:30,2026-09-10 04:40:00,20.8,21.5,20.4,0,0,1.8,340,0,0,0,0,0.3,1258.5,98,0,0,26.8,71,28.6,1,356,0,1,1,21.1
2026-09-10T04:35:00+05:30,2026-09-10 04:35:00,20.9,21.6,20.6,0,0,1.8,357,0,0,0,0,0.3,1258.5,98,0,0,26.8,71,28.6,1,334,0,1,1,21.1
2026-09-10T04:30:00+05:30,2026-09-10 04:30:00,20.8,21.5,20.4,0,0,1.8,334,0,0,0,0,0.3,1258.5,98,0,0,26.8,71,28.6,1,334,0,1,1,21.1
2026-09-10T04:25:00+05:30,2026-09-10 04:25:00,20.9,21.6,20.6,0,0,1.8,342,0,0,0,0,0.3,1258.5,98,0,0,26.8,71,28.6,1,349,0,1,1,21.1
2026-09-10T04:20:00+05:30,2026-09-10 04:20:00,20.9,21.6,20.6,0,0,1.8,345,0,0,0,0,0.3,1258.5,98,0,0,26.9,71,28.7,1,349,0,1,1,21.2
2026-09-10T04:15:00+05:30,2026-09-10 04:15:00,20.9,21.6,20.6,0,0,1.8,341,0,0,0,0,0.3,1258.5,98,0,0,26.9,71,28.7,1,340,0,1,1,21.2
2026-09-10T04:10:00+05:30,2026-09-10 04:10:00,20.9,21.6,20.6,0,0,1.8,349,0,0,0,0,0.3,1258.5,98,0,0,26.9,71,28.7,1,342,0,1,1,21.2
2026-09-10T04:05:00+05:30,2026-09-10 04:05:00,20.9,21.6,20.6,0,0,1.8,356,0,0,0,0,0.3,1258.5,98,0,0,26.9,71,28.7,1,337,0,1,1,21.2
2026-09-10T04:00:00+05:30,2026-09-10 04:00:00,21,21.7,20.7,0,0,1.8,337,0,0,0,0,0.3,1258.5,98,0,0,26.9,71,28.7,1,337,0,1,1,21.2
2026-09-10T03:55:00+05:30,2026-09-10 03:55:00,21,21.7,20.7,0,0,1.8,337,0,0,0,0,0.3,1258.5,98,0,0,26.9,71,28.7,1,340,0,1,1,21.2
2026-09-10T03:50:00+05:30,2026-09-10 03:50:00,21.1,21.8,20.8,0,0,1.8,340,0,0,0,0,0.3,1258.5,98,0,0,27,71,28.9,1,340,0,1,1,21.3
2026-09-10T03:45:00+05:30,2026-09-10 03:45:00,21.1,21.8,20.8,0,0,1.8,349,0,0,0,0,0.3,1258.5,98,0,0,27,71,28.9,1,337,0,1,1,21.3
2026-09-10T03:40:00+05:30,2026-09-10 03:40:00,21.1,21.8,20.8,0,0,1.8,337,0,0,0,0,0.3,1258.5,98,0,0,27,71,28.9,1,337,0,1,1,21.3
2026-09-10T03:35:00+05:30,2026-09-10 03:35:00,21.1,21.8,20.8,0,0,1.8,337,0,0,0,0,0.3,1258.5,98,0,0,27,71,28.9,1,337,0,1,1,21.3
2026-09-10T03:30:00+05:30,2026-09-10 03:30:00,21.2,22,20.9,0,0,1.8,341,0,0,0,0,0.3,1258.5,98,0,0,27,71,28.9,1,341,0,1,1,21.3
2026-09-10T03:25:00+05:30,2026-09-10 03:25:00,21.2,22,20.9,0,0,1.8,341,0,0,0,0,0.3,1258.5,98,0,0,27,71,28.9,1,345,0,1,1,21.3
2026-09-10T03:20:00+05:30,2026-09-10 03:20:00,21.2,22,20.9,0,0,1.8,353,0,0,0,0,0.3,1258.5,98,0,0,27,71,28.9,1,351,0,1,1,21.3
2026-09-10T03:15:00+05:30,2026-09-10 03:15:00,21.2,22,20.9,0,0,1.8,351,0,0,0,0,0.3,1258.5,98,0,0,27.1,71,29.1,1,351,0,1,1,21.4
2026-09-10T03:10:00+05:30,2026-09-10 03:10:00,21.2,22,20.9,0,0,1.8,352,0,0,0,0,0.3,1258.5,98,0,0,27.1,71,29.1,1,349,0,1,1,21.4
2026-09-10T03:05:00+05:30,2026-09-10 03:05:00,21.3,22,20.9,0,0,1.8,352,0,0,0,0,0.3,1258.5,98,0,0,27.1,71,29.1,1,349,0,1,1,21.4
2026-09-10T03:00:00+05:30,2026-09-10 03:00:00,21.3,22,20.9,0,0,1.8,349,0,0,0,0,0.3,1258.5,98,0,0,27.2,71,29.3,1,349,0,1,1,21.5
2026-09-10T02:55:00+05:30,2026-09-10 02:55:00,21.3,22,20.9,0,0,1.8,342,0,0,0,0,0.3,1258.5,98,0,0,27.2,71,29.3,1,342,0,1,1,21.5
2026-09-10T02:50:00+05:30,2026-09-10 02:50:00,21.3,22,20.9,0,0,1.8,343,0,0,0,0,0.3,1258.5,98,0,0,27.2,71,29.3,1,343,0,1,1,21.5
2026-09-10T02:45:00+05:30,2026-09-10 02:45:00,21.4,22.1,21.1,0,0,1.8,343,0,0,0,0,0.3,1258.5,98,0,0,27.2,71,29.3,1,343,0,1,1,21.5
2026-09-10T02:40:00+05:30,2026-09-10 02:40:00,21.4,22.1,21.1,0,0,1.8,343,0,0,0,0,0.3,1258.5,98,0,0,27.2,71,29.3,1,343,0,1,1,21.5
2026-09-10T02:35:00+05:30,2026-09-10 02:35:00,21.5,22.3,21.2,0,0,1.8,344,0,0,0,0,0.3,1258.5,98,0,0,27.2,71,29.3,1,345,0,1,1,21.5
2026-09-10T02:30:00+05:30,2026-09-10 02:30:00,21.5,22.3,21.2,0,0,1.8,339,0,0,0,0,0.3,1258.5,98,0,0,27.3,71,29.4,1,339,0,1,1,21.6
2026-09-10T02:25:00+05:30,2026-09-10 02:25:00,21.5,22.2,21,0,0,1.8,339,0,0,0,0,0.3,1258.5,97,0,0,27.3,71,29.4,1,339,0,1,1,21.6
2026-09-10T02:20:00+05:30,2026-09-10 02:20:00,21.5,22.2,21,0,0,1.8,334,0,0,0,0,0.3,1258.5,97,0,0,27.3,71,29.4,1,334,0,1,1,21.6
2026-09-10T02:15:00+05:30,2026-09-10 02:15:00,21.6,22.4,21.1,0,0,1.8,312,0,0,0,0,0.3,1258.5,97,0,0,27.3,71,29.4,1,310,0,1,1,21.6
2026-09-10T02:10:00+05:30,2026-09-10 02:10:00,21.6,22.4,21.1,0,0,1.8,297,0,0,0,0,0.3,1258.5,97,0,0,27.3,71,29.4,1,354,0,1,1,21.6
2026-09-10T02:05:00+05:30,2026-09-10 02:05:00,21.7,22.5,21.2,0,0,1.8,357,0,0,0,0,0.3,1258.5,97,0,0,27.3,71,29.4,1,344,0,1,1,21.6
2026-09-10T02:00:00+05:30,2026-09-10 02:00:00,21.7,22.5,21.2,0,0,1.8,344,0,0,0,0,0.3,1258.5,97,0,0,27.4,71,29.6,1,344,0,1,1,21.7
2026-09-10T01:55:00+05:30,2026-09-10 01:55:00,21.8,22.5,21.3,0,0,1.8,335,0,0,0,0,0.3,1258.5,97,0,0,27.4,71,29.6,1,340,0,1,1,21.7
2026-09-10T01:50:00+05:30,2026-09-10 01:50:00,21.7,22.5,21.2,0,0,1.8,345,0,0,0,0,0.3,1258.5,97,0,0,27.4,71,29.6,1,347,0,1,1,21.7
2026-09-10T01:45:00+05:30,2026-09-10 01:45:00,21.8,22.5,21.3,0,1.8,1.8,342,0,0,0,0,0.3,1258.5,97,0,0,27.4,71,29.6,1,0,0,1,1,21.7
2026-09-10T01:40:00+05:30,2026-09-10 01:40:00,21.7,22.5,21.2,0,1.8,1.8,0,0,0,0,0,0.3,1258.5,97,0,0,27.4,71,29.6,1,0,0,1,1,21.7
2026-09-10T01:35:00+05:30,2026-09-10 01:35:00,21.8,22.5,21.3,0,0,0,358,0,0,0,0,0.3,1258.5,97,0,0,27.4,71,29.6,1,358,0,1,1,21.7
2026-09-10T01:30:00+05:30,2026-09-10 01:30:00,21.8,22.5,21.3,0,0,0,358,0,0,0,0,0.3,1258.5,97,0,0,27.5,71,29.8,1,358,0,1,1,21.8
2026-09-10T01:25:00+05:30,2026-09-10 01:25:00,21.8,22.5,21.3,0,0,0,358,0,0,0,0,0.3,1258.5,97,0,0,27.5,71,29.8,1,358,0,1,1,21.8
2026-09-10T01:20:00+05:30,2026-09-10 01:20:00,21.9,22.7,21.4,0,0,0,358,0,0,0,0,0.3,1258.5,97,0,0,27.5,71,29.8,1,358,0,1,1,21.8
2026-09-10T01:15:00+05:30,2026-09-10 01:15:00,22,22.8,21.5,0,0,0,358,0,0,0,0,0.3,1258.5,97,0,0,27.5,71,29.8,1,358,0,1,1,21.8
2026-09-10T01:10:00+05:30,2026-09-10 01:10:00,22,22.8,21.5,0,0,0,358,0,0,0,0,0.3,1258.5,97,0,0,27.5,71,29.8,1,358,0,1,1,21.8
2026-09-10T01:05:00+05:30,2026-09-10 01:05:00,22,22.8,21.5,0,0,0,358,0,0,0,0,0.3,1258.5,97,0,0,27.6,71,30.1,1,358,0,1,1,21.9
2026-09-10T01:00:00+05:30,2026-09-10 01:00:00,22.1,22.9,21.6,0,0,0,358,0,0,0,0,0.3,1258.5,97,0,0,27.6,71,30.1,1,358,0,1,1,21.9
2026-09-10T00:55:00+05:30,2026-09-10 00:55:00,22.1,22.9,21.6,0,0,0,358,0,0,0,0,0.3,1258.5,97,0,0,27.6,71,30.1,1,358,0,1,1,21.9
2026-09-10T00:50:00+05:30,2026-09-10 00:50:00,22.1,22.9,21.6,0,0,0,359,0,0,0,0,0.3,1258.5,97,0,0,27.6,71,30.1,1,359,0,1,1,21.9
2026-09-10T00:45:00+05:30,2026-09-10 00:45:00,22.2,23,21.6,0,0,0,359,0,0,0,0,0.3,1258.5,96,0,0,27.6,71,30.1,1,359,0,1,1,21.9
2026-09-10T00:40:00+05:30,2026-09-10 00:40:00,22.2,23,21.6,0,0,0,359,0,0,0,0,0.3,1258.5,96,0,0,27.6,71,30.1,1,359,0,1,1,21.9
2026-09-10T00:35:00+05:30,2026-09-10 00:35:00,22.3,23.1,21.6,0,0,0,359,0,0,0,0,0.3,1258.5,96,0,0,27.7,71,30.3,1,359,0,1,1,21.9
2026-09-10T00:30:00+05:30,2026-09-10 00:30:00,22.3,23.1,21.6,0,0,0,359,0,0,0,0,0.3,1258.5,96,0,0,27.7,71,30.3,1,359,0,1,1,21.9
2026-09-10T00:25:00+05:30,2026-09-10 00:25:00,22.3,23.1,21.6,0,0,0,359,0,0,0,0,0.3,1258.5,96,0,0,27.7,71,30.3,1,359,0,1,1,21.9
2026-09-10T00:20:00+05:30,2026-09-10 00:20:00,22.4,23.2,21.7,0,0,0,359,0,0,0,0,0.3,1258.5,96,0,0,27.7,71,30.3,1,359,0,1,1,21.9
2026-09-10T00:15:00+05:30,2026-09-10 00:15:00,22.4,23.2,21.7,0,0,0,359,0,0,0,0,0.3,1258.5,96,0,0,27.7,71,30.3,1,359,0,1,1,21.9
2026-09-10T00:10:00+05:30,2026-09-10 00:10:00,22.5,23.3,21.8,0,0,0,359,0,0,0,0,0.3,1258.5,96,0,0,27.8,71,30.4,1,359,0,1,1,22
2026-09-10T00:05:00+05:30,2026-09-10 00:05:00,22.5,23.3,21.8,0,0,0,359,0,0,0,0,0.3,1258.5,96,0,0,27.8,71,30.4,1,359,0,1,1,22
2026-09-10T00:00:00+05:30,2026-09-10 00:00:00,22.5,23.3,21.8,0,0,0,359,0,0,0,0,0.3,1258.5,96,0,0,27.8,71,30.4,1,359,0,1,1,22
2026-09-09T23:55:00+05:30,2026-09-09 23:55:00,22.5,23.3,21.8,0,0,27.7,359,0,0,0,0,0.3,1258.5,96,0,0,27.8,71,30.4,1,359,0,1,1,22
2026-09-09T23:50:00+05:30,2026-09-09 23:50:00,22.6,23.4,21.8,0,0,27.7,359,0,0,0,0,0.3,1258.5,95,0,0,27.8,71,30.4,1,359,0,1,1,22
2026-09-09T23:45:00+05:30,2026-09-09 23:45:00,22.6,23.4,21.9,0,1.8,27.7,359,0,0,0,0,0.3,1258.5,96,0,0,27.8,71,30.4,1,359,0,1,1,22
2026-09-09T23:40:00+05:30,2026-09-09 23:40:00,22.6,23.4,21.9,0,0,27.7,359,0,0,0,0,0.3,1258.5,96,0,0,27.9,71,30.6,1,359,0,1,1,22.1
2026-09-09T23:35:00+05:30,2026-09-09 23:35:00,22.7,23.5,21.9,0,0,27.7,359,0,0,0,0,0.3,1258.5,95,0,0,27.9,71,30.6,1,359,0,1,1,22.1
2026-09-09T23:30:00+05:30,2026-09-09 23:30:00,22.7,23.5,21.9,0,0,27.7,359,0,0,0,0,0.3,1258.5,95,0,0,27.9,71,30.6,1,359,0,1,1,22.1
2026-09-09T23:25:00+05:30,2026-09-09 23:25:00,22.8,23.6,21.9,0,0,27.7,359,0,0,0,0,0.3,1258.5,95,0,0,27.9,71,30.6,1,359,0,1,1,22.1
2026-09-09T23:20:00+05:30,2026-09-09 23:20:00,22.8,23.6,21.9,0,0,27.7,359,0,0,0,0,0.3,1258.5,95,0,0,27.9,71,30.6,1,359,0,1,1,22.1
2026-09-09T23:15:00+05:30,2026-09-09 23:15:00,22.9,23.7,22,0,0,27.7,359,0,0,0,0,0.3,1258.5,95,0,0,28,71,30.8,1,359,0,1,1,22.2
2026-09-09T23:10:00+05:30,2026-09-09 23:10:00,23,23.8,22.2,0,0,27.7,359,0,0,0,0,0.3,1258.5,95,0,0,28,70,30.7,1,359,0,1,1,22
2026-09-09T23:05:00+05:30,2026-09-09 23:05:00,23,23.8,22,0,0,27.7,359,0,0,0,0,0.3,1258.5,94,0,0,28,70,30.7,1,359,0,1,1,22
2026-09-09T23:00:00+05:30,2026-09-09 23:00:00,23,23.8,22.2,0,0,27.7,359,0,0,0,0,0.3,1258.5,95,0,0,28,70,30.7,1,359,0,1,1,22
2026-09-09T22:55:00+05:30,2026-09-09 22:55:00,23.1,23.9,22.1,0,0,27.7,359,0,0,0,0,0.3,1258.5,94,0,0,28,70,30.7,1,359,0,1,1,22
2026-09-09T22:50:00+05:30,2026-09-09 22:50:00,23.1,23.9,22.1,0,0,27.7,359,0,0,0,0,0.3,1258.5,94,0,0,28,70,30.7,1,359,0,1,1,22
2026-09-09T22:45:00+05:30,2026-09-09 22:45:00,23.2,24.1,22.2,0.3,1.8,27.7,359,0,0,0,0,0.3,1258.5,94,0,0,28.1,70,30.9,1,359,0,1,1,22.1
2026-09-09T22:40:00+05:30,2026-09-09 22:40:00,23.3,24.1,22.3,0,0,27.7,359,0,0,0,0,0.3,1258.5,94,0,0,28.1,70,30.9,1,359,0,1,1,22.1
2026-09-09T22:35:00+05:30,2026-09-09 22:35:00,23.3,24.1,22.1,0,0,27.7,359,0,0,0,0,0.3,1258.5,93,0,0,28.1,70,30.9,1,359,0,1,1,22.1
2026-09-09T22:30:00+05:30,2026-09-09 22:30:00,23.4,24.2,22.2,0,0,27.7,359,0,0,0,0,0.3,1258.5,93,0,0,28.1,70,30.9,1,359,0,1,1,22.1
2026-09-09T22:25:00+05:30,2026-09-09 22:25:00,23.3,24.1,21.9,0,0,27.7,359,0,0,0,0,0.3,1258.5,92,0,0,28.1,70,30.9,1,359,0,1,1,22.1
2026-09-09T22:20:00+05:30,2026-09-09 22:20:00,23.4,24.2,22,0,0,27.7,0,0,0,0,0,0.3,1258.5,92,0,0,28.2,70,31.1,1,0,0,1,1,22.2
2026-09-09T22:15:00+05:30,2026-09-09 22:15:00,23.5,24.3,22.1,0,0,27.7,0,0,0,0,0,0.3,1258.5,92,0,0,28.2,70,31.1,1,0,0,1,1,22.2
2026-09-09T22:10:00+05:30,2026-09-09 22:10:00,23.5,24.3,22.1,0,0,27.7,0,0,0,0,0,0.3,1258.5,92,0,0,28.2,70,31.1,1,0,0,1,1,22.2
2026-09-09T22:05:00+05:30,2026-09-09 22:05:00,23.5,24.3,22.1,0,0,27.7,0,0,0,0,0,0.3,1258.5,92,0,0,28.2,70,31.1,1,0,0,1,1,22.2
2026-09-09T22:00:00+05:30,2026-09-09 22:00:00,23.5,24.3,22.1,0,0,27.7,0,0,0,0,0,0.3,1258.5,92,0,0,28.2,69,30.9,1,0,0,1,1,22
2026-09-09T21:55:00+05:30,2026-09-09 21:55:00,23.6,24.4,22.2,0,0,27.7,0,0,0,0,0,0.3,1258.5,92,0,0,28.3,69,31.1,1,311,0,1,1,22.1
2026-09-09T21:50:00+05:30,2026-09-09 21:50:00,23.8,24.6,22.2,0,0,27.7,311,0,0,0,0,0.3,1258.5,91,0,0,28.3,69,31.1,1,311,0,1,1,22.1
2026-09-09T21:45:00+05:30,2026-09-09 21:45:00,23.8,24.6,22.2,0,0,27.7,311,0,0,0,0,0.3,1258.5,91,0,0,28.3,69,31.1,1,311,0,1,1,22.1
2026-09-09T21:40:00+05:30,2026-09-09 21:40:00,23.9,24.7,22.3,0,0,27.7,311,0,0,0,0,0.3,1258.5,91,0,0,28.3,69,31.1,1,325,0,1,1,22.1
2026-09-09T21:35:00+05:30,2026-09-09 21:35:00,23.9,24.7,22.3,0,0,27.7,325,0,0,0,0,0.3,1258.5,91,0,0,28.4,69,31.3,1,325,0,1,1,22.2
2026-09-09T21:30:00+05:30,2026-09-09 21:30:00,24,24.8,22.4,0,0,27.7,323,0,0,0,0,0.3,1258.5,91,0,0,28.4,69,31.3,1,350,0,1,1,22.2
2026-09-09T21:25:00+05:30,2026-09-09 21:25:00,24,24.8,22.3,0,0,27.7,350,0,0,0,0,0.3,1258.5,90,0,0,28.4,69,31.3,1,350,0,1,1,22.2
2026-09-09T21:20:00+05:30,2026-09-09 21:20:00,24.2,25.1,22.5,0,0,27.7,351,0,0,0,0,0.3,1258.5,90,0,0,28.4,69,31.3,1,351,0,1,1,22.2
2026-09-09T21:15:00+05:30,2026-09-09 21:15:00,24.3,25.1,22.3,0,0,27.7,351,0,0,0,0,0.3,1258.5,89,0,0,28.4,69,31.3,1,351,0,1,1,22.2
2026-09-09T21:10:00+05:30,2026-09-09 21:10:00,24.5,25.3,22.4,0,0,27.7,351,0,0,0,0,0.3,1258.5,88,0,0,28.5,68,31.3,1,303,0,1,1,22
2026-09-09T21:05:00+05:30,2026-09-09 21:05:00,24.8,25.6,22.5,0,0,27.7,303,0,0,0,0,0.3,1258.5,87,0,0,28.5,68,31.3,1,303,0,1,1,22
2026-09-09T21:00:00+05:30,2026-09-09 21:00:00,25.1,25.9,22.6,0,0,27.7,303,0,0,0,0,0.3,1258.5,86,0,0,28.5,68,31.3,1,303,0,1,1,22
2026-09-09T20:55:00+05:30,2026-09-09 20:55:00,25.3,26.1,22.6,0,0,27.7,303,0,0,0,0,0.3,1258.5,85,0,0,28.5,68,31.3,1,303,0,1,1,22
2026-09-09T20:50:00+05:30,2026-09-09 20:50:00,25.3,26.1,22.4,0,0,27.7,303,0,0,0,0,0.3,1258.5,84,0,0,28.5,68,31.3,1,303,0,1,1,22
2026-09-09T20:45:00+05:30,2026-09-09 20:45:00,25.3,26.1,22.4,0,0,27.7,303,0,0,0,0,0.3,1258.5,84,0,0,28.5,68,31.3,1,303,0,1,1,22
2026-09-09T20:40:00+05:30,2026-09-09 20:40:00,25.3,26.1,22.4,0,0,27.7,303,0,0,0,0,0.3,1258.5,84,0,0,28.6,68,31.6,1,303,0,1,1,22.1
2026-09-09T20:35:00+05:30,2026-09-09 20:35:00,25.3,26.1,22.6,0,0,27.7,298,0,0,0,0,0.3,1258.5,85,0,0,28.6,68,31.6,1,292,0,1,1,22.1
2026-09-09T20:30:00+05:30,2026-09-09 20:30:00,25.4,26.2,22.5,0.6,1.8,27.7,298,0,0,0,0,0.3,1258.5,84,0,0,28.6,68,31.6,1,275,0,1,1,22.1
2026-09-09T20:25:00+05:30,2026-09-09 20:25:00,25.5,26.3,22.6,1.1,1.8,27.7,282,0,0,0,0,0.3,1258.5,84,0,0,28.6,68,31.6,1,275,0,1,1,22.1
2026-09-09T20:20:00+05:30,2026-09-09 20:20:00,25.6,26.4,22.7,0,0,27.7,268,0,0,0,0,0.3,1258.5,84,0,0,28.6,68,31.6,1,261,0,1,1,22.1
2026-09-09T20:15:00+05:30,2026-09-09 20:15:00,25.7,26.5,22.6,0,1.8,27.7,267,0,0,0,0,0.3,1258.5,83,0,0,28.6,68,31.6,1,321,0,1,1,22.1
2026-09-09T20:10:00+05:30,2026-09-09 20:10:00,25.6,26.4,22.7,1.4,1.8,27.7,239,0,0,0,0,0.3,1258.5,84,0,0,28.7,68,31.8,1,321,0,1,1,22.2
2026-09-09T20:05:00+05:30,2026-09-09 20:05:00,25.7,26.5,22.6,0,0,27.7,314,0,0,0,0,0.3,1258.5,83,0,0,28.7,67,31.6,1,314,0,1,1,22
2026-09-09T20:00:00+05:30,2026-09-09 20:00:00,25.7,26.5,22.6,1.4,5.5,27.7,309,0,0,0,0,0.3,1258.5,83,0,0,28.7,67,31.6,1,290,0,1,1,22
2026-09-09T19:55:00+05:30,2026-09-09 19:55:00,25.8,26.6,22.7,0,0,27.7,298,0,0,0,0,0.3,1258.5,83,0,0,28.7,67,31.6,1,298,0,1,1,22
2026-09-09T19:50:00+05:30,2026-09-09 19:50:00,25.9,26.7,22.6,0,0,27.7,297,0,0,0,0,0.3,1258.5,82,0,0,28.7,67,31.6,1,292,0.6,1,1,22
2026-09-09T19:45:00+05:30,2026-09-09 19:45:00,25.9,26.7,22.6,3.2,3.5,27.7,295,0,0,0,0,0.3,1258.5,82,0,0,28.7,67,31.6,1,281,1.1,1,1,22
2026-09-09T19:40:00+05:30,2026-09-09 19:40:00,25.9,26.6,22.4,0.3,3.5,27.7,282,0,0,0,0,0.3,1258.5,81,0,0,28.8,67,31.7,1,281,2.1,1,1,22
2026-09-09T19:35:00+05:30,2026-09-09 19:35:00,25.9,26.6,22.4,1.4,7.2,27.7,315,0,0,0,0,0.3,1258.5,81,0,0,28.8,67,31.7,1,265,2.1,1,1,22
2026-09-09T19:30:00+05:30,2026-09-09 19:30:00,26.1,26.9,22.4,4.3,7.2,27.7,290,0,0,0,0,0.3,1258.5,80,0,0,28.8,66,31.6,1,285,2.6,1,1,21.8
2026-09-09T19:25:00+05:30,2026-09-09 19:25:00,26,26.7,22.3,2.1,9.3,27.7,292,0,0,0,0,0.3,1258.5,80,0,0,28.9,66,31.8,1,293,2.1,1,1,21.9
2026-09-09T19:20:00+05:30,2026-09-09 19:20:00,26.1,26.8,22.2,0,3.5,27.7,304,0,0,0,0,0.3,1258.5,79,0,0,28.9,66,31.8,1,304,0,1,1,21.9
2026-09-09T19:15:00+05:30,2026-09-09 19:15:00,26.2,26.9,22.1,0.3,3.5,27.7,312,0,0,0,0,0.3,1258.5,78,0,0,28.9,66,31.8,1,311,0,1,1,21.9
2026-09-09T19:10:00+05:30,2026-09-09 19:10:00,26.2,26.9,22.1,0,1.8,27.7,312,0,0,0,0,0.3,1258.5,78,0,0,28.9,66,31.8,1,312,0,1,1,21.9
2026-09-09T19:05:00+05:30,2026-09-09 19:05:00,26.3,27,22.1,0,1.8,27.7,317,0,0,0,0,0.3,1258.5,78,0,0,29,66,32,1,287,2.9,1,1,22
2026-09-09T19:00:00+05:30,2026-09-09 19:00:00,26.4,27.1,22,4.7,5.5,27.7,307,0,0,0,0,0.3,1258.5,77,0,0,29,66,32,1,294,2.6,1,1,22
2026-09-09T18:55:00+05:30,2026-09-09 18:55:00,26.5,27.2,22.1,1.4,5.5,27.7,273,0,0,0,0,0.3,1258.5,77,0,0,29.1,66,32.2,1,313,1.4,1,1,22.1
2026-09-09T18:50:00+05:30,2026-09-09 18:50:00,26.5,27.2,21.9,1.4,7.2,27.7,320,0,0,0,0,0.3,1258.5,76,0,0,29.1,66,32.2,1,319,2.6,1,1,22.1
2026-09-09T18:45:00+05:30,2026-09-09 18:45:00,26.6,27.3,21.8,6.4,7.2,27.7,266,0,0,0,0,0.3,1258.5,75,0,0,29.1,66,32.2,1,303,3.5,1,1,22.1
2026-09-09T18:40:00+05:30,2026-09-09 18:40:00,26.7,28.8,21.9,5,9.3,27.7,303,0,0,0,0,0.3,1258.5,75,0,0,29.2,66,32.4,1,303,2.1,1,1,22.2
2026-09-09T18:35:00+05:30,2026-09-09 18:35:00,26.8,28.9,22,1.1,3.5,27.7,295,0,0,0,0,0.3,1258.5,75,0,0,29.2,66,32.4,1,314,0,1,1,22.2
2026-09-09T18:30:00+05:30,2026-09-09 18:30:00,26.9,29.1,22.1,0,3.5,27.7,296,0,0,0,0,0.3,1258.5,75,0,0,29.3,66,32.6,1,319,0,1,1,22.3
2026-09-09T18:25:00+05:30,2026-09-09 18:25:00,27,29.4,22.4,0,1.8,27.7,286,0,0,0,0,0.3,1258.5,76,0,0.2,29.3,66,32.6,1,308,0,1,1,22.3
2026-09-09T18:20:00+05:30,2026-09-09 18:20:00,27.1,29.7,22.7,0,0,27.7,308,0,0,0,0,0.3,1258.5,77,0,0.6,29.4,65,32.6,1,308,0,1,1,22.1
2026-09-09T18:15:00+05:30,2026-09-09 18:15:00,27.2,29.8,22.6,0.3,5.5,27.7,302,0,0,0,0,0.3,1258.5,76,0,1.5,29.4,65,32.6,1,316,0.3,1,1,22.1
2026-09-09T18:10:00+05:30,2026-09-09 18:10:00,27.3,29.8,22.4,0,0,27.7,309,0,0,0,0,0.3,1258.5,75,0,3.2,29.5,65,32.8,1,322,1.1,1,1,22.2
2026-09-09T18:05:00+05:30,2026-09-09 18:05:00,27.5,30.2,22.4,0.3,5.5,27.7,320,0,0,0,0,0.3,1258.5,74,0,5.7,29.5,65,32.8,1,295,3.2,1,1,22.2
2026-09-09T18:00:00+05:30,2026-09-09 18:00:00,27.5,30.2,22.4,4,7.2,27.7,302,0,0,0,0,0.3,1258.5,74,0,8.9,29.6,65,33.1,1,276,5,1,1,22.3
2026-09-09T17:55:00+05:30,2026-09-09 17:55:00,27.5,30.2,22.4,5.5,9.3,27.7,285,0,0,0,0,0.3,1258.5,74,0,12.9,29.6,65,33.1,1,267,5.5,1,1,22.3
2026-09-09T17:50:00+05:30,2026-09-09 17:50:00,27.7,30.5,22.4,7.9,13,27.7,295,0,0,0,0,0.3,1258.5,73,0,16.9,29.7,64,33.1,1,264,3.5,1,1,22.2
2026-09-09T17:45:00+05:30,2026-09-09 17:45:00,28,30.9,22.5,2.1,11.1,27.7,339,0,0,0,0,0.3,1258.5,72,0,21,29.7,64,33.1,1,270,2.9,1,1,22.2
2026-09-09T17:40:00+05:30,2026-09-09 17:40:00,28.4,31.6,22.6,2.9,9.3,27.7,328,0,0,0,0,0.3,1258.5,71,0,24.6,29.8,64,33.2,1,268,2.9,1,1,22.2
2026-09-09T17:35:00+05:30,2026-09-09 17:35:00,28.7,32,22.5,5.5,11.1,27.7,282,0,0,0,0,0.3,1258.5,69,0,32.5,29.9,64,33.4,1,272,3.2,1,1,22.3
2026-09-09T17:30:00+05:30,2026-09-09 17:30:00,28.6,31.7,22.4,1.4,11.1,27.7,300,0,0,0,0,0.3,1258.5,69,0,38.8,29.9,64,33.4,1,272,4.7,1,1,22.3
2026-09-09T17:25:00+05:30,2026-09-09 17:25:00,29.3,32.9,22.7,4.3,13,27.7,320,0,0,0,0,0.3,1258.5,68,0,45.4,30,64,33.7,1,315,3.5,1,1,22.4
2026-09-09T17:20:00+05:30,2026-09-09 17:20:00,29.8,33.4,22.5,5.5,9.3,27.7,301,0,0,0,0,0.3,1258.5,65,0,53.5,30,64,33.7,1,308,2.9,1,1,22.4
2026-09-09T17:15:00+05:30,2026-09-09 17:15:00,29.3,32.6,22.3,5.5,11.1,27.7,287,0,0,0,0,0.3,1258.5,66,0,60.1,30,63,33.4,1,307,5.5,1,1,22.2
2026-09-09T17:10:00+05:30,2026-09-09 17:10:00,29.1,32.2,22.1,0,5.5,27.7,337,0,0,0,0,0.3,1258.5,66,0,68.4,30.1,64,33.9,1,298,5.5,1,1,22.6
2026-09-09T17:05:00+05:30,2026-09-09 17:05:00,29.6,32.9,22.1,6.1,16.6,27.7,296,0,0,0,0,0.3,1258.5,64,0,81.9,30.1,64,33.9,1,296,6.1,1,1,22.6
2026-09-09T17:00:00+05:30,2026-09-09 17:00:00,29.3,32.4,22,3.5,11.1,27.7,305,0,0,0,0,0.3,1258.5,65,0,95.7,30.1,63,33.7,1,291,5.8,1,1,22.3
2026-09-09T16:55:00+05:30,2026-09-09 16:55:00,29.6,32.9,22.1,6.4,11.1,27.7,298,0,0,0,0,0.3,1258.5,64,1,109.9,30.1,64,33.9,1,298,6.4,1,1,22.6
2026-09-09T16:50:00+05:30,2026-09-09 16:50:00,29.5,32.8,22.2,4.7,13,27.7,295,0,0,0,0,0.3,1258.5,65,1,118.1,30.1,64,33.9,1,295,7.9,1,1,22.6
2026-09-09T16:45:00+05:30,2026-09-09 16:45:00,29.7,33.3,22.4,8.7,13,27.7,279,0,0,0,0,0.3,1258.5,65,1,137.7,30.1,64,33.9,1,288,6.1,1,1,22.6
2026-09-09T16:40:00+05:30,2026-09-09 16:40:00,30.3,34,22.4,6.1,18.3,27.7,289,0,0,0,0,0.3,1258.5,63,1,138.6,30.1,63,33.7,1,285,4.3,1,1,22.3
2026-09-09T16:35:00+05:30,2026-09-09 16:35:00,30.7,34.7,22.6,5.5,9.3,27.7,280,0,0,0,0,0.3,1258.5,62,1,145.7,30,63,33.4,1,287,5.5,1,1,22.2
2026-09-09T16:30:00+05:30,2026-09-09 16:30:00,30,33.2,21.9,4,14.8,27.7,295,0,0,0,0,0.3,1258.5,62,1,166.4,30,63,33.4,1,281,6.4,1,1,22.2
2026-09-09T16:25:00+05:30,2026-09-09 16:25:00,30.3,33.8,22.2,3.5,14.8,27.7,290,0,0,0,0,0.3,1258.5,62,1,172.9,30,61,33.1,1,278,6.1,1,1,21.7
2026-09-09T16:20:00+05:30,2026-09-09 16:20:00,30.2,33.9,22.4,4.7,13,27.7,208,0,0,0,0,0.3,1258.5,63,1,190.8,30.1,61,33.3,1,269,6.1,1,1,21.7
2026-09-09T16:15:00+05:30,2026-09-09 16:15:00,30.3,33.6,21.9,0.3,11.1,27.7,315,0,0,0,0,0.3,1258.5,61,2,209.5,30.1,62,33.4,1,282,8.2,1,1,22
2026-09-09T16:10:00+05:30,2026-09-09 16:10:00,30.1,33.7,22.3,8.2,14.8,27.7,239,0,0,0,0,0.3,1258.5,63,2,228.9,30.2,63,33.9,1,264,8.7,1,1,22.4
2026-09-09T16:05:00+05:30,2026-09-09 16:05:00,30.8,34.6,22.4,14,16.6,27.7,284,0,0,0,0,0.3,1258.5,61,2,247.3,30.2,63,33.9,1,268,6.4,1,1,22.4
2026-09-09T16:00:00+05:30,2026-09-09 16:00:00,30.8,35.1,22.9,3.5,11.1,27.7,261,0,0,0,0,0.3,1258.5,63,2,255.2,30.2,64,34.1,1,270,6.1,1,1,22.7
2026-09-09T15:55:00+05:30,2026-09-09 15:55:00,31.3,35.7,22.8,1.4,13,27.7,111,0,0,0,0,0.3,1258.5,61,2,278.3,30.2,64,34.1,1,275,3.5,1,1,22.7
2026-09-09T15:50:00+05:30,2026-09-09 15:50:00,31.1,35.6,23,13,18.3,27.7,283,0,0,0,0,0.3,1258.5,62,3,331.6,30.1,63,33.7,1,283,1.8,1,1,22.3
2026-09-09T15:45:00+05:30,2026-09-09 15:45:00,31.1,35.9,23.2,1.8,11.1,27.7,248,0,0,0,0,0.3,1258.5,63,1,125.3,30.1,63,33.7,1,321,5.5,1,1,22.3
2026-09-09T15:40:00+05:30,2026-09-09 15:40:00,30.9,35.1,22.7,0,9.3,27.7,263,0,0,0,0,0.3,1258.5,62,3,328.4,30.1,63,33.7,1,283,6.1,1,1,22.3
2026-09-09T15:35:00+05:30,2026-09-09 15:35:00,30.8,34.6,22.4,11.9,14.8,27.7,283,0,0,0,0,0.3,1258.5,61,3,351,30,63,33.4,1,283,7.6,1,1,22.2
2026-09-09T15:30:00+05:30,2026-09-09 15:30:00,30.4,34,22.3,11.9,18.3,27.7,274,0,0,0,0,0.3,1258.5,62,3,392.5,30,63,33.4,1,280,7.6,1,1,22.2
2026-09-09T15:26:00+05:30,2026-09-09 15:26:00,31,35.4,22.8,5.8,9.3,27.7,286,0,0,0,0,0.3,1258.5,62,3,382.1,29.9,63,33.2,1,267,5.5,1,1,22.1
2026-09-09T15:20:00+05:30,2026-09-09 15:20:00,30.9,35.4,23,0.3,7.2,27.7,307,0,0,0,0,0.3,1258.5,63,4,424.8,29.9,64,33.4,1,335,5,1,1,22.3
2026-09-09T15:15:00+05:30,2026-09-09 15:15:00,30.8,35.1,22.9,4.7,14.8,27.7,181,0,0,0,0,0.3,1258.5,63,2,264.9,29.8,65,33.4,1,258,5,1,1,22.5
2026-09-09T15:10:00+05:30,2026-09-09 15:10:00,31,36.2,23.6,11.1,18.3,27.7,246,0,0,0,0,0.3,1258.5,65,3,339.7,29.8,65,33.4,1,309,4.3,1,1,22.5
2026-09-09T15:05:00+05:30,2026-09-09 15:05:00,31.1,35.9,23.2,1.4,7.2,27.7,310,0,0,0,0,0.3,1258.5,63,4,452.6,29.8,65,33.4,1,279,4.7,1,1,22.5
2026-09-09T15:04:00+05:30,2026-09-09 15:04:00,31.4,36.2,23.2,4.7,9.3,27.7,298,0,0,0,0,0.3,1258.5,62,1,121.4,29.8,65,33.4,1,278,5.8,1,1,22.5
2026-09-09T14:55:00+05:30,2026-09-09 14:55:00,30.2,34.6,23.1,9,13,27.7,292,0,0,0,0,0.3,1258.5,66,5,546,29.8,65,33.4,1,269,7.9,1,1,22.5
2026-09-09T14:51:00+05:30,2026-09-09 14:51:00,30.2,34.8,23.4,7.2,20.1,27.7,270,0,0,0,0,0.3,1258.5,67,1,136.5,29.8,64,33.2,1,297,7.9,1,1,22.2
2026-09-09T14:46:00+05:30,2026-09-09 14:46:00,31,35.6,23.1,6.9,14.8,27.7,237,0,0,0,0,0.3,1258.5,63,5,533.3,29.8,64,33.2,1,301,5.8,1,1,22.2
2026-09-09T14:40:00+05:30,2026-09-09 14:40:00,31.1,35.6,23,4.7,13,27.7,216,0,0,0,0,0.3,1258.5,62,5,567.6,29.8,64,33.2,1,274,7.2,1,1,22.2
2026-09-09T14:35:00+05:30,2026-09-09 14:35:00,30.6,34.7,22.7,10.5,14.8,27.7,294,0,0,0,0,0.3,1258.5,63,1,193.7,29.7,64,33.1,1,289,7.2,1,1,22.2
2026-09-09T14:30:00+05:30,2026-09-09 14:30:00,30.8,35.6,23.4,1.8,14.8,27.7,263,0,0,0,0,0.3,1258.5,65,5,563.6,29.7,65,33.3,1,281,5.5,1,1,22.4
2026-09-09T14:25:00+05:30,2026-09-09 14:25:00,31,35.9,23.4,8.7,18.3,27.7,296,0,0,0,0,0.3,1258.5,64,5,579.6,29.6,66,33.3,1,269,5,1,1,22.6
2026-09-09T14:20:00+05:30,2026-09-09 14:20:00,30.5,35.2,23.4,6.4,11.1,27.7,277,0,0,0,0,0.3,1258.5,66,5,586.2,29.6,67,33.4,1,271,5.5,1,1,22.8
2026-09-09T14:15:00+05:30,2026-09-09 14:15:00,29.9,34.3,23.3,7.9,14.8,27.7,264,0,0,0,0,0.3,1258.5,68,5,608.6,29.6,66,33.3,1,295,7.9,1,1,22.6
2026-09-09T14:10:00+05:30,2026-09-09 14:10:00,29.9,34.1,23.1,8.2,16.6,27.7,273,0,0,0,0,0.3,1258.5,67,1,162.8,29.6,66,33.3,1,309,4.7,1,1,22.6
2026-09-09T14:05:00+05:30,2026-09-09 14:05:00,31.3,36.8,23.9,4,11.1,27.7,37,0,0,0,0,0.3,1258.5,65,1,126.4,29.7,66,33.5,1,303,4,1,1,22.7
2026-09-09T14:00:00+05:30,2026-09-09 14:00:00,30.8,35.6,23.4,2.1,11.1,27.7,339,0,0,0,0,0.3,1258.5,65,6,655.3,29.7,66,33.5,1,294,5.5,1,1,22.7
2026-09-09T13:55:00+05:30,2026-09-09 13:55:00,30.6,34.5,22.5,6.4,11.1,27.7,300,0,0,0,0,0.3,1258.5,62,6,668.1,29.6,66,33.3,1,301,5.5,1,1,22.6
2026-09-09T13:50:00+05:30,2026-09-09 13:50:00,30.3,34.7,23.2,5.5,7.2,27.7,330,0,0,0,0,0.3,1258.5,66,3,313.1,29.6,66,33.3,1,280,7.2,1,1,22.6
2026-09-09T13:45:00+05:30,2026-09-09 13:45:00,30.1,34.6,23.3,13.7,16.6,27.7,254,0,0,0,0,0.3,1258.5,67,7,765.1,29.6,67,33.4,1,282,5.5,1,1,22.8
2026-09-09T13:40:00+05:30,2026-09-09 13:40:00,30.5,35.8,23.9,5.5,9.3,27.7,305,0,0,0,0,0.3,1258.5,68,2,215.1,29.6,67,33.4,1,221,5.5,1,1,22.8
2026-09-09T13:36:00+05:30,2026-09-09 13:36:00,30.3,35,23.5,0.6,11.1,27.7,286,0,0,0,0,0.3,1258.5,67,5,519,29.6,66,33.3,1,310,8.7,1,1,22.6
2026-09-09T13:30:00+05:30,2026-09-09 13:30:00,30.2,34.6,23.1,13.4,18.3,27.7,224,0,0,0,0,0.3,1258.5,66,6,692.6,29.6,65,33.1,1,224,8.7,1,1,22.3
2026-09-09T13:25:00+05:30,2026-09-09 13:25:00,30.6,35.2,23.3,7.2,18.3,27.7,344,0,0,0,0,0.3,1258.5,65,3,342.2,29.6,66,33.3,1,281,9.3,1,1,22.6
2026-09-09T13:20:00+05:30,2026-09-09 13:20:00,30.4,35,23.3,9.3,20.1,27.7,266,0,0,0,0,0.3,1258.5,66,7,770.4,29.5,67,33.2,1,272,10.1,1,1,22.7
2026-09-09T13:15:00+05:30,2026-09-09 13:15:00,31,37,24.4,9.3,27.7,27.7,267,0,0,0,0,0.3,1258.5,68,7,808,29.5,68,33.4,1,271,5.5,1,1,22.9
2026-09-09T13:10:00+05:30,2026-09-09 13:10:00,31.7,37.9,24.3,8.7,13,21.9,311,0,0,0,0,0.3,1258.5,65,7,736.1,29.4,68,33.2,1,303,4.7,1,1,22.8
2026-09-09T13:05:00+05:30,2026-09-09 13:05:00,31.2,37,24.1,2.1,7.2,21.9,4,0,0,0,0,0.3,1258.5,66,7,739.5,29.3,68,32.9,1,286,5.5,1,1,22.7
2026-09-09T13:00:00+05:30,2026-09-09 13:00:00,30.2,34.8,23.4,3.5,16.6,21.9,314,0,0,0,0,0.3,1258.5,67,7,741.3,29.2,68,32.8,1,263,6.1,1,1,22.7
2026-09-09T12:55:00+05:30,2026-09-09 12:55:00,30.1,34.4,23,2.9,13,21.9,258,0,0,0,0,0.3,1258.5,66,7,744.5,29.2,67,32.7,1,277,7.6,1,1,22.4
2026-09-09T12:51:00+05:30,2026-09-09 12:51:00,30,34.1,22.9,7.6,13,21.9,272,0,0,0,0,0.3,1258.5,66,7,754.9,29.2,69,33,1,276,8.2,1,1,22.9
2026-09-09T12:35:00+05:30,2026-09-09 12:35:00,29.3,33.3,23.2,6.4,9.3,21.9,4,0,0,0,0,0.3,1258.5,70,5,609.4,29.1,69,32.8,1,274,6.4,1,1,22.8
2026-09-09T12:30:00+05:30,2026-09-09 12:30:00,29.4,33.8,23.6,10.1,14.8,21.9,292,0,0,0,0,0.3,1258.5,71,1,143.9,29,70,32.7,1,283,8.7,1,1,22.9
2026-09-09T12:25:00+05:30,2026-09-09 12:25:00,29.6,34.1,23.5,8.7,11.1,21.9,285,0,0,0,0,0.3,1258.5,70,8,866.2,29,70,32.7,1,298,6.4,1,1,22.9
2026-09-09T12:20:00+05:30,2026-09-09 12:20:00,29.6,34.3,23.8,7.9,11.1,21.9,261,0,0,0,0,0.3,1258.5,71,3,311.4,29,71,32.9,1,288,6.9,1,1,23.2
2026-09-09T12:15:00+05:30,2026-09-09 12:15:00,29.6,34.3,23.8,6.9,16.6,21.9,262,0,0,0,0,0.3,1258.5,71,2,218.1,29,70,32.7,1,284,5.5,1,1,22.9
2026-09-09T12:10:00+05:30,2026-09-09 12:10:00,30.3,35.5,23.9,2.1,5.5,21.9,316,0,0,0,0,0.3,1258.5,69,1,189.9,29,70,32.7,1,295,3.5,1,1,22.9
2026-09-09T12:05:00+05:30,2026-09-09 12:05:00,29.9,34.3,23.3,1.4,7.2,21.9,324,0,0,0,0,0.3,1258.5,68,2,245.3,29,70,32.7,1,273,5,1,1,22.9
2026-09-09T12:00:00+05:30,2026-09-09 12:00:00,28.9,32.9,23.3,1.4,1.8,21.9,265,0,0,0,0,0.3,1258.5,72,7,797.7,28.9,70,32.5,1,265,5.5,1,1,22.8
2026-09-09T11:57:00+05:30,2026-09-09 11:57:00,29,33.3,23.7,9.3,13,21.9,298,0,0,0,0,0.3,1258.5,73,1,170.1,28.9,70,32.5,1,276,2.9,1,1,22.8
2026-09-09T11:50:00+05:30,2026-09-09 11:50:00,30,35,23.9,0,5.5,21.9,54,0,0,0,0,0.3,1258.5,70,1,121.8,28.9,70,32.5,1,279,2.9,1,1,22.8
2026-09-09T11:45:00+05:30,2026-09-09 11:45:00,30.2,35.1,23.6,0,1.8,21.9,310,0,0,0,0,0.3,1258.5,68,2,208.8,29,69,32.6,1,310,4.3,1,1,22.7
2026-09-09T11:40:00+05:30,2026-09-09 11:40:00,30.4,35,23.3,6.4,14.8,21.9,301,0,0,0,0,0.3,1258.5,66,8,877.5,28.9,69,32.3,1,301,6.9,1,1,22.6
2026-09-09T11:35:00+05:30,2026-09-09 11:35:00,29.8,34.3,23.5,8.7,13,21.9,307,0,0,0,0,0.3,1258.5,69,8,909.3,28.9,69,32.3,1,283,6.9,1,1,22.6
2026-09-09T11:30:00+05:30,2026-09-09 11:30:00,30.2,34.8,23.4,4,5.5,21.9,300,0,0,0,0,0.3,1258.5,67,9,948.6,28.8,69,32.1,1,254,5.5,1,1,22.5
2026-09-09T11:25:00+05:30,2026-09-09 11:25:00,30,34.3,23.2,1.1,11.1,20.1,55,0,0,0,0,0.3,1258.5,67,8,869.4,28.8,69,32.1,1,285,5.5,1,1,22.5
2026-09-09T11:20:00+05:30,2026-09-09 11:20:00,30.5,35.2,23.4,9,20.1,20.1,286,0,0,0,0,0.3,1258.5,66,3,366.2,28.7,69,31.9,1,287,4.3,1,1,22.4
2026-09-09T11:15:00+05:30,2026-09-09 11:15:00,30.1,34.6,23.3,4.3,7.2,18.3,291,0,0,0,0,0.3,1258.5,67,9,935.8,28.6,69,31.7,1,290,4,1,1,22.3
2026-09-09T11:10:00+05:30,2026-09-09 11:10:00,30.5,35.5,23.7,1.8,7.2,16.6,336,0,0,0,0,0.3,1258.5,67,2,242.3,28.6,71,32.1,1,296,3.5,1,1,22.8
2026-09-09T11:05:00+05:30,2026-09-09 11:05:00,30.7,36.3,24.1,1.4,7.2,16.6,141,0,0,0,0,0.3,1258.5,68,7,793.3,28.5,71,31.8,1,287,3.5,1,1,22.7
2026-09-09T11:00:00+05:30,2026-09-09 11:00:00,29.9,34.5,23.6,2.1,3.5,16.6,275,0,0,0,0,0.3,1258.5,69,7,790.4,28.4,71,31.6,1,284,3.5,1,1,22.6
2026-09-09T10:58:00+05:30,2026-09-09 10:58:00,29.9,34.8,23.8,0,14.8,16.6,337,0,0,0,0,0.3,1258.5,70,8,832.4,28.3,71,31.4,1,284,4.7,1,1,22.5
2026-09-09T10:50:00+05:30,2026-09-09 10:50:00,30,34.8,23.7,4.7,7.2,16.6,289,0,0,0,0,0.3,1258.5,69,8,821.7,28.1,72,31.2,1,289,3.2,1,1,22.6
2026-09-09T10:45:00+05:30,2026-09-09 10:45:00,29.4,33.8,23.6,3.2,7.2,16.6,305,0,0,0,0,0.3,1258.5,71,7,757.6,28.1,72,31.2,1,296,3.2,1,1,22.6
2026-09-09T10:40:00+05:30,2026-09-09 10:40:00,29.3,33.8,23.7,1.4,5.5,16.6,239,0,0,0,0,0.3,1258.5,72,7,747,28,72,30.9,1,302,5.8,1,1,22.4
2026-09-09T10:35:00+05:30,2026-09-09 10:35:00,29.2,33.6,23.6,8.7,11.1,16.6,308,0,0,0,0,0.3,1258.5,72,1,166.9,27.9,72,30.7,1,299,4.7,1,1,22.4
2026-09-09T10:30:00+05:30,2026-09-09 10:30:00,28.7,32.7,23.4,3.5,11.1,16.6,297,0,0,0,0,0.3,1258.5,73,7,758,27.8,72,30.5,1,291,3.5,1,1,22.3
2026-09-09T10:25:00+05:30,2026-09-09 10:25:00,29.1,33.6,23.8,8.7,14.8,16.6,283,0,0,0,0,0.3,1258.5,73,7,720.2,27.8,73,30.6,1,291,3.2,1,1,22.5
2026-09-09T10:21:00+05:30,2026-09-09 10:21:00,28.8,32.6,23.2,0,3.5,16.6,1,0,0,0,0,0.3,1258.5,72,7,771.4,27.8,72,30.5,1,293,3.2,1,1,22.3
2026-09-09T10:16:00+05:30,2026-09-09 10:16:00,28.9,33,23.5,8.2,9.3,16.6,284,0,0,0,0,0.3,1258.5,73,7,749.7,27.7,73,30.5,1,284,4,1,1,22.4
2026-09-09T10:08:00+05:30,2026-09-09 10:08:00,28.3,31.8,23.2,4,13,16.6,241,0,0,0,0,0.3,1258.5,74,2,274.3,27.7,74,30.6,1,301,5.5,1,1,22.7
2026-09-09T10:00:00+05:30,2026-09-09 10:00:00,29.2,33.8,23.9,14.3,16.6,16.6,283,0,0,0,0,0.3,1258.5,73,1,197.1,27.6,74,30.4,1,289,3.5,1,1,22.6
2026-09-09T09:55:00+05:30,2026-09-09 09:55:00,28.7,32.8,23.6,1.1,13,16.6,229,0,0,0,0,0.3,1258.5,74,7,773.1,27.5,74,30.2,1,283,2.1,1,1,22.4
2026-09-09T09:50:00+05:30,2026-09-09 09:50:00,28.2,31.9,23.4,3.5,3.5,13,325,0,0,0,0,0.3,1258.5,75,6,718.1,27.5,74,30.2,1,283,1.4,1,1,22.4
2026-09-09T09:45:00+05:30,2026-09-09 09:45:00,27.8,31.1,23.4,1.1,1.8,13,281,0,0,0,0,0.3,1258.5,77,6,687.8,27.4,74,29.9,1,286,0.6,1,1,22.3
2026-09-09T09:42:00+05:30,2026-09-09 09:42:00,27.7,31,23.3,0,3.5,13,280,0,0,0,0,0.3,1258.5,77,1,149.4,27.4,74,29.9,1,278,0.6,1,1,22.3
2026-09-09T09:35:00+05:30,2026-09-09 09:35:00,27.4,30.3,23,0,5.5,13,287,0,0,0,0,0.3,1258.5,77,1,140.9,27.4,74,29.9,1,294,2.1,1,1,22.3
2026-09-09T09:26:00+05:30,2026-09-09 09:26:00,27,29.6,23,0,7.2,13,290,0,0,0,0,0.3,1258.5,79,2,214.4,27.3,74,29.7,1,294,2.9,1,1,22.2
2026-09-09T09:24:00+05:30,2026-09-09 09:24:00,26.9,29.4,22.9,3.5,7.2,13,307,0,0,0,0,0.3,1258.5,79,1,180.3,27.3,74,29.7,1,294,2.9,1,1,22.2
2026-09-09T09:15:00+05:30,2026-09-09 09:15:00,28,31.4,23.1,0,0,13,314,0,0,0,0,0.3,1258.5,75,1,125.2,27.3,75,29.8,1,296,0,1,1,22.4
2026-09-09T09:10:00+05:30,2026-09-09 09:10:00,27.8,31,23.1,0.3,1.8,13,315,0,0,0,0,0.3,1258.5,76,1,196.1,27.2,75,29.7,1,310,0,1,1,22.4
2026-09-09T09:09:00+05:30,2026-09-09 09:09:00,27.6,30.8,23.2,0,0,13,310,0,0,0,0,0.3,1258.5,77,5,567.4,27.2,74,29.6,1,310,0,1,1,22.2
2026-09-09T09:00:00+05:30,2026-09-09 09:00:00,27,29.6,22.8,0,3.5,13,319,0,0,0,0,0.3,1258.5,78,5,578.7,27.2,75,29.7,1,329,2.9,1,1,22.4
2026-09-09T08:55:00+05:30,2026-09-09 08:55:00,26.8,29.2,22.8,4,13,13,285,0,0,0,0,0.3,1258.5,79,2,224.8,27.2,75,29.7,1,274,3.5,1,1,22.4
2026-09-09T08:51:00+05:30,2026-09-09 08:51:00,27.2,30.1,23.3,4.3,11.1,11.1,294,0,0,0,0,0.3,1258.5,79,1,184.1,27.1,75,29.5,1,286,1.8,1,1,22.3
2026-09-09T08:45:00+05:30,2026-09-09 08:45:00,26.9,29.5,23.1,0,7.2,9.3,283,0,0,0,0,0.3,1258.5,80,1,149,27.1,76,29.6,1,280,1.1,1,1,22.5
2026-09-09T08:40:00+05:30,2026-09-09 08:40:00,26.8,29.3,23,1.1,3.5,9.3,243,0,0,0,0,0.3,1258.5,80,3,345.2,27.1,77,29.7,1,285,1.4,1,1,22.7
2026-09-09T08:36:00+05:30,2026-09-09 08:36:00,26.7,29.2,23.2,0,3.5,9.3,301,0,0,0,0,0.3,1258.5,81,2,210.3,27.1,77,29.7,1,251,1.4,1,1,22.7
2026-09-09T08:31:00+05:30,2026-09-09 08:31:00,27.2,30.3,23.7,4,7.2,9.3,259,0,0,0,0,0.3,1258.5,81,1,104.2,27.1,77,29.7,1,344,0,1,1,22.7
2026-09-09T08:25:00+05:30,2026-09-09 08:25:00,28.4,32.4,23.7,1.4,1.8,3.5,345,0,0,0,0,0.3,1258.5,76,3,344.7,27,77,29.4,1,345,0,1,1,22.6
2026-09-09T08:20:00+05:30,2026-09-09 08:20:00,27.7,31.1,23.5,0,0,1.8,345,0,0,0,0,0.3,1258.5,78,4,444.7,26.9,77,29.2,1,345,0,1,1,22.5
2026-09-09T08:15:00+05:30,2026-09-09 08:15:00,27.6,31,23.6,0,0,1.8,345,0,0,0,0,0.3,1258.5,79,3,351.9,26.9,77,29.2,1,317,0,1,1,22.5
2026-09-09T08:10:00+05:30,2026-09-09 08:10:00,26.6,27.5,23.3,0,0,1.8,317,0,0,0,0,0.3,1258.5,82,3,358.2,26.8,76,28.9,1,317,0,1,1,22.2
2026-09-09T08:05:00+05:30,2026-09-09 08:05:00,25.6,26.4,22.9,0,0,1.8,349,0,0,0,0,0.3,1258.5,85,1,190.6,26.8,76,28.9,1,349,0,1,1,22.2
2026-09-09T08:00:00+05:30,2026-09-09 08:00:00,25.2,26.1,22.9,0,0,1.8,351,0,0,0,0,0.3,1258.5,87,0,77.2,26.8,76,28.9,1,351,0,1,1,22.2
2026-09-09T07:55:00+05:30,2026-09-09 07:55:00,25,25.9,23.2,0,0,1.8,351,0,0,0,0,0.3,1258.5,90,0,72,26.8,76,28.9,1,351,0,1,1,22.2
2026-09-09T07:50:00+05:30,2026-09-09 07:50:00,24.6,25.5,22.9,0,0,1.8,352,0,0,0,0,0.3,1258.5,90,1,107.3,26.8,76,28.9,1,340,0,1,1,22.2
2026-09-09T07:45:00+05:30,2026-09-09 07:45:00,24.2,25.1,23,0,0,1.8,340,0,0,0,0,0.3,1258.5,93,0,68.1,26.7,76,28.8,1,340,0,1,1,22.1
2026-09-09T07:40:00+05:30,2026-09-09 07:40:00,24,24.9,23,0,0,1.8,340,0,0,0,0,0.3,1258.5,94,0,82.5,26.7,76,28.8,1,340,0,1,1,22.1
2026-09-09T07:35:00+05:30,2026-09-09 07:35:00,23.9,24.8,23,0,0,1.8,340,0,0,0,0,0.3,1258.5,95,0,55.5,26.7,76,28.8,1,340,0,1,1,22.1
2026-09-09T07:30:00+05:30,2026-09-09 07:30:00,23.7,24.6,22.9,0,0,1.8,340,0,0,0,0,0.3,1258.5,95,0,35.5,26.7,76,28.8,1,340,0,1,1,22.1
2026-09-09T07:25:00+05:30,2026-09-09 07:25:00,23.5,24.4,22.7,0,0,1.8,340,0,0,0,0,0.3,1258.5,95,0,40.3,26.7,76,28.8,1,340,0,1,1,22.1
2026-09-09T07:20:00+05:30,2026-09-09 07:20:00,23.4,24.3,22.9,0,0,1.8,340,0,0,0,0,0.3,1258.5,97,0,59.6,26.7,76,28.8,1,340,0,1,1,22.1
2026-09-09T07:15:00+05:30,2026-09-09 07:15:00,23.2,24.1,22.7,0,0,1.8,343,0,0,0,0,0.3,1258.5,97,0,61.3,26.7,76,28.8,1,343,0,1,1,22.1
2026-09-09T07:10:00+05:30,2026-09-09 07:10:00,23,23.9,22.7,0,0,1.8,347,0,0,0,0,0.3,1258.5,98,0,65.5,26.7,75,28.8,1,351,0,1,1,21.9
2026-09-09T07:05:00+05:30,2026-09-09 07:05:00,22.8,23.7,22.4,0,0,1.8,351,0,0,0,0,0.3,1258.5,98,0,40.5,26.7,76,28.8,1,351,0,1,1,22.1
2026-09-09T07:00:00+05:30,2026-09-09 07:00:00,22.6,23.5,22.4,0,0,1.8,350,0,0,0,0,0.3,1258.5,99,0,40.3,26.7,75,28.8,1,350,0,1,1,21.9
2026-09-09T06:55:00+05:30,2026-09-09 06:55:00,22.5,23.4,22.3,0,0,1.8,342,0,0,0,0,0.3,1258.5,99,0,29.7,26.7,75,28.8,1,342,0,1,1,21.9
2026-09-09T06:50:00+05:30,2026-09-09 06:50:00,22.5,23.4,22.3,0,0,1.8,342,0,0,0,0,0.3,1258.5,99,0,21.8,26.7,75,28.8,1,342,0,1,1,21.9
2026-09-09T06:45:00+05:30,2026-09-09 06:45:00,22.4,23.3,22.2,0,0,1.8,342,0,0,0,0,0.3,1258.5,99,0,33.4,26.7,75,28.8,1,342,0,1,1,21.9
2026-09-09T06:40:00+05:30,2026-09-09 06:40:00,22.3,23.1,22.1,0,0,1.8,342,0,0,0,0,0.3,1258.5,99,0,23.4,26.7,75,28.8,1,343,0,1,1,21.9
2026-09-09T06:35:00+05:30,2026-09-09 06:35:00,22.3,23.1,22.1,0,0,1.8,340,0,0,0,0,0.3,1258.5,99,0,19.1,26.7,75,28.8,1,346,0,1,1,21.9
2026-09-09T06:30:00+05:30,2026-09-09 06:30:00,22.3,23.1,22.1,0,0,1.8,330,0,0,0,0,0.3,1258.5,99,0,16.4,26.7,75,28.8,1,329,0,1,1,21.9
2026-09-09T06:25:00+05:30,2026-09-09 06:25:00,22.2,23.1,22.1,0,0,1.8,332,0,0,0,0,0.3,1258.5,99,0,14.7,26.7,75,28.8,1,332,0,1,1,21.9
2026-09-09T06:20:00+05:30,2026-09-09 06:20:00,22.2,23.1,22.1,0,0,1.8,332,0,0,0,0,0.3,1258.5,99,0,13.3,26.7,75,28.8,1,332,0,1,1,21.9
2026-09-09T06:15:00+05:30,2026-09-09 06:15:00,22.3,23.1,22.1,0,0,1.8,332,0,0,0,0,0.3,1258.5,99,0,10.4,26.7,75,28.8,1,338,0,1,1,21.9
2026-09-09T06:10:00+05:30,2026-09-09 06:10:00,22.2,23.1,22.1,0,0,1.8,331,0,0,0,0,0.3,1258.5,99,0,6.9,26.7,75,28.8,1,338,0,1,1,21.9
2026-09-09T06:05:00+05:30,2026-09-09 06:05:00,22.3,23.1,22.1,0,1.8,1.8,345,0,0,0,0,0.3,1258.5,99,0,4,26.8,75,28.8,1,330,0,1,1,21.9
2026-09-09T06:00:00+05:30,2026-09-09 06:00:00,22.3,23.1,22.1,0,0,0,20,0,0,0,0,0.3,1258.5,99,0,2.3,26.8,75,28.8,1,330,0,1,1,21.9
2026-09-09T05:55:00+05:30,2026-09-09 05:55:00,22.3,23.1,22.1,0,0,0,336,0,0,0,0,0.3,1258.5,99,0,1.2,26.8,75,28.8,1,341,0,1,1,21.9
2026-09-09T05:50:00+05:30,2026-09-09 05:50:00,22.3,23.1,22.1,0,0,0,338,0,0,0,0,0.3,1258.5,99,0,0.4,26.8,75,28.8,1,333,0,1,1,21.9
2026-09-09T05:45:00+05:30,2026-09-09 05:45:00,22.4,23.2,22.1,0,0,0,333,0,0,0,0,0.3,1258.5,98,0,0.1,26.8,75,28.8,1,333,0,1,1,21.9
2026-09-09T05:40:00+05:30,2026-09-09 05:40:00,22.4,23.2,22.1,0,0,0,330,0,0,0,0,0.3,1258.5,98,0,0,26.8,75,28.8,1,330,0,1,1,21.9
2026-09-09T05:35:00+05:30,2026-09-09 05:35:00,22.4,23.2,22.1,0,0,0,330,0,0,0,0,0.3,1258.5,98,0,0,26.9,75,29.1,1,330,0,1,1,22.1
2026-09-09T05:30:00+05:30,2026-09-09 05:30:00,22.5,23.4,22.2,0,0,0,330,0,0,0,0,0.3,1258.5,98,0,0,26.9,75,29.1,1,330,0,1,1,22.1
2026-09-09T05:25:00+05:30,2026-09-09 05:25:00,22.5,23.4,22.2,0,0,0,330,0,0,0,0,0.3,1258.5,98,0,0,26.9,75,29.1,1,330,0,1,1,22.1
2026-09-09T05:20:00+05:30,2026-09-09 05:20:00,22.5,23.4,22.2,0,0,0,334,0,0,0,0,0.3,1258.5,98,0,0,26.9,75,29.1,1,334,0,1,1,22.1
2026-09-09T05:15:00+05:30,2026-09-09 05:15:00,22.6,23.5,22.3,0,0,0,335,0,0,0,0,0.3,1258.5,98,0,0,26.9,75,29.1,1,329,0,1,1,22.1
2026-09-09T05:10:00+05:30,2026-09-09 05:10:00,22.6,23.5,22.3,0,0,0,329,0,0,0,0,0.3,1258.5,98,0,0,26.9,75,29.1,1,329,0,1,1,22.1
2026-09-09T05:05:00+05:30,2026-09-09 05:05:00,22.6,23.5,22.3,0,0,0,334,0,0,0,0,0.3,1258.5,98,0,0,26.9,75,29.1,1,334,0,1,1,22.1
2026-09-09T05:00:00+05:30,2026-09-09 05:00:00,22.6,23.5,22.3,0,0,0,319,0,0,0,0,0.3,1258.5,98,0,0,26.9,75,29.1,1,338,0,1,1,22.1
2026-09-09T04:55:00+05:30,2026-09-09 04:55:00,22.6,23.5,22.3,0,0,0,338,0,0,0,0,0.3,1258.5,98,0,0,26.9,75,29.1,1,342,0,1,1,22.1
2026-09-09T04:50:00+05:30,2026-09-09 04:50:00,22.5,23.4,22.2,0,0,0,342,0,0,0,0,0.3,1258.5,98,0,0,26.9,75,29.1,1,338,0,1,1,22.1
2026-09-09T04:45:00+05:30,2026-09-09 04:45:00,22.5,23.4,22.2,0,0,0,359,0,0,0,0,0.3,1258.5,98,0,0,26.9,75,29.1,1,337,0,1,1,22.1
2026-09-09T04:40:00+05:30,2026-09-09 04:40:00,22.5,23.4,22.2,0,0,0,349,0,0,0,0,0.3,1258.5,98,0,0,26.9,75,29.1,1,336,0,1,1,22.1
2026-09-09T04:35:00+05:30,2026-09-09 04:35:00,22.5,23.4,22.2,0,0,0,330,0,0,0,0,0.3,1258.5,98,0,0,26.9,75,29.1,1,338,0,1,1,22.1
2026-09-09T04:30:00+05:30,2026-09-09 04:30:00,22.5,23.4,22.2,0,0,0,344,0,0,0,0,0.3,1258.5,98,0,0,27,75,29.3,1,344,0,1,1,22.2
2026-09-09T04:25:00+05:30,2026-09-09 04:25:00,22.5,23.4,22.2,0,0,0,14,0,0,0,0,0.3,1258.5,98,0,0,27,75,29.3,1,338,0,1,1,22.2
2026-09-09T04:20:00+05:30,2026-09-09 04:20:00,22.4,23.2,22.1,0,0,0,336,0,0,0,0,0.3,1258.5,98,0,0,27,75,29.3,1,336,0,1,1,22.2
2026-09-09T04:15:00+05:30,2026-09-09 04:15:00,22.4,23.2,22.1,0,0,0,334,0,0,0,0,0.3,1258.5,98,0,0,27,75,29.3,1,337,0,1,1,22.2
2026-09-09T04:10:00+05:30,2026-09-09 04:10:00,22.5,23.4,22.2,0,0,0,338,0,0,0,0,0.3,1258.5,98,0,0,27,75,29.3,1,337,0,1,1,22.2
2026-09-09T04:05:00+05:30,2026-09-09 04:05:00,22.5,23.4,22.2,0,0,0,334,0,0,0,0,0.3,1258.5,98,0,0,27,75,29.3,1,335,0,1,1,22.2
2026-09-09T04:00:00+05:30,2026-09-09 04:00:00,22.5,23.4,22.2,0,0,0,344,0,0,0,0,0.3,1258.5,98,0,0,27,75,29.3,1,335,0,1,1,22.2
2026-09-09T03:55:00+05:30,2026-09-09 03:55:00,22.6,23.5,22.1,0,0,0,336,0,0,0,0,0.3,1258.5,97,0,0,27,75,29.3,1,336,0,1,1,22.2
2026-09-09T03:50:00+05:30,2026-09-09 03:50:00,22.7,23.6,22.2,0,0,0,337,0,0,0,0,0.3,1258.5,97,0,0,27,75,29.3,1,343,0,1,1,22.2
2026-09-09T03:45:00+05:30,2026-09-09 03:45:00,22.7,23.6,22.2,0,0,0,349,0,0,0,0,0.3,1258.5,97,0,0,27,75,29.3,1,350,0,1,1,22.2
2026-09-09T03:40:00+05:30,2026-09-09 03:40:00,22.7,23.6,22.2,0,0,0,328,0,0,0,0,0.3,1258.5,97,0,0,27.1,75,29.5,1,328,0,1,1,22.3
2026-09-09T03:35:00+05:30,2026-09-09 03:35:00,22.7,23.6,22.2,0,0,0,31,0,0,0,0,0.3,1258.5,97,0,0,27.1,75,29.5,1,335,0,1,1,22.3
2026-09-09T03:30:00+05:30,2026-09-09 03:30:00,22.7,23.6,22.2,0,0,0,335,0,0,0,0,0.3,1258.5,97,0,0,27.1,75,29.5,1,335,0,1,1,22.3
2026-09-09T03:25:00+05:30,2026-09-09 03:25:00,22.7,23.6,22.2,0,0,0,335,0,0,0,0,0.3,1258.5,97,0,0,27.1,75,29.5,1,335,0,1,1,22.3
2026-09-09T03:20:00+05:30,2026-09-09 03:20:00,22.7,23.6,22.2,0,0,0,335,0,0,0,0,0.3,1258.5,97,0,0,27.1,74,29.4,1,335,0,1,1,22.1
2026-09-09T03:15:00+05:30,2026-09-09 03:15:00,22.7,23.6,22.2,0,0,0,335,0,0,0,0,0.3,1258.5,97,0,0,27.1,74,29.4,1,335,0,1,1,22.1
2026-09-09T03:10:00+05:30,2026-09-09 03:10:00,22.7,23.6,22.2,0,0,0,335,0,0,0,0,0.3,1258.5,97,0,0,27.2,75,29.7,1,335,0,1,1,22.4
2026-09-09T03:05:00+05:30,2026-09-09 03:05:00,22.7,23.6,22.2,0,0,0,335,0,0,0,0,0.3,1258.5,97,0,0,27.1,74,29.4,1,335,0,1,1,22.1
2026-09-09T03:00:00+05:30,2026-09-09 03:00:00,22.7,23.6,22.2,0,0,0,335,0,0,0,0,0.3,1258.5,97,0,0,27.1,74,29.4,1,335,0,1,1,22.1
2026-09-09T02:55:00+05:30,2026-09-09 02:55:00,22.8,23.6,22.3,0,0,0,357,0,0,0,0,0.3,1258.5,97,0,0,27.2,74,29.6,1,332,0,1,1,22.2
2026-09-09T02:50:00+05:30,2026-09-09 02:50:00,22.7,23.6,22.2,0,0,0,332,0,0,0,0,0.3,1258.5,97,0,0,27.2,74,29.6,1,332,0,1,1,22.2
2026-09-09T02:45:00+05:30,2026-09-09 02:45:00,22.7,23.6,22.2,0,0,0,332,0,0,0,0,0.3,1258.5,97,0,0,27.2,74,29.6,1,314,0,1,1,22.2
2026-09-09T02:40:00+05:30,2026-09-09 02:40:00,22.7,23.6,22.2,0,0,0,314,0,0,0,0,0.3,1258.5,97,0,0,27.2,74,29.6,1,314,0,1,1,22.2
2026-09-09T02:35:00+05:30,2026-09-09 02:35:00,22.7,23.6,22.2,0,0,0,314,0,0,0,0,0.3,1258.5,97,0,0,27.2,74,29.6,1,314,0,1,1,22.2
2026-09-09T02:30:00+05:30,2026-09-09 02:30:00,22.7,23.6,22.2,0,0,0,314,0,0,0,0,0.3,1258.5,97,0,0,27.2,74,29.6,1,314,0,1,1,22.2
2026-09-09T02:25:00+05:30,2026-09-09 02:25:00,22.8,23.6,22.3,0,0,0,313,0,0,0,0,0.3,1258.5,97,0,0,27.2,74,29.6,1,313,0,1,1,22.2
2026-09-09T02:20:00+05:30,2026-09-09 02:20:00,22.8,23.6,22.3,0,0,0,313,0,0,0,0,0.3,1258.5,97,0,0,27.2,74,29.6,1,313,0,1,1,22.2
2026-09-09T02:15:00+05:30,2026-09-09 02:15:00,22.8,23.6,22.3,0,0,0,310,0,0,0,0,0.3,1258.5,97,0,0,27.2,74,29.6,1,310,0,1,1,22.2
2026-09-09T02:10:00+05:30,2026-09-09 02:10:00,22.9,23.8,22.4,0,0,0,310,0,0,0,0,0.3,1258.5,97,0,0,27.3,74,29.7,1,310,0,1,1,22.2
2026-09-09T02:05:00+05:30,2026-09-09 02:05:00,22.9,23.8,22.4,0,0,0,309,0,0,0,0,0.3,1258.5,97,0,0,27.2,74,29.6,1,309,0,1,1,22.2
2026-09-09T02:00:00+05:30,2026-09-09 02:00:00,22.9,23.8,22.4,0,0,0,309,0,0,0,0,0.3,1258.5,97,0,0,27.3,74,29.7,1,309,0,1,1,22.2
2026-09-09T01:55:00+05:30,2026-09-09 01:55:00,22.9,23.7,22.2,0,0,0,309,0,0,0,0,0.3,1258.5,96,0,0,27.3,74,29.7,1,309,0,1,1,22.2
2026-09-09T01:50:00+05:30,2026-09-09 01:50:00,22.9,23.7,22.2,0,0,0,309,0,0,0,0,0.3,1258.5,96,0,0,27.3,74,29.7,1,309,0,1,1,22.2
2026-09-09T01:45:00+05:30,2026-09-09 01:45:00,22.9,23.7,22.2,0,0,0,309,0,0,0,0,0.3,1258.5,96,0,0,27.3,74,29.7,1,309,0,1,1,22.2
2026-09-09T01:40:00+05:30,2026-09-09 01:40:00,22.9,23.7,22.2,0,0,0,309,0,0,0,0,0.3,1258.5,96,0,0,27.3,74,29.7,1,309,0,1,1,22.2
2026-09-09T01:35:00+05:30,2026-09-09 01:35:00,23,23.9,22.3,0,0,0,306,0,0,0,0,0.3,1258.5,96,0,0,27.3,74,29.7,1,306,0,1,1,22.2
2026-09-09T01:30:00+05:30,2026-09-09 01:30:00,23.1,24,22.4,0,0,0,306,0,0,0,0,0.3,1258.5,96,0,0,27.4,74,29.9,1,306,0,1,1,22.3
2026-09-09T01:25:00+05:30,2026-09-09 01:25:00,23.1,24,22.4,0,0,0,306,0,0,0,0,0.3,1258.5,96,0,0,27.4,74,29.9,1,306,0,1,1,22.3
2026-09-09T01:20:00+05:30,2026-09-09 01:20:00,23.2,24.1,22.5,0,0,0,306,0,0,0,0,0.3,1258.5,96,0,0,27.4,74,29.9,1,307,0,1,1,22.3
2026-09-09T01:15:00+05:30,2026-09-09 01:15:00,23.2,24.1,22.5,0,0,0,306,0,0,0,0,0.3,1258.5,96,0,0,27.4,74,29.9,1,306,0,1,1,22.3
2026-09-09T01:10:00+05:30,2026-09-09 01:10:00,23.2,24.1,22.4,0,0,0,306,0,0,0,0,0.3,1258.5,95,0,0,27.4,74,29.9,1,306,0,1,1,22.3
2026-09-09T01:05:00+05:30,2026-09-09 01:05:00,23.2,24.1,22.4,0,0,0,307,0,0,0,0,0.3,1258.5,95,0,0,27.5,74,30.2,1,307,0,1,1,22.4
2026-09-09T01:00:00+05:30,2026-09-09 01:00:00,23.3,24.1,22.4,0,0,0,306,0,0,0,0,0.3,1258.5,95,0,0,27.5,74,30.2,1,307,0,1,1,22.4
2026-09-09T00:55:00+05:30,2026-09-09 00:55:00,23.4,24.3,22.5,0,0,0,307,0,0,0,0,0.3,1258.5,95,0,0,27.5,74,30.2,1,307,0,1,1,22.4
2026-09-09T00:50:00+05:30,2026-09-09 00:50:00,23.4,24.3,22.5,0,0,0,307,0,0,0,0,0.3,1258.5,95,0,0,27.5,74,30.2,1,307,0,1,1,22.4
2026-09-09T00:45:00+05:30,2026-09-09 00:45:00,23.4,24.2,22.4,0,0,0,307,0,0,0,0,0.3,1258.5,94,0,0,27.5,74,30.2,1,307,0,1,1,22.4
2026-09-09T00:40:00+05:30,2026-09-09 00:40:00,23.5,24.4,22.7,0,0,0,306,0,0,0,0,0.3,1258.5,95,0,0,27.5,74,30.2,1,307,0,1,1,22.4
2026-09-09T00:35:00+05:30,2026-09-09 00:35:00,23.5,24.4,22.5,0,0,0,307,0,0,0,0,0.3,1258.5,94,0,0,27.5,74,30.2,1,307,0,1,1,22.4
2026-09-09T00:30:00+05:30,2026-09-09 00:30:00,23.5,24.4,22.7,0,0,0,306,0,0,0,0,0.3,1258.5,95,0,0,27.5,74,30.2,1,306,0,1,1,22.4
2026-09-09T00:25:00+05:30,2026-09-09 00:25:00,23.5,24.4,22.7,0,0,0,307,0,0,0,0,0.3,1258.5,95,0,0,27.5,74,30.2,1,307,0,1,1,22.4
2026-09-09T00:20:00+05:30,2026-09-09 00:20:00,23.5,24.4,22.7,0,0,0,307,0,0,0,0,0.3,1258.5,95,0,0,27.6,74,30.4,1,306,0,1,1,22.6
2026-09-09T00:15:00+05:30,2026-09-09 00:15:00,23.5,24.4,22.7,0,0,0,307,0,0,0,0,0.3,1258.5,95,0,0,27.5,74,30.2,1,307,0,1,1,22.4
2026-09-09T00:10:00+05:30,2026-09-09 00:10:00,23.5,24.4,22.7,0,0,0,307,0,0,0,0,0.3,1258.5,95,0,0,27.5,74,30.2,1,307,0,1,1,22.4
2026-09-09T00:05:00+05:30,2026-09-09 00:05:00,23.4,24.3,22.5,0,0,0,307,0,0,0,0,0.3,1258.5,95,0,0,27.6,74,30.4,1,306,0,1,1,22.6
2026-09-09T00:00:00+05:30,2026-09-09 00:00:00,23.4,24.3,22.5,0,0,0,306,0,0,0,0,0.3,1258.5,95,0,0,27.6,74,30.4,1,307,0,1,1,22.6
2026-09-08T23:55:00+05:30,2026-09-08 23:55:00,23.5,24.4,22.7,0,0,23.8,307,0,0,0,0,0.3,1258.5,95,0,0,27.6,74,30.4,1,307,0,1,1,22.6
2026-09-08T23:50:00+05:30,2026-09-08 23:50:00,23.5,24.4,22.7,0,0,23.8,307,0,0,0,0,0.3,1258.5,95,0,0,27.6,74,30.4,1,307,0,1,1,22.6
2026-09-08T23:45:00+05:30,2026-09-08 23:45:00,23.6,24.5,22.8,0,0,23.8,307,0,0,0,0,0.3,1258.5,95,0,0,27.6,74,30.4,1,307,0,1,1,22.6
2026-09-08T23:40:00+05:30,2026-09-08 23:40:00,23.6,24.5,22.8,0,0,23.8,306,0,0,0,0,0.3,1258.5,95,0,0,27.6,74,30.4,1,307,0,1,1,22.6
2026-09-08T23:35:00+05:30,2026-09-08 23:35:00,23.6,24.5,22.6,0,0,23.8,307,0,0,0,0,0.3,1258.5,94,0,0,27.7,74,30.6,1,307,0,1,1,22.7
2026-09-08T23:30:00+05:30,2026-09-08 23:30:00,23.6,24.5,22.6,0,0,23.8,307,0,0,0,0,0.3,1258.5,94,0,0,27.7,74,30.6,1,307,0,1,1,22.7
2026-09-08T23:25:00+05:30,2026-09-08 23:25:00,23.7,24.6,22.7,0,0,23.8,307,0,0,0,0,0.3,1258.5,94,0,0,27.7,74,30.6,1,307,0,1,1,22.7
2026-09-08T23:20:00+05:30,2026-09-08 23:20:00,23.8,24.7,22.8,0,0,23.8,307,0,0,0,0,0.3,1258.5,94,0,0,27.7,74,30.6,1,307,0,1,1,22.7
2026-09-08T23:15:00+05:30,2026-09-08 23:15:00,23.8,24.7,22.8,0,0,23.8,307,0,0,0,0,0.3,1258.5,94,0,0,27.7,74,30.6,1,306,0,1,1,22.7
2026-09-08T23:10:00+05:30,2026-09-08 23:10:00,23.9,24.8,22.9,0,0,23.8,306,0,0,0,0,0.3,1258.5,94,0,0,27.7,74,30.6,1,306,0,1,1,22.7
2026-09-08T23:05:00+05:30,2026-09-08 23:05:00,23.9,24.8,22.7,0,0,23.8,306,0,0,0,0,0.3,1258.5,93,0,0,27.8,74,30.7,1,306,0,1,1,22.7
2026-09-08T23:00:00+05:30,2026-09-08 23:00:00,24,24.9,22.8,0,0,23.8,306,0,0,0,0,0.3,1258.5,93,0,0,27.8,73,30.6,1,306,0,1,1,22.5
2026-09-08T22:55:00+05:30,2026-09-08 22:55:00,24,24.9,22.8,0,0,23.8,306,0,0,0,0,0.3,1258.5,93,0,0,27.8,73,30.6,1,306,0,1,1,22.5
2026-09-08T22:50:00+05:30,2026-09-08 22:50:00,24,24.9,22.8,0,0,23.8,306,0,0,0,0,0.3,1258.5,93,0,0,27.8,73,30.6,1,306,0,1,1,22.5
2026-09-08T22:45:00+05:30,2026-09-08 22:45:00,23.9,24.8,22.7,0,0,23.8,306,0,0,0,0,0.3,1258.5,93,0,0,27.8,73,30.6,1,306,0,1,1,22.5
2026-09-08T22:40:00+05:30,2026-09-08 22:40:00,23.9,24.8,22.7,0,0,23.8,306,0,0,0,0,0.3,1258.5,93,0,0,27.8,73,30.6,1,306,0,1,1,22.5
2026-09-08T22:35:00+05:30,2026-09-08 22:35:00,23.9,24.8,22.7,0,0,23.8,306,0,0,0,0,0.3,1258.5,93,0,0,27.8,73,30.6,1,306,0,1,1,22.5
2026-09-08T22:30:00+05:30,2026-09-08 22:30:00,23.9,24.8,22.7,0,0,23.8,306,0,0,0,0,0.3,1258.5,93,0,0,27.8,73,30.6,1,306,0,1,1,22.5
2026-09-08T22:25:00+05:30,2026-09-08 22:25:00,24,24.9,22.8,0,0,23.8,306,0,0,0,0,0.3,1258.5,93,0,0,27.8,73,30.6,1,306,0,1,1,22.5
2026-09-08T22:20:00+05:30,2026-09-08 22:20:00,24,24.9,22.8,0,0,23.8,306,0,0,0,0,0.3,1258.5,93,0,0,27.8,73,30.6,1,306,0,1,1,22.5
2026-09-08T22:15:00+05:30,2026-09-08 22:15:00,24,24.9,22.8,0,0,23.8,306,0,0,0,0,0.3,1258.5,93,0,0,27.8,73,30.6,1,306,0,1,1,22.5
2026-09-08T22:10:00+05:30,2026-09-08 22:10:00,24.1,25,22.9,0,0,23.8,306,0,0,0,0,0.3,1258.5,93,0,0,27.9,73,30.8,1,306,0,1,1,22.6
2026-09-08T22:05:00+05:30,2026-09-08 22:05:00,24.1,25,22.9,0,0,23.8,306,0,0,0,0,0.3,1258.5,93,0,0,27.9,73,30.8,1,306,0,1,1,22.6
2026-09-08T22:00:00+05:30,2026-09-08 22:00:00,24.1,25,22.9,0,0,23.8,306,0,0,0,0,0.3,1258.5,93,0,0,27.9,73,30.8,1,306,0,1,1,22.6
2026-09-08T21:55:00+05:30,2026-09-08 21:55:00,24,24.9,22.8,0,0,23.8,306,0,0,0,0,0.3,1258.5,93,0,0,27.9,73,30.8,1,306,0,1,1,22.6
2026-09-08T21:50:00+05:30,2026-09-08 21:50:00,24.1,25,22.9,0,0,23.8,306,0,0,0,0,0.3,1258.5,93,0,0,27.9,73,30.8,1,306,0,1,1,22.6
2026-09-08T21:45:00+05:30,2026-09-08 21:45:00,24.2,25.1,22.8,0,0,23.8,306,0,0,0,0,0.3,1258.5,92,0,0,27.9,73,30.8,1,306,0,1,1,22.6
2026-09-08T21:40:00+05:30,2026-09-08 21:40:00,24.2,25.1,22.8,0,0,23.8,306,0,0,0,0,0.3,1258.5,92,0,0,28,73,31.1,1,306,0,1,1,22.7
2026-09-08T21:35:00+05:30,2026-09-08 21:35:00,24.3,25.1,22.7,0,0,23.8,306,0,0,0,0,0.3,1258.5,91,0,0,28,73,31.1,1,306,0,1,1,22.7
2026-09-08T21:30:00+05:30,2026-09-08 21:30:00,24.3,25.1,22.7,0,0,23.8,306,0,0,0,0,0.3,1258.5,91,0,0,28,73,31.1,1,306,0,1,1,22.7
2026-09-08T21:25:00+05:30,2026-09-08 21:25:00,24.4,25.3,22.8,0,0,23.8,306,0,0,0,0,0.3,1258.5,91,0,0,28,73,31.1,1,306,0,1,1,22.7
2026-09-08T21:20:00+05:30,2026-09-08 21:20:00,24.5,25.4,22.7,0,0,23.8,306,0,0,0,0,0.3,1258.5,90,0,0,28,73,31.1,1,306,0,1,1,22.7
2026-09-08T21:15:00+05:30,2026-09-08 21:15:00,24.6,25.5,22.9,0,0,23.8,306,0,0,0,0,0.3,1258.5,90,0,0,28,73,31.1,1,306,0,1,1,22.7
2026-09-08T21:10:00+05:30,2026-09-08 21:10:00,24.7,25.6,23,0,0,23.8,306,0,0,0,0,0.3,1258.5,90,0,0,28,73,31.1,1,306,0,1,1,22.7
2026-09-08T21:05:00+05:30,2026-09-08 21:05:00,24.8,25.7,23,0,0,23.8,306,0,0,0,0,0.3,1258.5,90,0,0,28.1,73,31.3,1,306,0,1,1,22.8
2026-09-08T21:00:00+05:30,2026-09-08 21:00:00,24.8,25.6,22.8,0,0,23.8,306,0,0,0,0,0.3,1258.5,89,0,0,28.1,73,31.3,1,306,0,1,1,22.8
2026-09-08T20:55:00+05:30,2026-09-08 20:55:00,24.9,25.8,22.9,0,0,23.8,306,0,0,0,0,0.3,1258.5,89,0,0,28.1,73,31.3,1,306,0,1,1,22.8
2026-09-08T20:50:00+05:30,2026-09-08 20:50:00,25,25.9,23.1,0,0,23.8,305,0,0,0,0,0.3,1258.5,89,0,0,28.1,73,31.3,1,305,0,1,1,22.8
2026-09-08T20:45:00+05:30,2026-09-08 20:45:00,25.1,26,23.2,0,0,23.8,305,0,0,0,0,0.3,1258.5,89,0,0,28.1,73,31.3,1,305,0,1,1,22.8
2026-09-08T20:40:00+05:30,2026-09-08 20:40:00,25.1,26,23,0,0,23.8,305,0,0,0,0,0.3,1258.5,88,0,0,28.1,72,31.2,1,305,0,1,1,22.6
2026-09-08T20:35:00+05:30,2026-09-08 20:35:00,25.2,26.1,23.1,0,0,23.8,311,0,0,0,0,0.3,1258.5,88,0,0,28.1,72,31.2,1,305,0,1,1,22.6
2026-09-08T20:30:00+05:30,2026-09-08 20:30:00,25.2,26.1,23.1,0.6,5.5,23.8,282,0,0,0,0,0.3,1258.5,88,0,0,28.2,72,31.4,1,298,1.1,1,1,22.7
2026-09-08T20:25:00+05:30,2026-09-08 20:25:00,25.2,26.1,23.1,0,5.5,23.8,303,0,0,0,0,0.3,1258.5,88,0,0,28.2,72,31.4,1,278,1.4,1,1,22.7
2026-09-08T20:20:00+05:30,2026-09-08 20:20:00,25.2,26.1,23.1,1.1,3.5,23.8,297,0,0,0,0,0.3,1258.5,88,0,0,28.2,72,31.4,1,309,0.3,1,1,22.7
2026-09-08T20:15:00+05:30,2026-09-08 20:15:00,25.3,26.2,23.1,0,1.8,23.8,300,0,0,0,0,0.3,1258.5,88,0,0,28.2,72,31.4,1,281,0,1,1,22.7
2026-09-08T20:10:00+05:30,2026-09-08 20:10:00,25.4,26.3,23.1,0,5.5,23.8,284,0,0,0,0,0.3,1258.5,87,0,0,28.2,72,31.4,1,290,1.1,1,1,22.7
2026-09-08T20:05:00+05:30,2026-09-08 20:05:00,25.4,26.3,23.1,2.6,3.5,23.8,285,0,0,0,0,0.3,1258.5,87,0,0,28.3,72,31.5,1,293,0.3,1,1,22.7
2026-09-08T20:00:00+05:30,2026-09-08 20:00:00,25.5,26.4,23,1.1,3.5,23.8,293,0,0,0,0,0.3,1258.5,86,0,0,28.3,72,31.5,1,293,0,1,1,22.7
2026-09-08T19:55:00+05:30,2026-09-08 19:55:00,25.5,26.4,23,0,1.8,23.8,291,0,0,0,0,0.3,1258.5,86,0,0,28.3,72,31.5,1,291,0.3,1,1,22.7
2026-09-08T19:50:00+05:30,2026-09-08 19:50:00,25.6,26.5,23.1,2.9,5.5,23.8,306,0,0,0,0,0.3,1258.5,86,0,0,28.3,72,31.5,1,302,0,1,1,22.7
2026-09-08T19:45:00+05:30,2026-09-08 19:45:00,25.6,26.5,23.1,0,3.5,23.8,286,0,0,0,0,0.3,1258.5,86,0,0,28.3,72,31.5,1,286,0.3,1,1,22.7
2026-09-08T19:40:00+05:30,2026-09-08 19:40:00,25.6,26.5,23.1,0,3.5,23.8,293,0,0,0,0,0.3,1258.5,86,0,0,28.4,72,31.7,1,287,1.1,1,1,22.8
2026-09-08T19:35:00+05:30,2026-09-08 19:35:00,25.6,26.5,23.1,0,1.8,23.8,296,0,0,0,0,0.3,1258.5,86,0,0,28.4,72,31.7,1,296,1.4,1,1,22.8
2026-09-08T19:30:00+05:30,2026-09-08 19:30:00,25.7,26.6,23.2,1.8,7.2,23.8,267,0,0,0,0,0.3,1258.5,86,0,0,28.4,72,31.7,1,291,1.8,1,1,22.8
2026-09-08T19:25:00+05:30,2026-09-08 19:25:00,25.8,26.7,23.3,1.8,3.5,23.8,293,0,0,0,0,0.3,1258.5,86,0,0,28.5,72,32,1,290,1.8,1,1,22.9
2026-09-08T19:20:00+05:30,2026-09-08 19:20:00,25.9,26.8,23.4,0,0,23.8,296,0,0,0,0,0.3,1258.5,86,0,0,28.5,72,32,1,294,0.6,1,1,22.9
2026-09-08T19:15:00+05:30,2026-09-08 19:15:00,25.9,26.8,23.4,1.4,3.5,23.8,284,0,0,0,0,0.3,1258.5,86,0,0,28.5,72,32,1,284,0.6,1,1,22.9
2026-09-08T19:10:00+05:30,2026-09-08 19:10:00,26,26.9,23.3,0,0,23.8,258,0,0,0,0,0.3,1258.5,85,0,0,28.5,72,32,1,291,0,1,1,22.9
2026-09-08T19:05:00+05:30,2026-09-08 19:05:00,26.1,27,23.4,2.9,5.5,23.8,196,0,0,0,0,0.3,1258.5,85,0,0,28.5,72,32,1,293,0.3,1,1,22.9
2026-09-08T19:00:00+05:30,2026-09-08 19:00:00,26.2,27.1,23.5,0.3,5.5,23.8,262,0,0,0,0,0.3,1258.5,85,0,0,28.6,72,32.2,1,294,0.6,1,1,23.1
2026-09-08T18:55:00+05:30,2026-09-08 18:55:00,26.1,27,23.4,0.3,3.5,23.8,279,0,0,0,0,0.3,1258.5,85,0,0,28.6,72,32.2,1,287,1.8,1,1,23.1
2026-09-08T18:50:00+05:30,2026-09-08 18:50:00,26.2,27.1,23.5,0,3.5,23.8,305,0,0,0,0,0.3,1258.5,85,0,0,28.6,72,32.2,1,305,1.1,1,1,23.1
2026-09-08T18:45:00+05:30,2026-09-08 18:45:00,26.3,27.2,23.7,1.4,3.5,23.8,318,0,0,0,0,0.3,1258.5,86,0,0,28.7,72,32.5,1,294,0,1,1,23.2
2026-09-08T18:40:00+05:30,2026-09-08 18:40:00,26.3,27.2,23.7,0,0,23.8,299,0,0,0,0,0.3,1258.5,86,0,0,28.7,72,32.5,1,294,0,1,1,23.2
2026-09-08T18:35:00+05:30,2026-09-08 18:35:00,26.3,27.2,23.7,0,0,23.8,300,0,0,0,0,0.3,1258.5,86,0,0,28.7,72,32.5,1,299,0,1,1,23.2
2026-09-08T18:30:00+05:30,2026-09-08 18:30:00,26.3,27.2,23.5,0,1.8,23.8,301,0,0,0,0,0.3,1258.5,85,0,0,28.7,72,32.5,1,292,1.1,1,1,23.2
2026-09-08T18:25:00+05:30,2026-09-08 18:25:00,26.3,27.2,23.7,1.4,3.5,23.8,282,0,0,0,0,0.3,1258.5,86,0,0.1,28.8,72,32.6,1,292,1.1,1,1,23.2
2026-09-08T18:20:00+05:30,2026-09-08 18:20:00,26.2,27.1,23.5,0.3,1.8,23.8,288,0,0,0,0,0.3,1258.5,85,0,0.7,28.7,72,32.5,1,305,0.3,1,1,23.2
2026-09-08T18:15:00+05:30,2026-09-08 18:15:00,26.2,27.1,23.5,0,3.5,23.8,313,0,0,0,0,0.3,1258.5,85,0,2.6,28.8,72,32.6,1,305,0.3,1,1,23.2
2026-09-08T18:10:00+05:30,2026-09-08 18:10:00,26.4,27.3,23.7,0,3.5,23.8,301,0,0,0,0,0.3,1258.5,85,0,5.1,28.8,72,32.6,1,283,2.1,1,1,23.2
2026-09-08T18:05:00+05:30,2026-09-08 18:05:00,26.5,27.4,23.8,2.9,7.2,23.8,288,0,0,0,0,0.3,1258.5,85,0,6.9,28.8,72,32.6,1,309,1.1,1,1,23.2
2026-09-08T18:00:00+05:30,2026-09-08 18:00:00,26.5,27.4,23.6,0.6,3.5,23.8,307,0,0,0,0,0.3,1258.5,84,0,10.3,28.9,72,32.8,1,309,1.4,1,1,23.3
2026-09-08T17:55:00+05:30,2026-09-08 17:55:00,26.5,27.4,23.6,2.9,5.5,23.8,313,0,0,0,0,0.3,1258.5,84,0,16,28.9,72,32.8,1,295,2.1,1,1,23.3
2026-09-08T17:50:00+05:30,2026-09-08 17:50:00,26.6,27.5,23.7,1.1,5.5,23.8,278,0,0,0,0,0.3,1258.5,84,0,20.1,28.9,72,32.8,1,286,0,1,1,23.3
2026-09-08T17:45:00+05:30,2026-09-08 17:45:00,26.6,27.5,23.7,0,0,23.8,289,0,0,0,0,0.3,1258.5,84,0,21,29,72,33.1,1,287,0,1,1,23.4
2026-09-08T17:40:00+05:30,2026-09-08 17:40:00,26.6,27.5,23.7,1.8,3.5,23.8,283,0,0,0,0,0.3,1258.5,84,0,22.7,29,72,33.1,1,317,0.3,1,1,23.4
2026-09-08T17:35:00+05:30,2026-09-08 17:35:00,26.5,27.4,23.6,0,1.8,23.8,320,0,0,0,0,0.3,1258.5,84,0,24.9,29,72,33.1,1,290,0,1,1,23.4
2026-09-08T17:30:00+05:30,2026-09-08 17:30:00,26.7,29.5,23.8,3.2,5.5,23.8,290,0,0,0,0,0.3,1258.5,84,0,26.5,29,72,33.1,1,289,2.6,1,1,23.4
2026-09-08T17:25:00+05:30,2026-09-08 17:25:00,26.6,27.5,23.7,1.4,5.5,23.8,298,0,0,0,0,0.3,1258.5,84,0,28.9,29,72,33.1,1,344,2.9,1,1,23.4
2026-09-08T17:20:00+05:30,2026-09-08 17:20:00,26.8,29.6,23.8,2.9,5.5,23.8,301,0,0,0,0,0.3,1258.5,84,0,28.3,29.1,72,33.4,1,344,0.3,1,1,23.6
2026-09-08T17:15:00+05:30,2026-09-08 17:15:00,26.9,29.8,23.7,0.3,1.8,23.8,349,0,0,0,0,0.3,1258.5,83,0,37.4,29.1,72,33.4,1,348,2.1,1,1,23.6
2026-09-08T17:10:00+05:30,2026-09-08 17:10:00,26.8,29.6,23.8,2.1,7.2,23.8,250,0,0,0,0,0.3,1258.5,84,0,46.5,29.1,72,33.4,1,271,4.3,1,1,23.6
2026-09-08T17:05:00+05:30,2026-09-08 17:05:00,27.3,30.7,24.1,1.1,13,23.8,254,0,0,0,0,0.3,1258.5,83,0,71.9,29.1,72,33.4,1,319,4.3,1,1,23.6
2026-09-08T17:00:00+05:30,2026-09-08 17:00:00,27.4,30.9,24,1.1,11.1,23.8,310,0,0,0,0,0.3,1258.5,82,1,137.1,29,72,33.1,1,280,5,1,1,23.4
2026-09-08T16:55:00+05:30,2026-09-08 16:55:00,27.2,30.5,23.9,6.4,13,23.8,292,0,0,0,0,0.3,1258.5,82,1,177.3,29,72,33.1,1,285,4.7,1,1,23.4
2026-09-08T16:50:00+05:30,2026-09-08 16:50:00,27,30,23.9,6.4,9.3,23.8,344,0,0,0,0,0.3,1258.5,83,1,194.3,29,72,33.1,1,280,4,1,1,23.4
2026-09-08T16:45:00+05:30,2026-09-08 16:45:00,27.1,30.2,23.8,6.1,9.3,23.8,271,0,0,0,0,0.3,1258.5,82,1,112.7,29,72,33.1,1,283,4.7,1,1,23.4
2026-09-08T16:40:00+05:30,2026-09-08 16:40:00,27.1,30.2,23.8,0.3,5.5,23.8,330,0,0,0,0,0.3,1258.5,82,0,67.6,29,71,32.9,1,282,3.5,1,1,23.2
2026-09-08T16:36:00+05:30,2026-09-08 16:36:00,27.4,30.7,23.8,6.1,9.3,23.8,267,0,0,0,0,0.3,1258.5,81,0,60.7,29.1,71,33.2,1,287,3.5,1,1,23.3
2026-09-08T16:30:00+05:30,2026-09-08 16:30:00,27.3,30.5,23.7,3.5,14.8,23.8,279,0,0,0,0,0.3,1258.5,81,0,61,29.1,70,32.9,1,284,7.6,1,1,23.1
2026-09-08T16:25:00+05:30,2026-09-08 16:25:00,27.5,30.8,23.5,9.3,13,23.8,265,0,0,0,0,0.3,1258.5,79,0,51.3,29.2,70,33.2,1,284,6.4,1,1,23.2
2026-09-08T16:20:00+05:30,2026-09-08 16:20:00,27.7,31.1,23.5,1.8,14.8,23.8,313,0,0,0,0,0.3,1258.5,78,0,51.7,29.2,70,33.2,1,313,5.5,1,1,23.2
2026-09-08T16:15:00+05:30,2026-09-08 16:15:00,28.2,32,23.6,4,9.3,23.8,296,0,0,0,0,0.3,1258.5,76,0,48.4,29.3,70,33.3,1,281,4,1,1,23.2
2026-09-08T16:10:00+05:30,2026-09-08 16:10:00,29.2,33.8,23.9,4,5.5,23.8,300,0,0,0,0,0.3,1258.5,73,0,51.5,29.3,69,33.2,1,300,4,1,1,23
2026-09-08T16:05:00+05:30,2026-09-08 16:05:00,29.5,34.3,23.9,6.9,9.3,23.8,291,0,0,0,0,0.3,1258.5,72,2,241.3,29.4,70,33.6,1,283,3.5,1,1,23.3
2026-09-08T16:00:00+05:30,2026-09-08 16:00:00,29.6,34.8,24.2,0.3,7.2,23.8,342,0,0,0,0,0.3,1258.5,73,2,258.4,29.4,71,33.8,1,283,2.1,1,1,23.6
2026-09-08T15:55:00+05:30,2026-09-08 15:55:00,29.6,34.6,24,4,14.8,23.8,313,0,0,0,0,0.3,1258.5,72,3,318.3,29.4,71,33.8,1,295,4,1,1,23.6
2026-09-08T15:50:00+05:30,2026-09-08 15:50:00,29.1,34,24.2,7.2,9.3,23.8,258,0,0,0,0,0.3,1258.5,75,2,279.2,29.4,71,33.8,1,291,4.3,1,1,23.6
2026-09-08T15:45:00+05:30,2026-09-08 15:45:00,29.9,35.5,24.5,3.2,7.2,23.8,354,0,0,0,0,0.3,1258.5,73,3,344.3,29.4,71,33.8,1,293,2.9,1,1,23.6
2026-09-08T15:40:00+05:30,2026-09-08 15:40:00,30.2,36.4,24.8,0,9.3,23.8,331,0,0,0,0,0.3,1258.5,73,1,201.4,29.3,71,33.6,1,288,2.1,1,1,23.4
2026-09-08T15:35:00+05:30,2026-09-08 15:35:00,29,33.5,23.9,2.1,3.5,23.8,137,0,0,0,0,0.3,1258.5,74,4,426.2,29.3,71,33.6,1,230,2.9,1,1,23.4
2026-09-08T15:30:00+05:30,2026-09-08 15:30:00,28.9,33.4,24,4,7.2,23.8,289,0,0,0,0,0.3,1258.5,75,2,241,29.3,70,33.3,1,296,2.9,1,1,23.2
2026-09-08T15:25:00+05:30,2026-09-08 15:25:00,29.5,34.7,24.4,3.5,9.3,23.8,318,0,0,0,0,0.3,1258.5,74,1,133.3,29.4,70,33.6,1,299,2.9,1,1,23.3
2026-09-08T15:20:00+05:30,2026-09-08 15:20:00,29.9,35.2,24.3,4,11.1,23.8,268,0,0,0,0,0.3,1258.5,72,1,107.4,29.4,70,33.6,1,294,4,1,1,23.3
2026-09-08T15:15:00+05:30,2026-09-08 15:15:00,29.2,34,24.1,3.5,14.8,23.8,287,0,0,0,0,0.3,1258.5,74,3,400.6,29.4,70,33.6,1,294,5.5,1,1,23.3
2026-09-08T15:10:00+05:30,2026-09-08 15:10:00,29.8,35.2,24.4,8.7,11.1,23.8,265,0,0,0,0,0.3,1258.5,73,1,117.5,29.5,70,33.8,1,285,5.5,1,1,23.4
2026-09-08T15:05:00+05:30,2026-09-08 15:05:00,29.7,34.6,23.9,4,13,23.8,283,0,0,0,0,0.3,1258.5,71,5,533,29.5,70,33.8,1,283,4,1,1,23.4
2026-09-08T15:01:00+05:30,2026-09-08 15:01:00,29.3,34.2,24.2,0.6,1.8,23.8,313,0,0,0,0,0.3,1258.5,74,2,279.7,29.4,70,33.6,1,299,1.8,1,1,23.3
2026-09-08T14:55:00+05:30,2026-09-08 14:55:00,29.7,35.1,24.3,2.1,5.5,23.8,281,0,0,0,0,0.3,1258.5,73,1,195.5,29.4,70,33.6,1,358,2.9,1,1,23.3
2026-09-08T14:52:00+05:30,2026-09-08 14:52:00,29.6,34.8,24.2,2.9,9.3,23.8,221,0,0,0,0,0.3,1258.5,73,1,134.2,29.4,70,33.6,1,293,6.1,1,1,23.3
2026-09-08T14:45:00+05:30,2026-09-08 14:45:00,30.1,35.6,24.3,6.1,11.1,23.8,284,0,0,0,0,0.3,1258.5,71,5,570.6,29.4,70,33.6,1,275,7.6,1,1,23.3
2026-09-08T14:40:00+05:30,2026-09-08 14:40:00,29.8,35,24.2,9.3,21.9,23.8,282,0,0,0,0,0.3,1258.5,72,6,639,29.3,70,33.3,1,282,7.9,1,1,23.2
2026-09-08T14:35:00+05:30,2026-09-08 14:35:00,30.2,36.1,24.6,3.2,14.8,23.8,334,0,0,0,0,0.3,1258.5,72,1,191.9,29.3,71,33.6,1,282,6.9,1,1,23.4
2026-09-08T14:30:00+05:30,2026-09-08 14:30:00,29.4,34.2,24,5.5,11.1,23.8,285,0,0,0,0,0.3,1258.5,73,3,385.2,29.2,71,33.4,1,285,6.1,1,1,23.4
2026-09-08T14:25:00+05:30,2026-09-08 14:25:00,28.9,33.4,24,2.9,9.3,23.8,278,0,0,0,0,0.3,1258.5,75,2,245.8,29.1,71,33.2,1,278,4.7,1,1,23.3
2026-09-08T14:20:00+05:30,2026-09-08 14:20:00,28.8,33.3,24.1,1.1,14.8,23.8,270,0,0,0,0,0.3,1258.5,76,3,355.6,29.1,71,33.2,1,270,4.7,1,1,23.3
2026-09-08T14:15:00+05:30,2026-09-08 14:15:00,28.7,33,23.8,3.5,13,23.8,358,0,0,0,0,0.3,1258.5,75,1,205.1,29.1,71,33.2,1,305,3.2,1,1,23.3
2026-09-08T14:10:00+05:30,2026-09-08 14:10:00,28.8,33.2,23.9,2.9,9.3,23.8,305,0,0,0,0,0.3,1258.5,75,2,216.8,29.1,70,32.9,1,326,2.9,1,1,23.1
2026-09-08T14:05:00+05:30,2026-09-08 14:05:00,28.5,32.5,23.6,4,5.5,23.8,300,0,0,0,0,0.3,1258.5,75,1,197.1,29.1,70,32.9,1,290,4.3,1,1,23.1
2026-09-08T14:00:00+05:30,2026-09-08 14:00:00,28.4,32.4,23.7,0.6,14.8,23.8,276,0,0,0,0,0.3,1258.5,76,1,163.1,29.1,70,32.9,1,280,6.4,1,1,23.1
2026-09-08T13:55:00+05:30,2026-09-08 13:55:00,28.5,32.5,23.6,7.9,18.3,23.8,271,0,0,0,0,0.3,1258.5,75,1,164.8,29.2,70,33.2,1,271,7.2,1,1,23.2
2026-09-08T13:50:00+05:30,2026-09-08 13:50:00,28.8,33,23.7,7.2,9.3,23.8,267,0,0,0,0,0.3,1258.5,74,1,184.5,29.3,70,33.3,1,275,7.2,1,1,23.2
2026-09-08T13:45:00+05:30,2026-09-08 13:45:00,29.1,33.8,24,11.1,20.1,23.8,264,0,0,0,0,0.3,1258.5,74,1,145.5,29.3,69,33.2,1,264,7.6,1,1,23
2026-09-08T13:42:00+05:30,2026-09-08 13:42:00,29.6,34.6,24,3.5,11.1,23.8,297,0,0,0,0,0.3,1258.5,72,1,187,29.3,70,33.3,1,278,6.4,1,1,23.2
2026-09-08T13:35:00+05:30,2026-09-08 13:35:00,29.1,33.6,23.8,7.9,13,23.8,256,0,0,0,0,0.3,1258.5,73,2,224,29.4,69,33.4,1,305,6.1,1,1,23.1
2026-09-08T13:30:00+05:30,2026-09-08 13:30:00,29,33.5,23.9,9.7,16.6,23.8,257,0,0,0,0,0.3,1258.5,74,8,857.5,29.4,69,33.4,1,311,5.8,1,1,23.1
2026-09-08T13:25:00+05:30,2026-09-08 13:25:00,28.8,32.8,23.4,13.7,18.3,23.8,298,0,0,0,0,0.3,1258.5,73,2,224.7,29.5,68,33.4,1,277,7.9,1,1,22.9
2026-09-08T13:21:00+05:30,2026-09-08 13:21:00,28.9,32.9,23.3,5.5,13,23.8,2,0,0,0,0,0.3,1258.5,72,1,135.7,29.5,68,33.4,1,271,7.9,1,1,22.9
2026-09-08T13:15:00+05:30,2026-09-08 13:15:00,30.2,35.6,24.1,5.8,14.8,20.1,321,0,0,0,0,0.3,1258.5,70,1,131.3,29.6,68,33.7,1,290,5.5,1,1,23.1
2026-09-08T13:10:00+05:30,2026-09-08 13:10:00,30.9,36.4,24,4.7,9.3,20.1,285,0,0,0,0,0.3,1258.5,67,1,167.3,29.6,69,33.9,1,290,4.7,1,1,23.3
2026-09-08T13:05:00+05:30,2026-09-08 13:05:00,30.8,35.9,23.7,1.4,5.5,20.1,292,0,0,0,0,0.3,1258.5,66,7,783.9,29.5,68,33.4,1,169,3.5,1,1,22.9
2026-09-08T13:00:00+05:30,2026-09-08 13:00:00,30.6,35.5,23.5,4.7,9.3,20.1,274,0,0,0,0,0.3,1258.5,66,7,780.9,29.4,68,33.2,1,274,3.5,1,1,22.8
2026-09-08T12:55:00+05:30,2026-09-08 12:55:00,29.9,34.3,23.3,2.9,14.8,20.1,326,0,0,0,0,0.3,1258.5,68,7,751.9,29.4,68,33.2,1,283,4.7,1,1,22.8
2026-09-08T12:50:00+05:30,2026-09-08 12:50:00,29.7,34.1,23.4,4.7,9.3,20.1,318,0,0,0,0,0.3,1258.5,69,7,763.7,29.3,69,33.2,1,343,4.7,1,1,23
2026-09-08T12:45:00+05:30,2026-09-08 12:45:00,28.7,32.5,23.2,4.7,9.3,20.1,307,0,0,0,0,0.3,1258.5,72,7,792.4,29.2,70,33.2,1,193,4.7,1,1,23.2
2026-09-08T12:40:00+05:30,2026-09-08 12:40:00,28.1,31.6,23.3,5.5,11.1,20.1,327,0,0,0,0,0.3,1258.5,75,7,820.5,29.2,70,33.2,1,289,4.7,1,1,23.2
2026-09-08T12:35:00+05:30,2026-09-08 12:35:00,28.2,32.2,23.8,0,7.2,20.1,187,0,0,0,0,0.3,1258.5,77,1,191.9,29.3,69,33.2,1,293,4.7,1,1,23
2026-09-08T12:30:00+05:30,2026-09-08 12:30:00,29.1,33.6,23.8,7.6,14.8,20.1,299,0,0,0,0,0.3,1258.5,73,1,167.3,29.4,69,33.4,1,266,4,1,1,23.1
2026-09-08T12:25:00+05:30,2026-09-08 12:25:00,30,34.8,23.7,7.9,13,20.1,271,0,0,0,0,0.3,1258.5,69,1,173.3,29.4,69,33.4,1,267,4.3,1,1,23.1
2026-09-08T12:20:00+05:30,2026-09-08 12:20:00,30.5,36,24.2,5.5,16.6,20.1,291,0,0,0,0,0.3,1258.5,69,3,338.1,29.4,69,33.4,1,281,4,1,1,23.1
2026-09-08T12:15:00+05:30,2026-09-08 12:15:00,30.4,35.5,23.8,0,1.8,20.1,317,0,0,0,0,0.3,1258.5,68,8,887.3,29.3,69,33.2,1,280,4.7,1,1,23
2026-09-08T12:10:00+05:30,2026-09-08 12:10:00,29.6,34.1,23.5,3.5,14.8,20.1,259,0,0,0,0,0.3,1258.5,70,8,915.6,29.3,68,32.9,1,289,5.5,1,1,22.7
2026-09-08T12:05:00+05:30,2026-09-08 12:05:00,30.3,35.2,23.7,2.6,3.5,20.1,263,0,0,0,0,0.3,1258.5,68,1,196.4,29.3,68,32.9,1,324,4,1,1,22.7
2026-09-08T12:00:00+05:30,2026-09-08 12:00:00,29.7,34.1,23.4,2.6,9.3,20.1,282,0,0,0,0,0.3,1258.5,69,6,669,29.3,68,32.9,1,282,6.1,1,1,22.7
2026-09-08T11:57:00+05:30,2026-09-08 11:57:00,30.2,34.8,23.4,11.1,14.8,20.1,276,0,0,0,0,0.3,1258.5,67,2,214.3,29.2,68,32.8,1,324,4.7,1,1,22.7
2026-09-08T11:50:00+05:30,2026-09-08 11:50:00,29.7,33.9,23.2,4.7,13,20.1,273,0,0,0,0,0.3,1258.5,68,8,822.3,29.2,68,32.8,1,273,4.7,1,1,22.7
2026-09-08T11:45:00+05:30,2026-09-08 11:45:00,29.3,33.3,23.2,4.7,11.1,20.1,274,0,0,0,0,0.3,1258.5,70,8,822.3,29.1,68,32.6,1,287,6.9,1,1,22.6
2026-09-08T11:40:00+05:30,2026-09-08 11:40:00,28.8,32.6,23.2,9.7,11.1,20.1,298,0,0,0,0,0.3,1258.5,72,3,375.1,29.1,68,32.6,1,284,7.2,1,1,22.6
2026-09-08T11:35:00+05:30,2026-09-08 11:35:00,29.7,33.9,23.2,1.1,13,20.1,282,0,0,0,0,0.3,1258.5,68,1,204.1,29.1,68,32.6,1,281,5,1,1,22.6
2026-09-08T11:30:00+05:30,2026-09-08 11:30:00,29.7,33.9,23.2,6.9,9.3,20.1,207,0,0,0,0,0.3,1258.5,68,2,274.3,29.1,68,32.6,1,274,3.5,1,1,22.6
2026-09-08T11:25:00+05:30,2026-09-08 11:25:00,30.5,35.5,23.7,7.6,11.1,20.1,261,0,0,0,0,0.3,1258.5,67,2,213.5,29,68,32.4,1,291,5.8,1,1,22.5
2026-09-08T11:20:00+05:30,2026-09-08 11:20:00,30,34.3,23.2,5.8,9.3,20.1,260,0,0,0,0,0.3,1258.5,67,8,909.2,29,68,32.4,1,289,4.7,1,1,22.5
2026-09-08T11:15:00+05:30,2026-09-08 11:15:00,30.1,34.6,23.3,3.2,11.1,20.1,314,0,0,0,0,0.3,1258.5,67,4,512.4,28.9,68,32.1,1,289,4.7,1,1,22.4
2026-09-08T11:10:00+05:30,2026-09-08 11:10:00,30.2,34.6,23.1,5,9.3,20.1,285,0,0,0,0,0.3,1258.5,66,7,723.2,28.8,68,31.9,1,282,4.7,1,1,22.3
2026-09-08T11:05:00+05:30,2026-09-08 11:05:00,30,34.1,22.9,4.7,13,20.1,342,0,0,0,0,0.3,1258.5,66,8,880.8,28.7,68,31.8,1,278,4.7,1,1,22.2
2026-09-08T11:00:00+05:30,2026-09-08 11:00:00,29.9,34.1,23.1,9.3,16.6,20.1,260,0,0,0,0,0.3,1258.5,67,8,821.8,28.6,69,31.7,1,291,4,1,1,22.3
2026-09-08T10:55:00+05:30,2026-09-08 10:55:00,29.6,33.5,22.8,4.7,7.2,20.1,205,0,0,0,0,0.3,1258.5,67,7,786.2,28.5,69,31.5,1,290,4.7,1,1,22.2
2026-09-08T10:50:00+05:30,2026-09-08 10:50:00,29.3,33.1,23,5.5,7.2,20.1,298,0,0,0,0,0.3,1258.5,69,7,790.3,28.4,69,31.3,1,279,6.4,1,1,22.2
2026-09-08T10:45:00+05:30,2026-09-08 10:45:00,29,32.7,23,8.7,13,20.1,258,0,0,0,0,0.3,1258.5,70,6,689,28.3,69,31.1,1,331,4.7,1,1,22.1
2026-09-08T10:40:00+05:30,2026-09-08 10:40:00,30.2,34.6,23.1,2.9,7.2,20.1,326,0,0,0,0,0.3,1258.5,66,1,135.1,28.3,69,31.1,1,288,1.8,1,1,22.1
2026-09-08T10:35:00+05:30,2026-09-08 10:35:00,29.1,32.4,22.3,6.1,9.3,20.1,221,0,0,0,0,0.3,1258.5,67,5,526.9,28.2,69,30.9,1,292,4,1,1,22
2026-09-08T10:30:00+05:30,2026-09-08 10:30:00,28.7,32.1,22.7,7.9,18.3,20.1,277,0,0,0,0,0.3,1258.5,70,2,222.8,28.2,68,30.8,1,292,5.5,1,1,21.7
2026-09-08T10:25:00+05:30,2026-09-08 10:25:00,29,32.4,22.5,4.3,7.2,20.1,351,0,0,0,0,0.3,1258.5,68,2,206,28.2,69,30.9,1,291,6.9,1,1,22
2026-09-08T10:20:00+05:30,2026-09-08 10:20:00,28.6,31.9,22.6,1.8,13,20.1,179,0,0,0,0,0.3,1258.5,70,7,753.8,28.1,70,30.9,1,282,4,1,1,22.1
2026-09-08T10:15:00+05:30,2026-09-08 10:15:00,29.6,33.9,23.3,2.1,3.5,20.1,273,0,0,0,0,0.3,1258.5,69,3,312.4,28.1,70,30.9,1,295,2.1,1,1,22.1
2026-09-08T10:10:00+05:30,2026-09-08 10:10:00,29,32.5,22.7,1.1,7.2,20.1,275,0,0,0,0,0.3,1258.5,69,7,767.9,28,70,30.7,1,293,2.6,1,1,22
2026-09-08T10:05:00+05:30,2026-09-08 10:05:00,29.4,33.2,22.9,0,9.3,20.1,4,0,0,0,0,0.3,1258.5,68,2,245.1,27.9,70,30.4,1,309,2.6,1,1,21.9
2026-09-08T10:00:00+05:30,2026-09-08 10:00:00,29.7,33.7,22.9,1.4,7.2,20.1,329,0,0,0,0,0.3,1258.5,67,1,193,27.9,70,30.4,1,299,2.1,1,1,21.9
2026-09-08T09:55:00+05:30,2026-09-08 09:55:00,29.3,33.1,23,0,0,20.1,291,0,0,0,0,0.3,1258.5,69,7,765,27.8,70,30.2,1,294,2.9,1,1,21.8
2026-09-08T09:50:00+05:30,2026-09-08 09:50:00,29,32.7,23,9.3,13,20.1,288,0,0,0,0,0.3,1258.5,70,7,753.3,27.7,70,30.1,1,310,2.9,1,1,21.7
2026-09-08T09:45:00+05:30,2026-09-08 09:45:00,28.5,31.5,22.2,1.4,3.5,20.1,299,0,0,0,0,0.3,1258.5,69,6,695.6,27.6,70,29.9,1,317,2.9,1,1,21.6
2026-09-08T09:40:00+05:30,2026-09-08 09:40:00,27.6,30.2,22.1,0.3,9.3,20.1,316,0,0,0,0,0.3,1258.5,72,2,269.4,27.6,69,29.8,1,303,3.5,1,1,21.4
2026-09-08T09:35:00+05:30,2026-09-08 09:35:00,27.7,30.3,22,11.9,16.6,16.6,276,0,0,0,0,0.3,1258.5,71,1,163.5,27.6,70,29.9,1,307,3.5,1,1,21.6
2026-09-08T09:30:00+05:30,2026-09-08 09:30:00,27.6,30.3,22.3,0,7.2,16.6,303,0,0,0,0,0.3,1258.5,73,1,163.6,27.5,70,29.7,1,285,5.8,1,1,21.5
2026-09-08T09:25:00+05:30,2026-09-08 09:25:00,27.7,30.5,22.4,10.5,16.6,16.6,253,0,0,0,0,0.3,1258.5,73,2,245.1,27.5,70,29.7,1,240,6.4,1,1,21.5
2026-09-08T09:20:00+05:30,2026-09-08 09:20:00,28,30.9,22.5,6.1,11.1,16.6,247,0,0,0,0,0.3,1258.5,72,6,632,27.5,70,29.7,1,281,5.8,1,1,21.5
2026-09-08T09:15:00+05:30,2026-09-08 09:15:00,28.7,32.1,22.7,8.7,16.6,16.6,270,0,0,0,0,0.3,1258.5,70,2,276.2,27.5,71,29.8,1,278,4.7,1,1,21.8
2026-09-08T09:13:00+05:30,2026-09-08 09:13:00,28.4,31.4,22.4,3.5,7.2,13,250,0,0,0,0,0.3,1258.5,70,5,588.3,27.5,71,29.8,1,278,4,1,1,21.8
2026-09-08T09:05:00+05:30,2026-09-08 09:05:00,28.4,31.6,22.6,0.3,1.8,13,305,0,0,0,0,0.3,1258.5,71,5,522.5,27.4,71,29.6,1,271,0.6,1,1,21.7
2026-09-08T09:00:00+05:30,2026-09-08 09:00:00,27.3,29.7,22.2,0,3.5,13,326,0,0,0,0,0.3,1258.5,74,4,496.2,27.3,71,29.4,1,264,4.7,1,1,21.6
2026-09-08T08:55:00+05:30,2026-09-08 08:55:00,27.1,29.6,22.5,1.1,9.3,13,303,0,0,0,0,0.3,1258.5,76,1,136.1,27.3,71,29.4,1,294,2.9,1,1,21.6
2026-09-08T08:50:00+05:30,2026-09-08 08:50:00,27.7,30.5,22.4,6.4,9.3,13,303,0,0,0,0,0.3,1258.5,73,1,110.8,27.3,72,29.6,1,281,0,1,1,21.8
2026-09-08T08:45:00+05:30,2026-09-08 08:45:00,27.7,30.6,22.7,0,0,7.2,303,0,0,0,0,0.3,1258.5,74,1,153,27.2,72,29.4,1,297,1.1,1,1,21.7
2026-09-08T08:40:00+05:30,2026-09-08 08:40:00,27.3,29.8,22.4,0.3,5.5,7.2,331,0,0,0,0,0.3,1258.5,75,1,165.6,27.2,72,29.4,1,290,2.9,1,1,21.7
2026-09-08T08:35:00+05:30,2026-09-08 08:35:00,27.6,30.4,22.5,5,7.2,7.2,289,0,0,0,0,0.3,1258.5,74,4,428.4,27.2,73,29.5,1,41,0,1,1,21.9
2026-09-08T08:30:00+05:30,2026-09-08 08:30:00,27.5,30.2,22.4,0,0,7.2,30,0,0,0,0,0.3,1258.5,74,3,368,27.1,73,29.3,1,41,0,1,1,21.8
2026-09-08T08:25:00+05:30,2026-09-08 08:25:00,26.9,29.2,22.3,1.4,3.5,7.2,48,0,0,0,0,0.3,1258.5,76,3,344.2,27.1,73,29.3,1,303,1.4,1,1,21.8
2026-09-08T08:20:00+05:30,2026-09-08 08:20:00,26.6,27.4,22.4,3.5,3.5,7.2,275,0,0,0,0,0.3,1258.5,78,3,328,27.1,73,29.3,1,303,1.4,1,1,21.8
2026-09-08T08:15:00+05:30,2026-09-08 08:15:00,26.6,27.4,22.4,0.3,3.5,5.5,301,0,0,0,0,0.3,1258.5,78,3,308.4,27,73,29.1,1,294,0.3,1,1,21.7
2026-09-08T08:10:00+05:30,2026-09-08 08:10:00,26.7,29,22.6,0.3,1.8,5.5,285,0,0,0,0,0.3,1258.5,78,2,292.1,27,73,29.1,1,292,0,1,1,21.7
2026-09-08T08:06:00+05:30,2026-09-08 08:06:00,25.8,26.5,22.1,0,1.8,5.5,297,0,0,0,0,0.3,1258.5,80,2,272.9,27,73,29.1,1,296,1.1,1,1,21.7
2026-09-08T08:00:00+05:30,2026-09-08 08:00:00,25.5,26.2,22,1.1,5.5,5.5,292,0,0,0,0,0.3,1258.5,81,0,90.1,26.9,73,28.9,1,323,0,1,1,21.6
2026-09-08T07:55:00+05:30,2026-09-08 07:55:00,25.3,26,22.2,0,0,1.8,326,0,0,0,0,0.3,1258.5,83,0,44.5,26.9,73,28.9,1,318,0,1,1,21.6
2026-09-08T07:50:00+05:30,2026-09-08 07:50:00,25.1,25.8,22,0,0,1.8,327,0,0,0,0,0.3,1258.5,83,0,42.3,26.9,73,28.9,1,336,0,1,1,21.6
2026-09-08T07:45:00+05:30,2026-09-08 07:45:00,24.8,25.5,21.9,1.4,1.8,1.8,32,0,0,0,0,0.3,1258.5,84,0,42.5,26.9,73,28.9,1,339,0,1,1,21.6
2026-09-08T07:40:00+05:30,2026-09-08 07:40:00,24.5,25.2,21.8,0,0,0,348,0,0,0,0,0.3,1258.5,85,0,40.7,26.9,73,28.9,1,331,0,1,1,21.6
2026-09-08T07:35:00+05:30,2026-09-08 07:35:00,24.2,25,22.1,0,0,0,331,0,0,0,0,0.3,1258.5,88,0,40.3,26.9,73,28.9,1,331,0,1,1,21.6
2026-09-08T07:30:00+05:30,2026-09-08 07:30:00,24.1,24.9,22.2,0,0,0,331,0,0,0,0,0.3,1258.5,89,0,39.8,26.8,73,28.7,1,331,0,1,1,21.5
2026-09-08T07:25:00+05:30,2026-09-08 07:25:00,23.8,24.6,22,0,0,0,331,0,0,0,0,0.3,1258.5,90,0,33.8,26.8,73,28.7,1,331,0,1,1,21.5
2026-09-08T07:20:00+05:30,2026-09-08 07:20:00,23.7,24.5,22.2,0,0,0,331,0,0,0,0,0.3,1258.5,91,0,32.6,26.8,73,28.7,1,331,0,1,1,21.5
2026-09-08T07:15:00+05:30,2026-09-08 07:15:00,23.2,24,22,0,0,0,331,0,0,0,0,0.3,1258.5,93,0,30.5,26.8,73,28.7,1,331,0,1,1,21.5
2026-09-08T07:10:00+05:30,2026-09-08 07:10:00,22.8,23.6,21.8,0,0,0,331,0,0,0,0,0.3,1258.5,94,0,29.2,26.8,72,28.6,1,331,0,1,1,21.3
2026-09-08T07:05:00+05:30,2026-09-08 07:05:00,22.4,23.2,21.5,0,0,0,332,0,0,0,0,0.3,1258.5,95,0,33.1,26.8,72,28.6,1,332,0,1,1,21.3
2026-09-08T07:00:00+05:30,2026-09-08 07:00:00,22.2,23,21.6,0,0,0,332,0,0,0,0,0.3,1258.5,96,0,28.6,26.8,72,28.6,1,332,0,1,1,21.3
2026-09-08T06:55:00+05:30,2026-09-08 06:55:00,22,22.8,21.3,0,0,0,331,0,0,0,0,0.3,1258.5,96,0,27.6,26.8,72,28.6,1,331,0,1,1,21.3
2026-09-08T06:50:00+05:30,2026-09-08 06:50:00,21.9,22.6,21.2,0,0,0,328,0,0,0,0,0.3,1258.5,96,0,23.6,26.8,72,28.6,1,338,0,1,1,21.3
2026-09-08T06:45:00+05:30,2026-09-08 06:45:00,21.8,22.5,21.3,0,0,0,335,0,0,0,0,0.3,1258.5,97,0,22.1,26.8,72,28.6,1,343,0,1,1,21.3
2026-09-08T06:40:00+05:30,2026-09-08 06:40:00,21.7,22.5,21.2,0,0,0,347,0,0,0,0,0.3,1258.5,97,0,20.9,26.8,72,28.6,1,343,0,1,1,21.3
2026-09-08T06:35:00+05:30,2026-09-08 06:35:00,21.6,22.4,21.1,0,0,0,343,0,0,0,0,0.3,1258.5,97,0,19.8,26.9,72,28.8,1,343,0,1,1,21.4
2026-09-08T06:30:00+05:30,2026-09-08 06:30:00,21.5,22.2,21,0,0,0,341,0,0,0,0,0.3,1258.5,97,0,18.2,26.8,72,28.6,1,341,0,1,1,21.3
2026-09-08T06:25:00+05:30,2026-09-08 06:25:00,21.5,22.3,21.2,0,0,0,335,0,0,0,0,0.3,1258.5,98,0,15.2,26.9,72,28.8,1,335,0,1,1,21.4
2026-09-08T06:20:00+05:30,2026-09-08 06:20:00,21.4,22.1,21.1,0,0,0,326,0,0,0,0,0.3,1258.5,98,0,12.8,26.8,72,28.6,1,341,0,1,1,21.3
2026-09-08T06:15:00+05:30,2026-09-08 06:15:00,21.4,22.1,21.1,0,0,0,347,0,0,0,0,0.3,1258.5,98,0,10.4,26.9,72,28.8,1,334,0,1,1,21.4
2026-09-08T06:10:00+05:30,2026-09-08 06:10:00,21.4,22.1,21.1,0,0,0,335,0,0,0,0,0.3,1258.5,98,0,7.9,26.9,72,28.8,1,335,0,1,1,21.4
2026-09-08T06:05:00+05:30,2026-09-08 06:05:00,21.5,22.3,21.2,0,0,0,337,0,0,0,0,0.3,1258.5,98,0,5.3,26.9,72,28.8,1,337,0,1,1,21.4
2026-09-08T06:00:00+05:30,2026-09-08 06:00:00,21.5,22.2,21,0,0,0,337,0,0,0,0,0.3,1258.5,97,0,3,26.9,72,28.8,1,337,0,1,1,21.4
2026-09-08T05:55:00+05:30,2026-09-08 05:55:00,21.5,22.2,21,0,0,0,337,0,0,0,0,0.3,1258.5,97,0,1.3,26.9,72,28.8,1,338,0,1,1,21.4
2026-09-08T05:50:00+05:30,2026-09-08 05:50:00,21.5,22.2,21,0,0,0,327,0,0,0,0,0.3,1258.5,97,0,0.4,27,72,29,1,336,0,1,1,21.5
2026-09-08T05:45:00+05:30,2026-09-08 05:45:00,21.5,22.2,21,0,0,0,334,0,0,0,0,0.3,1258.5,97,0,0.1,27,72,29,1,327,0,1,1,21.5
2026-09-08T05:40:00+05:30,2026-09-08 05:40:00,21.5,22.2,21,0,0,0,327,0,0,0,0,0.3,1258.5,97,0,0,27,72,29,1,333,0,1,1,21.5
2026-09-08T05:35:00+05:30,2026-09-08 05:35:00,21.5,22.2,21,0,0,0,334,0,0,0,0,0.3,1258.5,97,0,0,27,72,29,1,332,0,1,1,21.5
2026-09-08T05:30:00+05:30,2026-09-08 05:30:00,21.5,22.2,21,0,0,0,343,0,0,0,0,0.3,1258.5,97,0,0,27,72,29,1,355,0,1,1,21.5
2026-09-08T05:25:00+05:30,2026-09-08 05:25:00,21.5,22.2,21,0,0,0,322,0,0,0,0,0.3,1258.5,97,0,0,27,72,29,1,338,0,1,1,21.5
2026-09-08T05:20:00+05:30,2026-09-08 05:20:00,21.5,22.2,21,0,0,0,342,0,0,0,0,0.3,1258.5,97,0,0,27,72,29,1,342,0,1,1,21.5
2026-09-08T05:15:00+05:30,2026-09-08 05:15:00,21.6,22.4,21.1,0,0,0,342,0,0,0,0,0.3,1258.5,97,0,0,27,72,29,1,342,0,1,1,21.5
2026-09-08T05:10:00+05:30,2026-09-08 05:10:00,21.6,22.4,21.1,0,0,0,342,0,0,0,0,0.3,1258.5,97,0,0,27.1,72,29.2,1,347,0,1,1,21.6
2026-09-08T05:05:00+05:30,2026-09-08 05:05:00,21.6,22.4,21.1,0,0,0,353,0,0,0,0,0.3,1258.5,97,0,0,27.1,72,29.2,1,345,0,1,1,21.6
2026-09-08T05:00:00+05:30,2026-09-08 05:00:00,21.6,22.4,21.1,0,0,0,343,0,0,0,0,0.3,1258.5,97,0,0,27.1,72,29.2,1,351,0,1,1,21.6
2026-09-08T04:55:00+05:30,2026-09-08 04:55:00,21.7,22.5,21.2,0,0,0,350,0,0,0,0,0.3,1258.5,97,0,0,27.1,72,29.2,1,347,0,1,1,21.6
2026-09-08T04:50:00+05:30,2026-09-08 04:50:00,21.7,22.5,21.2,0,0,0,340,0,0,0,0,0.3,1258.5,97,0,0,27.1,72,29.2,1,349,0,1,1,21.6
2026-09-08T04:45:00+05:30,2026-09-08 04:45:00,21.8,22.5,21.3,0,0,0,349,0,0,0,0,0.3,1258.5,97,0,0,27.1,72,29.2,1,349,0,1,1,21.6
2026-09-08T04:40:00+05:30,2026-09-08 04:40:00,21.8,22.5,21.1,0,0,0,344,0,0,0,0,0.3,1258.5,96,0,0,27.2,72,29.4,1,344,0,1,1,21.7
2026-09-08T04:35:00+05:30,2026-09-08 04:35:00,21.9,22.6,21.2,0,0,0,341,0,0,0,0,0.3,1258.5,96,0,0,27.1,72,29.2,1,344,0,1,1,21.6
2026-09-08T04:30:00+05:30,2026-09-08 04:30:00,21.9,22.6,21.2,0,0,0,340,0,0,0,0,0.3,1258.5,96,0,0,27.2,72,29.4,1,340,0,1,1,21.7
2026-09-08T04:25:00+05:30,2026-09-08 04:25:00,21.9,22.6,21.2,0,0,0,335,0,0,0,0,0.3,1258.5,96,0,0,27.2,72,29.4,1,339,0,1,1,21.7
2026-09-08T04:20:00+05:30,2026-09-08 04:20:00,22,22.8,21.3,0,0,0,338,0,0,0,0,0.3,1258.5,96,0,0,27.2,72,29.4,1,344,0,1,1,21.7
2026-09-08T04:15:00+05:30,2026-09-08 04:15:00,22,22.8,21.3,0,0,0,351,0,0,0,0,0.3,1258.5,96,0,0,27.2,72,29.4,1,359,0,1,1,21.7
2026-09-08T04:10:00+05:30,2026-09-08 04:10:00,22,22.8,21.3,0,0,0,332,0,0,0,0,0.3,1258.5,96,0,0,27.2,72,29.4,1,341,0,1,1,21.7
2026-09-08T04:05:00+05:30,2026-09-08 04:05:00,22,22.8,21.3,0,0,0,333,0,0,0,0,0.3,1258.5,96,0,0,27.2,72,29.4,1,341,0,1,1,21.7
2026-09-08T04:00:00+05:30,2026-09-08 04:00:00,22,22.8,21.5,0,0,0,342,0,0,0,0,0.3,1258.5,97,0,0,27.2,72,29.4,1,335,0,1,1,21.7
2026-09-08T03:55:00+05:30,2026-09-08 03:55:00,21.9,22.7,21.4,0,0,0,338,0,0,0,0,0.3,1258.5,97,0,0,27.3,72,29.6,1,335,0,1,1,21.8
2026-09-08T03:50:00+05:30,2026-09-08 03:50:00,21.9,22.7,21.4,0,0,0,328,0,0,0,0,0.3,1258.5,97,0,0,27.3,72,29.6,1,340,0,1,1,21.8
2026-09-08T03:45:00+05:30,2026-09-08 03:45:00,21.9,22.7,21.4,0,0,0,340,0,0,0,0,0.3,1258.5,97,0,0,27.3,72,29.6,1,340,0,1,1,21.8
2026-09-08T03:40:00+05:30,2026-09-08 03:40:00,21.9,22.7,21.4,0,0,0,339,0,0,0,0,0.3,1258.5,97,0,0,27.3,72,29.6,1,341,0,1,1,21.8
2026-09-08T03:35:00+05:30,2026-09-08 03:35:00,21.9,22.7,21.4,0,0,0,342,0,0,0,0,0.3,1258.5,97,0,0,27.3,72,29.6,1,342,0,1,1,21.8
2026-09-08T03:30:00+05:30,2026-09-08 03:30:00,21.9,22.7,21.4,0,0,0,350,0,0,0,0,0.3,1258.5,97,0,0,27.4,72,29.7,1,350,0,1,1,21.9
2026-09-08T03:25:00+05:30,2026-09-08 03:25:00,22,22.8,21.5,0,0,0,350,0,0,0,0,0.3,1258.5,97,0,0,27.4,72,29.7,1,338,0,1,1,21.9
2026-09-08T03:20:00+05:30,2026-09-08 03:20:00,22,22.8,21.5,0,0,0,338,0,0,0,0,0.3,1258.5,97,0,0,27.4,72,29.7,1,338,0,1,1,21.9
2026-09-08T03:15:00+05:30,2026-09-08 03:15:00,22,22.8,21.5,0,0,0,338,0,0,0,0,0.3,1258.5,97,0,0,27.4,72,29.7,1,338,0,1,1,21.9
2026-09-08T03:10:00+05:30,2026-09-08 03:10:00,22.1,22.9,21.6,0,0,0,338,0,0,0,0,0.3,1258.5,97,0,0,27.4,72,29.7,1,343,0,1,1,21.9
2026-09-08T03:05:00+05:30,2026-09-08 03:05:00,22.1,22.9,21.4,0,0,0,344,0,0,0,0,0.3,1258.5,96,0,0,27.4,72,29.7,1,339,0,1,1,21.9
2026-09-08T03:00:00+05:30,2026-09-08 03:00:00,22.2,23,21.6,0,0,0,334,0,0,0,0,0.3,1258.5,96,0,0,27.5,72,29.9,1,355,0,1,1,22
2026-09-08T02:55:00+05:30,2026-09-08 02:55:00,22.2,23,21.6,0,0,0,359,0,0,0,0,0.3,1258.5,96,0,0,27.5,72,29.9,1,346,0,1,1,22
2026-09-08T02:50:00+05:30,2026-09-08 02:50:00,22.2,23,21.6,0,0,0,358,0,0,0,0,0.3,1258.5,96,0,0,27.5,72,29.9,1,351,0,1,1,22
2026-09-08T02:45:00+05:30,2026-09-08 02:45:00,22.3,23.1,21.6,0,0,0,342,0,0,0,0,0.3,1258.5,96,0,0,27.5,72,29.9,1,351,0,1,1,22
2026-09-08T02:40:00+05:30,2026-09-08 02:40:00,22.3,23.1,21.6,0,0,0,352,0,0,0,0,0.3,1258.5,96,0,0,27.5,72,29.9,1,353,0,1,1,22
2026-09-08T02:35:00+05:30,2026-09-08 02:35:00,22.3,23.1,21.6,0,0,0,346,0,0,0,0,0.3,1258.5,96,0,0,27.5,72,29.9,1,346,0,1,1,22
2026-09-08T02:30:00+05:30,2026-09-08 02:30:00,22.3,23.1,21.6,0,0,0,348,0,0,0,0,0.3,1258.5,96,0,0,27.5,72,29.9,1,348,0,1,1,22
2026-09-08T02:25:00+05:30,2026-09-08 02:25:00,22.3,23.1,21.6,0,0,0,350,0,0,0,0,0.3,1258.5,96,0,0,27.6,72,30.2,1,353,0,1,1,22.1
2026-09-08T02:20:00+05:30,2026-09-08 02:20:00,22.3,23.1,21.6,0,0,0,353,0,0,0,0,0.3,1258.5,96,0,0,27.6,72,30.2,1,358,0,1,1,22.1
2026-09-08T02:15:00+05:30,2026-09-08 02:15:00,22.4,23.2,21.7,0,0,0,3,0,0,0,0,0.3,1258.5,96,0,0,27.6,72,30.2,1,355,0,1,1,22.1
2026-09-08T02:10:00+05:30,2026-09-08 02:10:00,22.4,23.2,21.7,0,0,0,13,0,0,0,0,0.3,1258.5,96,0,0,27.6,72,30.2,1,352,0,1,1,22.1
2026-09-08T02:05:00+05:30,2026-09-08 02:05:00,22.4,23.2,21.7,0,0,0,353,0,0,0,0,0.3,1258.5,96,0,0,27.6,72,30.2,1,353,0,1,1,22.1
2026-09-08T02:00:00+05:30,2026-09-08 02:00:00,22.4,23.2,21.7,0,0,0,333,0,0,0,0,0.3,1258.5,96,0,0,27.7,72,30.4,1,351,0,1,1,22.2
2026-09-08T01:55:00+05:30,2026-09-08 01:55:00,22.5,23.3,21.8,0,0,0,347,0,0,0,0,0.3,1258.5,96,0,0,27.7,72,30.4,1,348,0,1,1,22.2
2026-09-08T01:50:00+05:30,2026-09-08 01:50:00,22.5,23.3,21.8,0,0,0,348,0,0,0,0,0.3,1258.5,96,0,0,27.7,72,30.4,1,330,0,1,1,22.2
2026-09-08T01:45:00+05:30,2026-09-08 01:45:00,22.5,23.3,21.8,0,0,0,345,0,0,0,0,0.3,1258.5,96,0,0,27.7,72,30.4,1,345,0,1,1,22.2
2026-09-08T01:40:00+05:30,2026-09-08 01:40:00,22.6,23.4,21.9,0,0,0,346,0,0,0,0,0.3,1258.5,96,0,0,27.7,72,30.4,1,348,0,1,1,22.2
2026-09-08T01:35:00+05:30,2026-09-08 01:35:00,22.6,23.4,21.9,0,0,0,349,0,0,0,0,0.3,1258.5,96,0,0,27.7,72,30.4,1,349,0,1,1,22.2
2026-09-08T01:30:00+05:30,2026-09-08 01:30:00,22.7,23.6,22,0,0,0,346,0,0,0,0,0.3,1258.5,96,0,0,27.8,72,30.5,1,346,0,1,1,22.3
2026-09-08T01:25:00+05:30,2026-09-08 01:25:00,22.8,23.6,22.1,0,0,0,346,0,0,0,0,0.3,1258.5,96,0,0,27.8,72,30.5,1,346,0,1,1,22.3
2026-09-08T01:20:00+05:30,2026-09-08 01:20:00,22.9,23.7,22,0,0,0,346,0,0,0,0,0.3,1258.5,95,0,0,27.8,72,30.5,1,346,0,1,1,22.3
2026-09-08T01:15:00+05:30,2026-09-08 01:15:00,23,23.8,22.2,0,0,0,346,0,0,0,0,0.3,1258.5,95,0,0,27.8,72,30.5,1,346,0,1,1,22.3
2026-09-08T01:10:00+05:30,2026-09-08 01:10:00,23,23.8,22.2,0,0,0,346,0,0,0,0,0.3,1258.5,95,0,0,27.8,72,30.5,1,346,0,1,1,22.3
2026-09-08T01:05:00+05:30,2026-09-08 01:05:00,22.9,23.7,21.9,0,0,0,338,0,0,0,0,0.3,1258.5,94,0,0,27.8,72,30.5,1,338,0,1,1,22.3
2026-09-08T01:00:00+05:30,2026-09-08 01:00:00,22.9,23.7,21.9,0,0,0,338,0,0,0,0,0.3,1258.5,94,0,0,27.9,72,30.7,1,338,0,1,1,22.4
2026-09-08T00:55:00+05:30,2026-09-08 00:55:00,23,23.8,22,0,0,0,338,0,0,0,0,0.3,1258.5,94,0,0,27.9,72,30.7,1,338,0,1,1,22.4
2026-09-08T00:50:00+05:30,2026-09-08 00:50:00,23,23.8,22.2,0,0,0,342,0,0,0,0,0.3,1258.5,95,0,0,27.9,72,30.7,1,342,0,1,1,22.4
2026-09-08T00:45:00+05:30,2026-09-08 00:45:00,23,23.8,22.2,0,0,0,343,0,0,0,0,0.3,1258.5,95,0,0,27.9,72,30.7,1,343,0,1,1,22.4
2026-09-08T00:40:00+05:30,2026-09-08 00:40:00,23.1,24,22.3,0,0,0,347,0,0,0,0,0.3,1258.5,95,0,0,27.9,72,30.7,1,347,0,1,1,22.4
2026-09-08T00:35:00+05:30,2026-09-08 00:35:00,23.2,24.1,22.4,0,0,0,347,0,0,0,0,0.3,1258.5,95,0,0,28,72,30.9,1,347,0,1,1,22.4
2026-09-08T00:30:00+05:30,2026-09-08 00:30:00,23.3,24.1,22.4,0,0,0,344,0,0,0,0,0.3,1258.5,95,0,0,28,72,30.9,1,344,0,1,1,22.4
2026-09-08T00:25:00+05:30,2026-09-08 00:25:00,23.3,24.1,22.4,0,0,0,16,0,0,0,0,0.3,1258.5,95,0,0,28,72,30.9,1,4,0,1,1,22.4
2026-09-08T00:20:00+05:30,2026-09-08 00:20:00,23.4,24.3,22.5,0,0,0,340,0,0,0,0,0.3,1258.5,95,0,0,28,72,30.9,1,359,0,1,1,22.4
2026-09-08T00:15:00+05:30,2026-09-08 00:15:00,23.4,24.2,22.4,0,0,0,1,0,0,0,0,0.3,1258.5,94,0,0,28,72,30.9,1,339,0,1,1,22.4
2026-09-08T00:10:00+05:30,2026-09-08 00:10:00,23.4,24.2,22.4,0,0,0,342,0,0,0,0,0.3,1258.5,94,0,0,28.1,72,31.2,1,347,0,1,1,22.6
2026-09-08T00:05:00+05:30,2026-09-08 00:05:00,23.5,24.4,22.5,0,0,0,347,0,0,0,0,0.3,1258.5,94,0,0,28.1,72,31.2,1,351,0,1,1,22.6
2026-09-08T00:00:00+05:30,2026-09-08 00:00:00,23.5,24.4,22.5,0,0,0,342,0,0,0,0,0.3,1258.5,94,0,0,28.1,72,31.2,1,354,0,1,1,22.6
2026-09-07T23:55:00+05:30,2026-09-07 23:55:00,23.5,24.4,22.5,0,0,23.8,331,0,0,0,0,0.3,1258.5,94,0,0,28.1,72,31.2,1,357,0,1,1,22.6
2026-09-07T23:50:00+05:30,2026-09-07 23:50:00,23.5,24.4,22.5,0,0,23.8,357,0,0,0,0,0.3,1258.5,94,0,0,28.1,71,31,1,330,0,1,1,22.3
2026-09-07T23:45:00+05:30,2026-09-07 23:45:00,23.6,24.5,22.4,0,0,23.8,330,0,0,0,0,0.3,1258.5,93,0,0,28.2,71,31.2,1,330,0,1,1,22.4
2026-09-07T23:40:00+05:30,2026-09-07 23:40:00,23.7,24.6,22.5,0,0,23.8,330,0,0,0,0,0.3,1258.5,93,0,0,28.2,71,31.2,1,316,0,1,1,22.4
2026-09-07T23:35:00+05:30,2026-09-07 23:35:00,23.7,24.6,22.5,0,0,23.8,316,0,0,0,0,0.3,1258.5,93,0,0,28.2,71,31.2,1,313,0,1,1,22.4
2026-09-07T23:30:00+05:30,2026-09-07 23:30:00,23.8,24.6,22.6,0,0,23.8,313,0,0,0,0,0.3,1258.5,93,0,0,28.2,71,31.2,1,340,0,1,1,22.4
2026-09-07T23:25:00+05:30,2026-09-07 23:25:00,23.9,24.8,22.7,0,0,23.8,339,0,0,0,0,0.3,1258.5,93,0,0,28.2,71,31.2,1,340,0,1,1,22.4
2026-09-07T23:20:00+05:30,2026-09-07 23:20:00,24,24.9,22.8,0,0,23.8,334,0,0,0,0,0.3,1258.5,93,0,0,28.2,71,31.2,1,330,0,1,1,22.4
2026-09-07T23:15:00+05:30,2026-09-07 23:15:00,24.1,25,22.9,0,0,23.8,330,0,0,0,0,0.3,1258.5,93,0,0,28.3,71,31.4,1,331,0,1,1,22.5
2026-09-07T23:10:00+05:30,2026-09-07 23:10:00,24.1,25,22.7,0,0,23.8,332,0,0,0,0,0.3,1258.5,92,0,0,28.2,71,31.2,1,338,0,1,1,22.4
2026-09-07T23:05:00+05:30,2026-09-07 23:05:00,24.1,25,22.7,0,0,23.8,338,0,0,0,0,0.3,1258.5,92,0,0,28.3,71,31.4,1,340,0,1,1,22.5
2026-09-07T23:00:00+05:30,2026-09-07 23:00:00,24.2,25.1,22.8,0,0,23.8,338,0,0,0,0,0.3,1258.5,92,0,0,28.3,71,31.4,1,340,0,1,1,22.5
2026-09-07T22:55:00+05:30,2026-09-07 22:55:00,24.2,25.1,22.7,0,0,23.8,337,0,0,0,0,0.3,1258.5,91,0,0,28.3,71,31.4,1,331,0,1,1,22.5
2026-09-07T22:50:00+05:30,2026-09-07 22:50:00,24.3,25.1,22.7,0,0,23.8,342,0,0,0,0,0.3,1258.5,91,0,0,28.3,71,31.4,1,323,0,1,1,22.5
2026-09-07T22:45:00+05:30,2026-09-07 22:45:00,24.4,25.3,22.8,0,0,23.8,323,0,0,0,0,0.3,1258.5,91,0,0,28.3,71,31.4,1,323,0,1,1,22.5
2026-09-07T22:40:00+05:30,2026-09-07 22:40:00,24.4,25.3,22.8,0,0,23.8,327,0,0,0,0,0.3,1258.5,91,0,0,28.3,71,31.4,1,332,0,1,1,22.5
2026-09-07T22:35:00+05:30,2026-09-07 22:35:00,24.5,25.4,22.9,0,0,23.8,340,0,0,0,0,0.3,1258.5,91,0,0,28.3,71,31.4,1,302,0,1,1,22.5
2026-09-07T22:30:00+05:30,2026-09-07 22:30:00,24.5,25.4,22.9,0,0,23.8,302,0,0,0,0,0.3,1258.5,91,0,0,28.4,71,31.6,1,302,0,1,1,22.6
2026-09-07T22:25:00+05:30,2026-09-07 22:25:00,24.5,25.4,22.7,0,0,23.8,302,0,0,0,0,0.3,1258.5,90,0,0,28.4,71,31.6,1,302,0,1,1,22.6
2026-09-07T22:20:00+05:30,2026-09-07 22:20:00,24.6,25.5,22.9,0,0,23.8,302,0,0,0,0,0.3,1258.5,90,0,0,28.4,70,31.4,1,302,0,1,1,22.4
2026-09-07T22:15:00+05:30,2026-09-07 22:15:00,24.6,25.5,22.9,0,0,23.8,289,0,0,0,0,0.3,1258.5,90,0,0,28.4,70,31.4,1,304,0,1,1,22.4
2026-09-07T22:10:00+05:30,2026-09-07 22:10:00,24.6,25.5,22.9,0,0,23.8,303,0,0,0,0,0.3,1258.5,90,0,0,28.4,70,31.4,1,303,0,1,1,22.4
2026-09-07T22:05:00+05:30,2026-09-07 22:05:00,24.6,25.5,22.9,0,0,23.8,303,0,0,0,0,0.3,1258.5,90,0,0,28.4,70,31.4,1,303,0,1,1,22.4
2026-09-07T22:00:00+05:30,2026-09-07 22:00:00,24.7,25.6,23,0,0,23.8,303,0,0,0,0,0.3,1258.5,90,0,0,28.4,70,31.4,1,303,0,1,1,22.4
2026-09-07T21:55:00+05:30,2026-09-07 21:55:00,24.7,25.6,22.8,0,0,23.8,303,0,0,0,0,0.3,1258.5,89,0,0,28.4,70,31.4,1,303,0,1,1,22.4
2026-09-07T21:50:00+05:30,2026-09-07 21:50:00,24.8,25.6,22.8,0,0,23.8,303,0,0,0,0,0.3,1258.5,89,0,0,28.5,70,31.7,1,303,0,1,1,22.5
2026-09-07T21:45:00+05:30,2026-09-07 21:45:00,24.9,25.8,22.9,0,0,23.8,303,0,0,0,0,0.3,1258.5,89,0,0,28.5,70,31.7,1,303,0,1,1,22.5
2026-09-07T21:40:00+05:30,2026-09-07 21:40:00,24.9,25.7,22.8,0,0,23.8,303,0,0,0,0,0.3,1258.5,88,0,0,28.5,70,31.7,1,303,0,1,1,22.5
2026-09-07T21:35:00+05:30,2026-09-07 21:35:00,24.8,25.6,22.6,0,0,23.8,303,0,0,0,0,0.3,1258.5,88,0,0,28.5,70,31.7,1,303,0,1,1,22.5
2026-09-07T21:30:00+05:30,2026-09-07 21:30:00,24.9,25.7,22.8,0,0,23.8,303,0,0,0,0,0.3,1258.5,88,0,0,28.5,70,31.7,1,303,0,1,1,22.5
2026-09-07T21:25:00+05:30,2026-09-07 21:25:00,24.9,25.7,22.8,0,0,23.8,303,0,0,0,0,0.3,1258.5,88,0,0,28.5,70,31.7,1,303,0,1,1,22.5
2026-09-07T21:20:00+05:30,2026-09-07 21:20:00,25,25.9,22.9,0,0,23.8,303,0,0,0,0,0.3,1258.5,88,0,0,28.5,69,31.5,1,303,0,1,1,22.2
2026-09-07T21:15:00+05:30,2026-09-07 21:15:00,25.1,25.9,22.8,0,0,23.8,303,0,0,0,0,0.3,1258.5,87,0,0,28.6,69,31.7,1,303,0,1,1,22.3
2026-09-07T21:10:00+05:30,2026-09-07 21:10:00,25.3,26.1,23,0,0,23.8,302,0,0,0,0,0.3,1258.5,87,0,0,28.6,69,31.7,1,302,0,1,1,22.3
2026-09-07T21:05:00+05:30,2026-09-07 21:05:00,25.3,26.1,22.8,0,0,23.8,302,0,0,0,0,0.3,1258.5,86,0,0,28.6,69,31.7,1,302,0,1,1,22.3
2026-09-07T21:00:00+05:30,2026-09-07 21:00:00,25.5,26.3,22.8,0,0,23.8,302,0,0,0,0,0.3,1258.5,85,0,0,28.6,69,31.7,1,302,0,1,1,22.3
2026-09-07T20:55:00+05:30,2026-09-07 20:55:00,25.7,26.6,23,0,0,23.8,302,0,0,0,0,0.3,1258.5,85,0,0,28.6,69,31.7,1,302,0,1,1,22.3
2026-09-07T20:50:00+05:30,2026-09-07 20:50:00,25.8,26.6,22.9,0,0,23.8,302,0,0,0,0,0.3,1258.5,84,0,0,28.7,69,31.9,1,302,0,1,1,22.4
2026-09-07T20:45:00+05:30,2026-09-07 20:45:00,25.7,26.5,22.8,0,0,23.8,302,0,0,0,0,0.3,1258.5,84,0,0,28.6,69,31.7,1,302,0,1,1,22.3
2026-09-07T20:40:00+05:30,2026-09-07 20:40:00,25.8,26.6,22.9,0,0,23.8,302,0,0,0,0,0.3,1258.5,84,0,0,28.7,69,31.9,1,302,0,1,1,22.4
2026-09-07T20:35:00+05:30,2026-09-07 20:35:00,25.7,26.5,22.8,0,0,23.8,302,0,0,0,0,0.3,1258.5,84,0,0,28.7,69,31.9,1,302,0,1,1,22.4
2026-09-07T20:30:00+05:30,2026-09-07 20:30:00,25.8,26.6,22.9,0,0,23.8,302,0,0,0,0,0.3,1258.5,84,0,0,28.7,69,31.9,1,302,0,1,1,22.4
2026-09-07T20:25:00+05:30,2026-09-07 20:25:00,25.8,26.6,22.7,0,0,23.8,302,0,0,0,0,0.3,1258.5,83,0,0,28.7,69,31.9,1,302,0,1,1,22.4
2026-09-07T20:20:00+05:30,2026-09-07 20:20:00,26,26.8,22.9,0,0,23.8,302,0,0,0,0,0.3,1258.5,83,0,0,28.7,69,31.9,1,302,0,1,1,22.4
2026-09-07T20:15:00+05:30,2026-09-07 20:15:00,26,26.8,22.9,0,0,23.8,302,0,0,0,0,0.3,1258.5,83,0,0,28.7,69,31.9,1,297,0.3,1,1,22.4
2026-09-07T20:10:00+05:30,2026-09-07 20:10:00,26.1,26.9,22.8,0.6,1.8,23.8,291,0,0,0,0,0.3,1258.5,82,0,0,28.8,69,32.1,1,277,0.6,1,1,22.5
2026-09-07T20:05:00+05:30,2026-09-07 20:05:00,26.2,27,22.9,1.8,5.5,23.8,297,0,0,0,0,0.3,1258.5,82,0,0,28.8,68,31.9,1,280,3.2,1,1,22.3
2026-09-07T20:00:00+05:30,2026-09-07 20:00:00,26.2,27,22.9,2.9,7.2,23.8,280,0,0,0,0,0.3,1258.5,82,0,0,28.8,68,31.9,1,278,1.4,1,1,22.3
2026-09-07T19:55:00+05:30,2026-09-07 19:55:00,26.2,27,22.7,1.4,3.5,23.8,294,0,0,0,0,0.3,1258.5,81,0,0,28.8,68,31.9,1,290,0.3,1,1,22.3
2026-09-07T19:50:00+05:30,2026-09-07 19:50:00,26.2,27,22.9,1.4,3.5,23.8,279,0,0,0,0,0.3,1258.5,82,0,0,28.8,68,31.9,1,288,0.3,1,1,22.3
2026-09-07T19:45:00+05:30,2026-09-07 19:45:00,26.2,27,22.7,4,5.5,23.8,282,0,0,0,0,0.3,1258.5,81,0,0,28.9,68,32.1,1,288,0,1,1,22.4
2026-09-07T19:40:00+05:30,2026-09-07 19:40:00,26.4,27.2,22.9,0,0,23.8,288,0,0,0,0,0.3,1258.5,81,0,0,28.9,68,32.1,1,288,0,1,1,22.4
2026-09-07T19:35:00+05:30,2026-09-07 19:35:00,26.5,27.3,22.8,0,5.5,23.8,288,0,0,0,0,0.3,1258.5,80,0,0,28.9,68,32.1,1,305,0,1,1,22.4
2026-09-07T19:30:00+05:30,2026-09-07 19:30:00,26.5,27.3,23,0,0,23.8,312,0,0,0,0,0.3,1258.5,81,0,0,28.9,68,32.1,1,312,0,1,1,22.4
2026-09-07T19:25:00+05:30,2026-09-07 19:25:00,26.6,27.4,22.9,1.4,3.5,23.8,311,0,0,0,0,0.3,1258.5,80,0,0,29,68,32.4,1,297,1.4,1,1,22.5
2026-09-07T19:20:00+05:30,2026-09-07 19:20:00,26.6,27.4,22.9,1.4,5.5,23.8,288,0,0,0,0,0.3,1258.5,80,0,0,29,68,32.4,1,293,1.4,1,1,22.5
2026-09-07T19:15:00+05:30,2026-09-07 19:15:00,26.6,27.4,22.7,1.1,3.5,23.8,295,0,0,0,0,0.3,1258.5,79,0,0,29,68,32.4,1,295,0.3,1,1,22.5
2026-09-07T19:10:00+05:30,2026-09-07 19:10:00,26.7,29.1,22.8,0.3,5.5,23.8,298,0,0,0,0,0.3,1258.5,79,0,0,29,68,32.4,1,320,0.6,1,1,22.5
2026-09-07T19:05:00+05:30,2026-09-07 19:05:00,26.7,29.1,22.8,0,7.2,23.8,293,0,0,0,0,0.3,1258.5,79,0,0,29.1,68,32.6,1,299,0.3,1,1,22.6
2026-09-07T19:00:00+05:30,2026-09-07 19:00:00,26.8,29.2,22.8,3.2,3.5,23.8,318,0,0,0,0,0.3,1258.5,79,0,0,29.1,67,32.4,1,303,0.3,1,1,22.3
2026-09-07T18:55:00+05:30,2026-09-07 18:55:00,26.9,29.3,22.7,0,0,23.8,303,0,0,0,0,0.3,1258.5,78,0,0,29.1,67,32.4,1,296,1.4,1,1,22.3
2026-09-07T18:50:00+05:30,2026-09-07 18:50:00,27,29.6,22.8,1.8,9.3,23.8,246,0,0,0,0,0.3,1258.5,78,0,0,29.1,67,32.4,1,280,2.9,1,1,22.3
2026-09-07T18:45:00+05:30,2026-09-07 18:45:00,27.1,29.8,22.9,2.9,7.2,23.8,277,0,0,0,0,0.3,1258.5,78,0,0,29.1,67,32.4,1,285,2.9,1,1,22.3
2026-09-07T18:40:00+05:30,2026-09-07 18:40:00,27.1,29.7,22.7,0.3,7.2,23.8,268,0,0,0,0,0.3,1258.5,77,0,0,29.2,67,32.7,1,266,1.8,1,1,22.4
2026-09-07T18:35:00+05:30,2026-09-07 18:35:00,27.2,29.9,22.8,3.5,7.2,23.8,300,0,0,0,0,0.3,1258.5,77,0,0,29.2,67,32.7,1,303,1.4,1,1,22.4
2026-09-07T18:30:00+05:30,2026-09-07 18:30:00,27.2,29.8,22.6,3.5,5.5,23.8,309,0,0,0,0,0.3,1258.5,76,0,0,29.2,67,32.7,1,303,2.1,1,1,22.4
2026-09-07T18:25:00+05:30,2026-09-07 18:25:00,27.3,29.8,22.4,5.8,7.2,23.8,282,0,0,0,0,0.3,1258.5,75,0,0.1,29.3,67,32.8,1,290,2.9,1,1,22.5
2026-09-07T18:20:00+05:30,2026-09-07 18:20:00,27.4,30.1,22.6,0.3,7.2,23.8,281,0,0,0,0,0.3,1258.5,75,0,0.4,29.3,67,32.8,1,281,5,1,1,22.5
2026-09-07T18:15:00+05:30,2026-09-07 18:15:00,27.5,30.3,22.7,8.2,13,23.8,303,0,0,0,0,0.3,1258.5,75,0,1.7,29.3,67,32.8,1,294,3.2,1,1,22.5
2026-09-07T18:10:00+05:30,2026-09-07 18:10:00,27.7,30.8,22.9,3.2,7.2,23.8,213,0,0,0,0,0.3,1258.5,75,0,4.7,29.4,67,33,1,333,1.4,1,1,22.6
2026-09-07T18:05:00+05:30,2026-09-07 18:05:00,27.8,30.9,22.9,0.3,9.3,23.8,329,0,0,0,0,0.3,1258.5,75,0,11.4,29.4,67,33,1,284,4,1,1,22.6
2026-09-07T18:00:00+05:30,2026-09-07 18:00:00,27.8,30.7,22.7,2.6,13,23.8,297,0,0,0,0,0.3,1258.5,74,0,18.3,29.4,67,33,1,277,4,1,1,22.6
2026-09-07T17:55:00+05:30,2026-09-07 17:55:00,28,31.2,22.9,8.7,11.1,23.8,273,0,0,0,0,0.3,1258.5,74,0,22,29.5,67,33.2,1,274,4,1,1,22.7
2026-09-07T17:50:00+05:30,2026-09-07 17:50:00,28.1,31.5,23,2.1,5.5,23.8,295,0,0,0,0,0.3,1258.5,74,0,30.7,29.5,67,33.2,1,274,3.5,1,1,22.7
2026-09-07T17:45:00+05:30,2026-09-07 17:45:00,28.2,31.7,23.1,1.1,7.2,23.8,298,0,0,0,0,0.3,1258.5,74,0,30.8,29.5,67,33.2,1,278,4,1,1,22.7
2026-09-07T17:40:00+05:30,2026-09-07 17:40:00,28.5,32.2,23.2,8.7,11.1,23.8,299,0,0,0,0,0.3,1258.5,73,0,28.5,29.5,67,33.2,1,284,2.9,1,1,22.7
2026-09-07T17:35:00+05:30,2026-09-07 17:35:00,28.8,32.6,23.2,1.1,1.8,23.8,281,0,0,0,0,0.3,1258.5,72,0,44.4,29.5,67,33.2,1,281,1.4,1,1,22.7
2026-09-07T17:30:00+05:30,2026-09-07 17:30:00,28.6,32.2,23.1,4.7,5.5,23.8,250,0,0,0,0,0.3,1258.5,72,0,49.1,29.5,67,33.2,1,271,3.5,1,1,22.7
2026-09-07T17:25:00+05:30,2026-09-07 17:25:00,28.6,32.2,23.1,4,7.2,23.8,285,0,0,0,0,0.3,1258.5,72,0,55,29.4,67,33,1,285,3.2,1,1,22.6
2026-09-07T17:20:00+05:30,2026-09-07 17:20:00,28.6,32.2,23.1,1.1,5.5,23.8,292,0,0,0,0,0.3,1258.5,72,0,55.9,29.4,67,33,1,285,3.2,1,1,22.6
2026-09-07T17:15:00+05:30,2026-09-07 17:15:00,28.4,31.9,23.1,2.6,13,23.8,324,0,0,0,0,0.3,1258.5,73,0,43.7,29.5,67,33.2,1,277,4.7,1,1,22.7
2026-09-07T17:10:00+05:30,2026-09-07 17:10:00,28.6,32.4,23.3,5.5,16.6,23.8,257,0,0,0,0,0.3,1258.5,73,0,43.6,29.5,67,33.2,1,277,4.7,1,1,22.7
2026-09-07T17:05:00+05:30,2026-09-07 17:05:00,28.6,32.4,23.3,1.4,3.5,23.8,313,0,0,0,0,0.3,1258.5,73,0,46.1,29.6,67,33.4,1,302,4.7,1,1,22.8
2026-09-07T17:00:00+05:30,2026-09-07 17:00:00,28.9,32.9,23.3,9.7,14.8,23.8,294,0,0,0,0,0.3,1258.5,72,0,51.4,29.6,66,33.3,1,286,5.5,1,1,22.6
2026-09-07T16:55:00+05:30,2026-09-07 16:55:00,29,32.9,23.2,3.2,13,23.8,312,0,0,0,0,0.3,1258.5,71,0,67.4,29.7,66,33.5,1,293,6.1,1,1,22.7
2026-09-07T16:50:00+05:30,2026-09-07 16:50:00,29.7,33.9,23.2,10.5,16.6,23.8,265,0,0,0,0,0.3,1258.5,68,1,125.7,29.7,65,33.3,1,290,6.1,1,1,22.4
2026-09-07T16:45:00+05:30,2026-09-07 16:45:00,29.7,33.7,22.9,9,13,23.8,287,0,0,0,0,0.3,1258.5,67,1,140.3,29.7,65,33.3,1,287,6.1,1,1,22.4
2026-09-07T16:40:00+05:30,2026-09-07 16:40:00,30,34.3,23.2,6.4,9.3,23.8,289,0,0,0,0,0.3,1258.5,67,1,145.4,29.7,65,33.3,1,293,5,1,1,22.4
2026-09-07T16:35:00+05:30,2026-09-07 16:35:00,30.1,34.4,23,2.9,11.1,23.8,291,0,0,0,0,0.3,1258.5,66,1,156.7,29.7,65,33.3,1,284,6.4,1,1,22.4
2026-09-07T16:30:00+05:30,2026-09-07 16:30:00,29.6,33.3,22.6,6.9,13,23.8,220,0,0,0,0,0.3,1258.5,66,1,180.8,29.7,65,33.3,1,275,7.9,1,1,22.4
2026-09-07T16:25:00+05:30,2026-09-07 16:25:00,29.6,33.7,23.1,11.9,18.3,23.8,274,0,0,0,0,0.3,1258.5,68,1,152.8,29.7,67,33.7,1,279,5,1,1,22.9
2026-09-07T16:20:00+05:30,2026-09-07 16:20:00,29,32.7,23,1.1,7.2,23.8,256,0,0,0,0,0.3,1258.5,70,2,215.7,29.7,66,33.5,1,256,4,1,1,22.7
2026-09-07T16:15:00+05:30,2026-09-07 16:15:00,29,32.9,23.2,7.2,16.6,23.8,278,0,0,0,0,0.3,1258.5,71,1,108.7,29.8,67,33.8,1,273,3.2,1,1,23
2026-09-07T16:10:00+05:30,2026-09-07 16:10:00,29.4,34,23.8,4.3,11.1,23.8,269,0,0,0,0,0.3,1258.5,72,1,109.9,29.8,68,34.1,1,269,1.8,1,1,23.2
2026-09-07T16:05:00+05:30,2026-09-07 16:05:00,29,33.5,23.9,1.4,7.2,23.8,314,0,0,0,0,0.3,1258.5,74,1,168.2,29.9,69,34.6,1,315,1.8,1,1,23.6
2026-09-07T16:01:00+05:30,2026-09-07 16:01:00,28.9,33.4,24,2.1,9.3,23.8,273,0,0,0,0,0.3,1258.5,75,1,169.2,29.9,69,34.6,1,218,2.9,1,1,23.6
2026-09-07T15:55:00+05:30,2026-09-07 15:55:00,29.1,34,24.2,1.1,7.2,23.8,213,0,0,0,0,0.3,1258.5,75,0,99.5,30,67,34.3,1,218,2.9,1,1,23.2
2026-09-07T15:52:00+05:30,2026-09-07 15:52:00,29.5,34.3,23.9,6.9,14.8,23.8,220,0,0,0,0,0.3,1258.5,72,0,88.1,30.1,66,34.3,1,280,6.9,1,1,23.1
2026-09-07T15:45:00+05:30,2026-09-07 15:45:00,30,35,23.9,15.4,20.1,23.8,310,0,0,0,0,0.3,1258.5,70,0,81.2,30.2,65,34.4,1,280,7.9,1,1,22.9
2026-09-07T15:40:00+05:30,2026-09-07 15:40:00,30.6,35.8,23.8,3.5,20.1,21.9,324,0,0,0,0,0.3,1258.5,67,1,129.4,30.2,65,34.4,1,275,7.2,1,1,22.9
2026-09-07T15:35:00+05:30,2026-09-07 15:35:00,30.9,36.2,23.8,6.4,18.3,21.9,291,0,0,0,0,0.3,1258.5,66,3,364.9,30.2,65,34.4,1,282,7.9,1,1,22.9
2026-09-07T15:30:00+05:30,2026-09-07 15:30:00,30.7,35.8,23.6,9.7,13,21.9,238,0,0,0,0,0.3,1258.5,66,3,373.9,30.2,66,34.6,1,281,7.9,1,1,23.2
2026-09-07T15:27:00+05:30,2026-09-07 15:27:00,30.7,36,23.9,7.9,13,21.9,286,0,0,0,0,0.3,1258.5,67,3,389.1,30.1,66,34.3,1,255,6.1,1,1,23.1
2026-09-07T15:20:00+05:30,2026-09-07 15:20:00,30.8,36.4,24.2,3.5,11.1,21.9,236,0,0,0,0,0.3,1258.5,68,3,402.6,30.1,66,34.3,1,274,5.5,1,1,23.1
2026-09-07T15:15:00+05:30,2026-09-07 15:15:00,30.7,36,23.9,6.1,9.3,21.9,334,0,0,0,0,0.3,1258.5,67,3,333.7,30.1,66,34.3,1,274,4.7,1,1,23.1
2026-09-07T15:10:00+05:30,2026-09-07 15:10:00,30.4,35,23.3,7.6,9.3,21.9,279,0,0,0,0,0.3,1258.5,66,4,501.1,30,66,34.1,1,289,4.7,1,1,22.9
2026-09-07T15:05:00+05:30,2026-09-07 15:05:00,30.4,35.5,23.8,7.6,14.8,21.9,252,0,0,0,0,0.3,1258.5,68,1,142.1,30.1,66,34.3,1,286,4,1,1,23.1
2026-09-07T15:00:00+05:30,2026-09-07 15:00:00,29.9,34.5,23.6,4,11.1,21.9,285,0,0,0,0,0.3,1258.5,69,1,156.6,30.1,66,34.3,1,279,4,1,1,23.1
2026-09-07T14:55:00+05:30,2026-09-07 14:55:00,30,34.6,23.4,10.5,14.8,21.9,318,0,0,0,0,0.3,1258.5,68,1,129.9,30.1,65,34.1,1,287,7.6,1,1,22.8
2026-09-07T14:50:00+05:30,2026-09-07 14:50:00,29.7,34.1,23.4,3.2,11.1,21.9,295,0,0,0,0,0.3,1258.5,69,1,182.4,30.2,66,34.6,1,285,6.9,1,1,23.2
2026-09-07T14:45:00+05:30,2026-09-07 14:45:00,30.1,35.1,23.8,6.9,9.3,21.9,306,0,0,0,0,0.3,1258.5,69,1,133.7,30.3,65,34.5,1,285,6.4,1,1,22.9
2026-09-07T14:40:00+05:30,2026-09-07 14:40:00,30,34.6,23.4,4,14.8,21.9,222,0,0,0,0,0.3,1258.5,68,1,172.8,30.3,64,34.3,1,280,6.1,1,1,22.7
2026-09-07T14:35:00+05:30,2026-09-07 14:35:00,30.4,35.5,23.8,5.5,14.8,21.9,315,0,0,0,0,0.3,1258.5,68,1,124.4,30.4,64,34.5,1,303,6.4,1,1,22.8
2026-09-07T14:30:00+05:30,2026-09-07 14:30:00,30.7,35.8,23.6,8.7,13,21.9,249,0,0,0,0,0.3,1258.5,66,0,98.4,30.5,63,34.5,1,303,6.4,1,1,22.7
2026-09-07T14:27:00+05:30,2026-09-07 14:27:00,30.9,35.6,23.3,9,16.6,21.9,271,0,0,0,0,0.3,1258.5,64,1,109.6,30.6,64,35,1,271,6.4,1,1,23
2026-09-07T14:21:00+05:30,2026-09-07 14:21:00,31.5,36.8,23.6,3.2,11.1,21.9,256,0,0,0,0,0.3,1258.5,63,6,643.7,30.5,63,34.5,1,279,6.4,1,1,22.7
2026-09-07T14:18:00+05:30,2026-09-07 14:18:00,31.1,35.9,23.2,4.7,14.8,21.9,275,0,0,0,0,0.3,1258.5,63,6,647.7,30.6,63,34.7,1,283,6.1,1,1,22.7
2026-09-07T14:10:00+05:30,2026-09-07 14:10:00,31.7,37,23.5,0,7.2,21.9,63,0,0,0,0,0.3,1258.5,62,6,636.3,30.6,62,34.5,1,299,3.5,1,1,22.5
2026-09-07T14:05:00+05:30,2026-09-07 14:05:00,31.9,36.5,22.9,1.4,7.2,21.9,306,0,0,0,0,0.3,1258.5,59,6,644.2,30.5,63,34.5,1,285,4,1,1,22.7
2026-09-07T14:00:00+05:30,2026-09-07 14:00:00,31,35.9,23.4,1.8,11.1,21.9,282,0,0,0,0,0.3,1258.5,64,6,656.6,30.5,63,34.5,1,282,4.7,1,1,22.7
2026-09-07T13:57:00+05:30,2026-09-07 13:57:00,31.6,36.8,23.4,3.5,11.1,21.9,236,0,0,0,0,0.3,1258.5,62,1,143.6,30.5,62,34.3,1,302,3.5,1,1,22.4
2026-09-07T13:50:00+05:30,2026-09-07 13:50:00,32.4,37.4,23,7.6,18.3,21.9,282,0,0,0,0,0.3,1258.5,58,1,159.9,30.5,63,34.5,1,263,4.7,1,1,22.7
2026-09-07T13:45:00+05:30,2026-09-07 13:45:00,32.1,37.3,23.3,4.7,11.1,21.9,263,0,0,0,0,0.3,1258.5,60,3,367.5,30.5,61,34.1,1,278,6.1,1,1,22.1
2026-09-07T13:40:00+05:30,2026-09-07 13:40:00,31.7,36.4,23,2.9,9.3,21.9,287,0,0,0,0,0.3,1258.5,60,6,687.9,30.4,62,34.1,1,287,5.5,1,1,22.3
2026-09-07T13:36:00+05:30,2026-09-07 13:36:00,32.2,37.6,23.5,8.2,11.1,21.9,280,0,0,0,0,0.3,1258.5,60,2,261.8,30.4,62,34.1,1,272,5.5,1,1,22.3
2026-09-07T13:30:00+05:30,2026-09-07 13:30:00,31.5,35.9,22.8,4,16.6,21.9,278,0,0,0,0,0.3,1258.5,60,4,498.8,30.4,62,34.1,1,272,6.9,1,1,22.3
2026-09-07T13:25:00+05:30,2026-09-07 13:25:00,31.8,36.3,22.8,11.9,14.8,21.9,276,0,0,0,0,0.3,1258.5,59,7,725.7,30.4,62,34.1,1,276,5.5,1,1,22.3
2026-09-07T13:20:00+05:30,2026-09-07 13:20:00,31.5,36.2,23,7.6,11.1,21.9,280,0,0,0,0,0.3,1258.5,61,7,731.2,30.4,62,34.1,1,280,6.1,1,1,22.3
2026-09-07T13:15:00+05:30,2026-09-07 13:15:00,31.3,35.7,22.8,10.5,16.6,21.9,312,0,0,0,0,0.3,1258.5,61,7,737.9,30.4,62,34.1,1,285,8.7,1,1,22.3
2026-09-07T13:10:00+05:30,2026-09-07 13:10:00,31.3,35.7,22.8,7.2,14.8,21.9,278,0,0,0,0,0.3,1258.5,61,7,743.9,30.4,62,34.1,1,278,8.7,1,1,22.3
2026-09-07T13:05:00+05:30,2026-09-07 13:05:00,31.5,35.9,22.8,14,21.9,21.9,271,0,0,0,0,0.3,1258.5,60,7,721.4,30.4,61,33.8,1,275,7.9,1,1,22
2026-09-07T13:01:00+05:30,2026-09-07 13:01:00,31,35.1,22.6,9.7,13,21.9,273,0,0,0,0,0.3,1258.5,61,7,718.4,30.3,64,34.3,1,273,6.9,1,1,22.7
2026-09-07T12:55:00+05:30,2026-09-07 12:55:00,31.5,36.2,23,9.3,14.8,21.9,263,0,0,0,0,0.3,1258.5,61,7,769.3,30.2,64,34.1,1,281,6.1,1,1,22.7
2026-09-07T12:50:00+05:30,2026-09-07 12:50:00,31.6,36.2,22.9,5,7.2,21.9,288,0,0,0,0,0.3,1258.5,60,7,778,30.1,64,33.9,1,280,6.4,1,1,22.6
2026-09-07T12:46:00+05:30,2026-09-07 12:46:00,31.3,35.4,22.6,17.2,21.9,21.9,313,0,0,0,0,0.3,1258.5,60,7,779.5,30,63,33.4,1,280,6.4,1,1,22.2
2026-09-07T12:40:00+05:30,2026-09-07 12:40:00,31.8,36.3,22.8,3.5,5.5,20.1,250,0,0,0,0,0.3,1258.5,59,7,763.5,29.9,63,33.2,1,279,4.3,1,1,22.1
2026-09-07T12:35:00+05:30,2026-09-07 12:35:00,31.7,36.1,22.7,3.5,13,20.1,284,0,0,0,0,0.3,1258.5,59,7,764.9,29.8,64,33.2,1,284,5,1,1,22.2
2026-09-07T12:30:00+05:30,2026-09-07 12:30:00,31.2,35.9,23.1,1.8,16.6,20.1,239,0,0,0,0,0.3,1258.5,62,7,774.4,29.8,65,33.4,1,293,5,1,1,22.5
2026-09-07T12:25:00+05:30,2026-09-07 12:25:00,30.5,34.5,22.6,2.9,5.5,20.1,293,0,0,0,0,0.3,1258.5,63,7,815.4,29.7,64,33.1,1,293,4.7,1,1,22.2
2026-09-07T12:20:00+05:30,2026-09-07 12:20:00,31.3,36.3,23.4,6.4,9.3,20.1,309,0,0,0,0,0.3,1258.5,63,1,163.6,29.7,64,33.1,1,283,5.8,1,1,22.2
2026-09-07T12:15:00+05:30,2026-09-07 12:15:00,30.8,34.9,22.6,1.1,11.1,20.1,284,0,0,0,0,0.3,1258.5,62,3,314.1,29.7,64,33.1,1,272,6.1,1,1,22.2
2026-09-07T12:11:00+05:30,2026-09-07 12:11:00,30.7,35,22.9,11.9,13,20.1,281,0,0,0,0,0.3,1258.5,63,8,822.7,29.6,65,33.1,1,315,3.5,1,1,22.3
2026-09-07T12:07:00+05:30,2026-09-07 12:07:00,31.1,35.9,23.2,7.6,14.8,20.1,268,0,0,0,0,0.3,1258.5,63,8,865.1,29.6,64,32.9,1,268,6.1,1,1,22.1
2026-09-07T12:00:00+05:30,2026-09-07 12:00:00,30.6,34.3,22.2,7.6,16.6,20.1,301,0,0,0,0,0.3,1258.5,61,8,836.6,29.5,64,32.7,1,263,6.1,1,1,21.9
2026-09-07T11:55:00+05:30,2026-09-07 11:55:00,31.3,35.7,22.8,6.1,9.3,20.1,292,0,0,0,0,0.3,1258.5,61,3,351.9,29.5,65,32.8,1,292,2.9,1,1,22.2
2026-09-07T11:50:00+05:30,2026-09-07 11:50:00,31.8,36.9,23.3,1.1,3.5,20.1,295,0,0,0,0,0.3,1258.5,61,8,850.4,29.4,65,32.6,1,294,2.9,1,1,22.1
2026-09-07T11:45:00+05:30,2026-09-07 11:45:00,30.8,35.4,23.2,1.1,3.5,20.1,249,0,0,0,0,0.3,1258.5,64,8,831.7,29.4,66,32.8,1,241,2.9,1,1,22.3
2026-09-07T11:40:00+05:30,2026-09-07 11:40:00,30.7,35.2,23.1,1.8,5.5,20.1,176,0,0,0,0,0.3,1258.5,64,8,824.4,29.3,65,32.4,1,271,6.4,1,1,22
2026-09-07T11:35:00+05:30,2026-09-07 11:35:00,30.3,34.5,22.9,15.8,20.1,20.1,318,0,0,0,0,0.3,1258.5,65,1,158.3,29.2,66,32.4,1,284,6.4,1,1,22.2
2026-09-07T11:30:00+05:30,2026-09-07 11:30:00,30.8,35.4,23.2,2.9,5.5,16.6,291,0,0,0,0,0.3,1258.5,64,9,925.5,29.2,67,32.7,1,289,4,1,1,22.4
2026-09-07T11:28:00+05:30,2026-09-07 11:28:00,31.4,36.5,23.5,4.7,13,16.6,246,0,0,0,0,0.3,1258.5,63,1,177.7,29.1,66,32.2,1,289,4.3,1,1,22.1
2026-09-07T11:15:00+05:30,2026-09-07 11:15:00,30.7,35.2,23.1,1.1,5.5,16.6,236,0,0,0,0,0.3,1258.5,64,1,187.3,28.9,67,31.9,1,287,4.7,1,1,22.1
2026-09-07T11:10:00+05:30,2026-09-07 11:10:00,29.9,33.9,22.8,8.7,11.1,16.6,271,0,0,0,0,0.3,1258.5,66,1,157.6,28.9,67,31.9,1,274,4.7,1,1,22.1
2026-09-07T11:05:00+05:30,2026-09-07 11:05:00,30.7,35.5,23.4,6.4,14.8,14.8,298,0,0,0,0,0.3,1258.5,65,7,801,28.7,68,31.8,1,278,3.5,1,1,22.2
2026-09-07T11:00:00+05:30,2026-09-07 11:00:00,30.4,34.7,23.1,0.3,1.8,14.8,280,0,0,0,0,0.3,1258.5,65,7,784,28.7,68,31.8,1,281,4,1,1,22.2
2026-09-07T10:55:00+05:30,2026-09-07 10:55:00,29.4,33,22.6,4.7,11.1,14.8,309,0,0,0,0,0.3,1258.5,67,7,783.6,28.6,69,31.7,1,280,5.5,1,1,22.3
2026-09-07T10:51:00+05:30,2026-09-07 10:51:00,29.2,33,22.9,9,13,14.8,281,0,0,0,0,0.3,1258.5,69,1,203.6,28.5,69,31.5,1,270,6.1,1,1,22.2
2026-09-07T10:45:00+05:30,2026-09-07 10:45:00,29.4,33.2,22.9,6.9,13,14.8,286,0,0,0,0,0.3,1258.5,68,8,859.4,28.5,69,31.5,1,278,6.4,1,1,22.2
2026-09-07T10:40:00+05:30,2026-09-07 10:40:00,29.2,32.8,22.7,9.3,11.1,14.8,282,0,0,0,0,0.3,1258.5,68,7,797.1,28.5,68,31.3,1,278,4.7,1,1,22
2026-09-07T10:35:00+05:30,2026-09-07 10:35:00,30.1,34.4,23,13,14.8,14.8,284,0,0,0,0,0.3,1258.5,66,1,124,28.4,70,31.4,1,259,2.9,1,1,22.4
2026-09-07T10:30:00+05:30,2026-09-07 10:30:00,30.4,34.7,23.1,2.9,5.5,14.8,308,0,0,0,0,0.3,1258.5,65,3,374.5,28.3,71,31.4,1,299,1.8,1,1,22.5
2026-09-07T10:25:00+05:30,2026-09-07 10:25:00,29.8,34.3,23.5,1.4,3.5,14.8,274,0,0,0,0,0.3,1258.5,69,7,760.4,28.3,71,31.4,1,314,2.1,1,1,22.5
2026-09-07T10:20:00+05:30,2026-09-07 10:20:00,30.2,34.8,23.4,5,11.1,14.8,306,0,0,0,0,0.3,1258.5,67,7,786.4,28.2,70,31.1,1,250,2.1,1,1,22.2
2026-09-07T10:15:00+05:30,2026-09-07 10:15:00,29.1,33,23.1,0,3.5,14.8,135,0,0,0,0,0.3,1258.5,70,7,764.8,28.1,70,30.9,1,277,3.5,1,1,22.1
2026-09-07T10:11:00+05:30,2026-09-07 10:11:00,29,32.5,22.7,0,13,14.8,344,0,0,0,0,0.3,1258.5,69,2,253.7,28.1,70,30.9,1,258,4.3,1,1,22.1
2026-09-07T10:05:00+05:30,2026-09-07 10:05:00,29.2,32.8,22.7,6.9,9.3,14.8,331,0,0,0,0,0.3,1258.5,68,7,757.9,28,70,30.7,1,288,5,1,1,22
2026-09-07T10:00:00+05:30,2026-09-07 10:00:00,29.7,33.7,22.9,3.5,9.3,14.8,219,0,0,0,0,0.3,1258.5,67,5,577.4,28,70,30.7,1,294,2.6,1,1,22
2026-09-07T09:55:00+05:30,2026-09-07 09:55:00,29.6,33.5,22.8,1.4,1.8,13,299,0,0,0,0,0.3,1258.5,67,5,596.1,27.9,70,30.4,1,325,1.4,1,1,21.9
2026-09-07T09:50:00+05:30,2026-09-07 09:50:00,28.9,32.5,22.9,0,9.3,13,291,0,0,0,0,0.3,1258.5,70,2,219.2,27.8,70,30.2,1,291,3.5,1,1,21.8
2026-09-07T09:46:00+05:30,2026-09-07 09:46:00,28.8,32.2,22.7,4,13,13,295,0,0,0,0,0.3,1258.5,70,1,155.3,27.8,71,30.4,1,288,3.5,1,1,22
2026-09-07T09:40:00+05:30,2026-09-07 09:40:00,28.6,32.1,22.8,2.9,5.5,13,282,0,0,0,0,0.3,1258.5,71,2,215.5,27.7,71,30.3,1,291,3.5,1,1,21.9
2026-09-07T09:35:00+05:30,2026-09-07 09:35:00,28.5,31.8,22.7,4.3,7.2,13,282,0,0,0,0,0.3,1258.5,71,0,93.8,27.7,71,30.3,1,292,3.5,1,1,21.9
2026-09-07T09:30:00+05:30,2026-09-07 09:30:00,29.7,33.9,23.2,6.1,9.3,13,301,0,0,0,0,0.3,1258.5,68,2,281,27.6,71,30.1,1,293,1.1,1,1,21.9
2026-09-07T09:25:00+05:30,2026-09-07 09:25:00,29.3,32.9,22.7,1.4,1.8,13,285,0,0,0,0,0.3,1258.5,68,5,534.9,27.5,71,29.8,1,285,1.4,1,1,21.8
2026-09-07T09:18:00+05:30,2026-09-07 09:18:00,28.9,32.3,22.6,6.1,11.1,13,276,0,0,0,0,0.3,1258.5,69,5,569,27.4,71,29.6,1,282,5.5,1,1,21.7
2026-09-07T09:07:00+05:30,2026-09-07 09:07:00,28.6,32.1,22.8,1.4,1.8,13,112,0,0,0,0,0.3,1258.5,71,4,511.3,27.3,71,29.4,1,278,5.8,1,1,21.6
2026-09-07T08:50:00+05:30,2026-09-07 08:50:00,29.1,32.6,22.6,1.8,5.5,5.5,103,0,0,0,0,0.3,1258.5,68,4,439.7,27.2,73,29.5,1,288,0,1,1,21.9
2026-09-07T08:46:00+05:30,2026-09-07 08:46:00,29.4,33,22.6,0,0,3.5,279,0,0,0,0,0.3,1258.5,67,4,419.2,27.2,74,29.6,1,23,0,1,1,22.2
2026-09-07T08:40:00+05:30,2026-09-07 08:40:00,28.9,32.1,22.4,0,0,3.5,1,0,0,0,0,0.3,1258.5,68,3,391.9,27.1,74,29.4,1,328,0,1,1,22.1
2026-09-07T08:35:00+05:30,2026-09-07 08:35:00,28.6,32.2,23.1,0,1.8,3.5,329,0,0,0,0,0.3,1258.5,72,3,384,27,75,29.3,1,329,0,1,1,22.2
2026-09-07T08:32:00+05:30,2026-09-07 08:32:00,28.9,32.3,22.6,0.3,3.5,3.5,328,0,0,0,0,0.3,1258.5,69,3,374.4,27,75,29.3,1,328,0,1,1,22.2
2026-09-07T08:25:00+05:30,2026-09-07 08:25:00,29,32.7,23,0,0,1.8,334,0,0,0,0,0.3,1258.5,70,3,350.7,26.9,74,29,1,334,0,1,1,21.8
2026-09-07T08:20:00+05:30,2026-09-07 08:20:00,28.3,31.4,22.5,0,0,1.8,334,0,0,0,0,0.3,1258.5,71,3,330.6,26.8,74,28.8,1,334,0,1,1,21.7
2026-09-07T08:15:00+05:30,2026-09-07 08:15:00,27.7,30.4,22.2,0,0,1.8,334,0,0,0,0,0.3,1258.5,72,3,316.8,26.8,74,28.8,1,334,0,1,1,21.7
2026-09-07T08:10:00+05:30,2026-09-07 08:10:00,27.1,29.5,22.3,0,0,1.8,334,0,0,0,0,0.3,1258.5,75,2,299.3,26.8,74,28.8,1,338,0,1,1,21.7
2026-09-07T08:05:00+05:30,2026-09-07 08:05:00,25.8,26.5,21.9,0,0,1.8,334,0,0,0,0,0.3,1258.5,79,2,264.7,26.8,74,28.8,1,338,0,1,1,21.7
2026-09-07T08:00:00+05:30,2026-09-07 08:00:00,25.5,26.2,22,0,0,1.8,346,0,0,0,0,0.3,1258.5,81,0,62.1,26.8,74,28.8,1,346,0,1,1,21.7
2026-09-07T07:55:00+05:30,2026-09-07 07:55:00,25.2,25.9,21.9,0,0,1.8,346,0,0,0,0,0.3,1258.5,82,0,40.3,26.7,74,28.7,1,346,0,1,1,21.7
2026-09-07T07:50:00+05:30,2026-09-07 07:50:00,25,25.7,21.7,0,0,1.8,346,0,0,0,0,0.3,1258.5,82,0,38,26.7,74,28.7,1,346,0,1,1,21.7
2026-09-07T07:45:00+05:30,2026-09-07 07:45:00,24.9,25.6,21.8,0,0,1.8,338,0,0,0,0,0.3,1258.5,83,0,38.5,26.7,74,28.7,1,350,0,1,1,21.7
2026-09-07T07:40:00+05:30,2026-09-07 07:40:00,24.7,25.5,22,0,0,1.8,350,0,0,0,0,0.3,1258.5,85,0,36.3,26.7,74,28.7,1,350,0,1,1,21.7
2026-09-07T07:35:00+05:30,2026-09-07 07:35:00,24.3,25,21.6,0,0,1.8,351,0,0,0,0,0.3,1258.5,85,0,34.3,26.7,74,28.7,1,351,0,1,1,21.7
2026-09-07T07:30:00+05:30,2026-09-07 07:30:00,24.4,25.2,22.3,0,0,1.8,322,0,0,0,0,0.3,1258.5,88,0,33.5,26.7,74,28.7,1,354,0,1,1,21.7
2026-09-07T07:25:00+05:30,2026-09-07 07:25:00,24.5,25.3,22.2,0,0,1.8,354,0,0,0,0,0.3,1258.5,87,0,32.4,26.6,74,27.3,1,354,0,1,1,21.6
2026-09-07T07:20:00+05:30,2026-09-07 07:20:00,24.1,24.8,21.8,0,0,1.8,337,0,0,0,0,0.3,1258.5,87,0,30.9,26.6,74,27.3,1,342,0,1,1,21.6
2026-09-07T07:15:00+05:30,2026-09-07 07:15:00,23.5,24.3,22.1,0,0,1.8,337,0,0,0,0,0.3,1258.5,92,0,32.7,26.6,74,27.3,1,350,0,1,1,21.6
2026-09-07T07:10:00+05:30,2026-09-07 07:10:00,22.8,23.6,21.8,0,0,1.8,334,0,0,0,0,0.3,1258.5,94,0,30,26.6,74,27.3,1,352,0,1,1,21.6
2026-09-07T07:05:00+05:30,2026-09-07 07:05:00,22.7,23.6,22,0,0,1.8,352,0,0,0,0,0.3,1258.5,96,0,29.9,26.6,74,27.3,1,352,0,1,1,21.6
2026-09-07T07:00:00+05:30,2026-09-07 07:00:00,22.5,23.3,21.8,0,0,1.8,352,0,0,0,0,0.3,1258.5,96,0,29.6,26.7,74,28.7,1,352,0,1,1,21.7
2026-09-07T06:55:00+05:30,2026-09-07 06:55:00,22.4,23.2,21.9,0,0,1.8,352,0,0,0,0,0.3,1258.5,97,0,29.4,26.6,74,27.3,1,352,0,1,1,21.6
2026-09-07T06:50:00+05:30,2026-09-07 06:50:00,22.1,22.9,21.6,0,0,1.8,352,0,0,0,0,0.3,1258.5,97,0,28.7,26.6,74,27.3,1,326,0,1,1,21.6
2026-09-07T06:45:00+05:30,2026-09-07 06:45:00,22.1,22.9,21.8,0,0,1.8,326,0,0,0,0,0.3,1258.5,98,0,28.1,26.6,74,27.3,1,330,0,1,1,21.6
2026-09-07T06:40:00+05:30,2026-09-07 06:40:00,22,22.8,21.7,0,0,1.8,330,0,0,0,0,0.3,1258.5,98,0,27.2,26.7,74,28.7,1,330,0,1,1,21.7
2026-09-07T06:35:00+05:30,2026-09-07 06:35:00,21.9,22.7,21.6,0,0,1.8,2,0,0,0,0,0.3,1258.5,98,0,25.6,26.7,74,28.7,1,339,0,1,1,21.7
2026-09-07T06:30:00+05:30,2026-09-07 06:30:00,21.8,22.6,21.4,0,0,1.8,333,0,0,0,0,0.3,1258.5,98,0,22.6,26.7,74,28.7,1,338,0,1,1,21.7
2026-09-07T06:25:00+05:30,2026-09-07 06:25:00,21.7,22.5,21.4,0,0,1.8,333,0,0,0,0,0.3,1258.5,98,0,18.6,26.7,74,28.7,1,335,0,1,1,21.7
2026-09-07T06:20:00+05:30,2026-09-07 06:20:00,21.7,22.5,21.4,0,0,1.8,344,0,0,0,0,0.3,1258.5,98,0,14.6,26.7,74,28.7,1,337,0,1,1,21.7
2026-09-07T06:15:00+05:30,2026-09-07 06:15:00,21.7,22.5,21.4,0,0,1.8,335,0,0,0,0,0.3,1258.5,98,0,11.2,26.7,74,28.7,1,335,0,1,1,21.7
2026-09-07T06:10:00+05:30,2026-09-07 06:10:00,21.7,22.5,21.4,0,0,1.8,332,0,0,0,0,0.3,1258.5,98,0,8,26.7,74,28.7,1,334,0,1,1,21.7
2026-09-07T06:05:00+05:30,2026-09-07 06:05:00,21.8,22.6,21.4,0,0,1.8,333,0,0,0,0,0.3,1258.5,98,0,4.9,26.7,74,28.7,1,347,0,1,1,21.7
2026-09-07T06:00:00+05:30,2026-09-07 06:00:00,21.8,22.6,21.4,0,0,1.8,355,0,0,0,0,0.3,1258.5,98,0,2.5,26.7,74,28.7,1,347,0,1,1,21.7
2026-09-07T05:55:00+05:30,2026-09-07 05:55:00,21.8,22.6,21.4,0,0,1.8,342,0,0,0,0,0.3,1258.5,98,0,1.1,26.8,74,28.8,1,336,0,1,1,21.7
2026-09-07T05:50:00+05:30,2026-09-07 05:50:00,21.9,22.7,21.6,0,0,1.8,359,0,0,0,0,0.3,1258.5,98,0,0.3,26.8,74,28.8,1,342,0,1,1,21.7
2026-09-07T05:45:00+05:30,2026-09-07 05:45:00,21.9,22.7,21.4,0,0,1.8,343,0,0,0,0,0.3,1258.5,97,0,0.1,26.8,74,28.8,1,349,0,1,1,21.7
2026-09-07T05:40:00+05:30,2026-09-07 05:40:00,22,22.8,21.5,0,0,1.8,343,0,0,0,0,0.3,1258.5,97,0,0,26.8,74,28.8,1,349,0,1,1,21.7
2026-09-07T05:35:00+05:30,2026-09-07 05:35:00,22,22.8,21.5,0,0,1.8,356,0,0,0,0,0.3,1258.5,97,0,0,26.8,74,28.8,1,333,0,1,1,21.7
2026-09-07T05:30:00+05:30,2026-09-07 05:30:00,22,22.8,21.5,0,0,1.8,339,0,0,0,0,0.3,1258.5,97,0,0,26.8,74,28.8,1,339,0,1,1,21.7
2026-09-07T05:25:00+05:30,2026-09-07 05:25:00,22.1,22.9,21.6,0,0,1.8,343,0,0,0,0,0.3,1258.5,97,0,0,26.8,74,28.8,1,343,0,1,1,21.7
2026-09-07T05:20:00+05:30,2026-09-07 05:20:00,22.2,23,21.7,0,0,1.8,346,0,0,0,0,0.3,1258.5,97,0,0,26.8,74,28.8,1,340,0,1,1,21.7
2026-09-07T05:15:00+05:30,2026-09-07 05:15:00,22.1,22.9,21.6,0,0,1.8,333,0,0,0,0,0.3,1258.5,97,0,0,26.8,74,28.8,1,333,0,1,1,21.7
2026-09-07T05:10:00+05:30,2026-09-07 05:10:00,22.1,22.9,21.6,0,0,1.8,326,0,0,0,0,0.3,1258.5,97,0,0,26.9,74,29,1,326,0,1,1,21.8
2026-09-07T05:05:00+05:30,2026-09-07 05:05:00,22.1,22.9,21.6,0,0,1.8,320,0,0,0,0,0.3,1258.5,97,0,0,26.9,74,29,1,292,0,1,1,21.8
2026-09-07T05:00:00+05:30,2026-09-07 05:00:00,22,22.8,21.7,0,0,1.8,339,0,0,0,0,0.3,1258.5,98,0,0,26.9,74,29,1,323,0,1,1,21.8
2026-09-07T04:55:00+05:30,2026-09-07 04:55:00,22,22.8,21.7,0,0,1.8,324,0,0,0,0,0.3,1258.5,98,0,0,26.9,74,29,1,346,0,1,1,21.8
2026-09-07T04:50:00+05:30,2026-09-07 04:50:00,21.9,22.7,21.6,0,0,1.8,347,0,0,0,0,0.3,1258.5,98,0,0,26.9,74,29,1,347,0,1,1,21.8
2026-09-07T04:45:00+05:30,2026-09-07 04:45:00,21.9,22.7,21.6,0,0,1.8,349,0,0,0,0,0.3,1258.5,98,0,0,26.9,74,29,1,342,0,1,1,21.8
2026-09-07T04:40:00+05:30,2026-09-07 04:40:00,21.9,22.7,21.6,0,0,1.8,335,0,0,0,0,0.3,1258.5,98,0,0,26.9,74,29,1,334,0,1,1,21.8
2026-09-07T04:35:00+05:30,2026-09-07 04:35:00,21.9,22.7,21.6,0,0,1.8,330,0,0,0,0,0.3,1258.5,98,0,0,26.9,74,29,1,330,0,1,1,21.8
2026-09-07T04:30:00+05:30,2026-09-07 04:30:00,21.9,22.7,21.6,0,0,1.8,330,0,0,0,0,0.3,1258.5,98,0,0,26.9,74,29,1,330,0,1,1,21.8
2026-09-07T04:25:00+05:30,2026-09-07 04:25:00,21.8,22.6,21.4,0,0,1.8,329,0,0,0,0,0.3,1258.5,98,0,0,26.9,74,29,1,329,0,1,1,21.8
2026-09-07T04:20:00+05:30,2026-09-07 04:20:00,21.9,22.7,21.6,0,0,1.8,329,0,0,0,0,0.3,1258.5,98,0,0,27,74,29.2,1,329,0,1,1,21.9
2026-09-07T04:15:00+05:30,2026-09-07 04:15:00,21.8,22.6,21.4,0,0,1.8,334,0,0,0,0,0.3,1258.5,98,0,0,26.9,74,29,1,334,0,1,1,21.8
2026-09-07T04:10:00+05:30,2026-09-07 04:10:00,21.8,22.6,21.4,0,0,1.8,334,0,0,0,0,0.3,1258.5,98,0,0,27,74,29.2,1,334,0,1,1,21.9
2026-09-07T04:05:00+05:30,2026-09-07 04:05:00,21.8,22.6,21.4,0,0,1.8,336,0,0,0,0,0.3,1258.5,98,0,0,27,74,29.2,1,336,0,1,1,21.9
2026-09-07T04:00:00+05:30,2026-09-07 04:00:00,21.8,22.6,21.4,0,0,1.8,336,0,0,0,0,0.3,1258.5,98,0,0,27,74,29.2,1,336,0,1,1,21.9
2026-09-07T03:55:00+05:30,2026-09-07 03:55:00,21.8,22.6,21.4,0,0,1.8,337,0,0,0,0,0.3,1258.5,98,0,0,27,74,29.2,1,337,0,1,1,21.9
2026-09-07T03:50:00+05:30,2026-09-07 03:50:00,21.8,22.6,21.4,0,0,1.8,337,0,0,0,0,0.3,1258.5,98,0,0,27,74,29.2,1,337,0,1,1,21.9
2026-09-07T03:45:00+05:30,2026-09-07 03:45:00,21.9,22.7,21.6,0,0,1.8,338,0,0,0,0,0.3,1258.5,98,0,0,27,74,29.2,1,336,0,1,1,21.9
2026-09-07T03:40:00+05:30,2026-09-07 03:40:00,21.9,22.7,21.6,0,0,1.8,327,0,0,0,0,0.3,1258.5,98,0,0,27,74,29.2,1,327,0,1,1,21.9
2026-09-07T03:35:00+05:30,2026-09-07 03:35:00,21.9,22.7,21.6,0,0,1.8,336,0,0,0,0,0.3,1258.5,98,0,0,27.1,74,29.4,1,336,0,1,1,22.1
2026-09-07T03:30:00+05:30,2026-09-07 03:30:00,22,22.8,21.7,0,0,1.8,345,0,0,0,0,0.3,1258.5,98,0,0,27.1,74,29.4,1,345,0,1,1,22.1
2026-09-07T03:25:00+05:30,2026-09-07 03:25:00,22,22.8,21.7,0,0,1.8,7,0,0,0,0,0.3,1258.5,98,0,0,27.1,74,29.4,1,345,0,1,1,22.1
2026-09-07T03:20:00+05:30,2026-09-07 03:20:00,22,22.8,21.7,0,0,1.8,339,0,0,0,0,0.3,1258.5,98,0,0,27.1,74,29.4,1,339,0,1,1,22.1
2026-09-07T03:15:00+05:30,2026-09-07 03:15:00,22.1,22.9,21.8,0,0,1.8,339,0,0,0,0,0.3,1258.5,98,0,0,27.2,74,29.6,1,339,0,1,1,22.2
2026-09-07T03:10:00+05:30,2026-09-07 03:10:00,22.1,22.9,21.8,0,0,1.8,339,0,0,0,0,0.3,1258.5,98,0,0,27.2,74,29.6,1,339,0,1,1,22.2
2026-09-07T03:05:00+05:30,2026-09-07 03:05:00,22.1,22.9,21.8,0,0,1.8,294,0,0,0,0,0.3,1258.5,98,0,0,27.2,74,29.6,1,327,0,1,1,22.2
2026-09-07T03:00:00+05:30,2026-09-07 03:00:00,22.2,23.1,21.9,0,0,1.8,323,0,0,0,0,0.3,1258.5,98,0,0,27.2,74,29.6,1,348,0,1,1,22.2
2026-09-07T02:55:00+05:30,2026-09-07 02:55:00,22.1,22.9,21.8,0,0,1.8,348,0,0,0,0,0.3,1258.5,98,0,0,27.2,74,29.6,1,348,0,1,1,22.2
2026-09-07T02:50:00+05:30,2026-09-07 02:50:00,22.2,23,21.7,0,0,1.8,348,0,0,0,0,0.3,1258.5,97,0,0,27.2,74,29.6,1,348,0,1,1,22.2
2026-09-07T02:45:00+05:30,2026-09-07 02:45:00,22.2,23.1,21.9,0,0,1.8,341,0,0,0,0,0.3,1258.5,98,0,0,27.2,74,29.6,1,349,0,1,1,22.2
2026-09-07T02:40:00+05:30,2026-09-07 02:40:00,22.2,23.1,21.9,0,0,0,349,0,0,0,0,0.3,1258.5,98,0,0,27.3,74,29.7,1,351,0,1,1,22.2
2026-09-07T02:35:00+05:30,2026-09-07 02:35:00,22.2,23,21.7,0,0,0,354,0,0,0,0,0.3,1258.5,97,0,0,27.3,74,29.7,1,354,0,1,1,22.2
2026-09-07T02:30:00+05:30,2026-09-07 02:30:00,22.3,23.1,21.8,0,0,0,354,0,0,0,0,0.3,1258.5,97,0,0,27.3,74,29.7,1,354,0,1,1,22.2
2026-09-07T02:25:00+05:30,2026-09-07 02:25:00,22.3,23.1,21.8,0,0,0,353,0,0,0,0,0.3,1258.5,97,0,0,27.3,74,29.7,1,336,0,1,1,22.2
2026-09-07T02:20:00+05:30,2026-09-07 02:20:00,22.3,23.1,21.9,0,0,0,4,0,0,0,0,0.3,1258.5,98,0,0,27.3,74,29.7,1,330,0,1,1,22.2
2026-09-07T02:15:00+05:30,2026-09-07 02:15:00,22.3,23.1,21.9,0,0,0,337,0,0,0,0,0.3,1258.5,98,0,0,27.3,74,29.7,1,353,0,1,1,22.2
2026-09-07T02:10:00+05:30,2026-09-07 02:10:00,22.4,23.2,21.9,0,0,0,353,0,0,0,0,0.3,1258.5,97,0,0,27.3,74,29.7,1,353,0,1,1,22.2
2026-09-07T02:05:00+05:30,2026-09-07 02:05:00,22.4,23.2,21.9,0,0,0,353,0,0,0,0,0.3,1258.5,97,0,0,27.4,74,29.9,1,353,0,1,1,22.3
2026-09-07T02:00:00+05:30,2026-09-07 02:00:00,22.4,23.2,21.9,0,0,0,347,0,0,0,0,0.3,1258.5,97,0,0,27.4,74,29.9,1,13,0,1,1,22.3
2026-09-07T01:55:00+05:30,2026-09-07 01:55:00,22.4,23.2,21.9,0,0,0,13,0,0,0,0,0.3,1258.5,97,0,0,27.4,74,29.9,1,13,0,1,1,22.3
2026-09-07T01:50:00+05:30,2026-09-07 01:50:00,22.5,23.3,22,0,0,0,325,0,0,0,0,0.3,1258.5,97,0,0,27.4,74,29.9,1,3,0,1,1,22.3
2026-09-07T01:45:00+05:30,2026-09-07 01:45:00,22.5,23.3,22,0,0,0,10,0,0,0,0,0.3,1258.5,97,0,0,27.5,74,30.2,1,11,0,1,1,22.4
2026-09-07T01:40:00+05:30,2026-09-07 01:40:00,22.5,23.3,22,0,0,0,3,0,0,0,0,0.3,1258.5,97,0,0,27.5,74,30.2,1,2,0,1,1,22.4
2026-09-07T01:35:00+05:30,2026-09-07 01:35:00,22.6,23.5,22.1,0,0,0,2,0,0,0,0,0.3,1258.5,97,0,0,27.5,74,30.2,1,2,0,1,1,22.4
2026-09-07T01:30:00+05:30,2026-09-07 01:30:00,22.6,23.5,22.1,0,0,0,2,0,0,0,0,0.3,1258.5,97,0,0,27.5,74,30.2,1,2,0,1,1,22.4
2026-09-07T01:25:00+05:30,2026-09-07 01:25:00,22.6,23.5,22.1,0,0,0,2,0,0,0,0,0.3,1258.5,97,0,0,27.5,74,30.2,1,2,0,1,1,22.4
2026-09-07T01:20:00+05:30,2026-09-07 01:20:00,22.7,23.6,22.2,0,0,0,2,0,0,0,0,0.3,1258.5,97,0,0,27.5,74,30.2,1,2,0,1,1,22.4
2026-09-07T01:15:00+05:30,2026-09-07 01:15:00,22.7,23.6,22.2,0,0,0,2,0,0,0,0,0.3,1258.5,97,0,0,27.6,74,30.4,1,2,0,1,1,22.6
2026-09-07T01:10:00+05:30,2026-09-07 01:10:00,22.8,23.6,22.3,0,0,0,2,0,0,0,0,0.3,1258.5,97,0,0,27.6,74,30.4,1,2,0,1,1,22.6
2026-09-07T01:05:00+05:30,2026-09-07 01:05:00,22.8,23.6,22.3,0,0,0,3,0,0,0,0,0.3,1258.5,97,0,0,27.6,74,30.4,1,3,0,1,1,22.6
2026-09-07T01:00:00+05:30,2026-09-07 01:00:00,22.8,23.6,22.3,0,0,0,3,0,0,0,0,0.3,1258.5,97,0,0,27.6,74,30.4,1,349,0,1,1,22.6
2026-09-07T00:55:00+05:30,2026-09-07 00:55:00,22.8,23.6,22.3,0,0,0,349,0,0,0,0,0.3,1258.5,97,0,0,27.6,74,30.4,1,349,0,1,1,22.6
2026-09-07T00:50:00+05:30,2026-09-07 00:50:00,22.9,23.8,22.4,0,0,0,349,0,0,0,0,0.3,1258.5,97,0,0,27.6,74,30.4,1,349,0,1,1,22.6
2026-09-07T00:45:00+05:30,2026-09-07 00:45:00,23,23.9,22.5,0,0,0,349,0,0,0,0,0.3,1258.5,97,0,0,27.6,74,30.4,1,349,0,1,1,22.6
2026-09-07T00:40:00+05:30,2026-09-07 00:40:00,23,23.9,22.5,0,0,0,349,0,0,0,0,0.3,1258.5,97,0,0,27.7,74,30.6,1,349,0,1,1,22.7
2026-09-07T00:35:00+05:30,2026-09-07 00:35:00,23,23.9,22.5,0,0,0,349,0,0,0,0,0.3,1258.5,97,0,0,27.7,74,30.6,1,358,0,1,1,22.7
2026-09-07T00:30:00+05:30,2026-09-07 00:30:00,23.1,24,22.6,0,0,0,359,0,0,0,0,0.3,1258.5,97,0,0,27.7,74,30.6,1,359,0,1,1,22.7
2026-09-07T00:25:00+05:30,2026-09-07 00:25:00,23.1,24,22.6,0,0,0,353,0,0,0,0,0.3,1258.5,97,0,0,27.7,74,30.6,1,353,0,1,1,22.7
2026-09-07T00:20:00+05:30,2026-09-07 00:20:00,23.2,24.1,22.7,0,0,0,354,0,0,0,0,0.3,1258.5,97,0,0,27.7,74,30.6,1,338,0,1,1,22.7
2026-09-07T00:15:00+05:30,2026-09-07 00:15:00,23.2,24.1,22.7,0,0,0,338,0,0,0,0,0.3,1258.5,97,0,0,27.7,74,30.6,1,338,0,1,1,22.7
2026-09-07T00:10:00+05:30,2026-09-07 00:10:00,23.3,24.2,22.8,0,0,0,338,0,0,0,0,0.3,1258.5,97,0,0,27.8,74,30.7,1,338,0,1,1,22.7
2026-09-07T00:05:00+05:30,2026-09-07 00:05:00,23.3,24.2,22.6,0,0,0,345,0,0,0,0,0.3,1258.5,96,0,0,27.8,74,30.7,1,18,0,1,1,22.7
2026-09-07T00:00:00+05:30,2026-09-07 00:00:00,23.4,24.3,22.7,0,0,0,348,0,0,0,0,0.3,1258.5,96,0,0,27.8,74,30.7,1,348,0,1,1,22.7
2026-09-06T23:55:00+05:30,2026-09-06 23:55:00,23.4,24.3,22.7,0,0,21.9,346,0,0,0,0,0.3,1258.5,96,0,0,27.8,74,30.7,1,357,0,1,1,22.7
2026-09-06T23:50:00+05:30,2026-09-06 23:50:00,23.5,24.4,22.8,0,0,21.9,13,0,0,0,0,0.3,1258.5,96,0,0,27.8,74,30.7,1,2,0,1,1,22.7
2026-09-06T23:45:00+05:30,2026-09-06 23:45:00,23.5,24.4,22.8,0,0,21.9,2,0,0,0,0,0.3,1258.5,96,0,0,27.8,74,30.7,1,2,0,1,1,22.7
2026-09-06T23:40:00+05:30,2026-09-06 23:40:00,23.5,24.4,22.8,0,0,21.9,2,0,0,0,0,0.3,1258.5,96,0,0,27.9,74,31,1,336,0,1,1,22.8
2026-09-06T23:35:00+05:30,2026-09-06 23:35:00,23.5,24.4,22.8,0,0,21.9,338,0,0,0,0,0.3,1258.5,96,0,0,27.9,73,30.8,1,338,0,1,1,22.6
2026-09-06T23:30:00+05:30,2026-09-06 23:30:00,23.5,24.4,22.8,0,0,21.9,342,0,0,0,0,0.3,1258.5,96,0,0,27.9,74,31,1,342,0,1,1,22.8
2026-09-06T23:25:00+05:30,2026-09-06 23:25:00,23.6,24.5,22.8,0,0,21.9,342,0,0,0,0,0.3,1258.5,95,0,0,27.9,73,30.8,1,342,0,1,1,22.6
2026-09-06T23:20:00+05:30,2026-09-06 23:20:00,23.7,24.6,22.9,0,0,21.9,342,0,0,0,0,0.3,1258.5,95,0,0,27.9,73,30.8,1,346,0,1,1,22.6
2026-09-06T23:15:00+05:30,2026-09-06 23:15:00,23.8,24.7,22.9,0,0,21.9,355,0,0,0,0,0.3,1258.5,95,0,0,27.9,73,30.8,1,342,0,1,1,22.6
2026-09-06T23:10:00+05:30,2026-09-06 23:10:00,23.8,24.7,22.9,0,1.8,21.9,342,0,0,0,0,0.3,1258.5,95,0,0,27.9,73,30.8,1,342,0,1,1,22.6
2026-09-06T23:05:00+05:30,2026-09-06 23:05:00,23.8,24.7,22.9,0,0,21.9,346,0,0,0,0,0.3,1258.5,95,0,0,28,73,31.1,1,346,0,1,1,22.7
2026-09-06T23:00:00+05:30,2026-09-06 23:00:00,23.8,24.7,22.9,0,0,21.9,346,0,0,0,0,0.3,1258.5,95,0,0,28,73,31.1,1,346,0,1,1,22.7
2026-09-06T22:55:00+05:30,2026-09-06 22:55:00,23.9,24.8,23,0,0,21.9,346,0,0,0,0,0.3,1258.5,95,0,0,28,73,31.1,1,346,0,1,1,22.7
2026-09-06T22:50:00+05:30,2026-09-06 22:50:00,24,24.9,23,0,0,21.9,346,0,0,0,0,0.3,1258.5,94,0,0,28,73,31.1,1,346,0,1,1,22.7
2026-09-06T22:45:00+05:30,2026-09-06 22:45:00,24.1,25,23.1,0,0,21.9,346,0,0,0,0,0.3,1258.5,94,0,0,28,73,31.1,1,317,0,1,1,22.7
2026-09-06T22:40:00+05:30,2026-09-06 22:40:00,24.1,25,23.1,0,0,21.9,311,0,0,0,0,0.3,1258.5,94,0,0,28,73,31.1,1,352,0,1,1,22.7
2026-09-06T22:35:00+05:30,2026-09-06 22:35:00,24.1,25,23.1,0,0,21.9,352,0,0,0,0,0.3,1258.5,94,0,0,28.1,73,31.3,1,352,0,1,1,22.8
2026-09-06T22:30:00+05:30,2026-09-06 22:30:00,24.2,25.2,23.2,0,0,21.9,352,0,0,0,0,0.3,1258.5,94,0,0,28.1,73,31.3,1,352,0,1,1,22.8
2026-09-06T22:25:00+05:30,2026-09-06 22:25:00,24.2,25.2,23.2,0,0,21.9,352,0,0,0,0,0.3,1258.5,94,0,0,28.1,73,31.3,1,352,0,1,1,22.8
2026-09-06T22:20:00+05:30,2026-09-06 22:20:00,24.3,25.2,23.1,0,0,21.9,352,0,0,0,0,0.3,1258.5,93,0,0,28.1,73,31.3,1,352,0,1,1,22.8
2026-09-06T22:15:00+05:30,2026-09-06 22:15:00,24.4,25.3,23.2,0,0,21.9,353,0,0,0,0,0.3,1258.5,93,0,0,28.1,73,31.3,1,353,0,1,1,22.8
2026-09-06T22:10:00+05:30,2026-09-06 22:10:00,24.4,25.3,23.2,0,0,21.9,0,0,0,0,0,0.3,1258.5,93,0,0,28.1,72,31.2,1,348,0,1,1,22.6
2026-09-06T22:05:00+05:30,2026-09-06 22:05:00,24.4,25.3,23,0,0,21.9,349,0,0,0,0,0.3,1258.5,92,0,0,28.2,72,31.4,1,323,0,1,1,22.7
2026-09-06T22:00:00+05:30,2026-09-06 22:00:00,24.5,25.4,23.1,0,0,21.9,323,0,0,0,0,0.3,1258.5,92,0,0,28.2,72,31.4,1,323,0,1,1,22.7
2026-09-06T21:55:00+05:30,2026-09-06 21:55:00,24.7,25.6,23.1,0,0,21.9,322,0,0,0,0,0.3,1258.5,91,0,0,28.2,72,31.4,1,322,0,1,1,22.7
2026-09-06T21:50:00+05:30,2026-09-06 21:50:00,24.8,25.7,23.2,0,0,21.9,321,0,0,0,0,0.3,1258.5,91,0,0,28.2,72,31.4,1,321,0,1,1,22.7
2026-09-06T21:45:00+05:30,2026-09-06 21:45:00,24.9,25.8,23.1,0,0,21.9,323,0,0,0,0,0.3,1258.5,90,0,0,28.2,72,31.4,1,322,0,1,1,22.7
2026-09-06T21:40:00+05:30,2026-09-06 21:40:00,24.9,25.8,23.1,0,0,21.9,308,0,0,0,0,0.3,1258.5,90,0,0,28.2,72,31.4,1,347,0,1,1,22.7
2026-09-06T21:35:00+05:30,2026-09-06 21:35:00,25,25.9,23.2,0,0,21.9,347,0,0,0,0,0.3,1258.5,90,0,0,28.2,72,31.4,1,347,0,1,1,22.7
2026-09-06T21:30:00+05:30,2026-09-06 21:30:00,25,25.9,23.1,0,0,21.9,349,0,0,0,0,0.3,1258.5,89,0,0,28.3,72,31.5,1,349,0,1,1,22.7
2026-09-06T21:25:00+05:30,2026-09-06 21:25:00,25.2,26.1,23.3,0,0,21.9,345,0,0,0,0,0.3,1258.5,89,0,0,28.3,72,31.5,1,345,0,1,1,22.7
2026-09-06T21:20:00+05:30,2026-09-06 21:20:00,25.1,26,23.2,0,0,21.9,350,0,0,0,0,0.3,1258.5,89,0,0,28.3,72,31.5,1,345,0,1,1,22.7
2026-09-06T21:15:00+05:30,2026-09-06 21:15:00,25.1,26,23,0,0,21.9,332,0,0,0,0,0.3,1258.5,88,0,0,28.3,72,31.5,1,318,0,1,1,22.7
2026-09-06T21:10:00+05:30,2026-09-06 21:10:00,25.2,26.1,23.1,0,0,21.9,311,0,0,0,0,0.3,1258.5,88,0,0,28.3,72,31.5,1,319,0,1,1,22.7
2026-09-06T21:05:00+05:30,2026-09-06 21:05:00,25.4,26.3,23.3,0,0,21.9,318,0,0,0,0,0.3,1258.5,88,0,0,28.3,72,31.5,1,318,0,1,1,22.7
2026-09-06T21:00:00+05:30,2026-09-06 21:00:00,25.3,26.2,23.1,0,0,21.9,318,0,0,0,0,0.3,1258.5,88,0,0,28.3,72,31.5,1,318,0,1,1,22.7
2026-09-06T20:55:00+05:30,2026-09-06 20:55:00,25.4,26.3,23.1,0,0,21.9,318,0,0,0,0,0.3,1258.5,87,0,0,28.4,72,31.7,1,315,0,1,1,22.8
2026-09-06T20:50:00+05:30,2026-09-06 20:50:00,25.5,26.4,23.2,0,0,21.9,315,0,0,0,0,0.3,1258.5,87,0,0,28.4,71,31.6,1,318,0,1,1,22.6
2026-09-06T20:45:00+05:30,2026-09-06 20:45:00,25.6,26.5,23.3,0,0,21.9,327,0,0,0,0,0.3,1258.5,87,0,0,28.4,71,31.6,1,318,0,1,1,22.6
2026-09-06T20:40:00+05:30,2026-09-06 20:40:00,25.5,26.4,23.2,0,0,21.9,303,0,0,0,0,0.3,1258.5,87,0,0,28.4,71,31.6,1,2,0,1,1,22.6
2026-09-06T20:35:00+05:30,2026-09-06 20:35:00,25.4,26.3,23.3,0,0,21.9,2,0,0,0,0,0.3,1258.5,88,0,0,28.4,71,31.6,1,2,0,1,1,22.6
2026-09-06T20:30:00+05:30,2026-09-06 20:30:00,25.4,26.3,23.3,0,0,21.9,3,0,0,0,0,0.3,1258.5,88,0,0,28.4,71,31.6,1,322,0,1,1,22.6
2026-09-06T20:25:00+05:30,2026-09-06 20:25:00,25.4,26.3,23.1,0,0,21.9,322,0,0,0,0,0.3,1258.5,87,0,0,28.4,71,31.6,1,322,0,1,1,22.6
2026-09-06T20:20:00+05:30,2026-09-06 20:20:00,25.5,26.4,23.2,0,0,21.9,322,0,0,0,0,0.3,1258.5,87,0,0,28.4,71,31.6,1,322,0,1,1,22.6
2026-09-06T20:15:00+05:30,2026-09-06 20:15:00,25.7,26.6,23.2,0,0,21.9,322,0,0,0,0,0.3,1258.5,86,0,0,28.5,71,31.8,1,322,0,1,1,22.7
2026-09-06T20:10:00+05:30,2026-09-06 20:10:00,25.9,26.8,23.4,0,0,21.9,322,0,0,0,0,0.3,1258.5,86,0,0,28.4,71,31.6,1,322,0,1,1,22.6
2026-09-06T20:05:00+05:30,2026-09-06 20:05:00,26,26.9,23.3,0,0,21.9,322,0,0,0,0,0.3,1258.5,85,0,0,28.5,71,31.8,1,322,0,1,1,22.7
2026-09-06T20:00:00+05:30,2026-09-06 20:00:00,26,26.9,23.3,0,0,21.9,322,0,0,0,0,0.3,1258.5,85,0,0,28.5,71,31.8,1,320,0,1,1,22.7
2026-09-06T19:55:00+05:30,2026-09-06 19:55:00,25.9,26.7,23,0,0,21.9,322,0,0,0,0,0.3,1258.5,84,0,0,28.5,71,31.8,1,320,0,1,1,22.7
2026-09-06T19:50:00+05:30,2026-09-06 19:50:00,26,26.8,23.1,0,1.8,21.9,312,0,0,0,0,0.3,1258.5,84,0,0,28.5,71,31.8,1,275,0,1,1,22.7
2026-09-06T19:45:00+05:30,2026-09-06 19:45:00,26.1,27,23.2,0,0,21.9,275,0,0,0,0,0.3,1258.5,84,0,0,28.5,71,31.8,1,275,0,1,1,22.7
2026-09-06T19:40:00+05:30,2026-09-06 19:40:00,26.1,26.9,23,0,0,21.9,275,0,0,0,0,0.3,1258.5,83,0,0,28.6,71,32.1,1,275,0,1,1,22.8
2026-09-06T19:35:00+05:30,2026-09-06 19:35:00,26.1,26.9,23,0,1.8,21.9,274,0,0,0,0,0.3,1258.5,83,0,0,28.6,71,32.1,1,280,0,1,1,22.8
2026-09-06T19:30:00+05:30,2026-09-06 19:30:00,26.1,26.9,23,0,0,21.9,284,0,0,0,0,0.3,1258.5,83,0,0,28.6,70,31.9,1,284,0,1,1,22.6
2026-09-06T19:25:00+05:30,2026-09-06 19:25:00,26.2,27,22.9,0.6,1.8,21.9,284,0,0,0,0,0.3,1258.5,82,0,0,28.6,70,31.9,1,272,0.6,1,1,22.6
2026-09-06T19:20:00+05:30,2026-09-06 19:20:00,26.2,27,22.9,1.4,5.5,21.9,291,0,0,0,0,0.3,1258.5,82,0,0,28.6,70,31.9,1,291,1.4,1,1,22.6
2026-09-06T19:15:00+05:30,2026-09-06 19:15:00,26.2,27,22.9,0,3.5,21.9,318,0,0,0,0,0.3,1258.5,82,0,0,28.6,70,31.9,1,287,0.3,1,1,22.6
2026-09-06T19:10:00+05:30,2026-09-06 19:10:00,26.3,27.1,23,0.3,3.5,21.9,288,0,0,0,0,0.3,1258.5,82,0,0,28.6,70,31.9,1,288,0.3,1,1,22.6
2026-09-06T19:05:00+05:30,2026-09-06 19:05:00,26.4,27.2,22.9,0,0,21.9,288,0,0,0,0,0.3,1258.5,81,0,0,28.7,70,32.1,1,283,2.1,1,1,22.7
2026-09-06T19:00:00+05:30,2026-09-06 19:00:00,26.4,27.2,23.1,1.1,7.2,21.9,284,0,0,0,0,0.3,1258.5,82,0,0,28.7,70,32.1,1,283,2.1,1,1,22.7
2026-09-06T18:55:00+05:30,2026-09-06 18:55:00,26.4,27.2,22.9,2.1,5.5,21.9,281,0,0,0,0,0.3,1258.5,81,0,0,28.8,70,32.2,1,291,1.4,1,1,22.7
2026-09-06T18:50:00+05:30,2026-09-06 18:50:00,26.5,27.3,23,1.1,1.8,21.9,287,0,0,0,0,0.3,1258.5,81,0,0,28.8,70,32.2,1,287,2.6,1,1,22.7
2026-09-06T18:45:00+05:30,2026-09-06 18:45:00,26.5,27.3,23.2,5.5,7.2,21.9,296,0,0,0,0,0.3,1258.5,82,0,0,28.8,70,32.2,1,290,4,1,1,22.7
2026-09-06T18:40:00+05:30,2026-09-06 18:40:00,26.5,27.3,23.2,4,9.3,21.9,285,0,0,0,0,0.3,1258.5,82,0,0,28.9,70,32.5,1,286,3.5,1,1,22.8
2026-09-06T18:35:00+05:30,2026-09-06 18:35:00,26.6,27.5,23.3,0.3,5.5,21.9,294,0,0,0,0,0.3,1258.5,82,0,0,28.9,70,32.5,1,273,2.1,1,1,22.8
2026-09-06T18:30:00+05:30,2026-09-06 18:30:00,26.7,29.3,23.4,4.7,5.5,21.9,231,0,0,0,0,0.3,1258.5,82,0,0,28.9,70,32.5,1,288,2.1,1,1,22.8
2026-09-06T18:25:00+05:30,2026-09-06 18:25:00,26.7,29.3,23.4,0.3,3.5,21.9,209,0,0,0,0,0.3,1258.5,82,0,0,28.9,70,32.5,1,288,1.1,1,1,22.8
2026-09-06T18:20:00+05:30,2026-09-06 18:20:00,26.9,29.7,23.5,3.2,5.5,21.9,309,0,0,0,0,0.3,1258.5,82,0,0.1,29,70,32.7,1,289,2.6,1,1,22.9
2026-09-06T18:15:00+05:30,2026-09-06 18:15:00,27,29.8,23.5,4.7,9.3,21.9,283,0,0,0,0,0.3,1258.5,81,0,0.7,29,70,32.7,1,301,2.1,1,1,22.9
2026-09-06T18:10:00+05:30,2026-09-06 18:10:00,27.1,30,23.4,2.6,5.5,21.9,301,0,0,0,0,0.3,1258.5,80,0,2.2,29,69,32.6,1,281,2.6,1,1,22.7
2026-09-06T18:05:00+05:30,2026-09-06 18:05:00,27.3,30.4,23.5,4,9.3,21.9,321,0,0,0,0,0.3,1258.5,80,0,3.4,29.1,69,32.8,1,292,3.5,1,1,22.8
2026-09-06T18:00:00+05:30,2026-09-06 18:00:00,27.3,30.1,23.1,7.2,9.3,21.9,278,0,0,0,0,0.3,1258.5,78,0,1.9,29.1,69,32.8,1,285,4.3,1,1,22.8
2026-09-06T17:55:00+05:30,2026-09-06 17:55:00,27.3,30.1,23.1,3.5,5.5,21.9,302,0,0,0,0,0.3,1258.5,78,0,1.7,29.2,69,33,1,298,2.9,1,1,22.9
2026-09-06T17:50:00+05:30,2026-09-06 17:50:00,27.4,30.4,23.2,2.9,9.3,21.9,292,0,0,0,0,0.3,1258.5,78,0,2,29.2,69,33,1,286,4.7,1,1,22.9
2026-09-06T17:45:00+05:30,2026-09-06 17:45:00,27.5,30.6,23.3,4.7,9.3,21.9,215,0,0,0,0,0.3,1258.5,78,0,2.5,29.2,69,33,1,286,6.1,1,1,22.9
2026-09-06T17:40:00+05:30,2026-09-06 17:40:00,27.7,31.1,23.5,6.1,9.3,21.9,301,0,0,0,0,0.3,1258.5,78,0,3.1,29.3,69,33.2,1,294,2.9,1,1,23
2026-09-06T17:35:00+05:30,2026-09-06 17:35:00,27.9,31.4,23.5,5.5,7.2,21.9,286,0,0,0,0,0.3,1258.5,77,0,3.9,29.3,69,33.2,1,286,1.4,1,1,23
2026-09-06T17:30:00+05:30,2026-09-06 17:30:00,27.8,31.1,23.4,1.4,7.2,21.9,292,0,0,0,0,0.3,1258.5,77,0,4.6,29.4,69,33.4,1,287,1.1,1,1,23.1
2026-09-06T17:25:00+05:30,2026-09-06 17:25:00,27.9,31.4,23.5,0,0,21.9,227,0,0,0,0,0.3,1258.5,77,0,5.3,29.4,69,33.4,1,288,2.6,1,1,23.1
2026-09-06T17:20:00+05:30,2026-09-06 17:20:00,27.8,31.1,23.4,5,5.5,21.9,285,0,0,0,0,0.3,1258.5,77,0,6,29.5,68,33.4,1,288,4,1,1,22.9
2026-09-06T17:15:00+05:30,2026-09-06 17:15:00,28,31.5,23.4,2.6,7.2,21.9,281,0,0,0,0,0.3,1258.5,76,0,8.2,29.5,68,33.4,1,279,4.3,1,1,22.9
2026-09-06T17:10:00+05:30,2026-09-06 17:10:00,28,31.4,23.1,4.3,7.2,21.9,274,0,0,0,0,0.3,1258.5,75,0,9,29.6,68,33.7,1,238,4.3,1,1,23.1
2026-09-06T17:05:00+05:30,2026-09-06 17:05:00,28.2,31.9,23.4,6.4,13,21.9,197,0,0,0,0,0.3,1258.5,75,0,12.4,29.7,68,33.9,1,311,3.5,1,1,23.2
2026-09-06T17:00:00+05:30,2026-09-06 17:00:00,28.4,32.1,23.3,1.4,11.1,21.9,255,0,0,0,0,0.3,1258.5,74,0,15.5,29.8,68,34.1,1,308,3.2,1,1,23.2
2026-09-06T16:55:00+05:30,2026-09-06 16:55:00,28.6,32.6,23.5,1.4,14.8,21.9,352,0,0,0,0,0.3,1258.5,74,0,21.4,29.8,68,34.1,1,290,4.7,1,1,23.2
2026-09-06T16:50:00+05:30,2026-09-06 16:50:00,28.6,32.6,23.5,4.7,14.8,21.9,263,0,0,0,0,0.3,1258.5,74,0,29.3,29.9,68,34.3,1,273,4.7,1,1,23.3
2026-09-06T16:45:00+05:30,2026-09-06 16:45:00,28.9,33.2,23.8,1.4,3.5,21.9,246,0,0,0,0,0.3,1258.5,74,0,27.3,30,68,34.6,1,282,4.3,1,1,23.4
2026-09-06T16:40:00+05:30,2026-09-06 16:40:00,29.1,33.8,24,0.3,13,21.9,12,0,0,0,0,0.3,1258.5,74,0,39.6,30,68,34.6,1,282,4,1,1,23.4
2026-09-06T16:35:00+05:30,2026-09-06 16:35:00,29.3,34,23.9,5.5,9.3,21.9,175,0,0,0,0,0.3,1258.5,73,0,67.7,30,68,34.6,1,279,4,1,1,23.4
2026-09-06T16:30:00+05:30,2026-09-06 16:30:00,29.5,34.3,23.9,11.1,14.8,21.9,293,0,0,0,0,0.3,1258.5,72,1,109,30.1,68,34.8,1,273,5.5,1,1,23.6
2026-09-06T16:25:00+05:30,2026-09-06 16:25:00,30,35.3,24.2,3.5,11.1,21.9,323,0,0,0,0,0.3,1258.5,71,1,155.3,30.1,68,34.8,1,296,4.7,1,1,23.6
2026-09-06T16:20:00+05:30,2026-09-06 16:20:00,30.3,35.7,24.2,0,7.2,21.9,299,0,0,0,0,0.3,1258.5,70,2,282.7,30.1,68,34.8,1,344,2.9,1,1,23.6
2026-09-06T16:15:00+05:30,2026-09-06 16:15:00,29.6,34.3,23.8,0.6,3.5,21.9,307,0,0,0,0,0.3,1258.5,71,2,292.2,30.1,68,34.8,1,305,4,1,1,23.6
2026-09-06T16:10:00+05:30,2026-09-06 16:10:00,29.5,34.3,23.9,7.9,13,21.9,274,0,0,0,0,0.3,1258.5,72,1,170.7,30,68,34.6,1,280,4.7,1,1,23.4
2026-09-06T16:05:00+05:30,2026-09-06 16:05:00,29.5,34.5,24.1,0,14.8,21.9,297,0,0,0,0,0.3,1258.5,73,1,133.3,30.1,68,34.8,1,271,5,1,1,23.6
2026-09-06T16:00:00+05:30,2026-09-06 16:00:00,29.4,34.2,24,5.5,13,21.9,245,0,0,0,0,0.3,1258.5,73,2,283.3,30.1,68,34.8,1,280,5.5,1,1,23.6
2026-09-06T15:55:00+05:30,2026-09-06 15:55:00,29.5,34.5,24.1,7.2,11.1,21.9,304,0,0,0,0,0.3,1258.5,73,1,111.6,30.2,67,34.8,1,280,5.8,1,1,23.4
2026-09-06T15:50:00+05:30,2026-09-06 15:50:00,29.7,34.8,24.1,7.2,11.1,21.9,225,0,0,0,0,0.3,1258.5,72,1,140.7,30.2,67,34.8,1,331,4.7,1,1,23.4
2026-09-06T15:45:00+05:30,2026-09-06 15:45:00,29.6,34.3,23.8,0.3,9.3,21.9,340,0,0,0,0,0.3,1258.5,71,1,107.9,30.3,67,34.9,1,281,6.9,1,1,23.4
2026-09-06T15:40:00+05:30,2026-09-06 15:40:00,29.5,34.1,23.7,4.3,14.8,21.9,281,0,0,0,0,0.3,1258.5,71,1,120.7,30.3,67,34.9,1,281,7.2,1,1,23.4
2026-09-06T15:35:00+05:30,2026-09-06 15:35:00,30.5,36,24.2,4.3,13,21.9,311,0,0,0,0,0.3,1258.5,69,1,135,30.3,67,34.9,1,278,6.4,1,1,23.4
2026-09-06T15:30:00+05:30,2026-09-06 15:30:00,30.9,36.4,24,2.6,11.1,21.9,346,0,0,0,0,0.3,1258.5,67,3,386.9,30.3,67,34.9,1,328,5.8,1,1,23.4
2026-09-06T15:25:00+05:30,2026-09-06 15:25:00,30.6,36,24,4.7,14.8,21.9,286,0,0,0,0,0.3,1258.5,68,4,422.6,30.3,67,34.9,1,282,6.4,1,1,23.4
2026-09-06T15:20:00+05:30,2026-09-06 15:20:00,29.4,33.6,23.3,9.3,11.1,21.9,300,0,0,0,0,0.3,1258.5,70,4,473.2,30.3,67,34.9,1,298,8.7,1,1,23.4
2026-09-06T15:15:00+05:30,2026-09-06 15:15:00,30,35,23.9,11.9,18.3,21.9,298,0,0,0,0,0.3,1258.5,70,1,139.1,30.4,67,35.2,1,298,5.5,1,1,23.6
2026-09-06T15:10:00+05:30,2026-09-06 15:10:00,30.7,36,23.9,4.3,9.3,21.9,274,0,0,0,0,0.3,1258.5,67,0,93.4,30.3,67,34.9,1,274,3.5,1,1,23.4
2026-09-06T15:05:00+05:30,2026-09-06 15:05:00,31.1,36.7,24,3.5,5.5,21.9,254,0,0,0,0,0.3,1258.5,66,4,430.3,30.4,67,35.2,1,244,4,1,1,23.6
2026-09-06T15:00:00+05:30,2026-09-06 15:00:00,30.8,36.2,23.9,5.5,16.6,21.9,260,0,0,0,0,0.3,1258.5,67,4,471.6,30.3,67,34.9,1,272,5.5,1,1,23.4
2026-09-06T14:55:00+05:30,2026-09-06 14:55:00,31,37.3,24.6,7.6,16.6,21.9,310,0,0,0,0,0.3,1258.5,69,4,489.9,30.3,67,34.9,1,278,5.5,1,1,23.4
2026-09-06T14:50:00+05:30,2026-09-06 14:50:00,31.5,38.3,24.9,5.5,14.8,21.9,229,0,0,0,0,0.3,1258.5,68,4,500.9,30.3,66,34.7,1,278,5.8,1,1,23.2
2026-09-06T14:45:00+05:30,2026-09-06 14:45:00,31.2,37.3,24.3,7.6,11.1,21.9,263,0,0,0,0,0.3,1258.5,67,4,503.8,30.2,66,34.6,1,277,6.4,1,1,23.2
2026-09-06T14:40:00+05:30,2026-09-06 14:40:00,30.5,35.2,23.4,4,11.1,21.9,241,0,0,0,0,0.3,1258.5,66,5,576.4,30.2,66,34.6,1,277,4,1,1,23.2
2026-09-06T14:35:00+05:30,2026-09-06 14:35:00,31.7,37.9,24.3,8.2,13,21.9,273,0,0,0,0,0.3,1258.5,65,1,124.3,30.2,66,34.6,1,286,4.7,1,1,23.2
2026-09-06T14:30:00+05:30,2026-09-06 14:30:00,30.8,35.4,23.2,2.6,9.3,21.9,261,0,0,0,0,0.3,1258.5,64,6,629.9,30.2,66,34.6,1,286,6.4,1,1,23.2
2026-09-06T14:25:00+05:30,2026-09-06 14:25:00,31.8,36.3,22.8,12.2,16.6,21.9,278,0,0,0,0,0.3,1258.5,59,1,124.8,30.2,66,34.6,1,259,4.3,1,1,23.2
2026-09-06T14:20:00+05:30,2026-09-06 14:20:00,32.2,37.6,23.5,2.6,7.2,21.9,222,0,0,0,0,0.3,1258.5,60,5,608.5,30.2,66,34.6,1,275,3.5,1,1,23.2
2026-09-06T14:15:00+05:30,2026-09-06 14:15:00,31.8,36.3,22.8,5.5,18.3,21.9,274,0,0,0,0,0.3,1258.5,59,5,599,30.1,66,34.3,1,293,4,1,1,23.1
2026-09-06T14:10:00+05:30,2026-09-06 14:10:00,31.7,36.1,22.7,6.1,16.6,21.9,338,0,0,0,0,0.3,1258.5,59,5,609.3,30.1,66,34.3,1,310,6.1,1,1,23.1
2026-09-06T14:05:00+05:30,2026-09-06 14:05:00,31.2,35.6,22.8,7.9,9.3,21.9,233,0,0,0,0,0.3,1258.5,61,6,618.4,30.1,66,34.3,1,284,7.9,1,1,23.1
2026-09-06T14:00:00+05:30,2026-09-06 14:00:00,31.1,35.3,22.7,11.1,16.6,21.9,331,0,0,0,0,0.3,1258.5,61,6,641.4,30.1,67,34.6,1,279,6.4,1,1,23.3
2026-09-06T13:55:00+05:30,2026-09-06 13:55:00,31,34.4,21.7,7.2,16.6,21.9,276,0,0,0,0,0.3,1258.5,58,6,666.9,30.1,67,34.6,1,282,6.1,1,1,23.3
2026-09-06T13:50:00+05:30,2026-09-06 13:50:00,30.4,33.8,22,6.4,13,21.9,299,0,0,0,0,0.3,1258.5,61,5,586.9,30.1,67,34.6,1,292,6.4,1,1,23.3
2026-09-06T13:45:00+05:30,2026-09-06 13:45:00,30.4,33.8,22,6.9,14.8,21.9,273,0,0,0,0,0.3,1258.5,61,2,264.7,30.2,67,34.8,1,273,6.9,1,1,23.4
2026-09-06T13:40:00+05:30,2026-09-06 13:40:00,30.3,33.8,22.2,6.4,14.8,21.9,271,0,0,0,0,0.3,1258.5,62,2,279.3,30.2,68,35.1,1,264,6.1,1,1,23.7
2026-09-06T13:35:00+05:30,2026-09-06 13:35:00,31.1,36.4,23.7,5.8,13,21.9,258,0,0,0,0,0.3,1258.5,65,2,301.1,30.2,68,35.1,1,311,6.1,1,1,23.7
2026-09-06T13:30:00+05:30,2026-09-06 13:30:00,30.9,35.9,23.5,8.7,16.6,21.9,199,0,0,0,0,0.3,1258.5,65,3,357.1,30.2,68,35.1,1,294,6.4,1,1,23.7
2026-09-06T13:25:00+05:30,2026-09-06 13:25:00,31.1,36.4,23.7,9.3,18.3,21.9,243,0,0,0,0,0.3,1258.5,65,7,787.5,30.2,68,35.1,1,285,4.3,1,1,23.7
2026-09-06T13:20:00+05:30,2026-09-06 13:20:00,31.6,37.1,23.7,9,14.8,21.9,354,0,0,0,0,0.3,1258.5,63,7,769.9,30.1,68,34.8,1,304,4.3,1,1,23.6
2026-09-06T13:15:00+05:30,2026-09-06 13:15:00,31.5,37.1,23.8,2.1,5.5,21.9,270,0,0,0,0,0.3,1258.5,64,8,821.5,30.1,68,34.8,1,299,4.7,1,1,23.6
2026-09-06T13:10:00+05:30,2026-09-06 13:10:00,31.2,36.4,23.6,11.1,21.9,21.9,291,0,0,0,0,0.3,1258.5,64,7,742.2,30.1,68,34.8,1,291,4.7,1,1,23.6
2026-09-06T13:05:00+05:30,2026-09-06 13:05:00,31.6,37.4,24,4,5.5,20.1,228,0,0,0,0,0.3,1258.5,64,7,739.8,30,68,34.6,1,295,4.7,1,1,23.4
2026-09-06T13:00:00+05:30,2026-09-06 13:00:00,30.3,35.2,23.7,4,7.2,20.1,269,0,0,0,0,0.3,1258.5,68,7,763.8,30,68,34.6,1,285,5.5,1,1,23.4
2026-09-06T12:55:00+05:30,2026-09-06 12:55:00,30.8,36.2,23.9,2.9,13,20.1,252,0,0,0,0,0.3,1258.5,67,6,680.5,30,68,34.6,1,261,4.7,1,1,23.4
2026-09-06T12:50:00+05:30,2026-09-06 12:50:00,30.6,35.5,23.5,3.2,9.3,20.1,261,0,0,0,0,0.3,1258.5,66,2,207.8,29.9,68,34.3,1,270,4.7,1,1,23.3
2026-09-06T12:45:00+05:30,2026-09-06 12:45:00,31.7,37.9,24.3,5.5,16.6,20.1,273,0,0,0,0,0.3,1258.5,65,1,194.9,29.9,68,34.3,1,280,4.7,1,1,23.3
2026-09-06T12:40:00+05:30,2026-09-06 12:40:00,31.3,36.5,23.6,0.3,20.1,20.1,199,0,0,0,0,0.3,1258.5,64,8,850.6,29.9,68,34.3,1,287,5,1,1,23.3
2026-09-06T12:35:00+05:30,2026-09-06 12:35:00,30.5,35,23.2,1.8,13,20.1,349,0,0,0,0,0.3,1258.5,65,8,850.4,29.8,68,34.1,1,288,6.4,1,1,23.2
2026-09-06T12:30:00+05:30,2026-09-06 12:30:00,30.7,35.2,23.1,2.1,20.1,20.1,286,0,0,0,0,0.3,1258.5,64,2,216.6,29.8,68,34.1,1,273,5,1,1,23.2
2026-09-06T12:25:00+05:30,2026-09-06 12:25:00,31.6,37.1,23.7,7.6,11.1,20.1,254,0,0,0,0,0.3,1258.5,63,8,842.6,29.7,68,33.9,1,292,5,1,1,23.2
2026-09-06T12:20:00+05:30,2026-09-06 12:20:00,30.6,35.5,23.5,4.7,11.1,20.1,335,0,0,0,0,0.3,1258.5,66,7,810.8,29.7,69,34.2,1,290,5.5,1,1,23.4
2026-09-06T12:15:00+05:30,2026-09-06 12:15:00,31.5,36.8,23.6,9.3,13,20.1,324,0,0,0,0,0.3,1258.5,63,8,873.7,29.6,69,33.9,1,283,4.7,1,1,23.3
2026-09-06T12:10:00+05:30,2026-09-06 12:10:00,30.8,35.4,23.2,0.3,5.5,20.1,305,0,0,0,0,0.3,1258.5,64,8,864.6,29.6,69,33.9,1,281,4.7,1,1,23.3
2026-09-06T12:05:00+05:30,2026-09-06 12:05:00,30.8,35.6,23.4,1.4,13,20.1,326,0,0,0,0,0.3,1258.5,65,8,884.4,29.5,69,33.7,1,297,6.1,1,1,23.2
2026-09-06T12:00:00+05:30,2026-09-06 12:00:00,30.8,35.6,23.4,6.1,13,20.1,308,0,0,0,0,0.3,1258.5,65,8,875.8,29.4,69,33.4,1,303,3.5,1,1,23.1
2026-09-06T11:55:00+05:30,2026-09-06 11:55:00,31.5,37.1,23.8,1.4,7.2,20.1,228,0,0,0,0,0.3,1258.5,64,8,897.7,29.4,69,33.4,1,306,3.2,1,1,23.1
2026-09-06T11:50:00+05:30,2026-09-06 11:50:00,31.6,36.8,23.4,4.7,7.2,20.1,225,0,0,0,0,0.3,1258.5,62,8,870.5,29.3,69,33.2,1,310,3.2,1,1,23
2026-09-06T11:45:00+05:30,2026-09-06 11:45:00,30.9,35.6,23.3,5,14.8,20.1,344,0,0,0,0,0.3,1258.5,64,7,796.5,29.3,70,33.3,1,344,5,1,1,23.2
2026-09-06T11:40:00+05:30,2026-09-06 11:40:00,30.1,34.1,22.8,0,7.2,20.1,344,0,0,0,0,0.3,1258.5,65,1,137.9,29.2,70,33.2,1,283,6.9,1,1,23.2
2026-09-06T11:35:00+05:30,2026-09-06 11:35:00,30.3,35,23.5,3.5,13,20.1,294,0,0,0,0,0.3,1258.5,67,8,822.5,29.1,70,32.9,1,284,5,1,1,23.1
2026-09-06T11:30:00+05:30,2026-09-06 11:30:00,30.5,34.7,22.9,7.9,11.1,20.1,276,0,0,0,0,0.3,1258.5,64,8,822.5,29.1,70,32.9,1,290,5,1,1,23.1
2026-09-06T11:25:00+05:30,2026-09-06 11:25:00,30.4,34.5,22.8,5.5,11.1,20.1,301,0,0,0,0,0.3,1258.5,64,8,854.1,29,70,32.7,1,283,6.9,1,1,22.9
2026-09-06T11:20:00+05:30,2026-09-06 11:20:00,30.1,34.6,23.3,2.9,3.5,20.1,103,0,0,0,0,0.3,1258.5,67,8,822.5,28.9,70,32.5,1,283,5.8,1,1,22.8
2026-09-06T11:15:00+05:30,2026-09-06 11:15:00,30,33.9,22.7,12.2,14.8,20.1,264,0,0,0,0,0.3,1258.5,65,7,806.7,28.8,71,32.4,1,287,5.5,1,1,23
2026-09-06T11:10:00+05:30,2026-09-06 11:10:00,30.3,35,23.5,9.3,20.1,20.1,296,0,0,0,0,0.3,1258.5,67,7,802,28.8,71,32.4,1,260,6.4,1,1,23
2026-09-06T11:05:00+05:30,2026-09-06 11:05:00,30.1,34.6,23.3,4.3,13,18.3,90,0,0,0,0,0.3,1258.5,67,7,813.3,28.7,71,32.3,1,277,5.5,1,1,22.9
2026-09-06T11:00:00+05:30,2026-09-06 11:00:00,29.7,33.9,23.2,7.6,16.6,18.3,300,0,0,0,0,0.3,1258.5,68,7,800.1,28.6,71,32.1,1,310,5.5,1,1,22.8
2026-09-06T10:55:00+05:30,2026-09-06 10:55:00,29.2,33,22.9,12.2,18.3,18.3,349,0,0,0,0,0.3,1258.5,69,7,785.9,28.5,71,31.8,1,281,5.5,1,1,22.7
2026-09-06T10:50:00+05:30,2026-09-06 10:50:00,29.5,33.6,23.2,6.1,14.8,16.6,295,0,0,0,0,0.3,1258.5,69,8,839.1,28.5,71,31.8,1,285,5.8,1,1,22.7
2026-09-06T10:45:00+05:30,2026-09-06 10:45:00,29.1,32.8,22.8,3.2,9.3,16.6,309,0,0,0,0,0.3,1258.5,69,7,797.9,28.4,71,31.6,1,286,6.1,1,1,22.6
2026-09-06T10:40:00+05:30,2026-09-06 10:40:00,29.2,33.2,23.2,6.9,14.8,16.6,303,0,0,0,0,0.3,1258.5,70,7,741.4,28.3,72,31.5,1,292,3.5,1,1,22.7
2026-09-06T10:35:00+05:30,2026-09-06 10:35:00,30.3,35.5,23.9,2.1,9.3,16.6,249,0,0,0,0,0.3,1258.5,69,2,209.9,28.3,72,31.5,1,288,4,1,1,22.7
2026-09-06T10:30:00+05:30,2026-09-06 10:30:00,29.3,33.3,23.2,4.7,11.1,16.6,287,0,0,0,0,0.3,1258.5,70,7,803.7,28.2,72,31.4,1,287,4.7,1,1,22.7
2026-09-06T10:25:00+05:30,2026-09-06 10:25:00,28.9,32.5,22.9,4.3,9.3,16.6,280,0,0,0,0,0.3,1258.5,70,8,857,28.1,72,31.2,1,286,4.3,1,1,22.6
2026-09-06T10:20:00+05:30,2026-09-06 10:20:00,28.9,32.5,22.9,1.8,5.5,16.6,288,0,0,0,0,0.3,1258.5,70,1,165.7,28.1,72,31.2,1,277,4,1,1,22.6
2026-09-06T10:15:00+05:30,2026-09-06 10:15:00,28.8,32.2,22.7,5.5,9.3,16.6,283,0,0,0,0,0.3,1258.5,70,1,195.9,28.1,72,31.2,1,277,4.3,1,1,22.6
2026-09-06T10:10:00+05:30,2026-09-06 10:10:00,28.9,32.7,23.1,1.8,11.1,16.6,283,0,0,0,0,0.3,1258.5,71,1,182.8,28,72,30.9,1,286,3.5,1,1,22.4
2026-09-06T10:05:00+05:30,2026-09-06 10:05:00,29.5,33.9,23.4,3.5,9.3,16.6,272,0,0,0,0,0.3,1258.5,70,1,171.3,28,72,30.9,1,280,2.9,1,1,22.4
2026-09-06T10:00:00+05:30,2026-09-06 10:00:00,30.1,35.1,23.8,1.4,5.5,16.6,8,0,0,0,0,0.3,1258.5,69,4,448.3,27.9,72,30.7,1,299,1.8,1,1,22.4
2026-09-06T09:55:00+05:30,2026-09-06 09:55:00,29.5,33.6,23.2,1.4,3.5,16.6,316,0,0,0,0,0.3,1258.5,69,7,733,27.9,72,30.7,1,291,5,1,1,22.4
2026-09-06T09:50:00+05:30,2026-09-06 09:50:00,28.8,32.2,22.7,7.6,16.6,16.6,309,0,0,0,0,0.3,1258.5,70,2,268.2,27.8,73,30.6,1,277,5.8,1,1,22.5
2026-09-06T09:45:00+05:30,2026-09-06 09:45:00,28.7,32.3,22.9,4.7,9.3,14.8,322,0,0,0,0,0.3,1258.5,71,5,535.1,27.8,73,30.6,1,283,4,1,1,22.5
2026-09-06T09:40:00+05:30,2026-09-06 09:40:00,29,32.5,22.7,7.2,9.3,14.8,286,0,0,0,0,0.3,1258.5,69,5,577.7,27.7,73,30.5,1,277,2.6,1,1,22.4
2026-09-06T09:35:00+05:30,2026-09-06 09:35:00,29,32.7,23,7.6,13,14.8,275,0,0,0,0,0.3,1258.5,70,5,586.9,27.7,73,30.5,1,250,2.6,1,1,22.4
2026-09-06T09:30:00+05:30,2026-09-06 09:30:00,28.8,32.2,22.7,1.1,14.8,14.8,8,0,0,0,0,0.3,1258.5,70,4,468.4,27.6,73,30.3,1,288,2.1,1,1,22.3
2026-09-06T09:25:00+05:30,2026-09-06 09:25:00,29.3,33.3,23.2,0,7.2,11.1,300,0,0,0,0,0.3,1258.5,70,1,182.7,27.6,73,30.3,1,300,1.8,1,1,22.3
2026-09-06T09:20:00+05:30,2026-09-06 09:20:00,29.6,34.1,23.5,1.8,7.2,9.3,266,0,0,0,0,0.3,1258.5,70,2,266.1,27.5,74,30.2,1,279,1.8,1,1,22.4
2026-09-06T09:15:00+05:30,2026-09-06 09:15:00,29.6,33.9,23.3,3.5,3.5,9.3,279,0,0,0,0,0.3,1258.5,69,5,545.6,27.5,74,30.2,1,279,1.4,1,1,22.4
2026-09-06T09:10:00+05:30,2026-09-06 09:10:00,29.2,33.4,23.4,3.5,5.5,9.3,242,0,0,0,0,0.3,1258.5,71,5,596.4,27.4,74,29.9,1,305,0.3,1,1,22.3
2026-09-06T09:05:00+05:30,2026-09-06 09:05:00,28.7,32.7,23.4,3.5,5.5,9.3,305,0,0,0,0,0.3,1258.5,73,5,565.3,27.4,74,29.9,1,352,0.3,1,1,22.3
2026-09-06T09:00:00+05:30,2026-09-06 09:00:00,28.9,32.9,23.3,0,1.8,9.3,143,0,0,0,0,0.3,1258.5,72,4,485.6,27.3,74,29.7,1,272,0.3,1,1,22.2
2026-09-06T08:55:00+05:30,2026-09-06 08:55:00,28.3,32,23.4,3.5,3.5,9.3,264,0,0,0,0,0.3,1258.5,75,3,370.1,27.3,74,29.7,1,264,1.1,1,1,22.2
2026-09-06T08:50:00+05:30,2026-09-06 08:50:00,27.6,30.8,23.2,0,0,9.3,311,0,0,0,0,0.3,1258.5,77,4,427.1,27.3,74,29.7,1,311,0,1,1,22.2
2026-09-06T08:45:00+05:30,2026-09-06 08:45:00,28.1,31.6,23.3,0,0,5.5,297,0,0,0,0,0.3,1258.5,75,4,413.5,27.2,74,29.6,1,286,0,1,1,22.2
2026-09-06T08:40:00+05:30,2026-09-06 08:40:00,27.7,30.9,23.1,0.3,1.8,5.5,323,0,0,0,0,0.3,1258.5,76,3,385.5,27.2,74,29.6,1,299,0.3,1,1,22.2
2026-09-06T08:35:00+05:30,2026-09-06 08:35:00,27.8,31,23.1,2.1,5.5,5.5,287,0,0,0,0,0.3,1258.5,76,3,358.5,27.1,74,29.4,1,284,0,1,1,22.1
2026-09-06T08:30:00+05:30,2026-09-06 08:30:00,27.3,30,22.9,0,1.8,5.5,275,0,0,0,0,0.3,1258.5,77,3,351.3,27.1,75,29.5,1,244,0.6,1,1,22.3
2026-09-06T08:25:00+05:30,2026-09-06 08:25:00,27.3,30.1,23.1,1.1,3.5,5.5,302,0,0,0,0,0.3,1258.5,78,3,335.3,27.1,75,29.5,1,235,0.6,1,1,22.3
2026-09-06T08:20:00+05:30,2026-09-06 08:20:00,27.3,30,22.9,0,1.8,5.5,236,0,0,0,0,0.3,1258.5,77,3,313.2,27,75,29.3,1,35,0,1,1,22.2
2026-09-06T08:15:00+05:30,2026-09-06 08:15:00,27.3,30,22.9,0,0,3.5,35,0,0,0,0,0.3,1258.5,77,2,307.2,27,75,29.3,1,35,0,1,1,22.2
2026-09-06T08:10:00+05:30,2026-09-06 08:10:00,26.5,27.3,22.8,0,3.5,3.5,353,0,0,0,0,0.3,1258.5,80,2,292.8,27,75,29.3,1,358,0,1,1,22.2
2026-09-06T08:05:00+05:30,2026-09-06 08:05:00,25.7,26.5,22.4,0,0,3.5,4,0,0,0,0,0.3,1258.5,82,2,282.6,27,75,29.3,1,6,0,1,1,22.2
2026-09-06T08:00:00+05:30,2026-09-06 08:00:00,25.4,26.2,22.5,0,0,3.5,2,0,0,0,0,0.3,1258.5,84,0,71.1,26.9,75,29.1,1,2,0,1,1,22.1
2026-09-06T07:55:00+05:30,2026-09-06 07:55:00,25.3,26.1,22.6,0.6,1.8,3.5,20,0,0,0,0,0.3,1258.5,85,0,59.8,26.9,75,29.1,1,355,0,1,1,22.1
2026-09-06T07:50:00+05:30,2026-09-06 07:50:00,25.2,26,22.5,0,3.5,3.5,357,0,0,0,0,0.3,1258.5,85,0,58.4,26.9,75,29.1,1,355,0,1,1,22.1
2026-09-06T07:45:00+05:30,2026-09-06 07:45:00,25.2,26.1,22.9,0,0,3.5,347,0,0,0,0,0.3,1258.5,87,0,59.6,26.9,75,29.1,1,347,0,1,1,22.1
2026-09-06T07:40:00+05:30,2026-09-06 07:40:00,24.6,25.5,22.7,0,0,3.5,347,0,0,0,0,0.3,1258.5,89,0,60.3,26.8,75,28.8,1,347,0,1,1,21.9
2026-09-06T07:35:00+05:30,2026-09-06 07:35:00,24.5,25.4,22.7,0,0,3.5,347,0,0,0,0,0.3,1258.5,90,0,57.4,26.9,75,29.1,1,347,0,1,1,22.1
2026-09-06T07:30:00+05:30,2026-09-06 07:30:00,24.2,25.1,22.5,0,0,3.5,347,0,0,0,0,0.3,1258.5,90,0,49.2,26.8,75,28.8,1,347,0,1,1,21.9
2026-09-06T07:25:00+05:30,2026-09-06 07:25:00,23.9,24.7,22.3,0,0,3.5,347,0,0,0,0,0.3,1258.5,91,0,44.4,26.8,75,28.8,1,347,0,1,1,21.9
2026-09-06T07:20:00+05:30,2026-09-06 07:20:00,23.8,24.6,22.2,0,0,3.5,350,0,0,0,0,0.3,1258.5,91,0,42.2,26.8,75,28.8,1,359,0,1,1,21.9
2026-09-06T07:15:00+05:30,2026-09-06 07:15:00,23.6,24.4,22.2,0,0,3.5,358,0,0,0,0,0.3,1258.5,92,0,59.6,26.8,75,28.8,1,359,0,1,1,21.9
2026-09-06T07:10:00+05:30,2026-09-06 07:10:00,23,23.8,22,0,0,3.5,357,0,0,0,0,0.3,1258.5,94,0,75.6,26.8,75,28.8,1,349,0,1,1,21.9
2026-09-06T07:05:00+05:30,2026-09-06 07:05:00,22.8,23.6,22.1,0,0,3.5,342,0,0,0,0,0.3,1258.5,96,0,46.2,26.8,75,28.8,1,344,0,1,1,21.9
2026-09-06T07:00:00+05:30,2026-09-06 07:00:00,22.6,23.4,21.9,0,0,3.5,3,0,0,0,0,0.3,1258.5,96,0,44.3,26.8,75,28.8,1,336,0,1,1,21.9
2026-09-06T06:55:00+05:30,2026-09-06 06:55:00,22.5,23.3,22,0,0,3.5,335,0,0,0,0,0.3,1258.5,97,0,35.8,26.8,75,28.8,1,335,0,1,1,21.9
2026-09-06T06:50:00+05:30,2026-09-06 06:50:00,22.4,23.2,21.9,0,0,3.5,337,0,0,0,0,0.3,1258.5,97,0,28.8,26.8,75,28.8,1,337,0,1,1,21.9
2026-09-06T06:45:00+05:30,2026-09-06 06:45:00,22.4,23.2,21.9,0,0,3.5,337,0,0,0,0,0.3,1258.5,97,0,26.4,26.8,75,28.8,1,337,0,1,1,21.9
2026-09-06T06:40:00+05:30,2026-09-06 06:40:00,22.3,23.1,21.8,0,0,3.5,337,0,0,0,0,0.3,1258.5,97,0,25,26.8,75,28.8,1,337,0,1,1,21.9
2026-09-06T06:35:00+05:30,2026-09-06 06:35:00,22.2,23,21.7,0,0,3.5,337,0,0,0,0,0.3,1258.5,97,0,22.4,26.9,75,29.1,1,344,0,1,1,22.1
2026-09-06T06:30:00+05:30,2026-09-06 06:30:00,22.1,22.9,21.8,0,0,3.5,337,0,0,0,0,0.3,1258.5,98,0,19.5,26.8,75,28.8,1,339,0,1,1,21.9
2026-09-06T06:25:00+05:30,2026-09-06 06:25:00,22.1,22.9,21.8,0,0,3.5,346,0,0,0,0,0.3,1258.5,98,0,17,26.9,75,29.1,1,342,0,1,1,22.1
2026-09-06T06:20:00+05:30,2026-09-06 06:20:00,22,22.8,21.7,0,0,3.5,356,0,0,0,0,0.3,1258.5,98,0,13.8,26.9,75,29.1,1,339,0,1,1,22.1
2026-09-06T06:15:00+05:30,2026-09-06 06:15:00,22,22.8,21.7,0,0,3.5,331,0,0,0,0,0.3,1258.5,98,0,10.6,26.9,75,29.1,1,331,0,1,1,22.1
2026-09-06T06:10:00+05:30,2026-09-06 06:10:00,22,22.8,21.7,0,0,3.5,325,0,0,0,0,0.3,1258.5,98,0,7.2,26.9,75,29.1,1,344,0,1,1,22.1
2026-09-06T06:05:00+05:30,2026-09-06 06:05:00,22,22.8,21.7,0,0,3.5,347,0,0,0,0,0.3,1258.5,98,0,3.8,26.9,75,29.1,1,348,0,1,1,22.1
2026-09-06T06:00:00+05:30,2026-09-06 06:00:00,22.1,22.9,21.8,1.4,1.8,3.5,29,0,0,0,0,0.3,1258.5,98,0,1.6,26.9,75,29.1,1,332,0,1,1,22.1
2026-09-06T05:55:00+05:30,2026-09-06 05:55:00,22.1,22.9,21.8,0,0,3.5,348,0,0,0,0,0.3,1258.5,98,0,0.7,26.9,75,29.1,1,2,0,1,1,22.1
2026-09-06T05:50:00+05:30,2026-09-06 05:50:00,22.1,22.9,21.8,0,0,3.5,3,0,0,0,0,0.3,1258.5,98,0,0.3,26.9,75,29.1,1,3,0,1,1,22.1
2026-09-06T05:45:00+05:30,2026-09-06 05:45:00,22.1,22.9,21.8,0,0,3.5,5,0,0,0,0,0.3,1258.5,98,0,0.1,26.9,75,29.1,1,5,0,1,1,22.1
2026-09-06T05:40:00+05:30,2026-09-06 05:40:00,22.2,23.1,21.9,0,0,3.5,11,0,0,0,0,0.3,1258.5,98,0,0,26.9,75,29.1,1,6,0,1,1,22.1
2026-09-06T05:35:00+05:30,2026-09-06 05:35:00,22.2,23.1,21.9,0,0,3.5,7,0,0,0,0,0.3,1258.5,98,0,0,27,75,29.3,1,7,0,1,1,22.2
2026-09-06T05:30:00+05:30,2026-09-06 05:30:00,22.3,23.1,21.8,0,0,3.5,11,0,0,0,0,0.3,1258.5,97,0,0,27,75,29.3,1,11,0,1,1,22.2
2026-09-06T05:25:00+05:30,2026-09-06 05:25:00,22.3,23.1,21.8,0,0,3.5,11,0,0,0,0,0.3,1258.5,97,0,0,27,75,29.3,1,11,0,1,1,22.2
2026-09-06T05:20:00+05:30,2026-09-06 05:20:00,22.3,23.1,21.8,0,0,3.5,11,0,0,0,0,0.3,1258.5,97,0,0,27,75,29.3,1,11,0,1,1,22.2
2026-09-06T05:15:00+05:30,2026-09-06 05:15:00,22.3,23.1,21.8,0,0,3.5,12,0,0,0,0,0.3,1258.5,97,0,0,27,75,29.3,1,13,0,1,1,22.2
2026-09-06T05:10:00+05:30,2026-09-06 05:10:00,22.3,23.1,21.8,0,0,3.5,12,0,0,0,0,0.3,1258.5,97,0,0,27,75,29.3,1,358,0,1,1,22.2
2026-09-06T05:05:00+05:30,2026-09-06 05:05:00,22.3,23.1,21.8,0,0,3.5,349,0,0,0,0,0.3,1258.5,97,0,0,27.1,75,29.5,1,358,0,1,1,22.3
2026-09-06T05:00:00+05:30,2026-09-06 05:00:00,22.4,23.2,21.9,0,0,3.5,24,0,0,0,0,0.3,1258.5,97,0,0,27.1,75,29.5,1,24,0,1,1,22.3
2026-09-06T04:55:00+05:30,2026-09-06 04:55:00,22.4,23.2,21.9,0,0,1.8,16,0,0,0,0,0.3,1258.5,97,0,0,27.1,75,29.5,1,326,0,1,1,22.3
2026-09-06T04:50:00+05:30,2026-09-06 04:50:00,22.4,23.2,21.9,0,0,1.8,322,0,0,0,0,0.3,1258.5,97,0,0,27.1,75,29.5,1,322,0,1,1,22.3
2026-09-06T04:45:00+05:30,2026-09-06 04:45:00,22.5,23.3,22,0,0,1.8,322,0,0,0,0,0.3,1258.5,97,0,0,27.1,75,29.5,1,322,0,1,1,22.3
2026-09-06T04:40:00+05:30,2026-09-06 04:40:00,22.5,23.3,21.8,0,0,1.8,322,0,0,0,0,0.3,1258.5,96,0,0,27.2,75,29.7,1,322,0,1,1,22.4
2026-09-06T04:35:00+05:30,2026-09-06 04:35:00,22.6,23.4,21.9,0,0,1.8,321,0,0,0,0,0.3,1258.5,96,0,0,27.2,75,29.7,1,321,0,1,1,22.4
2026-09-06T04:30:00+05:30,2026-09-06 04:30:00,22.6,23.4,21.9,0,0,1.8,326,0,0,0,0,0.3,1258.5,96,0,0,27.2,75,29.7,1,326,0,1,1,22.4
2026-09-06T04:25:00+05:30,2026-09-06 04:25:00,22.6,23.5,22.1,0,0,1.8,326,0,0,0,0,0.3,1258.5,97,0,0,27.2,75,29.7,1,324,0,1,1,22.4
2026-09-06T04:20:00+05:30,2026-09-06 04:20:00,22.7,23.6,22,0,0,1.8,322,0,0,0,0,0.3,1258.5,96,0,0,27.2,75,29.7,1,322,0,1,1,22.4
2026-09-06T04:15:00+05:30,2026-09-06 04:15:00,22.7,23.6,22,0,0,1.8,328,0,0,0,0,0.3,1258.5,96,0,0,27.2,75,29.7,1,328,0,1,1,22.4
2026-09-06T04:10:00+05:30,2026-09-06 04:10:00,22.8,23.6,22.1,0,0,1.8,328,0,0,0,0,0.3,1258.5,96,0,0,27.3,75,29.8,1,322,0,1,1,22.4
2026-09-06T04:05:00+05:30,2026-09-06 04:05:00,22.9,23.7,22,0,0,1.8,328,0,0,0,0,0.3,1258.5,95,0,0,27.3,75,29.8,1,322,0,1,1,22.4
2026-09-06T04:00:00+05:30,2026-09-06 04:00:00,23,23.8,22.2,0,0,1.8,303,0,0,0,0,0.3,1258.5,95,0,0,27.3,75,29.8,1,338,0,1,1,22.4
2026-09-06T03:55:00+05:30,2026-09-06 03:55:00,23.1,23.9,22.1,0,0,1.8,341,0,0,0,0,0.3,1258.5,94,0,0,27.3,75,29.8,1,341,0,1,1,22.4
2026-09-06T03:50:00+05:30,2026-09-06 03:50:00,23.2,24.1,22.2,0,0,1.8,342,0,0,0,0,0.3,1258.5,94,0,0,27.3,75,29.8,1,341,0,1,1,22.4
2026-09-06T03:45:00+05:30,2026-09-06 03:45:00,23.1,23.9,22.1,0,0,1.8,339,0,0,0,0,0.3,1258.5,94,0,0,27.3,75,29.8,1,343,0,1,1,22.4
2026-09-06T03:40:00+05:30,2026-09-06 03:40:00,23.1,23.9,22.1,0,0,1.8,341,0,0,0,0,0.3,1258.5,94,0,0,27.4,75,30.1,1,342,0,1,1,22.6
2026-09-06T03:35:00+05:30,2026-09-06 03:35:00,22.9,23.7,21.9,0,0,1.8,352,0,0,0,0,0.3,1258.5,94,0,0,27.4,75,30.1,1,343,0,1,1,22.6
2026-09-06T03:30:00+05:30,2026-09-06 03:30:00,22.8,23.6,22.1,0,0,1.8,43,0,0,0,0,0.3,1258.5,96,0,0,27.4,75,30.1,1,330,0,1,1,22.6
2026-09-06T03:25:00+05:30,2026-09-06 03:25:00,22.8,23.6,22.3,0,0,1.8,324,0,0,0,0,0.3,1258.5,97,0,0,27.4,75,30.1,1,330,0,1,1,22.6
2026-09-06T03:20:00+05:30,2026-09-06 03:20:00,22.9,23.8,22.4,0,0,1.8,321,0,0,0,0,0.3,1258.5,97,0,0,27.4,75,30.1,1,343,0,1,1,22.6
2026-09-06T03:15:00+05:30,2026-09-06 03:15:00,22.9,23.8,22.4,0,0,1.8,351,0,0,0,0,0.3,1258.5,97,0,0,27.5,75,30.3,1,345,0,1,1,22.7
2026-09-06T03:10:00+05:30,2026-09-06 03:10:00,23,23.9,22.7,0,0,1.8,338,0,0,0,0,0.3,1258.5,98,0,0,27.5,75,30.3,1,337,0,1,1,22.7
2026-09-06T03:05:00+05:30,2026-09-06 03:05:00,23,23.9,22.7,0,0,0,337,0,0,0,0,0.3,1258.5,98,0,0,27.5,75,30.3,1,340,0,1,1,22.7
2026-09-06T03:00:00+05:30,2026-09-06 03:00:00,23,23.9,22.5,0,0,0,338,0,0,0,0,0.3,1258.5,97,0,0,27.5,75,30.3,1,343,0,1,1,22.7
2026-09-06T02:55:00+05:30,2026-09-06 02:55:00,23.1,24,22.6,0,0,0,338,0,0,0,0,0.3,1258.5,97,0,0,27.5,75,30.3,1,347,0,1,1,22.7
2026-09-06T02:50:00+05:30,2026-09-06 02:50:00,23.1,24,22.6,0,0,0,357,0,0,0,0,0.3,1258.5,97,0,0,27.5,75,30.3,1,352,0,1,1,22.7
2026-09-06T02:45:00+05:30,2026-09-06 02:45:00,23.2,24.1,22.7,0,0,0,335,0,0,0,0,0.3,1258.5,97,0,0,27.6,75,30.5,1,353,0,1,1,22.8
2026-09-06T02:40:00+05:30,2026-09-06 02:40:00,23.2,24.1,22.7,0,0,0,352,0,0,0,0,0.3,1258.5,97,0,0,27.6,75,30.5,1,1,0,1,1,22.8
2026-09-06T02:35:00+05:30,2026-09-06 02:35:00,23.3,24.2,22.8,0,0,0,2,0,0,0,0,0.3,1258.5,97,0,0,27.6,75,30.5,1,353,0,1,1,22.8
2026-09-06T02:30:00+05:30,2026-09-06 02:30:00,23.3,24.2,22.8,0,0,0,357,0,0,0,0,0.3,1258.5,97,0,0,27.6,75,30.5,1,357,0,1,1,22.8
2026-09-06T02:25:00+05:30,2026-09-06 02:25:00,23.4,24.3,22.7,0,0,0,357,0,0,0,0,0.3,1258.5,96,0,0,27.6,75,30.5,1,357,0,1,1,22.8
2026-09-06T02:20:00+05:30,2026-09-06 02:20:00,23.5,24.4,22.8,0,0,0,357,0,0,0,0,0.3,1258.5,96,0,0,27.6,75,30.5,1,356,0,1,1,22.8
2026-09-06T02:15:00+05:30,2026-09-06 02:15:00,23.4,24.3,22.7,0,0,0,358,0,0,0,0,0.3,1258.5,96,0,0,27.6,75,30.5,1,340,0,1,1,22.8
2026-09-06T02:10:00+05:30,2026-09-06 02:10:00,23.5,24.4,23,0,0,0,340,0,0,0,0,0.3,1258.5,97,0,0,27.7,75,30.8,1,331,0,1,1,22.9
2026-09-06T02:05:00+05:30,2026-09-06 02:05:00,23.6,24.6,23.1,0,0,0,331,0,0,0,0,0.3,1258.5,97,0,0,27.7,75,30.8,1,351,0,1,1,22.9
2026-09-06T02:00:00+05:30,2026-09-06 02:00:00,23.6,24.5,22.9,0,0,0,351,0,0,0,0,0.3,1258.5,96,0,0,27.7,75,30.8,1,351,0,1,1,22.9
2026-09-06T01:55:00+05:30,2026-09-06 01:55:00,23.6,24.5,22.9,0,0,0,351,0,0,0,0,0.3,1258.5,96,0,0,27.7,74,30.6,1,351,0,1,1,22.7
2026-09-06T01:50:00+05:30,2026-09-06 01:50:00,23.6,24.6,23.1,0,0,0,342,0,0,0,0,0.3,1258.5,97,0,0,27.7,74,30.6,1,342,0,1,1,22.7
2026-09-06T01:45:00+05:30,2026-09-06 01:45:00,23.6,24.6,23.1,0,0,0,343,0,0,0,0,0.3,1258.5,97,0,0,27.7,74,30.6,1,343,0,1,1,22.7
2026-09-06T01:40:00+05:30,2026-09-06 01:40:00,23.7,24.7,23,0,0,0,343,0,0,0,0,0.3,1258.5,96,0,0,27.7,74,30.6,1,343,0,1,1,22.7
2026-09-06T01:35:00+05:30,2026-09-06 01:35:00,23.7,24.7,23,0,0,0,343,0,0,0,0,0.3,1258.5,96,0,0,27.8,74,30.7,1,343,0,1,1,22.7
2026-09-06T01:30:00+05:30,2026-09-06 01:30:00,23.7,24.7,23,0,0,0,343,0,0,0,0,0.3,1258.5,96,0,0,27.8,74,30.7,1,335,0,1,1,22.7
2026-09-06T01:25:00+05:30,2026-09-06 01:25:00,23.7,24.7,23,0,0,0,335,0,0,0,0,0.3,1258.5,96,0,0,27.8,74,30.7,1,330,0,1,1,22.7
2026-09-06T01:20:00+05:30,2026-09-06 01:20:00,23.8,24.7,22.9,0,0,0,330,0,0,0,0,0.3,1258.5,95,0,0,27.8,74,30.7,1,330,0,1,1,22.7
2026-09-06T01:15:00+05:30,2026-09-06 01:15:00,23.8,24.7,22.9,0,0,0,330,0,0,0,0,0.3,1258.5,95,0,0,27.8,74,30.7,1,330,0,1,1,22.7
2026-09-06T01:10:00+05:30,2026-09-06 01:10:00,23.8,24.7,22.9,0,0,0,330,0,0,0,0,0.3,1258.5,95,0,0,27.8,74,30.7,1,330,0,1,1,22.7
2026-09-06T01:05:00+05:30,2026-09-06 01:05:00,23.8,24.7,22.9,0,0,0,330,0,0,0,0,0.3,1258.5,95,0,0,27.9,74,31,1,330,0,1,1,22.8
2026-09-06T01:00:00+05:30,2026-09-06 01:00:00,23.8,24.7,22.9,0,0,0,336,0,0,0,0,0.3,1258.5,95,0,0,27.9,74,31,1,336,0,1,1,22.8
2026-09-06T00:55:00+05:30,2026-09-06 00:55:00,23.9,24.8,23,0,0,0,336,0,0,0,0,0.3,1258.5,95,0,0,27.9,74,31,1,335,0,1,1,22.8
2026-09-06T00:50:00+05:30,2026-09-06 00:50:00,24,24.9,23,0,0,0,335,0,0,0,0,0.3,1258.5,94,0,0,27.9,74,31,1,335,0,1,1,22.8
2026-09-06T00:45:00+05:30,2026-09-06 00:45:00,24.1,25,23.1,0,0,0,335,0,0,0,0,0.3,1258.5,94,0,0,27.9,74,31,1,335,0,1,1,22.8
2026-09-06T00:40:00+05:30,2026-09-06 00:40:00,24.2,25.2,23.2,0,0,0,328,0,0,0,0,0.3,1258.5,94,0,0,27.9,74,31,1,348,0,1,1,22.8
2026-09-06T00:35:00+05:30,2026-09-06 00:35:00,24.2,25.2,23.2,0,0,0,348,0,0,0,0,0.3,1258.5,94,0,0,27.9,74,31,1,348,0,1,1,22.8
2026-09-06T00:30:00+05:30,2026-09-06 00:30:00,24.2,25.2,23.2,0,0,0,349,0,0,0,0,0.3,1258.5,94,0,0,28,74,31.2,1,349,0,1,1,22.9
2026-09-06T00:25:00+05:30,2026-09-06 00:25:00,24.2,25.2,23.2,0,0,0,352,0,0,0,0,0.3,1258.5,94,0,0,28,74,31.2,1,352,0,1,1,22.9
2026-09-06T00:20:00+05:30,2026-09-06 00:20:00,24.2,25.2,23.2,0,0,0,348,0,0,0,0,0.3,1258.5,94,0,0,28,74,31.2,1,347,0,1,1,22.9
2026-09-06T00:15:00+05:30,2026-09-06 00:15:00,24.2,25.2,23.2,0,0,0,348,0,0,0,0,0.3,1258.5,94,0,0,28,74,31.2,1,350,0,1,1,22.9
2026-09-06T00:10:00+05:30,2026-09-06 00:10:00,24.3,25.2,23.1,0,0,0,348,0,0,0,0,0.3,1258.5,93,0,0,28,74,31.2,1,350,0,1,1,22.9
2026-09-06T00:05:00+05:30,2026-09-06 00:05:00,24.3,25.2,23.1,0,0,0,352,0,0,0,0,0.3,1258.5,93,0,0,28.1,74,31.4,1,353,0,1,1,23
2026-09-06T00:01:00+05:30,2026-09-06 00:01:00,24.4,25.3,23.2,0,0,0,355,0,0,0,0,0.3,1258.5,93,0,0,28.1,74,31.4,1,353,0,1,1,23
2026-09-05T23:55:00+05:30,2026-09-05 23:55:00,24.6,25.5,23.2,0,0,20.1,345,0,0,0,0.6,0.3,1258.5,92,0,0,28.1,73,31.3,1,345,0,1,1,22.8
2026-09-05T23:50:00+05:30,2026-09-05 23:50:00,24.6,25.5,23.2,0,0,20.1,6,0,0,0,0.6,0.3,1258.5,92,0,0,28.1,73,31.3,1,330,0,1,1,22.8
2026-09-05T23:45:00+05:30,2026-09-05 23:45:00,24.6,25.5,23.2,0,0,20.1,330,0,0,0,0.6,0.3,1258.5,92,0,0,28.2,74,31.7,1,330,0,1,1,23.1
2026-09-05T23:40:00+05:30,2026-09-05 23:40:00,24.7,25.6,23.1,0,0,20.1,330,0,0,0,0.6,0.3,1258.5,91,0,0,28.2,74,31.7,1,330,0,1,1,23.1
2026-09-05T23:35:00+05:30,2026-09-05 23:35:00,24.7,25.6,23.1,0,0,20.1,329,0,0,0,0.6,0.3,1258.5,91,0,0,28.2,73,31.6,1,327,0,1,1,22.9
2026-09-05T23:32:00+05:30,2026-09-05 23:32:00,24.6,25.5,23,0,0,20.1,327,0,0,0,0.6,0.3,1258.5,91,0,0,28.2,73,31.6,1,327,0,1,1,22.9
2026-09-05T23:25:00+05:30,2026-09-05 23:25:00,24.7,25.6,23.1,0,0,20.1,328,0,0,0,0.6,0.3,1258.5,91,0,0,28.2,73,31.6,1,328,0,1,1,22.9
2026-09-05T23:20:00+05:30,2026-09-05 23:20:00,24.8,25.7,23.2,0,0,20.1,331,0,0,0,0.6,0.3,1258.5,91,0,0,28.3,73,31.7,1,331,0,1,1,22.9
2026-09-05T23:15:00+05:30,2026-09-05 23:15:00,24.8,25.7,23.2,0,0,20.1,331,0,0,0,0.6,0.3,1258.5,91,0,0,28.3,73,31.7,1,331,0,1,1,22.9
2026-09-05T23:10:00+05:30,2026-09-05 23:10:00,24.8,25.7,23.2,0,0,20.1,328,0,0,0,0.6,0.3,1258.5,91,0,0,28.3,73,31.7,1,328,0,1,1,22.9
2026-09-05T23:05:00+05:30,2026-09-05 23:05:00,24.7,25.6,23.1,0,0,20.1,328,0,0,0,0.6,0.3,1258.5,91,0,0,28.3,73,31.7,1,328,0,1,1,22.9
2026-09-05T23:00:00+05:30,2026-09-05 23:00:00,24.7,25.6,23.1,0,0,20.1,322,0,0,0,0.6,0.3,1258.5,91,0,0,28.3,73,31.7,1,322,0,1,1,22.9
2026-09-05T22:55:00+05:30,2026-09-05 22:55:00,24.7,25.6,23.1,0,0,20.1,322,0,0,0,0.6,0.3,1258.5,91,0,0,28.3,73,31.7,1,322,0,1,1,22.9
2026-09-05T22:50:00+05:30,2026-09-05 22:50:00,24.8,25.7,23.2,0,0,20.1,322,0,0,0,0.6,0.3,1258.5,91,0,0,28.3,73,31.7,1,322,0,1,1,22.9
2026-09-05T22:45:00+05:30,2026-09-05 22:45:00,24.9,25.8,23.1,0,0,20.1,322,0,0,0,0.6,0.3,1258.5,90,0,0,28.3,73,31.7,1,322,0,1,1,22.9
2026-09-05T22:40:00+05:30,2026-09-05 22:40:00,24.9,25.8,23.1,0,0,20.1,320,0,0,0,0.6,0.3,1258.5,90,0,0,28.3,73,31.7,1,334,0,1,1,22.9
2026-09-05T22:35:00+05:30,2026-09-05 22:35:00,24.9,25.8,23.1,0,0,20.1,334,0,0,0,0.6,0.3,1258.5,90,0,0,28.4,73,31.9,1,334,0,1,1,23.1
2026-09-05T22:30:00+05:30,2026-09-05 22:30:00,24.9,25.8,22.9,0,0,20.1,334,0,0,0,0.6,0.3,1258.5,89,0,0,28.3,73,31.7,1,334,0,1,1,22.9
2026-09-05T22:25:00+05:30,2026-09-05 22:25:00,25,25.9,23.1,0,0,20.1,334,0,0,0,0.6,0.3,1258.5,89,0,0,28.4,73,31.9,1,334,0,1,1,23.1
2026-09-05T22:20:00+05:30,2026-09-05 22:20:00,25.1,26,23,0,0,20.1,333,0,0,0,0.6,0.3,1258.5,88,0,0,28.4,73,31.9,1,333,0,1,1,23.1
2026-09-05T22:15:00+05:30,2026-09-05 22:15:00,25.1,26,23,0,0,20.1,338,0,0,0,0.6,0.3,1258.5,88,0,0,28.4,73,31.9,1,338,0,1,1,23.1
2026-09-05T22:10:00+05:30,2026-09-05 22:10:00,25.1,26,23,0,0,20.1,337,0,0,0,0.6,0.3,1258.5,88,0,0,28.4,73,31.9,1,294,0,1,1,23.1
2026-09-05T22:05:00+05:30,2026-09-05 22:05:00,25.2,26.1,23.1,0,0,20.1,294,0,0,0,0.6,0.3,1258.5,88,0,0,28.4,73,31.9,1,321,0,1,1,23.1
2026-09-05T22:00:00+05:30,2026-09-05 22:00:00,25.2,26.1,23.1,0,0,20.1,321,0,0,0,0.6,0.3,1258.5,88,0,0,28.4,72,31.7,1,321,0,1,1,22.8
2026-09-05T21:55:00+05:30,2026-09-05 21:55:00,25.2,26.1,23.1,0,0,20.1,321,0,0,0,0.6,0.3,1258.5,88,0,0,28.4,73,31.9,1,321,0,1,1,23.1
2026-09-05T21:50:00+05:30,2026-09-05 21:50:00,25.2,26.1,23.1,0,0,20.1,321,0,0,0,0.6,0.3,1258.5,88,0,0,28.5,72,32,1,321,0,1,1,22.9
2026-09-05T21:45:00+05:30,2026-09-05 21:45:00,25.3,26.1,23,0,0,20.1,321,0,0,0,0.6,0.3,1258.5,87,0,0,28.5,72,32,1,321,0,1,1,22.9
2026-09-05T21:40:00+05:30,2026-09-05 21:40:00,25.4,26.3,23.1,0,0,20.1,321,0,0,0,0.6,0.3,1258.5,87,0,0,28.5,72,32,1,318,0,1,1,22.9
2026-09-05T21:35:00+05:30,2026-09-05 21:35:00,25.6,26.5,23.1,0,0,20.1,320,0,0,0,0.6,0.3,1258.5,86,0,0,28.5,72,32,1,318,0,1,1,22.9
2026-09-05T21:30:00+05:30,2026-09-05 21:30:00,25.7,26.6,23.2,0,0,20.1,309,0,0,0,0.6,0.3,1258.5,86,0,0,28.5,72,32,1,312,0,1,1,22.9
2026-09-05T21:25:00+05:30,2026-09-05 21:25:00,25.5,26.4,23,0,0,20.1,309,0,0,0,0.6,0.3,1258.5,86,0,0,28.5,72,32,1,318,0,1,1,22.9
2026-09-05T21:20:00+05:30,2026-09-05 21:20:00,25.4,26.2,22.9,0,0,20.1,321,0,0,0,0.6,0.3,1258.5,86,0,0,28.5,72,32,1,314,0,1,1,22.9
2026-09-05T21:15:00+05:30,2026-09-05 21:15:00,25.4,26.3,23.1,0,0,20.1,314,0,0,0,0.6,0.3,1258.5,87,0,0,28.5,72,32,1,308,0,1,1,22.9
2026-09-05T21:10:00+05:30,2026-09-05 21:10:00,25.4,26.3,23.1,0,1.8,20.1,312,0,0,0,0.6,0.3,1258.5,87,0,0,28.6,72,32.2,1,332,0,1,1,23.1
2026-09-05T21:05:00+05:30,2026-09-05 21:05:00,25.5,26.4,23.2,0,0,20.1,333,0,0,0,0.6,0.3,1258.5,87,0,0,28.6,72,32.2,1,309,0,1,1,23.1
2026-09-05T21:00:00+05:30,2026-09-05 21:00:00,25.5,26.4,23.2,0,0,20.1,316,0,0,0,0.6,0.3,1258.5,87,0,0,28.6,72,32.2,1,309,0,1,1,23.1
2026-09-05T20:55:00+05:30,2026-09-05 20:55:00,25.6,26.5,23.3,0,3.5,20.1,300,0,0,0,0.6,0.3,1258.5,87,0,0,28.6,72,32.2,1,303,0,1,1,23.1
2026-09-05T20:50:00+05:30,2026-09-05 20:50:00,25.6,26.5,23.3,0,0,20.1,346,0,0,0,0.6,0.3,1258.5,87,0,0,28.6,72,32.2,1,310,0,1,1,23.1
2026-09-05T20:45:00+05:30,2026-09-05 20:45:00,25.7,26.6,23.2,3.2,5.5,20.1,287,0,0,0,0.6,0.3,1258.5,86,0,0,28.6,72,32.2,1,314,0,1,1,23.1
2026-09-05T20:40:00+05:30,2026-09-05 20:40:00,25.7,26.6,23.2,0,0,20.1,303,0,0,0,0.6,0.3,1258.5,86,0,0,28.6,72,32.2,1,303,0,1,1,23.1
2026-09-05T20:35:00+05:30,2026-09-05 20:35:00,25.8,26.7,23.3,0,0,20.1,321,0,0,0,0.6,0.3,1258.5,86,0,0,28.6,71,32.1,1,302,0,1,1,22.8
2026-09-05T20:30:00+05:30,2026-09-05 20:30:00,25.8,26.7,23.3,0,1.8,20.1,329,0,0,0,0.6,0.3,1258.5,86,0,0,28.6,71,32.1,1,303,0,1,1,22.8
2026-09-05T20:25:00+05:30,2026-09-05 20:25:00,25.9,26.8,23.2,0,0,20.1,324,0,0,0,0.6,0.3,1258.5,85,0,0,28.6,71,32.1,1,309,0,1,1,22.8
2026-09-05T20:20:00+05:30,2026-09-05 20:20:00,26,26.9,23.3,1.1,3.5,20.1,307,0,0,0,0.6,0.3,1258.5,85,0,0,28.6,71,32.1,1,300,0,1,1,22.8
2026-09-05T20:15:00+05:30,2026-09-05 20:15:00,26,26.9,23.3,0,0,20.1,303,0,0,0,0.6,0.3,1258.5,85,0,0,28.6,71,32.1,1,321,0,1,1,22.8
2026-09-05T20:10:00+05:30,2026-09-05 20:10:00,25.9,26.8,23.2,0,0,20.1,321,0,0,0,0.6,0.3,1258.5,85,0,0,28.6,71,32.1,1,321,0,1,1,22.8
2026-09-05T20:05:00+05:30,2026-09-05 20:05:00,26,26.9,23.3,0,0,20.1,8,0,0,0,0.6,0.3,1258.5,85,0,0,28.6,71,32.1,1,305,0,1,1,22.8
2026-09-05T20:00:00+05:30,2026-09-05 20:00:00,26,26.8,23.1,0,0,20.1,305,0,0,0,0.6,0.3,1258.5,84,0,0,28.6,71,32.1,1,297,0.3,1,1,22.8
2026-09-05T19:55:00+05:30,2026-09-05 19:55:00,26.1,27,23.2,0.3,1.8,20.1,305,0,0,0,0.6,0.3,1258.5,84,0,0,28.6,71,32.1,1,297,0.3,1,1,22.8
2026-09-05T19:50:00+05:30,2026-09-05 19:50:00,26.1,27,23.2,0.6,1.8,20.1,297,0,0,0,0.6,0.3,1258.5,84,0,0,28.6,71,32.1,1,296,0,1,1,22.8
2026-09-05T19:45:00+05:30,2026-09-05 19:45:00,26,26.8,23.1,0,0,20.1,302,0,0,0,0.6,0.3,1258.5,84,0,0,28.6,71,32.1,1,293,0,1,1,22.8
2026-09-05T19:40:00+05:30,2026-09-05 19:40:00,26.2,27.1,23.1,0,0,20.1,299,0,0,0,0.6,0.3,1258.5,83,0,0,28.6,71,32.1,1,293,0.3,1,1,22.8
2026-09-05T19:35:00+05:30,2026-09-05 19:35:00,26.2,27.1,23.1,0,0,20.1,193,0,0,0,0.6,0.3,1258.5,83,0,0,28.6,70,31.9,1,295,0,1,1,22.6
2026-09-05T19:30:00+05:30,2026-09-05 19:30:00,26.4,27.2,23.1,0,0,20.1,303,0,0,0,0.6,0.3,1258.5,82,0,0,28.6,70,31.9,1,303,0,1,1,22.6
2026-09-05T19:25:00+05:30,2026-09-05 19:25:00,26.3,27.1,23,1.1,3.5,20.1,301,0,0,0,0.6,0.3,1258.5,82,0,0,28.6,70,31.9,1,301,1.4,1,1,22.6
2026-09-05T19:20:00+05:30,2026-09-05 19:20:00,26.2,27,22.9,2.1,5.5,20.1,318,0,0,0,0.6,0.3,1258.5,82,0,0,28.6,70,31.9,1,309,2.6,1,1,22.6
2026-09-05T19:15:00+05:30,2026-09-05 19:15:00,26.2,27,22.9,0.3,5.5,20.1,300,0,0,0,0.6,0.3,1258.5,82,0,0,28.7,70,32.1,1,300,2.9,1,1,22.7
2026-09-05T19:10:00+05:30,2026-09-05 19:10:00,26.4,27.2,22.9,3.5,5.5,20.1,316,0,0,0,0.6,0.3,1258.5,81,0,0,28.7,70,32.1,1,280,2.6,1,1,22.7
2026-09-05T19:05:00+05:30,2026-09-05 19:05:00,26.5,27.3,22.8,2.6,7.2,20.1,300,0,0,0,0.6,0.3,1258.5,80,0,0,28.7,70,32.1,1,280,2.6,1,1,22.7
2026-09-05T19:00:00+05:30,2026-09-05 19:00:00,26.5,27.3,22.8,0,9.3,20.1,278,0,0,0,0.6,0.3,1258.5,80,0,0,28.7,70,32.1,1,280,2.6,1,1,22.7
2026-09-05T18:55:00+05:30,2026-09-05 18:55:00,26.5,27.3,22.8,3.5,7.2,20.1,310,0,0,0,0.6,0.3,1258.5,80,0,0,28.7,70,32.1,1,310,2.1,1,1,22.7
2026-09-05T18:50:00+05:30,2026-09-05 18:50:00,26.6,27.4,22.9,0,1.8,20.1,331,0,0,0,0.6,0.3,1258.5,80,0,0,28.7,70,32.1,1,248,1.1,1,1,22.7
2026-09-05T18:45:00+05:30,2026-09-05 18:45:00,26.6,27.4,22.9,1.4,3.5,20.1,345,0,0,0,0.6,0.3,1258.5,80,0,0,28.8,70,32.2,1,276,2.1,1,1,22.7
2026-09-05T18:40:00+05:30,2026-09-05 18:40:00,26.7,29.1,23,3.5,3.5,20.1,214,0,0,0,0.6,0.3,1258.5,80,0,0,28.8,70,32.2,1,269,3.2,1,1,22.7
2026-09-05T18:35:00+05:30,2026-09-05 18:35:00,26.7,29.1,23,2.1,3.5,20.1,314,0,0,0,0.6,0.3,1258.5,80,0,0,28.9,70,32.5,1,299,2.1,1,1,22.8
2026-09-05T18:30:00+05:30,2026-09-05 18:30:00,26.8,29.2,22.8,1.8,9.3,20.1,298,0,0,0,0.6,0.3,1258.5,79,0,0,28.9,70,32.5,1,293,2.1,1,1,22.8
2026-09-05T18:25:00+05:30,2026-09-05 18:25:00,26.9,29.4,22.9,1.1,5.5,20.1,287,0,0,0,0.6,0.3,1258.5,79,0,0.1,28.9,70,32.5,1,288,1.8,1,1,22.8
2026-09-05T18:20:00+05:30,2026-09-05 18:20:00,26.9,29.5,23.1,1.1,1.8,20.1,309,0,0,0,0.6,0.3,1258.5,80,0,0.3,29,70,32.7,1,286,2.9,1,1,22.9
2026-09-05T18:15:00+05:30,2026-09-05 18:15:00,26.9,29.5,23.1,2.1,5.5,20.1,297,0,0,0,0.6,0.3,1258.5,80,0,1.2,29,70,32.7,1,286,4.3,1,1,22.9
2026-09-05T18:10:00+05:30,2026-09-05 18:10:00,26.9,29.5,23.1,1.8,11.1,20.1,269,0,0,0,0.6,0.3,1258.5,80,0,2.6,29,70,32.7,1,284,2.9,1,1,22.9
2026-09-05T18:05:00+05:30,2026-09-05 18:05:00,27,29.7,23.2,2.1,5.5,20.1,303,0,0,0,0.6,0.3,1258.5,80,0,2.4,29.1,70,32.9,1,302,2.9,1,1,23.1
2026-09-05T18:00:00+05:30,2026-09-05 18:00:00,27,29.7,23.2,2.1,14.8,20.1,272,0,0,0,0.6,0.3,1258.5,80,0,1.7,29.1,70,32.9,1,272,6.4,1,1,23.1
2026-09-05T17:55:00+05:30,2026-09-05 17:55:00,27.1,30.1,23.6,1.1,11.1,20.1,309,0,0,0,0.6,0.3,1258.5,81,0,2.4,29.2,70,33.2,1,271,4,1,1,23.2
2026-09-05T17:50:00+05:30,2026-09-05 17:50:00,27.2,30.3,23.7,4,11.1,20.1,286,0,0,0,0.6,0.3,1258.5,81,0,3.2,29.3,70,33.3,1,286,3.5,1,1,23.2
2026-09-05T17:45:00+05:30,2026-09-05 17:45:00,27.3,30.5,23.7,5.5,7.2,20.1,301,0,0,0,0.6,0.3,1258.5,81,0,3.1,29.3,70,33.3,1,310,5.5,1,1,23.2
2026-09-05T17:40:00+05:30,2026-09-05 17:40:00,27.3,30.5,23.7,6.1,13,20.1,313,0,0,0,0.6,0.3,1258.5,81,0,6,29.4,70,33.6,1,298,4.7,1,1,23.3
2026-09-05T17:35:00+05:30,2026-09-05 17:35:00,27.4,30.7,23.8,4.7,11.1,20.1,291,0,0,0,0.6,0.3,1258.5,81,0,9,29.4,70,33.6,1,285,2.1,1,1,23.3
2026-09-05T17:30:00+05:30,2026-09-05 17:30:00,27.5,30.9,23.7,1.8,5.5,20.1,279,0,0,0,0.6,0.3,1258.5,80,0,8.5,29.4,70,33.6,1,280,2.9,1,1,23.3
2026-09-05T17:25:00+05:30,2026-09-05 17:25:00,27.6,31.1,23.8,7.9,14.8,20.1,238,0,0,0,0.6,0.3,1258.5,80,0,9.6,29.4,70,33.6,1,233,3.5,1,1,23.3
2026-09-05T17:20:00+05:30,2026-09-05 17:20:00,27.7,31.3,23.7,2.1,5.5,20.1,345,0,0,0,0.6,0.3,1258.5,79,0,12.8,29.5,70,33.8,1,292,4,1,1,23.4
2026-09-05T17:15:00+05:30,2026-09-05 17:15:00,27.8,31.4,23.8,1.4,7.2,20.1,280,0,0,0,0.6,0.3,1258.5,79,0,17,29.5,70,33.8,1,298,2.9,1,1,23.4
2026-09-05T17:10:00+05:30,2026-09-05 17:10:00,28.1,32.1,23.9,6.1,7.2,20.1,192,0,0,0,0.6,0.3,1258.5,78,0,19.8,29.5,69,33.7,1,306,1.8,1,1,23.2
2026-09-05T17:05:00+05:30,2026-09-05 17:05:00,28.2,32.3,24,1.4,7.2,20.1,284,0,0,0,0.6,0.3,1258.5,78,0,21.3,29.6,69,33.9,1,300,2.1,1,1,23.3
2026-09-05T17:00:00+05:30,2026-09-05 17:00:00,28.3,32.3,23.8,0,5.5,20.1,312,0,0,0,0.6,0.3,1258.5,77,0,23.9,29.6,69,33.9,1,278,3.5,1,1,23.3
2026-09-05T16:55:00+05:30,2026-09-05 16:55:00,28.2,32.2,23.8,3.5,3.5,20.1,292,0,0,0,0.6,0.3,1258.5,77,0,22.9,29.7,69,34.2,1,292,4.7,1,1,23.4
2026-09-05T16:50:00+05:30,2026-09-05 16:50:00,28.4,32.6,24,5,11.1,20.1,297,0,0,0,0.6,0.3,1258.5,77,0,27.6,29.8,69,34.3,1,290,5,1,1,23.4
2026-09-05T16:45:00+05:30,2026-09-05 16:45:00,28.5,32.8,24.1,2.9,14.8,20.1,297,0,0,0,0.6,0.3,1258.5,77,0,36.1,29.8,69,34.3,1,297,5,1,1,23.4
2026-09-05T16:40:00+05:30,2026-09-05 16:40:00,28.6,32.9,24,1.4,11.1,20.1,308,0,0,0,0.6,0.3,1258.5,76,0,49,29.9,69,34.6,1,300,5.8,1,1,23.6
2026-09-05T16:35:00+05:30,2026-09-05 16:35:00,28.6,32.9,24,1.1,14.8,20.1,259,0,0,0,0.6,0.3,1258.5,76,0,66.7,29.9,68,34.3,1,295,5.8,1,1,23.3
2026-09-05T16:30:00+05:30,2026-09-05 16:30:00,28.8,33.2,23.9,4.3,7.2,20.1,309,0,0,0,0.6,0.3,1258.5,75,0,73.1,30,68,34.6,1,293,4.7,1,1,23.4
2026-09-05T16:25:00+05:30,2026-09-05 16:25:00,29,33.7,24.1,3.2,5.5,20.1,243,0,0,0,0.6,0.3,1258.5,75,0,78,30.1,68,34.8,1,286,4,1,1,23.6
2026-09-05T16:20:00+05:30,2026-09-05 16:20:00,29.2,33.8,23.9,6.9,9.3,20.1,278,0,0,0,0.6,0.3,1258.5,73,0,95.5,30.2,68,35.1,1,298,5.8,1,1,23.7
2026-09-05T16:15:00+05:30,2026-09-05 16:15:00,29.3,33.8,23.7,8.7,11.1,20.1,293,0,0,0,0.6,0.3,1258.5,72,1,118.9,30.2,68,35.1,1,298,6.4,1,1,23.7
2026-09-05T16:10:00+05:30,2026-09-05 16:10:00,29.4,34,23.8,3.5,11.1,20.1,326,0,0,0,0.6,0.3,1258.5,72,1,144.5,30.3,68,35.2,1,282,6.4,1,1,23.7
2026-09-05T16:05:00+05:30,2026-09-05 16:05:00,30,35.5,24.4,8.7,13,20.1,280,0,0,0,0.6,0.3,1258.5,72,1,161.5,30.4,68,35.5,1,286,6.1,1,1,23.8
2026-09-05T16:00:00+05:30,2026-09-05 16:00:00,29.9,35,24,9.3,13,20.1,265,0,0,0,0.6,0.3,1258.5,71,2,217.5,30.4,67,35.2,1,290,6.1,1,1,23.6
2026-09-05T15:55:00+05:30,2026-09-05 15:55:00,29.6,34.3,23.8,3.5,11.1,20.1,280,0,0,0,0.6,0.3,1258.5,71,1,122.4,30.5,67,35.5,1,309,7.2,1,1,23.7
2026-09-05T15:50:00+05:30,2026-09-05 15:50:00,29.8,34.7,23.9,4.3,16.6,20.1,322,0,0,0,0.6,0.3,1258.5,71,0,102.2,30.5,68,35.8,1,322,5,1,1,23.9
2026-09-05T15:45:00+05:30,2026-09-05 15:45:00,30.9,36.7,24.3,1.4,14.8,20.1,299,0,0,0,0.6,0.3,1258.5,68,1,132.4,30.6,67,35.8,1,277,4.7,1,1,23.8
2026-09-05T15:40:00+05:30,2026-09-05 15:40:00,30.8,36.2,23.9,3.2,7.2,20.1,324,0,0,0,0.6,0.3,1258.5,67,3,383.8,30.6,67,35.8,1,293,5.8,1,1,23.8
2026-09-05T15:35:00+05:30,2026-09-05 15:35:00,30.5,36,24.2,4,16.6,20.1,287,0,0,0,0.6,0.3,1258.5,69,1,202.7,30.6,67,35.8,1,294,8.2,1,1,23.8
2026-09-05T15:30:00+05:30,2026-09-05 15:30:00,30.4,36,24.3,7.9,13,20.1,303,0,0,0,0.6,0.3,1258.5,70,3,408.1,30.6,67,35.8,1,294,7.2,1,1,23.8
2026-09-05T15:25:00+05:30,2026-09-05 15:25:00,31.1,37,24.2,7.2,11.1,20.1,288,0,0,0,0.6,0.3,1258.5,67,1,165.5,30.6,67,35.8,1,288,5.5,1,1,23.8
2026-09-05T15:20:00+05:30,2026-09-05 15:20:00,31,36.4,23.9,4.3,13,20.1,263,0,0,0,0.6,0.3,1258.5,66,3,409.4,30.6,67,35.8,1,293,6.1,1,1,23.8
2026-09-05T15:15:00+05:30,2026-09-05 15:15:00,31.3,36.8,23.9,9.7,13,20.1,283,0,0,0,0.6,0.3,1258.5,65,4,417.6,30.6,67,35.8,1,280,6.4,1,1,23.8
2026-09-05T15:10:00+05:30,2026-09-05 15:10:00,31,36.4,23.9,9.3,11.1,20.1,291,0,0,0,0.6,0.3,1258.5,66,4,447.3,30.6,67,35.8,1,282,6.4,1,1,23.8
2026-09-05T15:05:00+05:30,2026-09-05 15:05:00,31.4,37.1,24,4,13,20.1,248,0,0,0,0.6,0.3,1258.5,65,4,454.8,30.6,68,36,1,307,6.4,1,1,24
2026-09-05T15:00:00+05:30,2026-09-05 15:00:00,31.9,38,24.2,11.9,14.8,20.1,303,0,0,0,0.6,0.3,1258.5,64,4,472.5,30.5,68,35.8,1,266,4.7,1,1,23.9
2026-09-05T14:55:00+05:30,2026-09-05 14:55:00,31.8,37.5,23.8,4.7,11.1,20.1,340,0,0,0,0.6,0.3,1258.5,63,4,464.6,30.5,68,35.8,1,266,4.7,1,1,23.9
2026-09-05T14:50:00+05:30,2026-09-05 14:50:00,31.5,37.4,24.1,3.5,9.3,20.1,259,0,0,0,0.6,0.3,1258.5,65,4,498.7,30.5,68,35.8,1,294,4.3,1,1,23.9
2026-09-05T14:45:00+05:30,2026-09-05 14:45:00,32.1,38,23.9,10.8,14.8,20.1,282,0,0,0,0.6,0.3,1258.5,62,2,253.3,30.4,68,35.5,1,291,4,1,1,23.8
2026-09-05T14:40:00+05:30,2026-09-05 14:40:00,31.4,36.5,23.5,3.5,9.3,20.1,339,0,0,0,0.6,0.3,1258.5,63,5,535.2,30.5,68,35.8,1,295,5,1,1,23.9
2026-09-05T14:35:00+05:30,2026-09-05 14:35:00,31.1,36.4,23.7,2.6,7.2,20.1,270,0,0,0,0.6,0.3,1258.5,65,5,573.8,30.5,68,35.8,1,291,5.8,1,1,23.9
2026-09-05T14:30:00+05:30,2026-09-05 14:30:00,31,36.2,23.6,9.7,13,20.1,294,0,0,0,0.6,0.3,1258.5,65,5,592,30.4,68,35.5,1,320,4.7,1,1,23.8
2026-09-05T14:25:00+05:30,2026-09-05 14:25:00,30.8,36.4,24.2,10.5,14.8,20.1,272,0,0,0,0.6,0.3,1258.5,68,5,560,30.4,68,35.5,1,301,5.5,1,1,23.8
2026-09-05T14:20:00+05:30,2026-09-05 14:20:00,30.1,35.3,24,5.8,7.2,20.1,301,0,0,0,0.6,0.3,1258.5,70,2,282.5,30.4,68,35.5,1,301,6.4,1,1,23.8
2026-09-05T14:15:00+05:30,2026-09-05 14:15:00,31.2,37.6,24.6,6.4,14.8,20.1,271,0,0,0,0.6,0.3,1258.5,68,1,113.2,30.4,68,35.5,1,273,7.9,1,1,23.8
2026-09-05T14:10:00+05:30,2026-09-05 14:10:00,31,36.7,24.1,2.1,13,20.1,196,0,0,0,0.6,0.3,1258.5,67,6,650,30.4,68,35.5,1,301,7.9,1,1,23.8
2026-09-05T14:05:00+05:30,2026-09-05 14:05:00,31,36.7,24.1,7.9,16.6,20.1,338,0,0,0,0.6,0.3,1258.5,67,6,665.8,30.3,67,34.9,1,273,7.2,1,1,23.4
2026-09-05T14:00:00+05:30,2026-09-05 14:00:00,31.9,38.4,24.5,5,11.1,20.1,265,0,0,0,0.6,0.3,1258.5,65,1,158.8,30.3,67,34.9,1,289,4.7,1,1,23.4
2026-09-05T13:55:00+05:30,2026-09-05 13:55:00,31.1,36.4,23.7,4,7.2,20.1,303,0,0,0,0.6,0.3,1258.5,65,7,735.7,30.3,67,34.9,1,303,4,1,1,23.4
2026-09-05T13:50:00+05:30,2026-09-05 13:50:00,31.2,36.7,23.8,0,1.8,20.1,319,0,0,0,0.6,0.3,1258.5,65,1,162,30.3,67,34.9,1,310,3.5,1,1,23.4
2026-09-05T13:45:00+05:30,2026-09-05 13:45:00,31.7,37.6,24.1,3.5,5.5,20.1,342,0,0,0,0.6,0.3,1258.5,64,1,198.4,30.3,67,34.9,1,303,3.5,1,1,23.4
2026-09-05T13:40:00+05:30,2026-09-05 13:40:00,31.6,37.4,24,4,13,20.1,270,0,0,0,0.6,0.3,1258.5,64,7,746.9,30.3,67,34.9,1,347,2.9,1,1,23.4
2026-09-05T13:35:00+05:30,2026-09-05 13:35:00,32,37.4,23.5,4,5.5,20.1,338,0,0,0,0.6,0.3,1258.5,61,5,592.7,30.2,67,34.8,1,294,3.5,1,1,23.4
2026-09-05T13:30:00+05:30,2026-09-05 13:30:00,31.8,37.5,23.8,0.3,13,20.1,347,0,0,0,0.6,0.3,1258.5,63,2,205.6,30.2,67,34.8,1,291,4.7,1,1,23.4
2026-09-05T13:25:00+05:30,2026-09-05 13:25:00,31.8,37.2,23.6,7.9,13,20.1,311,0,0,0,0.6,0.3,1258.5,62,7,749.6,30.1,67,34.6,1,268,5,1,1,23.3
2026-09-05T13:20:00+05:30,2026-09-05 13:20:00,31.7,37.3,23.8,7.9,14.8,20.1,295,0,0,0,0.6,0.3,1258.5,63,7,758.6,30.1,67,34.6,1,295,5,1,1,23.3
2026-09-05T13:15:00+05:30,2026-09-05 13:15:00,30.6,34.5,22.5,1.1,13,20.1,291,0,0,0,0.6,0.3,1258.5,62,7,789.1,30,68,34.6,1,287,6.4,1,1,23.4
2026-09-05T13:10:00+05:30,2026-09-05 13:10:00,30.7,35.8,23.6,5,13,20.1,293,0,0,0,0.6,0.3,1258.5,66,7,820.4,30,68,34.6,1,272,6.1,1,1,23.4
2026-09-05T13:05:00+05:30,2026-09-05 13:05:00,31.1,36.1,23.5,1.4,7.2,20.1,273,0,0,0,0.6,0.3,1258.5,64,2,231.8,30,68,34.6,1,276,3.5,1,1,23.4
2026-09-05T13:00:00+05:30,2026-09-05 13:00:00,31.3,36.3,23.4,2.1,5.5,20.1,262,0,0,0,0.6,0.3,1258.5,63,7,790.8,29.9,68,34.3,1,291,6.1,1,1,23.3
2026-09-05T12:55:00+05:30,2026-09-05 12:55:00,30.9,35.6,23.3,8.7,11.1,20.1,254,0,0,0,0.6,0.3,1258.5,64,7,806.5,29.9,68,34.3,1,292,6.4,1,1,23.3
2026-09-05T12:50:00+05:30,2026-09-05 12:50:00,30.8,35.6,23.4,5.5,16.6,20.1,250,0,0,0,0.6,0.3,1258.5,65,7,804.9,29.9,68,34.3,1,291,5.5,1,1,23.3
2026-09-05T12:45:00+05:30,2026-09-05 12:45:00,31.1,35.9,23.2,9.3,11.1,20.1,312,0,0,0,0.6,0.3,1258.5,63,2,266.9,29.9,68,34.3,1,289,4.7,1,1,23.3
2026-09-05T12:40:00+05:30,2026-09-05 12:40:00,30.5,34.7,22.9,12.2,16.6,20.1,269,0,0,0,0.6,0.3,1258.5,64,8,859,29.9,68,34.3,1,294,5,1,1,23.3
2026-09-05T12:35:00+05:30,2026-09-05 12:35:00,30.7,35.2,23.1,7.2,11.1,20.1,308,0,0,0,0.6,0.3,1258.5,64,2,208.7,29.8,68,34.1,1,290,4.3,1,1,23.2
2026-09-05T12:30:00+05:30,2026-09-05 12:30:00,31.1,36.4,23.7,7.9,14.8,20.1,272,0,0,0,0.6,0.3,1258.5,65,6,655.8,29.8,68,34.1,1,290,3.5,1,1,23.2
2026-09-05T12:25:00+05:30,2026-09-05 12:25:00,30.5,34.7,22.9,3.5,16.6,20.1,305,0,0,0,0.6,0.3,1258.5,64,2,298.8,29.8,68,34.1,1,287,6.4,1,1,23.2
2026-09-05T12:20:00+05:30,2026-09-05 12:20:00,30.8,35.6,23.4,5.5,18.3,20.1,279,0,0,0,0.6,0.3,1258.5,65,8,857.8,29.7,69,34.2,1,286,4.7,1,1,23.4
2026-09-05T12:15:00+05:30,2026-09-05 12:15:00,31,36.4,23.9,3.5,9.3,16.6,286,0,0,0,0.6,0.3,1258.5,66,8,848,29.7,69,34.2,1,320,5.5,1,1,23.4
2026-09-05T12:10:00+05:30,2026-09-05 12:10:00,31.2,36.7,23.8,5,11.1,16.6,266,0,0,0,0.6,0.3,1258.5,65,5,533.5,29.6,69,33.9,1,322,4,1,1,23.3
2026-09-05T12:05:00+05:30,2026-09-05 12:05:00,32.5,38.3,23.7,3.5,5.5,16.6,322,0,0,0,0.6,0.3,1258.5,60,2,274.8,29.5,69,33.7,1,322,1.8,1,1,23.2
2026-09-05T12:00:00+05:30,2026-09-05 12:00:00,31.2,36.4,23.6,1.1,7.2,16.6,222,0,0,0,0.6,0.3,1258.5,64,8,908.7,29.4,69,33.4,1,303,4,1,1,23.1
2026-09-05T11:55:00+05:30,2026-09-05 11:55:00,30.9,35.9,23.5,6.1,11.1,16.6,290,0,0,0,0.6,0.3,1258.5,65,8,891,29.3,69,33.2,1,297,2.9,1,1,23
2026-09-05T11:50:00+05:30,2026-09-05 11:50:00,30.5,35.2,23.4,0,3.5,16.6,315,0,0,0,0.6,0.3,1258.5,66,5,571.9,29.2,69,33,1,294,2.9,1,1,22.9
2026-09-05T11:45:00+05:30,2026-09-05 11:45:00,30.3,35,23.5,4.3,11.1,16.6,281,0,0,0,0.6,0.3,1258.5,67,8,903.6,29.2,69,33,1,311,3.5,1,1,22.9
2026-09-05T11:40:00+05:30,2026-09-05 11:40:00,30.7,35.5,23.4,1.1,7.2,16.6,352,0,0,0,0.6,0.3,1258.5,65,8,919,29.2,69,33,1,329,2.9,1,1,22.9
2026-09-05T11:35:00+05:30,2026-09-05 11:35:00,30.7,35,22.9,3.5,7.2,16.6,286,0,0,0,0.6,0.3,1258.5,63,7,776.4,29.1,69,32.8,1,271,3.5,1,1,22.8
2026-09-05T11:30:00+05:30,2026-09-05 11:30:00,30.3,34.5,22.9,4.7,5.5,16.6,287,0,0,0,0.6,0.3,1258.5,65,8,832.8,29,70,32.7,1,287,5.5,1,1,22.9
2026-09-05T11:25:00+05:30,2026-09-05 11:25:00,30.1,34.4,23,2.9,11.1,16.6,250,0,0,0,0.6,0.3,1258.5,66,8,841.9,28.9,70,32.5,1,283,6.4,1,1,22.8
2026-09-05T11:20:00+05:30,2026-09-05 11:20:00,30.6,34.7,22.7,10.1,11.1,16.6,278,0,0,0,0.6,0.3,1258.5,63,8,822.4,28.8,70,32.2,1,283,4,1,1,22.7
2026-09-05T11:15:00+05:30,2026-09-05 11:15:00,30.6,34.7,22.7,8.7,11.1,16.6,275,0,0,0,0.6,0.3,1258.5,63,8,822.4,28.8,70,32.2,1,278,6.4,1,1,22.7
2026-09-05T11:10:00+05:30,2026-09-05 11:10:00,30.2,34.1,22.6,10.5,14.8,16.6,347,0,0,0,0.6,0.3,1258.5,64,7,804.4,28.6,70,31.9,1,283,6.4,1,1,22.6
2026-09-05T11:05:00+05:30,2026-09-05 11:05:00,30.4,34.7,23.1,0,9.3,14.8,310,0,0,0,0.6,0.3,1258.5,65,8,827.6,28.5,70,31.7,1,274,5,1,1,22.5
2026-09-05T11:00:00+05:30,2026-09-05 11:00:00,30.8,35.4,23.2,5,14.8,14.8,266,0,0,0,0.6,0.3,1258.5,64,8,826.2,28.5,71,31.8,1,278,1.8,1,1,22.7
2026-09-05T10:55:00+05:30,2026-09-05 10:55:00,31.2,35.9,23.1,0.3,3.5,14.8,346,0,0,0,0.6,0.3,1258.5,62,7,768.4,28.4,71,31.6,1,281,2.1,1,1,22.6
2026-09-05T10:50:00+05:30,2026-09-05 10:50:00,30.8,35.1,22.9,9.7,11.1,14.8,263,0,0,0,0.6,0.3,1258.5,63,7,761.8,28.3,71,31.4,1,291,2.9,1,1,22.5
2026-09-05T10:45:00+05:30,2026-09-05 10:45:00,30.9,35.6,23.3,2.9,11.1,14.8,181,0,0,0,0.6,0.3,1258.5,64,7,749.5,28.2,71,31.2,1,297,2.1,1,1,22.4
2026-09-05T10:40:00+05:30,2026-09-05 10:40:00,30.5,35,23.2,0,0,14.8,222,0,0,0,0.6,0.3,1258.5,65,7,731.2,28.1,71,31,1,273,1.8,1,1,22.3
2026-09-05T10:35:00+05:30,2026-09-05 10:35:00,30.5,35,23.2,5.5,14.8,14.8,273,0,0,0,0.6,0.3,1258.5,65,7,737.1,28,71,30.8,1,293,3.5,1,1,22.2
2026-09-05T10:30:00+05:30,2026-09-05 10:30:00,29.8,33.6,22.7,0,3.5,14.8,293,0,0,0,0.6,0.3,1258.5,66,7,725.9,28,71,30.8,1,293,5.5,1,1,22.2
2026-09-05T10:25:00+05:30,2026-09-05 10:25:00,29.4,33.2,22.9,6.1,11.1,14.8,281,0,0,0,0.6,0.3,1258.5,68,3,318.6,27.9,71,30.6,1,288,5.5,1,1,22.1
2026-09-05T10:20:00+05:30,2026-09-05 10:20:00,29.6,33.5,22.8,2.9,7.2,14.8,295,0,0,0,0.6,0.3,1258.5,67,6,662.4,27.9,71,30.6,1,288,5.5,1,1,22.1
2026-09-05T10:15:00+05:30,2026-09-05 10:15:00,29.2,32.8,22.7,3.2,11.1,14.8,266,0,0,0,0.6,0.3,1258.5,68,6,700,27.8,71,30.4,1,287,6.1,1,1,22
2026-09-05T10:10:00+05:30,2026-09-05 10:10:00,28.8,32.1,22.5,7.2,9.3,14.8,56,0,0,0,0.6,0.3,1258.5,69,2,277.4,27.7,72,30.4,1,285,6.1,1,1,22.2
2026-09-05T10:05:00+05:30,2026-09-05 10:05:00,29.2,32.6,22.4,0.3,11.1,14.8,284,0,0,0,0.6,0.3,1258.5,67,6,664.4,27.7,72,30.4,1,284,5.5,1,1,22.2
2026-09-05T10:00:00+05:30,2026-09-05 10:00:00,29.6,33.5,22.8,3.5,13,14.8,294,0,0,0,0.6,0.3,1258.5,67,6,652.1,27.6,72,30.2,1,294,2.1,1,1,22.1
2026-09-05T09:55:00+05:30,2026-09-05 09:55:00,29.7,33.5,22.7,3.5,5.5,14.8,274,0,0,0,0.6,0.3,1258.5,66,6,641.6,27.5,72,29.9,1,277,3.2,1,1,22
2026-09-05T09:50:00+05:30,2026-09-05 09:50:00,29.1,32.4,22.3,1.8,9.3,14.8,277,0,0,0,0.6,0.3,1258.5,67,5,580.4,27.5,72,29.9,1,284,6.1,1,1,22
2026-09-05T09:45:00+05:30,2026-09-05 09:45:00,28.9,32,22.1,10.8,14.8,14.8,307,0,0,0,0.6,0.3,1258.5,67,5,611,27.4,72,29.7,1,259,2.9,1,1,21.9
2026-09-05T09:40:00+05:30,2026-09-05 09:40:00,30.2,34.1,22.6,2.6,7.2,13,337,0,0,0,0.6,0.3,1258.5,64,5,597.5,27.4,73,29.8,1,252,1.1,1,1,22.1
2026-09-05T09:35:00+05:30,2026-09-05 09:35:00,29.6,33.3,22.6,0.3,1.8,13,249,0,0,0,0.6,0.3,1258.5,66,5,587.3,27.4,73,29.8,1,287,1.1,1,1,22.1
2026-09-05T09:30:00+05:30,2026-09-05 09:30:00,29.5,33,22.5,1.1,7.2,13,290,0,0,0,0.6,0.3,1258.5,66,5,567,27.3,73,29.6,1,290,0.6,1,1,22
2026-09-05T09:25:00+05:30,2026-09-05 09:25:00,29.3,32.8,22.5,0.3,5.5,13,142,0,0,0,0.6,0.3,1258.5,67,5,525.4,27.3,73,29.6,1,290,1.8,1,1,22
2026-09-05T09:20:00+05:30,2026-09-05 09:20:00,28.9,32,22.1,5.8,7.2,13,294,0,0,0,0.6,0.3,1258.5,67,4,466.1,27.2,73,29.5,1,294,1.8,1,1,21.9
2026-09-05T09:15:00+05:30,2026-09-05 09:15:00,28.9,32.3,22.6,2.1,5.5,11.1,328,0,0,0,0.6,0.3,1258.5,69,5,514.7,27.2,74,29.6,1,289,1.8,1,1,22.2
2026-09-05T09:10:00+05:30,2026-09-05 09:10:00,28.9,32.5,22.9,0,7.2,11.1,288,0,0,0,0.6,0.3,1258.5,70,4,505.8,27.1,74,29.4,1,312,1.8,1,1,22.1
2026-09-05T09:05:00+05:30,2026-09-05 09:05:00,28.6,32.1,22.8,0.3,3.5,11.1,315,0,0,0,0.6,0.3,1258.5,71,4,485.1,27.1,74,29.4,1,315,0,1,1,22.1
2026-09-05T09:00:00+05:30,2026-09-05 09:00:00,29.4,33.6,23.3,5,11.1,11.1,329,0,0,0,0.6,0.3,1258.5,70,4,461.4,27,74,29.2,1,140,0,1,1,21.9
2026-09-05T08:55:00+05:30,2026-09-05 08:55:00,29.7,34.1,23.4,0,0,3.5,140,0,0,0,0.6,0.3,1258.5,69,4,454.4,27,74,29.2,1,140,0,1,1,21.9
2026-09-05T08:50:00+05:30,2026-09-05 08:50:00,29,32.7,23,0,0,3.5,140,0,0,0,0.6,0.3,1258.5,70,4,430.7,26.9,74,29,1,129,0,1,1,21.8
2026-09-05T08:45:00+05:30,2026-09-05 08:45:00,29,33.3,23.7,0,0,3.5,130,0,0,0,0.6,0.3,1258.5,73,4,418.8,26.9,74,29,1,151,0,1,1,21.8
2026-09-05T08:40:00+05:30,2026-09-05 08:40:00,28.9,32.7,23.1,0,1.8,3.5,154,0,0,0,0.6,0.3,1258.5,71,3,398.3,26.9,74,29,1,67,0,1,1,21.8
2026-09-05T08:35:00+05:30,2026-09-05 08:35:00,28.7,32.3,22.9,1.8,3.5,3.5,68,0,0,0,0.6,0.3,1258.5,71,3,383.6,26.8,74,28.8,1,4,0,1,1,21.7
2026-09-05T08:30:00+05:30,2026-09-05 08:30:00,29.1,33.4,23.5,0,0,3.5,10,0,0,0,0.6,0.3,1258.5,72,3,366.6,26.7,74,28.7,1,10,0,1,1,21.7
2026-09-05T08:25:00+05:30,2026-09-05 08:25:00,28.5,32.3,23.4,0,0,3.5,11,0,0,0,0.6,0.3,1258.5,74,3,349.9,26.8,74,28.8,1,11,0,1,1,21.7
2026-09-05T08:20:00+05:30,2026-09-05 08:20:00,28.2,31.5,22.9,0,0,3.5,11,0,0,0,0.6,0.3,1258.5,73,3,330.8,26.7,74,28.7,1,11,0,1,1,21.7
2026-09-05T08:15:00+05:30,2026-09-05 08:15:00,27.1,29.8,22.9,0,0,3.5,11,0,0,0,0.6,0.3,1258.5,78,2,298.2,26.7,74,28.7,1,11,0,1,1,21.7
2026-09-05T08:10:00+05:30,2026-09-05 08:10:00,27,29.5,22.6,0,0,3.5,11,0,0,0,0.6,0.3,1258.5,77,2,293.8,26.6,74,27.3,1,11,0,1,1,21.6
2026-09-05T08:05:00+05:30,2026-09-05 08:05:00,25.8,26.6,22.5,0,0,3.5,11,0,0,0,0.6,0.3,1258.5,82,2,268.2,26.6,74,27.3,1,11,0,1,1,21.6
2026-09-05T08:00:00+05:30,2026-09-05 08:00:00,25.3,26,22.2,0,0,3.5,12,0,0,0,0.6,0.3,1258.5,83,0,65.6,26.6,74,27.3,1,12,0,1,1,21.6
2026-09-05T07:55:00+05:30,2026-09-05 07:55:00,25.3,26,22.2,0,0,3.5,12,0,0,0,0.6,0.3,1258.5,83,0,43.2,26.6,74,27.3,1,12,0,1,1,21.6
2026-09-05T07:50:00+05:30,2026-09-05 07:50:00,25.2,26,22.3,0,0,3.5,354,0,0,0,0.6,0.3,1258.5,84,0,40.8,26.5,74,27.1,1,350,0,1,1,21.5
2026-09-05T07:45:00+05:30,2026-09-05 07:45:00,24.9,25.7,22.2,0,0,3.5,351,0,0,0,0.6,0.3,1258.5,85,0,41.3,26.5,74,27.1,1,352,0,1,1,21.5
2026-09-05T07:40:00+05:30,2026-09-05 07:40:00,24.2,25,22.1,0,0,3.5,352,0,0,0,0.6,0.3,1258.5,88,0,43.8,26.5,74,27.1,1,352,0,1,1,21.5
2026-09-05T07:35:00+05:30,2026-09-05 07:35:00,23.9,24.6,21.8,0,0,3.5,344,0,0,0,0.6,0.3,1258.5,88,0,46.1,26.5,74,27.1,1,344,0,1,1,21.5
2026-09-05T07:30:00+05:30,2026-09-05 07:30:00,24,24.8,22.3,0,0,3.5,344,0,0,0,0.6,0.3,1258.5,90,0,34.4,26.5,74,27.1,1,344,0,1,1,21.5
2026-09-05T07:25:00+05:30,2026-09-05 07:25:00,24,24.8,22.3,0,0,3.5,344,0,0,0,0.6,0.3,1258.5,90,0,33,26.5,74,27.1,1,344,0,1,1,21.5
2026-09-05T07:20:00+05:30,2026-09-05 07:20:00,23.9,24.7,22.1,0,0,3.5,344,0,0,0,0.6,0.3,1258.5,90,0,31.9,26.5,74,27.1,1,344,0,1,1,21.5
2026-09-05T07:15:00+05:30,2026-09-05 07:15:00,23.1,24,22.3,0,0,3.5,344,0,0,0,0.6,0.3,1258.5,95,0,78.3,26.5,74,27.1,1,344,0,1,1,21.5
2026-09-05T07:10:00+05:30,2026-09-05 07:10:00,22.4,23.2,21.7,0,0,3.5,344,0,0,0,0.6,0.3,1258.5,96,0,64.6,26.5,74,27.1,1,344,0,1,1,21.5
2026-09-05T07:05:00+05:30,2026-09-05 07:05:00,22.1,22.9,21.8,0,0,3.5,344,0,0,0,0.6,0.3,1258.5,98,0,28.7,26.5,74,27.1,1,344,0,1,1,21.5
2026-09-05T07:00:00+05:30,2026-09-05 07:00:00,21.9,22.7,21.6,0,0,3.5,344,0,0,0,0.6,0.3,1258.5,98,0,27.4,26.5,74,27.1,1,350,0,1,1,21.5
2026-09-05T06:55:00+05:30,2026-09-05 06:55:00,21.7,22.5,21.4,0,0,3.5,349,0,0,0,0.6,0.3,1258.5,98,0,26.7,26.5,74,27.1,1,350,0,1,1,21.5
2026-09-05T06:50:00+05:30,2026-09-05 06:50:00,21.6,22.4,21.4,0,0,3.5,347,0,0,0,0.6,0.3,1258.5,99,0,26.4,26.5,74,27.1,1,347,0,1,1,21.5
2026-09-05T06:45:00+05:30,2026-09-05 06:45:00,21.6,22.4,21.4,0,0,3.5,346,0,0,0,0.6,0.3,1258.5,99,0,23.6,26.5,74,27.1,1,346,0,1,1,21.5
2026-09-05T06:40:00+05:30,2026-09-05 06:40:00,21.5,22.3,21.3,0,0,3.5,341,0,0,0,0.6,0.3,1258.5,99,0,20.9,26.5,74,27.1,1,341,0,1,1,21.5
2026-09-05T06:35:00+05:30,2026-09-05 06:35:00,21.4,22.2,21.2,0,0,3.5,340,0,0,0,0.6,0.3,1258.5,99,0,19.5,26.5,74,27.1,1,340,0,1,1,21.5
2026-09-05T06:30:00+05:30,2026-09-05 06:30:00,21.4,22.2,21.2,0,0,3.5,340,0,0,0,0.6,0.3,1258.5,99,0,17.9,26.6,74,27.3,1,328,0,1,1,21.6
2026-09-05T06:25:00+05:30,2026-09-05 06:25:00,21.4,22.2,21.2,0,0,3.5,322,0,0,0,0.6,0.3,1258.5,99,0,15.8,26.5,74,27.1,1,322,0,1,1,21.5
2026-09-05T06:20:00+05:30,2026-09-05 06:20:00,21.3,22,21.1,0,0,3.5,320,0,0,0,0.6,0.3,1258.5,99,0,12.5,26.6,74,27.3,1,314,0,1,1,21.6
2026-09-05T06:15:00+05:30,2026-09-05 06:15:00,21.3,22,21.1,0,0,3.5,40,0,0,0,0.6,0.3,1258.5,99,0,9.9,26.6,74,27.3,1,8,0,1,1,21.6
2026-09-05T06:10:00+05:30,2026-09-05 06:10:00,21.3,22,21.1,0,0,3.5,8,0,0,0,0.6,0.3,1258.5,99,0,7.1,26.6,74,27.3,1,8,0,1,1,21.6
2026-09-05T06:05:00+05:30,2026-09-05 06:05:00,21.3,22,21.1,0,0,3.5,8,0,0,0,0.6,0.3,1258.5,99,0,4.6,26.6,74,27.3,1,8,0,1,1,21.6
2026-09-05T06:00:00+05:30,2026-09-05 06:00:00,21.3,22,21.1,0,0,3.5,8,0,0,0,0.6,0.3,1258.5,99,0,2.4,26.6,74,27.3,1,8,0,1,1,21.6
2026-09-05T05:55:00+05:30,2026-09-05 05:55:00,21.3,22,21.1,0,0,3.5,8,0,0,0,0.6,0.3,1258.5,99,0,1.1,26.6,74,27.3,1,8,0,1,1,21.6
2026-09-05T05:50:00+05:30,2026-09-05 05:50:00,21.3,22,21.1,0,0,3.5,8,0,0,0,0.6,0.3,1258.5,99,0,0.3,26.6,74,27.3,1,8,0,1,1,21.6
2026-09-05T05:45:00+05:30,2026-09-05 05:45:00,21.4,22.2,21.2,0,0,3.5,8,0,0,0,0.6,0.3,1258.5,99,0,0.1,26.7,74,28.7,1,8,0,1,1,21.7
2026-09-05T05:40:00+05:30,2026-09-05 05:40:00,21.4,22.2,21.2,0,0,3.5,8,0,0,0,0.6,0.3,1258.5,99,0,0,26.7,74,28.7,1,8,0,1,1,21.7
2026-09-05T05:35:00+05:30,2026-09-05 05:35:00,21.4,22.2,21.2,0,0,3.5,8,0,0,0,0.6,0.3,1258.5,99,0,0,26.7,74,28.7,1,8,0,1,1,21.7
2026-09-05T05:30:00+05:30,2026-09-05 05:30:00,21.4,22.2,21.2,0,0,3.5,8,0,0,0,0.6,0.3,1258.5,99,0,0,26.7,74,28.7,1,8,0,1,1,21.7
2026-09-05T05:25:00+05:30,2026-09-05 05:25:00,21.4,22.2,21.2,0,0,3.5,8,0,0,0,0.6,0.3,1258.5,99,0,0,26.7,74,28.7,1,8,0,1,1,21.7
2026-09-05T05:20:00+05:30,2026-09-05 05:20:00,21.4,22.1,21.1,0,0,3.5,9,0,0,0,0.6,0.3,1258.5,98,0,0,26.7,74,28.7,1,9,0,1,1,21.7
2026-09-05T05:15:00+05:30,2026-09-05 05:15:00,21.4,22.1,21.1,0,0,3.5,9,0,0,0,0.6,0.3,1258.5,98,0,0,26.8,74,28.8,1,9,0,1,1,21.7
2026-09-05T05:10:00+05:30,2026-09-05 05:10:00,21.5,22.3,21.2,0,0,3.5,9,0,0,0,0.6,0.3,1258.5,98,0,0,26.8,74,28.8,1,9,0,1,1,21.7
2026-09-05T05:05:00+05:30,2026-09-05 05:05:00,21.5,22.3,21.2,0,0,3.5,9,0,0,0,0.6,0.3,1258.5,98,0,0,26.8,74,28.8,1,9,0,1,1,21.7
2026-09-05T05:00:00+05:30,2026-09-05 05:00:00,21.5,22.3,21.2,0,0,3.5,9,0,0,0,0.6,0.3,1258.5,98,0,0,26.8,74,28.8,1,9,0,1,1,21.7
2026-09-05T04:55:00+05:30,2026-09-05 04:55:00,21.5,22.3,21.2,0,0,3.5,10,0,0,0,0.6,0.3,1258.5,98,0,0,26.8,74,28.8,1,10,0,1,1,21.7
2026-09-05T04:50:00+05:30,2026-09-05 04:50:00,21.5,22.3,21.2,0,0,3.5,11,0,0,0,0.6,0.3,1258.5,98,0,0,26.8,74,28.8,1,11,0,1,1,21.7
2026-09-05T04:45:00+05:30,2026-09-05 04:45:00,21.6,22.4,21.3,0,0,3.5,14,0,0,0,0.6,0.3,1258.5,98,0,0,26.9,74,29,1,14,0,1,1,21.8
2026-09-05T04:40:00+05:30,2026-09-05 04:40:00,21.6,22.4,21.3,0,1.8,3.5,23,0,0,0,0.6,0.3,1258.5,98,0,0,26.8,74,28.8,1,353,0,1,1,21.7
2026-09-05T04:35:00+05:30,2026-09-05 04:35:00,21.6,22.4,21.3,0,0,3.5,353,0,0,0,0.6,0.3,1258.5,98,0,0,26.9,74,29,1,353,0,1,1,21.8
2026-09-05T04:30:00+05:30,2026-09-05 04:30:00,21.6,22.4,21.3,0,0,3.5,351,0,0,0,0.6,0.3,1258.5,98,0,0,26.9,74,29,1,351,0,1,1,21.8
2026-09-05T04:25:00+05:30,2026-09-05 04:25:00,21.7,22.5,21.4,0,0,3.5,351,0,0,0,0.6,0.3,1258.5,98,0,0,26.9,74,29,1,351,0,1,1,21.8
2026-09-05T04:20:00+05:30,2026-09-05 04:20:00,21.7,22.5,21.4,0,0,3.5,359,0,0,0,0.6,0.3,1258.5,98,0,0,26.9,74,29,1,351,0,1,1,21.8
2026-09-05T04:15:00+05:30,2026-09-05 04:15:00,21.7,22.5,21.4,0,0,3.5,359,0,0,0,0.6,0.3,1258.5,98,0,0,27,74,29.2,1,351,0,1,1,21.9
2026-09-05T04:10:00+05:30,2026-09-05 04:10:00,21.7,22.5,21.4,0,0,3.5,351,0,0,0,0.6,0.3,1258.5,98,0,0,26.9,74,29,1,351,0,1,1,21.8
2026-09-05T04:05:00+05:30,2026-09-05 04:05:00,21.8,22.6,21.4,0,0,3.5,348,0,0,0,0.6,0.3,1258.5,98,0,0,27,74,29.2,1,347,0,1,1,21.9
2026-09-05T04:00:00+05:30,2026-09-05 04:00:00,21.8,22.6,21.4,0,0,3.5,346,0,0,0,0.6,0.3,1258.5,98,0,0,27,74,29.2,1,346,0,1,1,21.9
2026-09-05T03:55:00+05:30,2026-09-05 03:55:00,21.8,22.6,21.4,0,0,3.5,346,0,0,0,0.6,0.3,1258.5,98,0,0,27,74,29.2,1,346,0,1,1,21.9
2026-09-05T03:50:00+05:30,2026-09-05 03:50:00,21.8,22.6,21.4,0,0,3.5,6,0,0,0,0.6,0.3,1258.5,98,0,0,27,74,29.2,1,351,0,1,1,21.9
2026-09-05T03:45:00+05:30,2026-09-05 03:45:00,21.9,22.7,21.6,0,0,3.5,351,0,0,0,0.6,0.3,1258.5,98,0,0,27,74,29.2,1,351,0,1,1,21.9
2026-09-05T03:40:00+05:30,2026-09-05 03:40:00,21.9,22.7,21.6,0,0,3.5,351,0,0,0,0.6,0.3,1258.5,98,0,0,27,74,29.2,1,351,0,1,1,21.9
2026-09-05T03:35:00+05:30,2026-09-05 03:35:00,21.9,22.7,21.6,0,0,3.5,352,0,0,0,0.6,0.3,1258.5,98,0,0,27,74,29.2,1,352,0,1,1,21.9
2026-09-05T03:30:00+05:30,2026-09-05 03:30:00,22,22.8,21.7,0,0,3.5,356,0,0,0,0.6,0.3,1258.5,98,0,0,27.1,74,29.4,1,356,0,1,1,22.1
2026-09-05T03:25:00+05:30,2026-09-05 03:25:00,21.9,22.7,21.6,0,0,3.5,357,0,0,0,0.6,0.3,1258.5,98,0,0,27.1,74,29.4,1,348,0,1,1,22.1
2026-09-05T03:20:00+05:30,2026-09-05 03:20:00,22,22.8,21.5,0,0,3.5,339,0,0,0,0.6,0.3,1258.5,97,0,0,27.1,74,29.4,1,349,0,1,1,22.1
2026-09-05T03:15:00+05:30,2026-09-05 03:15:00,22,22.8,21.7,0,0,3.5,349,0,0,0,0.6,0.3,1258.5,98,0,0,27.1,74,29.4,1,348,0,1,1,22.1
2026-09-05T03:10:00+05:30,2026-09-05 03:10:00,22,22.8,21.7,0,0,3.5,350,0,0,0,0.6,0.3,1258.5,98,0,0,27.1,74,29.4,1,348,0,1,1,22.1
2026-09-05T03:05:00+05:30,2026-09-05 03:05:00,22,22.8,21.7,0,0,3.5,12,0,0,0,0.6,0.3,1258.5,98,0,0,27.1,74,29.4,1,339,0,1,1,22.1
2026-09-05T03:00:00+05:30,2026-09-05 03:00:00,22,22.8,21.5,0,0,3.5,339,0,0,0,0.6,0.3,1258.5,97,0,0,27.1,74,29.4,1,345,0,1,1,22.1
2026-09-05T02:55:00+05:30,2026-09-05 02:55:00,22.1,22.9,21.6,0,0,3.5,338,0,0,0,0.6,0.3,1258.5,97,0,0,27.2,74,29.6,1,353,0,1,1,22.2
2026-09-05T02:50:00+05:30,2026-09-05 02:50:00,22.1,22.9,21.6,0,1.8,3.5,353,0,0,0,0.6,0.3,1258.5,97,0,0,27.2,74,29.6,1,353,0,1,1,22.2
2026-09-05T02:45:00+05:30,2026-09-05 02:45:00,22.2,23,21.7,0,0,0,13,0,0,0,0.6,0.3,1258.5,97,0,0,27.2,74,29.6,1,331,0,1,1,22.2
2026-09-05T02:40:00+05:30,2026-09-05 02:40:00,22.2,23,21.7,0,0,0,337,0,0,0,0.6,0.3,1258.5,97,0,0,27.2,74,29.6,1,327,0,1,1,22.2
2026-09-05T02:35:00+05:30,2026-09-05 02:35:00,22.3,23.1,21.8,0,0,0,321,0,0,0,0.6,0.3,1258.5,97,0,0,27.2,74,29.6,1,344,0,1,1,22.2
2026-09-05T02:30:00+05:30,2026-09-05 02:30:00,22.3,23.1,21.8,0,0,0,6,0,0,0,0.6,0.3,1258.5,97,0,0,27.3,74,29.7,1,347,0,1,1,22.2
2026-09-05T02:25:00+05:30,2026-09-05 02:25:00,22.3,23.1,21.8,0,0,0,349,0,0,0,0.6,0.3,1258.5,97,0,0,27.3,74,29.7,1,354,0,1,1,22.2
2026-09-05T02:20:00+05:30,2026-09-05 02:20:00,22.4,23.2,21.9,0,0,0,350,0,0,0,0.6,0.3,1258.5,97,0,0,27.3,74,29.7,1,354,0,1,1,22.2
2026-09-05T02:15:00+05:30,2026-09-05 02:15:00,22.4,23.2,21.9,0,0,0,3,0,0,0,0.6,0.3,1258.5,97,0,0,27.3,74,29.7,1,3,0,1,1,22.2
2026-09-05T02:10:00+05:30,2026-09-05 02:10:00,22.4,23.2,21.9,0,0,0,3,0,0,0,0.6,0.3,1258.5,97,0,0,27.3,74,29.7,1,3,0,1,1,22.2
2026-09-05T02:05:00+05:30,2026-09-05 02:05:00,22.4,23.2,21.9,0,0,0,9,0,0,0,0.6,0.3,1258.5,97,0,0,27.4,74,29.9,1,2,0,1,1,22.3
2026-09-05T02:00:00+05:30,2026-09-05 02:00:00,22.4,23.2,21.9,0,0,0,358,0,0,0,0.6,0.3,1258.5,97,0,0,27.3,74,29.7,1,344,0,1,1,22.2
2026-09-05T01:55:00+05:30,2026-09-05 01:55:00,22.3,23.1,21.8,0,0,0,344,0,0,0,0.6,0.3,1258.5,97,0,0,27.4,74,29.9,1,344,0,1,1,22.3
2026-09-05T01:50:00+05:30,2026-09-05 01:50:00,22.4,23.2,21.9,0,0,0,344,0,0,0,0.6,0.3,1258.5,97,0,0,27.4,74,29.9,1,338,0,1,1,22.3
2026-09-05T01:45:00+05:30,2026-09-05 01:45:00,22.4,23.2,21.9,0,0,0,340,0,0,0,0.6,0.3,1258.5,97,0,0,27.4,74,29.9,1,341,0,1,1,22.3
2026-09-05T01:40:00+05:30,2026-09-05 01:40:00,22.5,23.3,22,0,0,0,333,0,0,0,0.6,0.3,1258.5,97,0,0,27.4,74,29.9,1,358,0,1,1,22.3
2026-09-05T01:35:00+05:30,2026-09-05 01:35:00,22.5,23.3,22,0,0,0,358,0,0,0,0.6,0.3,1258.5,97,0,0,27.5,74,30.2,1,359,0,1,1,22.4
2026-09-05T01:30:00+05:30,2026-09-05 01:30:00,22.6,23.5,22.1,0,0,0,358,0,0,0,0.6,0.3,1258.5,97,0,0,27.5,74,30.2,1,358,0,1,1,22.4
2026-09-05T01:25:00+05:30,2026-09-05 01:25:00,22.7,23.6,22.2,0,0,0,358,0,0,0,0.6,0.3,1258.5,97,0,0,27.5,74,30.2,1,358,0,1,1,22.4
2026-09-05T01:20:00+05:30,2026-09-05 01:20:00,22.7,23.6,22.2,0,0,0,359,0,0,0,0.6,0.3,1258.5,97,0,0,27.5,74,30.2,1,349,0,1,1,22.4
2026-09-05T01:15:00+05:30,2026-09-05 01:15:00,22.8,23.6,22.1,0,0,0,349,0,0,0,0.6,0.3,1258.5,96,0,0,27.5,74,30.2,1,341,0,1,1,22.4
2026-09-05T01:10:00+05:30,2026-09-05 01:10:00,22.8,23.6,22.1,0,0,0,341,0,0,0,0.6,0.3,1258.5,96,0,0,27.5,74,30.2,1,341,0,1,1,22.4
2026-09-05T01:05:00+05:30,2026-09-05 01:05:00,22.8,23.6,22.1,0,0,0,341,0,0,0,0.6,0.3,1258.5,96,0,0,27.5,74,30.2,1,341,0,1,1,22.4
2026-09-05T01:00:00+05:30,2026-09-05 01:00:00,22.9,23.7,22.2,0,0,0,354,0,0,0,0.6,0.3,1258.5,96,0,0,27.5,74,30.2,1,354,0,1,1,22.4
2026-09-05T00:55:00+05:30,2026-09-05 00:55:00,22.9,23.7,22.2,0,0,0,3,0,0,0,0.6,0.3,1258.5,96,0,0,27.5,74,30.2,1,351,0,1,1,22.4
2026-09-05T00:50:00+05:30,2026-09-05 00:50:00,22.9,23.7,22.2,0,0,0,346,0,0,0,0.6,0.3,1258.5,96,0,0,27.6,74,30.4,1,346,0,1,1,22.6
2026-09-05T00:45:00+05:30,2026-09-05 00:45:00,23,23.9,22.3,0,0,0,344,0,0,0,0.6,0.3,1258.5,96,0,0,27.6,73,30.3,1,344,0,1,1,22.3
2026-09-05T00:40:00+05:30,2026-09-05 00:40:00,23,23.9,22.3,0,0,0,344,0,0,0,0.6,0.3,1258.5,96,0,0,27.6,73,30.3,1,344,0,1,1,22.3
2026-09-05T00:35:00+05:30,2026-09-05 00:35:00,23.1,24,22.4,0,0,0,344,0,0,0,0.6,0.3,1258.5,96,0,0,27.6,73,30.3,1,344,0,1,1,22.3
2026-09-05T00:30:00+05:30,2026-09-05 00:30:00,23,23.8,22.2,0,0,0,344,0,0,0,0.6,0.3,1258.5,95,0,0,27.6,73,30.3,1,0,0,1,1,22.3
2026-09-05T00:25:00+05:30,2026-09-05 00:25:00,23.1,24,22.3,0,0,0,0,0,0,0,0.6,0.3,1258.5,95,0,0,27.6,73,30.3,1,0,0,1,1,22.3
2026-09-05T00:20:00+05:30,2026-09-05 00:20:00,23.2,24.1,22.4,0,0,0,0,0,0,0,0.6,0.3,1258.5,95,0,0,27.7,73,30.5,1,0,0,1,1,22.4
2026-09-05T00:15:00+05:30,2026-09-05 00:15:00,23.3,24.1,22.3,0,0,0,0,0,0,0,0.6,0.3,1258.5,94,0,0,27.7,73,30.5,1,331,0,1,1,22.4
2026-09-05T00:10:00+05:30,2026-09-05 00:10:00,23.4,24.2,22.4,0,0,0,331,0,0,0,0.6,0.3,1258.5,94,0,0,27.7,73,30.5,1,331,0,1,1,22.4
2026-09-05T00:05:00+05:30,2026-09-05 00:05:00,23.4,24.2,22.4,0,0,0,331,0,0,0,0.6,0.3,1258.5,94,0,0,27.7,73,30.5,1,331,0,1,1,22.4
2026-09-05T00:03:00+05:30,2026-09-05 00:03:00,23.5,24.3,22.3,0,0,0,331,0,0,0,0.6,0.3,1258.5,93,0,0,27.8,73,30.6,1,331,0,1,1,22.5
2026-09-04T23:50:00+05:30,2026-09-04 23:50:00,23.5,24.3,22.3,0,0,23.8,340,0,0,0,0.6,0.3,1258.5,93,0,0,27.8,73,30.6,1,340,0,1,1,22.5
2026-09-04T23:45:00+05:30,2026-09-04 23:45:00,23.6,24.5,22.4,0,0,23.8,340,0,0,0,0.6,0.3,1258.5,93,0,0,27.8,73,30.6,1,340,0,1,1,22.5
2026-09-04T23:40:00+05:30,2026-09-04 23:40:00,23.7,24.6,22.5,0,0,23.8,337,0,0,0,0.6,0.3,1258.5,93,0,0,27.8,73,30.6,1,337,0,1,1,22.5
2026-09-04T23:35:00+05:30,2026-09-04 23:35:00,23.7,24.6,22.5,0,0,23.8,338,0,0,0,0.6,0.3,1258.5,93,0,0,27.8,73,30.6,1,338,0,1,1,22.5
2026-09-04T23:30:00+05:30,2026-09-04 23:30:00,23.8,24.6,22.6,0,0,23.8,338,0,0,0,0.6,0.3,1258.5,93,0,0,27.9,73,30.8,1,338,0,1,1,22.6
2026-09-04T23:25:00+05:30,2026-09-04 23:25:00,24,24.9,22.6,0,0,23.8,338,0,0,0,0.6,0.3,1258.5,92,0,0,27.9,73,30.8,1,344,0,1,1,22.6
2026-09-04T23:20:00+05:30,2026-09-04 23:20:00,24.1,25,22.7,0,0,23.8,336,0,0,0,0.6,0.3,1258.5,92,0,0,27.9,73,30.8,1,351,0,1,1,22.6
2026-09-04T23:15:00+05:30,2026-09-04 23:15:00,24.1,25,22.5,0,0,23.8,353,0,0,0,0.6,0.3,1258.5,91,0,0,27.9,73,30.8,1,325,0,1,1,22.6
2026-09-04T23:10:00+05:30,2026-09-04 23:10:00,24.1,24.9,22.4,0,0,23.8,326,0,0,0,0.6,0.3,1258.5,90,0,0,27.9,73,30.8,1,325,0,1,1,22.6
2026-09-04T23:05:00+05:30,2026-09-04 23:05:00,24.1,25,22.5,0,0,23.8,327,0,0,0,0.6,0.3,1258.5,91,0,0,27.9,73,30.8,1,302,0,1,1,22.6
2026-09-04T23:00:00+05:30,2026-09-04 23:00:00,24.3,25.1,22.5,0,0,23.8,295,0,0,0,0.6,0.3,1258.5,90,0,0,27.9,73,30.8,1,294,0,1,1,22.6
2026-09-04T22:55:00+05:30,2026-09-04 22:55:00,24.5,25.4,22.7,0,0,23.8,293,0,0,0,0.6,0.3,1258.5,90,0,0,28,73,31.1,1,293,0,1,1,22.7
2026-09-04T22:50:00+05:30,2026-09-04 22:50:00,24.6,25.5,22.7,0,0,23.8,293,0,0,0,0.6,0.3,1258.5,89,0,0,28,73,31.1,1,293,0,1,1,22.7
2026-09-04T22:45:00+05:30,2026-09-04 22:45:00,24.7,25.5,22.6,0,0,23.8,292,0,0,0,0.6,0.3,1258.5,88,0,0,28,73,31.1,1,292,0,1,1,22.7
2026-09-04T22:40:00+05:30,2026-09-04 22:40:00,24.7,25.5,22.6,0,0,23.8,292,0,0,0,0.6,0.3,1258.5,88,0,0,28,73,31.1,1,292,0,1,1,22.7
2026-09-04T22:35:00+05:30,2026-09-04 22:35:00,24.7,25.5,22.6,0,0,23.8,301,0,0,0,0.6,0.3,1258.5,88,0,0,28,73,31.1,1,301,0,1,1,22.7
2026-09-04T22:30:00+05:30,2026-09-04 22:30:00,24.7,25.6,22.8,0,0,23.8,301,0,0,0,0.6,0.3,1258.5,89,0,0,28.1,73,31.3,1,301,0,1,1,22.8
2026-09-04T22:25:00+05:30,2026-09-04 22:25:00,24.8,25.6,22.6,0,0,23.8,301,0,0,0,0.6,0.3,1258.5,88,0,0,28.1,73,31.3,1,300,0,1,1,22.8
2026-09-04T22:20:00+05:30,2026-09-04 22:20:00,24.7,25.5,22.6,0,0,23.8,300,0,0,0,0.6,0.3,1258.5,88,0,0,28.1,73,31.3,1,300,0,1,1,22.8
2026-09-04T22:15:00+05:30,2026-09-04 22:15:00,24.7,25.6,22.8,0,0,23.8,300,0,0,0,0.6,0.3,1258.5,89,0,0,28.1,73,31.3,1,300,0,1,1,22.8
2026-09-04T22:10:00+05:30,2026-09-04 22:10:00,24.7,25.6,22.8,0,0,23.8,300,0,0,0,0.6,0.3,1258.5,89,0,0,28.1,73,31.3,1,300,0,1,1,22.8
2026-09-04T22:05:00+05:30,2026-09-04 22:05:00,24.9,25.7,22.8,0,0,23.8,300,0,0,0,0.6,0.3,1258.5,88,0,0,28.2,73,31.6,1,300,0,1,1,22.9
2026-09-04T22:00:00+05:30,2026-09-04 22:00:00,24.9,25.7,22.8,0,0,23.8,299,0,0,0,0.6,0.3,1258.5,88,0,0,28.2,73,31.6,1,299,0,1,1,22.9
2026-09-04T21:55:00+05:30,2026-09-04 21:55:00,25,25.9,22.9,0,0,23.8,307,0,0,0,0.6,0.3,1258.5,88,0,0,28.2,73,31.6,1,307,0,1,1,22.9
2026-09-04T21:50:00+05:30,2026-09-04 21:50:00,25,25.9,22.9,0,0,23.8,307,0,0,0,0.6,0.3,1258.5,88,0,0,28.2,73,31.6,1,334,0,1,1,22.9
2026-09-04T21:45:00+05:30,2026-09-04 21:45:00,24.9,25.8,22.9,0,0,23.8,334,0,0,0,0.6,0.3,1258.5,89,0,0,28.2,73,31.6,1,334,0,1,1,22.9
2026-09-04T21:40:00+05:30,2026-09-04 21:40:00,25.1,26,23.2,0,0,23.8,334,0,0,0,0.6,0.3,1258.5,89,0,0,28.2,73,31.6,1,334,0,1,1,22.9
2026-09-04T21:35:00+05:30,2026-09-04 21:35:00,25.1,26,23.2,0,0,23.8,334,0,0,0,0.6,0.3,1258.5,89,0,0,28.3,73,31.7,1,334,0,1,1,22.9
2026-09-04T21:30:00+05:30,2026-09-04 21:30:00,25.1,26,23.2,0,0,23.8,334,0,0,0,0.6,0.3,1258.5,89,0,0,28.3,73,31.7,1,334,0,1,1,22.9
2026-09-04T21:25:00+05:30,2026-09-04 21:25:00,25.1,26,23.2,0,0,23.8,334,0,0,0,0.6,0.3,1258.5,89,0,0,28.3,72,31.5,1,334,0,1,1,22.7
2026-09-04T21:20:00+05:30,2026-09-04 21:20:00,25.2,26.1,23.3,0,0,23.8,334,0,0,0,0.6,0.3,1258.5,89,0,0,28.3,72,31.5,1,313,0,1,1,22.7
2026-09-04T21:15:00+05:30,2026-09-04 21:15:00,25.3,26.2,23.1,0,0,23.8,313,0,0,0,0.6,0.3,1258.5,88,0,0,28.3,72,31.5,1,305,0,1,1,22.7
2026-09-04T21:10:00+05:30,2026-09-04 21:10:00,25.5,26.4,23.4,0,0,23.8,312,0,0,0,0.6,0.3,1258.5,88,0,0,28.3,72,31.5,1,305,0,1,1,22.7
2026-09-04T21:05:00+05:30,2026-09-04 21:05:00,25.5,26.4,23.2,0,0,23.8,297,0,0,0,0.6,0.3,1258.5,87,0,0,28.4,72,31.7,1,297,0,1,1,22.8
2026-09-04T21:00:00+05:30,2026-09-04 21:00:00,25.6,26.5,23.1,0,0,23.8,297,0,0,0,0.6,0.3,1258.5,86,0,0,28.4,72,31.7,1,297,0,1,1,22.8
2026-09-04T20:55:00+05:30,2026-09-04 20:55:00,25.7,26.6,23.2,0,0,23.8,296,0,0,0,0.6,0.3,1258.5,86,0,0,28.4,72,31.7,1,296,1.1,1,1,22.8
2026-09-04T20:50:00+05:30,2026-09-04 20:50:00,25.6,26.5,23.1,3.5,3.5,23.8,292,0,0,0,0.6,0.3,1258.5,86,0,0,28.4,72,31.7,1,308,0,1,1,22.8
2026-09-04T20:45:00+05:30,2026-09-04 20:45:00,25.4,26.3,23.1,0,0,23.8,299,0,0,0,0.6,0.3,1258.5,87,0,0,28.4,72,31.7,1,308,0,1,1,22.8
2026-09-04T20:40:00+05:30,2026-09-04 20:40:00,25.4,26.3,23.3,0,0,23.8,317,0,0,0,0.6,0.3,1258.5,88,0,0,28.4,72,31.7,1,317,0,1,1,22.8
2026-09-04T20:35:00+05:30,2026-09-04 20:35:00,25.4,26.3,23.3,0,0,23.8,316,0,0,0,0.6,0.3,1258.5,88,0,0,28.5,72,32,1,316,0,1,1,22.9
2026-09-04T20:30:00+05:30,2026-09-04 20:30:00,25.4,26.3,23.3,0,0,23.8,316,0,0,0,0.6,0.3,1258.5,88,0,0,28.5,72,32,1,315,0,1,1,22.9
2026-09-04T20:25:00+05:30,2026-09-04 20:25:00,25.6,26.5,23.3,0,0,23.8,315,0,0,0,0.6,0.3,1258.5,87,0,0,28.5,72,32,1,315,0,1,1,22.9
2026-09-04T20:20:00+05:30,2026-09-04 20:20:00,25.9,26.8,23.4,0,0,23.8,309,0,0,0,0.6,0.3,1258.5,86,0,0,28.5,72,32,1,309,0,1,1,22.9
2026-09-04T20:15:00+05:30,2026-09-04 20:15:00,26,26.9,23.5,0,1.8,23.8,307,0,0,0,0.6,0.3,1258.5,86,0,0,28.6,72,32.2,1,307,0,1,1,23.1
2026-09-04T20:10:00+05:30,2026-09-04 20:10:00,25.9,26.8,23.2,0,1.8,23.8,314,0,0,0,0.6,0.3,1258.5,85,0,0,28.6,72,32.2,1,316,0,1,1,23.1
2026-09-04T20:05:00+05:30,2026-09-04 20:05:00,25.9,26.8,23.4,0,0,23.8,316,0,0,0,0.6,0.3,1258.5,86,0,0,28.6,72,32.2,1,316,0,1,1,23.1
2026-09-04T20:00:00+05:30,2026-09-04 20:00:00,25.9,26.8,23.4,0.3,1.8,23.8,315,0,0,0,0.6,0.3,1258.5,86,0,0,28.6,72,32.2,1,315,0,1,1,23.1
2026-09-04T19:55:00+05:30,2026-09-04 19:55:00,25.8,26.7,23.3,0,0,23.8,318,0,0,0,0.6,0.3,1258.5,86,0,0,28.6,72,32.2,1,318,0,1,1,23.1
2026-09-04T19:50:00+05:30,2026-09-04 19:50:00,25.8,26.7,23.3,2.9,3.5,23.8,318,0,0,0,0.6,0.3,1258.5,86,0,0,28.6,72,32.2,1,318,0,1,1,23.1
2026-09-04T19:45:00+05:30,2026-09-04 19:45:00,26,26.9,23.5,0,0,23.8,327,0,0,0,0.6,0.3,1258.5,86,0,0,28.7,72,32.5,1,327,0,1,1,23.2
2026-09-04T19:40:00+05:30,2026-09-04 19:40:00,26.1,27,23.4,0,0,23.8,323,0,0,0,0.6,0.3,1258.5,85,0,0,28.7,72,32.5,1,303,1.8,1,1,23.2
2026-09-04T19:35:00+05:30,2026-09-04 19:35:00,26,26.9,23.3,0.3,5.5,23.8,309,0,0,0,0.6,0.3,1258.5,85,0,0,28.7,72,32.5,1,322,1.8,1,1,23.2
2026-09-04T19:30:00+05:30,2026-09-04 19:30:00,26.2,27.1,23.3,2.9,5.5,23.8,303,0,0,0,0.6,0.3,1258.5,84,0,0,28.7,72,32.5,1,291,0,1,1,23.2
2026-09-04T19:25:00+05:30,2026-09-04 19:25:00,26.3,27.2,23.4,0,1.8,23.8,318,0,0,0,0.6,0.3,1258.5,84,0,0,28.8,72,32.6,1,298,0,1,1,23.2
2026-09-04T19:20:00+05:30,2026-09-04 19:20:00,26.3,27.2,23.5,1.1,5.5,23.8,284,0,0,0,0.6,0.3,1258.5,85,0,0,28.8,72,32.6,1,295,0.6,1,1,23.2
2026-09-04T19:15:00+05:30,2026-09-04 19:15:00,26.4,27.3,23.5,0,0,23.8,296,0,0,0,0.6,0.3,1258.5,84,0,0,28.8,72,32.6,1,290,2.1,1,1,23.2
2026-09-04T19:10:00+05:30,2026-09-04 19:10:00,26.4,27.3,23.5,2.1,3.5,23.8,298,0,0,0,0.6,0.3,1258.5,84,0,0,28.8,71,32.4,1,308,1.8,1,1,23
2026-09-04T19:05:00+05:30,2026-09-04 19:05:00,26.5,27.4,23.6,1.4,7.2,23.8,307,0,0,0,0.6,0.3,1258.5,84,0,0,28.8,71,32.4,1,300,1.4,1,1,23
2026-09-04T19:00:00+05:30,2026-09-04 19:00:00,26.5,27.4,23.6,2.9,3.5,23.8,291,0,0,0,0.6,0.3,1258.5,84,0,0,28.9,71,32.7,1,300,1.4,1,1,23.1
2026-09-04T18:55:00+05:30,2026-09-04 18:55:00,26.5,27.4,23.6,5.5,7.2,23.8,312,0,0,0,0.6,0.3,1258.5,84,0,0,28.9,71,32.7,1,299,1.8,1,1,23.1
2026-09-04T18:50:00+05:30,2026-09-04 18:50:00,26.4,27.3,23.7,0.3,1.8,23.8,286,0,0,0,0.6,0.3,1258.5,85,0,0,29,71,32.9,1,290,2.9,1,1,23.2
2026-09-04T18:45:00+05:30,2026-09-04 18:45:00,26.6,27.5,23.7,2.9,7.2,23.8,289,0,0,0,0.6,0.3,1258.5,84,0,0,29,71,32.9,1,313,1.4,1,1,23.2
2026-09-04T18:40:00+05:30,2026-09-04 18:40:00,26.8,29.5,23.6,1.4,3.5,23.8,311,0,0,0,0.6,0.3,1258.5,83,0,0,29,71,32.9,1,298,1.4,1,1,23.2
2026-09-04T18:35:00+05:30,2026-09-04 18:35:00,26.9,29.8,23.7,1.4,3.5,23.8,297,0,0,0,0.6,0.3,1258.5,83,0,0,29.1,71,33.2,1,297,1.4,1,1,23.3
2026-09-04T18:30:00+05:30,2026-09-04 18:30:00,27,29.9,23.7,2.9,7.2,23.8,291,0,0,0,0.6,0.3,1258.5,82,0,0,29.1,71,33.2,1,292,2.9,1,1,23.3
2026-09-04T18:25:00+05:30,2026-09-04 18:25:00,27,29.9,23.7,5,5.5,23.8,295,0,0,0,0.6,0.3,1258.5,82,0,0.1,29.1,71,33.2,1,295,2.1,1,1,23.3
2026-09-04T18:20:00+05:30,2026-09-04 18:20:00,27.3,30.6,23.9,1.4,3.5,23.8,288,0,0,0,0.6,0.3,1258.5,82,0,0.4,29.1,71,33.2,1,288,0,1,1,23.3
2026-09-04T18:15:00+05:30,2026-09-04 18:15:00,27.4,30.7,23.8,0,0,23.8,231,0,0,0,0.6,0.3,1258.5,81,0,1.8,29.1,70,32.9,1,296,1.1,1,1,23.1
2026-09-04T18:10:00+05:30,2026-09-04 18:10:00,27.3,30.5,23.7,0,3.5,23.8,300,0,0,0,0.6,0.3,1258.5,81,0,5.1,29.2,70,33.2,1,289,3.5,1,1,23.2
2026-09-04T18:05:00+05:30,2026-09-04 18:05:00,27.3,30.5,23.7,1.8,9.3,23.8,323,0,0,0,0.6,0.3,1258.5,81,0,8.7,29.2,70,33.2,1,286,3.5,1,1,23.2
2026-09-04T18:00:00+05:30,2026-09-04 18:00:00,27.4,30.6,23.6,0,1.8,23.8,294,0,0,0,0.6,0.3,1258.5,80,0,10,29.2,70,33.2,1,290,2.9,1,1,23.2
2026-09-04T17:55:00+05:30,2026-09-04 17:55:00,27.5,30.9,23.7,7.2,9.3,23.8,276,0,0,0,0.6,0.3,1258.5,80,0,10.2,29.3,70,33.3,1,302,3.5,1,1,23.2
2026-09-04T17:50:00+05:30,2026-09-04 17:50:00,27.7,31.3,23.7,4.7,9.3,23.8,307,0,0,0,0.6,0.3,1258.5,79,0,10.8,29.4,70,33.6,1,284,2.1,1,1,23.3
2026-09-04T17:45:00+05:30,2026-09-04 17:45:00,27.7,31.3,23.7,3.2,5.5,23.8,251,0,0,0,0.6,0.3,1258.5,79,0,11.1,29.4,70,33.6,1,280,1.4,1,1,23.3
2026-09-04T17:40:00+05:30,2026-09-04 17:40:00,27.8,31.3,23.6,2.9,5.5,23.8,315,0,0,0,0.6,0.3,1258.5,78,0,15.5,29.4,70,33.6,1,274,1.1,1,1,23.3
2026-09-04T17:35:00+05:30,2026-09-04 17:35:00,27.9,31.7,23.9,0,5.5,23.8,206,0,0,0,0.6,0.3,1258.5,79,0,19.2,29.4,70,33.6,1,287,1.8,1,1,23.3
2026-09-04T17:30:00+05:30,2026-09-04 17:30:00,28.1,32.1,23.9,5,7.2,23.8,287,0,0,0,0.6,0.3,1258.5,78,0,26.1,29.5,70,33.8,1,284,1.8,1,1,23.4
2026-09-04T17:25:00+05:30,2026-09-04 17:25:00,28.2,32.2,23.8,1.8,7.2,23.8,271,0,0,0,0.6,0.3,1258.5,77,0,39.4,29.5,70,33.8,1,287,1.8,1,1,23.4
2026-09-04T17:20:00+05:30,2026-09-04 17:20:00,28.5,32.8,24.1,5.5,9.3,23.8,299,0,0,0,0.6,0.3,1258.5,77,0,57.7,29.5,70,33.8,1,286,1.4,1,1,23.4
2026-09-04T17:15:00+05:30,2026-09-04 17:15:00,28.6,33.1,24.2,1.4,5.5,23.8,286,0,0,0,0.6,0.3,1258.5,77,0,81.6,29.5,70,33.8,1,286,2.1,1,1,23.4
2026-09-04T17:10:00+05:30,2026-09-04 17:10:00,28.5,32.7,23.8,1.8,7.2,23.8,277,0,0,0,0.6,0.3,1258.5,76,1,122.2,29.5,70,33.8,1,284,3.2,1,1,23.4
2026-09-04T17:05:00+05:30,2026-09-04 17:05:00,28.7,33,23.8,3.2,5.5,23.8,275,0,0,0,0.6,0.3,1258.5,75,1,141.8,29.4,70,33.6,1,286,3.5,1,1,23.3
2026-09-04T17:00:00+05:30,2026-09-04 17:00:00,28.5,32.7,23.8,3.5,9.3,23.8,329,0,0,0,0.6,0.3,1258.5,76,1,123.9,29.4,70,33.6,1,285,5.8,1,1,23.3
2026-09-04T16:55:00+05:30,2026-09-04 16:55:00,28.7,33.2,24.1,6.4,9.3,23.8,276,0,0,0,0.6,0.3,1258.5,76,0,97.1,29.5,70,33.8,1,285,5.5,1,1,23.4
2026-09-04T16:50:00+05:30,2026-09-04 16:50:00,28.9,33.4,24,4.7,7.2,23.8,283,0,0,0,0.6,0.3,1258.5,75,1,116.4,29.5,70,33.8,1,293,3.5,1,1,23.4
2026-09-04T16:45:00+05:30,2026-09-04 16:45:00,29.2,34,24.1,4,5.5,23.8,301,0,0,0,0.6,0.3,1258.5,74,0,91.9,29.5,69,33.7,1,293,5,1,1,23.2
2026-09-04T16:40:00+05:30,2026-09-04 16:40:00,28.8,33.2,23.9,4.7,7.2,23.8,281,0,0,0,0.6,0.3,1258.5,75,0,97.5,29.6,69,33.9,1,275,4.7,1,1,23.3
2026-09-04T16:35:00+05:30,2026-09-04 16:35:00,29,33.5,23.9,1.4,7.2,23.8,310,0,0,0,0.6,0.3,1258.5,74,0,67.5,29.7,69,34.2,1,267,5.5,1,1,23.4
2026-09-04T16:30:00+05:30,2026-09-04 16:30:00,29.3,34,23.9,11.1,13,23.8,276,0,0,0,0.6,0.3,1258.5,73,1,165.6,29.8,69,34.3,1,262,4.7,1,1,23.4
2026-09-04T16:25:00+05:30,2026-09-04 16:25:00,30.2,35.8,24.4,4.3,9.3,23.8,293,0,0,0,0.6,0.3,1258.5,71,0,81,29.8,69,34.3,1,286,3.5,1,1,23.4
2026-09-04T16:20:00+05:30,2026-09-04 16:20:00,30.1,35.3,24,2.9,14.8,23.8,340,0,0,0,0.6,0.3,1258.5,70,1,196.5,29.8,69,34.3,1,278,4.3,1,1,23.4
2026-09-04T16:15:00+05:30,2026-09-04 16:15:00,30.1,35.6,24.3,3.2,9.3,23.8,271,0,0,0,0.6,0.3,1258.5,71,1,198.2,29.8,69,34.3,1,278,5.5,1,1,23.4
2026-09-04T16:10:00+05:30,2026-09-04 16:10:00,30.1,35.6,24.3,3.5,9.3,23.8,276,0,0,0,0.6,0.3,1258.5,71,2,214.1,29.8,68,34.1,1,287,5.5,1,1,23.2
2026-09-04T16:05:00+05:30,2026-09-04 16:05:00,30.2,35.8,24.4,7.2,16.6,23.8,255,0,0,0,0.6,0.3,1258.5,71,2,208.9,29.8,69,34.3,1,274,4,1,1,23.4
2026-09-04T16:00:00+05:30,2026-09-04 16:00:00,30.4,36.3,24.5,4.3,11.1,23.8,235,0,0,0,0.6,0.3,1258.5,71,2,245.2,29.8,70,34.5,1,274,6.1,1,1,23.7
2026-09-04T15:55:00+05:30,2026-09-04 15:55:00,29.6,34.8,24.2,6.4,13,23.8,344,0,0,0,0.6,0.3,1258.5,73,2,272.6,29.8,69,34.3,1,282,6.9,1,1,23.4
2026-09-04T15:50:00+05:30,2026-09-04 15:50:00,29.9,35.2,24.3,5.8,9.3,23.8,290,0,0,0,0.6,0.3,1258.5,72,2,282.5,29.8,69,34.3,1,311,5.5,1,1,23.4
2026-09-04T15:45:00+05:30,2026-09-04 15:45:00,30,35.3,24.2,5.5,13,23.8,311,0,0,0,0.6,0.3,1258.5,71,2,297.7,29.8,69,34.3,1,311,5.5,1,1,23.4
2026-09-04T15:40:00+05:30,2026-09-04 15:40:00,30.1,35.3,24,11.6,14.8,23.8,285,0,0,0,0.6,0.3,1258.5,70,3,309.7,29.8,69,34.3,1,285,6.9,1,1,23.4
2026-09-04T15:35:00+05:30,2026-09-04 15:35:00,30.1,35.6,24.3,6.1,9.3,23.8,268,0,0,0,0.6,0.3,1258.5,71,3,317.8,29.8,69,34.3,1,283,7.2,1,1,23.4
2026-09-04T15:30:00+05:30,2026-09-04 15:30:00,30.2,35.8,24.4,4,13,23.8,262,0,0,0,0.6,0.3,1258.5,71,3,336.1,29.8,69,34.3,1,269,5.8,1,1,23.4
2026-09-04T15:25:00+05:30,2026-09-04 15:25:00,30.3,36,24.4,10.5,13,23.8,279,0,0,0,0.6,0.3,1258.5,71,3,362.5,29.8,69,34.3,1,271,5.8,1,1,23.4
2026-09-04T15:20:00+05:30,2026-09-04 15:20:00,29.4,34,23.8,0,9.3,23.8,313,0,0,0,0.6,0.3,1258.5,72,3,374.5,29.8,68,34.1,1,280,5.8,1,1,23.2
2026-09-04T15:15:00+05:30,2026-09-04 15:15:00,30.2,35.6,24.1,4.3,16.6,23.8,296,0,0,0,0.6,0.3,1258.5,70,3,339.5,29.9,69,34.6,1,286,4.3,1,1,23.6
2026-09-04T15:10:00+05:30,2026-09-04 15:10:00,30.9,37,24.5,5.5,13,23.8,328,0,0,0,0.6,0.3,1258.5,69,1,151.4,29.9,69,34.6,1,286,2.1,1,1,23.6
2026-09-04T15:05:00+05:30,2026-09-04 15:05:00,30.2,36.1,24.6,0,3.5,23.8,272,0,0,0,0.6,0.3,1258.5,72,4,463.1,29.9,69,34.6,1,281,2.9,1,1,23.6
2026-09-04T15:00:00+05:30,2026-09-04 15:00:00,30.9,37.6,25,8.7,14.8,23.8,287,0,0,0,0.6,0.3,1258.5,71,4,459.6,30,69,34.8,1,287,4,1,1,23.7
2026-09-04T14:55:00+05:30,2026-09-04 14:55:00,31.2,37.6,24.6,4,5.5,23.8,322,0,0,0,0.6,0.3,1258.5,68,4,477.6,30,68,34.6,1,329,4,1,1,23.4
2026-09-04T14:50:00+05:30,2026-09-04 14:50:00,31.1,37.3,24.5,6.4,11.1,23.8,294,0,0,0,0.6,0.3,1258.5,68,4,494.2,30,68,34.6,1,286,4,1,1,23.4
2026-09-04T14:45:00+05:30,2026-09-04 14:45:00,31.5,38,24.6,8.7,16.6,23.8,289,0,0,0,0.6,0.3,1258.5,67,5,519.2,29.9,67,34.1,1,290,5.5,1,1,23.1
2026-09-04T14:40:00+05:30,2026-09-04 14:40:00,31.3,37.1,24.1,10.5,16.6,23.8,258,0,0,0,0.6,0.3,1258.5,66,5,525.8,29.9,67,34.1,1,310,5,1,1,23.1
2026-09-04T14:35:00+05:30,2026-09-04 14:35:00,31.5,37.1,23.8,6.4,11.1,23.8,276,0,0,0,0.6,0.3,1258.5,64,5,547.3,29.8,67,33.8,1,316,5.5,1,1,23
2026-09-04T14:30:00+05:30,2026-09-04 14:30:00,30.5,35.5,23.7,4.3,9.3,23.8,273,0,0,0,0.6,0.3,1258.5,67,5,559.8,29.8,66,33.6,1,296,7.9,1,1,22.7
2026-09-04T14:25:00+05:30,2026-09-04 14:25:00,30.5,35.2,23.4,9.3,14.8,23.8,277,0,0,0,0.6,0.3,1258.5,66,5,580.9,29.8,68,34.1,1,277,7.9,1,1,23.2
2026-09-04T14:20:00+05:30,2026-09-04 14:20:00,30.6,35.8,23.8,10.5,16.6,23.8,270,0,0,0,0.6,0.3,1258.5,67,5,582.3,29.7,67,33.7,1,275,5.8,1,1,22.9
2026-09-04T14:15:00+05:30,2026-09-04 14:15:00,30.4,35,23.3,10.5,16.6,23.8,269,0,0,0,0.6,0.3,1258.5,66,6,680.2,29.7,67,33.7,1,276,4,1,1,22.9
2026-09-04T14:10:00+05:30,2026-09-04 14:10:00,30.6,36,24,6.9,11.1,23.8,245,0,0,0,0.6,0.3,1258.5,68,1,132.3,29.7,68,33.9,1,270,3.5,1,1,23.2
2026-09-04T14:05:00+05:30,2026-09-04 14:05:00,31.6,37.7,24.2,2.9,3.5,23.8,318,0,0,0,0.6,0.3,1258.5,65,0,89.2,29.8,67,33.8,1,294,4.3,1,1,23
2026-09-04T14:00:00+05:30,2026-09-04 14:00:00,31,36.2,23.6,4,7.2,23.8,250,0,0,0,0.6,0.3,1258.5,65,1,190.3,29.8,66,33.6,1,289,5.5,1,1,22.7
2026-09-04T13:55:00+05:30,2026-09-04 13:55:00,31.6,37.4,24,5.5,20.1,23.8,306,0,0,0,0.6,0.3,1258.5,64,6,640.1,29.7,67,33.7,1,286,4,1,1,22.9
2026-09-04T13:50:00+05:30,2026-09-04 13:50:00,31.6,36.8,23.4,7.2,13,23.8,277,0,0,0,0.6,0.3,1258.5,62,6,631,29.7,67,33.7,1,277,3.5,1,1,22.9
2026-09-04T13:45:00+05:30,2026-09-04 13:45:00,30.9,35.9,23.5,1.1,11.1,23.8,283,0,0,0,0.6,0.3,1258.5,65,6,659.4,29.7,66,33.5,1,283,6.4,1,1,22.7
2026-09-04T13:40:00+05:30,2026-09-04 13:40:00,31.4,36.5,23.5,6.4,13,23.8,274,0,0,0,0.6,0.3,1258.5,63,6,671.1,29.7,66,33.5,1,295,6.1,1,1,22.7
2026-09-04T13:35:00+05:30,2026-09-04 13:35:00,31.9,37.4,23.7,3.5,11.1,23.8,299,0,0,0,0.6,0.3,1258.5,62,6,679.4,29.6,65,33.1,1,293,5.5,1,1,22.3
2026-09-04T13:30:00+05:30,2026-09-04 13:30:00,31.2,35.9,23.1,4,16.6,23.8,198,0,0,0,0.6,0.3,1258.5,62,6,709.1,29.6,66,33.3,1,293,7.9,1,1,22.6
2026-09-04T13:25:00+05:30,2026-09-04 13:25:00,30.8,35.6,23.4,12.6,16.6,23.8,275,0,0,0,0.6,0.3,1258.5,65,7,735.1,29.6,67,33.4,1,290,7.2,1,1,22.8
2026-09-04T13:20:00+05:30,2026-09-04 13:20:00,31.7,37.9,24.3,9.7,18.3,23.8,290,0,0,0,0.6,0.3,1258.5,65,7,731.5,29.5,69,33.7,1,294,6.1,1,1,23.2
2026-09-04T13:15:00+05:30,2026-09-04 13:15:00,30.9,36.2,23.8,2.9,11.1,23.8,284,0,0,0,0.6,0.3,1258.5,66,7,783.3,29.4,68,33.2,1,259,6.1,1,1,22.8
2026-09-04T13:10:00+05:30,2026-09-04 13:10:00,31.8,37.8,24.1,6.1,9.3,18.3,270,0,0,0,0.6,0.3,1258.5,64,7,808.9,29.4,68,33.2,1,279,4.7,1,1,22.8
2026-09-04T13:05:00+05:30,2026-09-04 13:05:00,30.4,35.2,23.6,8.7,14.8,18.3,280,0,0,0,0.6,0.3,1258.5,67,7,804,29.4,69,33.4,1,270,4.3,1,1,23.1
2026-09-04T13:00:00+05:30,2026-09-04 13:00:00,31,36.4,23.9,6.9,9.3,18.3,280,0,0,0,0.6,0.3,1258.5,66,2,218.5,29.4,68,33.2,1,293,2.9,1,1,22.8
2026-09-04T12:55:00+05:30,2026-09-04 12:55:00,31.5,38,24.6,0.3,3.5,18.3,232,0,0,0,0.6,0.3,1258.5,67,2,205.6,29.4,68,33.2,1,244,4.7,1,1,22.8
2026-09-04T12:50:00+05:30,2026-09-04 12:50:00,31,36.4,23.9,5.5,13,18.3,275,0,0,0,0.6,0.3,1258.5,66,7,787,29.5,68,33.4,1,275,4.7,1,1,22.9
2026-09-04T12:45:00+05:30,2026-09-04 12:45:00,31.4,37.1,24,3.5,16.6,18.3,237,0,0,0,0.6,0.3,1258.5,65,6,657.3,29.5,68,33.4,1,291,6.4,1,1,22.9
2026-09-04T12:40:00+05:30,2026-09-04 12:40:00,30.9,35.9,23.5,0.3,7.2,18.3,331,0,0,0,0.6,0.3,1258.5,65,8,821.5,29.4,67,33,1,284,6.4,1,1,22.6
2026-09-04T12:35:00+05:30,2026-09-04 12:35:00,30.9,35.6,23.3,0,13,18.3,216,0,0,0,0.6,0.3,1258.5,64,8,823.3,29.3,67,32.8,1,212,5,1,1,22.5
2026-09-04T12:30:00+05:30,2026-09-04 12:30:00,30.7,35.5,23.4,2.6,18.3,18.3,283,0,0,0,0.6,0.3,1258.5,65,8,821.9,29.3,67,32.8,1,291,4.7,1,1,22.5
2026-09-04T12:25:00+05:30,2026-09-04 12:25:00,30.9,35.6,23.3,7.2,9.3,18.3,292,0,0,0,0.6,0.3,1258.5,64,8,844,29.3,67,32.8,1,276,4.3,1,1,22.5
2026-09-04T12:20:00+05:30,2026-09-04 12:20:00,30.9,36.2,23.8,10.5,16.6,18.3,271,0,0,0,0.6,0.3,1258.5,66,8,858.9,29.2,68,32.8,1,279,3.5,1,1,22.7
2026-09-04T12:15:00+05:30,2026-09-04 12:15:00,30.8,35.9,23.7,4,5.5,18.3,157,0,0,0,0.6,0.3,1258.5,66,5,575.7,29.1,68,32.6,1,279,8.2,1,1,22.6
2026-09-04T12:10:00+05:30,2026-09-04 12:10:00,30.1,34.6,23.3,11.1,14.8,18.3,286,0,0,0,0.6,0.3,1258.5,67,8,842.4,29,68,32.4,1,278,8.2,1,1,22.5
2026-09-04T12:05:00+05:30,2026-09-04 12:05:00,30.2,34.6,23.1,7.9,14.8,18.3,289,0,0,0,0.6,0.3,1258.5,66,8,859.1,28.9,67,31.9,1,278,6.1,1,1,22.1
2026-09-04T11:50:00+05:30,2026-09-04 11:50:00,30.5,34.7,22.9,7.9,11.1,18.3,252,0,0,0,0.6,0.3,1258.5,64,8,914.6,28.7,68,31.8,1,309,4,1,1,22.2
2026-09-04T11:48:00+05:30,2026-09-04 11:48:00,30.5,34.7,22.9,5,7.2,18.3,275,0,0,0,0.6,0.3,1258.5,64,3,334.4,28.6,68,31.6,1,283,4,1,1,22.1
2026-09-04T11:41:00+05:30,2026-09-04 11:41:00,30.1,34.1,22.8,7.6,18.3,18.3,265,0,0,0,0.6,0.3,1258.5,65,9,964.8,28.6,68,31.6,1,277,7.2,1,1,22.1
2026-09-04T11:35:00+05:30,2026-09-04 11:35:00,30,33.9,22.7,11.9,16.6,16.6,283,0,0,0,0.6,0.3,1258.5,65,3,364,28.5,68,31.3,1,283,4.7,1,1,22
2026-09-04T11:30:00+05:30,2026-09-04 11:30:00,30.6,35,23,4.7,11.1,16.6,311,0,0,0,0.6,0.3,1258.5,64,8,881.1,28.4,68,31.1,1,290,1.8,1,1,21.9
2026-09-04T11:27:00+05:30,2026-09-04 11:27:00,30.4,34.5,22.8,7.9,13,16.6,277,0,0,0,0.6,0.3,1258.5,64,2,288.4,28.3,69,31.1,1,277,1.4,1,1,22.1
2026-09-04T11:21:00+05:30,2026-09-04 11:21:00,30.1,33.9,22.5,3.5,3.5,16.6,298,0,0,0,0.6,0.3,1258.5,64,1,198.1,28.3,68,30.9,1,322,1.8,1,1,21.8
2026-09-04T11:15:00+05:30,2026-09-04 11:15:00,30.6,34.7,22.7,0,3.5,16.6,194,0,0,0,0.6,0.3,1258.5,63,8,870.5,28.3,69,31.1,1,254,1.8,1,1,22.1
2026-09-04T11:10:00+05:30,2026-09-04 11:10:00,31.3,35.7,22.8,1.8,5.5,16.6,251,0,0,0,0.6,0.3,1258.5,61,7,815.5,28.2,69,30.9,1,289,1.8,1,1,22
2026-09-04T11:06:00+05:30,2026-09-04 11:06:00,30.6,34.7,22.7,2.1,7.2,16.6,247,0,0,0,0.6,0.3,1258.5,63,7,792.1,28.2,68,30.8,1,298,2.6,1,1,21.7
2026-09-04T11:03:00+05:30,2026-09-04 11:03:00,30.7,34.7,22.6,7.9,9.3,16.6,312,0,0,0,0.6,0.3,1258.5,62,7,789.2,28.1,69,30.7,1,298,3.2,1,1,21.9
2026-09-04T10:55:00+05:30,2026-09-04 10:55:00,29.7,33.5,22.7,3.5,9.3,16.6,282,0,0,0,0.6,0.3,1258.5,66,7,806.8,27.9,69,30.3,1,282,3.5,1,1,21.7
2026-09-04T10:50:00+05:30,2026-09-04 10:50:00,29.5,33,22.5,0,5.5,16.6,288,0,0,0,0.6,0.3,1258.5,66,3,374.3,27.9,70,30.4,1,285,2.9,1,1,21.9
2026-09-04T10:45:00+05:30,2026-09-04 10:45:00,29,32.4,22.5,0.6,5.5,16.6,287,0,0,0,0.6,0.3,1258.5,68,7,770.2,27.8,70,30.2,1,289,3.5,1,1,21.8
2026-09-04T10:40:00+05:30,2026-09-04 10:40:00,29.5,33,22.5,3.5,9.3,16.6,38,0,0,0,0.6,0.3,1258.5,66,7,793.9,27.7,71,30.3,1,290,4,1,1,21.9
2026-09-04T10:35:00+05:30,2026-09-04 10:35:00,29.8,34.1,23.2,5.8,9.3,14.8,261,0,0,0,0.6,0.3,1258.5,68,7,748.6,27.6,71,30.1,1,299,2.6,1,1,21.9
2026-09-04T10:30:00+05:30,2026-09-04 10:30:00,29.4,33.2,22.9,0,7.2,14.8,299,0,0,0,0.6,0.3,1258.5,68,7,773,27.6,71,30.1,1,297,2.9,1,1,21.9
2026-09-04T10:25:00+05:30,2026-09-04 10:25:00,29.3,32.8,22.5,0,3.5,14.8,306,0,0,0,0.6,0.3,1258.5,67,7,758.6,27.5,71,29.8,1,297,3.5,1,1,21.8
2026-09-04T10:20:00+05:30,2026-09-04 10:20:00,29.1,32.4,22.3,6.4,7.2,14.8,288,0,0,0,0.6,0.3,1258.5,67,8,837.4,27.5,72,29.9,1,276,3.5,1,1,22
2026-09-04T10:15:00+05:30,2026-09-04 10:15:00,29.1,32.8,22.8,3.2,11.1,14.8,283,0,0,0,0.6,0.3,1258.5,69,7,729.5,27.4,73,29.8,1,282,3.5,1,1,22.1
2026-09-04T10:10:00+05:30,2026-09-04 10:10:00,28.8,32.2,22.7,4.7,7.2,14.8,305,0,0,0,0.6,0.3,1258.5,70,6,695.2,27.3,73,29.6,1,282,2.9,1,1,22
2026-09-04T10:06:00+05:30,2026-09-04 10:06:00,29.3,33.1,23,2.6,7.2,14.8,305,0,0,0,0.6,0.3,1258.5,69,6,679.7,27.2,72,29.4,1,310,3.5,1,1,21.7
2026-09-04T10:00:00+05:30,2026-09-04 10:00:00,28.3,31.4,22.5,4.3,9.3,14.8,329,0,0,0,0.6,0.3,1258.5,71,6,665.6,27.1,73,29.3,1,281,3.5,1,1,21.8
2026-09-04T09:58:00+05:30,2026-09-04 09:58:00,28.6,32.1,22.8,5.8,9.3,14.8,281,0,0,0,0.6,0.3,1258.5,71,6,656.3,27.1,73,29.3,1,281,2.1,1,1,21.8
2026-09-04T09:45:00+05:30,2026-09-04 09:45:00,27.7,30.5,22.4,5.5,9.3,13,349,0,0,0,0.6,0.3,1258.5,73,1,141.9,27,73,29.1,1,278,6.1,1,1,21.7
2026-09-04T09:40:00+05:30,2026-09-04 09:40:00,27.5,30.2,22.4,0.3,9.3,13,287,0,0,0,0.6,0.3,1258.5,74,1,194.5,26.9,73,28.9,1,278,3.2,1,1,21.6
2026-09-04T09:35:00+05:30,2026-09-04 09:35:00,28,31.1,22.7,10.5,13,13,270,0,0,0,0.6,0.3,1258.5,73,1,130.2,26.9,75,29.1,1,301,0,1,1,22.1
2026-09-04T09:32:00+05:30,2026-09-04 09:32:00,27.7,30.6,22.7,0,0,11.1,276,0,0,0,0.6,0.3,1258.5,74,3,318.9,26.9,74,29,1,284,0,1,1,21.8
2026-09-04T09:25:00+05:30,2026-09-04 09:25:00,27.2,29.8,22.6,0,1.8,11.1,284,0,0,0,0.6,0.3,1258.5,76,1,141.4,26.8,74,28.8,1,284,1.4,1,1,21.7
2026-09-04T09:20:00+05:30,2026-09-04 09:20:00,27.4,30.1,22.6,4.7,7.2,11.1,352,0,0,0,0.6,0.3,1258.5,75,1,161.4,26.8,75,28.8,1,299,1.4,1,1,21.9
2026-09-04T09:15:00+05:30,2026-09-04 09:15:00,27.9,31,22.8,2.1,7.2,11.1,292,0,0,0,0.6,0.3,1258.5,74,0,87.1,26.8,75,28.8,1,252,0.3,1,1,21.9
2026-09-04T09:10:00+05:30,2026-09-04 09:10:00,28.1,31.3,22.8,0.3,1.8,11.1,240,0,0,0,0.6,0.3,1258.5,73,2,252.7,26.7,75,28.8,1,251,0,1,1,21.9
2026-09-04T09:05:00+05:30,2026-09-04 09:05:00,27.1,29.7,22.7,0,0,11.1,260,0,0,0,0.6,0.3,1258.5,77,5,590.5,26.6,75,27.3,1,251,0.3,1,1,21.8
2026-09-04T09:00:00+05:30,2026-09-04 09:00:00,27,29.6,22.8,0.3,3.5,11.1,309,0,0,0,0.6,0.3,1258.5,78,1,112.9,26.6,75,27.3,1,318,1.8,1,1,21.8
2026-09-04T08:55:00+05:30,2026-09-04 08:55:00,27.2,29.9,22.8,2.6,5.5,11.1,326,0,0,0,0.6,0.3,1258.5,77,1,167.3,26.6,75,27.3,1,295,2.1,1,1,21.8
2026-09-04T08:50:00+05:30,2026-09-04 08:50:00,27.6,30.5,22.8,0,3.5,11.1,290,0,0,0,0.6,0.3,1258.5,75,1,134,26.5,76,27.2,1,286,2.1,1,1,21.9
2026-09-04T08:45:00+05:30,2026-09-04 08:45:00,27.6,30.6,23,2.9,3.5,11.1,281,0,0,0,0.6,0.3,1258.5,76,1,137.1,26.4,76,27.1,1,280,0.6,1,1,21.8
2026-09-04T08:40:00+05:30,2026-09-04 08:40:00,28.3,31.7,23,1.1,1.8,5.5,315,0,0,0,0.6,0.3,1258.5,73,4,499.5,26.4,75,27.1,1,315,0,1,1,21.6
2026-09-04T08:35:00+05:30,2026-09-04 08:35:00,27.2,29.8,22.6,0,1.8,5.5,314,0,0,0,0.6,0.3,1258.5,76,4,463.6,26.4,75,27.1,1,314,0,1,1,21.6
2026-09-04T08:30:00+05:30,2026-09-04 08:30:00,27.1,29.7,22.7,1.1,3.5,5.5,313,0,0,0,0.6,0.3,1258.5,77,3,380.1,26.3,76,26.9,1,313,0.3,1,1,21.7
2026-09-04T08:25:00+05:30,2026-09-04 08:25:00,26.5,27.2,22.3,0.6,3.5,5.5,313,0,0,0,0.6,0.3,1258.5,78,3,362.9,26.3,76,26.9,1,313,0.3,1,1,21.7
2026-09-04T08:20:00+05:30,2026-09-04 08:20:00,26.8,29,22.4,1.4,1.8,1.8,316,0,0,0,0.6,0.3,1258.5,77,3,332.7,26.3,76,26.9,1,338,0,1,1,21.7
2026-09-04T08:15:00+05:30,2026-09-04 08:15:00,27.2,29.9,22.8,0.3,1.8,1.8,338,0,0,0,0.6,0.3,1258.5,77,3,310.8,26.2,76,26.9,1,338,0,1,1,21.7
2026-09-04T08:10:00+05:30,2026-09-04 08:10:00,26.5,27.3,22.6,0,0,1.8,339,0,0,0,0.6,0.3,1258.5,79,3,320.1,26.2,76,26.9,1,339,0,1,1,21.7
2026-09-04T08:05:00+05:30,2026-09-04 08:05:00,26,26.8,22.5,0,0,1.8,339,0,0,0,0.6,0.3,1258.5,81,2,295.7,26.2,76,26.9,1,345,0,1,1,21.7
2026-09-04T08:00:00+05:30,2026-09-04 08:00:00,26.1,26.9,22.6,0,0,1.8,357,0,0,0,0.6,0.3,1258.5,81,1,103.5,26.1,76,26.8,1,350,0,1,1,21.6
2026-09-04T07:56:00+05:30,2026-09-04 07:56:00,25.9,26.7,22.6,0,0,1.8,343,0,0,0,0.6,0.3,1258.5,82,0,40,26.1,76,26.8,1,343,0,1,1,21.6
2026-09-04T07:50:00+05:30,2026-09-04 07:50:00,25.6,26.4,22.9,0,0,1.8,337,0,0,0,0.6,0.3,1258.5,85,0,37.4,26.1,76,26.8,1,343,0,1,1,21.6
2026-09-04T07:45:00+05:30,2026-09-04 07:45:00,24.8,25.6,22.6,0,0,1.8,337,0,0,0,0.6,0.3,1258.5,88,0,63.8,26,76,26.7,1,337,0,1,1,21.4
2026-09-04T07:40:00+05:30,2026-09-04 07:40:00,24.2,25.1,22.5,0,0,1.8,332,0,0,0,0.6,0.3,1258.5,90,1,131.9,26,76,26.7,1,341,0,1,1,21.4
2026-09-04T07:35:00+05:30,2026-09-04 07:35:00,24,24.8,22.3,0,0,1.8,341,0,0,0,0.6,0.3,1258.5,90,0,46.4,26,76,26.7,1,325,0,1,1,21.4
2026-09-04T07:30:00+05:30,2026-09-04 07:30:00,23.8,24.6,22.2,0,0,1.8,325,0,0,0,0.6,0.3,1258.5,91,0,34.6,26,76,26.7,1,325,0,1,1,21.4
2026-09-04T07:25:00+05:30,2026-09-04 07:25:00,23.6,24.4,22.2,0,0,1.8,325,0,0,0,0.6,0.3,1258.5,92,0,34.6,26,76,26.7,1,325,0,1,1,21.4
2026-09-04T07:20:00+05:30,2026-09-04 07:20:00,23.1,24,22.3,0,0,1.8,325,0,0,0,0.6,0.3,1258.5,95,0,36.7,26,76,26.7,1,325,0,1,1,21.4
2026-09-04T07:15:00+05:30,2026-09-04 07:15:00,22.5,23.3,22,0,0,1.8,326,0,0,0,0.6,0.3,1258.5,97,0,35.5,26,76,26.7,1,326,0,1,1,21.4
2026-09-04T07:10:00+05:30,2026-09-04 07:10:00,22.4,23.2,22.1,0,0,1.8,325,0,0,0,0.6,0.3,1258.5,98,0,31.6,26,76,26.7,1,325,0,1,1,21.4
2026-09-04T07:05:00+05:30,2026-09-04 07:05:00,22.1,23,21.9,0,0,1.8,325,0,0,0,0.6,0.3,1258.5,99,0,44,26,75,26.6,1,325,0,1,1,21.2
2026-09-04T07:00:00+05:30,2026-09-04 07:00:00,21.8,22.6,21.6,0,0,1.8,325,0,0,0,0.6,0.3,1258.5,99,0,33.5,26,75,26.6,1,325,0,1,1,21.2
2026-09-04T06:55:00+05:30,2026-09-04 06:55:00,21.6,22.4,21.4,0,0,1.8,325,0,0,0,0.6,0.3,1258.5,99,0,45,26,75,26.6,1,325,0,1,1,21.2
2026-09-04T06:50:00+05:30,2026-09-04 06:50:00,21.5,22.3,21.3,0,0,1.8,325,0,0,0,0.6,0.3,1258.5,99,0,36.2,26,75,26.6,1,325,0,1,1,21.2
2026-09-04T06:45:00+05:30,2026-09-04 06:45:00,21.4,22.2,21.2,0,0,1.8,325,0,0,0,0.6,0.3,1258.5,99,0,26.1,26,75,26.6,1,325,0,1,1,21.2
2026-09-04T06:40:00+05:30,2026-09-04 06:40:00,21.2,22,21.1,0,0,1.8,324,0,0,0,0.6,0.3,1258.5,99,0,20.5,26,75,26.6,1,324,0,1,1,21.2
2026-09-04T06:35:00+05:30,2026-09-04 06:35:00,21.2,22,21.1,0,0,1.8,323,0,0,0,0.6,0.3,1258.5,99,0,17.8,26,75,26.6,1,345,0,1,1,21.2
2026-09-04T06:30:00+05:30,2026-09-04 06:30:00,21.1,21.9,20.9,0,0,1.8,354,0,0,0,0.6,0.3,1258.5,99,0,15.7,26,75,26.6,1,354,0,1,1,21.2
2026-09-04T06:25:00+05:30,2026-09-04 06:25:00,21.1,21.9,20.9,0,0,1.8,313,0,0,0,0.6,0.3,1258.5,99,0,13.8,26,75,26.6,1,347,0,1,1,21.2
2026-09-04T06:20:00+05:30,2026-09-04 06:20:00,21.1,21.9,20.9,0,0,1.8,355,0,0,0,0.6,0.3,1258.5,99,0,11.3,26,75,26.6,1,341,0,1,1,21.2
2026-09-04T06:15:00+05:30,2026-09-04 06:15:00,21.1,21.9,20.9,0,0,1.8,342,0,0,0,0.6,0.3,1258.5,99,0,9,26,75,26.6,1,342,0,1,1,21.2
2026-09-04T06:10:00+05:30,2026-09-04 06:10:00,21.1,21.9,20.9,0,0,1.8,9,0,0,0,0.6,0.3,1258.5,99,0,6.9,26,75,26.6,1,352,0,1,1,21.2
2026-09-04T06:05:00+05:30,2026-09-04 06:05:00,21.1,21.9,20.9,0,0,1.8,351,0,0,0,0.6,0.3,1258.5,99,0,4.7,26.1,75,26.7,1,351,0,1,1,21.3
2026-09-04T06:00:00+05:30,2026-09-04 06:00:00,21,21.7,20.8,0,0,1.8,343,0,0,0,0.6,0.3,1258.5,99,0,2.8,26.1,75,26.7,1,343,0,1,1,21.3
2026-09-04T05:55:00+05:30,2026-09-04 05:55:00,21.1,21.9,20.9,0,0,1.8,347,0,0,0,0.6,0.3,1258.5,99,0,1.3,26.1,75,26.7,1,334,0,1,1,21.3
2026-09-04T05:50:00+05:30,2026-09-04 05:50:00,21,21.7,20.8,0,0,1.8,334,0,0,0,0.6,0.3,1258.5,99,0,0.5,26.1,75,26.7,1,334,0,1,1,21.3
2026-09-04T05:45:00+05:30,2026-09-04 05:45:00,21,21.7,20.8,0,0,1.8,334,0,0,0,0.6,0.3,1258.5,99,0,0.1,26.1,75,26.7,1,334,0,1,1,21.3
2026-09-04T05:40:00+05:30,2026-09-04 05:40:00,21.1,21.9,20.9,0,0,1.8,335,0,0,0,0.6,0.3,1258.5,99,0,0,26.1,75,26.7,1,335,0,1,1,21.3
2026-09-04T05:35:00+05:30,2026-09-04 05:35:00,21.1,21.9,20.9,0,0,1.8,335,0,0,0,0.6,0.3,1258.5,99,0,0,26.2,75,26.8,1,335,0,1,1,21.4
2026-09-04T05:30:00+05:30,2026-09-04 05:30:00,21.1,21.9,20.9,0,0,1.8,334,0,0,0,0.6,0.3,1258.5,99,0,0,26.2,75,26.8,1,334,0,1,1,21.4
2026-09-04T05:25:00+05:30,2026-09-04 05:25:00,21.2,22,21.1,0,0,1.8,331,0,0,0,0.6,0.3,1258.5,99,0,0,26.2,75,26.8,1,331,0,1,1,21.4
2026-09-04T05:20:00+05:30,2026-09-04 05:20:00,21.2,22,21.1,0,0,1.8,332,0,0,0,0.6,0.3,1258.5,99,0,0,26.2,75,26.8,1,331,0,1,1,21.4
2026-09-04T05:15:00+05:30,2026-09-04 05:15:00,21.2,22,21.1,0,0,1.8,331,0,0,0,0.6,0.3,1258.5,99,0,0,26.2,75,26.8,1,342,0,1,1,21.4
2026-09-04T05:10:00+05:30,2026-09-04 05:10:00,21.2,22,21.1,0,0,1.8,342,0,0,0,0.6,0.3,1258.5,99,0,0,26.2,75,26.8,1,342,0,1,1,21.4
2026-09-04T05:05:00+05:30,2026-09-04 05:05:00,21.2,22,21.1,0,0,1.8,342,0,0,0,0.6,0.3,1258.5,99,0,0,26.2,75,26.8,1,342,0,1,1,21.4
2026-09-04T05:00:00+05:30,2026-09-04 05:00:00,21.2,22,21.1,0,0,1.8,350,0,0,0,0.6,0.3,1258.5,99,0,0,26.2,75,26.8,1,341,0,1,1,21.4
2026-09-04T04:55:00+05:30,2026-09-04 04:55:00,21.2,22,21.1,0,0,1.8,347,0,0,0,0.6,0.3,1258.5,99,0,0,26.2,75,26.8,1,347,0,1,1,21.4
2026-09-04T04:50:00+05:30,2026-09-04 04:50:00,21.2,22,21.1,0,0,1.8,347,0,0,0,0.6,0.3,1258.5,99,0,0,26.2,75,26.8,1,347,0,1,1,21.4
2026-09-04T04:45:00+05:30,2026-09-04 04:45:00,21.2,22,21.1,0,0,1.8,347,0,0,0,0.6,0.3,1258.5,99,0,0,26.3,75,26.9,1,347,0,1,1,21.5
2026-09-04T04:40:00+05:30,2026-09-04 04:40:00,21.3,22,21.1,0,0,1.8,1,0,0,0,0.6,0.3,1258.5,99,0,0,26.3,75,26.9,1,339,0,1,1,21.5
2026-09-04T04:35:00+05:30,2026-09-04 04:35:00,21.3,22,21.1,0,0,1.8,339,0,0,0,0.6,0.3,1258.5,99,0,0,26.3,75,26.9,1,339,0,1,1,21.5
2026-09-04T04:30:00+05:30,2026-09-04 04:30:00,21.2,22,21.1,0,0,1.8,339,0,0,0,0.6,0.3,1258.5,99,0,0,26.3,75,26.9,1,339,0,1,1,21.5
2026-09-04T04:25:00+05:30,2026-09-04 04:25:00,21.3,22,21.1,0,0,1.8,339,0,0,0,0.6,0.3,1258.5,99,0,0,26.3,75,26.9,1,339,0,1,1,21.5
2026-09-04T04:20:00+05:30,2026-09-04 04:20:00,21.3,22,21.1,0,0,1.8,339,0,0,0,0.6,0.3,1258.5,99,0,0,26.3,75,26.9,1,339,0,1,1,21.5
2026-09-04T04:15:00+05:30,2026-09-04 04:15:00,21.4,22.2,21.2,0,0,1.8,339,0,0,0,0.6,0.3,1258.5,99,0,0,26.3,75,26.9,1,339,0,1,1,21.5
2026-09-04T04:10:00+05:30,2026-09-04 04:10:00,21.4,22.2,21.2,0,0,1.8,341,0,0,0,0.6,0.3,1258.5,99,0,0,26.4,75,27.1,1,341,0,1,1,21.6
2026-09-04T04:05:00+05:30,2026-09-04 04:05:00,21.4,22.2,21.2,0,0,1.8,341,0,0,0,0.6,0.3,1258.5,99,0,0,26.4,75,27.1,1,341,0,1,1,21.6
2026-09-04T04:00:00+05:30,2026-09-04 04:00:00,21.4,22.2,21.2,0,0,1.8,309,0,0,0,0.6,0.3,1258.5,99,0,0,26.4,75,27.1,1,341,0,1,1,21.6
2026-09-04T03:55:00+05:30,2026-09-04 03:55:00,21.4,22.2,21.2,0,0,0,16,0,0,0,0.6,0.3,1258.5,99,0,0,26.4,75,27.1,1,341,0,1,1,21.6
2026-09-04T03:50:00+05:30,2026-09-04 03:50:00,21.4,22.2,21.2,0,0,0,341,0,0,0,0.6,0.3,1258.5,99,0,0,26.4,75,27.1,1,354,0,1,1,21.6
2026-09-04T03:45:00+05:30,2026-09-04 03:45:00,21.4,22.2,21.2,0,0,0,355,0,0,0,0.6,0.3,1258.5,99,0,0,26.4,75,27.1,1,340,0,1,1,21.6
2026-09-04T03:40:00+05:30,2026-09-04 03:40:00,21.4,22.2,21.2,0,0,0,340,0,0,0,0.6,0.3,1258.5,99,0,0,26.5,75,27.2,1,340,0,1,1,21.7
2026-09-04T03:35:00+05:30,2026-09-04 03:35:00,21.4,22.2,21.2,0,0,0,340,0,0,0,0.6,0.3,1258.5,99,0,0,26.5,75,27.2,1,340,0,1,1,21.7
2026-09-04T03:30:00+05:30,2026-09-04 03:30:00,21.4,22.2,21.2,0,0,0,340,0,0,0,0.6,0.3,1258.5,99,0,0,26.5,75,27.2,1,346,0,1,1,21.7
2026-09-04T03:25:00+05:30,2026-09-04 03:25:00,21.5,22.3,21.3,0,0,0,340,0,0,0,0.6,0.3,1258.5,99,0,0,26.5,75,27.2,1,341,0,1,1,21.7
2026-09-04T03:20:00+05:30,2026-09-04 03:20:00,21.5,22.3,21.3,0,0,0,344,0,0,0,0.6,0.3,1258.5,99,0,0,26.5,75,27.2,1,338,0,1,1,21.7
2026-09-04T03:15:00+05:30,2026-09-04 03:15:00,21.5,22.3,21.3,0,0,0,338,0,0,0,0.6,0.3,1258.5,99,0,0,26.5,75,27.2,1,338,0,1,1,21.7
2026-09-04T03:10:00+05:30,2026-09-04 03:10:00,21.5,22.3,21.3,0,0,0,338,0,0,0,0.6,0.3,1258.5,99,0,0,26.6,75,27.3,1,338,0,1,1,21.8
2026-09-04T03:05:00+05:30,2026-09-04 03:05:00,21.6,22.4,21.4,0,0,0,338,0,0,0,0.6,0.3,1258.5,99,0,0,26.6,75,27.3,1,351,0,1,1,21.8
2026-09-04T03:00:00+05:30,2026-09-04 03:00:00,21.6,22.4,21.4,0,0,0,351,0,0,0,0.6,0.3,1258.5,99,0,0,26.6,75,27.3,1,355,0,1,1,21.8
2026-09-04T02:55:00+05:30,2026-09-04 02:55:00,21.6,22.4,21.4,0,0,0,351,0,0,0,0.6,0.3,1258.5,99,0,0,26.6,75,27.3,1,342,0,1,1,21.8
2026-09-04T02:50:00+05:30,2026-09-04 02:50:00,21.6,22.4,21.4,0,0,0,337,0,0,0,0.6,0.3,1258.5,99,0,0,26.6,75,27.3,1,342,0,1,1,21.8
2026-09-04T02:45:00+05:30,2026-09-04 02:45:00,21.7,22.5,21.6,0,0,0,326,0,0,0,0.6,0.3,1258.5,99,0,0,26.6,75,27.3,1,347,0,1,1,21.8
2026-09-04T02:40:00+05:30,2026-09-04 02:40:00,21.7,22.5,21.6,0,0,0,351,0,0,0,0.6,0.3,1258.5,99,0,0,26.6,75,27.3,1,351,0,1,1,21.8
2026-09-04T02:35:00+05:30,2026-09-04 02:35:00,21.7,22.5,21.6,0,0,0,351,0,0,0,0.6,0.3,1258.5,99,0,0,26.6,75,27.3,1,351,0,1,1,21.8
2026-09-04T02:30:00+05:30,2026-09-04 02:30:00,21.7,22.5,21.6,0,0,0,351,0,0,0,0.6,0.3,1258.5,99,0,0,26.6,75,27.3,1,0,0,1,1,21.8
2026-09-04T02:25:00+05:30,2026-09-04 02:25:00,21.8,22.6,21.6,0,0,0,0,0,0,0,0.6,0.3,1258.5,99,0,0,26.6,75,27.3,1,331,0,1,1,21.8
2026-09-04T02:20:00+05:30,2026-09-04 02:20:00,21.8,22.6,21.6,0,0,0,322,0,0,0,0.6,0.3,1258.5,99,0,0,26.7,75,28.8,1,332,0,1,1,21.9
2026-09-04T02:15:00+05:30,2026-09-04 02:15:00,21.8,22.6,21.6,0,0,0,340,0,0,0,0.6,0.3,1258.5,99,0,0,26.7,75,28.8,1,340,0,1,1,21.9
2026-09-04T02:10:00+05:30,2026-09-04 02:10:00,21.8,22.6,21.6,0,0,0,332,0,0,0,0.6,0.3,1258.5,99,0,0,26.7,75,28.8,1,332,0,1,1,21.9
2026-09-04T02:05:00+05:30,2026-09-04 02:05:00,21.9,22.7,21.6,0,0,0,332,0,0,0,0.6,0.3,1258.5,98,0,0,26.7,75,28.8,1,332,0,1,1,21.9
2026-09-04T02:00:00+05:30,2026-09-04 02:00:00,21.9,22.7,21.6,0,0,0,332,0,0,0,0.6,0.3,1258.5,98,0,0,26.7,75,28.8,1,332,0,1,1,21.9
2026-09-04T01:55:00+05:30,2026-09-04 01:55:00,21.9,22.7,21.6,0,0,0,332,0,0,0,0.6,0.3,1258.5,98,0,0,26.8,75,28.8,1,332,0,1,1,21.9
2026-09-04T01:50:00+05:30,2026-09-04 01:50:00,22,22.8,21.7,0,0,0,332,0,0,0,0.6,0.3,1258.5,98,0,0,26.8,75,28.8,1,332,0,1,1,21.9
2026-09-04T01:45:00+05:30,2026-09-04 01:45:00,22,22.8,21.7,0,0,0,332,0,0,0,0.6,0.3,1258.5,98,0,0,26.8,75,28.8,1,332,0,1,1,21.9
2026-09-04T01:40:00+05:30,2026-09-04 01:40:00,22,22.8,21.7,0,0,0,332,0,0,0,0.6,0.3,1258.5,98,0,0,26.8,75,28.8,1,332,0,1,1,21.9
2026-09-04T01:35:00+05:30,2026-09-04 01:35:00,22.1,22.9,21.8,0,0,0,332,0,0,0,0.6,0.3,1258.5,98,0,0,26.8,75,28.8,1,332,0,1,1,21.9
2026-09-04T01:30:00+05:30,2026-09-04 01:30:00,22.1,22.9,21.8,0,0,0,332,0,0,0,0.6,0.3,1258.5,98,0,0,26.8,75,28.8,1,356,0,1,1,21.9
2026-09-04T01:25:00+05:30,2026-09-04 01:25:00,22.1,22.9,21.8,0,0,0,7,0,0,0,0.6,0.3,1258.5,98,0,0,26.8,75,28.8,1,350,0,1,1,21.9
2026-09-04T01:20:00+05:30,2026-09-04 01:20:00,22.1,22.9,21.8,0,0,0,341,0,0,0,0.6,0.3,1258.5,98,0,0,26.9,75,29.1,1,350,0,1,1,22.1
2026-09-04T01:15:00+05:30,2026-09-04 01:15:00,22.1,22.9,21.8,0,0,0,345,0,0,0,0.6,0.3,1258.5,98,0,0,26.9,75,29.1,1,331,0,1,1,22.1
2026-09-04T01:10:00+05:30,2026-09-04 01:10:00,22.1,22.9,21.8,0,0,0,331,0,0,0,0.6,0.3,1258.5,98,0,0,26.9,75,29.1,1,331,0,1,1,22.1
2026-09-04T01:05:00+05:30,2026-09-04 01:05:00,22.2,23.1,21.9,0,0,0,331,0,0,0,0.6,0.3,1258.5,98,0,0,26.9,75,29.1,1,331,0,1,1,22.1
2026-09-04T01:00:00+05:30,2026-09-04 01:00:00,22.2,23.1,21.9,0,0,0,331,0,0,0,0.6,0.3,1258.5,98,0,0,26.9,75,29.1,1,331,0,1,1,22.1
2026-09-04T00:55:00+05:30,2026-09-04 00:55:00,22.3,23.1,21.9,0,0,0,331,0,0,0,0.6,0.3,1258.5,98,0,0,26.9,75,29.1,1,338,0,1,1,22.1
2026-09-04T00:50:00+05:30,2026-09-04 00:50:00,22.3,23.1,21.9,0,0,0,317,0,0,0,0.6,0.3,1258.5,98,0,0,26.9,75,29.1,1,338,0,1,1,22.1
2026-09-04T00:45:00+05:30,2026-09-04 00:45:00,22.3,23.1,21.9,0,0,0,346,0,0,0,0.6,0.3,1258.5,98,0,0,27,75,29.3,1,341,0,1,1,22.2
2026-09-04T00:40:00+05:30,2026-09-04 00:40:00,22.4,23.2,22.1,0,0,0,332,0,0,0,0.6,0.3,1258.5,98,0,0,27,75,29.3,1,336,0,1,1,22.2
2026-09-04T00:35:00+05:30,2026-09-04 00:35:00,22.4,23.2,22.1,0,0,0,336,0,0,0,0.6,0.3,1258.5,98,0,0,27,75,29.3,1,332,0,1,1,22.2
2026-09-04T00:30:00+05:30,2026-09-04 00:30:00,22.5,23.3,22,0,0,0,326,0,0,0,0.6,0.3,1258.5,97,0,0,27,75,29.3,1,327,0,1,1,22.2
2026-09-04T00:25:00+05:30,2026-09-04 00:25:00,22.5,23.3,22,0,0,0,336,0,0,0,0.6,0.3,1258.5,97,0,0,27,75,29.3,1,327,0,1,1,22.2
2026-09-04T00:20:00+05:30,2026-09-04 00:20:00,22.6,23.5,22.1,0,0,0,324,0,0,0,0.6,0.3,1258.5,97,0,0,27,75,29.3,1,324,0,1,1,22.2
2026-09-04T00:15:00+05:30,2026-09-04 00:15:00,22.6,23.5,22.1,0,0,0,331,0,0,0,0.6,0.3,1258.5,97,0,0,27.1,75,29.5,1,339,0,1,1,22.3
2026-09-04T00:10:00+05:30,2026-09-04 00:10:00,22.6,23.5,22.1,0,0,0,329,0,0,0,0.6,0.3,1258.5,97,0,0,27.1,75,29.5,1,341,0,1,1,22.3
2026-09-04T00:05:00+05:30,2026-09-04 00:05:00,22.7,23.6,22.2,0,0,0,341,0,0,0,0.6,0.3,1258.5,97,0,0,27.1,75,29.5,1,350,0,1,1,22.3
2026-09-04T00:00:00+05:30,2026-09-04 00:00:00,22.6,23.5,22.1,0,0,0,350,0,0,0,0.6,0.3,1258.5,97,0,0,27.1,75,29.5,1,359,0,1,1,22.3
2026-09-03T23:55:00+05:30,2026-09-03 23:55:00,22.7,23.6,22,0,0,21.9,7,0,0,0.3,0.6,0.3,1258.5,96,0,0,27.1,75,29.5,1,322,0,1,1,22.3
2026-09-03T23:50:00+05:30,2026-09-03 23:50:00,22.7,23.6,22,0,0,21.9,321,0,0,0.3,0.6,0.3,1258.5,96,0,0,27.1,75,29.5,1,321,0,1,1,22.3
2026-09-03T23:45:00+05:30,2026-09-03 23:45:00,22.8,23.6,22.1,0,0,21.9,321,0,0,0.3,0.6,0.3,1258.5,96,0,0,27.2,75,29.7,1,321,0,1,1,22.4
2026-09-03T23:40:00+05:30,2026-09-03 23:40:00,22.9,23.7,22.2,0,0,21.9,320,0,0,0.3,0.6,0.3,1258.5,96,0,0,27.2,75,29.7,1,320,0,1,1,22.4
2026-09-03T23:35:00+05:30,2026-09-03 23:35:00,22.9,23.7,22.2,0,1.8,21.9,314,0,0,0.3,0.6,0.3,1258.5,96,0,0,27.1,75,29.5,1,350,0,1,1,22.3
2026-09-03T23:30:00+05:30,2026-09-03 23:30:00,22.9,23.7,22.2,0,0,21.9,351,0,0,0.3,0.6,0.3,1258.5,96,0,0,27.2,75,29.7,1,356,0,1,1,22.4
2026-09-03T23:25:00+05:30,2026-09-03 23:25:00,22.9,23.7,22.2,0,1.8,21.9,356,0,0,0.3,0.6,0.3,1258.5,96,0,0,27.2,75,29.7,1,356,0,1,1,22.4
2026-09-03T23:20:00+05:30,2026-09-03 23:20:00,22.9,23.8,22.4,0,0,21.9,352,0,0,0.3,0.6,0.3,1258.5,97,0,0,27.2,75,29.7,1,357,0,1,1,22.4
2026-09-03T23:15:00+05:30,2026-09-03 23:15:00,22.9,23.7,22.2,0,0,21.9,344,0,0,0.3,0.6,0.3,1258.5,96,0,0,27.2,75,29.7,1,344,0,1,1,22.4
2026-09-03T23:10:00+05:30,2026-09-03 23:10:00,23,23.9,22.3,0,0,21.9,354,0,0,0.3,0.6,0.3,1258.5,96,0,0,27.3,75,29.8,1,345,0,1,1,22.4
2026-09-03T23:05:00+05:30,2026-09-03 23:05:00,23.1,24,22.4,0,0,21.9,350,0,0,0.3,0.6,0.3,1258.5,96,0,0,27.3,75,29.8,1,358,0,1,1,22.4
2026-09-03T23:00:00+05:30,2026-09-03 23:00:00,23.1,24,22.4,0,0,21.9,358,0,0,0.3,0.6,0.3,1258.5,96,0,0,27.2,75,29.7,1,6,0,1,1,22.4
2026-09-03T22:55:00+05:30,2026-09-03 22:55:00,23.1,24,22.4,0,0,21.9,346,0,0,0.3,0.6,0.3,1258.5,96,0,0,27.3,75,29.8,1,314,0,1,1,22.4
2026-09-03T22:50:00+05:30,2026-09-03 22:50:00,23.1,24,22.4,0,0,21.9,19,0,0,0.3,0.6,0.3,1258.5,96,0,0,27.3,75,29.8,1,314,0,1,1,22.4
2026-09-03T22:45:00+05:30,2026-09-03 22:45:00,23.1,24,22.4,0,0,21.9,314,0,0,0.3,0.6,0.3,1258.5,96,0,0,27.3,75,29.8,1,313,0,1,1,22.4
2026-09-03T22:40:00+05:30,2026-09-03 22:40:00,23.1,24,22.4,0,0,21.9,314,0,0,0.3,0.6,0.3,1258.5,96,0,0,27.3,74,29.7,1,313,0,1,1,22.2
2026-09-03T22:35:00+05:30,2026-09-03 22:35:00,23.2,24.1,22.5,0,0,21.9,313,0,0,0.3,0.6,0.3,1258.5,96,0,0,27.4,74,29.9,1,306,0,1,1,22.3
2026-09-03T22:30:00+05:30,2026-09-03 22:30:00,23.3,24.1,22.4,0,0,21.9,306,0,0,0.3,0.6,0.3,1258.5,95,0,0,27.4,74,29.9,1,297,0,1,1,22.3
2026-09-03T22:25:00+05:30,2026-09-03 22:25:00,23.3,24.1,22.4,0,0,21.9,305,0,0,0.3,0.6,0.3,1258.5,95,0,0,27.4,74,29.9,1,277,0,1,1,22.3
2026-09-03T22:20:00+05:30,2026-09-03 22:20:00,23.4,24.3,22.5,0,0,21.9,276,0,0,0.3,0.6,0.3,1258.5,95,0,0,27.4,74,29.9,1,276,0,1,1,22.3
2026-09-03T22:15:00+05:30,2026-09-03 22:15:00,23.4,24.3,22.5,0,0,21.9,272,0,0,0.3,0.6,0.3,1258.5,95,0,0,27.4,74,29.9,1,272,0,1,1,22.3
2026-09-03T22:10:00+05:30,2026-09-03 22:10:00,23.6,24.5,22.6,0,0,21.9,272,0,0,0.3,0.6,0.3,1258.5,94,0,0,27.4,74,29.9,1,272,0,1,1,22.3
2026-09-03T22:05:00+05:30,2026-09-03 22:05:00,23.6,24.5,22.6,0,0,21.9,272,0,0,0.3,0.6,0.3,1258.5,94,0,0,27.4,74,29.9,1,272,0,1,1,22.3
2026-09-03T22:00:00+05:30,2026-09-03 22:00:00,23.6,24.5,22.6,0,0,21.9,272,0,0,0.3,0.6,0.3,1258.5,94,0,0,27.5,74,30.2,1,272,0,1,1,22.4
2026-09-03T21:55:00+05:30,2026-09-03 21:55:00,23.7,24.6,22.7,0,0,21.9,272,0,0,0.3,0.6,0.3,1258.5,94,0,0,27.5,74,30.2,1,272,0,1,1,22.4
2026-09-03T21:50:00+05:30,2026-09-03 21:50:00,23.8,24.6,22.6,0,0,21.9,270,0,0,0.3,0.6,0.3,1258.5,93,0,0,27.5,74,30.2,1,270,0,1,1,22.4
2026-09-03T21:45:00+05:30,2026-09-03 21:45:00,23.8,24.6,22.6,0,0,21.9,270,0,0,0.3,0.6,0.3,1258.5,93,0,0,27.5,74,30.2,1,270,0,1,1,22.4
2026-09-03T21:40:00+05:30,2026-09-03 21:40:00,23.8,24.6,22.6,0,0,21.9,270,0,0,0.3,0.6,0.3,1258.5,93,0,0,27.5,74,30.2,1,270,0,1,1,22.4
2026-09-03T21:35:00+05:30,2026-09-03 21:35:00,23.8,24.6,22.6,0,0,21.9,270,0,0,0.3,0.6,0.3,1258.5,93,0,0,27.5,74,30.2,1,270,0,1,1,22.4
2026-09-03T21:30:00+05:30,2026-09-03 21:30:00,23.9,24.7,22.5,0,0,21.9,270,0,0,0.3,0.6,0.3,1258.5,92,0,0,27.5,74,30.2,1,270,0,1,1,22.4
2026-09-03T21:25:00+05:30,2026-09-03 21:25:00,23.9,24.7,22.5,0,0,21.9,270,0,0,0.3,0.6,0.3,1258.5,92,0,0,27.5,74,30.2,1,270,0,1,1,22.4
2026-09-03T21:20:00+05:30,2026-09-03 21:20:00,24.1,25,22.5,0,0,21.9,270,0,0,0.3,0.6,0.3,1258.5,91,0,0,27.5,74,30.2,1,270,0,1,1,22.4
2026-09-03T21:15:00+05:30,2026-09-03 21:15:00,24.2,25.1,22.7,0,0,21.9,270,0,0,0.3,0.6,0.3,1258.5,91,0,0,27.6,74,30.4,1,270,0,1,1,22.6
2026-09-03T21:10:00+05:30,2026-09-03 21:10:00,24.3,25.1,22.5,0,0,21.9,270,0,0,0.3,0.6,0.3,1258.5,90,0,0,27.6,74,30.4,1,270,0,1,1,22.6
2026-09-03T21:05:00+05:30,2026-09-03 21:05:00,24.2,25.1,22.5,0,0,21.9,270,0,0,0.3,0.6,0.3,1258.5,90,0,0,27.6,74,30.4,1,270,0,1,1,22.6
2026-09-03T21:00:00+05:30,2026-09-03 21:00:00,24.3,25.1,22.5,0,0,21.9,270,0,0,0.3,0.6,0.3,1258.5,90,0,0,27.6,74,30.4,1,270,0,1,1,22.6
2026-09-03T20:55:00+05:30,2026-09-03 20:55:00,24.5,25.3,22.6,0,0,21.9,269,0,0,0.3,0.6,0.3,1258.5,89,0,0,27.6,73,30.3,1,269,0,1,1,22.3
2026-09-03T20:50:00+05:30,2026-09-03 20:50:00,24.5,25.3,22.6,0,0,21.9,269,0,0,0.3,0.6,0.3,1258.5,89,0,0,27.7,73,30.5,1,269,0,1,1,22.4
2026-09-03T20:45:00+05:30,2026-09-03 20:45:00,24.7,25.5,22.6,0,0,21.9,269,0,0,0.3,0.6,0.3,1258.5,88,0,0,27.7,73,30.5,1,269,0,1,1,22.4
2026-09-03T20:40:00+05:30,2026-09-03 20:40:00,24.8,25.6,22.6,0,0,21.9,269,0,0,0.3,0.6,0.3,1258.5,88,0,0,27.7,73,30.5,1,269,0,1,1,22.4
2026-09-03T20:35:00+05:30,2026-09-03 20:35:00,24.9,25.7,22.8,0,0,21.9,269,0,0,0.3,0.6,0.3,1258.5,88,0,0,27.7,73,30.5,1,269,0,1,1,22.4
2026-09-03T20:30:00+05:30,2026-09-03 20:30:00,24.9,25.7,22.8,0,0,21.9,269,0,0,0.3,0.6,0.3,1258.5,88,0,0,27.7,73,30.5,1,268,0,1,1,22.4
2026-09-03T20:25:00+05:30,2026-09-03 20:25:00,25,25.8,22.7,0,0,21.9,268,0,0,0.3,0.6,0.3,1258.5,87,0,0,27.8,73,30.6,1,268,0,1,1,22.5
2026-09-03T20:20:00+05:30,2026-09-03 20:20:00,25.1,25.9,22.8,0,0,21.9,268,0,0,0.3,0.6,0.3,1258.5,87,0,0,27.8,73,30.6,1,259,0,1,1,22.5
2026-09-03T20:15:00+05:30,2026-09-03 20:15:00,25.2,26,22.7,0,0,21.9,268,0,0,0.3,0.6,0.3,1258.5,86,0,0,27.8,73,30.6,1,259,0,1,1,22.5
2026-09-03T20:10:00+05:30,2026-09-03 20:10:00,25.1,25.9,22.4,0.3,3.5,21.9,246,0,0,0.3,0.6,0.3,1258.5,85,0,0,27.8,73,30.6,1,285,0,1,1,22.5
2026-09-03T20:05:00+05:30,2026-09-03 20:05:00,25.2,26,22.7,0,0,21.9,276,0,0,0.3,0.6,0.3,1258.5,86,0,0,27.8,73,30.6,1,266,0,1,1,22.5
2026-09-03T20:00:00+05:30,2026-09-03 20:00:00,25.3,26.1,22.8,0,0,21.9,268,0,0,0.3,0.6,0.3,1258.5,86,0,0,27.8,73,30.6,1,266,0,1,1,22.5
2026-09-03T19:55:00+05:30,2026-09-03 19:55:00,25.2,26,22.7,0,0,21.9,301,0,0,0.3,0.6,0.3,1258.5,86,0,0,27.9,73,30.8,1,304,0,1,1,22.6
2026-09-03T19:50:00+05:30,2026-09-03 19:50:00,25.3,26.1,22.8,0,3.5,21.9,322,0,0,0.3,0.6,0.3,1258.5,86,0,0,27.9,73,30.8,1,313,0,1,1,22.6
2026-09-03T19:45:00+05:30,2026-09-03 19:45:00,25.4,26.2,22.9,2.1,5.5,21.9,239,0,0,0.3,0.6,0.3,1258.5,86,0,0,27.9,73,30.8,1,239,1.8,1,1,22.6
2026-09-03T19:40:00+05:30,2026-09-03 19:40:00,25.4,26.2,22.9,1.8,5.5,21.9,300,0,0,0.3,0.6,0.3,1258.5,86,0,0,28,73,31.1,1,291,1.4,1,1,22.7
2026-09-03T19:35:00+05:30,2026-09-03 19:35:00,25.5,26.4,23,1.1,5.5,21.9,241,0,0,0.3,0.6,0.3,1258.5,86,0,0,27.9,73,30.8,1,288,0,1,1,22.6
2026-09-03T19:30:00+05:30,2026-09-03 19:30:00,25.6,26.5,23.1,0,0,21.9,294,0,0,0.3,0.6,0.3,1258.5,86,0,0,28,73,31.1,1,294,0,1,1,22.7
2026-09-03T19:25:00+05:30,2026-09-03 19:25:00,25.5,26.3,22.8,1.1,1.8,21.9,293,0,0,0.3,0.6,0.3,1258.5,85,0,0,28,73,31.1,1,301,0,1,1,22.7
2026-09-03T19:20:00+05:30,2026-09-03 19:20:00,25.6,26.5,23.1,1.1,3.5,21.9,301,0,0,0.3,0.6,0.3,1258.5,86,0,0,28,73,31.1,1,307,0,1,1,22.7
2026-09-03T19:15:00+05:30,2026-09-03 19:15:00,25.7,26.6,23,0,0,21.9,307,0,0,0.3,0.6,0.3,1258.5,85,0,0,28,73,31.1,1,295,0,1,1,22.7
2026-09-03T19:10:00+05:30,2026-09-03 19:10:00,25.7,26.6,23,0,1.8,21.9,294,0,0,0.3,0.6,0.3,1258.5,85,0,0,28,73,31.1,1,292,1.4,1,1,22.7
2026-09-03T19:05:00+05:30,2026-09-03 19:05:00,25.8,26.6,23.1,3.5,5.5,21.9,300,0,0,0.3,0.6,0.3,1258.5,85,0,0,28.1,73,31.3,1,300,1.4,1,1,22.8
2026-09-03T19:00:00+05:30,2026-09-03 19:00:00,25.9,26.7,23,1.8,3.5,21.9,292,0,0,0.3,0.6,0.3,1258.5,84,0,0,28.1,73,31.3,1,296,1.4,1,1,22.8
2026-09-03T18:55:00+05:30,2026-09-03 18:55:00,25.8,26.6,23.1,0,0,21.9,306,0,0,0.3,0.6,0.3,1258.5,85,0,0,28.1,73,31.3,1,288,2.6,1,1,22.8
2026-09-03T18:50:00+05:30,2026-09-03 18:50:00,25.9,26.8,23.2,3.5,9.3,21.9,290,0,0,0.3,0.6,0.3,1258.5,85,0,0,28.1,73,31.3,1,293,2.1,1,1,22.8
2026-09-03T18:45:00+05:30,2026-09-03 18:45:00,25.9,26.8,23.2,2.1,3.5,21.9,264,0,0,0.3,0.6,0.3,1258.5,85,0,0,28.2,73,31.6,1,301,2.1,1,1,22.9
2026-09-03T18:40:00+05:30,2026-09-03 18:40:00,26,26.9,23.3,0.3,1.8,21.9,305,0,0,0.3,0.6,0.3,1258.5,85,0,0,28.2,73,31.6,1,292,2.9,1,1,22.9
2026-09-03T18:35:00+05:30,2026-09-03 18:35:00,26.1,27,23.2,5.8,7.2,21.9,284,0,0,0.3,0.6,0.3,1258.5,84,0,0,28.2,73,31.6,1,281,2.9,1,1,22.9
2026-09-03T18:30:00+05:30,2026-09-03 18:30:00,26.2,27.1,23.3,1.4,7.2,21.9,281,0,0,0.3,0.6,0.3,1258.5,84,0,0,28.3,73,31.7,1,289,3.5,1,1,22.9
2026-09-03T18:25:00+05:30,2026-09-03 18:25:00,26.3,27.1,23.2,1.4,7.2,21.9,245,0,0,0.3,0.6,0.3,1258.5,83,0,0.2,28.3,73,31.7,1,296,1.1,1,1,22.9
2026-09-03T18:20:00+05:30,2026-09-03 18:20:00,26.4,27.3,23.3,0,3.5,21.9,292,0,0,0.3,0.6,0.3,1258.5,83,0,0.6,28.3,73,31.7,1,283,0,1,1,22.9
2026-09-03T18:15:00+05:30,2026-09-03 18:15:00,26.4,27.3,23.3,0,1.8,21.9,291,0,0,0.3,0.6,0.3,1258.5,83,0,1.8,28.3,72,31.5,1,283,0,1,1,22.7
2026-09-03T18:10:00+05:30,2026-09-03 18:10:00,26.5,27.4,23.4,0,1.8,21.9,291,0,0,0.3,0.6,0.3,1258.5,83,0,3.5,28.4,72,31.7,1,288,1.4,1,1,22.8
2026-09-03T18:05:00+05:30,2026-09-03 18:05:00,26.5,27.3,23.2,3.5,7.2,21.9,290,0,0,0.3,0.6,0.3,1258.5,82,0,5.4,28.4,72,31.7,1,279,1.4,1,1,22.8
2026-09-03T18:00:00+05:30,2026-09-03 18:00:00,26.7,29.3,23.4,0,1.8,21.9,287,0,0,0.3,0.6,0.3,1258.5,82,0,9.6,28.4,72,31.7,1,272,1.1,1,1,22.8
2026-09-03T17:55:00+05:30,2026-09-03 17:55:00,26.6,27.5,23.3,0.3,1.8,21.9,264,0,0,0.3,0.6,0.3,1258.5,82,0,9.8,28.4,72,31.7,1,284,3.5,1,1,22.8
2026-09-03T17:50:00+05:30,2026-09-03 17:50:00,26.6,27.5,23.3,2.9,9.3,21.9,292,0,0,0.3,0.6,0.3,1258.5,82,0,10.5,28.5,72,32,1,285,1.8,1,1,22.9
2026-09-03T17:45:00+05:30,2026-09-03 17:45:00,26.7,29.3,23.4,0.3,7.2,21.9,285,0,0,0.3,0.6,0.3,1258.5,82,0,11.7,28.5,72,32,1,267,1.8,1,1,22.9
2026-09-03T17:40:00+05:30,2026-09-03 17:40:00,26.7,29.3,23.4,0,3.5,21.9,262,0,0,0.3,0.6,0.3,1258.5,82,0,12.4,28.5,72,32,1,317,0,1,1,22.9
2026-09-03T17:35:00+05:30,2026-09-03 17:35:00,26.8,29.4,23.4,0,3.5,21.9,317,0,0,0.3,0.6,0.3,1258.5,82,0,13.6,28.6,72,32.2,1,291,1.1,1,1,23.1
2026-09-03T17:30:00+05:30,2026-09-03 17:30:00,26.8,29.3,23.2,4.7,9.3,21.9,288,0,0,0.3,0.6,0.3,1258.5,81,0,15,28.6,72,32.2,1,282,1.4,1,1,23.1
2026-09-03T17:25:00+05:30,2026-09-03 17:25:00,26.8,29.3,23.2,3.2,11.1,21.9,223,0,0,0.3,0.6,0.3,1258.5,81,0,16.6,28.6,72,32.2,1,276,1.4,1,1,23.1
2026-09-03T17:20:00+05:30,2026-09-03 17:20:00,26.9,29.6,23.3,0,0,21.9,275,0,0,0.3,0.6,0.3,1258.5,81,0,16.7,28.7,72,32.5,1,279,3.5,1,1,23.2
2026-09-03T17:15:00+05:30,2026-09-03 17:15:00,26.9,29.5,23.1,3.5,5.5,21.9,179,0,0,0.3,0.6,0.3,1258.5,80,0,18.2,28.7,72,32.5,1,284,4.7,1,1,23.2
2026-09-03T17:10:00+05:30,2026-09-03 17:10:00,27,29.7,23.2,6.1,7.2,21.9,299,0,0,0.3,0.6,0.3,1258.5,80,0,20.4,28.7,72,32.5,1,255,4,1,1,23.2
2026-09-03T17:05:00+05:30,2026-09-03 17:05:00,27.2,30.1,23.3,1.4,14.8,21.9,294,0,0,0.3,0.6,0.3,1258.5,79,0,24,28.8,72,32.6,1,290,2.6,1,1,23.2
2026-09-03T17:00:00+05:30,2026-09-03 17:00:00,27.2,30.2,23.5,0,9.3,21.9,290,0,0,0.3,0.6,0.3,1258.5,80,0,29,28.8,72,32.6,1,290,4,1,1,23.2
2026-09-03T16:55:00+05:30,2026-09-03 16:55:00,27.2,30.3,23.7,9.7,11.1,21.9,276,0,0,0.3,0.6,0.3,1258.5,81,0,35.6,28.8,72,32.6,1,290,6.1,1,1,23.2
2026-09-03T16:50:00+05:30,2026-09-03 16:50:00,27.3,30.4,23.5,6.1,20.1,21.9,288,0,0,0.3,0.6,0.3,1258.5,80,0,43.1,28.8,72,32.6,1,285,7.6,1,1,23.2
2026-09-03T16:45:00+05:30,2026-09-03 16:45:00,27.4,30.6,23.6,1.4,13,21.9,278,0,0,0.3,0.6,0.3,1258.5,80,0,50.8,28.9,72,32.8,1,266,5.8,1,1,23.3
2026-09-03T16:40:00+05:30,2026-09-03 16:40:00,27.7,31.3,23.7,9.3,13,21.9,319,0,0,0.3,0.6,0.3,1258.5,79,0,65.8,28.9,72,32.8,1,323,3.5,1,1,23.3
2026-09-03T16:35:00+05:30,2026-09-03 16:35:00,28,31.8,23.8,0,5.5,21.9,308,0,0,0.3,0.6,0.3,1258.5,78,0,66.4,28.8,72,32.6,1,315,1.1,1,1,23.2
2026-09-03T16:30:00+05:30,2026-09-03 16:30:00,28.4,32.7,24.2,0,3.5,21.9,298,0,0,0.3,0.6,0.3,1258.5,78,0,74.7,28.9,72,32.8,1,321,0.3,1,1,23.3
2026-09-03T16:25:00+05:30,2026-09-03 16:25:00,28.3,32.5,24.1,0,0,21.9,265,0,0,0.3,0.6,0.3,1258.5,78,0,65.2,28.9,72,32.8,1,271,5,1,1,23.3
2026-09-03T16:20:00+05:30,2026-09-03 16:20:00,28.4,32.6,24,6.1,7.2,21.9,285,0,0,0.3,0.6,0.3,1258.5,77,0,65,29,72,33.1,1,309,5,1,1,23.4
2026-09-03T16:15:00+05:30,2026-09-03 16:15:00,28.7,33.2,24.1,1.4,13,21.9,317,0,0,0.3,0.6,0.3,1258.5,76,1,129.7,29,72,33.1,1,268,4.3,1,1,23.4
2026-09-03T16:11:00+05:30,2026-09-03 16:11:00,28.7,33.2,24.1,1.4,1.8,21.9,223,0,0,0.3,0.6,0.3,1258.5,76,1,143.3,29.1,72,33.4,1,274,2.6,1,1,23.6
2026-09-03T16:05:00+05:30,2026-09-03 16:05:00,29.2,34.3,24.3,2.9,9.3,21.9,284,0,0,0.3,0.6,0.3,1258.5,75,0,100.9,29,72,33.1,1,284,3.2,1,1,23.4
2026-09-03T16:00:00+05:30,2026-09-03 16:00:00,28.9,33.4,24,8.2,11.1,21.9,280,0,0,0.3,0.6,0.3,1258.5,75,1,164.3,29.1,71,33.2,1,288,5,1,1,23.3
2026-09-03T15:55:00+05:30,2026-09-03 15:55:00,29.3,34.2,24.2,4.7,18.3,21.9,289,0,0,0.3,0.6,0.3,1258.5,74,1,102.8,29.1,71,33.2,1,288,5,1,1,23.3
2026-09-03T15:50:00+05:30,2026-09-03 15:50:00,29,33.5,23.9,5,13,21.9,325,0,0,0.3,0.6,0.3,1258.5,74,2,304.9,29.1,71,33.2,1,294,8.2,1,1,23.3
2026-09-03T15:45:00+05:30,2026-09-03 15:45:00,28.9,33.2,23.8,12.2,16.6,21.9,258,0,0,0.3,0.6,0.3,1258.5,74,0,83.6,29.1,71,33.2,1,281,6.4,1,1,23.3
2026-09-03T15:40:00+05:30,2026-09-03 15:40:00,29.6,34.8,24.2,6.9,14.8,21.9,262,0,0,0.3,0.6,0.3,1258.5,73,1,155.2,29.1,72,33.4,1,286,4.7,1,1,23.6
2026-09-03T15:35:00+05:30,2026-09-03 15:35:00,29,33.7,24.1,9.7,16.6,21.9,295,0,0,0.3,0.6,0.3,1258.5,75,1,201.6,29.1,71,33.2,1,260,5.5,1,1,23.3
2026-09-03T15:30:00+05:30,2026-09-03 15:30:00,29.2,34.3,24.3,6.4,18.3,21.9,275,0,0,0.3,0.6,0.3,1258.5,75,1,182.7,29.1,71,33.2,1,279,3.5,1,1,23.3
2026-09-03T15:25:00+05:30,2026-09-03 15:25:00,29.3,34.2,24.2,6.4,11.1,21.9,278,0,0,0.3,0.6,0.3,1258.5,74,1,131.2,29.1,71,33.2,1,278,4,1,1,23.3
2026-09-03T15:20:00+05:30,2026-09-03 15:20:00,29.6,34.8,24.2,4,7.2,21.9,282,0,0,0.3,0.6,0.3,1258.5,73,2,281.5,29.1,71,33.2,1,282,6.1,1,1,23.3
2026-09-03T15:15:00+05:30,2026-09-03 15:15:00,29.5,34.3,23.9,11.9,14.8,21.9,271,0,0,0.3,0.6,0.3,1258.5,72,4,439.7,29.1,71,33.2,1,307,5.8,1,1,23.3
2026-09-03T15:11:00+05:30,2026-09-03 15:11:00,29.4,34.5,24.3,1.8,13,21.9,344,0,0,0.3,0.6,0.3,1258.5,74,1,160.5,29.1,71,33.2,1,314,5.8,1,1,23.3
2026-09-03T15:05:00+05:30,2026-09-03 15:05:00,29.4,34.2,24,3.2,7.2,21.9,321,0,0,0.3,0.6,0.3,1258.5,73,4,482.5,29.1,71,33.2,1,294,4,1,1,23.3
2026-09-03T15:00:00+05:30,2026-09-03 15:00:00,29.3,34,23.9,3.5,9.3,21.9,243,0,0,0.3,0.6,0.3,1258.5,73,1,192.9,29.1,71,33.2,1,285,4,1,1,23.3
2026-09-03T14:55:00+05:30,2026-09-03 14:55:00,29.3,33.8,23.7,6.1,11.1,21.9,346,0,0,0.3,0.6,0.3,1258.5,72,1,122.9,29.1,71,33.2,1,315,5,1,1,23.3
2026-09-03T14:50:00+05:30,2026-09-03 14:50:00,29,33.7,24.1,7.9,11.1,21.9,285,0,0,0.3,0.6,0.3,1258.5,75,1,170.3,29.1,72,33.4,1,290,4.7,1,1,23.6
2026-09-03T14:45:00+05:30,2026-09-03 14:45:00,29,33.7,24.1,0,9.3,21.9,290,0,0,0.3,0.6,0.3,1258.5,75,0,88.4,29.2,71,33.4,1,285,5,1,1,23.4
2026-09-03T14:40:00+05:30,2026-09-03 14:40:00,29.4,34.5,24.3,4,7.2,21.9,297,0,0,0.3,0.6,0.3,1258.5,74,1,121.4,29.2,72,33.6,1,280,4.3,1,1,23.7
2026-09-03T14:35:00+05:30,2026-09-03 14:35:00,29.9,35.2,24.3,6.1,9.3,21.9,273,0,0,0.3,0.6,0.3,1258.5,72,6,624.7,29.2,72,33.6,1,314,4,1,1,23.7
2026-09-03T14:30:00+05:30,2026-09-03 14:30:00,30.2,36.4,24.8,2.9,11.1,21.9,323,0,0,0.3,0.6,0.3,1258.5,73,2,231.7,29.2,71,33.4,1,287,4.3,1,1,23.4
2026-09-03T14:25:00+05:30,2026-09-03 14:25:00,29.4,34.2,24,0,7.2,21.9,253,0,0,0.3,0.6,0.3,1258.5,73,5,605,29.1,72,33.4,1,269,7.2,1,1,23.6
2026-09-03T14:20:00+05:30,2026-09-03 14:20:00,29.6,35,24.5,7.6,11.1,21.9,292,0,0,0.3,0.6,0.3,1258.5,74,6,617.7,29.1,72,33.4,1,271,5.5,1,1,23.6
2026-09-03T14:15:00+05:30,2026-09-03 14:15:00,30.4,36.3,24.5,12.2,14.8,21.9,282,0,0,0.3,0.6,0.3,1258.5,71,3,318.2,29.1,73,33.6,1,282,3.2,1,1,23.8
2026-09-03T14:10:00+05:30,2026-09-03 14:10:00,29.7,35.1,24.3,2.1,9.3,21.9,354,0,0,0.3,0.6,0.3,1258.5,73,7,739.8,29,72,33.1,1,287,4.7,1,1,23.4
2026-09-03T14:08:00+05:30,2026-09-03 14:08:00,29.3,34.4,24.4,7.6,13,21.9,275,0,0,0.3,0.6,0.3,1258.5,75,7,725.3,29,72,33.1,1,293,5,1,1,23.4
2026-09-03T14:00:00+05:30,2026-09-03 14:00:00,29.2,34,24.1,4,11.1,21.9,352,0,0,0.3,0.6,0.3,1258.5,74,2,216.8,29,72,33.1,1,278,6.1,1,1,23.4
2026-09-03T13:55:00+05:30,2026-09-03 13:55:00,29.3,33.8,23.7,1.1,13,21.9,312,0,0,0.3,0.6,0.3,1258.5,72,6,658.9,28.9,71,32.7,1,286,9.3,1,1,23.1
2026-09-03T13:50:00+05:30,2026-09-03 13:50:00,29.3,33.8,23.7,15.1,20.1,21.9,275,0,0,0.3,0.6,0.3,1258.5,72,6,681.9,28.9,72,32.8,1,284,9.3,1,1,23.3
2026-09-03T13:46:00+05:30,2026-09-03 13:46:00,29.6,34.6,24,12.2,18.3,21.9,292,0,0,0.3,0.6,0.3,1258.5,72,7,803.2,28.8,72,32.6,1,327,7.2,1,1,23.2
2026-09-03T13:40:00+05:30,2026-09-03 13:40:00,29.9,35.2,24.3,9.7,16.6,21.9,301,0,0,0.3,0.6,0.3,1258.5,72,7,757.5,28.8,72,32.6,1,279,4.7,1,1,23.2
2026-09-03T13:35:00+05:30,2026-09-03 13:35:00,30.3,35.7,24.2,4,9.3,21.9,89,0,0,0.3,0.6,0.3,1258.5,70,3,312.9,28.7,72,32.5,1,288,5.8,1,1,23.2
2026-09-03T13:30:00+05:30,2026-09-03 13:30:00,29.7,34.6,23.9,10.1,13,21.9,286,0,0,0.3,0.6,0.3,1258.5,71,7,794.9,28.6,72,32.2,1,286,6.1,1,1,23.1
2026-09-03T13:25:00+05:30,2026-09-03 13:25:00,29.9,34.8,23.8,9.7,13,21.9,268,0,0,0.3,0.6,0.3,1258.5,70,7,745.9,28.6,72,32.2,1,274,6.1,1,1,23.1
2026-09-03T13:20:00+05:30,2026-09-03 13:20:00,29.2,33.6,23.6,12.2,14.8,21.9,271,0,0,0.3,0.6,0.3,1258.5,72,8,829.3,28.5,72,32,1,301,4.7,1,1,22.9
2026-09-03T13:15:00+05:30,2026-09-03 13:15:00,29.7,34.6,23.9,2.9,5.5,21.9,296,0,0,0.3,0.6,0.3,1258.5,71,7,780.2,28.4,73,31.9,1,264,4.7,1,1,23.1
2026-09-03T13:10:00+05:30,2026-09-03 13:10:00,28.6,32.8,23.7,2.6,9.3,21.9,246,0,0,0.3,0.6,0.3,1258.5,75,7,764.2,28.4,73,31.9,1,299,5.5,1,1,23.1
2026-09-03T13:05:00+05:30,2026-09-03 13:05:00,30.1,35.6,24.3,11.6,16.6,21.9,258,0,0,0.3,0.6,0.3,1258.5,71,7,803.7,28.3,74,31.8,1,299,4.7,1,1,23.2
2026-09-03T13:00:00+05:30,2026-09-03 13:00:00,29.3,34,23.9,4.7,9.3,21.9,202,0,0,0.3,0.6,0.3,1258.5,73,5,590,28.2,73,31.6,1,292,5.8,1,1,22.9
2026-09-03T12:55:00+05:30,2026-09-03 12:55:00,28.9,33.2,23.8,5.8,14.8,21.9,301,0,0,0.3,0.6,0.3,1258.5,74,2,256.5,28.2,73,31.6,1,289,6.1,1,1,22.9
2026-09-03T12:50:00+05:30,2026-09-03 12:50:00,29.1,33.2,23.3,15.8,21.9,21.9,291,0,0,0.3,0.6,0.3,1258.5,71,8,883,28.2,74,31.7,1,297,5.5,1,1,23.1
2026-09-03T12:45:00+05:30,2026-09-03 12:45:00,29.3,34.4,24.4,9,13,21.9,262,0,0,0.3,0.6,0.3,1258.5,75,8,886,28.1,74,31.4,1,283,3.5,1,1,23
2026-09-03T12:40:00+05:30,2026-09-03 12:40:00,29.1,33.6,23.8,1.1,7.2,21.9,352,0,0,0.3,0.6,0.3,1258.5,73,3,317,28.1,74,31.4,1,309,3.5,1,1,23
2026-09-03T12:35:00+05:30,2026-09-03 12:35:00,28.2,32,23.6,6.4,9.3,21.9,309,0,0,0.3,0.6,0.3,1258.5,76,8,891.5,28,74,31.2,1,293,6.4,1,1,22.9
2026-09-03T12:30:00+05:30,2026-09-03 12:30:00,28.2,32,23.6,6.4,14.8,21.9,258,0,0,0.3,0.6,0.3,1258.5,76,5,534.1,28,74,31.2,1,258,6.1,1,1,22.9
2026-09-03T12:25:00+05:30,2026-09-03 12:25:00,28,31.5,23.4,6.4,7.2,21.9,288,0,0,0.3,0.6,0.3,1258.5,76,4,426.6,27.9,73,30.8,1,288,5,1,1,22.6
2026-09-03T12:20:00+05:30,2026-09-03 12:20:00,27.9,31.3,23.3,7.2,11.1,21.9,297,0,0,0.3,0.6,0.3,1258.5,76,4,457.6,27.9,73,30.8,1,329,4.7,1,1,22.6
2026-09-03T12:16:00+05:30,2026-09-03 12:16:00,27.8,31.1,23.4,2.1,5.5,21.9,330,0,0,0.3,0.6,0.3,1258.5,77,2,270.4,27.9,73,30.8,1,290,6.1,1,1,22.6
2026-09-03T12:10:00+05:30,2026-09-03 12:10:00,28.4,32.4,23.7,8.7,11.1,20.1,275,0,0,0.3,0.6,0.3,1258.5,76,1,181.8,27.9,74,31,1,278,2.9,1,1,22.8
2026-09-03T12:05:00+05:30,2026-09-03 12:05:00,29.2,34,24.1,0,7.2,20.1,297,0,0,0.3,0.6,0.3,1258.5,74,1,178.4,27.9,74,31,1,289,1.4,1,1,22.8
2026-09-03T12:00:00+05:30,2026-09-03 12:00:00,28.9,33,23.5,3.2,7.2,20.1,261,0,0,0.3,0.6,0.3,1258.5,73,3,332.4,27.9,74,31,1,261,5,1,1,22.8
2026-09-03T11:55:00+05:30,2026-09-03 11:55:00,28.3,32,23.4,7.6,14.8,20.1,258,0,0,0.3,0.6,0.3,1258.5,75,6,716.4,27.8,74,30.7,1,276,4.7,1,1,22.7
2026-09-03T11:50:00+05:30,2026-09-03 11:50:00,28.8,33,23.7,4.7,7.2,18.3,299,0,0,0.3,0.6,0.3,1258.5,74,3,365.7,27.8,74,30.7,1,298,3.5,1,1,22.7
2026-09-03T11:45:00+05:30,2026-09-03 11:45:00,28.5,32.3,23.4,6.1,7.2,18.3,301,0,0,0.3,0.6,0.3,1258.5,74,4,494.8,27.7,74,30.6,1,289,4.3,1,1,22.7
2026-09-03T11:40:00+05:30,2026-09-03 11:40:00,28.8,33,23.7,6.1,14.8,18.3,282,0,0,0.3,0.6,0.3,1258.5,74,3,317.6,27.7,75,30.8,1,282,4.7,1,1,22.9
2026-09-03T11:35:00+05:30,2026-09-03 11:35:00,27.9,31.3,23.3,5.8,7.2,18.3,305,0,0.3,0.3,0.6,0.3,1258.5,76,8,860.8,27.6,75,30.5,1,289,6.4,1,1,22.8
2026-09-03T11:30:00+05:30,2026-09-03 11:30:00,27.7,31,23.3,7.6,13,18.3,281,0,0.3,0.3,0.6,0.3,1258.5,77,2,228.6,27.5,75,30.3,1,281,6.4,1,1,22.7
2026-09-03T11:25:00+05:30,2026-09-03 11:25:00,27.8,31.3,23.6,9.3,13,18.3,268,0,0.3,0.3,0.6,0.3,1258.5,78,2,298.2,27.5,76,30.4,1,276,3.2,1,1,22.9
2026-09-03T11:20:00+05:30,2026-09-03 11:20:00,27.8,31.3,23.6,6.4,9.3,18.3,303,0,0.3,0.3,0.6,0.3,1258.5,78,2,260.7,27.5,77,30.5,1,260,2.1,1,1,23.1
2026-09-03T11:15:00+05:30,2026-09-03 11:15:00,27.9,31.7,23.9,4.7,5.5,18.3,276,0,0.3,0.3,0.6,0.3,1258.5,79,4,410.7,27.5,78,30.7,1,285,2.1,1,1,23.3
2026-09-03T11:10:00+05:30,2026-09-03 11:10:00,27.1,30.4,24.2,2.1,14.8,18.3,294,0,0.3,0.3,0.6,0.3,1258.5,84,9,1008.6,27.5,78,30.7,1,294,4.3,1,1,23.3
2026-09-03T11:05:00+05:30,2026-09-03 11:05:00,26.6,27.5,23.7,3.5,5.5,18.3,283,0,0.3,0.3,0.6,0.3,1258.5,84,2,280.9,27.5,78,30.7,1,325,2.9,1,1,23.3
2026-09-03T11:00:00+05:30,2026-09-03 11:00:00,25.9,26.9,23.9,2.9,5.5,18.3,303,0,0.3,0.3,0.6,0.3,1258.5,89,8,870.5,27.5,79,30.8,1,292,1.4,1,1,23.5
2026-09-03T10:55:00+05:30,2026-09-03 10:55:00,25.6,26.6,24.2,0,1.8,18.3,293,0,0.3,0.3,0.6,0.3,1258.5,92,7,804.2,27.4,78,30.4,1,289,1.4,1,1,23.2
2026-09-03T10:50:00+05:30,2026-09-03 10:50:00,25.1,26.1,23.7,0,9.3,18.3,273,0,0.3,0.3,0.6,0.3,1258.5,92,2,263.5,27.4,78,30.4,1,265,2.9,1,1,23.2
2026-09-03T10:45:00+05:30,2026-09-03 10:45:00,25.2,26.2,23.8,0,5.5,18.3,332,1.8,0.3,0.3,0.6,0.3,1258.5,92,1,191.9,27.4,77,30.3,1,290,3.5,1,1,23
2026-09-03T10:40:00+05:30,2026-09-03 10:40:00,25.6,26.6,23.8,1.4,13,18.3,283,1.8,0.3,0.3,0.6,0.3,1258.5,90,2,208.8,27.5,76,30.4,1,284,4,1,1,22.9
2026-09-03T10:35:00+05:30,2026-09-03 10:35:00,27.2,30.6,24.1,7.9,13,18.3,315,0,0,0,0.3,0,1258.2,83,0,95.1,27.5,75,30.3,1,299,3.5,1,1,22.7
2026-09-03T10:31:00+05:30,2026-09-03 10:31:00,27.1,30,23.4,0.3,1.8,18.3,297,0,0,0,0.3,0,1258.2,80,1,106.3,27.5,75,30.3,1,287,3.5,1,1,22.7
2026-09-03T10:25:00+05:30,2026-09-03 10:25:00,27.2,30.2,23.5,2.1,9.3,18.3,293,0,0,0,0.3,0,1258.2,80,2,299.7,27.5,75,30.3,1,293,4.7,1,1,22.7
2026-09-03T10:20:00+05:30,2026-09-03 10:20:00,27.3,30.3,23.3,5,9.3,18.3,314,0,0,0,0.3,0,1258.2,79,2,211.8,27.4,76,30.2,1,298,3.5,1,1,22.8
2026-09-03T10:15:00+05:30,2026-09-03 10:15:00,27.7,31.3,23.7,2.1,13,18.3,299,0,0,0,0.3,0,1258.2,79,4,411.2,27.3,76,29.9,1,280,3.5,1,1,22.7
2026-09-03T10:10:00+05:30,2026-09-03 10:10:00,27.1,30,23.4,0,9.3,18.3,234,0,0,0,0.3,0,1258.2,80,7,818.4,27.3,76,29.9,1,265,3.5,1,1,22.7
2026-09-03T10:05:00+05:30,2026-09-03 10:05:00,27.2,30.5,23.9,0.3,3.5,18.3,45,0,0,0,0.3,0,1258.2,82,2,262.9,27.3,76,29.9,1,317,1.8,1,1,22.7
2026-09-03T10:00:00+05:30,2026-09-03 10:00:00,27.3,30.4,23.5,1.4,7.2,18.3,338,0,0,0,0.3,0,1258.2,80,5,545.5,27.2,77,29.9,1,311,0,1,1,22.8
2026-09-03T09:55:00+05:30,2026-09-03 09:55:00,27.2,30.2,23.5,0,0,18.3,311,0,0,0,0.3,0,1258.2,80,7,737.1,27.1,77,29.7,1,286,0,1,1,22.7
2026-09-03T09:50:00+05:30,2026-09-03 09:50:00,26.1,27,23.2,0.3,5.5,18.3,265,0,0,0,0.3,0,1258.2,84,2,297.6,27.1,76,29.6,1,282,1.8,1,1,22.5
2026-09-03T09:45:00+05:30,2026-09-03 09:45:00,25.9,26.8,23.2,5.5,7.2,18.3,251,0,0,0,0.3,0,1258.2,85,2,261.2,27.1,76,29.6,1,271,1.4,1,1,22.5
2026-09-03T09:40:00+05:30,2026-09-03 09:40:00,26.1,27,23.4,1.1,3.5,18.3,296,0,0,0,0.3,0,1258.2,85,2,237.9,27.1,76,29.6,1,305,1.1,1,1,22.5
2026-09-03T09:35:00+05:30,2026-09-03 09:35:00,25.7,26.6,23,6.1,13,18.3,275,0,0,0,0.3,0,1258.2,85,1,183.3,27,76,29.4,1,280,1.1,1,1,22.4
2026-09-03T09:30:00+05:30,2026-09-03 09:30:00,25.6,26.5,23.1,2.1,3.5,18.3,286,0,0,0,0.3,0,1258.2,86,1,183.9,27,76,29.4,1,282,2.1,1,1,22.4
2026-09-03T09:26:00+05:30,2026-09-03 09:26:00,25.5,26.4,23,2.9,13,18.3,280,0,0,0,0.3,0,1258.2,86,1,141.2,27,76,29.4,1,280,4,1,1,22.4
2026-09-03T09:20:00+05:30,2026-09-03 09:20:00,25.1,25.9,22.8,4.7,7.2,18.3,285,0,0,0,0.3,0,1258.2,87,2,209.4,27,76,29.4,1,272,4.3,1,1,22.4
2026-09-03T09:16:00+05:30,2026-09-03 09:16:00,25,25.8,22.7,10.1,11.1,18.3,297,0,0,0,0.3,0,1258.2,87,1,186.8,27,76,29.4,1,272,4,1,1,22.4
2026-09-03T09:10:00+05:30,2026-09-03 09:10:00,24.9,25.7,22.8,5.5,5.5,18.3,266,0,0,0,0.3,0,1258.2,88,1,123.7,27,76,29.4,1,260,2.6,1,1,22.4
2026-09-03T09:05:00+05:30,2026-09-03 09:05:00,24.8,25.6,22.6,4.7,7.2,18.3,258,0,0,0,0.3,0,1258.2,88,1,149.2,27,76,29.4,1,276,4,1,1,22.4
2026-09-03T09:01:00+05:30,2026-09-03 09:01:00,24.8,25.6,22.6,1.8,9.3,18.3,308,0,0,0,0.3,0,1258.2,88,0,76.1,27,76,29.4,1,286,4,1,1,22.4
2026-09-03T08:55:00+05:30,2026-09-03 08:55:00,25.1,25.9,22.8,0,5.5,9.3,281,0,0,0,0.3,0,1258.2,87,0,94.2,27,76,29.4,1,286,4,1,1,22.4
2026-09-03T08:50:00+05:30,2026-09-03 08:50:00,25.5,26.4,23,5.8,7.2,9.3,269,0,0,0,0.3,0,1258.2,86,0,101.7,26.9,76,29.2,1,285,3.5,1,1,22.3
2026-09-03T08:45:00+05:30,2026-09-03 08:45:00,25.8,26.6,22.9,4,5.5,9.3,282,0,0,0,0.3,0,1258.2,84,0,86.4,26.9,75,29.1,1,284,2.6,1,1,22.1
2026-09-03T08:40:00+05:30,2026-09-03 08:40:00,26,26.8,22.7,3.5,3.5,9.3,285,0,0,0,0.3,0,1258.2,82,1,102.7,26.9,75,29.1,1,292,1.8,1,1,22.1
2026-09-03T08:35:00+05:30,2026-09-03 08:35:00,26.1,26.9,22.6,6.4,9.3,9.3,281,0,0,0,0.3,0,1258.2,81,1,104.5,26.9,75,29.1,1,287,2.1,1,1,22.1
2026-09-03T08:30:00+05:30,2026-09-03 08:30:00,26,26.8,22.5,0.3,3.5,9.3,295,0,0,0,0.3,0,1258.2,81,1,112,26.9,75,29.1,1,287,2.6,1,1,22.1
2026-09-03T08:25:00+05:30,2026-09-03 08:25:00,26.2,27,22.5,4.3,9.3,9.3,284,0,0,0,0.3,0,1258.2,80,1,118.8,26.9,75,29.1,1,290,0,1,1,22.1
2026-09-03T08:20:00+05:30,2026-09-03 08:20:00,26.3,27.1,22.7,0,5.5,5.5,290,0,0,0,0.3,0,1258.2,81,1,111.5,26.8,75,28.8,1,290,0,1,1,21.9
2026-09-03T08:15:00+05:30,2026-09-03 08:15:00,26.5,27.3,23,2.9,5.5,5.5,136,0,0,0,0.3,0,1258.2,81,1,145,26.8,75,28.8,1,285,0,1,1,21.9
2026-09-03T08:10:00+05:30,2026-09-03 08:10:00,26.6,27.4,23.1,0,0,5.5,286,0,0,0,0.3,0,1258.2,81,1,192.8,26.8,75,28.8,1,286,0.3,1,1,21.9
2026-09-03T08:05:00+05:30,2026-09-03 08:05:00,26.5,27.3,22.6,3.2,5.5,5.5,285,0,0,0,0.3,0,1258.2,79,2,289.7,26.8,75,28.8,1,343,0,1,1,21.9
2026-09-03T08:00:00+05:30,2026-09-03 08:00:00,26.9,29.5,23.1,0,0,1.8,343,0,0,0,0.3,0,1258.2,80,1,181.9,26.7,75,28.8,1,343,0,1,1,21.9
2026-09-03T07:55:00+05:30,2026-09-03 07:55:00,26.4,27.1,22.4,0,1.8,1.8,343,0,0,0,0.3,0,1258.2,79,1,128,26.7,75,28.8,1,343,0,1,1,21.9
2026-09-03T07:50:00+05:30,2026-09-03 07:50:00,26.3,27.1,22.7,0,0,1.8,343,0,0,0,0.3,0,1258.2,81,1,112.3,26.7,75,28.8,1,343,0,1,1,21.9
2026-09-03T07:45:00+05:30,2026-09-03 07:45:00,25.8,26.5,22.3,0,0,1.8,343,0,0,0,0.3,0,1258.2,81,0,79.8,26.6,75,27.3,1,343,0,1,1,21.8
2026-09-03T07:40:00+05:30,2026-09-03 07:40:00,25.1,25.9,22.4,0,0,1.8,343,0,0,0,0.3,0,1258.2,85,1,183.2,26.6,75,27.3,1,343,0,1,1,21.8
2026-09-03T07:35:00+05:30,2026-09-03 07:35:00,25.2,26,22.3,0,0,1.8,343,0,0,0,0.3,0,1258.2,84,0,78.5,26.6,75,27.3,1,343,0,1,1,21.8
2026-09-03T07:30:00+05:30,2026-09-03 07:30:00,25.2,26.1,22.9,0,0,1.8,343,0,0,0,0.3,0,1258.2,87,0,94.3,26.6,75,27.3,1,343,0,1,1,21.8
2026-09-03T07:25:00+05:30,2026-09-03 07:25:00,24.7,25.6,22.8,0,0,1.8,343,0,0,0,0.3,0,1258.2,89,1,112,26.6,75,27.3,1,343,0,1,1,21.8
2026-09-03T07:20:00+05:30,2026-09-03 07:20:00,24.2,25,22.3,0,0,1.8,343,0,0,0,0.3,0,1258.2,89,0,96.4,26.6,75,27.3,1,343,0,1,1,21.8
2026-09-03T07:15:00+05:30,2026-09-03 07:15:00,24.2,25.1,22.7,0,0,1.8,343,0,0,0,0.3,0,1258.2,91,1,116.2,26.6,75,27.3,1,343,0,1,1,21.8
2026-09-03T07:10:00+05:30,2026-09-03 07:10:00,23.7,24.6,22.5,0,0,1.8,343,0,0,0,0.3,0,1258.2,93,0,73.4,26.6,75,27.3,1,343,0,1,1,21.8
2026-09-03T07:05:00+05:30,2026-09-03 07:05:00,23.2,24.1,22.4,0,0,1.8,343,0,0,0,0.3,0,1258.2,95,0,45.9,26.6,75,27.3,1,343,0,1,1,21.8
2026-09-03T07:00:00+05:30,2026-09-03 07:00:00,22.9,23.7,22.2,0,0,1.8,344,0,0,0,0.3,0,1258.2,96,0,48.9,26.6,75,27.3,1,344,0,1,1,21.8
2026-09-03T06:55:00+05:30,2026-09-03 06:55:00,22.7,23.6,22,0,0,1.8,344,0,0,0,0.3,0,1258.2,96,0,32.8,26.6,75,27.3,1,344,0,1,1,21.8
2026-09-03T06:50:00+05:30,2026-09-03 06:50:00,22.7,23.6,22,0,0,1.8,343,0,0,0,0.3,0,1258.2,96,0,31.4,26.6,75,27.3,1,344,0,1,1,21.8
2026-09-03T06:45:00+05:30,2026-09-03 06:45:00,22.6,23.5,22.1,0,0,1.8,352,0,0,0,0.3,0,1258.2,97,0,42.5,26.6,75,27.3,1,352,0,1,1,21.8
2026-09-03T06:40:00+05:30,2026-09-03 06:40:00,22.5,23.3,22,0,0,1.8,353,0,0,0,0.3,0,1258.2,97,0,26.8,26.6,75,27.3,1,353,0,1,1,21.8
2026-09-03T06:35:00+05:30,2026-09-03 06:35:00,22.4,23.2,21.9,0,0,1.8,354,0,0,0,0.3,0,1258.2,97,0,26.4,26.6,75,27.3,1,354,0,1,1,21.8
2026-09-03T06:30:00+05:30,2026-09-03 06:30:00,22.3,23.1,21.8,0,0,1.8,353,0,0,0,0.3,0,1258.2,97,0,22.4,26.6,75,27.3,1,353,0,1,1,21.8
2026-09-03T06:25:00+05:30,2026-09-03 06:25:00,22.3,23.1,21.8,0,0,1.8,351,0,0,0,0.3,0,1258.2,97,0,19.4,26.6,75,27.3,1,351,0,1,1,21.8
2026-09-03T06:20:00+05:30,2026-09-03 06:20:00,22.3,23.1,21.8,0,0,1.8,350,0,0,0,0.3,0,1258.2,97,0,15.3,26.6,75,27.3,1,350,0,1,1,21.8
2026-09-03T06:15:00+05:30,2026-09-03 06:15:00,22.4,23.2,21.9,0,0,1.8,350,0,0,0,0.3,0,1258.2,97,0,12,26.7,75,28.8,1,352,0,1,1,21.9
2026-09-03T06:10:00+05:30,2026-09-03 06:10:00,22.4,23.2,21.9,0,0,1.8,352,0,0,0,0.3,0,1258.2,97,0,8.4,26.7,75,28.8,1,353,0,1,1,21.9
2026-09-03T06:05:00+05:30,2026-09-03 06:05:00,22.5,23.3,22,0,0,1.8,289,0,0,0,0.3,0,1258.2,97,0,5.8,26.7,75,28.8,1,341,0,1,1,21.9
2026-09-03T06:00:00+05:30,2026-09-03 06:00:00,22.5,23.3,22,0,0,1.8,3,0,0,0,0.3,0,1258.2,97,0,3.4,26.7,75,28.8,1,341,0,1,1,21.9
2026-09-03T05:55:00+05:30,2026-09-03 05:55:00,22.5,23.3,22,0,0,1.8,341,0,0,0,0.3,0,1258.2,97,0,1.5,26.7,75,28.8,1,341,0,1,1,21.9
2026-09-03T05:50:00+05:30,2026-09-03 05:50:00,22.6,23.4,21.9,0,0,1.8,341,0,0,0,0.3,0,1258.2,96,0,0.5,26.7,75,28.8,1,341,0,1,1,21.9
2026-09-03T05:45:00+05:30,2026-09-03 05:45:00,22.6,23.4,21.9,0,0,1.8,341,0,0,0,0.3,0,1258.2,96,0,0.1,26.7,75,28.8,1,341,0,1,1,21.9
2026-09-03T05:40:00+05:30,2026-09-03 05:40:00,22.6,23.4,21.9,0,0,1.8,344,0,0,0,0.3,0,1258.2,96,0,0,26.7,75,28.8,1,332,0,1,1,21.9
2026-09-03T05:35:00+05:30,2026-09-03 05:35:00,22.6,23.4,21.9,0,0,1.8,332,0,0,0,0.3,0,1258.2,96,0,0,26.7,75,28.8,1,332,0,1,1,21.9
2026-09-03T05:30:00+05:30,2026-09-03 05:30:00,22.7,23.6,22,0,0,1.8,324,0,0,0,0.3,0,1258.2,96,0,0,26.7,75,28.8,1,324,0,1,1,21.9
2026-09-03T05:25:00+05:30,2026-09-03 05:25:00,22.8,23.6,22.1,0,0,1.8,324,0,0,0,0.3,0,1258.2,96,0,0,26.8,75,28.8,1,341,0,1,1,21.9
2026-09-03T05:20:00+05:30,2026-09-03 05:20:00,22.7,23.6,22,0,0,1.8,348,0,0,0,0.3,0,1258.2,96,0,0,26.8,75,28.8,1,334,0,1,1,21.9
2026-09-03T05:15:00+05:30,2026-09-03 05:15:00,22.8,23.6,22.1,0,0,1.8,334,0,0,0,0.3,0,1258.2,96,0,0,26.8,75,28.8,1,334,0,1,1,21.9
2026-09-03T05:10:00+05:30,2026-09-03 05:10:00,22.8,23.6,21.9,0,0,1.8,334,0,0,0,0.3,0,1258.2,95,0,0,26.8,75,28.8,1,334,0,1,1,21.9
2026-09-03T05:05:00+05:30,2026-09-03 05:05:00,22.9,23.7,22,0,0,1.8,334,0,0,0,0.3,0,1258.2,95,0,0,26.8,75,28.8,1,334,0,1,1,21.9
2026-09-03T05:00:00+05:30,2026-09-03 05:00:00,22.9,23.7,22,0,0,1.8,334,0,0,0,0.3,0,1258.2,95,0,0,26.8,75,28.8,1,334,0,1,1,21.9
2026-09-03T04:55:00+05:30,2026-09-03 04:55:00,22.9,23.7,22,0,0,1.8,334,0,0,0,0.3,0,1258.2,95,0,0,26.8,75,28.8,1,334,0,1,1,21.9
2026-09-03T04:50:00+05:30,2026-09-03 04:50:00,22.9,23.7,22,0,0,1.8,334,0,0,0,0.3,0,1258.2,95,0,0,26.8,75,28.8,1,334,0,1,1,21.9
2026-09-03T04:45:00+05:30,2026-09-03 04:45:00,22.8,23.6,21.9,0,0,1.8,334,0,0,0,0.3,0,1258.2,95,0,0,26.8,75,28.8,1,334,0,1,1,21.9
2026-09-03T04:40:00+05:30,2026-09-03 04:40:00,22.9,23.7,22,0,0,1.8,334,0,0,0,0.3,0,1258.2,95,0,0,26.8,75,28.8,1,334,0,1,1,21.9
2026-09-03T04:35:00+05:30,2026-09-03 04:35:00,22.8,23.6,21.9,0,0,1.8,334,0,0,0,0.3,0,1258.2,95,0,0,26.8,75,28.8,1,334,0,1,1,21.9
2026-09-03T04:30:00+05:30,2026-09-03 04:30:00,22.8,23.6,21.9,0,0,1.8,334,0,0,0,0.3,0,1258.2,95,0,0,26.8,75,28.8,1,334,0,1,1,21.9
2026-09-03T04:25:00+05:30,2026-09-03 04:25:00,22.8,23.6,22.1,0,0,1.8,334,0,0,0,0.3,0,1258.2,96,0,0,26.8,75,28.8,1,334,0,1,1,21.9
2026-09-03T04:20:00+05:30,2026-09-03 04:20:00,22.8,23.6,22.1,0,0,1.8,334,0,0,0,0.3,0,1258.2,96,0,0,26.8,75,28.8,1,334,0,1,1,21.9
2026-09-03T04:15:00+05:30,2026-09-03 04:15:00,22.8,23.6,21.9,0,0,1.8,334,0,0,0,0.3,0,1258.2,95,0,0,26.8,75,28.8,1,344,0,1,1,21.9
2026-09-03T04:10:00+05:30,2026-09-03 04:10:00,22.7,23.5,21.9,0,0,1.8,344,0,0,0,0.3,0,1258.2,95,0,0,26.9,75,29.1,1,344,0,1,1,22.1
2026-09-03T04:05:00+05:30,2026-09-03 04:05:00,22.7,23.5,21.9,0,0,1.8,344,0,0,0,0.3,0,1258.2,95,0,0,26.8,75,28.8,1,344,0,1,1,21.9
2026-09-03T04:00:00+05:30,2026-09-03 04:00:00,22.7,23.6,22,0,0,1.8,343,0,0,0,0.3,0,1258.2,96,0,0,26.8,75,28.8,1,344,0,1,1,21.9
2026-09-03T03:55:00+05:30,2026-09-03 03:55:00,22.7,23.6,22,0,0,1.8,343,0,0,0,0.3,0,1258.2,96,0,0,26.9,75,29.1,1,343,0,1,1,22.1
2026-09-03T03:50:00+05:30,2026-09-03 03:50:00,22.6,23.4,21.9,0,0,1.8,346,0,0,0,0.3,0,1258.2,96,0,0,26.9,75,29.1,1,346,0,1,1,22.1
2026-09-03T03:45:00+05:30,2026-09-03 03:45:00,22.6,23.4,21.9,0,0,1.8,346,0,0,0,0.3,0,1258.2,96,0,0,26.9,75,29.1,1,346,0,1,1,22.1
2026-09-03T03:40:00+05:30,2026-09-03 03:40:00,22.5,23.3,21.8,0,0,1.8,348,0,0,0,0.3,0,1258.2,96,0,0,26.9,75,29.1,1,347,0,1,1,22.1
2026-09-03T03:35:00+05:30,2026-09-03 03:35:00,22.5,23.3,22,0,0,1.8,345,0,0,0,0.3,0,1258.2,97,0,0,26.9,75,29.1,1,345,0,1,1,22.1
2026-09-03T03:30:00+05:30,2026-09-03 03:30:00,22.4,23.2,21.9,0,0,1.8,326,0,0,0,0.3,0,1258.2,97,0,0,26.9,75,29.1,1,350,0,1,1,22.1
2026-09-03T03:25:00+05:30,2026-09-03 03:25:00,22.4,23.2,21.9,0,0,1.8,351,0,0,0,0.3,0,1258.2,97,0,0,26.9,74,29,1,355,0,1,1,21.8
2026-09-03T03:20:00+05:30,2026-09-03 03:20:00,22.4,23.2,21.9,0,0,1.8,350,0,0,0,0.3,0,1258.2,97,0,0,26.9,75,29.1,1,350,0,1,1,22.1
2026-09-03T03:15:00+05:30,2026-09-03 03:15:00,22.3,23.1,21.8,0,0,1.8,353,0,0,0,0.3,0,1258.2,97,0,0,26.9,75,29.1,1,353,0,1,1,22.1
2026-09-03T03:10:00+05:30,2026-09-03 03:10:00,22.3,23.1,21.9,0,0,1.8,351,0,0,0,0.3,0,1258.2,98,0,0,26.9,75,29.1,1,351,0,1,1,22.1
2026-09-03T03:05:00+05:30,2026-09-03 03:05:00,22.3,23.1,21.9,0,0,1.8,351,0,0,0,0.3,0,1258.2,98,0,0,26.9,75,29.1,1,351,0,1,1,22.1
2026-09-03T03:00:00+05:30,2026-09-03 03:00:00,22.2,23.1,21.9,0,0,1.8,356,0,0,0,0.3,0,1258.2,98,0,0,26.9,75,29.1,1,1,0,1,1,22.1
2026-09-03T02:55:00+05:30,2026-09-03 02:55:00,22.2,23.1,21.9,0,0,1.8,357,0,0,0,0.3,0,1258.2,98,0,0,27,75,29.3,1,1,0,1,1,22.2
2026-09-03T02:50:00+05:30,2026-09-03 02:50:00,22.2,23.1,21.9,0,0,1.8,36,0,0,0,0.3,0,1258.2,98,0,0,27,74,29.2,1,355,0,1,1,21.9
2026-09-03T02:45:00+05:30,2026-09-03 02:45:00,22.2,23.1,21.9,0,0,1.8,356,0,0,0,0.3,0,1258.2,98,0,0,27,74,29.2,1,356,0,1,1,21.9
2026-09-03T02:40:00+05:30,2026-09-03 02:40:00,22.2,23.1,21.9,0,0,1.8,357,0,0,0,0.3,0,1258.2,98,0,0,27,75,29.3,1,357,0,1,1,22.2
2026-09-03T02:35:00+05:30,2026-09-03 02:35:00,22.2,23.1,21.9,0,0,1.8,356,0,0,0,0.3,0,1258.2,98,0,0,27,75,29.3,1,355,0,1,1,22.2
2026-09-03T02:30:00+05:30,2026-09-03 02:30:00,22.2,23,21.7,0,0,1.8,354,0,0,0,0.3,0,1258.2,97,0,0,27,75,29.3,1,354,0,1,1,22.2
2026-09-03T02:25:00+05:30,2026-09-03 02:25:00,22.3,23.1,21.9,0,0,1.8,354,0,0,0,0.3,0,1258.2,98,0,0,27,75,29.3,1,357,0,1,1,22.2
2026-09-03T02:20:00+05:30,2026-09-03 02:20:00,22.3,23.1,21.9,0,0,1.8,356,0,0,0,0.3,0,1258.2,98,0,0,27,75,29.3,1,357,0,1,1,22.2
2026-09-03T02:15:00+05:30,2026-09-03 02:15:00,22.3,23.1,21.9,0,0,1.8,350,0,0,0,0.3,0,1258.2,98,0,0,27,75,29.3,1,349,0,1,1,22.2
2026-09-03T02:10:00+05:30,2026-09-03 02:10:00,22.4,23.2,22.1,0,0,1.8,11,0,0,0,0.3,0,1258.2,98,0,0,27.1,75,29.5,1,350,0,1,1,22.3
2026-09-03T02:05:00+05:30,2026-09-03 02:05:00,22.4,23.2,22.1,0,0,1.8,355,0,0,0,0.3,0,1258.2,98,0,0,27.1,74,29.4,1,351,0,1,1,22.1
2026-09-03T02:00:00+05:30,2026-09-03 02:00:00,22.4,23.2,22.1,0,0,1.8,359,0,0,0,0.3,0,1258.2,98,0,0,27.1,74,29.4,1,11,0,1,1,22.1
2026-09-03T01:55:00+05:30,2026-09-03 01:55:00,22.3,23.1,21.9,0,0,1.8,347,0,0,0,0.3,0,1258.2,98,0,0,27.1,74,29.4,1,8,0,1,1,22.1
2026-09-03T01:50:00+05:30,2026-09-03 01:50:00,22.4,23.2,22.1,0,0,0,5,0,0,0,0.3,0,1258.2,98,0,0,27.1,74,29.4,1,5,0,1,1,22.1
2026-09-03T01:45:00+05:30,2026-09-03 01:45:00,22.4,23.2,22.1,0,0,0,5,0,0,0,0.3,0,1258.2,98,0,0,27.1,74,29.4,1,5,0,1,1,22.1
2026-09-03T01:40:00+05:30,2026-09-03 01:40:00,22.4,23.2,22.1,0,0,0,7,0,0,0,0.3,0,1258.2,98,0,0,27.2,74,29.6,1,7,0,1,1,22.2
2026-09-03T01:35:00+05:30,2026-09-03 01:35:00,22.4,23.2,22.1,0,0,0,9,0,0,0,0.3,0,1258.2,98,0,0,27.2,74,29.6,1,15,0,1,1,22.2
2026-09-03T01:30:00+05:30,2026-09-03 01:30:00,22.5,23.4,22.2,0,0,0,36,0,0,0,0.3,0,1258.2,98,0,0,27.2,74,29.6,1,358,0,1,1,22.2
2026-09-03T01:25:00+05:30,2026-09-03 01:25:00,22.6,23.5,22.1,0,0,0,358,0,0,0,0.3,0,1258.2,97,0,0,27.2,74,29.6,1,0,0,1,1,22.2
2026-09-03T01:20:00+05:30,2026-09-03 01:20:00,22.5,23.4,22.2,0,0,0,9,0,0,0,0.3,0,1258.2,98,0,0,27.2,74,29.6,1,357,0,1,1,22.2
2026-09-03T01:15:00+05:30,2026-09-03 01:15:00,22.5,23.3,22,0,0,0,358,0,0,0,0.3,0,1258.2,97,0,0,27.2,74,29.6,1,346,0,1,1,22.2
2026-09-03T01:10:00+05:30,2026-09-03 01:10:00,22.5,23.4,22.2,0,0,0,346,0,0,0,0.3,0,1258.2,98,0,0,27.2,74,29.6,1,346,0,1,1,22.2
2026-09-03T01:05:00+05:30,2026-09-03 01:05:00,22.6,23.5,22.3,0,0,0,346,0,0,0,0.3,0,1258.2,98,0,0,27.2,74,29.6,1,346,0,1,1,22.2
2026-09-03T01:00:00+05:30,2026-09-03 01:00:00,22.6,23.5,22.3,0,0,0,337,0,0,0,0.3,0,1258.2,98,0,0,27.3,74,29.7,1,337,0,1,1,22.2
2026-09-03T00:55:00+05:30,2026-09-03 00:55:00,22.6,23.5,22.3,0,0,0,337,0,0,0,0.3,0,1258.2,98,0,0,27.3,74,29.7,1,337,0,1,1,22.2
2026-09-03T00:50:00+05:30,2026-09-03 00:50:00,22.5,23.4,22.2,0,0,0,337,0,0,0,0.3,0,1258.2,98,0,0,27.3,74,29.7,1,337,0,1,1,22.2
2026-09-03T00:45:00+05:30,2026-09-03 00:45:00,22.6,23.5,22.1,0,0,0,337,0,0,0,0.3,0,1258.2,97,0,0,27.3,74,29.7,1,337,0,1,1,22.2
2026-09-03T00:40:00+05:30,2026-09-03 00:40:00,22.7,23.6,22.2,0,0,0,337,0,0,0,0.3,0,1258.2,97,0,0,27.3,74,29.7,1,337,0,1,1,22.2
2026-09-03T00:35:00+05:30,2026-09-03 00:35:00,22.6,23.5,22.1,0,0,0,337,0,0,0,0.3,0,1258.2,97,0,0,27.4,74,29.9,1,337,0,1,1,22.3
2026-09-03T00:30:00+05:30,2026-09-03 00:30:00,22.7,23.6,22.2,0,0,0,337,0,0,0,0.3,0,1258.2,97,0,0,27.4,74,29.9,1,337,0,1,1,22.3
2026-09-03T00:25:00+05:30,2026-09-03 00:25:00,22.8,23.6,22.3,0,0,0,337,0,0,0,0.3,0,1258.2,97,0,0,27.4,74,29.9,1,337,0,1,1,22.3
2026-09-03T00:20:00+05:30,2026-09-03 00:20:00,22.9,23.7,22.2,0,0,0,337,0,0,0,0.3,0,1258.2,96,0,0,27.4,74,29.9,1,337,0,1,1,22.3
2026-09-03T00:15:00+05:30,2026-09-03 00:15:00,23,23.9,22.3,0,0,0,337,0,0,0,0.3,0,1258.2,96,0,0,27.4,74,29.9,1,337,0,1,1,22.3
2026-09-03T00:10:00+05:30,2026-09-03 00:10:00,23,23.9,22.5,0,0,0,337,0,0,0,0.3,0,1258.2,97,0,0,27.4,74,29.9,1,337,0,1,1,22.3
2026-09-03T00:05:00+05:30,2026-09-03 00:05:00,23,23.9,22.3,0,0,0,337,0,0,0,0.3,0,1258.2,96,0,0,27.4,74,29.9,1,337,0,1,1,22.3
2026-09-03T00:00:00+05:30,2026-09-03 00:00:00,23,23.9,22.3,0,0,0,337,0,0,0,0.3,0,1258.2,96,0,0,27.5,74,30.2,1,337,0,1,1,22.4
2026-09-02T23:55:00+05:30,2026-09-02 23:55:00,23,23.9,22.3,0,0,23.8,337,0,0,0,0.3,0,1258.2,96,0,0,27.5,74,30.2,1,337,0,1,1,22.4
2026-09-02T23:50:00+05:30,2026-09-02 23:50:00,23.2,24.1,22.5,0,0,23.8,337,0,0,0,0.3,0,1258.2,96,0,0,27.5,74,30.2,1,337,0,1,1,22.4
2026-09-02T23:45:00+05:30,2026-09-02 23:45:00,23,23.9,22.5,0,0,23.8,337,0,0,0,0.3,0,1258.2,97,0,0,27.5,74,30.2,1,337,0,1,1,22.4
2026-09-02T23:40:00+05:30,2026-09-02 23:40:00,23.1,24,22.4,0,0,23.8,338,0,0,0,0.3,0,1258.2,96,0,0,27.5,74,30.2,1,338,0,1,1,22.4
2026-09-02T23:35:00+05:30,2026-09-02 23:35:00,23.1,24,22.4,0,0,23.8,337,0,0,0,0.3,0,1258.2,96,0,0,27.5,74,30.2,1,338,0,1,1,22.4
2026-09-02T23:30:00+05:30,2026-09-02 23:30:00,23.1,24,22.4,0,0,23.8,337,0,0,0,0.3,0,1258.2,96,0,0,27.5,74,30.2,1,337,0,1,1,22.4
2026-09-02T23:25:00+05:30,2026-09-02 23:25:00,23.1,24,22.4,0,0,23.8,337,0,0,0,0.3,0,1258.2,96,0,0,27.5,74,30.2,1,337,0,1,1,22.4
2026-09-02T23:20:00+05:30,2026-09-02 23:20:00,23.1,24,22.4,0,0,23.8,337,0,0,0,0.3,0,1258.2,96,0,0,27.5,74,30.2,1,337,0,1,1,22.4
2026-09-02T23:15:00+05:30,2026-09-02 23:15:00,23.2,24.1,22.4,0,0,23.8,337,0,0,0,0.3,0,1258.2,95,0,0,27.6,74,30.4,1,337,0,1,1,22.6
2026-09-02T23:10:00+05:30,2026-09-02 23:10:00,23.2,24.1,22.5,0,0,23.8,337,0,0,0,0.3,0,1258.2,96,0,0,27.6,74,30.4,1,337,0,1,1,22.6
2026-09-02T23:05:00+05:30,2026-09-02 23:05:00,23.2,24.1,22.5,0,0,23.8,337,0,0,0,0.3,0,1258.2,96,0,0,27.6,74,30.4,1,337,0,1,1,22.6
2026-09-02T23:00:00+05:30,2026-09-02 23:00:00,23.2,24.1,22.4,0,0,23.8,337,0,0,0,0.3,0,1258.2,95,0,0,27.6,74,30.4,1,337,0,1,1,22.6
2026-09-02T22:55:00+05:30,2026-09-02 22:55:00,23.3,24.1,22.4,0,0,23.8,337,0,0,0,0.3,0,1258.2,95,0,0,27.6,74,30.4,1,337,0,1,1,22.6
2026-09-02T22:50:00+05:30,2026-09-02 22:50:00,23.3,24.1,22.4,0,0,23.8,337,0,0,0,0.3,0,1258.2,95,0,0,27.6,73,30.3,1,337,0,1,1,22.3
2026-09-02T22:45:00+05:30,2026-09-02 22:45:00,23.4,24.3,22.5,0,0,23.8,337,0,0,0,0.3,0,1258.2,95,0,0,27.7,73,30.5,1,337,0,1,1,22.4
2026-09-02T22:40:00+05:30,2026-09-02 22:40:00,23.4,24.3,22.5,0,0,23.8,337,0,0,0,0.3,0,1258.2,95,0,0,27.6,73,30.3,1,337,0,1,1,22.3
2026-09-02T22:35:00+05:30,2026-09-02 22:35:00,23.5,24.4,22.7,0,0,23.8,337,0,0,0,0.3,0,1258.2,95,0,0,27.7,73,30.5,1,337,0,1,1,22.4
2026-09-02T22:30:00+05:30,2026-09-02 22:30:00,23.5,24.4,22.7,0,0,23.8,337,0,0,0,0.3,0,1258.2,95,0,0,27.7,73,30.5,1,337,0,1,1,22.4
2026-09-02T22:25:00+05:30,2026-09-02 22:25:00,23.5,24.4,22.5,0,0,23.8,337,0,0,0,0.3,0,1258.2,94,0,0,27.7,73,30.5,1,337,0,1,1,22.4
2026-09-02T22:20:00+05:30,2026-09-02 22:20:00,23.6,24.5,22.6,0,0,23.8,337,0,0,0,0.3,0,1258.2,94,0,0,27.7,73,30.5,1,337,0,1,1,22.4
2026-09-02T22:15:00+05:30,2026-09-02 22:15:00,23.6,24.5,22.6,0,0,23.8,337,0,0,0,0.3,0,1258.2,94,0,0,27.8,73,30.6,1,337,0,1,1,22.5
2026-09-02T22:10:00+05:30,2026-09-02 22:10:00,23.6,24.5,22.8,0,0,23.8,337,0,0,0,0.3,0,1258.2,95,0,0,27.8,73,30.6,1,337,0,1,1,22.5
2026-09-02T22:05:00+05:30,2026-09-02 22:05:00,23.6,24.5,22.6,0,0,23.8,337,0,0,0,0.3,0,1258.2,94,0,0,27.8,73,30.6,1,337,0,1,1,22.5
2026-09-02T22:00:00+05:30,2026-09-02 22:00:00,23.7,24.6,22.7,0,0,23.8,337,0,0,0,0.3,0,1258.2,94,0,0,27.8,73,30.6,1,337,0,1,1,22.5
2026-09-02T21:55:00+05:30,2026-09-02 21:55:00,23.7,24.6,22.7,0,0,23.8,337,0,0,0,0.3,0,1258.2,94,0,0,27.8,73,30.6,1,337,0,1,1,22.5
2026-09-02T21:50:00+05:30,2026-09-02 21:50:00,23.7,24.6,22.7,0,0,23.8,337,0,0,0,0.3,0,1258.2,94,0,0,27.8,73,30.6,1,337,0,1,1,22.5
2026-09-02T21:45:00+05:30,2026-09-02 21:45:00,23.8,24.6,22.6,0,0,23.8,337,0,0,0,0.3,0,1258.2,93,0,0,27.8,73,30.6,1,337,0,1,1,22.5
2026-09-02T21:40:00+05:30,2026-09-02 21:40:00,23.9,24.8,22.7,0,0,23.8,337,0,0,0,0.3,0,1258.2,93,0,0,27.9,73,30.8,1,337,0,1,1,22.6
2026-09-02T21:35:00+05:30,2026-09-02 21:35:00,23.9,24.8,22.7,0,0,23.8,337,0,0,0,0.3,0,1258.2,93,0,0,27.9,73,30.8,1,337,0,1,1,22.6
2026-09-02T21:30:00+05:30,2026-09-02 21:30:00,23.8,24.7,22.8,0,0,23.8,337,0,0,0,0.3,0,1258.2,94,0,0,27.9,72,30.7,1,337,0,1,1,22.4
2026-09-02T21:25:00+05:30,2026-09-02 21:25:00,23.8,24.7,22.8,0,0,23.8,337,0,0,0,0.3,0,1258.2,94,0,0,27.9,72,30.7,1,337,0,1,1,22.4
2026-09-02T21:20:00+05:30,2026-09-02 21:20:00,23.9,24.8,22.7,0,0,23.8,337,0,0,0,0.3,0,1258.2,93,0,0,27.9,72,30.7,1,337,0,1,1,22.4
2026-09-02T21:15:00+05:30,2026-09-02 21:15:00,23.9,24.8,22.7,0,0,23.8,338,0,0,0,0.3,0,1258.2,93,0,0,28,72,30.9,1,337,0,1,1,22.4
2026-09-02T21:10:00+05:30,2026-09-02 21:10:00,23.9,24.8,22.7,0,0,23.8,337,0,0,0,0.3,0,1258.2,93,0,0,28,72,30.9,1,337,0,1,1,22.4
2026-09-02T21:05:00+05:30,2026-09-02 21:05:00,24,24.9,22.6,0,0,23.8,337,0,0,0,0.3,0,1258.2,92,0,0,28,72,30.9,1,337,0,1,1,22.4
2026-09-02T21:00:00+05:30,2026-09-02 21:00:00,24,24.9,22.6,0,0,23.8,337,0,0,0,0.3,0,1258.2,92,0,0,28,72,30.9,1,337,0,1,1,22.4
2026-09-02T20:55:00+05:30,2026-09-02 20:55:00,24.1,25,22.7,0,0,23.8,322,0,0,0,0.3,0,1258.2,92,0,0,28,72,30.9,1,348,0,1,1,22.4
2026-09-02T20:50:00+05:30,2026-09-02 20:50:00,24,24.9,22.6,0,0,23.8,350,0,0,0,0.3,0,1258.2,92,0,0,28,72,30.9,1,350,0,1,1,22.4
2026-09-02T20:45:00+05:30,2026-09-02 20:45:00,24.1,25,22.7,0,0,23.8,353,0,0,0,0.3,0,1258.2,92,0,0,28,72,30.9,1,342,0,1,1,22.4
2026-09-02T20:40:00+05:30,2026-09-02 20:40:00,24.3,25.1,22.7,0,0,23.8,342,0,0,0,0.3,0,1258.2,91,0,0,28.1,72,31.2,1,342,0,1,1,22.6
2026-09-02T20:35:00+05:30,2026-09-02 20:35:00,24.4,25.3,22.8,0,0,23.8,342,0,0,0,0.3,0,1258.2,91,0,0,28.1,72,31.2,1,341,0,1,1,22.6
2026-09-02T20:30:00+05:30,2026-09-02 20:30:00,24.5,25.4,22.7,0,0,23.8,340,0,0,0,0.3,0,1258.2,90,0,0,28.1,71,31,1,340,0,1,1,22.3
2026-09-02T20:25:00+05:30,2026-09-02 20:25:00,24.6,25.5,22.9,0,0,23.8,341,0,0,0,0.3,0,1258.2,90,0,0,28.1,71,31,1,341,0,1,1,22.3
2026-09-02T20:20:00+05:30,2026-09-02 20:20:00,24.8,25.6,22.8,0,0,23.8,356,0,0,0,0.3,0,1258.2,89,0,0,28.2,71,31.2,1,358,0,1,1,22.4
2026-09-02T20:15:00+05:30,2026-09-02 20:15:00,25,25.8,22.7,0,0,23.8,307,0,0,0,0.3,0,1258.2,87,0,0,28.2,71,31.2,1,313,0,1,1,22.4
2026-09-02T20:10:00+05:30,2026-09-02 20:10:00,25,25.8,22.7,1.1,1.8,23.8,313,0,0,0,0.3,0,1258.2,87,0,0,28.2,71,31.2,1,318,0,1,1,22.4
2026-09-02T20:05:00+05:30,2026-09-02 20:05:00,25.2,26.1,22.9,0,0,23.8,325,0,0,0,0.3,0,1258.2,87,0,0,28.2,71,31.2,1,294,0,1,1,22.4
2026-09-02T20:00:00+05:30,2026-09-02 20:00:00,25.2,26.1,22.9,0,3.5,23.8,299,0,0,0,0.3,0,1258.2,87,0,0,28.3,71,31.4,1,299,0.3,1,1,22.5
2026-09-02T19:55:00+05:30,2026-09-02 19:55:00,25.2,26,22.7,0.3,3.5,23.8,298,0,0,0,0.3,0,1258.2,86,0,0,28.3,71,31.4,1,308,0.3,1,1,22.5
2026-09-02T19:50:00+05:30,2026-09-02 19:50:00,25.4,26.2,22.9,0.3,3.5,23.8,245,0,0,0,0.3,0,1258.2,86,0,0,28.3,71,31.4,1,305,0,1,1,22.5
2026-09-02T19:45:00+05:30,2026-09-02 19:45:00,25.3,26.1,22.8,2.9,3.5,23.8,296,0,0,0,0.3,0,1258.2,86,0,0,28.4,71,31.6,1,312,0,1,1,22.6
2026-09-02T19:40:00+05:30,2026-09-02 19:40:00,25.3,26.1,22.8,0,1.8,23.8,312,0,0,0,0.3,0,1258.2,86,0,0,28.4,71,31.6,1,308,0,1,1,22.6
2026-09-02T19:35:00+05:30,2026-09-02 19:35:00,25.3,26.1,22.8,0,3.5,23.8,308,0,0,0,0.3,0,1258.2,86,0,0,28.4,71,31.6,1,246,0,1,1,22.6
2026-09-02T19:30:00+05:30,2026-09-02 19:30:00,25.5,26.4,23,0,0,23.8,245,0,0,0,0.3,0,1258.2,86,0,0,28.4,71,31.6,1,310,0,1,1,22.6
2026-09-02T19:25:00+05:30,2026-09-02 19:25:00,25.5,26.4,23,0,1.8,23.8,310,0,0,0,0.3,0,1258.2,86,0,0,28.4,71,31.6,1,310,0,1,1,22.6
2026-09-02T19:20:00+05:30,2026-09-02 19:20:00,25.5,26.3,22.8,4.3,7.2,23.8,309,0,0,0,0.3,0,1258.2,85,0,0,28.5,70,31.7,1,303,2.1,1,1,22.5
2026-09-02T19:15:00+05:30,2026-09-02 19:15:00,25.6,26.4,22.9,0.3,5.5,23.8,308,0,0,0,0.3,0,1258.2,85,0,0,28.5,70,31.7,1,318,1.1,1,1,22.5
2026-09-02T19:10:00+05:30,2026-09-02 19:10:00,25.8,26.6,22.9,0,0,23.8,323,0,0,0,0.3,0,1258.2,84,0,0,28.5,70,31.7,1,268,1.1,1,1,22.5
2026-09-02T19:05:00+05:30,2026-09-02 19:05:00,25.9,26.7,23,0,1.8,23.8,268,0,0,0,0.3,0,1258.2,84,0,0,28.6,70,31.9,1,268,1.8,1,1,22.6
2026-09-02T19:00:00+05:30,2026-09-02 19:00:00,26,26.8,22.9,4.3,5.5,23.8,331,0,0,0,0.3,0,1258.2,83,0,0,28.6,70,31.9,1,283,1.4,1,1,22.6
2026-09-02T18:55:00+05:30,2026-09-02 18:55:00,26,26.8,22.9,0.3,7.2,23.8,316,0,0,0,0.3,0,1258.2,83,0,0,28.7,70,32.1,1,293,4,1,1,22.7
2026-09-02T18:50:00+05:30,2026-09-02 18:50:00,26.1,26.9,23,4,7.2,23.8,292,0,0,0,0.3,0,1258.2,83,0,0,28.7,70,32.1,1,285,1.8,1,1,22.7
2026-09-02T18:45:00+05:30,2026-09-02 18:45:00,26.3,27.1,23,0,3.5,23.8,249,0,0,0,0.3,0,1258.2,82,0,0,28.7,70,32.1,1,276,0,1,1,22.7
2026-09-02T18:40:00+05:30,2026-09-02 18:40:00,26.4,27.2,23.1,0,0,23.8,276,0,0,0,0.3,0,1258.2,82,0,0,28.8,70,32.2,1,276,0,1,1,22.7
2026-09-02T18:35:00+05:30,2026-09-02 18:35:00,26.5,27.3,23,0,3.5,23.8,276,0,0,0,0.3,0,1258.2,81,0,0,28.8,70,32.2,1,276,0,1,1,22.7
2026-09-02T18:30:00+05:30,2026-09-02 18:30:00,26.6,27.4,22.9,0,1.8,23.8,269,0,0,0,0.3,0,1258.2,80,0,0.1,28.8,70,32.2,1,269,0,1,1,22.7
2026-09-02T18:25:00+05:30,2026-09-02 18:25:00,26.7,29.1,23,0,0,23.8,268,0,0,0,0.3,0,1258.2,80,0,0.3,28.9,69,32.3,1,288,0,1,1,22.6
2026-09-02T18:20:00+05:30,2026-09-02 18:20:00,26.8,29.3,23,0,1.8,23.8,288,0,0,0,0.3,0,1258.2,80,0,1,28.9,69,32.3,1,288,0.3,1,1,22.6
2026-09-02T18:15:00+05:30,2026-09-02 18:15:00,27,29.6,23,0,1.8,23.8,350,0,0,0,0.3,0,1258.2,79,0,2.3,29,69,32.6,1,277,1.4,1,1,22.7
2026-09-02T18:10:00+05:30,2026-09-02 18:10:00,27,29.6,22.8,0.3,1.8,23.8,278,0,0,0,0.3,0,1258.2,78,0,4,29,69,32.6,1,278,1.8,1,1,22.7
2026-09-02T18:05:00+05:30,2026-09-02 18:05:00,27.1,29.7,22.7,1.4,5.5,23.8,284,0,0,0,0.3,0,1258.2,77,0,6.2,29.1,69,32.8,1,215,1.1,1,1,22.8
2026-09-02T18:00:00+05:30,2026-09-02 18:00:00,27.3,30,22.9,9,11.1,23.8,291,0,0,0,0.3,0,1258.2,77,0,8.4,29.1,69,32.8,1,303,0,1,1,22.8
2026-09-02T17:55:00+05:30,2026-09-02 17:55:00,27.4,30.3,23,0,0,23.8,303,0,0,0,0.3,0,1258.2,77,0,10.6,29.1,69,32.8,1,302,0.3,1,1,22.8
2026-09-02T17:50:00+05:30,2026-09-02 17:50:00,27.5,30.4,22.9,1.1,5.5,23.8,263,0,0,0,0.3,0,1258.2,76,0,14,29.2,69,33,1,293,2.1,1,1,22.9
2026-09-02T17:45:00+05:30,2026-09-02 17:45:00,27.5,30.4,22.9,3.2,5.5,23.8,305,0,0,0,0.3,0,1258.2,76,0,18.5,29.3,69,33.2,1,251,2.1,1,1,23
2026-09-02T17:40:00+05:30,2026-09-02 17:40:00,27.8,31,23.1,4.7,9.3,23.8,258,0,0,0,0.3,0,1258.2,76,0,22.3,29.3,69,33.2,1,251,1.1,1,1,23
2026-09-02T17:35:00+05:30,2026-09-02 17:35:00,28.3,32,23.4,0.6,3.5,23.8,237,0,0,0,0.3,0,1258.2,75,0,28.5,29.4,69,33.4,1,305,1.1,1,1,23.1
2026-09-02T17:30:00+05:30,2026-09-02 17:30:00,28.6,32.6,23.5,0,0,23.8,305,0,0,0,0.3,0,1258.2,74,0,34.6,29.4,69,33.4,1,284,1.8,1,1,23.1
2026-09-02T17:25:00+05:30,2026-09-02 17:25:00,28.6,32.6,23.5,1.1,1.8,23.8,249,0,0,0,0.3,0,1258.2,74,0,41.6,29.3,69,33.2,1,291,1.1,1,1,23
2026-09-02T17:20:00+05:30,2026-09-02 17:20:00,28.9,33,23.5,0,7.2,23.8,263,0,0,0,0.3,0,1258.2,73,0,54.8,29.3,69,33.2,1,282,1.1,1,1,23
2026-09-02T17:15:00+05:30,2026-09-02 17:15:00,28.5,32.2,23.2,3.2,7.2,23.8,234,0,0,0,0.3,0,1258.2,73,0,62.7,29.3,69,33.2,1,289,3.2,1,1,23
2026-09-02T17:10:00+05:30,2026-09-02 17:10:00,28.6,32.6,23.5,9,14.8,23.8,258,0,0,0,0.3,0,1258.2,74,0,65.8,29.3,69,33.2,1,285,3.2,1,1,23
2026-09-02T17:05:00+05:30,2026-09-02 17:05:00,29.1,33.6,23.8,1.4,7.2,23.8,294,0,0,0,0.3,0,1258.2,73,0,88.3,29.2,69,33,1,294,1.8,1,1,22.9
2026-09-02T17:00:00+05:30,2026-09-02 17:00:00,29,33.3,23.7,2.9,5.5,23.8,323,0,0,0,0.3,0,1258.2,73,0,89.6,29.2,69,33,1,294,4,1,1,22.9
2026-09-02T16:55:00+05:30,2026-09-02 16:55:00,28.8,32.8,23.4,6.1,11.1,23.8,281,0,0,0,0.3,0,1258.2,73,1,107.8,29.2,69,33,1,281,3.2,1,1,22.9
2026-09-02T16:50:00+05:30,2026-09-02 16:50:00,29.1,33.6,23.8,0,7.2,23.8,260,0,0,0,0.3,0,1258.2,73,0,40.7,29.3,69,33.2,1,280,5,1,1,23
2026-09-02T16:45:00+05:30,2026-09-02 16:45:00,29,33.3,23.7,7.9,13,23.8,280,0,0,0,0.3,0,1258.2,73,1,115.9,29.4,68,33.2,1,280,5.8,1,1,22.8
2026-09-02T16:40:00+05:30,2026-09-02 16:40:00,29.8,34.7,23.9,5.8,14.8,23.8,280,0,0,0,0.3,0,1258.2,71,0,49.3,29.4,68,33.2,1,299,4.3,1,1,22.8
2026-09-02T16:35:00+05:30,2026-09-02 16:35:00,30,35,23.9,2.9,5.5,23.8,258,0,0,0,0.3,0,1258.2,70,1,146,29.5,68,33.4,1,289,2.6,1,1,22.9
2026-09-02T16:30:00+05:30,2026-09-02 16:30:00,29.9,34.5,23.6,0,1.8,23.8,289,0,0,0,0.3,0,1258.2,69,1,165.6,29.5,68,33.4,1,280,2.6,1,1,22.9
2026-09-02T16:25:00+05:30,2026-09-02 16:25:00,29.9,34.5,23.6,2.1,13,23.8,280,0,0,0,0.3,0,1258.2,69,1,179,29.5,68,33.4,1,274,4,1,1,22.9
2026-09-02T16:20:00+05:30,2026-09-02 16:20:00,29.8,34.5,23.7,2.9,11.1,23.8,228,0,0,0,0.3,0,1258.2,70,1,195.2,29.5,69,33.7,1,267,5.5,1,1,23.2
2026-09-02T16:15:00+05:30,2026-09-02 16:15:00,30.2,35.3,23.9,5.5,7.2,23.8,265,0,0,0,0.3,0,1258.2,69,2,216.2,29.6,68,33.7,1,287,4.7,1,1,23.1
2026-09-02T16:10:00+05:30,2026-09-02 16:10:00,29.3,33.3,23.2,0.3,7.2,23.8,250,0,0,0,0.3,0,1258.2,70,1,194.3,29.5,68,33.4,1,276,5.8,1,1,22.9
2026-09-02T16:05:00+05:30,2026-09-02 16:05:00,30,34.8,23.7,2.9,13,23.8,269,0,0,0,0.3,0,1258.2,69,2,231.6,29.6,67,33.4,1,285,5.5,1,1,22.8
2026-09-02T16:00:00+05:30,2026-09-02 16:00:00,30.3,35,23.5,6.9,13,23.8,237,0,0,0,0.3,0,1258.2,67,2,245.3,29.5,67,33.2,1,279,4.7,1,1,22.7
2026-09-02T15:55:00+05:30,2026-09-02 15:55:00,29.9,34.3,23.3,4.7,7.2,23.8,301,0,0,0,0.3,0,1258.2,68,2,266.1,29.5,66,33.1,1,292,4.7,1,1,22.4
2026-09-02T15:50:00+05:30,2026-09-02 15:50:00,30.3,35,23.5,1.4,3.5,23.8,339,0,0,0,0.3,0,1258.2,67,2,287.4,29.5,67,33.2,1,333,4,1,1,22.7
2026-09-02T15:45:00+05:30,2026-09-02 15:45:00,29.8,33.8,23,4.7,18.3,23.8,290,0,0,0,0.3,0,1258.2,67,2,292.4,29.6,66,33.3,1,290,8.2,1,1,22.6
2026-09-02T15:40:00+05:30,2026-09-02 15:40:00,29.8,33.8,23,13.7,18.3,23.8,285,0,0,0,0.3,0,1258.2,67,3,309,29.6,66,33.3,1,291,7.2,1,1,22.6
2026-09-02T15:36:00+05:30,2026-09-02 15:36:00,30.2,34.8,23.4,2.9,23.8,23.8,194,0,0,0,0.3,0,1258.2,67,3,333.7,29.7,66,33.5,1,307,5.8,1,1,22.7
2026-09-02T15:30:00+05:30,2026-09-02 15:30:00,30,34.3,23.2,9.3,11.1,21.9,327,0,0,0,0.3,0,1258.2,67,3,352.8,29.7,66,33.5,1,294,7.2,1,1,22.7
2026-09-02T15:25:00+05:30,2026-09-02 15:25:00,30.6,35.5,23.5,11.9,18.3,21.9,275,0,0,0,0.3,0,1258.2,66,3,403.8,29.6,65,33.1,1,286,4.7,1,1,22.3
2026-09-02T15:21:00+05:30,2026-09-02 15:21:00,30.8,35.1,22.9,2.6,11.1,21.9,299,0,0,0,0.3,0,1258.2,63,3,400.5,29.6,65,33.1,1,286,4,1,1,22.3
2026-09-02T15:16:00+05:30,2026-09-02 15:16:00,30.6,35,23,4.7,16.6,21.9,292,0,0,0,0.3,0,1258.2,64,3,401.5,29.7,65,33.3,1,292,6.9,1,1,22.4
2026-09-02T15:07:00+05:30,2026-09-02 15:07:00,30.8,35.4,23.2,13.7,16.6,21.9,329,0,0,0,0.3,0,1258.2,64,4,435,29.6,66,33.3,1,314,5.5,1,1,22.6
2026-09-02T15:01:00+05:30,2026-09-02 15:01:00,30.2,34.4,22.9,0.3,7.2,21.9,168,0,0,0,0.3,0,1258.2,65,4,454.5,29.6,66,33.3,1,297,6.1,1,1,22.6
2026-09-02T14:57:00+05:30,2026-09-02 14:57:00,30.4,35.2,23.6,2.9,14.8,21.9,256,0,0,0,0.3,0,1258.2,67,4,460.9,29.6,67,33.4,1,299,5,1,1,22.8
2026-09-02T14:45:00+05:30,2026-09-02 14:45:00,29.9,34.3,23.3,10.5,16.6,21.9,274,0,0,0,0.3,0,1258.2,68,1,133.9,29.7,67,33.7,1,282,7.9,1,1,22.9
2026-09-02T14:40:00+05:30,2026-09-02 14:40:00,31.1,36.4,23.7,11.6,14.8,21.9,281,0,0,0,0.3,0,1258.2,65,3,358.3,29.6,66,33.3,1,283,6.1,1,1,22.6
2026-09-02T14:35:00+05:30,2026-09-02 14:35:00,30.9,35.4,23,4.3,7.2,21.9,285,0,0,0,0.3,0,1258.2,63,1,193.4,29.6,66,33.3,1,310,5.5,1,1,22.6
2026-09-02T14:30:00+05:30,2026-09-02 14:30:00,30.7,35.5,23.4,1.1,9.3,21.9,271,0,0,0,0.3,0,1258.2,65,5,557.2,29.6,66,33.3,1,287,5.8,1,1,22.6
2026-09-02T14:25:00+05:30,2026-09-02 14:25:00,30.8,35.6,23.4,5.8,11.1,21.9,272,0,0,0,0.3,0,1258.2,65,5,606.5,29.6,67,33.4,1,336,3.2,1,1,22.8
2026-09-02T14:20:00+05:30,2026-09-02 14:20:00,32.2,38.2,24,5.8,16.6,21.9,279,0,0,0,0.3,0,1258.2,62,1,151.6,29.6,67,33.4,1,342,1.8,1,1,22.8
2026-09-02T14:15:00+05:30,2026-09-02 14:15:00,30.8,35.6,23.4,11.1,14.8,21.9,279,0,0,0,0.3,0,1258.2,65,6,664.2,29.6,68,33.7,1,281,5.5,1,1,23.1
2026-09-02T14:10:00+05:30,2026-09-02 14:10:00,30.9,35.9,23.5,5.5,14.8,21.9,282,0,0,0,0.3,0,1258.2,65,6,656.8,29.6,68,33.7,1,284,7.2,1,1,23.1
2026-09-02T14:07:00+05:30,2026-09-02 14:07:00,30.5,35.2,23.4,2.9,11.1,21.9,275,0,0,0,0.3,0,1258.2,66,6,688.7,29.5,68,33.4,1,282,6.1,1,1,22.9
2026-09-02T14:00:00+05:30,2026-09-02 14:00:00,30.6,35.5,23.5,0.3,14.8,21.9,305,0,0,0,0.3,0,1258.2,66,6,685,29.5,68,33.4,1,297,6.1,1,1,22.9
2026-09-02T13:55:00+05:30,2026-09-02 13:55:00,29.8,34.3,23.5,2.9,9.3,21.9,297,0,0,0,0.3,0,1258.2,69,6,667,29.5,68,33.4,1,290,7.2,1,1,22.9
2026-09-02T13:50:00+05:30,2026-09-02 13:50:00,30.9,36.2,23.8,7.6,14.8,21.9,290,0,0,0,0.3,0,1258.2,66,7,738.4,29.5,68,33.4,1,290,6.4,1,1,22.9
2026-09-02T13:45:00+05:30,2026-09-02 13:45:00,30.2,35.1,23.6,11.1,20.1,21.9,315,0,0,0,0.3,0,1258.2,68,4,510.9,29.6,68,33.7,1,272,6.9,1,1,23.1
2026-09-02T13:40:00+05:30,2026-09-02 13:40:00,30.1,34.8,23.5,4.7,7.2,21.9,328,0,0,0,0.3,0,1258.2,68,6,717,29.6,69,33.9,1,278,4,1,1,23.3
2026-09-02T13:35:00+05:30,2026-09-02 13:35:00,30.6,35.5,23.5,6.1,9.3,21.9,304,0,0,0,0.3,0,1258.2,66,6,704.7,29.5,69,33.7,1,285,4.7,1,1,23.2
2026-09-02T13:30:00+05:30,2026-09-02 13:30:00,29.6,33.9,23.3,9.7,13,21.9,316,0,0,0,0.3,0,1258.2,69,7,719,29.4,69,33.4,1,290,9.3,1,1,23.1
2026-09-02T13:25:00+05:30,2026-09-02 13:25:00,29.8,34.5,23.7,8.7,20.1,21.9,312,0,0,0,0.3,0,1258.2,70,7,730,29.4,69,33.4,1,271,7.9,1,1,23.1
2026-09-02T13:20:00+05:30,2026-09-02 13:20:00,30.4,35.2,23.6,5.5,7.2,21.9,268,0,0,0,0.3,0,1258.2,67,7,768.5,29.3,69,33.2,1,267,4.7,1,1,23
2026-09-02T13:15:00+05:30,2026-09-02 13:15:00,31.5,36.8,23.6,6.4,9.3,21.9,318,0,0,0,0.3,0,1258.2,63,7,746.4,29.1,68,32.6,1,308,2.6,1,1,22.6
2026-09-02T13:10:00+05:30,2026-09-02 13:10:00,30.3,34.7,23.2,2.6,7.2,21.9,285,0,0,0,0.3,0,1258.2,66,7,766.6,29.1,69,32.8,1,285,6.1,1,1,22.8
2026-09-02T13:08:00+05:30,2026-09-02 13:08:00,29.9,34.1,23.1,1.4,9.3,21.9,149,0,0,0,0.3,0,1258.2,67,7,741.2,29,68,32.4,1,274,10.5,1,1,22.5
2026-09-02T13:01:00+05:30,2026-09-02 13:01:00,29.3,33.1,23,10.8,18.3,21.9,219,0,0,0,0.3,0,1258.2,69,7,756.1,29,68,32.4,1,278,11.1,1,1,22.5
2026-09-02T12:58:00+05:30,2026-09-02 12:58:00,29.7,33.7,22.9,9.3,11.1,21.9,302,0,0,0,0.3,0,1258.2,67,1,156.3,28.9,69,32.3,1,280,9.7,1,1,22.6
2026-09-02T12:50:00+05:30,2026-09-02 12:50:00,29.7,34.1,23.4,4.7,18.3,21.9,271,0,0,0,0.3,0,1258.2,69,7,758.8,28.8,70,32.2,1,285,4,1,1,22.7
2026-09-02T12:45:00+05:30,2026-09-02 12:45:00,29.4,33.4,23.1,4.7,7.2,21.9,305,0,0,0,0.3,0,1258.2,69,7,811.1,28.7,70,32.1,1,244,1.4,1,1,22.7
2026-09-02T12:40:00+05:30,2026-09-02 12:40:00,29.4,33.8,23.6,1.1,11.1,21.9,56,0,0,0,0.3,0,1258.2,71,1,170.7,28.8,71,32.4,1,221,1.1,1,1,23
2026-09-02T12:35:00+05:30,2026-09-02 12:35:00,30.2,35.3,23.9,5,7.2,21.9,253,0,0,0,0.3,0,1258.2,69,0,82.3,28.9,70,32.5,1,282,1.1,1,1,22.8
2026-09-02T12:31:00+05:30,2026-09-02 12:31:00,30.5,35.2,23.4,2.9,5.5,21.9,231,0,0,0,0.3,0,1258.2,66,1,148.9,28.9,70,32.5,1,252,1.4,1,1,22.8
2026-09-02T12:25:00+05:30,2026-09-02 12:25:00,30.6,35.5,23.5,1.1,7.2,21.9,284,0,0,0,0.3,0,1258.2,66,2,257.3,28.9,70,32.5,1,249,2.9,1,1,22.8
2026-09-02T12:24:00+05:30,2026-09-02 12:24:00,30.6,36,24,2.1,9.3,21.9,231,0,0,0,0.3,0,1258.2,68,8,899.9,28.9,70,32.5,1,231,3.2,1,1,22.8
2026-09-02T12:15:00+05:30,2026-09-02 12:15:00,29.9,34.5,23.6,2.6,13,21.9,235,0,0,0,0.3,0,1258.2,69,8,873.2,28.8,69,32.1,1,285,5.5,1,1,22.5
2026-09-02T12:10:00+05:30,2026-09-02 12:10:00,29.2,33,22.9,11.6,20.1,21.9,282,0,0,0,0.3,0,1258.2,69,2,306.5,28.8,69,32.1,1,282,5.8,1,1,22.5
2026-09-02T12:00:00+05:30,2026-09-02 12:00:00,29.8,34.5,23.7,0,3.5,21.9,208,0,0,0,0.3,0,1258.2,70,9,924.3,28.9,70,32.5,1,277,6.1,1,1,22.8
2026-09-02T11:56:00+05:30,2026-09-02 11:56:00,29,32.7,23,6.1,13,21.9,285,0,0,0,0.3,0,1258.2,70,7,803.4,28.8,70,32.2,1,292,6.1,1,1,22.7
2026-09-02T11:40:00+05:30,2026-09-02 11:40:00,29.2,33.2,23.2,10.5,13,21.9,316,0,0,0,0.3,0,1258.2,70,2,274.6,28.7,70,32.1,1,298,8.7,1,1,22.7
2026-09-02T11:35:00+05:30,2026-09-02 11:35:00,29.2,33.2,23.2,8.7,13,20.1,273,0,0,0,0.3,0,1258.2,70,3,324.1,28.6,70,31.9,1,273,7.6,1,1,22.6
2026-09-02T11:30:00+05:30,2026-09-02 11:30:00,29.5,33.6,23.2,1.1,5.5,20.1,68,0,0,0,0.3,0,1258.2,69,5,609.2,28.5,70,31.7,1,296,7.6,1,1,22.5
2026-09-02T11:25:00+05:30,2026-09-02 11:25:00,28.8,32.1,22.5,5.8,11.1,20.1,293,0,0,0,0.3,0,1258.2,69,2,224.8,28.4,71,31.6,1,264,7.6,1,1,22.6
2026-09-02T11:20:00+05:30,2026-09-02 11:20:00,28.9,32.5,22.9,12.2,14.8,20.1,270,0,0,0,0.3,0,1258.2,70,7,792.1,28.3,71,31.4,1,279,5,1,1,22.5
2026-09-02T11:17:00+05:30,2026-09-02 11:17:00,29.2,33.2,23.2,4.7,11.1,20.1,276,0,0,0,0.3,0,1258.2,70,8,849.8,28.3,72,31.5,1,303,2.9,1,1,22.7
2026-09-02T11:05:00+05:30,2026-09-02 11:05:00,30,34.3,23.2,4,9.3,20.1,356,0,0,0,0.3,0,1258.2,67,8,897.8,28,72,30.9,1,291,2.9,1,1,22.4
2026-09-02T11:00:00+05:30,2026-09-02 11:00:00,30.1,34.8,23.5,0,7.2,20.1,285,0,0,0,0.3,0,1258.2,68,7,771.7,27.8,73,30.6,1,264,2.6,1,1,22.5
2026-09-02T10:55:00+05:30,2026-09-02 10:55:00,29.4,33.4,23.1,0,11.1,20.1,288,0,0,0,0.3,0,1258.2,69,7,783.9,27.7,73,30.5,1,280,2.6,1,1,22.4
2026-09-02T10:50:00+05:30,2026-09-02 10:50:00,28.8,32.4,23,2.6,3.5,20.1,283,0,0,0,0.3,0,1258.2,71,7,766.5,27.6,74,30.4,1,282,4.3,1,1,22.6
2026-09-02T10:45:00+05:30,2026-09-02 10:45:00,28.5,31.8,22.7,5.8,9.3,20.1,290,0,0,0,0.3,0,1258.2,71,7,751.9,27.5,74,30.2,1,261,4.3,1,1,22.4
2026-09-02T10:40:00+05:30,2026-09-02 10:40:00,28.8,32.6,23.2,3.5,5.5,20.1,276,0,0,0,0.3,0,1258.2,72,7,741.5,27.3,74,29.7,1,260,3.5,1,1,22.2
2026-09-02T10:35:00+05:30,2026-09-02 10:35:00,28.4,32.2,23.5,5.5,13,20.1,291,0,0,0,0.3,0,1258.2,75,7,729.3,27.3,74,29.7,1,279,2.9,1,1,22.2
2026-09-02T10:30:00+05:30,2026-09-02 10:30:00,28.2,31.9,23.4,2.1,9.3,20.1,272,0,0,0,0.3,0,1258.2,75,7,760.4,27.2,74,29.6,1,272,1.4,1,1,22.2
2026-09-02T10:25:00+05:30,2026-09-02 10:25:00,28,31.2,22.9,2.9,5.5,20.1,274,0,0,0,0.3,0,1258.2,74,3,327.9,27.2,74,29.6,1,281,3.2,1,1,22.2
2026-09-02T10:20:00+05:30,2026-09-02 10:20:00,27.3,30,22.9,2.9,11.1,20.1,244,0,0,0,0.3,0,1258.2,77,8,828.5,27.1,74,29.4,1,281,3.5,1,1,22.1
2026-09-02T10:16:00+05:30,2026-09-02 10:16:00,26.9,29.4,22.9,4.3,9.3,20.1,290,0,0,0,0.3,0,1258.2,79,7,770.1,27.1,74,29.4,1,283,2.6,1,1,22.1
2026-09-02T10:10:00+05:30,2026-09-02 10:10:00,27,29.6,22.8,0.6,3.5,20.1,289,0,0,0,0.3,0,1258.2,78,1,141.3,27.1,74,29.4,1,289,2.1,1,1,22.1
2026-09-02T10:05:00+05:30,2026-09-02 10:05:00,27.3,30,22.9,5,5.5,20.1,303,0,0,0,0.3,0,1258.2,77,1,156.7,27.1,74,29.4,1,284,3.5,1,1,22.1
2026-09-02T10:00:00+05:30,2026-09-02 10:00:00,27.2,29.9,22.8,9.3,11.1,20.1,281,0,0,0,0.3,0,1258.2,77,1,203.5,27.1,74,29.4,1,284,5.5,1,1,22.1
2026-09-02T09:55:00+05:30,2026-09-02 09:55:00,27.3,29.8,22.4,7.6,13,20.1,276,0,0,0,0.3,0,1258.2,75,2,284.7,27.1,74,29.4,1,256,5.5,1,1,22.1
2026-09-02T09:50:00+05:30,2026-09-02 09:50:00,27.2,29.9,22.8,4.3,20.1,20.1,284,0,0,0,0.3,0,1258.2,77,5,525.3,27.1,75,29.5,1,284,5.5,1,1,22.3
2026-09-02T09:45:00+05:30,2026-09-02 09:45:00,27.1,29.7,22.7,8.7,13,13,267,0,0,0,0.3,0,1258.2,77,6,650.2,27,75,29.3,1,289,3.5,1,1,22.2
2026-09-02T09:36:00+05:30,2026-09-02 09:36:00,26.6,27.4,22.7,4.3,7.2,13,318,0,0,0,0.3,0,1258.2,79,2,270.1,27,76,29.4,1,286,2.6,1,1,22.4
2026-09-02T09:30:00+05:30,2026-09-02 09:30:00,26.7,29.1,22.8,6.4,9.3,13,314,0,0,0,0.3,0,1258.2,79,2,245.7,26.9,76,29.2,1,263,0,1,1,22.3
2026-09-02T09:26:00+05:30,2026-09-02 09:26:00,27,29.6,23,0,0,11.1,271,0,0,0,0.3,0,1258.2,79,2,230.2,26.8,76,28.9,1,271,0,1,1,22.2
2026-09-02T09:20:00+05:30,2026-09-02 09:20:00,26.5,27.3,23,0,1.8,11.1,263,0,0,0,0.3,0,1258.2,81,2,224,26.8,76,28.9,1,263,0.6,1,1,22.2
2026-09-02T09:15:00+05:30,2026-09-02 09:15:00,26.6,27.4,23.1,0,5.5,11.1,165,0,0,0,0.3,0,1258.2,81,1,163.8,26.7,76,28.8,1,294,2.1,1,1,22.1
2026-09-02T09:10:00+05:30,2026-09-02 09:10:00,26.9,29.5,23.1,6.1,7.2,11.1,294,0,0,0,0.3,0,1258.2,80,2,213.2,26.7,76,28.8,1,296,0.3,1,1,22.1
2026-09-02T09:05:00+05:30,2026-09-02 09:05:00,26.9,29.5,23.1,0.3,3.5,11.1,291,0,0,0,0.3,0,1258.2,80,2,215.8,26.6,76,27.3,1,291,1.4,1,1,22
2026-09-02T09:00:00+05:30,2026-09-02 09:00:00,26.5,27.3,23,9.3,11.1,11.1,288,0,0,0,0.3,0,1258.2,81,2,234.4,26.6,76,27.3,1,284,1.4,1,1,22
2026-09-02T08:55:00+05:30,2026-09-02 08:55:00,26.5,27.3,22.8,0,7.2,11.1,292,0,0,0,0.3,0,1258.2,80,2,241.8,26.6,76,27.3,1,284,1.4,1,1,22
2026-09-02T08:50:00+05:30,2026-09-02 08:50:00,26,26.8,22.9,0,3.5,11.1,279,0,0,0,0.3,0,1258.2,83,4,474.6,26.6,76,27.3,1,280,0.3,1,1,22
2026-09-02T08:45:00+05:30,2026-09-02 08:45:00,26.1,26.9,23,0,0,7.2,278,0,0,0,0.3,0,1258.2,83,2,223.7,26.6,76,27.3,1,278,0,1,1,22
2026-09-02T08:40:00+05:30,2026-09-02 08:40:00,25.9,26.7,22.6,1.1,1.8,7.2,278,0,0,0,0.3,0,1258.2,82,1,131.8,26.6,75,27.3,1,278,0,1,1,21.8
2026-09-02T08:35:00+05:30,2026-09-02 08:35:00,25.7,26.5,22.6,0,0,7.2,278,0,0,0,0.3,0,1258.2,83,1,109.3,26.5,75,27.2,1,278,0,1,1,21.7
2026-09-02T08:30:00+05:30,2026-09-02 08:30:00,25.5,26.3,22.6,0,1.8,7.2,278,0,0,0,0.3,0,1258.2,84,1,138,26.5,75,27.2,1,285,0,1,1,21.7
2026-09-02T08:25:00+05:30,2026-09-02 08:25:00,25.8,26.6,22.7,6.4,7.2,7.2,285,0,0,0,0.3,0,1258.2,83,0,84.1,26.5,75,27.2,1,312,0,1,1,21.7
2026-09-02T08:20:00+05:30,2026-09-02 08:20:00,25.9,26.7,22.8,0,0,3.5,321,0,0,0,0.3,0,1258.2,83,0,55.1,26.5,75,27.2,1,312,0,1,1,21.7
2026-09-02T08:15:00+05:30,2026-09-02 08:15:00,26.8,29.3,23,0,1.8,3.5,310,0,0,0,0.3,0,1258.2,80,1,106.4,26.4,75,27.1,1,12,0,1,1,21.6
2026-09-02T08:10:00+05:30,2026-09-02 08:10:00,26.9,29.5,23.1,0.3,1.8,3.5,12,0,0,0,0.3,0,1258.2,80,3,384.5,26.4,75,27.1,1,12,0,1,1,21.6
2026-09-02T08:05:00+05:30,2026-09-02 08:05:00,26.6,27.4,23.1,0,0,3.5,13,0,0,0,0.3,0,1258.2,81,1,157.8,26.4,75,27.1,1,13,0,1,1,21.6
2026-09-02T08:00:00+05:30,2026-09-02 08:00:00,25.7,26.5,22.6,0,0,3.5,13,0,0,0,0.3,0,1258.2,83,1,134.3,26.3,75,26.9,1,13,0,1,1,21.5
2026-09-02T07:55:00+05:30,2026-09-02 07:55:00,25,25.8,22.3,0,1.8,3.5,13,0,0,0,0.3,0,1258.2,85,1,129.1,26.3,75,26.9,1,13,0,1,1,21.5
2026-09-02T07:50:00+05:30,2026-09-02 07:50:00,24.8,25.6,22.3,0,0,0,12,0,0,0,0.3,0,1258.2,86,1,144.4,26.3,75,26.9,1,12,0,1,1,21.5
2026-09-02T07:45:00+05:30,2026-09-02 07:45:00,24.4,25.2,22.1,0,0,0,12,0,0,0,0.3,0,1258.2,87,1,139.3,26.3,75,26.9,1,12,0,1,1,21.5
2026-09-02T07:40:00+05:30,2026-09-02 07:40:00,23.9,24.6,21.8,0,0,0,13,0,0,0,0.3,0,1258.2,88,0,84.4,26.3,75,26.9,1,13,0,1,1,21.5
2026-09-02T07:35:00+05:30,2026-09-02 07:35:00,23.9,24.7,22.3,0,0,0,13,0,0,0,0.3,0,1258.2,91,0,76.7,26.3,75,26.9,1,13,0,1,1,21.5
2026-09-02T07:30:00+05:30,2026-09-02 07:30:00,23.6,24.4,22.2,0,0,0,13,0,0,0,0.3,0,1258.2,92,0,79.2,26.3,75,26.9,1,13,0,1,1,21.5
2026-09-02T07:25:00+05:30,2026-09-02 07:25:00,23.6,24.5,22.4,0,0,0,13,0,0,0,0.3,0,1258.2,93,0,84.7,26.3,75,26.9,1,13,0,1,1,21.5
2026-09-02T07:20:00+05:30,2026-09-02 07:20:00,23.4,24.2,22.2,0,0,0,13,0,0,0,0.3,0,1258.2,93,0,48.3,26.2,75,26.8,1,13,0,1,1,21.4
2026-09-02T07:15:00+05:30,2026-09-02 07:15:00,23.2,24.1,22.2,0,0,0,13,0,0,0,0.3,0,1258.2,94,0,71.8,26.3,75,26.9,1,13,0,1,1,21.5
2026-09-02T07:10:00+05:30,2026-09-02 07:10:00,23,23.8,22.2,0,0,0,13,0,0,0,0.3,0,1258.2,95,0,89.2,26.2,75,26.8,1,13,0,1,1,21.4
2026-09-02T07:05:00+05:30,2026-09-02 07:05:00,22.8,23.6,21.9,0,0,0,13,0,0,0,0.3,0,1258.2,95,0,55.4,26.2,75,26.8,1,13,0,1,1,21.4
2026-09-02T07:00:00+05:30,2026-09-02 07:00:00,22.6,23.4,21.9,0,0,0,13,0,0,0,0.3,0,1258.2,96,0,44.3,26.2,75,26.8,1,13,0,1,1,21.4
2026-09-02T06:55:00+05:30,2026-09-02 06:55:00,22.5,23.3,22,0,0,0,13,0,0,0,0.3,0,1258.2,97,0,30.2,26.2,75,26.8,1,13,0,1,1,21.4
2026-09-02T06:50:00+05:30,2026-09-02 06:50:00,22.4,23.2,21.9,0,0,0,13,0,0,0,0.3,0,1258.2,97,0,22.8,26.2,75,26.8,1,13,0,1,1,21.4
2026-09-02T06:45:00+05:30,2026-09-02 06:45:00,22.3,23.1,21.8,0,0,0,13,0,0,0,0.3,0,1258.2,97,0,45.4,26.2,75,26.8,1,13,0,1,1,21.4
2026-09-02T06:40:00+05:30,2026-09-02 06:40:00,22.2,23,21.7,0,0,0,13,0,0,0,0.3,0,1258.2,97,0,26,26.2,75,26.8,1,13,0,1,1,21.4
2026-09-02T06:35:00+05:30,2026-09-02 06:35:00,22.1,22.9,21.8,0,0,0,13,0,0,0,0.3,0,1258.2,98,0,24.7,26.2,75,26.8,1,12,0,1,1,21.4
2026-09-02T06:30:00+05:30,2026-09-02 06:30:00,22,22.8,21.7,0,0,0,12,0,0,0,0.3,0,1258.2,98,0,19,26.2,75,26.8,1,12,0,1,1,21.4
2026-09-02T06:25:00+05:30,2026-09-02 06:25:00,22,22.8,21.7,0,0,0,11,0,0,0,0.3,0,1258.2,98,0,18.5,26.2,75,26.8,1,11,0,1,1,21.4
2026-09-02T06:20:00+05:30,2026-09-02 06:20:00,21.9,22.7,21.6,0,0,0,11,0,0,0,0.3,0,1258.2,98,0,12.6,26.2,75,26.8,1,11,0,1,1,21.4
2026-09-02T06:15:00+05:30,2026-09-02 06:15:00,21.9,22.7,21.6,0,0,0,11,0,0,0,0.3,0,1258.2,98,0,9.1,26.2,75,26.8,1,11,0,1,1,21.4
2026-09-02T06:10:00+05:30,2026-09-02 06:10:00,21.9,22.7,21.6,0,0,0,11,0,0,0,0.3,0,1258.2,98,0,6.7,26.3,74,26.9,1,11,0,1,1,21.3
2026-09-02T06:05:00+05:30,2026-09-02 06:05:00,22,22.8,21.5,0,0,0,11,0,0,0,0.3,0,1258.2,97,0,4.3,26.2,74,26.8,1,11,0,1,1,21.2
2026-09-02T06:00:00+05:30,2026-09-02 06:00:00,22,22.8,21.5,0,0,0,11,0,0,0,0.3,0,1258.2,97,0,2.3,26.3,74,26.9,1,11,0,1,1,21.3
2026-09-02T05:55:00+05:30,2026-09-02 05:55:00,22,22.8,21.5,0,0,0,11,0,0,0,0.3,0,1258.2,97,0,1,26.3,74,26.9,1,11,0,1,1,21.3
2026-09-02T05:50:00+05:30,2026-09-02 05:50:00,21.9,22.7,21.6,0,0,0,11,0,0,0,0.3,0,1258.2,98,0,0.4,26.3,74,26.9,1,11,0,1,1,21.3
2026-09-02T05:45:00+05:30,2026-09-02 05:45:00,21.8,22.6,21.4,0,0,0,11,0,0,0,0.3,0,1258.2,98,0,0.1,26.3,74,26.9,1,11,0,1,1,21.3
2026-09-02T05:40:00+05:30,2026-09-02 05:40:00,21.8,22.6,21.4,0,0,0,11,0,0,0,0.3,0,1258.2,98,0,0,26.2,74,26.8,1,11,0,1,1,21.2
2026-09-02T05:35:00+05:30,2026-09-02 05:35:00,21.8,22.6,21.4,0,0,0,11,0,0,0,0.3,0,1258.2,98,0,0,26.3,74,26.9,1,11,0,1,1,21.3
2026-09-02T05:30:00+05:30,2026-09-02 05:30:00,21.8,22.6,21.4,0,0,0,11,0,0,0,0.3,0,1258.2,98,0,0,26.2,74,26.8,1,11,0,1,1,21.2
2026-09-02T05:25:00+05:30,2026-09-02 05:25:00,21.7,22.5,21.4,0,0,0,11,0,0,0,0.3,0,1258.2,98,0,0,26.3,74,26.9,1,11,0,1,1,21.3
2026-09-02T05:20:00+05:30,2026-09-02 05:20:00,21.7,22.5,21.4,0,0,0,11,0,0,0,0.3,0,1258.2,98,0,0,26.3,74,26.9,1,11,0,1,1,21.3
2026-09-02T05:15:00+05:30,2026-09-02 05:15:00,21.6,22.4,21.3,0,0,0,11,0,0,0,0.3,0,1258.2,98,0,0,26.2,74,26.8,1,11,0,1,1,21.2
2026-09-02T05:10:00+05:30,2026-09-02 05:10:00,21.6,22.4,21.3,0,0,0,11,0,0,0,0.3,0,1258.2,98,0,0,26.3,74,26.9,1,11,0,1,1,21.3
2026-09-02T05:05:00+05:30,2026-09-02 05:05:00,21.6,22.4,21.3,0,0,0,11,0,0,0,0.3,0,1258.2,98,0,0,26.3,74,26.9,1,11,0,1,1,21.3
2026-09-02T05:00:00+05:30,2026-09-02 05:00:00,21.5,22.3,21.2,0,0,0,11,0,0,0,0.3,0,1258.2,98,0,0,26.3,74,26.9,1,11,0,1,1,21.3
2026-09-02T04:55:00+05:30,2026-09-02 04:55:00,21.5,22.3,21.2,0,0,0,11,0,0,0,0.3,0,1258.2,98,0,0,26.3,74,26.9,1,11,0,1,1,21.3
2026-09-02T04:50:00+05:30,2026-09-02 04:50:00,21.4,22.2,21.2,0,0,0,11,0,0,0,0.3,0,1258.2,99,0,0,26.3,74,26.9,1,11,0,1,1,21.3
2026-09-02T04:45:00+05:30,2026-09-02 04:45:00,21.4,22.1,21.1,0,0,0,11,0,0,0,0.3,0,1258.2,98,0,0,26.3,74,26.9,1,11,0,1,1,21.3
2026-09-02T04:40:00+05:30,2026-09-02 04:40:00,21.5,22.3,21.2,0,0,0,11,0,0,0,0.3,0,1258.2,98,0,0,26.3,74,26.9,1,11,0,1,1,21.3
2026-09-02T04:35:00+05:30,2026-09-02 04:35:00,21.5,22.3,21.2,0,0,0,11,0,0,0,0.3,0,1258.2,98,0,0,26.3,74,26.9,1,11,0,1,1,21.3
2026-09-02T04:30:00+05:30,2026-09-02 04:30:00,21.5,22.3,21.2,0,0,0,11,0,0,0,0.3,0,1258.2,98,0,0,26.3,74,26.9,1,11,0,1,1,21.3
2026-09-02T04:25:00+05:30,2026-09-02 04:25:00,21.4,22.1,21.1,0,0,0,11,0,0,0,0.3,0,1258.2,98,0,0,26.4,74,27,1,11,0,1,1,21.4
2026-09-02T04:20:00+05:30,2026-09-02 04:20:00,21.4,22.1,21.1,0,0,0,11,0,0,0,0.3,0,1258.2,98,0,0,26.4,74,27,1,11,0,1,1,21.4
2026-09-02T04:15:00+05:30,2026-09-02 04:15:00,21.4,22.1,21.1,0,0,0,11,0,0,0,0.3,0,1258.2,98,0,0,26.4,74,27,1,11,0,1,1,21.4
2026-09-02T04:10:00+05:30,2026-09-02 04:10:00,21.4,22.1,21.1,0,0,0,11,0,0,0,0.3,0,1258.2,98,0,0,26.4,74,27,1,11,0,1,1,21.4
2026-09-02T04:05:00+05:30,2026-09-02 04:05:00,21.4,22.1,21.1,0,0,0,12,0,0,0,0.3,0,1258.2,98,0,0,26.4,74,27,1,11,0,1,1,21.4
2026-09-02T04:00:00+05:30,2026-09-02 04:00:00,21.4,22.1,21.1,0,0,0,12,0,0,0,0.3,0,1258.2,98,0,0,26.4,74,27,1,12,0,1,1,21.4
2026-09-02T03:55:00+05:30,2026-09-02 03:55:00,21.4,22.1,21.1,0,0,0,12,0,0,0,0.3,0,1258.2,98,0,0,26.4,73,27,1,12,0,1,1,21.2
2026-09-02T03:50:00+05:30,2026-09-02 03:50:00,21.4,22.1,21.1,0,0,0,12,0,0,0,0.3,0,1258.2,98,0,0,26.4,73,27,1,12,0,1,1,21.2
2026-09-02T03:45:00+05:30,2026-09-02 03:45:00,21.4,22.1,21.1,0,0,0,12,0,0,0,0.3,0,1258.2,98,0,0,26.4,73,27,1,12,0,1,1,21.2
2026-09-02T03:40:00+05:30,2026-09-02 03:40:00,21.4,22.1,21.1,0,0,0,12,0,0,0,0.3,0,1258.2,98,0,0,26.5,73,27.1,1,12,0,1,1,21.3
2026-09-02T03:35:00+05:30,2026-09-02 03:35:00,21.4,22.1,21.1,0,0,0,12,0,0,0,0.3,0,1258.2,98,0,0,26.5,73,27.1,1,12,0,1,1,21.3
2026-09-02T03:30:00+05:30,2026-09-02 03:30:00,21.4,22.1,20.9,0,0,0,12,0,0,0,0.3,0,1258.2,97,0,0,26.5,73,27.1,1,12,0,1,1,21.3
2026-09-02T03:25:00+05:30,2026-09-02 03:25:00,21.5,22.2,21,0,0,0,12,0,0,0,0.3,0,1258.2,97,0,0,26.5,73,27.1,1,12,0,1,1,21.3
2026-09-02T03:20:00+05:30,2026-09-02 03:20:00,21.5,22.2,21,0,0,0,12,0,0,0,0.3,0,1258.2,97,0,0,26.5,73,27.1,1,12,0,1,1,21.3
2026-09-02T03:15:00+05:30,2026-09-02 03:15:00,21.6,22.4,21.1,0,0,0,12,0,0,0,0.3,0,1258.2,97,0,0,26.5,73,27.1,1,12,0,1,1,21.3
2026-09-02T03:10:00+05:30,2026-09-02 03:10:00,21.6,22.4,21.1,0,0,0,12,0,0,0,0.3,0,1258.2,97,0,0,26.5,73,27.1,1,12,0,1,1,21.3
2026-09-02T03:05:00+05:30,2026-09-02 03:05:00,21.6,22.4,21.1,0,0,0,12,0,0,0,0.3,0,1258.2,97,0,0,26.5,73,27.1,1,12,0,1,1,21.3
2026-09-02T03:00:00+05:30,2026-09-02 03:00:00,21.6,22.4,21.1,0,0,0,13,0,0,0,0.3,0,1258.2,97,0,0,26.6,73,27.2,1,12,0,1,1,21.4
2026-09-02T02:55:00+05:30,2026-09-02 02:55:00,21.6,22.3,20.9,0,0,0,13,0,0,0,0.3,0,1258.2,96,0,0,26.6,73,27.2,1,13,0,1,1,21.4
2026-09-02T02:50:00+05:30,2026-09-02 02:50:00,21.7,22.5,21.1,0,0,0,13,0,0,0,0.3,0,1258.2,96,0,0,26.6,73,27.2,1,13,0,1,1,21.4
2026-09-02T02:45:00+05:30,2026-09-02 02:45:00,21.6,22.3,20.9,0,0,0,13,0,0,0,0.3,0,1258.2,96,0,0,26.6,73,27.2,1,13,0,1,1,21.4
2026-09-02T02:40:00+05:30,2026-09-02 02:40:00,21.6,22.4,21.1,0,0,0,13,0,0,0,0.3,0,1258.2,97,0,0,26.6,73,27.2,1,13,0,1,1,21.4
2026-09-02T02:35:00+05:30,2026-09-02 02:35:00,21.6,22.4,21.1,0,0,0,13,0,0,0,0.3,0,1258.2,97,0,0,26.6,73,27.2,1,13,0,1,1,21.4
2026-09-02T02:30:00+05:30,2026-09-02 02:30:00,21.5,22.2,21,0,0,0,13,0,0,0,0.3,0,1258.2,97,0,0,26.6,73,27.2,1,13,0,1,1,21.4
2026-09-02T02:25:00+05:30,2026-09-02 02:25:00,21.5,22.2,21,0,0,0,13,0,0,0,0.3,0,1258.2,97,0,0,26.7,73,28.6,1,13,0,1,1,21.4
2026-09-02T02:20:00+05:30,2026-09-02 02:20:00,21.4,22.1,20.9,0,0,0,13,0,0,0,0.3,0,1258.2,97,0,0,26.7,73,28.6,1,13,0,1,1,21.4
2026-09-02T02:15:00+05:30,2026-09-02 02:15:00,21.4,22.1,20.9,0,0,0,13,0,0,0,0.3,0,1258.2,97,0,0,26.7,73,28.6,1,13,0,1,1,21.4
2026-09-02T02:10:00+05:30,2026-09-02 02:10:00,21.5,22.2,21,0,0,0,13,0,0,0,0.3,0,1258.2,97,0,0,26.7,73,28.6,1,13,0,1,1,21.4
2026-09-02T02:05:00+05:30,2026-09-02 02:05:00,21.5,22.2,21,0,0,0,13,0,0,0,0.3,0,1258.2,97,0,0,26.7,73,28.6,1,13,0,1,1,21.4
2026-09-02T02:00:00+05:30,2026-09-02 02:00:00,21.6,22.4,21.1,0,0,0,13,0,0,0,0.3,0,1258.2,97,0,0,26.7,73,28.6,1,13,0,1,1,21.4
2026-09-02T01:55:00+05:30,2026-09-02 01:55:00,21.5,22.2,21,0,0,0,13,0,0,0,0.3,0,1258.2,97,0,0,26.7,73,28.6,1,13,0,1,1,21.4
2026-09-02T01:50:00+05:30,2026-09-02 01:50:00,21.6,22.4,21.1,0,0,0,13,0,0,0,0.3,0,1258.2,97,0,0,26.7,73,28.6,1,13,0,1,1,21.4
2026-09-02T01:45:00+05:30,2026-09-02 01:45:00,21.6,22.4,21.1,0,0,0,13,0,0,0,0.3,0,1258.2,97,0,0,26.7,73,28.6,1,13,0,1,1,21.4
2026-09-02T01:40:00+05:30,2026-09-02 01:40:00,21.6,22.4,21.1,0,0,0,13,0,0,0,0.3,0,1258.2,97,0,0,26.8,73,28.7,1,13,0,1,1,21.5
2026-09-02T01:35:00+05:30,2026-09-02 01:35:00,21.7,22.5,21.1,0,0,0,13,0,0,0,0.3,0,1258.2,96,0,0,26.8,73,28.7,1,35,0,1,1,21.5
2026-09-02T01:30:00+05:30,2026-09-02 01:30:00,21.7,22.5,21.1,0,0,0,43,0,0,0,0.3,0,1258.2,96,0,0,26.8,73,28.7,1,43,0,1,1,21.5
2026-09-02T01:25:00+05:30,2026-09-02 01:25:00,21.7,22.5,21.1,0,0,0,43,0,0,0,0.3,0,1258.2,96,0,0,26.8,73,28.7,1,43,0,1,1,21.5
2026-09-02T01:20:00+05:30,2026-09-02 01:20:00,21.7,22.5,21.1,0,0,0,43,0,0,0,0.3,0,1258.2,96,0,0,26.9,73,28.9,1,43,0,1,1,21.6
2026-09-02T01:15:00+05:30,2026-09-02 01:15:00,21.7,22.5,21.1,0,0,0,43,0,0,0,0.3,0,1258.2,96,0,0,26.9,73,28.9,1,43,0,1,1,21.6
2026-09-02T01:10:00+05:30,2026-09-02 01:10:00,21.8,22.5,21.1,0,0,0,44,0,0,0,0.3,0,1258.2,96,0,0,26.9,73,28.9,1,44,0,1,1,21.6
2026-09-02T01:05:00+05:30,2026-09-02 01:05:00,21.8,22.5,21.1,0,0,0,43,0,0,0,0.3,0,1258.2,96,0,0,26.9,73,28.9,1,27,0,1,1,21.6
2026-09-02T01:00:00+05:30,2026-09-02 01:00:00,21.6,22.3,20.9,0,0,0,27,0,0,0,0.3,0,1258.2,96,0,0,26.9,73,28.9,1,27,0,1,1,21.6
2026-09-02T00:55:00+05:30,2026-09-02 00:55:00,21.7,22.5,21.1,0,0,0,27,0,0,0,0.3,0,1258.2,96,0,0,26.9,73,28.9,1,27,0,1,1,21.6
2026-09-02T00:50:00+05:30,2026-09-02 00:50:00,21.9,22.6,21.2,0,0,0,27,0,0,0,0.3,0,1258.2,96,0,0,27,73,29.1,1,27,0,1,1,21.7
2026-09-02T00:45:00+05:30,2026-09-02 00:45:00,21.9,22.7,21.4,0,0,0,27,0,0,0,0.3,0,1258.2,97,0,0,27,73,29.1,1,27,0,1,1,21.7
2026-09-02T00:40:00+05:30,2026-09-02 00:40:00,21.8,22.5,21.1,0,0,0,27,0,0,0,0.3,0,1258.2,96,0,0,27,73,29.1,1,27,0,1,1,21.7
2026-09-02T00:35:00+05:30,2026-09-02 00:35:00,21.8,22.5,21.1,0,0,0,27,0,0,0,0.3,0,1258.2,96,0,0,27,73,29.1,1,27,0,1,1,21.7
2026-09-02T00:30:00+05:30,2026-09-02 00:30:00,21.9,22.6,21.2,0,0,0,27,0,0,0,0.3,0,1258.2,96,0,0,27,73,29.1,1,27,0,1,1,21.7
2026-09-02T00:25:00+05:30,2026-09-02 00:25:00,22,22.8,21.3,0,0,0,27,0,0,0,0.3,0,1258.2,96,0,0,27,73,29.1,1,27,0,1,1,21.7
2026-09-02T00:20:00+05:30,2026-09-02 00:20:00,21.9,22.7,21.4,0,0,0,27,0,0,0,0.3,0,1258.2,97,0,0,27,73,29.1,1,27,0,1,1,21.7
2026-09-02T00:15:00+05:30,2026-09-02 00:15:00,21.8,22.5,21.1,0,0,0,27,0,0,0,0.3,0,1258.2,96,0,0,27.1,73,29.3,1,27,0,1,1,21.8
2026-09-02T00:10:00+05:30,2026-09-02 00:10:00,21.9,22.6,21.2,0,0,0,27,0,0,0,0.3,0,1258.2,96,0,0,27.1,73,29.3,1,27,0,1,1,21.8
2026-09-02T00:05:00+05:30,2026-09-02 00:05:00,21.9,22.6,21.2,0,0,0,27,0,0,0,0.3,0,1258.2,96,0,0,27.1,73,29.3,1,27,0,1,1,21.8
2026-09-02T00:00:00+05:30,2026-09-02 00:00:00,22,22.8,21.3,0,0,0,27,0,0,0,0.3,0,1258.2,96,0,0,27.1,73,29.3,1,27,0,1,1,21.8
2026-09-01T23:55:00+05:30,2026-09-01 23:55:00,22.1,22.9,21.4,0,0,18.3,27,0,0,0,0.3,0,1258.2,96,0,0,27.2,73,29.5,1,27,0,1,1,21.9
2026-09-01T23:50:00+05:30,2026-09-01 23:50:00,22.1,22.9,21.4,0,0,18.3,27,0,0,0,0.3,0,1258.2,96,0,0,27.2,73,29.5,1,27,0,1,1,21.9
2026-09-01T23:45:00+05:30,2026-09-01 23:45:00,22.2,23,21.6,0,0,18.3,27,0,0,0,0.3,0,1258.2,96,0,0,27.2,73,29.5,1,27,0,1,1,21.9
2026-09-01T23:40:00+05:30,2026-09-01 23:40:00,22.2,23,21.6,0,0,18.3,27,0,0,0,0.3,0,1258.2,96,0,0,27.2,73,29.5,1,27,0,1,1,21.9
2026-09-01T23:35:00+05:30,2026-09-01 23:35:00,22.3,23,21.4,0,0,18.3,27,0,0,0,0.3,0,1258.2,95,0,0,27.3,73,29.6,1,27,0,1,1,22
2026-09-01T23:30:00+05:30,2026-09-01 23:30:00,22.4,23.2,21.5,0,0,18.3,27,0,0,0,0.3,0,1258.2,95,0,0,27.3,73,29.6,1,27,0,1,1,22
2026-09-01T23:25:00+05:30,2026-09-01 23:25:00,22.4,23.2,21.5,0,0,18.3,27,0,0,0,0.3,0,1258.2,95,0,0,27.3,73,29.6,1,27,0,1,1,22
2026-09-01T23:20:00+05:30,2026-09-01 23:20:00,22.5,23.3,21.7,0,0,18.3,27,0,0,0,0.3,0,1258.2,95,0,0,27.3,73,29.6,1,27,0,1,1,22
2026-09-01T23:15:00+05:30,2026-09-01 23:15:00,22.6,23.4,21.8,0,0,18.3,27,0,0,0,0.3,0,1258.2,95,0,0,27.3,73,29.6,1,27,0,1,1,22
2026-09-01T23:10:00+05:30,2026-09-01 23:10:00,22.6,23.4,21.8,0,0,18.3,27,0,0,0,0.3,0,1258.2,95,0,0,27.3,73,29.6,1,27,0,1,1,22
2026-09-01T23:05:00+05:30,2026-09-01 23:05:00,22.6,23.4,21.6,0,0,18.3,27,0,0,0,0.3,0,1258.2,94,0,0,27.4,73,29.8,1,27,0,1,1,22.1
2026-09-01T23:00:00+05:30,2026-09-01 23:00:00,22.7,23.5,21.7,0,0,18.3,27,0,0,0,0.3,0,1258.2,94,0,0,27.4,73,29.8,1,27,0,1,1,22.1
2026-09-01T22:55:00+05:30,2026-09-01 22:55:00,22.8,23.6,21.8,0,0,18.3,27,0,0,0,0.3,0,1258.2,94,0,0,27.4,73,29.8,1,27,0,1,1,22.1
2026-09-01T22:50:00+05:30,2026-09-01 22:50:00,22.8,23.6,21.8,0,0,18.3,27,0,0,0,0.3,0,1258.2,94,0,0,27.4,73,29.8,1,27,0,1,1,22.1
2026-09-01T22:45:00+05:30,2026-09-01 22:45:00,22.8,23.6,21.8,0,0,18.3,27,0,0,0,0.3,0,1258.2,94,0,0,27.4,72,29.7,1,27,0,1,1,21.9
2026-09-01T22:40:00+05:30,2026-09-01 22:40:00,22.9,23.7,21.9,0,0,18.3,27,0,0,0,0.3,0,1258.2,94,0,0,27.5,72,29.9,1,27,0,1,1,22
2026-09-01T22:35:00+05:30,2026-09-01 22:35:00,22.9,23.7,21.9,0,0,18.3,27,0,0,0,0.3,0,1258.2,94,0,0,27.5,72,29.9,1,8,0,1,1,22
2026-09-01T22:30:00+05:30,2026-09-01 22:30:00,23,23.8,21.8,0,0,18.3,8,0,0,0,0.3,0,1258.2,93,0,0,27.5,72,29.9,1,326,0,1,1,22
2026-09-01T22:25:00+05:30,2026-09-01 22:25:00,23,23.8,21.8,0,0,18.3,326,0,0,0,0.3,0,1258.2,93,0,0,27.5,72,29.9,1,326,0,1,1,22
2026-09-01T22:20:00+05:30,2026-09-01 22:20:00,23,23.8,21.8,0,0,18.3,326,0,0,0,0.3,0,1258.2,93,0,0,27.5,72,29.9,1,326,0,1,1,22
2026-09-01T22:15:00+05:30,2026-09-01 22:15:00,23,23.8,21.8,0,0,18.3,325,0,0,0,0.3,0,1258.2,93,0,0,27.6,72,30.2,1,325,0,1,1,22.1
2026-09-01T22:10:00+05:30,2026-09-01 22:10:00,23.2,24,22,0,0,18.3,325,0,0,0,0.3,0,1258.2,93,0,0,27.6,72,30.2,1,319,0,1,1,22.1
2026-09-01T22:05:00+05:30,2026-09-01 22:05:00,23.3,24.1,21.9,0,0,18.3,318,0,0,0,0.3,0,1258.2,92,0,0,27.6,72,30.2,1,354,0,1,1,22.1
2026-09-01T22:00:00+05:30,2026-09-01 22:00:00,23.3,24.1,21.9,0,0,18.3,355,0,0,0,0.3,0,1258.2,92,0,0,27.6,72,30.2,1,276,0,1,1,22.1
2026-09-01T21:55:00+05:30,2026-09-01 21:55:00,23.3,24.1,21.9,0,0,18.3,275,0,0,0,0.3,0,1258.2,92,0,0,27.6,72,30.2,1,275,0,1,1,22.1
2026-09-01T21:50:00+05:30,2026-09-01 21:50:00,23.3,24.1,21.9,0,0,18.3,274,0,0,0,0.3,0,1258.2,92,0,0,27.6,72,30.2,1,274,0,1,1,22.1
2026-09-01T21:45:00+05:30,2026-09-01 21:45:00,23.5,24.3,21.9,0,0,18.3,274,0,0,0,0.3,0,1258.2,91,0,0,27.7,72,30.4,1,274,0,1,1,22.2
2026-09-01T21:40:00+05:30,2026-09-01 21:40:00,23.5,24.3,21.9,0,0,18.3,274,0,0,0,0.3,0,1258.2,91,0,0,27.7,72,30.4,1,274,0,1,1,22.2
2026-09-01T21:35:00+05:30,2026-09-01 21:35:00,23.7,24.5,22,0,0,18.3,273,0,0,0,0.3,0,1258.2,90,0,0,27.7,72,30.4,1,273,0,1,1,22.2
2026-09-01T21:30:00+05:30,2026-09-01 21:30:00,23.8,24.6,22,0,0,18.3,271,0,0,0,0.3,0,1258.2,90,0,0,27.8,71,30.4,1,271,0,1,1,22
2026-09-01T21:25:00+05:30,2026-09-01 21:25:00,23.8,24.6,22,0,0,18.3,271,0,0,0,0.3,0,1258.2,90,0,0,27.8,71,30.4,1,271,0,1,1,22
2026-09-01T21:20:00+05:30,2026-09-01 21:20:00,24,24.8,22.1,0,0,18.3,270,0,0,0,0.3,0,1258.2,89,0,0,27.8,71,30.4,1,270,0,1,1,22
2026-09-01T21:15:00+05:30,2026-09-01 21:15:00,24.2,25,22.3,0,0,18.3,268,0,0,0,0.3,0,1258.2,89,0,0,27.8,71,30.4,1,268,0,1,1,22
2026-09-01T21:10:00+05:30,2026-09-01 21:10:00,24.2,25,22.1,0,0,18.3,265,0,0,0,0.3,0,1258.2,88,0,0,27.8,71,30.4,1,265,0,1,1,22
2026-09-01T21:05:00+05:30,2026-09-01 21:05:00,24.4,25.2,22.1,0,0,18.3,261,0,0,0,0.3,0,1258.2,87,0,0,27.8,71,30.4,1,260,0,1,1,22
2026-09-01T21:00:00+05:30,2026-09-01 21:00:00,24.6,25.4,22.1,0,0,18.3,259,0,0,0,0.3,0,1258.2,86,0,0,27.9,71,30.6,1,259,0,1,1,22.1
2026-09-01T20:55:00+05:30,2026-09-01 20:55:00,24.8,25.5,21.9,0,0,18.3,259,0,0,0,0.3,0,1258.2,84,0,0,27.9,71,30.6,1,259,0,1,1,22.1
2026-09-01T20:50:00+05:30,2026-09-01 20:50:00,25.1,25.8,22,0,0,18.3,259,0,0,0,0.3,0,1258.2,83,0,0,27.9,71,30.6,1,259,0,1,1,22.1
2026-09-01T20:45:00+05:30,2026-09-01 20:45:00,25.3,26,22,0,0,18.3,259,0,0,0,0.3,0,1258.2,82,0,0,27.9,71,30.6,1,259,0,1,1,22.1
2026-09-01T20:40:00+05:30,2026-09-01 20:40:00,25.3,26,22,0,0,18.3,253,0,0,0,0.3,0,1258.2,82,0,0,28,71,30.8,1,291,0,1,1,22.2
2026-09-01T20:35:00+05:30,2026-09-01 20:35:00,25.4,26.1,21.9,4.3,5.5,18.3,290,0,0,0,0.3,0,1258.2,81,0,0,28,71,30.8,1,288,0,1,1,22.2
2026-09-01T20:30:00+05:30,2026-09-01 20:30:00,25.3,26,22,0,0,18.3,289,0,0,0,0.3,0,1258.2,82,0,0,28,71,30.8,1,289,0,1,1,22.2
2026-09-01T20:25:00+05:30,2026-09-01 20:25:00,25.4,26.1,22.1,0,7.2,18.3,289,0,0,0,0.3,0,1258.2,82,0,0,28,71,30.8,1,13,0,1,1,22.2
2026-09-01T20:20:00+05:30,2026-09-01 20:20:00,25.5,26.2,22.2,0,0,18.3,22,0,0,0,0.3,0,1258.2,82,0,0,28,71,30.8,1,117,0,1,1,22.2
2026-09-01T20:15:00+05:30,2026-09-01 20:15:00,25.6,26.4,22.3,0,0,18.3,111,0,0,0,0.3,0,1258.2,82,0,0,28,71,30.8,1,117,0,1,1,22.2
2026-09-01T20:10:00+05:30,2026-09-01 20:10:00,25.7,26.5,22.2,4,5.5,18.3,120,0,0,0,0.3,0,1258.2,81,0,0,28,71,30.8,1,287,0.3,1,1,22.2
2026-09-01T20:05:00+05:30,2026-09-01 20:05:00,25.7,26.5,22.2,3.5,3.5,18.3,287,0,0,0,0.3,0,1258.2,81,0,0,28.1,71,31,1,280,0,1,1,22.3
2026-09-01T20:00:00+05:30,2026-09-01 20:00:00,25.7,26.5,22.4,0,3.5,18.3,267,0,0,0,0.3,0,1258.2,82,0,0,28.1,71,31,1,267,0,1,1,22.3
2026-09-01T19:55:00+05:30,2026-09-01 19:55:00,25.8,26.5,22.3,0,0,18.3,266,0,0,0,0.3,0,1258.2,81,0,0,28.1,71,31,1,266,0,1,1,22.3
2026-09-01T19:50:00+05:30,2026-09-01 19:50:00,25.8,26.5,22.3,0,0,18.3,266,0,0,0,0.3,0,1258.2,81,0,0,28.1,70,30.9,1,266,0,1,1,22.1
2026-09-01T19:45:00+05:30,2026-09-01 19:45:00,25.8,26.5,22.3,0,0,18.3,266,0,0,0,0.3,0,1258.2,81,0,0,28.1,70,30.9,1,266,0,1,1,22.1
2026-09-01T19:40:00+05:30,2026-09-01 19:40:00,25.9,26.6,22.4,0,0,18.3,265,0,0,0,0.3,0,1258.2,81,0,0,28.1,70,30.9,1,296,0,1,1,22.1
2026-09-01T19:35:00+05:30,2026-09-01 19:35:00,25.9,26.6,22.4,0,0,18.3,297,0,0,0,0.3,0,1258.2,81,0,0,28.2,70,31.1,1,297,0,1,1,22.2
2026-09-01T19:30:00+05:30,2026-09-01 19:30:00,25.9,26.6,22.2,0,3.5,18.3,296,0,0,0,0.3,0,1258.2,80,0,0,28.2,70,31.1,1,278,1.1,1,1,22.2
2026-09-01T19:25:00+05:30,2026-09-01 19:25:00,26,26.7,22.1,0.3,7.2,18.3,279,0,0,0,0.3,0,1258.2,79,0,0,28.2,70,31.1,1,287,1.1,1,1,22.2
2026-09-01T19:20:00+05:30,2026-09-01 19:20:00,26.1,26.8,22.2,0,5.5,18.3,287,0,0,0,0.3,0,1258.2,79,0,0,28.3,70,31.2,1,282,4,1,1,22.3
2026-09-01T19:15:00+05:30,2026-09-01 19:15:00,26.1,26.8,22.2,0.3,9.3,18.3,272,0,0,0,0.3,0,1258.2,79,0,0,28.3,70,31.2,1,298,2.1,1,1,22.3
2026-09-01T19:10:00+05:30,2026-09-01 19:10:00,26.1,26.8,22.2,0,9.3,18.3,307,0,0,0,0.3,0,1258.2,79,0,0,28.3,70,31.2,1,298,1.4,1,1,22.3
2026-09-01T19:05:00+05:30,2026-09-01 19:05:00,26.2,27,22.3,0.3,5.5,18.3,240,0,0,0,0.3,0,1258.2,79,0,0,28.4,70,31.4,1,275,2.9,1,1,22.4
2026-09-01T19:00:00+05:30,2026-09-01 19:00:00,26.2,26.9,22.1,4,11.1,18.3,267,0,0,0,0.3,0,1258.2,78,0,0,28.4,70,31.4,1,283,4.3,1,1,22.4
2026-09-01T18:55:00+05:30,2026-09-01 18:55:00,26.3,27,22.1,0,7.2,18.3,277,0,0,0,0.3,0,1258.2,78,0,0,28.4,70,31.4,1,285,1.4,1,1,22.4
2026-09-01T18:50:00+05:30,2026-09-01 18:50:00,26.4,27.1,22,0.3,3.5,18.3,307,0,0,0,0.3,0,1258.2,77,0,0,28.5,71,31.8,1,288,1.1,1,1,22.7
2026-09-01T18:45:00+05:30,2026-09-01 18:45:00,26.4,27.1,22.2,1.1,9.3,18.3,283,0,0,0,0.3,0,1258.2,78,0,0,28.5,71,31.8,1,283,2.1,1,1,22.7
2026-09-01T18:40:00+05:30,2026-09-01 18:40:00,26.3,27,22.3,3.5,9.3,18.3,283,0,0,0,0.3,0,1258.2,79,0,0,28.6,71,32.1,1,279,1.8,1,1,22.8
2026-09-01T18:35:00+05:30,2026-09-01 18:35:00,26.4,27.2,22.7,0,0,18.3,284,0,0,0,0.3,0,1258.2,80,0,0,28.6,71,32.1,1,278,1.8,1,1,22.8
2026-09-01T18:30:00+05:30,2026-09-01 18:30:00,26.4,27.2,22.7,2.1,7.2,18.3,254,0,0,0,0.3,0,1258.2,80,0,0.1,28.7,71,32.3,1,258,2.9,1,1,22.9
2026-09-01T18:25:00+05:30,2026-09-01 18:25:00,26.5,27.3,22.8,3.5,11.1,18.3,280,0,0,0,0.3,0,1258.2,80,0,0.4,28.7,71,32.3,1,280,3.5,1,1,22.9
2026-09-01T18:20:00+05:30,2026-09-01 18:20:00,26.6,27.4,22.9,0.6,5.5,18.3,316,0,0,0,0.3,0,1258.2,80,0,1.8,28.8,71,32.4,1,289,2.9,1,1,23
2026-09-01T18:19:00+05:30,2026-09-01 18:19:00,26.6,27.4,22.9,2.9,7.2,18.3,284,0,0,0,0.3,0,1258.2,80,0,2.5,28.8,71,32.4,1,284,3.2,1,1,23
2026-09-01T18:10:00+05:30,2026-09-01 18:10:00,26.8,29.3,23,3.2,14.8,18.3,278,0,0,0,0.3,0,1258.2,80,0,12,28.9,71,32.7,1,282,2.9,1,1,23.1
2026-09-01T18:05:00+05:30,2026-09-01 18:05:00,26.9,29.5,23.1,2.9,9.3,18.3,352,0,0,0,0.3,0,1258.2,80,0,20.5,29,71,32.9,1,291,2.6,1,1,23.2
2026-09-01T18:00:00+05:30,2026-09-01 18:00:00,26.9,29.5,23.1,5.8,18.3,18.3,287,0,0,0,0.3,0,1258.2,80,0,30.8,29,70,32.7,1,279,3.5,1,1,22.9
2026-09-01T17:55:00+05:30,2026-09-01 17:55:00,27,29.7,23.2,3.5,11.1,18.3,284,0,0,0,0.3,0,1258.2,80,0,33.5,29,70,32.7,1,279,4.3,1,1,22.9
2026-09-01T17:50:00+05:30,2026-09-01 17:50:00,27.1,30,23.4,4,11.1,18.3,338,0,0,0,0.3,0,1258.2,80,0,34.7,29.1,70,32.9,1,285,2.6,1,1,23.1
2026-09-01T17:45:00+05:30,2026-09-01 17:45:00,27.3,30.3,23.3,1.8,3.5,18.3,272,0,0,0,0.3,0,1258.2,79,0,41.2,29.1,70,32.9,1,283,1.8,1,1,23.1
2026-09-01T17:40:00+05:30,2026-09-01 17:40:00,27.4,30.4,23.2,7.9,13,18.3,297,0,0,0,0.3,0,1258.2,78,0,49,29.2,70,33.2,1,315,3.5,1,1,23.2
2026-09-01T17:35:00+05:30,2026-09-01 17:35:00,27.6,30.9,23.4,0.6,9.3,18.3,307,0,0,0,0.3,0,1258.2,78,0,55.7,29.3,70,33.3,1,291,3.5,1,1,23.2
2026-09-01T17:30:00+05:30,2026-09-01 17:30:00,27.9,31.4,23.5,0.3,3.5,18.3,294,0,0,0,0.3,0,1258.2,77,0,63.4,29.3,70,33.3,1,294,3.5,1,1,23.2
2026-09-01T17:25:00+05:30,2026-09-01 17:25:00,27.9,31.4,23.5,6.1,9.3,18.3,284,0,0,0,0.3,0,1258.2,77,0,69.7,29.3,70,33.3,1,284,5,1,1,23.2
2026-09-01T17:20:00+05:30,2026-09-01 17:20:00,28.1,31.9,23.7,2.9,11.1,18.3,286,0,0,0,0.3,0,1258.2,77,0,70,29.4,70,33.6,1,278,5,1,1,23.3
2026-09-01T17:15:00+05:30,2026-09-01 17:15:00,28.2,32,23.6,2.1,11.1,18.3,310,0,0,0,0.3,0,1258.2,76,0,65.5,29.4,70,33.6,1,273,6.1,1,1,23.3
2026-09-01T17:10:00+05:30,2026-09-01 17:10:00,28.3,32.1,23.6,2.9,13,18.3,276,0,0,0,0.3,0,1258.2,76,0,83.5,29.4,70,33.6,1,273,4,1,1,23.3
2026-09-01T17:05:00+05:30,2026-09-01 17:05:00,29.4,34.5,24.3,2.1,14.8,18.3,282,0,0,0,0.3,0,1258.2,74,0,92,29.4,70,33.6,1,279,2.9,1,1,23.3
2026-09-01T17:00:00+05:30,2026-09-01 17:00:00,28.9,33,23.5,1.8,9.3,18.3,272,0,0,0,0.3,0,1258.2,73,0,94.3,29.3,70,33.3,1,285,5.5,1,1,23.2
2026-09-01T16:55:00+05:30,2026-09-01 16:55:00,29,33.3,23.7,1.4,5.5,18.3,292,0,0,0,0.3,0,1258.2,73,1,132.3,29.3,70,33.3,1,283,5.5,1,1,23.2
2026-09-01T16:50:00+05:30,2026-09-01 16:50:00,29.3,34,23.9,5,18.3,18.3,235,0,0,0,0.3,0,1258.2,73,1,128,29.4,70,33.6,1,285,4.7,1,1,23.3
2026-09-01T16:45:00+05:30,2026-09-01 16:45:00,29.3,33.8,23.7,2.1,3.5,11.1,293,0,0,0,0.3,0,1258.2,72,1,128.6,29.4,70,33.6,1,275,5.8,1,1,23.3
2026-09-01T16:35:00+05:30,2026-09-01 16:35:00,29.6,34.6,24,3.2,9.3,21.9,270,0,0,0,0.3,0,1258.2,72,1,157.5,29.4,69,33.4,1,293,4,1,1,23.1
2026-09-01T16:30:00+05:30,2026-09-01 16:30:00,29.8,34.5,23.7,6.9,7.2,21.9,273,0,0,0,0.3,0,1258.2,70,0,75,29.5,69,33.7,1,292,5,1,1,23.2
2026-09-01T16:26:00+05:30,2026-09-01 16:26:00,29.3,33.8,23.7,5,9.3,21.9,338,0,0,0,0.3,0,1258.2,72,1,190.2,29.5,69,33.7,1,288,6.4,1,1,23.2
2026-09-01T16:20:00+05:30,2026-09-01 16:20:00,29.4,34,23.8,11.1,14.8,21.9,288,0,0,0,0.3,0,1258.2,72,1,202,29.5,69,33.7,1,279,7.2,1,1,23.2
2026-09-01T16:15:00+05:30,2026-09-01 16:15:00,29.7,34.6,23.9,7.9,16.6,21.9,322,0,0,0,0.3,0,1258.2,71,2,219.8,29.5,69,33.7,1,281,7.6,1,1,23.2
2026-09-01T16:10:00+05:30,2026-09-01 16:10:00,29.3,33.5,23.5,5.5,11.1,21.9,286,0,0,0,0.3,0,1258.2,71,2,243.9,29.5,69,33.7,1,267,7.6,1,1,23.2
2026-09-01T16:05:00+05:30,2026-09-01 16:05:00,29.8,34.5,23.7,8.7,13,21.9,268,0,0,0,0.3,0,1258.2,70,2,251.9,29.6,70,34.1,1,265,7.9,1,1,23.6
2026-09-01T16:00:00+05:30,2026-09-01 16:00:00,29.6,34.3,23.8,10.1,14.8,21.9,287,0,0,0,0.3,0,1258.2,71,2,265.1,29.6,70,34.1,1,285,9,1,1,23.6
2026-09-01T15:55:00+05:30,2026-09-01 15:55:00,29.9,35,24,7.2,16.6,21.9,275,0,0,0,0.3,0,1258.2,71,2,282,29.6,70,34.1,1,289,7.2,1,1,23.6
2026-09-01T15:50:00+05:30,2026-09-01 15:50:00,30.3,35.7,24.2,2.1,14.8,21.9,332,0,0,0,0.3,0,1258.2,70,3,312.7,29.6,70,34.1,1,298,4.7,1,1,23.6
2026-09-01T15:45:00+05:30,2026-09-01 15:45:00,29.9,35,24,4.7,13,21.9,255,0,0,0,0.3,0,1258.2,71,3,320.3,29.6,70,34.1,1,285,5.8,1,1,23.6
2026-09-01T15:40:00+05:30,2026-09-01 15:40:00,30.3,35.7,24.2,6.1,14.8,21.9,279,0,0,0,0.3,0,1258.2,70,1,126.8,29.6,70,34.1,1,289,6.1,1,1,23.6
2026-09-01T15:35:00+05:30,2026-09-01 15:35:00,30.2,35.6,24.1,6.9,16.6,21.9,301,0,0,0,0.3,0,1258.2,70,3,359.8,29.6,70,34.1,1,287,5.5,1,1,23.6
2026-09-01T15:30:00+05:30,2026-09-01 15:30:00,30.7,36.3,24.1,10.5,16.6,21.9,319,0,0,0,0.3,0,1258.2,68,1,103.1,29.6,70,34.1,1,298,5,1,1,23.6
2026-09-01T15:25:00+05:30,2026-09-01 15:25:00,30.5,36,24.2,12.2,14.8,21.9,269,0,0,0,0.3,0,1258.2,69,4,439.5,29.6,70,34.1,1,330,3.5,1,1,23.6
2026-09-01T15:20:00+05:30,2026-09-01 15:20:00,31.2,37.3,24.3,11.1,14.8,21.9,298,0,0,0,0.3,0,1258.2,67,3,403,29.6,70,34.1,1,273,5.8,1,1,23.6
2026-09-01T15:15:00+05:30,2026-09-01 15:15:00,30.5,36,24.2,5.8,13,21.9,330,0,0,0,0.3,0,1258.2,69,4,443.9,29.6,69,33.9,1,280,6.9,1,1,23.3
2026-09-01T15:10:00+05:30,2026-09-01 15:10:00,30.8,36.4,24.2,7.6,16.6,21.9,283,0,0,0,0.3,0,1258.2,68,4,435.4,29.6,69,33.9,1,283,7.6,1,1,23.3
2026-09-01T15:05:00+05:30,2026-09-01 15:05:00,30.4,35.5,23.8,4.3,13,21.9,278,0,0,0,0.3,0,1258.2,68,4,454.9,29.6,69,33.9,1,278,5.5,1,1,23.3
2026-09-01T15:00:00+05:30,2026-09-01 15:00:00,31.5,38.3,24.9,1.4,16.6,21.9,213,0,0,0,0.3,0,1258.2,68,4,478.5,29.5,70,33.8,1,294,4,1,1,23.4
2026-09-01T14:55:00+05:30,2026-09-01 14:55:00,30.6,36,24,4.3,13,21.9,286,0,0,0,0.3,0,1258.2,68,4,415.1,29.5,69,33.7,1,293,4,1,1,23.2
2026-09-01T14:50:00+05:30,2026-09-01 14:50:00,30.8,36.2,23.9,3.5,9.3,21.9,319,0,0,0,0.3,0,1258.2,67,4,473.8,29.5,69,33.7,1,284,6.4,1,1,23.2
2026-09-01T14:45:00+05:30,2026-09-01 14:45:00,30.1,35.1,23.8,2.6,9.3,21.9,261,0,0,0,0.3,0,1258.2,69,4,509.8,29.6,69,33.9,1,279,7.2,1,1,23.3
2026-09-01T14:40:00+05:30,2026-09-01 14:40:00,30.3,35.5,23.9,3.5,5.5,21.9,263,0,0,0,0.3,0,1258.2,69,5,547.1,29.5,70,33.8,1,280,7.2,1,1,23.4
2026-09-01T14:35:00+05:30,2026-09-01 14:35:00,30.4,35.7,24,7.2,11.1,21.9,302,0,0,0,0.3,0,1258.2,69,5,578.7,29.5,70,33.8,1,302,7.9,1,1,23.4
2026-09-01T14:31:00+05:30,2026-09-01 14:31:00,30.6,36,24,13.7,18.3,21.9,251,0,0,0,0.3,0,1258.2,68,6,619.4,29.5,69,33.7,1,286,7.9,1,1,23.2
2026-09-01T14:25:00+05:30,2026-09-01 14:25:00,30.9,36.7,24.3,8.7,13,21.9,321,0,0,0,0.3,0,1258.2,68,5,615.5,29.5,69,33.7,1,274,5.8,1,1,23.2
2026-09-01T14:20:00+05:30,2026-09-01 14:20:00,30,34.8,23.7,5.8,14.8,21.9,281,0,0,0,0.3,0,1258.2,69,5,589.4,29.5,69,33.7,1,280,9,1,1,23.2
2026-09-01T14:15:00+05:30,2026-09-01 14:15:00,30.4,35.7,24,5.5,9.3,21.9,285,0,0,0,0.3,0,1258.2,69,1,147,29.5,69,33.7,1,285,6.4,1,1,23.2
2026-09-01T14:10:00+05:30,2026-09-01 14:10:00,30.5,36,24.2,6.4,11.1,21.9,287,0,0,0,0.3,0,1258.2,69,6,683.8,29.5,69,33.7,1,287,4.7,1,1,23.2
2026-09-01T14:05:00+05:30,2026-09-01 14:05:00,31.4,37.4,24.3,5.5,7.2,21.9,292,0,0,0,0.3,0,1258.2,66,5,545.6,29.5,70,33.8,1,292,3.5,1,1,23.4
2026-09-01T14:02:00+05:30,2026-09-01 14:02:00,31.2,36.7,23.8,0,5.5,21.9,315,0,0,0,0.3,0,1258.2,65,6,615.8,29.5,70,33.8,1,308,4,1,1,23.4
2026-09-01T13:56:00+05:30,2026-09-01 13:56:00,30.4,36,24.3,1.8,13,21.9,305,0,0,0,0.3,0,1258.2,70,6,690.5,29.6,69,33.9,1,257,5.5,1,1,23.3
2026-09-01T13:50:00+05:30,2026-09-01 13:50:00,31.4,37.7,24.5,4.7,16.6,21.9,290,0,0,0,0.3,0,1258.2,67,2,214.3,29.7,69,34.2,1,279,4.7,1,1,23.4
2026-09-01T13:45:00+05:30,2026-09-01 13:45:00,32,38.3,24.3,3.2,9.3,21.9,241,0,0,0,0.3,0,1258.2,64,2,268.6,29.8,68,34.1,1,241,3.5,1,1,23.2
2026-09-01T13:40:00+05:30,2026-09-01 13:40:00,31.7,38.3,24.6,4,13,21.9,267,0,0,0,0.3,0,1258.2,66,7,724.9,29.8,69,34.3,1,267,4,1,1,23.4
2026-09-01T13:35:00+05:30,2026-09-01 13:35:00,31,36.4,23.9,4.3,13,21.9,249,0,0,0,0.3,0,1258.2,66,6,715.6,29.8,68,34.1,1,316,4.7,1,1,23.2
2026-09-01T13:30:00+05:30,2026-09-01 13:30:00,30.8,35.9,23.7,7.2,11.1,21.9,313,0,0,0,0.3,0,1258.2,66,2,261.9,29.8,68,34.1,1,284,6.4,1,1,23.2
2026-09-01T13:25:00+05:30,2026-09-01 13:25:00,31.6,37.1,23.7,6.4,14.8,21.9,293,0,0,0,0.3,0,1258.2,63,7,770.8,29.8,68,34.1,1,284,6.1,1,1,23.2
2026-09-01T13:20:00+05:30,2026-09-01 13:20:00,30.8,35.4,23.2,2.9,13,21.9,279,0,0,0,0.3,0,1258.2,64,7,722,29.7,68,33.9,1,279,6.1,1,1,23.2
2026-09-01T13:15:00+05:30,2026-09-01 13:15:00,31,35.6,23.1,7.2,18.3,20.1,50,0,0,0,0.3,0,1258.2,63,7,721.9,29.6,67,33.4,1,283,6.1,1,1,22.8
2026-09-01T13:10:00+05:30,2026-09-01 13:10:00,30.8,35.4,23.2,1.4,7.2,20.1,329,0,0,0,0.3,0,1258.2,64,7,796.5,29.6,68,33.7,1,289,7.6,1,1,23.1
2026-09-01T13:05:00+05:30,2026-09-01 13:05:00,30.8,35.6,23.4,7.9,13,20.1,292,0,0,0,0.3,0,1258.2,65,7,758.6,29.6,69,33.9,1,292,7.9,1,1,23.3
2026-09-01T13:00:00+05:30,2026-09-01 13:00:00,30.8,35.6,23.4,8.7,11.1,20.1,273,0,0,0,0.3,0,1258.2,65,7,786,29.5,69,33.7,1,295,8.7,1,1,23.2
2026-09-01T12:55:00+05:30,2026-09-01 12:55:00,30.8,35.9,23.7,0,20.1,20.1,270,0,0,0,0.3,0,1258.2,66,7,811.9,29.4,70,33.6,1,273,4.7,1,1,23.3
2026-09-01T12:50:00+05:30,2026-09-01 12:50:00,31.3,36.5,23.6,6.9,14.8,20.1,266,0,0,0,0.3,0,1258.2,64,7,813.4,29.3,70,33.3,1,287,7.2,1,1,23.2
2026-09-01T12:46:00+05:30,2026-09-01 12:46:00,30.2,34.6,23.1,4.7,11.1,20.1,314,0,0,0,0.3,0,1258.2,66,7,807.1,29.3,69,33.2,1,282,7.6,1,1,23
2026-09-01T12:40:00+05:30,2026-09-01 12:40:00,30.1,34.8,23.5,4,13,18.3,281,0,0,0,0.3,0,1258.2,68,7,816.5,29.3,70,33.3,1,281,5.5,1,1,23.2
2026-09-01T12:30:00+05:30,2026-09-01 12:30:00,29.9,34.5,23.6,7.9,11.1,18.3,262,0,0,0,0.3,0,1258.2,69,7,812.2,29.2,70,33.2,1,288,4,1,1,23.2
2026-09-01T12:25:00+05:30,2026-09-01 12:25:00,30.1,34.8,23.5,2.1,7.2,18.3,314,0,0,0,0.3,0,1258.2,68,2,216.2,29.1,70,32.9,1,285,5.5,1,1,23.1
2026-09-01T12:20:00+05:30,2026-09-01 12:20:00,30.4,35.2,23.6,7.2,14.8,18.3,311,0,0,0,0.3,0,1258.2,67,2,213.5,29.1,70,32.9,1,285,7.2,1,1,23.1
2026-09-01T12:17:00+05:30,2026-09-01 12:17:00,30.6,35.2,23.3,9.3,14.8,18.3,284,0,0,0,0.3,0,1258.2,65,8,876.2,29.1,70,32.9,1,284,6.1,1,1,23.1
2026-09-01T12:05:00+05:30,2026-09-01 12:05:00,31.1,36.4,23.7,11.1,13,18.3,253,0,0,0,0.3,0,1258.2,65,7,814.5,28.8,71,32.4,1,282,2.1,1,1,23
2026-09-01T12:00:00+05:30,2026-09-01 12:00:00,31.1,36.7,24,0,14.8,18.3,200,0,0,0,0.3,0,1258.2,66,8,842.3,28.8,72,32.6,1,261,1.1,1,1,23.2
2026-09-01T11:55:00+05:30,2026-09-01 11:55:00,30.3,34.7,23.2,3.2,5.5,18.3,270,0,0,0,0.3,0,1258.2,66,3,362.5,28.6,72,32.2,1,291,0.6,1,1,23.1
2026-09-01T11:50:00+05:30,2026-09-01 11:50:00,30.3,35.2,23.7,0,0,18.3,291,0,0,0,0.3,0,1258.2,68,1,200.6,28.6,72,32.2,1,291,0.3,1,1,23.1
2026-09-01T11:45:00+05:30,2026-09-01 11:45:00,30.5,35.2,23.4,0,11.1,18.3,292,0,0,0,0.3,0,1258.2,66,1,204,28.6,72,32.2,1,289,0.3,1,1,23.1
2026-09-01T11:40:00+05:30,2026-09-01 11:40:00,31.2,36.7,23.8,4,9.3,18.3,298,0,0,0,0.3,0,1258.2,65,2,261.1,28.5,72,32,1,289,2.1,1,1,22.9
2026-09-01T11:35:00+05:30,2026-09-01 11:35:00,30.7,36.3,24.1,0,7.2,18.3,289,0,0,0,0.3,0,1258.2,68,2,249.9,28.5,72,32,1,289,2.6,1,1,22.9
2026-09-01T11:30:00+05:30,2026-09-01 11:30:00,30.5,35.5,23.7,5.8,11.1,18.3,290,0,0,0,0.3,0,1258.2,67,8,879.5,28.4,72,31.7,1,290,4,1,1,22.8
2026-09-01T11:25:00+05:30,2026-09-01 11:25:00,30.1,34.6,23.3,3.2,9.3,18.3,286,0,0,0,0.3,0,1258.2,67,8,845.2,28.3,72,31.5,1,315,5.5,1,1,22.7
2026-09-01T11:20:00+05:30,2026-09-01 11:20:00,29.3,33.1,23,2.1,5.5,18.3,173,0,0,0,0.3,0,1258.2,69,8,831.9,28.2,73,31.6,1,289,3.5,1,1,22.9
2026-09-01T11:15:00+05:30,2026-09-01 11:15:00,30.8,36.2,23.9,9.3,16.6,16.6,314,0,0,0,0.3,0,1258.2,67,3,331.7,28.1,73,31.3,1,278,0.3,1,1,22.8
2026-09-01T11:10:00+05:30,2026-09-01 11:10:00,30.8,36.2,23.9,1.1,3.5,16.6,298,0,0,0,0.3,0,1258.2,67,8,890.3,28,73,31.1,1,298,0,1,1,22.7
2026-09-01T11:06:00+05:30,2026-09-01 11:06:00,30.6,35.5,23.5,0.3,1.8,16.6,276,0,0,0,0.3,0,1258.2,66,4,466.7,28,73,31.1,1,276,0.3,1,1,22.7
2026-09-01T11:00:00+05:30,2026-09-01 11:00:00,29.8,34.3,23.5,0,1.8,16.6,292,0,0,0,0.3,0,1258.2,69,8,869.6,27.8,73,30.6,1,292,2.1,1,1,22.5
2026-09-01T10:55:00+05:30,2026-09-01 10:55:00,29.3,33.3,23.2,1.4,7.2,16.6,220,0,0,0,0.3,0,1258.2,70,8,837.2,27.8,74,30.7,1,267,2.1,1,1,22.7
2026-09-01T10:50:00+05:30,2026-09-01 10:50:00,29.7,34.1,23.4,2.1,3.5,16.6,190,0,0,0,0.3,0,1258.2,69,2,214.6,27.7,74,30.6,1,267,1.8,1,1,22.7
2026-09-01T10:45:00+05:30,2026-09-01 10:45:00,29.8,34.5,23.7,1.1,13,16.6,271,0,0,0,0.3,0,1258.2,70,8,872.8,27.6,73,30.3,1,246,1.1,1,1,22.3
2026-09-01T10:40:00+05:30,2026-09-01 10:40:00,29.5,33.6,23.2,1.4,3.5,16.6,292,0,0,0,0.3,0,1258.2,69,7,729.6,27.5,74,30.2,1,310,1.4,1,1,22.4
2026-09-01T10:35:00+05:30,2026-09-01 10:35:00,28.8,32.6,23.2,2.6,3.5,16.6,241,0,0,0,0.3,0,1258.2,72,5,530.9,27.5,74,30.2,1,311,1.4,1,1,22.4
2026-09-01T10:30:00+05:30,2026-09-01 10:30:00,29.3,33.8,23.7,1.1,5.5,16.6,143,0,0,0,0.3,0,1258.2,72,1,185.5,27.4,75,30.1,1,314,1.1,1,1,22.6
2026-09-01T10:25:00+05:30,2026-09-01 10:25:00,28.9,33,23.5,0,1.8,16.6,78,0,0,0,0.3,0,1258.2,73,8,821.1,27.3,75,29.8,1,78,1.4,1,1,22.4
2026-09-01T10:20:00+05:30,2026-09-01 10:20:00,28.6,32.2,23.1,1.4,3.5,16.6,8,0,0,0,0.3,0,1258.2,72,5,538.3,27.3,75,29.8,1,315,1.8,1,1,22.4
2026-09-01T10:15:00+05:30,2026-09-01 10:15:00,28.8,33,23.7,1.4,3.5,16.6,261,0,0,0,0.3,0,1258.2,74,3,312.9,27.2,75,29.7,1,294,1.8,1,1,22.4
2026-09-01T10:10:00+05:30,2026-09-01 10:10:00,27.8,31,23.1,0,1.8,16.6,317,0,0,0,0.3,0,1258.2,76,8,843,27.1,75,29.5,1,284,4.3,1,1,22.3
2026-09-01T10:05:00+05:30,2026-09-01 10:05:00,27.2,30,23,2.6,7.2,16.6,291,0,0,0,0.3,0,1258.2,78,2,287.9,27.1,75,29.5,1,284,5.5,1,1,22.3
2026-09-01T10:00:00+05:30,2026-09-01 10:00:00,27.3,30,22.9,13.4,14.8,16.6,275,0,0,0,0.3,0,1258.2,77,2,237,27,75,29.3,1,275,4.7,1,1,22.2
2026-09-01T09:55:00+05:30,2026-09-01 09:55:00,27.7,30.8,22.9,6.9,9.3,16.6,266,0,0,0,0.3,0,1258.2,75,1,165.8,27,75,29.3,1,338,2.6,1,1,22.2
2026-09-01T09:50:00+05:30,2026-09-01 09:50:00,28.9,33,23.5,9,13,16.6,288,0,0,0,0.3,0,1258.2,73,2,245.8,26.9,75,29.1,1,230,1.4,1,1,22.1
2026-09-01T09:45:00+05:30,2026-09-01 09:45:00,28.5,32.3,23.4,3.5,5.5,16.6,266,0,0,0,0.3,0,1258.2,74,6,717.2,26.8,75,28.8,1,208,1.4,1,1,21.9
2026-09-01T09:40:00+05:30,2026-09-01 09:40:00,28.2,31.9,23.4,2.1,7.2,16.6,255,0,0,0,0.3,0,1258.2,75,6,620,26.8,75,28.8,1,282,1.4,1,1,21.9
2026-09-01T09:35:00+05:30,2026-09-01 09:35:00,27.8,31.1,23.4,1.4,5.5,16.6,327,0,0,0,0.3,0,1258.2,77,3,320.5,26.7,75,28.8,1,282,1.8,1,1,21.9
2026-09-01T09:30:00+05:30,2026-09-01 09:30:00,27.4,30.3,23,5.5,9.3,16.6,314,0,0,0,0.3,0,1258.2,77,2,284.2,26.7,75,28.8,1,280,2.9,1,1,21.9
2026-09-01T09:25:00+05:30,2026-09-01 09:25:00,27.2,30,23,0.6,1.8,16.6,276,0,0,0,0.3,0,1258.2,78,3,354.9,26.6,75,27.3,1,271,2.1,1,1,21.8
2026-09-01T09:20:00+05:30,2026-09-01 09:20:00,26.9,29.4,22.9,0.3,11.1,13,172,0,0,0,0.3,0,1258.2,79,4,432.9,26.6,75,27.3,1,282,2.1,1,1,21.8
2026-09-01T09:15:00+05:30,2026-09-01 09:15:00,26.8,29.2,22.8,1.8,9.3,13,270,0,0,0,0.3,0,1258.2,79,1,205.1,26.6,75,27.3,1,276,4.7,1,1,21.8
2026-09-01T09:10:00+05:30,2026-09-01 09:10:00,26.8,29.1,22.6,8.7,9.3,13,280,0,0,0,0.3,0,1258.2,78,1,120.6,26.5,75,27.2,1,284,5.5,1,1,21.7
2026-09-01T09:06:00+05:30,2026-09-01 09:06:00,27,29.5,22.6,4.7,7.2,13,290,0,0,0,0.3,0,1258.2,77,0,92.1,26.5,75,27.2,1,283,2.9,1,1,21.7
2026-09-01T09:00:00+05:30,2026-09-01 09:00:00,27.8,30.9,22.9,1.4,5.5,9.3,283,0,0,0,0.3,0,1258.2,75,0,96.2,26.4,75,27.1,1,172,1.4,1,1,21.6
2026-09-01T08:55:00+05:30,2026-09-01 08:55:00,27.9,31,22.8,0,5.5,9.3,298,0,0,0,0.3,0,1258.2,74,1,175.2,26.4,75,27.1,1,298,1.4,1,1,21.6
2026-09-01T08:51:00+05:30,2026-09-01 08:51:00,27.9,30.8,22.6,0.3,3.5,9.3,254,0,0,0,0.3,0,1258.2,73,1,194.6,26.3,75,26.9,1,295,2.1,1,1,21.5
2026-09-01T08:45:00+05:30,2026-09-01 08:45:00,28.1,31.2,22.6,6.4,7.2,7.2,279,0,0,0,0.3,0,1258.2,72,3,332.4,26.2,75,26.8,1,279,2.1,1,1,21.4
2026-09-01T08:40:00+05:30,2026-09-01 08:40:00,28,31.1,22.7,1.1,5.5,7.2,274,0,0,0,0.3,0,1258.2,73,4,416.1,26.2,76,26.9,1,43,0,1,1,21.7
2026-09-01T08:35:00+05:30,2026-09-01 08:35:00,28.7,32.3,22.9,1.4,3.5,3.5,348,0,0,0,0.3,0,1258.2,71,3,368,26.2,76,26.9,1,43,0,1,1,21.7
2026-09-01T08:30:00+05:30,2026-09-01 08:30:00,28.8,32.6,23.2,0,0,1.8,46,0,0,0,0.3,0,1258.2,72,3,356.4,26.1,76,26.8,1,46,0,1,1,21.6
2026-09-01T08:25:00+05:30,2026-09-01 08:25:00,28.4,31.6,22.6,0,0,1.8,46,0,0,0,0.3,0,1258.2,71,3,338.5,26.1,76,26.8,1,46,0,1,1,21.6
2026-09-01T08:20:00+05:30,2026-09-01 08:20:00,28.1,31.2,22.6,0,1.8,1.8,47,0,0,0,0.3,0,1258.2,72,3,316.9,26.1,76,26.8,1,0,0,1,1,21.6
2026-09-01T08:15:00+05:30,2026-09-01 08:15:00,27.4,30.2,22.8,0,1.8,1.8,0,0,0,0,0.3,0,1258.2,76,2,299.5,26,76,26.7,1,0,0,1,1,21.4
2026-09-01T08:10:00+05:30,2026-09-01 08:10:00,27.6,30.4,22.5,0,0,1.8,0,0,0,0,0.3,0,1258.2,74,2,291.2,26,76,26.7,1,0,0,1,1,21.4
2026-09-01T08:05:00+05:30,2026-09-01 08:05:00,27.2,29.7,22.4,0,0,1.8,0,0,0,0,0.3,0,1258.2,75,2,271.1,26,76,26.7,1,0,0,1,1,21.4
2026-09-01T08:00:00+05:30,2026-09-01 08:00:00,27.1,29.6,22.5,0,0,1.8,0,0,0,0,0.3,0,1258.2,76,1,120.7,26,76,26.7,1,0,0,1,1,21.4
2026-09-01T07:55:00+05:30,2026-09-01 07:55:00,26.2,26.9,22.1,0,0,0,0,0,0,0,0.3,0,1258.2,78,1,136.7,25.9,76,26.5,1,0,0,1,1,21.3
2026-09-01T07:50:00+05:30,2026-09-01 07:50:00,25.3,26,22,0,0,0,0,0,0,0,0.3,0,1258.2,82,2,223.1,25.9,76,26.5,1,0,0,1,1,21.3
2026-09-01T07:45:00+05:30,2026-09-01 07:45:00,24.9,25.6,22,0,0,0,1,0,0,0,0.3,0,1258.2,84,2,210.4,25.9,76,26.5,1,1,0,1,1,21.3
2026-09-01T07:40:00+05:30,2026-09-01 07:40:00,24.3,25,21.6,0,0,0,1,0,0,0,0.3,0,1258.2,85,1,178.3,25.9,76,26.5,1,1,0,1,1,21.3
2026-09-01T07:35:00+05:30,2026-09-01 07:35:00,24.2,25,21.9,0,0,0,1,0,0,0,0.3,0,1258.2,87,0,53.5,25.9,76,26.5,1,1,0,1,1,21.3
2026-09-01T07:30:00+05:30,2026-09-01 07:30:00,24.3,25.1,22.2,0,0,0,1,0,0,0,0.3,0,1258.2,88,0,48,25.8,76,26.4,1,1,0,1,1,21.2
2026-09-01T07:25:00+05:30,2026-09-01 07:25:00,23.9,24.7,22.1,0,0,0,1,0,0,0,0.3,0,1258.2,90,0,45.5,25.8,76,26.4,1,1,0,1,1,21.2
2026-09-01T07:20:00+05:30,2026-09-01 07:20:00,23.3,24,21.7,0,0,0,1,0,0,0,0.3,0,1258.2,91,0,50.3,25.9,76,26.5,1,1,0,1,1,21.3
2026-09-01T07:15:00+05:30,2026-09-01 07:15:00,23.4,24.1,21.7,0,0,0,1,0,0,0,0.3,0,1258.2,90,0,41.4,25.8,76,26.4,1,1,0,1,1,21.2
2026-09-01T07:10:00+05:30,2026-09-01 07:10:00,23.2,24,21.7,0,0,0,1,0,0,0,0.3,0,1258.2,91,0,68.3,25.9,76,26.5,1,1,0,1,1,21.3
2026-09-01T07:05:00+05:30,2026-09-01 07:05:00,22.3,23,21.4,0,0,0,1,0,0,0,0.3,0,1258.2,95,0,99.7,25.8,76,26.4,1,1,0,1,1,21.2
2026-09-01T07:00:00+05:30,2026-09-01 07:00:00,21.8,22.5,21.3,0,0,0,1,0,0,0,0.3,0,1258.2,97,0,53.2,25.8,76,26.4,1,1,0,1,1,21.2
2026-09-01T06:55:00+05:30,2026-09-01 06:55:00,21.7,22.5,21.2,0,0,0,1,0,0,0,0.3,0,1258.2,97,0,30.5,25.8,76,26.4,1,1,0,1,1,21.2
2026-09-01T06:50:00+05:30,2026-09-01 06:50:00,21.6,22.4,21.3,0,0,0,1,0,0,0,0.3,0,1258.2,98,0,31.6,25.8,76,26.4,1,1,0,1,1,21.2
2026-09-01T06:45:00+05:30,2026-09-01 06:45:00,21.5,22.3,21.2,0,0,0,1,0,0,0,0.3,0,1258.2,98,0,43.6,25.8,76,26.4,1,1,0,1,1,21.2
2026-09-01T06:40:00+05:30,2026-09-01 06:40:00,21.3,22,20.9,0,0,0,1,0,0,0,0.3,0,1258.2,98,0,29.9,25.8,76,26.4,1,5,0,1,1,21.2
2026-09-01T06:35:00+05:30,2026-09-01 06:35:00,21.2,22,20.9,0,0,0,9,0,0,0,0.3,0,1258.2,98,0,31,25.8,76,26.4,1,5,0,1,1,21.2
2026-09-01T06:30:00+05:30,2026-09-01 06:30:00,21.2,22,20.9,0,0,0,5,0,0,0,0.3,0,1258.2,98,0,22.7,25.8,76,26.4,1,5,0,1,1,21.2
2026-09-01T06:25:00+05:30,2026-09-01 06:25:00,21.2,22,20.9,0,0,0,3,0,0,0,0.3,0,1258.2,98,0,17.5,25.8,76,26.4,1,3,0,1,1,21.2
2026-09-01T06:20:00+05:30,2026-09-01 06:20:00,21.1,21.9,20.9,0,0,0,2,0,0,0,0.3,0,1258.2,99,0,14.6,25.8,76,26.4,1,2,0,1,1,21.2
2026-09-01T06:17:00+05:30,2026-09-01 06:17:00,21.1,21.9,20.9,0,0,0,2,0,0,0,0.3,0,1258.2,99,0,12.1,25.9,76,26.5,1,2,0,1,1,21.3
2026-09-01T06:00:00+05:30,2026-09-01 06:00:00,21.1,21.9,20.9,0,0,0,5,0,0,0,0.3,0,1258.2,99,0,2.3,25.9,76,26.5,1,333,0,1,1,21.3
2026-09-01T05:55:00+05:30,2026-09-01 05:55:00,21.1,21.9,20.9,0,0,0,333,0,0,0,0.3,0,1258.2,99,0,0.9,25.9,76,26.5,1,333,0,1,1,21.3
2026-09-01T05:50:00+05:30,2026-09-01 05:50:00,21.1,21.9,20.9,0,0,0,342,0,0,0,0.3,0,1258.2,99,0,0.3,25.9,76,26.5,1,342,0,1,1,21.3
2026-09-01T05:45:00+05:30,2026-09-01 05:45:00,21.2,22,21.1,0,0,0,334,0,0,0,0.3,0,1258.2,99,0,0.1,26,76,26.7,1,2,0,1,1,21.4
2026-09-01T05:40:00+05:30,2026-09-01 05:40:00,21.2,22,21.1,0,0,0,2,0,0,0,0.3,0,1258.2,99,0,0,26,76,26.7,1,2,0,1,1,21.4
2026-09-01T05:35:00+05:30,2026-09-01 05:35:00,21.2,22,21.1,0,0,0,2,0,0,0,0.3,0,1258.2,99,0,0,26,76,26.7,1,2,0,1,1,21.4
2026-09-01T05:30:00+05:30,2026-09-01 05:30:00,21.2,22,21.1,0,0,0,2,0,0,0,0.3,0,1258.2,99,0,0,26,76,26.7,1,2,0,1,1,21.4
2026-09-01T05:25:00+05:30,2026-09-01 05:25:00,21.3,22,21.1,0,0,0,2,0,0,0,0.3,0,1258.2,99,0,0,26,76,26.7,1,2,0,1,1,21.4
2026-09-01T05:20:00+05:30,2026-09-01 05:20:00,21.3,22,21.1,0,0,0,2,0,0,0,0.3,0,1258.2,99,0,0,26,76,26.7,1,2,0,1,1,21.4
2026-09-01T05:15:00+05:30,2026-09-01 05:15:00,21.2,22,21.1,0,0,0,4,0,0,0,0.3,0,1258.2,99,0,0,26,76,26.7,1,4,0,1,1,21.4
2026-09-01T05:10:00+05:30,2026-09-01 05:10:00,21.3,22,21.1,0,0,0,3,0,0,0,0.3,0,1258.2,99,0,0,26.1,76,26.8,1,3,0,1,1,21.6
2026-09-01T05:05:00+05:30,2026-09-01 05:05:00,21.2,22,21.1,0,0,0,3,0,0,0,0.3,0,1258.2,99,0,0,26.1,76,26.8,1,3,0,1,1,21.6
2026-09-01T05:00:00+05:30,2026-09-01 05:00:00,21.3,22,21.1,0,0,0,3,0,0,0,0.3,0,1258.2,99,0,0,26.1,76,26.8,1,3,0,1,1,21.6
2026-09-01T04:55:00+05:30,2026-09-01 04:55:00,21.3,22,21.1,0,0,0,3,0,0,0,0.3,0,1258.2,99,0,0,26.1,76,26.8,1,3,0,1,1,21.6
2026-09-01T04:50:00+05:30,2026-09-01 04:50:00,21.4,22.2,21.2,0,0,0,3,0,0,0,0.3,0,1258.2,99,0,0,26.1,76,26.8,1,3,0,1,1,21.6
2026-09-01T04:45:00+05:30,2026-09-01 04:45:00,21.4,22.2,21.2,0,0,0,3,0,0,0,0.3,0,1258.2,99,0,0,26.1,76,26.8,1,3,0,1,1,21.6
2026-09-01T04:40:00+05:30,2026-09-01 04:40:00,21.5,22.3,21.3,0,0,0,3,0,0,0,0.3,0,1258.2,99,0,0,26.2,76,26.9,1,3,0,1,1,21.7
2026-09-01T04:35:00+05:30,2026-09-01 04:35:00,21.4,22.2,21.2,0,0,0,3,0,0,0,0.3,0,1258.2,99,0,0,26.2,76,26.9,1,3,0,1,1,21.7
2026-09-01T04:30:00+05:30,2026-09-01 04:30:00,21.5,22.3,21.2,0,0,0,3,0,0,0,0.3,0,1258.2,98,0,0,26.2,76,26.9,1,3,0,1,1,21.7
2026-09-01T04:25:00+05:30,2026-09-01 04:25:00,21.5,22.3,21.2,0,0,0,3,0,0,0,0.3,0,1258.2,98,0,0,26.2,76,26.9,1,3,0,1,1,21.7
2026-09-01T04:20:00+05:30,2026-09-01 04:20:00,21.5,22.3,21.2,0,0,0,3,0,0,0,0.3,0,1258.2,98,0,0,26.2,76,26.9,1,3,0,1,1,21.7
2026-09-01T04:15:00+05:30,2026-09-01 04:15:00,21.6,22.4,21.3,0,0,0,4,0,0,0,0.3,0,1258.2,98,0,0,26.2,76,26.9,1,4,0,1,1,21.7
2026-09-01T04:10:00+05:30,2026-09-01 04:10:00,21.6,22.4,21.3,0,0,0,4,0,0,0,0.3,0,1258.2,98,0,0,26.2,76,26.9,1,4,0,1,1,21.7
2026-09-01T04:05:00+05:30,2026-09-01 04:05:00,21.7,22.5,21.4,0,0,0,4,0,0,0,0.3,0,1258.2,98,0,0,26.3,76,26.9,1,4,0,1,1,21.7
2026-09-01T04:00:00+05:30,2026-09-01 04:00:00,21.7,22.5,21.4,0,0,0,4,0,0,0,0.3,0,1258.2,98,0,0,26.3,76,26.9,1,4,0,1,1,21.7
2026-09-01T03:55:00+05:30,2026-09-01 03:55:00,21.8,22.6,21.4,0,0,0,4,0,0,0,0.3,0,1258.2,98,0,0,26.3,76,26.9,1,4,0,1,1,21.7
2026-09-01T03:50:00+05:30,2026-09-01 03:50:00,21.8,22.6,21.4,0,0,0,4,0,0,0,0.3,0,1258.2,98,0,0,26.3,76,26.9,1,4,0,1,1,21.7
2026-09-01T03:45:00+05:30,2026-09-01 03:45:00,21.9,22.7,21.6,0,0,0,4,0,0,0,0.3,0,1258.2,98,0,0,26.3,76,26.9,1,4,0,1,1,21.7
2026-09-01T03:40:00+05:30,2026-09-01 03:40:00,22,22.8,21.7,0,0,0,4,0,0,0,0.3,0,1258.2,98,0,0,26.3,76,26.9,1,4,0,1,1,21.7
2026-09-01T03:35:00+05:30,2026-09-01 03:35:00,22,22.8,21.5,0,0,0,4,0,0,0,0.3,0,1258.2,97,0,0,26.4,76,27.1,1,4,0,1,1,21.8
2026-09-01T03:30:00+05:30,2026-09-01 03:30:00,22,22.8,21.5,0,0,0,4,0,0,0,0.3,0,1258.2,97,0,0,26.4,76,27.1,1,4,0,1,1,21.8
2026-09-01T03:25:00+05:30,2026-09-01 03:25:00,22.1,22.9,21.6,0,0,0,4,0,0,0,0.3,0,1258.2,97,0,0,26.4,76,27.1,1,4,0,1,1,21.8
2026-09-01T03:20:00+05:30,2026-09-01 03:20:00,22.1,22.9,21.6,0,0,0,5,0,0,0,0.3,0,1258.2,97,0,0,26.4,76,27.1,1,5,0,1,1,21.8
2026-09-01T03:15:00+05:30,2026-09-01 03:15:00,22.1,22.9,21.6,0,0,0,5,0,0,0,0.3,0,1258.2,97,0,0,26.4,76,27.1,1,5,0,1,1,21.8
2026-09-01T03:10:00+05:30,2026-09-01 03:10:00,22.1,22.9,21.4,0,0,0,5,0,0,0,0.3,0,1258.2,96,0,0,26.4,76,27.1,1,5,0,1,1,21.8
2026-09-01T03:05:00+05:30,2026-09-01 03:05:00,22.2,23,21.6,0,0,0,5,0,0,0,0.3,0,1258.2,96,0,0,26.5,76,27.2,1,5,0,1,1,21.9
2026-09-01T03:00:00+05:30,2026-09-01 03:00:00,22.3,23.1,21.6,0,0,0,5,0,0,0,0.3,0,1258.2,96,0,0,26.5,75,27.2,1,5,0,1,1,21.7
2026-09-01T02:55:00+05:30,2026-09-01 02:55:00,22.4,23.2,21.7,0,0,0,5,0,0,0,0.3,0,1258.2,96,0,0,26.5,75,27.2,1,5,0,1,1,21.7
2026-09-01T02:50:00+05:30,2026-09-01 02:50:00,22.4,23.2,21.7,0,0,0,5,0,0,0,0.3,0,1258.2,96,0,0,26.5,75,27.2,1,5,0,1,1,21.7
2026-09-01T02:45:00+05:30,2026-09-01 02:45:00,22.5,23.3,21.8,0,0,0,5,0,0,0,0.3,0,1258.2,96,0,0,26.5,75,27.2,1,5,0,1,1,21.7
2026-09-01T02:40:00+05:30,2026-09-01 02:40:00,22.4,23.2,21.7,0,0,0,5,0,0,0,0.3,0,1258.2,96,0,0,26.5,75,27.2,1,5,0,1,1,21.7
2026-09-01T02:35:00+05:30,2026-09-01 02:35:00,22.4,23.2,21.7,0,0,0,5,0,0,0,0.3,0,1258.2,96,0,0,26.5,75,27.2,1,5,0,1,1,21.7
2026-09-01T02:30:00+05:30,2026-09-01 02:30:00,22.3,23.1,21.6,0,0,0,5,0,0,0,0.3,0,1258.2,96,0,0,26.5,75,27.2,1,5,0,1,1,21.7
2026-09-01T02:25:00+05:30,2026-09-01 02:25:00,22.3,23.1,21.6,0,0,0,6,0,0,0,0.3,0,1258.2,96,0,0,26.5,75,27.2,1,6,0,1,1,21.7
2026-09-01T02:20:00+05:30,2026-09-01 02:20:00,22.3,23.1,21.6,0,0,0,6,0,0,0,0.3,0,1258.2,96,0,0,26.5,75,27.2,1,6,0,1,1,21.7
2026-09-01T02:15:00+05:30,2026-09-01 02:15:00,22.4,23.2,21.5,0,0,0,6,0,0,0,0.3,0,1258.2,95,0,0,26.5,75,27.2,1,6,0,1,1,21.7
2026-09-01T02:10:00+05:30,2026-09-01 02:10:00,22.4,23.2,21.7,0,0,0,6,0,0,0,0.3,0,1258.2,96,0,0,26.5,75,27.2,1,6,0,1,1,21.7
2026-09-01T02:05:00+05:30,2026-09-01 02:05:00,22.4,23.2,21.7,0,0,0,7,0,0,0,0.3,0,1258.2,96,0,0,26.5,75,27.2,1,7,0,1,1,21.7
2026-09-01T02:00:00+05:30,2026-09-01 02:00:00,22.3,23.1,21.6,0,0,0,7,0,0,0,0.3,0,1258.2,96,0,0,26.6,75,27.3,1,7,0,1,1,21.8
2026-09-01T01:55:00+05:30,2026-09-01 01:55:00,22.3,23.1,21.6,0,0,0,4,0,0,0,0.3,0,1258.2,96,0,0,26.5,75,27.2,1,4,0,1,1,21.7
2026-09-01T01:50:00+05:30,2026-09-01 01:50:00,22.2,23,21.6,0,0,0,4,0,0,0,0.3,0,1258.2,96,0,0,26.6,75,27.3,1,4,0,1,1,21.8
2026-09-01T01:45:00+05:30,2026-09-01 01:45:00,22.2,23,21.7,0,0,0,4,0,0,0,0.3,0,1258.2,97,0,0,26.6,75,27.3,1,4,0,1,1,21.8
2026-09-01T01:40:00+05:30,2026-09-01 01:40:00,22.2,23,21.7,0,0,0,4,0,0,0,0.3,0,1258.2,97,0,0,26.6,75,27.3,1,4,0,1,1,21.8
2026-09-01T01:35:00+05:30,2026-09-01 01:35:00,22.2,23,21.7,0,0,0,4,0,0,0,0.3,0,1258.2,97,0,0,26.6,75,27.3,1,4,0,1,1,21.8
2026-09-01T01:30:00+05:30,2026-09-01 01:30:00,22.2,23,21.7,0,0,0,4,0,0,0,0.3,0,1258.2,97,0,0,26.6,75,27.3,1,4,0,1,1,21.8
2026-09-01T01:25:00+05:30,2026-09-01 01:25:00,22.2,23,21.7,0,0,0,4,0,0,0,0.3,0,1258.2,97,0,0,26.6,75,27.3,1,4,0,1,1,21.8
2026-09-01T01:20:00+05:30,2026-09-01 01:20:00,22.2,23,21.7,0,0,0,4,0,0,0,0.3,0,1258.2,97,0,0,26.6,75,27.3,1,4,0,1,1,21.8
2026-09-01T01:15:00+05:30,2026-09-01 01:15:00,22.3,23.1,21.8,0,0,0,4,0,0,0,0.3,0,1258.2,97,0,0,26.7,75,28.8,1,4,0,1,1,21.9
2026-09-01T01:10:00+05:30,2026-09-01 01:10:00,22.3,23.1,21.8,0,0,0,4,0,0,0,0.3,0,1258.2,97,0,0,26.7,75,28.8,1,4,0,1,1,21.9
2026-09-01T01:05:00+05:30,2026-09-01 01:05:00,22.3,23.1,21.8,0,0,0,4,0,0,0,0.3,0,1258.2,97,0,0,26.7,75,28.8,1,4,0,1,1,21.9
2026-09-01T01:00:00+05:30,2026-09-01 01:00:00,22.2,23,21.7,0,0,0,4,0,0,0,0.3,0,1258.2,97,0,0,26.7,75,28.8,1,4,0,1,1,21.9
2026-09-01T00:55:00+05:30,2026-09-01 00:55:00,22.2,23,21.7,0,0,0,4,0,0,0,0.3,0,1258.2,97,0,0,26.7,75,28.8,1,4,0,1,1,21.9
2026-09-01T00:50:00+05:30,2026-09-01 00:50:00,22.3,23.1,21.8,0,0,0,4,0,0,0,0.3,0,1258.2,97,0,0,26.7,75,28.8,1,4,0,1,1,21.9
2026-09-01T00:45:00+05:30,2026-09-01 00:45:00,22.3,23.1,21.8,0,0,0,4,0,0,0,0.3,0,1258.2,97,0,0,26.7,75,28.8,1,4,0,1,1,21.9
2026-09-01T00:40:00+05:30,2026-09-01 00:40:00,22.3,23.1,21.8,0,0,0,4,0,0,0,0.3,0,1258.2,97,0,0,26.8,75,28.8,1,4,0,1,1,21.9
2026-09-01T00:35:00+05:30,2026-09-01 00:35:00,22.3,23.1,21.8,0,0,0,4,0,0,0,0.3,0,1258.2,97,0,0,26.8,75,28.8,1,4,0,1,1,21.9
2026-09-01T00:30:00+05:30,2026-09-01 00:30:00,22.3,23.1,21.8,0,0,0,4,0,0,0,0.3,0,1258.2,97,0,0,26.8,75,28.8,1,4,0,1,1,21.9
2026-09-01T00:25:00+05:30,2026-09-01 00:25:00,22.3,23.1,21.8,0,0,0,4,0,0,0,0.3,0,1258.2,97,0,0,26.8,75,28.8,1,4,0,1,1,21.9
2026-09-01T00:20:00+05:30,2026-09-01 00:20:00,22.3,23.1,21.8,0,0,0,5,0,0,0,0.3,0,1258.2,97,0,0,26.8,75,28.8,1,5,0,1,1,21.9
2026-09-01T00:15:00+05:30,2026-09-01 00:15:00,22.3,23.1,21.8,0,0,0,4,0,0,0,0.3,0,1258.2,97,0,0,26.8,75,28.8,1,4,0,1,1,21.9
2026-09-01T00:10:00+05:30,2026-09-01 00:10:00,22.4,23.2,21.9,0,0,0,4,0,0,0,0.3,0,1258.2,97,0,0,26.8,75,28.8,1,4,0,1,1,21.9
2026-09-01T00:05:00+05:30,2026-09-01 00:05:00,22.4,23.2,21.9,0,0,0,4,0,0,0,0.3,0,1258.2,97,0,0,26.8,75,28.8,1,4,0,1,1,21.9
2026-09-01T00:00:00+05:30,2026-09-01 00:00:00,22.4,23.2,21.9,0,0,0,4,0,0,0,0.3,0,1258.2,97,0,0,26.8,75,28.8,1,4,0,1,1,21.9