"Date","Simple Date","Outdoor Temperature (°C)","Feels Like (°C)","Dew Point (°C)","Wind Speed (km/hr)","Wind Gust (km/hr)","Max Daily Gust (km/hr)","Wind Direction (°)","Rain Rate (mm/hr)","Event Rain (mm)","Daily Rain (mm)","Weekly Rain (mm)","Monthly Rain (mm)","Yearly Rain (mm)","Humidity (%)","Ultra-Violet Radiation Index","Solar Radiation (W/m^2)","Sensor 1 Temperature (°C)","Sensor 1 Humidity (%)","Sensor 1 Heat Index (°C)","Sensor 1 Dew Point (°C)"
2026-09-23T16:40:00+05:30,2026-09-23 16:40:00,,,,0,3.5,25.6,99,0,4.6,4.8,77,112.5,741.2,,0,43.8,27,79,29.7,23.1
2026-09-23T16:36:00+05:30,2026-09-23 16:36:00,,,,0,11.1,25.6,56,0,4.6,4.8,77,112.5,741.2,,0,29.4,27,79,29.7,23.1
2026-09-23T16:30:00+05:30,2026-09-23 16:30:00,,,,0,9.3,25.6,97,0,4.6,4.8,77,112.5,741.2,,0,41.3,27,79,29.7,23.1
2026-09-23T16:25:00+05:30,2026-09-23 16:25:00,,,,2.9,7.2,25.6,108,0,4.6,4.8,77,112.5,741.2,,0,54,27,79,29.7,23.1
2026-09-23T16:20:00+05:30,2026-09-23 16:20:00,,,,0.6,13,25.6,117,0,4.6,4.8,77,112.5,741.2,,1,129.1,27.1,79,29.9,23.2
2026-09-23T16:15:00+05:30,2026-09-23 16:15:00,,,,3.5,7.2,25.6,89,0,4.6,4.8,77,112.5,741.2,,0,77,27.1,79,29.9,23.2
2026-09-23T16:10:00+05:30,2026-09-23 16:10:00,,,,0,7.2,25.6,85,0,4.6,4.8,77,112.5,741.2,,1,124.2,27.1,79,29.9,23.2
2026-09-23T16:05:00+05:30,2026-09-23 16:05:00,,,,0,3.5,25.6,78,0,4.6,4.8,77,112.5,741.2,,1,136.5,27.1,79,29.9,23.2
2026-09-23T16:00:00+05:30,2026-09-23 16:00:00,,,,2.9,5.5,25.6,116,1.8,4.6,4.8,77,112.5,741.2,,0,85.2,27.1,79,29.9,23.2
2026-09-23T15:55:00+05:30,2026-09-23 15:55:00,,,,0.6,9.3,25.6,113,1.8,4.6,4.8,77,112.5,741.2,,0,100.1,27.1,79,29.9,23.2
2026-09-23T15:50:00+05:30,2026-09-23 15:50:00,,,,1.1,9.3,25.6,83,0,4.3,4.6,76.7,112.3,740.9,,0,46.4,27.1,79,29.9,23.2
2026-09-23T15:45:00+05:30,2026-09-23 15:45:00,,,,5,9.3,25.6,85,0,4.3,4.6,76.7,112.3,740.9,,0,78.5,27.1,79,29.9,23.2
2026-09-23T15:40:00+05:30,2026-09-23 15:40:00,,,,1.4,13,25.6,65,0,4.3,4.6,76.7,112.3,740.9,,0,99.9,27.2,79,30.1,23.3
2026-09-23T15:35:00+05:30,2026-09-23 15:35:00,,,,9.7,16.6,25.6,115,0,4.3,4.6,76.7,112.3,740.9,,0,83.9,27.2,79,30.1,23.3
2026-09-23T15:31:00+05:30,2026-09-23 15:31:00,,,,3.2,14.8,25.6,75,0,4.3,4.6,76.7,112.3,740.9,,0,48.7,27.2,79,30.1,23.3
2026-09-23T15:25:00+05:30,2026-09-23 15:25:00,,,,1.1,9.3,25.6,98,0,4.3,4.6,76.7,112.3,740.9,,1,111.2,27.3,79,30.3,23.3
2026-09-23T15:20:00+05:30,2026-09-23 15:20:00,,,,2.1,7.2,25.6,89,0,4.3,4.6,76.7,112.3,740.9,,1,105.5,27.3,78,30.2,23.1
2026-09-23T15:15:00+05:30,2026-09-23 15:15:00,,,,2.9,16.6,25.6,159,0,4.3,4.6,76.7,112.3,740.9,,1,123.5,27.3,79,30.3,23.3
2026-09-23T15:10:00+05:30,2026-09-23 15:10:00,,,,4,9.3,25.6,96,0,4.3,4.6,76.7,112.3,740.9,,2,258.4,27.3,79,30.3,23.3
2026-09-23T15:05:00+05:30,2026-09-23 15:05:00,,,,0.3,20.1,25.6,115,0,4.3,4.6,76.7,112.3,740.9,,3,365.7,27.4,79,30.5,23.4
2026-09-23T15:00:00+05:30,2026-09-23 15:00:00,,,,0.3,7.2,25.6,105,0,4.3,4.6,76.7,112.3,740.9,,3,398.9,27.4,79,30.5,23.4
2026-09-23T14:55:00+05:30,2026-09-23 14:55:00,,,,2.6,9.3,25.6,131,0,4.3,4.6,76.7,112.3,740.9,,3,351.8,27.4,79,30.5,23.4
2026-09-23T14:50:00+05:30,2026-09-23 14:50:00,,,,5.5,7.2,25.6,130,0,4.3,4.6,76.7,112.3,740.9,,3,321.9,27.4,79,30.5,23.4
2026-09-23T14:45:00+05:30,2026-09-23 14:45:00,,,,6.4,13,25.6,91,0,4.3,4.6,76.7,112.3,740.9,,3,320.8,27.5,79,30.8,23.5
2026-09-23T14:40:00+05:30,2026-09-23 14:40:00,,,,5,9.3,25.6,121,0,4.3,4.6,76.7,112.3,740.9,,4,419.7,27.5,79,30.8,23.5
2026-09-23T14:35:00+05:30,2026-09-23 14:35:00,,,,0.3,5.5,25.6,96,1.3,4.3,4.6,76.7,112.3,740.9,,6,647.2,27.6,79,31,23.6
2026-09-23T14:30:00+05:30,2026-09-23 14:30:00,,,,4,9.3,25.6,63,3,4.3,4.6,76.7,112.3,740.9,,2,242.4,27.6,79,31,23.6
2026-09-23T14:26:00+05:30,2026-09-23 14:26:00,,,,4.3,11.1,25.6,110,3,4.1,4.3,76.5,112,740.7,,1,150.9,27.7,79,31.3,23.7
2026-09-23T14:20:00+05:30,2026-09-23 14:20:00,,,,2.1,7.2,25.6,128,1.3,3.8,4.1,76.2,111.8,740.4,,0,80.5,27.7,79,31.3,23.7
2026-09-23T14:15:00+05:30,2026-09-23 14:15:00,,,,3.5,11.1,25.6,123,1.8,3.6,3.8,75.9,111.5,740.2,,0,94.1,27.8,80,31.6,24
2026-09-23T14:10:00+05:30,2026-09-23 14:10:00,,,,7.6,14.8,25.6,102,3.6,3.6,3.8,75.9,111.5,740.2,,1,201.1,27.8,80,31.6,24
2026-09-23T14:05:00+05:30,2026-09-23 14:05:00,,,,6.1,9.3,25.6,70,11.9,3.3,3.6,75.7,111.3,739.9,,0,95.5,27.8,79,31.4,23.8
2026-09-23T14:00:00+05:30,2026-09-23 14:00:00,,,,9.3,20.1,25.6,87,16.8,2.8,3,75.2,110.7,739.4,,0,57.6,27.8,79,31.4,23.8
2026-09-23T13:55:00+05:30,2026-09-23 13:55:00,,,,4.7,14.8,25.6,105,6.1,1,1.3,73.4,109,737.6,,0,50.8,27.8,79,31.4,23.8
2026-09-23T13:50:00+05:30,2026-09-23 13:50:00,,,,4,14.8,25.6,67,0,0,0.3,72.4,107.9,736.6,,0,63.2,27.8,79,31.4,23.8
2026-09-23T13:45:00+05:30,2026-09-23 13:45:00,,,,0,7.2,25.6,64,0,0,0.3,72.4,107.9,736.6,,1,193.8,27.8,78,31.3,23.6
2026-09-23T13:40:00+05:30,2026-09-23 13:40:00,,,,0,3.5,25.6,192,0,0,0.3,72.4,107.9,736.6,,1,162.4,27.8,78,31.3,23.6
2026-09-23T13:35:00+05:30,2026-09-23 13:35:00,,,,5.8,11.1,25.6,97,0,0,0.3,72.4,107.9,736.6,,4,482.4,27.7,78,31.2,23.5
2026-09-23T13:30:00+05:30,2026-09-23 13:30:00,,,,6.1,23.8,25.6,77,0,0,0.3,72.4,107.9,736.6,,2,307.6,27.6,77,30.8,23.2
2026-09-23T13:25:00+05:30,2026-09-23 13:25:00,,,,8.2,16.6,25.6,115,0,0,0.3,72.4,107.9,736.6,,11,1145,27.6,77,30.8,23.2
2026-09-23T13:20:00+05:30,2026-09-23 13:20:00,,,,5.5,25.6,25.6,80,0,0,0.3,72.4,107.9,736.6,,1,183.5,27.5,77,30.5,23.1
2026-09-23T13:15:00+05:30,2026-09-23 13:15:00,,,,11.1,13,20.1,108,0,0,0.3,72.4,107.9,736.6,,2,213.8,27.5,77,30.5,23.1
2026-09-23T13:10:00+05:30,2026-09-23 13:10:00,,,,0,13,14.8,110,0,0,0.3,72.4,107.9,736.6,,3,311.9,27.5,78,30.7,23.3
2026-09-23T13:06:00+05:30,2026-09-23 13:06:00,,,,0.6,14.8,14.8,175,0,0,0.3,72.4,107.9,736.6,,6,661.9,27.4,78,30.4,23.2
2026-09-23T13:00:00+05:30,2026-09-23 13:00:00,,,,5,23.8,23.8,55,0,0,0.3,72.4,107.9,736.6,,9,948.9,27.3,78,30.2,23.1
2026-09-23T12:55:00+05:30,2026-09-23 12:55:00,,,,7.9,18.3,20.1,106,0,0,0.3,72.4,107.9,736.6,,8,874.7,27.3,78,30.2,23.1
2026-09-23T11:20:00+05:30,2026-09-23 11:20:00,,,,5.5,11.1,25.6,139,0,0,0.3,72.4,107.9,736.6,,1,203.2,26.4,80,27.2,22.7
2026-09-23T11:15:00+05:30,2026-09-23 11:15:00,,,,6.9,11.1,25.6,108,0,0,0.3,72.4,107.9,736.6,,2,286.8,26.4,80,27.2,22.7
2026-09-23T11:10:00+05:30,2026-09-23 11:10:00,,,,4,18.3,25.6,113,0,0,0.3,72.4,107.9,736.6,,2,251.4,26.4,80,27.2,22.7
2026-09-23T11:05:00+05:30,2026-09-23 11:05:00,,,,0,11.1,25.6,62,0,0,0.3,72.4,107.9,736.6,,11,1189.9,26.4,80,27.2,22.7
2026-09-23T11:00:00+05:30,2026-09-23 11:00:00,,,,0,16.6,25.6,94,0,0,0.3,72.4,107.9,736.6,,2,239.3,26.3,81,27.1,22.7
2026-09-23T10:55:00+05:30,2026-09-23 10:55:00,,,,6.1,11.1,25.6,72,0,0,0.3,72.4,107.9,736.6,,2,258.9,26.3,81,27.1,22.7
2026-09-23T10:51:00+05:30,2026-09-23 10:51:00,,,,3.5,16.6,25.6,48,0,0,0.3,72.4,107.9,736.6,,4,463.1,26.3,81,27.1,22.7
2026-09-23T10:45:00+05:30,2026-09-23 10:45:00,,,,2.6,16.6,25.6,108,0,0,0.3,72.4,107.9,736.6,,4,464.8,26.3,81,27.1,22.7
2026-09-23T10:40:00+05:30,2026-09-23 10:40:00,,,,6.1,16.6,25.6,71,0,0,0.3,72.4,107.9,736.6,,8,847,26.2,81,27,22.7
2026-09-23T10:35:00+05:30,2026-09-23 10:35:00,,,,1.4,14.8,25.6,63,0,0,0.3,72.4,107.9,736.6,,3,347.4,26.2,81,27,22.7
2026-09-23T10:30:00+05:30,2026-09-23 10:30:00,,,,10.1,16.6,25.6,118,0,0,0.3,72.4,107.9,736.6,,4,512.9,26.2,81,27,22.7
2026-09-23T10:25:00+05:30,2026-09-23 10:25:00,,,,11.1,20.1,25.6,109,0,0,0.3,72.4,107.9,736.6,,5,568.8,26.1,82,26.9,22.8
2026-09-23T10:20:00+05:30,2026-09-23 10:20:00,,,,9.7,11.1,25.6,112,0,0,0.3,72.4,107.9,736.6,,2,293.4,26.1,82,26.9,22.8
2026-09-23T10:15:00+05:30,2026-09-23 10:15:00,,,,11.9,14.8,25.6,138,0,0,0.3,72.4,107.9,736.6,,1,191.1,26.1,81,26.9,22.6
2026-09-23T10:10:00+05:30,2026-09-23 10:10:00,,,,9.7,18.3,25.6,72,0,0,0.3,72.4,107.9,736.6,,3,403.3,26.1,81,26.9,22.6
2026-09-23T10:05:00+05:30,2026-09-23 10:05:00,,,,1.4,16.6,25.6,175,0,0,0.3,72.4,107.9,736.6,,2,295,26.1,81,26.9,22.6
2026-09-23T10:00:00+05:30,2026-09-23 10:00:00,,,,0.3,9.3,25.6,98,0,0,0.3,72.4,107.9,736.6,,2,257.2,26.1,81,26.9,22.6
2026-09-23T09:55:00+05:30,2026-09-23 09:55:00,,,,3.2,9.3,25.6,41,0,0,0.3,72.4,107.9,736.6,,3,404,26,81,26.8,22.5
2026-09-23T09:50:00+05:30,2026-09-23 09:50:00,,,,10.5,14.8,25.6,116,0,0,0.3,72.4,107.9,736.6,,3,354.4,26,82,26.8,22.7
2026-09-23T09:45:00+05:30,2026-09-23 09:45:00,,,,1.4,9.3,25.6,83,0,0,0.3,72.4,107.9,736.6,,2,286.5,25.9,82,26.7,22.6
2026-09-23T09:40:00+05:30,2026-09-23 09:40:00,,,,10.5,14.8,25.6,91,0,0,0.3,72.4,107.9,736.6,,3,357.1,25.8,81,26.5,22.3
2026-09-23T09:35:00+05:30,2026-09-23 09:35:00,,,,3.2,14.8,25.6,93,0,0,0.3,72.4,107.9,736.6,,3,355.4,25.8,82,26.6,22.4
2026-09-23T09:30:00+05:30,2026-09-23 09:30:00,,,,1.1,13,25.6,135,0,0,0.3,72.4,107.9,736.6,,2,285.8,25.8,82,26.6,22.4
2026-09-23T09:25:00+05:30,2026-09-23 09:25:00,,,,11.6,16.6,25.6,115,0,0,0.3,72.4,107.9,736.6,,2,285,25.7,82,26.5,22.4
2026-09-23T09:20:00+05:30,2026-09-23 09:20:00,,,,0,11.1,25.6,124,0,0,0.3,72.4,107.9,736.6,,2,249.6,25.6,82,26.4,22.3
2026-09-23T09:15:00+05:30,2026-09-23 09:15:00,,,,6.1,14.8,25.6,147,0,0,0.3,72.4,107.9,736.6,,2,260.9,25.6,82,26.4,22.3
2026-09-23T09:10:00+05:30,2026-09-23 09:10:00,,,,8.2,18.3,25.6,110,0,0,0.3,72.4,107.9,736.6,,1,113.9,25.5,82,26.2,22.2
2026-09-23T09:05:00+05:30,2026-09-23 09:05:00,,,,4.7,18.3,25.6,12,0,0,0.3,72.4,107.9,736.6,,1,134.5,25.4,82,26.1,22.1
2026-09-23T09:00:00+05:30,2026-09-23 09:00:00,,,,9.3,20.1,25.6,89,0,71.9,0.3,72.4,107.9,736.6,,1,118.9,25.4,82,26.1,22.1
2026-09-23T08:55:00+05:30,2026-09-23 08:55:00,,,,10.1,23.8,25.6,86,0,71.9,0.3,72.4,107.9,736.6,,1,106.6,25.3,82,26,22
2026-09-23T08:50:00+05:30,2026-09-23 08:50:00,,,,4,20.1,23.8,55,0,71.9,0.3,72.4,107.9,736.6,,1,173.8,25.3,82,26,22
2026-09-23T08:45:00+05:30,2026-09-23 08:45:00,,,,6.9,11.1,23.8,119,0,71.9,0.3,72.4,107.9,736.6,,1,170.6,25.3,82,26,22
2026-09-23T08:40:00+05:30,2026-09-23 08:40:00,,,,9,14.8,23.8,120,0,71.9,0.3,72.4,107.9,736.6,,1,152,25.3,82,26,22
2026-09-23T08:35:00+05:30,2026-09-23 08:35:00,,,,14.8,23.8,23.8,96,0,71.9,0.3,72.4,107.9,736.6,,1,169.3,25.2,82,25.9,21.9
2026-09-23T08:30:00+05:30,2026-09-23 08:30:00,,,,5.8,14.8,20.1,111,0,71.9,0.3,72.4,107.9,736.6,,1,165.2,25.2,82,25.9,21.9
2026-09-23T08:25:00+05:30,2026-09-23 08:25:00,,,,3.5,18.3,20.1,89,0,71.9,0.3,72.4,107.9,736.6,,1,175.5,25.2,82,25.9,21.9
2026-09-23T08:20:00+05:30,2026-09-23 08:20:00,,,,1.4,13,20.1,58,0,71.9,0.3,72.4,107.9,736.6,,1,186.5,25.2,82,25.9,21.9
2026-09-23T08:15:00+05:30,2026-09-23 08:15:00,,,,0.3,7.2,20.1,107,0,71.9,0.3,72.4,107.9,736.6,,1,185.4,25.1,82,25.8,21.8
2026-09-23T08:11:00+05:30,2026-09-23 08:11:00,,,,5.8,11.1,20.1,118,0,71.9,0.3,72.4,107.9,736.6,,0,78.5,25.1,82,25.8,21.8
2026-09-23T08:05:00+05:30,2026-09-23 08:05:00,,,,0,11.1,20.1,192,0,71.9,0.3,72.4,107.9,736.6,,1,102.9,25.1,82,25.8,21.8
2026-09-23T08:00:00+05:30,2026-09-23 08:00:00,,,,0,5.5,20.1,82,0,71.9,0.3,72.4,107.9,736.6,,0,86.5,25.1,82,25.8,21.8
2026-09-23T07:55:00+05:30,2026-09-23 07:55:00,,,,1.1,9.3,20.1,78,0,71.9,0.3,72.4,107.9,736.6,,1,130.3,25.1,82,25.8,21.8
2026-09-23T07:50:00+05:30,2026-09-23 07:50:00,,,,0,7.2,20.1,111,0,71.9,0.3,72.4,107.9,736.6,,1,137.6,25.1,82,25.8,21.8
2026-09-23T07:45:00+05:30,2026-09-23 07:45:00,,,,0,11.1,20.1,103,0,71.9,0.3,72.4,107.9,736.6,,0,92.7,25.1,82,25.8,21.8
2026-09-23T07:40:00+05:30,2026-09-23 07:40:00,,,,0,7.2,20.1,129,0,71.9,0.3,72.4,107.9,736.6,,1,129.7,25,82,25.7,21.7
2026-09-23T07:35:00+05:30,2026-09-23 07:35:00,,,,0,7.2,20.1,117,0,71.9,0.3,72.4,107.9,736.6,,1,118,25.1,82,25.8,21.8
2026-09-23T07:30:00+05:30,2026-09-23 07:30:00,,,,0,3.5,20.1,115,0,71.9,0.3,72.4,107.9,736.6,,0,77.4,25,82,25.7,21.7
2026-09-23T07:25:00+05:30,2026-09-23 07:25:00,,,,0,5.5,20.1,131,0,71.9,0.3,72.4,107.9,736.6,,1,103.8,25,82,25.7,21.7
2026-09-23T07:20:00+05:30,2026-09-23 07:20:00,,,,5.8,11.1,20.1,96,0,71.9,0.3,72.4,107.9,736.6,,0,69.8,25,82,25.7,21.7
2026-09-23T07:15:00+05:30,2026-09-23 07:15:00,,,,4,7.2,20.1,91,0,71.9,0.3,72.4,107.9,736.6,,1,107,25,82,25.7,21.7
2026-09-23T07:10:00+05:30,2026-09-23 07:10:00,,,,4.7,7.2,20.1,96,0,71.9,0.3,72.4,107.9,736.6,,0,87.1,24.9,82,25.6,21.6
2026-09-23T07:06:00+05:30,2026-09-23 07:06:00,,,,8.7,16.6,20.1,100,0,71.9,0.3,72.4,107.9,736.6,,0,41.6,24.9,82,25.6,21.6
2026-09-23T07:00:00+05:30,2026-09-23 07:00:00,,,,12.6,16.6,20.1,117,0,71.9,0.3,72.4,107.9,736.6,,0,78.2,24.9,82,25.6,21.6
2026-09-23T06:55:00+05:30,2026-09-23 06:55:00,,,,9.7,14.8,20.1,76,0,71.9,0.3,72.4,107.9,736.6,,0,40.1,24.9,82,25.6,21.6
2026-09-23T06:50:00+05:30,2026-09-23 06:50:00,,,,2.6,11.1,20.1,81,0,71.9,0.3,72.4,107.9,736.6,,0,19.7,24.9,82,25.6,21.6
2026-09-23T06:45:00+05:30,2026-09-23 06:45:00,,,,0.3,11.1,20.1,96,0,71.9,0.3,72.4,107.9,736.6,,0,9.2,24.9,82,25.6,21.6
2026-09-23T06:40:00+05:30,2026-09-23 06:40:00,,,,4.3,9.3,20.1,118,0,71.9,0.3,72.4,107.9,736.6,,0,16.7,24.9,82,25.6,21.6
2026-09-23T06:35:00+05:30,2026-09-23 06:35:00,,,,5,7.2,20.1,83,0,71.9,0.3,72.4,107.9,736.6,,0,10.7,25,82,25.7,21.7
2026-09-23T06:30:00+05:30,2026-09-23 06:30:00,,,,0.6,9.3,20.1,99,0,71.9,0.3,72.4,107.9,736.6,,0,7.3,25,82,25.7,21.7
2026-09-23T06:25:00+05:30,2026-09-23 06:25:00,,,,5,9.3,20.1,140,0,71.9,0.3,72.4,107.9,736.6,,0,28.4,24.9,82,25.6,21.6
2026-09-23T06:20:00+05:30,2026-09-23 06:20:00,,,,0,7.2,20.1,79,0,71.9,0.3,72.4,107.9,736.6,,0,13.5,24.9,82,25.6,21.6
2026-09-23T06:16:00+05:30,2026-09-23 06:16:00,,,,6.1,14.8,20.1,71,0,71.9,0.3,72.4,107.9,736.6,,0,18.4,25,82,25.7,21.7
2026-09-23T06:10:00+05:30,2026-09-23 06:10:00,,,,2.9,7.2,20.1,71,0,71.9,0.3,72.4,107.9,736.6,,0,9.5,24.9,82,25.6,21.6
2026-09-23T06:05:00+05:30,2026-09-23 06:05:00,,,,6.4,7.2,20.1,95,0,71.9,0.3,72.4,107.9,736.6,,0,6.5,24.9,82,25.6,21.6
2026-09-23T06:00:00+05:30,2026-09-23 06:00:00,,,,1.8,3.5,20.1,81,0,71.9,0.3,72.4,107.9,736.6,,0,3.1,24.9,82,25.6,21.6
2026-09-23T05:55:00+05:30,2026-09-23 05:55:00,,,,4.7,7.2,20.1,79,0,71.9,0.3,72.4,107.9,736.6,,0,1.6,25,82,25.7,21.7
2026-09-23T05:50:00+05:30,2026-09-23 05:50:00,,,,5.5,7.2,20.1,102,0,71.9,0.3,72.4,107.9,736.6,,0,0.6,24.9,82,25.6,21.6
2026-09-23T05:45:00+05:30,2026-09-23 05:45:00,,,,4.7,5.5,20.1,92,0,71.9,0.3,72.4,107.9,736.6,,0,0.1,25,82,25.7,21.7
2026-09-23T05:40:00+05:30,2026-09-23 05:40:00,,,,3.5,13,20.1,91,0,71.9,0.3,72.4,107.9,736.6,,0,0.1,25,82,25.7,21.7
2026-09-23T05:35:00+05:30,2026-09-23 05:35:00,,,,2.9,9.3,20.1,89,0,71.9,0.3,72.4,107.9,736.6,,0,0,25,82,25.7,21.7
2026-09-23T05:30:00+05:30,2026-09-23 05:30:00,,,,3.5,7.2,20.1,95,0,71.9,0.3,72.4,107.9,736.6,,0,0,25,82,25.7,21.7
2026-09-23T05:25:00+05:30,2026-09-23 05:25:00,,,,5,13,20.1,66,0,71.9,0.3,72.4,107.9,736.6,,0,0,25,82,25.7,21.7
2026-09-23T05:20:00+05:30,2026-09-23 05:20:00,,,,2.1,11.1,20.1,114,0,71.9,0.3,72.4,107.9,736.6,,0,0,25,82,25.7,21.7
2026-09-23T05:15:00+05:30,2026-09-23 05:15:00,,,,3.5,7.2,20.1,89,0,71.9,0.3,72.4,107.9,736.6,,0,0,25,82,25.7,21.7
2026-09-23T05:10:00+05:30,2026-09-23 05:10:00,,,,3.5,9.3,20.1,122,0,71.9,0.3,72.4,107.9,736.6,,0,0,25,82,25.7,21.7
2026-09-23T05:05:00+05:30,2026-09-23 05:05:00,,,,5.8,7.2,20.1,105,0,71.9,0.3,72.4,107.9,736.6,,0,0,25,82,25.7,21.7
2026-09-23T05:00:00+05:30,2026-09-23 05:00:00,,,,3.5,9.3,20.1,73,0,71.9,0.3,72.4,107.9,736.6,,0,0,25.1,82,25.8,21.8
2026-09-23T04:56:00+05:30,2026-09-23 04:56:00,,,,6.4,11.1,20.1,90,0,71.9,0.3,72.4,107.9,736.6,,0,0,25,82,25.7,21.7
2026-09-23T04:50:00+05:30,2026-09-23 04:50:00,,,,7.9,13,20.1,80,0,71.9,0.3,72.4,107.9,736.6,,0,0,25.1,82,25.8,21.8
2026-09-23T04:45:00+05:30,2026-09-23 04:45:00,,,,11.1,20.1,20.1,126,0,71.9,0.3,72.4,107.9,736.6,,0,0,25.1,82,25.8,21.8
2026-09-23T04:40:00+05:30,2026-09-23 04:40:00,,,,13.7,16.6,16.6,116,0,71.9,0.3,72.4,107.9,736.6,,0,0,25.1,82,25.8,21.8
2026-09-23T04:35:00+05:30,2026-09-23 04:35:00,,,,9.3,13,16.6,88,0,71.9,0.3,72.4,107.9,736.6,,0,0,25.1,82,25.8,21.8
2026-09-23T04:30:00+05:30,2026-09-23 04:30:00,,,,7.2,11.1,16.6,85,0,71.9,0.3,72.4,107.9,736.6,,0,0,25.1,82,25.8,21.8
2026-09-23T04:25:00+05:30,2026-09-23 04:25:00,,,,1.1,9.3,16.6,79,0,71.9,0.3,72.4,107.9,736.6,,0,0,25.1,82,25.8,21.8
2026-09-23T04:20:00+05:30,2026-09-23 04:20:00,,,,4,7.2,16.6,101,0,71.9,0.3,72.4,107.9,736.6,,0,0,25.1,82,25.8,21.8
2026-09-23T04:15:00+05:30,2026-09-23 04:15:00,,,,9.7,11.1,16.6,91,0,71.9,0.3,72.4,107.9,736.6,,0,0,25.1,82,25.8,21.8
2026-09-23T04:10:00+05:30,2026-09-23 04:10:00,,,,2.6,9.3,16.6,67,0,71.9,0.3,72.4,107.9,736.6,,0,0,25.1,82,25.8,21.8
2026-09-23T04:05:00+05:30,2026-09-23 04:05:00,,,,1.8,3.5,16.6,74,0,71.9,0.3,72.4,107.9,736.6,,0,0,25.1,82,25.8,21.8
2026-09-23T04:00:00+05:30,2026-09-23 04:00:00,,,,6.1,7.2,16.6,99,0,71.9,0.3,72.4,107.9,736.6,,0,0,25.1,82,25.8,21.8
2026-09-23T03:55:00+05:30,2026-09-23 03:55:00,,,,6.4,7.2,16.6,92,1.8,71.9,0.3,72.4,107.9,736.6,,0,0,25.1,81,25.8,21.6
2026-09-23T03:51:00+05:30,2026-09-23 03:51:00,,,,5.8,7.2,16.6,80,1.8,71.9,0.3,72.4,107.9,736.6,,0,0,25.1,81,25.8,21.6
2026-09-23T03:45:00+05:30,2026-09-23 03:45:00,,,,1.4,5.5,16.6,204,0,71.6,0,72.1,107.7,736.1,,0,0,25.1,81,25.8,21.6
2026-09-23T03:40:00+05:30,2026-09-23 03:40:00,,,,2.1,5.5,16.6,76,0,71.6,0,72.1,107.7,736.1,,0,0,25.1,81,25.8,21.6
2026-09-23T03:35:00+05:30,2026-09-23 03:35:00,,,,3.5,7.2,16.6,92,0,71.6,0,72.1,107.7,736.1,,0,0,25.1,81,25.8,21.6
2026-09-23T03:30:00+05:30,2026-09-23 03:30:00,,,,6.9,11.1,16.6,99,0,71.6,0,72.1,107.7,736.1,,0,0,25.2,81,25.9,21.7
2026-09-23T03:25:00+05:30,2026-09-23 03:25:00,,,,4,5.5,16.6,103,0,71.6,0,72.1,107.7,736.1,,0,0,25.1,81,25.8,21.6
2026-09-23T03:20:00+05:30,2026-09-23 03:20:00,,,,6.4,9.3,16.6,90,0,71.6,0,72.1,107.7,736.1,,0,0,25.2,81,25.9,21.7
2026-09-23T03:15:00+05:30,2026-09-23 03:15:00,,,,7.9,16.6,16.6,121,0,71.6,0,72.1,107.7,736.1,,0,0,25.2,81,25.9,21.7
2026-09-23T03:10:00+05:30,2026-09-23 03:10:00,,,,5.5,16.6,16.6,98,0,71.6,0,72.1,107.7,736.1,,0,0,25.2,81,25.9,21.7
2026-09-23T03:05:00+05:30,2026-09-23 03:05:00,,,,8.2,11.1,16.6,80,0,71.6,0,72.1,107.7,736.1,,0,0,25.2,81,25.9,21.7
2026-09-23T03:00:00+05:30,2026-09-23 03:00:00,,,,2.9,7.2,16.6,106,0,71.6,0,72.1,107.7,736.1,,0,0,25.2,81,25.9,21.7
2026-09-23T02:55:00+05:30,2026-09-23 02:55:00,,,,5.5,13,16.6,121,0,71.6,0,72.1,107.7,736.1,,0,0,25.2,81,25.9,21.7
2026-09-23T02:50:00+05:30,2026-09-23 02:50:00,,,,3.2,11.1,16.6,135,0,71.6,0,72.1,107.7,736.1,,0,0,25.2,81,25.9,21.7
2026-09-23T02:45:00+05:30,2026-09-23 02:45:00,,,,5,11.1,16.6,97,0,71.6,0,72.1,107.7,736.1,,0,0,25.2,81,25.9,21.7
2026-09-23T02:40:00+05:30,2026-09-23 02:40:00,,,,7.2,16.6,16.6,117,0,71.6,0,72.1,107.7,736.1,,0,0,25.3,81,26,21.8
2026-09-23T02:35:00+05:30,2026-09-23 02:35:00,,,,5,14.8,14.8,109,0,71.6,0,72.1,107.7,736.1,,0,0,25.3,81,26,21.8
2026-09-23T02:31:00+05:30,2026-09-23 02:31:00,,,,6.4,11.1,14.8,106,0,71.6,0,72.1,107.7,736.1,,0,0,25.3,81,26,21.8
2026-09-23T02:25:00+05:30,2026-09-23 02:25:00,,,,8.7,11.1,14.8,125,0,71.6,0,72.1,107.7,736.1,,0,0,25.3,81,26,21.8
2026-09-23T02:20:00+05:30,2026-09-23 02:20:00,,,,4,7.2,14.8,104,0,71.6,0,72.1,107.7,736.1,,0,0,25.3,81,26,21.8
2026-09-23T02:15:00+05:30,2026-09-23 02:15:00,,,,3.5,11.1,14.8,92,0,71.6,0,72.1,107.7,736.1,,0,0,25.3,81,26,21.8
2026-09-23T02:10:00+05:30,2026-09-23 02:10:00,,,,2.9,7.2,14.8,93,0,71.6,0,72.1,107.7,736.1,,0,0,25.3,81,26,21.8
2026-09-23T02:05:00+05:30,2026-09-23 02:05:00,,,,2.9,9.3,14.8,100,0,71.6,0,72.1,107.7,736.1,,0,0,25.3,81,26,21.8
2026-09-23T02:00:00+05:30,2026-09-23 02:00:00,,,,5,9.3,14.8,66,0,71.6,0,72.1,107.7,736.1,,0,0,25.3,81,26,21.8
2026-09-23T01:55:00+05:30,2026-09-23 01:55:00,,,,7.9,9.3,14.8,97,0,71.6,0,72.1,107.7,736.1,,0,0,25.3,81,26,21.8
2026-09-23T01:50:00+05:30,2026-09-23 01:50:00,,,,1.4,9.3,14.8,112,0,71.6,0,72.1,107.7,736.1,,0,0,25.3,80,25.9,21.6
2026-09-23T01:45:00+05:30,2026-09-23 01:45:00,,,,4,7.2,14.8,107,0,71.6,0,72.1,107.7,736.1,,0,0,25.3,81,26,21.8
2026-09-23T01:40:00+05:30,2026-09-23 01:40:00,,,,4.7,5.5,14.8,69,0,71.6,0,72.1,107.7,736.1,,0,0,25.4,80,26.1,21.7
2026-09-23T01:35:00+05:30,2026-09-23 01:35:00,,,,3.2,9.3,14.8,120,0,71.6,0,72.1,107.7,736.1,,0,0,25.3,80,25.9,21.6
2026-09-23T01:30:00+05:30,2026-09-23 01:30:00,,,,4,7.2,14.8,152,0,71.6,0,72.1,107.7,736.1,,0,0,25.3,80,25.9,21.6
2026-09-23T01:26:00+05:30,2026-09-23 01:26:00,,,,4.7,7.2,14.8,51,0,71.6,0,72.1,107.7,736.1,,0,0,25.3,80,25.9,21.6
2026-09-23T01:20:00+05:30,2026-09-23 01:20:00,,,,1.1,3.5,14.8,97,0,71.6,0,72.1,107.7,736.1,,0,0,25.3,80,25.9,21.6
2026-09-23T01:15:00+05:30,2026-09-23 01:15:00,,,,4,9.3,14.8,99,0,71.6,0,72.1,107.7,736.1,,0,0,25.3,80,25.9,21.6
2026-09-23T01:10:00+05:30,2026-09-23 01:10:00,,,,6.4,9.3,14.8,158,0,71.6,0,72.1,107.7,736.1,,0,0,25.4,80,26.1,21.7
2026-09-23T01:05:00+05:30,2026-09-23 01:05:00,,,,6.4,7.2,14.8,84,0,71.6,0,72.1,107.7,736.1,,0,0,25.4,80,26.1,21.7
2026-09-23T01:00:00+05:30,2026-09-23 01:00:00,,,,7.9,9.3,14.8,134,0,71.6,0,72.1,107.7,736.1,,0,0,25.4,80,26.1,21.7
2026-09-23T00:55:00+05:30,2026-09-23 00:55:00,,,,4.3,9.3,14.8,124,0,71.6,0,72.1,107.7,736.1,,0,0,25.4,80,26.1,21.7
2026-09-23T00:50:00+05:30,2026-09-23 00:50:00,,,,2.9,7.2,14.8,72,0,71.6,0,72.1,107.7,736.1,,0,0,25.4,80,26.1,21.7
2026-09-23T00:45:00+05:30,2026-09-23 00:45:00,,,,9,13,14.8,97,0,71.6,0,72.1,107.7,736.1,,0,0,25.4,80,26.1,21.7
2026-09-23T00:40:00+05:30,2026-09-23 00:40:00,,,,3.2,7.2,14.8,94,0,71.6,0,72.1,107.7,736.1,,0,0,25.4,80,26.1,21.7
2026-09-23T00:35:00+05:30,2026-09-23 00:35:00,,,,3.5,13,14.8,86,0,71.6,0,72.1,107.7,736.1,,0,0,25.4,80,26.1,21.7
2026-09-23T00:30:00+05:30,2026-09-23 00:30:00,,,,6.1,11.1,14.8,105,0,71.6,0,72.1,107.7,736.1,,0,0,25.4,80,26.1,21.7
2026-09-23T00:25:00+05:30,2026-09-23 00:25:00,,,,5,9.3,14.8,127,0,71.6,0,72.1,107.7,736.1,,0,0,25.4,80,26.1,21.7
2026-09-23T00:21:00+05:30,2026-09-23 00:21:00,,,,4,11.1,14.8,99,0,71.6,0,72.1,107.7,736.1,,0,0,25.5,80,26.2,21.8
2026-09-23T00:15:00+05:30,2026-09-23 00:15:00,,,,9.3,11.1,14.8,93,0,71.6,0,72.1,107.7,736.1,,0,0,25.5,80,26.2,21.8
2026-09-23T00:10:00+05:30,2026-09-23 00:10:00,,,,5.5,14.8,14.8,110,0,71.6,0,72.1,107.7,736.1,,0,0,25.5,80,26.2,21.8
2026-09-23T00:05:00+05:30,2026-09-23 00:05:00,,,,5.5,14.8,14.8,86,0,71.6,0,72.1,107.7,736.1,,0,0,25.5,80,26.2,21.8
2026-09-23T00:00:00+05:30,2026-09-23 00:00:00,,,,5.5,11.1,7.2,100,0,71.6,0,72.1,107.7,736.1,,0,0,25.5,80,26.2,21.8
2026-09-22T23:55:00+05:30,2026-09-22 23:55:00,,,,5.5,11.1,23.8,92,0,71.6,7.4,72.1,107.7,736.1,,0,0,25.5,80,26.2,21.8
2026-09-22T23:50:00+05:30,2026-09-22 23:50:00,,,,6.9,9.3,23.8,123,0,71.6,7.4,72.1,107.7,736.1,,0,0,25.5,80,26.2,21.8
2026-09-22T23:45:00+05:30,2026-09-22 23:45:00,,,,3.2,13,23.8,125,0,71.6,7.4,72.1,107.7,736.1,,0,0,25.6,80,26.3,21.9
2026-09-22T23:40:00+05:30,2026-09-22 23:40:00,,,,4,9.3,23.8,114,0,71.6,7.4,72.1,107.7,736.1,,0,0,25.6,80,26.3,21.9
2026-09-22T23:35:00+05:30,2026-09-22 23:35:00,,,,9.7,18.3,23.8,71,0,71.6,7.4,72.1,107.7,736.1,,0,0,25.6,80,26.3,21.9
2026-09-22T23:30:00+05:30,2026-09-22 23:30:00,,,,10.5,14.8,23.8,182,0,71.6,7.4,72.1,107.7,736.1,,0,0,25.6,80,26.3,21.9
2026-09-22T23:25:00+05:30,2026-09-22 23:25:00,,,,6.4,9.3,23.8,107,0,71.6,7.4,72.1,107.7,736.1,,0,0,25.6,80,26.3,21.9
2026-09-22T23:20:00+05:30,2026-09-22 23:20:00,,,,2.1,9.3,23.8,87,0,71.6,7.4,72.1,107.7,736.1,,0,0,25.6,80,26.3,21.9
2026-09-22T23:16:00+05:30,2026-09-22 23:16:00,,,,4,13,23.8,82,0,71.6,7.4,72.1,107.7,736.1,,0,0,25.6,80,26.3,21.9
2026-09-22T23:10:00+05:30,2026-09-22 23:10:00,,,,4.3,11.1,23.8,59,0,71.6,7.4,72.1,107.7,736.1,,0,0,25.7,80,26.4,22
2026-09-22T23:05:00+05:30,2026-09-22 23:05:00,,,,5.8,7.2,23.8,82,0,71.6,7.4,72.1,107.7,736.1,,0,0,25.7,80,26.4,22
2026-09-22T23:00:00+05:30,2026-09-22 23:00:00,,,,4,16.6,23.8,88,0,71.6,7.4,72.1,107.7,736.1,,0,0,25.7,80,26.4,22
2026-09-22T22:55:00+05:30,2026-09-22 22:55:00,,,,5.5,13,23.8,107,0,71.6,7.4,72.1,107.7,736.1,,0,0,25.7,80,26.4,22
2026-09-22T22:50:00+05:30,2026-09-22 22:50:00,,,,4.3,11.1,23.8,123,0,71.6,7.4,72.1,107.7,736.1,,0,0,25.7,80,26.4,22
2026-09-22T22:45:00+05:30,2026-09-22 22:45:00,,,,2.9,9.3,23.8,68,0,71.6,7.4,72.1,107.7,736.1,,0,0,25.7,80,26.4,22
2026-09-22T22:40:00+05:30,2026-09-22 22:40:00,,,,3.2,7.2,23.8,109,0,71.6,7.4,72.1,107.7,736.1,,0,0,25.7,80,26.4,22
2026-09-22T22:35:00+05:30,2026-09-22 22:35:00,,,,4,11.1,23.8,91,0,71.6,7.4,72.1,107.7,736.1,,0,0,25.8,80,26.5,22.1
2026-09-22T22:30:00+05:30,2026-09-22 22:30:00,,,,2.9,5.5,23.8,94,0,71.6,7.4,72.1,107.7,736.1,,0,0,25.8,80,26.5,22.1
2026-09-22T22:25:00+05:30,2026-09-22 22:25:00,,,,1.8,11.1,23.8,97,0,71.6,7.4,72.1,107.7,736.1,,0,0,25.8,80,26.5,22.1
2026-09-22T22:20:00+05:30,2026-09-22 22:20:00,,,,5.5,9.3,23.8,96,0,71.6,7.4,72.1,107.7,736.1,,0,0,25.8,80,26.5,22.1
2026-09-22T22:15:00+05:30,2026-09-22 22:15:00,,,,6.4,9.3,23.8,117,0,71.6,7.4,72.1,107.7,736.1,,0,0,25.8,80,26.5,22.1
2026-09-22T22:10:00+05:30,2026-09-22 22:10:00,,,,5.8,9.3,23.8,100,0,71.6,7.4,72.1,107.7,736.1,,0,0,25.9,80,26.6,22.2
2026-09-22T22:05:00+05:30,2026-09-22 22:05:00,,,,4,5.5,23.8,102,0,71.6,7.4,72.1,107.7,736.1,,0,0,25.9,80,26.6,22.2
2026-09-22T22:00:00+05:30,2026-09-22 22:00:00,,,,5.8,9.3,23.8,81,1.3,71.6,7.4,72.1,107.7,736.1,,0,0,25.9,79,26.6,21.9
2026-09-22T21:55:00+05:30,2026-09-22 21:55:00,,,,4.7,9.3,23.8,97,0,71.4,7.1,71.9,107.4,736.1,,0,0,25.9,79,26.6,21.9
2026-09-22T21:50:00+05:30,2026-09-22 21:50:00,,,,0.3,5.5,23.8,87,0,71.4,7.1,71.9,107.4,736.1,,0,0,25.9,79,26.6,21.9
2026-09-22T21:45:00+05:30,2026-09-22 21:45:00,,,,1.4,7.2,23.8,84,0,71.4,7.1,71.9,107.4,736.1,,0,0,25.9,79,26.6,21.9
2026-09-22T21:40:00+05:30,2026-09-22 21:40:00,,,,0.3,5.5,23.8,79,0,71.4,7.1,71.9,107.4,736.1,,0,0,25.9,79,26.6,21.9
2026-09-22T21:35:00+05:30,2026-09-22 21:35:00,,,,6.4,9.3,23.8,98,0,71.4,7.1,71.9,107.4,736.1,,0,0,26,79,26.7,22.1
2026-09-22T21:30:00+05:30,2026-09-22 21:30:00,,,,0,0,23.8,76,0,71.4,7.1,71.9,107.4,736.1,,0,0,26,79,26.7,22.1
2026-09-22T21:25:00+05:30,2026-09-22 21:25:00,,,,0.6,7.2,23.8,90,0,71.4,7.1,71.9,107.4,736.1,,0,0,26,79,26.7,22.1
2026-09-22T21:21:00+05:30,2026-09-22 21:21:00,,,,4.7,5.5,23.8,114,0,71.4,7.1,71.9,107.4,736.1,,0,0,26,79,26.7,22.1
2026-09-22T21:15:00+05:30,2026-09-22 21:15:00,,,,1.1,5.5,23.8,84,0,71.4,7.1,71.9,107.4,736.1,,0,0,26,79,26.7,22.1
2026-09-22T21:10:00+05:30,2026-09-22 21:10:00,,,,1.8,5.5,23.8,95,0,71.4,7.1,71.9,107.4,736.1,,0,0,26,79,26.7,22.1
2026-09-22T21:05:00+05:30,2026-09-22 21:05:00,,,,4,5.5,23.8,104,0,71.4,7.1,71.9,107.4,736.1,,0,0,26.1,79,26.8,22.2
2026-09-22T21:00:00+05:30,2026-09-22 21:00:00,,,,0,0,23.8,93,0,71.4,7.1,71.9,107.4,736.1,,0,0,26,79,26.7,22.1
2026-09-22T20:55:00+05:30,2026-09-22 20:55:00,,,,1.1,5.5,23.8,91,0,71.4,7.1,71.9,107.4,736.1,,0,0,26.1,79,26.8,22.2
2026-09-22T20:50:00+05:30,2026-09-22 20:50:00,,,,0,5.5,23.8,98,0,71.4,7.1,71.9,107.4,736.1,,0,0,26.1,79,26.8,22.2
2026-09-22T20:45:00+05:30,2026-09-22 20:45:00,,,,2.9,9.3,23.8,67,0,71.4,7.1,71.9,107.4,736.1,,0,0,26.1,79,26.8,22.2
2026-09-22T20:40:00+05:30,2026-09-22 20:40:00,,,,2.6,3.5,23.8,91,0,71.4,7.1,71.9,107.4,736.1,,0,0,26.1,79,26.8,22.2
2026-09-22T20:35:00+05:30,2026-09-22 20:35:00,,,,3.2,5.5,23.8,55,0,71.4,7.1,71.9,107.4,736.1,,0,0,26.1,79,26.8,22.2
2026-09-22T20:30:00+05:30,2026-09-22 20:30:00,,,,4,5.5,23.8,79,0,71.4,7.1,71.9,107.4,736.1,,0,0,26.1,79,26.8,22.2
2026-09-22T20:25:00+05:30,2026-09-22 20:25:00,,,,1.8,5.5,23.8,101,0,71.4,7.1,71.9,107.4,736.1,,0,0,26.2,79,26.9,22.3
2026-09-22T20:20:00+05:30,2026-09-22 20:20:00,,,,1.4,5.5,23.8,77,0,71.4,7.1,71.9,107.4,736.1,,0,0,26.2,79,26.9,22.3
2026-09-22T20:16:00+05:30,2026-09-22 20:16:00,,,,1.8,7.2,23.8,83,0,71.4,7.1,71.9,107.4,736.1,,0,0,26.2,79,26.9,22.3
2026-09-22T20:10:00+05:30,2026-09-22 20:10:00,,,,0,9.3,23.8,78,0,71.4,7.1,71.9,107.4,736.1,,0,0,26.2,79,26.9,22.3
2026-09-22T20:05:00+05:30,2026-09-22 20:05:00,,,,6.9,13,23.8,105,0,71.4,7.1,71.9,107.4,736.1,,0,0,26.3,79,27,22.3
2026-09-22T20:00:00+05:30,2026-09-22 20:00:00,,,,6.4,11.1,23.8,109,0,71.4,7.1,71.9,107.4,736.1,,0,0,26.3,79,27,22.3
2026-09-22T19:55:00+05:30,2026-09-22 19:55:00,,,,0,1.8,23.8,87,0,71.4,7.1,71.9,107.4,736.1,,0,0,26.3,79,27,22.3
2026-09-22T19:50:00+05:30,2026-09-22 19:50:00,,,,3.5,7.2,23.8,90,0,71.4,7.1,71.9,107.4,736.1,,0,0,26.3,79,27,22.3
2026-09-22T19:45:00+05:30,2026-09-22 19:45:00,,,,0,1.8,23.8,110,0,71.4,7.1,71.9,107.4,736.1,,0,0,26.3,79,27,22.3
2026-09-22T19:40:00+05:30,2026-09-22 19:40:00,,,,3.5,7.2,23.8,90,0,71.4,7.1,71.9,107.4,736.1,,0,0,26.3,79,27,22.3
2026-09-22T19:35:00+05:30,2026-09-22 19:35:00,,,,0,1.8,23.8,90,0,71.4,7.1,71.9,107.4,736.1,,0,0,26.4,79,27.2,22.4
2026-09-22T19:30:00+05:30,2026-09-22 19:30:00,,,,5.5,7.2,23.8,92,0,71.4,7.1,71.9,107.4,736.1,,0,0,26.4,79,27.2,22.4
2026-09-22T19:25:00+05:30,2026-09-22 19:25:00,,,,2.1,7.2,23.8,79,0,71.4,7.1,71.9,107.4,736.1,,0,0,26.4,79,27.2,22.4
2026-09-22T19:20:00+05:30,2026-09-22 19:20:00,,,,3.2,5.5,23.8,73,0,71.4,7.1,71.9,107.4,736.1,,0,0,26.4,79,27.2,22.4
2026-09-22T19:15:00+05:30,2026-09-22 19:15:00,,,,3.5,5.5,23.8,81,0,71.4,7.1,71.9,107.4,736.1,,0,0,26.4,79,27.2,22.4
2026-09-22T19:10:00+05:30,2026-09-22 19:10:00,,,,0.6,5.5,23.8,85,0,71.4,7.1,71.9,107.4,736.1,,0,0,26.5,79,27.3,22.6
2026-09-22T19:05:00+05:30,2026-09-22 19:05:00,,,,1.4,3.5,23.8,84,0,71.4,7.1,71.9,107.4,736.1,,0,0,26.5,79,27.3,22.6
2026-09-22T19:00:00+05:30,2026-09-22 19:00:00,,,,2.1,5.5,23.8,83,0,71.4,7.1,71.9,107.4,736.1,,0,0,26.5,79,27.3,22.6
2026-09-22T18:55:00+05:30,2026-09-22 18:55:00,,,,4,5.5,23.8,95,0,71.4,7.1,71.9,107.4,736.1,,0,0,26.5,79,27.3,22.6
2026-09-22T18:50:00+05:30,2026-09-22 18:50:00,,,,0.6,3.5,23.8,103,0,71.4,7.1,71.9,107.4,736.1,,0,0,26.5,79,27.3,22.6
2026-09-22T18:45:00+05:30,2026-09-22 18:45:00,,,,5.5,11.1,23.8,124,0,71.4,7.1,71.9,107.4,736.1,,0,0,26.5,79,27.3,22.6
2026-09-22T18:40:00+05:30,2026-09-22 18:40:00,,,,0,3.5,23.8,74,0,71.4,7.1,71.9,107.4,736.1,,0,0,26.6,79,27.4,22.7
2026-09-22T18:36:00+05:30,2026-09-22 18:36:00,,,,0,5.5,23.8,84,0,71.4,7.1,71.9,107.4,736.1,,0,0,26.6,79,27.4,22.7
2026-09-22T18:30:00+05:30,2026-09-22 18:30:00,,,,4.7,5.5,23.8,101,0,71.4,7.1,71.9,107.4,736.1,,0,0,26.6,79,27.4,22.7
2026-09-22T18:25:00+05:30,2026-09-22 18:25:00,,,,1.1,5.5,23.8,104,0,71.4,7.1,71.9,107.4,736.1,,0,0,26.7,79,29.1,22.8
2026-09-22T18:20:00+05:30,2026-09-22 18:20:00,,,,0,5.5,23.8,84,0,71.4,7.1,71.9,107.4,736.1,,0,0,26.7,79,29.1,22.8
2026-09-22T18:15:00+05:30,2026-09-22 18:15:00,,,,2.6,9.3,23.8,99,0,71.4,7.1,71.9,107.4,736.1,,0,0.1,26.7,79,29.1,22.8
2026-09-22T18:10:00+05:30,2026-09-22 18:10:00,,,,1.8,5.5,23.8,91,0,71.4,7.1,71.9,107.4,736.1,,0,0.6,26.7,79,29.1,22.8
2026-09-22T18:05:00+05:30,2026-09-22 18:05:00,,,,5.5,9.3,23.8,93,0,71.4,7.1,71.9,107.4,736.1,,0,1.7,26.8,79,29.2,22.8
2026-09-22T18:00:00+05:30,2026-09-22 18:00:00,,,,0,5.5,23.8,100,0,71.4,7.1,71.9,107.4,736.1,,0,3.4,26.8,79,29.2,22.8
2026-09-22T17:55:00+05:30,2026-09-22 17:55:00,,,,3.5,5.5,23.8,114,0,71.4,7.1,71.9,107.4,736.1,,0,6.7,26.8,79,29.2,22.8
2026-09-22T17:50:00+05:30,2026-09-22 17:50:00,,,,0.3,7.2,23.8,81,0,71.4,7.1,71.9,107.4,736.1,,0,10.8,26.8,79,29.2,22.8
2026-09-22T17:45:00+05:30,2026-09-22 17:45:00,,,,3.5,9.3,23.8,104,0,71.4,7.1,71.9,107.4,736.1,,0,17,26.8,79,29.2,22.8
2026-09-22T17:40:00+05:30,2026-09-22 17:40:00,,,,0,0,23.8,69,1.8,71.4,7.1,71.9,107.4,736.1,,0,42.7,26.9,78,29.3,22.7
2026-09-22T17:35:00+05:30,2026-09-22 17:35:00,,,,0,0,23.8,90,0,71.1,6.9,71.6,107.2,735.6,,0,47.3,26.9,78,29.3,22.7
2026-09-22T17:31:00+05:30,2026-09-22 17:31:00,,,,1.1,3.5,23.8,92,0,71.1,6.9,71.6,107.2,735.6,,0,7.1,26.9,78,29.3,22.7
2026-09-22T17:25:00+05:30,2026-09-22 17:25:00,,,,0,5.5,23.8,86,1.3,71.1,6.9,71.6,107.2,735.6,,0,17.9,27,78,29.6,22.8
2026-09-22T17:20:00+05:30,2026-09-22 17:20:00,,,,0,5.5,23.8,78,0,70.9,6.6,71.4,106.9,735.6,,0,19.6,27,78,29.6,22.8
2026-09-22T17:15:00+05:30,2026-09-22 17:15:00,,,,0,5.5,23.8,84,0,70.9,6.6,71.4,106.9,735.6,,0,12.3,27,78,29.6,22.8
2026-09-22T17:10:00+05:30,2026-09-22 17:10:00,,,,2.9,11.1,23.8,92,0,70.9,6.6,71.4,106.9,735.6,,0,20.5,27,78,29.6,22.8
2026-09-22T17:05:00+05:30,2026-09-22 17:05:00,,,,5.5,13,23.8,106,0,70.9,6.6,71.4,106.9,735.6,,0,87.3,27,78,29.6,22.8
2026-09-22T17:00:00+05:30,2026-09-22 17:00:00,,,,2.1,13,23.8,89,0,70.9,6.6,71.4,106.9,735.6,,0,89.2,27,78,29.6,22.8
2026-09-22T16:55:00+05:30,2026-09-22 16:55:00,,,,0,0,23.8,77,0,70.9,6.6,71.4,106.9,735.6,,1,125.3,27,78,29.6,22.8
2026-09-22T16:50:00+05:30,2026-09-22 16:50:00,,,,1.8,5.5,23.8,83,0,70.9,6.6,71.4,106.9,735.6,,0,80.6,27.1,79,29.9,23.2
2026-09-22T16:45:00+05:30,2026-09-22 16:45:00,,,,0,3.5,23.8,73,0,70.9,6.6,71.4,106.9,735.6,,0,101.3,27.2,79,30.1,23.3
2026-09-22T16:41:00+05:30,2026-09-22 16:41:00,,,,0,0,23.8,81,0,70.9,6.6,71.4,106.9,735.6,,0,74.3,27.2,79,30.1,23.3
2026-09-22T16:35:00+05:30,2026-09-22 16:35:00,,,,0,0,23.8,72,0,70.9,6.6,71.4,106.9,735.6,,0,66.8,27.2,79,30.1,23.3
2026-09-22T16:30:00+05:30,2026-09-22 16:30:00,,,,6.1,7.2,23.8,111,0,70.9,6.6,71.4,106.9,735.6,,0,46.3,27.3,79,30.3,23.3
2026-09-22T16:25:00+05:30,2026-09-22 16:25:00,,,,0,0,23.8,106,0,70.9,6.6,71.4,106.9,735.6,,0,37.5,27.3,79,30.3,23.3
2026-09-22T16:20:00+05:30,2026-09-22 16:20:00,,,,0,0,23.8,91,0,70.9,6.6,71.4,106.9,735.6,,0,49.9,27.3,79,30.3,23.3
2026-09-22T16:15:00+05:30,2026-09-22 16:15:00,,,,0.6,3.5,23.8,119,0,70.9,6.6,71.4,106.9,735.6,,0,51.3,27.3,79,30.3,23.3
2026-09-22T16:10:00+05:30,2026-09-22 16:10:00,,,,0,5.5,23.8,87,0,70.9,6.6,71.4,106.9,735.6,,0,74.8,27.3,79,30.3,23.3
2026-09-22T16:05:00+05:30,2026-09-22 16:05:00,,,,0,1.8,23.8,92,0,70.9,6.6,71.4,106.9,735.6,,0,98.1,27.3,79,30.3,23.3
2026-09-22T16:00:00+05:30,2026-09-22 16:00:00,,,,0,0,23.8,79,0,70.9,6.6,71.4,106.9,735.6,,1,190.1,27.3,79,30.3,23.3
2026-09-22T15:55:00+05:30,2026-09-22 15:55:00,,,,0,0,23.8,76,0,70.9,6.6,71.4,106.9,735.6,,0,76.2,27.3,79,30.3,23.3
2026-09-22T15:50:00+05:30,2026-09-22 15:50:00,,,,0,0,23.8,121,0,70.9,6.6,71.4,106.9,735.6,,0,67.7,27.3,79,30.3,23.3
2026-09-22T15:45:00+05:30,2026-09-22 15:45:00,,,,0,5.5,23.8,96,0,70.9,6.6,71.4,106.9,735.6,,0,63.9,27.4,79,30.5,23.4
2026-09-22T15:40:00+05:30,2026-09-22 15:40:00,,,,0,0,23.8,21,0,70.9,6.6,71.4,106.9,735.6,,0,51.2,27.4,79,30.5,23.4
2026-09-22T15:35:00+05:30,2026-09-22 15:35:00,,,,0,0,23.8,75,1.8,70.9,6.6,71.4,106.9,735.6,,0,77.3,27.4,78,30.4,23.2
2026-09-22T15:30:00+05:30,2026-09-22 15:30:00,,,,0,0,23.8,84,1.8,70.9,6.6,71.4,106.9,735.6,,1,199.6,27.4,78,30.4,23.2
2026-09-22T15:25:00+05:30,2026-09-22 15:25:00,,,,0,0,23.8,76,0,70.6,6.3,71.1,106.7,735.1,,0,94.3,27.4,78,30.4,23.2
2026-09-22T15:20:00+05:30,2026-09-22 15:20:00,,,,0,9.3,23.8,83,0,70.6,6.3,71.1,106.7,735.1,,0,19.9,27.4,77,30.3,23
2026-09-22T15:15:00+05:30,2026-09-22 15:15:00,,,,0.3,1.8,23.8,115,0,70.6,6.3,71.1,106.7,735.1,,0,94.5,27.4,78,30.4,23.2
2026-09-22T15:10:00+05:30,2026-09-22 15:10:00,,,,0.3,7.2,23.8,164,0,70.6,6.3,71.1,106.7,735.1,,1,160.3,27.4,78,30.4,23.2
2026-09-22T15:05:00+05:30,2026-09-22 15:05:00,,,,10.5,16.6,23.8,82,0,70.6,6.3,71.1,106.7,735.1,,1,196.9,27.4,78,30.4,23.2
2026-09-22T15:00:00+05:30,2026-09-22 15:00:00,,,,0,9.3,23.8,71,0,70.6,6.3,71.1,106.7,735.1,,2,237.1,27.3,78,30.2,23.1
2026-09-22T14:55:00+05:30,2026-09-22 14:55:00,,,,1.1,3.5,23.8,46,0,70.6,6.3,71.1,106.7,735.1,,6,712.7,27.3,78,30.2,23.1
2026-09-22T14:50:00+05:30,2026-09-22 14:50:00,,,,1.1,13,23.8,111,0,70.6,6.3,71.1,106.7,735.1,,2,246.6,27.3,78,30.2,23.1
2026-09-22T14:45:00+05:30,2026-09-22 14:45:00,,,,0.3,1.8,23.8,98,0,70.6,6.3,71.1,106.7,735.1,,2,242.7,27.2,78,30.1,23.1
2026-09-22T14:40:00+05:30,2026-09-22 14:40:00,,,,1.4,5.5,23.8,113,0,70.6,6.3,71.1,106.7,735.1,,8,856.6,27.1,79,29.9,23.2
2026-09-22T14:35:00+05:30,2026-09-22 14:35:00,,,,0,0,23.8,136,0,70.6,6.3,71.1,106.7,735.1,,6,682.7,27.1,78,29.8,22.9
2026-09-22T14:30:00+05:30,2026-09-22 14:30:00,,,,0,7.2,23.8,87,0,70.6,6.3,71.1,106.7,735.1,,6,652.7,27,78,29.6,22.8
2026-09-22T14:25:00+05:30,2026-09-22 14:25:00,,,,0,7.2,23.8,67,0,70.6,6.3,71.1,106.7,735.1,,1,180.7,27,78,29.6,22.8
2026-09-22T14:20:00+05:30,2026-09-22 14:20:00,,,,6.4,11.1,23.8,122,0,70.6,6.3,71.1,106.7,735.1,,1,167.9,27,79,29.7,23.1
2026-09-22T14:16:00+05:30,2026-09-22 14:16:00,,,,3.2,13,23.8,106,0,70.6,6.3,71.1,106.7,735.1,,8,834.2,27,79,29.7,23.1
2026-09-22T14:10:00+05:30,2026-09-22 14:10:00,,,,2.9,16.6,20.1,134,0,70.6,6.3,71.1,106.7,735.1,,8,896.6,26.9,79,29.4,22.9
2026-09-22T14:05:00+05:30,2026-09-22 14:05:00,,,,4,13,20.1,127,0,70.6,6.3,71.1,106.7,735.1,,1,197.7,26.9,79,29.4,22.9
2026-09-22T14:00:00+05:30,2026-09-22 14:00:00,,,,0.3,3.5,20.1,121,0,70.6,6.3,71.1,106.7,735.1,,7,736.2,26.9,80,29.5,23.1
2026-09-22T13:55:00+05:30,2026-09-22 13:55:00,,,,0,5.5,20.1,138,0,70.6,6.3,71.1,106.7,735.1,,4,463.9,26.9,80,29.5,23.1
2026-09-22T13:50:00+05:30,2026-09-22 13:50:00,,,,0.3,11.1,20.1,101,0,70.6,6.3,71.1,106.7,735.1,,3,368.1,26.9,80,29.5,23.1
2026-09-22T13:45:00+05:30,2026-09-22 13:45:00,,,,0,7.2,20.1,117,0,70.6,6.3,71.1,106.7,735.1,,2,292.1,26.9,81,29.6,23.3
2026-09-22T13:40:00+05:30,2026-09-22 13:40:00,,,,1.4,9.3,20.1,84,0,70.6,6.3,71.1,106.7,735.1,,2,206.7,26.9,81,29.6,23.3
2026-09-22T13:35:00+05:30,2026-09-22 13:35:00,,,,0,11.1,20.1,81,0,70.6,6.3,71.1,106.7,735.1,,1,186.4,26.9,81,29.6,23.3
2026-09-22T13:30:00+05:30,2026-09-22 13:30:00,,,,9.3,13,20.1,91,1.3,70.6,6.3,71.1,106.7,735.1,,2,306.4,26.9,81,29.6,23.3
2026-09-22T13:25:00+05:30,2026-09-22 13:25:00,,,,7.9,11.1,20.1,49,1.3,70.6,6.3,71.1,106.7,735.1,,1,129.6,26.9,81,29.6,23.3
2026-09-22T13:20:00+05:30,2026-09-22 13:20:00,,,,0.3,1.8,20.1,91,0,70.4,6.1,70.9,106.4,735.1,,0,85.5,26.9,81,29.6,23.3
2026-09-22T13:15:00+05:30,2026-09-22 13:15:00,,,,2.9,7.2,20.1,56,0,70.4,6.1,70.9,106.4,735.1,,1,192.4,26.9,81,29.6,23.3
2026-09-22T13:10:00+05:30,2026-09-22 13:10:00,,,,4.7,9.3,20.1,126,0,70.4,6.1,70.9,106.4,735.1,,2,302.7,27,81,29.8,23.4
2026-09-22T13:05:00+05:30,2026-09-22 13:05:00,,,,0,1.8,20.1,85,0,70.4,6.1,70.9,106.4,735.1,,2,299.6,26.9,81,29.6,23.3
2026-09-22T13:00:00+05:30,2026-09-22 13:00:00,,,,7.2,11.1,20.1,50,0,70.4,6.1,70.9,106.4,735.1,,2,289.7,26.9,82,29.7,23.6
2026-09-22T12:55:00+05:30,2026-09-22 12:55:00,,,,3.2,5.5,20.1,118,0,70.4,6.1,70.9,106.4,735.1,,2,277.4,26.9,81,29.6,23.3
2026-09-22T12:50:00+05:30,2026-09-22 12:50:00,,,,0,5.5,20.1,99,0,70.4,6.1,70.9,106.4,735.1,,2,254.4,26.9,81,29.6,23.3
2026-09-22T12:45:00+05:30,2026-09-22 12:45:00,,,,8.7,11.1,20.1,94,1.8,70.4,6.1,70.9,106.4,735.1,,3,327.6,26.9,80,29.5,23.1
2026-09-22T12:40:00+05:30,2026-09-22 12:40:00,,,,0,16.6,20.1,87,1.8,70.4,6.1,70.9,106.4,735.1,,1,121.8,26.9,80,29.5,23.1
2026-09-22T12:35:00+05:30,2026-09-22 12:35:00,,,,0,0,20.1,89,0,70.1,5.8,70.6,106.2,734.8,,0,74.6,26.9,80,29.5,23.1
2026-09-22T12:30:00+05:30,2026-09-22 12:30:00,,,,0.3,11.1,20.1,97,0,70.1,5.8,70.6,106.2,734.8,,1,128.1,26.9,80,29.5,23.1
2026-09-22T12:25:00+05:30,2026-09-22 12:25:00,,,,11.1,14.8,20.1,69,0,70.1,5.8,70.6,106.2,734.8,,4,505.2,26.8,80,29.3,23.1
2026-09-22T12:21:00+05:30,2026-09-22 12:21:00,,,,2.9,13,20.1,97,0,70.1,5.8,70.6,106.2,734.8,,4,413.8,26.7,80,29.1,23
2026-09-22T12:15:00+05:30,2026-09-22 12:15:00,,,,0,1.8,20.1,80,0,70.1,5.8,70.6,106.2,734.8,,2,288.5,26.7,80,29.1,23
2026-09-22T12:10:00+05:30,2026-09-22 12:10:00,,,,9,13,20.1,104,0,70.1,5.8,70.6,106.2,734.8,,2,221.1,26.7,80,29.1,23
2026-09-22T12:05:00+05:30,2026-09-22 12:05:00,,,,0.6,7.2,20.1,81,0,70.1,5.8,70.6,106.2,734.8,,2,283.9,26.7,80,29.1,23
2026-09-22T12:00:00+05:30,2026-09-22 12:00:00,,,,0.3,7.2,20.1,91,0,70.1,5.8,70.6,106.2,734.8,,10,1122.4,26.6,81,27.4,23.1
2026-09-22T11:55:00+05:30,2026-09-22 11:55:00,,,,3.2,9.3,20.1,18,0,70.1,5.8,70.6,106.2,734.8,,3,409.8,26.6,81,27.4,23.1
2026-09-22T11:51:00+05:30,2026-09-22 11:51:00,,,,9,16.6,20.1,104,0,70.1,5.8,70.6,106.2,734.8,,9,948,26.6,81,27.4,23.1
2026-09-21T16:40:00+05:30,2026-09-21 16:40:00,,,,1.4,3.5,27.7,80,0,64.3,29.7,64.8,100.3,729,,0,61.7,25.8,80,26.5,22.1
2026-09-21T16:35:00+05:30,2026-09-21 16:35:00,,,,1.8,3.5,27.7,77,0,64.3,29.7,64.8,100.3,729,,0,58.9,25.8,80,26.5,22.1
2026-09-21T16:30:00+05:30,2026-09-21 16:30:00,,,,3.2,3.5,27.7,109,0,64.3,29.7,64.8,100.3,729,,0,56.9,25.9,80,26.6,22.2
2026-09-21T16:25:00+05:30,2026-09-21 16:25:00,,,,3.5,7.2,27.7,101,0,64.3,29.7,64.8,100.3,729,,0,53.9,25.9,80,26.6,22.2
2026-09-21T16:20:00+05:30,2026-09-21 16:20:00,,,,6.9,9.3,27.7,84,0,64.3,29.7,64.8,100.3,729,,0,55.4,25.9,80,26.6,22.2
2026-09-21T16:15:00+05:30,2026-09-21 16:15:00,,,,2.6,3.5,27.7,103,0,64.3,29.7,64.8,100.3,729,,0,57.2,25.9,80,26.6,22.2
2026-09-21T16:10:00+05:30,2026-09-21 16:10:00,,,,1.4,3.5,27.7,84,0,64.3,29.7,64.8,100.3,729,,0,56,25.9,80,26.6,22.2
2026-09-21T16:05:00+05:30,2026-09-21 16:05:00,,,,0,1.8,27.7,90,0,64.3,29.7,64.8,100.3,729,,0,58.8,25.9,79,26.6,21.9
2026-09-21T16:00:00+05:30,2026-09-21 16:00:00,,,,6.4,9.3,27.7,102,0,64.3,29.7,64.8,100.3,729,,0,59,25.9,79,26.6,21.9
2026-09-21T15:55:00+05:30,2026-09-21 15:55:00,,,,3.5,13,27.7,119,0,64.3,29.7,64.8,100.3,729,,0,58.3,25.9,79,26.6,21.9
2026-09-21T15:50:00+05:30,2026-09-21 15:50:00,,,,2.9,7.2,27.7,89,0,64.3,29.7,64.8,100.3,729,,0,58.4,25.9,79,26.6,21.9
2026-09-21T15:45:00+05:30,2026-09-21 15:45:00,,,,3.5,5.5,27.7,105,0,64.3,29.7,64.8,100.3,729,,0,56.7,25.9,79,26.6,21.9
2026-09-21T15:40:00+05:30,2026-09-21 15:40:00,,,,3.5,9.3,27.7,141,0,64.3,29.7,64.8,100.3,729,,0,55.5,25.9,79,26.6,21.9
2026-09-21T15:35:00+05:30,2026-09-21 15:35:00,,,,4.7,7.2,27.7,90,0,64.3,29.7,64.8,100.3,729,,0,52.2,26,79,26.7,22.1
2026-09-21T15:30:00+05:30,2026-09-21 15:30:00,,,,2.6,11.1,27.7,82,0,64.3,29.7,64.8,100.3,729,,0,49.2,26,79,26.7,22.1
2026-09-21T15:25:00+05:30,2026-09-21 15:25:00,,,,2.9,11.1,27.7,98,0,64.3,29.7,64.8,100.3,729,,0,46.5,26,79,26.7,22.1
2026-09-21T15:20:00+05:30,2026-09-21 15:20:00,,,,4,21.9,27.7,74,0,64.3,29.7,64.8,100.3,729,,0,43.4,26,79,26.7,22.1
2026-09-21T15:15:00+05:30,2026-09-21 15:15:00,,,,5.5,11.1,27.7,139,1.8,64.3,29.7,64.8,100.3,729,,0,39.5,26,79,26.7,22.1
2026-09-21T15:10:00+05:30,2026-09-21 15:10:00,,,,0.3,13,27.7,125,1.8,64.3,29.7,64.8,100.3,729,,0,36.8,26.1,79,26.8,22.2
2026-09-21T15:05:00+05:30,2026-09-21 15:05:00,,,,0,5.5,27.7,91,0,64,29.5,64.5,100.1,728.7,,0,26.2,26.1,79,26.8,22.2
2026-09-21T15:00:00+05:30,2026-09-21 15:00:00,,,,0,0,27.7,106,1.3,64,29.5,64.5,100.1,728.7,,0,29.2,26.1,79,26.8,22.2
2026-09-21T14:56:00+05:30,2026-09-21 14:56:00,,,,0,0,27.7,46,1.3,64,29.5,64.5,100.1,728.7,,0,25.4,26.1,79,26.8,22.2
2026-09-21T14:50:00+05:30,2026-09-21 14:50:00,,,,0,0,27.7,108,0,63.8,29.2,64.3,99.8,728.5,,0,24.6,26.1,79,26.8,22.2
2026-09-21T14:45:00+05:30,2026-09-21 14:45:00,,,,1.4,7.2,27.7,100,3,63.8,29.2,64.3,99.8,728.5,,0,24.3,26.1,79,26.8,22.2
2026-09-21T14:40:00+05:30,2026-09-21 14:40:00,,,,3.2,7.2,27.7,126,4.8,63.8,29.2,64.3,99.8,728.5,,0,19.9,26.2,79,26.9,22.3
2026-09-21T14:35:00+05:30,2026-09-21 14:35:00,,,,0,0,27.7,125,13.7,63.2,28.7,63.8,99.3,728,,0,20.8,26.2,80,27,22.5
2026-09-21T14:30:00+05:30,2026-09-21 14:30:00,,,,0,9.3,27.7,74,28.7,62.7,28.2,63.2,98.8,727.2,,0,15.4,26.3,80,27.1,22.6
2026-09-21T14:25:00+05:30,2026-09-21 14:25:00,,,,0,0,27.7,79,30.5,60.2,25.7,60.7,96.3,724.9,,0,12.8,26.3,80,27.1,22.6
2026-09-21T14:21:00+05:30,2026-09-21 14:21:00,,,,0,0,27.7,56,35.3,58.2,23.6,58.7,94.2,722.9,,0,21.3,26.3,80,27.1,22.6
2026-09-21T14:15:00+05:30,2026-09-21 14:15:00,,,,0,0,27.7,104,30.5,55.1,20.6,55.6,91.2,719.6,,0,28.3,26.3,79,27,22.3
2026-09-21T14:10:00+05:30,2026-09-21 14:10:00,,,,0,0,27.7,92,11.9,51.8,17.3,52.3,87.9,716.3,,0,54.1,26.3,80,27.1,22.6
2026-09-21T14:05:00+05:30,2026-09-21 14:05:00,,,,0,0,27.7,75,6.1,50,15.5,50.5,86.1,714.5,,0,80.3,26.2,79,26.9,22.3
2026-09-21T14:00:00+05:30,2026-09-21 14:00:00,,,,0,0,27.7,88,16.8,49.8,15.2,50.3,85.9,714.5,,0,61.3,26.2,79,26.9,22.3
2026-09-21T13:55:00+05:30,2026-09-21 13:55:00,,,,0,0,27.7,75,22.9,49,14.5,49.5,85.1,713.5,,0,100.4,26.2,79,26.9,22.3
2026-09-21T13:50:00+05:30,2026-09-21 13:50:00,,,,0,0,27.7,72,8.9,45.7,11.2,46.2,81.8,710.2,,0,53.6,26.2,79,26.9,22.3
2026-09-21T13:46:00+05:30,2026-09-21 13:46:00,,,,0,0,27.7,90,18,45.2,10.7,45.7,81.3,709.7,,0,40,26.2,79,26.9,22.3
2026-09-21T13:40:00+05:30,2026-09-21 13:40:00,,,,0,0,27.7,68,28.7,44.2,9.7,44.7,80.3,708.9,,0,45.3,26.2,78,26.9,22.1
2026-09-21T13:35:00+05:30,2026-09-21 13:35:00,,,,0,1.8,27.7,209,16.8,41.4,6.9,41.9,77.5,706.1,,0,45.5,26.3,78,27,22.1
2026-09-21T13:30:00+05:30,2026-09-21 13:30:00,,,,0,9.3,27.7,67,4.8,39.4,4.8,39.9,75.4,704.1,,0,66.3,26.4,78,27.1,22.2
2026-09-21T13:25:00+05:30,2026-09-21 13:25:00,,,,2.1,9.3,27.7,83,0,38.6,4.1,39.1,74.7,703.3,,0,73.3,26.4,78,27.1,22.2
2026-09-21T13:20:00+05:30,2026-09-21 13:20:00,,,,0,1.8,27.7,105,0,38.6,4.1,39.1,74.7,703.3,,1,160.6,26.5,78,27.2,22.3
2026-09-21T13:15:00+05:30,2026-09-21 13:15:00,,,,5,20.1,20.1,93,0,38.6,4.1,39.1,74.7,703.3,,1,138.2,26.6,78,27.4,22.4
2026-09-21T13:10:00+05:30,2026-09-21 13:10:00,,,,12.2,20.1,20.1,161,0,38.6,4.1,39.1,74.7,703.3,,1,152.5,26.6,79,27.4,22.7
2026-09-21T13:05:00+05:30,2026-09-21 13:05:00,,,,6.4,13,14.8,69,0,38.6,4.1,39.1,74.7,703.3,,0,35.2,26.6,80,27.4,22.9
2026-09-21T13:00:00+05:30,2026-09-21 13:00:00,,,,0.3,1.8,14.8,60,0,38.6,4.1,39.1,74.7,703.3,,2,283.7,26.6,80,27.4,22.9
2026-09-21T12:55:00+05:30,2026-09-21 12:55:00,,,,0,0,14.8,87,0,38.6,4.1,39.1,74.7,703.3,,4,450.6,26.6,80,27.4,22.9
2026-09-21T12:50:00+05:30,2026-09-21 12:50:00,,,,0,1.8,14.8,81,0,38.6,4.1,39.1,74.7,703.3,,3,323.9,26.6,80,27.4,22.9
2026-09-21T12:45:00+05:30,2026-09-21 12:45:00,,,,0,5.5,14.8,98,0,38.6,4.1,39.1,74.7,703.3,,2,299.9,26.6,80,27.4,22.9
2026-09-21T12:41:00+05:30,2026-09-21 12:41:00,,,,0,0,14.8,67,0,38.6,4.1,39.1,74.7,703.3,,2,212,26.6,81,27.4,23.1
2026-09-21T12:35:00+05:30,2026-09-21 12:35:00,,,,0,0,14.8,62,0,38.6,4.1,39.1,74.7,703.3,,1,204.2,26.5,81,27.3,22.9
2026-09-21T12:30:00+05:30,2026-09-21 12:30:00,,,,1.4,7.2,14.8,80,0,38.6,4.1,39.1,74.7,703.3,,2,268.6,26.5,81,27.3,22.9
2026-09-21T12:25:00+05:30,2026-09-21 12:25:00,,,,2.1,3.5,14.8,84,0,38.6,4.1,39.1,74.7,703.3,,3,337,26.5,81,27.3,22.9
2026-09-21T12:20:00+05:30,2026-09-21 12:20:00,,,,0.3,3.5,14.8,58,0,38.6,4.1,39.1,74.7,703.3,,4,451.2,26.5,81,27.3,22.9
2026-09-21T12:15:00+05:30,2026-09-21 12:15:00,,,,0.3,5.5,14.8,92,0,38.6,4.1,39.1,74.7,703.3,,5,564.3,26.4,81,27.2,22.8
2026-09-21T12:10:00+05:30,2026-09-21 12:10:00,,,,0.3,1.8,14.8,88,0,38.6,4.1,39.1,74.7,703.3,,3,368.3,26.4,81,27.2,22.8
2026-09-21T12:05:00+05:30,2026-09-21 12:05:00,,,,0,1.8,14.8,87,0,38.6,4.1,39.1,74.7,703.3,,3,384,26.4,81,27.2,22.8
2026-09-21T12:00:00+05:30,2026-09-21 12:00:00,,,,0,1.8,14.8,81,0,38.6,4.1,39.1,74.7,703.3,,4,432.2,26.4,81,27.2,22.8
2026-09-21T11:55:00+05:30,2026-09-21 11:55:00,,,,0,1.8,14.8,104,0,38.6,4.1,39.1,74.7,703.3,,3,373.9,26.4,81,27.2,22.8
2026-09-21T11:50:00+05:30,2026-09-21 11:50:00,,,,0,0,14.8,79,0,38.6,4.1,39.1,74.7,703.3,,3,321.6,26.4,81,27.2,22.8
2026-09-21T11:45:00+05:30,2026-09-21 11:45:00,,,,0,3.5,14.8,89,0,38.6,4.1,39.1,74.7,703.3,,2,225,26.3,81,27.1,22.7
2026-09-21T11:40:00+05:30,2026-09-21 11:40:00,,,,0,0,14.8,76,1.3,38.6,4.1,39.1,74.7,703.3,,1,104.4,26.3,80,27.1,22.6
2026-09-21T11:36:00+05:30,2026-09-21 11:36:00,,,,0,0,14.8,85,6.1,38.6,4.1,39.1,74.7,703.3,,1,124,26.3,80,27.1,22.6
2026-09-21T11:30:00+05:30,2026-09-21 11:30:00,,,,0,5.5,14.8,83,16.8,38.4,3.8,38.9,74.4,703.1,,1,151.6,26.3,80,27.1,22.6
2026-09-21T11:26:00+05:30,2026-09-21 11:26:00,,,,5.8,13,14.8,47,10.2,37.3,2.8,37.8,73.4,701.8,,1,112.9,26.3,80,27.1,22.6
2026-09-18T17:25:00+05:30,2026-09-18 17:25:00,,,,0,13,14.8,121,0,0,0.3,23.1,35.6,664.2,,0,73.3,29.2,71,33.4,23.4
2026-09-18T17:20:00+05:30,2026-09-18 17:20:00,,,,0,1.8,13,74,0,0,0.3,23.1,35.6,664.2,,0,88,29.2,71,33.4,23.4
2026-09-18T17:15:00+05:30,2026-09-18 17:15:00,,,,0,7.2,13,89,0,0,0.3,23.1,35.6,664.2,,0,90.3,29.2,70,33.2,23.2
2026-09-18T17:11:00+05:30,2026-09-18 17:11:00,,,,0.3,9.3,13,80,0,0,0.3,23.1,35.6,664.2,,1,104.6,29.2,70,33.2,23.2
2026-09-18T17:05:00+05:30,2026-09-18 17:05:00,,,,0.6,3.5,13,98,0,0,0.3,23.1,35.6,664.2,,1,127.2,29.2,70,33.2,23.2
2026-09-18T17:00:00+05:30,2026-09-18 17:00:00,,,,0,9.3,13,122,0,0,0.3,23.1,35.6,664.2,,1,109.9,29.2,71,33.4,23.4
2026-09-18T16:55:00+05:30,2026-09-18 16:55:00,,,,5,9.3,13,95,0,0,0.3,23.1,35.6,664.2,,0,91.3,29.2,71,33.4,23.4
2026-09-18T16:50:00+05:30,2026-09-18 16:50:00,,,,1.1,7.2,7.2,91,0,0,0.3,23.1,35.6,664.2,,1,110.8,29.2,71,33.4,23.4
2026-09-18T16:48:00+05:30,2026-09-18 16:48:00,,,,0,1.8,1.8,75,0,0,0.3,23.1,35.6,664.2,,0,87.6,29.2,71,33.4,23.4
2026-09-18T16:40:00+05:30,2026-09-18 16:40:00,,,,0,3.5,21.9,93,0,0.3,0.3,23.1,35.6,664.2,,1,175.1,29.2,70,33.2,23.2
2026-09-18T16:35:00+05:30,2026-09-18 16:35:00,,,,4.7,9.3,21.9,113,0,0.3,0.3,23.1,35.6,664.2,,1,193,29.2,71,33.4,23.4
2026-09-18T16:30:00+05:30,2026-09-18 16:30:00,,,,1.4,5.5,21.9,55,0,0.3,0.3,23.1,35.6,664.2,,1,204.8,29.2,71,33.4,23.4
2026-09-18T16:25:00+05:30,2026-09-18 16:25:00,,,,0,7.2,21.9,79,0,0.3,0.3,23.1,35.6,664.2,,1,205.2,29.2,71,33.4,23.4
2026-09-18T16:20:00+05:30,2026-09-18 16:20:00,,,,0,5.5,21.9,94,0,0.3,0.3,23.1,35.6,664.2,,2,271.4,29.2,70,33.2,23.2
2026-09-18T16:15:00+05:30,2026-09-18 16:15:00,,,,5.5,14.8,21.9,103,0,0.3,0.3,23.1,35.6,664.2,,2,275.5,29.3,71,33.6,23.4
2026-09-18T16:10:00+05:30,2026-09-18 16:10:00,,,,2.6,9.3,21.9,81,1.8,0.3,0.3,23.1,35.6,664.2,,1,159.5,29.3,71,33.6,23.4
2026-09-18T16:05:00+05:30,2026-09-18 16:05:00,,,,1.4,13,21.9,89,1.8,0.3,0.3,23.1,35.6,664.2,,2,263,29.4,71,33.8,23.6
2026-09-18T16:00:00+05:30,2026-09-18 16:00:00,,,,0.3,5.5,21.9,92,0,0,0,22.9,35.3,663.7,,3,349.1,29.3,71,33.6,23.4
2026-09-18T15:55:00+05:30,2026-09-18 15:55:00,,,,1.8,13,21.9,89,0,0,0,22.9,35.3,663.7,,3,363.3,29.4,71,33.8,23.6
2026-09-18T15:50:00+05:30,2026-09-18 15:50:00,,,,1.1,13,21.9,110,0,0,0,22.9,35.3,663.7,,1,188.9,29.4,72,34,23.8
2026-09-18T15:46:00+05:30,2026-09-18 15:46:00,,,,0,1.8,21.9,97,0,0,0,22.9,35.3,663.7,,1,184.2,29.4,72,34,23.8
2026-09-18T15:40:00+05:30,2026-09-18 15:40:00,,,,8.2,13,21.9,134,0,0,0,22.9,35.3,663.7,,1,169,29.5,72,34.3,23.9
2026-09-18T15:35:00+05:30,2026-09-18 15:35:00,,,,0,3.5,21.9,84,0,0,0,22.9,35.3,663.7,,1,145.1,29.5,72,34.3,23.9
2026-09-18T15:30:00+05:30,2026-09-18 15:30:00,,,,0,1.8,21.9,96,0,0,0,22.9,35.3,663.7,,1,124.2,29.5,71,34.1,23.7
2026-09-18T15:25:00+05:30,2026-09-18 15:25:00,,,,0.3,7.2,21.9,95,0,0,0,22.9,35.3,663.7,,1,128.4,29.6,71,34.3,23.8
2026-09-18T15:20:00+05:30,2026-09-18 15:20:00,,,,1.1,9.3,21.9,86,0,0,0,22.9,35.3,663.7,,1,123.1,29.6,71,34.3,23.8
2026-09-18T15:15:00+05:30,2026-09-18 15:15:00,,,,0,14.8,21.9,97,0,0,0,22.9,35.3,663.7,,1,122.9,29.7,71,34.6,23.9
2026-09-18T15:10:00+05:30,2026-09-18 15:10:00,,,,0,5.5,21.9,84,0,0,0,22.9,35.3,663.7,,1,126.4,29.7,71,34.6,23.9
2026-09-18T15:05:00+05:30,2026-09-18 15:05:00,,,,2.1,7.2,21.9,101,0,0,0,22.9,35.3,663.7,,1,129.8,29.7,71,34.6,23.9
2026-09-18T15:00:00+05:30,2026-09-18 15:00:00,,,,0,5.5,21.9,81,0,0,0,22.9,35.3,663.7,,1,145.7,29.7,71,34.6,23.9
2026-09-18T14:55:00+05:30,2026-09-18 14:55:00,,,,1.1,7.2,21.9,97,0,0,0,22.9,35.3,663.7,,1,153,29.7,71,34.6,23.9
2026-09-18T14:50:00+05:30,2026-09-18 14:50:00,,,,0,5.5,21.9,82,0,0,0,22.9,35.3,663.7,,1,173,29.7,71,34.6,23.9
2026-09-18T14:45:00+05:30,2026-09-18 14:45:00,,,,1.1,3.5,21.9,82,0,0,0,22.9,35.3,663.7,,2,220.3,29.7,71,34.6,23.9
2026-09-18T14:40:00+05:30,2026-09-18 14:40:00,,,,0,0,21.9,81,0,0,0,22.9,35.3,663.7,,2,238.4,29.7,71,34.6,23.9
2026-09-18T14:35:00+05:30,2026-09-18 14:35:00,,,,0,0,21.9,83,0,0,0,22.9,35.3,663.7,,1,163.3,29.7,71,34.6,23.9
2026-09-18T14:30:00+05:30,2026-09-18 14:30:00,,,,0,3.5,21.9,129,0,0,0,22.9,35.3,663.7,,1,135.8,29.7,70,34.4,23.7
2026-09-18T14:25:00+05:30,2026-09-18 14:25:00,,,,4.7,5.5,21.9,147,0,0,0,22.9,35.3,663.7,,1,138.2,29.7,70,34.4,23.7
2026-09-18T14:20:00+05:30,2026-09-18 14:20:00,,,,0,3.5,21.9,66,0,0,0,22.9,35.3,663.7,,1,147.2,29.7,70,34.4,23.7
2026-09-18T14:15:00+05:30,2026-09-18 14:15:00,,,,0,3.5,21.9,74,0,0,0,22.9,35.3,663.7,,1,166.4,29.8,68,34.1,23.2
2026-09-18T14:10:00+05:30,2026-09-18 14:10:00,,,,4.7,7.2,21.9,88,0,0,0,22.9,35.3,663.7,,1,129,29.8,68,34.1,23.2
2026-09-18T14:05:00+05:30,2026-09-18 14:05:00,,,,5,9.3,21.9,110,0,0,0,22.9,35.3,663.7,,0,93.2,29.8,67,33.8,23
2026-09-18T14:00:00+05:30,2026-09-18 14:00:00,,,,0,7.2,21.9,46,0,0,0,22.9,35.3,663.7,,1,132.9,29.8,67,33.8,23
2026-09-18T13:55:00+05:30,2026-09-18 13:55:00,,,,0.6,5.5,21.9,155,0,0,0,22.9,35.3,663.7,,1,201,29.8,66,33.6,22.7
2026-09-18T13:50:00+05:30,2026-09-18 13:50:00,,,,0,0,21.9,92,0,0,0,22.9,35.3,663.7,,2,273,29.8,66,33.6,22.7
2026-09-18T13:45:00+05:30,2026-09-18 13:45:00,,,,2.9,13,21.9,62,0,0,0,22.9,35.3,663.7,,2,220.8,29.8,66,33.6,22.7
2026-09-18T13:40:00+05:30,2026-09-18 13:40:00,,,,0,3.5,21.9,94,0,0,0,22.9,35.3,663.7,,2,226.5,29.7,67,33.7,22.9
2026-09-18T13:35:00+05:30,2026-09-18 13:35:00,,,,0,1.8,21.9,65,0,0,0,22.9,35.3,663.7,,2,266.3,29.7,67,33.7,22.9
2026-09-18T13:30:00+05:30,2026-09-18 13:30:00,,,,0,11.1,21.9,77,0,0,0,22.9,35.3,663.7,,9,966,29.7,68,33.9,23.2
2026-09-18T13:25:00+05:30,2026-09-18 13:25:00,,,,0,13,21.9,91,0,0,0,22.9,35.3,663.7,,6,637.8,29.6,68,33.7,23.1
2026-09-18T13:20:00+05:30,2026-09-18 13:20:00,,,,0,3.5,21.9,82,0,0,0,22.9,35.3,663.7,,9,1025.7,29.5,68,33.4,22.9
2026-09-18T13:15:00+05:30,2026-09-18 13:15:00,,,,3.5,7.2,21.9,129,0,0,0,22.9,35.3,663.7,,5,525.8,29.4,68,33.2,22.8
2026-09-18T13:10:00+05:30,2026-09-18 13:10:00,,,,2.6,9.3,21.9,90,0,0,0,22.9,35.3,663.7,,9,936.2,29.3,68,32.9,22.7
2026-09-18T13:05:00+05:30,2026-09-18 13:05:00,,,,3.2,14.8,21.9,75,0,0,0,22.9,35.3,663.7,,2,300.8,29.3,68,32.9,22.7
2026-09-18T13:00:00+05:30,2026-09-18 13:00:00,,,,0,7.2,21.9,69,0,0,0,22.9,35.3,663.7,,9,947.4,29.2,68,32.8,22.7
2026-09-18T12:55:00+05:30,2026-09-18 12:55:00,,,,8.2,13,21.9,136,0,0,0,22.9,35.3,663.7,,4,412.3,29.2,68,32.8,22.7
2026-09-18T12:50:00+05:30,2026-09-18 12:50:00,,,,6.9,16.6,21.9,117,0,0,0,22.9,35.3,663.7,,5,600.3,29.2,68,32.8,22.7
2026-09-18T12:45:00+05:30,2026-09-18 12:45:00,,,,2.9,14.8,21.9,103,0,0,0,22.9,35.3,663.7,,4,438,29.1,68,32.6,22.6
2026-09-18T12:40:00+05:30,2026-09-18 12:40:00,,,,0.3,7.2,21.9,107,0,0,0,22.9,35.3,663.7,,5,584.1,29.1,68,32.6,22.6
2026-09-18T12:35:00+05:30,2026-09-18 12:35:00,,,,0,5.5,21.9,5,0,0,0,22.9,35.3,663.7,,3,376.9,29,68,32.4,22.5
2026-09-18T12:30:00+05:30,2026-09-18 12:30:00,,,,2.1,9.3,21.9,47,0,0,0,22.9,35.3,663.7,,3,333.5,29,68,32.4,22.5
2026-09-18T12:25:00+05:30,2026-09-18 12:25:00,,,,1.4,11.1,21.9,69,0,0,0,22.9,35.3,663.7,,4,458.2,29,69,32.6,22.7
2026-09-18T12:20:00+05:30,2026-09-18 12:20:00,,,,0,5.5,21.9,65,0,0,0,22.9,35.3,663.7,,7,737.5,28.9,69,32.3,22.6
2026-09-18T12:16:00+05:30,2026-09-18 12:16:00,,,,7.2,11.1,21.9,114,0,0,0,22.9,35.3,663.7,,5,519.6,28.9,68,32.1,22.4
2026-09-18T12:10:00+05:30,2026-09-18 12:10:00,,,,0.3,3.5,21.9,102,0,0,0,22.9,35.3,663.7,,1,204.9,28.9,69,32.3,22.6
2026-09-18T12:05:00+05:30,2026-09-18 12:05:00,,,,1.4,3.5,21.9,75,0,0,0,22.9,35.3,663.7,,2,242.9,28.8,69,32.1,22.5
2026-09-18T12:00:00+05:30,2026-09-18 12:00:00,,,,1.1,5.5,21.9,60,0,0,0,22.9,35.3,663.7,,3,344.6,28.7,69,31.9,22.4
2026-09-18T11:55:00+05:30,2026-09-18 11:55:00,,,,1.1,5.5,21.9,87,0,0,0,22.9,35.3,663.7,,2,257.1,28.7,69,31.9,22.4
2026-09-18T11:50:00+05:30,2026-09-18 11:50:00,,,,3.5,13,21.9,101,0,0,0,22.9,35.3,663.7,,10,1076.2,28.6,70,31.9,22.6
2026-09-18T11:45:00+05:30,2026-09-18 11:45:00,,,,7.9,20.1,20.1,128,0,0,0,22.9,35.3,663.7,,2,285.6,28.6,70,31.9,22.6
2026-09-18T11:40:00+05:30,2026-09-18 11:40:00,,,,6.4,11.1,14.8,106,0,0,0,22.9,35.3,663.7,,1,132.8,28.6,70,31.9,22.6
2026-09-18T11:35:00+05:30,2026-09-18 11:35:00,,,,2.1,9.3,14.8,94,0,0,0,22.9,35.3,663.7,,1,129.4,28.5,70,31.7,22.5
2026-09-18T11:30:00+05:30,2026-09-18 11:30:00,,,,2.6,7.2,14.8,108,0,0,0,22.9,35.3,663.7,,3,348.2,28.5,71,31.8,22.7
2026-09-18T11:25:00+05:30,2026-09-18 11:25:00,,,,0.6,7.2,14.8,119,0,0,0,22.9,35.3,663.7,,9,1018.7,28.4,71,31.6,22.6
2026-09-18T11:21:00+05:30,2026-09-18 11:21:00,,,,0.6,3.5,14.8,115,0,0,0,22.9,35.3,663.7,,10,1108,28.4,71,31.6,22.6
2026-09-18T11:15:00+05:30,2026-09-18 11:15:00,,,,0.6,9.3,14.8,70,0,0,0,22.9,35.3,663.7,,3,334.5,28.3,71,31.4,22.5
2026-09-18T11:10:00+05:30,2026-09-18 11:10:00,,,,0,11.1,14.8,81,0,0,0,22.9,35.3,663.7,,11,1150.2,28.2,71,31.2,22.4
2026-09-18T11:05:00+05:30,2026-09-18 11:05:00,,,,1.4,7.2,14.8,93,0,0,0,22.9,35.3,663.7,,6,676.5,28.2,71,31.2,22.4
2026-09-18T11:00:00+05:30,2026-09-18 11:00:00,,,,0,9.3,14.8,71,0,0,0,22.9,35.3,663.7,,9,939.1,28.2,72,31.4,22.7
2026-09-18T10:55:00+05:30,2026-09-18 10:55:00,,,,0.6,7.2,14.8,96,0,0,0,22.9,35.3,663.7,,1,170.3,28.1,72,31.2,22.6
2026-09-18T10:50:00+05:30,2026-09-18 10:50:00,,,,0,9.3,14.8,5,0,0,0,22.9,35.3,663.7,,9,1014.1,28.1,72,31.2,22.6
2026-09-18T10:45:00+05:30,2026-09-18 10:45:00,,,,2.9,13,14.8,118,0,0,0,22.9,35.3,663.7,,1,159.4,28,73,31.1,22.7
2026-09-18T10:40:00+05:30,2026-09-18 10:40:00,,,,0,5.5,14.8,92,0,0,0,22.9,35.3,663.7,,1,186.1,28,73,31.1,22.7
2026-09-18T10:35:00+05:30,2026-09-18 10:35:00,,,,0.3,5.5,14.8,99,0,0,0,22.9,35.3,663.7,,2,211.6,27.9,74,31,22.8
2026-09-18T10:30:00+05:30,2026-09-18 10:30:00,,,,0,1.8,14.8,97,0,0,0,22.9,35.3,663.7,,9,1003.9,27.9,74,31,22.8
2026-09-18T10:25:00+05:30,2026-09-18 10:25:00,,,,3.5,13,14.8,84,0,0,0,22.9,35.3,663.7,,1,205.1,27.8,74,30.7,22.7
2026-09-18T10:20:00+05:30,2026-09-18 10:20:00,,,,2.9,3.5,14.8,92,0,0,0,22.9,35.3,663.7,,7,793.8,27.7,74,30.6,22.7
2026-09-18T10:15:00+05:30,2026-09-18 10:15:00,,,,1.1,5.5,14.8,129,0,0,0,22.9,35.3,663.7,,2,253.4,27.7,74,30.6,22.7
2026-09-18T10:10:00+05:30,2026-09-18 10:10:00,,,,2.9,7.2,14.8,128,0,0,0,22.9,35.3,663.7,,1,178.9,27.6,74,30.4,22.6
2026-09-18T10:05:00+05:30,2026-09-18 10:05:00,,,,0.6,7.2,14.8,46,0,0,0,22.9,35.3,663.7,,2,256.3,27.5,74,30.2,22.4
2026-09-18T10:00:00+05:30,2026-09-18 10:00:00,,,,0,5.5,14.8,79,0,0,0,22.9,35.3,663.7,,2,238.6,27.5,75,30.3,22.7
2026-09-18T09:55:00+05:30,2026-09-18 09:55:00,,,,6.1,9.3,14.8,84,0,0,0,22.9,35.3,663.7,,3,353.3,27.4,75,30.1,22.6
2026-09-18T09:50:00+05:30,2026-09-18 09:50:00,,,,0.6,3.5,14.8,85,0,0,0,22.9,35.3,663.7,,6,629.1,27.3,75,29.8,22.4
2026-09-18T09:45:00+05:30,2026-09-18 09:45:00,,,,3.2,7.2,14.8,186,0,0,0,22.9,35.3,663.7,,2,304.9,27.3,75,29.8,22.4
2026-09-18T09:40:00+05:30,2026-09-18 09:40:00,,,,0,11.1,14.8,83,0,0,0,22.9,35.3,663.7,,3,360,27.2,75,29.7,22.4
2026-09-18T09:35:00+05:30,2026-09-18 09:35:00,,,,6.1,9.3,14.8,109,0,0,0,22.9,35.3,663.7,,3,362.7,27.1,75,29.5,22.3
2026-09-18T09:30:00+05:30,2026-09-18 09:30:00,,,,4.3,9.3,14.8,91,0,0,0,22.9,35.3,663.7,,6,691.4,27,74,29.2,21.9
2026-09-18T09:25:00+05:30,2026-09-18 09:25:00,,,,4,11.1,14.8,95,0,0,0,22.9,35.3,663.7,,2,262.9,27,74,29.2,21.9
2026-09-18T09:20:00+05:30,2026-09-18 09:20:00,,,,0.3,7.2,14.8,72,0,0,0,22.9,35.3,663.7,,3,322.3,26.9,74,29,21.8
2026-09-18T09:16:00+05:30,2026-09-18 09:16:00,,,,3.2,9.3,14.8,46,0,0,0,22.9,35.3,663.7,,2,214.9,26.9,74,29,21.8
2026-09-18T09:10:00+05:30,2026-09-18 09:10:00,,,,0.6,7.2,14.8,46,0,0,0,22.9,35.3,663.7,,0,98.6,26.9,74,29,21.8
2026-09-18T09:05:00+05:30,2026-09-18 09:05:00,,,,7.9,9.3,14.8,111,0,0,0,22.9,35.3,663.7,,1,105.9,26.8,74,28.8,21.7
2026-09-18T09:00:00+05:30,2026-09-18 09:00:00,,,,3.2,9.3,14.8,87,0,0,0,22.9,35.3,663.7,,1,141,26.8,74,28.8,21.7
2026-09-18T08:55:00+05:30,2026-09-18 08:55:00,,,,3.5,5.5,14.8,103,0,0,0,22.9,35.3,663.7,,1,174.8,26.8,74,28.8,21.7
2026-09-18T08:50:00+05:30,2026-09-18 08:50:00,,,,1.1,5.5,14.8,85,0,0,0,22.9,35.3,663.7,,2,225.7,26.7,74,28.7,21.7
2026-09-18T08:45:00+05:30,2026-09-18 08:45:00,,,,0,3.5,14.8,81,0,0,0,22.9,35.3,663.7,,2,265.9,26.7,73,28.6,21.4
2026-09-18T08:40:00+05:30,2026-09-18 08:40:00,,,,1.4,9.3,14.8,53,0,0,0,22.9,35.3,663.7,,2,286.9,26.7,73,28.6,21.4
2026-09-18T08:35:00+05:30,2026-09-18 08:35:00,,,,0.6,5.5,14.8,96,0,0,0,22.9,35.3,663.7,,2,231.5,26.7,73,28.6,21.4
2026-09-18T08:30:00+05:30,2026-09-18 08:30:00,,,,0.3,3.5,14.8,82,0,0,0,22.9,35.3,663.7,,1,190,26.7,73,28.6,21.4
2026-09-18T08:25:00+05:30,2026-09-18 08:25:00,,,,0,9.3,14.8,95,0,0,0,22.9,35.3,663.7,,1,169.1,26.7,73,28.6,21.4
2026-09-18T08:20:00+05:30,2026-09-18 08:20:00,,,,0,0,14.8,82,0,0,0,22.9,35.3,663.7,,1,146.6,26.7,73,28.6,21.4
2026-09-18T08:15:00+05:30,2026-09-18 08:15:00,,,,4,14.8,14.8,65,0,0,0,22.9,35.3,663.7,,1,152.5,26.7,73,28.6,21.4
2026-09-18T08:11:00+05:30,2026-09-18 08:11:00,,,,0,0,13,88,0,0,0,22.9,35.3,663.7,,1,171,26.7,73,28.6,21.4
2026-09-18T08:05:00+05:30,2026-09-18 08:05:00,,,,8.7,11.1,13,95,0,0,0,22.9,35.3,663.7,,1,126.3,26.7,73,28.6,21.4
2026-09-18T08:00:00+05:30,2026-09-18 08:00:00,,,,0,13,13,103,0,0,0,22.9,35.3,663.7,,1,106.7,26.7,73,28.6,21.4
2026-09-18T07:55:00+05:30,2026-09-18 07:55:00,,,,5,7.2,13,116,0,0,0,22.9,35.3,663.7,,1,119.9,26.7,73,28.6,21.4
2026-09-18T07:50:00+05:30,2026-09-18 07:50:00,,,,0,9.3,13,83,0,0,0,22.9,35.3,663.7,,1,104.8,26.7,73,28.6,21.4
2026-09-18T07:45:00+05:30,2026-09-18 07:45:00,,,,2.1,7.2,13,72,0,0,0,22.9,35.3,663.7,,0,99,26.7,73,28.6,21.4
2026-09-18T07:40:00+05:30,2026-09-18 07:40:00,,,,2.9,7.2,13,78,0,0,0,22.9,35.3,663.7,,1,110.2,26.6,73,27.2,21.4
2026-09-18T07:35:00+05:30,2026-09-18 07:35:00,,,,2.1,3.5,13,71,0,0,0,22.9,35.3,663.7,,0,80.3,26.7,73,28.6,21.4
2026-09-18T07:30:00+05:30,2026-09-18 07:30:00,,,,3.5,5.5,13,113,0,0,0,22.9,35.3,663.7,,0,60.5,26.6,73,27.2,21.4
2026-09-18T07:25:00+05:30,2026-09-18 07:25:00,,,,0,7.2,13,88,0,0,0,22.9,35.3,663.7,,0,56,26.6,73,27.2,21.4
2026-09-18T07:20:00+05:30,2026-09-18 07:20:00,,,,2.6,3.5,13,82,0,0,0,22.9,35.3,663.7,,0,45.4,26.6,73,27.2,21.4
2026-09-18T07:15:00+05:30,2026-09-18 07:15:00,,,,0,0,13,85,0,0,0,22.9,35.3,663.7,,0,42.2,26.6,73,27.2,21.4
2026-09-18T07:10:00+05:30,2026-09-18 07:10:00,,,,0,0,13,78,0,0,0,22.9,35.3,663.7,,0,51.5,26.6,72,27.2,21.1
2026-09-18T07:06:00+05:30,2026-09-18 07:06:00,,,,1.4,5.5,13,87,0,0,0,22.9,35.3,663.7,,0,45.8,26.6,72,27.2,21.1
2026-09-18T07:00:00+05:30,2026-09-18 07:00:00,,,,1.4,3.5,13,78,0,0,0,22.9,35.3,663.7,,0,42.6,26.6,72,27.2,21.1
2026-09-18T06:55:00+05:30,2026-09-18 06:55:00,,,,0.6,3.5,13,91,0,0,0,22.9,35.3,663.7,,0,40.2,26.6,72,27.2,21.1
2026-09-18T06:50:00+05:30,2026-09-18 06:50:00,,,,0,3.5,13,79,0,0,0,22.9,35.3,663.7,,0,38.5,26.6,72,27.2,21.1
2026-09-18T06:45:00+05:30,2026-09-18 06:45:00,,,,0,0,13,89,0,0,0,22.9,35.3,663.7,,0,32.2,26.6,72,27.2,21.1
2026-09-18T06:40:00+05:30,2026-09-18 06:40:00,,,,1.4,3.5,13,91,0,0,0,22.9,35.3,663.7,,0,24.6,26.6,72,27.2,21.1
2026-09-18T06:35:00+05:30,2026-09-18 06:35:00,,,,0,7.2,13,86,0,0,0,22.9,35.3,663.7,,0,26.4,26.6,72,27.2,21.1
2026-09-18T06:30:00+05:30,2026-09-18 06:30:00,,,,0,1.8,13,71,0,0,0,22.9,35.3,663.7,,0,21.4,26.6,72,27.2,21.1
2026-09-18T06:25:00+05:30,2026-09-18 06:25:00,,,,0,7.2,13,74,0,0,0,22.9,35.3,663.7,,0,17,26.6,72,27.2,21.1
2026-09-18T06:20:00+05:30,2026-09-18 06:20:00,,,,1.8,7.2,13,115,0,0,0,22.9,35.3,663.7,,0,13.3,26.6,72,27.2,21.1
2026-09-18T06:15:00+05:30,2026-09-18 06:15:00,,,,0,7.2,13,83,0,0,0,22.9,35.3,663.7,,0,8.3,26.6,72,27.2,21.1
2026-09-18T06:10:00+05:30,2026-09-18 06:10:00,,,,5.5,9.3,13,90,0,0,0,22.9,35.3,663.7,,0,5,26.6,72,27.2,21.1
2026-09-18T06:05:00+05:30,2026-09-18 06:05:00,,,,1.1,5.5,13,62,0,0,0,22.9,35.3,663.7,,0,3.5,26.6,72,27.2,21.1
2026-09-18T06:01:00+05:30,2026-09-18 06:01:00,,,,1.4,3.5,13,94,0,0,0,22.9,35.3,663.7,,0,2.2,26.6,72,27.2,21.1
2026-09-18T05:55:00+05:30,2026-09-18 05:55:00,,,,1.4,11.1,13,86,0,0,0,22.9,35.3,663.7,,0,1.2,26.7,72,28.6,21.2
2026-09-18T05:50:00+05:30,2026-09-18 05:50:00,,,,0.3,11.1,13,94,0,0,0,22.9,35.3,663.7,,0,0.4,26.7,72,28.6,21.2
2026-09-18T05:45:00+05:30,2026-09-18 05:45:00,,,,4,9.3,13,105,0,0,0,22.9,35.3,663.7,,0,0.1,26.7,72,28.6,21.2
2026-09-18T05:40:00+05:30,2026-09-18 05:40:00,,,,2.1,5.5,11.1,109,0,0,0,22.9,35.3,663.7,,0,0,26.7,72,28.6,21.2
2026-09-18T05:35:00+05:30,2026-09-18 05:35:00,,,,4.3,9.3,11.1,82,0,0,0,22.9,35.3,663.7,,0,0,26.7,72,28.6,21.2
2026-09-18T05:30:00+05:30,2026-09-18 05:30:00,,,,0,9.3,11.1,81,0,0,0,22.9,35.3,663.7,,0,0,26.7,72,28.6,21.2
2026-09-18T05:25:00+05:30,2026-09-18 05:25:00,,,,0.6,5.5,11.1,84,0,0,0,22.9,35.3,663.7,,0,0,26.7,72,28.6,21.2
2026-09-18T05:20:00+05:30,2026-09-18 05:20:00,,,,1.8,5.5,11.1,104,0,0,0,22.9,35.3,663.7,,0,0,26.7,72,28.6,21.2
2026-09-18T05:15:00+05:30,2026-09-18 05:15:00,,,,0,7.2,11.1,79,0,0,0,22.9,35.3,663.7,,0,0,26.7,72,28.6,21.2
2026-09-18T05:10:00+05:30,2026-09-18 05:10:00,,,,1.8,5.5,11.1,89,0,0,0,22.9,35.3,663.7,,0,0,26.7,72,28.6,21.2
2026-09-18T05:05:00+05:30,2026-09-18 05:05:00,,,,2.9,11.1,11.1,85,0,0,0,22.9,35.3,663.7,,0,0,26.7,72,28.6,21.2
2026-09-18T05:00:00+05:30,2026-09-18 05:00:00,,,,2.9,7.2,11.1,100,0,0,0,22.9,35.3,663.7,,0,0,26.8,72,28.6,21.3
2026-09-18T04:55:00+05:30,2026-09-18 04:55:00,,,,0,7.2,9.3,84,0,0,0,22.9,35.3,663.7,,0,0,26.8,72,28.6,21.3
2026-09-18T04:51:00+05:30,2026-09-18 04:51:00,,,,5.8,9.3,9.3,111,0,0,0,22.9,35.3,663.7,,0,0,26.8,71,28.6,21.1
2026-09-18T04:40:00+05:30,2026-09-18 04:40:00,,,,0,5.5,14.8,99,0,0,0,22.9,35.3,663.7,,0,0,26.8,71,28.6,21.1
2026-09-18T04:36:00+05:30,2026-09-18 04:36:00,,,,5.5,7.2,14.8,112,0,0,0,22.9,35.3,663.7,,0,0,26.8,71,28.6,21.1
2026-09-18T04:30:00+05:30,2026-09-18 04:30:00,,,,2.9,11.1,14.8,56,0,0,0,22.9,35.3,663.7,,0,0,26.9,71,28.7,21.2
2026-09-18T04:25:00+05:30,2026-09-18 04:25:00,,,,0,1.8,14.8,122,0,0,0,22.9,35.3,663.7,,0,0,26.9,71,28.7,21.2
2026-09-18T04:20:00+05:30,2026-09-18 04:20:00,,,,0,7.2,14.8,88,0,0,0,22.9,35.3,663.7,,0,0,26.9,71,28.7,21.2
2026-09-18T04:15:00+05:30,2026-09-18 04:15:00,,,,3.2,9.3,14.8,87,0,0,0,22.9,35.3,663.7,,0,0,26.9,71,28.7,21.2
2026-09-18T04:10:00+05:30,2026-09-18 04:10:00,,,,5.8,7.2,14.8,106,0,0,0,22.9,35.3,663.7,,0,0,26.9,71,28.7,21.2
2026-09-18T04:05:00+05:30,2026-09-18 04:05:00,,,,0,0,14.8,80,0,0,0,22.9,35.3,663.7,,0,0,26.9,71,28.7,21.2
2026-09-18T04:00:00+05:30,2026-09-18 04:00:00,,,,0,3.5,14.8,48,0,0,0,22.9,35.3,663.7,,0,0,27,72,29,21.5
2026-09-18T03:55:00+05:30,2026-09-18 03:55:00,,,,0,0,14.8,76,0,0,0,22.9,35.3,663.7,,0,0,27,72,29,21.5
2026-09-18T03:50:00+05:30,2026-09-18 03:50:00,,,,0,0,14.8,87,0,0,0,22.9,35.3,663.7,,0,0,27,71,28.9,21.3
2026-09-18T03:45:00+05:30,2026-09-18 03:45:00,,,,0,0,14.8,78,0,0,0,22.9,35.3,663.7,,0,0,27,71,28.9,21.3
2026-09-18T03:40:00+05:30,2026-09-18 03:40:00,,,,0,0,14.8,78,0,0,0,22.9,35.3,663.7,,0,0,27,71,28.9,21.3
2026-09-18T03:35:00+05:30,2026-09-18 03:35:00,,,,0,0,14.8,76,0,0,0,22.9,35.3,663.7,,0,0,27,71,28.9,21.3
2026-09-18T03:31:00+05:30,2026-09-18 03:31:00,,,,0,0,14.8,79,0,0,0,22.9,35.3,663.7,,0,0,27,71,28.9,21.3
2026-09-18T03:25:00+05:30,2026-09-18 03:25:00,,,,0,0,14.8,68,0,0,0,22.9,35.3,663.7,,0,0,27,71,28.9,21.3
2026-09-18T03:20:00+05:30,2026-09-18 03:20:00,,,,0,0,14.8,84,0,0,0,22.9,35.3,663.7,,0,0,27,71,28.9,21.3
2026-09-18T03:15:00+05:30,2026-09-18 03:15:00,,,,0,0,14.8,76,0,0,0,22.9,35.3,663.7,,0,0,27,71,28.9,21.3
2026-09-18T03:10:00+05:30,2026-09-18 03:10:00,,,,0,0,14.8,95,0,0,0,22.9,35.3,663.7,,0,0,27.1,71,29.1,21.4
2026-09-18T03:05:00+05:30,2026-09-18 03:05:00,,,,0,0,14.8,77,0,0,0,22.9,35.3,663.7,,0,0,27.1,71,29.1,21.4
2026-09-18T03:00:00+05:30,2026-09-18 03:00:00,,,,0,0,14.8,136,0,0,0,22.9,35.3,663.7,,0,0,27.1,71,29.1,21.4
2026-09-18T02:55:00+05:30,2026-09-18 02:55:00,,,,0,0,14.8,328,0,0,0,22.9,35.3,663.7,,0,0,27.1,71,29.1,21.4
2026-09-18T02:50:00+05:30,2026-09-18 02:50:00,,,,0,0,14.8,77,0,0,0,22.9,35.3,663.7,,0,0,27.1,71,29.1,21.4
2026-09-18T02:45:00+05:30,2026-09-18 02:45:00,,,,0,0,14.8,71,0,0,0,22.9,35.3,663.7,,0,0,27.1,71,29.1,21.4
2026-09-18T02:40:00+05:30,2026-09-18 02:40:00,,,,0,0,14.8,79,0,0,0,22.9,35.3,663.7,,0,0,27.1,71,29.1,21.4
2026-09-18T02:35:00+05:30,2026-09-18 02:35:00,,,,0,0,14.8,80,0,0,0,22.9,35.3,663.7,,0,0,27.1,72,29.2,21.6
2026-09-18T02:30:00+05:30,2026-09-18 02:30:00,,,,0,0,14.8,81,0,0,0,22.9,35.3,663.7,,0,0,27.1,72,29.2,21.6
2026-09-18T02:25:00+05:30,2026-09-18 02:25:00,,,,0,0,14.8,78,0,0,0,22.9,35.3,663.7,,0,0,27.1,71,29.1,21.4
2026-09-18T02:20:00+05:30,2026-09-18 02:20:00,,,,3.5,7.2,14.8,83,0,0,0,22.9,35.3,663.7,,0,0,27.1,71,29.1,21.4
2026-09-18T02:15:00+05:30,2026-09-18 02:15:00,,,,0,3.5,14.8,84,0,0,0,22.9,35.3,663.7,,0,0,27.2,71,29.3,21.5
2026-09-18T02:11:00+05:30,2026-09-18 02:11:00,,,,1.1,7.2,14.8,78,0,0,0,22.9,35.3,663.7,,0,0,27.2,71,29.3,21.5
2026-09-18T02:05:00+05:30,2026-09-18 02:05:00,,,,0,9.3,14.8,94,0,0,0,22.9,35.3,663.7,,0,0,27.2,71,29.3,21.5
2026-09-18T02:00:00+05:30,2026-09-18 02:00:00,,,,0,5.5,14.8,75,0,0,0,22.9,35.3,663.7,,0,0,27.2,71,29.3,21.5
2026-09-18T01:55:00+05:30,2026-09-18 01:55:00,,,,0,0,14.8,87,0,0,0,22.9,35.3,663.7,,0,0,27.3,71,29.4,21.6
2026-09-18T01:50:00+05:30,2026-09-18 01:50:00,,,,0,7.2,14.8,60,0,0,0,22.9,35.3,663.7,,0,0,27.2,71,29.3,21.5
2026-09-18T01:45:00+05:30,2026-09-18 01:45:00,,,,0,5.5,14.8,80,0,0,0,22.9,35.3,663.7,,0,0,27.3,71,29.4,21.6
2026-09-18T01:40:00+05:30,2026-09-18 01:40:00,,,,0,3.5,14.8,87,0,0,0,22.9,35.3,663.7,,0,0,27.3,71,29.4,21.6
2026-09-18T01:35:00+05:30,2026-09-18 01:35:00,,,,4,9.3,14.8,115,0,0,0,22.9,35.3,663.7,,0,0,27.3,71,29.4,21.6
2026-09-18T01:30:00+05:30,2026-09-18 01:30:00,,,,1.1,3.5,14.8,94,0,0,0,22.9,35.3,663.7,,0,0,27.3,71,29.4,21.6
2026-09-18T01:25:00+05:30,2026-09-18 01:25:00,,,,5,11.1,14.8,109,0,0,0,22.9,35.3,663.7,,0,0,27.3,71,29.4,21.6
2026-09-18T01:20:00+05:30,2026-09-18 01:20:00,,,,1.4,5.5,14.8,88,0,0,0,22.9,35.3,663.7,,0,0,27.3,71,29.4,21.6
2026-09-18T01:15:00+05:30,2026-09-18 01:15:00,,,,0.3,5.5,14.8,85,0,0,0,22.9,35.3,663.7,,0,0,27.3,71,29.4,21.6
2026-09-18T01:10:00+05:30,2026-09-18 01:10:00,,,,3.5,9.3,14.8,108,0,0,0,22.9,35.3,663.7,,0,0,27.4,71,29.6,21.7
2026-09-18T01:06:00+05:30,2026-09-18 01:06:00,,,,9,14.8,14.8,121,0,0,0,22.9,35.3,663.7,,0,0,27.4,71,29.6,21.7
2026-09-18T01:00:00+05:30,2026-09-18 01:00:00,,,,1.4,9.3,11.1,86,0,0,0,22.9,35.3,663.7,,0,0,27.4,71,29.6,21.7
2026-09-18T00:55:00+05:30,2026-09-18 00:55:00,,,,4.7,7.2,11.1,114,0,0,0,22.9,35.3,663.7,,0,0,27.4,71,29.6,21.7
2026-09-18T00:50:00+05:30,2026-09-18 00:50:00,,,,0,11.1,11.1,120,0,0,0,22.9,35.3,663.7,,0,0,27.4,71,29.6,21.7
2026-09-18T00:45:00+05:30,2026-09-18 00:45:00,,,,5,11.1,11.1,85,0,0,0,22.9,35.3,663.7,,0,0,27.4,71,29.6,21.7
2026-09-18T00:40:00+05:30,2026-09-18 00:40:00,,,,1.1,9.3,9.3,119,0,0,0,22.9,35.3,663.7,,0,0,27.5,71,29.8,21.8
2026-09-18T00:35:00+05:30,2026-09-18 00:35:00,,,,0,3.5,7.2,97,0,0,0,22.9,35.3,663.7,,0,0,27.4,71,29.6,21.7
2026-09-18T00:30:00+05:30,2026-09-18 00:30:00,,,,0,0,7.2,87,0,0,0,22.9,35.3,663.7,,0,0,27.5,71,29.8,21.8
2026-09-18T00:25:00+05:30,2026-09-18 00:25:00,,,,1.4,7.2,7.2,136,0,0,0,22.9,35.3,663.7,,0,0,27.5,71,29.8,21.8
2026-09-18T00:20:00+05:30,2026-09-18 00:20:00,,,,0,3.5,5.5,88,0,0,0,22.9,35.3,663.7,,0,0,27.5,71,29.8,21.8
2026-09-18T00:15:00+05:30,2026-09-18 00:15:00,,,,0,3.5,5.5,58,0,0,0,22.9,35.3,663.7,,0,0,27.6,71,30.1,21.9
2026-09-18T00:10:00+05:30,2026-09-18 00:10:00,,,,1.4,3.5,3.5,132,0,0,0,22.9,35.3,663.7,,0,0,27.6,71,30.1,21.9
2026-09-18T00:05:00+05:30,2026-09-18 00:05:00,,,,0,0,0,96,0,0,0,22.9,35.3,663.7,,0,0,27.7,71,30.3,21.9
2026-09-18T00:01:00+05:30,2026-09-18 00:01:00,,,,0,0,0,80,0,0,0,22.9,35.3,663.7,,0,0,27.7,71,30.3,21.9
2026-09-17T23:55:00+05:30,2026-09-17 23:55:00,,,,0,0,18.3,84,0,0,0,22.9,35.3,663.7,,0,0,27.7,71,30.3,21.9
2026-09-17T23:50:00+05:30,2026-09-17 23:50:00,,,,0,0,18.3,79,0,0,0,22.9,35.3,663.7,,0,0,27.7,71,30.3,21.9
2026-09-17T23:45:00+05:30,2026-09-17 23:45:00,,,,0,0,18.3,89,0,0,0,22.9,35.3,663.7,,0,0,27.7,71,30.3,21.9
2026-09-17T23:40:00+05:30,2026-09-17 23:40:00,,,,0,0,18.3,84,0,0,0,22.9,35.3,663.7,,0,0,27.7,71,30.3,21.9
2026-09-17T23:35:00+05:30,2026-09-17 23:35:00,,,,0,0,18.3,84,0,0,0,22.9,35.3,663.7,,0,0,27.7,71,30.3,21.9
2026-09-17T23:30:00+05:30,2026-09-17 23:30:00,,,,0,0,18.3,88,0,0,0,22.9,35.3,663.7,,0,0,27.8,71,30.4,22
2026-09-17T23:25:00+05:30,2026-09-17 23:25:00,,,,0,0,18.3,109,0,0,0,22.9,35.3,663.7,,0,0,27.8,71,30.4,22
2026-09-17T23:20:00+05:30,2026-09-17 23:20:00,,,,0,5.5,18.3,85,0,0,0,22.9,35.3,663.7,,0,0,27.8,71,30.4,22
2026-09-17T23:15:00+05:30,2026-09-17 23:15:00,,,,0,0,18.3,84,0,0,0,22.9,35.3,663.7,,0,0,27.8,71,30.4,22
2026-09-17T23:10:00+05:30,2026-09-17 23:10:00,,,,0.3,5.5,18.3,80,0,0,0,22.9,35.3,663.7,,0,0,27.8,71,30.4,22
2026-09-17T23:05:00+05:30,2026-09-17 23:05:00,,,,0,1.8,18.3,95,0,0,0,22.9,35.3,663.7,,0,0,27.8,71,30.4,22
2026-09-17T23:00:00+05:30,2026-09-17 23:00:00,,,,0,3.5,18.3,84,0,0,0,22.9,35.3,663.7,,0,0,27.8,71,30.4,22
2026-09-17T22:55:00+05:30,2026-09-17 22:55:00,,,,0,0,18.3,80,0,0,0,22.9,35.3,663.7,,0,0,27.9,71,30.6,22.1
2026-09-17T22:50:00+05:30,2026-09-17 22:50:00,,,,0,3.5,18.3,73,0,0,0,22.9,35.3,663.7,,0,0,27.9,71,30.6,22.1
2026-09-17T22:45:00+05:30,2026-09-17 22:45:00,,,,0,0,18.3,85,0,0,0,22.9,35.3,663.7,,0,0,27.9,71,30.6,22.1
2026-09-17T22:40:00+05:30,2026-09-17 22:40:00,,,,0,0,18.3,77,0,0,0,22.9,35.3,663.7,,0,0,27.9,71,30.6,22.1
2026-09-17T22:35:00+05:30,2026-09-17 22:35:00,,,,0,3.5,18.3,81,0,0,0,22.9,35.3,663.7,,0,0,28,71,30.8,22.2
2026-09-17T22:30:00+05:30,2026-09-17 22:30:00,,,,0,0,18.3,94,0,0,0,22.9,35.3,663.7,,0,0,28,71,30.8,22.2
2026-09-17T22:25:00+05:30,2026-09-17 22:25:00,,,,0,0,18.3,66,0,0,0,22.9,35.3,663.7,,0,0,28,71,30.8,22.2
2026-09-17T22:20:00+05:30,2026-09-17 22:20:00,,,,0,0,18.3,85,0,0,0,22.9,35.3,663.7,,0,0,28,71,30.8,22.2
2026-09-17T22:15:00+05:30,2026-09-17 22:15:00,,,,0,0,18.3,79,0,0,0,22.9,35.3,663.7,,0,0,28,71,30.8,22.2
2026-09-17T22:10:00+05:30,2026-09-17 22:10:00,,,,0,0,18.3,78,0,0,0,22.9,35.3,663.7,,0,0,28.1,71,31,22.3
2026-09-17T22:05:00+05:30,2026-09-17 22:05:00,,,,0,0,18.3,101,0,0,0,22.9,35.3,663.7,,0,0,28.1,71,31,22.3
2026-09-17T22:00:00+05:30,2026-09-17 22:00:00,,,,0,0,18.3,92,0,0,0,22.9,35.3,663.7,,0,0,28.1,71,31,22.3
2026-09-17T21:55:00+05:30,2026-09-17 21:55:00,,,,0,0,18.3,74,0,0,0,22.9,35.3,663.7,,0,0,28.1,71,31,22.3
2026-09-17T21:50:00+05:30,2026-09-17 21:50:00,,,,0,0,18.3,82,0,0,0,22.9,35.3,663.7,,0,0,28.1,71,31,22.3
2026-09-17T21:45:00+05:30,2026-09-17 21:45:00,,,,0,0,18.3,79,0,0,0,22.9,35.3,663.7,,0,0,28.2,71,31.2,22.4
2026-09-17T21:40:00+05:30,2026-09-17 21:40:00,,,,0,1.8,18.3,91,0,0,0,22.9,35.3,663.7,,0,0,28.2,71,31.2,22.4
2026-09-17T21:36:00+05:30,2026-09-17 21:36:00,,,,0.6,5.5,18.3,82,0,0,0,22.9,35.3,663.7,,0,0,28.2,71,31.2,22.4
2026-09-17T21:30:00+05:30,2026-09-17 21:30:00,,,,0,5.5,18.3,100,0,0,0,22.9,35.3,663.7,,0,0,28.2,71,31.2,22.4
2026-09-17T21:25:00+05:30,2026-09-17 21:25:00,,,,6.9,7.2,18.3,100,0,0,0,22.9,35.3,663.7,,0,0,28.3,71,31.4,22.5
2026-09-17T21:20:00+05:30,2026-09-17 21:20:00,,,,4.7,7.2,18.3,106,0,0,0,22.9,35.3,663.7,,0,0,28.3,71,31.4,22.5
2026-09-17T21:15:00+05:30,2026-09-17 21:15:00,,,,0,0,18.3,82,0,0,0,22.9,35.3,663.7,,0,0,28.3,71,31.4,22.5
2026-09-17T21:10:00+05:30,2026-09-17 21:10:00,,,,0,0,18.3,75,0,0,0,22.9,35.3,663.7,,0,0,28.3,71,31.4,22.5
2026-09-17T21:05:00+05:30,2026-09-17 21:05:00,,,,0,0,18.3,76,0,0,0,22.9,35.3,663.7,,0,0,28.3,71,31.4,22.5
2026-09-17T21:00:00+05:30,2026-09-17 21:00:00,,,,0,0,18.3,70,0,0,0,22.9,35.3,663.7,,0,0,28.3,71,31.4,22.5
2026-09-17T20:55:00+05:30,2026-09-17 20:55:00,,,,0,0,18.3,88,0,0,0,22.9,35.3,663.7,,0,0,28.4,71,31.6,22.6
2026-09-17T20:50:00+05:30,2026-09-17 20:50:00,,,,0,7.2,18.3,88,0,0,0,22.9,35.3,663.7,,0,0,28.4,71,31.6,22.6
2026-09-17T20:45:00+05:30,2026-09-17 20:45:00,,,,0,0,18.3,81,0,0,0,22.9,35.3,663.7,,0,0,28.4,71,31.6,22.6
2026-09-17T20:40:00+05:30,2026-09-17 20:40:00,,,,0,0,18.3,105,0,0,0,22.9,35.3,663.7,,0,0,28.4,71,31.6,22.6
2026-09-17T20:35:00+05:30,2026-09-17 20:35:00,,,,0,3.5,18.3,98,0,0,0,22.9,35.3,663.7,,0,0,28.5,71,31.8,22.7
2026-09-17T20:31:00+05:30,2026-09-17 20:31:00,,,,0,0,18.3,89,0,0,0,22.9,35.3,663.7,,0,0,28.5,71,31.8,22.7
2026-09-17T20:25:00+05:30,2026-09-17 20:25:00,,,,0,0,18.3,78,0,0,0,22.9,35.3,663.7,,0,0,28.5,71,31.8,22.7
2026-09-17T20:20:00+05:30,2026-09-17 20:20:00,,,,0,1.8,18.3,73,0,0,0,22.9,35.3,663.7,,0,0,28.5,71,31.8,22.7
2026-09-17T20:15:00+05:30,2026-09-17 20:15:00,,,,0,5.5,18.3,48,0,0,0,22.9,35.3,663.7,,0,0,28.6,71,32.1,22.8
2026-09-17T20:10:00+05:30,2026-09-17 20:10:00,,,,0,3.5,18.3,82,0,0,0,22.9,35.3,663.7,,0,0,28.6,71,32.1,22.8
2026-09-17T20:05:00+05:30,2026-09-17 20:05:00,,,,1.1,7.2,18.3,121,0,0,0,22.9,35.3,663.7,,0,0,28.6,71,32.1,22.8
2026-09-17T20:00:00+05:30,2026-09-17 20:00:00,,,,0,0,18.3,73,0,0,0,22.9,35.3,663.7,,0,0,28.6,70,31.9,22.6
2026-09-17T19:55:00+05:30,2026-09-17 19:55:00,,,,1.4,3.5,18.3,123,0,0,0,22.9,35.3,663.7,,0,0,28.7,70,32.1,22.7
2026-09-17T19:50:00+05:30,2026-09-17 19:50:00,,,,0,0,18.3,79,0,0,0,22.9,35.3,663.7,,0,0,28.7,70,32.1,22.7
2026-09-17T19:45:00+05:30,2026-09-17 19:45:00,,,,0,0,18.3,71,0,0,0,22.9,35.3,663.7,,0,0,28.7,70,32.1,22.7
2026-09-17T19:40:00+05:30,2026-09-17 19:40:00,,,,0,0,18.3,79,0,0,0,22.9,35.3,663.7,,0,0,28.7,70,32.1,22.7
2026-09-17T19:35:00+05:30,2026-09-17 19:35:00,,,,0,0,18.3,95,0,0,0,22.9,35.3,663.7,,0,0,28.8,70,32.2,22.7
2026-09-17T19:30:00+05:30,2026-09-17 19:30:00,,,,0,5.5,18.3,80,0,0,0,22.9,35.3,663.7,,0,0,28.8,70,32.2,22.7
2026-09-17T19:26:00+05:30,2026-09-17 19:26:00,,,,0,1.8,18.3,104,0,0,0,22.9,35.3,663.7,,0,0,28.8,70,32.2,22.7
2026-09-17T19:20:00+05:30,2026-09-17 19:20:00,,,,1.1,9.3,18.3,89,0,0,0,22.9,35.3,663.7,,0,0,28.9,70,32.5,22.8
2026-09-17T19:15:00+05:30,2026-09-17 19:15:00,,,,0,3.5,18.3,84,0,0,0,22.9,35.3,663.7,,0,0,28.9,70,32.5,22.8
2026-09-17T19:10:00+05:30,2026-09-17 19:10:00,,,,0,0,18.3,89,0,0,0,22.9,35.3,663.7,,0,0,28.9,70,32.5,22.8
2026-09-17T19:05:00+05:30,2026-09-17 19:05:00,,,,0,0,18.3,77,0,0,0,22.9,35.3,663.7,,0,0,29,70,32.7,22.9
2026-09-17T19:00:00+05:30,2026-09-17 19:00:00,,,,1.4,3.5,18.3,82,0,0,0,22.9,35.3,663.7,,0,0,29,70,32.7,22.9
2026-09-17T18:55:00+05:30,2026-09-17 18:55:00,,,,0,7.2,18.3,96,0,0,0,22.9,35.3,663.7,,0,0,29,70,32.7,22.9
2026-09-17T18:50:00+05:30,2026-09-17 18:50:00,,,,0,3.5,18.3,93,0,0,0,22.9,35.3,663.7,,0,0,29.1,70,32.9,23.1
2026-09-17T18:45:00+05:30,2026-09-17 18:45:00,,,,0,5.5,18.3,72,0,0,0,22.9,35.3,663.7,,0,0,29.1,70,32.9,23.1
2026-09-17T18:40:00+05:30,2026-09-17 18:40:00,,,,2.6,9.3,18.3,90,0,0,0,22.9,35.3,663.7,,0,0,29.1,70,32.9,23.1
2026-09-17T18:35:00+05:30,2026-09-17 18:35:00,,,,0,0,18.3,83,0,0,0,22.9,35.3,663.7,,0,0,29.1,70,32.9,23.1
2026-09-17T18:30:00+05:30,2026-09-17 18:30:00,,,,0,5.5,18.3,105,0,0,0,22.9,35.3,663.7,,0,0,29.2,70,33.2,23.2
2026-09-17T18:25:00+05:30,2026-09-17 18:25:00,,,,0,5.5,18.3,118,0,0,0,22.9,35.3,663.7,,0,0,29.2,70,33.2,23.2
2026-09-17T18:20:00+05:30,2026-09-17 18:20:00,,,,0,0,18.3,84,0,0,0,22.9,35.3,663.7,,0,0.1,29.2,70,33.2,23.2
2026-09-17T18:15:00+05:30,2026-09-17 18:15:00,,,,0,7.2,18.3,100,0,0,0,22.9,35.3,663.7,,0,0.4,29.3,69,33.2,23
2026-09-17T18:10:00+05:30,2026-09-17 18:10:00,,,,0,5.5,18.3,76,0,0,0,22.9,35.3,663.7,,0,1.1,29.3,69,33.2,23
2026-09-17T18:06:00+05:30,2026-09-17 18:06:00,,,,0,0,18.3,79,0,0,0,22.9,35.3,663.7,,0,2.3,29.3,69,33.2,23
2026-09-17T18:00:00+05:30,2026-09-17 18:00:00,,,,0,7.2,18.3,60,0,0,0,22.9,35.3,663.7,,0,6.2,29.4,69,33.4,23.1
2026-09-17T17:55:00+05:30,2026-09-17 17:55:00,,,,0,1.8,18.3,75,0,0,0,22.9,35.3,663.7,,0,8.9,29.4,69,33.4,23.1
2026-09-17T17:50:00+05:30,2026-09-17 17:50:00,,,,2.6,9.3,18.3,99,0,0,0,22.9,35.3,663.7,,0,12.5,29.5,69,33.7,23.2
2026-09-17T17:45:00+05:30,2026-09-17 17:45:00,,,,0,3.5,18.3,81,0,0,0,22.9,35.3,663.7,,0,15,29.5,69,33.7,23.2
2026-09-17T17:40:00+05:30,2026-09-17 17:40:00,,,,0,3.5,18.3,83,0,0,0,22.9,35.3,663.7,,0,19.8,29.5,69,33.7,23.2
2026-09-17T17:35:00+05:30,2026-09-17 17:35:00,,,,0,1.8,18.3,91,0,0,0,22.9,35.3,663.7,,0,25.9,29.5,69,33.7,23.2
2026-09-17T17:30:00+05:30,2026-09-17 17:30:00,,,,0.6,9.3,18.3,69,0,0,0,22.9,35.3,663.7,,0,29.8,29.6,69,33.9,23.3
2026-09-17T17:25:00+05:30,2026-09-17 17:25:00,,,,0,5.5,18.3,100,0,0,0,22.9,35.3,663.7,,0,34.3,29.6,69,33.9,23.3
2026-09-17T17:20:00+05:30,2026-09-17 17:20:00,,,,0,1.8,18.3,77,0,0,0,22.9,35.3,663.7,,0,36,29.7,69,34.2,23.4
2026-09-17T17:15:00+05:30,2026-09-17 17:15:00,,,,0,9.3,18.3,84,0,0,0,22.9,35.3,663.7,,0,40.9,29.7,69,34.2,23.4
2026-09-17T17:10:00+05:30,2026-09-17 17:10:00,,,,6.1,11.1,18.3,89,0,0,0,22.9,35.3,663.7,,0,41.9,29.7,69,34.2,23.4
2026-09-17T17:05:00+05:30,2026-09-17 17:05:00,,,,1.8,7.2,18.3,91,0,0,0,22.9,35.3,663.7,,0,49.6,29.8,69,34.3,23.4
2026-09-17T17:01:00+05:30,2026-09-17 17:01:00,,,,0,0,18.3,78,0,0,0,22.9,35.3,663.7,,0,55.2,29.8,69,34.3,23.4
2026-09-17T16:55:00+05:30,2026-09-17 16:55:00,,,,1.1,9.3,18.3,65,0,0,0,22.9,35.3,663.7,,0,67.7,29.9,69,34.6,23.6
2026-09-17T16:50:00+05:30,2026-09-17 16:50:00,,,,1.8,7.2,18.3,85,0,0,0,22.9,35.3,663.7,,0,77.2,29.9,69,34.6,23.6
2026-09-17T16:45:00+05:30,2026-09-17 16:45:00,,,,1.4,3.5,18.3,130,0,0,0,22.9,35.3,663.7,,0,91,29.9,69,34.6,23.6
2026-09-17T16:40:00+05:30,2026-09-17 16:40:00,,,,0,7.2,18.3,92,0,0,0,22.9,35.3,663.7,,1,120.3,29.9,69,34.6,23.6
2026-09-17T16:35:00+05:30,2026-09-17 16:35:00,,,,0,0,18.3,103,0,0,0,22.9,35.3,663.7,,0,88.9,30,69,34.8,23.7
2026-09-17T16:30:00+05:30,2026-09-17 16:30:00,,,,6.4,13,18.3,99,0,0,0,22.9,35.3,663.7,,0,89.5,30,69,34.8,23.7
2026-09-17T16:25:00+05:30,2026-09-17 16:25:00,,,,0.3,9.3,18.3,103,0,0,0,22.9,35.3,663.7,,0,94.1,30,69,34.8,23.7
2026-09-17T16:20:00+05:30,2026-09-17 16:20:00,,,,0.3,1.8,18.3,99,0,0,0,22.9,35.3,663.7,,1,170,30,69,34.8,23.7
2026-09-17T16:15:00+05:30,2026-09-17 16:15:00,,,,0,0,18.3,83,0,0,0,22.9,35.3,663.7,,3,309,30,69,34.8,23.7
2026-09-17T16:10:00+05:30,2026-09-17 16:10:00,,,,6.9,9.3,18.3,163,0,0,0,22.9,35.3,663.7,,3,349.6,30,69,34.8,23.7
2026-09-17T16:05:00+05:30,2026-09-17 16:05:00,,,,0,7.2,18.3,86,0,0,0,22.9,35.3,663.7,,2,211.9,30,69,34.8,23.7
2026-09-17T16:00:00+05:30,2026-09-17 16:00:00,,,,0,5.5,18.3,60,0,0,0,22.9,35.3,663.7,,1,154.4,30,69,34.8,23.7
2026-09-17T15:56:00+05:30,2026-09-17 15:56:00,,,,0,3.5,18.3,93,0,0,0,22.9,35.3,663.7,,1,149.4,30,69,34.8,23.7
2026-09-17T15:50:00+05:30,2026-09-17 15:50:00,,,,2.6,7.2,18.3,80,0,0,0,22.9,35.3,663.7,,1,175.3,30,69,34.8,23.7
2026-09-17T15:45:00+05:30,2026-09-17 15:45:00,,,,1.1,3.5,18.3,111,0,0,0,22.9,35.3,663.7,,1,204.9,30,69,34.8,23.7
2026-09-17T15:40:00+05:30,2026-09-17 15:40:00,,,,5.8,9.3,18.3,108,0,0,0,22.9,35.3,663.7,,1,194.7,30,69,34.8,23.7
2026-09-17T15:35:00+05:30,2026-09-17 15:35:00,,,,3.2,7.2,18.3,89,0,0,0,22.9,35.3,663.7,,1,175.4,30,69,34.8,23.7
2026-09-17T15:30:00+05:30,2026-09-17 15:30:00,,,,4,9.3,18.3,97,0,0,0,22.9,35.3,663.7,,1,146.4,30,69,34.8,23.7
2026-09-17T15:25:00+05:30,2026-09-17 15:25:00,,,,0,5.5,18.3,98,0,0,0,22.9,35.3,663.7,,1,139.4,29.9,68,34.3,23.3
2026-09-17T15:20:00+05:30,2026-09-17 15:20:00,,,,1.4,5.5,18.3,85,0,0,0,22.9,35.3,663.7,,1,158,29.9,68,34.3,23.3
2026-09-17T15:15:00+05:30,2026-09-17 15:15:00,,,,0,11.1,18.3,79,0,0,0,22.9,35.3,663.7,,1,187.2,29.9,68,34.3,23.3
2026-09-17T15:10:00+05:30,2026-09-17 15:10:00,,,,5.5,9.3,18.3,95,0,0,0,22.9,35.3,663.7,,2,209.9,29.9,68,34.3,23.3
2026-09-17T15:05:00+05:30,2026-09-17 15:05:00,,,,4.7,7.2,18.3,55,0,0,0,22.9,35.3,663.7,,2,248.8,30,68,34.6,23.4
2026-09-17T15:00:00+05:30,2026-09-17 15:00:00,,,,0,9.3,18.3,84,0,0,0,22.9,35.3,663.7,,3,321.7,30,68,34.6,23.4
2026-09-17T14:55:00+05:30,2026-09-17 14:55:00,,,,4.3,13,18.3,62,0,0,0,22.9,35.3,663.7,,2,244.9,30,68,34.6,23.4
2026-09-17T14:50:00+05:30,2026-09-17 14:50:00,,,,4.7,13,18.3,84,0,0,0,22.9,35.3,663.7,,1,199.6,30,68,34.6,23.4
2026-09-17T14:45:00+05:30,2026-09-17 14:45:00,,,,0,11.1,16.6,70,0,0,0,22.9,35.3,663.7,,1,121.8,30,68,34.6,23.4
2026-09-17T14:40:00+05:30,2026-09-17 14:40:00,,,,3.2,9.3,16.6,100,0,0,0,22.9,35.3,663.7,,0,61,30,68,34.6,23.4
2026-09-17T14:35:00+05:30,2026-09-17 14:35:00,,,,6.1,7.2,16.6,73,0,0,0,22.9,35.3,663.7,,1,108.5,30,68,34.6,23.4
2026-09-17T14:30:00+05:30,2026-09-17 14:30:00,,,,7.2,13,16.6,164,0,0,0,22.9,35.3,663.7,,2,243.2,30,68,34.6,23.4
2026-09-17T14:25:00+05:30,2026-09-17 14:25:00,,,,5,13,16.6,79,0,0,0,22.9,35.3,663.7,,4,484.7,30,68,34.6,23.4
2026-09-17T14:20:00+05:30,2026-09-17 14:20:00,,,,0,7.2,16.6,64,0,0,0,22.9,35.3,663.7,,1,157.4,29.9,68,34.3,23.3
2026-09-17T14:15:00+05:30,2026-09-17 14:15:00,,,,5,9.3,16.6,100,0,0,0,22.9,35.3,663.7,,1,147.9,29.9,68,34.3,23.3
2026-09-17T14:10:00+05:30,2026-09-17 14:10:00,,,,0,9.3,16.6,76,0,0,0,22.9,35.3,663.7,,8,875.4,29.9,68,34.3,23.3
2026-09-17T14:05:00+05:30,2026-09-17 14:05:00,,,,0,1.8,16.6,86,0,0,0,22.9,35.3,663.7,,2,230.3,29.8,68,34.1,23.2
2026-09-17T14:00:00+05:30,2026-09-17 14:00:00,,,,2.1,7.2,16.6,129,0,0,0,22.9,35.3,663.7,,5,543,29.8,69,34.3,23.4
2026-09-17T13:55:00+05:30,2026-09-17 13:55:00,,,,4,7.2,16.6,108,0,0,0,22.9,35.3,663.7,,4,477.3,29.7,68,33.9,23.2
2026-09-17T13:50:00+05:30,2026-09-17 13:50:00,,,,4.7,14.8,16.6,67,0,0,0,22.9,35.3,663.7,,9,966,29.6,69,33.9,23.3
2026-09-17T13:45:00+05:30,2026-09-17 13:45:00,,,,1.4,5.5,16.6,73,0,0,0,22.9,35.3,663.7,,8,902.1,29.6,69,33.9,23.3
2026-09-17T13:40:00+05:30,2026-09-17 13:40:00,,,,0,11.1,16.6,132,0,0,0,22.9,35.3,663.7,,8,857.4,29.5,69,33.7,23.2
2026-09-17T13:35:00+05:30,2026-09-17 13:35:00,,,,0,3.5,16.6,102,0,0,0,22.9,35.3,663.7,,4,464.3,29.4,69,33.4,23.1
2026-09-17T13:31:00+05:30,2026-09-17 13:31:00,,,,0.3,14.8,16.6,100,0,0,0,22.9,35.3,663.7,,7,758.6,29.3,69,33.2,23
2026-09-17T13:25:00+05:30,2026-09-17 13:25:00,,,,0,7.2,16.6,85,0,0,0,22.9,35.3,663.7,,4,486.6,29.2,70,33.2,23.2
2026-09-17T13:20:00+05:30,2026-09-17 13:20:00,,,,1.4,13,16.6,86,0,0,0,22.9,35.3,663.7,,8,891.4,29.2,70,33.2,23.2
2026-09-17T13:15:00+05:30,2026-09-17 13:15:00,,,,0,7.2,16.6,102,0,0,0,22.9,35.3,663.7,,8,920.6,29.2,70,33.2,23.2
2026-09-17T13:10:00+05:30,2026-09-17 13:10:00,,,,0.3,9.3,14.8,78,0,0,0,22.9,35.3,663.7,,4,473.1,29.1,70,32.9,23.1
2026-09-17T13:05:00+05:30,2026-09-17 13:05:00,,,,0,11.1,14.8,50,0,0,0,22.9,35.3,663.7,,5,575.3,29.1,70,32.9,23.1
2026-09-17T13:00:00+05:30,2026-09-17 13:00:00,,,,0,9.3,14.8,76,0,0,0,22.9,35.3,663.7,,8,860.2,29,70,32.7,22.9
2026-09-17T12:55:00+05:30,2026-09-17 12:55:00,,,,0,0,14.8,72,0,0,0,22.9,35.3,663.7,,5,539.7,29,70,32.7,22.9
2026-09-17T12:50:00+05:30,2026-09-17 12:50:00,,,,1.1,3.5,14.8,116,0,0,0,22.9,35.3,663.7,,6,677,28.9,71,32.7,23.1
2026-09-17T12:45:00+05:30,2026-09-17 12:45:00,,,,0,7.2,14.8,96,0,0,0,22.9,35.3,663.7,,8,910.4,28.8,71,32.4,23
2026-09-17T12:40:00+05:30,2026-09-17 12:40:00,,,,0,1.8,14.8,119,0,0,0,22.9,35.3,663.7,,5,572.8,28.8,71,32.4,23
2026-09-17T12:35:00+05:30,2026-09-17 12:35:00,,,,0,0,14.8,89,0,0,0,22.9,35.3,663.7,,3,380.2,28.7,71,32.3,22.9
2026-09-17T12:30:00+05:30,2026-09-17 12:30:00,,,,0.6,5.5,14.8,113,0,0,0,22.9,35.3,663.7,,3,346.7,28.7,71,32.3,22.9
2026-09-17T12:25:00+05:30,2026-09-17 12:25:00,,,,4.3,7.2,14.8,112,0,0,0,22.9,35.3,663.7,,4,418.8,28.6,70,31.9,22.6
2026-09-17T12:20:00+05:30,2026-09-17 12:20:00,,,,3.5,9.3,14.8,86,0,0,0,22.9,35.3,663.7,,4,464.9,28.6,70,31.9,22.6
2026-09-17T12:15:00+05:30,2026-09-17 12:15:00,,,,6.4,11.1,14.8,70,0,0,0,22.9,35.3,663.7,,6,652.6,28.5,70,31.7,22.5
2026-09-17T12:11:00+05:30,2026-09-17 12:11:00,,,,0,0,14.8,116,0,0,0,22.9,35.3,663.7,,7,718.5,28.5,70,31.7,22.5
2026-09-17T12:05:00+05:30,2026-09-17 12:05:00,,,,1.4,13,14.8,110,0,0,0,22.9,35.3,663.7,,6,666.8,28.4,71,31.6,22.6
2026-09-17T12:00:00+05:30,2026-09-17 12:00:00,,,,2.1,3.5,14.8,96,0,0,0,22.9,35.3,663.7,,5,554.9,28.5,71,31.8,22.7
2026-09-17T11:55:00+05:30,2026-09-17 11:55:00,,,,0,0,14.8,74,0,0,0,22.9,35.3,663.7,,4,507.4,28.4,72,31.7,22.8
2026-09-17T11:50:00+05:30,2026-09-17 11:50:00,,,,2.9,5.5,14.8,323,0,0,0,22.9,35.3,663.7,,4,414.6,28.4,72,31.7,22.8
2026-09-17T11:45:00+05:30,2026-09-17 11:45:00,,,,2.9,11.1,14.8,56,0,0,0,22.9,35.3,663.7,,3,384.9,28.4,72,31.7,22.8
2026-09-17T11:40:00+05:30,2026-09-17 11:40:00,,,,5.5,5.5,14.8,96,0,0,0,22.9,35.3,663.7,,3,358.5,28.4,73,31.9,23.1
2026-09-17T11:35:00+05:30,2026-09-17 11:35:00,,,,2.1,9.3,14.8,90,0,0,0,22.9,35.3,663.7,,3,326.2,28.3,74,31.8,23.2
2026-09-17T11:30:00+05:30,2026-09-17 11:30:00,,,,10.5,11.1,14.8,95,0,0,0,22.9,35.3,663.7,,4,473.4,28.2,74,31.7,23.1
2026-09-17T11:25:00+05:30,2026-09-17 11:25:00,,,,0,0,14.8,87,0,0,0,22.9,35.3,663.7,,4,459.1,28.2,74,31.7,23.1
2026-09-17T11:20:00+05:30,2026-09-17 11:20:00,,,,0,9.3,14.8,102,0,0,0,22.9,35.3,663.7,,4,461.2,28.1,74,31.4,23
2026-09-17T11:15:00+05:30,2026-09-17 11:15:00,,,,0,7.2,14.8,87,0,0,0,22.9,35.3,663.7,,3,370.7,28.1,74,31.4,23
2026-09-17T11:10:00+05:30,2026-09-17 11:10:00,,,,0,9.3,14.8,71,0,0,0,22.9,35.3,663.7,,3,323.2,28,74,31.2,22.9
2026-09-17T11:06:00+05:30,2026-09-17 11:06:00,,,,0,11.1,14.8,105,0,0,0,22.9,35.3,663.7,,2,286.6,28,74,31.2,22.9
2026-09-17T11:00:00+05:30,2026-09-17 11:00:00,,,,1.4,7.2,14.8,70,0,0,0,22.9,35.3,663.7,,2,256.9,28,74,31.2,22.9
2026-09-17T10:55:00+05:30,2026-09-17 10:55:00,,,,0,1.8,14.8,92,0,0,0,22.9,35.3,663.7,,2,281.5,27.9,74,31,22.8
2026-09-17T10:50:00+05:30,2026-09-17 10:50:00,,,,1.4,9.3,14.8,91,0,0,0,22.9,35.3,663.7,,3,332.3,27.9,74,31,22.8
2026-09-17T10:45:00+05:30,2026-09-17 10:45:00,,,,9.3,11.1,14.8,109,0,0,0,22.9,35.3,663.7,,3,313.1,27.9,74,31,22.8
2026-09-17T10:40:00+05:30,2026-09-17 10:40:00,,,,0.6,9.3,14.8,86,0,0,0,22.9,35.3,663.7,,2,267.2,27.8,75,30.9,22.9
2026-09-17T10:35:00+05:30,2026-09-17 10:35:00,,,,0.3,11.1,14.8,76,0,0,0,22.9,35.3,663.7,,2,264.2,27.8,75,30.9,22.9
2026-09-17T10:30:00+05:30,2026-09-17 10:30:00,,,,4.3,9.3,14.8,91,0,0,0,22.9,35.3,663.7,,2,266,27.7,75,30.8,22.9
2026-09-17T10:25:00+05:30,2026-09-17 10:25:00,,,,0,9.3,14.8,79,0,0,0,22.9,35.3,663.7,,1,199.4,27.6,75,30.5,22.8
2026-09-17T10:20:00+05:30,2026-09-17 10:20:00,,,,0,1.8,14.8,86,0,0,0,22.9,35.3,663.7,,2,247.8,27.6,75,30.5,22.8
2026-09-17T10:15:00+05:30,2026-09-17 10:15:00,,,,0.6,5.5,14.8,145,0,0,0,22.9,35.3,663.7,,2,256.7,27.5,75,30.3,22.7
2026-09-17T10:10:00+05:30,2026-09-17 10:10:00,,,,6.1,14.8,14.8,112,0,0,0,22.9,35.3,663.7,,3,322.2,27.5,75,30.3,22.7
2026-09-17T10:05:00+05:30,2026-09-17 10:05:00,,,,6.9,9.3,14.8,121,0,0,0,22.9,35.3,663.7,,3,351.1,27.4,75,30.1,22.6
2026-09-17T10:01:00+05:30,2026-09-17 10:01:00,,,,0.3,5.5,14.8,104,0,0,0,22.9,35.3,663.7,,3,336.7,27.4,75,30.1,22.6
2026-09-17T09:55:00+05:30,2026-09-17 09:55:00,,,,0,3.5,14.8,231,0,0,0,22.9,35.3,663.7,,2,255.7,27.3,75,29.8,22.4
2026-09-17T09:50:00+05:30,2026-09-17 09:50:00,,,,1.4,7.2,14.8,108,0,0,0,22.9,35.3,663.7,,2,230.7,27.3,75,29.8,22.4
2026-09-17T09:45:00+05:30,2026-09-17 09:45:00,,,,0,0,14.8,77,0,0,0,22.9,35.3,663.7,,2,254.9,27.2,75,29.7,22.4
2026-09-17T09:40:00+05:30,2026-09-17 09:40:00,,,,0,1.8,14.8,131,0,0,0,22.9,35.3,663.7,,2,245.1,27.2,75,29.7,22.4
2026-09-17T09:35:00+05:30,2026-09-17 09:35:00,,,,0,3.5,14.8,119,0,0,0,22.9,35.3,663.7,,2,239.3,27.2,75,29.7,22.4
2026-09-17T09:30:00+05:30,2026-09-17 09:30:00,,,,0,5.5,14.8,96,0,0,0,22.9,35.3,663.7,,2,227.4,27.1,75,29.5,22.3
2026-09-17T09:25:00+05:30,2026-09-17 09:25:00,,,,0,0,14.8,96,0,0,0,22.9,35.3,663.7,,2,247.2,27.1,75,29.5,22.3
2026-09-17T09:20:00+05:30,2026-09-17 09:20:00,,,,4,5.5,14.8,72,0,0,0,22.9,35.3,663.7,,2,225.5,27,75,29.3,22.2
2026-09-17T09:15:00+05:30,2026-09-17 09:15:00,,,,2.1,7.2,14.8,106,0,0,0,22.9,35.3,663.7,,2,259.3,27,75,29.3,22.2
2026-09-17T09:10:00+05:30,2026-09-17 09:10:00,,,,0,7.2,14.8,70,0,0,0,22.9,35.3,663.7,,2,254.5,27,75,29.3,22.2
2026-09-17T09:05:00+05:30,2026-09-17 09:05:00,,,,0.3,5.5,14.8,84,0,0,0,22.9,35.3,663.7,,2,253,26.9,75,29.1,22.1
2026-09-17T09:00:00+05:30,2026-09-17 09:00:00,,,,2.1,5.5,14.8,65,0,0,0,22.9,35.3,663.7,,2,254.9,26.8,75,28.8,21.9
2026-09-17T08:55:00+05:30,2026-09-17 08:55:00,,,,0,5.5,14.8,86,0,0,0,22.9,35.3,663.7,,2,258.1,26.8,74,28.8,21.7
2026-09-17T08:50:00+05:30,2026-09-17 08:50:00,,,,0,3.5,14.8,79,0,0,0,22.9,35.3,663.7,,2,254.6,26.8,74,28.8,21.7
2026-09-17T08:45:00+05:30,2026-09-17 08:45:00,,,,0,11.1,14.8,79,0,0,0,22.9,35.3,663.7,,2,234.5,26.7,74,28.7,21.7
2026-09-17T08:41:00+05:30,2026-09-17 08:41:00,,,,0,7.2,14.8,80,0,0,0,22.9,35.3,663.7,,2,223.9,26.7,74,28.7,21.7
2026-09-17T08:35:00+05:30,2026-09-17 08:35:00,,,,0,9.3,14.8,256,0,0,0,22.9,35.3,663.7,,2,223.6,26.7,74,28.7,21.7
2026-09-17T08:30:00+05:30,2026-09-17 08:30:00,,,,0,0,14.8,68,0,0,0,22.9,35.3,663.7,,2,225.6,26.6,74,27.3,21.6
2026-09-17T08:25:00+05:30,2026-09-17 08:25:00,,,,9,11.1,14.8,126,0,0,0,22.9,35.3,663.7,,2,225.3,26.6,74,27.3,21.6
2026-09-17T08:20:00+05:30,2026-09-17 08:20:00,,,,0.6,5.5,14.8,95,0,0,0,22.9,35.3,663.7,,2,219.3,26.6,74,27.3,21.6
2026-09-17T08:15:00+05:30,2026-09-17 08:15:00,,,,4,7.2,14.8,102,0,0,0,22.9,35.3,663.7,,1,178.9,26.6,74,27.3,21.6
2026-09-17T08:10:00+05:30,2026-09-17 08:10:00,,,,0.3,7.2,14.8,106,0,0,0,22.9,35.3,663.7,,1,170.7,26.5,74,27.1,21.5
2026-09-17T08:05:00+05:30,2026-09-17 08:05:00,,,,0,0,14.8,77,0,0,0,22.9,35.3,663.7,,1,158,26.5,74,27.1,21.5
2026-09-17T08:00:00+05:30,2026-09-17 08:00:00,,,,0,1.8,14.8,87,0,0,0,22.9,35.3,663.7,,1,155.6,26.5,74,27.1,21.5
2026-09-17T07:55:00+05:30,2026-09-17 07:55:00,,,,0,1.8,14.8,76,0,0,0,22.9,35.3,663.7,,1,130.6,26.5,74,27.1,21.5
2026-09-17T07:50:00+05:30,2026-09-17 07:50:00,,,,0,0,14.8,84,0,0,0,22.9,35.3,663.7,,1,124.5,26.5,74,27.1,21.5
2026-09-17T07:45:00+05:30,2026-09-17 07:45:00,,,,1.1,13,14.8,96,0,0,0,22.9,35.3,663.7,,1,113.1,26.5,73,27.1,21.3
2026-09-17T07:40:00+05:30,2026-09-17 07:40:00,,,,0.3,5.5,14.8,134,0,0,0,22.9,35.3,663.7,,1,105.3,26.5,73,27.1,21.3
2026-09-17T07:36:00+05:30,2026-09-17 07:36:00,,,,4,5.5,14.8,104,0,0,0,22.9,35.3,663.7,,0,94.4,26.5,73,27.1,21.3
2026-09-17T07:30:00+05:30,2026-09-17 07:30:00,,,,0.6,3.5,14.8,71,0,0,0,22.9,35.3,663.7,,0,79.4,26.5,73,27.1,21.3
2026-09-17T07:25:00+05:30,2026-09-17 07:25:00,,,,0,7.2,14.8,103,0,0,0,22.9,35.3,663.7,,0,66.2,26.5,73,27.1,21.3
2026-09-17T07:20:00+05:30,2026-09-17 07:20:00,,,,4.3,5.5,14.8,79,0,0,0,22.9,35.3,663.7,,0,53.3,26.5,73,27.1,21.3
2026-09-17T07:15:00+05:30,2026-09-17 07:15:00,,,,0,3.5,14.8,82,0,0,0,22.9,35.3,663.7,,0,47.6,26.5,73,27.1,21.3
2026-09-17T07:10:00+05:30,2026-09-17 07:10:00,,,,0,0,14.8,72,0,0,0,22.9,35.3,663.7,,0,40.9,26.5,73,27.1,21.3
2026-09-17T07:05:00+05:30,2026-09-17 07:05:00,,,,0,9.3,14.8,82,0,0,0,22.9,35.3,663.7,,0,36.7,26.5,73,27.1,21.3
2026-09-17T07:00:00+05:30,2026-09-17 07:00:00,,,,0,5.5,14.8,160,0,0,0,22.9,35.3,663.7,,0,32,26.5,73,27.1,21.3
2026-09-17T06:55:00+05:30,2026-09-17 06:55:00,,,,2.1,5.5,14.8,194,0,0,0,22.9,35.3,663.7,,0,26.5,26.5,73,27.1,21.3
2026-09-17T06:50:00+05:30,2026-09-17 06:50:00,,,,0,1.8,14.8,194,0,0,0,22.9,35.3,663.7,,0,23.4,26.5,73,27.1,21.3
2026-09-17T06:45:00+05:30,2026-09-17 06:45:00,,,,3.2,5.5,14.8,194,0,0,0,22.9,35.3,663.7,,0,22.8,26.5,73,27.1,21.3
2026-09-17T06:40:00+05:30,2026-09-17 06:40:00,,,,6.1,11.1,14.8,194,0,0,0,22.9,35.3,663.7,,0,22.2,26.5,73,27.1,21.3
2026-09-17T06:35:00+05:30,2026-09-17 06:35:00,,,,0.3,7.2,14.8,194,0,0,0,22.9,35.3,663.7,,0,23.2,26.5,73,27.1,21.3
2026-09-17T06:31:00+05:30,2026-09-17 06:31:00,,,,0,0,14.8,194,0,0,0,22.9,35.3,663.7,,0,21.1,26.5,73,27.1,21.3
2026-09-17T06:25:00+05:30,2026-09-17 06:25:00,,,,1.1,7.2,14.8,194,0,0,0,22.9,35.3,663.7,,0,15.8,26.5,73,27.1,21.3
2026-09-17T06:20:00+05:30,2026-09-17 06:20:00,,,,6.1,11.1,14.8,194,0,0,0,22.9,35.3,663.7,,0,11.5,26.5,73,27.1,21.3
2026-09-17T06:15:00+05:30,2026-09-17 06:15:00,,,,1.1,5.5,14.8,194,0,0,0,22.9,35.3,663.7,,0,8.6,26.5,73,27.1,21.3
2026-09-17T06:10:00+05:30,2026-09-17 06:10:00,,,,4,9.3,14.8,194,0,0,0,22.9,35.3,663.7,,0,5.9,26.5,73,27.1,21.3
2026-09-17T06:05:00+05:30,2026-09-17 06:05:00,,,,0,3.5,14.8,194,0,0,0,22.9,35.3,663.7,,0,3,26.6,73,27.2,21.4
2026-09-17T06:00:00+05:30,2026-09-17 06:00:00,,,,0,0,14.8,194,0,0,0,22.9,35.3,663.7,,0,1.6,26.6,73,27.2,21.4
2026-09-17T05:55:00+05:30,2026-09-17 05:55:00,,,,0,5.5,14.8,194,0,0,0,22.9,35.3,663.7,,0,0.9,26.6,73,27.2,21.4
2026-09-17T05:50:00+05:30,2026-09-17 05:50:00,,,,0.6,1.8,14.8,194,0,0,0,22.9,35.3,663.7,,0,0.3,26.6,73,27.2,21.4
2026-09-17T05:45:00+05:30,2026-09-17 05:45:00,,,,0,1.8,14.8,194,0,0,0,22.9,35.3,663.7,,0,0.1,26.6,73,27.2,21.4
2026-09-17T05:40:00+05:30,2026-09-17 05:40:00,,,,0,9.3,14.8,194,0,0,0,22.9,35.3,663.7,,0,0,26.6,73,27.2,21.4
2026-09-17T05:35:00+05:30,2026-09-17 05:35:00,,,,0,0,14.8,194,0,0,0,22.9,35.3,663.7,,0,0,26.6,73,27.2,21.4
2026-09-17T05:30:00+05:30,2026-09-17 05:30:00,,,,0,0,14.8,194,0,0,0,22.9,35.3,663.7,,0,0,26.6,73,27.2,21.4
2026-09-17T05:25:00+05:30,2026-09-17 05:25:00,,,,0,0,14.8,194,0,0,0,22.9,35.3,663.7,,0,0,26.6,73,27.2,21.4
2026-09-17T05:20:00+05:30,2026-09-17 05:20:00,,,,0,0,14.8,21,0,0,0,22.9,35.3,663.7,,0,0,26.6,73,27.2,21.4
2026-09-17T05:15:00+05:30,2026-09-17 05:15:00,,,,0,0,14.8,92,0,0,0,22.9,35.3,663.7,,0,0,26.6,73,27.2,21.4
2026-09-17T05:10:00+05:30,2026-09-17 05:10:00,,,,0,0,14.8,76,0,0,0,22.9,35.3,663.7,,0,0,26.6,73,27.2,21.4
2026-09-17T05:05:00+05:30,2026-09-17 05:05:00,,,,0,0,14.8,84,0,0,0,22.9,35.3,663.7,,0,0,26.6,73,27.2,21.4
2026-09-17T05:00:00+05:30,2026-09-17 05:00:00,,,,0,0,14.8,73,0,0,0,22.9,35.3,663.7,,0,0,26.6,73,27.2,21.4
2026-09-17T04:55:00+05:30,2026-09-17 04:55:00,,,,0,0,14.8,78,0,0,0,22.9,35.3,663.7,,0,0,26.7,73,28.6,21.4
2026-09-17T04:50:00+05:30,2026-09-17 04:50:00,,,,0,0,14.8,74,0,0,0,22.9,35.3,663.7,,0,0,26.7,73,28.6,21.4
2026-09-17T04:45:00+05:30,2026-09-17 04:45:00,,,,0.3,3.5,14.8,81,0,0,0,22.9,35.3,663.7,,0,0,26.7,73,28.6,21.4
2026-09-17T04:40:00+05:30,2026-09-17 04:40:00,,,,4.7,7.2,14.8,80,0,0,0,22.9,35.3,663.7,,0,0,26.7,73,28.6,21.4
2026-09-17T04:35:00+05:30,2026-09-17 04:35:00,,,,0,1.8,14.8,73,0,0,0,22.9,35.3,663.7,,0,0,26.7,73,28.6,21.4
2026-09-17T04:30:00+05:30,2026-09-17 04:30:00,,,,0,0,14.8,112,0,0,0,22.9,35.3,663.7,,0,0,26.7,73,28.6,21.4
2026-09-17T04:25:00+05:30,2026-09-17 04:25:00,,,,0,1.8,14.8,81,0,0,0,22.9,35.3,663.7,,0,0,26.7,73,28.6,21.4
2026-09-17T04:20:00+05:30,2026-09-17 04:20:00,,,,0,0,14.8,81,0,0,0,22.9,35.3,663.7,,0,0,26.7,72,28.6,21.2
2026-09-17T04:15:00+05:30,2026-09-17 04:15:00,,,,0,1.8,14.8,77,0,0,0,22.9,35.3,663.7,,0,0,26.7,72,28.6,21.2
2026-09-17T04:10:00+05:30,2026-09-17 04:10:00,,,,0,0,14.8,88,0,0,0,22.9,35.3,663.7,,0,0,26.7,72,28.6,21.2
2026-09-17T04:06:00+05:30,2026-09-17 04:06:00,,,,0,0,14.8,74,0,0,0,22.9,35.3,663.7,,0,0,26.7,72,28.6,21.2
2026-09-17T04:00:00+05:30,2026-09-17 04:00:00,,,,0,0,14.8,85,0,0,0,22.9,35.3,663.7,,0,0,26.7,72,28.6,21.2
2026-09-17T03:55:00+05:30,2026-09-17 03:55:00,,,,2.1,9.3,14.8,72,0,0,0,22.9,35.3,663.7,,0,0,26.7,72,28.6,21.2
2026-09-17T03:50:00+05:30,2026-09-17 03:50:00,,,,0,7.2,14.8,83,0,0,0,22.9,35.3,663.7,,0,0,26.8,72,28.6,21.3
2026-09-17T03:45:00+05:30,2026-09-17 03:45:00,,,,0,0,14.8,83,0,0,0,22.9,35.3,663.7,,0,0,26.8,72,28.6,21.3
2026-09-17T03:40:00+05:30,2026-09-17 03:40:00,,,,2.9,7.2,14.8,77,0,0,0,22.9,35.3,663.7,,0,0,26.8,72,28.6,21.3
2026-09-17T03:35:00+05:30,2026-09-17 03:35:00,,,,6.1,9.3,14.8,80,0,0,0,22.9,35.3,663.7,,0,0,26.8,72,28.6,21.3
2026-09-17T03:30:00+05:30,2026-09-17 03:30:00,,,,5.5,9.3,14.8,73,0,0,0,22.9,35.3,663.7,,0,0,26.8,72,28.6,21.3
2026-09-17T03:25:00+05:30,2026-09-17 03:25:00,,,,0,0,14.8,88,0,0,0,22.9,35.3,663.7,,0,0,26.8,72,28.6,21.3
2026-09-17T03:20:00+05:30,2026-09-17 03:20:00,,,,0,3.5,14.8,81,0,0,0,22.9,35.3,663.7,,0,0,26.8,72,28.6,21.3
2026-09-17T03:15:00+05:30,2026-09-17 03:15:00,,,,4.7,9.3,14.8,112,0,0,0,22.9,35.3,663.7,,0,0,26.8,72,28.6,21.3
2026-09-17T03:10:00+05:30,2026-09-17 03:10:00,,,,0,0,14.8,78,0,0,0,22.9,35.3,663.7,,0,0,26.8,72,28.6,21.3
2026-09-17T03:05:00+05:30,2026-09-17 03:05:00,,,,0,5.5,14.8,59,0,0,0,22.9,35.3,663.7,,0,0,26.9,72,28.8,21.4
2026-09-17T03:01:00+05:30,2026-09-17 03:01:00,,,,4.7,9.3,14.8,62,0,0,0,22.9,35.3,663.7,,0,0,26.9,72,28.8,21.4
2026-09-17T02:55:00+05:30,2026-09-17 02:55:00,,,,0.3,11.1,14.8,80,0,0,0,22.9,35.3,663.7,,0,0,26.9,72,28.8,21.4
2026-09-17T02:50:00+05:30,2026-09-17 02:50:00,,,,1.1,7.2,14.8,99,0,0,0,22.9,35.3,663.7,,0,0,26.9,72,28.8,21.4
2026-09-17T02:45:00+05:30,2026-09-17 02:45:00,,,,4.3,9.3,14.8,107,0,0,0,22.9,35.3,663.7,,0,0,26.9,72,28.8,21.4
2026-09-17T02:40:00+05:30,2026-09-17 02:40:00,,,,0,5.5,14.8,90,0,0,0,22.9,35.3,663.7,,0,0,26.9,72,28.8,21.4
2026-09-17T02:35:00+05:30,2026-09-17 02:35:00,,,,4.3,5.5,14.8,117,0,0,0,22.9,35.3,663.7,,0,0,26.9,72,28.8,21.4
2026-09-17T02:30:00+05:30,2026-09-17 02:30:00,,,,0,0,14.8,75,0,0,0,22.9,35.3,663.7,,0,0,26.9,72,28.8,21.4
2026-09-17T02:25:00+05:30,2026-09-17 02:25:00,,,,0.3,14.8,14.8,102,0,0,0,22.9,35.3,663.7,,0,0,27,72,29,21.5
2026-09-17T02:20:00+05:30,2026-09-17 02:20:00,,,,4.7,7.2,11.1,101,0,0,0,22.9,35.3,663.7,,0,0,27,72,29,21.5
2026-09-17T02:15:00+05:30,2026-09-17 02:15:00,,,,3.2,7.2,11.1,111,0,0,0,22.9,35.3,663.7,,0,0,27,72,29,21.5
2026-09-17T02:10:00+05:30,2026-09-17 02:10:00,,,,0,1.8,11.1,87,0,0,0,22.9,35.3,663.7,,0,0,27,72,29,21.5
2026-09-17T02:05:00+05:30,2026-09-17 02:05:00,,,,0,0,11.1,80,0,0,0,22.9,35.3,663.7,,0,0,27,72,29,21.5
2026-09-17T02:00:00+05:30,2026-09-17 02:00:00,,,,0,0,11.1,70,0,0,0,22.9,35.3,663.7,,0,0,27,71,28.9,21.3
2026-09-17T01:56:00+05:30,2026-09-17 01:56:00,,,,2.1,9.3,11.1,72,0,0,0,22.9,35.3,663.7,,0,0,27,72,29,21.5
2026-09-17T01:50:00+05:30,2026-09-17 01:50:00,,,,0,0,11.1,94,0,0,0,22.9,35.3,663.7,,0,0,27.1,71,29.1,21.4
2026-09-17T01:45:00+05:30,2026-09-17 01:45:00,,,,4.7,11.1,11.1,48,0,0,0,22.9,35.3,663.7,,0,0,27.1,71,29.1,21.4
2026-09-17T01:40:00+05:30,2026-09-17 01:40:00,,,,1.1,3.5,11.1,87,0,0,0,22.9,35.3,663.7,,0,0,27.1,71,29.1,21.4
2026-09-17T01:35:00+05:30,2026-09-17 01:35:00,,,,0,0,11.1,94,0,0,0,22.9,35.3,663.7,,0,0,27.1,72,29.2,21.6
2026-09-17T01:30:00+05:30,2026-09-17 01:30:00,,,,0,0,11.1,97,0,0,0,22.9,35.3,663.7,,0,0,27.1,72,29.2,21.6
2026-09-17T01:25:00+05:30,2026-09-17 01:25:00,,,,0,0,11.1,70,0,0,0,22.9,35.3,663.7,,0,0,27.1,71,29.1,21.4
2026-09-17T01:20:00+05:30,2026-09-17 01:20:00,,,,0,0,11.1,84,0,0,0,22.9,35.3,663.7,,0,0,27.1,71,29.1,21.4
2026-09-17T01:15:00+05:30,2026-09-17 01:15:00,,,,2.1,3.5,11.1,81,0,0,0,22.9,35.3,663.7,,0,0,27.1,72,29.2,21.6
2026-09-17T01:10:00+05:30,2026-09-17 01:10:00,,,,7.2,9.3,11.1,89,0,0,0,22.9,35.3,663.7,,0,0,27.2,72,29.4,21.7
2026-09-17T01:05:00+05:30,2026-09-17 01:05:00,,,,2.1,5.5,11.1,91,0,0,0,22.9,35.3,663.7,,0,0,27.2,72,29.4,21.7
2026-09-17T01:00:00+05:30,2026-09-17 01:00:00,,,,3.5,7.2,11.1,131,0,0,0,22.9,35.3,663.7,,0,0,27.2,72,29.4,21.7
2026-09-17T00:55:00+05:30,2026-09-17 00:55:00,,,,5,7.2,11.1,104,0,0,0,22.9,35.3,663.7,,0,0,27.2,71,29.3,21.5
2026-09-17T00:50:00+05:30,2026-09-17 00:50:00,,,,0,5.5,11.1,103,0,0,0,22.9,35.3,663.7,,0,0,27.2,71,29.3,21.5
2026-09-17T00:45:00+05:30,2026-09-17 00:45:00,,,,0,5.5,11.1,91,0,0,0,22.9,35.3,663.7,,0,0,27.2,71,29.3,21.5
2026-09-17T00:40:00+05:30,2026-09-17 00:40:00,,,,0,9.3,11.1,83,0,0,0,22.9,35.3,663.7,,0,0,27.2,71,29.3,21.5
2026-09-17T00:35:00+05:30,2026-09-17 00:35:00,,,,0,0,11.1,90,0,0,0,22.9,35.3,663.7,,0,0,27.2,71,29.3,21.5
2026-09-17T00:30:00+05:30,2026-09-17 00:30:00,,,,0,7.2,11.1,71,0,0,0,22.9,35.3,663.7,,0,0,27.3,71,29.4,21.6
2026-09-17T00:25:00+05:30,2026-09-17 00:25:00,,,,6.1,11.1,11.1,95,0,0,0,22.9,35.3,663.7,,0,0,27.3,71,29.4,21.6
2026-09-17T00:20:00+05:30,2026-09-17 00:20:00,,,,5.5,9.3,9.3,92,0,0,0,22.9,35.3,663.7,,0,0,27.3,71,29.4,21.6
2026-09-17T00:15:00+05:30,2026-09-17 00:15:00,,,,0.3,1.8,9.3,95,0,0,0,22.9,35.3,663.7,,0,0,27.3,71,29.4,21.6
2026-09-17T00:10:00+05:30,2026-09-17 00:10:00,,,,0,9.3,9.3,194,0,0,0,22.9,35.3,663.7,,0,0,27.3,71,29.4,21.6
2026-09-17T00:05:00+05:30,2026-09-17 00:05:00,,,,0,0,9.3,194,0,0,0,22.9,35.3,663.7,,0,0,27.3,71,29.4,21.6
2026-09-17T00:00:00+05:30,2026-09-17 00:00:00,,,,0,0,0,195,0,0,0,22.9,35.3,663.7,,0,0,27.3,71,29.4,21.6
2026-09-16T23:55:00+05:30,2026-09-16 23:55:00,,,,0,1.8,20.1,88,0,0,0.3,22.9,35.3,663.7,,0,0,27.3,71,29.4,21.6
2026-09-16T23:50:00+05:30,2026-09-16 23:50:00,,,,0,1.8,20.1,90,0,0,0.3,22.9,35.3,663.7,,0,0,27.4,71,29.6,21.7
2026-09-16T23:45:00+05:30,2026-09-16 23:45:00,,,,0.3,1.8,20.1,87,0,0,0.3,22.9,35.3,663.7,,0,0,27.4,71,29.6,21.7
2026-09-16T23:40:00+05:30,2026-09-16 23:40:00,,,,0,1.8,20.1,72,0,0,0.3,22.9,35.3,663.7,,0,0,27.4,71,29.6,21.7
2026-09-16T23:35:00+05:30,2026-09-16 23:35:00,,,,2.1,5.5,20.1,81,0,0,0.3,22.9,35.3,663.7,,0,0,27.4,71,29.6,21.7
2026-09-16T23:31:00+05:30,2026-09-16 23:31:00,,,,0,3.5,20.1,159,0,0,0.3,22.9,35.3,663.7,,0,0,27.4,71,29.6,21.7
2026-09-16T23:25:00+05:30,2026-09-16 23:25:00,,,,0,7.2,20.1,96,0,0,0.3,22.9,35.3,663.7,,0,0,27.4,71,29.6,21.7
2026-09-16T23:20:00+05:30,2026-09-16 23:20:00,,,,0,0,20.1,84,0,0,0.3,22.9,35.3,663.7,,0,0,27.5,71,29.8,21.8
2026-09-16T23:15:00+05:30,2026-09-16 23:15:00,,,,0.3,1.8,20.1,199,0,0,0.3,22.9,35.3,663.7,,0,0,27.5,71,29.8,21.8
2026-09-16T23:10:00+05:30,2026-09-16 23:10:00,,,,0,0,20.1,345,0,0,0.3,22.9,35.3,663.7,,0,0,27.5,71,29.8,21.8
2026-09-16T23:05:00+05:30,2026-09-16 23:05:00,,,,0,0,20.1,94,0,0,0.3,22.9,35.3,663.7,,0,0,27.5,71,29.8,21.8
2026-09-16T23:00:00+05:30,2026-09-16 23:00:00,,,,0,1.8,20.1,80,0,0,0.3,22.9,35.3,663.7,,0,0,27.5,71,29.8,21.8
2026-09-16T22:55:00+05:30,2026-09-16 22:55:00,,,,0,0,20.1,92,0,0,0.3,22.9,35.3,663.7,,0,0,27.5,71,29.8,21.8
2026-09-16T22:50:00+05:30,2026-09-16 22:50:00,,,,5.8,9.3,20.1,125,0,0,0.3,22.9,35.3,663.7,,0,0,27.5,71,29.8,21.8
2026-09-16T22:45:00+05:30,2026-09-16 22:45:00,,,,0,0,20.1,106,0,0,0.3,22.9,35.3,663.7,,0,0,27.6,71,30.1,21.9
2026-09-16T22:40:00+05:30,2026-09-16 22:40:00,,,,4,9.3,20.1,98,0,0,0.3,22.9,35.3,663.7,,0,0,27.6,71,30.1,21.9
2026-09-16T22:35:00+05:30,2026-09-16 22:35:00,,,,0.3,9.3,20.1,78,0,0,0.3,22.9,35.3,663.7,,0,0,27.6,71,30.1,21.9
2026-09-16T22:30:00+05:30,2026-09-16 22:30:00,,,,5.5,9.3,20.1,163,0,0,0.3,22.9,35.3,663.7,,0,0,27.6,71,30.1,21.9
2026-09-16T22:26:00+05:30,2026-09-16 22:26:00,,,,0,0,20.1,82,0,0,0.3,22.9,35.3,663.7,,0,0,27.6,71,30.1,21.9
2026-09-16T22:20:00+05:30,2026-09-16 22:20:00,,,,0,0,20.1,80,0,0,0.3,22.9,35.3,663.7,,0,0,27.7,70,30.1,21.7
2026-09-16T22:15:00+05:30,2026-09-16 22:15:00,,,,0,0,20.1,107,0,0,0.3,22.9,35.3,663.7,,0,0,27.7,70,30.1,21.7
2026-09-16T22:10:00+05:30,2026-09-16 22:10:00,,,,0,0,20.1,80,0,0,0.3,22.9,35.3,663.7,,0,0,27.7,70,30.1,21.7
2026-09-16T22:05:00+05:30,2026-09-16 22:05:00,,,,0,3.5,20.1,84,0,0,0.3,22.9,35.3,663.7,,0,0,27.7,70,30.1,21.7
2026-09-16T22:00:00+05:30,2026-09-16 22:00:00,,,,4.7,9.3,20.1,85,0,0,0.3,22.9,35.3,663.7,,0,0,27.8,70,30.2,21.8
2026-09-16T21:55:00+05:30,2026-09-16 21:55:00,,,,0,11.1,20.1,107,0,0,0.3,22.9,35.3,663.7,,0,0,27.8,70,30.2,21.8
2026-09-16T21:50:00+05:30,2026-09-16 21:50:00,,,,0,3.5,20.1,73,0,0,0.3,22.9,35.3,663.7,,0,0,27.8,70,30.2,21.8
2026-09-16T21:45:00+05:30,2026-09-16 21:45:00,,,,0,0,20.1,81,0,0,0.3,22.9,35.3,663.7,,0,0,27.8,70,30.2,21.8
2026-09-16T21:40:00+05:30,2026-09-16 21:40:00,,,,0,0,20.1,95,0,0,0.3,22.9,35.3,663.7,,0,0,27.8,70,30.2,21.8
2026-09-16T21:35:00+05:30,2026-09-16 21:35:00,,,,0,3.5,20.1,63,0,0,0.3,22.9,35.3,663.7,,0,0,27.9,70,30.4,21.9
2026-09-16T21:30:00+05:30,2026-09-16 21:30:00,,,,0,0,20.1,86,0,0,0.3,22.9,35.3,663.7,,0,0,27.9,70,30.4,21.9
2026-09-16T21:25:00+05:30,2026-09-16 21:25:00,,,,0,0,20.1,118,0,0,0.3,22.9,35.3,663.7,,0,0,27.9,70,30.4,21.9
2026-09-16T21:21:00+05:30,2026-09-16 21:21:00,,,,0,0,20.1,78,0,0,0.3,22.9,35.3,663.7,,0,0,27.9,70,30.4,21.9
2026-09-16T21:15:00+05:30,2026-09-16 21:15:00,,,,0,0,20.1,78,0,0,0.3,22.9,35.3,663.7,,0,0,27.9,70,30.4,21.9
2026-09-16T21:10:00+05:30,2026-09-16 21:10:00,,,,0,0,20.1,96,0,0,0.3,22.9,35.3,663.7,,0,0,27.9,70,30.4,21.9
2026-09-16T21:05:00+05:30,2026-09-16 21:05:00,,,,0,0,20.1,89,0,0,0.3,22.9,35.3,663.7,,0,0,27.9,70,30.4,21.9
2026-09-16T21:00:00+05:30,2026-09-16 21:00:00,,,,0,0,20.1,77,0,0,0.3,22.9,35.3,663.7,,0,0,28,70,30.7,22
2026-09-16T20:55:00+05:30,2026-09-16 20:55:00,,,,0,0,20.1,76,0,0,0.3,22.9,35.3,663.7,,0,0,28,70,30.7,22
2026-09-16T20:50:00+05:30,2026-09-16 20:50:00,,,,0,0,20.1,65,0,0,0.3,22.9,35.3,663.7,,0,0,28,70,30.7,22
2026-09-16T20:45:00+05:30,2026-09-16 20:45:00,,,,0,0,20.1,82,0,0,0.3,22.9,35.3,663.7,,0,0,28,70,30.7,22
2026-09-16T20:40:00+05:30,2026-09-16 20:40:00,,,,0,0,20.1,79,0,0,0.3,22.9,35.3,663.7,,0,0,28.1,70,30.9,22.1
2026-09-16T20:35:00+05:30,2026-09-16 20:35:00,,,,0,0,20.1,96,0,0,0.3,22.9,35.3,663.7,,0,0,28,70,30.7,22
2026-09-16T20:30:00+05:30,2026-09-16 20:30:00,,,,0,0,20.1,74,0,0,0.3,22.9,35.3,663.7,,0,0,28.1,70,30.9,22.1
2026-09-16T20:25:00+05:30,2026-09-16 20:25:00,,,,0,0,20.1,81,0,0,0.3,22.9,35.3,663.7,,0,0,28.1,70,30.9,22.1
2026-09-16T20:20:00+05:30,2026-09-16 20:20:00,,,,0,0,20.1,81,0,0,0.3,22.9,35.3,663.7,,0,0,28.1,70,30.9,22.1
2026-09-16T20:15:00+05:30,2026-09-16 20:15:00,,,,0,0,20.1,76,0,0,0.3,22.9,35.3,663.7,,0,0,28.1,70,30.9,22.1
2026-09-16T20:10:00+05:30,2026-09-16 20:10:00,,,,0,0,20.1,80,0,0,0.3,22.9,35.3,663.7,,0,0,28.1,70,30.9,22.1
2026-09-16T20:05:00+05:30,2026-09-16 20:05:00,,,,0,0,20.1,69,0,0,0.3,22.9,35.3,663.7,,0,0,28.1,70,30.9,22.1
2026-09-16T20:01:00+05:30,2026-09-16 20:01:00,,,,0,0,20.1,80,0,0,0.3,22.9,35.3,663.7,,0,0,28.1,70,30.9,22.1
2026-09-16T19:55:00+05:30,2026-09-16 19:55:00,,,,0,0,20.1,72,0,0,0.3,22.9,35.3,663.7,,0,0,28.1,70,30.9,22.1
2026-09-16T19:50:00+05:30,2026-09-16 19:50:00,,,,0,0,20.1,96,0,0,0.3,22.9,35.3,663.7,,0,0,28.2,70,31.1,22.2
2026-09-16T19:45:00+05:30,2026-09-16 19:45:00,,,,0,0,20.1,80,0,0,0.3,22.9,35.3,663.7,,0,0,28.2,70,31.1,22.2
2026-09-16T19:40:00+05:30,2026-09-16 19:40:00,,,,0,0,20.1,72,0,0,0.3,22.9,35.3,663.7,,0,0,28.1,70,30.9,22.1
2026-09-16T19:35:00+05:30,2026-09-16 19:35:00,,,,0,0,20.1,82,0,0,0.3,22.9,35.3,663.7,,0,0,28.2,70,31.1,22.2
2026-09-16T19:30:00+05:30,2026-09-16 19:30:00,,,,0,0,20.1,87,0,0,0.3,22.9,35.3,663.7,,0,0,28.2,70,31.1,22.2
2026-09-16T19:25:00+05:30,2026-09-16 19:25:00,,,,0,0,20.1,100,0,0,0.3,22.9,35.3,663.7,,0,0,28.3,70,31.2,22.3
2026-09-16T19:20:00+05:30,2026-09-16 19:20:00,,,,0,0,20.1,86,0,0,0.3,22.9,35.3,663.7,,0,0,28.3,70,31.2,22.3
2026-09-16T19:15:00+05:30,2026-09-16 19:15:00,,,,0,0,20.1,79,0,0,0.3,22.9,35.3,663.7,,0,0,28.4,70,31.4,22.4
2026-09-16T19:10:00+05:30,2026-09-16 19:10:00,,,,0,0,20.1,112,0,0,0.3,22.9,35.3,663.7,,0,0,28.4,70,31.4,22.4
2026-09-16T19:05:00+05:30,2026-09-16 19:05:00,,,,0,0,20.1,79,0,0,0.3,22.9,35.3,663.7,,0,0,28.5,70,31.7,22.5
2026-09-16T19:00:00+05:30,2026-09-16 19:00:00,,,,0,0,20.1,82,0,0,0.3,22.9,35.3,663.7,,0,0,28.5,70,31.7,22.5
2026-09-16T18:56:00+05:30,2026-09-16 18:56:00,,,,0,0,20.1,183,0,0,0.3,22.9,35.3,663.7,,0,0,28.6,70,31.9,22.6
2026-09-16T18:50:00+05:30,2026-09-16 18:50:00,,,,0,0,20.1,77,0,0,0.3,22.9,35.3,663.7,,0,0,28.6,70,31.9,22.6
2026-09-16T18:45:00+05:30,2026-09-16 18:45:00,,,,0.6,1.8,20.1,101,0,0,0.3,22.9,35.3,663.7,,0,0,28.6,70,31.9,22.6
2026-09-16T18:40:00+05:30,2026-09-16 18:40:00,,,,0,0,20.1,78,0,0,0.3,22.9,35.3,663.7,,0,0,28.7,70,32.1,22.7
2026-09-16T18:35:00+05:30,2026-09-16 18:35:00,,,,0,0,20.1,88,0,0,0.3,22.9,35.3,663.7,,0,0,28.7,70,32.1,22.7
2026-09-16T18:30:00+05:30,2026-09-16 18:30:00,,,,0,0,20.1,82,0,0,0.3,22.9,35.3,663.7,,0,0,28.7,70,32.1,22.7
2026-09-16T18:25:00+05:30,2026-09-16 18:25:00,,,,0,3.5,20.1,78,0,0,0.3,22.9,35.3,663.7,,0,0,28.7,70,32.1,22.7
2026-09-16T18:20:00+05:30,2026-09-16 18:20:00,,,,0,7.2,20.1,114,0,0,0.3,22.9,35.3,663.7,,0,0.1,28.8,70,32.2,22.7
2026-09-16T18:15:00+05:30,2026-09-16 18:15:00,,,,4,9.3,20.1,77,0,0,0.3,22.9,35.3,663.7,,0,0.2,28.8,70,32.2,22.7
2026-09-16T18:10:00+05:30,2026-09-16 18:10:00,,,,0,7.2,20.1,70,0,0,0.3,22.9,35.3,663.7,,0,0.5,28.8,70,32.2,22.7
2026-09-16T18:05:00+05:30,2026-09-16 18:05:00,,,,0,3.5,20.1,77,0,0,0.3,22.9,35.3,663.7,,0,0.9,28.9,70,32.5,22.8
2026-09-16T18:00:00+05:30,2026-09-16 18:00:00,,,,0,3.5,20.1,86,0,0,0.3,22.9,35.3,663.7,,0,1.9,28.9,70,32.5,22.8
2026-09-16T17:55:00+05:30,2026-09-16 17:55:00,,,,0,3.5,20.1,81,0,0,0.3,22.9,35.3,663.7,,0,2.6,28.9,70,32.5,22.8
2026-09-16T17:51:00+05:30,2026-09-16 17:51:00,,,,0,5.5,20.1,81,0,0,0.3,22.9,35.3,663.7,,0,3.8,29,70,32.7,22.9
2026-09-16T17:45:00+05:30,2026-09-16 17:45:00,,,,0,9.3,20.1,78,0,0,0.3,22.9,35.3,663.7,,0,5.9,29,70,32.7,22.9
2026-09-16T17:40:00+05:30,2026-09-16 17:40:00,,,,0,5.5,20.1,81,0,0,0.3,22.9,35.3,663.7,,0,8.1,29,70,32.7,22.9
2026-09-16T17:35:00+05:30,2026-09-16 17:35:00,,,,0,5.5,20.1,56,0,0,0.3,22.9,35.3,663.7,,0,9.8,29.1,70,32.9,23.1
2026-09-16T17:30:00+05:30,2026-09-16 17:30:00,,,,0,9.3,20.1,82,0,0,0.3,22.9,35.3,663.7,,0,11.4,29.1,70,32.9,23.1
2026-09-16T17:25:00+05:30,2026-09-16 17:25:00,,,,2.1,5.5,20.1,82,0,0,0.3,22.9,35.3,663.7,,0,14.4,29.1,70,32.9,23.1
2026-09-16T17:20:00+05:30,2026-09-16 17:20:00,,,,0,0,20.1,84,0,0,0.3,22.9,35.3,663.7,,0,19.9,29.1,70,32.9,23.1
2026-09-16T17:15:00+05:30,2026-09-16 17:15:00,,,,0.3,5.5,20.1,94,0,0,0.3,22.9,35.3,663.7,,0,25.5,29.2,70,33.2,23.2
2026-09-16T17:10:00+05:30,2026-09-16 17:10:00,,,,0,0,20.1,81,0,0,0.3,22.9,35.3,663.7,,0,30.6,29.2,70,33.2,23.2
2026-09-16T17:05:00+05:30,2026-09-16 17:05:00,,,,1.1,7.2,20.1,97,0,0,0.3,22.9,35.3,663.7,,0,36.3,29.2,70,33.2,23.2
2026-09-16T17:00:00+05:30,2026-09-16 17:00:00,,,,0,7.2,20.1,108,0,0,0.3,22.9,35.3,663.7,,0,40.8,29.3,70,33.3,23.2
2026-09-16T16:55:00+05:30,2026-09-16 16:55:00,,,,6.4,11.1,20.1,83,0,0,0.3,22.9,35.3,663.7,,0,48.6,29.4,70,33.6,23.3
2026-09-16T16:50:00+05:30,2026-09-16 16:50:00,,,,0,5.5,20.1,116,0,0,0.3,22.9,35.3,663.7,,0,57.7,29.4,70,33.6,23.3
2026-09-16T16:45:00+05:30,2026-09-16 16:45:00,,,,2.1,5.5,20.1,96,0,0,0.3,22.9,35.3,663.7,,0,57.9,29.4,70,33.6,23.3
2026-09-16T16:41:00+05:30,2026-09-16 16:41:00,,,,0,7.2,20.1,87,0,0,0.3,22.9,35.3,663.7,,0,48.5,29.4,69,33.4,23.1
2026-09-16T16:35:00+05:30,2026-09-16 16:35:00,,,,3.2,11.1,20.1,109,0,0,0.3,22.9,35.3,663.7,,0,39.8,29.5,69,33.7,23.2
2026-09-16T16:30:00+05:30,2026-09-16 16:30:00,,,,2.9,11.1,20.1,102,0,0,0.3,22.9,35.3,663.7,,0,23.6,29.5,69,33.7,23.2
2026-09-16T16:25:00+05:30,2026-09-16 16:25:00,,,,4.3,7.2,20.1,94,0,0,0.3,22.9,35.3,663.7,,0,52.9,29.6,69,33.9,23.3
2026-09-16T16:20:00+05:30,2026-09-16 16:20:00,,,,14,18.3,20.1,116,0,6.9,0.3,22.9,35.3,663.7,,0,63,29.6,69,33.9,23.3
2026-09-16T16:15:00+05:30,2026-09-16 16:15:00,,,,0,9.3,20.1,129,0,6.9,0.3,22.9,35.3,663.7,,0,69.2,29.6,69,33.9,23.3
2026-09-16T16:10:00+05:30,2026-09-16 16:10:00,,,,0,5.5,20.1,82,0,6.9,0.3,22.9,35.3,663.7,,0,86.9,29.6,69,33.9,23.3
2026-09-16T16:05:00+05:30,2026-09-16 16:05:00,,,,3.5,11.1,20.1,85,0,6.9,0.3,22.9,35.3,663.7,,0,84.5,29.7,69,34.2,23.4
2026-09-16T16:00:00+05:30,2026-09-16 16:00:00,,,,6.4,9.3,20.1,136,0,6.9,0.3,22.9,35.3,663.7,,0,96.1,29.7,69,34.2,23.4
2026-09-16T15:55:00+05:30,2026-09-16 15:55:00,,,,1.4,7.2,20.1,80,0,6.9,0.3,22.9,35.3,663.7,,1,105.7,29.7,69,34.2,23.4
2026-09-16T15:50:00+05:30,2026-09-16 15:50:00,,,,6.1,7.2,20.1,71,0,6.9,0.3,22.9,35.3,663.7,,1,166.5,29.7,69,34.2,23.4
2026-09-16T15:45:00+05:30,2026-09-16 15:45:00,,,,7.6,13,20.1,107,0,6.9,0.3,22.9,35.3,663.7,,1,131.5,29.7,69,34.2,23.4
2026-09-16T15:40:00+05:30,2026-09-16 15:40:00,,,,0,9.3,20.1,68,0,6.9,0.3,22.9,35.3,663.7,,1,142.5,29.7,69,34.2,23.4
2026-09-16T15:35:00+05:30,2026-09-16 15:35:00,,,,3.5,9.3,20.1,75,0,6.9,0.3,22.9,35.3,663.7,,2,232.9,29.7,69,34.2,23.4
2026-09-16T15:30:00+05:30,2026-09-16 15:30:00,,,,5.5,9.3,20.1,65,0,6.9,0.3,22.9,35.3,663.7,,3,393.6,29.7,69,34.2,23.4
2026-09-16T15:26:00+05:30,2026-09-16 15:26:00,,,,2.1,7.2,20.1,79,0,6.9,0.3,22.9,35.3,663.7,,3,336.2,29.7,69,34.2,23.4
2026-09-16T15:20:00+05:30,2026-09-16 15:20:00,,,,0.3,13,20.1,67,0,6.9,0.3,22.9,35.3,663.7,,3,358.9,29.7,69,34.2,23.4
2026-09-16T15:15:00+05:30,2026-09-16 15:15:00,,,,2.9,5.5,20.1,93,0,6.9,0.3,22.9,35.3,663.7,,2,269.2,29.7,69,34.2,23.4
2026-09-16T15:10:00+05:30,2026-09-16 15:10:00,,,,2.1,11.1,20.1,99,0,6.9,0.3,22.9,35.3,663.7,,1,173.2,29.7,69,34.2,23.4
2026-09-16T15:05:00+05:30,2026-09-16 15:05:00,,,,2.6,7.2,20.1,95,0,6.9,0.3,22.9,35.3,663.7,,1,154.3,29.7,69,34.2,23.4
2026-09-16T15:00:00+05:30,2026-09-16 15:00:00,,,,0.3,5.5,20.1,108,0,6.9,0.3,22.9,35.3,663.7,,1,173.5,29.7,69,34.2,23.4
2026-09-16T14:55:00+05:30,2026-09-16 14:55:00,,,,0.3,3.5,20.1,72,0,6.9,0.3,22.9,35.3,663.7,,1,171.5,29.7,69,34.2,23.4
2026-09-16T14:50:00+05:30,2026-09-16 14:50:00,,,,0,5.5,20.1,79,0,6.9,0.3,22.9,35.3,663.7,,1,164.4,29.7,69,34.2,23.4
2026-09-16T14:45:00+05:30,2026-09-16 14:45:00,,,,0.3,7.2,20.1,80,0,6.9,0.3,22.9,35.3,663.7,,1,141.3,29.7,68,33.9,23.2
2026-09-16T14:40:00+05:30,2026-09-16 14:40:00,,,,7.9,13,20.1,104,0,6.9,0.3,22.9,35.3,663.7,,1,160.4,29.7,68,33.9,23.2
2026-09-16T14:35:00+05:30,2026-09-16 14:35:00,,,,1.8,7.2,20.1,100,0,6.9,0.3,22.9,35.3,663.7,,1,163.9,29.6,68,33.7,23.1
2026-09-16T14:30:00+05:30,2026-09-16 14:30:00,,,,3.5,13,20.1,112,0,6.9,0.3,22.9,35.3,663.7,,2,217.9,29.6,67,33.4,22.8
2026-09-16T14:25:00+05:30,2026-09-16 14:25:00,,,,0,11.1,20.1,225,0,6.9,0.3,22.9,35.3,663.7,,4,472.3,29.6,68,33.7,23.1
2026-09-16T14:21:00+05:30,2026-09-16 14:21:00,,,,2.6,9.3,20.1,114,0,6.9,0.3,22.9,35.3,663.7,,2,298,29.6,68,33.7,23.1
2026-09-16T14:15:00+05:30,2026-09-16 14:15:00,,,,0,3.5,20.1,71,0,6.9,0.3,22.9,35.3,663.7,,2,286.1,29.6,69,33.9,23.3
2026-09-16T14:10:00+05:30,2026-09-16 14:10:00,,,,1.4,9.3,20.1,69,0,6.9,0.3,22.9,35.3,663.7,,1,191.6,29.6,69,33.9,23.3
2026-09-16T14:05:00+05:30,2026-09-16 14:05:00,,,,0,9.3,20.1,56,0,6.9,0.3,22.9,35.3,663.7,,7,729.9,29.5,69,33.7,23.2
2026-09-16T14:00:00+05:30,2026-09-16 14:00:00,,,,2.6,9.3,20.1,84,0,6.9,0.3,22.9,35.3,663.7,,2,239.9,29.5,69,33.7,23.2
2026-09-16T13:55:00+05:30,2026-09-16 13:55:00,,,,0,9.3,20.1,109,0,6.9,0.3,22.9,35.3,663.7,,4,425.6,29.4,69,33.4,23.1
2026-09-16T13:50:00+05:30,2026-09-16 13:50:00,,,,0.3,5.5,20.1,87,0,6.9,0.3,22.9,35.3,663.7,,7,789.9,29.3,70,33.3,23.2
2026-09-16T13:45:00+05:30,2026-09-16 13:45:00,,,,0,5.5,20.1,87,0,6.9,0.3,22.9,35.3,663.7,,7,796.5,29.3,70,33.3,23.2
2026-09-16T13:40:00+05:30,2026-09-16 13:40:00,,,,1.4,13,20.1,72,0,6.9,0.3,22.9,35.3,663.7,,7,789.5,29.2,70,33.2,23.2
2026-09-16T13:35:00+05:30,2026-09-16 13:35:00,,,,1.4,3.5,20.1,101,0,6.9,0.3,22.9,35.3,663.7,,8,829.3,29.1,70,32.9,23.1
2026-09-16T13:30:00+05:30,2026-09-16 13:30:00,,,,6.4,9.3,20.1,126,0,6.9,0.3,22.9,35.3,663.7,,7,813.7,29,70,32.7,22.9
2026-09-16T13:25:00+05:30,2026-09-16 13:25:00,,,,2.1,5.5,20.1,3,0,6.9,0.3,22.9,35.3,663.7,,7,801.7,29,71,32.9,23.2
2026-09-16T13:20:00+05:30,2026-09-16 13:20:00,,,,7.2,11.1,20.1,126,0,6.9,0.3,22.9,35.3,663.7,,7,808.1,28.9,71,32.7,23.1
2026-09-16T13:16:00+05:30,2026-09-16 13:16:00,,,,0,5.5,20.1,80,0,6.9,0.3,22.9,35.3,663.7,,8,848.5,28.8,71,32.4,23
2026-09-16T13:10:00+05:30,2026-09-16 13:10:00,,,,0,7.2,18.3,76,0,6.9,0.3,22.9,35.3,663.7,,7,813.3,28.8,71,32.4,23
2026-09-16T13:05:00+05:30,2026-09-16 13:05:00,,,,6.1,18.3,18.3,135,0,6.9,0.3,22.9,35.3,663.7,,5,576.3,28.7,71,32.3,22.9
2026-09-16T13:00:00+05:30,2026-09-16 13:00:00,,,,0.3,7.2,18.3,167,0,6.9,0.3,22.9,35.3,663.7,,8,891.8,28.6,72,32.2,23.1
2026-09-16T12:55:00+05:30,2026-09-16 12:55:00,,,,7.9,18.3,18.3,76,0,6.9,0.3,22.9,35.3,663.7,,8,903,28.5,72,32,22.9
2026-09-16T12:50:00+05:30,2026-09-16 12:50:00,,,,0,11.1,18.3,80,0,6.9,0.3,22.9,35.3,663.7,,9,938.9,28.5,72,32,22.9
2026-09-16T12:45:00+05:30,2026-09-16 12:45:00,,,,3.2,9.3,18.3,43,0,6.9,0.3,22.9,35.3,663.7,,9,939.9,28.4,73,31.9,23.1
2026-09-16T12:40:00+05:30,2026-09-16 12:40:00,,,,0.6,11.1,18.3,62,0,6.9,0.3,22.9,35.3,663.7,,9,938,28.3,73,31.7,22.9
2026-09-16T12:35:00+05:30,2026-09-16 12:35:00,,,,0,11.1,18.3,86,0,6.9,0.3,22.9,35.3,663.7,,9,937.8,28.3,73,31.7,22.9
2026-09-16T12:30:00+05:30,2026-09-16 12:30:00,,,,4,13,18.3,73,0,6.9,0.3,22.9,35.3,663.7,,2,238.9,28.2,73,31.6,22.9
2026-09-16T12:25:00+05:30,2026-09-16 12:25:00,,,,0,13,18.3,71,0,6.9,0.3,22.9,35.3,663.7,,9,1013.4,28.1,73,31.3,22.8
2026-09-16T12:20:00+05:30,2026-09-16 12:20:00,,,,8.2,14.8,18.3,108,0,6.9,0.3,22.9,35.3,663.7,,9,1017.3,28,73,31.1,22.7
2026-09-16T12:15:00+05:30,2026-09-16 12:15:00,,,,0,5.5,18.3,75,0,6.9,0.3,22.9,35.3,663.7,,2,264.3,27.9,73,30.8,22.6
2026-09-16T12:10:00+05:30,2026-09-16 12:10:00,,,,0.3,7.2,18.3,52,0,6.9,0.3,22.9,35.3,663.7,,10,1052.4,27.9,73,30.8,22.6
2026-09-16T12:05:00+05:30,2026-09-16 12:05:00,,,,0.6,7.2,18.3,81,0,6.9,0.3,22.9,35.3,663.7,,9,967.4,27.8,73,30.6,22.5
2026-09-16T12:00:00+05:30,2026-09-16 12:00:00,,,,0,9.3,18.3,76,0,6.9,0.3,22.9,35.3,663.7,,3,328.9,27.8,73,30.6,22.5
2026-09-16T11:56:00+05:30,2026-09-16 11:56:00,,,,1.8,5.5,18.3,84,0,6.9,0.3,22.9,35.3,663.7,,7,720.9,27.7,73,30.5,22.4
2026-09-16T11:50:00+05:30,2026-09-16 11:50:00,,,,0,9.3,18.3,55,0,6.9,0.3,22.9,35.3,663.7,,3,336.9,27.6,74,30.4,22.6
2026-09-16T11:45:00+05:30,2026-09-16 11:45:00,,,,0,11.1,18.3,89,0,6.9,0.3,22.9,35.3,663.7,,4,416.4,27.6,74,30.4,22.6
2026-09-16T11:40:00+05:30,2026-09-16 11:40:00,,,,0,11.1,14.8,183,0,6.9,0.3,22.9,35.3,663.7,,7,762.8,27.5,74,30.2,22.4
2026-09-16T11:35:00+05:30,2026-09-16 11:35:00,,,,4.7,14.8,14.8,63,0,6.9,0.3,22.9,35.3,663.7,,7,726.6,27.5,75,30.3,22.7
2026-09-16T11:30:00+05:30,2026-09-16 11:30:00,,,,0.6,9.3,14.8,97,0,6.9,0.3,22.9,35.3,663.7,,6,631.7,27.5,75,30.3,22.7
2026-09-16T11:25:00+05:30,2026-09-16 11:25:00,,,,1.8,3.5,14.8,106,0,6.9,0.3,22.9,35.3,663.7,,4,511.2,27.4,75,30.1,22.6
2026-09-16T11:20:00+05:30,2026-09-16 11:20:00,,,,0,0,14.8,102,0,6.9,0.3,22.9,35.3,663.7,,3,362.1,27.4,75,30.1,22.6
2026-09-16T11:15:00+05:30,2026-09-16 11:15:00,,,,0.3,3.5,14.8,118,0,6.9,0.3,22.9,35.3,663.7,,2,295.8,27.3,75,29.8,22.4
2026-09-16T11:10:00+05:30,2026-09-16 11:10:00,,,,0,3.5,14.8,75,0,6.9,0.3,22.9,35.3,663.7,,2,283.4,27.3,75,29.8,22.4
2026-09-16T11:05:00+05:30,2026-09-16 11:05:00,,,,0,1.8,14.8,89,0,6.9,0.3,22.9,35.3,663.7,,2,274.5,27.3,75,29.8,22.4
2026-09-16T11:00:00+05:30,2026-09-16 11:00:00,,,,4.3,7.2,14.8,101,0,6.9,0.3,22.9,35.3,663.7,,2,248.3,27.2,76,29.8,22.6
2026-09-16T10:55:00+05:30,2026-09-16 10:55:00,,,,6.1,11.1,14.8,107,0,6.9,0.3,22.9,35.3,663.7,,4,476.1,27.1,76,29.6,22.5
2026-09-16T10:51:00+05:30,2026-09-16 10:51:00,,,,0,5.5,14.8,66,0,6.9,0.3,22.9,35.3,663.7,,6,632.1,27.1,76,29.6,22.5
2026-09-16T10:45:00+05:30,2026-09-16 10:45:00,,,,6.9,11.1,11.1,103,0,6.9,0.3,22.9,35.3,663.7,,9,947.3,27,76,29.4,22.4
2026-09-16T10:40:00+05:30,2026-09-16 10:40:00,,,,0.3,5.5,11.1,55,0,6.9,0.3,22.9,35.3,663.7,,8,825.2,27,76,29.4,22.4
2026-09-16T10:35:00+05:30,2026-09-16 10:35:00,,,,0,1.8,11.1,118,0,6.9,0.3,22.9,35.3,663.7,,7,805.8,26.9,76,29.2,22.3
2026-09-16T10:30:00+05:30,2026-09-16 10:30:00,,,,0,3.5,11.1,151,0,6.9,0.3,22.9,35.3,663.7,,7,765.6,26.8,76,28.9,22.2
2026-09-16T10:25:00+05:30,2026-09-16 10:25:00,,,,0,7.2,11.1,55,0,6.9,0.3,22.9,35.3,663.7,,6,664.8,26.8,76,28.9,22.2
2026-09-16T10:20:00+05:30,2026-09-16 10:20:00,,,,0,7.2,11.1,227,0,6.9,0.3,22.9,35.3,663.7,,5,591.8,26.8,77,29,22.4
2026-09-16T10:15:00+05:30,2026-09-16 10:15:00,,,,0,7.2,11.1,23,0,6.9,0.3,22.9,35.3,663.7,,4,507.5,26.7,77,28.9,22.3
2026-09-16T10:10:00+05:30,2026-09-16 10:10:00,,,,0,0,11.1,102,0,6.9,0.3,22.9,35.3,663.7,,3,379.6,26.7,77,28.9,22.3
2026-09-16T10:05:00+05:30,2026-09-16 10:05:00,,,,0,1.8,11.1,88,0,6.9,0.3,22.9,35.3,663.7,,3,386,26.7,77,28.9,22.3
2026-09-16T10:00:00+05:30,2026-09-16 10:00:00,,,,0,0,11.1,83,0,6.9,0.3,22.9,35.3,663.7,,3,323,26.7,77,28.9,22.3
2026-09-16T09:55:00+05:30,2026-09-16 09:55:00,,,,0,9.3,11.1,86,0,6.9,0.3,22.9,35.3,663.7,,3,314.3,26.6,77,27.3,22.2
2026-09-16T09:50:00+05:30,2026-09-16 09:50:00,,,,0,0,11.1,196,0,6.9,0.3,22.9,35.3,663.7,,3,334.4,26.5,78,27.2,22.3
2026-09-16T09:46:00+05:30,2026-09-16 09:46:00,,,,0,9.3,11.1,94,0,6.9,0.3,22.9,35.3,663.7,,3,315.9,26.4,79,27.2,22.4
2026-09-16T09:40:00+05:30,2026-09-16 09:40:00,,,,2.1,7.2,11.1,115,0,6.9,0.3,22.9,35.3,663.7,,2,257.1,26.3,77,26.9,21.9
2026-09-16T09:35:00+05:30,2026-09-16 09:35:00,,,,0,0,11.1,83,0,6.9,0.3,22.9,35.3,663.7,,2,259.1,26.3,77,26.9,21.9
2026-09-16T09:30:00+05:30,2026-09-16 09:30:00,,,,0,0,11.1,90,0,6.9,0.3,22.9,35.3,663.7,,2,214,26.2,77,26.9,21.8
2026-09-16T09:25:00+05:30,2026-09-16 09:25:00,,,,0,1.8,11.1,89,0,6.9,0.3,22.9,35.3,663.7,,1,200.3,26.2,77,26.9,21.8
2026-09-16T09:20:00+05:30,2026-09-16 09:20:00,,,,0,0,11.1,83,0,6.9,0.3,22.9,35.3,663.7,,1,192.6,26.2,77,26.9,21.8
2026-09-16T09:15:00+05:30,2026-09-16 09:15:00,,,,0,0,11.1,74,0,6.9,0.3,22.9,35.3,663.7,,1,195.9,26.2,77,26.9,21.8
2026-09-16T09:10:00+05:30,2026-09-16 09:10:00,,,,0,0,11.1,78,0,6.9,0.3,22.9,35.3,663.7,,1,204.9,26.2,76,26.9,21.7
2026-09-16T09:05:00+05:30,2026-09-16 09:05:00,,,,0,7.2,11.1,50,0,6.9,0.3,22.9,35.3,663.7,,2,207.8,26.2,76,26.9,21.7
2026-09-16T09:00:00+05:30,2026-09-16 09:00:00,,,,0,0,11.1,87,0,6.9,0.3,22.9,35.3,663.7,,1,203.1,26.2,76,26.9,21.7
2026-09-16T08:55:00+05:30,2026-09-16 08:55:00,,,,0,9.3,11.1,92,0,6.9,0.3,22.9,35.3,663.7,,1,203.9,26.1,76,26.8,21.6
2026-09-16T08:50:00+05:30,2026-09-16 08:50:00,,,,0,0,9.3,87,0,6.9,0.3,22.9,35.3,663.7,,2,212.6,26.1,76,26.8,21.6
2026-09-16T08:45:00+05:30,2026-09-16 08:45:00,,,,0,0,9.3,76,0,6.9,0.3,22.9,35.3,663.7,,2,213.2,26.1,77,26.8,21.8
2026-09-16T08:40:00+05:30,2026-09-16 08:40:00,,,,0.3,9.3,9.3,90,0,6.9,0.3,22.9,35.3,663.7,,2,209.3,26.1,77,26.8,21.8
2026-09-16T08:35:00+05:30,2026-09-16 08:35:00,,,,0,0,5.5,85,0,6.9,0.3,22.9,35.3,663.7,,1,192.2,26.1,77,26.8,21.8
2026-09-16T08:30:00+05:30,2026-09-16 08:30:00,,,,0,5.5,5.5,71,0,6.9,0.3,22.9,35.3,663.7,,1,170.4,26.1,77,26.8,21.8
2026-09-16T08:25:00+05:30,2026-09-16 08:25:00,,,,0,0,5.5,77,0,6.9,0.3,22.9,35.3,663.7,,1,154.3,26.1,77,26.8,21.8
2026-09-16T08:20:00+05:30,2026-09-16 08:20:00,,,,0,0,5.5,79,0,6.9,0.3,22.9,35.3,663.7,,1,147.4,26.1,77,26.8,21.8
2026-09-16T08:15:00+05:30,2026-09-16 08:15:00,,,,0,0,5.5,84,0,6.9,0.3,22.9,35.3,663.7,,1,139.7,26.1,77,26.8,21.8
2026-09-16T08:10:00+05:30,2026-09-16 08:10:00,,,,0,5.5,5.5,82,0,6.9,0.3,22.9,35.3,663.7,,1,129.4,26.1,77,26.8,21.8
2026-09-16T08:05:00+05:30,2026-09-16 08:05:00,,,,0,0,0,79,0,6.9,0.3,22.9,35.3,663.7,,1,123.8,26.1,77,26.8,21.8
2026-09-16T08:00:00+05:30,2026-09-16 08:00:00,,,,0,0,0,64,0,6.9,0.3,22.9,35.3,663.7,,1,124.2,26.1,77,26.8,21.8
2026-09-16T07:55:00+05:30,2026-09-16 07:55:00,,,,0,0,0,100,0,6.9,0.3,22.9,35.3,663.7,,1,116.3,26.1,77,26.8,21.8
2026-09-16T07:50:00+05:30,2026-09-16 07:50:00,,,,0,0,0,76,0,6.9,0.3,22.9,35.3,663.7,,1,108.3,26,77,26.7,21.7
2026-09-16T07:45:00+05:30,2026-09-16 07:45:00,,,,0,0,0,78,0,6.9,0.3,22.9,35.3,663.7,,1,106.8,26,77,26.7,21.7
2026-09-16T07:40:00+05:30,2026-09-16 07:40:00,,,,0,0,0,78,0,6.9,0.3,22.9,35.3,663.7,,1,105.2,26,76,26.7,21.4
2026-09-16T07:35:00+05:30,2026-09-16 07:35:00,,,,0,0,0,76,0,6.9,0.3,22.9,35.3,663.7,,1,104.1,26,76,26.7,21.4
2026-09-16T07:30:00+05:30,2026-09-16 07:30:00,,,,0,0,0,75,0,6.9,0.3,22.9,35.3,663.7,,0,100.3,26,76,26.7,21.4
2026-09-16T07:25:00+05:30,2026-09-16 07:25:00,,,,0,0,0,78,0,6.9,0.3,22.9,35.3,663.7,,0,92.6,26,76,26.7,21.4
2026-09-16T07:21:00+05:30,2026-09-16 07:21:00,,,,0,0,0,76,0,6.9,0.3,22.9,35.3,663.7,,0,87.5,26,76,26.7,21.4
2026-09-16T07:15:00+05:30,2026-09-16 07:15:00,,,,0,0,0,78,0,6.9,0.3,22.9,35.3,663.7,,0,79.6,26,76,26.7,21.4
2026-09-16T07:10:00+05:30,2026-09-16 07:10:00,,,,0,0,0,88,0,6.9,0.3,22.9,35.3,663.7,,0,71.6,26,76,26.7,21.4
2026-09-16T07:05:00+05:30,2026-09-16 07:05:00,,,,0,0,0,74,0,6.9,0.3,22.9,35.3,663.7,,0,61.4,26,76,26.7,21.4
2026-09-16T07:00:00+05:30,2026-09-16 07:00:00,,,,0,0,0,78,0,6.9,0.3,22.9,35.3,663.7,,0,52.2,26,76,26.7,21.4
2026-09-16T06:55:00+05:30,2026-09-16 06:55:00,,,,0,0,0,75,0,6.9,0.3,22.9,35.3,663.7,,0,41.5,26,76,26.7,21.4
2026-09-16T06:50:00+05:30,2026-09-16 06:50:00,,,,0,0,0,72,0,6.9,0.3,22.9,35.3,663.7,,0,32.6,26,76,26.7,21.4
2026-09-16T06:45:00+05:30,2026-09-16 06:45:00,,,,0,0,0,84,0,6.9,0.3,22.9,35.3,663.7,,0,26.8,26,76,26.7,21.4
2026-09-16T06:40:00+05:30,2026-09-16 06:40:00,,,,0,0,0,79,0,6.9,0.3,22.9,35.3,663.7,,0,21.2,26,76,26.7,21.4
2026-09-16T06:35:00+05:30,2026-09-16 06:35:00,,,,0,0,0,71,0,6.9,0.3,22.9,35.3,663.7,,0,17,26,76,26.7,21.4
2026-09-16T06:30:00+05:30,2026-09-16 06:30:00,,,,0,0,0,71,0,6.9,0.3,22.9,35.3,663.7,,0,13.8,26,76,26.7,21.4
2026-09-16T06:25:00+05:30,2026-09-16 06:25:00,,,,0,0,0,89,0,6.9,0.3,22.9,35.3,663.7,,0,10.5,26,76,26.7,21.4
2026-09-16T06:20:00+05:30,2026-09-16 06:20:00,,,,0,0,0,67,0,6.9,0.3,22.9,35.3,663.7,,0,7.9,26,76,26.7,21.4
2026-09-16T06:16:00+05:30,2026-09-16 06:16:00,,,,0,0,0,62,0,6.9,0.3,22.9,35.3,663.7,,0,6.1,26,76,26.7,21.4
2026-09-16T06:10:00+05:30,2026-09-16 06:10:00,,,,0,0,0,62,0,6.9,0.3,22.9,35.3,663.7,,0,4.2,26,76,26.7,21.4
2026-09-16T06:05:00+05:30,2026-09-16 06:05:00,,,,0,0,0,56,0,6.9,0.3,22.9,35.3,663.7,,0,2.6,26,76,26.7,21.4
2026-09-16T06:00:00+05:30,2026-09-16 06:00:00,,,,0,0,0,71,0,6.9,0.3,22.9,35.3,663.7,,0,1.5,26,76,26.7,21.4
2026-09-16T05:55:00+05:30,2026-09-16 05:55:00,,,,0,0,0,71,0,6.9,0.3,22.9,35.3,663.7,,0,0.8,26.1,76,26.8,21.6
2026-09-16T05:50:00+05:30,2026-09-16 05:50:00,,,,0,0,0,71,0,6.9,0.3,22.9,35.3,663.7,,0,0.3,26.1,76,26.8,21.6
2026-09-16T05:45:00+05:30,2026-09-16 05:45:00,,,,0,0,0,71,0,6.9,0.3,22.9,35.3,663.7,,0,0.1,26.1,76,26.8,21.6
2026-09-16T05:40:00+05:30,2026-09-16 05:40:00,,,,0,0,0,62,0,6.9,0.3,22.9,35.3,663.7,,0,0,26.1,76,26.8,21.6
2026-09-16T05:35:00+05:30,2026-09-16 05:35:00,,,,0,0,0,73,0,6.9,0.3,22.9,35.3,663.7,,0,0,26.1,76,26.8,21.6
2026-09-16T05:30:00+05:30,2026-09-16 05:30:00,,,,0,0,0,85,0,6.9,0.3,22.9,35.3,663.7,,0,0,26.1,76,26.8,21.6
2026-09-16T05:25:00+05:30,2026-09-16 05:25:00,,,,0,0,0,72,0,6.9,0.3,22.9,35.3,663.7,,0,0,26.1,76,26.8,21.6
2026-09-16T05:20:00+05:30,2026-09-16 05:20:00,,,,0,0,0,73,0,6.9,0.3,22.9,35.3,663.7,,0,0,26.1,76,26.8,21.6
2026-09-16T05:15:00+05:30,2026-09-16 05:15:00,,,,0,0,0,73,0,6.9,0.3,22.9,35.3,663.7,,0,0,26.1,76,26.8,21.6
2026-09-16T05:11:00+05:30,2026-09-16 05:11:00,,,,0,0,0,74,0,6.9,0.3,22.9,35.3,663.7,,0,0,26.2,76,26.9,21.7
2026-09-16T05:05:00+05:30,2026-09-16 05:05:00,,,,0,0,0,67,0,6.9,0.3,22.9,35.3,663.7,,0,0,26.2,76,26.9,21.7
2026-09-16T05:00:00+05:30,2026-09-16 05:00:00,,,,0,0,0,73,0,6.9,0.3,22.9,35.3,663.7,,0,0,26.2,76,26.9,21.7
2026-09-16T04:55:00+05:30,2026-09-16 04:55:00,,,,0,0,0,75,0,6.9,0.3,22.9,35.3,663.7,,0,0,26.1,76,26.8,21.6
2026-09-16T04:50:00+05:30,2026-09-16 04:50:00,,,,0,0,0,76,0,6.9,0.3,22.9,35.3,663.7,,0,0,26.2,76,26.9,21.7
2026-09-16T04:45:00+05:30,2026-09-16 04:45:00,,,,0,0,0,78,0,6.9,0.3,22.9,35.3,663.7,,0,0,26.1,76,26.8,21.6
2026-09-16T04:40:00+05:30,2026-09-16 04:40:00,,,,0,0,0,88,0,6.9,0.3,22.9,35.3,663.7,,0,0,26.2,76,26.9,21.7
2026-09-16T04:35:00+05:30,2026-09-16 04:35:00,,,,0,0,0,73,0,6.9,0.3,22.9,35.3,663.7,,0,0,26.2,76,26.9,21.7
2026-09-16T04:30:00+05:30,2026-09-16 04:30:00,,,,0,0,0,59,0,6.9,0.3,22.9,35.3,663.7,,0,0,26.2,76,26.9,21.7
2026-09-16T04:25:00+05:30,2026-09-16 04:25:00,,,,0,0,0,80,0,6.9,0.3,22.9,35.3,663.7,,0,0,26.2,76,26.9,21.7
2026-09-16T04:20:00+05:30,2026-09-16 04:20:00,,,,0,0,0,82,0,6.9,0.3,22.9,35.3,663.7,,0,0,26.2,76,26.9,21.7
2026-09-16T04:15:00+05:30,2026-09-16 04:15:00,,,,0,0,0,78,0,6.9,0.3,22.9,35.3,663.7,,0,0,26.3,76,26.9,21.7
2026-09-16T04:10:00+05:30,2026-09-16 04:10:00,,,,0,0,0,74,0,6.9,0.3,22.9,35.3,663.7,,0,0,26.3,75,26.9,21.5
2026-09-16T04:05:00+05:30,2026-09-16 04:05:00,,,,0,0,0,61,0,6.9,0.3,22.9,35.3,663.7,,0,0,26.3,75,26.9,21.5
2026-09-16T04:00:00+05:30,2026-09-16 04:00:00,,,,0,0,0,73,0,6.9,0.3,22.9,35.3,663.7,,0,0,26.3,75,26.9,21.5
2026-09-16T03:55:00+05:30,2026-09-16 03:55:00,,,,0,0,0,74,0,6.9,0.3,22.9,35.3,663.7,,0,0,26.3,75,26.9,21.5
2026-09-16T03:51:00+05:30,2026-09-16 03:51:00,,,,0,0,0,80,0,6.9,0.3,22.9,35.3,663.7,,0,0,26.3,75,26.9,21.5
2026-09-16T03:45:00+05:30,2026-09-16 03:45:00,,,,0,0,0,80,0,6.9,0.3,22.9,35.3,663.7,,0,0,26.4,75,27.1,21.6
2026-09-16T03:40:00+05:30,2026-09-16 03:40:00,,,,0,0,0,83,0,6.9,0.3,22.9,35.3,663.7,,0,0,26.4,75,27.1,21.6
2026-09-16T03:35:00+05:30,2026-09-16 03:35:00,,,,0,0,0,72,0,6.9,0.3,22.9,35.3,663.7,,0,0,26.4,75,27.1,21.6
2026-09-16T03:30:00+05:30,2026-09-16 03:30:00,,,,0,0,0,80,0,6.9,0.3,22.9,35.3,663.7,,0,0,26.4,75,27.1,21.6
2026-09-16T03:25:00+05:30,2026-09-16 03:25:00,,,,0,0,0,82,0,6.9,0.3,22.9,35.3,663.7,,0,0,26.4,75,27.1,21.6
2026-09-16T03:20:00+05:30,2026-09-16 03:20:00,,,,0,0,0,70,0,6.9,0.3,22.9,35.3,663.7,,0,0,26.4,75,27.1,21.6
2026-09-16T03:15:00+05:30,2026-09-16 03:15:00,,,,0,0,0,70,0,6.9,0.3,22.9,35.3,663.7,,0,0,26.4,75,27.1,21.6
2026-09-16T03:10:00+05:30,2026-09-16 03:10:00,,,,0,0,0,79,0,6.9,0.3,22.9,35.3,663.7,,0,0,26.4,75,27.1,21.6
2026-09-16T03:05:00+05:30,2026-09-16 03:05:00,,,,0,0,0,76,0,6.9,0.3,22.9,35.3,663.7,,0,0,26.4,75,27.1,21.6
2026-09-16T03:00:00+05:30,2026-09-16 03:00:00,,,,0,0,0,73,0,6.9,0.3,22.9,35.3,663.7,,0,0,26.4,75,27.1,21.6
2026-09-16T02:55:00+05:30,2026-09-16 02:55:00,,,,0,0,0,73,0,6.9,0.3,22.9,35.3,663.7,,0,0,26.5,75,27.2,21.7
2026-09-16T02:50:00+05:30,2026-09-16 02:50:00,,,,0,0,0,78,0,6.9,0.3,22.9,35.3,663.7,,0,0,26.5,75,27.2,21.7
2026-09-16T02:46:00+05:30,2026-09-16 02:46:00,,,,0,0,0,72,0,6.9,0.3,22.9,35.3,663.7,,0,0,26.5,75,27.2,21.7
2026-09-16T02:40:00+05:30,2026-09-16 02:40:00,,,,0,0,0,80,0,6.9,0.3,22.9,35.3,663.7,,0,0,26.5,75,27.2,21.7
2026-09-16T02:35:00+05:30,2026-09-16 02:35:00,,,,0,0,0,77,0,6.9,0.3,22.9,35.3,663.7,,0,0,26.5,75,27.2,21.7
2026-09-16T02:30:00+05:30,2026-09-16 02:30:00,,,,0,0,0,77,0,6.9,0.3,22.9,35.3,663.7,,0,0,26.5,75,27.2,21.7
2026-09-16T02:25:00+05:30,2026-09-16 02:25:00,,,,0,0,0,77,0,6.9,0.3,22.9,35.3,663.7,,0,0,26.5,75,27.2,21.7
2026-09-16T02:20:00+05:30,2026-09-16 02:20:00,,,,0,0,0,79,0,6.9,0.3,22.9,35.3,663.7,,0,0,26.5,75,27.2,21.7
2026-09-16T02:15:00+05:30,2026-09-16 02:15:00,,,,0,0,0,81,0,6.9,0.3,22.9,35.3,663.7,,0,0,26.5,75,27.2,21.7
2026-09-16T02:10:00+05:30,2026-09-16 02:10:00,,,,0,0,0,80,0,6.9,0.3,22.9,35.3,663.7,,0,0,26.5,75,27.2,21.7
2026-09-16T02:05:00+05:30,2026-09-16 02:05:00,,,,0,0,0,76,0,6.9,0.3,22.9,35.3,663.7,,0,0,26.5,75,27.2,21.7
2026-09-16T02:00:00+05:30,2026-09-16 02:00:00,,,,0,0,0,75,0,6.9,0.3,22.9,35.3,663.7,,0,0,26.6,75,27.3,21.8
2026-09-16T01:55:00+05:30,2026-09-16 01:55:00,,,,0,0,0,78,0,6.9,0.3,22.9,35.3,663.7,,0,0,26.6,75,27.3,21.8
2026-09-16T01:50:00+05:30,2026-09-16 01:50:00,,,,0,0,0,77,0,6.9,0.3,22.9,35.3,663.7,,0,0,26.6,75,27.3,21.8
2026-09-16T01:45:00+05:30,2026-09-16 01:45:00,,,,0,0,0,79,0,6.9,0.3,22.9,35.3,663.7,,0,0,26.6,75,27.3,21.8
2026-09-16T01:41:00+05:30,2026-09-16 01:41:00,,,,0,0,0,79,0,6.9,0.3,22.9,35.3,663.7,,0,0,26.6,75,27.3,21.8
2026-09-16T01:35:00+05:30,2026-09-16 01:35:00,,,,0,0,0,78,0,6.9,0.3,22.9,35.3,663.7,,0,0,26.6,75,27.3,21.8
2026-09-16T01:30:00+05:30,2026-09-16 01:30:00,,,,0,0,0,75,0,6.9,0.3,22.9,35.3,663.7,,0,0,26.7,75,28.8,21.9
2026-09-16T01:25:00+05:30,2026-09-16 01:25:00,,,,0,0,0,80,0,6.9,0.3,22.9,35.3,663.7,,0,0,26.7,75,28.8,21.9
2026-09-16T01:20:00+05:30,2026-09-16 01:20:00,,,,0,0,0,78,0,6.9,0.3,22.9,35.3,663.7,,0,0,26.7,75,28.8,21.9
2026-09-16T01:15:00+05:30,2026-09-16 01:15:00,,,,0,0,0,80,0,6.9,0.3,22.9,35.3,663.7,,0,0,26.7,75,28.8,21.9
2026-09-16T01:10:00+05:30,2026-09-16 01:10:00,,,,0,0,0,79,0,6.9,0.3,22.9,35.3,663.7,,0,0,26.7,75,28.8,21.9
2026-09-16T01:05:00+05:30,2026-09-16 01:05:00,,,,0,0,0,81,0,6.9,0.3,22.9,35.3,663.7,,0,0,26.7,75,28.8,21.9
2026-09-16T01:00:00+05:30,2026-09-16 01:00:00,,,,0,0,0,74,0,6.9,0.3,22.9,35.3,663.7,,0,0,26.7,75,28.8,21.9
2026-09-16T00:55:00+05:30,2026-09-16 00:55:00,,,,0,0,0,79,0,6.9,0.3,22.9,35.3,663.7,,0,0,26.7,75,28.8,21.9
2026-09-16T00:50:00+05:30,2026-09-16 00:50:00,,,,0,0,0,81,0,6.9,0.3,22.9,35.3,663.7,,0,0,26.7,75,28.8,21.9
2026-09-16T00:45:00+05:30,2026-09-16 00:45:00,,,,0,0,0,80,0,6.9,0.3,22.9,35.3,663.7,,0,0,26.8,75,28.8,21.9
2026-09-16T00:40:00+05:30,2026-09-16 00:40:00,,,,0,0,0,76,0,6.9,0.3,22.9,35.3,663.7,,0,0,26.8,75,28.8,21.9
2026-09-16T00:35:00+05:30,2026-09-16 00:35:00,,,,0,0,0,77,0,6.9,0.3,22.9,35.3,663.7,,0,0,26.8,75,28.8,21.9
2026-09-16T00:30:00+05:30,2026-09-16 00:30:00,,,,0,0,0,80,0,6.9,0.3,22.9,35.3,663.7,,0,0,26.8,75,28.8,21.9
2026-09-16T00:25:00+05:30,2026-09-16 00:25:00,,,,0,0,0,84,0,6.9,0.3,22.9,35.3,663.7,,0,0,26.8,75,28.8,21.9
2026-09-16T00:20:00+05:30,2026-09-16 00:20:00,,,,0,0,0,81,1.3,6.9,0.3,22.9,35.3,663.7,,0,0,26.9,75,29.1,22.1
2026-09-16T00:15:00+05:30,2026-09-16 00:15:00,,,,0,0,0,83,1.3,6.9,0.3,22.9,35.3,663.7,,0,0,26.9,75,29.1,22.1
2026-09-16T00:10:00+05:30,2026-09-16 00:10:00,,,,0,0,0,79,0,6.6,0,22.6,35.1,663.7,,0,0,26.9,75,29.1,22.1
2026-09-16T00:05:00+05:30,2026-09-16 00:05:00,,,,0,0,0,80,0,6.6,0,22.6,35.1,663.7,,0,0,26.9,75,29.1,22.1
2026-09-16T00:00:00+05:30,2026-09-16 00:00:00,,,,0,0,0,79,1.8,6.6,0,22.6,35.1,663.7,,0,0,26.9,75,29.1,22.1
2026-09-15T23:55:00+05:30,2026-09-15 23:55:00,,,,0,0,21.9,77,1.8,6.6,4.1,22.6,35.1,663.7,,0,0,27,75,29.3,22.2
2026-09-15T23:50:00+05:30,2026-09-15 23:50:00,,,,0,0,21.9,76,0,6.3,3.8,22.4,34.8,663.2,,0,0,27,75,29.3,22.2
2026-09-15T23:45:00+05:30,2026-09-15 23:45:00,,,,0,0,21.9,75,0,6.3,3.8,22.4,34.8,663.2,,0,0,27,76,29.4,22.4
2026-09-15T23:40:00+05:30,2026-09-15 23:40:00,,,,0,0,21.9,74,0,6.3,3.8,22.4,34.8,663.2,,0,0,27,76,29.4,22.4
2026-09-15T23:35:00+05:30,2026-09-15 23:35:00,,,,0,0,21.9,78,0,6.3,3.8,22.4,34.8,663.2,,0,0,27,76,29.4,22.4
2026-09-15T23:30:00+05:30,2026-09-15 23:30:00,,,,0,0,21.9,72,0,6.3,3.8,22.4,34.8,663.2,,0,0,27.1,76,29.6,22.5
2026-09-15T23:25:00+05:30,2026-09-15 23:25:00,,,,0,0,21.9,71,0,6.3,3.8,22.4,34.8,663.2,,0,0,27.1,76,29.6,22.5
2026-09-15T23:20:00+05:30,2026-09-15 23:20:00,,,,0,0,21.9,76,0,6.3,3.8,22.4,34.8,663.2,,0,0,27.1,76,29.6,22.5
2026-09-15T23:16:00+05:30,2026-09-15 23:16:00,,,,0,0,21.9,76,0,6.3,3.8,22.4,34.8,663.2,,0,0,27.1,76,29.6,22.5
2026-09-15T23:10:00+05:30,2026-09-15 23:10:00,,,,0,0,21.9,79,0,6.3,3.8,22.4,34.8,663.2,,0,0,27.1,76,29.6,22.5
2026-09-15T23:05:00+05:30,2026-09-15 23:05:00,,,,0,0,21.9,84,0,6.3,3.8,22.4,34.8,663.2,,0,0,27.1,76,29.6,22.5
2026-09-15T23:00:00+05:30,2026-09-15 23:00:00,,,,0,0,21.9,85,0,6.3,3.8,22.4,34.8,663.2,,0,0,27.1,76,29.6,22.5
2026-09-15T22:55:00+05:30,2026-09-15 22:55:00,,,,0,0,21.9,76,1.3,6.3,3.8,22.4,34.8,663.2,,0,0,27.1,76,29.6,22.5
2026-09-15T22:50:00+05:30,2026-09-15 22:50:00,,,,0,0,21.9,79,1.3,6.3,3.8,22.4,34.8,663.2,,0,0,27.1,76,29.6,22.5
2026-09-15T22:45:00+05:30,2026-09-15 22:45:00,,,,0,0,21.9,80,0,6.1,3.6,22.1,34.5,663.2,,0,0,27.1,76,29.6,22.5
2026-09-15T22:40:00+05:30,2026-09-15 22:40:00,,,,0,0,21.9,80,0,6.1,3.6,22.1,34.5,663.2,,0,0,27.2,76,29.8,22.6
2026-09-15T22:35:00+05:30,2026-09-15 22:35:00,,,,0,0,21.9,78,0,6.1,3.6,22.1,34.5,663.2,,0,0,27.2,76,29.8,22.6
2026-09-15T22:30:00+05:30,2026-09-15 22:30:00,,,,0,0,21.9,83,0,6.1,3.6,22.1,34.5,663.2,,0,0,27.2,76,29.8,22.6
2026-09-15T22:25:00+05:30,2026-09-15 22:25:00,,,,0,0,21.9,76,0,6.1,3.6,22.1,34.5,663.2,,0,0,27.2,76,29.8,22.6
2026-09-15T22:20:00+05:30,2026-09-15 22:20:00,,,,0,0,21.9,97,0,6.1,3.6,22.1,34.5,663.2,,0,0,27.2,76,29.8,22.6
2026-09-15T22:15:00+05:30,2026-09-15 22:15:00,,,,0,0,21.9,69,0,6.1,3.6,22.1,34.5,663.2,,0,0,27.2,76,29.8,22.6
2026-09-15T22:11:00+05:30,2026-09-15 22:11:00,,,,0,0,21.9,60,0,6.1,3.6,22.1,34.5,663.2,,0,0,27.3,76,29.9,22.7
2026-09-15T22:05:00+05:30,2026-09-15 22:05:00,,,,0,0,21.9,69,0,6.1,3.6,22.1,34.5,663.2,,0,0,27.3,76,29.9,22.7
2026-09-15T22:00:00+05:30,2026-09-15 22:00:00,,,,0,0,21.9,83,0,6.1,3.6,22.1,34.5,663.2,,0,0,27.3,76,29.9,22.7
2026-09-15T21:55:00+05:30,2026-09-15 21:55:00,,,,0,0,21.9,63,0,6.1,3.6,22.1,34.5,663.2,,0,0,27.3,76,29.9,22.7
2026-09-15T21:50:00+05:30,2026-09-15 21:50:00,,,,0,0,21.9,76,0,6.1,3.6,22.1,34.5,663.2,,0,0,27.3,76,29.9,22.7
2026-09-15T21:45:00+05:30,2026-09-15 21:45:00,,,,0,0,21.9,78,0,6.1,3.6,22.1,34.5,663.2,,0,0,27.3,76,29.9,22.7
2026-09-15T21:40:00+05:30,2026-09-15 21:40:00,,,,0,0,21.9,77,0,6.1,3.6,22.1,34.5,663.2,,0,0,27.3,76,29.9,22.7
2026-09-15T21:35:00+05:30,2026-09-15 21:35:00,,,,2.1,5.5,21.9,47,0,6.1,3.6,22.1,34.5,663.2,,0,0,27.4,76,30.2,22.8
2026-09-15T21:30:00+05:30,2026-09-15 21:30:00,,,,0,1.8,21.9,79,0,6.1,3.6,22.1,34.5,663.2,,0,0,27.4,76,30.2,22.8
2026-09-15T21:25:00+05:30,2026-09-15 21:25:00,,,,0,0,21.9,47,0,6.1,3.6,22.1,34.5,663.2,,0,0,27.4,76,30.2,22.8
2026-09-15T21:20:00+05:30,2026-09-15 21:20:00,,,,0,0,21.9,75,0,6.1,3.6,22.1,34.5,663.2,,0,0,27.4,76,30.2,22.8
2026-09-15T21:15:00+05:30,2026-09-15 21:15:00,,,,0,0,21.9,82,0,6.1,3.6,22.1,34.5,663.2,,0,0,27.4,76,30.2,22.8
2026-09-15T21:10:00+05:30,2026-09-15 21:10:00,,,,0,0,21.9,72,0,6.1,3.6,22.1,34.5,663.2,,0,0,27.4,76,30.2,22.8
2026-09-15T21:06:00+05:30,2026-09-15 21:06:00,,,,0,0,21.9,82,0,6.1,3.6,22.1,34.5,663.2,,0,0,27.4,76,30.2,22.8
2026-09-15T21:00:00+05:30,2026-09-15 21:00:00,,,,0,0,21.9,67,0,6.1,3.6,22.1,34.5,663.2,,0,0,27.4,76,30.2,22.8
2026-09-15T20:55:00+05:30,2026-09-15 20:55:00,,,,0,0,21.9,89,0,6.1,3.6,22.1,34.5,663.2,,0,0,27.4,76,30.2,22.8
2026-09-15T20:51:00+05:30,2026-09-15 20:51:00,,,,0,0,21.9,88,0,6.1,3.6,22.1,34.5,663.2,,0,0,27.4,76,30.2,22.8
2026-09-15T20:45:00+05:30,2026-09-15 20:45:00,,,,0,1.8,21.9,78,0,6.1,3.6,22.1,34.5,663.2,,0,0,27.5,76,30.4,22.9
2026-09-15T20:40:00+05:30,2026-09-15 20:40:00,,,,0,0,21.9,75,0,6.1,3.6,22.1,34.5,663.2,,0,0,27.5,76,30.4,22.9
2026-09-15T20:35:00+05:30,2026-09-15 20:35:00,,,,0,5.5,21.9,74,0,6.1,3.6,22.1,34.5,663.2,,0,0,27.5,76,30.4,22.9
2026-09-15T20:31:00+05:30,2026-09-15 20:31:00,,,,0,0,21.9,86,0,6.1,3.6,22.1,34.5,663.2,,0,0,27.5,76,30.4,22.9
2026-09-15T20:25:00+05:30,2026-09-15 20:25:00,,,,0,0,21.9,81,0,6.1,3.6,22.1,34.5,663.2,,0,0,27.5,76,30.4,22.9
2026-09-15T20:22:00+05:30,2026-09-15 20:22:00,,,,0,5.5,21.9,84,0,6.1,3.6,22.1,34.5,663.2,,0,0,27.5,76,30.4,22.9
2026-09-15T20:15:00+05:30,2026-09-15 20:15:00,,,,2.9,5.5,21.9,101,0,6.1,3.6,22.1,34.5,663.2,,0,0,27.6,76,30.7,23
2026-09-15T20:10:00+05:30,2026-09-15 20:10:00,,,,0.3,1.8,21.9,82,0,6.1,3.6,22.1,34.5,663.2,,0,0,27.6,76,30.7,23
2026-09-15T20:05:00+05:30,2026-09-15 20:05:00,,,,0,0,21.9,77,0,6.1,3.6,22.1,34.5,663.2,,0,0,27.6,76,30.7,23
2026-09-15T20:00:00+05:30,2026-09-15 20:00:00,,,,0,0,21.9,80,0,6.1,3.6,22.1,34.5,663.2,,0,0,27.6,76,30.7,23
2026-09-15T19:55:00+05:30,2026-09-15 19:55:00,,,,0,5.5,21.9,92,0,6.1,3.6,22.1,34.5,663.2,,0,0,27.6,76,30.7,23
2026-09-15T19:50:00+05:30,2026-09-15 19:50:00,,,,1.4,7.2,21.9,97,0,6.1,3.6,22.1,34.5,663.2,,0,0,27.7,76,30.9,23.1
2026-09-15T19:45:00+05:30,2026-09-15 19:45:00,,,,0,0,21.9,76,0,6.1,3.6,22.1,34.5,663.2,,0,0,27.7,76,30.9,23.1
2026-09-15T19:40:00+05:30,2026-09-15 19:40:00,,,,0,0,21.9,85,0,6.1,3.6,22.1,34.5,663.2,,0,0,27.7,76,30.9,23.1
2026-09-15T19:35:00+05:30,2026-09-15 19:35:00,,,,0,1.8,21.9,72,0,6.1,3.6,22.1,34.5,663.2,,0,0,27.7,76,30.9,23.1
2026-09-15T19:30:00+05:30,2026-09-15 19:30:00,,,,0,0,21.9,103,0,6.1,3.6,22.1,34.5,663.2,,0,0,27.8,76,31,23.2
2026-09-15T19:25:00+05:30,2026-09-15 19:25:00,,,,0,0,21.9,93,0,6.1,3.6,22.1,34.5,663.2,,0,0,27.8,76,31,23.2
2026-09-15T19:20:00+05:30,2026-09-15 19:20:00,,,,0,0,21.9,76,0,6.1,3.6,22.1,34.5,663.2,,0,0,27.8,76,31,23.2
2026-09-15T19:15:00+05:30,2026-09-15 19:15:00,,,,2.1,3.5,21.9,93,0,6.1,3.6,22.1,34.5,663.2,,0,0,27.8,76,31,23.2
2026-09-15T19:11:00+05:30,2026-09-15 19:11:00,,,,0,0,21.9,88,0,6.1,3.6,22.1,34.5,663.2,,0,0,27.8,76,31,23.2
2026-09-15T19:05:00+05:30,2026-09-15 19:05:00,,,,0,0,21.9,85,0,6.1,3.6,22.1,34.5,663.2,,0,0,27.8,76,31,23.2
2026-09-15T19:00:00+05:30,2026-09-15 19:00:00,,,,0,0,21.9,74,0,6.1,3.6,22.1,34.5,663.2,,0,0,27.8,76,31,23.2
2026-09-15T18:55:00+05:30,2026-09-15 18:55:00,,,,0,0,21.9,79,0,6.1,3.6,22.1,34.5,663.2,,0,0,27.9,76,31.3,23.3
2026-09-15T18:50:00+05:30,2026-09-15 18:50:00,,,,0,0,21.9,80,0,6.1,3.6,22.1,34.5,663.2,,0,0,27.9,76,31.3,23.3
2026-09-15T18:45:00+05:30,2026-09-15 18:45:00,,,,0,0,21.9,81,0,6.1,3.6,22.1,34.5,663.2,,0,0,27.9,76,31.3,23.3
2026-09-15T18:40:00+05:30,2026-09-15 18:40:00,,,,0,0,21.9,74,0,6.1,3.6,22.1,34.5,663.2,,0,0,27.9,76,31.3,23.3
2026-09-15T18:35:00+05:30,2026-09-15 18:35:00,,,,0,0,21.9,65,0,6.1,3.6,22.1,34.5,663.2,,0,0,27.9,76,31.3,23.3
2026-09-15T18:30:00+05:30,2026-09-15 18:30:00,,,,0,0,21.9,78,0,6.1,3.6,22.1,34.5,663.2,,0,0,27.9,76,31.3,23.3
2026-09-15T18:25:00+05:30,2026-09-15 18:25:00,,,,0,3.5,21.9,77,0,6.1,3.6,22.1,34.5,663.2,,0,0,28,76,31.5,23.4
2026-09-15T18:20:00+05:30,2026-09-15 18:20:00,,,,0,0,21.9,90,0,6.1,3.6,22.1,34.5,663.2,,0,0,28,75,31.3,23.2
2026-09-15T18:15:00+05:30,2026-09-15 18:15:00,,,,0,0,21.9,103,0,6.1,3.6,22.1,34.5,663.2,,0,0.2,28,76,31.5,23.4
2026-09-15T18:10:00+05:30,2026-09-15 18:10:00,,,,0,0,21.9,92,0,6.1,3.6,22.1,34.5,663.2,,0,0.4,28,75,31.3,23.2
2026-09-15T18:06:00+05:30,2026-09-15 18:06:00,,,,0,0,21.9,79,0,6.1,3.6,22.1,34.5,663.2,,0,0.8,28,75,31.3,23.2
2026-09-15T18:00:00+05:30,2026-09-15 18:00:00,,,,0,0,21.9,84,0,6.1,3.6,22.1,34.5,663.2,,0,1.7,28,75,31.3,23.2
2026-09-15T17:55:00+05:30,2026-09-15 17:55:00,,,,0,0,21.9,79,0,6.1,3.6,22.1,34.5,663.2,,0,3,28,75,31.3,23.2
2026-09-15T17:50:00+05:30,2026-09-15 17:50:00,,,,0,0,21.9,86,0,6.1,3.6,22.1,34.5,663.2,,0,4.6,28,75,31.3,23.2
2026-09-15T17:45:00+05:30,2026-09-15 17:45:00,,,,0,0,21.9,84,0,6.1,3.6,22.1,34.5,663.2,,0,6.5,28,75,31.3,23.2
2026-09-15T17:40:00+05:30,2026-09-15 17:40:00,,,,0,0,21.9,79,0,6.1,3.6,22.1,34.5,663.2,,0,9.9,28,75,31.3,23.2
2026-09-15T17:35:00+05:30,2026-09-15 17:35:00,,,,0,0,21.9,82,0,6.1,3.6,22.1,34.5,663.2,,0,11.2,28,75,31.3,23.2
2026-09-15T17:30:00+05:30,2026-09-15 17:30:00,,,,0,0,21.9,63,0,6.1,3.6,22.1,34.5,663.2,,0,12.5,28,75,31.3,23.2
2026-09-15T17:25:00+05:30,2026-09-15 17:25:00,,,,0,0,21.9,73,1.8,6.1,3.6,22.1,34.5,663.2,,0,13.2,28,75,31.3,23.2
2026-09-15T17:20:00+05:30,2026-09-15 17:20:00,,,,0,0,21.9,73,1.8,6.1,3.6,22.1,34.5,663.2,,0,12.6,28,75,31.3,23.2
2026-09-15T17:15:00+05:30,2026-09-15 17:15:00,,,,0,0,21.9,75,1.3,5.8,3.3,21.8,34.3,662.7,,0,11,27.9,74,31,22.8
2026-09-15T17:10:00+05:30,2026-09-15 17:10:00,,,,0,0,21.9,89,1.3,5.8,3.3,21.8,34.3,662.7,,0,17.2,28,74,31.2,22.9
2026-09-15T17:05:00+05:30,2026-09-15 17:05:00,,,,0,0,21.9,112,0,5.6,3,21.6,34,662.7,,0,25.6,28,74,31.2,22.9
2026-09-15T17:00:00+05:30,2026-09-15 17:00:00,,,,0,0,21.9,89,0,5.6,3,21.6,34,662.7,,0,25.2,28,74,31.2,22.9
2026-09-15T16:55:00+05:30,2026-09-15 16:55:00,,,,0,0,21.9,98,1.8,5.6,3,21.6,34,662.7,,0,29,28,75,31.3,23.2
2026-09-15T16:50:00+05:30,2026-09-15 16:50:00,,,,0,0,21.9,81,1.8,5.6,3,21.6,34,662.7,,0,35,28.1,75,31.6,23.3
2026-09-15T16:45:00+05:30,2026-09-15 16:45:00,,,,0,0,21.9,79,0,5.3,2.8,21.3,33.8,662.2,,0,16.1,28.1,75,31.6,23.3
2026-09-15T16:40:00+05:30,2026-09-15 16:40:00,,,,0,0,21.9,79,0,5.3,2.8,21.3,33.8,662.2,,0,19.6,28,74,31.2,22.9
2026-09-15T16:35:00+05:30,2026-09-15 16:35:00,,,,0,0,21.9,98,0,5.3,2.8,21.3,33.8,662.2,,0,29.4,28,74,31.2,22.9
2026-09-15T16:30:00+05:30,2026-09-15 16:30:00,,,,0,0,21.9,93,0,5.3,2.8,21.3,33.8,662.2,,0,27.7,28.1,75,31.6,23.3
2026-09-15T16:25:00+05:30,2026-09-15 16:25:00,,,,0,0,21.9,74,0,5.3,2.8,21.3,33.8,662.2,,0,26.4,28.1,75,31.6,23.3
2026-09-15T16:20:00+05:30,2026-09-15 16:20:00,,,,0,0,21.9,81,0,5.3,2.8,21.3,33.8,662.2,,0,26.6,28.1,75,31.6,23.3
2026-09-15T16:15:00+05:30,2026-09-15 16:15:00,,,,0,0,21.9,82,0,5.3,2.8,21.3,33.8,662.2,,0,27.5,28.1,75,31.6,23.3
2026-09-15T16:10:00+05:30,2026-09-15 16:10:00,,,,0,0,21.9,75,0,5.3,2.8,21.3,33.8,662.2,,0,28.9,28.1,74,31.4,23
2026-09-15T16:05:00+05:30,2026-09-15 16:05:00,,,,0,0,21.9,75,0,5.3,2.8,21.3,33.8,662.2,,0,32.6,28,74,31.2,22.9
2026-09-15T16:00:00+05:30,2026-09-15 16:00:00,,,,0,0,21.9,86,0,5.3,2.8,21.3,33.8,662.2,,0,39.7,27.9,74,31,22.8
2026-09-15T15:55:00+05:30,2026-09-15 15:55:00,,,,0,0,21.9,79,0,5.3,2.8,21.3,33.8,662.2,,0,46.9,27.9,74,31,22.8
2026-09-15T15:50:00+05:30,2026-09-15 15:50:00,,,,0,0,21.9,72,1.3,5.3,2.8,21.3,33.8,662.2,,0,54.7,27.9,74,31,22.8
2026-09-15T15:45:00+05:30,2026-09-15 15:45:00,,,,0,0,21.9,136,0,5.1,2.5,21.1,33.5,662.2,,0,66.4,27.9,73,30.8,22.6
2026-09-15T15:41:00+05:30,2026-09-15 15:41:00,,,,0,0,21.9,88,0,5.1,2.5,21.1,33.5,662.2,,0,76.1,27.9,73,30.8,22.6
2026-09-15T15:35:00+05:30,2026-09-15 15:35:00,,,,1.1,7.2,21.9,113,0,5.1,2.5,21.1,33.5,662.2,,0,84.5,28,73,31.1,22.7
2026-09-15T15:30:00+05:30,2026-09-15 15:30:00,,,,0,3.5,21.9,192,0,5.1,2.5,21.1,33.5,662.2,,0,97.1,28.1,74,31.4,23
2026-09-15T15:25:00+05:30,2026-09-15 15:25:00,,,,0,0,21.9,80,0,5.1,2.5,21.1,33.5,662.2,,1,108.6,28.1,74,31.4,23
2026-09-15T15:20:00+05:30,2026-09-15 15:20:00,,,,0,0,21.9,178,0,5.1,2.5,21.1,33.5,662.2,,0,97.2,28.1,74,31.4,23
2026-09-15T15:15:00+05:30,2026-09-15 15:15:00,,,,0,0,21.9,167,1.8,5.1,2.5,21.1,33.5,662.2,,0,88,28.3,74,31.8,23.2
2026-09-15T15:10:00+05:30,2026-09-15 15:10:00,,,,0,1.8,21.9,135,1.8,5.1,2.5,21.1,33.5,662.2,,1,143.9,28.4,73,31.9,23.1
2026-09-15T15:05:00+05:30,2026-09-15 15:05:00,,,,0,0,21.9,160,0,4.8,2.3,20.8,33.3,661.9,,1,195.8,28.5,72,32,22.9
2026-09-15T15:00:00+05:30,2026-09-15 15:00:00,,,,0,0,21.9,113,0,4.8,2.3,20.8,33.3,661.9,,1,189.3,28.6,72,32.2,23.1
2026-09-15T14:55:00+05:30,2026-09-15 14:55:00,,,,0,1.8,21.9,121,0,4.8,2.3,20.8,33.3,661.9,,1,175.5,28.8,72,32.6,23.2
2026-09-15T14:50:00+05:30,2026-09-15 14:50:00,,,,0,0,21.9,81,0,4.8,2.3,20.8,33.3,661.9,,1,154.3,28.8,72,32.6,23.2
2026-09-15T14:45:00+05:30,2026-09-15 14:45:00,,,,0,0,21.9,70,1.3,4.8,2.3,20.8,33.3,661.9,,1,142.2,28.9,71,32.7,23.1
2026-09-15T14:40:00+05:30,2026-09-15 14:40:00,,,,0,5.5,21.9,102,3,4.8,2.3,20.8,33.3,661.9,,1,149,29.1,71,33.2,23.3
2026-09-15T14:36:00+05:30,2026-09-15 14:36:00,,,,0,0,21.9,90,6.6,4.6,2,20.6,33,661.7,,1,119.1,29.3,71,33.6,23.4
2026-09-15T14:30:00+05:30,2026-09-15 14:30:00,,,,0,0,21.9,78,8.9,4.3,1.8,20.3,32.8,661.4,,1,105,29.5,70,33.8,23.4
2026-09-15T14:25:00+05:30,2026-09-15 14:25:00,,,,0,0,21.9,131,4.8,3.3,0.8,19.3,31.8,660.4,,0,90.9,29.7,69,34.2,23.4
2026-09-15T14:20:00+05:30,2026-09-15 14:20:00,,,,0,0,21.9,114,0,2.5,0,18.5,31,659.4,,0,98.1,30,68,34.6,23.4
2026-09-15T14:15:00+05:30,2026-09-15 14:15:00,,,,1.8,9.3,21.9,120,0,2.5,0,18.5,31,659.4,,1,109.5,29.4,71,33.8,23.6
2026-09-15T14:10:00+05:30,2026-09-15 14:10:00,,,,0,0,21.9,62,0,2.5,0,18.5,31,659.4,,1,112.2,29.4,70,33.6,23.3
2026-09-15T14:05:00+05:30,2026-09-15 14:05:00,,,,0.3,5.5,21.9,204,0,2.5,0,18.5,31,659.4,,0,93.2,29.5,69,33.7,23.2
2026-09-15T14:00:00+05:30,2026-09-15 14:00:00,,,,0,1.8,21.9,85,0,2.5,0,18.5,31,659.4,,1,102.9,29.5,69,33.7,23.2
2026-09-15T13:55:00+05:30,2026-09-15 13:55:00,,,,0,1.8,21.9,93,0,2.5,0,18.5,31,659.4,,1,166.2,29.5,69,33.7,23.2
2026-09-15T13:50:00+05:30,2026-09-15 13:50:00,,,,1.4,9.3,21.9,126,0,2.5,0,18.5,31,659.4,,1,148.1,29.5,70,33.8,23.4
2026-09-15T13:45:00+05:30,2026-09-15 13:45:00,,,,0,5.5,21.9,125,0,2.5,0,18.5,31,659.4,,1,129.9,29.5,70,33.8,23.4
2026-09-15T13:40:00+05:30,2026-09-15 13:40:00,,,,0,3.5,21.9,98,0,2.5,0,18.5,31,659.4,,1,192.4,29.5,70,33.8,23.4
2026-09-15T13:35:00+05:30,2026-09-15 13:35:00,,,,3.5,9.3,21.9,132,0,2.5,0,18.5,31,659.4,,2,237.1,29.5,70,33.8,23.4
2026-09-15T13:31:00+05:30,2026-09-15 13:31:00,,,,0,0,21.9,86,0,2.5,0,18.5,31,659.4,,2,259.9,29.5,70,33.8,23.4
2026-09-15T13:25:00+05:30,2026-09-15 13:25:00,,,,0,5.5,21.9,81,0,2.5,0,18.5,31,659.4,,2,262,29.5,71,34.1,23.7
2026-09-15T13:20:00+05:30,2026-09-15 13:20:00,,,,0.3,3.5,21.9,101,0,2.5,0,18.5,31,659.4,,2,247.6,29.4,71,33.8,23.6
2026-09-15T13:15:00+05:30,2026-09-15 13:15:00,,,,0.6,14.8,21.9,70,0,2.5,0,18.5,31,659.4,,3,406.3,29.4,71,33.8,23.6
2026-09-15T13:10:00+05:30,2026-09-15 13:10:00,,,,0,5.5,21.9,102,0,2.5,0,18.5,31,659.4,,3,395.2,29.3,71,33.6,23.4
2026-09-15T13:05:00+05:30,2026-09-15 13:05:00,,,,0.6,3.5,21.9,35,0,2.5,0,18.5,31,659.4,,3,347.6,29.3,71,33.6,23.4
2026-09-15T13:00:00+05:30,2026-09-15 13:00:00,,,,8.7,9.3,21.9,88,0,2.5,0,18.5,31,659.4,,7,793.3,29.2,71,33.4,23.4
2026-09-15T12:55:00+05:30,2026-09-15 12:55:00,,,,7.9,16.6,21.9,118,0,2.5,0,18.5,31,659.4,,4,436.6,29.2,71,33.4,23.4
2026-09-15T12:50:00+05:30,2026-09-15 12:50:00,,,,3.5,21.9,21.9,96,0,2.5,0,18.5,31,659.4,,5,526.7,29.1,71,33.2,23.3
2026-09-15T12:45:00+05:30,2026-09-15 12:45:00,,,,4.7,11.1,16.6,80,0,2.5,0,18.5,31,659.4,,6,713,29,72,33.1,23.4
2026-09-15T12:40:00+05:30,2026-09-15 12:40:00,,,,0,5.5,16.6,58,0,2.5,0,18.5,31,659.4,,5,598.3,29,71,32.9,23.2
2026-09-15T12:35:00+05:30,2026-09-15 12:35:00,,,,6.4,11.1,16.6,79,0,2.5,0,18.5,31,659.4,,6,634.7,28.9,71,32.7,23.1
2026-09-15T12:30:00+05:30,2026-09-15 12:30:00,,,,4.7,14.8,16.6,104,0,2.5,0,18.5,31,659.4,,5,532.8,28.9,71,32.7,23.1
2026-09-15T12:25:00+05:30,2026-09-15 12:25:00,,,,0,11.1,16.6,88,0,2.5,0,18.5,31,659.4,,4,462.3,28.8,71,32.4,23
2026-09-15T12:20:00+05:30,2026-09-15 12:20:00,,,,0,1.8,16.6,85,0,2.5,0,18.5,31,659.4,,4,427.1,28.7,71,32.3,22.9
2026-09-15T12:15:00+05:30,2026-09-15 12:15:00,,,,1.1,3.5,16.6,125,0,2.5,0,18.5,31,659.4,,3,393.9,28.7,71,32.3,22.9
2026-09-15T12:11:00+05:30,2026-09-15 12:11:00,,,,1.8,9.3,16.6,98,0,2.5,0,18.5,31,659.4,,5,556.6,28.7,71,32.3,22.9
2026-09-15T12:05:00+05:30,2026-09-15 12:05:00,,,,2.9,11.1,16.6,137,0,2.5,0,18.5,31,659.4,,5,579.7,28.6,72,32.2,23.1
2026-09-15T12:00:00+05:30,2026-09-15 12:00:00,,,,0,3.5,16.6,97,0,2.5,0,18.5,31,659.4,,5,599.2,28.5,72,32,22.9
2026-09-15T11:55:00+05:30,2026-09-15 11:55:00,,,,4,7.2,16.6,109,0,2.5,0,18.5,31,659.4,,7,743.6,28.4,72,31.7,22.8
2026-09-15T11:50:00+05:30,2026-09-15 11:50:00,,,,0,1.8,16.6,113,0,2.5,0,18.5,31,659.4,,6,675.4,28.4,72,31.7,22.8
2026-09-15T11:45:00+05:30,2026-09-15 11:45:00,,,,0,0,14.8,62,0,2.5,0,18.5,31,659.4,,8,839.3,28.3,72,31.5,22.7
2026-09-15T11:40:00+05:30,2026-09-15 11:40:00,,,,0,0,14.8,69,0,2.5,0,18.5,31,659.4,,6,658.1,28.3,73,31.7,22.9
2026-09-15T11:35:00+05:30,2026-09-15 11:35:00,,,,0,0,14.8,85,0,2.5,0,18.5,31,659.4,,5,566.9,28.2,73,31.6,22.9
2026-09-15T11:30:00+05:30,2026-09-15 11:30:00,,,,1.8,3.5,14.8,98,0,2.5,0,18.5,31,659.4,,9,987.9,28.1,73,31.3,22.8
2026-09-15T11:25:00+05:30,2026-09-15 11:25:00,,,,0.3,1.8,14.8,79,0,2.5,0,18.5,31,659.4,,8,865.2,28.1,74,31.4,23
2026-09-15T11:20:00+05:30,2026-09-15 11:20:00,,,,10.8,14.8,14.8,112,0,2.5,0,18.5,31,659.4,,7,740.8,28,74,31.2,22.9
2026-09-15T11:15:00+05:30,2026-09-15 11:15:00,,,,0,0,13,49,0,2.5,0,18.5,31,659.4,,7,739.7,27.9,74,31,22.8
2026-09-15T11:10:00+05:30,2026-09-15 11:10:00,,,,0,0,9.3,99,0,2.5,0,18.5,31,659.4,,5,597.4,27.9,74,31,22.8
2026-09-15T11:06:00+05:30,2026-09-15 11:06:00,,,,0,0,9.3,75,0,2.5,0,18.5,31,659.4,,4,452.6,27.9,74,31,22.8
2026-09-15T11:00:00+05:30,2026-09-15 11:00:00,,,,0,0,9.3,66,0,2.5,0,18.5,31,659.4,,4,427.8,27.8,74,30.7,22.7
2026-09-15T10:55:00+05:30,2026-09-15 10:55:00,,,,0,1.8,9.3,57,0,2.5,0,18.5,31,659.4,,3,368.6,27.8,75,30.9,22.9
2026-09-15T10:50:00+05:30,2026-09-15 10:50:00,,,,0,5.5,9.3,77,0,2.5,0,18.5,31,659.4,,5,577.1,27.7,75,30.8,22.9
2026-09-15T10:45:00+05:30,2026-09-15 10:45:00,,,,0,0,9.3,103,0,2.5,0,18.5,31,659.4,,5,526.5,27.7,75,30.8,22.9
2026-09-15T10:40:00+05:30,2026-09-15 10:40:00,,,,0,0,9.3,64,0,2.5,0,18.5,31,659.4,,6,651.6,27.6,76,30.7,23
2026-09-15T10:35:00+05:30,2026-09-15 10:35:00,,,,0,0,9.3,103,0,2.5,0,18.5,31,659.4,,7,723.6,27.6,76,30.7,23
2026-09-15T10:30:00+05:30,2026-09-15 10:30:00,,,,0,5.5,9.3,141,0,2.5,0,18.5,31,659.4,,5,533,27.5,76,30.4,22.9
2026-09-15T10:25:00+05:30,2026-09-15 10:25:00,,,,0,0,9.3,72,0,2.5,0,18.5,31,659.4,,4,444,27.5,76,30.4,22.9
2026-09-15T10:20:00+05:30,2026-09-15 10:20:00,,,,0,0,9.3,76,0,2.5,0,18.5,31,659.4,,4,470.7,27.5,77,30.5,23.1
2026-09-15T10:15:00+05:30,2026-09-15 10:15:00,,,,0,0,9.3,67,0,2.5,0,18.5,31,659.4,,3,360.4,27.4,77,30.3,23
2026-09-15T10:10:00+05:30,2026-09-15 10:10:00,,,,0,0,9.3,112,0,2.5,0,18.5,31,659.4,,2,290.8,27.4,77,30.3,23
2026-09-15T10:05:00+05:30,2026-09-15 10:05:00,,,,0,0,9.3,74,0,2.5,0,18.5,31,659.4,,2,272.3,27.4,77,30.3,23
2026-09-15T10:01:00+05:30,2026-09-15 10:01:00,,,,0,0,9.3,55,0,2.5,0,18.5,31,659.4,,2,258,27.3,77,30.1,22.9
2026-09-15T09:55:00+05:30,2026-09-15 09:55:00,,,,0,0,9.3,80,0,2.5,0,18.5,31,659.4,,2,244.3,27.3,77,30.1,22.9
2026-09-15T09:50:00+05:30,2026-09-15 09:50:00,,,,0,0,9.3,69,0,2.5,0,18.5,31,659.4,,2,245.8,27.3,77,30.1,22.9
2026-09-15T09:45:00+05:30,2026-09-15 09:45:00,,,,0,0,9.3,75,0,2.5,0,18.5,31,659.4,,2,242.5,27.2,76,29.8,22.6
2026-09-15T09:40:00+05:30,2026-09-15 09:40:00,,,,0,0,9.3,70,0,2.5,0,18.5,31,659.4,,2,244.5,27.2,76,29.8,22.6
2026-09-15T09:35:00+05:30,2026-09-15 09:35:00,,,,0,0,9.3,44,0,2.5,0,18.5,31,659.4,,2,251.7,27.2,76,29.8,22.6
2026-09-15T09:30:00+05:30,2026-09-15 09:30:00,,,,2.6,9.3,9.3,98,0,2.5,0,18.5,31,659.4,,2,239.3,27.2,76,29.8,22.6
2026-09-15T09:25:00+05:30,2026-09-15 09:25:00,,,,0,0,1.8,79,0,2.5,0,18.5,31,659.4,,2,228.8,27.1,76,29.6,22.5
2026-09-15T09:20:00+05:30,2026-09-15 09:20:00,,,,0,0,1.8,34,0,2.5,0,18.5,31,659.4,,2,214.3,27.1,76,29.6,22.5
2026-09-15T09:15:00+05:30,2026-09-15 09:15:00,,,,0,0,1.8,78,0,2.5,0,18.5,31,659.4,,1,203.5,27.1,76,29.6,22.5
2026-09-15T09:10:00+05:30,2026-09-15 09:10:00,,,,0,0,1.8,73,0,2.5,0,18.5,31,659.4,,1,195.6,27.1,76,29.6,22.5
2026-09-15T09:05:00+05:30,2026-09-15 09:05:00,,,,0,0,1.8,50,0,2.5,0,18.5,31,659.4,,1,186,27.1,76,29.6,22.5
2026-09-15T09:00:00+05:30,2026-09-15 09:00:00,,,,0,0,1.8,88,0,2.5,0,18.5,31,659.4,,1,184.5,27.1,76,29.6,22.5
2026-09-15T08:55:00+05:30,2026-09-15 08:55:00,,,,0,0,1.8,78,0,2.5,0,18.5,31,659.4,,1,182.5,27.1,76,29.6,22.5
2026-09-15T08:50:00+05:30,2026-09-15 08:50:00,,,,0,0,1.8,51,0,2.5,0,18.5,31,659.4,,1,178.1,27.1,76,29.6,22.5
2026-09-15T08:45:00+05:30,2026-09-15 08:45:00,,,,0,0,1.8,72,0,2.5,0,18.5,31,659.4,,1,170.8,27.1,76,29.6,22.5
2026-09-15T08:40:00+05:30,2026-09-15 08:40:00,,,,0,0,1.8,81,0,2.5,0,18.5,31,659.4,,1,167.1,27,75,29.3,22.2
2026-09-15T08:35:00+05:30,2026-09-15 08:35:00,,,,0,0,1.8,73,0,2.5,0,18.5,31,659.4,,1,163.5,27.1,75,29.5,22.3
2026-09-15T08:30:00+05:30,2026-09-15 08:30:00,,,,0,0,1.8,70,0,2.5,0,18.5,31,659.4,,1,151.6,27.1,75,29.5,22.3
2026-09-15T08:25:00+05:30,2026-09-15 08:25:00,,,,0,0,1.8,61,0,2.5,0,18.5,31,659.4,,1,139.6,27,75,29.3,22.2
2026-09-15T08:20:00+05:30,2026-09-15 08:20:00,,,,0,0,1.8,73,0,2.5,0,18.5,31,659.4,,1,132.2,27,75,29.3,22.2
2026-09-15T08:15:00+05:30,2026-09-15 08:15:00,,,,0,0,1.8,63,0,2.5,0,18.5,31,659.4,,1,123.8,27,75,29.3,22.2
2026-09-15T08:10:00+05:30,2026-09-15 08:10:00,,,,0,0,1.8,72,0,2.5,0,18.5,31,659.4,,1,111.6,27,75,29.3,22.2
2026-09-15T08:05:00+05:30,2026-09-15 08:05:00,,,,0,0,1.8,84,0,2.5,0,18.5,31,659.4,,0,99.7,27.1,75,29.5,22.3
2026-09-15T08:00:00+05:30,2026-09-15 08:00:00,,,,0,0,1.8,79,0,2.5,0,18.5,31,659.4,,0,85,27.1,75,29.5,22.3
2026-09-15T07:55:00+05:30,2026-09-15 07:55:00,,,,0,0,1.8,80,0,2.5,0,18.5,31,659.4,,0,72.4,27.1,75,29.5,22.3
2026-09-15T07:50:00+05:30,2026-09-15 07:50:00,,,,0,0,1.8,78,0,2.5,0,18.5,31,659.4,,0,64.8,27,75,29.3,22.2
2026-09-15T07:45:00+05:30,2026-09-15 07:45:00,,,,0,0,1.8,78,0,2.5,0,18.5,31,659.4,,0,60.5,27,75,29.3,22.2
2026-09-15T07:40:00+05:30,2026-09-15 07:40:00,,,,0,0,1.8,77,0,2.5,0,18.5,31,659.4,,0,56.4,27.1,75,29.5,22.3
2026-09-15T07:36:00+05:30,2026-09-15 07:36:00,,,,0,0,1.8,79,0,2.5,0,18.5,31,659.4,,0,49.7,27.1,75,29.5,22.3
2026-09-15T07:30:00+05:30,2026-09-15 07:30:00,,,,0,0,1.8,85,0,2.5,0,18.5,31,659.4,,0,39.3,27.1,75,29.5,22.3
2026-09-15T07:25:00+05:30,2026-09-15 07:25:00,,,,0,0,1.8,75,0,2.5,0,18.5,31,659.4,,0,31.4,27.1,75,29.5,22.3
2026-09-15T07:20:00+05:30,2026-09-15 07:20:00,,,,0,0,1.8,71,0,2.5,0,18.5,31,659.4,,0,27.1,27.1,75,29.5,22.3
2026-09-15T07:15:00+05:30,2026-09-15 07:15:00,,,,0,0,1.8,76,0,2.5,0,18.5,31,659.4,,0,24.8,27.1,75,29.5,22.3
2026-09-15T07:10:00+05:30,2026-09-15 07:10:00,,,,0,0,1.8,75,0,2.5,0,18.5,31,659.4,,0,22.3,27.1,75,29.5,22.3
2026-09-15T07:05:00+05:30,2026-09-15 07:05:00,,,,0,0,1.8,57,0,2.5,0,18.5,31,659.4,,0,20,27.1,75,29.5,22.3
2026-09-15T07:00:00+05:30,2026-09-15 07:00:00,,,,0,0,1.8,75,0,2.5,0,18.5,31,659.4,,0,18.3,27.1,75,29.5,22.3
2026-09-15T06:55:00+05:30,2026-09-15 06:55:00,,,,0,0,1.8,69,0,2.5,0,18.5,31,659.4,,0,16.5,27.1,75,29.5,22.3
2026-09-15T06:50:00+05:30,2026-09-15 06:50:00,,,,0,0,1.8,77,0,2.5,0,18.5,31,659.4,,0,15.8,27.1,74,29.4,22.1
2026-09-15T06:45:00+05:30,2026-09-15 06:45:00,,,,0,0,1.8,96,0,2.5,0,18.5,31,659.4,,0,15.9,27.1,74,29.4,22.1
2026-09-15T06:40:00+05:30,2026-09-15 06:40:00,,,,0,0,1.8,76,0,2.5,0,18.5,31,659.4,,0,15.7,27.1,74,29.4,22.1
2026-09-15T06:35:00+05:30,2026-09-15 06:35:00,,,,0,0,1.8,74,0,2.5,0,18.5,31,659.4,,0,13.8,27.1,74,29.4,22.1
2026-09-15T06:31:00+05:30,2026-09-15 06:31:00,,,,0,0,1.8,81,0,2.5,0,18.5,31,659.4,,0,12.3,27.1,74,29.4,22.1
2026-09-15T06:25:00+05:30,2026-09-15 06:25:00,,,,0,0,1.8,68,0,2.5,0,18.5,31,659.4,,0,9.4,27.2,74,29.6,22.2
2026-09-15T06:20:00+05:30,2026-09-15 06:20:00,,,,0,0,1.8,48,0,2.5,0,18.5,31,659.4,,0,7.1,27.2,74,29.6,22.2
2026-09-15T06:15:00+05:30,2026-09-15 06:15:00,,,,0,0,1.8,72,0,2.5,0,18.5,31,659.4,,0,5.2,27.2,74,29.6,22.2
2026-09-15T06:10:00+05:30,2026-09-15 06:10:00,,,,0,0,1.8,76,0,2.5,0,18.5,31,659.4,,0,4,27.2,74,29.6,22.2
2026-09-15T06:05:00+05:30,2026-09-15 06:05:00,,,,0,0,1.8,74,0,2.5,0,18.5,31,659.4,,0,2.5,27.2,74,29.6,22.2
2026-09-15T06:00:00+05:30,2026-09-15 06:00:00,,,,0,0,1.8,74,0,2.5,0,18.5,31,659.4,,0,1.1,27.2,74,29.6,22.2
2026-09-15T05:55:00+05:30,2026-09-15 05:55:00,,,,0,0,1.8,71,0,2.5,0,18.5,31,659.4,,0,0.6,27.2,74,29.6,22.2
2026-09-15T05:50:00+05:30,2026-09-15 05:50:00,,,,0,0,1.8,74,0,2.5,0,18.5,31,659.4,,0,0.2,27.2,74,29.6,22.2
2026-09-15T05:45:00+05:30,2026-09-15 05:45:00,,,,0,0,1.8,79,0,2.5,0,18.5,31,659.4,,0,0.1,27.2,74,29.6,22.2
2026-09-15T05:40:00+05:30,2026-09-15 05:40:00,,,,0,0,1.8,79,0,2.5,0,18.5,31,659.4,,0,0,27.2,74,29.6,22.2
2026-09-15T05:35:00+05:30,2026-09-15 05:35:00,,,,0,0,1.8,77,0,2.5,0,18.5,31,659.4,,0,0,27.2,74,29.6,22.2
2026-09-15T05:30:00+05:30,2026-09-15 05:30:00,,,,0,0,1.8,73,0,2.5,0,18.5,31,659.4,,0,0,27.3,74,29.7,22.2
2026-09-15T05:26:00+05:30,2026-09-15 05:26:00,,,,0,0,1.8,54,0,2.5,0,18.5,31,659.4,,0,0,27.3,74,29.7,22.2
2026-09-15T05:20:00+05:30,2026-09-15 05:20:00,,,,0,0,1.8,76,0,2.5,0,18.5,31,659.4,,0,0,27.3,74,29.7,22.2
2026-09-15T05:15:00+05:30,2026-09-15 05:15:00,,,,0,0,1.8,71,0,2.5,0,18.5,31,659.4,,0,0,27.3,74,29.7,22.2
2026-09-15T05:10:00+05:30,2026-09-15 05:10:00,,,,0,0,1.8,77,0,2.5,0,18.5,31,659.4,,0,0,27.3,74,29.7,22.2
2026-09-15T05:05:00+05:30,2026-09-15 05:05:00,,,,0,0,1.8,74,0,2.5,0,18.5,31,659.4,,0,0,27.3,74,29.7,22.2
2026-09-15T05:00:00+05:30,2026-09-15 05:00:00,,,,0,0,1.8,74,0,2.5,0,18.5,31,659.4,,0,0,27.3,74,29.7,22.2
2026-09-15T04:55:00+05:30,2026-09-15 04:55:00,,,,0,0,1.8,81,0,2.5,0,18.5,31,659.4,,0,0,27.3,74,29.7,22.2
2026-09-15T04:50:00+05:30,2026-09-15 04:50:00,,,,0,0,1.8,95,0,2.5,0,18.5,31,659.4,,0,0,27.4,74,29.9,22.3
2026-09-15T04:45:00+05:30,2026-09-15 04:45:00,,,,0,0,1.8,91,0,2.5,0,18.5,31,659.4,,0,0,27.4,74,29.9,22.3
2026-09-15T04:40:00+05:30,2026-09-15 04:40:00,,,,0,0,1.8,83,0,2.5,0,18.5,31,659.4,,0,0,27.4,74,29.9,22.3
2026-09-15T04:35:00+05:30,2026-09-15 04:35:00,,,,0,0,1.8,79,0,2.5,0,18.5,31,659.4,,0,0,27.4,74,29.9,22.3
2026-09-15T04:30:00+05:30,2026-09-15 04:30:00,,,,0,0,1.8,75,0,2.5,0,18.5,31,659.4,,0,0,27.4,74,29.9,22.3
2026-09-15T04:25:00+05:30,2026-09-15 04:25:00,,,,0,0,1.8,83,0,2.5,0,18.5,31,659.4,,0,0,27.4,74,29.9,22.3
2026-09-15T04:20:00+05:30,2026-09-15 04:20:00,,,,0,0,1.8,79,0,2.5,0,18.5,31,659.4,,0,0,27.4,74,29.9,22.3
2026-09-15T04:15:00+05:30,2026-09-15 04:15:00,,,,0,0,1.8,79,0,2.5,0,18.5,31,659.4,,0,0,27.5,74,30.2,22.4
2026-09-15T04:10:00+05:30,2026-09-15 04:10:00,,,,0,0,1.8,87,0,2.5,0,18.5,31,659.4,,0,0,27.4,74,29.9,22.3
2026-09-15T04:06:00+05:30,2026-09-15 04:06:00,,,,0,0,1.8,81,0,2.5,0,18.5,31,659.4,,0,0,27.5,74,30.2,22.4
2026-09-15T04:00:00+05:30,2026-09-15 04:00:00,,,,0,0,1.8,78,0,2.5,0,18.5,31,659.4,,0,0,27.5,74,30.2,22.4
2026-09-15T03:55:00+05:30,2026-09-15 03:55:00,,,,0,0,1.8,80,0,2.5,0,18.5,31,659.4,,0,0,27.5,74,30.2,22.4
2026-09-15T03:50:00+05:30,2026-09-15 03:50:00,,,,0,0,1.8,79,0,2.5,0,18.5,31,659.4,,0,0,27.5,74,30.2,22.4
2026-09-15T03:45:00+05:30,2026-09-15 03:45:00,,,,0,0,1.8,69,0,2.5,0,18.5,31,659.4,,0,0,27.5,74,30.2,22.4
2026-09-15T03:40:00+05:30,2026-09-15 03:40:00,,,,0,0,1.8,83,0,2.5,0,18.5,31,659.4,,0,0,27.5,74,30.2,22.4
2026-09-15T03:35:00+05:30,2026-09-15 03:35:00,,,,0,0,1.8,79,0,2.5,0,18.5,31,659.4,,0,0,27.5,73,30.1,22.2
2026-09-15T03:30:00+05:30,2026-09-15 03:30:00,,,,0,0,1.8,79,0,2.5,0,18.5,31,659.4,,0,0,27.5,73,30.1,22.2
2026-09-15T03:25:00+05:30,2026-09-15 03:25:00,,,,0,0,1.8,80,0,2.5,0,18.5,31,659.4,,0,0,27.5,73,30.1,22.2
2026-09-15T03:20:00+05:30,2026-09-15 03:20:00,,,,0,0,1.8,80,0,2.5,0,18.5,31,659.4,,0,0,27.6,73,30.3,22.3
2026-09-15T03:15:00+05:30,2026-09-15 03:15:00,,,,0,0,1.8,111,0,2.5,0,18.5,31,659.4,,0,0,27.5,73,30.1,22.2
2026-09-15T03:10:00+05:30,2026-09-15 03:10:00,,,,0,0,1.8,80,0,2.5,0,18.5,31,659.4,,0,0,27.6,73,30.3,22.3
2026-09-15T03:05:00+05:30,2026-09-15 03:05:00,,,,0,0,1.8,76,0,2.5,0,18.5,31,659.4,,0,0,27.6,73,30.3,22.3
2026-09-15T03:01:00+05:30,2026-09-15 03:01:00,,,,0,0,1.8,80,0,2.5,0,18.5,31,659.4,,0,0,27.6,73,30.3,22.3
2026-09-15T02:55:00+05:30,2026-09-15 02:55:00,,,,0,0,1.8,76,0,2.5,0,18.5,31,659.4,,0,0,27.6,73,30.3,22.3
2026-09-15T02:50:00+05:30,2026-09-15 02:50:00,,,,0,0,1.8,78,0,2.5,0,18.5,31,659.4,,0,0,27.6,73,30.3,22.3
2026-09-15T02:45:00+05:30,2026-09-15 02:45:00,,,,0,0,1.8,75,0,2.5,0,18.5,31,659.4,,0,0,27.6,73,30.3,22.3
2026-09-15T02:40:00+05:30,2026-09-15 02:40:00,,,,0,0,1.8,79,0,2.5,0,18.5,31,659.4,,0,0,27.6,73,30.3,22.3
2026-09-15T02:35:00+05:30,2026-09-15 02:35:00,,,,0,0,1.8,79,0,2.5,0,18.5,31,659.4,,0,0,27.7,73,30.5,22.4
2026-09-15T02:30:00+05:30,2026-09-15 02:30:00,,,,0,0,1.8,79,0,2.5,0,18.5,31,659.4,,0,0,27.7,73,30.5,22.4
2026-09-15T02:25:00+05:30,2026-09-15 02:25:00,,,,0,0,1.8,78,0,2.5,0,18.5,31,659.4,,0,0,27.7,73,30.5,22.4
2026-09-15T02:20:00+05:30,2026-09-15 02:20:00,,,,0,0,1.8,77,0,2.5,0,18.5,31,659.4,,0,0,27.7,73,30.5,22.4
2026-09-15T02:15:00+05:30,2026-09-15 02:15:00,,,,0,0,1.8,78,0,2.5,0,18.5,31,659.4,,0,0,27.7,73,30.5,22.4
2026-09-15T02:10:00+05:30,2026-09-15 02:10:00,,,,0,0,1.8,110,0,2.5,0,18.5,31,659.4,,0,0,27.7,73,30.5,22.4
2026-09-15T02:05:00+05:30,2026-09-15 02:05:00,,,,0,0,1.8,80,0,2.5,0,18.5,31,659.4,,0,0,27.8,73,30.6,22.5
2026-09-15T02:00:00+05:30,2026-09-15 02:00:00,,,,0,0,1.8,74,0,2.5,0,18.5,31,659.4,,0,0,27.8,73,30.6,22.5
2026-09-15T01:56:00+05:30,2026-09-15 01:56:00,,,,0,0,1.8,74,0,2.5,0,18.5,31,659.4,,0,0,27.8,73,30.6,22.5
2026-09-15T01:50:00+05:30,2026-09-15 01:50:00,,,,0,0,1.8,75,0,2.5,0,18.5,31,659.4,,0,0,27.8,73,30.6,22.5
2026-09-15T01:45:00+05:30,2026-09-15 01:45:00,,,,0,0,1.8,78,0,2.5,0,18.5,31,659.4,,0,0,27.8,73,30.6,22.5
2026-09-15T01:40:00+05:30,2026-09-15 01:40:00,,,,0.6,1.8,1.8,89,0,2.5,0,18.5,31,659.4,,0,0,27.8,73,30.6,22.5
2026-09-15T01:35:00+05:30,2026-09-15 01:35:00,,,,0,0,0,78,0,2.5,0,18.5,31,659.4,,0,0,27.9,73,30.8,22.6
2026-09-15T01:30:00+05:30,2026-09-15 01:30:00,,,,0,0,0,78,0,2.5,0,18.5,31,659.4,,0,0,27.9,73,30.8,22.6
2026-09-15T01:25:00+05:30,2026-09-15 01:25:00,,,,0,0,0,77,0,2.5,0,18.5,31,659.4,,0,0,27.9,73,30.8,22.6
2026-09-15T01:20:00+05:30,2026-09-15 01:20:00,,,,0,0,0,74,0,2.5,0,18.5,31,659.4,,0,0,27.9,73,30.8,22.6
2026-09-15T01:15:00+05:30,2026-09-15 01:15:00,,,,0,0,0,70,0,2.5,0,18.5,31,659.4,,0,0,28,73,31.1,22.7
2026-09-15T01:10:00+05:30,2026-09-15 01:10:00,,,,0,0,0,78,0,2.5,0,18.5,31,659.4,,0,0,28,73,31.1,22.7
2026-09-15T01:05:00+05:30,2026-09-15 01:05:00,,,,0,0,0,80,0,2.5,0,18.5,31,659.4,,0,0,28,73,31.1,22.7
2026-09-15T01:00:00+05:30,2026-09-15 01:00:00,,,,0,0,0,66,0,2.5,0,18.5,31,659.4,,0,0,28,73,31.1,22.7
2026-09-15T00:55:00+05:30,2026-09-15 00:55:00,,,,0,0,0,73,0,2.5,0,18.5,31,659.4,,0,0,28,73,31.1,22.7
2026-09-15T00:50:00+05:30,2026-09-15 00:50:00,,,,0,0,0,79,0,2.5,0,18.5,31,659.4,,0,0,28,73,31.1,22.7
2026-09-15T00:45:00+05:30,2026-09-15 00:45:00,,,,0,0,0,74,0,2.5,0,18.5,31,659.4,,0,0,28,73,31.1,22.7
2026-09-15T00:40:00+05:30,2026-09-15 00:40:00,,,,0,0,0,78,0,2.5,0,18.5,31,659.4,,0,0,28,73,31.1,22.7
2026-09-15T00:35:00+05:30,2026-09-15 00:35:00,,,,0,0,0,79,0,2.5,0,18.5,31,659.4,,0,0,28.1,72,31.2,22.6
2026-09-15T00:30:00+05:30,2026-09-15 00:30:00,,,,0,0,0,79,0,2.5,0,18.5,31,659.4,,0,0,28.1,72,31.2,22.6
2026-09-15T00:25:00+05:30,2026-09-15 00:25:00,,,,0,0,0,82,0,2.5,0,18.5,31,659.4,,0,0,28.1,72,31.2,22.6
2026-09-15T00:20:00+05:30,2026-09-15 00:20:00,,,,0,0,0,82,0,2.5,0,18.5,31,659.4,,0,0,28.1,72,31.2,22.6
2026-09-15T00:15:00+05:30,2026-09-15 00:15:00,,,,0,0,0,82,0,2.5,0,18.5,31,659.4,,0,0,28.1,72,31.2,22.6
2026-09-15T00:10:00+05:30,2026-09-15 00:10:00,,,,0,0,0,82,0,2.5,0,18.5,31,659.4,,0,0,28.1,72,31.2,22.6
2026-09-15T00:05:00+05:30,2026-09-15 00:05:00,,,,0,0,0,74,0,2.5,0,18.5,31,659.4,,0,0,28.2,72,31.4,22.7
2026-09-15T00:00:00+05:30,2026-09-15 00:00:00,,,,0,0,0,66,0,2.5,0,18.5,31,659.4,,0,0,28.2,72,31.4,22.7
2026-09-14T23:55:00+05:30,2026-09-14 23:55:00,,,,0,0,18.3,83,0,2.5,2.8,18.5,31,659.4,,0,0,28.2,72,31.4,22.7
2026-09-14T23:50:00+05:30,2026-09-14 23:50:00,,,,0,0,18.3,85,1.3,2.5,2.8,18.5,31,659.4,,0,0,28.2,72,31.4,22.7
2026-09-14T23:45:00+05:30,2026-09-14 23:45:00,,,,0,0,18.3,90,1.3,2.5,2.8,18.5,31,659.4,,0,0,28.3,72,31.5,22.7
2026-09-14T23:40:00+05:30,2026-09-14 23:40:00,,,,0,0,18.3,87,1.8,2.3,2.5,18.3,30.7,659.4,,0,0,28.3,72,31.5,22.7
2026-09-14T23:35:00+05:30,2026-09-14 23:35:00,,,,0,0,18.3,80,0,2,2.3,18,30.5,658.9,,0,0,28.3,72,31.5,22.7
2026-09-14T23:31:00+05:30,2026-09-14 23:31:00,,,,0,0,18.3,84,0,2,2.3,18,30.5,658.9,,0,0,28.3,72,31.5,22.7
2026-09-14T23:25:00+05:30,2026-09-14 23:25:00,,,,0,0,18.3,80,0,2,2.3,18,30.5,658.9,,0,0,28.4,72,31.7,22.8
2026-09-14T23:20:00+05:30,2026-09-14 23:20:00,,,,0,0,18.3,80,0,2,2.3,18,30.5,658.9,,0,0,28.4,72,31.7,22.8
2026-09-14T23:15:00+05:30,2026-09-14 23:15:00,,,,0,0,18.3,80,0,2,2.3,18,30.5,658.9,,0,0,28.4,72,31.7,22.8
2026-09-14T23:10:00+05:30,2026-09-14 23:10:00,,,,0,0,18.3,73,0,2,2.3,18,30.5,658.9,,0,0,28.4,72,31.7,22.8
2026-09-14T23:05:00+05:30,2026-09-14 23:05:00,,,,0,0,18.3,73,0,2,2.3,18,30.5,658.9,,0,0,28.4,72,31.7,22.8
2026-09-14T23:00:00+05:30,2026-09-14 23:00:00,,,,0,0,18.3,77,0,2,2.3,18,30.5,658.9,,0,0,28.4,71,31.6,22.6
2026-09-14T22:55:00+05:30,2026-09-14 22:55:00,,,,0,0,18.3,87,0,2,2.3,18,30.5,658.9,,0,0,28.5,71,31.8,22.7
2026-09-14T22:50:00+05:30,2026-09-14 22:50:00,,,,0,0,18.3,78,0,2,2.3,18,30.5,658.9,,0,0,28.5,71,31.8,22.7
2026-09-14T22:45:00+05:30,2026-09-14 22:45:00,,,,0,0,18.3,80,0,2,2.3,18,30.5,658.9,,0,0,28.5,71,31.8,22.7
2026-09-14T22:40:00+05:30,2026-09-14 22:40:00,,,,0,0,18.3,86,0,2,2.3,18,30.5,658.9,,0,0,28.5,71,31.8,22.7
2026-09-14T22:35:00+05:30,2026-09-14 22:35:00,,,,0,0,18.3,78,0,2,2.3,18,30.5,658.9,,0,0,28.6,71,32.1,22.8
2026-09-14T22:30:00+05:30,2026-09-14 22:30:00,,,,0,0,18.3,85,0,2,2.3,18,30.5,658.9,,0,0,28.6,71,32.1,22.8
2026-09-14T22:26:00+05:30,2026-09-14 22:26:00,,,,0,0,18.3,79,0,2,2.3,18,30.5,658.9,,0,0,28.6,71,32.1,22.8
2026-09-14T22:20:00+05:30,2026-09-14 22:20:00,,,,0,0,18.3,62,0,2,2.3,18,30.5,658.9,,0,0,28.6,71,32.1,22.8
2026-09-14T22:15:00+05:30,2026-09-14 22:15:00,,,,0,0,18.3,81,0,2,2.3,18,30.5,658.9,,0,0,28.6,71,32.1,22.8
2026-09-14T22:10:00+05:30,2026-09-14 22:10:00,,,,0,0,18.3,80,0,2,2.3,18,30.5,658.9,,0,0,28.6,71,32.1,22.8
2026-09-14T22:05:00+05:30,2026-09-14 22:05:00,,,,0,0,18.3,79,0,2,2.3,18,30.5,658.9,,0,0,28.6,71,32.1,22.8
2026-09-14T22:00:00+05:30,2026-09-14 22:00:00,,,,0,0,18.3,78,0,2,2.3,18,30.5,658.9,,0,0,28.7,71,32.3,22.9
2026-09-14T21:55:00+05:30,2026-09-14 21:55:00,,,,0,0,18.3,81,0,2,2.3,18,30.5,658.9,,0,0,28.7,71,32.3,22.9
2026-09-14T21:50:00+05:30,2026-09-14 21:50:00,,,,0,0,18.3,78,0,2,2.3,18,30.5,658.9,,0,0,28.7,71,32.3,22.9
2026-09-14T21:45:00+05:30,2026-09-14 21:45:00,,,,0,0,18.3,78,0,2,2.3,18,30.5,658.9,,0,0,28.7,71,32.3,22.9
2026-09-14T21:40:00+05:30,2026-09-14 21:40:00,,,,0,0,18.3,77,0,2,2.3,18,30.5,658.9,,0,0,28.7,70,32.1,22.7
2026-09-14T21:35:00+05:30,2026-09-14 21:35:00,,,,0,0,18.3,65,0,2,2.3,18,30.5,658.9,,0,0,28.8,70,32.2,22.7
2026-09-14T21:30:00+05:30,2026-09-14 21:30:00,,,,0,0,18.3,88,0,2,2.3,18,30.5,658.9,,0,0,28.8,70,32.2,22.7
2026-09-14T21:25:00+05:30,2026-09-14 21:25:00,,,,0,0,18.3,77,0,2,2.3,18,30.5,658.9,,0,0,28.8,70,32.2,22.7
2026-09-14T21:21:00+05:30,2026-09-14 21:21:00,,,,0,0,18.3,67,0,2,2.3,18,30.5,658.9,,0,0,28.8,70,32.2,22.7
2026-09-14T21:15:00+05:30,2026-09-14 21:15:00,,,,0,0,18.3,82,0,2,2.3,18,30.5,658.9,,0,0,28.9,70,32.5,22.8
2026-09-14T21:10:00+05:30,2026-09-14 21:10:00,,,,0,0,18.3,80,0,2,2.3,18,30.5,658.9,,0,0,28.9,70,32.5,22.8
2026-09-14T21:05:00+05:30,2026-09-14 21:05:00,,,,0,0,18.3,73,0,2,2.3,18,30.5,658.9,,0,0,28.9,70,32.5,22.8
2026-09-14T21:00:00+05:30,2026-09-14 21:00:00,,,,0,0,18.3,84,0,2,2.3,18,30.5,658.9,,0,0,28.9,70,32.5,22.8
2026-09-14T20:55:00+05:30,2026-09-14 20:55:00,,,,0,0,18.3,89,0,2,2.3,18,30.5,658.9,,0,0,29,70,32.7,22.9
2026-09-14T20:50:00+05:30,2026-09-14 20:50:00,,,,0,0,18.3,91,0,2,2.3,18,30.5,658.9,,0,0,29,70,32.7,22.9
2026-09-14T20:45:00+05:30,2026-09-14 20:45:00,,,,0,0,18.3,78,0,2,2.3,18,30.5,658.9,,0,0,29,70,32.7,22.9
2026-09-14T20:40:00+05:30,2026-09-14 20:40:00,,,,0,0,18.3,68,0,2,2.3,18,30.5,658.9,,0,0,29,70,32.7,22.9
2026-09-14T20:35:00+05:30,2026-09-14 20:35:00,,,,0,0,18.3,78,0,2,2.3,18,30.5,658.9,,0,0,29.1,70,32.9,23.1
2026-09-14T20:30:00+05:30,2026-09-14 20:30:00,,,,0,0,18.3,87,0,2,2.3,18,30.5,658.9,,0,0,29.1,70,32.9,23.1
2026-09-14T20:25:00+05:30,2026-09-14 20:25:00,,,,0,1.8,18.3,73,0,2,2.3,18,30.5,658.9,,0,0,29.1,70,32.9,23.1
2026-09-14T20:20:00+05:30,2026-09-14 20:20:00,,,,0,0,18.3,80,0,2,2.3,18,30.5,658.9,,0,0,29.1,70,32.9,23.1
2026-09-14T20:16:00+05:30,2026-09-14 20:16:00,,,,0,0,18.3,74,0,2,2.3,18,30.5,658.9,,0,0,29.1,70,32.9,23.1
2026-09-14T20:10:00+05:30,2026-09-14 20:10:00,,,,0,1.8,18.3,85,0,2,2.3,18,30.5,658.9,,0,0,29.2,69,33,22.9
2026-09-14T20:05:00+05:30,2026-09-14 20:05:00,,,,0,7.2,18.3,75,0,2,2.3,18,30.5,658.9,,0,0,29.2,69,33,22.9
2026-09-14T20:00:00+05:30,2026-09-14 20:00:00,,,,3.2,9.3,18.3,96,0,2,2.3,18,30.5,658.9,,0,0,29.3,69,33.2,23
2026-09-14T19:55:00+05:30,2026-09-14 19:55:00,,,,0.3,9.3,18.3,79,0,2,2.3,18,30.5,658.9,,0,0,29.3,69,33.2,23
2026-09-14T19:50:00+05:30,2026-09-14 19:50:00,,,,0,0,18.3,78,0,2,2.3,18,30.5,658.9,,0,0,29.3,69,33.2,23
2026-09-14T19:45:00+05:30,2026-09-14 19:45:00,,,,0,3.5,18.3,82,0,2,2.3,18,30.5,658.9,,0,0,29.3,69,33.2,23
2026-09-14T19:40:00+05:30,2026-09-14 19:40:00,,,,0,0,18.3,80,0,2,2.3,18,30.5,658.9,,0,0,29.3,69,33.2,23
2026-09-14T19:35:00+05:30,2026-09-14 19:35:00,,,,0,0,18.3,75,0,2,2.3,18,30.5,658.9,,0,0,29.4,68,33.2,22.8
2026-09-14T19:30:00+05:30,2026-09-14 19:30:00,,,,0,5.5,18.3,105,0,2,2.3,18,30.5,658.9,,0,0,29.4,68,33.2,22.8
2026-09-14T19:25:00+05:30,2026-09-14 19:25:00,,,,0,5.5,18.3,94,0,2,2.3,18,30.5,658.9,,0,0,29.4,68,33.2,22.8
2026-09-14T19:20:00+05:30,2026-09-14 19:20:00,,,,1.8,5.5,18.3,82,6.1,2,2.3,18,30.5,658.9,,0,0,29.4,68,33.2,22.8
2026-09-14T19:15:00+05:30,2026-09-14 19:15:00,,,,0,9.3,18.3,140,11.9,2,2.3,18,30.5,658.9,,0,0,29.5,68,33.4,22.9
2026-09-14T19:10:00+05:30,2026-09-14 19:10:00,,,,0,0,18.3,113,4.3,0.8,1,16.8,29.2,657.6,,0,0,29.5,67,33.2,22.7
2026-09-14T19:05:00+05:30,2026-09-14 19:05:00,,,,0,7.2,18.3,209,0,0,0.3,16,28.4,657.1,,0,0,29.7,67,33.7,22.9
2026-09-14T19:00:00+05:30,2026-09-14 19:00:00,,,,0,1.8,18.3,174,0,0,0.3,16,28.4,657.1,,0,0,29.8,67,33.8,23
2026-09-14T18:55:00+05:30,2026-09-14 18:55:00,,,,0,3.5,18.3,103,0,0,0.3,16,28.4,657.1,,0,0,29.9,67,34.1,23.1
2026-09-14T18:50:00+05:30,2026-09-14 18:50:00,,,,7.9,13,18.3,104,0,0,0.3,16,28.4,657.1,,0,0,29.9,67,34.1,23.1
2026-09-14T18:45:00+05:30,2026-09-14 18:45:00,,,,0,9.3,18.3,102,0,0,0.3,16,28.4,657.1,,0,0,30,67,34.3,23.2
2026-09-14T18:40:00+05:30,2026-09-14 18:40:00,,,,0,9.3,18.3,85,0,0,0.3,16,28.4,657.1,,0,0,30.1,67,34.6,23.3
2026-09-14T18:35:00+05:30,2026-09-14 18:35:00,,,,0,7.2,18.3,109,0,0,0.3,16,28.4,657.1,,0,0,30.1,67,34.6,23.3
2026-09-14T18:30:00+05:30,2026-09-14 18:30:00,,,,0,11.1,18.3,70,0,0,0.3,16,28.4,657.1,,0,0,30.2,67,34.8,23.4
2026-09-14T18:25:00+05:30,2026-09-14 18:25:00,,,,0.3,9.3,18.3,113,0,0,0.3,16,28.4,657.1,,0,0,30.3,66,34.7,23.2
2026-09-14T18:20:00+05:30,2026-09-14 18:20:00,,,,4.3,9.3,18.3,109,0,16,0.3,16,28.4,657.1,,0,0.1,30.3,66,34.7,23.2
2026-09-14T18:15:00+05:30,2026-09-14 18:15:00,,,,4.7,11.1,18.3,35,0,16,0.3,16,28.4,657.1,,0,0.3,30.4,66,35,23.3
2026-09-14T18:10:00+05:30,2026-09-14 18:10:00,,,,0,13,18.3,76,0,16,0.3,16,28.4,657.1,,0,0.8,30.4,66,35,23.3
2026-09-14T18:05:00+05:30,2026-09-14 18:05:00,,,,7.6,14.8,18.3,96,0,16,0.3,16,28.4,657.1,,0,1.4,30.5,66,35.2,23.4
2026-09-14T18:00:00+05:30,2026-09-14 18:00:00,,,,2.6,5.5,13,91,0,16,0.3,16,28.4,657.1,,0,2.9,30.6,66,35.5,23.5
2026-09-14T17:55:00+05:30,2026-09-14 17:55:00,,,,1.1,7.2,13,78,0,16,0.3,16,28.4,657.1,,0,6.3,30.6,66,35.5,23.5
2026-09-14T17:51:00+05:30,2026-09-14 17:51:00,,,,0.6,3.5,13,102,0,16,0.3,16,28.4,657.1,,0,9.6,30.7,66,35.8,23.6
2026-09-14T17:45:00+05:30,2026-09-14 17:45:00,,,,5.8,9.3,13,145,0,16,0.3,16,28.4,657.1,,0,14.5,30.7,66,35.8,23.6
2026-09-14T17:40:00+05:30,2026-09-14 17:40:00,,,,1.1,9.3,13,91,0,16,0.3,16,28.4,657.1,,0,20,30.8,66,35.9,23.7
2026-09-14T17:35:00+05:30,2026-09-14 17:35:00,,,,0,0,13,100,0,16,0.3,16,28.4,657.1,,0,24.9,30.8,66,35.9,23.7
2026-09-14T17:30:00+05:30,2026-09-14 17:30:00,,,,0,5.5,13,101,0,16,0.3,16,28.4,657.1,,0,28,30.8,66,35.9,23.7
2026-09-14T17:25:00+05:30,2026-09-14 17:25:00,,,,0,0,13,90,0,16,0.3,16,28.4,657.1,,0,31.8,30.9,66,36.2,23.8
2026-09-14T17:20:00+05:30,2026-09-14 17:20:00,,,,0,0,13,72,0,16,0.3,16,28.4,657.1,,0,37.4,30.9,66,36.2,23.8
2026-09-14T17:15:00+05:30,2026-09-14 17:15:00,,,,0,3.5,13,108,0,16,0.3,16,28.4,657.1,,0,43.9,30.9,65,35.9,23.5
2026-09-14T17:10:00+05:30,2026-09-14 17:10:00,,,,0,0,13,77,0,16,0.3,16,28.4,657.1,,0,52.2,31,65,36.2,23.6
2026-09-14T17:05:00+05:30,2026-09-14 17:05:00,,,,0,0,13,90,0,16,0.3,16,28.4,657.1,,0,60.2,31,65,36.2,23.6
2026-09-14T17:00:00+05:30,2026-09-14 17:00:00,,,,0,0,13,77,0,16,0.3,16,28.4,657.1,,0,65.1,31,65,36.2,23.6
2026-09-14T16:55:00+05:30,2026-09-14 16:55:00,,,,0,0,13,95,0,16,0.3,16,28.4,657.1,,0,69.2,31,65,36.2,23.6
2026-09-14T16:50:00+05:30,2026-09-14 16:50:00,,,,0,0,13,74,0,16,0.3,16,28.4,657.1,,0,67.3,31.1,65,36.4,23.7
2026-09-14T16:46:00+05:30,2026-09-14 16:46:00,,,,0,0,13,71,0,16,0.3,16,28.4,657.1,,0,64.1,31.1,65,36.4,23.7
2026-09-14T16:40:00+05:30,2026-09-14 16:40:00,,,,0,0,13,84,0,16,0.3,16,28.4,657.1,,0,71.5,31.2,65,36.7,23.8
2026-09-14T16:35:00+05:30,2026-09-14 16:35:00,,,,0,0,13,88,0,16,0.3,16,28.4,657.1,,0,83.1,31.2,66,37,24.1
2026-09-14T16:30:00+05:30,2026-09-14 16:30:00,,,,0,0,13,63,0,16,0.3,16,28.4,657.1,,0,92.8,31.2,65,36.7,23.8
2026-09-14T16:25:00+05:30,2026-09-14 16:25:00,,,,0,0,13,49,0,16,0.3,16,28.4,657.1,,0,102,31.2,65,36.7,23.8
2026-09-14T16:20:00+05:30,2026-09-14 16:20:00,,,,0,3.5,13,72,0,16,0.3,16,28.4,657.1,,1,116.9,31.2,65,36.7,23.8
2026-09-14T16:15:00+05:30,2026-09-14 16:15:00,,,,0,0,13,81,0,16,0.3,16,28.4,657.1,,1,132.4,31.1,65,36.4,23.7
2026-09-14T16:10:00+05:30,2026-09-14 16:10:00,,,,0,0,13,86,0,16,0.3,16,28.4,657.1,,1,141.7,31.1,65,36.4,23.7
2026-09-14T16:05:00+05:30,2026-09-14 16:05:00,,,,0,0,13,66,0,16,0.3,16,28.4,657.1,,1,161.8,31.1,65,36.4,23.7
2026-09-14T16:00:00+05:30,2026-09-14 16:00:00,,,,0,0,13,103,0,16,0.3,16,28.4,657.1,,1,186.9,31.1,65,36.4,23.7
2026-09-14T15:55:00+05:30,2026-09-14 15:55:00,,,,0,0,13,93,0,16,0.3,16,28.4,657.1,,1,197.2,31.1,65,36.4,23.7
2026-09-14T15:50:00+05:30,2026-09-14 15:50:00,,,,0,0,13,69,0,16,0.3,16,28.4,657.1,,2,231.9,31,65,36.2,23.6
2026-09-14T15:45:00+05:30,2026-09-14 15:45:00,,,,0,0,13,57,0,16,0.3,16,28.4,657.1,,2,213.6,31,64,35.9,23.4
2026-09-14T15:41:00+05:30,2026-09-14 15:41:00,,,,0,0,13,67,0,16,0.3,16,28.4,657.1,,2,276.8,31,64,35.9,23.4
2026-09-14T15:35:00+05:30,2026-09-14 15:35:00,,,,0,0,13,70,0,16,0.3,16,28.4,657.1,,3,323.6,30.9,64,35.6,23.3
2026-09-14T15:30:00+05:30,2026-09-14 15:30:00,,,,0,0,13,87,0,16,0.3,16,28.4,657.1,,1,192.1,30.9,64,35.6,23.3
2026-09-14T15:25:00+05:30,2026-09-14 15:25:00,,,,0,0,13,103,0,16,0.3,16,28.4,657.1,,1,190.7,30.9,65,35.9,23.5
2026-09-14T15:20:00+05:30,2026-09-14 15:20:00,,,,0,0,13,97,0,16,0.3,16,28.4,657.1,,2,227.7,30.8,65,35.6,23.4
2026-09-14T15:15:00+05:30,2026-09-14 15:15:00,,,,0,0,13,77,0,16,0.3,16,28.4,657.1,,2,236.1,30.8,65,35.6,23.4
2026-09-14T15:10:00+05:30,2026-09-14 15:10:00,,,,0.3,1.8,13,30,0,16,0.3,16,28.4,657.1,,4,467.6,30.7,64,35.2,23.1
2026-09-14T15:05:00+05:30,2026-09-14 15:05:00,,,,0,0,13,101,0,16,0.3,16,28.4,657.1,,3,372.6,30.7,64,35.2,23.1
2026-09-14T15:00:00+05:30,2026-09-14 15:00:00,,,,0,1.8,13,134,0,16,0.3,16,28.4,657.1,,3,311.8,30.6,64,35,23
2026-09-14T14:55:00+05:30,2026-09-14 14:55:00,,,,0,0,13,68,0,16,0.3,16,28.4,657.1,,6,645,30.5,64,34.7,22.9
2026-09-14T14:50:00+05:30,2026-09-14 14:50:00,,,,0,0,13,98,0,16,0.3,16,28.4,657.1,,3,361.9,30.4,64,34.5,22.8
2026-09-14T14:45:00+05:30,2026-09-14 14:45:00,,,,0,0,13,96,0,16,0.3,16,28.4,657.1,,2,259.7,30.4,64,34.5,22.8
2026-09-14T14:40:00+05:30,2026-09-14 14:40:00,,,,0,0,13,217,0,16,0.3,16,28.4,657.1,,5,598.8,30.4,64,34.5,22.8
2026-09-14T14:35:00+05:30,2026-09-14 14:35:00,,,,0,3.5,13,105,0,16,0.3,16,28.4,657.1,,3,352.6,30.4,64,34.5,22.8
2026-09-14T14:30:00+05:30,2026-09-14 14:30:00,,,,0,0,13,150,0,16,0.3,16,28.4,657.1,,2,238.7,30.3,64,34.3,22.7
2026-09-14T14:25:00+05:30,2026-09-14 14:25:00,,,,0,3.5,13,86,0,16,0.3,16,28.4,657.1,,7,730.8,30.3,64,34.3,22.7
2026-09-14T14:21:00+05:30,2026-09-14 14:21:00,,,,0.3,1.8,13,227,0,16,0.3,16,28.4,657.1,,5,582.3,30.3,65,34.5,22.9
2026-09-14T14:15:00+05:30,2026-09-14 14:15:00,,,,0,0,13,148,0,16,0.3,16,28.4,657.1,,8,829.3,30.2,66,34.6,23.2
2026-09-14T14:10:00+05:30,2026-09-14 14:10:00,,,,0,0,13,62,0,16,0.3,16,28.4,657.1,,4,432.9,30.1,66,34.3,23.1
2026-09-14T14:05:00+05:30,2026-09-14 14:05:00,,,,0,1.8,13,141,0,16,0.3,16,28.4,657.1,,8,859.3,30.1,66,34.3,23.1
2026-09-14T14:00:00+05:30,2026-09-14 14:00:00,,,,0,0,13,219,0,16,0.3,16,28.4,657.1,,8,823.1,30.1,66,34.3,23.1
2026-09-14T13:55:00+05:30,2026-09-14 13:55:00,,,,0,1.8,13,171,0,16,0.3,16,28.4,657.1,,7,768.5,30,67,34.3,23.2
2026-09-14T13:50:00+05:30,2026-09-14 13:50:00,,,,0.3,5.5,13,112,0,16,0.3,16,28.4,657.1,,8,885.6,30,68,34.6,23.4
2026-09-14T13:45:00+05:30,2026-09-14 13:45:00,,,,0,5.5,13,183,0,16,0.3,16,28.4,657.1,,4,429.4,30,68,34.6,23.4
2026-09-14T13:40:00+05:30,2026-09-14 13:40:00,,,,0.6,3.5,13,126,0,16,0.3,16,28.4,657.1,,7,750,30,67,34.3,23.2
2026-09-14T13:35:00+05:30,2026-09-14 13:35:00,,,,0,3.5,7.2,201,0,16,0.3,16,28.4,657.1,,2,287.2,30,67,34.3,23.2
2026-09-14T13:30:00+05:30,2026-09-14 13:30:00,,,,0,0,7.2,110,0,16,0.3,16,28.4,657.1,,2,285.1,29.9,67,34.1,23.1
2026-09-14T13:25:00+05:30,2026-09-14 13:25:00,,,,0,0,7.2,137,0,16,0.3,16,28.4,657.1,,9,994.6,29.9,67,34.1,23.1
2026-09-14T13:20:00+05:30,2026-09-14 13:20:00,,,,0,0,7.2,150,0,16,0.3,16,28.4,657.1,,2,250.7,29.9,66,33.8,22.8
2026-09-14T13:16:00+05:30,2026-09-14 13:16:00,,,,0.3,1.8,7.2,143,0,16,0.3,16,28.4,657.1,,2,303.3,29.9,66,33.8,22.8
2026-09-14T13:10:00+05:30,2026-09-14 13:10:00,,,,0,1.8,7.2,144,0,16,0.3,16,28.4,657.1,,1,192.7,29.9,65,33.7,22.6
2026-09-14T13:05:00+05:30,2026-09-14 13:05:00,,,,0,1.8,7.2,131,0,16,0.3,16,28.4,657.1,,1,192.5,29.8,65,33.4,22.5
2026-09-14T13:00:00+05:30,2026-09-14 13:00:00,,,,0,7.2,7.2,129,0,16,0.3,16,28.4,657.1,,10,1027.8,29.8,66,33.6,22.7
2026-09-14T12:55:00+05:30,2026-09-14 12:55:00,,,,0,0,7.2,74,0,16,0.3,16,28.4,657.1,,9,971.4,29.7,66,33.5,22.7
2026-09-14T12:50:00+05:30,2026-09-14 12:50:00,,,,0,0,7.2,114,0,16,0.3,16,28.4,657.1,,8,919.2,29.5,65,32.8,22.2
2026-09-14T12:45:00+05:30,2026-09-14 12:45:00,,,,0,0,7.2,106,0,16,0.3,16,28.4,657.1,,8,908.1,29.5,66,33.1,22.4
2026-09-14T12:40:00+05:30,2026-09-14 12:40:00,,,,0,0,7.2,78,0,16,0.3,16,28.4,657.1,,9,945.6,29.4,66,32.8,22.3
2026-09-14T12:35:00+05:30,2026-09-14 12:35:00,,,,0,7.2,7.2,55,0,16,0.3,16,28.4,657.1,,9,943.3,29.4,66,32.8,22.3
2026-09-14T12:30:00+05:30,2026-09-14 12:30:00,,,,0,0,5.5,91,0,16,0.3,16,28.4,657.1,,8,836.3,29.2,67,32.7,22.4
2026-09-14T12:25:00+05:30,2026-09-14 12:25:00,,,,0,3.5,5.5,213,0,16,0.3,16,28.4,657.1,,5,520.9,29.2,68,32.8,22.7
2026-09-14T12:20:00+05:30,2026-09-14 12:20:00,,,,0,5.5,5.5,121,0,16,0.3,16,28.4,657.1,,8,900.5,29.2,68,32.8,22.7
2026-09-14T12:15:00+05:30,2026-09-14 12:15:00,,,,0,0,3.5,58,0,16,0.3,16,28.4,657.1,,5,527.8,29.1,69,32.8,22.8
2026-09-14T12:11:00+05:30,2026-09-14 12:11:00,,,,0,0,3.5,65,0,16,0.3,16,28.4,657.1,,7,799.1,29,69,32.6,22.7
2026-09-14T12:05:00+05:30,2026-09-14 12:05:00,,,,0,0,3.5,72,0,16,0.3,16,28.4,657.1,,9,1006.2,28.9,69,32.3,22.6
2026-09-14T12:00:00+05:30,2026-09-14 12:00:00,,,,0,3.5,3.5,22,0,16,0.3,16,28.4,657.1,,8,873.5,28.9,69,32.3,22.6
2026-09-14T11:55:00+05:30,2026-09-14 11:55:00,,,,0,0,3.5,105,0,16,0.3,16,28.4,657.1,,9,930.5,28.8,70,32.2,22.7
2026-09-14T11:50:00+05:30,2026-09-14 11:50:00,,,,0,3.5,3.5,67,0,16,0.3,16,28.4,657.1,,8,903.2,28.7,70,32.1,22.7
2026-09-14T11:45:00+05:30,2026-09-14 11:45:00,,,,0,0,3.5,72,0,16,0.3,16,28.4,657.1,,8,898.8,28.6,71,32.1,22.8
2026-09-14T11:40:00+05:30,2026-09-14 11:40:00,,,,0,0,3.5,355,0,16,0.3,16,28.4,657.1,,8,914.3,28.5,71,31.8,22.7
2026-09-14T11:35:00+05:30,2026-09-14 11:35:00,,,,0,0,3.5,74,0,16,0.3,16,28.4,657.1,,9,944.1,28.4,71,31.6,22.6
2026-09-14T11:30:00+05:30,2026-09-14 11:30:00,,,,0,0,3.5,73,0,16,0.3,16,28.4,657.1,,9,956.4,28.3,71,31.4,22.5
2026-09-14T11:25:00+05:30,2026-09-14 11:25:00,,,,0,0,3.5,45,0,16,0.3,16,28.4,657.1,,7,811.5,28.3,72,31.5,22.7
2026-09-14T11:20:00+05:30,2026-09-14 11:20:00,,,,0,0,3.5,75,0,16,0.3,16,28.4,657.1,,5,577.6,28.2,72,31.4,22.7
2026-09-14T11:15:00+05:30,2026-09-14 11:15:00,,,,0,0,3.5,206,0,16,0.3,16,28.4,657.1,,3,398.4,28.1,72,31.2,22.6
2026-09-14T11:10:00+05:30,2026-09-14 11:10:00,,,,0,0,3.5,94,0,16,0.3,16,28.4,657.1,,6,678,28,72,30.9,22.4
2026-09-14T11:05:00+05:30,2026-09-14 11:05:00,,,,0,0,3.5,61,0,16,0.3,16,28.4,657.1,,8,822.6,28,72,30.9,22.4
2026-09-14T11:00:00+05:30,2026-09-14 11:00:00,,,,0,0,3.5,21,0,16,0.3,16,28.4,657.1,,8,848.5,27.9,72,30.7,22.4
2026-09-14T10:55:00+05:30,2026-09-14 10:55:00,,,,0,0,1.8,60,0,16,0.3,16,28.4,657.1,,7,784.6,27.9,73,30.8,22.6
2026-09-14T10:50:00+05:30,2026-09-14 10:50:00,,,,0,0,1.8,216,0,16,0.3,16,28.4,657.1,,4,508.7,27.8,73,30.6,22.5
2026-09-14T10:45:00+05:30,2026-09-14 10:45:00,,,,0,0,1.8,65,0,16,0.3,16,28.4,657.1,,5,568,27.8,74,30.7,22.7
2026-09-14T10:40:00+05:30,2026-09-14 10:40:00,,,,0,0,1.8,350,0,16,0.3,16,28.4,657.1,,7,789.6,27.8,74,30.7,22.7
2026-09-14T10:35:00+05:30,2026-09-14 10:35:00,,,,0,0,1.8,103,0,16,0.3,16,28.4,657.1,,5,564,27.7,74,30.6,22.7
2026-09-14T10:30:00+05:30,2026-09-14 10:30:00,,,,0,0,1.8,75,0,16,0.3,16,28.4,657.1,,4,463.1,27.7,75,30.8,22.9
2026-09-14T10:25:00+05:30,2026-09-14 10:25:00,,,,0,0,1.8,71,0,16,0.3,16,28.4,657.1,,6,691.4,27.6,75,30.5,22.8
2026-09-14T10:20:00+05:30,2026-09-14 10:20:00,,,,0,0,1.8,65,0,16,0.3,16,28.4,657.1,,4,476.6,27.5,75,30.3,22.7
2026-09-14T10:15:00+05:30,2026-09-14 10:15:00,,,,0,0,1.8,74,0,16,0.3,16,28.4,657.1,,4,438.8,27.5,75,30.3,22.7
2026-09-14T10:10:00+05:30,2026-09-14 10:10:00,,,,0,0,1.8,80,0,16,0.3,16,28.4,657.1,,3,355.2,27.5,75,30.3,22.7
2026-09-14T10:05:00+05:30,2026-09-14 10:05:00,,,,0,0,1.8,83,0,16,0.3,16,28.4,657.1,,3,338.6,27.4,75,30.1,22.6
2026-09-14T10:00:00+05:30,2026-09-14 10:00:00,,,,0,0,1.8,84,0,16,0.3,16,28.4,657.1,,2,277.8,27.4,75,30.1,22.6
2026-09-14T09:55:00+05:30,2026-09-14 09:55:00,,,,0,0,1.8,86,0,16,0.3,16,28.4,657.1,,2,305.8,27.3,75,29.8,22.4
2026-09-14T09:50:00+05:30,2026-09-14 09:50:00,,,,0,0,1.8,78,0,16,0.3,16,28.4,657.1,,2,289.2,27.3,75,29.8,22.4
2026-09-14T09:46:00+05:30,2026-09-14 09:46:00,,,,0,0,1.8,104,0,16,0.3,16,28.4,657.1,,2,245.9,27.2,75,29.7,22.4
2026-09-14T09:40:00+05:30,2026-09-14 09:40:00,,,,0,0,1.8,75,0,16,0.3,16,28.4,657.1,,2,226.8,27.2,75,29.7,22.4
2026-09-14T09:35:00+05:30,2026-09-14 09:35:00,,,,0,0,1.8,72,0,16,0.3,16,28.4,657.1,,4,502.7,27.1,75,29.5,22.3
2026-09-14T09:30:00+05:30,2026-09-14 09:30:00,,,,0,0,1.8,70,0,16,0.3,16,28.4,657.1,,2,233.4,27.1,75,29.5,22.3
2026-09-14T09:25:00+05:30,2026-09-14 09:25:00,,,,0,0,1.8,88,0,16,0.3,16,28.4,657.1,,2,226.4,27.1,76,29.6,22.5
2026-09-14T09:20:00+05:30,2026-09-14 09:20:00,,,,0,0,1.8,78,0,16,0.3,16,28.4,657.1,,1,169.6,27.1,76,29.6,22.5
2026-09-14T09:15:00+05:30,2026-09-14 09:15:00,,,,0,0,1.8,69,0,16,0.3,16,28.4,657.1,,1,140.8,27,77,29.4,22.6
2026-09-14T09:10:00+05:30,2026-09-14 09:10:00,,,,0,0,1.8,94,0,16,0.3,16,28.4,657.1,,1,135.1,27,77,29.4,22.6
2026-09-14T09:05:00+05:30,2026-09-14 09:05:00,,,,0,0,1.8,170,0,16,0.3,16,28.4,657.1,,1,180.2,26.9,77,29.2,22.5
2026-09-14T09:00:00+05:30,2026-09-14 09:00:00,,,,0,0,1.8,81,0,16,0.3,16,28.4,657.1,,1,195.7,26.9,77,29.2,22.5
2026-09-14T08:55:00+05:30,2026-09-14 08:55:00,,,,0,0,1.8,64,0,16,0.3,16,28.4,657.1,,1,192.4,26.8,77,29,22.4
2026-09-14T08:50:00+05:30,2026-09-14 08:50:00,,,,0,0,1.8,107,0,16,0.3,16,28.4,657.1,,1,197.3,26.8,77,29,22.4
2026-09-14T08:45:00+05:30,2026-09-14 08:45:00,,,,0,0,1.8,66,0,16,0.3,16,28.4,657.1,,1,193.3,26.8,76,28.9,22.2
2026-09-14T08:41:00+05:30,2026-09-14 08:41:00,,,,0,0,1.8,204,0,16,0.3,16,28.4,657.1,,2,228,26.8,76,28.9,22.2
2026-09-14T08:35:00+05:30,2026-09-14 08:35:00,,,,0,0,1.8,87,0,16,0.3,16,28.4,657.1,,2,226.8,26.8,76,28.9,22.2
2026-09-14T08:30:00+05:30,2026-09-14 08:30:00,,,,0,0,1.8,103,0,16,0.3,16,28.4,657.1,,1,195.5,26.8,75,28.8,21.9
2026-09-14T08:25:00+05:30,2026-09-14 08:25:00,,,,0,0,1.8,83,0,16,0.3,16,28.4,657.1,,1,176.1,26.8,75,28.8,21.9
2026-09-14T08:20:00+05:30,2026-09-14 08:20:00,,,,0,0,1.8,82,0,16,0.3,16,28.4,657.1,,1,152.3,26.9,75,29.1,22.1
2026-09-14T08:15:00+05:30,2026-09-14 08:15:00,,,,0,0,1.8,84,0,16,0.3,16,28.4,657.1,,1,133.8,26.9,75,29.1,22.1
2026-09-14T08:10:00+05:30,2026-09-14 08:10:00,,,,0,0,1.8,75,0,16,0.3,16,28.4,657.1,,1,126.3,26.9,75,29.1,22.1
2026-09-14T08:05:00+05:30,2026-09-14 08:05:00,,,,0,0,1.8,77,0,16,0.3,16,28.4,657.1,,1,114.3,26.8,75,28.8,21.9
2026-09-14T08:00:00+05:30,2026-09-14 08:00:00,,,,0,0,1.8,79,0,16,0.3,16,28.4,657.1,,0,97.2,26.8,75,28.8,21.9
2026-09-14T07:55:00+05:30,2026-09-14 07:55:00,,,,0,0,1.8,74,0,16,0.3,16,28.4,657.1,,0,81.7,26.8,75,28.8,21.9
2026-09-14T07:50:00+05:30,2026-09-14 07:50:00,,,,0,0,1.8,44,0,16,0.3,16,28.4,657.1,,0,83,26.8,75,28.8,21.9
2026-09-14T07:45:00+05:30,2026-09-14 07:45:00,,,,0,0,1.8,82,0,16,0.3,16,28.4,657.1,,1,115.1,26.8,75,28.8,21.9
2026-09-14T07:40:00+05:30,2026-09-14 07:40:00,,,,0,0,1.8,26,0,16,0.3,16,28.4,657.1,,0,99.4,26.8,75,28.8,21.9
2026-09-14T07:36:00+05:30,2026-09-14 07:36:00,,,,0,0,1.8,77,0,16,0.3,16,28.4,657.1,,0,87.1,26.8,75,28.8,21.9
2026-09-14T07:30:00+05:30,2026-09-14 07:30:00,,,,0,0,1.8,77,0,16,0.3,16,28.4,657.1,,0,87.5,26.8,75,28.8,21.9
2026-09-14T07:25:00+05:30,2026-09-14 07:25:00,,,,0,0,1.8,78,0,16,0.3,16,28.4,657.1,,0,99.1,26.8,75,28.8,21.9
2026-09-14T07:20:00+05:30,2026-09-14 07:20:00,,,,0,0,1.8,77,0,16,0.3,16,28.4,657.1,,0,76.5,26.8,75,28.8,21.9
2026-09-14T07:15:00+05:30,2026-09-14 07:15:00,,,,0,0,1.8,75,0,16,0.3,16,28.4,657.1,,0,82,26.8,74,28.8,21.7
2026-09-14T07:10:00+05:30,2026-09-14 07:10:00,,,,0,0,1.8,87,0,16,0.3,16,28.4,657.1,,0,64.7,26.8,74,28.8,21.7
2026-09-14T07:05:00+05:30,2026-09-14 07:05:00,,,,0,0,1.8,88,0,16,0.3,16,28.4,657.1,,0,63.1,26.8,74,28.8,21.7
2026-09-14T07:00:00+05:30,2026-09-14 07:00:00,,,,0,0,1.8,62,0,16,0.3,16,28.4,657.1,,0,56.4,26.8,74,28.8,21.7
2026-09-14T06:55:00+05:30,2026-09-14 06:55:00,,,,0,0,1.8,74,0,16,0.3,16,28.4,657.1,,0,47.3,26.8,74,28.8,21.7
2026-09-14T06:50:00+05:30,2026-09-14 06:50:00,,,,0,0,1.8,75,0,16,0.3,16,28.4,657.1,,0,42,26.8,74,28.8,21.7
2026-09-14T06:45:00+05:30,2026-09-14 06:45:00,,,,0,0,1.8,71,0,16,0.3,16,28.4,657.1,,0,37.8,26.8,74,28.8,21.7
2026-09-14T06:40:00+05:30,2026-09-14 06:40:00,,,,0,0,1.8,77,0,16,0.3,16,28.4,657.1,,0,31.9,26.8,74,28.8,21.7
2026-09-14T06:35:00+05:30,2026-09-14 06:35:00,,,,0,0,1.8,83,0,16,0.3,16,28.4,657.1,,0,26.1,26.8,74,28.8,21.7
2026-09-14T06:30:00+05:30,2026-09-14 06:30:00,,,,0,0,1.8,83,0,16,0.3,16,28.4,657.1,,0,21.7,26.9,74,29,21.8
2026-09-14T06:25:00+05:30,2026-09-14 06:25:00,,,,0,0,1.8,62,1.8,16,0.3,16,28.4,657.1,,0,16.9,26.9,74,29,21.8
2026-09-14T06:20:00+05:30,2026-09-14 06:20:00,,,,0,0,1.8,62,1.8,16,0.3,16,28.4,657.1,,0,12.4,26.9,74,29,21.8
2026-09-14T06:16:00+05:30,2026-09-14 06:16:00,,,,0,0,0,50,0,15.7,0,15.7,28.2,656.6,,0,9.6,26.9,74,29,21.8
2026-09-14T06:10:00+05:30,2026-09-14 06:10:00,,,,0,0,0,45,0,15.7,0,15.7,28.2,656.6,,0,6.6,26.9,74,29,21.8
2026-09-14T06:05:00+05:30,2026-09-14 06:05:00,,,,0,0,0,50,0,15.7,0,15.7,28.2,656.6,,0,4.4,26.9,74,29,21.8
2026-09-14T06:00:00+05:30,2026-09-14 06:00:00,,,,0,0,0,50,0,15.7,0,15.7,28.2,656.6,,0,2.3,26.9,74,29,21.8
2026-09-14T05:55:00+05:30,2026-09-14 05:55:00,,,,0,0,0,56,0,15.7,0,15.7,28.2,656.6,,0,1.4,27,74,29.2,21.9
2026-09-14T05:50:00+05:30,2026-09-14 05:50:00,,,,0,0,0,56,0,15.7,0,15.7,28.2,656.6,,0,0.4,27,74,29.2,21.9
2026-09-14T05:45:00+05:30,2026-09-14 05:45:00,,,,0,0,0,56,0,15.7,0,15.7,28.2,656.6,,0,0.1,27,74,29.2,21.9
2026-09-14T05:40:00+05:30,2026-09-14 05:40:00,,,,0,0,0,62,0,15.7,0,15.7,28.2,656.6,,0,0,27,74,29.2,21.9
2026-09-14T05:35:00+05:30,2026-09-14 05:35:00,,,,0,0,0,64,0,15.7,0,15.7,28.2,656.6,,0,0,27,74,29.2,21.9
2026-09-14T05:30:00+05:30,2026-09-14 05:30:00,,,,0,0,0,62,0,15.7,0,15.7,28.2,656.6,,0,0,27,74,29.2,21.9
2026-09-14T05:25:00+05:30,2026-09-14 05:25:00,,,,0,0,0,62,0,15.7,0,15.7,28.2,656.6,,0,0,27,74,29.2,21.9
2026-09-14T05:20:00+05:30,2026-09-14 05:20:00,,,,0,0,0,62,0,15.7,0,15.7,28.2,656.6,,0,0,27,74,29.2,21.9
2026-09-14T05:15:00+05:30,2026-09-14 05:15:00,,,,0,0,0,72,0,15.7,0,15.7,28.2,656.6,,0,0,27,74,29.2,21.9
2026-09-14T05:11:00+05:30,2026-09-14 05:11:00,,,,0,0,0,74,0,15.7,0,15.7,28.2,656.6,,0,0,27.1,74,29.4,22.1
2026-09-14T05:05:00+05:30,2026-09-14 05:05:00,,,,0,0,0,72,0,15.7,0,15.7,28.2,656.6,,0,0,27.1,74,29.4,22.1
2026-09-14T05:00:00+05:30,2026-09-14 05:00:00,,,,0,0,0,72,0,15.7,0,15.7,28.2,656.6,,0,0,27.1,74,29.4,22.1
2026-09-14T04:55:00+05:30,2026-09-14 04:55:00,,,,0,0,0,70,0,15.7,0,15.7,28.2,656.6,,0,0,27.1,74,29.4,22.1
2026-09-14T04:50:00+05:30,2026-09-14 04:50:00,,,,0,0,0,71,0,15.7,0,15.7,28.2,656.6,,0,0,27.1,74,29.4,22.1
2026-09-14T04:45:00+05:30,2026-09-14 04:45:00,,,,0,0,0,78,0,15.7,0,15.7,28.2,656.6,,0,0,27.1,74,29.4,22.1
2026-09-14T04:40:00+05:30,2026-09-14 04:40:00,,,,0,0,0,68,0,15.7,0,15.7,28.2,656.6,,0,0,27.1,74,29.4,22.1
2026-09-14T04:35:00+05:30,2026-09-14 04:35:00,,,,0,0,0,72,0,15.7,0,15.7,28.2,656.6,,0,0,27.1,74,29.4,22.1
2026-09-14T04:30:00+05:30,2026-09-14 04:30:00,,,,0,0,0,71,0,15.7,0,15.7,28.2,656.6,,0,0,27.1,74,29.4,22.1
2026-09-14T04:25:00+05:30,2026-09-14 04:25:00,,,,0,0,0,67,0,15.7,0,15.7,28.2,656.6,,0,0,27.1,74,29.4,22.1
2026-09-14T04:20:00+05:30,2026-09-14 04:20:00,,,,0,0,0,75,0,15.7,0,15.7,28.2,656.6,,0,0,27.1,74,29.4,22.1
2026-09-14T04:15:00+05:30,2026-09-14 04:15:00,,,,0,0,0,73,0,15.7,0,15.7,28.2,656.6,,0,0,27.1,74,29.4,22.1
2026-09-14T04:10:00+05:30,2026-09-14 04:10:00,,,,0,0,0,70,0,15.7,0,15.7,28.2,656.6,,0,0,27.2,74,29.6,22.2
2026-09-14T04:06:00+05:30,2026-09-14 04:06:00,,,,0,0,0,73,0,15.7,0,15.7,28.2,656.6,,0,0,27.1,74,29.4,22.1
2026-09-14T04:00:00+05:30,2026-09-14 04:00:00,,,,0,0,0,62,0,15.7,0,15.7,28.2,656.6,,0,0,27.1,74,29.4,22.1
2026-09-14T03:55:00+05:30,2026-09-14 03:55:00,,,,0,0,0,64,0,15.7,0,15.7,28.2,656.6,,0,0,27.2,74,29.6,22.2
2026-09-14T03:50:00+05:30,2026-09-14 03:50:00,,,,0,0,0,74,0,15.7,0,15.7,28.2,656.6,,0,0,27.2,74,29.6,22.2
2026-09-14T03:45:00+05:30,2026-09-14 03:45:00,,,,0,0,0,77,0,15.7,0,15.7,28.2,656.6,,0,0,27.2,74,29.6,22.2
2026-09-14T03:40:00+05:30,2026-09-14 03:40:00,,,,0,0,0,88,0,15.7,0,15.7,28.2,656.6,,0,0,27.2,73,29.5,21.9
2026-09-14T03:35:00+05:30,2026-09-14 03:35:00,,,,0,0,0,67,0,15.7,0,15.7,28.2,656.6,,0,0,27.2,73,29.5,21.9
2026-09-14T03:30:00+05:30,2026-09-14 03:30:00,,,,0,0,0,71,0,15.7,0,15.7,28.2,656.6,,0,0,27.2,73,29.5,21.9
2026-09-14T03:25:00+05:30,2026-09-14 03:25:00,,,,0,0,0,85,0,15.7,0,15.7,28.2,656.6,,0,0,27.2,73,29.5,21.9
2026-09-14T03:20:00+05:30,2026-09-14 03:20:00,,,,0,0,0,73,0,15.7,0,15.7,28.2,656.6,,0,0,27.2,73,29.5,21.9
2026-09-14T03:15:00+05:30,2026-09-14 03:15:00,,,,0,0,0,74,0,15.7,0,15.7,28.2,656.6,,0,0,27.2,73,29.5,21.9
2026-09-14T03:10:00+05:30,2026-09-14 03:10:00,,,,0,0,0,74,0,15.7,0,15.7,28.2,656.6,,0,0,27.2,73,29.5,21.9
2026-09-14T03:05:00+05:30,2026-09-14 03:05:00,,,,0,0,0,72,0,15.7,0,15.7,28.2,656.6,,0,0,27.2,73,29.5,21.9
2026-09-14T03:00:00+05:30,2026-09-14 03:00:00,,,,0,0,0,79,0,15.7,0,15.7,28.2,656.6,,0,0,27.2,73,29.5,21.9
2026-09-14T02:55:00+05:30,2026-09-14 02:55:00,,,,0,0,0,79,0,15.7,0,15.7,28.2,656.6,,0,0,27.2,73,29.5,21.9
2026-09-14T02:50:00+05:30,2026-09-14 02:50:00,,,,0,0,0,76,0,15.7,0,15.7,28.2,656.6,,0,0,27.2,73,29.5,21.9
2026-09-14T02:45:00+05:30,2026-09-14 02:45:00,,,,0,0,0,84,0,15.7,0,15.7,28.2,656.6,,0,0,27.2,73,29.5,21.9
2026-09-14T02:40:00+05:30,2026-09-14 02:40:00,,,,0,0,0,82,0,15.7,0,15.7,28.2,656.6,,0,0,27.3,73,29.6,22
2026-09-14T02:35:00+05:30,2026-09-14 02:35:00,,,,0,0,0,81,0,15.7,0,15.7,28.2,656.6,,0,0,27.3,73,29.6,22
2026-09-14T02:30:00+05:30,2026-09-14 02:30:00,,,,0,0,0,76,0,15.7,0,15.7,28.2,656.6,,0,0,27.3,73,29.6,22
2026-09-14T02:25:00+05:30,2026-09-14 02:25:00,,,,0,0,0,76,0,15.7,0,15.7,28.2,656.6,,0,0,27.3,73,29.6,22
2026-09-14T02:20:00+05:30,2026-09-14 02:20:00,,,,0,0,0,82,0,15.7,0,15.7,28.2,656.6,,0,0,27.3,73,29.6,22
2026-09-14T02:15:00+05:30,2026-09-14 02:15:00,,,,0,0,0,83,0,15.7,0,15.7,28.2,656.6,,0,0,27.3,73,29.6,22
2026-09-14T02:10:00+05:30,2026-09-14 02:10:00,,,,0,0,0,74,0,15.7,0,15.7,28.2,656.6,,0,0,27.3,73,29.6,22
2026-09-14T02:05:00+05:30,2026-09-14 02:05:00,,,,0,0,0,78,0,15.7,0,15.7,28.2,656.6,,0,0,27.3,72,29.6,21.8
2026-09-14T02:00:00+05:30,2026-09-14 02:00:00,,,,0,0,0,79,0,15.7,0,15.7,28.2,656.6,,0,0,27.3,73,29.6,22
2026-09-14T01:55:00+05:30,2026-09-14 01:55:00,,,,0,0,0,74,0,15.7,0,15.7,28.2,656.6,,0,0,27.3,72,29.6,21.8
2026-09-14T01:50:00+05:30,2026-09-14 01:50:00,,,,0,0,0,74,0,15.7,0,15.7,28.2,656.6,,0,0,27.3,72,29.6,21.8
2026-09-14T01:45:00+05:30,2026-09-14 01:45:00,,,,0,0,0,79,0,15.7,0,15.7,28.2,656.6,,0,0,27.4,72,29.7,21.9
2026-09-14T01:41:00+05:30,2026-09-14 01:41:00,,,,0,0,0,79,0,15.7,0,15.7,28.2,656.6,,0,0,27.4,72,29.7,21.9
2026-09-14T01:35:00+05:30,2026-09-14 01:35:00,,,,0,0,0,80,0,15.7,0,15.7,28.2,656.6,,0,0,27.4,72,29.7,21.9
2026-09-14T01:30:00+05:30,2026-09-14 01:30:00,,,,0,0,0,80,0,15.7,0,15.7,28.2,656.6,,0,0,27.4,72,29.7,21.9
2026-09-14T01:25:00+05:30,2026-09-14 01:25:00,,,,0,0,0,77,0,15.7,0,15.7,28.2,656.6,,0,0,27.4,72,29.7,21.9
2026-09-14T01:20:00+05:30,2026-09-14 01:20:00,,,,0,0,0,78,0,15.7,0,15.7,28.2,656.6,,0,0,27.4,72,29.7,21.9
2026-09-14T01:15:00+05:30,2026-09-14 01:15:00,,,,0,0,0,77,0,15.7,0,15.7,28.2,656.6,,0,0,27.4,72,29.7,21.9
2026-09-14T01:10:00+05:30,2026-09-14 01:10:00,,,,0,0,0,85,0,15.7,0,15.7,28.2,656.6,,0,0,27.4,72,29.7,21.9
2026-09-14T01:05:00+05:30,2026-09-14 01:05:00,,,,0,0,0,78,0,15.7,0,15.7,28.2,656.6,,0,0,27.4,72,29.7,21.9
2026-09-14T01:00:00+05:30,2026-09-14 01:00:00,,,,0,0,0,76,0,15.7,0,15.7,28.2,656.6,,0,0,27.5,72,29.9,22
2026-09-14T00:55:00+05:30,2026-09-14 00:55:00,,,,0,0,0,79,0,15.7,0,15.7,28.2,656.6,,0,0,27.5,72,29.9,22
2026-09-14T00:50:00+05:30,2026-09-14 00:50:00,,,,0,0,0,75,0,15.7,0,15.7,28.2,656.6,,0,0,27.5,72,29.9,22
2026-09-14T00:45:00+05:30,2026-09-14 00:45:00,,,,0,0,0,72,0,15.7,0,15.7,28.2,656.6,,0,0,27.5,72,29.9,22
2026-09-14T00:40:00+05:30,2026-09-14 00:40:00,,,,0,0,0,82,0,15.7,0,15.7,28.2,656.6,,0,0,27.5,71,29.8,21.8
2026-09-14T00:36:00+05:30,2026-09-14 00:36:00,,,,0,0,0,75,0,15.7,0,15.7,28.2,656.6,,0,0,27.5,72,29.9,22
2026-09-14T00:30:00+05:30,2026-09-14 00:30:00,,,,0,0,0,77,0,15.7,0,15.7,28.2,656.6,,0,0,27.5,72,29.9,22
2026-09-14T00:25:00+05:30,2026-09-14 00:25:00,,,,0,0,0,79,0,15.7,0,15.7,28.2,656.6,,0,0,27.5,72,29.9,22
2026-09-14T00:20:00+05:30,2026-09-14 00:20:00,,,,0,0,0,77,0,15.7,0,15.7,28.2,656.6,,0,0,27.5,72,29.9,22
2026-09-14T00:15:00+05:30,2026-09-14 00:15:00,,,,0,0,0,74,0,15.7,0,15.7,28.2,656.6,,0,0,27.5,72,29.9,22
2026-09-14T00:10:00+05:30,2026-09-14 00:10:00,,,,0,0,0,69,0,15.7,0,15.7,28.2,656.6,,0,0,27.5,71,29.8,21.8
2026-09-14T00:05:00+05:30,2026-09-14 00:05:00,,,,0,0,0,75,0,15.7,0,15.7,28.2,656.6,,0,0,27.5,71,29.8,21.8
2026-09-14T00:00:00+05:30,2026-09-14 00:00:00,,,,0,0,0,80,0,15.7,0,15.7,28.2,656.6,,0,0,27.5,71,29.8,21.8
2026-09-13T23:55:00+05:30,2026-09-13 23:55:00,,,,0,0,21.9,80,0,15.7,15.7,15.7,28.2,656.6,,0,0,27.6,71,30.1,21.9
2026-09-13T23:50:00+05:30,2026-09-13 23:50:00,,,,0,0,21.9,78,0,15.7,15.7,15.7,28.2,656.6,,0,0,27.5,71,29.8,21.8
2026-09-13T23:45:00+05:30,2026-09-13 23:45:00,,,,0,0,21.9,79,0,15.7,15.7,15.7,28.2,656.6,,0,0,27.5,71,29.8,21.8
2026-09-13T23:40:00+05:30,2026-09-13 23:40:00,,,,0,0,21.9,76,0,15.7,15.7,15.7,28.2,656.6,,0,0,27.6,71,30.1,21.9
2026-09-13T23:35:00+05:30,2026-09-13 23:35:00,,,,0,0,21.9,77,0,15.7,15.7,15.7,28.2,656.6,,0,0,27.6,71,30.1,21.9
2026-09-13T23:31:00+05:30,2026-09-13 23:31:00,,,,0,0,21.9,75,0,15.7,15.7,15.7,28.2,656.6,,0,0,27.6,71,30.1,21.9
2026-09-13T23:25:00+05:30,2026-09-13 23:25:00,,,,0,0,21.9,70,0,15.7,15.7,15.7,28.2,656.6,,0,0,27.6,71,30.1,21.9
2026-09-13T23:20:00+05:30,2026-09-13 23:20:00,,,,0,0,21.9,75,0,15.7,15.7,15.7,28.2,656.6,,0,0,27.6,71,30.1,21.9
2026-09-13T23:15:00+05:30,2026-09-13 23:15:00,,,,0,0,21.9,73,0,15.7,15.7,15.7,28.2,656.6,,0,0,27.6,71,30.1,21.9
2026-09-13T23:10:00+05:30,2026-09-13 23:10:00,,,,0,0,21.9,59,0,15.7,15.7,15.7,28.2,656.6,,0,0,27.6,71,30.1,21.9
2026-09-13T23:05:00+05:30,2026-09-13 23:05:00,,,,0,0,21.9,74,0,15.7,15.7,15.7,28.2,656.6,,0,0,27.6,70,29.9,21.6
2026-09-13T23:00:00+05:30,2026-09-13 23:00:00,,,,0,0,21.9,82,0,15.7,15.7,15.7,28.2,656.6,,0,0,27.6,70,29.9,21.6
2026-09-13T22:55:00+05:30,2026-09-13 22:55:00,,,,0,0,21.9,75,0,15.7,15.7,15.7,28.2,656.6,,0,0,27.6,70,29.9,21.6
2026-09-13T22:50:00+05:30,2026-09-13 22:50:00,,,,0,0,21.9,80,0,15.7,15.7,15.7,28.2,656.6,,0,0,27.6,70,29.9,21.6
2026-09-13T22:45:00+05:30,2026-09-13 22:45:00,,,,0,0,21.9,79,0,15.7,15.7,15.7,28.2,656.6,,0,0,27.6,70,29.9,21.6
2026-09-13T22:40:00+05:30,2026-09-13 22:40:00,,,,0,0,21.9,79,0,15.7,15.7,15.7,28.2,656.6,,0,0,27.6,70,29.9,21.6
2026-09-13T22:35:00+05:30,2026-09-13 22:35:00,,,,0,0,21.9,75,0,15.7,15.7,15.7,28.2,656.6,,0,0,27.6,70,29.9,21.6
2026-09-13T22:30:00+05:30,2026-09-13 22:30:00,,,,0,0,21.9,79,0,15.7,15.7,15.7,28.2,656.6,,0,0,27.6,70,29.9,21.6
2026-09-13T22:26:00+05:30,2026-09-13 22:26:00,,,,0,0,21.9,72,0,15.7,15.7,15.7,28.2,656.6,,0,0,27.6,70,29.9,21.6
2026-09-13T22:20:00+05:30,2026-09-13 22:20:00,,,,0,0,21.9,80,0,15.7,15.7,15.7,28.2,656.6,,0,0,27.6,70,29.9,21.6
2026-09-13T22:15:00+05:30,2026-09-13 22:15:00,,,,0,0,21.9,69,0,15.7,15.7,15.7,28.2,656.6,,0,0,27.7,70,30.1,21.7
2026-09-13T22:10:00+05:30,2026-09-13 22:10:00,,,,0,0,21.9,79,0,15.7,15.7,15.7,28.2,656.6,,0,0,27.6,70,29.9,21.6
2026-09-13T22:05:00+05:30,2026-09-13 22:05:00,,,,0,0,21.9,80,0,15.7,15.7,15.7,28.2,656.6,,0,0,27.6,70,29.9,21.6
2026-09-13T22:00:00+05:30,2026-09-13 22:00:00,,,,0,0,21.9,77,0,15.7,15.7,15.7,28.2,656.6,,0,0,27.6,70,29.9,21.6
2026-09-13T21:55:00+05:30,2026-09-13 21:55:00,,,,0,0,21.9,80,0,15.7,15.7,15.7,28.2,656.6,,0,0,27.6,70,29.9,21.6
2026-09-13T21:50:00+05:30,2026-09-13 21:50:00,,,,0,0,21.9,77,0,15.7,15.7,15.7,28.2,656.6,,0,0,27.6,70,29.9,21.6
2026-09-13T21:45:00+05:30,2026-09-13 21:45:00,,,,0,0,21.9,78,0,15.7,15.7,15.7,28.2,656.6,,0,0,27.6,70,29.9,21.6
2026-09-13T21:40:00+05:30,2026-09-13 21:40:00,,,,0,0,21.9,79,0,15.7,15.7,15.7,28.2,656.6,,0,0,27.6,70,29.9,21.6
2026-09-13T21:35:00+05:30,2026-09-13 21:35:00,,,,0,0,21.9,55,0,15.7,15.7,15.7,28.2,656.6,,0,0,27.6,69,29.8,21.4
2026-09-13T21:30:00+05:30,2026-09-13 21:30:00,,,,0,0,21.9,86,0,15.7,15.7,15.7,28.2,656.6,,0,0,27.5,69,29.6,21.3
2026-09-13T21:25:00+05:30,2026-09-13 21:25:00,,,,0,0,21.9,68,0,15.7,15.7,15.7,28.2,656.6,,0,0,27.6,69,29.8,21.4
2026-09-13T21:21:00+05:30,2026-09-13 21:21:00,,,,0,0,21.9,84,0,15.7,15.7,15.7,28.2,656.6,,0,0,27.6,69,29.8,21.4
2026-09-13T21:15:00+05:30,2026-09-13 21:15:00,,,,0,0,21.9,99,0,15.7,15.7,15.7,28.2,656.6,,0,0,27.6,69,29.8,21.4
2026-09-13T21:10:00+05:30,2026-09-13 21:10:00,,,,0,0,21.9,67,0,15.7,15.7,15.7,28.2,656.6,,0,0,27.6,69,29.8,21.4
2026-09-13T21:05:00+05:30,2026-09-13 21:05:00,,,,0,0,21.9,89,0,15.7,15.7,15.7,28.2,656.6,,0,0,27.7,69,30,21.5
2026-09-13T21:00:00+05:30,2026-09-13 21:00:00,,,,0,0,21.9,187,0,15.7,15.7,15.7,28.2,656.6,,0,0,27.7,69,30,21.5
2026-09-13T20:55:00+05:30,2026-09-13 20:55:00,,,,0,0,21.9,130,0,15.7,15.7,15.7,28.2,656.6,,0,0,27.8,69,30.1,21.6
2026-09-13T20:50:00+05:30,2026-09-13 20:50:00,,,,0,0,21.9,113,0,15.7,15.7,15.7,28.2,656.6,,0,0,27.8,69,30.1,21.6
2026-09-13T20:45:00+05:30,2026-09-13 20:45:00,,,,0,0,21.9,47,0,15.7,15.7,15.7,28.2,656.6,,0,0,27.8,69,30.1,21.6
2026-09-13T20:40:00+05:30,2026-09-13 20:40:00,,,,0,0,21.9,52,0,15.7,15.7,15.7,28.2,656.6,,0,0,27.8,69,30.1,21.6
2026-09-13T20:35:00+05:30,2026-09-13 20:35:00,,,,0,0,21.9,105,0,15.7,15.7,15.7,28.2,656.6,,0,0,27.9,69,30.3,21.7
2026-09-13T20:30:00+05:30,2026-09-13 20:30:00,,,,0,0,21.9,87,0,15.7,15.7,15.7,28.2,656.6,,0,0,28,69,30.6,21.8
2026-09-13T20:25:00+05:30,2026-09-13 20:25:00,,,,0,0,21.9,94,0,15.7,15.7,15.7,28.2,656.6,,0,0,28,69,30.6,21.8
2026-09-13T20:20:00+05:30,2026-09-13 20:20:00,,,,0,0,21.9,95,0,15.7,15.7,15.7,28.2,656.6,,0,0,28,69,30.6,21.8
2026-09-13T20:15:00+05:30,2026-09-13 20:15:00,,,,0,0,21.9,114,0,15.7,15.7,15.7,28.2,656.6,,0,0,28.1,69,30.7,21.9
2026-09-13T20:10:00+05:30,2026-09-13 20:10:00,,,,0,0,21.9,74,0,15.7,15.7,15.7,28.2,656.6,,0,0,28.1,69,30.7,21.9
2026-09-13T20:05:00+05:30,2026-09-13 20:05:00,,,,0,0,21.9,65,0,15.7,15.7,15.7,28.2,656.6,,0,0,28,69,30.6,21.8
2026-09-13T20:01:00+05:30,2026-09-13 20:01:00,,,,0,0,21.9,77,0,15.7,15.7,15.7,28.2,656.6,,0,0,28,69,30.6,21.8
2026-09-13T19:55:00+05:30,2026-09-13 19:55:00,,,,0,0,21.9,70,0,15.7,15.7,15.7,28.2,656.6,,0,0,28,68,30.4,21.6
2026-09-13T19:50:00+05:30,2026-09-13 19:50:00,,,,0,0,21.9,81,0,15.7,15.7,15.7,28.2,656.6,,0,0,28,69,30.6,21.8
2026-09-13T19:45:00+05:30,2026-09-13 19:45:00,,,,0,0,21.9,112,0,15.7,15.7,15.7,28.2,656.6,,0,0,28,69,30.6,21.8
2026-09-13T19:40:00+05:30,2026-09-13 19:40:00,,,,0,0,21.9,76,1.3,15.7,15.7,15.7,28.2,656.6,,0,0,28,69,30.6,21.8
2026-09-13T19:35:00+05:30,2026-09-13 19:35:00,,,,0,0,21.9,86,1.3,15.7,15.7,15.7,28.2,656.6,,0,0,28,69,30.6,21.8
2026-09-13T19:30:00+05:30,2026-09-13 19:30:00,,,,0,0,21.9,83,0,15.5,15.5,15.5,27.9,656.6,,0,0,27.9,69,30.3,21.7
2026-09-13T19:25:00+05:30,2026-09-13 19:25:00,,,,0,0,21.9,68,1.8,15.5,15.5,15.5,27.9,656.6,,0,0,27.8,69,30.1,21.6
2026-09-13T19:20:00+05:30,2026-09-13 19:20:00,,,,0,0,21.9,64,1.8,15.5,15.5,15.5,27.9,656.6,,0,0,27.7,69,30,21.5
2026-09-13T19:15:00+05:30,2026-09-13 19:15:00,,,,0,3.5,21.9,160,4.3,15.2,15.2,15.2,27.7,656.1,,0,0,27.8,69,30.1,21.6
2026-09-13T19:10:00+05:30,2026-09-13 19:10:00,,,,0.6,3.5,21.9,217,16.8,15.2,15.2,15.2,27.7,656.1,,0,0,27.8,69,30.1,21.6
2026-09-13T19:05:00+05:30,2026-09-13 19:05:00,,,,0,0,21.9,88,21.6,14.2,14.2,14.2,26.7,655.3,,0,0,27.7,69,30,21.5
2026-09-13T19:00:00+05:30,2026-09-13 19:00:00,,,,0,5.5,21.9,66,18.5,12.2,12.2,12.2,24.6,653.3,,0,0,27.5,68,29.5,21.1
2026-09-13T18:56:00+05:30,2026-09-13 18:56:00,,,,0,0,21.9,79,15,10.7,10.7,10.7,23.1,651.5,,0,0,27.4,68,29.3,20.9
2026-09-13T18:50:00+05:30,2026-09-13 18:50:00,,,,0,3.5,21.9,104,7.9,8.9,8.9,8.9,21.3,650,,0,0,27.2,68,29.1,20.8
2026-09-13T18:45:00+05:30,2026-09-13 18:45:00,,,,1.4,7.2,21.9,112,6.1,8.1,8.1,8.1,20.6,649.2,,0,0,27.2,68,29.1,20.8
2026-09-13T18:40:00+05:30,2026-09-13 18:40:00,,,,3.5,13,21.9,195,4.8,7.6,7.6,7.6,20.1,648.7,,0,0,27.2,68,29.1,20.8
2026-09-13T18:35:00+05:30,2026-09-13 18:35:00,,,,2.1,13,21.9,218,1.8,7.1,7.1,7.1,19.6,648.2,,0,0,27.4,67,29.2,20.7
2026-09-13T18:30:00+05:30,2026-09-13 18:30:00,,,,6.1,11.1,21.9,232,1.3,6.9,6.9,6.9,19.3,647.7,,0,0,28.1,66,30.3,21.2
2026-09-13T18:25:00+05:30,2026-09-13 18:25:00,,,,5.5,13,21.9,197,3,6.6,6.6,6.6,19,647.7,,0,0,28.3,66,30.7,21.3
2026-09-13T18:20:00+05:30,2026-09-13 18:20:00,,,,4,7.2,21.9,152,3,6.6,6.6,6.6,19,647.7,,0,0,28.6,65,31.1,21.4
2026-09-13T18:15:00+05:30,2026-09-13 18:15:00,,,,4.7,11.1,21.9,188,3,6.1,6.1,6.1,18.5,647.2,,0,0,29.1,65,32.1,21.8
2026-09-13T18:10:00+05:30,2026-09-13 18:10:00,,,,9.7,13,21.9,210,8.9,5.8,5.8,5.8,18.3,646.7,,0,0,29.6,65,33.1,22.3
2026-09-13T18:05:00+05:30,2026-09-13 18:05:00,,,,9,13,21.9,229,9.7,5.6,5.6,5.6,18,646.7,,0,0.1,30.2,67,34.8,23.4
2026-09-13T18:00:00+05:30,2026-09-13 18:00:00,,,,0,3.5,21.9,103,4.8,4.6,4.6,4.6,17,645.7,,0,0.3,30.4,66,35,23.3
2026-09-13T17:55:00+05:30,2026-09-13 17:55:00,,,,0,5.5,21.9,74,4.3,4.1,4.1,4.1,16.5,644.9,,0,0.4,30.4,66,35,23.3
2026-09-13T17:51:00+05:30,2026-09-13 17:51:00,,,,0,0,21.9,87,7.9,3.8,3.8,3.8,16.3,644.9,,0,0.4,30.5,66,35.2,23.4
2026-09-13T17:45:00+05:30,2026-09-13 17:45:00,,,,0,1.8,21.9,80,6.1,3,3,3,15.5,643.9,,0,0.6,30.5,65,35,23.2
2026-09-13T17:40:00+05:30,2026-09-13 17:40:00,,,,2.1,3.5,21.9,83,6.1,2.5,2.5,2.5,15,643.4,,0,0.7,30.6,65,35.2,23.3
2026-09-13T17:35:00+05:30,2026-09-13 17:35:00,,,,3.5,7.2,21.9,87,8.9,2,2,2,14.5,642.9,,0,0.9,30.6,65,35.2,23.3
2026-09-13T17:30:00+05:30,2026-09-13 17:30:00,,,,1.1,9.3,21.9,95,6.1,1.3,1.3,1.3,13.7,642.1,,0,1.1,30.6,64,35,23
2026-09-13T17:25:00+05:30,2026-09-13 17:25:00,,,,0,3.5,21.9,87,4.3,0.8,0.8,0.8,13.2,641.6,,0,0.8,30.7,64,35.2,23.1
2026-09-13T17:20:00+05:30,2026-09-13 17:20:00,,,,0,3.5,21.9,99,1.3,0.3,0.3,0.3,12.7,641.1,,0,0.9,30.7,64,35.2,23.1
2026-09-13T17:15:00+05:30,2026-09-13 17:15:00,,,,0.6,1.8,21.9,75,0,0,0,0,12.4,641.1,,0,1.1,30.8,63,35.1,22.9
2026-09-13T17:10:00+05:30,2026-09-13 17:10:00,,,,0,5.5,21.9,82,0,0,0,0,12.4,641.1,,0,1.6,30.8,63,35.1,22.9
2026-09-13T17:05:00+05:30,2026-09-13 17:05:00,,,,0,11.1,21.9,92,0,0,0,0,12.4,641.1,,0,3.4,30.9,63,35.4,23
2026-09-13T17:00:00+05:30,2026-09-13 17:00:00,,,,0,5.5,21.9,88,0,0,0,0,12.4,641.1,,0,4.2,30.9,63,35.4,23
2026-09-13T16:55:00+05:30,2026-09-13 16:55:00,,,,0,14.8,21.9,113,0,0,0,0,12.4,641.1,,0,4.8,31,63,35.6,23.1
2026-09-13T16:50:00+05:30,2026-09-13 16:50:00,,,,0,7.2,21.9,94,0,0,0,0,12.4,641.1,,0,5.5,31,63,35.6,23.1
2026-09-13T16:45:00+05:30,2026-09-13 16:45:00,,,,1.1,7.2,21.9,60,0,0,0,0,12.4,641.1,,0,8.4,31,63,35.6,23.1
2026-09-13T16:40:00+05:30,2026-09-13 16:40:00,,,,1.1,7.2,21.9,123,0,0,0,0,12.4,641.1,,0,15.7,31.1,63,35.9,23.2
2026-09-13T16:35:00+05:30,2026-09-13 16:35:00,,,,1.8,5.5,21.9,109,0,0,0,0,12.4,641.1,,0,27.2,31.1,63,35.9,23.2
2026-09-13T16:31:00+05:30,2026-09-13 16:31:00,,,,0.3,3.5,21.9,89,0,0,0,0,12.4,641.1,,0,29.2,31.1,63,35.9,23.2
2026-09-13T16:25:00+05:30,2026-09-13 16:25:00,,,,0.3,1.8,21.9,107,0,0,0,0,12.4,641.1,,0,32.3,31.1,63,35.9,23.2
2026-09-13T16:20:00+05:30,2026-09-13 16:20:00,,,,4.7,7.2,21.9,59,0,1.8,0,0,12.4,641.1,,0,43.4,31.1,63,35.9,23.2
2026-09-13T16:15:00+05:30,2026-09-13 16:15:00,,,,2.1,5.5,21.9,65,0,1.8,0,0,12.4,641.1,,0,52.3,31.1,63,35.9,23.2
2026-09-13T16:10:00+05:30,2026-09-13 16:10:00,,,,4.3,11.1,21.9,105,0,1.8,0,0,12.4,641.1,,0,52.1,31.2,63,36.1,23.3
2026-09-13T16:05:00+05:30,2026-09-13 16:05:00,,,,0,7.2,21.9,52,0,1.8,0,0,12.4,641.1,,0,52.5,31.2,62,35.8,23.1
2026-09-13T16:00:00+05:30,2026-09-13 16:00:00,,,,6.4,9.3,21.9,114,0,1.8,0,0,12.4,641.1,,0,96.7,31.2,62,35.8,23.1
2026-09-13T15:55:00+05:30,2026-09-13 15:55:00,,,,0,7.2,21.9,76,0,1.8,0,0,12.4,641.1,,0,99.4,31.2,62,35.8,23.1
2026-09-13T15:50:00+05:30,2026-09-13 15:50:00,,,,1.8,3.5,21.9,100,0,1.8,0,0,12.4,641.1,,1,140.5,31.3,62,36,23.1
2026-09-13T15:45:00+05:30,2026-09-13 15:45:00,,,,7.9,16.6,21.9,121,0,1.8,0,0,12.4,641.1,,1,177.9,31.3,62,36,23.1
2026-09-13T15:40:00+05:30,2026-09-13 15:40:00,,,,0.6,1.8,21.9,107,0,1.8,0,0,12.4,641.1,,1,187.1,31.3,62,36,23.1
2026-09-13T15:35:00+05:30,2026-09-13 15:35:00,,,,1.1,9.3,21.9,53,0,1.8,0,0,12.4,641.1,,1,168.3,31.3,62,36,23.1
2026-09-13T15:30:00+05:30,2026-09-13 15:30:00,,,,0.6,11.1,21.9,107,0,1.8,0,0,12.4,641.1,,1,158.8,31.3,62,36,23.1
2026-09-13T15:26:00+05:30,2026-09-13 15:26:00,,,,1.1,13,21.9,103,0,1.8,0,0,12.4,641.1,,1,176.4,31.3,62,36,23.1
2026-09-13T15:20:00+05:30,2026-09-13 15:20:00,,,,0.6,9.3,21.9,110,0,1.8,0,0,12.4,641.1,,3,327.9,31.3,62,36,23.1
2026-09-13T15:15:00+05:30,2026-09-13 15:15:00,,,,4.7,14.8,21.9,143,0,1.8,0,0,12.4,641.1,,4,436.3,31.3,62,36,23.1
2026-09-13T15:10:00+05:30,2026-09-13 15:10:00,,,,1.4,3.5,21.9,88,0,1.8,0,0,12.4,641.1,,4,445.2,31.3,62,36,23.1
2026-09-13T15:05:00+05:30,2026-09-13 15:05:00,,,,0.3,9.3,21.9,65,0,1.8,0,0,12.4,641.1,,3,372.5,31.3,62,36,23.1
2026-09-13T15:00:00+05:30,2026-09-13 15:00:00,,,,1.1,5.5,21.9,72,0,1.8,0,0,12.4,641.1,,2,225.1,31.3,61,35.7,22.8
2026-09-13T14:55:00+05:30,2026-09-13 14:55:00,,,,0,13,21.9,91,0,1.8,0,0,12.4,641.1,,2,251,31.3,61,35.7,22.8
2026-09-13T14:50:00+05:30,2026-09-13 14:50:00,,,,0,9.3,21.9,162,0,1.8,0,0,12.4,641.1,,2,240.3,31.3,61,35.7,22.8
2026-09-13T14:45:00+05:30,2026-09-13 14:45:00,,,,1.4,3.5,21.9,124,0,1.8,0,0,12.4,641.1,,3,320.7,31.3,61,35.7,22.8
2026-09-13T14:40:00+05:30,2026-09-13 14:40:00,,,,0,11.1,21.9,95,0,1.8,0,0,12.4,641.1,,3,374,31.2,61,35.6,22.8
2026-09-13T14:35:00+05:30,2026-09-13 14:35:00,,,,8.2,14.8,21.9,100,0,1.8,0,0,12.4,641.1,,3,377.9,31.2,62,35.8,23.1
2026-09-13T14:30:00+05:30,2026-09-13 14:30:00,,,,6.1,13,21.9,78,0,1.8,0,0,12.4,641.1,,4,428.6,31.2,62,35.8,23.1
2026-09-13T14:25:00+05:30,2026-09-13 14:25:00,,,,0,1.8,21.9,97,0,1.8,0,0,12.4,641.1,,2,270.9,31.1,62,35.6,22.9
2026-09-13T14:20:00+05:30,2026-09-13 14:20:00,,,,3.2,5.5,21.9,125,0,1.8,0,0,12.4,641.1,,3,323.1,31.1,62,35.6,22.9
2026-09-13T14:16:00+05:30,2026-09-13 14:16:00,,,,5,11.1,21.9,61,0,1.8,0,0,12.4,641.1,,3,380.9,31.1,62,35.6,22.9
2026-09-13T14:10:00+05:30,2026-09-13 14:10:00,,,,0,7.2,21.9,81,0,1.8,0,0,12.4,641.1,,3,402.2,31.1,62,35.6,22.9
2026-09-13T14:05:00+05:30,2026-09-13 14:05:00,,,,0,1.8,21.9,80,0,1.8,0,0,12.4,641.1,,2,306.1,31,62,35.3,22.8
2026-09-13T14:00:00+05:30,2026-09-13 14:00:00,,,,0.3,9.3,21.9,114,0,1.8,0,0,12.4,641.1,,3,314.4,31,62,35.3,22.8
2026-09-13T13:55:00+05:30,2026-09-13 13:55:00,,,,13,16.6,21.9,96,0,1.8,0,0,12.4,641.1,,3,405.6,31,62,35.3,22.8
2026-09-13T13:50:00+05:30,2026-09-13 13:50:00,,,,2.6,13,21.9,82,0,1.8,0,0,12.4,641.1,,3,364.7,31,62,35.3,22.8
2026-09-13T13:45:00+05:30,2026-09-13 13:45:00,,,,7.9,16.6,21.9,89,0,1.8,0,0,12.4,641.1,,1,196.7,30.9,62,35.1,22.7
2026-09-13T13:40:00+05:30,2026-09-13 13:40:00,,,,0,11.1,21.9,77,0,1.8,0,0,12.4,641.1,,2,226.1,30.9,62,35.1,22.7
2026-09-13T13:35:00+05:30,2026-09-13 13:35:00,,,,8.7,13,21.9,97,0,1.8,0,0,12.4,641.1,,2,296.2,30.8,62,34.9,22.6
2026-09-13T13:30:00+05:30,2026-09-13 13:30:00,,,,0,13,21.9,49,0,1.8,0,0,12.4,641.1,,9,923.9,30.8,62,34.9,22.6
2026-09-13T13:25:00+05:30,2026-09-13 13:25:00,,,,1.1,9.3,21.9,132,0,1.8,0,0,12.4,641.1,,5,548.5,30.7,62,34.7,22.6
2026-09-13T13:20:00+05:30,2026-09-13 13:20:00,,,,0,13,21.9,91,0,1.8,0,0,12.4,641.1,,3,408.6,30.7,62,34.7,22.6
2026-09-13T13:15:00+05:30,2026-09-13 13:15:00,,,,3.5,7.2,21.9,92,0,1.8,0,0,12.4,641.1,,3,409.9,30.7,63,35,22.8
2026-09-13T13:10:00+05:30,2026-09-13 13:10:00,,,,5,7.2,21.9,90,0,1.8,0,0,12.4,641.1,,7,761.7,30.6,62,34.5,22.5
2026-09-13T13:06:00+05:30,2026-09-13 13:06:00,,,,0,7.2,21.9,62,0,1.8,0,0,12.4,641.1,,8,844.9,30.5,63,34.5,22.7
2026-09-13T13:00:00+05:30,2026-09-13 13:00:00,,,,4.3,14.8,21.9,89,0,1.8,0,0,12.4,641.1,,8,883.3,30.5,63,34.5,22.7
2026-09-13T12:55:00+05:30,2026-09-13 12:55:00,,,,2.9,21.9,21.9,102,0,1.8,0,0,12.4,641.1,,8,900.8,30.4,63,34.3,22.6
2026-09-13T12:50:00+05:30,2026-09-13 12:50:00,,,,8.2,13,16.6,43,0,1.8,0,0,12.4,641.1,,8,898.5,30.4,63,34.3,22.6
2026-09-13T12:45:00+05:30,2026-09-13 12:45:00,,,,8.7,11.1,16.6,125,0,1.8,0,0,12.4,641.1,,5,562.9,30.3,64,34.3,22.7
2026-09-13T12:40:00+05:30,2026-09-13 12:40:00,,,,0.6,5.5,16.6,96,0,1.8,0,0,12.4,641.1,,8,912.5,30.2,64,34.1,22.7
2026-09-13T12:35:00+05:30,2026-09-13 12:35:00,,,,0,0,16.6,35,0,1.8,0,0,12.4,641.1,,8,886.7,30.2,64,34.1,22.7
2026-09-13T12:30:00+05:30,2026-09-13 12:30:00,,,,2.1,11.1,16.6,95,0,1.8,0,0,12.4,641.1,,8,916,30.1,64,33.9,22.6
2026-09-13T12:25:00+05:30,2026-09-13 12:25:00,,,,0.3,9.3,16.6,73,0,1.8,0,0,12.4,641.1,,9,941,30,64,33.7,22.4
2026-09-13T12:20:00+05:30,2026-09-13 12:20:00,,,,3.5,9.3,16.6,92,0,1.8,0,0,12.4,641.1,,3,355.9,30,64,33.7,22.4
2026-09-13T12:15:00+05:30,2026-09-13 12:15:00,,,,2.9,13,16.6,79,0,1.8,0,0,12.4,641.1,,9,982.8,29.9,65,33.7,22.6
2026-09-13T12:10:00+05:30,2026-09-13 12:10:00,,,,0.3,7.2,16.6,92,0,1.8,0,0,12.4,641.1,,9,943.8,29.9,65,33.7,22.6
2026-09-13T12:05:00+05:30,2026-09-13 12:05:00,,,,1.4,5.5,16.6,99,0,1.8,0,0,12.4,641.1,,9,961.3,29.7,64,33.1,22.2
2026-09-13T12:01:00+05:30,2026-09-13 12:01:00,,,,4.3,9.3,16.6,92,0,1.8,0,0,12.4,641.1,,9,996.8,29.7,65,33.3,22.4
2026-09-13T11:55:00+05:30,2026-09-13 11:55:00,,,,5.8,7.2,16.6,81,0,1.8,0,0,12.4,641.1,,2,306.5,29.6,65,33.1,22.3
2026-09-13T11:50:00+05:30,2026-09-13 11:50:00,,,,3.2,9.3,16.6,38,0,1.8,0,0,12.4,641.1,,9,984,29.5,65,32.8,22.2
2026-09-13T11:45:00+05:30,2026-09-13 11:45:00,,,,0.3,1.8,16.6,38,0,1.8,0,0,12.4,641.1,,9,959.9,29.5,65,32.8,22.2
2026-09-13T11:40:00+05:30,2026-09-13 11:40:00,,,,1.1,9.3,16.6,93,0,1.8,0,0,12.4,641.1,,9,947.2,29.4,66,32.8,22.3
2026-09-13T11:35:00+05:30,2026-09-13 11:35:00,,,,4.7,11.1,16.6,110,0,1.8,0,0,12.4,641.1,,9,933.4,29.3,66,32.6,22.3
2026-09-13T11:30:00+05:30,2026-09-13 11:30:00,,,,3.5,9.3,16.6,137,0,1.8,0,0,12.4,641.1,,9,958.4,29.3,66,32.6,22.3
2026-09-13T11:25:00+05:30,2026-09-13 11:25:00,,,,9.3,14.8,16.6,130,0,1.8,0,0,12.4,641.1,,7,732.1,29.3,67,32.8,22.5
2026-09-13T11:20:00+05:30,2026-09-13 11:20:00,,,,0,3.5,16.6,85,0,1.8,0,0,12.4,641.1,,3,312.3,29.2,67,32.7,22.4
2026-09-13T11:15:00+05:30,2026-09-13 11:15:00,,,,4,9.3,16.6,100,0,1.8,0,0,12.4,641.1,,5,516.8,29.2,67,32.7,22.4
2026-09-13T11:10:00+05:30,2026-09-13 11:10:00,,,,7.9,13,16.6,118,0,1.8,0,0,12.4,641.1,,3,402.2,29.2,68,32.8,22.7
2026-09-13T11:05:00+05:30,2026-09-13 11:05:00,,,,0.3,5.5,16.6,87,0,1.8,0,0,12.4,641.1,,2,301.1,29.1,68,32.6,22.6
2026-09-13T11:00:00+05:30,2026-09-13 11:00:00,,,,3.5,14.8,16.6,95,0,1.8,0,0,12.4,641.1,,9,947.8,29.1,68,32.6,22.6
2026-09-13T10:55:00+05:30,2026-09-13 10:55:00,,,,2.1,7.2,16.6,290,0,1.8,0,0,12.4,641.1,,8,900,29,68,32.4,22.5
2026-09-13T10:50:00+05:30,2026-09-13 10:50:00,,,,0.3,7.2,16.6,101,0,1.8,0,0,12.4,641.1,,8,891.3,28.9,69,32.3,22.6
2026-09-13T10:45:00+05:30,2026-09-13 10:45:00,,,,4.7,7.2,16.6,85,0,1.8,0,0,12.4,641.1,,8,910.3,28.8,69,32.1,22.5
2026-09-13T10:40:00+05:30,2026-09-13 10:40:00,,,,5,7.2,16.6,89,0,1.8,0,0,12.4,641.1,,7,820.1,28.8,69,32.1,22.5
2026-09-13T10:35:00+05:30,2026-09-13 10:35:00,,,,1.4,7.2,16.6,73,0,1.8,0,0,12.4,641.1,,8,876.7,28.7,69,31.9,22.4
2026-09-13T10:30:00+05:30,2026-09-13 10:30:00,,,,0,9.3,14.8,136,0,1.8,0,0,12.4,641.1,,8,835.8,28.6,70,31.9,22.6
2026-09-13T10:25:00+05:30,2026-09-13 10:25:00,,,,0.3,9.3,14.8,83,0,1.8,0,0,12.4,641.1,,8,867.3,28.6,70,31.9,22.6
2026-09-13T10:20:00+05:30,2026-09-13 10:20:00,,,,7.2,11.1,14.8,91,0,1.8,0,0,12.4,641.1,,3,392.1,28.5,70,31.7,22.5
2026-09-13T10:15:00+05:30,2026-09-13 10:15:00,,,,0,11.1,14.8,75,0,1.8,0,0,12.4,641.1,,7,798.5,28.5,70,31.7,22.5
2026-09-13T10:10:00+05:30,2026-09-13 10:10:00,,,,0,9.3,14.8,78,0,1.8,0,0,12.4,641.1,,6,666.8,28.4,70,31.4,22.4
2026-09-13T10:05:00+05:30,2026-09-13 10:05:00,,,,0.3,11.1,14.8,58,0,1.8,0,0,12.4,641.1,,7,764.2,28.4,70,31.4,22.4
2026-09-13T10:00:00+05:30,2026-09-13 10:00:00,,,,2.1,11.1,14.8,105,0,1.8,0,0,12.4,641.1,,4,435.7,28.4,70,31.4,22.4
2026-09-13T09:55:00+05:30,2026-09-13 09:55:00,,,,10.8,14.8,14.8,101,0,1.8,0,0,12.4,641.1,,6,646.7,28.3,70,31.2,22.3
2026-09-13T09:50:00+05:30,2026-09-13 09:50:00,,,,0,11.1,14.8,80,0,1.8,0,0,12.4,641.1,,2,269.1,28.3,70,31.2,22.3
2026-09-13T09:45:00+05:30,2026-09-13 09:45:00,,,,0,5.5,14.8,75,0,1.8,0,0,12.4,641.1,,2,251.3,28.2,70,31.1,22.2
2026-09-13T09:40:00+05:30,2026-09-13 09:40:00,,,,3.2,11.1,14.8,89,0,1.8,0,0,12.4,641.1,,4,433.8,28.2,71,31.2,22.4
2026-09-13T09:36:00+05:30,2026-09-13 09:36:00,,,,0.3,11.1,13,93,0,1.8,0,0,12.4,641.1,,1,203,28.2,71,31.2,22.4
2026-09-13T09:30:00+05:30,2026-09-13 09:30:00,,,,4.3,5.5,13,48,0,1.8,0,0,12.4,641.1,,3,328.6,28.1,71,31,22.3
2026-09-13T09:25:00+05:30,2026-09-13 09:25:00,,,,0.3,11.1,13,116,0,1.8,0,0,12.4,641.1,,2,218.1,28.1,71,31,22.3
2026-09-13T09:20:00+05:30,2026-09-13 09:20:00,,,,6.1,9.3,13,66,0,1.8,0,0,12.4,641.1,,2,246.5,28.1,71,31,22.3
2026-09-13T09:15:00+05:30,2026-09-13 09:15:00,,,,5.5,9.3,13,73,0,1.8,0,0,12.4,641.1,,1,144.6,28.1,71,31,22.3
2026-09-13T09:10:00+05:30,2026-09-13 09:10:00,,,,6.1,7.2,13,97,0,1.8,0,0,12.4,641.1,,1,153.9,28,71,30.8,22.2
2026-09-13T09:05:00+05:30,2026-09-13 09:05:00,,,,0,5.5,13,97,0,1.8,0,0,12.4,641.1,,1,139.4,28,71,30.8,22.2
2026-09-13T09:00:00+05:30,2026-09-13 09:00:00,,,,3.5,11.1,13,33,0,1.8,0,0,12.4,641.1,,1,141.7,28,71,30.8,22.2
2026-09-13T08:55:00+05:30,2026-09-13 08:55:00,,,,11.1,13,13,92,0,1.8,0,0,12.4,641.1,,4,506.6,27.9,71,30.6,22.1
2026-09-13T08:50:00+05:30,2026-09-13 08:50:00,,,,0,3.5,13,77,0,1.8,0,0,12.4,641.1,,2,223.3,27.9,71,30.6,22.1
2026-09-13T08:45:00+05:30,2026-09-13 08:45:00,,,,4.7,13,13,125,0,1.8,0,0,12.4,641.1,,2,264.7,27.9,71,30.6,22.1
2026-09-13T08:40:00+05:30,2026-09-13 08:40:00,,,,6.1,11.1,11.1,90,0,1.8,0,0,12.4,641.1,,1,143,27.8,71,30.4,22
2026-09-13T08:35:00+05:30,2026-09-13 08:35:00,,,,8.7,9.3,11.1,83,0,1.8,0,0,12.4,641.1,,1,192.7,27.8,71,30.4,22
2026-09-13T08:31:00+05:30,2026-09-13 08:31:00,,,,2.9,7.2,11.1,94,0,1.8,0,0,12.4,641.1,,1,155.3,27.8,71,30.4,22
2026-09-13T08:25:00+05:30,2026-09-13 08:25:00,,,,0,0,11.1,71,0,1.8,0,0,12.4,641.1,,1,188.6,27.8,71,30.4,22
2026-09-13T08:20:00+05:30,2026-09-13 08:20:00,,,,4,7.2,11.1,78,0,1.8,0,0,12.4,641.1,,2,218,27.8,71,30.4,22
2026-09-13T08:15:00+05:30,2026-09-13 08:15:00,,,,3.2,11.1,11.1,101,0,1.8,0,0,12.4,641.1,,1,122.8,27.8,71,30.4,22
2026-09-13T08:10:00+05:30,2026-09-13 08:10:00,,,,0,5.5,11.1,87,0,1.8,0,0,12.4,641.1,,1,112.2,27.7,71,30.3,21.9
2026-09-13T08:05:00+05:30,2026-09-13 08:05:00,,,,0,7.2,11.1,106,0,1.8,0,0,12.4,641.1,,1,120.6,27.7,71,30.3,21.9
2026-09-13T08:00:00+05:30,2026-09-13 08:00:00,,,,0,7.2,11.1,92,0,1.8,0,0,12.4,641.1,,1,164.3,27.7,71,30.3,21.9
2026-09-13T07:55:00+05:30,2026-09-13 07:55:00,,,,0,3.5,11.1,99,0,1.8,0,0,12.4,641.1,,1,183.6,27.7,71,30.3,21.9
2026-09-13T07:50:00+05:30,2026-09-13 07:50:00,,,,0,1.8,11.1,106,0,1.8,0,0,12.4,641.1,,1,124.7,27.7,71,30.3,21.9
2026-09-13T07:45:00+05:30,2026-09-13 07:45:00,,,,0,0,11.1,82,0,1.8,0,0,12.4,641.1,,0,95.5,27.7,71,30.3,21.9
2026-09-13T07:40:00+05:30,2026-09-13 07:40:00,,,,0,0,11.1,111,0,1.8,0,0,12.4,641.1,,1,125.2,27.7,71,30.3,21.9
2026-09-13T07:35:00+05:30,2026-09-13 07:35:00,,,,0.3,3.5,11.1,68,0,1.8,0,0,12.4,641.1,,0,102,27.7,71,30.3,21.9
2026-09-13T07:30:00+05:30,2026-09-13 07:30:00,,,,0,0,11.1,68,0,1.8,0,0,12.4,641.1,,0,93.7,27.7,71,30.3,21.9
2026-09-13T07:26:00+05:30,2026-09-13 07:26:00,,,,0.6,3.5,11.1,91,0,1.8,0,0,12.4,641.1,,1,109.8,27.7,71,30.3,21.9
2026-09-13T07:20:00+05:30,2026-09-13 07:20:00,,,,0.3,3.5,11.1,86,0,1.8,0,0,12.4,641.1,,0,81.4,27.7,71,30.3,21.9
2026-09-13T07:15:00+05:30,2026-09-13 07:15:00,,,,0,3.5,11.1,78,0,1.8,0,0,12.4,641.1,,1,144.6,27.7,71,30.3,21.9
2026-09-13T07:10:00+05:30,2026-09-13 07:10:00,,,,6.4,7.2,11.1,93,0,1.8,0,0,12.4,641.1,,1,131.1,27.6,71,30.1,21.9
2026-09-13T07:05:00+05:30,2026-09-13 07:05:00,,,,0,1.8,11.1,77,0,1.8,0,0,12.4,641.1,,1,106,27.6,71,30.1,21.9
2026-09-13T07:00:00+05:30,2026-09-13 07:00:00,,,,1.4,11.1,11.1,106,0,1.8,0,0,12.4,641.1,,1,117,27.6,71,30.1,21.9
2026-09-13T06:55:00+05:30,2026-09-13 06:55:00,,,,0,7.2,11.1,79,0,1.8,0,0,12.4,641.1,,0,93.2,27.5,70,29.7,21.5
2026-09-13T06:50:00+05:30,2026-09-13 06:50:00,,,,4.7,9.3,11.1,93,0,1.8,0,0,12.4,641.1,,0,60.2,27.5,70,29.7,21.5
2026-09-13T06:45:00+05:30,2026-09-13 06:45:00,,,,0,0,11.1,79,0,1.8,0,0,12.4,641.1,,0,48.9,27.5,70,29.7,21.5
2026-09-13T06:40:00+05:30,2026-09-13 06:40:00,,,,0,1.8,11.1,72,0,1.8,0,0,12.4,641.1,,0,36.9,27.6,70,29.9,21.6
2026-09-13T06:35:00+05:30,2026-09-13 06:35:00,,,,2.9,3.5,11.1,64,0,1.8,0,0,12.4,641.1,,0,36.5,27.6,70,29.9,21.6
2026-09-13T06:30:00+05:30,2026-09-13 06:30:00,,,,0,7.2,11.1,90,0,1.8,0,0,12.4,641.1,,0,30.3,27.6,70,29.9,21.6
2026-09-13T06:25:00+05:30,2026-09-13 06:25:00,,,,0,5.5,11.1,80,0,1.8,0,0,12.4,641.1,,0,24.9,27.6,70,29.9,21.6
2026-09-13T06:20:00+05:30,2026-09-13 06:20:00,,,,1.1,3.5,11.1,89,0,1.8,0,0,12.4,641.1,,0,20.4,27.6,70,29.9,21.6
2026-09-13T06:15:00+05:30,2026-09-13 06:15:00,,,,6.9,11.1,11.1,111,0,1.8,0,0,12.4,641.1,,0,16,27.7,70,30.1,21.7
2026-09-13T06:10:00+05:30,2026-09-13 06:10:00,,,,0,7.2,11.1,84,0,1.8,0,0,12.4,641.1,,0,11.2,27.7,70,30.1,21.7
2026-09-13T06:06:00+05:30,2026-09-13 06:06:00,,,,0,5.5,11.1,77,0,1.8,0,0,12.4,641.1,,0,7.6,27.7,70,30.1,21.7
2026-09-13T06:00:00+05:30,2026-09-13 06:00:00,,,,5.8,7.2,11.1,109,0,1.8,0,0,12.4,641.1,,0,4,27.7,70,30.1,21.7
2026-09-13T05:55:00+05:30,2026-09-13 05:55:00,,,,1.1,7.2,11.1,79,0,1.8,0,0,12.4,641.1,,0,1.8,27.8,70,30.2,21.8
2026-09-13T05:50:00+05:30,2026-09-13 05:50:00,,,,0.3,5.5,11.1,62,0,1.8,0,0,12.4,641.1,,0,0.6,27.8,70,30.2,21.8
2026-09-13T05:45:00+05:30,2026-09-13 05:45:00,,,,0,0,11.1,62,0,1.8,0,0,12.4,641.1,,0,0.2,27.8,70,30.2,21.8
2026-09-13T05:40:00+05:30,2026-09-13 05:40:00,,,,0,0,11.1,72,0,1.8,0,0,12.4,641.1,,0,0,27.9,70,30.4,21.9
2026-09-13T05:35:00+05:30,2026-09-13 05:35:00,,,,0,0,11.1,71,0,1.8,0,0,12.4,641.1,,0,0,27.8,70,30.2,21.8
2026-09-13T05:30:00+05:30,2026-09-13 05:30:00,,,,0,0,11.1,72,0,1.8,0,0,12.4,641.1,,0,0,27.9,70,30.4,21.9
2026-09-13T05:25:00+05:30,2026-09-13 05:25:00,,,,0,0,11.1,68,0,1.8,0,0,12.4,641.1,,0,0,27.9,70,30.4,21.9
2026-09-13T05:20:00+05:30,2026-09-13 05:20:00,,,,0,0,11.1,72,0,1.8,0,0,12.4,641.1,,0,0,27.9,70,30.4,21.9
2026-09-13T05:15:00+05:30,2026-09-13 05:15:00,,,,0,0,11.1,72,0,1.8,0,0,12.4,641.1,,0,0,27.9,70,30.4,21.9
2026-09-13T05:10:00+05:30,2026-09-13 05:10:00,,,,0,0,11.1,67,0,1.8,0,0,12.4,641.1,,0,0,27.9,70,30.4,21.9
2026-09-13T05:05:00+05:30,2026-09-13 05:05:00,,,,0,0,11.1,62,0,1.8,0,0,12.4,641.1,,0,0,27.9,70,30.4,21.9
2026-09-13T05:01:00+05:30,2026-09-13 05:01:00,,,,0,0,11.1,71,0,1.8,0,0,12.4,641.1,,0,0,27.9,70,30.4,21.9
2026-09-13T04:55:00+05:30,2026-09-13 04:55:00,,,,0,0,11.1,86,0,1.8,0,0,12.4,641.1,,0,0,27.9,70,30.4,21.9
2026-09-13T04:50:00+05:30,2026-09-13 04:50:00,,,,0,0,11.1,77,0,1.8,0,0,12.4,641.1,,0,0,28,70,30.7,22
2026-09-13T04:45:00+05:30,2026-09-13 04:45:00,,,,0,0,11.1,70,0,1.8,0,0,12.4,641.1,,0,0,28,70,30.7,22
2026-09-13T04:40:00+05:30,2026-09-13 04:40:00,,,,0,0,11.1,70,0,1.8,0,0,12.4,641.1,,0,0,28,70,30.7,22
2026-09-13T04:35:00+05:30,2026-09-13 04:35:00,,,,0,0,11.1,68,0,1.8,0,0,12.4,641.1,,0,0,28,70,30.7,22
2026-09-13T04:30:00+05:30,2026-09-13 04:30:00,,,,0,0,11.1,71,0,1.8,0,0,12.4,641.1,,0,0,28,70,30.7,22
2026-09-13T04:25:00+05:30,2026-09-13 04:25:00,,,,0,0,11.1,56,0,1.8,0,0,12.4,641.1,,0,0,28,70,30.7,22
2026-09-13T04:20:00+05:30,2026-09-13 04:20:00,,,,0,0,11.1,71,0,1.8,0,0,12.4,641.1,,0,0,28,70,30.7,22
2026-09-13T04:15:00+05:30,2026-09-13 04:15:00,,,,0,0,11.1,69,0,1.8,0,0,12.4,641.1,,0,0,28,70,30.7,22
2026-09-13T04:10:00+05:30,2026-09-13 04:10:00,,,,0,0,11.1,73,0,1.8,0,0,12.4,641.1,,0,0,28,70,30.7,22
2026-09-13T04:05:00+05:30,2026-09-13 04:05:00,,,,0,0,11.1,82,0,1.8,0,0,12.4,641.1,,0,0,28,70,30.7,22
2026-09-13T04:00:00+05:30,2026-09-13 04:00:00,,,,0,0,11.1,76,0,1.8,0,0,12.4,641.1,,0,0,28.1,70,30.9,22.1
2026-09-13T03:56:00+05:30,2026-09-13 03:56:00,,,,0,0,11.1,73,0,1.8,0,0,12.4,641.1,,0,0,28.1,70,30.9,22.1
2026-09-13T03:50:00+05:30,2026-09-13 03:50:00,,,,0,0,11.1,75,0,1.8,0,0,12.4,641.1,,0,0,28.1,70,30.9,22.1
2026-09-13T03:45:00+05:30,2026-09-13 03:45:00,,,,0,0,11.1,83,0,1.8,0,0,12.4,641.1,,0,0,28.1,70,30.9,22.1
2026-09-13T03:40:00+05:30,2026-09-13 03:40:00,,,,0,0,11.1,87,0,1.8,0,0,12.4,641.1,,0,0,28.1,70,30.9,22.1
2026-09-13T03:35:00+05:30,2026-09-13 03:35:00,,,,0,0,11.1,82,0,1.8,0,0,12.4,641.1,,0,0,28.1,70,30.9,22.1
2026-09-13T03:30:00+05:30,2026-09-13 03:30:00,,,,0,0,11.1,75,0,1.8,0,0,12.4,641.1,,0,0,28.1,70,30.9,22.1
2026-09-13T03:25:00+05:30,2026-09-13 03:25:00,,,,0,0,11.1,77,0,1.8,0,0,12.4,641.1,,0,0,28.1,70,30.9,22.1
2026-09-13T03:20:00+05:30,2026-09-13 03:20:00,,,,0,0,11.1,80,0,1.8,0,0,12.4,641.1,,0,0,28.1,70,30.9,22.1
2026-09-13T03:15:00+05:30,2026-09-13 03:15:00,,,,0,0,11.1,53,0,1.8,0,0,12.4,641.1,,0,0,28.1,70,30.9,22.1
2026-09-13T03:10:00+05:30,2026-09-13 03:10:00,,,,0,0,11.1,88,0,1.8,0,0,12.4,641.1,,0,0,28.1,70,30.9,22.1
2026-09-13T03:05:00+05:30,2026-09-13 03:05:00,,,,0,0,11.1,77,0,1.8,0,0,12.4,641.1,,0,0,28.1,70,30.9,22.1
2026-09-13T03:00:00+05:30,2026-09-13 03:00:00,,,,0,0,11.1,80,0,1.8,0,0,12.4,641.1,,0,0,28.2,70,31.1,22.2
2026-09-13T02:55:00+05:30,2026-09-13 02:55:00,,,,0,7.2,11.1,108,0,1.8,0,0,12.4,641.1,,0,0,28.2,70,31.1,22.2
2026-09-13T02:50:00+05:30,2026-09-13 02:50:00,,,,5,7.2,11.1,71,0,1.8,0,0,12.4,641.1,,0,0,28.2,70,31.1,22.2
2026-09-13T02:45:00+05:30,2026-09-13 02:45:00,,,,0,0,11.1,79,0,1.8,0,0,12.4,641.1,,0,0,28.2,70,31.1,22.2
2026-09-13T02:40:00+05:30,2026-09-13 02:40:00,,,,0,1.8,11.1,83,0,1.8,0,0,12.4,641.1,,0,0,28.2,70,31.1,22.2
2026-09-13T02:35:00+05:30,2026-09-13 02:35:00,,,,0,0,11.1,82,0,1.8,0,0,12.4,641.1,,0,0,28.2,70,31.1,22.2
2026-09-13T02:30:00+05:30,2026-09-13 02:30:00,,,,1.4,7.2,11.1,99,0,1.8,0,0,12.4,641.1,,0,0,28.2,70,31.1,22.2
2026-09-13T02:25:00+05:30,2026-09-13 02:25:00,,,,0,1.8,11.1,78,0,1.8,0,0,12.4,641.1,,0,0,28.3,70,31.2,22.3
2026-09-13T02:20:00+05:30,2026-09-13 02:20:00,,,,0,5.5,11.1,74,0,1.8,0,0,12.4,641.1,,0,0,28.3,70,31.2,22.3
2026-09-13T02:15:00+05:30,2026-09-13 02:15:00,,,,3.2,9.3,11.1,52,0,1.8,0,0,12.4,641.1,,0,0,28.3,70,31.2,22.3
2026-09-13T02:10:00+05:30,2026-09-13 02:10:00,,,,0,7.2,11.1,82,0,1.8,0,0,12.4,641.1,,0,0,28.4,70,31.4,22.4
2026-09-13T02:05:00+05:30,2026-09-13 02:05:00,,,,0,11.1,11.1,125,0,1.8,0,0,12.4,641.1,,0,0,28.4,69,31.3,22.2
2026-09-13T02:00:00+05:30,2026-09-13 02:00:00,,,,0,7.2,11.1,98,0,1.8,0,0,12.4,641.1,,0,0,28.4,69,31.3,22.2
2026-09-13T01:55:00+05:30,2026-09-13 01:55:00,,,,0,9.3,11.1,81,0,1.8,0,0,12.4,641.1,,0,0,28.4,69,31.3,22.2
2026-09-13T01:50:00+05:30,2026-09-13 01:50:00,,,,0,0,11.1,85,0,1.8,0,0,12.4,641.1,,0,0,28.5,69,31.5,22.2
2026-09-13T01:45:00+05:30,2026-09-13 01:45:00,,,,2.1,9.3,11.1,108,0,1.8,0,0,12.4,641.1,,0,0,28.5,69,31.5,22.2
2026-09-13T01:40:00+05:30,2026-09-13 01:40:00,,,,0,7.2,11.1,83,0,1.8,0,0,12.4,641.1,,0,0,28.5,69,31.5,22.2
2026-09-13T01:35:00+05:30,2026-09-13 01:35:00,,,,0,3.5,11.1,82,0,1.8,0,0,12.4,641.1,,0,0,28.5,69,31.5,22.2
2026-09-13T01:31:00+05:30,2026-09-13 01:31:00,,,,6.4,11.1,11.1,88,0,1.8,0,0,12.4,641.1,,0,0,28.5,69,31.5,22.2
2026-09-13T01:25:00+05:30,2026-09-13 01:25:00,,,,0,0,11.1,80,0,1.8,0,0,12.4,641.1,,0,0,28.5,69,31.5,22.2
2026-09-13T01:20:00+05:30,2026-09-13 01:20:00,,,,0,0,11.1,81,0,1.8,0,0,12.4,641.1,,0,0,28.6,69,31.7,22.3
2026-09-13T01:15:00+05:30,2026-09-13 01:15:00,,,,0,0,11.1,106,0,1.8,0,0,12.4,641.1,,0,0,28.6,69,31.7,22.3
2026-09-13T01:10:00+05:30,2026-09-13 01:10:00,,,,0,3.5,11.1,79,0,1.8,0,0,12.4,641.1,,0,0,28.6,69,31.7,22.3
2026-09-13T01:05:00+05:30,2026-09-13 01:05:00,,,,5.5,9.3,11.1,92,0,1.8,0,0,12.4,641.1,,0,0,28.6,69,31.7,22.3
2026-09-13T01:00:00+05:30,2026-09-13 01:00:00,,,,0,0,11.1,97,0,1.8,0,0,12.4,641.1,,0,0,28.6,69,31.7,22.3
2026-09-13T00:55:00+05:30,2026-09-13 00:55:00,,,,0,3.5,11.1,91,0,1.8,0,0,12.4,641.1,,0,0,28.7,69,31.9,22.4
2026-09-13T00:50:00+05:30,2026-09-13 00:50:00,,,,0,0,11.1,76,0,1.8,0,0,12.4,641.1,,0,0,28.7,69,31.9,22.4
2026-09-13T00:45:00+05:30,2026-09-13 00:45:00,,,,0,5.5,11.1,81,0,1.8,0,0,12.4,641.1,,0,0,28.7,69,31.9,22.4
2026-09-13T00:40:00+05:30,2026-09-13 00:40:00,,,,0,5.5,11.1,70,0,1.8,0,0,12.4,641.1,,0,0,28.7,69,31.9,22.4
2026-09-13T00:35:00+05:30,2026-09-13 00:35:00,,,,3.5,5.5,11.1,93,0,1.8,0,0,12.4,641.1,,0,0,28.8,69,32.1,22.5
2026-09-13T00:30:00+05:30,2026-09-13 00:30:00,,,,4,7.2,11.1,93,0,1.8,0,0,12.4,641.1,,0,0,28.8,69,32.1,22.5
2026-09-13T00:26:00+05:30,2026-09-13 00:26:00,,,,4.7,11.1,11.1,82,0,1.8,0,0,12.4,641.1,,0,0,28.8,69,32.1,22.5
2026-09-13T00:20:00+05:30,2026-09-13 00:20:00,,,,0,0,11.1,79,0,1.8,0,0,12.4,641.1,,0,0,28.9,69,32.3,22.6
2026-09-13T00:15:00+05:30,2026-09-13 00:15:00,,,,2.1,5.5,11.1,98,0,1.8,0,0,12.4,641.1,,0,0,28.9,69,32.3,22.6
2026-09-13T00:10:00+05:30,2026-09-13 00:10:00,,,,0.3,7.2,9.3,101,0,1.8,0,0,12.4,641.1,,0,0,28.9,69,32.3,22.6
2026-09-13T00:05:00+05:30,2026-09-13 00:05:00,,,,0,0,9.3,84,0,1.8,0,0,12.4,641.1,,0,0,28.9,69,32.3,22.6
2026-09-13T00:00:00+05:30,2026-09-13 00:00:00,,,,2.9,11.1,9.3,119,0,1.8,0,0,12.4,641.1,,0,0,28.9,69,32.3,22.6
2026-09-12T23:55:00+05:30,2026-09-12 23:55:00,,,,2.1,5.5,20.1,77,0,1.8,1.8,7.1,12.4,641.1,,0,0,29,69,32.6,22.7
2026-09-12T23:50:00+05:30,2026-09-12 23:50:00,,,,0,0,20.1,79,0,1.8,1.8,7.1,12.4,641.1,,0,0,29,69,32.6,22.7
2026-09-12T23:45:00+05:30,2026-09-12 23:45:00,,,,0,0,20.1,78,0,1.8,1.8,7.1,12.4,641.1,,0,0,29,69,32.6,22.7
2026-09-12T23:40:00+05:30,2026-09-12 23:40:00,,,,0,7.2,20.1,86,0,1.8,1.8,7.1,12.4,641.1,,0,0,29,69,32.6,22.7
2026-09-12T23:35:00+05:30,2026-09-12 23:35:00,,,,0,7.2,20.1,103,0,1.8,1.8,7.1,12.4,641.1,,0,0,29,69,32.6,22.7
2026-09-12T23:30:00+05:30,2026-09-12 23:30:00,,,,0,3.5,20.1,89,0,1.8,1.8,7.1,12.4,641.1,,0,0,29,69,32.6,22.7
2026-09-12T23:25:00+05:30,2026-09-12 23:25:00,,,,1.1,3.5,20.1,99,0,1.8,1.8,7.1,12.4,641.1,,0,0,29.1,69,32.8,22.8
2026-09-12T23:21:00+05:30,2026-09-12 23:21:00,,,,2.6,9.3,20.1,83,0,1.8,1.8,7.1,12.4,641.1,,0,0,29.1,69,32.8,22.8
2026-09-12T23:15:00+05:30,2026-09-12 23:15:00,,,,0,3.5,20.1,80,0,1.8,1.8,7.1,12.4,641.1,,0,0,29.1,68,32.6,22.6
2026-09-12T23:10:00+05:30,2026-09-12 23:10:00,,,,4.7,5.5,20.1,90,0,1.8,1.8,7.1,12.4,641.1,,0,0,29.1,68,32.6,22.6
2026-09-12T23:05:00+05:30,2026-09-12 23:05:00,,,,2.9,9.3,20.1,103,0,1.8,1.8,7.1,12.4,641.1,,0,0,29.2,69,33,22.9
2026-09-12T23:00:00+05:30,2026-09-12 23:00:00,,,,0,3.5,20.1,83,0,1.8,1.8,7.1,12.4,641.1,,0,0,29.2,68,32.8,22.7
2026-09-12T22:55:00+05:30,2026-09-12 22:55:00,,,,3.5,5.5,20.1,80,0,1.8,1.8,7.1,12.4,641.1,,0,0,29.2,68,32.8,22.7
2026-09-12T22:50:00+05:30,2026-09-12 22:50:00,,,,0,5.5,20.1,86,0,1.8,1.8,7.1,12.4,641.1,,0,0,29.2,69,33,22.9
2026-09-12T22:45:00+05:30,2026-09-12 22:45:00,,,,4.7,7.2,20.1,98,0,1.8,1.8,7.1,12.4,641.1,,0,0,29.3,69,33.2,23
2026-09-12T22:40:00+05:30,2026-09-12 22:40:00,,,,0,5.5,20.1,105,0,1.8,1.8,7.1,12.4,641.1,,0,0,29.3,69,33.2,23
2026-09-12T22:35:00+05:30,2026-09-12 22:35:00,,,,0,3.5,20.1,134,0,1.8,1.8,7.1,12.4,641.1,,0,0,29.3,69,33.2,23
2026-09-12T22:30:00+05:30,2026-09-12 22:30:00,,,,0,3.5,20.1,90,0,1.8,1.8,7.1,12.4,641.1,,0,0,29.3,69,33.2,23
2026-09-12T22:25:00+05:30,2026-09-12 22:25:00,,,,0,5.5,20.1,88,0,1.8,1.8,7.1,12.4,641.1,,0,0,29.4,69,33.4,23.1
2026-09-12T22:20:00+05:30,2026-09-12 22:20:00,,,,2.1,11.1,20.1,54,0,1.8,1.8,7.1,12.4,641.1,,0,0,29.4,69,33.4,23.1
2026-09-12T22:15:00+05:30,2026-09-12 22:15:00,,,,0,5.5,20.1,83,0,1.8,1.8,7.1,12.4,641.1,,0,0,29.4,69,33.4,23.1
2026-09-12T22:10:00+05:30,2026-09-12 22:10:00,,,,4.7,7.2,20.1,83,0,1.8,1.8,7.1,12.4,641.1,,0,0,29.4,69,33.4,23.1
2026-09-12T22:05:00+05:30,2026-09-12 22:05:00,,,,0,0,20.1,60,0,1.8,1.8,7.1,12.4,641.1,,0,0,29.5,69,33.7,23.2
2026-09-12T22:01:00+05:30,2026-09-12 22:01:00,,,,0.3,1.8,20.1,39,0,1.8,1.8,7.1,12.4,641.1,,0,0,29.5,69,33.7,23.2
2026-09-12T21:55:00+05:30,2026-09-12 21:55:00,,,,0,3.5,20.1,88,0,1.8,1.8,7.1,12.4,641.1,,0,0,29.5,69,33.7,23.2
2026-09-12T21:50:00+05:30,2026-09-12 21:50:00,,,,0,0,20.1,106,0,1.8,1.8,7.1,12.4,641.1,,0,0,29.5,68,33.4,22.9
2026-09-12T21:45:00+05:30,2026-09-12 21:45:00,,,,0,0,20.1,88,0,1.8,1.8,7.1,12.4,641.1,,0,0,29.6,68,33.7,23.1
2026-09-12T21:40:00+05:30,2026-09-12 21:40:00,,,,1.4,3.5,20.1,79,0,1.8,1.8,7.1,12.4,641.1,,0,0,29.5,68,33.4,22.9
2026-09-12T21:35:00+05:30,2026-09-12 21:35:00,,,,0,0,20.1,76,0,1.8,1.8,7.1,12.4,641.1,,0,0,29.6,68,33.7,23.1
2026-09-12T21:30:00+05:30,2026-09-12 21:30:00,,,,3.5,9.3,20.1,86,0,1.8,1.8,7.1,12.4,641.1,,0,0,29.6,68,33.7,23.1
2026-09-12T21:25:00+05:30,2026-09-12 21:25:00,,,,0,3.5,20.1,90,0,1.8,1.8,7.1,12.4,641.1,,0,0,29.6,68,33.7,23.1
2026-09-12T21:20:00+05:30,2026-09-12 21:20:00,,,,0,0,20.1,80,0,1.8,1.8,7.1,12.4,641.1,,0,0,29.7,68,33.9,23.2
2026-09-12T21:15:00+05:30,2026-09-12 21:15:00,,,,0,3.5,20.1,76,0,1.8,1.8,7.1,12.4,641.1,,0,0,29.7,68,33.9,23.2
2026-09-12T21:10:00+05:30,2026-09-12 21:10:00,,,,0.6,9.3,20.1,82,0,1.8,1.8,7.1,12.4,641.1,,0,0,29.7,68,33.9,23.2
2026-09-12T21:05:00+05:30,2026-09-12 21:05:00,,,,4.3,5.5,20.1,75,0,1.8,1.8,7.1,12.4,641.1,,0,0,29.7,68,33.9,23.2
2026-09-12T21:00:00+05:30,2026-09-12 21:00:00,,,,6.1,7.2,20.1,106,0,1.8,1.8,7.1,12.4,641.1,,0,0,29.8,68,34.1,23.2
2026-09-12T20:56:00+05:30,2026-09-12 20:56:00,,,,0,1.8,20.1,75,0,1.8,1.8,7.1,12.4,641.1,,0,0,29.8,68,34.1,23.2
2026-09-12T20:50:00+05:30,2026-09-12 20:50:00,,,,4,5.5,20.1,98,0,1.8,1.8,7.1,12.4,641.1,,0,0,29.9,68,34.3,23.3
2026-09-12T20:45:00+05:30,2026-09-12 20:45:00,,,,0,0,20.1,78,0,1.8,1.8,7.1,12.4,641.1,,0,0,29.8,68,34.1,23.2
2026-09-12T20:40:00+05:30,2026-09-12 20:40:00,,,,0,0,20.1,83,0,1.8,1.8,7.1,12.4,641.1,,0,0,29.9,67,34.1,23.1
2026-09-12T20:35:00+05:30,2026-09-12 20:35:00,,,,4,7.2,20.1,91,0,1.8,1.8,7.1,12.4,641.1,,0,0,29.9,67,34.1,23.1
2026-09-12T20:30:00+05:30,2026-09-12 20:30:00,,,,0,0,20.1,79,0,1.8,1.8,7.1,12.4,641.1,,0,0,29.9,67,34.1,23.1
2026-09-12T20:25:00+05:30,2026-09-12 20:25:00,,,,0,3.5,20.1,83,0,1.8,1.8,7.1,12.4,641.1,,0,0,30,67,34.3,23.2
2026-09-12T20:20:00+05:30,2026-09-12 20:20:00,,,,0,0,20.1,76,0,1.8,1.8,7.1,12.4,641.1,,0,0,30,67,34.3,23.2
2026-09-12T20:15:00+05:30,2026-09-12 20:15:00,,,,0,0,20.1,79,0,1.8,1.8,7.1,12.4,641.1,,0,0,30,67,34.3,23.2
2026-09-12T20:10:00+05:30,2026-09-12 20:10:00,,,,0,3.5,20.1,74,0,1.8,1.8,7.1,12.4,641.1,,0,0,30,67,34.3,23.2
2026-09-12T20:05:00+05:30,2026-09-12 20:05:00,,,,2.9,7.2,20.1,102,0,1.8,1.8,7.1,12.4,641.1,,0,0,30.1,67,34.6,23.3
2026-09-12T20:00:00+05:30,2026-09-12 20:00:00,,,,0,3.5,20.1,84,0,1.8,1.8,7.1,12.4,641.1,,0,0,30,67,34.3,23.2
2026-09-12T19:55:00+05:30,2026-09-12 19:55:00,,,,2.9,5.5,20.1,91,0,1.8,1.8,7.1,12.4,641.1,,0,0,30.1,67,34.6,23.3
2026-09-12T19:51:00+05:30,2026-09-12 19:51:00,,,,0,0,20.1,91,0,1.8,1.8,7.1,12.4,641.1,,0,0,30.1,67,34.6,23.3
2026-09-12T19:45:00+05:30,2026-09-12 19:45:00,,,,0,5.5,20.1,78,0,1.8,1.8,7.1,12.4,641.1,,0,0,30.2,67,34.8,23.4
2026-09-12T19:40:00+05:30,2026-09-12 19:40:00,,,,7.9,9.3,20.1,84,0,1.8,1.8,7.1,12.4,641.1,,0,0,30.2,67,34.8,23.4
2026-09-12T19:35:00+05:30,2026-09-12 19:35:00,,,,0,5.5,20.1,102,0,1.8,1.8,7.1,12.4,641.1,,0,0,30.2,67,34.8,23.4
2026-09-12T19:30:00+05:30,2026-09-12 19:30:00,,,,0,0,20.1,76,0,1.8,1.8,7.1,12.4,641.1,,0,0,30.2,67,34.8,23.4
2026-09-12T19:25:00+05:30,2026-09-12 19:25:00,,,,0,0,20.1,84,0,1.8,1.8,7.1,12.4,641.1,,0,0,30.2,67,34.8,23.4
2026-09-12T19:20:00+05:30,2026-09-12 19:20:00,,,,0,0,20.1,68,0,1.8,1.8,7.1,12.4,641.1,,0,0,30.3,67,34.9,23.4
2026-09-12T19:15:00+05:30,2026-09-12 19:15:00,,,,0,0,20.1,70,0,1.8,1.8,7.1,12.4,641.1,,0,0,30.3,67,34.9,23.4
2026-09-12T19:10:00+05:30,2026-09-12 19:10:00,,,,0,0,20.1,94,0,1.8,1.8,7.1,12.4,641.1,,0,0,30.3,66,34.7,23.2
2026-09-12T19:05:00+05:30,2026-09-12 19:05:00,,,,0,0,20.1,73,0,1.8,1.8,7.1,12.4,641.1,,0,0,30.3,66,34.7,23.2
2026-09-12T19:00:00+05:30,2026-09-12 19:00:00,,,,0,0,20.1,89,0,1.8,1.8,7.1,12.4,641.1,,0,0,30.3,66,34.7,23.2
2026-09-12T18:55:00+05:30,2026-09-12 18:55:00,,,,0,0,20.1,82,0,1.8,1.8,7.1,12.4,641.1,,0,0,30.4,66,35,23.3
2026-09-12T18:50:00+05:30,2026-09-12 18:50:00,,,,0,0,20.1,88,0,1.8,1.8,7.1,12.4,641.1,,0,0,30.4,66,35,23.3
2026-09-12T18:45:00+05:30,2026-09-12 18:45:00,,,,0,3.5,20.1,81,0,1.8,1.8,7.1,12.4,641.1,,0,0,30.4,66,35,23.3
2026-09-12T18:40:00+05:30,2026-09-12 18:40:00,,,,0,0,20.1,84,0,1.8,1.8,7.1,12.4,641.1,,0,0,30.4,66,35,23.3
2026-09-12T18:35:00+05:30,2026-09-12 18:35:00,,,,0,1.8,20.1,84,0,1.8,1.8,7.1,12.4,641.1,,0,0,30.5,66,35.2,23.4
2026-09-12T18:30:00+05:30,2026-09-12 18:30:00,,,,0,0,20.1,74,0,1.8,1.8,7.1,12.4,641.1,,0,0,30.5,65,35,23.2
2026-09-12T18:25:00+05:30,2026-09-12 18:25:00,,,,0,0,20.1,83,0,1.8,1.8,7.1,12.4,641.1,,0,0,30.6,65,35.2,23.3
2026-09-12T18:20:00+05:30,2026-09-12 18:20:00,,,,0,0,20.1,79,0,1.8,1.8,7.1,12.4,641.1,,0,0,30.6,65,35.2,23.3
2026-09-12T18:15:00+05:30,2026-09-12 18:15:00,,,,0,0,20.1,77,0,1.8,1.8,7.1,12.4,641.1,,0,0.3,30.6,65,35.2,23.3
2026-09-12T18:10:00+05:30,2026-09-12 18:10:00,,,,0,0,20.1,103,0,1.8,1.8,7.1,12.4,641.1,,0,1.1,30.6,65,35.2,23.3
2026-09-12T18:05:00+05:30,2026-09-12 18:05:00,,,,3.2,7.2,20.1,88,0,1.8,1.8,7.1,12.4,641.1,,0,3,30.6,65,35.2,23.3
2026-09-12T18:00:00+05:30,2026-09-12 18:00:00,,,,0,0,20.1,74,0,1.8,1.8,7.1,12.4,641.1,,0,5.3,30.7,65,35.5,23.4
2026-09-12T17:55:00+05:30,2026-09-12 17:55:00,,,,0,0,20.1,78,0,1.8,1.8,7.1,12.4,641.1,,0,7.3,30.7,65,35.5,23.4
2026-09-12T17:50:00+05:30,2026-09-12 17:50:00,,,,0,0,20.1,110,0,1.8,1.8,7.1,12.4,641.1,,0,14.1,30.8,65,35.6,23.4
2026-09-12T17:45:00+05:30,2026-09-12 17:45:00,,,,0,0,20.1,81,0,1.8,1.8,7.1,12.4,641.1,,0,17.9,30.8,65,35.6,23.4
2026-09-12T17:40:00+05:30,2026-09-12 17:40:00,,,,0,0,20.1,80,0,1.8,1.8,7.1,12.4,641.1,,0,26.1,30.8,64,35.4,23.2
2026-09-12T17:35:00+05:30,2026-09-12 17:35:00,,,,0,0,20.1,75,0,1.8,1.8,7.1,12.4,641.1,,0,29.9,30.8,64,35.4,23.2
2026-09-12T17:30:00+05:30,2026-09-12 17:30:00,,,,0,0,20.1,97,0,1.8,1.8,7.1,12.4,641.1,,0,21.7,30.9,64,35.6,23.3
2026-09-12T17:26:00+05:30,2026-09-12 17:26:00,,,,0,0,20.1,87,0,1.8,1.8,7.1,12.4,641.1,,0,19.9,30.9,64,35.6,23.3
2026-09-12T17:20:00+05:30,2026-09-12 17:20:00,,,,0,0,20.1,79,0,1.8,1.8,7.1,12.4,641.1,,0,18.4,31,64,35.9,23.4
2026-09-12T17:15:00+05:30,2026-09-12 17:15:00,,,,0,0,20.1,96,0,1.8,1.8,7.1,12.4,641.1,,0,16.1,31,64,35.9,23.4
2026-09-12T17:10:00+05:30,2026-09-12 17:10:00,,,,0,0,20.1,31,0,1.8,1.8,7.1,12.4,641.1,,0,16.1,31,64,35.9,23.4
2026-09-12T17:05:00+05:30,2026-09-12 17:05:00,,,,0,0,20.1,75,0,1.8,1.8,7.1,12.4,641.1,,0,17.5,31,63,35.6,23.1
2026-09-12T17:00:00+05:30,2026-09-12 17:00:00,,,,0,0,20.1,87,1.8,1.8,1.8,7.1,12.4,641.1,,0,18.6,30.9,63,35.4,23
2026-09-12T16:55:00+05:30,2026-09-12 16:55:00,,,,0,0,20.1,78,6.1,1.8,1.8,7.1,12.4,641.1,,0,18.1,30.9,62,35.1,22.7
2026-09-12T16:50:00+05:30,2026-09-12 16:50:00,,,,0,0,20.1,72,8.9,1.5,1.5,6.9,12.2,640.6,,0,17.4,30.8,62,34.9,22.6
2026-09-12T16:45:00+05:30,2026-09-12 16:45:00,,,,1.1,7.2,20.1,148,6.1,1,1,6.3,11.7,640.1,,0,14,30.9,61,34.8,22.5
2026-09-12T16:40:00+05:30,2026-09-12 16:40:00,,,,3.2,7.2,20.1,223,0,0,0,5.3,10.7,639.3,,0,16,31.2,61,35.6,22.8
2026-09-12T16:35:00+05:30,2026-09-12 16:35:00,,,,4.7,7.2,20.1,81,0,0,0,5.3,10.7,639.3,,0,15.9,31.3,60,35.4,22.6
2026-09-12T16:30:00+05:30,2026-09-12 16:30:00,,,,0.3,3.5,20.1,178,0,0,0,5.3,10.7,639.3,,0,17.2,31.5,60,35.9,22.8
2026-09-12T16:25:00+05:30,2026-09-12 16:25:00,,,,3.5,9.3,20.1,194,0,0,0,5.3,10.7,639.3,,0,13.4,31.8,59,36.3,22.8
2026-09-12T16:21:00+05:30,2026-09-12 16:21:00,,,,2.9,5.5,20.1,256,0,0,0,5.3,10.7,639.3,,0,11.8,32,58,36.5,22.7
2026-09-12T16:15:00+05:30,2026-09-12 16:15:00,,,,0,0,20.1,91,0,0,0,5.3,10.7,639.3,,0,9.3,32.1,58,36.7,22.8
2026-09-12T16:10:00+05:30,2026-09-12 16:10:00,,,,4,11.1,20.1,97,0,0,0,5.3,10.7,639.3,,0,6.3,32.2,59,37.3,23.2
2026-09-12T16:05:00+05:30,2026-09-12 16:05:00,,,,0,0,20.1,70,0,0,0,5.3,10.7,639.3,,0,7.5,32.3,59,37.4,23.2
2026-09-12T16:00:00+05:30,2026-09-12 16:00:00,,,,0,3.5,20.1,133,0,0,0,5.3,10.7,639.3,,0,10.9,32.3,59,37.4,23.2
2026-09-12T15:55:00+05:30,2026-09-12 15:55:00,,,,0,5.5,20.1,82,0,0,0,5.3,10.7,639.3,,0,37.5,32.4,59,37.7,23.3
2026-09-12T15:50:00+05:30,2026-09-12 15:50:00,,,,0,9.3,20.1,113,0,0,0,5.3,10.7,639.3,,0,91.4,32.4,59,37.7,23.3
2026-09-12T15:45:00+05:30,2026-09-12 15:45:00,,,,1.4,5.5,20.1,103,0,0,0,5.3,10.7,639.3,,0,94.5,32.5,59,37.9,23.4
2026-09-12T15:40:00+05:30,2026-09-12 15:40:00,,,,0,0,20.1,83,0,0,0,5.3,10.7,639.3,,0,95,32.6,59,38.2,23.6
2026-09-12T15:35:00+05:30,2026-09-12 15:35:00,,,,0,1.8,20.1,161,0,0,0,5.3,10.7,639.3,,0,87.5,32.7,59,38.5,23.6
2026-09-12T15:30:00+05:30,2026-09-12 15:30:00,,,,0,1.8,20.1,79,0,0,0,5.3,10.7,639.3,,0,70.1,32.8,59,38.6,23.7
2026-09-12T15:25:00+05:30,2026-09-12 15:25:00,,,,0.3,1.8,20.1,92,0,0,0,5.3,10.7,639.3,,0,66.2,32.8,59,38.6,23.7
2026-09-12T15:20:00+05:30,2026-09-12 15:20:00,,,,0,3.5,20.1,52,0,0,0,5.3,10.7,639.3,,0,64.9,32.9,59,38.9,23.8
2026-09-12T15:16:00+05:30,2026-09-12 15:16:00,,,,0,1.8,20.1,270,0,0,0,5.3,10.7,639.3,,0,87.7,32.9,59,38.9,23.8
2026-09-12T15:10:00+05:30,2026-09-12 15:10:00,,,,0,9.3,20.1,83,0,0,0,5.3,10.7,639.3,,2,234.1,32.9,59,38.9,23.8
2026-09-12T15:05:00+05:30,2026-09-12 15:05:00,,,,0.3,1.8,20.1,110,0,0,0,5.3,10.7,639.3,,3,364.8,32.8,59,38.6,23.7
2026-09-12T15:00:00+05:30,2026-09-12 15:00:00,,,,0,9.3,20.1,63,0,0,0,5.3,10.7,639.3,,3,386.1,32.8,59,38.6,23.7
2026-09-12T14:55:00+05:30,2026-09-12 14:55:00,,,,0,11.1,20.1,97,0,0,0,5.3,10.7,639.3,,6,698.6,32.8,59,38.6,23.7
2026-09-12T14:50:00+05:30,2026-09-12 14:50:00,,,,1.8,5.5,20.1,103,0,0,0,5.3,10.7,639.3,,4,439.8,32.7,59,38.5,23.6
2026-09-12T14:45:00+05:30,2026-09-12 14:45:00,,,,0,9.3,20.1,128,0,0,0,5.3,10.7,639.3,,3,378.4,32.7,59,38.5,23.6
2026-09-12T14:40:00+05:30,2026-09-12 14:40:00,,,,1.1,3.5,20.1,77,0,0,0,5.3,10.7,639.3,,2,220.3,32.6,59,38.2,23.6
2026-09-12T14:35:00+05:30,2026-09-12 14:35:00,,,,6.4,11.1,20.1,102,0,0,0,5.3,10.7,639.3,,1,201.6,32.6,59,38.2,23.6
2026-09-12T14:30:00+05:30,2026-09-12 14:30:00,,,,1.8,3.5,20.1,77,0,0,0,5.3,10.7,639.3,,6,695.6,32.5,59,37.9,23.4
2026-09-12T14:26:00+05:30,2026-09-12 14:26:00,,,,1.8,11.1,20.1,89,0,0,0,5.3,10.7,639.3,,7,751,32.5,59,37.9,23.4
2026-09-12T14:20:00+05:30,2026-09-12 14:20:00,,,,0,7.2,20.1,93,0,0,0,5.3,10.7,639.3,,2,274.1,32.4,59,37.7,23.3
2026-09-12T14:16:00+05:30,2026-09-12 14:16:00,,,,0,7.2,20.1,173,0,0,0,5.3,10.7,639.3,,7,757.4,32.4,58,37.4,23.1
2026-09-12T14:10:00+05:30,2026-09-12 14:10:00,,,,5.8,13,20.1,114,0,0,0,5.3,10.7,639.3,,7,761,32.3,59,37.4,23.2
2026-09-12T14:05:00+05:30,2026-09-12 14:05:00,,,,8.2,11.1,20.1,86,0,0,0,5.3,10.7,639.3,,8,837.8,32.2,59,37.3,23.2
2026-09-12T14:00:00+05:30,2026-09-12 14:00:00,,,,11.1,16.6,20.1,92,0,0,0,5.3,10.7,639.3,,7,763.7,32.2,60,37.6,23.4
2026-09-12T13:55:00+05:30,2026-09-12 13:55:00,,,,2.1,16.6,20.1,101,0,0,0,5.3,10.7,639.3,,7,773.9,32.1,60,37.3,23.3
2026-09-12T13:50:00+05:30,2026-09-12 13:50:00,,,,0.6,9.3,20.1,62,0,0,0,5.3,10.7,639.3,,7,811.6,32,60,37.1,23.2
2026-09-12T13:45:00+05:30,2026-09-12 13:45:00,,,,0.3,13,20.1,107,0,0,0,5.3,10.7,639.3,,5,555.7,32,60,37.1,23.2
2026-09-12T13:40:00+05:30,2026-09-12 13:40:00,,,,0.6,11.1,20.1,89,0,0,0,5.3,10.7,639.3,,7,818.7,31.9,60,36.8,23.1
2026-09-12T13:35:00+05:30,2026-09-12 13:35:00,,,,0.3,3.5,20.1,91,0,0,0,5.3,10.7,639.3,,8,874.1,31.8,60,36.6,23.1
2026-09-12T13:30:00+05:30,2026-09-12 13:30:00,,,,0,13,20.1,90,0,0,0,5.3,10.7,639.3,,8,847.9,31.8,60,36.6,23.1
2026-09-12T13:25:00+05:30,2026-09-12 13:25:00,,,,1.4,13,20.1,151,0,0,0,5.3,10.7,639.3,,8,884.8,31.7,61,36.7,23.3
2026-09-12T13:20:00+05:30,2026-09-12 13:20:00,,,,0,7.2,20.1,66,0,0,0,5.3,10.7,639.3,,1,182.2,31.6,61,36.4,23.2
2026-09-12T13:16:00+05:30,2026-09-12 13:16:00,,,,0,9.3,20.1,87,0,0,0,5.3,10.7,639.3,,8,922.9,31.6,61,36.4,23.2
2026-09-12T13:10:00+05:30,2026-09-12 13:10:00,,,,0,5.5,20.1,52,0,0,0,5.3,10.7,639.3,,9,957.8,31.6,61,36.4,23.2
2026-09-12T13:05:00+05:30,2026-09-12 13:05:00,,,,0,13,20.1,84,0,0,0,5.3,10.7,639.3,,7,769.4,31.5,61,36.2,23.1
2026-09-12T13:00:00+05:30,2026-09-12 13:00:00,,,,2.9,9.3,20.1,89,0,0,0,5.3,10.7,639.3,,8,882.8,31.4,62,36.2,23.2
2026-09-12T12:55:00+05:30,2026-09-12 12:55:00,,,,2.1,9.3,20.1,109,0,0,0,5.3,10.7,639.3,,8,888.3,31.4,62,36.2,23.2
2026-09-12T12:50:00+05:30,2026-09-12 12:50:00,,,,2.1,14.8,20.1,91,0,0,0,5.3,10.7,639.3,,8,892.9,31.3,62,36,23.1
2026-09-12T12:45:00+05:30,2026-09-12 12:45:00,,,,2.9,5.5,20.1,53,0,0,0,5.3,10.7,639.3,,8,888.5,31.2,62,35.8,23.1
2026-09-12T12:40:00+05:30,2026-09-12 12:40:00,,,,0,7.2,20.1,81,0,0,0,5.3,10.7,639.3,,8,911.6,31.1,62,35.6,22.9
2026-09-12T12:35:00+05:30,2026-09-12 12:35:00,,,,4.3,9.3,20.1,88,0,0,0,5.3,10.7,639.3,,8,908.6,31,63,35.6,23.1
2026-09-12T12:30:00+05:30,2026-09-12 12:30:00,,,,3.5,9.3,20.1,80,0,0,0,5.3,10.7,639.3,,8,912.5,31,63,35.6,23.1
2026-09-12T12:25:00+05:30,2026-09-12 12:25:00,,,,0,9.3,18.3,82,0,0,0,5.3,10.7,639.3,,8,916.2,30.9,63,35.4,23
2026-09-12T12:20:00+05:30,2026-09-12 12:20:00,,,,6.4,9.3,18.3,49,0,0,0,5.3,10.7,639.3,,9,926.4,30.8,63,35.1,22.9
2026-09-12T12:15:00+05:30,2026-09-12 12:15:00,,,,9.3,13,18.3,68,0,0,0,5.3,10.7,639.3,,8,921.4,30.7,63,35,22.8
2026-09-12T12:11:00+05:30,2026-09-12 12:11:00,,,,0.3,3.5,18.3,33,0,0,0,5.3,10.7,639.3,,9,954.4,30.6,63,34.7,22.7
2026-09-12T12:05:00+05:30,2026-09-12 12:05:00,,,,0,7.2,18.3,79,0,0,0,5.3,10.7,639.3,,9,938.5,30.5,64,34.7,22.9
2026-09-12T12:00:00+05:30,2026-09-12 12:00:00,,,,0.6,11.1,18.3,108,0,0,0,5.3,10.7,639.3,,9,952.1,30.4,64,34.5,22.8
2026-09-12T11:55:00+05:30,2026-09-12 11:55:00,,,,0,9.3,18.3,114,0,0,0,5.3,10.7,639.3,,9,957.7,30.3,64,34.3,22.7
2026-09-12T11:50:00+05:30,2026-09-12 11:50:00,,,,5.5,7.2,18.3,65,0,0,0,5.3,10.7,639.3,,1,159.6,30.3,64,34.3,22.7
2026-09-12T11:45:00+05:30,2026-09-12 11:45:00,,,,4,14.8,18.3,113,0,0,0,5.3,10.7,639.3,,8,906.4,30.2,64,34.1,22.7
2026-09-12T11:40:00+05:30,2026-09-12 11:40:00,,,,0,0,14.8,66,0,0,0,5.3,10.7,639.3,,9,943.8,30.1,64,33.9,22.6
2026-09-12T11:35:00+05:30,2026-09-12 11:35:00,,,,1.1,11.1,14.8,67,0,0,0,5.3,10.7,639.3,,1,187.5,30.1,64,33.9,22.6
2026-09-12T11:30:00+05:30,2026-09-12 11:30:00,,,,9,13,14.8,101,0,0,0,5.3,10.7,639.3,,2,275.8,30,64,33.7,22.4
2026-09-12T11:25:00+05:30,2026-09-12 11:25:00,,,,0,13,14.8,96,0,0,0,5.3,10.7,639.3,,5,538.3,29.9,64,33.4,22.3
2026-09-12T11:20:00+05:30,2026-09-12 11:20:00,,,,4,7.2,14.8,121,0,0,0,5.3,10.7,639.3,,8,883.3,29.8,65,33.4,22.5
2026-09-12T11:15:00+05:30,2026-09-12 11:15:00,,,,5,9.3,14.8,106,0,0,0,5.3,10.7,639.3,,9,952,29.7,65,33.3,22.4
2026-09-12T11:10:00+05:30,2026-09-12 11:10:00,,,,0,0,14.8,73,0,0,0,5.3,10.7,639.3,,1,186.4,29.6,65,33.1,22.3
2026-09-12T11:06:00+05:30,2026-09-12 11:06:00,,,,0,11.1,14.8,153,0,0,0,5.3,10.7,639.3,,9,954.8,29.6,65,33.1,22.3
2026-09-12T11:00:00+05:30,2026-09-12 11:00:00,,,,0.3,3.5,14.8,77,0,0,0,5.3,10.7,639.3,,9,993.8,29.5,65,32.8,22.2
2026-09-12T10:55:00+05:30,2026-09-12 10:55:00,,,,1.8,5.5,14.8,93,0,0,0,5.3,10.7,639.3,,9,985,29.4,65,32.6,22.1
2026-09-12T10:50:00+05:30,2026-09-12 10:50:00,,,,1.4,5.5,14.8,102,0,0,0,5.3,10.7,639.3,,9,1011.8,29.3,65,32.4,22
2026-09-12T10:45:00+05:30,2026-09-12 10:45:00,,,,4.7,11.1,14.8,97,0,0,0,5.3,10.7,639.3,,8,917.8,29.2,65,32.3,21.9
2026-09-12T10:40:00+05:30,2026-09-12 10:40:00,,,,3.5,7.2,14.8,54,0,0,0,5.3,10.7,639.3,,2,228.8,29.1,65,32.1,21.8
2026-09-12T10:35:00+05:30,2026-09-12 10:35:00,,,,0.3,9.3,14.8,55,0,0,0,5.3,10.7,639.3,,8,888.9,29,65,31.8,21.7
2026-09-12T10:30:00+05:30,2026-09-12 10:30:00,,,,6.4,9.3,14.8,94,0,0,0,5.3,10.7,639.3,,8,858.5,29,65,31.8,21.7
2026-09-12T10:25:00+05:30,2026-09-12 10:25:00,,,,0,3.5,14.8,89,0,0,0,5.3,10.7,639.3,,4,441.7,28.9,65,31.6,21.6
2026-09-12T10:20:00+05:30,2026-09-12 10:20:00,,,,1.4,5.5,14.8,338,0,0,0,5.3,10.7,639.3,,7,793.4,28.8,65,31.4,21.6
2026-09-12T10:15:00+05:30,2026-09-12 10:15:00,,,,8.7,14.8,14.8,86,0,0,0,5.3,10.7,639.3,,8,824.5,28.7,65,31.3,21.5
2026-09-12T10:10:00+05:30,2026-09-12 10:10:00,,,,0,0,14.8,53,0,0,0,5.3,10.7,639.3,,7,814.9,28.7,65,31.3,21.5
2026-09-12T10:05:00+05:30,2026-09-12 10:05:00,,,,1.1,3.5,14.8,119,0,0,0,5.3,10.7,639.3,,7,757.2,28.6,66,31.3,21.6
2026-09-12T10:00:00+05:30,2026-09-12 10:00:00,,,,8.7,11.1,14.8,161,0,0,0,5.3,10.7,639.3,,7,770.5,28.6,66,31.3,21.6
2026-09-12T09:55:00+05:30,2026-09-12 09:55:00,,,,5,7.2,11.1,69,0,0,0,5.3,10.7,639.3,,5,546,28.5,66,31.1,21.5
2026-09-12T09:50:00+05:30,2026-09-12 09:50:00,,,,0,5.5,11.1,75,0,0,0,5.3,10.7,639.3,,4,478.7,28.5,66,31.1,21.5
2026-09-12T09:45:00+05:30,2026-09-12 09:45:00,,,,0.3,9.3,11.1,227,0,0,0,5.3,10.7,639.3,,1,130.5,28.4,66,30.8,21.4
2026-09-12T09:40:00+05:30,2026-09-12 09:40:00,,,,0,0,11.1,115,0,0,0,5.3,10.7,639.3,,1,201.4,28.4,66,30.8,21.4
2026-09-12T09:35:00+05:30,2026-09-12 09:35:00,,,,0,9.3,11.1,78,0,0,0,5.3,10.7,639.3,,3,334.7,28.3,66,30.7,21.3
2026-09-12T09:30:00+05:30,2026-09-12 09:30:00,,,,2.1,3.5,11.1,39,0,0,0,5.3,10.7,639.3,,1,146.5,28.2,66,30.6,21.3
2026-09-12T09:25:00+05:30,2026-09-12 09:25:00,,,,0,0,11.1,77,0,0,0,5.3,10.7,639.3,,1,162.2,28.2,66,30.6,21.3
2026-09-12T09:20:00+05:30,2026-09-12 09:20:00,,,,0,7.2,11.1,64,0,0,0,5.3,10.7,639.3,,1,127.6,28.2,66,30.6,21.3
2026-09-12T09:15:00+05:30,2026-09-12 09:15:00,,,,1.8,7.2,11.1,106,0,0,0,5.3,10.7,639.3,,2,225,28.1,66,30.3,21.2
2026-09-12T09:10:00+05:30,2026-09-12 09:10:00,,,,0,0,11.1,88,0,0,0,5.3,10.7,639.3,,1,133.3,28.1,66,30.3,21.2
2026-09-12T09:05:00+05:30,2026-09-12 09:05:00,,,,0,11.1,11.1,72,0,0,0,5.3,10.7,639.3,,2,220.1,28,67,30.3,21.3
2026-09-12T09:00:00+05:30,2026-09-12 09:00:00,,,,0,1.8,9.3,99,0,0,0,5.3,10.7,639.3,,4,451.1,28,67,30.3,21.3
2026-09-12T08:55:00+05:30,2026-09-12 08:55:00,,,,0,0,9.3,98,0,0,0,5.3,10.7,639.3,,2,304.8,28,67,30.3,21.3
2026-09-12T08:50:00+05:30,2026-09-12 08:50:00,,,,0,0,7.2,101,0,0,0,5.3,10.7,639.3,,3,310.1,28,67,30.3,21.3
2026-09-12T08:45:00+05:30,2026-09-12 08:45:00,,,,2.6,7.2,7.2,82,0,0,0,5.3,10.7,639.3,,1,124.8,27.9,67,30.1,21.2
2026-09-12T08:41:00+05:30,2026-09-12 08:41:00,,,,0,3.5,7.2,123,0,0,0,5.3,10.7,639.3,,1,133,27.9,67,30.1,21.2
2026-09-12T08:35:00+05:30,2026-09-12 08:35:00,,,,0,0,7.2,66,0,0,0,5.3,10.7,639.3,,1,171.1,27.8,67,29.9,21.1
2026-09-12T08:30:00+05:30,2026-09-12 08:30:00,,,,0,1.8,5.5,96,0,0,0,5.3,10.7,639.3,,1,112.6,27.8,67,29.9,21.1
2026-09-12T08:25:00+05:30,2026-09-12 08:25:00,,,,0,5.5,5.5,98,0,0,0,5.3,10.7,639.3,,1,130.5,27.8,67,29.9,21.1
2026-09-12T08:20:00+05:30,2026-09-12 08:20:00,,,,0,0,5.5,73,0,0,0,5.3,10.7,639.3,,1,160.6,27.8,68,30,21.3
2026-09-12T08:15:00+05:30,2026-09-12 08:15:00,,,,0,0,5.5,68,0,0,0,5.3,10.7,639.3,,0,78.2,27.7,68,29.9,21.3
2026-09-12T08:10:00+05:30,2026-09-12 08:10:00,,,,0,0,5.5,76,0,0,0,5.3,10.7,639.3,,2,208.1,27.7,68,29.9,21.3
2026-09-12T08:05:00+05:30,2026-09-12 08:05:00,,,,0,0,5.5,92,0,0,0,5.3,10.7,639.3,,1,162,27.7,68,29.9,21.3
2026-09-12T08:00:00+05:30,2026-09-12 08:00:00,,,,0,0,5.5,77,0,0,0,5.3,10.7,639.3,,1,153.2,27.7,68,29.9,21.3
2026-09-12T07:55:00+05:30,2026-09-12 07:55:00,,,,0,0,5.5,129,0,0,0,5.3,10.7,639.3,,0,99.1,27.6,68,29.7,21.2
2026-09-12T07:50:00+05:30,2026-09-12 07:50:00,,,,0,0,5.5,114,0,0,0,5.3,10.7,639.3,,1,121.6,27.6,67,29.6,20.9
2026-09-12T07:45:00+05:30,2026-09-12 07:45:00,,,,0,0,5.5,79,0,0,0,5.3,10.7,639.3,,1,136.7,27.6,67,29.6,20.9
2026-09-12T07:40:00+05:30,2026-09-12 07:40:00,,,,0.3,3.5,3.5,87,0,0,0,5.3,10.7,639.3,,0,88.5,27.6,67,29.6,20.9
2026-09-12T07:36:00+05:30,2026-09-12 07:36:00,,,,0,1.8,1.8,74,0,0,0,5.3,10.7,639.3,,0,97.7,27.6,67,29.6,20.9
2026-09-12T07:30:00+05:30,2026-09-12 07:30:00,,,,0,0,1.8,91,0,0,0,5.3,10.7,639.3,,0,87.8,27.5,67,29.4,20.8
2026-09-12T07:25:00+05:30,2026-09-12 07:25:00,,,,0,0,1.8,67,0,0,0,5.3,10.7,639.3,,0,73.7,27.5,67,29.4,20.8
2026-09-12T07:20:00+05:30,2026-09-12 07:20:00,,,,0,0,1.8,53,0,0,0,5.3,10.7,639.3,,0,94.8,27.5,67,29.4,20.8
2026-09-12T07:15:00+05:30,2026-09-12 07:15:00,,,,0,0,1.8,62,0,0,0,5.3,10.7,639.3,,1,169.8,27.5,67,29.4,20.8
2026-09-12T07:10:00+05:30,2026-09-12 07:10:00,,,,0,0,1.8,68,0,0,0,5.3,10.7,639.3,,1,150.2,27.5,67,29.4,20.8
2026-09-12T07:05:00+05:30,2026-09-12 07:05:00,,,,0,0,1.8,59,0,0,0,5.3,10.7,639.3,,1,133.2,27.5,67,29.4,20.8
2026-09-12T07:00:00+05:30,2026-09-12 07:00:00,,,,0,0,1.8,82,0,0,0,5.3,10.7,639.3,,1,111.4,27.5,67,29.4,20.8
2026-09-12T06:55:00+05:30,2026-09-12 06:55:00,,,,0,0,1.8,78,0,0,0,5.3,10.7,639.3,,0,78.4,27.5,67,29.4,20.8
2026-09-12T06:50:00+05:30,2026-09-12 06:50:00,,,,0,0,1.8,72,0,0,0,5.3,10.7,639.3,,0,60.8,27.5,67,29.4,20.8
2026-09-12T06:45:00+05:30,2026-09-12 06:45:00,,,,0,0,1.8,78,0,0,0,5.3,10.7,639.3,,0,51.8,27.5,67,29.4,20.8
2026-09-12T06:40:00+05:30,2026-09-12 06:40:00,,,,0,0,1.8,68,0,0,0,5.3,10.7,639.3,,0,43.4,27.5,67,29.4,20.8
2026-09-12T06:35:00+05:30,2026-09-12 06:35:00,,,,0,0,1.8,77,0,0,0,5.3,10.7,639.3,,0,26.9,27.5,67,29.4,20.8
2026-09-12T06:31:00+05:30,2026-09-12 06:31:00,,,,0,0,1.8,71,0,0,0,5.3,10.7,639.3,,0,23.4,27.5,67,29.4,20.8
2026-09-12T06:25:00+05:30,2026-09-12 06:25:00,,,,0,0,1.8,73,0,0,0,5.3,10.7,639.3,,0,19.9,27.5,67,29.4,20.8
2026-09-12T06:20:00+05:30,2026-09-12 06:20:00,,,,0,0,1.8,62,0,0,0,5.3,10.7,639.3,,0,16.7,27.5,67,29.4,20.8
2026-09-12T06:15:00+05:30,2026-09-12 06:15:00,,,,0,0,1.8,71,0,0,0,5.3,10.7,639.3,,0,13.1,27.5,67,29.4,20.8
2026-09-12T06:10:00+05:30,2026-09-12 06:10:00,,,,0,0,1.8,62,0,0,0,5.3,10.7,639.3,,0,10.1,27.5,67,29.4,20.8
2026-09-12T06:05:00+05:30,2026-09-12 06:05:00,,,,0,0,1.8,45,0,0,0,5.3,10.7,639.3,,0,6.5,27.6,67,29.6,20.9
2026-09-12T06:00:00+05:30,2026-09-12 06:00:00,,,,0,0,1.8,73,0,0,0,5.3,10.7,639.3,,0,3.4,27.6,67,29.6,20.9
2026-09-12T05:55:00+05:30,2026-09-12 05:55:00,,,,0,0,1.8,79,0,0,0,5.3,10.7,639.3,,0,1.9,27.6,66,29.5,20.7
2026-09-12T05:50:00+05:30,2026-09-12 05:50:00,,,,0,0,1.8,51,0,0,0,5.3,10.7,639.3,,0,0.6,27.7,66,29.7,20.8
2026-09-12T05:45:00+05:30,2026-09-12 05:45:00,,,,0,0,1.8,79,0,0,0,5.3,10.7,639.3,,0,0.1,27.7,66,29.7,20.8
2026-09-12T05:40:00+05:30,2026-09-12 05:40:00,,,,0,0,1.8,74,0,0,0,5.3,10.7,639.3,,0,0,27.7,66,29.7,20.8
2026-09-12T05:35:00+05:30,2026-09-12 05:35:00,,,,0,0,1.8,70,0,0,0,5.3,10.7,639.3,,0,0,27.7,66,29.7,20.8
2026-09-12T05:30:00+05:30,2026-09-12 05:30:00,,,,0,0,1.8,74,0,0,0,5.3,10.7,639.3,,0,0,27.7,66,29.7,20.8
2026-09-12T05:25:00+05:30,2026-09-12 05:25:00,,,,0,0,1.8,75,0,0,0,5.3,10.7,639.3,,0,0,27.8,66,29.8,20.8
2026-09-12T05:20:00+05:30,2026-09-12 05:20:00,,,,0,0,1.8,76,0,0,0,5.3,10.7,639.3,,0,0,27.8,66,29.8,20.8
2026-09-12T05:15:00+05:30,2026-09-12 05:15:00,,,,0,0,1.8,72,0,0,0,5.3,10.7,639.3,,0,0,27.8,66,29.8,20.8
2026-09-12T05:11:00+05:30,2026-09-12 05:11:00,,,,0,0,1.8,72,0,0,0,5.3,10.7,639.3,,0,0,27.8,66,29.8,20.8
2026-09-12T05:05:00+05:30,2026-09-12 05:05:00,,,,0,0,1.8,76,0,0,0,5.3,10.7,639.3,,0,0,27.8,66,29.8,20.8
2026-09-12T05:00:00+05:30,2026-09-12 05:00:00,,,,0,0,1.8,71,0,0,0,5.3,10.7,639.3,,0,0,27.9,66,29.9,20.9
2026-09-12T04:55:00+05:30,2026-09-12 04:55:00,,,,0,0,1.8,86,0,0,0,5.3,10.7,639.3,,0,0,27.8,66,29.8,20.8
2026-09-12T04:50:00+05:30,2026-09-12 04:50:00,,,,0,0,1.8,78,0,0,0,5.3,10.7,639.3,,0,0,27.8,66,29.8,20.8
2026-09-12T04:45:00+05:30,2026-09-12 04:45:00,,,,0,0,1.8,94,0,0,0,5.3,10.7,639.3,,0,0,27.9,66,29.9,20.9
2026-09-12T04:40:00+05:30,2026-09-12 04:40:00,,,,0,0,1.8,72,0,0,0,5.3,10.7,639.3,,0,0,27.9,66,29.9,20.9
2026-09-12T04:35:00+05:30,2026-09-12 04:35:00,,,,0,0,1.8,73,0,0,0,5.3,10.7,639.3,,0,0,27.9,66,29.9,20.9
2026-09-12T04:30:00+05:30,2026-09-12 04:30:00,,,,0,0,1.8,81,0,0,0,5.3,10.7,639.3,,0,0,28,66,30.2,21.1
2026-09-12T04:25:00+05:30,2026-09-12 04:25:00,,,,0,0,1.8,84,0,0,0,5.3,10.7,639.3,,0,0,28,66,30.2,21.1
2026-09-12T04:20:00+05:30,2026-09-12 04:20:00,,,,0,0,1.8,73,0,0,0,5.3,10.7,639.3,,0,0,28,66,30.2,21.1
2026-09-12T04:15:00+05:30,2026-09-12 04:15:00,,,,0,0,1.8,77,0,0,0,5.3,10.7,639.3,,0,0,28,66,30.2,21.1
2026-09-12T04:10:00+05:30,2026-09-12 04:10:00,,,,0,0,1.8,76,0,0,0,5.3,10.7,639.3,,0,0,28.1,66,30.3,21.2
2026-09-12T04:06:00+05:30,2026-09-12 04:06:00,,,,0,0,1.8,99,0,0,0,5.3,10.7,639.3,,0,0,28.1,66,30.3,21.2
2026-09-12T04:00:00+05:30,2026-09-12 04:00:00,,,,0,0,1.8,59,0,0,0,5.3,10.7,639.3,,0,0,28.1,66,30.3,21.2
2026-09-12T03:55:00+05:30,2026-09-12 03:55:00,,,,0,0,1.8,60,0,0,0,5.3,10.7,639.3,,0,0,28.2,65,30.4,21
2026-09-12T03:50:00+05:30,2026-09-12 03:50:00,,,,0,1.8,1.8,88,0,0,0,5.3,10.7,639.3,,0,0,28.2,65,30.4,21
2026-09-12T03:45:00+05:30,2026-09-12 03:45:00,,,,0,0,0,82,0,0,0,5.3,10.7,639.3,,0,0,28.2,65,30.4,21
2026-09-12T03:40:00+05:30,2026-09-12 03:40:00,,,,0,0,0,94,0,0,0,5.3,10.7,639.3,,0,0,28.2,65,30.4,21
2026-09-12T03:35:00+05:30,2026-09-12 03:35:00,,,,0,0,0,80,0,0,0,5.3,10.7,639.3,,0,0,28.3,65,30.5,21.1
2026-09-12T03:30:00+05:30,2026-09-12 03:30:00,,,,0,0,0,71,0,0,0,5.3,10.7,639.3,,0,0,28.3,65,30.5,21.1
2026-09-12T03:25:00+05:30,2026-09-12 03:25:00,,,,0,0,0,75,0,0,0,5.3,10.7,639.3,,0,0,28.3,65,30.5,21.1
2026-09-12T03:20:00+05:30,2026-09-12 03:20:00,,,,0,0,0,70,0,0,0,5.3,10.7,639.3,,0,0,28.3,65,30.5,21.1
2026-09-12T03:15:00+05:30,2026-09-12 03:15:00,,,,0,0,0,92,0,0,0,5.3,10.7,639.3,,0,0,28.4,65,30.7,21.2
2026-09-12T03:10:00+05:30,2026-09-12 03:10:00,,,,0,0,0,81,0,0,0,5.3,10.7,639.3,,0,0,28.4,65,30.7,21.2
2026-09-12T03:05:00+05:30,2026-09-12 03:05:00,,,,0,0,0,79,0,0,0,5.3,10.7,639.3,,0,0,28.5,65,30.9,21.3
2026-09-12T03:01:00+05:30,2026-09-12 03:01:00,,,,0,0,0,70,0,0,0,5.3,10.7,639.3,,0,0,28.5,65,30.9,21.3
2026-09-12T02:55:00+05:30,2026-09-12 02:55:00,,,,0,0,0,75,0,0,0,5.3,10.7,639.3,,0,0,28.5,65,30.9,21.3
2026-09-12T02:50:00+05:30,2026-09-12 02:50:00,,,,0,0,0,81,0,0,0,5.3,10.7,639.3,,0,0,28.5,64,30.8,21
2026-09-12T02:45:00+05:30,2026-09-12 02:45:00,,,,0,0,0,77,0,0,0,5.3,10.7,639.3,,0,0,28.5,64,30.8,21
2026-09-12T02:40:00+05:30,2026-09-12 02:40:00,,,,0,0,0,79,0,0,0,5.3,10.7,639.3,,0,0,28.6,64,30.9,21.1
2026-09-12T02:35:00+05:30,2026-09-12 02:35:00,,,,0,0,0,76,0,0,0,5.3,10.7,639.3,,0,0,28.6,64,30.9,21.1
2026-09-12T02:30:00+05:30,2026-09-12 02:30:00,,,,0,0,0,71,0,0,0,5.3,10.7,639.3,,0,0,28.6,64,30.9,21.1
2026-09-12T02:25:00+05:30,2026-09-12 02:25:00,,,,0,0,0,70,0,0,0,5.3,10.7,639.3,,0,0,28.6,64,30.9,21.1
2026-09-12T02:20:00+05:30,2026-09-12 02:20:00,,,,0,0,0,78,0,0,0,5.3,10.7,639.3,,0,0,28.7,64,31.2,21.2
2026-09-12T02:15:00+05:30,2026-09-12 02:15:00,,,,0,0,0,78,0,0,0,5.3,10.7,639.3,,0,0,28.7,64,31.2,21.2
2026-09-12T02:10:00+05:30,2026-09-12 02:10:00,,,,0,0,0,76,0,0,0,5.3,10.7,639.3,,0,0,28.7,64,31.2,21.2
2026-09-12T02:05:00+05:30,2026-09-12 02:05:00,,,,0,0,0,73,0,0,0,5.3,10.7,639.3,,0,0,28.8,64,31.3,21.3
2026-09-12T02:00:00+05:30,2026-09-12 02:00:00,,,,0,0,0,71,0,0,0,5.3,10.7,639.3,,0,0,28.8,64,31.3,21.3
2026-09-12T01:55:00+05:30,2026-09-12 01:55:00,,,,0,0,0,76,0,0,0,5.3,10.7,639.3,,0,0,28.8,64,31.3,21.3
2026-09-12T01:50:00+05:30,2026-09-12 01:50:00,,,,0,0,0,81,0,0,0,5.3,10.7,639.3,,0,0,28.8,64,31.3,21.3
2026-09-12T01:45:00+05:30,2026-09-12 01:45:00,,,,0,0,0,77,0,0,0,5.3,10.7,639.3,,0,0,28.9,64,31.4,21.4
2026-09-12T01:40:00+05:30,2026-09-12 01:40:00,,,,0,0,0,76,0,0,0,5.3,10.7,639.3,,0,0,28.9,64,31.4,21.4
2026-09-12T01:35:00+05:30,2026-09-12 01:35:00,,,,0,0,0,78,0,0,0,5.3,10.7,639.3,,0,0,28.9,64,31.4,21.4
2026-09-12T01:30:00+05:30,2026-09-12 01:30:00,,,,0,0,0,77,0,0,0,5.3,10.7,639.3,,0,0,28.9,64,31.4,21.4
2026-09-12T01:25:00+05:30,2026-09-12 01:25:00,,,,0,0,0,75,0,0,0,5.3,10.7,639.3,,0,0,29,64,31.7,21.5
2026-09-12T01:20:00+05:30,2026-09-12 01:20:00,,,,0,0,0,77,0,0,0,5.3,10.7,639.3,,0,0,29,64,31.7,21.5
2026-09-12T01:15:00+05:30,2026-09-12 01:15:00,,,,0,0,0,73,0,0,0,5.3,10.7,639.3,,0,0,29,64,31.7,21.5
2026-09-12T01:10:00+05:30,2026-09-12 01:10:00,,,,0,0,0,79,0,0,0,5.3,10.7,639.3,,0,0,29,64,31.7,21.5
2026-09-12T01:05:00+05:30,2026-09-12 01:05:00,,,,0,0,0,62,0,0,0,5.3,10.7,639.3,,0,0,29,64,31.7,21.5
2026-09-12T01:00:00+05:30,2026-09-12 01:00:00,,,,0,0,0,76,0,0,0,5.3,10.7,639.3,,0,0,29.1,64,31.9,21.6
2026-09-12T00:55:00+05:30,2026-09-12 00:55:00,,,,0,0,0,73,0,0,0,5.3,10.7,639.3,,0,0,29.1,64,31.9,21.6
2026-09-12T00:50:00+05:30,2026-09-12 00:50:00,,,,0,0,0,72,0,0,0,5.3,10.7,639.3,,0,0,29.1,64,31.9,21.6
2026-09-12T00:45:00+05:30,2026-09-12 00:45:00,,,,0,0,0,75,0,0,0,5.3,10.7,639.3,,0,0,29.1,64,31.9,21.6
2026-09-12T00:40:00+05:30,2026-09-12 00:40:00,,,,0,0,0,108,0,0,0,5.3,10.7,639.3,,0,0,29.2,64,32.1,21.7
2026-09-12T00:36:00+05:30,2026-09-12 00:36:00,,,,0,0,0,66,0,0,0,5.3,10.7,639.3,,0,0,29.2,64,32.1,21.7
2026-09-12T00:30:00+05:30,2026-09-12 00:30:00,,,,0,0,0,105,0,0,0,5.3,10.7,639.3,,0,0,29.2,64,32.1,21.7
2026-09-12T00:25:00+05:30,2026-09-12 00:25:00,,,,0,0,0,85,0,0,0,5.3,10.7,639.3,,0,0,29.3,64,32.2,21.7
2026-09-12T00:20:00+05:30,2026-09-12 00:20:00,,,,0,0,0,78,0,0,0,5.3,10.7,639.3,,0,0,29.3,63,32,21.5
2026-09-12T00:15:00+05:30,2026-09-12 00:15:00,,,,0,0,0,83,0,0,0,5.3,10.7,639.3,,0,0,29.3,63,32,21.5
2026-09-12T00:10:00+05:30,2026-09-12 00:10:00,,,,0,0,0,62,0,0,0,5.3,10.7,639.3,,0,0,29.3,63,32,21.5
2026-09-12T00:05:00+05:30,2026-09-12 00:05:00,,,,0,0,0,82,0,0,0,5.3,10.7,639.3,,0,0,29.3,63,32,21.5
2026-09-12T00:00:00+05:30,2026-09-12 00:00:00,,,,0,0,0,77,0,0,0,5.3,10.7,639.3,,0,0,29.4,63,32.2,21.6
2026-09-11T23:55:00+05:30,2026-09-11 23:55:00,,,,0,0,21.9,78,0,0,1.8,5.3,10.7,639.3,,0,0,29.4,63,32.2,21.6
2026-09-11T23:50:00+05:30,2026-09-11 23:50:00,,,,0,0,21.9,79,0,0,1.8,5.3,10.7,639.3,,0,0,29.4,63,32.2,21.6
2026-09-11T23:45:00+05:30,2026-09-11 23:45:00,,,,0,0,21.9,79,0,0,1.8,5.3,10.7,639.3,,0,0,29.4,63,32.2,21.6
2026-09-11T23:40:00+05:30,2026-09-11 23:40:00,,,,0,0,21.9,71,0,0,1.8,5.3,10.7,639.3,,0,0,29.4,63,32.2,21.6
2026-09-11T23:35:00+05:30,2026-09-11 23:35:00,,,,0,0,21.9,73,0,0,1.8,5.3,10.7,639.3,,0,0,29.5,63,32.4,21.7
2026-09-11T23:31:00+05:30,2026-09-11 23:31:00,,,,0,0,21.9,76,0,0,1.8,5.3,10.7,639.3,,0,0,29.5,63,32.4,21.7
2026-09-11T23:25:00+05:30,2026-09-11 23:25:00,,,,0,0,21.9,98,0,0,1.8,5.3,10.7,639.3,,0,0,29.5,63,32.4,21.7
2026-09-11T23:20:00+05:30,2026-09-11 23:20:00,,,,0,0,21.9,79,0,0,1.8,5.3,10.7,639.3,,0,0,29.6,63,32.7,21.8
2026-09-11T23:15:00+05:30,2026-09-11 23:15:00,,,,0,0,21.9,79,0,0,1.8,5.3,10.7,639.3,,0,0,29.6,63,32.7,21.8
2026-09-11T23:10:00+05:30,2026-09-11 23:10:00,,,,0,0,21.9,85,0,0,1.8,5.3,10.7,639.3,,0,0,29.6,63,32.7,21.8
2026-09-11T23:05:00+05:30,2026-09-11 23:05:00,,,,0,0,21.9,71,0,0,1.8,5.3,10.7,639.3,,0,0,29.6,63,32.7,21.8
2026-09-11T23:00:00+05:30,2026-09-11 23:00:00,,,,0,3.5,21.9,73,0,0,1.8,5.3,10.7,639.3,,0,0,29.7,63,32.9,21.9
2026-09-11T22:55:00+05:30,2026-09-11 22:55:00,,,,0,0,21.9,75,0,0,1.8,5.3,10.7,639.3,,0,0,29.7,62,32.7,21.7
2026-09-11T22:50:00+05:30,2026-09-11 22:50:00,,,,0,0,21.9,70,0,0,1.8,5.3,10.7,639.3,,0,0,29.7,62,32.7,21.7
2026-09-11T22:45:00+05:30,2026-09-11 22:45:00,,,,0,0,21.9,89,0,0,1.8,5.3,10.7,639.3,,0,0,29.8,62,32.8,21.7
2026-09-11T22:40:00+05:30,2026-09-11 22:40:00,,,,0,0,21.9,76,0,0,1.8,5.3,10.7,639.3,,0,0,29.8,62,32.8,21.7
2026-09-11T22:35:00+05:30,2026-09-11 22:35:00,,,,0,0,21.9,75,0,0,1.8,5.3,10.7,639.3,,0,0,29.8,62,32.8,21.7
2026-09-11T22:30:00+05:30,2026-09-11 22:30:00,,,,0,0,21.9,79,0,0,1.8,5.3,10.7,639.3,,0,0,29.9,62,33,21.8
2026-09-11T22:26:00+05:30,2026-09-11 22:26:00,,,,0,0,21.9,77,0,0,1.8,5.3,10.7,639.3,,0,0,29.9,62,33,21.8
2026-09-11T22:20:00+05:30,2026-09-11 22:20:00,,,,0,0,21.9,72,0,0,1.8,5.3,10.7,639.3,,0,0,29.9,62,33,21.8
2026-09-11T22:15:00+05:30,2026-09-11 22:15:00,,,,0,0,21.9,78,0,0,1.8,5.3,10.7,639.3,,0,0,30,62,33.2,21.9
2026-09-11T22:10:00+05:30,2026-09-11 22:10:00,,,,0,0,21.9,81,0,0,1.8,5.3,10.7,639.3,,0,0,30,62,33.2,21.9
2026-09-11T22:05:00+05:30,2026-09-11 22:05:00,,,,0,0,21.9,80,0,0,1.8,5.3,10.7,639.3,,0,0,30,62,33.2,21.9
2026-09-11T22:00:00+05:30,2026-09-11 22:00:00,,,,0,0,21.9,79,0,0,1.8,5.3,10.7,639.3,,0,0,30.1,62,33.4,22
2026-09-11T21:55:00+05:30,2026-09-11 21:55:00,,,,0,0,21.9,85,0,0,1.8,5.3,10.7,639.3,,0,0,30.1,62,33.4,22
2026-09-11T21:50:00+05:30,2026-09-11 21:50:00,,,,0,0,21.9,83,0,0,1.8,5.3,10.7,639.3,,0,0,30.1,62,33.4,22
2026-09-11T21:45:00+05:30,2026-09-11 21:45:00,,,,0,0,21.9,90,0,0,1.8,5.3,10.7,639.3,,0,0,30.2,62,33.7,22.1
2026-09-11T21:40:00+05:30,2026-09-11 21:40:00,,,,0,1.8,21.9,86,0,0,1.8,5.3,10.7,639.3,,0,0,30.2,62,33.7,22.1
2026-09-11T21:35:00+05:30,2026-09-11 21:35:00,,,,0,0,21.9,75,0,0,1.8,5.3,10.7,639.3,,0,0,30.2,62,33.7,22.1
2026-09-11T21:30:00+05:30,2026-09-11 21:30:00,,,,0,0,21.9,74,0,0,1.8,5.3,10.7,639.3,,0,0,30.2,62,33.7,22.1
2026-09-11T21:25:00+05:30,2026-09-11 21:25:00,,,,0,0,21.9,81,0,0,1.8,5.3,10.7,639.3,,0,0,30.2,62,33.7,22.1
2026-09-11T21:20:00+05:30,2026-09-11 21:20:00,,,,0,7.2,21.9,65,0,0,1.8,5.3,10.7,639.3,,0,0,30.3,62,33.8,22.2
2026-09-11T21:15:00+05:30,2026-09-11 21:15:00,,,,0.6,5.5,21.9,76,0,0,1.8,5.3,10.7,639.3,,0,0,30.3,62,33.8,22.2
2026-09-11T21:10:00+05:30,2026-09-11 21:10:00,,,,0,1.8,21.9,82,0,0,1.8,5.3,10.7,639.3,,0,0,30.3,61,33.6,21.9
2026-09-11T21:06:00+05:30,2026-09-11 21:06:00,,,,0,1.8,21.9,80,0,0,1.8,5.3,10.7,639.3,,0,0,30.3,61,33.6,21.9
2026-09-11T21:00:00+05:30,2026-09-11 21:00:00,,,,0,0,21.9,79,0,0,1.8,5.3,10.7,639.3,,0,0,30.4,61,33.8,22
2026-09-11T20:55:00+05:30,2026-09-11 20:55:00,,,,0,0,21.9,83,0,0,1.8,5.3,10.7,639.3,,0,0,30.5,61,34.1,22.1
2026-09-11T20:50:00+05:30,2026-09-11 20:50:00,,,,0,1.8,21.9,78,0,0,1.8,5.3,10.7,639.3,,0,0,30.5,61,34.1,22.1
2026-09-11T20:45:00+05:30,2026-09-11 20:45:00,,,,0,0,21.9,79,0,0,1.8,5.3,10.7,639.3,,0,0,30.5,61,34.1,22.1
2026-09-11T20:40:00+05:30,2026-09-11 20:40:00,,,,0,0,21.9,86,0,0,1.8,5.3,10.7,639.3,,0,0,30.5,61,34.1,22.1
2026-09-11T20:35:00+05:30,2026-09-11 20:35:00,,,,0,0,21.9,92,0,0,1.8,5.3,10.7,639.3,,0,0,30.6,61,34.3,22.2
2026-09-11T20:30:00+05:30,2026-09-11 20:30:00,,,,0,3.5,21.9,99,0,0,1.8,5.3,10.7,639.3,,0,0,30.6,61,34.3,22.2
2026-09-11T20:25:00+05:30,2026-09-11 20:25:00,,,,4,9.3,21.9,66,0,0,1.8,5.3,10.7,639.3,,0,0,30.6,61,34.3,22.2
2026-09-11T20:20:00+05:30,2026-09-11 20:20:00,,,,6.4,9.3,21.9,87,0,0,1.8,5.3,10.7,639.3,,0,0,30.6,61,34.3,22.2
2026-09-11T20:15:00+05:30,2026-09-11 20:15:00,,,,1.1,7.2,21.9,89,0,0,1.8,5.3,10.7,639.3,,0,0,30.7,60,34.3,22.1
2026-09-11T20:10:00+05:30,2026-09-11 20:10:00,,,,1.4,5.5,21.9,72,0,0,1.8,5.3,10.7,639.3,,0,0,30.7,60,34.3,22.1
2026-09-11T20:05:00+05:30,2026-09-11 20:05:00,,,,1.8,3.5,21.9,82,0,0,1.8,5.3,10.7,639.3,,0,0,30.8,60,34.4,22.1
2026-09-11T20:01:00+05:30,2026-09-11 20:01:00,,,,0.3,5.5,21.9,94,0,0,1.8,5.3,10.7,639.3,,0,0,30.8,60,34.4,22.1
2026-09-11T19:55:00+05:30,2026-09-11 19:55:00,,,,4.7,9.3,21.9,89,0,0,1.8,5.3,10.7,639.3,,0,0,30.8,60,34.4,22.1
2026-09-11T19:50:00+05:30,2026-09-11 19:50:00,,,,0,1.8,21.9,79,0,0,1.8,5.3,10.7,639.3,,0,0,30.9,60,34.6,22.2
2026-09-11T19:45:00+05:30,2026-09-11 19:45:00,,,,4.3,7.2,21.9,102,0,0,1.8,5.3,10.7,639.3,,0,0,30.9,60,34.6,22.2
2026-09-11T19:40:00+05:30,2026-09-11 19:40:00,,,,0,11.1,21.9,88,0,0,1.8,5.3,10.7,639.3,,0,0,30.9,60,34.6,22.2
2026-09-11T19:35:00+05:30,2026-09-11 19:35:00,,,,0,5.5,21.9,88,0,0,1.8,5.3,10.7,639.3,,0,0,31,60,34.8,22.3
2026-09-11T19:30:00+05:30,2026-09-11 19:30:00,,,,0.3,13,21.9,86,0,0,1.8,5.3,10.7,639.3,,0,0,31,60,34.8,22.3
2026-09-11T19:25:00+05:30,2026-09-11 19:25:00,,,,0,3.5,21.9,80,0,0,1.8,5.3,10.7,639.3,,0,0,31.1,60,35.1,22.4
2026-09-11T19:20:00+05:30,2026-09-11 19:20:00,,,,0,3.5,21.9,81,0,0,1.8,5.3,10.7,639.3,,0,0,31.1,59,34.8,22.1
2026-09-11T19:15:00+05:30,2026-09-11 19:15:00,,,,0,1.8,21.9,55,0,0,1.8,5.3,10.7,639.3,,0,0,31.1,59,34.8,22.1
2026-09-11T19:10:00+05:30,2026-09-11 19:10:00,,,,3.5,5.5,21.9,92,0,0,1.8,5.3,10.7,639.3,,0,0,31.2,59,35.1,22.2
2026-09-11T19:05:00+05:30,2026-09-11 19:05:00,,,,2.9,5.5,21.9,56,0,0,1.8,5.3,10.7,639.3,,0,0,31.2,59,35.1,22.2
2026-09-11T19:00:00+05:30,2026-09-11 19:00:00,,,,0,9.3,21.9,86,0,0,1.8,5.3,10.7,639.3,,0,0,31.3,59,35.2,22.3
2026-09-11T18:56:00+05:30,2026-09-11 18:56:00,,,,0,1.8,21.9,91,0,0,1.8,5.3,10.7,639.3,,0,0,31.3,59,35.2,22.3
2026-09-11T18:50:00+05:30,2026-09-11 18:50:00,,,,0,5.5,21.9,78,0,0,1.8,5.3,10.7,639.3,,0,0,31.3,59,35.2,22.3
2026-09-11T18:45:00+05:30,2026-09-11 18:45:00,,,,0,5.5,21.9,85,0,0,1.8,5.3,10.7,639.3,,0,0,31.3,59,35.2,22.3
2026-09-11T18:40:00+05:30,2026-09-11 18:40:00,,,,4,11.1,21.9,89,0,0,1.8,5.3,10.7,639.3,,0,0,31.4,59,35.4,22.4
2026-09-11T18:35:00+05:30,2026-09-11 18:35:00,,,,0,3.5,21.9,125,0,0,1.8,5.3,10.7,639.3,,0,0,31.4,59,35.4,22.4
2026-09-11T18:30:00+05:30,2026-09-11 18:30:00,,,,0,5.5,21.9,90,0,0,1.8,5.3,10.7,639.3,,0,0,31.5,59,35.7,22.5
2026-09-11T18:25:00+05:30,2026-09-11 18:25:00,,,,1.1,11.1,21.9,78,0,0,1.8,5.3,10.7,639.3,,0,0.1,31.5,59,35.7,22.5
2026-09-11T18:20:00+05:30,2026-09-11 18:20:00,,,,8.2,11.1,21.9,82,0,0,1.8,5.3,10.7,639.3,,0,0.2,31.5,59,35.7,22.5
2026-09-11T18:15:00+05:30,2026-09-11 18:15:00,,,,3.2,7.2,21.9,104,0,0,1.8,5.3,10.7,639.3,,0,0.8,31.6,59,35.9,22.6
2026-09-11T18:10:00+05:30,2026-09-11 18:10:00,,,,6.4,9.3,21.9,97,0,0,1.8,5.3,10.7,639.3,,0,2.3,31.6,58,35.6,22.3
2026-09-11T18:05:00+05:30,2026-09-11 18:05:00,,,,5,9.3,21.9,136,0,0,1.8,5.3,10.7,639.3,,0,4.4,31.7,58,35.9,22.4
2026-09-11T18:00:00+05:30,2026-09-11 18:00:00,,,,2.9,7.2,21.9,95,0,0,1.8,5.3,10.7,639.3,,0,7.7,31.7,58,35.9,22.4
2026-09-11T17:55:00+05:30,2026-09-11 17:55:00,,,,0.3,13,21.9,107,0,0,1.8,5.3,10.7,639.3,,0,11.8,31.8,58,36,22.5
2026-09-11T17:51:00+05:30,2026-09-11 17:51:00,,,,0.3,9.3,21.9,74,0,0,1.8,5.3,10.7,639.3,,0,15.9,31.8,58,36,22.5
2026-09-11T17:45:00+05:30,2026-09-11 17:45:00,,,,0.3,5.5,21.9,89,0,0,1.8,5.3,10.7,639.3,,0,20.8,31.9,58,36.2,22.6
2026-09-11T17:40:00+05:30,2026-09-11 17:40:00,,,,0,7.2,21.9,120,0,0,1.8,5.3,10.7,639.3,,0,24.5,32,58,36.5,22.7
2026-09-11T17:35:00+05:30,2026-09-11 17:35:00,,,,2.1,7.2,21.9,103,0,0,1.8,5.3,10.7,639.3,,0,31.9,32,58,36.5,22.7
2026-09-11T17:30:00+05:30,2026-09-11 17:30:00,,,,0,9.3,21.9,78,0,0,1.8,5.3,10.7,639.3,,0,39.3,32,58,36.5,22.7
2026-09-11T17:25:00+05:30,2026-09-11 17:25:00,,,,0,14.8,21.9,84,0,0,1.8,5.3,10.7,639.3,,0,45.9,32.1,58,36.7,22.8
2026-09-11T17:20:00+05:30,2026-09-11 17:20:00,,,,2.1,5.5,21.9,121,0,0,1.8,5.3,10.7,639.3,,0,48.2,32.1,58,36.7,22.8
2026-09-11T17:15:00+05:30,2026-09-11 17:15:00,,,,0,5.5,21.9,103,0,0,1.8,5.3,10.7,639.3,,0,58,32.1,58,36.7,22.8
2026-09-11T17:10:00+05:30,2026-09-11 17:10:00,,,,0.3,3.5,21.9,106,0,0,1.8,5.3,10.7,639.3,,0,66.1,32.2,58,37,22.9
2026-09-11T17:05:00+05:30,2026-09-11 17:05:00,,,,1.1,3.5,21.9,81,0,0,1.8,5.3,10.7,639.3,,0,72.5,32.1,58,36.7,22.8
2026-09-11T17:00:00+05:30,2026-09-11 17:00:00,,,,3.5,11.1,21.9,66,0,0,1.8,5.3,10.7,639.3,,0,78.1,32.2,57,36.7,22.6
2026-09-11T16:55:00+05:30,2026-09-11 16:55:00,,,,0,7.2,21.9,84,0,0,1.8,5.3,10.7,639.3,,0,87.7,32.2,57,36.7,22.6
2026-09-11T16:50:00+05:30,2026-09-11 16:50:00,,,,4.7,11.1,21.9,62,0,0,1.8,5.3,10.7,639.3,,0,83.5,32.3,57,36.8,22.7
2026-09-11T16:46:00+05:30,2026-09-11 16:46:00,,,,2.1,11.1,21.9,74,0,0,1.8,5.3,10.7,639.3,,0,78.9,32.2,57,36.7,22.6
2026-09-11T16:40:00+05:30,2026-09-11 16:40:00,,,,3.2,11.1,21.9,120,0,0,1.8,5.3,10.7,639.3,,1,149,32.3,57,36.8,22.7
2026-09-11T16:35:00+05:30,2026-09-11 16:35:00,,,,1.4,14.8,21.9,119,0,0,1.8,5.3,10.7,639.3,,1,168,32.3,57,36.8,22.7
2026-09-11T16:30:00+05:30,2026-09-11 16:30:00,,,,3.2,9.3,21.9,68,0,0,1.8,5.3,10.7,639.3,,1,187.7,32.3,57,36.8,22.7
2026-09-11T16:25:00+05:30,2026-09-11 16:25:00,,,,5,13,21.9,70,0,0,1.8,5.3,10.7,639.3,,1,190,32.3,57,36.8,22.7
2026-09-11T16:20:00+05:30,2026-09-11 16:20:00,,,,0.3,7.2,21.9,36,0,0,1.8,5.3,10.7,639.3,,2,223.8,32.4,57,37.1,22.8
2026-09-11T16:15:00+05:30,2026-09-11 16:15:00,,,,6.4,13,21.9,120,0,0,1.8,5.3,10.7,639.3,,2,245.2,32.4,57,37.1,22.8
2026-09-11T16:10:00+05:30,2026-09-11 16:10:00,,,,1.4,11.1,21.9,130,0,0,1.8,5.3,10.7,639.3,,2,254.5,32.4,57,37.1,22.8
2026-09-11T16:05:00+05:30,2026-09-11 16:05:00,,,,1.8,9.3,21.9,105,0,0,1.8,5.3,10.7,639.3,,2,221.8,32.4,57,37.1,22.8
2026-09-11T16:00:00+05:30,2026-09-11 16:00:00,,,,6.4,9.3,21.9,66,0,0,1.8,5.3,10.7,639.3,,2,280.9,32.4,57,37.1,22.8
2026-09-11T15:55:00+05:30,2026-09-11 15:55:00,,,,11.1,16.6,21.9,20,0,0,1.8,5.3,10.7,639.3,,3,355,32.4,57,37.1,22.8
2026-09-11T15:50:00+05:30,2026-09-11 15:50:00,,,,2.9,7.2,21.9,64,0,0,1.8,5.3,10.7,639.3,,3,356.2,32.5,57,37.3,22.8
2026-09-11T15:45:00+05:30,2026-09-11 15:45:00,,,,3.5,5.5,21.9,120,0,0,1.8,5.3,10.7,639.3,,3,383.3,32.5,57,37.3,22.8
2026-09-11T15:40:00+05:30,2026-09-11 15:40:00,,,,5.5,9.3,21.9,70,0,0,1.8,5.3,10.7,639.3,,4,420.1,32.5,57,37.3,22.8
2026-09-11T15:35:00+05:30,2026-09-11 15:35:00,,,,4,9.3,21.9,69,0,0,1.8,5.3,10.7,639.3,,3,356.8,32.4,57,37.1,22.8
2026-09-11T15:30:00+05:30,2026-09-11 15:30:00,,,,0.3,9.3,21.9,190,0,0,1.8,5.3,10.7,639.3,,4,437.8,32.4,57,37.1,22.8
2026-09-11T15:26:00+05:30,2026-09-11 15:26:00,,,,12.2,16.6,21.9,90,0,0,1.8,5.3,10.7,639.3,,4,449,32.5,57,37.3,22.8
2026-09-11T15:20:00+05:30,2026-09-11 15:20:00,,,,6.9,14.8,21.9,10,0,0,1.8,5.3,10.7,639.3,,4,479.1,32.5,57,37.3,22.8
2026-09-11T15:15:00+05:30,2026-09-11 15:15:00,,,,2.9,16.6,21.9,60,0,0,1.8,5.3,10.7,639.3,,4,478.7,32.5,57,37.3,22.8
2026-09-11T15:10:00+05:30,2026-09-11 15:10:00,,,,1.4,11.1,21.9,34,0,0,1.8,5.3,10.7,639.3,,4,509.3,32.6,57,37.6,22.9
2026-09-11T15:05:00+05:30,2026-09-11 15:05:00,,,,4.3,13,21.9,97,0,0,1.8,5.3,10.7,639.3,,5,534.8,32.5,57,37.3,22.8
2026-09-11T15:00:00+05:30,2026-09-11 15:00:00,,,,6.9,13,21.9,54,0,0,1.8,5.3,10.7,639.3,,1,199.2,32.5,57,37.3,22.8
2026-09-11T14:55:00+05:30,2026-09-11 14:55:00,,,,3.2,9.3,21.9,122,0,0,1.8,5.3,10.7,639.3,,1,157.8,32.5,57,37.3,22.8
2026-09-11T14:50:00+05:30,2026-09-11 14:50:00,,,,2.1,14.8,21.9,48,0,0,1.8,5.3,10.7,639.3,,5,576.8,32.5,57,37.3,22.8
2026-09-11T14:45:00+05:30,2026-09-11 14:45:00,,,,0,13,21.9,86,0,0,1.8,5.3,10.7,639.3,,4,440.8,32.4,57,37.1,22.8
2026-09-11T14:40:00+05:30,2026-09-11 14:40:00,,,,2.9,3.5,21.9,75,0,0,1.8,5.3,10.7,639.3,,6,625.9,32.3,57,36.8,22.7
2026-09-11T14:35:00+05:30,2026-09-11 14:35:00,,,,3.2,16.6,21.9,131,0,0,1.8,5.3,10.7,639.3,,5,588.8,32.3,57,36.8,22.7
2026-09-11T14:30:00+05:30,2026-09-11 14:30:00,,,,5.8,9.3,21.9,63,0,0,1.8,5.3,10.7,639.3,,6,677.7,32.3,58,37.1,22.9
2026-09-11T14:25:00+05:30,2026-09-11 14:25:00,,,,3.2,13,21.9,93,0,0,1.8,5.3,10.7,639.3,,4,496.7,32.2,58,37,22.9
2026-09-11T14:21:00+05:30,2026-09-11 14:21:00,,,,4.3,7.2,21.9,171,0,0,1.8,5.3,10.7,639.3,,6,675.1,32.2,58,37,22.9
2026-09-11T14:15:00+05:30,2026-09-11 14:15:00,,,,2.1,14.8,21.9,43,0,0,1.8,5.3,10.7,639.3,,6,699.2,32.1,58,36.7,22.8
2026-09-11T14:10:00+05:30,2026-09-11 14:10:00,,,,0,13,21.9,93,0,0,1.8,5.3,10.7,639.3,,7,725.7,32,58,36.5,22.7
2026-09-11T14:05:00+05:30,2026-09-11 14:05:00,,,,4,7.2,21.9,118,0,0,1.8,5.3,10.7,639.3,,7,740,32,58,36.5,22.7
2026-09-11T14:00:00+05:30,2026-09-11 14:00:00,,,,8.7,18.3,21.9,117,0,0,1.8,5.3,10.7,639.3,,7,751.9,31.9,58,36.2,22.6
2026-09-11T13:55:00+05:30,2026-09-11 13:55:00,,,,1.4,7.2,21.9,56,0,0,1.8,5.3,10.7,639.3,,5,569.1,31.9,58,36.2,22.6
2026-09-11T13:50:00+05:30,2026-09-11 13:50:00,,,,1.4,7.2,21.9,224,0,0,1.8,5.3,10.7,639.3,,7,757.7,31.8,58,36,22.5
2026-09-11T13:45:00+05:30,2026-09-11 13:45:00,,,,9.3,16.6,21.9,81,0,0,1.8,5.3,10.7,639.3,,7,770.7,31.8,58,36,22.5
2026-09-11T13:40:00+05:30,2026-09-11 13:40:00,,,,5.5,16.6,21.9,84,0,0,1.8,5.3,10.7,639.3,,7,797.4,31.7,58,35.9,22.4
2026-09-11T13:35:00+05:30,2026-09-11 13:35:00,,,,10.5,11.1,21.9,97,0,0,1.8,5.3,10.7,639.3,,2,269.1,31.7,58,35.9,22.4
2026-09-11T13:30:00+05:30,2026-09-11 13:30:00,,,,2.1,9.3,21.9,108,0,0,1.8,5.3,10.7,639.3,,2,293.2,31.6,58,35.6,22.3
2026-09-11T13:25:00+05:30,2026-09-11 13:25:00,,,,10.8,13,21.9,102,0,0,1.8,5.3,10.7,639.3,,8,874,31.6,59,35.9,22.6
2026-09-11T13:20:00+05:30,2026-09-11 13:20:00,,,,4.7,13,21.9,60,0,0,1.8,5.3,10.7,639.3,,2,297.9,31.6,59,35.9,22.6
2026-09-11T13:16:00+05:30,2026-09-11 13:16:00,,,,1.1,9.3,21.9,92,0,0,1.8,5.3,10.7,639.3,,8,860.7,31.5,59,35.7,22.5
2026-09-11T13:10:00+05:30,2026-09-11 13:10:00,,,,1.4,9.3,21.9,75,0,0,1.8,5.3,10.7,639.3,,9,924.9,31.4,58,35.2,22.1
2026-09-11T13:05:00+05:30,2026-09-11 13:05:00,,,,4.7,21.9,21.9,38,0,0,1.8,5.3,10.7,639.3,,3,353.9,31.3,59,35.2,22.3
2026-09-11T13:00:00+05:30,2026-09-11 13:00:00,,,,0,16.6,20.1,75,0,0,1.8,5.3,10.7,639.3,,5,584.2,31.2,59,35.1,22.2
2026-09-11T12:55:00+05:30,2026-09-11 12:55:00,,,,0,9.3,20.1,119,0,0,1.8,5.3,10.7,639.3,,3,317.7,31.1,58,34.6,21.8
2026-09-11T12:50:00+05:30,2026-09-11 12:50:00,,,,7.6,11.1,20.1,134,0,0,1.8,5.3,10.7,639.3,,8,915.3,31,58,34.3,21.7
2026-09-11T12:45:00+05:30,2026-09-11 12:45:00,,,,5,11.1,20.1,67,0,0,1.8,5.3,10.7,639.3,,8,910,30.9,58,34.1,21.7
2026-09-11T12:40:00+05:30,2026-09-11 12:40:00,,,,1.4,14.8,20.1,89,0,0,1.8,5.3,10.7,639.3,,9,924.5,30.9,58,34.1,21.7
2026-09-11T12:35:00+05:30,2026-09-11 12:35:00,,,,5,9.3,20.1,116,0,0,1.8,5.3,10.7,639.3,,8,919.8,30.9,58,34.1,21.7
2026-09-11T12:30:00+05:30,2026-09-11 12:30:00,,,,4.3,7.2,20.1,190,0,0,1.8,5.3,10.7,639.3,,2,230.9,30.7,59,34.1,21.8
2026-09-11T12:25:00+05:30,2026-09-11 12:25:00,,,,9.3,18.3,20.1,54,0,0,1.8,5.3,10.7,639.3,,3,366.8,30.7,59,34.1,21.8
2026-09-11T12:20:00+05:30,2026-09-11 12:20:00,,,,0,5.5,20.1,76,0,0,1.8,5.3,10.7,639.3,,8,918.7,30.7,59,34.1,21.8
2026-09-11T12:15:00+05:30,2026-09-11 12:15:00,,,,3.5,16.6,20.1,68,0,0,1.8,5.3,10.7,639.3,,9,961.8,30.6,59,33.8,21.7
2026-09-11T12:10:00+05:30,2026-09-11 12:10:00,,,,1.8,13,20.1,214,0,0,1.8,5.3,10.7,639.3,,8,900.6,30.5,59,33.6,21.6
2026-09-11T12:05:00+05:30,2026-09-11 12:05:00,,,,6.9,11.1,20.1,54,0,0,1.8,5.3,10.7,639.3,,10,1081.4,30.4,59,33.4,21.4
2026-09-11T12:00:00+05:30,2026-09-11 12:00:00,,,,6.4,13,20.1,99,0,0,1.8,5.3,10.7,639.3,,7,771.8,30.4,59,33.4,21.4
2026-09-11T11:55:00+05:30,2026-09-11 11:55:00,,,,7.2,16.6,20.1,82,0,0,1.8,5.3,10.7,639.3,,2,249.3,30.3,59,33.2,21.3
2026-09-11T11:50:00+05:30,2026-09-11 11:50:00,,,,3.5,7.2,20.1,67,0,0,1.8,5.3,10.7,639.3,,2,263.8,30.2,60,33.3,21.6
2026-09-11T11:45:00+05:30,2026-09-11 11:45:00,,,,0.3,11.1,20.1,104,0,0,1.8,5.3,10.7,639.3,,3,396.5,30.2,60,33.3,21.6
2026-09-11T11:40:00+05:30,2026-09-11 11:40:00,,,,1.1,13,20.1,84,0,0,1.8,5.3,10.7,639.3,,2,226,30.1,60,33.1,21.5
2026-09-11T11:35:00+05:30,2026-09-11 11:35:00,,,,1.4,11.1,20.1,63,0,0,1.8,5.3,10.7,639.3,,2,272,30.1,60,33.1,21.5
2026-09-11T11:30:00+05:30,2026-09-11 11:30:00,,,,2.6,9.3,20.1,54,0,0,1.8,5.3,10.7,639.3,,9,1021.7,30,60,32.8,21.4
2026-09-11T11:25:00+05:30,2026-09-11 11:25:00,,,,4.3,16.6,20.1,85,0,0,1.8,5.3,10.7,639.3,,6,689.5,29.9,60,32.6,21.3
2026-09-11T11:20:00+05:30,2026-09-11 11:20:00,,,,12.2,16.6,20.1,166,0,0,1.8,5.3,10.7,639.3,,2,281.6,29.9,60,32.6,21.3
2026-09-11T11:15:00+05:30,2026-09-11 11:15:00,,,,0.6,14.8,20.1,156,0,0,1.8,5.3,10.7,639.3,,4,507.6,29.8,60,32.4,21.2
2026-09-11T11:10:00+05:30,2026-09-11 11:10:00,,,,2.1,9.3,20.1,128,0,0,1.8,5.3,10.7,639.3,,8,900.8,29.7,60,32.3,21.1
2026-09-11T11:05:00+05:30,2026-09-11 11:05:00,,,,11.9,20.1,20.1,85,0,0,1.8,5.3,10.7,639.3,,9,928.4,29.6,61,32.3,21.3
2026-09-11T11:00:00+05:30,2026-09-11 11:00:00,,,,4,7.2,16.6,131,0,0,1.8,5.3,10.7,639.3,,8,900.7,29.5,61,32.1,21.2
2026-09-11T10:55:00+05:30,2026-09-11 10:55:00,,,,11.1,13,16.6,58,0,0,1.8,5.3,10.7,639.3,,8,879.1,29.5,61,32.1,21.2
2026-09-11T10:51:00+05:30,2026-09-11 10:51:00,,,,10.8,16.6,16.6,54,0,0,1.8,5.3,10.7,639.3,,8,881,29.4,62,32.1,21.3
2026-09-11T10:45:00+05:30,2026-09-11 10:45:00,,,,3.2,13,16.6,75,0,0,1.8,5.3,10.7,639.3,,8,869.4,29.4,62,32.1,21.3
2026-09-11T10:40:00+05:30,2026-09-11 10:40:00,,,,9,14.8,16.6,91,0,0,1.8,5.3,10.7,639.3,,8,897.4,29.3,62,31.8,21.2
2026-09-11T10:35:00+05:30,2026-09-11 10:35:00,,,,0.6,13,16.6,86,0,0,1.8,5.3,10.7,639.3,,2,248.5,29.2,62,31.7,21.2
2026-09-11T10:30:00+05:30,2026-09-11 10:30:00,,,,8.7,16.6,16.6,78,0,0,1.8,5.3,10.7,639.3,,8,857.6,29.1,62,31.6,21.1
2026-09-11T10:27:00+05:30,2026-09-11 10:27:00,,,,0,0,0,83,0,0,1.8,5.3,10.7,639.3,,8,835.5,29.1,62,31.6,21.1
2026-09-11T10:20:00+05:30,2026-09-11 10:20:00,,,,5.8,9.3,23.8,74,0,1.8,1.8,5.3,10.7,639.3,,7,731.3,29,62,31.3,20.9
2026-09-11T10:15:00+05:30,2026-09-11 10:15:00,,,,5,11.1,23.8,81,0,1.8,1.8,5.3,10.7,639.3,,8,842.5,28.9,62,31.2,20.9
2026-09-11T10:10:00+05:30,2026-09-11 10:10:00,,,,0.3,13,23.8,98,0,1.8,1.8,5.3,10.7,639.3,,7,815.1,28.8,62,30.9,20.8
2026-09-11T10:05:00+05:30,2026-09-11 10:05:00,,,,7.2,9.3,23.8,112,0,1.8,1.8,5.3,10.7,639.3,,7,789.6,28.8,62,30.9,20.8
2026-09-11T10:00:00+05:30,2026-09-11 10:00:00,,,,6.4,9.3,23.8,155,0,1.8,1.8,5.3,10.7,639.3,,7,767.7,28.7,62,30.8,20.7
2026-09-11T09:55:00+05:30,2026-09-11 09:55:00,,,,10.8,16.6,23.8,151,0,1.8,1.8,5.3,10.7,639.3,,7,762.6,28.6,63,30.8,20.8
2026-09-11T09:50:00+05:30,2026-09-11 09:50:00,,,,6.1,16.6,23.8,130,0,1.8,1.8,5.3,10.7,639.3,,2,220.9,28.6,63,30.8,20.8
2026-09-11T09:45:00+05:30,2026-09-11 09:45:00,,,,1.1,13,23.8,101,0,1.8,1.8,5.3,10.7,639.3,,1,110.9,28.5,63,30.6,20.8
2026-09-11T09:40:00+05:30,2026-09-11 09:40:00,,,,10.8,16.6,23.8,115,0,1.8,1.8,5.3,10.7,639.3,,1,114.1,28.5,63,30.6,20.8
2026-09-11T09:35:00+05:30,2026-09-11 09:35:00,,,,0,9.3,23.8,92,0,1.8,1.8,5.3,10.7,639.3,,2,223.3,28.4,63,30.4,20.7
2026-09-11T09:30:00+05:30,2026-09-11 09:30:00,,,,1.4,7.2,13,87,10.9,1.8,1.8,5.3,10.7,639.3,,4,445.7,28.3,64,30.4,20.8
2026-09-11T09:29:00+05:30,2026-09-11 09:29:00,,,,0,13,13,75,10.9,1.8,1.8,5.3,10.7,639.3,,2,208.4,28.3,64,30.4,20.8
2026-09-11T09:20:00+05:30,2026-09-11 09:20:00,,,,3.5,11.1,16.6,112,0,0,0,3.6,8.9,637.3,,1,113.3,28.2,64,30.3,20.8
2026-09-11T09:15:00+05:30,2026-09-11 09:15:00,,,,3.5,5.5,14.8,84,0,0,0,3.6,8.9,637.3,,1,202.3,28.1,64,30.1,20.7
2026-09-11T09:10:00+05:30,2026-09-11 09:10:00,,,,0,11.1,14.8,114,0,0,0,3.6,8.9,637.3,,0,88.8,28,64,29.9,20.6
2026-09-11T09:06:00+05:30,2026-09-11 09:06:00,,,,1.4,14.8,14.8,85,0,0,0,3.6,8.9,637.3,,0,93.3,27.9,64,29.7,20.4
2026-09-11T09:00:00+05:30,2026-09-11 09:00:00,,,,0.3,7.2,11.1,125,0,0,0,3.6,8.9,637.3,,1,144.1,27.9,64,29.7,20.4
2026-09-11T08:55:00+05:30,2026-09-11 08:55:00,,,,3.5,7.2,11.1,193,0,0,0,3.6,8.9,637.3,,2,280.9,27.8,63,29.4,20.1
2026-09-11T08:50:00+05:30,2026-09-11 08:50:00,,,,0.3,7.2,11.1,145,0,0,0,3.6,8.9,637.3,,1,157.4,27.7,63,29.3,20
2026-09-11T08:45:00+05:30,2026-09-11 08:45:00,,,,0,7.2,11.1,80,0,0,0,3.6,8.9,637.3,,3,316.9,27.7,63,29.3,20
2026-09-11T08:40:00+05:30,2026-09-11 08:40:00,,,,0,1.8,11.1,126,0,0,0,3.6,8.9,637.3,,2,251.3,27.6,63,29.2,19.9
2026-09-11T08:35:00+05:30,2026-09-11 08:35:00,,,,0,5.5,11.1,57,0,0,0,3.6,8.9,637.3,,3,386.4,27.6,63,29.2,19.9
2026-09-11T08:30:00+05:30,2026-09-11 08:30:00,,,,0,5.5,11.1,130,0,0,0,3.6,8.9,637.3,,3,326.4,27.6,63,29.2,19.9
2026-09-11T08:25:00+05:30,2026-09-11 08:25:00,,,,1.4,3.5,11.1,69,0,0,0,3.6,8.9,637.3,,1,107.4,27.5,63,29,19.8
2026-09-11T08:20:00+05:30,2026-09-11 08:20:00,,,,1.1,3.5,11.1,83,0,0,0,3.6,8.9,637.3,,1,139.9,27.5,63,29,19.8
2026-09-11T08:15:00+05:30,2026-09-11 08:15:00,,,,0,3.5,11.1,196,0,0,0,3.6,8.9,637.3,,1,104.1,27.5,63,29,19.8
2026-09-11T08:10:00+05:30,2026-09-11 08:10:00,,,,0,3.5,11.1,173,0,0,0,3.6,8.9,637.3,,1,132.4,27.4,63,28.8,19.7
2026-09-11T08:05:00+05:30,2026-09-11 08:05:00,,,,0,3.5,11.1,103,0,0,0,3.6,8.9,637.3,,0,79.6,27.4,63,28.8,19.7
2026-09-11T08:01:00+05:30,2026-09-11 08:01:00,,,,0,9.3,11.1,116,0,0,0,3.6,8.9,637.3,,0,98.3,27.4,62,28.8,19.4
2026-09-11T07:55:00+05:30,2026-09-11 07:55:00,,,,0,7.2,11.1,72,0,0,0,3.6,8.9,637.3,,1,128.8,27.3,62,28.6,19.3
2026-09-11T07:50:00+05:30,2026-09-11 07:50:00,,,,0,7.2,11.1,101,0,0,0,3.6,8.9,637.3,,1,138.6,27.4,62,28.8,19.4
2026-09-11T07:45:00+05:30,2026-09-11 07:45:00,,,,0,7.2,11.1,138,0,0,0,3.6,8.9,637.3,,1,137.6,27.3,62,28.6,19.3
2026-09-11T07:40:00+05:30,2026-09-11 07:40:00,,,,1.1,5.5,11.1,105,0,0,0,3.6,8.9,637.3,,0,74.3,27.3,62,28.6,19.3
2026-09-11T07:35:00+05:30,2026-09-11 07:35:00,,,,0.6,5.5,9.3,75,0,0,0,3.6,8.9,637.3,,1,144,27.3,62,28.6,19.3
2026-09-11T07:30:00+05:30,2026-09-11 07:30:00,,,,2.1,5.5,9.3,64,0,0,0,3.6,8.9,637.3,,0,95.9,27.2,62,28.6,19.3
2026-09-11T07:25:00+05:30,2026-09-11 07:25:00,,,,0.6,3.5,7.2,114,0,0,0,3.6,8.9,637.3,,1,112.5,27.2,62,28.6,19.3
2026-09-11T07:20:00+05:30,2026-09-11 07:20:00,,,,0,3.5,7.2,97,0,0,0,3.6,8.9,637.3,,1,110.7,27.2,62,28.6,19.3
2026-09-11T07:15:00+05:30,2026-09-11 07:15:00,,,,0,1.8,7.2,96,0,0,0,3.6,8.9,637.3,,1,138.1,27.2,62,28.6,19.3
2026-09-11T07:10:00+05:30,2026-09-11 07:10:00,,,,0,3.5,7.2,135,0,0,0,3.6,8.9,637.3,,1,154.1,27.1,62,28.4,19.2
2026-09-11T07:05:00+05:30,2026-09-11 07:05:00,,,,0,0,7.2,79,0,0,0,3.6,8.9,637.3,,1,136.7,27.1,62,28.4,19.2
2026-09-11T07:00:00+05:30,2026-09-11 07:00:00,,,,0,5.5,7.2,81,0,0,0,3.6,8.9,637.3,,1,119.4,27.1,62,28.4,19.2
2026-09-11T06:56:00+05:30,2026-09-11 06:56:00,,,,0,1.8,7.2,88,0,0,0,3.6,8.9,637.3,,1,105,27.1,62,28.4,19.2
2026-09-11T06:50:00+05:30,2026-09-11 06:50:00,,,,0,0,7.2,77,0,0,0,3.6,8.9,637.3,,0,88.6,27,62,28.2,19.1
2026-09-11T06:45:00+05:30,2026-09-11 06:45:00,,,,0,0,7.2,77,0,0,0,3.6,8.9,637.3,,0,64.2,27,61,28.2,18.8
2026-09-11T06:40:00+05:30,2026-09-11 06:40:00,,,,0,0,7.2,78,0,0,0,3.6,8.9,637.3,,0,56.6,27,61,28.2,18.8
2026-09-11T06:35:00+05:30,2026-09-11 06:35:00,,,,0,0,7.2,70,0,0,0,3.6,8.9,637.3,,0,33.2,27,61,28.2,18.8
2026-09-11T06:30:00+05:30,2026-09-11 06:30:00,,,,0,0,7.2,77,0,0,0,3.6,8.9,637.3,,0,27.2,27,61,28.2,18.8
2026-09-11T06:25:00+05:30,2026-09-11 06:25:00,,,,0,0,7.2,73,0,0,0,3.6,8.9,637.3,,0,21.6,27,61,28.2,18.8
2026-09-11T06:20:00+05:30,2026-09-11 06:20:00,,,,0,0,7.2,80,0,0,0,3.6,8.9,637.3,,0,16.1,27,61,28.2,18.8
2026-09-11T06:15:00+05:30,2026-09-11 06:15:00,,,,0,0,7.2,89,0,0,0,3.6,8.9,637.3,,0,12.2,27,61,28.2,18.8
2026-09-11T06:10:00+05:30,2026-09-11 06:10:00,,,,0,0,7.2,70,0,0,0,3.6,8.9,637.3,,0,8.8,27.1,61,28.3,18.9
2026-09-11T06:05:00+05:30,2026-09-11 06:05:00,,,,0,0,7.2,99,0,0,0,3.6,8.9,637.3,,0,6,27.1,61,28.3,18.9
2026-09-11T06:00:00+05:30,2026-09-11 06:00:00,,,,0.3,1.8,7.2,81,0,0,0,3.6,8.9,637.3,,0,3.1,27.1,61,28.3,18.9
2026-09-11T05:55:00+05:30,2026-09-11 05:55:00,,,,0,0,7.2,88,0,0,0,3.6,8.9,637.3,,0,1.3,27.1,61,28.3,18.9
2026-09-11T05:51:00+05:30,2026-09-11 05:51:00,,,,0,0,7.2,81,0,0,0,3.6,8.9,637.3,,0,0.6,27.1,61,28.3,18.9
2026-09-11T05:45:00+05:30,2026-09-11 05:45:00,,,,0,0,7.2,76,0,0,0,3.6,8.9,637.3,,0,0.1,27.2,61,28.4,19.1
2026-09-11T05:40:00+05:30,2026-09-11 05:40:00,,,,0,1.8,7.2,77,0,0,0,3.6,8.9,637.3,,0,0,27.2,60,28.4,18.8
2026-09-11T05:35:00+05:30,2026-09-11 05:35:00,,,,0,3.5,7.2,78,0,0,0,3.6,8.9,637.3,,0,0,27.2,60,28.4,18.8
2026-09-11T05:30:00+05:30,2026-09-11 05:30:00,,,,0,0,7.2,80,0,0,0,3.6,8.9,637.3,,0,0,27.2,60,28.4,18.8
2026-09-11T05:25:00+05:30,2026-09-11 05:25:00,,,,0,0,7.2,74,0,0,0,3.6,8.9,637.3,,0,0,27.2,60,28.4,18.8
2026-09-11T05:20:00+05:30,2026-09-11 05:20:00,,,,0,0,7.2,80,0,0,0,3.6,8.9,637.3,,0,0,27.3,60,28.4,18.8
2026-09-11T05:15:00+05:30,2026-09-11 05:15:00,,,,0,0,7.2,76,0,0,0,3.6,8.9,637.3,,0,0,27.3,60,28.4,18.8
2026-09-11T05:10:00+05:30,2026-09-11 05:10:00,,,,0,0,7.2,74,0,0,0,3.6,8.9,637.3,,0,0,27.3,60,28.4,18.8
2026-09-11T05:05:00+05:30,2026-09-11 05:05:00,,,,0,0,7.2,74,0,0,0,3.6,8.9,637.3,,0,0,27.3,60,28.4,18.8
2026-09-11T05:00:00+05:30,2026-09-11 05:00:00,,,,0,0,7.2,76,0,0,0,3.6,8.9,637.3,,0,0,27.3,60,28.4,18.8
2026-09-11T04:55:00+05:30,2026-09-11 04:55:00,,,,0,0,7.2,76,0,0,0,3.6,8.9,637.3,,0,0,27.3,60,28.4,18.8
2026-09-11T04:50:00+05:30,2026-09-11 04:50:00,,,,0,0,7.2,105,0,0,0,3.6,8.9,637.3,,0,0,27.3,60,28.4,18.8
2026-09-11T04:45:00+05:30,2026-09-11 04:45:00,,,,0,0,7.2,91,0,0,0,3.6,8.9,637.3,,0,0,27.4,60,28.6,18.9
2026-09-11T04:40:00+05:30,2026-09-11 04:40:00,,,,0,0,7.2,77,0,0,0,3.6,8.9,637.3,,0,0,27.4,60,28.6,18.9
2026-09-11T04:35:00+05:30,2026-09-11 04:35:00,,,,0,0,7.2,83,0,0,0,3.6,8.9,637.3,,0,0,27.4,60,28.6,18.9
2026-09-11T04:31:00+05:30,2026-09-11 04:31:00,,,,0,0,7.2,79,0,0,0,3.6,8.9,637.3,,0,0,27.5,60,28.7,19
2026-09-11T04:25:00+05:30,2026-09-11 04:25:00,,,,0,0,7.2,80,0,0,0,3.6,8.9,637.3,,0,0,27.5,60,28.7,19
2026-09-11T04:20:00+05:30,2026-09-11 04:20:00,,,,0,0,7.2,98,0,0,0,3.6,8.9,637.3,,0,0,27.5,60,28.7,19
2026-09-11T04:15:00+05:30,2026-09-11 04:15:00,,,,0,0,7.2,84,0,0,0,3.6,8.9,637.3,,0,0,27.5,60,28.7,19
2026-09-11T04:10:00+05:30,2026-09-11 04:10:00,,,,0,0,7.2,81,0,0,0,3.6,8.9,637.3,,0,0,27.5,60,28.7,19
2026-09-11T04:05:00+05:30,2026-09-11 04:05:00,,,,0,0,7.2,69,0,0,0,3.6,8.9,637.3,,0,0,27.6,60,28.9,19.1
2026-09-11T04:00:00+05:30,2026-09-11 04:00:00,,,,0,0,7.2,78,0,0,0,3.6,8.9,637.3,,0,0,27.6,60,28.9,19.1
2026-09-11T03:55:00+05:30,2026-09-11 03:55:00,,,,0,0,7.2,79,0,0,0,3.6,8.9,637.3,,0,0,27.6,60,28.9,19.1
2026-09-11T03:50:00+05:30,2026-09-11 03:50:00,,,,0,0,7.2,78,0,0,0,3.6,8.9,637.3,,0,0,27.6,60,28.9,19.1
2026-09-11T03:45:00+05:30,2026-09-11 03:45:00,,,,0,0,7.2,89,0,0,0,3.6,8.9,637.3,,0,0,27.7,60,29.1,19.2
2026-09-11T03:40:00+05:30,2026-09-11 03:40:00,,,,0,0,7.2,82,0,0,0,3.6,8.9,637.3,,0,0,27.6,60,28.9,19.1
2026-09-11T03:35:00+05:30,2026-09-11 03:35:00,,,,0,0,7.2,94,0,0,0,3.6,8.9,637.3,,0,0,27.7,60,29.1,19.2
2026-09-11T03:30:00+05:30,2026-09-11 03:30:00,,,,0,0,7.2,79,0,0,0,3.6,8.9,637.3,,0,0,27.7,60,29.1,19.2
2026-09-11T03:26:00+05:30,2026-09-11 03:26:00,,,,0,0,7.2,83,0,0,0,3.6,8.9,637.3,,0,0,27.7,60,29.1,19.2
2026-09-11T03:20:00+05:30,2026-09-11 03:20:00,,,,0,1.8,7.2,92,0,0,0,3.6,8.9,637.3,,0,0,27.7,60,29.1,19.2
2026-09-11T03:15:00+05:30,2026-09-11 03:15:00,,,,0,0,7.2,89,0,0,0,3.6,8.9,637.3,,0,0,27.8,60,29.1,19.3
2026-09-11T03:10:00+05:30,2026-09-11 03:10:00,,,,0,0,7.2,83,0,0,0,3.6,8.9,637.3,,0,0,27.8,60,29.1,19.3
2026-09-11T03:05:00+05:30,2026-09-11 03:05:00,,,,1.4,1.8,7.2,69,0,0,0,3.6,8.9,637.3,,0,0,27.8,60,29.1,19.3
2026-09-11T03:00:00+05:30,2026-09-11 03:00:00,,,,5.8,7.2,7.2,93,0,0,0,3.6,8.9,637.3,,0,0,27.8,60,29.1,19.3
2026-09-11T02:55:00+05:30,2026-09-11 02:55:00,,,,2.1,3.5,7.2,81,0,0,0,3.6,8.9,637.3,,0,0,27.9,60,29.3,19.4
2026-09-11T02:50:00+05:30,2026-09-11 02:50:00,,,,0,0,7.2,89,0,0,0,3.6,8.9,637.3,,0,0,27.9,60,29.3,19.4
2026-09-11T02:45:00+05:30,2026-09-11 02:45:00,,,,0,0,7.2,84,0,0,0,3.6,8.9,637.3,,0,0,27.9,60,29.3,19.4
2026-09-11T02:40:00+05:30,2026-09-11 02:40:00,,,,0,0,7.2,75,0,0,0,3.6,8.9,637.3,,0,0,27.9,60,29.3,19.4
2026-09-11T02:35:00+05:30,2026-09-11 02:35:00,,,,0,0,7.2,80,0,0,0,3.6,8.9,637.3,,0,0,28,60,29.4,19.5
2026-09-11T02:30:00+05:30,2026-09-11 02:30:00,,,,0,5.5,7.2,90,0,0,0,3.6,8.9,637.3,,0,0,28,60,29.4,19.5
2026-09-11T02:25:00+05:30,2026-09-11 02:25:00,,,,0,3.5,7.2,87,0,0,0,3.6,8.9,637.3,,0,0,28,60,29.4,19.5
2026-09-11T02:21:00+05:30,2026-09-11 02:21:00,,,,1.4,5.5,7.2,88,0,0,0,3.6,8.9,637.3,,0,0,28,60,29.4,19.5
2026-09-11T02:15:00+05:30,2026-09-11 02:15:00,,,,3.5,5.5,7.2,83,0,0,0,3.6,8.9,637.3,,0,0,28,60,29.4,19.5
2026-09-11T02:10:00+05:30,2026-09-11 02:10:00,,,,3.5,5.5,7.2,111,0,0,0,3.6,8.9,637.3,,0,0,28,60,29.4,19.5
2026-09-11T02:05:00+05:30,2026-09-11 02:05:00,,,,1.8,3.5,7.2,115,0,0,0,3.6,8.9,637.3,,0,0,28.1,60,29.6,19.6
2026-09-11T02:00:00+05:30,2026-09-11 02:00:00,,,,1.4,5.5,7.2,93,0,0,0,3.6,8.9,637.3,,0,0,28.1,60,29.6,19.6
2026-09-11T01:55:00+05:30,2026-09-11 01:55:00,,,,0.3,5.5,7.2,84,0,0,0,3.6,8.9,637.3,,0,0,28.1,60,29.6,19.6
2026-09-11T01:50:00+05:30,2026-09-11 01:50:00,,,,2.1,7.2,7.2,74,0,0,0,3.6,8.9,637.3,,0,0,28.1,60,29.6,19.6
2026-09-11T01:45:00+05:30,2026-09-11 01:45:00,,,,0,5.5,7.2,102,0,0,0,3.6,8.9,637.3,,0,0,28.2,60,29.8,19.7
2026-09-11T01:40:00+05:30,2026-09-11 01:40:00,,,,1.4,7.2,7.2,89,0,0,0,3.6,8.9,637.3,,0,0,28.2,60,29.8,19.7
2026-09-11T01:35:00+05:30,2026-09-11 01:35:00,,,,0.6,5.5,7.2,82,0,0,0,3.6,8.9,637.3,,0,0,28.3,60,29.9,19.8
2026-09-11T01:30:00+05:30,2026-09-11 01:30:00,,,,2.6,3.5,7.2,85,0,0,0,3.6,8.9,637.3,,0,0,28.3,60,29.9,19.8
2026-09-11T01:25:00+05:30,2026-09-11 01:25:00,,,,0,1.8,5.5,85,0,0,0,3.6,8.9,637.3,,0,0,28.3,60,29.9,19.8
2026-09-11T01:20:00+05:30,2026-09-11 01:20:00,,,,0,1.8,5.5,95,0,0,0,3.6,8.9,637.3,,0,0,28.4,61,30.2,20.1
2026-09-11T01:15:00+05:30,2026-09-11 01:15:00,,,,2.6,5.5,5.5,140,0,0,0,3.6,8.9,637.3,,0,0,28.4,61,30.2,20.1
2026-09-11T01:10:00+05:30,2026-09-11 01:10:00,,,,1.1,5.5,5.5,81,0,0,0,3.6,8.9,637.3,,0,0,28.5,61,30.3,20.2
2026-09-11T01:05:00+05:30,2026-09-11 01:05:00,,,,1.4,3.5,3.5,97,0,0,0,3.6,8.9,637.3,,0,0,28.5,61,30.3,20.2
2026-09-11T01:00:00+05:30,2026-09-11 01:00:00,,,,0,0,3.5,79,0,0,0,3.6,8.9,637.3,,0,0,28.5,61,30.3,20.2
2026-09-11T00:55:00+05:30,2026-09-11 00:55:00,,,,0,0,3.5,84,0,0,0,3.6,8.9,637.3,,0,0,28.6,61,30.6,20.3
2026-09-11T00:50:00+05:30,2026-09-11 00:50:00,,,,0,0,3.5,77,0,0,0,3.6,8.9,637.3,,0,0,28.6,61,30.6,20.3
2026-09-11T00:45:00+05:30,2026-09-11 00:45:00,,,,0,0,3.5,92,0,0,0,3.6,8.9,637.3,,0,0,28.6,62,30.7,20.6
2026-09-11T00:40:00+05:30,2026-09-11 00:40:00,,,,0,0,3.5,81,0,0,0,3.6,8.9,637.3,,0,0,28.6,62,30.7,20.6
2026-09-11T00:35:00+05:30,2026-09-11 00:35:00,,,,0,0,3.5,80,0,0,0,3.6,8.9,637.3,,0,0,28.7,62,30.8,20.7
2026-09-11T00:30:00+05:30,2026-09-11 00:30:00,,,,0,0,3.5,79,0,0,0,3.6,8.9,637.3,,0,0,28.7,62,30.8,20.7
2026-09-11T00:25:00+05:30,2026-09-11 00:25:00,,,,0,0,3.5,85,0,0,0,3.6,8.9,637.3,,0,0,28.7,62,30.8,20.7
2026-09-11T00:20:00+05:30,2026-09-11 00:20:00,,,,0,1.8,3.5,80,0,0,0,3.6,8.9,637.3,,0,0,28.7,62,30.8,20.7
2026-09-11T00:15:00+05:30,2026-09-11 00:15:00,,,,0,0,0,78,0,0,0,3.6,8.9,637.3,,0,0,28.7,62,30.8,20.7
2026-09-11T00:10:00+05:30,2026-09-11 00:10:00,,,,0,0,0,78,0,0,0,3.6,8.9,637.3,,0,0,28.8,62,30.9,20.8
2026-09-11T00:05:00+05:30,2026-09-11 00:05:00,,,,0,0,0,72,0,0,0,3.6,8.9,637.3,,0,0,28.8,62,30.9,20.8
2026-09-11T00:00:00+05:30,2026-09-11 00:00:00,,,,0,0,0,78,0,0,0,3.6,8.9,637.3,,0,0,28.8,62,30.9,20.8
2026-09-10T23:56:00+05:30,2026-09-10 23:56:00,,,,0,0,23.8,78,0,0,0,3.6,8.9,637.3,,0,0,28.8,62,30.9,20.8
2026-09-10T23:50:00+05:30,2026-09-10 23:50:00,,,,0,0,23.8,73,0,0,0,3.6,8.9,637.3,,0,0,28.8,62,30.9,20.8
2026-09-10T23:45:00+05:30,2026-09-10 23:45:00,,,,0,0,23.8,74,0,0,0,3.6,8.9,637.3,,0,0,28.8,62,30.9,20.8
2026-09-10T23:40:00+05:30,2026-09-10 23:40:00,,,,0,0,23.8,79,0,0,0,3.6,8.9,637.3,,0,0,28.8,62,30.9,20.8
2026-09-10T23:35:00+05:30,2026-09-10 23:35:00,,,,0,0,23.8,76,0,0,0,3.6,8.9,637.3,,0,0,28.8,62,30.9,20.8
2026-09-10T23:30:00+05:30,2026-09-10 23:30:00,,,,0,0,23.8,78,0,0,0,3.6,8.9,637.3,,0,0,28.8,62,30.9,20.8
2026-09-10T23:25:00+05:30,2026-09-10 23:25:00,,,,0,0,23.8,74,0,0,0,3.6,8.9,637.3,,0,0,28.8,62,30.9,20.8
2026-09-10T23:20:00+05:30,2026-09-10 23:20:00,,,,0,0,23.8,86,0,0,0,3.6,8.9,637.3,,0,0,28.8,62,30.9,20.8
2026-09-10T23:15:00+05:30,2026-09-10 23:15:00,,,,0,0,23.8,102,0,0,0,3.6,8.9,637.3,,0,0,28.8,62,30.9,20.8
2026-09-10T23:10:00+05:30,2026-09-10 23:10:00,,,,1.4,3.5,23.8,158,0,0,0,3.6,8.9,637.3,,0,0,28.9,62,31.2,20.9
2026-09-10T23:05:00+05:30,2026-09-10 23:05:00,,,,0,5.5,23.8,121,0,0,0,3.6,8.9,637.3,,0,0,29,62,31.3,20.9
2026-09-10T23:00:00+05:30,2026-09-10 23:00:00,,,,0,5.5,23.8,98,0,0,0,3.6,8.9,637.3,,0,0,29.1,62,31.6,21.1
2026-09-10T22:55:00+05:30,2026-09-10 22:55:00,,,,2.1,5.5,23.8,182,0,0,0,3.6,8.9,637.3,,0,0,29.2,62,31.7,21.2
2026-09-10T22:51:00+05:30,2026-09-10 22:51:00,,,,1.8,3.5,23.8,136,0,0,0,3.6,8.9,637.3,,0,0,29.3,62,31.8,21.2
2026-09-10T22:45:00+05:30,2026-09-10 22:45:00,,,,0,5.5,23.8,90,0,0,0,3.6,8.9,637.3,,0,0,29.5,62,32.3,21.4
2026-09-10T22:40:00+05:30,2026-09-10 22:40:00,,,,0,0,23.8,76,0,0,0,3.6,8.9,637.3,,0,0,29.5,62,32.3,21.4
2026-09-10T22:35:00+05:30,2026-09-10 22:35:00,,,,0,0,23.8,83,0,0,0,3.6,8.9,637.3,,0,0,29.6,62,32.5,21.6
2026-09-10T22:30:00+05:30,2026-09-10 22:30:00,,,,0,0,23.8,84,0,0,0,3.6,8.9,637.3,,0,0,29.6,62,32.5,21.6
2026-09-10T22:25:00+05:30,2026-09-10 22:25:00,,,,0,0,23.8,91,0,0,0,3.6,8.9,637.3,,0,0,29.6,62,32.5,21.6
2026-09-10T22:20:00+05:30,2026-09-10 22:20:00,,,,0,0,23.8,81,0,0,0,3.6,8.9,637.3,,0,0,29.7,62,32.7,21.7
2026-09-10T22:15:00+05:30,2026-09-10 22:15:00,,,,0,0,23.8,79,0,0,0,3.6,8.9,637.3,,0,0,29.7,63,32.9,21.9
2026-09-10T22:10:00+05:30,2026-09-10 22:10:00,,,,0,0,23.8,80,0,0,0,3.6,8.9,637.3,,0,0,29.7,63,32.9,21.9
2026-09-10T22:05:00+05:30,2026-09-10 22:05:00,,,,0,0,23.8,80,0,0,0,3.6,8.9,637.3,,0,0,29.7,63,32.9,21.9
2026-09-10T22:00:00+05:30,2026-09-10 22:00:00,,,,0,0,23.8,85,0,0,0,3.6,8.9,637.3,,0,0,29.7,63,32.9,21.9
2026-09-10T21:55:00+05:30,2026-09-10 21:55:00,,,,0,0,23.8,76,0,0,0,3.6,8.9,637.3,,0,0,29.8,63,33,21.9
2026-09-10T21:50:00+05:30,2026-09-10 21:50:00,,,,0,0,23.8,63,0,0,0,3.6,8.9,637.3,,0,0,29.8,63,33,21.9
2026-09-10T21:46:00+05:30,2026-09-10 21:46:00,,,,0,0,23.8,77,0,0,0,3.6,8.9,637.3,,0,0,29.9,63,33.2,22.1
2026-09-10T21:40:00+05:30,2026-09-10 21:40:00,,,,0,0,23.8,79,0,0,0,3.6,8.9,637.3,,0,0,29.9,63,33.2,22.1
2026-09-10T21:35:00+05:30,2026-09-10 21:35:00,,,,0,0,23.8,80,0,0,0,3.6,8.9,637.3,,0,0,29.9,63,33.2,22.1
2026-09-10T21:30:00+05:30,2026-09-10 21:30:00,,,,0,0,23.8,77,0,0,0,3.6,8.9,637.3,,0,0,29.9,63,33.2,22.1
2026-09-10T21:25:00+05:30,2026-09-10 21:25:00,,,,0,0,23.8,77,0,0,0,3.6,8.9,637.3,,0,0,29.9,63,33.2,22.1
2026-09-10T21:20:00+05:30,2026-09-10 21:20:00,,,,0,1.8,23.8,86,0,0,0,3.6,8.9,637.3,,0,0,30,63,33.4,22.2
2026-09-10T21:15:00+05:30,2026-09-10 21:15:00,,,,0,0,23.8,76,0,0,0,3.6,8.9,637.3,,0,0,30,63,33.4,22.2
2026-09-10T21:10:00+05:30,2026-09-10 21:10:00,,,,0,0,23.8,86,0,0,0,3.6,8.9,637.3,,0,0,30.1,63,33.7,22.3
2026-09-10T21:05:00+05:30,2026-09-10 21:05:00,,,,1.8,3.5,23.8,96,0,0,0,3.6,8.9,637.3,,0,0,30.1,63,33.7,22.3
2026-09-10T21:00:00+05:30,2026-09-10 21:00:00,,,,0,3.5,23.8,90,0,0,0,3.6,8.9,637.3,,0,0,30.1,63,33.7,22.3
2026-09-10T20:55:00+05:30,2026-09-10 20:55:00,,,,0,5.5,23.8,99,0,0,0,3.6,8.9,637.3,,0,0,30.2,63,33.9,22.4
2026-09-10T20:50:00+05:30,2026-09-10 20:50:00,,,,0,0,23.8,86,0,0,0,3.6,8.9,637.3,,0,0,30.2,63,33.9,22.4
2026-09-10T20:45:00+05:30,2026-09-10 20:45:00,,,,0,1.8,23.8,76,0,0,0,3.6,8.9,637.3,,0,0,30.2,62,33.7,22.1
2026-09-10T20:40:00+05:30,2026-09-10 20:40:00,,,,1.4,7.2,23.8,89,0,0,0,3.6,8.9,637.3,,0,0,30.3,62,33.8,22.2
2026-09-10T20:35:00+05:30,2026-09-10 20:35:00,,,,0,7.2,23.8,111,0,0,0,3.6,8.9,637.3,,0,0,30.3,62,33.8,22.2
2026-09-10T20:30:00+05:30,2026-09-10 20:30:00,,,,0,0,23.8,102,0,0,0,3.6,8.9,637.3,,0,0,30.3,62,33.8,22.2
2026-09-10T20:26:00+05:30,2026-09-10 20:26:00,,,,0,0,23.8,88,0,0,0,3.6,8.9,637.3,,0,0,30.4,62,34.1,22.3
2026-09-10T20:20:00+05:30,2026-09-10 20:20:00,,,,0,5.5,23.8,87,0,0,0,3.6,8.9,637.3,,0,0,30.4,62,34.1,22.3
2026-09-10T20:15:00+05:30,2026-09-10 20:15:00,,,,5.5,7.2,23.8,100,0,0,0,3.6,8.9,637.3,,0,0,30.4,62,34.1,22.3
2026-09-10T20:10:00+05:30,2026-09-10 20:10:00,,,,0,1.8,23.8,78,0,0,0,3.6,8.9,637.3,,0,0,30.4,62,34.1,22.3
2026-09-10T20:05:00+05:30,2026-09-10 20:05:00,,,,0,0,23.8,80,0,0,0,3.6,8.9,637.3,,0,0,30.5,62,34.3,22.4
2026-09-10T20:00:00+05:30,2026-09-10 20:00:00,,,,2.9,5.5,23.8,104,0,0,0,3.6,8.9,637.3,,0,0,30.5,62,34.3,22.4
2026-09-10T19:55:00+05:30,2026-09-10 19:55:00,,,,0,0,23.8,79,0,0,0,3.6,8.9,637.3,,0,0,30.5,62,34.3,22.4
2026-09-10T19:50:00+05:30,2026-09-10 19:50:00,,,,0,0,23.8,60,0,0,0,3.6,8.9,637.3,,0,0,30.6,61,34.3,22.2
2026-09-10T19:45:00+05:30,2026-09-10 19:45:00,,,,0,0,23.8,82,0,0,0,3.6,8.9,637.3,,0,0,30.6,61,34.3,22.2
2026-09-10T19:40:00+05:30,2026-09-10 19:40:00,,,,0,1.8,23.8,86,0,0,0,3.6,8.9,637.3,,0,0,30.6,61,34.3,22.2
2026-09-10T19:35:00+05:30,2026-09-10 19:35:00,,,,0,3.5,23.8,81,0,0,0,3.6,8.9,637.3,,0,0,30.7,61,34.5,22.3
2026-09-10T19:30:00+05:30,2026-09-10 19:30:00,,,,0,0,23.8,79,0,0,0,3.6,8.9,637.3,,0,0,30.7,61,34.5,22.3
2026-09-10T19:25:00+05:30,2026-09-10 19:25:00,,,,0,0,23.8,76,0,0,0,3.6,8.9,637.3,,0,0,30.7,61,34.5,22.3
2026-09-10T19:21:00+05:30,2026-09-10 19:21:00,,,,0,0,23.8,63,0,0,0,3.6,8.9,637.3,,0,0,30.7,61,34.5,22.3
2026-09-10T19:15:00+05:30,2026-09-10 19:15:00,,,,0,0,23.8,89,0,0,0,3.6,8.9,637.3,,0,0,30.8,61,34.6,22.4
2026-09-10T19:10:00+05:30,2026-09-10 19:10:00,,,,0,3.5,23.8,101,0,0,0,3.6,8.9,637.3,,0,0,30.8,60,34.4,22.1
2026-09-10T19:05:00+05:30,2026-09-10 19:05:00,,,,0,3.5,23.8,72,0,0,0,3.6,8.9,637.3,,0,0,30.9,60,34.6,22.2
2026-09-10T19:00:00+05:30,2026-09-10 19:00:00,,,,0,0,23.8,97,0,0,0,3.6,8.9,637.3,,0,0,30.9,60,34.6,22.2
2026-09-10T18:55:00+05:30,2026-09-10 18:55:00,,,,0,7.2,23.8,110,0,0,0,3.6,8.9,637.3,,0,0,30.9,60,34.6,22.2
2026-09-10T18:50:00+05:30,2026-09-10 18:50:00,,,,4.3,11.1,23.8,105,0,0,0,3.6,8.9,637.3,,0,0,31,60,34.8,22.3
2026-09-10T18:45:00+05:30,2026-09-10 18:45:00,,,,0,5.5,23.8,70,0,0,0,3.6,8.9,637.3,,0,0,31,60,34.8,22.3
2026-09-10T18:40:00+05:30,2026-09-10 18:40:00,,,,0,7.2,23.8,77,0,0,0,3.6,8.9,637.3,,0,0,31.1,60,35.1,22.4
2026-09-10T18:35:00+05:30,2026-09-10 18:35:00,,,,0,7.2,23.8,91,0,0,0,3.6,8.9,637.3,,0,0,31.1,60,35.1,22.4
2026-09-10T18:30:00+05:30,2026-09-10 18:30:00,,,,4.7,9.3,23.8,31,0,0,0,3.6,8.9,637.3,,0,0,31.1,60,35.1,22.4
2026-09-10T18:25:00+05:30,2026-09-10 18:25:00,,,,0,0,23.8,79,0,0,0,3.6,8.9,637.3,,0,0.1,31.2,60,35.3,22.5
2026-09-10T18:20:00+05:30,2026-09-10 18:20:00,,,,4.7,5.5,23.8,87,0,0,0,3.6,8.9,637.3,,0,0.3,31.2,60,35.3,22.5
2026-09-10T18:16:00+05:30,2026-09-10 18:16:00,,,,0,0,23.8,86,0,0,0,3.6,8.9,637.3,,0,0.9,31.3,59,35.2,22.3
2026-09-10T18:10:00+05:30,2026-09-10 18:10:00,,,,9,11.1,23.8,77,0,0,0,3.6,8.9,637.3,,0,2,31.3,59,35.2,22.3
2026-09-10T18:05:00+05:30,2026-09-10 18:05:00,,,,8.7,11.1,23.8,84,0,0,0,3.6,8.9,637.3,,0,3.9,31.3,59,35.2,22.3
2026-09-10T18:00:00+05:30,2026-09-10 18:00:00,,,,2.9,11.1,23.8,85,0,0,0,3.6,8.9,637.3,,0,7.1,31.4,59,35.4,22.4
2026-09-10T17:55:00+05:30,2026-09-10 17:55:00,,,,6.1,11.1,23.8,127,0,0,0,3.6,8.9,637.3,,0,10.4,31.4,59,35.4,22.4
2026-09-10T17:50:00+05:30,2026-09-10 17:50:00,,,,6.9,13,23.8,99,0,0,0,3.6,8.9,637.3,,0,16.2,31.5,59,35.7,22.5
2026-09-10T17:45:00+05:30,2026-09-10 17:45:00,,,,0,0,23.8,83,0,0,0,3.6,8.9,637.3,,0,22.9,31.5,59,35.7,22.5
2026-09-10T17:40:00+05:30,2026-09-10 17:40:00,,,,0,7.2,23.8,63,0,0,0,3.6,8.9,637.3,,0,28.4,31.5,59,35.7,22.5
2026-09-10T17:35:00+05:30,2026-09-10 17:35:00,,,,2.1,9.3,23.8,89,0,0,0,3.6,8.9,637.3,,0,35.7,31.6,59,35.9,22.6
2026-09-10T17:30:00+05:30,2026-09-10 17:30:00,,,,6.4,16.6,23.8,75,0,0,0,3.6,8.9,637.3,,0,43.5,31.6,59,35.9,22.6
2026-09-10T17:25:00+05:30,2026-09-10 17:25:00,,,,2.6,14.8,23.8,104,0,0,0,3.6,8.9,637.3,,0,43.2,31.7,59,36.2,22.7
2026-09-10T17:20:00+05:30,2026-09-10 17:20:00,,,,2.9,9.3,23.8,92,0,0,0,3.6,8.9,637.3,,0,45.5,31.7,58,35.9,22.4
2026-09-10T17:15:00+05:30,2026-09-10 17:15:00,,,,6.1,9.3,23.8,111,0,0,0,3.6,8.9,637.3,,0,56,31.8,58,36,22.5
2026-09-10T17:10:00+05:30,2026-09-10 17:10:00,,,,4.3,13,23.8,42,0,0,0,3.6,8.9,637.3,,0,50.3,31.8,58,36,22.5
2026-09-10T17:05:00+05:30,2026-09-10 17:05:00,,,,3.2,9.3,23.8,62,0,0,0,3.6,8.9,637.3,,0,51.9,31.9,58,36.2,22.6
2026-09-10T17:00:00+05:30,2026-09-10 17:00:00,,,,0.3,11.1,23.8,78,0,0,0,3.6,8.9,637.3,,0,58.9,31.9,58,36.2,22.6
2026-09-10T16:55:00+05:30,2026-09-10 16:55:00,,,,0,9.3,23.8,105,0,0,0,3.6,8.9,637.3,,0,68.7,31.9,58,36.2,22.6
2026-09-10T16:50:00+05:30,2026-09-10 16:50:00,,,,4,7.2,23.8,161,0,0,0,3.6,8.9,637.3,,0,95,32,58,36.5,22.7
2026-09-10T16:45:00+05:30,2026-09-10 16:45:00,,,,4.7,11.1,23.8,68,0,0,0,3.6,8.9,637.3,,1,136,32,58,36.5,22.7
2026-09-10T16:40:00+05:30,2026-09-10 16:40:00,,,,0.6,11.1,23.8,58,0,0,0,3.6,8.9,637.3,,0,102.3,32.1,58,36.7,22.8
2026-09-10T16:35:00+05:30,2026-09-10 16:35:00,,,,3.2,14.8,23.8,108,0,0,0,3.6,8.9,637.3,,1,103.6,32.1,58,36.7,22.8
2026-09-10T16:30:00+05:30,2026-09-10 16:30:00,,,,1.4,9.3,23.8,111,0,0,0,3.6,8.9,637.3,,1,195,32.1,59,37.1,23.1
2026-09-10T16:25:00+05:30,2026-09-10 16:25:00,,,,4,5.5,23.8,108,0,0,0,3.6,8.9,637.3,,2,230.6,32.1,58,36.7,22.8
2026-09-10T16:20:00+05:30,2026-09-10 16:20:00,,,,6.4,9.3,23.8,147,0,0,0,3.6,8.9,637.3,,2,240.5,32.1,58,36.7,22.8
2026-09-10T16:15:00+05:30,2026-09-10 16:15:00,,,,5.5,7.2,23.8,95,0,0,0,3.6,8.9,637.3,,1,143,32.1,58,36.7,22.8
2026-09-10T16:10:00+05:30,2026-09-10 16:10:00,,,,0,13,23.8,84,0,0,0,3.6,8.9,637.3,,1,120.4,32.1,58,36.7,22.8
2026-09-10T16:05:00+05:30,2026-09-10 16:05:00,,,,2.1,14.8,23.8,91,0,0,0,3.6,8.9,637.3,,2,291.7,32.1,58,36.7,22.8
2026-09-10T16:00:00+05:30,2026-09-10 16:00:00,,,,9.7,11.1,23.8,104,0,0,0,3.6,8.9,637.3,,3,315.2,32.1,58,36.7,22.8
2026-09-10T15:55:00+05:30,2026-09-10 15:55:00,,,,7.9,11.1,23.8,47,0,0,0,3.6,8.9,637.3,,2,296.2,32.2,58,37,22.9
2026-09-10T15:51:00+05:30,2026-09-10 15:51:00,,,,10.1,16.6,23.8,118,0,0,0,3.6,8.9,637.3,,2,296,32.1,58,36.7,22.8
2026-09-10T15:45:00+05:30,2026-09-10 15:45:00,,,,0,5.5,23.8,84,0,0,0,3.6,8.9,637.3,,1,143.2,32.1,58,36.7,22.8
2026-09-10T15:40:00+05:30,2026-09-10 15:40:00,,,,4.7,9.3,23.8,40,0,0,0,3.6,8.9,637.3,,1,163.2,32.1,58,36.7,22.8
2026-09-10T15:35:00+05:30,2026-09-10 15:35:00,,,,7.2,9.3,23.8,86,0,0,0,3.6,8.9,637.3,,4,420.3,32.1,58,36.7,22.8
2026-09-10T15:30:00+05:30,2026-09-10 15:30:00,,,,2.1,13,23.8,30,0,0,0,3.6,8.9,637.3,,1,169.5,32.1,58,36.7,22.8
2026-09-10T15:25:00+05:30,2026-09-10 15:25:00,,,,3.2,20.1,23.8,106,0,0,0,3.6,8.9,637.3,,4,478.2,32.1,58,36.7,22.8
2026-09-10T15:20:00+05:30,2026-09-10 15:20:00,,,,0,13,23.8,80,0,0,0,3.6,8.9,637.3,,4,475.5,32.1,59,37.1,23.1
2026-09-10T15:15:00+05:30,2026-09-10 15:15:00,,,,9,14.8,23.8,152,0,0,0,3.6,8.9,637.3,,3,389.1,32.1,59,37.1,23.1
2026-09-10T15:10:00+05:30,2026-09-10 15:10:00,,,,0,5.5,23.8,193,0,0,0,3.6,8.9,637.3,,4,500.4,32.1,59,37.1,23.1
2026-09-10T15:05:00+05:30,2026-09-10 15:05:00,,,,5.5,13,23.8,95,0,0,0,3.6,8.9,637.3,,4,498.9,32.1,59,37.1,23.1
2026-09-10T15:00:00+05:30,2026-09-10 15:00:00,,,,8.7,13,23.8,117,0,0,0,3.6,8.9,637.3,,1,150.9,32.1,59,37.1,23.1
2026-09-10T14:55:00+05:30,2026-09-10 14:55:00,,,,0.6,14.8,23.8,92,0,0,0,3.6,8.9,637.3,,4,490.1,32.1,59,37.1,23.1
2026-09-10T14:50:00+05:30,2026-09-10 14:50:00,,,,1.4,9.3,23.8,101,0,0,0,3.6,8.9,637.3,,1,178.6,32,59,36.8,22.9
2026-09-10T14:46:00+05:30,2026-09-10 14:46:00,,,,1.1,7.2,23.8,59,0,0,0,3.6,8.9,637.3,,5,581.1,32,60,37.1,23.2
2026-09-10T14:40:00+05:30,2026-09-10 14:40:00,,,,6.1,9.3,23.8,123,0,0,0,3.6,8.9,637.3,,2,242.9,31.9,59,36.5,22.8
2026-09-10T14:35:00+05:30,2026-09-10 14:35:00,,,,4,9.3,23.8,78,0,0,0,3.6,8.9,637.3,,3,395.1,31.8,59,36.3,22.8
2026-09-10T14:30:00+05:30,2026-09-10 14:30:00,,,,0,16.6,23.8,116,0,0,0,3.6,8.9,637.3,,2,236.9,31.7,59,36.2,22.7
2026-09-10T14:25:00+05:30,2026-09-10 14:25:00,,,,1.8,7.2,23.8,63,0,0,0,3.6,8.9,637.3,,5,605.4,31.7,58,35.9,22.4
2026-09-10T14:20:00+05:30,2026-09-10 14:20:00,,,,0,11.1,23.8,62,0,0,0,3.6,8.9,637.3,,6,659.1,31.7,58,35.9,22.4
2026-09-10T14:15:00+05:30,2026-09-10 14:15:00,,,,1.4,7.2,23.8,81,0,0,0,3.6,8.9,637.3,,6,668.7,31.6,58,35.6,22.3
2026-09-10T14:10:00+05:30,2026-09-10 14:10:00,,,,4,7.2,23.8,75,0,0,0,3.6,8.9,637.3,,6,715.3,31.6,58,35.6,22.3
2026-09-10T14:05:00+05:30,2026-09-10 14:05:00,,,,0,3.5,23.8,84,0,0,0,3.6,8.9,637.3,,6,660.7,31.5,58,35.4,22.2
2026-09-10T14:00:00+05:30,2026-09-10 14:00:00,,,,2.1,13,23.8,63,0,0,0,3.6,8.9,637.3,,6,667.7,31.5,58,35.4,22.2
2026-09-10T13:55:00+05:30,2026-09-10 13:55:00,,,,2.6,9.3,23.8,69,0,0,0,3.6,8.9,637.3,,6,689.9,31.5,58,35.4,22.2
2026-09-10T13:50:00+05:30,2026-09-10 13:50:00,,,,7.9,13,23.8,81,0,0,0,3.6,8.9,637.3,,6,716.8,31.5,58,35.4,22.2
2026-09-10T13:45:00+05:30,2026-09-10 13:45:00,,,,0.3,7.2,23.8,140,0,0,0,3.6,8.9,637.3,,5,611.2,31.6,59,35.9,22.6
2026-09-10T13:41:00+05:30,2026-09-10 13:41:00,,,,11.1,18.3,23.8,118,0,0,0,3.6,8.9,637.3,,7,719.5,31.6,59,35.9,22.6
2026-09-10T13:35:00+05:30,2026-09-10 13:35:00,,,,5.5,11.1,23.8,67,0,0,0,3.6,8.9,637.3,,7,783.1,31.6,59,35.9,22.6
2026-09-10T13:30:00+05:30,2026-09-10 13:30:00,,,,8.2,18.3,23.8,88,0,0,0,3.6,8.9,637.3,,7,728.9,31.6,60,36.2,22.9
2026-09-10T13:25:00+05:30,2026-09-10 13:25:00,,,,3.5,13,23.8,50,0,0,0,3.6,8.9,637.3,,7,792.7,31.5,60,35.9,22.8
2026-09-10T13:20:00+05:30,2026-09-10 13:20:00,,,,6.4,14.8,23.8,96,0,0,0,3.6,8.9,637.3,,7,807,31.4,60,35.7,22.7
2026-09-10T13:15:00+05:30,2026-09-10 13:15:00,,,,0.6,5.5,23.8,82,0,0,0,3.6,8.9,637.3,,6,627.6,31.4,61,35.9,22.9
2026-09-10T13:10:00+05:30,2026-09-10 13:10:00,,,,5.5,16.6,23.8,86,0,0,0,3.6,8.9,637.3,,2,271.3,31.3,61,35.7,22.8
2026-09-10T13:05:00+05:30,2026-09-10 13:05:00,,,,1.4,13,23.8,195,0,0,0,3.6,8.9,637.3,,7,724.1,31.2,61,35.6,22.8
2026-09-10T13:00:00+05:30,2026-09-10 13:00:00,,,,0,1.8,23.8,60,0,0,0,3.6,8.9,637.3,,2,301.2,31.1,60,35.1,22.4
2026-09-10T12:55:00+05:30,2026-09-10 12:55:00,,,,2.6,5.5,23.8,89,0,0,0,3.6,8.9,637.3,,3,365.5,31.1,60,35.1,22.4
2026-09-10T12:50:00+05:30,2026-09-10 12:50:00,,,,0,13,23.8,32,0,0,0,3.6,8.9,637.3,,5,534.9,31,61,35.1,22.6
2026-09-10T12:45:00+05:30,2026-09-10 12:45:00,,,,2.9,14.8,23.8,112,0,0,0,3.6,8.9,637.3,,8,836.1,31,61,35.1,22.6
2026-09-10T12:40:00+05:30,2026-09-10 12:40:00,,,,4.7,5.5,23.8,92,0,0,0,3.6,8.9,637.3,,2,288.4,30.9,61,34.8,22.5
2026-09-10T12:35:00+05:30,2026-09-10 12:35:00,,,,1.1,5.5,23.8,72,0,0,0,3.6,8.9,637.3,,8,891.9,30.8,61,34.6,22.4
2026-09-10T12:30:00+05:30,2026-09-10 12:30:00,,,,5.5,14.8,23.8,105,0,0,0,3.6,8.9,637.3,,7,728,30.8,61,34.6,22.4
2026-09-10T12:25:00+05:30,2026-09-10 12:25:00,,,,0,7.2,23.8,121,0,0,0,3.6,8.9,637.3,,7,808.6,30.7,61,34.5,22.3
2026-09-10T12:21:00+05:30,2026-09-10 12:21:00,,,,3.5,7.2,23.8,91,0,0,0,3.6,8.9,637.3,,8,871.6,30.6,61,34.3,22.2
2026-09-10T12:15:00+05:30,2026-09-10 12:15:00,,,,2.1,7.2,23.8,91,0,0,0,3.6,8.9,637.3,,8,827.4,30.5,61,34.1,22.1
2026-09-10T12:10:00+05:30,2026-09-10 12:10:00,,,,0.6,14.8,23.8,44,0,0,0,3.6,8.9,637.3,,3,396,30.5,61,34.1,22.1
2026-09-10T12:05:00+05:30,2026-09-10 12:05:00,,,,1.4,16.6,23.8,51,0,0,0,3.6,8.9,637.3,,2,249.5,30.4,61,33.8,22
2026-09-10T12:00:00+05:30,2026-09-10 12:00:00,,,,0.3,11.1,23.8,75,0,0,0,3.6,8.9,637.3,,6,618.8,30.3,61,33.6,21.9
2026-09-10T11:55:00+05:30,2026-09-10 11:55:00,,,,7.2,14.8,23.8,69,0,0,0,3.6,8.9,637.3,,3,341.6,30.2,61,33.5,21.8
2026-09-10T11:50:00+05:30,2026-09-10 11:50:00,,,,2.6,13,23.8,114,0,0,0,3.6,8.9,637.3,,6,649.3,30.1,61,33.3,21.7
2026-09-10T11:45:00+05:30,2026-09-10 11:45:00,,,,3.5,5.5,23.8,113,0,0,0,3.6,8.9,637.3,,3,393,30.1,61,33.3,21.7
2026-09-10T11:40:00+05:30,2026-09-10 11:40:00,,,,2.9,9.3,23.8,64,0,0,0,3.6,8.9,637.3,,10,1027.5,30,61,33.1,21.7
2026-09-10T11:35:00+05:30,2026-09-10 11:35:00,,,,4.3,11.1,23.8,214,0,0,0,3.6,8.9,637.3,,3,380.6,30,61,33.1,21.7
2026-09-10T11:30:00+05:30,2026-09-10 11:30:00,,,,5,13,23.8,95,0,0,0,3.6,8.9,637.3,,9,1022.4,29.9,61,32.8,21.6
2026-09-10T11:25:00+05:30,2026-09-10 11:25:00,,,,0,5.5,23.8,72,0,0,0,3.6,8.9,637.3,,4,458.4,29.8,61,32.6,21.4
2026-09-10T11:20:00+05:30,2026-09-10 11:20:00,,,,2.1,5.5,23.8,48,0,0,0,3.6,8.9,637.3,,10,1060.9,29.7,61,32.5,21.4
2026-09-10T11:16:00+05:30,2026-09-10 11:16:00,,,,0,5.5,23.8,44,0,0,0,3.6,8.9,637.3,,9,955.3,29.7,61,32.5,21.4
2026-09-10T11:10:00+05:30,2026-09-10 11:10:00,,,,0,7.2,23.8,92,0,0,0,3.6,8.9,637.3,,9,926.3,29.6,62,32.5,21.6
2026-09-10T11:05:00+05:30,2026-09-10 11:05:00,,,,2.9,13,23.8,237,0,0,0,3.6,8.9,637.3,,9,956.5,29.5,63,32.4,21.7
2026-09-10T11:00:00+05:30,2026-09-10 11:00:00,,,,1.4,5.5,18.3,44,0,0,0,3.6,8.9,637.3,,9,938,29.4,63,32.2,21.6
2026-09-10T10:55:00+05:30,2026-09-10 10:55:00,,,,1.1,3.5,18.3,98,0,0,0,3.6,8.9,637.3,,9,924.2,29.4,63,32.2,21.6
2026-09-10T10:50:00+05:30,2026-09-10 10:50:00,,,,7.9,14.8,18.3,108,0,0,0,3.6,8.9,637.3,,8,905.3,29.3,63,32,21.5
2026-09-10T10:45:00+05:30,2026-09-10 10:45:00,,,,3.5,11.1,18.3,25,0,0,0,3.6,8.9,637.3,,4,508.1,29.2,63,31.9,21.4
2026-09-10T10:40:00+05:30,2026-09-10 10:40:00,,,,7.2,11.1,18.3,41,0,0,0,3.6,8.9,637.3,,6,615.7,29.2,63,31.9,21.4
2026-09-10T10:35:00+05:30,2026-09-10 10:35:00,,,,3.5,9.3,18.3,40,0,0,0,3.6,8.9,637.3,,2,261.5,29.1,63,31.7,21.3
2026-09-10T10:30:00+05:30,2026-09-10 10:30:00,,,,5.8,9.3,18.3,99,0,0,0,3.6,8.9,637.3,,9,938,29.1,63,31.7,21.3
2026-09-10T10:25:00+05:30,2026-09-10 10:25:00,,,,0,5.5,18.3,129,0,0,0,3.6,8.9,637.3,,7,775,29,63,31.5,21.2
2026-09-10T10:20:00+05:30,2026-09-10 10:20:00,,,,0,11.1,18.3,72,0,0,0,3.6,8.9,637.3,,4,424.3,28.9,63,31.3,21.1
2026-09-10T10:15:00+05:30,2026-09-10 10:15:00,,,,0,1.8,18.3,94,0,0,0,3.6,8.9,637.3,,2,299.8,28.9,62,31.2,20.9
2026-09-10T10:11:00+05:30,2026-09-10 10:11:00,,,,2.9,11.1,18.3,116,0,0,0,3.6,8.9,637.3,,4,477.6,28.8,62,30.9,20.8
2026-09-10T10:05:00+05:30,2026-09-10 10:05:00,,,,2.9,7.2,18.3,79,0,0,0,3.6,8.9,637.3,,2,293.6,28.8,63,31.1,21
2026-09-10T10:00:00+05:30,2026-09-10 10:00:00,,,,4,11.1,18.3,24,0,0,0,3.6,8.9,637.3,,9,933.1,28.7,62,30.8,20.7
2026-09-10T09:55:00+05:30,2026-09-10 09:55:00,,,,2.9,11.1,18.3,91,0,0,0,3.6,8.9,637.3,,2,277.6,28.6,62,30.7,20.6
2026-09-10T09:50:00+05:30,2026-09-10 09:50:00,,,,4.3,14.8,18.3,115,0,0,0,3.6,8.9,637.3,,2,291.2,28.6,62,30.7,20.6
2026-09-10T09:45:00+05:30,2026-09-10 09:45:00,,,,2.9,9.3,18.3,114,0,0,0,3.6,8.9,637.3,,2,253.6,28.5,61,30.3,20.2
2026-09-10T09:40:00+05:30,2026-09-10 09:40:00,,,,0,9.3,18.3,104,0,0,0,3.6,8.9,637.3,,2,252,28.5,61,30.3,20.2
2026-09-10T09:35:00+05:30,2026-09-10 09:35:00,,,,0,7.2,18.3,86,0,0,0,3.6,8.9,637.3,,2,296.6,28.4,62,30.3,20.4
2026-09-10T09:30:00+05:30,2026-09-10 09:30:00,,,,0,1.8,18.3,59,0,0,0,3.6,8.9,637.3,,2,239.5,28.3,62,30.1,20.3
2026-09-10T09:25:00+05:30,2026-09-10 09:25:00,,,,0,5.5,18.3,69,0,0,0,3.6,8.9,637.3,,1,192.6,28.3,62,30.1,20.3
2026-09-10T09:20:00+05:30,2026-09-10 09:20:00,,,,9.7,14.8,14.8,108,0,0,0,3.6,8.9,637.3,,3,353.3,28.2,62,30.1,20.2
2026-09-10T09:15:00+05:30,2026-09-10 09:15:00,,,,0,11.1,14.8,80,0,0,0,3.6,8.9,637.3,,1,106.7,28.2,62,30.1,20.2
2026-09-10T09:10:00+05:30,2026-09-10 09:10:00,,,,0,9.3,9.3,48,0,0,0,3.6,8.9,637.3,,0,101.3,28,62,29.7,20
2026-09-10T09:05:00+05:30,2026-09-10 09:05:00,,,,2.1,7.2,11.1,74,0,0,0,3.6,8.9,637.3,,1,125.3,28,62,29.7,20
2026-09-10T09:00:00+05:30,2026-09-10 09:00:00,,,,0.3,7.2,11.1,46,0,0,0,3.6,8.9,637.3,,1,148.5,27.9,62,29.5,19.9
2026-09-10T08:55:00+05:30,2026-09-10 08:55:00,,,,5.5,9.3,11.1,106,0,0,0,3.6,8.9,637.3,,1,174.2,27.9,62,29.5,19.9
2026-09-10T08:50:00+05:30,2026-09-10 08:50:00,,,,0,3.5,11.1,82,0,0,0,3.6,8.9,637.3,,1,126.7,27.8,62,29.3,19.8
2026-09-10T08:45:00+05:30,2026-09-10 08:45:00,,,,2.1,3.5,11.1,96,0,0,0,3.6,8.9,637.3,,2,227.6,27.8,62,29.3,19.8
2026-09-10T08:41:00+05:30,2026-09-10 08:41:00,,,,0,1.8,11.1,58,0,0,0,3.6,8.9,637.3,,1,125.7,27.7,62,29.3,19.8
2026-09-10T08:35:00+05:30,2026-09-10 08:35:00,,,,0,1.8,11.1,175,0,0,0,3.6,8.9,637.3,,1,170.9,27.6,62,29.1,19.7
2026-09-10T08:30:00+05:30,2026-09-10 08:30:00,,,,0,3.5,11.1,73,0,0,0,3.6,8.9,637.3,,1,191.2,27.6,62,29.1,19.7
2026-09-10T08:25:00+05:30,2026-09-10 08:25:00,,,,1.1,3.5,11.1,69,0,0,0,3.6,8.9,637.3,,1,104.5,27.5,62,28.9,19.6
2026-09-10T08:20:00+05:30,2026-09-10 08:20:00,,,,2.9,7.2,11.1,87,0,0,0,3.6,8.9,637.3,,1,194.5,27.5,62,28.9,19.6
2026-09-10T08:15:00+05:30,2026-09-10 08:15:00,,,,2.9,9.3,11.1,235,0,0,0,3.6,8.9,637.3,,2,238.7,27.5,62,28.9,19.6
2026-09-10T08:10:00+05:30,2026-09-10 08:10:00,,,,0,3.5,11.1,162,0,0,0,3.6,8.9,637.3,,0,92.1,27.5,62,28.9,19.6
2026-09-10T08:05:00+05:30,2026-09-10 08:05:00,,,,5,5.5,11.1,206,0,0,0,3.6,8.9,637.3,,0,94.6,27.4,61,28.7,19.2
2026-09-10T08:00:00+05:30,2026-09-10 08:00:00,,,,0,5.5,11.1,216,0,0,0,3.6,8.9,637.3,,0,100.2,27.5,61,28.8,19.3
2026-09-10T07:55:00+05:30,2026-09-10 07:55:00,,,,2.9,7.2,11.1,119,0,0,0,3.6,8.9,637.3,,1,193.3,27.4,61,28.7,19.2
2026-09-10T07:50:00+05:30,2026-09-10 07:50:00,,,,2.9,5.5,11.1,218,0,0,0,3.6,8.9,637.3,,1,201.1,27.4,61,28.7,19.2
2026-09-10T07:45:00+05:30,2026-09-10 07:45:00,,,,1.1,5.5,11.1,199,0,0,0,3.6,8.9,637.3,,2,261.7,27.4,61,28.7,19.2
2026-09-10T07:40:00+05:30,2026-09-10 07:40:00,,,,1.4,11.1,11.1,152,0,0,0,3.6,8.9,637.3,,0,73.3,27.4,61,28.7,19.2
2026-09-10T07:35:00+05:30,2026-09-10 07:35:00,,,,4,9.3,9.3,151,0,0,0,3.6,8.9,637.3,,0,90.3,27.4,61,28.7,19.2
2026-09-10T07:30:00+05:30,2026-09-10 07:30:00,,,,1.1,5.5,7.2,126,0,0,0,3.6,8.9,637.3,,1,124.8,27.3,61,28.5,19.1
2026-09-10T07:25:00+05:30,2026-09-10 07:25:00,,,,0,5.5,7.2,167,0,0,0,3.6,8.9,637.3,,0,98.9,27.3,61,28.5,19.1
2026-09-10T07:20:00+05:30,2026-09-10 07:20:00,,,,0,0,7.2,210,0,0,0,3.6,8.9,637.3,,1,108.8,27.3,61,28.5,19.1
2026-09-10T07:15:00+05:30,2026-09-10 07:15:00,,,,0.3,1.8,7.2,122,0,0,0,3.6,8.9,637.3,,1,135.7,27.2,61,28.4,19.1
2026-09-10T07:10:00+05:30,2026-09-10 07:10:00,,,,0,0,7.2,177,0,0,0,3.6,8.9,637.3,,1,152.8,27.2,61,28.4,19.1
2026-09-10T07:05:00+05:30,2026-09-10 07:05:00,,,,0,0,7.2,83,0,0,0,3.6,8.9,637.3,,0,65.7,27.2,60,28.4,18.8
2026-09-10T07:00:00+05:30,2026-09-10 07:00:00,,,,0,0,7.2,114,0,0,0,3.6,8.9,637.3,,0,66.4,27.1,60,28.2,18.7
2026-09-10T06:55:00+05:30,2026-09-10 06:55:00,,,,0,0,7.2,88,0,0,0,3.6,8.9,637.3,,1,104.7,27.2,60,28.4,18.8
2026-09-10T06:50:00+05:30,2026-09-10 06:50:00,,,,0,0,7.2,103,0,0,0,3.6,8.9,637.3,,0,82.8,27.2,60,28.4,18.8
2026-09-10T06:45:00+05:30,2026-09-10 06:45:00,,,,0.3,5.5,7.2,133,0,0,0,3.6,8.9,637.3,,0,74.7,27.2,60,28.4,18.8
2026-09-10T06:40:00+05:30,2026-09-10 06:40:00,,,,0,3.5,7.2,108,0,0,0,3.6,8.9,637.3,,0,60.3,27.3,60,28.4,18.8
2026-09-10T06:35:00+05:30,2026-09-10 06:35:00,,,,0,1.8,7.2,172,0,0,0,3.6,8.9,637.3,,0,37.7,27.3,60,28.4,18.8
2026-09-10T06:30:00+05:30,2026-09-10 06:30:00,,,,0,0,7.2,73,0,0,0,3.6,8.9,637.3,,0,32.6,27.3,60,28.4,18.8
2026-09-10T06:25:00+05:30,2026-09-10 06:25:00,,,,0,1.8,7.2,77,0,0,0,3.6,8.9,637.3,,0,25,27.3,60,28.4,18.8
2026-09-10T06:20:00+05:30,2026-09-10 06:20:00,,,,0,0,7.2,67,0,0,0,3.6,8.9,637.3,,0,18.4,27.3,60,28.4,18.8
2026-09-10T06:16:00+05:30,2026-09-10 06:16:00,,,,0,0,7.2,73,0,0,0,3.6,8.9,637.3,,0,16.3,27.3,60,28.4,18.8
2026-09-10T06:10:00+05:30,2026-09-10 06:10:00,,,,0,0,7.2,62,0,0,0,3.6,8.9,637.3,,0,11.1,27.3,60,28.4,18.8
2026-09-10T06:05:00+05:30,2026-09-10 06:05:00,,,,0,0,7.2,67,0,0,0,3.6,8.9,637.3,,0,6.5,27.4,60,28.6,18.9
2026-09-10T06:00:00+05:30,2026-09-10 06:00:00,,,,0,0,7.2,73,0,0,0,3.6,8.9,637.3,,0,3.1,27.4,60,28.6,18.9
2026-09-10T05:55:00+05:30,2026-09-10 05:55:00,,,,0,0,7.2,77,0,0,0,3.6,8.9,637.3,,0,1.7,27.4,60,28.6,18.9
2026-09-10T05:50:00+05:30,2026-09-10 05:50:00,,,,0,0,7.2,67,0,0,0,3.6,8.9,637.3,,0,0.6,27.4,59,28.5,18.7
2026-09-10T05:45:00+05:30,2026-09-10 05:45:00,,,,0,0,7.2,78,0,0,0,3.6,8.9,637.3,,0,0.1,27.4,59,28.5,18.7
2026-09-10T05:40:00+05:30,2026-09-10 05:40:00,,,,0,0,7.2,84,0,0,0,3.6,8.9,637.3,,0,0,27.4,59,28.5,18.7
2026-09-10T05:35:00+05:30,2026-09-10 05:35:00,,,,0,0,7.2,78,0,0,0,3.6,8.9,637.3,,0,0,27.4,59,28.5,18.7
2026-09-10T05:30:00+05:30,2026-09-10 05:30:00,,,,0,0,7.2,82,0,0,0,3.6,8.9,637.3,,0,0,27.4,59,28.5,18.7
2026-09-10T05:25:00+05:30,2026-09-10 05:25:00,,,,0,0,7.2,75,0,0,0,3.6,8.9,637.3,,0,0,27.4,59,28.5,18.7
2026-09-10T05:20:00+05:30,2026-09-10 05:20:00,,,,3.2,5.5,7.2,94,0,0,0,3.6,8.9,637.3,,0,0,27.5,59,28.7,18.8
2026-09-10T05:15:00+05:30,2026-09-10 05:15:00,,,,0,0,7.2,64,0,0,0,3.6,8.9,637.3,,0,0,27.5,59,28.7,18.8
2026-09-10T05:11:00+05:30,2026-09-10 05:11:00,,,,0,0,7.2,87,0,0,0,3.6,8.9,637.3,,0,0,27.5,59,28.7,18.8
2026-09-10T05:05:00+05:30,2026-09-10 05:05:00,,,,0,0,7.2,96,0,0,0,3.6,8.9,637.3,,0,0,27.5,59,28.7,18.8
2026-09-10T05:00:00+05:30,2026-09-10 05:00:00,,,,0,0,7.2,91,0,0,0,3.6,8.9,637.3,,0,0,27.5,59,28.7,18.8
2026-09-10T04:55:00+05:30,2026-09-10 04:55:00,,,,0,0,7.2,74,0,0,0,3.6,8.9,637.3,,0,0,27.6,59,28.8,18.9
2026-09-10T04:50:00+05:30,2026-09-10 04:50:00,,,,0,1.8,7.2,99,0,0,0,3.6,8.9,637.3,,0,0,27.6,59,28.8,18.9
2026-09-10T04:45:00+05:30,2026-09-10 04:45:00,,,,0,0,7.2,75,0,0,0,3.6,8.9,637.3,,0,0,27.6,60,28.9,19.1
2026-09-10T04:40:00+05:30,2026-09-10 04:40:00,,,,0,5.5,7.2,78,0,0,0,3.6,8.9,637.3,,0,0,27.7,60,29.1,19.2
2026-09-10T04:35:00+05:30,2026-09-10 04:35:00,,,,0,0,7.2,82,0,0,0,3.6,8.9,637.3,,0,0,27.7,60,29.1,19.2
2026-09-10T04:30:00+05:30,2026-09-10 04:30:00,,,,0,0,7.2,73,0,0,0,3.6,8.9,637.3,,0,0,27.7,60,29.1,19.2
2026-09-10T04:25:00+05:30,2026-09-10 04:25:00,,,,0,0,7.2,101,0,0,0,3.6,8.9,637.3,,0,0,27.7,60,29.1,19.2
2026-09-10T04:20:00+05:30,2026-09-10 04:20:00,,,,0,1.8,7.2,72,0,0,0,3.6,8.9,637.3,,0,0,27.8,60,29.1,19.3
2026-09-10T04:15:00+05:30,2026-09-10 04:15:00,,,,0,0,7.2,79,0,0,0,3.6,8.9,637.3,,0,0,27.8,60,29.1,19.3
2026-09-10T04:10:00+05:30,2026-09-10 04:10:00,,,,0,5.5,7.2,85,0,0,0,3.6,8.9,637.3,,0,0,27.8,60,29.1,19.3
2026-09-10T04:06:00+05:30,2026-09-10 04:06:00,,,,0,3.5,7.2,82,0,0,0,3.6,8.9,637.3,,0,0,27.8,60,29.1,19.3
2026-09-10T04:00:00+05:30,2026-09-10 04:00:00,,,,0,0,7.2,75,0,0,0,3.6,8.9,637.3,,0,0,27.8,60,29.1,19.3
2026-09-10T03:55:00+05:30,2026-09-10 03:55:00,,,,0,0,7.2,55,0,0,0,3.6,8.9,637.3,,0,0,27.9,60,29.3,19.4
2026-09-10T03:50:00+05:30,2026-09-10 03:50:00,,,,0.3,1.8,7.2,81,0,0,0,3.6,8.9,637.3,,0,0,27.9,60,29.3,19.4
2026-09-10T03:45:00+05:30,2026-09-10 03:45:00,,,,0,0,7.2,73,0,0,0,3.6,8.9,637.3,,0,0,27.9,60,29.3,19.4
2026-09-10T03:40:00+05:30,2026-09-10 03:40:00,,,,0,0,7.2,100,0,0,0,3.6,8.9,637.3,,0,0,28,61,29.6,19.8
2026-09-10T03:35:00+05:30,2026-09-10 03:35:00,,,,0,3.5,7.2,65,0,0,0,3.6,8.9,637.3,,0,0,28,61,29.6,19.8
2026-09-10T03:30:00+05:30,2026-09-10 03:30:00,,,,0,0,7.2,96,0,0,0,3.6,8.9,637.3,,0,0,28.1,61,29.7,19.9
2026-09-10T03:25:00+05:30,2026-09-10 03:25:00,,,,4,7.2,7.2,74,0,0,0,3.6,8.9,637.3,,0,0,28.1,61,29.7,19.9
2026-09-10T03:20:00+05:30,2026-09-10 03:20:00,,,,0,0,5.5,76,0,0,0,3.6,8.9,637.3,,0,0,28.1,61,29.7,19.9
2026-09-10T03:15:00+05:30,2026-09-10 03:15:00,,,,0,0,5.5,82,0,0,0,3.6,8.9,637.3,,0,0,28.2,61,29.9,19.9
2026-09-10T03:10:00+05:30,2026-09-10 03:10:00,,,,0.6,3.5,5.5,92,0,0,0,3.6,8.9,637.3,,0,0,28.2,61,29.9,19.9
2026-09-10T03:05:00+05:30,2026-09-10 03:05:00,,,,2.9,3.5,3.5,100,0,0,0,3.6,8.9,637.3,,0,0,28.2,61,29.9,19.9
2026-09-10T03:00:00+05:30,2026-09-10 03:00:00,,,,0,0,3.5,78,0,0,0,3.6,8.9,637.3,,0,0,28.3,61,30,20
2026-09-10T02:55:00+05:30,2026-09-10 02:55:00,,,,0,0,3.5,79,0,0,0,3.6,8.9,637.3,,0,0,28.3,61,30,20
2026-09-10T02:50:00+05:30,2026-09-10 02:50:00,,,,0,0,3.5,80,0,0,0,3.6,8.9,637.3,,0,0,28.3,61,30,20
2026-09-10T02:46:00+05:30,2026-09-10 02:46:00,,,,0,0,3.5,84,0,0,0,3.6,8.9,637.3,,0,0,28.3,61,30,20
2026-09-10T02:40:00+05:30,2026-09-10 02:40:00,,,,0,0,3.5,79,0,0,0,3.6,8.9,637.3,,0,0,28.4,61,30.2,20.1
2026-09-10T02:35:00+05:30,2026-09-10 02:35:00,,,,0,0,3.5,78,0,0,0,3.6,8.9,637.3,,0,0,28.4,61,30.2,20.1
2026-09-10T02:30:00+05:30,2026-09-10 02:30:00,,,,0,0,3.5,75,0,0,0,3.6,8.9,637.3,,0,0,28.4,61,30.2,20.1
2026-09-10T02:25:00+05:30,2026-09-10 02:25:00,,,,0,0,3.5,80,0,0,0,3.6,8.9,637.3,,0,0,28.4,61,30.2,20.1
2026-09-10T02:20:00+05:30,2026-09-10 02:20:00,,,,0,0,3.5,84,0,0,0,3.6,8.9,637.3,,0,0,28.4,61,30.2,20.1
2026-09-10T02:15:00+05:30,2026-09-10 02:15:00,,,,0,0,3.5,79,0,0,0,3.6,8.9,637.3,,0,0,28.5,61,30.3,20.2
2026-09-10T02:10:00+05:30,2026-09-10 02:10:00,,,,0,0,3.5,91,0,0,0,3.6,8.9,637.3,,0,0,28.5,61,30.3,20.2
2026-09-10T02:05:00+05:30,2026-09-10 02:05:00,,,,0,0,3.5,81,0,0,0,3.6,8.9,637.3,,0,0,28.5,61,30.3,20.2
2026-09-10T02:00:00+05:30,2026-09-10 02:00:00,,,,0,0,3.5,77,0,0,0,3.6,8.9,637.3,,0,0,28.6,61,30.6,20.3
2026-09-10T01:55:00+05:30,2026-09-10 01:55:00,,,,0,0,3.5,80,0,0,0,3.6,8.9,637.3,,0,0,28.6,61,30.6,20.3
2026-09-10T01:50:00+05:30,2026-09-10 01:50:00,,,,0,0,3.5,75,0,0,0,3.6,8.9,637.3,,0,0,28.6,61,30.6,20.3
2026-09-10T01:45:00+05:30,2026-09-10 01:45:00,,,,0,0,1.8,67,0,0,0,3.6,8.9,637.3,,0,0,28.6,61,30.6,20.3
2026-09-10T01:41:00+05:30,2026-09-10 01:41:00,,,,0,1.8,1.8,77,0,0,0,3.6,8.9,637.3,,0,0,28.7,61,30.7,20.4
2026-09-10T01:35:00+05:30,2026-09-10 01:35:00,,,,0,0,1.8,78,0,0,0,3.6,8.9,637.3,,0,0,28.7,61,30.7,20.4
2026-09-10T01:30:00+05:30,2026-09-10 01:30:00,,,,0,0,1.8,87,0,0,0,3.6,8.9,637.3,,0,0,28.7,61,30.7,20.4
2026-09-10T01:25:00+05:30,2026-09-10 01:25:00,,,,0,0,1.8,78,0,0,0,3.6,8.9,637.3,,0,0,28.7,61,30.7,20.4
2026-09-10T01:20:00+05:30,2026-09-10 01:20:00,,,,0,0,1.8,78,0,0,0,3.6,8.9,637.3,,0,0,28.8,61,30.8,20.5
2026-09-10T01:15:00+05:30,2026-09-10 01:15:00,,,,0,0,1.8,79,0,0,0,3.6,8.9,637.3,,0,0,28.8,61,30.8,20.5
2026-09-10T01:10:00+05:30,2026-09-10 01:10:00,,,,0,0,1.8,83,0,0,0,3.6,8.9,637.3,,0,0,28.8,61,30.8,20.5
2026-09-10T01:05:00+05:30,2026-09-10 01:05:00,,,,0,0,1.8,79,0,0,0,3.6,8.9,637.3,,0,0,28.8,61,30.8,20.5
2026-09-10T01:00:00+05:30,2026-09-10 01:00:00,,,,0,0,1.8,85,0,0,0,3.6,8.9,637.3,,0,0,28.9,61,31,20.6
2026-09-10T00:55:00+05:30,2026-09-10 00:55:00,,,,0,0,1.8,81,0,0,0,3.6,8.9,637.3,,0,0,28.9,61,31,20.6
2026-09-10T00:50:00+05:30,2026-09-10 00:50:00,,,,0,0,1.8,79,0,0,0,3.6,8.9,637.3,,0,0,28.9,61,31,20.6
2026-09-10T00:45:00+05:30,2026-09-10 00:45:00,,,,0,0,1.8,79,0,0,0,3.6,8.9,637.3,,0,0,29,61,31.2,20.7
2026-09-10T00:40:00+05:30,2026-09-10 00:40:00,,,,0,0,1.8,79,0,0,0,3.6,8.9,637.3,,0,0,29,61,31.2,20.7
2026-09-10T00:36:00+05:30,2026-09-10 00:36:00,,,,0,0,1.8,79,0,0,0,3.6,8.9,637.3,,0,0,29,61,31.2,20.7
2026-09-10T00:30:00+05:30,2026-09-10 00:30:00,,,,0,0,1.8,89,0,0,0,3.6,8.9,637.3,,0,0,29,61,31.2,20.7
2026-09-10T00:25:00+05:30,2026-09-10 00:25:00,,,,0,0,1.8,85,0,0,0,3.6,8.9,637.3,,0,0,29.1,61,31.4,20.8
2026-09-10T00:20:00+05:30,2026-09-10 00:20:00,,,,0,0,1.8,80,0,0,0,3.6,8.9,637.3,,0,0,29.1,61,31.4,20.8
2026-09-10T00:15:00+05:30,2026-09-10 00:15:00,,,,0,0,1.8,80,0,0,0,3.6,8.9,637.3,,0,0,29.1,61,31.4,20.8
2026-09-10T00:10:00+05:30,2026-09-10 00:10:00,,,,0.3,1.8,1.8,80,0,0,0,3.6,8.9,637.3,,0,0,29.1,61,31.4,20.8
2026-09-10T00:05:00+05:30,2026-09-10 00:05:00,,,,0,0,0,52,0,0,0,3.6,8.9,637.3,,0,0,29.1,61,31.4,20.8
2026-09-10T00:00:00+05:30,2026-09-10 00:00:00,,,,0,0,0,76,0,0,0,3.6,8.9,637.3,,0,0,29.1,61,31.4,20.8
2026-09-09T23:55:00+05:30,2026-09-09 23:55:00,,,,0,0,29.5,91,0,0,0,3.6,8.9,637.3,,0,0,29.1,61,31.4,20.8
2026-09-09T23:50:00+05:30,2026-09-09 23:50:00,,,,0,0,29.5,81,0,0,0,3.6,8.9,637.3,,0,0,29.2,61,31.6,20.9
2026-09-09T23:45:00+05:30,2026-09-09 23:45:00,,,,0,0,29.5,74,0,0,0,3.6,8.9,637.3,,0,0,29.2,61,31.6,20.9
2026-09-09T23:40:00+05:30,2026-09-09 23:40:00,,,,0,5.5,29.5,71,0,0,0,3.6,8.9,637.3,,0,0,29.3,61,31.7,20.9
2026-09-09T23:35:00+05:30,2026-09-09 23:35:00,,,,0,0,29.5,79,0,0,0,3.6,8.9,637.3,,0,0,29.3,61,31.7,20.9
2026-09-09T23:30:00+05:30,2026-09-09 23:30:00,,,,0,1.8,29.5,89,0,0,0,3.6,8.9,637.3,,0,0,29.3,61,31.7,20.9
2026-09-09T23:25:00+05:30,2026-09-09 23:25:00,,,,0,1.8,29.5,79,0,0,0,3.6,8.9,637.3,,0,0,29.3,61,31.7,20.9
2026-09-09T23:20:00+05:30,2026-09-09 23:20:00,,,,0,3.5,29.5,124,0,0,0,3.6,8.9,637.3,,0,0,29.5,61,32.1,21.2
2026-09-09T23:15:00+05:30,2026-09-09 23:15:00,,,,0,3.5,29.5,138,0,0,0,3.6,8.9,637.3,,0,0,29.6,61,32.3,21.3
2026-09-09T23:10:00+05:30,2026-09-09 23:10:00,,,,0,0,29.5,94,0,0,0,3.6,8.9,637.3,,0,0,29.6,61,32.3,21.3
2026-09-09T23:05:00+05:30,2026-09-09 23:05:00,,,,0,0,29.5,75,0,0,0,3.6,8.9,637.3,,0,0,29.6,61,32.3,21.3
2026-09-09T23:00:00+05:30,2026-09-09 23:00:00,,,,0,0,29.5,78,0,0,0,3.6,8.9,637.3,,0,0,29.7,61,32.5,21.4
2026-09-09T22:55:00+05:30,2026-09-09 22:55:00,,,,0,0,29.5,77,0,0,0,3.6,8.9,637.3,,0,0,29.7,61,32.5,21.4
2026-09-09T22:50:00+05:30,2026-09-09 22:50:00,,,,0,0,29.5,76,0,0,0,3.6,8.9,637.3,,0,0,29.7,61,32.5,21.4
2026-09-09T22:45:00+05:30,2026-09-09 22:45:00,,,,0,0,29.5,88,0,0,0,3.6,8.9,637.3,,0,0,29.7,61,32.5,21.4
2026-09-09T22:40:00+05:30,2026-09-09 22:40:00,,,,0,0,29.5,83,0,0,0,3.6,8.9,637.3,,0,0,29.7,61,32.5,21.4
2026-09-09T22:35:00+05:30,2026-09-09 22:35:00,,,,0,0,29.5,76,0,0,0,3.6,8.9,637.3,,0,0,29.8,62,32.8,21.7
2026-09-09T22:30:00+05:30,2026-09-09 22:30:00,,,,0,0,29.5,80,0,0,0,3.6,8.9,637.3,,0,0,29.8,62,32.8,21.7
2026-09-09T22:25:00+05:30,2026-09-09 22:25:00,,,,0,0,29.5,86,0,0,0,3.6,8.9,637.3,,0,0,29.8,62,32.8,21.7
2026-09-09T22:20:00+05:30,2026-09-09 22:20:00,,,,0,0,29.5,77,0,0,0,3.6,8.9,637.3,,0,0,29.8,62,32.8,21.7
2026-09-09T22:15:00+05:30,2026-09-09 22:15:00,,,,0,0,29.5,77,0,0,0,3.6,8.9,637.3,,0,0,29.9,62,33,21.8
2026-09-09T22:11:00+05:30,2026-09-09 22:11:00,,,,2.9,5.5,29.5,98,0,0,0,3.6,8.9,637.3,,0,0,29.9,62,33,21.8
2026-09-09T22:05:00+05:30,2026-09-09 22:05:00,,,,0,3.5,29.5,75,0,0,0,3.6,8.9,637.3,,0,0,29.9,61,32.8,21.6
2026-09-09T22:00:00+05:30,2026-09-09 22:00:00,,,,0,0,29.5,77,0,0,0,3.6,8.9,637.3,,0,0,30,61,33.1,21.7
2026-09-09T21:55:00+05:30,2026-09-09 21:55:00,,,,0,0,29.5,77,0,0,0,3.6,8.9,637.3,,0,0,30,61,33.1,21.7
2026-09-09T21:50:00+05:30,2026-09-09 21:50:00,,,,2.1,3.5,29.5,89,0,0,0,3.6,8.9,637.3,,0,0,30,61,33.1,21.7
2026-09-09T21:45:00+05:30,2026-09-09 21:45:00,,,,0,3.5,29.5,78,0,0,0,3.6,8.9,637.3,,0,0,30.1,61,33.3,21.7
2026-09-09T21:40:00+05:30,2026-09-09 21:40:00,,,,1.4,7.2,29.5,113,0,0,0,3.6,8.9,637.3,,0,0,30.1,61,33.3,21.7
2026-09-09T21:35:00+05:30,2026-09-09 21:35:00,,,,2.9,7.2,29.5,108,0,0,0,3.6,8.9,637.3,,0,0,30.2,61,33.5,21.8
2026-09-09T21:30:00+05:30,2026-09-09 21:30:00,,,,0,5.5,29.5,88,0,0,0,3.6,8.9,637.3,,0,0,30.2,61,33.5,21.8
2026-09-09T21:25:00+05:30,2026-09-09 21:25:00,,,,1.8,5.5,29.5,80,0,0,0,3.6,8.9,637.3,,0,0,30.2,61,33.5,21.8
2026-09-09T21:20:00+05:30,2026-09-09 21:20:00,,,,0,0,29.5,92,0,0,0,3.6,8.9,637.3,,0,0,30.2,61,33.5,21.8
2026-09-09T21:15:00+05:30,2026-09-09 21:15:00,,,,0,0,29.5,86,0,0,0,3.6,8.9,637.3,,0,0,30.3,61,33.6,21.9
2026-09-09T21:10:00+05:30,2026-09-09 21:10:00,,,,0,3.5,29.5,79,0,0,0,3.6,8.9,637.3,,0,0,30.3,60,33.4,21.6
2026-09-09T21:06:00+05:30,2026-09-09 21:06:00,,,,0,5.5,29.5,82,0,0,0,3.6,8.9,637.3,,0,0,30.3,60,33.4,21.6
2026-09-09T21:00:00+05:30,2026-09-09 21:00:00,,,,1.8,5.5,29.5,76,0,0,0,3.6,8.9,637.3,,0,0,30.4,60,33.6,21.7
2026-09-09T20:55:00+05:30,2026-09-09 20:55:00,,,,0.6,7.2,29.5,84,0,0,0,3.6,8.9,637.3,,0,0,30.4,60,33.6,21.7
2026-09-09T20:50:00+05:30,2026-09-09 20:50:00,,,,0.3,5.5,29.5,111,0,0,0,3.6,8.9,637.3,,0,0,30.4,60,33.6,21.7
2026-09-09T20:45:00+05:30,2026-09-09 20:45:00,,,,0,7.2,29.5,97,0,0,0,3.6,8.9,637.3,,0,0,30.4,60,33.6,21.7
2026-09-09T20:40:00+05:30,2026-09-09 20:40:00,,,,0,7.2,29.5,80,0,0,0,3.6,8.9,637.3,,0,0,30.5,60,33.8,21.8
2026-09-09T20:35:00+05:30,2026-09-09 20:35:00,,,,0.6,5.5,29.5,92,0,0,0,3.6,8.9,637.3,,0,0,30.5,60,33.8,21.8
2026-09-09T20:30:00+05:30,2026-09-09 20:30:00,,,,0,0,29.5,94,0,0,0,3.6,8.9,637.3,,0,0,30.6,59,33.8,21.7
2026-09-09T20:25:00+05:30,2026-09-09 20:25:00,,,,0,5.5,29.5,76,0,0,0,3.6,8.9,637.3,,0,0,30.6,59,33.8,21.7
2026-09-09T20:20:00+05:30,2026-09-09 20:20:00,,,,0,5.5,29.5,81,0,0,0,3.6,8.9,637.3,,0,0,30.6,59,33.8,21.7
2026-09-09T20:15:00+05:30,2026-09-09 20:15:00,,,,0,5.5,29.5,85,0,0,0,3.6,8.9,637.3,,0,0,30.6,59,33.8,21.7
2026-09-09T20:10:00+05:30,2026-09-09 20:10:00,,,,0,3.5,29.5,82,0,0,0,3.6,8.9,637.3,,0,0,30.7,59,34.1,21.8
2026-09-09T20:05:00+05:30,2026-09-09 20:05:00,,,,0,0,29.5,72,0,0,0,3.6,8.9,637.3,,0,0,30.7,59,34.1,21.8
2026-09-09T20:01:00+05:30,2026-09-09 20:01:00,,,,0,0,29.5,72,0,0,0,3.6,8.9,637.3,,0,0,30.7,59,34.1,21.8
2026-09-09T19:55:00+05:30,2026-09-09 19:55:00,,,,0,1.8,29.5,73,0,0,0,3.6,8.9,637.3,,0,0,30.8,59,34.2,21.8
2026-09-09T19:50:00+05:30,2026-09-09 19:50:00,,,,0,9.3,29.5,86,0,0,0,3.6,8.9,637.3,,0,0,30.8,59,34.2,21.8
2026-09-09T19:45:00+05:30,2026-09-09 19:45:00,,,,0,0,29.5,72,0,0,0,3.6,8.9,637.3,,0,0,30.9,59,34.4,21.9
2026-09-09T19:40:00+05:30,2026-09-09 19:40:00,,,,0,0,29.5,71,0,0,0,3.6,8.9,637.3,,0,0,30.9,59,34.4,21.9
2026-09-09T19:35:00+05:30,2026-09-09 19:35:00,,,,0,5.5,29.5,92,0,0,0,3.6,8.9,637.3,,0,0,30.9,59,34.4,21.9
2026-09-09T19:30:00+05:30,2026-09-09 19:30:00,,,,0.3,1.8,29.5,88,0,0,0,3.6,8.9,637.3,,0,0,31,59,34.6,22.1
2026-09-09T19:25:00+05:30,2026-09-09 19:25:00,,,,0.3,7.2,29.5,86,0,0,0,3.6,8.9,637.3,,0,0,31,59,34.6,22.1
2026-09-09T19:20:00+05:30,2026-09-09 19:20:00,,,,0,0,29.5,82,0,0,0,3.6,8.9,637.3,,0,0,31,58,34.3,21.7
2026-09-09T19:15:00+05:30,2026-09-09 19:15:00,,,,0,0,29.5,86,0,0,0,3.6,8.9,637.3,,0,0,31.1,58,34.6,21.8
2026-09-09T19:10:00+05:30,2026-09-09 19:10:00,,,,0.3,3.5,29.5,123,0,0,0,3.6,8.9,637.3,,0,0,31.1,58,34.6,21.8
2026-09-09T19:05:00+05:30,2026-09-09 19:05:00,,,,0,0,29.5,79,0,0,0,3.6,8.9,637.3,,0,0,31.2,58,34.8,21.9
2026-09-09T19:00:00+05:30,2026-09-09 19:00:00,,,,3.2,7.2,29.5,95,0,0,0,3.6,8.9,637.3,,0,0,31.2,58,34.8,21.9
2026-09-09T18:56:00+05:30,2026-09-09 18:56:00,,,,1.1,7.2,29.5,91,0,0,0,3.6,8.9,637.3,,0,0,31.2,58,34.8,21.9
2026-09-09T18:50:00+05:30,2026-09-09 18:50:00,,,,0,3.5,29.5,92,0,0,0,3.6,8.9,637.3,,0,0,31.3,58,34.9,22
2026-09-09T18:45:00+05:30,2026-09-09 18:45:00,,,,2.9,7.2,29.5,97,0,0,0,3.6,8.9,637.3,,0,0,31.3,58,34.9,22
2026-09-09T18:40:00+05:30,2026-09-09 18:40:00,,,,6.9,9.3,29.5,92,0,0,0,3.6,8.9,637.3,,0,0,31.4,58,35.2,22.1
2026-09-09T18:35:00+05:30,2026-09-09 18:35:00,,,,6.4,11.1,29.5,92,0,0,0,3.6,8.9,637.3,,0,0,31.4,58,35.2,22.1
2026-09-09T18:30:00+05:30,2026-09-09 18:30:00,,,,0,5.5,29.5,76,0,0,0,3.6,8.9,637.3,,0,0.1,31.5,58,35.4,22.2
2026-09-09T18:25:00+05:30,2026-09-09 18:25:00,,,,0,3.5,29.5,83,0,0,0,3.6,8.9,637.3,,0,0.2,31.5,58,35.4,22.2
2026-09-09T18:20:00+05:30,2026-09-09 18:20:00,,,,0,5.5,29.5,80,0,0,0,3.6,8.9,637.3,,0,0.5,31.6,58,35.6,22.3
2026-09-09T18:15:00+05:30,2026-09-09 18:15:00,,,,0,1.8,29.5,95,0,0,0,3.6,8.9,637.3,,0,1.6,31.6,58,35.6,22.3
2026-09-09T18:10:00+05:30,2026-09-09 18:10:00,,,,0,5.5,29.5,106,0,0,0,3.6,8.9,637.3,,0,3.6,31.6,57,35.4,22.1
2026-09-09T18:05:00+05:30,2026-09-09 18:05:00,,,,0,13,29.5,78,0,0,0,3.6,8.9,637.3,,0,5.9,31.7,57,35.6,22.1
2026-09-09T18:00:00+05:30,2026-09-09 18:00:00,,,,0.3,3.5,29.5,80,0,0,0,3.6,8.9,637.3,,0,9.6,31.7,57,35.6,22.1
2026-09-09T17:55:00+05:30,2026-09-09 17:55:00,,,,1.1,3.5,29.5,93,0,0,0,3.6,8.9,637.3,,0,13.6,31.7,57,35.6,22.1
2026-09-09T17:51:00+05:30,2026-09-09 17:51:00,,,,3.5,5.5,29.5,89,0,0,0,3.6,8.9,637.3,,0,17.5,31.8,57,35.7,22.2
2026-09-09T17:45:00+05:30,2026-09-09 17:45:00,,,,4.3,13,29.5,102,0,0,0,3.6,8.9,637.3,,0,21.4,31.9,57,35.9,22.3
2026-09-09T17:40:00+05:30,2026-09-09 17:40:00,,,,6.9,11.1,29.5,121,0,0,0,3.6,8.9,637.3,,0,26.6,31.9,57,35.9,22.3
2026-09-09T17:35:00+05:30,2026-09-09 17:35:00,,,,0,5.5,29.5,84,0,0,0,3.6,8.9,637.3,,0,31.2,32,57,36.2,22.4
2026-09-09T17:30:00+05:30,2026-09-09 17:30:00,,,,1.8,3.5,29.5,81,0,0,0,3.6,8.9,637.3,,0,38.5,32,57,36.2,22.4
2026-09-09T17:25:00+05:30,2026-09-09 17:25:00,,,,0,0,29.5,82,0,0,0,3.6,8.9,637.3,,0,38.9,32,57,36.2,22.4
2026-09-09T17:20:00+05:30,2026-09-09 17:20:00,,,,1.1,13,29.5,102,0,0,0,3.6,8.9,637.3,,0,45.1,32.1,57,36.4,22.5
2026-09-09T17:15:00+05:30,2026-09-09 17:15:00,,,,1.4,13,29.5,88,0,0,0,3.6,8.9,637.3,,0,51.3,32.1,57,36.4,22.5
2026-09-09T17:10:00+05:30,2026-09-09 17:10:00,,,,0,5.5,29.5,93,0,0,0,3.6,8.9,637.3,,0,52.1,32.1,57,36.4,22.5
2026-09-09T17:05:00+05:30,2026-09-09 17:05:00,,,,0.3,9.3,29.5,116,0,0,0,3.6,8.9,637.3,,0,57.9,32.2,57,36.7,22.6
2026-09-09T17:00:00+05:30,2026-09-09 17:00:00,,,,13,16.6,29.5,88,0,0,0,3.6,8.9,637.3,,0,65.1,32.2,57,36.7,22.6
2026-09-09T16:55:00+05:30,2026-09-09 16:55:00,,,,0,3.5,29.5,86,0,0,0,3.6,8.9,637.3,,0,64.9,32.2,57,36.7,22.6
2026-09-09T16:50:00+05:30,2026-09-09 16:50:00,,,,0,9.3,29.5,181,0,0,0,3.6,8.9,637.3,,1,123.4,32.2,57,36.7,22.6
2026-09-09T16:46:00+05:30,2026-09-09 16:46:00,,,,7.9,9.3,29.5,76,0,0,0,3.6,8.9,637.3,,1,138.2,32.2,57,36.7,22.6
2026-09-09T16:40:00+05:30,2026-09-09 16:40:00,,,,0,1.8,29.5,83,0,1.8,0,3.6,8.9,637.3,,1,161.1,32.2,57,36.7,22.6
2026-09-09T16:35:00+05:30,2026-09-09 16:35:00,,,,0.6,3.5,29.5,85,0,1.8,0,3.6,8.9,637.3,,1,174.3,32.2,57,36.7,22.6
2026-09-09T16:30:00+05:30,2026-09-09 16:30:00,,,,4.7,14.8,29.5,78,0,1.8,0,3.6,8.9,637.3,,1,189.3,32.2,57,36.7,22.6
2026-09-09T16:25:00+05:30,2026-09-09 16:25:00,,,,1.8,5.5,29.5,81,0,1.8,0,3.6,8.9,637.3,,2,207,32.3,57,36.8,22.7
2026-09-09T16:20:00+05:30,2026-09-09 16:20:00,,,,4,9.3,29.5,107,0,1.8,0,3.6,8.9,637.3,,2,230.7,32.3,57,36.8,22.7
2026-09-09T16:15:00+05:30,2026-09-09 16:15:00,,,,4.7,11.1,29.5,84,0,1.8,0,3.6,8.9,637.3,,2,247.2,32.3,57,36.8,22.7
2026-09-09T16:10:00+05:30,2026-09-09 16:10:00,,,,0.3,7.2,29.5,67,0,1.8,0,3.6,8.9,637.3,,2,279.8,32.3,57,36.8,22.7
2026-09-09T16:05:00+05:30,2026-09-09 16:05:00,,,,6.1,9.3,29.5,46,0,1.8,0,3.6,8.9,637.3,,3,315.1,32.4,57,37.1,22.8
2026-09-09T16:00:00+05:30,2026-09-09 16:00:00,,,,4.7,9.3,29.5,106,0,1.8,0,3.6,8.9,637.3,,1,142.9,32.4,57,37.1,22.8
2026-09-09T15:55:00+05:30,2026-09-09 15:55:00,,,,0,9.3,29.5,78,0,1.8,0,3.6,8.9,637.3,,3,336.5,32.4,57,37.1,22.8
2026-09-09T15:50:00+05:30,2026-09-09 15:50:00,,,,4.7,16.6,29.5,96,0,1.8,0,3.6,8.9,637.3,,3,359.3,32.4,57,37.1,22.8
2026-09-09T15:45:00+05:30,2026-09-09 15:45:00,,,,0,7.2,29.5,89,0,1.8,0,3.6,8.9,637.3,,3,408.8,32.4,57,37.1,22.8
2026-09-09T15:41:00+05:30,2026-09-09 15:41:00,,,,0.3,11.1,29.5,79,0,1.8,0,3.6,8.9,637.3,,3,404.4,32.4,57,37.1,22.8
2026-09-09T15:35:00+05:30,2026-09-09 15:35:00,,,,0,5.5,29.5,88,0,1.8,0,3.6,8.9,637.3,,1,108.7,32.4,57,37.1,22.8
2026-09-09T15:30:00+05:30,2026-09-09 15:30:00,,,,0.3,13,29.5,47,0,1.8,0,3.6,8.9,637.3,,4,461.4,32.4,57,37.1,22.8
2026-09-09T15:25:00+05:30,2026-09-09 15:25:00,,,,0,9.3,29.5,63,0,1.8,0,3.6,8.9,637.3,,4,476.9,32.4,58,37.4,23.1
2026-09-09T15:20:00+05:30,2026-09-09 15:20:00,,,,10.5,14.8,29.5,106,0,1.8,0,3.6,8.9,637.3,,4,480.1,32.4,58,37.4,23.1
2026-09-09T15:15:00+05:30,2026-09-09 15:15:00,,,,4,13,29.5,90,0,1.8,0,3.6,8.9,637.3,,1,133.6,32.3,58,37.1,22.9
2026-09-09T15:10:00+05:30,2026-09-09 15:10:00,,,,6.1,14.8,29.5,44,0,1.8,0,3.6,8.9,637.3,,5,525.4,32.3,58,37.1,22.9
2026-09-09T15:05:00+05:30,2026-09-09 15:05:00,,,,0,9.3,29.5,75,0,1.8,0,3.6,8.9,637.3,,5,572.1,32.3,58,37.1,22.9
2026-09-09T15:00:00+05:30,2026-09-09 15:00:00,,,,3.5,21.9,29.5,64,0,1.8,0,3.6,8.9,637.3,,5,590.9,32.3,58,37.1,22.9
2026-09-09T14:55:00+05:30,2026-09-09 14:55:00,,,,5.5,7.2,29.5,102,0,1.8,0,3.6,8.9,637.3,,1,154.1,32.3,58,37.1,22.9
2026-09-09T14:50:00+05:30,2026-09-09 14:50:00,,,,2.6,14.8,29.5,165,0,1.8,0,3.6,8.9,637.3,,4,496.5,32.3,58,37.1,22.9
2026-09-09T14:45:00+05:30,2026-09-09 14:45:00,,,,1.4,14.8,29.5,93,0,1.8,0,3.6,8.9,637.3,,6,631.5,32.2,58,37,22.9
2026-09-09T14:40:00+05:30,2026-09-09 14:40:00,,,,0.3,1.8,29.5,85,0,1.8,0,3.6,8.9,637.3,,1,158.8,32.2,58,37,22.9
2026-09-09T14:35:00+05:30,2026-09-09 14:35:00,,,,8.7,11.1,29.5,85,0,1.8,0,3.6,8.9,637.3,,6,648.8,32.1,58,36.7,22.8
2026-09-09T14:30:00+05:30,2026-09-09 14:30:00,,,,0.3,9.3,29.5,113,0,1.8,0,3.6,8.9,637.3,,6,658.3,32.2,58,37,22.9
2026-09-09T14:25:00+05:30,2026-09-09 14:25:00,,,,1.4,18.3,29.5,82,0,1.8,0,3.6,8.9,637.3,,6,680.6,32.1,58,36.7,22.8
2026-09-09T14:20:00+05:30,2026-09-09 14:20:00,,,,0.3,13,29.5,102,0,1.8,0,3.6,8.9,637.3,,6,688.9,32,59,36.8,22.9
2026-09-09T14:15:00+05:30,2026-09-09 14:15:00,,,,1.4,11.1,29.5,97,0,1.8,0,3.6,8.9,637.3,,6,706.9,32,59,36.8,22.9
2026-09-09T14:10:00+05:30,2026-09-09 14:10:00,,,,2.1,16.6,29.5,56,0,1.8,0,3.6,8.9,637.3,,7,728.9,32,59,36.8,22.9
2026-09-09T14:05:00+05:30,2026-09-09 14:05:00,,,,0,7.2,29.5,65,0,1.8,0,3.6,8.9,637.3,,7,746.7,32,59,36.8,22.9
2026-09-09T14:00:00+05:30,2026-09-09 14:00:00,,,,2.1,13,29.5,87,0,1.8,0,3.6,8.9,637.3,,7,814.7,32,59,36.8,22.9
2026-09-09T13:55:00+05:30,2026-09-09 13:55:00,,,,14.3,16.6,29.5,119,0,1.8,0,3.6,8.9,637.3,,7,777.6,31.9,59,36.5,22.8
2026-09-09T13:50:00+05:30,2026-09-09 13:50:00,,,,5.8,9.3,29.5,92,0,1.8,0,3.6,8.9,637.3,,7,799.2,31.9,59,36.5,22.8
2026-09-09T13:45:00+05:30,2026-09-09 13:45:00,,,,9.7,20.1,29.5,121,0,1.8,0,3.6,8.9,637.3,,8,840.5,31.8,59,36.3,22.8
2026-09-09T13:40:00+05:30,2026-09-09 13:40:00,,,,4,14.8,29.5,108,0,1.8,0,3.6,8.9,637.3,,7,818.7,31.9,59,36.5,22.8
2026-09-09T13:35:00+05:30,2026-09-09 13:35:00,,,,0,7.2,29.5,48,0,1.8,0,3.6,8.9,637.3,,8,840.9,31.8,59,36.3,22.8
2026-09-09T13:30:00+05:30,2026-09-09 13:30:00,,,,0.3,5.5,29.5,107,0,1.8,0,3.6,8.9,637.3,,8,846.6,31.8,59,36.3,22.8
2026-09-09T13:25:00+05:30,2026-09-09 13:25:00,,,,7.9,14.8,29.5,112,0,1.8,0,3.6,8.9,637.3,,8,842.1,31.7,59,36.2,22.7
2026-09-09T13:20:00+05:30,2026-09-09 13:20:00,,,,0,11.1,29.5,95,0,1.8,0,3.6,8.9,637.3,,8,829.3,31.6,59,35.9,22.6
2026-09-09T13:16:00+05:30,2026-09-09 13:16:00,,,,7.2,16.6,29.5,56,0,1.8,0,3.6,8.9,637.3,,8,845.6,31.5,59,35.7,22.5
2026-09-09T13:10:00+05:30,2026-09-09 13:10:00,,,,10.5,18.3,29.5,113,0,1.8,0,3.6,8.9,637.3,,8,877.6,31.5,60,35.9,22.8
2026-09-09T13:05:00+05:30,2026-09-09 13:05:00,,,,0.3,5.5,29.5,81,0,1.8,0,3.6,8.9,637.3,,8,876.5,31.4,60,35.7,22.7
2026-09-09T13:00:00+05:30,2026-09-09 13:00:00,,,,9,11.1,29.5,120,0,1.8,0,3.6,8.9,637.3,,8,892,31.4,61,35.9,22.9
2026-09-09T12:55:00+05:30,2026-09-09 12:55:00,,,,1.8,14.8,29.5,115,0,1.8,0,3.6,8.9,637.3,,8,887.8,31.3,61,35.7,22.8
2026-09-09T12:50:00+05:30,2026-09-09 12:50:00,,,,4,13,23.8,98,0,1.8,0,3.6,8.9,637.3,,8,833.8,31.2,61,35.6,22.8
2026-09-09T12:45:00+05:30,2026-09-09 12:45:00,,,,13.4,16.6,23.8,88,0,1.8,0,3.6,8.9,637.3,,9,939.3,31.2,61,35.6,22.8
2026-09-09T12:40:00+05:30,2026-09-09 12:40:00,,,,2.1,9.3,23.8,75,0,1.8,0,3.6,8.9,637.3,,9,1001.5,31.2,62,35.8,23.1
2026-09-09T12:35:00+05:30,2026-09-09 12:35:00,,,,1.8,13,23.8,92,0,1.8,0,3.6,8.9,637.3,,2,226.8,31.2,62,35.8,23.1
2026-09-09T12:30:00+05:30,2026-09-09 12:30:00,,,,4.3,7.2,23.8,73,0,1.8,0,3.6,8.9,637.3,,1,144.6,31.1,62,35.6,22.9
2026-09-09T12:25:00+05:30,2026-09-09 12:25:00,,,,0,9.3,23.8,90,0,1.8,0,3.6,8.9,637.3,,1,175.3,31.1,62,35.6,22.9
2026-09-09T12:20:00+05:30,2026-09-09 12:20:00,,,,0.6,9.3,23.8,58,0,1.8,0,3.6,8.9,637.3,,9,1000.5,31,62,35.3,22.8
2026-09-09T12:15:00+05:30,2026-09-09 12:15:00,,,,9.7,16.6,23.8,18,0,1.8,0,3.6,8.9,637.3,,9,948.2,30.9,62,35.1,22.7
2026-09-09T12:11:00+05:30,2026-09-09 12:11:00,,,,0.3,9.3,23.8,16,0,1.8,0,3.6,8.9,637.3,,10,1056.8,30.9,62,35.1,22.7
2026-09-09T12:05:00+05:30,2026-09-09 12:05:00,,,,6.1,11.1,23.8,129,0,1.8,0,3.6,8.9,637.3,,9,1001.8,30.8,62,34.9,22.6
2026-09-09T12:00:00+05:30,2026-09-09 12:00:00,,,,0.6,7.2,18.3,106,0,1.8,0,3.6,8.9,637.3,,9,961.5,30.7,62,34.7,22.6
2026-09-09T11:55:00+05:30,2026-09-09 11:55:00,,,,5.5,14.8,18.3,32,0,1.8,0,3.6,8.9,637.3,,9,969.9,30.6,62,34.5,22.5
2026-09-09T11:50:00+05:30,2026-09-09 11:50:00,,,,0,9.3,18.3,95,0,1.8,0,3.6,8.9,637.3,,1,186.3,30.5,62,34.3,22.4
2026-09-09T11:45:00+05:30,2026-09-09 11:45:00,,,,2.1,11.1,18.3,95,0,1.8,0,3.6,8.9,637.3,,9,1020.7,30.4,62,34.1,22.3
2026-09-09T11:40:00+05:30,2026-09-09 11:40:00,,,,4,9.3,18.3,61,0,1.8,0,3.6,8.9,637.3,,3,353,30.3,63,34.1,22.4
2026-09-09T11:35:00+05:30,2026-09-09 11:35:00,,,,0.3,7.2,18.3,139,0,1.8,0,3.6,8.9,637.3,,9,989.9,30.2,63,33.9,22.4
2026-09-09T11:30:00+05:30,2026-09-09 11:30:00,,,,0,13,18.3,76,0,1.8,0,3.6,8.9,637.3,,2,279,30.2,63,33.9,22.4
2026-09-09T11:25:00+05:30,2026-09-09 11:25:00,,,,6.1,9.3,18.3,108,0,1.8,0,3.6,8.9,637.3,,2,269.2,30.1,63,33.7,22.3
2026-09-09T11:20:00+05:30,2026-09-09 11:20:00,,,,0.3,3.5,18.3,74,0,1.8,0,3.6,8.9,637.3,,3,375.1,30,64,33.7,22.4
2026-09-09T11:15:00+05:30,2026-09-09 11:15:00,,,,0,11.1,18.3,79,0,1.8,0,3.6,8.9,637.3,,9,957.7,30,64,33.7,22.4
2026-09-09T11:10:00+05:30,2026-09-09 11:10:00,,,,6.1,13,18.3,117,0,1.8,0,3.6,8.9,637.3,,8,892.4,29.9,64,33.4,22.3
2026-09-09T11:06:00+05:30,2026-09-09 11:06:00,,,,2.6,7.2,18.3,101,0,1.8,0,3.6,8.9,637.3,,1,103,29.8,64,33.2,22.2
2026-09-09T11:00:00+05:30,2026-09-09 11:00:00,,,,2.9,7.2,18.3,126,0,1.8,0,3.6,8.9,637.3,,9,997.4,29.7,64,33.1,22.2
2026-09-09T10:55:00+05:30,2026-09-09 10:55:00,,,,4.7,9.3,18.3,47,0,1.8,0,3.6,8.9,637.3,,9,930.9,29.6,64,32.9,22.1
2026-09-09T10:50:00+05:30,2026-09-09 10:50:00,,,,8.7,11.1,18.3,118,0,1.8,0,3.6,8.9,637.3,,8,916.3,29.6,64,32.9,22.1
2026-09-09T10:45:00+05:30,2026-09-09 10:45:00,,,,2.1,11.1,18.3,84,0,1.8,0,3.6,8.9,637.3,,8,891.3,29.5,65,32.8,22.2
2026-09-09T10:40:00+05:30,2026-09-09 10:40:00,,,,6.4,14.8,18.3,89,0,1.8,0,3.6,8.9,637.3,,8,884.7,29.4,65,32.6,22.1
2026-09-09T10:35:00+05:30,2026-09-09 10:35:00,,,,5,18.3,18.3,121,0,1.8,0,3.6,8.9,637.3,,2,287.2,29.4,65,32.6,22.1
2026-09-09T10:30:00+05:30,2026-09-09 10:30:00,,,,2.9,13,18.3,86,0,1.8,0,3.6,8.9,637.3,,8,909.6,29.4,65,32.6,22.1
2026-09-09T10:25:00+05:30,2026-09-09 10:25:00,,,,1.4,16.6,16.6,64,0,1.8,0,3.6,8.9,637.3,,2,212.9,29.3,65,32.4,22
2026-09-09T10:20:00+05:30,2026-09-09 10:20:00,,,,9,11.1,16.6,111,0,1.8,0,3.6,8.9,637.3,,8,857.5,29.3,66,32.6,22.3
2026-09-09T10:15:00+05:30,2026-09-09 10:15:00,,,,0,7.2,16.6,112,0,1.8,0,3.6,8.9,637.3,,8,857.4,29.2,66,32.4,22.2
2026-09-09T10:10:00+05:30,2026-09-09 10:10:00,,,,4.7,13,16.6,68,0,1.8,0,3.6,8.9,637.3,,7,816.5,29.1,66,32.2,22.1
2026-09-09T10:05:00+05:30,2026-09-09 10:05:00,,,,0,3.5,16.6,83,0,1.8,0,3.6,8.9,637.3,,7,813.5,29.1,66,32.2,22.1
2026-09-09T10:01:00+05:30,2026-09-09 10:01:00,,,,0.3,1.8,16.6,70,0,1.8,0,3.6,8.9,637.3,,1,161.6,29.1,66,32.2,22.1
2026-09-09T09:55:00+05:30,2026-09-09 09:55:00,,,,0.6,9.3,16.6,61,0,1.8,0,3.6,8.9,637.3,,3,362.9,29,66,32,22
2026-09-09T09:50:00+05:30,2026-09-09 09:50:00,,,,3.5,7.2,16.6,162,0,1.8,0,3.6,8.9,637.3,,2,252.4,29,66,32,22
2026-09-09T09:45:00+05:30,2026-09-09 09:45:00,,,,0,3.5,16.6,76,0,1.8,0,3.6,8.9,637.3,,2,230.8,28.9,67,31.9,22.1
2026-09-09T09:40:00+05:30,2026-09-09 09:40:00,,,,2.1,16.6,16.6,92,0,1.8,0,3.6,8.9,637.3,,2,248.4,28.9,67,31.9,22.1
2026-09-09T09:35:00+05:30,2026-09-09 09:35:00,,,,2.6,9.3,16.6,76,0,1.8,0,3.6,8.9,637.3,,2,230.9,28.8,67,31.7,22
2026-09-09T09:30:00+05:30,2026-09-09 09:30:00,,,,1.4,14.8,16.6,93,0,1.8,0,3.6,8.9,637.3,,3,345,28.7,67,31.6,22
2026-09-09T09:25:00+05:30,2026-09-09 09:25:00,,,,0,13,16.6,253,0,1.8,0,3.6,8.9,637.3,,3,360.4,28.6,67,31.4,21.9
2026-09-09T09:20:00+05:30,2026-09-09 09:20:00,,,,0,13,16.6,108,0,1.8,0,3.6,8.9,637.3,,1,186.7,28.6,67,31.4,21.9
2026-09-09T09:15:00+05:30,2026-09-09 09:15:00,,,,0,7.2,16.6,86,0,1.8,0,3.6,8.9,637.3,,1,170.4,28.5,67,31.2,21.8
2026-09-09T09:10:00+05:30,2026-09-09 09:10:00,,,,0,7.2,16.6,64,0,1.8,0,3.6,8.9,637.3,,1,106.2,28.5,67,31.2,21.8
2026-09-09T09:05:00+05:30,2026-09-09 09:05:00,,,,5,9.3,16.6,86,0,1.8,0,3.6,8.9,637.3,,1,135,28.4,67,31,21.7
2026-09-09T09:00:00+05:30,2026-09-09 09:00:00,,,,9,11.1,16.6,101,0,1.8,0,3.6,8.9,637.3,,1,154.9,28.3,67,30.8,21.6
2026-09-09T08:55:00+05:30,2026-09-09 08:55:00,,,,4,7.2,16.6,111,0,1.8,0,3.6,8.9,637.3,,3,409.6,28.3,67,30.8,21.6
2026-09-09T08:50:00+05:30,2026-09-09 08:50:00,,,,4,11.1,16.6,89,0,1.8,0,3.6,8.9,637.3,,3,331.5,28.3,67,30.8,21.6
2026-09-09T08:45:00+05:30,2026-09-09 08:45:00,,,,0.3,7.2,16.6,86,0,1.8,0,3.6,8.9,637.3,,1,176.2,28.3,67,30.8,21.6
2026-09-09T08:40:00+05:30,2026-09-09 08:40:00,,,,2.9,7.2,16.6,138,0,1.8,0,3.6,8.9,637.3,,2,289.6,28.2,67,30.7,21.5
2026-09-09T08:35:00+05:30,2026-09-09 08:35:00,,,,0,1.8,16.6,62,0,1.8,0,3.6,8.9,637.3,,1,137.6,28.2,67,30.7,21.5
2026-09-09T08:30:00+05:30,2026-09-09 08:30:00,,,,5.8,11.1,16.6,107,0,1.8,0,3.6,8.9,637.3,,1,106,28.2,67,30.7,21.5
2026-09-09T08:25:00+05:30,2026-09-09 08:25:00,,,,1.8,7.2,16.6,99,0,1.8,0,3.6,8.9,637.3,,1,133.1,28.1,67,30.5,21.4
2026-09-09T08:20:00+05:30,2026-09-09 08:20:00,,,,0.6,5.5,16.6,110,0,1.8,0,3.6,8.9,637.3,,3,338.8,28.1,67,30.5,21.4
2026-09-09T08:15:00+05:30,2026-09-09 08:15:00,,,,0,11.1,16.6,81,0,1.8,0,3.6,8.9,637.3,,0,87.6,28.1,67,30.5,21.4
2026-09-09T08:10:00+05:30,2026-09-09 08:10:00,,,,0.6,1.8,16.6,90,0,1.8,0,3.6,8.9,637.3,,1,161.3,28.1,67,30.5,21.4
2026-09-09T08:05:00+05:30,2026-09-09 08:05:00,,,,0,0,16.6,64,0,1.8,0,3.6,8.9,637.3,,0,59.1,28.1,67,30.5,21.4
2026-09-09T08:00:00+05:30,2026-09-09 08:00:00,,,,0,5.5,16.6,107,0,1.8,0,3.6,8.9,637.3,,0,92.4,28.1,67,30.5,21.4
2026-09-09T07:55:00+05:30,2026-09-09 07:55:00,,,,0,5.5,16.6,70,0,1.8,0,3.6,8.9,637.3,,2,228.4,28.1,67,30.5,21.4
2026-09-09T07:50:00+05:30,2026-09-09 07:50:00,,,,2.1,9.3,16.6,80,0,1.8,0,3.6,8.9,637.3,,1,160.9,28,67,30.3,21.3
2026-09-09T07:45:00+05:30,2026-09-09 07:45:00,,,,0,7.2,16.6,85,0,1.8,0,3.6,8.9,637.3,,1,186.7,28,67,30.3,21.3
2026-09-09T07:40:00+05:30,2026-09-09 07:40:00,,,,2.9,16.6,16.6,113,0,1.8,0,3.6,8.9,637.3,,0,94.5,28,67,30.3,21.3
2026-09-09T07:36:00+05:30,2026-09-09 07:36:00,,,,5.5,13,13,112,0,1.8,0,3.6,8.9,637.3,,1,104.7,28,67,30.3,21.3
2026-09-09T07:30:00+05:30,2026-09-09 07:30:00,,,,0,3.5,11.1,131,0,1.8,0,3.6,8.9,637.3,,1,178.5,28,67,30.3,21.3
2026-09-09T07:25:00+05:30,2026-09-09 07:25:00,,,,0,11.1,11.1,85,0,1.8,0,3.6,8.9,637.3,,1,125.7,28,67,30.3,21.3
2026-09-09T07:20:00+05:30,2026-09-09 07:20:00,,,,0,0,9.3,65,0,1.8,0,3.6,8.9,637.3,,1,141.2,27.9,67,30.1,21.2
2026-09-09T07:15:00+05:30,2026-09-09 07:15:00,,,,0,0,9.3,75,0,1.8,0,3.6,8.9,637.3,,1,157.6,27.9,67,30.1,21.2
2026-09-09T07:10:00+05:30,2026-09-09 07:10:00,,,,0,7.2,9.3,96,0,1.8,0,3.6,8.9,637.3,,1,170.6,27.9,67,30.1,21.2
2026-09-09T07:05:00+05:30,2026-09-09 07:05:00,,,,0,7.2,9.3,76,0,1.8,0,3.6,8.9,637.3,,1,153.2,27.8,67,29.9,21.1
2026-09-09T07:00:00+05:30,2026-09-09 07:00:00,,,,0,7.2,9.3,106,0,1.8,0,3.6,8.9,637.3,,1,136.6,27.8,67,29.9,21.1
2026-09-09T06:55:00+05:30,2026-09-09 06:55:00,,,,0,0,9.3,102,0,1.8,0,3.6,8.9,637.3,,1,118,27.8,67,29.9,21.1
2026-09-09T06:50:00+05:30,2026-09-09 06:50:00,,,,0,0,9.3,102,0,1.8,0,3.6,8.9,637.3,,0,92.4,27.8,67,29.9,21.1
2026-09-09T06:45:00+05:30,2026-09-09 06:45:00,,,,0,0,9.3,67,0,1.8,0,3.6,8.9,637.3,,0,30.6,27.8,67,29.9,21.1
2026-09-09T06:40:00+05:30,2026-09-09 06:40:00,,,,0,0,9.3,73,0,1.8,0,3.6,8.9,637.3,,0,27.5,27.8,67,29.9,21.1
2026-09-09T06:35:00+05:30,2026-09-09 06:35:00,,,,0,0,9.3,75,0,1.8,0,3.6,8.9,637.3,,0,26.7,27.8,67,29.9,21.1
2026-09-09T06:31:00+05:30,2026-09-09 06:31:00,,,,0,0,9.3,90,0,1.8,0,3.6,8.9,637.3,,0,22.1,27.8,67,29.9,21.1
2026-09-09T06:25:00+05:30,2026-09-09 06:25:00,,,,0,5.5,9.3,73,0,1.8,0,3.6,8.9,637.3,,0,19.9,27.8,67,29.9,21.1
2026-09-09T06:20:00+05:30,2026-09-09 06:20:00,,,,0,0,9.3,76,0,1.8,0,3.6,8.9,637.3,,0,16.5,27.8,67,29.9,21.1
2026-09-09T06:15:00+05:30,2026-09-09 06:15:00,,,,0,0,9.3,80,0,1.8,0,3.6,8.9,637.3,,0,13.4,27.9,67,30.1,21.2
2026-09-09T06:10:00+05:30,2026-09-09 06:10:00,,,,0,0,9.3,62,0,1.8,0,3.6,8.9,637.3,,0,10.9,27.9,67,30.1,21.2
2026-09-09T06:05:00+05:30,2026-09-09 06:05:00,,,,0,0,9.3,62,0,1.8,0,3.6,8.9,637.3,,0,6.9,27.9,67,30.1,21.2
2026-09-09T06:00:00+05:30,2026-09-09 06:00:00,,,,0,0,9.3,62,0,1.8,0,3.6,8.9,637.3,,0,3.4,27.9,67,30.1,21.2
2026-09-09T05:55:00+05:30,2026-09-09 05:55:00,,,,0,0,9.3,68,0,1.8,0,3.6,8.9,637.3,,0,1.7,27.9,67,30.1,21.2
2026-09-09T05:50:00+05:30,2026-09-09 05:50:00,,,,0,0,9.3,62,0,1.8,0,3.6,8.9,637.3,,0,0.7,28,67,30.3,21.3
2026-09-09T05:45:00+05:30,2026-09-09 05:45:00,,,,0,0,9.3,67,0,1.8,0,3.6,8.9,637.3,,0,0.2,28,67,30.3,21.3
2026-09-09T05:40:00+05:30,2026-09-09 05:40:00,,,,0,0,9.3,71,0,1.8,0,3.6,8.9,637.3,,0,0,28,67,30.3,21.3
2026-09-09T05:35:00+05:30,2026-09-09 05:35:00,,,,0,0,9.3,77,0,1.8,0,3.6,8.9,637.3,,0,0,28,67,30.3,21.3
2026-09-09T05:30:00+05:30,2026-09-09 05:30:00,,,,0,0,9.3,62,0,1.8,0,3.6,8.9,637.3,,0,0,28,67,30.3,21.3
2026-09-09T05:26:00+05:30,2026-09-09 05:26:00,,,,0,0,9.3,73,0,1.8,0,3.6,8.9,637.3,,0,0,28,67,30.3,21.3
2026-09-09T05:20:00+05:30,2026-09-09 05:20:00,,,,0,0,9.3,67,0,1.8,0,3.6,8.9,637.3,,0,0,28,67,30.3,21.3
2026-09-09T05:15:00+05:30,2026-09-09 05:15:00,,,,0,0,9.3,70,0,1.8,0,3.6,8.9,637.3,,0,0,28.1,67,30.5,21.4
2026-09-09T05:10:00+05:30,2026-09-09 05:10:00,,,,0,0,9.3,70,0,1.8,0,3.6,8.9,637.3,,0,0,28,67,30.3,21.3
2026-09-09T05:05:00+05:30,2026-09-09 05:05:00,,,,0,0,9.3,108,0,1.8,0,3.6,8.9,637.3,,0,0,28,67,30.3,21.3
2026-09-09T05:00:00+05:30,2026-09-09 05:00:00,,,,0,0,9.3,86,0,1.8,0,3.6,8.9,637.3,,0,0,28.1,67,30.5,21.4
2026-09-09T04:55:00+05:30,2026-09-09 04:55:00,,,,0,0,9.3,71,0,1.8,0,3.6,8.9,637.3,,0,0,28.1,66,30.3,21.2
2026-09-09T04:50:00+05:30,2026-09-09 04:50:00,,,,0,0,9.3,73,0,1.8,0,3.6,8.9,637.3,,0,0,28.1,66,30.3,21.2
2026-09-09T04:45:00+05:30,2026-09-09 04:45:00,,,,0,0,9.3,73,0,1.8,0,3.6,8.9,637.3,,0,0,28.1,66,30.3,21.2
2026-09-09T04:40:00+05:30,2026-09-09 04:40:00,,,,0,0,9.3,76,0,1.8,0,3.6,8.9,637.3,,0,0,28.1,66,30.3,21.2
2026-09-09T04:35:00+05:30,2026-09-09 04:35:00,,,,0,1.8,9.3,76,0,1.8,0,3.6,8.9,637.3,,0,0,28.1,66,30.3,21.2
2026-09-09T04:30:00+05:30,2026-09-09 04:30:00,,,,0.3,7.2,9.3,82,0,1.8,0,3.6,8.9,637.3,,0,0,28.1,66,30.3,21.2
2026-09-09T04:25:00+05:30,2026-09-09 04:25:00,,,,4.7,5.5,9.3,58,0,1.8,0,3.6,8.9,637.3,,0,0,28.2,66,30.6,21.3
2026-09-09T04:20:00+05:30,2026-09-09 04:20:00,,,,0,0,9.3,78,0,1.8,0,3.6,8.9,637.3,,0,0,28.2,66,30.6,21.3
2026-09-09T04:15:00+05:30,2026-09-09 04:15:00,,,,0,1.8,9.3,81,0,1.8,0,3.6,8.9,637.3,,0,0,28.2,66,30.6,21.3
2026-09-09T04:10:00+05:30,2026-09-09 04:10:00,,,,0,3.5,9.3,77,0,1.8,0,3.6,8.9,637.3,,0,0,28.2,66,30.6,21.3
2026-09-09T04:05:00+05:30,2026-09-09 04:05:00,,,,0,0,9.3,102,0,1.8,0,3.6,8.9,637.3,,0,0,28.2,66,30.6,21.3
2026-09-09T04:00:00+05:30,2026-09-09 04:00:00,,,,0,0,9.3,83,0,1.8,0,3.6,8.9,637.3,,0,0,28.2,66,30.6,21.3
2026-09-09T03:55:00+05:30,2026-09-09 03:55:00,,,,0,3.5,9.3,92,0,1.8,0,3.6,8.9,637.3,,0,0,28.3,66,30.7,21.3
2026-09-09T03:50:00+05:30,2026-09-09 03:50:00,,,,0,0,9.3,88,0,1.8,0,3.6,8.9,637.3,,0,0,28.3,66,30.7,21.3
2026-09-09T03:45:00+05:30,2026-09-09 03:45:00,,,,0,0,9.3,83,0,1.8,0,3.6,8.9,637.3,,0,0,28.3,66,30.7,21.3
2026-09-09T03:40:00+05:30,2026-09-09 03:40:00,,,,0,0,9.3,77,0,1.8,0,3.6,8.9,637.3,,0,0,28.3,66,30.7,21.3
2026-09-09T03:35:00+05:30,2026-09-09 03:35:00,,,,0,0,9.3,81,0,1.8,0,3.6,8.9,637.3,,0,0,28.3,66,30.7,21.3
2026-09-09T03:30:00+05:30,2026-09-09 03:30:00,,,,0,0,9.3,78,0,1.8,0,3.6,8.9,637.3,,0,0,28.4,66,30.8,21.4
2026-09-09T03:25:00+05:30,2026-09-09 03:25:00,,,,0,0,9.3,86,0,1.8,0,3.6,8.9,637.3,,0,0,28.4,65,30.7,21.2
2026-09-09T03:20:00+05:30,2026-09-09 03:20:00,,,,0,0,9.3,74,0,1.8,0,3.6,8.9,637.3,,0,0,28.4,65,30.7,21.2
2026-09-09T03:15:00+05:30,2026-09-09 03:15:00,,,,0,0,9.3,72,0,1.8,0,3.6,8.9,637.3,,0,0,28.4,65,30.7,21.2
2026-09-09T03:10:00+05:30,2026-09-09 03:10:00,,,,0,0,9.3,77,0,1.8,0,3.6,8.9,637.3,,0,0,28.4,65,30.7,21.2
2026-09-09T03:05:00+05:30,2026-09-09 03:05:00,,,,0,0,9.3,79,0,1.8,0,3.6,8.9,637.3,,0,0,28.4,65,30.7,21.2
2026-09-09T03:01:00+05:30,2026-09-09 03:01:00,,,,0,0,9.3,78,0,1.8,0,3.6,8.9,637.3,,0,0,28.5,65,30.9,21.3
2026-09-09T02:55:00+05:30,2026-09-09 02:55:00,,,,0,0,9.3,96,0,1.8,0,3.6,8.9,637.3,,0,0,28.5,65,30.9,21.3
2026-09-09T02:50:00+05:30,2026-09-09 02:50:00,,,,0,0,9.3,82,0,1.8,0,3.6,8.9,637.3,,0,0,28.5,65,30.9,21.3
2026-09-09T02:45:00+05:30,2026-09-09 02:45:00,,,,0,0,9.3,83,0,1.8,0,3.6,8.9,637.3,,0,0,28.5,65,30.9,21.3
2026-09-09T02:40:00+05:30,2026-09-09 02:40:00,,,,0,0,9.3,82,0,1.8,0,3.6,8.9,637.3,,0,0,28.5,65,30.9,21.3
2026-09-09T02:35:00+05:30,2026-09-09 02:35:00,,,,0,0,9.3,71,0,1.8,0,3.6,8.9,637.3,,0,0,28.6,65,31.1,21.4
2026-09-09T02:30:00+05:30,2026-09-09 02:30:00,,,,0,0,9.3,79,0,1.8,0,3.6,8.9,637.3,,0,0,28.6,65,31.1,21.4
2026-09-09T02:25:00+05:30,2026-09-09 02:25:00,,,,0,3.5,9.3,59,0,1.8,0,3.6,8.9,637.3,,0,0,28.6,65,31.1,21.4
2026-09-09T02:20:00+05:30,2026-09-09 02:20:00,,,,6.9,9.3,9.3,110,0,1.8,0,3.6,8.9,637.3,,0,0,28.6,65,31.1,21.4
2026-09-09T02:15:00+05:30,2026-09-09 02:15:00,,,,0,0,7.2,81,0,1.8,0,3.6,8.9,637.3,,0,0,28.7,65,31.3,21.5
2026-09-09T02:10:00+05:30,2026-09-09 02:10:00,,,,0,5.5,7.2,101,0,1.8,0,3.6,8.9,637.3,,0,0,28.7,65,31.3,21.5
2026-09-09T02:05:00+05:30,2026-09-09 02:05:00,,,,4,5.5,7.2,103,0,1.8,0,3.6,8.9,637.3,,0,0,28.7,65,31.3,21.5
2026-09-09T02:00:00+05:30,2026-09-09 02:00:00,,,,0,0,7.2,84,0,1.8,0,3.6,8.9,637.3,,0,0,28.7,65,31.3,21.5
2026-09-09T01:56:00+05:30,2026-09-09 01:56:00,,,,2.9,7.2,7.2,85,0,1.8,0,3.6,8.9,637.3,,0,0,28.7,64,31.2,21.2
2026-09-09T01:50:00+05:30,2026-09-09 01:50:00,,,,0,5.5,7.2,85,0,1.8,0,3.6,8.9,637.3,,0,0,28.8,64,31.3,21.3
2026-09-09T01:45:00+05:30,2026-09-09 01:45:00,,,,0,0,7.2,81,0,1.8,0,3.6,8.9,637.3,,0,0,28.8,64,31.3,21.3
2026-09-09T01:40:00+05:30,2026-09-09 01:40:00,,,,0,3.5,7.2,89,0,1.8,0,3.6,8.9,637.3,,0,0,28.9,64,31.4,21.4
2026-09-09T01:35:00+05:30,2026-09-09 01:35:00,,,,0,0,7.2,83,0,1.8,0,3.6,8.9,637.3,,0,0,28.9,64,31.4,21.4
2026-09-09T01:30:00+05:30,2026-09-09 01:30:00,,,,0,0,7.2,79,0,1.8,0,3.6,8.9,637.3,,0,0,28.9,64,31.4,21.4
2026-09-09T01:25:00+05:30,2026-09-09 01:25:00,,,,0.3,3.5,7.2,78,0,1.8,0,3.6,8.9,637.3,,0,0,28.9,64,31.4,21.4
2026-09-09T01:20:00+05:30,2026-09-09 01:20:00,,,,0,0,7.2,71,0,1.8,0,3.6,8.9,637.3,,0,0,28.9,64,31.4,21.4
2026-09-09T01:15:00+05:30,2026-09-09 01:15:00,,,,0,1.8,7.2,74,0,1.8,0,3.6,8.9,637.3,,0,0,28.9,64,31.4,21.4
2026-09-09T01:10:00+05:30,2026-09-09 01:10:00,,,,0,0,7.2,81,0,1.8,0,3.6,8.9,637.3,,0,0,29,64,31.7,21.5
2026-09-09T01:05:00+05:30,2026-09-09 01:05:00,,,,0,0,7.2,82,0,1.8,0,3.6,8.9,637.3,,0,0,29,64,31.7,21.5
2026-09-09T01:00:00+05:30,2026-09-09 01:00:00,,,,0,0,7.2,77,0,1.8,0,3.6,8.9,637.3,,0,0,29,64,31.7,21.5
2026-09-09T00:55:00+05:30,2026-09-09 00:55:00,,,,0,0,7.2,85,0,1.8,0,3.6,8.9,637.3,,0,0,29,64,31.7,21.5
2026-09-09T00:50:00+05:30,2026-09-09 00:50:00,,,,0,0,7.2,76,0,1.8,0,3.6,8.9,637.3,,0,0,29,64,31.7,21.5
2026-09-09T00:45:00+05:30,2026-09-09 00:45:00,,,,0,0,7.2,82,0,1.8,0,3.6,8.9,637.3,,0,0,29.1,64,31.9,21.6
2026-09-09T00:40:00+05:30,2026-09-09 00:40:00,,,,0,1.8,7.2,90,0,1.8,0,3.6,8.9,637.3,,0,0,29.1,64,31.9,21.6
2026-09-09T00:35:00+05:30,2026-09-09 00:35:00,,,,0,0,5.5,69,0,1.8,0,3.6,8.9,637.3,,0,0,29.1,64,31.9,21.6
2026-09-09T00:30:00+05:30,2026-09-09 00:30:00,,,,0,0,5.5,77,0,1.8,0,3.6,8.9,637.3,,0,0,29.1,64,31.9,21.6
2026-09-09T00:25:00+05:30,2026-09-09 00:25:00,,,,0,1.8,5.5,67,0,1.8,0,3.6,8.9,637.3,,0,0,29.1,64,31.9,21.6
2026-09-09T00:20:00+05:30,2026-09-09 00:20:00,,,,0,0,5.5,80,0,1.8,0,3.6,8.9,637.3,,0,0,29.2,64,32.1,21.7
2026-09-09T00:15:00+05:30,2026-09-09 00:15:00,,,,0,0,3.5,84,0,1.8,0,3.6,8.9,637.3,,0,0,29.2,64,32.1,21.7
2026-09-09T00:10:00+05:30,2026-09-09 00:10:00,,,,0,0,0,86,0,1.8,0,3.6,8.9,637.3,,0,0,29.2,64,32.1,21.7
2026-09-09T00:05:00+05:30,2026-09-09 00:05:00,,,,0,0,0,85,0,1.8,0,3.6,8.9,637.3,,0,0,29.2,64,32.1,21.7
2026-09-09T00:00:00+05:30,2026-09-09 00:00:00,,,,0,0,0,93,0,1.8,0,3.6,8.9,637.3,,0,0,29.2,64,32.1,21.7
2026-09-08T23:55:00+05:30,2026-09-08 23:55:00,,,,0,3.5,21.9,85,0,1.8,3.6,3.6,8.9,637.3,,0,0,29.3,64,32.2,21.7
2026-09-08T23:50:00+05:30,2026-09-08 23:50:00,,,,0,0,21.9,104,0,1.8,3.6,3.6,8.9,637.3,,0,0,29.3,64,32.2,21.7
2026-09-08T23:45:00+05:30,2026-09-08 23:45:00,,,,0,0,21.9,77,0,1.8,3.6,3.6,8.9,637.3,,0,0,29.3,64,32.2,21.7
2026-09-08T23:40:00+05:30,2026-09-08 23:40:00,,,,0,0,21.9,95,0,1.8,3.6,3.6,8.9,637.3,,0,0,29.3,64,32.2,21.7
2026-09-08T23:35:00+05:30,2026-09-08 23:35:00,,,,0,0,21.9,86,0,1.8,3.6,3.6,8.9,637.3,,0,0,29.3,63,32,21.5
2026-09-08T23:31:00+05:30,2026-09-08 23:31:00,,,,0,0,21.9,141,0,1.8,3.6,3.6,8.9,637.3,,0,0,29.4,63,32.2,21.6
2026-09-08T23:25:00+05:30,2026-09-08 23:25:00,,,,0.3,5.5,21.9,98,0,1.8,3.6,3.6,8.9,637.3,,0,0,29.4,63,32.2,21.6
2026-09-08T23:20:00+05:30,2026-09-08 23:20:00,,,,0,0,21.9,75,0,1.8,3.6,3.6,8.9,637.3,,0,0,29.4,63,32.2,21.6
2026-09-08T23:15:00+05:30,2026-09-08 23:15:00,,,,4,7.2,21.9,74,0,1.8,3.6,3.6,8.9,637.3,,0,0,29.5,63,32.4,21.7
2026-09-08T23:10:00+05:30,2026-09-08 23:10:00,,,,2.6,5.5,21.9,86,0,1.8,3.6,3.6,8.9,637.3,,0,0,29.5,63,32.4,21.7
2026-09-08T23:05:00+05:30,2026-09-08 23:05:00,,,,0,7.2,21.9,91,0,1.8,3.6,3.6,8.9,637.3,,0,0,29.5,63,32.4,21.7
2026-09-08T23:00:00+05:30,2026-09-08 23:00:00,,,,4,7.2,21.9,102,0,1.8,3.6,3.6,8.9,637.3,,0,0,29.6,63,32.7,21.8
2026-09-08T22:55:00+05:30,2026-09-08 22:55:00,,,,0,0,21.9,97,0,1.8,3.6,3.6,8.9,637.3,,0,0,29.6,63,32.7,21.8
2026-09-08T22:50:00+05:30,2026-09-08 22:50:00,,,,0,0,21.9,78,0,1.8,3.6,3.6,8.9,637.3,,0,0,29.6,63,32.7,21.8
2026-09-08T22:45:00+05:30,2026-09-08 22:45:00,,,,0,7.2,21.9,88,0,1.8,3.6,3.6,8.9,637.3,,0,0,29.6,63,32.7,21.8
2026-09-08T22:40:00+05:30,2026-09-08 22:40:00,,,,0,0,21.9,81,0,1.8,3.6,3.6,8.9,637.3,,0,0,29.6,63,32.7,21.8
2026-09-08T22:35:00+05:30,2026-09-08 22:35:00,,,,0,0,21.9,67,0,1.8,3.6,3.6,8.9,637.3,,0,0,29.7,63,32.9,21.9
2026-09-08T22:30:00+05:30,2026-09-08 22:30:00,,,,0,0,21.9,99,0,1.8,3.6,3.6,8.9,637.3,,0,0,29.7,63,32.9,21.9
2026-09-08T22:26:00+05:30,2026-09-08 22:26:00,,,,0,1.8,21.9,74,0,1.8,3.6,3.6,8.9,637.3,,0,0,29.8,63,33,21.9
2026-09-08T22:20:00+05:30,2026-09-08 22:20:00,,,,3.5,5.5,21.9,117,0,1.8,3.6,3.6,8.9,637.3,,0,0,29.8,63,33,21.9
2026-09-08T22:15:00+05:30,2026-09-08 22:15:00,,,,0,0,21.9,79,0,1.8,3.6,3.6,8.9,637.3,,0,0,29.8,63,33,21.9
2026-09-08T22:10:00+05:30,2026-09-08 22:10:00,,,,0,3.5,21.9,71,0,1.8,3.6,3.6,8.9,637.3,,0,0,29.8,63,33,21.9
2026-09-08T22:05:00+05:30,2026-09-08 22:05:00,,,,0,5.5,21.9,81,0,1.8,3.6,3.6,8.9,637.3,,0,0,29.9,63,33.2,22.1
2026-09-08T22:00:00+05:30,2026-09-08 22:00:00,,,,2.6,7.2,21.9,83,0,1.8,3.6,3.6,8.9,637.3,,0,0,29.9,63,33.2,22.1
2026-09-08T21:55:00+05:30,2026-09-08 21:55:00,,,,0,7.2,21.9,89,0,1.8,3.6,3.6,8.9,637.3,,0,0,29.9,63,33.2,22.1
2026-09-08T21:50:00+05:30,2026-09-08 21:50:00,,,,0,9.3,21.9,66,0,1.8,3.6,3.6,8.9,637.3,,0,0,30,63,33.4,22.2
2026-09-08T21:45:00+05:30,2026-09-08 21:45:00,,,,5.8,7.2,21.9,93,0,1.8,3.6,3.6,8.9,637.3,,0,0,30,63,33.4,22.2
2026-09-08T21:40:00+05:30,2026-09-08 21:40:00,,,,0,5.5,21.9,79,0,1.8,3.6,3.6,8.9,637.3,,0,0,30,63,33.4,22.2
2026-09-08T21:35:00+05:30,2026-09-08 21:35:00,,,,0,3.5,21.9,83,0,1.8,3.6,3.6,8.9,637.3,,0,0,30.1,63,33.7,22.3
2026-09-08T21:30:00+05:30,2026-09-08 21:30:00,,,,0,0,21.9,94,0,1.8,3.6,3.6,8.9,637.3,,0,0,30.1,63,33.7,22.3
2026-09-08T21:25:00+05:30,2026-09-08 21:25:00,,,,2.6,7.2,21.9,98,0,1.8,3.6,3.6,8.9,637.3,,0,0,30.1,63,33.7,22.3
2026-09-08T21:21:00+05:30,2026-09-08 21:21:00,,,,2.6,3.5,21.9,87,0,1.8,3.6,3.6,8.9,637.3,,0,0,30.1,63,33.7,22.3
2026-09-08T21:15:00+05:30,2026-09-08 21:15:00,,,,0,0,21.9,65,0,1.8,3.6,3.6,8.9,637.3,,0,0,30.2,63,33.9,22.4
2026-09-08T21:10:00+05:30,2026-09-08 21:10:00,,,,0,0,21.9,78,0,1.8,3.6,3.6,8.9,637.3,,0,0,30.2,63,33.9,22.4
2026-09-08T21:05:00+05:30,2026-09-08 21:05:00,,,,0,5.5,21.9,83,0,1.8,3.6,3.6,8.9,637.3,,0,0,30.2,63,33.9,22.4
2026-09-08T21:00:00+05:30,2026-09-08 21:00:00,,,,0.3,3.5,21.9,89,0,1.8,3.6,3.6,8.9,637.3,,0,0,30.3,63,34.1,22.4
2026-09-08T20:55:00+05:30,2026-09-08 20:55:00,,,,2.9,5.5,21.9,87,0,1.8,3.6,3.6,8.9,637.3,,0,0,30.3,63,34.1,22.4
2026-09-08T20:50:00+05:30,2026-09-08 20:50:00,,,,0,5.5,21.9,86,0,1.8,3.6,3.6,8.9,637.3,,0,0,30.3,62,33.8,22.2
2026-09-08T20:45:00+05:30,2026-09-08 20:45:00,,,,0,9.3,21.9,64,0,1.8,3.6,3.6,8.9,637.3,,0,0,30.4,62,34.1,22.3
2026-09-08T20:40:00+05:30,2026-09-08 20:40:00,,,,2.1,3.5,21.9,96,0,1.8,3.6,3.6,8.9,637.3,,0,0,30.4,62,34.1,22.3
2026-09-08T20:35:00+05:30,2026-09-08 20:35:00,,,,1.8,5.5,21.9,93,0,1.8,3.6,3.6,8.9,637.3,,0,0,30.4,62,34.1,22.3
2026-09-08T20:30:00+05:30,2026-09-08 20:30:00,,,,2.6,7.2,21.9,126,0,1.8,3.6,3.6,8.9,637.3,,0,0,30.4,62,34.1,22.3
2026-09-08T20:25:00+05:30,2026-09-08 20:25:00,,,,5.5,9.3,21.9,119,0,1.8,3.6,3.6,8.9,637.3,,0,0,30.5,62,34.3,22.4
2026-09-08T20:20:00+05:30,2026-09-08 20:20:00,,,,2.9,5.5,21.9,103,0,1.8,3.6,3.6,8.9,637.3,,0,0,30.5,62,34.3,22.4
2026-09-08T20:15:00+05:30,2026-09-08 20:15:00,,,,1.1,11.1,21.9,96,0,1.8,3.6,3.6,8.9,637.3,,0,0,30.5,62,34.3,22.4
2026-09-08T20:10:00+05:30,2026-09-08 20:10:00,,,,2.1,7.2,21.9,98,0,1.8,3.6,3.6,8.9,637.3,,0,0,30.6,62,34.5,22.5
2026-09-08T20:05:00+05:30,2026-09-08 20:05:00,,,,3.2,5.5,21.9,112,0,1.8,3.6,3.6,8.9,637.3,,0,0,30.6,62,34.5,22.5
2026-09-08T20:01:00+05:30,2026-09-08 20:01:00,,,,5.5,7.2,21.9,94,0,1.8,3.6,3.6,8.9,637.3,,0,0,30.6,62,34.5,22.5
2026-09-08T19:55:00+05:30,2026-09-08 19:55:00,,,,4,11.1,21.9,74,0,1.8,3.6,3.6,8.9,637.3,,0,0,30.7,62,34.7,22.6
2026-09-08T19:50:00+05:30,2026-09-08 19:50:00,,,,0,0,21.9,83,0,1.8,3.6,3.6,8.9,637.3,,0,0,30.7,61,34.5,22.3
2026-09-08T19:45:00+05:30,2026-09-08 19:45:00,,,,0,7.2,21.9,80,0,1.8,3.6,3.6,8.9,637.3,,0,0,30.7,61,34.5,22.3
2026-09-08T19:40:00+05:30,2026-09-08 19:40:00,,,,5,7.2,21.9,99,0,1.8,3.6,3.6,8.9,637.3,,0,0,30.8,61,34.6,22.4
2026-09-08T19:35:00+05:30,2026-09-08 19:35:00,,,,7.9,14.8,21.9,108,0,1.8,3.6,3.6,8.9,637.3,,0,0,30.8,61,34.6,22.4
2026-09-08T19:30:00+05:30,2026-09-08 19:30:00,,,,0,5.5,21.9,72,0,1.8,3.6,3.6,8.9,637.3,,0,0,30.8,61,34.6,22.4
2026-09-08T19:25:00+05:30,2026-09-08 19:25:00,,,,1.1,7.2,21.9,112,0,1.8,3.6,3.6,8.9,637.3,,0,0,30.9,61,34.8,22.5
2026-09-08T19:20:00+05:30,2026-09-08 19:20:00,,,,0,5.5,21.9,94,0,1.8,3.6,3.6,8.9,637.3,,0,0,30.9,61,34.8,22.5
2026-09-08T19:15:00+05:30,2026-09-08 19:15:00,,,,2.9,9.3,21.9,110,0,1.8,3.6,3.6,8.9,637.3,,0,0,30.9,61,34.8,22.5
2026-09-08T19:10:00+05:30,2026-09-08 19:10:00,,,,3.5,9.3,21.9,70,0,1.8,3.6,3.6,8.9,637.3,,0,0,31,61,35.1,22.6
2026-09-08T19:05:00+05:30,2026-09-08 19:05:00,,,,0,5.5,21.9,77,0,1.8,3.6,3.6,8.9,637.3,,0,0,31.1,60,35.1,22.4
2026-09-08T19:00:00+05:30,2026-09-08 19:00:00,,,,12.6,14.8,21.9,95,0,1.8,3.6,3.6,8.9,637.3,,0,0,31.1,60,35.1,22.4
2026-09-08T18:56:00+05:30,2026-09-08 18:56:00,,,,0.3,9.3,21.9,90,0,1.8,3.6,3.6,8.9,637.3,,0,0,31.2,60,35.3,22.5
2026-09-08T18:50:00+05:30,2026-09-08 18:50:00,,,,0,3.5,21.9,40,0,1.8,3.6,3.6,8.9,637.3,,0,0,31.2,60,35.3,22.5
2026-09-08T18:45:00+05:30,2026-09-08 18:45:00,,,,0,5.5,21.9,95,0,1.8,3.6,3.6,8.9,637.3,,0,0,31.3,60,35.4,22.6
2026-09-08T18:40:00+05:30,2026-09-08 18:40:00,,,,4.3,11.1,21.9,100,0,1.8,3.6,3.6,8.9,637.3,,0,0,31.3,60,35.4,22.6
2026-09-08T18:35:00+05:30,2026-09-08 18:35:00,,,,3.5,5.5,21.9,73,0,1.8,3.6,3.6,8.9,637.3,,0,0,31.4,60,35.7,22.7
2026-09-08T18:30:00+05:30,2026-09-08 18:30:00,,,,5.5,13,21.9,80,0,1.8,3.6,3.6,8.9,637.3,,0,0,31.4,60,35.7,22.7
2026-09-08T18:25:00+05:30,2026-09-08 18:25:00,,,,2.1,3.5,21.9,135,0,1.8,3.6,3.6,8.9,637.3,,0,0.1,31.4,60,35.7,22.7
2026-09-08T18:20:00+05:30,2026-09-08 18:20:00,,,,4.7,5.5,21.9,106,0,1.8,3.6,3.6,8.9,637.3,,0,0.3,31.5,59,35.7,22.5
2026-09-08T18:15:00+05:30,2026-09-08 18:15:00,,,,4,11.1,21.9,92,0,1.8,3.6,3.6,8.9,637.3,,0,1,31.5,59,35.7,22.5
2026-09-08T18:10:00+05:30,2026-09-08 18:10:00,,,,4,5.5,21.9,93,0,1.8,3.6,3.6,8.9,637.3,,0,2.1,31.5,59,35.7,22.5
2026-09-08T18:05:00+05:30,2026-09-08 18:05:00,,,,3.5,5.5,21.9,102,0,1.8,3.6,3.6,8.9,637.3,,0,1.9,31.6,59,35.9,22.6
2026-09-08T18:00:00+05:30,2026-09-08 18:00:00,,,,0,5.5,21.9,78,0,1.8,3.6,3.6,8.9,637.3,,0,4.4,31.6,59,35.9,22.6
2026-09-08T17:55:00+05:30,2026-09-08 17:55:00,,,,1.4,5.5,21.9,70,0,1.8,3.6,3.6,8.9,637.3,,0,6.8,31.6,59,35.9,22.6
2026-09-08T17:51:00+05:30,2026-09-08 17:51:00,,,,3.5,11.1,21.9,84,0,1.8,3.6,3.6,8.9,637.3,,0,13.9,31.7,59,36.2,22.7
2026-09-08T17:45:00+05:30,2026-09-08 17:45:00,,,,9.3,11.1,21.9,84,0,1.8,3.6,3.6,8.9,637.3,,0,18.4,31.7,59,36.2,22.7
2026-09-08T17:40:00+05:30,2026-09-08 17:40:00,,,,0,7.2,21.9,80,0,1.8,3.6,3.6,8.9,637.3,,0,23.2,31.8,59,36.3,22.8
2026-09-08T17:35:00+05:30,2026-09-08 17:35:00,,,,0,0,21.9,53,0,1.8,3.6,3.6,8.9,637.3,,0,39.3,31.8,59,36.3,22.8
2026-09-08T17:30:00+05:30,2026-09-08 17:30:00,,,,6.4,11.1,21.9,50,0,1.8,3.6,3.6,8.9,637.3,,0,49.6,31.8,59,36.3,22.8
2026-09-08T17:25:00+05:30,2026-09-08 17:25:00,,,,0,7.2,21.9,83,0,1.8,3.6,3.6,8.9,637.3,,0,52.1,31.8,59,36.3,22.8
2026-09-08T17:20:00+05:30,2026-09-08 17:20:00,,,,1.1,5.5,21.9,110,0,1.8,3.6,3.6,8.9,637.3,,0,48.7,31.9,59,36.5,22.8
2026-09-08T17:15:00+05:30,2026-09-08 17:15:00,,,,3.5,18.3,21.9,70,0,1.8,3.6,3.6,8.9,637.3,,0,47.2,32,59,36.8,22.9
2026-09-08T17:10:00+05:30,2026-09-08 17:10:00,,,,4,7.2,21.9,93,0,1.8,3.6,3.6,8.9,637.3,,0,51.4,32,59,36.8,22.9
2026-09-08T17:05:00+05:30,2026-09-08 17:05:00,,,,2.9,11.1,21.9,92,0,1.8,3.6,3.6,8.9,637.3,,0,56.1,32,58,36.5,22.7
2026-09-08T17:00:00+05:30,2026-09-08 17:00:00,,,,4.7,13,21.9,82,0,1.8,3.6,3.6,8.9,637.3,,0,55.5,32,58,36.5,22.7
2026-09-08T16:55:00+05:30,2026-09-08 16:55:00,,,,2.9,11.1,21.9,100,10.9,1.8,3.6,3.6,8.9,637.3,,0,71.9,32.1,58,36.7,22.8
2026-09-08T16:50:00+05:30,2026-09-08 16:50:00,,,,4.3,9.3,9.3,113,10.9,1.8,3.6,3.6,8.9,637.3,,1,113.9,32.1,58,36.7,22.8
2026-09-08T16:48:00+05:30,2026-09-08 16:48:00,,,,0,5.5,7.2,63,10.9,1.8,3.6,3.6,8.9,637.3,,1,113.7,32.1,58,36.7,22.8
2026-09-08T16:40:00+05:30,2026-09-08 16:40:00,,,,1.1,1.8,25.6,170,0,1.8,1.8,1.8,7.1,635.5,,2,218.7,32.1,59,37.1,23.1
2026-09-08T16:35:00+05:30,2026-09-08 16:35:00,,,,3.2,14.8,25.6,87,0,1.8,1.8,1.8,7.1,635.5,,0,84.7,32.1,58,36.7,22.8
2026-09-08T16:30:00+05:30,2026-09-08 16:30:00,,,,6.9,18.3,25.6,121,0,1.8,1.8,1.8,7.1,635.5,,1,138,32.1,58,36.7,22.8
2026-09-08T16:25:00+05:30,2026-09-08 16:25:00,,,,5.8,9.3,25.6,81,0,1.8,1.8,1.8,7.1,635.5,,1,149.2,32.2,58,37,22.9
2026-09-08T16:20:00+05:30,2026-09-08 16:20:00,,,,6.4,11.1,25.6,110,0,1.8,1.8,1.8,7.1,635.5,,1,142.1,32.2,58,37,22.9
2026-09-08T16:15:00+05:30,2026-09-08 16:15:00,,,,6.1,14.8,25.6,85,0,1.8,1.8,1.8,7.1,635.5,,1,151.6,32.3,58,37.1,22.9
2026-09-08T16:11:00+05:30,2026-09-08 16:11:00,,,,0,11.1,25.6,76,0,1.8,1.8,1.8,7.1,635.5,,1,122.3,32.3,59,37.4,23.2
2026-09-08T16:05:00+05:30,2026-09-08 16:05:00,,,,1.1,9.3,25.6,77,0,1.8,1.8,1.8,7.1,635.5,,3,374.4,32.3,59,37.4,23.2
2026-09-08T16:00:00+05:30,2026-09-08 16:00:00,,,,4.7,9.3,25.6,100,0,1.8,1.8,1.8,7.1,635.5,,3,361.6,32.3,59,37.4,23.2
2026-09-08T15:55:00+05:30,2026-09-08 15:55:00,,,,7.2,11.1,25.6,62,0,1.8,1.8,1.8,7.1,635.5,,4,414.9,32.3,59,37.4,23.2
2026-09-08T15:50:00+05:30,2026-09-08 15:50:00,,,,8.7,11.1,25.6,108,0,1.8,1.8,1.8,7.1,635.5,,1,153.2,32.3,59,37.4,23.2
2026-09-08T15:45:00+05:30,2026-09-08 15:45:00,,,,1.4,18.3,25.6,68,0,1.8,1.8,1.8,7.1,635.5,,2,272.2,32.3,58,37.1,22.9
2026-09-08T15:40:00+05:30,2026-09-08 15:40:00,,,,11.1,18.3,25.6,122,0,1.8,1.8,1.8,7.1,635.5,,3,334.2,32.3,58,37.1,22.9
2026-09-08T15:35:00+05:30,2026-09-08 15:35:00,,,,0,9.3,25.6,92,0,1.8,1.8,1.8,7.1,635.5,,5,515.1,32.3,58,37.1,22.9
2026-09-08T15:30:00+05:30,2026-09-08 15:30:00,,,,0,9.3,25.6,91,0,1.8,1.8,1.8,7.1,635.5,,1,147.6,32.4,59,37.7,23.3
2026-09-08T15:25:00+05:30,2026-09-08 15:25:00,,,,3.5,14.8,25.6,119,0,1.8,1.8,1.8,7.1,635.5,,1,136.1,32.4,58,37.4,23.1
2026-09-08T15:20:00+05:30,2026-09-08 15:20:00,,,,9.7,21.9,25.6,76,0,1.8,1.8,1.8,7.1,635.5,,5,544.7,32.4,58,37.4,23.1
2026-09-08T15:15:00+05:30,2026-09-08 15:15:00,,,,6.1,14.8,25.6,79,0,1.8,1.8,1.8,7.1,635.5,,5,552.1,32.4,58,37.4,23.1
2026-09-08T15:10:00+05:30,2026-09-08 15:10:00,,,,4.7,11.1,25.6,182,0,1.8,1.8,1.8,7.1,635.5,,4,489.8,32.4,59,37.7,23.3
2026-09-08T15:05:00+05:30,2026-09-08 15:05:00,,,,11.1,16.6,25.6,80,0,1.8,1.8,1.8,7.1,635.5,,5,579.4,32.4,59,37.7,23.3
2026-09-08T15:00:00+05:30,2026-09-08 15:00:00,,,,1.1,11.1,25.6,99,0,1.8,1.8,1.8,7.1,635.5,,5,599.3,32.3,59,37.4,23.2
2026-09-08T14:55:00+05:30,2026-09-08 14:55:00,,,,13,16.6,25.6,86,0,1.8,1.8,1.8,7.1,635.5,,6,622.5,32.2,58,37,22.9
2026-09-08T14:50:00+05:30,2026-09-08 14:50:00,,,,7.2,21.9,25.6,89,0,1.8,1.8,1.8,7.1,635.5,,6,686.4,32.2,59,37.3,23.2
2026-09-08T14:45:00+05:30,2026-09-08 14:45:00,,,,5.5,13,25.6,96,0,1.8,1.8,1.8,7.1,635.5,,6,644.9,32.2,59,37.3,23.2
2026-09-08T14:40:00+05:30,2026-09-08 14:40:00,,,,7.2,13,25.6,76,0,1.8,1.8,1.8,7.1,635.5,,6,657,32.1,59,37.1,23.1
2026-09-08T14:35:00+05:30,2026-09-08 14:35:00,,,,4,9.3,25.6,37,0,1.8,1.8,1.8,7.1,635.5,,6,632.6,32.1,59,37.1,23.1
2026-09-08T14:30:00+05:30,2026-09-08 14:30:00,,,,11.1,16.6,25.6,102,0,1.8,1.8,1.8,7.1,635.5,,6,665.1,32,59,36.8,22.9
2026-09-08T14:25:00+05:30,2026-09-08 14:25:00,,,,8.2,11.1,25.6,119,0,1.8,1.8,1.8,7.1,635.5,,7,726.5,32,59,36.8,22.9
2026-09-08T14:20:00+05:30,2026-09-08 14:20:00,,,,2.9,9.3,25.6,205,0,1.8,1.8,1.8,7.1,635.5,,7,729.7,32,59,36.8,22.9
2026-09-08T14:15:00+05:30,2026-09-08 14:15:00,,,,1.8,11.1,25.6,73,0,1.8,1.8,1.8,7.1,635.5,,7,723.4,32,59,36.8,22.9
2026-09-08T14:10:00+05:30,2026-09-08 14:10:00,,,,6.9,13,25.6,46,0,1.8,1.8,1.8,7.1,635.5,,3,404.8,32,59,36.8,22.9
2026-09-08T14:05:00+05:30,2026-09-08 14:05:00,,,,1.1,14.8,23.8,69,0,1.8,1.8,1.8,7.1,635.5,,7,761.3,31.9,59,36.5,22.8
2026-09-08T14:00:00+05:30,2026-09-08 14:00:00,,,,0.3,16.6,23.8,31,0,1.8,1.8,1.8,7.1,635.5,,7,802.4,31.9,59,36.5,22.8
2026-09-08T13:55:00+05:30,2026-09-08 13:55:00,,,,5.8,7.2,23.8,93,0,1.8,1.8,1.8,7.1,635.5,,7,794.9,31.8,60,36.6,23.1
2026-09-08T13:50:00+05:30,2026-09-08 13:50:00,,,,3.5,16.6,23.8,163,0,1.8,1.8,1.8,7.1,635.5,,8,844.2,31.8,60,36.6,23.1
2026-09-08T13:46:00+05:30,2026-09-08 13:46:00,,,,9,13,23.8,75,0,1.8,1.8,1.8,7.1,635.5,,8,868.1,31.7,60,36.4,23
2026-09-08T13:40:00+05:30,2026-09-08 13:40:00,,,,8.7,20.1,23.8,98,0,1.8,1.8,1.8,7.1,635.5,,8,850.4,31.6,59,35.9,22.6
2026-09-08T13:35:00+05:30,2026-09-08 13:35:00,,,,2.1,14.8,23.8,333,0,1.8,1.8,1.8,7.1,635.5,,8,837.8,31.5,59,35.7,22.5
2026-09-08T13:30:00+05:30,2026-09-08 13:30:00,,,,4.3,7.2,23.8,147,0,1.8,1.8,1.8,7.1,635.5,,8,836,31.5,59,35.7,22.5
2026-09-08T13:25:00+05:30,2026-09-08 13:25:00,,,,4.3,16.6,23.8,81,0,1.8,1.8,1.8,7.1,635.5,,8,866.2,31.4,60,35.7,22.7
2026-09-08T13:20:00+05:30,2026-09-08 13:20:00,,,,4,9.3,23.8,92,0,1.8,1.8,1.8,7.1,635.5,,8,836.7,31.4,60,35.7,22.7
2026-09-08T13:15:00+05:30,2026-09-08 13:15:00,,,,9.3,11.1,23.8,128,0,1.8,1.8,1.8,7.1,635.5,,8,852.1,31.3,60,35.4,22.6
2026-09-08T13:10:00+05:30,2026-09-08 13:10:00,,,,7.2,13,23.8,69,0,1.8,1.8,1.8,7.1,635.5,,8,858.8,31.2,60,35.3,22.5
2026-09-08T13:05:00+05:30,2026-09-08 13:05:00,,,,5.8,9.3,23.8,156,0,1.8,1.8,1.8,7.1,635.5,,8,857.4,31.2,60,35.3,22.5
2026-09-08T13:00:00+05:30,2026-09-08 13:00:00,,,,0,7.2,23.8,119,0,1.8,1.8,1.8,7.1,635.5,,8,861.7,31.1,60,35.1,22.4
2026-09-08T12:55:00+05:30,2026-09-08 12:55:00,,,,6.1,23.8,23.8,67,0,1.8,1.8,1.8,7.1,635.5,,8,877.3,31.1,60,35.1,22.4
2026-09-08T12:50:00+05:30,2026-09-08 12:50:00,,,,1.4,13,23.8,100,0,1.8,1.8,1.8,7.1,635.5,,9,944.1,31.1,60,35.1,22.4
2026-09-08T12:45:00+05:30,2026-09-08 12:45:00,,,,3.2,18.3,23.8,105,0,1.8,1.8,1.8,7.1,635.5,,6,716.3,31.1,60,35.1,22.4
2026-09-08T12:41:00+05:30,2026-09-08 12:41:00,,,,8.7,16.6,23.8,94,0,1.8,1.8,1.8,7.1,635.5,,8,894.1,31,60,34.8,22.3
2026-09-08T12:35:00+05:30,2026-09-08 12:35:00,,,,2.6,16.6,23.8,77,0,1.8,1.8,1.8,7.1,635.5,,3,353.2,31,61,35.1,22.6
2026-09-08T12:30:00+05:30,2026-09-08 12:30:00,,,,5.8,14.8,23.8,182,7.9,1.8,1.8,1.8,7.1,635.5,,2,218.9,31,61,35.1,22.6
2026-09-08T12:25:00+05:30,2026-09-08 12:25:00,31.6,37.7,24.2,0,7.2,13,79,10.9,1.8,1.8,1.8,7.1,635.5,65,0,36.2,30.9,60,34.6,22.2
2026-09-08T12:20:00+05:30,2026-09-08 12:20:00,31.2,37.3,24.3,0,1.8,1.8,148,1.8,0.3,0.3,0.3,5.6,634,67,0,0.3,30.9,61,34.8,22.5
2026-09-08T12:15:00+05:30,2026-09-08 12:15:00,31.1,36.7,24,0,0,0,148,0,0,0,0,5.3,633.7,66,0,0.9,30.8,60,34.4,22.1
2026-09-08T12:10:00+05:30,2026-09-08 12:10:00,31,36.2,23.6,0,0,0,147,0,0,0,0,5.3,633.7,65,0,1,30.7,60,34.3,22.1
2026-09-08T12:05:00+05:30,2026-09-08 12:05:00,30.9,35.9,23.5,0,0,0,147,0,0,0,0,5.3,633.7,65,0,0.8,30.7,60,34.3,22.1
2026-09-08T12:00:00+05:30,2026-09-08 12:00:00,30.9,35.9,23.5,0,0,0,147,0,0,0,0,5.3,633.7,65,0,0.6,30.6,60,34.1,21.9
2026-09-08T11:55:00+05:30,2026-09-08 11:55:00,30.9,35.9,23.5,0,0,0,148,0,0,0,0,5.3,633.7,65,0,1,30.5,60,33.8,21.8
2026-09-08T11:50:00+05:30,2026-09-08 11:50:00,30.8,35.6,23.4,0,0,0,147,0,0,0,0,5.3,633.7,65,0,0.5,30.5,60,33.8,21.8
2026-09-08T11:45:00+05:30,2026-09-08 11:45:00,30.8,35.9,23.7,0,0,0,148,0,0,0,0,5.3,633.7,66,0,1,30.4,60,33.6,21.7
2026-09-08T11:40:00+05:30,2026-09-08 11:40:00,30.6,35.5,23.5,0,0,0,148,0,0,0,0,5.3,633.7,66,0,1.1,30.3,61,33.6,21.9
2026-09-08T11:36:00+05:30,2026-09-08 11:36:00,30.6,35.5,23.5,0,0,0,148,0,0,0,0,5.3,633.7,66,0,0.7,30.3,61,33.6,21.9
2026-09-08T11:30:00+05:30,2026-09-08 11:30:00,30.6,35.5,23.5,0,0,0,147,0,0,0,0,5.3,633.7,66,0,0.7,30.2,61,33.5,21.8
2026-09-08T11:25:00+05:30,2026-09-08 11:25:00,30.5,35.2,23.4,0,0,0,147,0,0,0,0,5.3,633.7,66,0,1.1,30.2,61,33.5,21.8
2026-09-08T11:20:00+05:30,2026-09-08 11:20:00,30.4,35,23.3,0,0,0,147,0,0,0,0,5.3,633.7,66,0,1,30.1,61,33.3,21.7
2026-09-08T11:15:00+05:30,2026-09-08 11:15:00,30.3,35,23.5,0,0,0,147,0,0,0,0,5.3,633.7,67,0,1,30,62,33.2,21.9
2026-09-08T11:10:00+05:30,2026-09-08 11:10:00,30.1,34.6,23.3,0,0,0,147,0,0,0,0,5.3,633.7,67,0,0.7,29.9,62,33,21.8
2026-09-08T11:05:00+05:30,2026-09-08 11:05:00,30,34.6,23.4,0,0,0,147,0,0,0,0,5.3,633.7,68,0,1,29.8,62,32.8,21.7
2026-09-08T11:00:00+05:30,2026-09-08 11:00:00,30,34.6,23.4,0,0,0,147,0,0,0,0,5.3,633.7,68,0,0.9,29.7,63,32.9,21.9
2026-09-08T10:55:00+05:30,2026-09-08 10:55:00,29.9,34.3,23.3,0,0,0,147,0,0,0,0,5.3,633.7,68,0,1,29.6,63,32.7,21.8
2026-09-08T10:50:00+05:30,2026-09-08 10:50:00,29.8,34.3,23.5,0,0,0,147,0,0,0,0,5.3,633.7,69,0,1,29.6,63,32.7,21.8
2026-09-08T10:45:00+05:30,2026-09-08 10:45:00,29.7,34.1,23.4,0,0,0,147,0,0,0,0,5.3,633.7,69,0,0.9,29.5,63,32.4,21.7
2026-09-08T10:40:00+05:30,2026-09-08 10:40:00,29.6,33.9,23.3,0,0,0,147,0,0,0,0,5.3,633.7,69,0,0.8,29.4,63,32.2,21.6
2026-09-08T10:35:00+05:30,2026-09-08 10:35:00,29.5,33.6,23.2,0,0,0,147,0,0,0,0,5.3,633.7,69,0,0.7,29.3,63,32,21.5
2026-09-08T10:30:00+05:30,2026-09-08 10:30:00,29.5,33.6,23.2,0,0,0,147,0,0,0,0,5.3,633.7,69,0,1.1,29.3,63,32,21.5
2026-09-08T10:25:00+05:30,2026-09-08 10:25:00,29.4,33.6,23.3,0,0,0,147,0,0,0,0,5.3,633.7,70,0,1,29.3,63,32,21.5
2026-09-08T10:20:00+05:30,2026-09-08 10:20:00,29.3,33.3,23.2,0,0,0,148,0,0,0,0,5.3,633.7,70,0,1,29.2,63,31.9,21.4
2026-09-08T10:16:00+05:30,2026-09-08 10:16:00,29.2,33.2,23.2,0,0,0,148,0,0,0,0,5.3,633.7,70,0,1,29.1,63,31.7,21.3
2026-09-08T10:10:00+05:30,2026-09-08 10:10:00,29.2,33.2,23.2,0,0,0,147,0,0,0,0,5.3,633.7,70,0,1,29.1,64,31.9,21.6
2026-09-08T10:05:00+05:30,2026-09-08 10:05:00,29.1,33,23.1,0,0,0,147,0,0,0,0,5.3,633.7,70,0,0.6,29.1,64,31.9,21.6
2026-09-08T10:00:00+05:30,2026-09-08 10:00:00,29,32.7,23,0,0,0,147,0,0,0,0,5.3,633.7,70,0,0.7,29,64,31.7,21.5
2026-09-08T09:55:00+05:30,2026-09-08 09:55:00,28.9,32.7,23.1,0,0,0,148,0,0,0,0,5.3,633.7,71,0,1.2,28.9,64,31.4,21.4
2026-09-08T09:50:00+05:30,2026-09-08 09:50:00,28.9,32.7,23.1,0,0,0,148,0,0,0,0,5.3,633.7,71,0,1.1,28.9,64,31.4,21.4
2026-09-08T09:45:00+05:30,2026-09-08 09:45:00,28.8,32.4,23,0,0,0,148,0,0,0,0,5.3,633.7,71,0,0.7,28.8,64,31.3,21.3
2026-09-08T09:40:00+05:30,2026-09-08 09:40:00,28.8,32.4,23,0,0,0,148,0,0,0,0,5.3,633.7,71,0,1.2,28.8,64,31.3,21.3
2026-09-08T09:35:00+05:30,2026-09-08 09:35:00,28.7,32.3,22.9,0,0,0,148,0,0,0,0,5.3,633.7,71,0,0.4,28.8,64,31.3,21.3
2026-09-08T09:30:00+05:30,2026-09-08 09:30:00,28.7,32.5,23.2,0,0,0,148,0,0,0,0,5.3,633.7,72,0,1.2,28.7,64,31.2,21.2
2026-09-08T09:25:00+05:30,2026-09-08 09:25:00,28.6,32.1,22.8,0,0,0,148,0,0,0,0,5.3,633.7,71,0,1.1,28.6,64,30.9,21.1
2026-09-08T09:20:00+05:30,2026-09-08 09:20:00,28.5,31.8,22.7,0,0,0,148,0,0,0,0,5.3,633.7,71,0,1.2,28.6,64,30.9,21.1
2026-09-08T09:17:00+05:30,2026-09-08 09:17:00,28.5,31.8,22.7,0,0,0,147,0,0,0,0,5.3,633.7,71,0,1.3,28.6,64,30.9,21.1
2026-09-08T09:05:00+05:30,2026-09-08 09:05:00,28.3,31.4,22.5,0,0,0,148,0,0,0,0,5.3,633.7,71,0,1.3,28.4,64,30.6,20.9
2026-09-08T09:00:00+05:30,2026-09-08 09:00:00,28.2,31.2,22.5,0,0,0,148,0,0,0,0,5.3,633.7,71,0,1.3,28.4,64,30.6,20.9
2026-09-08T08:55:00+05:30,2026-09-08 08:55:00,28.2,31.4,22.7,0,0,0,147,0,0,0,0,5.3,633.7,72,0,1.3,28.3,64,30.4,20.8
2026-09-08T08:50:00+05:30,2026-09-08 08:50:00,28.1,31,22.3,0,0,0,147,0,0,0,0,5.3,633.7,71,0,1.2,28.3,64,30.4,20.8
2026-09-08T08:45:00+05:30,2026-09-08 08:45:00,28,30.9,22.5,0,0,0,147,0,0,0,0,5.3,633.7,72,0,1.2,28.2,64,30.3,20.8
2026-09-08T08:40:00+05:30,2026-09-08 08:40:00,28,30.9,22.5,0,0,0,147,0,0,0,0,5.3,633.7,72,0,0.1,28.2,64,30.3,20.8
2026-09-08T08:35:00+05:30,2026-09-08 08:35:00,28,30.9,22.5,0,0,0,147,0,0,0,0,5.3,633.7,72,0,0.1,28.2,64,30.3,20.8
2026-09-08T08:30:00+05:30,2026-09-08 08:30:00,27.9,30.7,22.4,0,0,0,148,0,0,0,0,5.3,633.7,72,0,0.1,28.2,64,30.3,20.8
2026-09-08T08:25:00+05:30,2026-09-08 08:25:00,27.9,30.7,22.4,0,0,0,148,0,0,0,0,5.3,633.7,72,0,0.1,28.1,64,30.1,20.7
2026-09-08T08:20:00+05:30,2026-09-08 08:20:00,27.9,30.7,22.4,0,0,0,148,0,0,0,0,5.3,633.7,72,0,0.1,28.1,64,30.1,20.7
2026-09-08T08:15:00+05:30,2026-09-08 08:15:00,27.9,30.7,22.4,0,0,0,148,0,0,0,0,5.3,633.7,72,0,0.1,28.1,64,30.1,20.7
2026-09-08T08:10:00+05:30,2026-09-08 08:10:00,27.8,30.5,22.3,0,0,0,148,0,0,0,0,5.3,633.7,72,0,0.1,28.1,64,30.1,20.7
2026-09-08T08:05:00+05:30,2026-09-08 08:05:00,27.8,30.5,22.3,0,0,0,148,0,0,0,0,5.3,633.7,72,0,0.1,28.1,64,30.1,20.7
2026-09-08T08:00:00+05:30,2026-09-08 08:00:00,27.8,30.5,22.3,0,0,0,148,0,0,0,0,5.3,633.7,72,0,0.1,28.1,64,30.1,20.7
2026-09-08T07:55:00+05:30,2026-09-08 07:55:00,27.8,30.6,22.5,0,0,0,148,0,0,0,0,5.3,633.7,73,0,0.1,28.1,64,30.1,20.7
2026-09-08T07:50:00+05:30,2026-09-08 07:50:00,27.8,30.6,22.5,0,0,0,148,0,0,0,0,5.3,633.7,73,0,0.1,28.1,64,30.1,20.7
2026-09-08T07:45:00+05:30,2026-09-08 07:45:00,27.8,30.6,22.5,0,0,0,147,0,0,0,0,5.3,633.7,73,0,0.1,28.1,64,30.1,20.7
2026-09-08T07:40:00+05:30,2026-09-08 07:40:00,27.8,30.6,22.5,0,0,0,147,0,0,0,0,5.3,633.7,73,0,0.1,28,64,29.9,20.6
2026-09-08T07:35:00+05:30,2026-09-08 07:35:00,27.7,30.5,22.4,0,0,0,147,0,0,0,0,5.3,633.7,73,0,0.1,28,64,29.9,20.6
2026-09-08T07:30:00+05:30,2026-09-08 07:30:00,27.7,30.5,22.4,0,0,0,147,0,0,0,0,5.3,633.7,73,0,0.1,28,64,29.9,20.6
2026-09-08T07:25:00+05:30,2026-09-08 07:25:00,27.7,30.5,22.4,0,0,0,147,0,0,0,0,5.3,633.7,73,0,0.1,28,64,29.9,20.6
2026-09-08T07:20:00+05:30,2026-09-08 07:20:00,27.6,30.3,22.3,0,0,0,147,0,0,0,0,5.3,633.7,73,0,0.1,28,64,29.9,20.6
2026-09-08T07:15:00+05:30,2026-09-08 07:15:00,27.6,30.3,22.3,0,0,0,147,0,0,0,0,5.3,633.7,73,0,0.1,27.9,64,29.7,20.4
2026-09-08T07:10:00+05:30,2026-09-08 07:10:00,27.6,30.3,22.3,0,0,0,147,0,0,0,0,5.3,633.7,73,0,0.1,27.9,64,29.7,20.4
2026-09-08T07:05:00+05:30,2026-09-08 07:05:00,27.5,30.1,22.2,0,0,0,147,0,0,0,0,5.3,633.7,73,0,0.1,27.8,64,29.6,20.3
2026-09-08T07:00:00+05:30,2026-09-08 07:00:00,27.5,30.1,22.2,0,0,0,147,0,0,0,0,5.3,633.7,73,0,0.1,27.8,64,29.6,20.3
2026-09-08T06:56:00+05:30,2026-09-08 06:56:00,27.5,30.1,22.2,0,0,0,147,0,0,0,0,5.3,633.7,73,0,0.1,27.8,64,29.6,20.3
2026-09-08T06:50:00+05:30,2026-09-08 06:50:00,27.5,30.1,22.2,0,0,0,147,0,0,0,0,5.3,633.7,73,0,0.1,27.8,64,29.6,20.3
2026-09-08T06:45:00+05:30,2026-09-08 06:45:00,27.5,30.1,22.2,0,0,0,147,0,0,0,0,5.3,633.7,73,0,0,27.8,64,29.6,20.3
2026-09-08T06:40:00+05:30,2026-09-08 06:40:00,27.5,30.1,22.2,0,0,0,147,0,0,0,0,5.3,633.7,73,0,0,27.8,64,29.6,20.3
2026-09-08T06:35:00+05:30,2026-09-08 06:35:00,27.5,30.1,22.2,0,0,0,147,0,0,0,0,5.3,633.7,73,0,0,27.8,64,29.6,20.3
2026-09-08T06:30:00+05:30,2026-09-08 06:30:00,27.5,30.1,22.2,0,0,0,147,0,0,0,0,5.3,633.7,73,0,0,27.8,64,29.6,20.3
2026-09-08T06:25:00+05:30,2026-09-08 06:25:00,27.5,29.9,22,0,0,0,147,0,0,0,0,5.3,633.7,72,0,0,27.8,64,29.6,20.3
2026-09-08T06:20:00+05:30,2026-09-08 06:20:00,27.5,29.9,22,0,0,0,147,0,0,0,0,5.3,633.7,72,0,0,27.8,63,29.4,20.1
2026-09-08T06:15:00+05:30,2026-09-08 06:15:00,27.6,30.2,22.1,0,0,0,147,0,0,0,0,5.3,633.7,72,0,0,27.8,63,29.4,20.1
2026-09-08T06:10:00+05:30,2026-09-08 06:10:00,27.6,30.2,22.1,0,0,0,147,0,0,0,0,5.3,633.7,72,0,0,27.8,63,29.4,20.1
2026-09-08T06:05:00+05:30,2026-09-08 06:05:00,27.6,30.2,22.1,0,0,0,147,0,0,0,0,5.3,633.7,72,0,0,27.9,63,29.6,20.2
2026-09-08T06:00:00+05:30,2026-09-08 06:00:00,27.6,30.2,22.1,0,0,0,147,0,0,0,0,5.3,633.7,72,0,0,27.9,63,29.6,20.2
2026-09-08T05:55:00+05:30,2026-09-08 05:55:00,27.6,30.2,22.1,0,0,0,147,0,0,0,0,5.3,633.7,72,0,0,27.9,63,29.6,20.2
2026-09-08T05:51:00+05:30,2026-09-08 05:51:00,27.6,30.2,22.1,0,0,0,147,0,0,0,0,5.3,633.7,72,0,0,27.9,63,29.6,20.2
2026-09-08T05:45:00+05:30,2026-09-08 05:45:00,27.6,30,21.9,0,0,0,147,0,0,0,0,5.3,633.7,71,0,0,27.9,63,29.6,20.2
2026-09-08T05:40:00+05:30,2026-09-08 05:40:00,27.7,30.3,22,0,0,0,147,0,0,0,0,5.3,633.7,71,0,0,27.9,63,29.6,20.2
2026-09-08T05:35:00+05:30,2026-09-08 05:35:00,27.7,30.3,22,0,0,0,147,0,0,0,0,5.3,633.7,71,0,0,27.9,63,29.6,20.2
2026-09-08T05:30:00+05:30,2026-09-08 05:30:00,27.7,30.3,22,0,0,0,147,0,0,0,0,5.3,633.7,71,0,0,27.9,63,29.6,20.2
2026-09-08T05:25:00+05:30,2026-09-08 05:25:00,27.7,30.3,22,0,0,0,147,0,0,0,0,5.3,633.7,71,0,0,27.9,63,29.6,20.2
2026-09-08T05:20:00+05:30,2026-09-08 05:20:00,27.7,30.3,22,0,0,0,147,0,0,0,0,5.3,633.7,71,0,0,27.9,63,29.6,20.2
2026-09-08T05:15:00+05:30,2026-09-08 05:15:00,27.7,30.3,22,0,0,0,147,0,0,0,0,5.3,633.7,71,0,0,28,63,29.8,20.3
2026-09-08T05:10:00+05:30,2026-09-08 05:10:00,27.7,30.3,22,0,0,0,147,0,0,0,0,5.3,633.7,71,0,0,28,62,29.7,20
2026-09-08T05:05:00+05:30,2026-09-08 05:05:00,27.8,30.4,22,0,0,0,147,0,0,0,0,5.3,633.7,71,0,0,28,62,29.7,20
2026-09-08T05:00:00+05:30,2026-09-08 05:00:00,27.8,30.4,22,0,0,0,147,0,0,0,0,5.3,633.7,71,0,0,28,62,29.7,20
2026-09-08T04:55:00+05:30,2026-09-08 04:55:00,27.8,30.2,21.8,0,0,0,147,0,0,0,0,5.3,633.7,70,0,0,28,62,29.7,20
2026-09-08T04:50:00+05:30,2026-09-08 04:50:00,27.9,30.5,21.9,0,0,0,147,0,0,0,0,5.3,633.7,70,0,0,28.1,62,29.8,20.1
2026-09-08T04:46:00+05:30,2026-09-08 04:46:00,27.9,30.5,21.9,0,0,0,147,0,0,0,0,5.3,633.7,70,0,0,28.1,62,29.8,20.1
2026-09-08T04:40:00+05:30,2026-09-08 04:40:00,27.9,30.5,21.9,0,0,0,147,0,0,0,0,5.3,633.7,70,0,0,28.1,62,29.8,20.1
2026-09-08T04:35:00+05:30,2026-09-08 04:35:00,27.9,30.5,21.9,0,0,0,147,0,0,0,0,5.3,633.7,70,0,0,28.1,62,29.8,20.1
2026-09-08T04:30:00+05:30,2026-09-08 04:30:00,27.9,30.5,21.9,0,0,0,147,0,0,0,0,5.3,633.7,70,0,0,28.1,62,29.8,20.1
2026-09-08T04:25:00+05:30,2026-09-08 04:25:00,27.9,30.5,21.9,0,0,0,147,0,0,0,0,5.3,633.7,70,0,0,28.1,62,29.8,20.1
2026-09-08T04:20:00+05:30,2026-09-08 04:20:00,27.9,30.5,21.9,0,0,0,147,0,0,0,0,5.3,633.7,70,0,0,28.1,62,29.8,20.1
2026-09-08T04:15:00+05:30,2026-09-08 04:15:00,27.9,30.5,21.9,0,0,0,147,0,0,0,0,5.3,633.7,70,0,0,28.2,62,30.1,20.2
2026-09-08T04:10:00+05:30,2026-09-08 04:10:00,28,30.7,22,0,0,0,147,0,0,0,0,5.3,633.7,70,0,0,28.2,62,30.1,20.2
2026-09-08T04:05:00+05:30,2026-09-08 04:05:00,28,30.7,22,0,0,0,147,0,0,0,0,5.3,633.7,70,0,0,28.2,62,30.1,20.2
2026-09-08T04:00:00+05:30,2026-09-08 04:00:00,28,30.5,21.8,0,0,0,147,0,0,0,0,5.3,633.7,69,0,0,28.2,62,30.1,20.2
2026-09-08T03:55:00+05:30,2026-09-08 03:55:00,28,30.5,21.8,0,0,0,147,0,0,0,0,5.3,633.7,69,0,0,28.2,62,30.1,20.2
2026-09-08T03:50:00+05:30,2026-09-08 03:50:00,28,30.5,21.8,0,0,0,147,0,0,0,0,5.3,633.7,69,0,0,28.2,62,30.1,20.2
2026-09-08T03:45:00+05:30,2026-09-08 03:45:00,28,30.7,22,0,0,0,147,0,0,0,0,5.3,633.7,70,0,0,28.2,62,30.1,20.2
2026-09-08T03:40:00+05:30,2026-09-08 03:40:00,28.1,30.9,22.1,0,0,0,147,0,0,0,0,5.3,633.7,70,0,0,28.3,62,30.1,20.3
2026-09-08T03:35:00+05:30,2026-09-08 03:35:00,28.1,30.9,22.1,0,0,0,147,0,0,0,0,5.3,633.7,70,0,0,28.3,62,30.1,20.3
2026-09-08T03:30:00+05:30,2026-09-08 03:30:00,28.1,30.9,22.1,0,0,0,147,0,0,0,0,5.3,633.7,70,0,0,28.3,62,30.1,20.3
2026-09-08T03:26:00+05:30,2026-09-08 03:26:00,28.1,30.9,22.1,0,0,0,147,0,0,0,0,5.3,633.7,70,0,0,28.3,62,30.1,20.3
2026-09-08T03:20:00+05:30,2026-09-08 03:20:00,28.1,30.9,22.1,0,0,0,147,0,0,0,0,5.3,633.7,70,0,0,28.4,62,30.3,20.4
2026-09-08T03:15:00+05:30,2026-09-08 03:15:00,28.1,30.9,22.1,0,0,0,147,0,0,0,0,5.3,633.7,70,0,0,28.4,62,30.3,20.4
2026-09-08T03:10:00+05:30,2026-09-08 03:10:00,28.1,30.9,22.1,0,0,0,147,0,0,0,0,5.3,633.7,70,0,0,28.4,62,30.3,20.4
2026-09-08T03:05:00+05:30,2026-09-08 03:05:00,28.2,31.1,22.2,0,0,0,147,0,0,0,0,5.3,633.7,70,0,0,28.4,62,30.3,20.4
2026-09-08T03:00:00+05:30,2026-09-08 03:00:00,28.2,31.1,22.2,0,0,0,147,0,0,0,0,5.3,633.7,70,0,0,28.4,62,30.3,20.4
2026-09-08T02:55:00+05:30,2026-09-08 02:55:00,28.3,31.2,22.3,0,0,0,147,0,0,0,0,5.3,633.7,70,0,0,28.4,62,30.3,20.4
2026-09-08T02:50:00+05:30,2026-09-08 02:50:00,28.4,31.3,22.1,0,0,0,147,0,0,0,0,5.3,633.7,69,0,0,28.5,62,30.5,20.5
2026-09-08T02:45:00+05:30,2026-09-08 02:45:00,28.4,31.3,22.1,0,0,0,147,0,0,0,0,5.3,633.7,69,0,0,28.5,62,30.5,20.5
2026-09-08T02:40:00+05:30,2026-09-08 02:40:00,28.5,31.5,22.2,0,0,0,146,0,0,0,0,5.3,633.7,69,0,0,28.5,62,30.5,20.5
2026-09-08T02:35:00+05:30,2026-09-08 02:35:00,28.5,31.5,22.2,0,0,0,146,0,0,0,0,5.3,633.7,69,0,0,28.5,62,30.5,20.5
2026-09-08T02:30:00+05:30,2026-09-08 02:30:00,28.5,31.5,22.2,0,0,0,146,0,0,0,0,5.3,633.7,69,0,0,28.5,62,30.5,20.5
2026-09-08T02:25:00+05:30,2026-09-08 02:25:00,28.6,31.7,22.4,0,0,0,146,0,0,0,0,5.3,633.7,69,0,0,28.5,62,30.5,20.5
2026-09-08T02:21:00+05:30,2026-09-08 02:21:00,28.6,31.7,22.4,0,0,0,146,0,0,0,0,5.3,633.7,69,0,0,28.6,62,30.7,20.6
2026-09-08T02:15:00+05:30,2026-09-08 02:15:00,28.6,31.7,22.4,0,0,0,146,0,0,0,0,5.3,633.7,69,0,0,28.6,62,30.7,20.6
2026-09-08T02:10:00+05:30,2026-09-08 02:10:00,28.6,31.7,22.4,0,0,0,146,0,0,0,0,5.3,633.7,69,0,0,28.6,61,30.6,20.3
2026-09-08T02:05:00+05:30,2026-09-08 02:05:00,28.6,31.7,22.4,0,0,0,146,0,0,0,0,5.3,633.7,69,0,0,28.7,61,30.7,20.4
2026-09-08T02:00:00+05:30,2026-09-08 02:00:00,28.6,31.7,22.4,0,0,0,146,0,0,0,0,5.3,633.7,69,0,0,28.7,61,30.7,20.4
2026-09-08T01:55:00+05:30,2026-09-08 01:55:00,28.6,31.7,22.4,0,0,0,146,0,0,0,0,5.3,633.7,69,0,0,28.8,61,30.8,20.5
2026-09-08T01:50:00+05:30,2026-09-08 01:50:00,28.6,31.7,22.4,0,0,0,146,0,0,0,0,5.3,633.7,69,0,0,28.9,61,31,20.6
2026-09-08T01:45:00+05:30,2026-09-08 01:45:00,28.6,31.7,22.4,0,0,0,146,0,0,0,0,5.3,633.7,69,0,0,28.9,61,31,20.6
2026-09-08T01:40:00+05:30,2026-09-08 01:40:00,28.6,31.7,22.4,0,0,0,146,0,0,0,0,5.3,633.7,69,0,0,28.9,61,31,20.6
2026-09-08T01:35:00+05:30,2026-09-08 01:35:00,28.6,31.7,22.4,0,0,0,146,0,0,0,0,5.3,633.7,69,0,0,29,61,31.2,20.7
2026-09-08T01:30:00+05:30,2026-09-08 01:30:00,28.7,32,22.5,0,0,0,146,0,0,0,0,5.3,633.7,69,0,0,28.9,61,31,20.6
2026-09-08T01:25:00+05:30,2026-09-08 01:25:00,28.7,32,22.5,0,0,0,146,0,0,0,0,5.3,633.7,69,0,0,29,61,31.2,20.7
2026-09-08T01:20:00+05:30,2026-09-08 01:20:00,28.8,32.1,22.5,0,0,0,146,0,0,0,0,5.3,633.7,69,0,0,29,61,31.2,20.7
2026-09-08T01:16:00+05:30,2026-09-08 01:16:00,28.8,32.1,22.5,0,0,0,146,0,0,0,0,5.3,633.7,69,0,0,29,61,31.2,20.7
2026-09-08T01:10:00+05:30,2026-09-08 01:10:00,28.8,32.1,22.5,0,0,0,146,0,0,0,0,5.3,633.7,69,0,0,29.1,61,31.4,20.8
2026-09-08T01:05:00+05:30,2026-09-08 01:05:00,28.9,32.3,22.6,0,0,0,146,0,0,0,0,5.3,633.7,69,0,0,29.1,61,31.4,20.8
2026-09-08T01:00:00+05:30,2026-09-08 01:00:00,28.9,32.3,22.6,0,0,0,146,0,0,0,0,5.3,633.7,69,0,0,29.1,61,31.4,20.8
2026-09-08T00:55:00+05:30,2026-09-08 00:55:00,28.9,32.3,22.6,0,0,0,146,0,0,0,0,5.3,633.7,69,0,0,29.1,61,31.4,20.8
2026-09-08T00:50:00+05:30,2026-09-08 00:50:00,28.9,32.3,22.6,0,0,0,146,0,0,0,0,5.3,633.7,69,0,0,29.1,61,31.4,20.8
2026-09-08T00:45:00+05:30,2026-09-08 00:45:00,28.9,32.3,22.6,0,0,0,146,0,0,0,0,5.3,633.7,69,0,0,29.1,61,31.4,20.8
2026-09-08T00:40:00+05:30,2026-09-08 00:40:00,29,32.5,22.7,0,0,0,146,0,0,0,0,5.3,633.7,69,0,0,29.1,61,31.4,20.8
2026-09-08T00:35:00+05:30,2026-09-08 00:35:00,29,32.5,22.7,0,0,0,146,0,0,0,0,5.3,633.7,69,0,0,29.2,61,31.6,20.9
2026-09-08T00:30:00+05:30,2026-09-08 00:30:00,29,32.5,22.7,0,0,0,146,0,0,0,0,5.3,633.7,69,0,0,29.2,61,31.6,20.9
2026-09-08T00:25:00+05:30,2026-09-08 00:25:00,29,32.5,22.7,0,0,0,146,0,0,0,0,5.3,633.7,69,0,0,29.3,61,31.7,20.9
2026-09-08T00:20:00+05:30,2026-09-08 00:20:00,29.1,32.8,22.8,0,0,0,146,0,0,0,0,5.3,633.7,69,0,0,29.3,61,31.7,20.9
2026-09-08T00:15:00+05:30,2026-09-08 00:15:00,29.1,32.8,22.8,0,0,0,146,0,0,0,0,5.3,633.7,69,0,0,29.3,61,31.7,20.9
2026-09-08T00:10:00+05:30,2026-09-08 00:10:00,29.1,32.8,22.8,0,0,0,146,0,0,0,0,5.3,633.7,69,0,0,29.3,61,31.7,20.9
2026-09-08T00:05:00+05:30,2026-09-08 00:05:00,29.1,32.8,22.8,0,0,0,146,0,0,0,0,5.3,633.7,69,0,0,29.3,61,31.7,20.9
2026-09-08T00:00:00+05:30,2026-09-08 00:00:00,29.2,33,22.9,0,0,0,146,0,0,0,0,5.3,633.7,69,0,0,29.4,61,31.9,21.1
2026-09-07T23:55:00+05:30,2026-09-07 23:55:00,29.2,33,22.9,0,0,0,146,0,0,0,0,5.3,633.7,69,0,0,29.4,62,32.1,21.3
2026-09-07T23:50:00+05:30,2026-09-07 23:50:00,29.2,33,22.9,0,0,0,146,0,0,0,0,5.3,633.7,69,0,0,29.4,61,31.9,21.1
2026-09-07T23:45:00+05:30,2026-09-07 23:45:00,29.3,33.1,23,0,0,0,147,0,0,0,0,5.3,633.7,69,0,0,29.4,62,32.1,21.3
2026-09-07T23:40:00+05:30,2026-09-07 23:40:00,29.3,33.1,23,0,0,0,147,0,0,0,0,5.3,633.7,69,0,0,29.5,61,32.1,21.2
2026-09-07T23:35:00+05:30,2026-09-07 23:35:00,29.3,33.1,23,0,0,0,147,0,0,0,0,5.3,633.7,69,0,0,29.5,61,32.1,21.2
2026-09-07T23:30:00+05:30,2026-09-07 23:30:00,29.4,33.4,23.1,0,0,0,147,0,0,0,0,5.3,633.7,69,0,0,29.5,61,32.1,21.2
2026-09-07T23:25:00+05:30,2026-09-07 23:25:00,29.4,33.4,23.1,0,0,0,147,0,0,0,0,5.3,633.7,69,0,0,29.6,61,32.3,21.3
2026-09-07T23:20:00+05:30,2026-09-07 23:20:00,29.4,33.4,23.1,0,0,0,147,0,0,0,0,5.3,633.7,69,0,0,29.6,61,32.3,21.3
2026-09-07T23:15:00+05:30,2026-09-07 23:15:00,29.4,33.4,23.1,0,0,0,147,0,0,0,0,5.3,633.7,69,0,0,29.6,61,32.3,21.3
2026-09-07T23:10:00+05:30,2026-09-07 23:10:00,29.5,33.6,23.2,0,0,0,146,0,0,0,0,5.3,633.7,69,0,0,29.6,61,32.3,21.3
2026-09-07T23:05:00+05:30,2026-09-07 23:05:00,29.5,33.6,23.2,0,0,0,146,0,0,0,0,5.3,633.7,69,0,0,29.6,61,32.3,21.3
2026-09-07T23:00:00+05:30,2026-09-07 23:00:00,29.5,33.6,23.2,0,0,0,146,0,0,0,0,5.3,633.7,69,0,0,29.7,61,32.5,21.4
2026-09-07T22:55:00+05:30,2026-09-07 22:55:00,29.6,33.9,23.3,0,0,0,146,0,0,0,0,5.3,633.7,69,0,0,29.7,61,32.5,21.4
2026-09-07T22:51:00+05:30,2026-09-07 22:51:00,29.6,33.9,23.3,0,0,0,146,0,0,0,0,5.3,633.7,69,0,0,29.8,61,32.6,21.4
2026-09-07T22:45:00+05:30,2026-09-07 22:45:00,29.6,33.7,23.1,0,0,0,146,0,0,0,0,5.3,633.7,68,0,0,29.8,61,32.6,21.4
2026-09-07T22:40:00+05:30,2026-09-07 22:40:00,29.7,33.9,23.2,0,0,0,146,0,0,0,0,5.3,633.7,68,0,0,29.9,61,32.8,21.6
2026-09-07T22:35:00+05:30,2026-09-07 22:35:00,29.7,33.9,23.2,0,0,0,146,0,0,0,0,5.3,633.7,68,0,0,29.9,61,32.8,21.6
2026-09-07T22:30:00+05:30,2026-09-07 22:30:00,29.7,33.9,23.2,0,0,0,146,0,0,0,0,5.3,633.7,68,0,0,29.9,61,32.8,21.6
2026-09-07T22:25:00+05:30,2026-09-07 22:25:00,29.8,34.1,23.2,0,0,0,146,0,0,0,0,5.3,633.7,68,0,0,30,61,33.1,21.7
2026-09-07T22:20:00+05:30,2026-09-07 22:20:00,29.8,34.1,23.2,0,0,0,146,0,0,0,0,5.3,633.7,68,0,0,30,61,33.1,21.7
2026-09-07T22:15:00+05:30,2026-09-07 22:15:00,29.8,34.3,23.5,0,0,0,146,0,0,0,0,5.3,633.7,69,0,0,30,61,33.1,21.7
2026-09-07T22:10:00+05:30,2026-09-07 22:10:00,29.8,34.3,23.5,0,0,0,146,0,0,0,0,5.3,633.7,69,0,0,30,61,33.1,21.7
2026-09-07T22:05:00+05:30,2026-09-07 22:05:00,29.9,34.5,23.6,0,0,0,146,0,0,0,0,5.3,633.7,69,0,0,30.1,61,33.3,21.7
2026-09-07T22:00:00+05:30,2026-09-07 22:00:00,29.9,34.5,23.6,0,0,0,146,0,0,0,0,5.3,633.7,69,0,0,30.1,61,33.3,21.7
2026-09-07T21:55:00+05:30,2026-09-07 21:55:00,29.9,34.5,23.6,0,0,0,146,0,0,0,0,5.3,633.7,69,0,0,30.1,61,33.3,21.7
2026-09-07T21:50:00+05:30,2026-09-07 21:50:00,29.9,34.5,23.6,0,0,0,146,0,0,0,0,5.3,633.7,69,0,0,30.1,61,33.3,21.7
2026-09-07T21:46:00+05:30,2026-09-07 21:46:00,30,35,23.9,0,0,0,146,0,0,0,0,5.3,633.7,70,0,0,30.2,61,33.5,21.8
2026-09-07T21:40:00+05:30,2026-09-07 21:40:00,30,35,23.9,0,0,0,146,0,0,0,0,5.3,633.7,70,0,0,30.2,61,33.5,21.8
2026-09-07T21:35:00+05:30,2026-09-07 21:35:00,30,35,23.9,0,0,0,146,0,0,0,0,5.3,633.7,70,0,0,30.2,61,33.5,21.8
2026-09-07T21:30:00+05:30,2026-09-07 21:30:00,30,35,23.9,0,0,0,146,0,0,0,0,5.3,633.7,70,0,0,30.3,61,33.6,21.9
2026-09-07T21:25:00+05:30,2026-09-07 21:25:00,30,35,23.9,0,0,0,146,0,0,0,0,5.3,633.7,70,0,0,30.3,61,33.6,21.9
2026-09-07T21:20:00+05:30,2026-09-07 21:20:00,30.1,35.3,24,0,0,0,146,0,0,0,0,5.3,633.7,70,0,0,30.3,61,33.6,21.9
2026-09-07T21:15:00+05:30,2026-09-07 21:15:00,30.1,35.3,24,0,0,0,146,0,0,0,0,5.3,633.7,70,0,0,30.3,61,33.6,21.9
2026-09-07T21:10:00+05:30,2026-09-07 21:10:00,30.1,35.3,24,0,0,0,146,0,0,0,0,5.3,633.7,70,0,0,30.4,61,33.8,22
2026-09-07T21:05:00+05:30,2026-09-07 21:05:00,30.2,35.6,24.1,0,0,0,146,0,0,0,0,5.3,633.7,70,0,0,30.4,61,33.8,22
2026-09-07T21:00:00+05:30,2026-09-07 21:00:00,30.2,35.3,23.9,0,0,0,146,0,0,0,0,5.3,633.7,69,0,0,30.4,61,33.8,22
2026-09-07T20:55:00+05:30,2026-09-07 20:55:00,30.3,35.5,23.9,0,0,0,146,0,0,0,0,5.3,633.7,69,0,0,30.4,61,33.8,22
2026-09-07T20:50:00+05:30,2026-09-07 20:50:00,30.3,35.5,23.9,0,0,0,146,0,0,0,0,5.3,633.7,69,0,0,30.5,61,34.1,22.1
2026-09-07T20:45:00+05:30,2026-09-07 20:45:00,30.4,35.7,24,0,0,0,146,0,0,0,0,5.3,633.7,69,0,0,30.5,61,34.1,22.1
2026-09-07T20:41:00+05:30,2026-09-07 20:41:00,30.4,35.7,24,0,0,0,146,0,0,0,0,5.3,633.7,69,0,0,30.5,61,34.1,22.1
2026-09-07T20:35:00+05:30,2026-09-07 20:35:00,30.4,35.7,24,0,0,0,146,0,0,0,0,5.3,633.7,69,0,0,30.6,61,34.3,22.2
2026-09-07T20:30:00+05:30,2026-09-07 20:30:00,30.5,36,24.2,0,0,0,146,0,0,0,0,5.3,633.7,69,0,0,30.6,61,34.3,22.2
2026-09-07T20:25:00+05:30,2026-09-07 20:25:00,30.5,36,24.2,0,0,0,147,0,0,0,0,5.3,633.7,69,0,0,30.6,61,34.3,22.2
2026-09-07T20:20:00+05:30,2026-09-07 20:20:00,30.5,36,24.2,0,0,0,147,0,0,0,0,5.3,633.7,69,0,0,30.6,60,34.1,21.9
2026-09-07T20:15:00+05:30,2026-09-07 20:15:00,30.6,36,24,0,0,0,147,0,0,0,0,5.3,633.7,68,0,0,30.7,60,34.3,22.1
2026-09-07T20:10:00+05:30,2026-09-07 20:10:00,30.6,36,24,0,0,0,147,0,0,0,0,5.3,633.7,68,0,0,30.7,60,34.3,22.1
2026-09-07T20:05:00+05:30,2026-09-07 20:05:00,30.6,36,24,0,0,0,147,0,0,0,0,5.3,633.7,68,0,0,30.7,60,34.3,22.1
2026-09-07T20:00:00+05:30,2026-09-07 20:00:00,30.7,36.3,24.1,0,0,0,147,0,0,0,0,5.3,633.7,68,0,0,30.8,60,34.4,22.1
2026-09-07T19:55:00+05:30,2026-09-07 19:55:00,30.8,36.4,24.2,0,0,0,147,0,0,0,0,5.3,633.7,68,0,0,30.8,60,34.4,22.1
2026-09-07T19:50:00+05:30,2026-09-07 19:50:00,30.8,36.4,24.2,0,0,0,147,0,0,0,0,5.3,633.7,68,0,0,30.8,60,34.4,22.1
2026-09-07T19:45:00+05:30,2026-09-07 19:45:00,30.8,36.2,23.9,0,0,0,147,0,0,0,0,5.3,633.7,67,0,0,30.9,60,34.6,22.2
2026-09-07T19:40:00+05:30,2026-09-07 19:40:00,30.9,36.4,24,0,0,0,147,0,0,0,0,5.3,633.7,67,0,0,30.9,60,34.6,22.2
2026-09-07T19:35:00+05:30,2026-09-07 19:35:00,30.9,36.4,24,0,0,0,147,0,0,0,0,5.3,633.7,67,0,0,30.9,60,34.6,22.2
2026-09-07T19:30:00+05:30,2026-09-07 19:30:00,30.9,36.4,24,0,0,0,147,0,0,0,0,5.3,633.7,67,0,0,30.9,59,34.4,21.9
2026-09-07T19:25:00+05:30,2026-09-07 19:25:00,31,36.4,23.9,0,0,0,147,0,0,0,0,5.3,633.7,66,0,0,31,59,34.6,22.1
2026-09-07T19:21:00+05:30,2026-09-07 19:21:00,31,36.4,23.9,0,0,0,147,0,0,0,0,5.3,633.7,66,0,0,31,59,34.6,22.1
2026-09-07T19:15:00+05:30,2026-09-07 19:15:00,31.1,36.7,24,0,0,0,147,0,0,0,0,5.3,633.7,66,0,0,31,59,34.6,22.1
2026-09-07T19:10:00+05:30,2026-09-07 19:10:00,31.1,36.7,24,0,0,0,147,0,0,0,0,5.3,633.7,66,0,0,31,59,34.6,22.1
2026-09-07T19:05:00+05:30,2026-09-07 19:05:00,31.1,36.7,24,0,0,0,147,0,0,0,0,5.3,633.7,66,0,0,31.1,59,34.8,22.1
2026-09-07T19:00:00+05:30,2026-09-07 19:00:00,31.2,37,24.1,0,0,0,147,0,0,0,0,5.3,633.7,66,0,0,31.1,59,34.8,22.1
2026-09-07T18:55:00+05:30,2026-09-07 18:55:00,31.2,36.7,23.8,0,0,0,147,0,0,0,0,5.3,633.7,65,0,0,31.1,59,34.8,22.1
2026-09-07T18:50:00+05:30,2026-09-07 18:50:00,31.3,36.8,23.9,0,0,0,147,0,0,0,0,5.3,633.7,65,0,0,31.2,58,34.8,21.9
2026-09-07T18:45:00+05:30,2026-09-07 18:45:00,31.3,36.8,23.9,0,0,0,148,0,0,0,0,5.3,633.7,65,0,0,31.2,58,34.8,21.9
2026-09-07T18:40:00+05:30,2026-09-07 18:40:00,31.4,37.1,24,0,0,0,147,0,0,0,0,5.3,633.7,65,0,0,31.2,58,34.8,21.9
2026-09-07T18:35:00+05:30,2026-09-07 18:35:00,31.4,36.8,23.7,0,0,0,147,0,0,0,0,5.3,633.7,64,0,0,31.2,58,34.8,21.9
2026-09-07T18:30:00+05:30,2026-09-07 18:30:00,31.5,37.1,23.8,0,0,0,147,0,0,0,0,5.3,633.7,64,0,0,31.3,58,34.9,22
2026-09-07T18:25:00+05:30,2026-09-07 18:25:00,31.5,37.1,23.8,0,0,0,147,0,0,0,0,5.3,633.7,64,0,0,31.3,58,34.9,22
2026-09-07T18:20:00+05:30,2026-09-07 18:20:00,31.6,37.1,23.7,0,0,0,147,0,0,0,0,5.3,633.7,63,0,0,31.3,57,34.7,21.7
2026-09-07T18:16:00+05:30,2026-09-07 18:16:00,31.6,37.1,23.7,0,0,0,147,0,0,0,0,5.3,633.7,63,0,0,31.4,57,34.9,21.8
2026-09-07T18:10:00+05:30,2026-09-07 18:10:00,31.7,37.3,23.8,0,0,0,147,0,0,0,0,5.3,633.7,63,0,0,31.5,57,35.1,21.9
2026-09-07T18:05:00+05:30,2026-09-07 18:05:00,31.7,37,23.5,0,0,0,147,0,0,0,0,5.3,633.7,62,0,0,31.5,57,35.1,21.9
2026-09-07T18:00:00+05:30,2026-09-07 18:00:00,31.8,37.2,23.6,0,0,0,147,0,0,0,0,5.3,633.7,62,0,0,31.6,57,35.4,22.1
2026-09-07T17:55:00+05:30,2026-09-07 17:55:00,31.8,37.2,23.6,0,0,0,147,0,0,0,0,5.3,633.7,62,0,0,31.6,57,35.4,22.1
2026-09-07T17:50:00+05:30,2026-09-07 17:50:00,31.9,37.4,23.7,0,0,0,147,0,0,0,0,5.3,633.7,62,0,0,31.7,57,35.6,22.1
2026-09-07T17:45:00+05:30,2026-09-07 17:45:00,31.9,37.4,23.7,0,0,0,147,0,0,0,0,5.3,633.7,62,0,0,31.7,57,35.6,22.1
2026-09-07T17:40:00+05:30,2026-09-07 17:40:00,32,37.7,23.8,0,0,0,147,0,0,0,0,5.3,633.7,62,0,0,31.8,57,35.7,22.2
2026-09-07T17:35:00+05:30,2026-09-07 17:35:00,32.1,38.3,24.2,0,0,0,147,0,0,0,0,5.3,633.7,63,0,0,31.8,57,35.7,22.2
2026-09-07T17:30:00+05:30,2026-09-07 17:30:00,32.1,38.3,24.2,0,0,0,147,0,0,0,0,5.3,633.7,63,0,0,31.9,58,36.2,22.6
2026-09-07T17:25:00+05:30,2026-09-07 17:25:00,32.2,38.9,24.5,0,0,0,147,0,0,0,0,5.3,633.7,64,0,0,32,58,36.5,22.7
2026-09-07T17:20:00+05:30,2026-09-07 17:20:00,32.2,38.9,24.5,0,0,0,147,0,0,0,0,5.3,633.7,64,0,0,32.1,58,36.7,22.8
2026-09-07T17:15:00+05:30,2026-09-07 17:15:00,32.3,39.1,24.6,0,0,0,147,0,0,0,0,5.3,633.7,64,0,0,32.1,58,36.7,22.8
2026-09-07T17:11:00+05:30,2026-09-07 17:11:00,32.3,39.1,24.6,0,0,0,147,0,0,0,0,5.3,633.7,64,0,0,32.1,58,36.7,22.8
2026-09-07T17:05:00+05:30,2026-09-07 17:05:00,32.3,39.1,24.6,0,0,0,147,0,0,0,0,5.3,633.7,64,0,0,32.2,58,37,22.9
2026-09-07T17:00:00+05:30,2026-09-07 17:00:00,32.3,39.1,24.6,0,0,0,147,0,0,0,0,5.3,633.7,64,0,0.3,32.2,58,37,22.9
2026-09-07T16:55:00+05:30,2026-09-07 16:55:00,32.3,39.1,24.6,0,0,0,147,0,0,0,0,5.3,633.7,64,0,0.1,32.2,57,36.7,22.6
2026-09-07T16:50:00+05:30,2026-09-07 16:50:00,32.2,38.6,24.3,0,0,0,147,0,0,0,0,5.3,633.7,63,0,0.1,32.3,57,36.8,22.7
2026-09-07T16:45:00+05:30,2026-09-07 16:45:00,32.2,38.9,24.5,0,0,0,147,0,0,0,0,5.3,633.7,64,0,0.1,32.3,57,36.8,22.7
2026-09-07T16:40:00+05:30,2026-09-07 16:40:00,32.2,38.9,24.5,0,0,0,147,0,0,0,0,5.3,633.7,64,0,0.4,32.3,57,36.8,22.7
2026-09-07T16:35:00+05:30,2026-09-07 16:35:00,32.2,38.9,24.5,0,0,0,147,0,0,0,0,5.3,633.7,64,0,0.5,32.4,57,37.1,22.8
2026-09-07T16:30:00+05:30,2026-09-07 16:30:00,32.2,38.9,24.5,0,0,0,147,0,0,0,0,5.3,633.7,64,0,0.6,32.4,57,37.1,22.8
2026-09-07T16:25:00+05:30,2026-09-07 16:25:00,32.3,38.7,24.3,0,0,0,147,0,0,0,0,5.3,633.7,63,0,0.5,32.5,57,37.3,22.8
2026-09-07T16:20:00+05:30,2026-09-07 16:20:00,32.4,39.3,24.7,0,0,0,148,0,0,0,0,5.3,633.7,64,0,0.5,32.5,57,37.3,22.8
2026-09-07T16:15:00+05:30,2026-09-07 16:15:00,32.5,39.6,24.8,0,0,0,147,0,0,0,0,5.3,633.7,64,0,0.5,32.5,57,37.3,22.8
2026-09-07T16:10:00+05:30,2026-09-07 16:10:00,32.5,39.6,24.8,0,0,0,148,0,0,0,0,5.3,633.7,64,0,0.7,32.6,58,37.9,23.3
2026-09-07T16:05:00+05:30,2026-09-07 16:05:00,32.6,39.9,24.9,0,0,0,148,0,0,0,0,5.3,633.7,64,0,0.6,32.5,57,37.3,22.8
2026-09-07T16:00:00+05:30,2026-09-07 16:00:00,32.6,39.6,24.6,0,0,0,148,0,0,0,0,5.3,633.7,63,0,0.6,32.6,57,37.6,22.9
2026-09-07T15:55:00+05:30,2026-09-07 15:55:00,32.6,39.6,24.6,0,0,0,147,0,0,0,0,5.3,633.7,63,0,0.7,32.6,57,37.6,22.9
2026-09-07T15:50:00+05:30,2026-09-07 15:50:00,32.6,39.6,24.6,0,0,0,148,0,0,0,0,5.3,633.7,63,0,0.5,32.5,58,37.6,23.2
2026-09-07T15:45:00+05:30,2026-09-07 15:45:00,32.6,39.6,24.6,0,0,0,148,0,0,0,0,5.3,633.7,63,0,0.7,32.5,57,37.3,22.8
2026-09-07T15:40:00+05:30,2026-09-07 15:40:00,32.6,39.6,24.6,0,0,0,148,0,0,0,0,5.3,633.7,63,0,0.6,32.5,57,37.3,22.8
2026-09-07T15:35:00+05:30,2026-09-07 15:35:00,32.6,39.6,24.6,0,0,0,148,0,0,0,0,5.3,633.7,63,0,0.6,32.5,57,37.3,22.8
2026-09-07T15:30:00+05:30,2026-09-07 15:30:00,32.7,39.5,24.5,0,0,0,147,0,0,0,0,5.3,633.7,62,0,0.7,32.5,57,37.3,22.8
2026-09-07T15:25:00+05:30,2026-09-07 15:25:00,32.7,39.5,24.5,0,0,0,148,0,0,0,0,5.3,633.7,62,0,0.8,32.5,57,37.3,22.8
2026-09-07T15:20:00+05:30,2026-09-07 15:20:00,32.7,39.5,24.5,0,0,0,148,0,0,0,0,5.3,633.7,62,0,0.8,32.4,57,37.1,22.8
2026-09-07T15:15:00+05:30,2026-09-07 15:15:00,32.6,39.2,24.4,0,0,0,148,0,0,0,0,5.3,633.7,62,0,1,32.4,57,37.1,22.8
2026-09-07T15:10:00+05:30,2026-09-07 15:10:00,32.6,39.2,24.4,0,0,0,148,0,0,0,0,5.3,633.7,62,0,1.1,32.4,56,36.8,22.4
2026-09-07T15:05:00+05:30,2026-09-07 15:05:00,32.6,38.9,24.1,0,0,0,148,0,0,0,0,5.3,633.7,61,0,1.2,32.3,56,36.5,22.3
2026-09-07T15:00:00+05:30,2026-09-07 15:00:00,32.6,38.9,24.1,0,0,0,148,0,0,0,0,5.3,633.7,61,0,0.7,32.3,56,36.5,22.3
2026-09-07T14:55:00+05:30,2026-09-07 14:55:00,32.5,38.6,24,0,0,0,148,0,0,0,0,5.3,633.7,61,0,0.5,32.4,56,36.8,22.4
2026-09-07T14:50:00+05:30,2026-09-07 14:50:00,32.5,38.3,23.7,0,0,0,148,0,0,0,0,5.3,633.7,60,0,1.2,32.3,56,36.5,22.3
2026-09-07T14:46:00+05:30,2026-09-07 14:46:00,32.5,38.3,23.7,0,0,0,148,0,0,0,0,5.3,633.7,60,0,1,32.3,56,36.5,22.3
2026-09-07T14:40:00+05:30,2026-09-07 14:40:00,32.4,38.3,23.9,0,0,0,148,0,0,0,0,5.3,633.7,61,0,1.1,32.4,57,37.1,22.8
2026-09-07T14:35:00+05:30,2026-09-07 14:35:00,32.4,38.7,24.2,0,0,0,148,0,0,0,0,5.3,633.7,62,0,1.2,32.3,57,36.8,22.7
2026-09-07T14:30:00+05:30,2026-09-07 14:30:00,32.4,38.7,24.2,0,0,0,147,0,0,0,0,5.3,633.7,62,0,0.9,32.4,57,37.1,22.8
2026-09-07T14:25:00+05:30,2026-09-07 14:25:00,32.5,38.9,24.3,0,0,0,147,0,0,0,0,5.3,633.7,62,0,0.5,32.4,57,37.1,22.8
2026-09-07T14:20:00+05:30,2026-09-07 14:20:00,32.6,38.9,24.1,0,0,0,147,0,0,0,0,5.3,633.7,61,0,1.1,32.5,57,37.3,22.8
2026-09-07T14:15:00+05:30,2026-09-07 14:15:00,32.7,38.8,23.9,0,0,0,147,0,0,0,0,5.3,633.7,60,0,1,32.5,57,37.3,22.8
2026-09-07T14:10:00+05:30,2026-09-07 14:10:00,32.7,39.2,24.2,0,0,0,147,0,0,0,0,5.3,633.7,61,0,1,32.4,56,36.8,22.4
2026-09-07T14:05:00+05:30,2026-09-07 14:05:00,32.6,38.5,23.8,0,0,0,147,0,0,0,0,5.3,633.7,60,0,0.7,32.4,56,36.8,22.4
2026-09-07T14:00:00+05:30,2026-09-07 14:00:00,32.6,38.5,23.8,0,0,0,146,0,0,0,0,5.3,633.7,60,0,0.9,32.3,56,36.5,22.3
2026-09-07T13:55:00+05:30,2026-09-07 13:55:00,32.5,38.3,23.7,0,0,0,148,0,0,0,0,5.3,633.7,60,0,0.5,32.3,56,36.5,22.3
2026-09-07T13:50:00+05:30,2026-09-07 13:50:00,32.5,38.3,23.7,0,0,0,148,0,0,0,0,5.3,633.7,60,0,0.4,32.2,57,36.7,22.6
2026-09-07T13:45:00+05:30,2026-09-07 13:45:00,32.4,38.3,23.9,0,0,0,148,0,0,0,0,5.3,633.7,61,0,1.1,32.2,57,36.7,22.6
2026-09-07T13:41:00+05:30,2026-09-07 13:41:00,32.5,38.6,24,0,0,0,148,0,0,0,0,5.3,633.7,61,0,1,32.2,57,36.7,22.6
2026-09-07T13:35:00+05:30,2026-09-07 13:35:00,32.3,38.4,24,0,0,0,148,0,0,0,0,5.3,633.7,62,0,1,32.1,58,36.7,22.8
2026-09-07T13:30:00+05:30,2026-09-07 13:30:00,32.1,38,23.9,0,0,0,148,0,0,0,0,5.3,633.7,62,0,1.1,32,58,36.5,22.7
2026-09-07T13:25:00+05:30,2026-09-07 13:25:00,32,37.7,23.8,0,0,0,148,0,0,0,0,5.3,633.7,62,0,0.5,32,58,36.5,22.7
2026-09-07T13:20:00+05:30,2026-09-07 13:20:00,32,38,24.1,0,0,0,148,0,0,0,0,5.3,633.7,63,0,1.1,31.9,58,36.2,22.6
2026-09-07T13:15:00+05:30,2026-09-07 13:15:00,32,38,24.1,0,0,0,147,0,0,0,0,5.3,633.7,63,0,1,31.8,58,36,22.5
2026-09-07T13:10:00+05:30,2026-09-07 13:10:00,31.9,37.7,23.9,0,0,0,148,0,0,0,0,5.3,633.7,63,0,1,31.7,58,35.9,22.4
2026-09-07T13:05:00+05:30,2026-09-07 13:05:00,31.8,37.5,23.8,0,0,0,147,0,0,0,0,5.3,633.7,63,0,0.9,31.6,59,35.9,22.6
2026-09-07T13:00:00+05:30,2026-09-07 13:00:00,31.7,37.3,23.8,0,0,0,148,0,0,0,0,5.3,633.7,63,0,1.1,31.6,59,35.9,22.6
2026-09-07T12:55:00+05:30,2026-09-07 12:55:00,31.6,37.1,23.7,0,0,0,148,0,0,0,0,5.3,633.7,63,0,0.9,31.5,59,35.7,22.5
2026-09-07T12:50:00+05:30,2026-09-07 12:50:00,31.6,37.4,24,0,0,0,147,0,0,0,0,5.3,633.7,64,0,0.9,31.4,59,35.4,22.4
2026-09-07T12:45:00+05:30,2026-09-07 12:45:00,31.5,37.1,23.8,0,0,0,147,0,0,0,0,5.3,633.7,64,0,1.1,31.4,60,35.7,22.7
2026-09-07T12:40:00+05:30,2026-09-07 12:40:00,31.5,37.1,23.8,0,0,0,147,0,0,0,0,5.3,633.7,64,0,0.4,31.3,60,35.4,22.6
2026-09-07T12:36:00+05:30,2026-09-07 12:36:00,31.4,36.8,23.7,0,0,0,149,0,0,0,0,5.3,633.7,64,0,0.9,31.3,60,35.4,22.6
2026-09-07T12:30:00+05:30,2026-09-07 12:30:00,31.4,37.1,24,0,0,0,149,0,0,0,0,5.3,633.7,65,0,0.5,31.2,60,35.3,22.5
2026-09-07T12:25:00+05:30,2026-09-07 12:25:00,31.3,36.8,23.9,0,0,0,149,0,0,0,0,5.3,633.7,65,0,0.9,31.1,60,35.1,22.4
2026-09-07T12:20:00+05:30,2026-09-07 12:20:00,31.3,36.8,23.9,0,0,0,149,0,0,0,0,5.3,633.7,65,0,0.9,31.1,61,35.3,22.7
2026-09-07T12:15:00+05:30,2026-09-07 12:15:00,31.2,36.7,23.8,0,0,0,148,0,0,0,0,5.3,633.7,65,0,1.1,31,61,35.1,22.6
2026-09-07T12:10:00+05:30,2026-09-07 12:10:00,31.2,37,24.1,0,0,0,148,0,0,0,0,5.3,633.7,66,0,1,30.9,61,34.8,22.5
2026-09-07T12:05:00+05:30,2026-09-07 12:05:00,31.1,36.7,24,0,0,0,148,0,0,0,0,5.3,633.7,66,0,0.5,30.9,61,34.8,22.5
2026-09-07T12:00:00+05:30,2026-09-07 12:00:00,31.1,36.7,24,0,0,0,148,0,0,0,0,5.3,633.7,66,0,0.8,30.9,61,34.8,22.5
2026-09-07T11:55:00+05:30,2026-09-07 11:55:00,31,36.4,23.9,0,0,0,148,0,0,0,0,5.3,633.7,66,0,0.8,30.8,61,34.6,22.4
2026-09-07T11:50:00+05:30,2026-09-07 11:50:00,30.9,36.4,24,0,0,0,148,0,0,0,0,5.3,633.7,67,0,0.9,30.7,62,34.7,22.6
2026-09-07T11:45:00+05:30,2026-09-07 11:45:00,30.8,36.2,23.9,0,0,0,148,0,0,0,0,5.3,633.7,67,0,0.6,30.6,62,34.5,22.5
2026-09-07T11:40:00+05:30,2026-09-07 11:40:00,30.7,36.3,24.1,0,0,0,148,0,0,0,0,5.3,633.7,68,0,0.9,30.5,62,34.3,22.4
2026-09-07T11:35:00+05:30,2026-09-07 11:35:00,30.6,35.8,23.8,0,0,0,148,0,0,0,0,5.3,633.7,67,0,1.1,30.4,62,34.1,22.3
2026-09-07T11:30:00+05:30,2026-09-07 11:30:00,30.6,35.8,23.8,0,0,0,148,0,0,0,0,5.3,633.7,67,0,0.6,30.3,62,33.8,22.2
2026-09-07T11:25:00+05:30,2026-09-07 11:25:00,30.5,35.5,23.7,0,0,0,147,0,0,0,0,5.3,633.7,67,0,0.9,30.2,62,33.7,22.1
2026-09-07T11:20:00+05:30,2026-09-07 11:20:00,30.4,35.5,23.8,0,0,0,149,0,0,0,0,5.3,633.7,68,0,0.8,30.1,62,33.4,22
2026-09-07T11:16:00+05:30,2026-09-07 11:16:00,30.4,35.5,23.8,0,0,0,149,0,0,0,0,5.3,633.7,68,0,0.8,30.1,63,33.7,22.3
2026-09-07T11:10:00+05:30,2026-09-07 11:10:00,30.3,35.2,23.7,0,0,0,147,0,0,0,0,5.3,633.7,68,0,0.8,30,63,33.4,22.2
2026-09-07T11:05:00+05:30,2026-09-07 11:05:00,30.2,35.1,23.6,0,0,0,149,0,0,0,0,5.3,633.7,68,0,0.9,29.9,63,33.2,22.1
2026-09-07T11:00:00+05:30,2026-09-07 11:00:00,30.2,35.1,23.6,0,0,0,149,0,0,0,0,5.3,633.7,68,0,0.8,29.8,63,33,21.9
2026-09-07T10:55:00+05:30,2026-09-07 10:55:00,30.1,34.8,23.5,0,0,0,150,0,0,0,0,5.3,633.7,68,0,0.4,29.8,63,33,21.9
2026-09-07T10:50:00+05:30,2026-09-07 10:50:00,30,34.8,23.7,0,0,0,150,0,0,0,0,5.3,633.7,69,0,0.8,29.6,63,32.7,21.8
2026-09-07T10:45:00+05:30,2026-09-07 10:45:00,29.9,34.5,23.6,0,0,0,149,0,0,0,0,5.3,633.7,69,0,0.8,29.6,63,32.7,21.8
2026-09-07T10:40:00+05:30,2026-09-07 10:40:00,29.9,34.5,23.6,0,0,0,149,0,0,0,0,5.3,633.7,69,0,0.8,29.5,63,32.4,21.7
2026-09-07T10:35:00+05:30,2026-09-07 10:35:00,29.8,34.3,23.5,0,0,0,148,0,0,0,0,5.3,633.7,69,0,0.8,29.4,63,32.2,21.6
2026-09-07T10:30:00+05:30,2026-09-07 10:30:00,29.7,34.1,23.4,0,0,0,148,0,0,0,0,5.3,633.7,69,0,0.5,29.3,63,32,21.5
2026-09-07T10:25:00+05:30,2026-09-07 10:25:00,29.7,33.9,23.2,0,0,0,148,0,0,0,0,5.3,633.7,68,0,1,29.3,63,32,21.5
2026-09-07T10:20:00+05:30,2026-09-07 10:20:00,29.6,33.7,23.1,0,0,0,148,0,0,0,0,5.3,633.7,68,0,0.8,29.2,63,31.9,21.4
2026-09-07T10:15:00+05:30,2026-09-07 10:15:00,29.5,33.4,23,0,0,0,148,0,0,0,0,5.3,633.7,68,0,0.9,29.1,63,31.7,21.3
2026-09-07T10:11:00+05:30,2026-09-07 10:11:00,29.5,33.4,23,0,0,0,148,0,0,0,0,5.3,633.7,68,0,0.9,29.1,63,31.7,21.3
2026-09-07T10:05:00+05:30,2026-09-07 10:05:00,29.4,33.4,23.1,0,0,0,148,0,0,0,0,5.3,633.7,69,0,0.9,29,63,31.5,21.2
2026-09-07T10:00:00+05:30,2026-09-07 10:00:00,29.2,33,22.9,0,0,0,148,0,0,0,0,5.3,633.7,69,0,0.9,28.9,63,31.3,21.1
2026-09-07T09:55:00+05:30,2026-09-07 09:55:00,29.2,33,22.9,0,0,0,148,0,0,0,0,5.3,633.7,69,0,1,28.9,63,31.3,21.1
2026-09-07T09:50:00+05:30,2026-09-07 09:50:00,29.1,32.8,22.8,0,0,0,148,0,0,0,0,5.3,633.7,69,0,1,28.8,63,31.1,21
2026-09-07T09:45:00+05:30,2026-09-07 09:45:00,29,32.4,22.5,0,0,0,148,0,0,0,0,5.3,633.7,68,0,1,28.7,63,31,20.9
2026-09-07T09:40:00+05:30,2026-09-07 09:40:00,28.9,32.3,22.6,0,0,0,148,0,0,0,0,5.3,633.7,69,0,1.1,28.7,64,31.2,21.2
2026-09-07T09:35:00+05:30,2026-09-07 09:35:00,28.9,32.3,22.6,0,0,0,148,0,0,0,0,5.3,633.7,69,0,1.1,28.6,63,30.8,20.8
2026-09-07T09:30:00+05:30,2026-09-07 09:30:00,28.7,32.1,22.7,0,0,0,148,0,0,0,0,5.3,633.7,70,0,1.1,28.5,63,30.6,20.8
2026-09-07T09:25:00+05:30,2026-09-07 09:25:00,28.6,31.9,22.6,0,0,0,148,0,0,0,0,5.3,633.7,70,0,1.1,28.4,63,30.4,20.7
2026-09-07T09:20:00+05:30,2026-09-07 09:20:00,28.4,31.4,22.4,0,0,0,148,0,0,0,0,5.3,633.7,70,0,1.1,28.4,64,30.6,20.9
2026-09-07T09:15:00+05:30,2026-09-07 09:15:00,28.3,31.2,22.3,0,0,0,148,0,0,0,0,5.3,633.7,70,0,1.2,28.3,64,30.4,20.8
2026-09-07T09:10:00+05:30,2026-09-07 09:10:00,28.2,31.1,22.2,0,0,0,148,0,0,0,0,5.3,633.7,70,0,1.2,28.2,64,30.3,20.8
2026-09-07T09:06:00+05:30,2026-09-07 09:06:00,28.1,30.9,22.1,0,0,0,148,0,0,0,0,5.3,633.7,70,0,1.2,28.2,64,30.3,20.8
2026-09-07T09:00:00+05:30,2026-09-07 09:00:00,28,30.7,22,0,0,0,148,0,0,0,0,5.3,633.7,70,0,1.3,28.2,63,30.2,20.5
2026-09-07T08:55:00+05:30,2026-09-07 08:55:00,28,30.7,22,0,0,0,148,0,0,0,0,5.3,633.7,70,0,1.3,28.1,63,29.9,20.4
2026-09-07T08:50:00+05:30,2026-09-07 08:50:00,28,30.7,22,0,0,0,148,0,0,0,0,5.3,633.7,70,0,0.1,28.1,64,30.1,20.7
2026-09-07T08:45:00+05:30,2026-09-07 08:45:00,27.9,30.5,21.9,0,0,0,148,0,0,0,0,5.3,633.7,70,0,0.1,28,64,29.9,20.6
2026-09-07T08:40:00+05:30,2026-09-07 08:40:00,27.9,30.5,21.9,0,0,0,148,0,0,0,0,5.3,633.7,70,0,0.1,28,64,29.9,20.6
2026-09-07T08:35:00+05:30,2026-09-07 08:35:00,27.9,30.6,22.1,0,0,0,148,0,0,0,0,5.3,633.7,71,0,0.1,28,64,29.9,20.6
2026-09-07T08:30:00+05:30,2026-09-07 08:30:00,27.8,30.4,22,0,0,0,148,0,0,0,0,5.3,633.7,71,0,0.1,27.9,64,29.7,20.4
2026-09-07T08:25:00+05:30,2026-09-07 08:25:00,27.8,30.4,22,0,0,0,148,0,0,0,0,5.3,633.7,71,0,0.1,27.9,64,29.7,20.4
2026-09-07T08:20:00+05:30,2026-09-07 08:20:00,27.8,30.4,22,0,0,0,148,0,0,0,0,5.3,633.7,71,0,0.1,27.9,65,29.8,20.7
2026-09-07T08:15:00+05:30,2026-09-07 08:15:00,27.8,30.5,22.3,0,0,0,148,0,0,0,0,5.3,633.7,72,0,0.1,27.9,65,29.8,20.7
2026-09-07T08:10:00+05:30,2026-09-07 08:10:00,27.7,30.4,22.2,0,0,0,148,0,0,0,0,5.3,633.7,72,0,0.1,27.9,65,29.8,20.7
2026-09-07T08:05:00+05:30,2026-09-07 08:05:00,27.7,30.5,22.4,0,0,0,148,0,0,0,0,5.3,633.7,73,0,0.1,27.8,65,29.7,20.6
2026-09-07T08:00:00+05:30,2026-09-07 08:00:00,27.7,30.5,22.4,0,0,0,148,0,0,0,0,5.3,633.7,73,0,0.1,27.8,66,29.8,20.8
2026-09-07T07:55:00+05:30,2026-09-07 07:55:00,27.7,30.6,22.7,0,0,0,148,0,0,0,0,5.3,633.7,74,0,0.1,27.8,66,29.8,20.8
2026-09-07T07:50:00+05:30,2026-09-07 07:50:00,27.7,30.6,22.7,0,0,0,148,0,0,0,0,5.3,633.7,74,0,0.1,27.8,66,29.8,20.8
2026-09-07T07:45:00+05:30,2026-09-07 07:45:00,27.7,30.6,22.7,0,0,0,148,0,0,0,0,5.3,633.7,74,0,0.1,27.7,66,29.7,20.8
2026-09-07T07:40:00+05:30,2026-09-07 07:40:00,27.7,30.6,22.7,0,0,0,148,0,0,0,0,5.3,633.7,74,0,0.1,27.7,66,29.7,20.8
2026-09-07T07:35:00+05:30,2026-09-07 07:35:00,27.6,30.4,22.5,0,0,0,148,0,0,0,0,5.3,633.7,74,0,0.1,27.7,66,29.7,20.8
2026-09-07T07:30:00+05:30,2026-09-07 07:30:00,27.6,30.4,22.5,0,0,0,148,0,0,0,0,5.3,633.7,74,0,0.1,27.6,66,29.5,20.7
2026-09-07T07:25:00+05:30,2026-09-07 07:25:00,27.6,30.4,22.5,0,0,0,148,0,0,0,0,5.3,633.7,74,0,0.1,27.6,66,29.5,20.7
2026-09-07T07:20:00+05:30,2026-09-07 07:20:00,27.6,30.4,22.5,0,0,0,148,0,0,0,0,5.3,633.7,74,0,0.1,27.6,66,29.5,20.7
2026-09-07T07:15:00+05:30,2026-09-07 07:15:00,27.5,30.2,22.4,0,0,0,148,0,0,0,0,5.3,633.7,74,0,0.1,27.5,66,29.3,20.6
2026-09-07T07:10:00+05:30,2026-09-07 07:10:00,27.5,30.2,22.4,0,0,0,148,0,0,0,0,5.3,633.7,74,0,0.1,27.5,66,29.3,20.6
2026-09-07T07:05:00+05:30,2026-09-07 07:05:00,27.5,30.2,22.4,0,0,0,148,0,0,0,0,5.3,633.7,74,0,0.1,27.5,66,29.3,20.6
2026-09-07T07:00:00+05:30,2026-09-07 07:00:00,27.5,30.2,22.4,0,0,0,148,0,0,0,0,5.3,633.7,74,0,0.1,27.4,66,29.1,20.4
2026-09-07T06:55:00+05:30,2026-09-07 06:55:00,27.5,30.1,22.2,0,0,0,148,0,0,0,0,5.3,633.7,73,0,0.1,27.5,65,29.2,20.3
2026-09-07T06:50:00+05:30,2026-09-07 06:50:00,27.5,30.2,22.4,0,0,0,148,0,0,0,0,5.3,633.7,74,0,0,27.5,65,29.2,20.3
2026-09-07T06:45:00+05:30,2026-09-07 06:45:00,27.4,29.9,22.3,0,0,0,148,0,0,0,0,5.3,633.7,74,0,0,27.6,65,29.4,20.4
2026-09-07T06:41:00+05:30,2026-09-07 06:41:00,27.4,29.9,22.3,0,0,0,148,0,0,0,0,5.3,633.7,74,0,0,27.6,65,29.4,20.4
2026-09-07T06:35:00+05:30,2026-09-07 06:35:00,27.4,29.9,22.3,0,0,0,148,0,0,0,0,5.3,633.7,74,0,0,27.6,65,29.4,20.4
2026-09-07T06:30:00+05:30,2026-09-07 06:30:00,27.4,29.9,22.3,0,0,0,148,0,0,0,0,5.3,633.7,74,0,0,27.6,65,29.4,20.4
2026-09-07T06:25:00+05:30,2026-09-07 06:25:00,27.3,29.7,22.2,0,0,0,148,0,0,0,0,5.3,633.7,74,0,0,27.6,65,29.4,20.4
2026-09-07T06:20:00+05:30,2026-09-07 06:20:00,27.3,29.7,22.2,0,0,0,148,0,0,0,0,5.3,633.7,74,0,0,27.7,65,29.6,20.6
2026-09-07T06:15:00+05:30,2026-09-07 06:15:00,27.3,29.7,22.2,0,0,0,148,0,0,0,0,5.3,633.7,74,0,0,27.7,65,29.6,20.6
2026-09-07T06:10:00+05:30,2026-09-07 06:10:00,27.3,29.7,22.2,0,0,0,148,0,0,0,0,5.3,633.7,74,0,0,27.7,65,29.6,20.6
2026-09-07T06:05:00+05:30,2026-09-07 06:05:00,27.3,29.7,22.2,0,0,0,148,0,0,0,0,5.3,633.7,74,0,0,27.7,65,29.6,20.6
2026-09-07T06:00:00+05:30,2026-09-07 06:00:00,27.4,29.9,22.3,0,0,0,148,0,0,0,0,5.3,633.7,74,0,0,27.7,65,29.6,20.6
2026-09-07T05:55:00+05:30,2026-09-07 05:55:00,27.4,29.9,22.3,0,0,0,148,0,0,0,0,5.3,633.7,74,0,0,27.7,65,29.6,20.6
2026-09-07T05:50:00+05:30,2026-09-07 05:50:00,27.4,29.9,22.3,0,0,0,148,0,0,0,0,5.3,633.7,74,0,0,27.8,65,29.7,20.6
2026-09-07T05:45:00+05:30,2026-09-07 05:45:00,27.5,30.2,22.4,0,0,0,148,0,0,0,0,5.3,633.7,74,0,0,27.8,65,29.7,20.6
2026-09-07T05:40:00+05:30,2026-09-07 05:40:00,27.5,30.2,22.4,0,0,0,148,0,0,0,0,5.3,633.7,74,0,0,27.8,65,29.7,20.6
2026-09-07T05:36:00+05:30,2026-09-07 05:36:00,27.5,30.2,22.4,0,0,0,148,0,0,0,0,5.3,633.7,74,0,0,27.8,65,29.7,20.6
2026-09-07T05:30:00+05:30,2026-09-07 05:30:00,27.6,30.3,22.3,0,0,0,148,0,0,0,0,5.3,633.7,73,0,0,27.8,65,29.7,20.6
2026-09-07T05:25:00+05:30,2026-09-07 05:25:00,27.6,30.3,22.3,0,0,0,148,0,0,0,0,5.3,633.7,73,0,0,27.9,65,29.8,20.7
2026-09-07T05:20:00+05:30,2026-09-07 05:20:00,27.6,30.3,22.3,0,0,0,148,0,0,0,0,5.3,633.7,73,0,0,27.8,65,29.7,20.6
2026-09-07T05:15:00+05:30,2026-09-07 05:15:00,27.6,30.3,22.3,0,0,0,148,0,0,0,0,5.3,633.7,73,0,0,27.9,65,29.8,20.7
2026-09-07T05:10:00+05:30,2026-09-07 05:10:00,27.6,30.4,22.5,0,0,0,148,0,0,0,0,5.3,633.7,74,0,0,27.9,65,29.8,20.7
2026-09-07T05:05:00+05:30,2026-09-07 05:05:00,27.6,30.4,22.5,0,0,0,148,0,0,0,0,5.3,633.7,74,0,0,27.9,65,29.8,20.7
2026-09-07T05:00:00+05:30,2026-09-07 05:00:00,27.6,30.4,22.5,0,0,0,148,0,0,0,0,5.3,633.7,74,0,0,27.9,65,29.8,20.7
2026-09-07T04:55:00+05:30,2026-09-07 04:55:00,27.6,30.4,22.5,0,0,0,148,0,0,0,0,5.3,633.7,74,0,0,27.9,65,29.8,20.7
2026-09-07T04:50:00+05:30,2026-09-07 04:50:00,27.7,30.6,22.7,0,0,0,148,0,0,0,0,5.3,633.7,74,0,0,27.9,65,29.8,20.7
2026-09-07T04:45:00+05:30,2026-09-07 04:45:00,27.7,30.6,22.7,0,0,0,148,0,0,0,0,5.3,633.7,74,0,0,28,65,30.1,20.8
2026-09-07T04:40:00+05:30,2026-09-07 04:40:00,27.7,30.6,22.7,0,0,0,148,0,0,0,0,5.3,633.7,74,0,0,28,65,30.1,20.8
2026-09-07T04:35:00+05:30,2026-09-07 04:35:00,27.7,30.5,22.4,0,0,0,148,0,0,0,0,5.3,633.7,73,0,0,28,65,30.1,20.8
2026-09-07T04:31:00+05:30,2026-09-07 04:31:00,27.7,30.6,22.7,0,0,0,148,0,0,0,0,5.3,633.7,74,0,0,28,65,30.1,20.8
2026-09-07T04:25:00+05:30,2026-09-07 04:25:00,27.7,30.6,22.7,0,0,0,148,0,0,0,0,5.3,633.7,74,0,0,28,65,30.1,20.8
2026-09-07T04:20:00+05:30,2026-09-07 04:20:00,27.8,30.6,22.5,0,0,0,148,0,0,0,0,5.3,633.7,73,0,0,28,65,30.1,20.8
2026-09-07T04:15:00+05:30,2026-09-07 04:15:00,27.8,30.6,22.5,0,0,0,148,0,0,0,0,5.3,633.7,73,0,0,28.1,65,30.2,20.9
2026-09-07T04:10:00+05:30,2026-09-07 04:10:00,27.8,30.6,22.5,0,0,0,148,0,0,0,0,5.3,633.7,73,0,0,28.1,65,30.2,20.9
2026-09-07T04:05:00+05:30,2026-09-07 04:05:00,27.9,30.8,22.6,0,0,0,148,0,0,0,0,5.3,633.7,73,0,0,28.1,65,30.2,20.9
2026-09-07T04:00:00+05:30,2026-09-07 04:00:00,27.9,30.8,22.6,0,0,0,148,0,0,0,0,5.3,633.7,73,0,0,28.1,65,30.2,20.9
2026-09-07T03:55:00+05:30,2026-09-07 03:55:00,27.9,30.8,22.6,0,0,0,148,0,0,0,0,5.3,633.7,73,0,0,28.1,65,30.2,20.9
2026-09-07T03:50:00+05:30,2026-09-07 03:50:00,28,31.1,22.7,0,0,0,148,0,0,0,0,5.3,633.7,73,0,0,28.1,64,30.1,20.7
2026-09-07T03:45:00+05:30,2026-09-07 03:45:00,28,31.1,22.7,0,0,0,148,0,0,0,0,5.3,633.7,73,0,0,28.2,64,30.3,20.8
2026-09-07T03:40:00+05:30,2026-09-07 03:40:00,28,31.1,22.7,0,0,0,148,0,0,0,0,5.3,633.7,73,0,0,28.1,64,30.1,20.7
2026-09-07T03:35:00+05:30,2026-09-07 03:35:00,28,31.1,22.7,0,0,0,148,0,0,0,0,5.3,633.7,73,0,0,28.2,64,30.3,20.8
2026-09-07T03:30:00+05:30,2026-09-07 03:30:00,28,31.1,22.7,0,0,0,148,0,0,0,0,5.3,633.7,73,0,0,28.2,64,30.3,20.8
2026-09-07T03:25:00+05:30,2026-09-07 03:25:00,28,31.1,22.7,0,0,0,148,0,0,0,0,5.3,633.7,73,0,0,28.2,64,30.3,20.8
2026-09-07T03:20:00+05:30,2026-09-07 03:20:00,28.1,31.3,22.8,0,0,0,148,0,0,0,0,5.3,633.7,73,0,0,28.2,64,30.3,20.8
2026-09-07T03:15:00+05:30,2026-09-07 03:15:00,28,31.1,22.7,0,0,0,148,0,0,0,0,5.3,633.7,73,0,0,28.2,64,30.3,20.8
2026-09-07T03:11:00+05:30,2026-09-07 03:11:00,28,31.1,22.7,0,0,0,148,0,0,0,0,5.3,633.7,73,0,0,28.3,64,30.4,20.8
2026-09-07T03:05:00+05:30,2026-09-07 03:05:00,28,31.1,22.7,0,0,0,148,0,0,0,0,5.3,633.7,73,0,0,28.3,64,30.4,20.8
2026-09-07T03:00:00+05:30,2026-09-07 03:00:00,28,31.1,22.7,0,0,0,148,0,0,0,0,5.3,633.7,73,0,0,28.3,64,30.4,20.8
2026-09-07T02:55:00+05:30,2026-09-07 02:55:00,28.1,31.3,22.8,0,0,0,148,0,0,0,0,5.3,633.7,73,0,0,28.4,64,30.6,20.9
2026-09-07T02:50:00+05:30,2026-09-07 02:50:00,28.1,31.2,22.6,0,0,0,148,0,0,0,0,5.3,633.7,72,0,0,28.4,64,30.6,20.9
2026-09-07T02:45:00+05:30,2026-09-07 02:45:00,28.1,31.2,22.6,0,0,0,148,0,0,0,0,5.3,633.7,72,0,0,28.4,64,30.6,20.9
2026-09-07T02:40:00+05:30,2026-09-07 02:40:00,28.2,31.4,22.7,0,0,0,148,0,0,0,0,5.3,633.7,72,0,0,28.4,63,30.4,20.7
2026-09-07T02:35:00+05:30,2026-09-07 02:35:00,28.2,31.4,22.7,0,0,0,148,0,0,0,0,5.3,633.7,72,0,0,28.4,63,30.4,20.7
2026-09-07T02:30:00+05:30,2026-09-07 02:30:00,28.2,31.4,22.7,0,0,0,148,0,0,0,0,5.3,633.7,72,0,0,28.5,63,30.6,20.8
2026-09-07T02:25:00+05:30,2026-09-07 02:25:00,28.2,31.4,22.7,0,0,0,148,0,0,0,0,5.3,633.7,72,0,0,28.5,63,30.6,20.8
2026-09-07T02:20:00+05:30,2026-09-07 02:20:00,28.2,31.2,22.5,0,0,0,148,0,0,0,0,5.3,633.7,71,0,0,28.5,63,30.6,20.8
2026-09-07T02:15:00+05:30,2026-09-07 02:15:00,28.3,31.4,22.5,0,0,0,148,0,0,0,0,5.3,633.7,71,0,0,28.5,63,30.6,20.8
2026-09-07T02:10:00+05:30,2026-09-07 02:10:00,28.3,31.4,22.5,0,0,0,148,0,0,0,0,5.3,633.7,71,0,0,28.6,63,30.8,20.8
2026-09-07T02:06:00+05:30,2026-09-07 02:06:00,28.3,31.4,22.5,0,0,0,148,0,0,0,0,5.3,633.7,71,0,0,28.6,63,30.8,20.8
2026-09-07T02:00:00+05:30,2026-09-07 02:00:00,28.4,31.6,22.6,0,0,0,148,0,0,0,0,5.3,633.7,71,0,0,28.6,63,30.8,20.8
2026-09-07T01:55:00+05:30,2026-09-07 01:55:00,28.4,31.6,22.6,0,0,0,148,0,0,0,0,5.3,633.7,71,0,0,28.6,63,30.8,20.8
2026-09-07T01:50:00+05:30,2026-09-07 01:50:00,28.4,31.6,22.6,0,0,0,148,0,0,0,0,5.3,633.7,71,0,0,28.6,63,30.8,20.8
2026-09-07T01:45:00+05:30,2026-09-07 01:45:00,28.4,31.6,22.6,0,0,0,148,0,0,0,0,5.3,633.7,71,0,0,28.7,63,31,20.9
2026-09-07T01:40:00+05:30,2026-09-07 01:40:00,28.4,31.6,22.6,0,0,0,148,0,0,0,0,5.3,633.7,71,0,0,28.7,63,31,20.9
2026-09-07T01:35:00+05:30,2026-09-07 01:35:00,28.5,31.8,22.7,0,0,0,148,0,0,0,0,5.3,633.7,71,0,0,28.7,63,31,20.9
2026-09-07T01:30:00+05:30,2026-09-07 01:30:00,28.5,31.8,22.7,0,0,0,148,0,0,0,0,5.3,633.7,71,0,0,28.7,63,31,20.9
2026-09-07T01:25:00+05:30,2026-09-07 01:25:00,28.5,31.8,22.7,0,0,0,148,0,0,0,0,5.3,633.7,71,0,0,28.7,63,31,20.9
2026-09-07T01:20:00+05:30,2026-09-07 01:20:00,28.5,31.8,22.7,0,0,0,148,0,0,0,0,5.3,633.7,71,0,0,28.8,63,31.1,21
2026-09-07T01:15:00+05:30,2026-09-07 01:15:00,28.6,32.1,22.8,0,0,0,148,0,0,0,0,5.3,633.7,71,0,0,28.8,63,31.1,21
2026-09-07T01:10:00+05:30,2026-09-07 01:10:00,28.6,32.1,22.8,0,0,0,147,0,0,0,0,5.3,633.7,71,0,0,28.8,63,31.1,21
2026-09-07T01:05:00+05:30,2026-09-07 01:05:00,28.6,32.1,22.8,0,0,0,147,0,0,0,0,5.3,633.7,71,0,0,28.9,63,31.3,21.1
2026-09-07T01:01:00+05:30,2026-09-07 01:01:00,28.7,32.1,22.7,0,0,0,148,0,0,0,0,5.3,633.7,70,0,0,28.9,62,31.2,20.9
2026-09-07T00:55:00+05:30,2026-09-07 00:55:00,28.7,32.1,22.7,0,0,0,148,0,0,0,0,5.3,633.7,70,0,0,28.9,62,31.2,20.9
2026-09-07T00:50:00+05:30,2026-09-07 00:50:00,28.8,32.1,22.5,0,0,0,148,0,0,0,0,5.3,633.7,69,0,0,29,62,31.3,20.9
2026-09-07T00:45:00+05:30,2026-09-07 00:45:00,28.9,32.3,22.6,0,0,0,148,0,0,0,0,5.3,633.7,69,0,0,29,62,31.3,20.9
2026-09-07T00:40:00+05:30,2026-09-07 00:40:00,28.9,32.5,22.9,0,0,0,148,0,0,0,0,5.3,633.7,70,0,0,29.1,62,31.6,21.1
2026-09-07T00:35:00+05:30,2026-09-07 00:35:00,28.9,32.5,22.9,0,0,0,148,0,0,0,0,5.3,633.7,70,0,0,29.1,62,31.6,21.1
2026-09-07T00:30:00+05:30,2026-09-07 00:30:00,28.9,32.5,22.9,0,0,0,148,0,0,0,0,5.3,633.7,70,0,0,29.1,62,31.6,21.1
2026-09-07T00:25:00+05:30,2026-09-07 00:25:00,28.9,32.5,22.9,0,0,0,148,0,0,0,0,5.3,633.7,70,0,0,29.1,62,31.6,21.1
2026-09-07T00:20:00+05:30,2026-09-07 00:20:00,28.9,32.7,23.1,0,0,0,148,0,0,0,0,5.3,633.7,71,0,0,29.2,63,31.9,21.4
2026-09-07T00:15:00+05:30,2026-09-07 00:15:00,28.9,32.5,22.9,0,0,0,148,0,0,0,0,5.3,633.7,70,0,0,29.2,63,31.9,21.4
2026-09-07T00:10:00+05:30,2026-09-07 00:10:00,28.9,32.5,22.9,0,0,0,148,0,0,0,0,5.3,633.7,70,0,0,29.2,63,31.9,21.4
2026-09-07T00:05:00+05:30,2026-09-07 00:05:00,29,32.9,23.2,0,0,0,148,0,0,0,0,5.3,633.7,71,0,0,29.3,63,32,21.5
2026-09-07T00:00:00+05:30,2026-09-07 00:00:00,29,32.9,23.2,0,0,0,148,0,0,0,0,5.3,633.7,71,0,0,29.3,63,32,21.5
2026-09-06T23:55:00+05:30,2026-09-06 23:55:00,29,32.9,23.2,0,0,0,148,0,0,0,0,5.3,633.7,71,0,0,29.3,63,32,21.5
2026-09-06T23:50:00+05:30,2026-09-06 23:50:00,29.1,33.2,23.3,0,0,0,148,0,0,0,0,5.3,633.7,71,0,0,29.3,63,32,21.5
2026-09-06T23:45:00+05:30,2026-09-06 23:45:00,29.1,33.2,23.3,0,0,0,148,0,0,0,0,5.3,633.7,71,0,0,29.4,63,32.2,21.6
2026-09-06T23:40:00+05:30,2026-09-06 23:40:00,29.2,33.4,23.4,0,0,0,148,0,0,0,0,5.3,633.7,71,0,0,29.4,63,32.2,21.6
2026-09-06T23:35:00+05:30,2026-09-06 23:35:00,29.2,33.4,23.4,0,0,0,148,0,0,0,0,5.3,633.7,71,0,0,29.4,63,32.2,21.6
2026-09-06T23:30:00+05:30,2026-09-06 23:30:00,29.2,33.4,23.4,0,0,0,148,0,0,0,0,5.3,633.7,71,0,0,29.4,63,32.2,21.6
2026-09-06T23:25:00+05:30,2026-09-06 23:25:00,29.3,33.8,23.7,0,0,0,148,0,0,0,0,5.3,633.7,72,0,0,29.5,63,32.4,21.7
2026-09-06T23:20:00+05:30,2026-09-06 23:20:00,29.3,33.8,23.7,0,0,0,148,0,0,0,0,5.3,633.7,72,0,0,29.5,63,32.4,21.7
2026-09-06T23:15:00+05:30,2026-09-06 23:15:00,29.3,33.8,23.7,0,0,0,148,0,0,0,0,5.3,633.7,72,0,0,29.6,63,32.7,21.8
2026-09-06T23:10:00+05:30,2026-09-06 23:10:00,29.3,33.8,23.7,0,0,0,147,0,0,0,0,5.3,633.7,72,0,0,29.6,64,32.9,22.1
2026-09-06T23:05:00+05:30,2026-09-06 23:05:00,29.4,34,23.8,0,0,0,147,0,0,0,0,5.3,633.7,72,0,0,29.6,64,32.9,22.1
2026-09-06T23:00:00+05:30,2026-09-06 23:00:00,29.4,34,23.8,0,0,0,147,0,0,0,0,5.3,633.7,72,0,0,29.7,63,32.9,21.9
2026-09-06T22:55:00+05:30,2026-09-06 22:55:00,29.4,34,23.8,0,0,0,147,0,0,0,0,5.3,633.7,72,0,0,29.7,64,33.1,22.2
2026-09-06T22:50:00+05:30,2026-09-06 22:50:00,29.4,34,23.8,0,0,0,147,0,0,0,0,5.3,633.7,72,0,0,29.7,63,32.9,21.9
2026-09-06T22:45:00+05:30,2026-09-06 22:45:00,29.5,34.3,23.9,0,0,0,147,0,0,0,0,5.3,633.7,72,0,0,29.8,63,33,21.9
2026-09-06T22:40:00+05:30,2026-09-06 22:40:00,29.5,34.3,23.9,0,0,0,147,0,0,0,0,5.3,633.7,72,0,0,29.8,63,33,21.9
2026-09-06T22:36:00+05:30,2026-09-06 22:36:00,29.5,34.3,23.9,0,0,0,147,0,0,0,0,5.3,633.7,72,0,0,29.8,63,33,21.9
2026-09-06T22:30:00+05:30,2026-09-06 22:30:00,29.6,34.6,24,0,0,0,147,0,0,0,0,5.3,633.7,72,0,0,29.9,63,33.2,22.1
2026-09-06T22:25:00+05:30,2026-09-06 22:25:00,29.6,34.6,24,0,0,0,147,0,0,0,0,5.3,633.7,72,0,0,29.9,63,33.2,22.1
2026-09-06T22:20:00+05:30,2026-09-06 22:20:00,29.6,34.6,24,0,0,0,147,0,0,0,0,5.3,633.7,72,0,0,29.9,63,33.2,22.1
2026-09-06T22:15:00+05:30,2026-09-06 22:15:00,29.7,34.8,24.1,0,0,0,147,0,0,0,0,5.3,633.7,72,0,0,29.9,63,33.2,22.1
2026-09-06T22:10:00+05:30,2026-09-06 22:10:00,29.7,34.8,24.1,0,0,0,147,0,0,0,0,5.3,633.7,72,0,0,30,63,33.4,22.2
2026-09-06T22:05:00+05:30,2026-09-06 22:05:00,29.7,34.8,24.1,0,0,0,147,0,0,0,0,5.3,633.7,72,0,0,30,63,33.4,22.2
2026-09-06T22:00:00+05:30,2026-09-06 22:00:00,29.8,35,24.2,0,0,0,147,0,0,0,0,5.3,633.7,72,0,0,30,63,33.4,22.2
2026-09-06T21:55:00+05:30,2026-09-06 21:55:00,29.8,35,24.2,0,0,0,147,0,0,0,0,5.3,633.7,72,0,0,30.1,63,33.7,22.3
2026-09-06T21:50:00+05:30,2026-09-06 21:50:00,29.8,34.7,23.9,0,0,0,147,0,0,0,0,5.3,633.7,71,0,0,30.1,63,33.7,22.3
2026-09-06T21:45:00+05:30,2026-09-06 21:45:00,29.9,35,24,0,0,0,147,0,0,0,0,5.3,633.7,71,0,0,30.1,63,33.7,22.3
2026-09-06T21:40:00+05:30,2026-09-06 21:40:00,29.9,35,24,0,0,0,147,0,0,0,0,5.3,633.7,71,0,0,30.1,62,33.4,22
2026-09-06T21:35:00+05:30,2026-09-06 21:35:00,30,35.3,24.2,0,0,0,147,0,0,0,0,5.3,633.7,71,0,0,30.2,62,33.7,22.1
2026-09-06T21:30:00+05:30,2026-09-06 21:30:00,30,35.3,24.2,0,0,0,147,0,0,0,0,5.3,633.7,71,0,0,30.2,62,33.7,22.1
2026-09-06T21:25:00+05:30,2026-09-06 21:25:00,30,35.3,24.2,0,0,0,147,0,0,0,0,5.3,633.7,71,0,0,30.2,62,33.7,22.1
2026-09-06T21:20:00+05:30,2026-09-06 21:20:00,30.1,35.6,24.3,0,0,0,147,0,0,0,0,5.3,633.7,71,0,0,30.3,62,33.8,22.2
2026-09-06T21:15:00+05:30,2026-09-06 21:15:00,30.1,35.6,24.3,0,0,0,148,0,0,0,0,5.3,633.7,71,0,0,30.3,62,33.8,22.2
2026-09-06T21:10:00+05:30,2026-09-06 21:10:00,30.1,35.6,24.3,0,0,0,148,0,0,0,0,5.3,633.7,71,0,0,30.4,62,34.1,22.3
2026-09-06T21:05:00+05:30,2026-09-06 21:05:00,30.1,35.6,24.3,0,0,0,148,0,0,0,0,5.3,633.7,71,0,0,30.4,62,34.1,22.3
2026-09-06T21:00:00+05:30,2026-09-06 21:00:00,30.2,35.8,24.4,0,0,0,148,0,0,0,0,5.3,633.7,71,0,0,30.4,62,34.1,22.3
2026-09-06T20:55:00+05:30,2026-09-06 20:55:00,30.2,35.8,24.4,0,0,0,148,0,0,0,0,5.3,633.7,71,0,0,30.4,62,34.1,22.3
2026-09-06T20:50:00+05:30,2026-09-06 20:50:00,30.2,35.8,24.4,0,0,0,148,0,0,0,0,5.3,633.7,71,0,0,30.5,62,34.3,22.4
2026-09-06T20:45:00+05:30,2026-09-06 20:45:00,30.3,36,24.4,0,0,0,148,0,0,0,0,5.3,633.7,71,0,0,30.5,62,34.3,22.4
2026-09-06T20:40:00+05:30,2026-09-06 20:40:00,30.3,36,24.4,0,0,0,148,0,0,0,0,5.3,633.7,71,0,0,30.6,62,34.5,22.5
2026-09-06T20:35:00+05:30,2026-09-06 20:35:00,30.4,36.3,24.5,0,0,0,148,0,0,0,0,5.3,633.7,71,0,0,30.6,62,34.5,22.5
2026-09-06T20:30:00+05:30,2026-09-06 20:30:00,30.4,36.3,24.5,0,0,0,148,0,0,0,0,5.3,633.7,71,0,0,30.6,62,34.5,22.5
2026-09-06T20:25:00+05:30,2026-09-06 20:25:00,30.4,36.3,24.5,0,0,0,148,0,0,0,0,5.3,633.7,71,0,0,30.6,62,34.5,22.5
2026-09-06T20:20:00+05:30,2026-09-06 20:20:00,30.5,36.6,24.6,0,0,0,148,0,0,0,0,5.3,633.7,71,0,0,30.7,62,34.7,22.6
2026-09-06T20:15:00+05:30,2026-09-06 20:15:00,30.5,36.6,24.6,0,0,0,148,0,0,0,0,5.3,633.7,71,0,0,30.7,62,34.7,22.6
2026-09-06T20:11:00+05:30,2026-09-06 20:11:00,30.5,36.6,24.6,0,0,0,148,0,0,0,0,5.3,633.7,71,0,0,30.8,62,34.9,22.6
2026-09-06T20:05:00+05:30,2026-09-06 20:05:00,30.6,36.9,24.7,0,0,0,148,0,0,0,0,5.3,633.7,71,0,0,30.8,62,34.9,22.6
2026-09-06T20:00:00+05:30,2026-09-06 20:00:00,30.6,36.6,24.5,0,0,0,148,0,0,0,0,5.3,633.7,70,0,0,30.8,62,34.9,22.6
2026-09-06T19:55:00+05:30,2026-09-06 19:55:00,30.6,36.6,24.5,0,0,0,148,0,0,0,0,5.3,633.7,70,0,0,30.8,62,34.9,22.6
2026-09-06T19:50:00+05:30,2026-09-06 19:50:00,30.7,36.9,24.6,0,0,0,148,0,0,0,0,5.3,633.7,70,0,0,30.9,62,35.1,22.7
2026-09-06T19:45:00+05:30,2026-09-06 19:45:00,30.7,36.9,24.6,0,0,0,148,0,0,0,0,5.3,633.7,70,0,0,30.9,62,35.1,22.7
2026-09-06T19:40:00+05:30,2026-09-06 19:40:00,30.8,37,24.7,0,0,0,148,0,0,0,0,5.3,633.7,70,0,0,30.9,62,35.1,22.7
2026-09-06T19:35:00+05:30,2026-09-06 19:35:00,30.8,37,24.7,0,0,0,148,0,0,0,0,5.3,633.7,70,0,0,31,61,35.1,22.6
2026-09-06T19:30:00+05:30,2026-09-06 19:30:00,30.9,37.3,24.8,0,0,0,148,0,0,0,0,5.3,633.7,70,0,0,31,61,35.1,22.6
2026-09-06T19:25:00+05:30,2026-09-06 19:25:00,30.9,37.3,24.8,0,0,0,148,0,0,0,0,5.3,633.7,70,0,0,31,61,35.1,22.6
2026-09-06T19:20:00+05:30,2026-09-06 19:20:00,31,37.3,24.6,0,0,0,148,0,0,0,0,5.3,633.7,69,0,0,31,61,35.1,22.6
2026-09-06T19:15:00+05:30,2026-09-06 19:15:00,31,37.3,24.6,0,0,0,148,0,0,0,0,5.3,633.7,69,0,0,31.1,61,35.3,22.7
2026-09-06T19:10:00+05:30,2026-09-06 19:10:00,31.1,37.6,24.7,0,0,0,148,0,0,0,0,5.3,633.7,69,0,0,31.1,61,35.3,22.7
2026-09-06T19:06:00+05:30,2026-09-06 19:06:00,31.1,37.6,24.7,0,0,0,148,0,0,0,0,5.3,633.7,69,0,0,31.2,61,35.6,22.8
2026-09-06T19:00:00+05:30,2026-09-06 19:00:00,31.1,37.6,24.7,0,0,0,148,0,0,0,0,5.3,633.7,69,0,0,31.2,61,35.6,22.8
2026-09-06T18:55:00+05:30,2026-09-06 18:55:00,31.2,37.9,24.8,0,0,0,148,0,0,0,0,5.3,633.7,69,0,0,31.2,60,35.3,22.5
2026-09-06T18:50:00+05:30,2026-09-06 18:50:00,31.3,37.7,24.6,0,0,0,148,0,0,0,0,5.3,633.7,68,0,0,31.3,60,35.4,22.6
2026-09-06T18:45:00+05:30,2026-09-06 18:45:00,31.3,37.7,24.6,0,0,0,148,0,0,0,0,5.3,633.7,68,0,0,31.4,60,35.7,22.7
2026-09-06T18:40:00+05:30,2026-09-06 18:40:00,31.4,38,24.8,0,0,0,148,0,0,0,0,5.3,633.7,68,0,0,31.4,60,35.7,22.7
2026-09-06T18:35:00+05:30,2026-09-06 18:35:00,31.4,37.7,24.5,0,0,0,148,0,0,0,0,5.3,633.7,67,0,0,31.4,60,35.7,22.7
2026-09-06T18:30:00+05:30,2026-09-06 18:30:00,31.4,37.7,24.5,0,0,0,148,0,0,0,0,5.3,633.7,67,0,0,31.5,60,35.9,22.8
2026-09-06T18:25:00+05:30,2026-09-06 18:25:00,31.5,38,24.6,0,0,0,148,0,0,0,0,5.3,633.7,67,0,0,31.5,59,35.7,22.5
2026-09-06T18:20:00+05:30,2026-09-06 18:20:00,31.5,38,24.6,0,0,0,148,0,0,0,0,5.3,633.7,67,0,0,31.6,59,35.9,22.6
2026-09-06T18:15:00+05:30,2026-09-06 18:15:00,31.5,37.7,24.4,0,0,0,148,0,0,0,0,5.3,633.7,66,0,0,31.6,59,35.9,22.6
2026-09-06T18:10:00+05:30,2026-09-06 18:10:00,31.6,38,24.5,0,0,0,148,0,0,0,0,5.3,633.7,66,0,0,31.6,59,35.9,22.6
2026-09-06T18:05:00+05:30,2026-09-06 18:05:00,31.6,38,24.5,0,0,0,148,0,0,0,0,5.3,633.7,66,0,0,31.6,59,35.9,22.6
2026-09-06T18:01:00+05:30,2026-09-06 18:01:00,31.6,37.7,24.2,0,0,0,148,0,0,0,0,5.3,633.7,65,0,0,31.6,58,35.6,22.3
2026-09-06T17:55:00+05:30,2026-09-06 17:55:00,31.7,37.9,24.3,0,0,0,148,0,0,0,0,5.3,633.7,65,0,0,31.7,58,35.9,22.4
2026-09-06T17:50:00+05:30,2026-09-06 17:50:00,31.7,37.9,24.3,0,0,0,148,0,0,0,0,5.3,633.7,65,0,0,31.7,58,35.9,22.4
2026-09-06T17:45:00+05:30,2026-09-06 17:45:00,31.7,37.6,24.1,0,0,0,148,0,0,0,0,5.3,633.7,64,0,0,31.7,58,35.9,22.4
2026-09-06T17:40:00+05:30,2026-09-06 17:40:00,31.8,37.8,24.1,0,0,0,148,0,0,0,0,5.3,633.7,64,0,0,31.7,58,35.9,22.4
2026-09-06T17:35:00+05:30,2026-09-06 17:35:00,31.8,37.8,24.1,0,0,0,148,0,0,0,0,5.3,633.7,64,0,0,31.8,58,36,22.5
2026-09-06T17:30:00+05:30,2026-09-06 17:30:00,31.9,38,24.2,0,0,0,148,0,0,0,0,5.3,633.7,64,0,0,31.8,58,36,22.5
2026-09-06T17:25:00+05:30,2026-09-06 17:25:00,31.9,37.7,23.9,0,0,0,148,0,0,0,0,5.3,633.7,63,0,0,31.8,57,35.7,22.2
2026-09-06T17:20:00+05:30,2026-09-06 17:20:00,32,38,24.1,0,0,0,148,0,0,0,0,5.3,633.7,63,0,0,31.9,57,35.9,22.3
2026-09-06T17:15:00+05:30,2026-09-06 17:15:00,32,38,24.1,0,0,0,148,0,0,0,0,5.3,633.7,63,0,0,31.9,57,35.9,22.3
2026-09-06T17:10:00+05:30,2026-09-06 17:10:00,32,37.7,23.8,0,0,0,148,0,0,0,0,5.3,633.7,62,0,0,31.9,57,35.9,22.3
2026-09-06T17:05:00+05:30,2026-09-06 17:05:00,32.1,38,23.9,0,0,0,148,0,0,0,0,5.3,633.7,62,0,0,31.9,57,35.9,22.3
2026-09-06T17:00:00+05:30,2026-09-06 17:00:00,32.1,38,23.9,0,0,0,148,0,0,0,0,5.3,633.7,62,0,0,32,57,36.2,22.4
2026-09-06T16:55:00+05:30,2026-09-06 16:55:00,32.1,37.6,23.6,0,0,0,148,0,0,0,0,5.3,633.7,61,0,0,32,57,36.2,22.4
2026-09-06T16:50:00+05:30,2026-09-06 16:50:00,32.2,37.9,23.7,0,0,0,148,0,0,0,0,5.3,633.7,61,0,0,32,56,35.9,22.1
2026-09-06T16:45:00+05:30,2026-09-06 16:45:00,32.3,38.1,23.8,0,0,0,148,0,0,0,0,5.3,633.7,61,0,0,32.1,56,36.2,22.2
2026-09-06T16:41:00+05:30,2026-09-06 16:41:00,32.3,38.1,23.8,0,0,0,148,0,0,0,0,5.3,633.7,61,0,0,32.2,56,36.4,22.3
2026-09-06T16:35:00+05:30,2026-09-06 16:35:00,32.4,38.7,24.2,0,0,0,148,0,0,0,0,5.3,633.7,62,0,0,32.2,57,36.7,22.6
2026-09-06T16:30:00+05:30,2026-09-06 16:30:00,32.5,38.9,24.3,0,0,0,148,0,0,0,0,5.3,633.7,62,0,0,32.3,57,36.8,22.7
2026-09-06T16:25:00+05:30,2026-09-06 16:25:00,32.6,39.2,24.4,0,0,0,148,0,0,0,0,5.3,633.7,62,0,0,32.4,57,37.1,22.8
2026-09-06T16:20:00+05:30,2026-09-06 16:20:00,32.6,39.2,24.4,0,0,0,148,0,0,0,0,5.3,633.7,62,0,0,32.5,57,37.3,22.8
2026-09-06T16:15:00+05:30,2026-09-06 16:15:00,32.7,39.2,24.2,0,0,0,148,0,0,0,0,5.3,633.7,61,0,0,32.6,56,37.3,22.7
2026-09-06T16:10:00+05:30,2026-09-06 16:10:00,32.7,39.2,24.2,0,0,0,148,0,0,0,0,5.3,633.7,61,0,0,32.6,56,37.3,22.7
2026-09-06T16:05:00+05:30,2026-09-06 16:05:00,32.7,39.2,24.2,0,0,0,148,0,0,0,0,5.3,633.7,61,0,0,32.6,56,37.3,22.7
2026-09-06T16:00:00+05:30,2026-09-06 16:00:00,32.7,38.8,23.9,0,0,0,148,0,0,0,0,5.3,633.7,60,0,0.1,32.6,56,37.3,22.7
2026-09-06T15:55:00+05:30,2026-09-06 15:55:00,32.7,38.8,23.9,0,0,0,148,0,0,0,0,5.3,633.7,60,0,0.1,32.6,56,37.3,22.7
2026-09-06T15:50:00+05:30,2026-09-06 15:50:00,32.7,38.8,23.9,0,0,0,148,0,0,0,0,5.3,633.7,60,0,0.1,32.6,55,36.9,22.4
2026-09-06T15:45:00+05:30,2026-09-06 15:45:00,32.7,38.8,23.9,0,0,0,148,0,0,0,0,5.3,633.7,60,0,0.1,32.7,56,37.5,22.8
2026-09-06T15:40:00+05:30,2026-09-06 15:40:00,32.7,38.8,23.9,0,0,0,148,0,0,0,0,5.3,633.7,60,0,0.1,32.7,56,37.5,22.8
2026-09-06T15:36:00+05:30,2026-09-06 15:36:00,32.6,38.2,23.5,0,0,0,148,0,0,0,0,5.3,633.7,59,0,0.1,32.7,56,37.5,22.8
2026-09-06T15:30:00+05:30,2026-09-06 15:30:00,32.6,38.5,23.8,0,0,0,148,0,0,0,0,5.3,633.7,60,0,0.2,32.7,56,37.5,22.8
2026-09-06T15:25:00+05:30,2026-09-06 15:25:00,32.6,38.9,24.1,0,0,0,148,0,0,0,0,5.3,633.7,61,0,0.2,32.6,56,37.3,22.7
2026-09-06T15:20:00+05:30,2026-09-06 15:20:00,32.5,38.3,23.7,0,0,0,148,0,0,0,0,5.3,633.7,60,0,0.3,32.6,56,37.3,22.7
2026-09-06T15:15:00+05:30,2026-09-06 15:15:00,32.4,38.3,23.9,0,0,0,148,0,0,0,0,5.3,633.7,61,0,0.5,32.5,56,37,22.6
2026-09-06T15:10:00+05:30,2026-09-06 15:10:00,32.4,38.7,24.2,0,0,0,148,0,0,0,0,5.3,633.7,62,0,0.2,32.5,57,37.3,22.8
2026-09-06T15:05:00+05:30,2026-09-06 15:05:00,32.3,38.7,24.3,0,0,0,148,0,0,0,0,5.3,633.7,63,0,0.4,32.5,57,37.3,22.8
2026-09-06T15:00:00+05:30,2026-09-06 15:00:00,32.3,38.7,24.3,0,0,0,148,0,0,0,0,5.3,633.7,63,0,0.4,32.5,57,37.3,22.8
2026-09-06T14:55:00+05:30,2026-09-06 14:55:00,32.2,38.6,24.3,0,0,0,148,0,0,0,0,5.3,633.7,63,0,0.4,32.4,57,37.1,22.8
2026-09-06T14:50:00+05:30,2026-09-06 14:50:00,32.1,38.3,24.2,0,0,0,148,0,0,0,0,5.3,633.7,63,0,0.4,32.4,57,37.1,22.8
2026-09-06T14:45:00+05:30,2026-09-06 14:45:00,32.1,38.3,24.2,0,0,0,148,0,0,0,0,5.3,633.7,63,0,0.3,32.4,57,37.1,22.8
2026-09-06T14:40:00+05:30,2026-09-06 14:40:00,32,37.7,23.8,0,0,0,148,0,0,0,0,5.3,633.7,62,0,0.3,32.3,58,37.1,22.9
2026-09-06T14:35:00+05:30,2026-09-06 14:35:00,32,38.3,24.3,0,0,0,148,0,0,0,0,5.3,633.7,64,0,0.3,32.3,58,37.1,22.9
2026-09-06T14:31:00+05:30,2026-09-06 14:31:00,31.9,38,24.2,0,0,0,148,0,0,0,0,5.3,633.7,64,0,0.2,32.2,58,37,22.9
2026-09-06T14:25:00+05:30,2026-09-06 14:25:00,31.9,38,24.2,0,0,0,148,0,0,0,0,5.3,633.7,64,0,0.2,32.2,58,37,22.9
2026-09-06T14:20:00+05:30,2026-09-06 14:20:00,31.8,38.1,24.4,0,0,0,148,0,0,0,0,5.3,633.7,65,0,0.2,32.2,58,37,22.9
2026-09-06T14:15:00+05:30,2026-09-06 14:15:00,31.8,38.1,24.4,0,0,0,148,0,0,0,0,5.3,633.7,65,0,0.1,32.1,59,37.1,23.1
2026-09-06T14:10:00+05:30,2026-09-06 14:10:00,31.7,37.9,24.3,0,0,0,148,0,0,0,0,5.3,633.7,65,0,0.1,32.1,59,37.1,23.1
2026-09-06T14:05:00+05:30,2026-09-06 14:05:00,31.7,38.3,24.6,0,0,0,148,0,0,0,0,5.3,633.7,66,0,0.1,32,59,36.8,22.9
2026-09-06T14:00:00+05:30,2026-09-06 14:00:00,31.6,38,24.5,0,0,0,148,0,0,0,0,5.3,633.7,66,0,0.1,32,60,37.1,23.2
2026-09-06T13:55:00+05:30,2026-09-06 13:55:00,31.6,38.3,24.7,0,0,0,148,0,0,0,0,5.3,633.7,67,0,0.2,31.9,60,36.8,23.1
2026-09-06T13:50:00+05:30,2026-09-06 13:50:00,31.5,38,24.6,0,0,0,148,0,0,0,0,5.3,633.7,67,0,0.1,31.9,60,36.8,23.1
2026-09-06T13:45:00+05:30,2026-09-06 13:45:00,31.4,37.7,24.5,0,0,0,148,0,0,0,0,5.3,633.7,67,0,0.2,31.9,60,36.8,23.1
2026-09-06T13:40:00+05:30,2026-09-06 13:40:00,31.4,37.7,24.5,0,0,0,148,0,0,0,0,5.3,633.7,67,0,0.1,31.8,61,36.8,23.3
2026-09-06T13:35:00+05:30,2026-09-06 13:35:00,31.3,37.4,24.4,0,0,0,148,0,0,0,0,5.3,633.7,67,0,0.2,31.7,61,36.7,23.3
2026-09-06T13:30:00+05:30,2026-09-06 13:30:00,31.2,37.3,24.3,0,0,0,148,0,0,0,0,5.3,633.7,67,0,0.1,31.7,61,36.7,23.3
2026-09-06T13:25:00+05:30,2026-09-06 13:25:00,31.2,37.3,24.3,0,0,0,148,0,0,0,0,5.3,633.7,67,0,0.1,31.6,61,36.4,23.2
2026-09-06T13:20:00+05:30,2026-09-06 13:20:00,31.1,37,24.2,0,0,0,148,0,0,0,0,5.3,633.7,67,0,0.1,31.6,61,36.4,23.2
2026-09-06T13:15:00+05:30,2026-09-06 13:15:00,31.1,37,24.2,0,0,0,148,0,0,0,0,5.3,633.7,67,0,0.2,31.5,60,35.9,22.8
2026-09-06T13:10:00+05:30,2026-09-06 13:10:00,31,36.7,24.1,0,0,0,148,0,0,0,0,5.3,633.7,67,0,0.2,31.4,60,35.7,22.7
2026-09-06T13:05:00+05:30,2026-09-06 13:05:00,30.9,36.4,24,0,0,0,148,0,0,0,0,5.3,633.7,67,0,0.2,31.4,60,35.7,22.7
2026-09-06T13:00:00+05:30,2026-09-06 13:00:00,30.8,36.4,24.2,0,0,0,148,0,0,0,0,5.3,633.7,68,0,0.1,31.3,60,35.4,22.6
2026-09-06T12:55:00+05:30,2026-09-06 12:55:00,30.8,36.4,24.2,0,0,0,148,0,0,0,0,5.3,633.7,68,0,0.2,31.2,60,35.3,22.5
2026-09-06T12:50:00+05:30,2026-09-06 12:50:00,30.7,36.3,24.1,0,0,0,148,0,0,0,0,5.3,633.7,68,0,0.2,31.2,61,35.6,22.8
2026-09-06T12:45:00+05:30,2026-09-06 12:45:00,30.6,36,24,0,0,0,148,0,0,0,0,5.3,633.7,68,0,0.2,31.1,61,35.3,22.7
2026-09-06T12:40:00+05:30,2026-09-06 12:40:00,30.6,36,24,0,0,0,148,0,0,0,0,5.3,633.7,68,0,0.2,31,61,35.1,22.6
2026-09-06T12:35:00+05:30,2026-09-06 12:35:00,30.5,35.8,23.9,0,0,0,148,0,0,0,0,5.3,633.7,68,0,0.1,31,61,35.1,22.6
2026-09-06T12:30:00+05:30,2026-09-06 12:30:00,30.5,36,24.2,0,0,0,148,0,0,0,0,5.3,633.7,69,0,0.1,30.9,62,35.1,22.7
2026-09-06T12:25:00+05:30,2026-09-06 12:25:00,30.4,35.7,24,0,0,0,148,0,0,0,0,5.3,633.7,69,0,0.1,30.8,62,34.9,22.6
2026-09-06T12:21:00+05:30,2026-09-06 12:21:00,30.4,35.7,24,0,0,0,148,0,0,0,0,5.3,633.7,69,0,0.2,30.7,62,34.7,22.6
2026-09-06T12:15:00+05:30,2026-09-06 12:15:00,30.3,35.5,23.9,0,0,0,148,0,0,0,0,5.3,633.7,69,0,0.1,30.7,62,34.7,22.6
2026-09-06T12:10:00+05:30,2026-09-06 12:10:00,30.2,35.3,23.9,0,0,0,148,0,0,0,0,5.3,633.7,69,0,0.1,30.6,62,34.5,22.5
2026-09-06T12:05:00+05:30,2026-09-06 12:05:00,30.2,35.3,23.9,0,0,0,148,0,0,0,0,5.3,633.7,69,0,0.1,30.5,62,34.3,22.4
2026-09-06T12:00:00+05:30,2026-09-06 12:00:00,30.1,35.3,24,0,0,0,148,0,0,0,0,5.3,633.7,70,0,0.1,30.5,63,34.5,22.7
2026-09-06T11:55:00+05:30,2026-09-06 11:55:00,30,35,23.9,0,0,0,148,0,0,0,0,5.3,633.7,70,0,0.1,30.4,63,34.3,22.6
2026-09-06T11:50:00+05:30,2026-09-06 11:50:00,30,35,23.9,0,0,0,148,0,0,0,0,5.3,633.7,70,0,0.1,30.3,63,34.1,22.4
2026-09-06T11:45:00+05:30,2026-09-06 11:45:00,29.9,34.5,23.6,0,0,0,148,0,0,0,0,5.3,633.7,69,0,0.1,30.2,63,33.9,22.4
2026-09-06T11:40:00+05:30,2026-09-06 11:40:00,29.9,34.8,23.8,0,0,0,148,0,0,0,0,5.3,633.7,70,0,0.1,30.2,63,33.9,22.4
2026-09-06T11:35:00+05:30,2026-09-06 11:35:00,29.8,34.5,23.7,0,0,0,148,0,0,0,0,5.3,633.7,70,0,0.1,30.1,63,33.7,22.3
2026-09-06T11:30:00+05:30,2026-09-06 11:30:00,29.8,34.5,23.7,0,0,0,148,0,0,0,0,5.3,633.7,70,0,0.1,30,63,33.4,22.2
2026-09-06T11:25:00+05:30,2026-09-06 11:25:00,29.7,34.4,23.6,0,0,0,148,0,0,0,0,5.3,633.7,70,0,0.1,30,64,33.7,22.4
2026-09-06T11:20:00+05:30,2026-09-06 11:20:00,29.6,34.1,23.5,0,0,0,148,0,0,0,0,5.3,633.7,70,0,0.2,29.9,64,33.4,22.3
2026-09-06T11:15:00+05:30,2026-09-06 11:15:00,29.5,33.9,23.4,0,0,0,148,0,0,0,0,5.3,633.7,70,0,0.1,29.8,64,33.2,22.2
2026-09-06T11:10:00+05:30,2026-09-06 11:10:00,29.5,34.1,23.7,0,0,0,148,0,0,0,0,5.3,633.7,71,0,0.1,29.7,64,33.1,22.2
2026-09-06T11:05:00+05:30,2026-09-06 11:05:00,29.4,33.8,23.6,0,0,0,148,0,0,0,0,5.3,633.7,71,0,0.1,29.7,64,33.1,22.2
2026-09-06T11:01:00+05:30,2026-09-06 11:01:00,29.3,33.5,23.5,0,0,0,148,0,0,0,0,5.3,633.7,71,0,0.1,29.6,64,32.9,22.1
2026-09-06T10:55:00+05:30,2026-09-06 10:55:00,29.3,33.5,23.5,0,0,0,148,0,0,0,0,5.3,633.7,71,0,0.1,29.5,64,32.7,21.9
2026-09-06T10:50:00+05:30,2026-09-06 10:50:00,29.2,33.4,23.4,0,0,0,148,0,0,0,0,5.3,633.7,71,0,0.1,29.4,64,32.4,21.8
2026-09-06T10:45:00+05:30,2026-09-06 10:45:00,29.2,33.6,23.6,0,0,0,148,0,0,0,0,5.3,633.7,72,0,0.1,29.4,65,32.6,22.1
2026-09-06T10:40:00+05:30,2026-09-06 10:40:00,29.1,33.4,23.5,0,0,0,148,0,0,0,0,5.3,633.7,72,0,0.1,29.3,65,32.4,22
2026-09-06T10:35:00+05:30,2026-09-06 10:35:00,29.1,33.4,23.5,0,0,0,148,0,0,0,0,5.3,633.7,72,0,0.1,29.3,65,32.4,22
2026-09-06T10:30:00+05:30,2026-09-06 10:30:00,29,33.1,23.4,0,0,0,148,0,0,0,0,5.3,633.7,72,0,0.1,29.2,65,32.3,21.9
2026-09-06T10:25:00+05:30,2026-09-06 10:25:00,29,33.1,23.4,0,0,0,148,0,0,0,0,5.3,633.7,72,0,0.1,29.1,65,32.1,21.8
2026-09-06T10:20:00+05:30,2026-09-06 10:20:00,28.9,33,23.5,0,0,0,148,0,0,0,0,5.3,633.7,73,0,0.1,29.1,65,32.1,21.8
2026-09-06T10:15:00+05:30,2026-09-06 10:15:00,28.8,32.6,23.2,0,0,0,148,0,0,0,0,5.3,633.7,72,0,0.1,29,66,32,22
2026-09-06T10:10:00+05:30,2026-09-06 10:10:00,28.8,32.8,23.4,0,0,0,148,0,0,0,0,5.3,633.7,73,0,0.1,29,66,32,22
2026-09-06T10:05:00+05:30,2026-09-06 10:05:00,28.7,32.8,23.6,0,0,0,148,0,0,0,0,5.3,633.7,74,0,0.1,28.9,66,31.8,21.9
2026-09-06T10:00:00+05:30,2026-09-06 10:00:00,28.7,32.8,23.6,0,0,0,148,0,0,0,0,5.3,633.7,74,0,0.1,28.8,66,31.6,21.8
2026-09-06T09:56:00+05:30,2026-09-06 09:56:00,28.6,32.6,23.5,0,0,0,148,0,0,0,0,5.3,633.7,74,0,0.1,28.8,66,31.6,21.8
2026-09-06T09:50:00+05:30,2026-09-06 09:50:00,28.6,32.6,23.5,0,0,0,148,0,0,0,0,5.3,633.7,74,0,0.1,28.8,66,31.6,21.8
2026-09-06T09:45:00+05:30,2026-09-06 09:45:00,28.5,32.5,23.6,0,0,0,148,0,0,0,0,5.3,633.7,75,0,0.1,28.7,67,31.6,22
2026-09-06T09:40:00+05:30,2026-09-06 09:40:00,28.5,32.5,23.6,0,0,0,148,0,0,0,0,5.3,633.7,75,0,0.1,28.6,67,31.4,21.9
2026-09-06T09:35:00+05:30,2026-09-06 09:35:00,28.5,32.5,23.6,0,0,0,148,0,0,0,0,5.3,633.7,75,0,0.1,28.6,67,31.4,21.9
2026-09-06T09:30:00+05:30,2026-09-06 09:30:00,28.4,32.2,23.5,0,0,0,148,0,0,0,0,5.3,633.7,75,0,0.1,28.6,67,31.4,21.9
2026-09-06T09:25:00+05:30,2026-09-06 09:25:00,28.3,32,23.4,0,0,0,148,0,0,0,0,5.3,633.7,75,0,0.1,28.5,67,31.2,21.8
2026-09-06T09:20:00+05:30,2026-09-06 09:20:00,28.3,32,23.4,0,0,0,148,0,0,0,0,5.3,633.7,75,0,0.1,28.5,66,31.1,21.5
2026-09-06T09:15:00+05:30,2026-09-06 09:15:00,28.2,31.7,23.1,0,0,0,148,0,0,0,0,5.3,633.7,74,0,0.1,28.4,66,30.8,21.4
2026-09-06T09:10:00+05:30,2026-09-06 09:10:00,28.2,31.9,23.4,0,0,0,148,0,0,0,0,5.3,633.7,75,0,0.1,28.4,66,30.8,21.4
2026-09-06T09:05:00+05:30,2026-09-06 09:05:00,28.2,31.9,23.4,0,0,0,148,0,0,0,0,5.3,633.7,75,0,0.1,28.3,67,30.8,21.6
2026-09-06T09:00:00+05:30,2026-09-06 09:00:00,28.1,31.6,23.3,0,0,0,148,0,0,0,0,5.3,633.7,75,0,0.1,28.3,67,30.8,21.6
2026-09-06T08:55:00+05:30,2026-09-06 08:55:00,28.1,31.6,23.3,0,0,0,148,0,0,0,0,5.3,633.7,75,0,0.1,28.3,67,30.8,21.6
2026-09-06T08:51:00+05:30,2026-09-06 08:51:00,28,31.4,23.1,0,0,0,148,0,0,0,0,5.3,633.7,75,0,0.2,28.2,67,30.7,21.5
2026-09-06T08:45:00+05:30,2026-09-06 08:45:00,28,31.4,23.1,0,0,0,148,0,0,0,0,5.3,633.7,75,0,0.2,28.2,67,30.7,21.5
2026-09-06T08:40:00+05:30,2026-09-06 08:40:00,28,31.5,23.4,0,0,0,148,0,0,0,0,5.3,633.7,76,0,0.1,28.2,67,30.7,21.5
2026-09-06T08:35:00+05:30,2026-09-06 08:35:00,27.9,31.3,23.3,0,0,0,148,0,0,0,0,5.3,633.7,76,0,0.1,28.1,67,30.5,21.4
2026-09-06T08:30:00+05:30,2026-09-06 08:30:00,27.9,31.3,23.3,0,0,0,148,0,0,0,0,5.3,633.7,76,0,0.1,28.1,67,30.5,21.4
2026-09-06T08:25:00+05:30,2026-09-06 08:25:00,27.9,31.3,23.3,0,0,0,148,0,0,0,0,5.3,633.7,76,0,0.1,28.1,67,30.5,21.4
2026-09-06T08:20:00+05:30,2026-09-06 08:20:00,27.9,31.3,23.3,0,0,0,148,0,0,0,0,5.3,633.7,76,0,0.1,28.1,67,30.5,21.4
2026-09-06T08:15:00+05:30,2026-09-06 08:15:00,27.9,31.3,23.3,0,0,0,148,0,0,0,0,5.3,633.7,76,0,0.1,28.1,67,30.5,21.4
2026-09-06T08:10:00+05:30,2026-09-06 08:10:00,27.9,31.3,23.3,0,0,0,148,0,0,0,0,5.3,633.7,76,0,0.1,28,67,30.3,21.3
2026-09-06T08:05:00+05:30,2026-09-06 08:05:00,27.8,31,23.1,0,0,0,148,0,0,0,0,5.3,633.7,76,0,0.1,28,67,30.3,21.3
2026-09-06T08:00:00+05:30,2026-09-06 08:00:00,27.8,31,23.1,0,0,0,148,0,0,0,0,5.3,633.7,76,0,0.1,28,67,30.3,21.3
2026-09-06T07:55:00+05:30,2026-09-06 07:55:00,27.8,31,23.1,0,0,0,148,0,0,0,0,5.3,633.7,76,0,0.1,28,67,30.3,21.3
2026-09-06T07:50:00+05:30,2026-09-06 07:50:00,27.8,30.9,22.9,0,0,0,148,0,0,0,0,5.3,633.7,75,0,0.1,28,67,30.3,21.3
2026-09-06T07:45:00+05:30,2026-09-06 07:45:00,27.8,30.9,22.9,0,0,0,148,0,0,0,0,5.3,633.7,75,0,0.1,28,67,30.3,21.3
2026-09-06T07:40:00+05:30,2026-09-06 07:40:00,27.8,30.9,22.9,0,0,0,148,0,0,0,0,5.3,633.7,75,0,0.1,27.9,67,30.1,21.2
2026-09-06T07:35:00+05:30,2026-09-06 07:35:00,27.7,30.8,22.9,0,0,0,148,0,0,0,0,5.3,633.7,75,0,0.1,27.9,67,30.1,21.2
2026-09-06T07:30:00+05:30,2026-09-06 07:30:00,27.7,30.8,22.9,0,0,0,148,0,0,0,0,5.3,633.7,75,0,0.1,27.9,67,30.1,21.2
2026-09-06T07:25:00+05:30,2026-09-06 07:25:00,27.7,30.8,22.9,0,0,0,148,0,0,0,0,5.3,633.7,75,0,0.1,27.9,66,29.9,20.9
2026-09-06T07:20:00+05:30,2026-09-06 07:20:00,27.7,30.8,22.9,0,0,0,148,0,0,0,0,5.3,633.7,75,0,0.1,27.8,67,29.9,21.1
2026-09-06T07:15:00+05:30,2026-09-06 07:15:00,27.7,30.8,22.9,0,0,0,148,0,0,0,0,5.3,633.7,75,0,0.1,27.8,66,29.8,20.8
2026-09-06T07:10:00+05:30,2026-09-06 07:10:00,27.7,30.8,22.9,0,0,0,148,0,0,0,0,5.3,633.7,75,0,0.1,27.8,66,29.8,20.8
2026-09-06T07:05:00+05:30,2026-09-06 07:05:00,27.7,30.6,22.7,0,0,0,148,0,0,0,0,5.3,633.7,74,0,0.1,27.7,66,29.7,20.8
2026-09-06T07:00:00+05:30,2026-09-06 07:00:00,27.6,30.4,22.5,0,0,0,148,0,0,0,0,5.3,633.7,74,0,0.1,27.8,66,29.8,20.8
2026-09-06T06:55:00+05:30,2026-09-06 06:55:00,27.6,30.4,22.5,0,0,0,148,0,0,0,0,5.3,633.7,74,0,0.1,27.7,66,29.7,20.8
2026-09-06T06:50:00+05:30,2026-09-06 06:50:00,27.6,30.4,22.5,0,0,0,148,0,0,0,0,5.3,633.7,74,0,0,27.7,66,29.7,20.8
2026-09-06T06:45:00+05:30,2026-09-06 06:45:00,27.6,30.4,22.5,0,0,0,148,0,0,0,0,5.3,633.7,74,0,0,27.7,66,29.7,20.8
2026-09-06T06:40:00+05:30,2026-09-06 06:40:00,27.6,30.4,22.5,0,0,0,148,0,0,0,0,5.3,633.7,74,0,0,27.7,66,29.7,20.8
2026-09-06T06:35:00+05:30,2026-09-06 06:35:00,27.6,30.4,22.5,0,0,0,148,0,0,0,0,5.3,633.7,74,0,0,27.8,66,29.8,20.8
2026-09-06T06:30:00+05:30,2026-09-06 06:30:00,27.5,30.2,22.4,0,0,0,148,0,0,0,0,5.3,633.7,74,0,0,27.8,66,29.8,20.8
2026-09-06T06:26:00+05:30,2026-09-06 06:26:00,27.5,30.2,22.4,0,0,0,148,0,0,0,0,5.3,633.7,74,0,0,27.8,66,29.8,20.8
2026-09-06T06:20:00+05:30,2026-09-06 06:20:00,27.5,30.2,22.4,0,0,0,148,0,0,0,0,5.3,633.7,74,0,0,27.8,66,29.8,20.8
2026-09-06T06:15:00+05:30,2026-09-06 06:15:00,27.6,30.4,22.5,0,0,0,148,0,0,0,0,5.3,633.7,74,0,0,27.8,66,29.8,20.8
2026-09-06T06:10:00+05:30,2026-09-06 06:10:00,27.6,30.4,22.5,0,0,0,148,0,0,0,0,5.3,633.7,74,0,0,27.8,66,29.8,20.8
2026-09-06T06:05:00+05:30,2026-09-06 06:05:00,27.6,30.4,22.5,0,0,0,148,0,0,0,0,5.3,633.7,74,0,0,27.9,66,29.9,20.9
2026-09-06T06:00:00+05:30,2026-09-06 06:00:00,27.6,30.4,22.5,0,0,0,148,0,0,0,0,5.3,633.7,74,0,0,27.9,66,29.9,20.9
2026-09-06T05:55:00+05:30,2026-09-06 05:55:00,27.6,30.4,22.5,0,0,0,148,0,0,0,0,5.3,633.7,74,0,0,27.9,66,29.9,20.9
2026-09-06T05:50:00+05:30,2026-09-06 05:50:00,27.7,30.6,22.7,0,0,0,148,0,0,0,0,5.3,633.7,74,0,0,27.9,66,29.9,20.9
2026-09-06T05:45:00+05:30,2026-09-06 05:45:00,27.7,30.6,22.7,0,0,0,148,0,0,0,0,5.3,633.7,74,0,0,27.9,66,29.9,20.9
2026-09-06T05:40:00+05:30,2026-09-06 05:40:00,27.7,30.6,22.7,0,0,0,148,0,0,0,0,5.3,633.7,74,0,0,28,66,30.2,21.1
2026-09-06T05:35:00+05:30,2026-09-06 05:35:00,27.7,30.6,22.7,0,0,0,148,0,0,0,0,5.3,633.7,74,0,0,28,66,30.2,21.1
2026-09-06T05:30:00+05:30,2026-09-06 05:30:00,27.7,30.6,22.7,0,0,0,148,0,0,0,0,5.3,633.7,74,0,0,28,66,30.2,21.1
2026-09-06T05:25:00+05:30,2026-09-06 05:25:00,27.7,30.6,22.7,0,0,0,148,0,0,0,0,5.3,633.7,74,0,0,28,66,30.2,21.1
2026-09-06T05:21:00+05:30,2026-09-06 05:21:00,27.8,30.7,22.7,0,0,0,148,0,0,0,0,5.3,633.7,74,0,0,28,66,30.2,21.1
2026-09-06T05:15:00+05:30,2026-09-06 05:15:00,27.8,30.7,22.7,0,0,0,148,0,0,0,0,5.3,633.7,74,0,0,28,66,30.2,21.1
2026-09-06T05:10:00+05:30,2026-09-06 05:10:00,27.8,30.7,22.7,0,0,0,148,0,0,0,0,5.3,633.7,74,0,0,28,66,30.2,21.1
2026-09-06T05:05:00+05:30,2026-09-06 05:05:00,27.8,30.7,22.7,0,0,0,148,0,0,0,0,5.3,633.7,74,0,0,28.1,66,30.3,21.2
2026-09-06T05:00:00+05:30,2026-09-06 05:00:00,27.8,30.7,22.7,0,0,0,148,0,0,0,0,5.3,633.7,74,0,0,28.1,66,30.3,21.2
2026-09-06T04:55:00+05:30,2026-09-06 04:55:00,27.9,31,22.8,0,0,0,148,0,0,0,0,5.3,633.7,74,0,0,28.1,65,30.2,20.9
2026-09-06T04:50:00+05:30,2026-09-06 04:50:00,27.9,31,22.8,0,0,0,148,0,0,0,0,5.3,633.7,74,0,0,28.2,65,30.4,21
2026-09-06T04:45:00+05:30,2026-09-06 04:45:00,27.9,31,22.8,0,0,0,148,0,0,0,0,5.3,633.7,74,0,0,28.2,65,30.4,21
2026-09-06T04:40:00+05:30,2026-09-06 04:40:00,28,31.2,22.9,0,0,0,148,0,0,0,0,5.3,633.7,74,0,0,28.2,65,30.4,21
2026-09-06T04:35:00+05:30,2026-09-06 04:35:00,28,31.2,22.9,0,0,0,148,0,0,0,0,5.3,633.7,74,0,0,28.2,65,30.4,21
2026-09-06T04:30:00+05:30,2026-09-06 04:30:00,28,31.2,22.9,0,0,0,148,0,0,0,0,5.3,633.7,74,0,0,28.2,65,30.4,21
2026-09-06T04:25:00+05:30,2026-09-06 04:25:00,28,31.2,22.9,0,0,0,148,0,0,0,0,5.3,633.7,74,0,0,28.3,65,30.5,21.1
2026-09-06T04:20:00+05:30,2026-09-06 04:20:00,28.1,31.3,22.8,0,0,0,148,0,0,0,0,5.3,633.7,73,0,0,28.3,65,30.5,21.1
2026-09-06T04:16:00+05:30,2026-09-06 04:16:00,28.1,31.3,22.8,0,0,0,148,0,0,0,0,5.3,633.7,73,0,0,28.3,65,30.5,21.1
2026-09-06T04:10:00+05:30,2026-09-06 04:10:00,28.1,31.5,23,0,0,0,148,0,0,0,0,5.3,633.7,74,0,0,28.3,65,30.5,21.1
2026-09-06T04:05:00+05:30,2026-09-06 04:05:00,28.1,31.5,23,0,0,0,148,0,0,0,0,5.3,633.7,74,0,0,28.3,66,30.7,21.3
2026-09-06T04:00:00+05:30,2026-09-06 04:00:00,28.1,31.5,23,0,0,0,148,0,0,0,0,5.3,633.7,74,0,0,28.3,66,30.7,21.3
2026-09-06T03:55:00+05:30,2026-09-06 03:55:00,28.1,31.5,23,0,0,0,148,0,0,0,0,5.3,633.7,74,0,0,28.4,66,30.8,21.4
2026-09-06T03:50:00+05:30,2026-09-06 03:50:00,28.1,31.5,23,0,0,0,148,0,0,0,0,5.3,633.7,74,0,0,28.4,66,30.8,21.4
2026-09-06T03:45:00+05:30,2026-09-06 03:45:00,28.1,31.5,23,0,0,0,148,0,0,0,0,5.3,633.7,74,0,0,28.4,66,30.8,21.4
2026-09-06T03:40:00+05:30,2026-09-06 03:40:00,28.1,31.5,23,0,0,0,148,0,0,0,0,5.3,633.7,74,0,0,28.4,66,30.8,21.4
2026-09-06T03:35:00+05:30,2026-09-06 03:35:00,28.2,31.9,23.4,0,0,0,148,0,0,0,0,5.3,633.7,75,0,0,28.4,66,30.8,21.4
2026-09-06T03:30:00+05:30,2026-09-06 03:30:00,28.2,31.9,23.4,0,0,0,148,0,0,0,0,5.3,633.7,75,0,0,28.4,66,30.8,21.4
2026-09-06T03:25:00+05:30,2026-09-06 03:25:00,28.2,31.9,23.4,0,0,0,148,0,0,0,0,5.3,633.7,75,0,0,28.4,66,30.8,21.4
2026-09-06T03:20:00+05:30,2026-09-06 03:20:00,28.2,31.9,23.4,0,0,0,148,0,0,0,0,5.3,633.7,75,0,0,28.5,66,31.1,21.5
2026-09-06T03:15:00+05:30,2026-09-06 03:15:00,28.3,32,23.4,0,0,0,148,0,0,0,0,5.3,633.7,75,0,0,28.5,66,31.1,21.5
2026-09-06T03:10:00+05:30,2026-09-06 03:10:00,28.3,31.8,23.2,0,0,0,149,0,0,0,0,5.3,633.7,74,0,0,28.5,66,31.1,21.5
2026-09-06T03:05:00+05:30,2026-09-06 03:05:00,28.3,31.8,23.2,0,0,0,148,0,0,0,0,5.3,633.7,74,0,0,28.5,66,31.1,21.5
2026-09-06T03:00:00+05:30,2026-09-06 03:00:00,28.3,31.8,23.2,0,0,0,148,0,0,0,0,5.3,633.7,74,0,0,28.6,66,31.3,21.6
2026-09-06T02:56:00+05:30,2026-09-06 02:56:00,28.4,32.1,23.3,0,0,0,148,0,0,0,0,5.3,633.7,74,0,0,28.6,66,31.3,21.6
2026-09-06T02:50:00+05:30,2026-09-06 02:50:00,28.4,32.1,23.3,0,0,0,148,0,0,0,0,5.3,633.7,74,0,0,28.6,66,31.3,21.6
2026-09-06T02:45:00+05:30,2026-09-06 02:45:00,28.4,32.1,23.3,0,0,0,149,0,0,0,0,5.3,633.7,74,0,0,28.6,65,31.1,21.4
2026-09-06T02:40:00+05:30,2026-09-06 02:40:00,28.4,32.1,23.3,0,0,0,148,0,0,0,0,5.3,633.7,74,0,0,28.7,65,31.3,21.5
2026-09-06T02:35:00+05:30,2026-09-06 02:35:00,28.4,32.1,23.3,0,0,0,148,0,0,0,0,5.3,633.7,74,0,0,28.7,65,31.3,21.5
2026-09-06T02:30:00+05:30,2026-09-06 02:30:00,28.5,32.3,23.4,0,0,0,148,0,0,0,0,5.3,633.7,74,0,0,28.8,65,31.4,21.6
2026-09-06T02:25:00+05:30,2026-09-06 02:25:00,28.6,32.6,23.5,0,0,0,148,0,0,0,0,5.3,633.7,74,0,0,28.8,65,31.4,21.6
2026-09-06T02:20:00+05:30,2026-09-06 02:20:00,28.6,32.4,23.3,0,0,0,148,0,0,0,0,5.3,633.7,73,0,0,28.8,65,31.4,21.6
2026-09-06T02:15:00+05:30,2026-09-06 02:15:00,28.6,32.4,23.3,0,0,0,148,0,0,0,0,5.3,633.7,73,0,0,28.9,65,31.6,21.6
2026-09-06T02:10:00+05:30,2026-09-06 02:10:00,28.7,32.8,23.6,0,0,0,148,0,0,0,0,5.3,633.7,74,0,0,28.9,65,31.6,21.6
2026-09-06T02:05:00+05:30,2026-09-06 02:05:00,28.7,32.8,23.6,0,0,0,148,0,0,0,0,5.3,633.7,74,0,0,29,65,31.8,21.7
2026-09-06T02:00:00+05:30,2026-09-06 02:00:00,28.7,32.8,23.6,0,0,0,148,0,0,0,0,5.3,633.7,74,0,0,29,65,31.8,21.7
2026-09-06T01:55:00+05:30,2026-09-06 01:55:00,28.7,32.8,23.6,0,0,0,148,0,0,0,0,5.3,633.7,74,0,0,29,65,31.8,21.7
2026-09-06T01:51:00+05:30,2026-09-06 01:51:00,28.7,32.8,23.6,0,0,0,148,0,0,0,0,5.3,633.7,74,0,0,29,65,31.8,21.7
2026-09-06T01:45:00+05:30,2026-09-06 01:45:00,28.8,33,23.7,0,0,0,148,0,0,0,0,5.3,633.7,74,0,0,29,65,31.8,21.7
2026-09-06T01:40:00+05:30,2026-09-06 01:40:00,28.8,33,23.7,0,0,0,148,0,0,0,0,5.3,633.7,74,0,0,29,65,31.8,21.7
2026-09-06T01:35:00+05:30,2026-09-06 01:35:00,28.8,33,23.7,0,0,0,148,0,0,0,0,5.3,633.7,74,0,0,29.1,65,32.1,21.8
2026-09-06T01:30:00+05:30,2026-09-06 01:30:00,28.8,33,23.7,0,0,0,148,0,0,0,0,5.3,633.7,74,0,0,29.1,65,32.1,21.8
2026-09-06T01:25:00+05:30,2026-09-06 01:25:00,28.8,33,23.7,0,0,0,148,0,0,0,0,5.3,633.7,74,0,0,29.1,65,32.1,21.8
2026-09-06T01:20:00+05:30,2026-09-06 01:20:00,28.8,33,23.7,0,0,0,148,0,0,0,0,5.3,633.7,74,0,0,29.1,65,32.1,21.8
2026-09-06T01:15:00+05:30,2026-09-06 01:15:00,28.8,33,23.7,0,0,0,148,0,0,0,0,5.3,633.7,74,0,0,29.1,65,32.1,21.8
2026-09-06T01:10:00+05:30,2026-09-06 01:10:00,28.8,33,23.7,0,0,0,148,0,0,0,0,5.3,633.7,74,0,0,29.1,65,32.1,21.8
2026-09-06T01:05:00+05:30,2026-09-06 01:05:00,28.9,33.2,23.8,0,0,0,148,0,0,0,0,5.3,633.7,74,0,0,29.1,65,32.1,21.8
2026-09-06T01:00:00+05:30,2026-09-06 01:00:00,28.9,33.2,23.8,0,0,0,148,0,0,0,0,5.3,633.7,74,0,0,29.2,65,32.3,21.9
2026-09-06T00:55:00+05:30,2026-09-06 00:55:00,28.9,33.2,23.8,0,0,0,148,0,0,0,0,5.3,633.7,74,0,0,29.2,65,32.3,21.9
2026-09-06T00:50:00+05:30,2026-09-06 00:50:00,28.9,33.2,23.8,0,0,0,148,0,0,0,0,5.3,633.7,74,0,0,29.2,65,32.3,21.9
2026-09-06T00:46:00+05:30,2026-09-06 00:46:00,29,33.5,23.9,0,0,0,148,0,0,0,0,5.3,633.7,74,0,0,29.2,65,32.3,21.9
2026-09-06T00:40:00+05:30,2026-09-06 00:40:00,29,33.5,23.9,0,0,0,148,0,0,0,0,5.3,633.7,74,0,0,29.3,65,32.4,22
2026-09-06T00:35:00+05:30,2026-09-06 00:35:00,29,33.5,23.9,0,0,0,148,0,0,0,0,5.3,633.7,74,0,0,29.3,65,32.4,22
2026-09-06T00:30:00+05:30,2026-09-06 00:30:00,29,33.5,23.9,0,0,0,148,0,0,0,0,5.3,633.7,74,0,0,29.3,65,32.4,22
2026-09-06T00:25:00+05:30,2026-09-06 00:25:00,29.1,33.8,24,0,0,0,148,0,0,0,0,5.3,633.7,74,0,0,29.3,65,32.4,22
2026-09-06T00:20:00+05:30,2026-09-06 00:20:00,29.1,33.8,24,0,0,0,148,0,0,0,0,5.3,633.7,74,0,0,29.3,65,32.4,22
2026-09-06T00:15:00+05:30,2026-09-06 00:15:00,29.1,33.8,24,0,0,0,148,0,0,0,0,5.3,633.7,74,0,0,29.3,65,32.4,22
2026-09-06T00:10:00+05:30,2026-09-06 00:10:00,29.1,33.8,24,0,0,0,148,0,0,0,0,5.3,633.7,74,0,0,29.3,65,32.4,22
2026-09-06T00:05:00+05:30,2026-09-06 00:05:00,29.2,34,24.1,0,0,0,148,0,0,0,0,5.3,633.7,74,0,0,29.4,65,32.6,22.1
2026-09-06T00:00:00+05:30,2026-09-06 00:00:00,29.2,34,24.1,0,0,0,148,0,0,0,0,5.3,633.7,74,0,0,29.4,65,32.6,22.1
2026-09-05T23:55:00+05:30,2026-09-05 23:55:00,29.2,34,24.1,0,0,0,148,0,0,0,7.4,5.3,633.7,74,0,0,29.4,65,32.6,22.1
2026-09-05T23:50:00+05:30,2026-09-05 23:50:00,29.3,34.2,24.2,0,0,0,148,0,0,0,7.4,5.3,633.7,74,0,0,29.5,65,32.8,22.2
2026-09-05T23:45:00+05:30,2026-09-05 23:45:00,29.3,34.2,24.2,0,0,0,148,0,0,0,7.4,5.3,633.7,74,0,0,29.5,65,32.8,22.2
2026-09-05T23:40:00+05:30,2026-09-05 23:40:00,29.3,34.2,24.2,0,0,0,148,0,0,0,7.4,5.3,633.7,74,0,0,29.5,65,32.8,22.2
2026-09-05T23:35:00+05:30,2026-09-05 23:35:00,29.3,34.2,24.2,0,0,0,148,0,0,0,7.4,5.3,633.7,74,0,0,29.5,65,32.8,22.2
2026-09-05T23:30:00+05:30,2026-09-05 23:30:00,29.3,34.2,24.2,0,0,0,148,0,0,0,7.4,5.3,633.7,74,0,0,29.6,65,33.1,22.3
2026-09-05T23:25:00+05:30,2026-09-05 23:25:00,29.3,34.2,24.2,0,0,0,148,0,0,0,7.4,5.3,633.7,74,0,0,29.6,65,33.1,22.3
2026-09-05T23:20:00+05:30,2026-09-05 23:20:00,29.3,34.2,24.2,0,0,0,148,0,0,0,7.4,5.3,633.7,74,0,0,29.6,65,33.1,22.3
2026-09-05T23:15:00+05:30,2026-09-05 23:15:00,29.4,34.2,24,0,0,0,148,0,0,0,7.4,5.3,633.7,73,0,0,29.6,65,33.1,22.3
2026-09-05T23:10:00+05:30,2026-09-05 23:10:00,29.4,34.2,24,0,0,0,148,0,0,0,7.4,5.3,633.7,73,0,0,29.7,65,33.3,22.4
2026-09-05T23:05:00+05:30,2026-09-05 23:05:00,29.5,34.5,24.1,0,0,0,148,0,0,0,7.4,5.3,633.7,73,0,0,29.7,65,33.3,22.4
2026-09-05T23:00:00+05:30,2026-09-05 23:00:00,29.5,34.5,24.1,0,0,0,148,0,0,0,7.4,5.3,633.7,73,0,0,29.7,65,33.3,22.4
2026-09-05T22:55:00+05:30,2026-09-05 22:55:00,29.6,34.8,24.2,0,0,0,148,0,0,0,7.4,5.3,633.7,73,0,0,29.8,65,33.4,22.5
2026-09-05T22:50:00+05:30,2026-09-05 22:50:00,29.6,34.8,24.2,0,0,0,148,0,0,0,7.4,5.3,633.7,73,0,0,29.8,65,33.4,22.5
2026-09-05T22:45:00+05:30,2026-09-05 22:45:00,29.6,34.8,24.2,0,0,0,148,0,0,0,7.4,5.3,633.7,73,0,0,29.8,65,33.4,22.5
2026-09-05T22:40:00+05:30,2026-09-05 22:40:00,29.6,34.8,24.2,0,0,0,148,0,0,0,7.4,5.3,633.7,73,0,0,29.8,65,33.4,22.5
2026-09-05T22:35:00+05:30,2026-09-05 22:35:00,29.7,35.1,24.3,0,0,0,148,0,0,0,7.4,5.3,633.7,73,0,0,29.9,65,33.7,22.6
2026-09-05T22:30:00+05:30,2026-09-05 22:30:00,29.7,35.1,24.3,0,0,0,148,0,0,0,7.4,5.3,633.7,73,0,0,29.9,65,33.7,22.6
2026-09-05T22:25:00+05:30,2026-09-05 22:25:00,29.7,35.1,24.3,0,0,0,148,0,0,0,7.4,5.3,633.7,73,0,0,29.9,65,33.7,22.6
2026-09-05T22:21:00+05:30,2026-09-05 22:21:00,29.7,35.1,24.3,0,0,0,148,0,0,0,7.4,5.3,633.7,73,0,0,30,64,33.7,22.4
2026-09-05T22:15:00+05:30,2026-09-05 22:15:00,29.7,35.3,24.6,0,0,0,148,0,0,0,7.4,5.3,633.7,74,0,0,30,64,33.7,22.4
2026-09-05T22:10:00+05:30,2026-09-05 22:10:00,29.8,35.5,24.6,0,0,0,148,0,0,0,7.4,5.3,633.7,74,0,0,30,64,33.7,22.4
2026-09-05T22:05:00+05:30,2026-09-05 22:05:00,29.8,35.5,24.6,0,0,0,148,0,0,0,7.4,5.3,633.7,74,0,0,30,64,33.7,22.4
2026-09-05T22:00:00+05:30,2026-09-05 22:00:00,29.8,35.2,24.4,0,0,0,148,0,0,0,7.4,5.3,633.7,73,0,0,30.1,64,33.9,22.6
2026-09-05T21:55:00+05:30,2026-09-05 21:55:00,29.8,35.2,24.4,0,0,0,148,0,0,0,7.4,5.3,633.7,73,0,0,30.1,64,33.9,22.6
2026-09-05T21:50:00+05:30,2026-09-05 21:50:00,29.9,35.5,24.5,0,0,0,148,0,0,0,7.4,5.3,633.7,73,0,0,30.1,64,33.9,22.6
2026-09-05T21:45:00+05:30,2026-09-05 21:45:00,29.9,35.5,24.5,0,0,0,148,0,0,0,7.4,5.3,633.7,73,0,0,30.1,64,33.9,22.6
2026-09-05T21:40:00+05:30,2026-09-05 21:40:00,29.9,35.5,24.5,0,0,0,149,0,0,0,7.4,5.3,633.7,73,0,0,30.1,64,33.9,22.6
2026-09-05T21:35:00+05:30,2026-09-05 21:35:00,29.9,35.5,24.5,0,0,0,148,0,0,0,7.4,5.3,633.7,73,0,0,30.2,64,34.1,22.7
2026-09-05T21:30:00+05:30,2026-09-05 21:30:00,30,35.8,24.6,0,0,0,148,0,0,0,7.4,5.3,633.7,73,0,0,30.2,64,34.1,22.7
2026-09-05T21:26:00+05:30,2026-09-05 21:26:00,30,35.8,24.6,0,0,0,148,0,0,0,7.4,5.3,633.7,73,0,0,30.2,64,34.1,22.7
2026-09-05T21:20:00+05:30,2026-09-05 21:20:00,30,35.8,24.6,0,0,0,148,0,0,0,7.4,5.3,633.7,73,0,0,30.2,64,34.1,22.7
2026-09-05T21:16:00+05:30,2026-09-05 21:16:00,30,35.8,24.6,0,0,0,148,0,0,0,7.4,5.3,633.7,73,0,0,30.3,64,34.3,22.7
2026-09-05T21:10:00+05:30,2026-09-05 21:10:00,30.1,35.8,24.5,0,0,0,148,0,0,0,7.4,5.3,633.7,72,0,0,30.3,63,34.1,22.4
2026-09-05T21:05:00+05:30,2026-09-05 21:05:00,30.1,35.8,24.5,0,0,0,148,0,0,0,7.4,5.3,633.7,72,0,0,30.3,63,34.1,22.4
2026-09-05T21:00:00+05:30,2026-09-05 21:00:00,30.1,35.8,24.5,0,0,0,148,0,0,0,7.4,5.3,633.7,72,0,0,30.3,63,34.1,22.4
2026-09-05T20:55:00+05:30,2026-09-05 20:55:00,30.1,35.8,24.5,0,0,0,148,0,0,0,7.4,5.3,633.7,72,0,0,30.4,63,34.3,22.6
2026-09-05T20:50:00+05:30,2026-09-05 20:50:00,30.2,36.1,24.6,0,0,0,148,0,0,0,7.4,5.3,633.7,72,0,0,30.4,63,34.3,22.6
2026-09-05T20:45:00+05:30,2026-09-05 20:45:00,30.2,36.1,24.6,0,0,0,148,0,0,0,7.4,5.3,633.7,72,0,0,30.4,63,34.3,22.6
2026-09-05T20:40:00+05:30,2026-09-05 20:40:00,30.2,36.1,24.6,0,0,0,148,0,0,0,7.4,5.3,633.7,72,0,0,30.5,63,34.5,22.7
2026-09-05T20:35:00+05:30,2026-09-05 20:35:00,30.3,36,24.4,0,0,0,149,0,0,0,7.4,5.3,633.7,71,0,0,30.5,63,34.5,22.7
2026-09-05T20:30:00+05:30,2026-09-05 20:30:00,30.3,36,24.4,0,0,0,148,0,0,0,7.4,5.3,633.7,71,0,0,30.5,63,34.5,22.7
2026-09-05T20:25:00+05:30,2026-09-05 20:25:00,30.3,36,24.4,0,0,0,148,0,0,0,7.4,5.3,633.7,71,0,0,30.6,63,34.7,22.7
2026-09-05T20:21:00+05:30,2026-09-05 20:21:00,30.3,36,24.4,0,0,0,148,0,0,0,7.4,5.3,633.7,71,0,0,30.6,62,34.5,22.5
2026-09-05T20:15:00+05:30,2026-09-05 20:15:00,30.4,36.3,24.5,0,0,0,148,0,0,0,7.4,5.3,633.7,71,0,0,30.6,62,34.5,22.5
2026-09-05T20:10:00+05:30,2026-09-05 20:10:00,30.4,36.3,24.5,0,0,0,148,0,0,0,7.4,5.3,633.7,71,0,0,30.7,62,34.7,22.6
2026-09-05T20:05:00+05:30,2026-09-05 20:05:00,30.5,36.3,24.4,0,0,0,148,0,0,0,7.4,5.3,633.7,70,0,0,30.7,62,34.7,22.6
2026-09-05T20:00:00+05:30,2026-09-05 20:00:00,30.5,36.3,24.4,0,0,0,148,0,0,0,7.4,5.3,633.7,70,0,0,30.7,62,34.7,22.6
2026-09-05T19:55:00+05:30,2026-09-05 19:55:00,30.6,36.6,24.5,0,0,0,148,0,0,0,7.4,5.3,633.7,70,0,0,30.7,62,34.7,22.6
2026-09-05T19:50:00+05:30,2026-09-05 19:50:00,30.6,36.6,24.5,0,0,0,148,0,0,0,7.4,5.3,633.7,70,0,0,30.8,62,34.9,22.6
2026-09-05T19:45:00+05:30,2026-09-05 19:45:00,30.7,36.9,24.6,0,0,0,148,0,0,0,7.4,5.3,633.7,70,0,0,30.8,62,34.9,22.6
2026-09-05T19:40:00+05:30,2026-09-05 19:40:00,30.7,36.9,24.6,0,0,0,148,0,0,0,7.4,5.3,633.7,70,0,0,30.9,62,35.1,22.7
2026-09-05T19:35:00+05:30,2026-09-05 19:35:00,30.8,37,24.7,0,0,0,148,0,0,0,7.4,5.3,633.7,70,0,0,30.9,62,35.1,22.7
2026-09-05T19:30:00+05:30,2026-09-05 19:30:00,30.8,37,24.7,0,0,0,148,0,0,0,7.4,5.3,633.7,70,0,0,31,62,35.3,22.8
2026-09-05T19:25:00+05:30,2026-09-05 19:25:00,30.9,37.3,24.8,0,0,0,148,0,0,0,7.4,5.3,633.7,70,0,0,31,62,35.3,22.8
2026-09-05T19:20:00+05:30,2026-09-05 19:20:00,30.9,37.3,24.8,0,0,0,148,0,0,0,7.4,5.3,633.7,70,0,0,31,62,35.3,22.8
2026-09-05T19:15:00+05:30,2026-09-05 19:15:00,30.9,37,24.5,0,0,0,148,0,0,0,7.4,5.3,633.7,69,0,0,31.1,62,35.6,22.9
2026-09-05T19:10:00+05:30,2026-09-05 19:10:00,31,37.3,24.6,0,0,0,148,0,0,0,7.4,5.3,633.7,69,0,0,31.1,62,35.6,22.9
2026-09-05T19:05:00+05:30,2026-09-05 19:05:00,31,37.3,24.6,0,0,0,148,0,0,0,7.4,5.3,633.7,69,0,0,31.1,62,35.6,22.9
2026-09-05T19:00:00+05:30,2026-09-05 19:00:00,31.1,37.6,24.7,0,0,0,148,0,0,0,7.4,5.3,633.7,69,0,0,31.2,62,35.8,23.1
2026-09-05T18:55:00+05:30,2026-09-05 18:55:00,31.1,37.6,24.7,0,0,0,148,0,0,0,7.4,5.3,633.7,69,0,0,31.2,62,35.8,23.1
2026-09-05T18:50:00+05:30,2026-09-05 18:50:00,31.2,37.9,24.8,0,0,0,148,0,0,0,7.4,5.3,633.7,69,0,0,31.3,62,36,23.1
2026-09-05T18:45:00+05:30,2026-09-05 18:45:00,31.2,37.9,24.8,0,0,0,148,0,0,0,7.4,5.3,633.7,69,0,0,31.3,61,35.7,22.8
2026-09-05T18:40:00+05:30,2026-09-05 18:40:00,31.3,38,24.9,0,0,0,148,0,0,0,7.4,5.3,633.7,69,0,0,31.4,61,35.9,22.9
2026-09-05T18:35:00+05:30,2026-09-05 18:35:00,31.3,38,24.9,0,0,0,148,0,0,0,7.4,5.3,633.7,69,0,0,31.4,61,35.9,22.9
2026-09-05T18:30:00+05:30,2026-09-05 18:30:00,31.4,38.3,25,0,0,0,148,0,0,0,7.4,5.3,633.7,69,0,0,31.5,61,36.2,23.1
2026-09-05T18:25:00+05:30,2026-09-05 18:25:00,31.4,38.3,25,0,0,0,148,0,0,0,7.4,5.3,633.7,69,0,0,31.5,61,36.2,23.1
2026-09-05T18:20:00+05:30,2026-09-05 18:20:00,31.5,38.6,25.1,0,0,0,148,0,0,0,7.4,5.3,633.7,69,0,0,31.6,61,36.4,23.2
2026-09-05T18:15:00+05:30,2026-09-05 18:15:00,31.6,38.9,25.2,0,0,0,148,0,0,0,7.4,5.3,633.7,69,0,0,31.6,61,36.4,23.2
2026-09-05T18:10:00+05:30,2026-09-05 18:10:00,31.6,38.9,25.2,0,0,0,148,0,0,0,7.4,5.3,633.7,69,0,0,31.7,61,36.7,23.3
2026-09-05T18:05:00+05:30,2026-09-05 18:05:00,31.7,38.9,25.1,0,0,0,148,0,0,0,7.4,5.3,633.7,68,0,0,31.7,61,36.7,23.3
2026-09-05T18:00:00+05:30,2026-09-05 18:00:00,31.7,38.9,25.1,0,0,0,148,0,0,0,7.4,5.3,633.7,68,0,0,31.7,61,36.7,23.3
2026-09-05T17:56:00+05:30,2026-09-05 17:56:00,31.8,39.1,25.1,0,0,0,148,0,0,0,7.4,5.3,633.7,68,0,0,31.8,61,36.8,23.3
2026-09-05T17:50:00+05:30,2026-09-05 17:50:00,31.9,39.4,25.2,0,0,0,148,0,0,0,7.4,5.3,633.7,68,0,0,31.9,61,37.1,23.4
2026-09-05T17:45:00+05:30,2026-09-05 17:45:00,31.9,39.4,25.2,0,0,0,148,0,0,0,7.4,5.3,633.7,68,0,0,31.9,61,37.1,23.4
2026-09-05T17:40:00+05:30,2026-09-05 17:40:00,32,39.7,25.3,0,0,0,148,0,0,0,7.4,5.3,633.7,68,0,0,32,61,37.4,23.5
2026-09-05T17:35:00+05:30,2026-09-05 17:35:00,32,39.7,25.3,0,0,0,148,0,0,0,7.4,5.3,633.7,68,0,0,32,60,37.1,23.2
2026-09-05T17:30:00+05:30,2026-09-05 17:30:00,32.1,40,25.4,0,0,0,148,0,0,0,7.4,5.3,633.7,68,0,0,32.1,60,37.3,23.3
2026-09-05T17:25:00+05:30,2026-09-05 17:25:00,32.1,39.6,25.2,0,0,0,148,0,0,0,7.4,5.3,633.7,67,0,0,32.1,60,37.3,23.3
2026-09-05T17:20:00+05:30,2026-09-05 17:20:00,32.2,40,25.3,0,0,0,148,0,0,0,7.4,5.3,633.7,67,0,0,32.1,60,37.3,23.3
2026-09-05T17:15:00+05:30,2026-09-05 17:15:00,32.2,40,25.3,0,0,0,148,0,0,0,7.4,5.3,633.7,67,0,0,32.2,60,37.6,23.4
2026-09-05T17:10:00+05:30,2026-09-05 17:10:00,32.3,40.1,25.3,0,0,0,148,0,0,0,7.4,5.3,633.7,67,0,0,32.3,60,37.7,23.5
2026-09-05T17:05:00+05:30,2026-09-05 17:05:00,32.3,40.1,25.3,0,0,0,148,0,0,0,7.4,5.3,633.7,67,0,0,32.3,60,37.7,23.5
2026-09-05T17:00:00+05:30,2026-09-05 17:00:00,32.4,40.4,25.5,0,0,0,148,0,0,0,7.4,5.3,633.7,67,0,0,32.4,60,38,23.6
2026-09-05T16:55:00+05:30,2026-09-05 16:55:00,32.4,40.1,25.2,0,0,0,148,0,0,0,7.4,5.3,633.7,66,0,0,32.4,59,37.7,23.3
2026-09-05T16:51:00+05:30,2026-09-05 16:51:00,32.4,40.1,25.2,0,0,0,148,0,0,0,7.4,5.3,633.7,66,0,0,32.4,59,37.7,23.3
2026-09-05T16:45:00+05:30,2026-09-05 16:45:00,32.5,40.4,25.3,0,0,0,148,0,0,0,7.4,5.3,633.7,66,0,0,32.5,59,37.9,23.4
2026-09-05T16:40:00+05:30,2026-09-05 16:40:00,32.5,40.4,25.3,0,0,0,148,0,0,0,7.4,5.3,633.7,66,0,0,32.6,59,38.2,23.6
2026-09-05T16:35:00+05:30,2026-09-05 16:35:00,32.6,40.3,25.2,0,0,0,148,0,0,0,7.4,5.3,633.7,65,0,0,32.6,59,38.2,23.6
2026-09-05T16:30:00+05:30,2026-09-05 16:30:00,32.6,40.3,25.2,0,0,0,148,0,0,0,7.4,5.3,633.7,65,0,0,32.6,59,38.2,23.6
2026-09-05T16:25:00+05:30,2026-09-05 16:25:00,32.6,40.3,25.2,0,0,0,148,0,0,0,7.4,5.3,633.7,65,0,0,32.7,59,38.5,23.6
2026-09-05T16:20:00+05:30,2026-09-05 16:20:00,32.6,40.3,25.2,0,0,0,148,0,0,0,7.4,5.3,633.7,65,0,0,32.7,59,38.5,23.6
2026-09-05T16:15:00+05:30,2026-09-05 16:15:00,32.6,40.3,25.2,0,0,0,148,0,0,0,7.4,5.3,633.7,65,0,0,32.7,58,38.2,23.3
2026-09-05T16:10:00+05:30,2026-09-05 16:10:00,32.7,40.6,25.3,0,0,0,148,0,0,0,7.4,5.3,633.7,65,0,0,32.7,58,38.2,23.3
2026-09-05T16:05:00+05:30,2026-09-05 16:05:00,32.7,40.6,25.3,0,0,0,148,0,0,0,7.4,5.3,633.7,65,0,0,32.8,58,38.3,23.4
2026-09-05T16:00:00+05:30,2026-09-05 16:00:00,32.7,40.6,25.3,0,0,0,148,0,0,0,7.4,5.3,633.7,65,0,0.1,32.8,58,38.3,23.4
2026-09-05T15:55:00+05:30,2026-09-05 15:55:00,32.7,40.2,25,0,0,0,148,0,0,0,7.4,5.3,633.7,64,0,0,32.8,58,38.3,23.4
2026-09-05T15:50:00+05:30,2026-09-05 15:50:00,32.7,40.2,25,0,0,0,148,0,0,0,7.4,5.3,633.7,64,0,0,32.8,58,38.3,23.4
2026-09-05T15:46:00+05:30,2026-09-05 15:46:00,32.7,40.2,25,0,0,0,148,0,0,0,7.4,5.3,633.7,64,0,0,32.9,58,38.6,23.5
2026-09-05T15:40:00+05:30,2026-09-05 15:40:00,32.7,40.2,25,0,0,0,148,0,0,0,7.4,5.3,633.7,64,0,0,32.9,58,38.6,23.5
2026-09-05T15:35:00+05:30,2026-09-05 15:35:00,32.7,40.2,25,0,0,0,148,0,0,0,7.4,5.3,633.7,64,0,0,32.9,58,38.6,23.5
2026-09-05T15:30:00+05:30,2026-09-05 15:30:00,32.7,40.2,25,0,0,0,148,0,0,0,7.4,5.3,633.7,64,0,0.1,32.9,58,38.6,23.5
2026-09-05T15:25:00+05:30,2026-09-05 15:25:00,32.6,39.9,24.9,0,0,0,148,0,0,0,7.4,5.3,633.7,64,0,0.2,32.9,58,38.6,23.5
2026-09-05T15:20:00+05:30,2026-09-05 15:20:00,32.6,39.9,24.9,0,0,0,148,0,0,0,7.4,5.3,633.7,64,0,0.3,32.9,58,38.6,23.5
2026-09-05T15:15:00+05:30,2026-09-05 15:15:00,32.6,40.3,25.2,0,0,0,148,0,0,0,7.4,5.3,633.7,65,0,0.1,32.9,58,38.6,23.5
2026-09-05T15:10:00+05:30,2026-09-05 15:10:00,32.5,40,25,0,0,0,148,0,0,0,7.4,5.3,633.7,65,0,0.4,32.9,58,38.6,23.5
2026-09-05T15:05:00+05:30,2026-09-05 15:05:00,32.4,39.7,24.9,0,0,0,148,0,0,0,7.4,5.3,633.7,65,0,0.4,32.8,58,38.3,23.4
2026-09-05T15:00:00+05:30,2026-09-05 15:00:00,32.4,39.7,24.9,0,0,0,148,0,0,0,7.4,5.3,633.7,65,0,0.1,32.8,58,38.3,23.4
2026-09-05T14:55:00+05:30,2026-09-05 14:55:00,32.3,39.4,24.8,0,0,0,148,0,0,0,7.4,5.3,633.7,65,0,0.4,32.7,59,38.5,23.6
2026-09-05T14:50:00+05:30,2026-09-05 14:50:00,32.3,39.4,24.8,0,0,0,148,0,0,0,7.4,5.3,633.7,65,0,0.4,32.7,59,38.5,23.6
2026-09-05T14:45:00+05:30,2026-09-05 14:45:00,32.2,39.3,24.8,0,0,0,148,0,0,0,7.4,5.3,633.7,65,0,0.3,32.6,59,38.2,23.6
2026-09-05T14:40:00+05:30,2026-09-05 14:40:00,32.2,39.3,24.8,0,0,0,148,0,0,0,7.4,5.3,633.7,65,0,0.3,32.6,59,38.2,23.6
2026-09-05T14:35:00+05:30,2026-09-05 14:35:00,32.1,39,24.7,0,0,0,148,0,0,0,7.4,5.3,633.7,65,0,0.1,32.5,59,37.9,23.4
2026-09-05T14:30:00+05:30,2026-09-05 14:30:00,32.1,39,24.7,0,0,0,148,0,0,0,7.4,5.3,633.7,65,0,0.1,32.6,59,38.2,23.6
2026-09-05T14:26:00+05:30,2026-09-05 14:26:00,32,38.7,24.6,0,0,0,148,0,0,0,7.4,5.3,633.7,65,0,0.1,32.5,59,37.9,23.4
2026-09-05T14:20:00+05:30,2026-09-05 14:20:00,32,38.7,24.6,0,0,0,148,0,0,0,7.4,5.3,633.7,65,0,0.2,32.5,59,37.9,23.4
2026-09-05T14:15:00+05:30,2026-09-05 14:15:00,31.9,38.7,24.7,0,0,0,148,0,0,0,7.4,5.3,633.7,66,0,0.2,32.4,59,37.7,23.3
2026-09-05T14:10:00+05:30,2026-09-05 14:10:00,31.9,38.7,24.7,0,0,0,148,0,0,0,7.4,5.3,633.7,66,0,0.2,32.4,59,37.7,23.3
2026-09-05T14:05:00+05:30,2026-09-05 14:05:00,31.8,38.4,24.6,0,0,0,145,0,0,0,7.4,5.3,633.7,66,0,0.2,32.4,59,37.7,23.3
2026-09-05T14:00:00+05:30,2026-09-05 14:00:00,31.8,38.1,24.4,0,0,0,147,0,0,0,7.4,5.3,633.7,65,0,0.2,32.3,59,37.4,23.2
2026-09-05T13:55:00+05:30,2026-09-05 13:55:00,31.7,38.3,24.6,0,0,0,148,0,0,0,7.4,5.3,633.7,66,0,0.1,32.3,59,37.4,23.2
2026-09-05T13:50:00+05:30,2026-09-05 13:50:00,31.7,38.3,24.6,0,0,0,148,0,0,0,7.4,5.3,633.7,66,0,0.2,32.2,59,37.3,23.2
2026-09-05T13:45:00+05:30,2026-09-05 13:45:00,31.6,38.3,24.7,0,0,0,148,0,0,0,7.4,5.3,633.7,67,0,0.1,32.2,59,37.3,23.2
2026-09-05T13:40:00+05:30,2026-09-05 13:40:00,31.6,38.3,24.7,0,0,0,148,0,0,0,7.4,5.3,633.7,67,0,0.2,32.1,60,37.3,23.3
2026-09-05T13:35:00+05:30,2026-09-05 13:35:00,31.5,38,24.6,0,0,0,148,0,0,0,7.4,5.3,633.7,67,0,0.2,32.1,60,37.3,23.3
2026-09-05T13:30:00+05:30,2026-09-05 13:30:00,31.5,38,24.6,0,0,0,148,0,0,0,7.4,5.3,633.7,67,0,0.2,32,60,37.1,23.2
2026-09-05T13:25:00+05:30,2026-09-05 13:25:00,31.4,37.7,24.5,0,0,0,148,0,0,0,7.4,5.3,633.7,67,0,0.1,31.9,60,36.8,23.1
2026-09-05T13:21:00+05:30,2026-09-05 13:21:00,31.3,37.4,24.4,0,0,0,148,0,0,0,7.4,5.3,633.7,67,0,0.2,31.9,60,36.8,23.1
2026-09-05T13:15:00+05:30,2026-09-05 13:15:00,31.3,37.4,24.4,0,0,0,148,0,0,0,7.4,5.3,633.7,67,0,0.2,31.8,60,36.6,23.1
2026-09-05T13:10:00+05:30,2026-09-05 13:10:00,31.2,37.3,24.3,0,0,0,148,0,0,0,7.4,5.3,633.7,67,0,0.2,31.7,61,36.7,23.3
2026-09-05T13:05:00+05:30,2026-09-05 13:05:00,31.2,37.3,24.3,0,0,0,148,0,0,0,7.4,5.3,633.7,67,0,0.1,31.6,61,36.4,23.2
2026-09-05T13:00:00+05:30,2026-09-05 13:00:00,31.1,37,24.2,0,0,0,148,0,0,0,7.4,5.3,633.7,67,0,0.1,31.5,61,36.2,23.1
2026-09-05T12:55:00+05:30,2026-09-05 12:55:00,31,36.7,24.1,0,0,0,148,0,0,0,7.4,5.3,633.7,67,0,0.1,31.5,61,36.2,23.1
2026-09-05T12:50:00+05:30,2026-09-05 12:50:00,30.9,36.4,24,0,0,0,147,0,0,0,7.4,5.3,633.7,67,0,0.2,31.4,61,35.9,22.9
2026-09-05T12:45:00+05:30,2026-09-05 12:45:00,30.8,36.2,23.9,0,0,0,148,0,0,0,7.4,5.3,633.7,67,0,0.1,31.3,61,35.7,22.8
2026-09-05T12:40:00+05:30,2026-09-05 12:40:00,30.7,36.3,24.1,0,0,0,148,0,0,0,7.4,5.3,633.7,68,0,0.1,31.2,61,35.6,22.8
2026-09-05T12:35:00+05:30,2026-09-05 12:35:00,30.6,36,24,0,0,0,148,0,0,0,7.4,5.3,633.7,68,0,0.2,31.1,61,35.3,22.7
2026-09-05T12:30:00+05:30,2026-09-05 12:30:00,30.5,35.8,23.9,0,0,0,148,0,0,0,7.4,5.3,633.7,68,0,0.1,31.1,61,35.3,22.7
2026-09-05T12:25:00+05:30,2026-09-05 12:25:00,30.5,36,24.2,0,0,0,148,0,0,0,7.4,5.3,633.7,69,0,0.1,31,61,35.1,22.6
2026-09-05T12:20:00+05:30,2026-09-05 12:20:00,30.4,35.7,24,0,0,0,148,0,0,0,7.4,5.3,633.7,69,0,0.1,30.9,62,35.1,22.7
2026-09-05T12:16:00+05:30,2026-09-05 12:16:00,30.3,35.5,23.9,0,0,0,148,0,0,0,7.4,5.3,633.7,69,0,0.1,30.8,62,34.9,22.6
2026-09-05T12:10:00+05:30,2026-09-05 12:10:00,30.1,35.1,23.8,0,0,0,148,0,0,0,7.4,5.3,633.7,69,0,0.1,30.7,62,34.7,22.6
2026-09-05T12:05:00+05:30,2026-09-05 12:05:00,30.1,35.3,24,0,0,0,148,0,0,0,7.4,5.3,633.7,70,0,0.1,30.7,62,34.7,22.6
2026-09-05T12:00:00+05:30,2026-09-05 12:00:00,30,35,23.9,0,0,0,148,0,0,0,7.4,5.3,633.7,70,0,0.1,30.6,62,34.5,22.5
2026-09-05T11:55:00+05:30,2026-09-05 11:55:00,29.9,34.8,23.8,0,0,0,148,0,0,0,7.4,5.3,633.7,70,0,0.1,30.5,62,34.3,22.4
2026-09-05T11:50:00+05:30,2026-09-05 11:50:00,29.8,34.5,23.7,0,0,0,148,0,0,0,7.4,5.3,633.7,70,0,0.1,30.5,63,34.5,22.7
2026-09-05T11:45:00+05:30,2026-09-05 11:45:00,29.8,34.5,23.7,0,0,0,148,0,0,0,7.4,5.3,633.7,70,0,0.1,30.4,63,34.3,22.6
2026-09-05T11:40:00+05:30,2026-09-05 11:40:00,29.7,34.6,23.9,0,0,0,148,0,0,0,7.4,5.3,633.7,71,0,0.1,30.3,63,34.1,22.4
2026-09-05T11:35:00+05:30,2026-09-05 11:35:00,29.6,34.3,23.8,0,0,0,148,0,0,0,7.4,5.3,633.7,71,0,0.1,30.2,63,33.9,22.4
2026-09-05T11:30:00+05:30,2026-09-05 11:30:00,29.5,34.1,23.7,0,0,0,148,0,0,0,7.4,5.3,633.7,71,0,0.1,30.1,63,33.7,22.3
2026-09-05T11:25:00+05:30,2026-09-05 11:25:00,29.5,34.1,23.7,0,0,0,148,0,0,0,7.4,5.3,633.7,71,0,0.1,30,63,33.4,22.2
2026-09-05T11:20:00+05:30,2026-09-05 11:20:00,29.4,33.8,23.6,0,0,0,148,0,0,0,7.4,5.3,633.7,71,0,0.1,29.9,63,33.2,22.1
2026-09-05T11:15:00+05:30,2026-09-05 11:15:00,29.4,33.8,23.6,0,0,0,148,0,0,0,7.4,5.3,633.7,71,0,0.1,29.8,64,33.2,22.2
2026-09-05T11:10:00+05:30,2026-09-05 11:10:00,29.3,33.5,23.5,0,0,0,148,0,0,0,7.4,5.3,633.7,71,0,0.1,29.7,64,33.1,22.2
2026-09-05T11:05:00+05:30,2026-09-05 11:05:00,29.2,33.4,23.4,0,0,0,148,0,0,0,7.4,5.3,633.7,71,0,0.1,29.6,64,32.9,22.1
2026-09-05T11:00:00+05:30,2026-09-05 11:00:00,29.1,33.2,23.3,0,0,0,148,0,0,0,7.4,5.3,633.7,71,0,0.1,29.5,64,32.7,21.9
2026-09-05T10:55:00+05:30,2026-09-05 10:55:00,29,32.9,23.2,0,0,0,148,0,0,0,7.4,5.3,633.7,71,0,0.1,29.4,64,32.4,21.8
2026-09-05T10:50:00+05:30,2026-09-05 10:50:00,29,32.9,23.2,0,0,0,148,0,0,0,7.4,5.3,633.7,71,0,0.1,29.3,64,32.2,21.7
2026-09-05T10:45:00+05:30,2026-09-05 10:45:00,28.9,32.7,23.1,0,0,0,148,0,0,0,7.4,5.3,633.7,71,0,0.1,29.3,63,32,21.5
2026-09-05T10:40:00+05:30,2026-09-05 10:40:00,28.8,32.4,23,0,0,0,148,0,0,0,7.4,5.3,633.7,71,0,0.1,29.2,63,31.9,21.4
2026-09-05T10:35:00+05:30,2026-09-05 10:35:00,28.8,32.4,23,0,0,0,148,0,0,0,7.4,5.3,633.7,71,0,0.1,29.2,64,32.1,21.7
2026-09-05T10:30:00+05:30,2026-09-05 10:30:00,28.7,32.3,22.9,0,0,0,148,0,0,0,7.4,5.3,633.7,71,0,0.1,29.1,64,31.9,21.6
2026-09-05T10:25:00+05:30,2026-09-05 10:25:00,28.7,32.3,22.9,0,0,0,148,0,0,0,7.4,5.3,633.7,71,0,0.1,29,64,31.7,21.5
2026-09-05T10:20:00+05:30,2026-09-05 10:20:00,28.6,32.2,23.1,0,0,0,148,0,0,0,7.4,5.3,633.7,72,0,0.1,28.9,64,31.4,21.4
2026-09-05T10:15:00+05:30,2026-09-05 10:15:00,28.6,32.2,23.1,0,0,0,148,0,0,0,7.4,5.3,633.7,72,0,0.1,28.9,64,31.4,21.4
2026-09-05T10:10:00+05:30,2026-09-05 10:10:00,28.5,32,22.9,0,0,0,148,0,0,0,7.4,5.3,633.7,72,0,0.1,28.8,64,31.3,21.3
2026-09-05T10:05:00+05:30,2026-09-05 10:05:00,28.5,32,22.9,0,0,0,148,0,0,0,7.4,5.3,633.7,72,0,0.1,28.8,64,31.3,21.3
2026-09-05T10:00:00+05:30,2026-09-05 10:00:00,28.4,31.7,22.8,0,0,0,148,0,0,0,7.4,5.3,633.7,72,0,0.1,28.7,64,31.2,21.2
2026-09-05T09:55:00+05:30,2026-09-05 09:55:00,28.4,31.7,22.8,0,0,0,148,0,0,0,7.4,5.3,633.7,72,0,0.1,28.6,64,30.9,21.1
2026-09-05T09:51:00+05:30,2026-09-05 09:51:00,28.3,31.5,22.7,0,0,0,148,0,0,0,7.4,5.3,633.7,72,0,0.1,28.6,64,30.9,21.1
2026-09-05T09:45:00+05:30,2026-09-05 09:45:00,28.3,31.5,22.7,0,0,0,148,0,0,0,7.4,5.3,633.7,72,0,0.1,28.5,64,30.8,21
2026-09-05T09:40:00+05:30,2026-09-05 09:40:00,28.2,31.4,22.7,0,0,0,148,0,0,0,7.4,5.3,633.7,72,0,0.1,28.5,64,30.8,21
2026-09-05T09:35:00+05:30,2026-09-05 09:35:00,28.2,31.4,22.7,0,0,0,148,0,0,0,7.4,5.3,633.7,72,0,0.1,28.4,65,30.7,21.2
2026-09-05T09:30:00+05:30,2026-09-05 09:30:00,28.1,31.3,22.8,0,0,0,148,0,0,0,7.4,5.3,633.7,73,0,0.1,28.4,65,30.7,21.2
2026-09-05T09:25:00+05:30,2026-09-05 09:25:00,28.1,31.2,22.6,0,0,0,148,0,0,0,7.4,5.3,633.7,72,0,0.1,28.3,65,30.5,21.1
2026-09-05T09:20:00+05:30,2026-09-05 09:20:00,28,30.9,22.5,0,0,0,148,0,0,0,7.4,5.3,633.7,72,0,0.1,28.2,65,30.4,21
2026-09-05T09:15:00+05:30,2026-09-05 09:15:00,28,30.9,22.5,0,0,0,148,0,0,0,7.4,5.3,633.7,72,0,0.1,28.2,65,30.4,21
2026-09-05T09:10:00+05:30,2026-09-05 09:10:00,28,30.9,22.5,0,0,0,148,0,0,0,7.4,5.3,633.7,72,0,0.1,28.2,65,30.4,21
2026-09-05T09:05:00+05:30,2026-09-05 09:05:00,27.9,30.7,22.4,0,0,0,148,0,0,0,7.4,5.3,633.7,72,0,0.1,28.1,64,30.1,20.7
2026-09-05T09:00:00+05:30,2026-09-05 09:00:00,27.9,30.7,22.4,0,0,0,148,0,0,0,7.4,5.3,633.7,72,0,0.1,28.1,64,30.1,20.7
2026-09-05T08:55:00+05:30,2026-09-05 08:55:00,27.8,30.5,22.3,0,0,0,148,0,0,0,7.4,5.3,633.7,72,0,0.1,28.1,64,30.1,20.7
2026-09-05T08:50:00+05:30,2026-09-05 08:50:00,27.8,30.5,22.3,0,0,0,148,0,0,0,7.4,5.3,633.7,72,0,0.1,28,64,29.9,20.6
2026-09-05T08:46:00+05:30,2026-09-05 08:46:00,27.7,30.4,22.2,0,0,0,148,0,0,0,7.4,5.3,633.7,72,0,0.1,27.9,64,29.7,20.4
2026-09-05T08:40:00+05:30,2026-09-05 08:40:00,27.7,30.4,22.2,0,0,0,148,0,0,0,7.4,5.3,633.7,72,0,0.1,27.9,64,29.7,20.4
2026-09-05T08:35:00+05:30,2026-09-05 08:35:00,27.6,30.2,22.1,0,0,0,148,0,0,0,7.4,5.3,633.7,72,0,0.1,27.9,64,29.7,20.4
2026-09-05T08:30:00+05:30,2026-09-05 08:30:00,27.6,30.2,22.1,0,0,0,148,0,0,0,7.4,5.3,633.7,72,0,0.1,27.8,64,29.6,20.3
2026-09-05T08:25:00+05:30,2026-09-05 08:25:00,27.5,29.9,22,0,0,0,148,0,0,0,7.4,5.3,633.7,72,0,0.1,27.8,64,29.6,20.3
2026-09-05T08:20:00+05:30,2026-09-05 08:20:00,27.5,29.9,22,0,0,0,148,0,0,0,7.4,5.3,633.7,72,0,0.1,27.8,65,29.7,20.6
2026-09-05T08:15:00+05:30,2026-09-05 08:15:00,27.5,29.9,22,0,0,0,148,0,0,0,7.4,5.3,633.7,72,0,0.1,27.8,65,29.7,20.6
2026-09-05T08:10:00+05:30,2026-09-05 08:10:00,27.4,29.8,22.1,0,0,0,148,0,0,0,7.4,5.3,633.7,73,0,0.1,27.8,65,29.7,20.6
2026-09-05T08:05:00+05:30,2026-09-05 08:05:00,27.4,29.8,22.1,0,0,0,148,0,0,0,7.4,5.3,633.7,73,0,0.1,27.8,65,29.7,20.6
2026-09-05T08:00:00+05:30,2026-09-05 08:00:00,27.4,29.9,22.3,0,0,0,148,0,0,0,7.4,5.3,633.7,74,0,0.1,27.8,65,29.7,20.6
2026-09-05T07:55:00+05:30,2026-09-05 07:55:00,27.4,29.9,22.3,0,0,0,148,0,0,0,7.4,5.3,633.7,74,0,0.1,27.7,65,29.6,20.6
2026-09-05T07:50:00+05:30,2026-09-05 07:50:00,27.3,29.7,22.2,0,0,0,148,0,0,0,7.4,5.3,633.7,74,0,0.1,27.7,66,29.7,20.8
2026-09-05T07:45:00+05:30,2026-09-05 07:45:00,27.3,29.8,22.4,0,0,0,148,0,0,0,7.4,5.3,633.7,75,0,0.1,27.7,66,29.7,20.8
2026-09-05T07:41:00+05:30,2026-09-05 07:41:00,27.2,29.7,22.4,0,0,0,148,0,0,0,7.4,5.3,633.7,75,0,0.1,27.7,66,29.7,20.8
2026-09-05T07:35:00+05:30,2026-09-05 07:35:00,27.2,29.7,22.4,0,0,0,148,0,0,0,7.4,5.3,633.7,75,0,0.1,27.6,66,29.5,20.7
2026-09-05T07:30:00+05:30,2026-09-05 07:30:00,27.2,29.7,22.4,0,0,0,148,0,0,0,7.4,5.3,633.7,75,0,0.1,27.6,66,29.5,20.7
2026-09-05T07:25:00+05:30,2026-09-05 07:25:00,27.2,29.7,22.4,0,0,0,148,0,0,0,7.4,5.3,633.7,75,0,0.1,27.6,66,29.5,20.7
2026-09-05T07:20:00+05:30,2026-09-05 07:20:00,27.2,29.7,22.4,0,0,0,148,0,0,0,7.4,5.3,633.7,75,0,0.1,27.6,66,29.5,20.7
2026-09-05T07:15:00+05:30,2026-09-05 07:15:00,27.2,29.7,22.4,0,0,0,148,0,0,0,7.4,5.3,633.7,75,0,0.1,27.6,66,29.5,20.7
2026-09-05T07:10:00+05:30,2026-09-05 07:10:00,27.2,29.7,22.4,0,0,0,148,0,0,0,7.4,5.3,633.7,75,0,0.1,27.5,66,29.3,20.6
2026-09-05T07:05:00+05:30,2026-09-05 07:05:00,27.1,29.5,22.3,0,0,0,148,0,0,0,7.4,5.3,633.7,75,0,0.1,27.5,66,29.3,20.6
2026-09-05T07:00:00+05:30,2026-09-05 07:00:00,27.1,29.5,22.3,0,0,0,148,0,0,0,7.4,5.3,633.7,75,0,0.1,27.5,66,29.3,20.6
2026-09-05T06:55:00+05:30,2026-09-05 06:55:00,27.1,29.5,22.3,0,0,0,148,0,0,0,7.4,5.3,633.7,75,0,0.1,27.5,66,29.3,20.6
2026-09-05T06:50:00+05:30,2026-09-05 06:50:00,27.1,29.5,22.3,0,0,0,148,0,0,0,7.4,5.3,633.7,75,0,0.1,27.5,66,29.3,20.6
2026-09-05T06:45:00+05:30,2026-09-05 06:45:00,27.2,29.7,22.4,0,0,0,148,0,0,0,7.4,5.3,633.7,75,0,0,27.5,66,29.3,20.6
2026-09-05T06:40:00+05:30,2026-09-05 06:40:00,27.2,29.7,22.4,0,0,0,148,0,0,0,7.4,5.3,633.7,75,0,0,27.5,66,29.3,20.6
2026-09-05T06:36:00+05:30,2026-09-05 06:36:00,27.2,29.7,22.4,0,0,0,148,0,0,0,7.4,5.3,633.7,75,0,0,27.5,66,29.3,20.6
2026-09-05T06:30:00+05:30,2026-09-05 06:30:00,27.2,29.7,22.4,0,0,0,148,0,0,0,7.4,5.3,633.7,75,0,0,27.5,66,29.3,20.6
2026-09-05T06:25:00+05:30,2026-09-05 06:25:00,27.2,29.7,22.4,0,0,0,148,0,0,0,7.4,5.3,633.7,75,0,0,27.5,66,29.3,20.6
2026-09-05T06:20:00+05:30,2026-09-05 06:20:00,27.2,29.7,22.4,0,0,0,148,0,0,0,7.4,5.3,633.7,75,0,0,27.5,66,29.3,20.6
2026-09-05T06:15:00+05:30,2026-09-05 06:15:00,27.3,29.8,22.4,0,0,0,148,0,0,0,7.4,5.3,633.7,75,0,0,27.5,66,29.3,20.6
2026-09-05T06:10:00+05:30,2026-09-05 06:10:00,27.3,29.8,22.4,0,0,0,148,0,0,0,7.4,5.3,633.7,75,0,0,27.5,66,29.3,20.6
2026-09-05T06:05:00+05:30,2026-09-05 06:05:00,27.3,29.7,22.2,0,0,0,148,0,0,0,7.4,5.3,633.7,74,0,0,27.6,65,29.4,20.4
2026-09-05T06:00:00+05:30,2026-09-05 06:00:00,27.4,29.9,22.3,0,0,0,148,0,0,0,7.4,5.3,633.7,74,0,0,27.6,65,29.4,20.4
2026-09-05T05:55:00+05:30,2026-09-05 05:55:00,27.4,29.9,22.3,0,0,0,148,0,0,0,7.4,5.3,633.7,74,0,0,27.6,65,29.4,20.4
2026-09-05T05:50:00+05:30,2026-09-05 05:50:00,27.4,29.9,22.3,0,0,0,148,0,0,0,7.4,5.3,633.7,74,0,0,27.6,65,29.4,20.4
2026-09-05T05:45:00+05:30,2026-09-05 05:45:00,27.4,29.9,22.3,0,0,0,148,0,0,0,7.4,5.3,633.7,74,0,0,27.6,65,29.4,20.4
2026-09-05T05:40:00+05:30,2026-09-05 05:40:00,27.4,29.9,22.3,0,0,0,148,0,0,0,7.4,5.3,633.7,74,0,0,27.6,65,29.4,20.4
2026-09-05T05:35:00+05:30,2026-09-05 05:35:00,27.4,29.9,22.3,0,0,0,148,0,0,0,7.4,5.3,633.7,74,0,0,27.6,65,29.4,20.4
2026-09-05T05:30:00+05:30,2026-09-05 05:30:00,27.5,30.2,22.4,0,0,0,148,0,0,0,7.4,5.3,633.7,74,0,0,27.6,65,29.4,20.4
2026-09-05T05:25:00+05:30,2026-09-05 05:25:00,27.5,30.2,22.4,0,0,0,148,0,0,0,7.4,5.3,633.7,74,0,0,27.7,65,29.6,20.6
2026-09-05T05:20:00+05:30,2026-09-05 05:20:00,27.5,30.1,22.2,0,0,0,148,0,0,0,7.4,5.3,633.7,73,0,0,27.7,65,29.6,20.6
2026-09-05T05:15:00+05:30,2026-09-05 05:15:00,27.5,30.1,22.2,0,0,0,148,0,0,0,7.4,5.3,633.7,73,0,0,27.7,65,29.6,20.6
2026-09-05T05:10:00+05:30,2026-09-05 05:10:00,27.6,30.3,22.3,0,0,0,148,0,0,0,7.4,5.3,633.7,73,0,0,27.7,65,29.6,20.6
2026-09-05T05:05:00+05:30,2026-09-05 05:05:00,27.6,30.3,22.3,0,0,0,148,0,0,0,7.4,5.3,633.7,73,0,0,27.7,65,29.6,20.6
2026-09-05T05:00:00+05:30,2026-09-05 05:00:00,27.6,30.3,22.3,0,0,0,148,0,0,0,7.4,5.3,633.7,73,0,0,27.8,65,29.7,20.6
2026-09-05T04:55:00+05:30,2026-09-05 04:55:00,27.6,30.3,22.3,0,0,0,148,0,0,0,7.4,5.3,633.7,73,0,0,27.8,65,29.7,20.6
2026-09-05T04:50:00+05:30,2026-09-05 04:50:00,27.6,30.3,22.3,0,0,0,148,0,0,0,7.4,5.3,633.7,73,0,0,27.8,65,29.7,20.6
2026-09-05T04:45:00+05:30,2026-09-05 04:45:00,27.6,30.3,22.3,0,0,0,148,0,0,0,7.4,5.3,633.7,73,0,0,27.8,64,29.6,20.3
2026-09-05T04:40:00+05:30,2026-09-05 04:40:00,27.6,30.3,22.3,0,0,0,148,0,0,0,7.4,5.3,633.7,73,0,0,27.8,64,29.6,20.3
2026-09-05T04:35:00+05:30,2026-09-05 04:35:00,27.6,30.3,22.3,0,0,0,148,0,0,0,7.4,5.3,633.7,73,0,0,27.8,64,29.6,20.3
2026-09-05T04:30:00+05:30,2026-09-05 04:30:00,27.6,30.3,22.3,0,0,0,148,0,0,0,7.4,5.3,633.7,73,0,0,27.8,64,29.6,20.3
2026-09-05T04:25:00+05:30,2026-09-05 04:25:00,27.7,30.4,22.2,0,0,0,148,0,0,0,7.4,5.3,633.7,72,0,0,27.9,64,29.7,20.4
2026-09-05T04:20:00+05:30,2026-09-05 04:20:00,27.7,30.4,22.2,0,0,0,148,0,0,0,7.4,5.3,633.7,72,0,0,27.9,64,29.7,20.4
2026-09-05T04:15:00+05:30,2026-09-05 04:15:00,27.7,30.4,22.2,0,0,0,148,0,0,0,7.4,5.3,633.7,72,0,0,27.9,64,29.7,20.4
2026-09-05T04:11:00+05:30,2026-09-05 04:11:00,27.8,30.5,22.3,0,0,0,148,0,0,0,7.4,5.3,633.7,72,0,0,28,64,29.9,20.6
2026-09-05T04:05:00+05:30,2026-09-05 04:05:00,27.8,30.5,22.3,0,0,0,148,0,0,0,7.4,5.3,633.7,72,0,0,28,64,29.9,20.6
2026-09-05T04:00:00+05:30,2026-09-05 04:00:00,27.8,30.5,22.3,0,0,0,148,0,0,0,7.4,5.3,633.7,72,0,0,28,64,29.9,20.6
2026-09-05T03:55:00+05:30,2026-09-05 03:55:00,27.8,30.4,22,0,0,0,148,0,0,0,7.4,5.3,633.7,71,0,0,28,64,29.9,20.6
2026-09-05T03:50:00+05:30,2026-09-05 03:50:00,27.9,30.6,22.1,0,0,0,148,0,0,0,7.4,5.3,633.7,71,0,0,28,64,29.9,20.6
2026-09-05T03:45:00+05:30,2026-09-05 03:45:00,27.9,30.6,22.1,0,0,0,148,0,0,0,7.4,5.3,633.7,71,0,0,28.1,64,30.1,20.7
2026-09-05T03:40:00+05:30,2026-09-05 03:40:00,27.9,30.6,22.1,0,0,0,148,0,0,0,7.4,5.3,633.7,71,0,0,28.1,64,30.1,20.7
2026-09-05T03:35:00+05:30,2026-09-05 03:35:00,27.9,30.7,22.4,0,0,0,148,0,0,0,7.4,5.3,633.7,72,0,0,28.1,64,30.1,20.7
2026-09-05T03:30:00+05:30,2026-09-05 03:30:00,27.9,30.7,22.4,0,0,0,148,0,0,0,7.4,5.3,633.7,72,0,0,28.1,64,30.1,20.7
2026-09-05T03:25:00+05:30,2026-09-05 03:25:00,27.9,30.7,22.4,0,0,0,148,0,0,0,7.4,5.3,633.7,72,0,0,28.1,64,30.1,20.7
2026-09-05T03:20:00+05:30,2026-09-05 03:20:00,27.9,30.7,22.4,0,0,0,148,0,0,0,7.4,5.3,633.7,72,0,0,28.2,64,30.3,20.8
2026-09-05T03:15:00+05:30,2026-09-05 03:15:00,27.9,30.7,22.4,0,0,0,148,0,0,0,7.4,5.3,633.7,72,0,0,28.2,64,30.3,20.8
2026-09-05T03:10:00+05:30,2026-09-05 03:10:00,27.9,30.7,22.4,0,0,0,148,0,0,0,7.4,5.3,633.7,72,0,0,28.2,64,30.3,20.8
2026-09-05T03:06:00+05:30,2026-09-05 03:06:00,27.9,30.7,22.4,0,0,0,148,0,0,0,7.4,5.3,633.7,72,0,0,28.2,64,30.3,20.8
2026-09-05T03:00:00+05:30,2026-09-05 03:00:00,27.9,30.7,22.4,0,0,0,148,0,0,0,7.4,5.3,633.7,72,0,0,28.3,64,30.4,20.8
2026-09-05T02:55:00+05:30,2026-09-05 02:55:00,27.9,30.7,22.4,0,0,0,148,0,0,0,7.4,5.3,633.7,72,0,0,28.3,64,30.4,20.8
2026-09-05T02:50:00+05:30,2026-09-05 02:50:00,28,30.9,22.5,0,0,0,148,0,0,0,7.4,5.3,633.7,72,0,0,28.3,64,30.4,20.8
2026-09-05T02:45:00+05:30,2026-09-05 02:45:00,28,30.9,22.5,0,0,0,148,0,0,0,7.4,5.3,633.7,72,0,0,28.3,63,30.2,20.6
2026-09-05T02:40:00+05:30,2026-09-05 02:40:00,28,30.9,22.5,0,0,0,148,0,0,0,7.4,5.3,633.7,72,0,0,28.3,63,30.2,20.6
2026-09-05T02:35:00+05:30,2026-09-05 02:35:00,28,30.9,22.5,0,0,0,148,0,0,0,7.4,5.3,633.7,72,0,0,28.3,63,30.2,20.6
2026-09-05T02:30:00+05:30,2026-09-05 02:30:00,28,30.9,22.5,0,0,0,148,0,0,0,7.4,5.3,633.7,72,0,0,28.3,63,30.2,20.6
2026-09-05T02:25:00+05:30,2026-09-05 02:25:00,28.1,31,22.3,0,0,0,148,0,0,0,7.4,5.3,633.7,71,0,0,28.4,63,30.4,20.7
2026-09-05T02:20:00+05:30,2026-09-05 02:20:00,28.1,31,22.3,0,0,0,148,0,0,0,7.4,5.3,633.7,71,0,0,28.4,63,30.4,20.7
2026-09-05T02:15:00+05:30,2026-09-05 02:15:00,28.1,31,22.3,0,0,0,148,0,0,0,7.4,5.3,633.7,71,0,0,28.4,63,30.4,20.7
2026-09-05T02:10:00+05:30,2026-09-05 02:10:00,28.2,31.2,22.5,0,0,0,148,0,0,0,7.4,5.3,633.7,71,0,0,28.4,63,30.4,20.7
2026-09-05T02:05:00+05:30,2026-09-05 02:05:00,28.2,31.2,22.5,0,0,0,148,0,0,0,7.4,5.3,633.7,71,0,0,28.5,63,30.6,20.8
2026-09-05T02:01:00+05:30,2026-09-05 02:01:00,28.2,31.2,22.5,0,0,0,149,0,0,0,7.4,5.3,633.7,71,0,0,28.5,63,30.6,20.8
2026-09-05T01:55:00+05:30,2026-09-05 01:55:00,28.2,31.2,22.5,0,0,0,148,0,0,0,7.4,5.3,633.7,71,0,0,28.5,63,30.6,20.8
2026-09-05T01:50:00+05:30,2026-09-05 01:50:00,28.3,31.4,22.5,0,0,0,149,0,0,0,7.4,5.3,633.7,71,0,0,28.5,63,30.6,20.8
2026-09-05T01:45:00+05:30,2026-09-05 01:45:00,28.3,31.4,22.5,0,0,0,149,0,0,0,7.4,5.3,633.7,71,0,0,28.5,63,30.6,20.8
2026-09-05T01:40:00+05:30,2026-09-05 01:40:00,28.3,31.4,22.5,0,0,0,149,0,0,0,7.4,5.3,633.7,71,0,0,28.5,63,30.6,20.8
2026-09-05T01:35:00+05:30,2026-09-05 01:35:00,28.4,31.6,22.6,0,0,0,149,0,0,0,7.4,5.3,633.7,71,0,0,28.6,63,30.8,20.8
2026-09-05T01:30:00+05:30,2026-09-05 01:30:00,28.4,31.6,22.6,0,0,0,148,0,0,0,7.4,5.3,633.7,71,0,0,28.6,63,30.8,20.8
2026-09-05T01:25:00+05:30,2026-09-05 01:25:00,28.4,31.4,22.4,0,0,0,148,0,0,0,7.4,5.3,633.7,70,0,0,28.6,63,30.8,20.8
2026-09-05T01:20:00+05:30,2026-09-05 01:20:00,28.4,31.4,22.4,0,0,0,149,0,0,0,7.4,5.3,633.7,70,0,0,28.6,63,30.8,20.8
2026-09-05T01:15:00+05:30,2026-09-05 01:15:00,28.5,31.7,22.5,0,0,0,148,0,0,0,7.4,5.3,633.7,70,0,0,28.7,63,31,20.9
2026-09-05T01:10:00+05:30,2026-09-05 01:10:00,28.5,31.7,22.5,0,0,0,148,0,0,0,7.4,5.3,633.7,70,0,0,28.7,63,31,20.9
2026-09-05T01:05:00+05:30,2026-09-05 01:05:00,28.6,31.9,22.6,0,0,0,148,0,0,0,7.4,5.3,633.7,70,0,0,28.7,63,31,20.9
2026-09-05T01:00:00+05:30,2026-09-05 01:00:00,28.7,32.1,22.7,0,0,0,148,0,0,0,7.4,5.3,633.7,70,0,0,28.7,63,31,20.9
2026-09-05T00:55:00+05:30,2026-09-05 00:55:00,28.7,32.1,22.7,0,0,0,148,0,0,0,7.4,5.3,633.7,70,0,0,28.7,63,31,20.9
2026-09-05T00:50:00+05:30,2026-09-05 00:50:00,28.7,32.1,22.7,0,0,0,148,0,0,0,7.4,5.3,633.7,70,0,0,28.8,63,31.1,21
2026-09-05T00:45:00+05:30,2026-09-05 00:45:00,28.8,32.2,22.7,0,0,0,148,0,0,0,7.4,5.3,633.7,70,0,0,28.8,63,31.1,21
2026-09-05T00:41:00+05:30,2026-09-05 00:41:00,28.8,32.2,22.7,0,0,0,148,0,0,0,7.4,5.3,633.7,70,0,0,28.8,63,31.1,21
2026-09-05T00:35:00+05:30,2026-09-05 00:35:00,28.8,32.2,22.7,0,0,0,148,0,0,0,7.4,5.3,633.7,70,0,0,28.9,63,31.3,21.1
2026-09-05T00:30:00+05:30,2026-09-05 00:30:00,28.8,32.4,23,0,0,0,148,0,0,0,7.4,5.3,633.7,71,0,0,29,63,31.5,21.2
2026-09-05T00:25:00+05:30,2026-09-05 00:25:00,28.7,32.3,22.9,0,0,0,148,0,0,0,7.4,5.3,633.7,71,0,0,29,63,31.5,21.2
2026-09-05T00:20:00+05:30,2026-09-05 00:20:00,28.8,32.4,23,0,0,0,148,0,0,0,7.4,5.3,633.7,71,0,0,29,63,31.5,21.2
2026-09-05T00:15:00+05:30,2026-09-05 00:15:00,28.8,32.4,23,0,0,0,148,0,0,0,7.4,5.3,633.7,71,0,0,29,63,31.5,21.2
2026-09-05T00:10:00+05:30,2026-09-05 00:10:00,28.8,32.4,23,0,0,0,148,0,0,0,7.4,5.3,633.7,71,0,0,29.1,63,31.7,21.3
2026-09-05T00:05:00+05:30,2026-09-05 00:05:00,28.9,32.7,23.1,0,0,0,148,0,0,0,7.4,5.3,633.7,71,0,0,29.1,63,31.7,21.3
2026-09-05T00:00:00+05:30,2026-09-05 00:00:00,28.9,32.7,23.1,0,0,0,148,0,0,0,7.4,5.3,633.7,71,0,0,29.1,63,31.7,21.3
2026-09-04T23:55:00+05:30,2026-09-04 23:55:00,28.9,32.7,23.1,0,0,9.3,148,0,0,0,7.4,5.3,633.7,71,0,0,29.1,63,31.7,21.3
2026-09-04T23:50:00+05:30,2026-09-04 23:50:00,28.9,32.7,23.1,0,0,9.3,148,0,0,0,7.4,5.3,633.7,71,0,0,29.1,63,31.7,21.3
2026-09-04T23:45:00+05:30,2026-09-04 23:45:00,29,32.9,23.2,0,0,9.3,148,0,0,0,7.4,5.3,633.7,71,0,0,29.2,63,31.9,21.4
2026-09-04T23:40:00+05:30,2026-09-04 23:40:00,29,32.9,23.2,0,0,9.3,148,0,0,0,7.4,5.3,633.7,71,0,0,29.2,63,31.9,21.4
2026-09-04T23:36:00+05:30,2026-09-04 23:36:00,29.1,33.2,23.3,0,0,9.3,148,0,0,0,7.4,5.3,633.7,71,0,0,29.2,63,31.9,21.4
2026-09-04T23:30:00+05:30,2026-09-04 23:30:00,29.1,33,23.1,0,0,9.3,149,0,0,0,7.4,5.3,633.7,70,0,0,29.3,63,32,21.5
2026-09-04T23:25:00+05:30,2026-09-04 23:25:00,29.1,33,23.1,0,0,9.3,148,0,0,0,7.4,5.3,633.7,70,0,0,29.3,63,32,21.5
2026-09-04T23:20:00+05:30,2026-09-04 23:20:00,29.2,33.2,23.2,0,0,9.3,148,0,0,0,7.4,5.3,633.7,70,0,0,29.3,63,32,21.5
2026-09-04T23:15:00+05:30,2026-09-04 23:15:00,29.2,33.2,23.2,0,0,9.3,148,0,0,0,7.4,5.3,633.7,70,0,0,29.3,63,32,21.5
2026-09-04T23:10:00+05:30,2026-09-04 23:10:00,29.3,33.3,23.2,0,0,9.3,148,0,0,0,7.4,5.3,633.7,70,0,0,29.3,63,32,21.5
2026-09-04T23:05:00+05:30,2026-09-04 23:05:00,29.3,33.3,23.2,0,0,9.3,148,0,0,0,7.4,5.3,633.7,70,0,0,29.3,63,32,21.5
2026-09-04T23:00:00+05:30,2026-09-04 23:00:00,29.4,33.6,23.3,0,0,9.3,148,0,0,0,7.4,5.3,633.7,70,0,0,29.3,63,32,21.5
2026-09-04T22:55:00+05:30,2026-09-04 22:55:00,29.4,33.6,23.3,0,0,9.3,148,0,0,0,7.4,5.3,633.7,70,0,0,29.3,63,32,21.5
2026-09-04T22:50:00+05:30,2026-09-04 22:50:00,29.4,33.6,23.3,0,0,9.3,148,0,0,0,7.4,5.3,633.7,70,0,0,29.3,63,32,21.5
2026-09-04T22:45:00+05:30,2026-09-04 22:45:00,29.5,33.9,23.4,0,0,9.3,148,0,0,0,7.4,5.3,633.7,70,0,0,29.3,63,32,21.5
2026-09-04T22:40:00+05:30,2026-09-04 22:40:00,29.5,33.9,23.4,0,0,9.3,148,0,0,0,7.4,5.3,633.7,70,0,0,29.4,63,32.2,21.6
2026-09-04T22:35:00+05:30,2026-09-04 22:35:00,29.5,33.9,23.4,0,0,9.3,148,0,0,0,7.4,5.3,633.7,70,0,0,29.6,63,32.7,21.8
2026-09-04T22:31:00+05:30,2026-09-04 22:31:00,29.6,34.1,23.5,0,0,9.3,148,0,0,0,7.4,5.3,633.7,70,0,0,29.7,63,32.9,21.9
2026-09-04T22:25:00+05:30,2026-09-04 22:25:00,29.6,34.3,23.8,0,0,9.3,148,0,0,0,7.4,5.3,633.7,71,0,0,29.7,63,32.9,21.9
2026-09-04T22:20:00+05:30,2026-09-04 22:20:00,29.6,34.3,23.8,0,0,9.3,148,0,0,0,7.4,5.3,633.7,71,0,0,29.7,63,32.9,21.9
2026-09-04T22:15:00+05:30,2026-09-04 22:15:00,29.6,34.3,23.8,0,0,9.3,148,0,0,0,7.4,5.3,633.7,71,0,0,29.7,63,32.9,21.9
2026-09-04T22:10:00+05:30,2026-09-04 22:10:00,29.7,34.4,23.6,0,0,9.3,148,0,0,0,7.4,5.3,633.7,70,0,0,29.8,63,33,21.9
2026-09-04T22:05:00+05:30,2026-09-04 22:05:00,29.7,34.4,23.6,0,0,9.3,148,0,0,0,7.4,5.3,633.7,70,0,0,29.8,63,33,21.9
2026-09-04T22:00:00+05:30,2026-09-04 22:00:00,29.7,34.4,23.6,0,0,9.3,148,0,0,0,7.4,5.3,633.7,70,0,0,29.8,63,33,21.9
2026-09-04T21:55:00+05:30,2026-09-04 21:55:00,29.8,34.5,23.7,0,0,9.3,148,0,0,0,7.4,5.3,633.7,70,0,0,29.9,63,33.2,22.1
2026-09-04T21:50:00+05:30,2026-09-04 21:50:00,29.8,34.5,23.7,0,0,9.3,148,0,0,0,7.4,5.3,633.7,70,0,0,29.9,63,33.2,22.1
2026-09-04T21:45:00+05:30,2026-09-04 21:45:00,29.8,34.5,23.7,0,0,9.3,148,0,0,0,7.4,5.3,633.7,70,0,0,29.9,63,33.2,22.1
2026-09-04T21:40:00+05:30,2026-09-04 21:40:00,29.8,34.5,23.7,0,0,9.3,148,0,0,0,7.4,5.3,633.7,70,0,0,30,63,33.4,22.2
2026-09-04T21:35:00+05:30,2026-09-04 21:35:00,29.9,34.8,23.8,0,0,9.3,148,0,0,0,7.4,5.3,633.7,70,0,0,30,63,33.4,22.2
2026-09-04T21:30:00+05:30,2026-09-04 21:30:00,29.9,34.8,23.8,0,0,9.3,148,0,0,0,7.4,5.3,633.7,70,0,0,30,63,33.4,22.2
2026-09-04T21:25:00+05:30,2026-09-04 21:25:00,30,35,23.9,0,0,9.3,148,0,0,0,7.4,5.3,633.7,70,0,0,30.1,63,33.7,22.3
2026-09-04T21:20:00+05:30,2026-09-04 21:20:00,30,35,23.9,0,0,9.3,148,0,0,0,7.4,5.3,633.7,70,0,0,30.1,63,33.7,22.3
2026-09-04T21:15:00+05:30,2026-09-04 21:15:00,30.1,35.3,24,0,0,9.3,148,0,0,0,7.4,5.3,633.7,70,0,0,30.1,63,33.7,22.3
2026-09-04T21:10:00+05:30,2026-09-04 21:10:00,30.1,35.3,24,0,0,9.3,148,0,0,0,7.4,5.3,633.7,70,0,0,30.2,63,33.9,22.4
2026-09-04T21:05:00+05:30,2026-09-04 21:05:00,30.2,35.6,24.1,0,0,9.3,148,0,0,0,7.4,5.3,633.7,70,0,0,30.2,63,33.9,22.4
2026-09-04T21:00:00+05:30,2026-09-04 21:00:00,30.2,35.6,24.1,0,0,9.3,148,0,0,0,7.4,5.3,633.7,70,0,0,30.2,63,33.9,22.4
2026-09-04T20:55:00+05:30,2026-09-04 20:55:00,30.2,35.6,24.1,0,0,9.3,148,0,0,0,7.4,5.3,633.7,70,0,0,30.3,63,34.1,22.4
2026-09-04T20:50:00+05:30,2026-09-04 20:50:00,30.3,35.7,24.2,0,0,9.3,148,0,0,0,7.4,5.3,633.7,70,0,0,30.3,63,34.1,22.4
2026-09-04T20:45:00+05:30,2026-09-04 20:45:00,30.3,35.7,24.2,0,0,9.3,148,0,0,0,7.4,5.3,633.7,70,0,0,30.3,62,33.8,22.2
2026-09-04T20:40:00+05:30,2026-09-04 20:40:00,30.4,35.7,24,0,0,9.3,148,0,0,0,7.4,5.3,633.7,69,0,0,30.4,62,34.1,22.3
2026-09-04T20:35:00+05:30,2026-09-04 20:35:00,30.4,35.7,24,0,0,9.3,148,0,0,0,7.4,5.3,633.7,69,0,0,30.4,62,34.1,22.3
2026-09-04T20:30:00+05:30,2026-09-04 20:30:00,30.5,36,24.2,0,0,9.3,148,0,0,0,7.4,5.3,633.7,69,0,0,30.5,62,34.3,22.4
2026-09-04T20:25:00+05:30,2026-09-04 20:25:00,30.5,36,24.2,0,0,9.3,148,0,0,0,7.4,5.3,633.7,69,0,0,30.5,62,34.3,22.4
2026-09-04T20:20:00+05:30,2026-09-04 20:20:00,30.5,36.3,24.4,0,0,9.3,148,0,0,0,7.4,5.3,633.7,70,0,0,30.5,62,34.3,22.4
2026-09-04T20:15:00+05:30,2026-09-04 20:15:00,30.6,36.3,24.3,0,0,9.3,148,0,0,0,7.4,5.3,633.7,69,0,0,30.5,62,34.3,22.4
2026-09-04T20:10:00+05:30,2026-09-04 20:10:00,30.6,36.3,24.3,0,0,9.3,148,0,0,0,7.4,5.3,633.7,69,0,0,30.6,62,34.5,22.5
2026-09-04T20:06:00+05:30,2026-09-04 20:06:00,30.6,36.3,24.3,0,0,9.3,148,0,0,0,7.4,5.3,633.7,69,0,0,30.6,62,34.5,22.5
2026-09-04T20:00:00+05:30,2026-09-04 20:00:00,30.7,36.6,24.4,0,0,9.3,148,0,0,0,7.4,5.3,633.7,69,0,0,30.7,62,34.7,22.6
2026-09-04T19:55:00+05:30,2026-09-04 19:55:00,30.7,36.9,24.6,0,0,9.3,148,0,0,0,7.4,5.3,633.7,70,0,0,30.7,62,34.7,22.6
2026-09-04T19:50:00+05:30,2026-09-04 19:50:00,30.8,37,24.7,0,0,9.3,148,0,0,0,7.4,5.3,633.7,70,0,0,30.8,62,34.9,22.6
2026-09-04T19:45:00+05:30,2026-09-04 19:45:00,30.8,37,24.7,0,0,9.3,148,0,0,0,7.4,5.3,633.7,70,0,0,30.8,62,34.9,22.6
2026-09-04T19:40:00+05:30,2026-09-04 19:40:00,30.8,37,24.7,0,0,9.3,148,0,0,0,7.4,5.3,633.7,70,0,0,30.9,62,35.1,22.7
2026-09-04T19:35:00+05:30,2026-09-04 19:35:00,30.9,37,24.5,0,0,9.3,148,0,0,0,7.4,5.3,633.7,69,0,0,30.9,62,35.1,22.7
2026-09-04T19:30:00+05:30,2026-09-04 19:30:00,31,37.3,24.6,0,0,9.3,148,0,0,0,7.4,5.3,633.7,69,0,0,30.9,62,35.1,22.7
2026-09-04T19:25:00+05:30,2026-09-04 19:25:00,31,37.3,24.6,0,0,9.3,148,0,0,0,7.4,5.3,633.7,69,0,0,31,62,35.3,22.8
2026-09-04T19:20:00+05:30,2026-09-04 19:20:00,31,37.3,24.6,0,0,9.3,148,0,0,0,7.4,5.3,633.7,69,0,0,31,62,35.3,22.8
2026-09-04T19:15:00+05:30,2026-09-04 19:15:00,31.1,37.6,24.7,0,0,9.3,148,0,0,0,7.4,5.3,633.7,69,0,0,31,62,35.3,22.8
2026-09-04T19:10:00+05:30,2026-09-04 19:10:00,31.1,37.6,24.7,0,0,9.3,148,0,0,0,7.4,5.3,633.7,69,0,0,31.1,62,35.6,22.9
2026-09-04T19:05:00+05:30,2026-09-04 19:05:00,31.2,37.9,24.8,0,0,9.3,148,0,0,0,7.4,5.3,633.7,69,0,0,31.2,62,35.8,23.1
2026-09-04T19:01:00+05:30,2026-09-04 19:01:00,31.2,37.9,24.8,0,0,9.3,148,0,0,0,7.4,5.3,633.7,69,0,0,31.2,62,35.8,23.1
2026-09-04T18:55:00+05:30,2026-09-04 18:55:00,31.2,37.9,24.8,0,0,9.3,148,0,0,0,7.4,5.3,633.7,69,0,0,31.2,62,35.8,23.1
2026-09-04T18:50:00+05:30,2026-09-04 18:50:00,31.3,38,24.9,0,0,9.3,148,0,0,0,7.4,5.3,633.7,69,0,0,31.3,62,36,23.1
2026-09-04T18:45:00+05:30,2026-09-04 18:45:00,31.3,38,24.9,0,0,9.3,148,0,0,0,7.4,5.3,633.7,69,0,0,31.3,62,36,23.1
2026-09-04T18:40:00+05:30,2026-09-04 18:40:00,31.3,38,24.9,0,0,9.3,148,0,0,0,7.4,5.3,633.7,69,0,0,31.4,62,36.2,23.2
2026-09-04T18:35:00+05:30,2026-09-04 18:35:00,31.4,38,24.8,0,0,9.3,148,0,0,0,7.4,5.3,633.7,68,0,0,31.4,61,35.9,22.9
2026-09-04T18:30:00+05:30,2026-09-04 18:30:00,31.4,38,24.8,0,0,9.3,148,0,0,0,7.4,5.3,633.7,68,0,0,31.5,61,36.2,23.1
2026-09-04T18:25:00+05:30,2026-09-04 18:25:00,31.4,38,24.8,0,0,9.3,148,0,0,0,7.4,5.3,633.7,68,0,0,31.5,61,36.2,23.1
2026-09-04T18:20:00+05:30,2026-09-04 18:20:00,31.4,38,24.8,0,0,9.3,148,0,0,0,7.4,5.3,633.7,68,0,0,31.5,61,36.2,23.1
2026-09-04T18:15:00+05:30,2026-09-04 18:15:00,31.4,38,24.8,0,0,9.3,148,0,0,0,7.4,5.3,633.7,68,0,0,31.6,61,36.4,23.2
2026-09-04T18:10:00+05:30,2026-09-04 18:10:00,31.4,38,24.8,0,0,9.3,148,0,0,0,7.4,5.3,633.7,68,0,0,31.6,61,36.4,23.2
2026-09-04T18:05:00+05:30,2026-09-04 18:05:00,31.4,38.3,25,0,0,9.3,148,0,0,0,7.4,5.3,633.7,69,0,0,31.7,61,36.7,23.3
2026-09-04T18:00:00+05:30,2026-09-04 18:00:00,31.3,38,24.9,0,0,9.3,147,0,0,0,7.4,5.3,633.7,69,0,0,31.8,61,36.8,23.3
2026-09-04T17:56:00+05:30,2026-09-04 17:56:00,31.3,38,24.9,0,0,9.3,148,0,0,0,7.4,5.3,633.7,69,0,0,31.8,61,36.8,23.3
2026-09-04T17:50:00+05:30,2026-09-04 17:50:00,31.3,38,24.9,0,0,9.3,147,0,0,0,7.4,5.3,633.7,69,0,0.1,31.8,61,36.8,23.3
2026-09-04T17:45:00+05:30,2026-09-04 17:45:00,31.4,38.3,25,0,0,9.3,147,0,0,0,7.4,5.3,633.7,69,0,0.1,31.8,61,36.8,23.3
2026-09-04T17:40:00+05:30,2026-09-04 17:40:00,31.5,38.6,25.1,0,0,9.3,147,0,0,0,7.4,5.3,633.7,69,0,0.1,31.9,61,37.1,23.4
2026-09-04T17:35:00+05:30,2026-09-04 17:35:00,31.6,38.9,25.2,0,0,9.3,147,0,0,0,7.4,5.3,633.7,69,0,0.1,31.9,61,37.1,23.4
2026-09-04T17:30:00+05:30,2026-09-04 17:30:00,31.5,38.6,25.1,0,0,9.3,148,0,0,0,7.4,5.3,633.7,69,0,0,32,61,37.4,23.5
2026-09-04T17:25:00+05:30,2026-09-04 17:25:00,31.7,38.9,25.1,0,0,9.3,147,0,0,0,7.4,5.3,633.7,68,0,0,32,61,37.4,23.5
2026-09-04T17:20:00+05:30,2026-09-04 17:20:00,31.9,39.4,25.2,0,0,9.3,147,0,0,0,7.4,5.3,633.7,68,0,0.1,32,61,37.4,23.5
2026-09-04T17:15:00+05:30,2026-09-04 17:15:00,31.9,39.4,25.2,0,0,9.3,147,0,0,0,7.4,5.3,633.7,68,0,0.1,32,61,37.4,23.5
2026-09-04T17:10:00+05:30,2026-09-04 17:10:00,32,39.7,25.3,0,0,9.3,147,0,0,0,7.4,5.3,633.7,68,0,0.1,32.1,61,37.7,23.6
2026-09-04T17:05:00+05:30,2026-09-04 17:05:00,32.1,39.6,25.2,0,0,9.3,148,0,0,0,7.4,5.3,633.7,67,0,0.1,32.1,61,37.7,23.6
2026-09-04T17:00:00+05:30,2026-09-04 17:00:00,32.1,39.6,25.2,0,0,9.3,147,0,0,0,7.4,5.3,633.7,67,0,0.4,32.1,61,37.7,23.6
2026-09-04T16:55:00+05:30,2026-09-04 16:55:00,32.1,39.6,25.2,0,0,9.3,147,0,0,0,7.4,5.3,633.7,67,0,0.3,32.2,60,37.6,23.4
2026-09-04T16:50:00+05:30,2026-09-04 16:50:00,32.2,40,25.3,0,0,9.3,147,0,0,0,7.4,5.3,633.7,67,0,0.6,32.2,60,37.6,23.4
2026-09-04T16:45:00+05:30,2026-09-04 16:45:00,32.2,40,25.3,0,0,9.3,147,0,0,0,7.4,5.3,633.7,67,0,0.5,32.3,60,37.7,23.5
2026-09-04T16:40:00+05:30,2026-09-04 16:40:00,32.3,40.1,25.3,0,0,9.3,147,0,0,0,7.4,5.3,633.7,67,0,0.5,32.3,60,37.7,23.5
2026-09-04T16:36:00+05:30,2026-09-04 16:36:00,32.3,39.8,25.1,0,0,9.3,147,0,0,0,7.4,5.3,633.7,66,0,0.8,32.3,60,37.7,23.5
2026-09-04T16:30:00+05:30,2026-09-04 16:30:00,32.3,39.8,25.1,0,0,9.3,147,0,0,0,7.4,5.3,633.7,66,0,0.9,32.4,60,38,23.6
2026-09-04T16:25:00+05:30,2026-09-04 16:25:00,32.3,40.1,25.3,0,0,9.3,147,0,0,0,7.4,5.3,633.7,67,0,0.9,32.4,60,38,23.6
2026-09-04T16:20:00+05:30,2026-09-04 16:20:00,32.3,40.1,25.3,0,0,9.3,147,0,0,0,7.4,5.3,633.7,67,0,0.8,32.5,60,38.3,23.7
2026-09-04T16:15:00+05:30,2026-09-04 16:15:00,32.3,40.1,25.3,0,0,9.3,147,0,0,0,7.4,5.3,633.7,67,0,0.8,32.4,60,38,23.6
2026-09-04T16:10:00+05:30,2026-09-04 16:10:00,32.3,40.1,25.3,0,0,9.3,147,0,0,0,7.4,5.3,633.7,67,0,0.7,32.4,60,38,23.6
2026-09-04T16:05:00+05:30,2026-09-04 16:05:00,32.4,40.4,25.5,0,0,9.3,147,0,0,0,7.4,5.3,633.7,67,0,0.6,32.5,60,38.3,23.7
2026-09-04T16:00:00+05:30,2026-09-04 16:00:00,32.3,40.1,25.3,0,0,9.3,147,0,0,0,7.4,5.3,633.7,67,0,0.7,32.4,60,38,23.6
2026-09-04T15:55:00+05:30,2026-09-04 15:55:00,32.4,40.1,25.2,0,0,9.3,147,0,0,0,7.4,5.3,633.7,66,0,0.6,32.4,60,38,23.6
2026-09-04T15:50:00+05:30,2026-09-04 15:50:00,32.4,40.1,25.2,0,0,9.3,147,0,0,0,7.4,5.3,633.7,66,0,0.5,32.4,60,38,23.6
2026-09-04T15:45:00+05:30,2026-09-04 15:45:00,32.6,40.7,25.4,0,0,9.3,147,0,0,0,7.4,5.3,633.7,66,0,0.6,32.4,60,38,23.6
2026-09-04T15:40:00+05:30,2026-09-04 15:40:00,32.6,40.7,25.4,0,0,9.3,147,0,0,0,7.4,5.3,633.7,66,0,0.5,32.4,60,38,23.6
2026-09-04T15:35:00+05:30,2026-09-04 15:35:00,32.7,40.6,25.3,0,0,9.3,147,0,0,0,7.4,5.3,633.7,65,0,0.5,32.4,60,38,23.6
2026-09-04T15:31:00+05:30,2026-09-04 15:31:00,32.7,40.6,25.3,0,0,9.3,147,0,0,0,7.4,5.3,633.7,65,0,0.5,32.4,60,38,23.6
2026-09-04T15:25:00+05:30,2026-09-04 15:25:00,32.6,40.7,25.4,0,0,9.3,147,0,0,0,7.4,5.3,633.7,66,0,0.9,32.4,60,38,23.6
2026-09-04T15:20:00+05:30,2026-09-04 15:20:00,32.6,40.7,25.4,0,0,9.3,147,0,0,0,7.4,5.3,633.7,66,0,1.1,32.4,60,38,23.6
2026-09-04T15:15:00+05:30,2026-09-04 15:15:00,32.6,40.3,25.2,0,0,9.3,148,0,0,0,7.4,5.3,633.7,65,0,0.9,32.3,60,37.7,23.5
2026-09-04T15:10:00+05:30,2026-09-04 15:10:00,32.6,40.3,25.2,0,0,9.3,147,0,0,0,7.4,5.3,633.7,65,0,1.4,32.3,60,37.7,23.5
2026-09-04T15:05:00+05:30,2026-09-04 15:05:00,32.5,40,25,0,0,9.3,147,0,0,0,7.4,5.3,633.7,65,0,1.3,32.3,60,37.7,23.5
2026-09-04T15:00:00+05:30,2026-09-04 15:00:00,32.4,40.1,25.2,0,0,9.3,147,0,0,0,7.4,5.3,633.7,66,0,1.3,32.3,60,37.7,23.5
2026-09-04T14:55:00+05:30,2026-09-04 14:55:00,32.4,39.7,24.9,0,0,9.3,147,0,0,0,7.4,5.3,633.7,65,0,1.1,32.3,60,37.7,23.5
2026-09-04T14:50:00+05:30,2026-09-04 14:50:00,32.4,40.1,25.2,0,0,9.3,145,0,0,0,7.4,5.3,633.7,66,0,1.3,32.3,61,38.1,23.8
2026-09-04T14:45:00+05:30,2026-09-04 14:45:00,32.4,40.1,25.2,0,0,9.3,147,0,0,0,7.4,5.3,633.7,66,0,1.2,32.2,61,37.9,23.7
2026-09-04T14:40:00+05:30,2026-09-04 14:40:00,32.5,40.4,25.3,0,0,9.3,150,0,0,0,7.4,5.3,633.7,66,0,1.3,32.2,61,37.9,23.7
2026-09-04T14:35:00+05:30,2026-09-04 14:35:00,32.4,40.1,25.2,0,0,9.3,147,0,0,0,7.4,5.3,633.7,66,0,1.3,32.1,61,37.7,23.6
2026-09-04T14:30:00+05:30,2026-09-04 14:30:00,32.3,39.8,25.1,0,0,9.3,147,0,0,0,7.4,5.3,633.7,66,0,1.2,32.1,60,37.3,23.3
2026-09-04T14:26:00+05:30,2026-09-04 14:26:00,32.3,39.8,25.1,0,0,9.3,147,0,0,0,7.4,5.3,633.7,66,0,1.2,32,60,37.1,23.2
2026-09-04T14:20:00+05:30,2026-09-04 14:20:00,32.2,39.6,25,0,0,9.3,147,0,0,0,7.4,5.3,633.7,66,0,1.2,32,60,37.1,23.2
2026-09-04T14:15:00+05:30,2026-09-04 14:15:00,32.1,39.3,24.9,0,0,9.3,146,0,0,0,7.4,5.3,633.7,66,0,0.8,31.9,60,36.8,23.1
2026-09-04T14:10:00+05:30,2026-09-04 14:10:00,32,38.7,24.6,0,0,9.3,146,0,0,0,7.4,5.3,633.7,65,0,1,31.9,60,36.8,23.1
2026-09-04T14:05:00+05:30,2026-09-04 14:05:00,31.9,38.4,24.5,0,0,9.3,147,0,0,0,7.4,5.3,633.7,65,0,1,31.8,60,36.6,23.1
2026-09-04T14:00:00+05:30,2026-09-04 14:00:00,31.8,38.4,24.6,0,0,9.3,147,0,0,0,7.4,5.3,633.7,66,0,0.9,31.8,60,36.6,23.1
2026-09-04T13:55:00+05:30,2026-09-04 13:55:00,31.8,38.4,24.6,0,0,9.3,147,0,0,0,7.4,5.3,633.7,66,0,0.9,31.7,61,36.7,23.3
2026-09-04T13:50:00+05:30,2026-09-04 13:50:00,31.7,38.6,24.8,0,0,9.3,147,0,0,0,7.4,5.3,633.7,67,0,0.9,31.7,61,36.7,23.3
2026-09-04T13:45:00+05:30,2026-09-04 13:45:00,31.7,38.6,24.8,0,0,9.3,147,0,0,0,7.4,5.3,633.7,67,0,1,31.6,61,36.4,23.2
2026-09-04T13:40:00+05:30,2026-09-04 13:40:00,31.7,38.6,24.8,0,9.3,9.3,147,0,0,0,7.4,5.3,633.7,67,0,1,31.6,62,36.8,23.4
2026-09-04T13:35:00+05:30,2026-09-04 13:35:00,31.6,38.6,25,0,0,0,122,0,0,0,7.4,5.3,633.7,68,0,1,31.5,61,36.2,23.1
2026-09-04T13:30:00+05:30,2026-09-04 13:30:00,31.6,38.3,24.7,0,0,0,122,0,0,0,7.4,5.3,633.7,67,0,1,31.4,62,36.2,23.2
2026-09-04T13:25:00+05:30,2026-09-04 13:25:00,31.5,38,24.6,0,0,0,122,0,0,0,7.4,5.3,633.7,67,0,0.9,31.3,61,35.7,22.8
2026-09-04T13:20:00+05:30,2026-09-04 13:20:00,31.4,37.7,24.5,0,0,0,122,0,0,0,7.4,5.3,633.7,67,0,0.9,31.3,62,36,23.1
2026-09-04T13:15:00+05:30,2026-09-04 13:15:00,31.4,38,24.8,0,0,0,122,0,0,0,7.4,5.3,633.7,68,0,0.8,31.2,62,35.8,23.1
2026-09-04T13:10:00+05:30,2026-09-04 13:10:00,31.3,37.4,24.4,0,0,0,122,0,0,0,7.4,5.3,633.7,67,0,0.8,31.1,62,35.6,22.9
2026-09-04T13:05:00+05:30,2026-09-04 13:05:00,31.2,37.3,24.3,0,0,0,122,0,0,0,7.4,5.3,633.7,67,0,0.8,31,62,35.3,22.8
2026-09-04T13:00:00+05:30,2026-09-04 13:00:00,31.3,37.4,24.4,0,0,0,122,0,0,0,7.4,5.3,633.7,67,0,0.4,31,62,35.3,22.8
2026-09-04T12:55:00+05:30,2026-09-04 12:55:00,31.3,37.4,24.4,0,0,0,122,0,0,0,7.4,5.3,633.7,67,0,0.9,31,62,35.3,22.8
2026-09-04T12:50:00+05:30,2026-09-04 12:50:00,31.2,37,24.1,0,0,0,122,0,0,0,7.4,5.3,633.7,66,0,0.8,30.9,62,35.1,22.7
2026-09-04T12:45:00+05:30,2026-09-04 12:45:00,31.2,37,24.1,0,0,0,122,0,0,0,7.4,5.3,633.7,66,0,0.8,30.9,62,35.1,22.7
2026-09-04T12:40:00+05:30,2026-09-04 12:40:00,31.1,37,24.2,0,0,0,122,0,0,0,7.4,5.3,633.7,67,0,0.4,30.8,62,34.9,22.6
2026-09-04T12:35:00+05:30,2026-09-04 12:35:00,31.1,36.7,24,0,0,0,122,0,0,0,7.4,5.3,633.7,66,0,0.8,30.8,62,34.9,22.6
2026-09-04T12:30:00+05:30,2026-09-04 12:30:00,31.1,37,24.2,0,0,0,122,0,0,0,7.4,5.3,633.7,67,0,0.4,30.7,63,35,22.8
2026-09-04T12:25:00+05:30,2026-09-04 12:25:00,31,36.7,24.1,0,0,0,122,0,0,0,7.4,5.3,633.7,67,0,1,30.6,63,34.7,22.7
2026-09-04T12:20:00+05:30,2026-09-04 12:20:00,30.9,36.7,24.3,0,0,0,122,0,0,0,7.4,5.3,633.7,68,0,0.9,30.5,63,34.5,22.7
2026-09-04T12:15:00+05:30,2026-09-04 12:15:00,30.8,36.2,23.9,0,0,0,122,0,0,0,7.4,5.3,633.7,67,0,0.8,30.5,63,34.5,22.7
2026-09-04T12:10:00+05:30,2026-09-04 12:10:00,30.7,36,23.9,0,0,0,122,0,0,0,7.4,5.3,633.7,67,0,0.9,30.4,63,34.3,22.6
2026-09-04T12:05:00+05:30,2026-09-04 12:05:00,30.6,36,24,0,0,0,122,0,0,0,7.4,5.3,633.7,68,0,0.9,30.3,63,34.1,22.4
2026-09-04T12:01:00+05:30,2026-09-04 12:01:00,30.6,36,24,0,0,0,122,0,0,0,7.4,5.3,633.7,68,0,0.8,30.2,63,33.9,22.4
2026-09-04T11:55:00+05:30,2026-09-04 11:55:00,30.4,35.5,23.8,0,0,0,122,0,0,0,7.4,5.3,633.7,68,0,0.8,30.2,63,33.9,22.4
2026-09-04T11:50:00+05:30,2026-09-04 11:50:00,30.4,35.5,23.8,0,0,0,122,0,0,0,7.4,5.3,633.7,68,0,0.5,30.1,64,33.9,22.6
2026-09-04T11:45:00+05:30,2026-09-04 11:45:00,30.3,35.5,23.9,0,0,0,122,0,0,0,7.4,5.3,633.7,69,0,0.4,30,64,33.7,22.4
2026-09-04T11:40:00+05:30,2026-09-04 11:40:00,30.3,35.5,23.9,0,0,0,122,0,5.3,0,7.4,5.3,633.7,69,0,0.9,30,64,33.7,22.4
2026-09-04T11:35:00+05:30,2026-09-04 11:35:00,30.2,35.3,23.9,0,0,0,122,0,5.3,0,7.4,5.3,633.7,69,0,0.8,29.9,64,33.4,22.3
2026-09-04T11:30:00+05:30,2026-09-04 11:30:00,30.1,35.1,23.8,0,0,0,122,0,5.3,0,7.4,5.3,633.7,69,0,0.4,29.8,64,33.2,22.2
2026-09-04T11:25:00+05:30,2026-09-04 11:25:00,30,34.8,23.7,0,0,0,122,0,5.3,0,7.4,5.3,633.7,69,0,0.9,29.8,64,33.2,22.2
2026-09-04T11:20:00+05:30,2026-09-04 11:20:00,30,34.8,23.7,0,0,0,122,0,5.3,0,7.4,5.3,633.7,69,0,0.9,29.7,64,33.1,22.2
2026-09-04T11:15:00+05:30,2026-09-04 11:15:00,30,35,23.9,0,0,0,122,0,5.3,0,7.4,5.3,633.7,70,0,0.3,29.6,64,32.9,22.1
2026-09-04T11:10:00+05:30,2026-09-04 11:10:00,29.9,34.8,23.8,0,0,0,122,0,5.3,0,7.4,5.3,633.7,70,0,0.8,29.5,65,32.8,22.2
2026-09-04T11:05:00+05:30,2026-09-04 11:05:00,29.8,34.5,23.7,0,0,0,122,0,5.3,0,7.4,5.3,633.7,70,0,0.8,29.4,65,32.6,22.1
2026-09-04T11:00:00+05:30,2026-09-04 11:00:00,29.7,34.4,23.6,0,0,0,122,0,5.3,0,7.4,5.3,633.7,70,0,0.9,29.3,65,32.4,22
2026-09-04T10:56:00+05:30,2026-09-04 10:56:00,29.6,34.1,23.5,0,0,0,122,0,5.3,0,7.4,5.3,633.7,70,0,0.4,29.3,65,32.4,22
2026-09-04T10:50:00+05:30,2026-09-04 10:50:00,29.5,34.1,23.7,0,0,0,122,0,5.3,0,7.4,5.3,633.7,71,0,0.8,29.2,66,32.4,22.2
2026-09-04T10:45:00+05:30,2026-09-04 10:45:00,29.4,33.8,23.6,0,0,0,122,0,5.3,0,7.4,5.3,633.7,71,0,0.8,29.1,66,32.2,22.1
2026-09-04T10:40:00+05:30,2026-09-04 10:40:00,29.3,33.8,23.7,0,0,0,122,0,5.3,0,7.4,5.3,633.7,72,0,0.7,29,66,32,22
2026-09-04T10:35:00+05:30,2026-09-04 10:35:00,29.2,33.6,23.6,0,0,0,122,0,5.3,0,7.4,5.3,633.7,72,0,0.8,28.9,66,31.8,21.9
2026-09-04T10:30:00+05:30,2026-09-04 10:30:00,29.2,33.6,23.6,0,0,0,122,0,5.3,0,7.4,5.3,633.7,72,0,0.8,28.9,66,31.8,21.9
2026-09-04T10:25:00+05:30,2026-09-04 10:25:00,29.1,33.4,23.5,0,0,0,122,0,5.3,0,7.4,5.3,633.7,72,0,0.8,28.8,66,31.6,21.8
2026-09-04T10:20:00+05:30,2026-09-04 10:20:00,29.1,33.4,23.5,0,0,0,122,0,5.3,0,7.4,5.3,633.7,72,0,0.9,28.7,66,31.4,21.7
2026-09-04T10:15:00+05:30,2026-09-04 10:15:00,29,32.9,23.2,0,0,0,122,0,5.3,0,7.4,5.3,633.7,71,0,0.9,28.7,66,31.4,21.7
2026-09-04T10:10:00+05:30,2026-09-04 10:10:00,28.9,32.7,23.1,0,0,0,122,0,5.3,0,7.4,5.3,633.7,71,0,0.8,28.6,66,31.3,21.6
2026-09-04T10:05:00+05:30,2026-09-04 10:05:00,28.8,32.6,23.2,0,0,0,122,0,5.3,0,7.4,5.3,633.7,72,0,0.9,28.6,66,31.3,21.6
2026-09-04T10:00:00+05:30,2026-09-04 10:00:00,28.7,32.5,23.2,0,0,0,122,0,5.3,0,7.4,5.3,633.7,72,0,0.9,28.5,66,31.1,21.5
2026-09-04T09:55:00+05:30,2026-09-04 09:55:00,28.7,32.7,23.4,0,0,0,122,0,5.3,0,7.4,5.3,633.7,73,0,0.9,28.4,67,31,21.7
2026-09-04T09:51:00+05:30,2026-09-04 09:51:00,28.6,32.6,23.5,0,0,0,122,0,5.3,0,7.4,5.3,633.7,74,0,1,28.4,68,31.1,21.9
2026-09-04T09:45:00+05:30,2026-09-04 09:45:00,28.5,32.5,23.6,0,0,0,122,0,5.3,0,7.4,5.3,633.7,75,0,1.1,28.3,68,30.9,21.8
2026-09-04T09:40:00+05:30,2026-09-04 09:40:00,28.5,32.5,23.6,0,0,0,122,0,5.3,0,7.4,5.3,633.7,75,0,1.1,28.2,68,30.8,21.7
2026-09-04T09:35:00+05:30,2026-09-04 09:35:00,28.4,32.1,23.3,0,0,0,122,0,5.3,0,7.4,5.3,633.7,74,0,1.2,28.2,68,30.8,21.7
2026-09-04T09:30:00+05:30,2026-09-04 09:30:00,28.4,32.1,23.3,0,0,0,122,0,5.3,0,7.4,5.3,633.7,74,0,0.5,28.1,68,30.6,21.6
2026-09-04T09:25:00+05:30,2026-09-04 09:25:00,28.3,31.8,23.2,0,0,0,122,0,5.3,0,7.4,5.3,633.7,74,0,0.8,28.1,68,30.6,21.6
2026-09-04T09:20:00+05:30,2026-09-04 09:20:00,28.2,31.7,23.1,0,0,0,122,0,5.3,0,7.4,5.3,633.7,74,0,0.8,28,68,30.4,21.6
2026-09-04T09:15:00+05:30,2026-09-04 09:15:00,28.2,31.7,23.1,0,0,0,122,0,5.3,0,7.4,5.3,633.7,74,0,0.6,28,68,30.4,21.6
2026-09-04T09:10:00+05:30,2026-09-04 09:10:00,28.1,31.6,23.3,0,0,0,122,0,5.3,0,7.4,5.3,633.7,75,0,0.5,27.9,68,30.2,21.4
2026-09-04T09:05:00+05:30,2026-09-04 09:05:00,28,31.4,23.1,0,0,0,122,0,5.3,0,7.4,5.3,633.7,75,0,0.8,27.8,68,30,21.3
2026-09-04T09:00:00+05:30,2026-09-04 09:00:00,28,31.4,23.1,0,0,0,122,0,5.3,0,7.4,5.3,633.7,75,0,1.8,27.8,68,30,21.3
2026-09-04T08:55:00+05:30,2026-09-04 08:55:00,27.9,31.1,23,0,0,0,122,0,5.3,0,7.4,5.3,633.7,75,0,1.2,27.7,68,29.9,21.3
2026-09-04T08:50:00+05:30,2026-09-04 08:50:00,27.7,30.9,23.1,0,0,0,122,0,5.3,0,7.4,5.3,633.7,76,0,1.6,27.6,68,29.7,21.2
2026-09-04T08:46:00+05:30,2026-09-04 08:46:00,27.5,30.4,22.9,0,0,0,122,0,5.3,0,7.4,5.3,633.7,76,0,1.6,27.6,68,29.7,21.2
2026-09-04T08:40:00+05:30,2026-09-04 08:40:00,27.4,30.2,22.8,0,0,0,122,0,5.3,0,7.4,5.3,633.7,76,0,1.5,27.6,68,29.7,21.2
2026-09-04T08:35:00+05:30,2026-09-04 08:35:00,27.4,30.2,22.8,0,0,0,122,0,5.3,0,7.4,5.3,633.7,76,0,0.1,27.5,68,29.5,21.1
2026-09-04T08:30:00+05:30,2026-09-04 08:30:00,27.3,29.9,22.7,0,0,0,122,0,5.3,0,7.4,5.3,633.7,76,0,0.1,27.5,68,29.5,21.1
2026-09-04T08:25:00+05:30,2026-09-04 08:25:00,27.3,29.9,22.7,0,0,0,122,0,5.3,0,7.4,5.3,633.7,76,0,0.1,27.5,68,29.5,21.1
2026-09-04T08:20:00+05:30,2026-09-04 08:20:00,27.3,29.9,22.7,0,0,0,122,0,5.3,0,7.4,5.3,633.7,76,0,0.1,27.4,68,29.3,20.9
2026-09-04T08:15:00+05:30,2026-09-04 08:15:00,27.2,29.7,22.4,0,0,0,122,0,5.3,0,7.4,5.3,633.7,75,0,0.1,27.4,68,29.3,20.9
2026-09-04T08:10:00+05:30,2026-09-04 08:10:00,27.2,29.7,22.4,0,0,0,122,0,5.3,0,7.4,5.3,633.7,75,0,0.1,27.4,68,29.3,20.9
2026-09-04T08:05:00+05:30,2026-09-04 08:05:00,27.2,29.7,22.4,0,0,0,122,0,5.3,0,7.4,5.3,633.7,75,0,0.1,27.3,68,29.2,20.8
2026-09-04T08:00:00+05:30,2026-09-04 08:00:00,27.2,29.7,22.4,0,0,0,122,0,5.3,0,7.4,5.3,633.7,75,0,0.1,27.3,68,29.2,20.8
2026-09-04T07:55:00+05:30,2026-09-04 07:55:00,27.1,29.5,22.3,0,0,0,122,0,5.3,0,7.4,5.3,633.7,75,0,0.1,27.3,68,29.2,20.8
2026-09-04T07:50:00+05:30,2026-09-04 07:50:00,27.1,29.5,22.3,0,0,0,122,0,5.3,0,7.4,5.3,633.7,75,0,0.1,27.3,68,29.2,20.8
2026-09-04T07:45:00+05:30,2026-09-04 07:45:00,27.1,29.6,22.5,0,0,0,122,0,5.3,0,7.4,5.3,633.7,76,0,0.1,27.3,68,29.2,20.8
2026-09-04T07:40:00+05:30,2026-09-04 07:40:00,27,29.4,22.4,0,0,0,122,0,5.3,0,7.4,5.3,633.7,76,0,0.1,27.2,68,29.1,20.8
2026-09-04T07:35:00+05:30,2026-09-04 07:35:00,27,29.4,22.4,0,0,0,122,0,5.3,0,7.4,5.3,633.7,76,0,0.1,27.2,68,29.1,20.8
2026-09-04T07:30:00+05:30,2026-09-04 07:30:00,27,29.4,22.4,0,0,0,122,0,5.3,0,7.4,5.3,633.7,76,0,0.1,27.2,68,29.1,20.8
2026-09-04T07:25:00+05:30,2026-09-04 07:25:00,27,29.4,22.4,0,0,0,123,0,5.3,0,7.4,5.3,633.7,76,0,0.1,27.2,68,29.1,20.8
2026-09-04T07:20:00+05:30,2026-09-04 07:20:00,27,29.4,22.4,0,0,0,123,0,5.3,0,7.4,5.3,633.7,76,0,0.1,27.1,68,28.9,20.7
2026-09-04T07:15:00+05:30,2026-09-04 07:15:00,27,29.4,22.4,0,0,0,123,0,5.3,0,7.4,5.3,633.7,76,0,0.1,27.1,68,28.9,20.7
2026-09-04T07:10:00+05:30,2026-09-04 07:10:00,27,29.5,22.6,0,0,0,123,0,5.3,0,7.4,5.3,633.7,77,0,0.1,27.1,68,28.9,20.7
2026-09-04T07:05:00+05:30,2026-09-04 07:05:00,27,29.5,22.6,0,0,0,123,0,5.3,0,7.4,5.3,633.7,77,0,0.1,27,68,28.7,20.6
2026-09-04T07:00:00+05:30,2026-09-04 07:00:00,27,29.4,22.4,0,0,0,123,0,5.3,0,7.4,5.3,633.7,76,0,0.1,27,68,28.7,20.6
2026-09-04T06:55:00+05:30,2026-09-04 06:55:00,27,29.4,22.4,0,0,0,122,0,5.3,0,7.4,5.3,633.7,76,0,0.1,27,68,28.7,20.6
2026-09-04T06:50:00+05:30,2026-09-04 06:50:00,27,29.4,22.4,0,0,0,122,0,5.3,0,7.4,5.3,633.7,76,0,0,26.9,68,28.5,20.4
2026-09-04T06:45:00+05:30,2026-09-04 06:45:00,27,29.4,22.4,0,0,0,122,0,5.3,0,7.4,5.3,633.7,76,0,0,26.9,68,28.5,20.4
2026-09-04T06:40:00+05:30,2026-09-04 06:40:00,26.9,29.2,22.3,0,0,0,122,0,5.3,0,7.4,5.3,633.7,76,0,0,26.9,68,28.5,20.4
2026-09-04T06:35:00+05:30,2026-09-04 06:35:00,27,29.4,22.4,0,0,0,122,0,5.3,0,7.4,5.3,633.7,76,0,0,27,68,28.7,20.6
2026-09-04T06:30:00+05:30,2026-09-04 06:30:00,27,29.4,22.4,0,0,0,122,0,5.3,0,7.4,5.3,633.7,76,0,0,27,68,28.7,20.6
2026-09-04T06:25:00+05:30,2026-09-04 06:25:00,27.1,29.6,22.5,0,0,0,122,0,5.3,0,7.4,5.3,633.7,76,0,0,26.9,68,28.5,20.4
2026-09-04T06:21:00+05:30,2026-09-04 06:21:00,27.1,29.6,22.5,0,0,0,122,0,5.3,0,7.4,5.3,633.7,76,0,0,26.9,68,28.5,20.4
2026-09-04T06:15:00+05:30,2026-09-04 06:15:00,27.1,29.6,22.5,0,0,0,122,0,5.3,0,7.4,5.3,633.7,76,0,0,26.9,68,28.5,20.4
2026-09-04T06:10:00+05:30,2026-09-04 06:10:00,27.1,29.6,22.5,0,0,0,122,0,5.3,0,7.4,5.3,633.7,76,0,0,26.9,68,28.5,20.4
2026-09-04T06:05:00+05:30,2026-09-04 06:05:00,27.1,29.6,22.5,0,0,0,122,0,5.3,0,7.4,5.3,633.7,76,0,0,27,68,28.7,20.6
2026-09-04T06:00:00+05:30,2026-09-04 06:00:00,27.1,29.6,22.5,0,0,0,122,0,5.3,0,7.4,5.3,633.7,76,0,0,27,68,28.7,20.6
2026-09-04T05:55:00+05:30,2026-09-04 05:55:00,27.1,29.6,22.5,0,0,0,122,0,5.3,0,7.4,5.3,633.7,76,0,0,27.1,68,28.9,20.7
2026-09-04T05:50:00+05:30,2026-09-04 05:50:00,27.1,29.6,22.5,0,0,0,122,0,5.3,0,7.4,5.3,633.7,76,0,0,27.1,68,28.9,20.7
2026-09-04T05:45:00+05:30,2026-09-04 05:45:00,27.1,29.6,22.5,0,0,0,122,0,5.3,0,7.4,5.3,633.7,76,0,0,27.1,68,28.9,20.7
2026-09-04T05:40:00+05:30,2026-09-04 05:40:00,27.1,29.6,22.5,0,0,0,122,0,5.3,0,7.4,5.3,633.7,76,0,0,27.1,68,28.9,20.7
2026-09-04T05:35:00+05:30,2026-09-04 05:35:00,27.1,29.6,22.5,0,0,0,122,0,5.3,0,7.4,5.3,633.7,76,0,0,27.1,68,28.9,20.7
2026-09-04T05:30:00+05:30,2026-09-04 05:30:00,27.1,29.6,22.5,0,0,0,122,0,5.3,0,7.4,5.3,633.7,76,0,0,27.2,68,29.1,20.8
2026-09-04T05:25:00+05:30,2026-09-04 05:25:00,27.1,29.6,22.5,0,0,0,122,0,5.3,0,7.4,5.3,633.7,76,0,0,27.2,68,29.1,20.8
2026-09-04T05:20:00+05:30,2026-09-04 05:20:00,27.1,29.6,22.5,0,0,0,122,0,5.3,0,7.4,5.3,633.7,76,0,0,27.2,68,29.1,20.8
2026-09-04T05:16:00+05:30,2026-09-04 05:16:00,27.1,29.6,22.5,0,0,0,122,0,5.3,0,7.4,5.3,633.7,76,0,0,27.2,68,29.1,20.8
2026-09-04T05:10:00+05:30,2026-09-04 05:10:00,27.1,29.6,22.5,0,0,0,122,0,5.3,0,7.4,5.3,633.7,76,0,0,27.2,67,28.9,20.6
2026-09-04T05:05:00+05:30,2026-09-04 05:05:00,27.1,29.6,22.5,0,0,0,122,0,5.3,0,7.4,5.3,633.7,76,0,0,27.2,67,28.9,20.6
2026-09-04T05:00:00+05:30,2026-09-04 05:00:00,27.1,29.5,22.3,0,0,0,122,0,5.3,0,7.4,5.3,633.7,75,0,0,27.2,67,28.9,20.6
2026-09-04T04:55:00+05:30,2026-09-04 04:55:00,27.1,29.5,22.3,0,0,0,122,0,5.3,0,7.4,5.3,633.7,75,0,0,27.2,67,28.9,20.6
2026-09-04T04:50:00+05:30,2026-09-04 04:50:00,27.1,29.5,22.3,0,0,0,122,0,5.3,0,7.4,5.3,633.7,75,0,0,27.2,67,28.9,20.6
2026-09-04T04:45:00+05:30,2026-09-04 04:45:00,27.1,29.5,22.3,0,0,0,122,0,5.3,0,7.4,5.3,633.7,75,0,0,27.2,67,28.9,20.6
2026-09-04T04:40:00+05:30,2026-09-04 04:40:00,27.1,29.5,22.3,0,0,0,122,0,5.3,0,7.4,5.3,633.7,75,0,0,27.2,67,28.9,20.6
2026-09-04T04:35:00+05:30,2026-09-04 04:35:00,27.1,29.5,22.3,0,0,0,122,0,5.3,0,7.4,5.3,633.7,75,0,0,27.2,67,28.9,20.6
2026-09-04T04:30:00+05:30,2026-09-04 04:30:00,27.1,29.5,22.3,0,0,0,122,0,5.3,0,7.4,5.3,633.7,75,0,0,27.2,67,28.9,20.6
2026-09-04T04:25:00+05:30,2026-09-04 04:25:00,27.1,29.5,22.3,0,0,0,122,0,5.3,0,7.4,5.3,633.7,75,0,0,27.3,67,29.1,20.6
2026-09-04T04:20:00+05:30,2026-09-04 04:20:00,27.1,29.5,22.3,0,0,0,122,0,5.3,0,7.4,5.3,633.7,75,0,0,27.3,67,29.1,20.6
2026-09-04T04:15:00+05:30,2026-09-04 04:15:00,27.1,29.5,22.3,0,0,0,122,0,5.3,0,7.4,5.3,633.7,75,0,0,27.3,67,29.1,20.6
2026-09-04T04:11:00+05:30,2026-09-04 04:11:00,27.1,29.5,22.3,0,0,0,122,0,5.3,0,7.4,5.3,633.7,75,0,0,27.3,67,29.1,20.6
2026-09-04T04:05:00+05:30,2026-09-04 04:05:00,27.1,29.5,22.3,0,0,0,122,0,5.3,0,7.4,5.3,633.7,75,0,0,27.3,67,29.1,20.6
2026-09-04T04:00:00+05:30,2026-09-04 04:00:00,27.2,29.7,22.4,0,0,0,122,0,5.3,0,7.4,5.3,633.7,75,0,0,27.3,67,29.1,20.6
2026-09-04T03:55:00+05:30,2026-09-04 03:55:00,27.1,29.5,22.3,0,0,0,122,0,5.3,0,7.4,5.3,633.7,75,0,0,27.3,67,29.1,20.6
2026-09-04T03:50:00+05:30,2026-09-04 03:50:00,27.1,29.5,22.3,0,0,0,122,0,5.3,0,7.4,5.3,633.7,75,0,0,27.4,67,29.2,20.7
2026-09-04T03:45:00+05:30,2026-09-04 03:45:00,27.1,29.5,22.3,0,0,0,122,0,5.3,0,7.4,5.3,633.7,75,0,0,27.4,67,29.2,20.7
2026-09-04T03:40:00+05:30,2026-09-04 03:40:00,27.2,29.7,22.4,0,0,0,122,0,5.3,0,7.4,5.3,633.7,75,0,0,27.4,67,29.2,20.7
2026-09-04T03:35:00+05:30,2026-09-04 03:35:00,27.2,29.7,22.4,0,0,0,122,0,5.3,0,7.4,5.3,633.7,75,0,0,27.4,67,29.2,20.7
2026-09-04T03:30:00+05:30,2026-09-04 03:30:00,27.2,29.7,22.4,0,0,0,122,0,5.3,0,7.4,5.3,633.7,75,0,0,27.4,67,29.2,20.7
2026-09-04T03:25:00+05:30,2026-09-04 03:25:00,27.2,29.7,22.4,0,0,0,122,0,5.3,0,7.4,5.3,633.7,75,0,0,27.4,67,29.2,20.7
2026-09-04T03:20:00+05:30,2026-09-04 03:20:00,27.2,29.7,22.4,0,0,0,122,0,5.3,0,7.4,5.3,633.7,75,0,0,27.4,67,29.2,20.7
2026-09-04T03:16:00+05:30,2026-09-04 03:16:00,27.2,29.7,22.4,0,0,0,122,0,5.3,0,7.4,5.3,633.7,75,0,0,27.5,67,29.4,20.8
2026-09-04T03:10:00+05:30,2026-09-04 03:10:00,27.3,29.8,22.4,0,0,0,122,0,5.3,0,7.4,5.3,633.7,75,0,0,27.5,67,29.4,20.8
2026-09-04T03:06:00+05:30,2026-09-04 03:06:00,27.3,29.8,22.4,0,0,0,122,0,5.3,0,7.4,5.3,633.7,75,0,0,27.5,67,29.4,20.8
2026-09-04T03:00:00+05:30,2026-09-04 03:00:00,27.3,29.8,22.4,0,0,0,122,0,5.3,0,7.4,5.3,633.7,75,0,0,27.5,67,29.4,20.8
2026-09-04T02:55:00+05:30,2026-09-04 02:55:00,27.4,30.1,22.6,0,0,0,122,0,5.3,0,7.4,5.3,633.7,75,0,0,27.5,67,29.4,20.8
2026-09-04T02:50:00+05:30,2026-09-04 02:50:00,27.4,30.1,22.6,0,0,0,122,0,5.3,0,7.4,5.3,633.7,75,0,0,27.6,67,29.6,20.9
2026-09-04T02:45:00+05:30,2026-09-04 02:45:00,27.4,30.1,22.6,0,0,0,122,0,5.3,0,7.4,5.3,633.7,75,0,0,27.6,67,29.6,20.9
2026-09-04T02:40:00+05:30,2026-09-04 02:40:00,27.4,30.1,22.6,0,0,0,122,0,5.3,0,7.4,5.3,633.7,75,0,0,27.6,67,29.6,20.9
2026-09-04T02:35:00+05:30,2026-09-04 02:35:00,27.4,30.1,22.6,0,0,0,122,0,5.3,0,7.4,5.3,633.7,75,0,0,27.6,67,29.6,20.9
2026-09-04T02:30:00+05:30,2026-09-04 02:30:00,27.4,30.1,22.6,0,0,0,122,0,5.3,0,7.4,5.3,633.7,75,0,0,27.6,67,29.6,20.9
2026-09-04T02:25:00+05:30,2026-09-04 02:25:00,27.5,30.3,22.7,0,0,0,122,0,5.3,0,7.4,5.3,633.7,75,0,0,27.7,67,29.8,21
2026-09-04T02:20:00+05:30,2026-09-04 02:20:00,27.5,30.3,22.7,0,0,0,122,0,5.3,0,7.4,5.3,633.7,75,0,0,27.7,67,29.8,21
2026-09-04T02:15:00+05:30,2026-09-04 02:15:00,27.5,30.3,22.7,0,0,0,122,0,5.3,0,7.4,5.3,633.7,75,0,0,27.7,67,29.8,21
2026-09-04T02:10:00+05:30,2026-09-04 02:10:00,27.5,30.3,22.7,0,0,0,122,0,5.3,0,7.4,5.3,633.7,75,0,0,27.7,67,29.8,21
2026-09-04T02:05:00+05:30,2026-09-04 02:05:00,27.5,30.3,22.7,0,0,0,122,0,5.3,0,7.4,5.3,633.7,75,0,0,27.8,67,29.9,21.1
2026-09-04T02:00:00+05:30,2026-09-04 02:00:00,27.6,30.5,22.8,0,0,0,122,0,5.3,0,7.4,5.3,633.7,75,0,0,27.8,67,29.9,21.1
2026-09-04T01:55:00+05:30,2026-09-04 01:55:00,27.6,30.5,22.8,0,0,0,122,0,5.3,0,7.4,5.3,633.7,75,0,0,27.8,67,29.9,21.1
2026-09-04T01:50:00+05:30,2026-09-04 01:50:00,27.6,30.5,22.8,0,0,0,122,0,5.3,0,7.4,5.3,633.7,75,0,0,27.8,67,29.9,21.1
2026-09-04T01:45:00+05:30,2026-09-04 01:45:00,27.7,30.8,22.9,0,0,0,122,0,5.3,0,7.4,5.3,633.7,75,0,0,27.8,67,29.9,21.1
2026-09-04T01:40:00+05:30,2026-09-04 01:40:00,27.7,30.8,22.9,0,0,0,122,0,5.3,0,7.4,5.3,633.7,75,0,0,27.8,67,29.9,21.1
2026-09-04T01:35:00+05:30,2026-09-04 01:35:00,27.7,30.8,22.9,0,0,0,122,0,5.3,0,7.4,5.3,633.7,75,0,0,27.9,67,30.1,21.2
2026-09-04T01:30:00+05:30,2026-09-04 01:30:00,27.7,30.8,22.9,0,0,0,122,0,5.3,0,7.4,5.3,633.7,75,0,0,27.9,67,30.1,21.2
2026-09-04T01:25:00+05:30,2026-09-04 01:25:00,27.8,30.9,22.9,0,0,0,122,0,5.3,0,7.4,5.3,633.7,75,0,0,27.9,67,30.1,21.2
2026-09-04T01:20:00+05:30,2026-09-04 01:20:00,27.8,30.9,22.9,0,0,0,122,0,5.3,0,7.4,5.3,633.7,75,0,0,27.9,67,30.1,21.2
2026-09-04T01:15:00+05:30,2026-09-04 01:15:00,27.8,30.9,22.9,0,0,0,122,0,5.3,0,7.4,5.3,633.7,75,0,0,27.9,67,30.1,21.2
2026-09-04T01:10:00+05:30,2026-09-04 01:10:00,27.8,30.9,22.9,0,0,0,122,0,5.3,0,7.4,5.3,633.7,75,0,0,27.9,67,30.1,21.2
2026-09-04T01:05:00+05:30,2026-09-04 01:05:00,27.8,30.9,22.9,0,0,0,122,0,5.3,0,7.4,5.3,633.7,75,0,0,27.9,66,29.9,20.9
2026-09-04T01:00:00+05:30,2026-09-04 01:00:00,27.8,30.9,22.9,0,0,0,122,0,5.3,0,7.4,5.3,633.7,75,0,0,28,66,30.2,21.1
2026-09-04T00:55:00+05:30,2026-09-04 00:55:00,27.9,31.1,23,0,0,0,122,0,5.3,0,7.4,5.3,633.7,75,0,0,28,66,30.2,21.1
2026-09-04T00:50:00+05:30,2026-09-04 00:50:00,27.9,31,22.8,0,0,0,122,0,5.3,0,7.4,5.3,633.7,74,0,0,28,66,30.2,21.1
2026-09-04T00:45:00+05:30,2026-09-04 00:45:00,27.9,31,22.8,0,0,0,122,0,5.3,0,7.4,5.3,633.7,74,0,0,28.1,66,30.3,21.2
2026-09-04T00:41:00+05:30,2026-09-04 00:41:00,27.9,31,22.8,0,0,0,122,0,5.3,0,7.4,5.3,633.7,74,0,0,28.1,66,30.3,21.2
2026-09-04T00:35:00+05:30,2026-09-04 00:35:00,27.9,31,22.8,0,0,0,122,0,5.3,0,7.4,5.3,633.7,74,0,0,28.1,66,30.3,21.2
2026-09-04T00:30:00+05:30,2026-09-04 00:30:00,27.9,31,22.8,0,0,0,122,0,5.3,0,7.4,5.3,633.7,74,0,0,28.1,66,30.3,21.2
2026-09-04T00:25:00+05:30,2026-09-04 00:25:00,28,31.2,22.9,0,0,0,122,0,5.3,0,7.4,5.3,633.7,74,0,0,28.1,66,30.3,21.2
2026-09-04T00:20:00+05:30,2026-09-04 00:20:00,28,31.2,22.9,0,0,0,122,0,5.3,0,7.4,5.3,633.7,74,0,0,28.2,66,30.6,21.3
2026-09-04T00:15:00+05:30,2026-09-04 00:15:00,28,31.2,22.9,0,0,0,122,0,5.3,0,7.4,5.3,633.7,74,0,0,28.2,66,30.6,21.3
2026-09-04T00:10:00+05:30,2026-09-04 00:10:00,28,31.2,22.9,0,0,0,122,0,5.3,0,7.4,5.3,633.7,74,0,0,28.2,66,30.6,21.3
2026-09-04T00:05:00+05:30,2026-09-04 00:05:00,28.1,31.5,23,0,0,0,122,0,5.3,0,7.4,5.3,633.7,74,0,0,28.2,66,30.6,21.3
2026-09-04T00:00:00+05:30,2026-09-04 00:00:00,28.1,31.5,23,0,0,0,122,0,5.3,0,7.4,5.3,633.7,74,0,0,28.3,66,30.7,21.3
2026-09-03T23:55:00+05:30,2026-09-03 23:55:00,28.1,31.3,22.8,0,0,14.8,122,0,5.3,5.3,7.4,5.3,633.7,73,0,0,28.3,66,30.7,21.3
2026-09-03T23:50:00+05:30,2026-09-03 23:50:00,28.1,31.3,22.8,0,0,14.8,122,0,5.3,5.3,7.4,5.3,633.7,73,0,0,28.3,66,30.7,21.3
2026-09-03T23:45:00+05:30,2026-09-03 23:45:00,28.2,31.5,22.9,0,0,14.8,122,0,5.3,5.3,7.4,5.3,633.7,73,0,0,28.3,66,30.7,21.3
2026-09-03T23:40:00+05:30,2026-09-03 23:40:00,28.2,31.5,22.9,0,0,14.8,122,0,5.3,5.3,7.4,5.3,633.7,73,0,0,28.4,66,30.8,21.4
2026-09-03T23:36:00+05:30,2026-09-03 23:36:00,28.2,31.5,22.9,0,0,14.8,122,0,5.3,5.3,7.4,5.3,633.7,73,0,0,28.4,66,30.8,21.4
2026-09-03T23:30:00+05:30,2026-09-03 23:30:00,28.3,31.7,23,0,0,14.8,122,0,5.3,5.3,7.4,5.3,633.7,73,0,0,28.4,66,30.8,21.4
2026-09-03T23:25:00+05:30,2026-09-03 23:25:00,28.3,31.7,23,0,0,14.8,122,0,5.3,5.3,7.4,5.3,633.7,73,0,0,28.4,66,30.8,21.4
2026-09-03T23:20:00+05:30,2026-09-03 23:20:00,28.3,31.7,23,0,0,14.8,122,0,5.3,5.3,7.4,5.3,633.7,73,0,0,28.5,66,31.1,21.5
2026-09-03T23:15:00+05:30,2026-09-03 23:15:00,28.4,31.9,23.1,0,0,14.8,122,0,5.3,5.3,7.4,5.3,633.7,73,0,0,28.5,66,31.1,21.5
2026-09-03T23:10:00+05:30,2026-09-03 23:10:00,28.4,31.9,23.1,0,0,14.8,122,0,5.3,5.3,7.4,5.3,633.7,73,0,0,28.5,66,31.1,21.5
2026-09-03T23:05:00+05:30,2026-09-03 23:05:00,28.4,31.9,23.1,0,0,14.8,122,0,5.3,5.3,7.4,5.3,633.7,73,0,0,28.6,66,31.3,21.6
2026-09-03T23:00:00+05:30,2026-09-03 23:00:00,28.4,31.9,23.1,0,0,14.8,122,0,5.3,5.3,7.4,5.3,633.7,73,0,0,28.6,66,31.3,21.6
2026-09-03T22:55:00+05:30,2026-09-03 22:55:00,28.5,32.2,23.2,0,0,14.8,122,0,5.3,5.3,7.4,5.3,633.7,73,0,0,28.6,66,31.3,21.6
2026-09-03T22:50:00+05:30,2026-09-03 22:50:00,28.5,32.2,23.2,0,0,14.8,122,0,5.3,5.3,7.4,5.3,633.7,73,0,0,28.7,66,31.4,21.7
2026-09-03T22:45:00+05:30,2026-09-03 22:45:00,28.5,32.2,23.2,0,0,14.8,122,0,5.3,5.3,7.4,5.3,633.7,73,0,0,28.7,66,31.4,21.7
2026-09-03T22:40:00+05:30,2026-09-03 22:40:00,28.6,32.4,23.3,0,0,14.8,122,0,5.3,5.3,7.4,5.3,633.7,73,0,0,28.7,66,31.4,21.7
2026-09-03T22:35:00+05:30,2026-09-03 22:35:00,28.6,32.4,23.3,0,0,14.8,122,0,5.3,5.3,7.4,5.3,633.7,73,0,0,28.8,66,31.6,21.8
2026-09-03T22:31:00+05:30,2026-09-03 22:31:00,28.6,32.4,23.3,0,0,14.8,122,0,5.3,5.3,7.4,5.3,633.7,73,0,0,28.8,66,31.6,21.8
2026-09-03T22:25:00+05:30,2026-09-03 22:25:00,28.7,32.8,23.6,0,0,14.8,122,0,5.3,5.3,7.4,5.3,633.7,74,0,0,28.8,66,31.6,21.8
2026-09-03T22:20:00+05:30,2026-09-03 22:20:00,28.7,32.8,23.6,0,0,14.8,122,0,5.3,5.3,7.4,5.3,633.7,74,0,0,28.8,66,31.6,21.8
2026-09-03T22:15:00+05:30,2026-09-03 22:15:00,28.7,32.7,23.4,0,0,14.8,122,0,5.3,5.3,7.4,5.3,633.7,73,0,0,28.9,66,31.8,21.9
2026-09-03T22:10:00+05:30,2026-09-03 22:10:00,28.8,32.8,23.4,0,0,14.8,122,0,5.3,5.3,7.4,5.3,633.7,73,0,0,28.9,66,31.8,21.9
2026-09-03T22:05:00+05:30,2026-09-03 22:05:00,28.8,32.8,23.4,0,0,14.8,122,0,5.3,5.3,7.4,5.3,633.7,73,0,0,28.9,66,31.8,21.9
2026-09-03T22:00:00+05:30,2026-09-03 22:00:00,28.9,33,23.5,0,0,14.8,122,0,5.3,5.3,7.4,5.3,633.7,73,0,0,29,66,32,22
2026-09-03T21:55:00+05:30,2026-09-03 21:55:00,28.9,33,23.5,0,0,14.8,122,0,5.3,5.3,7.4,5.3,633.7,73,0,0,29,66,32,22
2026-09-03T21:50:00+05:30,2026-09-03 21:50:00,28.9,33,23.5,0,0,14.8,122,0,5.3,5.3,7.4,5.3,633.7,73,0,0,29.1,66,32.2,22.1
2026-09-03T21:45:00+05:30,2026-09-03 21:45:00,28.9,33,23.5,0,0,14.8,122,0,5.3,5.3,7.4,5.3,633.7,73,0,0,29.1,66,32.2,22.1
2026-09-03T21:40:00+05:30,2026-09-03 21:40:00,29,33.3,23.7,0,0,14.8,122,0,5.3,5.3,7.4,5.3,633.7,73,0,0,29.1,66,32.2,22.1
2026-09-03T21:35:00+05:30,2026-09-03 21:35:00,29,33.3,23.7,0,0,14.8,122,0,5.3,5.3,7.4,5.3,633.7,73,0,0,29.2,66,32.4,22.2
2026-09-03T21:30:00+05:30,2026-09-03 21:30:00,29.1,33.6,23.8,0,0,14.8,122,0,5.3,5.3,7.4,5.3,633.7,73,0,0,29.2,66,32.4,22.2
2026-09-03T21:25:00+05:30,2026-09-03 21:25:00,29.1,33.6,23.8,0,0,14.8,122,0,5.3,5.3,7.4,5.3,633.7,73,0,0,29.3,66,32.6,22.3
2026-09-03T21:20:00+05:30,2026-09-03 21:20:00,29.2,33.8,23.9,0,0,14.8,122,0,5.3,5.3,7.4,5.3,633.7,73,0,0,29.3,66,32.6,22.3
2026-09-03T21:15:00+05:30,2026-09-03 21:15:00,29.2,33.8,23.9,0,0,14.8,122,0,5.3,5.3,7.4,5.3,633.7,73,0,0,29.3,66,32.6,22.3
2026-09-03T21:11:00+05:30,2026-09-03 21:11:00,29.2,33.8,23.9,0,0,14.8,122,0,5.3,5.3,7.4,5.3,633.7,73,0,0,29.3,66,32.6,22.3
2026-09-03T21:05:00+05:30,2026-09-03 21:05:00,29.3,34.2,24.2,0,0,14.8,122,0,5.3,5.3,7.4,5.3,633.7,74,0,0,29.4,66,32.8,22.3
2026-09-03T21:00:00+05:30,2026-09-03 21:00:00,29.3,34.2,24.2,0,0,14.8,122,0,5.3,5.3,7.4,5.3,633.7,74,0,0,29.4,66,32.8,22.3
2026-09-03T20:55:00+05:30,2026-09-03 20:55:00,29.4,34.5,24.3,0,0,14.8,122,0,5.3,5.3,7.4,5.3,633.7,74,0,0,29.4,66,32.8,22.3
2026-09-03T20:50:00+05:30,2026-09-03 20:50:00,29.4,34.5,24.3,0,0,14.8,122,0,5.3,5.3,7.4,5.3,633.7,74,0,0,29.4,66,32.8,22.3
2026-09-03T20:45:00+05:30,2026-09-03 20:45:00,29.5,34.7,24.4,0,0,14.8,122,0,5.3,5.3,7.4,5.3,633.7,74,0,0,29.5,66,33.1,22.4
2026-09-03T20:40:00+05:30,2026-09-03 20:40:00,29.5,34.7,24.4,0,0,14.8,122,0,5.3,5.3,7.4,5.3,633.7,74,0,0,29.5,66,33.1,22.4
2026-09-03T20:35:00+05:30,2026-09-03 20:35:00,29.6,34.8,24.2,0,0,14.8,122,0,5.3,5.3,7.4,5.3,633.7,73,0,0,29.6,66,33.3,22.6
2026-09-03T20:30:00+05:30,2026-09-03 20:30:00,29.6,34.8,24.2,0,0,14.8,122,0,5.3,5.3,7.4,5.3,633.7,73,0,0,29.6,66,33.3,22.6
2026-09-03T20:25:00+05:30,2026-09-03 20:25:00,29.6,34.8,24.2,0,0,14.8,122,0,5.3,5.3,7.4,5.3,633.7,73,0,0,29.6,65,33.1,22.3
2026-09-03T20:21:00+05:30,2026-09-03 20:21:00,29.6,34.8,24.2,0,0,14.8,122,0,5.3,5.3,7.4,5.3,633.7,73,0,0,29.6,65,33.1,22.3
2026-09-03T20:15:00+05:30,2026-09-03 20:15:00,29.7,35.1,24.3,0,0,14.8,122,0,5.3,5.3,7.4,5.3,633.7,73,0,0,29.7,65,33.3,22.4
2026-09-03T20:10:00+05:30,2026-09-03 20:10:00,29.7,35.1,24.3,0,0,14.8,122,0,5.3,5.3,7.4,5.3,633.7,73,0,0,29.7,65,33.3,22.4
2026-09-03T20:05:00+05:30,2026-09-03 20:05:00,29.8,35,24.2,0,0,14.8,122,0,5.3,5.3,7.4,5.3,633.7,72,0,0,29.7,65,33.3,22.4
2026-09-03T20:00:00+05:30,2026-09-03 20:00:00,29.8,35,24.2,0,0,14.8,122,0,5.3,5.3,7.4,5.3,633.7,72,0,0,29.8,65,33.4,22.5
2026-09-03T19:55:00+05:30,2026-09-03 19:55:00,29.8,35,24.2,0,0,14.8,122,0,5.3,5.3,7.4,5.3,633.7,72,0,0,29.8,65,33.4,22.5
2026-09-03T19:50:00+05:30,2026-09-03 19:50:00,29.9,35.2,24.3,0,0,14.8,122,0,5.3,5.3,7.4,5.3,633.7,72,0,0,29.8,65,33.4,22.5
2026-09-03T19:45:00+05:30,2026-09-03 19:45:00,29.9,35.2,24.3,0,0,14.8,122,0,5.3,5.3,7.4,5.3,633.7,72,0,0,29.9,65,33.7,22.6
2026-09-03T19:40:00+05:30,2026-09-03 19:40:00,30,35.5,24.4,0,0,14.8,122,0,5.3,5.3,7.4,5.3,633.7,72,0,0,29.9,65,33.7,22.6
2026-09-03T19:35:00+05:30,2026-09-03 19:35:00,30,35.5,24.4,0,0,14.8,122,0,5.3,5.3,7.4,5.3,633.7,72,0,0,29.9,65,33.7,22.6
2026-09-03T19:30:00+05:30,2026-09-03 19:30:00,30,35.5,24.4,0,0,14.8,122,0,5.3,5.3,7.4,5.3,633.7,72,0,0,30,65,33.9,22.7
2026-09-03T19:25:00+05:30,2026-09-03 19:25:00,30.1,35.8,24.5,0,0,14.8,122,0,5.3,5.3,7.4,5.3,633.7,72,0,0,30,65,33.9,22.7
2026-09-03T19:20:00+05:30,2026-09-03 19:20:00,30.2,35.8,24.4,0,0,14.8,122,0,5.3,5.3,7.4,5.3,633.7,71,0,0,30.1,65,34.1,22.8
2026-09-03T19:16:00+05:30,2026-09-03 19:16:00,30.2,35.8,24.4,0,0,14.8,122,0,5.3,5.3,7.4,5.3,633.7,71,0,0,30.1,65,34.1,22.8
2026-09-03T19:10:00+05:30,2026-09-03 19:10:00,30.2,35.8,24.4,0,0,14.8,122,0,5.3,5.3,7.4,5.3,633.7,71,0,0,30.1,64,33.9,22.6
2026-09-03T19:05:00+05:30,2026-09-03 19:05:00,30.3,36,24.4,0,0,14.8,122,0,5.3,5.3,7.4,5.3,633.7,71,0,0,30.1,64,33.9,22.6
2026-09-03T19:00:00+05:30,2026-09-03 19:00:00,30.3,36,24.4,0,0,14.8,122,0,5.3,5.3,7.4,5.3,633.7,71,0,0,30.2,64,34.1,22.7
2026-09-03T18:55:00+05:30,2026-09-03 18:55:00,30.3,36,24.4,0,0,14.8,122,0,5.3,5.3,7.4,5.3,633.7,71,0,0,30.2,64,34.1,22.7
2026-09-03T18:50:00+05:30,2026-09-03 18:50:00,30.4,36.3,24.5,0,0,14.8,122,0,5.3,5.3,7.4,5.3,633.7,71,0,0,30.3,64,34.3,22.7
2026-09-03T18:45:00+05:30,2026-09-03 18:45:00,30.4,36.3,24.5,0,0,14.8,122,0,5.3,5.3,7.4,5.3,633.7,71,0,0,30.3,64,34.3,22.7
2026-09-03T18:40:00+05:30,2026-09-03 18:40:00,30.5,36.6,24.6,0,0,14.8,122,0,5.3,5.3,7.4,5.3,633.7,71,0,0,30.3,64,34.3,22.7
2026-09-03T18:35:00+05:30,2026-09-03 18:35:00,30.5,36.6,24.6,0,0,14.8,122,0,5.3,5.3,7.4,5.3,633.7,71,0,0,30.4,64,34.5,22.8
2026-09-03T18:30:00+05:30,2026-09-03 18:30:00,30.6,36.9,24.7,0,0,14.8,122,0,5.3,5.3,7.4,5.3,633.7,71,0,0,30.5,64,34.7,22.9
2026-09-03T18:25:00+05:30,2026-09-03 18:25:00,30.6,36.9,24.7,0,0,14.8,122,0,5.3,5.3,7.4,5.3,633.7,71,0,0,30.5,64,34.7,22.9
2026-09-03T18:20:00+05:30,2026-09-03 18:20:00,30.7,37.1,24.8,0,0,14.8,122,0,5.3,5.3,7.4,5.3,633.7,71,0,0,30.5,64,34.7,22.9
2026-09-03T18:15:00+05:30,2026-09-03 18:15:00,30.7,36.9,24.6,0,0,14.8,122,0,5.3,5.3,7.4,5.3,633.7,70,0,0,30.6,64,35,23
2026-09-03T18:10:00+05:30,2026-09-03 18:10:00,30.8,37,24.7,0,0,14.8,122,0,5.3,5.3,7.4,5.3,633.7,70,0,0,30.6,64,35,23
2026-09-03T18:05:00+05:30,2026-09-03 18:05:00,30.8,37,24.7,0,0,14.8,122,0,5.3,5.3,7.4,5.3,633.7,70,0,0,30.7,64,35.2,23.1
2026-09-03T18:00:00+05:30,2026-09-03 18:00:00,30.9,37.3,24.8,0,0,14.8,121,0,5.3,5.3,7.4,5.3,633.7,70,0,0,30.7,64,35.2,23.1
2026-09-03T17:56:00+05:30,2026-09-03 17:56:00,30.9,37.3,24.8,0,0,14.8,122,0,5.3,5.3,7.4,5.3,633.7,70,0,0,30.7,64,35.2,23.1
2026-09-03T17:50:00+05:30,2026-09-03 17:50:00,31,37.6,24.9,0,0,14.8,121,0,5.3,5.3,7.4,5.3,633.7,70,0,0,30.8,64,35.4,23.2
2026-09-03T17:45:00+05:30,2026-09-03 17:45:00,31,37.6,24.9,0,0,14.8,122,0,5.3,5.3,7.4,5.3,633.7,70,0,0,30.8,64,35.4,23.2
2026-09-03T17:40:00+05:30,2026-09-03 17:40:00,31.1,37.9,25,0,0,14.8,122,0,5.3,5.3,7.4,5.3,633.7,70,0,0,30.8,64,35.4,23.2
2026-09-03T17:35:00+05:30,2026-09-03 17:35:00,31.1,37.9,25,0,0,14.8,122,0,5.3,5.3,7.4,5.3,633.7,70,0,0,30.9,64,35.6,23.3
2026-09-03T17:30:00+05:30,2026-09-03 17:30:00,31.1,37.6,24.7,0,0,14.8,122,0,5.3,5.3,7.4,5.3,633.7,69,0,0,30.9,64,35.6,23.3
2026-09-03T17:25:00+05:30,2026-09-03 17:25:00,31.1,37.6,24.7,0,0,14.8,122,0,5.3,5.3,7.4,5.3,633.7,69,0,0,30.9,64,35.6,23.3
2026-09-03T17:20:00+05:30,2026-09-03 17:20:00,31.2,37.9,24.8,0,0,14.8,122,0,5.3,5.3,7.4,5.3,633.7,69,0,0,31,64,35.9,23.4
2026-09-03T17:15:00+05:30,2026-09-03 17:15:00,31.2,37.9,24.8,0,0,14.8,122,0,5.3,5.3,7.4,5.3,633.7,69,0,0,31,64,35.9,23.4
2026-09-03T17:10:00+05:30,2026-09-03 17:10:00,31.3,38,24.9,0,0,14.8,122,0,5.3,5.3,7.4,5.3,633.7,69,0,0,31,64,35.9,23.4
2026-09-03T17:05:00+05:30,2026-09-03 17:05:00,31.3,38,24.9,0,0,14.8,122,0,5.3,5.3,7.4,5.3,633.7,69,0,0,31,64,35.9,23.4
2026-09-03T17:00:00+05:30,2026-09-03 17:00:00,31.3,38,24.9,0,0,14.8,122,0,5.3,5.3,7.4,5.3,633.7,69,0,0,31.1,64,36.2,23.5
2026-09-03T16:55:00+05:30,2026-09-03 16:55:00,31.4,38.3,25,0,0,14.8,122,0,5.3,5.3,7.4,5.3,633.7,69,0,0,31.2,64,36.4,23.6
2026-09-03T16:50:00+05:30,2026-09-03 16:50:00,31.4,38.3,25,0,0,14.8,122,0,5.3,5.3,7.4,5.3,633.7,69,0,0,31.2,64,36.4,23.6
2026-09-03T16:45:00+05:30,2026-09-03 16:45:00,31.4,38.3,25,0,0,14.8,122,0,5.3,5.3,7.4,5.3,633.7,69,0,0,31.2,64,36.4,23.6
2026-09-03T16:40:00+05:30,2026-09-03 16:40:00,31.5,38.6,25.1,0,0,14.8,122,0,5.3,5.3,7.4,5.3,633.7,69,0,0,31.2,64,36.4,23.6
2026-09-03T16:35:00+05:30,2026-09-03 16:35:00,31.5,38.6,25.1,0,0,14.8,122,0,5.3,5.3,7.4,5.3,633.7,69,0,0.2,31.3,64,36.6,23.6
2026-09-03T16:30:00+05:30,2026-09-03 16:30:00,31.5,38.6,25.1,0,0,14.8,122,0,5.3,5.3,7.4,5.3,633.7,69,0,0.3,31.3,64,36.6,23.6
2026-09-03T16:25:00+05:30,2026-09-03 16:25:00,31.5,39,25.3,0,0,14.8,122,0,5.3,5.3,7.4,5.3,633.7,70,0,0.6,31.3,64,36.6,23.6
2026-09-03T16:20:00+05:30,2026-09-03 16:20:00,31.6,39.3,25.5,0,0,14.8,122,0,5.3,5.3,7.4,5.3,633.7,70,0,0.6,31.3,64,36.6,23.6
2026-09-03T16:15:00+05:30,2026-09-03 16:15:00,31.5,39,25.3,0,0,14.8,122,0,5.3,5.3,7.4,5.3,633.7,70,0,0.7,31.3,64,36.6,23.6
2026-09-03T16:10:00+05:30,2026-09-03 16:10:00,31.5,39,25.3,0,0,14.8,122,0,5.3,5.3,7.4,5.3,633.7,70,0,0.6,31.3,63,36.3,23.4
2026-09-03T16:05:00+05:30,2026-09-03 16:05:00,31.5,38.6,25.1,0,0,14.8,122,0,5.3,5.3,7.4,5.3,633.7,69,0,0.4,31.3,63,36.3,23.4
2026-09-03T16:00:00+05:30,2026-09-03 16:00:00,31.5,38.6,25.1,0,0,14.8,122,0,5.3,5.3,7.4,5.3,633.7,69,0,0.6,31.2,63,36.1,23.3
2026-09-03T15:55:00+05:30,2026-09-03 15:55:00,31.6,38.6,25,0,0,14.8,122,0,5.3,5.3,7.4,5.3,633.7,68,0,0.5,31.2,63,36.1,23.3
2026-09-03T15:50:00+05:30,2026-09-03 15:50:00,31.5,38.6,25.1,0,0,14.8,122,0,5.3,5.3,7.4,5.3,633.7,69,0,0.6,31.2,63,36.1,23.3
2026-09-03T15:46:00+05:30,2026-09-03 15:46:00,31.5,38.6,25.1,0,0,14.8,121,0,5.3,5.3,7.4,5.3,633.7,69,0,0.7,31.2,63,36.1,23.3
2026-09-03T15:40:00+05:30,2026-09-03 15:40:00,31.5,38.3,24.9,0,0,14.8,121,0,5.3,5.3,7.4,5.3,633.7,68,0,0.5,31.2,63,36.1,23.3
2026-09-03T15:35:00+05:30,2026-09-03 15:35:00,31.6,38.9,25.2,0,0,14.8,121,0,5.3,5.3,7.4,5.3,633.7,69,0,0.5,31.2,63,36.1,23.3
2026-09-03T15:30:00+05:30,2026-09-03 15:30:00,31.6,38.9,25.2,0,0,14.8,121,0,5.3,5.3,7.4,5.3,633.7,69,0,0.4,31.2,64,36.4,23.6
2026-09-03T15:25:00+05:30,2026-09-03 15:25:00,31.5,38.6,25.1,0,0,14.8,121,0,5.3,5.3,7.4,5.3,633.7,69,0,0.4,31.2,63,36.1,23.3
2026-09-03T15:20:00+05:30,2026-09-03 15:20:00,31.6,38.9,25.2,0,0,14.8,121,0,5.3,5.3,7.4,5.3,633.7,69,0,0.5,31.2,63,36.1,23.3
2026-09-03T15:15:00+05:30,2026-09-03 15:15:00,31.7,39.3,25.3,0,0,14.8,121,0,5.3,5.3,7.4,5.3,633.7,69,0,1.1,31.2,63,36.1,23.3
2026-09-03T15:10:00+05:30,2026-09-03 15:10:00,31.6,38.9,25.2,0,0,14.8,121,0,5.3,5.3,7.4,5.3,633.7,69,0,0.5,31.2,64,36.4,23.6
2026-09-03T15:05:00+05:30,2026-09-03 15:05:00,31.6,38.9,25.2,0,0,14.8,121,0,5.3,5.3,7.4,5.3,633.7,69,0,1,31.2,64,36.4,23.6
2026-09-03T15:00:00+05:30,2026-09-03 15:00:00,31.8,39.4,25.4,0,0,14.8,121,0,5.3,5.3,7.4,5.3,633.7,69,0,1.1,31.2,64,36.4,23.6
2026-09-03T14:55:00+05:30,2026-09-03 14:55:00,31.7,39.3,25.3,0,0,14.8,121,0,5.3,5.3,7.4,5.3,633.7,69,0,0.6,31.1,64,36.2,23.5
2026-09-03T14:50:00+05:30,2026-09-03 14:50:00,31.6,38.9,25.2,0,0,14.8,121,0,5.3,5.3,7.4,5.3,633.7,69,0,1.1,31.1,64,36.2,23.5
2026-09-03T14:45:00+05:30,2026-09-03 14:45:00,31.5,38.6,25.1,0,0,14.8,121,0,5.3,5.3,7.4,5.3,633.7,69,0,1.1,31,64,35.9,23.4
2026-09-03T14:41:00+05:30,2026-09-03 14:41:00,31.5,38.3,24.9,0,0,14.8,121,0,5.3,5.3,7.4,5.3,633.7,68,0,1.1,30.9,64,35.6,23.3
2026-09-03T14:35:00+05:30,2026-09-03 14:35:00,31.4,38,24.8,0,0,14.8,121,0,5.3,5.3,7.4,5.3,633.7,68,0,0.4,30.9,63,35.4,23
2026-09-03T14:30:00+05:30,2026-09-03 14:30:00,31.3,37.7,24.6,0,0,14.8,121,0,5.3,5.3,7.4,5.3,633.7,68,0,0.9,30.8,63,35.1,22.9
2026-09-03T14:25:00+05:30,2026-09-03 14:25:00,31.2,37.6,24.6,0,0,14.8,121,0,5.3,5.3,7.4,5.3,633.7,68,0,0.9,30.7,63,35,22.8
2026-09-03T14:20:00+05:30,2026-09-03 14:20:00,31.1,37.3,24.5,0,0,14.8,121,0,5.3,5.3,7.4,5.3,633.7,68,0,0.9,30.7,64,35.2,23.1
2026-09-03T14:15:00+05:30,2026-09-03 14:15:00,31.1,37.3,24.5,0,0,14.8,121,0,5.3,5.3,7.4,5.3,633.7,68,0,0.9,30.6,64,35,23
2026-09-03T14:10:00+05:30,2026-09-03 14:10:00,31.1,37.6,24.7,0,0,14.8,121,0,5.3,5.3,7.4,5.3,633.7,69,0,1,30.6,64,35,23
2026-09-03T14:05:00+05:30,2026-09-03 14:05:00,31.1,37.9,25,0,0,14.8,121,0,5.3,5.3,7.4,5.3,633.7,70,0,0.9,30.5,65,35,23.2
2026-09-03T14:00:00+05:30,2026-09-03 14:00:00,30.9,37.3,24.8,0,0,14.8,121,0,5.3,5.3,7.4,5.3,633.7,70,0,0.9,30.5,65,35,23.2
2026-09-03T13:55:00+05:30,2026-09-03 13:55:00,30.8,37.3,24.9,0,0,14.8,121,0,5.3,5.3,7.4,5.3,633.7,71,0,0.9,30.4,65,34.7,23.1
2026-09-03T13:50:00+05:30,2026-09-03 13:50:00,30.7,36.9,24.6,0,0,14.8,121,0,5.3,5.3,7.4,5.3,633.7,70,0,0.4,30.4,66,35,23.3
2026-09-03T13:45:00+05:30,2026-09-03 13:45:00,30.6,37.1,25,0,0,14.8,120,0,5.3,5.3,7.4,5.3,633.7,72,0,0.8,30.3,66,34.7,23.2
2026-09-03T13:40:00+05:30,2026-09-03 13:40:00,30.5,36.8,24.9,0,0,14.8,120,0,5.3,5.3,7.4,5.3,633.7,72,0,0.8,30.2,66,34.6,23.2
2026-09-03T13:36:00+05:30,2026-09-03 13:36:00,30.4,36.3,24.5,0,0,14.8,120,0,5.3,5.3,7.4,5.3,633.7,71,0,0.8,30.2,66,34.6,23.2
2026-09-03T13:30:00+05:30,2026-09-03 13:30:00,30.4,36.5,24.8,0,0,14.8,120,0,5.3,5.3,7.4,5.3,633.7,72,0,0.8,30.1,66,34.3,23.1
2026-09-03T13:25:00+05:30,2026-09-03 13:25:00,30.3,36.2,24.7,0,0,14.8,120,0,5.3,5.3,7.4,5.3,633.7,72,0,0.8,30.1,66,34.3,23.1
2026-09-03T13:20:00+05:30,2026-09-03 13:20:00,30.2,36.1,24.6,0,0,14.8,120,0,5.3,5.3,7.4,5.3,633.7,72,0,0.5,30,66,34.1,22.9
2026-09-03T13:15:00+05:30,2026-09-03 13:15:00,30.2,36.1,24.6,0,0,14.8,120,0,5.3,5.3,7.4,5.3,633.7,72,0,0.5,30.1,66,34.3,23.1
2026-09-03T13:10:00+05:30,2026-09-03 13:10:00,30.1,35.8,24.5,0,0,14.8,120,0,5.3,5.3,7.4,5.3,633.7,72,0,0.7,30,67,34.3,23.2
2026-09-03T13:05:00+05:30,2026-09-03 13:05:00,30.1,36.1,24.7,0,0,14.8,120,0,5.3,5.3,7.4,5.3,633.7,73,0,0.7,29.9,67,34.1,23.1
2026-09-03T13:00:00+05:30,2026-09-03 13:00:00,30,35.8,24.6,0,0,14.8,120,0,5.3,5.3,7.4,5.3,633.7,73,0,0.6,29.9,66,33.8,22.8
2026-09-03T12:55:00+05:30,2026-09-03 12:55:00,30,35.8,24.6,0,0,14.8,120,0,5.3,5.3,7.4,5.3,633.7,73,0,0.7,29.8,66,33.6,22.7
2026-09-03T12:50:00+05:30,2026-09-03 12:50:00,30,35.5,24.4,0,0,14.8,120,0,5.3,5.3,7.4,5.3,633.7,72,0,0.7,29.8,66,33.6,22.7
2026-09-03T12:45:00+05:30,2026-09-03 12:45:00,30,35.8,24.6,0,0,14.8,120,0,5.3,5.3,7.4,5.3,633.7,73,0,0.4,29.7,66,33.5,22.7
2026-09-03T12:40:00+05:30,2026-09-03 12:40:00,30,35.5,24.4,0,0,14.8,120,0,5.3,5.3,7.4,5.3,633.7,72,0,0.5,29.7,66,33.5,22.7
2026-09-03T12:35:00+05:30,2026-09-03 12:35:00,30.1,35.8,24.5,0,0,14.8,120,0,5.3,5.3,7.4,5.3,633.7,72,0,0.6,29.6,67,33.4,22.8
2026-09-03T12:30:00+05:30,2026-09-03 12:30:00,30.1,35.8,24.5,0,0,14.8,120,0,5.3,5.3,7.4,5.3,633.7,72,0,0.4,29.6,67,33.4,22.8
2026-09-03T12:25:00+05:30,2026-09-03 12:25:00,30.3,36.2,24.7,0,0,14.8,120,0,5.3,5.3,7.4,5.3,633.7,72,0,0.4,29.5,67,33.2,22.7
2026-09-03T12:20:00+05:30,2026-09-03 12:20:00,30.4,36.3,24.5,0,0,14.8,142,31.8,5.3,5.3,7.4,5.3,633.7,71,0,0.4,29.4,67,33,22.6
2026-09-03T12:16:00+05:30,2026-09-03 12:16:00,30.4,36.3,24.5,0,1.8,14.8,141,31.8,5.3,5.3,7.4,5.3,633.7,71,0,0.5,29.3,67,32.8,22.5
2026-09-03T12:10:00+05:30,2026-09-03 12:10:00,,,,0,1.8,1.8,149,1.8,0.3,0.3,2.3,0.3,628.9,,0,0.1,29.3,67,32.8,22.5
2026-09-03T12:05:00+05:30,2026-09-03 12:05:00,,,,,,,,0,0,0,2,0,628.4,,,,29.3,67,32.8,22.5
2026-09-03T12:00:00+05:30,2026-09-03 12:00:00,,,,,,,,0,0,0,2,0,628.4,,,,29.2,68,32.8,22.7
2026-09-03T11:55:00+05:30,2026-09-03 11:55:00,,,,,,,,0,0,0,2,0,628.4,,,,29.1,69,32.8,22.8
2026-09-03T11:52:00+05:30,2026-09-03 11:52:00,,,,,,,,0,0,0,2,0,628.4,,,,29.1,70,32.9,23.1
2026-09-03T11:40:00+05:30,2026-09-03 11:40:00,,,,,,,,0,0,0,2,0,628.4,,,,28.9,70,32.5,22.8
2026-09-03T11:35:00+05:30,2026-09-03 11:35:00,,,,,,,,0,0,0,2,0,628.4,,,,28.9,70,32.5,22.8
2026-09-03T11:30:00+05:30,2026-09-03 11:30:00,,,,,,,,0,0,0,2,0,628.4,,,,28.8,70,32.2,22.7
2026-09-03T11:25:00+05:30,2026-09-03 11:25:00,,,,,,,,0,0,0,2,0,628.4,,,,28.8,70,32.2,22.7
2026-09-03T11:20:00+05:30,2026-09-03 11:20:00,,,,,,,,0,0,0,2,0,628.4,,,,28.7,70,32.1,22.7
2026-09-03T11:15:00+05:30,2026-09-03 11:15:00,,,,,,,,0,0,0,2,0,628.4,,,,28.7,70,32.1,22.7
2026-09-03T11:10:00+05:30,2026-09-03 11:10:00,,,,,,,,0,0,0,2,0,628.4,,,,28.6,70,31.9,22.6
2026-09-03T11:08:00+05:30,2026-09-03 11:08:00,,,,,,,,0,0,0,2,0,628.4,,,,28.6,70,31.9,22.6
2026-09-03T10:55:00+05:30,2026-09-03 10:55:00,28.4,32.9,24.4,0,0,1.8,252,0,0,0,2,0,628.4,79,0,0.1,28.6,70,31.9,22.6
2026-09-03T10:50:00+05:30,2026-09-03 10:50:00,28.4,32.9,24.4,0,0,1.8,252,0,0,0,2,0,628.4,79,0,0.1,28.6,70,31.9,22.6
2026-09-03T10:45:00+05:30,2026-09-03 10:45:00,28.4,32.9,24.4,0,1.8,1.8,252,0,0,0,2,0,628.4,79,0,0.1,28.6,70,31.9,22.6
2026-09-03T10:40:00+05:30,2026-09-03 10:40:00,28.4,32.7,24.2,0,0,0,147,0,0,0,2,0,628.4,78,0,0.2,28.5,70,31.7,22.5
2026-09-03T10:35:00+05:30,2026-09-03 10:35:00,28.3,32.5,24.1,0,0,0,147,0,0,0,2,0,628.4,78,0,0.2,28.5,70,31.7,22.5
2026-09-03T10:31:00+05:30,2026-09-03 10:31:00,28.3,32.5,24.1,0,0,0,147,0,0,0,2,0,628.4,78,0,0.3,28.4,70,31.4,22.4
2026-09-03T10:25:00+05:30,2026-09-03 10:25:00,28.2,32.3,24,0,0,0,147,0,0,0,2,0,628.4,78,0,0.5,28.4,70,31.4,22.4
2026-09-03T10:20:00+05:30,2026-09-03 10:20:00,28.2,32.3,24,0,0,0,147,0,0,0,2,0,628.4,78,0,0.5,28.4,70,31.4,22.4
2026-09-03T10:15:00+05:30,2026-09-03 10:15:00,28.1,32.1,23.9,0,0,0,147,0,0,0,2,0,628.4,78,0,0.2,28.3,70,31.2,22.3
2026-09-03T10:10:00+05:30,2026-09-03 10:10:00,28.1,32.1,23.9,0,0,0,147,0,0,0,2,0,628.4,78,0,0.3,28.3,70,31.2,22.3
2026-09-03T10:05:00+05:30,2026-09-03 10:05:00,28.1,32.1,23.9,0,0,0,147,0,0,0,2,0,628.4,78,0,0.3,28.2,70,31.1,22.2
2026-09-03T10:00:00+05:30,2026-09-03 10:00:00,28.1,32.1,23.9,0,0,0,147,0,0,0,2,0,628.4,78,0,0.3,28.2,70,31.1,22.2
2026-09-03T09:55:00+05:30,2026-09-03 09:55:00,28,31.8,23.8,0,0,0,147,0,0,0,2,0,628.4,78,0,0.2,28.2,69,30.9,22
2026-09-03T09:50:00+05:30,2026-09-03 09:50:00,28,31.8,23.8,0,0,0,147,0,0,0,2,0,628.4,78,0,0.2,28.1,70,30.9,22.1
2026-09-03T09:45:00+05:30,2026-09-03 09:45:00,28,31.8,23.8,0,0,0,147,0,0,0,2,0,628.4,78,0,0.3,28.1,69,30.7,21.9
2026-09-03T09:40:00+05:30,2026-09-03 09:40:00,28,31.8,23.8,0,0,0,147,0,0,0,2,0,628.4,78,0,0.3,28.1,69,30.7,21.9
2026-09-03T09:35:00+05:30,2026-09-03 09:35:00,28,31.6,23.6,0,0,0,147,0,0,0,2,0,628.4,77,0,0.2,28.1,69,30.7,21.9
2026-09-03T09:30:00+05:30,2026-09-03 09:30:00,27.9,31.4,23.5,0,0,0,147,0,0,0,2,0,628.4,77,0,0.2,28,69,30.6,21.8
2026-09-03T09:26:00+05:30,2026-09-03 09:26:00,27.9,31.4,23.5,0,0,0,147,0,0,0,2,0,628.4,77,0,0.3,27.9,69,30.3,21.7
2026-09-03T09:20:00+05:30,2026-09-03 09:20:00,27.9,31.4,23.5,0,0,0,147,0,0,0,2,0,628.4,77,0,0.2,27.9,69,30.3,21.7
2026-09-03T09:15:00+05:30,2026-09-03 09:15:00,27.8,31.1,23.4,0,0,0,147,0,0,0,2,0,628.4,77,0,0.3,27.9,69,30.3,21.7
2026-09-03T09:10:00+05:30,2026-09-03 09:10:00,27.8,31.1,23.4,0,0,0,147,0,0,0,2,0,628.4,77,0,0.3,27.8,69,30.1,21.6
2026-09-03T09:05:00+05:30,2026-09-03 09:05:00,27.7,31,23.3,0,0,0,147,0,0,0,2,0,628.4,77,0,0.7,27.7,69,30,21.5
2026-09-03T09:00:00+05:30,2026-09-03 09:00:00,27.6,30.8,23.2,0,0,0,147,0,0,0,2,0,628.4,77,0,0.4,27.7,69,30,21.5
2026-09-03T08:55:00+05:30,2026-09-03 08:55:00,27.6,30.8,23.2,0,0,0,147,0,0,0,2,0,628.4,77,0,0.4,27.7,69,30,21.5
2026-09-03T08:50:00+05:30,2026-09-03 08:50:00,27.5,30.5,23.1,0,0,0,148,0,0,0,2,0,628.4,77,0,0.4,27.6,69,29.8,21.4
2026-09-03T08:45:00+05:30,2026-09-03 08:45:00,27.5,30.5,23.1,0,0,0,147,0,0,0,2,0,628.4,77,0,0.7,27.5,68,29.5,21.1
2026-09-03T08:40:00+05:30,2026-09-03 08:40:00,27.4,30.3,23,0,0,0,147,0,0,0,2,0,628.4,77,0,0.1,27.5,68,29.5,21.1
2026-09-03T08:35:00+05:30,2026-09-03 08:35:00,27.4,30.3,23,0,0,0,147,0,0,0,2,0,628.4,77,0,0.1,27.5,68,29.5,21.1
2026-09-03T08:30:00+05:30,2026-09-03 08:30:00,27.4,30.3,23,0,0,0,147,0,0,0,2,0,628.4,77,0,0.1,27.5,68,29.5,21.1
2026-09-03T08:25:00+05:30,2026-09-03 08:25:00,27.3,30,22.9,0,0,0,147,0,0,0,2,0,628.4,77,0,0.1,27.5,68,29.5,21.1
2026-09-03T08:21:00+05:30,2026-09-03 08:21:00,27.3,30,22.9,0,0,0,147,0,0,0,2,0,628.4,77,0,0.1,27.4,68,29.3,20.9
2026-09-03T08:15:00+05:30,2026-09-03 08:15:00,27.3,30,22.9,0,0,0,147,0,0,0,2,0,628.4,77,0,0.1,27.4,68,29.3,20.9
2026-09-03T08:10:00+05:30,2026-09-03 08:10:00,27.3,30,22.9,0,0,0,147,0,0,0,2,0,628.4,77,0,0.1,27.4,68,29.3,20.9
2026-09-03T08:05:00+05:30,2026-09-03 08:05:00,27.3,30,22.9,0,0,0,147,0,0,0,2,0,628.4,77,0,0.1,27.4,68,29.3,20.9
2026-09-03T08:00:00+05:30,2026-09-03 08:00:00,27.2,29.9,22.8,0,0,0,147,0,0,0,2,0,628.4,77,0,0.1,27.3,68,29.2,20.8
2026-09-03T07:55:00+05:30,2026-09-03 07:55:00,27.2,29.9,22.8,0,0,0,147,0,0,0,2,0,628.4,77,0,0.1,27.3,68,29.2,20.8
2026-09-03T07:50:00+05:30,2026-09-03 07:50:00,27.2,29.9,22.8,0,0,0,147,0,0,0,2,0,628.4,77,0,0.1,27.3,68,29.2,20.8
2026-09-03T07:45:00+05:30,2026-09-03 07:45:00,27.2,29.9,22.8,0,0,0,147,0,0,0,2,0,628.4,77,0,0.1,27.3,68,29.2,20.8
2026-09-03T07:40:00+05:30,2026-09-03 07:40:00,27.2,29.9,22.8,0,0,0,147,0,0,0,2,0,628.4,77,0,0.1,27.2,68,29.1,20.8
2026-09-03T07:35:00+05:30,2026-09-03 07:35:00,27.2,29.9,22.8,0,0,0,148,0,0,0,2,0,628.4,77,0,0.1,27.2,68,29.1,20.8
2026-09-03T07:30:00+05:30,2026-09-03 07:30:00,27.1,29.7,22.7,0,0,0,147,0,0,0,2,0,628.4,77,0,0.1,27.2,68,29.1,20.8
2026-09-03T07:25:00+05:30,2026-09-03 07:25:00,27.1,29.7,22.7,0,0,0,148,0,0,0,2,0,628.4,77,0,0.1,27.2,68,29.1,20.8
2026-09-03T07:20:00+05:30,2026-09-03 07:20:00,27.1,29.6,22.5,0,0,0,147,0,0,0,2,0,628.4,76,0,0.1,27.1,68,28.9,20.7
2026-09-03T07:15:00+05:30,2026-09-03 07:15:00,27.1,29.6,22.5,0,0,0,147,0,0,0,2,0,628.4,76,0,0.1,27.1,68,28.9,20.7
2026-09-03T07:10:00+05:30,2026-09-03 07:10:00,27.1,29.6,22.5,0,0,0,147,0,0,0,2,0,628.4,76,0,0,27.1,68,28.9,20.7
2026-09-03T07:05:00+05:30,2026-09-03 07:05:00,27,29.4,22.4,0,0,0,147,0,0,0,2,0,628.4,76,0,0,27.1,68,28.9,20.7
2026-09-03T07:01:00+05:30,2026-09-03 07:01:00,27,29.4,22.4,0,0,0,147,0,0,0,2,0,628.4,76,0,0,27.1,68,28.9,20.7
2026-09-03T06:55:00+05:30,2026-09-03 06:55:00,27,29.4,22.4,0,0,0,147,0,0,0,2,0,628.4,76,0,0.1,27.1,68,28.9,20.7
2026-09-03T06:50:00+05:30,2026-09-03 06:50:00,27,29.4,22.4,0,0,0,147,0,0,0,2,0,628.4,76,0,0,27.1,67,28.8,20.4
2026-09-03T06:45:00+05:30,2026-09-03 06:45:00,27,29.4,22.4,0,0,0,148,0,0,0,2,0,628.4,76,0,0,27.1,67,28.8,20.4
2026-09-03T06:40:00+05:30,2026-09-03 06:40:00,27,29.4,22.4,0,0,0,147,0,0,0,2,0,628.4,76,0,0,27.1,67,28.8,20.4
2026-09-03T06:35:00+05:30,2026-09-03 06:35:00,27,29.4,22.4,0,0,0,148,0,0,0,2,0,628.4,76,0,0,27.1,67,28.8,20.4
2026-09-03T06:30:00+05:30,2026-09-03 06:30:00,27,29.3,22.2,0,0,0,148,0,0,0,2,0,628.4,75,0,0,27.1,67,28.8,20.4
2026-09-03T06:25:00+05:30,2026-09-03 06:25:00,27,29.3,22.2,0,0,0,148,0,0,0,2,0,628.4,75,0,0,27.1,67,28.8,20.4
2026-09-03T06:20:00+05:30,2026-09-03 06:20:00,27.1,29.5,22.3,0,0,0,147,0,0,0,2,0,628.4,75,0,0,27.1,67,28.8,20.4
2026-09-03T06:15:00+05:30,2026-09-03 06:15:00,27.1,29.5,22.3,0,0,0,147,0,0,0,2,0,628.4,75,0,0,27.1,67,28.8,20.4
2026-09-03T06:10:00+05:30,2026-09-03 06:10:00,27.1,29.5,22.3,0,0,0,147,0,0,0,2,0,628.4,75,0,0,27.1,67,28.8,20.4
2026-09-03T06:05:00+05:30,2026-09-03 06:05:00,27.1,29.5,22.3,0,0,0,147,0,0,0,2,0,628.4,75,0,0,27.2,67,28.9,20.6
2026-09-03T06:00:00+05:30,2026-09-03 06:00:00,27.1,29.5,22.3,0,0,0,148,0,0,0,2,0,628.4,75,0,0,27.2,67,28.9,20.6
2026-09-03T05:56:00+05:30,2026-09-03 05:56:00,27.1,29.5,22.3,0,0,0,148,0,0,0,2,0,628.4,75,0,0,27.2,67,28.9,20.6
2026-09-03T05:50:00+05:30,2026-09-03 05:50:00,27.1,29.5,22.3,0,0,0,148,0,0,0,2,0,628.4,75,0,0,27.2,67,28.9,20.6
2026-09-03T05:45:00+05:30,2026-09-03 05:45:00,27.2,29.7,22.4,0,0,0,147,0,0,0,2,0,628.4,75,0,0,27.3,67,29.1,20.6
2026-09-03T05:40:00+05:30,2026-09-03 05:40:00,27.2,29.7,22.4,0,0,0,147,0,0,0,2,0,628.4,75,0,0,27.3,67,29.1,20.6
2026-09-03T05:35:00+05:30,2026-09-03 05:35:00,27.2,29.7,22.4,0,0,0,147,0,0,0,2,0,628.4,75,0,0,27.2,67,28.9,20.6
2026-09-03T05:30:00+05:30,2026-09-03 05:30:00,27.2,29.7,22.4,0,0,0,147,0,0,0,2,0,628.4,75,0,0,27.3,67,29.1,20.6
2026-09-03T05:25:00+05:30,2026-09-03 05:25:00,27.2,29.7,22.4,0,0,0,147,0,0,0,2,0,628.4,75,0,0,27.3,67,29.1,20.6
2026-09-03T05:20:00+05:30,2026-09-03 05:20:00,27.2,29.7,22.4,0,0,0,147,0,0,0,2,0,628.4,75,0,0,27.3,67,29.1,20.6
2026-09-03T05:15:00+05:30,2026-09-03 05:15:00,27.2,29.7,22.4,0,0,0,147,0,0,0,2,0,628.4,75,0,0,27.3,67,29.1,20.6
2026-09-03T05:10:00+05:30,2026-09-03 05:10:00,27.3,29.8,22.4,0,0,0,147,0,0,0,2,0,628.4,75,0,0,27.3,67,29.1,20.6
2026-09-03T05:05:00+05:30,2026-09-03 05:05:00,27.3,29.8,22.4,0,0,0,147,0,0,0,2,0,628.4,75,0,0,27.3,67,29.1,20.6
2026-09-03T05:00:00+05:30,2026-09-03 05:00:00,27.3,29.8,22.4,0,0,0,147,0,0,0,2,0,628.4,75,0,0,27.3,67,29.1,20.6
2026-09-03T04:55:00+05:30,2026-09-03 04:55:00,27.3,29.8,22.4,0,0,0,147,0,0,0,2,0,628.4,75,0,0,27.4,67,29.2,20.7
2026-09-03T04:51:00+05:30,2026-09-03 04:51:00,27.3,29.8,22.4,0,0,0,147,0,0,0,2,0,628.4,75,0,0,27.4,67,29.2,20.7
2026-09-03T04:45:00+05:30,2026-09-03 04:45:00,27.3,29.8,22.4,0,0,0,147,0,0,0,2,0,628.4,75,0,0,27.4,67,29.2,20.7
2026-09-03T04:40:00+05:30,2026-09-03 04:40:00,27.3,29.8,22.4,0,0,0,147,0,0,0,2,0,628.4,75,0,0,27.4,67,29.2,20.7
2026-09-03T04:35:00+05:30,2026-09-03 04:35:00,27.3,29.8,22.4,0,0,0,147,0,0,0,2,0,628.4,75,0,0,27.4,67,29.2,20.7
2026-09-03T04:30:00+05:30,2026-09-03 04:30:00,27.3,29.8,22.4,0,0,0,147,0,0,0,2,0,628.4,75,0,0,27.4,67,29.2,20.7
2026-09-03T04:25:00+05:30,2026-09-03 04:25:00,27.3,29.8,22.4,0,0,0,147,0,0,0,2,0,628.4,75,0,0,27.4,67,29.2,20.7
2026-09-03T04:20:00+05:30,2026-09-03 04:20:00,27.3,29.8,22.4,0,0,0,147,0,0,0,2,0,628.4,75,0,0,27.4,67,29.2,20.7
2026-09-03T04:15:00+05:30,2026-09-03 04:15:00,27.3,29.8,22.4,0,0,0,147,0,0,0,2,0,628.4,75,0,0,27.4,67,29.2,20.7
2026-09-03T04:10:00+05:30,2026-09-03 04:10:00,27.3,29.8,22.4,0,0,0,147,0,0,0,2,0,628.4,75,0,0,27.4,67,29.2,20.7
2026-09-03T04:05:00+05:30,2026-09-03 04:05:00,27.3,29.8,22.4,0,0,0,147,0,0,0,2,0,628.4,75,0,0,27.4,67,29.2,20.7
2026-09-03T04:00:00+05:30,2026-09-03 04:00:00,27.3,29.8,22.4,0,0,0,147,0,0,0,2,0,628.4,75,0,0,27.4,67,29.2,20.7
2026-09-03T03:55:00+05:30,2026-09-03 03:55:00,27.4,30.1,22.6,0,0,0,147,0,0,0,2,0,628.4,75,0,0,27.4,67,29.2,20.7
2026-09-03T03:50:00+05:30,2026-09-03 03:50:00,27.4,30.1,22.6,0,0,0,147,0,0,0,2,0,628.4,75,0,0,27.4,66,29.1,20.4
2026-09-03T03:45:00+05:30,2026-09-03 03:45:00,27.4,30.1,22.6,0,0,0,147,0,0,0,2,0,628.4,75,0,0,27.4,66,29.1,20.4
2026-09-03T03:40:00+05:30,2026-09-03 03:40:00,27.3,29.8,22.4,0,0,0,147,0,0,0,2,0,628.4,75,0,0,27.4,66,29.1,20.4
2026-09-03T03:35:00+05:30,2026-09-03 03:35:00,27.4,29.9,22.3,0,0,0,147,0,0,0,2,0,628.4,74,0,0,27.5,66,29.3,20.6
2026-09-03T03:30:00+05:30,2026-09-03 03:30:00,27.4,29.9,22.3,0,0,0,147,0,0,0,2,0,628.4,74,0,0,27.5,66,29.3,20.6
2026-09-03T03:25:00+05:30,2026-09-03 03:25:00,27.4,29.9,22.3,0,0,0,147,0,0,0,2,0,628.4,74,0,0,27.5,66,29.3,20.6
2026-09-03T03:20:00+05:30,2026-09-03 03:20:00,27.4,29.9,22.3,0,0,0,147,0,0,0,2,0,628.4,74,0,0,27.5,66,29.3,20.6
2026-09-03T03:15:00+05:30,2026-09-03 03:15:00,27.4,29.9,22.3,0,0,0,147,0,0,0,2,0,628.4,74,0,0,27.5,66,29.3,20.6
2026-09-03T03:10:00+05:30,2026-09-03 03:10:00,27.4,29.9,22.3,0,0,0,147,0,0,0,2,0,628.4,74,0,0,27.5,66,29.3,20.6
2026-09-03T03:05:00+05:30,2026-09-03 03:05:00,27.4,29.9,22.3,0,0,0,147,0,0,0,2,0,628.4,74,0,0,27.6,66,29.5,20.7
2026-09-03T03:00:00+05:30,2026-09-03 03:00:00,27.5,30.2,22.4,0,0,0,147,0,0,0,2,0,628.4,74,0,0,27.6,66,29.5,20.7
2026-09-03T02:55:00+05:30,2026-09-03 02:55:00,27.5,30.2,22.4,0,0,0,147,0,0,0,2,0,628.4,74,0,0,27.6,66,29.5,20.7
2026-09-03T02:50:00+05:30,2026-09-03 02:50:00,27.5,30.2,22.4,0,0,0,147,0,0,0,2,0,628.4,74,0,0,27.6,66,29.5,20.7
2026-09-03T02:45:00+05:30,2026-09-03 02:45:00,27.5,30.2,22.4,0,0,0,147,0,0,0,2,0,628.4,74,0,0,27.7,66,29.7,20.8
2026-09-03T02:40:00+05:30,2026-09-03 02:40:00,27.5,30.2,22.4,0,0,0,147,0,0,0,2,0,628.4,74,0,0,27.7,66,29.7,20.8
2026-09-03T02:35:00+05:30,2026-09-03 02:35:00,27.6,30.4,22.5,0,0,0,147,0,0,0,2,0,628.4,74,0,0,27.7,66,29.7,20.8
2026-09-03T02:30:00+05:30,2026-09-03 02:30:00,27.6,30.4,22.5,0,0,0,147,0,0,0,2,0,628.4,74,0,0,27.7,66,29.7,20.8
2026-09-03T02:26:00+05:30,2026-09-03 02:26:00,27.6,30.4,22.5,0,0,0,147,0,0,0,2,0,628.4,74,0,0,27.8,66,29.8,20.8
2026-09-03T02:20:00+05:30,2026-09-03 02:20:00,27.6,30.4,22.5,0,0,0,147,0,0,0,2,0,628.4,74,0,0,27.8,66,29.8,20.8
2026-09-03T02:15:00+05:30,2026-09-03 02:15:00,27.6,30.4,22.5,0,0,0,147,0,0,0,2,0,628.4,74,0,0,27.8,66,29.8,20.8
2026-09-03T02:10:00+05:30,2026-09-03 02:10:00,27.7,30.6,22.7,0,0,0,147,0,0,0,2,0,628.4,74,0,0,27.9,66,29.9,20.9
2026-09-03T02:05:00+05:30,2026-09-03 02:05:00,27.7,30.6,22.7,0,0,0,147,0,0,0,2,0,628.4,74,0,0,27.9,66,29.9,20.9
2026-09-03T02:00:00+05:30,2026-09-03 02:00:00,27.7,30.6,22.7,0,0,0,147,0,0,0,2,0,628.4,74,0,0,27.9,66,29.9,20.9
2026-09-03T01:55:00+05:30,2026-09-03 01:55:00,27.7,30.6,22.7,0,0,0,147,0,0,0,2,0,628.4,74,0,0,27.9,66,29.9,20.9
2026-09-03T01:50:00+05:30,2026-09-03 01:50:00,27.7,30.6,22.7,0,0,0,147,0,0,0,2,0,628.4,74,0,0,27.9,66,29.9,20.9
2026-09-03T01:45:00+05:30,2026-09-03 01:45:00,27.8,30.7,22.7,0,0,0,147,0,0,0,2,0,628.4,74,0,0,27.9,66,29.9,20.9
2026-09-03T01:40:00+05:30,2026-09-03 01:40:00,27.8,30.7,22.7,0,0,0,147,0,0,0,2,0,628.4,74,0,0,27.9,66,29.9,20.9
2026-09-03T01:35:00+05:30,2026-09-03 01:35:00,27.8,30.7,22.7,0,0,0,147,0,0,0,2,0,628.4,74,0,0,28,66,30.2,21.1
2026-09-03T01:30:00+05:30,2026-09-03 01:30:00,27.8,30.7,22.7,0,0,0,147,0,0,0,2,0,628.4,74,0,0,28,66,30.2,21.1
2026-09-03T01:25:00+05:30,2026-09-03 01:25:00,27.8,30.7,22.7,0,0,0,147,0,0,0,2,0,628.4,74,0,0,28,66,30.2,21.1
2026-09-03T01:21:00+05:30,2026-09-03 01:21:00,27.9,31,22.8,0,0,0,147,0,0,0,2,0,628.4,74,0,0,28.1,66,30.3,21.2
2026-09-03T01:15:00+05:30,2026-09-03 01:15:00,27.9,31,22.8,0,0,0,147,0,0,0,2,0,628.4,74,0,0,28.1,66,30.3,21.2
2026-09-03T01:10:00+05:30,2026-09-03 01:10:00,27.9,31,22.8,0,0,0,147,0,0,0,2,0,628.4,74,0,0,28.1,66,30.3,21.2
2026-09-03T01:05:00+05:30,2026-09-03 01:05:00,28,31.2,22.9,0,0,0,147,0,0,0,2,0,628.4,74,0,0,28.1,66,30.3,21.2
2026-09-03T01:00:00+05:30,2026-09-03 01:00:00,28,31.2,22.9,0,0,0,147,0,0,0,2,0,628.4,74,0,0,28.2,66,30.6,21.3
2026-09-03T00:55:00+05:30,2026-09-03 00:55:00,28,31.2,22.9,0,0,0,147,0,0,0,2,0,628.4,74,0,0,28.2,66,30.6,21.3
2026-09-03T00:50:00+05:30,2026-09-03 00:50:00,28,31.2,22.9,0,0,0,147,0,0,0,2,0,628.4,74,0,0,28.2,66,30.6,21.3
2026-09-03T00:45:00+05:30,2026-09-03 00:45:00,28,31.4,23.1,0,0,0,147,0,0,0,2,0,628.4,75,0,0,28.2,66,30.6,21.3
2026-09-03T00:40:00+05:30,2026-09-03 00:40:00,28.1,31.6,23.3,0,0,0,147,0,0,0,2,0,628.4,75,0,0,28.3,66,30.7,21.3
2026-09-03T00:35:00+05:30,2026-09-03 00:35:00,28.1,31.6,23.3,0,0,0,147,0,0,0,2,0,628.4,75,0,0,28.3,66,30.7,21.3
2026-09-03T00:30:00+05:30,2026-09-03 00:30:00,28.1,31.6,23.3,0,0,0,147,0,0,0,2,0,628.4,75,0,0,28.4,66,30.8,21.4
2026-09-03T00:25:00+05:30,2026-09-03 00:25:00,28.1,31.6,23.3,0,0,0,147,0,0,0,2,0,628.4,75,0,0,28.4,66,30.8,21.4
2026-09-03T00:20:00+05:30,2026-09-03 00:20:00,28.1,31.6,23.3,0,0,0,147,0,0,0,2,0,628.4,75,0,0,28.4,66,30.8,21.4
2026-09-03T00:16:00+05:30,2026-09-03 00:16:00,28.2,31.9,23.4,0,0,0,147,0,0,0,2,0,628.4,75,0,0,28.4,66,30.8,21.4
2026-09-03T00:10:00+05:30,2026-09-03 00:10:00,28.2,31.9,23.4,0,0,0,147,0,0,0,2,0,628.4,75,0,0,28.5,66,31.1,21.5
2026-09-03T00:05:00+05:30,2026-09-03 00:05:00,28.3,32,23.4,0,0,0,147,0,0,0,2,0,628.4,75,0,0,28.5,66,31.1,21.5
2026-09-03T00:00:00+05:30,2026-09-03 00:00:00,28.3,32,23.4,0,0,0,148,0,0,0,2,0,628.4,75,0,0,28.5,66,31.1,21.5
2026-09-02T23:55:00+05:30,2026-09-02 23:55:00,28.4,32.2,23.5,0,0,0,147,0,0,0,2,0,628.4,75,0,0,28.6,66,31.3,21.6
2026-09-02T23:50:00+05:30,2026-09-02 23:50:00,28.4,32.2,23.5,0,0,0,147,0,0,0,2,0,628.4,75,0,0,28.6,66,31.3,21.6
2026-09-02T23:45:00+05:30,2026-09-02 23:45:00,28.5,32.5,23.6,0,0,0,147,0,0,0,2,0,628.4,75,0,0,28.6,66,31.3,21.6
2026-09-02T23:40:00+05:30,2026-09-02 23:40:00,28.5,32.5,23.6,0,0,0,147,0,0,0,2,0,628.4,75,0,0,28.6,66,31.3,21.6
2026-09-02T23:35:00+05:30,2026-09-02 23:35:00,28.5,32.5,23.6,0,0,0,147,0,0,0,2,0,628.4,75,0,0,28.6,66,31.3,21.6
2026-09-02T23:30:00+05:30,2026-09-02 23:30:00,28.5,32.5,23.6,0,0,0,147,0,0,0,2,0,628.4,75,0,0,28.7,66,31.4,21.7
2026-09-02T23:25:00+05:30,2026-09-02 23:25:00,28.6,32.8,23.7,0,0,0,147,0,0,0,2,0,628.4,75,0,0,28.7,66,31.4,21.7
2026-09-02T23:20:00+05:30,2026-09-02 23:20:00,28.6,32.8,23.7,0,0,0,147,0,0,0,2,0,628.4,75,0,0,28.7,66,31.4,21.7
2026-09-02T23:15:00+05:30,2026-09-02 23:15:00,28.6,32.8,23.7,0,0,0,147,0,0,0,2,0,628.4,75,0,0,28.7,66,31.4,21.7
2026-09-02T23:10:00+05:30,2026-09-02 23:10:00,28.6,32.8,23.7,0,0,0,147,0,0,0,2,0,628.4,75,0,0,28.8,66,31.6,21.8
2026-09-02T23:05:00+05:30,2026-09-02 23:05:00,28.6,32.8,23.7,0,0,0,147,0,0,0,2,0,628.4,75,0,0,28.8,66,31.6,21.8
2026-09-02T23:00:00+05:30,2026-09-02 23:00:00,28.7,33,23.8,0,0,0,147,0,0,0,2,0,628.4,75,0,0,28.8,66,31.6,21.8
2026-09-02T22:56:00+05:30,2026-09-02 22:56:00,28.7,33,23.8,0,0,0,147,0,0,0,2,0,628.4,75,0,0,28.8,66,31.6,21.8
2026-09-02T22:50:00+05:30,2026-09-02 22:50:00,28.7,33,23.8,0,0,0,147,0,0,0,2,0,628.4,75,0,0,28.9,66,31.8,21.9
2026-09-02T22:45:00+05:30,2026-09-02 22:45:00,28.7,33,23.8,0,0,0,147,0,0,0,2,0,628.4,75,0,0,28.9,66,31.8,21.9
2026-09-02T22:40:00+05:30,2026-09-02 22:40:00,28.7,33,23.8,0,0,0,147,0,0,0,2,0,628.4,75,0,0,28.9,66,31.8,21.9
2026-09-02T22:35:00+05:30,2026-09-02 22:35:00,28.8,33.2,23.9,0,0,0,147,0,0,0,2,0,628.4,75,0,0,29,66,32,22
2026-09-02T22:30:00+05:30,2026-09-02 22:30:00,28.8,33.2,23.9,0,0,0,147,0,0,0,2,0,628.4,75,0,0,29,66,32,22
2026-09-02T22:25:00+05:30,2026-09-02 22:25:00,28.8,33.2,23.9,0,0,0,147,0,0,0,2,0,628.4,75,0,0,29,66,32,22
2026-09-02T22:20:00+05:30,2026-09-02 22:20:00,28.8,33,23.7,0,0,0,147,0,0,0,2,0,628.4,74,0,0,29,65,31.8,21.7
2026-09-02T22:15:00+05:30,2026-09-02 22:15:00,28.8,33,23.7,0,0,0,147,0,0,0,2,0,628.4,74,0,0,29,65,31.8,21.7
2026-09-02T22:10:00+05:30,2026-09-02 22:10:00,28.8,33,23.7,0,0,0,147,0,0,0,2,0,628.4,74,0,0,29.1,65,32.1,21.8
2026-09-02T22:05:00+05:30,2026-09-02 22:05:00,28.9,33.2,23.8,0,0,0,147,0,0,0,2,0,628.4,74,0,0,29.1,65,32.1,21.8
2026-09-02T22:00:00+05:30,2026-09-02 22:00:00,28.9,33.2,23.8,0,0,0,147,0,0,0,2,0,628.4,74,0,0,29.1,65,32.1,21.8
2026-09-02T21:55:00+05:30,2026-09-02 21:55:00,28.9,33.2,23.8,0,0,0,147,0,0,0,2,0,628.4,74,0,0,29.2,65,32.3,21.9
2026-09-02T21:51:00+05:30,2026-09-02 21:51:00,28.9,33.2,23.8,0,0,0,147,0,0,0,2,0,628.4,74,0,0,29.2,65,32.3,21.9
2026-09-02T21:45:00+05:30,2026-09-02 21:45:00,29,33.5,23.9,0,0,0,147,0,0,0,2,0,628.4,74,0,0,29.2,65,32.3,21.9
2026-09-02T21:40:00+05:30,2026-09-02 21:40:00,29,33.5,23.9,0,0,0,147,0,0,0,2,0,628.4,74,0,0,29.2,65,32.3,21.9
2026-09-02T21:35:00+05:30,2026-09-02 21:35:00,29,33.5,23.9,0,0,0,147,0,0,0,2,0,628.4,74,0,0,29.3,65,32.4,22
2026-09-02T21:30:00+05:30,2026-09-02 21:30:00,29.1,33.8,24,0,0,0,147,0,0,0,2,0,628.4,74,0,0,29.3,65,32.4,22
2026-09-02T21:25:00+05:30,2026-09-02 21:25:00,29.1,33.8,24,0,0,0,147,0,0,0,2,0,628.4,74,0,0,29.4,65,32.6,22.1
2026-09-02T21:20:00+05:30,2026-09-02 21:20:00,29.2,34,24.1,0,0,0,147,0,0,0,2,0,628.4,74,0,0,29.4,65,32.6,22.1
2026-09-02T21:15:00+05:30,2026-09-02 21:15:00,29.2,34,24.1,0,0,0,147,0,0,0,2,0,628.4,74,0,0,29.4,65,32.6,22.1
2026-09-02T21:10:00+05:30,2026-09-02 21:10:00,29.3,34,23.9,0,0,0,147,0,0,0,2,0,628.4,73,0,0,29.5,65,32.8,22.2
2026-09-02T21:05:00+05:30,2026-09-02 21:05:00,29.3,34,23.9,0,0,0,147,0,0,0,2,0,628.4,73,0,0,29.5,65,32.8,22.2
2026-09-02T21:00:00+05:30,2026-09-02 21:00:00,29.4,34.2,24,0,0,0,148,0,0,0,2,0,628.4,73,0,0,29.6,64,32.9,22.1
2026-09-02T20:55:00+05:30,2026-09-02 20:55:00,29.4,34.2,24,0,0,0,148,0,0,0,2,0,628.4,73,0,0,29.6,64,32.9,22.1
2026-09-02T20:50:00+05:30,2026-09-02 20:50:00,29.4,34.2,24,0,0,0,148,0,0,0,2,0,628.4,73,0,0,29.6,64,32.9,22.1
2026-09-02T20:46:00+05:30,2026-09-02 20:46:00,29.5,34.5,24.1,0,0,0,148,0,0,0,2,0,628.4,73,0,0,29.7,64,33.1,22.2
2026-09-02T20:40:00+05:30,2026-09-02 20:40:00,29.5,34.5,24.1,0,0,0,148,0,0,0,2,0,628.4,73,0,0,29.7,64,33.1,22.2
2026-09-02T20:35:00+05:30,2026-09-02 20:35:00,29.6,34.8,24.2,0,0,0,148,0,0,0,2,0,628.4,73,0,0,29.7,64,33.1,22.2
2026-09-02T20:30:00+05:30,2026-09-02 20:30:00,29.6,34.6,24,0,0,0,148,0,0,0,2,0,628.4,72,0,0,29.8,64,33.2,22.2
2026-09-02T20:25:00+05:30,2026-09-02 20:25:00,29.7,34.8,24.1,0,0,0,148,0,0,0,2,0,628.4,72,0,0,29.8,64,33.2,22.2
2026-09-02T20:20:00+05:30,2026-09-02 20:20:00,29.7,34.8,24.1,0,0,0,148,0,0,0,2,0,628.4,72,0,0,29.9,64,33.4,22.3
2026-09-02T20:15:00+05:30,2026-09-02 20:15:00,29.8,35,24.2,0,0,0,148,0,0,0,2,0,628.4,72,0,0,29.9,64,33.4,22.3
2026-09-02T20:10:00+05:30,2026-09-02 20:10:00,29.8,35,24.2,0,0,0,148,0,0,0,2,0,628.4,72,0,0,29.9,64,33.4,22.3
2026-09-02T20:05:00+05:30,2026-09-02 20:05:00,29.8,35,24.2,0,0,0,148,0,0,0,2,0,628.4,72,0,0,30,64,33.7,22.4
2026-09-02T20:00:00+05:30,2026-09-02 20:00:00,29.9,35.2,24.3,0,0,0,148,0,0,0,2,0,628.4,72,0,0,30,63,33.4,22.2
2026-09-02T19:55:00+05:30,2026-09-02 19:55:00,29.9,35.2,24.3,0,0,0,148,0,0,0,2,0,628.4,72,0,0,30,63,33.4,22.2
2026-09-02T19:50:00+05:30,2026-09-02 19:50:00,30,35.3,24.2,0,0,0,148,0,0,0,2,0,628.4,71,0,0,30,63,33.4,22.2
2026-09-02T19:45:00+05:30,2026-09-02 19:45:00,30,35.3,24.2,0,0,0,148,0,0,0,2,0,628.4,71,0,0,30.1,63,33.7,22.3
2026-09-02T19:40:00+05:30,2026-09-02 19:40:00,30.1,35.6,24.3,0,0,0,148,0,0,0,2,0,628.4,71,0,0,30.1,63,33.7,22.3
2026-09-02T19:35:00+05:30,2026-09-02 19:35:00,30.1,35.6,24.3,0,0,0,148,0,0,0,2,0,628.4,71,0,0,30.1,63,33.7,22.3
2026-09-02T19:30:00+05:30,2026-09-02 19:30:00,30.2,35.6,24.1,0,0,0,148,0,0,0,2,0,628.4,70,0,0,30.2,63,33.9,22.4
2026-09-02T19:25:00+05:30,2026-09-02 19:25:00,30.2,35.6,24.1,0,0,0,148,0,0,0,2,0,628.4,70,0,0,30.2,63,33.9,22.4
2026-09-02T19:20:00+05:30,2026-09-02 19:20:00,30.3,35.7,24.2,0,0,0,148,0,0,0,2,0,628.4,70,0,0,30.2,63,33.9,22.4
2026-09-02T19:15:00+05:30,2026-09-02 19:15:00,30.3,35.7,24.2,0,0,0,148,0,0,0,2,0,628.4,70,0,0,30.3,62,33.8,22.2
2026-09-02T19:10:00+05:30,2026-09-02 19:10:00,30.4,35.7,24,0,0,0,148,0,0,0,2,0,628.4,69,0,0,30.3,62,33.8,22.2
2026-09-02T19:05:00+05:30,2026-09-02 19:05:00,30.4,35.7,24,0,0,0,148,0,0,0,2,0,628.4,69,0,0,30.3,62,33.8,22.2
2026-09-02T19:00:00+05:30,2026-09-02 19:00:00,30.5,36,24.2,0,0,0,148,0,0,0,2,0,628.4,69,0,0,30.4,62,34.1,22.3
2026-09-02T18:55:00+05:30,2026-09-02 18:55:00,30.5,35.8,23.9,0,0,0,148,0,0,0,2,0,628.4,68,0,0,30.4,62,34.1,22.3
2026-09-02T18:50:00+05:30,2026-09-02 18:50:00,30.5,35.8,23.9,0,0,0,148,0,0,0,2,0,628.4,68,0,0,30.4,62,34.1,22.3
2026-09-02T18:45:00+05:30,2026-09-02 18:45:00,30.6,36,24,0,0,0,148,0,0,0,2,0,628.4,68,0,0,30.5,62,34.3,22.4
2026-09-02T18:40:00+05:30,2026-09-02 18:40:00,30.7,36.3,24.1,0,0,0,148,0,0,0,2,0,628.4,68,0,0,30.5,61,34.1,22.1
2026-09-02T18:35:00+05:30,2026-09-02 18:35:00,30.7,36,23.9,0,0,0,148,0,0,0,2,0,628.4,67,0,0,30.5,61,34.1,22.1
2026-09-02T18:30:00+05:30,2026-09-02 18:30:00,30.8,36.2,23.9,0,0,0,148,0,0,0,2,0,628.4,67,0,0,30.6,61,34.3,22.2
2026-09-02T18:25:00+05:30,2026-09-02 18:25:00,30.8,36.2,23.9,0,0,0,148,0,0,0,2,0,628.4,67,0,0,30.6,61,34.3,22.2
2026-09-02T18:21:00+05:30,2026-09-02 18:21:00,30.9,36.4,24,0,0,0,148,0,0,0,2,0,628.4,67,0,0,30.6,61,34.3,22.2
2026-09-02T18:15:00+05:30,2026-09-02 18:15:00,30.9,36.2,23.8,0,0,0,148,0,0,0,2,0,628.4,66,0,0,30.6,61,34.3,22.2
2026-09-02T18:10:00+05:30,2026-09-02 18:10:00,31,36.4,23.9,0,0,0,148,0,0,0,2,0,628.4,66,0,0,30.7,61,34.5,22.3
2026-09-02T18:05:00+05:30,2026-09-02 18:05:00,31,36.4,23.9,0,0,0,148,0,0,0,2,0,628.4,66,0,0,30.7,61,34.5,22.3
2026-09-02T18:00:00+05:30,2026-09-02 18:00:00,31.1,36.7,24,0,0,0,148,0,0,0,2,0,628.4,66,0,0,30.7,61,34.5,22.3
2026-09-02T17:55:00+05:30,2026-09-02 17:55:00,31.1,36.7,24,0,0,0,148,0,0,0,2,0,628.4,66,0,0,30.8,61,34.6,22.4
2026-09-02T17:50:00+05:30,2026-09-02 17:50:00,31.2,37,24.1,0,0,0,148,0,0,0,2,0,628.4,66,0,0,30.8,61,34.6,22.4
2026-09-02T17:45:00+05:30,2026-09-02 17:45:00,31.2,37,24.1,0,0,0,148,0,0,0,2,0,628.4,66,0,0,30.8,61,34.6,22.4
2026-09-02T17:40:00+05:30,2026-09-02 17:40:00,31.3,37.1,24.1,0,0,0,148,0,0,0,2,0,628.4,66,0,0,30.9,61,34.8,22.5
2026-09-02T17:35:00+05:30,2026-09-02 17:35:00,31.3,36.8,23.9,0,0,0,148,0,0,0,2,0,628.4,65,0,0,31,60,34.8,22.3
2026-09-02T17:30:00+05:30,2026-09-02 17:30:00,31.3,36.8,23.9,0,0,0,148,0,0,0,2,0,628.4,65,0,0,31,60,34.8,22.3
2026-09-02T17:28:00+05:30,2026-09-02 17:28:00,31.4,37.1,24,0,0,0,148,0,0,0,2,0,628.4,65,0,0,31,60,34.8,22.3
2026-09-02T17:20:00+05:30,2026-09-02 17:20:00,31.4,37.4,24.3,0,0,0,148,0,0,0,2,0,628.4,66,0,0.1,31.1,61,35.3,22.7
2026-09-02T17:15:00+05:30,2026-09-02 17:15:00,31.4,37.4,24.3,0,0,0,148,0,0,0,2,0,628.4,66,0,0.1,31.2,61,35.6,22.8
2026-09-02T17:11:00+05:30,2026-09-02 17:11:00,31.4,37.7,24.5,0,0,0,148,0,0,0,2,0,628.4,67,0,0.1,31.2,61,35.6,22.8
2026-09-02T17:05:00+05:30,2026-09-02 17:05:00,31.3,37.4,24.4,0,0,0,148,0,0,0,2,0,628.4,67,0,0.2,31.2,61,35.6,22.8
2026-09-02T17:00:00+05:30,2026-09-02 17:00:00,31.3,37.4,24.4,0,0,0,148,0,0,0,2,0,628.4,67,0,0.1,31.2,61,35.6,22.8
2026-09-02T16:55:00+05:30,2026-09-02 16:55:00,31.3,37.4,24.4,0,0,0,148,0,0,0,2,0,628.4,67,0,1,31.2,61,35.6,22.8
2026-09-02T16:50:00+05:30,2026-09-02 16:50:00,31.3,37.4,24.4,0,0,0,147,0,0,0,2,0,628.4,67,0,0.2,31.3,61,35.7,22.8
2026-09-02T16:45:00+05:30,2026-09-02 16:45:00,31.4,37.7,24.5,0,0,0,147,0,0,0,2,0,628.4,67,0,0.7,31.3,61,35.7,22.8
2026-09-02T16:40:00+05:30,2026-09-02 16:40:00,31.4,37.7,24.5,0,0,0,147,0,0,0,2,0,628.4,67,0,0.6,31.3,61,35.7,22.8
2026-09-02T16:35:00+05:30,2026-09-02 16:35:00,31.4,37.7,24.5,0,0,0,147,0,0,0,2,0,628.4,67,0,0.5,31.3,61,35.7,22.8
2026-09-02T16:30:00+05:30,2026-09-02 16:30:00,31.4,37.7,24.5,0,0,0,147,0,0,0,2,0,628.4,67,0,0.4,31.4,61,35.9,22.9
2026-09-02T16:25:00+05:30,2026-09-02 16:25:00,31.4,37.7,24.5,0,0,0,147,0,0,0,2,0,628.4,67,0,0.3,31.4,61,35.9,22.9
2026-09-02T16:20:00+05:30,2026-09-02 16:20:00,31.5,38,24.6,0,0,0,147,0,0,0,2,0,628.4,67,0,0.3,31.4,61,35.9,22.9
2026-09-02T16:15:00+05:30,2026-09-02 16:15:00,31.5,38,24.6,0,0,0,147,0,0,0,2,0,628.4,67,0,0.3,31.4,61,35.9,22.9
2026-09-02T16:10:00+05:30,2026-09-02 16:10:00,31.5,38,24.6,0,0,0,147,0,0,0,2,0,628.4,67,0,0.3,31.4,61,35.9,22.9
2026-09-02T16:06:00+05:30,2026-09-02 16:06:00,31.5,38,24.6,0,0,0,147,0,0,0,2,0,628.4,67,0,0.3,31.4,61,35.9,22.9
2026-09-02T16:00:00+05:30,2026-09-02 16:00:00,31.4,37.7,24.5,0,0,0,147,0,0,0,2,0,628.4,67,0,0.3,31.4,61,35.9,22.9
2026-09-02T15:55:00+05:30,2026-09-02 15:55:00,31.5,37.7,24.4,0,0,0,147,0,0,0,2,0,628.4,66,0,0.3,31.4,61,35.9,22.9
2026-09-02T15:50:00+05:30,2026-09-02 15:50:00,31.5,37.7,24.4,0,0,0,147,0,0,0,2,0,628.4,66,0,0.3,31.4,61,35.9,22.9
2026-09-02T15:45:00+05:30,2026-09-02 15:45:00,31.6,38,24.5,0,0,0,147,0,0,0,2,0,628.4,66,0,0.3,31.3,61,35.7,22.8
2026-09-02T15:40:00+05:30,2026-09-02 15:40:00,31.6,38,24.5,0,0,0,147,0,0,0,2,0,628.4,66,0,0.3,31.3,61,35.7,22.8
2026-09-02T15:35:00+05:30,2026-09-02 15:35:00,31.6,38,24.5,0,0,0,147,0,0,0,2,0,628.4,66,0,0.4,31.3,61,35.7,22.8
2026-09-02T15:30:00+05:30,2026-09-02 15:30:00,31.6,37.7,24.2,0,0,0,147,0,0,0,2,0,628.4,65,0,0.5,31.3,61,35.7,22.8
2026-09-02T15:25:00+05:30,2026-09-02 15:25:00,31.6,37.7,24.2,0,0,0,147,0,0,0,2,0,628.4,65,0,0.7,31.2,61,35.6,22.8
2026-09-02T15:20:00+05:30,2026-09-02 15:20:00,31.6,37.7,24.2,0,0,0,147,0,0,0,2,0,628.4,65,0,0.8,31.2,61,35.6,22.8
2026-09-02T15:15:00+05:30,2026-09-02 15:15:00,31.6,37.7,24.2,0,0,0,146,0,0,0,2,0,628.4,65,0,0.8,31.2,61,35.6,22.8
2026-09-02T15:10:00+05:30,2026-09-02 15:10:00,31.6,37.7,24.2,0,0,0,147,0,0,0,2,0,628.4,65,0,0.8,31.2,61,35.6,22.8
2026-09-02T15:05:00+05:30,2026-09-02 15:05:00,31.5,37.4,24.1,0,0,0,147,0,0,0,2,0,628.4,65,0,0.8,31.1,61,35.3,22.7
2026-09-02T15:01:00+05:30,2026-09-02 15:01:00,31.5,37.4,24.1,0,0,0,147,0,0,0,2,0,628.4,65,0,0.8,31.1,60,35.1,22.4
2026-09-02T14:55:00+05:30,2026-09-02 14:55:00,31.4,37.1,24,0,0,0,147,0,0,0,2,0,628.4,65,0,0.8,31,61,35.1,22.6
2026-09-02T14:50:00+05:30,2026-09-02 14:50:00,31.4,37.1,24,0,0,0,147,0,0,0,2,0,628.4,65,0,0.8,31,61,35.1,22.6
2026-09-02T14:45:00+05:30,2026-09-02 14:45:00,31.3,37.1,24.1,0,0,0,147,0,0,0,2,0,628.4,66,0,0.7,31,61,35.1,22.6
2026-09-02T14:40:00+05:30,2026-09-02 14:40:00,31.3,37.1,24.1,0,0,0,147,0,0,0,2,0,628.4,66,0,0.8,30.9,61,34.8,22.5
2026-09-02T14:35:00+05:30,2026-09-02 14:35:00,31.2,37,24.1,0,0,0,147,0,0,0,2,0,628.4,66,0,0.4,30.9,61,34.8,22.5
2026-09-02T14:30:00+05:30,2026-09-02 14:30:00,31.2,37.3,24.3,0,0,0,147,0,0,0,2,0,628.4,67,0,0.7,30.9,62,35.1,22.7
2026-09-02T14:25:00+05:30,2026-09-02 14:25:00,31.1,37,24.2,0,0,0,146,0,0,0,2,0,628.4,67,0,0.7,30.8,62,34.9,22.6
2026-09-02T14:20:00+05:30,2026-09-02 14:20:00,31.1,37,24.2,0,0,0,147,0,0,0,2,0,628.4,67,0,0.7,30.8,62,34.9,22.6
2026-09-02T14:15:00+05:30,2026-09-02 14:15:00,31,36.7,24.1,0,0,0,149,0,0,0,2,0,628.4,67,0,0.3,30.7,62,34.7,22.6
2026-09-02T14:10:00+05:30,2026-09-02 14:10:00,31,36.7,24.1,0,0,0,147,0,0,0,2,0,628.4,67,0,0.8,30.7,62,34.7,22.6
2026-09-02T14:05:00+05:30,2026-09-02 14:05:00,30.9,36.4,24,0,0,0,147,0,0,0,2,0,628.4,67,0,0.8,30.6,62,34.5,22.5
2026-09-02T14:00:00+05:30,2026-09-02 14:00:00,30.9,36.2,23.8,0,0,0,147,0,0,0,2,0,628.4,66,0,0.7,30.6,62,34.5,22.5
2026-09-02T13:55:00+05:30,2026-09-02 13:55:00,30.8,35.9,23.7,0,0,0,147,0,0,0,2,0,628.4,66,0,0.7,30.5,62,34.3,22.4
2026-09-02T13:50:00+05:30,2026-09-02 13:50:00,30.8,35.9,23.7,0,0,0,146,0,0,0,2,0,628.4,66,0,0.3,30.6,62,34.5,22.5
2026-09-02T13:45:00+05:30,2026-09-02 13:45:00,30.8,36.2,23.9,0,0,0,146,0,0,0,2,0,628.4,67,0,0.3,30.5,62,34.3,22.4
2026-09-02T13:41:00+05:30,2026-09-02 13:41:00,30.8,36.2,23.9,0,0,0,147,0,0,0,2,0,628.4,67,0,0.4,30.5,62,34.3,22.4
2026-09-02T13:35:00+05:30,2026-09-02 13:35:00,30.7,36.3,24.1,0,0,0,147,0,0,0,2,0,628.4,68,0,0.4,30.5,63,34.5,22.7
2026-09-02T13:30:00+05:30,2026-09-02 13:30:00,30.7,36.3,24.1,0,0,0,145,0,0,0,2,0,628.4,68,0,0.4,30.5,63,34.5,22.7
2026-09-02T13:25:00+05:30,2026-09-02 13:25:00,30.6,36.3,24.3,0,0,0,146,0,0,0,2,0,628.4,69,0,0.7,30.4,63,34.3,22.6
2026-09-02T13:20:00+05:30,2026-09-02 13:20:00,30.6,36.3,24.3,0,0,0,147,0,0,0,2,0,628.4,69,0,0.5,30.4,63,34.3,22.6
2026-09-02T13:15:00+05:30,2026-09-02 13:15:00,30.5,35.5,23.7,0,0,0,147,0,0,0,2,0,628.4,67,0,0.6,30.3,63,34.1,22.4
2026-09-02T13:10:00+05:30,2026-09-02 13:10:00,30.5,35.8,23.9,0,0,0,147,0,0,0,2,0,628.4,68,0,0.6,30.2,63,33.9,22.4
2026-09-02T13:05:00+05:30,2026-09-02 13:05:00,30.5,35.8,23.9,0,0,0,147,0,0,0,2,0,628.4,68,0,0.7,30.2,63,33.9,22.4
2026-09-02T13:00:00+05:30,2026-09-02 13:00:00,30.4,35.7,24,0,0,0,145,0,0,0,2,0,628.4,69,0,0.4,30.1,64,33.9,22.6
2026-09-02T12:55:00+05:30,2026-09-02 12:55:00,30.4,35.7,24,0,0,0,147,0,0,0,2,0,628.4,69,0,0.3,30.1,64,33.9,22.6
2026-09-02T12:50:00+05:30,2026-09-02 12:50:00,30.3,35.5,23.9,0,0,0,147,0,0,0,2,0,628.4,69,0,0.7,30,64,33.7,22.4
2026-09-02T12:45:00+05:30,2026-09-02 12:45:00,30.3,35.5,23.9,0,0,0,147,0,0,0,2,0,628.4,69,0,0.8,30,64,33.7,22.4
2026-09-02T12:40:00+05:30,2026-09-02 12:40:00,30.2,35.3,23.9,0,0,0,147,0,0,0,2,0,628.4,69,0,0.3,29.9,64,33.4,22.3
2026-09-02T12:36:00+05:30,2026-09-02 12:36:00,30.2,35.3,23.9,0,0,0,147,0,0,0,2,0,628.4,69,0,0.3,29.9,64,33.4,22.3
2026-09-02T12:30:00+05:30,2026-09-02 12:30:00,30.1,35.1,23.8,0,0,0,146,0,0,0,2,0,628.4,69,0,0.7,29.8,64,33.2,22.2
2026-09-02T12:25:00+05:30,2026-09-02 12:25:00,30,34.8,23.7,0,0,0,145,0,0,0,2,0,628.4,69,0,0.4,29.7,64,33.1,22.2
2026-09-02T12:20:00+05:30,2026-09-02 12:20:00,29.9,34.8,23.8,0,0,0,147,0,0,0,2,0,628.4,70,0,0.7,29.6,65,33.1,22.3
2026-09-02T12:15:00+05:30,2026-09-02 12:15:00,29.9,34.8,23.8,0,0,0,147,0,0,0,2,0,628.4,70,0,0.7,29.5,65,32.8,22.2
2026-09-02T12:10:00+05:30,2026-09-02 12:10:00,29.8,34.5,23.7,0,0,0,146,0,0,0,2,0,628.4,70,0,0.7,29.4,65,32.6,22.1
2026-09-02T12:05:00+05:30,2026-09-02 12:05:00,29.7,34.1,23.4,0,0,0,147,0,0,0,2,0,628.4,69,0,0.7,29.3,65,32.4,22
2026-09-02T12:00:00+05:30,2026-09-02 12:00:00,29.6,34.1,23.5,0,0,0,147,0,0,0,2,0,628.4,70,0,0.6,29.3,65,32.4,22
2026-09-02T11:55:00+05:30,2026-09-02 11:55:00,29.5,33.9,23.4,0,0,0,146,0,0,0,2,0,628.4,70,0,0.7,29.2,65,32.3,21.9
2026-09-02T11:50:00+05:30,2026-09-02 11:50:00,29.5,33.9,23.4,0,0,0,147,0,0,0,2,0,628.4,70,0,0.6,29.1,66,32.2,22.1
2026-09-02T11:45:00+05:30,2026-09-02 11:45:00,29.4,33.6,23.3,0,0,0,148,0,0,0,2,0,628.4,70,0,0.2,29,66,32,22
2026-09-02T11:40:00+05:30,2026-09-02 11:40:00,29.3,33.5,23.5,0,0,0,147,0,0,0,2,0,628.4,71,0,0.6,29,66,32,22
2026-09-02T11:35:00+05:30,2026-09-02 11:35:00,29.3,33.5,23.5,0,0,0,147,0,0,0,2,0,628.4,71,0,0.6,28.9,66,31.8,21.9
2026-09-02T11:31:00+05:30,2026-09-02 11:31:00,29.2,33.4,23.4,0,0,0,147,0,0,0,2,0,628.4,71,0,0.6,28.8,67,31.7,22
2026-09-02T11:25:00+05:30,2026-09-02 11:25:00,29.1,33.4,23.5,0,0,0,147,0,0,0,2,0,628.4,72,0,0.6,28.8,67,31.7,22
2026-09-02T11:20:00+05:30,2026-09-02 11:20:00,29,33.3,23.7,0,0,0,147,0,0,0,2,0,628.4,73,0,0.6,28.7,68,31.8,22.2
2026-09-02T11:15:00+05:30,2026-09-02 11:15:00,28.9,33.2,23.8,0,0,0,147,0,0,0,2,0,628.4,74,0,0.6,28.6,68,31.6,22.1
2026-09-02T11:10:00+05:30,2026-09-02 11:10:00,28.9,33.2,23.8,0,0,0,147,0,0,0,2,0,628.4,74,0,0.5,28.6,68,31.6,22.1
2026-09-02T11:05:00+05:30,2026-09-02 11:05:00,28.8,33.2,23.9,0,0,0,147,0,0,0,2,0,628.4,75,0,0.7,28.5,68,31.3,22
2026-09-02T11:00:00+05:30,2026-09-02 11:00:00,28.7,33,23.8,0,0,0,147,0,0,0,2,0,628.4,75,0,0.7,28.4,68,31.1,21.9
2026-09-02T10:55:00+05:30,2026-09-02 10:55:00,28.6,32.8,23.7,0,0,0,148,0,0,0,2,0,628.4,75,0,0.5,28.3,68,30.9,21.8
2026-09-02T10:50:00+05:30,2026-09-02 10:50:00,28.5,32.5,23.6,0,0,0,147,0,0,0,2,0,628.4,75,0,0.5,28.3,68,30.9,21.8
2026-09-02T10:45:00+05:30,2026-09-02 10:45:00,28.4,32.2,23.5,0,0,0,147,0,0,0,2,0,628.4,75,0,0.6,28.2,69,30.9,22
2026-09-02T10:40:00+05:30,2026-09-02 10:40:00,28.4,32.2,23.5,0,0,0,147,0,0,0,2,0,628.4,75,0,0.6,28.1,69,30.7,21.9
2026-09-02T10:35:00+05:30,2026-09-02 10:35:00,28.3,32,23.4,0,0,0,147,0,0,0,2,0,628.4,75,0,0.4,28.1,69,30.7,21.9
2026-09-02T10:30:00+05:30,2026-09-02 10:30:00,28.2,31.9,23.4,0,0,0,146,0,0,0,2,0,628.4,75,0,0.5,28,69,30.6,21.8
2026-09-02T10:25:00+05:30,2026-09-02 10:25:00,28.2,31.9,23.4,0,0,0,146,0,0,0,2,0,628.4,75,0,0.5,27.9,69,30.3,21.7
2026-09-02T10:20:00+05:30,2026-09-02 10:20:00,28.1,31.6,23.3,0,0,0,146,0,0,0,2,0,628.4,75,0,0.5,27.9,69,30.3,21.7
2026-09-02T10:15:00+05:30,2026-09-02 10:15:00,28,31.4,23.1,0,0,0,146,0,0,0,2,0,628.4,75,0,0.5,27.9,69,30.3,21.7
2026-09-02T10:10:00+05:30,2026-09-02 10:10:00,28,31.5,23.4,0,0,0,147,0,0,0,2,0,628.4,76,0,0.3,27.8,69,30.1,21.6
2026-09-02T10:05:00+05:30,2026-09-02 10:05:00,28,31.5,23.4,0,0,0,147,0,0,0,2,0,628.4,76,0,0.2,27.8,69,30.1,21.6
2026-09-02T10:04:00+05:30,2026-09-02 10:04:00,28,31.5,23.4,0,0,0,147,0,0,0,2,0,628.4,76,0,0.2,27.8,69,30.1,21.6